{
  "nDCG@1": 0.7021563342318059,
  "nDCG@1_std": 0.4574645741863603,
  "nDCG@1_stderr": 0.011875188653218677,
  "nDCG@1_ci90_low": 0.6826111777833566,
  "nDCG@1_ci90_high": 0.7217014906802552,
  "nDCG@1_ci95_low": 0.6788623808446256,
  "nDCG@1_ci95_high": 0.7254502876189862,
  "nDCG@3": 0.7761996343350954,
  "nDCG@3_std": 0.3720967239996496,
  "nDCG@3_stderr": 0.009659149678638065,
  "nDCG@3_ci90_low": 0.7603018160232322,
  "nDCG@3_ci90_high": 0.7920974526469586,
  "nDCG@3_ci95_low": 0.7572525852443841,
  "nDCG@3_ci95_high": 0.7951466834258067,
  "nDCG@5": 0.7952785050038603,
  "nDCG@5_std": 0.3435979566353158,
  "nDCG@5_stderr": 0.008919358538662736,
  "nDCG@5_ci90_low": 0.7805982954384548,
  "nDCG@5_ci90_high": 0.8099587145692658,
  "nDCG@5_ci95_low": 0.7777826042556356,
  "nDCG@5_ci95_high": 0.812774405752085,
  "nDCG@10": 0.8130794644306856,
  "nDCG@10_std": 0.30960268575244626,
  "nDCG@10_stderr": 0.00803688527661974,
  "nDCG@10_ci90_low": 0.7998517015144985,
  "nDCG@10_ci90_high": 0.8263072273468727,
  "nDCG@10_ci95_low": 0.7973145922691849,
  "nDCG@10_ci95_high": 0.8288443365921863,
  "nDCG@100": 0.8272156400125114,
  "nDCG@100_std": 0.2773849186388527,
  "nDCG@100_stderr": 0.00720055371337277,
  "nDCG@100_ci90_low": 0.815364379964934,
  "nDCG@100_ci90_high": 0.8390669000600887,
  "nDCG@100_ci95_low": 0.81309128650039,
  "nDCG@100_ci95_high": 0.8413399935246327,
  "RR@1": 0.7021563342318059,
  "RR@3": 0.763814016172507,
  "RR@5": 0.7732142857142865,
  "RR@10": 0.7801365357463743,
  "RR@100": 0.783015821224733,
  "P@1": 0.7021563342318059,
  "P@3": 0.2904312668463567,
  "P@5": 0.18463611859837858,
  "P@10": 0.09824797843665528,
  "P@100": 0.010518867924528113,
  "R@1": 0.6817722371967655,
  "R@3": 0.8274932614555256,
  "R@5": 0.8733153638814015,
  "R@10": 0.9277852650494159,
  "R@100": 0.9896675651392631,
  "AP": 0.7773640432703597
}