nDCG@1,nDCG@1_std,nDCG@1_stderr,nDCG@1_ci90_low,nDCG@1_ci90_high,nDCG@1_ci95_low,nDCG@1_ci95_high,nDCG@3,nDCG@3_std,nDCG@3_stderr,nDCG@3_ci90_low,nDCG@3_ci90_high,nDCG@3_ci95_low,nDCG@3_ci95_high,nDCG@5,nDCG@5_std,nDCG@5_stderr,nDCG@5_ci90_low,nDCG@5_ci90_high,nDCG@5_ci95_low,nDCG@5_ci95_high,nDCG@10,nDCG@10_std,nDCG@10_stderr,nDCG@10_ci90_low,nDCG@10_ci90_high,nDCG@10_ci95_low,nDCG@10_ci95_high,nDCG@100,nDCG@100_std,nDCG@100_stderr,nDCG@100_ci90_low,nDCG@100_ci90_high,nDCG@100_ci95_low,nDCG@100_ci95_high,RR@1,RR@3,RR@5,RR@10,RR@100,P@1,P@3,P@5,P@10,P@100,R@1,R@3,R@5,R@10,R@100,AP
0.704177897574124,0.4565652772057831,0.011851844066769293,0.6846711635547998,0.7236846315934481,0.6809297361086112,0.7274260590396368,0.7779193142303977,0.3717821011700079,0.00965098247691922,0.7620349381669065,0.793803690293889,0.7589882856360084,0.7968503428247871,0.7981975323113344,0.3405567143920465,0.008840411823623226,0.7836472597045405,0.8127478049181283,0.7808564906692598,0.815538573953409,0.8152961605293566,0.3080301250765507,0.007996063635450898,0.802135585207946,0.8284567358507672,0.7996113626668286,0.8309809583918846,0.829395827968321,0.2753178615846671,0.007146895585813759,0.8176328828543837,0.8411587730822583,0.8153767283564705,0.8434149275801716,0.704177897574124,0.7650494159928126,0.7756289308176106,0.7822508877764944,0.7851635935881764,0.704177897574124,0.2911051212937961,0.18557951482479357,0.09845013477088707,0.010518867924528113,0.6837938005390836,0.828728661275831,0.8771900269541777,0.9286837376460019,0.9901168014375561,0.7799719594642339
