nDCG@1,nDCG@1_std,nDCG@1_stderr,nDCG@1_ci90_low,nDCG@1_ci90_high,nDCG@1_ci95_low,nDCG@1_ci95_high,nDCG@3,nDCG@3_std,nDCG@3_stderr,nDCG@3_ci90_low,nDCG@3_ci90_high,nDCG@3_ci95_low,nDCG@3_ci95_high,nDCG@5,nDCG@5_std,nDCG@5_stderr,nDCG@5_ci90_low,nDCG@5_ci90_high,nDCG@5_ci95_low,nDCG@5_ci95_high,nDCG@10,nDCG@10_std,nDCG@10_stderr,nDCG@10_ci90_low,nDCG@10_ci90_high,nDCG@10_ci95_low,nDCG@10_ci95_high,nDCG@100,nDCG@100_std,nDCG@100_stderr,nDCG@100_ci90_low,nDCG@100_ci90_high,nDCG@100_ci95_low,nDCG@100_ci95_high,RR@1,RR@3,RR@5,RR@10,RR@100,P@1,P@3,P@5,P@10,P@100,R@1,R@3,R@5,R@10,R@100,AP
0.6954177897574124,0.46038539732821854,0.011951009444137722,0.6757478412518569,0.7150877382629679,0.6719751089671547,0.7188604705476701,0.7690439175923423,0.377304551494504,0.009794338144509569,0.7529235950497973,0.7851642401348872,0.7498316875504515,0.788256147634233,0.7876849914761382,0.34980982846768877,0.009080610696887764,0.7727393799241038,0.8026306030281727,0.7698727841523326,0.8054971987999439,0.8064149749941611,0.31570456291706533,0.0081952821155389,0.792926509609321,0.8199034403790013,0.7903393971512429,0.8224905528370794,0.8217785608436468,0.2813770037885705,0.007304183080426883,0.8097567391106197,0.8338003825766738,0.8074509316012448,0.8361061900860487,0.6954177897574124,0.7567385444743938,0.7659703504043135,0.7731648162409619,0.7764283625281243,0.6954177897574124,0.2877358490565994,0.18274932614554842,0.09764150943395987,0.010505390835579326,0.6753706199460916,0.8204177897574124,0.865566037735849,0.9220575022461814,0.9891060197663972,0.7707193785050289
