{
  "nDCG@1": 0.543800539083558,
  "nDCG@1_std": 0.49824571882904234,
  "nDCG@1_stderr": 0.012933814421098928,
  "nDCG@1_ci90_low": 0.522513009788849,
  "nDCG@1_ci90_high": 0.565088068378267,
  "nDCG@1_ci95_low": 0.5184300225350179,
  "nDCG@1_ci95_high": 0.569171055632098,
  "nDCG@3": 0.6193215522459643,
  "nDCG@3_std": 0.4432333411675226,
  "nDCG@3_stderr": 0.011505764250974656,
  "nDCG@3_ci90_low": 0.6003844246843467,
  "nDCG@3_ci90_high": 0.6382586798075819,
  "nDCG@3_ci95_low": 0.5967522488039136,
  "nDCG@3_ci95_high": 0.641890855688015,
  "nDCG@5": 0.6475012776543723,
  "nDCG@5_std": 0.41703486333727224,
  "nDCG@5_stderr": 0.010825685652069528,
  "nDCG@5_ci90_low": 0.6296834790567826,
  "nDCG@5_ci90_high": 0.665319076251962,
  "nDCG@5_ci95_low": 0.6262659925294303,
  "nDCG@5_ci95_high": 0.6687365627793143,
  "nDCG@10": 0.6733011120475919,
  "nDCG@10_std": 0.38700023795987565,
  "nDCG@10_stderr": 0.010046025624580634,
  "nDCG@10_ci90_low": 0.6567665416713697,
  "nDCG@10_ci90_high": 0.6898356824238141,
  "nDCG@10_ci95_low": 0.6535951806759691,
  "nDCG@10_ci95_high": 0.6930070434192147,
  "nDCG@100": 0.6990328423075414,
  "nDCG@100_std": 0.3488056587791424,
  "nDCG@100_stderr": 0.00905454375058369,
  "nDCG@100_ci90_low": 0.684130133867072,
  "nDCG@100_ci90_high": 0.7139355507480107,
  "nDCG@100_ci95_low": 0.6812717669909725,
  "nDCG@100_ci95_high": 0.7167939176241103,
  "RR@1": 0.543800539083558,
  "RR@3": 0.6080413297394436,
  "RR@5": 0.6228998203054819,
  "RR@10": 0.6329806293586624,
  "RR@100": 0.6377371683858162,
  "P@1": 0.543800539083558,
  "P@3": 0.2365229110512112,
  "P@5": 0.1568733153638786,
  "P@10": 0.08685983827493082,
  "P@100": 0.009999999999999823,
  "R@1": 0.5261118598382749,
  "R@3": 0.675033692722372,
  "R@5": 0.7429806828391734,
  "R@10": 0.8217093441150045,
  "R@100": 0.9394654088050315,
  "AP": 0.6287226496217967
}