nDCG@1,nDCG@1_std,nDCG@1_stderr,nDCG@1_ci90_low,nDCG@1_ci90_high,nDCG@1_ci95_low,nDCG@1_ci95_high,nDCG@3,nDCG@3_std,nDCG@3_stderr,nDCG@3_ci90_low,nDCG@3_ci90_high,nDCG@3_ci95_low,nDCG@3_ci95_high,nDCG@5,nDCG@5_std,nDCG@5_stderr,nDCG@5_ci90_low,nDCG@5_ci90_high,nDCG@5_ci95_low,nDCG@5_ci95_high,nDCG@10,nDCG@10_std,nDCG@10_stderr,nDCG@10_ci90_low,nDCG@10_ci90_high,nDCG@10_ci95_low,nDCG@10_ci95_high,nDCG@100,nDCG@100_std,nDCG@100_stderr,nDCG@100_ci90_low,nDCG@100_ci90_high,nDCG@100_ci95_low,nDCG@100_ci95_high,RR@1,RR@3,RR@5,RR@10,RR@100,P@1,P@3,P@5,P@10,P@100,R@1,R@3,R@5,R@10,R@100,AP
0.543800539083558,0.49824571882904234,0.012933814421098928,0.522513009788849,0.565088068378267,0.5184300225350179,0.569171055632098,0.6193215522459643,0.4432333411675226,0.011505764250974656,0.6003844246843467,0.6382586798075819,0.5967522488039136,0.641890855688015,0.6475012776543723,0.41703486333727224,0.010825685652069528,0.6296834790567826,0.665319076251962,0.6262659925294303,0.6687365627793143,0.6733011120475919,0.38700023795987565,0.010046025624580634,0.6567665416713697,0.6898356824238141,0.6535951806759691,0.6930070434192147,0.6990328423075414,0.3488056587791424,0.00905454375058369,0.684130133867072,0.7139355507480107,0.6812717669909725,0.7167939176241103,0.543800539083558,0.6080413297394436,0.6228998203054819,0.6329806293586624,0.6377371683858162,0.543800539083558,0.2365229110512112,0.1568733153638786,0.08685983827493082,0.009999999999999823,0.5261118598382749,0.675033692722372,0.7429806828391734,0.8217093441150045,0.9394654088050315,0.6287226496217967
