{
  "nDCG@1": 0.7695417789757413,
  "nDCG@1_std": 0.4212681048809121,
  "nDCG@1_stderr": 0.010935575127193972,
  "nDCG@1_ci90_low": 0.7515431152949882,
  "nDCG@1_ci90_high": 0.7875404426564944,
  "nDCG@1_ci95_low": 0.7480909385121819,
  "nDCG@1_ci95_high": 0.7909926194393007,
  "nDCG@3": 0.8367470502353352,
  "nDCG@3_std": 0.32434381657275374,
  "nDCG@3_stderr": 0.008419545966279208,
  "nDCG@3_ci90_low": 0.8228894730682361,
  "nDCG@3_ci90_high": 0.8506046274024344,
  "nDCG@3_ci95_low": 0.8202315642917438,
  "nDCG@3_ci95_high": 0.8532625361789267,
  "nDCG@5": 0.8505610878573677,
  "nDCG@5_std": 0.29819224662003146,
  "nDCG@5_stderr": 0.007740685035203244,
  "nDCG@5_ci90_low": 0.8378208355170218,
  "nDCG@5_ci90_high": 0.8633013401977137,
  "nDCG@5_ci95_low": 0.8353772316963967,
  "nDCG@5_ci95_high": 0.8657449440183388,
  "nDCG@10": 0.8644536378879997,
  "nDCG@10_std": 0.2659436376654068,
  "nDCG@10_stderr": 0.006903552857654482,
  "nDCG@10_ci90_low": 0.8530912061327429,
  "nDCG@10_ci90_high": 0.8758160696432564,
  "nDCG@10_ci95_low": 0.8509118708333304,
  "nDCG@10_ci95_high": 0.8779954049426689,
  "nDCG@100": 0.8731644912150568,
  "nDCG@100_std": 0.24142269345242462,
  "nDCG@100_stderr": 0.006267020861702398,
  "nDCG@100_ci90_low": 0.8628497158641432,
  "nDCG@100_ci90_high": 0.8834792665659704,
  "nDCG@100_ci95_low": 0.8608713229891007,
  "nDCG@100_ci95_high": 0.8854576594410128,
  "RR@1": 0.7695417789757413,
  "RR@3": 0.8249101527403415,
  "RR@5": 0.831918238993711,
  "RR@10": 0.8373654965130708,
  "RR@100": 0.8393691036320811,
  "P@1": 0.7695417789757413,
  "P@3": 0.3104222821203902,
  "P@5": 0.19380053908355332,
  "P@10": 0.10148247978436403,
  "P@100": 0.010559299191374475,
  "R@1": 0.7476976639712489,
  "R@3": 0.8834793351302787,
  "R@5": 0.9161612758310873,
  "R@10": 0.957491015274034,
  "R@100": 0.9925876010781671,
  "AP": 0.834785448864523
}