nDCG@1,nDCG@1_std,nDCG@1_stderr,nDCG@1_ci90_low,nDCG@1_ci90_high,nDCG@1_ci95_low,nDCG@1_ci95_high,nDCG@3,nDCG@3_std,nDCG@3_stderr,nDCG@3_ci90_low,nDCG@3_ci90_high,nDCG@3_ci95_low,nDCG@3_ci95_high,nDCG@5,nDCG@5_std,nDCG@5_stderr,nDCG@5_ci90_low,nDCG@5_ci90_high,nDCG@5_ci95_low,nDCG@5_ci95_high,nDCG@10,nDCG@10_std,nDCG@10_stderr,nDCG@10_ci90_low,nDCG@10_ci90_high,nDCG@10_ci95_low,nDCG@10_ci95_high,nDCG@100,nDCG@100_std,nDCG@100_stderr,nDCG@100_ci90_low,nDCG@100_ci90_high,nDCG@100_ci95_low,nDCG@100_ci95_high,RR@1,RR@3,RR@5,RR@10,RR@100,P@1,P@3,P@5,P@10,P@100,R@1,R@3,R@5,R@10,R@100,AP
0.14892183288409702,0.3561314157086241,0.00924471092521125,0.13370613175879587,0.16413753400939818,0.13078773231033816,0.16705593345785588,0.226706703130921,0.3750445941432394,0.009735672574738995,0.21068293717983644,0.24273046908200557,0.20760954941224283,0.24580385684959918,0.25669750528517743,0.3720133907646815,0.009656986455642952,0.24080324738259334,0.2725917631877615,0.2377546994967904,0.27564031107356446,0.28700659389495936,0.36328833981190134,0.009430495418041862,0.27148511346087345,0.30252807432904527,0.2685080649788445,0.3055051228110742,0.352805297873639,0.32432810594418054,0.008419138138681849,0.3389483919425452,0.3666622038047328,0.3362906119103527,0.3693199838369253,0.14757412398921832,0.2087825696316263,0.22569631626235373,0.23850570102254728,0.25104664213109107,0.14892183288409702,0.0968104222821202,0.07331536388140228,0.04622641509433989,0.00797169811320741,0.14499101527403416,0.283355795148248,0.3559074573225517,0.4482255166217431,0.7596024258760108,0.2479170304577444
