nDCG@1,nDCG@3,nDCG@5,nDCG@10,nDCG@100,RR@1,RR@3,RR@5,RR@10,RR@100,P@1,P@3,P@5,P@10,P@100,R@1,R@3,R@5,R@10,R@100,AP
0.12533692722371967,0.19520378613958111,0.22107820634326739,0.2502671531030523,0.3109793600119211,0.12533692722371967,0.17991913746630736,0.1950134770889487,0.20677865485816946,0.21824068801918062,0.12533692722371967,0.08445642407906513,0.06361185983827547,0.041172506738544876,0.0072371967654985304,0.12174303683737647,0.24651841868823005,0.3085130278526505,0.3980233602875113,0.6890161725067385,0.21414645224202578
