nDCG@1,nDCG@1_std,nDCG@1_stderr,nDCG@1_ci90_low,nDCG@1_ci90_high,nDCG@1_ci95_low,nDCG@1_ci95_high,nDCG@3,nDCG@3_std,nDCG@3_stderr,nDCG@3_ci90_low,nDCG@3_ci90_high,nDCG@3_ci95_low,nDCG@3_ci95_high,nDCG@5,nDCG@5_std,nDCG@5_stderr,nDCG@5_ci90_low,nDCG@5_ci90_high,nDCG@5_ci95_low,nDCG@5_ci95_high,nDCG@10,nDCG@10_std,nDCG@10_stderr,nDCG@10_ci90_low,nDCG@10_ci90_high,nDCG@10_ci95_low,nDCG@10_ci95_high,nDCG@100,nDCG@100_std,nDCG@100_stderr,nDCG@100_ci90_low,nDCG@100_ci90_high,nDCG@100_ci95_low,nDCG@100_ci95_high,RR@1,RR@3,RR@5,RR@10,RR@100,P@1,P@3,P@5,P@10,P@100,R@1,R@3,R@5,R@10,R@100,AP
0.15768194070080863,0.3645653670629918,0.00946364539375085,0.14210589932622608,0.17325798207539117,0.13911838595550477,0.17624549544611248,0.23207755524159107,0.3803066269518174,0.009872268140444666,0.2158289691398676,0.24832614134331454,0.2127124604540709,0.2514426500291112,0.2612567084363353,0.37705322513990247,0.009787814037414005,0.24514712380268538,0.2773662930699852,0.24205727585400624,0.2804561410186644,0.29296336394208083,0.3675056589321845,0.009539971567650305,0.2772616987097609,0.30866502917440075,0.274250090452178,0.31167663743198365,0.3587822466420725,0.32764165296033176,0.00850515353342163,0.3447837695413528,0.37278072374279214,0.3420988358985609,0.3754656573855841,0.15700808625336926,0.2152964959568733,0.23200808625336897,0.2453367667821844,0.2577217558736281,0.15768194070080863,0.09793351302785248,0.0737196765498659,0.04683288409703527,0.008052560646900131,0.15341419586702607,0.28672506738544473,0.3572551662174304,0.4539532794249776,0.7670148247978437,0.25387572525896696
