nDCG@1,nDCG@3,nDCG@5,nDCG@10,nDCG@100,RR@1,RR@3,RR@5,RR@10,RR@100,P@1,P@3,P@5,P@10,P@100,R@1,R@3,R@5,R@10,R@100,AP
0.14892183288409702,0.226706703130921,0.25669750528517743,0.28700659389495936,0.352805297873639,0.14757412398921832,0.2087825696316263,0.22569631626235373,0.23850570102254728,0.25104664213109107,0.14892183288409702,0.0968104222821202,0.07331536388140228,0.04622641509433989,0.00797169811320741,0.14499101527403416,0.283355795148248,0.3559074573225517,0.4482255166217431,0.7596024258760108,0.2479170304577444
