{
  "nDCG@1": 0.15566037735849056,
  "nDCG@3": 0.23241487932212737,
  "nDCG@5": 0.2645715026285608,
  "nDCG@10": 0.2969274971216142,
  "nDCG@100": 0.36130014755765016,
  "RR@1": 0.15566037735849056,
  "RR@3": 0.21574573225516608,
  "RR@5": 0.23424303683737613,
  "RR@10": 0.24756583450990433,
  "RR@100": 0.2596012349314358,
  "P@1": 0.15566037735849056,
  "P@3": 0.09883198562443832,
  "P@5": 0.07533692722372037,
  "P@10": 0.04791105121293818,
  "P@100": 0.008106469002695278,
  "R@1": 0.15150494159928124,
  "R@3": 0.28762353998203055,
  "R@5": 0.3646675651392633,
  "R@10": 0.46439802336028757,
  "R@100": 0.7717318059299192,
  "AP": 0.25538011677235933
}