{
  "nDCG@1": 0.14892183288409702,
  "nDCG@1_std": 0.3561314157086241,
  "nDCG@1_stderr": 0.00924471092521125,
  "nDCG@1_ci90_low": 0.13370613175879587,
  "nDCG@1_ci90_high": 0.16413753400939818,
  "nDCG@1_ci95_low": 0.13078773231033816,
  "nDCG@1_ci95_high": 0.16705593345785588,
  "nDCG@3": 0.226706703130921,
  "nDCG@3_std": 0.3750445941432394,
  "nDCG@3_stderr": 0.009735672574738995,
  "nDCG@3_ci90_low": 0.21068293717983644,
  "nDCG@3_ci90_high": 0.24273046908200557,
  "nDCG@3_ci95_low": 0.20760954941224283,
  "nDCG@3_ci95_high": 0.24580385684959918,
  "nDCG@5": 0.25669750528517743,
  "nDCG@5_std": 0.3720133907646815,
  "nDCG@5_stderr": 0.009656986455642952,
  "nDCG@5_ci90_low": 0.24080324738259334,
  "nDCG@5_ci90_high": 0.2725917631877615,
  "nDCG@5_ci95_low": 0.2377546994967904,
  "nDCG@5_ci95_high": 0.27564031107356446,
  "nDCG@10": 0.28700659389495936,
  "nDCG@10_std": 0.36328833981190134,
  "nDCG@10_stderr": 0.009430495418041862,
  "nDCG@10_ci90_low": 0.27148511346087345,
  "nDCG@10_ci90_high": 0.30252807432904527,
  "nDCG@10_ci95_low": 0.2685080649788445,
  "nDCG@10_ci95_high": 0.3055051228110742,
  "nDCG@100": 0.352805297873639,
  "nDCG@100_std": 0.32432810594418054,
  "nDCG@100_stderr": 0.008419138138681849,
  "nDCG@100_ci90_low": 0.3389483919425452,
  "nDCG@100_ci90_high": 0.3666622038047328,
  "nDCG@100_ci95_low": 0.3362906119103527,
  "nDCG@100_ci95_high": 0.3693199838369253,
  "RR@1": 0.14757412398921832,
  "RR@3": 0.2087825696316263,
  "RR@5": 0.22569631626235373,
  "RR@10": 0.23850570102254728,
  "RR@100": 0.25104664213109107,
  "P@1": 0.14892183288409702,
  "P@3": 0.0968104222821202,
  "P@5": 0.07331536388140228,
  "P@10": 0.04622641509433989,
  "P@100": 0.00797169811320741,
  "R@1": 0.14499101527403416,
  "R@3": 0.283355795148248,
  "R@5": 0.3559074573225517,
  "R@10": 0.4482255166217431,
  "R@100": 0.7596024258760108,
  "AP": 0.2479170304577444
}