nDCG@1,nDCG@3,nDCG@5,nDCG@10,nDCG@100,RR@1,RR@3,RR@5,RR@10,RR@100,P@1,P@3,P@5,P@10,P@100,R@1,R@3,R@5,R@10,R@100,AP
0.1610512129380054,0.23561058950321206,0.26722292899568756,0.2981910020408946,0.3643289621666513,0.16037735849056603,0.21967654986522897,0.23753369272237151,0.25033425319813435,0.26284826250950355,0.1610512129380054,0.09928122192273123,0.07547169811320825,0.047506738544474576,0.008140161725067246,0.15689577717879605,0.2896451033243486,0.36534141958670263,0.46001796945193174,0.7747641509433962,0.2587016878078926
