nDCG@1,nDCG@3,nDCG@5,nDCG@10,nDCG@100,RR@1,RR@3,RR@5,RR@10,RR@100,P@1,P@3,P@5,P@10,P@100,R@1,R@3,R@5,R@10,R@100,AP
0.15768194070080863,0.23207755524159107,0.2612567084363353,0.29296336394208083,0.3587822466420725,0.15700808625336926,0.2152964959568733,0.23200808625336897,0.2453367667821844,0.2577217558736281,0.15768194070080863,0.09793351302785248,0.0737196765498659,0.04683288409703527,0.008052560646900131,0.15341419586702607,0.28672506738544473,0.3572551662174304,0.4539532794249776,0.7670148247978437,0.25387572525896696
