nDCG@1,nDCG@3,nDCG@5,nDCG@10,nDCG@100,RR@1,RR@3,RR@5,RR@10,RR@100,P@1,P@3,P@5,P@10,P@100,R@1,R@3,R@5,R@10,R@100,AP
0.15566037735849056,0.23241487932212737,0.2645715026285608,0.2969274971216142,0.36130014755765016,0.15566037735849056,0.21574573225516608,0.23424303683737613,0.24756583450990433,0.2596012349314358,0.15566037735849056,0.09883198562443832,0.07533692722372037,0.04791105121293818,0.008106469002695278,0.15150494159928124,0.28762353998203055,0.3646675651392633,0.46439802336028757,0.7717318059299192,0.25538011677235933
