nDCG@1,nDCG@1_std,nDCG@1_stderr,nDCG@1_ci90_low,nDCG@1_ci90_high,nDCG@1_ci95_low,nDCG@1_ci95_high,nDCG@3,nDCG@3_std,nDCG@3_stderr,nDCG@3_ci90_low,nDCG@3_ci90_high,nDCG@3_ci95_low,nDCG@3_ci95_high,nDCG@5,nDCG@5_std,nDCG@5_stderr,nDCG@5_ci90_low,nDCG@5_ci90_high,nDCG@5_ci95_low,nDCG@5_ci95_high,nDCG@10,nDCG@10_std,nDCG@10_stderr,nDCG@10_ci90_low,nDCG@10_ci90_high,nDCG@10_ci95_low,nDCG@10_ci95_high,nDCG@100,nDCG@100_std,nDCG@100_stderr,nDCG@100_ci90_low,nDCG@100_ci90_high,nDCG@100_ci95_low,nDCG@100_ci95_high,RR@1,RR@3,RR@5,RR@10,RR@100,P@1,P@3,P@5,P@10,P@100,R@1,R@3,R@5,R@10,R@100,AP
0.12533692722371967,0.3312121748135154,0.008597839662555036,0.11118589971328315,0.1394879547341562,0.10847170662145802,0.1422021478259813,0.19520378613958111,0.35426712611103683,0.009196316378562566,0.1800677367160863,0.21033983556307592,0.17716461461046717,0.21324295766869505,0.22107820634326739,0.3540263885268751,0.009190067142251918,0.20595244242385524,0.23620397026267953,0.20305129309682807,0.2391051195897067,0.2502671531030523,0.34819613214991274,0.009038721227661263,0.23539048666452156,0.26514381954158306,0.23253711469226954,0.26799719151383505,0.3109793600119211,0.3177171421378788,0.00824752606900615,0.2974049072567897,0.32455381276705253,0.29480130226301016,0.32715741776083207,0.12533692722371967,0.17991913746630736,0.1950134770889487,0.20677865485816946,0.21824068801918062,0.12533692722371967,0.08445642407906513,0.06361185983827547,0.041172506738544876,0.0072371967654985304,0.12174303683737647,0.24651841868823005,0.3085130278526505,0.3980233602875113,0.6890161725067385,0.21414645224202578
