nDCG@1,nDCG@1_std,nDCG@1_stderr,nDCG@1_ci90_low,nDCG@1_ci90_high,nDCG@1_ci95_low,nDCG@1_ci95_high,nDCG@3,nDCG@3_std,nDCG@3_stderr,nDCG@3_ci90_low,nDCG@3_ci90_high,nDCG@3_ci95_low,nDCG@3_ci95_high,nDCG@5,nDCG@5_std,nDCG@5_stderr,nDCG@5_ci90_low,nDCG@5_ci90_high,nDCG@5_ci95_low,nDCG@5_ci95_high,nDCG@10,nDCG@10_std,nDCG@10_stderr,nDCG@10_ci90_low,nDCG@10_ci90_high,nDCG@10_ci95_low,nDCG@10_ci95_high,nDCG@100,nDCG@100_std,nDCG@100_stderr,nDCG@100_ci90_low,nDCG@100_ci90_high,nDCG@100_ci95_low,nDCG@100_ci95_high,RR@1,RR@3,RR@5,RR@10,RR@100,P@1,P@3,P@5,P@10,P@100,R@1,R@3,R@5,R@10,R@100,AP
0.14555256064690028,0.3527759551206797,0.009157607508359462,0.130480221446978,0.16062489984682257,0.12758931907936527,0.1635158022144353,0.22206452805608903,0.3715128641458034,0.009643993432006736,0.20619165513416707,0.237937400978011,0.20314720892696939,0.24098184718520868,0.2513199353228422,0.36923172133092025,0.009584777915002273,0.235544524140504,0.2670953465051804,0.23251877127413265,0.2701210993715517,0.28380156532787426,0.36019036725281994,0.00935007605737985,0.26841244565297484,0.2991906850027737,0.2654607842078906,0.3021423464478579,0.34753966119673696,0.32294696698957825,0.008383285557809587,0.33374176437469333,0.3613375580187806,0.3310953023980993,0.3639840199953746,0.14555256064690028,0.2059748427672956,0.2224168912848156,0.23600842852864415,0.2479772197301905,0.14555256064690028,0.09546271338724145,0.07169811320754782,0.04622641509433989,0.007897574123989084,0.14139712488769093,0.2778526504941599,0.3474842767295598,0.44721473495058406,0.7503930817610064,0.2433564141067242
