{
  "nDCG@1": 0.14555256064690028,
  "nDCG@1_std": 0.3527759551206797,
  "nDCG@1_stderr": 0.009157607508359462,
  "nDCG@1_ci90_low": 0.130480221446978,
  "nDCG@1_ci90_high": 0.16062489984682257,
  "nDCG@1_ci95_low": 0.12758931907936527,
  "nDCG@1_ci95_high": 0.1635158022144353,
  "nDCG@3": 0.22206452805608903,
  "nDCG@3_std": 0.3715128641458034,
  "nDCG@3_stderr": 0.009643993432006736,
  "nDCG@3_ci90_low": 0.20619165513416707,
  "nDCG@3_ci90_high": 0.237937400978011,
  "nDCG@3_ci95_low": 0.20314720892696939,
  "nDCG@3_ci95_high": 0.24098184718520868,
  "nDCG@5": 0.2513199353228422,
  "nDCG@5_std": 0.36923172133092025,
  "nDCG@5_stderr": 0.009584777915002273,
  "nDCG@5_ci90_low": 0.235544524140504,
  "nDCG@5_ci90_high": 0.2670953465051804,
  "nDCG@5_ci95_low": 0.23251877127413265,
  "nDCG@5_ci95_high": 0.2701210993715517,
  "nDCG@10": 0.28380156532787426,
  "nDCG@10_std": 0.36019036725281994,
  "nDCG@10_stderr": 0.00935007605737985,
  "nDCG@10_ci90_low": 0.26841244565297484,
  "nDCG@10_ci90_high": 0.2991906850027737,
  "nDCG@10_ci95_low": 0.2654607842078906,
  "nDCG@10_ci95_high": 0.3021423464478579,
  "nDCG@100": 0.34753966119673696,
  "nDCG@100_std": 0.32294696698957825,
  "nDCG@100_stderr": 0.008383285557809587,
  "nDCG@100_ci90_low": 0.33374176437469333,
  "nDCG@100_ci90_high": 0.3613375580187806,
  "nDCG@100_ci95_low": 0.3310953023980993,
  "nDCG@100_ci95_high": 0.3639840199953746,
  "RR@1": 0.14555256064690028,
  "RR@3": 0.2059748427672956,
  "RR@5": 0.2224168912848156,
  "RR@10": 0.23600842852864415,
  "RR@100": 0.2479772197301905,
  "P@1": 0.14555256064690028,
  "P@3": 0.09546271338724145,
  "P@5": 0.07169811320754782,
  "P@10": 0.04622641509433989,
  "P@100": 0.007897574123989084,
  "R@1": 0.14139712488769093,
  "R@3": 0.2778526504941599,
  "R@5": 0.3474842767295598,
  "R@10": 0.44721473495058406,
  "R@100": 0.7503930817610064,
  "AP": 0.2433564141067242
}