{
  "nDCG@1": 0.15566037735849056,
  "nDCG@1_std": 0.36265527548943227,
  "nDCG@1_stderr": 0.009414061887047001,
  "nDCG@1_ci90_low": 0.14016594457338727,
  "nDCG@1_ci90_high": 0.17115481014359385,
  "nDCG@1_ci95_low": 0.13719408388015775,
  "nDCG@1_ci95_high": 0.17412667083682337,
  "nDCG@3": 0.23241487932212737,
  "nDCG@3_std": 0.37937446936938135,
  "nDCG@3_stderr": 0.009848070535273503,
  "nDCG@3_ci90_low": 0.2162061196174877,
  "nDCG@3_ci90_high": 0.24862363902676704,
  "nDCG@3_ci95_low": 0.21309724970786875,
  "nDCG@3_ci95_high": 0.251732508936386,
  "nDCG@5": 0.2645715026285608,
  "nDCG@5_std": 0.37570342012100627,
  "nDCG@5_stderr": 0.009752774844984814,
  "nDCG@5_ci90_low": 0.2485195883627555,
  "nDCG@5_ci90_high": 0.28062341689436604,
  "nDCG@5_ci95_low": 0.24544080169665047,
  "nDCG@5_ci95_high": 0.28370220356047104,
  "nDCG@10": 0.2969274971216142,
  "nDCG@10_std": 0.3658629805842701,
  "nDCG@10_stderr": 0.009497329762407273,
  "nDCG@10_ci90_low": 0.281296015258928,
  "nDCG@10_ci90_high": 0.3125589789843004,
  "nDCG@10_ci95_low": 0.2782978683006664,
  "nDCG@10_ci95_high": 0.315557125942562,
  "nDCG@100": 0.36130014755765016,
  "nDCG@100_std": 0.325936901733257,
  "nDCG@100_stderr": 0.00846090039652174,
  "nDCG@100_ci90_low": 0.34737450588795404,
  "nDCG@100_ci90_high": 0.3752257892273463,
  "nDCG@100_ci95_low": 0.3447035422147335,
  "nDCG@100_ci95_high": 0.37789675290056685,
  "RR@1": 0.15566037735849056,
  "RR@3": 0.21574573225516608,
  "RR@5": 0.23424303683737613,
  "RR@10": 0.24756583450990433,
  "RR@100": 0.2596012349314358,
  "P@1": 0.15566037735849056,
  "P@3": 0.09883198562443832,
  "P@5": 0.07533692722372037,
  "P@10": 0.04791105121293818,
  "P@100": 0.008106469002695278,
  "R@1": 0.15150494159928124,
  "R@3": 0.28762353998203055,
  "R@5": 0.3646675651392633,
  "R@10": 0.46439802336028757,
  "R@100": 0.7717318059299192,
  "AP": 0.25538011677235933
}