{
  "nDCG@1": 0.15768194070080863,
  "nDCG@3": 0.23207755524159107,
  "nDCG@5": 0.2612567084363353,
  "nDCG@10": 0.29296336394208083,
  "nDCG@100": 0.3587822466420725,
  "RR@1": 0.15700808625336926,
  "RR@3": 0.2152964959568733,
  "RR@5": 0.23200808625336897,
  "RR@10": 0.2453367667821844,
  "RR@100": 0.2577217558736281,
  "P@1": 0.15768194070080863,
  "P@3": 0.09793351302785248,
  "P@5": 0.0737196765498659,
  "P@10": 0.04683288409703527,
  "P@100": 0.008052560646900131,
  "R@1": 0.15341419586702607,
  "R@3": 0.28672506738544473,
  "R@5": 0.3572551662174304,
  "R@10": 0.4539532794249776,
  "R@100": 0.7670148247978437,
  "AP": 0.25387572525896696
}