{
  "nDCG@1": 0.8012129380053908,
  "nDCG@1_std": 0.3992219478718189,
  "nDCG@1_stderr": 0.010363285406121912,
  "nDCG@1_ci90_low": 0.7841561955402777,
  "nDCG@1_ci90_high": 0.818269680470504,
  "nDCG@1_ci95_low": 0.7808846809782639,
  "nDCG@1_ci95_high": 0.8215411950325178,
  "nDCG@3": 0.8661423229955043,
  "nDCG@3_std": 0.29208122920427837,
  "nDCG@3_stderr": 0.0075820509271868055,
  "nDCG@3_ci90_low": 0.8536631636406918,
  "nDCG@3_ci90_high": 0.8786214823503168,
  "nDCG@3_ci95_low": 0.8512696379346867,
  "nDCG@3_ci95_high": 0.8810150080563219,
  "nDCG@5": 0.8814143940703686,
  "nDCG@5_std": 0.25759471025394426,
  "nDCG@5_stderr": 0.006686825500701248,
  "nDCG@5_ci90_low": 0.8704086699196821,
  "nDCG@5_ci90_high": 0.892420118221055,
  "nDCG@5_ci95_low": 0.8682977517945993,
  "nDCG@5_ci95_high": 0.8945310363461378,
  "nDCG@10": 0.8908002816192836,
  "nDCG@10_std": 0.23157831680170124,
  "nDCG@10_stderr": 0.006011473576738082,
  "nDCG@10_ci90_low": 0.8809061068845336,
  "nDCG@10_ci90_high": 0.9006944563540336,
  "nDCG@10_ci95_low": 0.8790083859809058,
  "nDCG@10_ci95_high": 0.9025921772576614,
  "nDCG@100": 0.8967775854166152,
  "nDCG@100_std": 0.21283412066506976,
  "nDCG@100_stderr": 0.005524898489101343,
  "nDCG@100_ci90_low": 0.8876842557454256,
  "nDCG@100_ci90_high": 0.9058709150878048,
  "nDCG@100_ci95_low": 0.8859401383972664,
  "nDCG@100_ci95_high": 0.9076150324359641,
  "RR@1": 0.8012129380053908,
  "RR@3": 0.8550089847259656,
  "RR@5": 0.8626572327044028,
  "RR@10": 0.8663449813887819,
  "RR@100": 0.8675939943503972,
  "P@1": 0.8012129380053908,
  "P@3": 0.32008086253368734,
  "P@5": 0.20040431266845865,
  "P@10": 0.10336927223719408,
  "P@100": 0.010626684636118407,
  "R@1": 0.7776841868823002,
  "R@3": 0.9112196765498652,
  "R@5": 0.9472708894878706,
  "R@10": 0.9747866127583108,
  "R@100": 0.9986522911051213,
  "AP": 0.8631117059176318
}