nDCG@1,nDCG@1_std,nDCG@1_stderr,nDCG@1_ci90_low,nDCG@1_ci90_high,nDCG@1_ci95_low,nDCG@1_ci95_high,nDCG@3,nDCG@3_std,nDCG@3_stderr,nDCG@3_ci90_low,nDCG@3_ci90_high,nDCG@3_ci95_low,nDCG@3_ci95_high,nDCG@5,nDCG@5_std,nDCG@5_stderr,nDCG@5_ci90_low,nDCG@5_ci90_high,nDCG@5_ci95_low,nDCG@5_ci95_high,nDCG@10,nDCG@10_std,nDCG@10_stderr,nDCG@10_ci90_low,nDCG@10_ci90_high,nDCG@10_ci95_low,nDCG@10_ci95_high,nDCG@100,nDCG@100_std,nDCG@100_stderr,nDCG@100_ci90_low,nDCG@100_ci90_high,nDCG@100_ci95_low,nDCG@100_ci95_high,RR@1,RR@3,RR@5,RR@10,RR@100,P@1,P@3,P@5,P@10,P@100,R@1,R@3,R@5,R@10,R@100,AP
0.8173854447439353,0.38648044086387445,0.010032532364283073,0.8008730826787738,0.8338978068090968,0.7977059812782625,0.837064908209608,0.8754553629659437,0.2850483199956651,0.007399485700618642,0.8632766843882812,0.8876340415436063,0.8609407914477388,0.8899699344841486,0.8896445076908934,0.2519242493810135,0.006539627670712961,0.8788810537642858,0.900407961617501,0.8768166035135722,0.9024724118682147,0.8992616791394744,0.22419849707267464,0.0058199030017601055,0.8896828069206006,0.9088405513583482,0.8878455616191716,0.9106777966597772,0.9044557891191871,0.20737913535689168,0.005383294126074183,0.8955955234868075,0.9133160547515667,0.8938961082497581,0.9150154699886162,0.8173854447439353,0.8655660377358492,0.8727425876010788,0.8763335365592783,0.8774662181793416,0.8173854447439353,0.32165318957771233,0.2009433962264101,0.10377358490565769,0.010626684636118407,0.7941936208445644,0.9159366576819407,0.9496293800539084,0.977818957771788,0.9986522911051213,0.8732695446144474
