{
  "nDCG@1": 0.8092991913746631,
  "nDCG@1_std": 0.3929861053540807,
  "nDCG@1_stderr": 0.010201410999908905,
  "nDCG@1_ci90_low": 0.7925088750427951,
  "nDCG@1_ci90_high": 0.8260895077065311,
  "nDCG@1_ci95_low": 0.789288461502937,
  "nDCG@1_ci95_high": 0.8293099212463892,
  "nDCG@3": 0.8712557826157119,
  "nDCG@3_std": 0.287787841046136,
  "nDCG@3_stderr": 0.007470600123744557,
  "nDCG@3_ci90_low": 0.8589600581058687,
  "nDCG@3_ci90_high": 0.8835515071255551,
  "nDCG@3_ci95_low": 0.8566017155403562,
  "nDCG@3_ci95_high": 0.8859098496910676,
  "nDCG@5": 0.8862738538668113,
  "nDCG@5_std": 0.25320408562961244,
  "nDCG@5_stderr": 0.006572850564364063,
  "nDCG@5_ci90_low": 0.8754557189853959,
  "nDCG@5_ci90_high": 0.8970919887482268,
  "nDCG@5_ci95_low": 0.8733807808270243,
  "nDCG@5_ci95_high": 0.8991669269065984,
  "nDCG@10": 0.8962632589356847,
  "nDCG@10_std": 0.22448366298690886,
  "nDCG@10_stderr": 0.0058273055400550585,
  "nDCG@10_ci90_low": 0.8866722030140239,
  "nDCG@10_ci90_high": 0.9058543148573455,
  "nDCG@10_ci95_low": 0.8848326208560018,
  "nDCG@10_ci95_high": 0.9076938970153676,
  "nDCG@100": 0.9012455115274481,
  "nDCG@100_std": 0.20862741765248896,
  "nDCG@100_stderr": 0.005415697919917794,
  "nDCG@100_ci90_low": 0.8923319130816967,
  "nDCG@100_ci90_high": 0.9101591099731996,
  "nDCG@100_ci95_low": 0.8906222685129953,
  "nDCG@100_ci95_high": 0.911868754541901,
  "RR@1": 0.8099730458221024,
  "RR@3": 0.8612982929020664,
  "RR@5": 0.8687780772686434,
  "RR@10": 0.8726562165746802,
  "RR@100": 0.8736531948784677,
  "P@1": 0.8092991913746631,
  "P@3": 0.32097933513027305,
  "P@5": 0.20080862533692223,
  "P@10": 0.10384097035040163,
  "P@100": 0.010626684636118407,
  "R@1": 0.7857704402515724,
  "R@3": 0.9139150943396226,
  "R@5": 0.9492924528301887,
  "R@10": 0.9784928122192272,
  "R@100": 0.9986522911051213,
  "AP": 0.8688846006096702
}