{
  "nDCG@1": 0.7648247978436657,
  "nDCG@1_std": 0.42425123796081904,
  "nDCG@1_stderr": 0.011013013403512,
  "nDCG@1_ci90_low": 0.7466986799160849,
  "nDCG@1_ci90_high": 0.7829509157712466,
  "nDCG@1_ci95_low": 0.7432220571744244,
  "nDCG@1_ci95_high": 0.7864275385129071,
  "nDCG@3": 0.833106017452147,
  "nDCG@3_std": 0.32755571151780283,
  "nDCG@3_stderr": 0.00850292260473174,
  "nDCG@3_ci90_low": 0.8191112121962748,
  "nDCG@3_ci90_high": 0.8471008227080191,
  "nDCG@3_ci95_low": 0.816426982820075,
  "nDCG@3_ci95_high": 0.849785052084219,
  "nDCG@5": 0.8509570265999082,
  "nDCG@5_std": 0.2929574063622826,
  "nDCG@5_stderr": 0.007604795352945778,
  "nDCG@5_ci90_low": 0.8384404326095063,
  "nDCG@5_ci90_high": 0.8634736205903102,
  "nDCG@5_ci95_low": 0.836039726871575,
  "nDCG@5_ci95_high": 0.8658743263282415,
  "nDCG@10": 0.8657112957585396,
  "nDCG@10_std": 0.2578285635155546,
  "nDCG@10_stderr": 0.006692896028902765,
  "nDCG@10_ci90_low": 0.8546955802361883,
  "nDCG@10_ci90_high": 0.8767270112808908,
  "nDCG@10_ci95_low": 0.852582745747652,
  "nDCG@10_ci95_high": 0.8788398457694271,
  "nDCG@100": 0.8722284353578995,
  "nDCG@100_std": 0.23933778580893558,
  "nDCG@100_stderr": 0.006212899355933332,
  "nDCG@100_ci90_low": 0.8620027376063717,
  "nDCG@100_ci90_high": 0.8824541331094273,
  "nDCG@100_ci95_low": 0.8600414299786521,
  "nDCG@100_ci95_high": 0.884415440737147,
  "RR@1": 0.7654986522911051,
  "RR@3": 0.8213162623539986,
  "RR@5": 0.830514375561546,
  "RR@10": 0.8361672656483982,
  "RR@100": 0.8376350596623533,
  "P@1": 0.7648247978436657,
  "P@3": 0.3092991913746581,
  "P@5": 0.19514824797843203,
  "P@10": 0.10256064690026694,
  "P@100": 0.010566037735848867,
  "R@1": 0.7429806828391735,
  "R@3": 0.8805592991913747,
  "R@5": 0.9227875112309075,
  "R@10": 0.9665880503144653,
  "R@100": 0.9932614555256065,
  "AP": 0.8329488944830995
}