nDCG@1,nDCG@1_std,nDCG@1_stderr,nDCG@1_ci90_low,nDCG@1_ci90_high,nDCG@1_ci95_low,nDCG@1_ci95_high,nDCG@3,nDCG@3_std,nDCG@3_stderr,nDCG@3_ci90_low,nDCG@3_ci90_high,nDCG@3_ci95_low,nDCG@3_ci95_high,nDCG@5,nDCG@5_std,nDCG@5_stderr,nDCG@5_ci90_low,nDCG@5_ci90_high,nDCG@5_ci95_low,nDCG@5_ci95_high,nDCG@10,nDCG@10_std,nDCG@10_stderr,nDCG@10_ci90_low,nDCG@10_ci90_high,nDCG@10_ci95_low,nDCG@10_ci95_high,nDCG@100,nDCG@100_std,nDCG@100_stderr,nDCG@100_ci90_low,nDCG@100_ci90_high,nDCG@100_ci95_low,nDCG@100_ci95_high,RR@1,RR@3,RR@5,RR@10,RR@100,P@1,P@3,P@5,P@10,P@100,R@1,R@3,R@5,R@10,R@100,AP
0.8012129380053908,0.3992219478718189,0.010363285406121912,0.7841561955402777,0.818269680470504,0.7808846809782639,0.8215411950325178,0.8661423229955043,0.29208122920427837,0.0075820509271868055,0.8536631636406918,0.8786214823503168,0.8512696379346867,0.8810150080563219,0.8814143940703686,0.25759471025394426,0.006686825500701248,0.8704086699196821,0.892420118221055,0.8682977517945993,0.8945310363461378,0.8908002816192836,0.23157831680170124,0.006011473576738082,0.8809061068845336,0.9006944563540336,0.8790083859809058,0.9025921772576614,0.8967775854166152,0.21283412066506976,0.005524898489101343,0.8876842557454256,0.9058709150878048,0.8859401383972664,0.9076150324359641,0.8012129380053908,0.8550089847259656,0.8626572327044028,0.8663449813887819,0.8675939943503972,0.8012129380053908,0.32008086253368734,0.20040431266845865,0.10336927223719408,0.010626684636118407,0.7776841868823002,0.9112196765498652,0.9472708894878706,0.9747866127583108,0.9986522911051213,0.8631117059176318
