{
  "nDCG@1": 0.7459568733153639,
  "nDCG@1_std": 0.4354687147320449,
  "nDCG@1_stderr": 0.011304204591612915,
  "nDCG@1_ci90_low": 0.7273514891214489,
  "nDCG@1_ci90_high": 0.7645622575092789,
  "nDCG@1_ci95_low": 0.7237829422288198,
  "nDCG@1_ci95_high": 0.768130804401908,
  "nDCG@3": 0.8142524350334484,
  "nDCG@3_std": 0.3454150729223324,
  "nDCG@3_stderr": 0.00896652852718379,
  "nDCG@3_ci90_low": 0.7994945892441278,
  "nDCG@3_ci90_high": 0.829010280822769,
  "nDCG@3_ci95_low": 0.7966640072908348,
  "nDCG@3_ci95_high": 0.831840862776062,
  "nDCG@5": 0.8355926474824158,
  "nDCG@5_std": 0.30657222995259936,
  "nDCG@5_stderr": 0.007958218563700102,
  "nDCG@5_ci90_low": 0.8224943606744574,
  "nDCG@5_ci90_high": 0.8486909342903742,
  "nDCG@5_ci95_low": 0.8199820851847316,
  "nDCG@5_ci95_high": 0.8512032097801,
  "nDCG@10": 0.8498842153200303,
  "nDCG@10_std": 0.2756885294871795,
  "nDCG@10_stderr": 0.00715651764513465,
  "nDCG@10_ci90_low": 0.8381054334341246,
  "nDCG@10_ci90_high": 0.8616629972059361,
  "nDCG@10_ci95_low": 0.8358462414142334,
  "nDCG@10_ci95_high": 0.8639221892258273,
  "nDCG@100": 0.858612051745338,
  "nDCG@100_std": 0.25227612898473545,
  "nDCG@100_stderr": 0.006548762010098366,
  "nDCG@100_ci90_low": 0.8478335637761096,
  "nDCG@100_ci90_high": 0.8693905397145663,
  "nDCG@100_ci95_low": 0.8457662299683827,
  "nDCG@100_ci95_high": 0.8714578735222932,
  "RR@1": 0.7466307277628033,
  "RR@3": 0.8024483378256965,
  "RR@5": 0.8137353998203061,
  "RR@10": 0.8190703482650926,
  "RR@100": 0.82099319801098,
  "P@1": 0.7459568733153639,
  "P@3": 0.3025606469002648,
  "P@5": 0.19285714285713834,
  "P@10": 0.10134770889487618,
  "P@100": 0.010552560646900081,
  "R@1": 0.7244496855345913,
  "R@3": 0.8621406109613656,
  "R@5": 0.9126796945193172,
  "R@10": 0.9551325247079965,
  "R@100": 0.9922506738544474,
  "AP": 0.8161161033668645
}