nDCG@1,nDCG@1_std,nDCG@1_stderr,nDCG@1_ci90_low,nDCG@1_ci90_high,nDCG@1_ci95_low,nDCG@1_ci95_high,nDCG@3,nDCG@3_std,nDCG@3_stderr,nDCG@3_ci90_low,nDCG@3_ci90_high,nDCG@3_ci95_low,nDCG@3_ci95_high,nDCG@5,nDCG@5_std,nDCG@5_stderr,nDCG@5_ci90_low,nDCG@5_ci90_high,nDCG@5_ci95_low,nDCG@5_ci95_high,nDCG@10,nDCG@10_std,nDCG@10_stderr,nDCG@10_ci90_low,nDCG@10_ci90_high,nDCG@10_ci95_low,nDCG@10_ci95_high,nDCG@100,nDCG@100_std,nDCG@100_stderr,nDCG@100_ci90_low,nDCG@100_ci90_high,nDCG@100_ci95_low,nDCG@100_ci95_high,RR@1,RR@3,RR@5,RR@10,RR@100,P@1,P@3,P@5,P@10,P@100,R@1,R@3,R@5,R@10,R@100,AP
0.8092991913746631,0.3929861053540807,0.010201410999908905,0.7925088750427951,0.8260895077065311,0.789288461502937,0.8293099212463892,0.8712557826157119,0.287787841046136,0.007470600123744557,0.8589600581058687,0.8835515071255551,0.8566017155403562,0.8859098496910676,0.8862738538668113,0.25320408562961244,0.006572850564364063,0.8754557189853959,0.8970919887482268,0.8733807808270243,0.8991669269065984,0.8962632589356847,0.22448366298690886,0.0058273055400550585,0.8866722030140239,0.9058543148573455,0.8848326208560018,0.9076938970153676,0.9012455115274481,0.20862741765248896,0.005415697919917794,0.8923319130816967,0.9101591099731996,0.8906222685129953,0.911868754541901,0.8099730458221024,0.8612982929020664,0.8687780772686434,0.8726562165746802,0.8736531948784677,0.8092991913746631,0.32097933513027305,0.20080862533692223,0.10384097035040163,0.010626684636118407,0.7857704402515724,0.9139150943396226,0.9492924528301887,0.9784928122192272,0.9986522911051213,0.8688846006096702
