{
  "nDCG@1": 0.8173854447439353,
  "nDCG@1_std": 0.38648044086387445,
  "nDCG@1_stderr": 0.010032532364283073,
  "nDCG@1_ci90_low": 0.8008730826787738,
  "nDCG@1_ci90_high": 0.8338978068090968,
  "nDCG@1_ci95_low": 0.7977059812782625,
  "nDCG@1_ci95_high": 0.837064908209608,
  "nDCG@3": 0.8754553629659437,
  "nDCG@3_std": 0.2850483199956651,
  "nDCG@3_stderr": 0.007399485700618642,
  "nDCG@3_ci90_low": 0.8632766843882812,
  "nDCG@3_ci90_high": 0.8876340415436063,
  "nDCG@3_ci95_low": 0.8609407914477388,
  "nDCG@3_ci95_high": 0.8899699344841486,
  "nDCG@5": 0.8896445076908934,
  "nDCG@5_std": 0.2519242493810135,
  "nDCG@5_stderr": 0.006539627670712961,
  "nDCG@5_ci90_low": 0.8788810537642858,
  "nDCG@5_ci90_high": 0.900407961617501,
  "nDCG@5_ci95_low": 0.8768166035135722,
  "nDCG@5_ci95_high": 0.9024724118682147,
  "nDCG@10": 0.8992616791394744,
  "nDCG@10_std": 0.22419849707267464,
  "nDCG@10_stderr": 0.0058199030017601055,
  "nDCG@10_ci90_low": 0.8896828069206006,
  "nDCG@10_ci90_high": 0.9088405513583482,
  "nDCG@10_ci95_low": 0.8878455616191716,
  "nDCG@10_ci95_high": 0.9106777966597772,
  "nDCG@100": 0.9044557891191871,
  "nDCG@100_std": 0.20737913535689168,
  "nDCG@100_stderr": 0.005383294126074183,
  "nDCG@100_ci90_low": 0.8955955234868075,
  "nDCG@100_ci90_high": 0.9133160547515667,
  "nDCG@100_ci95_low": 0.8938961082497581,
  "nDCG@100_ci95_high": 0.9150154699886162,
  "RR@1": 0.8173854447439353,
  "RR@3": 0.8655660377358492,
  "RR@5": 0.8727425876010788,
  "RR@10": 0.8763335365592783,
  "RR@100": 0.8774662181793416,
  "P@1": 0.8173854447439353,
  "P@3": 0.32165318957771233,
  "P@5": 0.2009433962264101,
  "P@10": 0.10377358490565769,
  "P@100": 0.010626684636118407,
  "R@1": 0.7941936208445644,
  "R@3": 0.9159366576819407,
  "R@5": 0.9496293800539084,
  "R@10": 0.977818957771788,
  "R@100": 0.9986522911051213,
  "AP": 0.8732695446144474
}