{
  "nDCG@1": 0.7924528301886793,
  "nDCG@1_std": 0.4056873754425544,
  "nDCG@1_stderr": 0.010531119543361417,
  "nDCG@1_ci90_low": 0.7751198525777062,
  "nDCG@1_ci90_high": 0.8097858077996524,
  "nDCG@1_ci95_low": 0.7717953556068844,
  "nDCG@1_ci95_high": 0.8131103047704742,
  "nDCG@3": 0.8570060493878187,
  "nDCG@3_std": 0.30219704567745787,
  "nDCG@3_stderr": 0.007844644438857082,
  "nDCG@3_ci90_low": 0.8440946921608021,
  "nDCG@3_ci90_high": 0.8699174066148352,
  "nDCG@3_ci95_low": 0.8416182701083533,
  "nDCG@3_ci95_high": 0.872393828667284,
  "nDCG@5": 0.8732405846297052,
  "nDCG@5_std": 0.2676611835426138,
  "nDCG@5_stderr": 0.006948138127122981,
  "nDCG@5_ci90_low": 0.8618047707924871,
  "nDCG@5_ci90_high": 0.8846763984669234,
  "nDCG@5_ci95_low": 0.8596113606748483,
  "nDCG@5_ci95_high": 0.8868698085845621,
  "nDCG@10": 0.8839486359955758,
  "nDCG@10_std": 0.23927343965021783,
  "nDCG@10_stderr": 0.0062112290128794635,
  "nDCG@10_ci90_low": 0.87372568743122,
  "nDCG@10_ci90_high": 0.8941715845599316,
  "nDCG@10_ci95_low": 0.8717649071026541,
  "nDCG@10_ci95_high": 0.8961323648884976,
  "nDCG@100": 0.8899853196346434,
  "nDCG@100_std": 0.22092634161459002,
  "nDCG@100_stderr": 0.00573496207833117,
  "nDCG@100_ci90_low": 0.8805462501326591,
  "nDCG@100_ci90_high": 0.8994243891366278,
  "nDCG@100_ci95_low": 0.8787358192493435,
  "nDCG@100_ci95_high": 0.9012348200199434,
  "RR@1": 0.7917789757412399,
  "RR@3": 0.8455750224618152,
  "RR@5": 0.8537286612758316,
  "RR@10": 0.8578207226286744,
  "RR@100": 0.8591010896578595,
  "P@1": 0.7924528301886793,
  "P@3": 0.31716082659478356,
  "P@5": 0.19905660377358006,
  "P@10": 0.10316711590296229,
  "P@100": 0.010613207547169622,
  "R@1": 0.7692610062893083,
  "R@3": 0.903133423180593,
  "R@5": 0.9413185085354897,
  "R@10": 0.9726527403414195,
  "R@100": 0.9973045822102425,
  "AP": 0.8546521622955656
}