nDCG@1,nDCG@1_std,nDCG@1_stderr,nDCG@1_ci90_low,nDCG@1_ci90_high,nDCG@1_ci95_low,nDCG@1_ci95_high,nDCG@3,nDCG@3_std,nDCG@3_stderr,nDCG@3_ci90_low,nDCG@3_ci90_high,nDCG@3_ci95_low,nDCG@3_ci95_high,nDCG@5,nDCG@5_std,nDCG@5_stderr,nDCG@5_ci90_low,nDCG@5_ci90_high,nDCG@5_ci95_low,nDCG@5_ci95_high,nDCG@10,nDCG@10_std,nDCG@10_stderr,nDCG@10_ci90_low,nDCG@10_ci90_high,nDCG@10_ci95_low,nDCG@10_ci95_high,nDCG@100,nDCG@100_std,nDCG@100_stderr,nDCG@100_ci90_low,nDCG@100_ci90_high,nDCG@100_ci95_low,nDCG@100_ci95_high,RR@1,RR@3,RR@5,RR@10,RR@100,P@1,P@3,P@5,P@10,P@100,R@1,R@3,R@5,R@10,R@100,AP
0.7459568733153639,0.4354687147320449,0.011304204591612915,0.7273514891214489,0.7645622575092789,0.7237829422288198,0.768130804401908,0.8142524350334484,0.3454150729223324,0.00896652852718379,0.7994945892441278,0.829010280822769,0.7966640072908348,0.831840862776062,0.8355926474824158,0.30657222995259936,0.007958218563700102,0.8224943606744574,0.8486909342903742,0.8199820851847316,0.8512032097801,0.8498842153200303,0.2756885294871795,0.00715651764513465,0.8381054334341246,0.8616629972059361,0.8358462414142334,0.8639221892258273,0.858612051745338,0.25227612898473545,0.006548762010098366,0.8478335637761096,0.8693905397145663,0.8457662299683827,0.8714578735222932,0.7466307277628033,0.8024483378256965,0.8137353998203061,0.8190703482650926,0.82099319801098,0.7459568733153639,0.3025606469002648,0.19285714285713834,0.10134770889487618,0.010552560646900081,0.7244496855345913,0.8621406109613656,0.9126796945193172,0.9551325247079965,0.9922506738544474,0.8161161033668645
