nDCG@1,nDCG@3,nDCG@5,nDCG@10,nDCG@100,RR@1,RR@3,RR@5,RR@10,RR@100,P@1,P@3,P@5,P@10,P@100,R@1,R@3,R@5,R@10,R@100,AP
0.17722371967654987,0.2647584564027049,0.3015378377436057,0.33451849474705875,0.3992825852910727,0.17722371967654987,0.2469676549865226,0.2673517520215628,0.28103901938133724,0.2932172747844387,0.17722371967654987,0.11320754716981159,0.08611859838275018,0.05377358490566021,0.008699460916441897,0.17177672955974843,0.3287848158131177,0.4176212938005391,0.5176886792452831,0.8259770889487871,0.28818174277451086
