{
  "nDCG@1": 0.14892183288409702,
  "nDCG@3": 0.22287559912976582,
  "nDCG@5": 0.2509250085748839,
  "nDCG@10": 0.2825161626525935,
  "nDCG@100": 0.34733157748366716,
  "RR@1": 0.14892183288409702,
  "RR@3": 0.2074348607367474,
  "RR@5": 0.22300089847259616,
  "RR@10": 0.2363084541992895,
  "RR@100": 0.24871056444214742,
  "P@1": 0.14892183288409702,
  "P@3": 0.09501347708894854,
  "P@5": 0.0712938005390842,
  "P@10": 0.04582210242587628,
  "P@100": 0.00789083557951469,
  "R@1": 0.14465408805031446,
  "R@3": 0.27757187780772685,
  "R@5": 0.34568733153638814,
  "R@10": 0.441262353998203,
  "R@100": 0.748708445642408,
  "AP": 0.2445536766883031
}