{
  "nDCG@1": 0.14016172506738545,
  "nDCG@1_std": 0.34727176847151325,
  "nDCG@1_stderr": 0.009014725942158115,
  "nDCG@1_ci90_low": 0.1253245520316864,
  "nDCG@1_ci90_high": 0.15499889810308448,
  "nDCG@1_ci95_low": 0.12247875496670241,
  "nDCG@1_ci95_high": 0.15784469516806848,
  "nDCG@3": 0.21521283358137192,
  "nDCG@3_std": 0.3660942150458615,
  "nDCG@3_stderr": 0.0095033323099475,
  "nDCG@3_ci90_low": 0.1995714722351517,
  "nDCG@3_ci90_high": 0.23085419492759213,
  "nDCG@3_ci95_low": 0.19657143037378572,
  "nDCG@3_ci95_high": 0.23385423678895811,
  "nDCG@5": 0.242909865046567,
  "nDCG@5_std": 0.36449694244345254,
  "nDCG@5_stderr": 0.009461869179129207,
  "nDCG@5_ci90_low": 0.22733674711123916,
  "nDCG@5_ci90_high": 0.2584829829818948,
  "nDCG@5_ci95_low": 0.22434979446154138,
  "nDCG@5_ci95_high": 0.2614699356315926,
  "nDCG@10": 0.274260173211907,
  "nDCG@10_std": 0.3562150868784914,
  "nDCG@10_stderr": 0.009246882920559253,
  "nDCG@10_ci90_low": 0.25904089723907103,
  "nDCG@10_ci90_high": 0.28947944918474294,
  "nDCG@10_ci95_low": 0.25612181212828417,
  "nDCG@10_ci95_high": 0.2923985342955298,
  "nDCG@100": 0.33733681205109595,
  "nDCG@100_std": 0.32087658584809176,
  "nDCG@100_stderr": 0.008329541141243678,
  "nDCG@100_ci90_low": 0.32362737218419524,
  "nDCG@100_ci90_high": 0.35104625191799665,
  "nDCG@100_ci95_low": 0.32099787641421734,
  "nDCG@100_ci95_high": 0.35367574768797455,
  "RR@1": 0.14016172506738545,
  "RR@3": 0.19901168014375564,
  "RR@5": 0.21451033243486037,
  "RR@10": 0.22781441192829308,
  "RR@100": 0.23962872153007497,
  "P@1": 0.14016172506738545,
  "P@3": 0.09299191374663042,
  "P@5": 0.0698113207547176,
  "P@10": 0.0450134770889491,
  "P@100": 0.007735849056603642,
  "R@1": 0.13572551662174304,
  "R@3": 0.272181042228212,
  "R@5": 0.3389487870619946,
  "R@10": 0.43429919137466305,
  "R@100": 0.734220575022462,
  "AP": 0.23547852390514248
}