nDCG@1,nDCG@1_std,nDCG@1_stderr,nDCG@1_ci90_low,nDCG@1_ci90_high,nDCG@1_ci95_low,nDCG@1_ci95_high,nDCG@3,nDCG@3_std,nDCG@3_stderr,nDCG@3_ci90_low,nDCG@3_ci90_high,nDCG@3_ci95_low,nDCG@3_ci95_high,nDCG@5,nDCG@5_std,nDCG@5_stderr,nDCG@5_ci90_low,nDCG@5_ci90_high,nDCG@5_ci95_low,nDCG@5_ci95_high,nDCG@10,nDCG@10_std,nDCG@10_stderr,nDCG@10_ci90_low,nDCG@10_ci90_high,nDCG@10_ci95_low,nDCG@10_ci95_high,nDCG@100,nDCG@100_std,nDCG@100_stderr,nDCG@100_ci90_low,nDCG@100_ci90_high,nDCG@100_ci95_low,nDCG@100_ci95_high,RR@1,RR@3,RR@5,RR@10,RR@100,P@1,P@3,P@5,P@10,P@100,R@1,R@3,R@5,R@10,R@100,AP
0.14016172506738545,0.34727176847151325,0.009014725942158115,0.1253245520316864,0.15499889810308448,0.12247875496670241,0.15784469516806848,0.21521283358137192,0.3660942150458615,0.0095033323099475,0.1995714722351517,0.23085419492759213,0.19657143037378572,0.23385423678895811,0.242909865046567,0.36449694244345254,0.009461869179129207,0.22733674711123916,0.2584829829818948,0.22434979446154138,0.2614699356315926,0.274260173211907,0.3562150868784914,0.009246882920559253,0.25904089723907103,0.28947944918474294,0.25612181212828417,0.2923985342955298,0.33733681205109595,0.32087658584809176,0.008329541141243678,0.32362737218419524,0.35104625191799665,0.32099787641421734,0.35367574768797455,0.14016172506738545,0.19901168014375564,0.21451033243486037,0.22781441192829308,0.23962872153007497,0.14016172506738545,0.09299191374663042,0.0698113207547176,0.0450134770889491,0.007735849056603642,0.13572551662174304,0.272181042228212,0.3389487870619946,0.43429919137466305,0.734220575022462,0.23547852390514248
