{
  "nDCG@1": 0.15768194070080863,
  "nDCG@1_std": 0.3645653670629918,
  "nDCG@1_stderr": 0.00946364539375085,
  "nDCG@1_ci90_low": 0.14210589932622608,
  "nDCG@1_ci90_high": 0.17325798207539117,
  "nDCG@1_ci95_low": 0.13911838595550477,
  "nDCG@1_ci95_high": 0.17624549544611248,
  "nDCG@3": 0.24474939090186199,
  "nDCG@3_std": 0.3816453488668791,
  "nDCG@3_stderr": 0.009907019629833395,
  "nDCG@3_ci90_low": 0.22844360795748161,
  "nDCG@3_ci90_high": 0.2610551738462424,
  "nDCG@3_ci95_low": 0.22531612881211235,
  "nDCG@3_ci95_high": 0.26418265299161164,
  "nDCG@5": 0.27725404423350475,
  "nDCG@5_std": 0.37724232643996836,
  "nDCG@5_stderr": 0.009792722862576795,
  "nDCG@5_ci90_low": 0.26113638025403674,
  "nDCG@5_ci90_high": 0.29337170821297276,
  "nDCG@5_ci95_low": 0.2580449826719765,
  "nDCG@5_ci95_high": 0.296463105795033,
  "nDCG@10": 0.3118491060857687,
  "nDCG@10_std": 0.36509468410500445,
  "nDCG@10_stderr": 0.009477385779533604,
  "nDCG@10_ci90_low": 0.29625044966079594,
  "nDCG@10_ci90_high": 0.3274477625107415,
  "nDCG@10_ci95_low": 0.2932585986818342,
  "nDCG@10_ci95_high": 0.33043961348970324,
  "nDCG@100": 0.37363704893319194,
  "nDCG@100_std": 0.3244711069022578,
  "nDCG@100_stderr": 0.0084228502585936,
  "nDCG@100_ci90_low": 0.3597740332916296,
  "nDCG@100_ci90_high": 0.3875000645747543,
  "nDCG@100_ci95_low": 0.3571150814057371,
  "nDCG@100_ci95_high": 0.39015901646064677,
  "RR@1": 0.15768194070080863,
  "RR@3": 0.2256289308176099,
  "RR@5": 0.24362084456424032,
  "RR@10": 0.2578881080734178,
  "RR@100": 0.26944111177576674,
  "P@1": 0.15768194070080863,
  "P@3": 0.10601976639712495,
  "P@5": 0.08018867924528378,
  "P@10": 0.05128032345013476,
  "P@100": 0.00830862533692708,
  "R@1": 0.15363881401617252,
  "R@3": 0.3092430368373765,
  "R@5": 0.38797169811320753,
  "R@10": 0.493766846361186,
  "R@100": 0.7888589398023359,
  "AP": 0.26595276665874257
}