nDCG@1,nDCG@1_std,nDCG@1_stderr,nDCG@1_ci90_low,nDCG@1_ci90_high,nDCG@1_ci95_low,nDCG@1_ci95_high,nDCG@3,nDCG@3_std,nDCG@3_stderr,nDCG@3_ci90_low,nDCG@3_ci90_high,nDCG@3_ci95_low,nDCG@3_ci95_high,nDCG@5,nDCG@5_std,nDCG@5_stderr,nDCG@5_ci90_low,nDCG@5_ci90_high,nDCG@5_ci95_low,nDCG@5_ci95_high,nDCG@10,nDCG@10_std,nDCG@10_stderr,nDCG@10_ci90_low,nDCG@10_ci90_high,nDCG@10_ci95_low,nDCG@10_ci95_high,nDCG@100,nDCG@100_std,nDCG@100_stderr,nDCG@100_ci90_low,nDCG@100_ci90_high,nDCG@100_ci95_low,nDCG@100_ci95_high,RR@1,RR@3,RR@5,RR@10,RR@100,P@1,P@3,P@5,P@10,P@100,R@1,R@3,R@5,R@10,R@100,AP
0.16576819407008087,0.3719977815343258,0.009656581260212169,0.14987460307126715,0.18166178506889458,0.1468261830988334,0.18471020504132832,0.2602101345101133,0.3871172003872546,0.010049061817914148,0.2436705669186515,0.2767497021015751,0.24049824744818107,0.27992202157204554,0.29360690197857325,0.3810740754506494,0.009892190110843073,0.277325526669068,0.3098882772880785,0.2742027289529389,0.3130110750042076,0.32878861620618066,0.3678051473000785,0.009547745898317354,0.3130741553447885,0.3445030770675728,0.310060092862026,0.3475171395503353,0.39098328078972794,0.3243315940512301,0.008419228685429277,0.37712622582939376,0.4048403357500621,0.37446841721311896,0.4074981443663369,0.16576819407008087,0.24045372866127554,0.25915318957771727,0.27369507551448186,0.28527898176689276,0.16576819407008087,0.11298292902066513,0.08450134770889571,0.05357142857142843,0.008564690026954029,0.16054582210242588,0.3287848158131177,0.4095350404312669,0.5160040431266847,0.8124438454627133,0.28071512707046836
