{
  "nDCG@1": 0.17722371967654987,
  "nDCG@1_std": 0.38198664573772795,
  "nDCG@1_stderr": 0.009915879255161304,
  "nDCG@1_ci90_low": 0.1609033548364064,
  "nDCG@1_ci90_high": 0.19354408451669336,
  "nDCG@1_ci95_low": 0.1577730788566223,
  "nDCG@1_ci95_high": 0.19667436049647744,
  "nDCG@3": 0.2647584564027049,
  "nDCG@3_std": 0.392923050386907,
  "nDCG@3_stderr": 0.01019977417451747,
  "nDCG@3_ci90_low": 0.24797083409189946,
  "nDCG@3_ci90_high": 0.28154607871351034,
  "nDCG@3_ci95_low": 0.24475093727023386,
  "nDCG@3_ci95_high": 0.2847659755351759,
  "nDCG@5": 0.3015378377436057,
  "nDCG@5_std": 0.3860528271368635,
  "nDCG@5_stderr": 0.01002143206501292,
  "nDCG@5_ci90_low": 0.28504374545858796,
  "nDCG@5_ci90_high": 0.31803193002862346,
  "nDCG@5_ci95_low": 0.28188014823549556,
  "nDCG@5_ci95_high": 0.32119552725171585,
  "nDCG@10": 0.33451849474705875,
  "nDCG@10_std": 0.3728952639436843,
  "nDCG@10_stderr": 0.009679878742739713,
  "nDCG@10_ci90_low": 0.31858655884660575,
  "nDCG@10_ci90_high": 0.35045043064751175,
  "nDCG@10_ci95_low": 0.3155307842515441,
  "nDCG@10_ci95_high": 0.35350620524257337,
  "nDCG@100": 0.3992825852910727,
  "nDCG@100_std": 0.3271792191225832,
  "nDCG@100_stderr": 0.008493149349113669,
  "nDCG@100_ci90_low": 0.38530386565839725,
  "nDCG@100_ci90_high": 0.41326130492374813,
  "nDCG@100_ci95_low": 0.38262272153429844,
  "nDCG@100_ci95_high": 0.41594244904784694,
  "RR@1": 0.17722371967654987,
  "RR@3": 0.2469676549865226,
  "RR@5": 0.2673517520215628,
  "RR@10": 0.28103901938133724,
  "RR@100": 0.2932172747844387,
  "P@1": 0.17722371967654987,
  "P@3": 0.11320754716981159,
  "P@5": 0.08611859838275018,
  "P@10": 0.05377358490566021,
  "P@100": 0.008699460916441897,
  "R@1": 0.17177672955974843,
  "R@3": 0.3287848158131177,
  "R@5": 0.4176212938005391,
  "R@10": 0.5176886792452831,
  "R@100": 0.8259770889487871,
  "AP": 0.28818174277451086
}