nDCG@1,nDCG@3,nDCG@5,nDCG@10,nDCG@100,RR@1,RR@3,RR@5,RR@10,RR@100,P@1,P@3,P@5,P@10,P@100,R@1,R@3,R@5,R@10,R@100,AP
0.15026954177897575,0.2293442005377489,0.2595554176055125,0.29275877634888026,0.35741473238562943,0.15026954177897575,0.21215184186882283,0.22876235399820252,0.24261059769819832,0.2547750070199295,0.15026954177897575,0.09815813117699894,0.07439353099730527,0.04804582210242603,0.008133423180592852,0.14667565139263253,0.287848158131177,0.36056828391734047,0.4624887690925426,0.7712825696316263,0.2514096702341883
