{
  "nDCG@1": 0.16576819407008087,
  "nDCG@3": 0.2602101345101133,
  "nDCG@5": 0.29360690197857325,
  "nDCG@10": 0.32878861620618066,
  "nDCG@100": 0.39098328078972794,
  "RR@1": 0.16576819407008087,
  "RR@3": 0.24045372866127554,
  "RR@5": 0.25915318957771727,
  "RR@10": 0.27369507551448186,
  "RR@100": 0.28527898176689276,
  "P@1": 0.16576819407008087,
  "P@3": 0.11298292902066513,
  "P@5": 0.08450134770889571,
  "P@10": 0.05357142857142843,
  "P@100": 0.008564690026954029,
  "R@1": 0.16054582210242588,
  "R@3": 0.3287848158131177,
  "R@5": 0.4095350404312669,
  "R@10": 0.5160040431266847,
  "R@100": 0.8124438454627133,
  "AP": 0.28071512707046836
}