{
  "nDCG@1": 0.16576819407008087,
  "nDCG@1_std": 0.3719977815343258,
  "nDCG@1_stderr": 0.009656581260212169,
  "nDCG@1_ci90_low": 0.14987460307126715,
  "nDCG@1_ci90_high": 0.18166178506889458,
  "nDCG@1_ci95_low": 0.1468261830988334,
  "nDCG@1_ci95_high": 0.18471020504132832,
  "nDCG@3": 0.2602101345101133,
  "nDCG@3_std": 0.3871172003872546,
  "nDCG@3_stderr": 0.010049061817914148,
  "nDCG@3_ci90_low": 0.2436705669186515,
  "nDCG@3_ci90_high": 0.2767497021015751,
  "nDCG@3_ci95_low": 0.24049824744818107,
  "nDCG@3_ci95_high": 0.27992202157204554,
  "nDCG@5": 0.29360690197857325,
  "nDCG@5_std": 0.3810740754506494,
  "nDCG@5_stderr": 0.009892190110843073,
  "nDCG@5_ci90_low": 0.277325526669068,
  "nDCG@5_ci90_high": 0.3098882772880785,
  "nDCG@5_ci95_low": 0.2742027289529389,
  "nDCG@5_ci95_high": 0.3130110750042076,
  "nDCG@10": 0.32878861620618066,
  "nDCG@10_std": 0.3678051473000785,
  "nDCG@10_stderr": 0.009547745898317354,
  "nDCG@10_ci90_low": 0.3130741553447885,
  "nDCG@10_ci90_high": 0.3445030770675728,
  "nDCG@10_ci95_low": 0.310060092862026,
  "nDCG@10_ci95_high": 0.3475171395503353,
  "nDCG@100": 0.39098328078972794,
  "nDCG@100_std": 0.3243315940512301,
  "nDCG@100_stderr": 0.008419228685429277,
  "nDCG@100_ci90_low": 0.37712622582939376,
  "nDCG@100_ci90_high": 0.4048403357500621,
  "nDCG@100_ci95_low": 0.37446841721311896,
  "nDCG@100_ci95_high": 0.4074981443663369,
  "RR@1": 0.16576819407008087,
  "RR@3": 0.24045372866127554,
  "RR@5": 0.25915318957771727,
  "RR@10": 0.27369507551448186,
  "RR@100": 0.28527898176689276,
  "P@1": 0.16576819407008087,
  "P@3": 0.11298292902066513,
  "P@5": 0.08450134770889571,
  "P@10": 0.05357142857142843,
  "P@100": 0.008564690026954029,
  "R@1": 0.16054582210242588,
  "R@3": 0.3287848158131177,
  "R@5": 0.4095350404312669,
  "R@10": 0.5160040431266847,
  "R@100": 0.8124438454627133,
  "AP": 0.28071512707046836
}