nDCG@1,nDCG@1_std,nDCG@1_stderr,nDCG@1_ci90_low,nDCG@1_ci90_high,nDCG@1_ci95_low,nDCG@1_ci95_high,nDCG@3,nDCG@3_std,nDCG@3_stderr,nDCG@3_ci90_low,nDCG@3_ci90_high,nDCG@3_ci95_low,nDCG@3_ci95_high,nDCG@5,nDCG@5_std,nDCG@5_stderr,nDCG@5_ci90_low,nDCG@5_ci90_high,nDCG@5_ci95_low,nDCG@5_ci95_high,nDCG@10,nDCG@10_std,nDCG@10_stderr,nDCG@10_ci90_low,nDCG@10_ci90_high,nDCG@10_ci95_low,nDCG@10_ci95_high,nDCG@100,nDCG@100_std,nDCG@100_stderr,nDCG@100_ci90_low,nDCG@100_ci90_high,nDCG@100_ci95_low,nDCG@100_ci95_high,RR@1,RR@3,RR@5,RR@10,RR@100,P@1,P@3,P@5,P@10,P@100,R@1,R@3,R@5,R@10,R@100,AP
0.15026954177897575,0.35745588279935764,0.009279092377797855,0.1349972528478423,0.1655418307101092,0.13206799975419464,0.16847108380375686,0.2293442005377489,0.37554801746696276,0.009748740793086347,0.21329892584439838,0.2453894752310994,0.21022141266049638,0.24846698841500142,0.2595554176055125,0.37317941924826065,0.009687255046915089,0.24361134118053146,0.2754994940304935,0.24055323801054618,0.2785575972004788,0.29275877634888026,0.36292235386417143,0.009420994896211402,0.2772529326504236,0.3082646200473369,0.274278883323035,0.3112386693747255,0.35741473238562943,0.3233041184442618,0.00839255674762725,0.3436015762813343,0.37122788848992455,0.34095218754635165,0.3738772772249072,0.15026954177897575,0.21215184186882283,0.22876235399820252,0.24261059769819832,0.2547750070199295,0.15026954177897575,0.09815813117699894,0.07439353099730527,0.04804582210242603,0.008133423180592852,0.14667565139263253,0.287848158131177,0.36056828391734047,0.4624887690925426,0.7712825696316263,0.2514096702341883
