{
  "nDCG@1": 0.17722371967654987,
  "nDCG@3": 0.2647584564027049,
  "nDCG@5": 0.3015378377436057,
  "nDCG@10": 0.33451849474705875,
  "nDCG@100": 0.3992825852910727,
  "RR@1": 0.17722371967654987,
  "RR@3": 0.2469676549865226,
  "RR@5": 0.2673517520215628,
  "RR@10": 0.28103901938133724,
  "RR@100": 0.2932172747844387,
  "P@1": 0.17722371967654987,
  "P@3": 0.11320754716981159,
  "P@5": 0.08611859838275018,
  "P@10": 0.05377358490566021,
  "P@100": 0.008699460916441897,
  "R@1": 0.17177672955974843,
  "R@3": 0.3287848158131177,
  "R@5": 0.4176212938005391,
  "R@10": 0.5176886792452831,
  "R@100": 0.8259770889487871,
  "AP": 0.28818174277451086
}