nDCG@1,nDCG@1_std,nDCG@1_stderr,nDCG@1_ci90_low,nDCG@1_ci90_high,nDCG@1_ci95_low,nDCG@1_ci95_high,nDCG@3,nDCG@3_std,nDCG@3_stderr,nDCG@3_ci90_low,nDCG@3_ci90_high,nDCG@3_ci95_low,nDCG@3_ci95_high,nDCG@5,nDCG@5_std,nDCG@5_stderr,nDCG@5_ci90_low,nDCG@5_ci90_high,nDCG@5_ci95_low,nDCG@5_ci95_high,nDCG@10,nDCG@10_std,nDCG@10_stderr,nDCG@10_ci90_low,nDCG@10_ci90_high,nDCG@10_ci95_low,nDCG@10_ci95_high,nDCG@100,nDCG@100_std,nDCG@100_stderr,nDCG@100_ci90_low,nDCG@100_ci90_high,nDCG@100_ci95_low,nDCG@100_ci95_high,RR@1,RR@3,RR@5,RR@10,RR@100,P@1,P@3,P@5,P@10,P@100,R@1,R@3,R@5,R@10,R@100,AP
0.14892183288409702,0.3561314157086241,0.00924471092521125,0.13370613175879587,0.16413753400939818,0.13078773231033816,0.16705593345785588,0.22287559912976582,0.3730573619625597,0.009684086597649313,0.20693673759765152,0.2388144606618801,0.20387963465370515,0.24187156360582648,0.2509250085748839,0.3707343899845002,0.009623785249671363,0.23508539593175143,0.2667646212180164,0.23204732910717146,0.2698026880425964,0.2825161626525935,0.3622775269513712,0.009404256023585484,0.26703786915934186,0.29799445614584513,0.26406910401196004,0.30096322129322695,0.34733157748366716,0.3247900781081622,0.008431130338535958,0.3334549338095232,0.36120822115781115,0.3307933680419277,0.3638697869254066,0.14892183288409702,0.2074348607367474,0.22300089847259616,0.2363084541992895,0.24871056444214742,0.14892183288409702,0.09501347708894854,0.0712938005390842,0.04582210242587628,0.00789083557951469,0.14465408805031446,0.27757187780772685,0.34568733153638814,0.441262353998203,0.748708445642408,0.2445536766883031
