{
  "nDCG@1": 0.14016172506738545,
  "nDCG@3": 0.21521283358137192,
  "nDCG@5": 0.242909865046567,
  "nDCG@10": 0.274260173211907,
  "nDCG@100": 0.33733681205109595,
  "RR@1": 0.14016172506738545,
  "RR@3": 0.19901168014375564,
  "RR@5": 0.21451033243486037,
  "RR@10": 0.22781441192829308,
  "RR@100": 0.23962872153007497,
  "P@1": 0.14016172506738545,
  "P@3": 0.09299191374663042,
  "P@5": 0.0698113207547176,
  "P@10": 0.0450134770889491,
  "P@100": 0.007735849056603642,
  "R@1": 0.13572551662174304,
  "R@3": 0.272181042228212,
  "R@5": 0.3389487870619946,
  "R@10": 0.43429919137466305,
  "R@100": 0.734220575022462,
  "AP": 0.23547852390514248
}