nDCG@1,nDCG@3,nDCG@5,nDCG@10,nDCG@100,RR@1,RR@3,RR@5,RR@10,RR@100,P@1,P@3,P@5,P@10,P@100,R@1,R@3,R@5,R@10,R@100,AP
0.1778975741239892,0.26566649982846824,0.30050215128061547,0.33450305347417697,0.3996617995215803,0.1778975741239892,0.24741689128481548,0.26682389937106865,0.28110132417746947,0.2933510978504258,0.1778975741239892,0.11388140161725097,0.08557951482479868,0.05363881401617235,0.008712938005390683,0.1724505840071878,0.33080637915543576,0.414588948787062,0.5170148247978437,0.8273247978436657,0.28845621090317014
