nDCG@1,nDCG@3,nDCG@5,nDCG@10,nDCG@100,RR@1,RR@3,RR@5,RR@10,RR@100,P@1,P@3,P@5,P@10,P@100,R@1,R@3,R@5,R@10,R@100,AP
0.16576819407008087,0.2602101345101133,0.29360690197857325,0.32878861620618066,0.39098328078972794,0.16576819407008087,0.24045372866127554,0.25915318957771727,0.27369507551448186,0.28527898176689276,0.16576819407008087,0.11298292902066513,0.08450134770889571,0.05357142857142843,0.008564690026954029,0.16054582210242588,0.3287848158131177,0.4095350404312669,0.5160040431266847,0.8124438454627133,0.28071512707046836
