nDCG@1,nDCG@1_std,nDCG@1_stderr,nDCG@1_ci90_low,nDCG@1_ci90_high,nDCG@1_ci95_low,nDCG@1_ci95_high,nDCG@3,nDCG@3_std,nDCG@3_stderr,nDCG@3_ci90_low,nDCG@3_ci90_high,nDCG@3_ci95_low,nDCG@3_ci95_high,nDCG@5,nDCG@5_std,nDCG@5_stderr,nDCG@5_ci90_low,nDCG@5_ci90_high,nDCG@5_ci95_low,nDCG@5_ci95_high,nDCG@10,nDCG@10_std,nDCG@10_stderr,nDCG@10_ci90_low,nDCG@10_ci90_high,nDCG@10_ci95_low,nDCG@10_ci95_high,nDCG@100,nDCG@100_std,nDCG@100_stderr,nDCG@100_ci90_low,nDCG@100_ci90_high,nDCG@100_ci95_low,nDCG@100_ci95_high,RR@1,RR@3,RR@5,RR@10,RR@100,P@1,P@3,P@5,P@10,P@100,R@1,R@3,R@5,R@10,R@100,AP
0.17722371967654987,0.38198664573772795,0.009915879255161304,0.1609033548364064,0.19354408451669336,0.1577730788566223,0.19667436049647744,0.2647584564027049,0.392923050386907,0.01019977417451747,0.24797083409189946,0.28154607871351034,0.24475093727023386,0.2847659755351759,0.3015378377436057,0.3860528271368635,0.01002143206501292,0.28504374545858796,0.31803193002862346,0.28188014823549556,0.32119552725171585,0.33451849474705875,0.3728952639436843,0.009679878742739713,0.31858655884660575,0.35045043064751175,0.3155307842515441,0.35350620524257337,0.3992825852910727,0.3271792191225832,0.008493149349113669,0.38530386565839725,0.41326130492374813,0.38262272153429844,0.41594244904784694,0.17722371967654987,0.2469676549865226,0.2673517520215628,0.28103901938133724,0.2932172747844387,0.17722371967654987,0.11320754716981159,0.08611859838275018,0.05377358490566021,0.008699460916441897,0.17177672955974843,0.3287848158131177,0.4176212938005391,0.5176886792452831,0.8259770889487871,0.28818174277451086
