nDCG@1,nDCG@3,nDCG@5,nDCG@10,nDCG@100,RR@1,RR@3,RR@5,RR@10,RR@100,P@1,P@3,P@5,P@10,P@100,R@1,R@3,R@5,R@10,R@100,AP
0.15768194070080863,0.24474939090186199,0.27725404423350475,0.3118491060857687,0.37363704893319194,0.15768194070080863,0.2256289308176099,0.24362084456424032,0.2578881080734178,0.26944111177576674,0.15768194070080863,0.10601976639712495,0.08018867924528378,0.05128032345013476,0.00830862533692708,0.15363881401617252,0.3092430368373765,0.38797169811320753,0.493766846361186,0.7888589398023359,0.26595276665874257
