{
  "nDCG@1": 0.15026954177897575,
  "nDCG@3": 0.2293442005377489,
  "nDCG@5": 0.2595554176055125,
  "nDCG@10": 0.29275877634888026,
  "nDCG@100": 0.35741473238562943,
  "RR@1": 0.15026954177897575,
  "RR@3": 0.21215184186882283,
  "RR@5": 0.22876235399820252,
  "RR@10": 0.24261059769819832,
  "RR@100": 0.2547750070199295,
  "P@1": 0.15026954177897575,
  "P@3": 0.09815813117699894,
  "P@5": 0.07439353099730527,
  "P@10": 0.04804582210242603,
  "P@100": 0.008133423180592852,
  "R@1": 0.14667565139263253,
  "R@3": 0.287848158131177,
  "R@5": 0.36056828391734047,
  "R@10": 0.4624887690925426,
  "R@100": 0.7712825696316263,
  "AP": 0.2514096702341883
}