nDCG@1,nDCG@1_std,nDCG@1_stderr,nDCG@1_ci90_low,nDCG@1_ci90_high,nDCG@1_ci95_low,nDCG@1_ci95_high,nDCG@3,nDCG@3_std,nDCG@3_stderr,nDCG@3_ci90_low,nDCG@3_ci90_high,nDCG@3_ci95_low,nDCG@3_ci95_high,nDCG@5,nDCG@5_std,nDCG@5_stderr,nDCG@5_ci90_low,nDCG@5_ci90_high,nDCG@5_ci95_low,nDCG@5_ci95_high,nDCG@10,nDCG@10_std,nDCG@10_stderr,nDCG@10_ci90_low,nDCG@10_ci90_high,nDCG@10_ci95_low,nDCG@10_ci95_high,nDCG@100,nDCG@100_std,nDCG@100_stderr,nDCG@100_ci90_low,nDCG@100_ci90_high,nDCG@100_ci95_low,nDCG@100_ci95_high,RR@1,RR@3,RR@5,RR@10,RR@100,P@1,P@3,P@5,P@10,P@100,R@1,R@3,R@5,R@10,R@100,AP
0.15768194070080863,0.3645653670629918,0.00946364539375085,0.14210589932622608,0.17325798207539117,0.13911838595550477,0.17624549544611248,0.24474939090186199,0.3816453488668791,0.009907019629833395,0.22844360795748161,0.2610551738462424,0.22531612881211235,0.26418265299161164,0.27725404423350475,0.37724232643996836,0.009792722862576795,0.26113638025403674,0.29337170821297276,0.2580449826719765,0.296463105795033,0.3118491060857687,0.36509468410500445,0.009477385779533604,0.29625044966079594,0.3274477625107415,0.2932585986818342,0.33043961348970324,0.37363704893319194,0.3244711069022578,0.0084228502585936,0.3597740332916296,0.3875000645747543,0.3571150814057371,0.39015901646064677,0.15768194070080863,0.2256289308176099,0.24362084456424032,0.2578881080734178,0.26944111177576674,0.15768194070080863,0.10601976639712495,0.08018867924528378,0.05128032345013476,0.00830862533692708,0.15363881401617252,0.3092430368373765,0.38797169811320753,0.493766846361186,0.7888589398023359,0.26595276665874257
