{
  "nDCG@1": 0.7014824797843666,
  "nDCG@1_std": 0.4577619619991602,
  "nDCG@1_stderr": 0.011882908456192378,
  "nDCG@1_ci90_low": 0.6819246174529812,
  "nDCG@1_ci90_high": 0.7210403421157521,
  "nDCG@1_ci95_low": 0.6781733835025444,
  "nDCG@1_ci95_high": 0.7247915760661888,
  "nDCG@3": 0.7800607140364498,
  "nDCG@3_std": 0.36660420666230303,
  "nDCG@3_stderr": 0.009516571032678271,
  "nDCG@3_ci90_low": 0.7643975633179083,
  "nDCG@3_ci90_high": 0.7957238647549914,
  "nDCG@3_ci95_low": 0.7613933422148734,
  "nDCG@3_ci95_high": 0.7987280858580262,
  "nDCG@5": 0.8018173125113994,
  "nDCG@5_std": 0.33293028008347303,
  "nDCG@5_stderr": 0.008642439453135814,
  "nDCG@5_ci90_low": 0.7875928790189676,
  "nDCG@5_ci90_high": 0.8160417460038313,
  "nDCG@5_ci95_low": 0.7848646065248458,
  "nDCG@5_ci95_high": 0.8187700184979531,
  "nDCG@10": 0.8175496590213496,
  "nDCG@10_std": 0.3028425224739523,
  "nDCG@10_stderr": 0.00786140018162313,
  "nDCG@10_ci90_low": 0.804610723822872,
  "nDCG@10_ci90_high": 0.8304885942198271,
  "nDCG@10_ci95_low": 0.8021290122647975,
  "nDCG@10_ci95_high": 0.8329703057779017,
  "nDCG@100": 0.8315072856137675,
  "nDCG@100_std": 0.26983372037671965,
  "nDCG@100_stderr": 0.007004534373339335,
  "nDCG@100_ci90_low": 0.8199786502233435,
  "nDCG@100_ci90_high": 0.8430359210041916,
  "nDCG@100_ci95_low": 0.8177674367611563,
  "nDCG@100_ci95_high": 0.8452471344663788,
  "RR@1": 0.7014824797843666,
  "RR@3": 0.7669586702605573,
  "RR@5": 0.7777403414195873,
  "RR@10": 0.7839553116844226,
  "RR@100": 0.7868430465922602,
  "P@1": 0.7014824797843666,
  "P@3": 0.2924528301886748,
  "P@5": 0.187196765498648,
  "P@10": 0.09878706199460677,
  "P@100": 0.010559299191374475,
  "R@1": 0.681266846361186,
  "R@3": 0.8347371967654986,
  "R@5": 0.8860624438454626,
  "R@10": 0.9325584007187779,
  "R@100": 0.9931491464510334,
  "AP": 0.7814578791041522
}