{
  "nDCG@1": 0.6206199460916442,
  "nDCG@1_std": 0.4853963279408067,
  "nDCG@1_stderr": 0.012600260853266623,
  "nDCG@1_ci90_low": 0.5998814065315491,
  "nDCG@1_ci90_high": 0.6413584856517393,
  "nDCG@1_ci95_low": 0.5959037165180826,
  "nDCG@1_ci95_high": 0.6453361756652057,
  "nDCG@3": 0.7068258761694908,
  "nDCG@3_std": 0.40855248864321553,
  "nDCG@3_stderr": 0.010605494176263193,
  "nDCG@3_ci90_low": 0.68937048670652,
  "nDCG@3_ci90_high": 0.7242812656324615,
  "nDCG@3_ci95_low": 0.6860225109174425,
  "nDCG@3_ci95_high": 0.7276292414215391,
  "nDCG@5": 0.7276697361819081,
  "nDCG@5_std": 0.3830479170871754,
  "nDCG@5_stderr": 0.009943428486726087,
  "nDCG@5_ci90_low": 0.7113040285639198,
  "nDCG@5_ci90_high": 0.7440354437998964,
  "nDCG@5_ci95_low": 0.7081650557559866,
  "nDCG@5_ci95_high": 0.7471744166078296,
  "nDCG@10": 0.7489364316613817,
  "nDCG@10_std": 0.35188603743569685,
  "nDCG@10_stderr": 0.009134506396292362,
  "nDCG@10_ci90_low": 0.7339021141605389,
  "nDCG@10_ci90_high": 0.7639707491622245,
  "nDCG@10_ci95_low": 0.7310185044247088,
  "nDCG@10_ci95_high": 0.7668543588980545,
  "nDCG@100": 0.7715345776855219,
  "nDCG@100_std": 0.3089986494622036,
  "nDCG@100_stderr": 0.008021205275796115,
  "nDCG@100_ci90_low": 0.75833262219675,
  "nDCG@100_ci90_high": 0.7847365331742938,
  "nDCG@100_ci95_low": 0.7558004628634591,
  "nDCG@100_ci95_high": 0.7872686925075847,
  "RR@1": 0.6192722371967655,
  "RR@3": 0.6910377358490573,
  "RR@5": 0.7012466307277638,
  "RR@10": 0.7096109827578834,
  "RR@100": 0.7140904063857622,
  "P@1": 0.6206199460916442,
  "P@3": 0.2684186882300057,
  "P@5": 0.17237196765498292,
  "P@10": 0.09319407008086043,
  "P@100": 0.010438005390835394,
  "R@1": 0.6037735849056604,
  "R@3": 0.7680256064690026,
  "R@5": 0.8174415992812218,
  "R@10": 0.880503144654088,
  "R@100": 0.9824797843665768,
  "AP": 0.7092037172704505
}