{
  "nDCG@1": 0.7533692722371967,
  "nDCG@1_std": 0.43119520077628143,
  "nDCG@1_stderr": 0.011193269696758783,
  "nDCG@1_ci90_low": 0.7349464737637139,
  "nDCG@1_ci90_high": 0.7717920707106796,
  "nDCG@1_ci95_low": 0.7314129471479304,
  "nDCG@1_ci95_high": 0.7753255973264631,
  "nDCG@3": 0.8216940599468252,
  "nDCG@3_std": 0.3363472547291429,
  "nDCG@3_stderr": 0.008731139695362797,
  "nDCG@3_ci90_low": 0.8073236363432491,
  "nDCG@3_ci90_high": 0.8360644835504013,
  "nDCG@3_ci95_low": 0.8045673626774209,
  "nDCG@3_ci95_high": 0.8388207572162295,
  "nDCG@5": 0.8395294726895052,
  "nDCG@5_std": 0.3044549996051117,
  "nDCG@5_stderr": 0.007903258002341982,
  "nDCG@5_ci90_low": 0.8265216444672255,
  "nDCG@5_ci90_high": 0.8525373009117848,
  "nDCG@5_ci95_low": 0.8240267191005325,
  "nDCG@5_ci95_high": 0.8550322262784779,
  "nDCG@10": 0.8528825981188191,
  "nDCG@10_std": 0.274647314736646,
  "nDCG@10_stderr": 0.00712948905693612,
  "nDCG@10_ci90_low": 0.8411483020933361,
  "nDCG@10_ci90_high": 0.864616894144302,
  "nDCG@10_ci95_low": 0.8388976425432569,
  "nDCG@10_ci95_high": 0.8668675536943812,
  "nDCG@100": 0.8628966260890273,
  "nDCG@100_std": 0.24762685615608732,
  "nDCG@100_stderr": 0.006428072900917229,
  "nDCG@100_ci90_low": 0.8523167781237142,
  "nDCG@100_ci90_high": 0.8734764740543404,
  "nDCG@100_ci95_low": 0.850287543833919,
  "nDCG@100_ci95_high": 0.8755057083441355,
  "RR@1": 0.7526954177897575,
  "RR@3": 0.8089622641509432,
  "RR@5": 0.8177560646900273,
  "RR@10": 0.8231629444230522,
  "RR@100": 0.8253068908397286,
  "P@1": 0.7533692722371967,
  "P@3": 0.30548068283916835,
  "P@5": 0.19312668463611404,
  "P@10": 0.1010107816711565,
  "P@100": 0.010586253369272047,
  "R@1": 0.7311320754716981,
  "R@3": 0.8714622641509434,
  "R@5": 0.913690476190476,
  "R@10": 0.9531109613656783,
  "R@100": 0.9953953279424976,
  "AP": 0.8208943080256094
}