nDCG@1,nDCG@1_std,nDCG@1_stderr,nDCG@1_ci90_low,nDCG@1_ci90_high,nDCG@1_ci95_low,nDCG@1_ci95_high,nDCG@3,nDCG@3_std,nDCG@3_stderr,nDCG@3_ci90_low,nDCG@3_ci90_high,nDCG@3_ci95_low,nDCG@3_ci95_high,nDCG@5,nDCG@5_std,nDCG@5_stderr,nDCG@5_ci90_low,nDCG@5_ci90_high,nDCG@5_ci95_low,nDCG@5_ci95_high,nDCG@10,nDCG@10_std,nDCG@10_stderr,nDCG@10_ci90_low,nDCG@10_ci90_high,nDCG@10_ci95_low,nDCG@10_ci95_high,nDCG@100,nDCG@100_std,nDCG@100_stderr,nDCG@100_ci90_low,nDCG@100_ci90_high,nDCG@100_ci95_low,nDCG@100_ci95_high,RR@1,RR@3,RR@5,RR@10,RR@100,P@1,P@3,P@5,P@10,P@100,R@1,R@3,R@5,R@10,R@100,AP
0.6206199460916442,0.4853963279408067,0.012600260853266623,0.5998814065315491,0.6413584856517393,0.5959037165180826,0.6453361756652057,0.7068258761694908,0.40855248864321553,0.010605494176263193,0.68937048670652,0.7242812656324615,0.6860225109174425,0.7276292414215391,0.7276697361819081,0.3830479170871754,0.009943428486726087,0.7113040285639198,0.7440354437998964,0.7081650557559866,0.7471744166078296,0.7489364316613817,0.35188603743569685,0.009134506396292362,0.7339021141605389,0.7639707491622245,0.7310185044247088,0.7668543588980545,0.7715345776855219,0.3089986494622036,0.008021205275796115,0.75833262219675,0.7847365331742938,0.7558004628634591,0.7872686925075847,0.6192722371967655,0.6910377358490573,0.7012466307277638,0.7096109827578834,0.7140904063857622,0.6206199460916442,0.2684186882300057,0.17237196765498292,0.09319407008086043,0.010438005390835394,0.6037735849056604,0.7680256064690026,0.8174415992812218,0.880503144654088,0.9824797843665768,0.7092037172704505
