nDCG@1,nDCG@1_std,nDCG@1_stderr,nDCG@1_ci90_low,nDCG@1_ci90_high,nDCG@1_ci95_low,nDCG@1_ci95_high,nDCG@3,nDCG@3_std,nDCG@3_stderr,nDCG@3_ci90_low,nDCG@3_ci90_high,nDCG@3_ci95_low,nDCG@3_ci95_high,nDCG@5,nDCG@5_std,nDCG@5_stderr,nDCG@5_ci90_low,nDCG@5_ci90_high,nDCG@5_ci95_low,nDCG@5_ci95_high,nDCG@10,nDCG@10_std,nDCG@10_stderr,nDCG@10_ci90_low,nDCG@10_ci90_high,nDCG@10_ci95_low,nDCG@10_ci95_high,nDCG@100,nDCG@100_std,nDCG@100_stderr,nDCG@100_ci90_low,nDCG@100_ci90_high,nDCG@100_ci95_low,nDCG@100_ci95_high,RR@1,RR@3,RR@5,RR@10,RR@100,P@1,P@3,P@5,P@10,P@100,R@1,R@3,R@5,R@10,R@100,AP
0.7014824797843666,0.4577619619991602,0.011882908456192378,0.6819246174529812,0.7210403421157521,0.6781733835025444,0.7247915760661888,0.7800607140364498,0.36660420666230303,0.009516571032678271,0.7643975633179083,0.7957238647549914,0.7613933422148734,0.7987280858580262,0.8018173125113994,0.33293028008347303,0.008642439453135814,0.7875928790189676,0.8160417460038313,0.7848646065248458,0.8187700184979531,0.8175496590213496,0.3028425224739523,0.00786140018162313,0.804610723822872,0.8304885942198271,0.8021290122647975,0.8329703057779017,0.8315072856137675,0.26983372037671965,0.007004534373339335,0.8199786502233435,0.8430359210041916,0.8177674367611563,0.8452471344663788,0.7014824797843666,0.7669586702605573,0.7777403414195873,0.7839553116844226,0.7868430465922602,0.7014824797843666,0.2924528301886748,0.187196765498648,0.09878706199460677,0.010559299191374475,0.681266846361186,0.8347371967654986,0.8860624438454626,0.9325584007187779,0.9931491464510334,0.7814578791041522
