nDCG@1,nDCG@1_std,nDCG@1_stderr,nDCG@1_ci90_low,nDCG@1_ci90_high,nDCG@1_ci95_low,nDCG@1_ci95_high,nDCG@3,nDCG@3_std,nDCG@3_stderr,nDCG@3_ci90_low,nDCG@3_ci90_high,nDCG@3_ci95_low,nDCG@3_ci95_high,nDCG@5,nDCG@5_std,nDCG@5_stderr,nDCG@5_ci90_low,nDCG@5_ci90_high,nDCG@5_ci95_low,nDCG@5_ci95_high,nDCG@10,nDCG@10_std,nDCG@10_stderr,nDCG@10_ci90_low,nDCG@10_ci90_high,nDCG@10_ci95_low,nDCG@10_ci95_high,nDCG@100,nDCG@100_std,nDCG@100_stderr,nDCG@100_ci90_low,nDCG@100_ci90_high,nDCG@100_ci95_low,nDCG@100_ci95_high,RR@1,RR@3,RR@5,RR@10,RR@100,P@1,P@3,P@5,P@10,P@100,R@1,R@3,R@5,R@10,R@100,AP
0.7533692722371967,0.43119520077628143,0.011193269696758783,0.7349464737637139,0.7717920707106796,0.7314129471479304,0.7753255973264631,0.8216940599468252,0.3363472547291429,0.008731139695362797,0.8073236363432491,0.8360644835504013,0.8045673626774209,0.8388207572162295,0.8395294726895052,0.3044549996051117,0.007903258002341982,0.8265216444672255,0.8525373009117848,0.8240267191005325,0.8550322262784779,0.8528825981188191,0.274647314736646,0.00712948905693612,0.8411483020933361,0.864616894144302,0.8388976425432569,0.8668675536943812,0.8628966260890273,0.24762685615608732,0.006428072900917229,0.8523167781237142,0.8734764740543404,0.850287543833919,0.8755057083441355,0.7526954177897575,0.8089622641509432,0.8177560646900273,0.8231629444230522,0.8253068908397286,0.7533692722371967,0.30548068283916835,0.19312668463611404,0.1010107816711565,0.010586253369272047,0.7311320754716981,0.8714622641509434,0.913690476190476,0.9531109613656783,0.9953953279424976,0.8208943080256094
