nDCG@1,nDCG@1_std,nDCG@1_stderr,nDCG@1_ci90_low,nDCG@1_ci90_high,nDCG@1_ci95_low,nDCG@1_ci95_high,nDCG@3,nDCG@3_std,nDCG@3_stderr,nDCG@3_ci90_low,nDCG@3_ci90_high,nDCG@3_ci95_low,nDCG@3_ci95_high,nDCG@5,nDCG@5_std,nDCG@5_stderr,nDCG@5_ci90_low,nDCG@5_ci90_high,nDCG@5_ci95_low,nDCG@5_ci95_high,nDCG@10,nDCG@10_std,nDCG@10_stderr,nDCG@10_ci90_low,nDCG@10_ci90_high,nDCG@10_ci95_low,nDCG@10_ci95_high,nDCG@100,nDCG@100_std,nDCG@100_stderr,nDCG@100_ci90_low,nDCG@100_ci90_high,nDCG@100_ci95_low,nDCG@100_ci95_high,RR@1,RR@3,RR@5,RR@10,RR@100,P@1,P@3,P@5,P@10,P@100,R@1,R@3,R@5,R@10,R@100,AP
0.5633423180592992,0.4961387129181918,0.012879119272891443,0.5421448105116045,0.584539825606994,0.5380790895943472,0.5886055465242512,0.6467611442173989,0.4350371323044705,0.011293001270009323,0.6281741993662076,0.6653480890685903,0.6246091891734119,0.668913099261386,0.6721861072679269,0.40864692672488107,0.01060794566671537,0.6547266829415264,0.6896455315943275,0.6513779332582252,0.6929942812776286,0.6978527582654132,0.37652345146649707,0.009774061798070909,0.6817658081917123,0.713939708339114,0.6786803015932429,0.7170252149375834,0.7239993504852602,0.33351167054756725,0.008657531597603133,0.7097500771074698,0.7382486238630506,0.7070170402776705,0.7409816606928499,0.5633423180592992,0.6306154537286619,0.6448337825696326,0.65439369143884,0.6594892685129151,0.5633423180592992,0.24707996406109384,0.16172506738544162,0.08942048517520024,0.010262803234501164,0.5478436657681941,0.7068733153638814,0.7679132973944294,0.8454627133872415,0.9663072776280324,0.6541211700717753
