{
  "nDCG@1": 0.6516172506738545,
  "nDCG@1_std": 0.4766185955626693,
  "nDCG@1_stderr": 0.01237240227400233,
  "nDCG@1_ci90_low": 0.6312537393941425,
  "nDCG@1_ci90_high": 0.6719807619535664,
  "nDCG@1_ci95_low": 0.6273479804943075,
  "nDCG@1_ci95_high": 0.6758865208534014,
  "nDCG@3": 0.726928750884691,
  "nDCG@3_std": 0.40195660092412067,
  "nDCG@3_stderr": 0.01043427346231171,
  "nDCG@3_ci90_low": 0.709755170472433,
  "nDCG@3_ci90_high": 0.744102331296949,
  "nDCG@3_ci95_low": 0.7064612461773613,
  "nDCG@3_ci95_high": 0.7473962555920207,
  "nDCG@5": 0.751600438841204,
  "nDCG@5_std": 0.3698477340387944,
  "nDCG@5_stderr": 0.009600768808137105,
  "nDCG@5_ci90_low": 0.735798708539465,
  "nDCG@5_ci90_high": 0.7674021691429429,
  "nDCG@5_ci95_low": 0.7327679076176074,
  "nDCG@5_ci95_high": 0.7704329700648006,
  "nDCG@10": 0.7721509123960673,
  "nDCG@10_std": 0.33667772663019624,
  "nDCG@10_stderr": 0.008739718318476022,
  "nDCG@10_ci90_low": 0.7577663693931489,
  "nDCG@10_ci90_high": 0.7865354553989856,
  "nDCG@10_ci95_low": 0.7550073876005696,
  "nDCG@10_ci95_high": 0.7892944371915649,
  "nDCG@100": 0.7914224172568418,
  "nDCG@100_std": 0.2978237523898167,
  "nDCG@100_stderr": 0.007731119401603733,
  "nDCG@100_ci90_low": 0.7786979088183985,
  "nDCG@100_ci90_high": 0.8041469256952851,
  "nDCG@100_ci95_low": 0.7762573247071018,
  "nDCG@100_ci95_high": 0.8065875098065818,
  "RR@1": 0.6516172506738545,
  "RR@3": 0.714847259658581,
  "RR@5": 0.7275831087151853,
  "RR@10": 0.7357728468745994,
  "RR@100": 0.7394303490171297,
  "P@1": 0.6516172506738545,
  "P@3": 0.2738095238095203,
  "P@5": 0.17708894878705814,
  "P@10": 0.09541778975741014,
  "P@100": 0.010505390835579326,
  "R@1": 0.6314577717879605,
  "R@3": 0.7809411500449235,
  "R@5": 0.8397349505840073,
  "R@10": 0.9010557053009883,
  "R@100": 0.9886567834681042,
  "AP": 0.7324408344088386
}