nDCG@1,nDCG@1_std,nDCG@1_stderr,nDCG@1_ci90_low,nDCG@1_ci90_high,nDCG@1_ci95_low,nDCG@1_ci95_high,nDCG@3,nDCG@3_std,nDCG@3_stderr,nDCG@3_ci90_low,nDCG@3_ci90_high,nDCG@3_ci95_low,nDCG@3_ci95_high,nDCG@5,nDCG@5_std,nDCG@5_stderr,nDCG@5_ci90_low,nDCG@5_ci90_high,nDCG@5_ci95_low,nDCG@5_ci95_high,nDCG@10,nDCG@10_std,nDCG@10_stderr,nDCG@10_ci90_low,nDCG@10_ci90_high,nDCG@10_ci95_low,nDCG@10_ci95_high,nDCG@100,nDCG@100_std,nDCG@100_stderr,nDCG@100_ci90_low,nDCG@100_ci90_high,nDCG@100_ci95_low,nDCG@100_ci95_high,RR@1,RR@3,RR@5,RR@10,RR@100,P@1,P@3,P@5,P@10,P@100,R@1,R@3,R@5,R@10,R@100,AP
0.5613207547169812,0.49639279476000914,0.012885714908871136,0.5401123915323054,0.582529117901657,0.5360445884839182,0.5865969209500441,0.6530139611262713,0.42801986719610796,0.011110842144049315,0.6347268286586445,0.6713010935938981,0.6312193230321932,0.6748085992203494,0.6769504986038145,0.40281821532812234,0.010456639857812497,0.6597401057490752,0.6941608914585539,0.6564391207598594,0.6974618764477696,0.6986195223820372,0.3752208648384599,0.009740248333995328,0.6825882252722362,0.7146508194918382,0.6795133930145554,0.717725651749519,0.7265113410323859,0.32951580163549277,0.008553804008972224,0.7124327910011473,0.7405898910636245,0.7097324992230754,0.7432901828416965,0.5613207547169812,0.6369047619047625,0.6495732255166229,0.6581349206349213,0.6636084947771868,0.5613207547169812,0.250673854447437,0.16293800539083234,0.0886792452830169,0.01027628032344995,0.5441936208445642,0.7175988319856245,0.7757187780772685,0.8406895777178797,0.9677672955974842,0.6562020159712941
