{
  "nDCG@1": 0.5175202156334232,
  "nDCG@1_std": 0.4998613930561738,
  "nDCG@1_stderr": 0.012975755234294034,
  "nDCG@1_ci90_low": 0.49616365671910884,
  "nDCG@1_ci90_high": 0.5388767745477376,
  "nDCG@1_ci95_low": 0.4920674294573331,
  "nDCG@1_ci95_high": 0.5429730018095134,
  "nDCG@3": 0.6053870286585198,
  "nDCG@3_std": 0.44308169243463064,
  "nDCG@3_stderr": 0.011501827646013896,
  "nDCG@3_ci90_low": 0.5864563802832192,
  "nDCG@3_ci90_high": 0.6243176770338204,
  "nDCG@3_ci95_low": 0.5828254471226331,
  "nDCG@3_ci95_high": 0.6279486101944065,
  "nDCG@5": 0.6299746710758777,
  "nDCG@5_std": 0.4213391268381705,
  "nDCG@5_stderr": 0.01093741876534336,
  "nDCG@5_ci90_low": 0.6119729729847151,
  "nDCG@5_ci90_high": 0.6479763691670403,
  "nDCG@5_ci95_low": 0.6085202141964138,
  "nDCG@5_ci95_high": 0.6514291279553416,
  "nDCG@10": 0.6531896072578824,
  "nDCG@10_std": 0.39489420548148085,
  "nDCG@10_stderr": 0.010250942811246227,
  "nDCG@10_ci90_low": 0.6363177674209962,
  "nDCG@10_ci90_high": 0.6700614470947687,
  "nDCG@10_ci95_low": 0.6330817175230024,
  "nDCG@10_ci95_high": 0.6732974969927625,
  "nDCG@100": 0.6858449766498219,
  "nDCG@100_std": 0.3480652608097837,
  "nDCG@100_stderr": 0.009035323976942787,
  "nDCG@100_ci90_low": 0.6709739016842965,
  "nDCG@100_ci90_high": 0.7007160516153473,
  "nDCG@100_ci95_low": 0.6681216021668462,
  "nDCG@100_ci95_high": 0.7035683511327976,
  "RR@1": 0.5175202156334232,
  "RR@3": 0.5902964959568738,
  "RR@5": 0.6031334231805938,
  "RR@10": 0.6124045372866131,
  "RR@100": 0.618750373164884,
  "P@1": 0.5175202156334232,
  "P@3": 0.2331536388140146,
  "P@5": 0.15256064690026683,
  "P@10": 0.08409703504042952,
  "P@100": 0.010047169811320575,
  "R@1": 0.5010669362084457,
  "R@3": 0.6684074573225517,
  "R@5": 0.7277066486972147,
  "R@10": 0.7984052111410603,
  "R@100": 0.9472708894878706,
  "AP": 0.6110709612122425
}