nDCG@1,nDCG@1_std,nDCG@1_stderr,nDCG@1_ci90_low,nDCG@1_ci90_high,nDCG@1_ci95_low,nDCG@1_ci95_high,nDCG@3,nDCG@3_std,nDCG@3_stderr,nDCG@3_ci90_low,nDCG@3_ci90_high,nDCG@3_ci95_low,nDCG@3_ci95_high,nDCG@5,nDCG@5_std,nDCG@5_stderr,nDCG@5_ci90_low,nDCG@5_ci90_high,nDCG@5_ci95_low,nDCG@5_ci95_high,nDCG@10,nDCG@10_std,nDCG@10_stderr,nDCG@10_ci90_low,nDCG@10_ci90_high,nDCG@10_ci95_low,nDCG@10_ci95_high,nDCG@100,nDCG@100_std,nDCG@100_stderr,nDCG@100_ci90_low,nDCG@100_ci90_high,nDCG@100_ci95_low,nDCG@100_ci95_high,RR@1,RR@3,RR@5,RR@10,RR@100,P@1,P@3,P@5,P@10,P@100,R@1,R@3,R@5,R@10,R@100,AP
0.7035040431266847,0.456866234125312,0.011859656519137335,0.6839844507344759,0.7230236355188935,0.680240557028729,0.7267675292246404,0.7758396360201789,0.37347442064206665,0.009694912901538344,0.7598829556719221,0.7917963163684357,0.7568224350462813,0.7948568369940765,0.7962169339368479,0.341800433795056,0.008872697170676985,0.7816135234660937,0.8108203444076021,0.7788125624908164,0.8136213053828794,0.8116641981387567,0.31326509680823,0.008131956730601547,0.7982799588501834,0.8250484374273299,0.7957128371489792,0.8276155591285341,0.8273240143609344,0.2775001591131925,0.007203545207032591,0.8154678306684953,0.8391801980533735,0.813193792839815,0.8414542358820538,0.7021563342318059,0.7621293800539086,0.7728436657681949,0.7786286527189497,0.7819550096182628,0.7035040431266847,0.2902066486972102,0.18504043126684214,0.09777628032344778,0.010525606469002505,0.6837938005390836,0.8267070979335129,0.8763477088948786,0.9227313566936208,0.9911275831087153,0.7774534279971826
