{
  "nDCG@1": 0.5613207547169812,
  "nDCG@1_std": 0.49639279476000914,
  "nDCG@1_stderr": 0.012885714908871136,
  "nDCG@1_ci90_low": 0.5401123915323054,
  "nDCG@1_ci90_high": 0.582529117901657,
  "nDCG@1_ci95_low": 0.5360445884839182,
  "nDCG@1_ci95_high": 0.5865969209500441,
  "nDCG@3": 0.6530139611262713,
  "nDCG@3_std": 0.42801986719610796,
  "nDCG@3_stderr": 0.011110842144049315,
  "nDCG@3_ci90_low": 0.6347268286586445,
  "nDCG@3_ci90_high": 0.6713010935938981,
  "nDCG@3_ci95_low": 0.6312193230321932,
  "nDCG@3_ci95_high": 0.6748085992203494,
  "nDCG@5": 0.6769504986038145,
  "nDCG@5_std": 0.40281821532812234,
  "nDCG@5_stderr": 0.010456639857812497,
  "nDCG@5_ci90_low": 0.6597401057490752,
  "nDCG@5_ci90_high": 0.6941608914585539,
  "nDCG@5_ci95_low": 0.6564391207598594,
  "nDCG@5_ci95_high": 0.6974618764477696,
  "nDCG@10": 0.6986195223820372,
  "nDCG@10_std": 0.3752208648384599,
  "nDCG@10_stderr": 0.009740248333995328,
  "nDCG@10_ci90_low": 0.6825882252722362,
  "nDCG@10_ci90_high": 0.7146508194918382,
  "nDCG@10_ci95_low": 0.6795133930145554,
  "nDCG@10_ci95_high": 0.717725651749519,
  "nDCG@100": 0.7265113410323859,
  "nDCG@100_std": 0.32951580163549277,
  "nDCG@100_stderr": 0.008553804008972224,
  "nDCG@100_ci90_low": 0.7124327910011473,
  "nDCG@100_ci90_high": 0.7405898910636245,
  "nDCG@100_ci95_low": 0.7097324992230754,
  "nDCG@100_ci95_high": 0.7432901828416965,
  "RR@1": 0.5613207547169812,
  "RR@3": 0.6369047619047625,
  "RR@5": 0.6495732255166229,
  "RR@10": 0.6581349206349213,
  "RR@100": 0.6636084947771868,
  "P@1": 0.5613207547169812,
  "P@3": 0.250673854447437,
  "P@5": 0.16293800539083234,
  "P@10": 0.0886792452830169,
  "P@100": 0.01027628032344995,
  "R@1": 0.5441936208445642,
  "R@3": 0.7175988319856245,
  "R@5": 0.7757187780772685,
  "R@10": 0.8406895777178797,
  "R@100": 0.9677672955974842,
  "AP": 0.6562020159712941
}