nDCG@1,nDCG@1_std,nDCG@1_stderr,nDCG@1_ci90_low,nDCG@1_ci90_high,nDCG@1_ci95_low,nDCG@1_ci95_high,nDCG@3,nDCG@3_std,nDCG@3_stderr,nDCG@3_ci90_low,nDCG@3_ci90_high,nDCG@3_ci95_low,nDCG@3_ci95_high,nDCG@5,nDCG@5_std,nDCG@5_stderr,nDCG@5_ci90_low,nDCG@5_ci90_high,nDCG@5_ci95_low,nDCG@5_ci95_high,nDCG@10,nDCG@10_std,nDCG@10_stderr,nDCG@10_ci90_low,nDCG@10_ci90_high,nDCG@10_ci95_low,nDCG@10_ci95_high,nDCG@100,nDCG@100_std,nDCG@100_stderr,nDCG@100_ci90_low,nDCG@100_ci90_high,nDCG@100_ci95_low,nDCG@100_ci95_high,RR@1,RR@3,RR@5,RR@10,RR@100,P@1,P@3,P@5,P@10,P@100,R@1,R@3,R@5,R@10,R@100,AP
0.6516172506738545,0.4766185955626693,0.01237240227400233,0.6312537393941425,0.6719807619535664,0.6273479804943075,0.6758865208534014,0.726928750884691,0.40195660092412067,0.01043427346231171,0.709755170472433,0.744102331296949,0.7064612461773613,0.7473962555920207,0.751600438841204,0.3698477340387944,0.009600768808137105,0.735798708539465,0.7674021691429429,0.7327679076176074,0.7704329700648006,0.7721509123960673,0.33667772663019624,0.008739718318476022,0.7577663693931489,0.7865354553989856,0.7550073876005696,0.7892944371915649,0.7914224172568418,0.2978237523898167,0.007731119401603733,0.7786979088183985,0.8041469256952851,0.7762573247071018,0.8065875098065818,0.6516172506738545,0.714847259658581,0.7275831087151853,0.7357728468745994,0.7394303490171297,0.6516172506738545,0.2738095238095203,0.17708894878705814,0.09541778975741014,0.010505390835579326,0.6314577717879605,0.7809411500449235,0.8397349505840073,0.9010557053009883,0.9886567834681042,0.7324408344088386
