nDCG@1,nDCG@1_std,nDCG@1_stderr,nDCG@1_ci90_low,nDCG@1_ci90_high,nDCG@1_ci95_low,nDCG@1_ci95_high,nDCG@3,nDCG@3_std,nDCG@3_stderr,nDCG@3_ci90_low,nDCG@3_ci90_high,nDCG@3_ci95_low,nDCG@3_ci95_high,nDCG@5,nDCG@5_std,nDCG@5_stderr,nDCG@5_ci90_low,nDCG@5_ci90_high,nDCG@5_ci95_low,nDCG@5_ci95_high,nDCG@10,nDCG@10_std,nDCG@10_stderr,nDCG@10_ci90_low,nDCG@10_ci90_high,nDCG@10_ci95_low,nDCG@10_ci95_high,nDCG@100,nDCG@100_std,nDCG@100_stderr,nDCG@100_ci90_low,nDCG@100_ci90_high,nDCG@100_ci95_low,nDCG@100_ci95_high,RR@1,RR@3,RR@5,RR@10,RR@100,P@1,P@3,P@5,P@10,P@100,R@1,R@3,R@5,R@10,R@100,AP
0.7021563342318059,0.4574645741863603,0.011875188653218677,0.6826111777833566,0.7217014906802552,0.6788623808446256,0.7254502876189862,0.7756334209496801,0.37376580221443967,0.00970247679027914,0.7596642913348799,0.7916025505644804,0.7566013829170293,0.794665458982331,0.7948845731554719,0.34388514512690727,0.008926813580449847,0.7801920934727391,0.8095770528382047,0.7773740488588591,0.8123950974520847,0.8144754331621992,0.3072224838812687,0.007975098314638586,0.8013493642799902,0.8276015020444082,0.7988317601373484,0.83011910618705,0.8276700378371702,0.2766806246518593,0.007182271152416548,0.81584886872327,0.8394912069510704,0.8135815467551245,0.8417585289192159,0.7021563342318059,0.7620170709793356,0.7724281221922739,0.7800638022504602,0.7828966469676975,0.7021563342318059,0.29110512129379645,0.1846361185983787,0.09878706199460678,0.01051212938005372,0.6806491464510331,0.8274371069182389,0.8737646001796944,0.9319407008086253,0.9886567834681042,0.7781510680647009
