nDCG@1,nDCG@1_std,nDCG@1_stderr,nDCG@1_ci90_low,nDCG@1_ci90_high,nDCG@1_ci95_low,nDCG@1_ci95_high,nDCG@3,nDCG@3_std,nDCG@3_stderr,nDCG@3_ci90_low,nDCG@3_ci90_high,nDCG@3_ci95_low,nDCG@3_ci95_high,nDCG@5,nDCG@5_std,nDCG@5_stderr,nDCG@5_ci90_low,nDCG@5_ci90_high,nDCG@5_ci95_low,nDCG@5_ci95_high,nDCG@10,nDCG@10_std,nDCG@10_stderr,nDCG@10_ci90_low,nDCG@10_ci90_high,nDCG@10_ci95_low,nDCG@10_ci95_high,nDCG@100,nDCG@100_std,nDCG@100_stderr,nDCG@100_ci90_low,nDCG@100_ci90_high,nDCG@100_ci95_low,nDCG@100_ci95_high,RR@1,RR@3,RR@5,RR@10,RR@100,P@1,P@3,P@5,P@10,P@100,R@1,R@3,R@5,R@10,R@100,AP
0.543800539083558,0.49824571882904234,0.012933814421098928,0.522513009788849,0.565088068378267,0.5184300225350179,0.569171055632098,0.6270047888212882,0.4400559300163812,0.011423282767210028,0.6082034160296669,0.6458061616129095,0.6045972781636914,0.649412299478885,0.652960387083663,0.415036246400659,0.010773804141441055,0.6352279793183058,0.6706927948490202,0.6318268709095586,0.6740939032577674,0.6759287926861142,0.38820038372882226,0.010077179856453016,0.6593429461277817,0.6925146392444467,0.6561617502663859,0.6956958351058424,0.7062077129304889,0.3419901801698475,0.008877622741145303,0.6915961955531236,0.7208192303078542,0.6887936796582544,0.7236217462027233,0.5444743935309974,0.6125336927223727,0.626212938005392,0.6352409831857276,0.6414826961166644,0.543800539083558,0.24079065588499382,0.15781671159029365,0.08672506738544297,0.01013477088948769,0.5262803234501348,0.6867138364779873,0.7489330637915542,0.8178908355795148,0.9532794249775383,0.6348156835458117
