nDCG@1,nDCG@1_std,nDCG@1_stderr,nDCG@1_ci90_low,nDCG@1_ci90_high,nDCG@1_ci95_low,nDCG@1_ci95_high,nDCG@3,nDCG@3_std,nDCG@3_stderr,nDCG@3_ci90_low,nDCG@3_ci90_high,nDCG@3_ci95_low,nDCG@3_ci95_high,nDCG@5,nDCG@5_std,nDCG@5_stderr,nDCG@5_ci90_low,nDCG@5_ci90_high,nDCG@5_ci95_low,nDCG@5_ci95_high,nDCG@10,nDCG@10_std,nDCG@10_stderr,nDCG@10_ci90_low,nDCG@10_ci90_high,nDCG@10_ci95_low,nDCG@10_ci95_high,nDCG@100,nDCG@100_std,nDCG@100_stderr,nDCG@100_ci90_low,nDCG@100_ci90_high,nDCG@100_ci95_low,nDCG@100_ci95_high,RR@1,RR@3,RR@5,RR@10,RR@100,P@1,P@3,P@5,P@10,P@100,R@1,R@3,R@5,R@10,R@100,AP
0.49326145552560646,0.5001231234483414,0.012982549416748052,0.4718937141902897,0.5146291968609232,0.4677953421196079,0.518727568931605,0.5772736887146616,0.4504656405969938,0.011693505389781502,0.5580275614363284,0.5965198159929948,0.5543361188421624,0.6002112585871607,0.6034410230339178,0.42908194727876,0.011138412369282058,0.585108513235351,0.6217735328324846,0.5815923041534033,0.6252897419144322,0.6254971569341998,0.4059406659555687,0.0105376946374689,0.6081533574957386,0.642840956372661,0.6048267848785096,0.64616752898989,0.6608524019362465,0.35885354645500717,0.009315373918535968,0.6455203978788422,0.6761844059936508,0.6425796913141952,0.6791251125582978,0.49326145552560646,0.5618823000898479,0.5755952380952392,0.5844066872031839,0.5914385118420679,0.49326145552560646,0.22394429469901075,0.14824797843665527,0.08146900269541625,0.009885444743935134,0.477088948787062,0.6396001796945193,0.702886343216532,0.7698225516621742,0.9296945193171609,0.5846398668893045
