{
  "nDCG@1": 0.7304582210242587,
  "nDCG@1_std": 0.4438713466308464,
  "nDCG@1_stderr": 0.011522326047595146,
  "nDCG@1_ci90_low": 0.7114938347036044,
  "nDCG@1_ci90_high": 0.7494226073449131,
  "nDCG@1_ci95_low": 0.7078564305430753,
  "nDCG@1_ci95_high": 0.7530600115054421,
  "nDCG@3": 0.804713896662869,
  "nDCG@3_std": 0.3502239060931844,
  "nDCG@3_stderr": 0.009091359616470408,
  "nDCG@3_ci90_low": 0.7897505936601107,
  "nDCG@3_ci90_high": 0.8196771996656272,
  "nDCG@3_ci95_low": 0.7868806046355666,
  "nDCG@3_ci95_high": 0.8225471886901713,
  "nDCG@5": 0.8217062096344352,
  "nDCG@5_std": 0.3207319922844101,
  "nDCG@5_stderr": 0.008325787679350338,
  "nDCG@5_ci90_low": 0.8080029475220166,
  "nDCG@5_ci90_high": 0.8354094717468538,
  "nDCG@5_ci95_low": 0.8053746366567056,
  "nDCG@5_ci95_high": 0.8380377826121648,
  "nDCG@10": 0.8384776932353027,
  "nDCG@10_std": 0.28540317517937847,
  "nDCG@10_stderr": 0.0074086972822119575,
  "nDCG@10_ci90_low": 0.8262838534834781,
  "nDCG@10_ci90_high": 0.8506715329871274,
  "nDCG@10_ci95_low": 0.8239450526018591,
  "nDCG@10_ci95_high": 0.8530103338687464,
  "nDCG@100": 0.8481829064596964,
  "nDCG@100_std": 0.26099964589924335,
  "nDCG@100_stderr": 0.006775213226050061,
  "nDCG@100_ci90_low": 0.8370317065636965,
  "nDCG@100_ci90_high": 0.8593341063556963,
  "nDCG@100_ci95_low": 0.8348928859232192,
  "nDCG@100_ci95_high": 0.8614729269961736,
  "RR@1": 0.7297843665768194,
  "RR@3": 0.7900943396226416,
  "RR@5": 0.7989218328840976,
  "RR@10": 0.8054697193342746,
  "RR@100": 0.8074397046129188,
  "P@1": 0.7304582210242587,
  "P@3": 0.3018867924528255,
  "P@5": 0.18989218328840535,
  "P@10": 0.10067385444743684,
  "P@100": 0.010539083557951294,
  "R@1": 0.709119496855346,
  "R@3": 0.8577605570530098,
  "R@5": 0.8986972147349505,
  "R@10": 0.9491239892183289,
  "R@100": 0.9910152740341418,
  "AP": 0.8035382787167162
}