{
  "nDCG@1": 0.7345013477088949,
  "nDCG@1_std": 0.4417472289596503,
  "nDCG@1_stderr": 0.01146718670022174,
  "nDCG@1_ci90_low": 0.7156277142345615,
  "nDCG@1_ci90_high": 0.7533749811832282,
  "nDCG@1_ci95_low": 0.7120077166367973,
  "nDCG@1_ci95_high": 0.7569949787809924,
  "nDCG@3": 0.8047160794888675,
  "nDCG@3_std": 0.35248249305965584,
  "nDCG@3_stderr": 0.009149989612824231,
  "nDCG@3_ci90_low": 0.7896562784442868,
  "nDCG@3_ci90_high": 0.8197758805334482,
  "nDCG@3_ci95_low": 0.7867677809179187,
  "nDCG@3_ci95_high": 0.8226643780598163,
  "nDCG@5": 0.8229939103429599,
  "nDCG@5_std": 0.3208396686808609,
  "nDCG@5_stderr": 0.008328582819331671,
  "nDCG@5_ci90_low": 0.8092860477606182,
  "nDCG@5_ci90_high": 0.8367017729253016,
  "nDCG@5_ci95_low": 0.8066568545167184,
  "nDCG@5_ci95_high": 0.8393309661692013,
  "nDCG@10": 0.8399533423799449,
  "nDCG@10_std": 0.2848760067089067,
  "nDCG@10_stderr": 0.007395012670567405,
  "nDCG@10_ci90_low": 0.8277820258808736,
  "nDCG@10_ci90_high": 0.8521246588790162,
  "nDCG@10_ci95_low": 0.8254475450005394,
  "nDCG@10_ci95_high": 0.8544591397593504,
  "nDCG@100": 0.8496558697845195,
  "nDCG@100_std": 0.2605642424161034,
  "nDCG@100_stderr": 0.0067639107147862065,
  "nDCG@100_ci90_low": 0.8385232724856961,
  "nDCG@100_ci90_high": 0.8607884670833428,
  "nDCG@100_ci95_low": 0.8363880198575564,
  "nDCG@100_ci95_high": 0.8629237197114825,
  "RR@1": 0.7338274932614556,
  "RR@3": 0.7911051212938005,
  "RR@5": 0.8009433962264155,
  "RR@10": 0.8075744448722885,
  "RR@100": 0.8095372278708739,
  "P@1": 0.7345013477088949,
  "P@3": 0.30053908355794695,
  "P@5": 0.18989218328840535,
  "P@10": 0.10060646900269292,
  "P@100": 0.010539083557951294,
  "R@1": 0.7124887690925428,
  "R@3": 0.8547282120395326,
  "R@5": 0.8983602875112308,
  "R@10": 0.9492924528301887,
  "R@100": 0.9910152740341418,
  "AP": 0.8054216251345699
}