{
  "nDCG@1": 0.727088948787062,
  "nDCG@1_std": 0.4456056696805936,
  "nDCG@1_stderr": 0.011567346830762902,
  "nDCG@1_ci90_low": 0.7080504635803906,
  "nDCG@1_ci90_high": 0.7461274339937334,
  "nDCG@1_ci95_low": 0.7043988471172997,
  "nDCG@1_ci95_high": 0.7497790504568242,
  "nDCG@3": 0.7998807399721476,
  "nDCG@3_std": 0.3541217382915883,
  "nDCG@3_stderr": 0.009192542298816822,
  "nDCG@3_ci90_low": 0.7847509022376822,
  "nDCG@3_ci90_high": 0.815010577706613,
  "nDCG@3_ci95_low": 0.7818489715454385,
  "nDCG@3_ci95_high": 0.8179125083988567,
  "nDCG@5": 0.8166953216692712,
  "nDCG@5_std": 0.3265150815695409,
  "nDCG@5_stderr": 0.008475909197243786,
  "nDCG@5_ci90_low": 0.8027449772881671,
  "nDCG@5_ci90_high": 0.8306456660503753,
  "nDCG@5_ci95_low": 0.8000692755894848,
  "nDCG@5_ci95_high": 0.8333213677490575,
  "nDCG@10": 0.835329629745119,
  "nDCG@10_std": 0.28784890057493945,
  "nDCG@10_stderr": 0.007472185150136836,
  "nDCG@10_ci90_low": 0.8230312964692413,
  "nDCG@10_ci90_high": 0.8476279630209967,
  "nDCG@10_ci95_low": 0.8206724535376074,
  "nDCG@10_ci95_high": 0.8499868059526307,
  "nDCG@100": 0.8449099660766174,
  "nDCG@100_std": 0.2639828516465304,
  "nDCG@100_stderr": 0.006852653388719287,
  "nDCG@100_ci90_low": 0.8336313088290787,
  "nDCG@100_ci90_high": 0.8561886233241561,
  "nDCG@100_ci95_low": 0.8314680416342579,
  "nDCG@100_ci95_high": 0.8583518905189769,
  "RR@1": 0.727088948787062,
  "RR@3": 0.7865004492362985,
  "RR@5": 0.7951257861635227,
  "RR@10": 0.8023496662816069,
  "RR@100": 0.8043030203919839,
  "P@1": 0.727088948787062,
  "P@3": 0.29964061096136113,
  "P@5": 0.18854447439352667,
  "P@10": 0.10053908355794898,
  "P@100": 0.010525606469002507,
  "R@1": 0.7050763701707098,
  "R@3": 0.852369721473495,
  "R@5": 0.8922955974842767,
  "R@10": 0.9486185983827493,
  "R@100": 0.9896675651392631,
  "AP": 0.7995105432974502
}