nDCG@1,nDCG@1_std,nDCG@1_stderr,nDCG@1_ci90_low,nDCG@1_ci90_high,nDCG@1_ci95_low,nDCG@1_ci95_high,nDCG@3,nDCG@3_std,nDCG@3_stderr,nDCG@3_ci90_low,nDCG@3_ci90_high,nDCG@3_ci95_low,nDCG@3_ci95_high,nDCG@5,nDCG@5_std,nDCG@5_stderr,nDCG@5_ci90_low,nDCG@5_ci90_high,nDCG@5_ci95_low,nDCG@5_ci95_high,nDCG@10,nDCG@10_std,nDCG@10_stderr,nDCG@10_ci90_low,nDCG@10_ci90_high,nDCG@10_ci95_low,nDCG@10_ci95_high,nDCG@100,nDCG@100_std,nDCG@100_stderr,nDCG@100_ci90_low,nDCG@100_ci90_high,nDCG@100_ci95_low,nDCG@100_ci95_high,RR@1,RR@3,RR@5,RR@10,RR@100,P@1,P@3,P@5,P@10,P@100,R@1,R@3,R@5,R@10,R@100,AP
0.7345013477088949,0.4417472289596503,0.01146718670022174,0.7156277142345615,0.7533749811832282,0.7120077166367973,0.7569949787809924,0.8047160794888675,0.35248249305965584,0.009149989612824231,0.7896562784442868,0.8197758805334482,0.7867677809179187,0.8226643780598163,0.8229939103429599,0.3208396686808609,0.008328582819331671,0.8092860477606182,0.8367017729253016,0.8066568545167184,0.8393309661692013,0.8399533423799449,0.2848760067089067,0.007395012670567405,0.8277820258808736,0.8521246588790162,0.8254475450005394,0.8544591397593504,0.8496558697845195,0.2605642424161034,0.0067639107147862065,0.8385232724856961,0.8607884670833428,0.8363880198575564,0.8629237197114825,0.7338274932614556,0.7911051212938005,0.8009433962264155,0.8075744448722885,0.8095372278708739,0.7345013477088949,0.30053908355794695,0.18989218328840535,0.10060646900269292,0.010539083557951294,0.7124887690925428,0.8547282120395326,0.8983602875112308,0.9492924528301887,0.9910152740341418,0.8054216251345699
