nDCG@1,nDCG@1_std,nDCG@1_stderr,nDCG@1_ci90_low,nDCG@1_ci90_high,nDCG@1_ci95_low,nDCG@1_ci95_high,nDCG@3,nDCG@3_std,nDCG@3_stderr,nDCG@3_ci90_low,nDCG@3_ci90_high,nDCG@3_ci95_low,nDCG@3_ci95_high,nDCG@5,nDCG@5_std,nDCG@5_stderr,nDCG@5_ci90_low,nDCG@5_ci90_high,nDCG@5_ci95_low,nDCG@5_ci95_high,nDCG@10,nDCG@10_std,nDCG@10_stderr,nDCG@10_ci90_low,nDCG@10_ci90_high,nDCG@10_ci95_low,nDCG@10_ci95_high,nDCG@100,nDCG@100_std,nDCG@100_stderr,nDCG@100_ci90_low,nDCG@100_ci90_high,nDCG@100_ci95_low,nDCG@100_ci95_high,RR@1,RR@3,RR@5,RR@10,RR@100,P@1,P@3,P@5,P@10,P@100,R@1,R@3,R@5,R@10,R@100,AP
0.7304582210242587,0.4438713466308464,0.011522326047595146,0.7114938347036044,0.7494226073449131,0.7078564305430753,0.7530600115054421,0.804713896662869,0.3502239060931844,0.009091359616470408,0.7897505936601107,0.8196771996656272,0.7868806046355666,0.8225471886901713,0.8217062096344352,0.3207319922844101,0.008325787679350338,0.8080029475220166,0.8354094717468538,0.8053746366567056,0.8380377826121648,0.8384776932353027,0.28540317517937847,0.0074086972822119575,0.8262838534834781,0.8506715329871274,0.8239450526018591,0.8530103338687464,0.8481829064596964,0.26099964589924335,0.006775213226050061,0.8370317065636965,0.8593341063556963,0.8348928859232192,0.8614729269961736,0.7297843665768194,0.7900943396226416,0.7989218328840976,0.8054697193342746,0.8074397046129188,0.7304582210242587,0.3018867924528255,0.18989218328840535,0.10067385444743684,0.010539083557951294,0.709119496855346,0.8577605570530098,0.8986972147349505,0.9491239892183289,0.9910152740341418,0.8035382787167162
