{
  "nDCG@1": 0.5539083557951483,
  "nDCG@1_std": 0.4972529605418405,
  "nDCG@1_stderr": 0.012908043700014053,
  "nDCG@1_ci90_low": 0.5326632420603181,
  "nDCG@1_ci90_high": 0.5751534695299785,
  "nDCG@1_ci95_low": 0.5285883901888488,
  "nDCG@1_ci95_high": 0.5792283214014478,
  "nDCG@3": 0.6353564431790549,
  "nDCG@3_std": 0.43820401813919063,
  "nDCG@3_stderr": 0.011375209530173283,
  "nDCG@3_ci90_low": 0.6166341932516091,
  "nDCG@3_ci90_high": 0.6540786931065008,
  "nDCG@3_ci95_low": 0.6130432312964422,
  "nDCG@3_ci95_high": 0.6576696550616676,
  "nDCG@5": 0.6588095990783672,
  "nDCG@5_std": 0.41540346149604157,
  "nDCG@5_stderr": 0.010783336570354777,
  "nDCG@5_ci90_low": 0.6410615020620942,
  "nDCG@5_ci90_high": 0.6765576960946402,
  "nDCG@5_ci95_low": 0.6376573844261781,
  "nDCG@5_ci95_high": 0.6799618137305563,
  "nDCG@10": 0.6827988586761264,
  "nDCG@10_std": 0.3864850545910167,
  "nDCG@10_stderr": 0.010032652130672209,
  "nDCG@10_ci90_low": 0.6662862994896491,
  "nDCG@10_ci90_high": 0.6993114178626038,
  "nDCG@10_ci95_low": 0.6631191602809071,
  "nDCG@10_ci95_high": 0.7024785570713458,
  "nDCG@100": 0.7122422528915695,
  "nDCG@100_std": 0.34097611319430093,
  "nDCG@100_stderr": 0.008851298874072027,
  "nDCG@100_ci90_low": 0.6976740614869781,
  "nDCG@100_ci90_high": 0.7268104442961609,
  "nDCG@100_ci95_low": 0.6948798555933379,
  "nDCG@100_ci95_high": 0.7296046501898011,
  "RR@1": 0.5539083557951483,
  "RR@3": 0.6211814914645111,
  "RR@5": 0.6336141060197676,
  "RR@10": 0.6429905767338387,
  "RR@100": 0.6489165234422967,
  "P@1": 0.5539083557951483,
  "P@3": 0.2430368373764582,
  "P@5": 0.15822102425875725,
  "P@10": 0.08719676549865049,
  "P@100": 0.010148247978436477,
  "R@1": 0.5360512129380054,
  "R@3": 0.6944070080862533,
  "R@5": 0.7506176999101526,
  "R@10": 0.8230570530098831,
  "R@100": 0.9549640610961366,
  "AP": 0.6421528637840713
}