nDCG@1,nDCG@1_std,nDCG@1_stderr,nDCG@1_ci90_low,nDCG@1_ci90_high,nDCG@1_ci95_low,nDCG@1_ci95_high,nDCG@3,nDCG@3_std,nDCG@3_stderr,nDCG@3_ci90_low,nDCG@3_ci90_high,nDCG@3_ci95_low,nDCG@3_ci95_high,nDCG@5,nDCG@5_std,nDCG@5_stderr,nDCG@5_ci90_low,nDCG@5_ci90_high,nDCG@5_ci95_low,nDCG@5_ci95_high,nDCG@10,nDCG@10_std,nDCG@10_stderr,nDCG@10_ci90_low,nDCG@10_ci90_high,nDCG@10_ci95_low,nDCG@10_ci95_high,nDCG@100,nDCG@100_std,nDCG@100_stderr,nDCG@100_ci90_low,nDCG@100_ci90_high,nDCG@100_ci95_low,nDCG@100_ci95_high,RR@1,RR@3,RR@5,RR@10,RR@100,P@1,P@3,P@5,P@10,P@100,R@1,R@3,R@5,R@10,R@100,AP
0.1610512129380054,0.3677020915414396,0.009545070704117205,0.14534115512996243,0.17676127074604836,0.1423279371609269,0.1797744887150839,0.24242462440030585,0.3808509105575434,0.009886397038863405,0.2261527838023295,0.2586964649982822,0.22303181486140033,0.26181743393921136,0.27450695748274784,0.37668077212758794,0.009778145638951541,0.25841328588981444,0.29060062907568124,0.2553264900915993,0.2936874248738964,0.30547551572911563,0.366605930874291,0.009516615790991353,0.28981229134368286,0.3211387401145484,0.28680805611120275,0.3241429753470285,0.3712982085658651,0.32451640245292845,0.008424026072502956,0.3574332576736315,0.3851631594580987,0.35477393460310247,0.3878224825286277,0.1610512129380054,0.2251796945193171,0.24293575920934365,0.2558004962991483,0.2682167726364532,0.1610512129380054,0.10444743935309975,0.07884097035040506,0.04939353099730467,0.00830862533692708,0.15633423180592992,0.30480682839173406,0.3826370170709793,0.47675202156334234,0.7912174303683737,0.26319834506045026
