nDCG@1,nDCG@3,nDCG@5,nDCG@10,nDCG@100,RR@1,RR@3,RR@5,RR@10,RR@100,P@1,P@3,P@5,P@10,P@100,R@1,R@3,R@5,R@10,R@100,AP
0.1610512129380054,0.24242462440030585,0.27450695748274784,0.30547551572911563,0.3712982085658651,0.1610512129380054,0.2251796945193171,0.24293575920934365,0.2558004962991483,0.2682167726364532,0.1610512129380054,0.10444743935309975,0.07884097035040506,0.04939353099730467,0.00830862533692708,0.15633423180592992,0.30480682839173406,0.3826370170709793,0.47675202156334234,0.7912174303683737,0.26319834506045026
