nDCG@1,nDCG@1_std,nDCG@1_stderr,nDCG@1_ci90_low,nDCG@1_ci90_high,nDCG@1_ci95_low,nDCG@1_ci95_high,nDCG@3,nDCG@3_std,nDCG@3_stderr,nDCG@3_ci90_low,nDCG@3_ci90_high,nDCG@3_ci95_low,nDCG@3_ci95_high,nDCG@5,nDCG@5_std,nDCG@5_stderr,nDCG@5_ci90_low,nDCG@5_ci90_high,nDCG@5_ci95_low,nDCG@5_ci95_high,nDCG@10,nDCG@10_std,nDCG@10_stderr,nDCG@10_ci90_low,nDCG@10_ci90_high,nDCG@10_ci95_low,nDCG@10_ci95_high,nDCG@100,nDCG@100_std,nDCG@100_stderr,nDCG@100_ci90_low,nDCG@100_ci90_high,nDCG@100_ci95_low,nDCG@100_ci95_high,RR@1,RR@3,RR@5,RR@10,RR@100,P@1,P@3,P@5,P@10,P@100,R@1,R@3,R@5,R@10,R@100,AP
0.16913746630727763,0.3749996592103404,0.009734506122000565,0.15311562019948383,0.18515931241507144,0.15004260066136282,0.18823233195319244,0.23908202441776358,0.38538767550303227,0.010004165588917386,0.2226163507108801,0.25554769812464706,0.21945820422331874,0.2587058446122084,0.2723374640192368,0.38093589261933025,0.00988860306327011,0.2560619925659185,0.2886129354725551,0.2529403272202598,0.29173460081821384,0.30306044291661255,0.37170299591714834,0.009648929006871101,0.28717944662202644,0.31894143921119866,0.28413344233701776,0.32198744349620734,0.3677040171346193,0.3313287576516763,0.008600866002243416,0.353548008626878,0.3818600256423606,0.3508328601706127,0.3845751740986259,0.16913746630727763,0.22506738544474378,0.24353099730458175,0.25637166816412066,0.2683303188428258,0.16913746630727763,0.10017969451931706,0.07681940700808698,0.048247978436657825,0.008140161725067246,0.1645327942497754,0.2916666666666667,0.37252920035938897,0.46557726864330634,0.7770664869721472,0.26329061268022336
