nDCG@1,nDCG@1_std,nDCG@1_stderr,nDCG@1_ci90_low,nDCG@1_ci90_high,nDCG@1_ci95_low,nDCG@1_ci95_high,nDCG@3,nDCG@3_std,nDCG@3_stderr,nDCG@3_ci90_low,nDCG@3_ci90_high,nDCG@3_ci95_low,nDCG@3_ci95_high,nDCG@5,nDCG@5_std,nDCG@5_stderr,nDCG@5_ci90_low,nDCG@5_ci90_high,nDCG@5_ci95_low,nDCG@5_ci95_high,nDCG@10,nDCG@10_std,nDCG@10_stderr,nDCG@10_ci90_low,nDCG@10_ci90_high,nDCG@10_ci95_low,nDCG@10_ci95_high,nDCG@100,nDCG@100_std,nDCG@100_stderr,nDCG@100_ci90_low,nDCG@100_ci90_high,nDCG@100_ci95_low,nDCG@100_ci95_high,RR@1,RR@3,RR@5,RR@10,RR@100,P@1,P@3,P@5,P@10,P@100,R@1,R@3,R@5,R@10,R@100,AP
0.15431266846361186,0.3613699853325957,0.00938069741699223,0.1388731496513374,0.1697521872758863,0.1359118215590506,0.17271351536817312,0.22924470828157256,0.3771536764984066,0.009790421624755232,0.21313083186746967,0.24535858469567545,0.2100401607474096,0.24844925581573551,0.2594746231631672,0.37406098827436274,0.009710139438595944,0.24349288173523834,0.2754563645910961,0.2404275543484441,0.27852169197789034,0.2913486830958483,0.3648414945145827,0.009470813305246087,0.27576084418644975,0.3069365220052469,0.2727710680268621,0.3099262981648346,0.35625012145830665,0.3254647910405871,0.008448645013576235,0.34234465069991143,0.37015559221670186,0.33967755584456066,0.3728226870720526,0.15431266846361186,0.21316262353998214,0.23011006289308159,0.24345077653702984,0.2553836538144349,0.15431266846361186,0.09770889487870604,0.0737196765498659,0.04730458221024279,0.008086253369272099,0.150381850853549,0.28492812219227315,0.3582097933513027,0.4549079065588499,0.7671832884097035,0.2514888255501506
