nDCG@1,nDCG@3,nDCG@5,nDCG@10,nDCG@100,RR@1,RR@3,RR@5,RR@10,RR@100,P@1,P@3,P@5,P@10,P@100,R@1,R@3,R@5,R@10,R@100,AP
0.1623989218328841,0.23238178776834545,0.26642494938237854,0.30000714040029514,0.3648248779124913,0.1623989218328841,0.21776729559748428,0.2370058400718776,0.2509570337568989,0.263072717238202,0.1623989218328841,0.097708894878706,0.0756064690026961,0.04845013477088963,0.008194070080862393,0.15813117699910154,0.284366576819407,0.36562219227313564,0.4682165318957771,0.7789757412398922,0.2590241825165452
