nDCG@1,nDCG@1_std,nDCG@1_stderr,nDCG@1_ci90_low,nDCG@1_ci90_high,nDCG@1_ci95_low,nDCG@1_ci95_high,nDCG@3,nDCG@3_std,nDCG@3_stderr,nDCG@3_ci90_low,nDCG@3_ci90_high,nDCG@3_ci95_low,nDCG@3_ci95_high,nDCG@5,nDCG@5_std,nDCG@5_stderr,nDCG@5_ci90_low,nDCG@5_ci90_high,nDCG@5_ci95_low,nDCG@5_ci95_high,nDCG@10,nDCG@10_std,nDCG@10_stderr,nDCG@10_ci90_low,nDCG@10_ci90_high,nDCG@10_ci95_low,nDCG@10_ci95_high,nDCG@100,nDCG@100_std,nDCG@100_stderr,nDCG@100_ci90_low,nDCG@100_ci90_high,nDCG@100_ci95_low,nDCG@100_ci95_high,RR@1,RR@3,RR@5,RR@10,RR@100,P@1,P@3,P@5,P@10,P@100,R@1,R@3,R@5,R@10,R@100,AP
0.1623989218328841,0.36894069337053376,0.00957722320557128,0.14663594480903072,0.17816189885673747,0.1436125768371158,0.18118526682865238,0.23238178776834545,0.382007326122705,0.009916416091206939,0.21606053935954417,0.24870303617714673,0.2129300939096672,0.2518334816270237,0.26642494938237854,0.378430940464318,0.009823577745274802,0.25025650191414733,0.28259339685060975,0.24715536396558174,0.28569453479917534,0.30000714040029514,0.3680166826314768,0.009553237081916967,0.28428364169995357,0.3157306391006367,0.28126784574306535,0.3187464350575249,0.3648248779124913,0.3274936192303482,0.008501310769260665,0.35083272554722755,0.37881703027775504,0.3481490050003235,0.3815007508246591,0.1623989218328841,0.21776729559748428,0.2370058400718776,0.2509570337568989,0.263072717238202,0.1623989218328841,0.097708894878706,0.0756064690026961,0.04845013477088963,0.008194070080862393,0.15813117699910154,0.284366576819407,0.36562219227313564,0.4682165318957771,0.7789757412398922,0.2590241825165452
