{
  "nDCG@1": 0.1610512129380054,
  "nDCG@3": 0.24242462440030585,
  "nDCG@5": 0.27450695748274784,
  "nDCG@10": 0.30547551572911563,
  "nDCG@100": 0.3712982085658651,
  "RR@1": 0.1610512129380054,
  "RR@3": 0.2251796945193171,
  "RR@5": 0.24293575920934365,
  "RR@10": 0.2558004962991483,
  "RR@100": 0.2682167726364532,
  "P@1": 0.1610512129380054,
  "P@3": 0.10444743935309975,
  "P@5": 0.07884097035040506,
  "P@10": 0.04939353099730467,
  "P@100": 0.00830862533692708,
  "R@1": 0.15633423180592992,
  "R@3": 0.30480682839173406,
  "R@5": 0.3826370170709793,
  "R@10": 0.47675202156334234,
  "R@100": 0.7912174303683737,
  "AP": 0.26319834506045026
}