nDCG@1,nDCG@3,nDCG@5,nDCG@10,nDCG@100,RR@1,RR@3,RR@5,RR@10,RR@100,P@1,P@3,P@5,P@10,P@100,R@1,R@3,R@5,R@10,R@100,AP
0.16913746630727763,0.23908202441776358,0.2723374640192368,0.30306044291661255,0.3677040171346193,0.16913746630727763,0.22506738544474378,0.24353099730458175,0.25637166816412066,0.2683303188428258,0.16913746630727763,0.10017969451931706,0.07681940700808698,0.048247978436657825,0.008140161725067246,0.1645327942497754,0.2916666666666667,0.37252920035938897,0.46557726864330634,0.7770664869721472,0.26329061268022336
