{
  "nDCG@1": 0.16913746630727763,
  "nDCG@3": 0.23908202441776358,
  "nDCG@5": 0.2723374640192368,
  "nDCG@10": 0.30306044291661255,
  "nDCG@100": 0.3677040171346193,
  "RR@1": 0.16913746630727763,
  "RR@3": 0.22506738544474378,
  "RR@5": 0.24353099730458175,
  "RR@10": 0.25637166816412066,
  "RR@100": 0.2683303188428258,
  "P@1": 0.16913746630727763,
  "P@3": 0.10017969451931706,
  "P@5": 0.07681940700808698,
  "P@10": 0.048247978436657825,
  "P@100": 0.008140161725067246,
  "R@1": 0.1645327942497754,
  "R@3": 0.2916666666666667,
  "R@5": 0.37252920035938897,
  "R@10": 0.46557726864330634,
  "R@100": 0.7770664869721472,
  "AP": 0.26329061268022336
}