nDCG@1,nDCG@1_std,nDCG@1_stderr,nDCG@1_ci90_low,nDCG@1_ci90_high,nDCG@1_ci95_low,nDCG@1_ci95_high,nDCG@3,nDCG@3_std,nDCG@3_stderr,nDCG@3_ci90_low,nDCG@3_ci90_high,nDCG@3_ci95_low,nDCG@3_ci95_high,nDCG@5,nDCG@5_std,nDCG@5_stderr,nDCG@5_ci90_low,nDCG@5_ci90_high,nDCG@5_ci95_low,nDCG@5_ci95_high,nDCG@10,nDCG@10_std,nDCG@10_stderr,nDCG@10_ci90_low,nDCG@10_ci90_high,nDCG@10_ci95_low,nDCG@10_ci95_high,nDCG@100,nDCG@100_std,nDCG@100_stderr,nDCG@100_ci90_low,nDCG@100_ci90_high,nDCG@100_ci95_low,nDCG@100_ci95_high,RR@1,RR@3,RR@5,RR@10,RR@100,P@1,P@3,P@5,P@10,P@100,R@1,R@3,R@5,R@10,R@100,AP
0.15161725067385445,0.3587703944768248,0.009313215400732572,0.13628879928154006,0.16694570206616885,0.1333487741245885,0.1698857272231204,0.227788272494692,0.37630992805993085,0.009768519006611348,0.21171044520037607,0.24386609978900792,0.20862668836776405,0.24694985662161995,0.25664164068636164,0.3736009188230121,0.009698196630700734,0.2406795557081585,0.27260372566456476,0.23761799846455817,0.2756652829081651,0.2865395949748594,0.3649769791130379,0.009474330310183842,0.2709459674911699,0.30213322245854896,0.26795508107239147,0.3051241088773274,0.3512343376207049,0.3265750392317169,0.008477465620603588,0.3372814315507758,0.365187243690634,0.33460523851546753,0.36786343672594224,0.15161725067385445,0.2108041329739444,0.22714510332434848,0.2396967120181406,0.25171529357729083,0.15161725067385445,0.09725965858041313,0.07277628032345079,0.04615902964959596,0.007938005390835442,0.1488095238095238,0.28425426774483376,0.3536612758310871,0.4444631626235399,0.7544923629829289,0.24865001908370138
