nDCG@1,nDCG@3,nDCG@5,nDCG@10,nDCG@100,RR@1,RR@3,RR@5,RR@10,RR@100,P@1,P@3,P@5,P@10,P@100,R@1,R@3,R@5,R@10,R@100,AP
0.16711590296495957,0.24244913188801429,0.2740045293992635,0.30623990676652496,0.3715376667255881,0.16711590296495957,0.22708894878706187,0.24467654986522863,0.2581603238779786,0.2701003731480004,0.16711590296495957,0.1026504941599281,0.07749326145552633,0.049056603773585,0.008274932614555114,0.16217430368373767,0.29941599281221926,0.37556154537286607,0.4736635220125786,0.7895327942497753,0.2648098946235776
