{
  "nDCG@1": 0.15161725067385445,
  "nDCG@3": 0.227788272494692,
  "nDCG@5": 0.25664164068636164,
  "nDCG@10": 0.2865395949748594,
  "nDCG@100": 0.3512343376207049,
  "RR@1": 0.15161725067385445,
  "RR@3": 0.2108041329739444,
  "RR@5": 0.22714510332434848,
  "RR@10": 0.2396967120181406,
  "RR@100": 0.25171529357729083,
  "P@1": 0.15161725067385445,
  "P@3": 0.09725965858041313,
  "P@5": 0.07277628032345079,
  "P@10": 0.04615902964959596,
  "P@100": 0.007938005390835442,
  "R@1": 0.1488095238095238,
  "R@3": 0.28425426774483376,
  "R@5": 0.3536612758310871,
  "R@10": 0.4444631626235399,
  "R@100": 0.7544923629829289,
  "AP": 0.24865001908370138
}