nDCG@1,nDCG@1_std,nDCG@1_stderr,nDCG@1_ci90_low,nDCG@1_ci90_high,nDCG@1_ci95_low,nDCG@1_ci95_high,nDCG@3,nDCG@3_std,nDCG@3_stderr,nDCG@3_ci90_low,nDCG@3_ci90_high,nDCG@3_ci95_low,nDCG@3_ci95_high,nDCG@5,nDCG@5_std,nDCG@5_stderr,nDCG@5_ci90_low,nDCG@5_ci90_high,nDCG@5_ci95_low,nDCG@5_ci95_high,nDCG@10,nDCG@10_std,nDCG@10_stderr,nDCG@10_ci90_low,nDCG@10_ci90_high,nDCG@10_ci95_low,nDCG@10_ci95_high,nDCG@100,nDCG@100_std,nDCG@100_stderr,nDCG@100_ci90_low,nDCG@100_ci90_high,nDCG@100_ci95_low,nDCG@100_ci95_high,RR@1,RR@3,RR@5,RR@10,RR@100,P@1,P@3,P@5,P@10,P@100,R@1,R@3,R@5,R@10,R@100,AP
0.15768194070080863,0.3645653670629918,0.00946364539375085,0.14210589932622608,0.17325798207539117,0.13911838595550477,0.17624549544611248,0.23830544746158083,0.38030299951060614,0.009872173976762618,0.22205701634214448,0.2545538785810172,0.21894053738223537,0.25767035754092626,0.26891765255602346,0.37656527158131187,0.009775147394160636,0.25282891571951543,0.2850063893925315,0.24974306641665478,0.28809223869539213,0.30206624978452457,0.366193843216656,0.009505918528400511,0.2864206318285148,0.31771186774053434,0.28341977354156583,0.3207127260274833,0.3682565304348134,0.32415193957390365,0.008414565087566116,0.35440715120515687,0.3821059096644699,0.35175081480813714,0.3847622460614896,0.15768194070080863,0.2211365678346809,0.23835354896675606,0.25212611774269417,0.264786121095456,0.15768194070080863,0.10242587601078161,0.07681940700808697,0.049056603773585006,0.008281671159029507,0.15375112309074573,0.2980682839173405,0.37191150044923627,0.47254043126684636,0.786668912848158,0.2605527955495737
