{
  "nDCG@1": 0.1623989218328841,
  "nDCG@1_std": 0.36894069337053376,
  "nDCG@1_stderr": 0.00957722320557128,
  "nDCG@1_ci90_low": 0.14663594480903072,
  "nDCG@1_ci90_high": 0.17816189885673747,
  "nDCG@1_ci95_low": 0.1436125768371158,
  "nDCG@1_ci95_high": 0.18118526682865238,
  "nDCG@3": 0.23238178776834545,
  "nDCG@3_std": 0.382007326122705,
  "nDCG@3_stderr": 0.009916416091206939,
  "nDCG@3_ci90_low": 0.21606053935954417,
  "nDCG@3_ci90_high": 0.24870303617714673,
  "nDCG@3_ci95_low": 0.2129300939096672,
  "nDCG@3_ci95_high": 0.2518334816270237,
  "nDCG@5": 0.26642494938237854,
  "nDCG@5_std": 0.378430940464318,
  "nDCG@5_stderr": 0.009823577745274802,
  "nDCG@5_ci90_low": 0.25025650191414733,
  "nDCG@5_ci90_high": 0.28259339685060975,
  "nDCG@5_ci95_low": 0.24715536396558174,
  "nDCG@5_ci95_high": 0.28569453479917534,
  "nDCG@10": 0.30000714040029514,
  "nDCG@10_std": 0.3680166826314768,
  "nDCG@10_stderr": 0.009553237081916967,
  "nDCG@10_ci90_low": 0.28428364169995357,
  "nDCG@10_ci90_high": 0.3157306391006367,
  "nDCG@10_ci95_low": 0.28126784574306535,
  "nDCG@10_ci95_high": 0.3187464350575249,
  "nDCG@100": 0.3648248779124913,
  "nDCG@100_std": 0.3274936192303482,
  "nDCG@100_stderr": 0.008501310769260665,
  "nDCG@100_ci90_low": 0.35083272554722755,
  "nDCG@100_ci90_high": 0.37881703027775504,
  "nDCG@100_ci95_low": 0.3481490050003235,
  "nDCG@100_ci95_high": 0.3815007508246591,
  "RR@1": 0.1623989218328841,
  "RR@3": 0.21776729559748428,
  "RR@5": 0.2370058400718776,
  "RR@10": 0.2509570337568989,
  "RR@100": 0.263072717238202,
  "P@1": 0.1623989218328841,
  "P@3": 0.097708894878706,
  "P@5": 0.0756064690026961,
  "P@10": 0.04845013477088963,
  "P@100": 0.008194070080862393,
  "R@1": 0.15813117699910154,
  "R@3": 0.284366576819407,
  "R@5": 0.36562219227313564,
  "R@10": 0.4682165318957771,
  "R@100": 0.7789757412398922,
  "AP": 0.2590241825165452
}