{
  "nDCG@1": 0.671832884097035,
  "nDCG@1_std": 0.4697042975580219,
  "nDCG@1_stderr": 0.012192916040875322,
  "nDCG@1_ci90_low": 0.6517647859353167,
  "nDCG@1_ci90_high": 0.6919009822587533,
  "nDCG@1_ci95_low": 0.647915687814602,
  "nDCG@1_ci95_high": 0.6957500803794681,
  "nDCG@3": 0.755618972923903,
  "nDCG@3_std": 0.3804500871094671,
  "nDCG@3_stderr": 0.009875992180583383,
  "nDCG@3_ci90_low": 0.7393642574924268,
  "nDCG@3_ci90_high": 0.7718736883553792,
  "nDCG@3_ci95_low": 0.7362465731899154,
  "nDCG@3_ci95_high": 0.7749913726578906,
  "nDCG@5": 0.776469217850809,
  "nDCG@5_std": 0.350107801533629,
  "nDCG@5_stderr": 0.009088345692276014,
  "nDCG@5_ci90_low": 0.7615108754109203,
  "nDCG@5_ci90_high": 0.7914275602906977,
  "nDCG@5_ci95_low": 0.7586418378314543,
  "nDCG@5_ci95_high": 0.7942965978701637,
  "nDCG@10": 0.7924072034612687,
  "nDCG@10_std": 0.32228049179075713,
  "nDCG@10_stderr": 0.008365984723678837,
  "nDCG@10_ci90_low": 0.7786377817666229,
  "nDCG@10_ci90_high": 0.8061766251559145,
  "nDCG@10_ci95_low": 0.7759967813718126,
  "nDCG@10_ci95_high": 0.8088176255507248,
  "nDCG@100": 0.809557896417791,
  "nDCG@100_std": 0.28590394292976484,
  "nDCG@100_stderr": 0.007421696565310245,
  "nDCG@100_ci90_low": 0.7973426613829697,
  "nDCG@100_ci90_high": 0.8217731314526122,
  "nDCG@100_ci95_low": 0.7949997568467387,
  "nDCG@100_ci95_high": 0.8241160359888432,
  "RR@1": 0.671832884097035,
  "RR@3": 0.7412398921832889,
  "RR@5": 0.7524258760107827,
  "RR@10": 0.758266482693707,
  "RR@100": 0.7619974961125563,
  "P@1": 0.671832884097035,
  "P@3": 0.28571428571428187,
  "P@5": 0.1824797843665728,
  "P@10": 0.09656334231805702,
  "P@100": 0.010485175202156147,
  "R@1": 0.6501572327044025,
  "R@3": 0.8149707996406108,
  "R@5": 0.8648360287511231,
  "R@10": 0.9130727762803235,
  "R@100": 0.9852875112309074,
  "AP": 0.7552150872872297
}