nDCG@1,nDCG@1_std,nDCG@1_stderr,nDCG@1_ci90_low,nDCG@1_ci90_high,nDCG@1_ci95_low,nDCG@1_ci95_high,nDCG@3,nDCG@3_std,nDCG@3_stderr,nDCG@3_ci90_low,nDCG@3_ci90_high,nDCG@3_ci95_low,nDCG@3_ci95_high,nDCG@5,nDCG@5_std,nDCG@5_stderr,nDCG@5_ci90_low,nDCG@5_ci90_high,nDCG@5_ci95_low,nDCG@5_ci95_high,nDCG@10,nDCG@10_std,nDCG@10_stderr,nDCG@10_ci90_low,nDCG@10_ci90_high,nDCG@10_ci95_low,nDCG@10_ci95_high,nDCG@100,nDCG@100_std,nDCG@100_stderr,nDCG@100_ci90_low,nDCG@100_ci90_high,nDCG@100_ci95_low,nDCG@100_ci95_high,RR@1,RR@3,RR@5,RR@10,RR@100,P@1,P@3,P@5,P@10,P@100,R@1,R@3,R@5,R@10,R@100,AP
0.5026954177897575,0.5001612810206919,0.012983539937972601,0.48132604617362035,0.5240647894058946,0.4772273614120801,0.5281634741674348,0.5705427716552307,0.45936079656083245,0.011924412133452883,0.550916599178303,0.5901689441321584,0.5471522632163696,0.5939332800940919,0.599174429918198,0.43663161572517367,0.01133439199727811,0.5805193608237961,0.6178294990126,0.5769412842759126,0.6214075755604834,0.6231761933961908,0.4132778167320572,0.010728157581627755,0.6055189144712199,0.6408334723211617,0.6021322159121759,0.6442201708802057,0.6591745047628033,0.365544332050819,0.009489058058624454,0.6435566371465304,0.6747923723790761,0.6405611014257594,0.6777879080998471,0.5026954177897575,0.5598607367475295,0.5753593890386349,0.5848717002524282,0.59186336783851,0.5026954177897575,0.21653189577717832,0.144609164420483,0.08018867924528156,0.009845013477088774,0.4877021563342318,0.6194407008086253,0.6873876909254268,0.7594339622641509,0.926044474393531,0.584775945738634
