{
  "nDCG@1": 0.5026954177897575,
  "nDCG@1_std": 0.5001612810206919,
  "nDCG@1_stderr": 0.012983539937972601,
  "nDCG@1_ci90_low": 0.48132604617362035,
  "nDCG@1_ci90_high": 0.5240647894058946,
  "nDCG@1_ci95_low": 0.4772273614120801,
  "nDCG@1_ci95_high": 0.5281634741674348,
  "nDCG@3": 0.5705427716552307,
  "nDCG@3_std": 0.45936079656083245,
  "nDCG@3_stderr": 0.011924412133452883,
  "nDCG@3_ci90_low": 0.550916599178303,
  "nDCG@3_ci90_high": 0.5901689441321584,
  "nDCG@3_ci95_low": 0.5471522632163696,
  "nDCG@3_ci95_high": 0.5939332800940919,
  "nDCG@5": 0.599174429918198,
  "nDCG@5_std": 0.43663161572517367,
  "nDCG@5_stderr": 0.01133439199727811,
  "nDCG@5_ci90_low": 0.5805193608237961,
  "nDCG@5_ci90_high": 0.6178294990126,
  "nDCG@5_ci95_low": 0.5769412842759126,
  "nDCG@5_ci95_high": 0.6214075755604834,
  "nDCG@10": 0.6231761933961908,
  "nDCG@10_std": 0.4132778167320572,
  "nDCG@10_stderr": 0.010728157581627755,
  "nDCG@10_ci90_low": 0.6055189144712199,
  "nDCG@10_ci90_high": 0.6408334723211617,
  "nDCG@10_ci95_low": 0.6021322159121759,
  "nDCG@10_ci95_high": 0.6442201708802057,
  "nDCG@100": 0.6591745047628033,
  "nDCG@100_std": 0.365544332050819,
  "nDCG@100_stderr": 0.009489058058624454,
  "nDCG@100_ci90_low": 0.6435566371465304,
  "nDCG@100_ci90_high": 0.6747923723790761,
  "nDCG@100_ci95_low": 0.6405611014257594,
  "nDCG@100_ci95_high": 0.6777879080998471,
  "RR@1": 0.5026954177897575,
  "RR@3": 0.5598607367475295,
  "RR@5": 0.5753593890386349,
  "RR@10": 0.5848717002524282,
  "RR@100": 0.59186336783851,
  "P@1": 0.5026954177897575,
  "P@3": 0.21653189577717832,
  "P@5": 0.144609164420483,
  "P@10": 0.08018867924528156,
  "P@100": 0.009845013477088774,
  "R@1": 0.4877021563342318,
  "R@3": 0.6194407008086253,
  "R@5": 0.6873876909254268,
  "R@10": 0.7594339622641509,
  "R@100": 0.926044474393531,
  "AP": 0.584775945738634
}