nDCG@1,nDCG@1_std,nDCG@1_stderr,nDCG@1_ci90_low,nDCG@1_ci90_high,nDCG@1_ci95_low,nDCG@1_ci95_high,nDCG@3,nDCG@3_std,nDCG@3_stderr,nDCG@3_ci90_low,nDCG@3_ci90_high,nDCG@3_ci95_low,nDCG@3_ci95_high,nDCG@5,nDCG@5_std,nDCG@5_stderr,nDCG@5_ci90_low,nDCG@5_ci90_high,nDCG@5_ci95_low,nDCG@5_ci95_high,nDCG@10,nDCG@10_std,nDCG@10_stderr,nDCG@10_ci90_low,nDCG@10_ci90_high,nDCG@10_ci95_low,nDCG@10_ci95_high,nDCG@100,nDCG@100_std,nDCG@100_stderr,nDCG@100_ci90_low,nDCG@100_ci90_high,nDCG@100_ci95_low,nDCG@100_ci95_high,RR@1,RR@3,RR@5,RR@10,RR@100,P@1,P@3,P@5,P@10,P@100,R@1,R@3,R@5,R@10,R@100,AP
0.4353099730458221,0.4959646719008333,0.012874601393188505,0.41411990139394234,0.45650004469770183,0.41005560669517266,0.4605643393964715,0.5079040915439038,0.46336045960413813,0.012028238212823157,0.48810703361631247,0.5277011494714952,0.48430992151078506,0.5314982615770225,0.5375076404458049,0.443501424162431,0.011512723338779255,0.5185590590484757,0.5564562218431341,0.5149246863012963,0.5600905945903135,0.5606773530486957,0.4242722930262245,0.011013559965776937,0.5425503355442501,0.5788043705531413,0.5390735402620932,0.5822811658352982,0.5992671765898236,0.38066120196454567,0.009881472449161587,0.5830034412842328,0.6155309118954145,0.5798840269532839,0.6186503262263634,0.43463611859838275,0.4951707097933515,0.5111747529200366,0.5204667244256195,0.5275146241312559,0.4353099730458221,0.19564240790655926,0.13274932614555096,0.07405660377358372,0.009413746630727598,0.42233827493261455,0.559467654986523,0.6307839173405212,0.7013701707097935,0.8849393530997305,0.521056979550622
