{
  "nDCG@1": 0.4353099730458221,
  "nDCG@1_std": 0.4959646719008333,
  "nDCG@1_stderr": 0.012874601393188505,
  "nDCG@1_ci90_low": 0.41411990139394234,
  "nDCG@1_ci90_high": 0.45650004469770183,
  "nDCG@1_ci95_low": 0.41005560669517266,
  "nDCG@1_ci95_high": 0.4605643393964715,
  "nDCG@3": 0.5079040915439038,
  "nDCG@3_std": 0.46336045960413813,
  "nDCG@3_stderr": 0.012028238212823157,
  "nDCG@3_ci90_low": 0.48810703361631247,
  "nDCG@3_ci90_high": 0.5277011494714952,
  "nDCG@3_ci95_low": 0.48430992151078506,
  "nDCG@3_ci95_high": 0.5314982615770225,
  "nDCG@5": 0.5375076404458049,
  "nDCG@5_std": 0.443501424162431,
  "nDCG@5_stderr": 0.011512723338779255,
  "nDCG@5_ci90_low": 0.5185590590484757,
  "nDCG@5_ci90_high": 0.5564562218431341,
  "nDCG@5_ci95_low": 0.5149246863012963,
  "nDCG@5_ci95_high": 0.5600905945903135,
  "nDCG@10": 0.5606773530486957,
  "nDCG@10_std": 0.4242722930262245,
  "nDCG@10_stderr": 0.011013559965776937,
  "nDCG@10_ci90_low": 0.5425503355442501,
  "nDCG@10_ci90_high": 0.5788043705531413,
  "nDCG@10_ci95_low": 0.5390735402620932,
  "nDCG@10_ci95_high": 0.5822811658352982,
  "nDCG@100": 0.5992671765898236,
  "nDCG@100_std": 0.38066120196454567,
  "nDCG@100_stderr": 0.009881472449161587,
  "nDCG@100_ci90_low": 0.5830034412842328,
  "nDCG@100_ci90_high": 0.6155309118954145,
  "nDCG@100_ci95_low": 0.5798840269532839,
  "nDCG@100_ci95_high": 0.6186503262263634,
  "RR@1": 0.43463611859838275,
  "RR@3": 0.4951707097933515,
  "RR@5": 0.5111747529200366,
  "RR@10": 0.5204667244256195,
  "RR@100": 0.5275146241312559,
  "P@1": 0.4353099730458221,
  "P@3": 0.19564240790655926,
  "P@5": 0.13274932614555096,
  "P@10": 0.07405660377358372,
  "P@100": 0.009413746630727598,
  "R@1": 0.42233827493261455,
  "R@3": 0.559467654986523,
  "R@5": 0.6307839173405212,
  "R@10": 0.7013701707097935,
  "R@100": 0.8849393530997305,
  "AP": 0.521056979550622
}