nDCG@1,nDCG@1_std,nDCG@1_stderr,nDCG@1_ci90_low,nDCG@1_ci90_high,nDCG@1_ci95_low,nDCG@1_ci95_high,nDCG@3,nDCG@3_std,nDCG@3_stderr,nDCG@3_ci90_low,nDCG@3_ci90_high,nDCG@3_ci95_low,nDCG@3_ci95_high,nDCG@5,nDCG@5_std,nDCG@5_stderr,nDCG@5_ci90_low,nDCG@5_ci90_high,nDCG@5_ci95_low,nDCG@5_ci95_high,nDCG@10,nDCG@10_std,nDCG@10_stderr,nDCG@10_ci90_low,nDCG@10_ci90_high,nDCG@10_ci95_low,nDCG@10_ci95_high,nDCG@100,nDCG@100_std,nDCG@100_stderr,nDCG@100_ci90_low,nDCG@100_ci90_high,nDCG@100_ci95_low,nDCG@100_ci95_high,RR@1,RR@3,RR@5,RR@10,RR@100,P@1,P@3,P@5,P@10,P@100,R@1,R@3,R@5,R@10,R@100,AP
0.772911051212938,0.41909177099334205,0.010879080314380863,0.755005371314355,0.7908167311115211,0.7515710289919106,0.7942510734339654,0.838242115188631,0.3212673227290215,0.008339684165286715,0.824515981103426,0.851968249273836,0.8218832833516866,0.8546009470255754,0.8553813237208385,0.28789792999727065,0.007473457890525044,0.8430808956647655,0.8676817517769115,0.8407216509504392,0.8700409964912379,0.8668515436136421,0.2607249975654766,0.006768083710540422,0.8557120780572057,0.8779910091700786,0.8535755080846291,0.8801275791426552,0.8746094633977242,0.23830388765509608,0.006186060697121565,0.864427938905305,0.8847909878901433,0.8624751037898908,0.8867438230055575,0.772911051212938,0.8272686433063791,0.8357255166217433,0.8400368480725623,0.8416503527126784,0.772911051212938,0.3110961365678296,0.1959568733153592,0.10188679245282764,0.01057277628032326,0.7493823000898474,0.886174752920036,0.9269991015274033,0.9607479784366577,0.9939353099730458,0.8360059406891983
