{
  "nDCG@1": 0.610512129380054,
  "nDCG@1_std": 0.48779853544385243,
  "nDCG@1_stderr": 0.012662619052988607,
  "nDCG@1_ci90_low": 0.5896709555962003,
  "nDCG@1_ci90_high": 0.6313533031639076,
  "nDCG@1_ci95_low": 0.5856735801499336,
  "nDCG@1_ci95_high": 0.6353506786101742,
  "nDCG@3": 0.6896904955670057,
  "nDCG@3_std": 0.4198419304897926,
  "nDCG@3_stderr": 0.010898553484639343,
  "nDCG@3_ci90_low": 0.6717527651326068,
  "nDCG@3_ci90_high": 0.7076282260014045,
  "nDCG@3_ci95_low": 0.6683122754584712,
  "nDCG@3_ci95_high": 0.7110687156755402,
  "nDCG@5": 0.7161981818067054,
  "nDCG@5_std": 0.388577959562445,
  "nDCG@5_stderr": 0.010086981236730694,
  "nDCG@5_ci90_low": 0.6995962033353117,
  "nDCG@5_ci90_high": 0.732800160278099,
  "nDCG@5_ci95_low": 0.6964119133433339,
  "nDCG@5_ci95_high": 0.7359844502700769,
  "nDCG@10": 0.7336750737421697,
  "nDCG@10_std": 0.36377148573620005,
  "nDCG@10_stderr": 0.009443037261327291,
  "nDCG@10_ci90_low": 0.7181329509169332,
  "nDCG@10_ci90_high": 0.7492171965674062,
  "nDCG@10_ci95_low": 0.7151519431863326,
  "nDCG@10_ci95_high": 0.7521982042980068,
  "nDCG@100": 0.7573577827716133,
  "nDCG@100_std": 0.32164412820950283,
  "nDCG@100_stderr": 0.00834946554819323,
  "nDCG@100_ci90_low": 0.7436155496866557,
  "nDCG@100_ci90_high": 0.7711000158565708,
  "nDCG@100_ci95_low": 0.7409797641171673,
  "nDCG@100_ci95_high": 0.7737358014260592,
  "RR@1": 0.610512129380054,
  "RR@3": 0.6756513926325254,
  "RR@5": 0.6903077268643321,
  "RR@10": 0.6969623069353538,
  "RR@100": 0.7018061656322856,
  "P@1": 0.610512129380054,
  "P@3": 0.26145552560646623,
  "P@5": 0.17061994609164072,
  "P@10": 0.09123989218328642,
  "P@100": 0.010296495956873132,
  "R@1": 0.5919811320754716,
  "R@3": 0.7466868823000898,
  "R@5": 0.8103661275831088,
  "R@10": 0.862533692722372,
  "R@100": 0.9674865229110512,
  "AP": 0.694981356925391
}