nDCG@1,nDCG@1_std,nDCG@1_stderr,nDCG@1_ci90_low,nDCG@1_ci90_high,nDCG@1_ci95_low,nDCG@1_ci95_high,nDCG@3,nDCG@3_std,nDCG@3_stderr,nDCG@3_ci90_low,nDCG@3_ci90_high,nDCG@3_ci95_low,nDCG@3_ci95_high,nDCG@5,nDCG@5_std,nDCG@5_stderr,nDCG@5_ci90_low,nDCG@5_ci90_high,nDCG@5_ci95_low,nDCG@5_ci95_high,nDCG@10,nDCG@10_std,nDCG@10_stderr,nDCG@10_ci90_low,nDCG@10_ci90_high,nDCG@10_ci95_low,nDCG@10_ci95_high,nDCG@100,nDCG@100_std,nDCG@100_stderr,nDCG@100_ci90_low,nDCG@100_ci90_high,nDCG@100_ci95_low,nDCG@100_ci95_high,RR@1,RR@3,RR@5,RR@10,RR@100,P@1,P@3,P@5,P@10,P@100,R@1,R@3,R@5,R@10,R@100,AP
0.694743935309973,0.4606710361752158,0.011958424259155505,0.6750617828955964,0.7144260877243497,0.6712867098787464,0.7182011607411997,0.7749824611675189,0.3680289296398695,0.009553554998414347,0.7592584392142118,0.790706483120826,0.7562425428964429,0.7937223794385949,0.7958674877333963,0.336511352679677,0.008735399465911512,0.7814900530511553,0.8102449224156374,0.7787324346475499,0.8130025408192427,0.8115118164690969,0.3066958981837905,0.007961428831027177,0.7984082459406872,0.8246153869975066,0.7958949570236652,0.8271286759145285,0.82567387503043,0.2743775812214061,0.007122487123758525,0.8139511033590768,0.8373966467017832,0.8117026542013062,0.8396450958595538,0.694743935309973,0.7612309074573232,0.7718441150044935,0.7779550656740695,0.7810456250835246,0.694743935309973,0.2917789757412357,0.18638814016172087,0.09831536388139926,0.010518867924528113,0.6734052111410601,0.832491015274034,0.882243935309973,0.9295822102425876,0.9891621743036836,0.7744459551400116
