nDCG@1,nDCG@1_std,nDCG@1_stderr,nDCG@1_ci90_low,nDCG@1_ci90_high,nDCG@1_ci95_low,nDCG@1_ci95_high,nDCG@3,nDCG@3_std,nDCG@3_stderr,nDCG@3_ci90_low,nDCG@3_ci90_high,nDCG@3_ci95_low,nDCG@3_ci95_high,nDCG@5,nDCG@5_std,nDCG@5_stderr,nDCG@5_ci90_low,nDCG@5_ci90_high,nDCG@5_ci95_low,nDCG@5_ci95_high,nDCG@10,nDCG@10_std,nDCG@10_stderr,nDCG@10_ci90_low,nDCG@10_ci90_high,nDCG@10_ci95_low,nDCG@10_ci95_high,nDCG@100,nDCG@100_std,nDCG@100_stderr,nDCG@100_ci90_low,nDCG@100_ci90_high,nDCG@100_ci95_low,nDCG@100_ci95_high,RR@1,RR@3,RR@5,RR@10,RR@100,P@1,P@3,P@5,P@10,P@100,R@1,R@3,R@5,R@10,R@100,AP
0.671832884097035,0.4697042975580219,0.012192916040875322,0.6517647859353167,0.6919009822587533,0.647915687814602,0.6957500803794681,0.755618972923903,0.3804500871094671,0.009875992180583383,0.7393642574924268,0.7718736883553792,0.7362465731899154,0.7749913726578906,0.776469217850809,0.350107801533629,0.009088345692276014,0.7615108754109203,0.7914275602906977,0.7586418378314543,0.7942965978701637,0.7924072034612687,0.32228049179075713,0.008365984723678837,0.7786377817666229,0.8061766251559145,0.7759967813718126,0.8088176255507248,0.809557896417791,0.28590394292976484,0.007421696565310245,0.7973426613829697,0.8217731314526122,0.7949997568467387,0.8241160359888432,0.671832884097035,0.7412398921832889,0.7524258760107827,0.758266482693707,0.7619974961125563,0.671832884097035,0.28571428571428187,0.1824797843665728,0.09656334231805702,0.010485175202156147,0.6501572327044025,0.8149707996406108,0.8648360287511231,0.9130727762803235,0.9852875112309074,0.7552150872872297
