{
  "nDCG@1": 0.694743935309973,
  "nDCG@1_std": 0.4606710361752158,
  "nDCG@1_stderr": 0.011958424259155505,
  "nDCG@1_ci90_low": 0.6750617828955964,
  "nDCG@1_ci90_high": 0.7144260877243497,
  "nDCG@1_ci95_low": 0.6712867098787464,
  "nDCG@1_ci95_high": 0.7182011607411997,
  "nDCG@3": 0.7749824611675189,
  "nDCG@3_std": 0.3680289296398695,
  "nDCG@3_stderr": 0.009553554998414347,
  "nDCG@3_ci90_low": 0.7592584392142118,
  "nDCG@3_ci90_high": 0.790706483120826,
  "nDCG@3_ci95_low": 0.7562425428964429,
  "nDCG@3_ci95_high": 0.7937223794385949,
  "nDCG@5": 0.7958674877333963,
  "nDCG@5_std": 0.336511352679677,
  "nDCG@5_stderr": 0.008735399465911512,
  "nDCG@5_ci90_low": 0.7814900530511553,
  "nDCG@5_ci90_high": 0.8102449224156374,
  "nDCG@5_ci95_low": 0.7787324346475499,
  "nDCG@5_ci95_high": 0.8130025408192427,
  "nDCG@10": 0.8115118164690969,
  "nDCG@10_std": 0.3066958981837905,
  "nDCG@10_stderr": 0.007961428831027177,
  "nDCG@10_ci90_low": 0.7984082459406872,
  "nDCG@10_ci90_high": 0.8246153869975066,
  "nDCG@10_ci95_low": 0.7958949570236652,
  "nDCG@10_ci95_high": 0.8271286759145285,
  "nDCG@100": 0.82567387503043,
  "nDCG@100_std": 0.2743775812214061,
  "nDCG@100_stderr": 0.007122487123758525,
  "nDCG@100_ci90_low": 0.8139511033590768,
  "nDCG@100_ci90_high": 0.8373966467017832,
  "nDCG@100_ci95_low": 0.8117026542013062,
  "nDCG@100_ci95_high": 0.8396450958595538,
  "RR@1": 0.694743935309973,
  "RR@3": 0.7612309074573232,
  "RR@5": 0.7718441150044935,
  "RR@10": 0.7779550656740695,
  "RR@100": 0.7810456250835246,
  "P@1": 0.694743935309973,
  "P@3": 0.2917789757412357,
  "P@5": 0.18638814016172087,
  "P@10": 0.09831536388139926,
  "P@100": 0.010518867924528113,
  "R@1": 0.6734052111410601,
  "R@3": 0.832491015274034,
  "R@5": 0.882243935309973,
  "R@10": 0.9295822102425876,
  "R@100": 0.9891621743036836,
  "AP": 0.7744459551400116
}