nDCG@1,nDCG@1_std,nDCG@1_stderr,nDCG@1_ci90_low,nDCG@1_ci90_high,nDCG@1_ci95_low,nDCG@1_ci95_high,nDCG@3,nDCG@3_std,nDCG@3_stderr,nDCG@3_ci90_low,nDCG@3_ci90_high,nDCG@3_ci95_low,nDCG@3_ci95_high,nDCG@5,nDCG@5_std,nDCG@5_stderr,nDCG@5_ci90_low,nDCG@5_ci90_high,nDCG@5_ci95_low,nDCG@5_ci95_high,nDCG@10,nDCG@10_std,nDCG@10_stderr,nDCG@10_ci90_low,nDCG@10_ci90_high,nDCG@10_ci95_low,nDCG@10_ci95_high,nDCG@100,nDCG@100_std,nDCG@100_stderr,nDCG@100_ci90_low,nDCG@100_ci90_high,nDCG@100_ci95_low,nDCG@100_ci95_high,RR@1,RR@3,RR@5,RR@10,RR@100,P@1,P@3,P@5,P@10,P@100,R@1,R@3,R@5,R@10,R@100,AP
0.6590296495956873,0.47419520684824956,0.012309494237429226,0.6387696775061804,0.6792896216851942,0.6348837776133738,0.6831755215780009,0.7377456422463444,0.3945912166669083,0.01024307761351094,0.720886747594981,0.7546045368977079,0.7176531806073688,0.75783810388532,0.7608910823885964,0.3625851633443228,0.00941224186644423,0.7453996451422134,0.7763825196349794,0.7424283589988173,0.7793538057783754,0.7759725727651915,0.3378839969181369,0.008771031534939933,0.7615364919103228,0.7904086536200602,0.758767625062992,0.793177520467391,0.7959946591212724,0.29785108167991065,0.007731828834626391,0.7832689830399544,0.8087203352025905,0.7808281749726077,0.8111611432699372,0.6583557951482479,0.7231581311769995,0.735388589398024,0.7413056732126814,0.7452634809088754,0.6590296495956873,0.2787511230907421,0.17924528301886403,0.09467654986522693,0.010478436657681754,0.6391509433962265,0.7947551662174303,0.8507973944294699,0.8962264150943396,0.9841644204851752,0.7393981094213162
