nDCG@1,nDCG@1_std,nDCG@1_stderr,nDCG@1_ci90_low,nDCG@1_ci90_high,nDCG@1_ci95_low,nDCG@1_ci95_high,nDCG@3,nDCG@3_std,nDCG@3_stderr,nDCG@3_ci90_low,nDCG@3_ci90_high,nDCG@3_ci95_low,nDCG@3_ci95_high,nDCG@5,nDCG@5_std,nDCG@5_stderr,nDCG@5_ci90_low,nDCG@5_ci90_high,nDCG@5_ci95_low,nDCG@5_ci95_high,nDCG@10,nDCG@10_std,nDCG@10_stderr,nDCG@10_ci90_low,nDCG@10_ci90_high,nDCG@10_ci95_low,nDCG@10_ci95_high,nDCG@100,nDCG@100_std,nDCG@100_stderr,nDCG@100_ci90_low,nDCG@100_ci90_high,nDCG@100_ci95_low,nDCG@100_ci95_high,RR@1,RR@3,RR@5,RR@10,RR@100,P@1,P@3,P@5,P@10,P@100,R@1,R@3,R@5,R@10,R@100,AP
0.6920485175202157,0.46180198553206886,0.011987782241669786,0.6723180453377908,0.7117789897026405,0.6685337045005979,0.7155633305398335,0.7678853570600251,0.3764615208622272,0.009772454159686186,0.7518010529690248,0.7839696611510255,0.7487160538749017,0.7870546602451486,0.7913050515737123,0.3409256394985003,0.0088499886422126,0.776739016655845,0.8058710864915797,0.7739452243803229,0.8086648787671018,0.8094789480233613,0.30627145245019644,0.00795041076876859,0.7963935119226977,0.8225643841240249,0.7938837012222558,0.8250741948244668,0.8227895851588933,0.27620044743610306,0.007169806372965102,0.8109889315981846,0.834590238719602,0.8087255445508572,0.8368536257669295,0.6920485175202157,0.7550539083557956,0.7671832884097046,0.774357699054465,0.7769811306836362,0.6920485175202157,0.2881850853548927,0.18517520215633002,0.09865229110511889,0.0105323450134769,0.6708782569631626,0.8220462713387241,0.8779761904761904,0.9330076370170709,0.9908468104222821,0.7706345984037508
