nDCG@1,nDCG@1_std,nDCG@1_stderr,nDCG@1_ci90_low,nDCG@1_ci90_high,nDCG@1_ci95_low,nDCG@1_ci95_high,nDCG@3,nDCG@3_std,nDCG@3_stderr,nDCG@3_ci90_low,nDCG@3_ci90_high,nDCG@3_ci95_low,nDCG@3_ci95_high,nDCG@5,nDCG@5_std,nDCG@5_stderr,nDCG@5_ci90_low,nDCG@5_ci90_high,nDCG@5_ci95_low,nDCG@5_ci95_high,nDCG@10,nDCG@10_std,nDCG@10_stderr,nDCG@10_ci90_low,nDCG@10_ci90_high,nDCG@10_ci95_low,nDCG@10_ci95_high,nDCG@100,nDCG@100_std,nDCG@100_stderr,nDCG@100_ci90_low,nDCG@100_ci90_high,nDCG@100_ci95_low,nDCG@100_ci95_high,RR@1,RR@3,RR@5,RR@10,RR@100,P@1,P@3,P@5,P@10,P@100,R@1,R@3,R@5,R@10,R@100,AP
0.7553908355795148,0.43000013589309577,0.011162247358109048,0.7370190962074924,0.7737625749515372,0.7334953628212362,0.7772863083377934,0.8267772100308164,0.33165580995345745,0.008609355856982503,0.812607228225981,0.8409471918356518,0.8098893996656444,0.8436650203959883,0.8451844449959098,0.29669672425348975,0.007701863208902535,0.8325080887915176,0.8578608012003021,0.8300767403672353,0.8602921496245843,0.8586482212181719,0.264744394022785,0.006872422043814664,0.8473370271017127,0.8699594153346311,0.8451675192756171,0.8721289231607267,0.8666965906339787,0.24308618947065955,0.0063102030667410115,0.8563107424792625,0.877082438788695,0.8543187177097902,0.8790744635581673,0.7560646900269542,0.8143530997304581,0.8236522911051214,0.8292666752235484,0.8308620757886752,0.7553908355795148,0.3077268643306329,0.1943396226415048,0.10161725067385186,0.01057277628032326,0.7331536388140162,0.8764038634321653,0.9202605570530098,0.9605233602875112,0.9943845462713387,0.825750912098911
