nDCG@1,nDCG@1_std,nDCG@1_stderr,nDCG@1_ci90_low,nDCG@1_ci90_high,nDCG@1_ci95_low,nDCG@1_ci95_high,nDCG@3,nDCG@3_std,nDCG@3_stderr,nDCG@3_ci90_low,nDCG@3_ci90_high,nDCG@3_ci95_low,nDCG@3_ci95_high,nDCG@5,nDCG@5_std,nDCG@5_stderr,nDCG@5_ci90_low,nDCG@5_ci90_high,nDCG@5_ci95_low,nDCG@5_ci95_high,nDCG@10,nDCG@10_std,nDCG@10_stderr,nDCG@10_ci90_low,nDCG@10_ci90_high,nDCG@10_ci95_low,nDCG@10_ci95_high,nDCG@100,nDCG@100_std,nDCG@100_stderr,nDCG@100_ci90_low,nDCG@100_ci90_high,nDCG@100_ci95_low,nDCG@100_ci95_high,RR@1,RR@3,RR@5,RR@10,RR@100,P@1,P@3,P@5,P@10,P@100,R@1,R@3,R@5,R@10,R@100,AP
0.7345013477088949,0.4417472289596503,0.01146718670022174,0.7156277142345615,0.7533749811832282,0.7120077166367973,0.7569949787809924,0.8060841247044291,0.35085662777964005,0.009107784253077532,0.7910937886917987,0.8210744607170596,0.7882186146862636,0.8239496347225946,0.8271677704045439,0.3144024417060065,0.008161480733086098,0.813734938098681,0.8406006027104068,0.811158496167427,0.8431770446416609,0.8420005620855759,0.2819222496159326,0.007318336956874739,0.8299554447454134,0.8540456794257385,0.8276451690957632,0.8563559550753886,0.8518465159238028,0.25686677513759765,0.006667929246604866,0.8408718927731416,0.862821139074464,0.8387669398770399,0.8649260919705657,0.7351752021563343,0.7936882300089845,0.8040655884995509,0.8100281307491547,0.8121056254344992,0.7345013477088949,0.3005390835579468,0.1915094339622597,0.10060646900269289,0.010552560646900081,0.7136118598382749,0.8561882300089847,0.906446540880503,0.9507524707996405,0.9923629829290206,0.8075767027477507
