nDCG@1,nDCG@1_std,nDCG@1_stderr,nDCG@1_ci90_low,nDCG@1_ci90_high,nDCG@1_ci95_low,nDCG@1_ci95_high,nDCG@3,nDCG@3_std,nDCG@3_stderr,nDCG@3_ci90_low,nDCG@3_ci90_high,nDCG@3_ci95_low,nDCG@3_ci95_high,nDCG@5,nDCG@5_std,nDCG@5_stderr,nDCG@5_ci90_low,nDCG@5_ci90_high,nDCG@5_ci95_low,nDCG@5_ci95_high,nDCG@10,nDCG@10_std,nDCG@10_stderr,nDCG@10_ci90_low,nDCG@10_ci90_high,nDCG@10_ci95_low,nDCG@10_ci95_high,nDCG@100,nDCG@100_std,nDCG@100_stderr,nDCG@100_ci90_low,nDCG@100_ci90_high,nDCG@100_ci95_low,nDCG@100_ci95_high,RR@1,RR@3,RR@5,RR@10,RR@100,P@1,P@3,P@5,P@10,P@100,R@1,R@3,R@5,R@10,R@100,AP
0.77088948787062,0.42040216583141626,0.01091309646948973,0.7529278214026617,0.7888511543385782,0.7494827407532851,0.7922962349879548,0.8366687912093224,0.32452479052794914,0.008424243816081211,0.8228034819369041,0.8505341004817406,0.8201440901283967,0.853193492290248,0.8572947942121489,0.2838227746571072,0.007367672128771396,0.8451684770122376,0.8694211114120602,0.8428426270802094,0.8717469613440885,0.8685813389000688,0.25605252741745105,0.006646792428952063,0.8576415044521315,0.8795211733480062,0.8555432240931679,0.8816194537069698,0.8758405380112847,0.23554045626641917,0.006114325592541869,0.8657770810193322,0.8859039950032372,0.8638468914675634,0.887834184555006,0.7702156334231806,0.8254716981132078,0.8357816711590303,0.8402007658409277,0.8416321680395686,0.77088948787062,0.309299191374658,0.19690026954177417,0.10215633423180333,0.010586253369272047,0.7478661275831088,0.8824685534591195,0.9312106918238993,0.9652964959568733,0.9953953279424976,0.8372183576637081
