{
  "nDCG@1": 0.7675202156334232,
  "nDCG@1_std": 0.42255562134608265,
  "nDCG@1_stderr": 0.010968997389333547,
  "nDCG@1_ci90_low": 0.7494665428609029,
  "nDCG@1_ci90_high": 0.7855738884059436,
  "nDCG@1_ci95_low": 0.7460038152331665,
  "nDCG@1_ci95_high": 0.7890366160336799,
  "nDCG@3": 0.8369151394712521,
  "nDCG@3_std": 0.3219349743812446,
  "nDCG@3_stderr": 0.008357015538626136,
  "nDCG@3_ci90_low": 0.8231604799947225,
  "nDCG@3_ci90_high": 0.8506697989477816,
  "nDCG@3_ci95_low": 0.8205223110204859,
  "nDCG@3_ci95_high": 0.8533079679220182,
  "nDCG@5": 0.8536353441112756,
  "nDCG@5_std": 0.28950914480125867,
  "nDCG@5_stderr": 0.007515282942863243,
  "nDCG@5_ci90_low": 0.8412660769642807,
  "nDCG@5_ci90_high": 0.8660046112582706,
  "nDCG@5_ci95_low": 0.8388936287857612,
  "nDCG@5_ci95_high": 0.86837705943679,
  "nDCG@10": 0.8659844044812751,
  "nDCG@10_std": 0.2593025995115524,
  "nDCG@10_stderr": 0.006731160096815,
  "nDCG@10_ci90_low": 0.8549057108273305,
  "nDCG@10_ci90_high": 0.8770630981352198,
  "nDCG@10_ci95_low": 0.8527807970173753,
  "nDCG@10_ci95_high": 0.8791880119451749,
  "nDCG@100": 0.8738361939349226,
  "nDCG@100_std": 0.23739709560233835,
  "nDCG@100_stderr": 0.006162521548292631,
  "nDCG@100_ci90_low": 0.8636934120983012,
  "nDCG@100_ci90_high": 0.883978975771544,
  "nDCG@100_ci95_low": 0.8617480078954937,
  "nDCG@100_ci95_high": 0.8859243799743516,
  "RR@1": 0.7675202156334232,
  "RR@3": 0.8238993710691824,
  "RR@5": 0.8325584007187785,
  "RR@10": 0.8375636418089247,
  "RR@100": 0.839222940221764,
  "P@1": 0.7675202156334232,
  "P@3": 0.3108715184186831,
  "P@5": 0.19555256064689555,
  "P@10": 0.1018867924528276,
  "P@100": 0.010579514824797654,
  "R@1": 0.7452830188679245,
  "R@3": 0.8861747529200359,
  "R@5": 0.9259883198562443,
  "R@10": 0.9624326145552561,
  "R@100": 0.9950584007187779,
  "AP": 0.8348174293752355
}