{
  "nDCG@1": 0.6954177897574124,
  "nDCG@1_std": 0.46038539732821854,
  "nDCG@1_stderr": 0.011951009444137722,
  "nDCG@1_ci90_low": 0.6757478412518569,
  "nDCG@1_ci90_high": 0.7150877382629679,
  "nDCG@1_ci95_low": 0.6719751089671547,
  "nDCG@1_ci95_high": 0.7188604705476701,
  "nDCG@3": 0.7712622803357106,
  "nDCG@3_std": 0.3754369542499864,
  "nDCG@3_stderr": 0.009745857735624744,
  "nDCG@3_ci90_low": 0.7552217508140607,
  "nDCG@3_ci90_high": 0.7873028098573606,
  "nDCG@3_ci95_low": 0.7521451477628145,
  "nDCG@3_ci95_high": 0.7903794129086068,
  "nDCG@5": 0.7897317134557434,
  "nDCG@5_std": 0.3476286151761124,
  "nDCG@5_stderr": 0.009023989221057757,
  "nDCG@5_ci90_low": 0.7748792941582286,
  "nDCG@5_ci90_high": 0.8045841327532582,
  "nDCG@5_ci95_low": 0.7720305728321996,
  "nDCG@5_ci95_high": 0.8074328540792873,
  "nDCG@10": 0.8108801672634878,
  "nDCG@10_std": 0.3081739315886542,
  "nDCG@10_stderr": 0.007999796666503254,
  "nDCG@10_ci90_low": 0.7977134478143437,
  "nDCG@10_ci90_high": 0.8240468867126318,
  "nDCG@10_ci95_low": 0.7951880468182315,
  "nDCG@10_ci95_high": 0.826572287708744,
  "nDCG@100": 0.8233149493894907,
  "nDCG@100_std": 0.28003165127387103,
  "nDCG@100_stderr": 0.007269259469247692,
  "nDCG@100_ci90_low": 0.8113506077912367,
  "nDCG@100_ci90_high": 0.8352792909877447,
  "nDCG@100_ci95_low": 0.809055825077383,
  "nDCG@100_ci95_high": 0.8375740737015983,
  "RR@1": 0.6954177897574124,
  "RR@3": 0.7571877807726864,
  "RR@5": 0.7670260557053012,
  "RR@10": 0.7754869400590421,
  "RR@100": 0.7778941604405637,
  "P@1": 0.6954177897574124,
  "P@3": 0.28930817610062476,
  "P@5": 0.1832884097035,
  "P@10": 0.09858490566037498,
  "P@100": 0.010478436657681754,
  "R@1": 0.6755390835579514,
  "R@3": 0.8241801437556154,
  "R@5": 0.8683737646001796,
  "R@10": 0.9317160826594788,
  "R@100": 0.9860736747529202,
  "AP": 0.7731150610596059
}