{
  "nDCG@1": 0.648921832884097,
  "nDCG@1_std": 0.47746822959385116,
  "nDCG@1_stderr": 0.012394457674520338,
  "nDCG@1_ci90_low": 0.6285220210228746,
  "nDCG@1_ci90_high": 0.6693216447453194,
  "nDCG@1_ci95_low": 0.6246092996047707,
  "nDCG@1_ci95_high": 0.6732343661634232,
  "nDCG@3": 0.7320320506912674,
  "nDCG@3_std": 0.39806953717067917,
  "nDCG@3_stderr": 0.010333370314868424,
  "nDCG@3_ci90_low": 0.7150245449293169,
  "nDCG@3_ci90_high": 0.749039556453218,
  "nDCG@3_ci95_low": 0.7117624740574868,
  "nDCG@3_ci95_high": 0.752301627325048,
  "nDCG@5": 0.7535291107567333,
  "nDCG@5_std": 0.369625236162089,
  "nDCG@5_stderr": 0.009594993051040467,
  "nDCG@5_ci90_low": 0.7377368866682731,
  "nDCG@5_ci90_high": 0.7693213348451936,
  "nDCG@5_ci95_low": 0.7347079090555986,
  "nDCG@5_ci95_high": 0.7723503124578681,
  "nDCG@10": 0.7755657329277057,
  "nDCG@10_std": 0.33222500937916427,
  "nDCG@10_stderr": 0.008624131537861388,
  "nDCG@10_ci90_low": 0.7613714320991609,
  "nDCG@10_ci90_high": 0.7897600337562505,
  "nDCG@10_ci95_low": 0.7586489391053688,
  "nDCG@10_ci95_high": 0.7924825267500426,
  "nDCG@100": 0.7918902871009222,
  "nDCG@100_std": 0.2996113410742869,
  "nDCG@100_stderr": 0.007777522891754196,
  "nDCG@100_ci90_low": 0.7790894040042541,
  "nDCG@100_ci90_high": 0.8046911701975904,
  "nDCG@100_ci95_low": 0.7766341710931024,
  "nDCG@100_ci95_high": 0.8071464031087421,
  "RR@1": 0.648921832884097,
  "RR@3": 0.7156334231805936,
  "RR@5": 0.7266509433962273,
  "RR@10": 0.73579236726137,
  "RR@100": 0.7391204987263044,
  "P@1": 0.648921832884097,
  "P@3": 0.2771787960467169,
  "P@5": 0.1776280323450097,
  "P@10": 0.09595687331536162,
  "P@100": 0.010404312668463426,
  "R@1": 0.6310646900269542,
  "R@3": 0.7904874213836477,
  "R@5": 0.8417565139263251,
  "R@10": 0.9086365678346809,
  "R@100": 0.9789982030548069,
  "AP": 0.7351769245851228
}