{
  "nDCG@1": 0.7345013477088949,
  "nDCG@1_std": 0.4417472289596503,
  "nDCG@1_stderr": 0.01146718670022174,
  "nDCG@1_ci90_low": 0.7156277142345615,
  "nDCG@1_ci90_high": 0.7533749811832282,
  "nDCG@1_ci95_low": 0.7120077166367973,
  "nDCG@1_ci95_high": 0.7569949787809924,
  "nDCG@3": 0.8060841247044291,
  "nDCG@3_std": 0.35085662777964005,
  "nDCG@3_stderr": 0.009107784253077532,
  "nDCG@3_ci90_low": 0.7910937886917987,
  "nDCG@3_ci90_high": 0.8210744607170596,
  "nDCG@3_ci95_low": 0.7882186146862636,
  "nDCG@3_ci95_high": 0.8239496347225946,
  "nDCG@5": 0.8271677704045439,
  "nDCG@5_std": 0.3144024417060065,
  "nDCG@5_stderr": 0.008161480733086098,
  "nDCG@5_ci90_low": 0.813734938098681,
  "nDCG@5_ci90_high": 0.8406006027104068,
  "nDCG@5_ci95_low": 0.811158496167427,
  "nDCG@5_ci95_high": 0.8431770446416609,
  "nDCG@10": 0.8420005620855759,
  "nDCG@10_std": 0.2819222496159326,
  "nDCG@10_stderr": 0.007318336956874739,
  "nDCG@10_ci90_low": 0.8299554447454134,
  "nDCG@10_ci90_high": 0.8540456794257385,
  "nDCG@10_ci95_low": 0.8276451690957632,
  "nDCG@10_ci95_high": 0.8563559550753886,
  "nDCG@100": 0.8518465159238028,
  "nDCG@100_std": 0.25686677513759765,
  "nDCG@100_stderr": 0.006667929246604866,
  "nDCG@100_ci90_low": 0.8408718927731416,
  "nDCG@100_ci90_high": 0.862821139074464,
  "nDCG@100_ci95_low": 0.8387669398770399,
  "nDCG@100_ci95_high": 0.8649260919705657,
  "RR@1": 0.7351752021563343,
  "RR@3": 0.7936882300089845,
  "RR@5": 0.8040655884995509,
  "RR@10": 0.8100281307491547,
  "RR@100": 0.8121056254344992,
  "P@1": 0.7345013477088949,
  "P@3": 0.3005390835579468,
  "P@5": 0.1915094339622597,
  "P@10": 0.10060646900269289,
  "P@100": 0.010552560646900081,
  "R@1": 0.7136118598382749,
  "R@3": 0.8561882300089847,
  "R@5": 0.906446540880503,
  "R@10": 0.9507524707996405,
  "R@100": 0.9923629829290206,
  "AP": 0.8075767027477507
}