{
  "nDCG@1": 0.7553908355795148,
  "nDCG@1_std": 0.43000013589309577,
  "nDCG@1_stderr": 0.011162247358109048,
  "nDCG@1_ci90_low": 0.7370190962074924,
  "nDCG@1_ci90_high": 0.7737625749515372,
  "nDCG@1_ci95_low": 0.7334953628212362,
  "nDCG@1_ci95_high": 0.7772863083377934,
  "nDCG@3": 0.8267772100308164,
  "nDCG@3_std": 0.33165580995345745,
  "nDCG@3_stderr": 0.008609355856982503,
  "nDCG@3_ci90_low": 0.812607228225981,
  "nDCG@3_ci90_high": 0.8409471918356518,
  "nDCG@3_ci95_low": 0.8098893996656444,
  "nDCG@3_ci95_high": 0.8436650203959883,
  "nDCG@5": 0.8451844449959098,
  "nDCG@5_std": 0.29669672425348975,
  "nDCG@5_stderr": 0.007701863208902535,
  "nDCG@5_ci90_low": 0.8325080887915176,
  "nDCG@5_ci90_high": 0.8578608012003021,
  "nDCG@5_ci95_low": 0.8300767403672353,
  "nDCG@5_ci95_high": 0.8602921496245843,
  "nDCG@10": 0.8586482212181719,
  "nDCG@10_std": 0.264744394022785,
  "nDCG@10_stderr": 0.006872422043814664,
  "nDCG@10_ci90_low": 0.8473370271017127,
  "nDCG@10_ci90_high": 0.8699594153346311,
  "nDCG@10_ci95_low": 0.8451675192756171,
  "nDCG@10_ci95_high": 0.8721289231607267,
  "nDCG@100": 0.8666965906339787,
  "nDCG@100_std": 0.24308618947065955,
  "nDCG@100_stderr": 0.0063102030667410115,
  "nDCG@100_ci90_low": 0.8563107424792625,
  "nDCG@100_ci90_high": 0.877082438788695,
  "nDCG@100_ci95_low": 0.8543187177097902,
  "nDCG@100_ci95_high": 0.8790744635581673,
  "RR@1": 0.7560646900269542,
  "RR@3": 0.8143530997304581,
  "RR@5": 0.8236522911051214,
  "RR@10": 0.8292666752235484,
  "RR@100": 0.8308620757886752,
  "P@1": 0.7553908355795148,
  "P@3": 0.3077268643306329,
  "P@5": 0.1943396226415048,
  "P@10": 0.10161725067385186,
  "P@100": 0.01057277628032326,
  "R@1": 0.7331536388140162,
  "R@3": 0.8764038634321653,
  "R@5": 0.9202605570530098,
  "R@10": 0.9605233602875112,
  "R@100": 0.9943845462713387,
  "AP": 0.825750912098911
}