nDCG@1,nDCG@1_std,nDCG@1_stderr,nDCG@1_ci90_low,nDCG@1_ci90_high,nDCG@1_ci95_low,nDCG@1_ci95_high,nDCG@3,nDCG@3_std,nDCG@3_stderr,nDCG@3_ci90_low,nDCG@3_ci90_high,nDCG@3_ci95_low,nDCG@3_ci95_high,nDCG@5,nDCG@5_std,nDCG@5_stderr,nDCG@5_ci90_low,nDCG@5_ci90_high,nDCG@5_ci95_low,nDCG@5_ci95_high,nDCG@10,nDCG@10_std,nDCG@10_stderr,nDCG@10_ci90_low,nDCG@10_ci90_high,nDCG@10_ci95_low,nDCG@10_ci95_high,nDCG@100,nDCG@100_std,nDCG@100_stderr,nDCG@100_ci90_low,nDCG@100_ci90_high,nDCG@100_ci95_low,nDCG@100_ci95_high,RR@1,RR@3,RR@5,RR@10,RR@100,P@1,P@3,P@5,P@10,P@100,R@1,R@3,R@5,R@10,R@100,AP
0.648921832884097,0.47746822959385116,0.012394457674520338,0.6285220210228746,0.6693216447453194,0.6246092996047707,0.6732343661634232,0.7320320506912674,0.39806953717067917,0.010333370314868424,0.7150245449293169,0.749039556453218,0.7117624740574868,0.752301627325048,0.7535291107567333,0.369625236162089,0.009594993051040467,0.7377368866682731,0.7693213348451936,0.7347079090555986,0.7723503124578681,0.7755657329277057,0.33222500937916427,0.008624131537861388,0.7613714320991609,0.7897600337562505,0.7586489391053688,0.7924825267500426,0.7918902871009222,0.2996113410742869,0.007777522891754196,0.7790894040042541,0.8046911701975904,0.7766341710931024,0.8071464031087421,0.648921832884097,0.7156334231805936,0.7266509433962273,0.73579236726137,0.7391204987263044,0.648921832884097,0.2771787960467169,0.1776280323450097,0.09595687331536162,0.010404312668463426,0.6310646900269542,0.7904874213836477,0.8417565139263251,0.9086365678346809,0.9789982030548069,0.7351769245851228
