nDCG@1,nDCG@1_std,nDCG@1_stderr,nDCG@1_ci90_low,nDCG@1_ci90_high,nDCG@1_ci95_low,nDCG@1_ci95_high,nDCG@3,nDCG@3_std,nDCG@3_stderr,nDCG@3_ci90_low,nDCG@3_ci90_high,nDCG@3_ci95_low,nDCG@3_ci95_high,nDCG@5,nDCG@5_std,nDCG@5_stderr,nDCG@5_ci90_low,nDCG@5_ci90_high,nDCG@5_ci95_low,nDCG@5_ci95_high,nDCG@10,nDCG@10_std,nDCG@10_stderr,nDCG@10_ci90_low,nDCG@10_ci90_high,nDCG@10_ci95_low,nDCG@10_ci95_high,nDCG@100,nDCG@100_std,nDCG@100_stderr,nDCG@100_ci90_low,nDCG@100_ci90_high,nDCG@100_ci95_low,nDCG@100_ci95_high,RR@1,RR@3,RR@5,RR@10,RR@100,P@1,P@3,P@5,P@10,P@100,R@1,R@3,R@5,R@10,R@100,AP
0.6954177897574124,0.46038539732821854,0.011951009444137722,0.6757478412518569,0.7150877382629679,0.6719751089671547,0.7188604705476701,0.7712622803357106,0.3754369542499864,0.009745857735624744,0.7552217508140607,0.7873028098573606,0.7521451477628145,0.7903794129086068,0.7897317134557434,0.3476286151761124,0.009023989221057757,0.7748792941582286,0.8045841327532582,0.7720305728321996,0.8074328540792873,0.8108801672634878,0.3081739315886542,0.007999796666503254,0.7977134478143437,0.8240468867126318,0.7951880468182315,0.826572287708744,0.8233149493894907,0.28003165127387103,0.007269259469247692,0.8113506077912367,0.8352792909877447,0.809055825077383,0.8375740737015983,0.6954177897574124,0.7571877807726864,0.7670260557053012,0.7754869400590421,0.7778941604405637,0.6954177897574124,0.28930817610062476,0.1832884097035,0.09858490566037498,0.010478436657681754,0.6755390835579514,0.8241801437556154,0.8683737646001796,0.9317160826594788,0.9860736747529202,0.7731150610596059
