nDCG@1,nDCG@1_std,nDCG@1_stderr,nDCG@1_ci90_low,nDCG@1_ci90_high,nDCG@1_ci95_low,nDCG@1_ci95_high,nDCG@3,nDCG@3_std,nDCG@3_stderr,nDCG@3_ci90_low,nDCG@3_ci90_high,nDCG@3_ci95_low,nDCG@3_ci95_high,nDCG@5,nDCG@5_std,nDCG@5_stderr,nDCG@5_ci90_low,nDCG@5_ci90_high,nDCG@5_ci95_low,nDCG@5_ci95_high,nDCG@10,nDCG@10_std,nDCG@10_stderr,nDCG@10_ci90_low,nDCG@10_ci90_high,nDCG@10_ci95_low,nDCG@10_ci95_high,nDCG@100,nDCG@100_std,nDCG@100_stderr,nDCG@100_ci90_low,nDCG@100_ci90_high,nDCG@100_ci95_low,nDCG@100_ci95_high,RR@1,RR@3,RR@5,RR@10,RR@100,P@1,P@3,P@5,P@10,P@100,R@1,R@3,R@5,R@10,R@100,AP
0.13881401617250674,0.3458688987516963,0.008978309258727831,0.12403678069197115,0.15359125165304235,0.121202479760257,0.1564255525847565,0.20495231484763718,0.3631764977726095,0.009427592143360291,0.18943561286040556,0.2204690168348688,0.186459480893268,0.22344514880200636,0.23419493967914773,0.36241375656924407,0.009407792368263699,0.21871082578067896,0.2496790535776165,0.21574094426887624,0.2526489350894192,0.26139363055355436,0.355802612888356,0.009236175629276392,0.24619197751618277,0.27659528359092594,0.24327627251681602,0.27951098859029266,0.3272099428812997,0.3212674931745845,0.008339688589833074,0.3134838015138145,0.34093608424878485,0.3108511023653204,0.343568783397279,0.13881401617250674,0.19148697214734964,0.20792902066486957,0.21929443160912146,0.23174710715576607,0.13881401617250674,0.08737646001796899,0.06711590296496014,0.04238544474393573,0.007567385444743806,0.1350516621743037,0.254211590296496,0.3242924528301887,0.4076819407008086,0.7204627133872415,0.2265879856889743
