{
  "nDCG@1": 0.13881401617250674,
  "nDCG@1_std": 0.3458688987516963,
  "nDCG@1_stderr": 0.008978309258727831,
  "nDCG@1_ci90_low": 0.12403678069197115,
  "nDCG@1_ci90_high": 0.15359125165304235,
  "nDCG@1_ci95_low": 0.121202479760257,
  "nDCG@1_ci95_high": 0.1564255525847565,
  "nDCG@3": 0.20495231484763718,
  "nDCG@3_std": 0.3631764977726095,
  "nDCG@3_stderr": 0.009427592143360291,
  "nDCG@3_ci90_low": 0.18943561286040556,
  "nDCG@3_ci90_high": 0.2204690168348688,
  "nDCG@3_ci95_low": 0.186459480893268,
  "nDCG@3_ci95_high": 0.22344514880200636,
  "nDCG@5": 0.23419493967914773,
  "nDCG@5_std": 0.36241375656924407,
  "nDCG@5_stderr": 0.009407792368263699,
  "nDCG@5_ci90_low": 0.21871082578067896,
  "nDCG@5_ci90_high": 0.2496790535776165,
  "nDCG@5_ci95_low": 0.21574094426887624,
  "nDCG@5_ci95_high": 0.2526489350894192,
  "nDCG@10": 0.26139363055355436,
  "nDCG@10_std": 0.355802612888356,
  "nDCG@10_stderr": 0.009236175629276392,
  "nDCG@10_ci90_low": 0.24619197751618277,
  "nDCG@10_ci90_high": 0.27659528359092594,
  "nDCG@10_ci95_low": 0.24327627251681602,
  "nDCG@10_ci95_high": 0.27951098859029266,
  "nDCG@100": 0.3272099428812997,
  "nDCG@100_std": 0.3212674931745845,
  "nDCG@100_stderr": 0.008339688589833074,
  "nDCG@100_ci90_low": 0.3134838015138145,
  "nDCG@100_ci90_high": 0.34093608424878485,
  "nDCG@100_ci95_low": 0.3108511023653204,
  "nDCG@100_ci95_high": 0.343568783397279,
  "RR@1": 0.13881401617250674,
  "RR@3": 0.19148697214734964,
  "RR@5": 0.20792902066486957,
  "RR@10": 0.21929443160912146,
  "RR@100": 0.23174710715576607,
  "P@1": 0.13881401617250674,
  "P@3": 0.08737646001796899,
  "P@5": 0.06711590296496014,
  "P@10": 0.04238544474393573,
  "P@100": 0.007567385444743806,
  "R@1": 0.1350516621743037,
  "R@3": 0.254211590296496,
  "R@5": 0.3242924528301887,
  "R@10": 0.4076819407008086,
  "R@100": 0.7204627133872415,
  "AP": 0.2265879856889743
}