nDCG@1,nDCG@3,nDCG@5,nDCG@10,nDCG@100,RR@1,RR@3,RR@5,RR@10,RR@100,P@1,P@3,P@5,P@10,P@100,R@1,R@3,R@5,R@10,R@100,AP
0.17183288409703504,0.2545671046522778,0.2926195384085564,0.32672349941725454,0.390357551582155,0.1711590296495957,0.2376460017969449,0.25846810422282057,0.27281746031746,0.2845349804542121,0.17183288409703504,0.10849056603773598,0.08396226415094421,0.053032345013476964,0.008605121293800389,0.16638589398023362,0.314970799640611,0.4068396226415094,0.5109501347708895,0.8162061994609164,0.2790537499751677
