{
  "nDCG@1": 0.15902964959568733,
  "nDCG@3": 0.23729375310719447,
  "nDCG@5": 0.27164577008509416,
  "nDCG@10": 0.3048881194758061,
  "nDCG@100": 0.371426350944967,
  "RR@1": 0.1597035040431267,
  "RR@3": 0.22192273135669358,
  "RR@5": 0.24102650494159883,
  "RR@10": 0.2548878513669615,
  "RR@100": 0.2673103455118151,
  "P@1": 0.15902964959568733,
  "P@3": 0.1015274034141958,
  "P@5": 0.0781671159029657,
  "P@10": 0.04966307277628039,
  "P@100": 0.008382749326145408,
  "R@1": 0.15391958670260558,
  "R@3": 0.29542902066486976,
  "R@5": 0.3785377358490566,
  "R@10": 0.4792789757412399,
  "R@100": 0.7972821203953279,
  "AP": 0.2610340834251732
}