nDCG@1,nDCG@1_std,nDCG@1_stderr,nDCG@1_ci90_low,nDCG@1_ci90_high,nDCG@1_ci95_low,nDCG@1_ci95_high,nDCG@3,nDCG@3_std,nDCG@3_stderr,nDCG@3_ci90_low,nDCG@3_ci90_high,nDCG@3_ci95_low,nDCG@3_ci95_high,nDCG@5,nDCG@5_std,nDCG@5_stderr,nDCG@5_ci90_low,nDCG@5_ci90_high,nDCG@5_ci95_low,nDCG@5_ci95_high,nDCG@10,nDCG@10_std,nDCG@10_stderr,nDCG@10_ci90_low,nDCG@10_ci90_high,nDCG@10_ci95_low,nDCG@10_ci95_high,nDCG@100,nDCG@100_std,nDCG@100_stderr,nDCG@100_ci90_low,nDCG@100_ci90_high,nDCG@100_ci95_low,nDCG@100_ci95_high,RR@1,RR@3,RR@5,RR@10,RR@100,P@1,P@3,P@5,P@10,P@100,R@1,R@3,R@5,R@10,R@100,AP
0.15902964959568733,0.36582701059747114,0.00949639602807418,0.14339970454931242,0.17465959464206224,0.14040185235524455,0.1776574468361301,0.23729375310719447,0.3797049737924794,0.009856650002616943,0.22107087261370936,0.25351663360067955,0.21795929431083014,0.25662821190355883,0.27164577008509416,0.3759532842671881,0.009759260995041048,0.2555831803831928,0.28770835978699555,0.25250234614881867,0.29078919402136966,0.3048881194758061,0.36488110186445,0.009471841460819806,0.28929858834389816,0.320477650607714,0.2863084876129222,0.32346775133868994,0.371426350944967,0.32212646294745273,0.008361986334130248,0.35766351012676467,0.38518919176316935,0.35502377195615453,0.3878289299337795,0.1597035040431267,0.22192273135669358,0.24102650494159883,0.2548878513669615,0.2673103455118151,0.15902964959568733,0.1015274034141958,0.0781671159029657,0.04966307277628039,0.008382749326145408,0.15391958670260558,0.29542902066486976,0.3785377358490566,0.4792789757412399,0.7972821203953279,0.2610340834251732
