nDCG@1,nDCG@3,nDCG@5,nDCG@10,nDCG@100,RR@1,RR@3,RR@5,RR@10,RR@100,P@1,P@3,P@5,P@10,P@100,R@1,R@3,R@5,R@10,R@100,AP
0.17587601078167117,0.26589088645270476,0.3004722552005794,0.33532901090441924,0.3998866188750766,0.17452830188679244,0.24696765498652254,0.26613881401617184,0.28060716424934706,0.2927305549622474,0.17587601078167117,0.11433063791554388,0.08571428571428656,0.05411051212937987,0.008719676549865076,0.17042902066486973,0.3318171608265948,0.415599730458221,0.5210579514824798,0.8279986522911051,0.2875325403027446
