nDCG@1,nDCG@3,nDCG@5,nDCG@10,nDCG@100,RR@1,RR@3,RR@5,RR@10,RR@100,P@1,P@3,P@5,P@10,P@100,R@1,R@3,R@5,R@10,R@100,AP
0.15902964959568733,0.23729375310719447,0.27164577008509416,0.3048881194758061,0.371426350944967,0.1597035040431267,0.22192273135669358,0.24102650494159883,0.2548878513669615,0.2673103455118151,0.15902964959568733,0.1015274034141958,0.0781671159029657,0.04966307277628039,0.008382749326145408,0.15391958670260558,0.29542902066486976,0.3785377358490566,0.4792789757412399,0.7972821203953279,0.2610340834251732
