{
  "nDCG@1": 0.17183288409703504,
  "nDCG@1_std": 0.377362296029653,
  "nDCG@1_stderr": 0.009795837117954249,
  "nDCG@1_ci90_low": 0.1557100944214328,
  "nDCG@1_ci90_high": 0.18795567377263728,
  "nDCG@1_ci95_low": 0.15261771372143096,
  "nDCG@1_ci95_high": 0.19104805447263912,
  "nDCG@3": 0.2545671046522778,
  "nDCG@3_std": 0.38925470211761076,
  "nDCG@3_stderr": 0.010104548598152173,
  "nDCG@3_ci90_low": 0.23793621238107884,
  "nDCG@3_ci90_high": 0.27119799692347674,
  "nDCG@3_ci95_low": 0.23474637666914308,
  "nDCG@3_ci95_high": 0.27438783263541244,
  "nDCG@5": 0.2926195384085564,
  "nDCG@5_std": 0.38289206153892474,
  "nDCG@5_stderr": 0.009939382678279785,
  "nDCG@5_ci90_low": 0.2762604897129105,
  "nDCG@5_ci90_high": 0.30897858710420234,
  "nDCG@5_ci95_low": 0.2731227940985245,
  "nDCG@5_ci95_high": 0.3121162827185883,
  "nDCG@10": 0.32672349941725454,
  "nDCG@10_std": 0.369771105343237,
  "nDCG@10_stderr": 0.009598779626313326,
  "nDCG@10_ci90_low": 0.31092504307360463,
  "nDCG@10_ci90_high": 0.34252195576090444,
  "nDCG@10_ci95_low": 0.3078948701029274,
  "nDCG@10_ci95_high": 0.3455521287315817,
  "nDCG@100": 0.390357551582155,
  "nDCG@100_std": 0.32587692521825184,
  "nDCG@100_stderr": 0.008459343483766877,
  "nDCG@100_ci90_low": 0.37643447240677025,
  "nDCG@100_ci90_high": 0.4042806307575398,
  "nDCG@100_ci95_low": 0.3737640002246695,
  "nDCG@100_ci95_high": 0.40695110293964054,
  "RR@1": 0.1711590296495957,
  "RR@3": 0.2376460017969449,
  "RR@5": 0.25846810422282057,
  "RR@10": 0.27281746031746,
  "RR@100": 0.2845349804542121,
  "P@1": 0.17183288409703504,
  "P@3": 0.10849056603773598,
  "P@5": 0.08396226415094421,
  "P@10": 0.053032345013476964,
  "P@100": 0.008605121293800389,
  "R@1": 0.16638589398023362,
  "R@3": 0.314970799640611,
  "R@5": 0.4068396226415094,
  "R@10": 0.5109501347708895,
  "R@100": 0.8162061994609164,
  "AP": 0.2790537499751677
}