nDCG@1,nDCG@1_std,nDCG@1_stderr,nDCG@1_ci90_low,nDCG@1_ci90_high,nDCG@1_ci95_low,nDCG@1_ci95_high,nDCG@3,nDCG@3_std,nDCG@3_stderr,nDCG@3_ci90_low,nDCG@3_ci90_high,nDCG@3_ci95_low,nDCG@3_ci95_high,nDCG@5,nDCG@5_std,nDCG@5_stderr,nDCG@5_ci90_low,nDCG@5_ci90_high,nDCG@5_ci95_low,nDCG@5_ci95_high,nDCG@10,nDCG@10_std,nDCG@10_stderr,nDCG@10_ci90_low,nDCG@10_ci90_high,nDCG@10_ci95_low,nDCG@10_ci95_high,nDCG@100,nDCG@100_std,nDCG@100_stderr,nDCG@100_ci90_low,nDCG@100_ci90_high,nDCG@100_ci95_low,nDCG@100_ci95_high,RR@1,RR@3,RR@5,RR@10,RR@100,P@1,P@3,P@5,P@10,P@100,R@1,R@3,R@5,R@10,R@100,AP
0.17587601078167117,0.38084298127934507,0.009886191205057243,0.1596045089618028,0.19214751260153953,0.15648360499913755,0.1952684165642048,0.26589088645270476,0.39217012615754354,0.010180229235368524,0.24913543280082318,0.28264634010458634,0.2459217059870782,0.2858600669183313,0.3004722552005794,0.3857220125724312,0.010012844546801587,0.28399229695518374,0.3169522134459751,0.280831410666875,0.3201130997342838,0.33532901090441924,0.371839642135065,0.009652476165947615,0.3194421764053951,0.3512158454034434,0.3163950523420422,0.3542629694667963,0.3998866188750766,0.32599954008240006,0.008462526407047961,0.3859583009843073,0.4138149367658459,0.3832868240069649,0.4164864137431883,0.17452830188679244,0.24696765498652254,0.26613881401617184,0.28060716424934706,0.2927305549622474,0.17587601078167117,0.11433063791554388,0.08571428571428656,0.05411051212937987,0.008719676549865076,0.17042902066486973,0.3318171608265948,0.415599730458221,0.5210579514824798,0.8279986522911051,0.2875325403027446
