{
  "nDCG@1": 0.17183288409703504,
  "nDCG@1_std": 0.377362296029653,
  "nDCG@1_stderr": 0.009795837117954249,
  "nDCG@1_ci90_low": 0.1557100944214328,
  "nDCG@1_ci90_high": 0.18795567377263728,
  "nDCG@1_ci95_low": 0.15261771372143096,
  "nDCG@1_ci95_high": 0.19104805447263912,
  "nDCG@3": 0.26380524782711046,
  "nDCG@3_std": 0.3901533954636406,
  "nDCG@3_stderr": 0.010127877515029459,
  "nDCG@3_ci90_low": 0.2471359589170492,
  "nDCG@3_ci90_high": 0.2804745367371717,
  "nDCG@3_ci95_low": 0.24393875865919107,
  "nDCG@3_ci95_high": 0.28367173699502984,
  "nDCG@5": 0.2988907039776663,
  "nDCG@5_std": 0.3834303420468828,
  "nDCG@5_stderr": 0.009953355744044979,
  "nDCG@5_ci90_low": 0.28250865726789026,
  "nDCG@5_ci90_high": 0.31527275068744237,
  "nDCG@5_ci95_low": 0.2793665505921144,
  "nDCG@5_ci95_high": 0.31841485736321823,
  "nDCG@10": 0.3325163510835356,
  "nDCG@10_std": 0.3700888035717381,
  "nDCG@10_stderr": 0.009607026661408785,
  "nDCG@10_ci90_low": 0.31670432109521496,
  "nDCG@10_ci90_high": 0.34832838107185626,
  "nDCG@10_ci95_low": 0.313671544674536,
  "nDCG@10_ci95_high": 0.3513611574925352,
  "nDCG@100": 0.39737077820221506,
  "nDCG@100_std": 0.3243606621664085,
  "nDCG@100_stderr": 0.008419983256102102,
  "nDCG@100_ci90_low": 0.3835124813077708,
  "nDCG@100_ci90_high": 0.4112290750966593,
  "nDCG@100_ci95_low": 0.38085443448625056,
  "nDCG@100_ci95_high": 0.41388712191817956,
  "RR@1": 0.17183288409703504,
  "RR@3": 0.24539532794249738,
  "RR@5": 0.2650381850853543,
  "RR@10": 0.2790420570744019,
  "RR@100": 0.2908846120802096,
  "P@1": 0.17183288409703504,
  "P@3": 0.1136567834681045,
  "P@5": 0.08557951482479868,
  "P@10": 0.05377358490566021,
  "P@100": 0.00872641509433947,
  "R@1": 0.1659366576819407,
  "R@3": 0.3297955974842767,
  "R@5": 0.4152628032345013,
  "R@10": 0.5173517520215634,
  "R@100": 0.8276617250673854,
  "AP": 0.2846474350564481
}