nDCG@1,nDCG@3,nDCG@5,nDCG@10,nDCG@100,RR@1,RR@3,RR@5,RR@10,RR@100,P@1,P@3,P@5,P@10,P@100,R@1,R@3,R@5,R@10,R@100,AP
0.13881401617250674,0.20495231484763718,0.23419493967914773,0.26139363055355436,0.3272099428812997,0.13881401617250674,0.19148697214734964,0.20792902066486957,0.21929443160912146,0.23174710715576607,0.13881401617250674,0.08737646001796899,0.06711590296496014,0.04238544474393573,0.007567385444743806,0.1350516621743037,0.254211590296496,0.3242924528301887,0.4076819407008086,0.7204627133872415,0.2265879856889743
