nDCG@1,nDCG@1_std,nDCG@1_stderr,nDCG@1_ci90_low,nDCG@1_ci90_high,nDCG@1_ci95_low,nDCG@1_ci95_high,nDCG@3,nDCG@3_std,nDCG@3_stderr,nDCG@3_ci90_low,nDCG@3_ci90_high,nDCG@3_ci95_low,nDCG@3_ci95_high,nDCG@5,nDCG@5_std,nDCG@5_stderr,nDCG@5_ci90_low,nDCG@5_ci90_high,nDCG@5_ci95_low,nDCG@5_ci95_high,nDCG@10,nDCG@10_std,nDCG@10_stderr,nDCG@10_ci90_low,nDCG@10_ci90_high,nDCG@10_ci95_low,nDCG@10_ci95_high,nDCG@100,nDCG@100_std,nDCG@100_stderr,nDCG@100_ci90_low,nDCG@100_ci90_high,nDCG@100_ci95_low,nDCG@100_ci95_high,RR@1,RR@3,RR@5,RR@10,RR@100,P@1,P@3,P@5,P@10,P@100,R@1,R@3,R@5,R@10,R@100,AP
0.14757412398921832,0.3547968817130988,0.00921006814879696,0.13241544077787196,0.16273280720056468,0.1295079774701328,0.16564027050830385,0.21558694340281606,0.36988735653583127,0.009601797356911754,0.1997835202314055,0.23139036657422662,0.1967523946140327,0.2344214921915994,0.24462174795028616,0.3681790101284042,0.009557450893779986,0.22889131381384228,0.26035218208673,0.22587418762755954,0.2633693082730128,0.27626598270127883,0.3598887893292728,0.009342247484550713,0.2608897479316371,0.29164221747092056,0.257940557835069,0.2945914075674887,0.3425602020852887,0.32240117190822953,0.008369117423438653,0.3287856243372362,0.3563347798333412,0.3261436350019035,0.3589767691686739,0.14690026954177898,0.20193171608265953,0.21813791554357567,0.23116416377871865,0.2434320247451909,0.14757412398921832,0.09186882300089813,0.06967654986522973,0.04508086253369304,0.007897574123989084,0.14313791554357594,0.26645327942497754,0.33642183288409705,0.433288409703504,0.7511230907457321,0.2380182990386953
