{
  "nDCG@1": 0.17183288409703504,
  "nDCG@3": 0.26380524782711046,
  "nDCG@5": 0.2988907039776663,
  "nDCG@10": 0.3325163510835356,
  "nDCG@100": 0.39737077820221506,
  "RR@1": 0.17183288409703504,
  "RR@3": 0.24539532794249738,
  "RR@5": 0.2650381850853543,
  "RR@10": 0.2790420570744019,
  "RR@100": 0.2908846120802096,
  "P@1": 0.17183288409703504,
  "P@3": 0.1136567834681045,
  "P@5": 0.08557951482479868,
  "P@10": 0.05377358490566021,
  "P@100": 0.00872641509433947,
  "R@1": 0.1659366576819407,
  "R@3": 0.3297955974842767,
  "R@5": 0.4152628032345013,
  "R@10": 0.5173517520215634,
  "R@100": 0.8276617250673854,
  "AP": 0.2846474350564481
}