nDCG@1,nDCG@3,nDCG@5,nDCG@10,nDCG@100,RR@1,RR@3,RR@5,RR@10,RR@100,P@1,P@3,P@5,P@10,P@100,R@1,R@3,R@5,R@10,R@100,AP
0.14757412398921832,0.21558694340281606,0.24462174795028616,0.27626598270127883,0.3425602020852887,0.14690026954177898,0.20193171608265953,0.21813791554357567,0.23116416377871865,0.2434320247451909,0.14757412398921832,0.09186882300089813,0.06967654986522973,0.04508086253369304,0.007897574123989084,0.14313791554357594,0.26645327942497754,0.33642183288409705,0.433288409703504,0.7511230907457321,0.2380182990386953
