{
  "nDCG@1": 0.15902964959568733,
  "nDCG@1_std": 0.36582701059747114,
  "nDCG@1_stderr": 0.00949639602807418,
  "nDCG@1_ci90_low": 0.14339970454931242,
  "nDCG@1_ci90_high": 0.17465959464206224,
  "nDCG@1_ci95_low": 0.14040185235524455,
  "nDCG@1_ci95_high": 0.1776574468361301,
  "nDCG@3": 0.23729375310719447,
  "nDCG@3_std": 0.3797049737924794,
  "nDCG@3_stderr": 0.009856650002616943,
  "nDCG@3_ci90_low": 0.22107087261370936,
  "nDCG@3_ci90_high": 0.25351663360067955,
  "nDCG@3_ci95_low": 0.21795929431083014,
  "nDCG@3_ci95_high": 0.25662821190355883,
  "nDCG@5": 0.27164577008509416,
  "nDCG@5_std": 0.3759532842671881,
  "nDCG@5_stderr": 0.009759260995041048,
  "nDCG@5_ci90_low": 0.2555831803831928,
  "nDCG@5_ci90_high": 0.28770835978699555,
  "nDCG@5_ci95_low": 0.25250234614881867,
  "nDCG@5_ci95_high": 0.29078919402136966,
  "nDCG@10": 0.3048881194758061,
  "nDCG@10_std": 0.36488110186445,
  "nDCG@10_stderr": 0.009471841460819806,
  "nDCG@10_ci90_low": 0.28929858834389816,
  "nDCG@10_ci90_high": 0.320477650607714,
  "nDCG@10_ci95_low": 0.2863084876129222,
  "nDCG@10_ci95_high": 0.32346775133868994,
  "nDCG@100": 0.371426350944967,
  "nDCG@100_std": 0.32212646294745273,
  "nDCG@100_stderr": 0.008361986334130248,
  "nDCG@100_ci90_low": 0.35766351012676467,
  "nDCG@100_ci90_high": 0.38518919176316935,
  "nDCG@100_ci95_low": 0.35502377195615453,
  "nDCG@100_ci95_high": 0.3878289299337795,
  "RR@1": 0.1597035040431267,
  "RR@3": 0.22192273135669358,
  "RR@5": 0.24102650494159883,
  "RR@10": 0.2548878513669615,
  "RR@100": 0.2673103455118151,
  "P@1": 0.15902964959568733,
  "P@3": 0.1015274034141958,
  "P@5": 0.0781671159029657,
  "P@10": 0.04966307277628039,
  "P@100": 0.008382749326145408,
  "R@1": 0.15391958670260558,
  "R@3": 0.29542902066486976,
  "R@5": 0.3785377358490566,
  "R@10": 0.4792789757412399,
  "R@100": 0.7972821203953279,
  "AP": 0.2610340834251732
}