nDCG@1,nDCG@1_std,nDCG@1_stderr,nDCG@1_ci90_low,nDCG@1_ci90_high,nDCG@1_ci95_low,nDCG@1_ci95_high,nDCG@3,nDCG@3_std,nDCG@3_stderr,nDCG@3_ci90_low,nDCG@3_ci90_high,nDCG@3_ci95_low,nDCG@3_ci95_high,nDCG@5,nDCG@5_std,nDCG@5_stderr,nDCG@5_ci90_low,nDCG@5_ci90_high,nDCG@5_ci95_low,nDCG@5_ci95_high,nDCG@10,nDCG@10_std,nDCG@10_stderr,nDCG@10_ci90_low,nDCG@10_ci90_high,nDCG@10_ci95_low,nDCG@10_ci95_high,nDCG@100,nDCG@100_std,nDCG@100_stderr,nDCG@100_ci90_low,nDCG@100_ci90_high,nDCG@100_ci95_low,nDCG@100_ci95_high,RR@1,RR@3,RR@5,RR@10,RR@100,P@1,P@3,P@5,P@10,P@100,R@1,R@3,R@5,R@10,R@100,AP
0.17183288409703504,0.377362296029653,0.009795837117954249,0.1557100944214328,0.18795567377263728,0.15261771372143096,0.19104805447263912,0.26380524782711046,0.3901533954636406,0.010127877515029459,0.2471359589170492,0.2804745367371717,0.24393875865919107,0.28367173699502984,0.2988907039776663,0.3834303420468828,0.009953355744044979,0.28250865726789026,0.31527275068744237,0.2793665505921144,0.31841485736321823,0.3325163510835356,0.3700888035717381,0.009607026661408785,0.31670432109521496,0.34832838107185626,0.313671544674536,0.3513611574925352,0.39737077820221506,0.3243606621664085,0.008419983256102102,0.3835124813077708,0.4112290750966593,0.38085443448625056,0.41388712191817956,0.17183288409703504,0.24539532794249738,0.2650381850853543,0.2790420570744019,0.2908846120802096,0.17183288409703504,0.1136567834681045,0.08557951482479868,0.05377358490566021,0.00872641509433947,0.1659366576819407,0.3297955974842767,0.4152628032345013,0.5173517520215634,0.8276617250673854,0.2846474350564481
