nDCG@1,nDCG@1_std,nDCG@1_stderr,nDCG@1_ci90_low,nDCG@1_ci90_high,nDCG@1_ci95_low,nDCG@1_ci95_high,nDCG@3,nDCG@3_std,nDCG@3_stderr,nDCG@3_ci90_low,nDCG@3_ci90_high,nDCG@3_ci95_low,nDCG@3_ci95_high,nDCG@5,nDCG@5_std,nDCG@5_stderr,nDCG@5_ci90_low,nDCG@5_ci90_high,nDCG@5_ci95_low,nDCG@5_ci95_high,nDCG@10,nDCG@10_std,nDCG@10_stderr,nDCG@10_ci90_low,nDCG@10_ci90_high,nDCG@10_ci95_low,nDCG@10_ci95_high,nDCG@100,nDCG@100_std,nDCG@100_stderr,nDCG@100_ci90_low,nDCG@100_ci90_high,nDCG@100_ci95_low,nDCG@100_ci95_high,RR@1,RR@3,RR@5,RR@10,RR@100,P@1,P@3,P@5,P@10,P@100,R@1,R@3,R@5,R@10,R@100,AP
0.17183288409703504,0.377362296029653,0.009795837117954249,0.1557100944214328,0.18795567377263728,0.15261771372143096,0.19104805447263912,0.2545671046522778,0.38925470211761076,0.010104548598152173,0.23793621238107884,0.27119799692347674,0.23474637666914308,0.27438783263541244,0.2926195384085564,0.38289206153892474,0.009939382678279785,0.2762604897129105,0.30897858710420234,0.2731227940985245,0.3121162827185883,0.32672349941725454,0.369771105343237,0.009598779626313326,0.31092504307360463,0.34252195576090444,0.3078948701029274,0.3455521287315817,0.390357551582155,0.32587692521825184,0.008459343483766877,0.37643447240677025,0.4042806307575398,0.3737640002246695,0.40695110293964054,0.1711590296495957,0.2376460017969449,0.25846810422282057,0.27281746031746,0.2845349804542121,0.17183288409703504,0.10849056603773598,0.08396226415094421,0.053032345013476964,0.008605121293800389,0.16638589398023362,0.314970799640611,0.4068396226415094,0.5109501347708895,0.8162061994609164,0.2790537499751677
