nDCG@1,nDCG@1_std,nDCG@1_stderr,nDCG@1_ci90_low,nDCG@1_ci90_high,nDCG@1_ci95_low,nDCG@1_ci95_high,nDCG@3,nDCG@3_std,nDCG@3_stderr,nDCG@3_ci90_low,nDCG@3_ci90_high,nDCG@3_ci95_low,nDCG@3_ci95_high,nDCG@5,nDCG@5_std,nDCG@5_stderr,nDCG@5_ci90_low,nDCG@5_ci90_high,nDCG@5_ci95_low,nDCG@5_ci95_high,nDCG@10,nDCG@10_std,nDCG@10_stderr,nDCG@10_ci90_low,nDCG@10_ci90_high,nDCG@10_ci95_low,nDCG@10_ci95_high,nDCG@100,nDCG@100_std,nDCG@100_stderr,nDCG@100_ci90_low,nDCG@100_ci90_high,nDCG@100_ci95_low,nDCG@100_ci95_high,RR@1,RR@3,RR@5,RR@10,RR@100,P@1,P@3,P@5,P@10,P@100,R@1,R@3,R@5,R@10,R@100,AP
0.12129380053908356,0.32657844909608164,0.008477554136272119,0.10734074878282981,0.1352468522953373,0.10466452780461663,0.1379230732735505,0.17480547270875216,0.3453295581213371,0.008964308673556284,0.1600512805360358,0.18955966488146853,0.15722139935312435,0.19238954606437997,0.2030042251335156,0.34661541143355007,0.008997687762396232,0.18819509492717848,0.21781335533985272,0.18535467652842016,0.22065377373861103,0.23168904868712578,0.34204242263851065,0.008878978888060477,0.21707529925228342,0.24630279812196815,0.21427235524468685,0.2491057421295647,0.2893045436392175,0.3160893915019724,0.008205271767859082,0.27579963646779476,0.3028094508106402,0.2732093704448236,0.3053997168336114,0.11994609164420485,0.16318508535489676,0.17885220125786158,0.19083237068412243,0.2010425528121366,0.12129380053908356,0.07389937106918208,0.05849056603773631,0.038544474393531356,0.006893530997304469,0.11758760107816711,0.21434186882300094,0.282625786163522,0.37090071877807734,0.6547057502246182,0.19725859631715872
