{
  "nDCG@1": 0.15026954177897575,
  "nDCG@1_std": 0.35745588279935764,
  "nDCG@1_stderr": 0.009279092377797855,
  "nDCG@1_ci90_low": 0.1349972528478423,
  "nDCG@1_ci90_high": 0.1655418307101092,
  "nDCG@1_ci95_low": 0.13206799975419464,
  "nDCG@1_ci95_high": 0.16847108380375686,
  "nDCG@3": 0.21977806149263474,
  "nDCG@3_std": 0.37350072748274726,
  "nDCG@3_stderr": 0.009695595793096687,
  "nDCG@3_ci90_low": 0.20382025718561522,
  "nDCG@3_ci90_high": 0.23573586579965425,
  "nDCG@3_ci95_low": 0.20075952098261754,
  "nDCG@3_ci95_high": 0.23879660200265193,
  "nDCG@5": 0.24688752691557297,
  "nDCG@5_std": 0.37155050652448657,
  "nDCG@5_stderr": 0.00964497057947004,
  "nDCG@5_ci90_low": 0.2310130457244604,
  "nDCG@5_ci90_high": 0.26276200810668554,
  "nDCG@5_ci95_low": 0.22796829104827535,
  "nDCG@5_ci95_high": 0.26580676278287063,
  "nDCG@10": 0.28317276702245553,
  "nDCG@10_std": 0.36169877082600205,
  "nDCG@10_stderr": 0.009389232263144167,
  "nDCG@10_ci90_low": 0.26771920086254103,
  "nDCG@10_ci90_high": 0.29862633318237003,
  "nDCG@10_ci95_low": 0.2647551784631521,
  "nDCG@10_ci95_high": 0.30159035558175895,
  "nDCG@100": 0.3473098281894968,
  "nDCG@100_std": 0.324032358836299,
  "nDCG@100_stderr": 0.008411460926285712,
  "nDCG@100_ci90_low": 0.3334655580422842,
  "nDCG@100_ci90_high": 0.36115409833670936,
  "nDCG@100_ci95_low": 0.3308102015766698,
  "nDCG@100_ci95_high": 0.3638094548023238,
  "RR@1": 0.1509433962264151,
  "RR@3": 0.20518867924528306,
  "RR@5": 0.22088948787061985,
  "RR@10": 0.2362520322594446,
  "RR@100": 0.24777226293253737,
  "P@1": 0.15026954177897575,
  "P@3": 0.09276729559748398,
  "P@5": 0.0692722371967661,
  "P@10": 0.04636118598382774,
  "P@100": 0.007985175202156197,
  "R@1": 0.14588948787061995,
  "R@3": 0.27094564240790653,
  "R@5": 0.33597259658580414,
  "R@10": 0.44614779874213834,
  "R@100": 0.7571877807726863,
  "AP": 0.24250566468419799
}