nDCG@1,nDCG@1_std,nDCG@1_stderr,nDCG@1_ci90_low,nDCG@1_ci90_high,nDCG@1_ci95_low,nDCG@1_ci95_high,nDCG@3,nDCG@3_std,nDCG@3_stderr,nDCG@3_ci90_low,nDCG@3_ci90_high,nDCG@3_ci95_low,nDCG@3_ci95_high,nDCG@5,nDCG@5_std,nDCG@5_stderr,nDCG@5_ci90_low,nDCG@5_ci90_high,nDCG@5_ci95_low,nDCG@5_ci95_high,nDCG@10,nDCG@10_std,nDCG@10_stderr,nDCG@10_ci90_low,nDCG@10_ci90_high,nDCG@10_ci95_low,nDCG@10_ci95_high,nDCG@100,nDCG@100_std,nDCG@100_stderr,nDCG@100_ci90_low,nDCG@100_ci90_high,nDCG@100_ci95_low,nDCG@100_ci95_high,RR@1,RR@3,RR@5,RR@10,RR@100,P@1,P@3,P@5,P@10,P@100,R@1,R@3,R@5,R@10,R@100,AP
0.14285714285714285,0.3500450656992924,0.009086717151160257,0.12790148080337851,0.15781280491090718,0.12503295732689876,0.16068132838738694,0.20496486542358539,0.36599268161469684,0.009500696633399577,0.1893278420893312,0.22060188875783956,0.18632863226663535,0.22360109858053542,0.23514131006253997,0.36485300930431286,0.009471112214294053,0.21955297918419026,0.2507296409408897,0.21656310866405332,0.2537195114610266,0.2692650540404762,0.3566079040374885,0.009257079945930254,0.254028994969535,0.28450111311141735,0.2511066908296774,0.28742341725127496,0.3328186660762624,0.3215637786835697,0.008347379778425486,0.3190798659217295,0.34655746623079536,0.3164447387946076,0.34919259335791725,0.1421832884097035,0.19193620844564255,0.20871518418688215,0.22333916270910864,0.2347096267964353,0.14285714285714285,0.0862533692722367,0.0668463611859844,0.04440700808625372,0.007749326145552429,0.13881401617250674,0.2510669362084456,0.32418014375561544,0.42772911051212936,0.7365790655884996,0.23009557673401138
