{
  "nDCG@1": 0.1522911051212938,
  "nDCG@1_std": 0.3594239512019637,
  "nDCG@1_stderr": 0.00933018088799551,
  "nDCG@1_ci90_low": 0.13693473054287586,
  "nDCG@1_ci90_high": 0.16764747969971172,
  "nDCG@1_ci95_low": 0.13398934966749554,
  "nDCG@1_ci95_high": 0.17059286057509204,
  "nDCG@3": 0.2228002411280071,
  "nDCG@3_std": 0.37560794363095495,
  "nDCG@3_stderr": 0.009750296398794038,
  "nDCG@3_ci90_low": 0.2067524060915903,
  "nDCG@3_ci90_high": 0.23884807616442388,
  "nDCG@3_ci95_low": 0.20367440182918123,
  "nDCG@3_ci95_high": 0.24192608042683295,
  "nDCG@5": 0.25079845323829264,
  "nDCG@5_std": 0.3731882285002755,
  "nDCG@5_stderr": 0.009687483723703354,
  "nDCG@5_ci90_low": 0.23485400043835597,
  "nDCG@5_ci90_high": 0.2667429060382293,
  "nDCG@5_ci95_low": 0.23179582507896224,
  "nDCG@5_ci95_high": 0.26980108139762304,
  "nDCG@10": 0.2855303146408008,
  "nDCG@10_std": 0.3635811803208854,
  "nDCG@10_stderr": 0.009438097178890065,
  "nDCG@10_ci90_low": 0.2699963226071605,
  "nDCG@10_ci90_high": 0.3010643066744411,
  "nDCG@10_ci95_low": 0.2670168743773356,
  "nDCG@10_ci95_high": 0.304043754904266,
  "nDCG@100": 0.3508281590385162,
  "nDCG@100_std": 0.3248066492724433,
  "nDCG@100_stderr": 0.008431560504527263,
  "nDCG@100_ci90_low": 0.33695080736201166,
  "nDCG@100_ci90_high": 0.3647055107150208,
  "nDCG@100_ci95_low": 0.3342891057982618,
  "nDCG@100_ci95_high": 0.3673672122787706,
  "RR@1": 0.1522911051212938,
  "RR@3": 0.20788409703504043,
  "RR@5": 0.22385444743935298,
  "RR@10": 0.23828963975527326,
  "RR@100": 0.2500822526834515,
  "P@1": 0.1522911051212938,
  "P@3": 0.09389038634321627,
  "P@5": 0.07035040431266909,
  "P@10": 0.04649595687331561,
  "P@100": 0.008066037735848918,
  "R@1": 0.14824797843665768,
  "R@3": 0.2743149146451033,
  "R@5": 0.34136343216531895,
  "R@10": 0.44732704402515716,
  "R@100": 0.7652740341419586,
  "AP": 0.24544337998561847
}