{
  "nDCG@1": 0.12870619946091644,
  "nDCG@1_std": 0.3349873598957566,
  "nDCG@1_stderr": 0.008695838584399786,
  "nDCG@1_ci90_low": 0.1143938773121235,
  "nDCG@1_ci90_high": 0.14301852160970938,
  "nDCG@1_ci95_low": 0.11164874761213672,
  "nDCG@1_ci95_high": 0.14576365130969615,
  "nDCG@3": 0.18579883732295008,
  "nDCG@3_std": 0.35315371671061535,
  "nDCG@3_stderr": 0.009167413710630762,
  "nDCG@3_ci90_low": 0.1707103582735353,
  "nDCG@3_ci90_high": 0.20088731637236484,
  "nDCG@3_ci95_low": 0.16781636025311836,
  "nDCG@3_ci95_high": 0.2037813143927818,
  "nDCG@5": 0.21386610560912908,
  "nDCG@5_std": 0.353507910870376,
  "nDCG@5_stderr": 0.009176608132897245,
  "nDCG@5_ci90_low": 0.19876249362777537,
  "nDCG@5_ci90_high": 0.2289697175904828,
  "nDCG@5_ci95_low": 0.19586559308319204,
  "nDCG@5_ci95_high": 0.23186661813506612,
  "nDCG@10": 0.24540580921655308,
  "nDCG@10_std": 0.3476388848668642,
  "nDCG@10_stderr": 0.009024255808946677,
  "nDCG@10_ci90_low": 0.23055295114689336,
  "nDCG@10_ci90_high": 0.26025866728621283,
  "nDCG@10_ci95_low": 0.22770414566356023,
  "nDCG@10_ci95_high": 0.26310747276954594,
  "nDCG@100": 0.3055012038936929,
  "nDCG@100_std": 0.3181190210309129,
  "nDCG@100_stderr": 0.008257958325272145,
  "nDCG@100_ci90_low": 0.29190958087821584,
  "nDCG@100_ci90_high": 0.31909282690916996,
  "nDCG@100_ci95_low": 0.28930268259693614,
  "nDCG@100_ci95_high": 0.32169972519044965,
  "RR@1": 0.12870619946091644,
  "RR@3": 0.17407906558849964,
  "RR@5": 0.19035265049415986,
  "RR@10": 0.20328798185941013,
  "RR@100": 0.21383342895239793,
  "P@1": 0.12870619946091644,
  "P@3": 0.07839173405211103,
  "P@5": 0.06118598382749376,
  "P@10": 0.04070080862533732,
  "P@100": 0.0072506738544473185,
  "R@1": 0.125,
  "R@3": 0.22748203054806831,
  "R@5": 0.29509209344115006,
  "R@10": 0.39212713387241693,
  "R@100": 0.6894092542677449,
  "AP": 0.20891913171704493
}