nDCG@1,nDCG@1_std,nDCG@1_stderr,nDCG@1_ci90_low,nDCG@1_ci90_high,nDCG@1_ci95_low,nDCG@1_ci95_high,nDCG@3,nDCG@3_std,nDCG@3_stderr,nDCG@3_ci90_low,nDCG@3_ci90_high,nDCG@3_ci95_low,nDCG@3_ci95_high,nDCG@5,nDCG@5_std,nDCG@5_stderr,nDCG@5_ci90_low,nDCG@5_ci90_high,nDCG@5_ci95_low,nDCG@5_ci95_high,nDCG@10,nDCG@10_std,nDCG@10_stderr,nDCG@10_ci90_low,nDCG@10_ci90_high,nDCG@10_ci95_low,nDCG@10_ci95_high,nDCG@100,nDCG@100_std,nDCG@100_stderr,nDCG@100_ci90_low,nDCG@100_ci90_high,nDCG@100_ci95_low,nDCG@100_ci95_high,RR@1,RR@3,RR@5,RR@10,RR@100,P@1,P@3,P@5,P@10,P@100,R@1,R@3,R@5,R@10,R@100,AP
0.12870619946091644,0.3349873598957566,0.008695838584399786,0.1143938773121235,0.14301852160970938,0.11164874761213672,0.14576365130969615,0.18579883732295008,0.35315371671061535,0.009167413710630762,0.1707103582735353,0.20088731637236484,0.16781636025311836,0.2037813143927818,0.21386610560912908,0.353507910870376,0.009176608132897245,0.19876249362777537,0.2289697175904828,0.19586559308319204,0.23186661813506612,0.24540580921655308,0.3476388848668642,0.009024255808946677,0.23055295114689336,0.26025866728621283,0.22770414566356023,0.26310747276954594,0.3055012038936929,0.3181190210309129,0.008257958325272145,0.29190958087821584,0.31909282690916996,0.28930268259693614,0.32169972519044965,0.12870619946091644,0.17407906558849964,0.19035265049415986,0.20328798185941013,0.21383342895239793,0.12870619946091644,0.07839173405211103,0.06118598382749376,0.04070080862533732,0.0072506738544473185,0.125,0.22748203054806831,0.29509209344115006,0.39212713387241693,0.6894092542677449,0.20891913171704493
