nDCG@1,nDCG@1_std,nDCG@1_stderr,nDCG@1_ci90_low,nDCG@1_ci90_high,nDCG@1_ci95_low,nDCG@1_ci95_high,nDCG@3,nDCG@3_std,nDCG@3_stderr,nDCG@3_ci90_low,nDCG@3_ci90_high,nDCG@3_ci95_low,nDCG@3_ci95_high,nDCG@5,nDCG@5_std,nDCG@5_stderr,nDCG@5_ci90_low,nDCG@5_ci90_high,nDCG@5_ci95_low,nDCG@5_ci95_high,nDCG@10,nDCG@10_std,nDCG@10_stderr,nDCG@10_ci90_low,nDCG@10_ci90_high,nDCG@10_ci95_low,nDCG@10_ci95_high,nDCG@100,nDCG@100_std,nDCG@100_stderr,nDCG@100_ci90_low,nDCG@100_ci90_high,nDCG@100_ci95_low,nDCG@100_ci95_high,RR@1,RR@3,RR@5,RR@10,RR@100,P@1,P@3,P@5,P@10,P@100,R@1,R@3,R@5,R@10,R@100,AP
0.1522911051212938,0.3594239512019637,0.00933018088799551,0.13693473054287586,0.16764747969971172,0.13398934966749554,0.17059286057509204,0.2228002411280071,0.37560794363095495,0.009750296398794038,0.2067524060915903,0.23884807616442388,0.20367440182918123,0.24192608042683295,0.25079845323829264,0.3731882285002755,0.009687483723703354,0.23485400043835597,0.2667429060382293,0.23179582507896224,0.26980108139762304,0.2855303146408008,0.3635811803208854,0.009438097178890065,0.2699963226071605,0.3010643066744411,0.2670168743773356,0.304043754904266,0.3508281590385162,0.3248066492724433,0.008431560504527263,0.33695080736201166,0.3647055107150208,0.3342891057982618,0.3673672122787706,0.1522911051212938,0.20788409703504043,0.22385444743935298,0.23828963975527326,0.2500822526834515,0.1522911051212938,0.09389038634321627,0.07035040431266909,0.04649595687331561,0.008066037735848918,0.14824797843665768,0.2743149146451033,0.34136343216531895,0.44732704402515716,0.7652740341419586,0.24544337998561847
