{
  "nDCG@1": 0.12129380053908356,
  "nDCG@1_std": 0.32657844909608164,
  "nDCG@1_stderr": 0.008477554136272119,
  "nDCG@1_ci90_low": 0.10734074878282981,
  "nDCG@1_ci90_high": 0.1352468522953373,
  "nDCG@1_ci95_low": 0.10466452780461663,
  "nDCG@1_ci95_high": 0.1379230732735505,
  "nDCG@3": 0.18180130876306588,
  "nDCG@3_std": 0.3492026651126429,
  "nDCG@3_stderr": 0.009064849521506447,
  "nDCG@3_ci90_low": 0.16688163824217078,
  "nDCG@3_ci90_high": 0.19672097928396098,
  "nDCG@3_ci95_low": 0.16402001800786237,
  "nDCG@3_ci95_high": 0.1995825995182694,
  "nDCG@5": 0.20414477312102255,
  "nDCG@5_std": 0.3501502955951786,
  "nDCG@5_stderr": 0.009089448783151278,
  "nDCG@5_ci90_low": 0.18918461512397824,
  "nDCG@5_ci90_high": 0.21910493111806686,
  "nDCG@5_ci95_low": 0.186315229317312,
  "nDCG@5_ci95_high": 0.2219743169247331,
  "nDCG@10": 0.23001485856473752,
  "nDCG@10_std": 0.34642971765784103,
  "nDCG@10_stderr": 0.008992867392158394,
  "nDCG@10_ci90_low": 0.2152136621178706,
  "nDCG@10_ci90_high": 0.24481605501160444,
  "nDCG@10_ci95_low": 0.21237476542876416,
  "nDCG@10_ci95_high": 0.2476549517007109,
  "nDCG@100": 0.29217165646129545,
  "nDCG@100_std": 0.31871819918290256,
  "nDCG@100_stderr": 0.008273512215110324,
  "nDCG@100_ci90_low": 0.2785544335821744,
  "nDCG@100_ci90_high": 0.3057888793404165,
  "nDCG@100_ci95_low": 0.27594262519998486,
  "nDCG@100_ci95_high": 0.30840068772260604,
  "RR@1": 0.12129380053908356,
  "RR@3": 0.16880053908355813,
  "RR@5": 0.1814353099730459,
  "RR@10": 0.19218943866854915,
  "RR@100": 0.20408382505861916,
  "P@1": 0.12129380053908356,
  "P@3": 0.07704402515723237,
  "P@5": 0.057412398921833335,
  "P@10": 0.03699460916442083,
  "P@100": 0.006859838274932502,
  "R@1": 0.11814914645103325,
  "R@3": 0.2255166217430368,
  "R@5": 0.27908805031446543,
  "R@10": 0.3578167115902965,
  "R@100": 0.6537511230907457,
  "AP": 0.20088032763507202
}