nDCG@1,nDCG@1_std,nDCG@1_stderr,nDCG@1_ci90_low,nDCG@1_ci90_high,nDCG@1_ci95_low,nDCG@1_ci95_high,nDCG@3,nDCG@3_std,nDCG@3_stderr,nDCG@3_ci90_low,nDCG@3_ci90_high,nDCG@3_ci95_low,nDCG@3_ci95_high,nDCG@5,nDCG@5_std,nDCG@5_stderr,nDCG@5_ci90_low,nDCG@5_ci90_high,nDCG@5_ci95_low,nDCG@5_ci95_high,nDCG@10,nDCG@10_std,nDCG@10_stderr,nDCG@10_ci90_low,nDCG@10_ci90_high,nDCG@10_ci95_low,nDCG@10_ci95_high,nDCG@100,nDCG@100_std,nDCG@100_stderr,nDCG@100_ci90_low,nDCG@100_ci90_high,nDCG@100_ci95_low,nDCG@100_ci95_high,RR@1,RR@3,RR@5,RR@10,RR@100,P@1,P@3,P@5,P@10,P@100,R@1,R@3,R@5,R@10,R@100,AP
0.12129380053908356,0.32657844909608164,0.008477554136272119,0.10734074878282981,0.1352468522953373,0.10466452780461663,0.1379230732735505,0.18180130876306588,0.3492026651126429,0.009064849521506447,0.16688163824217078,0.19672097928396098,0.16402001800786237,0.1995825995182694,0.20414477312102255,0.3501502955951786,0.009089448783151278,0.18918461512397824,0.21910493111806686,0.186315229317312,0.2219743169247331,0.23001485856473752,0.34642971765784103,0.008992867392158394,0.2152136621178706,0.24481605501160444,0.21237476542876416,0.2476549517007109,0.29217165646129545,0.31871819918290256,0.008273512215110324,0.2785544335821744,0.3057888793404165,0.27594262519998486,0.30840068772260604,0.12129380053908356,0.16880053908355813,0.1814353099730459,0.19218943866854915,0.20408382505861916,0.12129380053908356,0.07704402515723237,0.057412398921833335,0.03699460916442083,0.006859838274932502,0.11814914645103325,0.2255166217430368,0.27908805031446543,0.3578167115902965,0.6537511230907457,0.20088032763507202
