{
  "nDCG@1": 0.15700808625336926,
  "nDCG@1_std": 0.3639310323307161,
  "nDCG@1_stderr": 0.00944717888456058,
  "nDCG@1_ci90_low": 0.1414591468059798,
  "nDCG@1_ci90_high": 0.17255702570075873,
  "nDCG@1_ci95_low": 0.13847683163471844,
  "nDCG@1_ci95_high": 0.17553934087202008,
  "nDCG@3": 0.2335073086016384,
  "nDCG@3_std": 0.37982539001174104,
  "nDCG@3_stderr": 0.009859775851920537,
  "nDCG@3_ci90_low": 0.2172792833297875,
  "nDCG@3_ci90_high": 0.2497353338734893,
  "nDCG@3_ci95_low": 0.2141667182489595,
  "nDCG@3_ci95_high": 0.2528478989543173,
  "nDCG@5": 0.2649547755794708,
  "nDCG@5_std": 0.37667828905937556,
  "nDCG@5_stderr": 0.009778081181712391,
  "nDCG@5_ci90_low": 0.24886121007553183,
  "nDCG@5_ci90_high": 0.2810483410834097,
  "nDCG@5_ci95_low": 0.2457744346253809,
  "nDCG@5_ci95_high": 0.28413511653356066,
  "nDCG@10": 0.29567193136659586,
  "nDCG@10_std": 0.36713799286443555,
  "nDCG@10_stderr": 0.009530427432077247,
  "nDCG@10_ci90_low": 0.2799859746529688,
  "nDCG@10_ci90_high": 0.3113578880802229,
  "nDCG@10_ci95_low": 0.27697737931814986,
  "nDCG@10_ci95_high": 0.31436648341504186,
  "nDCG@100": 0.35825289253518594,
  "nDCG@100_std": 0.3295102803065855,
  "nDCG@100_stderr": 0.008553660682415176,
  "nDCG@100_ci90_low": 0.3441745784025139,
  "nDCG@100_ci90_high": 0.37233120666785796,
  "nDCG@100_ci95_low": 0.34147433187022075,
  "nDCG@100_ci95_high": 0.37503145320015113,
  "RR@1": 0.15700808625336926,
  "RR@3": 0.21686882300089835,
  "RR@5": 0.23442273135669323,
  "RR@10": 0.24751342360843673,
  "RR@100": 0.2589782261217724,
  "P@1": 0.15700808625336926,
  "P@3": 0.09928122192273124,
  "P@5": 0.07533692722372037,
  "P@10": 0.0475067385444746,
  "P@100": 0.00797169811320741,
  "R@1": 0.15302111410601976,
  "R@3": 0.28970125786163525,
  "R@5": 0.3650606469002695,
  "R@10": 0.4578279424977539,
  "R@100": 0.7576931716082659,
  "AP": 0.2550591375505212
}