{
  "nDCG@1": 0.1623989218328841,
  "nDCG@1_std": 0.36894069337053376,
  "nDCG@1_stderr": 0.00957722320557128,
  "nDCG@1_ci90_low": 0.14663594480903072,
  "nDCG@1_ci90_high": 0.17816189885673747,
  "nDCG@1_ci95_low": 0.1436125768371158,
  "nDCG@1_ci95_high": 0.18118526682865238,
  "nDCG@3": 0.2398610124806205,
  "nDCG@3_std": 0.382488351173762,
  "nDCG@3_stderr": 0.009928902879366187,
  "nDCG@3_ci90_low": 0.22351921229489694,
  "nDCG@3_ci90_high": 0.2562028126663441,
  "nDCG@3_ci95_low": 0.22038482497642375,
  "nDCG@3_ci95_high": 0.25933719998481725,
  "nDCG@5": 0.2706821127412665,
  "nDCG@5_std": 0.3789670520528499,
  "nDCG@5_stderr": 0.00983749450869701,
  "nDCG@5_ci90_low": 0.25449075992590475,
  "nDCG@5_ci90_high": 0.2868734655566283,
  "nDCG@5_ci95_low": 0.2513852286896502,
  "nDCG@5_ci95_high": 0.28997899679288286,
  "nDCG@10": 0.301853113978841,
  "nDCG@10_std": 0.3692361898594421,
  "nDCG@10_stderr": 0.009584893912223029,
  "nDCG@10_ci90_low": 0.2860775118787925,
  "nDCG@10_ci90_high": 0.31762871607888954,
  "nDCG@10_ci95_low": 0.28305172239405335,
  "nDCG@10_ci95_high": 0.3206545055636287,
  "nDCG@100": 0.3651183265357022,
  "nDCG@100_std": 0.33008873414190903,
  "nDCG@100_stderr": 0.008568676595797894,
  "nDCG@100_ci90_low": 0.35101529798502373,
  "nDCG@100_ci90_high": 0.37922135508638066,
  "nDCG@100_ci95_low": 0.34831031118192174,
  "nDCG@100_ci95_high": 0.38192634188948266,
  "RR@1": 0.16172506738544473,
  "RR@3": 0.2220350404312667,
  "RR@5": 0.23965633423180546,
  "RR@10": 0.253111496170795,
  "RR@100": 0.2646667813409501,
  "P@1": 0.1623989218328841,
  "P@3": 0.10220125786163517,
  "P@5": 0.0766846361185991,
  "P@10": 0.04831536388140177,
  "P@100": 0.008099730458220884,
  "R@1": 0.1570642407906559,
  "R@3": 0.29745058400718777,
  "R@5": 0.3719115004492364,
  "R@10": 0.46557726864330645,
  "R@100": 0.7694856244384545,
  "AP": 0.26054902746442715
}