nDCG@1,nDCG@1_std,nDCG@1_stderr,nDCG@1_ci90_low,nDCG@1_ci90_high,nDCG@1_ci95_low,nDCG@1_ci95_high,nDCG@3,nDCG@3_std,nDCG@3_stderr,nDCG@3_ci90_low,nDCG@3_ci90_high,nDCG@3_ci95_low,nDCG@3_ci95_high,nDCG@5,nDCG@5_std,nDCG@5_stderr,nDCG@5_ci90_low,nDCG@5_ci90_high,nDCG@5_ci95_low,nDCG@5_ci95_high,nDCG@10,nDCG@10_std,nDCG@10_stderr,nDCG@10_ci90_low,nDCG@10_ci90_high,nDCG@10_ci95_low,nDCG@10_ci95_high,nDCG@100,nDCG@100_std,nDCG@100_stderr,nDCG@100_ci90_low,nDCG@100_ci90_high,nDCG@100_ci95_low,nDCG@100_ci95_high,RR@1,RR@3,RR@5,RR@10,RR@100,P@1,P@3,P@5,P@10,P@100,R@1,R@3,R@5,R@10,R@100,AP
0.7311320754716981,0.44352059472534183,0.011513220981796881,0.7121826750128012,0.750081475930595,0.7085481451681073,0.753716005775289,0.8073490528768315,0.3467777380615887,0.009001901551704022,0.7925329872715153,0.8221651184821476,0.7896912386504827,0.8250068671031802,0.8228370911016387,0.31990555379421237,0.008304334405074764,0.8091691385421285,0.836505043661149,0.8065476001139786,0.8391265820892988,0.8390560870221858,0.2859225222107452,0.007422178859413729,0.8268400581882948,0.8512721158560769,0.8244970013999429,0.8536151726444288,0.8494722338153914,0.25941653279209603,0.006734117657414621,0.8383886723663899,0.8605557952643929,0.8362628249043939,0.8626816427263889,0.7311320754716981,0.7927897574123991,0.8006401617250679,0.8069904376845078,0.8091702007490872,0.7311320754716981,0.30300988319855765,0.18989218328840535,0.10047169811320507,0.010545822102425688,0.710130278526505,0.8614667565139262,0.8986972147349505,0.9471585804132974,0.9916891284815812,0.8050112314567165
