{
  "nDCG@1": 0.7243935309973046,
  "nDCG@1_std": 0.4469699848407593,
  "nDCG@1_stderr": 0.01160276268769178,
  "nDCG@1_ci90_low": 0.7052967554775574,
  "nDCG@1_ci90_high": 0.7434903065170518,
  "nDCG@1_ci95_low": 0.7016339588252574,
  "nDCG@1_ci95_high": 0.7471531031693519,
  "nDCG@3": 0.7935689733128302,
  "nDCG@3_std": 0.3617956358985216,
  "nDCG@3_stderr": 0.0093917467551398,
  "nDCG@3_ci90_low": 0.7781112685963943,
  "nDCG@3_ci90_high": 0.809026678029266,
  "nDCG@3_ci95_low": 0.7751464524142563,
  "nDCG@3_ci95_high": 0.811991494211404,
  "nDCG@5": 0.8125538724320889,
  "nDCG@5_std": 0.33056138130034235,
  "nDCG@5_stderr": 0.008580945904700744,
  "nDCG@5_ci90_low": 0.7984306500496302,
  "nDCG@5_ci90_high": 0.8266770948145475,
  "nDCG@5_ci95_low": 0.7957217900324683,
  "nDCG@5_ci95_high": 0.8293859548317094,
  "nDCG@10": 0.8312939229350114,
  "nDCG@10_std": 0.2929443605821448,
  "nDCG@10_stderr": 0.00760445670136704,
  "nDCG@10_ci90_low": 0.8187778863250672,
  "nDCG@10_ci90_high": 0.8438099595449555,
  "nDCG@10_ci95_low": 0.8163772874937325,
  "nDCG@10_ci95_high": 0.8462105583762902,
  "nDCG@100": 0.8423158936573053,
  "nDCG@100_std": 0.2658019510706719,
  "nDCG@100_stderr": 0.0068998748569150765,
  "nDCG@100_ci90_low": 0.8309595154563936,
  "nDCG@100_ci90_high": 0.853672271858217,
  "nDCG@100_ci95_low": 0.8287813412398333,
  "nDCG@100_ci95_high": 0.8558504460747773,
  "RR@1": 0.7243935309973046,
  "RR@3": 0.7809973045822105,
  "RR@5": 0.7910377358490572,
  "RR@10": 0.798445588927395,
  "RR@100": 0.8007358217426136,
  "P@1": 0.7243935309973046,
  "P@3": 0.296495956873311,
  "P@5": 0.18773584905659949,
  "P@10": 0.10006738544474149,
  "P@100": 0.010545822102425688,
  "R@1": 0.701875561545373,
  "R@3": 0.842935759209344,
  "R@5": 0.8882524707996405,
  "R@10": 0.9440700808625337,
  "R@100": 0.9916891284815812,
  "AP": 0.7959760610434345
}