nDCG@1,nDCG@1_std,nDCG@1_stderr,nDCG@1_ci90_low,nDCG@1_ci90_high,nDCG@1_ci95_low,nDCG@1_ci95_high,nDCG@3,nDCG@3_std,nDCG@3_stderr,nDCG@3_ci90_low,nDCG@3_ci90_high,nDCG@3_ci95_low,nDCG@3_ci95_high,nDCG@5,nDCG@5_std,nDCG@5_stderr,nDCG@5_ci90_low,nDCG@5_ci90_high,nDCG@5_ci95_low,nDCG@5_ci95_high,nDCG@10,nDCG@10_std,nDCG@10_stderr,nDCG@10_ci90_low,nDCG@10_ci90_high,nDCG@10_ci95_low,nDCG@10_ci95_high,nDCG@100,nDCG@100_std,nDCG@100_stderr,nDCG@100_ci90_low,nDCG@100_ci90_high,nDCG@100_ci95_low,nDCG@100_ci95_high,RR@1,RR@3,RR@5,RR@10,RR@100,P@1,P@3,P@5,P@10,P@100,R@1,R@3,R@5,R@10,R@100,AP
0.6347708894878706,0.4816566587868996,0.012503183878984504,0.6141921271494513,0.65534965182629,0.6102450827008375,0.6592966962749037,0.7107542558051196,0.41004612929540835,0.010644267155693247,0.6932350506023689,0.7282734610078704,0.6898748348370823,0.7316336767731569,0.7337286297797372,0.3829745239415107,0.009941523295592607,0.7173660578810924,0.750091201678382,0.7142276865098941,0.7532295730495803,0.7526477175183964,0.354670123491607,0.009206777669318326,0.7374944500472188,0.767800984989574,0.7345880254884003,0.7707074095483926,0.7746559183625524,0.31360788972028114,0.008140855191224063,0.7612570332599129,0.788054803465192,0.7586871024646459,0.790624734260459,0.6347708894878706,0.6988993710691829,0.7104559748427685,0.7178793372694994,0.7223781814974021,0.6347708894878706,0.2672955974842735,0.17291105121293437,0.09272237196765286,0.01035714285714267,0.6161275831087152,0.7642070979335129,0.818733153638814,0.8758423180592992,0.9738319856244384,0.7155645304875403
