nDCG@1,nDCG@1_std,nDCG@1_stderr,nDCG@1_ci90_low,nDCG@1_ci90_high,nDCG@1_ci95_low,nDCG@1_ci95_high,nDCG@3,nDCG@3_std,nDCG@3_stderr,nDCG@3_ci90_low,nDCG@3_ci90_high,nDCG@3_ci95_low,nDCG@3_ci95_high,nDCG@5,nDCG@5_std,nDCG@5_stderr,nDCG@5_ci90_low,nDCG@5_ci90_high,nDCG@5_ci95_low,nDCG@5_ci95_high,nDCG@10,nDCG@10_std,nDCG@10_stderr,nDCG@10_ci90_low,nDCG@10_ci90_high,nDCG@10_ci95_low,nDCG@10_ci95_high,nDCG@100,nDCG@100_std,nDCG@100_stderr,nDCG@100_ci90_low,nDCG@100_ci90_high,nDCG@100_ci95_low,nDCG@100_ci95_high,RR@1,RR@3,RR@5,RR@10,RR@100,P@1,P@3,P@5,P@10,P@100,R@1,R@3,R@5,R@10,R@100,AP
0.7014824797843666,0.4577619619991602,0.011882908456192378,0.6819246174529812,0.7210403421157521,0.6781733835025444,0.7247915760661888,0.7711638817963862,0.3779398812252917,0.009810830482574263,0.7550164148153747,0.7873113487773976,0.7519193009628286,0.7904084626299438,0.7918471288756055,0.34743728250210737,0.009019022472313605,0.777002884259275,0.806691373491936,0.7741557308521255,0.8095385268990855,0.8124994812612394,0.3093520054951984,0.008030377941375804,0.7992824286494625,0.8257165338730162,0.7967473736602247,0.828251588862254,0.8262204147842768,0.27752123881029556,0.0072040924087045394,0.8143633304625846,0.838077499105969,0.8120891198915579,0.8403517096769957,0.7014824797843666,0.7593216531895781,0.7699348607367484,0.7781299469473326,0.7812227177934643,0.7014824797843666,0.28818508535489257,0.18382749326145148,0.09865229110511892,0.010518867924528113,0.6801437556154537,0.8203616352201257,0.8693845462713387,0.9307614555256065,0.9893306379155434,0.7760688021921429
