nDCG@1,nDCG@1_std,nDCG@1_stderr,nDCG@1_ci90_low,nDCG@1_ci90_high,nDCG@1_ci95_low,nDCG@1_ci95_high,nDCG@3,nDCG@3_std,nDCG@3_stderr,nDCG@3_ci90_low,nDCG@3_ci90_high,nDCG@3_ci95_low,nDCG@3_ci95_high,nDCG@5,nDCG@5_std,nDCG@5_stderr,nDCG@5_ci90_low,nDCG@5_ci90_high,nDCG@5_ci95_low,nDCG@5_ci95_high,nDCG@10,nDCG@10_std,nDCG@10_stderr,nDCG@10_ci90_low,nDCG@10_ci90_high,nDCG@10_ci95_low,nDCG@10_ci95_high,nDCG@100,nDCG@100_std,nDCG@100_stderr,nDCG@100_ci90_low,nDCG@100_ci90_high,nDCG@100_ci95_low,nDCG@100_ci95_high,RR@1,RR@3,RR@5,RR@10,RR@100,P@1,P@3,P@5,P@10,P@100,R@1,R@3,R@5,R@10,R@100,AP
0.6327493261455526,0.4822181152625237,0.012517758562894108,0.6121465756006702,0.6533520766904349,0.6081949301699568,0.6573037221211483,0.7117570549241721,0.4079812736917523,0.010590666174942589,0.6943260705981716,0.7291880392501725,0.6909827757592315,0.7325313340891126,0.733534432828354,0.3821526053630967,0.009920187352380804,0.7172069773695593,0.7498618882871486,0.7140753413960825,0.7529935242606254,0.7527333939479466,0.3531233624909659,0.00916662575434934,0.7376462117814062,0.767820576114487,0.7347524625055087,0.7707143253903844,0.7742643044511639,0.3129980794285362,0.008125025304789632,0.7608914734699331,0.7876371354323947,0.7583265399030502,0.7902020689992776,0.6327493261455526,0.6988993710691831,0.7098158131177009,0.7173490779959789,0.7217124745384753,0.6327493261455526,0.2686433063791522,0.17304582210242225,0.09292452830188469,0.01035714285714267,0.6141060197663971,0.7679132973944294,0.819743935309973,0.8778638814016172,0.9738319856244384,0.7148922099104286
