{
  "nDCG@1": 0.6347708894878706,
  "nDCG@1_std": 0.4816566587868996,
  "nDCG@1_stderr": 0.012503183878984504,
  "nDCG@1_ci90_low": 0.6141921271494513,
  "nDCG@1_ci90_high": 0.65534965182629,
  "nDCG@1_ci95_low": 0.6102450827008375,
  "nDCG@1_ci95_high": 0.6592966962749037,
  "nDCG@3": 0.7107542558051196,
  "nDCG@3_std": 0.41004612929540835,
  "nDCG@3_stderr": 0.010644267155693247,
  "nDCG@3_ci90_low": 0.6932350506023689,
  "nDCG@3_ci90_high": 0.7282734610078704,
  "nDCG@3_ci95_low": 0.6898748348370823,
  "nDCG@3_ci95_high": 0.7316336767731569,
  "nDCG@5": 0.7337286297797372,
  "nDCG@5_std": 0.3829745239415107,
  "nDCG@5_stderr": 0.009941523295592607,
  "nDCG@5_ci90_low": 0.7173660578810924,
  "nDCG@5_ci90_high": 0.750091201678382,
  "nDCG@5_ci95_low": 0.7142276865098941,
  "nDCG@5_ci95_high": 0.7532295730495803,
  "nDCG@10": 0.7526477175183964,
  "nDCG@10_std": 0.354670123491607,
  "nDCG@10_stderr": 0.009206777669318326,
  "nDCG@10_ci90_low": 0.7374944500472188,
  "nDCG@10_ci90_high": 0.767800984989574,
  "nDCG@10_ci95_low": 0.7345880254884003,
  "nDCG@10_ci95_high": 0.7707074095483926,
  "nDCG@100": 0.7746559183625524,
  "nDCG@100_std": 0.31360788972028114,
  "nDCG@100_stderr": 0.008140855191224063,
  "nDCG@100_ci90_low": 0.7612570332599129,
  "nDCG@100_ci90_high": 0.788054803465192,
  "nDCG@100_ci95_low": 0.7586871024646459,
  "nDCG@100_ci95_high": 0.790624734260459,
  "RR@1": 0.6347708894878706,
  "RR@3": 0.6988993710691829,
  "RR@5": 0.7104559748427685,
  "RR@10": 0.7178793372694994,
  "RR@100": 0.7223781814974021,
  "P@1": 0.6347708894878706,
  "P@3": 0.2672955974842735,
  "P@5": 0.17291105121293437,
  "P@10": 0.09272237196765286,
  "P@100": 0.01035714285714267,
  "R@1": 0.6161275831087152,
  "R@3": 0.7642070979335129,
  "R@5": 0.818733153638814,
  "R@10": 0.8758423180592992,
  "R@100": 0.9738319856244384,
  "AP": 0.7155645304875403
}