nDCG@1,nDCG@1_std,nDCG@1_stderr,nDCG@1_ci90_low,nDCG@1_ci90_high,nDCG@1_ci95_low,nDCG@1_ci95_high,nDCG@3,nDCG@3_std,nDCG@3_stderr,nDCG@3_ci90_low,nDCG@3_ci90_high,nDCG@3_ci95_low,nDCG@3_ci95_high,nDCG@5,nDCG@5_std,nDCG@5_stderr,nDCG@5_ci90_low,nDCG@5_ci90_high,nDCG@5_ci95_low,nDCG@5_ci95_high,nDCG@10,nDCG@10_std,nDCG@10_stderr,nDCG@10_ci90_low,nDCG@10_ci90_high,nDCG@10_ci95_low,nDCG@10_ci95_high,nDCG@100,nDCG@100_std,nDCG@100_stderr,nDCG@100_ci90_low,nDCG@100_ci90_high,nDCG@100_ci95_low,nDCG@100_ci95_high,RR@1,RR@3,RR@5,RR@10,RR@100,P@1,P@3,P@5,P@10,P@100,R@1,R@3,R@5,R@10,R@100,AP
0.6098382749326146,0.4879508124854888,0.012666571968031705,0.5889905951179768,0.6306859547472523,0.5849919718030451,0.634684578062184,0.6932522061609598,0.4145287406761392,0.010760629949249277,0.6755414815582865,0.7109629307636331,0.6721445320200046,0.7143598803019151,0.7155510903867168,0.38896369451339613,0.010096994417141073,0.6989326314042861,0.7321695493691476,0.6957451804199934,0.7353570003534402,0.7341645802098147,0.3625260187227842,0.009410706548567774,0.7186756699151264,0.7496534905045029,0.7157048684457111,0.7526242919739182,0.7568259874108099,0.3228970490116381,0.008381989751667044,0.7430302233324659,0.7706217514891538,0.7403841704200343,0.7732678044015854,0.6098382749326146,0.6792452830188687,0.690700808625338,0.6980717601506016,0.7026227477376666,0.6098382749326146,0.2637017070979305,0.17008086253368923,0.09117250673854241,0.01023584905660359,0.5918688230008984,0.7530884995507636,0.806266846361186,0.8620283018867925,0.9627133872416892,0.6955011051649616
