nDCG@1,nDCG@1_std,nDCG@1_stderr,nDCG@1_ci90_low,nDCG@1_ci90_high,nDCG@1_ci95_low,nDCG@1_ci95_high,nDCG@3,nDCG@3_std,nDCG@3_stderr,nDCG@3_ci90_low,nDCG@3_ci90_high,nDCG@3_ci95_low,nDCG@3_ci95_high,nDCG@5,nDCG@5_std,nDCG@5_stderr,nDCG@5_ci90_low,nDCG@5_ci90_high,nDCG@5_ci95_low,nDCG@5_ci95_high,nDCG@10,nDCG@10_std,nDCG@10_stderr,nDCG@10_ci90_low,nDCG@10_ci90_high,nDCG@10_ci95_low,nDCG@10_ci95_high,nDCG@100,nDCG@100_std,nDCG@100_stderr,nDCG@100_ci90_low,nDCG@100_ci90_high,nDCG@100_ci95_low,nDCG@100_ci95_high,RR@1,RR@3,RR@5,RR@10,RR@100,P@1,P@3,P@5,P@10,P@100,R@1,R@3,R@5,R@10,R@100,AP
0.6974393530997305,0.4595214825750034,0.011928583334546668,0.6778063153189885,0.7170723908804725,0.6740406625791624,0.7208380436202986,0.772952194789533,0.37339195134589576,0.009692772105276973,0.7569990379388032,0.7889053516402629,0.7539391931264658,0.7919651964526002,0.7936403374430591,0.34318610735540916,0.008908667464049402,0.7789777241223973,0.8083029507637208,0.7761654079316689,0.8111152669544492,0.8121185572294568,0.30807113547817094,0.007997128212433391,0.7989562297402044,0.8252808847187092,0.7964316711300737,0.8278054433288399,0.8257830933093454,0.27657280374923277,0.0071794722612418,0.8139665308393892,0.8375996557793016,0.8117000924340211,0.8398660941846697,0.6974393530997305,0.7595462713387245,0.7698562443845473,0.7772747935652251,0.7802084440528961,0.6974393530997305,0.29020664869721047,0.1851752021563301,0.09858490566037499,0.010518867924528113,0.6769429469901167,0.8264263252470798,0.8753369272237197,0.9310983827493261,0.9893306379155434,0.775429533376068
