nDCG@1,nDCG@1_std,nDCG@1_stderr,nDCG@1_ci90_low,nDCG@1_ci90_high,nDCG@1_ci95_low,nDCG@1_ci95_high,nDCG@3,nDCG@3_std,nDCG@3_stderr,nDCG@3_ci90_low,nDCG@3_ci90_high,nDCG@3_ci95_low,nDCG@3_ci95_high,nDCG@5,nDCG@5_std,nDCG@5_stderr,nDCG@5_ci90_low,nDCG@5_ci90_high,nDCG@5_ci95_low,nDCG@5_ci95_high,nDCG@10,nDCG@10_std,nDCG@10_stderr,nDCG@10_ci90_low,nDCG@10_ci90_high,nDCG@10_ci95_low,nDCG@10_ci95_high,nDCG@100,nDCG@100_std,nDCG@100_stderr,nDCG@100_ci90_low,nDCG@100_ci90_high,nDCG@100_ci95_low,nDCG@100_ci95_high,RR@1,RR@3,RR@5,RR@10,RR@100,P@1,P@3,P@5,P@10,P@100,R@1,R@3,R@5,R@10,R@100,AP
0.7243935309973046,0.4469699848407593,0.01160276268769178,0.7052967554775574,0.7434903065170518,0.7016339588252574,0.7471531031693519,0.7981057114898572,0.35519209543558605,0.009220327385856406,0.7829301427873221,0.8132812801923923,0.7800194408113306,0.8161919821683838,0.8160401208534533,0.326031353148187,0.008463352233088216,0.8021104437506641,0.8299697979562426,0.7994387060739575,0.8326415356329492,0.8336291191573626,0.2898206183522892,0.007523368393382673,0.8212465443148039,0.8460116939999213,0.8188715436958105,0.8483866946189147,0.8442422908379886,0.2634189288936322,0.006838014683441574,0.8329877271685151,0.8554968545074622,0.830829081166261,0.8576555005097163,0.7243935309973046,0.7849281221922736,0.7938230008984732,0.8008078231292514,0.8030109518160485,0.7243935309973046,0.2987421383647753,0.18867924528301455,0.10020215633422935,0.010539083557951294,0.702717879604672,0.8503481581311769,0.892969451931716,0.9457547169811321,0.9910152740341418,0.7983742483304858
