{
  "nDCG@1": 0.7001347708894878,
  "nDCG@1_std": 0.4583531847526618,
  "nDCG@1_stderr": 0.01189825583417546,
  "nDCG@1_ci90_low": 0.6805516485885548,
  "nDCG@1_ci90_high": 0.7197178931904209,
  "nDCG@1_ci95_low": 0.6767955697295207,
  "nDCG@1_ci95_high": 0.723473972049455,
  "nDCG@3": 0.7722056990517957,
  "nDCG@3_std": 0.37599381047198094,
  "nDCG@3_stderr": 0.009760313002900171,
  "nDCG@3_ci90_low": 0.7561413778693433,
  "nDCG@3_ci90_high": 0.7882700202342481,
  "nDCG@3_ci95_low": 0.7530602115338165,
  "nDCG@3_ci95_high": 0.7913511865697749,
  "nDCG@5": 0.7904262211285864,
  "nDCG@5_std": 0.3483556596408962,
  "nDCG@5_stderr": 0.009042862354991554,
  "nDCG@5_ci90_low": 0.7755427388841003,
  "nDCG@5_ci90_high": 0.8053097033730725,
  "nDCG@5_ci95_low": 0.7726880596277358,
  "nDCG@5_ci95_high": 0.808164382629437,
  "nDCG@10": 0.8078741603116664,
  "nDCG@10_std": 0.31679571624307556,
  "nDCG@10_stderr": 0.008223607044565382,
  "nDCG@10_ci90_low": 0.7943390754426748,
  "nDCG@10_ci90_high": 0.8214092451806579,
  "nDCG@10_ci95_low": 0.791743021281831,
  "nDCG@10_ci95_high": 0.8240052993415017,
  "nDCG@100": 0.8222360053066347,
  "nDCG@100_std": 0.2852573883609681,
  "nDCG@100_stderr": 0.007404912844969237,
  "nDCG@100_ci90_low": 0.8100483942910549,
  "nDCG@100_ci90_high": 0.8344236163222144,
  "nDCG@100_ci95_low": 0.8077107880924985,
  "nDCG@100_ci95_high": 0.8367612225207708,
  "RR@1": 0.7001347708894878,
  "RR@3": 0.7597708894878707,
  "RR@5": 0.7697102425876018,
  "RR@10": 0.7763495807127888,
  "RR@100": 0.7790586797473812,
  "P@1": 0.7001347708894878,
  "P@3": 0.28796046720574586,
  "P@5": 0.1826145552560605,
  "P@10": 0.09716981132075238,
  "P@100": 0.010444743935309786,
  "R@1": 0.680256064690027,
  "R@3": 0.8235624438454626,
  "R@5": 0.8666329739442946,
  "R@10": 0.9189128481581312,
  "R@100": 0.9828167115902965,
  "AP": 0.7731553646965493
}