{
  "nDCG@1": 0.6839622641509434,
  "nDCG@1_std": 0.4650845541834102,
  "nDCG@1_stderr": 0.01207299347812706,
  "nDCG@1_ci90_low": 0.6640915443483452,
  "nDCG@1_ci90_high": 0.7038329839535417,
  "nDCG@1_ci95_low": 0.6602803037597711,
  "nDCG@1_ci95_high": 0.7076442245421157,
  "nDCG@3": 0.7498497549317101,
  "nDCG@3_std": 0.3911056692488961,
  "nDCG@3_stderr": 0.01015259731080717,
  "nDCG@3_ci90_low": 0.7331397801605685,
  "nDCG@3_ci90_high": 0.7665597297028518,
  "nDCG@3_ci95_low": 0.729934776279758,
  "nDCG@3_ci95_high": 0.7697647335836623,
  "nDCG@5": 0.7726564110872087,
  "nDCG@5_std": 0.35945502939188356,
  "nDCG@5_stderr": 0.009330987637608756,
  "nDCG@5_ci90_low": 0.7572987086943143,
  "nDCG@5_ci90_high": 0.7880141134801032,
  "nDCG@5_ci95_low": 0.7543530731416762,
  "nDCG@5_ci95_high": 0.7909597490327412,
  "nDCG@10": 0.7895457867686696,
  "nDCG@10_std": 0.3324820652519228,
  "nDCG@10_stderr": 0.00863080437583765,
  "nDCG@10_ci90_low": 0.7753405032377856,
  "nDCG@10_ci90_high": 0.8037510702995536,
  "nDCG@10_ci95_low": 0.772615903741494,
  "nDCG@10_ci95_high": 0.8064756697958452,
  "nDCG@100": 0.8079588975624107,
  "nDCG@100_std": 0.29379843298153113,
  "nDCG@100_stderr": 0.007626627316182971,
  "nDCG@100_ci90_low": 0.7954063707418443,
  "nDCG@100_ci90_high": 0.8205114243829771,
  "nDCG@100_ci95_low": 0.7929987730210283,
  "nDCG@100_ci95_high": 0.8229190221037931,
  "RR@1": 0.6839622641509434,
  "RR@3": 0.7405660377358495,
  "RR@5": 0.7524932614555264,
  "RR@10": 0.7586903157489415,
  "RR@100": 0.7624733263838702,
  "P@1": 0.6839622641509434,
  "P@3": 0.27852650494159553,
  "P@5": 0.17924528301886392,
  "P@10": 0.09555256064689802,
  "P@100": 0.01045148247978418,
  "R@1": 0.6636343216531896,
  "R@3": 0.798124438454627,
  "R@5": 0.8521451033243486,
  "R@10": 0.9019541778975741,
  "R@100": 0.9833782569631627,
  "AP": 0.7547643489018176
}