nDCG@1,nDCG@1_std,nDCG@1_stderr,nDCG@1_ci90_low,nDCG@1_ci90_high,nDCG@1_ci95_low,nDCG@1_ci95_high,nDCG@3,nDCG@3_std,nDCG@3_stderr,nDCG@3_ci90_low,nDCG@3_ci90_high,nDCG@3_ci95_low,nDCG@3_ci95_high,nDCG@5,nDCG@5_std,nDCG@5_stderr,nDCG@5_ci90_low,nDCG@5_ci90_high,nDCG@5_ci95_low,nDCG@5_ci95_high,nDCG@10,nDCG@10_std,nDCG@10_stderr,nDCG@10_ci90_low,nDCG@10_ci90_high,nDCG@10_ci95_low,nDCG@10_ci95_high,nDCG@100,nDCG@100_std,nDCG@100_stderr,nDCG@100_ci90_low,nDCG@100_ci90_high,nDCG@100_ci95_low,nDCG@100_ci95_high,RR@1,RR@3,RR@5,RR@10,RR@100,P@1,P@3,P@5,P@10,P@100,R@1,R@3,R@5,R@10,R@100,AP
0.6960916442048517,0.4600985935681216,0.01194356438948259,0.6764339493789852,0.7157493390307182,0.6726635673725745,0.7195197210371289,0.7781804116309261,0.3663953767216679,0.00951115007752367,0.7625261831636171,0.7938346400982351,0.7595236733647712,0.796837149897081,0.7931058115460665,0.34360903078791194,0.00891964600934063,0.7784251288379146,0.8077864942542184,0.7756093469054468,0.8106022761866862,0.811338264790602,0.3097708884743075,0.008041251601722924,0.7981033154195518,0.8245732141616522,0.795564827798984,0.82711170178222,0.8250709744593788,0.2787293915461837,0.007235454491082375,0.8131622718582197,0.836979677060538,0.8108781608062959,0.8392637881124617,0.6960916442048517,0.7631401617250677,0.7709568733153644,0.7780780708509822,0.780699236446547,0.6960916442048517,0.2920035938903817,0.18328840970349983,0.09791105121293564,0.010478436657681752,0.6763814016172507,0.8362533692722374,0.8714622641509434,0.9258198562443846,0.9861859838274932,0.7754679922646
