{
  "nDCG@1": 0.6563342318059299,
  "nDCG@1_std": 0.4750912594457717,
  "nDCG@1_stderr": 0.012332754603890843,
  "nDCG@1_ci90_low": 0.6360359759034396,
  "nDCG@1_ci90_high": 0.6766324877084201,
  "nDCG@1_ci95_low": 0.6321427331049216,
  "nDCG@1_ci95_high": 0.6805257305069381,
  "nDCG@3": 0.719322998637568,
  "nDCG@3_std": 0.4107453881531863,
  "nDCG@3_stderr": 0.01066241901120756,
  "nDCG@3_ci90_low": 0.7017739176268434,
  "nDCG@3_ci90_high": 0.7368720796482926,
  "nDCG@3_ci95_low": 0.6984079716266636,
  "nDCG@3_ci95_high": 0.7402380256484724,
  "nDCG@5": 0.7431465004394457,
  "nDCG@5_std": 0.3815572433915293,
  "nDCG@5_stderr": 0.009904732525650472,
  "nDCG@5_ci90_low": 0.7268444817981324,
  "nDCG@5_ci90_high": 0.759448519080759,
  "nDCG@5_ci95_low": 0.7237177246530118,
  "nDCG@5_ci95_high": 0.7625752762258797,
  "nDCG@10": 0.7623064546974858,
  "nDCG@10_std": 0.3526918441053193,
  "nDCG@10_stderr": 0.00915542409519136,
  "nDCG@10_ci90_low": 0.7472377091374802,
  "nDCG@10_ci90_high": 0.7773752002574914,
  "nDCG@10_ci95_low": 0.7443474960366101,
  "nDCG@10_ci95_high": 0.7802654133583615,
  "nDCG@100": 0.7821777469629146,
  "nDCG@100_std": 0.31516542964991767,
  "nDCG@100_stderr": 0.008181286913248117,
  "nDCG@100_ci90_low": 0.7687123160263084,
  "nDCG@100_ci90_high": 0.7956431778995209,
  "nDCG@100_ci95_low": 0.7661296216177483,
  "nDCG@100_ci95_high": 0.798225872308081,
  "RR@1": 0.6563342318059299,
  "RR@3": 0.7106918238993717,
  "RR@5": 0.7227875112309085,
  "RR@10": 0.7301499058743001,
  "RR@100": 0.7339609102221841,
  "P@1": 0.6563342318059299,
  "P@3": 0.26707097933512713,
  "P@5": 0.1730458221024222,
  "P@10": 0.0929919137466286,
  "P@100": 0.010303234501347524,
  "R@1": 0.6378032345013477,
  "R@3": 0.7652740341419586,
  "R@5": 0.8221585804132974,
  "R@10": 0.8797169811320755,
  "R@100": 0.9692273135669364,
  "AP": 0.7265522680917141
}