nDCG@1,nDCG@1_std,nDCG@1_stderr,nDCG@1_ci90_low,nDCG@1_ci90_high,nDCG@1_ci95_low,nDCG@1_ci95_high,nDCG@3,nDCG@3_std,nDCG@3_stderr,nDCG@3_ci90_low,nDCG@3_ci90_high,nDCG@3_ci95_low,nDCG@3_ci95_high,nDCG@5,nDCG@5_std,nDCG@5_stderr,nDCG@5_ci90_low,nDCG@5_ci90_high,nDCG@5_ci95_low,nDCG@5_ci95_high,nDCG@10,nDCG@10_std,nDCG@10_stderr,nDCG@10_ci90_low,nDCG@10_ci90_high,nDCG@10_ci95_low,nDCG@10_ci95_high,nDCG@100,nDCG@100_std,nDCG@100_stderr,nDCG@100_ci90_low,nDCG@100_ci90_high,nDCG@100_ci95_low,nDCG@100_ci95_high,RR@1,RR@3,RR@5,RR@10,RR@100,P@1,P@3,P@5,P@10,P@100,R@1,R@3,R@5,R@10,R@100,AP
0.6839622641509434,0.4650845541834102,0.01207299347812706,0.6640915443483452,0.7038329839535417,0.6602803037597711,0.7076442245421157,0.7498497549317101,0.3911056692488961,0.01015259731080717,0.7331397801605685,0.7665597297028518,0.729934776279758,0.7697647335836623,0.7726564110872087,0.35945502939188356,0.009330987637608756,0.7572987086943143,0.7880141134801032,0.7543530731416762,0.7909597490327412,0.7895457867686696,0.3324820652519228,0.00863080437583765,0.7753405032377856,0.8037510702995536,0.772615903741494,0.8064756697958452,0.8079588975624107,0.29379843298153113,0.007626627316182971,0.7954063707418443,0.8205114243829771,0.7929987730210283,0.8229190221037931,0.6839622641509434,0.7405660377358495,0.7524932614555264,0.7586903157489415,0.7624733263838702,0.6839622641509434,0.27852650494159553,0.17924528301886392,0.09555256064689802,0.01045148247978418,0.6636343216531896,0.798124438454627,0.8521451033243486,0.9019541778975741,0.9833782569631627,0.7547643489018176
