nDCG@1,nDCG@1_std,nDCG@1_stderr,nDCG@1_ci90_low,nDCG@1_ci90_high,nDCG@1_ci95_low,nDCG@1_ci95_high,nDCG@3,nDCG@3_std,nDCG@3_stderr,nDCG@3_ci90_low,nDCG@3_ci90_high,nDCG@3_ci95_low,nDCG@3_ci95_high,nDCG@5,nDCG@5_std,nDCG@5_stderr,nDCG@5_ci90_low,nDCG@5_ci90_high,nDCG@5_ci95_low,nDCG@5_ci95_high,nDCG@10,nDCG@10_std,nDCG@10_stderr,nDCG@10_ci90_low,nDCG@10_ci90_high,nDCG@10_ci95_low,nDCG@10_ci95_high,nDCG@100,nDCG@100_std,nDCG@100_stderr,nDCG@100_ci90_low,nDCG@100_ci90_high,nDCG@100_ci95_low,nDCG@100_ci95_high,RR@1,RR@3,RR@5,RR@10,RR@100,P@1,P@3,P@5,P@10,P@100,R@1,R@3,R@5,R@10,R@100,AP
0.6677897574123989,0.4711647168748129,0.0122308266374074,0.6476592628911859,0.6879202519336118,0.6437981970340102,0.6917813177907876,0.7311218031383799,0.4043489340220272,0.010496375335248009,0.7138460103859454,0.7483975958908144,0.7105324815761203,0.7517111247006396,0.7522399269201704,0.3770778156242101,0.00978845237458087,0.7361292916590182,0.7683505621813226,0.7330392421980527,0.771440611642288,0.7715063270335039,0.34776309207865624,0.009027480067513024,0.7566481622154674,0.7863644918515403,0.7537983388880396,0.7892143151789681,0.7923683042433959,0.3070205927848173,0.007969857482904174,0.7792508611505667,0.805485747336225,0.7767349114501857,0.8080016970366061,0.6677897574123989,0.722371967654987,0.7333221024258768,0.7407588349805333,0.7449373091486511,0.6677897574123989,0.2713387241689094,0.17398921832883724,0.09353099730458006,0.010390835579514639,0.6477987421383649,0.7770664869721472,0.8275494159928122,0.8847708894878706,0.9776504941599282,0.7373055258442588
