nDCG@1,nDCG@1_std,nDCG@1_stderr,nDCG@1_ci90_low,nDCG@1_ci90_high,nDCG@1_ci95_low,nDCG@1_ci95_high,nDCG@3,nDCG@3_std,nDCG@3_stderr,nDCG@3_ci90_low,nDCG@3_ci90_high,nDCG@3_ci95_low,nDCG@3_ci95_high,nDCG@5,nDCG@5_std,nDCG@5_stderr,nDCG@5_ci90_low,nDCG@5_ci90_high,nDCG@5_ci95_low,nDCG@5_ci95_high,nDCG@10,nDCG@10_std,nDCG@10_stderr,nDCG@10_ci90_low,nDCG@10_ci90_high,nDCG@10_ci95_low,nDCG@10_ci95_high,nDCG@100,nDCG@100_std,nDCG@100_stderr,nDCG@100_ci90_low,nDCG@100_ci90_high,nDCG@100_ci95_low,nDCG@100_ci95_high,RR@1,RR@3,RR@5,RR@10,RR@100,P@1,P@3,P@5,P@10,P@100,R@1,R@3,R@5,R@10,R@100,AP
0.7001347708894878,0.4583531847526618,0.01189825583417546,0.6805516485885548,0.7197178931904209,0.6767955697295207,0.723473972049455,0.7722056990517957,0.37599381047198094,0.009760313002900171,0.7561413778693433,0.7882700202342481,0.7530602115338165,0.7913511865697749,0.7904262211285864,0.3483556596408962,0.009042862354991554,0.7755427388841003,0.8053097033730725,0.7726880596277358,0.808164382629437,0.8078741603116664,0.31679571624307556,0.008223607044565382,0.7943390754426748,0.8214092451806579,0.791743021281831,0.8240052993415017,0.8222360053066347,0.2852573883609681,0.007404912844969237,0.8100483942910549,0.8344236163222144,0.8077107880924985,0.8367612225207708,0.7001347708894878,0.7597708894878707,0.7697102425876018,0.7763495807127888,0.7790586797473812,0.7001347708894878,0.28796046720574586,0.1826145552560605,0.09716981132075238,0.010444743935309786,0.680256064690027,0.8235624438454626,0.8666329739442946,0.9189128481581312,0.9828167115902965,0.7731553646965493
