nDCG@1,nDCG@1_std,nDCG@1_stderr,nDCG@1_ci90_low,nDCG@1_ci90_high,nDCG@1_ci95_low,nDCG@1_ci95_high,nDCG@3,nDCG@3_std,nDCG@3_stderr,nDCG@3_ci90_low,nDCG@3_ci90_high,nDCG@3_ci95_low,nDCG@3_ci95_high,nDCG@5,nDCG@5_std,nDCG@5_stderr,nDCG@5_ci90_low,nDCG@5_ci90_high,nDCG@5_ci95_low,nDCG@5_ci95_high,nDCG@10,nDCG@10_std,nDCG@10_stderr,nDCG@10_ci90_low,nDCG@10_ci90_high,nDCG@10_ci95_low,nDCG@10_ci95_high,nDCG@100,nDCG@100_std,nDCG@100_stderr,nDCG@100_ci90_low,nDCG@100_ci90_high,nDCG@100_ci95_low,nDCG@100_ci95_high,RR@1,RR@3,RR@5,RR@10,RR@100,P@1,P@3,P@5,P@10,P@100,R@1,R@3,R@5,R@10,R@100,AP
0.6563342318059299,0.4750912594457717,0.012332754603890843,0.6360359759034396,0.6766324877084201,0.6321427331049216,0.6805257305069381,0.719322998637568,0.4107453881531863,0.01066241901120756,0.7017739176268434,0.7368720796482926,0.6984079716266636,0.7402380256484724,0.7431465004394457,0.3815572433915293,0.009904732525650472,0.7268444817981324,0.759448519080759,0.7237177246530118,0.7625752762258797,0.7623064546974858,0.3526918441053193,0.00915542409519136,0.7472377091374802,0.7773752002574914,0.7443474960366101,0.7802654133583615,0.7821777469629146,0.31516542964991767,0.008181286913248117,0.7687123160263084,0.7956431778995209,0.7661296216177483,0.798225872308081,0.6563342318059299,0.7106918238993717,0.7227875112309085,0.7301499058743001,0.7339609102221841,0.6563342318059299,0.26707097933512713,0.1730458221024222,0.0929919137466286,0.010303234501347524,0.6378032345013477,0.7652740341419586,0.8221585804132974,0.8797169811320755,0.9692273135669364,0.7265522680917141
