{
  "nDCG@1": 0.6677897574123989,
  "nDCG@1_std": 0.4711647168748129,
  "nDCG@1_stderr": 0.0122308266374074,
  "nDCG@1_ci90_low": 0.6476592628911859,
  "nDCG@1_ci90_high": 0.6879202519336118,
  "nDCG@1_ci95_low": 0.6437981970340102,
  "nDCG@1_ci95_high": 0.6917813177907876,
  "nDCG@3": 0.7311218031383799,
  "nDCG@3_std": 0.4043489340220272,
  "nDCG@3_stderr": 0.010496375335248009,
  "nDCG@3_ci90_low": 0.7138460103859454,
  "nDCG@3_ci90_high": 0.7483975958908144,
  "nDCG@3_ci95_low": 0.7105324815761203,
  "nDCG@3_ci95_high": 0.7517111247006396,
  "nDCG@5": 0.7522399269201704,
  "nDCG@5_std": 0.3770778156242101,
  "nDCG@5_stderr": 0.00978845237458087,
  "nDCG@5_ci90_low": 0.7361292916590182,
  "nDCG@5_ci90_high": 0.7683505621813226,
  "nDCG@5_ci95_low": 0.7330392421980527,
  "nDCG@5_ci95_high": 0.771440611642288,
  "nDCG@10": 0.7715063270335039,
  "nDCG@10_std": 0.34776309207865624,
  "nDCG@10_stderr": 0.009027480067513024,
  "nDCG@10_ci90_low": 0.7566481622154674,
  "nDCG@10_ci90_high": 0.7863644918515403,
  "nDCG@10_ci95_low": 0.7537983388880396,
  "nDCG@10_ci95_high": 0.7892143151789681,
  "nDCG@100": 0.7923683042433959,
  "nDCG@100_std": 0.3070205927848173,
  "nDCG@100_stderr": 0.007969857482904174,
  "nDCG@100_ci90_low": 0.7792508611505667,
  "nDCG@100_ci90_high": 0.805485747336225,
  "nDCG@100_ci95_low": 0.7767349114501857,
  "nDCG@100_ci95_high": 0.8080016970366061,
  "RR@1": 0.6677897574123989,
  "RR@3": 0.722371967654987,
  "RR@5": 0.7333221024258768,
  "RR@10": 0.7407588349805333,
  "RR@100": 0.7449373091486511,
  "P@1": 0.6677897574123989,
  "P@3": 0.2713387241689094,
  "P@5": 0.17398921832883724,
  "P@10": 0.09353099730458006,
  "P@100": 0.010390835579514639,
  "R@1": 0.6477987421383649,
  "R@3": 0.7770664869721472,
  "R@5": 0.8275494159928122,
  "R@10": 0.8847708894878706,
  "R@100": 0.9776504941599282,
  "AP": 0.7373055258442588
}