nDCG@1,nDCG@1_std,nDCG@1_stderr,nDCG@1_ci90_low,nDCG@1_ci90_high,nDCG@1_ci95_low,nDCG@1_ci95_high,nDCG@3,nDCG@3_std,nDCG@3_stderr,nDCG@3_ci90_low,nDCG@3_ci90_high,nDCG@3_ci95_low,nDCG@3_ci95_high,nDCG@5,nDCG@5_std,nDCG@5_stderr,nDCG@5_ci90_low,nDCG@5_ci90_high,nDCG@5_ci95_low,nDCG@5_ci95_high,nDCG@10,nDCG@10_std,nDCG@10_stderr,nDCG@10_ci90_low,nDCG@10_ci90_high,nDCG@10_ci95_low,nDCG@10_ci95_high,nDCG@100,nDCG@100_std,nDCG@100_stderr,nDCG@100_ci90_low,nDCG@100_ci90_high,nDCG@100_ci95_low,nDCG@100_ci95_high,RR@1,RR@3,RR@5,RR@10,RR@100,P@1,P@3,P@5,P@10,P@100,R@1,R@3,R@5,R@10,R@100,AP
0.6536388140161725,0.47597035102354984,0.012355574684217585,0.6333029989596194,0.6739746290727257,0.6294025522463031,0.6778750757860419,0.7216531578362365,0.40819773776304635,0.010596285302254978,0.7042129250910629,0.7390933905814101,0.700867856388323,0.74243845928415,0.7449707847262764,0.3785426311276469,0.009826477090432167,0.7287975652787232,0.7611440041738297,0.7256955120557508,0.7642460573968021,0.765690995189713,0.34644138159490867,0.00899317017287833,0.7508893004015806,0.7804926899778453,0.7480503081297033,0.7833316822497226,0.7851705547138855,0.3093779279136899,0.008031050853831333,0.7719523945677693,0.7983887148600017,0.7694171271514092,0.8009239822763619,0.6543126684636119,0.7103548966756521,0.7231244384546283,0.7310916976853639,0.7349820716679828,0.6536388140161725,0.2695417789757379,0.1741239892183252,0.09400269541778755,0.01037061994609146,0.6362870619946092,0.7714510332434861,0.8267632524707995,0.8895440251572329,0.9751796945193171,0.7281846669817892
