{
  "nDCG@1": 0.6347708894878706,
  "nDCG@1_std": 0.4816566587868996,
  "nDCG@1_stderr": 0.012503183878984504,
  "nDCG@1_ci90_low": 0.6141921271494513,
  "nDCG@1_ci90_high": 0.65534965182629,
  "nDCG@1_ci95_low": 0.6102450827008375,
  "nDCG@1_ci95_high": 0.6592966962749037,
  "nDCG@3": 0.7133934202115348,
  "nDCG@3_std": 0.40895565662999206,
  "nDCG@3_stderr": 0.010615959895735405,
  "nDCG@3_ci90_low": 0.6959208054117376,
  "nDCG@3_ci90_high": 0.7308660350113321,
  "nDCG@3_ci95_low": 0.6925695257713896,
  "nDCG@3_ci95_high": 0.73421731465168,
  "nDCG@5": 0.7365660037509983,
  "nDCG@5_std": 0.3794072850295097,
  "nDCG@5_stderr": 0.009848922387366088,
  "nDCG@5_ci90_low": 0.7203558419985339,
  "nDCG@5_ci90_high": 0.7527761655034628,
  "nDCG@5_ci95_low": 0.7172467031735645,
  "nDCG@5_ci95_high": 0.7558853043284322,
  "nDCG@10": 0.7545094269953317,
  "nDCG@10_std": 0.35254381334527224,
  "nDCG@10_stderr": 0.009151581408126105,
  "nDCG@10_ci90_low": 0.7394470060438916,
  "nDCG@10_ci90_high": 0.7695718479467719,
  "nDCG@10_ci95_low": 0.7365580060145716,
  "nDCG@10_ci95_high": 0.7724608479760919,
  "nDCG@100": 0.7743484998892649,
  "nDCG@100_std": 0.3156767025337708,
  "nDCG@100_stderr": 0.008194558896023678,
  "nDCG@100_ci90_low": 0.7608612248382363,
  "nDCG@100_ci90_high": 0.7878357749402936,
  "nDCG@100_ci95_low": 0.7582743406883715,
  "nDCG@100_ci95_high": 0.7904226590901583,
  "RR@1": 0.6347708894878706,
  "RR@3": 0.6995732255166224,
  "RR@5": 0.7121743036837387,
  "RR@10": 0.7191142022846881,
  "RR@100": 0.7228926147298399,
  "P@1": 0.6347708894878706,
  "P@3": 0.2693171608265915,
  "P@5": 0.17371967654986156,
  "P@10": 0.09285714285714074,
  "P@100": 0.010303234501347526,
  "R@1": 0.6159591194968553,
  "R@3": 0.768699460916442,
  "R@5": 0.8242924528301887,
  "R@10": 0.8785377358490566,
  "R@100": 0.9687780772686432,
  "AP": 0.7164589829282424
}