nDCG@1,nDCG@1_std,nDCG@1_stderr,nDCG@1_ci90_low,nDCG@1_ci90_high,nDCG@1_ci95_low,nDCG@1_ci95_high,nDCG@3,nDCG@3_std,nDCG@3_stderr,nDCG@3_ci90_low,nDCG@3_ci90_high,nDCG@3_ci95_low,nDCG@3_ci95_high,nDCG@5,nDCG@5_std,nDCG@5_stderr,nDCG@5_ci90_low,nDCG@5_ci90_high,nDCG@5_ci95_low,nDCG@5_ci95_high,nDCG@10,nDCG@10_std,nDCG@10_stderr,nDCG@10_ci90_low,nDCG@10_ci90_high,nDCG@10_ci95_low,nDCG@10_ci95_high,nDCG@100,nDCG@100_std,nDCG@100_stderr,nDCG@100_ci90_low,nDCG@100_ci90_high,nDCG@100_ci95_low,nDCG@100_ci95_high,RR@1,RR@3,RR@5,RR@10,RR@100,P@1,P@3,P@5,P@10,P@100,R@1,R@3,R@5,R@10,R@100,AP
0.6630727762803235,0.4728191146004984,0.012273772662539323,0.6428715976795093,0.6832739548811376,0.6389969744859202,0.6871485780747267,0.7391084114490822,0.39534851582892666,0.010262736120252993,0.7222171612199645,0.7559996616782,0.7189773883730565,0.759239434525108,0.7618212663791711,0.36331170244145217,0.009431101881687368,0.7462987877776305,0.7773437449807118,0.7433215478452487,0.7803209849130935,0.7775163647954854,0.33804957626633725,0.008775329760655997,0.763073209569293,0.7919595200216777,0.7603029858445368,0.7947297437464339,0.7963568432508165,0.30013417390049313,0.0077910949556814135,0.7835336221416306,0.8091800643600023,0.7810741047586117,0.8116395817430212,0.6630727762803235,0.7250673854447444,0.7376010781671172,0.7433898087536912,0.7472627219199001,0.6630727762803235,0.2780772686433026,0.17911051212937612,0.09494609164420263,0.01041105121293782,0.6445979335130279,0.7942497753818507,0.8490004492362981,0.8969564240790657,0.9795597484276729,0.7410712521251621
