nDCG@1,nDCG@1_std,nDCG@1_stderr,nDCG@1_ci90_low,nDCG@1_ci90_high,nDCG@1_ci95_low,nDCG@1_ci95_high,nDCG@3,nDCG@3_std,nDCG@3_stderr,nDCG@3_ci90_low,nDCG@3_ci90_high,nDCG@3_ci95_low,nDCG@3_ci95_high,nDCG@5,nDCG@5_std,nDCG@5_stderr,nDCG@5_ci90_low,nDCG@5_ci90_high,nDCG@5_ci95_low,nDCG@5_ci95_high,nDCG@10,nDCG@10_std,nDCG@10_stderr,nDCG@10_ci90_low,nDCG@10_ci90_high,nDCG@10_ci95_low,nDCG@10_ci95_high,nDCG@100,nDCG@100_std,nDCG@100_stderr,nDCG@100_ci90_low,nDCG@100_ci90_high,nDCG@100_ci95_low,nDCG@100_ci95_high,RR@1,RR@3,RR@5,RR@10,RR@100,P@1,P@3,P@5,P@10,P@100,R@1,R@3,R@5,R@10,R@100,AP
0.637466307277628,0.48089380237997864,0.012483381113352617,0.616920137950039,0.658012476605217,0.6129793449008216,0.6619532696544344,0.7060074810003331,0.4164311951820331,0.010810015207554442,0.6882154741016047,0.7237994878990615,0.6848029344695095,0.7272120275311567,0.7307969156236036,0.3860935625621099,0.010022489503964407,0.7143010829190991,0.7472927483281081,0.7111371518803495,0.7504566793668577,0.7526937388830388,0.35402750127392896,0.00919009602772619,0.7375679274215513,0.7678195503445263,0.7346667689758667,0.7707207087902109,0.7732403144804058,0.3160753585310718,0.008204907490084993,0.7597360068671285,0.786744622093683,0.7571458558405118,0.7893347731202998,0.637466307277628,0.6950808625336932,0.708490566037737,0.7169038527360635,0.7209855855028676,0.637466307277628,0.263477088948784,0.17129380053908,0.09305929919137253,0.010330188679245098,0.620788409703504,0.7548854447439353,0.8136230907457321,0.8797731356693622,0.9714734950584006,0.714145887379231
