{
  "nDCG@1": 0.1522911051212938,
  "nDCG@1_std": 0.3594239512019637,
  "nDCG@1_stderr": 0.00933018088799551,
  "nDCG@1_ci90_low": 0.13693473054287586,
  "nDCG@1_ci90_high": 0.16764747969971172,
  "nDCG@1_ci95_low": 0.13398934966749554,
  "nDCG@1_ci95_high": 0.17059286057509204,
  "nDCG@3": 0.21418897765807496,
  "nDCG@3_std": 0.37301330946081174,
  "nDCG@3_stderr": 0.009682943051682212,
  "nDCG@3_ci90_low": 0.19825199826741421,
  "nDCG@3_ci90_high": 0.2301259570487357,
  "nDCG@3_ci95_low": 0.19519525632165877,
  "nDCG@3_ci95_high": 0.23318269899449115,
  "nDCG@5": 0.24416705629183424,
  "nDCG@5_std": 0.3712991560502766,
  "nDCG@5_stderr": 0.009638445846260637,
  "nDCG@5_ci90_low": 0.22830331404012605,
  "nDCG@5_ci90_high": 0.26003079854354244,
  "nDCG@5_ci95_low": 0.22526061911226125,
  "nDCG@5_ci95_high": 0.26307349347140724,
  "nDCG@10": 0.2773064832859925,
  "nDCG@10_std": 0.36231692010826133,
  "nDCG@10_stderr": 0.009405278618986554,
  "nDCG@10_ci90_low": 0.2618265067216183,
  "nDCG@10_ci90_high": 0.2927864598503667,
  "nDCG@10_ci95_low": 0.258857418758101,
  "nDCG@10_ci95_high": 0.295755547813884,
  "nDCG@100": 0.3408546710784122,
  "nDCG@100_std": 0.32617991372493516,
  "nDCG@100_stderr": 0.008467208673509757,
  "nDCG@100_ci90_low": 0.32691864673065923,
  "nDCG@100_ci90_high": 0.3547906954261652,
  "nDCG@100_ci95_low": 0.3242456916406998,
  "nDCG@100_ci95_high": 0.35746365051612466,
  "RR@1": 0.1522911051212938,
  "RR@3": 0.20114555256064695,
  "RR@5": 0.21802560646900243,
  "RR@10": 0.23217360843708537,
  "RR@100": 0.24363715040286027,
  "P@1": 0.1522911051212938,
  "P@3": 0.08962264150943358,
  "P@5": 0.06859838274932675,
  "P@10": 0.04501347708894911,
  "P@100": 0.007816711590296361,
  "R@1": 0.14768643306379156,
  "R@3": 0.2606693620844564,
  "R@5": 0.3327717879604672,
  "R@10": 0.43373764600179693,
  "R@100": 0.7425314465408805,
  "AP": 0.23851399371074744
}