{
  "nDCG@1": 0.16307277628032346,
  "nDCG@1_std": 0.3695565932534578,
  "nDCG@1_stderr": 0.009593211169916337,
  "nDCG@1_ci90_low": 0.147283484957511,
  "nDCG@1_ci90_high": 0.17886206760313592,
  "nDCG@1_ci95_low": 0.14425506985467937,
  "nDCG@1_ci95_high": 0.18189048270596755,
  "nDCG@3": 0.2362876899398706,
  "nDCG@3_std": 0.382943385174415,
  "nDCG@3_stderr": 0.009940714973474226,
  "nDCG@3_ci90_low": 0.2199264484438599,
  "nDCG@3_ci90_high": 0.2526489314358813,
  "nDCG@3_ci95_low": 0.21678833224633265,
  "nDCG@3_ci95_high": 0.25578704763340854,
  "nDCG@5": 0.26405890974377966,
  "nDCG@5_std": 0.3794728552761373,
  "nDCG@5_stderr": 0.00985062450615884,
  "nDCG@5_ci90_low": 0.24784594650503403,
  "nDCG@5_ci90_high": 0.2802718729825253,
  "nDCG@5_ci95_low": 0.24473627034984574,
  "nDCG@5_ci95_high": 0.2833815491377136,
  "nDCG@10": 0.2967914531777403,
  "nDCG@10_std": 0.36958056601559136,
  "nDCG@10_stderr": 0.009593833471814535,
  "nDCG@10_ci90_low": 0.2810011376195819,
  "nDCG@10_ci90_high": 0.3125817687358987,
  "nDCG@10_ci95_low": 0.27797252606652795,
  "nDCG@10_ci95_high": 0.31561038028895266,
  "nDCG@100": 0.3636845746082715,
  "nDCG@100_std": 0.32879903863095955,
  "nDCG@100_stderr": 0.008535197768448313,
  "nDCG@100_ci90_low": 0.349636648249008,
  "nDCG@100_ci90_high": 0.3777325009675351,
  "nDCG@100_ci95_low": 0.34694223014751957,
  "nDCG@100_ci95_high": 0.3804269190690235,
  "RR@1": 0.1623989218328841,
  "RR@3": 0.22068733153638817,
  "RR@5": 0.23638814016172485,
  "RR@10": 0.24994304325503766,
  "RR@100": 0.26278963756757434,
  "P@1": 0.16307277628032346,
  "P@3": 0.09950584007187768,
  "P@5": 0.07358490566037804,
  "P@10": 0.04730458221024279,
  "P@100": 0.008180592991913605,
  "R@1": 0.1580188679245283,
  "R@3": 0.29031895777178796,
  "R@5": 0.35787286612758307,
  "R@10": 0.4570979335130278,
  "R@100": 0.7750449236298294,
  "AP": 0.25783473017866326
}