nDCG@1,nDCG@3,nDCG@5,nDCG@10,nDCG@100,RR@1,RR@3,RR@5,RR@10,RR@100,P@1,P@3,P@5,P@10,P@100,R@1,R@3,R@5,R@10,R@100,AP
0.15700808625336926,0.22699021593152272,0.254582855646711,0.28583407162188346,0.35163522704777495,0.15700808625336926,0.21203953279424978,0.22787511230907437,0.2409497604073075,0.2531159777379851,0.15700808625336926,0.09546271338724147,0.07088948787062058,0.04568733153638844,0.007964959568733018,0.15330188679245282,0.27920035938903864,0.3459119496855345,0.44008310871518413,0.7550539083557951,0.2485558323493985
