{
  "nDCG@1": 0.14892183288409702,
  "nDCG@1_std": 0.3561314157086241,
  "nDCG@1_stderr": 0.00924471092521125,
  "nDCG@1_ci90_low": 0.13370613175879587,
  "nDCG@1_ci90_high": 0.16413753400939818,
  "nDCG@1_ci95_low": 0.13078773231033816,
  "nDCG@1_ci95_high": 0.16705593345785588,
  "nDCG@3": 0.22100125481721786,
  "nDCG@3_std": 0.37382018518140636,
  "nDCG@3_stderr": 0.009703888501761718,
  "nDCG@3_ci90_low": 0.20502980169223237,
  "nDCG@3_ci90_high": 0.23697270794220335,
  "nDCG@3_ci95_low": 0.20196644762085675,
  "nDCG@3_ci95_high": 0.24003606201357897,
  "nDCG@5": 0.24875297276369326,
  "nDCG@5_std": 0.3716361183586795,
  "nDCG@5_stderr": 0.00964719295195385,
  "nDCG@5_ci90_low": 0.23287483381023677,
  "nDCG@5_ci90_high": 0.26463111171714976,
  "nDCG@5_ci95_low": 0.22982937756850969,
  "nDCG@5_ci95_high": 0.26767656795887684,
  "nDCG@10": 0.2788038308624626,
  "nDCG@10_std": 0.36354534655125686,
  "nDCG@10_stderr": 0.009437166980578532,
  "nDCG@10_ci90_low": 0.2632713698252601,
  "nDCG@10_ci90_high": 0.29433629189966504,
  "nDCG@10_ci95_low": 0.26029221524336665,
  "nDCG@10_ci95_high": 0.2973154464815585,
  "nDCG@100": 0.34342528254481375,
  "nDCG@100_std": 0.32702711168576093,
  "nDCG@100_stderr": 0.008489200836792174,
  "nDCG@100_ci90_low": 0.3294530616965632,
  "nDCG@100_ci90_high": 0.3573975033930643,
  "nDCG@100_ci95_low": 0.3267731640512645,
  "nDCG@100_ci95_high": 0.360077401038363,
  "RR@1": 0.1495956873315364,
  "RR@3": 0.20552560646900273,
  "RR@5": 0.22115902964959544,
  "RR@10": 0.2340034441449536,
  "RR@100": 0.2461133636257847,
  "P@1": 0.14892183288409702,
  "P@3": 0.09366576819406981,
  "P@5": 0.0698113207547176,
  "P@10": 0.04481132075471732,
  "P@100": 0.007803234501347576,
  "R@1": 0.1456648697214735,
  "R@3": 0.2738095238095238,
  "R@5": 0.34052111410601976,
  "R@10": 0.43132300089847253,
  "R@100": 0.7398921832884097,
  "AP": 0.2418356986786943
}