{
  "nDCG@1": 0.14892183288409702,
  "nDCG@3": 0.22100125481721786,
  "nDCG@5": 0.24875297276369326,
  "nDCG@10": 0.2788038308624626,
  "nDCG@100": 0.34342528254481375,
  "RR@1": 0.1495956873315364,
  "RR@3": 0.20552560646900273,
  "RR@5": 0.22115902964959544,
  "RR@10": 0.2340034441449536,
  "RR@100": 0.2461133636257847,
  "P@1": 0.14892183288409702,
  "P@3": 0.09366576819406981,
  "P@5": 0.0698113207547176,
  "P@10": 0.04481132075471732,
  "P@100": 0.007803234501347576,
  "R@1": 0.1456648697214735,
  "R@3": 0.2738095238095238,
  "R@5": 0.34052111410601976,
  "R@10": 0.43132300089847253,
  "R@100": 0.7398921832884097,
  "AP": 0.2418356986786943
}