nDCG@1,nDCG@1_std,nDCG@1_stderr,nDCG@1_ci90_low,nDCG@1_ci90_high,nDCG@1_ci95_low,nDCG@1_ci95_high,nDCG@3,nDCG@3_std,nDCG@3_stderr,nDCG@3_ci90_low,nDCG@3_ci90_high,nDCG@3_ci95_low,nDCG@3_ci95_high,nDCG@5,nDCG@5_std,nDCG@5_stderr,nDCG@5_ci90_low,nDCG@5_ci90_high,nDCG@5_ci95_low,nDCG@5_ci95_high,nDCG@10,nDCG@10_std,nDCG@10_stderr,nDCG@10_ci90_low,nDCG@10_ci90_high,nDCG@10_ci95_low,nDCG@10_ci95_high,nDCG@100,nDCG@100_std,nDCG@100_stderr,nDCG@100_ci90_low,nDCG@100_ci90_high,nDCG@100_ci95_low,nDCG@100_ci95_high,RR@1,RR@3,RR@5,RR@10,RR@100,P@1,P@3,P@5,P@10,P@100,R@1,R@3,R@5,R@10,R@100,AP
0.1522911051212938,0.3594239512019637,0.00933018088799551,0.13693473054287586,0.16764747969971172,0.13398934966749554,0.17059286057509204,0.21418897765807496,0.37301330946081174,0.009682943051682212,0.19825199826741421,0.2301259570487357,0.19519525632165877,0.23318269899449115,0.24416705629183424,0.3712991560502766,0.009638445846260637,0.22830331404012605,0.26003079854354244,0.22526061911226125,0.26307349347140724,0.2773064832859925,0.36231692010826133,0.009405278618986554,0.2618265067216183,0.2927864598503667,0.258857418758101,0.295755547813884,0.3408546710784122,0.32617991372493516,0.008467208673509757,0.32691864673065923,0.3547906954261652,0.3242456916406998,0.35746365051612466,0.1522911051212938,0.20114555256064695,0.21802560646900243,0.23217360843708537,0.24363715040286027,0.1522911051212938,0.08962264150943358,0.06859838274932675,0.04501347708894911,0.007816711590296361,0.14768643306379156,0.2606693620844564,0.3327717879604672,0.43373764600179693,0.7425314465408805,0.23851399371074744
