nDCG@1,nDCG@3,nDCG@5,nDCG@10,nDCG@100,RR@1,RR@3,RR@5,RR@10,RR@100,P@1,P@3,P@5,P@10,P@100,R@1,R@3,R@5,R@10,R@100,AP
0.16307277628032346,0.2362876899398706,0.26405890974377966,0.2967914531777403,0.3636845746082715,0.1623989218328841,0.22068733153638817,0.23638814016172485,0.24994304325503766,0.26278963756757434,0.16307277628032346,0.09950584007187768,0.07358490566037804,0.04730458221024279,0.008180592991913605,0.1580188679245283,0.29031895777178796,0.35787286612758307,0.4570979335130278,0.7750449236298294,0.25783473017866326
