{
  "nDCG@1": 0.14622641509433962,
  "nDCG@3": 0.204949618517628,
  "nDCG@5": 0.2363329260324367,
  "nDCG@10": 0.26731194634926386,
  "nDCG@100": 0.3298404132083503,
  "RR@1": 0.14622641509433962,
  "RR@3": 0.19317160826594795,
  "RR@5": 0.21055705300988298,
  "RR@10": 0.22386567834681018,
  "RR@100": 0.23516018053094065,
  "P@1": 0.14622641509433962,
  "P@3": 0.08535489667565092,
  "P@5": 0.06698113207547228,
  "P@10": 0.04353099730458261,
  "P@100": 0.007628032345013347,
  "R@1": 0.14128481581311772,
  "R@3": 0.24921383647798742,
  "R@5": 0.324685534591195,
  "R@10": 0.4195867026055705,
  "R@100": 0.7236635220125787,
  "AP": 0.2296888334811445
}