nDCG@1,nDCG@3,nDCG@5,nDCG@10,nDCG@100,RR@1,RR@3,RR@5,RR@10,RR@100,P@1,P@3,P@5,P@10,P@100,R@1,R@3,R@5,R@10,R@100,AP
0.16307277628032346,0.2340617053831087,0.2616789419357275,0.295937403563433,0.3608812467305493,0.16307277628032346,0.21911500449236296,0.23478212039532761,0.24892851794805945,0.2610281237759538,0.16307277628032346,0.0983827493261454,0.07277628032345079,0.04757412398921851,0.008119946091644065,0.158355795148248,0.28694968553459116,0.35382973944294693,0.4586141060197663,0.7696540880503145,0.2559037605664651
