nDCG@1,nDCG@1_std,nDCG@1_stderr,nDCG@1_ci90_low,nDCG@1_ci90_high,nDCG@1_ci95_low,nDCG@1_ci95_high,nDCG@3,nDCG@3_std,nDCG@3_stderr,nDCG@3_ci90_low,nDCG@3_ci90_high,nDCG@3_ci95_low,nDCG@3_ci95_high,nDCG@5,nDCG@5_std,nDCG@5_stderr,nDCG@5_ci90_low,nDCG@5_ci90_high,nDCG@5_ci95_low,nDCG@5_ci95_high,nDCG@10,nDCG@10_std,nDCG@10_stderr,nDCG@10_ci90_low,nDCG@10_ci90_high,nDCG@10_ci95_low,nDCG@10_ci95_high,nDCG@100,nDCG@100_std,nDCG@100_stderr,nDCG@100_ci90_low,nDCG@100_ci90_high,nDCG@100_ci95_low,nDCG@100_ci95_high,RR@1,RR@3,RR@5,RR@10,RR@100,P@1,P@3,P@5,P@10,P@100,R@1,R@3,R@5,R@10,R@100,AP
0.15700808625336926,0.3639310323307161,0.00944717888456058,0.1414591468059798,0.17255702570075873,0.13847683163471844,0.17553934087202008,0.22699021593152272,0.3787594088475575,0.009832104359656962,0.21080773466417121,0.24317269719887422,0.20770390500713454,0.2462765268559109,0.254582855646711,0.37608927036213585,0.009762791018179106,0.23851445594410017,0.2706512553493219,0.2354325073409089,0.27373320395251316,0.28583407162188346,0.36727210515521913,0.009533908813682813,0.27014238496575826,0.30152575827800865,0.2671326906174342,0.3045354526263327,0.35163522704777495,0.32895185916989483,0.008539164791978323,0.33758077143682597,0.3656896826587239,0.33488510101286084,0.36838535308268905,0.15700808625336926,0.21203953279424978,0.22787511230907437,0.2409497604073075,0.2531159777379851,0.15700808625336926,0.09546271338724147,0.07088948787062058,0.04568733153638844,0.007964959568733018,0.15330188679245282,0.27920035938903864,0.3459119496855345,0.44008310871518413,0.7550539083557951,0.2485558323493985
