{
  "nDCG@1": 0.16307277628032346,
  "nDCG@1_std": 0.3695565932534578,
  "nDCG@1_stderr": 0.009593211169916337,
  "nDCG@1_ci90_low": 0.147283484957511,
  "nDCG@1_ci90_high": 0.17886206760313592,
  "nDCG@1_ci95_low": 0.14425506985467937,
  "nDCG@1_ci95_high": 0.18189048270596755,
  "nDCG@3": 0.2340617053831087,
  "nDCG@3_std": 0.38266118964920826,
  "nDCG@3_stderr": 0.009933389542636473,
  "nDCG@3_ci90_low": 0.21771252068012734,
  "nDCG@3_ci90_high": 0.2504108900860901,
  "nDCG@3_ci95_low": 0.2145767169976684,
  "nDCG@3_ci95_high": 0.253546693768549,
  "nDCG@5": 0.2616789419357275,
  "nDCG@5_std": 0.3794319814733714,
  "nDCG@5_stderr": 0.009849563475105927,
  "nDCG@5_ci90_low": 0.2454677250286429,
  "nDCG@5_ci90_high": 0.2778901588428121,
  "nDCG@5_ci95_low": 0.24235838382307767,
  "nDCG@5_ci95_high": 0.2809995000483773,
  "nDCG@10": 0.295937403563433,
  "nDCG@10_std": 0.3692099200665318,
  "nDCG@10_stderr": 0.009584211982376885,
  "nDCG@10_ci90_low": 0.2801629238392826,
  "nDCG@10_ci90_high": 0.3117118832875834,
  "nDCG@10_ci95_low": 0.27713734962830405,
  "nDCG@10_ci95_high": 0.31473745749856197,
  "nDCG@100": 0.3608812467305493,
  "nDCG@100_std": 0.3295905875397496,
  "nDCG@100_stderr": 0.00855574535431734,
  "nDCG@100_ci90_low": 0.3467995014744096,
  "nDCG@100_ci90_high": 0.374962991986689,
  "nDCG@100_ci95_low": 0.34409859684632743,
  "nDCG@100_ci95_high": 0.3776638966147711,
  "RR@1": 0.16307277628032346,
  "RR@3": 0.21911500449236296,
  "RR@5": 0.23478212039532761,
  "RR@10": 0.24892851794805945,
  "RR@100": 0.2610281237759538,
  "P@1": 0.16307277628032346,
  "P@3": 0.0983827493261454,
  "P@5": 0.07277628032345079,
  "P@10": 0.04757412398921851,
  "P@100": 0.008119946091644065,
  "R@1": 0.158355795148248,
  "R@3": 0.28694968553459116,
  "R@5": 0.35382973944294693,
  "R@10": 0.4586141060197663,
  "R@100": 0.7696540880503145,
  "AP": 0.2559037605664651
}