nDCG@1,nDCG@3,nDCG@5,nDCG@10,nDCG@100,RR@1,RR@3,RR@5,RR@10,RR@100,P@1,P@3,P@5,P@10,P@100,R@1,R@3,R@5,R@10,R@100,AP
0.14622641509433962,0.204949618517628,0.2363329260324367,0.26731194634926386,0.3298404132083503,0.14622641509433962,0.19317160826594795,0.21055705300988298,0.22386567834681018,0.23516018053094065,0.14622641509433962,0.08535489667565092,0.06698113207547228,0.04353099730458261,0.007628032345013347,0.14128481581311772,0.24921383647798742,0.324685534591195,0.4195867026055705,0.7236635220125787,0.2296888334811445
