nDCG@1,nDCG@3,nDCG@5,nDCG@10,nDCG@100,RR@1,RR@3,RR@5,RR@10,RR@100,P@1,P@3,P@5,P@10,P@100,R@1,R@3,R@5,R@10,R@100,AP
0.14892183288409702,0.22100125481721786,0.24875297276369326,0.2788038308624626,0.34342528254481375,0.1495956873315364,0.20552560646900273,0.22115902964959544,0.2340034441449536,0.2461133636257847,0.14892183288409702,0.09366576819406981,0.0698113207547176,0.04481132075471732,0.007803234501347576,0.1456648697214735,0.2738095238095238,0.34052111410601976,0.43132300089847253,0.7398921832884097,0.2418356986786943
