nDCG@1,nDCG@1_std,nDCG@1_stderr,nDCG@1_ci90_low,nDCG@1_ci90_high,nDCG@1_ci95_low,nDCG@1_ci95_high,nDCG@3,nDCG@3_std,nDCG@3_stderr,nDCG@3_ci90_low,nDCG@3_ci90_high,nDCG@3_ci95_low,nDCG@3_ci95_high,nDCG@5,nDCG@5_std,nDCG@5_stderr,nDCG@5_ci90_low,nDCG@5_ci90_high,nDCG@5_ci95_low,nDCG@5_ci95_high,nDCG@10,nDCG@10_std,nDCG@10_stderr,nDCG@10_ci90_low,nDCG@10_ci90_high,nDCG@10_ci95_low,nDCG@10_ci95_high,nDCG@100,nDCG@100_std,nDCG@100_stderr,nDCG@100_ci90_low,nDCG@100_ci90_high,nDCG@100_ci95_low,nDCG@100_ci95_high,RR@1,RR@3,RR@5,RR@10,RR@100,P@1,P@3,P@5,P@10,P@100,R@1,R@3,R@5,R@10,R@100,AP
0.14622641509433962,0.35345216678356567,0.009175161088504023,0.13112518477696442,0.16132764541171482,0.1282287410399106,0.16422408914876863,0.204949618517628,0.3673368133549888,0.009535588554854119,0.18925516720614072,0.22064406982911527,0.18624494259183563,0.22365429444342036,0.2363329260324367,0.3662876071822309,0.009508352519670887,0.22068330201458128,0.25198255005029213,0.21768167535760552,0.25498417670726786,0.26731194634926386,0.3583909733003088,0.009303366117740184,0.25199970571221514,0.2826241869863126,0.2490627898079255,0.2855611028906022,0.3298404132083503,0.32468470226132795,0.0084283949178471,0.315968271713235,0.34371255470346557,0.313307569471854,0.34637325694484655,0.14622641509433962,0.19317160826594795,0.21055705300988298,0.22386567834681018,0.23516018053094065,0.14622641509433962,0.08535489667565092,0.06698113207547228,0.04353099730458261,0.007628032345013347,0.14128481581311772,0.24921383647798742,0.324685534591195,0.4195867026055705,0.7236635220125787,0.2296888334811445
