nDCG@1,nDCG@1_std,nDCG@1_stderr,nDCG@1_ci90_low,nDCG@1_ci90_high,nDCG@1_ci95_low,nDCG@1_ci95_high,nDCG@3,nDCG@3_std,nDCG@3_stderr,nDCG@3_ci90_low,nDCG@3_ci90_high,nDCG@3_ci95_low,nDCG@3_ci95_high,nDCG@5,nDCG@5_std,nDCG@5_stderr,nDCG@5_ci90_low,nDCG@5_ci90_high,nDCG@5_ci95_low,nDCG@5_ci95_high,nDCG@10,nDCG@10_std,nDCG@10_stderr,nDCG@10_ci90_low,nDCG@10_ci90_high,nDCG@10_ci95_low,nDCG@10_ci95_high,nDCG@100,nDCG@100_std,nDCG@100_stderr,nDCG@100_ci90_low,nDCG@100_ci90_high,nDCG@100_ci95_low,nDCG@100_ci95_high,RR@1,RR@3,RR@5,RR@10,RR@100,P@1,P@3,P@5,P@10,P@100,R@1,R@3,R@5,R@10,R@100,AP
0.16307277628032346,0.3695565932534578,0.009593211169916337,0.147283484957511,0.17886206760313592,0.14425506985467937,0.18189048270596755,0.2362876899398706,0.382943385174415,0.009940714973474226,0.2199264484438599,0.2526489314358813,0.21678833224633265,0.25578704763340854,0.26405890974377966,0.3794728552761373,0.00985062450615884,0.24784594650503403,0.2802718729825253,0.24473627034984574,0.2833815491377136,0.2967914531777403,0.36958056601559136,0.009593833471814535,0.2810011376195819,0.3125817687358987,0.27797252606652795,0.31561038028895266,0.3636845746082715,0.32879903863095955,0.008535197768448313,0.349636648249008,0.3777325009675351,0.34694223014751957,0.3804269190690235,0.1623989218328841,0.22068733153638817,0.23638814016172485,0.24994304325503766,0.26278963756757434,0.16307277628032346,0.09950584007187768,0.07358490566037804,0.04730458221024279,0.008180592991913605,0.1580188679245283,0.29031895777178796,0.35787286612758307,0.4570979335130278,0.7750449236298294,0.25783473017866326
