{
  "nDCG@1": 0.1637466307277628,
  "nDCG@1_std": 0.3701702408858123,
  "nDCG@1_stderr": 0.009609140668749709,
  "nDCG@1_ci90_low": 0.14793112133331077,
  "nDCG@1_ci90_high": 0.17956214012221483,
  "nDCG@1_ci95_low": 0.14489767755613922,
  "nDCG@1_ci95_high": 0.18259558389938638,
  "nDCG@3": 0.2317355103719144,
  "nDCG@3_std": 0.3817257369716694,
  "nDCG@3_stderr": 0.009909106401058373,
  "nDCG@3_ci90_low": 0.21542629284882917,
  "nDCG@3_ci90_high": 0.24804472789499962,
  "nDCG@3_ci95_low": 0.2122981549449502,
  "nDCG@3_ci95_high": 0.2511728657988786,
  "nDCG@5": 0.2604307198227032,
  "nDCG@5_std": 0.37857270217977035,
  "nDCG@5_stderr": 0.009827257696050869,
  "nDCG@5_ci90_low": 0.24425621559059726,
  "nDCG@5_ci90_high": 0.2766052240548092,
  "nDCG@5_ci95_low": 0.2411539159435857,
  "nDCG@5_ci95_high": 0.2797075237018207,
  "nDCG@10": 0.2932978780892744,
  "nDCG@10_std": 0.36847380004119323,
  "nDCG@10_stderr": 0.009565103258629575,
  "nDCG@10_ci90_low": 0.27755484906507305,
  "nDCG@10_ci90_high": 0.3090409071134757,
  "nDCG@10_ci95_low": 0.2745353071561639,
  "nDCG@10_ci95_high": 0.31206044902238483,
  "nDCG@100": 0.35915898556141695,
  "nDCG@100_std": 0.32883336133944724,
  "nDCG@100_stderr": 0.008536088741567065,
  "nDCG@100_ci90_low": 0.34510959276574504,
  "nDCG@100_ci90_high": 0.37320837835708887,
  "nDCG@100_ci95_low": 0.34241489339905756,
  "nDCG@100_ci95_high": 0.37590307772377635,
  "RR@1": 0.16307277628032346,
  "RR@3": 0.21709344115004478,
  "RR@5": 0.23346810422282077,
  "RR@10": 0.24742411115389515,
  "RR@100": 0.2596163121430679,
  "P@1": 0.1637466307277628,
  "P@3": 0.09725965858041312,
  "P@5": 0.07291105121293867,
  "P@10": 0.047035040431267064,
  "P@100": 0.008099730458220884,
  "R@1": 0.158355795148248,
  "R@3": 0.2839173405211141,
  "R@5": 0.3531558849955076,
  "R@10": 0.4529424977538185,
  "R@100": 0.768137915543576,
  "AP": 0.25411628071567405
}