{
  "nDCG@1": 0.16307277628032346,
  "nDCG@3": 0.2340617053831087,
  "nDCG@5": 0.2616789419357275,
  "nDCG@10": 0.295937403563433,
  "nDCG@100": 0.3608812467305493,
  "RR@1": 0.16307277628032346,
  "RR@3": 0.21911500449236296,
  "RR@5": 0.23478212039532761,
  "RR@10": 0.24892851794805945,
  "RR@100": 0.2610281237759538,
  "P@1": 0.16307277628032346,
  "P@3": 0.0983827493261454,
  "P@5": 0.07277628032345079,
  "P@10": 0.04757412398921851,
  "P@100": 0.008119946091644065,
  "R@1": 0.158355795148248,
  "R@3": 0.28694968553459116,
  "R@5": 0.35382973944294693,
  "R@10": 0.4586141060197663,
  "R@100": 0.7696540880503145,
  "AP": 0.2559037605664651
}