nDCG@1,nDCG@1_std,nDCG@1_stderr,nDCG@1_ci90_low,nDCG@1_ci90_high,nDCG@1_ci95_low,nDCG@1_ci95_high,nDCG@3,nDCG@3_std,nDCG@3_stderr,nDCG@3_ci90_low,nDCG@3_ci90_high,nDCG@3_ci95_low,nDCG@3_ci95_high,nDCG@5,nDCG@5_std,nDCG@5_stderr,nDCG@5_ci90_low,nDCG@5_ci90_high,nDCG@5_ci95_low,nDCG@5_ci95_high,nDCG@10,nDCG@10_std,nDCG@10_stderr,nDCG@10_ci90_low,nDCG@10_ci90_high,nDCG@10_ci95_low,nDCG@10_ci95_high,nDCG@100,nDCG@100_std,nDCG@100_stderr,nDCG@100_ci90_low,nDCG@100_ci90_high,nDCG@100_ci95_low,nDCG@100_ci95_high,RR@1,RR@3,RR@5,RR@10,RR@100,P@1,P@3,P@5,P@10,P@100,R@1,R@3,R@5,R@10,R@100,AP
0.16307277628032346,0.3695565932534578,0.009593211169916337,0.147283484957511,0.17886206760313592,0.14425506985467937,0.18189048270596755,0.2340617053831087,0.38266118964920826,0.009933389542636473,0.21771252068012734,0.2504108900860901,0.2145767169976684,0.253546693768549,0.2616789419357275,0.3794319814733714,0.009849563475105927,0.2454677250286429,0.2778901588428121,0.24235838382307767,0.2809995000483773,0.295937403563433,0.3692099200665318,0.009584211982376885,0.2801629238392826,0.3117118832875834,0.27713734962830405,0.31473745749856197,0.3608812467305493,0.3295905875397496,0.00855574535431734,0.3467995014744096,0.374962991986689,0.34409859684632743,0.3776638966147711,0.16307277628032346,0.21911500449236296,0.23478212039532761,0.24892851794805945,0.2610281237759538,0.16307277628032346,0.0983827493261454,0.07277628032345079,0.04757412398921851,0.008119946091644065,0.158355795148248,0.28694968553459116,0.35382973944294693,0.4586141060197663,0.7696540880503145,0.2559037605664651
