{
  "nDCG@1": 0.6509433962264151,
  "nDCG@1_std": 0.47683257538992574,
  "nDCG@1_stderr": 0.012377956913552668,
  "nDCG@1_ci90_low": 0.6305707426667616,
  "nDCG@1_ci90_high": 0.6713160497860685,
  "nDCG@1_ci95_low": 0.6266632302608266,
  "nDCG@1_ci95_high": 0.6752235621920035,
  "nDCG@3": 0.7393569865048933,
  "nDCG@3_std": 0.3896161924994256,
  "nDCG@3_stderr": 0.010113932420906122,
  "nDCG@3_ci90_low": 0.722710649570947,
  "nDCG@3_ci90_high": 0.7560033234388397,
  "nDCG@3_ci95_low": 0.7195178515443028,
  "nDCG@3_ci95_high": 0.7591961214654839,
  "nDCG@5": 0.7594885038502655,
  "nDCG@5_std": 0.36209087854009253,
  "nDCG@5_stderr": 0.009399410872243,
  "nDCG@5_ci90_low": 0.7440181849032522,
  "nDCG@5_ci90_high": 0.7749588227972787,
  "nDCG@5_ci95_low": 0.7410509492884993,
  "nDCG@5_ci95_high": 0.7779260584120316,
  "nDCG@10": 0.7779011003658514,
  "nDCG@10_std": 0.33184619083256167,
  "nDCG@10_stderr": 0.0086142978983621,
  "nDCG@10_ci90_low": 0.7637229845452324,
  "nDCG@10_ci90_high": 0.7920792161864704,
  "nDCG@10_ci95_low": 0.7610035958657149,
  "nDCG@10_ci95_high": 0.7947986048659879,
  "nDCG@100": 0.7942579385407553,
  "nDCG@100_std": 0.29863306308446397,
  "nDCG@100_stderr": 0.007752128060460208,
  "nDCG@100_ci90_low": 0.781498852333814,
  "nDCG@100_ci90_high": 0.8070170247476967,
  "nDCG@100_ci95_low": 0.7790516361429515,
  "nDCG@100_ci95_high": 0.8094642409385592,
  "RR@1": 0.6509433962264151,
  "RR@3": 0.7233827493261462,
  "RR@5": 0.7337601078167129,
  "RR@10": 0.741056454028153,
  "RR@100": 0.7442246319745287,
  "P@1": 0.6509433962264151,
  "P@3": 0.2805480682839135,
  "P@5": 0.1791105121293762,
  "P@10": 0.09575471698112988,
  "P@100": 0.010384097035040245,
  "R@1": 0.6321316262353998,
  "R@3": 0.8007637017070979,
  "R@5": 0.8489442946990117,
  "R@10": 0.9033018867924528,
  "R@100": 0.9760220125786162,
  "AP": 0.7388163536688728
}