nDCG@1,nDCG@1_std,nDCG@1_stderr,nDCG@1_ci90_low,nDCG@1_ci90_high,nDCG@1_ci95_low,nDCG@1_ci95_high,nDCG@3,nDCG@3_std,nDCG@3_stderr,nDCG@3_ci90_low,nDCG@3_ci90_high,nDCG@3_ci95_low,nDCG@3_ci95_high,nDCG@5,nDCG@5_std,nDCG@5_stderr,nDCG@5_ci90_low,nDCG@5_ci90_high,nDCG@5_ci95_low,nDCG@5_ci95_high,nDCG@10,nDCG@10_std,nDCG@10_stderr,nDCG@10_ci90_low,nDCG@10_ci90_high,nDCG@10_ci95_low,nDCG@10_ci95_high,nDCG@100,nDCG@100_std,nDCG@100_stderr,nDCG@100_ci90_low,nDCG@100_ci90_high,nDCG@100_ci95_low,nDCG@100_ci95_high,RR@1,RR@3,RR@5,RR@10,RR@100,P@1,P@3,P@5,P@10,P@100,R@1,R@3,R@5,R@10,R@100,AP
0.6185983827493261,0.4858945526296811,0.0126131941217773,0.5978385565584403,0.6393582089402119,0.5938567837300548,0.6433399817685974,0.6945494456619524,0.4181231828240107,0.010853937018293852,0.6766851486558859,0.7124137426680189,0.6732587436483048,0.7158401476756,0.7191839313453029,0.3890052707650766,0.010098073682859249,0.7025636960191081,0.7358041666714977,0.6993759043288159,0.7389919583617899,0.73826823464026,0.36230585327255627,0.00940499133824569,0.7227887309060184,0.7537477383745017,0.7198197336321898,0.7567167356483303,0.7598351838000655,0.32372952261074933,0.008403599689564098,0.7460038523190156,0.7736665152811155,0.7433509775133577,0.7763193900867734,0.6185983827493261,0.681266846361187,0.6943059299191391,0.7016282141787545,0.7057684390184277,0.6185983827493261,0.26280323450134485,0.17061994609164072,0.09157681940700609,0.010249326145552379,0.6005727762803235,0.7502246181491464,0.8087376460017969,0.8657906558849955,0.9645664869721474,0.6996209945741863
