{
  "nDCG@1": 0.637466307277628,
  "nDCG@1_std": 0.48089380237997864,
  "nDCG@1_stderr": 0.012483381113352617,
  "nDCG@1_ci90_low": 0.616920137950039,
  "nDCG@1_ci90_high": 0.658012476605217,
  "nDCG@1_ci95_low": 0.6129793449008216,
  "nDCG@1_ci95_high": 0.6619532696544344,
  "nDCG@3": 0.7111027667444035,
  "nDCG@3_std": 0.41224809341170127,
  "nDCG@3_stderr": 0.010701427296093418,
  "nDCG@3_ci90_low": 0.6934894827089402,
  "nDCG@3_ci90_high": 0.7287160507798669,
  "nDCG@3_ci95_low": 0.6901112224505843,
  "nDCG@3_ci95_high": 0.7320943110382228,
  "nDCG@5": 0.736197698393114,
  "nDCG@5_std": 0.38142603548122833,
  "nDCG@5_stderr": 0.00990132653800566,
  "nDCG@5_ci90_low": 0.7199012856047537,
  "nDCG@5_ci90_high": 0.7524941111814742,
  "nDCG@5_ci95_low": 0.7167756036725352,
  "nDCG@5_ci95_high": 0.7556197931136928,
  "nDCG@10": 0.7538808296091767,
  "nDCG@10_std": 0.35483509106255456,
  "nDCG@10_stderr": 0.00921106001408819,
  "nDCG@10_ci90_low": 0.7387205139048352,
  "nDCG@10_ci90_high": 0.7690411453135182,
  "nDCG@10_ci95_low": 0.7358127374819383,
  "nDCG@10_ci95_high": 0.771948921736415,
  "nDCG@100": 0.7730404720282747,
  "nDCG@100_std": 0.3191396767312587,
  "nDCG@100_stderr": 0.008284453227119237,
  "nDCG@100_ci90_low": 0.7594052415370085,
  "nDCG@100_ci90_high": 0.786675702519541,
  "nDCG@100_ci95_low": 0.7567899792617042,
  "nDCG@100_ci95_high": 0.7892909647948453,
  "RR@1": 0.637466307277628,
  "RR@3": 0.6975516621743045,
  "RR@5": 0.7106244384546285,
  "RR@10": 0.7175884032858436,
  "RR@100": 0.7212463183126524,
  "P@1": 0.637466307277628,
  "P@3": 0.2679694519317131,
  "P@5": 0.17425876010781313,
  "P@10": 0.09299191374662864,
  "P@100": 0.010256064690026772,
  "R@1": 0.619777628032345,
  "R@3": 0.7647124887690925,
  "R@5": 0.8242362982929021,
  "R@10": 0.8779761904761906,
  "R@100": 0.9647911051212938,
  "AP": 0.7163368185906817
}