{
  "nDCG@1": 0.601078167115903,
  "nDCG@1_std": 0.48984170102712576,
  "nDCG@1_stderr": 0.01271565698886438,
  "nDCG@1_ci90_low": 0.5801496991605909,
  "nDCG@1_ci90_high": 0.6220066350712151,
  "nDCG@1_ci95_low": 0.5761355805317565,
  "nDCG@1_ci95_high": 0.6260207537000495,
  "nDCG@3": 0.6821191050164349,
  "nDCG@3_std": 0.42112033197294974,
  "nDCG@3_stderr": 0.010931739133635326,
  "nDCG@3_ci90_low": 0.6641267549275269,
  "nDCG@3_ci90_high": 0.7001114551053429,
  "nDCG@3_ci95_low": 0.6606757891032433,
  "nDCG@3_ci95_high": 0.7035624209296265,
  "nDCG@5": 0.7110961123524306,
  "nDCG@5_std": 0.3873273666139056,
  "nDCG@5_stderr": 0.010054517461325343,
  "nDCG@5_ci90_low": 0.6945475654169674,
  "nDCG@5_ci90_high": 0.7276446592878939,
  "nDCG@5_ci95_low": 0.6913735236918098,
  "nDCG@5_ci95_high": 0.7308187010130515,
  "nDCG@10": 0.7301323387740563,
  "nDCG@10_std": 0.36109000299344274,
  "nDCG@10_stderr": 0.00937342943760186,
  "nDCG@10_ci90_low": 0.7147047821965216,
  "nDCG@10_ci90_high": 0.745559895351591,
  "nDCG@10_ci95_low": 0.7117457484828493,
  "nDCG@10_ci95_high": 0.7485189290652632,
  "nDCG@100": 0.7515550765672494,
  "nDCG@100_std": 0.3231983051398401,
  "nDCG@100_stderr": 0.008389809971105238,
  "nDCG@100_ci90_low": 0.7377464413323417,
  "nDCG@100_ci90_high": 0.7653637118021571,
  "nDCG@100_ci95_low": 0.7350979197084188,
  "nDCG@100_ci95_high": 0.76801223342608,
  "RR@1": 0.601078167115903,
  "RR@3": 0.667902066486973,
  "RR@5": 0.6834007187780787,
  "RR@10": 0.6906609656441203,
  "RR@100": 0.6947181869042051,
  "P@1": 0.601078167115903,
  "P@3": 0.2594339622641482,
  "P@5": 0.17088948787061647,
  "P@10": 0.09191374663072575,
  "P@100": 0.010262803234501164,
  "R@1": 0.58338948787062,
  "R@3": 0.7411275831087152,
  "R@5": 0.8103661275831087,
  "R@10": 0.8669137466307277,
  "R@100": 0.965071877807727,
  "AP": 0.6882276918611596
}