nDCG@1,nDCG@1_std,nDCG@1_stderr,nDCG@1_ci90_low,nDCG@1_ci90_high,nDCG@1_ci95_low,nDCG@1_ci95_high,nDCG@3,nDCG@3_std,nDCG@3_stderr,nDCG@3_ci90_low,nDCG@3_ci90_high,nDCG@3_ci95_low,nDCG@3_ci95_high,nDCG@5,nDCG@5_std,nDCG@5_stderr,nDCG@5_ci90_low,nDCG@5_ci90_high,nDCG@5_ci95_low,nDCG@5_ci95_high,nDCG@10,nDCG@10_std,nDCG@10_stderr,nDCG@10_ci90_low,nDCG@10_ci90_high,nDCG@10_ci95_low,nDCG@10_ci95_high,nDCG@100,nDCG@100_std,nDCG@100_stderr,nDCG@100_ci90_low,nDCG@100_ci90_high,nDCG@100_ci95_low,nDCG@100_ci95_high,RR@1,RR@3,RR@5,RR@10,RR@100,P@1,P@3,P@5,P@10,P@100,R@1,R@3,R@5,R@10,R@100,AP
0.601078167115903,0.48984170102712576,0.01271565698886438,0.5801496991605909,0.6220066350712151,0.5761355805317565,0.6260207537000495,0.6821191050164349,0.42112033197294974,0.010931739133635326,0.6641267549275269,0.7001114551053429,0.6606757891032433,0.7035624209296265,0.7110961123524306,0.3873273666139056,0.010054517461325343,0.6945475654169674,0.7276446592878939,0.6913735236918098,0.7308187010130515,0.7301323387740563,0.36109000299344274,0.00937342943760186,0.7147047821965216,0.745559895351591,0.7117457484828493,0.7485189290652632,0.7515550765672494,0.3231983051398401,0.008389809971105238,0.7377464413323417,0.7653637118021571,0.7350979197084188,0.76801223342608,0.601078167115903,0.667902066486973,0.6834007187780787,0.6906609656441203,0.6947181869042051,0.601078167115903,0.2594339622641482,0.17088948787061647,0.09191374663072575,0.010262803234501164,0.58338948787062,0.7411275831087152,0.8103661275831087,0.8669137466307277,0.965071877807727,0.6882276918611596
