nDCG@1,nDCG@1_std,nDCG@1_stderr,nDCG@1_ci90_low,nDCG@1_ci90_high,nDCG@1_ci95_low,nDCG@1_ci95_high,nDCG@3,nDCG@3_std,nDCG@3_stderr,nDCG@3_ci90_low,nDCG@3_ci90_high,nDCG@3_ci95_low,nDCG@3_ci95_high,nDCG@5,nDCG@5_std,nDCG@5_stderr,nDCG@5_ci90_low,nDCG@5_ci90_high,nDCG@5_ci95_low,nDCG@5_ci95_high,nDCG@10,nDCG@10_std,nDCG@10_stderr,nDCG@10_ci90_low,nDCG@10_ci90_high,nDCG@10_ci95_low,nDCG@10_ci95_high,nDCG@100,nDCG@100_std,nDCG@100_stderr,nDCG@100_ci90_low,nDCG@100_ci90_high,nDCG@100_ci95_low,nDCG@100_ci95_high,RR@1,RR@3,RR@5,RR@10,RR@100,P@1,P@3,P@5,P@10,P@100,R@1,R@3,R@5,R@10,R@100,AP
0.6132075471698113,0.48717962453772073,0.012646552926375587,0.5923928163307681,0.6340222780088545,0.5884005126899291,0.6380145816496935,0.6953229687914877,0.4141033481537988,0.010749587309579428,0.6776304190680735,0.7130155185149019,0.6742369555050461,0.7164089820779292,0.7210407150943741,0.38348379928375226,0.009954743424771586,0.7046563844261958,0.7374250457625523,0.7015138396829995,0.7405675905057486,0.7411697036759646,0.35457212082508166,0.009204233646853686,0.7260206233649686,0.7563187839869605,0.7231150019111707,0.7592244054407584,0.7613079577668102,0.31790983872927703,0.008252528223281715,0.7477252720571759,0.7748906434764444,0.7451200879675871,0.7774958275660332,0.6132075471698113,0.6809299191374675,0.6942722371967673,0.7021178282633819,0.7059358643626713,0.6132075471698113,0.26460017969451644,0.1725067385444708,0.09278975741239687,0.010296495956873132,0.5955188679245284,0.755503144654088,0.8173854447439353,0.8770777178796048,0.9689465408805032,0.6993407732162089
