nDCG@1,nDCG@1_std,nDCG@1_stderr,nDCG@1_ci90_low,nDCG@1_ci90_high,nDCG@1_ci95_low,nDCG@1_ci95_high,nDCG@3,nDCG@3_std,nDCG@3_stderr,nDCG@3_ci90_low,nDCG@3_ci90_high,nDCG@3_ci95_low,nDCG@3_ci95_high,nDCG@5,nDCG@5_std,nDCG@5_stderr,nDCG@5_ci90_low,nDCG@5_ci90_high,nDCG@5_ci95_low,nDCG@5_ci95_high,nDCG@10,nDCG@10_std,nDCG@10_stderr,nDCG@10_ci90_low,nDCG@10_ci90_high,nDCG@10_ci95_low,nDCG@10_ci95_high,nDCG@100,nDCG@100_std,nDCG@100_stderr,nDCG@100_ci90_low,nDCG@100_ci90_high,nDCG@100_ci95_low,nDCG@100_ci95_high,RR@1,RR@3,RR@5,RR@10,RR@100,P@1,P@3,P@5,P@10,P@100,R@1,R@3,R@5,R@10,R@100,AP
0.6765498652291105,0.46795053604781744,0.012147390660416141,0.6565566964608893,0.6965430339973318,0.652721969935598,0.7003777605226231,0.7521345544955773,0.3853620689686526,0.01000350087640483,0.7356699748268966,0.7685991341642581,0.7325120381778738,0.7717570708132808,0.771561942394927,0.35906326903453845,0.009320818045441758,0.7562209779483275,0.7869029068415265,0.7532785527645601,0.789845332025294,0.7885189604316395,0.33019490285323466,0.008571432598223445,0.7744113958268273,0.8026265250364517,0.7717055390002033,0.8053323818630757,0.8045513832935246,0.2965516929971173,0.007698098385073062,0.791881223544018,0.8172215430430312,0.7894510636111743,0.8196517029758749,0.6765498652291105,0.7393306379155441,0.7488656783468112,0.7552715740384207,0.7584671442065749,0.6765498652291105,0.28301886792452446,0.18059299191374273,0.09602425876010559,0.010377358490565853,0.6563342318059299,0.8080637915543575,0.8539982030548069,0.9056603773584906,0.977369721473495,0.7520505537931983
