nDCG@1,nDCG@1_std,nDCG@1_stderr,nDCG@1_ci90_low,nDCG@1_ci90_high,nDCG@1_ci95_low,nDCG@1_ci95_high,nDCG@3,nDCG@3_std,nDCG@3_stderr,nDCG@3_ci90_low,nDCG@3_ci90_high,nDCG@3_ci95_low,nDCG@3_ci95_high,nDCG@5,nDCG@5_std,nDCG@5_stderr,nDCG@5_ci90_low,nDCG@5_ci90_high,nDCG@5_ci95_low,nDCG@5_ci95_high,nDCG@10,nDCG@10_std,nDCG@10_stderr,nDCG@10_ci90_low,nDCG@10_ci90_high,nDCG@10_ci95_low,nDCG@10_ci95_high,nDCG@100,nDCG@100_std,nDCG@100_stderr,nDCG@100_ci90_low,nDCG@100_ci90_high,nDCG@100_ci95_low,nDCG@100_ci95_high,RR@1,RR@3,RR@5,RR@10,RR@100,P@1,P@3,P@5,P@10,P@100,R@1,R@3,R@5,R@10,R@100,AP
0.5680592991913747,0.4955132546738096,0.012862883185845882,0.5468885143232669,0.5892300840594824,0.5428279188650816,0.5932906795176677,0.6436563422264173,0.44027199292475805,0.011428891480851956,0.6248457381552933,0.6624669462975413,0.6212378297129383,0.6660748547398964,0.6650920161254332,0.4189142625142885,0.010874472423857195,0.6471939202698336,0.6829901119810329,0.643761032580776,0.6864229996700905,0.6865616332988608,0.3934800522149186,0.010214233221536771,0.6697502131062414,0.7033730534914802,0.6665257518070937,0.7065975147906278,0.7133276848832841,0.35227831108858754,0.00914468931294782,0.6982766075056137,0.7283787622609545,0.6953897831945968,0.7312655865719715,0.5680592991913747,0.6299415992812227,0.6412623539982041,0.6497120074444876,0.6551807096852621,0.5680592991913747,0.24415992812219045,0.15795148247978152,0.08611859838274759,0.009925876010781496,0.5525606469002695,0.6971585804132974,0.7483153638814016,0.8130615453728661,0.9341307277628033,0.6501415948583825
