{
  "nDCG@1": 0.6637466307277629,
  "nDCG@1_std": 0.47258601113290716,
  "nDCG@1_stderr": 0.012267721598020743,
  "nDCG@1_ci90_low": 0.6435554114636927,
  "nDCG@1_ci90_high": 0.683937849991833,
  "nDCG@1_ci95_low": 0.6396826984892003,
  "nDCG@1_ci95_high": 0.6878105629663254,
  "nDCG@3": 0.7361194321649072,
  "nDCG@3_std": 0.39860371659832455,
  "nDCG@3_stderr": 0.010347236921893111,
  "nDCG@3_ci90_low": 0.7190891036073261,
  "nDCG@3_ci90_high": 0.7531497607224882,
  "nDCG@3_ci95_low": 0.7158226552813365,
  "nDCG@3_ci95_high": 0.7564162090484778,
  "nDCG@5": 0.7568243927101914,
  "nDCG@5_std": 0.3710844350512804,
  "nDCG@5_stderr": 0.009632871966850582,
  "nDCG@5_ci90_low": 0.740969824404959,
  "nDCG@5_ci90_high": 0.7726789610154239,
  "nDCG@5_ci95_low": 0.7379288890568937,
  "nDCG@5_ci95_high": 0.7757198963634891,
  "nDCG@10": 0.7746512883968798,
  "nDCG@10_std": 0.3429024348402783,
  "nDCG@10_stderr": 0.008901303692463584,
  "nDCG@10_ci90_low": 0.7600007949735854,
  "nDCG@10_ci90_high": 0.7893017818201742,
  "nDCG@10_ci95_low": 0.7571908034014534,
  "nDCG@10_ci95_high": 0.7921117733923062,
  "nDCG@100": 0.7925944918328991,
  "nDCG@100_std": 0.30705090301712357,
  "nDCG@100_stderr": 0.00797064429733106,
  "nDCG@100_ci90_low": 0.7794757537365531,
  "nDCG@100_ci90_high": 0.8057132299292451,
  "nDCG@100_ci95_low": 0.7769595556521167,
  "nDCG@100_ci95_high": 0.8082294280136815,
  "RR@1": 0.6637466307277629,
  "RR@3": 0.7228212039532801,
  "RR@5": 0.733636567834682,
  "RR@10": 0.7403494416634585,
  "RR@100": 0.7439657474769751,
  "P@1": 0.6637466307277629,
  "P@3": 0.27650494159927785,
  "P@5": 0.1772237196765461,
  "P@10": 0.09467654986522694,
  "P@100": 0.010336927223719492,
  "R@1": 0.6443733153638814,
  "R@3": 0.7895327942497753,
  "R@5": 0.8387241689128482,
  "R@10": 0.8926325247079965,
  "R@100": 0.9733265947888589,
  "AP": 0.7388640509000037
}