{
  "nDCG@1": 0.6111859838274932,
  "nDCG@1_std": 0.4876452790554557,
  "nDCG@1_stderr": 0.012658640715370312,
  "nDCG@1_ci90_low": 0.5903513579169766,
  "nDCG@1_ci90_high": 0.6320206097380099,
  "nDCG@1_ci95_low": 0.5863552383648536,
  "nDCG@1_ci95_high": 0.6360167292901329,
  "nDCG@3": 0.680068085079497,
  "nDCG@3_std": 0.42891413413433926,
  "nDCG@3_stderr": 0.011134056157105344,
  "nDCG@3_ci90_low": 0.661742745091112,
  "nDCG@3_ci90_high": 0.698393425067882,
  "nDCG@3_ci95_low": 0.6582279111919384,
  "nDCG@3_ci95_high": 0.7019082589670557,
  "nDCG@5": 0.705226116220902,
  "nDCG@5_std": 0.40074319664901553,
  "nDCG@5_stderr": 0.010402775056768235,
  "nDCG@5_ci90_low": 0.6881043784599232,
  "nDCG@5_ci90_high": 0.7223478539818808,
  "nDCG@5_ci95_low": 0.6848203976806747,
  "nDCG@5_ci95_high": 0.7256318347611294,
  "nDCG@10": 0.7262992001013119,
  "nDCG@10_std": 0.37233849453344114,
  "nDCG@10_stderr": 0.009665425728985067,
  "nDCG@10_ci90_low": 0.7103910521526325,
  "nDCG@10_ci90_high": 0.7422073480499912,
  "nDCG@10_ci95_low": 0.707339840130453,
  "nDCG@10_ci95_high": 0.7452585600721707,
  "nDCG@100": 0.7496226322262632,
  "nDCG@100_std": 0.3322994432926173,
  "nDCG@100_stderr": 0.008626063745980506,
  "nDCG@100_ci90_low": 0.735425151211611,
  "nDCG@100_ci90_high": 0.7638201132409155,
  "nDCG@100_ci95_low": 0.7327020482522769,
  "nDCG@100_ci95_high": 0.7665432162002496,
  "RR@1": 0.6111859838274932,
  "RR@3": 0.6685759209344121,
  "RR@5": 0.6818845462713399,
  "RR@10": 0.6903630791939422,
  "RR@100": 0.6947931017116776,
  "P@1": 0.6111859838274932,
  "P@3": 0.25516621743036594,
  "P@5": 0.16644204851751693,
  "P@10": 0.09009433962263955,
  "P@100": 0.010188679245282838,
  "R@1": 0.5936657681940701,
  "R@3": 0.7291666666666666,
  "R@5": 0.7892520215633423,
  "R@10": 0.851639712488769,
  "R@100": 0.9588387241689129,
  "AP": 0.6890207511695862
}