nDCG@1,nDCG@1_std,nDCG@1_stderr,nDCG@1_ci90_low,nDCG@1_ci90_high,nDCG@1_ci95_low,nDCG@1_ci95_high,nDCG@3,nDCG@3_std,nDCG@3_stderr,nDCG@3_ci90_low,nDCG@3_ci90_high,nDCG@3_ci95_low,nDCG@3_ci95_high,nDCG@5,nDCG@5_std,nDCG@5_stderr,nDCG@5_ci90_low,nDCG@5_ci90_high,nDCG@5_ci95_low,nDCG@5_ci95_high,nDCG@10,nDCG@10_std,nDCG@10_stderr,nDCG@10_ci90_low,nDCG@10_ci90_high,nDCG@10_ci95_low,nDCG@10_ci95_high,nDCG@100,nDCG@100_std,nDCG@100_stderr,nDCG@100_ci90_low,nDCG@100_ci90_high,nDCG@100_ci95_low,nDCG@100_ci95_high,RR@1,RR@3,RR@5,RR@10,RR@100,P@1,P@3,P@5,P@10,P@100,R@1,R@3,R@5,R@10,R@100,AP
0.6664420485175202,0.47164281118876045,0.012243237347421953,0.6462911274350159,0.6865929696000245,0.6424261437258323,0.6904579533092081,0.748414975177736,0.38684098887027296,0.010041891724190097,0.7318872087127808,0.7649427416426913,0.7287171527200696,0.7681127976354024,0.769433004530642,0.35805510877351127,0.009294647509037557,0.7541351136926644,0.7847308953686196,0.7512009501062173,0.7876650589550667,0.7885516887166161,0.32529603005328617,0.008444264196624305,0.7746534282649534,0.8024499491682787,0.7719877163596895,0.8051156610735426,0.8030544248593873,0.2944717864815812,0.007644106702117109,0.7904731290362659,0.8156357206825087,0.7880600133678708,0.8180488363509038,0.6664420485175202,0.7340521114106023,0.7444631626235408,0.7519327856928937,0.7547957774654065,0.6664420485175202,0.2825696316262315,0.1811320754716942,0.09683288409703278,0.010397574123989032,0.6480795148247979,0.8061545372866127,0.8559074573225516,0.9134097035040432,0.9787174303683737,0.7494632767392821
