{
  "nDCG@1": 0.6132075471698113,
  "nDCG@1_std": 0.48717962453772073,
  "nDCG@1_stderr": 0.012646552926375587,
  "nDCG@1_ci90_low": 0.5923928163307681,
  "nDCG@1_ci90_high": 0.6340222780088545,
  "nDCG@1_ci95_low": 0.5884005126899291,
  "nDCG@1_ci95_high": 0.6380145816496935,
  "nDCG@3": 0.6953229687914877,
  "nDCG@3_std": 0.4141033481537988,
  "nDCG@3_stderr": 0.010749587309579428,
  "nDCG@3_ci90_low": 0.6776304190680735,
  "nDCG@3_ci90_high": 0.7130155185149019,
  "nDCG@3_ci95_low": 0.6742369555050461,
  "nDCG@3_ci95_high": 0.7164089820779292,
  "nDCG@5": 0.7210407150943741,
  "nDCG@5_std": 0.38348379928375226,
  "nDCG@5_stderr": 0.009954743424771586,
  "nDCG@5_ci90_low": 0.7046563844261958,
  "nDCG@5_ci90_high": 0.7374250457625523,
  "nDCG@5_ci95_low": 0.7015138396829995,
  "nDCG@5_ci95_high": 0.7405675905057486,
  "nDCG@10": 0.7411697036759646,
  "nDCG@10_std": 0.35457212082508166,
  "nDCG@10_stderr": 0.009204233646853686,
  "nDCG@10_ci90_low": 0.7260206233649686,
  "nDCG@10_ci90_high": 0.7563187839869605,
  "nDCG@10_ci95_low": 0.7231150019111707,
  "nDCG@10_ci95_high": 0.7592244054407584,
  "nDCG@100": 0.7613079577668102,
  "nDCG@100_std": 0.31790983872927703,
  "nDCG@100_stderr": 0.008252528223281715,
  "nDCG@100_ci90_low": 0.7477252720571759,
  "nDCG@100_ci90_high": 0.7748906434764444,
  "nDCG@100_ci95_low": 0.7451200879675871,
  "nDCG@100_ci95_high": 0.7774958275660332,
  "RR@1": 0.6132075471698113,
  "RR@3": 0.6809299191374675,
  "RR@5": 0.6942722371967673,
  "RR@10": 0.7021178282633819,
  "RR@100": 0.7059358643626713,
  "P@1": 0.6132075471698113,
  "P@3": 0.26460017969451644,
  "P@5": 0.1725067385444708,
  "P@10": 0.09278975741239687,
  "P@100": 0.010296495956873132,
  "R@1": 0.5955188679245284,
  "R@3": 0.755503144654088,
  "R@5": 0.8173854447439353,
  "R@10": 0.8770777178796048,
  "R@100": 0.9689465408805032,
  "AP": 0.6993407732162089
}