{
  "nDCG@1": 0.6078167115902965,
  "nDCG@1_std": 0.4884017766607902,
  "nDCG@1_stderr": 0.0126782784147376,
  "nDCG@1_ci90_low": 0.5869497643485042,
  "nDCG@1_ci90_high": 0.6286836588320888,
  "nDCG@1_ci95_low": 0.5829474455056228,
  "nDCG@1_ci95_high": 0.6326859776749701,
  "nDCG@3": 0.6881115325508559,
  "nDCG@3_std": 0.418909612529907,
  "nDCG@3_stderr": 0.010874351716277023,
  "nDCG@3_ci90_low": 0.6702136353656613,
  "nDCG@3_ci90_high": 0.7060094297360505,
  "nDCG@3_ci95_low": 0.6667807857819525,
  "nDCG@3_ci95_high": 0.7094422793197592,
  "nDCG@5": 0.71541342651425,
  "nDCG@5_std": 0.3868890710498579,
  "nDCG@5_stderr": 0.010043139875381793,
  "nDCG@5_ci90_low": 0.6988836057400096,
  "nDCG@5_ci90_high": 0.7319432472884904,
  "nDCG@5_ci95_low": 0.6957131557270009,
  "nDCG@5_ci95_high": 0.7351136973014991,
  "nDCG@10": 0.7365784448369682,
  "nDCG@10_std": 0.3569943543808387,
  "nDCG@10_stderr": 0.00926711169700201,
  "nDCG@10_ci90_low": 0.7213258746898771,
  "nDCG@10_ci90_high": 0.7518310149840594,
  "nDCG@10_ci95_low": 0.7184004036952598,
  "nDCG@10_ci95_high": 0.7547564859786766,
  "nDCG@100": 0.7568077363106139,
  "nDCG@100_std": 0.3204236995183658,
  "nDCG@100_stderr": 0.00831778479789507,
  "nDCG@100_ci90_low": 0.7431176459948421,
  "nDCG@100_ci90_high": 0.7704978266263858,
  "nDCG@100_ci95_low": 0.740491861504343,
  "nDCG@100_ci95_high": 0.7731236111168849,
  "RR@1": 0.6078167115902965,
  "RR@3": 0.6740790655885005,
  "RR@5": 0.6884658580413313,
  "RR@10": 0.6967245860608405,
  "RR@100": 0.7005435015239793,
  "P@1": 0.6078167115902965,
  "P@3": 0.2614555256064662,
  "P@5": 0.17142857142856796,
  "P@10": 0.09272237196765293,
  "P@100": 0.010283018867924345,
  "R@1": 0.5904649595687331,
  "R@3": 0.74651841868823,
  "R@5": 0.8117138364779873,
  "R@10": 0.8744946091644205,
  "R@100": 0.9674303683737646,
  "AP": 0.694169860290321
}