{
  "nDCG@1": 0.6664420485175202,
  "nDCG@1_std": 0.47164281118876045,
  "nDCG@1_stderr": 0.012243237347421953,
  "nDCG@1_ci90_low": 0.6462911274350159,
  "nDCG@1_ci90_high": 0.6865929696000245,
  "nDCG@1_ci95_low": 0.6424261437258323,
  "nDCG@1_ci95_high": 0.6904579533092081,
  "nDCG@3": 0.748414975177736,
  "nDCG@3_std": 0.38684098887027296,
  "nDCG@3_stderr": 0.010041891724190097,
  "nDCG@3_ci90_low": 0.7318872087127808,
  "nDCG@3_ci90_high": 0.7649427416426913,
  "nDCG@3_ci95_low": 0.7287171527200696,
  "nDCG@3_ci95_high": 0.7681127976354024,
  "nDCG@5": 0.769433004530642,
  "nDCG@5_std": 0.35805510877351127,
  "nDCG@5_stderr": 0.009294647509037557,
  "nDCG@5_ci90_low": 0.7541351136926644,
  "nDCG@5_ci90_high": 0.7847308953686196,
  "nDCG@5_ci95_low": 0.7512009501062173,
  "nDCG@5_ci95_high": 0.7876650589550667,
  "nDCG@10": 0.7885516887166161,
  "nDCG@10_std": 0.32529603005328617,
  "nDCG@10_stderr": 0.008444264196624305,
  "nDCG@10_ci90_low": 0.7746534282649534,
  "nDCG@10_ci90_high": 0.8024499491682787,
  "nDCG@10_ci95_low": 0.7719877163596895,
  "nDCG@10_ci95_high": 0.8051156610735426,
  "nDCG@100": 0.8030544248593873,
  "nDCG@100_std": 0.2944717864815812,
  "nDCG@100_stderr": 0.007644106702117109,
  "nDCG@100_ci90_low": 0.7904731290362659,
  "nDCG@100_ci90_high": 0.8156357206825087,
  "nDCG@100_ci95_low": 0.7880600133678708,
  "nDCG@100_ci95_high": 0.8180488363509038,
  "RR@1": 0.6664420485175202,
  "RR@3": 0.7340521114106023,
  "RR@5": 0.7444631626235408,
  "RR@10": 0.7519327856928937,
  "RR@100": 0.7547957774654065,
  "P@1": 0.6664420485175202,
  "P@3": 0.2825696316262315,
  "P@5": 0.1811320754716942,
  "P@10": 0.09683288409703278,
  "P@100": 0.010397574123989032,
  "R@1": 0.6480795148247979,
  "R@3": 0.8061545372866127,
  "R@5": 0.8559074573225516,
  "R@10": 0.9134097035040432,
  "R@100": 0.9787174303683737,
  "AP": 0.7494632767392821
}