nDCG@1,nDCG@1_std,nDCG@1_stderr,nDCG@1_ci90_low,nDCG@1_ci90_high,nDCG@1_ci95_low,nDCG@1_ci95_high,nDCG@3,nDCG@3_std,nDCG@3_stderr,nDCG@3_ci90_low,nDCG@3_ci90_high,nDCG@3_ci95_low,nDCG@3_ci95_high,nDCG@5,nDCG@5_std,nDCG@5_stderr,nDCG@5_ci90_low,nDCG@5_ci90_high,nDCG@5_ci95_low,nDCG@5_ci95_high,nDCG@10,nDCG@10_std,nDCG@10_stderr,nDCG@10_ci90_low,nDCG@10_ci90_high,nDCG@10_ci95_low,nDCG@10_ci95_high,nDCG@100,nDCG@100_std,nDCG@100_stderr,nDCG@100_ci90_low,nDCG@100_ci90_high,nDCG@100_ci95_low,nDCG@100_ci95_high,RR@1,RR@3,RR@5,RR@10,RR@100,P@1,P@3,P@5,P@10,P@100,R@1,R@3,R@5,R@10,R@100,AP
0.637466307277628,0.48089380237997864,0.012483381113352617,0.616920137950039,0.658012476605217,0.6129793449008216,0.6619532696544344,0.7111027667444035,0.41224809341170127,0.010701427296093418,0.6934894827089402,0.7287160507798669,0.6901112224505843,0.7320943110382228,0.736197698393114,0.38142603548122833,0.00990132653800566,0.7199012856047537,0.7524941111814742,0.7167756036725352,0.7556197931136928,0.7538808296091767,0.35483509106255456,0.00921106001408819,0.7387205139048352,0.7690411453135182,0.7358127374819383,0.771948921736415,0.7730404720282747,0.3191396767312587,0.008284453227119237,0.7594052415370085,0.786675702519541,0.7567899792617042,0.7892909647948453,0.637466307277628,0.6975516621743045,0.7106244384546285,0.7175884032858436,0.7212463183126524,0.637466307277628,0.2679694519317131,0.17425876010781313,0.09299191374662864,0.010256064690026772,0.619777628032345,0.7647124887690925,0.8242362982929021,0.8779761904761906,0.9647911051212938,0.7163368185906817
