nDCG@1,nDCG@1_std,nDCG@1_stderr,nDCG@1_ci90_low,nDCG@1_ci90_high,nDCG@1_ci95_low,nDCG@1_ci95_high,nDCG@3,nDCG@3_std,nDCG@3_stderr,nDCG@3_ci90_low,nDCG@3_ci90_high,nDCG@3_ci95_low,nDCG@3_ci95_high,nDCG@5,nDCG@5_std,nDCG@5_stderr,nDCG@5_ci90_low,nDCG@5_ci90_high,nDCG@5_ci95_low,nDCG@5_ci95_high,nDCG@10,nDCG@10_std,nDCG@10_stderr,nDCG@10_ci90_low,nDCG@10_ci90_high,nDCG@10_ci95_low,nDCG@10_ci95_high,nDCG@100,nDCG@100_std,nDCG@100_stderr,nDCG@100_ci90_low,nDCG@100_ci90_high,nDCG@100_ci95_low,nDCG@100_ci95_high,RR@1,RR@3,RR@5,RR@10,RR@100,P@1,P@3,P@5,P@10,P@100,R@1,R@3,R@5,R@10,R@100,AP
0.6933962264150944,0.4612388277780607,0.011973163394773795,0.6736898151261863,0.7131026377040024,0.6699100892126036,0.7168823636175851,0.7662130691455301,0.3767336107323082,0.009779517260787707,0.7501171400252294,0.7823089982658308,0.747029911229115,0.7853962270619452,0.7872237845745766,0.34564986996719743,0.008972623554777891,0.7724559070904878,0.8019916620586655,0.769623401039696,0.8048241681094573,0.8045467653666033,0.31466376288173586,0.008168264292810664,0.7911027681234947,0.8179907626097119,0.7885241847367512,0.8205693459964554,0.8194307069320095,0.28237450127971886,0.007330076825116441,0.8073662671567962,0.8314951467072228,0.8050522854285806,0.8338091284354383,0.6940700808625337,0.7556154537286617,0.7663971248876921,0.7730415436614904,0.7759464459874448,0.6933962264150944,0.2861635220125745,0.18328840970349994,0.09743935309972812,0.01049191374663054,0.6717205750224617,0.8194070080862533,0.8694407008086253,0.9209344115004491,0.9858490566037735,0.7676445959184951
