{
  "nDCG@1": 0.6792452830188679,
  "nDCG@1_std": 0.4669240205236787,
  "nDCG@1_stderr": 0.012120743645122582,
  "nDCG@1_ci90_low": 0.6592959720871836,
  "nDCG@1_ci90_high": 0.6991945939505522,
  "nDCG@1_ci95_low": 0.6554696575755684,
  "nDCG@1_ci95_high": 0.7030209084621674,
  "nDCG@3": 0.7572253342798364,
  "nDCG@3_std": 0.3816446921377556,
  "nDCG@3_stderr": 0.009907002581994773,
  "nDCG@3_ci90_low": 0.7409195793941827,
  "nDCG@3_ci90_high": 0.7735310891654901,
  "nDCG@3_ci95_low": 0.7377921056305289,
  "nDCG@3_ci95_high": 0.7766585629291439,
  "nDCG@5": 0.7773480258242106,
  "nDCG@5_std": 0.35377383391032685,
  "nDCG@5_stderr": 0.00918351115106487,
  "nDCG@5_ci90_low": 0.7622330522911381,
  "nDCG@5_ci90_high": 0.792462999357283,
  "nDCG@5_ci95_low": 0.7593339725800481,
  "nDCG@5_ci95_high": 0.7953620790683731,
  "nDCG@10": 0.7944331111939065,
  "nDCG@10_std": 0.32355205480808713,
  "nDCG@10_stderr": 0.008398992854946939,
  "nDCG@10_ci90_low": 0.7806093620179427,
  "nDCG@10_ci90_high": 0.8082568603698702,
  "nDCG@10_ci95_low": 0.7779579415123397,
  "nDCG@10_ci95_high": 0.8109082808754733,
  "nDCG@100": 0.8106425714956682,
  "nDCG@100_std": 0.28921873965840683,
  "nDCG@100_stderr": 0.007507744400969886,
  "nDCG@100_ci90_low": 0.7982857118973027,
  "nDCG@100_ci90_high": 0.8229994310940337,
  "nDCG@100_ci95_low": 0.7959156435094206,
  "nDCG@100_ci95_high": 0.8253694994819158,
  "RR@1": 0.6785714285714286,
  "RR@3": 0.7433737646001808,
  "RR@5": 0.7537848158131192,
  "RR@10": 0.7605615988533792,
  "RR@100": 0.7639873949645831,
  "P@1": 0.6792452830188679,
  "P@3": 0.2841419586702566,
  "P@5": 0.18180592991913344,
  "P@10": 0.0964959568733131,
  "P@100": 0.010438005390835394,
  "R@1": 0.6589173405211141,
  "R@3": 0.8136792452830188,
  "R@5": 0.8608490566037735,
  "R@10": 0.9118373764600181,
  "R@100": 0.9812443845462713,
  "AP": 0.7578699645280453
}