nDCG@1,nDCG@1_std,nDCG@1_stderr,nDCG@1_ci90_low,nDCG@1_ci90_high,nDCG@1_ci95_low,nDCG@1_ci95_high,nDCG@3,nDCG@3_std,nDCG@3_stderr,nDCG@3_ci90_low,nDCG@3_ci90_high,nDCG@3_ci95_low,nDCG@3_ci95_high,nDCG@5,nDCG@5_std,nDCG@5_stderr,nDCG@5_ci90_low,nDCG@5_ci90_high,nDCG@5_ci95_low,nDCG@5_ci95_high,nDCG@10,nDCG@10_std,nDCG@10_stderr,nDCG@10_ci90_low,nDCG@10_ci90_high,nDCG@10_ci95_low,nDCG@10_ci95_high,nDCG@100,nDCG@100_std,nDCG@100_stderr,nDCG@100_ci90_low,nDCG@100_ci90_high,nDCG@100_ci95_low,nDCG@100_ci95_high,RR@1,RR@3,RR@5,RR@10,RR@100,P@1,P@3,P@5,P@10,P@100,R@1,R@3,R@5,R@10,R@100,AP
0.6778975741239892,0.4674395042235344,0.012134124935235227,0.6579262391709296,0.6978689090770488,0.6540957004115255,0.7016994478364529,0.7533813347377678,0.3839569288890801,0.009967025257371814,0.7369767896252842,0.7697858798502514,0.7338303677145079,0.7729323017610277,0.7785602704594967,0.34813687950081956,0.009037183105529213,0.7636861355881339,0.7934344053308595,0.7608332491751187,0.7962872917438747,0.7965232228138468,0.3166825762132994,0.00822067007572968,0.7829929718483033,0.8100534737793903,0.7803978448390276,0.812648600788666,0.8100957467965152,0.2874046239629831,0.007460652303925568,0.7978163952219037,0.8223750983711267,0.7954611930154687,0.8247303005775617,0.6772237196765498,0.7407906558849963,0.7537286612758323,0.760581921447825,0.7630933954556609,0.6778975741239892,0.28256963162623144,0.18315363881401203,0.09764150943395992,0.010458221024258573,0.6576819407008087,0.8092991913746631,0.8686545372866127,0.9222821203953279,0.9834905660377359,0.7563233261444632
