nDCG@1,nDCG@1_std,nDCG@1_stderr,nDCG@1_ci90_low,nDCG@1_ci90_high,nDCG@1_ci95_low,nDCG@1_ci95_high,nDCG@3,nDCG@3_std,nDCG@3_stderr,nDCG@3_ci90_low,nDCG@3_ci90_high,nDCG@3_ci95_low,nDCG@3_ci95_high,nDCG@5,nDCG@5_std,nDCG@5_stderr,nDCG@5_ci90_low,nDCG@5_ci90_high,nDCG@5_ci95_low,nDCG@5_ci95_high,nDCG@10,nDCG@10_std,nDCG@10_stderr,nDCG@10_ci90_low,nDCG@10_ci90_high,nDCG@10_ci95_low,nDCG@10_ci95_high,nDCG@100,nDCG@100_std,nDCG@100_stderr,nDCG@100_ci90_low,nDCG@100_ci90_high,nDCG@100_ci95_low,nDCG@100_ci95_high,RR@1,RR@3,RR@5,RR@10,RR@100,P@1,P@3,P@5,P@10,P@100,R@1,R@3,R@5,R@10,R@100,AP
0.772911051212938,0.41909177099334205,0.010879080314380863,0.755005371314355,0.7908167311115211,0.7515710289919106,0.7942510734339654,0.8364481844597689,0.3250497748822742,0.00843787173089557,0.8225604452508762,0.8503359236686615,0.8198967513393178,0.8529996175802199,0.8518954328875223,0.2958164888456018,0.007679013436225592,0.8392566847072908,0.8645341810677539,0.8368325495711813,0.8669583162038634,0.865549874542978,0.2636864265275597,0.006844958576032226,0.8542838820473183,0.8768158670386378,0.852123043975191,0.8789767051107651,0.8745462089256628,0.23885363260225176,0.006200331364900022,0.8643411966013869,0.8847512212499388,0.8623838564766424,0.8867085613746832,0.772911051212938,0.8263701707097936,0.8340858041329745,0.839335183759039,0.841196864077166,0.772911051212938,0.3090745732255115,0.19433962264150478,0.10154986522910794,0.010599730458220834,0.7505615453728662,0.8815700808625337,0.9177897574123989,0.9578840970350404,0.9962938005390836,0.8357089539305944
