nDCG@1,nDCG@1_std,nDCG@1_stderr,nDCG@1_ci90_low,nDCG@1_ci90_high,nDCG@1_ci95_low,nDCG@1_ci95_high,nDCG@3,nDCG@3_std,nDCG@3_stderr,nDCG@3_ci90_low,nDCG@3_ci90_high,nDCG@3_ci95_low,nDCG@3_ci95_high,nDCG@5,nDCG@5_std,nDCG@5_stderr,nDCG@5_ci90_low,nDCG@5_ci90_high,nDCG@5_ci95_low,nDCG@5_ci95_high,nDCG@10,nDCG@10_std,nDCG@10_stderr,nDCG@10_ci90_low,nDCG@10_ci90_high,nDCG@10_ci95_low,nDCG@10_ci95_high,nDCG@100,nDCG@100_std,nDCG@100_stderr,nDCG@100_ci90_low,nDCG@100_ci90_high,nDCG@100_ci95_low,nDCG@100_ci95_high,RR@1,RR@3,RR@5,RR@10,RR@100,P@1,P@3,P@5,P@10,P@100,R@1,R@3,R@5,R@10,R@100,AP
0.7675202156334232,0.42255562134608265,0.010968997389333547,0.7494665428609029,0.7855738884059436,0.7460038152331665,0.7890366160336799,0.8336948643461339,0.3261439111831591,0.008466274094091565,0.8197603782056023,0.8476293504866655,0.8170877181466158,0.850302010545652,0.8480517768083445,0.2995082541473673,0.007774846888465793,0.8352552980966892,0.8608482555199999,0.83280090995468,0.863302643662009,0.8625391441134052,0.26600558507078254,0.006905160932174181,0.8511740656576213,0.873904222569189,0.848994222716182,0.8760840655106283,0.8709037685887289,0.24328191121203432,0.006315283749997187,0.8605095582300927,0.8812979789473651,0.8585159295745353,0.8832916076029225,0.7675202156334232,0.822663971248877,0.8297057502246186,0.8353567684935611,0.8370723336796141,0.7675202156334232,0.30884995507636515,0.1936657681940655,0.10148247978436403,0.010559299191374475,0.7455076370170711,0.8806716082659478,0.9144204851752021,0.9572102425876011,0.9925876010781671,0.8318329651524041
