{
  "nDCG@1": 0.7486522911051213,
  "nDCG@1_std": 0.43393423948300197,
  "nDCG@1_stderr": 0.01126437159886481,
  "nDCG@1_ci90_low": 0.7301124673075762,
  "nDCG@1_ci90_high": 0.7671921149026665,
  "nDCG@1_ci95_low": 0.7265564950194974,
  "nDCG@1_ci95_high": 0.7707480871907453,
  "nDCG@3": 0.8166591964307217,
  "nDCG@3_std": 0.34098291732690494,
  "nDCG@3_stderr": 0.008851475500553842,
  "nDCG@3_ci90_low": 0.8020907143198249,
  "nDCG@3_ci90_high": 0.8312276785416185,
  "nDCG@3_ci95_low": 0.7992964526681807,
  "nDCG@3_ci95_high": 0.8340219401932627,
  "nDCG@5": 0.8345629214932607,
  "nDCG@5_std": 0.30919161646293564,
  "nDCG@5_stderr": 0.008026214449548232,
  "nDCG@5_ci90_low": 0.8213527214967574,
  "nDCG@5_ci90_high": 0.847773121489764,
  "nDCG@5_ci95_low": 0.818818980851727,
  "nDCG@5_ci95_high": 0.8503068621347945,
  "nDCG@10": 0.847187779650816,
  "nDCG@10_std": 0.2817303882265412,
  "nDCG@10_stderr": 0.007313356483363006,
  "nDCG@10_ci90_low": 0.8351508595811826,
  "nDCG@10_ci90_high": 0.8592246997204495,
  "nDCG@10_ci95_low": 0.8328421561830898,
  "nDCG@10_ci95_high": 0.8615334031185423,
  "nDCG@100": 0.858633776326371,
  "nDCG@100_std": 0.25252253732038255,
  "nDCG@100_stderr": 0.0065551584517829255,
  "nDCG@100_ci90_low": 0.8478447605704195,
  "nDCG@100_ci90_high": 0.8694227920823224,
  "nDCG@100_ci95_low": 0.8457754075138447,
  "nDCG@100_ci95_high": 0.8714921451388972,
  "RR@1": 0.7486522911051213,
  "RR@3": 0.8054806828391734,
  "RR@5": 0.8146114106019773,
  "RR@10": 0.8195161083301249,
  "RR@100": 0.8218909468080521,
  "P@1": 0.7486522911051213,
  "P@3": 0.30368373764599693,
  "P@5": 0.19191374663072328,
  "P@10": 0.10020215633422931,
  "P@100": 0.01057277628032326,
  "R@1": 0.7257412398921833,
  "R@3": 0.8652852650494159,
  "R@5": 0.9077942497753817,
  "R@10": 0.9450808625336927,
  "R@100": 0.9935983827493261,
  "AP": 0.8158825275863655
}