nDCG@1,nDCG@1_std,nDCG@1_stderr,nDCG@1_ci90_low,nDCG@1_ci90_high,nDCG@1_ci95_low,nDCG@1_ci95_high,nDCG@3,nDCG@3_std,nDCG@3_stderr,nDCG@3_ci90_low,nDCG@3_ci90_high,nDCG@3_ci95_low,nDCG@3_ci95_high,nDCG@5,nDCG@5_std,nDCG@5_stderr,nDCG@5_ci90_low,nDCG@5_ci90_high,nDCG@5_ci95_low,nDCG@5_ci95_high,nDCG@10,nDCG@10_std,nDCG@10_stderr,nDCG@10_ci90_low,nDCG@10_ci90_high,nDCG@10_ci95_low,nDCG@10_ci95_high,nDCG@100,nDCG@100_std,nDCG@100_stderr,nDCG@100_ci90_low,nDCG@100_ci90_high,nDCG@100_ci95_low,nDCG@100_ci95_high,RR@1,RR@3,RR@5,RR@10,RR@100,P@1,P@3,P@5,P@10,P@100,R@1,R@3,R@5,R@10,R@100,AP
0.6873315363881402,0.46373678859073253,0.012038007226564671,0.6675183998189793,0.707144672957301,0.6637182038004399,0.7109448689758404,0.7594135166658549,0.3824990688902319,0.009929181097423264,0.7430712585661048,0.775755774765605,0.7399367834188795,0.7788902499128303,0.7824670964315713,0.3492422165306771,0.009065876225162122,0.7675457360778523,0.7973884567852904,0.7646837917305016,0.800250401132641,0.7991103056175014,0.320143904890901,0.008310521691257334,0.7854321695164946,0.8127884417185082,0.7828086778663642,0.8154119333686386,0.8142724075237625,0.2875129414641279,0.007463464086155542,0.8019884280880544,0.8265563869594706,0.7996323382493531,0.8289124767981719,0.6873315363881402,0.747641509433963,0.7596361185983842,0.7659912078038772,0.7691383697102205,0.6873315363881402,0.2836927223719637,0.18288409703503633,0.09703504043126455,0.010444743935309786,0.6666666666666666,0.8126684636118598,0.8672506738544474,0.9167228212039533,0.9819182389937106,0.7622596899087615
