{
  "nDCG@1": 0.6933962264150944,
  "nDCG@1_std": 0.4612388277780607,
  "nDCG@1_stderr": 0.011973163394773795,
  "nDCG@1_ci90_low": 0.6736898151261863,
  "nDCG@1_ci90_high": 0.7131026377040024,
  "nDCG@1_ci95_low": 0.6699100892126036,
  "nDCG@1_ci95_high": 0.7168823636175851,
  "nDCG@3": 0.7662130691455301,
  "nDCG@3_std": 0.3767336107323082,
  "nDCG@3_stderr": 0.009779517260787707,
  "nDCG@3_ci90_low": 0.7501171400252294,
  "nDCG@3_ci90_high": 0.7823089982658308,
  "nDCG@3_ci95_low": 0.747029911229115,
  "nDCG@3_ci95_high": 0.7853962270619452,
  "nDCG@5": 0.7872237845745766,
  "nDCG@5_std": 0.34564986996719743,
  "nDCG@5_stderr": 0.008972623554777891,
  "nDCG@5_ci90_low": 0.7724559070904878,
  "nDCG@5_ci90_high": 0.8019916620586655,
  "nDCG@5_ci95_low": 0.769623401039696,
  "nDCG@5_ci95_high": 0.8048241681094573,
  "nDCG@10": 0.8045467653666033,
  "nDCG@10_std": 0.31466376288173586,
  "nDCG@10_stderr": 0.008168264292810664,
  "nDCG@10_ci90_low": 0.7911027681234947,
  "nDCG@10_ci90_high": 0.8179907626097119,
  "nDCG@10_ci95_low": 0.7885241847367512,
  "nDCG@10_ci95_high": 0.8205693459964554,
  "nDCG@100": 0.8194307069320095,
  "nDCG@100_std": 0.28237450127971886,
  "nDCG@100_stderr": 0.007330076825116441,
  "nDCG@100_ci90_low": 0.8073662671567962,
  "nDCG@100_ci90_high": 0.8314951467072228,
  "nDCG@100_ci95_low": 0.8050522854285806,
  "nDCG@100_ci95_high": 0.8338091284354383,
  "RR@1": 0.6940700808625337,
  "RR@3": 0.7556154537286617,
  "RR@5": 0.7663971248876921,
  "RR@10": 0.7730415436614904,
  "RR@100": 0.7759464459874448,
  "P@1": 0.6933962264150944,
  "P@3": 0.2861635220125745,
  "P@5": 0.18328840970349994,
  "P@10": 0.09743935309972812,
  "P@100": 0.01049191374663054,
  "R@1": 0.6717205750224617,
  "R@3": 0.8194070080862533,
  "R@5": 0.8694407008086253,
  "R@10": 0.9209344115004491,
  "R@100": 0.9858490566037735,
  "AP": 0.7676445959184951
}