{
  "nDCG@1": 0.6873315363881402,
  "nDCG@1_std": 0.46373678859073253,
  "nDCG@1_stderr": 0.012038007226564671,
  "nDCG@1_ci90_low": 0.6675183998189793,
  "nDCG@1_ci90_high": 0.707144672957301,
  "nDCG@1_ci95_low": 0.6637182038004399,
  "nDCG@1_ci95_high": 0.7109448689758404,
  "nDCG@3": 0.7594135166658549,
  "nDCG@3_std": 0.3824990688902319,
  "nDCG@3_stderr": 0.009929181097423264,
  "nDCG@3_ci90_low": 0.7430712585661048,
  "nDCG@3_ci90_high": 0.775755774765605,
  "nDCG@3_ci95_low": 0.7399367834188795,
  "nDCG@3_ci95_high": 0.7788902499128303,
  "nDCG@5": 0.7824670964315713,
  "nDCG@5_std": 0.3492422165306771,
  "nDCG@5_stderr": 0.009065876225162122,
  "nDCG@5_ci90_low": 0.7675457360778523,
  "nDCG@5_ci90_high": 0.7973884567852904,
  "nDCG@5_ci95_low": 0.7646837917305016,
  "nDCG@5_ci95_high": 0.800250401132641,
  "nDCG@10": 0.7991103056175014,
  "nDCG@10_std": 0.320143904890901,
  "nDCG@10_stderr": 0.008310521691257334,
  "nDCG@10_ci90_low": 0.7854321695164946,
  "nDCG@10_ci90_high": 0.8127884417185082,
  "nDCG@10_ci95_low": 0.7828086778663642,
  "nDCG@10_ci95_high": 0.8154119333686386,
  "nDCG@100": 0.8142724075237625,
  "nDCG@100_std": 0.2875129414641279,
  "nDCG@100_stderr": 0.007463464086155542,
  "nDCG@100_ci90_low": 0.8019884280880544,
  "nDCG@100_ci90_high": 0.8265563869594706,
  "nDCG@100_ci95_low": 0.7996323382493531,
  "nDCG@100_ci95_high": 0.8289124767981719,
  "RR@1": 0.6873315363881402,
  "RR@3": 0.747641509433963,
  "RR@5": 0.7596361185983842,
  "RR@10": 0.7659912078038772,
  "RR@100": 0.7691383697102205,
  "P@1": 0.6873315363881402,
  "P@3": 0.2836927223719637,
  "P@5": 0.18288409703503633,
  "P@10": 0.09703504043126455,
  "P@100": 0.010444743935309786,
  "R@1": 0.6666666666666666,
  "R@3": 0.8126684636118598,
  "R@5": 0.8672506738544474,
  "R@10": 0.9167228212039533,
  "R@100": 0.9819182389937106,
  "AP": 0.7622596899087615
}