nDCG@1,nDCG@1_std,nDCG@1_stderr,nDCG@1_ci90_low,nDCG@1_ci90_high,nDCG@1_ci95_low,nDCG@1_ci95_high,nDCG@3,nDCG@3_std,nDCG@3_stderr,nDCG@3_ci90_low,nDCG@3_ci90_high,nDCG@3_ci95_low,nDCG@3_ci95_high,nDCG@5,nDCG@5_std,nDCG@5_stderr,nDCG@5_ci90_low,nDCG@5_ci90_high,nDCG@5_ci95_low,nDCG@5_ci95_high,nDCG@10,nDCG@10_std,nDCG@10_stderr,nDCG@10_ci90_low,nDCG@10_ci90_high,nDCG@10_ci95_low,nDCG@10_ci95_high,nDCG@100,nDCG@100_std,nDCG@100_stderr,nDCG@100_ci90_low,nDCG@100_ci90_high,nDCG@100_ci95_low,nDCG@100_ci95_high,RR@1,RR@3,RR@5,RR@10,RR@100,P@1,P@3,P@5,P@10,P@100,R@1,R@3,R@5,R@10,R@100,AP
0.6556603773584906,0.4753126187286811,0.012338500804565214,0.6353526638890982,0.675968090827883,0.6314576071118614,0.6798631476051198,0.7250151939508137,0.404297826710715,0.010495048655549432,0.7077415847563018,0.7422888031453256,0.7044284747569004,0.745601913144727,0.7514299048082528,0.37039230420034813,0.009614905145174494,0.7356049077671741,0.7672549018493314,0.7325696442419375,0.7702901653745681,0.7705703403114166,0.34083545777337376,0.008847647641270932,0.7560081584043087,0.7851325222185245,0.7532151051433336,0.7879255754794996,0.7885892157615588,0.3052559917464111,0.00792405072231291,0.7755471651806549,0.8016312663424627,0.7730456759026632,0.8041327556204545,0.6556603773584906,0.7150718778077275,0.728852201257863,0.7358137594660514,0.739390442755334,0.6556603773584906,0.2704402515723236,0.17641509433961877,0.09474393530997086,0.010377358490565853,0.6362309074573226,0.7757749326145552,0.8378256963162624,0.8953279424977537,0.9757412398921833,0.731839762633303
