{
  "nDCG@1": 0.772911051212938,
  "nDCG@1_std": 0.41909177099334205,
  "nDCG@1_stderr": 0.010879080314380863,
  "nDCG@1_ci90_low": 0.755005371314355,
  "nDCG@1_ci90_high": 0.7908167311115211,
  "nDCG@1_ci95_low": 0.7515710289919106,
  "nDCG@1_ci95_high": 0.7942510734339654,
  "nDCG@3": 0.8364481844597689,
  "nDCG@3_std": 0.3250497748822742,
  "nDCG@3_stderr": 0.00843787173089557,
  "nDCG@3_ci90_low": 0.8225604452508762,
  "nDCG@3_ci90_high": 0.8503359236686615,
  "nDCG@3_ci95_low": 0.8198967513393178,
  "nDCG@3_ci95_high": 0.8529996175802199,
  "nDCG@5": 0.8518954328875223,
  "nDCG@5_std": 0.2958164888456018,
  "nDCG@5_stderr": 0.007679013436225592,
  "nDCG@5_ci90_low": 0.8392566847072908,
  "nDCG@5_ci90_high": 0.8645341810677539,
  "nDCG@5_ci95_low": 0.8368325495711813,
  "nDCG@5_ci95_high": 0.8669583162038634,
  "nDCG@10": 0.865549874542978,
  "nDCG@10_std": 0.2636864265275597,
  "nDCG@10_stderr": 0.006844958576032226,
  "nDCG@10_ci90_low": 0.8542838820473183,
  "nDCG@10_ci90_high": 0.8768158670386378,
  "nDCG@10_ci95_low": 0.852123043975191,
  "nDCG@10_ci95_high": 0.8789767051107651,
  "nDCG@100": 0.8745462089256628,
  "nDCG@100_std": 0.23885363260225176,
  "nDCG@100_stderr": 0.006200331364900022,
  "nDCG@100_ci90_low": 0.8643411966013869,
  "nDCG@100_ci90_high": 0.8847512212499388,
  "nDCG@100_ci95_low": 0.8623838564766424,
  "nDCG@100_ci95_high": 0.8867085613746832,
  "RR@1": 0.772911051212938,
  "RR@3": 0.8263701707097936,
  "RR@5": 0.8340858041329745,
  "RR@10": 0.839335183759039,
  "RR@100": 0.841196864077166,
  "P@1": 0.772911051212938,
  "P@3": 0.3090745732255115,
  "P@5": 0.19433962264150478,
  "P@10": 0.10154986522910794,
  "P@100": 0.010599730458220834,
  "R@1": 0.7505615453728662,
  "R@3": 0.8815700808625337,
  "R@5": 0.9177897574123989,
  "R@10": 0.9578840970350404,
  "R@100": 0.9962938005390836,
  "AP": 0.8357089539305944
}