nDCG@1,nDCG@1_std,nDCG@1_stderr,nDCG@1_ci90_low,nDCG@1_ci90_high,nDCG@1_ci95_low,nDCG@1_ci95_high,nDCG@3,nDCG@3_std,nDCG@3_stderr,nDCG@3_ci90_low,nDCG@3_ci90_high,nDCG@3_ci95_low,nDCG@3_ci95_high,nDCG@5,nDCG@5_std,nDCG@5_stderr,nDCG@5_ci90_low,nDCG@5_ci90_high,nDCG@5_ci95_low,nDCG@5_ci95_high,nDCG@10,nDCG@10_std,nDCG@10_stderr,nDCG@10_ci90_low,nDCG@10_ci90_high,nDCG@10_ci95_low,nDCG@10_ci95_high,nDCG@100,nDCG@100_std,nDCG@100_stderr,nDCG@100_ci90_low,nDCG@100_ci90_high,nDCG@100_ci95_low,nDCG@100_ci95_high,RR@1,RR@3,RR@5,RR@10,RR@100,P@1,P@3,P@5,P@10,P@100,R@1,R@3,R@5,R@10,R@100,AP
0.5154986522911051,0.4999282018560208,0.012977489504326397,0.49413923897337064,0.5368580656088396,0.4900424642317714,0.540954840350439,0.5981392243212563,0.4495835337225762,0.011670607036254037,0.5789307850254197,0.6173476636170929,0.5752465710555824,0.6210318775869302,0.6214729820870452,0.4291591968639032,0.011140417668596416,0.6031371718029055,0.6398087923711848,0.5996203296817574,0.6433256344923329,0.6452009847644988,0.4034183377178142,0.010472218258840132,0.6279649517035958,0.6624370178254019,0.6246590488757007,0.665742920653297,0.6770717982900613,0.3592839665548368,0.00932654706761468,0.6617214045503418,0.6924221920297807,0.658777170810819,0.6953664257693035,0.5154986522911051,0.5826594788858945,0.5953616352201268,0.6048819685106754,0.6110548356507188,0.5154986522911051,0.22911051212937886,0.14986522911050967,0.08274932614555097,0.009871967654986349,0.5032008086253369,0.656615004492363,0.7120395327942498,0.7836365678346809,0.9291329739442946,0.6055962823836138
