{
  "nDCG@1": 0.7688679245283019,
  "nDCG@1_std": 0.42169879132983157,
  "nDCG@1_stderr": 0.010946755190350557,
  "nDCG@1_ci90_low": 0.750850859785479,
  "nDCG@1_ci90_high": 0.7868849892711247,
  "nDCG@1_ci95_low": 0.747395153645139,
  "nDCG@1_ci95_high": 0.7903406954114648,
  "nDCG@3": 0.8346929607350979,
  "nDCG@3_std": 0.3265361451398072,
  "nDCG@3_stderr": 0.00847645598028391,
  "nDCG@3_ci90_low": 0.8207417164137591,
  "nDCG@3_ci90_high": 0.8486442050564367,
  "nDCG@3_ci95_low": 0.8180658421048855,
  "nDCG@3_ci95_high": 0.8513200793653103,
  "nDCG@5": 0.8488325908980595,
  "nDCG@5_std": 0.3006730884955544,
  "nDCG@5_stderr": 0.007805084481527667,
  "nDCG@5_ci90_low": 0.8359863446833963,
  "nDCG@5_ci90_high": 0.8616788371127228,
  "nDCG@5_ci95_low": 0.8335224110428172,
  "nDCG@5_ci95_high": 0.8641427707533018,
  "nDCG@10": 0.8619233691763344,
  "nDCG@10_std": 0.27032988627357757,
  "nDCG@10_stderr": 0.007017414198272141,
  "nDCG@10_ci90_low": 0.8503735351169299,
  "nDCG@10_ci90_high": 0.8734732032357388,
  "nDCG@10_ci95_low": 0.8481582557110604,
  "nDCG@10_ci95_high": 0.8756884826416084,
  "nDCG@100": 0.8716304479730606,
  "nDCG@100_std": 0.24360654582206454,
  "nDCG@100_stderr": 0.006323710844585505,
  "nDCG@100_ci90_low": 0.8612223676131179,
  "nDCG@100_ci90_high": 0.8820385283330032,
  "nDCG@100_ci95_low": 0.8592260786658112,
  "nDCG@100_ci95_high": 0.8840348172803099,
  "RR@1": 0.7675202156334232,
  "RR@3": 0.8225516621743039,
  "RR@5": 0.8293238993710695,
  "RR@10": 0.8344155114876142,
  "RR@100": 0.8366082731570075,
  "P@1": 0.7688679245283019,
  "P@3": 0.3092991913746579,
  "P@5": 0.19339622641508974,
  "P@10": 0.10107816711590044,
  "P@100": 0.010566037735848867,
  "R@1": 0.7476976639712489,
  "R@3": 0.8816262353998204,
  "R@5": 0.914869721473495,
  "R@10": 0.9541217430368373,
  "R@100": 0.9932614555256065,
  "AP": 0.8328563048644624
}