{
  "nDCG@1": 0.09366576819407008,
  "nDCG@1_std": 0.2914613796371243,
  "nDCG@1_stderr": 0.007565960434147728,
  "nDCG@1_ci90_low": 0.08121309188832448,
  "nDCG@1_ci90_high": 0.10611844449981567,
  "nDCG@1_ci95_low": 0.07882464567981688,
  "nDCG@1_ci95_high": 0.10850689070832327,
  "nDCG@3": 0.13572787517264498,
  "nDCG@3_std": 0.3112915485145927,
  "nDCG@3_stderr": 0.008080725969520508,
  "nDCG@3_ci90_low": 0.12242795565949116,
  "nDCG@3_ci90_high": 0.1490277946857988,
  "nDCG@3_ci95_low": 0.11987700664622629,
  "nDCG@3_ci95_high": 0.15157874369906366,
  "nDCG@5": 0.15510949885756567,
  "nDCG@5_std": 0.3154488141040663,
  "nDCG@5_stderr": 0.00818864320714342,
  "nDCG@5_ci90_low": 0.14163196033098652,
  "nDCG@5_ci90_high": 0.16858703738414482,
  "nDCG@5_ci95_low": 0.13904694366441095,
  "nDCG@5_ci95_high": 0.1711720540507204,
  "nDCG@10": 0.1791934932574154,
  "nDCG@10_std": 0.3151439402117591,
  "nDCG@10_stderr": 0.008180729075228335,
  "nDCG@10_ci90_low": 0.16572898045623322,
  "nDCG@10_ci90_high": 0.1926580060585976,
  "nDCG@10_ci95_low": 0.16314646214773534,
  "nDCG@10_ci95_high": 0.19524052436709546,
  "nDCG@100": 0.23438163640463844,
  "nDCG@100_std": 0.29784592056809034,
  "nDCG@100_stderr": 0.0077316948588390085,
  "nDCG@100_ci90_low": 0.22165618083162564,
  "nDCG@100_ci90_high": 0.24710709197765124,
  "nDCG@100_ci95_low": 0.21921541505817735,
  "nDCG@100_ci95_high": 0.24954785775109953,
  "RR@1": 0.09366576819407008,
  "RR@3": 0.12724618149146455,
  "RR@5": 0.13792677448337823,
  "RR@10": 0.1478797651135925,
  "RR@100": 0.15811415758816277,
  "P@1": 0.09366576819407008,
  "P@3": 0.057726864330637825,
  "P@5": 0.044204851752021816,
  "P@10": 0.029716981132075708,
  "P@100": 0.005815363881401527,
  "R@1": 0.09046495956873316,
  "R@3": 0.1678459119496855,
  "R@5": 0.2146787960467206,
  "R@10": 0.28913971248876913,
  "R@100": 0.5551999101527404,
  "AP": 0.15452925877997845
}