nDCG@1,nDCG@1_std,nDCG@1_stderr,nDCG@1_ci90_low,nDCG@1_ci90_high,nDCG@1_ci95_low,nDCG@1_ci95_high,nDCG@3,nDCG@3_std,nDCG@3_stderr,nDCG@3_ci90_low,nDCG@3_ci90_high,nDCG@3_ci95_low,nDCG@3_ci95_high,nDCG@5,nDCG@5_std,nDCG@5_stderr,nDCG@5_ci90_low,nDCG@5_ci90_high,nDCG@5_ci95_low,nDCG@5_ci95_high,nDCG@10,nDCG@10_std,nDCG@10_stderr,nDCG@10_ci90_low,nDCG@10_ci90_high,nDCG@10_ci95_low,nDCG@10_ci95_high,nDCG@100,nDCG@100_std,nDCG@100_stderr,nDCG@100_ci90_low,nDCG@100_ci90_high,nDCG@100_ci95_low,nDCG@100_ci95_high,RR@1,RR@3,RR@5,RR@10,RR@100,P@1,P@3,P@5,P@10,P@100,R@1,R@3,R@5,R@10,R@100,AP
0.14150943396226415,0.34866378094505684,0.009050860785518094,0.12661278724683375,0.15640608067769454,0.12375558302074055,0.15926328490378774,0.21038967929418362,0.3687276228855154,0.009571692171369285,0.1946358056986594,0.22614355288970783,0.1916141837810338,0.22916517480733345,0.2400066926249801,0.3668328227589025,0.009522505610849946,0.22433377429244877,0.2556796109575114,0.22132767974309378,0.25868570550686637,0.2702764304407391,0.3594147637499445,0.009329942393624302,0.2549204483958576,0.28563241248562066,0.25197514280913114,0.2885777180723471,0.33549648045117286,0.3227771765553537,0.008378878017747027,0.32170583791894236,0.34928712298340336,0.3190607673284708,0.35193219357387495,0.1408355795148248,0.19519317160826608,0.2120058400718777,0.22473152783125808,0.23694278606635719,0.14150943396226415,0.08827493261455481,0.06805929919137525,0.04380053908355833,0.007702156334231674,0.13898247978436656,0.2598270440251572,0.3313117699910153,0.42329290206648695,0.7370283018867925,0.23346778796038928
