nDCG@1,nDCG@1_std,nDCG@1_stderr,nDCG@1_ci90_low,nDCG@1_ci90_high,nDCG@1_ci95_low,nDCG@1_ci95_high,nDCG@3,nDCG@3_std,nDCG@3_stderr,nDCG@3_ci90_low,nDCG@3_ci90_high,nDCG@3_ci95_low,nDCG@3_ci95_high,nDCG@5,nDCG@5_std,nDCG@5_stderr,nDCG@5_ci90_low,nDCG@5_ci90_high,nDCG@5_ci95_low,nDCG@5_ci95_high,nDCG@10,nDCG@10_std,nDCG@10_stderr,nDCG@10_ci90_low,nDCG@10_ci90_high,nDCG@10_ci95_low,nDCG@10_ci95_high,nDCG@100,nDCG@100_std,nDCG@100_stderr,nDCG@100_ci90_low,nDCG@100_ci90_high,nDCG@100_ci95_low,nDCG@100_ci95_high,RR@1,RR@3,RR@5,RR@10,RR@100,P@1,P@3,P@5,P@10,P@100,R@1,R@3,R@5,R@10,R@100,AP
0.14016172506738545,0.34727176847151325,0.009014725942158115,0.1253245520316864,0.15499889810308448,0.12247875496670241,0.15784469516806848,0.21215927107438345,0.3675315071150122,0.009540642553044022,0.1964565014794401,0.2278620406693268,0.19344468140307575,0.23087386074569116,0.24133085198263368,0.3656192958053568,0.009491004020732828,0.22570978154281326,0.25695192242245407,0.2227136315145977,0.2599480724506697,0.273225334077384,0.3574597162165764,0.009279191888350646,0.25795288136364636,0.2884977867911216,0.25502359685619413,0.2914270712985738,0.336100207400738,0.3217642463331632,0.008352583659320578,0.3223528422735378,0.3498475725279382,0.3197160723689124,0.35248434243256355,0.14016172506738545,0.19620395327942514,0.21294923629829274,0.22622604073075764,0.23786714400852463,0.14016172506738545,0.09007187780772648,0.06859838274932675,0.044811320754717304,0.007688679245282887,0.13696091644204852,0.264207097933513,0.3351864330637916,0.4326145552560647,0.7342767295597484,0.23395220696493044
