{
  "nDCG@1": 0.14016172506738545,
  "nDCG@1_std": 0.34727176847151325,
  "nDCG@1_stderr": 0.009014725942158115,
  "nDCG@1_ci90_low": 0.1253245520316864,
  "nDCG@1_ci90_high": 0.15499889810308448,
  "nDCG@1_ci95_low": 0.12247875496670241,
  "nDCG@1_ci95_high": 0.15784469516806848,
  "nDCG@3": 0.21215927107438345,
  "nDCG@3_std": 0.3675315071150122,
  "nDCG@3_stderr": 0.009540642553044022,
  "nDCG@3_ci90_low": 0.1964565014794401,
  "nDCG@3_ci90_high": 0.2278620406693268,
  "nDCG@3_ci95_low": 0.19344468140307575,
  "nDCG@3_ci95_high": 0.23087386074569116,
  "nDCG@5": 0.24133085198263368,
  "nDCG@5_std": 0.3656192958053568,
  "nDCG@5_stderr": 0.009491004020732828,
  "nDCG@5_ci90_low": 0.22570978154281326,
  "nDCG@5_ci90_high": 0.25695192242245407,
  "nDCG@5_ci95_low": 0.2227136315145977,
  "nDCG@5_ci95_high": 0.2599480724506697,
  "nDCG@10": 0.273225334077384,
  "nDCG@10_std": 0.3574597162165764,
  "nDCG@10_stderr": 0.009279191888350646,
  "nDCG@10_ci90_low": 0.25795288136364636,
  "nDCG@10_ci90_high": 0.2884977867911216,
  "nDCG@10_ci95_low": 0.25502359685619413,
  "nDCG@10_ci95_high": 0.2914270712985738,
  "nDCG@100": 0.336100207400738,
  "nDCG@100_std": 0.3217642463331632,
  "nDCG@100_stderr": 0.008352583659320578,
  "nDCG@100_ci90_low": 0.3223528422735378,
  "nDCG@100_ci90_high": 0.3498475725279382,
  "nDCG@100_ci95_low": 0.3197160723689124,
  "nDCG@100_ci95_high": 0.35248434243256355,
  "RR@1": 0.14016172506738545,
  "RR@3": 0.19620395327942514,
  "RR@5": 0.21294923629829274,
  "RR@10": 0.22622604073075764,
  "RR@100": 0.23786714400852463,
  "P@1": 0.14016172506738545,
  "P@3": 0.09007187780772648,
  "P@5": 0.06859838274932675,
  "P@10": 0.044811320754717304,
  "P@100": 0.007688679245282887,
  "R@1": 0.13696091644204852,
  "R@3": 0.264207097933513,
  "R@5": 0.3351864330637916,
  "R@10": 0.4326145552560647,
  "R@100": 0.7342767295597484,
  "AP": 0.23395220696493044
}