{
  "nDCG@1": 0.10646900269541779,
  "nDCG@1_std": 0.3085409266556491,
  "nDCG@1_stderr": 0.00800932338376462,
  "nDCG@1_ci90_low": 0.09328660339606237,
  "nDCG@1_ci90_high": 0.1196514019947732,
  "nDCG@1_ci95_low": 0.09075819497585381,
  "nDCG@1_ci95_high": 0.12217981041498176,
  "nDCG@3": 0.15755955329915747,
  "nDCG@3_std": 0.33030527704567836,
  "nDCG@3_stderr": 0.008574297769499377,
  "nDCG@3_ci90_low": 0.1434472729611914,
  "nDCG@3_ci90_high": 0.17167183363712354,
  "nDCG@3_ci95_low": 0.14074051164827914,
  "nDCG@3_ci95_high": 0.1743785949500358,
  "nDCG@5": 0.17566137123167788,
  "nDCG@5_std": 0.33259464226188007,
  "nDCG@5_stderr": 0.008633726729407072,
  "nDCG@5_ci90_low": 0.16145127785234598,
  "nDCG@5_ci90_high": 0.1898714646110098,
  "nDCG@5_ci95_low": 0.15872575581827972,
  "nDCG@5_ci95_high": 0.19259698664507605,
  "nDCG@10": 0.203945691385788,
  "nDCG@10_std": 0.33046926365648843,
  "nDCG@10_stderr": 0.008578554649812864,
  "nDCG@10_ci90_low": 0.18982640472614243,
  "nDCG@10_ci90_high": 0.21806497804543357,
  "nDCG@10_ci95_low": 0.18711829958785156,
  "nDCG@10_ci95_high": 0.22077308318372443,
  "nDCG@100": 0.2607500852988288,
  "nDCG@100_std": 0.3088509019232701,
  "nDCG@100_stderr": 0.008017369940784643,
  "nDCG@100_ci90_low": 0.24755444231801113,
  "nDCG@100_ci90_high": 0.2739457282796465,
  "nDCG@100_ci95_low": 0.24502349373535084,
  "nDCG@100_ci95_high": 0.2764766768623068,
  "RR@1": 0.10579514824797843,
  "RR@3": 0.1461141060197665,
  "RR@5": 0.15642407906558856,
  "RR@10": 0.168264931758867,
  "RR@100": 0.17893240662877374,
  "P@1": 0.10646900269541779,
  "P@3": 0.06693620844564219,
  "P@5": 0.0491913746630731,
  "P@10": 0.03355795148248007,
  "P@100": 0.006280323450134672,
  "R@1": 0.10360512129380053,
  "R@3": 0.19547394429469903,
  "R@5": 0.239274483378257,
  "R@10": 0.3251909254267745,
  "R@100": 0.5995619946091645,
  "AP": 0.17583298088108712
}