nDCG@1,nDCG@1_std,nDCG@1_stderr,nDCG@1_ci90_low,nDCG@1_ci90_high,nDCG@1_ci95_low,nDCG@1_ci95_high,nDCG@3,nDCG@3_std,nDCG@3_stderr,nDCG@3_ci90_low,nDCG@3_ci90_high,nDCG@3_ci95_low,nDCG@3_ci95_high,nDCG@5,nDCG@5_std,nDCG@5_stderr,nDCG@5_ci90_low,nDCG@5_ci90_high,nDCG@5_ci95_low,nDCG@5_ci95_high,nDCG@10,nDCG@10_std,nDCG@10_stderr,nDCG@10_ci90_low,nDCG@10_ci90_high,nDCG@10_ci95_low,nDCG@10_ci95_high,nDCG@100,nDCG@100_std,nDCG@100_stderr,nDCG@100_ci90_low,nDCG@100_ci90_high,nDCG@100_ci95_low,nDCG@100_ci95_high,RR@1,RR@3,RR@5,RR@10,RR@100,P@1,P@3,P@5,P@10,P@100,R@1,R@3,R@5,R@10,R@100,AP
0.09366576819407008,0.2914613796371243,0.007565960434147728,0.08121309188832448,0.10611844449981567,0.07882464567981688,0.10850689070832327,0.13572787517264498,0.3112915485145927,0.008080725969520508,0.12242795565949116,0.1490277946857988,0.11987700664622629,0.15157874369906366,0.15510949885756567,0.3154488141040663,0.00818864320714342,0.14163196033098652,0.16858703738414482,0.13904694366441095,0.1711720540507204,0.1791934932574154,0.3151439402117591,0.008180729075228335,0.16572898045623322,0.1926580060585976,0.16314646214773534,0.19524052436709546,0.23438163640463844,0.29784592056809034,0.0077316948588390085,0.22165618083162564,0.24710709197765124,0.21921541505817735,0.24954785775109953,0.09366576819407008,0.12724618149146455,0.13792677448337823,0.1478797651135925,0.15811415758816277,0.09366576819407008,0.057726864330637825,0.044204851752021816,0.029716981132075708,0.005815363881401527,0.09046495956873316,0.1678459119496855,0.2146787960467206,0.28913971248876913,0.5551999101527404,0.15452925877997845
