{
  "nDCG@1": 0.12601078167115903,
  "nDCG@1_std": 0.33197338386950576,
  "nDCG@1_stderr": 0.008617599665087477,
  "nDCG@1_ci90_low": 0.11182723153289767,
  "nDCG@1_ci90_high": 0.1401943318094204,
  "nDCG@1_ci95_low": 0.109106800541266,
  "nDCG@1_ci95_high": 0.1429147628010521,
  "nDCG@3": 0.18814173369566545,
  "nDCG@3_std": 0.3525297686995595,
  "nDCG@3_stderr": 0.009151216827288993,
  "nDCG@3_ci90_low": 0.17307991280117663,
  "nDCG@3_ci90_high": 0.20320355459015427,
  "nDCG@3_ci95_low": 0.17019102786388293,
  "nDCG@3_ci95_high": 0.20609243952744796,
  "nDCG@5": 0.21135430656892767,
  "nDCG@5_std": 0.3527191332006449,
  "nDCG@5_stderr": 0.009156132484809822,
  "nDCG@5_ci90_low": 0.19628439508336723,
  "nDCG@5_ci90_high": 0.22642421805448812,
  "nDCG@5_ci95_low": 0.1933939583558322,
  "nDCG@5_ci95_high": 0.22931465478202315,
  "nDCG@10": 0.24352984140935882,
  "nDCG@10_std": 0.3475010173933503,
  "nDCG@10_stderr": 0.009020676947654451,
  "nDCG@10_ci90_low": 0.22868287372223586,
  "nDCG@10_ci90_high": 0.25837680909648175,
  "nDCG@10_ci95_low": 0.2258351980251022,
  "nDCG@10_ci95_high": 0.26122448479361543,
  "nDCG@100": 0.30484264337556316,
  "nDCG@100_std": 0.31694212093737345,
  "nDCG@100_stderr": 0.00822740752106697,
  "nDCG@100_ci90_low": 0.2913013033716031,
  "nDCG@100_ci90_high": 0.3183839833795232,
  "nDCG@100_ci95_low": 0.2887040494643729,
  "nDCG@100_ci95_high": 0.32098123728675343,
  "RR@1": 0.12533692722371967,
  "RR@3": 0.17486522911051228,
  "RR@5": 0.18824123989218322,
  "RR@10": 0.2014260578445214,
  "RR@100": 0.2129553294301338,
  "P@1": 0.12601078167115903,
  "P@3": 0.07996406109613616,
  "P@5": 0.05956873315363929,
  "P@10": 0.04016172506738582,
  "P@100": 0.00715633423180581,
  "R@1": 0.12247304582210243,
  "R@3": 0.2336590296495957,
  "R@5": 0.29015049415992816,
  "R@10": 0.38774707996406105,
  "R@100": 0.6837938005390837,
  "AP": 0.20877413833999375
}