nDCG@1,nDCG@1_std,nDCG@1_stderr,nDCG@1_ci90_low,nDCG@1_ci90_high,nDCG@1_ci95_low,nDCG@1_ci95_high,nDCG@3,nDCG@3_std,nDCG@3_stderr,nDCG@3_ci90_low,nDCG@3_ci90_high,nDCG@3_ci95_low,nDCG@3_ci95_high,nDCG@5,nDCG@5_std,nDCG@5_stderr,nDCG@5_ci90_low,nDCG@5_ci90_high,nDCG@5_ci95_low,nDCG@5_ci95_high,nDCG@10,nDCG@10_std,nDCG@10_stderr,nDCG@10_ci90_low,nDCG@10_ci90_high,nDCG@10_ci95_low,nDCG@10_ci95_high,nDCG@100,nDCG@100_std,nDCG@100_stderr,nDCG@100_ci90_low,nDCG@100_ci90_high,nDCG@100_ci95_low,nDCG@100_ci95_high,RR@1,RR@3,RR@5,RR@10,RR@100,P@1,P@3,P@5,P@10,P@100,R@1,R@3,R@5,R@10,R@100,AP
0.13814016172506738,0.3451633510946396,0.008959994154118285,0.12339307074121447,0.15288725270892028,0.12056455157938187,0.1557157718707529,0.20623959362767527,0.364120739986832,0.009452103449942156,0.1906825489279286,0.22179663832742194,0.18769867915436442,0.22478050810098613,0.23169541411042618,0.363025017507032,0.009423659911593114,0.21618518411175197,0.2472056441091004,0.21321029348391787,0.25018053473693447,0.26448472445837873,0.35578085458093145,0.009235610811758225,0.24928400104386028,0.2796854478728972,0.2463684743478658,0.28260097456889166,0.3283474973157561,0.32089388394788826,0.00832999017754073,0.3146373183882027,0.34205767624330946,0.3120076808650329,0.34468731376647926,0.13746630727762804,0.1907008086253371,0.2052223719676549,0.21875695246652113,0.23106076401377457,0.13814016172506738,0.0878256963162619,0.06536388140161781,0.043328840970350814,0.007574123989218201,0.13493935309973046,0.2575808625336927,0.31935085354896675,0.4189128481581312,0.7223719676549866,0.2274408952982847
