nDCG@1,nDCG@1_std,nDCG@1_stderr,nDCG@1_ci90_low,nDCG@1_ci90_high,nDCG@1_ci95_low,nDCG@1_ci95_high,nDCG@3,nDCG@3_std,nDCG@3_stderr,nDCG@3_ci90_low,nDCG@3_ci90_high,nDCG@3_ci95_low,nDCG@3_ci95_high,nDCG@5,nDCG@5_std,nDCG@5_stderr,nDCG@5_ci90_low,nDCG@5_ci90_high,nDCG@5_ci95_low,nDCG@5_ci95_high,nDCG@10,nDCG@10_std,nDCG@10_stderr,nDCG@10_ci90_low,nDCG@10_ci90_high,nDCG@10_ci95_low,nDCG@10_ci95_high,nDCG@100,nDCG@100_std,nDCG@100_stderr,nDCG@100_ci90_low,nDCG@100_ci90_high,nDCG@100_ci95_low,nDCG@100_ci95_high,RR@1,RR@3,RR@5,RR@10,RR@100,P@1,P@3,P@5,P@10,P@100,R@1,R@3,R@5,R@10,R@100,AP
0.12601078167115903,0.33197338386950576,0.008617599665087477,0.11182723153289767,0.1401943318094204,0.109106800541266,0.1429147628010521,0.18814173369566545,0.3525297686995595,0.009151216827288993,0.17307991280117663,0.20320355459015427,0.17019102786388293,0.20609243952744796,0.21135430656892767,0.3527191332006449,0.009156132484809822,0.19628439508336723,0.22642421805448812,0.1933939583558322,0.22931465478202315,0.24352984140935882,0.3475010173933503,0.009020676947654451,0.22868287372223586,0.25837680909648175,0.2258351980251022,0.26122448479361543,0.30484264337556316,0.31694212093737345,0.00822740752106697,0.2913013033716031,0.3183839833795232,0.2887040494643729,0.32098123728675343,0.12533692722371967,0.17486522911051228,0.18824123989218322,0.2014260578445214,0.2129553294301338,0.12601078167115903,0.07996406109613616,0.05956873315363929,0.04016172506738582,0.00715633423180581,0.12247304582210243,0.2336590296495957,0.29015049415992816,0.38774707996406105,0.6837938005390837,0.20877413833999375
