nDCG@1,nDCG@1_std,nDCG@1_stderr,nDCG@1_ci90_low,nDCG@1_ci90_high,nDCG@1_ci95_low,nDCG@1_ci95_high,nDCG@3,nDCG@3_std,nDCG@3_stderr,nDCG@3_ci90_low,nDCG@3_ci90_high,nDCG@3_ci95_low,nDCG@3_ci95_high,nDCG@5,nDCG@5_std,nDCG@5_stderr,nDCG@5_ci90_low,nDCG@5_ci90_high,nDCG@5_ci95_low,nDCG@5_ci95_high,nDCG@10,nDCG@10_std,nDCG@10_stderr,nDCG@10_ci90_low,nDCG@10_ci90_high,nDCG@10_ci95_low,nDCG@10_ci95_high,nDCG@100,nDCG@100_std,nDCG@100_stderr,nDCG@100_ci90_low,nDCG@100_ci90_high,nDCG@100_ci95_low,nDCG@100_ci95_high,RR@1,RR@3,RR@5,RR@10,RR@100,P@1,P@3,P@5,P@10,P@100,R@1,R@3,R@5,R@10,R@100,AP
0.1179245283018868,0.3226274545169263,0.008374991427282548,0.10414028263802591,0.13170877396574768,0.10149643897866768,0.13435261762510592,0.1858869561222807,0.34973138833294487,0.009078574492445651,0.17094469592200526,0.20082921632255615,0.16807874294566272,0.2036951692988987,0.21217198961040412,0.34985680003890035,0.009081830018122568,0.1972243711997848,0.22711960802102343,0.19435739050884773,0.2299865887119605,0.23934270116262776,0.34481187847609707,0.008950870379541736,0.22461062683296928,0.25407477549228624,0.22178498789301787,0.25690041443223766,0.3043760883303528,0.3130880192301453,0.008127360025709697,0.2909994146745356,0.31775276198617,0.2884337440756027,0.3203184325851029,0.11859838274932614,0.17127133872416903,0.18619721473495052,0.19768937449193488,0.20970910234681456,0.1179245283018868,0.07996406109613619,0.06132075471698163,0.03935309973045859,0.007284366576819284,0.11545372866127582,0.23332210242587606,0.2968890386343217,0.3803346810422283,0.6941262353998204,0.20618441771869533
