{
  "nDCG@1": 0.07884097035040431,
  "nDCG@1_std": 0.26958123724031313,
  "nDCG@1_stderr": 0.006997980237684314,
  "nDCG@1_ci90_low": 0.06732312229233373,
  "nDCG@1_ci90_high": 0.0903588184084749,
  "nDCG@1_ci95_low": 0.06511397786032334,
  "nDCG@1_ci95_high": 0.09256796284048528,
  "nDCG@3": 0.126507247417324,
  "nDCG@3_std": 0.2984742455141006,
  "nDCG@3_stderr": 0.007748005361750991,
  "nDCG@3_ci90_low": 0.11375494668500662,
  "nDCG@3_ci90_high": 0.13925954814964137,
  "nDCG@3_ci95_low": 0.11130903196065142,
  "nDCG@3_ci95_high": 0.14170546287399657,
  "nDCG@5": 0.14305388780283895,
  "nDCG@5_std": 0.3020130068829446,
  "nDCG@5_stderr": 0.007839867029790504,
  "nDCG@5_ci90_low": 0.13015039362628428,
  "nDCG@5_ci90_high": 0.15595738197939363,
  "nDCG@5_ci95_low": 0.12767547972136956,
  "nDCG@5_ci95_high": 0.15843229588430835,
  "nDCG@10": 0.16954532598330746,
  "nDCG@10_std": 0.30257936154906634,
  "nDCG@10_stderr": 0.00785456886439002,
  "nDCG@10_ci90_low": 0.15661763432528802,
  "nDCG@10_ci90_high": 0.1824730176413269,
  "nDCG@10_ci95_low": 0.15413807929894358,
  "nDCG@10_ci95_high": 0.18495257266767134,
  "nDCG@100": 0.22690859598575935,
  "nDCG@100_std": 0.2852144932432578,
  "nDCG@100_stderr": 0.007403799343194772,
  "nDCG@100_ci90_low": 0.21472281766244436,
  "nDCG@100_ci90_high": 0.23909437430907435,
  "nDCG@100_ci95_low": 0.21238556297763359,
  "nDCG@100_ci95_high": 0.24143162899388512,
  "RR@1": 0.07884097035040431,
  "RR@3": 0.11579065588499551,
  "RR@5": 0.12535938903863425,
  "RR@10": 0.13639562743336317,
  "RR@100": 0.14687316622874877,
  "P@1": 0.07884097035040431,
  "P@3": 0.05548068283917334,
  "P@5": 0.041778975741240114,
  "P@10": 0.02917789757412421,
  "P@100": 0.005896226415094247,
  "R@1": 0.07637017070979336,
  "R@3": 0.1620058400718778,
  "R@5": 0.20232479784366578,
  "R@10": 0.28307502246181493,
  "R@100": 0.563230008984726,
  "AP": 0.14392863341978493
}