{
  "nDCG@1": 0.14353099730458221,
  "nDCG@1_std": 0.3507317248284827,
  "nDCG@1_stderr": 0.009104541934017142,
  "nDCG@1_ci90_low": 0.1285459977657664,
  "nDCG@1_ci90_high": 0.15851599684339804,
  "nDCG@1_ci95_low": 0.12567184730571956,
  "nDCG@1_ci95_high": 0.16139014730344486,
  "nDCG@3": 0.21860936152813776,
  "nDCG@3_std": 0.369627530982339,
  "nDCG@3_stderr": 0.009595052621605997,
  "nDCG@3_ci90_low": 0.20281703939357,
  "nDCG@3_ci90_high": 0.23440168366270553,
  "nDCG@3_ci95_low": 0.19978804297547184,
  "nDCG@3_ci95_high": 0.23743068008080367,
  "nDCG@5": 0.24623370536313588,
  "nDCG@5_std": 0.3678894145639377,
  "nDCG@5_stderr": 0.00954993336749439,
  "nDCG@5_ci90_low": 0.2305156441861159,
  "nDCG@5_ci90_high": 0.26195176654015584,
  "nDCG@5_ci95_low": 0.22750089115619715,
  "nDCG@5_ci95_high": 0.2649665195700746,
  "nDCG@10": 0.27569815902431144,
  "nDCG@10_std": 0.36011853968087126,
  "nDCG@10_stderr": 0.009348211506515098,
  "nDCG@10_ci90_low": 0.26031210817967837,
  "nDCG@10_ci90_high": 0.2910842098689445,
  "nDCG@10_ci95_low": 0.257361035341881,
  "nDCG@10_ci95_high": 0.2940352827067419,
  "nDCG@100": 0.33871116517804506,
  "nDCG@100_std": 0.3246892613942251,
  "nDCG@100_stderr": 0.008428513267040248,
  "nDCG@100_ci90_low": 0.324838828894151,
  "nDCG@100_ci90_high": 0.3525835014619391,
  "nDCG@100_ci95_low": 0.32217808929192415,
  "nDCG@100_ci95_high": 0.35524424106416597,
  "RR@1": 0.14353099730458221,
  "RR@3": 0.20271787960467205,
  "RR@5": 0.21814914645103306,
  "RR@10": 0.230510097120609,
  "RR@100": 0.24226932109457092,
  "P@1": 0.14353099730458221,
  "P@3": 0.0936657681940698,
  "P@5": 0.07021563342318121,
  "P@10": 0.044609164420485514,
  "P@100": 0.007695417789757282,
  "R@1": 0.139937106918239,
  "R@3": 0.2736972147349506,
  "R@5": 0.34029649595687333,
  "R@10": 0.430256064690027,
  "R@100": 0.731300539083558,
  "AP": 0.23771190557805302
}