{
  "nDCG@1": 0.1179245283018868,
  "nDCG@1_std": 0.3226274545169263,
  "nDCG@1_stderr": 0.008374991427282548,
  "nDCG@1_ci90_low": 0.10414028263802591,
  "nDCG@1_ci90_high": 0.13170877396574768,
  "nDCG@1_ci95_low": 0.10149643897866768,
  "nDCG@1_ci95_high": 0.13435261762510592,
  "nDCG@3": 0.1858869561222807,
  "nDCG@3_std": 0.34973138833294487,
  "nDCG@3_stderr": 0.009078574492445651,
  "nDCG@3_ci90_low": 0.17094469592200526,
  "nDCG@3_ci90_high": 0.20082921632255615,
  "nDCG@3_ci95_low": 0.16807874294566272,
  "nDCG@3_ci95_high": 0.2036951692988987,
  "nDCG@5": 0.21217198961040412,
  "nDCG@5_std": 0.34985680003890035,
  "nDCG@5_stderr": 0.009081830018122568,
  "nDCG@5_ci90_low": 0.1972243711997848,
  "nDCG@5_ci90_high": 0.22711960802102343,
  "nDCG@5_ci95_low": 0.19435739050884773,
  "nDCG@5_ci95_high": 0.2299865887119605,
  "nDCG@10": 0.23934270116262776,
  "nDCG@10_std": 0.34481187847609707,
  "nDCG@10_stderr": 0.008950870379541736,
  "nDCG@10_ci90_low": 0.22461062683296928,
  "nDCG@10_ci90_high": 0.25407477549228624,
  "nDCG@10_ci95_low": 0.22178498789301787,
  "nDCG@10_ci95_high": 0.25690041443223766,
  "nDCG@100": 0.3043760883303528,
  "nDCG@100_std": 0.3130880192301453,
  "nDCG@100_stderr": 0.008127360025709697,
  "nDCG@100_ci90_low": 0.2909994146745356,
  "nDCG@100_ci90_high": 0.31775276198617,
  "nDCG@100_ci95_low": 0.2884337440756027,
  "nDCG@100_ci95_high": 0.3203184325851029,
  "RR@1": 0.11859838274932614,
  "RR@3": 0.17127133872416903,
  "RR@5": 0.18619721473495052,
  "RR@10": 0.19768937449193488,
  "RR@100": 0.20970910234681456,
  "P@1": 0.1179245283018868,
  "P@3": 0.07996406109613619,
  "P@5": 0.06132075471698163,
  "P@10": 0.03935309973045859,
  "P@100": 0.007284366576819284,
  "R@1": 0.11545372866127582,
  "R@3": 0.23332210242587606,
  "R@5": 0.2968890386343217,
  "R@10": 0.3803346810422283,
  "R@100": 0.6941262353998204,
  "AP": 0.20618441771869533
}