{
  "nDCG@1": 0.14150943396226415,
  "nDCG@1_std": 0.34866378094505684,
  "nDCG@1_stderr": 0.009050860785518094,
  "nDCG@1_ci90_low": 0.12661278724683375,
  "nDCG@1_ci90_high": 0.15640608067769454,
  "nDCG@1_ci95_low": 0.12375558302074055,
  "nDCG@1_ci95_high": 0.15926328490378774,
  "nDCG@3": 0.2172042841948448,
  "nDCG@3_std": 0.36813935702540945,
  "nDCG@3_stderr": 0.009556421550514258,
  "nDCG@3_ci90_low": 0.2014755442357109,
  "nDCG@3_ci90_high": 0.2329330241539787,
  "nDCG@3_ci95_low": 0.19845874299575078,
  "nDCG@3_ci95_high": 0.23594982539393883,
  "nDCG@5": 0.24582837411688171,
  "nDCG@5_std": 0.36635716615090486,
  "nDCG@5_stderr": 0.00951015818052888,
  "nDCG@5_ci90_low": 0.23017577819474816,
  "nDCG@5_ci90_high": 0.26148097003901527,
  "nDCG@5_ci95_low": 0.22717358152106829,
  "nDCG@5_ci95_high": 0.2644831667126951,
  "nDCG@10": 0.27591265204600607,
  "nDCG@10_std": 0.35814360829691955,
  "nDCG@10_stderr": 0.00929694484219841,
  "nDCG@10_ci90_low": 0.2606109800692732,
  "nDCG@10_ci90_high": 0.29121432402273895,
  "nDCG@10_ci95_low": 0.25767609125346164,
  "nDCG@10_ci95_high": 0.2941492128385505,
  "nDCG@100": 0.33807629264869155,
  "nDCG@100_std": 0.32286041003832106,
  "nDCG@100_stderr": 0.00838103865130922,
  "nDCG@100_ci90_low": 0.3242820939690823,
  "nDCG@100_ci90_high": 0.3518704913283008,
  "nDCG@100_ci95_low": 0.3216363413030059,
  "nDCG@100_ci95_high": 0.3545162439943772,
  "RR@1": 0.14150943396226415,
  "RR@3": 0.20114555256064687,
  "RR@5": 0.21728436657681918,
  "RR@10": 0.22948835194455108,
  "RR@100": 0.2408653811048742,
  "P@1": 0.14150943396226415,
  "P@3": 0.09344115004492333,
  "P@5": 0.07061994609164483,
  "P@10": 0.0452156334231809,
  "P@100": 0.007735849056603642,
  "R@1": 0.13757861635220126,
  "R@3": 0.2726864330637916,
  "R@5": 0.3419811320754717,
  "R@10": 0.4353099730458221,
  "R@100": 0.7356244384546272,
  "AP": 0.23601893367879576
}