nDCG@1,nDCG@1_std,nDCG@1_stderr,nDCG@1_ci90_low,nDCG@1_ci90_high,nDCG@1_ci95_low,nDCG@1_ci95_high,nDCG@3,nDCG@3_std,nDCG@3_stderr,nDCG@3_ci90_low,nDCG@3_ci90_high,nDCG@3_ci95_low,nDCG@3_ci95_high,nDCG@5,nDCG@5_std,nDCG@5_stderr,nDCG@5_ci90_low,nDCG@5_ci90_high,nDCG@5_ci95_low,nDCG@5_ci95_high,nDCG@10,nDCG@10_std,nDCG@10_stderr,nDCG@10_ci90_low,nDCG@10_ci90_high,nDCG@10_ci95_low,nDCG@10_ci95_high,nDCG@100,nDCG@100_std,nDCG@100_stderr,nDCG@100_ci90_low,nDCG@100_ci90_high,nDCG@100_ci95_low,nDCG@100_ci95_high,RR@1,RR@3,RR@5,RR@10,RR@100,P@1,P@3,P@5,P@10,P@100,R@1,R@3,R@5,R@10,R@100,AP
0.13746630727762804,0.3444550391299843,0.008941607291658884,0.12274947889539432,0.15218313565986175,0.11992676415618722,0.15500585039906886,0.2112040324751842,0.3656644921565227,0.009492177259551345,0.19558103102298757,0.22682703392738085,0.19258451062304827,0.22982355432732016,0.2367699071020167,0.36375834578394844,0.009442696165162282,0.22122834568073804,0.2523114685232954,0.21824744562844856,0.25529236857558485,0.26903404532054703,0.3562160460854675,0.009246907820331697,0.2538147283656297,0.2842533622754644,0.25089563539440424,0.28717245524668983,0.3315102473670732,0.3215424926087004,0.008346827219453658,0.3177723566592755,0.34524813807487087,0.3151374039657094,0.347883090768437,0.13746630727762804,0.19474393530997317,0.2097035040431266,0.22303967184357998,0.23430146218630216,0.13746630727762804,0.09052111410601942,0.06765498652291164,0.04420485175202192,0.007661725067385315,0.1342093441150045,0.26510557053009887,0.32681940700808626,0.425314465408805,0.7292228212039533,0.2302182315831073
