{
  "nDCG@1": 0.17587601078167117,
  "nDCG@1_std": 0.38084298127934507,
  "nDCG@1_stderr": 0.009886191205057243,
  "nDCG@1_ci90_low": 0.1596045089618028,
  "nDCG@1_ci90_high": 0.19214751260153953,
  "nDCG@1_ci95_low": 0.15648360499913755,
  "nDCG@1_ci95_high": 0.1952684165642048,
  "nDCG@3": 0.26594500101502644,
  "nDCG@3_std": 0.3926753992522813,
  "nDCG@3_stderr": 0.010193345471378883,
  "nDCG@3_ci90_low": 0.249167959589483,
  "nDCG@3_ci90_high": 0.28272204244056987,
  "nDCG@3_ci95_low": 0.24595009220106262,
  "nDCG@3_ci95_high": 0.28593990982899026,
  "nDCG@5": 0.3020546047371922,
  "nDCG@5_std": 0.38566747737782736,
  "nDCG@5_stderr": 0.010011428883686443,
  "nDCG@5_ci90_low": 0.28557697650590175,
  "nDCG@5_ci90_high": 0.31853223296848265,
  "nDCG@5_ci95_low": 0.28241653711858183,
  "nDCG@5_ci95_high": 0.32169267235580257,
  "nDCG@10": 0.33521087806711386,
  "nDCG@10_std": 0.37245358490311975,
  "nDCG@10_stderr": 0.009668413326122033,
  "nDCG@10_ci90_low": 0.3192978128867886,
  "nDCG@10_ci90_high": 0.3511239432474391,
  "nDCG@10_ci95_low": 0.31624565773053953,
  "nDCG@10_ci95_high": 0.3541760984036882,
  "nDCG@100": 0.40014897423734086,
  "nDCG@100_std": 0.3266145031314799,
  "nDCG@100_stderr": 0.00847849005239814,
  "nDCG@100_ci90_low": 0.38619438207380263,
  "nDCG@100_ci90_high": 0.4141035664008791,
  "nDCG@100_ci95_low": 0.3835178656426404,
  "nDCG@100_ci95_high": 0.4167800828320413,
  "RR@1": 0.17587601078167117,
  "RR@3": 0.24752920035938872,
  "RR@5": 0.26794699011680084,
  "RR@10": 0.28182197407264753,
  "RR@100": 0.2941125355150093,
  "P@1": 0.17587601078167117,
  "P@3": 0.11410601976639742,
  "P@5": 0.08625336927223803,
  "P@10": 0.053840970350404145,
  "P@100": 0.008692722371967504,
  "R@1": 0.17009209344115006,
  "R@3": 0.33080637915543576,
  "R@5": 0.4179582210242588,
  "R@10": 0.5180256064690026,
  "R@100": 0.8253032345013477,
  "AP": 0.2883581879053078
}