nDCG@1,nDCG@1_std,nDCG@1_stderr,nDCG@1_ci90_low,nDCG@1_ci90_high,nDCG@1_ci95_low,nDCG@1_ci95_high,nDCG@3,nDCG@3_std,nDCG@3_stderr,nDCG@3_ci90_low,nDCG@3_ci90_high,nDCG@3_ci95_low,nDCG@3_ci95_high,nDCG@5,nDCG@5_std,nDCG@5_stderr,nDCG@5_ci90_low,nDCG@5_ci90_high,nDCG@5_ci95_low,nDCG@5_ci95_high,nDCG@10,nDCG@10_std,nDCG@10_stderr,nDCG@10_ci90_low,nDCG@10_ci90_high,nDCG@10_ci95_low,nDCG@10_ci95_high,nDCG@100,nDCG@100_std,nDCG@100_stderr,nDCG@100_ci90_low,nDCG@100_ci90_high,nDCG@100_ci95_low,nDCG@100_ci95_high,RR@1,RR@3,RR@5,RR@10,RR@100,P@1,P@3,P@5,P@10,P@100,R@1,R@3,R@5,R@10,R@100,AP
0.16846361185983827,0.3744036364187915,0.009719034141238229,0.1524672308030342,0.18445999291664233,0.14939909550850813,0.1875281282111684,0.2579527670817353,0.38926000862069954,0.010104686348108835,0.24132164809039472,0.27458388607307593,0.238131768893119,0.27777376527035164,0.2950880038326292,0.3823725441654928,0.009925896679218324,0.27875115149690793,0.3114248561683504,0.2756177131851614,0.314558294480097,0.3295327594337441,0.3691746465440357,0.009583296327356276,0.31375978676949423,0.345305732097994,0.3107345016153752,0.348331017252113,0.39120809243669596,0.32633307430304487,0.008471184524016922,0.3772655243090968,0.4051506605642951,0.37459131411013274,0.4078248707632592,0.1664420485175202,0.2383198562443844,0.2591419586702601,0.27388386172078877,0.28521599236912076,0.16846361185983827,0.11051212938005414,0.08477088948787145,0.05343665768194056,0.008537735849056455,0.16324123989218328,0.3212601078167116,0.41054582210242585,0.5143194070080862,0.8100853548966755,0.28112531016008363
