{
  "nDCG@1": 0.1725067385444744,
  "nDCG@1_std": 0.3779476419412676,
  "nDCG@1_stderr": 0.009811031940723152,
  "nDCG@1_ci90_low": 0.15635893998716954,
  "nDCG@1_ci90_high": 0.18865453710177926,
  "nDCG@1_ci95_low": 0.1532617625376807,
  "nDCG@1_ci95_high": 0.1917517145512681,
  "nDCG@3": 0.264380727358751,
  "nDCG@3_std": 0.39181580823724693,
  "nDCG@3_stderr": 0.010171031600438602,
  "nDCG@3_ci90_low": 0.24764041192647254,
  "nDCG@3_ci90_high": 0.28112104279102945,
  "nDCG@3_ci95_low": 0.2444295886510776,
  "nDCG@3_ci95_high": 0.2843318660664244,
  "nDCG@5": 0.30211417547394287,
  "nDCG@5_std": 0.3842934132976186,
  "nDCG@5_stderr": 0.00997575995740267,
  "nDCG@5_ci90_low": 0.2856952540779645,
  "nDCG@5_ci90_high": 0.31853309686992126,
  "nDCG@5_ci95_low": 0.28254607476958443,
  "nDCG@5_ci95_high": 0.3216822761783013,
  "nDCG@10": 0.3359387034362279,
  "nDCG@10_std": 0.3704898912200059,
  "nDCG@10_stderr": 0.009617438377984058,
  "nDCG@10_ci90_low": 0.320109536993464,
  "nDCG@10_ci90_high": 0.3517678698789918,
  "nDCG@10_ci95_low": 0.3170734737693191,
  "nDCG@10_ci95_high": 0.3548039331031367,
  "nDCG@100": 0.39875925778635907,
  "nDCG@100_std": 0.3258829851297915,
  "nDCG@100_stderr": 0.008459500791232451,
  "nDCG@100_ci90_low": 0.3848359197014854,
  "nDCG@100_ci90_high": 0.41268259587123274,
  "nDCG@100_ci95_low": 0.38216539786006865,
  "nDCG@100_ci95_high": 0.4153531177126495,
  "RR@1": 0.17183288409703504,
  "RR@3": 0.24573225516621716,
  "RR@5": 0.26662174303683683,
  "RR@10": 0.28084328070850956,
  "RR@100": 0.2924381838192039,
  "P@1": 0.1725067385444744,
  "P@3": 0.11320754716981159,
  "P@5": 0.08679245283018949,
  "P@10": 0.054312668463611664,
  "P@100": 0.008672506738544323,
  "R@1": 0.16694743935309972,
  "R@3": 0.3287848158131177,
  "R@5": 0.4203167115902965,
  "R@10": 0.5230795148247979,
  "R@100": 0.8235624438454626,
  "AP": 0.2871240426130725
}