nDCG@1,nDCG@1_std,nDCG@1_stderr,nDCG@1_ci90_low,nDCG@1_ci90_high,nDCG@1_ci95_low,nDCG@1_ci95_high,nDCG@3,nDCG@3_std,nDCG@3_stderr,nDCG@3_ci90_low,nDCG@3_ci90_high,nDCG@3_ci95_low,nDCG@3_ci95_high,nDCG@5,nDCG@5_std,nDCG@5_stderr,nDCG@5_ci90_low,nDCG@5_ci90_high,nDCG@5_ci95_low,nDCG@5_ci95_high,nDCG@10,nDCG@10_std,nDCG@10_stderr,nDCG@10_ci90_low,nDCG@10_ci90_high,nDCG@10_ci95_low,nDCG@10_ci95_high,nDCG@100,nDCG@100_std,nDCG@100_stderr,nDCG@100_ci90_low,nDCG@100_ci90_high,nDCG@100_ci95_low,nDCG@100_ci95_high,RR@1,RR@3,RR@5,RR@10,RR@100,P@1,P@3,P@5,P@10,P@100,R@1,R@3,R@5,R@10,R@100,AP
0.1320754716981132,0.3386869329260304,0.00879187471517341,0.11760508543299439,0.14654585796323202,0.1148296387449104,0.14932130465131602,0.2065682090709756,0.3603413679375112,0.009353995839847517,0.19117263789759378,0.2219637802443574,0.18821973904324016,0.22491667909871102,0.2330855397624554,0.35952080650909424,0.009332695126494275,0.217725027044742,0.24844605248016882,0.21477885246663722,0.2513922270582736,0.26564252666302957,0.35180690342200577,0.009132452179650256,0.2506115901598973,0.2806734631661618,0.24772862890564384,0.2835564244204153,0.3271231065615338,0.3180064660039783,0.008255036542353558,0.31353629245528086,0.34070992066778677,0.31093031653163106,0.3433158965914366,0.1320754716981132,0.1913746630727764,0.20579514824797826,0.21969740726479237,0.2304326295153263,0.1320754716981132,0.09007187780772649,0.06738544474393589,0.04407008086253406,0.007641509433962135,0.12752695417789758,0.26106244384546273,0.32462938005390835,0.4233490566037736,0.7268643306379154,0.22557545642586563
