{
  "nDCG@1": 0.16846361185983827,
  "nDCG@1_std": 0.3744036364187915,
  "nDCG@1_stderr": 0.009719034141238229,
  "nDCG@1_ci90_low": 0.1524672308030342,
  "nDCG@1_ci90_high": 0.18445999291664233,
  "nDCG@1_ci95_low": 0.14939909550850813,
  "nDCG@1_ci95_high": 0.1875281282111684,
  "nDCG@3": 0.2579527670817353,
  "nDCG@3_std": 0.38926000862069954,
  "nDCG@3_stderr": 0.010104686348108835,
  "nDCG@3_ci90_low": 0.24132164809039472,
  "nDCG@3_ci90_high": 0.27458388607307593,
  "nDCG@3_ci95_low": 0.238131768893119,
  "nDCG@3_ci95_high": 0.27777376527035164,
  "nDCG@5": 0.2950880038326292,
  "nDCG@5_std": 0.3823725441654928,
  "nDCG@5_stderr": 0.009925896679218324,
  "nDCG@5_ci90_low": 0.27875115149690793,
  "nDCG@5_ci90_high": 0.3114248561683504,
  "nDCG@5_ci95_low": 0.2756177131851614,
  "nDCG@5_ci95_high": 0.314558294480097,
  "nDCG@10": 0.3295327594337441,
  "nDCG@10_std": 0.3691746465440357,
  "nDCG@10_stderr": 0.009583296327356276,
  "nDCG@10_ci90_low": 0.31375978676949423,
  "nDCG@10_ci90_high": 0.345305732097994,
  "nDCG@10_ci95_low": 0.3107345016153752,
  "nDCG@10_ci95_high": 0.348331017252113,
  "nDCG@100": 0.39120809243669596,
  "nDCG@100_std": 0.32633307430304487,
  "nDCG@100_stderr": 0.008471184524016922,
  "nDCG@100_ci90_low": 0.3772655243090968,
  "nDCG@100_ci90_high": 0.4051506605642951,
  "nDCG@100_ci95_low": 0.37459131411013274,
  "nDCG@100_ci95_high": 0.4078248707632592,
  "RR@1": 0.1664420485175202,
  "RR@3": 0.2383198562443844,
  "RR@5": 0.2591419586702601,
  "RR@10": 0.27388386172078877,
  "RR@100": 0.28521599236912076,
  "P@1": 0.16846361185983827,
  "P@3": 0.11051212938005414,
  "P@5": 0.08477088948787145,
  "P@10": 0.05343665768194056,
  "P@100": 0.008537735849056455,
  "R@1": 0.16324123989218328,
  "R@3": 0.3212601078167116,
  "R@5": 0.41054582210242585,
  "R@10": 0.5143194070080862,
  "R@100": 0.8100853548966755,
  "AP": 0.28112531016008363
}