nDCG@1,nDCG@1_std,nDCG@1_stderr,nDCG@1_ci90_low,nDCG@1_ci90_high,nDCG@1_ci95_low,nDCG@1_ci95_high,nDCG@3,nDCG@3_std,nDCG@3_stderr,nDCG@3_ci90_low,nDCG@3_ci90_high,nDCG@3_ci95_low,nDCG@3_ci95_high,nDCG@5,nDCG@5_std,nDCG@5_stderr,nDCG@5_ci90_low,nDCG@5_ci90_high,nDCG@5_ci95_low,nDCG@5_ci95_high,nDCG@10,nDCG@10_std,nDCG@10_stderr,nDCG@10_ci90_low,nDCG@10_ci90_high,nDCG@10_ci95_low,nDCG@10_ci95_high,nDCG@100,nDCG@100_std,nDCG@100_stderr,nDCG@100_ci90_low,nDCG@100_ci90_high,nDCG@100_ci95_low,nDCG@100_ci95_high,RR@1,RR@3,RR@5,RR@10,RR@100,P@1,P@3,P@5,P@10,P@100,R@1,R@3,R@5,R@10,R@100,AP
0.12601078167115903,0.33197338386950576,0.008617599665087477,0.11182723153289767,0.1401943318094204,0.109106800541266,0.1429147628010521,0.19646909310974756,0.35534431583378956,0.00922427883050925,0.18128702079651685,0.21165116542297827,0.17837507141603762,0.2145631148034575,0.22269278828631184,0.35553426007014244,0.009229209537207784,0.20750260061284237,0.2378829759597813,0.20458909469135,0.24079648188127367,0.253331390965549,0.34958985629445166,0.009074900503786376,0.23839517771620905,0.268267604214889,0.23553038455617265,0.2711323973749254,0.31436521509948195,0.31831488529224966,0.008263042708162196,0.30076522379092496,0.32796520640803895,0.29815672045564817,0.33057370974331574,0.12601078167115903,0.18149146451033257,0.1960467205750224,0.20881198391306194,0.220457750069291,0.12601078167115903,0.08490566037735803,0.06401617250673908,0.041846361185984234,0.007311320754716857,0.12320305480682837,0.24764150943396226,0.3103099730458221,0.40352650494159925,0.694743935309973,0.21669067843719353
