{
  "nDCG@1": 0.16307277628032346,
  "nDCG@1_std": 0.3695565932534578,
  "nDCG@1_stderr": 0.009593211169916337,
  "nDCG@1_ci90_low": 0.147283484957511,
  "nDCG@1_ci90_high": 0.17886206760313592,
  "nDCG@1_ci95_low": 0.14425506985467937,
  "nDCG@1_ci95_high": 0.18189048270596755,
  "nDCG@3": 0.24126085548366763,
  "nDCG@3_std": 0.38429896011667525,
  "nDCG@3_stderr": 0.009975903945651027,
  "nDCG@3_ci90_low": 0.22484169710005705,
  "nDCG@3_ci90_high": 0.2576800138672782,
  "nDCG@3_ci95_low": 0.22169247233701345,
  "nDCG@3_ci95_high": 0.2608292386303218,
  "nDCG@5": 0.2709267529967798,
  "nDCG@5_std": 0.38064358642623863,
  "nDCG@5_stderr": 0.00988101517257138,
  "nDCG@5_ci90_low": 0.2546637703143898,
  "nDCG@5_ci90_high": 0.28718973567916983,
  "nDCG@5_ci95_low": 0.25154450033795456,
  "nDCG@5_ci95_high": 0.2903090056556051,
  "nDCG@10": 0.30644075820245076,
  "nDCG@10_std": 0.369126271981412,
  "nDCG@10_stderr": 0.009582040586279067,
  "nDCG@10_ci90_low": 0.2906698523395402,
  "nDCG@10_ci90_high": 0.32221166406536134,
  "nDCG@10_ci95_low": 0.28764496360171765,
  "nDCG@10_ci95_high": 0.32523655280318386,
  "nDCG@100": 0.37091265440737475,
  "nDCG@100_std": 0.3282354183169387,
  "nDCG@100_stderr": 0.008520566914092677,
  "nDCG@100_ci90_low": 0.35688880870448697,
  "nDCG@100_ci90_high": 0.38493650011026254,
  "nDCG@100_ci95_low": 0.3541990093171614,
  "nDCG@100_ci95_high": 0.3876262994975881,
  "RR@1": 0.1623989218328841,
  "RR@3": 0.22517969451931694,
  "RR@5": 0.24128481581311723,
  "RR@10": 0.25630000427844063,
  "RR@100": 0.2684718067203141,
  "P@1": 0.16307277628032346,
  "P@3": 0.1022012578616352,
  "P@5": 0.07628032345013547,
  "P@10": 0.04952830188679253,
  "P@100": 0.008241239892183146,
  "R@1": 0.1588050314465409,
  "R@3": 0.2973944294699012,
  "R@5": 0.36887915543575917,
  "R@10": 0.47692048517520214,
  "R@100": 0.7828504043126685,
  "AP": 0.2640784126419347
}