nDCG@1,nDCG@1_std,nDCG@1_stderr,nDCG@1_ci90_low,nDCG@1_ci90_high,nDCG@1_ci95_low,nDCG@1_ci95_high,nDCG@3,nDCG@3_std,nDCG@3_stderr,nDCG@3_ci90_low,nDCG@3_ci90_high,nDCG@3_ci95_low,nDCG@3_ci95_high,nDCG@5,nDCG@5_std,nDCG@5_stderr,nDCG@5_ci90_low,nDCG@5_ci90_high,nDCG@5_ci95_low,nDCG@5_ci95_high,nDCG@10,nDCG@10_std,nDCG@10_stderr,nDCG@10_ci90_low,nDCG@10_ci90_high,nDCG@10_ci95_low,nDCG@10_ci95_high,nDCG@100,nDCG@100_std,nDCG@100_stderr,nDCG@100_ci90_low,nDCG@100_ci90_high,nDCG@100_ci95_low,nDCG@100_ci95_high,RR@1,RR@3,RR@5,RR@10,RR@100,P@1,P@3,P@5,P@10,P@100,R@1,R@3,R@5,R@10,R@100,AP
0.16172506738544473,0.36832252993856635,0.009561176482420771,0.14598850137059682,0.17746163340029264,0.14297019907876327,0.1804799356921262,0.24143220320338196,0.38301819842463186,0.009942657028685093,0.22506776531411501,0.25779664109264894,0.22192903604248493,0.260935370364279,0.26875848002743336,0.3795987062144913,0.009853891433740712,0.2525401398121564,0.2849768202427103,0.24942943234298434,0.2880875277118824,0.3039072557724146,0.3685023175957186,0.00956584353745995,0.2881630083367861,0.31965150320804314,0.2851432327343253,0.32267127881050395,0.3685464331020191,0.3276709533645041,0.00850591413401629,0.35454670414265105,0.3825461620613872,0.3518615303910689,0.38523133581296937,0.1623989218328841,0.2249550763701705,0.2402178796046716,0.25493411200958355,0.26693262122629413,0.16172506738544473,0.10309973045822103,0.0756064690026961,0.049326145552560714,0.008227762803234359,0.1574573225516622,0.3000898472596586,0.3660152740341419,0.47287735849056606,0.7813903863432164,0.26176323795836065
