nDCG@1,nDCG@1_std,nDCG@1_stderr,nDCG@1_ci90_low,nDCG@1_ci90_high,nDCG@1_ci95_low,nDCG@1_ci95_high,nDCG@3,nDCG@3_std,nDCG@3_stderr,nDCG@3_ci90_low,nDCG@3_ci90_high,nDCG@3_ci95_low,nDCG@3_ci95_high,nDCG@5,nDCG@5_std,nDCG@5_stderr,nDCG@5_ci90_low,nDCG@5_ci90_high,nDCG@5_ci95_low,nDCG@5_ci95_high,nDCG@10,nDCG@10_std,nDCG@10_stderr,nDCG@10_ci90_low,nDCG@10_ci90_high,nDCG@10_ci95_low,nDCG@10_ci95_high,nDCG@100,nDCG@100_std,nDCG@100_stderr,nDCG@100_ci90_low,nDCG@100_ci90_high,nDCG@100_ci95_low,nDCG@100_ci95_high,RR@1,RR@3,RR@5,RR@10,RR@100,P@1,P@3,P@5,P@10,P@100,R@1,R@3,R@5,R@10,R@100,AP
0.14487870619946092,0.35209715427223415,0.009139986716306673,0.12983536873984564,0.1599220436590762,0.12695002895934074,0.1628073834395811,0.223343974764014,0.37127776121043116,0.009637890463890708,0.20748114660602052,0.23920680292200747,0.20443862700301066,0.24224932252501732,0.2526050769145579,0.3689171344873421,0.009576611647435094,0.2368431064430885,0.2683670473860273,0.2338199315297713,0.2713902222993445,0.2848417099229288,0.36000610850490455,0.009345292938607445,0.26946046269599194,0.30022295714986563,0.2665103112008997,0.3031731086449579,0.34767438648116833,0.323277225966885,0.008391858653697749,0.3338623793569413,0.36148639360539536,0.3312132109984481,0.3641355619638886,0.14487870619946092,0.20664869721473497,0.22305705300988288,0.2366646344072219,0.24844257185513607,0.14487870619946092,0.09636118598382729,0.07264150943396291,0.04676549865229133,0.007884097035040295,0.14139712488769093,0.28088499550763707,0.35119047619047616,0.4487309074573225,0.7483715184186882,0.24380542255875273
