{
  "nDCG@1": 0.12196765498652291,
  "nDCG@1_std": 0.3273587617571125,
  "nDCG@1_stderr": 0.008497810043682474,
  "nDCG@1_ci90_low": 0.1079812644016491,
  "nDCG@1_ci90_high": 0.13595404557139673,
  "nDCG@1_ci95_low": 0.10529864897481629,
  "nDCG@1_ci95_high": 0.13863666099822952,
  "nDCG@3": 0.18609077582275782,
  "nDCG@3_std": 0.35009078381754866,
  "nDCG@3_stderr": 0.009087903934377578,
  "nDCG@3_ci90_low": 0.1711331604641383,
  "nDCG@3_ci90_high": 0.20104839118137735,
  "nDCG@3_ci95_low": 0.1682642623401963,
  "nDCG@3_ci95_high": 0.20391728930531933,
  "nDCG@5": 0.2138250748503399,
  "nDCG@5_std": 0.3506200295533955,
  "nDCG@5_stderr": 0.009101642469144496,
  "nDCG@5_ci90_low": 0.19884484748788336,
  "nDCG@5_ci90_high": 0.22880530221279646,
  "nDCG@5_ci95_low": 0.19597161234003543,
  "nDCG@5_ci95_high": 0.2316785373606444,
  "nDCG@10": 0.23887812024901042,
  "nDCG@10_std": 0.34654117415828095,
  "nDCG@10_stderr": 0.008995760658750032,
  "nDCG@10_ci90_low": 0.22407216182742193,
  "nDCG@10_ci90_high": 0.2536840786705989,
  "nDCG@10_ci95_low": 0.22123235178280945,
  "nDCG@10_ci95_high": 0.2565238887152114,
  "nDCG@100": 0.29784886500219016,
  "nDCG@100_std": 0.3186927219241594,
  "nDCG@100_stderr": 0.008272850858426082,
  "nDCG@100_ci90_low": 0.2842327306379752,
  "nDCG@100_ci90_high": 0.3114649993664051,
  "nDCG@100_ci95_low": 0.2816211310349458,
  "nDCG@100_ci95_high": 0.3140765989694345,
  "RR@1": 0.12196765498652291,
  "RR@3": 0.1723944294699013,
  "RR@5": 0.18799415992812213,
  "RR@10": 0.19799822444701137,
  "RR@100": 0.20914855853920997,
  "P@1": 0.12196765498652291,
  "P@3": 0.07996406109613619,
  "P@5": 0.06185983827493311,
  "P@10": 0.03908355795148285,
  "P@100": 0.006900269541778861,
  "R@1": 0.11882300089847259,
  "R@3": 0.2328167115902965,
  "R@5": 0.2998652291105121,
  "R@10": 0.3776954177897574,
  "R@100": 0.6595350404312669,
  "AP": 0.20552285110211133
}