nDCG@1,nDCG@1_std,nDCG@1_stderr,nDCG@1_ci90_low,nDCG@1_ci90_high,nDCG@1_ci95_low,nDCG@1_ci95_high,nDCG@3,nDCG@3_std,nDCG@3_stderr,nDCG@3_ci90_low,nDCG@3_ci90_high,nDCG@3_ci95_low,nDCG@3_ci95_high,nDCG@5,nDCG@5_std,nDCG@5_stderr,nDCG@5_ci90_low,nDCG@5_ci90_high,nDCG@5_ci95_low,nDCG@5_ci95_high,nDCG@10,nDCG@10_std,nDCG@10_stderr,nDCG@10_ci90_low,nDCG@10_ci90_high,nDCG@10_ci95_low,nDCG@10_ci95_high,nDCG@100,nDCG@100_std,nDCG@100_stderr,nDCG@100_ci90_low,nDCG@100_ci90_high,nDCG@100_ci95_low,nDCG@100_ci95_high,RR@1,RR@3,RR@5,RR@10,RR@100,P@1,P@3,P@5,P@10,P@100,R@1,R@3,R@5,R@10,R@100,AP
0.16307277628032346,0.3695565932534578,0.009593211169916337,0.147283484957511,0.17886206760313592,0.14425506985467937,0.18189048270596755,0.24126085548366763,0.38429896011667525,0.009975903945651027,0.22484169710005705,0.2576800138672782,0.22169247233701345,0.2608292386303218,0.2709267529967798,0.38064358642623863,0.00988101517257138,0.2546637703143898,0.28718973567916983,0.25154450033795456,0.2903090056556051,0.30644075820245076,0.369126271981412,0.009582040586279067,0.2906698523395402,0.32221166406536134,0.28764496360171765,0.32523655280318386,0.37091265440737475,0.3282354183169387,0.008520566914092677,0.35688880870448697,0.38493650011026254,0.3541990093171614,0.3876262994975881,0.1623989218328841,0.22517969451931694,0.24128481581311723,0.25630000427844063,0.2684718067203141,0.16307277628032346,0.1022012578616352,0.07628032345013547,0.04952830188679253,0.008241239892183146,0.1588050314465409,0.2973944294699012,0.36887915543575917,0.47692048517520214,0.7828504043126685,0.2640784126419347
