{
  "nDCG@1": 0.1637466307277628,
  "nDCG@1_std": 0.3701702408858123,
  "nDCG@1_stderr": 0.009609140668749709,
  "nDCG@1_ci90_low": 0.14793112133331077,
  "nDCG@1_ci90_high": 0.17956214012221483,
  "nDCG@1_ci95_low": 0.14489767755613922,
  "nDCG@1_ci95_high": 0.18259558389938638,
  "nDCG@3": 0.2537002881347963,
  "nDCG@3_std": 0.38477360959663415,
  "nDCG@3_stderr": 0.009988225232230846,
  "nDCG@3_ci90_low": 0.23726085037029493,
  "nDCG@3_ci90_high": 0.27013972589929763,
  "nDCG@3_ci95_low": 0.23410773598471474,
  "nDCG@3_ci95_high": 0.2732928402848778,
  "nDCG@5": 0.2859956095468333,
  "nDCG@5_std": 0.38007124655311136,
  "nDCG@5_stderr": 0.00986615796973937,
  "nDCG@5_ci90_low": 0.2697570800636486,
  "nDCG@5_ci90_high": 0.30223413903001795,
  "nDCG@5_ci95_low": 0.2666425002557758,
  "nDCG@5_ci95_high": 0.3053487188378908,
  "nDCG@10": 0.3189017590499197,
  "nDCG@10_std": 0.36790236805340093,
  "nDCG@10_stderr": 0.009550269623326587,
  "nDCG@10_ci90_low": 0.30318314443555744,
  "nDCG@10_ci90_high": 0.33462037366428193,
  "nDCG@10_ci95_low": 0.300168285255339,
  "nDCG@10_ci95_high": 0.33763523284450037,
  "nDCG@100": 0.38375014425624765,
  "nDCG@100_std": 0.32400784581329994,
  "nDCG@100_stderr": 0.008410824599914228,
  "nDCG@100_ci90_low": 0.3699069214270058,
  "nDCG@100_ci90_high": 0.3975933670854895,
  "nDCG@100_ci95_low": 0.3672517658389036,
  "nDCG@100_ci95_high": 0.4002485226735917,
  "RR@1": 0.1637466307277628,
  "RR@3": 0.23483827493261444,
  "RR@5": 0.252729110512129,
  "RR@10": 0.26648670474479075,
  "RR@100": 0.2783483895364462,
  "P@1": 0.1637466307277628,
  "P@3": 0.10961365678346827,
  "P@5": 0.08221024258760187,
  "P@10": 0.051684636118598325,
  "P@100": 0.008504043126684489,
  "R@1": 0.15947888589398024,
  "R@3": 0.3199685534591195,
  "R@5": 0.39774258760107817,
  "R@10": 0.4981469002695418,
  "R@100": 0.8097484276729559,
  "AP": 0.27363082907693004
}