{
  "nDCG@1": 0.16846361185983827,
  "nDCG@3": 0.261837799047114,
  "nDCG@5": 0.2986235801684019,
  "nDCG@10": 0.3335352349661506,
  "nDCG@100": 0.39667574014899515,
  "RR@1": 0.16846361185983827,
  "RR@3": 0.24337376460017943,
  "RR@5": 0.2634883198562438,
  "RR@10": 0.27831525692037784,
  "RR@100": 0.28976256294189134,
  "P@1": 0.16846361185983827,
  "P@3": 0.11298292902066513,
  "P@5": 0.0859838274932623,
  "P@10": 0.0543800539083556,
  "P@100": 0.00870619946091629,
  "R@1": 0.1629043126684636,
  "R@3": 0.32777403414195866,
  "R@5": 0.4172843665768194,
  "R@10": 0.5230795148247979,
  "R@100": 0.8263140161725068,
  "AP": 0.284471902887794
}