nDCG@1,nDCG@1_std,nDCG@1_stderr,nDCG@1_ci90_low,nDCG@1_ci90_high,nDCG@1_ci95_low,nDCG@1_ci95_high,nDCG@3,nDCG@3_std,nDCG@3_stderr,nDCG@3_ci90_low,nDCG@3_ci90_high,nDCG@3_ci95_low,nDCG@3_ci95_high,nDCG@5,nDCG@5_std,nDCG@5_stderr,nDCG@5_ci90_low,nDCG@5_ci90_high,nDCG@5_ci95_low,nDCG@5_ci95_high,nDCG@10,nDCG@10_std,nDCG@10_stderr,nDCG@10_ci90_low,nDCG@10_ci90_high,nDCG@10_ci95_low,nDCG@10_ci95_high,nDCG@100,nDCG@100_std,nDCG@100_stderr,nDCG@100_ci90_low,nDCG@100_ci90_high,nDCG@100_ci95_low,nDCG@100_ci95_high,RR@1,RR@3,RR@5,RR@10,RR@100,P@1,P@3,P@5,P@10,P@100,R@1,R@3,R@5,R@10,R@100,AP
0.1650943396226415,0.37139082401445983,0.00964082542804589,0.14922668086066698,0.18096199838461602,0.14618323473893297,0.18400544450635004,0.24206281877798694,0.3834280151314525,0.009953295340330081,0.2256808714855837,0.2584447660703902,0.22253878387824272,0.26158685367773116,0.27432873661725315,0.37891619307497504,0.009836174275413266,0.25813955674977734,0.29051791648472897,0.2550344422889221,0.29362303094558423,0.3043075927284478,0.3695916128583244,0.009594120233563706,0.28851680519435585,0.3200983802625398,0.28548810311545014,0.3231270823414455,0.36954728268036086,0.3282979649511171,0.008522190543817042,0.3555207646749182,0.3835738006858035,0.35283045273504987,0.38626411262567184,0.1650943396226415,0.22619047619047605,0.24404761904761857,0.25641605698883296,0.26849255358066004,0.1650943396226415,0.103099730458221,0.07803234501347783,0.048719676549865344,0.008221024258759965,0.16048966756513927,0.3000898472596586,0.37859389038634317,0.4702942497753818,0.7843104222821203,0.2634635776849123
