nDCG@1,nDCG@3,nDCG@5,nDCG@10,nDCG@100,RR@1,RR@3,RR@5,RR@10,RR@100,P@1,P@3,P@5,P@10,P@100,R@1,R@3,R@5,R@10,R@100,AP
0.17857142857142858,0.2659878069129399,0.3035795250396102,0.3376955728071073,0.4011018285673045,0.17857142857142858,0.2482030548068281,0.26882300089847194,0.283056839087836,0.29499309574672655,0.17857142857142858,0.11343216531895804,0.08679245283018949,0.0543800539083556,0.008692722371967504,0.17346136567834683,0.3294586702605571,0.4206536388140162,0.5244272237196765,0.8259770889487871,0.2901963575521294
