{
  "nDCG@1": 0.16442048517520216,
  "nDCG@1_std": 0.3707816474500946,
  "nDCG@1_stderr": 0.009625011992354564,
  "nDCG@1_ci90_low": 0.14857885345865826,
  "nDCG@1_ci90_high": 0.18026211689174607,
  "nDCG@1_ci95_low": 0.1455403993720861,
  "nDCG@1_ci95_high": 0.18330057097831823,
  "nDCG@3": 0.24282273605522645,
  "nDCG@3_std": 0.38332372065274856,
  "nDCG@3_stderr": 0.009950587990559224,
  "nDCG@3_ci90_low": 0.22644524474043984,
  "nDCG@3_ci90_high": 0.259200227370013,
  "nDCG@3_ci95_low": 0.22330401179779763,
  "nDCG@3_ci95_high": 0.26234146031265526,
  "nDCG@5": 0.2779556856038689,
  "nDCG@5_std": 0.37832674472648575,
  "nDCG@5_stderr": 0.009820872958689261,
  "nDCG@5_ci90_low": 0.26179168989455437,
  "nDCG@5_ci90_high": 0.29411968131318345,
  "nDCG@5_ci95_low": 0.25869140580153316,
  "nDCG@5_ci95_high": 0.29721996540620466,
  "nDCG@10": 0.307887149013054,
  "nDCG@10_std": 0.3687641644665269,
  "nDCG@10_stderr": 0.009572640743548824,
  "nDCG@10_ci90_low": 0.2921317141798776,
  "nDCG@10_ci90_high": 0.32364258384623035,
  "nDCG@10_ci95_low": 0.2891097928140001,
  "nDCG@10_ci95_high": 0.3266645052121078,
  "nDCG@100": 0.3742742906121409,
  "nDCG@100_std": 0.3258577394339074,
  "nDCG@100_stderr": 0.008458845445620523,
  "nDCG@100_ci90_low": 0.36035203114865905,
  "nDCG@100_ci90_high": 0.38819655007562276,
  "nDCG@100_ci95_low": 0.3576817161888082,
  "nDCG@100_ci95_high": 0.39086686503547363,
  "RR@1": 0.16442048517520216,
  "RR@3": 0.22697663971248863,
  "RR@5": 0.2467205750224613,
  "RR@10": 0.2589197471441404,
  "RR@100": 0.27127667468354294,
  "P@1": 0.16442048517520216,
  "P@3": 0.10332434860736746,
  "P@5": 0.07951482479784443,
  "P@10": 0.049460916442048586,
  "P@100": 0.00834905660377344,
  "R@1": 0.15947888589398024,
  "R@3": 0.3011006289308176,
  "R@5": 0.38600628930817604,
  "R@10": 0.4774258760107817,
  "R@100": 0.7961028751123089,
  "AP": 0.26603314963645897
}