nDCG@1,nDCG@3,nDCG@5,nDCG@10,nDCG@100,RR@1,RR@3,RR@5,RR@10,RR@100,P@1,P@3,P@5,P@10,P@100,R@1,R@3,R@5,R@10,R@100,AP
0.1650943396226415,0.24206281877798694,0.27432873661725315,0.3043075927284478,0.36954728268036086,0.1650943396226415,0.22619047619047605,0.24404761904761857,0.25641605698883296,0.26849255358066004,0.1650943396226415,0.103099730458221,0.07803234501347783,0.048719676549865344,0.008221024258759965,0.16048966756513927,0.3000898472596586,0.37859389038634317,0.4702942497753818,0.7843104222821203,0.2634635776849123
