nDCG@1,nDCG@3,nDCG@5,nDCG@10,nDCG@100,RR@1,RR@3,RR@5,RR@10,RR@100,P@1,P@3,P@5,P@10,P@100,R@1,R@3,R@5,R@10,R@100,AP
0.17587601078167117,0.2655158278299289,0.301270232420707,0.3373784599982056,0.40019023520611346,0.17587601078167117,0.24696765498652254,0.2665094339622634,0.28160484319513907,0.2933622628017457,0.17587601078167117,0.11410601976639742,0.08625336927223803,0.054784366576819184,0.00870619946091629,0.1711028751123091,0.33114330637915546,0.4179582210242588,0.5277964959568733,0.826987870619946,0.28862007663838235
