nDCG@1,nDCG@3,nDCG@5,nDCG@10,nDCG@100,RR@1,RR@3,RR@5,RR@10,RR@100,P@1,P@3,P@5,P@10,P@100,R@1,R@3,R@5,R@10,R@100,AP
0.16846361185983827,0.261837799047114,0.2986235801684019,0.3335352349661506,0.39667574014899515,0.16846361185983827,0.24337376460017943,0.2634883198562438,0.27831525692037784,0.28976256294189134,0.16846361185983827,0.11298292902066513,0.0859838274932623,0.0543800539083556,0.00870619946091629,0.1629043126684636,0.32777403414195866,0.4172843665768194,0.5230795148247979,0.8263140161725068,0.284471902887794
