{
  "nDCG@1": 0.16442048517520216,
  "nDCG@3": 0.24282273605522645,
  "nDCG@5": 0.2779556856038689,
  "nDCG@10": 0.307887149013054,
  "nDCG@100": 0.3742742906121409,
  "RR@1": 0.16442048517520216,
  "RR@3": 0.22697663971248863,
  "RR@5": 0.2467205750224613,
  "RR@10": 0.2589197471441404,
  "RR@100": 0.27127667468354294,
  "P@1": 0.16442048517520216,
  "P@3": 0.10332434860736746,
  "P@5": 0.07951482479784443,
  "P@10": 0.049460916442048586,
  "P@100": 0.00834905660377344,
  "R@1": 0.15947888589398024,
  "R@3": 0.3011006289308176,
  "R@5": 0.38600628930817604,
  "R@10": 0.4774258760107817,
  "R@100": 0.7961028751123089,
  "AP": 0.26603314963645897
}