nDCG@1,nDCG@1_std,nDCG@1_stderr,nDCG@1_ci90_low,nDCG@1_ci90_high,nDCG@1_ci95_low,nDCG@1_ci95_high,nDCG@3,nDCG@3_std,nDCG@3_stderr,nDCG@3_ci90_low,nDCG@3_ci90_high,nDCG@3_ci95_low,nDCG@3_ci95_high,nDCG@5,nDCG@5_std,nDCG@5_stderr,nDCG@5_ci90_low,nDCG@5_ci90_high,nDCG@5_ci95_low,nDCG@5_ci95_high,nDCG@10,nDCG@10_std,nDCG@10_stderr,nDCG@10_ci90_low,nDCG@10_ci90_high,nDCG@10_ci95_low,nDCG@10_ci95_high,nDCG@100,nDCG@100_std,nDCG@100_stderr,nDCG@100_ci90_low,nDCG@100_ci90_high,nDCG@100_ci95_low,nDCG@100_ci95_high,RR@1,RR@3,RR@5,RR@10,RR@100,P@1,P@3,P@5,P@10,P@100,R@1,R@3,R@5,R@10,R@100,AP
0.16442048517520216,0.3707816474500946,0.009625011992354564,0.14857885345865826,0.18026211689174607,0.1455403993720861,0.18330057097831823,0.24282273605522645,0.38332372065274856,0.009950587990559224,0.22644524474043984,0.259200227370013,0.22330401179779763,0.26234146031265526,0.2779556856038689,0.37832674472648575,0.009820872958689261,0.26179168989455437,0.29411968131318345,0.25869140580153316,0.29721996540620466,0.307887149013054,0.3687641644665269,0.009572640743548824,0.2921317141798776,0.32364258384623035,0.2891097928140001,0.3266645052121078,0.3742742906121409,0.3258577394339074,0.008458845445620523,0.36035203114865905,0.38819655007562276,0.3576817161888082,0.39086686503547363,0.16442048517520216,0.22697663971248863,0.2467205750224613,0.2589197471441404,0.27127667468354294,0.16442048517520216,0.10332434860736746,0.07951482479784443,0.049460916442048586,0.00834905660377344,0.15947888589398024,0.3011006289308176,0.38600628930817604,0.4774258760107817,0.7961028751123089,0.26603314963645897
