{
  "nDCG@1": 0.17587601078167117,
  "nDCG@1_std": 0.38084298127934507,
  "nDCG@1_stderr": 0.009886191205057243,
  "nDCG@1_ci90_low": 0.1596045089618028,
  "nDCG@1_ci90_high": 0.19214751260153953,
  "nDCG@1_ci95_low": 0.15648360499913755,
  "nDCG@1_ci95_high": 0.1952684165642048,
  "nDCG@3": 0.2655158278299289,
  "nDCG@3_std": 0.39255270872663933,
  "nDCG@3_stderr": 0.010190160584023283,
  "nDCG@3_ci90_low": 0.24874402835240444,
  "nDCG@3_ci90_high": 0.2822876273074533,
  "nDCG@3_ci95_low": 0.24552716637925093,
  "nDCG@3_ci95_high": 0.28550448928060684,
  "nDCG@5": 0.301270232420707,
  "nDCG@5_std": 0.3858609379448812,
  "nDCG@5_stderr": 0.010016450869781889,
  "nDCG@5_ci90_low": 0.284784338594083,
  "nDCG@5_ci90_high": 0.317756126247331,
  "nDCG@5_ci95_low": 0.28162231385038256,
  "nDCG@5_ci95_high": 0.32091815099103144,
  "nDCG@10": 0.3373784599982056,
  "nDCG@10_std": 0.37108245927578604,
  "nDCG@10_stderr": 0.009632820678274251,
  "nDCG@10_ci90_low": 0.3215239761079056,
  "nDCG@10_ci90_high": 0.35323294388850557,
  "nDCG@10_ci95_low": 0.31848305695077955,
  "nDCG@10_ci95_high": 0.35627386304563163,
  "nDCG@100": 0.40019023520611346,
  "nDCG@100_std": 0.32617268503641456,
  "nDCG@100_stderr": 0.008467021026105474,
  "nDCG@100_ci90_low": 0.38625451970380126,
  "nDCG@100_ci90_high": 0.41412595070842567,
  "nDCG@100_ci95_low": 0.3835816238509651,
  "nDCG@100_ci95_high": 0.4167988465612618,
  "RR@1": 0.17587601078167117,
  "RR@3": 0.24696765498652254,
  "RR@5": 0.2665094339622634,
  "RR@10": 0.28160484319513907,
  "RR@100": 0.2933622628017457,
  "P@1": 0.17587601078167117,
  "P@3": 0.11410601976639742,
  "P@5": 0.08625336927223803,
  "P@10": 0.054784366576819184,
  "P@100": 0.00870619946091629,
  "R@1": 0.1711028751123091,
  "R@3": 0.33114330637915546,
  "R@5": 0.4179582210242588,
  "R@10": 0.5277964959568733,
  "R@100": 0.826987870619946,
  "AP": 0.28862007663838235
}