nDCG@1,nDCG@3,nDCG@5,nDCG@10,nDCG@100,RR@1,RR@3,RR@5,RR@10,RR@100,P@1,P@3,P@5,P@10,P@100,R@1,R@3,R@5,R@10,R@100,AP
0.1637466307277628,0.2537002881347963,0.2859956095468333,0.3189017590499197,0.38375014425624765,0.1637466307277628,0.23483827493261444,0.252729110512129,0.26648670474479075,0.2783483895364462,0.1637466307277628,0.10961365678346827,0.08221024258760187,0.051684636118598325,0.008504043126684489,0.15947888589398024,0.3199685534591195,0.39774258760107817,0.4981469002695418,0.8097484276729559,0.27363082907693004
