nDCG@1,nDCG@1_std,nDCG@1_stderr,nDCG@1_ci90_low,nDCG@1_ci90_high,nDCG@1_ci95_low,nDCG@1_ci95_high,nDCG@3,nDCG@3_std,nDCG@3_stderr,nDCG@3_ci90_low,nDCG@3_ci90_high,nDCG@3_ci95_low,nDCG@3_ci95_high,nDCG@5,nDCG@5_std,nDCG@5_stderr,nDCG@5_ci90_low,nDCG@5_ci90_high,nDCG@5_ci95_low,nDCG@5_ci95_high,nDCG@10,nDCG@10_std,nDCG@10_stderr,nDCG@10_ci90_low,nDCG@10_ci90_high,nDCG@10_ci95_low,nDCG@10_ci95_high,nDCG@100,nDCG@100_std,nDCG@100_stderr,nDCG@100_ci90_low,nDCG@100_ci90_high,nDCG@100_ci95_low,nDCG@100_ci95_high,RR@1,RR@3,RR@5,RR@10,RR@100,P@1,P@3,P@5,P@10,P@100,R@1,R@3,R@5,R@10,R@100,AP
0.17587601078167117,0.38084298127934507,0.009886191205057243,0.1596045089618028,0.19214751260153953,0.15648360499913755,0.1952684165642048,0.2655158278299289,0.39255270872663933,0.010190160584023283,0.24874402835240444,0.2822876273074533,0.24552716637925093,0.28550448928060684,0.301270232420707,0.3858609379448812,0.010016450869781889,0.284784338594083,0.317756126247331,0.28162231385038256,0.32091815099103144,0.3373784599982056,0.37108245927578604,0.009632820678274251,0.3215239761079056,0.35323294388850557,0.31848305695077955,0.35627386304563163,0.40019023520611346,0.32617268503641456,0.008467021026105474,0.38625451970380126,0.41412595070842567,0.3835816238509651,0.4167988465612618,0.17587601078167117,0.24696765498652254,0.2665094339622634,0.28160484319513907,0.2933622628017457,0.17587601078167117,0.11410601976639742,0.08625336927223803,0.054784366576819184,0.00870619946091629,0.1711028751123091,0.33114330637915546,0.4179582210242588,0.5277964959568733,0.826987870619946,0.28862007663838235
