{
  "nDCG@1": 0.17857142857142858,
  "nDCG@1_std": 0.38312215227800445,
  "nDCG@1_stderr": 0.009945355536262919,
  "nDCG@1_ci90_low": 0.16220254925774924,
  "nDCG@1_ci90_high": 0.1949403078851079,
  "nDCG@1_ci95_low": 0.15906296811275175,
  "nDCG@1_ci95_high": 0.1980798890301054,
  "nDCG@3": 0.2659878069129399,
  "nDCG@3_std": 0.39412066604747126,
  "nDCG@3_stderr": 0.010230862728048734,
  "nDCG@3_ci90_low": 0.24914901651880805,
  "nDCG@3_ci90_high": 0.2828265973070717,
  "nDCG@3_ci95_low": 0.24591930556469277,
  "nDCG@3_ci95_high": 0.286056308261187,
  "nDCG@5": 0.3035795250396102,
  "nDCG@5_std": 0.38693235729389974,
  "nDCG@5_stderr": 0.010044263530289936,
  "nDCG@5_ci90_low": 0.28704785486224754,
  "nDCG@5_ci90_high": 0.3201111952169729,
  "nDCG@5_ci95_low": 0.28387705013032,
  "nDCG@5_ci95_high": 0.32328199994890044,
  "nDCG@10": 0.3376955728071073,
  "nDCG@10_std": 0.3728492675564858,
  "nDCG@10_stderr": 0.009678684736020569,
  "nDCG@10_ci90_low": 0.32176560210053945,
  "nDCG@10_ci90_high": 0.3536255435136752,
  "nDCG@10_ci95_low": 0.3187102044332778,
  "nDCG@10_ci95_high": 0.35668094118093685,
  "nDCG@100": 0.4011018285673045,
  "nDCG@100_std": 0.32779474666688335,
  "nDCG@100_stderr": 0.008509127648029639,
  "nDCG@100_ci90_low": 0.38709681054382344,
  "nDCG@100_ci90_high": 0.4151068465907855,
  "nDCG@100_ci95_low": 0.384410622340021,
  "nDCG@100_ci95_high": 0.41779303479458796,
  "RR@1": 0.17857142857142858,
  "RR@3": 0.2482030548068281,
  "RR@5": 0.26882300089847194,
  "RR@10": 0.283056839087836,
  "RR@100": 0.29499309574672655,
  "P@1": 0.17857142857142858,
  "P@3": 0.11343216531895804,
  "P@5": 0.08679245283018949,
  "P@10": 0.0543800539083556,
  "P@100": 0.008692722371967504,
  "R@1": 0.17346136567834683,
  "R@3": 0.3294586702605571,
  "R@5": 0.4206536388140162,
  "R@10": 0.5244272237196765,
  "R@100": 0.8259770889487871,
  "AP": 0.2901963575521294
}