{
  "nDCG@1": 0.17587601078167117,
  "nDCG@3": 0.2655158278299289,
  "nDCG@5": 0.301270232420707,
  "nDCG@10": 0.3373784599982056,
  "nDCG@100": 0.40019023520611346,
  "RR@1": 0.17587601078167117,
  "RR@3": 0.24696765498652254,
  "RR@5": 0.2665094339622634,
  "RR@10": 0.28160484319513907,
  "RR@100": 0.2933622628017457,
  "P@1": 0.17587601078167117,
  "P@3": 0.11410601976639742,
  "P@5": 0.08625336927223803,
  "P@10": 0.054784366576819184,
  "P@100": 0.00870619946091629,
  "R@1": 0.1711028751123091,
  "R@3": 0.33114330637915546,
  "R@5": 0.4179582210242588,
  "R@10": 0.5277964959568733,
  "R@100": 0.826987870619946,
  "AP": 0.28862007663838235
}