nDCG@1,nDCG@3,nDCG@5,nDCG@10,nDCG@100,RR@1,RR@3,RR@5,RR@10,RR@100,P@1,P@3,P@5,P@10,P@100,R@1,R@3,R@5,R@10,R@100,AP
0.16442048517520216,0.24282273605522645,0.2779556856038689,0.307887149013054,0.3742742906121409,0.16442048517520216,0.22697663971248863,0.2467205750224613,0.2589197471441404,0.27127667468354294,0.16442048517520216,0.10332434860736746,0.07951482479784443,0.049460916442048586,0.00834905660377344,0.15947888589398024,0.3011006289308176,0.38600628930817604,0.4774258760107817,0.7961028751123089,0.26603314963645897
