{
  "nDCG@1": 0.15768194070080863,
  "nDCG@1_std": 0.3645653670629918,
  "nDCG@1_stderr": 0.00946364539375085,
  "nDCG@1_ci90_low": 0.14210589932622608,
  "nDCG@1_ci90_high": 0.17325798207539117,
  "nDCG@1_ci95_low": 0.13911838595550477,
  "nDCG@1_ci95_high": 0.17624549544611248,
  "nDCG@3": 0.23143403395389414,
  "nDCG@3_std": 0.3799249319411459,
  "nDCG@3_stderr": 0.00986235983165862,
  "nDCG@3_ci90_low": 0.21520175575691375,
  "nDCG@3_ci90_high": 0.24766631215087453,
  "nDCG@3_ci95_low": 0.21208837495722732,
  "nDCG@3_ci95_high": 0.25077969295056096,
  "nDCG@5": 0.25994401220271957,
  "nDCG@5_std": 0.37729158027760734,
  "nDCG@5_stderr": 0.00979400142849613,
  "nDCG@5_ci90_low": 0.24382424385492082,
  "nDCG@5_ci90_high": 0.27606378055051833,
  "nDCG@5_ci95_low": 0.24073244265114613,
  "nDCG@5_ci95_high": 0.279155581754293,
  "nDCG@10": 0.29356986984481986,
  "nDCG@10_std": 0.3674141427354885,
  "nDCG@10_stderr": 0.009537595925552722,
  "nDCG@10_ci90_low": 0.27787211463850614,
  "nDCG@10_ci90_high": 0.3092676250511336,
  "nDCG@10_ci95_low": 0.2748612563310995,
  "nDCG@10_ci95_high": 0.31227848335854025,
  "nDCG@100": 0.36017564674154734,
  "nDCG@100_std": 0.32666223472496647,
  "nDCG@100_stderr": 0.008479729102828175,
  "nDCG@100_ci90_low": 0.34621901524750165,
  "nDCG@100_ci90_high": 0.37413227823559303,
  "nDCG@100_ci95_low": 0.34354210766899895,
  "nDCG@100_ci95_high": 0.3768091858140957,
  "RR@1": 0.158355795148248,
  "RR@3": 0.21585804132973951,
  "RR@5": 0.2320305480682837,
  "RR@10": 0.24626251443973812,
  "RR@100": 0.2590879928587021,
  "P@1": 0.15768194070080863,
  "P@3": 0.0979335130278525,
  "P@5": 0.07304582210242654,
  "P@10": 0.047102425876010975,
  "P@100": 0.00809299191374649,
  "R@1": 0.15341419586702604,
  "R@3": 0.28526504941599284,
  "R@5": 0.3538858939802337,
  "R@10": 0.4553009883198562,
  "R@100": 0.771619496855346,
  "AP": 0.25426952953255105
}