nDCG@1,nDCG@1_std,nDCG@1_stderr,nDCG@1_ci90_low,nDCG@1_ci90_high,nDCG@1_ci95_low,nDCG@1_ci95_high,nDCG@3,nDCG@3_std,nDCG@3_stderr,nDCG@3_ci90_low,nDCG@3_ci90_high,nDCG@3_ci95_low,nDCG@3_ci95_high,nDCG@5,nDCG@5_std,nDCG@5_stderr,nDCG@5_ci90_low,nDCG@5_ci90_high,nDCG@5_ci95_low,nDCG@5_ci95_high,nDCG@10,nDCG@10_std,nDCG@10_stderr,nDCG@10_ci90_low,nDCG@10_ci90_high,nDCG@10_ci95_low,nDCG@10_ci95_high,nDCG@100,nDCG@100_std,nDCG@100_stderr,nDCG@100_ci90_low,nDCG@100_ci90_high,nDCG@100_ci95_low,nDCG@100_ci95_high,RR@1,RR@3,RR@5,RR@10,RR@100,P@1,P@3,P@5,P@10,P@100,R@1,R@3,R@5,R@10,R@100,AP
0.15768194070080863,0.3645653670629918,0.00946364539375085,0.14210589932622608,0.17325798207539117,0.13911838595550477,0.17624549544611248,0.23143403395389414,0.3799249319411459,0.00986235983165862,0.21520175575691375,0.24766631215087453,0.21208837495722732,0.25077969295056096,0.25994401220271957,0.37729158027760734,0.00979400142849613,0.24382424385492082,0.27606378055051833,0.24073244265114613,0.279155581754293,0.29356986984481986,0.3674141427354885,0.009537595925552722,0.27787211463850614,0.3092676250511336,0.2748612563310995,0.31227848335854025,0.36017564674154734,0.32666223472496647,0.008479729102828175,0.34621901524750165,0.37413227823559303,0.34354210766899895,0.3768091858140957,0.158355795148248,0.21585804132973951,0.2320305480682837,0.24626251443973812,0.2590879928587021,0.15768194070080863,0.0979335130278525,0.07304582210242654,0.047102425876010975,0.00809299191374649,0.15341419586702604,0.28526504941599284,0.3538858939802337,0.4553009883198562,0.771619496855346,0.25426952953255105
