{
  "nDCG@1": 0.1320754716981132,
  "nDCG@1_std": 0.3386869329260304,
  "nDCG@1_stderr": 0.00879187471517341,
  "nDCG@1_ci90_low": 0.11760508543299439,
  "nDCG@1_ci90_high": 0.14654585796323202,
  "nDCG@1_ci95_low": 0.1148296387449104,
  "nDCG@1_ci95_high": 0.14932130465131602,
  "nDCG@3": 0.19380052400056402,
  "nDCG@3_std": 0.35804296937181307,
  "nDCG@3_stderr": 0.009294332385870786,
  "nDCG@3_ci90_low": 0.17850315181806006,
  "nDCG@3_ci90_high": 0.20909789618306798,
  "nDCG@3_ci95_low": 0.17556908771068636,
  "nDCG@3_ci95_high": 0.2120319602904417,
  "nDCG@5": 0.22056204683588815,
  "nDCG@5_std": 0.3582571144444676,
  "nDCG@5_stderr": 0.009299891314977925,
  "nDCG@5_ci90_low": 0.20525552531333935,
  "nDCG@5_ci90_high": 0.23586856835843695,
  "nDCG@5_ci95_low": 0.20231970634572485,
  "nDCG@5_ci95_high": 0.23880438732605144,
  "nDCG@10": 0.2501521292139166,
  "nDCG@10_std": 0.35228725695060026,
  "nDCG@10_stderr": 0.009144921535954937,
  "nDCG@10_ci90_low": 0.2351006696246336,
  "nDCG@10_ci90_high": 0.2652035888031996,
  "nDCG@10_ci95_low": 0.23221377200472668,
  "nDCG@10_ci95_high": 0.26809048642310657,
  "nDCG@100": 0.3152373706044707,
  "nDCG@100_std": 0.3187556482155728,
  "nDCG@100_stderr": 0.008274484343561211,
  "nDCG@100_ci90_low": 0.3016185477168601,
  "nDCG@100_ci90_high": 0.32885619349208134,
  "nDCG@100_ci95_low": 0.2990064324501007,
  "nDCG@100_ci95_high": 0.3314683087588407,
  "RR@1": 0.1320754716981132,
  "RR@3": 0.1813791554357593,
  "RR@5": 0.196136567834681,
  "RR@10": 0.20827370256278613,
  "RR@100": 0.22037892299604547,
  "P@1": 0.1320754716981132,
  "P@3": 0.08176100628930776,
  "P@5": 0.06253369272237248,
  "P@10": 0.04056603773584944,
  "P@100": 0.0074258760107815455,
  "R@1": 0.12915543575920935,
  "R@3": 0.2384321653189578,
  "R@5": 0.3030098831985625,
  "R@10": 0.3936433063791555,
  "R@100": 0.710411051212938,
  "AP": 0.2160194394473913
}