nDCG@1,nDCG@1_std,nDCG@1_stderr,nDCG@1_ci90_low,nDCG@1_ci90_high,nDCG@1_ci95_low,nDCG@1_ci95_high,nDCG@3,nDCG@3_std,nDCG@3_stderr,nDCG@3_ci90_low,nDCG@3_ci90_high,nDCG@3_ci95_low,nDCG@3_ci95_high,nDCG@5,nDCG@5_std,nDCG@5_stderr,nDCG@5_ci90_low,nDCG@5_ci90_high,nDCG@5_ci95_low,nDCG@5_ci95_high,nDCG@10,nDCG@10_std,nDCG@10_stderr,nDCG@10_ci90_low,nDCG@10_ci90_high,nDCG@10_ci95_low,nDCG@10_ci95_high,nDCG@100,nDCG@100_std,nDCG@100_stderr,nDCG@100_ci90_low,nDCG@100_ci90_high,nDCG@100_ci95_low,nDCG@100_ci95_high,RR@1,RR@3,RR@5,RR@10,RR@100,P@1,P@3,P@5,P@10,P@100,R@1,R@3,R@5,R@10,R@100,AP
0.1421832884097035,0.3493557563110541,0.009068823571006376,0.12725707707320721,0.1571094997461998,0.12439420229844182,0.1599723745209652,0.21520124758050255,0.3680498051273557,0.009554096899068769,0.19947633372279044,0.23092616143821465,0.19646026633611693,0.23394222882488816,0.2429472851205002,0.3666044729779656,0.009516577945888414,0.2272841230236322,0.2586104472173682,0.22427989973821336,0.2616146705027871,0.2768148448874056,0.357998600696291,0.009293180632441451,0.2615193683548676,0.2921103214199436,0.25858566783664233,0.29504402193816887,0.3425250673815249,0.31982670880641667,0.008302287691171069,0.3288604834711049,0.35618965129194485,0.32623959115604345,0.3588105436070063,0.1421832884097035,0.20013477088948797,0.21559973045822095,0.22969746074530434,0.2419601866829845,0.1421832884097035,0.09231805929919107,0.0692722371967661,0.045350404312668756,0.007890835579514689,0.1382524707996406,0.26841868823000903,0.33501796945193174,0.4384546271338724,0.7540992812219228,0.23711477699682024
