{
  "nDCG@1": 0.12466307277628032,
  "nDCG@1_std": 0.33044783721430887,
  "nDCG@1_stderr": 0.008577998447087216,
  "nDCG@1_ci90_low": 0.11054470156055797,
  "nDCG@1_ci90_high": 0.13878144399200268,
  "nDCG@1_ci95_low": 0.10783677200609454,
  "nDCG@1_ci95_high": 0.1414893735464661,
  "nDCG@3": 0.18202221879500732,
  "nDCG@3_std": 0.34991124621613734,
  "nDCG@3_stderr": 0.009083243370462004,
  "nDCG@3_ci90_low": 0.16707227417354642,
  "nDCG@3_ci90_high": 0.19697216341646823,
  "nDCG@3_ci95_low": 0.1642048473110934,
  "nDCG@3_ci95_high": 0.19983959027892126,
  "nDCG@5": 0.20876487638279595,
  "nDCG@5_std": 0.35088844371316225,
  "nDCG@5_stderr": 0.009108610153560485,
  "nDCG@5_ci90_low": 0.19377318103562177,
  "nDCG@5_ci90_high": 0.22375657172997013,
  "nDCG@5_ci95_low": 0.19089774630722223,
  "nDCG@5_ci95_high": 0.22663200645836967,
  "nDCG@10": 0.23700070079241123,
  "nDCG@10_std": 0.3460034704850866,
  "nDCG@10_stderr": 0.008981802566869217,
  "nDCG@10_ci90_low": 0.22221771573970966,
  "nDCG@10_ci90_high": 0.2517836858451128,
  "nDCG@10_ci95_low": 0.21938231202948405,
  "nDCG@10_ci95_high": 0.2546190895553384,
  "nDCG@100": 0.2984058860929751,
  "nDCG@100_std": 0.3167611133703867,
  "nDCG@100_stderr": 0.008222708798746337,
  "nDCG@100_ci90_low": 0.2848722796303967,
  "nDCG@100_ci90_high": 0.3119394925555535,
  "nDCG@100_ci95_low": 0.28227650903062085,
  "nDCG@100_ci95_high": 0.3145352631553293,
  "RR@1": 0.12466307277628032,
  "RR@3": 0.17037286612758323,
  "RR@5": 0.18539982030548072,
  "RR@10": 0.1972283724810679,
  "RR@100": 0.20852474583275613,
  "P@1": 0.12466307277628032,
  "P@3": 0.0768194070080859,
  "P@5": 0.059433962264151416,
  "P@10": 0.03861185983827529,
  "P@100": 0.007021563342317942,
  "R@1": 0.12140610961365678,
  "R@3": 0.22360736747529203,
  "R@5": 0.28784815813117703,
  "R@10": 0.37443845462713393,
  "R@100": 0.6731805929919138,
  "AP": 0.20406928585011028
}