nDCG@1,nDCG@1_std,nDCG@1_stderr,nDCG@1_ci90_low,nDCG@1_ci90_high,nDCG@1_ci95_low,nDCG@1_ci95_high,nDCG@3,nDCG@3_std,nDCG@3_stderr,nDCG@3_ci90_low,nDCG@3_ci90_high,nDCG@3_ci95_low,nDCG@3_ci95_high,nDCG@5,nDCG@5_std,nDCG@5_stderr,nDCG@5_ci90_low,nDCG@5_ci90_high,nDCG@5_ci95_low,nDCG@5_ci95_high,nDCG@10,nDCG@10_std,nDCG@10_stderr,nDCG@10_ci90_low,nDCG@10_ci90_high,nDCG@10_ci95_low,nDCG@10_ci95_high,nDCG@100,nDCG@100_std,nDCG@100_stderr,nDCG@100_ci90_low,nDCG@100_ci90_high,nDCG@100_ci95_low,nDCG@100_ci95_high,RR@1,RR@3,RR@5,RR@10,RR@100,P@1,P@3,P@5,P@10,P@100,R@1,R@3,R@5,R@10,R@100,AP
0.16172506738544473,0.36832252993856635,0.009561176482420771,0.14598850137059682,0.17746163340029264,0.14297019907876327,0.1804799356921262,0.2373478755563896,0.3835127201555262,0.009955494173196078,0.2209623092450701,0.2537334418677091,0.21781952750324776,0.2568762236095314,0.2668359199355141,0.37995258842412233,0.00986307775818531,0.2506024601163555,0.28306937975467267,0.24748885267936302,0.28618298719166513,0.29806837148009824,0.37030791695107995,0.009612714561331432,0.28224697988101943,0.31388976307917704,0.2792124078861866,0.31692433507400986,0.364462572267614,0.3292548026737184,0.008547028813505173,0.3503951734070423,0.37852997112818576,0.3476970204440046,0.3812281240912235,0.16172506738544473,0.22113656783468102,0.23767969451931692,0.2508974029863517,0.2634396550628816,0.16172506738544473,0.1001796945193171,0.07493261455525675,0.047371967654986705,0.008119946091644063,0.15745732255166217,0.2922282120395328,0.3629829290206649,0.4579964061096136,0.7736410601976641,0.2591867837258215
