nDCG@1,nDCG@1_std,nDCG@1_stderr,nDCG@1_ci90_low,nDCG@1_ci90_high,nDCG@1_ci95_low,nDCG@1_ci95_high,nDCG@3,nDCG@3_std,nDCG@3_stderr,nDCG@3_ci90_low,nDCG@3_ci90_high,nDCG@3_ci95_low,nDCG@3_ci95_high,nDCG@5,nDCG@5_std,nDCG@5_stderr,nDCG@5_ci90_low,nDCG@5_ci90_high,nDCG@5_ci95_low,nDCG@5_ci95_high,nDCG@10,nDCG@10_std,nDCG@10_stderr,nDCG@10_ci90_low,nDCG@10_ci90_high,nDCG@10_ci95_low,nDCG@10_ci95_high,nDCG@100,nDCG@100_std,nDCG@100_stderr,nDCG@100_ci90_low,nDCG@100_ci90_high,nDCG@100_ci95_low,nDCG@100_ci95_high,RR@1,RR@3,RR@5,RR@10,RR@100,P@1,P@3,P@5,P@10,P@100,R@1,R@3,R@5,R@10,R@100,AP
0.727088948787062,0.4456056696805936,0.011567346830762902,0.7080504635803906,0.7461274339937334,0.7043988471172997,0.7497790504568242,0.7991580830933159,0.3569607992348855,0.009266240648813876,0.7839069465885532,0.8144092195980787,0.7809817505691701,0.8173344156174618,0.8179291396716108,0.32478022001560525,0.008430874435203808,0.8040529171840947,0.831805362159127,0.8013914322008686,0.8344668471423531,0.8370632508421447,0.285291849096478,0.007405807401090958,0.8248741674929573,0.8492523341913322,0.8225362788981082,0.8515902227861812,0.8469506055786831,0.26037440098164416,0.006758982676691868,0.8358261192478915,0.8580750919094746,0.8336924223183316,0.8602087888390345,0.727088948787062,0.786275831087152,0.7965858041329742,0.8039326894279721,0.8059789877673623,0.727088948787062,0.29851752021562894,0.1888140161725024,0.10080862533692474,0.010559299191374475,0.7038971248876911,0.8483265947888589,0.8928571428571429,0.9503593890386343,0.9930368373764599,0.801371222483501
