nDCG@1,nDCG@1_std,nDCG@1_stderr,nDCG@1_ci90_low,nDCG@1_ci90_high,nDCG@1_ci95_low,nDCG@1_ci95_high,nDCG@3,nDCG@3_std,nDCG@3_stderr,nDCG@3_ci90_low,nDCG@3_ci90_high,nDCG@3_ci95_low,nDCG@3_ci95_high,nDCG@5,nDCG@5_std,nDCG@5_stderr,nDCG@5_ci90_low,nDCG@5_ci90_high,nDCG@5_ci95_low,nDCG@5_ci95_high,nDCG@10,nDCG@10_std,nDCG@10_stderr,nDCG@10_ci90_low,nDCG@10_ci90_high,nDCG@10_ci95_low,nDCG@10_ci95_high,nDCG@100,nDCG@100_std,nDCG@100_stderr,nDCG@100_ci90_low,nDCG@100_ci90_high,nDCG@100_ci95_low,nDCG@100_ci95_high,RR@1,RR@3,RR@5,RR@10,RR@100,P@1,P@3,P@5,P@10,P@100,R@1,R@3,R@5,R@10,R@100,AP
0.7264150943396226,0.4459486681601078,0.011576250627650875,0.7073619545360229,0.7454682341432223,0.7037075272943001,0.7491226613849451,0.7979610461969763,0.35809487425049,0.009295679769386564,0.7826614563805145,0.813260636013438,0.7797269669268708,0.8161951254670817,0.8173928343034932,0.32464437060193996,0.008427347960135058,0.8035224159769838,0.8312632526300026,0.8008620442425094,0.833923624364477,0.8358134880907443,0.2867373902800516,0.007443331780528349,0.8235626440497353,0.8480643321317533,0.8212129096406536,0.850414066540835,0.84611178790779,0.26089426524878895,0.006772477680665435,0.8349650903960532,0.8572584854195268,0.8328271333211548,0.8593964424944252,0.7264150943396226,0.7849281221922734,0.795709793351303,0.802743817652847,0.8049463275978748,0.7264150943396226,0.29829290206648257,0.18894878706199025,0.10067385444743687,0.010559299191374475,0.7032232704402517,0.8473158131176998,0.8935309973045822,0.9490116801437556,0.9930368373764599,0.800231091672272
