{
  "nDCG@1": 0.727088948787062,
  "nDCG@1_std": 0.4456056696805936,
  "nDCG@1_stderr": 0.011567346830762902,
  "nDCG@1_ci90_low": 0.7080504635803906,
  "nDCG@1_ci90_high": 0.7461274339937334,
  "nDCG@1_ci95_low": 0.7043988471172997,
  "nDCG@1_ci95_high": 0.7497790504568242,
  "nDCG@3": 0.7991580830933159,
  "nDCG@3_std": 0.3569607992348855,
  "nDCG@3_stderr": 0.009266240648813876,
  "nDCG@3_ci90_low": 0.7839069465885532,
  "nDCG@3_ci90_high": 0.8144092195980787,
  "nDCG@3_ci95_low": 0.7809817505691701,
  "nDCG@3_ci95_high": 0.8173344156174618,
  "nDCG@5": 0.8179291396716108,
  "nDCG@5_std": 0.32478022001560525,
  "nDCG@5_stderr": 0.008430874435203808,
  "nDCG@5_ci90_low": 0.8040529171840947,
  "nDCG@5_ci90_high": 0.831805362159127,
  "nDCG@5_ci95_low": 0.8013914322008686,
  "nDCG@5_ci95_high": 0.8344668471423531,
  "nDCG@10": 0.8370632508421447,
  "nDCG@10_std": 0.285291849096478,
  "nDCG@10_stderr": 0.007405807401090958,
  "nDCG@10_ci90_low": 0.8248741674929573,
  "nDCG@10_ci90_high": 0.8492523341913322,
  "nDCG@10_ci95_low": 0.8225362788981082,
  "nDCG@10_ci95_high": 0.8515902227861812,
  "nDCG@100": 0.8469506055786831,
  "nDCG@100_std": 0.26037440098164416,
  "nDCG@100_stderr": 0.006758982676691868,
  "nDCG@100_ci90_low": 0.8358261192478915,
  "nDCG@100_ci90_high": 0.8580750919094746,
  "nDCG@100_ci95_low": 0.8336924223183316,
  "nDCG@100_ci95_high": 0.8602087888390345,
  "RR@1": 0.727088948787062,
  "RR@3": 0.786275831087152,
  "RR@5": 0.7965858041329742,
  "RR@10": 0.8039326894279721,
  "RR@100": 0.8059789877673623,
  "P@1": 0.727088948787062,
  "P@3": 0.29851752021562894,
  "P@5": 0.1888140161725024,
  "P@10": 0.10080862533692474,
  "P@100": 0.010559299191374475,
  "R@1": 0.7038971248876911,
  "R@3": 0.8483265947888589,
  "R@5": 0.8928571428571429,
  "R@10": 0.9503593890386343,
  "R@100": 0.9930368373764599,
  "AP": 0.801371222483501
}