{
  "nDCG@1": 0.6610512129380054,
  "nDCG@1_std": 0.4735119788757028,
  "nDCG@1_stderr": 0.01229175852296089,
  "nDCG@1_ci90_low": 0.6408204317375135,
  "nDCG@1_ci90_high": 0.6812819941384973,
  "nDCG@1_ci95_low": 0.6369401307108846,
  "nDCG@1_ci95_high": 0.6851622951651262,
  "nDCG@3": 0.7474319831016085,
  "nDCG@3_std": 0.3857023284394738,
  "nDCG@3_stderr": 0.010012333572169812,
  "nDCG@3_ci90_low": 0.7309528658600412,
  "nDCG@3_ci90_high": 0.7639111003431759,
  "nDCG@3_ci95_low": 0.7277921408778127,
  "nDCG@3_ci95_high": 0.7670718253254043,
  "nDCG@5": 0.7666662016031671,
  "nDCG@5_std": 0.3585570344016935,
  "nDCG@5_stderr": 0.009307676849145807,
  "nDCG@5_ci90_low": 0.7513468660119084,
  "nDCG@5_ci90_high": 0.7819855371944259,
  "nDCG@5_ci95_low": 0.7484085892823579,
  "nDCG@5_ci95_high": 0.7849238139239764,
  "nDCG@10": 0.7856293404529416,
  "nDCG@10_std": 0.3258022851007723,
  "nDCG@10_stderr": 0.008457405922857937,
  "nDCG@10_ci90_low": 0.7717094502737236,
  "nDCG@10_ci90_high": 0.7995492306321597,
  "nDCG@10_ci95_low": 0.7690395897469502,
  "nDCG@10_ci95_high": 0.8022190911589331,
  "nDCG@100": 0.8027209528542297,
  "nDCG@100_std": 0.29016577874165017,
  "nDCG@100_stderr": 0.007532328310654015,
  "nDCG@100_ci90_low": 0.7903236310472272,
  "nDCG@100_ci90_high": 0.8151182746612322,
  "nDCG@100_ci95_low": 0.7879458019333425,
  "nDCG@100_ci95_high": 0.817496103775117,
  "RR@1": 0.6610512129380054,
  "RR@3": 0.7305705300988325,
  "RR@5": 0.740779424977539,
  "RR@10": 0.7484145702306082,
  "RR@100": 0.752143341704592,
  "P@1": 0.6610512129380054,
  "P@3": 0.284815813117696,
  "P@5": 0.18086253369271846,
  "P@10": 0.09669811320754489,
  "P@100": 0.010458221024258573,
  "R@1": 0.6398809523809523,
  "R@3": 0.8094115004492362,
  "R@5": 0.855121293800539,
  "R@10": 0.9123989218328841,
  "R@100": 0.9837713387241688,
  "AP": 0.7472985328913874
}