nDCG@1,nDCG@1_std,nDCG@1_stderr,nDCG@1_ci90_low,nDCG@1_ci90_high,nDCG@1_ci95_low,nDCG@1_ci95_high,nDCG@3,nDCG@3_std,nDCG@3_stderr,nDCG@3_ci90_low,nDCG@3_ci90_high,nDCG@3_ci95_low,nDCG@3_ci95_high,nDCG@5,nDCG@5_std,nDCG@5_stderr,nDCG@5_ci90_low,nDCG@5_ci90_high,nDCG@5_ci95_low,nDCG@5_ci95_high,nDCG@10,nDCG@10_std,nDCG@10_stderr,nDCG@10_ci90_low,nDCG@10_ci90_high,nDCG@10_ci95_low,nDCG@10_ci95_high,nDCG@100,nDCG@100_std,nDCG@100_stderr,nDCG@100_ci90_low,nDCG@100_ci90_high,nDCG@100_ci95_low,nDCG@100_ci95_high,RR@1,RR@3,RR@5,RR@10,RR@100,P@1,P@3,P@5,P@10,P@100,R@1,R@3,R@5,R@10,R@100,AP
0.6610512129380054,0.4735119788757028,0.01229175852296089,0.6408204317375135,0.6812819941384973,0.6369401307108846,0.6851622951651262,0.7474319831016085,0.3857023284394738,0.010012333572169812,0.7309528658600412,0.7639111003431759,0.7277921408778127,0.7670718253254043,0.7666662016031671,0.3585570344016935,0.009307676849145807,0.7513468660119084,0.7819855371944259,0.7484085892823579,0.7849238139239764,0.7856293404529416,0.3258022851007723,0.008457405922857937,0.7717094502737236,0.7995492306321597,0.7690395897469502,0.8022190911589331,0.8027209528542297,0.29016577874165017,0.007532328310654015,0.7903236310472272,0.8151182746612322,0.7879458019333425,0.817496103775117,0.6610512129380054,0.7305705300988325,0.740779424977539,0.7484145702306082,0.752143341704592,0.6610512129380054,0.284815813117696,0.18086253369271846,0.09669811320754489,0.010458221024258573,0.6398809523809523,0.8094115004492362,0.855121293800539,0.9123989218328841,0.9837713387241688,0.7472985328913874
