{
  "nDCG@1": 0.7109164420485176,
  "nDCG@1_std": 0.4534896190110474,
  "nDCG@1_stderr": 0.01177200395814391,
  "nDCG@1_ci90_low": 0.6915411154080162,
  "nDCG@1_ci90_high": 0.7302917686890189,
  "nDCG@1_ci95_low": 0.6878248921386656,
  "nDCG@1_ci95_high": 0.7340079919583695,
  "nDCG@3": 0.7905688071699071,
  "nDCG@3_std": 0.35932728565469546,
  "nDCG@3_stderr": 0.009327671575417331,
  "nDCG@3_ci90_low": 0.7752165626233017,
  "nDCG@3_ci90_high": 0.8059210517165124,
  "nDCG@3_ci95_low": 0.7722719738956157,
  "nDCG@3_ci95_high": 0.8088656404441984,
  "nDCG@5": 0.809065567964136,
  "nDCG@5_std": 0.329043584105707,
  "nDCG@5_stderr": 0.008541545852673376,
  "nDCG@5_ci90_low": 0.79500719340881,
  "nDCG@5_ci90_high": 0.823123942519462,
  "nDCG@5_ci95_low": 0.7923107713241088,
  "nDCG@5_ci95_high": 0.8258203646041632,
  "nDCG@10": 0.8280098521675411,
  "nDCG@10_std": 0.29042794378723064,
  "nDCG@10_stderr": 0.0075391337761484415,
  "nDCG@10_ci90_low": 0.8156013293689857,
  "nDCG@10_ci90_high": 0.8404183749660965,
  "nDCG@10_ci95_low": 0.8132213518843292,
  "nDCG@10_ci95_high": 0.842798352450753,
  "nDCG@100": 0.8379493560885553,
  "nDCG@100_std": 0.26577434750425266,
  "nDCG@100_stderr": 0.006899158304033768,
  "nDCG@100_ci90_low": 0.8265941572489638,
  "nDCG@100_ci90_high": 0.8493045549281467,
  "nDCG@100_ci95_low": 0.8244162092360728,
  "nDCG@100_ci95_high": 0.8514825029410377,
  "RR@1": 0.7109164420485176,
  "RR@3": 0.7751572327044025,
  "RR@5": 0.7849281221922734,
  "RR@10": 0.7923530890343558,
  "RR@100": 0.794376080081305,
  "P@1": 0.7109164420485176,
  "P@3": 0.29806828391733603,
  "P@5": 0.18854447439352676,
  "P@10": 0.10053908355794901,
  "P@100": 0.010545822102425688,
  "R@1": 0.6882300089847259,
  "R@3": 0.8466419586702605,
  "R@5": 0.8908355795148248,
  "R@10": 0.948506289308176,
  "R@100": 0.9916891284815812,
  "AP": 0.790110494391363
}