nDCG@1,nDCG@1_std,nDCG@1_stderr,nDCG@1_ci90_low,nDCG@1_ci90_high,nDCG@1_ci95_low,nDCG@1_ci95_high,nDCG@3,nDCG@3_std,nDCG@3_stderr,nDCG@3_ci90_low,nDCG@3_ci90_high,nDCG@3_ci95_low,nDCG@3_ci95_high,nDCG@5,nDCG@5_std,nDCG@5_stderr,nDCG@5_ci90_low,nDCG@5_ci90_high,nDCG@5_ci95_low,nDCG@5_ci95_high,nDCG@10,nDCG@10_std,nDCG@10_stderr,nDCG@10_ci90_low,nDCG@10_ci90_high,nDCG@10_ci95_low,nDCG@10_ci95_high,nDCG@100,nDCG@100_std,nDCG@100_stderr,nDCG@100_ci90_low,nDCG@100_ci90_high,nDCG@100_ci95_low,nDCG@100_ci95_high,RR@1,RR@3,RR@5,RR@10,RR@100,P@1,P@3,P@5,P@10,P@100,R@1,R@3,R@5,R@10,R@100,AP
0.6907008086253369,0.46236052636940345,0.012002281239380531,0.6709464728069835,0.7104551444436903,0.6671575548805485,0.7142440623701253,0.7726051383058125,0.3712675148859297,0.009637624482559426,0.7567427479216416,0.7884675286899833,0.7537003122844559,0.791509964327169,0.7943973651342828,0.3372317194470055,0.008754099255456418,0.7799891528094391,0.8088055774591265,0.7772256311974007,0.8115690990711649,0.8129723669862733,0.3018780658354894,0.00783636413473367,0.8000746381608139,0.8258700958117327,0.7976008300608383,0.8283439039117083,0.8253578505558528,0.27275637507256184,0.007080402709030838,0.8137043448552487,0.8370113562564568,0.8114691810380067,0.8392465200736988,0.6907008086253369,0.757412398921833,0.7689690026954183,0.7761746994395242,0.7788589719314524,0.6907008086253369,0.29222821203952853,0.18665768194069662,0.0994609164420461,0.010539083557951294,0.6685197663971248,0.8301325247079963,0.8824123989218329,0.9383984725965857,0.9913522012578615,0.7737585460014325
