nDCG@1,nDCG@1_std,nDCG@1_stderr,nDCG@1_ci90_low,nDCG@1_ci90_high,nDCG@1_ci95_low,nDCG@1_ci95_high,nDCG@3,nDCG@3_std,nDCG@3_stderr,nDCG@3_ci90_low,nDCG@3_ci90_high,nDCG@3_ci95_low,nDCG@3_ci95_high,nDCG@5,nDCG@5_std,nDCG@5_stderr,nDCG@5_ci90_low,nDCG@5_ci90_high,nDCG@5_ci95_low,nDCG@5_ci95_high,nDCG@10,nDCG@10_std,nDCG@10_stderr,nDCG@10_ci90_low,nDCG@10_ci90_high,nDCG@10_ci95_low,nDCG@10_ci95_high,nDCG@100,nDCG@100_std,nDCG@100_stderr,nDCG@100_ci90_low,nDCG@100_ci90_high,nDCG@100_ci95_low,nDCG@100_ci95_high,RR@1,RR@3,RR@5,RR@10,RR@100,P@1,P@3,P@5,P@10,P@100,R@1,R@3,R@5,R@10,R@100,AP
0.6704851752021563,0.4701954735287672,0.012205666333780302,0.65039609156586,0.6905742588384527,0.6465429683925413,0.6944273820117713,0.7525842844322546,0.38482000742120437,0.009989429659744932,0.7361428643224717,0.7690257045420374,0.7329893697194222,0.7721791991450869,0.7752861485655819,0.35202129682918804,0.009138017555200535,0.7602460521123215,0.7903262450188422,0.7573613339627938,0.7932109631683699,0.7940702158278558,0.31897370826166505,0.0082801449003151,0.7804420763331098,0.8076983553226017,0.7778281741239742,0.8103122575317373,0.8100946769678486,0.2839334397049835,0.007370544850278162,0.7979636316079963,0.822225722327701,0.795636874806199,0.8245524791294983,0.6704851752021563,0.7371967654986527,0.7492250673854455,0.7568230436828822,0.7603564665878308,0.6704851752021563,0.2852650494159889,0.18288409703503644,0.09764150943395992,0.010505390835579326,0.6489779874213836,0.8107592093441149,0.8648921832884097,0.9207097933513028,0.9884883198562443,0.7553828366777269
