nDCG@1,nDCG@1_std,nDCG@1_stderr,nDCG@1_ci90_low,nDCG@1_ci90_high,nDCG@1_ci95_low,nDCG@1_ci95_high,nDCG@3,nDCG@3_std,nDCG@3_stderr,nDCG@3_ci90_low,nDCG@3_ci90_high,nDCG@3_ci95_low,nDCG@3_ci95_high,nDCG@5,nDCG@5_std,nDCG@5_stderr,nDCG@5_ci90_low,nDCG@5_ci90_high,nDCG@5_ci95_low,nDCG@5_ci95_high,nDCG@10,nDCG@10_std,nDCG@10_stderr,nDCG@10_ci90_low,nDCG@10_ci90_high,nDCG@10_ci95_low,nDCG@10_ci95_high,nDCG@100,nDCG@100_std,nDCG@100_stderr,nDCG@100_ci90_low,nDCG@100_ci90_high,nDCG@100_ci95_low,nDCG@100_ci95_high,RR@1,RR@3,RR@5,RR@10,RR@100,P@1,P@3,P@5,P@10,P@100,R@1,R@3,R@5,R@10,R@100,AP
0.6495956873315364,0.4772573910068516,0.012388984577504135,0.6292048835408857,0.6699864911221871,0.6252938898872779,0.6738974847757949,0.731125466328773,0.3970950700906179,0.010308074409862752,0.7141595946355753,0.7480913380219706,0.7109055092546722,0.7513454234028737,0.7488412539169347,0.37435053453471295,0.009717655685010453,0.7328471416360984,0.7648353661977709,0.7297794414969738,0.7679030663368955,0.7672628368820642,0.3451481990028696,0.008959600825413916,0.752516393270753,0.7820092804933754,0.7496879982761642,0.7848376754879642,0.7860104669613132,0.3088250220822123,0.008016698133584221,0.7728159296957156,0.7992050042269108,0.7702851931912673,0.801735740731359,0.6495956873315364,0.7165318957771797,0.7258647798742148,0.7329814315663373,0.7368391142756899,0.6495956873315364,0.27650494159927763,0.17560646900269167,0.09386792452829974,0.01030997304582192,0.6300539083557951,0.7894766397124887,0.8313117699910153,0.8867924528301887,0.969845013477089,0.7307431624600464
