{
  "nDCG@1": 0.6590296495956873,
  "nDCG@1_std": 0.47419520684824956,
  "nDCG@1_stderr": 0.012309494237429226,
  "nDCG@1_ci90_low": 0.6387696775061804,
  "nDCG@1_ci90_high": 0.6792896216851942,
  "nDCG@1_ci95_low": 0.6348837776133738,
  "nDCG@1_ci95_high": 0.6831755215780009,
  "nDCG@3": 0.732773959389342,
  "nDCG@3_std": 0.39981177352887,
  "nDCG@3_stderr": 0.010378596517288166,
  "nDCG@3_ci90_low": 0.7156920166455737,
  "nDCG@3_ci90_high": 0.7498559021331103,
  "nDCG@3_ci95_low": 0.7124156686237855,
  "nDCG@3_ci95_high": 0.7531322501548985,
  "nDCG@5": 0.7550544182190095,
  "nDCG@5_std": 0.3698473439444717,
  "nDCG@5_stderr": 0.009600758681793043,
  "nDCG@5_ci90_low": 0.7392527045840356,
  "nDCG@5_ci90_high": 0.7708561318539835,
  "nDCG@5_ci95_low": 0.7362219068588942,
  "nDCG@5_ci95_high": 0.7738869295791249,
  "nDCG@10": 0.7711427225760544,
  "nDCG@10_std": 0.34460281493047806,
  "nDCG@10_stderr": 0.008945443360303904,
  "nDCG@10_ci90_low": 0.7564195804783924,
  "nDCG@10_ci90_high": 0.7858658646737164,
  "nDCG@10_ci95_low": 0.753595654756959,
  "nDCG@10_ci95_high": 0.7886897903951499,
  "nDCG@100": 0.7905089284348239,
  "nDCG@100_std": 0.30647190372236677,
  "nDCG@100_stderr": 0.007955614224526961,
  "nDCG@100_ci90_low": 0.7774149280612178,
  "nDCG@100_ci90_high": 0.80360292880843,
  "nDCG@100_ci95_low": 0.774903474717481,
  "nDCG@100_ci95_high": 0.8061143821521668,
  "RR@1": 0.6590296495956873,
  "RR@3": 0.7203504043126691,
  "RR@5": 0.7323787061994622,
  "RR@10": 0.7384730779104103,
  "RR@100": 0.7424135553840036,
  "P@1": 0.6590296495956873,
  "P@3": 0.27538185085354555,
  "P@5": 0.17708894878705816,
  "P@10": 0.09400269541778761,
  "P@100": 0.010350404312668279,
  "R@1": 0.6383647798742138,
  "R@3": 0.7857704402515724,
  "R@5": 0.8389487870619946,
  "R@10": 0.8871293800539084,
  "R@100": 0.9738881401617251,
  "AP": 0.735598156973873
}