nDCG@1,nDCG@1_std,nDCG@1_stderr,nDCG@1_ci90_low,nDCG@1_ci90_high,nDCG@1_ci95_low,nDCG@1_ci95_high,nDCG@3,nDCG@3_std,nDCG@3_stderr,nDCG@3_ci90_low,nDCG@3_ci90_high,nDCG@3_ci95_low,nDCG@3_ci95_high,nDCG@5,nDCG@5_std,nDCG@5_stderr,nDCG@5_ci90_low,nDCG@5_ci90_high,nDCG@5_ci95_low,nDCG@5_ci95_high,nDCG@10,nDCG@10_std,nDCG@10_stderr,nDCG@10_ci90_low,nDCG@10_ci90_high,nDCG@10_ci95_low,nDCG@10_ci95_high,nDCG@100,nDCG@100_std,nDCG@100_stderr,nDCG@100_ci90_low,nDCG@100_ci90_high,nDCG@100_ci95_low,nDCG@100_ci95_high,RR@1,RR@3,RR@5,RR@10,RR@100,P@1,P@3,P@5,P@10,P@100,R@1,R@3,R@5,R@10,R@100,AP
0.6590296495956873,0.47419520684824956,0.012309494237429226,0.6387696775061804,0.6792896216851942,0.6348837776133738,0.6831755215780009,0.732773959389342,0.39981177352887,0.010378596517288166,0.7156920166455737,0.7498559021331103,0.7124156686237855,0.7531322501548985,0.7550544182190095,0.3698473439444717,0.009600758681793043,0.7392527045840356,0.7708561318539835,0.7362219068588942,0.7738869295791249,0.7711427225760544,0.34460281493047806,0.008945443360303904,0.7564195804783924,0.7858658646737164,0.753595654756959,0.7886897903951499,0.7905089284348239,0.30647190372236677,0.007955614224526961,0.7774149280612178,0.80360292880843,0.774903474717481,0.8061143821521668,0.6590296495956873,0.7203504043126691,0.7323787061994622,0.7384730779104103,0.7424135553840036,0.6590296495956873,0.27538185085354555,0.17708894878705816,0.09400269541778761,0.010350404312668279,0.6383647798742138,0.7857704402515724,0.8389487870619946,0.8871293800539084,0.9738881401617251,0.735598156973873
