nDCG@1,nDCG@1_std,nDCG@1_stderr,nDCG@1_ci90_low,nDCG@1_ci90_high,nDCG@1_ci95_low,nDCG@1_ci95_high,nDCG@3,nDCG@3_std,nDCG@3_stderr,nDCG@3_ci90_low,nDCG@3_ci90_high,nDCG@3_ci95_low,nDCG@3_ci95_high,nDCG@5,nDCG@5_std,nDCG@5_stderr,nDCG@5_ci90_low,nDCG@5_ci90_high,nDCG@5_ci95_low,nDCG@5_ci95_high,nDCG@10,nDCG@10_std,nDCG@10_stderr,nDCG@10_ci90_low,nDCG@10_ci90_high,nDCG@10_ci95_low,nDCG@10_ci95_high,nDCG@100,nDCG@100_std,nDCG@100_stderr,nDCG@100_ci90_low,nDCG@100_ci90_high,nDCG@100_ci95_low,nDCG@100_ci95_high,RR@1,RR@3,RR@5,RR@10,RR@100,P@1,P@3,P@5,P@10,P@100,R@1,R@3,R@5,R@10,R@100,AP
0.47102425876010784,0.49932796585269734,0.012961908154035836,0.4496904905026751,0.49235802701754056,0.4455986345307878,0.4964498829894279,0.5417674332651511,0.46215343368200074,0.01199690538107285,0.5220219454739522,0.56151292105635,0.5182347246153917,0.5653001419149105,0.568893520095805,0.44146242312991585,0.011459793509254662,0.5500320549396621,0.5877549852519478,0.5464143912476972,0.5913726489439127,0.5951335300931745,0.4177020266783962,0.010843004349484405,0.5772872269673334,0.6129798332190156,0.5738642732190595,0.6164027869672895,0.635020696734014,0.3685282959264328,0.009566517901324467,0.6192753393751985,0.6507660540928294,0.61625535088743,0.6537860425805979,0.47102425876010784,0.5293126684636119,0.5446091644204856,0.5548640525392551,0.5626810674805502,0.47102425876010784,0.2075471698113206,0.138544474393529,0.07789757412398778,0.00977762803234484,0.4573787061994609,0.5933288409703504,0.6585242587601078,0.7375898472596585,0.9202044025157232,0.5560880992198755
