nDCG@1,nDCG@1_std,nDCG@1_stderr,nDCG@1_ci90_low,nDCG@1_ci90_high,nDCG@1_ci95_low,nDCG@1_ci95_high,nDCG@3,nDCG@3_std,nDCG@3_stderr,nDCG@3_ci90_low,nDCG@3_ci90_high,nDCG@3_ci95_low,nDCG@3_ci95_high,nDCG@5,nDCG@5_std,nDCG@5_stderr,nDCG@5_ci90_low,nDCG@5_ci90_high,nDCG@5_ci95_low,nDCG@5_ci95_high,nDCG@10,nDCG@10_std,nDCG@10_stderr,nDCG@10_ci90_low,nDCG@10_ci90_high,nDCG@10_ci95_low,nDCG@10_ci95_high,nDCG@100,nDCG@100_std,nDCG@100_stderr,nDCG@100_ci90_low,nDCG@100_ci90_high,nDCG@100_ci95_low,nDCG@100_ci95_high,RR@1,RR@3,RR@5,RR@10,RR@100,P@1,P@3,P@5,P@10,P@100,R@1,R@3,R@5,R@10,R@100,AP
0.578167115902965,0.4940185817423404,0.012824083409780983,0.5570601908787299,0.5992740409272,0.5530118438559998,0.6033223879499302,0.6540268478227462,0.43325229012025324,0.011246669075453054,0.6355161602856613,0.6725375353598312,0.6319657763859031,0.6760879192595893,0.6807219437062373,0.40522236464430844,0.01051904846449203,0.6634088336638472,0.6980350537486274,0.6600881473292042,0.7013557400832704,0.7044920569584545,0.37458298233556314,0.009723689729268483,0.6884880133542107,0.7204961005626983,0.6854184083689989,0.7235657055479101,0.7294686769516455,0.33451640363944796,0.00868361316912905,0.7151764763909041,0.743760877512387,0.7124352060484972,0.7465021478547939,0.5774932614555256,0.6417340521114113,0.6561545372866139,0.6654481132075479,0.6705843405977688,0.578167115902965,0.2484276729559725,0.16320754716980806,0.08942048517520018,0.010148247978436477,0.5600292003593891,0.7095687331536388,0.7735849056603774,0.8451819407008087,0.9552448337825696,0.6624091041284559
