nDCG@1,nDCG@1_std,nDCG@1_stderr,nDCG@1_ci90_low,nDCG@1_ci90_high,nDCG@1_ci95_low,nDCG@1_ci95_high,nDCG@3,nDCG@3_std,nDCG@3_stderr,nDCG@3_ci90_low,nDCG@3_ci90_high,nDCG@3_ci95_low,nDCG@3_ci95_high,nDCG@5,nDCG@5_std,nDCG@5_stderr,nDCG@5_ci90_low,nDCG@5_ci90_high,nDCG@5_ci95_low,nDCG@5_ci95_high,nDCG@10,nDCG@10_std,nDCG@10_stderr,nDCG@10_ci90_low,nDCG@10_ci90_high,nDCG@10_ci95_low,nDCG@10_ci95_high,nDCG@100,nDCG@100_std,nDCG@100_stderr,nDCG@100_ci90_low,nDCG@100_ci90_high,nDCG@100_ci95_low,nDCG@100_ci95_high,RR@1,RR@3,RR@5,RR@10,RR@100,P@1,P@3,P@5,P@10,P@100,R@1,R@3,R@5,R@10,R@100,AP
0.5080862533692723,0.5001031349866194,0.012982030542135174,0.48671936604021865,0.5294531406983259,0.4826211577695081,0.5335513489690364,0.5790414686168486,0.4561875611813845,0.0118420390473204,0.5595508725002312,0.598532064733466,0.5558125403334495,0.6022703969002476,0.6087304253079758,0.431132693447071,0.01119164708734055,0.5903102974577445,0.6271505531582071,0.5867772830724103,0.6306835675435414,0.6334843784064103,0.4059690518730617,0.010538431499172178,0.616139366180709,0.6508293906321115,0.6128125609486578,0.6541561958641627,0.6678348358340305,0.3595620746469194,0.009333766393975288,0.6524725599367057,0.6831971117313552,0.6495260471775101,0.6861436244905509,0.5080862533692723,0.5672731356693623,0.5832771787960475,0.5929068797330258,0.5998430932007196,0.5080862533692723,0.2210242587601069,0.14784366576819163,0.08221024258759944,0.009905660377358313,0.4934299191374663,0.6314016172506739,0.702717879604672,0.777234950584007,0.9319968553459119,0.5928138132820473
