nDCG@1,nDCG@1_std,nDCG@1_stderr,nDCG@1_ci90_low,nDCG@1_ci90_high,nDCG@1_ci95_low,nDCG@1_ci95_high,nDCG@3,nDCG@3_std,nDCG@3_stderr,nDCG@3_ci90_low,nDCG@3_ci90_high,nDCG@3_ci95_low,nDCG@3_ci95_high,nDCG@5,nDCG@5_std,nDCG@5_stderr,nDCG@5_ci90_low,nDCG@5_ci90_high,nDCG@5_ci95_low,nDCG@5_ci95_high,nDCG@10,nDCG@10_std,nDCG@10_stderr,nDCG@10_ci90_low,nDCG@10_ci90_high,nDCG@10_ci95_low,nDCG@10_ci95_high,nDCG@100,nDCG@100_std,nDCG@100_stderr,nDCG@100_ci90_low,nDCG@100_ci90_high,nDCG@100_ci95_low,nDCG@100_ci95_high,RR@1,RR@3,RR@5,RR@10,RR@100,P@1,P@3,P@5,P@10,P@100,R@1,R@3,R@5,R@10,R@100,AP
0.5491913746630728,0.49774205586874226,0.012920739982095995,0.5279253643490932,0.5704573849770523,0.5238465044753268,0.5745362448508188,0.6258302733940302,0.44170826508029654,0.011466175248310279,0.606958304649953,0.6447022421381073,0.6033386263505125,0.6483219204375479,0.653603122041736,0.41418890334730746,0.010751808211744332,0.6359069169759489,0.671299327107523,0.6325127523115345,0.6746934917719375,0.675843665023704,0.38831444429283807,0.010080140721166945,0.6592529452321331,0.6924343848152749,0.6560708146756433,0.6956165153717646,0.7030327079158829,0.34833309752099634,0.009042276671541193,0.6881501896371073,0.7179152261946585,0.6852956952711382,0.7207697205606276,0.5491913746630728,0.6127583108715189,0.6291666666666675,0.6379056496812565,0.6430184107147456,0.5491913746630728,0.23921832884096839,0.15768194070080563,0.08618598382749142,0.00997978436657664,0.5311657681940701,0.6820530098831985,0.7483715184186882,0.8158131176999102,0.9378930817610063,0.6339347325254873
