nDCG@1,nDCG@1_std,nDCG@1_stderr,nDCG@1_ci90_low,nDCG@1_ci90_high,nDCG@1_ci95_low,nDCG@1_ci95_high,nDCG@3,nDCG@3_std,nDCG@3_stderr,nDCG@3_ci90_low,nDCG@3_ci90_high,nDCG@3_ci95_low,nDCG@3_ci95_high,nDCG@5,nDCG@5_std,nDCG@5_stderr,nDCG@5_ci90_low,nDCG@5_ci90_high,nDCG@5_ci95_low,nDCG@5_ci95_high,nDCG@10,nDCG@10_std,nDCG@10_stderr,nDCG@10_ci90_low,nDCG@10_ci90_high,nDCG@10_ci95_low,nDCG@10_ci95_high,nDCG@100,nDCG@100_std,nDCG@100_stderr,nDCG@100_ci90_low,nDCG@100_ci90_high,nDCG@100_ci95_low,nDCG@100_ci95_high,RR@1,RR@3,RR@5,RR@10,RR@100,P@1,P@3,P@5,P@10,P@100,R@1,R@3,R@5,R@10,R@100,AP
0.557277628032345,0.4968758781751978,0.012898255129500918,0.5360486251272181,0.578506630937472,0.5319768633425042,0.5825783927221859,0.6311880669892151,0.4427437669585579,0.011493055537733752,0.6122718564669648,0.6501042775114655,0.6086436925131362,0.6537324414652941,0.6603739568462555,0.41345567213366136,0.01073277447781212,0.6427090790560485,0.6780388346364626,0.6393209230206824,0.6814269906718287,0.6875863098982441,0.38044978061769813,0.009875984224453483,0.671331607561617,0.7038410122348712,0.6682139257707217,0.7069586940257665,0.7127500547914265,0.34140128751662135,0.00886233584955158,0.6981636978301635,0.7273364117526895,0.695366007749358,0.730134101833495,0.5566037735849056,0.6185983827493265,0.6347371967654997,0.6449968981303222,0.6500325702054341,0.557277628032345,0.23966756513926132,0.15889487870619645,0.08867924528301693,0.010107816711590115,0.5399258760107817,0.6851415094339622,0.7549415992812218,0.8382187780772685,0.9515386343216531,0.6429037373543104
