{
  "nDCG@1": 0.5080862533692723,
  "nDCG@1_std": 0.5001031349866194,
  "nDCG@1_stderr": 0.012982030542135174,
  "nDCG@1_ci90_low": 0.48671936604021865,
  "nDCG@1_ci90_high": 0.5294531406983259,
  "nDCG@1_ci95_low": 0.4826211577695081,
  "nDCG@1_ci95_high": 0.5335513489690364,
  "nDCG@3": 0.5790414686168486,
  "nDCG@3_std": 0.4561875611813845,
  "nDCG@3_stderr": 0.0118420390473204,
  "nDCG@3_ci90_low": 0.5595508725002312,
  "nDCG@3_ci90_high": 0.598532064733466,
  "nDCG@3_ci95_low": 0.5558125403334495,
  "nDCG@3_ci95_high": 0.6022703969002476,
  "nDCG@5": 0.6087304253079758,
  "nDCG@5_std": 0.431132693447071,
  "nDCG@5_stderr": 0.01119164708734055,
  "nDCG@5_ci90_low": 0.5903102974577445,
  "nDCG@5_ci90_high": 0.6271505531582071,
  "nDCG@5_ci95_low": 0.5867772830724103,
  "nDCG@5_ci95_high": 0.6306835675435414,
  "nDCG@10": 0.6334843784064103,
  "nDCG@10_std": 0.4059690518730617,
  "nDCG@10_stderr": 0.010538431499172178,
  "nDCG@10_ci90_low": 0.616139366180709,
  "nDCG@10_ci90_high": 0.6508293906321115,
  "nDCG@10_ci95_low": 0.6128125609486578,
  "nDCG@10_ci95_high": 0.6541561958641627,
  "nDCG@100": 0.6678348358340305,
  "nDCG@100_std": 0.3595620746469194,
  "nDCG@100_stderr": 0.009333766393975288,
  "nDCG@100_ci90_low": 0.6524725599367057,
  "nDCG@100_ci90_high": 0.6831971117313552,
  "nDCG@100_ci95_low": 0.6495260471775101,
  "nDCG@100_ci95_high": 0.6861436244905509,
  "RR@1": 0.5080862533692723,
  "RR@3": 0.5672731356693623,
  "RR@5": 0.5832771787960475,
  "RR@10": 0.5929068797330258,
  "RR@100": 0.5998430932007196,
  "P@1": 0.5080862533692723,
  "P@3": 0.2210242587601069,
  "P@5": 0.14784366576819163,
  "P@10": 0.08221024258759944,
  "P@100": 0.009905660377358313,
  "R@1": 0.4934299191374663,
  "R@3": 0.6314016172506739,
  "R@5": 0.702717879604672,
  "R@10": 0.777234950584007,
  "R@100": 0.9319968553459119,
  "AP": 0.5928138132820473
}