{
  "nDCG@1": 0.5491913746630728,
  "nDCG@1_std": 0.49774205586874226,
  "nDCG@1_stderr": 0.012920739982095995,
  "nDCG@1_ci90_low": 0.5279253643490932,
  "nDCG@1_ci90_high": 0.5704573849770523,
  "nDCG@1_ci95_low": 0.5238465044753268,
  "nDCG@1_ci95_high": 0.5745362448508188,
  "nDCG@3": 0.6258302733940302,
  "nDCG@3_std": 0.44170826508029654,
  "nDCG@3_stderr": 0.011466175248310279,
  "nDCG@3_ci90_low": 0.606958304649953,
  "nDCG@3_ci90_high": 0.6447022421381073,
  "nDCG@3_ci95_low": 0.6033386263505125,
  "nDCG@3_ci95_high": 0.6483219204375479,
  "nDCG@5": 0.653603122041736,
  "nDCG@5_std": 0.41418890334730746,
  "nDCG@5_stderr": 0.010751808211744332,
  "nDCG@5_ci90_low": 0.6359069169759489,
  "nDCG@5_ci90_high": 0.671299327107523,
  "nDCG@5_ci95_low": 0.6325127523115345,
  "nDCG@5_ci95_high": 0.6746934917719375,
  "nDCG@10": 0.675843665023704,
  "nDCG@10_std": 0.38831444429283807,
  "nDCG@10_stderr": 0.010080140721166945,
  "nDCG@10_ci90_low": 0.6592529452321331,
  "nDCG@10_ci90_high": 0.6924343848152749,
  "nDCG@10_ci95_low": 0.6560708146756433,
  "nDCG@10_ci95_high": 0.6956165153717646,
  "nDCG@100": 0.7030327079158829,
  "nDCG@100_std": 0.34833309752099634,
  "nDCG@100_stderr": 0.009042276671541193,
  "nDCG@100_ci90_low": 0.6881501896371073,
  "nDCG@100_ci90_high": 0.7179152261946585,
  "nDCG@100_ci95_low": 0.6852956952711382,
  "nDCG@100_ci95_high": 0.7207697205606276,
  "RR@1": 0.5491913746630728,
  "RR@3": 0.6127583108715189,
  "RR@5": 0.6291666666666675,
  "RR@10": 0.6379056496812565,
  "RR@100": 0.6430184107147456,
  "P@1": 0.5491913746630728,
  "P@3": 0.23921832884096839,
  "P@5": 0.15768194070080563,
  "P@10": 0.08618598382749142,
  "P@100": 0.00997978436657664,
  "R@1": 0.5311657681940701,
  "R@3": 0.6820530098831985,
  "R@5": 0.7483715184186882,
  "R@10": 0.8158131176999102,
  "R@100": 0.9378930817610063,
  "AP": 0.6339347325254873
}