{
  "nDCG@1": 0.578167115902965,
  "nDCG@1_std": 0.4940185817423404,
  "nDCG@1_stderr": 0.012824083409780983,
  "nDCG@1_ci90_low": 0.5570601908787299,
  "nDCG@1_ci90_high": 0.5992740409272,
  "nDCG@1_ci95_low": 0.5530118438559998,
  "nDCG@1_ci95_high": 0.6033223879499302,
  "nDCG@3": 0.6540268478227462,
  "nDCG@3_std": 0.43325229012025324,
  "nDCG@3_stderr": 0.011246669075453054,
  "nDCG@3_ci90_low": 0.6355161602856613,
  "nDCG@3_ci90_high": 0.6725375353598312,
  "nDCG@3_ci95_low": 0.6319657763859031,
  "nDCG@3_ci95_high": 0.6760879192595893,
  "nDCG@5": 0.6807219437062373,
  "nDCG@5_std": 0.40522236464430844,
  "nDCG@5_stderr": 0.01051904846449203,
  "nDCG@5_ci90_low": 0.6634088336638472,
  "nDCG@5_ci90_high": 0.6980350537486274,
  "nDCG@5_ci95_low": 0.6600881473292042,
  "nDCG@5_ci95_high": 0.7013557400832704,
  "nDCG@10": 0.7044920569584545,
  "nDCG@10_std": 0.37458298233556314,
  "nDCG@10_stderr": 0.009723689729268483,
  "nDCG@10_ci90_low": 0.6884880133542107,
  "nDCG@10_ci90_high": 0.7204961005626983,
  "nDCG@10_ci95_low": 0.6854184083689989,
  "nDCG@10_ci95_high": 0.7235657055479101,
  "nDCG@100": 0.7294686769516455,
  "nDCG@100_std": 0.33451640363944796,
  "nDCG@100_stderr": 0.00868361316912905,
  "nDCG@100_ci90_low": 0.7151764763909041,
  "nDCG@100_ci90_high": 0.743760877512387,
  "nDCG@100_ci95_low": 0.7124352060484972,
  "nDCG@100_ci95_high": 0.7465021478547939,
  "RR@1": 0.5774932614555256,
  "RR@3": 0.6417340521114113,
  "RR@5": 0.6561545372866139,
  "RR@10": 0.6654481132075479,
  "RR@100": 0.6705843405977688,
  "P@1": 0.578167115902965,
  "P@3": 0.2484276729559725,
  "P@5": 0.16320754716980806,
  "P@10": 0.08942048517520018,
  "P@100": 0.010148247978436477,
  "R@1": 0.5600292003593891,
  "R@3": 0.7095687331536388,
  "R@5": 0.7735849056603774,
  "R@10": 0.8451819407008087,
  "R@100": 0.9552448337825696,
  "AP": 0.6624091041284559
}