{
  "nDCG@1": 0.07749326145552561,
  "nDCG@1_std": 0.2674626346091729,
  "nDCG@1_stderr": 0.006942984053617509,
  "nDCG@1_ci90_low": 0.06606593061390043,
  "nDCG@1_ci90_high": 0.0889205922971508,
  "nDCG@1_ci95_low": 0.0638741475504116,
  "nDCG@1_ci95_high": 0.09111237536063962,
  "nDCG@3": 0.12645423213632764,
  "nDCG@3_std": 0.2979044158748642,
  "nDCG@3_stderr": 0.007733213321344008,
  "nDCG@3_ci90_low": 0.11372627735356855,
  "nDCG@3_ci90_high": 0.13918218691908674,
  "nDCG@3_ci95_low": 0.11128503222709635,
  "nDCG@3_ci95_high": 0.14162343204555894,
  "nDCG@5": 0.14680584998033017,
  "nDCG@5_std": 0.3023881476351143,
  "nDCG@5_stderr": 0.007849605198503237,
  "nDCG@5_ci90_low": 0.1338863279294764,
  "nDCG@5_ci90_high": 0.15972537203118392,
  "nDCG@5_ci95_low": 0.13140833984880537,
  "nDCG@5_ci95_high": 0.16220336011185496,
  "nDCG@10": 0.1697870130685468,
  "nDCG@10_std": 0.30310925697686314,
  "nDCG@10_stderr": 0.007868324264319637,
  "nDCG@10_ci90_low": 0.1568366816486266,
  "nDCG@10_ci90_high": 0.18273734448846699,
  "nDCG@10_ci95_low": 0.15435278427432855,
  "nDCG@10_ci95_high": 0.18522124186276503,
  "nDCG@100": 0.22183101357340246,
  "nDCG@100_std": 0.28805476715764267,
  "nDCG@100_stderr": 0.0074775291803523825,
  "nDCG@100_ci90_low": 0.2095238846556467,
  "nDCG@100_ci90_high": 0.23413814249115822,
  "nDCG@100_ci95_low": 0.20716335470373062,
  "nDCG@100_ci95_high": 0.2364986724430743,
  "RR@1": 0.07749326145552561,
  "RR@3": 0.1153414195867026,
  "RR@5": 0.127369721473495,
  "RR@10": 0.13721601848286477,
  "RR@100": 0.14687082816173558,
  "P@1": 0.07749326145552561,
  "P@3": 0.0552560646900269,
  "P@5": 0.043396226415094594,
  "P@10": 0.029110512129380275,
  "P@100": 0.005559299191374577,
  "R@1": 0.07603324348607368,
  "R@3": 0.16228661275831086,
  "R@5": 0.2111972147349506,
  "R@10": 0.28049191374663074,
  "R@100": 0.5316711590296496,
  "AP": 0.14400710697729766
}