nDCG@1,nDCG@1_std,nDCG@1_stderr,nDCG@1_ci90_low,nDCG@1_ci90_high,nDCG@1_ci95_low,nDCG@1_ci95_high,nDCG@3,nDCG@3_std,nDCG@3_stderr,nDCG@3_ci90_low,nDCG@3_ci90_high,nDCG@3_ci95_low,nDCG@3_ci95_high,nDCG@5,nDCG@5_std,nDCG@5_stderr,nDCG@5_ci90_low,nDCG@5_ci90_high,nDCG@5_ci95_low,nDCG@5_ci95_high,nDCG@10,nDCG@10_std,nDCG@10_stderr,nDCG@10_ci90_low,nDCG@10_ci90_high,nDCG@10_ci95_low,nDCG@10_ci95_high,nDCG@100,nDCG@100_std,nDCG@100_stderr,nDCG@100_ci90_low,nDCG@100_ci90_high,nDCG@100_ci95_low,nDCG@100_ci95_high,RR@1,RR@3,RR@5,RR@10,RR@100,P@1,P@3,P@5,P@10,P@100,R@1,R@3,R@5,R@10,R@100,AP
0.14016172506738545,0.34727176847151325,0.009014725942158115,0.1253245520316864,0.15499889810308448,0.12247875496670241,0.15784469516806848,0.2168468576758695,0.3671146142483393,0.009529820553441698,0.20116189981272167,0.23253181553901733,0.19815349605926091,0.2355402192924781,0.24336831502720455,0.3654843653354295,0.009487501400254937,0.22775300948655494,0.2589836205678542,0.22475796517659852,0.2619786648778106,0.27296206565651926,0.3578269461607251,0.009288724702719131,0.2576739230574529,0.2882502082555856,0.2547416292011503,0.29118250211188823,0.3360326214162404,0.3228608975936783,0.008381051307615682,0.3222384019058472,0.34982684092663363,0.3195926452443881,0.35247259758809274,0.14016172506738545,0.2000224618149147,0.21511680143755602,0.22783179309459609,0.23977199155970613,0.14016172506738545,0.09344115004492333,0.06967654986522973,0.04427223719676585,0.007648247978436527,0.13623090745732255,0.2735287511230908,0.3376010781671159,0.4272237196765499,0.7272574123989218,0.2350235447147985
