nDCG@1,nDCG@1_std,nDCG@1_stderr,nDCG@1_ci90_low,nDCG@1_ci90_high,nDCG@1_ci95_low,nDCG@1_ci95_high,nDCG@3,nDCG@3_std,nDCG@3_stderr,nDCG@3_ci90_low,nDCG@3_ci90_high,nDCG@3_ci95_low,nDCG@3_ci95_high,nDCG@5,nDCG@5_std,nDCG@5_stderr,nDCG@5_ci90_low,nDCG@5_ci90_high,nDCG@5_ci95_low,nDCG@5_ci95_high,nDCG@10,nDCG@10_std,nDCG@10_stderr,nDCG@10_ci90_low,nDCG@10_ci90_high,nDCG@10_ci95_low,nDCG@10_ci95_high,nDCG@100,nDCG@100_std,nDCG@100_stderr,nDCG@100_ci90_low,nDCG@100_ci90_high,nDCG@100_ci95_low,nDCG@100_ci95_high,RR@1,RR@3,RR@5,RR@10,RR@100,P@1,P@3,P@5,P@10,P@100,R@1,R@3,R@5,R@10,R@100,AP
0.1179245283018868,0.3226274545169263,0.008374991427282548,0.10414028263802591,0.13170877396574768,0.10149643897866768,0.13435261762510592,0.18656132639613093,0.3480463895093701,0.009034834102392518,0.17169105770619442,0.20143159508606745,0.1688389128338844,0.20428373995837745,0.2117302786945546,0.3481559098663336,0.009037677109203751,0.1968553307515525,0.2266052266375567,0.19400228838990222,0.229458268999207,0.2415555232170877,0.3434847830688153,0.008916420699257048,0.22688014898798559,0.2562308974461898,0.22406538523155867,0.25904566120261674,0.2981643428128723,0.3161260298198729,0.00820622285120314,0.28465787027071754,0.31167081535502705,0.28206730400676217,0.3142613816189824,0.1179245283018868,0.17194519317160847,0.18633198562443848,0.19870951525264177,0.20901285864015276,0.1179245283018868,0.08063791554357551,0.06118598382749376,0.04022911051212976,0.00694070080862522,0.11511680143755613,0.23641060197663974,0.29700134770889486,0.3876347708894879,0.6635220125786164,0.20487440054048647
