{
  "nDCG@1": 0.14285714285714285,
  "nDCG@1_std": 0.3500450656992924,
  "nDCG@1_stderr": 0.009086717151160257,
  "nDCG@1_ci90_low": 0.12790148080337851,
  "nDCG@1_ci90_high": 0.15781280491090718,
  "nDCG@1_ci95_low": 0.12503295732689876,
  "nDCG@1_ci95_high": 0.16068132838738694,
  "nDCG@3": 0.21835196115080208,
  "nDCG@3_std": 0.36989663792722927,
  "nDCG@3_stderr": 0.009602038289827731,
  "nDCG@3_ci90_low": 0.20254814143229877,
  "nDCG@3_ci90_high": 0.23415578086930539,
  "nDCG@3_ci95_low": 0.19951693975646456,
  "nDCG@3_ci95_high": 0.2371869825451396,
  "nDCG@5": 0.24460687896713293,
  "nDCG@5_std": 0.3677419859887549,
  "nDCG@5_stderr": 0.009546106312369336,
  "nDCG@5_ci90_low": 0.22889511667035312,
  "nDCG@5_ci90_high": 0.26031864126391274,
  "nDCG@5_ci95_low": 0.22588157177724433,
  "nDCG@5_ci95_high": 0.26333218615702153,
  "nDCG@10": 0.27540073824703454,
  "nDCG@10_std": 0.3602260564197809,
  "nDCG@10_stderr": 0.009351002501993166,
  "nDCG@10_ci90_low": 0.2600100937538407,
  "nDCG@10_ci90_high": 0.29079138274022837,
  "nDCG@10_ci95_low": 0.2570581398458044,
  "nDCG@10_ci95_high": 0.2937433366482647,
  "nDCG@100": 0.33794038345429755,
  "nDCG@100_std": 0.3249873699652579,
  "nDCG@100_stderr": 0.008436251779965433,
  "nDCG@100_ci90_low": 0.3240553104930994,
  "nDCG@100_ci90_high": 0.35182545641549573,
  "nDCG@100_ci95_low": 0.32139212797275046,
  "nDCG@100_ci95_high": 0.35448863893584465,
  "RR@1": 0.1421832884097035,
  "RR@3": 0.20215633423180593,
  "RR@5": 0.21681266846361164,
  "RR@10": 0.22975120865956425,
  "RR@100": 0.24150804621267322,
  "P@1": 0.14285714285714285,
  "P@3": 0.09321653189577687,
  "P@5": 0.0692722371967661,
  "P@10": 0.044609164420485514,
  "P@100": 0.007675202156334101,
  "R@1": 0.13892632524707996,
  "R@3": 0.2726864330637916,
  "R@5": 0.3359164420485175,
  "R@10": 0.4295822102425876,
  "R@100": 0.7297282120395329,
  "AP": 0.23724080679245926
}