nDCG@1,nDCG@1_std,nDCG@1_stderr,nDCG@1_ci90_low,nDCG@1_ci90_high,nDCG@1_ci95_low,nDCG@1_ci95_high,nDCG@3,nDCG@3_std,nDCG@3_stderr,nDCG@3_ci90_low,nDCG@3_ci90_high,nDCG@3_ci95_low,nDCG@3_ci95_high,nDCG@5,nDCG@5_std,nDCG@5_stderr,nDCG@5_ci90_low,nDCG@5_ci90_high,nDCG@5_ci95_low,nDCG@5_ci95_high,nDCG@10,nDCG@10_std,nDCG@10_stderr,nDCG@10_ci90_low,nDCG@10_ci90_high,nDCG@10_ci95_low,nDCG@10_ci95_high,nDCG@100,nDCG@100_std,nDCG@100_stderr,nDCG@100_ci90_low,nDCG@100_ci90_high,nDCG@100_ci95_low,nDCG@100_ci95_high,RR@1,RR@3,RR@5,RR@10,RR@100,P@1,P@3,P@5,P@10,P@100,R@1,R@3,R@5,R@10,R@100,AP
0.07749326145552561,0.2674626346091729,0.006942984053617509,0.06606593061390043,0.0889205922971508,0.0638741475504116,0.09111237536063962,0.12645423213632764,0.2979044158748642,0.007733213321344008,0.11372627735356855,0.13918218691908674,0.11128503222709635,0.14162343204555894,0.14680584998033017,0.3023881476351143,0.007849605198503237,0.1338863279294764,0.15972537203118392,0.13140833984880537,0.16220336011185496,0.1697870130685468,0.30310925697686314,0.007868324264319637,0.1568366816486266,0.18273734448846699,0.15435278427432855,0.18522124186276503,0.22183101357340246,0.28805476715764267,0.0074775291803523825,0.2095238846556467,0.23413814249115822,0.20716335470373062,0.2364986724430743,0.07749326145552561,0.1153414195867026,0.127369721473495,0.13721601848286477,0.14687082816173558,0.07749326145552561,0.0552560646900269,0.043396226415094594,0.029110512129380275,0.005559299191374577,0.07603324348607368,0.16228661275831086,0.2111972147349506,0.28049191374663074,0.5316711590296496,0.14400710697729766
