{
  "nDCG@1": 0.6482479784366577,
  "nDCG@1_std": 0.47767802388250347,
  "nDCG@1_stderr": 0.012399903662902159,
  "nDCG@1_ci90_low": 0.6278392031224708,
  "nDCG@1_ci90_high": 0.6686567537508447,
  "nDCG@1_ci95_low": 0.6239247624976098,
  "nDCG@1_ci95_high": 0.6725711943757057,
  "nDCG@3": 0.7170091856261809,
  "nDCG@3_std": 0.4112871746562944,
  "nDCG@3_stderr": 0.010676483088072133,
  "nDCG@3_ci90_low": 0.6994369568078173,
  "nDCG@3_ci90_high": 0.7345814144445445,
  "nDCG@3_ci95_low": 0.6960665710155773,
  "nDCG@3_ci95_high": 0.7379518002367844,
  "nDCG@5": 0.740271520428413,
  "nDCG@5_std": 0.38172898922355647,
  "nDCG@5_stderr": 0.009909190825310842,
  "nDCG@5_ci90_low": 0.7239621639529903,
  "nDCG@5_ci90_high": 0.7565808769038358,
  "nDCG@5_ci95_low": 0.7208339993977975,
  "nDCG@5_ci95_high": 0.7597090414590286,
  "nDCG@10": 0.7581306911835582,
  "nDCG@10_std": 0.3552910408693202,
  "nDCG@10_stderr": 0.009222895881338393,
  "nDCG@10_ci90_low": 0.7429508950411484,
  "nDCG@10_ci90_high": 0.7733104873259681,
  "nDCG@10_ci95_low": 0.7400393822344171,
  "nDCG@10_ci95_high": 0.7762220001326994,
  "nDCG@100": 0.7790298411499633,
  "nDCG@100_std": 0.3163635092716366,
  "nDCG@100_stderr": 0.00821238751061086,
  "nDCG@100_ci90_low": 0.7655132223073081,
  "nDCG@100_ci90_high": 0.7925464599926185,
  "nDCG@100_ci95_low": 0.7629207099642636,
  "nDCG@100_ci95_high": 0.795138972335663,
  "RR@1": 0.6482479784366577,
  "RR@3": 0.7060871518418694,
  "RR@5": 0.7184860736747541,
  "RR@10": 0.7253647370898055,
  "RR@100": 0.729566517477486,
  "P@1": 0.6482479784366577,
  "P@3": 0.2681940700808593,
  "P@5": 0.17318059299191008,
  "P@10": 0.092654986522909,
  "P@100": 0.010296495956873132,
  "R@1": 0.6290992812219227,
  "R@3": 0.765779424977538,
  "R@5": 0.8215408805031446,
  "R@10": 0.8751123090745732,
  "R@100": 0.9681603773584906,
  "AP": 0.7230097862725189
}