{
  "nDCG@1": 0.75,
  "nDCG@1_std": 0.4331586694345053,
  "nDCG@1_stderr": 0.011244238803541666,
  "nDCG@1_ci90_low": 0.7314933124031356,
  "nDCG@1_ci90_high": 0.7685066875968644,
  "nDCG@1_ci95_low": 0.7279436956992652,
  "nDCG@1_ci95_high": 0.7720563043007348,
  "nDCG@3": 0.8103063816114409,
  "nDCG@3_std": 0.35152415849302765,
  "nDCG@3_stderr": 0.009125112487001206,
  "nDCG@3_ci90_low": 0.7952875253745931,
  "nDCG@3_ci90_high": 0.8253252378482886,
  "nDCG@3_ci95_low": 0.7924068811376214,
  "nDCG@3_ci95_high": 0.8282058820852604,
  "nDCG@5": 0.8287128104750374,
  "nDCG@5_std": 0.31960917442094433,
  "nDCG@5_stderr": 0.008296640779886975,
  "nDCG@5_ci90_low": 0.8150575207129229,
  "nDCG@5_ci90_high": 0.8423681002371519,
  "nDCG@5_ci95_low": 0.8124384110325928,
  "nDCG@5_ci95_high": 0.844987209917482,
  "nDCG@10": 0.8435116500370279,
  "nDCG@10_std": 0.28926364605208155,
  "nDCG@10_stderr": 0.007508910112866969,
  "nDCG@10_ci90_low": 0.8311528718147089,
  "nDCG@10_ci90_high": 0.8558704282593469,
  "nDCG@10_ci95_low": 0.8287824354312252,
  "nDCG@10_ci95_high": 0.8582408646428306,
  "nDCG@100": 0.8550641011534466,
  "nDCG@100_std": 0.26007344025320056,
  "nDCG@100_stderr": 0.006751170125449327,
  "nDCG@100_ci90_low": 0.8439524733582755,
  "nDCG@100_ci90_high": 0.8661757289486176,
  "nDCG@100_ci95_low": 0.8418212427194868,
  "nDCG@100_ci95_high": 0.8683069595874063,
  "RR@1": 0.75,
  "RR@3": 0.8005390835579517,
  "RR@5": 0.809905660377359,
  "RR@10": 0.8156459911008429,
  "RR@100": 0.8180823075186631,
  "P@1": 0.75,
  "P@3": 0.29986522911050745,
  "P@5": 0.1897574123989174,
  "P@10": 0.09979784366576575,
  "P@100": 0.010539083557951294,
  "R@1": 0.7276504941599282,
  "R@3": 0.8542228212039532,
  "R@5": 0.8983602875112308,
  "R@10": 0.9423292902066486,
  "R@100": 0.9905660377358491,
  "AP": 0.8125025770359914
}