nDCG@1,nDCG@1_std,nDCG@1_stderr,nDCG@1_ci90_low,nDCG@1_ci90_high,nDCG@1_ci95_low,nDCG@1_ci95_high,nDCG@3,nDCG@3_std,nDCG@3_stderr,nDCG@3_ci90_low,nDCG@3_ci90_high,nDCG@3_ci95_low,nDCG@3_ci95_high,nDCG@5,nDCG@5_std,nDCG@5_stderr,nDCG@5_ci90_low,nDCG@5_ci90_high,nDCG@5_ci95_low,nDCG@5_ci95_high,nDCG@10,nDCG@10_std,nDCG@10_stderr,nDCG@10_ci90_low,nDCG@10_ci90_high,nDCG@10_ci95_low,nDCG@10_ci95_high,nDCG@100,nDCG@100_std,nDCG@100_stderr,nDCG@100_ci90_low,nDCG@100_ci90_high,nDCG@100_ci95_low,nDCG@100_ci95_high,RR@1,RR@3,RR@5,RR@10,RR@100,P@1,P@3,P@5,P@10,P@100,R@1,R@3,R@5,R@10,R@100,AP
0.772911051212938,0.41909177099334205,0.010879080314380863,0.755005371314355,0.7908167311115211,0.7515710289919106,0.7942510734339654,0.8379143036311423,0.32437713755972575,0.008420410936003056,0.8240553028261483,0.8517733044361363,0.8213971209932904,0.8544314862689941,0.8524268540090797,0.2966929275476449,0.007701764651329528,0.8397506600187996,0.8651030479993598,0.8373193427074822,0.8675343653106772,0.8659488267516109,0.2648586760584628,0.006875388657646481,0.8546327499395451,0.8772649035636767,0.8524623056034558,0.879435347899766,0.8745638809061406,0.24082269885229346,0.006251445777926474,0.8642747403015866,0.8848530215106946,0.8623012642180229,0.8868264975942582,0.772911051212938,0.8264824797843667,0.8339622641509438,0.8391923907927954,0.8411066488855206,0.772911051212938,0.3099730458220973,0.19407008086252905,0.101482479784364,0.010559299191374475,0.7514038634321655,0.8834793351302787,0.917508984725966,0.9581648697214734,0.9925876010781671,0.8366168864893603
