nDCG@1,nDCG@1_std,nDCG@1_stderr,nDCG@1_ci90_low,nDCG@1_ci90_high,nDCG@1_ci95_low,nDCG@1_ci95_high,nDCG@3,nDCG@3_std,nDCG@3_stderr,nDCG@3_ci90_low,nDCG@3_ci90_high,nDCG@3_ci95_low,nDCG@3_ci95_high,nDCG@5,nDCG@5_std,nDCG@5_stderr,nDCG@5_ci90_low,nDCG@5_ci90_high,nDCG@5_ci95_low,nDCG@5_ci95_high,nDCG@10,nDCG@10_std,nDCG@10_stderr,nDCG@10_ci90_low,nDCG@10_ci90_high,nDCG@10_ci95_low,nDCG@10_ci95_high,nDCG@100,nDCG@100_std,nDCG@100_stderr,nDCG@100_ci90_low,nDCG@100_ci90_high,nDCG@100_ci95_low,nDCG@100_ci95_high,RR@1,RR@3,RR@5,RR@10,RR@100,P@1,P@3,P@5,P@10,P@100,R@1,R@3,R@5,R@10,R@100,AP
0.7715633423180593,0.41996690381579094,0.01090179763053958,0.7536202724030835,0.7895064122330352,0.7501787586067571,0.7929479260293616,0.8309756595893234,0.33229297331122476,0.008625895793631943,0.8167784550043788,0.845172864174268,0.8140554050647709,0.8478959141138759,0.8473458149626246,0.3026605003115592,0.007856675121718046,0.8344146566540787,0.8602769732711706,0.8319344367177901,0.8627571932074591,0.8597888091976613,0.27457857193824237,0.007127704582802696,0.848057450205613,0.8715201681897097,0.845807353983946,0.8737702644113766,0.8699665002809279,0.24696591321244396,0.006410915676975378,0.8594148910776217,0.8805181094842341,0.8573910730342936,0.8825419275275622,0.7715633423180593,0.8208670260557055,0.8289869721473503,0.8339884696016775,0.8362743821563492,0.7715633423180593,0.3070530098831935,0.19312668463611404,0.10074123989218078,0.010552560646900081,0.7485399820305482,0.875280772686433,0.9140274034141957,0.9507524707996405,0.9919137466307277,0.8310465340630815
