nDCG@1,nDCG@1_std,nDCG@1_stderr,nDCG@1_ci90_low,nDCG@1_ci90_high,nDCG@1_ci95_low,nDCG@1_ci95_high,nDCG@3,nDCG@3_std,nDCG@3_stderr,nDCG@3_ci90_low,nDCG@3_ci90_high,nDCG@3_ci95_low,nDCG@3_ci95_high,nDCG@5,nDCG@5_std,nDCG@5_stderr,nDCG@5_ci90_low,nDCG@5_ci90_high,nDCG@5_ci95_low,nDCG@5_ci95_high,nDCG@10,nDCG@10_std,nDCG@10_stderr,nDCG@10_ci90_low,nDCG@10_ci90_high,nDCG@10_ci95_low,nDCG@10_ci95_high,nDCG@100,nDCG@100_std,nDCG@100_stderr,nDCG@100_ci90_low,nDCG@100_ci90_high,nDCG@100_ci95_low,nDCG@100_ci95_high,RR@1,RR@3,RR@5,RR@10,RR@100,P@1,P@3,P@5,P@10,P@100,R@1,R@3,R@5,R@10,R@100,AP
0.7742587601078167,0.4182104609404206,0.010856202645308816,0.7563907341475622,0.7921267860680712,0.7529636139197126,0.7955539062959208,0.8375051139148896,0.3259168718610849,0.008460380446947139,0.8235803280207165,0.8514298998090627,0.8209095284868145,0.8541006993429646,0.8545920094539152,0.2932802879402874,0.007613176941090117,0.8420616203604332,0.8671223985473973,0.8396582686963701,0.8695257502114604,0.8661754135660318,0.2657580125453671,0.006898734269629018,0.8548209126369344,0.8775299144951292,0.8526430984845593,0.8797077286475042,0.8751100799854208,0.2408142500012562,0.006251226456681437,0.8648213003577044,0.8853988596131371,0.8628478935101619,0.8873722664606797,0.7742587601078167,0.8264824797843667,0.8352425876010786,0.8396787960467206,0.8416707691029179,0.7742587601078167,0.30929919137465794,0.19501347708894406,0.10134770889487617,0.010559299191374475,0.7530884995507638,0.8817946990116803,0.9217767295597483,0.9568171608265947,0.9925876010781671,0.8374320128009578
