nDCG@1,nDCG@1_std,nDCG@1_stderr,nDCG@1_ci90_low,nDCG@1_ci90_high,nDCG@1_ci95_low,nDCG@1_ci95_high,nDCG@3,nDCG@3_std,nDCG@3_stderr,nDCG@3_ci90_low,nDCG@3_ci90_high,nDCG@3_ci95_low,nDCG@3_ci95_high,nDCG@5,nDCG@5_std,nDCG@5_stderr,nDCG@5_ci90_low,nDCG@5_ci90_high,nDCG@5_ci95_low,nDCG@5_ci95_high,nDCG@10,nDCG@10_std,nDCG@10_stderr,nDCG@10_ci90_low,nDCG@10_ci90_high,nDCG@10_ci95_low,nDCG@10_ci95_high,nDCG@100,nDCG@100_std,nDCG@100_stderr,nDCG@100_ci90_low,nDCG@100_ci90_high,nDCG@100_ci95_low,nDCG@100_ci95_high,RR@1,RR@3,RR@5,RR@10,RR@100,P@1,P@3,P@5,P@10,P@100,R@1,R@3,R@5,R@10,R@100,AP
0.75,0.4331586694345053,0.011244238803541666,0.7314933124031356,0.7685066875968644,0.7279436956992652,0.7720563043007348,0.8103063816114409,0.35152415849302765,0.009125112487001206,0.7952875253745931,0.8253252378482886,0.7924068811376214,0.8282058820852604,0.8287128104750374,0.31960917442094433,0.008296640779886975,0.8150575207129229,0.8423681002371519,0.8124384110325928,0.844987209917482,0.8435116500370279,0.28926364605208155,0.007508910112866969,0.8311528718147089,0.8558704282593469,0.8287824354312252,0.8582408646428306,0.8550641011534466,0.26007344025320056,0.006751170125449327,0.8439524733582755,0.8661757289486176,0.8418212427194868,0.8683069595874063,0.75,0.8005390835579517,0.809905660377359,0.8156459911008429,0.8180823075186631,0.75,0.29986522911050745,0.1897574123989174,0.09979784366576575,0.010539083557951294,0.7276504941599282,0.8542228212039532,0.8983602875112308,0.9423292902066486,0.9905660377358491,0.8125025770359914
