nDCG@1,nDCG@1_std,nDCG@1_stderr,nDCG@1_ci90_low,nDCG@1_ci90_high,nDCG@1_ci95_low,nDCG@1_ci95_high,nDCG@3,nDCG@3_std,nDCG@3_stderr,nDCG@3_ci90_low,nDCG@3_ci90_high,nDCG@3_ci95_low,nDCG@3_ci95_high,nDCG@5,nDCG@5_std,nDCG@5_stderr,nDCG@5_ci90_low,nDCG@5_ci90_high,nDCG@5_ci95_low,nDCG@5_ci95_high,nDCG@10,nDCG@10_std,nDCG@10_stderr,nDCG@10_ci90_low,nDCG@10_ci90_high,nDCG@10_ci95_low,nDCG@10_ci95_high,nDCG@100,nDCG@100_std,nDCG@100_stderr,nDCG@100_ci90_low,nDCG@100_ci90_high,nDCG@100_ci95_low,nDCG@100_ci95_high,RR@1,RR@3,RR@5,RR@10,RR@100,P@1,P@3,P@5,P@10,P@100,R@1,R@3,R@5,R@10,R@100,AP
0.6482479784366577,0.47767802388250347,0.012399903662902159,0.6278392031224708,0.6686567537508447,0.6239247624976098,0.6725711943757057,0.7170091856261809,0.4112871746562944,0.010676483088072133,0.6994369568078173,0.7345814144445445,0.6960665710155773,0.7379518002367844,0.740271520428413,0.38172898922355647,0.009909190825310842,0.7239621639529903,0.7565808769038358,0.7208339993977975,0.7597090414590286,0.7581306911835582,0.3552910408693202,0.009222895881338393,0.7429508950411484,0.7733104873259681,0.7400393822344171,0.7762220001326994,0.7790298411499633,0.3163635092716366,0.00821238751061086,0.7655132223073081,0.7925464599926185,0.7629207099642636,0.795138972335663,0.6482479784366577,0.7060871518418694,0.7184860736747541,0.7253647370898055,0.729566517477486,0.6482479784366577,0.2681940700808593,0.17318059299191008,0.092654986522909,0.010296495956873132,0.6290992812219227,0.765779424977538,0.8215408805031446,0.8751123090745732,0.9681603773584906,0.7230097862725189
