{
  "nDCG@1": 0.7742587601078167,
  "nDCG@1_std": 0.4182104609404206,
  "nDCG@1_stderr": 0.010856202645308816,
  "nDCG@1_ci90_low": 0.7563907341475622,
  "nDCG@1_ci90_high": 0.7921267860680712,
  "nDCG@1_ci95_low": 0.7529636139197126,
  "nDCG@1_ci95_high": 0.7955539062959208,
  "nDCG@3": 0.8375051139148896,
  "nDCG@3_std": 0.3259168718610849,
  "nDCG@3_stderr": 0.008460380446947139,
  "nDCG@3_ci90_low": 0.8235803280207165,
  "nDCG@3_ci90_high": 0.8514298998090627,
  "nDCG@3_ci95_low": 0.8209095284868145,
  "nDCG@3_ci95_high": 0.8541006993429646,
  "nDCG@5": 0.8545920094539152,
  "nDCG@5_std": 0.2932802879402874,
  "nDCG@5_stderr": 0.007613176941090117,
  "nDCG@5_ci90_low": 0.8420616203604332,
  "nDCG@5_ci90_high": 0.8671223985473973,
  "nDCG@5_ci95_low": 0.8396582686963701,
  "nDCG@5_ci95_high": 0.8695257502114604,
  "nDCG@10": 0.8661754135660318,
  "nDCG@10_std": 0.2657580125453671,
  "nDCG@10_stderr": 0.006898734269629018,
  "nDCG@10_ci90_low": 0.8548209126369344,
  "nDCG@10_ci90_high": 0.8775299144951292,
  "nDCG@10_ci95_low": 0.8526430984845593,
  "nDCG@10_ci95_high": 0.8797077286475042,
  "nDCG@100": 0.8751100799854208,
  "nDCG@100_std": 0.2408142500012562,
  "nDCG@100_stderr": 0.006251226456681437,
  "nDCG@100_ci90_low": 0.8648213003577044,
  "nDCG@100_ci90_high": 0.8853988596131371,
  "nDCG@100_ci95_low": 0.8628478935101619,
  "nDCG@100_ci95_high": 0.8873722664606797,
  "RR@1": 0.7742587601078167,
  "RR@3": 0.8264824797843667,
  "RR@5": 0.8352425876010786,
  "RR@10": 0.8396787960467206,
  "RR@100": 0.8416707691029179,
  "P@1": 0.7742587601078167,
  "P@3": 0.30929919137465794,
  "P@5": 0.19501347708894406,
  "P@10": 0.10134770889487617,
  "P@100": 0.010559299191374475,
  "R@1": 0.7530884995507638,
  "R@3": 0.8817946990116803,
  "R@5": 0.9217767295597483,
  "R@10": 0.9568171608265947,
  "R@100": 0.9925876010781671,
  "AP": 0.8374320128009578
}