{
  "nDCG@1": 0.7715633423180593,
  "nDCG@1_std": 0.41996690381579094,
  "nDCG@1_stderr": 0.01090179763053958,
  "nDCG@1_ci90_low": 0.7536202724030835,
  "nDCG@1_ci90_high": 0.7895064122330352,
  "nDCG@1_ci95_low": 0.7501787586067571,
  "nDCG@1_ci95_high": 0.7929479260293616,
  "nDCG@3": 0.8309756595893234,
  "nDCG@3_std": 0.33229297331122476,
  "nDCG@3_stderr": 0.008625895793631943,
  "nDCG@3_ci90_low": 0.8167784550043788,
  "nDCG@3_ci90_high": 0.845172864174268,
  "nDCG@3_ci95_low": 0.8140554050647709,
  "nDCG@3_ci95_high": 0.8478959141138759,
  "nDCG@5": 0.8473458149626246,
  "nDCG@5_std": 0.3026605003115592,
  "nDCG@5_stderr": 0.007856675121718046,
  "nDCG@5_ci90_low": 0.8344146566540787,
  "nDCG@5_ci90_high": 0.8602769732711706,
  "nDCG@5_ci95_low": 0.8319344367177901,
  "nDCG@5_ci95_high": 0.8627571932074591,
  "nDCG@10": 0.8597888091976613,
  "nDCG@10_std": 0.27457857193824237,
  "nDCG@10_stderr": 0.007127704582802696,
  "nDCG@10_ci90_low": 0.848057450205613,
  "nDCG@10_ci90_high": 0.8715201681897097,
  "nDCG@10_ci95_low": 0.845807353983946,
  "nDCG@10_ci95_high": 0.8737702644113766,
  "nDCG@100": 0.8699665002809279,
  "nDCG@100_std": 0.24696591321244396,
  "nDCG@100_stderr": 0.006410915676975378,
  "nDCG@100_ci90_low": 0.8594148910776217,
  "nDCG@100_ci90_high": 0.8805181094842341,
  "nDCG@100_ci95_low": 0.8573910730342936,
  "nDCG@100_ci95_high": 0.8825419275275622,
  "RR@1": 0.7715633423180593,
  "RR@3": 0.8208670260557055,
  "RR@5": 0.8289869721473503,
  "RR@10": 0.8339884696016775,
  "RR@100": 0.8362743821563492,
  "P@1": 0.7715633423180593,
  "P@3": 0.3070530098831935,
  "P@5": 0.19312668463611404,
  "P@10": 0.10074123989218078,
  "P@100": 0.010552560646900081,
  "R@1": 0.7485399820305482,
  "R@3": 0.875280772686433,
  "R@5": 0.9140274034141957,
  "R@10": 0.9507524707996405,
  "R@100": 0.9919137466307277,
  "AP": 0.8310465340630815
}