nDCG@1,nDCG@1_std,nDCG@1_stderr,nDCG@1_ci90_low,nDCG@1_ci90_high,nDCG@1_ci95_low,nDCG@1_ci95_high,nDCG@3,nDCG@3_std,nDCG@3_stderr,nDCG@3_ci90_low,nDCG@3_ci90_high,nDCG@3_ci95_low,nDCG@3_ci95_high,nDCG@5,nDCG@5_std,nDCG@5_stderr,nDCG@5_ci90_low,nDCG@5_ci90_high,nDCG@5_ci95_low,nDCG@5_ci95_high,nDCG@10,nDCG@10_std,nDCG@10_stderr,nDCG@10_ci90_low,nDCG@10_ci90_high,nDCG@10_ci95_low,nDCG@10_ci95_high,nDCG@100,nDCG@100_std,nDCG@100_stderr,nDCG@100_ci90_low,nDCG@100_ci90_high,nDCG@100_ci95_low,nDCG@100_ci95_high,RR@1,RR@3,RR@5,RR@10,RR@100,P@1,P@3,P@5,P@10,P@100,R@1,R@3,R@5,R@10,R@100,AP
0.6684636118598383,0.4709240403828907,0.012224578986972273,0.6483434002325443,0.6885838234871322,0.6444843066533265,0.6924429170663501,0.7349249411185835,0.40181440369161797,0.010430582206076322,0.7177574360776495,0.7520924461595175,0.7144646770499669,0.7553852051872002,0.7581980334932025,0.3707986892086392,0.009625454374364273,0.7423556736681761,0.7740403933182288,0.7393170799290584,0.7770789870573466,0.7747785935110257,0.344597205901836,0.008945297757175171,0.760055691058898,0.7895014959631534,0.7572318113019187,0.7923253757201327,0.7953022530624921,0.3044518886144445,0.007903177245048071,0.7822945577571698,0.8083099483678144,0.7797996578841936,0.8108048482407907,0.6684636118598383,0.7246181491464516,0.7369833782569645,0.7434106661532548,0.7475262094188154,0.6684636118598383,0.27403414195866677,0.17695417789757026,0.09393530997304368,0.010404312668463426,0.6481356693620844,0.782625786163522,0.8382187780772685,0.8879155435759208,0.9780997304582211,0.7407851070038821
