nDCG@1,nDCG@1_std,nDCG@1_stderr,nDCG@1_ci90_low,nDCG@1_ci90_high,nDCG@1_ci95_low,nDCG@1_ci95_high,nDCG@3,nDCG@3_std,nDCG@3_stderr,nDCG@3_ci90_low,nDCG@3_ci90_high,nDCG@3_ci95_low,nDCG@3_ci95_high,nDCG@5,nDCG@5_std,nDCG@5_stderr,nDCG@5_ci90_low,nDCG@5_ci90_high,nDCG@5_ci95_low,nDCG@5_ci95_high,nDCG@10,nDCG@10_std,nDCG@10_stderr,nDCG@10_ci90_low,nDCG@10_ci90_high,nDCG@10_ci95_low,nDCG@10_ci95_high,nDCG@100,nDCG@100_std,nDCG@100_stderr,nDCG@100_ci90_low,nDCG@100_ci90_high,nDCG@100_ci95_low,nDCG@100_ci95_high,RR@1,RR@3,RR@5,RR@10,RR@100,P@1,P@3,P@5,P@10,P@100,R@1,R@3,R@5,R@10,R@100,AP
0.5956873315363881,0.4909239633344626,0.012743751118545898,0.5747126239653576,0.6166620391074186,0.5706896364932212,0.6206850265795549,0.6785680913636484,0.42020945064348686,0.010908093832472269,0.660614658644729,0.6965215240825677,0.6571711572435552,0.6999650254837415,0.7019628975670009,0.3953226457120251,0.010262064565479088,0.685072752637639,0.7188530424963628,0.6818331917892562,0.7220926033447457,0.7238930446060817,0.3650658514924725,0.009476637322204879,0.7082956200533774,0.739490469158786,0.7053040053497814,0.742482083862382,0.7481008939395535,0.3226863170383582,0.008376519422205108,0.734314133376714,0.7618876545023929,0.7316698073551083,0.7645319805239986,0.5956873315363881,0.6644204851752027,0.6763814016172516,0.6851743999486593,0.6898110448825774,0.5956873315363881,0.2571877807726836,0.167250673854444,0.09097035040431062,0.010316711590296311,0.5786725067385444,0.7396114106019765,0.7949797843665768,0.8603436657681939,0.9713050314465408,0.6824834444801686
