nDCG@1,nDCG@1_std,nDCG@1_stderr,nDCG@1_ci90_low,nDCG@1_ci90_high,nDCG@1_ci95_low,nDCG@1_ci95_high,nDCG@3,nDCG@3_std,nDCG@3_stderr,nDCG@3_ci90_low,nDCG@3_ci90_high,nDCG@3_ci95_low,nDCG@3_ci95_high,nDCG@5,nDCG@5_std,nDCG@5_stderr,nDCG@5_ci90_low,nDCG@5_ci90_high,nDCG@5_ci95_low,nDCG@5_ci95_high,nDCG@10,nDCG@10_std,nDCG@10_stderr,nDCG@10_ci90_low,nDCG@10_ci90_high,nDCG@10_ci95_low,nDCG@10_ci95_high,nDCG@100,nDCG@100_std,nDCG@100_stderr,nDCG@100_ci90_low,nDCG@100_ci90_high,nDCG@100_ci95_low,nDCG@100_ci95_high,RR@1,RR@3,RR@5,RR@10,RR@100,P@1,P@3,P@5,P@10,P@100,R@1,R@3,R@5,R@10,R@100,AP
0.6401617250673854,0.48011459156016534,0.01246315380831513,0.6196488474922925,0.6606746026424783,0.6157144398624078,0.6646090102723631,0.7186742453049298,0.4043312702754734,0.01049591680723407,0.7013992072353918,0.7359492833744679,0.6980858231751336,0.7392626674347261,0.7412030913680493,0.37644150744277927,0.009771934637203024,0.72511964234963,0.7572865403864686,0.7220348072599999,0.7603713754760987,0.7596467968185733,0.34771731516868837,0.009026291758138912,0.7447905878172656,0.774503005819881,0.741941139619082,0.7773524540180645,0.7795943244597889,0.3100379263470878,0.008048183559508858,0.7663479659058301,0.7928406830137478,0.7638072899830055,0.7953813589365724,0.6401617250673854,0.70541329739443,0.7169362084456433,0.7243667907414544,0.7283751825111412,0.6401617250673854,0.2702156334231773,0.17452830188678867,0.09346361185983611,0.01033692722371949,0.6221361185983828,0.7755503144654087,0.8289532794249775,0.8845462713387242,0.9723158131176998,0.7214368827710083
