nDCG@1,nDCG@1_std,nDCG@1_stderr,nDCG@1_ci90_low,nDCG@1_ci90_high,nDCG@1_ci95_low,nDCG@1_ci95_high,nDCG@3,nDCG@3_std,nDCG@3_stderr,nDCG@3_ci90_low,nDCG@3_ci90_high,nDCG@3_ci95_low,nDCG@3_ci95_high,nDCG@5,nDCG@5_std,nDCG@5_stderr,nDCG@5_ci90_low,nDCG@5_ci90_high,nDCG@5_ci95_low,nDCG@5_ci95_high,nDCG@10,nDCG@10_std,nDCG@10_stderr,nDCG@10_ci90_low,nDCG@10_ci90_high,nDCG@10_ci95_low,nDCG@10_ci95_high,nDCG@100,nDCG@100_std,nDCG@100_stderr,nDCG@100_ci90_low,nDCG@100_ci90_high,nDCG@100_ci95_low,nDCG@100_ci95_high,RR@1,RR@3,RR@5,RR@10,RR@100,P@1,P@3,P@5,P@10,P@100,R@1,R@3,R@5,R@10,R@100,AP
0.6671159029649596,0.47140430659136545,0.012237046076559586,0.6469751719822636,0.6872566339476556,0.6431121427529568,0.6911196631769624,0.740733151338303,0.394340697484503,0.01023657445956158,0.7238849601094333,0.7575813425671727,0.7206534460579327,0.7608128566186733,0.7619662792039471,0.36658436044230813,0.00951605585047665,0.7463039764143964,0.7776285819934978,0.7432999179457007,0.7806326404621935,0.7812579086079172,0.3347085834555177,0.008688601908585494,0.766957497171879,0.7955583200439554,0.7642146519684954,0.7983011652473391,0.7992859175973884,0.2981130441103037,0.007738629040492618,0.7865490491812437,0.8120227860135332,0.7841060944035012,0.8144657407912756,0.6671159029649596,0.7285489667565145,0.7393643306379165,0.7470278205621873,0.7505384678909602,0.6671159029649596,0.27717879604671686,0.17789757412398532,0.0953504043126662,0.010424528301886605,0.6490902964959568,0.7940813117699909,0.8438903863432167,0.9017295597484277,0.9810759209344114,0.7442767783008535
