{
  "nDCG@1": 0.6502695417789758,
  "nDCG@1_std": 0.4770455067368672,
  "nDCG@1_stderr": 0.01238348433591015,
  "nDCG@1_ci90_low": 0.6298877907356621,
  "nDCG@1_ci90_high": 0.6706512928222894,
  "nDCG@1_ci95_low": 0.6259785334156364,
  "nDCG@1_ci95_high": 0.6745605501423152,
  "nDCG@3": 0.7265257521868895,
  "nDCG@3_std": 0.40213811007227773,
  "nDCG@3_stderr": 0.01043898520503077,
  "nDCG@3_ci90_low": 0.7093444168032135,
  "nDCG@3_ci90_high": 0.7437070875705656,
  "nDCG@3_ci95_low": 0.706049005090367,
  "nDCG@3_ci95_high": 0.747002499283412,
  "nDCG@5": 0.7478102067071459,
  "nDCG@5_std": 0.37473602932855044,
  "nDCG@5_stderr": 0.009727662631252784,
  "nDCG@5_ci90_low": 0.731799624175976,
  "nDCG@5_ci90_high": 0.7638207892383159,
  "nDCG@5_ci95_low": 0.7287287650125585,
  "nDCG@5_ci95_high": 0.7668916484017334,
  "nDCG@10": 0.7688608734513513,
  "nDCG@10_std": 0.34206814752138615,
  "nDCG@10_stderr": 0.008879646672746913,
  "nDCG@10_ci90_low": 0.7542460249218713,
  "nDCG@10_ci90_high": 0.7834757219808314,
  "nDCG@10_ci95_low": 0.7514428701059026,
  "nDCG@10_ci95_high": 0.7862788767968001,
  "nDCG@100": 0.7878213779527573,
  "nDCG@100_std": 0.3041072987067278,
  "nDCG@100_stderr": 0.007894232136742342,
  "nDCG@100_ci90_low": 0.7748284052380724,
  "nDCG@100_ci90_high": 0.8008143506674422,
  "nDCG@100_ci95_low": 0.7723363291850465,
  "nDCG@100_ci95_high": 0.8033064267204681,
  "RR@1": 0.6502695417789758,
  "RR@3": 0.71271338724169,
  "RR@5": 0.7240341419586713,
  "RR@10": 0.7322460745304418,
  "RR@100": 0.7360140833184172,
  "P@1": 0.6502695417789758,
  "P@3": 0.27291105121293446,
  "P@5": 0.175202156334228,
  "P@10": 0.09474393530997081,
  "P@100": 0.010417789757412211,
  "R@1": 0.6330300988319856,
  "R@3": 0.7819519317160826,
  "R@5": 0.832378706199461,
  "R@10": 0.8951033243486073,
  "R@100": 0.980402066486972,
  "AP": 0.7301941126876228
}