{
  "nDCG@1": 0.6671159029649596,
  "nDCG@1_std": 0.47140430659136545,
  "nDCG@1_stderr": 0.012237046076559586,
  "nDCG@1_ci90_low": 0.6469751719822636,
  "nDCG@1_ci90_high": 0.6872566339476556,
  "nDCG@1_ci95_low": 0.6431121427529568,
  "nDCG@1_ci95_high": 0.6911196631769624,
  "nDCG@3": 0.740733151338303,
  "nDCG@3_std": 0.394340697484503,
  "nDCG@3_stderr": 0.01023657445956158,
  "nDCG@3_ci90_low": 0.7238849601094333,
  "nDCG@3_ci90_high": 0.7575813425671727,
  "nDCG@3_ci95_low": 0.7206534460579327,
  "nDCG@3_ci95_high": 0.7608128566186733,
  "nDCG@5": 0.7619662792039471,
  "nDCG@5_std": 0.36658436044230813,
  "nDCG@5_stderr": 0.00951605585047665,
  "nDCG@5_ci90_low": 0.7463039764143964,
  "nDCG@5_ci90_high": 0.7776285819934978,
  "nDCG@5_ci95_low": 0.7432999179457007,
  "nDCG@5_ci95_high": 0.7806326404621935,
  "nDCG@10": 0.7812579086079172,
  "nDCG@10_std": 0.3347085834555177,
  "nDCG@10_stderr": 0.008688601908585494,
  "nDCG@10_ci90_low": 0.766957497171879,
  "nDCG@10_ci90_high": 0.7955583200439554,
  "nDCG@10_ci95_low": 0.7642146519684954,
  "nDCG@10_ci95_high": 0.7983011652473391,
  "nDCG@100": 0.7992859175973884,
  "nDCG@100_std": 0.2981130441103037,
  "nDCG@100_stderr": 0.007738629040492618,
  "nDCG@100_ci90_low": 0.7865490491812437,
  "nDCG@100_ci90_high": 0.8120227860135332,
  "nDCG@100_ci95_low": 0.7841060944035012,
  "nDCG@100_ci95_high": 0.8144657407912756,
  "RR@1": 0.6671159029649596,
  "RR@3": 0.7285489667565145,
  "RR@5": 0.7393643306379165,
  "RR@10": 0.7470278205621873,
  "RR@100": 0.7505384678909602,
  "P@1": 0.6671159029649596,
  "P@3": 0.27717879604671686,
  "P@5": 0.17789757412398532,
  "P@10": 0.0953504043126662,
  "P@100": 0.010424528301886605,
  "R@1": 0.6490902964959568,
  "R@3": 0.7940813117699909,
  "R@5": 0.8438903863432167,
  "R@10": 0.9017295597484277,
  "R@100": 0.9810759209344114,
  "AP": 0.7442767783008535
}