{
  "nDCG@1": 0.6536388140161725,
  "nDCG@1_std": 0.47597035102354984,
  "nDCG@1_stderr": 0.012355574684217585,
  "nDCG@1_ci90_low": 0.6333029989596194,
  "nDCG@1_ci90_high": 0.6739746290727257,
  "nDCG@1_ci95_low": 0.6294025522463031,
  "nDCG@1_ci95_high": 0.6778750757860419,
  "nDCG@3": 0.7334046504793238,
  "nDCG@3_std": 0.39584767745198796,
  "nDCG@3_stderr": 0.010275693710363314,
  "nDCG@3_ci90_low": 0.716492073588938,
  "nDCG@3_ci90_high": 0.7503172273697096,
  "nDCG@3_ci95_low": 0.7132482102491917,
  "nDCG@3_ci95_high": 0.7535610907094559,
  "nDCG@5": 0.7523328720442752,
  "nDCG@5_std": 0.3716730676211279,
  "nDCG@5_stderr": 0.00964815210701619,
  "nDCG@5_ci90_low": 0.7364531544349928,
  "nDCG@5_ci90_high": 0.7682125896535577,
  "nDCG@5_ci95_low": 0.7334073954041761,
  "nDCG@5_ci95_high": 0.7712583486843744,
  "nDCG@10": 0.7704447031125045,
  "nDCG@10_std": 0.3426265452434074,
  "nDCG@10_stderr": 0.008894141955369231,
  "nDCG@10_ci90_low": 0.7558059970616923,
  "nDCG@10_ci90_high": 0.7850834091633166,
  "nDCG@10_ci95_low": 0.7529982663292722,
  "nDCG@10_ci95_high": 0.7878911398957367,
  "nDCG@100": 0.7901785992604884,
  "nDCG@100_std": 0.3043992473769594,
  "nDCG@100_stderr": 0.007901810746610052,
  "nDCG@100_ci90_low": 0.7771731530500258,
  "nDCG@100_ci90_high": 0.803184045470951,
  "nDCG@100_ci95_low": 0.7746786845575783,
  "nDCG@100_ci95_high": 0.8056785139633985,
  "RR@1": 0.6529649595687331,
  "RR@3": 0.7199011680143761,
  "RR@5": 0.7294362084456432,
  "RR@10": 0.7367571556924662,
  "RR@100": 0.7407444185060188,
  "P@1": 0.6536388140161725,
  "P@3": 0.27560646900269176,
  "P@5": 0.17574123989217946,
  "P@10": 0.09393530997304363,
  "P@100": 0.01035714285714267,
  "R@1": 0.6359501347708895,
  "R@3": 0.7900381850853548,
  "R@5": 0.8352987421383649,
  "R@10": 0.8890947888589399,
  "R@100": 0.9743373764600178,
  "AP": 0.7341944563270612
}