{
  "nDCG@1": 0.6401617250673854,
  "nDCG@1_std": 0.48011459156016534,
  "nDCG@1_stderr": 0.01246315380831513,
  "nDCG@1_ci90_low": 0.6196488474922925,
  "nDCG@1_ci90_high": 0.6606746026424783,
  "nDCG@1_ci95_low": 0.6157144398624078,
  "nDCG@1_ci95_high": 0.6646090102723631,
  "nDCG@3": 0.7186742453049298,
  "nDCG@3_std": 0.4043312702754734,
  "nDCG@3_stderr": 0.01049591680723407,
  "nDCG@3_ci90_low": 0.7013992072353918,
  "nDCG@3_ci90_high": 0.7359492833744679,
  "nDCG@3_ci95_low": 0.6980858231751336,
  "nDCG@3_ci95_high": 0.7392626674347261,
  "nDCG@5": 0.7412030913680493,
  "nDCG@5_std": 0.37644150744277927,
  "nDCG@5_stderr": 0.009771934637203024,
  "nDCG@5_ci90_low": 0.72511964234963,
  "nDCG@5_ci90_high": 0.7572865403864686,
  "nDCG@5_ci95_low": 0.7220348072599999,
  "nDCG@5_ci95_high": 0.7603713754760987,
  "nDCG@10": 0.7596467968185733,
  "nDCG@10_std": 0.34771731516868837,
  "nDCG@10_stderr": 0.009026291758138912,
  "nDCG@10_ci90_low": 0.7447905878172656,
  "nDCG@10_ci90_high": 0.774503005819881,
  "nDCG@10_ci95_low": 0.741941139619082,
  "nDCG@10_ci95_high": 0.7773524540180645,
  "nDCG@100": 0.7795943244597889,
  "nDCG@100_std": 0.3100379263470878,
  "nDCG@100_stderr": 0.008048183559508858,
  "nDCG@100_ci90_low": 0.7663479659058301,
  "nDCG@100_ci90_high": 0.7928406830137478,
  "nDCG@100_ci95_low": 0.7638072899830055,
  "nDCG@100_ci95_high": 0.7953813589365724,
  "RR@1": 0.6401617250673854,
  "RR@3": 0.70541329739443,
  "RR@5": 0.7169362084456433,
  "RR@10": 0.7243667907414544,
  "RR@100": 0.7283751825111412,
  "P@1": 0.6401617250673854,
  "P@3": 0.2702156334231773,
  "P@5": 0.17452830188678867,
  "P@10": 0.09346361185983611,
  "P@100": 0.01033692722371949,
  "R@1": 0.6221361185983828,
  "R@3": 0.7755503144654087,
  "R@5": 0.8289532794249775,
  "R@10": 0.8845462713387242,
  "R@100": 0.9723158131176998,
  "AP": 0.7214368827710083
}