nDCG@1,nDCG@1_std,nDCG@1_stderr,nDCG@1_ci90_low,nDCG@1_ci90_high,nDCG@1_ci95_low,nDCG@1_ci95_high,nDCG@3,nDCG@3_std,nDCG@3_stderr,nDCG@3_ci90_low,nDCG@3_ci90_high,nDCG@3_ci95_low,nDCG@3_ci95_high,nDCG@5,nDCG@5_std,nDCG@5_stderr,nDCG@5_ci90_low,nDCG@5_ci90_high,nDCG@5_ci95_low,nDCG@5_ci95_high,nDCG@10,nDCG@10_std,nDCG@10_stderr,nDCG@10_ci90_low,nDCG@10_ci90_high,nDCG@10_ci95_low,nDCG@10_ci95_high,nDCG@100,nDCG@100_std,nDCG@100_stderr,nDCG@100_ci90_low,nDCG@100_ci90_high,nDCG@100_ci95_low,nDCG@100_ci95_high,RR@1,RR@3,RR@5,RR@10,RR@100,P@1,P@3,P@5,P@10,P@100,R@1,R@3,R@5,R@10,R@100,AP
0.6657681940700808,0.47188023231236836,0.012249400492706192,0.6456071291791443,0.6859292589610173,0.6417401998688549,0.6897961882713067,0.7400585865794812,0.3958987155054433,0.010277018592217507,0.7231438290902121,0.7569733440687503,0.7198995475075912,0.7602176256513712,0.7641614799379717,0.3636488770838873,0.009439854499297422,0.7486245955627194,0.7796983643132239,0.7456445925764561,0.7826783672994873,0.7815968862921931,0.33482247054338715,0.00869155827008304,0.7672916090346784,0.7959021635497079,0.7645478305577901,0.7986459420265962,0.799999178561661,0.2965732705935922,0.00769865851156871,0.7873280969101697,0.8126702602131524,0.7848977601548306,0.8151005969684915,0.6657681940700808,0.7264150943396231,0.739555256064691,0.7462633166474143,0.7499935029046768,0.6657681940700808,0.27695417789757043,0.17924528301886394,0.09548517520215409,0.01045148247978418,0.648191823899371,0.7935759209344114,0.8501235399820306,0.9018418688230009,0.9837713387241688,0.7447337398009782
