nDCG@1,nDCG@1_std,nDCG@1_stderr,nDCG@1_ci90_low,nDCG@1_ci90_high,nDCG@1_ci95_low,nDCG@1_ci95_high,nDCG@3,nDCG@3_std,nDCG@3_stderr,nDCG@3_ci90_low,nDCG@3_ci90_high,nDCG@3_ci95_low,nDCG@3_ci95_high,nDCG@5,nDCG@5_std,nDCG@5_stderr,nDCG@5_ci90_low,nDCG@5_ci90_high,nDCG@5_ci95_low,nDCG@5_ci95_high,nDCG@10,nDCG@10_std,nDCG@10_stderr,nDCG@10_ci90_low,nDCG@10_ci90_high,nDCG@10_ci95_low,nDCG@10_ci95_high,nDCG@100,nDCG@100_std,nDCG@100_stderr,nDCG@100_ci90_low,nDCG@100_ci90_high,nDCG@100_ci95_low,nDCG@100_ci95_high,RR@1,RR@3,RR@5,RR@10,RR@100,P@1,P@3,P@5,P@10,P@100,R@1,R@3,R@5,R@10,R@100,AP
0.5640161725067385,0.49605215804481384,0.012876872420330135,0.5428223630127008,0.5852099820007762,0.5387573513889335,0.5892749936245435,0.64202162587959,0.4371006734354473,0.01134656812874939,0.6233465163124433,0.6606967354467367,0.619764595965045,0.664278655794135,0.6670963415207888,0.41206914013782014,0.01069678190056475,0.6494907032571127,0.6847019797844649,0.6461139094718416,0.688078773569736,0.6910339179649835,0.3824669198595946,0.009928346550170036,0.6746930334313387,0.7073748024986283,0.6715588217366175,0.7105090141933494,0.7182314560522723,0.3393764484897631,0.008809773647376454,0.7037316102610454,0.7327313018434993,0.7009505131816953,0.7355123989228494,0.5646900269541779,0.6287061994609171,0.6421159029649606,0.6514014568091396,0.6566048057467957,0.5640161725067385,0.2434860736747508,0.15943396226414783,0.08793800539083364,0.010168463611859656,0.5486859838274932,0.6995170709793352,0.7598831985624438,0.832378706199461,0.9576033243486075,0.6491415095126388
