{
  "nDCG@1": 0.7223719676549866,
  "nDCG@1_std": 0.44797984454125683,
  "nDCG@1_stderr": 0.011628977339346546,
  "nDCG@1_ci90_low": 0.703232045918131,
  "nDCG@1_ci90_high": 0.7415118893918421,
  "nDCG@1_ci95_low": 0.6995609737420694,
  "nDCG@1_ci95_high": 0.7451829615679038,
  "nDCG@3": 0.7994470788862907,
  "nDCG@3_std": 0.3527120765532185,
  "nDCG@3_stderr": 0.009155949303369822,
  "nDCG@3_ci90_low": 0.7843774688957219,
  "nDCG@3_ci90_high": 0.8145166888768596,
  "nDCG@3_ci95_low": 0.7814870899954806,
  "nDCG@3_ci95_high": 0.8174070677771009,
  "nDCG@5": 0.814058972311762,
  "nDCG@5_std": 0.3280623402297109,
  "nDCG@5_stderr": 0.00851607403081046,
  "nDCG@5_ci90_low": 0.8000425213635363,
  "nDCG@5_ci90_high": 0.8280754232599878,
  "nDCG@5_ci95_low": 0.7973541403037494,
  "nDCG@5_ci95_high": 0.8307638043197747,
  "nDCG@10": 0.8295064830382608,
  "nDCG@10_std": 0.29748132162221697,
  "nDCG@10_stderr": 0.007722230341782771,
  "nDCG@10_ci90_low": 0.8167966049412759,
  "nDCG@10_ci90_high": 0.8422163611352457,
  "nDCG@10_ci95_low": 0.8143588269563675,
  "nDCG@10_ci95_high": 0.8446541391201541,
  "nDCG@100": 0.8422319603880761,
  "nDCG@100_std": 0.2670557547758222,
  "nDCG@100_stderr": 0.006932421979409198,
  "nDCG@100_ci90_low": 0.8308220134717804,
  "nDCG@100_ci90_high": 0.8536419073043718,
  "nDCG@100_ci95_low": 0.8286335646771286,
  "nDCG@100_ci95_high": 0.8558303560990237,
  "RR@1": 0.7223719676549866,
  "RR@3": 0.7849281221922733,
  "RR@5": 0.7927448337825701,
  "RR@10": 0.7986924014888979,
  "RR@100": 0.8012224836746858,
  "P@1": 0.7223719676549866,
  "P@3": 0.2989667565139217,
  "P@5": 0.1873315363881358,
  "P@10": 0.09892183288409459,
  "P@100": 0.010518867924528113,
  "R@1": 0.701875561545373,
  "R@3": 0.8542789757412399,
  "R@5": 0.8892070979335129,
  "R@10": 0.934579964061096,
  "R@100": 0.9897798742138366,
  "AP": 0.7965564901355559
}