nDCG@1,nDCG@1_std,nDCG@1_stderr,nDCG@1_ci90_low,nDCG@1_ci90_high,nDCG@1_ci95_low,nDCG@1_ci95_high,nDCG@3,nDCG@3_std,nDCG@3_stderr,nDCG@3_ci90_low,nDCG@3_ci90_high,nDCG@3_ci95_low,nDCG@3_ci95_high,nDCG@5,nDCG@5_std,nDCG@5_stderr,nDCG@5_ci90_low,nDCG@5_ci90_high,nDCG@5_ci95_low,nDCG@5_ci95_high,nDCG@10,nDCG@10_std,nDCG@10_stderr,nDCG@10_ci90_low,nDCG@10_ci90_high,nDCG@10_ci95_low,nDCG@10_ci95_high,nDCG@100,nDCG@100_std,nDCG@100_stderr,nDCG@100_ci90_low,nDCG@100_ci90_high,nDCG@100_ci95_low,nDCG@100_ci95_high,RR@1,RR@3,RR@5,RR@10,RR@100,P@1,P@3,P@5,P@10,P@100,R@1,R@3,R@5,R@10,R@100,AP
0.7190026954177897,0.44963769335549947,0.011672012950273711,0.6997919421537063,0.7382134486818731,0.6961072843605053,0.7418981064750741,0.7946242639995937,0.35758971120206,0.009282566390036018,0.7793462572550696,0.8099022707441179,0.7764159074743019,0.8128326205248856,0.8105794160253,0.3312862972147736,0.008599763784220492,0.7964252216381026,0.8247336104124975,0.7937104211334928,0.8274484109171073,0.826507595596098,0.2998255829762616,0.007783084334425247,0.8136975590223561,0.8393176321698399,0.8112405704574738,0.8417746207347222,0.839153507931358,0.2699263052795271,0.007006937757665288,0.8276209168545,0.850686099008216,0.8254089446843826,0.8528980711783334,0.7190026954177897,0.7805480682839177,0.7889038634321662,0.7951426325247084,0.7976603983565538,0.7190026954177897,0.29672057502245724,0.18692722371967221,0.09885444743935068,0.010505390835579326,0.6988432165318958,0.8487196765498652,0.8866801437556154,0.9337376460017969,0.9884321653189578,0.7928990604583779
