nDCG@1,nDCG@1_std,nDCG@1_stderr,nDCG@1_ci90_low,nDCG@1_ci90_high,nDCG@1_ci95_low,nDCG@1_ci95_high,nDCG@3,nDCG@3_std,nDCG@3_stderr,nDCG@3_ci90_low,nDCG@3_ci90_high,nDCG@3_ci95_low,nDCG@3_ci95_high,nDCG@5,nDCG@5_std,nDCG@5_stderr,nDCG@5_ci90_low,nDCG@5_ci90_high,nDCG@5_ci95_low,nDCG@5_ci95_high,nDCG@10,nDCG@10_std,nDCG@10_stderr,nDCG@10_ci90_low,nDCG@10_ci90_high,nDCG@10_ci95_low,nDCG@10_ci95_high,nDCG@100,nDCG@100_std,nDCG@100_stderr,nDCG@100_ci90_low,nDCG@100_ci90_high,nDCG@100_ci95_low,nDCG@100_ci95_high,RR@1,RR@3,RR@5,RR@10,RR@100,P@1,P@3,P@5,P@10,P@100,R@1,R@3,R@5,R@10,R@100,AP
0.7082210242587601,0.454734369643005,0.011804316074567351,0.6887925156950809,0.7276495328224393,0.685066092035095,0.7313759564824251,0.7835995424597054,0.3670852165158019,0.009529057426328567,0.7679158406135567,0.7992832443058542,0.7649076777664654,0.8022914071529454,0.8008506795959401,0.3391085074493026,0.008802818244525714,0.7863622815754265,0.8153390776164537,0.7835833801995449,0.8181179789923354,0.8169739314239842,0.3088406837355979,0.008017104689849057,0.8037787250148443,0.8301691378331242,0.8012478601674344,0.832700002680534,0.8307294763942461,0.2775819842764499,0.007205669282436661,0.8188697967248341,0.8425891560636581,0.8165950883613433,0.8448638644271489,0.7082210242587601,0.7699910152740345,0.7793575920934421,0.7855645402815222,0.7881318842103365,0.7082210242587601,0.29267744833782133,0.18490566037735426,0.09784366576819169,0.010478436657681754,0.6888477088948787,0.8362533692722371,0.8777515723270441,0.9253144654088049,0.9861859838274932,0.7830169089625273
