{
  "nDCG@1": 0.7129380053908356,
  "nDCG@1_std": 0.45254326661301025,
  "nDCG@1_stderr": 0.011747437873919563,
  "nDCG@1_ci90_low": 0.6936031116203721,
  "nDCG@1_ci90_high": 0.7322728991612991,
  "nDCG@1_ci95_low": 0.6898946434498268,
  "nDCG@1_ci95_high": 0.7359813673318445,
  "nDCG@3": 0.7912059846738537,
  "nDCG@3_std": 0.35889823916862756,
  "nDCG@3_stderr": 0.009316534083575218,
  "nDCG@3_ci90_low": 0.7758720711219681,
  "nDCG@3_ci90_high": 0.8065398982257393,
  "nDCG@3_ci95_low": 0.7729309983127691,
  "nDCG@3_ci95_high": 0.8094809710349383,
  "nDCG@5": 0.8078925516111064,
  "nDCG@5_std": 0.3319336986597095,
  "nDCG@5_stderr": 0.008616569488370708,
  "nDCG@5_ci90_low": 0.7937106970219169,
  "nDCG@5_ci90_high": 0.8220744062002959,
  "nDCG@5_ci95_low": 0.7909905912397143,
  "nDCG@5_ci95_high": 0.8247945119824985,
  "nDCG@10": 0.8245777239037269,
  "nDCG@10_std": 0.29930580495999837,
  "nDCG@10_stderr": 0.007769591569413006,
  "nDCG@10_ci90_low": 0.8117898948258645,
  "nDCG@10_ci90_high": 0.8373655529815892,
  "nDCG@10_ci95_low": 0.8093371656995183,
  "nDCG@10_ci95_high": 0.8398182821079354,
  "nDCG@100": 0.8374017464251152,
  "nDCG@100_std": 0.2685598956195358,
  "nDCG@100_stderr": 0.006971467530230001,
  "nDCG@100_ci90_low": 0.825927535148758,
  "nDCG@100_ci90_high": 0.8488759577014724,
  "nDCG@100_ci95_low": 0.8237267603317024,
  "nDCG@100_ci95_high": 0.851076732518528,
  "RR@1": 0.7129380053908356,
  "RR@3": 0.7765049415992815,
  "RR@5": 0.7849618149146458,
  "RR@10": 0.7913925790441964,
  "RR@100": 0.7941220298816528,
  "P@1": 0.7129380053908356,
  "P@3": 0.2960467205750179,
  "P@5": 0.187196765498648,
  "P@10": 0.09919137466307033,
  "P@100": 0.010525606469002507,
  "R@1": 0.6941262353998204,
  "R@3": 0.8470350404312669,
  "R@5": 0.886006289308176,
  "R@10": 0.9355907457322551,
  "R@100": 0.9904537286612759,
  "AP": 0.7899007946415666
}