{
  "nDCG@1": 0.7318059299191375,
  "nDCG@1_std": 0.4431685399023132,
  "nDCG@1_stderr": 0.011504082093944906,
  "nDCG@1_ci90_low": 0.7128715709890994,
  "nDCG@1_ci90_high": 0.7507402888491757,
  "nDCG@1_ci95_low": 0.7092399261372931,
  "nDCG@1_ci95_high": 0.7543719337009819,
  "nDCG@3": 0.8067285767344055,
  "nDCG@3_std": 0.34841983940017046,
  "nDCG@3_stderr": 0.009044528378531093,
  "nDCG@3_ci90_low": 0.7918423524121572,
  "nDCG@3_ci90_high": 0.8216148010566537,
  "nDCG@3_ci95_low": 0.7889871472202369,
  "nDCG@3_ci95_high": 0.824470006248574,
  "nDCG@5": 0.8212477717861317,
  "nDCG@5_std": 0.32303255142374226,
  "nDCG@5_stderr": 0.008385507219024084,
  "nDCG@5_ci90_low": 0.8074462183724094,
  "nDCG@5_ci90_high": 0.8350493251998541,
  "nDCG@5_ci95_low": 0.8047990550548091,
  "nDCG@5_ci95_high": 0.8376964885174544,
  "nDCG@10": 0.8363242737229512,
  "nDCG@10_std": 0.2920300323241891,
  "nDCG@10_stderr": 0.0075807219223986266,
  "nDCG@10_ci90_low": 0.8238473017528838,
  "nDCG@10_ci90_high": 0.8488012456930185,
  "nDCG@10_ci95_low": 0.8214541955912941,
  "nDCG@10_ci95_high": 0.8511943518546082,
  "nDCG@100": 0.8489639985619576,
  "nDCG@100_std": 0.2611457298143748,
  "nDCG@100_stderr": 0.006779005375539389,
  "nDCG@100_ci90_low": 0.8378065572362667,
  "nDCG@100_ci90_high": 0.8601214398876484,
  "nDCG@100_ci95_low": 0.8356665394781005,
  "nDCG@100_ci95_high": 0.8622614576458146,
  "RR@1": 0.7318059299191375,
  "RR@3": 0.7930143755615455,
  "RR@5": 0.8006289308176108,
  "RR@10": 0.8064500171137639,
  "RR@100": 0.8089967314242693,
  "P@1": 0.7318059299191375,
  "P@3": 0.3009883198562396,
  "P@5": 0.18854447439352656,
  "P@10": 0.09932614555255818,
  "P@100": 0.010552560646900081,
  "R@1": 0.7116464510332436,
  "R@3": 0.858883647798742,
  "R@5": 0.8935871518418688,
  "R@10": 0.9386230907457321,
  "R@100": 0.9923629829290206,
  "AP": 0.804451320638113
}