nDCG@1,nDCG@1_std,nDCG@1_stderr,nDCG@1_ci90_low,nDCG@1_ci90_high,nDCG@1_ci95_low,nDCG@1_ci95_high,nDCG@3,nDCG@3_std,nDCG@3_stderr,nDCG@3_ci90_low,nDCG@3_ci90_high,nDCG@3_ci95_low,nDCG@3_ci95_high,nDCG@5,nDCG@5_std,nDCG@5_stderr,nDCG@5_ci90_low,nDCG@5_ci90_high,nDCG@5_ci95_low,nDCG@5_ci95_high,nDCG@10,nDCG@10_std,nDCG@10_stderr,nDCG@10_ci90_low,nDCG@10_ci90_high,nDCG@10_ci95_low,nDCG@10_ci95_high,nDCG@100,nDCG@100_std,nDCG@100_stderr,nDCG@100_ci90_low,nDCG@100_ci90_high,nDCG@100_ci95_low,nDCG@100_ci95_high,RR@1,RR@3,RR@5,RR@10,RR@100,P@1,P@3,P@5,P@10,P@100,R@1,R@3,R@5,R@10,R@100,AP
0.7129380053908356,0.45254326661301025,0.011747437873919563,0.6936031116203721,0.7322728991612991,0.6898946434498268,0.7359813673318445,0.7912059846738537,0.35889823916862756,0.009316534083575218,0.7758720711219681,0.8065398982257393,0.7729309983127691,0.8094809710349383,0.8078925516111064,0.3319336986597095,0.008616569488370708,0.7937106970219169,0.8220744062002959,0.7909905912397143,0.8247945119824985,0.8245777239037269,0.29930580495999837,0.007769591569413006,0.8117898948258645,0.8373655529815892,0.8093371656995183,0.8398182821079354,0.8374017464251152,0.2685598956195358,0.006971467530230001,0.825927535148758,0.8488759577014724,0.8237267603317024,0.851076732518528,0.7129380053908356,0.7765049415992815,0.7849618149146458,0.7913925790441964,0.7941220298816528,0.7129380053908356,0.2960467205750179,0.187196765498648,0.09919137466307033,0.010525606469002507,0.6941262353998204,0.8470350404312669,0.886006289308176,0.9355907457322551,0.9904537286612759,0.7899007946415666
