{
  "nDCG@1": 0.7702156334231806,
  "nDCG@1_std": 0.42083589794462256,
  "nDCG@1_stderr": 0.010924355594151886,
  "nDCG@1_ci90_low": 0.7522354357672622,
  "nDCG@1_ci90_high": 0.788195831079099,
  "nDCG@1_ci95_low": 0.748786800801967,
  "nDCG@1_ci95_high": 0.7916444660443941,
  "nDCG@3": 0.8369556222353525,
  "nDCG@3_std": 0.3236697342639409,
  "nDCG@3_stderr": 0.008402047661412242,
  "nDCG@3_ci90_low": 0.8231268452091349,
  "nDCG@3_ci90_high": 0.85078439926157,
  "nDCG@3_ci95_low": 0.82047446035261,
  "nDCG@3_ci95_high": 0.853436784118095,
  "nDCG@5": 0.8563550983383367,
  "nDCG@5_std": 0.2852966257583377,
  "nDCG@5_stderr": 0.0074059313970546185,
  "nDCG@5_ci90_low": 0.8441658109064539,
  "nDCG@5_ci90_high": 0.8685443857702194,
  "nDCG@5_ci95_low": 0.8418278831681687,
  "nDCG@5_ci95_high": 0.8708823135085046,
  "nDCG@10": 0.8677968047420431,
  "nDCG@10_std": 0.2572089223070642,
  "nDCG@10_stderr": 0.006676810944585101,
  "nDCG@10_ci90_low": 0.8568075633666429,
  "nDCG@10_ci90_high": 0.8787860461174434,
  "nDCG@10_ci95_low": 0.8546998066681619,
  "nDCG@10_ci95_high": 0.8808938028159243,
  "nDCG@100": 0.8754773438542014,
  "nDCG@100_std": 0.23572432485912015,
  "nDCG@100_stderr": 0.0061190985833895414,
  "nDCG@100_ci90_low": 0.8654060310836529,
  "nDCG@100_ci90_high": 0.8855486566247499,
  "nDCG@100_ci95_low": 0.8634743347791074,
  "nDCG@100_ci95_high": 0.8874803529292954,
  "RR@1": 0.7702156334231806,
  "RR@3": 0.8254716981132079,
  "RR@5": 0.8354784366576826,
  "RR@10": 0.8401210798784924,
  "RR@100": 0.841654417023523,
  "P@1": 0.7702156334231806,
  "P@3": 0.3097484276729509,
  "P@5": 0.1964959568733106,
  "P@10": 0.10195417789757152,
  "P@100": 0.010586253369272047,
  "R@1": 0.7468553459119498,
  "R@3": 0.8834793351302784,
  "R@5": 0.9295260557053009,
  "R@10": 0.9637241689128481,
  "R@100": 0.9953953279424976,
  "AP": 0.8367453027560685
}