nDCG@1,nDCG@1_std,nDCG@1_stderr,nDCG@1_ci90_low,nDCG@1_ci90_high,nDCG@1_ci95_low,nDCG@1_ci95_high,nDCG@3,nDCG@3_std,nDCG@3_stderr,nDCG@3_ci90_low,nDCG@3_ci90_high,nDCG@3_ci95_low,nDCG@3_ci95_high,nDCG@5,nDCG@5_std,nDCG@5_stderr,nDCG@5_ci90_low,nDCG@5_ci90_high,nDCG@5_ci95_low,nDCG@5_ci95_high,nDCG@10,nDCG@10_std,nDCG@10_stderr,nDCG@10_ci90_low,nDCG@10_ci90_high,nDCG@10_ci95_low,nDCG@10_ci95_high,nDCG@100,nDCG@100_std,nDCG@100_stderr,nDCG@100_ci90_low,nDCG@100_ci90_high,nDCG@100_ci95_low,nDCG@100_ci95_high,RR@1,RR@3,RR@5,RR@10,RR@100,P@1,P@3,P@5,P@10,P@100,R@1,R@3,R@5,R@10,R@100,AP
0.7452830188679245,0.43584888311090025,0.011314073271011587,0.7266613919945524,0.7639046457412966,0.7230897297261428,0.7674763080097061,0.8134155367598409,0.3431703268243092,0.00890825782187286,0.7987535976617672,0.8280774758579146,0.7959414107881708,0.830889662731511,0.829823662758776,0.3147839080799664,0.008171383106758835,0.8163745323166647,0.8432727932008872,0.8137949643729157,0.8458523611446362,0.8428238774174888,0.28775188615980646,0.00746966678140012,0.8305296890787899,0.8551180657561877,0.828171641153727,0.8574761136812505,0.8551691484000377,0.2565385670332087,0.0066594093887250155,0.8442085479280927,0.8661297488719826,0.8421062846075482,0.8682320121925271,0.7452830188679245,0.8016621743036838,0.8099505840071882,0.8148863004321227,0.8174741490538981,0.7452830188679245,0.3025606469002648,0.19029649595686882,0.0995956873315339,0.010566037735848867,0.7232704402515724,0.8634883198562443,0.9025718778077267,0.9413185085354896,0.9933737646001796,0.8118436475198021
