nDCG@1,nDCG@1_std,nDCG@1_stderr,nDCG@1_ci90_low,nDCG@1_ci90_high,nDCG@1_ci95_low,nDCG@1_ci95_high,nDCG@3,nDCG@3_std,nDCG@3_stderr,nDCG@3_ci90_low,nDCG@3_ci90_high,nDCG@3_ci95_low,nDCG@3_ci95_high,nDCG@5,nDCG@5_std,nDCG@5_stderr,nDCG@5_ci90_low,nDCG@5_ci90_high,nDCG@5_ci95_low,nDCG@5_ci95_high,nDCG@10,nDCG@10_std,nDCG@10_stderr,nDCG@10_ci90_low,nDCG@10_ci90_high,nDCG@10_ci95_low,nDCG@10_ci95_high,nDCG@100,nDCG@100_std,nDCG@100_stderr,nDCG@100_ci90_low,nDCG@100_ci90_high,nDCG@100_ci95_low,nDCG@100_ci95_high,RR@1,RR@3,RR@5,RR@10,RR@100,P@1,P@3,P@5,P@10,P@100,R@1,R@3,R@5,R@10,R@100,AP
0.7688679245283019,0.42169879132983157,0.010946755190350557,0.750850859785479,0.7868849892711247,0.747395153645139,0.7903406954114648,0.8338713454855522,0.3282768271409568,0.008521641833605292,0.8198457305922409,0.8478969603788635,0.8171555918709396,0.8505870991001648,0.849561992940112,0.2987951479998964,0.007756335575221378,0.8367959816613535,0.8623280042188706,0.8343474372289853,0.8647765486512388,0.8637615330753575,0.2652496344801507,0.006885537432601058,0.852428752579667,0.875094313571048,0.8502551044463503,0.8772679617043647,0.8724293004115591,0.24113270594925612,0.006259493161195038,0.8621269147656354,0.8827316860574828,0.8601508982587873,0.8847077025643308,0.7688679245283019,0.8224393530997305,0.8303234501347714,0.8362881316048433,0.83803795679529,0.7688679245283019,0.30840071877807224,0.1936657681940655,0.10154986522910796,0.010579514824797654,0.7465184186882301,0.8794362084456424,0.9167228212039532,0.9583333333333333,0.9947214734950584,0.833458407906413
