{
  "nDCG@1": 0.7452830188679245,
  "nDCG@1_std": 0.43584888311090025,
  "nDCG@1_stderr": 0.011314073271011587,
  "nDCG@1_ci90_low": 0.7266613919945524,
  "nDCG@1_ci90_high": 0.7639046457412966,
  "nDCG@1_ci95_low": 0.7230897297261428,
  "nDCG@1_ci95_high": 0.7674763080097061,
  "nDCG@3": 0.8134155367598409,
  "nDCG@3_std": 0.3431703268243092,
  "nDCG@3_stderr": 0.00890825782187286,
  "nDCG@3_ci90_low": 0.7987535976617672,
  "nDCG@3_ci90_high": 0.8280774758579146,
  "nDCG@3_ci95_low": 0.7959414107881708,
  "nDCG@3_ci95_high": 0.830889662731511,
  "nDCG@5": 0.829823662758776,
  "nDCG@5_std": 0.3147839080799664,
  "nDCG@5_stderr": 0.008171383106758835,
  "nDCG@5_ci90_low": 0.8163745323166647,
  "nDCG@5_ci90_high": 0.8432727932008872,
  "nDCG@5_ci95_low": 0.8137949643729157,
  "nDCG@5_ci95_high": 0.8458523611446362,
  "nDCG@10": 0.8428238774174888,
  "nDCG@10_std": 0.28775188615980646,
  "nDCG@10_stderr": 0.00746966678140012,
  "nDCG@10_ci90_low": 0.8305296890787899,
  "nDCG@10_ci90_high": 0.8551180657561877,
  "nDCG@10_ci95_low": 0.828171641153727,
  "nDCG@10_ci95_high": 0.8574761136812505,
  "nDCG@100": 0.8551691484000377,
  "nDCG@100_std": 0.2565385670332087,
  "nDCG@100_stderr": 0.0066594093887250155,
  "nDCG@100_ci90_low": 0.8442085479280927,
  "nDCG@100_ci90_high": 0.8661297488719826,
  "nDCG@100_ci95_low": 0.8421062846075482,
  "nDCG@100_ci95_high": 0.8682320121925271,
  "RR@1": 0.7452830188679245,
  "RR@3": 0.8016621743036838,
  "RR@5": 0.8099505840071882,
  "RR@10": 0.8148863004321227,
  "RR@100": 0.8174741490538981,
  "P@1": 0.7452830188679245,
  "P@3": 0.3025606469002648,
  "P@5": 0.19029649595686882,
  "P@10": 0.0995956873315339,
  "P@100": 0.010566037735848867,
  "R@1": 0.7232704402515724,
  "R@3": 0.8634883198562443,
  "R@5": 0.9025718778077267,
  "R@10": 0.9413185085354896,
  "R@100": 0.9933737646001796,
  "AP": 0.8118436475198021
}