nDCG@1,nDCG@1_std,nDCG@1_stderr,nDCG@1_ci90_low,nDCG@1_ci90_high,nDCG@1_ci95_low,nDCG@1_ci95_high,nDCG@3,nDCG@3_std,nDCG@3_stderr,nDCG@3_ci90_low,nDCG@3_ci90_high,nDCG@3_ci95_low,nDCG@3_ci95_high,nDCG@5,nDCG@5_std,nDCG@5_stderr,nDCG@5_ci90_low,nDCG@5_ci90_high,nDCG@5_ci95_low,nDCG@5_ci95_high,nDCG@10,nDCG@10_std,nDCG@10_stderr,nDCG@10_ci90_low,nDCG@10_ci90_high,nDCG@10_ci95_low,nDCG@10_ci95_high,nDCG@100,nDCG@100_std,nDCG@100_stderr,nDCG@100_ci90_low,nDCG@100_ci90_high,nDCG@100_ci95_low,nDCG@100_ci95_high,RR@1,RR@3,RR@5,RR@10,RR@100,P@1,P@3,P@5,P@10,P@100,R@1,R@3,R@5,R@10,R@100,AP
0.7405660377358491,0.4384718178892955,0.011382161265309138,0.7218323460743149,0.7592997293973832,0.7182391895735154,0.7628928858981827,0.8119710759437724,0.34265108270765776,0.008894778916203987,0.7973313215307378,0.8266108303568069,0.7945233897205164,0.8294187621670284,0.8289056452564691,0.31407939037162913,0.008153094738285892,0.8154866153065209,0.8423246752064174,0.8129128206925056,0.8448984698204327,0.8415569493316494,0.28750803463924735,0.007463336711328215,0.8292731795398467,0.853840719123452,0.826917129911232,0.8561967687520667,0.8535679761992104,0.25716360987176556,0.0066756346923726425,0.8425806707958765,0.8645552816025444,0.840473285420397,0.8666626669780239,0.7405660377358491,0.7996406109613657,0.807794249775382,0.8127326402259014,0.8153083601664047,0.7405660377358491,0.30278526504941106,0.1909703504043082,0.09973045822102179,0.010545822102425688,0.7188903863432167,0.8639375561545373,0.9040880503144653,0.9416554357592093,0.9918014375561547,0.8099579772985819
