nDCG@1,nDCG@1_std,nDCG@1_stderr,nDCG@1_ci90_low,nDCG@1_ci90_high,nDCG@1_ci95_low,nDCG@1_ci95_high,nDCG@3,nDCG@3_std,nDCG@3_stderr,nDCG@3_ci90_low,nDCG@3_ci90_high,nDCG@3_ci95_low,nDCG@3_ci95_high,nDCG@5,nDCG@5_std,nDCG@5_stderr,nDCG@5_ci90_low,nDCG@5_ci90_high,nDCG@5_ci95_low,nDCG@5_ci95_high,nDCG@10,nDCG@10_std,nDCG@10_stderr,nDCG@10_ci90_low,nDCG@10_ci90_high,nDCG@10_ci95_low,nDCG@10_ci95_high,nDCG@100,nDCG@100_std,nDCG@100_stderr,nDCG@100_ci90_low,nDCG@100_ci90_high,nDCG@100_ci95_low,nDCG@100_ci95_high,RR@1,RR@3,RR@5,RR@10,RR@100,P@1,P@3,P@5,P@10,P@100,R@1,R@3,R@5,R@10,R@100,AP
0.7688679245283019,0.42169879132983157,0.010946755190350557,0.750850859785479,0.7868849892711247,0.747395153645139,0.7903406954114648,0.836769001663755,0.32401621936633684,0.008411041966520566,0.8229254210747797,0.8506125822527303,0.820270196867703,0.853267806459807,0.8550962169986953,0.2878605753489174,0.0074724882121689476,0.8427973849185456,0.867395049078845,0.8404384463153354,0.8697539876820553,0.8676363910141287,0.25717288623420087,0.006675875494743254,0.8566486892785643,0.8786240927496931,0.8545412278858343,0.8807315541424231,0.8750142745213694,0.23639900209539647,0.006136612331803969,0.8649141361916862,0.8851144128510525,0.8629769110919056,0.8870516379508332,0.7688679245283019,0.8246855345911952,0.8342542677448346,0.8392554977966032,0.8407031306862935,0.7688679245283019,0.3099730458220973,0.196091644204847,0.10208894878705939,0.010586253369272047,0.7461814914645104,0.8838162623539981,0.9271675651392631,0.964734950584007,0.9953953279424976,0.8362827367781879
