{
  "nDCG@1": 0.7688679245283019,
  "nDCG@1_std": 0.42169879132983157,
  "nDCG@1_stderr": 0.010946755190350557,
  "nDCG@1_ci90_low": 0.750850859785479,
  "nDCG@1_ci90_high": 0.7868849892711247,
  "nDCG@1_ci95_low": 0.747395153645139,
  "nDCG@1_ci95_high": 0.7903406954114648,
  "nDCG@3": 0.836769001663755,
  "nDCG@3_std": 0.32401621936633684,
  "nDCG@3_stderr": 0.008411041966520566,
  "nDCG@3_ci90_low": 0.8229254210747797,
  "nDCG@3_ci90_high": 0.8506125822527303,
  "nDCG@3_ci95_low": 0.820270196867703,
  "nDCG@3_ci95_high": 0.853267806459807,
  "nDCG@5": 0.8550962169986953,
  "nDCG@5_std": 0.2878605753489174,
  "nDCG@5_stderr": 0.0074724882121689476,
  "nDCG@5_ci90_low": 0.8427973849185456,
  "nDCG@5_ci90_high": 0.867395049078845,
  "nDCG@5_ci95_low": 0.8404384463153354,
  "nDCG@5_ci95_high": 0.8697539876820553,
  "nDCG@10": 0.8676363910141287,
  "nDCG@10_std": 0.25717288623420087,
  "nDCG@10_stderr": 0.006675875494743254,
  "nDCG@10_ci90_low": 0.8566486892785643,
  "nDCG@10_ci90_high": 0.8786240927496931,
  "nDCG@10_ci95_low": 0.8545412278858343,
  "nDCG@10_ci95_high": 0.8807315541424231,
  "nDCG@100": 0.8750142745213694,
  "nDCG@100_std": 0.23639900209539647,
  "nDCG@100_stderr": 0.006136612331803969,
  "nDCG@100_ci90_low": 0.8649141361916862,
  "nDCG@100_ci90_high": 0.8851144128510525,
  "nDCG@100_ci95_low": 0.8629769110919056,
  "nDCG@100_ci95_high": 0.8870516379508332,
  "RR@1": 0.7688679245283019,
  "RR@3": 0.8246855345911952,
  "RR@5": 0.8342542677448346,
  "RR@10": 0.8392554977966032,
  "RR@100": 0.8407031306862935,
  "P@1": 0.7688679245283019,
  "P@3": 0.3099730458220973,
  "P@5": 0.196091644204847,
  "P@10": 0.10208894878705939,
  "P@100": 0.010586253369272047,
  "R@1": 0.7461814914645104,
  "R@3": 0.8838162623539981,
  "R@5": 0.9271675651392631,
  "R@10": 0.964734950584007,
  "R@100": 0.9953953279424976,
  "AP": 0.8362827367781879
}