nDCG@1,nDCG@1_std,nDCG@1_stderr,nDCG@1_ci90_low,nDCG@1_ci90_high,nDCG@1_ci95_low,nDCG@1_ci95_high,nDCG@3,nDCG@3_std,nDCG@3_stderr,nDCG@3_ci90_low,nDCG@3_ci90_high,nDCG@3_ci95_low,nDCG@3_ci95_high,nDCG@5,nDCG@5_std,nDCG@5_stderr,nDCG@5_ci90_low,nDCG@5_ci90_high,nDCG@5_ci95_low,nDCG@5_ci95_high,nDCG@10,nDCG@10_std,nDCG@10_stderr,nDCG@10_ci90_low,nDCG@10_ci90_high,nDCG@10_ci95_low,nDCG@10_ci95_high,nDCG@100,nDCG@100_std,nDCG@100_stderr,nDCG@100_ci90_low,nDCG@100_ci90_high,nDCG@100_ci95_low,nDCG@100_ci95_high,RR@1,RR@3,RR@5,RR@10,RR@100,P@1,P@3,P@5,P@10,P@100,R@1,R@3,R@5,R@10,R@100,AP
0.7001347708894878,0.4583531847526618,0.01189825583417546,0.6805516485885548,0.7197178931904209,0.6767955697295207,0.723473972049455,0.7722056990517959,0.37599381047198094,0.009760313002900171,0.7561413778693435,0.7882700202342483,0.7530602115338167,0.7913511865697751,0.7901360078145212,0.34883463526465025,0.009055295942668783,0.775232061354816,0.8050399542742264,0.772373457024351,0.8078985586046914,0.8078337058036862,0.31684605034571395,0.008224913652766867,0.7942964704120831,0.8213709411952893,0.7917000037770489,0.8239674078303235,0.8222022404170202,0.28530061483612495,0.007406034948354433,0.8100127825519414,0.8343916982820989,0.8076748221242558,0.8367296587097846,0.7001347708894878,0.759770889487871,0.7695417789757418,0.7763027852650497,0.779015754023167,0.7001347708894878,0.287960467205746,0.18247978436657264,0.09716981132075238,0.010444743935309786,0.680256064690027,0.8235624438454626,0.8659591194968554,0.9189128481581311,0.9828167115902965,0.7731123140476805
