nDCG@1,nDCG@1_std,nDCG@1_stderr,nDCG@1_ci90_low,nDCG@1_ci90_high,nDCG@1_ci95_low,nDCG@1_ci95_high,nDCG@3,nDCG@3_std,nDCG@3_stderr,nDCG@3_ci90_low,nDCG@3_ci90_high,nDCG@3_ci95_low,nDCG@3_ci95_high,nDCG@5,nDCG@5_std,nDCG@5_stderr,nDCG@5_ci90_low,nDCG@5_ci90_high,nDCG@5_ci95_low,nDCG@5_ci95_high,nDCG@10,nDCG@10_std,nDCG@10_stderr,nDCG@10_ci90_low,nDCG@10_ci90_high,nDCG@10_ci95_low,nDCG@10_ci95_high,nDCG@100,nDCG@100_std,nDCG@100_stderr,nDCG@100_ci90_low,nDCG@100_ci90_high,nDCG@100_ci95_low,nDCG@100_ci95_high,RR@1,RR@3,RR@5,RR@10,RR@100,P@1,P@3,P@5,P@10,P@100,R@1,R@3,R@5,R@10,R@100,AP
0.7641509433962265,0.4246714093582049,0.011023920509531123,0.7460068736617507,0.7822950131307023,0.742526807730525,0.7857750790619279,0.8303795121862869,0.32876703276779495,0.008534366937637502,0.8163329532763038,0.84442607109627,0.8136387974541014,0.8471202269184724,0.849463658886592,0.29346588802317486,0.007617994879183491,0.836925340036662,0.8620019777365221,0.834520467430734,0.86440685034245,0.862475609673056,0.26260917328720096,0.006816994475250643,0.8512556427809195,0.8736955765651926,0.8491036325041617,0.8758475868419504,0.8707942377272414,0.23963864861504372,0.006220709365238699,0.8605556856238211,0.8810327898306617,0.8585919125077771,0.8829965629467057,0.7641509433962265,0.8196316262353996,0.8291329739442949,0.834184475677063,0.835862721162538,0.7641509433962265,0.30727762803233993,0.19474393530996834,0.10175202156333973,0.010599730458220834,0.7421383647798743,0.8778638814016172,0.9229559748427671,0.9619272237196765,0.9967430368373763,0.8302384506121439
