{
  "nDCG@1": 0.7648247978436657,
  "nDCG@1_std": 0.42425123796081904,
  "nDCG@1_stderr": 0.011013013403512,
  "nDCG@1_ci90_low": 0.7466986799160849,
  "nDCG@1_ci90_high": 0.7829509157712466,
  "nDCG@1_ci95_low": 0.7432220571744244,
  "nDCG@1_ci95_high": 0.7864275385129071,
  "nDCG@3": 0.8337807507500145,
  "nDCG@3_std": 0.3246108293687535,
  "nDCG@3_stderr": 0.008426477273104355,
  "nDCG@3_ci90_low": 0.8199117654714111,
  "nDCG@3_ci90_high": 0.8476497360286178,
  "nDCG@3_ci95_low": 0.8172516685981595,
  "nDCG@3_ci95_high": 0.8503098329018695,
  "nDCG@5": 0.8508860287644381,
  "nDCG@5_std": 0.29216948927165565,
  "nDCG@5_stderr": 0.00758434204437881,
  "nDCG@5_ci90_low": 0.8384030985016201,
  "nDCG@5_ci90_high": 0.8633689590272561,
  "nDCG@5_ci95_low": 0.8360088495285269,
  "nDCG@5_ci95_high": 0.8657632080003492,
  "nDCG@10": 0.8654142348550689,
  "nDCG@10_std": 0.2573192356862722,
  "nDCG@10_stderr": 0.006679674537228092,
  "nDCG@10_ci90_low": 0.8544202803447579,
  "nDCG@10_ci90_high": 0.8764081893653798,
  "nDCG@10_ci95_low": 0.8523116196583365,
  "nDCG@10_ci95_high": 0.8785168500518012,
  "nDCG@100": 0.8727525030386474,
  "nDCG@100_std": 0.23686908940801282,
  "nDCG@100_stderr": 0.006148815190420361,
  "nDCG@100_ci90_low": 0.8626322802464989,
  "nDCG@100_ci90_high": 0.8828727258307959,
  "nDCG@100_ci95_low": 0.8606912029098939,
  "nDCG@100_ci95_high": 0.8848138031674009,
  "RR@1": 0.7648247978436657,
  "RR@3": 0.8223270440251572,
  "RR@5": 0.8310197663971252,
  "RR@10": 0.8366699824583917,
  "RR@100": 0.8380966628465099,
  "P@1": 0.7648247978436657,
  "P@3": 0.30907457322551146,
  "P@5": 0.19460916442048043,
  "P@10": 0.1021563342318033,
  "P@100": 0.010599730458220834,
  "R@1": 0.7428122192273137,
  "R@3": 0.882243935309973,
  "R@5": 0.9226190476190476,
  "R@10": 0.9659703504043127,
  "R@100": 0.9967430368373763,
  "AP": 0.8326400936946424
}