nDCG@1,nDCG@1_std,nDCG@1_stderr,nDCG@1_ci90_low,nDCG@1_ci90_high,nDCG@1_ci95_low,nDCG@1_ci95_high,nDCG@3,nDCG@3_std,nDCG@3_stderr,nDCG@3_ci90_low,nDCG@3_ci90_high,nDCG@3_ci95_low,nDCG@3_ci95_high,nDCG@5,nDCG@5_std,nDCG@5_stderr,nDCG@5_ci90_low,nDCG@5_ci90_high,nDCG@5_ci95_low,nDCG@5_ci95_high,nDCG@10,nDCG@10_std,nDCG@10_stderr,nDCG@10_ci90_low,nDCG@10_ci90_high,nDCG@10_ci95_low,nDCG@10_ci95_high,nDCG@100,nDCG@100_std,nDCG@100_stderr,nDCG@100_ci90_low,nDCG@100_ci90_high,nDCG@100_ci95_low,nDCG@100_ci95_high,RR@1,RR@3,RR@5,RR@10,RR@100,P@1,P@3,P@5,P@10,P@100,R@1,R@3,R@5,R@10,R@100,AP
0.7169811320754716,0.45061737485854747,0.011697444214955695,0.6977285219566126,0.7362337421943307,0.6940358359417158,0.7399264282092275,0.7960754654562289,0.3537409631052053,0.009182657867479588,0.780961896327049,0.8111890345854087,0.7780630859832074,0.8140878449292503,0.815877002228199,0.32070879860016704,0.008325185601306505,0.8021747310650533,0.8295792733913447,0.7995466102656346,0.8322073941907635,0.8311560633296936,0.28905102427539414,0.007503390726552878,0.8188063693646574,0.8435057572947298,0.8164376753584213,0.845874451300966,0.841848114349694,0.26294933802692877,0.00682582471191897,0.8306136139320532,0.8530826147673347,0.8284588160983851,0.8552374126010028,0.7169811320754716,0.782120395327943,0.7922955974842778,0.7982645573952859,0.8003043982855393,0.7169811320754716,0.2980682839173359,0.1896226415094295,0.09993261455525358,0.010545822102425688,0.6958670260557052,0.8518643306379154,0.8988656783468103,0.9446877807726863,0.9913522012578615,0.7947651787629469
