nDCG@1,nDCG@1_std,nDCG@1_stderr,nDCG@1_ci90_low,nDCG@1_ci90_high,nDCG@1_ci95_low,nDCG@1_ci95_high,nDCG@3,nDCG@3_std,nDCG@3_stderr,nDCG@3_ci90_low,nDCG@3_ci90_high,nDCG@3_ci95_low,nDCG@3_ci95_high,nDCG@5,nDCG@5_std,nDCG@5_stderr,nDCG@5_ci90_low,nDCG@5_ci90_high,nDCG@5_ci95_low,nDCG@5_ci95_high,nDCG@10,nDCG@10_std,nDCG@10_stderr,nDCG@10_ci90_low,nDCG@10_ci90_high,nDCG@10_ci95_low,nDCG@10_ci95_high,nDCG@100,nDCG@100_std,nDCG@100_stderr,nDCG@100_ci90_low,nDCG@100_ci90_high,nDCG@100_ci95_low,nDCG@100_ci95_high,RR@1,RR@3,RR@5,RR@10,RR@100,P@1,P@3,P@5,P@10,P@100,R@1,R@3,R@5,R@10,R@100,AP
0.8066037735849056,0.3950940574605485,0.010256130710130788,0.7897233950798518,0.8234841520899595,0.7864857074496059,0.8267218397202054,0.8707069831885054,0.2866712507646197,0.00744161488425374,0.8584589649557655,0.8829550014212453,0.8561097725419048,0.885304193835106,0.8849478137474969,0.2549078352867374,0.006617077701803504,0.8740568862270957,0.8958387412678981,0.8719679863067443,0.8979276411882494,0.8940933664360564,0.22949197140271485,0.005957314748695924,0.8842883307287409,0.9038984021433719,0.8824077068544487,0.9057790260176641,0.9000746700232793,0.20993024211425865,0.005449517557849453,0.891105408452191,0.9090439315943677,0.8893850875937186,0.9107642524528401,0.807277628032345,0.8607367475292002,0.8674415992812222,0.8710806806999528,0.8722749164978851,0.8066037735849056,0.3203054806828337,0.20040431266845857,0.10330188679245016,0.010626684636118407,0.784085804132974,0.9140835579514824,0.9475516621743035,0.9738881401617251,0.9986522911051213,0.8674528339521179
