nDCG@1,nDCG@1_std,nDCG@1_stderr,nDCG@1_ci90_low,nDCG@1_ci90_high,nDCG@1_ci95_low,nDCG@1_ci95_high,nDCG@3,nDCG@3_std,nDCG@3_stderr,nDCG@3_ci90_low,nDCG@3_ci90_high,nDCG@3_ci95_low,nDCG@3_ci95_high,nDCG@5,nDCG@5_std,nDCG@5_stderr,nDCG@5_ci90_low,nDCG@5_ci90_high,nDCG@5_ci95_low,nDCG@5_ci95_high,nDCG@10,nDCG@10_std,nDCG@10_stderr,nDCG@10_ci90_low,nDCG@10_ci90_high,nDCG@10_ci95_low,nDCG@10_ci95_high,nDCG@100,nDCG@100_std,nDCG@100_stderr,nDCG@100_ci90_low,nDCG@100_ci90_high,nDCG@100_ci95_low,nDCG@100_ci95_high,RR@1,RR@3,RR@5,RR@10,RR@100,P@1,P@3,P@5,P@10,P@100,R@1,R@3,R@5,R@10,R@100,AP
0.7675202156334232,0.42255562134608265,0.010968997389333547,0.7494665428609029,0.7855738884059436,0.7460038152331665,0.7890366160336799,0.8388061693715743,0.31844301781780066,0.008266368862796657,0.8252007036057601,0.8524116351373884,0.8225911502595172,0.8550211884836313,0.8540701193814776,0.28868420586448973,0.00749386859505513,0.841736097719028,0.8664041410439272,0.8393704096892399,0.8687698290737152,0.8675679401339373,0.25525968595052,0.006626211289945515,0.8566619798073732,0.8784739004605014,0.8545701965671635,0.8805656837007112,0.8753104277290965,0.23386291672789752,0.0060707788358807455,0.8653186435498141,0.8853022119083789,0.8634022009752792,0.8872186544829138,0.7675202156334232,0.8261455525606473,0.8341981132075477,0.8395600693107431,0.8409682998466151,0.7675202156334232,0.3115453728661223,0.1952830188679198,0.10202156334231546,0.010613207547169622,0.744496855345912,0.8888701707097934,0.9249775381850852,0.9652964959568733,0.9980907457322551,0.8357899913594532
