{
  "nDCG@1": 0.8086253369272237,
  "nDCG@1_std": 0.39351588401131327,
  "nDCG@1_stderr": 0.010215163368625706,
  "nDCG@1_ci90_low": 0.7918123858224728,
  "nDCG@1_ci90_high": 0.8254382880319746,
  "nDCG@1_ci95_low": 0.7885876308915639,
  "nDCG@1_ci95_high": 0.8286630429628835,
  "nDCG@3": 0.8722794338818591,
  "nDCG@3_std": 0.28514090886337057,
  "nDCG@3_stderr": 0.007401889187868219,
  "nDCG@3_ci90_low": 0.8600967994483625,
  "nDCG@3_ci90_high": 0.8844620683153558,
  "nDCG@3_ci95_low": 0.8577601477673987,
  "nDCG@3_ci95_high": 0.8867987199963195,
  "nDCG@5": 0.8853721890525008,
  "nDCG@5_std": 0.2554609706265178,
  "nDCG@5_stderr": 0.006631436379789307,
  "nDCG@5_ci90_low": 0.8744576288458475,
  "nDCG@5_ci90_high": 0.8962867492591541,
  "nDCG@5_ci95_low": 0.8723641961328266,
  "nDCG@5_ci95_high": 0.8983801819721751,
  "nDCG@10": 0.8950834521867388,
  "nDCG@10_std": 0.2286475994011944,
  "nDCG@10_stderr": 0.005935395943661927,
  "nDCG@10_ci90_low": 0.8853144922409175,
  "nDCG@10_ci90_high": 0.9048524121325601,
  "nDCG@10_ci95_low": 0.8834407877640017,
  "nDCG@10_ci95_high": 0.9067261166094759,
  "nDCG@100": 0.9007511058648592,
  "nDCG@100_std": 0.20997010596260257,
  "nDCG@100_stderr": 0.005450552371791865,
  "nDCG@100_ci90_low": 0.8917801411123738,
  "nDCG@100_ci90_high": 0.9097220706173446,
  "nDCG@100_ci95_low": 0.8900594935805783,
  "nDCG@100_ci95_high": 0.91144271814914,
  "RR@1": 0.807277628032345,
  "RR@3": 0.86107367475292,
  "RR@5": 0.8674752920035943,
  "RR@10": 0.8711563556240106,
  "RR@100": 0.8722885204250842,
  "P@1": 0.8086253369272237,
  "P@3": 0.320979335130273,
  "P@5": 0.2001347708894828,
  "P@10": 0.10343665768193802,
  "P@100": 0.010626684636118407,
  "R@1": 0.7872304582210242,
  "R@3": 0.9159366576819407,
  "R@5": 0.9468778077268643,
  "R@10": 0.9748989218328841,
  "R@100": 0.9986522911051213,
  "AP": 0.8683254787163828
}