{
  "nDCG@1": 0.7412398921832885,
  "nDCG@1_std": 0.4381011859018331,
  "nDCG@1_stderr": 0.011372540138296491,
  "nDCG@1_ci90_low": 0.7225220357592537,
  "nDCG@1_ci90_high": 0.7599577486073232,
  "nDCG@1_ci95_low": 0.7189319164861181,
  "nDCG@1_ci95_high": 0.7635478678804588,
  "nDCG@3": 0.8186020289255943,
  "nDCG@3_std": 0.33519667866744035,
  "nDCG@3_stderr": 0.008701272228976147,
  "nDCG@3_ci90_low": 0.804280763640281,
  "nDCG@3_ci90_high": 0.8329232942109076,
  "nDCG@3_ci95_low": 0.8015339186302686,
  "nDCG@3_ci95_high": 0.83567013922092,
  "nDCG@5": 0.837055308071425,
  "nDCG@5_std": 0.3013753450514659,
  "nDCG@5_stderr": 0.007823314153408251,
  "nDCG@5_ci90_low": 0.8241790579722498,
  "nDCG@5_ci90_high": 0.8499315581706003,
  "nDCG@5_ci95_low": 0.821709369531462,
  "nDCG@5_ci95_high": 0.852401246611388,
  "nDCG@10": 0.8491895185118654,
  "nDCG@10_std": 0.2744589534061309,
  "nDCG@10_stderr": 0.007124599440425779,
  "nDCG@10_ci90_low": 0.8374632702170298,
  "nDCG@10_ci90_high": 0.860915766806701,
  "nDCG@10_ci95_low": 0.8352141542364838,
  "nDCG@10_ci95_high": 0.863164882787247,
  "nDCG@100": 0.8593943467886228,
  "nDCG@100_std": 0.2476247226011066,
  "nDCG@100_stderr": 0.006428017516589507,
  "nDCG@100_ci90_low": 0.8488145899793648,
  "nDCG@100_ci90_high": 0.8699741035978809,
  "nDCG@100_ci95_low": 0.8467853731734685,
  "nDCG@100_ci95_high": 0.8720033204037771,
  "RR@1": 0.7412398921832885,
  "RR@3": 0.8043575920934415,
  "RR@5": 0.8141621743036843,
  "RR@10": 0.8187844949300478,
  "RR@100": 0.820915491215261,
  "P@1": 0.7412398921832885,
  "P@3": 0.30570530098831494,
  "P@5": 0.19326145552560184,
  "P@10": 0.10067385444743684,
  "P@100": 0.010586253369272047,
  "R@1": 0.7194519317160826,
  "R@3": 0.8724730458221024,
  "R@5": 0.9163858939802335,
  "R@10": 0.9522686433063791,
  "R@100": 0.9953953279424976,
  "AP": 0.816152439196473
}