nDCG@1,nDCG@1_std,nDCG@1_stderr,nDCG@1_ci90_low,nDCG@1_ci90_high,nDCG@1_ci95_low,nDCG@1_ci95_high,nDCG@3,nDCG@3_std,nDCG@3_stderr,nDCG@3_ci90_low,nDCG@3_ci90_high,nDCG@3_ci95_low,nDCG@3_ci95_high,nDCG@5,nDCG@5_std,nDCG@5_stderr,nDCG@5_ci90_low,nDCG@5_ci90_high,nDCG@5_ci95_low,nDCG@5_ci95_high,nDCG@10,nDCG@10_std,nDCG@10_stderr,nDCG@10_ci90_low,nDCG@10_ci90_high,nDCG@10_ci95_low,nDCG@10_ci95_high,nDCG@100,nDCG@100_std,nDCG@100_stderr,nDCG@100_ci90_low,nDCG@100_ci90_high,nDCG@100_ci95_low,nDCG@100_ci95_high,RR@1,RR@3,RR@5,RR@10,RR@100,P@1,P@3,P@5,P@10,P@100,R@1,R@3,R@5,R@10,R@100,AP
0.7035040431266847,0.456866234125312,0.011859656519137335,0.6839844507344759,0.7230236355188935,0.680240557028729,0.7267675292246404,0.7833121798335183,0.363830942330623,0.009444580677616315,0.7677675167275575,0.7988568429394791,0.7647860217664438,0.8018383379005928,0.8036202065662643,0.3314805363300439,0.00860480598042065,0.7894577133202905,0.8177826998122382,0.7867413210793107,0.8204990920532179,0.819146378790799,0.30160319838387517,0.007829228931208122,0.8062603936667048,0.8320323639148932,0.8037888380302407,0.8345039195513573,0.8318976558376963,0.2718422183405044,0.007056672382652889,0.8202832074485316,0.843512104226861,0.8180555348954268,0.8457397767799657,0.7035040431266847,0.769204851752022,0.7798854447439363,0.7858019937534769,0.7884498717236308,0.7035040431266847,0.29312668463611413,0.18692722371967221,0.09871967654986281,0.01051212938005372,0.6830637915543576,0.8387241689128481,0.8871855345911949,0.9332322551662173,0.9879829290206648,0.7830838491234645
