nDCG@1,nDCG@1_std,nDCG@1_stderr,nDCG@1_ci90_low,nDCG@1_ci90_high,nDCG@1_ci95_low,nDCG@1_ci95_high,nDCG@3,nDCG@3_std,nDCG@3_stderr,nDCG@3_ci90_low,nDCG@3_ci90_high,nDCG@3_ci95_low,nDCG@3_ci95_high,nDCG@5,nDCG@5_std,nDCG@5_stderr,nDCG@5_ci90_low,nDCG@5_ci90_high,nDCG@5_ci95_low,nDCG@5_ci95_high,nDCG@10,nDCG@10_std,nDCG@10_stderr,nDCG@10_ci90_low,nDCG@10_ci90_high,nDCG@10_ci95_low,nDCG@10_ci95_high,nDCG@100,nDCG@100_std,nDCG@100_stderr,nDCG@100_ci90_low,nDCG@100_ci90_high,nDCG@100_ci95_low,nDCG@100_ci95_high,RR@1,RR@3,RR@5,RR@10,RR@100,P@1,P@3,P@5,P@10,P@100,R@1,R@3,R@5,R@10,R@100,AP
0.8086253369272237,0.39351588401131327,0.010215163368625706,0.7918123858224728,0.8254382880319746,0.7885876308915639,0.8286630429628835,0.8722794338818591,0.28514090886337057,0.007401889187868219,0.8600967994483625,0.8844620683153558,0.8577601477673987,0.8867987199963195,0.8853721890525008,0.2554609706265178,0.006631436379789307,0.8744576288458475,0.8962867492591541,0.8723641961328266,0.8983801819721751,0.8950834521867388,0.2286475994011944,0.005935395943661927,0.8853144922409175,0.9048524121325601,0.8834407877640017,0.9067261166094759,0.9007511058648592,0.20997010596260257,0.005450552371791865,0.8917801411123738,0.9097220706173446,0.8900594935805783,0.91144271814914,0.807277628032345,0.86107367475292,0.8674752920035943,0.8711563556240106,0.8722885204250842,0.8086253369272237,0.320979335130273,0.2001347708894828,0.10343665768193802,0.010626684636118407,0.7872304582210242,0.9159366576819407,0.9468778077268643,0.9748989218328841,0.9986522911051213,0.8683254787163828
