{
  "nDCG@1": 0.7675202156334232,
  "nDCG@1_std": 0.42255562134608265,
  "nDCG@1_stderr": 0.010968997389333547,
  "nDCG@1_ci90_low": 0.7494665428609029,
  "nDCG@1_ci90_high": 0.7855738884059436,
  "nDCG@1_ci95_low": 0.7460038152331665,
  "nDCG@1_ci95_high": 0.7890366160336799,
  "nDCG@3": 0.8388061693715743,
  "nDCG@3_std": 0.31844301781780066,
  "nDCG@3_stderr": 0.008266368862796657,
  "nDCG@3_ci90_low": 0.8252007036057601,
  "nDCG@3_ci90_high": 0.8524116351373884,
  "nDCG@3_ci95_low": 0.8225911502595172,
  "nDCG@3_ci95_high": 0.8550211884836313,
  "nDCG@5": 0.8540701193814776,
  "nDCG@5_std": 0.28868420586448973,
  "nDCG@5_stderr": 0.00749386859505513,
  "nDCG@5_ci90_low": 0.841736097719028,
  "nDCG@5_ci90_high": 0.8664041410439272,
  "nDCG@5_ci95_low": 0.8393704096892399,
  "nDCG@5_ci95_high": 0.8687698290737152,
  "nDCG@10": 0.8675679401339373,
  "nDCG@10_std": 0.25525968595052,
  "nDCG@10_stderr": 0.006626211289945515,
  "nDCG@10_ci90_low": 0.8566619798073732,
  "nDCG@10_ci90_high": 0.8784739004605014,
  "nDCG@10_ci95_low": 0.8545701965671635,
  "nDCG@10_ci95_high": 0.8805656837007112,
  "nDCG@100": 0.8753104277290965,
  "nDCG@100_std": 0.23386291672789752,
  "nDCG@100_stderr": 0.0060707788358807455,
  "nDCG@100_ci90_low": 0.8653186435498141,
  "nDCG@100_ci90_high": 0.8853022119083789,
  "nDCG@100_ci95_low": 0.8634022009752792,
  "nDCG@100_ci95_high": 0.8872186544829138,
  "RR@1": 0.7675202156334232,
  "RR@3": 0.8261455525606473,
  "RR@5": 0.8341981132075477,
  "RR@10": 0.8395600693107431,
  "RR@100": 0.8409682998466151,
  "P@1": 0.7675202156334232,
  "P@3": 0.3115453728661223,
  "P@5": 0.1952830188679198,
  "P@10": 0.10202156334231546,
  "P@100": 0.010613207547169622,
  "R@1": 0.744496855345912,
  "R@3": 0.8888701707097934,
  "R@5": 0.9249775381850852,
  "R@10": 0.9652964959568733,
  "R@100": 0.9980907457322551,
  "AP": 0.8357899913594532
}