{
  "nDCG@1": 0.7169811320754716,
  "nDCG@1_std": 0.45061737485854747,
  "nDCG@1_stderr": 0.011697444214955695,
  "nDCG@1_ci90_low": 0.6977285219566126,
  "nDCG@1_ci90_high": 0.7362337421943307,
  "nDCG@1_ci95_low": 0.6940358359417158,
  "nDCG@1_ci95_high": 0.7399264282092275,
  "nDCG@3": 0.7960754654562289,
  "nDCG@3_std": 0.3537409631052053,
  "nDCG@3_stderr": 0.009182657867479588,
  "nDCG@3_ci90_low": 0.780961896327049,
  "nDCG@3_ci90_high": 0.8111890345854087,
  "nDCG@3_ci95_low": 0.7780630859832074,
  "nDCG@3_ci95_high": 0.8140878449292503,
  "nDCG@5": 0.815877002228199,
  "nDCG@5_std": 0.32070879860016704,
  "nDCG@5_stderr": 0.008325185601306505,
  "nDCG@5_ci90_low": 0.8021747310650533,
  "nDCG@5_ci90_high": 0.8295792733913447,
  "nDCG@5_ci95_low": 0.7995466102656346,
  "nDCG@5_ci95_high": 0.8322073941907635,
  "nDCG@10": 0.8311560633296936,
  "nDCG@10_std": 0.28905102427539414,
  "nDCG@10_stderr": 0.007503390726552878,
  "nDCG@10_ci90_low": 0.8188063693646574,
  "nDCG@10_ci90_high": 0.8435057572947298,
  "nDCG@10_ci95_low": 0.8164376753584213,
  "nDCG@10_ci95_high": 0.845874451300966,
  "nDCG@100": 0.841848114349694,
  "nDCG@100_std": 0.26294933802692877,
  "nDCG@100_stderr": 0.00682582471191897,
  "nDCG@100_ci90_low": 0.8306136139320532,
  "nDCG@100_ci90_high": 0.8530826147673347,
  "nDCG@100_ci95_low": 0.8284588160983851,
  "nDCG@100_ci95_high": 0.8552374126010028,
  "RR@1": 0.7169811320754716,
  "RR@3": 0.782120395327943,
  "RR@5": 0.7922955974842778,
  "RR@10": 0.7982645573952859,
  "RR@100": 0.8003043982855393,
  "P@1": 0.7169811320754716,
  "P@3": 0.2980682839173359,
  "P@5": 0.1896226415094295,
  "P@10": 0.09993261455525358,
  "P@100": 0.010545822102425688,
  "R@1": 0.6958670260557052,
  "R@3": 0.8518643306379154,
  "R@5": 0.8988656783468103,
  "R@10": 0.9446877807726863,
  "R@100": 0.9913522012578615,
  "AP": 0.7947651787629469
}