nDCG@1,nDCG@1_std,nDCG@1_stderr,nDCG@1_ci90_low,nDCG@1_ci90_high,nDCG@1_ci95_low,nDCG@1_ci95_high,nDCG@3,nDCG@3_std,nDCG@3_stderr,nDCG@3_ci90_low,nDCG@3_ci90_high,nDCG@3_ci95_low,nDCG@3_ci95_high,nDCG@5,nDCG@5_std,nDCG@5_stderr,nDCG@5_ci90_low,nDCG@5_ci90_high,nDCG@5_ci95_low,nDCG@5_ci95_high,nDCG@10,nDCG@10_std,nDCG@10_stderr,nDCG@10_ci90_low,nDCG@10_ci90_high,nDCG@10_ci95_low,nDCG@10_ci95_high,nDCG@100,nDCG@100_std,nDCG@100_stderr,nDCG@100_ci90_low,nDCG@100_ci90_high,nDCG@100_ci95_low,nDCG@100_ci95_high,RR@1,RR@3,RR@5,RR@10,RR@100,P@1,P@3,P@5,P@10,P@100,R@1,R@3,R@5,R@10,R@100,AP
0.7580862533692723,0.428386680839496,0.011120364151788504,0.7397834488027508,0.7763890579357937,0.7362729372389198,0.7798995694996247,0.8314312174833409,0.32531927531526883,0.008444867613559549,0.8175319638787485,0.8453304710879334,0.8148660614849268,0.847996373481755,0.8506286064882823,0.28755446060519135,0.007464541869355967,0.838342853148859,0.8629143598277056,0.8359864230721641,0.8652707899044005,0.8614180820750814,0.2614483355710669,0.006786860629587553,0.8502477119300011,0.8725884522201617,0.8481052144005075,0.8747309497496554,0.870314382510951,0.2372718408507499,0.006159270096948075,0.8601769521788041,0.8804518128430978,0.858232574404393,0.8823961906175088,0.7580862533692723,0.8183962264150948,0.8286725067385451,0.8329001411885512,0.834628232666685,0.7580862533692723,0.30929919137465794,0.19582210242587123,0.101482479784364,0.010606469002695228,0.7352875112309075,0.8824685534591195,0.9280098831985624,0.9599056603773585,0.9974168912848157,0.8294307717010627
