nDCG@1,nDCG@3,nDCG@5,nDCG@10,nDCG@100,RR@1,RR@3,RR@5,RR@10,RR@100,P@1,P@3,P@5,P@10,P@100,R@1,R@3,R@5,R@10,R@100,AP
0.11590296495956873,0.18290266939601532,0.20634297172368085,0.2327629060369242,0.29336988148122867,0.11590296495956873,0.16936208445642423,0.1823000898472597,0.19341360758139728,0.2044750750649203,0.11590296495956873,0.08018867924528263,0.05970350404312716,0.03834231805929955,0.006967654986522795,0.11197214734950584,0.2319182389937107,0.288858939802336,0.36977762803234504,0.6646451033243486,0.19931977042873536
