nDCG@1,nDCG@3,nDCG@5,nDCG@10,nDCG@100,RR@1,RR@3,RR@5,RR@10,RR@100,P@1,P@3,P@5,P@10,P@100,R@1,R@3,R@5,R@10,R@100,AP
0.12870619946091644,0.19549750043639214,0.22420984028336668,0.2535306523187944,0.31423649586294383,0.12870619946091644,0.181154537286613,0.19725965858041322,0.2093986651264278,0.22057935078138974,0.12870619946091644,0.08423180592991868,0.06509433962264206,0.04184636118598424,0.007297843665768071,0.12443845462713389,0.24573225516621744,0.3155323450134771,0.4058288409703504,0.7000786163522013,0.215709136364051
