{
  "nDCG@1": 0.14016172506738545,
  "nDCG@1_std": 0.34727176847151325,
  "nDCG@1_stderr": 0.009014725942158115,
  "nDCG@1_ci90_low": 0.1253245520316864,
  "nDCG@1_ci90_high": 0.15499889810308448,
  "nDCG@1_ci95_low": 0.12247875496670241,
  "nDCG@1_ci95_high": 0.15784469516806848,
  "nDCG@3": 0.2065536544173483,
  "nDCG@3_std": 0.36557413287625995,
  "nDCG@3_stderr": 0.009489831649507993,
  "nDCG@3_ci90_low": 0.1909345135619475,
  "nDCG@3_ci90_high": 0.2221727952727491,
  "nDCG@3_ci95_low": 0.18793873363157093,
  "nDCG@3_ci95_high": 0.22516857520312566,
  "nDCG@5": 0.23810350078649237,
  "nDCG@5_std": 0.3644878191808451,
  "nDCG@5_stderr": 0.009461632351032105,
  "nDCG@5_ci90_low": 0.22253077264221074,
  "nDCG@5_ci90_high": 0.25367622893077396,
  "nDCG@5_ci95_low": 0.21954389475515224,
  "nDCG@5_ci95_high": 0.2566631068178325,
  "nDCG@10": 0.26812710061695866,
  "nDCG@10_std": 0.3569209883270982,
  "nDCG@10_stderr": 0.00926520720913984,
  "nDCG@10_ci90_low": 0.25287766503170955,
  "nDCG@10_ci90_high": 0.28337653620220776,
  "nDCG@10_ci95_low": 0.24995279525181624,
  "nDCG@10_ci95_high": 0.2863014059821011,
  "nDCG@100": 0.3300039546106702,
  "nDCG@100_std": 0.3231808097432812,
  "nDCG@100_stderr": 0.00838935581323942,
  "nDCG@100_ci90_low": 0.3161960668659118,
  "nDCG@100_ci90_high": 0.34381184235542867,
  "nDCG@100_ci95_low": 0.3135476886119737,
  "nDCG@100_ci95_high": 0.34646022060936676,
  "RR@1": 0.13948787061994608,
  "RR@3": 0.19283468104222834,
  "RR@5": 0.21032120395327933,
  "RR@10": 0.2231083943011166,
  "RR@100": 0.23469637834206755,
  "P@1": 0.14016172506738545,
  "P@3": 0.08760107816711546,
  "P@5": 0.06819407008086315,
  "P@10": 0.04359838274932655,
  "P@100": 0.007520215633423053,
  "R@1": 0.13656783468104225,
  "R@3": 0.254492362982929,
  "R@5": 0.33046945193171606,
  "R@10": 0.42200134770889486,
  "R@100": 0.7206873315363881,
  "AP": 0.23010728613578355
}