nDCG@1,nDCG@1_std,nDCG@1_stderr,nDCG@1_ci90_low,nDCG@1_ci90_high,nDCG@1_ci95_low,nDCG@1_ci95_high,nDCG@3,nDCG@3_std,nDCG@3_stderr,nDCG@3_ci90_low,nDCG@3_ci90_high,nDCG@3_ci95_low,nDCG@3_ci95_high,nDCG@5,nDCG@5_std,nDCG@5_stderr,nDCG@5_ci90_low,nDCG@5_ci90_high,nDCG@5_ci95_low,nDCG@5_ci95_high,nDCG@10,nDCG@10_std,nDCG@10_stderr,nDCG@10_ci90_low,nDCG@10_ci90_high,nDCG@10_ci95_low,nDCG@10_ci95_high,nDCG@100,nDCG@100_std,nDCG@100_stderr,nDCG@100_ci90_low,nDCG@100_ci90_high,nDCG@100_ci95_low,nDCG@100_ci95_high,RR@1,RR@3,RR@5,RR@10,RR@100,P@1,P@3,P@5,P@10,P@100,R@1,R@3,R@5,R@10,R@100,AP
0.12870619946091644,0.3349873598957566,0.008695838584399786,0.1143938773121235,0.14301852160970938,0.11164874761213672,0.14576365130969615,0.19549750043639214,0.3549864147043134,0.009214988180103613,0.18033071943523982,0.21066428143754445,0.17742170295652884,0.21357329791625543,0.22420984028336668,0.3547351433223888,0.009208465500027638,0.20905379484240386,0.2393658857243295,0.20614683746387355,0.24227284310285982,0.2535306523187944,0.34828809106240854,0.009041108362088391,0.2386500569392418,0.268411247698347,0.23579593138887883,0.27126537324871,0.31423649586294383,0.31721201626623596,0.008234413654716914,0.30068362459137316,0.3277893671345145,0.2980841589658161,0.3303888327600716,0.12870619946091644,0.181154537286613,0.19725965858041322,0.2093986651264278,0.22057935078138974,0.12870619946091644,0.08423180592991868,0.06509433962264206,0.04184636118598424,0.007297843665768071,0.12443845462713389,0.24573225516621744,0.3155323450134771,0.4058288409703504,0.7000786163522013,0.215709136364051
