nDCG@1,nDCG@1_std,nDCG@1_stderr,nDCG@1_ci90_low,nDCG@1_ci90_high,nDCG@1_ci95_low,nDCG@1_ci95_high,nDCG@3,nDCG@3_std,nDCG@3_stderr,nDCG@3_ci90_low,nDCG@3_ci90_high,nDCG@3_ci95_low,nDCG@3_ci95_high,nDCG@5,nDCG@5_std,nDCG@5_stderr,nDCG@5_ci90_low,nDCG@5_ci90_high,nDCG@5_ci95_low,nDCG@5_ci95_high,nDCG@10,nDCG@10_std,nDCG@10_stderr,nDCG@10_ci90_low,nDCG@10_ci90_high,nDCG@10_ci95_low,nDCG@10_ci95_high,nDCG@100,nDCG@100_std,nDCG@100_stderr,nDCG@100_ci90_low,nDCG@100_ci90_high,nDCG@100_ci95_low,nDCG@100_ci95_high,RR@1,RR@3,RR@5,RR@10,RR@100,P@1,P@3,P@5,P@10,P@100,R@1,R@3,R@5,R@10,R@100,AP
0.11590296495956873,0.32021643265198024,0.00831240441812628,0.10222173011274174,0.1295841998063957,0.09959764411746624,0.1322082858016712,0.18290266939601532,0.3443842235994073,0.008939769012079147,0.16818886660461904,0.1976164721874116,0.16536673217929682,0.20043860661273383,0.20634297172368085,0.3450014918931352,0.008955792498598746,0.1916027961680262,0.2210831472793355,0.18877560339803537,0.22391034004932633,0.2327629060369242,0.34065802045521265,0.008843041597991992,0.21820830513245332,0.2473175069413951,0.21541670592172096,0.25010910615212745,0.29336988148122867,0.3128461792745903,0.008121082173263506,0.2800035404282698,0.30673622253418753,0.2774398516415606,0.30929991132089674,0.11590296495956873,0.16936208445642423,0.1823000898472597,0.19341360758139728,0.2044750750649203,0.11590296495956873,0.08018867924528263,0.05970350404312716,0.03834231805929955,0.006967654986522795,0.11197214734950584,0.2319182389937107,0.288858939802336,0.36977762803234504,0.6646451033243486,0.19931977042873536
