{
  "nDCG@1": 0.12668463611859837,
  "nDCG@3": 0.19099108753223376,
  "nDCG@5": 0.2180762878914635,
  "nDCG@10": 0.2448121515211813,
  "nDCG@100": 0.30678753488225396,
  "RR@1": 0.12668463611859837,
  "RR@3": 0.17744833782569652,
  "RR@5": 0.19210467205750215,
  "RR@10": 0.20343692508449907,
  "RR@100": 0.2149331987735804,
  "P@1": 0.12668463611859837,
  "P@3": 0.0819856244384542,
  "P@5": 0.06307277628032397,
  "P@10": 0.039959568733154024,
  "P@100": 0.007169811320754596,
  "R@1": 0.12275381850853548,
  "R@3": 0.2393306379155436,
  "R@5": 0.30542452830188677,
  "R@10": 0.38797169811320753,
  "R@100": 0.687949236298293,
  "AP": 0.21016673600359445
}