{
  "nDCG@1": 0.14487870619946092,
  "nDCG@1_std": 0.35209715427223415,
  "nDCG@1_stderr": 0.009139986716306673,
  "nDCG@1_ci90_low": 0.12983536873984564,
  "nDCG@1_ci90_high": 0.1599220436590762,
  "nDCG@1_ci95_low": 0.12695002895934074,
  "nDCG@1_ci95_high": 0.1628073834395811,
  "nDCG@3": 0.2157087862666284,
  "nDCG@3_std": 0.3694047814972023,
  "nDCG@3_stderr": 0.009589270333079917,
  "nDCG@3_ci90_low": 0.1999259810952999,
  "nDCG@3_ci90_high": 0.2314915914379569,
  "nDCG@3_ci95_low": 0.1968988100482471,
  "nDCG@3_ci95_high": 0.2345187624850097,
  "nDCG@5": 0.24690935766289454,
  "nDCG@5_std": 0.3673446596275804,
  "nDCG@5_stderr": 0.009535792233942091,
  "nDCG@5_ci90_low": 0.23121457111971067,
  "nDCG@5_ci90_high": 0.2626041442060784,
  "nDCG@5_ci95_low": 0.22820428220734987,
  "nDCG@5_ci95_high": 0.2656144331184392,
  "nDCG@10": 0.274014702073117,
  "nDCG@10_std": 0.3600490060851979,
  "nDCG@10_stderr": 0.009346406504307382,
  "nDCG@10_ci90_low": 0.25863162204870166,
  "nDCG@10_ci90_high": 0.28939778209753236,
  "nDCG@10_ci95_low": 0.25568111901968354,
  "nDCG@10_ci95_high": 0.2923482851265505,
  "nDCG@100": 0.335831929786234,
  "nDCG@100_std": 0.32537818993223566,
  "nDCG@100_stderr": 0.008446396960814815,
  "nDCG@100_ci90_low": 0.3219301590568833,
  "nDCG@100_ci90_high": 0.34973370051558467,
  "nDCG@100_ci95_low": 0.3192637738739055,
  "nDCG@100_ci95_high": 0.3524000856985625,
  "RR@1": 0.14487870619946092,
  "RR@3": 0.20125786163522025,
  "RR@5": 0.21891284815813095,
  "RR@10": 0.23020231677576689,
  "RR@100": 0.24142842720988575,
  "P@1": 0.14487870619946092,
  "P@3": 0.09209344115004457,
  "P@5": 0.07075471698113271,
  "P@10": 0.043935309973046205,
  "P@100": 0.007601078167115773,
  "R@1": 0.14061096136567836,
  "R@3": 0.26796945193171606,
  "R@5": 0.34327268643306375,
  "R@10": 0.4261567834681042,
  "R@100": 0.7263027852650493,
  "AP": 0.23589347506584754
}