nDCG@1,nDCG@1_std,nDCG@1_stderr,nDCG@1_ci90_low,nDCG@1_ci90_high,nDCG@1_ci95_low,nDCG@1_ci95_high,nDCG@3,nDCG@3_std,nDCG@3_stderr,nDCG@3_ci90_low,nDCG@3_ci90_high,nDCG@3_ci95_low,nDCG@3_ci95_high,nDCG@5,nDCG@5_std,nDCG@5_stderr,nDCG@5_ci90_low,nDCG@5_ci90_high,nDCG@5_ci95_low,nDCG@5_ci95_high,nDCG@10,nDCG@10_std,nDCG@10_stderr,nDCG@10_ci90_low,nDCG@10_ci90_high,nDCG@10_ci95_low,nDCG@10_ci95_high,nDCG@100,nDCG@100_std,nDCG@100_stderr,nDCG@100_ci90_low,nDCG@100_ci90_high,nDCG@100_ci95_low,nDCG@100_ci95_high,RR@1,RR@3,RR@5,RR@10,RR@100,P@1,P@3,P@5,P@10,P@100,R@1,R@3,R@5,R@10,R@100,AP
0.12668463611859837,0.33273148585432827,0.008637279012071139,0.11246869610200907,0.14090057613518767,0.10974205267216838,0.14362721956502836,0.19099108753223376,0.35286590482706276,0.009159942486394648,0.175914905234544,0.20606726982992352,0.17302326575371432,0.2089589093107532,0.2180762878914635,0.35289513526562655,0.009160701270772604,0.20299885672440326,0.23315371905852372,0.20010697770813238,0.2360455980747946,0.2448121515211813,0.34762603008551796,0.009023922115449527,0.2299598426715633,0.2596644603707993,0.22711114252964387,0.2625131605127187,0.30678753488225396,0.31731467199965074,0.008237078464779645,0.2932302776483965,0.32034479211611144,0.29062997078720965,0.3229450989772983,0.12668463611859837,0.17744833782569652,0.19210467205750215,0.20343692508449907,0.2149331987735804,0.12668463611859837,0.0819856244384542,0.06307277628032397,0.039959568733154024,0.007169811320754596,0.12275381850853548,0.2393306379155436,0.30542452830188677,0.38797169811320753,0.687949236298293,0.21016673600359445
