{
  "nDCG@1": 0.1408355795148248,
  "nDCG@3": 0.21045627448154977,
  "nDCG@5": 0.23616583364769514,
  "nDCG@10": 0.26405163456301195,
  "nDCG@100": 0.3264567913312512,
  "RR@1": 0.13948787061994608,
  "RR@3": 0.19541778975741247,
  "RR@5": 0.20973719676549843,
  "RR@10": 0.22161281179138312,
  "RR@100": 0.23310613189789717,
  "P@1": 0.1408355795148248,
  "P@3": 0.08984725965858004,
  "P@5": 0.06671159029649654,
  "P@10": 0.042115902964959984,
  "P@100": 0.007439353099730332,
  "R@1": 0.13690476190476192,
  "R@3": 0.2615678346810422,
  "R@5": 0.3238993710691824,
  "R@10": 0.408636567834681,
  "R@100": 0.7104672057502246,
  "AP": 0.22863814411224986
}