{
  "nDCG@1": 0.11590296495956873,
  "nDCG@3": 0.18290266939601532,
  "nDCG@5": 0.20634297172368085,
  "nDCG@10": 0.2327629060369242,
  "nDCG@100": 0.29336988148122867,
  "RR@1": 0.11590296495956873,
  "RR@3": 0.16936208445642423,
  "RR@5": 0.1823000898472597,
  "RR@10": 0.19341360758139728,
  "RR@100": 0.2044750750649203,
  "P@1": 0.11590296495956873,
  "P@3": 0.08018867924528263,
  "P@5": 0.05970350404312716,
  "P@10": 0.03834231805929955,
  "P@100": 0.006967654986522795,
  "R@1": 0.11197214734950584,
  "R@3": 0.2319182389937107,
  "R@5": 0.288858939802336,
  "R@10": 0.36977762803234504,
  "R@100": 0.6646451033243486,
  "AP": 0.19931977042873536
}