nDCG@1,nDCG@1_std,nDCG@1_stderr,nDCG@1_ci90_low,nDCG@1_ci90_high,nDCG@1_ci95_low,nDCG@1_ci95_high,nDCG@3,nDCG@3_std,nDCG@3_stderr,nDCG@3_ci90_low,nDCG@3_ci90_high,nDCG@3_ci95_low,nDCG@3_ci95_high,nDCG@5,nDCG@5_std,nDCG@5_stderr,nDCG@5_ci90_low,nDCG@5_ci90_high,nDCG@5_ci95_low,nDCG@5_ci95_high,nDCG@10,nDCG@10_std,nDCG@10_stderr,nDCG@10_ci90_low,nDCG@10_ci90_high,nDCG@10_ci95_low,nDCG@10_ci95_high,nDCG@100,nDCG@100_std,nDCG@100_stderr,nDCG@100_ci90_low,nDCG@100_ci90_high,nDCG@100_ci95_low,nDCG@100_ci95_high,RR@1,RR@3,RR@5,RR@10,RR@100,P@1,P@3,P@5,P@10,P@100,R@1,R@3,R@5,R@10,R@100,AP
0.14016172506738545,0.34727176847151325,0.009014725942158115,0.1253245520316864,0.15499889810308448,0.12247875496670241,0.15784469516806848,0.2065536544173483,0.36557413287625995,0.009489831649507993,0.1909345135619475,0.2221727952727491,0.18793873363157093,0.22516857520312566,0.23810350078649237,0.3644878191808451,0.009461632351032105,0.22253077264221074,0.25367622893077396,0.21954389475515224,0.2566631068178325,0.26812710061695866,0.3569209883270982,0.00926520720913984,0.25287766503170955,0.28337653620220776,0.24995279525181624,0.2863014059821011,0.3300039546106702,0.3231808097432812,0.00838935581323942,0.3161960668659118,0.34381184235542867,0.3135476886119737,0.34646022060936676,0.13948787061994608,0.19283468104222834,0.21032120395327933,0.2231083943011166,0.23469637834206755,0.14016172506738545,0.08760107816711546,0.06819407008086315,0.04359838274932655,0.007520215633423053,0.13656783468104225,0.254492362982929,0.33046945193171606,0.42200134770889486,0.7206873315363881,0.23010728613578355
