{
  "nDCG@1": 0.1408355795148248,
  "nDCG@1_std": 0.34796912369651967,
  "nDCG@1_stderr": 0.009032828381827871,
  "nDCG@1_ci90_low": 0.1259686120037893,
  "nDCG@1_ci90_high": 0.1557025470258603,
  "nDCG@1_ci95_low": 0.12311710030366146,
  "nDCG@1_ci95_high": 0.15855405872598816,
  "nDCG@3": 0.21045627448154977,
  "nDCG@3_std": 0.36638548577241087,
  "nDCG@3_stderr": 0.009510893321274083,
  "nDCG@3_ci90_low": 0.1948024686046697,
  "nDCG@3_ci90_high": 0.22611008035842983,
  "nDCG@3_ci95_low": 0.19180003985944508,
  "nDCG@3_ci95_high": 0.22911250910365447,
  "nDCG@5": 0.23616583364769514,
  "nDCG@5_std": 0.36523296658956844,
  "nDCG@5_stderr": 0.009480975413975908,
  "nDCG@5_ci90_low": 0.22056126910885432,
  "nDCG@5_ci90_high": 0.25177039818653596,
  "nDCG@5_ci95_low": 0.21756828494279115,
  "nDCG@5_ci95_high": 0.2547633823525991,
  "nDCG@10": 0.26405163456301195,
  "nDCG@10_std": 0.35840234867323034,
  "nDCG@10_stderr": 0.009303661407708122,
  "nDCG@10_ci90_low": 0.2487389079135899,
  "nDCG@10_ci90_high": 0.27936436121243396,
  "nDCG@10_ci95_low": 0.24580189879123357,
  "nDCG@10_ci95_high": 0.2823013703347903,
  "nDCG@100": 0.3264567913312512,
  "nDCG@100_std": 0.32530072442305547,
  "nDCG@100_stderr": 0.008444386056391737,
  "nDCG@100_ci90_low": 0.31255833031281965,
  "nDCG@100_ci90_high": 0.3403552523496828,
  "nDCG@100_ci95_low": 0.30989257993848063,
  "nDCG@100_ci95_high": 0.3430210027240218,
  "RR@1": 0.13948787061994608,
  "RR@3": 0.19541778975741247,
  "RR@5": 0.20973719676549843,
  "RR@10": 0.22161281179138312,
  "RR@100": 0.23310613189789717,
  "P@1": 0.1408355795148248,
  "P@3": 0.08984725965858004,
  "P@5": 0.06671159029649654,
  "P@10": 0.042115902964959984,
  "P@100": 0.007439353099730332,
  "R@1": 0.13690476190476192,
  "R@3": 0.2615678346810422,
  "R@5": 0.3238993710691824,
  "R@10": 0.408636567834681,
  "R@100": 0.7104672057502246,
  "AP": 0.22863814411224986
}