nDCG@1,nDCG@3,nDCG@5,nDCG@10,nDCG@100,RR@1,RR@3,RR@5,RR@10,RR@100,P@1,P@3,P@5,P@10,P@100,R@1,R@3,R@5,R@10,R@100,AP
0.14016172506738545,0.2065536544173483,0.23810350078649237,0.26812710061695866,0.3300039546106702,0.13948787061994608,0.19283468104222834,0.21032120395327933,0.2231083943011166,0.23469637834206755,0.14016172506738545,0.08760107816711546,0.06819407008086315,0.04359838274932655,0.007520215633423053,0.13656783468104225,0.254492362982929,0.33046945193171606,0.42200134770889486,0.7206873315363881,0.23010728613578355
