nDCG@1,nDCG@1_std,nDCG@1_stderr,nDCG@1_ci90_low,nDCG@1_ci90_high,nDCG@1_ci95_low,nDCG@1_ci95_high,nDCG@3,nDCG@3_std,nDCG@3_stderr,nDCG@3_ci90_low,nDCG@3_ci90_high,nDCG@3_ci95_low,nDCG@3_ci95_high,nDCG@5,nDCG@5_std,nDCG@5_stderr,nDCG@5_ci90_low,nDCG@5_ci90_high,nDCG@5_ci95_low,nDCG@5_ci95_high,nDCG@10,nDCG@10_std,nDCG@10_stderr,nDCG@10_ci90_low,nDCG@10_ci90_high,nDCG@10_ci95_low,nDCG@10_ci95_high,nDCG@100,nDCG@100_std,nDCG@100_stderr,nDCG@100_ci90_low,nDCG@100_ci90_high,nDCG@100_ci95_low,nDCG@100_ci95_high,RR@1,RR@3,RR@5,RR@10,RR@100,P@1,P@3,P@5,P@10,P@100,R@1,R@3,R@5,R@10,R@100,AP
0.7648247978436657,0.42425123796081904,0.011013013403512,0.7466986799160849,0.7829509157712466,0.7432220571744244,0.7864275385129071,0.8346600918975187,0.32170490963143666,0.008351043355290882,0.820915261928632,0.8484049218664054,0.8182789782720318,0.8510412055230056,0.8493645655795728,0.2944007094578531,0.007642261634513391,0.8367863065195738,0.861942824639572,0.8343737733079283,0.8643553578512174,0.8623933918455475,0.26399243651265547,0.006852902199446661,0.8511143250849699,0.8736724586061252,0.8489509793447955,0.8758358043462996,0.870654894627084,0.24064598162547532,0.006246858427287418,0.8603733042592919,0.8809364849948761,0.8584012763250196,0.8829085129291484,0.7648247978436657,0.8226639712488766,0.8298068283917343,0.8349275873871561,0.8366842189377085,0.7648247978436657,0.31109613656782953,0.19474393530996842,0.10168463611859584,0.01057277628032326,0.7412960467205751,0.886174752920036,0.9209344115004491,0.9590633423180593,0.9939353099730458,0.8308439769780649
