{
  "nDCG@1": 0.5148247978436657,
  "nDCG@1_std": 0.49994865174463743,
  "nDCG@1_stderr": 0.012978020356984641,
  "nDCG@1_ci90_low": 0.49346451080522163,
  "nDCG@1_ci90_high": 0.5361850848821098,
  "nDCG@1_ci95_low": 0.48936756848238405,
  "nDCG@1_ci95_high": 0.5402820272049474,
  "nDCG@3": 0.5915924023277649,
  "nDCG@3_std": 0.4524873352863071,
  "nDCG@3_stderr": 0.011745985969020902,
  "nDCG@3_ci90_low": 0.5722598982210971,
  "nDCG@3_ci90_high": 0.6109249064344326,
  "nDCG@3_ci95_low": 0.5685518883924611,
  "nDCG@3_ci95_high": 0.6146329162630687,
  "nDCG@5": 0.6181029335211615,
  "nDCG@5_std": 0.4297935094679664,
  "nDCG@5_stderr": 0.011156883603366911,
  "nDCG@5_ci90_low": 0.5997400222552558,
  "nDCG@5_ci90_high": 0.6364658447870672,
  "nDCG@5_ci95_low": 0.5962179821159824,
  "nDCG@5_ci95_high": 0.6399878849263406,
  "nDCG@10": 0.6410534752360005,
  "nDCG@10_std": 0.4059762429199081,
  "nDCG@10_stderr": 0.010538618169447286,
  "nDCG@10_ci90_low": 0.6237081557730976,
  "nDCG@10_ci90_high": 0.6583987946989035,
  "nDCG@10_ci95_low": 0.6203812916123863,
  "nDCG@10_ci95_high": 0.6617256588596148,
  "nDCG@100": 0.674798860342559,
  "nDCG@100_std": 0.35907504329787654,
  "nDCG@100_stderr": 0.009321123690088976,
  "nDCG@100_ci90_low": 0.6594573928410083,
  "nDCG@100_ci90_high": 0.6901403278441096,
  "nDCG@100_ci95_low": 0.6565148711703764,
  "nDCG@100_ci95_high": 0.6930828495147415,
  "RR@1": 0.5141509433962265,
  "RR@3": 0.5782794249775387,
  "RR@5": 0.5925651392632533,
  "RR@10": 0.6016097634022167,
  "RR@100": 0.6082508815622099,
  "P@1": 0.5148247978436657,
  "P@3": 0.22619047619047522,
  "P@5": 0.14932614555255821,
  "P@10": 0.08227762803234344,
  "P@100": 0.009912398921832708,
  "R@1": 0.49983153638814015,
  "R@3": 0.6457210242587601,
  "R@5": 0.7092879604672059,
  "R@10": 0.7780772686433063,
  "R@100": 0.9324460916442049,
  "AP": 0.6019968858534396
}