nDCG@1,nDCG@1_std,nDCG@1_stderr,nDCG@1_ci90_low,nDCG@1_ci90_high,nDCG@1_ci95_low,nDCG@1_ci95_high,nDCG@3,nDCG@3_std,nDCG@3_stderr,nDCG@3_ci90_low,nDCG@3_ci90_high,nDCG@3_ci95_low,nDCG@3_ci95_high,nDCG@5,nDCG@5_std,nDCG@5_stderr,nDCG@5_ci90_low,nDCG@5_ci90_high,nDCG@5_ci95_low,nDCG@5_ci95_high,nDCG@10,nDCG@10_std,nDCG@10_stderr,nDCG@10_ci90_low,nDCG@10_ci90_high,nDCG@10_ci95_low,nDCG@10_ci95_high,nDCG@100,nDCG@100_std,nDCG@100_stderr,nDCG@100_ci90_low,nDCG@100_ci90_high,nDCG@100_ci95_low,nDCG@100_ci95_high,RR@1,RR@3,RR@5,RR@10,RR@100,P@1,P@3,P@5,P@10,P@100,R@1,R@3,R@5,R@10,R@100,AP
0.5148247978436657,0.49994865174463743,0.012978020356984641,0.49346451080522163,0.5361850848821098,0.48936756848238405,0.5402820272049474,0.5915924023277649,0.4524873352863071,0.011745985969020902,0.5722598982210971,0.6109249064344326,0.5685518883924611,0.6146329162630687,0.6181029335211615,0.4297935094679664,0.011156883603366911,0.5997400222552558,0.6364658447870672,0.5962179821159824,0.6399878849263406,0.6410534752360005,0.4059762429199081,0.010538618169447286,0.6237081557730976,0.6583987946989035,0.6203812916123863,0.6617256588596148,0.674798860342559,0.35907504329787654,0.009321123690088976,0.6594573928410083,0.6901403278441096,0.6565148711703764,0.6930828495147415,0.5141509433962265,0.5782794249775387,0.5925651392632533,0.6016097634022167,0.6082508815622099,0.5148247978436657,0.22619047619047522,0.14932614555255821,0.08227762803234344,0.009912398921832708,0.49983153638814015,0.6457210242587601,0.7092879604672059,0.7780772686433063,0.9324460916442049,0.6019968858534396
