nDCG@1,nDCG@1_std,nDCG@1_stderr,nDCG@1_ci90_low,nDCG@1_ci90_high,nDCG@1_ci95_low,nDCG@1_ci95_high,nDCG@3,nDCG@3_std,nDCG@3_stderr,nDCG@3_ci90_low,nDCG@3_ci90_high,nDCG@3_ci95_low,nDCG@3_ci95_high,nDCG@5,nDCG@5_std,nDCG@5_stderr,nDCG@5_ci90_low,nDCG@5_ci90_high,nDCG@5_ci95_low,nDCG@5_ci95_high,nDCG@10,nDCG@10_std,nDCG@10_stderr,nDCG@10_ci90_low,nDCG@10_ci90_high,nDCG@10_ci95_low,nDCG@10_ci95_high,nDCG@100,nDCG@100_std,nDCG@100_stderr,nDCG@100_ci90_low,nDCG@100_ci90_high,nDCG@100_ci95_low,nDCG@100_ci95_high,RR@1,RR@3,RR@5,RR@10,RR@100,P@1,P@3,P@5,P@10,P@100,R@1,R@3,R@5,R@10,R@100,AP
0.72911051212938,0.44456895401339364,0.011540435032948517,0.710116320559968,0.7481047036987921,0.706473199697933,0.7517478245608271,0.8038146262236772,0.34989672745291267,0.009082866482147515,0.7888653019158202,0.8187639505315342,0.7859979940306567,0.8216312584166976,0.8218474573817726,0.31895168082058034,0.008279573096435218,0.8082202590086051,0.8354746557549401,0.8056065373083184,0.8380883774552267,0.8364923291724493,0.28891120963966643,0.007499761319448075,0.8241486087823812,0.8488360495625175,0.8217810605188056,0.851203597826093,0.8481183432818643,0.2600741884571502,0.006751189547856119,0.8370066835197081,0.8592300030440205,0.8348754467495928,0.8613612398141358,0.7297843665768194,0.7917789757412398,0.801347708894879,0.8068553993924614,0.8091715540289345,0.72911051212938,0.2998652291105076,0.18948787061994168,0.09973045822102179,0.010559299191374475,0.7067610062893083,0.8549528301886793,0.898191823899371,0.9423854447439353,0.9922506738544474,0.8027993771652266
