{
  "nDCG@1": 0.6590296495956873,
  "nDCG@1_std": 0.47419520684824956,
  "nDCG@1_stderr": 0.012309494237429226,
  "nDCG@1_ci90_low": 0.6387696775061804,
  "nDCG@1_ci90_high": 0.6792896216851942,
  "nDCG@1_ci95_low": 0.6348837776133738,
  "nDCG@1_ci95_high": 0.6831755215780009,
  "nDCG@3": 0.7377456422463444,
  "nDCG@3_std": 0.3945912166669083,
  "nDCG@3_stderr": 0.01024307761351094,
  "nDCG@3_ci90_low": 0.720886747594981,
  "nDCG@3_ci90_high": 0.7546045368977079,
  "nDCG@3_ci95_low": 0.7176531806073688,
  "nDCG@3_ci95_high": 0.75783810388532,
  "nDCG@5": 0.7608910823885964,
  "nDCG@5_std": 0.3625851633443228,
  "nDCG@5_stderr": 0.00941224186644423,
  "nDCG@5_ci90_low": 0.7453996451422134,
  "nDCG@5_ci90_high": 0.7763825196349794,
  "nDCG@5_ci95_low": 0.7424283589988173,
  "nDCG@5_ci95_high": 0.7793538057783754,
  "nDCG@10": 0.7759725727651915,
  "nDCG@10_std": 0.3378839969181369,
  "nDCG@10_stderr": 0.008771031534939933,
  "nDCG@10_ci90_low": 0.7615364919103228,
  "nDCG@10_ci90_high": 0.7904086536200602,
  "nDCG@10_ci95_low": 0.758767625062992,
  "nDCG@10_ci95_high": 0.793177520467391,
  "nDCG@100": 0.7959946591212724,
  "nDCG@100_std": 0.29785108167991065,
  "nDCG@100_stderr": 0.007731828834626391,
  "nDCG@100_ci90_low": 0.7832689830399544,
  "nDCG@100_ci90_high": 0.8087203352025905,
  "nDCG@100_ci95_low": 0.7808281749726077,
  "nDCG@100_ci95_high": 0.8111611432699372,
  "RR@1": 0.6583557951482479,
  "RR@3": 0.7231581311769995,
  "RR@5": 0.735388589398024,
  "RR@10": 0.7413056732126814,
  "RR@100": 0.7452634809088754,
  "P@1": 0.6590296495956873,
  "P@3": 0.2787511230907421,
  "P@5": 0.17924528301886403,
  "P@10": 0.09467654986522693,
  "P@100": 0.010478436657681754,
  "R@1": 0.6391509433962265,
  "R@3": 0.7947551662174303,
  "R@5": 0.8507973944294699,
  "R@10": 0.8962264150943396,
  "R@100": 0.9841644204851752,
  "AP": 0.7393981094213162
}