{
  "nDCG@1": 0.7243935309973046,
  "nDCG@1_std": 0.4469699848407593,
  "nDCG@1_stderr": 0.01160276268769178,
  "nDCG@1_ci90_low": 0.7052967554775574,
  "nDCG@1_ci90_high": 0.7434903065170518,
  "nDCG@1_ci95_low": 0.7016339588252574,
  "nDCG@1_ci95_high": 0.7471531031693519,
  "nDCG@3": 0.7992915457907951,
  "nDCG@3_std": 0.3543206745525177,
  "nDCG@3_stderr": 0.00919770642684292,
  "nDCG@3_ci90_low": 0.7841532085121846,
  "nDCG@3_ci90_high": 0.8144298830694056,
  "nDCG@3_ci95_low": 0.7812496475917482,
  "nDCG@3_ci95_high": 0.817333443989842,
  "nDCG@5": 0.8210677820932354,
  "nDCG@5_std": 0.3181053267110222,
  "nDCG@5_stderr": 0.008257602838440254,
  "nDCG@5_ci90_low": 0.8074767441670523,
  "nDCG@5_ci90_high": 0.8346588200194185,
  "nDCG@5_ci95_low": 0.8048699581069748,
  "nDCG@5_ci95_high": 0.837265606079496,
  "nDCG@10": 0.8341890635521417,
  "nDCG@10_std": 0.2907636101061341,
  "nDCG@10_stderr": 0.007547847239630504,
  "nDCG@10_ci90_low": 0.8217661994229399,
  "nDCG@10_ci90_high": 0.8466119276813435,
  "nDCG@10_ci95_low": 0.8193834712447002,
  "nDCG@10_ci95_high": 0.8489946558595832,
  "nDCG@100": 0.846122259024855,
  "nDCG@100_std": 0.2610517772711559,
  "nDCG@100_stderr": 0.006776566489037285,
  "nDCG@100_ci90_low": 0.8349688318179825,
  "nDCG@100_ci90_high": 0.8572756862317276,
  "nDCG@100_ci95_low": 0.8328295839751851,
  "nDCG@100_ci95_high": 0.859414934074525,
  "RR@1": 0.7243935309973046,
  "RR@3": 0.786725067385445,
  "RR@5": 0.7980121293800544,
  "RR@10": 0.8031211226629016,
  "RR@100": 0.8054844640661517,
  "P@1": 0.7243935309973046,
  "P@3": 0.2976190476190427,
  "P@5": 0.1904312668463567,
  "P@10": 0.0995956873315339,
  "P@100": 0.010545822102425686,
  "R@1": 0.705469451931716,
  "R@3": 0.8497866127583108,
  "R@5": 0.901280323450135,
  "R@10": 0.9403638814016174,
  "R@100": 0.9922506738544474,
  "AP": 0.8001982469156134
}