nDCG@1,nDCG@1_std,nDCG@1_stderr,nDCG@1_ci90_low,nDCG@1_ci90_high,nDCG@1_ci95_low,nDCG@1_ci95_high,nDCG@3,nDCG@3_std,nDCG@3_stderr,nDCG@3_ci90_low,nDCG@3_ci90_high,nDCG@3_ci95_low,nDCG@3_ci95_high,nDCG@5,nDCG@5_std,nDCG@5_stderr,nDCG@5_ci90_low,nDCG@5_ci90_high,nDCG@5_ci95_low,nDCG@5_ci95_high,nDCG@10,nDCG@10_std,nDCG@10_stderr,nDCG@10_ci90_low,nDCG@10_ci90_high,nDCG@10_ci95_low,nDCG@10_ci95_high,nDCG@100,nDCG@100_std,nDCG@100_stderr,nDCG@100_ci90_low,nDCG@100_ci90_high,nDCG@100_ci95_low,nDCG@100_ci95_high,RR@1,RR@3,RR@5,RR@10,RR@100,P@1,P@3,P@5,P@10,P@100,R@1,R@3,R@5,R@10,R@100,AP
0.7459568733153639,0.4354687147320449,0.011304204591612915,0.7273514891214489,0.7645622575092789,0.7237829422288198,0.768130804401908,0.8145080855597061,0.3452310424592065,0.008961751334389251,0.7997581024648891,0.8292580686545231,0.7969290285908568,0.8320871425285554,0.8361631731940984,0.3066896416948814,0.007961266420667348,0.8230598699739382,0.8492664764142586,0.82054663232713,0.8517797140610668,0.8485303832462712,0.27904028049779767,0.007243524766157081,0.8366083979265361,0.8604523685660063,0.8343217392247704,0.862739027267772,0.8589573164837655,0.25208965092884,0.00654392128096129,0.8481867957823483,0.8697278371851827,0.8461209901112346,0.8717936428562963,0.7459568733153639,0.803122192273136,0.8142744833782578,0.8192730394044417,0.8212179026111324,0.7459568733153639,0.3014375561545322,0.19258760107816253,0.10040431266846106,0.010566037735848867,0.725348158131177,0.8604559748427671,0.9120619946091646,0.9487870619946093,0.9939353099730458,0.816454091284311
