nDCG@1,nDCG@1_std,nDCG@1_stderr,nDCG@1_ci90_low,nDCG@1_ci90_high,nDCG@1_ci95_low,nDCG@1_ci95_high,nDCG@3,nDCG@3_std,nDCG@3_stderr,nDCG@3_ci90_low,nDCG@3_ci90_high,nDCG@3_ci95_low,nDCG@3_ci95_high,nDCG@5,nDCG@5_std,nDCG@5_stderr,nDCG@5_ci90_low,nDCG@5_ci90_high,nDCG@5_ci95_low,nDCG@5_ci95_high,nDCG@10,nDCG@10_std,nDCG@10_stderr,nDCG@10_ci90_low,nDCG@10_ci90_high,nDCG@10_ci95_low,nDCG@10_ci95_high,nDCG@100,nDCG@100_std,nDCG@100_stderr,nDCG@100_ci90_low,nDCG@100_ci90_high,nDCG@100_ci95_low,nDCG@100_ci95_high,RR@1,RR@3,RR@5,RR@10,RR@100,P@1,P@3,P@5,P@10,P@100,R@1,R@3,R@5,R@10,R@100,AP
0.7405660377358491,0.4384718178892955,0.011382161265309138,0.7218323460743149,0.7592997293973832,0.7182391895735154,0.7628928858981827,0.8050323569373369,0.3539610869741885,0.00918837199840634,0.7899093830242675,0.8201553308504063,0.7870087688255861,0.8230559450490876,0.8259314454752175,0.3193836080661708,0.008290785369068512,0.8122857930269898,0.8395770979234451,0.8096685318011805,0.8421943591492544,0.8397607189133718,0.29082778969763545,0.007549513258814876,0.827335112713576,0.8521863251131676,0.8249518586011553,0.8545695792255883,0.8519423004889378,0.2602143484468102,0.006754827919902317,0.8408246523965801,0.8630599485812955,0.8386922670537232,0.8651923339241524,0.7405660377358491,0.7954851752021567,0.8059973045822111,0.811425309117358,0.8139407743026472,0.7405660377358491,0.29716981132075,0.1896226415094295,0.09946091644204605,0.010545822102425686,0.7199573225516622,0.8493373764600181,0.8988095238095237,0.939690026954178,0.9919137466307277,0.808058325667974
