nDCG@1,nDCG@1_std,nDCG@1_stderr,nDCG@1_ci90_low,nDCG@1_ci90_high,nDCG@1_ci95_low,nDCG@1_ci95_high,nDCG@3,nDCG@3_std,nDCG@3_stderr,nDCG@3_ci90_low,nDCG@3_ci90_high,nDCG@3_ci95_low,nDCG@3_ci95_high,nDCG@5,nDCG@5_std,nDCG@5_stderr,nDCG@5_ci90_low,nDCG@5_ci90_high,nDCG@5_ci95_low,nDCG@5_ci95_high,nDCG@10,nDCG@10_std,nDCG@10_stderr,nDCG@10_ci90_low,nDCG@10_ci90_high,nDCG@10_ci95_low,nDCG@10_ci95_high,nDCG@100,nDCG@100_std,nDCG@100_stderr,nDCG@100_ci90_low,nDCG@100_ci90_high,nDCG@100_ci95_low,nDCG@100_ci95_high,RR@1,RR@3,RR@5,RR@10,RR@100,P@1,P@3,P@5,P@10,P@100,R@1,R@3,R@5,R@10,R@100,AP
0.7243935309973046,0.4469699848407593,0.01160276268769178,0.7052967554775574,0.7434903065170518,0.7016339588252574,0.7471531031693519,0.7992915457907951,0.3543206745525177,0.00919770642684292,0.7841532085121846,0.8144298830694056,0.7812496475917482,0.817333443989842,0.8210677820932354,0.3181053267110222,0.008257602838440254,0.8074767441670523,0.8346588200194185,0.8048699581069748,0.837265606079496,0.8341890635521417,0.2907636101061341,0.007547847239630504,0.8217661994229399,0.8466119276813435,0.8193834712447002,0.8489946558595832,0.846122259024855,0.2610517772711559,0.006776566489037285,0.8349688318179825,0.8572756862317276,0.8328295839751851,0.859414934074525,0.7243935309973046,0.786725067385445,0.7980121293800544,0.8031211226629016,0.8054844640661517,0.7243935309973046,0.2976190476190427,0.1904312668463567,0.0995956873315339,0.010545822102425686,0.705469451931716,0.8497866127583108,0.901280323450135,0.9403638814016174,0.9922506738544474,0.8001982469156134
