nDCG@1,nDCG@1_std,nDCG@1_stderr,nDCG@1_ci90_low,nDCG@1_ci90_high,nDCG@1_ci95_low,nDCG@1_ci95_high,nDCG@3,nDCG@3_std,nDCG@3_stderr,nDCG@3_ci90_low,nDCG@3_ci90_high,nDCG@3_ci95_low,nDCG@3_ci95_high,nDCG@5,nDCG@5_std,nDCG@5_stderr,nDCG@5_ci90_low,nDCG@5_ci90_high,nDCG@5_ci95_low,nDCG@5_ci95_high,nDCG@10,nDCG@10_std,nDCG@10_stderr,nDCG@10_ci90_low,nDCG@10_ci90_high,nDCG@10_ci95_low,nDCG@10_ci95_high,nDCG@100,nDCG@100_std,nDCG@100_stderr,nDCG@100_ci90_low,nDCG@100_ci90_high,nDCG@100_ci95_low,nDCG@100_ci95_high,RR@1,RR@3,RR@5,RR@10,RR@100,P@1,P@3,P@5,P@10,P@100,R@1,R@3,R@5,R@10,R@100,AP
0.7358490566037735,0.4410286741569579,0.01144853394693516,0.7170061233559231,0.754691989851624,0.7133920141180378,0.7583060990895093,0.8005045241678223,0.35803743022608586,0.009294188596812135,0.7852073886451078,0.8158016596905368,0.7822733699295168,0.8187356784061277,0.8195910178997282,0.3274711553298457,0.00850072763545882,0.8055998253037548,0.8335822104957016,0.8029162888423652,0.8362657469570912,0.834717578702159,0.296952309288666,0.007708497865837567,0.822030302636907,0.847404854767411,0.8195968597632367,0.8498382976410813,0.8476408712457247,0.2653640466179842,0.00688850742371656,0.8363032024958179,0.8589785399956316,0.834128616786356,0.8611531257050935,0.7351752021563343,0.7904312668463617,0.799966307277629,0.8059034462841744,0.8085332410967991,0.7358490566037735,0.2953728661275784,0.18773584905659937,0.09892183288409459,0.010525606469002505,0.7155772686433063,0.8446203953279425,0.8897124887690925,0.9346361185983829,0.9902291105121294,0.8033649830066141
