nDCG@1,nDCG@1_std,nDCG@1_stderr,nDCG@1_ci90_low,nDCG@1_ci90_high,nDCG@1_ci95_low,nDCG@1_ci95_high,nDCG@3,nDCG@3_std,nDCG@3_stderr,nDCG@3_ci90_low,nDCG@3_ci90_high,nDCG@3_ci95_low,nDCG@3_ci95_high,nDCG@5,nDCG@5_std,nDCG@5_stderr,nDCG@5_ci90_low,nDCG@5_ci90_high,nDCG@5_ci95_low,nDCG@5_ci95_high,nDCG@10,nDCG@10_std,nDCG@10_stderr,nDCG@10_ci90_low,nDCG@10_ci90_high,nDCG@10_ci95_low,nDCG@10_ci95_high,nDCG@100,nDCG@100_std,nDCG@100_stderr,nDCG@100_ci90_low,nDCG@100_ci90_high,nDCG@100_ci95_low,nDCG@100_ci95_high,RR@1,RR@3,RR@5,RR@10,RR@100,P@1,P@3,P@5,P@10,P@100,R@1,R@3,R@5,R@10,R@100,AP
0.7142857142857143,0.45190623662514684,0.011730901399380326,0.6949780375971358,0.7335933909742928,0.6912747897129321,0.7372966388584965,0.7870517899043498,0.3647815638004133,0.009469257581421682,0.7714665115324236,0.8026370682762759,0.7684772264886305,0.805626353320069,0.810787777206659,0.32766756926688184,0.008505826287219067,0.7967881928327324,0.8247873615805855,0.7941030468129038,0.8274725076004141,0.8256471757542251,0.2978941584772744,0.007732947052569674,0.8129196592183859,0.8383746922900642,0.8104784981484787,0.8408158533599714,0.8380162440445988,0.2682258243576565,0.006962795472365211,0.8265563059501377,0.84947618213906,0.8243582687556097,0.851674219333588,0.7142857142857143,0.7758310871518418,0.7879604672057503,0.7937483955846486,0.7962209656720053,0.7142857142857143,0.29245283018867463,0.18827493261455083,0.09912398921832638,0.010525606469002505,0.6956985624438453,0.8355795148247979,0.8916778975741242,0.9359838274932616,0.9902291105121294,0.790374923681126
