{
  "nDCG@1": 0.7446091644204852,
  "nDCG@1_std": 0.4362276785528935,
  "nDCG@1_stderr": 0.011323906310745101,
  "nDCG@1_ci90_low": 0.7259713535263309,
  "nDCG@1_ci90_high": 0.7632469753146395,
  "nDCG@1_ci95_low": 0.7223965871329826,
  "nDCG@1_ci95_high": 0.7668217417079878,
  "nDCG@3": 0.812942165285295,
  "nDCG@3_std": 0.3470572476498606,
  "nDCG@3_stderr": 0.009009157259092985,
  "nDCG@3_ci90_low": 0.7981141576435024,
  "nDCG@3_ci90_high": 0.8277701729270875,
  "nDCG@3_ci95_low": 0.7952701185179193,
  "nDCG@3_ci95_high": 0.8306142120526706,
  "nDCG@5": 0.8341485696893501,
  "nDCG@5_std": 0.3091356314511393,
  "nDCG@5_stderr": 0.00802476115105399,
  "nDCG@5_ci90_low": 0.8209407616503362,
  "nDCG@5_ci90_high": 0.847356377728364,
  "nDCG@5_ci95_low": 0.8184074797871496,
  "nDCG@5_ci95_high": 0.8498896595915507,
  "nDCG@10": 0.8480008213373706,
  "nDCG@10_std": 0.2790947424501408,
  "nDCG@10_stderr": 0.00724493852799787,
  "nDCG@10_ci90_low": 0.8360765091328032,
  "nDCG@10_ci90_high": 0.8599251335419381,
  "nDCG@10_ci95_low": 0.8337894041302488,
  "nDCG@10_ci95_high": 0.8622122385444925,
  "nDCG@100": 0.8582853341985641,
  "nDCG@100_std": 0.2518786934493749,
  "nDCG@100_stderr": 0.00653844509765046,
  "nDCG@100_ci90_low": 0.8475238266473947,
  "nDCG@100_ci90_high": 0.8690468417497336,
  "nDCG@100_ci95_low": 0.8454597497150682,
  "nDCG@100_ci95_high": 0.87111091868206,
  "RR@1": 0.7439353099730458,
  "RR@3": 0.8015498652291105,
  "RR@5": 0.8129716981132077,
  "RR@10": 0.8183154708424252,
  "RR@100": 0.8204175196720103,
  "P@1": 0.7446091644204852,
  "P@3": 0.3012129380053857,
  "P@5": 0.1917789757412353,
  "P@10": 0.10060646900269288,
  "P@100": 0.010566037735848867,
  "R@1": 0.7243373764600181,
  "R@3": 0.8582097933513029,
  "R@5": 0.9086927223719679,
  "R@10": 0.9494609164420487,
  "R@100": 0.9939353099730458,
  "AP": 0.8152236256413814
}