{
  "nDCG@1": 0.7405660377358491,
  "nDCG@1_std": 0.4384718178892955,
  "nDCG@1_stderr": 0.011382161265309138,
  "nDCG@1_ci90_low": 0.7218323460743149,
  "nDCG@1_ci90_high": 0.7592997293973832,
  "nDCG@1_ci95_low": 0.7182391895735154,
  "nDCG@1_ci95_high": 0.7628928858981827,
  "nDCG@3": 0.8050323569373369,
  "nDCG@3_std": 0.3539610869741885,
  "nDCG@3_stderr": 0.00918837199840634,
  "nDCG@3_ci90_low": 0.7899093830242675,
  "nDCG@3_ci90_high": 0.8201553308504063,
  "nDCG@3_ci95_low": 0.7870087688255861,
  "nDCG@3_ci95_high": 0.8230559450490876,
  "nDCG@5": 0.8259314454752175,
  "nDCG@5_std": 0.3193836080661708,
  "nDCG@5_stderr": 0.008290785369068512,
  "nDCG@5_ci90_low": 0.8122857930269898,
  "nDCG@5_ci90_high": 0.8395770979234451,
  "nDCG@5_ci95_low": 0.8096685318011805,
  "nDCG@5_ci95_high": 0.8421943591492544,
  "nDCG@10": 0.8397607189133718,
  "nDCG@10_std": 0.29082778969763545,
  "nDCG@10_stderr": 0.007549513258814876,
  "nDCG@10_ci90_low": 0.827335112713576,
  "nDCG@10_ci90_high": 0.8521863251131676,
  "nDCG@10_ci95_low": 0.8249518586011553,
  "nDCG@10_ci95_high": 0.8545695792255883,
  "nDCG@100": 0.8519423004889378,
  "nDCG@100_std": 0.2602143484468102,
  "nDCG@100_stderr": 0.006754827919902317,
  "nDCG@100_ci90_low": 0.8408246523965801,
  "nDCG@100_ci90_high": 0.8630599485812955,
  "nDCG@100_ci95_low": 0.8386922670537232,
  "nDCG@100_ci95_high": 0.8651923339241524,
  "RR@1": 0.7405660377358491,
  "RR@3": 0.7954851752021567,
  "RR@5": 0.8059973045822111,
  "RR@10": 0.811425309117358,
  "RR@100": 0.8139407743026472,
  "P@1": 0.7405660377358491,
  "P@3": 0.29716981132075,
  "P@5": 0.1896226415094295,
  "P@10": 0.09946091644204605,
  "P@100": 0.010545822102425686,
  "R@1": 0.7199573225516622,
  "R@3": 0.8493373764600181,
  "R@5": 0.8988095238095237,
  "R@10": 0.939690026954178,
  "R@100": 0.9919137466307277,
  "AP": 0.808058325667974
}