nDCG@1,nDCG@1_std,nDCG@1_stderr,nDCG@1_ci90_low,nDCG@1_ci90_high,nDCG@1_ci95_low,nDCG@1_ci95_high,nDCG@3,nDCG@3_std,nDCG@3_stderr,nDCG@3_ci90_low,nDCG@3_ci90_high,nDCG@3_ci95_low,nDCG@3_ci95_high,nDCG@5,nDCG@5_std,nDCG@5_stderr,nDCG@5_ci90_low,nDCG@5_ci90_high,nDCG@5_ci95_low,nDCG@5_ci95_high,nDCG@10,nDCG@10_std,nDCG@10_stderr,nDCG@10_ci90_low,nDCG@10_ci90_high,nDCG@10_ci95_low,nDCG@10_ci95_high,nDCG@100,nDCG@100_std,nDCG@100_stderr,nDCG@100_ci90_low,nDCG@100_ci90_high,nDCG@100_ci95_low,nDCG@100_ci95_high,RR@1,RR@3,RR@5,RR@10,RR@100,P@1,P@3,P@5,P@10,P@100,R@1,R@3,R@5,R@10,R@100,AP
0.7493261455525606,0.4335471519188975,0.011254323306366465,0.7308028600563978,0.7678494310487234,0.7272500598449283,0.7714022312601929,0.8201481546516572,0.3383049169420967,0.008781958074336627,0.8056940900048519,0.8346022192984626,0.8029217738331662,0.8373745354701483,0.8385771220889722,0.30464662521635905,0.007908232355358055,0.8255611066697757,0.8515931375081687,0.8230646109836626,0.8540896331942818,0.8517864764036853,0.2754133993488546,0.007149375622601857,0.8400194494424245,0.8635535033649462,0.8377625120386903,0.8658104407686803,0.861847325868736,0.2484765820088701,0.0064501306850052315,0.8512311733988381,0.8724634783386339,0.8491949758383212,0.8744996758991509,0.7493261455525606,0.8079514824797843,0.8176549865229115,0.8227776173362428,0.8248648037221643,0.7493261455525606,0.3043575920934359,0.1925876010781625,0.10074123989218074,0.010566037735848867,0.7287174303683738,0.8684299191374663,0.9123989218328843,0.951145552560647,0.9942722371967655,0.8196941673486238
