{
  "nDCG@1": 0.7493261455525606,
  "nDCG@1_std": 0.4335471519188975,
  "nDCG@1_stderr": 0.011254323306366465,
  "nDCG@1_ci90_low": 0.7308028600563978,
  "nDCG@1_ci90_high": 0.7678494310487234,
  "nDCG@1_ci95_low": 0.7272500598449283,
  "nDCG@1_ci95_high": 0.7714022312601929,
  "nDCG@3": 0.8201481546516572,
  "nDCG@3_std": 0.3383049169420967,
  "nDCG@3_stderr": 0.008781958074336627,
  "nDCG@3_ci90_low": 0.8056940900048519,
  "nDCG@3_ci90_high": 0.8346022192984626,
  "nDCG@3_ci95_low": 0.8029217738331662,
  "nDCG@3_ci95_high": 0.8373745354701483,
  "nDCG@5": 0.8385771220889722,
  "nDCG@5_std": 0.30464662521635905,
  "nDCG@5_stderr": 0.007908232355358055,
  "nDCG@5_ci90_low": 0.8255611066697757,
  "nDCG@5_ci90_high": 0.8515931375081687,
  "nDCG@5_ci95_low": 0.8230646109836626,
  "nDCG@5_ci95_high": 0.8540896331942818,
  "nDCG@10": 0.8517864764036853,
  "nDCG@10_std": 0.2754133993488546,
  "nDCG@10_stderr": 0.007149375622601857,
  "nDCG@10_ci90_low": 0.8400194494424245,
  "nDCG@10_ci90_high": 0.8635535033649462,
  "nDCG@10_ci95_low": 0.8377625120386903,
  "nDCG@10_ci95_high": 0.8658104407686803,
  "nDCG@100": 0.861847325868736,
  "nDCG@100_std": 0.2484765820088701,
  "nDCG@100_stderr": 0.0064501306850052315,
  "nDCG@100_ci90_low": 0.8512311733988381,
  "nDCG@100_ci90_high": 0.8724634783386339,
  "nDCG@100_ci95_low": 0.8491949758383212,
  "nDCG@100_ci95_high": 0.8744996758991509,
  "RR@1": 0.7493261455525606,
  "RR@3": 0.8079514824797843,
  "RR@5": 0.8176549865229115,
  "RR@10": 0.8227776173362428,
  "RR@100": 0.8248648037221643,
  "P@1": 0.7493261455525606,
  "P@3": 0.3043575920934359,
  "P@5": 0.1925876010781625,
  "P@10": 0.10074123989218074,
  "P@100": 0.010566037735848867,
  "R@1": 0.7287174303683738,
  "R@3": 0.8684299191374663,
  "R@5": 0.9123989218328843,
  "R@10": 0.951145552560647,
  "R@100": 0.9942722371967655,
  "AP": 0.8196941673486238
}