{
  "nDCG@1": 0.7964959568733153,
  "nDCG@1_std": 0.4027399239907683,
  "nDCG@1_stderr": 0.010454607515958166,
  "nDCG@1_ci90_low": 0.7792889090129722,
  "nDCG@1_ci90_high": 0.8137030047336584,
  "nDCG@1_ci95_low": 0.7759885655998312,
  "nDCG@1_ci95_high": 0.8170033481467994,
  "nDCG@3": 0.8602328266635535,
  "nDCG@3_std": 0.3001682507845543,
  "nDCG@3_stderr": 0.007791979547516005,
  "nDCG@3_ci90_low": 0.8474081496207986,
  "nDCG@3_ci90_high": 0.8730575037063084,
  "nDCG@3_ci95_low": 0.8449483529870444,
  "nDCG@3_ci95_high": 0.8755173003400626,
  "nDCG@5": 0.8732648421825917,
  "nDCG@5_std": 0.2717536841508485,
  "nDCG@5_stderr": 0.007054374149601086,
  "nDCG@5_ci90_low": 0.8616541764132964,
  "nDCG@5_ci90_high": 0.884875507951887,
  "nDCG@5_ci95_low": 0.8594272293736366,
  "nDCG@5_ci95_high": 0.8871024549915468,
  "nDCG@10": 0.885630706227629,
  "nDCG@10_std": 0.2401673379977735,
  "nDCG@10_stderr": 0.006234433457798295,
  "nDCG@10_ci90_low": 0.8753695658905374,
  "nDCG@10_ci90_high": 0.8958918465647205,
  "nDCG@10_ci95_low": 0.8734014603097489,
  "nDCG@10_ci95_high": 0.8978599521455091,
  "nDCG@100": 0.8922500401678876,
  "nDCG@100_std": 0.21966515830278588,
  "nDCG@100_stderr": 0.005702223390793228,
  "nDCG@100_ci90_low": 0.8828648546746993,
  "nDCG@100_ci90_high": 0.9016352256610758,
  "nDCG@100_ci95_low": 0.8810647588433315,
  "nDCG@100_ci95_high": 0.9034353214924437,
  "RR@1": 0.7964959568733153,
  "RR@3": 0.8493935309973047,
  "RR@5": 0.8565700808625341,
  "RR@10": 0.8611153895520469,
  "RR@100": 0.8624513464885238,
  "P@1": 0.7964959568733153,
  "P@3": 0.3164869721473434,
  "P@5": 0.1971698113207498,
  "P@10": 0.10289757412398655,
  "P@100": 0.010619946091644013,
  "R@1": 0.7746518418688231,
  "R@3": 0.9039195867026054,
  "R@5": 0.9346922731356693,
  "R@10": 0.9701819407008088,
  "R@100": 0.9979784366576819,
  "AP": 0.8575616961482666
}