{
  "nDCG@1": 0.7998652291105122,
  "nDCG@1_std": 0.40023591580207357,
  "nDCG@1_stderr": 0.010389606702107517,
  "nDCG@1_ci90_low": 0.7827651649043313,
  "nDCG@1_ci90_high": 0.816965293316693,
  "nDCG@1_ci95_low": 0.7794853411527379,
  "nDCG@1_ci95_high": 0.8202451170682864,
  "nDCG@3": 0.8617186908138221,
  "nDCG@3_std": 0.2995782598316702,
  "nDCG@3_stderr": 0.007776664145483723,
  "nDCG@3_ci90_low": 0.8489192211119805,
  "nDCG@3_ci90_high": 0.8745181605156638,
  "nDCG@3_ci95_low": 0.8464642592925549,
  "nDCG@3_ci95_high": 0.8769731223350894,
  "nDCG@5": 0.8753130577634933,
  "nDCG@5_std": 0.2697954717689115,
  "nDCG@5_stderr": 0.007003541488952051,
  "nDCG@5_ci90_low": 0.8637860565433761,
  "nDCG@5_ci90_high": 0.8868400589836105,
  "nDCG@5_ci95_low": 0.8615751565180579,
  "nDCG@5_ci95_high": 0.8890509590089287,
  "nDCG@10": 0.8870496131689725,
  "nDCG@10_std": 0.2397951800105163,
  "nDCG@10_stderr": 0.0062247727178047305,
  "nDCG@10_ci90_low": 0.876804373267663,
  "nDCG@10_ci90_high": 0.8972948530702819,
  "nDCG@10_ci95_low": 0.874839317419689,
  "nDCG@10_ci95_high": 0.8992599089182559,
  "nDCG@100": 0.8937715181678484,
  "nDCG@100_std": 0.21886873350950437,
  "nDCG@100_stderr": 0.005681549233269358,
  "nDCG@100_ci90_low": 0.8844203598935149,
  "nDCG@100_ci90_high": 0.9031226764421819,
  "nDCG@100_ci95_low": 0.8826267905452791,
  "nDCG@100_ci95_high": 0.9049162457904176,
  "RR@1": 0.7998652291105122,
  "RR@3": 0.8517520215633425,
  "RR@5": 0.8588274932614558,
  "RR@10": 0.8631179673127113,
  "RR@100": 0.8645049486409752,
  "P@1": 0.7998652291105122,
  "P@3": 0.3167115902964898,
  "P@5": 0.19757412398921337,
  "P@10": 0.10289757412398656,
  "P@100": 0.010619946091644013,
  "R@1": 0.7784703504043127,
  "R@3": 0.9039195867026054,
  "R@5": 0.9362646001796946,
  "R@10": 0.9697327044025157,
  "R@100": 0.9979784366576819,
  "AP": 0.8596121053151116
}