{
  "nDCG@1": 0.7857142857142857,
  "nDCG@1_std": 0.4104642232010972,
  "nDCG@1_stderr": 0.010655120332714981,
  "nDCG@1_ci90_low": 0.7681772174653934,
  "nDCG@1_ci90_high": 0.803251353963178,
  "nDCG@1_ci95_low": 0.7648135755350173,
  "nDCG@1_ci95_high": 0.8066149958935541,
  "nDCG@3": 0.854392523260836,
  "nDCG@3_std": 0.30367808148489817,
  "nDCG@3_stderr": 0.007883090212820687,
  "nDCG@3_ci90_low": 0.8414178888355497,
  "nDCG@3_ci90_high": 0.8673671576861224,
  "nDCG@3_ci95_low": 0.8389293301001437,
  "nDCG@3_ci95_high": 0.8698557164215284,
  "nDCG@5": 0.8676670615733377,
  "nDCG@5_std": 0.276315430347099,
  "nDCG@5_stderr": 0.007172791180613654,
  "nDCG@5_ci90_low": 0.8558614953721513,
  "nDCG@5_ci90_high": 0.8794726277745242,
  "nDCG@5_ci95_low": 0.8535971660713487,
  "nDCG@5_ci95_high": 0.8817369570753267,
  "nDCG@10": 0.8801025617719455,
  "nDCG@10_std": 0.24476975694528924,
  "nDCG@10_stderr": 0.006353906300826863,
  "nDCG@10_ci90_low": 0.8696447832612193,
  "nDCG@10_ci90_high": 0.8905603402826716,
  "nDCG@10_ci95_low": 0.867638962117227,
  "nDCG@10_ci95_high": 0.8925661614266639,
  "nDCG@100": 0.8868837379815014,
  "nDCG@100_std": 0.22413793268657353,
  "nDCG@100_stderr": 0.005818330828631954,
  "nDCG@100_ci90_low": 0.8773074533737092,
  "nDCG@100_ci90_high": 0.8964600225892937,
  "nDCG@100_ci95_low": 0.8754707043808426,
  "nDCG@100_ci95_high": 0.8982967715821603,
  "RR@1": 0.7857142857142857,
  "RR@3": 0.8425426774483377,
  "RR@5": 0.8494833782569634,
  "RR@10": 0.8539522098147436,
  "RR@100": 0.8553301424016696,
  "P@1": 0.7857142857142857,
  "P@3": 0.31536388140161126,
  "P@5": 0.1967654986522862,
  "P@10": 0.10276280323449868,
  "P@100": 0.010619946091644013,
  "R@1": 0.7648809523809524,
  "R@3": 0.9012241689128481,
  "R@5": 0.9325022461814915,
  "R@10": 0.9688342318059301,
  "R@100": 0.9979784366576819,
  "AP": 0.8507351278114945
}