nDCG@1,nDCG@1_std,nDCG@1_stderr,nDCG@1_ci90_low,nDCG@1_ci90_high,nDCG@1_ci95_low,nDCG@1_ci95_high,nDCG@3,nDCG@3_std,nDCG@3_stderr,nDCG@3_ci90_low,nDCG@3_ci90_high,nDCG@3_ci95_low,nDCG@3_ci95_high,nDCG@5,nDCG@5_std,nDCG@5_stderr,nDCG@5_ci90_low,nDCG@5_ci90_high,nDCG@5_ci95_low,nDCG@5_ci95_high,nDCG@10,nDCG@10_std,nDCG@10_stderr,nDCG@10_ci90_low,nDCG@10_ci90_high,nDCG@10_ci95_low,nDCG@10_ci95_high,nDCG@100,nDCG@100_std,nDCG@100_stderr,nDCG@100_ci90_low,nDCG@100_ci90_high,nDCG@100_ci95_low,nDCG@100_ci95_high,RR@1,RR@3,RR@5,RR@10,RR@100,P@1,P@3,P@5,P@10,P@100,R@1,R@3,R@5,R@10,R@100,AP
0.7998652291105122,0.40023591580207357,0.010389606702107517,0.7827651649043313,0.816965293316693,0.7794853411527379,0.8202451170682864,0.8617186908138221,0.2995782598316702,0.007776664145483723,0.8489192211119805,0.8745181605156638,0.8464642592925549,0.8769731223350894,0.8753130577634933,0.2697954717689115,0.007003541488952051,0.8637860565433761,0.8868400589836105,0.8615751565180579,0.8890509590089287,0.8870496131689725,0.2397951800105163,0.0062247727178047305,0.876804373267663,0.8972948530702819,0.874839317419689,0.8992599089182559,0.8937715181678484,0.21886873350950437,0.005681549233269358,0.8844203598935149,0.9031226764421819,0.8826267905452791,0.9049162457904176,0.7998652291105122,0.8517520215633425,0.8588274932614558,0.8631179673127113,0.8645049486409752,0.7998652291105122,0.3167115902964898,0.19757412398921337,0.10289757412398656,0.010619946091644013,0.7784703504043127,0.9039195867026054,0.9362646001796946,0.9697327044025157,0.9979784366576819,0.8596121053151116
