nDCG@1,nDCG@1_std,nDCG@1_stderr,nDCG@1_ci90_low,nDCG@1_ci90_high,nDCG@1_ci95_low,nDCG@1_ci95_high,nDCG@3,nDCG@3_std,nDCG@3_stderr,nDCG@3_ci90_low,nDCG@3_ci90_high,nDCG@3_ci95_low,nDCG@3_ci95_high,nDCG@5,nDCG@5_std,nDCG@5_stderr,nDCG@5_ci90_low,nDCG@5_ci90_high,nDCG@5_ci95_low,nDCG@5_ci95_high,nDCG@10,nDCG@10_std,nDCG@10_stderr,nDCG@10_ci90_low,nDCG@10_ci90_high,nDCG@10_ci95_low,nDCG@10_ci95_high,nDCG@100,nDCG@100_std,nDCG@100_stderr,nDCG@100_ci90_low,nDCG@100_ci90_high,nDCG@100_ci95_low,nDCG@100_ci95_high,RR@1,RR@3,RR@5,RR@10,RR@100,P@1,P@3,P@5,P@10,P@100,R@1,R@3,R@5,R@10,R@100,AP
0.7911051212938005,0.40665617314445424,0.010556268278642892,0.7737307518380399,0.8084794907495612,0.7703983158352927,0.8118119267523083,0.8547292819455089,0.3070025580535213,0.007969389324606163,0.8416126093858851,0.8678459545051327,0.8390968074751894,0.8703617564158284,0.8701872299762196,0.2742786487743334,0.00711991896539347,0.8584686851898865,0.8819057747625526,0.8562210467564335,0.8841534131960056,0.8819075447414987,0.24484273129410328,0.00635580062053578,0.8714466484045085,0.8923684410784889,0.8694402292557069,0.8943748602272905,0.888999376286697,0.22318736012812596,0.005793655194501782,0.8794637048551348,0.8985350477182592,0.8776347455441327,0.9003640070292613,0.7904312668463612,0.8438903863432167,0.8521787960467211,0.8564679330851839,0.857906776299041,0.7911051212938005,0.31446540880502544,0.1971698113207498,0.10269541778975477,0.010619946091644013,0.7693733153638814,0.8975179694519316,0.9339061096136568,0.9677111410601976,0.9979784366576819,0.853578243152798
