nDCG@1,nDCG@1_std,nDCG@1_stderr,nDCG@1_ci90_low,nDCG@1_ci90_high,nDCG@1_ci95_low,nDCG@1_ci95_high,nDCG@3,nDCG@3_std,nDCG@3_stderr,nDCG@3_ci90_low,nDCG@3_ci90_high,nDCG@3_ci95_low,nDCG@3_ci95_high,nDCG@5,nDCG@5_std,nDCG@5_stderr,nDCG@5_ci90_low,nDCG@5_ci90_high,nDCG@5_ci95_low,nDCG@5_ci95_high,nDCG@10,nDCG@10_std,nDCG@10_stderr,nDCG@10_ci90_low,nDCG@10_ci90_high,nDCG@10_ci95_low,nDCG@10_ci95_high,nDCG@100,nDCG@100_std,nDCG@100_stderr,nDCG@100_ci90_low,nDCG@100_ci90_high,nDCG@100_ci95_low,nDCG@100_ci95_high,RR@1,RR@3,RR@5,RR@10,RR@100,P@1,P@3,P@5,P@10,P@100,R@1,R@3,R@5,R@10,R@100,AP
0.784366576819407,0.4113996835813681,0.010679403674246041,0.7667895410615196,0.8019436125772944,0.7634182332894418,0.8053149203493722,0.8502023799182737,0.31142116235750283,0.00808409057723765,0.8368969226586352,0.8635078371779122,0.834344911495414,0.8660598483411335,0.8654765701162558,0.2789429690477592,0.0072409986867784095,0.8535587424245045,0.8773943978080071,0.8512728811634295,0.8796802590690821,0.8784544901699243,0.24692602304174505,0.006409880179738677,0.8679045852726366,0.889004395067212,0.8658810941183361,0.8910278862215124,0.8853877576040908,0.22634949652763117,0.005875740165470565,0.8757169840157123,0.8950585311924694,0.8738621118626603,0.8969134033455214,0.784366576819407,0.8392857142857144,0.8478773584905664,0.8524943310657597,0.8538688093560259,0.784366576819407,0.3133423180592932,0.19622641509433475,0.10262803234501085,0.01061320754716962,0.7626347708894878,0.893699460916442,0.9298629829290207,0.9677111410601976,0.9973045822102425,0.849031231085982
