{
  "nDCG@1": 0.7681940700808625,
  "nDCG@1_std": 0.42212796194532504,
  "nDCG@1_stderr": 0.010957895904432007,
  "nDCG@1_ci90_low": 0.7501586690398949,
  "nDCG@1_ci90_high": 0.7862294711218301,
  "nDCG@1_ci95_low": 0.7466994459638613,
  "nDCG@1_ci95_high": 0.7896886941978637,
  "nDCG@3": 0.8342369828744044,
  "nDCG@3_std": 0.3249326174663116,
  "nDCG@3_stderr": 0.008434830475910624,
  "nDCG@3_ci90_low": 0.8203542492116311,
  "nDCG@3_ci90_high": 0.8481197165371777,
  "nDCG@3_ci95_low": 0.8176915153730206,
  "nDCG@3_ci95_high": 0.8507824503757881,
  "nDCG@5": 0.8518203808046764,
  "nDCG@5_std": 0.29172962964487437,
  "nDCG@5_stderr": 0.007572923857389681,
  "nDCG@5_ci90_low": 0.8393562435276019,
  "nDCG@5_ci90_high": 0.8642845180817509,
  "nDCG@5_ci95_low": 0.8369655990837234,
  "nDCG@5_ci95_high": 0.8666751625256294,
  "nDCG@10": 0.8647985822825237,
  "nDCG@10_std": 0.2616722462139783,
  "nDCG@10_stderr": 0.006792673060267601,
  "nDCG@10_ci90_low": 0.8536186455637825,
  "nDCG@10_ci90_high": 0.8759785190012649,
  "nDCG@10_ci95_low": 0.8514743131478736,
  "nDCG@10_ci95_high": 0.8781228514171738,
  "nDCG@100": 0.873134274693179,
  "nDCG@100_std": 0.23808314749676654,
  "nDCG@100_stderr": 0.006180330568120501,
  "nDCG@100_ci90_low": 0.862962181315588,
  "nDCG@100_ci90_high": 0.8833063680707699,
  "nDCG@100_ci95_low": 0.8610111551053361,
  "nDCG@100_ci95_high": 0.8852573942810218,
  "RR@1": 0.7688679245283019,
  "RR@3": 0.8241239892183292,
  "RR@5": 0.8326819407008091,
  "RR@10": 0.837511498310016,
  "RR@100": 0.8391832021548381,
  "P@1": 0.7681940700808625,
  "P@3": 0.30817610062892536,
  "P@5": 0.19474393530996825,
  "P@10": 0.10195417789757151,
  "P@100": 0.01061320754716962,
  "R@1": 0.7463499550763703,
  "R@3": 0.8811769991015272,
  "R@5": 0.9227313566936208,
  "R@10": 0.9614218328840972,
  "R@100": 0.9973045822102425,
  "AP": 0.8332581777837405
}