nDCG@1,nDCG@1_std,nDCG@1_stderr,nDCG@1_ci90_low,nDCG@1_ci90_high,nDCG@1_ci95_low,nDCG@1_ci95_high,nDCG@3,nDCG@3_std,nDCG@3_stderr,nDCG@3_ci90_low,nDCG@3_ci90_high,nDCG@3_ci95_low,nDCG@3_ci95_high,nDCG@5,nDCG@5_std,nDCG@5_stderr,nDCG@5_ci90_low,nDCG@5_ci90_high,nDCG@5_ci95_low,nDCG@5_ci95_high,nDCG@10,nDCG@10_std,nDCG@10_stderr,nDCG@10_ci90_low,nDCG@10_ci90_high,nDCG@10_ci95_low,nDCG@10_ci95_high,nDCG@100,nDCG@100_std,nDCG@100_stderr,nDCG@100_ci90_low,nDCG@100_ci90_high,nDCG@100_ci95_low,nDCG@100_ci95_high,RR@1,RR@3,RR@5,RR@10,RR@100,P@1,P@3,P@5,P@10,P@100,R@1,R@3,R@5,R@10,R@100,AP
0.7075471698113207,0.4550425288921337,0.011812315490096184,0.6881054951555,0.7269888444671414,0.6843765462148367,0.7307177934078047,0.7870327033449863,0.3610881489298382,0.009373381308508765,0.7716052259822482,0.8024601807077244,0.7686462074621196,0.805419199227853,0.8035911269338097,0.33528840408311816,0.008703653302127889,0.7892659426836173,0.8179163111840022,0.7865183460089363,0.8206639078586832,0.8187195921119423,0.30712694716930417,0.007972618305164835,0.8055976050321006,0.831841579191784,0.803080783786657,0.8343584004372276,0.8331363532601782,0.27272477943657997,0.007079582527187095,0.8214841974819139,0.8447885090384425,0.8192492925822584,0.847023413938098,0.7075471698113207,0.7731356693620849,0.7813566936208453,0.787175908099089,0.7902245111534928,0.7075471698113207,0.29492362982928566,0.1859838274932572,0.09824797843665531,0.01051212938005372,0.6880615453728661,0.8420934411500448,0.8813454627133871,0.9258198562443845,0.9886567834681042,0.7851273309315798
