{
  "nDCG@1": 0.694743935309973,
  "nDCG@1_std": 0.4606710361752158,
  "nDCG@1_stderr": 0.011958424259155505,
  "nDCG@1_ci90_low": 0.6750617828955964,
  "nDCG@1_ci90_high": 0.7144260877243497,
  "nDCG@1_ci95_low": 0.6712867098787464,
  "nDCG@1_ci95_high": 0.7182011607411997,
  "nDCG@3": 0.7772180772169227,
  "nDCG@3_std": 0.3662183493927294,
  "nDCG@3_stderr": 0.009506554677034661,
  "nDCG@3_ci90_low": 0.7615714122354769,
  "nDCG@3_ci90_high": 0.7928647421983686,
  "nDCG@3_ci95_low": 0.7585703531271243,
  "nDCG@3_ci95_high": 0.7958658013067211,
  "nDCG@5": 0.7915443181837325,
  "nDCG@5_std": 0.3443110503733679,
  "nDCG@5_stderr": 0.00893786952977469,
  "nDCG@5_ci90_low": 0.7768336417156222,
  "nDCG@5_ci90_high": 0.8062549946518428,
  "nDCG@5_ci95_low": 0.7740121069248537,
  "nDCG@5_ci95_high": 0.8090765294426113,
  "nDCG@10": 0.8080913028832305,
  "nDCG@10_std": 0.3154267466003992,
  "nDCG@10_stderr": 0.008188070363290716,
  "nDCG@10_ci90_low": 0.7946147071899021,
  "nDCG@10_ci90_high": 0.8215678985765589,
  "nDCG@10_ci95_low": 0.7920298713604774,
  "nDCG@10_ci95_high": 0.8241527344059836,
  "nDCG@100": 0.8238590722552543,
  "nDCG@100_std": 0.27942394870152776,
  "nDCG@100_stderr": 0.007253484296482767,
  "nDCG@100_ci90_low": 0.8119206947261781,
  "nDCG@100_ci90_high": 0.8357974497843306,
  "nDCG@100_ci95_low": 0.8096308919685253,
  "nDCG@100_ci95_high": 0.8380872525419834,
  "RR@1": 0.694743935309973,
  "RR@3": 0.7626909254267749,
  "RR@5": 0.7699685534591203,
  "RR@10": 0.7761771060625512,
  "RR@100": 0.779414537151733,
  "P@1": 0.694743935309973,
  "P@3": 0.29222821203952837,
  "P@5": 0.18315363881401198,
  "P@10": 0.09737196765498421,
  "P@100": 0.010498652291104934,
  "R@1": 0.6752583108715183,
  "R@3": 0.8351302785265049,
  "R@5": 0.8695530098831985,
  "R@10": 0.917902066486972,
  "R@100": 0.9873090745732254,
  "AP": 0.7737254156183861
}