nDCG@1,nDCG@1_std,nDCG@1_stderr,nDCG@1_ci90_low,nDCG@1_ci90_high,nDCG@1_ci95_low,nDCG@1_ci95_high,nDCG@3,nDCG@3_std,nDCG@3_stderr,nDCG@3_ci90_low,nDCG@3_ci90_high,nDCG@3_ci95_low,nDCG@3_ci95_high,nDCG@5,nDCG@5_std,nDCG@5_stderr,nDCG@5_ci90_low,nDCG@5_ci90_high,nDCG@5_ci95_low,nDCG@5_ci95_high,nDCG@10,nDCG@10_std,nDCG@10_stderr,nDCG@10_ci90_low,nDCG@10_ci90_high,nDCG@10_ci95_low,nDCG@10_ci95_high,nDCG@100,nDCG@100_std,nDCG@100_stderr,nDCG@100_ci90_low,nDCG@100_ci90_high,nDCG@100_ci95_low,nDCG@100_ci95_high,RR@1,RR@3,RR@5,RR@10,RR@100,P@1,P@3,P@5,P@10,P@100,R@1,R@3,R@5,R@10,R@100,AP
0.772911051212938,0.41909177099334205,0.010879080314380863,0.755005371314355,0.7908167311115211,0.7515710289919106,0.7942510734339654,0.8384518281896456,0.32413750510124384,0.008414190387325667,0.8246030656722818,0.8523005907070094,0.8219468475618136,0.8549568088174776,0.8533021883891051,0.2958909301836955,0.00768094583707878,0.8406602597055486,0.8659441170726616,0.8382355145430542,0.868368862235156,0.8665691415053416,0.2641211414910745,0.006856243214217155,0.8552845758294799,0.8778537071812033,0.8531201753872447,0.8800181076234385,0.8752628471855086,0.2397553088133261,0.006223737713095774,0.8650193107795754,0.8855063835914418,0.8630545816651461,0.8874711127058711,0.772911051212938,0.8268194070080862,0.8342318059299196,0.8395729046335519,0.841532896107783,0.772911051212938,0.3101976639712437,0.19433962264150476,0.101482479784364,0.010566037735848867,0.7514038634321655,0.8835916442048517,0.9187443845462713,0.9585017969451931,0.9932614555256065,0.8374742227461199
