{
  "nDCG@1": 0.7277628032345014,
  "nDCG@1_std": 0.44526138648797503,
  "nDCG@1_stderr": 0.01155840968438441,
  "nDCG@1_ci90_low": 0.7087390275140766,
  "nDCG@1_ci90_high": 0.7467865789549262,
  "nDCG@1_ci95_low": 0.7050902323574898,
  "nDCG@1_ci95_high": 0.750435374111513,
  "nDCG@3": 0.8059743267623332,
  "nDCG@3_std": 0.3462574515516639,
  "nDCG@3_stderr": 0.008988395586854022,
  "nDCG@3_ci90_low": 0.7911804903782689,
  "nDCG@3_ci90_high": 0.8207681631463974,
  "nDCG@3_ci95_low": 0.7883430053627387,
  "nDCG@3_ci95_high": 0.8236056481619276,
  "nDCG@5": 0.8229828003988936,
  "nDCG@5_std": 0.3179454099521878,
  "nDCG@5_stderr": 0.008253451606220038,
  "nDCG@5_ci90_low": 0.8093985949101199,
  "nDCG@5_ci90_high": 0.8365670058876673,
  "nDCG@5_ci95_low": 0.8067931193240984,
  "nDCG@5_ci95_high": 0.8391724814736888,
  "nDCG@10": 0.8348763386443646,
  "nDCG@10_std": 0.2935085422780419,
  "nDCG@10_stderr": 0.007619102128470083,
  "nDCG@10_ci90_low": 0.8223361973930255,
  "nDCG@10_ci90_high": 0.8474164798957037,
  "nDCG@10_ci95_low": 0.8199309752471571,
  "nDCG@10_ci95_high": 0.8498217020415721,
  "nDCG@100": 0.8478519908904643,
  "nDCG@100_std": 0.26051315596622004,
  "nDCG@100_stderr": 0.0067625845766233405,
  "nDCG@100_ci90_low": 0.8367215762582598,
  "nDCG@100_ci90_high": 0.8589824055226687,
  "nDCG@100_ci95_low": 0.8345867422695902,
  "nDCG@100_ci95_high": 0.8611172395113383,
  "RR@1": 0.7277628032345014,
  "RR@3": 0.7915543575920939,
  "RR@5": 0.7999101527403422,
  "RR@10": 0.8045054657082963,
  "RR@100": 0.8073023883906346,
  "P@1": 0.7277628032345014,
  "P@3": 0.3018867924528254,
  "P@5": 0.19043126684635672,
  "P@10": 0.09932614555255821,
  "P@100": 0.010545822102425688,
  "R@1": 0.7079402515723271,
  "R@3": 0.8609613656783467,
  "R@5": 0.9012241689128481,
  "R@10": 0.9364330637915542,
  "R@100": 0.9920260557053009,
  "AP": 0.8029083095542058
}