nDCG@1,nDCG@1_std,nDCG@1_stderr,nDCG@1_ci90_low,nDCG@1_ci90_high,nDCG@1_ci95_low,nDCG@1_ci95_high,nDCG@3,nDCG@3_std,nDCG@3_stderr,nDCG@3_ci90_low,nDCG@3_ci90_high,nDCG@3_ci95_low,nDCG@3_ci95_high,nDCG@5,nDCG@5_std,nDCG@5_stderr,nDCG@5_ci90_low,nDCG@5_ci90_high,nDCG@5_ci95_low,nDCG@5_ci95_high,nDCG@10,nDCG@10_std,nDCG@10_stderr,nDCG@10_ci90_low,nDCG@10_ci90_high,nDCG@10_ci95_low,nDCG@10_ci95_high,nDCG@100,nDCG@100_std,nDCG@100_stderr,nDCG@100_ci90_low,nDCG@100_ci90_high,nDCG@100_ci95_low,nDCG@100_ci95_high,RR@1,RR@3,RR@5,RR@10,RR@100,P@1,P@3,P@5,P@10,P@100,R@1,R@3,R@5,R@10,R@100,AP
0.7439353099730458,0.436605104631475,0.011333703803575604,0.7252813735641088,0.7625892463819828,0.72170351426738,0.7661671056787116,0.8197240810534661,0.3366318294020865,0.00873852688579857,0.8053414990078646,0.8341066630990676,0.8025828933305037,0.8368652687764284,0.8366021463859845,0.30576479632221226,0.007937258631003995,0.8235383571490253,0.8496659356229437,0.8210326983568377,0.8521715944151314,0.8482666244401923,0.2807522178431925,0.0072879644453939085,0.8362714966628031,0.8602617522175815,0.8339708091031939,0.8625624397771907,0.8592801594987944,0.25135251649816337,0.006524786224563455,0.8485411328377557,0.8700191861598332,0.8464813677814854,0.8720789512161035,0.7439353099730458,0.8057053009883202,0.8144654088050323,0.8189131155606901,0.8213440589334482,0.7439353099730458,0.3061545372866078,0.19245283018867465,0.10033692722371719,0.010552560646900081,0.7234389038634322,0.8717430368373763,0.9121181491464512,0.9462039532794249,0.9923629829290206,0.8172043202663904
