{
  "nDCG@1": 0.7439353099730458,
  "nDCG@1_std": 0.436605104631475,
  "nDCG@1_stderr": 0.011333703803575604,
  "nDCG@1_ci90_low": 0.7252813735641088,
  "nDCG@1_ci90_high": 0.7625892463819828,
  "nDCG@1_ci95_low": 0.72170351426738,
  "nDCG@1_ci95_high": 0.7661671056787116,
  "nDCG@3": 0.8197240810534661,
  "nDCG@3_std": 0.3366318294020865,
  "nDCG@3_stderr": 0.00873852688579857,
  "nDCG@3_ci90_low": 0.8053414990078646,
  "nDCG@3_ci90_high": 0.8341066630990676,
  "nDCG@3_ci95_low": 0.8025828933305037,
  "nDCG@3_ci95_high": 0.8368652687764284,
  "nDCG@5": 0.8363414639013251,
  "nDCG@5_std": 0.30631290878069195,
  "nDCG@5_stderr": 0.007951486921487913,
  "nDCG@5_ci90_low": 0.8232542565805255,
  "nDCG@5_ci90_high": 0.8494286712221247,
  "nDCG@5_ci95_low": 0.8207441061568054,
  "nDCG@5_ci95_high": 0.8519388216458449,
  "nDCG@10": 0.8482459737527756,
  "nDCG@10_std": 0.2807873048275713,
  "nDCG@10_stderr": 0.007288875258126265,
  "nDCG@10_ci90_low": 0.8362493468853197,
  "nDCG@10_ci90_high": 0.8602426006202314,
  "nDCG@10_ci95_low": 0.8339483717974798,
  "nDCG@10_ci95_high": 0.8625435757080713,
  "nDCG@100": 0.8592573084170729,
  "nDCG@100_std": 0.2513988264846371,
  "nDCG@100_stderr": 0.006525988371914168,
  "nDCG@100_ci90_low": 0.848516303163632,
  "nDCG@100_ci90_high": 0.8699983136705138,
  "nDCG@100_ci95_low": 0.8464561586097015,
  "nDCG@100_ci95_high": 0.8720584582244444,
  "RR@1": 0.7439353099730458,
  "RR@3": 0.8057053009883202,
  "RR@5": 0.8143306379155444,
  "RR@10": 0.8188906537457755,
  "RR@100": 0.8213177690053861,
  "P@1": 0.7439353099730458,
  "P@3": 0.3061545372866078,
  "P@5": 0.1923180592991868,
  "P@10": 0.10033692722371719,
  "P@100": 0.010552560646900081,
  "R@1": 0.7234389038634322,
  "R@3": 0.8717430368373763,
  "R@5": 0.9114442946990118,
  "R@10": 0.9462039532794249,
  "R@100": 0.9923629829290206,
  "AP": 0.8171792395758302
}