nDCG@1,nDCG@1_std,nDCG@1_stderr,nDCG@1_ci90_low,nDCG@1_ci90_high,nDCG@1_ci95_low,nDCG@1_ci95_high,nDCG@3,nDCG@3_std,nDCG@3_stderr,nDCG@3_ci90_low,nDCG@3_ci90_high,nDCG@3_ci95_low,nDCG@3_ci95_high,nDCG@5,nDCG@5_std,nDCG@5_stderr,nDCG@5_ci90_low,nDCG@5_ci90_high,nDCG@5_ci95_low,nDCG@5_ci95_high,nDCG@10,nDCG@10_std,nDCG@10_stderr,nDCG@10_ci90_low,nDCG@10_ci90_high,nDCG@10_ci95_low,nDCG@10_ci95_high,nDCG@100,nDCG@100_std,nDCG@100_stderr,nDCG@100_ci90_low,nDCG@100_ci90_high,nDCG@100_ci95_low,nDCG@100_ci95_high,RR@1,RR@3,RR@5,RR@10,RR@100,P@1,P@3,P@5,P@10,P@100,R@1,R@3,R@5,R@10,R@100,AP
0.7715633423180593,0.41996690381579094,0.01090179763053958,0.7536202724030835,0.7895064122330352,0.7501787586067571,0.7929479260293616,0.8348675984490095,0.32922571689674063,0.00854627378435488,0.8208014422771475,0.8489337546208715,0.8181035276640889,0.8516316692339301,0.8501812544454116,0.2992381296460037,0.007767834805794136,0.8373963167927533,0.8629661920980699,0.8349441422470768,0.8654183666437464,0.8623513745673652,0.2712842398809887,0.007042187983542933,0.8507607657865581,0.8739419833481723,0.8485376657141632,0.8761650834205672,0.872460988574548,0.24372836236390394,0.006326873044452015,0.8620477036075109,0.8828742735415851,0.8600504164069953,0.8848715607421007,0.7715633423180593,0.8233378256963164,0.831457771787961,0.8363071171864972,0.8385730334547044,0.7715633423180593,0.309299191374658,0.19353099730457757,0.1008086253369247,0.010559299191374475,0.749719227313567,0.8792677448337826,0.9160489667565138,0.9521001796945192,0.9925876010781671,0.8341961127400422
