{
  "nDCG@1": 0.7715633423180593,
  "nDCG@1_std": 0.41996690381579094,
  "nDCG@1_stderr": 0.01090179763053958,
  "nDCG@1_ci90_low": 0.7536202724030835,
  "nDCG@1_ci90_high": 0.7895064122330352,
  "nDCG@1_ci95_low": 0.7501787586067571,
  "nDCG@1_ci95_high": 0.7929479260293616,
  "nDCG@3": 0.8352586221759986,
  "nDCG@3_std": 0.32864657421127375,
  "nDCG@3_stderr": 0.00853123998931341,
  "nDCG@3_ci90_low": 0.8212172098532391,
  "nDCG@3_ci90_high": 0.849300034498758,
  "nDCG@3_ci95_low": 0.8185240411559276,
  "nDCG@3_ci95_high": 0.8519932031960695,
  "nDCG@5": 0.8502525340289289,
  "nDCG@5_std": 0.2992414355623403,
  "nDCG@5_stderr": 0.007767920623106303,
  "nDCG@5_ci90_low": 0.8374674551311214,
  "nDCG@5_ci90_high": 0.8630376129267363,
  "nDCG@5_ci95_low": 0.8350152534943657,
  "nDCG@5_ci95_high": 0.865489814563492,
  "nDCG@10": 0.8624621492768054,
  "nDCG@10_std": 0.2712074497067342,
  "nDCG@10_stderr": 0.007040194609941037,
  "nDCG@10_ci90_low": 0.8508748213532585,
  "nDCG@10_ci90_high": 0.8740494772003523,
  "nDCG@10_ci95_low": 0.8486523505553177,
  "nDCG@10_ci95_high": 0.8762719479982931,
  "nDCG@100": 0.872569410754978,
  "nDCG@100_std": 0.2436409617803524,
  "nDCG@100_stderr": 0.0063246042383484575,
  "nDCG@100_ci90_low": 0.8621598599745327,
  "nDCG@100_ci90_high": 0.8829789615354232,
  "nDCG@100_ci95_low": 0.8601632889978705,
  "nDCG@100_ci95_high": 0.8849755325120854,
  "RR@1": 0.7715633423180593,
  "RR@3": 0.8235624438454626,
  "RR@5": 0.8314802336028756,
  "RR@10": 0.8363696893851882,
  "RR@100": 0.8386359440937136,
  "P@1": 0.7715633423180593,
  "P@3": 0.3095238095238044,
  "P@5": 0.19353099730457757,
  "P@10": 0.1008086253369247,
  "P@100": 0.010559299191374475,
  "R@1": 0.749719227313567,
  "R@3": 0.8799415992812218,
  "R@5": 0.9160489667565138,
  "R@10": 0.9521001796945192,
  "R@100": 0.9925876010781671,
  "AP": 0.8343690103276324
}