nDCG@1,nDCG@1_std,nDCG@1_stderr,nDCG@1_ci90_low,nDCG@1_ci90_high,nDCG@1_ci95_low,nDCG@1_ci95_high,nDCG@3,nDCG@3_std,nDCG@3_stderr,nDCG@3_ci90_low,nDCG@3_ci90_high,nDCG@3_ci95_low,nDCG@3_ci95_high,nDCG@5,nDCG@5_std,nDCG@5_stderr,nDCG@5_ci90_low,nDCG@5_ci90_high,nDCG@5_ci95_low,nDCG@5_ci95_high,nDCG@10,nDCG@10_std,nDCG@10_stderr,nDCG@10_ci90_low,nDCG@10_ci90_high,nDCG@10_ci95_low,nDCG@10_ci95_high,nDCG@100,nDCG@100_std,nDCG@100_stderr,nDCG@100_ci90_low,nDCG@100_ci90_high,nDCG@100_ci95_low,nDCG@100_ci95_high,RR@1,RR@3,RR@5,RR@10,RR@100,P@1,P@3,P@5,P@10,P@100,R@1,R@3,R@5,R@10,R@100,AP
0.694743935309973,0.4606710361752158,0.011958424259155505,0.6750617828955964,0.7144260877243497,0.6712867098787464,0.7182011607411997,0.7772180772169227,0.3662183493927294,0.009506554677034661,0.7615714122354769,0.7928647421983686,0.7585703531271243,0.7958658013067211,0.7915443181837325,0.3443110503733679,0.00893786952977469,0.7768336417156222,0.8062549946518428,0.7740121069248537,0.8090765294426113,0.8080913028832305,0.3154267466003992,0.008188070363290716,0.7946147071899021,0.8215678985765589,0.7920298713604774,0.8241527344059836,0.8238590722552543,0.27942394870152776,0.007253484296482767,0.8119206947261781,0.8357974497843306,0.8096308919685253,0.8380872525419834,0.694743935309973,0.7626909254267749,0.7699685534591203,0.7761771060625512,0.779414537151733,0.694743935309973,0.29222821203952837,0.18315363881401198,0.09737196765498421,0.010498652291104934,0.6752583108715183,0.8351302785265049,0.8695530098831985,0.917902066486972,0.9873090745732254,0.7737254156183861
