nDCG@1,nDCG@1_std,nDCG@1_stderr,nDCG@1_ci90_low,nDCG@1_ci90_high,nDCG@1_ci95_low,nDCG@1_ci95_high,nDCG@3,nDCG@3_std,nDCG@3_stderr,nDCG@3_ci90_low,nDCG@3_ci90_high,nDCG@3_ci95_low,nDCG@3_ci95_high,nDCG@5,nDCG@5_std,nDCG@5_stderr,nDCG@5_ci90_low,nDCG@5_ci90_high,nDCG@5_ci95_low,nDCG@5_ci95_high,nDCG@10,nDCG@10_std,nDCG@10_stderr,nDCG@10_ci90_low,nDCG@10_ci90_high,nDCG@10_ci95_low,nDCG@10_ci95_high,nDCG@100,nDCG@100_std,nDCG@100_stderr,nDCG@100_ci90_low,nDCG@100_ci90_high,nDCG@100_ci95_low,nDCG@100_ci95_high,RR@1,RR@3,RR@5,RR@10,RR@100,P@1,P@3,P@5,P@10,P@100,R@1,R@3,R@5,R@10,R@100,AP
0.7735849056603774,0.41865189055248975,0.010867661587085372,0.7556980196368182,0.7914717916839367,0.7522672820141542,0.7949025293066007,0.8388188862012628,0.3240037207768483,0.008410717519303338,0.8249758396140457,0.8526619327884798,0.8223207178294878,0.8553170545730377,0.8540283405306225,0.294725372638013,0.007650689470745322,0.8414362102486592,0.8666204708125858,0.8390210165111401,0.8690356645501048,0.8668306437004699,0.2640040196584137,0.006853202882928701,0.8555510820504324,0.8781102053505074,0.8533876413895498,0.88027364601139,0.8755255491999153,0.23960337792033576,0.006219793783623812,0.8652885040355784,0.8857625943642522,0.863325019953221,0.8877260784466097,0.7735849056603774,0.8270440251572326,0.8347596585804138,0.8398921832884101,0.8418540946701537,0.7735849056603774,0.3104222821203902,0.19460916442048048,0.101482479784364,0.010566037735848867,0.7520777178796048,0.8839285714285714,0.92009209344115,0.9585017969451931,0.9932614555256065,0.8378280169345639
