nDCG@1,nDCG@1_std,nDCG@1_stderr,nDCG@1_ci90_low,nDCG@1_ci90_high,nDCG@1_ci95_low,nDCG@1_ci95_high,nDCG@3,nDCG@3_std,nDCG@3_stderr,nDCG@3_ci90_low,nDCG@3_ci90_high,nDCG@3_ci95_low,nDCG@3_ci95_high,nDCG@5,nDCG@5_std,nDCG@5_stderr,nDCG@5_ci90_low,nDCG@5_ci90_high,nDCG@5_ci95_low,nDCG@5_ci95_high,nDCG@10,nDCG@10_std,nDCG@10_stderr,nDCG@10_ci90_low,nDCG@10_ci90_high,nDCG@10_ci95_low,nDCG@10_ci95_high,nDCG@100,nDCG@100_std,nDCG@100_stderr,nDCG@100_ci90_low,nDCG@100_ci90_high,nDCG@100_ci95_low,nDCG@100_ci95_high,RR@1,RR@3,RR@5,RR@10,RR@100,P@1,P@3,P@5,P@10,P@100,R@1,R@3,R@5,R@10,R@100,AP
0.7014824797843666,0.4577619619991602,0.011882908456192378,0.6819246174529812,0.7210403421157521,0.6781733835025444,0.7247915760661888,0.7831877911196896,0.36258898244865273,0.00941234100545294,0.7676961907022201,0.7986793915371592,0.7647248732623096,0.8016507089770696,0.8000921256759784,0.3354600901180019,0.008708110049531759,0.7857596061465072,0.8144246452054497,0.7830106025517753,0.8171736488001815,0.8121968238614004,0.31366992715966985,0.00814246560291029,0.798795288211534,0.8255983595112667,0.796224849036436,0.8281687986863647,0.8280364414386615,0.27711780643687917,0.007193619826097118,0.8161965937497049,0.8398762891276181,0.8139256891965247,0.8421471936807983,0.7008086253369272,0.7671832884097036,0.7760444743935316,0.7803798720746165,0.783687951527597,0.7014824797843666,0.295148247978432,0.18611859838274503,0.09737196765498421,0.010505390835579326,0.6819407008086253,0.8422057502246181,0.8829177897574125,0.9188566936208445,0.9879829290206648,0.7789910500300077
