{
  "nDCG@1": 0.5660377358490566,
  "nDCG@1_std": 0.49578690382384205,
  "nDCG@1_stderr": 0.012869986763838142,
  "nDCG@1_ci90_low": 0.5448552593314723,
  "nDCG@1_ci90_high": 0.5872202123666409,
  "nDCG@1_ci95_low": 0.5407924213934233,
  "nDCG@1_ci95_high": 0.5912830503046899,
  "nDCG@3": 0.6499762960949923,
  "nDCG@3_std": 0.4324479292915694,
  "nDCG@3_stderr": 0.011225788908714746,
  "nDCG@3_ci90_low": 0.6314999748435713,
  "nDCG@3_ci90_high": 0.6684526173464133,
  "nDCG@3_ci95_low": 0.6279561824605827,
  "nDCG@3_ci95_high": 0.6719964097294019,
  "nDCG@5": 0.6772159844024049,
  "nDCG@5_std": 0.40334319097708216,
  "nDCG@5_stderr": 0.010470267546646832,
  "nDCG@5_ci90_low": 0.6599831619831277,
  "nDCG@5_ci90_high": 0.6944488068216822,
  "nDCG@5_ci95_low": 0.6566778749621989,
  "nDCG@5_ci95_high": 0.697754093842611,
  "nDCG@10": 0.6967580595027295,
  "nDCG@10_std": 0.37890428246760716,
  "nDCG@10_stderr": 0.009835865091451384,
  "nDCG@10_ci90_low": 0.6805693885154983,
  "nDCG@10_ci90_high": 0.7129467304899607,
  "nDCG@10_ci95_low": 0.6774643716588095,
  "nDCG@10_ci95_high": 0.7160517473466496,
  "nDCG@100": 0.7247807460569298,
  "nDCG@100_std": 0.33429049813299627,
  "nDCG@100_stderr": 0.008677748954371687,
  "nDCG@100_ci90_low": 0.7104981973003177,
  "nDCG@100_ci90_high": 0.7390632948135418,
  "nDCG@100_ci95_low": 0.7077587781916868,
  "nDCG@100_ci95_high": 0.7418027139221728,
  "RR@1": 0.5660377358490566,
  "RR@3": 0.6351078167115909,
  "RR@5": 0.6502358490566049,
  "RR@10": 0.6576487827835545,
  "RR@100": 0.6633077113160464,
  "P@1": 0.5660377358490566,
  "P@3": 0.24842767295597262,
  "P@5": 0.1630727762803202,
  "P@10": 0.08820754716980939,
  "P@100": 0.010208894878706017,
  "R@1": 0.5484052111410602,
  "R@3": 0.7105233602875112,
  "R@5": 0.7763364779874214,
  "R@10": 0.8350741239892183,
  "R@100": 0.9592318059299192,
  "AP": 0.6560747343840451
}