nDCG@1,nDCG@1_std,nDCG@1_stderr,nDCG@1_ci90_low,nDCG@1_ci90_high,nDCG@1_ci95_low,nDCG@1_ci95_high,nDCG@3,nDCG@3_std,nDCG@3_stderr,nDCG@3_ci90_low,nDCG@3_ci90_high,nDCG@3_ci95_low,nDCG@3_ci95_high,nDCG@5,nDCG@5_std,nDCG@5_stderr,nDCG@5_ci90_low,nDCG@5_ci90_high,nDCG@5_ci95_low,nDCG@5_ci95_high,nDCG@10,nDCG@10_std,nDCG@10_stderr,nDCG@10_ci90_low,nDCG@10_ci90_high,nDCG@10_ci95_low,nDCG@10_ci95_high,nDCG@100,nDCG@100_std,nDCG@100_stderr,nDCG@100_ci90_low,nDCG@100_ci90_high,nDCG@100_ci95_low,nDCG@100_ci95_high,RR@1,RR@3,RR@5,RR@10,RR@100,P@1,P@3,P@5,P@10,P@100,R@1,R@3,R@5,R@10,R@100,AP
0.6886792452830188,0.4631897174045883,0.012023805966163783,0.6688894823093777,0.7084690082566599,0.6650937693894291,0.7122647211766086,0.7729700056045573,0.36953741413520586,0.009592713304813122,0.7571815337088391,0.7887584775002755,0.7541532757736307,0.791786735435484,0.7883990423646645,0.34660683426637046,0.008997465110230108,0.7735902786174673,0.8032078061118617,0.7707499305062457,0.8060481542230833,0.8044290341964502,0.3184811699505477,0.008267359242816135,0.7908219383822226,0.8180361300106778,0.7882120723896973,0.8206459960032031,0.8205280279613711,0.28188069508191743,0.007317258254919065,0.8084846860370862,0.832571369885656,0.8061747509154653,0.834881305007277,0.6886792452830188,0.7576370170709796,0.7654200359389045,0.7715419501133789,0.7749475136374397,0.6886792452830188,0.29110512129379595,0.183153638814012,0.09710242587600848,0.010485175202156145,0.6694743935309974,0.8316486972147349,0.8680929919137468,0.9152628032345015,0.9859613656783467,0.7699209122372079
