nDCG@1,nDCG@1_std,nDCG@1_stderr,nDCG@1_ci90_low,nDCG@1_ci90_high,nDCG@1_ci95_low,nDCG@1_ci95_high,nDCG@3,nDCG@3_std,nDCG@3_stderr,nDCG@3_ci90_low,nDCG@3_ci90_high,nDCG@3_ci95_low,nDCG@3_ci95_high,nDCG@5,nDCG@5_std,nDCG@5_stderr,nDCG@5_ci90_low,nDCG@5_ci90_high,nDCG@5_ci95_low,nDCG@5_ci95_high,nDCG@10,nDCG@10_std,nDCG@10_stderr,nDCG@10_ci90_low,nDCG@10_ci90_high,nDCG@10_ci95_low,nDCG@10_ci95_high,nDCG@100,nDCG@100_std,nDCG@100_stderr,nDCG@100_ci90_low,nDCG@100_ci90_high,nDCG@100_ci95_low,nDCG@100_ci95_high,RR@1,RR@3,RR@5,RR@10,RR@100,P@1,P@3,P@5,P@10,P@100,R@1,R@3,R@5,R@10,R@100,AP
0.6381401617250674,0.4807005359793878,0.012478364167567412,0.6176022496970572,0.6586780737530775,0.6136630404130794,0.6626172830370554,0.7279978474731962,0.3956673240035086,0.010271011968113088,0.7110929761770037,0.7449027187693886,0.7078505907843898,0.7481451041620025,0.7507981450009369,0.3654845531736762,0.009487506276292869,0.7351828314349054,0.7664134585669684,0.732187785585666,0.7694085044162078,0.7688690289278889,0.3367534880664182,0.00874168498736918,0.7544812490205034,0.7832568088352744,0.7517216463836967,0.7860164114720811,0.7876677369139735,0.2991281547832,0.0077649800005991565,0.7748874979331254,0.8004479758948216,0.7724362246013402,0.8028992492266068,0.6381401617250674,0.7113656783468107,0.7233265947888596,0.7304162388225736,0.7343416395353186,0.6381401617250674,0.27695417789757043,0.178167115902961,0.09521563342317836,0.010431266846360998,0.6202830188679245,0.7905435759209343,0.8452380952380952,0.8986410601976639,0.9804582210242587,0.7290380129905691
