nDCG@1,nDCG@1_std,nDCG@1_stderr,nDCG@1_ci90_low,nDCG@1_ci90_high,nDCG@1_ci95_low,nDCG@1_ci95_high,nDCG@3,nDCG@3_std,nDCG@3_stderr,nDCG@3_ci90_low,nDCG@3_ci90_high,nDCG@3_ci95_low,nDCG@3_ci95_high,nDCG@5,nDCG@5_std,nDCG@5_stderr,nDCG@5_ci90_low,nDCG@5_ci90_high,nDCG@5_ci95_low,nDCG@5_ci95_high,nDCG@10,nDCG@10_std,nDCG@10_stderr,nDCG@10_ci90_low,nDCG@10_ci90_high,nDCG@10_ci95_low,nDCG@10_ci95_high,nDCG@100,nDCG@100_std,nDCG@100_stderr,nDCG@100_ci90_low,nDCG@100_ci90_high,nDCG@100_ci95_low,nDCG@100_ci95_high,RR@1,RR@3,RR@5,RR@10,RR@100,P@1,P@3,P@5,P@10,P@100,R@1,R@3,R@5,R@10,R@100,AP
0.5660377358490566,0.49578690382384205,0.012869986763838142,0.5448552593314723,0.5872202123666409,0.5407924213934233,0.5912830503046899,0.6499762960949923,0.4324479292915694,0.011225788908714746,0.6314999748435713,0.6684526173464133,0.6279561824605827,0.6719964097294019,0.6772159844024049,0.40334319097708216,0.010470267546646832,0.6599831619831277,0.6944488068216822,0.6566778749621989,0.697754093842611,0.6967580595027295,0.37890428246760716,0.009835865091451384,0.6805693885154983,0.7129467304899607,0.6774643716588095,0.7160517473466496,0.7247807460569298,0.33429049813299627,0.008677748954371687,0.7104981973003177,0.7390632948135418,0.7077587781916868,0.7418027139221728,0.5660377358490566,0.6351078167115909,0.6502358490566049,0.6576487827835545,0.6633077113160464,0.5660377358490566,0.24842767295597262,0.1630727762803202,0.08820754716980939,0.010208894878706017,0.5484052111410602,0.7105233602875112,0.7763364779874214,0.8350741239892183,0.9592318059299192,0.6560747343840451
