nDCG@1,nDCG@1_std,nDCG@1_stderr,nDCG@1_ci90_low,nDCG@1_ci90_high,nDCG@1_ci95_low,nDCG@1_ci95_high,nDCG@3,nDCG@3_std,nDCG@3_stderr,nDCG@3_ci90_low,nDCG@3_ci90_high,nDCG@3_ci95_low,nDCG@3_ci95_high,nDCG@5,nDCG@5_std,nDCG@5_stderr,nDCG@5_ci90_low,nDCG@5_ci90_high,nDCG@5_ci95_low,nDCG@5_ci95_high,nDCG@10,nDCG@10_std,nDCG@10_stderr,nDCG@10_ci90_low,nDCG@10_ci90_high,nDCG@10_ci95_low,nDCG@10_ci95_high,nDCG@100,nDCG@100_std,nDCG@100_stderr,nDCG@100_ci90_low,nDCG@100_ci90_high,nDCG@100_ci95_low,nDCG@100_ci95_high,RR@1,RR@3,RR@5,RR@10,RR@100,P@1,P@3,P@5,P@10,P@100,R@1,R@3,R@5,R@10,R@100,AP
0.6846361185983828,0.46481726882130764,0.012066055095838427,0.6647768185526651,0.7044954186441005,0.6609677682944548,0.7083044689023108,0.770606778475633,0.37064518747276,0.00962146966784267,0.7547709770064054,0.7864425799448606,0.7517336411719868,0.7894799157792791,0.7889194582895858,0.3424919833716044,0.008890648903221898,0.7742865013896035,0.803552415189568,0.7714798733548821,0.8063590432242894,0.8041972284296617,0.3151271632918918,0.008180293568088139,0.7907334324217397,0.8176610244375837,0.7881510515955068,0.8202434052638166,0.8191738762536837,0.2814004397125957,0.007304791446702144,0.8071510532216983,0.831196699285669,0.8048450536613425,0.8335026988460248,0.6853099730458221,0.7542677448337831,0.7640049415992821,0.7698570465922223,0.7729710055068837,0.6846361185983828,0.2915543575920889,0.18450134770889068,0.09750673854447207,0.010478436657681752,0.6654312668463612,0.8307502246181491,0.8748315363881402,0.9202044025157232,0.985624438454627,0.7679516181006784
