{
  "nDCG@1": 0.5660377358490566,
  "nDCG@1_std": 0.49578690382384205,
  "nDCG@1_stderr": 0.012869986763838142,
  "nDCG@1_ci90_low": 0.5448552593314723,
  "nDCG@1_ci90_high": 0.5872202123666409,
  "nDCG@1_ci95_low": 0.5407924213934233,
  "nDCG@1_ci95_high": 0.5912830503046899,
  "nDCG@3": 0.650313223318712,
  "nDCG@3_std": 0.43213584716202247,
  "nDCG@3_stderr": 0.011217687660284179,
  "nDCG@3_ci90_low": 0.6318502357643486,
  "nDCG@3_ci90_high": 0.6687762108730754,
  "nDCG@3_ci95_low": 0.6283090008089682,
  "nDCG@3_ci95_high": 0.6723174458284558,
  "nDCG@5": 0.677262698312059,
  "nDCG@5_std": 0.4033186319819791,
  "nDCG@5_stderr": 0.010469630026898989,
  "nDCG@5_ci90_low": 0.6600309251749088,
  "nDCG@5_ci90_high": 0.6944944714492092,
  "nDCG@5_ci95_low": 0.6567258394082212,
  "nDCG@5_ci95_high": 0.6977995572158968,
  "nDCG@10": 0.6968047734123836,
  "nDCG@10_std": 0.3788757282591956,
  "nDCG@10_stderr": 0.00983512386113353,
  "nDCG@10_ci90_low": 0.6806173224026154,
  "nDCG@10_ci90_high": 0.7129922244221517,
  "nDCG@10_ci95_low": 0.6775125395398468,
  "nDCG@10_ci95_high": 0.7160970072849203,
  "nDCG@100": 0.7248274324896974,
  "nDCG@100_std": 0.33425425808485987,
  "nDCG@100_stderr": 0.008676808209595576,
  "nDCG@100_ci90_low": 0.7105464320877569,
  "nDCG@100_ci90_high": 0.7391084328916379,
  "nDCG@100_ci95_low": 0.7078073099563985,
  "nDCG@100_ci95_high": 0.7418475550229963,
  "RR@1": 0.5660377358490566,
  "RR@3": 0.6351078167115909,
  "RR@5": 0.6502358490566049,
  "RR@10": 0.6576487827835545,
  "RR@100": 0.6633084170946663,
  "P@1": 0.5660377358490566,
  "P@3": 0.24865229110511908,
  "P@5": 0.1630727762803202,
  "P@10": 0.08820754716980939,
  "P@100": 0.010208894878706017,
  "R@1": 0.5484052111410602,
  "R@3": 0.7111972147349505,
  "R@5": 0.7763364779874214,
  "R@10": 0.8350741239892183,
  "R@100": 0.9592318059299192,
  "AP": 0.6561308747521516
}