nDCG@1,nDCG@1_std,nDCG@1_stderr,nDCG@1_ci90_low,nDCG@1_ci90_high,nDCG@1_ci95_low,nDCG@1_ci95_high,nDCG@3,nDCG@3_std,nDCG@3_stderr,nDCG@3_ci90_low,nDCG@3_ci90_high,nDCG@3_ci95_low,nDCG@3_ci95_high,nDCG@5,nDCG@5_std,nDCG@5_stderr,nDCG@5_ci90_low,nDCG@5_ci90_high,nDCG@5_ci95_low,nDCG@5_ci95_high,nDCG@10,nDCG@10_std,nDCG@10_stderr,nDCG@10_ci90_low,nDCG@10_ci90_high,nDCG@10_ci95_low,nDCG@10_ci95_high,nDCG@100,nDCG@100_std,nDCG@100_stderr,nDCG@100_ci90_low,nDCG@100_ci90_high,nDCG@100_ci95_low,nDCG@100_ci95_high,RR@1,RR@3,RR@5,RR@10,RR@100,P@1,P@3,P@5,P@10,P@100,R@1,R@3,R@5,R@10,R@100,AP
0.5660377358490566,0.49578690382384205,0.012869986763838142,0.5448552593314723,0.5872202123666409,0.5407924213934233,0.5912830503046899,0.650313223318712,0.43213584716202247,0.011217687660284179,0.6318502357643486,0.6687762108730754,0.6283090008089682,0.6723174458284558,0.677262698312059,0.4033186319819791,0.010469630026898989,0.6600309251749088,0.6944944714492092,0.6567258394082212,0.6977995572158968,0.6968047734123836,0.3788757282591956,0.00983512386113353,0.6806173224026154,0.7129922244221517,0.6775125395398468,0.7160970072849203,0.7248274324896974,0.33425425808485987,0.008676808209595576,0.7105464320877569,0.7391084328916379,0.7078073099563985,0.7418475550229963,0.5660377358490566,0.6351078167115909,0.6502358490566049,0.6576487827835545,0.6633084170946663,0.5660377358490566,0.24865229110511908,0.1630727762803202,0.08820754716980939,0.010208894878706017,0.5484052111410602,0.7111972147349505,0.7763364779874214,0.8350741239892183,0.9592318059299192,0.6561308747521516
