{
  "nDCG@1": 0.7014824797843666,
  "nDCG@1_std": 0.4577619619991602,
  "nDCG@1_stderr": 0.011882908456192378,
  "nDCG@1_ci90_low": 0.6819246174529812,
  "nDCG@1_ci90_high": 0.7210403421157521,
  "nDCG@1_ci95_low": 0.6781733835025444,
  "nDCG@1_ci95_high": 0.7247915760661888,
  "nDCG@3": 0.7831877911196896,
  "nDCG@3_std": 0.36258898244865273,
  "nDCG@3_stderr": 0.00941234100545294,
  "nDCG@3_ci90_low": 0.7676961907022201,
  "nDCG@3_ci90_high": 0.7986793915371592,
  "nDCG@3_ci95_low": 0.7647248732623096,
  "nDCG@3_ci95_high": 0.8016507089770696,
  "nDCG@5": 0.8000921256759784,
  "nDCG@5_std": 0.3354600901180019,
  "nDCG@5_stderr": 0.008708110049531759,
  "nDCG@5_ci90_low": 0.7857596061465072,
  "nDCG@5_ci90_high": 0.8144246452054497,
  "nDCG@5_ci95_low": 0.7830106025517753,
  "nDCG@5_ci95_high": 0.8171736488001815,
  "nDCG@10": 0.8121968238614004,
  "nDCG@10_std": 0.31366992715966985,
  "nDCG@10_stderr": 0.00814246560291029,
  "nDCG@10_ci90_low": 0.798795288211534,
  "nDCG@10_ci90_high": 0.8255983595112667,
  "nDCG@10_ci95_low": 0.796224849036436,
  "nDCG@10_ci95_high": 0.8281687986863647,
  "nDCG@100": 0.8280364414386615,
  "nDCG@100_std": 0.27711780643687917,
  "nDCG@100_stderr": 0.007193619826097118,
  "nDCG@100_ci90_low": 0.8161965937497049,
  "nDCG@100_ci90_high": 0.8398762891276181,
  "nDCG@100_ci95_low": 0.8139256891965247,
  "nDCG@100_ci95_high": 0.8421471936807983,
  "RR@1": 0.7008086253369272,
  "RR@3": 0.7671832884097036,
  "RR@5": 0.7760444743935316,
  "RR@10": 0.7803798720746165,
  "RR@100": 0.783687951527597,
  "P@1": 0.7014824797843666,
  "P@3": 0.295148247978432,
  "P@5": 0.18611859838274503,
  "P@10": 0.09737196765498421,
  "P@100": 0.010505390835579326,
  "R@1": 0.6819407008086253,
  "R@3": 0.8422057502246181,
  "R@5": 0.8829177897574125,
  "R@10": 0.9188566936208445,
  "R@100": 0.9879829290206648,
  "AP": 0.7789910500300077
}