{
  "nDCG@1": 0.14555256064690028,
  "nDCG@1_std": 0.3527759551206797,
  "nDCG@1_stderr": 0.009157607508359462,
  "nDCG@1_ci90_low": 0.130480221446978,
  "nDCG@1_ci90_high": 0.16062489984682257,
  "nDCG@1_ci95_low": 0.12758931907936527,
  "nDCG@1_ci95_high": 0.1635158022144353,
  "nDCG@3": 0.22774867875319837,
  "nDCG@3_std": 0.3720281647359151,
  "nDCG@3_stderr": 0.009657369968827264,
  "nDCG@3_ci90_low": 0.21185378963325796,
  "nDCG@3_ci90_high": 0.2436435678731388,
  "nDCG@3_ci95_low": 0.20880512067880566,
  "nDCG@3_ci95_high": 0.2466922368275911,
  "nDCG@5": 0.2558226108245982,
  "nDCG@5_std": 0.3692150429864517,
  "nDCG@5_stderr": 0.00958434496675193,
  "nDCG@5_ci90_low": 0.24004791222388996,
  "nDCG@5_ci90_high": 0.27159730942530635,
  "nDCG@5_ci95_low": 0.23702229603198527,
  "nDCG@5_ci95_high": 0.2746229256172111,
  "nDCG@10": 0.28785177483512114,
  "nDCG@10_std": 0.36018987361886584,
  "nDCG@10_stderr": 0.009350063243280877,
  "nDCG@10_ci90_low": 0.2724626762507136,
  "nDCG@10_ci90_high": 0.3032408734195287,
  "nDCG@10_ci95_low": 0.26951101885082446,
  "nDCG@10_ci95_high": 0.30619253081941783,
  "nDCG@100": 0.3532036981813825,
  "nDCG@100_std": 0.32053965168179877,
  "nDCG@100_stderr": 0.008320794766083238,
  "nDCG@100_ci90_low": 0.3395086538138595,
  "nDCG@100_ci90_high": 0.3668987425489055,
  "nDCG@100_ci95_low": 0.336881919127127,
  "nDCG@100_ci95_high": 0.36952547723563794,
  "RR@1": 0.14555256064690028,
  "RR@3": 0.21035489667565133,
  "RR@5": 0.22615678346810392,
  "RR@10": 0.23930469986736796,
  "RR@100": 0.2515239944106567,
  "P@1": 0.14555256064690028,
  "P@3": 0.09928122192273123,
  "P@5": 0.07385444743935378,
  "P@10": 0.047102425876010975,
  "P@100": 0.00807277628032331,
  "R@1": 0.1421832884097035,
  "R@3": 0.2886343216531896,
  "R@5": 0.35652515723270434,
  "R@10": 0.45389712488769096,
  "R@100": 0.7678571428571429,
  "AP": 0.24712156861232515
}