nDCG@1,nDCG@3,nDCG@5,nDCG@10,nDCG@100,RR@1,RR@3,RR@5,RR@10,RR@100,P@1,P@3,P@5,P@10,P@100,R@1,R@3,R@5,R@10,R@100,AP
0.14420485175202155,0.22455896510559323,0.25180332019043383,0.28761533739792555,0.3531110986649366,0.14420485175202155,0.20732255166217448,0.2228212039532793,0.23761230907457312,0.2493750499303731,0.14420485175202155,0.09770889487870603,0.07264150943396293,0.04764150943396243,0.008160377358490425,0.1412848158131177,0.28425426774483376,0.34944968553459116,0.4599618149146451,0.776841868823001,0.24504533831090494
