nDCG@1,nDCG@1_std,nDCG@1_stderr,nDCG@1_ci90_low,nDCG@1_ci90_high,nDCG@1_ci95_low,nDCG@1_ci95_high,nDCG@3,nDCG@3_std,nDCG@3_stderr,nDCG@3_ci90_low,nDCG@3_ci90_high,nDCG@3_ci95_low,nDCG@3_ci95_high,nDCG@5,nDCG@5_std,nDCG@5_stderr,nDCG@5_ci90_low,nDCG@5_ci90_high,nDCG@5_ci95_low,nDCG@5_ci95_high,nDCG@10,nDCG@10_std,nDCG@10_stderr,nDCG@10_ci90_low,nDCG@10_ci90_high,nDCG@10_ci95_low,nDCG@10_ci95_high,nDCG@100,nDCG@100_std,nDCG@100_stderr,nDCG@100_ci90_low,nDCG@100_ci90_high,nDCG@100_ci95_low,nDCG@100_ci95_high,RR@1,RR@3,RR@5,RR@10,RR@100,P@1,P@3,P@5,P@10,P@100,R@1,R@3,R@5,R@10,R@100,AP
0.14150943396226415,0.34866378094505684,0.009050860785518094,0.12661278724683375,0.15640608067769454,0.12375558302074055,0.15926328490378774,0.2264247591477723,0.3694548946705391,0.009590571206242487,0.21063981289302827,0.24220970540251632,0.20761223118224015,0.24523728711330445,0.2529133893269222,0.36696775438129864,0.009526008261244437,0.2372347060459809,0.2685920726078635,0.23422750576892257,0.2715992728849218,0.284042101893526,0.35835234119153925,0.00930236327816397,0.268731511811848,0.29935269197520403,0.26579491248711284,0.3022892912999392,0.34961967802532984,0.3191265177722666,0.008284111637563828,0.3359850097500836,0.36325434630057607,0.3333698553088455,0.3658695007418142,0.14150943396226415,0.20844564240790656,0.2230345911949682,0.23594104308389985,0.24819435823210192,0.14150943396226415,0.09973045822102414,0.07318059299191441,0.046563342318059524,0.008018867924528163,0.13814016172506738,0.2891397124887691,0.35382973944294693,0.44816936208445646,0.7628032345013477,0.24386234853428845
