nDCG@1,nDCG@1_std,nDCG@1_stderr,nDCG@1_ci90_low,nDCG@1_ci90_high,nDCG@1_ci95_low,nDCG@1_ci95_high,nDCG@3,nDCG@3_std,nDCG@3_stderr,nDCG@3_ci90_low,nDCG@3_ci90_high,nDCG@3_ci95_low,nDCG@3_ci95_high,nDCG@5,nDCG@5_std,nDCG@5_stderr,nDCG@5_ci90_low,nDCG@5_ci90_high,nDCG@5_ci95_low,nDCG@5_ci95_high,nDCG@10,nDCG@10_std,nDCG@10_stderr,nDCG@10_ci90_low,nDCG@10_ci90_high,nDCG@10_ci95_low,nDCG@10_ci95_high,nDCG@100,nDCG@100_std,nDCG@100_stderr,nDCG@100_ci90_low,nDCG@100_ci90_high,nDCG@100_ci95_low,nDCG@100_ci95_high,RR@1,RR@3,RR@5,RR@10,RR@100,P@1,P@3,P@5,P@10,P@100,R@1,R@3,R@5,R@10,R@100,AP
0.13140161725067384,0.33795294736084847,0.00877282139925102,0.11696259049077551,0.14584064401057217,0.11419315861344428,0.1486100758879034,0.20332509117243114,0.3596363634647084,0.009335694835598637,0.18795964128820555,0.21869054105665672,0.18501251975248723,0.22163766259237505,0.23439211393166312,0.35893418957053047,0.00931746730950974,0.21905666440023017,0.24972756346309608,0.21611529698733026,0.25266893087599596,0.2676144796386405,0.35053484271122715,0.009099431128903953,0.25263789188075986,0.2825910673965211,0.24976535481576068,0.2854636044615203,0.3339800311075648,0.31318587187964403,0.00812990015392636,0.3205991767010376,0.347360885514092,0.31803270422643254,0.34992735798869706,0.13140161725067384,0.18778077268643312,0.20472821203953254,0.21846280965216244,0.23083177046883083,0.13140161725067384,0.08805031446540836,0.06859838274932675,0.0450134770889491,0.007904312668463476,0.1289308176100629,0.25657008086253374,0.33192946990116806,0.43435534591194963,0.7524707996406108,0.22784354242980145
