{
  "nDCG@1": 0.13746630727762804,
  "nDCG@1_std": 0.3444550391299843,
  "nDCG@1_stderr": 0.008941607291658884,
  "nDCG@1_ci90_low": 0.12274947889539432,
  "nDCG@1_ci90_high": 0.15218313565986175,
  "nDCG@1_ci95_low": 0.11992676415618722,
  "nDCG@1_ci95_high": 0.15500585039906886,
  "nDCG@3": 0.2168574018517387,
  "nDCG@3_std": 0.366475402407882,
  "nDCG@3_stderr": 0.009513227440831171,
  "nDCG@3_ci90_low": 0.20119975429004464,
  "nDCG@3_ci90_high": 0.2325150494134328,
  "nDCG@3_ci95_low": 0.1981965887026101,
  "nDCG@3_ci95_high": 0.23551821500086734,
  "nDCG@5": 0.24407943675189558,
  "nDCG@5_std": 0.3645758133127399,
  "nDCG@5_stderr": 0.009463916564882949,
  "nDCG@5_ci90_low": 0.22850294906169177,
  "nDCG@5_ci90_high": 0.2596559244420994,
  "nDCG@5_ci95_low": 0.2255153500868138,
  "nDCG@5_ci95_high": 0.26264352341697733,
  "nDCG@10": 0.27851116843938845,
  "nDCG@10_std": 0.3551352321972648,
  "nDCG@10_stderr": 0.00921885128973749,
  "nDCG@10_ci90_low": 0.2633380292165374,
  "nDCG@10_ci90_high": 0.2936843076622395,
  "nDCG@10_ci95_low": 0.2604277932192156,
  "nDCG@10_ci95_high": 0.2965945436595613,
  "nDCG@100": 0.3450015694939585,
  "nDCG@100_std": 0.31625692241975567,
  "nDCG@100_stderr": 0.008209620653797326,
  "nDCG@100_ci90_low": 0.3314895045704763,
  "nDCG@100_ci90_high": 0.35851363441744066,
  "nDCG@100_ci95_low": 0.32889786567750123,
  "nDCG@100_ci95_high": 0.36110527331041575,
  "RR@1": 0.13746630727762804,
  "RR@3": 0.19946091644204855,
  "RR@5": 0.21472371967654963,
  "RR@10": 0.2290808304453855,
  "RR@100": 0.24157323893699414,
  "P@1": 0.13746630727762804,
  "P@3": 0.09433962264150916,
  "P@5": 0.07075471698113271,
  "P@10": 0.04636118598382774,
  "P@100": 0.008005390835579376,
  "R@1": 0.13499550763701706,
  "R@3": 0.27543800539083557,
  "R@5": 0.34136343216531895,
  "R@10": 0.44704627133872415,
  "R@100": 0.764375561545373,
  "AP": 0.23809076110707153
}