{
  "nDCG@1": 0.14150943396226415,
  "nDCG@3": 0.2264247591477723,
  "nDCG@5": 0.2529133893269222,
  "nDCG@10": 0.284042101893526,
  "nDCG@100": 0.34961967802532984,
  "RR@1": 0.14150943396226415,
  "RR@3": 0.20844564240790656,
  "RR@5": 0.2230345911949682,
  "RR@10": 0.23594104308389985,
  "RR@100": 0.24819435823210192,
  "P@1": 0.14150943396226415,
  "P@3": 0.09973045822102414,
  "P@5": 0.07318059299191441,
  "P@10": 0.046563342318059524,
  "P@100": 0.008018867924528163,
  "R@1": 0.13814016172506738,
  "R@3": 0.2891397124887691,
  "R@5": 0.35382973944294693,
  "R@10": 0.44816936208445646,
  "R@100": 0.7628032345013477,
  "AP": 0.24386234853428845
}