{
  "nDCG@1": 0.13746630727762804,
  "nDCG@3": 0.2168574018517387,
  "nDCG@5": 0.24407943675189558,
  "nDCG@10": 0.27851116843938845,
  "nDCG@100": 0.3450015694939585,
  "RR@1": 0.13746630727762804,
  "RR@3": 0.19946091644204855,
  "RR@5": 0.21472371967654963,
  "RR@10": 0.2290808304453855,
  "RR@100": 0.24157323893699414,
  "P@1": 0.13746630727762804,
  "P@3": 0.09433962264150916,
  "P@5": 0.07075471698113271,
  "P@10": 0.04636118598382774,
  "P@100": 0.008005390835579376,
  "R@1": 0.13499550763701706,
  "R@3": 0.27543800539083557,
  "R@5": 0.34136343216531895,
  "R@10": 0.44704627133872415,
  "R@100": 0.764375561545373,
  "AP": 0.23809076110707153
}