{
  "nDCG@1": 0.13544474393530997,
  "nDCG@1_std": 0.34231334545915004,
  "nDCG@1_stderr": 0.008886011694067974,
  "nDCG@1_ci90_low": 0.12081941933331009,
  "nDCG@1_ci90_high": 0.15007006853730986,
  "nDCG@1_ci95_low": 0.11801425518737285,
  "nDCG@1_ci95_high": 0.1528752326832471,
  "nDCG@3": 0.21018928433124487,
  "nDCG@3_std": 0.36349098354886994,
  "nDCG@3_stderr": 0.009435755787350623,
  "nDCG@3_ci90_low": 0.19465914595124173,
  "nDCG@3_ci90_high": 0.225719422711248,
  "nDCG@3_ci95_low": 0.19168043685926905,
  "nDCG@3_ci95_high": 0.22869813180322068,
  "nDCG@5": 0.24058652947174164,
  "nDCG@5_std": 0.3619970755974569,
  "nDCG@5_stderr": 0.009396975869178542,
  "nDCG@5_ci90_low": 0.2251202182518675,
  "nDCG@5_ci90_high": 0.25605284069161577,
  "nDCG@5_ci95_low": 0.22215375132654777,
  "nDCG@5_ci95_high": 0.2590193076169355,
  "nDCG@10": 0.2759974618347282,
  "nDCG@10_std": 0.35263078877363396,
  "nDCG@10_stderr": 0.00915383917775084,
  "nDCG@10_ci90_low": 0.2609313248614354,
  "nDCG@10_ci90_high": 0.29106359880802096,
  "nDCG@10_ci95_low": 0.25804161209229237,
  "nDCG@10_ci95_high": 0.293953311577164,
  "nDCG@100": 0.3424909658401807,
  "nDCG@100_std": 0.3134982893517318,
  "nDCG@100_stderr": 0.008138010107415551,
  "nDCG@100_ci90_low": 0.32909676340909866,
  "nDCG@100_ci90_high": 0.3558851682712627,
  "nDCG@100_ci95_low": 0.32652773075884495,
  "nDCG@100_ci95_high": 0.3584542009215164,
  "RR@1": 0.13544474393530997,
  "RR@3": 0.19395777178796056,
  "RR@5": 0.2108041329739441,
  "RR@10": 0.22546875668506375,
  "RR@100": 0.2377859629885955,
  "P@1": 0.13544474393530997,
  "P@3": 0.09119496855345877,
  "P@5": 0.07008086253369335,
  "P@10": 0.046361185983827734,
  "P@100": 0.008066037735848916,
  "R@1": 0.13230008984725963,
  "R@3": 0.26566711590296493,
  "R@5": 0.33934186882300094,
  "R@10": 0.4480570530098832,
  "R@100": 0.7681379155435758,
  "AP": 0.23430447939797547
}