nDCG@1,nDCG@1_std,nDCG@1_stderr,nDCG@1_ci90_low,nDCG@1_ci90_high,nDCG@1_ci95_low,nDCG@1_ci95_high,nDCG@3,nDCG@3_std,nDCG@3_stderr,nDCG@3_ci90_low,nDCG@3_ci90_high,nDCG@3_ci95_low,nDCG@3_ci95_high,nDCG@5,nDCG@5_std,nDCG@5_stderr,nDCG@5_ci90_low,nDCG@5_ci90_high,nDCG@5_ci95_low,nDCG@5_ci95_high,nDCG@10,nDCG@10_std,nDCG@10_stderr,nDCG@10_ci90_low,nDCG@10_ci90_high,nDCG@10_ci95_low,nDCG@10_ci95_high,nDCG@100,nDCG@100_std,nDCG@100_stderr,nDCG@100_ci90_low,nDCG@100_ci90_high,nDCG@100_ci95_low,nDCG@100_ci95_high,RR@1,RR@3,RR@5,RR@10,RR@100,P@1,P@3,P@5,P@10,P@100,R@1,R@3,R@5,R@10,R@100,AP
0.13544474393530997,0.34231334545915004,0.008886011694067974,0.12081941933331009,0.15007006853730986,0.11801425518737285,0.1528752326832471,0.21018928433124487,0.36349098354886994,0.009435755787350623,0.19465914595124173,0.225719422711248,0.19168043685926905,0.22869813180322068,0.24058652947174164,0.3619970755974569,0.009396975869178542,0.2251202182518675,0.25605284069161577,0.22215375132654777,0.2590193076169355,0.2759974618347282,0.35263078877363396,0.00915383917775084,0.2609313248614354,0.29106359880802096,0.25804161209229237,0.293953311577164,0.3424909658401807,0.3134982893517318,0.008138010107415551,0.32909676340909866,0.3558851682712627,0.32652773075884495,0.3584542009215164,0.13544474393530997,0.19395777178796056,0.2108041329739441,0.22546875668506375,0.2377859629885955,0.13544474393530997,0.09119496855345877,0.07008086253369335,0.046361185983827734,0.008066037735848916,0.13230008984725963,0.26566711590296493,0.33934186882300094,0.4480570530098832,0.7681379155435758,0.23430447939797547
