{
  "nDCG@1": 0.14420485175202155,
  "nDCG@3": 0.22455896510559323,
  "nDCG@5": 0.25180332019043383,
  "nDCG@10": 0.28761533739792555,
  "nDCG@100": 0.3531110986649366,
  "RR@1": 0.14420485175202155,
  "RR@3": 0.20732255166217448,
  "RR@5": 0.2228212039532793,
  "RR@10": 0.23761230907457312,
  "RR@100": 0.2493750499303731,
  "P@1": 0.14420485175202155,
  "P@3": 0.09770889487870603,
  "P@5": 0.07264150943396293,
  "P@10": 0.04764150943396243,
  "P@100": 0.008160377358490425,
  "R@1": 0.1412848158131177,
  "R@3": 0.28425426774483376,
  "R@5": 0.34944968553459116,
  "R@10": 0.4599618149146451,
  "R@100": 0.776841868823001,
  "AP": 0.24504533831090494
}