nDCG@1,nDCG@3,nDCG@5,nDCG@10,nDCG@100,RR@1,RR@3,RR@5,RR@10,RR@100,P@1,P@3,P@5,P@10,P@100,R@1,R@3,R@5,R@10,R@100,AP
0.14150943396226415,0.2264247591477723,0.2529133893269222,0.284042101893526,0.34961967802532984,0.14150943396226415,0.20844564240790656,0.2230345911949682,0.23594104308389985,0.24819435823210192,0.14150943396226415,0.09973045822102414,0.07318059299191441,0.046563342318059524,0.008018867924528163,0.13814016172506738,0.2891397124887691,0.35382973944294693,0.44816936208445646,0.7628032345013477,0.24386234853428845
