nDCG@1,nDCG@1_std,nDCG@1_stderr,nDCG@1_ci90_low,nDCG@1_ci90_high,nDCG@1_ci95_low,nDCG@1_ci95_high,nDCG@3,nDCG@3_std,nDCG@3_stderr,nDCG@3_ci90_low,nDCG@3_ci90_high,nDCG@3_ci95_low,nDCG@3_ci95_high,nDCG@5,nDCG@5_std,nDCG@5_stderr,nDCG@5_ci90_low,nDCG@5_ci90_high,nDCG@5_ci95_low,nDCG@5_ci95_high,nDCG@10,nDCG@10_std,nDCG@10_stderr,nDCG@10_ci90_low,nDCG@10_ci90_high,nDCG@10_ci95_low,nDCG@10_ci95_high,nDCG@100,nDCG@100_std,nDCG@100_stderr,nDCG@100_ci90_low,nDCG@100_ci90_high,nDCG@100_ci95_low,nDCG@100_ci95_high,RR@1,RR@3,RR@5,RR@10,RR@100,P@1,P@3,P@5,P@10,P@100,R@1,R@3,R@5,R@10,R@100,AP
0.1293800539083558,0.3357332427433082,0.00871520073838434,0.11503586394340784,0.14372424387330376,0.11228462193769656,0.14647548587901504,0.19948290122307027,0.3568620024478362,0.009263676012007565,0.1842359858072583,0.21472981663888224,0.1813115994004961,0.21765420304564445,0.23076813454852943,0.3564433454084496,0.009252808216763404,0.21553910623872477,0.2459971628583341,0.2126181506117785,0.24891811848528037,0.2636083850425302,0.3487585614500572,0.009053321164837145,0.24870768883364605,0.2785090812514144,0.2458497079072638,0.2813670621777966,0.3296168081296071,0.31240498659682586,0.008109629381995045,0.31626931701694394,0.34296429924227023,0.3137092436834373,0.3455243725757769,0.1293800539083558,0.18463611859838283,0.20192048517520195,0.21566952252599117,0.22791311791074118,0.1293800539083558,0.08647798742138316,0.06752021563342378,0.04427223719676585,0.007816711590296361,0.12612309074573225,0.2518530997304583,0.3272124887690926,0.4276168014375561,0.744047619047619,0.22434518094132525
