{
  "nDCG@1": 0.1293800539083558,
  "nDCG@3": 0.19948290122307027,
  "nDCG@5": 0.23076813454852943,
  "nDCG@10": 0.2636083850425302,
  "nDCG@100": 0.3296168081296071,
  "RR@1": 0.1293800539083558,
  "RR@3": 0.18463611859838283,
  "RR@5": 0.20192048517520195,
  "RR@10": 0.21566952252599117,
  "RR@100": 0.22791311791074118,
  "P@1": 0.1293800539083558,
  "P@3": 0.08647798742138316,
  "P@5": 0.06752021563342378,
  "P@10": 0.04427223719676585,
  "P@100": 0.007816711590296361,
  "R@1": 0.12612309074573225,
  "R@3": 0.2518530997304583,
  "R@5": 0.3272124887690926,
  "R@10": 0.4276168014375561,
  "R@100": 0.744047619047619,
  "AP": 0.22434518094132525
}