nDCG@1,nDCG@3,nDCG@5,nDCG@10,nDCG@100,RR@1,RR@3,RR@5,RR@10,RR@100,P@1,P@3,P@5,P@10,P@100,R@1,R@3,R@5,R@10,R@100,AP
0.13746630727762804,0.2168574018517387,0.24407943675189558,0.27851116843938845,0.3450015694939585,0.13746630727762804,0.19946091644204855,0.21472371967654963,0.2290808304453855,0.24157323893699414,0.13746630727762804,0.09433962264150916,0.07075471698113271,0.04636118598382774,0.008005390835579376,0.13499550763701706,0.27543800539083557,0.34136343216531895,0.44704627133872415,0.764375561545373,0.23809076110707153
