nDCG@1,nDCG@1_std,nDCG@1_stderr,nDCG@1_ci90_low,nDCG@1_ci90_high,nDCG@1_ci95_low,nDCG@1_ci95_high,nDCG@3,nDCG@3_std,nDCG@3_stderr,nDCG@3_ci90_low,nDCG@3_ci90_high,nDCG@3_ci95_low,nDCG@3_ci95_high,nDCG@5,nDCG@5_std,nDCG@5_stderr,nDCG@5_ci90_low,nDCG@5_ci90_high,nDCG@5_ci95_low,nDCG@5_ci95_high,nDCG@10,nDCG@10_std,nDCG@10_stderr,nDCG@10_ci90_low,nDCG@10_ci90_high,nDCG@10_ci95_low,nDCG@10_ci95_high,nDCG@100,nDCG@100_std,nDCG@100_stderr,nDCG@100_ci90_low,nDCG@100_ci90_high,nDCG@100_ci95_low,nDCG@100_ci95_high,RR@1,RR@3,RR@5,RR@10,RR@100,P@1,P@3,P@5,P@10,P@100,R@1,R@3,R@5,R@10,R@100,AP
0.6623989218328841,0.4730511426607842,0.0122797958108752,0.642187829842062,0.6826100138237061,0.6383113052420446,0.6864865384237235,0.7367838574915497,0.3958701752882582,0.010276277725093796,0.7198703193819691,0.7536973956011304,0.7166262716786141,0.7569414433044853,0.757196497023568,0.368851300080831,0.009574902671393435,0.7414373393246007,0.7729556547225352,0.7384147039062203,0.7759782901409156,0.774469272732875,0.3413539568385041,0.008861107206365982,0.7598849379730257,0.7890536074927244,0.7570876357541689,0.7918509097115811,0.792612074106582,0.30524079846219593,0.007923656324305941,0.7795706726581655,0.8056534755549984,0.7770693078849782,0.8081548403281857,0.6617250673854448,0.7232704402515727,0.733951033243487,0.740616309416849,0.7441299310225349,0.6623989218328841,0.27785265049415625,0.1776280323450097,0.09460916442048302,0.010363881401617066,0.6418463611859838,0.7920035938903863,0.8410265049415993,0.8930256064690026,0.9751796945193171,0.737860414879609
