{
  "nDCG@1": 0.5983827493261455,
  "nDCG@1_std": 0.4903905434413313,
  "nDCG@1_stderr": 0.012729904228054804,
  "nDCG@1_ci90_low": 0.5774308320996625,
  "nDCG@1_ci90_high": 0.6193346665526286,
  "nDCG@1_ci95_low": 0.5734122158575083,
  "nDCG@1_ci95_high": 0.6233532827947827,
  "nDCG@3": 0.6656264913852863,
  "nDCG@3_std": 0.43382801801748233,
  "nDCG@3_stderr": 0.011261614227008618,
  "nDCG@3_ci90_low": 0.6470912058957958,
  "nDCG@3_ci90_high": 0.6841617768747768,
  "nDCG@3_ci95_low": 0.6435361040635452,
  "nDCG@3_ci95_high": 0.6877168787070274,
  "nDCG@5": 0.687386354741374,
  "nDCG@5_std": 0.4108893952090251,
  "nDCG@5_stderr": 0.010666157248115898,
  "nDCG@5_ci90_low": 0.6698311210346924,
  "nDCG@5_ci90_high": 0.7049415884480555,
  "nDCG@5_ci95_low": 0.666463994936117,
  "nDCG@5_ci95_high": 0.708308714546631,
  "nDCG@10": 0.706687852561392,
  "nDCG@10_std": 0.38678639457708547,
  "nDCG@10_stderr": 0.010040474526952161,
  "nDCG@10_ci90_low": 0.6901624186355267,
  "nDCG@10_ci90_high": 0.7232132864872572,
  "nDCG@10_ci95_low": 0.6869928100281011,
  "nDCG@10_ci95_high": 0.7263828950946829,
  "nDCG@100": 0.7330991484664477,
  "nDCG@100_std": 0.34402035901470146,
  "nDCG@100_stderr": 0.008930323558088983,
  "nDCG@100_ci90_low": 0.7184008917755266,
  "nDCG@100_ci90_high": 0.7477974051573689,
  "nDCG@100_ci95_low": 0.7155817391208555,
  "nDCG@100_ci95_high": 0.75061655781204,
  "RR@1": 0.5983827493261455,
  "RR@3": 0.655548068283918,
  "RR@5": 0.6670035938903875,
  "RR@10": 0.6743994138535927,
  "RR@100": 0.6793499625507576,
  "P@1": 0.5983827493261455,
  "P@3": 0.250673854447437,
  "P@5": 0.16199460916441744,
  "P@10": 0.08746630727762622,
  "P@100": 0.01007412398921815,
  "R@1": 0.5788409703504043,
  "R@3": 0.7147911051212938,
  "R@5": 0.7667902066486971,
  "R@10": 0.8255278526504942,
  "R@100": 0.9488432165318957,
  "AP": 0.6713612439447815
}