nDCG@1,nDCG@3,nDCG@5,nDCG@10,nDCG@100,RR@1,RR@3,RR@5,RR@10,RR@100,P@1,P@3,P@5,P@10,P@100,R@1,R@3,R@5,R@10,R@100,AP
0.14487870619946092,0.2234171161069751,0.2558292562419434,0.2869705518675723,0.35544919913873435,0.14622641509433962,0.20721024258760104,0.22574123989218284,0.2385134556967438,0.25155923585447476,0.14487870619946092,0.09591194968553435,0.07398921832884166,0.04703504043126706,0.008200808625336786,0.14117250673854448,0.2803234501347709,0.35871518418688225,0.45361635220125784,0.7809411500449235,0.24621089740415786
