nDCG@1,nDCG@3,nDCG@5,nDCG@10,nDCG@100,RR@1,RR@3,RR@5,RR@10,RR@100,P@1,P@3,P@5,P@10,P@100,R@1,R@3,R@5,R@10,R@100,AP
0.13544474393530997,0.20610746870146895,0.23798728110342346,0.2703045542064296,0.3378671917926273,0.1347708894878706,0.19115004492362983,0.20944519317160795,0.22284366576819375,0.23554575218362625,0.13544474393530997,0.08760107816711546,0.06873315363881463,0.04481132075471732,0.007924528301886656,0.13173854447439354,0.2560646900269542,0.3328840970350404,0.4314914645103324,0.7559523809523809,0.23126840967973522
