{
  "nDCG@1": 0.1347708894878706,
  "nDCG@1_std": 0.3415938032730425,
  "nDCG@1_stderr": 0.008867333309585036,
  "nDCG@1_ci90_low": 0.12017630729827226,
  "nDCG@1_ci90_high": 0.14936547167746897,
  "nDCG@1_ci95_low": 0.11737703960355066,
  "nDCG@1_ci95_high": 0.15216473937219055,
  "nDCG@3": 0.2011359701572595,
  "nDCG@3_std": 0.3619989125601704,
  "nDCG@3_stderr": 0.009397023554354624,
  "nDCG@3_ci90_low": 0.18566958045322365,
  "nDCG@3_ci90_high": 0.21660235986129536,
  "nDCG@3_ci95_low": 0.18270309847449742,
  "nDCG@3_ci95_high": 0.2195688418400216,
  "nDCG@5": 0.23028533446924887,
  "nDCG@5_std": 0.36107553578861795,
  "nDCG@5_stderr": 0.009373053887676744,
  "nDCG@5_ci90_low": 0.2148583960024874,
  "nDCG@5_ci90_high": 0.24571227293601033,
  "nDCG@5_ci95_low": 0.21189948084359778,
  "nDCG@5_ci95_high": 0.24867118809489996,
  "nDCG@10": 0.2646155132881191,
  "nDCG@10_std": 0.353496538529854,
  "nDCG@10_stderr": 0.009176312921646477,
  "nDCG@10_ci90_low": 0.24951238718957955,
  "nDCG@10_ci90_high": 0.27971863938665864,
  "nDCG@10_ci95_low": 0.24661557983821325,
  "nDCG@10_ci95_high": 0.28261544673802497,
  "nDCG@100": 0.328675737182614,
  "nDCG@100_std": 0.3182642870666868,
  "nDCG@100_stderr": 0.00826172924367121,
  "nDCG@100_ci90_low": 0.3150779076813104,
  "nDCG@100_ci90_high": 0.3422735666839176,
  "nDCG@100_ci95_low": 0.3124698189846391,
  "nDCG@100_ci95_high": 0.3448816553805889,
  "RR@1": 0.1347708894878706,
  "RR@3": 0.18811769991015279,
  "RR@5": 0.2046608265947886,
  "RR@10": 0.21889306036880155,
  "RR@100": 0.23094234352998022,
  "P@1": 0.1347708894878706,
  "P@3": 0.08490566037735803,
  "P@5": 0.06563342318059355,
  "P@10": 0.043867924528302266,
  "P@100": 0.007661725067385314,
  "R@1": 0.1307277628032345,
  "R@3": 0.24797843665768193,
  "R@5": 0.31772237196765496,
  "R@10": 0.422282120395328,
  "R@100": 0.7303459119496855,
  "AP": 0.2261076917206282
}