nDCG@1,nDCG@1_std,nDCG@1_stderr,nDCG@1_ci90_low,nDCG@1_ci90_high,nDCG@1_ci95_low,nDCG@1_ci95_high,nDCG@3,nDCG@3_std,nDCG@3_stderr,nDCG@3_ci90_low,nDCG@3_ci90_high,nDCG@3_ci95_low,nDCG@3_ci95_high,nDCG@5,nDCG@5_std,nDCG@5_stderr,nDCG@5_ci90_low,nDCG@5_ci90_high,nDCG@5_ci95_low,nDCG@5_ci95_high,nDCG@10,nDCG@10_std,nDCG@10_stderr,nDCG@10_ci90_low,nDCG@10_ci90_high,nDCG@10_ci95_low,nDCG@10_ci95_high,nDCG@100,nDCG@100_std,nDCG@100_stderr,nDCG@100_ci90_low,nDCG@100_ci90_high,nDCG@100_ci95_low,nDCG@100_ci95_high,RR@1,RR@3,RR@5,RR@10,RR@100,P@1,P@3,P@5,P@10,P@100,R@1,R@3,R@5,R@10,R@100,AP
0.14487870619946092,0.35209715427223415,0.009139986716306673,0.12983536873984564,0.1599220436590762,0.12695002895934074,0.1628073834395811,0.23114287339397233,0.37261313448717703,0.009672555026959944,0.215222991463766,0.24706275532417865,0.21216952884235776,0.2501162179455869,0.2578897156950507,0.3697466846572569,0.009598145696891424,0.24209230272427595,0.27368712866582545,0.2390623298744343,0.27671710151566714,0.28923556128915223,0.3605077760833538,0.009358315580078392,0.2738328803340992,0.30463824224420527,0.27087861781055034,0.3075925047677541,0.3550407732340663,0.32024896476939335,0.008313248909816716,0.34135814845376616,0.36872339801436643,0.3387337958666953,0.3713477506014373,0.14487870619946092,0.21305031446540879,0.22824573225516587,0.24093585547426483,0.2533075443644259,0.14487870619946092,0.1010781671159029,0.07425876010781739,0.04716981132075493,0.008086253369272097,0.1416217430368374,0.2943620844564241,0.3585467205750224,0.45423405211141055,0.769991015274034,0.2480382565638187
