{
  "nDCG@1": 0.1408355795148248,
  "nDCG@3": 0.22676662530622435,
  "nDCG@5": 0.252626715660809,
  "nDCG@10": 0.2840404265057278,
  "nDCG@100": 0.3494853256375047,
  "RR@1": 0.14150943396226415,
  "RR@3": 0.20878256963162622,
  "RR@5": 0.22323674752920003,
  "RR@10": 0.23637824626705978,
  "RR@100": 0.2484182403372266,
  "P@1": 0.1408355795148248,
  "P@3": 0.0999550763701706,
  "P@5": 0.07291105121293867,
  "P@10": 0.04642857142857167,
  "P@100": 0.008005390835579376,
  "R@1": 0.13757861635220128,
  "R@3": 0.28981356693620847,
  "R@5": 0.35214510332434856,
  "R@10": 0.44715858041329737,
  "R@100": 0.7622416891284814,
  "AP": 0.24317252320319507
}