nDCG@1,nDCG@3,nDCG@5,nDCG@10,nDCG@100,RR@1,RR@3,RR@5,RR@10,RR@100,P@1,P@3,P@5,P@10,P@100,R@1,R@3,R@5,R@10,R@100,AP
0.1347708894878706,0.2011359701572595,0.23028533446924887,0.2646155132881191,0.328675737182614,0.1347708894878706,0.18811769991015279,0.2046608265947886,0.21889306036880155,0.23094234352998022,0.1347708894878706,0.08490566037735803,0.06563342318059355,0.043867924528302266,0.007661725067385314,0.1307277628032345,0.24797843665768193,0.31772237196765496,0.422282120395328,0.7303459119496855,0.2261076917206282
