{
  "nDCG@1": 0.13544474393530997,
  "nDCG@1_std": 0.34231334545915004,
  "nDCG@1_stderr": 0.008886011694067974,
  "nDCG@1_ci90_low": 0.12081941933331009,
  "nDCG@1_ci90_high": 0.15007006853730986,
  "nDCG@1_ci95_low": 0.11801425518737285,
  "nDCG@1_ci95_high": 0.1528752326832471,
  "nDCG@3": 0.20610746870146895,
  "nDCG@3_std": 0.36365147661908737,
  "nDCG@3_stderr": 0.009439921979868931,
  "nDCG@3_ci90_low": 0.19057047326117457,
  "nDCG@3_ci90_high": 0.22164446414176334,
  "nDCG@3_ci95_low": 0.18759044897243202,
  "nDCG@3_ci95_high": 0.2246244884305059,
  "nDCG@5": 0.23798728110342346,
  "nDCG@5_std": 0.36179665588469884,
  "nDCG@5_stderr": 0.009391773232661693,
  "nDCG@5_ci90_low": 0.22252953280811716,
  "nDCG@5_ci90_high": 0.25344502939872976,
  "nDCG@5_ci95_low": 0.21956470826747165,
  "nDCG@5_ci95_high": 0.25640985393937527,
  "nDCG@10": 0.2703045542064296,
  "nDCG@10_std": 0.3541425850143626,
  "nDCG@10_stderr": 0.00919308345277653,
  "nDCG@10_ci90_low": 0.2551738257965305,
  "nDCG@10_ci90_high": 0.2854352826163288,
  "nDCG@10_ci95_low": 0.2522717242711011,
  "nDCG@10_ci95_high": 0.28833738414175814,
  "nDCG@100": 0.3378671917926273,
  "nDCG@100_std": 0.31552243452313505,
  "nDCG@100_stderr": 0.00819055429800051,
  "nDCG@100_ci90_low": 0.3243865078364571,
  "nDCG@100_ci90_high": 0.3513478757487975,
  "nDCG@100_ci95_low": 0.32180088787070343,
  "nDCG@100_ci95_high": 0.3539334957145512,
  "RR@1": 0.1347708894878706,
  "RR@3": 0.19115004492362983,
  "RR@5": 0.20944519317160795,
  "RR@10": 0.22284366576819375,
  "RR@100": 0.23554575218362625,
  "P@1": 0.13544474393530997,
  "P@3": 0.08760107816711546,
  "P@5": 0.06873315363881463,
  "P@10": 0.04481132075471732,
  "P@100": 0.007924528301886656,
  "R@1": 0.13173854447439354,
  "R@3": 0.2560646900269542,
  "R@5": 0.3328840970350404,
  "R@10": 0.4314914645103324,
  "R@100": 0.7559523809523809,
  "AP": 0.23126840967973522
}