{
  "nDCG@1": 0.14487870619946092,
  "nDCG@3": 0.23114287339397233,
  "nDCG@5": 0.2578897156950507,
  "nDCG@10": 0.28923556128915223,
  "nDCG@100": 0.3550407732340663,
  "RR@1": 0.14487870619946092,
  "RR@3": 0.21305031446540879,
  "RR@5": 0.22824573225516587,
  "RR@10": 0.24093585547426483,
  "RR@100": 0.2533075443644259,
  "P@1": 0.14487870619946092,
  "P@3": 0.1010781671159029,
  "P@5": 0.07425876010781739,
  "P@10": 0.04716981132075493,
  "P@100": 0.008086253369272097,
  "R@1": 0.1416217430368374,
  "R@3": 0.2943620844564241,
  "R@5": 0.3585467205750224,
  "R@10": 0.45423405211141055,
  "R@100": 0.769991015274034,
  "AP": 0.2480382565638187
}