nDCG@1,nDCG@1_std,nDCG@1_stderr,nDCG@1_ci90_low,nDCG@1_ci90_high,nDCG@1_ci95_low,nDCG@1_ci95_high,nDCG@3,nDCG@3_std,nDCG@3_stderr,nDCG@3_ci90_low,nDCG@3_ci90_high,nDCG@3_ci95_low,nDCG@3_ci95_high,nDCG@5,nDCG@5_std,nDCG@5_stderr,nDCG@5_ci90_low,nDCG@5_ci90_high,nDCG@5_ci95_low,nDCG@5_ci95_high,nDCG@10,nDCG@10_std,nDCG@10_stderr,nDCG@10_ci90_low,nDCG@10_ci90_high,nDCG@10_ci95_low,nDCG@10_ci95_high,nDCG@100,nDCG@100_std,nDCG@100_stderr,nDCG@100_ci90_low,nDCG@100_ci90_high,nDCG@100_ci95_low,nDCG@100_ci95_high,RR@1,RR@3,RR@5,RR@10,RR@100,P@1,P@3,P@5,P@10,P@100,R@1,R@3,R@5,R@10,R@100,AP
0.1347708894878706,0.3415938032730425,0.008867333309585036,0.12017630729827226,0.14936547167746897,0.11737703960355066,0.15216473937219055,0.2011359701572595,0.3619989125601704,0.009397023554354624,0.18566958045322365,0.21660235986129536,0.18270309847449742,0.2195688418400216,0.23028533446924887,0.36107553578861795,0.009373053887676744,0.2148583960024874,0.24571227293601033,0.21189948084359778,0.24867118809489996,0.2646155132881191,0.353496538529854,0.009176312921646477,0.24951238718957955,0.27971863938665864,0.24661557983821325,0.28261544673802497,0.328675737182614,0.3182642870666868,0.00826172924367121,0.3150779076813104,0.3422735666839176,0.3124698189846391,0.3448816553805889,0.1347708894878706,0.18811769991015279,0.2046608265947886,0.21889306036880155,0.23094234352998022,0.1347708894878706,0.08490566037735803,0.06563342318059355,0.043867924528302266,0.007661725067385314,0.1307277628032345,0.24797843665768193,0.31772237196765496,0.422282120395328,0.7303459119496855,0.2261076917206282
