{
  "nDCG@1": 0.15498652291105122,
  "nDCG@1_std": 0.3620138284041158,
  "nDCG@1_stderr": 0.009397410750371033,
  "nDCG@1_ci90_low": 0.13951949592815288,
  "nDCG@1_ci90_high": 0.17045354989394956,
  "nDCG@1_ci95_low": 0.13655289171816923,
  "nDCG@1_ci95_high": 0.17342015410393322,
  "nDCG@3": 0.23857012236494624,
  "nDCG@3_std": 0.37947894574505947,
  "nDCG@3_stderr": 0.00985078260685454,
  "nDCG@3_ci90_low": 0.22235689891114868,
  "nDCG@3_ci90_high": 0.2547833458187438,
  "nDCG@3_ci95_low": 0.21924717284623504,
  "nDCG@3_ci95_high": 0.2578930718836574,
  "nDCG@5": 0.2669744112156434,
  "nDCG@5_std": 0.3757245185536717,
  "nDCG@5_stderr": 0.009753322533007728,
  "nDCG@5_ci90_low": 0.2509215955201089,
  "nDCG@5_ci90_high": 0.28302722691117793,
  "nDCG@5_ci95_low": 0.24784263595812459,
  "nDCG@5_ci95_high": 0.28610618647316227,
  "nDCG@10": 0.2972719871292645,
  "nDCG@10_std": 0.3660128655488767,
  "nDCG@10_stderr": 0.009501220582224633,
  "nDCG@10_ci90_low": 0.2816341014371939,
  "nDCG@10_ci90_high": 0.3129098728213351,
  "nDCG@10_ci95_low": 0.2786347262126835,
  "nDCG@10_ci95_high": 0.3159092480458455,
  "nDCG@100": 0.3664143287451031,
  "nDCG@100_std": 0.3227518268177959,
  "nDCG@100_stderr": 0.00837821997134782,
  "nDCG@100_ci90_low": 0.3526247692794409,
  "nDCG@100_ci90_high": 0.3802038882107653,
  "nDCG@100_ci95_low": 0.34997990642312826,
  "nDCG@100_ci95_high": 0.38284875106707794,
  "RR@1": 0.15498652291105122,
  "RR@3": 0.22035040431266842,
  "RR@5": 0.23662398921832853,
  "RR@10": 0.2493125080220765,
  "RR@100": 0.26236563409696567,
  "P@1": 0.15498652291105122,
  "P@3": 0.10265049415992807,
  "P@5": 0.07601078167115975,
  "P@10": 0.04770889487870638,
  "P@100": 0.008295148247978293,
  "R@1": 0.15116801437556154,
  "R@3": 0.3004267744833783,
  "R@5": 0.3684860736747529,
  "R@10": 0.46080413297394424,
  "R@100": 0.7889150943396226,
  "AP": 0.25758294241545165
}