nDCG@1,nDCG@1_std,nDCG@1_stderr,nDCG@1_ci90_low,nDCG@1_ci90_high,nDCG@1_ci95_low,nDCG@1_ci95_high,nDCG@3,nDCG@3_std,nDCG@3_stderr,nDCG@3_ci90_low,nDCG@3_ci90_high,nDCG@3_ci95_low,nDCG@3_ci95_high,nDCG@5,nDCG@5_std,nDCG@5_stderr,nDCG@5_ci90_low,nDCG@5_ci90_high,nDCG@5_ci95_low,nDCG@5_ci95_high,nDCG@10,nDCG@10_std,nDCG@10_stderr,nDCG@10_ci90_low,nDCG@10_ci90_high,nDCG@10_ci95_low,nDCG@10_ci95_high,nDCG@100,nDCG@100_std,nDCG@100_stderr,nDCG@100_ci90_low,nDCG@100_ci90_high,nDCG@100_ci95_low,nDCG@100_ci95_high,RR@1,RR@3,RR@5,RR@10,RR@100,P@1,P@3,P@5,P@10,P@100,R@1,R@3,R@5,R@10,R@100,AP
0.1509433962264151,0.3581143761935126,0.009296186014603277,0.1356429731901831,0.16624381926264709,0.13270832392345563,0.16917846852937454,0.23646798474967579,0.37775667099769056,0.009806074582033041,0.2203283454186366,0.25260762408071497,0.21723273292374548,0.2557032365756061,0.26444108880017103,0.37427866978353813,0.009715790169021077,0.24845004693808212,0.2804321306622599,0.24538293571091802,0.28349924188942405,0.29567070258760797,0.3644430267796603,0.00946046959823262,0.2800998881969551,0.31124151697826086,0.27711337737136077,0.31422802780385517,0.363861846137673,0.32172667941868616,0.008351608470810457,0.350116086055458,0.3776076062198879,0.3474796240014116,0.38024406827393437,0.1509433962264151,0.2185534591194968,0.23391734052111376,0.24737009583707664,0.2602789651774905,0.1509433962264151,0.10175202156334225,0.07533692722372037,0.04770889487870638,0.008234501347708752,0.1471248876909254,0.2973944294699012,0.36477987421383645,0.45962488769092535,0.7841419586702605,0.2554891903816362
