{
  "nDCG@1": 0.1509433962264151,
  "nDCG@1_std": 0.3581143761935126,
  "nDCG@1_stderr": 0.009296186014603277,
  "nDCG@1_ci90_low": 0.1356429731901831,
  "nDCG@1_ci90_high": 0.16624381926264709,
  "nDCG@1_ci95_low": 0.13270832392345563,
  "nDCG@1_ci95_high": 0.16917846852937454,
  "nDCG@3": 0.23646798474967579,
  "nDCG@3_std": 0.37775667099769056,
  "nDCG@3_stderr": 0.009806074582033041,
  "nDCG@3_ci90_low": 0.2203283454186366,
  "nDCG@3_ci90_high": 0.25260762408071497,
  "nDCG@3_ci95_low": 0.21723273292374548,
  "nDCG@3_ci95_high": 0.2557032365756061,
  "nDCG@5": 0.26444108880017103,
  "nDCG@5_std": 0.37427866978353813,
  "nDCG@5_stderr": 0.009715790169021077,
  "nDCG@5_ci90_low": 0.24845004693808212,
  "nDCG@5_ci90_high": 0.2804321306622599,
  "nDCG@5_ci95_low": 0.24538293571091802,
  "nDCG@5_ci95_high": 0.28349924188942405,
  "nDCG@10": 0.29567070258760797,
  "nDCG@10_std": 0.3644430267796603,
  "nDCG@10_stderr": 0.00946046959823262,
  "nDCG@10_ci90_low": 0.2800998881969551,
  "nDCG@10_ci90_high": 0.31124151697826086,
  "nDCG@10_ci95_low": 0.27711337737136077,
  "nDCG@10_ci95_high": 0.31422802780385517,
  "nDCG@100": 0.363861846137673,
  "nDCG@100_std": 0.32172667941868616,
  "nDCG@100_stderr": 0.008351608470810457,
  "nDCG@100_ci90_low": 0.350116086055458,
  "nDCG@100_ci90_high": 0.3776076062198879,
  "nDCG@100_ci95_low": 0.3474796240014116,
  "nDCG@100_ci95_high": 0.38024406827393437,
  "RR@1": 0.1509433962264151,
  "RR@3": 0.2185534591194968,
  "RR@5": 0.23391734052111376,
  "RR@10": 0.24737009583707664,
  "RR@100": 0.2602789651774905,
  "P@1": 0.1509433962264151,
  "P@3": 0.10175202156334225,
  "P@5": 0.07533692722372037,
  "P@10": 0.04770889487870638,
  "P@100": 0.008234501347708752,
  "R@1": 0.1471248876909254,
  "R@3": 0.2973944294699012,
  "R@5": 0.36477987421383645,
  "R@10": 0.45962488769092535,
  "R@100": 0.7841419586702605,
  "AP": 0.2554891903816362
}