nDCG@1,nDCG@3,nDCG@5,nDCG@10,nDCG@100,RR@1,RR@3,RR@5,RR@10,RR@100,P@1,P@3,P@5,P@10,P@100,R@1,R@3,R@5,R@10,R@100,AP
0.1509433962264151,0.23646798474967579,0.26444108880017103,0.29567070258760797,0.363861846137673,0.1509433962264151,0.2185534591194968,0.23391734052111376,0.24737009583707664,0.2602789651774905,0.1509433962264151,0.10175202156334225,0.07533692722372037,0.04770889487870638,0.008234501347708752,0.1471248876909254,0.2973944294699012,0.36477987421383645,0.45962488769092535,0.7841419586702605,0.2554891903816362
