nDCG@1,nDCG@3,nDCG@5,nDCG@10,nDCG@100,RR@1,RR@3,RR@5,RR@10,RR@100,P@1,P@3,P@5,P@10,P@100,R@1,R@3,R@5,R@10,R@100,AP
0.14487870619946092,0.23114287339397233,0.2578897156950507,0.28923556128915223,0.3550407732340663,0.14487870619946092,0.21305031446540879,0.22824573225516587,0.24093585547426483,0.2533075443644259,0.14487870619946092,0.1010781671159029,0.07425876010781739,0.04716981132075493,0.008086253369272097,0.1416217430368374,0.2943620844564241,0.3585467205750224,0.45423405211141055,0.769991015274034,0.2480382565638187
