nDCG@1,nDCG@1_std,nDCG@1_stderr,nDCG@1_ci90_low,nDCG@1_ci90_high,nDCG@1_ci95_low,nDCG@1_ci95_high,nDCG@3,nDCG@3_std,nDCG@3_stderr,nDCG@3_ci90_low,nDCG@3_ci90_high,nDCG@3_ci95_low,nDCG@3_ci95_high,nDCG@5,nDCG@5_std,nDCG@5_stderr,nDCG@5_ci90_low,nDCG@5_ci90_high,nDCG@5_ci95_low,nDCG@5_ci95_high,nDCG@10,nDCG@10_std,nDCG@10_stderr,nDCG@10_ci90_low,nDCG@10_ci90_high,nDCG@10_ci95_low,nDCG@10_ci95_high,nDCG@100,nDCG@100_std,nDCG@100_stderr,nDCG@100_ci90_low,nDCG@100_ci90_high,nDCG@100_ci95_low,nDCG@100_ci95_high,RR@1,RR@3,RR@5,RR@10,RR@100,P@1,P@3,P@5,P@10,P@100,R@1,R@3,R@5,R@10,R@100,AP
0.14487870619946092,0.35209715427223415,0.009139986716306673,0.12983536873984564,0.1599220436590762,0.12695002895934074,0.1628073834395811,0.2234171161069751,0.37198300662122596,0.009656197722578228,0.2075241563657589,0.23931007584819128,0.20447585746969288,0.2423583747442573,0.2558292562419434,0.36857005691367706,0.009567601962538938,0.24008211464654403,0.2715763978373428,0.23706178393891852,0.2745967285449683,0.2869705518675723,0.3597476253838814,0.009338583051112261,0.27160034832210234,0.3023407554130423,0.26865231502541814,0.3052887887097265,0.35544919913873435,0.3178833759958236,0.008251841284948625,0.34186764404837544,0.36903075422909326,0.33926267681364236,0.37163572146382634,0.14622641509433962,0.20721024258760104,0.22574123989218284,0.2385134556967438,0.25155923585447476,0.14487870619946092,0.09591194968553435,0.07398921832884166,0.04703504043126706,0.008200808625336786,0.14117250673854448,0.2803234501347709,0.35871518418688225,0.45361635220125784,0.7809411500449235,0.24621089740415786
