nDCG@1,nDCG@3,nDCG@5,nDCG@10,nDCG@100,RR@1,RR@3,RR@5,RR@10,RR@100,P@1,P@3,P@5,P@10,P@100,R@1,R@3,R@5,R@10,R@100,AP
0.15498652291105122,0.23857012236494624,0.2669744112156434,0.2972719871292645,0.3664143287451031,0.15498652291105122,0.22035040431266842,0.23662398921832853,0.2493125080220765,0.26236563409696567,0.15498652291105122,0.10265049415992807,0.07601078167115975,0.04770889487870638,0.008295148247978293,0.15116801437556154,0.3004267744833783,0.3684860736747529,0.46080413297394424,0.7889150943396226,0.25758294241545165
