{
  "nDCG@1": 0.14487870619946092,
  "nDCG@1_std": 0.35209715427223415,
  "nDCG@1_stderr": 0.009139986716306673,
  "nDCG@1_ci90_low": 0.12983536873984564,
  "nDCG@1_ci90_high": 0.1599220436590762,
  "nDCG@1_ci95_low": 0.12695002895934074,
  "nDCG@1_ci95_high": 0.1628073834395811,
  "nDCG@3": 0.2234171161069751,
  "nDCG@3_std": 0.37198300662122596,
  "nDCG@3_stderr": 0.009656197722578228,
  "nDCG@3_ci90_low": 0.2075241563657589,
  "nDCG@3_ci90_high": 0.23931007584819128,
  "nDCG@3_ci95_low": 0.20447585746969288,
  "nDCG@3_ci95_high": 0.2423583747442573,
  "nDCG@5": 0.2558292562419434,
  "nDCG@5_std": 0.36857005691367706,
  "nDCG@5_stderr": 0.009567601962538938,
  "nDCG@5_ci90_low": 0.24008211464654403,
  "nDCG@5_ci90_high": 0.2715763978373428,
  "nDCG@5_ci95_low": 0.23706178393891852,
  "nDCG@5_ci95_high": 0.2745967285449683,
  "nDCG@10": 0.2869705518675723,
  "nDCG@10_std": 0.3597476253838814,
  "nDCG@10_stderr": 0.009338583051112261,
  "nDCG@10_ci90_low": 0.27160034832210234,
  "nDCG@10_ci90_high": 0.3023407554130423,
  "nDCG@10_ci95_low": 0.26865231502541814,
  "nDCG@10_ci95_high": 0.3052887887097265,
  "nDCG@100": 0.35544919913873435,
  "nDCG@100_std": 0.3178833759958236,
  "nDCG@100_stderr": 0.008251841284948625,
  "nDCG@100_ci90_low": 0.34186764404837544,
  "nDCG@100_ci90_high": 0.36903075422909326,
  "nDCG@100_ci95_low": 0.33926267681364236,
  "nDCG@100_ci95_high": 0.37163572146382634,
  "RR@1": 0.14622641509433962,
  "RR@3": 0.20721024258760104,
  "RR@5": 0.22574123989218284,
  "RR@10": 0.2385134556967438,
  "RR@100": 0.25155923585447476,
  "P@1": 0.14487870619946092,
  "P@3": 0.09591194968553435,
  "P@5": 0.07398921832884166,
  "P@10": 0.04703504043126706,
  "P@100": 0.008200808625336786,
  "R@1": 0.14117250673854448,
  "R@3": 0.2803234501347709,
  "R@5": 0.35871518418688225,
  "R@10": 0.45361635220125784,
  "R@100": 0.7809411500449235,
  "AP": 0.24621089740415786
}