{
  "nDCG@1": 0.6583557951482479,
  "nDCG@1_std": 0.4744208153178485,
  "nDCG@1_stderr": 0.012315350741494086,
  "nDCG@1_ci90_low": 0.6380861839454998,
  "nDCG@1_ci90_high": 0.6786254063509961,
  "nDCG@1_ci95_low": 0.6341984352530529,
  "nDCG@1_ci95_high": 0.682513155043443,
  "nDCG@3": 0.7374087150226247,
  "nDCG@3_std": 0.3945806019718758,
  "nDCG@3_stderr": 0.010242802069757128,
  "nDCG@3_ci90_low": 0.7205502738837009,
  "nDCG@3_ci90_high": 0.7542671561615486,
  "nDCG@3_ci95_low": 0.7173167938806084,
  "nDCG@3_ci95_high": 0.757500636164641,
  "nDCG@5": 0.7608148376495362,
  "nDCG@5_std": 0.3621868069242998,
  "nDCG@5_stderr": 0.009401901049021574,
  "nDCG@5_ci90_low": 0.7453404201659739,
  "nDCG@5_ci90_high": 0.7762892551330984,
  "nDCG@5_ci95_low": 0.7423723984443763,
  "nDCG@5_ci95_high": 0.779257276854696,
  "nDCG@10": 0.7756562962288885,
  "nDCG@10_std": 0.33788503002090536,
  "nDCG@10_stderr": 0.008771058352951567,
  "nDCG@10_ci90_low": 0.7612201712347436,
  "nDCG@10_ci90_high": 0.7900924212230335,
  "nDCG@10_ci95_low": 0.7584512959214185,
  "nDCG@10_ci95_high": 0.7928612965363586,
  "nDCG@100": 0.795682155646546,
  "nDCG@100_std": 0.29787374663040894,
  "nDCG@100_stderr": 0.007732417187426085,
  "nDCG@100_ci90_low": 0.7829555112060841,
  "nDCG@100_ci90_high": 0.8084088000870079,
  "nDCG@100_ci95_low": 0.7805145174056735,
  "nDCG@100_ci95_high": 0.8108497938874185,
  "RR@1": 0.6583557951482479,
  "RR@3": 0.723382749326146,
  "RR@5": 0.7358827493261462,
  "RR@10": 0.741584574081205,
  "RR@100": 0.7455363666128473,
  "P@1": 0.6583557951482479,
  "P@3": 0.2787511230907421,
  "P@5": 0.17938005390835188,
  "P@10": 0.09467654986522693,
  "P@100": 0.010478436657681754,
  "R@1": 0.6384770889487871,
  "R@3": 0.7947551662174303,
  "R@5": 0.8514712488769092,
  "R@10": 0.8962264150943396,
  "R@100": 0.9841644204851752,
  "AP": 0.7389763727730548
}