nDCG@1,nDCG@1_std,nDCG@1_stderr,nDCG@1_ci90_low,nDCG@1_ci90_high,nDCG@1_ci95_low,nDCG@1_ci95_high,nDCG@3,nDCG@3_std,nDCG@3_stderr,nDCG@3_ci90_low,nDCG@3_ci90_high,nDCG@3_ci95_low,nDCG@3_ci95_high,nDCG@5,nDCG@5_std,nDCG@5_stderr,nDCG@5_ci90_low,nDCG@5_ci90_high,nDCG@5_ci95_low,nDCG@5_ci95_high,nDCG@10,nDCG@10_std,nDCG@10_stderr,nDCG@10_ci90_low,nDCG@10_ci90_high,nDCG@10_ci95_low,nDCG@10_ci95_high,nDCG@100,nDCG@100_std,nDCG@100_stderr,nDCG@100_ci90_low,nDCG@100_ci90_high,nDCG@100_ci95_low,nDCG@100_ci95_high,RR@1,RR@3,RR@5,RR@10,RR@100,P@1,P@3,P@5,P@10,P@100,R@1,R@3,R@5,R@10,R@100,AP
0.4353099730458221,0.4959646719008333,0.012874601393188505,0.41411990139394234,0.45650004469770183,0.41005560669517266,0.4605643393964715,0.50799231914065,0.46337141850095254,0.01202852269161003,0.4881947929946111,0.5277898452866889,0.4843975910839247,0.5315870471973754,0.5376844605307699,0.4434812191896197,0.011512198843818539,0.5187367423901318,0.556632178671408,0.5151025352171728,0.560266385844367,0.5608532074174922,0.42424427897955935,0.011012832757359366,0.5427273868121197,0.5789790280228647,0.5392508210974054,0.582455593737579,0.5993841133940653,0.3806545925048643,0.00988130087613705,0.5831206604773866,0.6156475663107439,0.5800013003091503,0.6187669264789802,0.4359838274932615,0.4958445642407908,0.5120844564240797,0.5212536901553076,0.5282920351443904,0.4353099730458221,0.19564240790655926,0.13274932614555096,0.07405660377358372,0.009407008086253204,0.42233827493261455,0.559467654986523,0.6307839173405212,0.7013701707097935,0.8847708894878706,0.5212520061208347
