nDCG@1,nDCG@1_std,nDCG@1_stderr,nDCG@1_ci90_low,nDCG@1_ci90_high,nDCG@1_ci95_low,nDCG@1_ci95_high,nDCG@3,nDCG@3_std,nDCG@3_stderr,nDCG@3_ci90_low,nDCG@3_ci90_high,nDCG@3_ci95_low,nDCG@3_ci95_high,nDCG@5,nDCG@5_std,nDCG@5_stderr,nDCG@5_ci90_low,nDCG@5_ci90_high,nDCG@5_ci95_low,nDCG@5_ci95_high,nDCG@10,nDCG@10_std,nDCG@10_stderr,nDCG@10_ci90_low,nDCG@10_ci90_high,nDCG@10_ci95_low,nDCG@10_ci95_high,nDCG@100,nDCG@100_std,nDCG@100_stderr,nDCG@100_ci90_low,nDCG@100_ci90_high,nDCG@100_ci95_low,nDCG@100_ci95_high,RR@1,RR@3,RR@5,RR@10,RR@100,P@1,P@3,P@5,P@10,P@100,R@1,R@3,R@5,R@10,R@100,AP
0.6583557951482479,0.4744208153178485,0.012315350741494086,0.6380861839454998,0.6786254063509961,0.6341984352530529,0.682513155043443,0.7374087150226247,0.3945806019718758,0.010242802069757128,0.7205502738837009,0.7542671561615486,0.7173167938806084,0.757500636164641,0.7608148376495362,0.3621868069242998,0.009401901049021574,0.7453404201659739,0.7762892551330984,0.7423723984443763,0.779257276854696,0.7756562962288885,0.33788503002090536,0.008771058352951567,0.7612201712347436,0.7900924212230335,0.7584512959214185,0.7928612965363586,0.795682155646546,0.29787374663040894,0.007732417187426085,0.7829555112060841,0.8084088000870079,0.7805145174056735,0.8108497938874185,0.6583557951482479,0.723382749326146,0.7358827493261462,0.741584574081205,0.7455363666128473,0.6583557951482479,0.2787511230907421,0.17938005390835188,0.09467654986522693,0.010478436657681754,0.6384770889487871,0.7947551662174303,0.8514712488769092,0.8962264150943396,0.9841644204851752,0.7389763727730548
