{
  "nDCG@1": 0.7601078167115903,
  "nDCG@1_std": 0.42716142124962087,
  "nDCG@1_stderr": 0.011088557997607471,
  "nDCG@1_ci90_low": 0.7418573613142186,
  "nDCG@1_ci90_high": 0.778358272108962,
  "nDCG@1_ci95_low": 0.7383568904172695,
  "nDCG@1_ci95_high": 0.7818587430059112,
  "nDCG@3": 0.8267138112632182,
  "nDCG@3_std": 0.3331758640731537,
  "nDCG@3_stderr": 0.008648814495865308,
  "nDCG@3_ci90_low": 0.8124788852042131,
  "nDCG@3_ci90_high": 0.8409487373222233,
  "nDCG@3_ci95_low": 0.809748600216533,
  "nDCG@3_ci95_high": 0.8436790223099033,
  "nDCG@5": 0.8432085762021176,
  "nDCG@5_std": 0.3022566182271197,
  "nDCG@5_stderr": 0.007846190865194128,
  "nDCG@5_ci90_low": 0.8302946737401936,
  "nDCG@5_ci90_high": 0.8561224786640417,
  "nDCG@5_ci95_low": 0.8278177635070103,
  "nDCG@5_ci95_high": 0.858599388897225,
  "nDCG@10": 0.8574903851599757,
  "nDCG@10_std": 0.2698639213188384,
  "nDCG@10_stderr": 0.007005318350734312,
  "nDCG@10_ci90_low": 0.8459604594354538,
  "nDCG@10_ci90_high": 0.8690203108844975,
  "nDCG@10_ci95_low": 0.8437489984848145,
  "nDCG@10_ci95_high": 0.8712317718351368,
  "nDCG@100": 0.8662621392686786,
  "nDCG@100_std": 0.2462944694863133,
  "nDCG@100_stderr": 0.0063934858663020535,
  "nDCG@100_ci90_low": 0.8557392174729096,
  "nDCG@100_ci90_high": 0.8767850610644475,
  "nDCG@100_ci95_low": 0.8537209017270864,
  "nDCG@100_ci95_high": 0.8788033768102708,
  "RR@1": 0.7601078167115903,
  "RR@3": 0.8153638814016171,
  "RR@5": 0.8238881401617254,
  "RR@10": 0.829287532623112,
  "RR@100": 0.8311041938900163,
  "P@1": 0.7601078167115903,
  "P@3": 0.3072776280323401,
  "P@5": 0.19299191374662616,
  "P@10": 0.10134770889487617,
  "P@100": 0.010566037735848867,
  "R@1": 0.7377583108715186,
  "R@3": 0.8743823000898472,
  "R@5": 0.9138589398023359,
  "R@10": 0.9567048517520216,
  "R@100": 0.9932614555256065,
  "AP": 0.8256012962101257
}