nDCG@1,nDCG@1_std,nDCG@1_stderr,nDCG@1_ci90_low,nDCG@1_ci90_high,nDCG@1_ci95_low,nDCG@1_ci95_high,nDCG@3,nDCG@3_std,nDCG@3_stderr,nDCG@3_ci90_low,nDCG@3_ci90_high,nDCG@3_ci95_low,nDCG@3_ci95_high,nDCG@5,nDCG@5_std,nDCG@5_stderr,nDCG@5_ci90_low,nDCG@5_ci90_high,nDCG@5_ci95_low,nDCG@5_ci95_high,nDCG@10,nDCG@10_std,nDCG@10_stderr,nDCG@10_ci90_low,nDCG@10_ci90_high,nDCG@10_ci95_low,nDCG@10_ci95_high,nDCG@100,nDCG@100_std,nDCG@100_stderr,nDCG@100_ci90_low,nDCG@100_ci90_high,nDCG@100_ci95_low,nDCG@100_ci95_high,RR@1,RR@3,RR@5,RR@10,RR@100,P@1,P@3,P@5,P@10,P@100,R@1,R@3,R@5,R@10,R@100,AP
0.7601078167115903,0.42716142124962087,0.011088557997607471,0.7418573613142186,0.778358272108962,0.7383568904172695,0.7818587430059112,0.8267138112632182,0.3331758640731537,0.008648814495865308,0.8124788852042131,0.8409487373222233,0.809748600216533,0.8436790223099033,0.8432085762021176,0.3022566182271197,0.007846190865194128,0.8302946737401936,0.8561224786640417,0.8278177635070103,0.858599388897225,0.8574903851599757,0.2698639213188384,0.007005318350734312,0.8459604594354538,0.8690203108844975,0.8437489984848145,0.8712317718351368,0.8662621392686786,0.2462944694863133,0.0063934858663020535,0.8557392174729096,0.8767850610644475,0.8537209017270864,0.8788033768102708,0.7601078167115903,0.8153638814016171,0.8238881401617254,0.829287532623112,0.8311041938900163,0.7601078167115903,0.3072776280323401,0.19299191374662616,0.10134770889487617,0.010566037735848867,0.7377583108715186,0.8743823000898472,0.9138589398023359,0.9567048517520216,0.9932614555256065,0.8256012962101257
