{
  "nDCG@1": 0.7648247978436657,
  "nDCG@1_std": 0.42425123796081904,
  "nDCG@1_stderr": 0.011013013403512,
  "nDCG@1_ci90_low": 0.7466986799160849,
  "nDCG@1_ci90_high": 0.7829509157712466,
  "nDCG@1_ci95_low": 0.7432220571744244,
  "nDCG@1_ci95_high": 0.7864275385129071,
  "nDCG@3": 0.8346600918975187,
  "nDCG@3_std": 0.32170490963143666,
  "nDCG@3_stderr": 0.008351043355290882,
  "nDCG@3_ci90_low": 0.820915261928632,
  "nDCG@3_ci90_high": 0.8484049218664054,
  "nDCG@3_ci95_low": 0.8182789782720318,
  "nDCG@3_ci95_high": 0.8510412055230056,
  "nDCG@5": 0.8493645655795728,
  "nDCG@5_std": 0.2944007094578531,
  "nDCG@5_stderr": 0.007642261634513391,
  "nDCG@5_ci90_low": 0.8367863065195738,
  "nDCG@5_ci90_high": 0.861942824639572,
  "nDCG@5_ci95_low": 0.8343737733079283,
  "nDCG@5_ci95_high": 0.8643553578512174,
  "nDCG@10": 0.8623933918455475,
  "nDCG@10_std": 0.26399243651265547,
  "nDCG@10_stderr": 0.006852902199446661,
  "nDCG@10_ci90_low": 0.8511143250849699,
  "nDCG@10_ci90_high": 0.8736724586061252,
  "nDCG@10_ci95_low": 0.8489509793447955,
  "nDCG@10_ci95_high": 0.8758358043462996,
  "nDCG@100": 0.870654894627084,
  "nDCG@100_std": 0.24064598162547532,
  "nDCG@100_stderr": 0.006246858427287418,
  "nDCG@100_ci90_low": 0.8603733042592919,
  "nDCG@100_ci90_high": 0.8809364849948761,
  "nDCG@100_ci95_low": 0.8584012763250196,
  "nDCG@100_ci95_high": 0.8829085129291484,
  "RR@1": 0.7648247978436657,
  "RR@3": 0.8226639712488766,
  "RR@5": 0.8298068283917343,
  "RR@10": 0.8349275873871561,
  "RR@100": 0.836684294397333,
  "P@1": 0.7648247978436657,
  "P@3": 0.31109613656782953,
  "P@5": 0.19474393530996842,
  "P@10": 0.10168463611859584,
  "P@100": 0.01057277628032326,
  "R@1": 0.7412960467205751,
  "R@3": 0.886174752920036,
  "R@5": 0.9209344115004491,
  "R@10": 0.9590633423180593,
  "R@100": 0.9939353099730458,
  "AP": 0.8308439769780649
}