nDCG@1,nDCG@1_std,nDCG@1_stderr,nDCG@1_ci90_low,nDCG@1_ci90_high,nDCG@1_ci95_low,nDCG@1_ci95_high,nDCG@3,nDCG@3_std,nDCG@3_stderr,nDCG@3_ci90_low,nDCG@3_ci90_high,nDCG@3_ci95_low,nDCG@3_ci95_high,nDCG@5,nDCG@5_std,nDCG@5_stderr,nDCG@5_ci90_low,nDCG@5_ci90_high,nDCG@5_ci95_low,nDCG@5_ci95_high,nDCG@10,nDCG@10_std,nDCG@10_stderr,nDCG@10_ci90_low,nDCG@10_ci90_high,nDCG@10_ci95_low,nDCG@10_ci95_high,nDCG@100,nDCG@100_std,nDCG@100_stderr,nDCG@100_ci90_low,nDCG@100_ci90_high,nDCG@100_ci95_low,nDCG@100_ci95_high,RR@1,RR@3,RR@5,RR@10,RR@100,P@1,P@3,P@5,P@10,P@100,R@1,R@3,R@5,R@10,R@100,AP
0.72911051212938,0.44456895401339364,0.011540435032948517,0.710116320559968,0.7481047036987921,0.706473199697933,0.7517478245608271,0.8038146262236772,0.34989672745291267,0.009082866482147515,0.7888653019158202,0.8187639505315342,0.7859979940306567,0.8216312584166976,0.822108139866432,0.3184371979611375,0.008266217786845186,0.8085029227537714,0.8357133569790927,0.8058934170996604,0.8383228626332037,0.8365129798598662,0.2888779501727561,0.007498897946705457,0.8241706804792506,0.8488552792404818,0.8218034047679005,0.8512225549518319,0.84814077037585,0.26003212509511225,0.0067500976373831,0.8370309077692293,0.8592506329824707,0.8349000156968496,0.8613815250548504,0.72911051212938,0.7914420485175201,0.8010107816711594,0.8065184721687417,0.8088346268052148,0.72911051212938,0.2998652291105076,0.18962264150942953,0.09973045822102179,0.010559299191374475,0.7067610062893083,0.8549528301886793,0.8988656783468103,0.9423854447439353,0.9922506738544474,0.8028231580251729
