{
  "nDCG@1": 0.72911051212938,
  "nDCG@1_std": 0.44456895401339364,
  "nDCG@1_stderr": 0.011540435032948517,
  "nDCG@1_ci90_low": 0.710116320559968,
  "nDCG@1_ci90_high": 0.7481047036987921,
  "nDCG@1_ci95_low": 0.706473199697933,
  "nDCG@1_ci95_high": 0.7517478245608271,
  "nDCG@3": 0.8038146262236772,
  "nDCG@3_std": 0.34989672745291267,
  "nDCG@3_stderr": 0.009082866482147515,
  "nDCG@3_ci90_low": 0.7888653019158202,
  "nDCG@3_ci90_high": 0.8187639505315342,
  "nDCG@3_ci95_low": 0.7859979940306567,
  "nDCG@3_ci95_high": 0.8216312584166976,
  "nDCG@5": 0.822108139866432,
  "nDCG@5_std": 0.3184371979611375,
  "nDCG@5_stderr": 0.008266217786845186,
  "nDCG@5_ci90_low": 0.8085029227537714,
  "nDCG@5_ci90_high": 0.8357133569790927,
  "nDCG@5_ci95_low": 0.8058934170996604,
  "nDCG@5_ci95_high": 0.8383228626332037,
  "nDCG@10": 0.8365129798598662,
  "nDCG@10_std": 0.2888779501727561,
  "nDCG@10_stderr": 0.007498897946705457,
  "nDCG@10_ci90_low": 0.8241706804792506,
  "nDCG@10_ci90_high": 0.8488552792404818,
  "nDCG@10_ci95_low": 0.8218034047679005,
  "nDCG@10_ci95_high": 0.8512225549518319,
  "nDCG@100": 0.84814077037585,
  "nDCG@100_std": 0.26003212509511225,
  "nDCG@100_stderr": 0.0067500976373831,
  "nDCG@100_ci90_low": 0.8370309077692293,
  "nDCG@100_ci90_high": 0.8592506329824707,
  "nDCG@100_ci95_low": 0.8349000156968496,
  "nDCG@100_ci95_high": 0.8613815250548504,
  "RR@1": 0.72911051212938,
  "RR@3": 0.7914420485175201,
  "RR@5": 0.8010107816711594,
  "RR@10": 0.8065184721687417,
  "RR@100": 0.8088346268052148,
  "P@1": 0.72911051212938,
  "P@3": 0.2998652291105076,
  "P@5": 0.18962264150942953,
  "P@10": 0.09973045822102179,
  "P@100": 0.010559299191374475,
  "R@1": 0.7067610062893083,
  "R@3": 0.8549528301886793,
  "R@5": 0.8988656783468103,
  "R@10": 0.9423854447439353,
  "R@100": 0.9922506738544474,
  "AP": 0.8028231580251729
}