{
  "nDCG@1": 0.5148247978436657,
  "nDCG@1_std": 0.49994865174463743,
  "nDCG@1_stderr": 0.012978020356984641,
  "nDCG@1_ci90_low": 0.49346451080522163,
  "nDCG@1_ci90_high": 0.5361850848821098,
  "nDCG@1_ci95_low": 0.48936756848238405,
  "nDCG@1_ci95_high": 0.5402820272049474,
  "nDCG@3": 0.5912554751040452,
  "nDCG@3_std": 0.45274166339351724,
  "nDCG@3_stderr": 0.011752587997731666,
  "nDCG@3_ci90_low": 0.5719121048387169,
  "nDCG@3_ci90_high": 0.6105988453693735,
  "nDCG@3_ci95_low": 0.5682020108608734,
  "nDCG@3_ci95_high": 0.614308939347217,
  "nDCG@5": 0.6180266887821012,
  "nDCG@5_std": 0.42982450983815507,
  "nDCG@5_stderr": 0.011157688332880588,
  "nDCG@5_ci90_low": 0.599662453026564,
  "nDCG@5_ci90_high": 0.6363909245376385,
  "nDCG@5_ci95_low": 0.5961401588477443,
  "nDCG@5_ci95_high": 0.6399132187164581,
  "nDCG@10": 0.6413668057345656,
  "nDCG@10_std": 0.4055362406190831,
  "nDCG@10_stderr": 0.01052719627882452,
  "nDCG@10_ci90_low": 0.6240402853531491,
  "nDCG@10_ci90_high": 0.6586933261159821,
  "nDCG@10_ci95_low": 0.6207170268908273,
  "nDCG@10_ci95_high": 0.6620165845783039,
  "nDCG@100": 0.6747487472249402,
  "nDCG@100_std": 0.35909399619558147,
  "nDCG@100_stderr": 0.009321615682799388,
  "nDCG@100_ci90_low": 0.6594064699615595,
  "nDCG@100_ci90_high": 0.6900910244883208,
  "nDCG@100_ci95_low": 0.6564637929771199,
  "nDCG@100_ci95_high": 0.6930337014727604,
  "RR@1": 0.5141509433962265,
  "RR@3": 0.5780548068283922,
  "RR@5": 0.5924752920035946,
  "RR@10": 0.6016113678175677,
  "RR@100": 0.6081999349172298,
  "P@1": 0.5148247978436657,
  "P@3": 0.22596585804132877,
  "P@5": 0.14932614555255821,
  "P@10": 0.0824123989218313,
  "P@100": 0.009912398921832708,
  "R@1": 0.49983153638814015,
  "R@3": 0.6450471698113207,
  "R@5": 0.7092879604672059,
  "R@10": 0.779424977538185,
  "R@100": 0.9324460916442049,
  "AP": 0.6019288343394437
}