{
  "nDCG@1": 0.14555256064690028,
  "nDCG@1_std": 0.3527759551206797,
  "nDCG@1_stderr": 0.009157607508359462,
  "nDCG@1_ci90_low": 0.130480221446978,
  "nDCG@1_ci90_high": 0.16062489984682257,
  "nDCG@1_ci95_low": 0.12758931907936527,
  "nDCG@1_ci95_high": 0.1635158022144353,
  "nDCG@3": 0.21579776029286146,
  "nDCG@3_std": 0.3708790816096057,
  "nDCG@3_stderr": 0.00962754125711243,
  "nDCG@3_ci90_low": 0.19995196570557625,
  "nDCG@3_ci90_high": 0.23164355488014668,
  "nDCG@3_ci95_low": 0.19691271317274286,
  "nDCG@3_ci95_high": 0.23468280741298006,
  "nDCG@5": 0.247116698964481,
  "nDCG@5_std": 0.36842283173353607,
  "nDCG@5_stderr": 0.009563780187286094,
  "nDCG@5_ci90_low": 0.2313758475592764,
  "nDCG@5_ci90_high": 0.2628575503696856,
  "nDCG@5_ci95_low": 0.22835672332169415,
  "nDCG@5_ci95_high": 0.2658766746072678,
  "nDCG@10": 0.2775471611549919,
  "nDCG@10_std": 0.36043381296294735,
  "nDCG@10_stderr": 0.00935639559313783,
  "nDCG@10_ci90_low": 0.26214764027143145,
  "nDCG@10_ci90_high": 0.29294668203855234,
  "nDCG@10_ci95_low": 0.2591939838554044,
  "nDCG@10_ci95_high": 0.2959003384545794,
  "nDCG@100": 0.3399666459937195,
  "nDCG@100_std": 0.32493872607143703,
  "nDCG@100_stderr": 0.008434989047398705,
  "nDCG@100_ci90_low": 0.32608365134102574,
  "nDCG@100_ci90_high": 0.3538496406464133,
  "nDCG@100_ci95_low": 0.3234208674440687,
  "nDCG@100_ci95_high": 0.3565124245433703,
  "RR@1": 0.14555256064690028,
  "RR@3": 0.20170709793351305,
  "RR@5": 0.21895777178796014,
  "RR@10": 0.23135990245154645,
  "RR@100": 0.24333021274864308,
  "P@1": 0.14555256064690028,
  "P@3": 0.09141958670260522,
  "P@5": 0.07061994609164483,
  "P@10": 0.04508086253369304,
  "P@100": 0.007675202156334101,
  "R@1": 0.1408355795148248,
  "R@3": 0.26561096136567836,
  "R@5": 0.3424303683737646,
  "R@10": 0.4362646001796946,
  "R@100": 0.7339398023360286,
  "AP": 0.23855465358148217
}