nDCG@1,nDCG@1_std,nDCG@1_stderr,nDCG@1_ci90_low,nDCG@1_ci90_high,nDCG@1_ci95_low,nDCG@1_ci95_high,nDCG@3,nDCG@3_std,nDCG@3_stderr,nDCG@3_ci90_low,nDCG@3_ci90_high,nDCG@3_ci95_low,nDCG@3_ci95_high,nDCG@5,nDCG@5_std,nDCG@5_stderr,nDCG@5_ci90_low,nDCG@5_ci90_high,nDCG@5_ci95_low,nDCG@5_ci95_high,nDCG@10,nDCG@10_std,nDCG@10_stderr,nDCG@10_ci90_low,nDCG@10_ci90_high,nDCG@10_ci95_low,nDCG@10_ci95_high,nDCG@100,nDCG@100_std,nDCG@100_stderr,nDCG@100_ci90_low,nDCG@100_ci90_high,nDCG@100_ci95_low,nDCG@100_ci95_high,RR@1,RR@3,RR@5,RR@10,RR@100,P@1,P@3,P@5,P@10,P@100,R@1,R@3,R@5,R@10,R@100,AP
0.1650943396226415,0.37139082401445983,0.00964082542804589,0.14922668086066698,0.18096199838461602,0.14618323473893297,0.18400544450635004,0.24753684210897361,0.38640543398734695,0.010030585282783621,0.2310276847097451,0.2640459995082021,0.2278611979700513,0.2672124862478959,0.2773331674188387,0.382069377168218,0.00991802685609055,0.26100926788148937,0.293657066956188,0.25787831394028304,0.2967880208973943,0.30708155831016887,0.37229171143854467,0.009664211300351626,0.291175409167431,0.3229877074529067,0.28812458051990564,0.3260385361004321,0.37435918897135007,0.32907370797691016,0.00854232782940707,0.3602995273747783,0.38841885056792186,0.3576028584332,0.39111551950950013,0.16442048517520216,0.22933513027852645,0.2460467205750221,0.25854137252385206,0.2715546028918571,0.1650943396226415,0.10534591194968558,0.07830188679245358,0.048450134770889615,0.008261455525606327,0.16116352201257864,0.3078391734052111,0.3794923629829291,0.4701257861635221,0.7875673854447439,0.26748345360561565
