{
  "nDCG@1": 0.15296495956873316,
  "nDCG@1_std": 0.36007505977253396,
  "nDCG@1_stderr": 0.009347082824332333,
  "nDCG@1_ci90_low": 0.1375807664015221,
  "nDCG@1_ci90_high": 0.16834915273594422,
  "nDCG@1_ci95_low": 0.13463004986966937,
  "nDCG@1_ci95_high": 0.17129986926779694,
  "nDCG@3": 0.2227951517132811,
  "nDCG@3_std": 0.3757298598012868,
  "nDCG@3_stderr": 0.009753461184887352,
  "nDCG@3_ci90_low": 0.20674210781314634,
  "nDCG@3_ci90_high": 0.23884819561341586,
  "nDCG@3_ci95_low": 0.2036631044811002,
  "nDCG@3_ci95_high": 0.241927198945462,
  "nDCG@5": 0.2541251095234069,
  "nDCG@5_std": 0.3729896331871172,
  "nDCG@5_stderr": 0.009682328446240406,
  "nDCG@5_ci90_low": 0.23818914170063488,
  "nDCG@5_ci90_high": 0.2700610773461789,
  "nDCG@5_ci95_low": 0.23513259377546014,
  "nDCG@5_ci95_high": 0.27311762527135364,
  "nDCG@10": 0.28643466949905794,
  "nDCG@10_std": 0.36392052108905987,
  "nDCG@10_stderr": 0.009446906026322607,
  "nDCG@10_ci90_low": 0.2708861791440665,
  "nDCG@10_ci90_high": 0.3019831598540494,
  "nDCG@10_ci95_low": 0.2679039501095527,
  "nDCG@10_ci95_high": 0.30496538888856317,
  "nDCG@100": 0.35031274089564063,
  "nDCG@100_std": 0.3259984051821087,
  "nDCG@100_stderr": 0.008462496946504297,
  "nDCG@100_ci90_low": 0.3363844714934429,
  "nDCG@100_ci90_high": 0.36424101029783834,
  "nDCG@100_ci95_low": 0.33371300381629765,
  "nDCG@100_ci95_high": 0.3669124779749836,
  "RR@1": 0.15161725067385445,
  "RR@3": 0.20765947888589395,
  "RR@5": 0.22511230907457289,
  "RR@10": 0.23843590895477665,
  "RR@100": 0.2507335647846774,
  "P@1": 0.15296495956873316,
  "P@3": 0.09411500449236271,
  "P@5": 0.07196765498652356,
  "P@10": 0.04642857142857167,
  "P@100": 0.007877358490565901,
  "R@1": 0.14824797843665768,
  "R@3": 0.27403414195867026,
  "R@5": 0.34984276729559755,
  "R@10": 0.4490678346810423,
  "R@100": 0.7528077268643305,
  "AP": 0.2465919568629796
}