nDCG@1,nDCG@1_std,nDCG@1_stderr,nDCG@1_ci90_low,nDCG@1_ci90_high,nDCG@1_ci95_low,nDCG@1_ci95_high,nDCG@3,nDCG@3_std,nDCG@3_stderr,nDCG@3_ci90_low,nDCG@3_ci90_high,nDCG@3_ci95_low,nDCG@3_ci95_high,nDCG@5,nDCG@5_std,nDCG@5_stderr,nDCG@5_ci90_low,nDCG@5_ci90_high,nDCG@5_ci95_low,nDCG@5_ci95_high,nDCG@10,nDCG@10_std,nDCG@10_stderr,nDCG@10_ci90_low,nDCG@10_ci90_high,nDCG@10_ci95_low,nDCG@10_ci95_high,nDCG@100,nDCG@100_std,nDCG@100_stderr,nDCG@100_ci90_low,nDCG@100_ci90_high,nDCG@100_ci95_low,nDCG@100_ci95_high,RR@1,RR@3,RR@5,RR@10,RR@100,P@1,P@3,P@5,P@10,P@100,R@1,R@3,R@5,R@10,R@100,AP
0.15633423180592992,0.363294339279894,0.009430651156471135,0.1408124950448033,0.17185596856705654,0.13783539739877673,0.17483306621308312,0.23963666753896218,0.3810252804292331,0.009890923455199437,0.22335737699488206,0.2559159580830423,0.22023497914059417,0.2590383559373302,0.27205031020138776,0.3769917459530614,0.009786218117241863,0.25594335226364595,0.28815726813912956,0.2528540081200709,0.2912466122827046,0.2995926943809321,0.36817734984674316,0.009557407795015503,0.28386233117995874,0.3153230575819055,0.2808452185992297,0.31834017016263455,0.36732520569611304,0.32550049477368015,0.008449571836307498,0.35341820949708597,0.3812322018951401,0.35075082205941766,0.38389958933280843,0.15566037735849056,0.22091194968553446,0.2392744833782565,0.25064978821717326,0.26409379720360454,0.15633423180592992,0.10287511230907455,0.07776280323450208,0.04764150943396244,0.008187331536387999,0.15240341419586703,0.2996406109613657,0.37814465408805037,0.4620395327942498,0.7816711590296496,0.2602223718314274
