nDCG@1,nDCG@1_std,nDCG@1_stderr,nDCG@1_ci90_low,nDCG@1_ci90_high,nDCG@1_ci95_low,nDCG@1_ci95_high,nDCG@3,nDCG@3_std,nDCG@3_stderr,nDCG@3_ci90_low,nDCG@3_ci90_high,nDCG@3_ci95_low,nDCG@3_ci95_high,nDCG@5,nDCG@5_std,nDCG@5_stderr,nDCG@5_ci90_low,nDCG@5_ci90_high,nDCG@5_ci95_low,nDCG@5_ci95_high,nDCG@10,nDCG@10_std,nDCG@10_stderr,nDCG@10_ci90_low,nDCG@10_ci90_high,nDCG@10_ci95_low,nDCG@10_ci95_high,nDCG@100,nDCG@100_std,nDCG@100_stderr,nDCG@100_ci90_low,nDCG@100_ci90_high,nDCG@100_ci95_low,nDCG@100_ci95_high,RR@1,RR@3,RR@5,RR@10,RR@100,P@1,P@3,P@5,P@10,P@100,R@1,R@3,R@5,R@10,R@100,AP
0.14555256064690028,0.3527759551206797,0.009157607508359462,0.130480221446978,0.16062489984682257,0.12758931907936527,0.1635158022144353,0.21579776029286146,0.3708790816096057,0.00962754125711243,0.19995196570557625,0.23164355488014668,0.19691271317274286,0.23468280741298006,0.247116698964481,0.36842283173353607,0.009563780187286094,0.2313758475592764,0.2628575503696856,0.22835672332169415,0.2658766746072678,0.2775471611549919,0.36043381296294735,0.00935639559313783,0.26214764027143145,0.29294668203855234,0.2591939838554044,0.2959003384545794,0.3399666459937195,0.32493872607143703,0.008434989047398705,0.32608365134102574,0.3538496406464133,0.3234208674440687,0.3565124245433703,0.14555256064690028,0.20170709793351305,0.21895777178796014,0.23135990245154645,0.24333021274864308,0.14555256064690028,0.09141958670260522,0.07061994609164483,0.04508086253369304,0.007675202156334101,0.1408355795148248,0.26561096136567836,0.3424303683737646,0.4362646001796946,0.7339398023360286,0.23855465358148217
