nDCG@1,nDCG@1_std,nDCG@1_stderr,nDCG@1_ci90_low,nDCG@1_ci90_high,nDCG@1_ci95_low,nDCG@1_ci95_high,nDCG@3,nDCG@3_std,nDCG@3_stderr,nDCG@3_ci90_low,nDCG@3_ci90_high,nDCG@3_ci95_low,nDCG@3_ci95_high,nDCG@5,nDCG@5_std,nDCG@5_stderr,nDCG@5_ci90_low,nDCG@5_ci90_high,nDCG@5_ci95_low,nDCG@5_ci95_high,nDCG@10,nDCG@10_std,nDCG@10_stderr,nDCG@10_ci90_low,nDCG@10_ci90_high,nDCG@10_ci95_low,nDCG@10_ci95_high,nDCG@100,nDCG@100_std,nDCG@100_stderr,nDCG@100_ci90_low,nDCG@100_ci90_high,nDCG@100_ci95_low,nDCG@100_ci95_high,RR@1,RR@3,RR@5,RR@10,RR@100,P@1,P@3,P@5,P@10,P@100,R@1,R@3,R@5,R@10,R@100,AP
0.15296495956873316,0.36007505977253396,0.009347082824332333,0.1375807664015221,0.16834915273594422,0.13463004986966937,0.17129986926779694,0.2227951517132811,0.3757298598012868,0.009753461184887352,0.20674210781314634,0.23884819561341586,0.2036631044811002,0.241927198945462,0.2541251095234069,0.3729896331871172,0.009682328446240406,0.23818914170063488,0.2700610773461789,0.23513259377546014,0.27311762527135364,0.28643466949905794,0.36392052108905987,0.009446906026322607,0.2708861791440665,0.3019831598540494,0.2679039501095527,0.30496538888856317,0.35031274089564063,0.3259984051821087,0.008462496946504297,0.3363844714934429,0.36424101029783834,0.33371300381629765,0.3669124779749836,0.15161725067385445,0.20765947888589395,0.22511230907457289,0.23843590895477665,0.2507335647846774,0.15296495956873316,0.09411500449236271,0.07196765498652356,0.04642857142857167,0.007877358490565901,0.14824797843665768,0.27403414195867026,0.34984276729559755,0.4490678346810423,0.7528077268643305,0.2465919568629796
