{
  "nDCG@1": 0.16172506738544473,
  "nDCG@1_std": 0.36832252993856635,
  "nDCG@1_stderr": 0.009561176482420771,
  "nDCG@1_ci90_low": 0.14598850137059682,
  "nDCG@1_ci90_high": 0.17746163340029264,
  "nDCG@1_ci95_low": 0.14297019907876327,
  "nDCG@1_ci95_high": 0.1804799356921262,
  "nDCG@3": 0.23490331427367822,
  "nDCG@3_std": 0.3834055444866619,
  "nDCG@3_stderr": 0.00995271203145524,
  "nDCG@3_ci90_low": 0.21852232703871485,
  "nDCG@3_ci90_high": 0.25128430150864156,
  "nDCG@3_ci95_low": 0.2153804235721558,
  "nDCG@3_ci95_high": 0.25442620497520063,
  "nDCG@5": 0.26606632309232514,
  "nDCG@5_std": 0.37968488976024706,
  "nDCG@5_stderr": 0.009856128647117228,
  "nDCG@5_ci90_low": 0.2498443006883496,
  "nDCG@5_ci90_high": 0.2822883454963007,
  "nDCG@5_ci95_low": 0.24673288696861578,
  "nDCG@5_ci95_high": 0.2853997592160345,
  "nDCG@10": 0.29744947872890326,
  "nDCG@10_std": 0.3698569725905468,
  "nDCG@10_stderr": 0.009601008628991292,
  "nDCG@10_ci90_low": 0.28164735371039373,
  "nDCG@10_ci90_high": 0.3132516037474128,
  "nDCG@10_ci95_low": 0.2786164770811339,
  "nDCG@10_ci95_high": 0.3162824803766726,
  "nDCG@100": 0.3631606967431473,
  "nDCG@100_std": 0.3294139529771092,
  "nDCG@100_stderr": 0.008551160149533417,
  "nDCG@100_ci90_low": 0.3490864981919457,
  "nDCG@100_ci90_high": 0.37723489529434895,
  "nDCG@100_ci95_low": 0.34638704103574464,
  "nDCG@100_ci95_high": 0.37993435245055,
  "RR@1": 0.1597035040431267,
  "RR@3": 0.2182165318957772,
  "RR@5": 0.23563566936208416,
  "RR@10": 0.24876246095922627,
  "RR@100": 0.26105407907906475,
  "P@1": 0.16172506738544473,
  "P@3": 0.0983827493261454,
  "P@5": 0.07493261455525675,
  "P@10": 0.04737196765498671,
  "P@100": 0.008106469002695278,
  "R@1": 0.15779424977538187,
  "R@3": 0.28807277628032346,
  "R@5": 0.3633198562443846,
  "R@10": 0.4593441150044924,
  "R@100": 0.7727425876010782,
  "AP": 0.2580873182505473
}