nDCG@1,nDCG@1_std,nDCG@1_stderr,nDCG@1_ci90_low,nDCG@1_ci90_high,nDCG@1_ci95_low,nDCG@1_ci95_high,nDCG@3,nDCG@3_std,nDCG@3_stderr,nDCG@3_ci90_low,nDCG@3_ci90_high,nDCG@3_ci95_low,nDCG@3_ci95_high,nDCG@5,nDCG@5_std,nDCG@5_stderr,nDCG@5_ci90_low,nDCG@5_ci90_high,nDCG@5_ci95_low,nDCG@5_ci95_high,nDCG@10,nDCG@10_std,nDCG@10_stderr,nDCG@10_ci90_low,nDCG@10_ci90_high,nDCG@10_ci95_low,nDCG@10_ci95_high,nDCG@100,nDCG@100_std,nDCG@100_stderr,nDCG@100_ci90_low,nDCG@100_ci90_high,nDCG@100_ci95_low,nDCG@100_ci95_high,RR@1,RR@3,RR@5,RR@10,RR@100,P@1,P@3,P@5,P@10,P@100,R@1,R@3,R@5,R@10,R@100,AP
0.16172506738544473,0.36832252993856635,0.009561176482420771,0.14598850137059682,0.17746163340029264,0.14297019907876327,0.1804799356921262,0.23490331427367822,0.3834055444866619,0.00995271203145524,0.21852232703871485,0.25128430150864156,0.2153804235721558,0.25442620497520063,0.26606632309232514,0.37968488976024706,0.009856128647117228,0.2498443006883496,0.2822883454963007,0.24673288696861578,0.2853997592160345,0.29744947872890326,0.3698569725905468,0.009601008628991292,0.28164735371039373,0.3132516037474128,0.2786164770811339,0.3162824803766726,0.3631606967431473,0.3294139529771092,0.008551160149533417,0.3490864981919457,0.37723489529434895,0.34638704103574464,0.37993435245055,0.1597035040431267,0.2182165318957772,0.23563566936208416,0.24876246095922627,0.26105407907906475,0.16172506738544473,0.0983827493261454,0.07493261455525675,0.04737196765498671,0.008106469002695278,0.15779424977538187,0.28807277628032346,0.3633198562443846,0.4593441150044924,0.7727425876010782,0.2580873182505473
