{
  "nDCG@1": 0.15633423180592992,
  "nDCG@1_std": 0.363294339279894,
  "nDCG@1_stderr": 0.009430651156471135,
  "nDCG@1_ci90_low": 0.1408124950448033,
  "nDCG@1_ci90_high": 0.17185596856705654,
  "nDCG@1_ci95_low": 0.13783539739877673,
  "nDCG@1_ci95_high": 0.17483306621308312,
  "nDCG@3": 0.23963666753896218,
  "nDCG@3_std": 0.3810252804292331,
  "nDCG@3_stderr": 0.009890923455199437,
  "nDCG@3_ci90_low": 0.22335737699488206,
  "nDCG@3_ci90_high": 0.2559159580830423,
  "nDCG@3_ci95_low": 0.22023497914059417,
  "nDCG@3_ci95_high": 0.2590383559373302,
  "nDCG@5": 0.27205031020138776,
  "nDCG@5_std": 0.3769917459530614,
  "nDCG@5_stderr": 0.009786218117241863,
  "nDCG@5_ci90_low": 0.25594335226364595,
  "nDCG@5_ci90_high": 0.28815726813912956,
  "nDCG@5_ci95_low": 0.2528540081200709,
  "nDCG@5_ci95_high": 0.2912466122827046,
  "nDCG@10": 0.2995926943809321,
  "nDCG@10_std": 0.36817734984674316,
  "nDCG@10_stderr": 0.009557407795015503,
  "nDCG@10_ci90_low": 0.28386233117995874,
  "nDCG@10_ci90_high": 0.3153230575819055,
  "nDCG@10_ci95_low": 0.2808452185992297,
  "nDCG@10_ci95_high": 0.31834017016263455,
  "nDCG@100": 0.36732520569611304,
  "nDCG@100_std": 0.32550049477368015,
  "nDCG@100_stderr": 0.008449571836307498,
  "nDCG@100_ci90_low": 0.35341820949708597,
  "nDCG@100_ci90_high": 0.3812322018951401,
  "nDCG@100_ci95_low": 0.35075082205941766,
  "nDCG@100_ci95_high": 0.38389958933280843,
  "RR@1": 0.15566037735849056,
  "RR@3": 0.22091194968553446,
  "RR@5": 0.2392744833782565,
  "RR@10": 0.25064978821717326,
  "RR@100": 0.26409379720360454,
  "P@1": 0.15633423180592992,
  "P@3": 0.10287511230907455,
  "P@5": 0.07776280323450208,
  "P@10": 0.04764150943396244,
  "P@100": 0.008187331536387999,
  "R@1": 0.15240341419586703,
  "R@3": 0.2996406109613657,
  "R@5": 0.37814465408805037,
  "R@10": 0.4620395327942498,
  "R@100": 0.7816711590296496,
  "AP": 0.2602223718314274
}