{
  "nDCG@1": 0.07681940700808626,
  "nDCG@1_std": 0.26639445653784133,
  "nDCG@1_stderr": 0.006915255532485889,
  "nDCG@1_ci90_low": 0.06543771403373443,
  "nDCG@1_ci90_high": 0.0882010999824381,
  "nDCG@1_ci95_low": 0.06325468439708953,
  "nDCG@1_ci95_high": 0.09038412961908299,
  "nDCG@3": 0.11743942030938422,
  "nDCG@3_std": 0.29254382719435873,
  "nDCG@3_stderr": 0.007594059372676983,
  "nDCG@3_ci90_low": 0.10494049647312544,
  "nDCG@3_ci90_high": 0.129938344145643,
  "nDCG@3_ci95_low": 0.10254317990324369,
  "nDCG@3_ci95_high": 0.13233566071552474,
  "nDCG@5": 0.1318515473164855,
  "nDCG@5_std": 0.29644339458530927,
  "nDCG@5_stderr": 0.007695287098377581,
  "nDCG@5_ci90_low": 0.11918601461248442,
  "nDCG@5_ci90_high": 0.14451708002048658,
  "nDCG@5_ci95_low": 0.11675674215547509,
  "nDCG@5_ci95_high": 0.1469463524774959,
  "nDCG@10": 0.15421037087892753,
  "nDCG@10_std": 0.29811345539271583,
  "nDCG@10_stderr": 0.007738639716852078,
  "nDCG@10_ci90_low": 0.14147348489075742,
  "nDCG@10_ci90_high": 0.16694725686709763,
  "nDCG@10_ci95_low": 0.13903052674266822,
  "nDCG@10_ci95_high": 0.16939021501518683,
  "nDCG@100": 0.20528468889541432,
  "nDCG@100_std": 0.28513167720246374,
  "nDCG@100_stderr": 0.00740164954589147,
  "nDCG@100_ci90_low": 0.19310244888427713,
  "nDCG@100_ci90_high": 0.2174669289065515,
  "nDCG@100_ci95_low": 0.19076587285424693,
  "nDCG@100_ci95_high": 0.2198035049365817,
  "RR@1": 0.07681940700808626,
  "RR@3": 0.10849056603773588,
  "RR@5": 0.11657681940700812,
  "RR@10": 0.1257425769049758,
  "RR@100": 0.13492335876900638,
  "P@1": 0.07681940700808626,
  "P@3": 0.05031446540880504,
  "P@5": 0.03733153638814033,
  "P@10": 0.02587601078167134,
  "P@100": 0.005249326145552482,
  "R@1": 0.07547169811320754,
  "R@3": 0.14779874213836477,
  "R@5": 0.18238993710691823,
  "R@10": 0.2512353998203055,
  "R@100": 0.5032569631626236,
  "AP": 0.13266205831098354
}