nDCG@1,nDCG@1_std,nDCG@1_stderr,nDCG@1_ci90_low,nDCG@1_ci90_high,nDCG@1_ci95_low,nDCG@1_ci95_high,nDCG@3,nDCG@3_std,nDCG@3_stderr,nDCG@3_ci90_low,nDCG@3_ci90_high,nDCG@3_ci95_low,nDCG@3_ci95_high,nDCG@5,nDCG@5_std,nDCG@5_stderr,nDCG@5_ci90_low,nDCG@5_ci90_high,nDCG@5_ci95_low,nDCG@5_ci95_high,nDCG@10,nDCG@10_std,nDCG@10_stderr,nDCG@10_ci90_low,nDCG@10_ci90_high,nDCG@10_ci95_low,nDCG@10_ci95_high,nDCG@100,nDCG@100_std,nDCG@100_stderr,nDCG@100_ci90_low,nDCG@100_ci90_high,nDCG@100_ci95_low,nDCG@100_ci95_high,RR@1,RR@3,RR@5,RR@10,RR@100,P@1,P@3,P@5,P@10,P@100,R@1,R@3,R@5,R@10,R@100,AP
0.11657681940700809,0.3210235340307778,0.008333355726000864,0.10286110118461828,0.1302925376293979,0.10023040121451542,0.13292323759950075,0.19154103581021764,0.34957740806344945,0.009074577363810317,0.17660535441107147,0.2064767172093638,0.17374066326088003,0.20934140835955525,0.22290388161386504,0.34945232056759423,0.009071330254208265,0.2079735445731986,0.23783421865453147,0.20510987848078868,0.2406978847469414,0.2524317640013254,0.342969825430456,0.008903053065020433,0.2377783913176412,0.26708513668500955,0.2349678474980732,0.2698956805045776,0.3185980367738048,0.307941903746424,0.007993773523827815,0.30544123070535223,0.3317548428422574,0.30291773111388154,0.3342783424337281,0.11590296495956873,0.174752920035939,0.19220575022461792,0.20463595815684726,0.21697260789351513,0.11657681940700809,0.08445642407906515,0.06644204851752078,0.04258760107816754,0.007648247978436527,0.11489218328840971,0.2450022461814915,0.3211477987421384,0.4114442946990116,0.7293351302785266,0.21390844206888876
