nDCG@1,nDCG@1_std,nDCG@1_stderr,nDCG@1_ci90_low,nDCG@1_ci90_high,nDCG@1_ci95_low,nDCG@1_ci95_high,nDCG@3,nDCG@3_std,nDCG@3_stderr,nDCG@3_ci90_low,nDCG@3_ci90_high,nDCG@3_ci95_low,nDCG@3_ci95_high,nDCG@5,nDCG@5_std,nDCG@5_stderr,nDCG@5_ci90_low,nDCG@5_ci90_high,nDCG@5_ci95_low,nDCG@5_ci95_high,nDCG@10,nDCG@10_std,nDCG@10_stderr,nDCG@10_ci90_low,nDCG@10_ci90_high,nDCG@10_ci95_low,nDCG@10_ci95_high,nDCG@100,nDCG@100_std,nDCG@100_stderr,nDCG@100_ci90_low,nDCG@100_ci90_high,nDCG@100_ci95_low,nDCG@100_ci95_high,RR@1,RR@3,RR@5,RR@10,RR@100,P@1,P@3,P@5,P@10,P@100,R@1,R@3,R@5,R@10,R@100,AP
0.07681940700808626,0.26639445653784133,0.006915255532485889,0.06543771403373443,0.0882010999824381,0.06325468439708953,0.09038412961908299,0.11743942030938422,0.29254382719435873,0.007594059372676983,0.10494049647312544,0.129938344145643,0.10254317990324369,0.13233566071552474,0.1318515473164855,0.29644339458530927,0.007695287098377581,0.11918601461248442,0.14451708002048658,0.11675674215547509,0.1469463524774959,0.15421037087892753,0.29811345539271583,0.007738639716852078,0.14147348489075742,0.16694725686709763,0.13903052674266822,0.16939021501518683,0.20528468889541432,0.28513167720246374,0.00740164954589147,0.19310244888427713,0.2174669289065515,0.19076587285424693,0.2198035049365817,0.07681940700808626,0.10849056603773588,0.11657681940700812,0.1257425769049758,0.13492335876900638,0.07681940700808626,0.05031446540880504,0.03733153638814033,0.02587601078167134,0.005249326145552482,0.07547169811320754,0.14779874213836477,0.18238993710691823,0.2512353998203055,0.5032569631626236,0.13266205831098354
