nDCG@1,nDCG@1_std,nDCG@1_stderr,nDCG@1_ci90_low,nDCG@1_ci90_high,nDCG@1_ci95_low,nDCG@1_ci95_high,nDCG@3,nDCG@3_std,nDCG@3_stderr,nDCG@3_ci90_low,nDCG@3_ci90_high,nDCG@3_ci95_low,nDCG@3_ci95_high,nDCG@5,nDCG@5_std,nDCG@5_stderr,nDCG@5_ci90_low,nDCG@5_ci90_high,nDCG@5_ci95_low,nDCG@5_ci95_high,nDCG@10,nDCG@10_std,nDCG@10_stderr,nDCG@10_ci90_low,nDCG@10_ci90_high,nDCG@10_ci95_low,nDCG@10_ci95_high,nDCG@100,nDCG@100_std,nDCG@100_stderr,nDCG@100_ci90_low,nDCG@100_ci90_high,nDCG@100_ci95_low,nDCG@100_ci95_high,RR@1,RR@3,RR@5,RR@10,RR@100,P@1,P@3,P@5,P@10,P@100,R@1,R@3,R@5,R@10,R@100,AP
0.12601078167115903,0.33197338386950576,0.008617599665087477,0.11182723153289767,0.1401943318094204,0.109106800541266,0.1429147628010521,0.20031672993337812,0.35587522274455624,0.009238060487228495,0.18511197464267543,0.21552148522408082,0.18219567462541658,0.21843778524133967,0.23172160358123245,0.3554312981189997,0.009226536778128902,0.2165358149531905,0.2469073922092744,0.21362315277669836,0.24982005438576654,0.2618088959272393,0.34813390487297324,0.009037105888037758,0.24693488814673756,0.27668290370774107,0.24408202610998322,0.27953576574449546,0.3290610610587043,0.3111884210465254,0.008078048913836346,0.3157655476626823,0.34235657445472634,0.31321544375078353,0.3449066783666251,0.12601078167115903,0.1845238095238096,0.2014038634321651,0.21419158858511927,0.22670440079884724,0.12601078167115903,0.08737646001796899,0.068328840970351,0.04380053908355833,0.007816711590296361,0.12320305480682837,0.2545485175202157,0.33058176100628933,0.4228998203054806,0.7453953279424976,0.22281170686269125
