nDCG@1,nDCG@1_std,nDCG@1_stderr,nDCG@1_ci90_low,nDCG@1_ci90_high,nDCG@1_ci95_low,nDCG@1_ci95_high,nDCG@3,nDCG@3_std,nDCG@3_stderr,nDCG@3_ci90_low,nDCG@3_ci90_high,nDCG@3_ci95_low,nDCG@3_ci95_high,nDCG@5,nDCG@5_std,nDCG@5_stderr,nDCG@5_ci90_low,nDCG@5_ci90_high,nDCG@5_ci95_low,nDCG@5_ci95_high,nDCG@10,nDCG@10_std,nDCG@10_stderr,nDCG@10_ci90_low,nDCG@10_ci90_high,nDCG@10_ci95_low,nDCG@10_ci95_high,nDCG@100,nDCG@100_std,nDCG@100_stderr,nDCG@100_ci90_low,nDCG@100_ci90_high,nDCG@100_ci95_low,nDCG@100_ci95_high,RR@1,RR@3,RR@5,RR@10,RR@100,P@1,P@3,P@5,P@10,P@100,R@1,R@3,R@5,R@10,R@100,AP
0.12398921832884097,0.32968034931205314,0.008558075453826898,0.10990363800441016,0.13807479865327177,0.1072019978031794,0.14077643885450253,0.20093071966183904,0.35655168867445625,0.009255620667815868,0.18569706239013495,0.21616437693354312,0.1827752189197865,0.21908622040389159,0.23269597793866742,0.3555990779008708,0.009230892124256979,0.21750302092585733,0.2478889349514775,0.21458898383998828,0.2508029720373466,0.2638928701084644,0.3478602562252611,0.009030002323085085,0.24903055395597767,0.27875518626095114,0.24617993439497055,0.28160580582195827,0.330797800405262,0.3105261442484246,0.008060857064758013,0.3175305827601275,0.3440650180503965,0.31498590602526805,0.346609694785256,0.12398921832884097,0.18441150044923643,0.20183063791554343,0.215150494159928,0.22746384955687612,0.12398921832884097,0.08782569631626191,0.06873315363881462,0.044272237196765866,0.007857142857142722,0.12196765498652291,0.2551100628930818,0.3322663971248877,0.4276168014375561,0.7496069182389936,0.22391128004498626
