nDCG@1,nDCG@1_std,nDCG@1_stderr,nDCG@1_ci90_low,nDCG@1_ci90_high,nDCG@1_ci95_low,nDCG@1_ci95_high,nDCG@3,nDCG@3_std,nDCG@3_stderr,nDCG@3_ci90_low,nDCG@3_ci90_high,nDCG@3_ci95_low,nDCG@3_ci95_high,nDCG@5,nDCG@5_std,nDCG@5_stderr,nDCG@5_ci90_low,nDCG@5_ci90_high,nDCG@5_ci95_low,nDCG@5_ci95_high,nDCG@10,nDCG@10_std,nDCG@10_stderr,nDCG@10_ci90_low,nDCG@10_ci90_high,nDCG@10_ci95_low,nDCG@10_ci95_high,nDCG@100,nDCG@100_std,nDCG@100_stderr,nDCG@100_ci90_low,nDCG@100_ci90_high,nDCG@100_ci95_low,nDCG@100_ci95_high,RR@1,RR@3,RR@5,RR@10,RR@100,P@1,P@3,P@5,P@10,P@100,R@1,R@3,R@5,R@10,R@100,AP
0.10579514824797843,0.30767893359813553,0.007986947158908424,0.0926495775690611,0.11894071892689577,0.09012823294595851,0.12146206354999836,0.1686255772627048,0.3354580720310421,0.008708057662604513,0.15429314395592175,0.18295801056948785,0.15154415689886003,0.18570699762654957,0.19470191499031478,0.3374409618192294,0.008759530916801617,0.18028476279311473,0.20911906718751483,0.17751952649712338,0.21188430348350618,0.22400436707798463,0.33339421287467785,0.008654482548336727,0.2097601120747794,0.23824862208118985,0.20702803777845136,0.2409806963775179,0.2851178752580031,0.3058082684323339,0.007938387110755165,0.2720522286768004,0.29818352183920577,0.26954621364257236,0.3006895368734338,0.10646900269541779,0.1549865229110513,0.16960916442048518,0.1818578060154878,0.1933112938754054,0.10579514824797843,0.07345013477088919,0.05714285714285758,0.03793800539083593,0.0069474393530996135,0.10377358490566038,0.21462264150943397,0.2770103324348608,0.3666329739442947,0.6622866127583109,0.18991105712582737
