{
  "nDCG@1": 0.11657681940700809,
  "nDCG@1_std": 0.3210235340307778,
  "nDCG@1_stderr": 0.008333355726000864,
  "nDCG@1_ci90_low": 0.10286110118461828,
  "nDCG@1_ci90_high": 0.1302925376293979,
  "nDCG@1_ci95_low": 0.10023040121451542,
  "nDCG@1_ci95_high": 0.13292323759950075,
  "nDCG@3": 0.19154103581021764,
  "nDCG@3_std": 0.34957740806344945,
  "nDCG@3_stderr": 0.009074577363810317,
  "nDCG@3_ci90_low": 0.17660535441107147,
  "nDCG@3_ci90_high": 0.2064767172093638,
  "nDCG@3_ci95_low": 0.17374066326088003,
  "nDCG@3_ci95_high": 0.20934140835955525,
  "nDCG@5": 0.22290388161386504,
  "nDCG@5_std": 0.34945232056759423,
  "nDCG@5_stderr": 0.009071330254208265,
  "nDCG@5_ci90_low": 0.2079735445731986,
  "nDCG@5_ci90_high": 0.23783421865453147,
  "nDCG@5_ci95_low": 0.20510987848078868,
  "nDCG@5_ci95_high": 0.2406978847469414,
  "nDCG@10": 0.2524317640013254,
  "nDCG@10_std": 0.342969825430456,
  "nDCG@10_stderr": 0.008903053065020433,
  "nDCG@10_ci90_low": 0.2377783913176412,
  "nDCG@10_ci90_high": 0.26708513668500955,
  "nDCG@10_ci95_low": 0.2349678474980732,
  "nDCG@10_ci95_high": 0.2698956805045776,
  "nDCG@100": 0.3185980367738048,
  "nDCG@100_std": 0.307941903746424,
  "nDCG@100_stderr": 0.007993773523827815,
  "nDCG@100_ci90_low": 0.30544123070535223,
  "nDCG@100_ci90_high": 0.3317548428422574,
  "nDCG@100_ci95_low": 0.30291773111388154,
  "nDCG@100_ci95_high": 0.3342783424337281,
  "RR@1": 0.11590296495956873,
  "RR@3": 0.174752920035939,
  "RR@5": 0.19220575022461792,
  "RR@10": 0.20463595815684726,
  "RR@100": 0.21697260789351513,
  "P@1": 0.11657681940700809,
  "P@3": 0.08445642407906515,
  "P@5": 0.06644204851752078,
  "P@10": 0.04258760107816754,
  "P@100": 0.007648247978436527,
  "R@1": 0.11489218328840971,
  "R@3": 0.2450022461814915,
  "R@5": 0.3211477987421384,
  "R@10": 0.4114442946990116,
  "R@100": 0.7293351302785266,
  "AP": 0.21390844206888876
}