{
  "nDCG@1": 0.12398921832884097,
  "nDCG@1_std": 0.32968034931205314,
  "nDCG@1_stderr": 0.008558075453826898,
  "nDCG@1_ci90_low": 0.10990363800441016,
  "nDCG@1_ci90_high": 0.13807479865327177,
  "nDCG@1_ci95_low": 0.1072019978031794,
  "nDCG@1_ci95_high": 0.14077643885450253,
  "nDCG@3": 0.20093071966183904,
  "nDCG@3_std": 0.35655168867445625,
  "nDCG@3_stderr": 0.009255620667815868,
  "nDCG@3_ci90_low": 0.18569706239013495,
  "nDCG@3_ci90_high": 0.21616437693354312,
  "nDCG@3_ci95_low": 0.1827752189197865,
  "nDCG@3_ci95_high": 0.21908622040389159,
  "nDCG@5": 0.23269597793866742,
  "nDCG@5_std": 0.3555990779008708,
  "nDCG@5_stderr": 0.009230892124256979,
  "nDCG@5_ci90_low": 0.21750302092585733,
  "nDCG@5_ci90_high": 0.2478889349514775,
  "nDCG@5_ci95_low": 0.21458898383998828,
  "nDCG@5_ci95_high": 0.2508029720373466,
  "nDCG@10": 0.2638928701084644,
  "nDCG@10_std": 0.3478602562252611,
  "nDCG@10_stderr": 0.009030002323085085,
  "nDCG@10_ci90_low": 0.24903055395597767,
  "nDCG@10_ci90_high": 0.27875518626095114,
  "nDCG@10_ci95_low": 0.24617993439497055,
  "nDCG@10_ci95_high": 0.28160580582195827,
  "nDCG@100": 0.330797800405262,
  "nDCG@100_std": 0.3105261442484246,
  "nDCG@100_stderr": 0.008060857064758013,
  "nDCG@100_ci90_low": 0.3175305827601275,
  "nDCG@100_ci90_high": 0.3440650180503965,
  "nDCG@100_ci95_low": 0.31498590602526805,
  "nDCG@100_ci95_high": 0.346609694785256,
  "RR@1": 0.12398921832884097,
  "RR@3": 0.18441150044923643,
  "RR@5": 0.20183063791554343,
  "RR@10": 0.215150494159928,
  "RR@100": 0.22746384955687612,
  "P@1": 0.12398921832884097,
  "P@3": 0.08782569631626191,
  "P@5": 0.06873315363881462,
  "P@10": 0.044272237196765866,
  "P@100": 0.007857142857142722,
  "R@1": 0.12196765498652291,
  "R@3": 0.2551100628930818,
  "R@5": 0.3322663971248877,
  "R@10": 0.4276168014375561,
  "R@100": 0.7496069182389936,
  "AP": 0.22391128004498626
}