{
  "nDCG@1": 0.10579514824797843,
  "nDCG@1_std": 0.30767893359813553,
  "nDCG@1_stderr": 0.007986947158908424,
  "nDCG@1_ci90_low": 0.0926495775690611,
  "nDCG@1_ci90_high": 0.11894071892689577,
  "nDCG@1_ci95_low": 0.09012823294595851,
  "nDCG@1_ci95_high": 0.12146206354999836,
  "nDCG@3": 0.1686255772627048,
  "nDCG@3_std": 0.3354580720310421,
  "nDCG@3_stderr": 0.008708057662604513,
  "nDCG@3_ci90_low": 0.15429314395592175,
  "nDCG@3_ci90_high": 0.18295801056948785,
  "nDCG@3_ci95_low": 0.15154415689886003,
  "nDCG@3_ci95_high": 0.18570699762654957,
  "nDCG@5": 0.19470191499031478,
  "nDCG@5_std": 0.3374409618192294,
  "nDCG@5_stderr": 0.008759530916801617,
  "nDCG@5_ci90_low": 0.18028476279311473,
  "nDCG@5_ci90_high": 0.20911906718751483,
  "nDCG@5_ci95_low": 0.17751952649712338,
  "nDCG@5_ci95_high": 0.21188430348350618,
  "nDCG@10": 0.22400436707798463,
  "nDCG@10_std": 0.33339421287467785,
  "nDCG@10_stderr": 0.008654482548336727,
  "nDCG@10_ci90_low": 0.2097601120747794,
  "nDCG@10_ci90_high": 0.23824862208118985,
  "nDCG@10_ci95_low": 0.20702803777845136,
  "nDCG@10_ci95_high": 0.2409806963775179,
  "nDCG@100": 0.2851178752580031,
  "nDCG@100_std": 0.3058082684323339,
  "nDCG@100_stderr": 0.007938387110755165,
  "nDCG@100_ci90_low": 0.2720522286768004,
  "nDCG@100_ci90_high": 0.29818352183920577,
  "nDCG@100_ci95_low": 0.26954621364257236,
  "nDCG@100_ci95_high": 0.3006895368734338,
  "RR@1": 0.10646900269541779,
  "RR@3": 0.1549865229110513,
  "RR@5": 0.16960916442048518,
  "RR@10": 0.1818578060154878,
  "RR@100": 0.1933112938754054,
  "P@1": 0.10579514824797843,
  "P@3": 0.07345013477088919,
  "P@5": 0.05714285714285758,
  "P@10": 0.03793800539083593,
  "P@100": 0.0069474393530996135,
  "R@1": 0.10377358490566038,
  "R@3": 0.21462264150943397,
  "R@5": 0.2770103324348608,
  "R@10": 0.3666329739442947,
  "R@100": 0.6622866127583109,
  "AP": 0.18991105712582737
}