nDCG@1,nDCG@1_std,nDCG@1_stderr,nDCG@1_ci90_low,nDCG@1_ci90_high,nDCG@1_ci95_low,nDCG@1_ci95_high,nDCG@3,nDCG@3_std,nDCG@3_stderr,nDCG@3_ci90_low,nDCG@3_ci90_high,nDCG@3_ci95_low,nDCG@3_ci95_high,nDCG@5,nDCG@5_std,nDCG@5_stderr,nDCG@5_ci90_low,nDCG@5_ci90_high,nDCG@5_ci95_low,nDCG@5_ci95_high,nDCG@10,nDCG@10_std,nDCG@10_stderr,nDCG@10_ci90_low,nDCG@10_ci90_high,nDCG@10_ci95_low,nDCG@10_ci95_high,nDCG@100,nDCG@100_std,nDCG@100_stderr,nDCG@100_ci90_low,nDCG@100_ci90_high,nDCG@100_ci95_low,nDCG@100_ci95_high,RR@1,RR@3,RR@5,RR@10,RR@100,P@1,P@3,P@5,P@10,P@100,R@1,R@3,R@5,R@10,R@100,AP
0.1522911051212938,0.3594239512019637,0.00933018088799551,0.13693473054287586,0.16764747969971172,0.13398934966749554,0.17059286057509204,0.2342670494529586,0.37709763228286736,0.0097889667894084,0.21815556752582269,0.2503785313800945,0.2150653556727649,0.25346874323315227,0.26248381956184597,0.37416406606606967,0.009712815204746043,0.2464976741392059,0.27846996498448606,0.24343150205812972,0.2815361370655622,0.29771418091510393,0.3632539620127449,0.009429603014840606,0.2821941692711731,0.3132341925590348,0.27921740250579613,0.31621095932441173,0.3620643011309693,0.32277278683621935,0.008378764066316038,0.34827384614932105,0.3758547561126176,0.34562881153139596,0.3784997907305427,0.1522911051212938,0.21698113207547162,0.2324123989218325,0.2472256984554825,0.2593311180544676,0.1522911051212938,0.10085354896675643,0.07493261455525675,0.04865229110512141,0.008187331536387999,0.1483041329739443,0.29430592991913745,0.3628144654088051,0.46962039532794253,0.777234950584007,0.25457023002332974
