{
  "nDCG@1": 0.1792452830188679,
  "nDCG@3": 0.26731555039802607,
  "nDCG@5": 0.30243981023700534,
  "nDCG@10": 0.3373713847348736,
  "nDCG@100": 0.4009267890016515,
  "RR@1": 0.1792452830188679,
  "RR@3": 0.2492138364779871,
  "RR@5": 0.268823000898472,
  "RR@10": 0.2831413382963246,
  "RR@100": 0.29522004600508855,
  "P@1": 0.1792452830188679,
  "P@3": 0.11433063791554388,
  "P@5": 0.0859838274932623,
  "P@10": 0.054312668463611664,
  "P@100": 0.00868598382749311,
  "R@1": 0.17346136567834683,
  "R@3": 0.3318171608265948,
  "R@5": 0.41661051212938005,
  "R@10": 0.5227425876010782,
  "R@100": 0.824966307277628,
  "AP": 0.28951937119239474
}