{
  "nDCG@1": 0.1522911051212938,
  "nDCG@3": 0.2342670494529586,
  "nDCG@5": 0.26248381956184597,
  "nDCG@10": 0.29771418091510393,
  "nDCG@100": 0.3620643011309693,
  "RR@1": 0.1522911051212938,
  "RR@3": 0.21698113207547162,
  "RR@5": 0.2324123989218325,
  "RR@10": 0.2472256984554825,
  "RR@100": 0.2593311180544676,
  "P@1": 0.1522911051212938,
  "P@3": 0.10085354896675643,
  "P@5": 0.07493261455525675,
  "P@10": 0.04865229110512141,
  "P@100": 0.008187331536387999,
  "R@1": 0.1483041329739443,
  "R@3": 0.29430592991913745,
  "R@5": 0.3628144654088051,
  "R@10": 0.46962039532794253,
  "R@100": 0.777234950584007,
  "AP": 0.25457023002332974
}