{
  "nDCG@1": 0.16442048517520216,
  "nDCG@1_std": 0.3707816474500946,
  "nDCG@1_stderr": 0.009625011992354564,
  "nDCG@1_ci90_low": 0.14857885345865826,
  "nDCG@1_ci90_high": 0.18026211689174607,
  "nDCG@1_ci95_low": 0.1455403993720861,
  "nDCG@1_ci95_high": 0.18330057097831823,
  "nDCG@3": 0.2513792107695589,
  "nDCG@3_std": 0.3860137510375471,
  "nDCG@3_stderr": 0.010020417700016375,
  "nDCG@3_ci90_low": 0.234886788009391,
  "nDCG@3_ci90_high": 0.26787163352972676,
  "nDCG@3_ci95_low": 0.23172351100423408,
  "nDCG@3_ci95_high": 0.2710349105348837,
  "nDCG@5": 0.2855442381781228,
  "nDCG@5_std": 0.38089192374585806,
  "nDCG@5_stderr": 0.00988746168818488,
  "nDCG@5_ci90_low": 0.2692706452932432,
  "nDCG@5_ci90_high": 0.3018178310630024,
  "nDCG@5_ci95_low": 0.26614934026046455,
  "nDCG@5_ci95_high": 0.30493913609578105,
  "nDCG@10": 0.3218355836300903,
  "nDCG@10_std": 0.367407298795611,
  "nDCG@10_stderr": 0.009537418265725574,
  "nDCG@10_ci90_low": 0.3061381208308463,
  "nDCG@10_ci90_high": 0.3375330464293343,
  "nDCG@10_ci95_low": 0.30312731860765313,
  "nDCG@10_ci95_high": 0.34054384865252746,
  "nDCG@100": 0.384783175464094,
  "nDCG@100_std": 0.32450239037922896,
  "nDCG@100_stderr": 0.008423662337193178,
  "nDCG@100_ci90_low": 0.37091882323717373,
  "nDCG@100_ci90_high": 0.3986475276910143,
  "nDCG@100_ci95_low": 0.36825961499175236,
  "nDCG@100_ci95_high": 0.4013067359364357,
  "RR@1": 0.1637466307277628,
  "RR@3": 0.23393980233602868,
  "RR@5": 0.2527066486972143,
  "RR@10": 0.2679111581739611,
  "RR@100": 0.2795063362048761,
  "P@1": 0.16442048517520216,
  "P@3": 0.10781671159029661,
  "P@5": 0.08167115902965039,
  "P@10": 0.052425876010781594,
  "P@100": 0.008517520215633276,
  "R@1": 0.15931042228212042,
  "R@3": 0.3130615453728662,
  "R@5": 0.39583333333333337,
  "R@10": 0.506233153638814,
  "R@100": 0.8075584007187779,
  "AP": 0.27420370312908277
}