nDCG@1,nDCG@3,nDCG@5,nDCG@10,nDCG@100,RR@1,RR@3,RR@5,RR@10,RR@100,P@1,P@3,P@5,P@10,P@100,R@1,R@3,R@5,R@10,R@100,AP
0.1522911051212938,0.2342670494529586,0.26248381956184597,0.29771418091510393,0.3620643011309693,0.1522911051212938,0.21698113207547162,0.2324123989218325,0.2472256984554825,0.2593311180544676,0.1522911051212938,0.10085354896675643,0.07493261455525675,0.04865229110512141,0.008187331536387999,0.1483041329739443,0.29430592991913745,0.3628144654088051,0.46962039532794253,0.777234950584007,0.25457023002332974
