{
  "nDCG@1": 0.16442048517520216,
  "nDCG@3": 0.2513792107695589,
  "nDCG@5": 0.2855442381781228,
  "nDCG@10": 0.3218355836300903,
  "nDCG@100": 0.384783175464094,
  "RR@1": 0.1637466307277628,
  "RR@3": 0.23393980233602868,
  "RR@5": 0.2527066486972143,
  "RR@10": 0.2679111581739611,
  "RR@100": 0.2795063362048761,
  "P@1": 0.16442048517520216,
  "P@3": 0.10781671159029661,
  "P@5": 0.08167115902965039,
  "P@10": 0.052425876010781594,
  "P@100": 0.008517520215633276,
  "R@1": 0.15931042228212042,
  "R@3": 0.3130615453728662,
  "R@5": 0.39583333333333337,
  "R@10": 0.506233153638814,
  "R@100": 0.8075584007187779,
  "AP": 0.27420370312908277
}