{
  "nDCG@1": 0.1792452830188679,
  "nDCG@1_std": 0.38368686898328475,
  "nDCG@1_stderr": 0.00996001485151756,
  "nDCG@1_ci90_low": 0.1628522762055382,
  "nDCG@1_ci90_high": 0.19563828983219764,
  "nDCG@1_ci95_low": 0.1597080673617516,
  "nDCG@1_ci95_high": 0.19878249867598421,
  "nDCG@3": 0.26731555039802607,
  "nDCG@3_std": 0.3938635255145396,
  "nDCG@3_stderr": 0.010224187692403878,
  "nDCG@3_ci90_low": 0.2504877463233362,
  "nDCG@3_ci90_high": 0.28414335447271594,
  "nDCG@3_ci95_low": 0.24726014256548717,
  "nDCG@3_ci95_high": 0.28737095823056497,
  "nDCG@5": 0.30243981023700534,
  "nDCG@5_std": 0.3872132254530124,
  "nDCG@5_stderr": 0.010051554504420725,
  "nDCG@5_ci90_low": 0.28589613997827895,
  "nDCG@5_ci90_high": 0.3189834804957317,
  "nDCG@5_ci95_low": 0.28272303360868484,
  "nDCG@5_ci95_high": 0.32215658686532583,
  "nDCG@10": 0.3373713847348736,
  "nDCG@10_std": 0.373302197379644,
  "nDCG@10_stderr": 0.009690442208402423,
  "nDCG@10_ci90_low": 0.32142206261892164,
  "nDCG@10_ci90_high": 0.35332070685082556,
  "nDCG@10_ci95_low": 0.3183629533157644,
  "nDCG@10_ci95_high": 0.3563798161539828,
  "nDCG@100": 0.4009267890016515,
  "nDCG@100_std": 0.3280458894482022,
  "nDCG@100_stderr": 0.008515646989800221,
  "nDCG@100_ci90_low": 0.38691104091243694,
  "nDCG@100_ci90_high": 0.4149425370908661,
  "nDCG@100_ci95_low": 0.38422279466230064,
  "nDCG@100_ci95_high": 0.4176307833410024,
  "RR@1": 0.1792452830188679,
  "RR@3": 0.2492138364779871,
  "RR@5": 0.268823000898472,
  "RR@10": 0.2831413382963246,
  "RR@100": 0.29522004600508855,
  "P@1": 0.1792452830188679,
  "P@3": 0.11433063791554388,
  "P@5": 0.0859838274932623,
  "P@10": 0.054312668463611664,
  "P@100": 0.00868598382749311,
  "R@1": 0.17346136567834683,
  "R@3": 0.3318171608265948,
  "R@5": 0.41661051212938005,
  "R@10": 0.5227425876010782,
  "R@100": 0.824966307277628,
  "AP": 0.28951937119239474
}