nDCG@1,nDCG@3,nDCG@5,nDCG@10,nDCG@100,RR@1,RR@3,RR@5,RR@10,RR@100,P@1,P@3,P@5,P@10,P@100,R@1,R@3,R@5,R@10,R@100,AP
0.11522911051212938,0.17762363815867568,0.2060450343243207,0.23719584926771178,0.29623065346521116,0.11522911051212938,0.16385893980233618,0.17993036837376458,0.1930317567278483,0.20381222574569025,0.11522911051212938,0.07681940700808591,0.06037735849056651,0.04002695417789796,0.007075471698113091,0.1122529200359389,0.22321428571428573,0.29194743935309975,0.3872978436657682,0.6743598382749326,0.2002448068627581
