nDCG@1,nDCG@1_std,nDCG@1_stderr,nDCG@1_ci90_low,nDCG@1_ci90_high,nDCG@1_ci95_low,nDCG@1_ci95_high,nDCG@3,nDCG@3_std,nDCG@3_stderr,nDCG@3_ci90_low,nDCG@3_ci90_high,nDCG@3_ci95_low,nDCG@3_ci95_high,nDCG@5,nDCG@5_std,nDCG@5_stderr,nDCG@5_ci90_low,nDCG@5_ci90_high,nDCG@5_ci95_low,nDCG@5_ci95_high,nDCG@10,nDCG@10_std,nDCG@10_stderr,nDCG@10_ci90_low,nDCG@10_ci90_high,nDCG@10_ci95_low,nDCG@10_ci95_high,nDCG@100,nDCG@100_std,nDCG@100_stderr,nDCG@100_ci90_low,nDCG@100_ci90_high,nDCG@100_ci95_low,nDCG@100_ci95_high,RR@1,RR@3,RR@5,RR@10,RR@100,P@1,P@3,P@5,P@10,P@100,R@1,R@3,R@5,R@10,R@100,AP
0.1280323450134771,0.3342384530913649,0.0086763979324069,0.11375201987927963,0.14231267014767457,0.11101302726551573,0.14505166276143847,0.1977768452391155,0.35690734344478725,0.009264853005643578,0.1825279926309417,0.21302569784728934,0.17960323466712314,0.2159504558111079,0.22793959196528205,0.3562594674883696,0.009248034983789037,0.21271841983258524,0.24316076409797885,0.2097989710348511,0.246080212895713,0.2603229117302844,0.3491295811761669,0.009062952357043567,0.24540636371778204,0.27523945974278674,0.2425453423863238,0.27810048107424495,0.3209563922396585,0.3165138807745466,0.008216290960333281,0.30743334878028844,0.33447943569902855,0.30483960418394707,0.3370731802953699,0.1280323450134771,0.18216531895777188,0.19928122192273132,0.2128168720318315,0.22401851345599022,0.1280323450134771,0.08557951482479738,0.06630727762803292,0.04346361185983868,0.007486522911051087,0.12471922731356692,0.24848382749326145,0.3212601078167116,0.4198674752920035,0.7127695417789758,0.22048755704239267
