{
  "nDCG@1": 0.17857142857142858,
  "nDCG@1_std": 0.38312215227800445,
  "nDCG@1_stderr": 0.009945355536262919,
  "nDCG@1_ci90_low": 0.16220254925774924,
  "nDCG@1_ci90_high": 0.1949403078851079,
  "nDCG@1_ci95_low": 0.15906296811275175,
  "nDCG@1_ci95_high": 0.1980798890301054,
  "nDCG@3": 0.2672211577287544,
  "nDCG@3_std": 0.39403367593699046,
  "nDCG@3_stderr": 0.01022860457729518,
  "nDCG@3_ci90_low": 0.2503860839837682,
  "nDCG@3_ci90_high": 0.28405623147374054,
  "nDCG@3_ci95_low": 0.24715708588979177,
  "nDCG@3_ci95_high": 0.287285229567717,
  "nDCG@5": 0.30311847504320244,
  "nDCG@5_std": 0.3871657643035819,
  "nDCG@5_stderr": 0.010050322474368588,
  "nDCG@5_ci90_low": 0.28657683256027155,
  "nDCG@5_ci90_high": 0.3196601175261333,
  "nDCG@5_ci95_low": 0.2834041151218029,
  "nDCG@5_ci95_high": 0.32283283496460197,
  "nDCG@10": 0.336275928690428,
  "nDCG@10_std": 0.3738173336675292,
  "nDCG@10_stderr": 0.009703814480149663,
  "nDCG@10_ci90_low": 0.32030459739626393,
  "nDCG@10_ci90_high": 0.35224725998459205,
  "nDCG@10_ci95_low": 0.3172412666922638,
  "nDCG@10_ci95_high": 0.35531059068859216,
  "nDCG@100": 0.40090986094999825,
  "nDCG@100_std": 0.3280863999893414,
  "nDCG@100_stderr": 0.008516698591051156,
  "nDCG@100_ci90_low": 0.38689238204946175,
  "nDCG@100_ci90_high": 0.41492733985053476,
  "nDCG@100_ci95_low": 0.38420380382653196,
  "nDCG@100_ci95_high": 0.41761591807346454,
  "RR@1": 0.1778975741239892,
  "RR@3": 0.2484276729559746,
  "RR@5": 0.2682053009883193,
  "RR@10": 0.2821391135070377,
  "RR@100": 0.2943644266347894,
  "P@1": 0.17857142857142858,
  "P@3": 0.11410601976639742,
  "P@5": 0.08625336927223803,
  "P@10": 0.05390835579514808,
  "P@100": 0.008699460916441897,
  "R@1": 0.17312443845462713,
  "R@3": 0.33148023360287515,
  "R@5": 0.4182951482479784,
  "R@10": 0.5190363881401617,
  "R@100": 0.8256401617250674,
  "AP": 0.2894851414293935
}