{
  "nDCG@1": 0.1725067385444744,
  "nDCG@1_std": 0.3779476419412676,
  "nDCG@1_stderr": 0.009811031940723152,
  "nDCG@1_ci90_low": 0.15635893998716954,
  "nDCG@1_ci90_high": 0.18865453710177926,
  "nDCG@1_ci95_low": 0.1532617625376807,
  "nDCG@1_ci95_high": 0.1917517145512681,
  "nDCG@3": 0.2629413142748307,
  "nDCG@3_std": 0.3904346504217302,
  "nDCG@3_stderr": 0.010135178529961398,
  "nDCG@3_ci90_low": 0.24626000875743426,
  "nDCG@3_ci90_high": 0.27962261979222713,
  "nDCG@3_ci95_low": 0.24306050369219784,
  "nDCG@3_ci95_high": 0.28282212485746355,
  "nDCG@5": 0.29575536236166866,
  "nDCG@5_std": 0.3846729021681628,
  "nDCG@5_stderr": 0.009985610997644473,
  "nDCG@5_ci90_low": 0.27932022731819983,
  "nDCG@5_ci90_high": 0.3121904974051375,
  "nDCG@5_ci95_low": 0.27616793820242386,
  "nDCG@5_ci95_high": 0.31534278652091347,
  "nDCG@10": 0.33362198666377435,
  "nDCG@10_std": 0.36987779439403945,
  "nDCG@10_stderr": 0.009601549136078679,
  "nDCG@10_ci90_low": 0.3178189720345064,
  "nDCG@10_ci90_high": 0.3494250012930423,
  "nDCG@10_ci95_low": 0.3147879247762676,
  "nDCG@10_ci95_high": 0.3524560485512811,
  "nDCG@100": 0.3954711647494604,
  "nDCG@100_std": 0.32607667805304436,
  "nDCG@100_stderr": 0.008464528808994289,
  "nDCG@100_ci90_low": 0.38153955114184346,
  "nDCG@100_ci90_high": 0.4094027783570774,
  "nDCG@100_ci95_low": 0.3788674420399508,
  "nDCG@100_ci95_high": 0.41207488745897003,
  "RR@1": 0.17183288409703504,
  "RR@3": 0.24427223719676527,
  "RR@5": 0.26229784366576775,
  "RR@10": 0.27798661917597206,
  "RR@100": 0.28951845744122257,
  "P@1": 0.1725067385444744,
  "P@3": 0.11320754716981159,
  "P@5": 0.08409703504043209,
  "P@10": 0.0541778975741238,
  "P@100": 0.008618598382749176,
  "R@1": 0.16705974842767296,
  "R@3": 0.32844788858939805,
  "R@5": 0.40785040431266845,
  "R@10": 0.5227425876010782,
  "R@100": 0.8182277628032345,
  "AP": 0.2842399900062678
}