nDCG@1,nDCG@3,nDCG@5,nDCG@10,nDCG@100,RR@1,RR@3,RR@5,RR@10,RR@100,P@1,P@3,P@5,P@10,P@100,R@1,R@3,R@5,R@10,R@100,AP
0.1725067385444744,0.2629413142748307,0.29575536236166866,0.33362198666377435,0.3954711647494604,0.17183288409703504,0.24427223719676527,0.26229784366576775,0.27798661917597206,0.28951845744122257,0.1725067385444744,0.11320754716981159,0.08409703504043209,0.0541778975741238,0.008618598382749176,0.16705974842767296,0.32844788858939805,0.40785040431266845,0.5227425876010782,0.8182277628032345,0.2842399900062678
