{
  "nDCG@1": 0.11522911051212938,
  "nDCG@1_std": 0.3194058692433464,
  "nDCG@1_stderr": 0.008291363240434996,
  "nDCG@1_ci90_low": 0.10158250695595766,
  "nDCG@1_ci90_high": 0.1288757140683011,
  "nDCG@1_ci95_low": 0.09896506330589619,
  "nDCG@1_ci95_high": 0.13149315771836256,
  "nDCG@3": 0.17762363815867568,
  "nDCG@3_std": 0.3437882283834077,
  "nDCG@3_stderr": 0.008924297747142405,
  "nDCG@3_ci90_low": 0.16293529924010486,
  "nDCG@3_ci90_high": 0.1923119770772465,
  "nDCG@3_ci95_low": 0.1601180488324035,
  "nDCG@3_ci95_high": 0.19512922748494788,
  "nDCG@5": 0.2060450343243207,
  "nDCG@5_std": 0.34489688929380785,
  "nDCG@5_stderr": 0.008953077150415033,
  "nDCG@5_ci90_low": 0.19130932791072452,
  "nDCG@5_ci90_high": 0.22078074073791687,
  "nDCG@5_ci95_low": 0.18848299233039661,
  "nDCG@5_ci95_high": 0.22360707631824478,
  "nDCG@10": 0.23719584926771178,
  "nDCG@10_std": 0.33956369675442,
  "nDCG@10_stderr": 0.008814634370136775,
  "nDCG@10_ci90_low": 0.2226880033015337,
  "nDCG@10_ci90_high": 0.25170369523388986,
  "nDCG@10_ci95_low": 0.21990537177392044,
  "nDCG@10_ci95_high": 0.2544863267615031,
  "nDCG@100": 0.29623065346521116,
  "nDCG@100_std": 0.31137323366194974,
  "nDCG@100_stderr": 0.008082846410292903,
  "nDCG@100_ci90_low": 0.2829272439572584,
  "nDCG@100_ci90_high": 0.30953406297316394,
  "nDCG@100_ci95_low": 0.2803756255565751,
  "nDCG@100_ci95_high": 0.31208568137384723,
  "RR@1": 0.11522911051212938,
  "RR@3": 0.16385893980233618,
  "RR@5": 0.17993036837376458,
  "RR@10": 0.1930317567278483,
  "RR@100": 0.20381222574569025,
  "P@1": 0.11522911051212938,
  "P@3": 0.07681940700808591,
  "P@5": 0.06037735849056651,
  "P@10": 0.04002695417789796,
  "P@100": 0.007075471698113091,
  "R@1": 0.1122529200359389,
  "R@3": 0.22321428571428573,
  "R@5": 0.29194743935309975,
  "R@10": 0.3872978436657682,
  "R@100": 0.6743598382749326,
  "AP": 0.2002448068627581
}