nDCG@1,nDCG@1_std,nDCG@1_stderr,nDCG@1_ci90_low,nDCG@1_ci90_high,nDCG@1_ci95_low,nDCG@1_ci95_high,nDCG@3,nDCG@3_std,nDCG@3_stderr,nDCG@3_ci90_low,nDCG@3_ci90_high,nDCG@3_ci95_low,nDCG@3_ci95_high,nDCG@5,nDCG@5_std,nDCG@5_stderr,nDCG@5_ci90_low,nDCG@5_ci90_high,nDCG@5_ci95_low,nDCG@5_ci95_high,nDCG@10,nDCG@10_std,nDCG@10_stderr,nDCG@10_ci90_low,nDCG@10_ci90_high,nDCG@10_ci95_low,nDCG@10_ci95_high,nDCG@100,nDCG@100_std,nDCG@100_stderr,nDCG@100_ci90_low,nDCG@100_ci90_high,nDCG@100_ci95_low,nDCG@100_ci95_high,RR@1,RR@3,RR@5,RR@10,RR@100,P@1,P@3,P@5,P@10,P@100,R@1,R@3,R@5,R@10,R@100,AP
0.7742587601078167,0.4182104609404206,0.010856202645308816,0.7563907341475622,0.7921267860680712,0.7529636139197126,0.7955539062959208,0.8379464384967193,0.32393342597403896,0.008408892757142931,0.8241063952522657,0.851786481741173,0.8214518495143712,0.8544410274790675,0.8579730405528362,0.2860176054693959,0.007424647097825956,0.8457529492903533,0.8701931318153191,0.843409113320729,0.8725369677849434,0.8712629952875869,0.2531162120911109,0.006570569480961731,0.8604486147997454,0.8820773757754283,0.8583743967409635,0.8841515938342103,0.8785714644390118,0.23202852009697292,0.00602316027198254,0.8686580547856775,0.8884848740923461,0.8667566445893036,0.89038628428872,0.7742587601078167,0.8282794249775386,0.8381176999101535,0.8433133316219575,0.8447629191304112,0.7742587601078167,0.3077268643306329,0.19595687331535913,0.10235849056603509,0.010606469002695228,0.7527515723270441,0.8815139263252469,0.9275606469002695,0.9668688230008984,0.9973045822102425,0.8401016076929058
