{
  "nDCG@1": 0.7796495956873315,
  "nDCG@1_std": 0.4146226564747066,
  "nDCG@1_stderr": 0.010763067881907755,
  "nDCG@1_ci90_low": 0.7619348585357537,
  "nDCG@1_ci90_high": 0.7973643328389093,
  "nDCG@1_ci95_low": 0.7585371393832152,
  "nDCG@1_ci95_high": 0.8007620519914478,
  "nDCG@3": 0.8441556173906355,
  "nDCG@3_std": 0.3177615867830151,
  "nDCG@3_stderr": 0.008248679794508409,
  "nDCG@3_ci90_low": 0.8305792657397393,
  "nDCG@3_ci90_high": 0.8577319690415317,
  "nDCG@3_ci95_low": 0.827975296534261,
  "nDCG@3_ci95_high": 0.8603359382470099,
  "nDCG@5": 0.8627203630126367,
  "nDCG@5_std": 0.28094680758783797,
  "nDCG@5_stderr": 0.007293015743479136,
  "nDCG@5_ci90_low": 0.8507169213958444,
  "nDCG@5_ci90_high": 0.8747238046294289,
  "nDCG@5_ci95_low": 0.8484146392265535,
  "nDCG@5_ci95_high": 0.8770260867987199,
  "nDCG@10": 0.875196656341151,
  "nDCG@10_std": 0.24929193166267383,
  "nDCG@10_stderr": 0.006471296107430512,
  "nDCG@10_ci90_low": 0.8645456680884558,
  "nDCG@10_ci90_high": 0.8858476445938461,
  "nDCG@10_ci95_low": 0.862502788960756,
  "nDCG@10_ci95_high": 0.8878905237215459,
  "nDCG@100": 0.882317396135614,
  "nDCG@100_std": 0.22839895078956987,
  "nDCG@100_stderr": 0.005928941347310605,
  "nDCG@100_ci90_low": 0.8725590596922215,
  "nDCG@100_ci90_high": 0.8920757325790065,
  "nDCG@100_ci95_low": 0.8706873928226017,
  "nDCG@100_ci95_high": 0.8939473994486263,
  "RR@1": 0.7783018867924528,
  "RR@3": 0.8329964061096139,
  "RR@5": 0.8423966756513933,
  "RR@10": 0.8473134064946735,
  "RR@100": 0.8487838414990179,
  "P@1": 0.7796495956873315,
  "P@3": 0.3108715184186831,
  "P@5": 0.19690026954177417,
  "P@10": 0.10256064690026687,
  "P@100": 0.010606469002695228,
  "R@1": 0.758142407906559,
  "R@3": 0.8889263252470798,
  "R@5": 0.9316037735849056,
  "R@10": 0.9680480682839173,
  "R@100": 0.9973045822102425,
  "AP": 0.8449141109657258
}