nDCG@1,nDCG@1_std,nDCG@1_stderr,nDCG@1_ci90_low,nDCG@1_ci90_high,nDCG@1_ci95_low,nDCG@1_ci95_high,nDCG@3,nDCG@3_std,nDCG@3_stderr,nDCG@3_ci90_low,nDCG@3_ci90_high,nDCG@3_ci95_low,nDCG@3_ci95_high,nDCG@5,nDCG@5_std,nDCG@5_stderr,nDCG@5_ci90_low,nDCG@5_ci90_high,nDCG@5_ci95_low,nDCG@5_ci95_high,nDCG@10,nDCG@10_std,nDCG@10_stderr,nDCG@10_ci90_low,nDCG@10_ci90_high,nDCG@10_ci95_low,nDCG@10_ci95_high,nDCG@100,nDCG@100_std,nDCG@100_stderr,nDCG@100_ci90_low,nDCG@100_ci90_high,nDCG@100_ci95_low,nDCG@100_ci95_high,RR@1,RR@3,RR@5,RR@10,RR@100,P@1,P@3,P@5,P@10,P@100,R@1,R@3,R@5,R@10,R@100,AP
0.7621293800539084,0.42592303569917106,0.011056411110467264,0.7439318346318503,0.7803269254759665,0.7404415119654363,0.7838172481423805,0.8323295932983579,0.3251321038420609,0.008440008884205919,0.8184383365878048,0.8462208500089109,0.8157739680129614,0.8488852185837543,0.8514681752565847,0.2878883832474288,0.007473210069247083,0.8391681550850338,0.8637681954281355,0.8368089886037087,0.8661273619094607,0.8635071119713302,0.2598531290098271,0.006745451130525757,0.8524048969656123,0.8746093269770482,0.8502754717171451,0.8767387522255153,0.8713941268570101,0.23770158818954984,0.006170425782020618,0.8612383355862373,0.8815499181277829,0.8592904361500431,0.8834978175639772,0.7621293800539084,0.8201931716082657,0.8300314465408808,0.8344537500534803,0.8361989254469642,0.7621293800539084,0.3086253369272186,0.1958221024258712,0.10208894878705939,0.010592991913746441,0.7410714285714286,0.8824685534591196,0.9276729559748427,0.9629941599281221,0.9956199460916442,0.8309549260540867
