{
  "nDCG@1": 0.7621293800539084,
  "nDCG@1_std": 0.42592303569917106,
  "nDCG@1_stderr": 0.011056411110467264,
  "nDCG@1_ci90_low": 0.7439318346318503,
  "nDCG@1_ci90_high": 0.7803269254759665,
  "nDCG@1_ci95_low": 0.7404415119654363,
  "nDCG@1_ci95_high": 0.7838172481423805,
  "nDCG@3": 0.8323295932983579,
  "nDCG@3_std": 0.3251321038420609,
  "nDCG@3_stderr": 0.008440008884205919,
  "nDCG@3_ci90_low": 0.8184383365878048,
  "nDCG@3_ci90_high": 0.8462208500089109,
  "nDCG@3_ci95_low": 0.8157739680129614,
  "nDCG@3_ci95_high": 0.8488852185837543,
  "nDCG@5": 0.8514681752565847,
  "nDCG@5_std": 0.2878883832474288,
  "nDCG@5_stderr": 0.007473210069247083,
  "nDCG@5_ci90_low": 0.8391681550850338,
  "nDCG@5_ci90_high": 0.8637681954281355,
  "nDCG@5_ci95_low": 0.8368089886037087,
  "nDCG@5_ci95_high": 0.8661273619094607,
  "nDCG@10": 0.8635071119713302,
  "nDCG@10_std": 0.2598531290098271,
  "nDCG@10_stderr": 0.006745451130525757,
  "nDCG@10_ci90_low": 0.8524048969656123,
  "nDCG@10_ci90_high": 0.8746093269770482,
  "nDCG@10_ci95_low": 0.8502754717171451,
  "nDCG@10_ci95_high": 0.8767387522255153,
  "nDCG@100": 0.8713941268570101,
  "nDCG@100_std": 0.23770158818954984,
  "nDCG@100_stderr": 0.006170425782020618,
  "nDCG@100_ci90_low": 0.8612383355862373,
  "nDCG@100_ci90_high": 0.8815499181277829,
  "nDCG@100_ci95_low": 0.8592904361500431,
  "nDCG@100_ci95_high": 0.8834978175639772,
  "RR@1": 0.7621293800539084,
  "RR@3": 0.8201931716082657,
  "RR@5": 0.8300314465408808,
  "RR@10": 0.8344537500534803,
  "RR@100": 0.8361989254469642,
  "P@1": 0.7621293800539084,
  "P@3": 0.3086253369272186,
  "P@5": 0.1958221024258712,
  "P@10": 0.10208894878705939,
  "P@100": 0.010592991913746441,
  "R@1": 0.7410714285714286,
  "R@3": 0.8824685534591196,
  "R@5": 0.9276729559748427,
  "R@10": 0.9629941599281221,
  "R@100": 0.9956199460916442,
  "AP": 0.8309549260540867
}