{
  "nDCG@1": 0.7884097035040432,
  "nDCG@1_std": 0.40857353196014556,
  "nDCG@1_stderr": 0.010606040433552904,
  "nDCG@1_ci90_low": 0.7709534149661609,
  "nDCG@1_ci90_high": 0.8058659920419254,
  "nDCG@1_ci95_low": 0.7676052667328624,
  "nDCG@1_ci95_high": 0.8092141402752239,
  "nDCG@3": 0.8512303528314408,
  "nDCG@3_std": 0.3114305230296496,
  "nDCG@3_stderr": 0.008084333568179324,
  "nDCG@3_ci90_low": 0.8379244956374425,
  "nDCG@3_ci90_high": 0.864536210025439,
  "nDCG@3_ci95_low": 0.8353724077660759,
  "nDCG@3_ci95_high": 0.8670882978968056,
  "nDCG@5": 0.8691481982769028,
  "nDCG@5_std": 0.27470641925125433,
  "nDCG@5_stderr": 0.007131023333688542,
  "nDCG@5_ci90_low": 0.8574113770132922,
  "nDCG@5_ci90_high": 0.8808850195405135,
  "nDCG@5_ci95_low": 0.8551602331178977,
  "nDCG@5_ci95_high": 0.883136163435908,
  "nDCG@10": 0.8812816151481077,
  "nDCG@10_std": 0.24276425155825704,
  "nDCG@10_stderr": 0.006301845974935154,
  "nDCG@10_ci90_low": 0.8709095217783949,
  "nDCG@10_ci90_high": 0.8916537085178204,
  "nDCG@10_ci95_low": 0.8689201352019729,
  "nDCG@10_ci95_high": 0.8936430950942424,
  "nDCG@100": 0.8878003306319848,
  "nDCG@100_std": 0.22333696366403716,
  "nDCG@100_stderr": 0.005797538708794214,
  "nDCG@100_ci90_low": 0.8782582673950685,
  "nDCG@100_ci90_high": 0.8973423938689011,
  "nDCG@100_ci95_low": 0.8764280821240487,
  "nDCG@100_ci95_high": 0.899172579139921,
  "RR@1": 0.7884097035040432,
  "RR@3": 0.8408580413297395,
  "RR@5": 0.8498203054806832,
  "RR@10": 0.8547308860651179,
  "RR@100": 0.8560246776827483,
  "P@1": 0.7884097035040432,
  "P@3": 0.3131176999101475,
  "P@5": 0.1978436657681892,
  "P@10": 0.10289757412398653,
  "P@100": 0.010619946091644015,
  "R@1": 0.7665655884995509,
  "R@3": 0.8940363881401617,
  "R@5": 0.9357592093441149,
  "R@10": 0.9714173405211141,
  "R@100": 0.9983153638814016,
  "AP": 0.8518663853915108
}