nDCG@1,nDCG@1_std,nDCG@1_stderr,nDCG@1_ci90_low,nDCG@1_ci90_high,nDCG@1_ci95_low,nDCG@1_ci95_high,nDCG@3,nDCG@3_std,nDCG@3_stderr,nDCG@3_ci90_low,nDCG@3_ci90_high,nDCG@3_ci95_low,nDCG@3_ci95_high,nDCG@5,nDCG@5_std,nDCG@5_stderr,nDCG@5_ci90_low,nDCG@5_ci90_high,nDCG@5_ci95_low,nDCG@5_ci95_high,nDCG@10,nDCG@10_std,nDCG@10_stderr,nDCG@10_ci90_low,nDCG@10_ci90_high,nDCG@10_ci95_low,nDCG@10_ci95_high,nDCG@100,nDCG@100_std,nDCG@100_stderr,nDCG@100_ci90_low,nDCG@100_ci90_high,nDCG@100_ci95_low,nDCG@100_ci95_high,RR@1,RR@3,RR@5,RR@10,RR@100,P@1,P@3,P@5,P@10,P@100,R@1,R@3,R@5,R@10,R@100,AP
0.7681940700808625,0.42212796194532504,0.010957895904432007,0.7501586690398949,0.7862294711218301,0.7466994459638613,0.7896886941978637,0.8407504146394325,0.31508242583688856,0.00817913224162046,0.8272885300375656,0.8542122992412993,0.8247065158225282,0.8567943134563367,0.8573893857347872,0.2811620438319977,0.007298602997987211,0.8453767481576893,0.8694020233118851,0.8430727021863058,0.8717060692832685,0.8693114978041154,0.2527275075947383,0.006560479214993073,0.8585137247010258,0.880109270907205,0.8564426919691703,0.8821803036390605,0.8764515764700705,0.23205146746386504,0.006023755955946535,0.8665371863913628,0.8863659665487783,0.8646355881475999,0.8882675647925412,0.7681940700808625,0.8276055705300985,0.8363319856244387,0.8406553501903905,0.8422118581723901,0.7681940700808625,0.3124438454627082,0.19676549865228624,0.10249326145552295,0.010599730458220834,0.7467991913746631,0.8928009883198561,0.9320530098831985,0.9667003593890385,0.9962938005390836,0.8371833997447701
