nDCG@1,nDCG@1_std,nDCG@1_stderr,nDCG@1_ci90_low,nDCG@1_ci90_high,nDCG@1_ci95_low,nDCG@1_ci95_high,nDCG@3,nDCG@3_std,nDCG@3_stderr,nDCG@3_ci90_low,nDCG@3_ci90_high,nDCG@3_ci95_low,nDCG@3_ci95_high,nDCG@5,nDCG@5_std,nDCG@5_stderr,nDCG@5_ci90_low,nDCG@5_ci90_high,nDCG@5_ci95_low,nDCG@5_ci95_high,nDCG@10,nDCG@10_std,nDCG@10_stderr,nDCG@10_ci90_low,nDCG@10_ci90_high,nDCG@10_ci95_low,nDCG@10_ci95_high,nDCG@100,nDCG@100_std,nDCG@100_stderr,nDCG@100_ci90_low,nDCG@100_ci90_high,nDCG@100_ci95_low,nDCG@100_ci95_high,RR@1,RR@3,RR@5,RR@10,RR@100,P@1,P@3,P@5,P@10,P@100,R@1,R@3,R@5,R@10,R@100,AP
0.7836927223719676,0.41186496215897694,0.01069148170432134,0.7660958076046341,0.8012896371393011,0.762720687001999,0.8046647577419362,0.8477926419813698,0.31372441399319423,0.00814388001063436,0.8343887783836235,0.8611965055791162,0.8318178927038424,0.8637673912588972,0.8671471546443418,0.2738361061977455,0.0071084311324975365,0.8554475174726801,0.8788467918160034,0.8532035055544809,0.8810908037342027,0.8782801986724684,0.24503531273349072,0.0063607997856140845,0.8678110743008406,0.8887493230440963,0.865803076999869,0.8907573203450678,0.8846814851648511,0.22666572403367766,0.0058839490225133595,0.8749972007683625,0.8943657695613397,0.8731397372174766,0.8962232331122256,0.7836927223719676,0.8377133872416892,0.8476190476190483,0.8520258417832547,0.8530862168706934,0.7836927223719676,0.3124438454627075,0.19811320754716483,0.10276280323449868,0.010606469002695226,0.7625224618149148,0.891228661275831,0.9369946091644203,0.9697327044025157,0.9966307277628033,0.8480155818349306
