nDCG@1,nDCG@1_std,nDCG@1_stderr,nDCG@1_ci90_low,nDCG@1_ci90_high,nDCG@1_ci95_low,nDCG@1_ci95_high,nDCG@3,nDCG@3_std,nDCG@3_stderr,nDCG@3_ci90_low,nDCG@3_ci90_high,nDCG@3_ci95_low,nDCG@3_ci95_high,nDCG@5,nDCG@5_std,nDCG@5_stderr,nDCG@5_ci90_low,nDCG@5_ci90_high,nDCG@5_ci95_low,nDCG@5_ci95_high,nDCG@10,nDCG@10_std,nDCG@10_stderr,nDCG@10_ci90_low,nDCG@10_ci90_high,nDCG@10_ci95_low,nDCG@10_ci95_high,nDCG@100,nDCG@100_std,nDCG@100_stderr,nDCG@100_ci90_low,nDCG@100_ci90_high,nDCG@100_ci95_low,nDCG@100_ci95_high,RR@1,RR@3,RR@5,RR@10,RR@100,P@1,P@3,P@5,P@10,P@100,R@1,R@3,R@5,R@10,R@100,AP
0.784366576819407,0.4113996835813681,0.010679403674246041,0.7667895410615196,0.8019436125772944,0.7634182332894418,0.8053149203493722,0.849865452694554,0.3120701019550424,0.008100936209839983,0.8365322695154123,0.8631986358736958,0.8339749404698588,0.8657559649192493,0.865429856206602,0.2790100124616845,0.007242739047088788,0.8535091640875531,0.8773505483256508,0.8512227534240564,0.8796369589891475,0.8784077762602701,0.2470042130091529,0.006411909890160317,0.8678545306996133,0.888961021820927,0.8658303987999371,0.8909851537206032,0.8853436330867439,0.2264293324236939,0.005877812602071213,0.8756694485127573,0.8950178176607305,0.8738139221263949,0.896873344047093,0.784366576819407,0.8392857142857144,0.8478773584905664,0.8524943310657597,0.853869826279115,0.784366576819407,0.31311769991014676,0.19622641509433475,0.10262803234501085,0.01061320754716962,0.7626347708894878,0.8930256064690026,0.9298629829290207,0.9677111410601976,0.9973045822102425,0.8489769148318522
