nDCG@1,nDCG@1_std,nDCG@1_stderr,nDCG@1_ci90_low,nDCG@1_ci90_high,nDCG@1_ci95_low,nDCG@1_ci95_high,nDCG@3,nDCG@3_std,nDCG@3_stderr,nDCG@3_ci90_low,nDCG@3_ci90_high,nDCG@3_ci95_low,nDCG@3_ci95_high,nDCG@5,nDCG@5_std,nDCG@5_stderr,nDCG@5_ci90_low,nDCG@5_ci90_high,nDCG@5_ci95_low,nDCG@5_ci95_high,nDCG@10,nDCG@10_std,nDCG@10_stderr,nDCG@10_ci90_low,nDCG@10_ci90_high,nDCG@10_ci95_low,nDCG@10_ci95_high,nDCG@100,nDCG@100_std,nDCG@100_stderr,nDCG@100_ci90_low,nDCG@100_ci90_high,nDCG@100_ci95_low,nDCG@100_ci95_high,RR@1,RR@3,RR@5,RR@10,RR@100,P@1,P@3,P@5,P@10,P@100,R@1,R@3,R@5,R@10,R@100,AP
0.7628032345013477,0.42550730386238844,0.011045619249699197,0.7446234512061274,0.780983017796568,0.7411365353482949,0.7844699336544004,0.8291191441508524,0.33196364290495683,0.00861734680224692,0.8149360101949291,0.8433022781067757,0.812215659027835,0.8460226292738698,0.8487360511588291,0.2939699715438477,0.00763108023538974,0.8361761953597436,0.8612959069579146,0.8337671919273741,0.8637049103902841,0.8623109225889167,0.2619186992392905,0.006799070662038065,0.8511204561740883,0.8735013890037452,0.8489741041431118,0.8756477410347216,0.869930228104446,0.2410869084811282,0.006258304318157681,0.8596297991535977,0.8802306570552942,0.8576541579444623,0.8822062982644296,0.7634770889487871,0.8182839173405214,0.8284928122192281,0.8338713472810514,0.8352353726752949,0.7628032345013477,0.30727762803233954,0.19487870619945613,0.10208894878705935,0.010599730458220833,0.7409591194968554,0.8752246181491464,0.9225067385444743,0.9626572327044025,0.9959568733153639,0.8295068001543364
