{
  "nDCG@1": 0.7628032345013477,
  "nDCG@1_std": 0.42550730386238844,
  "nDCG@1_stderr": 0.011045619249699197,
  "nDCG@1_ci90_low": 0.7446234512061274,
  "nDCG@1_ci90_high": 0.780983017796568,
  "nDCG@1_ci95_low": 0.7411365353482949,
  "nDCG@1_ci95_high": 0.7844699336544004,
  "nDCG@3": 0.8291191441508524,
  "nDCG@3_std": 0.33196364290495683,
  "nDCG@3_stderr": 0.00861734680224692,
  "nDCG@3_ci90_low": 0.8149360101949291,
  "nDCG@3_ci90_high": 0.8433022781067757,
  "nDCG@3_ci95_low": 0.812215659027835,
  "nDCG@3_ci95_high": 0.8460226292738698,
  "nDCG@5": 0.8487360511588291,
  "nDCG@5_std": 0.2939699715438477,
  "nDCG@5_stderr": 0.00763108023538974,
  "nDCG@5_ci90_low": 0.8361761953597436,
  "nDCG@5_ci90_high": 0.8612959069579146,
  "nDCG@5_ci95_low": 0.8337671919273741,
  "nDCG@5_ci95_high": 0.8637049103902841,
  "nDCG@10": 0.8623109225889167,
  "nDCG@10_std": 0.2619186992392905,
  "nDCG@10_stderr": 0.006799070662038065,
  "nDCG@10_ci90_low": 0.8511204561740883,
  "nDCG@10_ci90_high": 0.8735013890037452,
  "nDCG@10_ci95_low": 0.8489741041431118,
  "nDCG@10_ci95_high": 0.8756477410347216,
  "nDCG@100": 0.869930228104446,
  "nDCG@100_std": 0.2410869084811282,
  "nDCG@100_stderr": 0.006258304318157681,
  "nDCG@100_ci90_low": 0.8596297991535977,
  "nDCG@100_ci90_high": 0.8802306570552942,
  "nDCG@100_ci95_low": 0.8576541579444623,
  "nDCG@100_ci95_high": 0.8822062982644296,
  "RR@1": 0.7634770889487871,
  "RR@3": 0.8182839173405214,
  "RR@5": 0.8284928122192281,
  "RR@10": 0.8338713472810514,
  "RR@100": 0.8352353726752949,
  "P@1": 0.7628032345013477,
  "P@3": 0.30727762803233954,
  "P@5": 0.19487870619945613,
  "P@10": 0.10208894878705935,
  "P@100": 0.010599730458220833,
  "R@1": 0.7409591194968554,
  "R@3": 0.8752246181491464,
  "R@5": 0.9225067385444743,
  "R@10": 0.9626572327044025,
  "R@100": 0.9959568733153639,
  "AP": 0.8295068001543364
}