nDCG@1,nDCG@1_std,nDCG@1_stderr,nDCG@1_ci90_low,nDCG@1_ci90_high,nDCG@1_ci95_low,nDCG@1_ci95_high,nDCG@3,nDCG@3_std,nDCG@3_stderr,nDCG@3_ci90_low,nDCG@3_ci90_high,nDCG@3_ci95_low,nDCG@3_ci95_high,nDCG@5,nDCG@5_std,nDCG@5_stderr,nDCG@5_ci90_low,nDCG@5_ci90_high,nDCG@5_ci95_low,nDCG@5_ci95_high,nDCG@10,nDCG@10_std,nDCG@10_stderr,nDCG@10_ci90_low,nDCG@10_ci90_high,nDCG@10_ci95_low,nDCG@10_ci95_high,nDCG@100,nDCG@100_std,nDCG@100_stderr,nDCG@100_ci90_low,nDCG@100_ci90_high,nDCG@100_ci95_low,nDCG@100_ci95_high,RR@1,RR@3,RR@5,RR@10,RR@100,P@1,P@3,P@5,P@10,P@100,R@1,R@3,R@5,R@10,R@100,AP
0.7897574123989218,0.4076182093963243,0.010581241495426972,0.7723419399810677,0.807172884816776,0.7690016203546272,0.8105132044432165,0.857101396422895,0.30105345077828904,0.007814958194420248,0.8442388992442388,0.8699638936015511,0.8417718486388901,0.8724309442068998,0.871103658319461,0.271587881382419,0.007050070124184849,0.8595000764671101,0.8827072401718119,0.8572744881357434,0.8849328285031787,0.8837815532992238,0.23872879409676512,0.006197090718765889,0.8735818746953237,0.893981231903124,0.8716255575879528,0.8959375490104948,0.8896673227184209,0.2209832386592695,0.0057364390520194194,0.8802258222923771,0.8991088231444646,0.8784149251533578,0.9009197202834839,0.7890835579514824,0.8462488769092542,0.853256963162624,0.8580680699952938,0.8591342563170009,0.7897574123989218,0.31626235399819697,0.19770889487870125,0.10309973045821834,0.01061320754716962,0.7680256064690026,0.9024595687331537,0.9351976639712488,0.9720911949685535,0.9973045822102425,0.8542455258105719
