nDCG@1,nDCG@1_std,nDCG@1_stderr,nDCG@1_ci90_low,nDCG@1_ci90_high,nDCG@1_ci95_low,nDCG@1_ci95_high,nDCG@3,nDCG@3_std,nDCG@3_stderr,nDCG@3_ci90_low,nDCG@3_ci90_high,nDCG@3_ci95_low,nDCG@3_ci95_high,nDCG@5,nDCG@5_std,nDCG@5_stderr,nDCG@5_ci90_low,nDCG@5_ci90_high,nDCG@5_ci95_low,nDCG@5_ci95_high,nDCG@10,nDCG@10_std,nDCG@10_stderr,nDCG@10_ci90_low,nDCG@10_ci90_high,nDCG@10_ci95_low,nDCG@10_ci95_high,nDCG@100,nDCG@100_std,nDCG@100_stderr,nDCG@100_ci90_low,nDCG@100_ci90_high,nDCG@100_ci95_low,nDCG@100_ci95_high,RR@1,RR@3,RR@5,RR@10,RR@100,P@1,P@3,P@5,P@10,P@100,R@1,R@3,R@5,R@10,R@100,AP
0.7446091644204852,0.4362276785528935,0.011323906310745101,0.7259713535263309,0.7632469753146395,0.7223965871329826,0.7668217417079878,0.8155335149081618,0.3421163625256371,0.00888089827189514,0.8009166063944679,0.8301504234218557,0.79811305646974,0.8329539733465837,0.8326683323719369,0.31204902975216414,0.008100389202708419,0.8193360495018578,0.8460006152420161,0.8167788931372376,0.8485577716066363,0.8487129262119186,0.27701004680733987,0.007190822525492462,0.8368776825490156,0.8605481698748216,0.8346076610564966,0.8628181913673406,0.8584106391512133,0.2516522873621621,0.006532567888463998,0.847658804791467,0.8691624735109595,0.8455965831950389,0.8712246951073876,0.7446091644204852,0.803683737646002,0.812410152740342,0.8187639049330429,0.8206932199222692,0.7446091644204852,0.30323450134770374,0.19123989218328385,0.10094339622641253,0.010579514824797654,0.7237758310871519,0.8641060197663971,0.9046495956873314,0.9522124887690925,0.9939353099730458,0.8154510407252226
