nDCG@1,nDCG@1_std,nDCG@1_stderr,nDCG@1_ci90_low,nDCG@1_ci90_high,nDCG@1_ci95_low,nDCG@1_ci95_high,nDCG@3,nDCG@3_std,nDCG@3_stderr,nDCG@3_ci90_low,nDCG@3_ci90_high,nDCG@3_ci95_low,nDCG@3_ci95_high,nDCG@5,nDCG@5_std,nDCG@5_stderr,nDCG@5_ci90_low,nDCG@5_ci90_high,nDCG@5_ci95_low,nDCG@5_ci95_high,nDCG@10,nDCG@10_std,nDCG@10_stderr,nDCG@10_ci90_low,nDCG@10_ci90_high,nDCG@10_ci95_low,nDCG@10_ci95_high,nDCG@100,nDCG@100_std,nDCG@100_stderr,nDCG@100_ci90_low,nDCG@100_ci90_high,nDCG@100_ci95_low,nDCG@100_ci95_high,RR@1,RR@3,RR@5,RR@10,RR@100,P@1,P@3,P@5,P@10,P@100,R@1,R@3,R@5,R@10,R@100,AP
0.7917789757412399,0.4061726224907171,0.010543715929104726,0.7744252659686794,0.8091326855138004,0.7710967925311512,0.8124611589513286,0.8582027649427173,0.30055018054979754,0.0078018939502271,0.8453617699653392,0.8710437599200954,0.8428988435217253,0.8735066863637093,0.8723007045447168,0.27025960259490117,0.007015589724879838,0.8607538733527975,0.883847535736636,0.8585391699024323,0.8860622391870012,0.8841238162256986,0.2400328155494452,0.006230941429033373,0.8738684233550705,0.8943792090963266,0.8719014201489159,0.8963462123024812,0.8907667245145813,0.21979620976200218,0.0057056253171702395,0.8813759398528067,0.9001575091763558,0.8795747700906104,0.9019586789385522,0.7924528301886793,0.8479335130278529,0.85524483378257,0.8595960082146066,0.8608500789579988,0.7917789757412399,0.31626235399819697,0.19757412398921337,0.10289757412398655,0.010626684636118407,0.7700471698113207,0.9029088050314464,0.9361522911051214,0.9700696316262354,0.9986522911051213,0.8554820927851037
