{
  "nDCG@1": 0.7446091644204852,
  "nDCG@1_std": 0.4362276785528935,
  "nDCG@1_stderr": 0.011323906310745101,
  "nDCG@1_ci90_low": 0.7259713535263309,
  "nDCG@1_ci90_high": 0.7632469753146395,
  "nDCG@1_ci95_low": 0.7223965871329826,
  "nDCG@1_ci95_high": 0.7668217417079878,
  "nDCG@3": 0.8155335149081618,
  "nDCG@3_std": 0.3421163625256371,
  "nDCG@3_stderr": 0.00888089827189514,
  "nDCG@3_ci90_low": 0.8009166063944679,
  "nDCG@3_ci90_high": 0.8301504234218557,
  "nDCG@3_ci95_low": 0.79811305646974,
  "nDCG@3_ci95_high": 0.8329539733465837,
  "nDCG@5": 0.8326683323719369,
  "nDCG@5_std": 0.31204902975216414,
  "nDCG@5_stderr": 0.008100389202708419,
  "nDCG@5_ci90_low": 0.8193360495018578,
  "nDCG@5_ci90_high": 0.8460006152420161,
  "nDCG@5_ci95_low": 0.8167788931372376,
  "nDCG@5_ci95_high": 0.8485577716066363,
  "nDCG@10": 0.8487129262119186,
  "nDCG@10_std": 0.27701004680733987,
  "nDCG@10_stderr": 0.007190822525492462,
  "nDCG@10_ci90_low": 0.8368776825490156,
  "nDCG@10_ci90_high": 0.8605481698748216,
  "nDCG@10_ci95_low": 0.8346076610564966,
  "nDCG@10_ci95_high": 0.8628181913673406,
  "nDCG@100": 0.8584106391512133,
  "nDCG@100_std": 0.2516522873621621,
  "nDCG@100_stderr": 0.006532567888463998,
  "nDCG@100_ci90_low": 0.847658804791467,
  "nDCG@100_ci90_high": 0.8691624735109595,
  "nDCG@100_ci95_low": 0.8455965831950389,
  "nDCG@100_ci95_high": 0.8712246951073876,
  "RR@1": 0.7446091644204852,
  "RR@3": 0.803683737646002,
  "RR@5": 0.812410152740342,
  "RR@10": 0.8187639049330429,
  "RR@100": 0.8206932199222692,
  "P@1": 0.7446091644204852,
  "P@3": 0.30323450134770374,
  "P@5": 0.19123989218328385,
  "P@10": 0.10094339622641253,
  "P@100": 0.010579514824797654,
  "R@1": 0.7237758310871519,
  "R@3": 0.8641060197663971,
  "R@5": 0.9046495956873314,
  "R@10": 0.9522124887690925,
  "R@100": 0.9939353099730458,
  "AP": 0.8154510407252226
}