{
  "nDCG@1": 0.7897574123989218,
  "nDCG@1_std": 0.4076182093963243,
  "nDCG@1_stderr": 0.010581241495426972,
  "nDCG@1_ci90_low": 0.7723419399810677,
  "nDCG@1_ci90_high": 0.807172884816776,
  "nDCG@1_ci95_low": 0.7690016203546272,
  "nDCG@1_ci95_high": 0.8105132044432165,
  "nDCG@3": 0.857101396422895,
  "nDCG@3_std": 0.30105345077828904,
  "nDCG@3_stderr": 0.007814958194420248,
  "nDCG@3_ci90_low": 0.8442388992442388,
  "nDCG@3_ci90_high": 0.8699638936015511,
  "nDCG@3_ci95_low": 0.8417718486388901,
  "nDCG@3_ci95_high": 0.8724309442068998,
  "nDCG@5": 0.871103658319461,
  "nDCG@5_std": 0.271587881382419,
  "nDCG@5_stderr": 0.007050070124184849,
  "nDCG@5_ci90_low": 0.8595000764671101,
  "nDCG@5_ci90_high": 0.8827072401718119,
  "nDCG@5_ci95_low": 0.8572744881357434,
  "nDCG@5_ci95_high": 0.8849328285031787,
  "nDCG@10": 0.8837815532992238,
  "nDCG@10_std": 0.23872879409676512,
  "nDCG@10_stderr": 0.006197090718765889,
  "nDCG@10_ci90_low": 0.8735818746953237,
  "nDCG@10_ci90_high": 0.893981231903124,
  "nDCG@10_ci95_low": 0.8716255575879528,
  "nDCG@10_ci95_high": 0.8959375490104948,
  "nDCG@100": 0.8896673227184209,
  "nDCG@100_std": 0.2209832386592695,
  "nDCG@100_stderr": 0.0057364390520194194,
  "nDCG@100_ci90_low": 0.8802258222923771,
  "nDCG@100_ci90_high": 0.8991088231444646,
  "nDCG@100_ci95_low": 0.8784149251533578,
  "nDCG@100_ci95_high": 0.9009197202834839,
  "RR@1": 0.7890835579514824,
  "RR@3": 0.8462488769092542,
  "RR@5": 0.853256963162624,
  "RR@10": 0.8580680699952938,
  "RR@100": 0.8591342563170009,
  "P@1": 0.7897574123989218,
  "P@3": 0.31626235399819697,
  "P@5": 0.19770889487870125,
  "P@10": 0.10309973045821834,
  "P@100": 0.01061320754716962,
  "R@1": 0.7680256064690026,
  "R@3": 0.9024595687331537,
  "R@5": 0.9351976639712488,
  "R@10": 0.9720911949685535,
  "R@100": 0.9973045822102425,
  "AP": 0.8542455258105719
}