{
  "nDCG@1": 0.7897574123989218,
  "nDCG@1_std": 0.4076182093963243,
  "nDCG@1_stderr": 0.010581241495426972,
  "nDCG@1_ci90_low": 0.7723419399810677,
  "nDCG@1_ci90_high": 0.807172884816776,
  "nDCG@1_ci95_low": 0.7690016203546272,
  "nDCG@1_ci95_high": 0.8105132044432165,
  "nDCG@3": 0.853487948577588,
  "nDCG@3_std": 0.3080402796533229,
  "nDCG@3_stderr": 0.007996327235129799,
  "nDCG@3_ci90_low": 0.840326939402273,
  "nDCG@3_ci90_high": 0.8666489577529031,
  "nDCG@3_ci95_low": 0.8378026336471791,
  "nDCG@3_ci95_high": 0.869173263507997,
  "nDCG@5": 0.8693723008566635,
  "nDCG@5_std": 0.274453138250175,
  "nDCG@5_stderr": 0.0071244484864985864,
  "nDCG@5_ci90_low": 0.8576463010141439,
  "nDCG@5_ci90_high": 0.8810983006991832,
  "nDCG@5_ci95_low": 0.8553972326872088,
  "nDCG@5_ci95_high": 0.8833473690261182,
  "nDCG@10": 0.8811714563924442,
  "nDCG@10_std": 0.24484728790007854,
  "nDCG@10_stderr": 0.006355918904133303,
  "nDCG@10_ci90_low": 0.8707103653746379,
  "nDCG@10_ci90_high": 0.8916325474102506,
  "nDCG@10_ci95_low": 0.8687039088856978,
  "nDCG@10_ci95_high": 0.8936390038991906,
  "nDCG@100": 0.8880891400418192,
  "nDCG@100_std": 0.22385424414599667,
  "nDCG@100_stderr": 0.005810966641046285,
  "nDCG@100_ci90_low": 0.8785249760160808,
  "nDCG@100_ci90_high": 0.8976533040675575,
  "nDCG@100_ci95_low": 0.8766905517731348,
  "nDCG@100_ci95_high": 0.8994877283105035,
  "RR@1": 0.7890835579514824,
  "RR@3": 0.8427672955974845,
  "RR@5": 0.8512241689128487,
  "RR@10": 0.8554552795961152,
  "RR@100": 0.8568448548283006,
  "P@1": 0.7897574123989218,
  "P@3": 0.314240790655879,
  "P@5": 0.19730458221023767,
  "P@10": 0.1027628032344987,
  "P@100": 0.010619946091644013,
  "R@1": 0.7680256064690026,
  "R@3": 0.8968441150044922,
  "R@5": 0.9341307277628034,
  "R@10": 0.968384995507637,
  "R@100": 0.9979784366576819,
  "AP": 0.8523391197027359
}