nDCG@1,nDCG@1_std,nDCG@1_stderr,nDCG@1_ci90_low,nDCG@1_ci90_high,nDCG@1_ci95_low,nDCG@1_ci95_high,nDCG@3,nDCG@3_std,nDCG@3_stderr,nDCG@3_ci90_low,nDCG@3_ci90_high,nDCG@3_ci95_low,nDCG@3_ci95_high,nDCG@5,nDCG@5_std,nDCG@5_stderr,nDCG@5_ci90_low,nDCG@5_ci90_high,nDCG@5_ci95_low,nDCG@5_ci95_high,nDCG@10,nDCG@10_std,nDCG@10_stderr,nDCG@10_ci90_low,nDCG@10_ci90_high,nDCG@10_ci95_low,nDCG@10_ci95_high,nDCG@100,nDCG@100_std,nDCG@100_stderr,nDCG@100_ci90_low,nDCG@100_ci90_high,nDCG@100_ci95_low,nDCG@100_ci95_high,RR@1,RR@3,RR@5,RR@10,RR@100,P@1,P@3,P@5,P@10,P@100,R@1,R@3,R@5,R@10,R@100,AP
0.7075471698113207,0.4550425288921337,0.011812315490096184,0.6881054951555,0.7269888444671414,0.6843765462148367,0.7307177934078047,0.777472195486934,0.3747679119536273,0.009728490262962236,0.7614602507718262,0.7934841402020418,0.7583891303390252,0.7965552606348428,0.7967370553763005,0.3454776862451789,0.008968153888059719,0.7819765344351542,0.8114975763174467,0.7791454393828231,0.8143286713697778,0.8126943828108909,0.31614785356266684,0.008206789367338862,0.7991869778501594,0.8262017877716225,0.7965962327466067,0.8287925328751751,0.8286060129448237,0.2796943502147695,0.00726050357002449,0.8166560825214286,0.8405559433682188,0.8143640638974066,0.8428479619922409,0.7075471698113207,0.7649371069182394,0.7751460017969459,0.7814353099730459,0.7846231694613791,0.7075471698113207,0.28930817610062454,0.18423180592991495,0.09737196765498417,0.010532345013476899,0.687780772686433,0.8259770889487871,0.8719115004492364,0.918800539083558,0.9903414195867025,0.7801507559123729
