{
  "nDCG@1": 0.7014824797843666,
  "nDCG@1_std": 0.4577619619991602,
  "nDCG@1_stderr": 0.011882908456192378,
  "nDCG@1_ci90_low": 0.6819246174529812,
  "nDCG@1_ci90_high": 0.7210403421157521,
  "nDCG@1_ci95_low": 0.6781733835025444,
  "nDCG@1_ci95_high": 0.7247915760661888,
  "nDCG@3": 0.771738267611174,
  "nDCG@3_std": 0.3796108883144904,
  "nDCG@3_stderr": 0.009854207665300147,
  "nDCG@3_ci90_low": 0.7555194069161402,
  "nDCG@3_ci90_high": 0.7879571283062079,
  "nDCG@3_ci95_low": 0.7524085996179939,
  "nDCG@3_ci95_high": 0.7910679356043542,
  "nDCG@5": 0.7934913849552842,
  "nDCG@5_std": 0.34683882020534385,
  "nDCG@5_stderr": 0.009003487165151196,
  "nDCG@5_ci90_low": 0.7786727096177105,
  "nDCG@5_ci90_high": 0.8083100602928578,
  "nDCG@5_ci95_low": 0.7758304604452332,
  "nDCG@5_ci95_high": 0.8111523094653351,
  "nDCG@10": 0.809492590458153,
  "nDCG@10_std": 0.3173168458204089,
  "nDCG@10_stderr": 0.00823713489435487,
  "nDCG@10_ci90_low": 0.7959352403478868,
  "nDCG@10_ci90_high": 0.8230499405684193,
  "nDCG@10_ci95_low": 0.793334915672834,
  "nDCG@10_ci95_high": 0.8256502652434721,
  "nDCG@100": 0.8243190388142219,
  "nDCG@100_std": 0.28395998058193805,
  "nDCG@100_stderr": 0.007371233817115468,
  "nDCG@100_ci90_low": 0.812186859496416,
  "nDCG@100_ci90_high": 0.8364512181320277,
  "nDCG@100_ci95_low": 0.8098598851993986,
  "nDCG@100_ci95_high": 0.8387781924290452,
  "RR@1": 0.7014824797843666,
  "RR@3": 0.759321653189578,
  "RR@5": 0.7708108715184195,
  "RR@10": 0.7771560668292476,
  "RR@100": 0.7799914480390239,
  "P@1": 0.7014824797843666,
  "P@3": 0.28706199460916015,
  "P@5": 0.18409703504042707,
  "P@10": 0.09737196765498418,
  "P@100": 0.010485175202156145,
  "R@1": 0.6823899371069182,
  "R@3": 0.8192385444743935,
  "R@5": 0.8711253369272237,
  "R@10": 0.918800539083558,
  "R@100": 0.9859613656783467,
  "AP": 0.775789612933513
}