{
  "nDCG@1": 0.7055256064690026,
  "nDCG@1_std": 0.4559597777943288,
  "nDCG@1_stderr": 0.01183612608521144,
  "nDCG@1_ci90_low": 0.6860447423888916,
  "nDCG@1_ci90_high": 0.7250064705491137,
  "nDCG@1_ci95_low": 0.6823082768446034,
  "nDCG@1_ci95_high": 0.7287429360934019,
  "nDCG@3": 0.7794474605652967,
  "nDCG@3_std": 0.3702502003163245,
  "nDCG@3_stderr": 0.009611216312144883,
  "nDCG@3_ci90_low": 0.7636285349072319,
  "nDCG@3_ci90_high": 0.7952663862233614,
  "nDCG@3_ci95_low": 0.760594435884419,
  "nDCG@3_ci95_high": 0.7983004852461744,
  "nDCG@5": 0.7978637499855523,
  "nDCG@5_std": 0.3413126367801031,
  "nDCG@5_stderr": 0.008860034591093975,
  "nDCG@5_ci90_low": 0.7832811806236191,
  "nDCG@5_ci90_high": 0.8124463193474856,
  "nDCG@5_ci95_low": 0.780484217011328,
  "nDCG@5_ci95_high": 0.8152432829597767,
  "nDCG@10": 0.8143074645314687,
  "nDCG@10_std": 0.31079433577149057,
  "nDCG@10_stderr": 0.008067818969813212,
  "nDCG@10_ci90_low": 0.8010287884137611,
  "nDCG@10_ci90_high": 0.8275861406491763,
  "nDCG@10_ci95_low": 0.7984819139227969,
  "nDCG@10_ci95_high": 0.8301330151401406,
  "nDCG@100": 0.8280236854147747,
  "nDCG@100_std": 0.27977659731810456,
  "nDCG@100_stderr": 0.007262638598447229,
  "nDCG@100_ci90_low": 0.816070240987033,
  "nDCG@100_ci90_high": 0.8399771298425164,
  "nDCG@100_ci95_low": 0.8137775483705171,
  "nDCG@100_ci95_high": 0.8422698224590323,
  "RR@1": 0.7055256064690026,
  "RR@3": 0.7662848158131179,
  "RR@5": 0.7761567834681051,
  "RR@10": 0.7824236298292907,
  "RR@100": 0.7848944915324204,
  "P@1": 0.7055256064690026,
  "P@3": 0.2908805031446496,
  "P@5": 0.1845013477088906,
  "P@10": 0.09777628032344776,
  "P@100": 0.010485175202156145,
  "R@1": 0.6856469002695418,
  "R@3": 0.8316486972147349,
  "R@5": 0.8757300089847259,
  "R@10": 0.9246406109613657,
  "R@100": 0.9865229110512129,
  "AP": 0.7796874818545245
}