nDCG@1,nDCG@1_std,nDCG@1_stderr,nDCG@1_ci90_low,nDCG@1_ci90_high,nDCG@1_ci95_low,nDCG@1_ci95_high,nDCG@3,nDCG@3_std,nDCG@3_stderr,nDCG@3_ci90_low,nDCG@3_ci90_high,nDCG@3_ci95_low,nDCG@3_ci95_high,nDCG@5,nDCG@5_std,nDCG@5_stderr,nDCG@5_ci90_low,nDCG@5_ci90_high,nDCG@5_ci95_low,nDCG@5_ci95_high,nDCG@10,nDCG@10_std,nDCG@10_stderr,nDCG@10_ci90_low,nDCG@10_ci90_high,nDCG@10_ci95_low,nDCG@10_ci95_high,nDCG@100,nDCG@100_std,nDCG@100_stderr,nDCG@100_ci90_low,nDCG@100_ci90_high,nDCG@100_ci95_low,nDCG@100_ci95_high,RR@1,RR@3,RR@5,RR@10,RR@100,P@1,P@3,P@5,P@10,P@100,R@1,R@3,R@5,R@10,R@100,AP
0.7122641509433962,0.4528599405189097,0.01175565831892516,0.692915727292406,0.7316125745943864,0.6892046640659023,0.7353236378208902,0.7813372439834679,0.3735467412179426,0.009696790250147391,0.7653774737413708,0.7972970142255651,0.762316360468411,0.8003581274985249,0.8019088620499343,0.34119508048661157,0.008856982981764296,0.7873313152761475,0.816486408823721,0.7845353150054967,0.8192824090943719,0.8191238184561723,0.3080855726220441,0.007997502982015084,0.8059608741404997,0.832286762771845,0.8034361972219276,0.834811439690417,0.8329866762042418,0.27559906042912213,0.007154195144108322,0.8212117168804223,0.8447616355280614,0.8189532580349665,0.8470200943735171,0.7122641509433962,0.7686433063791557,0.779829290206649,0.7865122149488722,0.789270407710161,0.7122641509433962,0.29043126684635673,0.18544474393530572,0.09845013477088707,0.010539083557951292,0.6924977538185084,0.8288409703504043,0.8773023360287512,0.9292452830188679,0.9906783468104222,0.785284026122432
