{
  "nDCG@1": 0.7075471698113207,
  "nDCG@1_std": 0.4550425288921337,
  "nDCG@1_stderr": 0.011812315490096184,
  "nDCG@1_ci90_low": 0.6881054951555,
  "nDCG@1_ci90_high": 0.7269888444671414,
  "nDCG@1_ci95_low": 0.6843765462148367,
  "nDCG@1_ci95_high": 0.7307177934078047,
  "nDCG@3": 0.777472195486934,
  "nDCG@3_std": 0.3747679119536273,
  "nDCG@3_stderr": 0.009728490262962236,
  "nDCG@3_ci90_low": 0.7614602507718262,
  "nDCG@3_ci90_high": 0.7934841402020418,
  "nDCG@3_ci95_low": 0.7583891303390252,
  "nDCG@3_ci95_high": 0.7965552606348428,
  "nDCG@5": 0.7967370553763005,
  "nDCG@5_std": 0.3454776862451789,
  "nDCG@5_stderr": 0.008968153888059719,
  "nDCG@5_ci90_low": 0.7819765344351542,
  "nDCG@5_ci90_high": 0.8114975763174467,
  "nDCG@5_ci95_low": 0.7791454393828231,
  "nDCG@5_ci95_high": 0.8143286713697778,
  "nDCG@10": 0.8126943828108909,
  "nDCG@10_std": 0.31614785356266684,
  "nDCG@10_stderr": 0.008206789367338862,
  "nDCG@10_ci90_low": 0.7991869778501594,
  "nDCG@10_ci90_high": 0.8262017877716225,
  "nDCG@10_ci95_low": 0.7965962327466067,
  "nDCG@10_ci95_high": 0.8287925328751751,
  "nDCG@100": 0.8286060129448237,
  "nDCG@100_std": 0.2796943502147695,
  "nDCG@100_stderr": 0.00726050357002449,
  "nDCG@100_ci90_low": 0.8166560825214286,
  "nDCG@100_ci90_high": 0.8405559433682188,
  "nDCG@100_ci95_low": 0.8143640638974066,
  "nDCG@100_ci95_high": 0.8428479619922409,
  "RR@1": 0.7075471698113207,
  "RR@3": 0.7649371069182394,
  "RR@5": 0.7751460017969459,
  "RR@10": 0.7814353099730459,
  "RR@100": 0.7846231694613791,
  "P@1": 0.7075471698113207,
  "P@3": 0.28930817610062454,
  "P@5": 0.18423180592991495,
  "P@10": 0.09737196765498417,
  "P@100": 0.010532345013476899,
  "R@1": 0.687780772686433,
  "R@3": 0.8259770889487871,
  "R@5": 0.8719115004492364,
  "R@10": 0.918800539083558,
  "R@100": 0.9903414195867025,
  "AP": 0.7801507559123729
}