nDCG@1,nDCG@1_std,nDCG@1_stderr,nDCG@1_ci90_low,nDCG@1_ci90_high,nDCG@1_ci95_low,nDCG@1_ci95_high,nDCG@3,nDCG@3_std,nDCG@3_stderr,nDCG@3_ci90_low,nDCG@3_ci90_high,nDCG@3_ci95_low,nDCG@3_ci95_high,nDCG@5,nDCG@5_std,nDCG@5_stderr,nDCG@5_ci90_low,nDCG@5_ci90_high,nDCG@5_ci95_low,nDCG@5_ci95_high,nDCG@10,nDCG@10_std,nDCG@10_stderr,nDCG@10_ci90_low,nDCG@10_ci90_high,nDCG@10_ci95_low,nDCG@10_ci95_high,nDCG@100,nDCG@100_std,nDCG@100_stderr,nDCG@100_ci90_low,nDCG@100_ci90_high,nDCG@100_ci95_low,nDCG@100_ci95_high,RR@1,RR@3,RR@5,RR@10,RR@100,P@1,P@3,P@5,P@10,P@100,R@1,R@3,R@5,R@10,R@100,AP
0.7055256064690026,0.4559597777943288,0.01183612608521144,0.6860447423888916,0.7250064705491137,0.6823082768446034,0.7287429360934019,0.7794474605652967,0.3702502003163245,0.009611216312144883,0.7636285349072319,0.7952663862233614,0.760594435884419,0.7983004852461744,0.7978637499855523,0.3413126367801031,0.008860034591093975,0.7832811806236191,0.8124463193474856,0.780484217011328,0.8152432829597767,0.8143074645314687,0.31079433577149057,0.008067818969813212,0.8010287884137611,0.8275861406491763,0.7984819139227969,0.8301330151401406,0.8280236854147747,0.27977659731810456,0.007262638598447229,0.816070240987033,0.8399771298425164,0.8137775483705171,0.8422698224590323,0.7055256064690026,0.7662848158131179,0.7761567834681051,0.7824236298292907,0.7848944915324204,0.7055256064690026,0.2908805031446496,0.1845013477088906,0.09777628032344776,0.010485175202156145,0.6856469002695418,0.8316486972147349,0.8757300089847259,0.9246406109613657,0.9865229110512129,0.7796874818545245
