{
  "nDCG@1": 0.7001347708894878,
  "nDCG@1_std": 0.4583531847526618,
  "nDCG@1_stderr": 0.01189825583417546,
  "nDCG@1_ci90_low": 0.6805516485885548,
  "nDCG@1_ci90_high": 0.7197178931904209,
  "nDCG@1_ci95_low": 0.6767955697295207,
  "nDCG@1_ci95_high": 0.723473972049455,
  "nDCG@3": 0.771868771828076,
  "nDCG@3_std": 0.3764616312886144,
  "nDCG@3_stderr": 0.00977245702621237,
  "nDCG@3_ci90_low": 0.7557844630191125,
  "nDCG@3_ci90_high": 0.7879530806370395,
  "nDCG@3_ci95_low": 0.7526994630200754,
  "nDCG@3_ci95_high": 0.7910380806360766,
  "nDCG@5": 0.7903795072189321,
  "nDCG@5_std": 0.3483992769194242,
  "nDCG@5_stderr": 0.009043994603126791,
  "nDCG@5_ci90_low": 0.775494161427888,
  "nDCG@5_ci90_high": 0.8052648530099763,
  "nDCG@5_ci95_low": 0.7726391247398676,
  "nDCG@5_ci95_high": 0.8081198896979966,
  "nDCG@10": 0.8078274464020123,
  "nDCG@10_std": 0.31684625231523966,
  "nDCG@10_stderr": 0.008224918895634524,
  "nDCG@10_ci90_low": 0.7942902023812689,
  "nDCG@10_ci90_high": 0.8213646904227557,
  "nDCG@10_ci95_low": 0.7916937340911497,
  "nDCG@10_ci95_high": 0.8239611587128749,
  "nDCG@100": 0.8222261073925066,
  "nDCG@100_std": 0.28524007455346395,
  "nDCG@100_stderr": 0.007404463400920411,
  "nDCG@100_ci90_low": 0.8100392361086907,
  "nDCG@100_ci90_high": 0.8344129786763225,
  "nDCG@100_ci95_low": 0.8077017717920466,
  "nDCG@100_ci95_high": 0.8367504429929665,
  "RR@1": 0.7001347708894878,
  "RR@3": 0.7595462713387243,
  "RR@5": 0.7696540880503151,
  "RR@10": 0.7762934261755022,
  "RR@100": 0.7790294025954626,
  "P@1": 0.7001347708894878,
  "P@3": 0.2877358490565994,
  "P@5": 0.1826145552560605,
  "P@10": 0.09716981132075238,
  "P@100": 0.010444743935309786,
  "R@1": 0.680256064690027,
  "R@3": 0.8228885893980232,
  "R@5": 0.8666329739442946,
  "R@10": 0.9189128481581312,
  "R@100": 0.9828167115902965,
  "AP": 0.7731260875446307
}