nDCG@1,nDCG@1_std,nDCG@1_stderr,nDCG@1_ci90_low,nDCG@1_ci90_high,nDCG@1_ci95_low,nDCG@1_ci95_high,nDCG@3,nDCG@3_std,nDCG@3_stderr,nDCG@3_ci90_low,nDCG@3_ci90_high,nDCG@3_ci95_low,nDCG@3_ci95_high,nDCG@5,nDCG@5_std,nDCG@5_stderr,nDCG@5_ci90_low,nDCG@5_ci90_high,nDCG@5_ci95_low,nDCG@5_ci95_high,nDCG@10,nDCG@10_std,nDCG@10_stderr,nDCG@10_ci90_low,nDCG@10_ci90_high,nDCG@10_ci95_low,nDCG@10_ci95_high,nDCG@100,nDCG@100_std,nDCG@100_stderr,nDCG@100_ci90_low,nDCG@100_ci90_high,nDCG@100_ci95_low,nDCG@100_ci95_high,RR@1,RR@3,RR@5,RR@10,RR@100,P@1,P@3,P@5,P@10,P@100,R@1,R@3,R@5,R@10,R@100,AP
0.7095687331536388,0.454114422020187,0.011788223036130063,0.690166711828451,0.7289707544788265,0.686445368469502,0.7326920978377756,0.7842484925626197,0.36578893909817956,0.009495407741194912,0.768620174119597,0.7998768110056425,0.7656226339110425,0.802874351214197,0.802813233760768,0.33601485889017463,0.008722511129309758,0.7884570117567081,0.8171694557648278,0.7857034619837754,0.8199230055377605,0.8192697105941849,0.3045703614183297,0.00790625264580214,0.8062569535428444,0.8322824676455253,0.8037610828176763,0.8347783383706934,0.832086274012144,0.2748737804441273,0.007135367813787639,0.8203423022479641,0.8438302457763238,0.8180897868734149,0.846082761150873,0.7095687331536388,0.7706648697214742,0.7806716082659488,0.7867871047790187,0.7892310735291304,0.7095687331536388,0.293126684636114,0.1858490566037692,0.09858490566037494,0.010505390835579326,0.6886792452830188,0.8379380053908357,0.8821316262353998,0.9315476190476191,0.988544474393531,0.7839815491264605
