nDCG@1,nDCG@1_std,nDCG@1_stderr,nDCG@1_ci90_low,nDCG@1_ci90_high,nDCG@1_ci95_low,nDCG@1_ci95_high,nDCG@3,nDCG@3_std,nDCG@3_stderr,nDCG@3_ci90_low,nDCG@3_ci90_high,nDCG@3_ci95_low,nDCG@3_ci95_high,nDCG@5,nDCG@5_std,nDCG@5_stderr,nDCG@5_ci90_low,nDCG@5_ci90_high,nDCG@5_ci95_low,nDCG@5_ci95_high,nDCG@10,nDCG@10_std,nDCG@10_stderr,nDCG@10_ci90_low,nDCG@10_ci90_high,nDCG@10_ci95_low,nDCG@10_ci95_high,nDCG@100,nDCG@100_std,nDCG@100_stderr,nDCG@100_ci90_low,nDCG@100_ci90_high,nDCG@100_ci95_low,nDCG@100_ci95_high,RR@1,RR@3,RR@5,RR@10,RR@100,P@1,P@3,P@5,P@10,P@100,R@1,R@3,R@5,R@10,R@100,AP
0.7001347708894878,0.4583531847526618,0.01189825583417546,0.6805516485885548,0.7197178931904209,0.6767955697295207,0.723473972049455,0.771868771828076,0.3764616312886144,0.00977245702621237,0.7557844630191125,0.7879530806370395,0.7526994630200754,0.7910380806360766,0.7903795072189321,0.3483992769194242,0.009043994603126791,0.775494161427888,0.8052648530099763,0.7726391247398676,0.8081198896979966,0.8078274464020123,0.31684625231523966,0.008224918895634524,0.7942902023812689,0.8213646904227557,0.7916937340911497,0.8239611587128749,0.8222261073925066,0.28524007455346395,0.007404463400920411,0.8100392361086907,0.8344129786763225,0.8077017717920466,0.8367504429929665,0.7001347708894878,0.7595462713387243,0.7696540880503151,0.7762934261755022,0.7790294025954626,0.7001347708894878,0.2877358490565994,0.1826145552560605,0.09716981132075238,0.010444743935309786,0.680256064690027,0.8228885893980232,0.8666329739442946,0.9189128481581312,0.9828167115902965,0.7731260875446307
