nDCG@1,nDCG@1_std,nDCG@1_stderr,nDCG@1_ci90_low,nDCG@1_ci90_high,nDCG@1_ci95_low,nDCG@1_ci95_high,nDCG@3,nDCG@3_std,nDCG@3_stderr,nDCG@3_ci90_low,nDCG@3_ci90_high,nDCG@3_ci95_low,nDCG@3_ci95_high,nDCG@5,nDCG@5_std,nDCG@5_stderr,nDCG@5_ci90_low,nDCG@5_ci90_high,nDCG@5_ci95_low,nDCG@5_ci95_high,nDCG@10,nDCG@10_std,nDCG@10_stderr,nDCG@10_ci90_low,nDCG@10_ci90_high,nDCG@10_ci95_low,nDCG@10_ci95_high,nDCG@100,nDCG@100_std,nDCG@100_stderr,nDCG@100_ci90_low,nDCG@100_ci90_high,nDCG@100_ci95_low,nDCG@100_ci95_high,RR@1,RR@3,RR@5,RR@10,RR@100,P@1,P@3,P@5,P@10,P@100,R@1,R@3,R@5,R@10,R@100,AP
0.7014824797843666,0.4577619619991602,0.011882908456192378,0.6819246174529812,0.7210403421157521,0.6781733835025444,0.7247915760661888,0.771738267611174,0.3796108883144904,0.009854207665300147,0.7555194069161402,0.7879571283062079,0.7524085996179939,0.7910679356043542,0.7934913849552842,0.34683882020534385,0.009003487165151196,0.7786727096177105,0.8083100602928578,0.7758304604452332,0.8111523094653351,0.809492590458153,0.3173168458204089,0.00823713489435487,0.7959352403478868,0.8230499405684193,0.793334915672834,0.8256502652434721,0.8243190388142219,0.28395998058193805,0.007371233817115468,0.812186859496416,0.8364512181320277,0.8098598851993986,0.8387781924290452,0.7014824797843666,0.759321653189578,0.7708108715184195,0.7771560668292476,0.7799914480390239,0.7014824797843666,0.28706199460916015,0.18409703504042707,0.09737196765498418,0.010485175202156145,0.6823899371069182,0.8192385444743935,0.8711253369272237,0.918800539083558,0.9859613656783467,0.775789612933513
