{
  "nDCG@1": 0.7095687331536388,
  "nDCG@1_std": 0.454114422020187,
  "nDCG@1_stderr": 0.011788223036130063,
  "nDCG@1_ci90_low": 0.690166711828451,
  "nDCG@1_ci90_high": 0.7289707544788265,
  "nDCG@1_ci95_low": 0.686445368469502,
  "nDCG@1_ci95_high": 0.7326920978377756,
  "nDCG@3": 0.7842484925626197,
  "nDCG@3_std": 0.36578893909817956,
  "nDCG@3_stderr": 0.009495407741194912,
  "nDCG@3_ci90_low": 0.768620174119597,
  "nDCG@3_ci90_high": 0.7998768110056425,
  "nDCG@3_ci95_low": 0.7656226339110425,
  "nDCG@3_ci95_high": 0.802874351214197,
  "nDCG@5": 0.802813233760768,
  "nDCG@5_std": 0.33601485889017463,
  "nDCG@5_stderr": 0.008722511129309758,
  "nDCG@5_ci90_low": 0.7884570117567081,
  "nDCG@5_ci90_high": 0.8171694557648278,
  "nDCG@5_ci95_low": 0.7857034619837754,
  "nDCG@5_ci95_high": 0.8199230055377605,
  "nDCG@10": 0.8192697105941849,
  "nDCG@10_std": 0.3045703614183297,
  "nDCG@10_stderr": 0.00790625264580214,
  "nDCG@10_ci90_low": 0.8062569535428444,
  "nDCG@10_ci90_high": 0.8322824676455253,
  "nDCG@10_ci95_low": 0.8037610828176763,
  "nDCG@10_ci95_high": 0.8347783383706934,
  "nDCG@100": 0.832086274012144,
  "nDCG@100_std": 0.2748737804441273,
  "nDCG@100_stderr": 0.007135367813787639,
  "nDCG@100_ci90_low": 0.8203423022479641,
  "nDCG@100_ci90_high": 0.8438302457763238,
  "nDCG@100_ci95_low": 0.8180897868734149,
  "nDCG@100_ci95_high": 0.846082761150873,
  "RR@1": 0.7095687331536388,
  "RR@3": 0.7706648697214742,
  "RR@5": 0.7806716082659488,
  "RR@10": 0.7867871047790187,
  "RR@100": 0.7892310735291304,
  "P@1": 0.7095687331536388,
  "P@3": 0.293126684636114,
  "P@5": 0.1858490566037692,
  "P@10": 0.09858490566037494,
  "P@100": 0.010505390835579326,
  "R@1": 0.6886792452830188,
  "R@3": 0.8379380053908357,
  "R@5": 0.8821316262353998,
  "R@10": 0.9315476190476191,
  "R@100": 0.988544474393531,
  "AP": 0.7839815491264605
}