{
  "nDCG@1": 0.648921832884097,
  "nDCG@1_std": 0.47746822959385116,
  "nDCG@1_stderr": 0.012394457674520338,
  "nDCG@1_ci90_low": 0.6285220210228746,
  "nDCG@1_ci90_high": 0.6693216447453194,
  "nDCG@1_ci95_low": 0.6246092996047707,
  "nDCG@1_ci95_high": 0.6732343661634232,
  "nDCG@3": 0.7219392447180847,
  "nDCG@3_std": 0.40709646974558056,
  "nDCG@3_stderr": 0.010567697808920827,
  "nDCG@3_ci90_low": 0.7045460636068684,
  "nDCG@3_ci90_high": 0.7393324258293009,
  "nDCG@3_ci95_low": 0.7012100194940215,
  "nDCG@3_ci95_high": 0.7426684699421479,
  "nDCG@5": 0.7438532407628544,
  "nDCG@5_std": 0.37971560404910815,
  "nDCG@5_stderr": 0.009856925950329666,
  "nDCG@5_ci90_low": 0.7276299060920611,
  "nDCG@5_ci90_high": 0.7600765754336477,
  "nDCG@5_ci95_low": 0.7245182406771392,
  "nDCG@5_ci95_high": 0.7631882408485696,
  "nDCG@10": 0.7622222839799491,
  "nDCG@10_std": 0.3511093049638233,
  "nDCG@10_stderr": 0.009114343425961851,
  "nDCG@10_ci90_low": 0.7472211523442814,
  "nDCG@10_ci90_high": 0.7772234156156167,
  "nDCG@10_ci95_low": 0.7443439077184011,
  "nDCG@10_ci95_high": 0.780100660241497,
  "nDCG@100": 0.781749693208133,
  "nDCG@100_std": 0.31391554378275427,
  "nDCG@100_stderr": 0.008148841492760735,
  "nDCG@100_ci90_low": 0.7683376635974325,
  "nDCG@100_ci90_high": 0.7951617228188336,
  "nDCG@100_ci95_low": 0.7657652116613544,
  "nDCG@100_ci95_high": 0.7977341747549117,
  "RR@1": 0.648921832884097,
  "RR@3": 0.7083333333333337,
  "RR@5": 0.7195867026055713,
  "RR@10": 0.726849088692081,
  "RR@100": 0.7308119243452165,
  "P@1": 0.648921832884097,
  "P@3": 0.2715633423180562,
  "P@5": 0.17479784366576462,
  "P@10": 0.09353099730458009,
  "P@100": 0.010303234501347526,
  "R@1": 0.631233153638814,
  "R@3": 0.7748764600179694,
  "R@5": 0.8270440251572329,
  "R@10": 0.8829739442946991,
  "R@100": 0.9695080862533693,
  "AP": 0.7261154424740859
}