{
  "nDCG@1": 0.6367924528301887,
  "nDCG@1_std": 0.48108604664037447,
  "nDCG@1_stderr": 0.012488371525700414,
  "nDCG@1_ci90_low": 0.6162380698739216,
  "nDCG@1_ci90_high": 0.6573468357864558,
  "nDCG@1_ci95_low": 0.6122957014356238,
  "nDCG@1_ci95_high": 0.6612892042247536,
  "nDCG@3": 0.7163282589874626,
  "nDCG@3_std": 0.40858856514613423,
  "nDCG@3_stderr": 0.010606430675616984,
  "nDCG@3_ci90_low": 0.6988713281572835,
  "nDCG@3_ci90_high": 0.7337851898176416,
  "nDCG@3_ci95_low": 0.6955230567311417,
  "nDCG@3_ci95_high": 0.7371334612437834,
  "nDCG@5": 0.7365358173844007,
  "nDCG@5_std": 0.38442182821733906,
  "nDCG@5_stderr": 0.009979093442624517,
  "nDCG@5_ci90_low": 0.720111409465885,
  "nDCG@5_ci90_high": 0.7529602253029163,
  "nDCG@5_ci95_low": 0.7169611778323959,
  "nDCG@5_ci95_high": 0.7561104569364054,
  "nDCG@10": 0.7570095652784283,
  "nDCG@10_std": 0.3529680328053937,
  "nDCG@10_stderr": 0.009162593596618009,
  "nDCG@10_ci90_low": 0.7419290195667676,
  "nDCG@10_ci90_high": 0.7720901109900891,
  "nDCG@10_ci95_low": 0.7390365431751166,
  "nDCG@10_ci95_high": 0.7749825873817401,
  "nDCG@100": 0.7770962033781152,
  "nDCG@100_std": 0.31483316768694214,
  "nDCG@100_stderr": 0.00817266182244269,
  "nDCG@100_ci90_low": 0.7636449683211786,
  "nDCG@100_ci90_high": 0.7905474384350519,
  "nDCG@100_ci95_low": 0.7610649967084369,
  "nDCG@100_ci95_high": 0.7931274100477936,
  "RR@1": 0.637466307277628,
  "RR@3": 0.702380952380953,
  "RR@5": 0.7123876909254275,
  "RR@10": 0.7205509562315495,
  "RR@100": 0.7245654147036056,
  "P@1": 0.6367924528301887,
  "P@3": 0.269991015274031,
  "P@5": 0.17304582210242236,
  "P@10": 0.09305929919137261,
  "P@100": 0.010296495956873132,
  "R@1": 0.6209568733153639,
  "R@3": 0.7705525606469003,
  "R@5": 0.8177785265049416,
  "R@10": 0.8801100628930819,
  "R@100": 0.970125786163522,
  "AP": 0.7201925491480985
}