nDCG@1,nDCG@1_std,nDCG@1_stderr,nDCG@1_ci90_low,nDCG@1_ci90_high,nDCG@1_ci95_low,nDCG@1_ci95_high,nDCG@3,nDCG@3_std,nDCG@3_stderr,nDCG@3_ci90_low,nDCG@3_ci90_high,nDCG@3_ci95_low,nDCG@3_ci95_high,nDCG@5,nDCG@5_std,nDCG@5_stderr,nDCG@5_ci90_low,nDCG@5_ci90_high,nDCG@5_ci95_low,nDCG@5_ci95_high,nDCG@10,nDCG@10_std,nDCG@10_stderr,nDCG@10_ci90_low,nDCG@10_ci90_high,nDCG@10_ci95_low,nDCG@10_ci95_high,nDCG@100,nDCG@100_std,nDCG@100_stderr,nDCG@100_ci90_low,nDCG@100_ci90_high,nDCG@100_ci95_low,nDCG@100_ci95_high,RR@1,RR@3,RR@5,RR@10,RR@100,P@1,P@3,P@5,P@10,P@100,R@1,R@3,R@5,R@10,R@100,AP
0.5849056603773585,0.4929043973949817,0.01279516062522902,0.5638463388367818,0.6059649819179351,0.5598071222497317,0.6100041985049852,0.6554963375174069,0.43770608168815206,0.011362283743944011,0.6367953619058012,0.6741973131290125,0.6332084804035234,0.6777841946312904,0.678042505402542,0.41471929890416925,0.010765576594377602,0.660323639206859,0.6957613715982249,0.6569251280960702,0.6991598827090137,0.7014278432322602,0.38603672783324405,0.01002101414791408,0.6849344387893742,0.7179212476751461,0.6817709734956673,0.721084712968853,0.7270629046885776,0.34465520912832137,0.008946803445912347,0.7123375240508152,0.74178828532634,0.7095131689732751,0.7446126404038801,0.5849056603773585,0.6438679245283025,0.6556603773584916,0.6648124973259748,0.6698555689953306,0.5849056603773585,0.2468553459119477,0.16024258760107518,0.08787061994608983,0.010067385444743757,0.568733153638814,0.7055256064690026,0.7590970350404312,0.8290655884995507,0.9474955076370171,0.6638939697771042
