{
  "nDCG@1": 0.6199460916442049,
  "nDCG@1_std": 0.48556339543121607,
  "nDCG@1_stderr": 0.012604597709229642,
  "nDCG@1_ci90_low": 0.5992004141319671,
  "nDCG@1_ci90_high": 0.6406917691564427,
  "nDCG@1_ci95_low": 0.5952213550461573,
  "nDCG@1_ci95_high": 0.6446708282422525,
  "nDCG@3": 0.6886457175457107,
  "nDCG@3_std": 0.4248863893833918,
  "nDCG@3_stderr": 0.01102950111292606,
  "nDCG@3_ci90_low": 0.670492462797875,
  "nDCG@3_ci90_high": 0.7067989722935464,
  "nDCG@3_ci95_low": 0.6670106351642011,
  "nDCG@3_ci95_high": 0.7102807999272203,
  "nDCG@5": 0.7108135597540748,
  "nDCG@5_std": 0.39997398788325783,
  "nDCG@5_stderr": 0.010382807392117199,
  "nDCG@5_ci90_low": 0.6937246864082148,
  "nDCG@5_ci90_high": 0.7279024330999347,
  "nDCG@5_ci95_low": 0.6904470090842043,
  "nDCG@5_ci95_high": 0.7311801104239453,
  "nDCG@10": 0.7310109809973803,
  "nDCG@10_std": 0.3725056937189445,
  "nDCG@10_stderr": 0.009669766003582391,
  "nDCG@10_ci90_low": 0.7150956894698904,
  "nDCG@10_ci90_high": 0.7469262725248701,
  "nDCG@10_ci95_low": 0.7120431072961623,
  "nDCG@10_ci95_high": 0.7499788546985983,
  "nDCG@100": 0.7552407716868196,
  "nDCG@100_std": 0.3303042212598661,
  "nDCG@100_stderr": 0.008574270362665263,
  "nDCG@100_ci90_low": 0.741128536457262,
  "nDCG@100_ci90_high": 0.7693530069163772,
  "nDCG@100_ci95_low": 0.7384217837962254,
  "nDCG@100_ci95_high": 0.7720597595774138,
  "RR@1": 0.6192722371967655,
  "RR@3": 0.6763252470799648,
  "RR@5": 0.687982929020666,
  "RR@10": 0.6959985881144917,
  "RR@100": 0.7008800686580938,
  "P@1": 0.6199460916442049,
  "P@3": 0.25876010781670894,
  "P@5": 0.16711590296495626,
  "P@10": 0.09009433962263957,
  "P@100": 0.01021563342318041,
  "R@1": 0.6022574123989218,
  "R@3": 0.7388814016172507,
  "R@5": 0.7917789757412399,
  "R@10": 0.851639712488769,
  "R@100": 0.9615341419586703,
  "AP": 0.6954566185457423
}