{
  "nDCG@1": 0.5464959568733153,
  "nDCG@1_std": 0.49800125043222276,
  "nDCG@1_stderr": 0.01292746833771718,
  "nDCG@1_ci90_low": 0.5252188724815171,
  "nDCG@1_ci90_high": 0.5677730412651135,
  "nDCG@1_ci95_low": 0.5211378885792665,
  "nDCG@1_ci95_high": 0.5718540251673642,
  "nDCG@3": 0.6337092100890782,
  "nDCG@3_std": 0.4366645418263351,
  "nDCG@3_stderr": 0.011335246716277066,
  "nDCG@3_ci90_low": 0.6150527342282625,
  "nDCG@3_ci90_high": 0.652365685949894,
  "nDCG@3_ci95_low": 0.6114743878599948,
  "nDCG@3_ci95_high": 0.6559440323181617,
  "nDCG@5": 0.6592897026991333,
  "nDCG@5_std": 0.4120328582644038,
  "nDCG@5_stderr": 0.01069584007005847,
  "nDCG@5_ci90_low": 0.6416856145771123,
  "nDCG@5_ci90_high": 0.6768937908211544,
  "nDCG@5_ci95_low": 0.6383091181118604,
  "nDCG@5_ci95_high": 0.6802702872864063,
  "nDCG@10": 0.6788667722726152,
  "nDCG@10_std": 0.3885804418069732,
  "nDCG@10_stderr": 0.010087045672588068,
  "nDCG@10_ci90_low": 0.6622646877474189,
  "nDCG@10_ci90_high": 0.6954688567978115,
  "nDCG@10_ci95_low": 0.6590803774141268,
  "nDCG@10_ci95_high": 0.6986531671311035,
  "nDCG@100": 0.7071028287046779,
  "nDCG@100_std": 0.3450300623931194,
  "nDCG@100_stderr": 0.008956534151824753,
  "nDCG@100_ci90_low": 0.6923614324755033,
  "nDCG@100_ci90_high": 0.7218442249338525,
  "nDCG@100_ci95_low": 0.6895340055780873,
  "nDCG@100_ci95_high": 0.7246716518312685,
  "RR@1": 0.5464959568733153,
  "RR@3": 0.6168014375561551,
  "RR@5": 0.6301437556154552,
  "RR@10": 0.637787457750397,
  "RR@100": 0.6432672283412718,
  "P@1": 0.5464959568733153,
  "P@3": 0.2439353099730439,
  "P@5": 0.15997304582209948,
  "P@10": 0.08638814016172333,
  "P@100": 0.010047169811320577,
  "R@1": 0.5308288409703504,
  "R@3": 0.6974955076370172,
  "R@5": 0.7584793351302787,
  "R@10": 0.8174977538185085,
  "R@100": 0.9477762803234502,
  "AP": 0.6380885162538292
}