{
  "nDCG@1": 0.5929919137466307,
  "nDCG@1_std": 0.49144201092615764,
  "nDCG@1_stderr": 0.012757198963974512,
  "nDCG@1_ci90_low": 0.5719950726120442,
  "nDCG@1_ci90_high": 0.6139887548812173,
  "nDCG@1_ci95_low": 0.5679678398817273,
  "nDCG@1_ci95_high": 0.6180159876115342,
  "nDCG@3": 0.6743712050581202,
  "nDCG@3_std": 0.4261959701625647,
  "nDCG@3_stderr": 0.011063496136118768,
  "nDCG@3_ci90_low": 0.6561619985215448,
  "nDCG@3_ci90_high": 0.6925804115946956,
  "nDCG@3_ci95_low": 0.6526694392319285,
  "nDCG@3_ci95_high": 0.6960729708843119,
  "nDCG@5": 0.6983907460906161,
  "nDCG@5_std": 0.4003186740519079,
  "nDCG@5_stderr": 0.010391754999232252,
  "nDCG@5_ci90_low": 0.6812871460413741,
  "nDCG@5_ci90_high": 0.7154943461398582,
  "nDCG@5_ci95_low": 0.6780066441085811,
  "nDCG@5_ci95_high": 0.7187748480726511,
  "nDCG@10": 0.7160308688896391,
  "nDCG@10_std": 0.37701839606217175,
  "nDCG@10_stderr": 0.009786909919604651,
  "nDCG@10_ci90_low": 0.6999227723270041,
  "nDCG@10_ci90_high": 0.7321389654522741,
  "nDCG@10_ci95_low": 0.6968332097930813,
  "nDCG@10_ci95_high": 0.7352285279861969,
  "nDCG@100": 0.7417675480672589,
  "nDCG@100_std": 0.33342626453556085,
  "nDCG@100_stderr": 0.008655314567997072,
  "nDCG@100_ci90_low": 0.7275219236580673,
  "nDCG@100_ci90_high": 0.7560131724764504,
  "nDCG@100_ci95_low": 0.7247895867071537,
  "nDCG@100_ci95_high": 0.7587455094273641,
  "RR@1": 0.5923180592991913,
  "RR@3": 0.6589173405211148,
  "RR@5": 0.6711477987421397,
  "RR@10": 0.6782240726479281,
  "RR@100": 0.6836225107998379,
  "P@1": 0.5929919137466307,
  "P@3": 0.2558400718778052,
  "P@5": 0.16644204851751696,
  "P@10": 0.08901617250673666,
  "P@100": 0.010161725067385264,
  "R@1": 0.576987870619946,
  "R@3": 0.7316374663072777,
  "R@5": 0.7888589398023359,
  "R@10": 0.8415880503144655,
  "R@100": 0.9577156334231806,
  "AP": 0.6792082963030008
}