nDCG@1,nDCG@1_std,nDCG@1_stderr,nDCG@1_ci90_low,nDCG@1_ci90_high,nDCG@1_ci95_low,nDCG@1_ci95_high,nDCG@3,nDCG@3_std,nDCG@3_stderr,nDCG@3_ci90_low,nDCG@3_ci90_high,nDCG@3_ci95_low,nDCG@3_ci95_high,nDCG@5,nDCG@5_std,nDCG@5_stderr,nDCG@5_ci90_low,nDCG@5_ci90_high,nDCG@5_ci95_low,nDCG@5_ci95_high,nDCG@10,nDCG@10_std,nDCG@10_stderr,nDCG@10_ci90_low,nDCG@10_ci90_high,nDCG@10_ci95_low,nDCG@10_ci95_high,nDCG@100,nDCG@100_std,nDCG@100_stderr,nDCG@100_ci90_low,nDCG@100_ci90_high,nDCG@100_ci95_low,nDCG@100_ci95_high,RR@1,RR@3,RR@5,RR@10,RR@100,P@1,P@3,P@5,P@10,P@100,R@1,R@3,R@5,R@10,R@100,AP
0.5714285714285714,0.4950384793537204,0.012850558632619049,0.5502780713178692,0.5925790715392736,0.546221366513446,0.5966357763436968,0.6448911215518698,0.44071842889625,0.011440480381243815,0.6260614435209259,0.6637207995828137,0.6224498766580118,0.6673323664457278,0.6650541578360487,0.4206592034779131,0.010919768834335812,0.6470815094444674,0.68302680622763,0.6436343224419508,0.6864739932301466,0.6874543963984927,0.39436539561992534,0.010237215591212144,0.670605149942731,0.7043036428542544,0.6673734334967726,0.7075353593002128,0.7141605122559886,0.35317786699442844,0.009168040620762152,0.6990710013866209,0.7292500231253564,0.6961768054612402,0.7321442190507371,0.5714285714285714,0.631626235399821,0.642239442946991,0.6509714734950588,0.656492143244613,0.5714285714285714,0.24393530997304402,0.15727762803234221,0.08611859838274759,0.009919137466307102,0.5559299191374663,0.6971024258760108,0.7452830188679245,0.8127246181491464,0.9330076370170711,0.6512735653216496
