nDCG@1,nDCG@1_std,nDCG@1_stderr,nDCG@1_ci90_low,nDCG@1_ci90_high,nDCG@1_ci95_low,nDCG@1_ci95_high,nDCG@3,nDCG@3_std,nDCG@3_stderr,nDCG@3_ci90_low,nDCG@3_ci90_high,nDCG@3_ci95_low,nDCG@3_ci95_high,nDCG@5,nDCG@5_std,nDCG@5_stderr,nDCG@5_ci90_low,nDCG@5_ci90_high,nDCG@5_ci95_low,nDCG@5_ci95_high,nDCG@10,nDCG@10_std,nDCG@10_stderr,nDCG@10_ci90_low,nDCG@10_ci90_high,nDCG@10_ci95_low,nDCG@10_ci95_high,nDCG@100,nDCG@100_std,nDCG@100_stderr,nDCG@100_ci90_low,nDCG@100_ci90_high,nDCG@100_ci95_low,nDCG@100_ci95_high,RR@1,RR@3,RR@5,RR@10,RR@100,P@1,P@3,P@5,P@10,P@100,R@1,R@3,R@5,R@10,R@100,AP
0.648921832884097,0.47746822959385116,0.012394457674520338,0.6285220210228746,0.6693216447453194,0.6246092996047707,0.6732343661634232,0.7219392447180847,0.40709646974558056,0.010567697808920827,0.7045460636068684,0.7393324258293009,0.7012100194940215,0.7426684699421479,0.7438532407628544,0.37971560404910815,0.009856925950329666,0.7276299060920611,0.7600765754336477,0.7245182406771392,0.7631882408485696,0.7622222839799491,0.3511093049638233,0.009114343425961851,0.7472211523442814,0.7772234156156167,0.7443439077184011,0.780100660241497,0.781749693208133,0.31391554378275427,0.008148841492760735,0.7683376635974325,0.7951617228188336,0.7657652116613544,0.7977341747549117,0.648921832884097,0.7083333333333337,0.7195867026055713,0.726849088692081,0.7308119243452165,0.648921832884097,0.2715633423180562,0.17479784366576462,0.09353099730458009,0.010303234501347526,0.631233153638814,0.7748764600179694,0.8270440251572329,0.8829739442946991,0.9695080862533693,0.7261154424740859
