nDCG@1,nDCG@1_std,nDCG@1_stderr,nDCG@1_ci90_low,nDCG@1_ci90_high,nDCG@1_ci95_low,nDCG@1_ci95_high,nDCG@3,nDCG@3_std,nDCG@3_stderr,nDCG@3_ci90_low,nDCG@3_ci90_high,nDCG@3_ci95_low,nDCG@3_ci95_high,nDCG@5,nDCG@5_std,nDCG@5_stderr,nDCG@5_ci90_low,nDCG@5_ci90_high,nDCG@5_ci95_low,nDCG@5_ci95_high,nDCG@10,nDCG@10_std,nDCG@10_stderr,nDCG@10_ci90_low,nDCG@10_ci90_high,nDCG@10_ci95_low,nDCG@10_ci95_high,nDCG@100,nDCG@100_std,nDCG@100_stderr,nDCG@100_ci90_low,nDCG@100_ci90_high,nDCG@100_ci95_low,nDCG@100_ci95_high,RR@1,RR@3,RR@5,RR@10,RR@100,P@1,P@3,P@5,P@10,P@100,R@1,R@3,R@5,R@10,R@100,AP
0.5464959568733153,0.49800125043222276,0.01292746833771718,0.5252188724815171,0.5677730412651135,0.5211378885792665,0.5718540251673642,0.6337092100890782,0.4366645418263351,0.011335246716277066,0.6150527342282625,0.652365685949894,0.6114743878599948,0.6559440323181617,0.6592897026991333,0.4120328582644038,0.01069584007005847,0.6416856145771123,0.6768937908211544,0.6383091181118604,0.6802702872864063,0.6788667722726152,0.3885804418069732,0.010087045672588068,0.6622646877474189,0.6954688567978115,0.6590803774141268,0.6986531671311035,0.7071028287046779,0.3450300623931194,0.008956534151824753,0.6923614324755033,0.7218442249338525,0.6895340055780873,0.7246716518312685,0.5464959568733153,0.6168014375561551,0.6301437556154552,0.637787457750397,0.6432672283412718,0.5464959568733153,0.2439353099730439,0.15997304582209948,0.08638814016172333,0.010047169811320577,0.5308288409703504,0.6974955076370172,0.7584793351302787,0.8174977538185085,0.9477762803234502,0.6380885162538292
