nDCG@1,nDCG@1_std,nDCG@1_stderr,nDCG@1_ci90_low,nDCG@1_ci90_high,nDCG@1_ci95_low,nDCG@1_ci95_high,nDCG@3,nDCG@3_std,nDCG@3_stderr,nDCG@3_ci90_low,nDCG@3_ci90_high,nDCG@3_ci95_low,nDCG@3_ci95_high,nDCG@5,nDCG@5_std,nDCG@5_stderr,nDCG@5_ci90_low,nDCG@5_ci90_high,nDCG@5_ci95_low,nDCG@5_ci95_high,nDCG@10,nDCG@10_std,nDCG@10_stderr,nDCG@10_ci90_low,nDCG@10_ci90_high,nDCG@10_ci95_low,nDCG@10_ci95_high,nDCG@100,nDCG@100_std,nDCG@100_stderr,nDCG@100_ci90_low,nDCG@100_ci90_high,nDCG@100_ci95_low,nDCG@100_ci95_high,RR@1,RR@3,RR@5,RR@10,RR@100,P@1,P@3,P@5,P@10,P@100,R@1,R@3,R@5,R@10,R@100,AP
0.5929919137466307,0.49144201092615764,0.012757198963974512,0.5719950726120442,0.6139887548812173,0.5679678398817273,0.6180159876115342,0.6743712050581202,0.4261959701625647,0.011063496136118768,0.6561619985215448,0.6925804115946956,0.6526694392319285,0.6960729708843119,0.6983907460906161,0.4003186740519079,0.010391754999232252,0.6812871460413741,0.7154943461398582,0.6780066441085811,0.7187748480726511,0.7160308688896391,0.37701839606217175,0.009786909919604651,0.6999227723270041,0.7321389654522741,0.6968332097930813,0.7352285279861969,0.7417675480672589,0.33342626453556085,0.008655314567997072,0.7275219236580673,0.7560131724764504,0.7247895867071537,0.7587455094273641,0.5923180592991913,0.6589173405211148,0.6711477987421397,0.6782240726479281,0.6836225107998379,0.5929919137466307,0.2558400718778052,0.16644204851751696,0.08901617250673666,0.010161725067385264,0.576987870619946,0.7316374663072777,0.7888589398023359,0.8415880503144655,0.9577156334231806,0.6792082963030008
