nDCG@1,nDCG@1_std,nDCG@1_stderr,nDCG@1_ci90_low,nDCG@1_ci90_high,nDCG@1_ci95_low,nDCG@1_ci95_high,nDCG@3,nDCG@3_std,nDCG@3_stderr,nDCG@3_ci90_low,nDCG@3_ci90_high,nDCG@3_ci95_low,nDCG@3_ci95_high,nDCG@5,nDCG@5_std,nDCG@5_stderr,nDCG@5_ci90_low,nDCG@5_ci90_high,nDCG@5_ci95_low,nDCG@5_ci95_high,nDCG@10,nDCG@10_std,nDCG@10_stderr,nDCG@10_ci90_low,nDCG@10_ci90_high,nDCG@10_ci95_low,nDCG@10_ci95_high,nDCG@100,nDCG@100_std,nDCG@100_stderr,nDCG@100_ci90_low,nDCG@100_ci90_high,nDCG@100_ci95_low,nDCG@100_ci95_high,RR@1,RR@3,RR@5,RR@10,RR@100,P@1,P@3,P@5,P@10,P@100,R@1,R@3,R@5,R@10,R@100,AP
0.6199460916442049,0.48556339543121607,0.012604597709229642,0.5992004141319671,0.6406917691564427,0.5952213550461573,0.6446708282422525,0.6886457175457107,0.4248863893833918,0.01102950111292606,0.670492462797875,0.7067989722935464,0.6670106351642011,0.7102807999272203,0.7108135597540748,0.39997398788325783,0.010382807392117199,0.6937246864082148,0.7279024330999347,0.6904470090842043,0.7311801104239453,0.7310109809973803,0.3725056937189445,0.009669766003582391,0.7150956894698904,0.7469262725248701,0.7120431072961623,0.7499788546985983,0.7552407716868196,0.3303042212598661,0.008574270362665263,0.741128536457262,0.7693530069163772,0.7384217837962254,0.7720597595774138,0.6192722371967655,0.6763252470799648,0.687982929020666,0.6959985881144917,0.7008800686580938,0.6199460916442049,0.25876010781670894,0.16711590296495626,0.09009433962263957,0.01021563342318041,0.6022574123989218,0.7388814016172507,0.7917789757412399,0.851639712488769,0.9615341419586703,0.6954566185457423
