nDCG@1,nDCG@1_std,nDCG@1_stderr,nDCG@1_ci90_low,nDCG@1_ci90_high,nDCG@1_ci95_low,nDCG@1_ci95_high,nDCG@3,nDCG@3_std,nDCG@3_stderr,nDCG@3_ci90_low,nDCG@3_ci90_high,nDCG@3_ci95_low,nDCG@3_ci95_high,nDCG@5,nDCG@5_std,nDCG@5_stderr,nDCG@5_ci90_low,nDCG@5_ci90_high,nDCG@5_ci95_low,nDCG@5_ci95_high,nDCG@10,nDCG@10_std,nDCG@10_stderr,nDCG@10_ci90_low,nDCG@10_ci90_high,nDCG@10_ci95_low,nDCG@10_ci95_high,nDCG@100,nDCG@100_std,nDCG@100_stderr,nDCG@100_ci90_low,nDCG@100_ci90_high,nDCG@100_ci95_low,nDCG@100_ci95_high,RR@1,RR@3,RR@5,RR@10,RR@100,P@1,P@3,P@5,P@10,P@100,R@1,R@3,R@5,R@10,R@100,AP
0.6509433962264151,0.47683257538992574,0.012377956913552668,0.6305707426667616,0.6713160497860685,0.6266632302608266,0.6752235621920035,0.7282622760368338,0.4014507398915229,0.010421141964194955,0.7111103085178602,0.7454142435558074,0.7078205296154537,0.7487040224582139,0.7514816915936381,0.3715989327982057,0.009646227662900403,0.7356051413918316,0.7673582417954445,0.7325599898755918,0.7704033933116844,0.7711549238578487,0.33994589066431413,0.008824555629701358,0.7566307486714773,0.7856790990442201,0.7538449851694112,0.7884648625462861,0.790582358409113,0.30034837160777433,0.007796655251115383,0.7777499857110699,0.803414731107156,0.7752887130364837,0.8058760037817422,0.6509433962264151,0.7136118598382756,0.7255727762803246,0.7333213002182011,0.73721070675659,0.6509433962264151,0.27470799640610605,0.1773584905660338,0.09528301886792231,0.010491913746630539,0.6324123989218329,0.7847035040431267,0.839734950584007,0.8986972147349507,0.9866352201257861,0.7325901132638627
