{
  "nDCG@1": 0.6462264150943396,
  "nDCG@1_std": 0.4783011546658006,
  "nDCG@1_stderr": 0.01241607933206833,
  "nDCG@1_ci90_low": 0.6257910165412515,
  "nDCG@1_ci90_high": 0.6666618136474278,
  "nDCG@1_ci95_low": 0.621871469530225,
  "nDCG@1_ci95_high": 0.6705813606584543,
  "nDCG@3": 0.724770663168466,
  "nDCG@3_std": 0.40278063241480955,
  "nDCG@3_stderr": 0.010455664253993292,
  "nDCG@3_ci90_low": 0.7075618760422615,
  "nDCG@3_ci90_high": 0.7419794502946704,
  "nDCG@3_ci95_low": 0.7042611990347307,
  "nDCG@3_ci95_high": 0.7452801273022012,
  "nDCG@5": 0.7445731413837033,
  "nDCG@5_std": 0.37754754372664473,
  "nDCG@5_stderr": 0.009800645908565551,
  "nDCG@5_ci90_low": 0.728442437007327,
  "nDCG@5_ci90_high": 0.7607038457600797,
  "nDCG@5_ci95_low": 0.7253485382531664,
  "nDCG@5_ci95_high": 0.7637977445142403,
  "nDCG@10": 0.7658133555370167,
  "nDCG@10_std": 0.3444945740798417,
  "nDCG@10_stderr": 0.008942633567821988,
  "nDCG@10_ci90_low": 0.7510948380255613,
  "nDCG@10_ci90_high": 0.780531873048472,
  "nDCG@10_ci95_low": 0.7482717993082642,
  "nDCG@10_ci95_high": 0.7833549117657692,
  "nDCG@100": 0.7857063041110051,
  "nDCG@100_std": 0.3051801439527767,
  "nDCG@100_stderr": 0.00792208181169302,
  "nDCG@100_ci90_low": 0.7726674941241854,
  "nDCG@100_ci90_high": 0.7987451140978247,
  "nDCG@100_ci95_low": 0.7701666263980965,
  "nDCG@100_ci95_high": 0.8012459818239136,
  "RR@1": 0.6462264150943396,
  "RR@3": 0.7101302785265053,
  "RR@5": 0.7203391734052118,
  "RR@10": 0.7286733089462202,
  "RR@100": 0.7326388901007819,
  "P@1": 0.6462264150943396,
  "P@3": 0.27358490566037386,
  "P@5": 0.17506738544474013,
  "P@10": 0.09460916442048298,
  "P@100": 0.010438005390835392,
  "R@1": 0.6276954177897575,
  "R@3": 0.7816711590296496,
  "R@5": 0.8287848158131176,
  "R@10": 0.8922955974842768,
  "R@100": 0.9812443845462713,
  "AP": 0.7277578712468245
}