{
  "nDCG@1": 0.6509433962264151,
  "nDCG@1_std": 0.47683257538992574,
  "nDCG@1_stderr": 0.012377956913552668,
  "nDCG@1_ci90_low": 0.6305707426667616,
  "nDCG@1_ci90_high": 0.6713160497860685,
  "nDCG@1_ci95_low": 0.6266632302608266,
  "nDCG@1_ci95_high": 0.6752235621920035,
  "nDCG@3": 0.7327321985955976,
  "nDCG@3_std": 0.39631965310841594,
  "nDCG@3_stderr": 0.010287945587942639,
  "nDCG@3_ci90_low": 0.7157994565633291,
  "nDCG@3_ci90_high": 0.749664940627866,
  "nDCG@3_ci95_low": 0.7125517255122981,
  "nDCG@3_ci95_high": 0.7529126716788971,
  "nDCG@5": 0.7552182727026957,
  "nDCG@5_std": 0.36702057414275324,
  "nDCG@5_stderr": 0.009527379393933796,
  "nDCG@5_ci90_low": 0.739537332699465,
  "nDCG@5_ci90_high": 0.7708992127059264,
  "nDCG@5_ci95_low": 0.7365296995789228,
  "nDCG@5_ci95_high": 0.7739068458264686,
  "nDCG@10": 0.7727221763589308,
  "nDCG@10_std": 0.3381180554644598,
  "nDCG@10_stderr": 0.008777107392067067,
  "nDCG@10_ci90_low": 0.7582760953616159,
  "nDCG@10_ci90_high": 0.7871682573562457,
  "nDCG@10_ci95_low": 0.7555053104685796,
  "nDCG@10_ci95_high": 0.789939042249282,
  "nDCG@100": 0.7921829381594121,
  "nDCG@100_std": 0.2983745179948899,
  "nDCG@100_stderr": 0.007745416564341593,
  "nDCG@100_ci90_low": 0.7794348982815416,
  "nDCG@100_ci90_high": 0.8049309780372826,
  "nDCG@100_ci95_low": 0.7769898007969024,
  "nDCG@100_ci95_high": 0.8073760755219218,
  "RR@1": 0.6509433962264151,
  "RR@3": 0.716644204851753,
  "RR@5": 0.7282008086253383,
  "RR@10": 0.7350147606212311,
  "RR@100": 0.7390430909512488,
  "P@1": 0.6509433962264151,
  "P@3": 0.27740341419586345,
  "P@5": 0.17870619946091246,
  "P@10": 0.09528301886792229,
  "P@100": 0.010485175202156145,
  "R@1": 0.6318508535489668,
  "R@3": 0.7930143755615453,
  "R@5": 0.846585804132974,
  "R@10": 0.8995395327942498,
  "R@100": 0.9862982929020664,
  "AP": 0.7344430051411387
}