nDCG@1,nDCG@1_std,nDCG@1_stderr,nDCG@1_ci90_low,nDCG@1_ci90_high,nDCG@1_ci95_low,nDCG@1_ci95_high,nDCG@3,nDCG@3_std,nDCG@3_stderr,nDCG@3_ci90_low,nDCG@3_ci90_high,nDCG@3_ci95_low,nDCG@3_ci95_high,nDCG@5,nDCG@5_std,nDCG@5_stderr,nDCG@5_ci90_low,nDCG@5_ci90_high,nDCG@5_ci95_low,nDCG@5_ci95_high,nDCG@10,nDCG@10_std,nDCG@10_stderr,nDCG@10_ci90_low,nDCG@10_ci90_high,nDCG@10_ci95_low,nDCG@10_ci95_high,nDCG@100,nDCG@100_std,nDCG@100_stderr,nDCG@100_ci90_low,nDCG@100_ci90_high,nDCG@100_ci95_low,nDCG@100_ci95_high,RR@1,RR@3,RR@5,RR@10,RR@100,P@1,P@3,P@5,P@10,P@100,R@1,R@3,R@5,R@10,R@100,AP
0.6408355795148248,0.47991722417968097,0.012458030406396167,0.6203311344535201,0.6613400245761296,0.6163983441952822,0.6652728148343675,0.7205903198575916,0.40342797793531426,0.010472468506417606,0.7033538749187642,0.737826764796419,0.7000478930919262,0.741132746623257,0.7414844083142103,0.37689020266981327,0.009783582184946595,0.7253817888093644,0.7575870278190561,0.7222932767851946,0.7606755398432259,0.7603877333504294,0.3479841333512375,0.009033218013050598,0.7455201245524697,0.7752553421483891,0.7426684898523309,0.7781069768485279,0.7815444567018076,0.3075130231391442,0.00798264033798449,0.7684059745409099,0.7946829388627054,0.7658859895085949,0.7972029238950203,0.6408355795148248,0.7065363881401621,0.7171832884097044,0.7246582595302274,0.728988276740079,0.6408355795148248,0.27201257861634875,0.1743935309973008,0.09346361185983611,0.01039757412398903,0.6221361185983828,0.7780211141060198,0.8285040431266847,0.8849955076370171,0.9782120395327941,0.723009446514617
