{
  "nDCG@1": 0.6482479784366577,
  "nDCG@1_std": 0.47767802388250347,
  "nDCG@1_stderr": 0.012399903662902159,
  "nDCG@1_ci90_low": 0.6278392031224708,
  "nDCG@1_ci90_high": 0.6686567537508447,
  "nDCG@1_ci95_low": 0.6239247624976098,
  "nDCG@1_ci95_high": 0.6725711943757057,
  "nDCG@3": 0.7270897702517279,
  "nDCG@3_std": 0.40046918409769255,
  "nDCG@3_stderr": 0.010395662045348503,
  "nDCG@3_ci90_low": 0.7099797396665319,
  "nDCG@3_ci90_high": 0.7441998008369239,
  "nDCG@3_ci95_low": 0.7066980043451212,
  "nDCG@3_ci95_high": 0.7474815361583347,
  "nDCG@5": 0.7503179991403688,
  "nDCG@5_std": 0.3704126621765072,
  "nDCG@5_stderr": 0.009615433611904223,
  "nDCG@5_ci90_low": 0.7344921323055368,
  "nDCG@5_ci90_high": 0.7661438659752008,
  "nDCG@5_ci95_low": 0.7314567019522592,
  "nDCG@5_ci95_high": 0.7691792963284784,
  "nDCG@10": 0.7675134742131,
  "nDCG@10_std": 0.3435256578197563,
  "nDCG@10_stderr": 0.008917481754923361,
  "nDCG@10_ci90_low": 0.7528363536118261,
  "nDCG@10_ci90_high": 0.7821905948143739,
  "nDCG@10_ci95_low": 0.7500212548980061,
  "nDCG@10_ci95_high": 0.7850056935281939,
  "nDCG@100": 0.7878924453073001,
  "nDCG@100_std": 0.3034677767917915,
  "nDCG@100_stderr": 0.007877630974999396,
  "nDCG@100_ci90_low": 0.7749267961419892,
  "nDCG@100_ci90_high": 0.8008580944726109,
  "nDCG@100_ci95_low": 0.772439960795965,
  "nDCG@100_ci95_high": 0.8033449298186351,
  "RR@1": 0.6482479784366577,
  "RR@3": 0.7132749326145555,
  "RR@5": 0.7252021563342326,
  "RR@10": 0.731861817053866,
  "RR@100": 0.7360675195688621,
  "P@1": 0.6482479784366577,
  "P@3": 0.27380952380952017,
  "P@5": 0.17668463611859447,
  "P@10": 0.09413746630727543,
  "P@100": 0.010424528301886605,
  "R@1": 0.6298854447439353,
  "R@3": 0.7839734950584006,
  "R@5": 0.8392857142857143,
  "R@10": 0.8907232704402516,
  "R@100": 0.9802336028751122,
  "AP": 0.730382949591079
}