nDCG@1,nDCG@1_std,nDCG@1_stderr,nDCG@1_ci90_low,nDCG@1_ci90_high,nDCG@1_ci95_low,nDCG@1_ci95_high,nDCG@3,nDCG@3_std,nDCG@3_stderr,nDCG@3_ci90_low,nDCG@3_ci90_high,nDCG@3_ci95_low,nDCG@3_ci95_high,nDCG@5,nDCG@5_std,nDCG@5_stderr,nDCG@5_ci90_low,nDCG@5_ci90_high,nDCG@5_ci95_low,nDCG@5_ci95_high,nDCG@10,nDCG@10_std,nDCG@10_stderr,nDCG@10_ci90_low,nDCG@10_ci90_high,nDCG@10_ci95_low,nDCG@10_ci95_high,nDCG@100,nDCG@100_std,nDCG@100_stderr,nDCG@100_ci90_low,nDCG@100_ci90_high,nDCG@100_ci95_low,nDCG@100_ci95_high,RR@1,RR@3,RR@5,RR@10,RR@100,P@1,P@3,P@5,P@10,P@100,R@1,R@3,R@5,R@10,R@100,AP
0.6347708894878706,0.4816566587868996,0.012503183878984504,0.6141921271494513,0.65534965182629,0.6102450827008375,0.6592966962749037,0.7151597039384857,0.4072489426079259,0.010571655807216253,0.697760008430053,0.7325593994469184,0.6944227148438439,0.7358966930331275,0.7364276382559259,0.380955865137774,0.009889121524016107,0.7201513134775205,0.7527039630343314,0.7170294844625412,0.7558257920493107,0.7573992578365589,0.34900391645783374,0.009059690263492579,0.7424880788443446,0.7723104368287732,0.7396280873008481,0.7751704283722698,0.7785363474535522,0.3081123531032482,0.007998198168668801,0.7653722589428436,0.7917004359642608,0.7628473625655602,0.7942253323415441,0.6347708894878706,0.7001347708894885,0.7113207547169819,0.7195142365122151,0.7236335933572765,0.6347708894878706,0.27044025157232376,0.1738544474393493,0.09393530997304367,0.010438005390835392,0.6172506738544474,0.7727425876010782,0.8230570530098831,0.8858939802336029,0.9820305480682838,0.718747788195565
