nDCG@1,nDCG@1_std,nDCG@1_stderr,nDCG@1_ci90_low,nDCG@1_ci90_high,nDCG@1_ci95_low,nDCG@1_ci95_high,nDCG@3,nDCG@3_std,nDCG@3_stderr,nDCG@3_ci90_low,nDCG@3_ci90_high,nDCG@3_ci95_low,nDCG@3_ci95_high,nDCG@5,nDCG@5_std,nDCG@5_stderr,nDCG@5_ci90_low,nDCG@5_ci90_high,nDCG@5_ci95_low,nDCG@5_ci95_high,nDCG@10,nDCG@10_std,nDCG@10_stderr,nDCG@10_ci90_low,nDCG@10_ci90_high,nDCG@10_ci95_low,nDCG@10_ci95_high,nDCG@100,nDCG@100_std,nDCG@100_stderr,nDCG@100_ci90_low,nDCG@100_ci90_high,nDCG@100_ci95_low,nDCG@100_ci95_high,RR@1,RR@3,RR@5,RR@10,RR@100,P@1,P@3,P@5,P@10,P@100,R@1,R@3,R@5,R@10,R@100,AP
0.6482479784366577,0.47767802388250347,0.012399903662902159,0.6278392031224708,0.6686567537508447,0.6239247624976098,0.6725711943757057,0.7270897702517279,0.40046918409769255,0.010395662045348503,0.7099797396665319,0.7441998008369239,0.7066980043451212,0.7474815361583347,0.7503179991403688,0.3704126621765072,0.009615433611904223,0.7344921323055368,0.7661438659752008,0.7314567019522592,0.7691792963284784,0.7675134742131,0.3435256578197563,0.008917481754923361,0.7528363536118261,0.7821905948143739,0.7500212548980061,0.7850056935281939,0.7878924453073001,0.3034677767917915,0.007877630974999396,0.7749267961419892,0.8008580944726109,0.772439960795965,0.8033449298186351,0.6482479784366577,0.7132749326145555,0.7252021563342326,0.731861817053866,0.7360675195688621,0.6482479784366577,0.27380952380952017,0.17668463611859447,0.09413746630727543,0.010424528301886605,0.6298854447439353,0.7839734950584006,0.8392857142857143,0.8907232704402516,0.9802336028751122,0.730382949591079
