nDCG@1,nDCG@1_std,nDCG@1_stderr,nDCG@1_ci90_low,nDCG@1_ci90_high,nDCG@1_ci95_low,nDCG@1_ci95_high,nDCG@3,nDCG@3_std,nDCG@3_stderr,nDCG@3_ci90_low,nDCG@3_ci90_high,nDCG@3_ci95_low,nDCG@3_ci95_high,nDCG@5,nDCG@5_std,nDCG@5_stderr,nDCG@5_ci90_low,nDCG@5_ci90_high,nDCG@5_ci95_low,nDCG@5_ci95_high,nDCG@10,nDCG@10_std,nDCG@10_stderr,nDCG@10_ci90_low,nDCG@10_ci90_high,nDCG@10_ci95_low,nDCG@10_ci95_high,nDCG@100,nDCG@100_std,nDCG@100_stderr,nDCG@100_ci90_low,nDCG@100_ci90_high,nDCG@100_ci95_low,nDCG@100_ci95_high,RR@1,RR@3,RR@5,RR@10,RR@100,P@1,P@3,P@5,P@10,P@100,R@1,R@3,R@5,R@10,R@100,AP
0.6509433962264151,0.47683257538992574,0.012377956913552668,0.6305707426667616,0.6713160497860685,0.6266632302608266,0.6752235621920035,0.7327321985955976,0.39631965310841594,0.010287945587942639,0.7157994565633291,0.749664940627866,0.7125517255122981,0.7529126716788971,0.7552182727026957,0.36702057414275324,0.009527379393933796,0.739537332699465,0.7708992127059264,0.7365296995789228,0.7739068458264686,0.7727221763589308,0.3381180554644598,0.008777107392067067,0.7582760953616159,0.7871682573562457,0.7555053104685796,0.789939042249282,0.7921829381594121,0.2983745179948899,0.007745416564341593,0.7794348982815416,0.8049309780372826,0.7769898007969024,0.8073760755219218,0.6509433962264151,0.716644204851753,0.7282008086253383,0.7350147606212311,0.7390430909512488,0.6509433962264151,0.27740341419586345,0.17870619946091246,0.09528301886792229,0.010485175202156145,0.6318508535489668,0.7930143755615453,0.846585804132974,0.8995395327942498,0.9862982929020664,0.7344430051411387
