{
  "nDCG@1": 0.6408355795148248,
  "nDCG@1_std": 0.47991722417968097,
  "nDCG@1_stderr": 0.012458030406396167,
  "nDCG@1_ci90_low": 0.6203311344535201,
  "nDCG@1_ci90_high": 0.6613400245761296,
  "nDCG@1_ci95_low": 0.6163983441952822,
  "nDCG@1_ci95_high": 0.6652728148343675,
  "nDCG@3": 0.7205903198575916,
  "nDCG@3_std": 0.40342797793531426,
  "nDCG@3_stderr": 0.010472468506417606,
  "nDCG@3_ci90_low": 0.7033538749187642,
  "nDCG@3_ci90_high": 0.737826764796419,
  "nDCG@3_ci95_low": 0.7000478930919262,
  "nDCG@3_ci95_high": 0.741132746623257,
  "nDCG@5": 0.7414844083142103,
  "nDCG@5_std": 0.37689020266981327,
  "nDCG@5_stderr": 0.009783582184946595,
  "nDCG@5_ci90_low": 0.7253817888093644,
  "nDCG@5_ci90_high": 0.7575870278190561,
  "nDCG@5_ci95_low": 0.7222932767851946,
  "nDCG@5_ci95_high": 0.7606755398432259,
  "nDCG@10": 0.7603877333504294,
  "nDCG@10_std": 0.3479841333512375,
  "nDCG@10_stderr": 0.009033218013050598,
  "nDCG@10_ci90_low": 0.7455201245524697,
  "nDCG@10_ci90_high": 0.7752553421483891,
  "nDCG@10_ci95_low": 0.7426684898523309,
  "nDCG@10_ci95_high": 0.7781069768485279,
  "nDCG@100": 0.7815444567018076,
  "nDCG@100_std": 0.3075130231391442,
  "nDCG@100_stderr": 0.00798264033798449,
  "nDCG@100_ci90_low": 0.7684059745409099,
  "nDCG@100_ci90_high": 0.7946829388627054,
  "nDCG@100_ci95_low": 0.7658859895085949,
  "nDCG@100_ci95_high": 0.7972029238950203,
  "RR@1": 0.6408355795148248,
  "RR@3": 0.7065363881401621,
  "RR@5": 0.7171832884097044,
  "RR@10": 0.7246582595302274,
  "RR@100": 0.728988276740079,
  "P@1": 0.6408355795148248,
  "P@3": 0.27201257861634875,
  "P@5": 0.1743935309973008,
  "P@10": 0.09346361185983611,
  "P@100": 0.01039757412398903,
  "R@1": 0.6221361185983828,
  "R@3": 0.7780211141060198,
  "R@5": 0.8285040431266847,
  "R@10": 0.8849955076370171,
  "R@100": 0.9782120395327941,
  "AP": 0.723009446514617
}