nDCG@1,nDCG@1_std,nDCG@1_stderr,nDCG@1_ci90_low,nDCG@1_ci90_high,nDCG@1_ci95_low,nDCG@1_ci95_high,nDCG@3,nDCG@3_std,nDCG@3_stderr,nDCG@3_ci90_low,nDCG@3_ci90_high,nDCG@3_ci95_low,nDCG@3_ci95_high,nDCG@5,nDCG@5_std,nDCG@5_stderr,nDCG@5_ci90_low,nDCG@5_ci90_high,nDCG@5_ci95_low,nDCG@5_ci95_high,nDCG@10,nDCG@10_std,nDCG@10_stderr,nDCG@10_ci90_low,nDCG@10_ci90_high,nDCG@10_ci95_low,nDCG@10_ci95_high,nDCG@100,nDCG@100_std,nDCG@100_stderr,nDCG@100_ci90_low,nDCG@100_ci90_high,nDCG@100_ci95_low,nDCG@100_ci95_high,RR@1,RR@3,RR@5,RR@10,RR@100,P@1,P@3,P@5,P@10,P@100,R@1,R@3,R@5,R@10,R@100,AP
0.6462264150943396,0.4783011546658006,0.01241607933206833,0.6257910165412515,0.6666618136474278,0.621871469530225,0.6705813606584543,0.724770663168466,0.40278063241480955,0.010455664253993292,0.7075618760422615,0.7419794502946704,0.7042611990347307,0.7452801273022012,0.7445731413837033,0.37754754372664473,0.009800645908565551,0.728442437007327,0.7607038457600797,0.7253485382531664,0.7637977445142403,0.7658133555370167,0.3444945740798417,0.008942633567821988,0.7510948380255613,0.780531873048472,0.7482717993082642,0.7833549117657692,0.7857063041110051,0.3051801439527767,0.00792208181169302,0.7726674941241854,0.7987451140978247,0.7701666263980965,0.8012459818239136,0.6462264150943396,0.7101302785265053,0.7203391734052118,0.7286733089462202,0.7326388901007819,0.6462264150943396,0.27358490566037386,0.17506738544474013,0.09460916442048298,0.010438005390835392,0.6276954177897575,0.7816711590296496,0.8287848158131176,0.8922955974842768,0.9812443845462713,0.7277578712468245
