nDCG@1,nDCG@1_std,nDCG@1_stderr,nDCG@1_ci90_low,nDCG@1_ci90_high,nDCG@1_ci95_low,nDCG@1_ci95_high,nDCG@3,nDCG@3_std,nDCG@3_stderr,nDCG@3_ci90_low,nDCG@3_ci90_high,nDCG@3_ci95_low,nDCG@3_ci95_high,nDCG@5,nDCG@5_std,nDCG@5_stderr,nDCG@5_ci90_low,nDCG@5_ci90_high,nDCG@5_ci95_low,nDCG@5_ci95_high,nDCG@10,nDCG@10_std,nDCG@10_stderr,nDCG@10_ci90_low,nDCG@10_ci90_high,nDCG@10_ci95_low,nDCG@10_ci95_high,nDCG@100,nDCG@100_std,nDCG@100_stderr,nDCG@100_ci90_low,nDCG@100_ci90_high,nDCG@100_ci95_low,nDCG@100_ci95_high,RR@1,RR@3,RR@5,RR@10,RR@100,P@1,P@3,P@5,P@10,P@100,R@1,R@3,R@5,R@10,R@100,AP
0.6536388140161725,0.47597035102354984,0.012355574684217585,0.6333029989596194,0.6739746290727257,0.6294025522463031,0.6778750757860419,0.7356018887528487,0.393791047930416,0.010222306268063803,0.7187771812801705,0.7524265962255269,0.7155501714562802,0.7556536060494172,0.7566210300200136,0.3654225859157376,0.009485897686426315,0.7410083640027092,0.772233696037318,0.7380138259581829,0.7752282340818443,0.7741669325046744,0.33805083887981463,0.008775362536468783,0.7597237233333695,0.7886101416759793,0.7569534892618416,0.7913803757475072,0.7935257591929219,0.298683812056001,0.007753445438121703,0.7807645047381112,0.8062870136477326,0.7783168726733212,0.8087346457125226,0.6536388140161725,0.7202380952380958,0.7312556154537294,0.7379310529243147,0.7419352642402123,0.6536388140161725,0.27785265049415625,0.17789757412398524,0.09494609164420262,0.01045148247978418,0.6349393530997305,0.7957659478885893,0.8460242587601078,0.8976864330637916,0.9829290206648696,0.7366947939411091
