{
  "nDCG@1": 0.6509433962264151,
  "nDCG@1_std": 0.47683257538992574,
  "nDCG@1_stderr": 0.012377956913552668,
  "nDCG@1_ci90_low": 0.6305707426667616,
  "nDCG@1_ci90_high": 0.6713160497860685,
  "nDCG@1_ci95_low": 0.6266632302608266,
  "nDCG@1_ci95_high": 0.6752235621920035,
  "nDCG@3": 0.7282622760368338,
  "nDCG@3_std": 0.4014507398915229,
  "nDCG@3_stderr": 0.010421141964194955,
  "nDCG@3_ci90_low": 0.7111103085178602,
  "nDCG@3_ci90_high": 0.7454142435558074,
  "nDCG@3_ci95_low": 0.7078205296154537,
  "nDCG@3_ci95_high": 0.7487040224582139,
  "nDCG@5": 0.7514816915936381,
  "nDCG@5_std": 0.3715989327982057,
  "nDCG@5_stderr": 0.009646227662900403,
  "nDCG@5_ci90_low": 0.7356051413918316,
  "nDCG@5_ci90_high": 0.7673582417954445,
  "nDCG@5_ci95_low": 0.7325599898755918,
  "nDCG@5_ci95_high": 0.7704033933116844,
  "nDCG@10": 0.7711549238578487,
  "nDCG@10_std": 0.33994589066431413,
  "nDCG@10_stderr": 0.008824555629701358,
  "nDCG@10_ci90_low": 0.7566307486714773,
  "nDCG@10_ci90_high": 0.7856790990442201,
  "nDCG@10_ci95_low": 0.7538449851694112,
  "nDCG@10_ci95_high": 0.7884648625462861,
  "nDCG@100": 0.790582358409113,
  "nDCG@100_std": 0.30034837160777433,
  "nDCG@100_stderr": 0.007796655251115383,
  "nDCG@100_ci90_low": 0.7777499857110699,
  "nDCG@100_ci90_high": 0.803414731107156,
  "nDCG@100_ci95_low": 0.7752887130364837,
  "nDCG@100_ci95_high": 0.8058760037817422,
  "RR@1": 0.6509433962264151,
  "RR@3": 0.7136118598382756,
  "RR@5": 0.7255727762803246,
  "RR@10": 0.7333213002182011,
  "RR@100": 0.73721070675659,
  "P@1": 0.6509433962264151,
  "P@3": 0.27470799640610605,
  "P@5": 0.1773584905660338,
  "P@10": 0.09528301886792231,
  "P@100": 0.010491913746630539,
  "R@1": 0.6324123989218329,
  "R@3": 0.7847035040431267,
  "R@5": 0.839734950584007,
  "R@10": 0.8986972147349507,
  "R@100": 0.9866352201257861,
  "AP": 0.7325901132638627
}