nDCG@1,nDCG@1_std,nDCG@1_stderr,nDCG@1_ci90_low,nDCG@1_ci90_high,nDCG@1_ci95_low,nDCG@1_ci95_high,nDCG@3,nDCG@3_std,nDCG@3_stderr,nDCG@3_ci90_low,nDCG@3_ci90_high,nDCG@3_ci95_low,nDCG@3_ci95_high,nDCG@5,nDCG@5_std,nDCG@5_stderr,nDCG@5_ci90_low,nDCG@5_ci90_high,nDCG@5_ci95_low,nDCG@5_ci95_high,nDCG@10,nDCG@10_std,nDCG@10_stderr,nDCG@10_ci90_low,nDCG@10_ci90_high,nDCG@10_ci95_low,nDCG@10_ci95_high,nDCG@100,nDCG@100_std,nDCG@100_stderr,nDCG@100_ci90_low,nDCG@100_ci90_high,nDCG@100_ci95_low,nDCG@100_ci95_high,RR@1,RR@3,RR@5,RR@10,RR@100,P@1,P@3,P@5,P@10,P@100,R@1,R@3,R@5,R@10,R@100,AP
0.7311320754716981,0.44352059472534183,0.011513220981796881,0.7121826750128012,0.750081475930595,0.7085481451681073,0.753716005775289,0.8004798221951434,0.35637501822266104,0.009251034531395908,0.7852537131617401,0.8157059312285466,0.7823333174573744,0.8186263269329123,0.8220002617681876,0.31931091765097674,0.008288898419909126,0.808357715015171,0.8356428085212043,0.8057410494674128,0.8382594740689625,0.8386969370396073,0.28419742556897415,0.007377397581863438,0.8265546128938052,0.8508392611854095,0.8242256928001278,0.8531681812790869,0.8489036557500937,0.2584838822667733,0.0067099072560837004,0.8378599417591421,0.8599473697410454,0.8357417371128557,0.8620655743873318,0.7311320754716981,0.7884097035040433,0.7998989218328847,0.8062200509134471,0.8082032452087115,0.7311320754716981,0.298068283917336,0.1904312668463568,0.10074123989218076,0.010579514824797654,0.710411051212938,0.8488319856244384,0.9002695417789758,0.950247079964061,0.9950584007187779,0.8031602836302912
