nDCG@1,nDCG@1_std,nDCG@1_stderr,nDCG@1_ci90_low,nDCG@1_ci90_high,nDCG@1_ci95_low,nDCG@1_ci95_high,nDCG@3,nDCG@3_std,nDCG@3_stderr,nDCG@3_ci90_low,nDCG@3_ci90_high,nDCG@3_ci95_low,nDCG@3_ci95_high,nDCG@5,nDCG@5_std,nDCG@5_stderr,nDCG@5_ci90_low,nDCG@5_ci90_high,nDCG@5_ci95_low,nDCG@5_ci95_high,nDCG@10,nDCG@10_std,nDCG@10_stderr,nDCG@10_ci90_low,nDCG@10_ci90_high,nDCG@10_ci95_low,nDCG@10_ci95_high,nDCG@100,nDCG@100_std,nDCG@100_stderr,nDCG@100_ci90_low,nDCG@100_ci90_high,nDCG@100_ci95_low,nDCG@100_ci95_high,RR@1,RR@3,RR@5,RR@10,RR@100,P@1,P@3,P@5,P@10,P@100,R@1,R@3,R@5,R@10,R@100,AP
0.7560646900269542,0.4295989267785125,0.011151832488425332,0.7377100922990186,0.7744192877548898,0.7341896467116117,0.7779397333422967,0.823324962586172,0.3371247362484687,0.008751322109996339,0.8089213211143971,0.837728604057947,0.8061586762003804,0.8404912489719637,0.8425941409467235,0.301628431208433,0.007829883942697069,0.8297070777511644,0.8554812041422826,0.8272353153386114,0.8579529665548355,0.8567059797049552,0.26989031432763655,0.007006003479105534,0.8451749263401412,0.8682370330697692,0.8429632491060207,0.8704487103038897,0.8655036879838947,0.2451049825420124,0.006362608323731162,0.8550315869723604,0.8759757889954289,0.8530230187463825,0.8779843572214068,0.7560646900269542,0.8123315363881403,0.8222708894878711,0.8276154644247639,0.829469596475127,0.7560646900269542,0.30592991913746154,0.1936657681940655,0.10161725067385188,0.010586253369272047,0.7333782569631627,0.869496855345912,0.9156558849955075,0.9573225516621742,0.9962376460017969,0.8240538910514532
