nDCG@1,nDCG@1_std,nDCG@1_stderr,nDCG@1_ci90_low,nDCG@1_ci90_high,nDCG@1_ci95_low,nDCG@1_ci95_high,nDCG@3,nDCG@3_std,nDCG@3_stderr,nDCG@3_ci90_low,nDCG@3_ci90_high,nDCG@3_ci95_low,nDCG@3_ci95_high,nDCG@5,nDCG@5_std,nDCG@5_stderr,nDCG@5_ci90_low,nDCG@5_ci90_high,nDCG@5_ci95_low,nDCG@5_ci95_high,nDCG@10,nDCG@10_std,nDCG@10_stderr,nDCG@10_ci90_low,nDCG@10_ci90_high,nDCG@10_ci95_low,nDCG@10_ci95_high,nDCG@100,nDCG@100_std,nDCG@100_stderr,nDCG@100_ci90_low,nDCG@100_ci90_high,nDCG@100_ci95_low,nDCG@100_ci95_high,RR@1,RR@3,RR@5,RR@10,RR@100,P@1,P@3,P@5,P@10,P@100,R@1,R@3,R@5,R@10,R@100,AP
0.7634770889487871,0.4250900965316269,0.011034789087015865,0.7453151308208285,0.7816390470767457,0.7418316338628467,0.7851225440347275,0.8331980508695016,0.3249026714552478,0.008434053116196102,0.8193165966489065,0.8470795050900967,0.816654108209658,0.8497419935293452,0.8501529287651934,0.2921107773330252,0.007582817958391008,0.8376725069677096,0.8626333505626773,0.8352787391228791,0.8650271184075078,0.8628438322276248,0.26223737635555316,0.006807343107793703,0.8516397503451835,0.8740479141100662,0.8494907868424881,0.8761968776127615,0.8704096725115845,0.24062131645941337,0.006246218151478806,0.8601291359620697,0.8806902090610993,0.8581573101520804,0.8826620348710886,0.7634770889487871,0.820867026055705,0.829593441150045,0.8344802229067725,0.8359792977204626,0.7634770889487871,0.3104222821203903,0.19528301886791985,0.10195417789757155,0.010566037735848867,0.7401168014375562,0.8832547169811321,0.9236298292902065,0.9610849056603774,0.9942160826594788,0.830626845467196
