{
  "nDCG@1": 0.7311320754716981,
  "nDCG@1_std": 0.44352059472534183,
  "nDCG@1_stderr": 0.011513220981796881,
  "nDCG@1_ci90_low": 0.7121826750128012,
  "nDCG@1_ci90_high": 0.750081475930595,
  "nDCG@1_ci95_low": 0.7085481451681073,
  "nDCG@1_ci95_high": 0.753716005775289,
  "nDCG@3": 0.8004798221951434,
  "nDCG@3_std": 0.35637501822266104,
  "nDCG@3_stderr": 0.009251034531395908,
  "nDCG@3_ci90_low": 0.7852537131617401,
  "nDCG@3_ci90_high": 0.8157059312285466,
  "nDCG@3_ci95_low": 0.7823333174573744,
  "nDCG@3_ci95_high": 0.8186263269329123,
  "nDCG@5": 0.8220002617681876,
  "nDCG@5_std": 0.31931091765097674,
  "nDCG@5_stderr": 0.008288898419909126,
  "nDCG@5_ci90_low": 0.808357715015171,
  "nDCG@5_ci90_high": 0.8356428085212043,
  "nDCG@5_ci95_low": 0.8057410494674128,
  "nDCG@5_ci95_high": 0.8382594740689625,
  "nDCG@10": 0.8386969370396073,
  "nDCG@10_std": 0.28419742556897415,
  "nDCG@10_stderr": 0.007377397581863438,
  "nDCG@10_ci90_low": 0.8265546128938052,
  "nDCG@10_ci90_high": 0.8508392611854095,
  "nDCG@10_ci95_low": 0.8242256928001278,
  "nDCG@10_ci95_high": 0.8531681812790869,
  "nDCG@100": 0.8489036557500937,
  "nDCG@100_std": 0.2584838822667733,
  "nDCG@100_stderr": 0.0067099072560837004,
  "nDCG@100_ci90_low": 0.8378599417591421,
  "nDCG@100_ci90_high": 0.8599473697410454,
  "nDCG@100_ci95_low": 0.8357417371128557,
  "nDCG@100_ci95_high": 0.8620655743873318,
  "RR@1": 0.7311320754716981,
  "RR@3": 0.7884097035040433,
  "RR@5": 0.7998989218328847,
  "RR@10": 0.8062200509134471,
  "RR@100": 0.8082032452087115,
  "P@1": 0.7311320754716981,
  "P@3": 0.298068283917336,
  "P@5": 0.1904312668463568,
  "P@10": 0.10074123989218076,
  "P@100": 0.010579514824797654,
  "R@1": 0.710411051212938,
  "R@3": 0.8488319856244384,
  "R@5": 0.9002695417789758,
  "R@10": 0.950247079964061,
  "R@100": 0.9950584007187779,
  "AP": 0.8031602836302912
}