{
  "nDCG@1": 0.7560646900269542,
  "nDCG@1_std": 0.4295989267785125,
  "nDCG@1_stderr": 0.011151832488425332,
  "nDCG@1_ci90_low": 0.7377100922990186,
  "nDCG@1_ci90_high": 0.7744192877548898,
  "nDCG@1_ci95_low": 0.7341896467116117,
  "nDCG@1_ci95_high": 0.7779397333422967,
  "nDCG@3": 0.823324962586172,
  "nDCG@3_std": 0.3371247362484687,
  "nDCG@3_stderr": 0.008751322109996339,
  "nDCG@3_ci90_low": 0.8089213211143971,
  "nDCG@3_ci90_high": 0.837728604057947,
  "nDCG@3_ci95_low": 0.8061586762003804,
  "nDCG@3_ci95_high": 0.8404912489719637,
  "nDCG@5": 0.8425941409467235,
  "nDCG@5_std": 0.301628431208433,
  "nDCG@5_stderr": 0.007829883942697069,
  "nDCG@5_ci90_low": 0.8297070777511644,
  "nDCG@5_ci90_high": 0.8554812041422826,
  "nDCG@5_ci95_low": 0.8272353153386114,
  "nDCG@5_ci95_high": 0.8579529665548355,
  "nDCG@10": 0.8567059797049552,
  "nDCG@10_std": 0.26989031432763655,
  "nDCG@10_stderr": 0.007006003479105534,
  "nDCG@10_ci90_low": 0.8451749263401412,
  "nDCG@10_ci90_high": 0.8682370330697692,
  "nDCG@10_ci95_low": 0.8429632491060207,
  "nDCG@10_ci95_high": 0.8704487103038897,
  "nDCG@100": 0.8655036879838947,
  "nDCG@100_std": 0.2451049825420124,
  "nDCG@100_stderr": 0.006362608323731162,
  "nDCG@100_ci90_low": 0.8550315869723604,
  "nDCG@100_ci90_high": 0.8759757889954289,
  "nDCG@100_ci95_low": 0.8530230187463825,
  "nDCG@100_ci95_high": 0.8779843572214068,
  "RR@1": 0.7560646900269542,
  "RR@3": 0.8123315363881403,
  "RR@5": 0.8222708894878711,
  "RR@10": 0.8276154644247639,
  "RR@100": 0.829469596475127,
  "P@1": 0.7560646900269542,
  "P@3": 0.30592991913746154,
  "P@5": 0.1936657681940655,
  "P@10": 0.10161725067385188,
  "P@100": 0.010586253369272047,
  "R@1": 0.7333782569631627,
  "R@3": 0.869496855345912,
  "R@5": 0.9156558849955075,
  "R@10": 0.9573225516621742,
  "R@100": 0.9962376460017969,
  "AP": 0.8240538910514532
}