{
  "nDCG@1": 0.7493261455525606,
  "nDCG@1_std": 0.4335471519188975,
  "nDCG@1_stderr": 0.011254323306366465,
  "nDCG@1_ci90_low": 0.7308028600563978,
  "nDCG@1_ci90_high": 0.7678494310487234,
  "nDCG@1_ci95_low": 0.7272500598449283,
  "nDCG@1_ci95_high": 0.7714022312601929,
  "nDCG@3": 0.8154055227455714,
  "nDCG@3_std": 0.34524844742469,
  "nDCG@3_stderr": 0.008962203144781317,
  "nDCG@3_ci90_low": 0.8006547960242694,
  "nDCG@3_ci90_high": 0.8301562494668735,
  "nDCG@3_ci95_low": 0.7978255795213101,
  "nDCG@3_ci95_high": 0.8329854659698328,
  "nDCG@5": 0.8360251352684072,
  "nDCG@5_std": 0.30820649566878044,
  "nDCG@5_stderr": 0.008000641987904381,
  "nDCG@5_ci90_low": 0.8228570245201843,
  "nDCG@5_ci90_high": 0.84919324601663,
  "nDCG@5_ci95_low": 0.8203313566703511,
  "nDCG@5_ci95_high": 0.8517189138664633,
  "nDCG@10": 0.8512793675934578,
  "nDCG@10_std": 0.27505894637748457,
  "nDCG@10_stderr": 0.0071401744819207455,
  "nDCG@10_ci90_low": 0.839527484621852,
  "nDCG@10_ci90_high": 0.8630312505650636,
  "nDCG@10_ci95_low": 0.8372734518631746,
  "nDCG@10_ci95_high": 0.865285283323741,
  "nDCG@100": 0.8600678337070066,
  "nDCG@100_std": 0.2509791307667382,
  "nDCG@100_stderr": 0.006515093613919275,
  "nDCG@100_ci90_low": 0.8493447599370727,
  "nDCG@100_ci90_high": 0.8707909074769404,
  "nDCG@100_ci95_low": 0.8472880546746442,
  "nDCG@100_ci95_high": 0.872847612739369,
  "RR@1": 0.7493261455525606,
  "RR@3": 0.8043575920934412,
  "RR@5": 0.8151392632524711,
  "RR@10": 0.820747764514611,
  "RR@100": 0.822481195252141,
  "P@1": 0.7493261455525606,
  "P@3": 0.30278526504941133,
  "P@5": 0.1925876010781626,
  "P@10": 0.10148247978436403,
  "P@100": 0.010586253369272047,
  "R@1": 0.7278189577717881,
  "R@3": 0.8614106019766398,
  "R@5": 0.9107142857142857,
  "R@10": 0.9559748427672955,
  "R@100": 0.9957322551662173,
  "AP": 0.8174258349944468
}