{
  "nDCG@1": 0.7196765498652291,
  "nDCG@1_std": 0.4493086355679251,
  "nDCG@1_stderr": 0.011663471035717363,
  "nDCG@1_ci90_low": 0.7004798555825437,
  "nDCG@1_ci90_high": 0.7388732441479146,
  "nDCG@1_ci95_low": 0.6967978943278209,
  "nDCG@1_ci95_high": 0.7425552054026373,
  "nDCG@3": 0.7916448902621361,
  "nDCG@3_std": 0.36163127399014705,
  "nDCG@3_stderr": 0.009387480132586955,
  "nDCG@3_ci90_low": 0.7761942079019539,
  "nDCG@3_ci90_high": 0.8070955726223183,
  "nDCG@3_ci95_low": 0.7732307386206553,
  "nDCG@3_ci95_high": 0.810059041903617,
  "nDCG@5": 0.8108684789039986,
  "nDCG@5_std": 0.330150615207717,
  "nDCG@5_stderr": 0.008570282948228218,
  "nDCG@5_ci90_low": 0.7967628064871485,
  "nDCG@5_ci90_high": 0.8249741513208487,
  "nDCG@5_ci95_low": 0.7940573125856543,
  "nDCG@5_ci95_high": 0.8276796452223429,
  "nDCG@10": 0.8268788454889119,
  "nDCG@10_std": 0.2980577097522867,
  "nDCG@10_stderr": 0.007737192632128921,
  "nDCG@10_ci90_low": 0.8141443412310986,
  "nDCG@10_ci90_high": 0.8396133497467252,
  "nDCG@10_ci95_low": 0.8117018399032704,
  "nDCG@10_ci95_high": 0.8420558510745534,
  "nDCG@100": 0.8398124188773064,
  "nDCG@100_std": 0.2670474231683814,
  "nDCG@100_stderr": 0.006932205701656281,
  "nDCG@100_ci90_low": 0.8284028279286202,
  "nDCG@100_ci90_high": 0.8512220098259926,
  "nDCG@100_ci95_low": 0.8262144474092102,
  "nDCG@100_ci95_high": 0.8534103903454026,
  "RR@1": 0.7196765498652291,
  "RR@3": 0.7787511230907459,
  "RR@5": 0.7885557053009891,
  "RR@10": 0.7948024964702867,
  "RR@100": 0.7973527861356515,
  "P@1": 0.7196765498652291,
  "P@3": 0.2960467205750179,
  "P@5": 0.18800539083557521,
  "P@10": 0.09925876010781427,
  "P@100": 0.010566037735848867,
  "R@1": 0.6996293800539084,
  "R@3": 0.8424303683737645,
  "R@5": 0.8891509433962265,
  "R@10": 0.9372192273135669,
  "R@100": 0.9941599281221923,
  "AP": 0.7923413597444905
}