{
  "nDCG@1": 0.727088948787062,
  "nDCG@1_std": 0.4456056696805936,
  "nDCG@1_stderr": 0.011567346830762902,
  "nDCG@1_ci90_low": 0.7080504635803906,
  "nDCG@1_ci90_high": 0.7461274339937334,
  "nDCG@1_ci95_low": 0.7043988471172997,
  "nDCG@1_ci95_high": 0.7497790504568242,
  "nDCG@3": 0.8043630162994881,
  "nDCG@3_std": 0.34686512589996077,
  "nDCG@3_stderr": 0.009004170026959208,
  "nDCG@3_ci90_low": 0.7895432170521174,
  "nDCG@3_ci90_high": 0.8191828155468589,
  "nDCG@3_ci95_low": 0.7867007523116748,
  "nDCG@3_ci95_high": 0.8220252802873015,
  "nDCG@5": 0.8240350149504615,
  "nDCG@5_std": 0.31338913925504674,
  "nDCG@5_stderr": 0.008135176712082247,
  "nDCG@5_ci90_low": 0.8106454759530888,
  "nDCG@5_ci90_high": 0.8374245539478342,
  "nDCG@5_ci95_low": 0.8080773377579938,
  "nDCG@5_ci95_high": 0.8399926921429292,
  "nDCG@10": 0.8382994777526641,
  "nDCG@10_std": 0.2837130552344222,
  "nDCG@10_stderr": 0.007364823954471507,
  "nDCG@10_ci90_low": 0.8261778483108937,
  "nDCG@10_ci90_high": 0.8504211071944345,
  "nDCG@10_ci95_low": 0.8238528974994949,
  "nDCG@10_ci95_high": 0.8527460580058334,
  "nDCG@100": 0.8492270451866513,
  "nDCG@100_std": 0.2556627423054393,
  "nDCG@100_stderr": 0.0066366741115991,
  "nDCG@100_ci90_low": 0.8383038642927275,
  "nDCG@100_ci90_high": 0.860150226080575,
  "nDCG@100_ci95_low": 0.8362087781160398,
  "nDCG@100_ci95_high": 0.8622453122572628,
  "RR@1": 0.727088948787062,
  "RR@3": 0.7916666666666667,
  "RR@5": 0.8015386343216538,
  "RR@10": 0.8068652932871263,
  "RR@100": 0.8089494469265022,
  "P@1": 0.727088948787062,
  "P@3": 0.3007637017070932,
  "P@5": 0.19110512129379606,
  "P@10": 0.10047169811320504,
  "P@100": 0.010586253369272047,
  "R@1": 0.7076033243486075,
  "R@3": 0.8583782569631626,
  "R@5": 0.905154986522911,
  "R@10": 0.9476078167115903,
  "R@100": 0.9956199460916442,
  "AP": 0.8029734223513387
}