{
  "nDCG@1": 0.7351752021563343,
  "nDCG@1_std": 0.44138861250273925,
  "nDCG@1_stderr": 0.01145787748084111,
  "nDCG@1_ci90_low": 0.7163168905564166,
  "nDCG@1_ci90_high": 0.7540335137562519,
  "nDCG@1_ci95_low": 0.7126998317223332,
  "nDCG@1_ci95_high": 0.7576505725903353,
  "nDCG@3": 0.8097968782078143,
  "nDCG@3_std": 0.3453250894813097,
  "nDCG@3_stderr": 0.00896419267344099,
  "nDCG@3_ci90_low": 0.7950428769575724,
  "nDCG@3_ci90_high": 0.8245508794580563,
  "nDCG@3_ci95_low": 0.7922130323939425,
  "nDCG@3_ci95_high": 0.8273807240216862,
  "nDCG@5": 0.8256017383362528,
  "nDCG@5_std": 0.3179160489373053,
  "nDCG@5_stderr": 0.008252689432249738,
  "nDCG@5_ci90_low": 0.8120187872957179,
  "nDCG@5_ci90_high": 0.8391846893767878,
  "nDCG@5_ci95_low": 0.8094135523151746,
  "nDCG@5_ci95_high": 0.841789924357331,
  "nDCG@10": 0.8406316822705172,
  "nDCG@10_std": 0.28698205820511735,
  "nDCG@10_stderr": 0.0074496830434052945,
  "nDCG@10_ci90_low": 0.8283703848017606,
  "nDCG@10_ci90_high": 0.8528929797392738,
  "nDCG@10_ci95_low": 0.8260186454060194,
  "nDCG@10_ci95_high": 0.855244719135015,
  "nDCG@100": 0.8519673806409345,
  "nDCG@100_std": 0.25831778825645657,
  "nDCG@100_stderr": 0.006705595670404767,
  "nDCG@100_ci90_low": 0.8409307630102257,
  "nDCG@100_ci90_high": 0.8630039982716432,
  "nDCG@100_ci95_low": 0.8388139194588798,
  "nDCG@100_ci95_high": 0.8651208418229891,
  "RR@1": 0.7338274932614556,
  "RR@3": 0.7960467205750227,
  "RR@5": 0.8044699011680148,
  "RR@10": 0.8101976639712488,
  "RR@100": 0.812545869085637,
  "P@1": 0.7351752021563343,
  "P@3": 0.3021114106019718,
  "P@5": 0.18989218328840526,
  "P@10": 0.09999999999999751,
  "P@100": 0.010545822102425688,
  "R@1": 0.7150157232704404,
  "R@3": 0.8614667565139262,
  "R@5": 0.8988656783468103,
  "R@10": 0.9432277628032345,
  "R@100": 0.9916891284815812,
  "AP": 0.8079507556844117
}