nDCG@1,nDCG@1_std,nDCG@1_stderr,nDCG@1_ci90_low,nDCG@1_ci90_high,nDCG@1_ci95_low,nDCG@1_ci95_high,nDCG@3,nDCG@3_std,nDCG@3_stderr,nDCG@3_ci90_low,nDCG@3_ci90_high,nDCG@3_ci95_low,nDCG@3_ci95_high,nDCG@5,nDCG@5_std,nDCG@5_stderr,nDCG@5_ci90_low,nDCG@5_ci90_high,nDCG@5_ci95_low,nDCG@5_ci95_high,nDCG@10,nDCG@10_std,nDCG@10_stderr,nDCG@10_ci90_low,nDCG@10_ci90_high,nDCG@10_ci95_low,nDCG@10_ci95_high,nDCG@100,nDCG@100_std,nDCG@100_stderr,nDCG@100_ci90_low,nDCG@100_ci90_high,nDCG@100_ci95_low,nDCG@100_ci95_high,RR@1,RR@3,RR@5,RR@10,RR@100,P@1,P@3,P@5,P@10,P@100,R@1,R@3,R@5,R@10,R@100,AP
0.7533692722371967,0.43119520077628143,0.011193269696758783,0.7349464737637139,0.7717920707106796,0.7314129471479304,0.7753255973264631,0.8259060042378124,0.3305717055354195,0.008581213908489801,0.8117823407528046,0.8400296677228201,0.809073396131363,0.8427386123442617,0.8413262757577129,0.3010857407885083,0.007815796401321077,0.8284623989896042,0.8541901525258216,0.8259950837764622,0.8566574677389636,0.8546637930348807,0.27179856152098597,0.007055539108084682,0.8430512098816615,0.8662763761880999,0.84082389508424,0.8685036909855214,0.8640781685412988,0.2466500348462331,0.006402715883151133,0.8535400552291165,0.8746162818534812,0.851518825722517,0.8766375113600806,0.7533692722371967,0.8128930817610065,0.8212488769092549,0.8260351153039837,0.8277750437078647,0.7533692722371967,0.3079514824797793,0.193126684636114,0.10114555256064434,0.010592991913746441,0.7321990116801439,0.8775269541778976,0.914588948787062,0.9543463611859838,0.9956199460916442,0.8223392874445122
