nDCG@1,nDCG@1_std,nDCG@1_stderr,nDCG@1_ci90_low,nDCG@1_ci90_high,nDCG@1_ci95_low,nDCG@1_ci95_high,nDCG@3,nDCG@3_std,nDCG@3_stderr,nDCG@3_ci90_low,nDCG@3_ci90_high,nDCG@3_ci95_low,nDCG@3_ci95_high,nDCG@5,nDCG@5_std,nDCG@5_stderr,nDCG@5_ci90_low,nDCG@5_ci90_high,nDCG@5_ci95_low,nDCG@5_ci95_high,nDCG@10,nDCG@10_std,nDCG@10_stderr,nDCG@10_ci90_low,nDCG@10_ci90_high,nDCG@10_ci95_low,nDCG@10_ci95_high,nDCG@100,nDCG@100_std,nDCG@100_stderr,nDCG@100_ci90_low,nDCG@100_ci90_high,nDCG@100_ci95_low,nDCG@100_ci95_high,RR@1,RR@3,RR@5,RR@10,RR@100,P@1,P@3,P@5,P@10,P@100,R@1,R@3,R@5,R@10,R@100,AP
0.6907008086253369,0.46236052636940345,0.012002281239380531,0.6709464728069835,0.7104551444436903,0.6671575548805485,0.7142440623701253,0.7656752445838079,0.3801263423010567,0.009867588184094231,0.7494343611368979,0.7819161280307179,0.746319329834455,0.7850311593331607,0.7832618374421142,0.3539604132917947,0.009188354510482749,0.7681388923120994,0.798384782572129,0.7652382836340607,0.8012853912501677,0.8010002947497957,0.32380709506865357,0.008405613370237722,0.7871656489884465,0.8148349405111449,0.7845121384977343,0.8174884510018572,0.8161939044252923,0.2910348198057392,0.007554887492644896,0.8037594528720401,0.8286283559785445,0.8013745022045652,0.8310133066460194,0.6920485175202157,0.7535938903863435,0.7632300089847267,0.7696270803919053,0.7727994865517196,0.6907008086253369,0.28616352201257456,0.1811320754716941,0.09663072776280096,0.010404312668463424,0.6720013477088949,0.8166554357592093,0.8589959568733153,0.9113319856244384,0.9785489667565138,0.7666584802439604
