nDCG@1,nDCG@1_std,nDCG@1_stderr,nDCG@1_ci90_low,nDCG@1_ci90_high,nDCG@1_ci95_low,nDCG@1_ci95_high,nDCG@3,nDCG@3_std,nDCG@3_stderr,nDCG@3_ci90_low,nDCG@3_ci90_high,nDCG@3_ci95_low,nDCG@3_ci95_high,nDCG@5,nDCG@5_std,nDCG@5_stderr,nDCG@5_ci90_low,nDCG@5_ci90_high,nDCG@5_ci95_low,nDCG@5_ci95_high,nDCG@10,nDCG@10_std,nDCG@10_stderr,nDCG@10_ci90_low,nDCG@10_ci90_high,nDCG@10_ci95_low,nDCG@10_ci95_high,nDCG@100,nDCG@100_std,nDCG@100_stderr,nDCG@100_ci90_low,nDCG@100_ci90_high,nDCG@100_ci95_low,nDCG@100_ci95_high,RR@1,RR@3,RR@5,RR@10,RR@100,P@1,P@3,P@5,P@10,P@100,R@1,R@3,R@5,R@10,R@100,AP
0.7392183288409704,0.43920903992997157,0.011401298595949242,0.720453139395924,0.7579835182860167,0.7168539415623412,0.7615827161195996,0.8139120469540858,0.34053288205575655,0.0088397931669983,0.7993627925829491,0.8284613013252226,0.7965722188471392,0.8312518750610324,0.8330151137373113,0.3063335412510396,0.00795202251373174,0.8199270248950046,0.846103202579618,0.8174167053938388,0.8486135220807838,0.8468803765644357,0.27671360827826996,0.007183127364696572,0.8350577982263577,0.8587029549025137,0.8327902059664243,0.8609705471624471,0.8566644819865998,0.25064427357003116,0.006506401154202899,0.8459557149775975,0.8673732489956022,0.8439017537782173,0.8694272101949824,0.7392183288409704,0.8014375561545374,0.8110736747529206,0.8162040602404484,0.8181797994236449,0.7392183288409704,0.30368373764599693,0.1924528301886747,0.10101078167115649,0.010579514824797654,0.7193957771787961,0.8661275831087152,0.9115566037735849,0.9523247978436657,0.9949460916442049,0.8126524072147708
