nDCG@1,nDCG@1_std,nDCG@1_stderr,nDCG@1_ci90_low,nDCG@1_ci90_high,nDCG@1_ci95_low,nDCG@1_ci95_high,nDCG@3,nDCG@3_std,nDCG@3_stderr,nDCG@3_ci90_low,nDCG@3_ci90_high,nDCG@3_ci95_low,nDCG@3_ci95_high,nDCG@5,nDCG@5_std,nDCG@5_stderr,nDCG@5_ci90_low,nDCG@5_ci90_high,nDCG@5_ci95_low,nDCG@5_ci95_high,nDCG@10,nDCG@10_std,nDCG@10_stderr,nDCG@10_ci90_low,nDCG@10_ci90_high,nDCG@10_ci95_low,nDCG@10_ci95_high,nDCG@100,nDCG@100_std,nDCG@100_stderr,nDCG@100_ci90_low,nDCG@100_ci90_high,nDCG@100_ci95_low,nDCG@100_ci95_high,RR@1,RR@3,RR@5,RR@10,RR@100,P@1,P@3,P@5,P@10,P@100,R@1,R@3,R@5,R@10,R@100,AP
0.5309973045822103,0.4992064667238326,0.012958754193799599,0.5096687273704148,0.5523258817940058,0.5055778670506239,0.5564167421137967,0.6086079024615391,0.44756561346411916,0.011618224436357752,0.5894856787316228,0.6277301261914553,0.5858180010658283,0.6313978038572499,0.6379370715500875,0.42011176624038676,0.0109055580717145,0.6199878123935573,0.6558863307066177,0.6165451114893223,0.6593290316108527,0.6615829137909411,0.39331138916413316,0.010209854946890112,0.6447786997207205,0.6783871278611617,0.6415556205690967,0.6816102070127856,0.6950056539136541,0.34411886904867134,0.008932880751156246,0.6803031883852966,0.7097081194420116,0.6774832284678676,0.7125280793594406,0.5289757412398922,0.5937780772686442,0.6099168912848171,0.6189454712702698,0.6255239572525801,0.5309973045822103,0.23247978436657532,0.15444743935309693,0.08504043126684456,0.01019541778975723,0.5151617250673854,0.6655435759209345,0.7362982929020664,0.8082322551662173,0.9596810422282119,0.6197358890749507
