{
  "nDCG@1": 0.6307277628032345,
  "nDCG@1_std": 0.4827704480110675,
  "nDCG@1_stderr": 0.012532096406649493,
  "nDCG@1_ci90_low": 0.61010141386278,
  "nDCG@1_ci90_high": 0.651354111743689,
  "nDCG@1_ci95_low": 0.6061452422164125,
  "nDCG@1_ci95_high": 0.6553102833900565,
  "nDCG@3": 0.7144384834561645,
  "nDCG@3_std": 0.4053914896631401,
  "nDCG@3_stderr": 0.01052343873123165,
  "nDCG@3_ci90_low": 0.6971181475538084,
  "nDCG@3_ci90_high": 0.7317588193585205,
  "nDCG@3_ci95_low": 0.69379607528594,
  "nDCG@3_ci95_high": 0.7350808916263889,
  "nDCG@5": 0.7352869366599043,
  "nDCG@5_std": 0.3792777578172678,
  "nDCG@5_stderr": 0.009845560028469043,
  "nDCG@5_ci90_low": 0.7190823089526325,
  "nDCG@5_ci90_high": 0.7514915643671761,
  "nDCG@5_ci95_low": 0.715974231567705,
  "nDCG@5_ci95_high": 0.7545996417521036,
  "nDCG@10": 0.7545428523499845,
  "nDCG@10_std": 0.3506106644174169,
  "nDCG@10_stderr": 0.009101399362327522,
  "nDCG@10_ci90_low": 0.7395630251126047,
  "nDCG@10_ci90_high": 0.7695226795873643,
  "nDCG@10_ci95_low": 0.7366898667094821,
  "nDCG@10_ci95_high": 0.7723958379904869,
  "nDCG@100": 0.7773166098075076,
  "nDCG@100_std": 0.30701399047673034,
  "nDCG@100_stderr": 0.007969686095525775,
  "nDCG@100_ci90_low": 0.7641994487980391,
  "nDCG@100_ci90_high": 0.7904337708169761,
  "nDCG@100_ci95_low": 0.7616835532017653,
  "nDCG@100_ci95_high": 0.7929496664132499,
  "RR@1": 0.6307277628032345,
  "RR@3": 0.6991239892183297,
  "RR@5": 0.7098719676549876,
  "RR@10": 0.7174063021434997,
  "RR@100": 0.7221234886540286,
  "P@1": 0.6307277628032345,
  "P@3": 0.271114106019763,
  "P@5": 0.17345013477088572,
  "P@10": 0.09319407008086038,
  "P@100": 0.010444743935309786,
  "R@1": 0.6127021563342318,
  "R@3": 0.7747079964061095,
  "R@5": 0.8249101527403413,
  "R@10": 0.8823562443845463,
  "R@100": 0.98259209344115,
  "AP": 0.7164465287315122
}