{
  "nDCG@1": 0.6428571428571429,
  "nDCG@1_std": 0.4793189465672008,
  "nDCG@1_stderr": 0.012442499893398882,
  "nDCG@1_ci90_low": 0.622378259183966,
  "nDCG@1_ci90_high": 0.6633360265303198,
  "nDCG@1_ci95_low": 0.6184503716469633,
  "nDCG@1_ci95_high": 0.6672639140673225,
  "nDCG@3": 0.7245034502648632,
  "nDCG@3_std": 0.40047245369758244,
  "nDCG@3_stderr": 0.010395746919932686,
  "nDCG@3_ci90_low": 0.7073932799861369,
  "nDCG@3_ci90_high": 0.7416136205435895,
  "nDCG@3_ci95_low": 0.7041115178712501,
  "nDCG@3_ci95_high": 0.7448953826584762,
  "nDCG@5": 0.7449341917439284,
  "nDCG@5_std": 0.3741001362355524,
  "nDCG@5_stderr": 0.009711155669033772,
  "nDCG@5_ci90_low": 0.7289507777208538,
  "nDCG@5_ci90_high": 0.760917605767003,
  "nDCG@5_ci95_low": 0.7258851295272358,
  "nDCG@5_ci95_high": 0.763983253960621,
  "nDCG@10": 0.7650243079244025,
  "nDCG@10_std": 0.3433513987971249,
  "nDCG@10_stderr": 0.00891295821608551,
  "nDCG@10_ci90_low": 0.7503546325332106,
  "nDCG@10_ci90_high": 0.7796939833155944,
  "nDCG@10_ci95_low": 0.7475409618243716,
  "nDCG@10_ci95_high": 0.7825076540244333,
  "nDCG@100": 0.7854408963226148,
  "nDCG@100_std": 0.30333144895530323,
  "nDCG@100_stderr": 0.007874092080692962,
  "nDCG@100_ci90_low": 0.7724810717589077,
  "nDCG@100_ci90_high": 0.798400720886322,
  "nDCG@100_ci95_low": 0.769995353582179,
  "nDCG@100_ci95_high": 0.8008864390630507,
  "RR@1": 0.6428571428571429,
  "RR@3": 0.709793351302786,
  "RR@5": 0.7203391734052124,
  "RR@10": 0.7279491828177819,
  "RR@100": 0.7319970404172409,
  "P@1": 0.6428571428571429,
  "P@3": 0.2733602875112274,
  "P@5": 0.17493261455525222,
  "P@10": 0.0942722371967633,
  "P@100": 0.01045148247978418,
  "R@1": 0.6248315363881402,
  "R@3": 0.7830750224618148,
  "R@5": 0.8318733153638814,
  "R@10": 0.8924079065588499,
  "R@100": 0.9832659478885893,
  "AP": 0.72655544588003
}