{
  "nDCG@1": 0.6293800539083558,
  "nDCG@1_std": 0.48313361658005194,
  "nDCG@1_stderr": 0.012541523792971769,
  "nDCG@1_ci90_low": 0.6087381886046713,
  "nDCG@1_ci90_high": 0.6500219192120403,
  "nDCG@1_ci95_low": 0.6047790408913108,
  "nDCG@1_ci95_high": 0.6539810669254008,
  "nDCG@3": 0.7101243324828445,
  "nDCG@3_std": 0.4087304366207549,
  "nDCG@3_stderr": 0.0106101134755991,
  "nDCG@3_ci90_low": 0.6926613401993343,
  "nDCG@3_ci90_high": 0.7275873247663546,
  "nDCG@3_ci95_low": 0.6893119061753002,
  "nDCG@3_ci95_high": 0.7309367587903887,
  "nDCG@5": 0.7319049772730964,
  "nDCG@5_std": 0.3822655575137848,
  "nDCG@5_stderr": 0.009923119444118386,
  "nDCG@5_ci90_low": 0.7155726959379806,
  "nDCG@5_ci90_high": 0.7482372586082123,
  "nDCG@5_ci95_low": 0.7124401343525534,
  "nDCG@5_ci95_high": 0.7513698201936395,
  "nDCG@10": 0.7513653946652604,
  "nDCG@10_std": 0.3531025006035935,
  "nDCG@10_stderr": 0.00916608420673628,
  "nDCG@10_ci90_low": 0.7362791038220607,
  "nDCG@10_ci90_high": 0.7664516855084601,
  "nDCG@10_ci95_low": 0.7333855255036187,
  "nDCG@10_ci95_high": 0.7693452638269022,
  "nDCG@100": 0.7738379409543673,
  "nDCG@100_std": 0.3112122291951843,
  "nDCG@100_stderr": 0.008078666942581659,
  "nDCG@100_ci90_low": 0.7605414103561038,
  "nDCG@100_ci90_high": 0.7871344715526308,
  "nDCG@100_ci95_low": 0.7579911113429451,
  "nDCG@100_ci95_high": 0.7896847705657896,
  "RR@1": 0.6293800539083558,
  "RR@3": 0.6963162623539985,
  "RR@5": 0.7074011680143764,
  "RR@10": 0.7149413853591752,
  "RR@100": 0.7195404269976788,
  "P@1": 0.6293800539083558,
  "P@3": 0.26819407008085927,
  "P@5": 0.1726415094339586,
  "P@10": 0.09272237196765286,
  "P@100": 0.01039757412398903,
  "R@1": 0.6113544474393531,
  "R@3": 0.7673517520215634,
  "R@5": 0.8194070080862533,
  "R@10": 0.8782569631626235,
  "R@100": 0.9782120395327941,
  "AP": 0.7134199723077342
}