nDCG@1,nDCG@1_std,nDCG@1_stderr,nDCG@1_ci90_low,nDCG@1_ci90_high,nDCG@1_ci95_low,nDCG@1_ci95_high,nDCG@3,nDCG@3_std,nDCG@3_stderr,nDCG@3_ci90_low,nDCG@3_ci90_high,nDCG@3_ci95_low,nDCG@3_ci95_high,nDCG@5,nDCG@5_std,nDCG@5_stderr,nDCG@5_ci90_low,nDCG@5_ci90_high,nDCG@5_ci95_low,nDCG@5_ci95_high,nDCG@10,nDCG@10_std,nDCG@10_stderr,nDCG@10_ci90_low,nDCG@10_ci90_high,nDCG@10_ci95_low,nDCG@10_ci95_high,nDCG@100,nDCG@100_std,nDCG@100_stderr,nDCG@100_ci90_low,nDCG@100_ci90_high,nDCG@100_ci95_low,nDCG@100_ci95_high,RR@1,RR@3,RR@5,RR@10,RR@100,P@1,P@3,P@5,P@10,P@100,R@1,R@3,R@5,R@10,R@100,AP
0.6340970350404312,0.48184482665096606,0.012508068473356072,0.6135102332372111,0.6546838368436514,0.6095616468044688,0.6586324232763937,0.7158577185862681,0.4053638292437389,0.010522720702520465,0.6985385644742739,0.7331768726982624,0.6952167188759695,0.7364987182965668,0.7377808909959023,0.37809037943043494,0.009814737221322778,0.721626993984828,0.7539347880069766,0.7185286468406947,0.7570331351511098,0.7561686883473319,0.350257432615373,0.009092229921622636,0.7412039529251944,0.7711334237694694,0.7383336891599801,0.7740036875346836,0.7782796627056439,0.30827989434486247,0.008002547322600343,0.7651084160017905,0.7914509094094972,0.7625821466699022,0.7939771787413855,0.6320754716981132,0.7008086253369276,0.7118261455525615,0.7190393295683057,0.7235671073390809,0.6340970350404312,0.2704402515723236,0.17412398921832506,0.09319407008086039,0.010411051212937818,0.6160714285714286,0.7739779874213836,0.8264824797843666,0.8816262353998202,0.9792228212039532,0.7185356856609495
