{
  "nDCG@1": 0.49595687331536387,
  "nDCG@1_std": 0.5001521961484647,
  "nDCG@1_stderr": 0.012983304106440116,
  "nDCG@1_ci90_low": 0.4745878898500454,
  "nDCG@1_ci90_high": 0.5173258567806823,
  "nDCG@1_ci95_low": 0.4704892795365458,
  "nDCG@1_ci95_high": 0.5214244670941819,
  "nDCG@3": 0.5696410799000908,
  "nDCG@3_std": 0.4574799564784656,
  "nDCG@3_stderr": 0.011875587957626008,
  "nDCG@3_ci90_low": 0.5500952662437991,
  "nDCG@3_ci90_high": 0.5891868935563825,
  "nDCG@3_ci95_low": 0.5463463432513959,
  "nDCG@3_ci95_high": 0.5929358165487858,
  "nDCG@5": 0.5993582885214651,
  "nDCG@5_std": 0.43338798104852005,
  "nDCG@5_stderr": 0.011250191436445848,
  "nDCG@5_ci90_low": 0.5808418035946559,
  "nDCG@5_ci90_high": 0.6178747734482744,
  "nDCG@5_ci95_low": 0.5772903077448907,
  "nDCG@5_ci95_high": 0.6214262692980396,
  "nDCG@10": 0.6272439517754813,
  "nDCG@10_std": 0.4046895816664421,
  "nDCG@10_stderr": 0.010505218107497414,
  "nDCG@10_ci90_low": 0.6099536048654582,
  "nDCG@10_ci90_high": 0.6445342986855044,
  "nDCG@10_ci95_low": 0.6066372845414512,
  "nDCG@10_ci95_high": 0.6478506190095115,
  "nDCG@100": 0.6627995949774783,
  "nDCG@100_std": 0.3565528600073061,
  "nDCG@100_stderr": 0.009255651074101628,
  "nDCG@100_ci90_low": 0.647565887660623,
  "nDCG@100_ci90_high": 0.6780333022943337,
  "nDCG@100_ci95_low": 0.6446440345915225,
  "nDCG@100_ci95_high": 0.6809551553634341,
  "RR@1": 0.49663072776280326,
  "RR@3": 0.5570530098831993,
  "RR@5": 0.5732929020664878,
  "RR@10": 0.5845077653702996,
  "RR@100": 0.591222829485124,
  "P@1": 0.49595687331536387,
  "P@3": 0.2172057502246175,
  "P@5": 0.14555256064689792,
  "P@10": 0.08180592991913582,
  "P@100": 0.010033692722371788,
  "R@1": 0.4807951482479784,
  "R@3": 0.6232030548068285,
  "R@5": 0.694182389937107,
  "R@10": 0.7790318957771789,
  "R@100": 0.9435085354896675,
  "AP": 0.5843607674656631
}