nDCG@1,nDCG@1_std,nDCG@1_stderr,nDCG@1_ci90_low,nDCG@1_ci90_high,nDCG@1_ci95_low,nDCG@1_ci95_high,nDCG@3,nDCG@3_std,nDCG@3_stderr,nDCG@3_ci90_low,nDCG@3_ci90_high,nDCG@3_ci95_low,nDCG@3_ci95_high,nDCG@5,nDCG@5_std,nDCG@5_stderr,nDCG@5_ci90_low,nDCG@5_ci90_high,nDCG@5_ci95_low,nDCG@5_ci95_high,nDCG@10,nDCG@10_std,nDCG@10_stderr,nDCG@10_ci90_low,nDCG@10_ci90_high,nDCG@10_ci95_low,nDCG@10_ci95_high,nDCG@100,nDCG@100_std,nDCG@100_stderr,nDCG@100_ci90_low,nDCG@100_ci90_high,nDCG@100_ci95_low,nDCG@100_ci95_high,RR@1,RR@3,RR@5,RR@10,RR@100,P@1,P@3,P@5,P@10,P@100,R@1,R@3,R@5,R@10,R@100,AP
0.5815363881401617,0.493473314059809,0.012809928966001197,0.5604527596568235,0.6026200166235,0.5564088809534657,0.6066638953268577,0.6688318983651168,0.4240615554535267,0.011008089490961354,0.6507138846154106,0.686949912114823,0.6472388162699653,0.6904249804602683,0.6949683495394703,0.3950404963491275,0.010254740332955176,0.6780902594308549,0.7118464396480857,0.6748530107192527,0.7150836883596878,0.7173386554019191,0.3651939356733471,0.009479962221874071,0.7017357584574822,0.732941552346356,0.6987430941390913,0.7359342166647469,0.7435916847561137,0.3196406960267901,0.008297459040004137,0.7299350482345941,0.7572483212776333,0.7273156802433343,0.7598676892688931,0.5828840970350404,0.6539757412398929,0.6678908355795159,0.6764966521199682,0.6818162905917682,0.5815363881401617,0.2556154537286586,0.1667115902964925,0.09083557951482275,0.01039757412398903,0.5640161725067385,0.7315813117699909,0.7939128481581311,0.8614667565139263,0.9782120395327941,0.6747042281853496
