{
  "nDCG@1": 0.5815363881401617,
  "nDCG@1_std": 0.493473314059809,
  "nDCG@1_stderr": 0.012809928966001197,
  "nDCG@1_ci90_low": 0.5604527596568235,
  "nDCG@1_ci90_high": 0.6026200166235,
  "nDCG@1_ci95_low": 0.5564088809534657,
  "nDCG@1_ci95_high": 0.6066638953268577,
  "nDCG@3": 0.6688318983651168,
  "nDCG@3_std": 0.4240615554535267,
  "nDCG@3_stderr": 0.011008089490961354,
  "nDCG@3_ci90_low": 0.6507138846154106,
  "nDCG@3_ci90_high": 0.686949912114823,
  "nDCG@3_ci95_low": 0.6472388162699653,
  "nDCG@3_ci95_high": 0.6904249804602683,
  "nDCG@5": 0.6949683495394703,
  "nDCG@5_std": 0.3950404963491275,
  "nDCG@5_stderr": 0.010254740332955176,
  "nDCG@5_ci90_low": 0.6780902594308549,
  "nDCG@5_ci90_high": 0.7118464396480857,
  "nDCG@5_ci95_low": 0.6748530107192527,
  "nDCG@5_ci95_high": 0.7150836883596878,
  "nDCG@10": 0.7173386554019191,
  "nDCG@10_std": 0.3651939356733471,
  "nDCG@10_stderr": 0.009479962221874071,
  "nDCG@10_ci90_low": 0.7017357584574822,
  "nDCG@10_ci90_high": 0.732941552346356,
  "nDCG@10_ci95_low": 0.6987430941390913,
  "nDCG@10_ci95_high": 0.7359342166647469,
  "nDCG@100": 0.7435916847561137,
  "nDCG@100_std": 0.3196406960267901,
  "nDCG@100_stderr": 0.008297459040004137,
  "nDCG@100_ci90_low": 0.7299350482345941,
  "nDCG@100_ci90_high": 0.7572483212776333,
  "nDCG@100_ci95_low": 0.7273156802433343,
  "nDCG@100_ci95_high": 0.7598676892688931,
  "RR@1": 0.5828840970350404,
  "RR@3": 0.6539757412398929,
  "RR@5": 0.6678908355795159,
  "RR@10": 0.6764966521199682,
  "RR@100": 0.6818162905917682,
  "P@1": 0.5815363881401617,
  "P@3": 0.2556154537286586,
  "P@5": 0.1667115902964925,
  "P@10": 0.09083557951482275,
  "P@100": 0.01039757412398903,
  "R@1": 0.5640161725067385,
  "R@3": 0.7315813117699909,
  "R@5": 0.7939128481581311,
  "R@10": 0.8614667565139263,
  "R@100": 0.9782120395327941,
  "AP": 0.6747042281853496
}