nDCG@1,nDCG@1_std,nDCG@1_stderr,nDCG@1_ci90_low,nDCG@1_ci90_high,nDCG@1_ci95_low,nDCG@1_ci95_high,nDCG@3,nDCG@3_std,nDCG@3_stderr,nDCG@3_ci90_low,nDCG@3_ci90_high,nDCG@3_ci95_low,nDCG@3_ci95_high,nDCG@5,nDCG@5_std,nDCG@5_stderr,nDCG@5_ci90_low,nDCG@5_ci90_high,nDCG@5_ci95_low,nDCG@5_ci95_high,nDCG@10,nDCG@10_std,nDCG@10_stderr,nDCG@10_ci90_low,nDCG@10_ci90_high,nDCG@10_ci95_low,nDCG@10_ci95_high,nDCG@100,nDCG@100_std,nDCG@100_stderr,nDCG@100_ci90_low,nDCG@100_ci90_high,nDCG@100_ci95_low,nDCG@100_ci95_high,RR@1,RR@3,RR@5,RR@10,RR@100,P@1,P@3,P@5,P@10,P@100,R@1,R@3,R@5,R@10,R@100,AP
0.1522911051212938,0.3594239512019637,0.00933018088799551,0.13693473054287586,0.16764747969971172,0.13398934966749554,0.17059286057509204,0.22365254699683929,0.3751820694041966,0.009739241254700545,0.20762290742048442,0.23968218657319415,0.2045483930807659,0.24275670091291268,0.25303652235197704,0.3727281827659742,0.009675541531472069,0.2371117249884561,0.268961319715498,0.23405731957790155,0.27201572512605254,0.2892012289893867,0.3624043780356561,0.009407548913662115,0.2737175157884071,0.30468494219036635,0.2707477111311194,0.30765474684765404,0.3501821881211135,0.32648629304899035,0.008475161884485868,0.3362330737284497,0.36413130251377734,0.3335576079438115,0.3668067682984155,0.15296495956873316,0.2081087151841868,0.2248876909254264,0.24004085911093964,0.25163772101148885,0.1522911051212938,0.09478885893980209,0.07183288409703568,0.04750673854447458,0.007857142857142722,0.1488095238095238,0.2773472596585804,0.3483265947888589,0.4582210242587601,0.7475853548966755,0.2469046914514603
