nDCG@1,nDCG@1_std,nDCG@1_stderr,nDCG@1_ci90_low,nDCG@1_ci90_high,nDCG@1_ci95_low,nDCG@1_ci95_high,nDCG@3,nDCG@3_std,nDCG@3_stderr,nDCG@3_ci90_low,nDCG@3_ci90_high,nDCG@3_ci95_low,nDCG@3_ci95_high,nDCG@5,nDCG@5_std,nDCG@5_stderr,nDCG@5_ci90_low,nDCG@5_ci90_high,nDCG@5_ci95_low,nDCG@5_ci95_high,nDCG@10,nDCG@10_std,nDCG@10_stderr,nDCG@10_ci90_low,nDCG@10_ci90_high,nDCG@10_ci95_low,nDCG@10_ci95_high,nDCG@100,nDCG@100_std,nDCG@100_stderr,nDCG@100_ci90_low,nDCG@100_ci90_high,nDCG@100_ci95_low,nDCG@100_ci95_high,RR@1,RR@3,RR@5,RR@10,RR@100,P@1,P@3,P@5,P@10,P@100,R@1,R@3,R@5,R@10,R@100,AP
0.12601078167115903,0.33197338386950576,0.008617599665087477,0.11182723153289767,0.1401943318094204,0.109106800541266,0.1429147628010521,0.19406519890392923,0.3547750666597289,0.009209501858227448,0.17890744773990436,0.2092229500679541,0.17600016320055492,0.21213023460730354,0.2206475780732503,0.35454912416876766,0.009203636683400051,0.20549948029351653,0.23579567585298408,0.20259404729102098,0.23870110885547963,0.25447306417771204,0.34788855622710213,0.009030736954529162,0.23960953890872824,0.26933658944669586,0.23675868743695413,0.2721874409184699,0.3135121584446731,0.31740037358086165,0.008239303166979961,0.2999512396140338,0.32707307727531243,0.2973502304518527,0.3296740864374935,0.12668463611859837,0.1794699011680145,0.19503593890386325,0.2092673704702005,0.2200439765813218,0.12601078167115903,0.08355795148247934,0.06361185983827547,0.04245283018867966,0.0073045822102424645,0.1227538185085355,0.24371069182389934,0.3073337825696317,0.40914195867026054,0.6945754716981132,0.21570220196906043
