nDCG@1,nDCG@1_std,nDCG@1_stderr,nDCG@1_ci90_low,nDCG@1_ci90_high,nDCG@1_ci95_low,nDCG@1_ci95_high,nDCG@3,nDCG@3_std,nDCG@3_stderr,nDCG@3_ci90_low,nDCG@3_ci90_high,nDCG@3_ci95_low,nDCG@3_ci95_high,nDCG@5,nDCG@5_std,nDCG@5_stderr,nDCG@5_ci90_low,nDCG@5_ci90_high,nDCG@5_ci95_low,nDCG@5_ci95_high,nDCG@10,nDCG@10_std,nDCG@10_stderr,nDCG@10_ci90_low,nDCG@10_ci90_high,nDCG@10_ci95_low,nDCG@10_ci95_high,nDCG@100,nDCG@100_std,nDCG@100_stderr,nDCG@100_ci90_low,nDCG@100_ci90_high,nDCG@100_ci95_low,nDCG@100_ci95_high,RR@1,RR@3,RR@5,RR@10,RR@100,P@1,P@3,P@5,P@10,P@100,R@1,R@3,R@5,R@10,R@100,AP
0.15161725067385445,0.3587703944768248,0.009313215400732572,0.13628879928154006,0.16694570206616885,0.1333487741245885,0.1698857272231204,0.22719702234380976,0.3763371229018837,0.009769224949534161,0.21111803315091077,0.24327601153670875,0.20803405346401446,0.24635999122360505,0.25968982939911206,0.37278891868999986,0.009677118157502872,0.24376243709555834,0.2756172217026658,0.24070753397073497,0.27867212482748915,0.29510842967492673,0.36194729279538906,0.009395683572026805,0.2796442454233683,0.31057261392648516,0.2766781864544818,0.3135386728953717,0.3561104982524102,0.3247297251331447,0.008429563653366095,0.34223643315681723,0.36998456334800317,0.3395753619653283,0.3726456345394921,0.1522911051212938,0.21035489667565124,0.2290206648697209,0.24386257647713153,0.25513164892117707,0.15161725067385445,0.09681042228212022,0.07452830188679314,0.04865229110512142,0.008039083557951344,0.1488095238095238,0.28296271338724166,0.3616913746630728,0.4700134770889488,0.7625224618149146,0.25066416204464065
