{
  "nDCG@1": 0.15161725067385445,
  "nDCG@1_std": 0.3587703944768248,
  "nDCG@1_stderr": 0.009313215400732572,
  "nDCG@1_ci90_low": 0.13628879928154006,
  "nDCG@1_ci90_high": 0.16694570206616885,
  "nDCG@1_ci95_low": 0.1333487741245885,
  "nDCG@1_ci95_high": 0.1698857272231204,
  "nDCG@3": 0.22719702234380976,
  "nDCG@3_std": 0.3763371229018837,
  "nDCG@3_stderr": 0.009769224949534161,
  "nDCG@3_ci90_low": 0.21111803315091077,
  "nDCG@3_ci90_high": 0.24327601153670875,
  "nDCG@3_ci95_low": 0.20803405346401446,
  "nDCG@3_ci95_high": 0.24635999122360505,
  "nDCG@5": 0.25968982939911206,
  "nDCG@5_std": 0.37278891868999986,
  "nDCG@5_stderr": 0.009677118157502872,
  "nDCG@5_ci90_low": 0.24376243709555834,
  "nDCG@5_ci90_high": 0.2756172217026658,
  "nDCG@5_ci95_low": 0.24070753397073497,
  "nDCG@5_ci95_high": 0.27867212482748915,
  "nDCG@10": 0.29510842967492673,
  "nDCG@10_std": 0.36194729279538906,
  "nDCG@10_stderr": 0.009395683572026805,
  "nDCG@10_ci90_low": 0.2796442454233683,
  "nDCG@10_ci90_high": 0.31057261392648516,
  "nDCG@10_ci95_low": 0.2766781864544818,
  "nDCG@10_ci95_high": 0.3135386728953717,
  "nDCG@100": 0.3561104982524102,
  "nDCG@100_std": 0.3247297251331447,
  "nDCG@100_stderr": 0.008429563653366095,
  "nDCG@100_ci90_low": 0.34223643315681723,
  "nDCG@100_ci90_high": 0.36998456334800317,
  "nDCG@100_ci95_low": 0.3395753619653283,
  "nDCG@100_ci95_high": 0.3726456345394921,
  "RR@1": 0.1522911051212938,
  "RR@3": 0.21035489667565124,
  "RR@5": 0.2290206648697209,
  "RR@10": 0.24386257647713153,
  "RR@100": 0.25513164892117707,
  "P@1": 0.15161725067385445,
  "P@3": 0.09681042228212022,
  "P@5": 0.07452830188679314,
  "P@10": 0.04865229110512142,
  "P@100": 0.008039083557951344,
  "R@1": 0.1488095238095238,
  "R@3": 0.28296271338724166,
  "R@5": 0.3616913746630728,
  "R@10": 0.4700134770889488,
  "R@100": 0.7625224618149146,
  "AP": 0.25066416204464065
}