{
  "nDCG@1": 0.1509433962264151,
  "nDCG@1_std": 0.3581143761935126,
  "nDCG@1_stderr": 0.009296186014603277,
  "nDCG@1_ci90_low": 0.1356429731901831,
  "nDCG@1_ci90_high": 0.16624381926264709,
  "nDCG@1_ci95_low": 0.13270832392345563,
  "nDCG@1_ci95_high": 0.16917846852937454,
  "nDCG@3": 0.22597474170245402,
  "nDCG@3_std": 0.37547342445645304,
  "nDCG@3_stderr": 0.009746804455013415,
  "nDCG@3_ci90_low": 0.20993265399262667,
  "nDCG@3_ci90_high": 0.24201682941228136,
  "nDCG@3_ci95_low": 0.2068557520780234,
  "nDCG@3_ci95_high": 0.24509373132688464,
  "nDCG@5": 0.25746549085227277,
  "nDCG@5_std": 0.3723266929375746,
  "nDCG@5_stderr": 0.009665119374820761,
  "nDCG@5_ci90_low": 0.2415578471263258,
  "nDCG@5_ci90_high": 0.27337313457821977,
  "nDCG@5_ci95_low": 0.2385067318149933,
  "nDCG@5_ci95_high": 0.2764242498895522,
  "nDCG@10": 0.2946313576302864,
  "nDCG@10_std": 0.36135115338701856,
  "nDCG@10_stderr": 0.009380208564042614,
  "nDCG@10_ci90_low": 0.27919264341216704,
  "nDCG@10_ci90_high": 0.3100700718484058,
  "nDCG@10_ci95_low": 0.2762314696425183,
  "nDCG@10_ci95_high": 0.3130312456180545,
  "nDCG@100": 0.3549020849250238,
  "nDCG@100_std": 0.3244531713401815,
  "nDCG@100_stderr": 0.00842238467460027,
  "nDCG@100_ci90_low": 0.3410398355796657,
  "nDCG@100_ci90_high": 0.36876433427038185,
  "nDCG@100_ci95_low": 0.33838103067079395,
  "nDCG@100_ci95_high": 0.3714231391792536,
  "RR@1": 0.15161725067385445,
  "RR@3": 0.20990566037735844,
  "RR@5": 0.22752695417789706,
  "RR@10": 0.24282104351174394,
  "RR@100": 0.25407496813526687,
  "P@1": 0.1509433962264151,
  "P@3": 0.09636118598382729,
  "P@5": 0.0737196765498659,
  "P@10": 0.048854447439353216,
  "P@100": 0.008005390835579376,
  "R@1": 0.14813566936208444,
  "R@3": 0.28139038634321656,
  "R@5": 0.35809748427672955,
  "R@10": 0.4715858041329739,
  "R@100": 0.7609501347708895,
  "AP": 0.24957392909377468
}