{
  "nDCG@1": 0.12601078167115903,
  "nDCG@1_std": 0.33197338386950576,
  "nDCG@1_stderr": 0.008617599665087477,
  "nDCG@1_ci90_low": 0.11182723153289767,
  "nDCG@1_ci90_high": 0.1401943318094204,
  "nDCG@1_ci95_low": 0.109106800541266,
  "nDCG@1_ci95_high": 0.1429147628010521,
  "nDCG@3": 0.19406519890392923,
  "nDCG@3_std": 0.3547750666597289,
  "nDCG@3_stderr": 0.009209501858227448,
  "nDCG@3_ci90_low": 0.17890744773990436,
  "nDCG@3_ci90_high": 0.2092229500679541,
  "nDCG@3_ci95_low": 0.17600016320055492,
  "nDCG@3_ci95_high": 0.21213023460730354,
  "nDCG@5": 0.2206475780732503,
  "nDCG@5_std": 0.35454912416876766,
  "nDCG@5_stderr": 0.009203636683400051,
  "nDCG@5_ci90_low": 0.20549948029351653,
  "nDCG@5_ci90_high": 0.23579567585298408,
  "nDCG@5_ci95_low": 0.20259404729102098,
  "nDCG@5_ci95_high": 0.23870110885547963,
  "nDCG@10": 0.25447306417771204,
  "nDCG@10_std": 0.34788855622710213,
  "nDCG@10_stderr": 0.009030736954529162,
  "nDCG@10_ci90_low": 0.23960953890872824,
  "nDCG@10_ci90_high": 0.26933658944669586,
  "nDCG@10_ci95_low": 0.23675868743695413,
  "nDCG@10_ci95_high": 0.2721874409184699,
  "nDCG@100": 0.3135121584446731,
  "nDCG@100_std": 0.31740037358086165,
  "nDCG@100_stderr": 0.008239303166979961,
  "nDCG@100_ci90_low": 0.2999512396140338,
  "nDCG@100_ci90_high": 0.32707307727531243,
  "nDCG@100_ci95_low": 0.2973502304518527,
  "nDCG@100_ci95_high": 0.3296740864374935,
  "RR@1": 0.12668463611859837,
  "RR@3": 0.1794699011680145,
  "RR@5": 0.19503593890386325,
  "RR@10": 0.2092673704702005,
  "RR@100": 0.2200439765813218,
  "P@1": 0.12601078167115903,
  "P@3": 0.08355795148247934,
  "P@5": 0.06361185983827547,
  "P@10": 0.04245283018867966,
  "P@100": 0.0073045822102424645,
  "R@1": 0.1227538185085355,
  "R@3": 0.24371069182389934,
  "R@5": 0.3073337825696317,
  "R@10": 0.40914195867026054,
  "R@100": 0.6945754716981132,
  "AP": 0.21570220196906043
}