nDCG@1,nDCG@1_std,nDCG@1_stderr,nDCG@1_ci90_low,nDCG@1_ci90_high,nDCG@1_ci95_low,nDCG@1_ci95_high,nDCG@3,nDCG@3_std,nDCG@3_stderr,nDCG@3_ci90_low,nDCG@3_ci90_high,nDCG@3_ci95_low,nDCG@3_ci95_high,nDCG@5,nDCG@5_std,nDCG@5_stderr,nDCG@5_ci90_low,nDCG@5_ci90_high,nDCG@5_ci95_low,nDCG@5_ci95_high,nDCG@10,nDCG@10_std,nDCG@10_stderr,nDCG@10_ci90_low,nDCG@10_ci90_high,nDCG@10_ci95_low,nDCG@10_ci95_high,nDCG@100,nDCG@100_std,nDCG@100_stderr,nDCG@100_ci90_low,nDCG@100_ci90_high,nDCG@100_ci95_low,nDCG@100_ci95_high,RR@1,RR@3,RR@5,RR@10,RR@100,P@1,P@3,P@5,P@10,P@100,R@1,R@3,R@5,R@10,R@100,AP
0.14555256064690028,0.3527759551206797,0.009157607508359462,0.130480221446978,0.16062489984682257,0.12758931907936527,0.1635158022144353,0.21843343004792945,0.3705549304495674,0.0096191267122606,0.20260148480656828,0.23426537528929062,0.19956488860374383,0.23730197149211507,0.2504124742852136,0.36774874536337343,0.00954628177699174,0.2347004231944116,0.26612452537601566,0.2316868229100784,0.26913812566034884,0.28644215708416565,0.35778317978991675,0.009287588584341134,0.2711558844016194,0.3017284297667119,0.268223949198743,0.3046603649695883,0.3460670032014305,0.32244982502304825,0.00837038039537056,0.33229034675090685,0.3598436596519542,0.3296479587166187,0.3624860476862423,0.14555256064690028,0.20238095238095224,0.22084456424079016,0.23580252855859277,0.2466214699279779,0.14555256064690028,0.09366576819406981,0.07250673854447505,0.04770889487870638,0.007884097035040295,0.14229559748427675,0.2735287511230907,0.3507412398921833,0.4601302785265049,0.7470238095238094,0.2418965341343972
