nDCG@1,nDCG@1_std,nDCG@1_stderr,nDCG@1_ci90_low,nDCG@1_ci90_high,nDCG@1_ci95_low,nDCG@1_ci95_high,nDCG@3,nDCG@3_std,nDCG@3_stderr,nDCG@3_ci90_low,nDCG@3_ci90_high,nDCG@3_ci95_low,nDCG@3_ci95_high,nDCG@5,nDCG@5_std,nDCG@5_stderr,nDCG@5_ci90_low,nDCG@5_ci90_high,nDCG@5_ci95_low,nDCG@5_ci95_high,nDCG@10,nDCG@10_std,nDCG@10_stderr,nDCG@10_ci90_low,nDCG@10_ci90_high,nDCG@10_ci95_low,nDCG@10_ci95_high,nDCG@100,nDCG@100_std,nDCG@100_stderr,nDCG@100_ci90_low,nDCG@100_ci90_high,nDCG@100_ci95_low,nDCG@100_ci95_high,RR@1,RR@3,RR@5,RR@10,RR@100,P@1,P@3,P@5,P@10,P@100,R@1,R@3,R@5,R@10,R@100,AP
0.1509433962264151,0.3581143761935126,0.009296186014603277,0.1356429731901831,0.16624381926264709,0.13270832392345563,0.16917846852937454,0.22597474170245402,0.37547342445645304,0.009746804455013415,0.20993265399262667,0.24201682941228136,0.2068557520780234,0.24509373132688464,0.25746549085227277,0.3723266929375746,0.009665119374820761,0.2415578471263258,0.27337313457821977,0.2385067318149933,0.2764242498895522,0.2946313576302864,0.36135115338701856,0.009380208564042614,0.27919264341216704,0.3100700718484058,0.2762314696425183,0.3130312456180545,0.3549020849250238,0.3244531713401815,0.00842238467460027,0.3410398355796657,0.36876433427038185,0.33838103067079395,0.3714231391792536,0.15161725067385445,0.20990566037735844,0.22752695417789706,0.24282104351174394,0.25407496813526687,0.1509433962264151,0.09636118598382729,0.0737196765498659,0.048854447439353216,0.008005390835579376,0.14813566936208444,0.28139038634321656,0.35809748427672955,0.4715858041329739,0.7609501347708895,0.24957392909377468
