{
  "nDCG@1": 0.6637466307277629,
  "nDCG@1_std": 0.47258601113290716,
  "nDCG@1_stderr": 0.012267721598020743,
  "nDCG@1_ci90_low": 0.6435554114636927,
  "nDCG@1_ci90_high": 0.683937849991833,
  "nDCG@1_ci95_low": 0.6396826984892003,
  "nDCG@1_ci95_high": 0.6878105629663254,
  "nDCG@3": 0.7467995241014969,
  "nDCG@3_std": 0.3878128205916265,
  "nDCG@3_stderr": 0.010067119218692336,
  "nDCG@3_ci90_low": 0.7302302361633889,
  "nDCG@3_ci90_high": 0.7633688120396048,
  "nDCG@3_ci95_low": 0.7270522162757938,
  "nDCG@3_ci95_high": 0.7665468319272,
  "nDCG@5": 0.7634209223870141,
  "nDCG@5_std": 0.3669597455427185,
  "nDCG@5_stderr": 0.009525800362153667,
  "nDCG@5_ci90_low": 0.747742581283395,
  "nDCG@5_ci90_high": 0.7790992634906332,
  "nDCG@5_ci95_low": 0.7447354466365762,
  "nDCG@5_ci95_high": 0.782106398137452,
  "nDCG@10": 0.7808196205706663,
  "nDCG@10_std": 0.3379272007907978,
  "nDCG@10_stderr": 0.008772153051593566,
  "nDCG@10_ci90_low": 0.7663816938319894,
  "nDCG@10_ci90_high": 0.7952575473093433,
  "nDCG@10_ci95_low": 0.7636124729407507,
  "nDCG@10_ci95_high": 0.7980267682005819,
  "nDCG@100": 0.7994954627092392,
  "nDCG@100_std": 0.2992147214685832,
  "nDCG@100_stderr": 0.007767227159784844,
  "nDCG@100_ci90_low": 0.7867115251700665,
  "nDCG@100_ci90_high": 0.8122794002484119,
  "nDCG@100_ci95_low": 0.7842595424479952,
  "nDCG@100_ci95_high": 0.8147313829704832,
  "RR@1": 0.6637466307277629,
  "RR@3": 0.7322551662174307,
  "RR@5": 0.7399707996406116,
  "RR@10": 0.7468938518803746,
  "RR@100": 0.7508645107821282,
  "P@1": 0.6637466307277629,
  "P@3": 0.2821203953279388,
  "P@5": 0.17857142857142483,
  "P@10": 0.09521563342317842,
  "P@100": 0.010397574123989032,
  "R@1": 0.6438679245283019,
  "R@3": 0.8045822102425876,
  "R@5": 0.8433849955076371,
  "R@10": 0.8956648697214735,
  "R@100": 0.9777066486972147,
  "AP": 0.7460147792421832
}