{
  "nDCG@1": 0.6650943396226415,
  "nDCG@1_std": 0.4721165715967826,
  "nDCG@1_stderr": 0.012255535554844234,
  "nDCG@1_ci90_low": 0.644923177144811,
  "nDCG@1_ci90_high": 0.6852655021004721,
  "nDCG@1_ci95_low": 0.6410543110987919,
  "nDCG@1_ci95_high": 0.6891343681464912,
  "nDCG@3": 0.7441832261291282,
  "nDCG@3_std": 0.3916437338043688,
  "nDCG@3_stderr": 0.010166564770725159,
  "nDCG@3_ci90_low": 0.727450262570418,
  "nDCG@3_ci90_high": 0.7609161896878385,
  "nDCG@3_ci95_low": 0.7242408493978892,
  "nDCG@3_ci95_high": 0.7641256028603672,
  "nDCG@5": 0.7610428077865989,
  "nDCG@5_std": 0.3702674629209989,
  "nDCG@5_stderr": 0.009611664427034476,
  "nDCG@5_ci90_low": 0.7452231445844092,
  "nDCG@5_ci90_high": 0.7768624709887887,
  "nDCG@5_ci95_low": 0.7421889040992773,
  "nDCG@5_ci95_high": 0.7798967114739206,
  "nDCG@10": 0.7785914843960812,
  "nDCG@10_std": 0.3412561664808136,
  "nDCG@10_stderr": 0.00885856869516409,
  "nDCG@10_ci90_low": 0.7640113277255268,
  "nDCG@10_ci90_high": 0.7931716410666355,
  "nDCG@10_ci95_low": 0.7612148268718778,
  "nDCG@10_ci95_high": 0.7959681419202845,
  "nDCG@100": 0.7977669200960361,
  "nDCG@100_std": 0.30227069677717694,
  "nDCG@100_stderr": 0.007846556326144172,
  "nDCG@100_ci90_low": 0.7848524161285989,
  "nDCG@100_ci90_high": 0.8106814240634733,
  "nDCG@100_ci95_low": 0.7823753905255525,
  "nDCG@100_ci95_high": 0.8131584496665197,
  "RR@1": 0.6650943396226415,
  "RR@3": 0.7303459119496859,
  "RR@5": 0.7383647798742144,
  "RR@10": 0.7454199289778808,
  "RR@100": 0.7493998611594231,
  "P@1": 0.6650943396226415,
  "P@3": 0.2805480682839137,
  "P@5": 0.1776280323450098,
  "P@10": 0.09474393530997088,
  "P@100": 0.010384097035040245,
  "R@1": 0.6452156334231806,
  "R@3": 0.7995283018867925,
  "R@5": 0.8390049415992813,
  "R@10": 0.8917340521114105,
  "R@100": 0.9763589398023359,
  "AP": 0.7445132777644521
}