nDCG@1,nDCG@1_std,nDCG@1_stderr,nDCG@1_ci90_low,nDCG@1_ci90_high,nDCG@1_ci95_low,nDCG@1_ci95_high,nDCG@3,nDCG@3_std,nDCG@3_stderr,nDCG@3_ci90_low,nDCG@3_ci90_high,nDCG@3_ci95_low,nDCG@3_ci95_high,nDCG@5,nDCG@5_std,nDCG@5_stderr,nDCG@5_ci90_low,nDCG@5_ci90_high,nDCG@5_ci95_low,nDCG@5_ci95_high,nDCG@10,nDCG@10_std,nDCG@10_stderr,nDCG@10_ci90_low,nDCG@10_ci90_high,nDCG@10_ci95_low,nDCG@10_ci95_high,nDCG@100,nDCG@100_std,nDCG@100_stderr,nDCG@100_ci90_low,nDCG@100_ci90_high,nDCG@100_ci95_low,nDCG@100_ci95_high,RR@1,RR@3,RR@5,RR@10,RR@100,P@1,P@3,P@5,P@10,P@100,R@1,R@3,R@5,R@10,R@100,AP
0.6657681940700808,0.47188023231236836,0.012249400492706192,0.6456071291791443,0.6859292589610173,0.6417401998688549,0.6897961882713067,0.7529506242456164,0.38078304674856817,0.009884635382158643,0.7366816831262849,0.769219565364948,0.7335612703106902,0.7723399781805427,0.770804085989298,0.3570426751484227,0.009268366041629566,0.7555494513392584,0.7860587206393375,0.7526235843691803,0.7889845876094156,0.787092872338247,0.32948784064038417,0.008553078177704444,0.7730155169394558,0.8011702277370382,0.7703154542940835,0.8038702903824104,0.8055677511484457,0.28966599377741786,0.007519354539413134,0.793191782634939,0.8179437196619525,0.7908180491220027,0.8203174531748887,0.6657681940700808,0.7368598382749334,0.7451819407008098,0.7516854383262745,0.7557567480942001,0.6657681940700808,0.2861635220125747,0.18167115902964567,0.09615902964959348,0.010478436657681754,0.6453840970350404,0.8152515723270439,0.8570867026055704,0.9054919137466307,0.9857929020664868,0.7510320206237155
