nDCG@1,nDCG@1_std,nDCG@1_stderr,nDCG@1_ci90_low,nDCG@1_ci90_high,nDCG@1_ci95_low,nDCG@1_ci95_high,nDCG@3,nDCG@3_std,nDCG@3_stderr,nDCG@3_ci90_low,nDCG@3_ci90_high,nDCG@3_ci95_low,nDCG@3_ci95_high,nDCG@5,nDCG@5_std,nDCG@5_stderr,nDCG@5_ci90_low,nDCG@5_ci90_high,nDCG@5_ci95_low,nDCG@5_ci95_high,nDCG@10,nDCG@10_std,nDCG@10_stderr,nDCG@10_ci90_low,nDCG@10_ci90_high,nDCG@10_ci95_low,nDCG@10_ci95_high,nDCG@100,nDCG@100_std,nDCG@100_stderr,nDCG@100_ci90_low,nDCG@100_ci90_high,nDCG@100_ci95_low,nDCG@100_ci95_high,RR@1,RR@3,RR@5,RR@10,RR@100,P@1,P@3,P@5,P@10,P@100,R@1,R@3,R@5,R@10,R@100,AP
0.6650943396226415,0.4721165715967826,0.012255535554844234,0.644923177144811,0.6852655021004721,0.6410543110987919,0.6891343681464912,0.7502610242410191,0.3843985948362899,0.009978490334102941,0.7338376089678209,0.7666844395142174,0.7306875677255286,0.7698344807565097,0.7675474921752449,0.36257271695270044,0.009411918774216094,0.7520565867004682,0.7830383976500216,0.749085402551844,0.7860095817986458,0.7862932258196164,0.33010427206430637,0.00856907994016631,0.7721895334117973,0.8003969182274354,0.7694844192796753,0.8031020323595575,0.8036386308298067,0.29307538353698354,0.007607857887807278,0.7911169962691246,0.8161602653904888,0.788715323740547,0.8185619379190664,0.6650943396226415,0.7352875112309079,0.7431716082659486,0.7507449835280026,0.7543990211410876,0.6650943396226415,0.2839173405211103,0.18032345013476703,0.09622641509433741,0.01045148247978418,0.6452156334231806,0.8092991913746631,0.8496743036837375,0.9065588499550763,0.9830974842767295,0.749494618414279
