{
  "nDCG@1": 0.660377358490566,
  "nDCG@1_std": 0.47374079016253196,
  "nDCG@1_stderr": 0.012297698168018465,
  "nDCG@1_ci90_low": 0.6401368013365891,
  "nDCG@1_ci90_high": 0.6806179156445429,
  "nDCG@1_ci95_low": 0.6362546252641097,
  "nDCG@1_ci95_high": 0.6845000917170223,
  "nDCG@3": 0.7424947740177431,
  "nDCG@3_std": 0.39068161894899167,
  "nDCG@3_stderr": 0.010141589513495704,
  "nDCG@3_ci90_low": 0.7258029167794582,
  "nDCG@3_ci90_high": 0.759186631256028,
  "nDCG@3_ci95_low": 0.722601387874757,
  "nDCG@3_ci95_high": 0.7623881601607292,
  "nDCG@5": 0.7625077936725484,
  "nDCG@5_std": 0.36336165024753914,
  "nDCG@5_stderr": 0.009432398462130023,
  "nDCG@5_ci90_low": 0.7469831810529016,
  "nDCG@5_ci90_high": 0.7780324062921952,
  "nDCG@5_ci95_low": 0.744005531811924,
  "nDCG@5_ci95_high": 0.7810100555331728,
  "nDCG@10": 0.782093263346548,
  "nDCG@10_std": 0.3308379370265775,
  "nDCG@10_stderr": 0.00858812493365181,
  "nDCG@10_ci90_low": 0.7679582251312556,
  "nDCG@10_ci90_high": 0.7962283015618405,
  "nDCG@10_ci95_low": 0.7652470988156339,
  "nDCG@10_ci95_high": 0.7989394278774622,
  "nDCG@100": 0.7993346922768136,
  "nDCG@100_std": 0.29489083700563373,
  "nDCG@100_stderr": 0.007654984711714256,
  "nDCG@100_ci90_low": 0.7867354925360676,
  "nDCG@100_ci90_high": 0.8119338920175597,
  "nDCG@100_ci95_low": 0.7843189428633575,
  "nDCG@100_ci95_high": 0.8143504416902698,
  "RR@1": 0.660377358490566,
  "RR@3": 0.7268643306379162,
  "RR@5": 0.7372079964061108,
  "RR@10": 0.7448824498352808,
  "RR@100": 0.7484289961139196,
  "P@1": 0.660377358490566,
  "P@3": 0.2818957771787922,
  "P@5": 0.1797843665768155,
  "P@10": 0.09636118598382527,
  "P@100": 0.010458221024258573,
  "R@1": 0.6405548068283917,
  "R@3": 0.801774483378257,
  "R@5": 0.8493935309973046,
  "R@10": 0.9083557951482479,
  "R@100": 0.9837713387241688,
  "AP": 0.7436739577532375
}