{
  "nDCG@1": 0.6657681940700808,
  "nDCG@1_std": 0.47188023231236836,
  "nDCG@1_stderr": 0.012249400492706192,
  "nDCG@1_ci90_low": 0.6456071291791443,
  "nDCG@1_ci90_high": 0.6859292589610173,
  "nDCG@1_ci95_low": 0.6417401998688549,
  "nDCG@1_ci95_high": 0.6897961882713067,
  "nDCG@3": 0.7529506242456164,
  "nDCG@3_std": 0.38078304674856817,
  "nDCG@3_stderr": 0.009884635382158643,
  "nDCG@3_ci90_low": 0.7366816831262849,
  "nDCG@3_ci90_high": 0.769219565364948,
  "nDCG@3_ci95_low": 0.7335612703106902,
  "nDCG@3_ci95_high": 0.7723399781805427,
  "nDCG@5": 0.770804085989298,
  "nDCG@5_std": 0.3570426751484227,
  "nDCG@5_stderr": 0.009268366041629566,
  "nDCG@5_ci90_low": 0.7555494513392584,
  "nDCG@5_ci90_high": 0.7860587206393375,
  "nDCG@5_ci95_low": 0.7526235843691803,
  "nDCG@5_ci95_high": 0.7889845876094156,
  "nDCG@10": 0.787092872338247,
  "nDCG@10_std": 0.32948784064038417,
  "nDCG@10_stderr": 0.008553078177704444,
  "nDCG@10_ci90_low": 0.7730155169394558,
  "nDCG@10_ci90_high": 0.8011702277370382,
  "nDCG@10_ci95_low": 0.7703154542940835,
  "nDCG@10_ci95_high": 0.8038702903824104,
  "nDCG@100": 0.8055677511484457,
  "nDCG@100_std": 0.28966599377741786,
  "nDCG@100_stderr": 0.007519354539413134,
  "nDCG@100_ci90_low": 0.793191782634939,
  "nDCG@100_ci90_high": 0.8179437196619525,
  "nDCG@100_ci95_low": 0.7908180491220027,
  "nDCG@100_ci95_high": 0.8203174531748887,
  "RR@1": 0.6657681940700808,
  "RR@3": 0.7368598382749334,
  "RR@5": 0.7451819407008098,
  "RR@10": 0.7516854383262745,
  "RR@100": 0.7557567480942001,
  "P@1": 0.6657681940700808,
  "P@3": 0.2861635220125747,
  "P@5": 0.18167115902964567,
  "P@10": 0.09615902964959348,
  "P@100": 0.010478436657681754,
  "R@1": 0.6453840970350404,
  "R@3": 0.8152515723270439,
  "R@5": 0.8570867026055704,
  "R@10": 0.9054919137466307,
  "R@100": 0.9857929020664868,
  "AP": 0.7510320206237155
}