nDCG@1,nDCG@1_std,nDCG@1_stderr,nDCG@1_ci90_low,nDCG@1_ci90_high,nDCG@1_ci95_low,nDCG@1_ci95_high,nDCG@3,nDCG@3_std,nDCG@3_stderr,nDCG@3_ci90_low,nDCG@3_ci90_high,nDCG@3_ci95_low,nDCG@3_ci95_high,nDCG@5,nDCG@5_std,nDCG@5_stderr,nDCG@5_ci90_low,nDCG@5_ci90_high,nDCG@5_ci95_low,nDCG@5_ci95_high,nDCG@10,nDCG@10_std,nDCG@10_stderr,nDCG@10_ci90_low,nDCG@10_ci90_high,nDCG@10_ci95_low,nDCG@10_ci95_high,nDCG@100,nDCG@100_std,nDCG@100_stderr,nDCG@100_ci90_low,nDCG@100_ci90_high,nDCG@100_ci95_low,nDCG@100_ci95_high,RR@1,RR@3,RR@5,RR@10,RR@100,P@1,P@3,P@5,P@10,P@100,R@1,R@3,R@5,R@10,R@100,AP
0.6522911051212938,0.4764035658423021,0.01236682038058479,0.6319367809781664,0.6726454292644213,0.628032784188018,0.6765494260545697,0.7335280802196413,0.39659840946617086,0.010295181742441623,0.7165834283326415,0.7504727321066411,0.7133334129495777,0.7537227474897049,0.7575572071991937,0.36413736301885913,0.009452534962353062,0.741999452281039,0.7731149621173484,0.7390154462862785,0.776098968112109,0.775964167206839,0.3336857680004777,0.008662050942300006,0.7617074555220269,0.7902208788916512,0.7589729920112661,0.792955342402412,0.7935579573185978,0.29794775411098395,0.007734338325899246,0.7808281509113568,0.8062877637258388,0.7783865506399049,0.8087293639972907,0.6522911051212938,0.7181042228212046,0.730705300988321,0.7378478907286191,0.7414164508709291,0.6522911051212938,0.27852650494159564,0.1797843665768155,0.09602425876010558,0.010444743935309786,0.6324685534591195,0.7920035938903863,0.8493935309973046,0.9056603773584906,0.9824236298292901,0.7366072954775409
