nDCG@1,nDCG@3,nDCG@5,nDCG@10,nDCG@100,RR@1,RR@3,RR@5,RR@10,RR@100,P@1,P@3,P@5,P@10,P@100,R@1,R@3,R@5,R@10,R@100,AP
0.14622641509433962,0.22283040803400903,0.2566169125207964,0.29316958679654437,0.36112811408312406,0.14622641509433962,0.20777178796046727,0.22663971248876882,0.24192818636888688,0.25496838492597995,0.14622641509433962,0.09613656783468084,0.07452830188679314,0.048854447439353216,0.008342318059299048,0.1407794249775382,0.27869496855345915,0.36011904761904767,0.4719788858939802,0.7940251572327045,0.2495962783087625
