nDCG@1,nDCG@3,nDCG@5,nDCG@10,nDCG@100,RR@1,RR@3,RR@5,RR@10,RR@100,P@1,P@3,P@5,P@10,P@100,R@1,R@3,R@5,R@10,R@100,AP
0.1778975741239892,0.2657715894389082,0.29973667162498624,0.3352464388126558,0.39885060502760245,0.1778975741239892,0.2479784366576817,0.26698113207547125,0.2817904205707438,0.29372722766315223,0.1778975741239892,0.1136567834681045,0.08490566037735932,0.05390835579514808,0.008659029649595536,0.17200134770889489,0.3297955974842767,0.4115566037735849,0.5190363881401617,0.8220462713387241,0.2885264316426473
