{
  "nDCG@1": 0.1623989218328841,
  "nDCG@3": 0.2495711166794123,
  "nDCG@5": 0.2858410718856032,
  "nDCG@10": 0.3212019173518316,
  "nDCG@100": 0.3852635284497359,
  "RR@1": 0.1623989218328841,
  "RR@3": 0.2318059299191374,
  "RR@5": 0.2518194070080859,
  "RR@10": 0.2666313695289435,
  "RR@100": 0.2784762909827609,
  "P@1": 0.1623989218328841,
  "P@3": 0.10826594788858952,
  "P@5": 0.08288409703504125,
  "P@10": 0.05283018867924518,
  "P@100": 0.008611859838274782,
  "R@1": 0.1561657681940701,
  "R@3": 0.31429694519317164,
  "R@5": 0.40257187780772685,
  "R@10": 0.5099393530997305,
  "R@100": 0.816430817610063,
  "AP": 0.2728392503496317
}