{
  "nDCG@1": 0.13746630727762804,
  "nDCG@1_std": 0.3444550391299843,
  "nDCG@1_stderr": 0.008941607291658884,
  "nDCG@1_ci90_low": 0.12274947889539432,
  "nDCG@1_ci90_high": 0.15218313565986175,
  "nDCG@1_ci95_low": 0.11992676415618722,
  "nDCG@1_ci95_high": 0.15500585039906886,
  "nDCG@3": 0.21733267092894684,
  "nDCG@3_std": 0.3657992435810733,
  "nDCG@3_stderr": 0.009495675232242836,
  "nDCG@3_ci90_low": 0.2017039122272863,
  "nDCG@3_ci90_high": 0.23296142963060737,
  "nDCG@3_ci95_low": 0.19870628757631564,
  "nDCG@3_ci95_high": 0.23595905428157804,
  "nDCG@5": 0.24871190874590768,
  "nDCG@5_std": 0.36374272619536685,
  "nDCG@5_stderr": 0.009442290700845353,
  "nDCG@5_ci90_low": 0.2331710146709542,
  "nDCG@5_ci90_high": 0.26425280282086117,
  "nDCG@5_ci95_low": 0.23019024261691673,
  "nDCG@5_ci95_high": 0.2672335748748986,
  "nDCG@10": 0.28193520093658114,
  "nDCG@10_std": 0.3542176659784269,
  "nDCG@10_stderr": 0.00919503245749261,
  "nDCG@10_ci90_low": 0.2668012646953618,
  "nDCG@10_ci90_high": 0.2970691371778005,
  "nDCG@10_ci95_low": 0.26389854790198797,
  "nDCG@10_ci95_high": 0.2999718539711743,
  "nDCG@100": 0.34995491549781166,
  "nDCG@100_std": 0.3133502882841875,
  "nDCG@100_stderr": 0.008134168191129262,
  "nDCG@100_ci90_low": 0.33656703640668406,
  "nDCG@100_ci90_high": 0.36334279458893926,
  "nDCG@100_ci95_low": 0.3339992165846585,
  "nDCG@100_ci95_high": 0.36591061441096484,
  "RR@1": 0.13746630727762804,
  "RR@3": 0.20069631626235407,
  "RR@5": 0.21764375561545346,
  "RR@10": 0.23162275916655947,
  "RR@100": 0.24432802980632143,
  "P@1": 0.13746630727762804,
  "P@3": 0.09478885893980209,
  "P@5": 0.07291105121293867,
  "P@10": 0.04703504043126706,
  "P@100": 0.008187331536387999,
  "R@1": 0.13398472596585803,
  "R@3": 0.27577493261455527,
  "R@5": 0.3524820305480683,
  "R@10": 0.45412174303683733,
  "R@100": 0.7792565139263251,
  "AP": 0.2402779846823685
}