nDCG@1,nDCG@1_std,nDCG@1_stderr,nDCG@1_ci90_low,nDCG@1_ci90_high,nDCG@1_ci95_low,nDCG@1_ci95_high,nDCG@3,nDCG@3_std,nDCG@3_stderr,nDCG@3_ci90_low,nDCG@3_ci90_high,nDCG@3_ci95_low,nDCG@3_ci95_high,nDCG@5,nDCG@5_std,nDCG@5_stderr,nDCG@5_ci90_low,nDCG@5_ci90_high,nDCG@5_ci95_low,nDCG@5_ci95_high,nDCG@10,nDCG@10_std,nDCG@10_stderr,nDCG@10_ci90_low,nDCG@10_ci90_high,nDCG@10_ci95_low,nDCG@10_ci95_high,nDCG@100,nDCG@100_std,nDCG@100_stderr,nDCG@100_ci90_low,nDCG@100_ci90_high,nDCG@100_ci95_low,nDCG@100_ci95_high,RR@1,RR@3,RR@5,RR@10,RR@100,P@1,P@3,P@5,P@10,P@100,R@1,R@3,R@5,R@10,R@100,AP
0.13140161725067384,0.33795294736084847,0.00877282139925102,0.11696259049077551,0.14584064401057217,0.11419315861344428,0.1486100758879034,0.2026034738332937,0.35878044484297794,0.009313476295238588,0.1872745930394695,0.21793235462711788,0.18433448552251896,0.22087246214406842,0.23258529473545592,0.3582362895954086,0.009299350728831576,0.21727966295378726,0.24789092651712458,0.21434401464010927,0.25082657483080256,0.265612207652438,0.3503549119876555,0.00909476036004557,0.25064330742784524,0.2805811078770307,0.24777224484586347,0.2834521704590125,0.331707629217464,0.31365240228906455,0.008142010679936348,0.31830684231702444,0.34510841611790355,0.31573654675344304,0.34767871168148495,0.13140161725067384,0.18744384546271356,0.20405435759209345,0.217865164933898,0.23006551495865524,0.13140161725067384,0.0878256963162619,0.06765498652291164,0.04440700808625372,0.00785040431266833,0.1281446540880503,0.25589622641509435,0.32788634321653193,0.4289645103324348,0.7465745732255166,0.22650023277991518
