nDCG@1,nDCG@3,nDCG@5,nDCG@10,nDCG@100,RR@1,RR@3,RR@5,RR@10,RR@100,P@1,P@3,P@5,P@10,P@100,R@1,R@3,R@5,R@10,R@100,AP
0.13274932614555257,0.20733572781725226,0.2369100097185848,0.2708038815640797,0.3372935652172947,0.13274932614555257,0.19148697214734967,0.20772686433063786,0.22169329996149392,0.23397483955362858,0.13274932614555257,0.09029649595687293,0.06900269541779037,0.04535040431266877,0.007958221024258623,0.1299415992812219,0.2625224618149147,0.3339510332434861,0.43806154537286607,0.7580300988319856,0.2305533613588131
