{
  "nDCG@1": 0.1778975741239892,
  "nDCG@3": 0.2657715894389082,
  "nDCG@5": 0.29973667162498624,
  "nDCG@10": 0.3352464388126558,
  "nDCG@100": 0.39885060502760245,
  "RR@1": 0.1778975741239892,
  "RR@3": 0.2479784366576817,
  "RR@5": 0.26698113207547125,
  "RR@10": 0.2817904205707438,
  "RR@100": 0.29372722766315223,
  "P@1": 0.1778975741239892,
  "P@3": 0.1136567834681045,
  "P@5": 0.08490566037735932,
  "P@10": 0.05390835579514808,
  "P@100": 0.008659029649595536,
  "R@1": 0.17200134770889489,
  "R@3": 0.3297955974842767,
  "R@5": 0.4115566037735849,
  "R@10": 0.5190363881401617,
  "R@100": 0.8220462713387241,
  "AP": 0.2885264316426473
}