nDCG@1,nDCG@3,nDCG@5,nDCG@10,nDCG@100,RR@1,RR@3,RR@5,RR@10,RR@100,P@1,P@3,P@5,P@10,P@100,R@1,R@3,R@5,R@10,R@100,AP
0.13746630727762804,0.21733267092894684,0.24871190874590768,0.28193520093658114,0.34995491549781166,0.13746630727762804,0.20069631626235407,0.21764375561545346,0.23162275916655947,0.24432802980632143,0.13746630727762804,0.09478885893980209,0.07291105121293867,0.04703504043126706,0.008187331536387999,0.13398472596585803,0.27577493261455527,0.3524820305480683,0.45412174303683733,0.7792565139263251,0.2402779846823685
