nDCG@1,nDCG@3,nDCG@5,nDCG@10,nDCG@100,RR@1,RR@3,RR@5,RR@10,RR@100,P@1,P@3,P@5,P@10,P@100,R@1,R@3,R@5,R@10,R@100,AP
0.13140161725067384,0.2026034738332937,0.23258529473545592,0.265612207652438,0.331707629217464,0.13140161725067384,0.18744384546271356,0.20405435759209345,0.217865164933898,0.23006551495865524,0.13140161725067384,0.0878256963162619,0.06765498652291164,0.04440700808625372,0.00785040431266833,0.1281446540880503,0.25589622641509435,0.32788634321653193,0.4289645103324348,0.7465745732255166,0.22650023277991518
