{
  "nDCG@1": 0.13746630727762804,
  "nDCG@3": 0.21733267092894684,
  "nDCG@5": 0.24871190874590768,
  "nDCG@10": 0.28193520093658114,
  "nDCG@100": 0.34995491549781166,
  "RR@1": 0.13746630727762804,
  "RR@3": 0.20069631626235407,
  "RR@5": 0.21764375561545346,
  "RR@10": 0.23162275916655947,
  "RR@100": 0.24432802980632143,
  "P@1": 0.13746630727762804,
  "P@3": 0.09478885893980209,
  "P@5": 0.07291105121293867,
  "P@10": 0.04703504043126706,
  "P@100": 0.008187331536387999,
  "R@1": 0.13398472596585803,
  "R@3": 0.27577493261455527,
  "R@5": 0.3524820305480683,
  "R@10": 0.45412174303683733,
  "R@100": 0.7792565139263251,
  "AP": 0.2402779846823685
}