nDCG@1,nDCG@1_std,nDCG@1_stderr,nDCG@1_ci90_low,nDCG@1_ci90_high,nDCG@1_ci95_low,nDCG@1_ci95_high,nDCG@3,nDCG@3_std,nDCG@3_stderr,nDCG@3_ci90_low,nDCG@3_ci90_high,nDCG@3_ci95_low,nDCG@3_ci95_high,nDCG@5,nDCG@5_std,nDCG@5_stderr,nDCG@5_ci90_low,nDCG@5_ci90_high,nDCG@5_ci95_low,nDCG@5_ci95_high,nDCG@10,nDCG@10_std,nDCG@10_stderr,nDCG@10_ci90_low,nDCG@10_ci90_high,nDCG@10_ci95_low,nDCG@10_ci95_high,nDCG@100,nDCG@100_std,nDCG@100_stderr,nDCG@100_ci90_low,nDCG@100_ci90_high,nDCG@100_ci95_low,nDCG@100_ci95_high,RR@1,RR@3,RR@5,RR@10,RR@100,P@1,P@3,P@5,P@10,P@100,R@1,R@3,R@5,R@10,R@100,AP
0.1623989218328841,0.36894069337053376,0.00957722320557128,0.14663594480903072,0.17816189885673747,0.1436125768371158,0.18118526682865238,0.2495711166794123,0.3828918420012764,0.009939376979366386,0.23321207736350405,0.26593015599532055,0.23007438354816895,0.2690678498106557,0.2858410718856032,0.3773140444119453,0.00979458456836804,0.2697203437585234,0.301961800012683,0.26662835846731814,0.30505378530388827,0.3212019173518316,0.364419983108251,0.009459871414327923,0.305632087501159,0.33677174720250425,0.3026457655121429,0.33975806919152035,0.3852635284497359,0.32031450025628266,0.008314950126291621,0.3715781036682631,0.39894895323120866,0.3689532140358197,0.40157384286365205,0.1623989218328841,0.2318059299191374,0.2518194070080859,0.2666313695289435,0.2784762909827609,0.1623989218328841,0.10826594788858952,0.08288409703504125,0.05283018867924518,0.008611859838274782,0.1561657681940701,0.31429694519317164,0.40257187780772685,0.5099393530997305,0.816430817610063,0.2728392503496317
