{
  "nDCG@1": 0.1623989218328841,
  "nDCG@1_std": 0.36894069337053376,
  "nDCG@1_stderr": 0.00957722320557128,
  "nDCG@1_ci90_low": 0.14663594480903072,
  "nDCG@1_ci90_high": 0.17816189885673747,
  "nDCG@1_ci95_low": 0.1436125768371158,
  "nDCG@1_ci95_high": 0.18118526682865238,
  "nDCG@3": 0.2495711166794123,
  "nDCG@3_std": 0.3828918420012764,
  "nDCG@3_stderr": 0.009939376979366386,
  "nDCG@3_ci90_low": 0.23321207736350405,
  "nDCG@3_ci90_high": 0.26593015599532055,
  "nDCG@3_ci95_low": 0.23007438354816895,
  "nDCG@3_ci95_high": 0.2690678498106557,
  "nDCG@5": 0.2858410718856032,
  "nDCG@5_std": 0.3773140444119453,
  "nDCG@5_stderr": 0.00979458456836804,
  "nDCG@5_ci90_low": 0.2697203437585234,
  "nDCG@5_ci90_high": 0.301961800012683,
  "nDCG@5_ci95_low": 0.26662835846731814,
  "nDCG@5_ci95_high": 0.30505378530388827,
  "nDCG@10": 0.3212019173518316,
  "nDCG@10_std": 0.364419983108251,
  "nDCG@10_stderr": 0.009459871414327923,
  "nDCG@10_ci90_low": 0.305632087501159,
  "nDCG@10_ci90_high": 0.33677174720250425,
  "nDCG@10_ci95_low": 0.3026457655121429,
  "nDCG@10_ci95_high": 0.33975806919152035,
  "nDCG@100": 0.3852635284497359,
  "nDCG@100_std": 0.32031450025628266,
  "nDCG@100_stderr": 0.008314950126291621,
  "nDCG@100_ci90_low": 0.3715781036682631,
  "nDCG@100_ci90_high": 0.39894895323120866,
  "nDCG@100_ci95_low": 0.3689532140358197,
  "nDCG@100_ci95_high": 0.40157384286365205,
  "RR@1": 0.1623989218328841,
  "RR@3": 0.2318059299191374,
  "RR@5": 0.2518194070080859,
  "RR@10": 0.2666313695289435,
  "RR@100": 0.2784762909827609,
  "P@1": 0.1623989218328841,
  "P@3": 0.10826594788858952,
  "P@5": 0.08288409703504125,
  "P@10": 0.05283018867924518,
  "P@100": 0.008611859838274782,
  "R@1": 0.1561657681940701,
  "R@3": 0.31429694519317164,
  "R@5": 0.40257187780772685,
  "R@10": 0.5099393530997305,
  "R@100": 0.816430817610063,
  "AP": 0.2728392503496317
}