{
  "nDCG@1": 0.13140161725067384,
  "nDCG@3": 0.2026034738332937,
  "nDCG@5": 0.23258529473545592,
  "nDCG@10": 0.265612207652438,
  "nDCG@100": 0.331707629217464,
  "RR@1": 0.13140161725067384,
  "RR@3": 0.18744384546271356,
  "RR@5": 0.20405435759209345,
  "RR@10": 0.217865164933898,
  "RR@100": 0.23006551495865524,
  "P@1": 0.13140161725067384,
  "P@3": 0.0878256963162619,
  "P@5": 0.06765498652291164,
  "P@10": 0.04440700808625372,
  "P@100": 0.00785040431266833,
  "R@1": 0.1281446540880503,
  "R@3": 0.25589622641509435,
  "R@5": 0.32788634321653193,
  "R@10": 0.4289645103324348,
  "R@100": 0.7465745732255166,
  "AP": 0.22650023277991518
}