{
  "nDCG@1": 0.1778975741239892,
  "nDCG@1_std": 0.38255541419518796,
  "nDCG@1_stderr": 0.009930643748661924,
  "nDCG@1_ci90_low": 0.16155290867323827,
  "nDCG@1_ci90_high": 0.19424223957474016,
  "nDCG@1_ci95_low": 0.15841797179166534,
  "nDCG@1_ci95_high": 0.19737717645631309,
  "nDCG@3": 0.2657715894389082,
  "nDCG@3_std": 0.39347794649683737,
  "nDCG@3_stderr": 0.010214178559818956,
  "nDCG@3_ci90_low": 0.24896025921301337,
  "nDCG@3_ci90_high": 0.28258291966480303,
  "nDCG@3_ci95_low": 0.24573581516964887,
  "nDCG@3_ci95_high": 0.28580736370816756,
  "nDCG@5": 0.29973667162498624,
  "nDCG@5_std": 0.3870455617821322,
  "nDCG@5_stderr": 0.010047202172383791,
  "nDCG@5_ci90_low": 0.28320016479019033,
  "nDCG@5_ci90_high": 0.31627317845978214,
  "nDCG@5_ci95_low": 0.28002843237847536,
  "nDCG@5_ci95_high": 0.3194449108714971,
  "nDCG@10": 0.3352464388126558,
  "nDCG@10_std": 0.3729840527316543,
  "nDCG@10_stderr": 0.009682183584834449,
  "nDCG@10_ci90_low": 0.31931070941463013,
  "nDCG@10_ci90_high": 0.3511821682106815,
  "nDCG@10_ci95_low": 0.3162542072197601,
  "nDCG@10_ci95_high": 0.3542386704055515,
  "nDCG@100": 0.39885060502760245,
  "nDCG@100_std": 0.3282048627710322,
  "nDCG@100_stderr": 0.00851977373164202,
  "nDCG@100_ci90_low": 0.3848280648092457,
  "nDCG@100_ci90_high": 0.4128731452459592,
  "nDCG@100_ci95_low": 0.38213851581625324,
  "nDCG@100_ci95_high": 0.41556269423895165,
  "RR@1": 0.1778975741239892,
  "RR@3": 0.2479784366576817,
  "RR@5": 0.26698113207547125,
  "RR@10": 0.2817904205707438,
  "RR@100": 0.29372722766315223,
  "P@1": 0.1778975741239892,
  "P@3": 0.1136567834681045,
  "P@5": 0.08490566037735932,
  "P@10": 0.05390835579514808,
  "P@100": 0.008659029649595536,
  "R@1": 0.17200134770889489,
  "R@3": 0.3297955974842767,
  "R@5": 0.4115566037735849,
  "R@10": 0.5190363881401617,
  "R@100": 0.8220462713387241,
  "AP": 0.2885264316426473
}