nDCG@1,nDCG@1_std,nDCG@1_stderr,nDCG@1_ci90_low,nDCG@1_ci90_high,nDCG@1_ci95_low,nDCG@1_ci95_high,nDCG@3,nDCG@3_std,nDCG@3_stderr,nDCG@3_ci90_low,nDCG@3_ci90_high,nDCG@3_ci95_low,nDCG@3_ci95_high,nDCG@5,nDCG@5_std,nDCG@5_stderr,nDCG@5_ci90_low,nDCG@5_ci90_high,nDCG@5_ci95_low,nDCG@5_ci95_high,nDCG@10,nDCG@10_std,nDCG@10_stderr,nDCG@10_ci90_low,nDCG@10_ci90_high,nDCG@10_ci95_low,nDCG@10_ci95_high,nDCG@100,nDCG@100_std,nDCG@100_stderr,nDCG@100_ci90_low,nDCG@100_ci90_high,nDCG@100_ci95_low,nDCG@100_ci95_high,RR@1,RR@3,RR@5,RR@10,RR@100,P@1,P@3,P@5,P@10,P@100,R@1,R@3,R@5,R@10,R@100,AP
0.13274932614555257,0.3394179925516408,0.008810852077488985,0.11824770538586964,0.14725094690523552,0.11546626786430658,0.15003238442679856,0.20733572781725226,0.36093225828583686,0.009369334589022168,0.19191491087632126,0.22275654475818327,0.18895716983733973,0.2257142857971648,0.2369100097185848,0.36007665908731085,0.00934712434047536,0.221525748220711,0.2522942712164586,0.2185750185829116,0.25524500085425805,0.2708038815640797,0.351512111825511,0.009124799771093844,0.25578554002064113,0.28582222310751826,0.25290499450281156,0.2887027686253478,0.3372935652172947,0.3134427257031171,0.008136567746964505,0.32390173674097616,0.35068539369361323,0.32133315941961044,0.35325397101497896,0.13274932614555257,0.19148697214734967,0.20772686433063786,0.22169329996149392,0.23397483955362858,0.13274932614555257,0.09029649595687293,0.06900269541779037,0.04535040431266877,0.007958221024258623,0.1299415992812219,0.2625224618149147,0.3339510332434861,0.43806154537286607,0.7580300988319856,0.2305533613588131
