{
  "nDCG@1": 0.13140161725067384,
  "nDCG@1_std": 0.33795294736084847,
  "nDCG@1_stderr": 0.00877282139925102,
  "nDCG@1_ci90_low": 0.11696259049077551,
  "nDCG@1_ci90_high": 0.14584064401057217,
  "nDCG@1_ci95_low": 0.11419315861344428,
  "nDCG@1_ci95_high": 0.1486100758879034,
  "nDCG@3": 0.2026034738332937,
  "nDCG@3_std": 0.35878044484297794,
  "nDCG@3_stderr": 0.009313476295238588,
  "nDCG@3_ci90_low": 0.1872745930394695,
  "nDCG@3_ci90_high": 0.21793235462711788,
  "nDCG@3_ci95_low": 0.18433448552251896,
  "nDCG@3_ci95_high": 0.22087246214406842,
  "nDCG@5": 0.23258529473545592,
  "nDCG@5_std": 0.3582362895954086,
  "nDCG@5_stderr": 0.009299350728831576,
  "nDCG@5_ci90_low": 0.21727966295378726,
  "nDCG@5_ci90_high": 0.24789092651712458,
  "nDCG@5_ci95_low": 0.21434401464010927,
  "nDCG@5_ci95_high": 0.25082657483080256,
  "nDCG@10": 0.265612207652438,
  "nDCG@10_std": 0.3503549119876555,
  "nDCG@10_stderr": 0.00909476036004557,
  "nDCG@10_ci90_low": 0.25064330742784524,
  "nDCG@10_ci90_high": 0.2805811078770307,
  "nDCG@10_ci95_low": 0.24777224484586347,
  "nDCG@10_ci95_high": 0.2834521704590125,
  "nDCG@100": 0.331707629217464,
  "nDCG@100_std": 0.31365240228906455,
  "nDCG@100_stderr": 0.008142010679936348,
  "nDCG@100_ci90_low": 0.31830684231702444,
  "nDCG@100_ci90_high": 0.34510841611790355,
  "nDCG@100_ci95_low": 0.31573654675344304,
  "nDCG@100_ci95_high": 0.34767871168148495,
  "RR@1": 0.13140161725067384,
  "RR@3": 0.18744384546271356,
  "RR@5": 0.20405435759209345,
  "RR@10": 0.217865164933898,
  "RR@100": 0.23006551495865524,
  "P@1": 0.13140161725067384,
  "P@3": 0.0878256963162619,
  "P@5": 0.06765498652291164,
  "P@10": 0.04440700808625372,
  "P@100": 0.00785040431266833,
  "R@1": 0.1281446540880503,
  "R@3": 0.25589622641509435,
  "R@5": 0.32788634321653193,
  "R@10": 0.4289645103324348,
  "R@100": 0.7465745732255166,
  "AP": 0.22650023277991518
}