nDCG@1,nDCG@3,nDCG@5,nDCG@10,nDCG@100,RR@1,RR@3,RR@5,RR@10,RR@100,P@1,P@3,P@5,P@10,P@100,R@1,R@3,R@5,R@10,R@100,AP
0.17183288409703504,0.26089015403007826,0.2955867363679543,0.33188723073673626,0.39576156080248337,0.17183288409703504,0.24292452830188657,0.26256738544474345,0.27764862234201837,0.2895404881636086,0.17183288409703504,0.1120844564240793,0.08423180592991997,0.053840970350404145,0.00868598382749311,0.16559973045822104,0.32541554357592095,0.40818733153638814,0.518699460916442,0.8237309074573225,0.28416087890971636
