{
  "nDCG@1": 0.13274932614555257,
  "nDCG@3": 0.20733572781725226,
  "nDCG@5": 0.2369100097185848,
  "nDCG@10": 0.2708038815640797,
  "nDCG@100": 0.3372935652172947,
  "RR@1": 0.13274932614555257,
  "RR@3": 0.19148697214734967,
  "RR@5": 0.20772686433063786,
  "RR@10": 0.22169329996149392,
  "RR@100": 0.23397483955362858,
  "P@1": 0.13274932614555257,
  "P@3": 0.09029649595687293,
  "P@5": 0.06900269541779037,
  "P@10": 0.04535040431266877,
  "P@100": 0.007958221024258623,
  "R@1": 0.1299415992812219,
  "R@3": 0.2625224618149147,
  "R@5": 0.3339510332434861,
  "R@10": 0.43806154537286607,
  "R@100": 0.7580300988319856,
  "AP": 0.2305533613588131
}