nDCG@1,nDCG@1_std,nDCG@1_stderr,nDCG@1_ci90_low,nDCG@1_ci90_high,nDCG@1_ci95_low,nDCG@1_ci95_high,nDCG@3,nDCG@3_std,nDCG@3_stderr,nDCG@3_ci90_low,nDCG@3_ci90_high,nDCG@3_ci95_low,nDCG@3_ci95_high,nDCG@5,nDCG@5_std,nDCG@5_stderr,nDCG@5_ci90_low,nDCG@5_ci90_high,nDCG@5_ci95_low,nDCG@5_ci95_high,nDCG@10,nDCG@10_std,nDCG@10_stderr,nDCG@10_ci90_low,nDCG@10_ci90_high,nDCG@10_ci95_low,nDCG@10_ci95_high,nDCG@100,nDCG@100_std,nDCG@100_stderr,nDCG@100_ci90_low,nDCG@100_ci90_high,nDCG@100_ci95_low,nDCG@100_ci95_high,RR@1,RR@3,RR@5,RR@10,RR@100,P@1,P@3,P@5,P@10,P@100,R@1,R@3,R@5,R@10,R@100,AP
0.1778975741239892,0.38255541419518796,0.009930643748661924,0.16155290867323827,0.19424223957474016,0.15841797179166534,0.19737717645631309,0.2657715894389082,0.39347794649683737,0.010214178559818956,0.24896025921301337,0.28258291966480303,0.24573581516964887,0.28580736370816756,0.29973667162498624,0.3870455617821322,0.010047202172383791,0.28320016479019033,0.31627317845978214,0.28002843237847536,0.3194449108714971,0.3352464388126558,0.3729840527316543,0.009682183584834449,0.31931070941463013,0.3511821682106815,0.3162542072197601,0.3542386704055515,0.39885060502760245,0.3282048627710322,0.00851977373164202,0.3848280648092457,0.4128731452459592,0.38213851581625324,0.41556269423895165,0.1778975741239892,0.2479784366576817,0.26698113207547125,0.2817904205707438,0.29372722766315223,0.1778975741239892,0.1136567834681045,0.08490566037735932,0.05390835579514808,0.008659029649595536,0.17200134770889489,0.3297955974842767,0.4115566037735849,0.5190363881401617,0.8220462713387241,0.2885264316426473
