nDCG@1,nDCG@1_std,nDCG@1_stderr,nDCG@1_ci90_low,nDCG@1_ci90_high,nDCG@1_ci95_low,nDCG@1_ci95_high,nDCG@3,nDCG@3_std,nDCG@3_stderr,nDCG@3_ci90_low,nDCG@3_ci90_high,nDCG@3_ci95_low,nDCG@3_ci95_high,nDCG@5,nDCG@5_std,nDCG@5_stderr,nDCG@5_ci90_low,nDCG@5_ci90_high,nDCG@5_ci95_low,nDCG@5_ci95_high,nDCG@10,nDCG@10_std,nDCG@10_stderr,nDCG@10_ci90_low,nDCG@10_ci90_high,nDCG@10_ci95_low,nDCG@10_ci95_high,nDCG@100,nDCG@100_std,nDCG@100_stderr,nDCG@100_ci90_low,nDCG@100_ci90_high,nDCG@100_ci95_low,nDCG@100_ci95_high,RR@1,RR@3,RR@5,RR@10,RR@100,P@1,P@3,P@5,P@10,P@100,R@1,R@3,R@5,R@10,R@100,AP
0.10444743935309973,0.30594320613663945,0.007941889919028158,0.09137602756363772,0.11751885114256175,0.08886890675186675,0.12002597195433272,0.15832509387658592,0.33017202110019817,0.008570838617510276,0.14421850689379764,0.1724316808593742,0.14151283757687516,0.17513735017629667,0.1796857115524062,0.33226378978361737,0.00862513822700174,0.16548975383256334,0.19388166927224906,0.16276694304397415,0.19660448006083825,0.20815766132811123,0.32994151702624347,0.0085648550298884,0.19406092262307312,0.22225440003314934,0.19135714222392824,0.2249581804322942,0.266470249658592,0.3065859573512122,0.007958574909212835,0.25337137634805246,0.27956912296913156,0.25085898836605336,0.28208151095113065,0.10444743935309973,0.14701257861635222,0.15924303683737637,0.17140504000342255,0.18166547414273,0.10444743935309973,0.06761006289308152,0.051347708894879066,0.03477088948787093,0.006489218328840864,0.10186433063791554,0.19721473495058403,0.24887690925426773,0.3349618149146451,0.6213499550763701,0.17795006627299081
