nDCG@1,nDCG@1_std,nDCG@1_stderr,nDCG@1_ci90_low,nDCG@1_ci90_high,nDCG@1_ci95_low,nDCG@1_ci95_high,nDCG@3,nDCG@3_std,nDCG@3_stderr,nDCG@3_ci90_low,nDCG@3_ci90_high,nDCG@3_ci95_low,nDCG@3_ci95_high,nDCG@5,nDCG@5_std,nDCG@5_stderr,nDCG@5_ci90_low,nDCG@5_ci90_high,nDCG@5_ci95_low,nDCG@5_ci95_high,nDCG@10,nDCG@10_std,nDCG@10_stderr,nDCG@10_ci90_low,nDCG@10_ci90_high,nDCG@10_ci95_low,nDCG@10_ci95_high,nDCG@100,nDCG@100_std,nDCG@100_stderr,nDCG@100_ci90_low,nDCG@100_ci90_high,nDCG@100_ci95_low,nDCG@100_ci95_high,RR@1,RR@3,RR@5,RR@10,RR@100,P@1,P@3,P@5,P@10,P@100,R@1,R@3,R@5,R@10,R@100,AP
0.1307277628032345,0.3372160167502646,0.008753691633759166,0.1163202213755089,0.1451353042309601,0.11355682844277121,0.1478986971636978,0.2086008583614993,0.3596690883986365,0.00933654433255641,0.19323401030572232,0.22396770641727629,0.19028662059813004,0.22691509612486857,0.23345286134831708,0.35875058486080136,0.009312701168722706,0.21812525632109017,0.248780466375544,0.2151853934985184,0.25172032919811577,0.26662961695031356,0.35056421268361304,0.009100193535399457,0.2516517743614852,0.2816074595391419,0.24877899661760336,0.28448023728302374,0.3312327779680211,0.3146701030534779,0.0081684288754686,0.31778850984131707,0.3446770460947251,0.31520987449860205,0.3472556814374401,0.1307277628032345,0.19171159029649606,0.20555929919137456,0.21912783981517123,0.2310768155376062,0.1307277628032345,0.09186882300089813,0.06792452830188739,0.04454177897574159,0.007756064690026821,0.12758310871518416,0.26701482479784366,0.32721248876909254,0.42986298292902064,0.7415206648697213,0.2263547250767735
