{
  "nDCG@1": 0.1307277628032345,
  "nDCG@1_std": 0.3372160167502646,
  "nDCG@1_stderr": 0.008753691633759166,
  "nDCG@1_ci90_low": 0.1163202213755089,
  "nDCG@1_ci90_high": 0.1451353042309601,
  "nDCG@1_ci95_low": 0.11355682844277121,
  "nDCG@1_ci95_high": 0.1478986971636978,
  "nDCG@3": 0.2086008583614993,
  "nDCG@3_std": 0.3596690883986365,
  "nDCG@3_stderr": 0.00933654433255641,
  "nDCG@3_ci90_low": 0.19323401030572232,
  "nDCG@3_ci90_high": 0.22396770641727629,
  "nDCG@3_ci95_low": 0.19028662059813004,
  "nDCG@3_ci95_high": 0.22691509612486857,
  "nDCG@5": 0.23345286134831708,
  "nDCG@5_std": 0.35875058486080136,
  "nDCG@5_stderr": 0.009312701168722706,
  "nDCG@5_ci90_low": 0.21812525632109017,
  "nDCG@5_ci90_high": 0.248780466375544,
  "nDCG@5_ci95_low": 0.2151853934985184,
  "nDCG@5_ci95_high": 0.25172032919811577,
  "nDCG@10": 0.26662961695031356,
  "nDCG@10_std": 0.35056421268361304,
  "nDCG@10_stderr": 0.009100193535399457,
  "nDCG@10_ci90_low": 0.2516517743614852,
  "nDCG@10_ci90_high": 0.2816074595391419,
  "nDCG@10_ci95_low": 0.24877899661760336,
  "nDCG@10_ci95_high": 0.28448023728302374,
  "nDCG@100": 0.3312327779680211,
  "nDCG@100_std": 0.3146701030534779,
  "nDCG@100_stderr": 0.0081684288754686,
  "nDCG@100_ci90_low": 0.31778850984131707,
  "nDCG@100_ci90_high": 0.3446770460947251,
  "nDCG@100_ci95_low": 0.31520987449860205,
  "nDCG@100_ci95_high": 0.3472556814374401,
  "RR@1": 0.1307277628032345,
  "RR@3": 0.19171159029649606,
  "RR@5": 0.20555929919137456,
  "RR@10": 0.21912783981517123,
  "RR@100": 0.2310768155376062,
  "P@1": 0.1307277628032345,
  "P@3": 0.09186882300089813,
  "P@5": 0.06792452830188739,
  "P@10": 0.04454177897574159,
  "P@100": 0.007756064690026821,
  "R@1": 0.12758310871518416,
  "R@3": 0.26701482479784366,
  "R@5": 0.32721248876909254,
  "R@10": 0.42986298292902064,
  "R@100": 0.7415206648697213,
  "AP": 0.2263547250767735
}