nDCG@1,nDCG@3,nDCG@5,nDCG@10,nDCG@100,RR@1,RR@3,RR@5,RR@10,RR@100,P@1,P@3,P@5,P@10,P@100,R@1,R@3,R@5,R@10,R@100,AP
0.13274932614555257,0.20572100282614278,0.23602965547842086,0.27134441377528595,0.3365948911615668,0.13274932614555257,0.18969002695417797,0.20633423180592964,0.22129192872117376,0.23305687776505252,0.13274932614555257,0.08917340521114064,0.0688679245283025,0.04568733153638842,0.007951482479784229,0.12960467205750223,0.2596024258760108,0.33327717879604674,0.44131850853548965,0.7576931716082659,0.22914982213089172
