nDCG@1,nDCG@1_std,nDCG@1_stderr,nDCG@1_ci90_low,nDCG@1_ci90_high,nDCG@1_ci95_low,nDCG@1_ci95_high,nDCG@3,nDCG@3_std,nDCG@3_stderr,nDCG@3_ci90_low,nDCG@3_ci90_high,nDCG@3_ci95_low,nDCG@3_ci95_high,nDCG@5,nDCG@5_std,nDCG@5_stderr,nDCG@5_ci90_low,nDCG@5_ci90_high,nDCG@5_ci95_low,nDCG@5_ci95_high,nDCG@10,nDCG@10_std,nDCG@10_stderr,nDCG@10_ci90_low,nDCG@10_ci90_high,nDCG@10_ci95_low,nDCG@10_ci95_high,nDCG@100,nDCG@100_std,nDCG@100_stderr,nDCG@100_ci90_low,nDCG@100_ci90_high,nDCG@100_ci95_low,nDCG@100_ci95_high,RR@1,RR@3,RR@5,RR@10,RR@100,P@1,P@3,P@5,P@10,P@100,R@1,R@3,R@5,R@10,R@100,AP
0.12870619946091644,0.3349873598957566,0.008695838584399786,0.1143938773121235,0.14301852160970938,0.11164874761213672,0.14576365130969615,0.19977936374174182,0.35711971871482,0.009270365992963749,0.18452143740827254,0.2150372900752111,0.18159493908726113,0.21796378839622252,0.23035455236106117,0.3567908482249465,0.00926182894041346,0.21511067700670275,0.2455984277154196,0.21218687368931619,0.24852223103280616,0.2650630640169918,0.3482759776662209,0.00904079391399104,0.2501829861818284,0.27994314185215524,0.2473289598974307,0.2827971681365529,0.3297447980734307,0.31224798415882604,0.008105553801774261,0.31640401488393066,0.34308558126293076,0.3138452281424186,0.3456443680044428,0.12870619946091644,0.18441150044923638,0.20112309074573204,0.21533794335344184,0.22715235399031403,0.12870619946091644,0.08670260557052961,0.06752021563342377,0.04494609164420517,0.007836927223719542,0.12623539982030546,0.2525269541778976,0.3265386343216532,0.4336814914645103,0.7464061096136567,0.2234726663301967
