{
  "nDCG@1": 0.09231805929919137,
  "nDCG@3": 0.14391727381630803,
  "nDCG@5": 0.16447721287713493,
  "nDCG@10": 0.1906916444601115,
  "nDCG@100": 0.24414950421096665,
  "RR@1": 0.09164420485175202,
  "RR@3": 0.13196316262354002,
  "RR@5": 0.14392407906558852,
  "RR@10": 0.15478597099217037,
  "RR@100": 0.1643443296814491,
  "P@1": 0.09231805929919137,
  "P@3": 0.06199460916442033,
  "P@5": 0.047574123989218634,
  "P@10": 0.03227762803234529,
  "P@100": 0.00600404312668454,
  "R@1": 0.09007187780772688,
  "R@3": 0.18126684636118598,
  "R@5": 0.2306828391734052,
  "R@10": 0.31070305480682836,
  "R@100": 0.5748539982030548,
  "AP": 0.16182734895802225
}