{
  "nDCG@1": 0.12870619946091644,
  "nDCG@3": 0.19977936374174182,
  "nDCG@5": 0.23035455236106117,
  "nDCG@10": 0.2650630640169918,
  "nDCG@100": 0.3297447980734307,
  "RR@1": 0.12870619946091644,
  "RR@3": 0.18441150044923638,
  "RR@5": 0.20112309074573204,
  "RR@10": 0.21533794335344184,
  "RR@100": 0.22715235399031403,
  "P@1": 0.12870619946091644,
  "P@3": 0.08670260557052961,
  "P@5": 0.06752021563342377,
  "P@10": 0.04494609164420517,
  "P@100": 0.007836927223719542,
  "R@1": 0.12623539982030546,
  "R@3": 0.2525269541778976,
  "R@5": 0.3265386343216532,
  "R@10": 0.4336814914645103,
  "R@100": 0.7464061096136567,
  "AP": 0.2234726663301967
}