nDCG@1,nDCG@1_std,nDCG@1_stderr,nDCG@1_ci90_low,nDCG@1_ci90_high,nDCG@1_ci95_low,nDCG@1_ci95_high,nDCG@3,nDCG@3_std,nDCG@3_stderr,nDCG@3_ci90_low,nDCG@3_ci90_high,nDCG@3_ci95_low,nDCG@3_ci95_high,nDCG@5,nDCG@5_std,nDCG@5_stderr,nDCG@5_ci90_low,nDCG@5_ci90_high,nDCG@5_ci95_low,nDCG@5_ci95_high,nDCG@10,nDCG@10_std,nDCG@10_stderr,nDCG@10_ci90_low,nDCG@10_ci90_high,nDCG@10_ci95_low,nDCG@10_ci95_high,nDCG@100,nDCG@100_std,nDCG@100_stderr,nDCG@100_ci90_low,nDCG@100_ci90_high,nDCG@100_ci95_low,nDCG@100_ci95_high,RR@1,RR@3,RR@5,RR@10,RR@100,P@1,P@3,P@5,P@10,P@100,R@1,R@3,R@5,R@10,R@100,AP
0.11994609164420485,0.3250080093284901,0.00843678755113963,0.10606013686700141,0.13383204642140828,0.10339678521272151,0.13649539807568817,0.18857253776224603,0.3493850538162987,0.009069584096348622,0.17364507469095786,0.2035000008335342,0.1707819598311582,0.20636311569333385,0.21101494436076138,0.3498667347458549,0.009082087910265385,0.19606690149016712,0.22596298723135563,0.1931998393870265,0.22883004933449624,0.24344536420437715,0.343983668865405,0.008929371129268926,0.22874867509868246,0.25814205331007184,0.2259298231097397,0.2609609052990146,0.3063826228799295,0.3129405242904342,0.008123531247847324,0.29301225093977445,0.31975299482008457,0.2904477890214906,0.3223174567383684,0.11994609164420485,0.17351752021563355,0.18652291105121288,0.19993609078851673,0.2115281606279317,0.11994609164420485,0.08221024258760065,0.06078167115903015,0.04063342318059338,0.0072708894878704975,0.11747529200359388,0.2390498652291105,0.2931828391734052,0.3922394429469901,0.6949123989218329,0.2075494987827552
