nDCG@1,nDCG@3,nDCG@5,nDCG@10,nDCG@100,RR@1,RR@3,RR@5,RR@10,RR@100,P@1,P@3,P@5,P@10,P@100,R@1,R@3,R@5,R@10,R@100,AP
0.09231805929919137,0.14391727381630803,0.16447721287713493,0.1906916444601115,0.24414950421096665,0.09164420485175202,0.13196316262354002,0.14392407906558852,0.15478597099217037,0.1643443296814491,0.09231805929919137,0.06199460916442033,0.047574123989218634,0.03227762803234529,0.00600404312668454,0.09007187780772688,0.18126684636118598,0.2306828391734052,0.31070305480682836,0.5748539982030548,0.16182734895802225
