{
  "nDCG@1": 0.11994609164420485,
  "nDCG@3": 0.18857253776224603,
  "nDCG@5": 0.21101494436076138,
  "nDCG@10": 0.24344536420437715,
  "nDCG@100": 0.3063826228799295,
  "RR@1": 0.11994609164420485,
  "RR@3": 0.17351752021563355,
  "RR@5": 0.18652291105121288,
  "RR@10": 0.19993609078851673,
  "RR@100": 0.2115281606279317,
  "P@1": 0.11994609164420485,
  "P@3": 0.08221024258760065,
  "P@5": 0.06078167115903015,
  "P@10": 0.04063342318059338,
  "P@100": 0.0072708894878704975,
  "R@1": 0.11747529200359388,
  "R@3": 0.2390498652291105,
  "R@5": 0.2931828391734052,
  "R@10": 0.3922394429469901,
  "R@100": 0.6949123989218329,
  "AP": 0.2075494987827552
}