{
  "nDCG@1": 0.09231805929919137,
  "nDCG@1_std": 0.2895719931702615,
  "nDCG@1_stderr": 0.007516914405233379,
  "nDCG@1_ci90_low": 0.07994610695803275,
  "nDCG@1_ci90_high": 0.10469001164035,
  "nDCG@1_ci95_low": 0.0775731437543363,
  "nDCG@1_ci95_high": 0.10706297484404645,
  "nDCG@3": 0.14391727381630803,
  "nDCG@3_std": 0.3167154310926275,
  "nDCG@3_stderr": 0.008221522945901963,
  "nDCG@3_ci90_low": 0.13038561912730096,
  "nDCG@3_ci90_high": 0.1574489285053151,
  "nDCG@3_ci95_low": 0.12779022288128428,
  "nDCG@3_ci95_high": 0.1600443247513318,
  "nDCG@5": 0.16447721287713493,
  "nDCG@5_std": 0.31976578173221615,
  "nDCG@5_stderr": 0.008300706103128963,
  "nDCG@5_ci90_low": 0.15081523207363162,
  "nDCG@5_ci90_high": 0.17813919368063824,
  "nDCG@5_ci95_low": 0.14819483903926234,
  "nDCG@5_ci95_high": 0.18075958671500753,
  "nDCG@10": 0.1906916444601115,
  "nDCG@10_std": 0.31880024143575325,
  "nDCG@10_stderr": 0.008275641925879448,
  "nDCG@10_ci90_low": 0.17707091632887295,
  "nDCG@10_ci90_high": 0.20431237259135004,
  "nDCG@10_ci95_low": 0.17445843563288316,
  "nDCG@10_ci95_high": 0.20692485328733984,
  "nDCG@100": 0.24414950421096665,
  "nDCG@100_std": 0.2999043910867472,
  "nDCG@100_stderr": 0.0077851300910416685,
  "nDCG@100_ci90_low": 0.23133610056371612,
  "nDCG@100_ci90_high": 0.2569629078582172,
  "nDCG@100_ci95_low": 0.22887846618794483,
  "nDCG@100_ci95_high": 0.25942054223398847,
  "RR@1": 0.09164420485175202,
  "RR@3": 0.13196316262354002,
  "RR@5": 0.14392407906558852,
  "RR@10": 0.15478597099217037,
  "RR@100": 0.1643443296814491,
  "P@1": 0.09231805929919137,
  "P@3": 0.06199460916442033,
  "P@5": 0.047574123989218634,
  "P@10": 0.03227762803234529,
  "P@100": 0.00600404312668454,
  "R@1": 0.09007187780772688,
  "R@3": 0.18126684636118598,
  "R@5": 0.2306828391734052,
  "R@10": 0.31070305480682836,
  "R@100": 0.5748539982030548,
  "AP": 0.16182734895802225
}