{
  "nDCG@1": 0.1307277628032345,
  "nDCG@3": 0.2086008583614993,
  "nDCG@5": 0.23345286134831708,
  "nDCG@10": 0.26662961695031356,
  "nDCG@100": 0.3312327779680211,
  "RR@1": 0.1307277628032345,
  "RR@3": 0.19171159029649606,
  "RR@5": 0.20555929919137456,
  "RR@10": 0.21912783981517123,
  "RR@100": 0.2310768155376062,
  "P@1": 0.1307277628032345,
  "P@3": 0.09186882300089813,
  "P@5": 0.06792452830188739,
  "P@10": 0.04454177897574159,
  "P@100": 0.007756064690026821,
  "R@1": 0.12758310871518416,
  "R@3": 0.26701482479784366,
  "R@5": 0.32721248876909254,
  "R@10": 0.42986298292902064,
  "R@100": 0.7415206648697213,
  "AP": 0.2263547250767735
}