nDCG@1,nDCG@3,nDCG@5,nDCG@10,nDCG@100,RR@1,RR@3,RR@5,RR@10,RR@100,P@1,P@3,P@5,P@10,P@100,R@1,R@3,R@5,R@10,R@100,AP
0.1307277628032345,0.2086008583614993,0.23345286134831708,0.26662961695031356,0.3312327779680211,0.1307277628032345,0.19171159029649606,0.20555929919137456,0.21912783981517123,0.2310768155376062,0.1307277628032345,0.09186882300089813,0.06792452830188739,0.04454177897574159,0.007756064690026821,0.12758310871518416,0.26701482479784366,0.32721248876909254,0.42986298292902064,0.7415206648697213,0.2263547250767735
