nDCG@1,nDCG@3,nDCG@5,nDCG@10,nDCG@100,RR@1,RR@3,RR@5,RR@10,RR@100,P@1,P@3,P@5,P@10,P@100,R@1,R@3,R@5,R@10,R@100,AP
0.10444743935309973,0.15832509387658592,0.1796857115524062,0.20815766132811123,0.266470249658592,0.10444743935309973,0.14701257861635222,0.15924303683737637,0.17140504000342255,0.18166547414273,0.10444743935309973,0.06761006289308152,0.051347708894879066,0.03477088948787093,0.006489218328840864,0.10186433063791554,0.19721473495058403,0.24887690925426773,0.3349618149146451,0.6213499550763701,0.17795006627299081
