nDCG@1,nDCG@3,nDCG@5,nDCG@10,nDCG@100,RR@1,RR@3,RR@5,RR@10,RR@100,P@1,P@3,P@5,P@10,P@100,R@1,R@3,R@5,R@10,R@100,AP
0.11994609164420485,0.18857253776224603,0.21101494436076138,0.24344536420437715,0.3063826228799295,0.11994609164420485,0.17351752021563355,0.18652291105121288,0.19993609078851673,0.2115281606279317,0.11994609164420485,0.08221024258760065,0.06078167115903015,0.04063342318059338,0.0072708894878704975,0.11747529200359388,0.2390498652291105,0.2931828391734052,0.3922394429469901,0.6949123989218329,0.2075494987827552
