nDCG@1,nDCG@3,nDCG@5,nDCG@10,nDCG@100,RR@1,RR@3,RR@5,RR@10,RR@100,P@1,P@3,P@5,P@10,P@100,R@1,R@3,R@5,R@10,R@100,AP
0.12870619946091644,0.19977936374174182,0.23035455236106117,0.2650630640169918,0.3297447980734307,0.12870619946091644,0.18441150044923638,0.20112309074573204,0.21533794335344184,0.22715235399031403,0.12870619946091644,0.08670260557052961,0.06752021563342377,0.04494609164420517,0.007836927223719542,0.12623539982030546,0.2525269541778976,0.3265386343216532,0.4336814914645103,0.7464061096136567,0.2234726663301967
