{
  "nDCG@1": 0.13274932614555257,
  "nDCG@1_std": 0.3394179925516408,
  "nDCG@1_stderr": 0.008810852077488985,
  "nDCG@1_ci90_low": 0.11824770538586964,
  "nDCG@1_ci90_high": 0.14725094690523552,
  "nDCG@1_ci95_low": 0.11546626786430658,
  "nDCG@1_ci95_high": 0.15003238442679856,
  "nDCG@3": 0.20572100282614278,
  "nDCG@3_std": 0.36103377214848975,
  "nDCG@3_stderr": 0.009371969757596837,
  "nDCG@3_ci90_low": 0.19029584870930966,
  "nDCG@3_ci90_high": 0.2211461569429759,
  "nDCG@3_ci95_low": 0.18733727579201662,
  "nDCG@3_ci95_high": 0.22410472986026894,
  "nDCG@5": 0.23602965547842086,
  "nDCG@5_std": 0.35986495173364774,
  "nDCG@5_stderr": 0.009341628691400249,
  "nDCG@5_ci90_low": 0.22065443916914115,
  "nDCG@5_ci90_high": 0.25140487178770055,
  "nDCG@5_ci95_low": 0.2177054444151428,
  "nDCG@5_ci95_high": 0.25435386654169895,
  "nDCG@10": 0.27134441377528595,
  "nDCG@10_std": 0.3509839174473247,
  "nDCG@10_stderr": 0.00911108852821195,
  "nDCG@10_ci90_low": 0.25634863931646856,
  "nDCG@10_ci90_high": 0.28634018823410334,
  "nDCG@10_ci95_low": 0.25347242220695676,
  "nDCG@10_ci95_high": 0.28921640534361515,
  "nDCG@100": 0.3365948911615668,
  "nDCG@100_std": 0.31347893003388344,
  "nDCG@100_stderr": 0.008137507564563887,
  "nDCG@100_ci90_low": 0.3232015158566,
  "nDCG@100_ci90_high": 0.34998826646653364,
  "nDCG@100_ci95_low": 0.32063264185065576,
  "nDCG@100_ci95_high": 0.3525571404724779,
  "RR@1": 0.13274932614555257,
  "RR@3": 0.18969002695417797,
  "RR@5": 0.20633423180592964,
  "RR@10": 0.22129192872117376,
  "RR@100": 0.23305687776505252,
  "P@1": 0.13274932614555257,
  "P@3": 0.08917340521114064,
  "P@5": 0.0688679245283025,
  "P@10": 0.04568733153638842,
  "P@100": 0.007951482479784229,
  "R@1": 0.12960467205750223,
  "R@3": 0.2596024258760108,
  "R@5": 0.33327717879604674,
  "R@10": 0.44131850853548965,
  "R@100": 0.7576931716082659,
  "AP": 0.22914982213089172
}