{
  "nDCG@1": 0.6778975741239892,
  "nDCG@1_std": 0.4674395042235344,
  "nDCG@1_stderr": 0.012134124935235227,
  "nDCG@1_ci90_low": 0.6579262391709296,
  "nDCG@1_ci90_high": 0.6978689090770488,
  "nDCG@1_ci95_low": 0.6540957004115255,
  "nDCG@1_ci95_high": 0.7016994478364529,
  "nDCG@3": 0.7534543209930298,
  "nDCG@3_std": 0.3871510956677153,
  "nDCG@3_stderr": 0.01004994169555416,
  "nDCG@3_ci90_low": 0.7369133052270057,
  "nDCG@3_ci90_high": 0.7699953367590538,
  "nDCG@3_ci95_low": 0.7337407079939919,
  "nDCG@3_ci95_high": 0.7731679339920676,
  "nDCG@5": 0.7761469378300678,
  "nDCG@5_std": 0.35527565305431225,
  "nDCG@5_stderr": 0.009222496433563656,
  "nDCG@5_ci90_low": 0.7609677991314661,
  "nDCG@5_ci90_high": 0.7913260765286696,
  "nDCG@5_ci95_low": 0.7580564124236658,
  "nDCG@5_ci95_high": 0.7942374632364698,
  "nDCG@10": 0.7952177638163156,
  "nDCG@10_std": 0.3218861240568879,
  "nDCG@10_stderr": 0.008355747447389697,
  "nDCG@10_ci90_low": 0.7814651914680272,
  "nDCG@10_ci90_high": 0.808970336164604,
  "nDCG@10_ci95_low": 0.7788274228088242,
  "nDCG@10_ci95_high": 0.811608104823807,
  "nDCG@100": 0.8104291468929157,
  "nDCG@100_std": 0.2890747439723305,
  "nDCG@100_stderr": 0.007504006459205877,
  "nDCG@100_ci90_low": 0.7980784395047344,
  "nDCG@100_ci90_high": 0.8227798542810969,
  "nDCG@100_ci95_low": 0.795709551122076,
  "nDCG@100_ci95_high": 0.8251487426637554,
  "RR@1": 0.6772237196765498,
  "RR@3": 0.73989218328841,
  "RR@5": 0.7515835579514832,
  "RR@10": 0.7590128032345018,
  "RR@100": 0.7622222208842087,
  "P@1": 0.6778975741239892,
  "P@3": 0.2834681042228174,
  "P@5": 0.18207547169810917,
  "P@10": 0.09737196765498422,
  "P@100": 0.010464959568732966,
  "R@1": 0.6576819407008087,
  "R@3": 0.8064914645103324,
  "R@5": 0.860512129380054,
  "R@10": 0.9175089847259658,
  "R@100": 0.9839398023360286,
  "AP": 0.7575364902123757
}