nDCG@1,nDCG@1_std,nDCG@1_stderr,nDCG@1_ci90_low,nDCG@1_ci90_high,nDCG@1_ci95_low,nDCG@1_ci95_high,nDCG@3,nDCG@3_std,nDCG@3_stderr,nDCG@3_ci90_low,nDCG@3_ci90_high,nDCG@3_ci95_low,nDCG@3_ci95_high,nDCG@5,nDCG@5_std,nDCG@5_stderr,nDCG@5_ci90_low,nDCG@5_ci90_high,nDCG@5_ci95_low,nDCG@5_ci95_high,nDCG@10,nDCG@10_std,nDCG@10_stderr,nDCG@10_ci90_low,nDCG@10_ci90_high,nDCG@10_ci95_low,nDCG@10_ci95_high,nDCG@100,nDCG@100_std,nDCG@100_stderr,nDCG@100_ci90_low,nDCG@100_ci90_high,nDCG@100_ci95_low,nDCG@100_ci95_high,RR@1,RR@3,RR@5,RR@10,RR@100,P@1,P@3,P@5,P@10,P@100,R@1,R@3,R@5,R@10,R@100,AP
0.6597035040431267,0.47396853230656943,0.012303610059512016,0.6394532166147499,0.6799537914715036,0.6355691742577523,0.6838378338285012,0.7345066853055514,0.39909962344259026,0.010360110022155686,0.717455169147002,0.7515582014641008,0.7141846570001953,0.7548287136109075,0.761068038200813,0.3638551525584989,0.00944520914381804,0.7455223407137915,0.7766137356878345,0.7425406473564888,0.7795954290451372,0.7793096154382253,0.33324105614682564,0.008650506797777267,0.7650719040503642,0.7935473268260864,0.7623410848314889,0.7962781460449617,0.7961391228743165,0.2988351403160636,0.007757373724022319,0.7833714029253782,0.8089068428232549,0.7809225307669283,0.8113557149817048,0.6597035040431267,0.7214734950584012,0.7351190476190488,0.742346938775511,0.7458235298772072,0.6597035040431267,0.27695417789757065,0.18018867924527915,0.09609164420484953,0.01041105121293782,0.6393755615453728,0.7876235399820305,0.8507412398921833,0.9062219227313566,0.9793912848158131,0.7406628276297917
