nDCG@1,nDCG@1_std,nDCG@1_stderr,nDCG@1_ci90_low,nDCG@1_ci90_high,nDCG@1_ci95_low,nDCG@1_ci95_high,nDCG@3,nDCG@3_std,nDCG@3_stderr,nDCG@3_ci90_low,nDCG@3_ci90_high,nDCG@3_ci95_low,nDCG@3_ci95_high,nDCG@5,nDCG@5_std,nDCG@5_stderr,nDCG@5_ci90_low,nDCG@5_ci90_high,nDCG@5_ci95_low,nDCG@5_ci95_high,nDCG@10,nDCG@10_std,nDCG@10_stderr,nDCG@10_ci90_low,nDCG@10_ci90_high,nDCG@10_ci95_low,nDCG@10_ci95_high,nDCG@100,nDCG@100_std,nDCG@100_stderr,nDCG@100_ci90_low,nDCG@100_ci90_high,nDCG@100_ci95_low,nDCG@100_ci95_high,RR@1,RR@3,RR@5,RR@10,RR@100,P@1,P@3,P@5,P@10,P@100,R@1,R@3,R@5,R@10,R@100,AP
0.6893530997304582,0.4629144670020279,0.012016660821726985,0.6695750968197468,0.7091311026411696,0.6657816395014878,0.7129245599594286,0.7622656187242834,0.38264665330518527,0.009933012197947197,0.7459170550860449,0.778614182362522,0.7427813705249454,0.7817498669236215,0.7820314329684827,0.35416370256281077,0.009193631637020437,0.7668998023121331,0.7971630636248322,0.763997527734176,0.8000653382027894,0.8011526533924275,0.3198081703972528,0.008301806458047076,0.7874888615348306,0.8148164452500244,0.7848681211369566,0.8174371856478984,0.8170060866555161,0.285006203009636,0.007398392398136172,0.8048292075244721,0.8291829657865601,0.8024936597210992,0.831518513589933,0.6893530997304582,0.7493261455525608,0.7595687331536395,0.7673969430539511,0.7707559705927266,0.6893530997304582,0.28638814016172115,0.18234501347708496,0.09737196765498422,0.010498652291104934,0.6671720575022462,0.8138477088948787,0.8611859838274932,0.9186882300089847,0.9873090745732254,0.765167888794269
