nDCG@1,nDCG@1_std,nDCG@1_stderr,nDCG@1_ci90_low,nDCG@1_ci90_high,nDCG@1_ci95_low,nDCG@1_ci95_high,nDCG@3,nDCG@3_std,nDCG@3_stderr,nDCG@3_ci90_low,nDCG@3_ci90_high,nDCG@3_ci95_low,nDCG@3_ci95_high,nDCG@5,nDCG@5_std,nDCG@5_stderr,nDCG@5_ci90_low,nDCG@5_ci90_high,nDCG@5_ci95_low,nDCG@5_ci95_high,nDCG@10,nDCG@10_std,nDCG@10_stderr,nDCG@10_ci90_low,nDCG@10_ci90_high,nDCG@10_ci95_low,nDCG@10_ci95_high,nDCG@100,nDCG@100_std,nDCG@100_stderr,nDCG@100_ci90_low,nDCG@100_ci90_high,nDCG@100_ci95_low,nDCG@100_ci95_high,RR@1,RR@3,RR@5,RR@10,RR@100,P@1,P@3,P@5,P@10,P@100,R@1,R@3,R@5,R@10,R@100,AP
0.6866576819407008,0.4640086134178743,0.0120450634474943,0.6668329316661891,0.7064824322152125,0.6630305081176127,0.7102848557637889,0.7621672438084846,0.37979789998733626,0.009859062246443066,0.7459403930468758,0.7783940945700933,0.7428280532392714,0.7815064343776977,0.782686990391113,0.3510766363958207,0.0091134953921906,0.7676872545187647,0.7976867262634613,0.764810277602855,0.800563703179371,0.8026312349435604,0.314890943655153,0.008174161611849,0.78917753141059,0.8160849384765307,0.786597086339607,0.8186653835475137,0.8168996455873372,0.2835615748748527,0.007360891720264422,0.8047844881381401,0.8290148030365343,0.8024607786668149,0.8313385125078595,0.6859838274932615,0.7502246181491469,0.7599955076370181,0.7678884289564892,0.770680205220511,0.6866576819407008,0.2859389038634283,0.18274932614554848,0.09784366576819173,0.01049191374663054,0.6654874213836477,0.8152515723270439,0.8638814016172507,0.9237421383647798,0.9866352201257861,0.7647435215200112
