nDCG@1,nDCG@1_std,nDCG@1_stderr,nDCG@1_ci90_low,nDCG@1_ci90_high,nDCG@1_ci95_low,nDCG@1_ci95_high,nDCG@3,nDCG@3_std,nDCG@3_stderr,nDCG@3_ci90_low,nDCG@3_ci90_high,nDCG@3_ci95_low,nDCG@3_ci95_high,nDCG@5,nDCG@5_std,nDCG@5_stderr,nDCG@5_ci90_low,nDCG@5_ci90_high,nDCG@5_ci95_low,nDCG@5_ci95_high,nDCG@10,nDCG@10_std,nDCG@10_stderr,nDCG@10_ci90_low,nDCG@10_ci90_high,nDCG@10_ci95_low,nDCG@10_ci95_high,nDCG@100,nDCG@100_std,nDCG@100_stderr,nDCG@100_ci90_low,nDCG@100_ci90_high,nDCG@100_ci95_low,nDCG@100_ci95_high,RR@1,RR@3,RR@5,RR@10,RR@100,P@1,P@3,P@5,P@10,P@100,R@1,R@3,R@5,R@10,R@100,AP
0.6664420485175202,0.47164281118876045,0.012243237347421953,0.6462911274350159,0.6865929696000245,0.6424261437258323,0.6904579533092081,0.7387498619881613,0.39748337152100505,0.01031815421275976,0.7217674001311907,0.7557323238451319,0.7185101327263765,0.758989591249946,0.7605400238200254,0.3686638863893599,0.009570037654366982,0.7447888733638635,0.7762911742761873,0.7417677737493739,0.7793122738906769,0.781479340515951,0.3337692208816545,0.008664217271155943,0.76721906330998,0.795739617721922,0.7644839159257062,0.7984747651061959,0.7999166482489506,0.29601113062135637,0.007684066084971113,0.7872695840062889,0.8125637124916123,0.7848438538341169,0.8149894426637843,0.6657681940700808,0.7261904761904765,0.7374775381850862,0.7460087494117148,0.7498066861230868,0.6664420485175202,0.2774034141958634,0.17789757412398538,0.09582210242587379,0.01047169811320736,0.6456087151841868,0.7900943396226415,0.8416442048517521,0.9042003593890385,0.9849505840071877,0.7443361391408467
