{
  "nDCG@1": 0.6893530997304582,
  "nDCG@1_std": 0.4629144670020279,
  "nDCG@1_stderr": 0.012016660821726985,
  "nDCG@1_ci90_low": 0.6695750968197468,
  "nDCG@1_ci90_high": 0.7091311026411696,
  "nDCG@1_ci95_low": 0.6657816395014878,
  "nDCG@1_ci95_high": 0.7129245599594286,
  "nDCG@3": 0.7622107938505794,
  "nDCG@3_std": 0.38159358883459843,
  "nDCG@3_stderr": 0.009905676006342717,
  "nDCG@3_ci90_low": 0.7459072223516,
  "nDCG@3_ci90_high": 0.7785143653495589,
  "nDCG@3_ci95_low": 0.7427801673655242,
  "nDCG@3_ci95_high": 0.7816414203356347,
  "nDCG@5": 0.7841999056114938,
  "nDCG@5_std": 0.35054793267705836,
  "nDCG@5_stderr": 0.009099770927486142,
  "nDCG@5_ci90_low": 0.7692227585853233,
  "nDCG@5_ci90_high": 0.7991770526376643,
  "nDCG@5_ci95_low": 0.7663501142516379,
  "nDCG@5_ci95_high": 0.8020496969713496,
  "nDCG@10": 0.8029369184122067,
  "nDCG@10_std": 0.31651585717074565,
  "nDCG@10_stderr": 0.008216342265022302,
  "nDCG@10_ci90_low": 0.7894137905113846,
  "nDCG@10_ci90_high": 0.8164600463130288,
  "nDCG@10_ci95_low": 0.7868200297190174,
  "nDCG@10_ci95_high": 0.819053807105396,
  "nDCG@100": 0.8171423038429632,
  "nDCG@100_std": 0.284978668295732,
  "nDCG@100_stderr": 0.007397677632577102,
  "nDCG@100_ci90_low": 0.8049666011315183,
  "nDCG@100_ci90_high": 0.829318006554408,
  "nDCG@100_ci95_low": 0.8026312789675872,
  "nDCG@100_ci95_high": 0.8316533287183391,
  "RR@1": 0.6886792452830188,
  "RR@3": 0.7495507637017074,
  "RR@5": 0.7604672057502254,
  "RR@10": 0.7680215954306256,
  "RR@100": 0.7710109616963402,
  "P@1": 0.6893530997304582,
  "P@3": 0.28616352201257467,
  "P@5": 0.1835579514824757,
  "P@10": 0.09784366576819174,
  "P@100": 0.01047169811320736,
  "R@1": 0.6681828391734052,
  "R@3": 0.8145777178796046,
  "R@5": 0.866576819407008,
  "R@10": 0.9227313566936208,
  "R@100": 0.984613656783468,
  "AP": 0.7656564629670556
}