nDCG@1,nDCG@1_std,nDCG@1_stderr,nDCG@1_ci90_low,nDCG@1_ci90_high,nDCG@1_ci95_low,nDCG@1_ci95_high,nDCG@3,nDCG@3_std,nDCG@3_stderr,nDCG@3_ci90_low,nDCG@3_ci90_high,nDCG@3_ci95_low,nDCG@3_ci95_high,nDCG@5,nDCG@5_std,nDCG@5_stderr,nDCG@5_ci90_low,nDCG@5_ci90_high,nDCG@5_ci95_low,nDCG@5_ci95_high,nDCG@10,nDCG@10_std,nDCG@10_stderr,nDCG@10_ci90_low,nDCG@10_ci90_high,nDCG@10_ci95_low,nDCG@10_ci95_high,nDCG@100,nDCG@100_std,nDCG@100_stderr,nDCG@100_ci90_low,nDCG@100_ci90_high,nDCG@100_ci95_low,nDCG@100_ci95_high,RR@1,RR@3,RR@5,RR@10,RR@100,P@1,P@3,P@5,P@10,P@100,R@1,R@3,R@5,R@10,R@100,AP
0.6563342318059299,0.4750912594457717,0.012332754603890843,0.6360359759034396,0.6766324877084201,0.6321427331049216,0.6805257305069381,0.7358602559905681,0.39469482689912905,0.01024576720112811,0.7189969345959929,0.7527235773851434,0.7157625185508947,0.7559579934302416,0.7584937869461861,0.3652808127304066,0.009482217437907033,0.7428871781828066,0.7741003957095656,0.7398938019307187,0.7770937719616534,0.7784152751719624,0.3322615137076417,0.008625079143013326,0.7642194146973786,0.7926111356465462,0.7614966225606089,0.7953339277833159,0.7960368141148955,0.2964591833563376,0.007695696954452004,0.7833706068362556,0.8087030213935353,0.7809412049945904,0.8111324232352005,0.6556603773584906,0.7225965858041332,0.7339510332434868,0.7417813823642665,0.7454159608591855,0.6563342318059299,0.2776280323450099,0.1785714285714247,0.09588948787061771,0.010444743935309786,0.6361747529200359,0.7918351302785265,0.8453504043126685,0.9053796046720575,0.9822551662174303,0.7394537431417235
