nDCG@1,nDCG@1_std,nDCG@1_stderr,nDCG@1_ci90_low,nDCG@1_ci90_high,nDCG@1_ci95_low,nDCG@1_ci95_high,nDCG@3,nDCG@3_std,nDCG@3_stderr,nDCG@3_ci90_low,nDCG@3_ci90_high,nDCG@3_ci95_low,nDCG@3_ci95_high,nDCG@5,nDCG@5_std,nDCG@5_stderr,nDCG@5_ci90_low,nDCG@5_ci90_high,nDCG@5_ci95_low,nDCG@5_ci95_high,nDCG@10,nDCG@10_std,nDCG@10_stderr,nDCG@10_ci90_low,nDCG@10_ci90_high,nDCG@10_ci95_low,nDCG@10_ci95_high,nDCG@100,nDCG@100_std,nDCG@100_stderr,nDCG@100_ci90_low,nDCG@100_ci90_high,nDCG@100_ci95_low,nDCG@100_ci95_high,RR@1,RR@3,RR@5,RR@10,RR@100,P@1,P@3,P@5,P@10,P@100,R@1,R@3,R@5,R@10,R@100,AP
0.6657681940700808,0.47188023231236836,0.012249400492706192,0.6456071291791443,0.6859292589610173,0.6417401998688549,0.6897961882713067,0.7457433387905572,0.3889106615287151,0.010095617749452541,0.7291271456403701,0.7623595319407444,0.7259401292468673,0.7655465483342471,0.7674529704111883,0.3595776505691604,0.009334170724770495,0.7520900290331811,0.7828159117891955,0.7491433886335671,0.7857625521888095,0.7895975225247053,0.3211685661753654,0.008337120572887251,0.7758756078094808,0.8033194372399297,0.7732437193406607,0.8059513257087498,0.8042236837140305,0.2905036332989856,0.007541098577975466,0.7918119270839782,0.8166354403440829,0.7894313293444954,0.8190160380835656,0.6650943396226415,0.7323674752920037,0.7434186882300095,0.7522226500663156,0.7550175469459014,0.6657681940700808,0.2812219227313529,0.1801886792452791,0.09730458221024027,0.010458221024258573,0.6452717879604671,0.8012690925426774,0.8525943396226415,0.9188566936208445,0.9836028751123089,0.7491680174770265
