{
  "nDCG@1": 0.6563342318059299,
  "nDCG@1_std": 0.4750912594457717,
  "nDCG@1_stderr": 0.012332754603890843,
  "nDCG@1_ci90_low": 0.6360359759034396,
  "nDCG@1_ci90_high": 0.6766324877084201,
  "nDCG@1_ci95_low": 0.6321427331049216,
  "nDCG@1_ci95_high": 0.6805257305069381,
  "nDCG@3": 0.738554768983972,
  "nDCG@3_std": 0.393243565259585,
  "nDCG@3_stderr": 0.010208094326052663,
  "nDCG@3_ci90_low": 0.721753452687481,
  "nDCG@3_ci90_high": 0.7553560852804629,
  "nDCG@3_ci95_low": 0.7185309293341858,
  "nDCG@3_ci95_high": 0.7585786086337581,
  "nDCG@5": 0.7611604165249176,
  "nDCG@5_std": 0.3619855819777414,
  "nDCG@5_stderr": 0.009396677509676774,
  "nDCG@5_ci90_low": 0.7456945963695065,
  "nDCG@5_ci90_high": 0.7766262366803287,
  "nDCG@5_ci95_low": 0.7427282236312537,
  "nDCG@5_ci95_high": 0.7795926094185816,
  "nDCG@10": 0.7796373945969871,
  "nDCG@10_std": 0.3315994603239167,
  "nDCG@10_stderr": 0.00860789309348322,
  "nDCG@10_ci90_low": 0.7654698203279202,
  "nDCG@10_ci90_high": 0.793804968866054,
  "nDCG@10_ci95_low": 0.7627524535373701,
  "nDCG@10_ci95_high": 0.7965223356566041,
  "nDCG@100": 0.7971268920508018,
  "nDCG@100_std": 0.2952334648358132,
  "nDCG@100_stderr": 0.007663878887024904,
  "nDCG@100_ci90_low": 0.784513053549106,
  "nDCG@100_ci90_high": 0.8097407305524975,
  "nDCG@100_ci95_low": 0.7820936961351338,
  "nDCG@100_ci95_high": 0.8121600879664698,
  "RR@1": 0.6563342318059299,
  "RR@3": 0.7229335130278532,
  "RR@5": 0.7350965858041338,
  "RR@10": 0.7422247358062727,
  "RR@100": 0.7459783193404498,
  "P@1": 0.6563342318059299,
  "P@3": 0.28077268643306,
  "P@5": 0.18005390835579124,
  "P@10": 0.0962264150943374,
  "P@100": 0.010444743935309786,
  "R@1": 0.6351639712488769,
  "R@3": 0.7973944294699011,
  "R@5": 0.8514150943396226,
  "R@10": 0.906895777178796,
  "R@100": 0.9828728661275832,
  "AP": 0.74076828237396
}