{
  "nDCG@1": 0.6563342318059299,
  "nDCG@1_std": 0.4750912594457717,
  "nDCG@1_stderr": 0.012332754603890843,
  "nDCG@1_ci90_low": 0.6360359759034396,
  "nDCG@1_ci90_high": 0.6766324877084201,
  "nDCG@1_ci95_low": 0.6321427331049216,
  "nDCG@1_ci95_high": 0.6805257305069381,
  "nDCG@3": 0.7358602559905681,
  "nDCG@3_std": 0.39469482689912905,
  "nDCG@3_stderr": 0.01024576720112811,
  "nDCG@3_ci90_low": 0.7189969345959929,
  "nDCG@3_ci90_high": 0.7527235773851434,
  "nDCG@3_ci95_low": 0.7157625185508947,
  "nDCG@3_ci95_high": 0.7559579934302416,
  "nDCG@5": 0.7584937869461861,
  "nDCG@5_std": 0.3652808127304066,
  "nDCG@5_stderr": 0.009482217437907033,
  "nDCG@5_ci90_low": 0.7428871781828066,
  "nDCG@5_ci90_high": 0.7741003957095656,
  "nDCG@5_ci95_low": 0.7398938019307187,
  "nDCG@5_ci95_high": 0.7770937719616534,
  "nDCG@10": 0.7784152751719624,
  "nDCG@10_std": 0.3322615137076417,
  "nDCG@10_stderr": 0.008625079143013326,
  "nDCG@10_ci90_low": 0.7642194146973786,
  "nDCG@10_ci90_high": 0.7926111356465462,
  "nDCG@10_ci95_low": 0.7614966225606089,
  "nDCG@10_ci95_high": 0.7953339277833159,
  "nDCG@100": 0.7960368141148955,
  "nDCG@100_std": 0.2964591833563376,
  "nDCG@100_stderr": 0.007695696954452004,
  "nDCG@100_ci90_low": 0.7833706068362556,
  "nDCG@100_ci90_high": 0.8087030213935353,
  "nDCG@100_ci95_low": 0.7809412049945904,
  "nDCG@100_ci95_high": 0.8111324232352005,
  "RR@1": 0.6556603773584906,
  "RR@3": 0.7225965858041332,
  "RR@5": 0.7339510332434868,
  "RR@10": 0.7417813823642665,
  "RR@100": 0.7454159608591855,
  "P@1": 0.6563342318059299,
  "P@3": 0.2776280323450099,
  "P@5": 0.1785714285714247,
  "P@10": 0.09588948787061771,
  "P@100": 0.010444743935309786,
  "R@1": 0.6361747529200359,
  "R@3": 0.7918351302785265,
  "R@5": 0.8453504043126685,
  "R@10": 0.9053796046720575,
  "R@100": 0.9822551662174303,
  "AP": 0.7394537431417235
}