{
  "nDCG@1": 0.6597035040431267,
  "nDCG@1_std": 0.47396853230656943,
  "nDCG@1_stderr": 0.012303610059512016,
  "nDCG@1_ci90_low": 0.6394532166147499,
  "nDCG@1_ci90_high": 0.6799537914715036,
  "nDCG@1_ci95_low": 0.6355691742577523,
  "nDCG@1_ci95_high": 0.6838378338285012,
  "nDCG@3": 0.7345066853055514,
  "nDCG@3_std": 0.39909962344259026,
  "nDCG@3_stderr": 0.010360110022155686,
  "nDCG@3_ci90_low": 0.717455169147002,
  "nDCG@3_ci90_high": 0.7515582014641008,
  "nDCG@3_ci95_low": 0.7141846570001953,
  "nDCG@3_ci95_high": 0.7548287136109075,
  "nDCG@5": 0.761068038200813,
  "nDCG@5_std": 0.3638551525584989,
  "nDCG@5_stderr": 0.00944520914381804,
  "nDCG@5_ci90_low": 0.7455223407137915,
  "nDCG@5_ci90_high": 0.7766137356878345,
  "nDCG@5_ci95_low": 0.7425406473564888,
  "nDCG@5_ci95_high": 0.7795954290451372,
  "nDCG@10": 0.7793096154382253,
  "nDCG@10_std": 0.33324105614682564,
  "nDCG@10_stderr": 0.008650506797777267,
  "nDCG@10_ci90_low": 0.7650719040503642,
  "nDCG@10_ci90_high": 0.7935473268260864,
  "nDCG@10_ci95_low": 0.7623410848314889,
  "nDCG@10_ci95_high": 0.7962781460449617,
  "nDCG@100": 0.7961391228743165,
  "nDCG@100_std": 0.2988351403160636,
  "nDCG@100_stderr": 0.007757373724022319,
  "nDCG@100_ci90_low": 0.7833714029253782,
  "nDCG@100_ci90_high": 0.8089068428232549,
  "nDCG@100_ci95_low": 0.7809225307669283,
  "nDCG@100_ci95_high": 0.8113557149817048,
  "RR@1": 0.6597035040431267,
  "RR@3": 0.7214734950584012,
  "RR@5": 0.7351190476190488,
  "RR@10": 0.742346938775511,
  "RR@100": 0.7458235298772072,
  "P@1": 0.6597035040431267,
  "P@3": 0.27695417789757065,
  "P@5": 0.18018867924527915,
  "P@10": 0.09609164420484953,
  "P@100": 0.01041105121293782,
  "R@1": 0.6393755615453728,
  "R@3": 0.7876235399820305,
  "R@5": 0.8507412398921833,
  "R@10": 0.9062219227313566,
  "R@100": 0.9793912848158131,
  "AP": 0.7406628276297917
}