nDCG@1,nDCG@1_std,nDCG@1_stderr,nDCG@1_ci90_low,nDCG@1_ci90_high,nDCG@1_ci95_low,nDCG@1_ci95_high,nDCG@3,nDCG@3_std,nDCG@3_stderr,nDCG@3_ci90_low,nDCG@3_ci90_high,nDCG@3_ci95_low,nDCG@3_ci95_high,nDCG@5,nDCG@5_std,nDCG@5_stderr,nDCG@5_ci90_low,nDCG@5_ci90_high,nDCG@5_ci95_low,nDCG@5_ci95_high,nDCG@10,nDCG@10_std,nDCG@10_stderr,nDCG@10_ci90_low,nDCG@10_ci90_high,nDCG@10_ci95_low,nDCG@10_ci95_high,nDCG@100,nDCG@100_std,nDCG@100_stderr,nDCG@100_ci90_low,nDCG@100_ci90_high,nDCG@100_ci95_low,nDCG@100_ci95_high,RR@1,RR@3,RR@5,RR@10,RR@100,P@1,P@3,P@5,P@10,P@100,R@1,R@3,R@5,R@10,R@100,AP
0.5815363881401617,0.493473314059809,0.012809928966001197,0.5604527596568235,0.6026200166235,0.5564088809534657,0.6066638953268577,0.6586381456801942,0.43043988859041654,0.011173662769347685,0.6402476178909855,0.6770286734694029,0.6367202808517722,0.6805560105086161,0.6802378875727323,0.408405743332573,0.010601684857801857,0.6627887677975504,0.6976870073479142,0.659441994546117,0.7010337805993476,0.7047949552661121,0.37746467587221677,0.009798494766247329,0.6886677914156492,0.7209221191165751,0.6855745717408676,0.7240153387913567,0.7331216528683638,0.3308277834216693,0.008587861359201242,0.718987048465453,0.7472562572712746,0.7162760053558437,0.749967300380884,0.5815363881401617,0.6458894878706205,0.657243935309974,0.666958937663116,0.6729362578988738,0.5815363881401617,0.25089847259658343,0.16185983827492945,0.08908355795148054,0.010262803234501164,0.5627246181491464,0.7166442048517521,0.7683625336927223,0.841363432165319,0.9657457322551662,0.6649437113637314
