nDCG@1,nDCG@1_std,nDCG@1_stderr,nDCG@1_ci90_low,nDCG@1_ci90_high,nDCG@1_ci95_low,nDCG@1_ci95_high,nDCG@3,nDCG@3_std,nDCG@3_stderr,nDCG@3_ci90_low,nDCG@3_ci90_high,nDCG@3_ci95_low,nDCG@3_ci95_high,nDCG@5,nDCG@5_std,nDCG@5_stderr,nDCG@5_ci90_low,nDCG@5_ci90_high,nDCG@5_ci95_low,nDCG@5_ci95_high,nDCG@10,nDCG@10_std,nDCG@10_stderr,nDCG@10_ci90_low,nDCG@10_ci90_high,nDCG@10_ci95_low,nDCG@10_ci95_high,nDCG@100,nDCG@100_std,nDCG@100_stderr,nDCG@100_ci90_low,nDCG@100_ci90_high,nDCG@100_ci95_low,nDCG@100_ci95_high,RR@1,RR@3,RR@5,RR@10,RR@100,P@1,P@3,P@5,P@10,P@100,R@1,R@3,R@5,R@10,R@100,AP
0.578167115902965,0.4940185817423404,0.012824083409780983,0.5570601908787299,0.5992740409272,0.5530118438559998,0.6033223879499302,0.6581046631098482,0.4311370171243985,0.011191759324411653,0.6396843505306683,0.676524975689028,0.6361513007139822,0.6800580255057141,0.6820825308736519,0.40601916977038677,0.010539732494963375,0.6647353773627028,0.699429684384601,0.6614081614282046,0.7027569003190992,0.7071074853140326,0.374308429368745,0.009716562689361479,0.6911151719748031,0.723099798653262,0.6880478168759859,0.7261671537520792,0.7336223811313867,0.3300488291981089,0.008567640715070593,0.719521057517907,0.7477237047448664,0.716816397724894,0.7504283645378793,0.578167115902965,0.6449910152740347,0.6580974842767305,0.6676071214649385,0.6730373368083624,0.578167115902965,0.2502246181491441,0.1623989218328809,0.08975741239891985,0.010262803234501164,0.5598607367475291,0.7150157232704402,0.7721810422282119,0.8477650494159927,0.9657457322551662,0.6655660318203236
