nDCG@1,nDCG@1_std,nDCG@1_stderr,nDCG@1_ci90_low,nDCG@1_ci90_high,nDCG@1_ci95_low,nDCG@1_ci95_high,nDCG@3,nDCG@3_std,nDCG@3_stderr,nDCG@3_ci90_low,nDCG@3_ci90_high,nDCG@3_ci95_low,nDCG@3_ci95_high,nDCG@5,nDCG@5_std,nDCG@5_stderr,nDCG@5_ci90_low,nDCG@5_ci90_high,nDCG@5_ci95_low,nDCG@5_ci95_high,nDCG@10,nDCG@10_std,nDCG@10_stderr,nDCG@10_ci90_low,nDCG@10_ci90_high,nDCG@10_ci95_low,nDCG@10_ci95_high,nDCG@100,nDCG@100_std,nDCG@100_stderr,nDCG@100_ci90_low,nDCG@100_ci90_high,nDCG@100_ci95_low,nDCG@100_ci95_high,RR@1,RR@3,RR@5,RR@10,RR@100,P@1,P@3,P@5,P@10,P@100,R@1,R@3,R@5,R@10,R@100,AP
0.6361185983827493,0.48127726998544446,0.012493335436406822,0.6155560454163723,0.6566811513491263,0.6116121099551157,0.6606250868103829,0.7224218582722265,0.3983269620581505,0.010340052731989341,0.7054033540417972,0.7394403625026558,0.7021391736434932,0.7427045429009598,0.7428529521795516,0.37218259938814835,0.009661378892650766,0.7269514648449968,0.7587544395141064,0.7239015303408513,0.761804374018252,0.7645173035088287,0.3383474990945761,0.008783063451938494,0.7500614195411861,0.7789731874764714,0.7472887544204192,0.7817458525972383,0.7838829645521644,0.30029764565731887,0.007795338471051388,0.7710527591184159,0.796713169985913,0.7685919021291058,0.7991740269752231,0.637466307277628,0.7076594788858945,0.7188454627133881,0.7271410922859716,0.7312692022968854,0.6361185983827493,0.2749326145552526,0.1756064690026916,0.09501347708894657,0.010438005390835394,0.6164645103324348,0.7844788858939802,0.8329964061096136,0.8984164420485176,0.9815813117699909,0.723502767257521
