nDCG@1,nDCG@1_std,nDCG@1_stderr,nDCG@1_ci90_low,nDCG@1_ci90_high,nDCG@1_ci95_low,nDCG@1_ci95_high,nDCG@3,nDCG@3_std,nDCG@3_stderr,nDCG@3_ci90_low,nDCG@3_ci90_high,nDCG@3_ci95_low,nDCG@3_ci95_high,nDCG@5,nDCG@5_std,nDCG@5_stderr,nDCG@5_ci90_low,nDCG@5_ci90_high,nDCG@5_ci95_low,nDCG@5_ci95_high,nDCG@10,nDCG@10_std,nDCG@10_stderr,nDCG@10_ci90_low,nDCG@10_ci90_high,nDCG@10_ci95_low,nDCG@10_ci95_high,nDCG@100,nDCG@100_std,nDCG@100_stderr,nDCG@100_ci90_low,nDCG@100_ci90_high,nDCG@100_ci95_low,nDCG@100_ci95_high,RR@1,RR@3,RR@5,RR@10,RR@100,P@1,P@3,P@5,P@10,P@100,R@1,R@3,R@5,R@10,R@100,AP
0.6057951482479784,0.4888439592932182,0.0126897569039487,0.5849093087701153,0.6266809877258416,0.580903366361624,0.6306869301343329,0.6849186997334046,0.4199758970458401,0.010902031083159656,0.6669752455830186,0.7028621538837906,0.663533658089634,0.7063037413771751,0.7082801395831568,0.39387685712457343,0.01022453376375702,0.6914517659159378,0.7251085132503758,0.6882240529091945,0.7283362262571191,0.7327387648315437,0.35995036657019913,0.009343845950080084,0.7173598991766368,0.7481176304864505,0.7144102044714381,0.7510673251916492,0.7559742171769063,0.3185385796166306,0.008268849523492985,0.7423646685368894,0.7695837658169231,0.7397543320878683,0.7721941022659442,0.605121293800539,0.6718328840970358,0.6843328840970362,0.6937200509134475,0.6986836711952957,0.6057951482479784,0.2594339622641481,0.1677897574123955,0.09211590296495749,0.010323450134770705,0.5864779874213836,0.7419699011680143,0.797113656783468,0.8709568733153639,0.9714734950584007,0.6914445602201315
