{
  "nDCG@1": 0.601078167115903,
  "nDCG@1_std": 0.48984170102712576,
  "nDCG@1_stderr": 0.01271565698886438,
  "nDCG@1_ci90_low": 0.5801496991605909,
  "nDCG@1_ci90_high": 0.6220066350712151,
  "nDCG@1_ci95_low": 0.5761355805317565,
  "nDCG@1_ci95_high": 0.6260207537000495,
  "nDCG@3": 0.6823361753949688,
  "nDCG@3_std": 0.4211302724082269,
  "nDCG@3_stderr": 0.01093199717447799,
  "nDCG@3_ci90_low": 0.6643434006013434,
  "nDCG@3_ci90_high": 0.7003289501885942,
  "nDCG@3_ci95_low": 0.6608923533179144,
  "nDCG@3_ci95_high": 0.7037799974720232,
  "nDCG@5": 0.7032914899146274,
  "nDCG@5_std": 0.39768508958870724,
  "nDCG@5_stderr": 0.010323390552891642,
  "nDCG@5_ci90_low": 0.6863004096609236,
  "nDCG@5_ci90_high": 0.7202825701683312,
  "nDCG@5_ci95_low": 0.683041489231772,
  "nDCG@5_ci95_high": 0.7235414905974829,
  "nDCG@10": 0.7225693740129293,
  "nDCG@10_std": 0.37153862349781636,
  "nDCG@10_stderr": 0.009644662111467396,
  "nDCG@10_ci90_low": 0.7066954005236771,
  "nDCG@10_ci90_high": 0.7384433475021815,
  "nDCG@10_ci95_low": 0.7036507432256421,
  "nDCG@10_ci95_high": 0.7414880048002165,
  "nDCG@100": 0.7469057298707781,
  "nDCG@100_std": 0.33060752879796435,
  "nDCG@100_stderr": 0.008582143834051034,
  "nDCG@100_ci90_low": 0.7327805358382472,
  "nDCG@100_ci90_high": 0.761030923903309,
  "nDCG@100_ci95_low": 0.7300712976549768,
  "nDCG@100_ci95_high": 0.7637401620865794,
  "RR@1": 0.601078167115903,
  "RR@3": 0.668014375561546,
  "RR@5": 0.6793014375561557,
  "RR@10": 0.6868424571086303,
  "RR@100": 0.6917225656208896,
  "P@1": 0.601078167115903,
  "P@3": 0.2592093441150017,
  "P@5": 0.1667115902964926,
  "P@10": 0.08975741239891984,
  "P@100": 0.01017520215633405,
  "R@1": 0.5844564240790655,
  "R@3": 0.7412960467205749,
  "R@5": 0.7912174303683737,
  "R@10": 0.8495619946091644,
  "R@100": 0.956648697214735,
  "AP": 0.6848525545291381
}