{
  "nDCG@1": 0.6381401617250674,
  "nDCG@1_std": 0.4807005359793878,
  "nDCG@1_stderr": 0.012478364167567412,
  "nDCG@1_ci90_low": 0.6176022496970572,
  "nDCG@1_ci90_high": 0.6586780737530775,
  "nDCG@1_ci95_low": 0.6136630404130794,
  "nDCG@1_ci95_high": 0.6626172830370554,
  "nDCG@3": 0.715116143724212,
  "nDCG@3_std": 0.40750372381503114,
  "nDCG@3_stderr": 0.010578269597814247,
  "nDCG@3_ci90_low": 0.6977055626984431,
  "nDCG@3_ci90_high": 0.7325267247499808,
  "nDCG@3_ci95_low": 0.6943661812499969,
  "nDCG@3_ci95_high": 0.735866106198427,
  "nDCG@5": 0.7371462700815612,
  "nDCG@5_std": 0.3810614720274156,
  "nDCG@5_stderr": 0.00989186294227741,
  "nDCG@5_ci90_low": 0.7208654332528319,
  "nDCG@5_ci90_high": 0.7534271069102905,
  "nDCG@5_ci95_low": 0.7177427388183056,
  "nDCG@5_ci95_high": 0.7565498013448168,
  "nDCG@10": 0.7588222853288189,
  "nDCG@10_std": 0.34824964558467303,
  "nDCG@10_stderr": 0.00904011036721243,
  "nDCG@10_ci90_low": 0.7439433325308332,
  "nDCG@10_ci90_high": 0.7737012381268046,
  "nDCG@10_ci95_low": 0.7410895220306345,
  "nDCG@10_ci95_high": 0.7765550486270033,
  "nDCG@100": 0.7796057405211122,
  "nDCG@100_std": 0.3084291620246055,
  "nDCG@100_stderr": 0.008006422118501052,
  "nDCG@100_ci90_low": 0.7664281163613467,
  "nDCG@100_ci90_high": 0.7927833646808777,
  "nDCG@100_ci95_low": 0.7639006238216901,
  "nDCG@100_ci95_high": 0.7953108572205343,
  "RR@1": 0.6381401617250674,
  "RR@3": 0.7027178796046728,
  "RR@5": 0.7140386343216542,
  "RR@10": 0.7224024515466568,
  "RR@100": 0.7268118369571341,
  "P@1": 0.6381401617250674,
  "P@3": 0.2693171608265916,
  "P@5": 0.17345013477088583,
  "P@10": 0.0938005390835558,
  "P@100": 0.010390835579514639,
  "R@1": 0.6201707097933512,
  "R@3": 0.7692610062893082,
  "R@5": 0.8214285714285714,
  "R@10": 0.8866239892183289,
  "R@100": 0.9772012578616351,
  "AP": 0.7203542459009036
}