nDCG@1,nDCG@1_std,nDCG@1_stderr,nDCG@1_ci90_low,nDCG@1_ci90_high,nDCG@1_ci95_low,nDCG@1_ci95_high,nDCG@3,nDCG@3_std,nDCG@3_stderr,nDCG@3_ci90_low,nDCG@3_ci90_high,nDCG@3_ci95_low,nDCG@3_ci95_high,nDCG@5,nDCG@5_std,nDCG@5_stderr,nDCG@5_ci90_low,nDCG@5_ci90_high,nDCG@5_ci95_low,nDCG@5_ci95_high,nDCG@10,nDCG@10_std,nDCG@10_stderr,nDCG@10_ci90_low,nDCG@10_ci90_high,nDCG@10_ci95_low,nDCG@10_ci95_high,nDCG@100,nDCG@100_std,nDCG@100_stderr,nDCG@100_ci90_low,nDCG@100_ci90_high,nDCG@100_ci95_low,nDCG@100_ci95_high,RR@1,RR@3,RR@5,RR@10,RR@100,P@1,P@3,P@5,P@10,P@100,R@1,R@3,R@5,R@10,R@100,AP
0.6212938005390836,0.4852282664912816,0.01259589819541056,0.6005624413979963,0.6420251596801708,0.5965861286020961,0.646001472476071,0.6960550885868217,0.4186036080009426,0.010866408234496703,0.6781702654334321,0.7139399117402114,0.6747399234730589,0.7173702537005846,0.7197525581612089,0.39116366201845326,0.010154102728096014,0.7030401056512042,0.7364650106712135,0.6998346265355248,0.739670489786893,0.7395194774043193,0.36343861126923166,0.009434396270710433,0.7239915766279621,0.7550473781806766,0.7210132967124824,0.7580256580961563,0.7622626448382815,0.3228553236374111,0.008380906614920438,0.7484686634749568,0.7760566262016063,0.7458229524905432,0.7787023371860199,0.6212938005390836,0.683962264150944,0.6966644204851762,0.7041372523852314,0.7087095687341786,0.6212938005390836,0.26145552560646607,0.16954177897573774,0.09144204851751817,0.010269541778975558,0.6039982030548068,0.7480345911949685,0.804357592093441,0.8643867924528302,0.9657457322551662,0.7021755146641783
