nDCG@1,nDCG@1_std,nDCG@1_stderr,nDCG@1_ci90_low,nDCG@1_ci90_high,nDCG@1_ci95_low,nDCG@1_ci95_high,nDCG@3,nDCG@3_std,nDCG@3_stderr,nDCG@3_ci90_low,nDCG@3_ci90_high,nDCG@3_ci95_low,nDCG@3_ci95_high,nDCG@5,nDCG@5_std,nDCG@5_stderr,nDCG@5_ci90_low,nDCG@5_ci90_high,nDCG@5_ci95_low,nDCG@5_ci95_high,nDCG@10,nDCG@10_std,nDCG@10_stderr,nDCG@10_ci90_low,nDCG@10_ci90_high,nDCG@10_ci95_low,nDCG@10_ci95_high,nDCG@100,nDCG@100_std,nDCG@100_stderr,nDCG@100_ci90_low,nDCG@100_ci90_high,nDCG@100_ci95_low,nDCG@100_ci95_high,RR@1,RR@3,RR@5,RR@10,RR@100,P@1,P@3,P@5,P@10,P@100,R@1,R@3,R@5,R@10,R@100,AP
0.6509433962264151,0.47683257538992574,0.012377956913552668,0.6305707426667616,0.6713160497860685,0.6266632302608266,0.6752235621920035,0.7266553571719113,0.4011998304121438,0.01041462867864097,0.7095141097508547,0.7437966045929679,0.7062263869829367,0.7470843273608859,0.7512908181488693,0.36918259927313274,0.009583502769917436,0.7355175057045727,0.7670641305931659,0.7324921553800161,0.7700894809177226,0.7722395246267935,0.33586361017250815,0.008718584908226865,0.7578897647184154,0.7865892845351715,0.7551374543873144,0.7893415948662725,0.7902080803740915,0.29979014633743306,0.007782164445115624,0.7773995578293892,0.8030166029187938,0.7749428596580601,0.8054733010901229,0.6509433962264151,0.7137241689128486,0.7264600179694529,0.7346390600265263,0.7383598176048576,0.6509433962264151,0.2740341419586669,0.17735849056603387,0.09555256064689803,0.010444743935309786,0.6316262353998202,0.7819519317160826,0.8411388140161725,0.9041442048517521,0.9822551662174303,0.7318889448006243
