nDCG@1,nDCG@3,nDCG@5,nDCG@10,nDCG@100,RR@1,RR@3,RR@5,RR@10,RR@100,P@1,P@3,P@5,P@10,P@100,R@1,R@3,R@5,R@10,R@100,AP
0.158355795148248,0.24813814884054514,0.28217113937025906,0.3165099475341637,0.3810091621912552,0.158355795148248,0.22944743935309947,0.24838274932614499,0.26291340435545274,0.2752854230112829,0.158355795148248,0.10669362084456431,0.0811320754716989,0.051549865229110474,0.008443396226414948,0.15420035938903864,0.3119384546271338,0.3942610062893081,0.49859613656783475,0.8025044923629828,0.27091354104949605
