{
  "nDCG@1": 0.17318059299191374,
  "nDCG@1_std": 0.37853088230835946,
  "nDCG@1_stderr": 0.009826172106279592,
  "nDCG@1_ci90_low": 0.1570078755122155,
  "nDCG@1_ci90_high": 0.18935331047161197,
  "nDCG@1_ci95_low": 0.15390591856760055,
  "nDCG@1_ci95_high": 0.19245526741622693,
  "nDCG@3": 0.2663105865120276,
  "nDCG@3_std": 0.39141798247685,
  "nDCG@3_stderr": 0.010160704558253476,
  "nDCG@3_ci90_low": 0.24958726817015775,
  "nDCG@3_ci90_high": 0.28303390485389746,
  "nDCG@3_ci95_low": 0.24637970496795075,
  "nDCG@3_ci95_high": 0.28624146805610445,
  "nDCG@5": 0.30068527858253447,
  "nDCG@5_std": 0.38464668581277994,
  "nDCG@5_stderr": 0.009984930454967426,
  "nDCG@5_ci90_low": 0.28425126363184744,
  "nDCG@5_ci90_high": 0.3171192935332215,
  "nDCG@5_ci95_low": 0.2810991893519261,
  "nDCG@5_ci95_high": 0.3202713678131428,
  "nDCG@10": 0.3361532897491161,
  "nDCG@10_std": 0.37073162245764707,
  "nDCG@10_stderr": 0.009623713408253822,
  "nDCG@10_ci90_low": 0.32031379534846266,
  "nDCG@10_ci90_high": 0.3519927841497696,
  "nDCG@10_ci95_low": 0.31727575120300755,
  "nDCG@10_ci95_high": 0.3550308282952247,
  "nDCG@100": 0.39896065729320845,
  "nDCG@100_std": 0.32570145053587624,
  "nDCG@100_stderr": 0.008454788387974421,
  "nDCG@100_ci90_low": 0.38504507526692183,
  "nDCG@100_ci90_high": 0.4128762393194951,
  "nDCG@100_ci95_low": 0.38237604105180084,
  "nDCG@100_ci95_high": 0.41554527353461607,
  "RR@1": 0.17318059299191374,
  "RR@3": 0.24685534591194933,
  "RR@5": 0.2659591194968547,
  "RR@10": 0.28049806400547606,
  "RR@100": 0.2921968972053882,
  "P@1": 0.17318059299191374,
  "P@3": 0.11500449236298325,
  "P@5": 0.08598382749326232,
  "P@10": 0.05451482479784346,
  "P@100": 0.008692722371967504,
  "R@1": 0.16840745732255166,
  "R@3": 0.33417565139263256,
  "R@5": 0.4177336028751123,
  "R@10": 0.5251010781671159,
  "R@100": 0.8256401617250674,
  "AP": 0.28757782902558604
}