nDCG@1,nDCG@3,nDCG@5,nDCG@10,nDCG@100,RR@1,RR@3,RR@5,RR@10,RR@100,P@1,P@3,P@5,P@10,P@100,R@1,R@3,R@5,R@10,R@100,AP
0.16576819407008087,0.2646419516157469,0.2981453867699241,0.33278798441387103,0.39435500641070875,0.16576819407008087,0.2435983827493259,0.2624663072776275,0.2767923993496766,0.2881623299065059,0.16576819407008087,0.11567834681042262,0.08611859838275018,0.054177897574123814,0.008605121293800389,0.16065813117699912,0.33687106918238996,0.4173966756513926,0.5230795148247979,0.8167677448337827,0.28341907593640214
