nDCG@1,nDCG@3,nDCG@5,nDCG@10,nDCG@100,RR@1,RR@3,RR@5,RR@10,RR@100,P@1,P@3,P@5,P@10,P@100,R@1,R@3,R@5,R@10,R@100,AP
0.14690026954177898,0.2172505824588003,0.2494212124597602,0.2787655355203139,0.3452956193810445,0.14690026954177898,0.2024932614555256,0.22072102425875983,0.23311486544303242,0.24586504073181778,0.14690026954177898,0.09141958670260522,0.07129380053908421,0.045080862533693034,0.007863881401617116,0.14369946091644206,0.2679132973944295,0.34579964061096136,0.43474842767295596,0.7500561545372867,0.24206035462926737
