{
  "nDCG@1": 0.158355795148248,
  "nDCG@3": 0.24813814884054514,
  "nDCG@5": 0.28217113937025906,
  "nDCG@10": 0.3165099475341637,
  "nDCG@100": 0.3810091621912552,
  "RR@1": 0.158355795148248,
  "RR@3": 0.22944743935309947,
  "RR@5": 0.24838274932614499,
  "RR@10": 0.26291340435545274,
  "RR@100": 0.2752854230112829,
  "P@1": 0.158355795148248,
  "P@3": 0.10669362084456431,
  "P@5": 0.0811320754716989,
  "P@10": 0.051549865229110474,
  "P@100": 0.008443396226414948,
  "R@1": 0.15420035938903864,
  "R@3": 0.3119384546271338,
  "R@5": 0.3942610062893081,
  "R@10": 0.49859613656783475,
  "R@100": 0.8025044923629828,
  "AP": 0.27091354104949605
}