{
  "nDCG@1": 0.1765498652291105,
  "nDCG@3": 0.266741906405019,
  "nDCG@5": 0.3022423503005082,
  "nDCG@10": 0.3355263351286305,
  "nDCG@100": 0.3999294399726329,
  "RR@1": 0.1765498652291105,
  "RR@3": 0.2482030548068281,
  "RR@5": 0.26791329739442893,
  "RR@10": 0.28165538227869735,
  "RR@100": 0.29375812792165185,
  "P@1": 0.1765498652291105,
  "P@3": 0.11455525606469033,
  "P@5": 0.08625336927223806,
  "P@10": 0.05397574123989201,
  "P@100": 0.008699460916441897,
  "R@1": 0.1711028751123091,
  "R@3": 0.3328279424977538,
  "R@5": 0.41874438454627133,
  "R@10": 0.5197102425876011,
  "R@100": 0.8263140161725068,
  "AP": 0.28875492013123
}