nDCG@1,nDCG@1_std,nDCG@1_stderr,nDCG@1_ci90_low,nDCG@1_ci90_high,nDCG@1_ci95_low,nDCG@1_ci95_high,nDCG@3,nDCG@3_std,nDCG@3_stderr,nDCG@3_ci90_low,nDCG@3_ci90_high,nDCG@3_ci95_low,nDCG@3_ci95_high,nDCG@5,nDCG@5_std,nDCG@5_stderr,nDCG@5_ci90_low,nDCG@5_ci90_high,nDCG@5_ci95_low,nDCG@5_ci95_high,nDCG@10,nDCG@10_std,nDCG@10_stderr,nDCG@10_ci90_low,nDCG@10_ci90_high,nDCG@10_ci95_low,nDCG@10_ci95_high,nDCG@100,nDCG@100_std,nDCG@100_stderr,nDCG@100_ci90_low,nDCG@100_ci90_high,nDCG@100_ci95_low,nDCG@100_ci95_high,RR@1,RR@3,RR@5,RR@10,RR@100,P@1,P@3,P@5,P@10,P@100,R@1,R@3,R@5,R@10,R@100,AP
0.1765498652291105,0.381415837822522,0.00990106181997547,0.1602538881353287,0.1928458423228923,0.15712828977013138,0.19597144068808964,0.266741906405019,0.39268459180609766,0.010193584098186147,0.24996447222796508,0.2835193405820729,0.24674652950908293,0.28673728330095505,0.3022423503005082,0.3857793122867509,0.010014331973272875,0.2857599439270082,0.31872475667400824,0.28259858808322835,0.3218861125177881,0.3355263351286305,0.3725236376361585,0.009670231804464292,0.3196102769479635,0.3514423933092975,0.3165575477287465,0.3544951225285145,0.3999294399726329,0.32683051185925716,0.00848409735958178,0.38596561884445596,0.4138932611008099,0.38328733228090944,0.4165715476643564,0.1765498652291105,0.2482030548068281,0.26791329739442893,0.28165538227869735,0.29375812792165185,0.1765498652291105,0.11455525606469033,0.08625336927223806,0.05397574123989201,0.008699460916441897,0.1711028751123091,0.3328279424977538,0.41874438454627133,0.5197102425876011,0.8263140161725068,0.28875492013123
