nDCG@1,nDCG@1_std,nDCG@1_stderr,nDCG@1_ci90_low,nDCG@1_ci90_high,nDCG@1_ci95_low,nDCG@1_ci95_high,nDCG@3,nDCG@3_std,nDCG@3_stderr,nDCG@3_ci90_low,nDCG@3_ci90_high,nDCG@3_ci95_low,nDCG@3_ci95_high,nDCG@5,nDCG@5_std,nDCG@5_stderr,nDCG@5_ci90_low,nDCG@5_ci90_high,nDCG@5_ci95_low,nDCG@5_ci95_high,nDCG@10,nDCG@10_std,nDCG@10_stderr,nDCG@10_ci90_low,nDCG@10_ci90_high,nDCG@10_ci95_low,nDCG@10_ci95_high,nDCG@100,nDCG@100_std,nDCG@100_stderr,nDCG@100_ci90_low,nDCG@100_ci90_high,nDCG@100_ci95_low,nDCG@100_ci95_high,RR@1,RR@3,RR@5,RR@10,RR@100,P@1,P@3,P@5,P@10,P@100,R@1,R@3,R@5,R@10,R@100,AP
0.17318059299191374,0.37853088230835946,0.009826172106279592,0.1570078755122155,0.18935331047161197,0.15390591856760055,0.19245526741622693,0.2663105865120276,0.39141798247685,0.010160704558253476,0.24958726817015775,0.28303390485389746,0.24637970496795075,0.28624146805610445,0.30068527858253447,0.38464668581277994,0.009984930454967426,0.28425126363184744,0.3171192935332215,0.2810991893519261,0.3202713678131428,0.3361532897491161,0.37073162245764707,0.009623713408253822,0.32031379534846266,0.3519927841497696,0.31727575120300755,0.3550308282952247,0.39896065729320845,0.32570145053587624,0.008454788387974421,0.38504507526692183,0.4128762393194951,0.38237604105180084,0.41554527353461607,0.17318059299191374,0.24685534591194933,0.2659591194968547,0.28049806400547606,0.2921968972053882,0.17318059299191374,0.11500449236298325,0.08598382749326232,0.05451482479784346,0.008692722371967504,0.16840745732255166,0.33417565139263256,0.4177336028751123,0.5251010781671159,0.8256401617250674,0.28757782902558604
