{
  "nDCG@1": 0.158355795148248,
  "nDCG@1_std": 0.3651973557656661,
  "nDCG@1_stderr": 0.009480051003047064,
  "nDCG@1_ci90_low": 0.1427527520804974,
  "nDCG@1_ci90_high": 0.17395883821599858,
  "nDCG@1_ci95_low": 0.1397600597353864,
  "nDCG@1_ci95_high": 0.17695153056110957,
  "nDCG@3": 0.24813814884054514,
  "nDCG@3_std": 0.3831769461720269,
  "nDCG@3_stderr": 0.009946777914880363,
  "nDCG@3_ci90_low": 0.23176692845983785,
  "nDCG@3_ci90_high": 0.2645093692212524,
  "nDCG@3_ci95_low": 0.22862689829388055,
  "nDCG@3_ci95_high": 0.2676493993872097,
  "nDCG@5": 0.28217113937025906,
  "nDCG@5_std": 0.3780934323425816,
  "nDCG@5_stderr": 0.009814816470973415,
  "nDCG@5_ci90_low": 0.26601711192363,
  "nDCG@5_ci90_high": 0.29832516681688814,
  "nDCG@5_ci95_low": 0.2629187397617175,
  "nDCG@5_ci95_high": 0.30142353897880064,
  "nDCG@10": 0.3165099475341637,
  "nDCG@10_std": 0.3658026190964082,
  "nDCG@10_stderr": 0.00949576285625498,
  "nDCG@10_ci90_low": 0.3008810446137395,
  "nDCG@10_ci90_high": 0.33213885045458796,
  "nDCG@10_ci95_low": 0.29788339230134486,
  "nDCG@10_ci95_high": 0.3351365027669826,
  "nDCG@100": 0.3810091621912552,
  "nDCG@100_std": 0.3224165847414496,
  "nDCG@100_stderr": 0.008369517520653817,
  "nDCG@100_ci90_low": 0.3672339259304924,
  "nDCG@100_ci90_high": 0.39478439845201796,
  "nDCG@100_ci95_low": 0.36459181029121135,
  "nDCG@100_ci95_high": 0.39742651409129903,
  "RR@1": 0.158355795148248,
  "RR@3": 0.22944743935309947,
  "RR@5": 0.24838274932614499,
  "RR@10": 0.26291340435545274,
  "RR@100": 0.2752854230112829,
  "P@1": 0.158355795148248,
  "P@3": 0.10669362084456431,
  "P@5": 0.0811320754716989,
  "P@10": 0.051549865229110474,
  "P@100": 0.008443396226414948,
  "R@1": 0.15420035938903864,
  "R@3": 0.3119384546271338,
  "R@5": 0.3942610062893081,
  "R@10": 0.49859613656783475,
  "R@100": 0.8025044923629828,
  "AP": 0.27091354104949605
}