{
  "nDCG@1": 0.14690026954177898,
  "nDCG@3": 0.2172505824588003,
  "nDCG@5": 0.2494212124597602,
  "nDCG@10": 0.2787655355203139,
  "nDCG@100": 0.3452956193810445,
  "RR@1": 0.14690026954177898,
  "RR@3": 0.2024932614555256,
  "RR@5": 0.22072102425875983,
  "RR@10": 0.23311486544303242,
  "RR@100": 0.24586504073181778,
  "P@1": 0.14690026954177898,
  "P@3": 0.09141958670260522,
  "P@5": 0.07129380053908421,
  "P@10": 0.045080862533693034,
  "P@100": 0.007863881401617116,
  "R@1": 0.14369946091644206,
  "R@3": 0.2679132973944295,
  "R@5": 0.34579964061096136,
  "R@10": 0.43474842767295596,
  "R@100": 0.7500561545372867,
  "AP": 0.24206035462926737
}