{
  "nDCG@1": 0.1765498652291105,
  "nDCG@1_std": 0.381415837822522,
  "nDCG@1_stderr": 0.00990106181997547,
  "nDCG@1_ci90_low": 0.1602538881353287,
  "nDCG@1_ci90_high": 0.1928458423228923,
  "nDCG@1_ci95_low": 0.15712828977013138,
  "nDCG@1_ci95_high": 0.19597144068808964,
  "nDCG@3": 0.266741906405019,
  "nDCG@3_std": 0.39268459180609766,
  "nDCG@3_stderr": 0.010193584098186147,
  "nDCG@3_ci90_low": 0.24996447222796508,
  "nDCG@3_ci90_high": 0.2835193405820729,
  "nDCG@3_ci95_low": 0.24674652950908293,
  "nDCG@3_ci95_high": 0.28673728330095505,
  "nDCG@5": 0.3022423503005082,
  "nDCG@5_std": 0.3857793122867509,
  "nDCG@5_stderr": 0.010014331973272875,
  "nDCG@5_ci90_low": 0.2857599439270082,
  "nDCG@5_ci90_high": 0.31872475667400824,
  "nDCG@5_ci95_low": 0.28259858808322835,
  "nDCG@5_ci95_high": 0.3218861125177881,
  "nDCG@10": 0.3355263351286305,
  "nDCG@10_std": 0.3725236376361585,
  "nDCG@10_stderr": 0.009670231804464292,
  "nDCG@10_ci90_low": 0.3196102769479635,
  "nDCG@10_ci90_high": 0.3514423933092975,
  "nDCG@10_ci95_low": 0.3165575477287465,
  "nDCG@10_ci95_high": 0.3544951225285145,
  "nDCG@100": 0.3999294399726329,
  "nDCG@100_std": 0.32683051185925716,
  "nDCG@100_stderr": 0.00848409735958178,
  "nDCG@100_ci90_low": 0.38596561884445596,
  "nDCG@100_ci90_high": 0.4138932611008099,
  "nDCG@100_ci95_low": 0.38328733228090944,
  "nDCG@100_ci95_high": 0.4165715476643564,
  "RR@1": 0.1765498652291105,
  "RR@3": 0.2482030548068281,
  "RR@5": 0.26791329739442893,
  "RR@10": 0.28165538227869735,
  "RR@100": 0.29375812792165185,
  "P@1": 0.1765498652291105,
  "P@3": 0.11455525606469033,
  "P@5": 0.08625336927223806,
  "P@10": 0.05397574123989201,
  "P@100": 0.008699460916441897,
  "R@1": 0.1711028751123091,
  "R@3": 0.3328279424977538,
  "R@5": 0.41874438454627133,
  "R@10": 0.5197102425876011,
  "R@100": 0.8263140161725068,
  "AP": 0.28875492013123
}