{
  "nDCG@1": 0.16576819407008087,
  "nDCG@1_std": 0.3719977815343258,
  "nDCG@1_stderr": 0.009656581260212169,
  "nDCG@1_ci90_low": 0.14987460307126715,
  "nDCG@1_ci90_high": 0.18166178506889458,
  "nDCG@1_ci95_low": 0.1468261830988334,
  "nDCG@1_ci95_high": 0.18471020504132832,
  "nDCG@3": 0.2646419516157469,
  "nDCG@3_std": 0.3873210937308965,
  "nDCG@3_stderr": 0.010054354625395884,
  "nDCG@3_ci90_low": 0.24809367268897048,
  "nDCG@3_ci90_high": 0.2811902305425233,
  "nDCG@3_ci95_low": 0.24491968236837178,
  "nDCG@3_ci95_high": 0.284364220863122,
  "nDCG@5": 0.2981453867699241,
  "nDCG@5_std": 0.3809269842678292,
  "nDCG@5_stderr": 0.009888371813987362,
  "nDCG@5_ci90_low": 0.2818702959255832,
  "nDCG@5_ci90_high": 0.31442047761426495,
  "nDCG@5_ci95_low": 0.27874870358142606,
  "nDCG@5_ci95_high": 0.3175420699584221,
  "nDCG@10": 0.33278798441387103,
  "nDCG@10_std": 0.3673142645330538,
  "nDCG@10_stderr": 0.009535003216601726,
  "nDCG@10_ci90_low": 0.31709449649993915,
  "nDCG@10_ci90_high": 0.3484814723278029,
  "nDCG@10_ci95_low": 0.3140844566670563,
  "nDCG@10_ci95_high": 0.35149151216068575,
  "nDCG@100": 0.39435500641070875,
  "nDCG@100_std": 0.32365426922052176,
  "nDCG@100_stderr": 0.008401646208887838,
  "nDCG@100_ci90_low": 0.3805268901278802,
  "nDCG@100_ci90_high": 0.4081831226935373,
  "nDCG@100_ci95_low": 0.37787463200315197,
  "nDCG@100_ci95_high": 0.41083538081826554,
  "RR@1": 0.16576819407008087,
  "RR@3": 0.2435983827493259,
  "RR@5": 0.2624663072776275,
  "RR@10": 0.2767923993496766,
  "RR@100": 0.2881623299065059,
  "P@1": 0.16576819407008087,
  "P@3": 0.11567834681042262,
  "P@5": 0.08611859838275018,
  "P@10": 0.054177897574123814,
  "P@100": 0.008605121293800389,
  "R@1": 0.16065813117699912,
  "R@3": 0.33687106918238996,
  "R@5": 0.4173966756513926,
  "R@10": 0.5230795148247979,
  "R@100": 0.8167677448337827,
  "AP": 0.28341907593640214
}