nDCG@1,nDCG@1_std,nDCG@1_stderr,nDCG@1_ci90_low,nDCG@1_ci90_high,nDCG@1_ci95_low,nDCG@1_ci95_high,nDCG@3,nDCG@3_std,nDCG@3_stderr,nDCG@3_ci90_low,nDCG@3_ci90_high,nDCG@3_ci95_low,nDCG@3_ci95_high,nDCG@5,nDCG@5_std,nDCG@5_stderr,nDCG@5_ci90_low,nDCG@5_ci90_high,nDCG@5_ci95_low,nDCG@5_ci95_high,nDCG@10,nDCG@10_std,nDCG@10_stderr,nDCG@10_ci90_low,nDCG@10_ci90_high,nDCG@10_ci95_low,nDCG@10_ci95_high,nDCG@100,nDCG@100_std,nDCG@100_stderr,nDCG@100_ci90_low,nDCG@100_ci90_high,nDCG@100_ci95_low,nDCG@100_ci95_high,RR@1,RR@3,RR@5,RR@10,RR@100,P@1,P@3,P@5,P@10,P@100,R@1,R@3,R@5,R@10,R@100,AP
0.14690026954177898,0.3541258040932268,0.00919264784176858,0.131770258096094,0.16203028098746397,0.128868294085719,0.16493224499783896,0.2172505824588003,0.37231067703702136,0.009664703622757646,0.20134362301159237,0.23315754190600824,0.19829263894618,0.2362085259714206,0.2494212124597602,0.3696617298647475,0.00959594038035989,0.23362742917924856,0.26521499574027185,0.2305981525106722,0.2682442724088482,0.2787655355203139,0.3617325282235123,0.009390108561521128,0.26331052707688096,0.29422054396374686,0.2603462280448617,0.29718484299576614,0.3452956193810445,0.32365669047514256,0.0084017090615261,0.33146739965020483,0.3591238391118842,0.32881512168395793,0.3617761170781311,0.14690026954177898,0.2024932614555256,0.22072102425875983,0.23311486544303242,0.24586504073181778,0.14690026954177898,0.09141958670260522,0.07129380053908421,0.045080862533693034,0.007863881401617116,0.14369946091644206,0.2679132973944295,0.34579964061096136,0.43474842767295596,0.7500561545372867,0.24206035462926737
