nDCG@1,nDCG@3,nDCG@5,nDCG@10,nDCG@100,RR@1,RR@3,RR@5,RR@10,RR@100,P@1,P@3,P@5,P@10,P@100,R@1,R@3,R@5,R@10,R@100,AP
0.14555256064690028,0.21005491683741,0.24281182694888304,0.27244342821761464,0.3382603809103375,0.14555256064690028,0.1964285714285714,0.21526280323450106,0.2277240298635175,0.24018138252601023,0.14555256064690028,0.08737646001796899,0.06913746630727825,0.044137466307277995,0.007742587601078034,0.14268867924528303,0.2564577717879605,0.3353548966756514,0.425314465408805,0.7391621743036838,0.23659046709796377
