{
  "nDCG@1": 0.14555256064690028,
  "nDCG@3": 0.21005491683741,
  "nDCG@5": 0.24281182694888304,
  "nDCG@10": 0.27244342821761464,
  "nDCG@100": 0.3382603809103375,
  "RR@1": 0.14555256064690028,
  "RR@3": 0.1964285714285714,
  "RR@5": 0.21526280323450106,
  "RR@10": 0.2277240298635175,
  "RR@100": 0.24018138252601023,
  "P@1": 0.14555256064690028,
  "P@3": 0.08737646001796899,
  "P@5": 0.06913746630727825,
  "P@10": 0.044137466307277995,
  "P@100": 0.007742587601078034,
  "R@1": 0.14268867924528303,
  "R@3": 0.2564577717879605,
  "R@5": 0.3353548966756514,
  "R@10": 0.425314465408805,
  "R@100": 0.7391621743036838,
  "AP": 0.23659046709796377
}