nDCG@1,nDCG@1_std,nDCG@1_stderr,nDCG@1_ci90_low,nDCG@1_ci90_high,nDCG@1_ci95_low,nDCG@1_ci95_high,nDCG@3,nDCG@3_std,nDCG@3_stderr,nDCG@3_ci90_low,nDCG@3_ci90_high,nDCG@3_ci95_low,nDCG@3_ci95_high,nDCG@5,nDCG@5_std,nDCG@5_stderr,nDCG@5_ci90_low,nDCG@5_ci90_high,nDCG@5_ci95_low,nDCG@5_ci95_high,nDCG@10,nDCG@10_std,nDCG@10_stderr,nDCG@10_ci90_low,nDCG@10_ci90_high,nDCG@10_ci95_low,nDCG@10_ci95_high,nDCG@100,nDCG@100_std,nDCG@100_stderr,nDCG@100_ci90_low,nDCG@100_ci90_high,nDCG@100_ci95_low,nDCG@100_ci95_high,RR@1,RR@3,RR@5,RR@10,RR@100,P@1,P@3,P@5,P@10,P@100,R@1,R@3,R@5,R@10,R@100,AP
0.158355795148248,0.3651973557656661,0.009480051003047064,0.1427527520804974,0.17395883821599858,0.1397600597353864,0.17695153056110957,0.24813814884054514,0.3831769461720269,0.009946777914880363,0.23176692845983785,0.2645093692212524,0.22862689829388055,0.2676493993872097,0.28217113937025906,0.3780934323425816,0.009814816470973415,0.26601711192363,0.29832516681688814,0.2629187397617175,0.30142353897880064,0.3165099475341637,0.3658026190964082,0.00949576285625498,0.3008810446137395,0.33213885045458796,0.29788339230134486,0.3351365027669826,0.3810091621912552,0.3224165847414496,0.008369517520653817,0.3672339259304924,0.39478439845201796,0.36459181029121135,0.39742651409129903,0.158355795148248,0.22944743935309947,0.24838274932614499,0.26291340435545274,0.2752854230112829,0.158355795148248,0.10669362084456431,0.0811320754716989,0.051549865229110474,0.008443396226414948,0.15420035938903864,0.3119384546271338,0.3942610062893081,0.49859613656783475,0.8025044923629828,0.27091354104949605
