nDCG@1,nDCG@3,nDCG@5,nDCG@10,nDCG@100,RR@1,RR@3,RR@5,RR@10,RR@100,P@1,P@3,P@5,P@10,P@100,R@1,R@3,R@5,R@10,R@100,AP
0.17318059299191374,0.2663105865120276,0.30068527858253447,0.3361532897491161,0.39896065729320845,0.17318059299191374,0.24685534591194933,0.2659591194968547,0.28049806400547606,0.2921968972053882,0.17318059299191374,0.11500449236298325,0.08598382749326232,0.05451482479784346,0.008692722371967504,0.16840745732255166,0.33417565139263256,0.4177336028751123,0.5251010781671159,0.8256401617250674,0.28757782902558604
