{
  "nDCG@1": 0.17318059299191374,
  "nDCG@3": 0.2663105865120276,
  "nDCG@5": 0.30068527858253447,
  "nDCG@10": 0.3361532897491161,
  "nDCG@100": 0.39896065729320845,
  "RR@1": 0.17318059299191374,
  "RR@3": 0.24685534591194933,
  "RR@5": 0.2659591194968547,
  "RR@10": 0.28049806400547606,
  "RR@100": 0.2921968972053882,
  "P@1": 0.17318059299191374,
  "P@3": 0.11500449236298325,
  "P@5": 0.08598382749326232,
  "P@10": 0.05451482479784346,
  "P@100": 0.008692722371967504,
  "R@1": 0.16840745732255166,
  "R@3": 0.33417565139263256,
  "R@5": 0.4177336028751123,
  "R@10": 0.5251010781671159,
  "R@100": 0.8256401617250674,
  "AP": 0.28757782902558604
}