nDCG@1,nDCG@3,nDCG@5,nDCG@10,nDCG@100,RR@1,RR@3,RR@5,RR@10,RR@100,P@1,P@3,P@5,P@10,P@100,R@1,R@3,R@5,R@10,R@100,AP
0.1765498652291105,0.266741906405019,0.3022423503005082,0.3355263351286305,0.3999294399726329,0.1765498652291105,0.2482030548068281,0.26791329739442893,0.28165538227869735,0.29375812792165185,0.1765498652291105,0.11455525606469033,0.08625336927223806,0.05397574123989201,0.008699460916441897,0.1711028751123091,0.3328279424977538,0.41874438454627133,0.5197102425876011,0.8263140161725068,0.28875492013123
