{
  "nDCG@1": 0.1610512129380054,
  "nDCG@1_std": 0.3677020915414396,
  "nDCG@1_stderr": 0.009545070704117205,
  "nDCG@1_ci90_low": 0.14534115512996243,
  "nDCG@1_ci90_high": 0.17676127074604836,
  "nDCG@1_ci95_low": 0.1423279371609269,
  "nDCG@1_ci95_high": 0.1797744887150839,
  "nDCG@3": 0.2364189619244801,
  "nDCG@3_std": 0.38307004392428085,
  "nDCG@3_stderr": 0.009944002870798108,
  "nDCG@3_ci90_low": 0.22005230893822209,
  "nDCG@3_ci90_high": 0.2527856149107381,
  "nDCG@3_ci95_low": 0.2169131548069169,
  "nDCG@3_ci95_high": 0.25592476904204325,
  "nDCG@5": 0.27113157573573377,
  "nDCG@5_std": 0.3786780301761876,
  "nDCG@5_stderr": 0.009829991874604793,
  "nDCG@5_ci90_low": 0.2549525713690064,
  "nDCG@5_ci90_high": 0.28731058010246113,
  "nDCG@5_ci95_low": 0.25184940858790134,
  "nDCG@5_ci95_high": 0.2904137428835662,
  "nDCG@10": 0.3016800339346695,
  "nDCG@10_std": 0.3688567695294458,
  "nDCG@10_stderr": 0.009575044651205195,
  "nDCG@10_ci90_low": 0.2859206425537192,
  "nDCG@10_ci90_high": 0.31743942531561986,
  "nDCG@10_ci95_low": 0.28289796231470493,
  "nDCG@10_ci95_high": 0.3204621055546341,
  "nDCG@100": 0.3670775277869629,
  "nDCG@100_std": 0.327799090000569,
  "nDCG@100_stderr": 0.008509240395354375,
  "nDCG@100_ci90_low": 0.3530723241947161,
  "nDCG@100_ci90_high": 0.38108273137920967,
  "nDCG@100_ci95_low": 0.3503861003984833,
  "nDCG@100_ci95_high": 0.3837689551754425,
  "RR@1": 0.1610512129380054,
  "RR@3": 0.22068733153638798,
  "RR@5": 0.2403975741239887,
  "RR@10": 0.25300212852436527,
  "RR@100": 0.26533877010463347,
  "P@1": 0.1610512129380054,
  "P@3": 0.09928122192273123,
  "P@5": 0.07708894878706272,
  "P@10": 0.04858490566037748,
  "P@100": 0.008180592991913605,
  "R@1": 0.15751347708894878,
  "R@3": 0.29071203953279423,
  "R@5": 0.37426999101527403,
  "R@10": 0.46787960467205747,
  "R@100": 0.7797057502246183,
  "AP": 0.26132149280104505
}