nDCG@1,nDCG@1_std,nDCG@1_stderr,nDCG@1_ci90_low,nDCG@1_ci90_high,nDCG@1_ci95_low,nDCG@1_ci95_high,nDCG@3,nDCG@3_std,nDCG@3_stderr,nDCG@3_ci90_low,nDCG@3_ci90_high,nDCG@3_ci95_low,nDCG@3_ci95_high,nDCG@5,nDCG@5_std,nDCG@5_stderr,nDCG@5_ci90_low,nDCG@5_ci90_high,nDCG@5_ci95_low,nDCG@5_ci95_high,nDCG@10,nDCG@10_std,nDCG@10_stderr,nDCG@10_ci90_low,nDCG@10_ci90_high,nDCG@10_ci95_low,nDCG@10_ci95_high,nDCG@100,nDCG@100_std,nDCG@100_stderr,nDCG@100_ci90_low,nDCG@100_ci90_high,nDCG@100_ci95_low,nDCG@100_ci95_high,RR@1,RR@3,RR@5,RR@10,RR@100,P@1,P@3,P@5,P@10,P@100,R@1,R@3,R@5,R@10,R@100,AP
0.15296495956873316,0.36007505977253396,0.009347082824332333,0.1375807664015221,0.16834915273594422,0.13463004986966937,0.17129986926779694,0.22747891443510695,0.37636935605305577,0.009770061680447669,0.21139854808205605,0.24355928078815786,0.20831430425331082,0.2466435246169031,0.25783051397399886,0.37400718263852345,0.009708742713882704,0.24185107138980483,0.2738099565581929,0.23878618492546516,0.27687484302253257,0.2904735957756509,0.3643419734753528,0.009457846385156904,0.2749070988835624,0.3060400926677394,0.2719214161621301,0.3090257753891717,0.35162366747345897,0.3281427834014994,0.008518162231503488,0.33760377959379295,0.365643555353125,0.3349147393242374,0.36833259562268056,0.1522911051212938,0.21125336927223715,0.22823450134770865,0.24188406494673323,0.25305350731419896,0.15296495956873316,0.09703504043126668,0.07331536388140228,0.04716981132075491,0.007877358490565903,0.14897798742138366,0.2829627133872417,0.35528975741239893,0.45412174303683733,0.7485961365678345,0.24913012487525688
