nDCG@1,nDCG@1_std,nDCG@1_stderr,nDCG@1_ci90_low,nDCG@1_ci90_high,nDCG@1_ci95_low,nDCG@1_ci95_high,nDCG@3,nDCG@3_std,nDCG@3_stderr,nDCG@3_ci90_low,nDCG@3_ci90_high,nDCG@3_ci95_low,nDCG@3_ci95_high,nDCG@5,nDCG@5_std,nDCG@5_stderr,nDCG@5_ci90_low,nDCG@5_ci90_high,nDCG@5_ci95_low,nDCG@5_ci95_high,nDCG@10,nDCG@10_std,nDCG@10_stderr,nDCG@10_ci90_low,nDCG@10_ci90_high,nDCG@10_ci95_low,nDCG@10_ci95_high,nDCG@100,nDCG@100_std,nDCG@100_stderr,nDCG@100_ci90_low,nDCG@100_ci90_high,nDCG@100_ci95_low,nDCG@100_ci95_high,RR@1,RR@3,RR@5,RR@10,RR@100,P@1,P@3,P@5,P@10,P@100,R@1,R@3,R@5,R@10,R@100,AP
0.1192722371967655,0.32421783468292087,0.008416275639366321,0.10542004260109462,0.13312443179243638,0.10276316621169757,0.13578130818183343,0.18138721394487992,0.3471895166218021,0.00901259079052559,0.16655355511631623,0.1962208727734436,0.16370843208272134,0.1990659958070385,0.20404539814243958,0.3484187055134686,0.009044498944298901,0.18915922226545734,0.21893157401942182,0.18630402636542814,0.221786769919451,0.23436134293512495,0.34349651173877455,0.008916725160359124,0.21968546759904709,0.24903721827120281,0.21687060772938097,0.25185207814086896,0.2947362279316415,0.315809640315899,0.00819800978890368,0.2812432731189521,0.3082291827443309,0.2786552995803592,0.31081715628292383,0.11859838274932614,0.1668912848158133,0.17942497753818512,0.19209664998074696,0.20370856704165055,0.1192722371967655,0.0781671159029646,0.058221024258760565,0.03894878706199498,0.006967654986522796,0.11680143755615455,0.22776280323450138,0.28268194070080865,0.37511230907457327,0.6623989218328841,0.20105861024843436
