nDCG@1,nDCG@1_std,nDCG@1_stderr,nDCG@1_ci90_low,nDCG@1_ci90_high,nDCG@1_ci95_low,nDCG@1_ci95_high,nDCG@3,nDCG@3_std,nDCG@3_stderr,nDCG@3_ci90_low,nDCG@3_ci90_high,nDCG@3_ci95_low,nDCG@3_ci95_high,nDCG@5,nDCG@5_std,nDCG@5_stderr,nDCG@5_ci90_low,nDCG@5_ci90_high,nDCG@5_ci95_low,nDCG@5_ci95_high,nDCG@10,nDCG@10_std,nDCG@10_stderr,nDCG@10_ci90_low,nDCG@10_ci90_high,nDCG@10_ci95_low,nDCG@10_ci95_high,nDCG@100,nDCG@100_std,nDCG@100_stderr,nDCG@100_ci90_low,nDCG@100_ci90_high,nDCG@100_ci95_low,nDCG@100_ci95_high,RR@1,RR@3,RR@5,RR@10,RR@100,P@1,P@3,P@5,P@10,P@100,R@1,R@3,R@5,R@10,R@100,AP
0.158355795148248,0.3651973557656661,0.009480051003047064,0.1427527520804974,0.17395883821599858,0.1397600597353864,0.17695153056110957,0.235474241555224,0.3815207951351187,0.009903786376056864,0.21917378016427283,0.2517747029461752,0.21604732170263447,0.25490116140781355,0.265829980983224,0.3783346276354492,0.00982107758881006,0.2496656484769253,0.28199431348952275,0.24656529978562333,0.2850946621808247,0.2987380978885172,0.36772340329853626,0.009545623929766435,0.28302712953646675,0.3144490662405676,0.2800137369234167,0.3174624588536177,0.36225807125935605,0.3288568233235978,0.008536697784329472,0.348207676051308,0.3763084664674041,0.34551278442008393,0.3790033580986282,0.158355795148248,0.21866576819407016,0.23544474393530973,0.24906489325289854,0.2609398892412107,0.158355795148248,0.10017969451931708,0.07547169811320824,0.04831536388140175,0.008092991913746492,0.15521114106019768,0.2913858939802336,0.3647237196765499,0.4661388140161725,0.7684748427672955,0.25736789381618047
