{
  "nDCG@1": 0.15296495956873316,
  "nDCG@1_std": 0.36007505977253396,
  "nDCG@1_stderr": 0.009347082824332333,
  "nDCG@1_ci90_low": 0.1375807664015221,
  "nDCG@1_ci90_high": 0.16834915273594422,
  "nDCG@1_ci95_low": 0.13463004986966937,
  "nDCG@1_ci95_high": 0.17129986926779694,
  "nDCG@3": 0.22747891443510695,
  "nDCG@3_std": 0.37636935605305577,
  "nDCG@3_stderr": 0.009770061680447669,
  "nDCG@3_ci90_low": 0.21139854808205605,
  "nDCG@3_ci90_high": 0.24355928078815786,
  "nDCG@3_ci95_low": 0.20831430425331082,
  "nDCG@3_ci95_high": 0.2466435246169031,
  "nDCG@5": 0.25783051397399886,
  "nDCG@5_std": 0.37400718263852345,
  "nDCG@5_stderr": 0.009708742713882704,
  "nDCG@5_ci90_low": 0.24185107138980483,
  "nDCG@5_ci90_high": 0.2738099565581929,
  "nDCG@5_ci95_low": 0.23878618492546516,
  "nDCG@5_ci95_high": 0.27687484302253257,
  "nDCG@10": 0.2904735957756509,
  "nDCG@10_std": 0.3643419734753528,
  "nDCG@10_stderr": 0.009457846385156904,
  "nDCG@10_ci90_low": 0.2749070988835624,
  "nDCG@10_ci90_high": 0.3060400926677394,
  "nDCG@10_ci95_low": 0.2719214161621301,
  "nDCG@10_ci95_high": 0.3090257753891717,
  "nDCG@100": 0.35162366747345897,
  "nDCG@100_std": 0.3281427834014994,
  "nDCG@100_stderr": 0.008518162231503488,
  "nDCG@100_ci90_low": 0.33760377959379295,
  "nDCG@100_ci90_high": 0.365643555353125,
  "nDCG@100_ci95_low": 0.3349147393242374,
  "nDCG@100_ci95_high": 0.36833259562268056,
  "RR@1": 0.1522911051212938,
  "RR@3": 0.21125336927223715,
  "RR@5": 0.22823450134770865,
  "RR@10": 0.24188406494673323,
  "RR@100": 0.25305350731419896,
  "P@1": 0.15296495956873316,
  "P@3": 0.09703504043126668,
  "P@5": 0.07331536388140228,
  "P@10": 0.04716981132075491,
  "P@100": 0.007877358490565903,
  "R@1": 0.14897798742138366,
  "R@3": 0.2829627133872417,
  "R@5": 0.35528975741239893,
  "R@10": 0.45412174303683733,
  "R@100": 0.7485961365678345,
  "AP": 0.24913012487525688
}