{
  "nDCG@1": 0.16037735849056603,
  "nDCG@1_std": 0.3670793666436996,
  "nDCG@1_stderr": 0.009528905571215118,
  "nDCG@1_ci90_low": 0.14469390657997933,
  "nDCG@1_ci90_high": 0.17606081040115273,
  "nDCG@1_ci95_low": 0.14168579167098833,
  "nDCG@1_ci95_high": 0.17906892531014373,
  "nDCG@3": 0.23843485796163094,
  "nDCG@3_std": 0.3822934854074428,
  "nDCG@3_stderr": 0.009923844416115322,
  "nDCG@3_ci90_low": 0.22210138340832586,
  "nDCG@3_ci90_high": 0.254768332514936,
  "nDCG@3_ci95_low": 0.21896859296145643,
  "nDCG@3_ci95_high": 0.25790112296180545,
  "nDCG@5": 0.26759184674184616,
  "nDCG@5_std": 0.3788928222786846,
  "nDCG@5_stderr": 0.009835567599769763,
  "nDCG@5_ci90_low": 0.25140366539074865,
  "nDCG@5_ci90_high": 0.28378002809294367,
  "nDCG@5_ci95_low": 0.24829874244717043,
  "nDCG@5_ci95_high": 0.2868849510365219,
  "nDCG@10": 0.30170268176450177,
  "nDCG@10_std": 0.3680989474088878,
  "nDCG@10_stderr": 0.00955537256913586,
  "nDCG@10_ci90_low": 0.28597566830468935,
  "nDCG@10_ci90_high": 0.3174296952243142,
  "nDCG@10_ci95_low": 0.2829591982104731,
  "nDCG@10_ci95_high": 0.32044616531853043,
  "nDCG@100": 0.36351956393293544,
  "nDCG@100_std": 0.32988901701333606,
  "nDCG@100_stderr": 0.008563492197457757,
  "nDCG@100_ci90_low": 0.3494250682889423,
  "nDCG@100_ci90_high": 0.37761405957692856,
  "nDCG@100_ci95_low": 0.34672171811302954,
  "nDCG@100_ci95_high": 0.38031740975284134,
  "RR@1": 0.1597035040431267,
  "RR@3": 0.2210242587601078,
  "RR@5": 0.23736522911051186,
  "RR@10": 0.25173383818936373,
  "RR@100": 0.26297124481755213,
  "P@1": 0.16037735849056603,
  "P@3": 0.10197663971248876,
  "P@5": 0.075741239892184,
  "P@10": 0.048854447439353195,
  "P@100": 0.008072776280323312,
  "R@1": 0.15672731356693623,
  "R@3": 0.2961028751123091,
  "R@5": 0.3665206648697215,
  "R@10": 0.4706311769991015,
  "R@100": 0.7664532794249774,
  "AP": 0.2590924429996869
}