nDCG@1,nDCG@1_std,nDCG@1_stderr,nDCG@1_ci90_low,nDCG@1_ci90_high,nDCG@1_ci95_low,nDCG@1_ci95_high,nDCG@3,nDCG@3_std,nDCG@3_stderr,nDCG@3_ci90_low,nDCG@3_ci90_high,nDCG@3_ci95_low,nDCG@3_ci95_high,nDCG@5,nDCG@5_std,nDCG@5_stderr,nDCG@5_ci90_low,nDCG@5_ci90_high,nDCG@5_ci95_low,nDCG@5_ci95_high,nDCG@10,nDCG@10_std,nDCG@10_stderr,nDCG@10_ci90_low,nDCG@10_ci90_high,nDCG@10_ci95_low,nDCG@10_ci95_high,nDCG@100,nDCG@100_std,nDCG@100_stderr,nDCG@100_ci90_low,nDCG@100_ci90_high,nDCG@100_ci95_low,nDCG@100_ci95_high,RR@1,RR@3,RR@5,RR@10,RR@100,P@1,P@3,P@5,P@10,P@100,R@1,R@3,R@5,R@10,R@100,AP
0.15566037735849056,0.36265527548943227,0.009414061887047001,0.14016594457338727,0.17115481014359385,0.13719408388015775,0.17412667083682337,0.23300990934769147,0.37906168155891784,0.00983995096827908,0.21681451349029957,0.24920530520508338,0.21370820679115088,0.25231161190423207,0.2642328366550376,0.37606476699597013,0.009762154942486525,0.2481654838578097,0.28030018945226554,0.24508373605299552,0.2833819372570797,0.2968748800897597,0.36569686179949107,0.009493017533615344,0.2812504956458044,0.312499264533715,0.27825370998550325,0.31549605019401616,0.3578039001847356,0.3287872378530511,0.008534891435517142,0.3437564780132572,0.37185132235621404,0.3410621566159129,0.37454564375355837,0.15498652291105122,0.2160826594788859,0.2337713387241686,0.2473770483035978,0.258347208909536,0.15566037735849056,0.09928122192273124,0.07533692722372036,0.04818059299191388,0.007964959568733018,0.15167340521114106,0.28970125786163525,0.3643867924528302,0.46389263252470797,0.7576931716082659,0.25440186480963006
