nDCG@1,nDCG@1_std,nDCG@1_stderr,nDCG@1_ci90_low,nDCG@1_ci90_high,nDCG@1_ci95_low,nDCG@1_ci95_high,nDCG@3,nDCG@3_std,nDCG@3_stderr,nDCG@3_ci90_low,nDCG@3_ci90_high,nDCG@3_ci95_low,nDCG@3_ci95_high,nDCG@5,nDCG@5_std,nDCG@5_stderr,nDCG@5_ci90_low,nDCG@5_ci90_high,nDCG@5_ci95_low,nDCG@5_ci95_high,nDCG@10,nDCG@10_std,nDCG@10_stderr,nDCG@10_ci90_low,nDCG@10_ci90_high,nDCG@10_ci95_low,nDCG@10_ci95_high,nDCG@100,nDCG@100_std,nDCG@100_stderr,nDCG@100_ci90_low,nDCG@100_ci90_high,nDCG@100_ci95_low,nDCG@100_ci95_high,RR@1,RR@3,RR@5,RR@10,RR@100,P@1,P@3,P@5,P@10,P@100,R@1,R@3,R@5,R@10,R@100,AP
0.12735849056603774,0.33348650195753826,0.008656878253559474,0.11311029251529447,0.141606688616781,0.11037746193519969,0.14433951919687577,0.19255047182322838,0.3558930336993513,0.009238522836577976,0.17734495556016278,0.20775598808629397,0.17442850958700573,0.21067243405945102,0.21580078961368301,0.3564587050214772,0.00925320693245121,0.20057110506499876,0.23103047416236727,0.19765002357022898,0.23395155565713704,0.24902119701828723,0.3498434931692906,0.009081484588998835,0.2340741471431634,0.26396824689341103,0.23120727549837958,0.26683511853819486,0.3115634833775088,0.3185638315603408,0.008269505031290396,0.297952855849162,0.3251741109058556,0.29534231246737586,0.3277846542876417,0.12735849056603774,0.17834681042228226,0.19131850853548965,0.20526515637701617,0.21706078901371656,0.12735849056603774,0.08243486073674712,0.06105121293800588,0.04123989218328881,0.007311320754716859,0.12522461814914645,0.24022911051212942,0.29582210242587603,0.39734950584007195,0.6960916442048517,0.21375588485964708
