{
  "nDCG@1": 0.15566037735849056,
  "nDCG@1_std": 0.36265527548943227,
  "nDCG@1_stderr": 0.009414061887047001,
  "nDCG@1_ci90_low": 0.14016594457338727,
  "nDCG@1_ci90_high": 0.17115481014359385,
  "nDCG@1_ci95_low": 0.13719408388015775,
  "nDCG@1_ci95_high": 0.17412667083682337,
  "nDCG@3": 0.23300990934769147,
  "nDCG@3_std": 0.37906168155891784,
  "nDCG@3_stderr": 0.00983995096827908,
  "nDCG@3_ci90_low": 0.21681451349029957,
  "nDCG@3_ci90_high": 0.24920530520508338,
  "nDCG@3_ci95_low": 0.21370820679115088,
  "nDCG@3_ci95_high": 0.25231161190423207,
  "nDCG@5": 0.2642328366550376,
  "nDCG@5_std": 0.37606476699597013,
  "nDCG@5_stderr": 0.009762154942486525,
  "nDCG@5_ci90_low": 0.2481654838578097,
  "nDCG@5_ci90_high": 0.28030018945226554,
  "nDCG@5_ci95_low": 0.24508373605299552,
  "nDCG@5_ci95_high": 0.2833819372570797,
  "nDCG@10": 0.2968748800897597,
  "nDCG@10_std": 0.36569686179949107,
  "nDCG@10_stderr": 0.009493017533615344,
  "nDCG@10_ci90_low": 0.2812504956458044,
  "nDCG@10_ci90_high": 0.312499264533715,
  "nDCG@10_ci95_low": 0.27825370998550325,
  "nDCG@10_ci95_high": 0.31549605019401616,
  "nDCG@100": 0.3578039001847356,
  "nDCG@100_std": 0.3287872378530511,
  "nDCG@100_stderr": 0.008534891435517142,
  "nDCG@100_ci90_low": 0.3437564780132572,
  "nDCG@100_ci90_high": 0.37185132235621404,
  "nDCG@100_ci95_low": 0.3410621566159129,
  "nDCG@100_ci95_high": 0.37454564375355837,
  "RR@1": 0.15498652291105122,
  "RR@3": 0.2160826594788859,
  "RR@5": 0.2337713387241686,
  "RR@10": 0.2473770483035978,
  "RR@100": 0.258347208909536,
  "P@1": 0.15566037735849056,
  "P@3": 0.09928122192273124,
  "P@5": 0.07533692722372036,
  "P@10": 0.04818059299191388,
  "P@100": 0.007964959568733018,
  "R@1": 0.15167340521114106,
  "R@3": 0.28970125786163525,
  "R@5": 0.3643867924528302,
  "R@10": 0.46389263252470797,
  "R@100": 0.7576931716082659,
  "AP": 0.25440186480963006
}