{
  "nDCG@1": 0.14690026954177898,
  "nDCG@1_std": 0.3541258040932268,
  "nDCG@1_stderr": 0.00919264784176858,
  "nDCG@1_ci90_low": 0.131770258096094,
  "nDCG@1_ci90_high": 0.16203028098746397,
  "nDCG@1_ci95_low": 0.128868294085719,
  "nDCG@1_ci95_high": 0.16493224499783896,
  "nDCG@3": 0.21780606046254375,
  "nDCG@3_std": 0.3726942676400984,
  "nDCG@3_stderr": 0.009674661138670748,
  "nDCG@3_ci90_low": 0.20188271212147965,
  "nDCG@3_ci90_high": 0.23372940880360785,
  "nDCG@3_ci95_low": 0.19882858463609623,
  "nDCG@3_ci95_high": 0.23678353628899126,
  "nDCG@5": 0.24502015776324515,
  "nDCG@5_std": 0.37101753295530604,
  "nDCG@5_stderr": 0.009631135274971425,
  "nDCG@5_ci90_low": 0.2291684478475063,
  "nDCG@5_ci90_high": 0.26087186767898396,
  "nDCG@5_ci95_low": 0.22612806074380076,
  "nDCG@5_ci95_high": 0.26391225478268954,
  "nDCG@10": 0.2797550680135087,
  "nDCG@10_std": 0.36172484375230113,
  "nDCG@10_stderr": 0.009389909082587715,
  "nDCG@10_ci90_low": 0.2643003878888145,
  "nDCG@10_ci90_high": 0.2952097481382029,
  "nDCG@10_ci95_low": 0.261336151828933,
  "nDCG@10_ci95_high": 0.2981739841980844,
  "nDCG@100": 0.34506802197681186,
  "nDCG@100_std": 0.3241778475758229,
  "nDCG@100_stderr": 0.00841523762578608,
  "nDCG@100_ci90_low": 0.3312175358287635,
  "nDCG@100_ci90_high": 0.3589185081248602,
  "nDCG@100_ci95_low": 0.32856098712276127,
  "nDCG@100_ci95_high": 0.36157505683086244,
  "RR@1": 0.14690026954177898,
  "RR@3": 0.20215633423180596,
  "RR@5": 0.21745283018867909,
  "RR@10": 0.23207761091858115,
  "RR@100": 0.24421467659825136,
  "P@1": 0.14690026954177898,
  "P@3": 0.09231805929919107,
  "P@5": 0.0692722371967661,
  "P@10": 0.04568733153638842,
  "P@100": 0.007911051212937871,
  "R@1": 0.14409254267744834,
  "R@3": 0.2693171608265948,
  "R@5": 0.33440026954177904,
  "R@10": 0.4406446540880503,
  "R@100": 0.752920035938904,
  "AP": 0.24092917650611848
}