{
  "nDCG@1": 0.14487870619946092,
  "nDCG@3": 0.21653184019799127,
  "nDCG@5": 0.24859748569741902,
  "nDCG@10": 0.2790323524614044,
  "nDCG@100": 0.34183851698684864,
  "RR@1": 0.14487870619946092,
  "RR@3": 0.20137017070979338,
  "RR@5": 0.2194631626235397,
  "RR@10": 0.23213831129936227,
  "RR@100": 0.2438603292346634,
  "P@1": 0.14487870619946092,
  "P@3": 0.09276729559748396,
  "P@5": 0.07183288409703568,
  "P@10": 0.04568733153638842,
  "P@100": 0.007789757412398788,
  "R@1": 0.14066711590296496,
  "R@3": 0.2707210242587601,
  "R@5": 0.34804582210242585,
  "R@10": 0.44070080862533695,
  "R@100": 0.7407345013477089,
  "AP": 0.23954651272583424
}