{
  "nDCG@1": 0.12601078167115903,
  "nDCG@1_std": 0.33197338386950576,
  "nDCG@1_stderr": 0.008617599665087477,
  "nDCG@1_ci90_low": 0.11182723153289767,
  "nDCG@1_ci90_high": 0.1401943318094204,
  "nDCG@1_ci95_low": 0.109106800541266,
  "nDCG@1_ci95_high": 0.1429147628010521,
  "nDCG@3": 0.19947022611305418,
  "nDCG@3_std": 0.35496006090504917,
  "nDCG@3_stderr": 0.009214304069561178,
  "nDCG@3_ci90_low": 0.1843045710769682,
  "nDCG@3_ci90_high": 0.21463588114914015,
  "nDCG@3_ci95_low": 0.18139577056042697,
  "nDCG@3_ci95_high": 0.2175446816656814,
  "nDCG@5": 0.23112920938927684,
  "nDCG@5_std": 0.35466965769979514,
  "nDCG@5_stderr": 0.009206765577965353,
  "nDCG@5_ci90_low": 0.21597596181903653,
  "nDCG@5_ci90_high": 0.24628245695951714,
  "nDCG@5_ci95_low": 0.21306954107725443,
  "nDCG@5_ci95_high": 0.24918887770129924,
  "nDCG@10": 0.2639964957942581,
  "nDCG@10_std": 0.3468621992836586,
  "nDCG@10_stderr": 0.009004094055785339,
  "nDCG@10_ci90_low": 0.249176821586457,
  "nDCG@10_ci90_high": 0.2788161700020592,
  "nDCG@10_ci95_low": 0.24633438082883374,
  "nDCG@10_ci95_high": 0.28165861075968246,
  "nDCG@100": 0.33043028034951605,
  "nDCG@100_std": 0.3098141438359473,
  "nDCG@100_stderr": 0.008042374454963853,
  "nDCG@100_ci90_low": 0.317193482894793,
  "nDCG@100_ci90_high": 0.3436670778042391,
  "nDCG@100_ci95_low": 0.31465464080837907,
  "nDCG@100_ci95_high": 0.346205919890653,
  "RR@1": 0.12601078167115903,
  "RR@3": 0.18396226415094347,
  "RR@5": 0.20131401617250658,
  "RR@10": 0.21491571471355814,
  "RR@100": 0.22732845808904995,
  "P@1": 0.12601078167115903,
  "P@3": 0.08737646001796899,
  "P@5": 0.06819407008086313,
  "P@10": 0.044609164420485514,
  "P@100": 0.00787061994609151,
  "R@1": 0.1228661275831087,
  "R@3": 0.25376235399820307,
  "R@5": 0.33024483378256964,
  "R@10": 0.4309860736747529,
  "R@100": 0.7497753818508535,
  "AP": 0.2239113908455706
}