nDCG@1,nDCG@3,nDCG@5,nDCG@10,nDCG@100,RR@1,RR@3,RR@5,RR@10,RR@100,P@1,P@3,P@5,P@10,P@100,R@1,R@3,R@5,R@10,R@100,AP
0.14420485175202155,0.2133651536366051,0.2449083927838212,0.2769016955332112,0.3383165950306687,0.14420485175202155,0.19878706199460922,0.21630727762803206,0.22983116202455803,0.2413142686670849,0.14420485175202155,0.09097035040431231,0.07035040431266909,0.04548517520215662,0.007708894878706067,0.1399932614555256,0.26566711590296493,0.3419811320754717,0.4393530997304582,0.7333782569631627,0.23712996289972346
