nDCG@1,nDCG@3,nDCG@5,nDCG@10,nDCG@100,RR@1,RR@3,RR@5,RR@10,RR@100,P@1,P@3,P@5,P@10,P@100,R@1,R@3,R@5,R@10,R@100,AP
0.12735849056603774,0.19910786065934655,0.22926177155794947,0.2629026449286625,0.3286153346024392,0.12735849056603774,0.18384995507637023,0.20049415992812197,0.21457798528216288,0.22665346814471224,0.12735849056603774,0.08670260557052961,0.06711590296496016,0.04427223719676585,0.007816711590296361,0.1241015274034142,0.2525269541778976,0.3251909254267745,0.4279537286612758,0.7443845462713387,0.22316164425791415
