nDCG@1,nDCG@3,nDCG@5,nDCG@10,nDCG@100,RR@1,RR@3,RR@5,RR@10,RR@100,P@1,P@3,P@5,P@10,P@100,R@1,R@3,R@5,R@10,R@100,AP
0.13005390835579514,0.20675975051825315,0.23763985438427707,0.27125930646282054,0.3380971903491272,0.13005390835579514,0.19070080862533698,0.2074460916442047,0.2214101206520341,0.23400633855354655,0.13005390835579514,0.09074573225516584,0.0698113207547176,0.045619946091644485,0.00799191374663059,0.1272461814914645,0.2626347708894879,0.33765723270440257,0.44098158131176995,0.7607255166217429,0.2304246476716711
