nDCG@1,nDCG@3,nDCG@5,nDCG@10,nDCG@100,RR@1,RR@3,RR@5,RR@10,RR@100,P@1,P@3,P@5,P@10,P@100,R@1,R@3,R@5,R@10,R@100,AP
0.1408355795148248,0.2153408415177098,0.2470113518620592,0.2784860588495565,0.34267648771155235,0.1408355795148248,0.19946091644204866,0.21711590296495947,0.23023788131604828,0.24239375696751655,0.1408355795148248,0.09276729559748396,0.07169811320754782,0.04595687331536414,0.007884097035040295,0.1369047619047619,0.27055256064690025,0.3470350404312669,0.44339622641509435,0.7492138364779876,0.2385187184865338
