nDCG@1,nDCG@1_std,nDCG@1_stderr,nDCG@1_ci90_low,nDCG@1_ci90_high,nDCG@1_ci95_low,nDCG@1_ci95_high,nDCG@3,nDCG@3_std,nDCG@3_stderr,nDCG@3_ci90_low,nDCG@3_ci90_high,nDCG@3_ci95_low,nDCG@3_ci95_high,nDCG@5,nDCG@5_std,nDCG@5_stderr,nDCG@5_ci90_low,nDCG@5_ci90_high,nDCG@5_ci95_low,nDCG@5_ci95_high,nDCG@10,nDCG@10_std,nDCG@10_stderr,nDCG@10_ci90_low,nDCG@10_ci90_high,nDCG@10_ci95_low,nDCG@10_ci95_high,nDCG@100,nDCG@100_std,nDCG@100_stderr,nDCG@100_ci90_low,nDCG@100_ci90_high,nDCG@100_ci95_low,nDCG@100_ci95_high,RR@1,RR@3,RR@5,RR@10,RR@100,P@1,P@3,P@5,P@10,P@100,R@1,R@3,R@5,R@10,R@100,AP
0.12735849056603774,0.33348650195753826,0.008656878253559474,0.11311029251529447,0.141606688616781,0.11037746193519969,0.14433951919687577,0.19910786065934655,0.3556870933499858,0.009233176891475287,0.18391114318983684,0.21430457812885625,0.18099638484145958,0.21721933647723352,0.22926177155794947,0.355362347556039,0.009224746910696302,0.2140789288400748,0.24444461427582415,0.21116683169456854,0.2473567114213304,0.2629026449286625,0.3476182389221413,0.009023719866925494,0.248050668956202,0.277754620901123,0.24520203266073334,0.2806032571965916,0.3286153346024392,0.3113927094943466,0.008083351977711544,0.31531109299029164,0.34191957621458674,0.312759314990494,0.3444713542143844,0.12735849056603774,0.18384995507637023,0.20049415992812197,0.21457798528216288,0.22665346814471224,0.12735849056603774,0.08670260557052961,0.06711590296496016,0.04427223719676585,0.007816711590296361,0.1241015274034142,0.2525269541778976,0.3251909254267745,0.4279537286612758,0.7443845462713387,0.22316164425791415
