{
  "nDCG@1": 0.12601078167115903,
  "nDCG@3": 0.19947022611305418,
  "nDCG@5": 0.23112920938927684,
  "nDCG@10": 0.2639964957942581,
  "nDCG@100": 0.33043028034951605,
  "RR@1": 0.12601078167115903,
  "RR@3": 0.18396226415094347,
  "RR@5": 0.20131401617250658,
  "RR@10": 0.21491571471355814,
  "RR@100": 0.22732845808904995,
  "P@1": 0.12601078167115903,
  "P@3": 0.08737646001796899,
  "P@5": 0.06819407008086313,
  "P@10": 0.044609164420485514,
  "P@100": 0.00787061994609151,
  "R@1": 0.1228661275831087,
  "R@3": 0.25376235399820307,
  "R@5": 0.33024483378256964,
  "R@10": 0.4309860736747529,
  "R@100": 0.7497753818508535,
  "AP": 0.2239113908455706
}