{
  "nDCG@1": 0.13005390835579514,
  "nDCG@1_std": 0.33647612174407304,
  "nDCG@1_stderr": 0.00873448491639154,
  "nDCG@1_ci90_low": 0.1156779789139313,
  "nDCG@1_ci90_high": 0.14442983779765897,
  "nDCG@1_ci95_low": 0.11292064921819754,
  "nDCG@1_ci95_high": 0.14718716749339272,
  "nDCG@3": 0.20675975051825315,
  "nDCG@3_std": 0.3595520926077164,
  "nDCG@3_stderr": 0.009333507273148522,
  "nDCG@3_ci90_low": 0.1913979011031718,
  "nDCG@3_ci90_high": 0.2221215999333345,
  "nDCG@3_ci95_low": 0.1884514701440545,
  "nDCG@3_ci95_high": 0.2250680308924518,
  "nDCG@5": 0.23763985438427707,
  "nDCG@5_std": 0.35878042151659184,
  "nDCG@5_stderr": 0.009313475689715776,
  "nDCG@5_ci90_low": 0.22231097458707183,
  "nDCG@5_ci90_high": 0.2529687341814823,
  "nDCG@5_ci95_low": 0.21937086726127464,
  "nDCG@5_ci95_high": 0.2559088415072795,
  "nDCG@10": 0.27125930646282054,
  "nDCG@10_std": 0.35014380337651024,
  "nDCG@10_stderr": 0.009089280253551798,
  "nDCG@10_ci90_low": 0.2562994258455707,
  "nDCG@10_ci90_high": 0.2862191870800704,
  "nDCG@10_ci95_low": 0.25343009324085897,
  "nDCG@10_ci95_high": 0.2890885196847821,
  "nDCG@100": 0.3380971903491272,
  "nDCG@100_std": 0.3115084691239811,
  "nDCG@100_stderr": 0.008086356947971331,
  "nDCG@100_ci90_low": 0.32478800291122767,
  "nDCG@100_ci90_high": 0.35140637778702677,
  "nDCG@100_ci95_low": 0.3222352762929584,
  "nDCG@100_ci95_high": 0.35395910440529604,
  "RR@1": 0.13005390835579514,
  "RR@3": 0.19070080862533698,
  "RR@5": 0.2074460916442047,
  "RR@10": 0.2214101206520341,
  "RR@100": 0.23400633855354655,
  "P@1": 0.13005390835579514,
  "P@3": 0.09074573225516584,
  "P@5": 0.0698113207547176,
  "P@10": 0.045619946091644485,
  "P@100": 0.00799191374663059,
  "R@1": 0.1272461814914645,
  "R@3": 0.2626347708894879,
  "R@5": 0.33765723270440257,
  "R@10": 0.44098158131176995,
  "R@100": 0.7607255166217429,
  "AP": 0.2304246476716711
}