nDCG@1,nDCG@3,nDCG@5,nDCG@10,nDCG@100,RR@1,RR@3,RR@5,RR@10,RR@100,P@1,P@3,P@5,P@10,P@100,R@1,R@3,R@5,R@10,R@100,AP
0.14487870619946092,0.21653184019799127,0.24859748569741902,0.2790323524614044,0.34183851698684864,0.14487870619946092,0.20137017070979338,0.2194631626235397,0.23213831129936227,0.2438603292346634,0.14487870619946092,0.09276729559748396,0.07183288409703568,0.04568733153638842,0.007789757412398788,0.14066711590296496,0.2707210242587601,0.34804582210242585,0.44070080862533695,0.7407345013477089,0.23954651272583424
