{
  "nDCG@1": 0.13679245283018868,
  "nDCG@3": 0.20554687305176866,
  "nDCG@5": 0.23948826987521363,
  "nDCG@10": 0.2745416984063374,
  "nDCG@100": 0.33944328625424064,
  "RR@1": 0.13679245283018868,
  "RR@3": 0.19171159029649606,
  "RR@5": 0.21041105121293782,
  "RR@10": 0.22523023360287472,
  "RR@100": 0.2375256205464786,
  "P@1": 0.13679245283018868,
  "P@3": 0.0878256963162619,
  "P@5": 0.0698113207547176,
  "P@10": 0.045956873315364154,
  "P@100": 0.00793126684636105,
  "R@1": 0.13319856244384545,
  "R@3": 0.2555031446540881,
  "R@5": 0.33732030548068287,
  "R@10": 0.44412623539982027,
  "R@100": 0.7534254267744834,
  "AP": 0.233549482363545
}