{
  "nDCG@1": 0.14420485175202155,
  "nDCG@1_std": 0.35141574923428,
  "nDCG@1_stderr": 0.009122298322862543,
  "nDCG@1_ci90_low": 0.12919062729661052,
  "nDCG@1_ci90_high": 0.15921907620743259,
  "nDCG@1_ci95_low": 0.1263108714438335,
  "nDCG@1_ci95_high": 0.1620988320602096,
  "nDCG@3": 0.2133651536366051,
  "nDCG@3_std": 0.36821038847860765,
  "nDCG@3_stderr": 0.009558265435165962,
  "nDCG@3_ci90_low": 0.19763337886134802,
  "nDCG@3_ci90_high": 0.2290969284118622,
  "nDCG@3_ci95_low": 0.19461599553807626,
  "nDCG@3_ci95_high": 0.23211431173513394,
  "nDCG@5": 0.2449083927838212,
  "nDCG@5_std": 0.36639048001576235,
  "nDCG@5_stderr": 0.009511022965371848,
  "nDCG@5_ci90_low": 0.2292543735280848,
  "nDCG@5_ci90_high": 0.2605624120395576,
  "nDCG@5_ci95_low": 0.22625190385640326,
  "nDCG@5_ci95_high": 0.26356488171123915,
  "nDCG@10": 0.2769016955332112,
  "nDCG@10_std": 0.3576355399345121,
  "nDCG@10_stderr": 0.009283756044654793,
  "nDCG@10_ci90_low": 0.26162173075784456,
  "nDCG@10_ci90_high": 0.29218166030857784,
  "nDCG@10_ci95_low": 0.25869100542316165,
  "nDCG@10_ci95_high": 0.29511238564326076,
  "nDCG@100": 0.3383165950306687,
  "nDCG@100_std": 0.32302191172027406,
  "nDCG@100_stderr": 0.008385231026083628,
  "nDCG@100_ci90_low": 0.3245154961978704,
  "nDCG@100_ci90_high": 0.352117693863467,
  "nDCG@100_ci95_low": 0.321868420069727,
  "nDCG@100_ci95_high": 0.3547647699916104,
  "RR@1": 0.14420485175202155,
  "RR@3": 0.19878706199460922,
  "RR@5": 0.21630727762803206,
  "RR@10": 0.22983116202455803,
  "RR@100": 0.2413142686670849,
  "P@1": 0.14420485175202155,
  "P@3": 0.09097035040431231,
  "P@5": 0.07035040431266909,
  "P@10": 0.04548517520215662,
  "P@100": 0.007708894878706067,
  "R@1": 0.1399932614555256,
  "R@3": 0.26566711590296493,
  "R@5": 0.3419811320754717,
  "R@10": 0.4393530997304582,
  "R@100": 0.7333782569631627,
  "AP": 0.23712996289972346
}