nDCG@1,nDCG@1_std,nDCG@1_stderr,nDCG@1_ci90_low,nDCG@1_ci90_high,nDCG@1_ci95_low,nDCG@1_ci95_high,nDCG@3,nDCG@3_std,nDCG@3_stderr,nDCG@3_ci90_low,nDCG@3_ci90_high,nDCG@3_ci95_low,nDCG@3_ci95_high,nDCG@5,nDCG@5_std,nDCG@5_stderr,nDCG@5_ci90_low,nDCG@5_ci90_high,nDCG@5_ci95_low,nDCG@5_ci95_high,nDCG@10,nDCG@10_std,nDCG@10_stderr,nDCG@10_ci90_low,nDCG@10_ci90_high,nDCG@10_ci95_low,nDCG@10_ci95_high,nDCG@100,nDCG@100_std,nDCG@100_stderr,nDCG@100_ci90_low,nDCG@100_ci90_high,nDCG@100_ci95_low,nDCG@100_ci95_high,RR@1,RR@3,RR@5,RR@10,RR@100,P@1,P@3,P@5,P@10,P@100,R@1,R@3,R@5,R@10,R@100,AP
0.12601078167115903,0.33197338386950576,0.008617599665087477,0.11182723153289767,0.1401943318094204,0.109106800541266,0.1429147628010521,0.19947022611305418,0.35496006090504917,0.009214304069561178,0.1843045710769682,0.21463588114914015,0.18139577056042697,0.2175446816656814,0.23112920938927684,0.35466965769979514,0.009206765577965353,0.21597596181903653,0.24628245695951714,0.21306954107725443,0.24918887770129924,0.2639964957942581,0.3468621992836586,0.009004094055785339,0.249176821586457,0.2788161700020592,0.24633438082883374,0.28165861075968246,0.33043028034951605,0.3098141438359473,0.008042374454963853,0.317193482894793,0.3436670778042391,0.31465464080837907,0.346205919890653,0.12601078167115903,0.18396226415094347,0.20131401617250658,0.21491571471355814,0.22732845808904995,0.12601078167115903,0.08737646001796899,0.06819407008086313,0.044609164420485514,0.00787061994609151,0.1228661275831087,0.25376235399820307,0.33024483378256964,0.4309860736747529,0.7497753818508535,0.2239113908455706
