{
  "nDCG@1": 0.1408355795148248,
  "nDCG@3": 0.2153408415177098,
  "nDCG@5": 0.2470113518620592,
  "nDCG@10": 0.2784860588495565,
  "nDCG@100": 0.34267648771155235,
  "RR@1": 0.1408355795148248,
  "RR@3": 0.19946091644204866,
  "RR@5": 0.21711590296495947,
  "RR@10": 0.23023788131604828,
  "RR@100": 0.24239375696751655,
  "P@1": 0.1408355795148248,
  "P@3": 0.09276729559748396,
  "P@5": 0.07169811320754782,
  "P@10": 0.04595687331536414,
  "P@100": 0.007884097035040295,
  "R@1": 0.1369047619047619,
  "R@3": 0.27055256064690025,
  "R@5": 0.3470350404312669,
  "R@10": 0.44339622641509435,
  "R@100": 0.7492138364779876,
  "AP": 0.2385187184865338
}