nDCG@1,nDCG@1_std,nDCG@1_stderr,nDCG@1_ci90_low,nDCG@1_ci90_high,nDCG@1_ci95_low,nDCG@1_ci95_high,nDCG@3,nDCG@3_std,nDCG@3_stderr,nDCG@3_ci90_low,nDCG@3_ci90_high,nDCG@3_ci95_low,nDCG@3_ci95_high,nDCG@5,nDCG@5_std,nDCG@5_stderr,nDCG@5_ci90_low,nDCG@5_ci90_high,nDCG@5_ci95_low,nDCG@5_ci95_high,nDCG@10,nDCG@10_std,nDCG@10_stderr,nDCG@10_ci90_low,nDCG@10_ci90_high,nDCG@10_ci95_low,nDCG@10_ci95_high,nDCG@100,nDCG@100_std,nDCG@100_stderr,nDCG@100_ci90_low,nDCG@100_ci90_high,nDCG@100_ci95_low,nDCG@100_ci95_high,RR@1,RR@3,RR@5,RR@10,RR@100,P@1,P@3,P@5,P@10,P@100,R@1,R@3,R@5,R@10,R@100,AP
0.7095687331536388,0.454114422020187,0.011788223036130063,0.690166711828451,0.7289707544788265,0.686445368469502,0.7326920978377756,0.7885813749210663,0.35953700912689807,0.009333115725495715,0.7732201699471264,0.8039425798950062,0.7702738625930048,0.8068888872491278,0.8111236927882824,0.32307798574455865,0.008386686635226934,0.7973201981949396,0.8249271873816253,0.7946726625555195,0.8275747230210454,0.8244768942514681,0.29680171901135777,0.007704588737014737,0.8117960521500588,0.8371577363528774,0.8093638433224817,0.8395899451804545,0.8369512867403422,0.26659512434770494,0.006920464609282704,0.8255610202414833,0.8483415532392012,0.8233763461870762,0.8505262272936083,0.7095687331536388,0.7754941599281227,0.7867138364779882,0.7917861956103204,0.794491313077379,0.7095687331536388,0.2958221024258714,0.1893530997304539,0.0992587601078143,0.010525606469002507,0.6894092542677449,0.8433288409703504,0.8971810422282119,0.9366576819407008,0.9897237196765498,0.7888389159466692
