nDCG@1,nDCG@1_std,nDCG@1_stderr,nDCG@1_ci90_low,nDCG@1_ci90_high,nDCG@1_ci95_low,nDCG@1_ci95_high,nDCG@3,nDCG@3_std,nDCG@3_stderr,nDCG@3_ci90_low,nDCG@3_ci90_high,nDCG@3_ci95_low,nDCG@3_ci95_high,nDCG@5,nDCG@5_std,nDCG@5_stderr,nDCG@5_ci90_low,nDCG@5_ci90_high,nDCG@5_ci95_low,nDCG@5_ci95_high,nDCG@10,nDCG@10_std,nDCG@10_stderr,nDCG@10_ci90_low,nDCG@10_ci90_high,nDCG@10_ci95_low,nDCG@10_ci95_high,nDCG@100,nDCG@100_std,nDCG@100_stderr,nDCG@100_ci90_low,nDCG@100_ci90_high,nDCG@100_ci95_low,nDCG@100_ci95_high,RR@1,RR@3,RR@5,RR@10,RR@100,P@1,P@3,P@5,P@10,P@100,R@1,R@3,R@5,R@10,R@100,AP
0.7654986522911051,0.4238295779252295,0.01100206765437054,0.7473905497724296,0.7836067548097807,0.7439173824193167,0.7870799221628936,0.8284912170564787,0.3316213752028221,0.008608461975394516,0.8143227064750481,0.8426597276379092,0.8116051600980654,0.8453772740148919,0.8500983420393503,0.29179530512137253,0.007574628707813766,0.8376313987800523,0.8625652852986483,0.835240216143625,0.8649564679350756,0.8611389000528169,0.2665997264352988,0.006920584073524219,0.8497484369299413,0.8725293631756925,0.8475637251626865,0.8747140749429473,0.8696089468181672,0.2426283807614392,0.006298318944787421,0.8592426585230557,0.8799752351132788,0.8572543853706144,0.8819635082657201,0.7654986522911051,0.81929469901168,0.8296720575022465,0.8339018311727208,0.8356682638467514,0.7654986522911051,0.3061545372866078,0.19541778975740773,0.10148247978436403,0.010566037735848867,0.7431491464510334,0.8738207547169812,0.9249775381850852,0.9570417789757413,0.993766846361186,0.8296118633379793
