{
  "nDCG@1": 0.7095687331536388,
  "nDCG@1_std": 0.454114422020187,
  "nDCG@1_stderr": 0.011788223036130063,
  "nDCG@1_ci90_low": 0.690166711828451,
  "nDCG@1_ci90_high": 0.7289707544788265,
  "nDCG@1_ci95_low": 0.686445368469502,
  "nDCG@1_ci95_high": 0.7326920978377756,
  "nDCG@3": 0.7885813749210663,
  "nDCG@3_std": 0.35953700912689807,
  "nDCG@3_stderr": 0.009333115725495715,
  "nDCG@3_ci90_low": 0.7732201699471264,
  "nDCG@3_ci90_high": 0.8039425798950062,
  "nDCG@3_ci95_low": 0.7702738625930048,
  "nDCG@3_ci95_high": 0.8068888872491278,
  "nDCG@5": 0.8111236927882824,
  "nDCG@5_std": 0.32307798574455865,
  "nDCG@5_stderr": 0.008386686635226934,
  "nDCG@5_ci90_low": 0.7973201981949396,
  "nDCG@5_ci90_high": 0.8249271873816253,
  "nDCG@5_ci95_low": 0.7946726625555195,
  "nDCG@5_ci95_high": 0.8275747230210454,
  "nDCG@10": 0.8244768942514681,
  "nDCG@10_std": 0.29680171901135777,
  "nDCG@10_stderr": 0.007704588737014737,
  "nDCG@10_ci90_low": 0.8117960521500588,
  "nDCG@10_ci90_high": 0.8371577363528774,
  "nDCG@10_ci95_low": 0.8093638433224817,
  "nDCG@10_ci95_high": 0.8395899451804545,
  "nDCG@100": 0.8369512867403422,
  "nDCG@100_std": 0.26659512434770494,
  "nDCG@100_stderr": 0.006920464609282704,
  "nDCG@100_ci90_low": 0.8255610202414833,
  "nDCG@100_ci90_high": 0.8483415532392012,
  "nDCG@100_ci95_low": 0.8233763461870762,
  "nDCG@100_ci95_high": 0.8505262272936083,
  "RR@1": 0.7095687331536388,
  "RR@3": 0.7754941599281227,
  "RR@5": 0.7867138364779882,
  "RR@10": 0.7917861956103204,
  "RR@100": 0.794491313077379,
  "P@1": 0.7095687331536388,
  "P@3": 0.2958221024258714,
  "P@5": 0.1893530997304539,
  "P@10": 0.0992587601078143,
  "P@100": 0.010525606469002507,
  "R@1": 0.6894092542677449,
  "R@3": 0.8433288409703504,
  "R@5": 0.8971810422282119,
  "R@10": 0.9366576819407008,
  "R@100": 0.9897237196765498,
  "AP": 0.7888389159466692
}