{
  "nDCG@1": 0.6610512129380054,
  "nDCG@1_std": 0.4735119788757028,
  "nDCG@1_stderr": 0.01229175852296089,
  "nDCG@1_ci90_low": 0.6408204317375135,
  "nDCG@1_ci90_high": 0.6812819941384973,
  "nDCG@1_ci95_low": 0.6369401307108846,
  "nDCG@1_ci95_high": 0.6851622951651262,
  "nDCG@3": 0.7433576105740032,
  "nDCG@3_std": 0.3903236806966312,
  "nDCG@3_stderr": 0.010132297899428004,
  "nDCG@3_ci90_low": 0.7266810462338705,
  "nDCG@3_ci90_high": 0.7600341749141358,
  "nDCG@3_ci95_low": 0.7234824505351495,
  "nDCG@3_ci95_high": 0.7632327706128569,
  "nDCG@5": 0.7634189129689315,
  "nDCG@5_std": 0.36310543041778925,
  "nDCG@5_stderr": 0.009425747326748913,
  "nDCG@5_ci90_low": 0.7479052473317185,
  "nDCG@5_ci90_high": 0.7789325786061445,
  "nDCG@5_ci95_low": 0.7449296977420965,
  "nDCG@5_ci95_high": 0.7819081281957665,
  "nDCG@10": 0.7812620230396858,
  "nDCG@10_std": 0.3338380290691838,
  "nDCG@10_stderr": 0.008666003442706493,
  "nDCG@10_ci90_low": 0.7669988060065324,
  "nDCG@10_ci90_high": 0.7955252400728393,
  "nDCG@10_ci95_low": 0.7642630947580004,
  "nDCG@10_ci95_high": 0.7982609513213713,
  "nDCG@100": 0.7993011321479583,
  "nDCG@100_std": 0.29657101111456774,
  "nDCG@100_stderr": 0.007698599858415685,
  "nDCG@100_ci90_low": 0.786630147032622,
  "nDCG@100_ci90_high": 0.8119721172632945,
  "nDCG@100_ci95_low": 0.7841998287930948,
  "nDCG@100_ci95_high": 0.8144024355028218,
  "RR@1": 0.6610512129380054,
  "RR@3": 0.7289982030548072,
  "RR@5": 0.7395103324348618,
  "RR@10": 0.7464692166174649,
  "RR@100": 0.7501154566908169,
  "P@1": 0.6610512129380054,
  "P@3": 0.2807726864330599,
  "P@5": 0.17897574123988833,
  "P@10": 0.0954177897574102,
  "P@100": 0.010438005390835394,
  "R@1": 0.6419025157232704,
  "R@3": 0.8005390835579514,
  "R@5": 0.8479896675651392,
  "R@10": 0.9007187780772685,
  "R@100": 0.9809636118598383,
  "AP": 0.7444727212314324
}