nDCG@1,nDCG@1_std,nDCG@1_stderr,nDCG@1_ci90_low,nDCG@1_ci90_high,nDCG@1_ci95_low,nDCG@1_ci95_high,nDCG@3,nDCG@3_std,nDCG@3_stderr,nDCG@3_ci90_low,nDCG@3_ci90_high,nDCG@3_ci95_low,nDCG@3_ci95_high,nDCG@5,nDCG@5_std,nDCG@5_stderr,nDCG@5_ci90_low,nDCG@5_ci90_high,nDCG@5_ci95_low,nDCG@5_ci95_high,nDCG@10,nDCG@10_std,nDCG@10_stderr,nDCG@10_ci90_low,nDCG@10_ci90_high,nDCG@10_ci95_low,nDCG@10_ci95_high,nDCG@100,nDCG@100_std,nDCG@100_stderr,nDCG@100_ci90_low,nDCG@100_ci90_high,nDCG@100_ci95_low,nDCG@100_ci95_high,RR@1,RR@3,RR@5,RR@10,RR@100,P@1,P@3,P@5,P@10,P@100,R@1,R@3,R@5,R@10,R@100,AP
0.6745283018867925,0.4687087683363607,0.012167073389915857,0.6545027376730219,0.694553866100563,0.6506617976417182,0.6983948061318668,0.75833489789579,0.37862665703795634,0.009828658294383221,0.7421580884444301,0.7745117073471499,0.7390553466521278,0.7776144491394522,0.7777576827105398,0.35147685867645934,0.0091238846449415,0.7627408473565471,0.7927745180645325,0.7598605907286223,0.7956547746924573,0.7945832647832192,0.32199028173319194,0.008358451245947194,0.7808262423021914,0.8083402872642469,0.7781876200993479,0.8109789094670904,0.8114059443835444,0.28544691699508606,0.007409832763171299,0.7992102357643155,0.8236016530027733,0.7968710764304925,0.8259408123365963,0.6745283018867925,0.7437106918239,0.7534815813117708,0.7599805330937408,0.763526967050563,0.6745283018867925,0.286388140161721,0.18234501347708496,0.09676549865228884,0.010498652291104934,0.6547057502246181,0.817722371967655,0.8634883198562443,0.9138589398023359,0.9870283018867925,0.757661182143565
