{
  "nDCG@1": 0.6745283018867925,
  "nDCG@1_std": 0.4687087683363607,
  "nDCG@1_stderr": 0.012167073389915857,
  "nDCG@1_ci90_low": 0.6545027376730219,
  "nDCG@1_ci90_high": 0.694553866100563,
  "nDCG@1_ci95_low": 0.6506617976417182,
  "nDCG@1_ci95_high": 0.6983948061318668,
  "nDCG@3": 0.75833489789579,
  "nDCG@3_std": 0.37862665703795634,
  "nDCG@3_stderr": 0.009828658294383221,
  "nDCG@3_ci90_low": 0.7421580884444301,
  "nDCG@3_ci90_high": 0.7745117073471499,
  "nDCG@3_ci95_low": 0.7390553466521278,
  "nDCG@3_ci95_high": 0.7776144491394522,
  "nDCG@5": 0.7777576827105398,
  "nDCG@5_std": 0.35147685867645934,
  "nDCG@5_stderr": 0.0091238846449415,
  "nDCG@5_ci90_low": 0.7627408473565471,
  "nDCG@5_ci90_high": 0.7927745180645325,
  "nDCG@5_ci95_low": 0.7598605907286223,
  "nDCG@5_ci95_high": 0.7956547746924573,
  "nDCG@10": 0.7945832647832192,
  "nDCG@10_std": 0.32199028173319194,
  "nDCG@10_stderr": 0.008358451245947194,
  "nDCG@10_ci90_low": 0.7808262423021914,
  "nDCG@10_ci90_high": 0.8083402872642469,
  "nDCG@10_ci95_low": 0.7781876200993479,
  "nDCG@10_ci95_high": 0.8109789094670904,
  "nDCG@100": 0.8114059443835444,
  "nDCG@100_std": 0.28544691699508606,
  "nDCG@100_stderr": 0.007409832763171299,
  "nDCG@100_ci90_low": 0.7992102357643155,
  "nDCG@100_ci90_high": 0.8236016530027733,
  "nDCG@100_ci95_low": 0.7968710764304925,
  "nDCG@100_ci95_high": 0.8259408123365963,
  "RR@1": 0.6745283018867925,
  "RR@3": 0.7437106918239,
  "RR@5": 0.7534815813117708,
  "RR@10": 0.7599805330937408,
  "RR@100": 0.763526967050563,
  "P@1": 0.6745283018867925,
  "P@3": 0.286388140161721,
  "P@5": 0.18234501347708496,
  "P@10": 0.09676549865228884,
  "P@100": 0.010498652291104934,
  "R@1": 0.6547057502246181,
  "R@3": 0.817722371967655,
  "R@5": 0.8634883198562443,
  "R@10": 0.9138589398023359,
  "R@100": 0.9870283018867925,
  "AP": 0.757661182143565
}