{
  "nDCG@1": 0.7405660377358491,
  "nDCG@1_std": 0.4384718178892955,
  "nDCG@1_stderr": 0.011382161265309138,
  "nDCG@1_ci90_low": 0.7218323460743149,
  "nDCG@1_ci90_high": 0.7592997293973832,
  "nDCG@1_ci95_low": 0.7182391895735154,
  "nDCG@1_ci95_high": 0.7628928858981827,
  "nDCG@3": 0.8152592265712074,
  "nDCG@3_std": 0.33693897051566263,
  "nDCG@3_stderr": 0.008746499871845332,
  "nDCG@3_ci90_low": 0.8008635219332668,
  "nDCG@3_ci90_high": 0.829654931209148,
  "nDCG@3_ci95_low": 0.7981023993185707,
  "nDCG@3_ci95_high": 0.8324160538238441,
  "nDCG@5": 0.8353180466771838,
  "nDCG@5_std": 0.30219148237377336,
  "nDCG@5_stderr": 0.007844500022689107,
  "nDCG@5_ci90_low": 0.8224069271421045,
  "nDCG@5_ci90_high": 0.8482291662122631,
  "nDCG@5_ci95_low": 0.8199305506794063,
  "nDCG@5_ci95_high": 0.8507055426749612,
  "nDCG@10": 0.847660068673493,
  "nDCG@10_std": 0.27442804946677557,
  "nDCG@10_stderr": 0.007123797214131808,
  "nDCG@10_ci90_low": 0.8359351407482852,
  "nDCG@10_ci90_high": 0.8593849965987007,
  "nDCG@10_ci95_low": 0.8336862780170612,
  "nDCG@10_ci95_high": 0.8616338593299248,
  "nDCG@100": 0.8566053243880591,
  "nDCG@100_std": 0.2510164300082991,
  "nDCG@100_stderr": 0.006516061853986706,
  "nDCG@100_ci90_low": 0.8458806570094551,
  "nDCG@100_ci90_high": 0.8673299917666631,
  "nDCG@100_ci95_low": 0.843823646089954,
  "nDCG@100_ci95_high": 0.8693870026861643,
  "RR@1": 0.7405660377358491,
  "RR@3": 0.803234501347709,
  "RR@5": 0.8128032345013484,
  "RR@10": 0.8175400034227529,
  "RR@100": 0.8192486857950692,
  "P@1": 0.7405660377358491,
  "P@3": 0.30435759209343616,
  "P@5": 0.19353099730457765,
  "P@10": 0.10094339622641257,
  "P@100": 0.010552560646900081,
  "R@1": 0.718553459119497,
  "R@3": 0.868766846361186,
  "R@5": 0.9163858939802335,
  "R@10": 0.9535040431266847,
  "R@100": 0.9924191374663073,
  "AP": 0.8130055148121927
}