nDCG@1,nDCG@1_std,nDCG@1_stderr,nDCG@1_ci90_low,nDCG@1_ci90_high,nDCG@1_ci95_low,nDCG@1_ci95_high,nDCG@3,nDCG@3_std,nDCG@3_stderr,nDCG@3_ci90_low,nDCG@3_ci90_high,nDCG@3_ci95_low,nDCG@3_ci95_high,nDCG@5,nDCG@5_std,nDCG@5_stderr,nDCG@5_ci90_low,nDCG@5_ci90_high,nDCG@5_ci95_low,nDCG@5_ci95_high,nDCG@10,nDCG@10_std,nDCG@10_stderr,nDCG@10_ci90_low,nDCG@10_ci90_high,nDCG@10_ci95_low,nDCG@10_ci95_high,nDCG@100,nDCG@100_std,nDCG@100_stderr,nDCG@100_ci90_low,nDCG@100_ci90_high,nDCG@100_ci95_low,nDCG@100_ci95_high,RR@1,RR@3,RR@5,RR@10,RR@100,P@1,P@3,P@5,P@10,P@100,R@1,R@3,R@5,R@10,R@100,AP
0.1320754716981132,0.3386869329260304,0.00879187471517341,0.11760508543299439,0.14654585796323202,0.1148296387449104,0.14932130465131602,0.2009211969666129,0.3592258751273394,0.009325039089293313,0.1855732851809131,0.2162691087523127,0.18262952748473416,0.21921286644849164,0.2281352430838969,0.35881414475806855,0.009314351101446282,0.21280492246248844,0.24346556370530537,0.20986453878396025,0.24640594738383356,0.26344882816155124,0.3504538925619729,0.009097329767731647,0.24847569899570368,0.2784219573273988,0.24560382529501473,0.28129383102808775,0.32429132994592474,0.3174809670814501,0.008241395270014199,0.31072696776105296,0.3378556921307965,0.3081252981571998,0.3404573617346497,0.1320754716981132,0.18598382749326156,0.20128032345013472,0.21628374620288351,0.22748735320303579,0.1320754716981132,0.08647798742138317,0.06549865229110569,0.043935309973046205,0.007533692722371839,0.12848158131176998,0.2526954177897574,0.31805929919137466,0.4259321653189577,0.7196203953279425,0.2237212028124584
