nDCG@1,nDCG@1_std,nDCG@1_stderr,nDCG@1_ci90_low,nDCG@1_ci90_high,nDCG@1_ci95_low,nDCG@1_ci95_high,nDCG@3,nDCG@3_std,nDCG@3_stderr,nDCG@3_ci90_low,nDCG@3_ci90_high,nDCG@3_ci95_low,nDCG@3_ci95_high,nDCG@5,nDCG@5_std,nDCG@5_stderr,nDCG@5_ci90_low,nDCG@5_ci90_high,nDCG@5_ci95_low,nDCG@5_ci95_high,nDCG@10,nDCG@10_std,nDCG@10_stderr,nDCG@10_ci90_low,nDCG@10_ci90_high,nDCG@10_ci95_low,nDCG@10_ci95_high,nDCG@100,nDCG@100_std,nDCG@100_stderr,nDCG@100_ci90_low,nDCG@100_ci90_high,nDCG@100_ci95_low,nDCG@100_ci95_high,RR@1,RR@3,RR@5,RR@10,RR@100,P@1,P@3,P@5,P@10,P@100,R@1,R@3,R@5,R@10,R@100,AP
0.1280323450134771,0.3342384530913649,0.0086763979324069,0.11375201987927963,0.14231267014767457,0.11101302726551573,0.14505166276143847,0.20178279721290063,0.35736056553068374,0.009276618064788099,0.18651458070842838,0.21705101371737287,0.1835861087137011,0.21997948571210016,0.23344835334541428,0.3567602133029597,0.009261033697462425,0.21820578686692693,0.24869091982390162,0.21528223459433868,0.2516144720964899,0.2638168624701308,0.3492733463082504,0.009066684313924126,0.24889417209785472,0.2787395528424069,0.2460319726504997,0.2816017522897619,0.3317803881960869,0.31150695881217827,0.008086317742230394,0.3184712652862014,0.3450895111059724,0.3159185510445238,0.34764222534765,0.1280323450134771,0.18620844564240796,0.203526504941599,0.2161989795918364,0.22892978235611403,0.1280323450134771,0.0878256963162619,0.06873315363881462,0.04407008086253406,0.007877358490565901,0.12522461814914643,0.2555592991913747,0.3322663971248877,0.425595238095238,0.7511230907457321,0.22557651434605258
