nDCG@1,nDCG@1_std,nDCG@1_stderr,nDCG@1_ci90_low,nDCG@1_ci90_high,nDCG@1_ci95_low,nDCG@1_ci95_high,nDCG@3,nDCG@3_std,nDCG@3_stderr,nDCG@3_ci90_low,nDCG@3_ci90_high,nDCG@3_ci95_low,nDCG@3_ci95_high,nDCG@5,nDCG@5_std,nDCG@5_stderr,nDCG@5_ci90_low,nDCG@5_ci90_high,nDCG@5_ci95_low,nDCG@5_ci95_high,nDCG@10,nDCG@10_std,nDCG@10_stderr,nDCG@10_ci90_low,nDCG@10_ci90_high,nDCG@10_ci95_low,nDCG@10_ci95_high,nDCG@100,nDCG@100_std,nDCG@100_stderr,nDCG@100_ci90_low,nDCG@100_ci90_high,nDCG@100_ci95_low,nDCG@100_ci95_high,RR@1,RR@3,RR@5,RR@10,RR@100,P@1,P@3,P@5,P@10,P@100,R@1,R@3,R@5,R@10,R@100,AP
0.12668463611859837,0.33273148585432827,0.008637279012071139,0.11246869610200907,0.14090057613518767,0.10974205267216838,0.14362721956502836,0.19155058390060872,0.3533729218919691,0.0091731039936149,0.17645273931819835,0.2066484284830191,0.17355694497133517,0.20954422282988228,0.21859988519769744,0.3533801575948844,0.009173291823103797,0.20350173147015654,0.23369803892523833,0.200605877828689,0.23659389256670588,0.24496535313046297,0.3480767454351691,0.009035622102963376,0.23009378748475684,0.2598369187761691,0.22724139385394593,0.26268931240698,0.30767111398797814,0.3173069978579893,0.008236879253987984,0.29411418463152983,0.32122804334442645,0.29151394065783287,0.3238282873181234,0.12668463611859837,0.1778975741239894,0.19309299191374663,0.20393830488170112,0.21560736212914752,0.12668463611859837,0.0819856244384542,0.06307277628032398,0.039892183288410085,0.00719676549865217,0.12275381850853548,0.24000449236298294,0.30564914645103325,0.3875224618149146,0.6903077268643307,0.21150467407371976
