nDCG@1,nDCG@1_std,nDCG@1_stderr,nDCG@1_ci90_low,nDCG@1_ci90_high,nDCG@1_ci95_low,nDCG@1_ci95_high,nDCG@3,nDCG@3_std,nDCG@3_stderr,nDCG@3_ci90_low,nDCG@3_ci90_high,nDCG@3_ci95_low,nDCG@3_ci95_high,nDCG@5,nDCG@5_std,nDCG@5_stderr,nDCG@5_ci90_low,nDCG@5_ci90_high,nDCG@5_ci95_low,nDCG@5_ci95_high,nDCG@10,nDCG@10_std,nDCG@10_stderr,nDCG@10_ci90_low,nDCG@10_ci90_high,nDCG@10_ci95_low,nDCG@10_ci95_high,nDCG@100,nDCG@100_std,nDCG@100_stderr,nDCG@100_ci90_low,nDCG@100_ci90_high,nDCG@100_ci95_low,nDCG@100_ci95_high,RR@1,RR@3,RR@5,RR@10,RR@100,P@1,P@3,P@5,P@10,P@100,R@1,R@3,R@5,R@10,R@100,AP
0.1293800539083558,0.3357332427433082,0.00871520073838434,0.11503586394340784,0.14372424387330376,0.11228462193769656,0.14647548587901504,0.19863259158213842,0.3565843393807244,0.009256468237919596,0.1833975393102569,0.21386764385401993,0.18047542827630983,0.216789754887967,0.23041551252989192,0.3561937619902746,0.009246329354043127,0.21519714766209005,0.2456338773976938,0.21227823730292367,0.24855278775686018,0.26364467080111237,0.3484062782229473,0.009044176347910642,0.24875902587964271,0.278530315722582,0.2459039318178569,0.2813854097843678,0.32923181904735993,0.3121892909882593,0.00810403020298112,0.3158935435213292,0.34257009457339066,0.3133352377542806,0.34512840034043923,0.1293800539083558,0.18396226415094347,0.20161725067385416,0.21550239592692383,0.22749066371006957,0.1293800539083558,0.08602875112309026,0.06752021563342378,0.04440700808625372,0.007823450134770754,0.12612309074573225,0.25050539083557954,0.3268755615453729,0.4286275831087151,0.7450584007187779,0.22382634549117367
