{
  "nDCG@1": 0.12533692722371967,
  "nDCG@1_std": 0.3312121748135154,
  "nDCG@1_stderr": 0.008597839662555036,
  "nDCG@1_ci90_low": 0.11118589971328315,
  "nDCG@1_ci90_high": 0.1394879547341562,
  "nDCG@1_ci95_low": 0.10847170662145802,
  "nDCG@1_ci95_high": 0.1422021478259813,
  "nDCG@3": 0.20242926909430306,
  "nDCG@3_std": 0.35733374005288493,
  "nDCG@3_stderr": 0.009275921710080983,
  "nDCG@3_ci90_low": 0.18716219870734455,
  "nDCG@3_ci90_high": 0.21769633948126157,
  "nDCG@3_ci95_low": 0.18423394654006342,
  "nDCG@3_ci95_high": 0.2206245916485427,
  "nDCG@5": 0.23469221499342582,
  "nDCG@5_std": 0.35619723023106853,
  "nDCG@5_stderr": 0.009246419385088255,
  "nDCG@5_ci90_low": 0.21947370194516858,
  "nDCG@5_ci90_high": 0.24991072804168307,
  "nDCG@5_ci95_low": 0.21655476316471844,
  "nDCG@5_ci95_high": 0.2528296668221332,
  "nDCG@10": 0.2666950890809479,
  "nDCG@10_std": 0.34810534900883877,
  "nDCG@10_stderr": 0.00903636461473948,
  "nDCG@10_ci90_low": 0.2518223013486499,
  "nDCG@10_ci90_high": 0.2815678768132459,
  "nDCG@10_ci95_low": 0.24896967331938402,
  "nDCG@10_ci95_high": 0.2844205048425118,
  "nDCG@100": 0.33495075237242805,
  "nDCG@100_std": 0.30922608811303526,
  "nDCG@100_stderr": 0.008027109288998587,
  "nDCG@100_ci90_low": 0.32173907957599174,
  "nDCG@100_ci90_high": 0.34816242516886436,
  "nDCG@100_ci95_low": 0.3192050564452265,
  "nDCG@100_ci95_high": 0.3506964482996296,
  "RR@1": 0.12533692722371967,
  "RR@3": 0.18598382749326156,
  "RR@5": 0.20390835579514807,
  "RR@10": 0.21748785992384362,
  "RR@100": 0.23004602782727643,
  "P@1": 0.12533692722371967,
  "P@3": 0.08849955076370129,
  "P@5": 0.06940700808625398,
  "P@10": 0.04481132075471732,
  "P@100": 0.007985175202156197,
  "R@1": 0.1228661275831087,
  "R@3": 0.25713162623539987,
  "R@5": 0.3352987421383648,
  "R@10": 0.4330076370170709,
  "R@100": 0.7620732255166216,
  "AP": 0.22678131887129563
}