{
  "nDCG@1": 0.12668463611859837,
  "nDCG@1_std": 0.33273148585432827,
  "nDCG@1_stderr": 0.008637279012071139,
  "nDCG@1_ci90_low": 0.11246869610200907,
  "nDCG@1_ci90_high": 0.14090057613518767,
  "nDCG@1_ci95_low": 0.10974205267216838,
  "nDCG@1_ci95_high": 0.14362721956502836,
  "nDCG@3": 0.19155058390060872,
  "nDCG@3_std": 0.3533729218919691,
  "nDCG@3_stderr": 0.0091731039936149,
  "nDCG@3_ci90_low": 0.17645273931819835,
  "nDCG@3_ci90_high": 0.2066484284830191,
  "nDCG@3_ci95_low": 0.17355694497133517,
  "nDCG@3_ci95_high": 0.20954422282988228,
  "nDCG@5": 0.21859988519769744,
  "nDCG@5_std": 0.3533801575948844,
  "nDCG@5_stderr": 0.009173291823103797,
  "nDCG@5_ci90_low": 0.20350173147015654,
  "nDCG@5_ci90_high": 0.23369803892523833,
  "nDCG@5_ci95_low": 0.200605877828689,
  "nDCG@5_ci95_high": 0.23659389256670588,
  "nDCG@10": 0.24496535313046297,
  "nDCG@10_std": 0.3480767454351691,
  "nDCG@10_stderr": 0.009035622102963376,
  "nDCG@10_ci90_low": 0.23009378748475684,
  "nDCG@10_ci90_high": 0.2598369187761691,
  "nDCG@10_ci95_low": 0.22724139385394593,
  "nDCG@10_ci95_high": 0.26268931240698,
  "nDCG@100": 0.30767111398797814,
  "nDCG@100_std": 0.3173069978579893,
  "nDCG@100_stderr": 0.008236879253987984,
  "nDCG@100_ci90_low": 0.29411418463152983,
  "nDCG@100_ci90_high": 0.32122804334442645,
  "nDCG@100_ci95_low": 0.29151394065783287,
  "nDCG@100_ci95_high": 0.3238282873181234,
  "RR@1": 0.12668463611859837,
  "RR@3": 0.1778975741239894,
  "RR@5": 0.19309299191374663,
  "RR@10": 0.20393830488170112,
  "RR@100": 0.21560736212914752,
  "P@1": 0.12668463611859837,
  "P@3": 0.0819856244384542,
  "P@5": 0.06307277628032398,
  "P@10": 0.039892183288410085,
  "P@100": 0.00719676549865217,
  "R@1": 0.12275381850853548,
  "R@3": 0.24000449236298294,
  "R@5": 0.30564914645103325,
  "R@10": 0.3875224618149146,
  "R@100": 0.6903077268643307,
  "AP": 0.21150467407371976
}