nDCG@1,nDCG@1_std,nDCG@1_stderr,nDCG@1_ci90_low,nDCG@1_ci90_high,nDCG@1_ci95_low,nDCG@1_ci95_high,nDCG@3,nDCG@3_std,nDCG@3_stderr,nDCG@3_ci90_low,nDCG@3_ci90_high,nDCG@3_ci95_low,nDCG@3_ci95_high,nDCG@5,nDCG@5_std,nDCG@5_stderr,nDCG@5_ci90_low,nDCG@5_ci90_high,nDCG@5_ci95_low,nDCG@5_ci95_high,nDCG@10,nDCG@10_std,nDCG@10_stderr,nDCG@10_ci90_low,nDCG@10_ci90_high,nDCG@10_ci95_low,nDCG@10_ci95_high,nDCG@100,nDCG@100_std,nDCG@100_stderr,nDCG@100_ci90_low,nDCG@100_ci90_high,nDCG@100_ci95_low,nDCG@100_ci95_high,RR@1,RR@3,RR@5,RR@10,RR@100,P@1,P@3,P@5,P@10,P@100,R@1,R@3,R@5,R@10,R@100,AP
0.12398921832884097,0.32968034931205314,0.008558075453826898,0.10990363800441016,0.13807479865327177,0.1072019978031794,0.14077643885450253,0.2001319449004141,0.35653916972389227,0.009255295692051455,0.18489882250039444,0.21536506730043378,0.18197708161941833,0.21828680818140989,0.23149247492283898,0.3557949738791972,0.009235977330479057,0.21629114826184176,0.2466938015838362,0.2133755058620636,0.24960944398361434,0.26247848895658943,0.3482824402861758,0.009040961675246201,0.2475981350062354,0.27735884290694346,0.24474405576243657,0.2802129221507423,0.33135674322534736,0.30998561599565844,0.008046825650444872,0.31811261962915405,0.3446008668215407,0.31557237237533775,0.34714111407535697,0.12398921832884097,0.18362533692722383,0.20121293800539072,0.2142768900012833,0.22732241858537885,0.12398921832884097,0.08715184186882255,0.06792452830188739,0.04380053908355835,0.007904312668463476,0.12185534591194967,0.2539308176100629,0.32940251572327045,0.42424752920035935,0.7534815813117699,0.22452658552693203
