nDCG@1,nDCG@1_std,nDCG@1_stderr,nDCG@1_ci90_low,nDCG@1_ci90_high,nDCG@1_ci95_low,nDCG@1_ci95_high,nDCG@3,nDCG@3_std,nDCG@3_stderr,nDCG@3_ci90_low,nDCG@3_ci90_high,nDCG@3_ci95_low,nDCG@3_ci95_high,nDCG@5,nDCG@5_std,nDCG@5_stderr,nDCG@5_ci90_low,nDCG@5_ci90_high,nDCG@5_ci95_low,nDCG@5_ci95_high,nDCG@10,nDCG@10_std,nDCG@10_stderr,nDCG@10_ci90_low,nDCG@10_ci90_high,nDCG@10_ci95_low,nDCG@10_ci95_high,nDCG@100,nDCG@100_std,nDCG@100_stderr,nDCG@100_ci90_low,nDCG@100_ci90_high,nDCG@100_ci95_low,nDCG@100_ci95_high,RR@1,RR@3,RR@5,RR@10,RR@100,P@1,P@3,P@5,P@10,P@100,R@1,R@3,R@5,R@10,R@100,AP
0.1307277628032345,0.3372160167502646,0.008753691633759166,0.1163202213755089,0.1451353042309601,0.11355682844277121,0.1478986971636978,0.19390487967609563,0.35586178081786657,0.009237711552197655,0.17870069869119704,0.20910906066099422,0.1757845088268472,0.21202525052534404,0.22158034306681437,0.3560201654321102,0.009241823011925996,0.20636939510532545,0.2367912910283033,0.20345190732242516,0.2397087788112036,0.25100490101012557,0.34964382026177787,0.009076301338580227,0.23606638215234402,0.26594341986790715,0.2332011467723699,0.2688086552478812,0.31317227108393436,0.31829093362005456,0.008262420953731522,0.2995733031096565,0.3267712390582122,0.2969649960517758,0.32937954611609294,0.1307277628032345,0.18059299191374675,0.19599056603773582,0.20826006503230213,0.21985108385370944,0.1307277628032345,0.08288409703503997,0.06374663072776335,0.041172506738544876,0.007297843665768071,0.1267969451931716,0.24191374663072776,0.30868149146451035,0.39965184186882297,0.6992362982929021,0.21571770361546794
