{
  "nDCG@1": 0.637466307277628,
  "nDCG@1_std": 0.48089380237997864,
  "nDCG@1_stderr": 0.012483381113352617,
  "nDCG@1_ci90_low": 0.616920137950039,
  "nDCG@1_ci90_high": 0.658012476605217,
  "nDCG@1_ci95_low": 0.6129793449008216,
  "nDCG@1_ci95_high": 0.6619532696544344,
  "nDCG@3": 0.7060074810003331,
  "nDCG@3_std": 0.4164311951820331,
  "nDCG@3_stderr": 0.010810015207554442,
  "nDCG@3_ci90_low": 0.6882154741016047,
  "nDCG@3_ci90_high": 0.7237994878990615,
  "nDCG@3_ci95_low": 0.6848029344695095,
  "nDCG@3_ci95_high": 0.7272120275311567,
  "nDCG@5": 0.7307969156236036,
  "nDCG@5_std": 0.3860935625621099,
  "nDCG@5_stderr": 0.010022489503964407,
  "nDCG@5_ci90_low": 0.7143010829190991,
  "nDCG@5_ci90_high": 0.7472927483281081,
  "nDCG@5_ci95_low": 0.7111371518803495,
  "nDCG@5_ci95_high": 0.7504566793668577,
  "nDCG@10": 0.7526937388830388,
  "nDCG@10_std": 0.35402750127392896,
  "nDCG@10_stderr": 0.00919009602772619,
  "nDCG@10_ci90_low": 0.7375679274215513,
  "nDCG@10_ci90_high": 0.7678195503445263,
  "nDCG@10_ci95_low": 0.7346667689758667,
  "nDCG@10_ci95_high": 0.7707207087902109,
  "nDCG@100": 0.7732403144804058,
  "nDCG@100_std": 0.3160753585310718,
  "nDCG@100_stderr": 0.008204907490084993,
  "nDCG@100_ci90_low": 0.7597360068671285,
  "nDCG@100_ci90_high": 0.786744622093683,
  "nDCG@100_ci95_low": 0.7571458558405118,
  "nDCG@100_ci95_high": 0.7893347731202998,
  "RR@1": 0.637466307277628,
  "RR@3": 0.6950808625336932,
  "RR@5": 0.708490566037737,
  "RR@10": 0.7169038527360635,
  "RR@100": 0.7209855855028676,
  "P@1": 0.637466307277628,
  "P@3": 0.263477088948784,
  "P@5": 0.17129380053908,
  "P@10": 0.09305929919137253,
  "P@100": 0.010330188679245098,
  "R@1": 0.620788409703504,
  "R@3": 0.7548854447439353,
  "R@5": 0.8136230907457321,
  "R@10": 0.8797731356693622,
  "R@100": 0.9714734950584006,
  "AP": 0.714145887379231
}