{
  "nDCG@1": 0.660377358490566,
  "nDCG@1_std": 0.47374079016253196,
  "nDCG@1_stderr": 0.012297698168018465,
  "nDCG@1_ci90_low": 0.6401368013365891,
  "nDCG@1_ci90_high": 0.6806179156445429,
  "nDCG@1_ci95_low": 0.6362546252641097,
  "nDCG@1_ci95_high": 0.6845000917170223,
  "nDCG@3": 0.7329520714102434,
  "nDCG@3_std": 0.40023812085861143,
  "nDCG@3_stderr": 0.010389663942523181,
  "nDCG@3_ci90_low": 0.7158519129931064,
  "nDCG@3_ci90_high": 0.7500522298273805,
  "nDCG@3_ci95_low": 0.7125720711716782,
  "nDCG@3_ci95_high": 0.7533320716488087,
  "nDCG@5": 0.755068695399336,
  "nDCG@5_std": 0.37014874358219463,
  "nDCG@5_stderr": 0.009608582626552781,
  "nDCG@5_ci90_low": 0.7392541044763594,
  "nDCG@5_ci90_high": 0.7708832863223125,
  "nDCG@5_ci95_low": 0.7362208368637053,
  "nDCG@5_ci95_high": 0.7739165539349666,
  "nDCG@10": 0.772681867712067,
  "nDCG@10_std": 0.3424094874596436,
  "nDCG@10_stderr": 0.008888507416049048,
  "nDCG@10_ci90_low": 0.7580524354467705,
  "nDCG@10_ci90_high": 0.7873112999773636,
  "nDCG@10_ci95_low": 0.7552464834434613,
  "nDCG@10_ci95_high": 0.7901172519806727,
  "nDCG@100": 0.791422503469518,
  "nDCG@100_std": 0.3058158540583483,
  "nDCG@100_stderr": 0.007938584023795119,
  "nDCG@100_ci90_low": 0.7783565327927338,
  "nDCG@100_ci90_high": 0.8044884741463023,
  "nDCG@100_ci95_low": 0.7758504555963773,
  "nDCG@100_ci95_high": 0.8069945513426587,
  "RR@1": 0.6597035040431267,
  "RR@3": 0.720575022461815,
  "RR@5": 0.7325359389038641,
  "RR@10": 0.7394485624438456,
  "RR@100": 0.7430383413954341,
  "P@1": 0.660377358490566,
  "P@3": 0.27515723270439896,
  "P@5": 0.17668463611859456,
  "P@10": 0.09420485175201937,
  "P@100": 0.010363881401617066,
  "R@1": 0.640217879604672,
  "R@3": 0.7849842767295596,
  "R@5": 0.8381064690026954,
  "R@10": 0.890667115902965,
  "R@100": 0.9748427672955974,
  "AP": 0.7362647669371493
}