nDCG@1,nDCG@1_std,nDCG@1_stderr,nDCG@1_ci90_low,nDCG@1_ci90_high,nDCG@1_ci95_low,nDCG@1_ci95_high,nDCG@3,nDCG@3_std,nDCG@3_stderr,nDCG@3_ci90_low,nDCG@3_ci90_high,nDCG@3_ci95_low,nDCG@3_ci95_high,nDCG@5,nDCG@5_std,nDCG@5_stderr,nDCG@5_ci90_low,nDCG@5_ci90_high,nDCG@5_ci95_low,nDCG@5_ci95_high,nDCG@10,nDCG@10_std,nDCG@10_stderr,nDCG@10_ci90_low,nDCG@10_ci90_high,nDCG@10_ci95_low,nDCG@10_ci95_high,nDCG@100,nDCG@100_std,nDCG@100_stderr,nDCG@100_ci90_low,nDCG@100_ci90_high,nDCG@100_ci95_low,nDCG@100_ci95_high,RR@1,RR@3,RR@5,RR@10,RR@100,P@1,P@3,P@5,P@10,P@100,R@1,R@3,R@5,R@10,R@100,AP
0.6354447439353099,0.4814674736316125,0.012498272877048631,0.6148740645254198,0.6560154233452,0.6109285703973576,0.6599609174732622,0.7136421198385084,0.40901769117929954,0.01061757023239886,0.696166854614963,0.7311173850620539,0.6928150666184675,0.7344691730585494,0.7368442342073779,0.3794334034157584,0.009849600386891127,0.7206329565478592,0.7530555118668966,0.7175236036898653,0.7561648647248904,0.7547508341876078,0.3525842063017002,0.00915262995703002,0.7396866874486481,0.7698149809265675,0.736797356410109,0.7727043119651066,0.7745884244003036,0.3157072603505946,0.008195352137424412,0.761099843767719,0.7880770050328882,0.7585127092049118,0.7906641395956955,0.6354447439353099,0.6999101527403421,0.7125449236298302,0.7195286762503751,0.7232467912895295,0.6354447439353099,0.2693171608265915,0.17371967654986156,0.09285714285714074,0.010303234501347526,0.6166329739442946,0.768699460916442,0.8242924528301887,0.8785377358490566,0.9687780772686432,0.7167825202178293
