nDCG@1,nDCG@1_std,nDCG@1_stderr,nDCG@1_ci90_low,nDCG@1_ci90_high,nDCG@1_ci95_low,nDCG@1_ci95_high,nDCG@3,nDCG@3_std,nDCG@3_stderr,nDCG@3_ci90_low,nDCG@3_ci90_high,nDCG@3_ci95_low,nDCG@3_ci95_high,nDCG@5,nDCG@5_std,nDCG@5_stderr,nDCG@5_ci90_low,nDCG@5_ci90_high,nDCG@5_ci95_low,nDCG@5_ci95_high,nDCG@10,nDCG@10_std,nDCG@10_stderr,nDCG@10_ci90_low,nDCG@10_ci90_high,nDCG@10_ci95_low,nDCG@10_ci95_high,nDCG@100,nDCG@100_std,nDCG@100_stderr,nDCG@100_ci90_low,nDCG@100_ci90_high,nDCG@100_ci95_low,nDCG@100_ci95_high,RR@1,RR@3,RR@5,RR@10,RR@100,P@1,P@3,P@5,P@10,P@100,R@1,R@3,R@5,R@10,R@100,AP
0.6630727762803235,0.4728191146004984,0.012273772662539323,0.6428715976795093,0.6832739548811376,0.6389969744859202,0.6871485780747267,0.7389660873490667,0.3954409851137499,0.01026513650328562,0.7220708863732889,0.7558612883248444,0.7188303557659084,0.759101818932225,0.7616789422791554,0.3634212244810435,0.009433944932177444,0.746151784352659,0.7772061002056518,0.7431736469171483,0.7801842376411626,0.7772238477512796,0.33847824202897736,0.00878645736941036,0.7627623777967615,0.7916853177057978,0.7599886412734426,0.7944590542291167,0.7962509475073527,0.3002043285803855,0.007792916080432133,0.7834247290421497,0.8090771659725557,0.7809646367607362,0.8115372582539692,0.6630727762803235,0.7248427672955982,0.737342767295599,0.7430913874983966,0.7470168428554284,0.6630727762803235,0.2780772686433026,0.17911051212937612,0.0948787061994587,0.01041105121293782,0.6445979335130279,0.7942497753818507,0.8490004492362981,0.8962825696316263,0.9795597484276729,0.7409399712986346
