nDCG@1,nDCG@1_std,nDCG@1_stderr,nDCG@1_ci90_low,nDCG@1_ci90_high,nDCG@1_ci95_low,nDCG@1_ci95_high,nDCG@3,nDCG@3_std,nDCG@3_stderr,nDCG@3_ci90_low,nDCG@3_ci90_high,nDCG@3_ci95_low,nDCG@3_ci95_high,nDCG@5,nDCG@5_std,nDCG@5_stderr,nDCG@5_ci90_low,nDCG@5_ci90_high,nDCG@5_ci95_low,nDCG@5_ci95_high,nDCG@10,nDCG@10_std,nDCG@10_stderr,nDCG@10_ci90_low,nDCG@10_ci90_high,nDCG@10_ci95_low,nDCG@10_ci95_high,nDCG@100,nDCG@100_std,nDCG@100_stderr,nDCG@100_ci90_low,nDCG@100_ci90_high,nDCG@100_ci95_low,nDCG@100_ci95_high,RR@1,RR@3,RR@5,RR@10,RR@100,P@1,P@3,P@5,P@10,P@100,R@1,R@3,R@5,R@10,R@100,AP
0.6226415094339622,0.48488915757472434,0.012587095366546121,0.6019246387083746,0.6433583801595498,0.5979511048172029,0.6473319140507215,0.7028365010231588,0.4137453690737985,0.010740294635679005,0.6851592459422561,0.7205137561040614,0.6817687159197803,0.7239042861265372,0.7241023266665545,0.3876376619268123,0.010062572326307032,0.7075405223757064,0.7406641309574026,0.7043639378654136,0.7438407154676954,0.7440810114179849,0.3586658212142912,0.009310500814094081,0.7287570279143156,0.7594049949216541,0.7258178597066199,0.7623441631293498,0.7642502210628674,0.32237886551406786,0.008368538378297694,0.7504765963546529,0.778023845771082,0.7478347898141133,0.7806656523116215,0.6226415094339622,0.6883423180593,0.6998989218328853,0.7078792837889877,0.7117029257913513,0.6226415094339622,0.2659478885893949,0.1708894878706164,0.09198113207546961,0.010235849056603592,0.6041666666666666,0.7592654986522911,0.8101415094339622,0.8704514824797843,0.9623764600179695,0.7054376545104535
