nDCG@1,nDCG@1_std,nDCG@1_stderr,nDCG@1_ci90_low,nDCG@1_ci90_high,nDCG@1_ci95_low,nDCG@1_ci95_high,nDCG@3,nDCG@3_std,nDCG@3_stderr,nDCG@3_ci90_low,nDCG@3_ci90_high,nDCG@3_ci95_low,nDCG@3_ci95_high,nDCG@5,nDCG@5_std,nDCG@5_stderr,nDCG@5_ci90_low,nDCG@5_ci90_high,nDCG@5_ci95_low,nDCG@5_ci95_high,nDCG@10,nDCG@10_std,nDCG@10_stderr,nDCG@10_ci90_low,nDCG@10_ci90_high,nDCG@10_ci95_low,nDCG@10_ci95_high,nDCG@100,nDCG@100_std,nDCG@100_stderr,nDCG@100_ci90_low,nDCG@100_ci90_high,nDCG@100_ci95_low,nDCG@100_ci95_high,RR@1,RR@3,RR@5,RR@10,RR@100,P@1,P@3,P@5,P@10,P@100,R@1,R@3,R@5,R@10,R@100,AP
0.6367924528301887,0.48108604664037447,0.012488371525700414,0.6162380698739216,0.6573468357864558,0.6122957014356238,0.6612892042247536,0.7056505883668207,0.4163793316607979,0.010808668897624359,0.6878607973350549,0.7234403793985865,0.6844486827103169,0.7268524940233245,0.7307007054747505,0.38569744093874814,0.010012206698972553,0.7142217970514649,0.7471796138980361,0.7110611121209668,0.7503402988285343,0.7525495598041421,0.3536569281538798,0.00918047642883545,0.7374395810650459,0.7676595385432382,0.7345414593646229,0.7705576602436612,0.772929919041116,0.31599381699737406,0.00820279077733744,0.7594290952867495,0.7864307427954824,0.7568396124706767,0.7890202256115553,0.6367924528301887,0.694407008086254,0.7079177897574136,0.7163856265776758,0.7203654447812333,0.6367924528301887,0.263477088948784,0.17142857142856788,0.09312668463611647,0.010330188679245098,0.6201145552560647,0.7548854447439353,0.8142969451931715,0.8804469901168015,0.9714734950584006,0.7136827560119596
