nDCG@1,nDCG@1_std,nDCG@1_stderr,nDCG@1_ci90_low,nDCG@1_ci90_high,nDCG@1_ci95_low,nDCG@1_ci95_high,nDCG@3,nDCG@3_std,nDCG@3_stderr,nDCG@3_ci90_low,nDCG@3_ci90_high,nDCG@3_ci95_low,nDCG@3_ci95_high,nDCG@5,nDCG@5_std,nDCG@5_stderr,nDCG@5_ci90_low,nDCG@5_ci90_high,nDCG@5_ci95_low,nDCG@5_ci95_high,nDCG@10,nDCG@10_std,nDCG@10_stderr,nDCG@10_ci90_low,nDCG@10_ci90_high,nDCG@10_ci95_low,nDCG@10_ci95_high,nDCG@100,nDCG@100_std,nDCG@100_stderr,nDCG@100_ci90_low,nDCG@100_ci90_high,nDCG@100_ci95_low,nDCG@100_ci95_high,RR@1,RR@3,RR@5,RR@10,RR@100,P@1,P@3,P@5,P@10,P@100,R@1,R@3,R@5,R@10,R@100,AP
0.6347708894878706,0.4816566587868996,0.012503183878984504,0.6141921271494513,0.65534965182629,0.6102450827008375,0.6592966962749037,0.7133934202115348,0.40895565662999206,0.010615959895735405,0.6959208054117376,0.7308660350113321,0.6925695257713896,0.73421731465168,0.7365660037509983,0.3794072850295097,0.009848922387366088,0.7203558419985339,0.7527761655034628,0.7172467031735645,0.7558853043284322,0.7545094269953317,0.35254381334527224,0.009151581408126105,0.7394470060438916,0.7695718479467719,0.7365580060145716,0.7724608479760919,0.7743484998892649,0.3156767025337708,0.008194558896023678,0.7608612248382363,0.7878357749402936,0.7582743406883715,0.7904226590901583,0.6347708894878706,0.6995732255166224,0.7121743036837387,0.7191142022846881,0.7228926147298399,0.6347708894878706,0.2693171608265915,0.17371967654986156,0.09285714285714074,0.010303234501347526,0.6159591194968553,0.768699460916442,0.8242924528301887,0.8785377358490566,0.9687780772686432,0.7164589829282424
