{
  "nDCG@1": 0.6536388140161725,
  "nDCG@1_std": 0.47597035102354984,
  "nDCG@1_stderr": 0.012355574684217585,
  "nDCG@1_ci90_low": 0.6333029989596194,
  "nDCG@1_ci90_high": 0.6739746290727257,
  "nDCG@1_ci95_low": 0.6294025522463031,
  "nDCG@1_ci95_high": 0.6778750757860419,
  "nDCG@3": 0.7221665402534488,
  "nDCG@3_std": 0.407740029737164,
  "nDCG@3_stderr": 0.010584403793910615,
  "nDCG@3_ci90_low": 0.7047458630661881,
  "nDCG@3_ci90_high": 0.7395872174407095,
  "nDCG@3_ci95_low": 0.701404545155407,
  "nDCG@3_ci95_high": 0.7429285353514907,
  "nDCG@5": 0.745180095639421,
  "nDCG@5_std": 0.37841651479595945,
  "nDCG@5_stderr": 0.009823203273582624,
  "nDCG@5_ci90_low": 0.7290122645073192,
  "nDCG@5_ci90_high": 0.7613479267715229,
  "nDCG@5_ci95_low": 0.7259112447731562,
  "nDCG@5_ci95_high": 0.7644489465056858,
  "nDCG@10": 0.7662024864644167,
  "nDCG@10_std": 0.34581357959234543,
  "nDCG@10_stderr": 0.008976873244901849,
  "nDCG@10_ci90_low": 0.7514276144928501,
  "nDCG@10_ci90_high": 0.7809773584359833,
  "nDCG@10_ci95_low": 0.7485937668865014,
  "nDCG@10_ci95_high": 0.783811206042332,
  "nDCG@100": 0.7853964863677646,
  "nDCG@100_std": 0.3091674097464654,
  "nDCG@100_stderr": 0.008025586074498055,
  "nDCG@100_ci90_low": 0.7721873206022973,
  "nDCG@100_ci90_high": 0.7986056521332319,
  "nDCG@100_ci95_low": 0.769653778324681,
  "nDCG@100_ci95_high": 0.8011391944108482,
  "RR@1": 0.6536388140161725,
  "RR@3": 0.7104672057502254,
  "RR@5": 0.7230682839173417,
  "RR@10": 0.731237699482309,
  "RR@100": 0.7349469816965919,
  "P@1": 0.6536388140161725,
  "P@3": 0.2697663971248843,
  "P@5": 0.1741239892183252,
  "P@10": 0.09413746630727543,
  "P@100": 0.01037061994609146,
  "R@1": 0.6362870619946092,
  "R@3": 0.7721248876909254,
  "R@5": 0.8267632524707995,
  "R@10": 0.8905548068283918,
  "R@100": 0.9751796945193171,
  "AP": 0.7284466217388684
}