nDCG@1,nDCG@1_std,nDCG@1_stderr,nDCG@1_ci90_low,nDCG@1_ci90_high,nDCG@1_ci95_low,nDCG@1_ci95_high,nDCG@3,nDCG@3_std,nDCG@3_stderr,nDCG@3_ci90_low,nDCG@3_ci90_high,nDCG@3_ci95_low,nDCG@3_ci95_high,nDCG@5,nDCG@5_std,nDCG@5_stderr,nDCG@5_ci90_low,nDCG@5_ci90_high,nDCG@5_ci95_low,nDCG@5_ci95_high,nDCG@10,nDCG@10_std,nDCG@10_stderr,nDCG@10_ci90_low,nDCG@10_ci90_high,nDCG@10_ci95_low,nDCG@10_ci95_high,nDCG@100,nDCG@100_std,nDCG@100_stderr,nDCG@100_ci90_low,nDCG@100_ci90_high,nDCG@100_ci95_low,nDCG@100_ci95_high,RR@1,RR@3,RR@5,RR@10,RR@100,P@1,P@3,P@5,P@10,P@100,R@1,R@3,R@5,R@10,R@100,AP
0.6536388140161725,0.47597035102354984,0.012355574684217585,0.6333029989596194,0.6739746290727257,0.6294025522463031,0.6778750757860419,0.7221665402534488,0.407740029737164,0.010584403793910615,0.7047458630661881,0.7395872174407095,0.701404545155407,0.7429285353514907,0.745180095639421,0.37841651479595945,0.009823203273582624,0.7290122645073192,0.7613479267715229,0.7259112447731562,0.7644489465056858,0.7662024864644167,0.34581357959234543,0.008976873244901849,0.7514276144928501,0.7809773584359833,0.7485937668865014,0.783811206042332,0.7853964863677646,0.3091674097464654,0.008025586074498055,0.7721873206022973,0.7986056521332319,0.769653778324681,0.8011391944108482,0.6536388140161725,0.7104672057502254,0.7230682839173417,0.731237699482309,0.7349469816965919,0.6536388140161725,0.2697663971248843,0.1741239892183252,0.09413746630727543,0.01037061994609146,0.6362870619946092,0.7721248876909254,0.8267632524707995,0.8905548068283918,0.9751796945193171,0.7284466217388684
