nDCG@1,nDCG@1_std,nDCG@1_stderr,nDCG@1_ci90_low,nDCG@1_ci90_high,nDCG@1_ci95_low,nDCG@1_ci95_high,nDCG@3,nDCG@3_std,nDCG@3_stderr,nDCG@3_ci90_low,nDCG@3_ci90_high,nDCG@3_ci95_low,nDCG@3_ci95_high,nDCG@5,nDCG@5_std,nDCG@5_stderr,nDCG@5_ci90_low,nDCG@5_ci90_high,nDCG@5_ci95_low,nDCG@5_ci95_high,nDCG@10,nDCG@10_std,nDCG@10_stderr,nDCG@10_ci90_low,nDCG@10_ci90_high,nDCG@10_ci95_low,nDCG@10_ci95_high,nDCG@100,nDCG@100_std,nDCG@100_stderr,nDCG@100_ci90_low,nDCG@100_ci90_high,nDCG@100_ci95_low,nDCG@100_ci95_high,RR@1,RR@3,RR@5,RR@10,RR@100,P@1,P@3,P@5,P@10,P@100,R@1,R@3,R@5,R@10,R@100,AP
0.6226415094339622,0.48488915757472434,0.012587095366546121,0.6019246387083746,0.6433583801595498,0.5979511048172029,0.6473319140507215,0.7025536703027083,0.4140675621248419,0.010748658350553981,0.6848626495360136,0.720244691069403,0.6814694792296959,0.7236378613757207,0.7240801784307637,0.3876733257275258,0.010063498112445371,0.7075168504053931,0.7406435064561342,0.7043399736400177,0.7438203832215097,0.7440280358860017,0.35873993512165103,0.009312424715268922,0.728700885868473,0.7593551859035305,0.7257611103175978,0.7622949614544057,0.7644131174127329,0.3220127704365889,0.008359035023600098,0.750655134102712,0.7781711007227538,0.7480163276111012,0.7808099072143646,0.621967654986523,0.6880053908355803,0.6995619946091656,0.7074888760535665,0.711341212567387,0.6226415094339622,0.26572327044024846,0.1708894878706164,0.09198113207546961,0.010249326145552379,0.6041666666666666,0.7585916442048517,0.8101415094339622,0.8704514824797843,0.9637241689128482,0.7053985427807683
