{
  "nDCG@1": 0.6617250673854448,
  "nDCG@1_std": 0.47328209689543,
  "nDCG@1_stderr": 0.01228579108408637,
  "nDCG@1_ci90_low": 0.6415041078837742,
  "nDCG@1_ci90_high": 0.6819460268871154,
  "nDCG@1_ci95_low": 0.6376256906770356,
  "nDCG@1_ci95_high": 0.685824444093854,
  "nDCG@3": 0.7335376982609364,
  "nDCG@3_std": 0.4003033540327791,
  "nDCG@3_stderr": 0.010391357311350848,
  "nDCG@3_ci90_low": 0.7164347527589261,
  "nDCG@3_ci90_high": 0.7506406437629467,
  "nDCG@3_ci95_low": 0.7131543763694955,
  "nDCG@3_ci95_high": 0.7539210201523773,
  "nDCG@5": 0.755494485516357,
  "nDCG@5_std": 0.3701945637377708,
  "nDCG@5_stderr": 0.009609772058526951,
  "nDCG@5_ci90_low": 0.7396779369289846,
  "nDCG@5_ci90_high": 0.7713110341037294,
  "nDCG@5_ci95_low": 0.7366442938327005,
  "nDCG@5_ci95_high": 0.7743446772000135,
  "nDCG@10": 0.7734825475362892,
  "nDCG@10_std": 0.34201094301730645,
  "nDCG@10_stderr": 0.008878161717810307,
  "nDCG@10_ci90_low": 0.7588701430670597,
  "nDCG@10_ci90_high": 0.7880949520055187,
  "nDCG@10_ci95_low": 0.7560674570263403,
  "nDCG@10_ci95_high": 0.7908976380462381,
  "nDCG@100": 0.7920262259395763,
  "nDCG@100_std": 0.3057396068994234,
  "nDCG@100_stderr": 0.007936604746168835,
  "nDCG@100_ci90_low": 0.7789635129197431,
  "nDCG@100_ci90_high": 0.8050889389594095,
  "nDCG@100_ci95_low": 0.7764580605479787,
  "nDCG@100_ci95_high": 0.8075943913311738,
  "RR@1": 0.660377358490566,
  "RR@3": 0.7209119496855347,
  "RR@5": 0.7329065588499556,
  "RR@10": 0.7398277392718093,
  "RR@100": 0.7434094554737747,
  "P@1": 0.6617250673854448,
  "P@3": 0.27515723270439896,
  "P@5": 0.17654986522910665,
  "P@10": 0.0942722371967633,
  "P@100": 0.010363881401617066,
  "R@1": 0.6415655884995507,
  "R@3": 0.7849842767295596,
  "R@5": 0.8377695417789758,
  "R@10": 0.8913409703504043,
  "R@100": 0.9748427672955974,
  "AP": 0.7370605377871302
}