{
  "nDCG@1": 0.6691374663072777,
  "nDCG@1_std": 0.47068227544847874,
  "nDCG@1_stderr": 0.01221830308197792,
  "nDCG@1_ci90_low": 0.6490275840775666,
  "nDCG@1_ci90_high": 0.6892473485369888,
  "nDCG@1_ci95_low": 0.6451704716957947,
  "nDCG@1_ci95_high": 0.6931044609187607,
  "nDCG@3": 0.7425020147480683,
  "nDCG@3_std": 0.39434090833910695,
  "nDCG@3_stderr": 0.010236579933074376,
  "nDCG@3_ci90_low": 0.7256538145104438,
  "nDCG@3_ci90_high": 0.7593502149856929,
  "nDCG@3_ci95_low": 0.7224222987310475,
  "nDCG@3_ci95_high": 0.7625817307650892,
  "nDCG@5": 0.7654315775409304,
  "nDCG@5_std": 0.3618210564299918,
  "nDCG@5_stderr": 0.009392406639257408,
  "nDCG@5_ci90_low": 0.749972786733259,
  "nDCG@5_ci90_high": 0.7808903683486018,
  "nDCG@5_ci95_low": 0.7470077622368253,
  "nDCG@5_ci95_high": 0.7838553928450355,
  "nDCG@10": 0.7803014774167466,
  "nDCG@10_std": 0.33775104939838385,
  "nDCG@10_stderr": 0.008767580389283783,
  "nDCG@10_ci90_low": 0.7658710767395783,
  "nDCG@10_ci90_high": 0.7947318780939149,
  "nDCG@10_ci95_low": 0.7631032993607729,
  "nDCG@10_ci95_high": 0.7974996554727203,
  "nDCG@100": 0.7995044630188766,
  "nDCG@100_std": 0.29884860076251857,
  "nDCG@100_stderr": 0.007757723139802313,
  "nDCG@100_ci90_low": 0.7867361679728778,
  "nDCG@100_ci90_high": 0.8122727580648753,
  "nDCG@100_ci95_low": 0.7842871855097546,
  "nDCG@100_ci95_high": 0.8147217405279985,
  "RR@1": 0.6677897574123989,
  "RR@3": 0.7287735849056607,
  "RR@5": 0.7413746630727771,
  "RR@10": 0.7471149937962609,
  "RR@100": 0.7508766952591109,
  "P@1": 0.6691374663072777,
  "P@3": 0.27897574123988833,
  "P@5": 0.17938005390835185,
  "P@10": 0.09474393530997081,
  "P@100": 0.010431266846361,
  "R@1": 0.6493149146451033,
  "R@3": 0.7959344115004491,
  "R@5": 0.8512466307277629,
  "R@10": 0.8956087151841869,
  "R@100": 0.9815813117699909,
  "AP": 0.7449134832657455
}