{
  "nDCG@1": 0.6226415094339622,
  "nDCG@1_std": 0.48488915757472434,
  "nDCG@1_stderr": 0.012587095366546121,
  "nDCG@1_ci90_low": 0.6019246387083746,
  "nDCG@1_ci90_high": 0.6433583801595498,
  "nDCG@1_ci95_low": 0.5979511048172029,
  "nDCG@1_ci95_high": 0.6473319140507215,
  "nDCG@3": 0.7028365010231588,
  "nDCG@3_std": 0.4137453690737985,
  "nDCG@3_stderr": 0.010740294635679005,
  "nDCG@3_ci90_low": 0.6851592459422561,
  "nDCG@3_ci90_high": 0.7205137561040614,
  "nDCG@3_ci95_low": 0.6817687159197803,
  "nDCG@3_ci95_high": 0.7239042861265372,
  "nDCG@5": 0.7241023266665545,
  "nDCG@5_std": 0.3876376619268123,
  "nDCG@5_stderr": 0.010062572326307032,
  "nDCG@5_ci90_low": 0.7075405223757064,
  "nDCG@5_ci90_high": 0.7406641309574026,
  "nDCG@5_ci95_low": 0.7043639378654136,
  "nDCG@5_ci95_high": 0.7438407154676954,
  "nDCG@10": 0.7440810114179849,
  "nDCG@10_std": 0.3586658212142912,
  "nDCG@10_stderr": 0.009310500814094081,
  "nDCG@10_ci90_low": 0.7287570279143156,
  "nDCG@10_ci90_high": 0.7594049949216541,
  "nDCG@10_ci95_low": 0.7258178597066199,
  "nDCG@10_ci95_high": 0.7623441631293498,
  "nDCG@100": 0.7642502210628674,
  "nDCG@100_std": 0.32237886551406786,
  "nDCG@100_stderr": 0.008368538378297694,
  "nDCG@100_ci90_low": 0.7504765963546529,
  "nDCG@100_ci90_high": 0.778023845771082,
  "nDCG@100_ci95_low": 0.7478347898141133,
  "nDCG@100_ci95_high": 0.7806656523116215,
  "RR@1": 0.6226415094339622,
  "RR@3": 0.6883423180593,
  "RR@5": 0.6998989218328853,
  "RR@10": 0.7078792837889877,
  "RR@100": 0.7117029257913513,
  "P@1": 0.6226415094339622,
  "P@3": 0.2659478885893949,
  "P@5": 0.1708894878706164,
  "P@10": 0.09198113207546961,
  "P@100": 0.010235849056603592,
  "R@1": 0.6041666666666666,
  "R@3": 0.7592654986522911,
  "R@5": 0.8101415094339622,
  "R@10": 0.8704514824797843,
  "R@100": 0.9623764600179695,
  "AP": 0.7054376545104535
}