case_id,qid,condition,rank,docid,retrieval_score_raw,score,rel,doc_lang,snippet
CASE_0246,1085327,endpoint,1,4211066,0.6288,0.6288,0,vi,Cuộc đua diễn ra trên các con đường của trung tâm thành phố Long Beach bao quanh Trung tâm Hội nghị và Giải trí Long Beach. Vạch xuất phát / kết thúc nằm trên Shoreline Drive. Khu vực này sẽ bị phong tỏa nên chỉ những người có vé mới có thể tiếp cận các doanh nghiệp trong vòng.
CASE_0246,1085327,endpoint,2,5086664,0.6279,0.6279,0,vi,"Đường đua Aqueduct Đường đua Aqueduct, còn được gọi là Big A, là đường đua duy nhất ở Thành phố New York, chiếm 210 mẫu Anh trong Công viên Nam Ozone ở quận Queens. Trong ba năm qua, Hiệp hội Đua xe New York đã đầu tư hơn 14 triệu đô la Mỹ vào việc cải tiến vốn tại Aqueduct, thể hiện sự tập trung li"
CASE_0246,1085327,endpoint,3,5086667,0.6242,0.6242,0,vi,"Đường đua Aqueduct. Đường đua Aqueduct, còn được gọi là Big A, là đường đua duy nhất ở Thành phố New York, chiếm 210 mẫu Anh trong Công viên Nam Ozone ở quận Queens. Trong ba năm qua, Hiệp hội Đua xe New York đã đầu tư hơn 14 triệu đô la Mỹ vào việc cải tiến vốn tại Aqueduct, thể hiện sự tập trung l"
CASE_0246,1085327,endpoint,4,3310335,0.614,0.614,0,vi,"Công viên Đường đua Pittsburgh. Công viên Đường đua Pittsburgh là một con đường kéo dài 1/4 dặm nằm gần New Alexandria, Pennsylvania. Đường ray này dường như đang sử dụng một đường băng không hoạt động, một số nguồn cho thấy là Sân bay New Alexandria và một số nguồn khác cho thấy là Dunlea Airpark."
CASE_0246,1085327,endpoint,5,3915952,0.5964,0.5964,0,vi,"Công viên Ozone là một khu phố của Thành phố New York nằm ở quận Queens giáp với Woodhaven, Richmond Hill, Bãi biển Howard và quận Brooklyn. Đây là quê hương của Đường đua Aqueduct, khu vực lân cận có lịch sử chủ yếu là người Ý và Ailen. Công viên Ozone từng là trung tâm hoạt động của mafia cho đến"
CASE_0246,1085327,endpoint,6,5086672,0.5945,0.5945,0,vi,"Đường đua Aqueduct. Đường đua 1 Aqueduct, còn được gọi là Big A, là đường đua duy nhất ở Thành phố New York, chiếm 210 mẫu Anh trong Công viên Nam Ozone ở quận Queens. 2 Một trong những bổ sung mang tính biến đổi lớn nhất là việc khai trương Longshots, một trung tâm mô phỏng hiện đại và quán bar thể"
CASE_0246,1085327,endpoint,7,948070,0.5938,0.5938,0,vi,"Không phải tên chính xác như vậy, nhưng có những đường đua khác trong khu vực Los Angeles. Trong khi thiết kế bên ngoài của mặt tiền của đường đua dựa nhiều vào Rose Bowl ở Pasadena, bản thân đường đua này rất giống với Đường đua Auto Club Speedway, nằm ở Fontana, ngoại ô phía đông Los Angeles."
CASE_0246,1085327,endpoint,8,1849320,0.5903,0.5903,0,vi,"Đấu trường tọa lạc tại số 1280 Bollenbacher Dr., ngay gần Quốc lộ 3 về phía Nam về phía Tây. Đi về phía nam, rẽ phải trên Jefferson Parkway, đi một khối và rẽ trái vào Bollenbacher Dr. Đấu trường sẽ ở bên phải bạn. Đối với khúc côn cầu mở rộng thanh thiếu niên, TẤT CẢ thiết bị là BẮT BUỘC."
CASE_0246,1085327,endpoint,9,2958142,0.5884,0.5884,0,vi,"Cuộc diễu hành sẽ bắt đầu trên Broadway tại Đường 11, rẽ phải trên Đại lộ Grand, và phải trên Harrison đến Lakeside Drive, kết thúc ở Oak và tiến đến Trung tâm Hội nghị Henry J. Kaiser cho Cuộc đua. Người hâm mộ có thể bắt đầu xếp hàng cho Cuộc đua sớm nhất là 5:00 sáng tại Lakeshore và 12 Street."
CASE_0246,1085327,endpoint,10,8804225,0.584,0.584,0,vi,Nó nằm ở phía đông nam của quận trung tâm thành phố. Nó thường được coi là khu vực giáp với Đại lộ Hollywood ở phía Bắc với Đường 85 ở phía Nam; từ Đại lộ Line ở phía Đông đến Đường Linwood ở phía Tây.
CASE_0246,1085327,mixed,1,7119970,0.6376,0.6376,1,vi,"Ridgway là một quận trong và quận lỵ của Quận Elk, Pennsylvania, Hoa Kỳ. Ridgway được thành lập bởi thương gia vận tải biển Jacob Ridgway và James Gillis của Philadelphia. Jacob Ridgway kiếm được của cải đáng kể cả ở Philadelphia và nước ngoài ở London. Anh liên tục gửi tiền về để đầu tư vào tài sản"
CASE_0246,1085327,mixed,2,2190708,0.5965,0.5965,0,vi,"Thị trấn Ridgeway, nằm ở Quận Iowa, Wisconsin bao gồm 48,75 dặm đường dọc theo hàng dặm với phong cảnh tráng lệ xuyên qua rừng sâu, khung cảnh rộng lớn từ những rặng núi cao và đá lừa qua những con suối sâu trong xanh."
CASE_0246,1085327,mixed,3,238691,0.589,0.589,0,vi,"Midway, Quận Washington, Pennsylvania. Midway là một quận ở Quận Washington thuộc tiểu bang Pennsylvania của Hoa Kỳ. Dân số tại thời điểm điều tra dân số năm 2000 là 982 người. Cộng đồng này đã trở thành điểm dừng giữa, hoặc điểm dừng giữa đường dọc theo tuyến đường sắt giữa Pittsburgh, Pennsylvania"
CASE_0246,1085327,mixed,4,227713,0.5849,0.5849,0,vi,"Công viên Ridley là một quận ở Quận Delaware, Pennsylvania, Hoa Kỳ. Dân số tại thời điểm điều tra dân số năm 2010 là 7.002 người. Công viên Ridley là nhà của bộ phận trực thăng CH-47 Chinook của Công ty Boeing. [4]"
CASE_0246,1085327,mixed,5,2190706,0.5775,0.5775,0,vi,"Ridgeway là một ngôi làng ở Iowa County, Wisconsin, Hoa Kỳ. Đây là cộng đồng đông dân thứ tư ở Iowa County. Dân số tại thời điểm điều tra dân số năm 2010 là 653 người. Ngôi làng nằm trong Thị trấn Ridgeway. Nó là một phần của Khu vực thống kê đô thị Madison."
CASE_0246,1085327,mixed,6,3310335,0.5702,0.5702,0,vi,"Công viên Đường đua Pittsburgh. Công viên Đường đua Pittsburgh là một con đường kéo dài 1/4 dặm nằm gần New Alexandria, Pennsylvania. Đường ray này dường như đang sử dụng một đường băng không hoạt động, một số nguồn cho thấy là Sân bay New Alexandria và một số nguồn khác cho thấy là Dunlea Airpark."
CASE_0246,1085327,mixed,7,2322072,0.5628,0.5628,0,vi,"Cơ quan Khảo sát Địa chất Hoa Kỳ Hệ thống Thông tin Tên Địa lý: 1174013. Edgewood là một quận ở Quận Allegheny, Pennsylvania, Hoa Kỳ, tiếp giáp với thành phố Pittsburgh. Dân số tại thời điểm điều tra dân số năm 2010 là 3.118 người."
CASE_0246,1085327,mixed,8,2474855,0.5609,0.5609,0,vi,"Martin nằm ở phía đông nam Quận Allegan, cách giao lộ US-131 và M-222 (M-118 cũ) một dặm về phía đông. Nó là một cộng đồng nông nghiệp nhỏ bao gồm một số cửa hàng và doanh nghiệp nhỏ. Nó được biết đến nhiều nhất là vị trí của Martin Dragway, một trường đua nổi tiếng (nằm ngay phía tây nam của ngã ba"
CASE_0246,1085327,mixed,9,1524545,0.5591,0.5591,0,vi,"Phía tây bắc giáp với quận Swarthmore, phía bắc giáp Springfield Township và quận Rutledge, phía đông giáp đường 420 Pennsylvania, phía đông nam giáp quận Prospect Park, phía nam giáp quận Ridley Công viên, và về phía tây nam giáp Woodlyn ở Thị trấn Ridley."
CASE_0246,1085327,mixed,10,2837263,0.5586,0.5586,0,vi,"Các hố trong cuộc đua NASCAR Cup năm 1985. Richmond International Raceway (RIR) là một đường đua trải nhựa hình chữ D dài 3/4 dặm (1,2 km) nằm ngay bên ngoài Richmond, Virginia thuộc Quận Henrico. Nó tổ chức giải NASCAR Sprint Cup Series và Xfinity Series."
CASE_0246,1086594,endpoint,1,4994953,0.7304,0.7304,0,vi,"Sử dụng bảng tuần hoàn. Đối với các nguyên tố nằm trong cột A, số electron hóa trị bằng số thứ tự của cột: IA: 1 electron hóa trị (liti, v.v.) IIA: 2 electron hóa trị (beri, v.v.) IIIA: 3 electron hóa trị (bo, v.v.) IVA: 4 điện tử hóa trị (cacbon, v.v.) VA: 5 điện tử hóa trị (nitơ, v.v.)"
CASE_0246,1086594,endpoint,2,3424860,0.7259,0.7259,0,vi,"Các nguyên tố trong một nhóm của bảng tuần hoàn có cùng số electron hóa trị trong cùng hình dạng của các obitan. Nói chung, số electron hóa trị của nguyên tử bằng số nhóm của nó. Bảng tuần hoàn electron hóa trị được đưa ra dưới đây. Đối với các nguyên tố từ nhóm IIIA đến VIIIA các electron s và p ng"
CASE_0246,1086594,endpoint,3,7108824,0.7223,0.7223,0,vi,Tên: _____ Tiết: __ Electron và Ion Hóa trị Bảng tính Các electron hóa trị 1. Electron hóa trị là gì và tại sao chúng lại quan trọng đối với một nhà hóa học? 2. Xu hướng tuần hoàn cho việc tìm số electron hóa trị khi nhìn vào bảng tuần hoàn là gì? 3. Có bao nhiêu electron hóa trị trong một nguyên tử
CASE_0246,1086594,endpoint,4,4315721,0.72,0.72,0,vi,"Các nguyên tố trong một nhóm của bảng tuần hoàn có cùng số electron hóa trị trong cùng hình dạng của các obitan. Nói chung, số electron hóa trị của nguyên tử bằng số nhóm của nó. Bảng tuần hoàn electron hóa trị được đưa ra dưới đây. Định nghĩa về electron hóa trị Để xác định electron hóa trị, các el"
CASE_0246,1086594,endpoint,5,3424853,0.7182,0.7182,0,vi,"Trong Hóa học, các electron hóa trị là các electron nằm ở lớp vỏ electron ngoài cùng của nguyên tố. Biết cách tìm số electron hóa trị trong một nguyên tử cụ thể là một kỹ năng quan trọng đối với các nhà hóa học vì thông tin này xác định các loại liên kết hóa học mà nó có thể hình thành. Tìm nguyên t"
CASE_0246,1086594,endpoint,6,8398881,0.7182,0.7182,0,vi,"Ngoài hydro, tất cả các nguyên tố trong nhóm I của bảng tuần hoàn đều có một electron hóa trị. Chúng là liti, natri, kali, rubidi, xêzi và franxi. Fa ÃƒÂ ¢ Ã‚â‚¬Ã‚Â¦ bạn di chuyển ngay trên bảng tuần hoàn thì càng có nhiều electron hóa trị. Ví dụ, các nguyên tố trong nhóm VII có 8 electron hóa trị,"
CASE_0246,1086594,endpoint,7,8149963,0.718,0.718,0,vi,"Các electron hóa trị là các electron ở lớp vỏ electron ngoài cùng của nguyên tử cô lập của một nguyên tố. Đôi khi, nó cũng được coi là cơ sở của Bảng tuần hoàn hiện đại. Trong một chu kỳ, số lượng các electron hóa trị tăng lên (hầu hết đối với các nguyên tố / kim loại nhẹ) khi chúng ta di chuyển từ"
CASE_0246,1086594,endpoint,8,8398884,0.7163,0.7163,0,vi,"Ngoài hydro, tất cả các nguyên tố trong nhóm I của bảng tuần hoàn đều có một electron hóa trị. Chúng là liti, natri, kali, rubidi, xêzi và franxi. ÃƒÂ ¢ Ã‚â‚¬Ã‚Â¦ bạn di chuyển càng xa ngay trong bảng tuần hoàn thì càng có nhiều electron hóa trị. Ví dụ, các nguyên tố trong Nhóm VII có 8 điện tử hóa"
CASE_0246,1086594,endpoint,9,5435089,0.7158,0.7158,0,vi,"Bảng tuần hoàn được thiết kế với tính năng này. Mỗi nguyên tố có số electron hóa trị bằng số thứ tự nhóm của nó trên Bảng tuần hoàn. Bảng này minh họa một số đặc điểm thú vị và phức tạp của cấu hình electron. Hình%: Tính tuần hoàn của các electron hóa trị. Đầu tiên, khi các electron trở nên cao hơn"
CASE_0246,1086594,endpoint,10,8398886,0.7127,0.7127,0,vi,"Làm cho thế giới tốt đẹp hơn, một câu trả lời tại một thời điểm. Ngoài hydro, tất cả các nguyên tố trong nhóm I của bảng tuần hoàn đều có một electron hóa trị. Chúng là liti, natri, kali, rubidi, xêzi và franxi. Bạn di chuyển càng xa về phía bên phải của bảng tuần hoàn thì càng có nhiều điện tử hóa"
CASE_0246,1086594,mixed,1,7108821,0.6982,0.6982,1,vi,Các điện tử hóa trị được sử dụng trong liên kết và xác định tính chất / đặc điểm của các nguyên tố. Các bài về electron hóa trị được viết bởi Liz LaRosa. that Element! ÃƒÂ ¢ Ã‚â‚¬Ã ‚Worksheet (pdf) - Thực hành tìm chu kỳ & nhóm cho mỗi nguyên tố.
CASE_0246,1086594,mixed,2,7491456,0.6839,0.6839,0,vi,"Câu trả lời hay nhất: Các electron hóa trị được tìm thấy bằng cách tìm cột nào (trong số 8 cao nhất) của nguyên tố trong bảng tuần hoàn. Neon nằm ở cột thứ 8 nên nó có 8 electron hóa trị. Valence đề cập đến Valence Shell - là lớp ngoài cùng của các electron - và bị ràng buộc với Quy tắc Octet, nghĩa"
CASE_0246,1086594,mixed,3,4994953,0.6684,0.6684,0,vi,"Sử dụng bảng tuần hoàn. Đối với các nguyên tố nằm trong cột A, số electron hóa trị bằng số thứ tự của cột: IA: 1 electron hóa trị (liti, v.v.) IIA: 2 electron hóa trị (beri, v.v.) IIIA: 3 electron hóa trị (bo, v.v.) IVA: 4 điện tử hóa trị (cacbon, v.v.) VA: 5 điện tử hóa trị (nitơ, v.v.)"
CASE_0246,1086594,mixed,4,5435089,0.6579,0.6579,0,vi,"Bảng tuần hoàn được thiết kế với tính năng này. Mỗi nguyên tố có số electron hóa trị bằng số thứ tự nhóm của nó trên Bảng tuần hoàn. Bảng này minh họa một số đặc điểm thú vị và phức tạp của cấu hình electron. Hình%: Tính tuần hoàn của các electron hóa trị. Đầu tiên, khi các electron trở nên cao hơn"
CASE_0246,1086594,mixed,5,7108824,0.6572,0.6572,0,vi,Tên: _____ Tiết: __ Electron và Ion Hóa trị Bảng tính Các electron hóa trị 1. Electron hóa trị là gì và tại sao chúng lại quan trọng đối với một nhà hóa học? 2. Xu hướng tuần hoàn cho việc tìm số electron hóa trị khi nhìn vào bảng tuần hoàn là gì? 3. Có bao nhiêu electron hóa trị trong một nguyên tử
CASE_0246,1086594,mixed,6,8398881,0.6546,0.6546,0,vi,"Ngoài hydro, tất cả các nguyên tố trong nhóm I của bảng tuần hoàn đều có một electron hóa trị. Chúng là liti, natri, kali, rubidi, xêzi và franxi. Fa ÃƒÂ ¢ Ã‚â‚¬Ã‚Â¦ bạn di chuyển ngay trên bảng tuần hoàn thì càng có nhiều electron hóa trị. Ví dụ, các nguyên tố trong nhóm VII có 8 electron hóa trị,"
CASE_0246,1086594,mixed,7,5311255,0.6538,0.6538,0,vi,Biểu đồ chấm electron là một phương pháp viết ký hiệu hóa học của một nguyên tố bằng cách bao quanh nó bằng các dấu chấm để biểu thị số electron hóa trị. Các electron hóa trị được tìm thấy trong lớp vỏ ngoài cùng của nguyên tử và là những electron tham gia vào các phản ứng hóa học.
CASE_0246,1086594,mixed,8,7108820,0.6527,0.6527,0,vi,của các electron hóa trị mà nguyên tố của bạn có. ÃƒÂ ¢ Ã‚â‚¬Ã‚Â ¢ Bạn sẽ chỉ vẽ các electron hóa trị.
CASE_0246,1086594,mixed,9,8398884,0.6517,0.6517,0,vi,"Ngoài hydro, tất cả các nguyên tố trong nhóm I của bảng tuần hoàn đều có một electron hóa trị. Chúng là liti, natri, kali, rubidi, xêzi và franxi. ÃƒÂ ¢ Ã‚â‚¬Ã‚Â¦ bạn di chuyển càng xa ngay trong bảng tuần hoàn thì càng có nhiều electron hóa trị. Ví dụ, các nguyên tố trong Nhóm VII có 8 điện tử hóa"
CASE_0246,1086594,mixed,10,8841543,0.6516,0.6516,0,vi,Sử dụng bảng tuần hoàn sau để trả lời các câu hỏi tiếp theo: Tìm số electron hóa trị trong các nguyên tố sau. a) Khí oxi. b) Rađon. c) Boron. Phần tử nào được biểu diễn bằng Biểu đồ chấm Lewis sau đây? Vẽ biểu đồ dấu chấm của Lewis cho các nguyên tố sau: a) Stronti. b) Nitơ. c) Neon. Một nguyên tố c
CASE_0246,1095121,endpoint,1,5853955,0.6251,0.6251,0,vi,"Tuy nhiên, caddie phải từ 14 tuổi trở lên. Người trông trẻ không cần phải có giấy chứng nhận lao động. Tuy nhiên, người trông trẻ phải từ 14 tuổi trở lên. Trẻ vị thành niên 16 và 17 tuổi không cần phải có giấy phép lao động trong trang trại để làm việc trong trang trại. Người chưa thành niên 14 và 1"
CASE_0246,1095121,endpoint,2,1406363,0.6236,0.6236,0,vi,"Yêu cầu về độ tuổi tối thiểu / tối đa: Hầu hết các sở động vật hoang dã của tiểu bang yêu cầu ứng viên phải từ 21 tuổi trở lên, với tất cả các sở yêu cầu ứng viên phải từ 18 tuổi trở lên. Các cá nhân đăng ký công việc quản lý trò chơi liên bang thông qua Dịch vụ Cá và Động vật hoang dã Hoa Kỳ phải t"
CASE_0246,1095121,endpoint,3,7354877,0.6196,0.6196,0,vi,Trẻ vị thành niên dưới 14 tuổi được phép làm việc trong các trang trại nhưng phải do nông dân thuê. Trẻ em có thể làm người đưa tin khi 11 tuổi và làm caddie khi 12 tuổi.
CASE_0246,1095121,endpoint,4,6669973,0.6133,0.6133,0,vi,"Thanh niên dưới 12 tuổi chỉ có thể làm việc trong lĩnh vực nông nghiệp trong trang trại nếu trang trại đó không phải trả mức lương tối thiểu của Liên bang. Thanh niên từ 16 tuổi trở lên, có thể làm việc ở bất kỳ trang trại nào, kể cả trong giờ học trong buổi học, vào bất kỳ ngày nào, bất kỳ số giờ n"
CASE_0246,1095121,endpoint,5,8293902,0.6127,0.6127,0,vi,Bạn phải bao nhiêu tuổi để làm việc tiết kiệm?
CASE_0246,1095121,endpoint,6,7613991,0.6105,0.6105,0,vi,Xem tất cả Trâu rừng nướng cánh rừng và quán bar Việc làm tối thiểu 16 tuổi Không tìm được việc làm bạn đang tìm? Thể hiện sự quan tâm bằng cách cho chúng tôi biết bạn muốn làm việc ở đâu.
CASE_0246,1095121,endpoint,7,866059,0.6084,0.6084,0,vi,"A: Bạn phải đủ 18 tuổi để làm việc tại Woodward Camp. Nếu bạn quan tâm đến một vị trí, vui lòng liên hệ với văn phòng trại để biết thêm chi tiết hoặc xem phần Trang web về các công việc hiện có. Nếu bạn quan tâm đến việc làm việc tại Woodward Camp, vui lòng xem trang Việc làm của chúng tôi để biết c"
CASE_0246,1095121,endpoint,8,5192868,0.6077,0.6077,0,vi,"Trả lời Độ tuổi tối thiểu để làm việc khác nhau tùy theo tình huống. Ở Hoa Kỳ, độ tuổi tối thiểu cho hầu hết công việc là 16, mặc dù trong một số trường hợp, nó có thể thấp tới 14. Ở đó ÃƒÂ ¢ Ã‚â‚¬Ã‚Â¦ không có độ tuổi tối thiểu cho nông dân, ngoài độ tuổi cần thiết để làm việc trong trang trại. 4 n"
CASE_0246,1095121,endpoint,9,944558,0.6054,0.6054,0,vi,"Giờ được quy định nếu bạn dưới 16 tuổi. Trẻ em 12 và 13 chỉ có thể làm việc trong các trang trại và được sự đồng ý của cha mẹ. Trẻ em 14 và 15 có thể có những công việc chính thức không nguy hiểm, không sản xuất và không khai thác mỏ. Đối với trẻ em 16 và 17 tuổi, hai hạn chế cuối cùng được bỏ. Nhưn"
CASE_0246,1095121,endpoint,10,5829982,0.5998,0.5998,0,vi,"Để làm việc cho NATS, bạn phải từ 13 tuổi trở lên vào thời điểm mùa giải bắt đầu. (Chúng tôi nói ngày 1 tháng 7 vì sự đơn giảnÃƒÂ ¢ Ã‚â‚¬Ã‚â „¢ s sake). Mặc dù độ tuổi hợp pháp ở Nebraska là 12, một số công ty sản xuất ngô hạt có giới hạn độ tuổi lớn hơn và yêu cầu bất kỳ ai bước vào cánh đồng của h"
CASE_0246,1095121,mixed,1,7613985,0.7217,0.7217,1,vi,Bạn phải bao nhiêu tuổi để làm việc tại Buffalo Wild Wings? Ứng viên phải từ 16 tuổi trở lên mới được làm việc tại nhà hàng này. Ứng dụng có thể in cho Buffalo Wild Wings không được áp dụng do mối quan hệ đối tác của họ với Snagajob. Đơn xin việc Buffalo Wild Wings chỉ được chấp nhận trực tuyến.
CASE_0246,1095121,mixed,2,1406363,0.6777,0.6777,0,vi,"Yêu cầu về độ tuổi tối thiểu / tối đa: Hầu hết các sở động vật hoang dã của tiểu bang yêu cầu ứng viên phải từ 21 tuổi trở lên, với tất cả các sở yêu cầu ứng viên phải từ 18 tuổi trở lên. Các cá nhân đăng ký công việc quản lý trò chơi liên bang thông qua Dịch vụ Cá và Động vật hoang dã Hoa Kỳ phải t"
CASE_0246,1095121,mixed,3,866059,0.6617,0.6617,0,vi,"A: Bạn phải đủ 18 tuổi để làm việc tại Woodward Camp. Nếu bạn quan tâm đến một vị trí, vui lòng liên hệ với văn phòng trại để biết thêm chi tiết hoặc xem phần Trang web về các công việc hiện có. Nếu bạn quan tâm đến việc làm việc tại Woodward Camp, vui lòng xem trang Việc làm của chúng tôi để biết c"
CASE_0246,1095121,mixed,4,8293902,0.6595,0.6595,0,vi,Bạn phải bao nhiêu tuổi để làm việc tiết kiệm?
CASE_0246,1095121,mixed,5,7613988,0.6416,0.6416,0,vi,846 Buffalo Wild Wings Grill And Bar Tuổi tối thiểu 16 tuổi đang tuyển dụng việc làm gần bạn. Tìm việc làm Buffalo Wild Wings Grill And Bar Tuổi tối thiểu 16 tuổi và nộp đơn trực tuyến. Tìm kiếm Buffalo Wild Wings Grill And Bar Tuổi tối thiểu 16 tuổi để tìm công việc tiếp theo của bạn Buffalo Wild W
CASE_0246,1095121,mixed,6,5891949,0.6398,0.6398,0,vi,"Độ tuổi hợp pháp để làm việc ở Nebraska? Trong các công việc không được coi là đặc biệt nguy hiểm, FLSA quy định độ tuổi tối thiểu bình thường để làm việc trong nông nghiệp là 14 tuổi, trong khi ở mọi ngành khác, độ tuổi tối thiểu bình thường là 16 tuổi; 18 năm đối với công việc độc hại. 3 người thấ"
CASE_0246,1095121,mixed,7,5853955,0.6397,0.6397,0,vi,"Tuy nhiên, caddie phải từ 14 tuổi trở lên. Người trông trẻ không cần phải có giấy chứng nhận lao động. Tuy nhiên, người trông trẻ phải từ 14 tuổi trở lên. Trẻ vị thành niên 16 và 17 tuổi không cần phải có giấy phép lao động trong trang trại để làm việc trong trang trại. Người chưa thành niên 14 và 1"
CASE_0246,1095121,mixed,8,7398107,0.6383,0.6383,0,vi,Một người phải từ 16 tuổi trở lên để làm việc tại The Finish Line.
CASE_0246,1095121,mixed,9,5192868,0.6369,0.6369,0,vi,"Trả lời Độ tuổi tối thiểu để làm việc khác nhau tùy theo tình huống. Ở Hoa Kỳ, độ tuổi tối thiểu cho hầu hết công việc là 16, mặc dù trong một số trường hợp, nó có thể thấp tới 14. Ở đó ÃƒÂ ¢ Ã‚â‚¬Ã‚Â¦ không có độ tuổi tối thiểu cho nông dân, ngoài độ tuổi cần thiết để làm việc trong trang trại. 4 n"
CASE_0246,1095121,mixed,10,5829982,0.6365,0.6365,0,vi,"Để làm việc cho NATS, bạn phải từ 13 tuổi trở lên vào thời điểm mùa giải bắt đầu. (Chúng tôi nói ngày 1 tháng 7 vì sự đơn giảnÃƒÂ ¢ Ã‚â‚¬Ã‚â „¢ s sake). Mặc dù độ tuổi hợp pháp ở Nebraska là 12, một số công ty sản xuất ngô hạt có giới hạn độ tuổi lớn hơn và yêu cầu bất kỳ ai bước vào cánh đồng của h"
CASE_0246,1095874,endpoint,1,5940470,0.7228,0.7228,0,vi,"Các nhân viên cứu hỏa ở Austin, Texas sẽ kiếm được từ $ 21,641 đến $ 61,210. Mức lương trung bình hàng năm cho một lính cứu hỏa ở Austin là $ 41.424. nó chắc chắn xứng đáng với thời gian của bạn. Tôi là một thợ điện công đoàn ở đây ngay bây giờ. Tôi không thể cung cấp cho bạn một con số chính xác hà"
CASE_0246,1095874,endpoint,2,1725979,0.7193,0.7193,0,vi,Mức lương trung bình cho một Lính cứu hỏa là C $ 61.437 mỗi năm.
CASE_0246,1095874,endpoint,3,5529477,0.7183,0.7183,0,vi,"Mức lương hàng năm cho lính cứu hỏa trung bình có thể thay đổi dựa trên những yếu tố như kinh nghiệm và vị trí. Tại Hoa Kỳ, mức lương trung bình cho một lính cứu hỏa là $ 42,87 ÃƒÂ ¢ Ã‚â‚¬Ã‚Â¦ 8."
CASE_0246,1095874,endpoint,4,3035263,0.7168,0.7168,0,vi,"Mức lương trung bình của lính cứu hỏa tình nguyện ở Hoa Kỳ là $ 34.059 hoặc mức lương theo giờ tương đương là $ 16. Ngoài ra, họ kiếm được tiền thưởng trung bình là 470 đô la. Mức lương ước tính dựa trên dữ liệu khảo sát tiền lương được thu thập trực tiếp từ người sử dụng lao động và nhân viên ẩn da"
CASE_0246,1095874,endpoint,5,2821813,0.7162,0.7162,0,vi,"Mức lương trung bình của lính cứu hỏa. Mức lương trung bình cho công việc lính cứu hỏa là $ 39,000. Mức lương trung bình của lính cứu hỏa có thể thay đổi rất nhiều do công ty, vị trí, ngành nghề, kinh nghiệm và lợi ích. Mức lương này được tính bằng mức lương trung bình cho tất cả các công việc có th"
CASE_0246,1095874,endpoint,6,3035265,0.7148,0.7148,0,vi,Mức lương trung bình của lính cứu hỏa tình nguyện ở Hoa Kỳ là $ 34.059 hoặc mức lương theo giờ tương đương là $ 16. Mức lương ước tính dựa trên dữ liệu khảo sát tiền lương được thu thập trực tiếp từ người sử dụng lao động và nhân viên ẩn danh ở Hoa Kỳ
CASE_0246,1095874,endpoint,7,3910586,0.7143,0.7143,0,vi,"Mức lương trung bình hàng năm cho lính cứu hỏa là 48.030 đô la vào tháng 5 năm 2016. Mức lương trung bình là mức lương mà tại đó một nửa số công nhân trong một ngành nghề kiếm được nhiều hơn số tiền đó và một nửa kiếm được ít hơn. 10 phần trăm thấp nhất kiếm được ít hơn $ 23,700 và 10 phần trăm cao"
CASE_0246,1095874,endpoint,8,7556012,0.7141,0.7141,0,vi,Tìm hiểu thêm về Mức lương trung bình của Lính cứu hỏa / Nhân viên y tế ở Arizona trên Đơn giản là Thuê. So sánh mức lương trung bình theo chức danh công việc và bộ kỹ năng.
CASE_0246,1095874,endpoint,9,1725972,0.7138,0.7138,0,vi,"Mức lương trung bình hàng năm cho lính cứu hỏa là 48.030 đô la vào tháng 5 năm 2016. Mức lương trung bình là mức lương mà tại đó một nửa số công nhân trong một ngành nghề kiếm được nhiều hơn số tiền đó và một nửa kiếm được ít hơn. 10 phần trăm thấp nhất kiếm được ít hơn $ 23,700 và 10 phần trăm cao"
CASE_0246,1095874,endpoint,10,4076289,0.7137,0.7137,0,vi,"Trung bình Quốc gia. Lính cứu hỏa kiếm được mức lương trung bình hàng năm là 47.270 đô la và mức lương trung bình theo giờ là 22,72 đô la vào tháng 5 năm 2009, theo Cục Thống kê Lao động. Các chuyên gia trong nghề này kiếm được mức lương trung bình hàng năm là 45.050 đô la và mức lương trung bình hà"
CASE_0246,1095874,mixed,1,7556014,0.7229,0.7229,1,vi,"Mức lương trung bình cho Sở Cứu hỏa Phoenix - Lính cứu hỏa Arizona: $ 50,193. Sở Cứu hỏa Phoenix - Arizona xu hướng tiền lương dựa trên mức lương được đăng tải ẩn danh bởi các nhân viên Sở Cứu hỏa Phoenix - Arizona."
CASE_0246,1095874,mixed,2,5940470,0.7107,0.7107,0,vi,"Các nhân viên cứu hỏa ở Austin, Texas sẽ kiếm được từ $ 21,641 đến $ 61,210. Mức lương trung bình hàng năm cho một lính cứu hỏa ở Austin là $ 41.424. nó chắc chắn xứng đáng với thời gian của bạn. Tôi là một thợ điện công đoàn ở đây ngay bây giờ. Tôi không thể cung cấp cho bạn một con số chính xác hà"
CASE_0246,1095874,mixed,3,7556012,0.7097,0.7097,0,vi,Tìm hiểu thêm về Mức lương trung bình của Lính cứu hỏa / Nhân viên y tế ở Arizona trên Đơn giản là Thuê. So sánh mức lương trung bình theo chức danh công việc và bộ kỹ năng.
CASE_0246,1095874,mixed,4,569960,0.6914,0.6914,0,vi,"Chức danh Công việc thay thế: Lính cứu hỏa, Lính cứu hỏa. Fire Fighter kiếm được bao nhiêu? Mức lương trung bình hàng năm của Nhân viên cứu hỏa là 44.703 đô la, tính đến ngày 31 tháng 3 năm 2017, với mức thường từ 33.528 đến 55.879 đô la, tuy nhiên, mức lương này có thể thay đổi nhiều tùy thuộc vào"
CASE_0246,1095874,mixed,5,242629,0.6873,0.6873,0,vi,"Mức lương trung bình của lính cứu hỏa. Mức lương trung bình cho công việc lính cứu hỏa ở San Antonio, TX là $ 34,000. Mức lương trung bình của lính cứu hỏa có thể thay đổi rất nhiều do công ty, vị trí, ngành nghề, kinh nghiệm và lợi ích. Mức lương này được tính bằng mức lương trung bình cho tất cả c"
CASE_0246,1095874,mixed,6,6422592,0.6859,0.6859,0,vi,"Mức lương trung bình hàng năm cho Lính cứu hỏa là bao nhiêu? Fire Fighter kiếm được bao nhiêu? Mức lương trung bình hàng năm của Nhân viên cứu hỏa là 45.300 đô la, kể từ ngày 02 tháng 1 năm 2018, với mức thường từ 33.975 - 56.625 đô la, tuy nhiên, mức lương này có thể thay đổi nhiều tùy thuộc vào nh"
CASE_0246,1095874,mixed,7,3098840,0.6839,0.6839,0,vi,"Trong năm 2011, Cục Thống kê Lao động đã báo cáo mức lương trung bình hàng năm cho lính cứu hỏa ở California là 71.030 đô la. Trong khi đó, mức lương trung bình hàng năm ở Texas là $ 45,530. Các bang khác trả gần cao nhất cho lính cứu hỏa bao gồm New Jersey, New York, Washington và Nevada.aramedics."
CASE_0246,1095874,mixed,8,6565060,0.6836,0.6836,0,vi,"Mức lương trung bình theo giờ của lính cứu hỏa ở Wisconsin. Lính cứu hỏa kiếm được mức lương trung bình hàng giờ là 13,58 đô la. Mức lương hàng giờ thường bắt đầu từ 8,42 đô la và tăng lên 28,82 đô la. Mức lương trung bình hàng năm của lính cứu hỏa ở Wisconsin. Lính cứu hỏa kiếm được mức lương trung"
CASE_0246,1095874,mixed,9,4076289,0.682,0.682,0,vi,"Trung bình Quốc gia. Lính cứu hỏa kiếm được mức lương trung bình hàng năm là 47.270 đô la và mức lương trung bình theo giờ là 22,72 đô la vào tháng 5 năm 2009, theo Cục Thống kê Lao động. Các chuyên gia trong nghề này kiếm được mức lương trung bình hàng năm là 45.050 đô la và mức lương trung bình hà"
CASE_0246,1095874,mixed,10,3035263,0.6818,0.6818,0,vi,"Mức lương trung bình của lính cứu hỏa tình nguyện ở Hoa Kỳ là $ 34.059 hoặc mức lương theo giờ tương đương là $ 16. Ngoài ra, họ kiếm được tiền thưởng trung bình là 470 đô la. Mức lương ước tính dựa trên dữ liệu khảo sát tiền lương được thu thập trực tiếp từ người sử dụng lao động và nhân viên ẩn da"
CASE_0246,1097223,endpoint,1,5566638,0.7175,0.7175,0,vi,"KHÔNG có câu trả lời chính xác cho câu hỏi này. Số lượng chữ số trong tài khoản ngân hàng khác nhau tùy theo ngân hàng và không nhất thiết giống nhau đối với tất cả các tài khoản tại một ngân hàng nhất định. Số tài khoản ngân hàng của TÔI là 8 chữ số. Một vài năm trước, ngân hàng của tôi đã hết 8 ch"
CASE_0246,1097223,endpoint,2,7975601,0.6964,0.6964,0,vi,"Luôn chỉ định số tài khoản ngân hàng của riêng bạn từ 6 đến 17 chữ số trong trường ÃƒÂ ¢ Ã‚â‚¬Ã‚Å “Số tài khoản ngân hàngÃƒÂ ¢ Ã‚â‚¬Ã‚. Tài khoản ngân hàng của Hoa Kỳ có thể có từ 6 đến 17 chữ số. Không tiền tố hoặc hậu tố. Nếu số Tài khoản ngân hàng của bạn ngắn hơn 17 chữ số / ký tự, chỉ cần chỉ đ"
CASE_0246,1097223,endpoint,3,2696218,0.6956,0.6956,0,vi,"Độ dài phổ biến nhất cho số tài khoản ngân hàng là 9, 12 hoặc 10 chữ số. Mặc dù chúng có độ dài từ 4 đến 17 chữ số. Tôi có một cơ sở dữ liệu lớn gồm các số hợp lệ và không có mẫu nào mà tôi có thể nhìn thấy số tài khoản."
CASE_0246,1097223,endpoint,4,1333773,0.6943,0.6943,0,vi,"Định dạng số tài khoản thích hợp dài 14 chữ số, bắt đầu bằng 746 và bao gồm bao nhiêu số 0 cần thiết để tạo thành 14 chữ số. Số tài khoản của bạn có thể được tìm thấy ở cuối séc của bạn."
CASE_0246,1097223,endpoint,5,1712252,0.6932,0.6932,0,vi,"Số tài khoản thường có độ dài từ năm chữ số trở lên với mỗi chữ số đại diện cho một bộ phận của công ty, bộ phận, loại tài khoản, v.v. Chữ số đầu tiên có thể biểu thị loại tài khoản (tài sản, nợ phải trả, v.v.). Ví dụ: nếu chữ số đầu tiên là 1, nó là một tài sản. Nếu chữ số đầu tiên là 6, đó là chi"
CASE_0246,1097223,endpoint,6,8140571,0.6887,0.6887,0,vi,"Số Tài khoản Ngân hàng HDFC chỉ có 14 (Mười bốn) chữ số. Các số tài khoản trước đây có Mã chi nhánh và Mã sản phẩm trong Số tài khoản. Tuy nhiên, sau đó, định dạng số đã được thay đổi và bây giờ chữ số thứ ba của Số tài khoản đại diện cho mã sản phẩm. Nhưng độ dài của các số tài khoản vẫn bằng nhau,"
CASE_0246,1097223,endpoint,7,5672735,0.6877,0.6877,0,vi,"Số thứ chín được sử dụng để xác minh các số trước đó là chính xác. Số tài khoản ngân hàng tiêu chuẩn có độ dài chín hoặc mười chữ số, nhưng có thể dài tới 17 chữ số, điều này chỉ phụ thuộc vào ngân hàng được đề cập."
CASE_0246,1097223,endpoint,8,6670844,0.6872,0.6872,0,vi,"Kiểm tra Tài khoản, Tài khoản Thị trường Tiền tệ và Tài khoản Tiết kiệm Y tế (HSA) Định dạng số tài khoản thích hợp dài 14 chữ số, bắt đầu bằng 746 và bao gồm nhiều số 0 nếu cần để tạo thành 14 chữ số. Số tài khoản của bạn có thể được tìm thấy ở cuối séc của bạn. 746 + được điền trước bởi các số khô"
CASE_0246,1097223,endpoint,9,7057951,0.6866,0.6866,0,vi,"Với Visa, MasterCard và Discover, số thẻ tín dụng có 16 chữ số và chữ số thứ 7 đến chữ số 15 là số tài khoản. Điều này để lại chín chữ số cho số tài khoản của bạn ÃƒÂ ¢ Ã‚â‚¬Ã‚â € cung cấp hàng tỷ kết hợp có thể có. Với American Express, chỉ có 15 chữ số cho số tài khoản."
CASE_0246,1097223,endpoint,10,7975599,0.6858,0.6858,0,vi,"12.4.6.5 Số tài khoản cước phí. Độ dài tối đa cho ID trường 6139 (Số tài khoản FXF) là 9; tuy nhiên, cả số tài khoản Cước phí 8 chữ số và 9 chữ số đều được hỗ trợ. Chỉ bốn chữ số cuối của số tài khoản sẽ được in trên BOL. Các chữ số khác sẽ được thay thế bằng chữ X."
CASE_0246,1097223,mixed,1,7431837,0.7322,0.7322,1,vi,"Có mười chữ số cho tài khoản ngân hàng Wells Fargo. Nếu không chắc chắn về số tài khoản của mình, họ có thể liên hệ với ngân hàng để được hỗ trợ."
CASE_0246,1097223,mixed,2,6570149,0.7267,0.7267,0,vi,Số tài khoản Wells Fargo có 10 chữ số. Số tài khoản có thể được tìm thấy trên bảng sao kê tài khoản của bạn hoặc ở phía bên phải của các số định tuyến ở cuối séc của bạn.
CASE_0246,1097223,mixed,3,8377236,0.7171,0.7171,0,vi,"Số tài khoản Wells Fargo có 10 chữ số. Số tài khoản có thể được tìm thấy trên bảng sao kê tài khoản của bạn hoặc ở phía bên phải của các số định tuyến ở dưới cùng oÃƒÂ ¢ Ã‚â‚¬Ã‚Â¦ trong séc của bạn. Nếu bạn không có quyền truy cập vào bảng sao kê hoặc séc, cách tốt nhất của bạn là đến một địa điểm n"
CASE_0246,1097223,mixed,4,521418,0.6938,0.6938,0,vi,"- Số tài khoản của bạn: Số tài khoản đầy đủ của bạn. - Title of Account: Tên tài khoản của bạn xuất hiện trên bảng sao kê. Lưu ý: Có một khoản phí khi nhận chuyển khoản. Để biết chi tiết, hãy gọi cho Ngân hàng Wells Fargo theo số 1-800-TO-WELLS (1-800-869-3557)."
CASE_0246,1097223,mixed,5,8177269,0.6932,0.6932,0,vi,"Hướng dẫn 4 bước đơn giản để giải quyết vấn đề Wells Fargo phổ biến này một cách nhanh chóng và hiệu quả bởi GetHuman 1 Xin chào, để đóng tài khoản có số dư bằng 0, hãy làm theo các bước sau: Gọi cho Wells Fargo theo số 1-800-869-3557. Hoặc Đăng nhập vào Wells Fargo Online và chọn Liên hệ với chúng"
CASE_0246,1097223,mixed,6,4469480,0.6902,0.6902,0,vi,"Cập nhật năm 2017: Việc tìm kiếm số tài khoản của bạn giờ đây dễ dàng hơn bao giờ hết. Từ trang web của Wells Fargo, chỉ cần nhấp vào tài khoản mà bạn muốn để lấy các số. Khi bản tóm tắt tài khoản hiển thị trên màn hình, hãy nhấp vào bốn chữ số cuối cùng của số tài khoản. Một cửa sổ bật lên sẽ xuất"
CASE_0246,1097223,mixed,7,52660,0.6881,0.6881,0,vi,"Việc tìm kiếm số tài khoản của bạn giờ đây dễ dàng hơn bao giờ hết. Từ trang web của Wells Fargo, chỉ cần nhấp vào tài khoản mà bạn muốn để lấy các số. Khi bản tóm tắt tài khoản hiển thị trên màn hình, hãy nhấp vào bốn chữ số cuối cùng của số tài khoản. Một cửa sổ bật lên sẽ xuất hiện với tài khoản"
CASE_0246,1097223,mixed,8,4386356,0.6746,0.6746,0,vi,"Nếu bạn nhận được một email đáng ngờ yêu cầu số tài khoản của mình, hãy chuyển tiếp email đến reportphish@wellsfargo.com và xóa nó. Nếu bạn cần thêm thông tin, hãy gọi cho chúng tôi theo số 1-800-TO-WELLS. ThatÃƒÂ ¢ Ã‚â‚¬Ã‚â „¢ s 1-800-869-3557. Bạn có thể tìm thêm câu trả lời cho các câu hỏi và tha"
CASE_0246,1097223,mixed,9,53631,0.6728,0.6728,0,vi,061000227 số định tuyến của WELLS FARGO BANK Kiểm tra số định tuyến của WELLS FARGO BANK để chuyển khoản ngân hàng. 061000227 là số định tuyến của WELLS FARGO BANK. Kiểm tra thông tin chi tiết về 061000227. Số định tuyến ngân hàng này là bắt buộc để chuyển tiền điện tử. Số định tuyến ngân hàng của W
CASE_0246,1097223,mixed,10,5508191,0.6724,0.6724,0,vi,"Cách đóng tài khoản Wells Fargo. Để đóng tài khoản séc không có số dư tại Wells Fargo, bạn có thể gọi cho ngân hàng theo số 800-869-3557 hoặc gửi yêu cầu qua email qua trang web của ngân hàng. Để đóng tài khoản séc có số dư, bạn phải chuyển số dư sang tài khoản khác sau đó gửi email yêu cầu đóng tài"
CASE_0246,230725,endpoint,1,3970237,0.644,0.644,0,vi,"Có 298 dặm từ St. Louis, MO đến Chicago, IL. Mất khoảng 5 giờ để lái xe đến đó hoặc 3 ngày và 22 giờ để đi bộ đến đó."
CASE_0246,230725,endpoint,2,5547280,0.6239,0.6239,0,vi,"Câu trả lời của Laary C. Độ tin cậy bình chọn 10,3K. Điều đó phụ thuộc vào phần nào của Nova Scotia mà bạn đang cố gắng tìm khoảng cách. Từ Chicago, IL đến Halifax, Nova Scotia, Canada, khoảng cách là khoảng 1.975 km."
CASE_0246,230725,endpoint,3,2324363,0.6206,0.6206,0,vi,"Nó là 892 dặm từ Chicago, IL đến Hartford, CT. Bạn sẽ mất khoảng 14 tiếng rưỡi để lái xe. Để biết chỉ đường, lập bản đồ và thời gian, hãy xem Liên kết có liên quan."
CASE_0246,230725,endpoint,4,3413114,0.6194,0.6194,0,vi,Khoảng cách từ Minnesota đến Chicago. Khoảng cách từ Minnesota đến Chicago là 780 km. Khoảng cách di chuyển bằng đường hàng không này là 485 dặm. Khoảng cách ngắn nhất giữa Minnesota và Chicago bằng đường hàng không (chim bay) là 780 km = 485 dặm. Nếu bạn đi máy bay (có tốc độ trung bình là 560 dặm)
CASE_0246,230725,endpoint,5,5973762,0.6112,0.6112,0,vi,"Ghi chú về khoảng cách, tiêu thụ khí và phát thải. Khoảng cách từ Fort Leonard Wood, MO tới Chicago, IL là 442Miles hoặc 711 Km. Bạn có thể đi được khoảng cách này khoảng 6 giờ 43 phút. Nếu bạn muốn lập kế hoạch đi du lịch với máy bay trong 375 Dặm hoặc 604 km, Bạn có thể đi khoảng cách này khoảng 1"
CASE_0246,230725,endpoint,6,2324354,0.6101,0.6101,0,vi,"Khoảng cách lái xe giữa Chicago, IL và Hartford, CT là khoảng 895 dặm. Thời gian lái xe sẽ là khoảng 14 giờ 30 phút nếu bạn đi không cần khom lưng trong điều kiện lái xe tốt."
CASE_0246,230725,endpoint,7,6540813,0.6093,0.6093,0,vi,"tồn tại và là một thay thế của. Khoảng cách giữa Chicago, Illinois, Hoa Kỳ và CancÃƒÆ’Ã‚Âºn, Mexico là 1425 dặm (2293 km). Từ Chicago Illinois đến Cancun Mexico khoảng 1425 dặm (2293 km)."
CASE_0246,230725,endpoint,8,7303435,0.608,0.608,0,vi,"Tuy nhiên, cứ ba năm một lần hoặc lâu hơn trong mùa đông Chicago lại trải qua một trận bão tuyết lớn hơn có thể tạo ra hơn 10 inch (25 cm) tuyết trong khoảng thời gian từ 1 đến 3 ngày, mức độ tuyết rơi rất thường thấy ở các thành phố trên phía bên kia của hồ như Grand Rapids, Michigan, Kalamazoo, Mi"
CASE_0246,230725,endpoint,9,3234157,0.606,0.606,0,vi,"Nằm cách hẻm núi Little Cottonwood 6 dặm, Snowbird chỉ cách Sân bay Quốc tế Thành phố Salt Lake 45 phút lái xe tuyệt đẹp, biến việc trượt tuyết và bay trong ngày trở thành hiện thực. Nowbird Khu nghỉ dưỡng Trượt tuyết và Mùa hè. Cung cấp 3.240 feet thẳng đứng của địa hình từng đoạt giải thưởng được"
CASE_0246,230725,endpoint,10,683607,0.6055,0.6055,0,vi,"Mùa đông ở Chicago khá thay đổi: Lượng tuyết rơi theo mùa trong thành phố dao động từ 9,8 inch (24,9 cm) (năm 1920ÃƒÂ ¢ Ã‚â‚¬Ã‚â € œ21) lên đến 89,7 inch (228 cm) (năm 1978ÃƒÂ ¢ Ã ‚ â'¬Ã‚â € œ79) và lượng tuyết rơi trung bình hàng năm ở Chicago là 36 inch (91 cm)."
CASE_0246,230725,mixed,1,7737541,0.7156,0.7156,1,vi,Cedar Point cách Chicago 295 dặm. Sẽ mất khoảng 4 giờ 40 phút lái xe. Cedar Point cách Chicago 295 dặm. Sẽ mất khoảng 4 giờ 40 phút lái xe.
CASE_0246,230725,mixed,2,7737547,0.6735,0.6735,0,vi,"Khoảng cách lái xe từ Chicago, IL đến Cedar Point, IL. Tổng quãng đường lái xe từ Chicago, IL đến Cedar Point, IL là 103 dặm hoặc 166 km. Chuyến đi của bạn bắt đầu ở Chicago, Illinois. Nó kết thúc ở Cedar Point, Illinois. Nếu bạn đang lên kế hoạch cho một chuyến đi đường bộ, bạn cũng có thể muốn tín"
CASE_0246,230725,mixed,3,7737549,0.6703,0.6703,0,vi,"Ghi chú khoảng cách, tiêu thụ khí và phát thải. Khoảng cách từ Chicago, IL đến Cedar Point, Sandusky, OH là 295Miles hoặc 475 Km. Bạn có thể đi được khoảng cách này khoảng 4 giờ 42 phút. Nếu bạn muốn lập kế hoạch đi du lịch với máy bay trong 257 Dặm hoặc 414 Km, bạn có thể đi khoảng cách này khoảng"
CASE_0246,230725,mixed,4,3970237,0.6603,0.6603,0,vi,"Có 298 dặm từ St. Louis, MO đến Chicago, IL. Mất khoảng 5 giờ để lái xe đến đó hoặc 3 ngày và 22 giờ để đi bộ đến đó."
CASE_0246,230725,mixed,5,5973762,0.653,0.653,0,vi,"Ghi chú về khoảng cách, tiêu thụ khí và phát thải. Khoảng cách từ Fort Leonard Wood, MO tới Chicago, IL là 442Miles hoặc 711 Km. Bạn có thể đi được khoảng cách này khoảng 6 giờ 43 phút. Nếu bạn muốn lập kế hoạch đi du lịch với máy bay trong 375 Dặm hoặc 604 km, Bạn có thể đi khoảng cách này khoảng 1"
CASE_0246,230725,mixed,6,2324363,0.6506,0.6506,0,vi,"Nó là 892 dặm từ Chicago, IL đến Hartford, CT. Bạn sẽ mất khoảng 14 tiếng rưỡi để lái xe. Để biết chỉ đường, lập bản đồ và thời gian, hãy xem Liên kết có liên quan."
CASE_0246,230725,mixed,7,6651016,0.6475,0.6475,0,vi,"Khoảng cách từ Denver, CO đến Chicago, IL. Tổng khoảng cách từ Denver, CO đến Chicago, IL là 920 dặm. Điều này tương đương với 1ÃƒÂ ¢ Ã‚â‚¬Ã‚â € ° 481 km hoặc 800 hải lý. Chuyến đi của bạn bắt đầu ở Denver, Colorado."
CASE_0246,230725,mixed,8,5973759,0.6447,0.6447,0,vi,"1 giờ 18 phút. Khoảng cách từ Fort Leonard Wood, MO tới Chicago, IL là 442Miles hoặc 711 Km. Bạn có thể đi được khoảng cách này khoảng 6 giờ 43 phút. Nếu bạn muốn lập kế hoạch đi du lịch với máy bay trong 375 Dặm hoặc 604 km, Bạn có thể đi khoảng cách này khoảng 1 giờ 18 phút."
CASE_0246,230725,mixed,9,5996158,0.6445,0.6445,0,vi,"Khoảng cách lái xe giữa Charlotte, NC và Chicago, IL là khoảng 755 dặm. Thời gian lái xe sẽ là khoảng 12 giờ 15 phút nếu bạn đi du lịch không phải st ÃƒÂ ¢ Ã‚â‚¬Ã‚Â¦ trong điều kiện lái xe tốt."
CASE_0246,230725,mixed,10,6651017,0.6398,0.6398,0,vi,"Khoảng cách từ Denver, CO đến Chicago, IL. Tổng khoảng cách từ Denver, CO đến Chicago, IL là 920 dặm. Điều này tương đương với 1ÃƒÂ ¢ Ã‚â‚¬Ã‚â € ° 481 km hoặc 800 hải lý. Chuyến đi của bạn bắt đầu ở Denver, Colorado. Nó kết thúc ở Chicago, Illinois. Hướng bay của bạn từ Denver, CO đến Chicago, IL là"
CASE_0246,249821,endpoint,1,6438625,0.7341,0.7341,0,vi,Số phiếu tự tin 261K. Phẫu thuật thay thế đầu gối bao gồm việc thay thế một phần đầu gối bị mất khối lượng xương. Có một số phương pháp thay thế đầu gối khác nhau và chúng thường mất 6 tuần trước khi hết khó chịu và kéo dài từ 10 đến 20 năm. Thời gian để vết thương lành lại phụ thuộc vào sức khỏe củ
CASE_0246,249821,endpoint,2,6046542,0.7254,0.7254,0,vi,"2 bác sĩ thống nhất: Còn tùy: Phục hồi hoàn toàn sau khi thay khớp gối thường mất hơn một năm. Hầu hết bệnh nhân giảm việc sử dụng thuốc giảm đau trong vòng hai tuần sau khi thay thế, đến 6 tuần họ cảm thấy thoải mái và thường là 3 tháng đầu gối sẽ mờ dần về nền và cuộc sống không xoay quanh đầu gối"
CASE_0246,249821,endpoint,3,7351122,0.7215,0.7215,0,vi,"Thời gian để phục hồi. Thông thường, phải mất 2 đến 4 tuần để đầu gối bị giãn hoàn toàn. Vật lý trị liệu và nghỉ ngơi là hai phương pháp chính để điều trị tình trạng này. Thuốc giảm đau đầu gối cũng có thể được cung cấp để điều trị."
CASE_0246,249821,endpoint,4,4627496,0.7182,0.7182,0,vi,"Mốc thời gian để phục hồi Đầu gối của bạn sẽ khá hơn, nhưng có thể mất nhiều thời gian hơn so với chấn thương thể thao trung bình hoặc gãy xương. Quá trình hồi phục hoàn toàn có thể mất từ ​​6 tháng đến một năm."
CASE_0246,249821,endpoint,5,3533493,0.718,0.718,0,vi,"Tất nhiên, mỗi người là khác nhau và thời gian phục hồi có thể khác nhau, tùy thuộc vào một số yếu tố. Thời gian hồi phục hoàn toàn điển hình sau khi thay toàn bộ đầu gối là từ 3 đến 12 tháng. Tuy nhiên, hãy biết rằng bạn càng làm việc chăm chỉ hơn, bạn càng có nhiều khả năng được phục hồi nhanh hơn"
CASE_0246,249821,endpoint,6,5233099,0.7153,0.7153,0,vi,"Đừng đợi đến gặp bác sĩ phẫu thuật nếu bất kỳ lúc nào bạn cảm thấy đau, sưng, cứng hoặc cử động bất thường ở đầu gối. Tất nhiên, mỗi người là khác nhau và thời gian phục hồi có thể khác nhau, tùy thuộc vào một số yếu tố. Thời gian hồi phục hoàn toàn điển hình sau khi thay toàn bộ đầu gối là từ 3 đến"
CASE_0246,249821,endpoint,7,7795883,0.7147,0.7147,0,vi,"Tất nhiên, mỗi người là khác nhau và thời gian phục hồi có thể khác nhau, tùy thuộc vào một số yếu tố. Thời gian hồi phục hoàn toàn điển hình sau khi thay toàn bộ đầu gối là từ 3 đến 12 tháng. Tuy nhiên, hãy biết rằng bạn càng làm việc chăm chỉ hơn, bạn càng có nhiều khả năng được phục hồi nhanh hơn"
CASE_0246,249821,endpoint,8,5681648,0.7143,0.7143,0,vi,"Câu hỏi liên quan đến sức khỏe trong chủ đề Tình trạng Bệnh tật. Chúng tôi đã tìm thấy một số câu trả lời như dưới đây cho câu hỏi này Mất bao lâu để chữa lành đầu gối bị gãy, bạn có thể so sánh chúng. Thời gian để chữa lành một đầu gối bị gãy phụ thuộc vào mức độ nghiêm trọng của chấn thương. Trung"
CASE_0246,249821,endpoint,9,1206145,0.7141,0.7141,0,vi,"Tất nhiên, mỗi người là khác nhau và thời gian phục hồi có thể khác nhau tùy thuộc vào một số yếu tố. Một sự hồi phục hoàn toàn điển hình sau khi thay toàn bộ đầu gối là từ 3 đến 12 tháng. mục tiêu phục hồi vào tuần 13"
CASE_0246,249821,endpoint,10,1990378,0.7139,0.7139,0,vi,"Thời gian phục hồi ngắn hạn trung bình cho một lần thay toàn bộ đầu gối là khoảng 12 tuần. Phục hồi lâu dài liên quan đến việc chữa lành hoàn toàn vết thương phẫu thuật và các mô mềm bên trong. Khi bệnh nhân có thể trở lại làm việc và các hoạt động của cuộc sống hàng ngày, họ đang trên đường hồi phụ"
CASE_0246,249821,mixed,1,6006595,0.7439,0.7439,1,vi,"Đánh giá Mới nhất Cũ nhất. Câu trả lời hay nhất: Chụp MRI đầu gối sẽ mất khoảng 30-60 phút, tùy thuộc vào máy được sử dụng và số lượng chuỗi hình ảnh được thực hiện. Bạn sẽ cần gọi cho cơ sở chẩn đoán hình ảnh, nơi bạn đang chụp MRI. Họ sẽ cho bạn biết mất bao lâu để thực hiện việc quét này tại cơ s"
CASE_0246,249821,mixed,2,5484229,0.7048,0.7048,0,vi,"Ít nhất 6 tuần nhưng có thể lâu nhất là 12 tuần. Bạn cần phải làm từ từ cho đến khi nó hoàn toàn lành lại nếu không bạn có thể làm hỏng nó một lần nữa. Chúng dễ dàng bị hư hỏng khi bạn đã làm chúng bị thương. Xin lỗi, nhưng em yêu. Khoảng 4 tuần trước, tôi đang chơi bóng đá và trong khi đi bóng với"
CASE_0246,249821,mixed,3,7523834,0.7043,0.7043,0,vi,"Chụp MRI đầu gối sử dụng nam châm và sóng vô tuyến để ghi lại hình ảnh bên trong cơ thể bạn. Không giống như chụp X-quang và chụp CT, MRI không sử dụng bức xạ. Quy trình chụp MRI thường mất từ ​​30 phút đến một giờ."
CASE_0246,249821,mixed,4,2153743,0.6998,0.6998,0,vi,"Một nghiên cứu thứ hai, nhỏ hơn đã kiểm tra những bệnh nhân từng bị đau đầu gối nhẹ trong trung bình 14 tháng. 21 Mỗi khớp gối được chụp MRI để đánh giá tổn thương khớp và sau đó được tiêm một mũi PRP. Đầu gối của bệnh nhân được đánh giá ở các mốc 1 tuần, 3 tháng, 6 tháng và 1 năm."
CASE_0246,249821,mixed,5,1990378,0.6909,0.6909,0,vi,"Thời gian phục hồi ngắn hạn trung bình cho một lần thay toàn bộ đầu gối là khoảng 12 tuần. Phục hồi lâu dài liên quan đến việc chữa lành hoàn toàn vết thương phẫu thuật và các mô mềm bên trong. Khi bệnh nhân có thể trở lại làm việc và các hoạt động của cuộc sống hàng ngày, họ đang trên đường hồi phụ"
CASE_0246,249821,mixed,6,1252959,0.6905,0.6905,0,vi,"Thời gian phục hồi ngắn hạn trung bình cho một lần thay toàn bộ đầu gối là 6 đến 12 tuần. Phục hồi lâu dài liên quan đến việc chữa lành hoàn toàn vết thương phẫu thuật và các mô mềm bên trong. Khi bệnh nhân có thể trở lại làm việc và các hoạt động của cuộc sống hàng ngày, họ đang trên đường hồi phục"
CASE_0246,249821,mixed,7,1626822,0.6897,0.6897,0,vi,"Tổn thương đầu gối trên MRI Có khả năng trầm trọng hơn dẫn đến viêm khớp. Tổn thương đầu gối rõ ràng trên hình ảnh chụp cộng hưởng từ (MRI) và trở nên tồi tệ hơn trong 12 đến 48 tháng sau đó dự đoán sự phát triển tiếp theo của viêm xương khớp gối (OA) có triệu chứng, rõ ràng trên X quang."
CASE_0246,249821,mixed,8,4627492,0.6897,0.6897,0,vi,Bệnh nhân: Tôi bị đập vào đầu gối trong một trận bóng đá ở trường trung học vào tháng 10 năm 2010. Nó bị thôi miên và làm trật khớp xương bánh chè của tôi. Tôi phải phẫu thuật nội soi khớp gối vào cuối tháng 10. Họ lấy phần sụn bị vỡ ra khi nó bị trật khớp. Bác sĩ của tôi nói rằng sẽ mất sáu tháng đ
CASE_0246,249821,mixed,9,6438625,0.6885,0.6885,0,vi,Số phiếu tự tin 261K. Phẫu thuật thay thế đầu gối bao gồm việc thay thế một phần đầu gối bị mất khối lượng xương. Có một số phương pháp thay thế đầu gối khác nhau và chúng thường mất 6 tuần trước khi hết khó chịu và kéo dài từ 10 đến 20 năm. Thời gian để vết thương lành lại phụ thuộc vào sức khỏe củ
CASE_0246,249821,mixed,10,6197992,0.6884,0.6884,0,vi,Thời gian phục hồi ngắn hạn trung bình cho một lần thay toàn bộ đầu gối là khoảng 12 tuần. Phục hồi lâu dài Phục hồi lâu dài liên quan đến việc chữa lành hoàn toàn vết thương phẫu thuật và các mô mềm bên trong.
CASE_0246,277701,endpoint,1,7476516,0.6513,0.6513,0,vi,"Thông tin về lượng calo cụ thể theo thành phần từ công thức của chúng tôi: Lượng calo trong 6 tàu điện ngầm Black Forest Ham Sub (không phô mai) Calo: 529, Chất béo: 7g, Carb: 96g, Protein: 26g, Chất xơ: 9g"
CASE_0246,277701,endpoint,2,6153908,0.6503,0.6503,0,vi,"Tùy chọn Khỏe mạnh nhất trên Menu Tàu điện ngầm. 1 con gà nướng trong lò (trên bánh mì Ý): 330 calo, 4,5 gam chất béo, 22 gam protein. 2 Gà kiểu Rotisserie: 350 calo, 6 gam chất béo, 29 gam protein. 3 Veggie Delite (trên bánh mì 9 hạt) 230 calo, 2,5 gam chất béo, 8 gam protein. 4 Salad ức gà tây: 11"
CASE_0246,277701,endpoint,3,7117600,0.6462,0.6462,0,vi,"Bao nhiêu calo trong Tàu điện ngầm 6 gram chất béo hoặc ít hơn: Gỏi đôi gà băm, không tẩm gia vị"
CASE_0246,277701,endpoint,4,7103020,0.6461,0.6461,0,vi,"Quầy Calo của Tàu điện ngầm. Đồ ăn. 6 Giăm bông (Thịt nguội thái lát và rau tiêu chuẩn) 6 Ức gà nướng trong lò (Ức gà nướng không xương và các loại rau tiêu chuẩn) 6 Thịt bò nướng (Thịt bò nướng cắt lát và rau tiêu chuẩn) 6 Câu lạc bộ Subway (Ức gà tây thái lát, thịt bò nướng, giăm bông và rau tiêu"
CASE_0246,277701,endpoint,5,109669,0.6452,0.6452,0,vi,"Tàu điện ngầm: Cược Kém Món gà 6 inch và thịt xông khói Melt là một lựa chọn béo bở tại một nhà hàng nổi tiếng với các lựa chọn tốt cho sức khỏe. Chiếc phụ 6 inch này nặng 600 calo, 29 g chất béo, 10 g chất béo bão hòa và 1.450 mg natri."
CASE_0246,277701,endpoint,6,3549746,0.6413,0.6413,0,vi,"Nếu bạn đang ăn kiêng, hoặc chỉ đơn giản là theo dõi lượng calo nạp vào cơ thể, bạn nên tránh những nguy cơ về calo trên tàu điện ngầm sau đây. Cá nhân tôi không thể tin rằng có thể có nhiều calo như vậy trong một số bánh mì tàu điện ngầm: thịt đôi người Ý BMT ÃƒÂ ¢ Ã‚â‚¬Ã‚â € œ 6 inch: 630 calo, ch"
CASE_0246,277701,endpoint,7,7855993,0.6383,0.6383,0,vi,"Bao nhiêu calo trong một tàu điện ngầm 6 'thịt viên marinara? Trả lời 480. Máy đếm calo trong tàu điện ngầm (calorielab) dinh dưỡng, carbohydrate và calo trong tàu điện ngầm cà chua cuốn lá húng quế dinh dưỡng chữ ký gà tây, thịt xông khói, guacamole bọc chất béo thông tin dinh dưỡng. Bao nhiêu chất"
CASE_0246,277701,endpoint,8,8044213,0.637,0.637,0,vi,"Thông tin dinh dưỡng, thông tin về chế độ ăn uống và lượng calo trong gà trâu trên bánh mì dẹt từ tàu điện ngầm"
CASE_0246,277701,endpoint,9,109670,0.6345,0.6345,0,vi,"Tàu điện ngầm: Cá cược tốt hơn. Giữ lượng calo cá nhân của bạn ở mức thấp với Bánh Sandwich Black Forest Ham 6 inch. Chiếc phụ 6 inch này có 290 calo, 4,5 g chất béo, 1g chất béo bão hòa và 800 mg natri. Nhà hàng có các lựa chọn ít calo khác như: gà quay, thịt bò nướng, câu lạc bộ, ức gà tây, ức gà"
CASE_0246,277701,endpoint,10,5819229,0.6291,0.6291,0,vi,"Có 430 calo trong 1 khẩu phần bánh sandwich của Tàu điện ngầm 6 Gà tây thịt xông khói Bơ. Phân hủy calo: 39% chất béo, 40% carbs, 22% protein."
CASE_0246,277701,mixed,1,7360038,0.6635,0.6635,1,vi,"Có 620 calo trong 1 khẩu phần sandwich Publix 12 Chicken Tender Sub Sandwich. Phân hủy calo: 20% chất béo, 57% carbs, 23% protein."
CASE_0246,277701,mixed,2,7103020,0.6433,0.6433,0,vi,"Quầy Calo của Tàu điện ngầm. Đồ ăn. 6 Giăm bông (Thịt nguội thái lát và rau tiêu chuẩn) 6 Ức gà nướng trong lò (Ức gà nướng không xương và các loại rau tiêu chuẩn) 6 Thịt bò nướng (Thịt bò nướng cắt lát và rau tiêu chuẩn) 6 Câu lạc bộ Subway (Ức gà tây thái lát, thịt bò nướng, giăm bông và rau tiêu"
CASE_0246,277701,mixed,3,5838181,0.6382,0.6382,0,vi,"Có 510 calo trong 1 khẩu phần phụ của Subway 6 Chicken Parmesan. Phân hủy calo: 30% chất béo, 49% carbs, 21% protein."
CASE_0246,277701,mixed,4,5819229,0.6348,0.6348,0,vi,"Có 430 calo trong 1 khẩu phần bánh sandwich của Tàu điện ngầm 6 Gà tây thịt xông khói Bơ. Phân hủy calo: 39% chất béo, 40% carbs, 22% protein."
CASE_0246,277701,mixed,5,7408554,0.6335,0.6335,0,vi,"Có 330 calo trong 1 khẩu phần nướng của Xúc xích Ý Thịt heo Publix Mild. Phân hủy calo: 62% chất béo, 3% carbs, 35% protein. Xúc xích liên quan từ Publix:"
CASE_0246,277701,mixed,6,5545858,0.6263,0.6263,0,vi,"Mặc dù không được chỉ định trong tệp thông tin dinh dưỡng của Subway, phiên bản footlongÃƒÂ ¢ Ã‚â € žÃ‚Â ¢ của bất kỳ loại bánh mì thông thường nào cung cấp lượng calo và chất béo gần gấp đôi. Ví dụ, một tàu điện ngầm footlongÃƒÂ ¢ Ã‚â € žÃ‚Â ¢, cung cấp khoảng 750 calo và một footlongÃƒÂ ¢ Ã‚â € žÃ"
CASE_0246,277701,mixed,7,7476516,0.625,0.625,0,vi,"Thông tin về lượng calo cụ thể theo thành phần từ công thức của chúng tôi: Lượng calo trong 6 tàu điện ngầm Black Forest Ham Sub (không phô mai) Calo: 529, Chất béo: 7g, Carb: 96g, Protein: 26g, Chất xơ: 9g"
CASE_0246,277701,mixed,8,98751,0.6238,0.6238,0,vi,"Có 450 calo trong một khẩu phần 1 bánh sandwich của Subway 6 Chipotle Chicken & Cheese. Phân hủy calo: 36% chất béo, 39% carbs, 24% protein. Bánh mì liên quan từ tàu điện ngầm:"
CASE_0246,277701,mixed,9,109669,0.6182,0.6182,0,vi,"Tàu điện ngầm: Cược Kém Món gà 6 inch và thịt xông khói Melt là một lựa chọn béo bở tại một nhà hàng nổi tiếng với các lựa chọn tốt cho sức khỏe. Chiếc phụ 6 inch này nặng 600 calo, 29 g chất béo, 10 g chất béo bão hòa và 1.450 mg natri."
CASE_0246,277701,mixed,10,3549740,0.6172,0.6172,0,vi,"Cá nhân tôi không thể tin rằng có thể có nhiều calo như vậy trong một số bánh sandwich tàu điện ngầm: thịt đôi người Ý BMT ÃƒÂ ¢ Ã‚â‚¬Ã‚â € œ 6 inch: 630 calo, chân dài: 1260 calo gà & thịt xông khói trang trại ÃƒÂ ¢ Ã‚â ‚¬Ã‚â € œ 6 inch: 580 calo, chân dài: 1160 calo"
CASE_0246,288702,endpoint,1,1143809,0.6036,0.6036,0,vi,"Bao nhiêu Miles giữa bãi biển daytona và bãi biển delray Florida? Khoảng cách giữa Bãi biển Daytona, FL và Bãi biển Delray, Fl là khoảng 210 dặm. Hãy nhớ rằng điều này phụ thuộc vào phần nào của Daytona bạn sẽ khởi hành và phần nào của Delr ÃƒÂ ¢ Ã‚â‚¬Ã‚Â¦ ay bạn sẽ đến."
CASE_0246,288702,endpoint,2,2989529,0.5947,0.5947,0,vi,"Khoảng cách giữa Destin và Bãi biển thành phố Panama theo đường thẳng là 38 dặm hoặc 61,14 Kilomét."
CASE_0246,288702,endpoint,3,4214338,0.5889,0.5889,0,vi,"Bến du thuyền là một bãi biển đô thị tự nhiên dọc theo bờ biển Coramandel trên Vịnh Bengal. Chủ yếu là cát, bãi biển kéo dài khoảng 13 km (8,1 mi), chạy từ gần Pháo đài St. George ở phía bắc đến Besant Nagar ở phía nam và là bãi biển đô thị tự nhiên dài nhất ở Ấn Độ. Chiều rộng trung bình của bãi bi"
CASE_0246,288702,endpoint,4,7484618,0.5791,0.5791,0,vi,"Ghi chú về khoảng cách, tiêu thụ khí và phát thải. Khoảng cách từ Bãi biển Miramar, FL đến Destin, FL là 9Miles hoặc 14 Km. Bạn có thể nhận được khoảng cách này khoảng 17 phút. Nếu bạn muốn lập kế hoạch đi du lịch với máy bay trong 9 Dặm hoặc 14 km, Bạn có thể đi khoảng cách này khoảng 31 phút. Một"
CASE_0246,288702,endpoint,5,6402725,0.5746,0.5746,0,vi,"Ghi chú về khoảng cách, tiêu thụ khí và phát thải. Khoảng cách từ Davenport, FL tới Daytona Beach, FL là 91Miles hoặc 146 Km. Bạn có thể đi được khoảng cách này khoảng 1 giờ 34 phút. Nếu bạn muốn lập kế hoạch đi du lịch với máy bay trong 81 Dặm hoặc 130 km, Bạn có thể đi khoảng cách này khoảng 40 ph"
CASE_0246,288702,endpoint,6,2919041,0.5738,0.5738,0,vi,"Khoảng cách giữa Bãi biển Daytona và Bãi biển St Augustine theo đường thẳng là 50 dặm hoặc 80,45 Kilomét. 1 Chỉ đường Lái xe & Thời gian Lái xe từ Bãi biển Daytona đến Bãi biển St Augustine có thể được tìm thấy thêm ở trang này. Khoảng cách lái xe, bản đồ và thời gian hành trình hiện được cung cấp b"
CASE_0246,288702,endpoint,7,69688,0.5738,0.5738,0,vi,"Vùng lân cận Destin. Với diện tích khoảng tám dặm vuông, Destin thực sự không phải là một thành phố khó điều động. Có 12 điểm truy cập công cộng cho những du khách muốn dành một ngày trên bãi cát trắng sạch của Destin hoặc trong làn nước xanh ngọc bích của vịnh."
CASE_0246,288702,endpoint,8,3038344,0.5729,0.5729,0,vi,"Khoảng cách giữa Destin FL và Pensacola FL. Khoảng cách từ Destin đến Pensacola là 76 km đường bộ. Đường mất khoảng 1 giờ 4 phút và đi qua Bãi biển Fort Walton, Mary Esther và Vịnh Breeze."
CASE_0246,288702,endpoint,9,2940972,0.5679,0.5679,0,vi,Dặm Từ Portland đến Ã‚â‚¬Ã‚Â¦. Tới Seaside ÃƒÂ ¢ Ã‚â‚¬Ã‚â € œ 79 dặm Tới Cannon Beach ÃƒÂ ¢ Ã‚â‚¬Ã‚â € œ 79 dặm Tới Manzanita ÃƒÂ ¢ Ã‚â‚¬Ã‚â € œ 110 dặm Tới Tillamook (qua Hwy 6) ÃƒÂ ¢ Ã‚â‚¬Ã‚â € œ 74 dặm Đến Thành phố Thái Bình Dương ÃƒÂ ¢ Ã‚â‚¬Ã‚â € œ 94 dặm Đến Thành phố Lincoln ÃƒÂ ¢ Ã‚â‚¬Ã‚â €
CASE_0246,288702,endpoint,10,6402718,0.5668,0.5668,0,vi,"40 phút. Khoảng cách từ Davenport, FL tới Daytona Beach, FL là 91Miles hoặc 146 Km. Bạn có thể đi được khoảng cách này khoảng 1 giờ 34 phút. Nếu bạn muốn lập kế hoạch đi du lịch với máy bay trong 81 Dặm hoặc 130 km, Bạn có thể đi khoảng cách này khoảng 40 phút."
CASE_0246,288702,mixed,1,7484614,0.6014,0.6014,1,vi,"Khoảng cách lái xe từ Mobile, AL đến Destin, FL. Tổng quãng đường lái xe từ Mobile, AL đến Destin, FL là 108 dặm hoặc 174 km. Chuyến đi của bạn bắt đầu ở Mobile, Alabama. Nó kết thúc ở Destin, Florida."
CASE_0246,288702,mixed,2,7484621,0.6006,0.6006,0,vi,"Bản đồ đường đi từ Mobile, AL đến Destin, FL. Bản đồ tuyến đường tối ưu giữa Mobile, AL và Destin, FL. Lộ trình này sẽ là khoảng 108 Dặm. Thông tin về tuyến đường lái xe (khoảng cách, thời gian ước tính, chỉ đường), tuyến đường bay, thông tin giao thông và in các tính năng bản đồ được đặt ở góc trên"
CASE_0246,288702,mixed,3,2989529,0.5923,0.5923,0,vi,"Khoảng cách giữa Destin và Bãi biển thành phố Panama theo đường thẳng là 38 dặm hoặc 61,14 Kilomét."
CASE_0246,288702,mixed,4,7484618,0.5909,0.5909,0,vi,"Ghi chú về khoảng cách, tiêu thụ khí và phát thải. Khoảng cách từ Bãi biển Miramar, FL đến Destin, FL là 9Miles hoặc 14 Km. Bạn có thể nhận được khoảng cách này khoảng 17 phút. Nếu bạn muốn lập kế hoạch đi du lịch với máy bay trong 9 Dặm hoặc 14 km, Bạn có thể đi khoảng cách này khoảng 31 phút. Một"
CASE_0246,288702,mixed,5,1143809,0.5807,0.5807,0,vi,"Bao nhiêu Miles giữa bãi biển daytona và bãi biển delray Florida? Khoảng cách giữa Bãi biển Daytona, FL và Bãi biển Delray, Fl là khoảng 210 dặm. Hãy nhớ rằng điều này phụ thuộc vào phần nào của Daytona bạn sẽ khởi hành và phần nào của Delr ÃƒÂ ¢ Ã‚â‚¬Ã‚Â¦ ay bạn sẽ đến."
CASE_0246,288702,mixed,6,6402725,0.5796,0.5796,0,vi,"Ghi chú về khoảng cách, tiêu thụ khí và phát thải. Khoảng cách từ Davenport, FL tới Daytona Beach, FL là 91Miles hoặc 146 Km. Bạn có thể đi được khoảng cách này khoảng 1 giờ 34 phút. Nếu bạn muốn lập kế hoạch đi du lịch với máy bay trong 81 Dặm hoặc 130 km, Bạn có thể đi khoảng cách này khoảng 40 ph"
CASE_0246,288702,mixed,7,3038344,0.5752,0.5752,0,vi,"Khoảng cách giữa Destin FL và Pensacola FL. Khoảng cách từ Destin đến Pensacola là 76 km đường bộ. Đường mất khoảng 1 giờ 4 phút và đi qua Bãi biển Fort Walton, Mary Esther và Vịnh Breeze."
CASE_0246,288702,mixed,8,6402718,0.5748,0.5748,0,vi,"40 phút. Khoảng cách từ Davenport, FL tới Daytona Beach, FL là 91Miles hoặc 146 Km. Bạn có thể đi được khoảng cách này khoảng 1 giờ 34 phút. Nếu bạn muốn lập kế hoạch đi du lịch với máy bay trong 81 Dặm hoặc 130 km, Bạn có thể đi khoảng cách này khoảng 40 phút."
CASE_0246,288702,mixed,9,3389167,0.5695,0.5695,0,vi,"Given là khoảng cách được tính toán cũng như thời gian lái xe, không tính đến điều kiện lái xe, giao thông, v.v. Khoảng cách giữa Miami, Florida và ÃƒÂ ¢ Ã‚â‚¬Ã‚Â¦ Daytona Beach, Florida là 266 dặm. Thời gian di chuyển kết quả là 4 giờ 23 phút. 1 người thấy điều này hữu ích."
CASE_0246,288702,mixed,10,2940972,0.5655,0.5655,0,vi,Dặm Từ Portland đến Ã‚â‚¬Ã‚Â¦. Tới Seaside ÃƒÂ ¢ Ã‚â‚¬Ã‚â € œ 79 dặm Tới Cannon Beach ÃƒÂ ¢ Ã‚â‚¬Ã‚â € œ 79 dặm Tới Manzanita ÃƒÂ ¢ Ã‚â‚¬Ã‚â € œ 110 dặm Tới Tillamook (qua Hwy 6) ÃƒÂ ¢ Ã‚â‚¬Ã‚â € œ 74 dặm Đến Thành phố Thái Bình Dương ÃƒÂ ¢ Ã‚â‚¬Ã‚â € œ 94 dặm Đến Thành phố Lincoln ÃƒÂ ¢ Ã‚â‚¬Ã‚â €
CASE_0246,299094,endpoint,1,7377686,0.568,0.568,0,vi,"Tóm tắt: Đường nâng chân mày (2-5 chiếc), Đường trán (10-30 chiếc), Đường nhăn hoặc Glabellar (10-25 chiếc), Đôi chân lông mày (5-15 chiếc mỗi bên cạnh), Bunny hoặc Nasals Lines (5-10 chiếc), Smile Lift hoặc khóe miệng (3-6 chiếc) và Cằm có má lúm đồng tiền (2-6 chiếc) Tiến sĩ David Lieberman (24)"
CASE_0246,299094,endpoint,2,6100792,0.5571,0.5571,0,vi,"21 đơn vị Dysport là không nhiều đối với một Glabella (khu vực cau mày) nhưng 21 đơn vị Botox là tốt trong phạm vi bình thường. Bạn nên gọi cho văn phòng nơi bạn đã được điều trị và xác minh xem bạn đã mắc bệnh gì, bao nhiêu và có thể lên lịch tái khám nếu bạn vẫn còn cử động mà bạn không muốn. Chúc"
CASE_0246,299094,endpoint,3,6530140,0.5524,0.5524,0,vi,"20 đơn vị cho 11 đường giữa lông mày. Nếu không có hoạt động cơ ở khu vực đó khi bạn cố gắng cau có, thì Botox đã thực hiện những gì nó được yêu cầu, nhưng hãy đợi một vài ngày nữa để có tác dụng hoàn toàn. Đôi khi các đường khắc sâu được hưởng lợi từ chất làm đầy da ngoài Botox."
CASE_0246,299094,endpoint,4,5495414,0.5423,0.5423,0,vi,"Thông thường, đối với đường dọc môi trên cần 4-8 đơn vị, đối với nụ cười hở lợi 2 bên 2-4 đơn vị, đường Marionette 2-8 đơn vị và má lúm đồng tiền ở cằm 4-8 đơn vị. Bây giờ để tính toán bạn sẽ tốn bao nhiêu Botox, trước tiên hãy chọn lĩnh vực cần quan tâm. Do đó, chúng tôi luôn cung cấp Botox mạnh nh"
CASE_0246,299094,endpoint,5,6255439,0.5375,0.5375,0,vi,"Thông thường, các đường dọc giữa lông mày được tiêm 13-30 đơn vị Botox trong khi các đường ngang trán cần 10-20 đơn vị, các chân mày cần 8-20 đơn vị mỗi bên. và các dòng thỏ cần 5-10 đơn vị."
CASE_0246,299094,endpoint,6,1822995,0.5367,0.5367,0,vi,"Một cái cau mày mà chỉ có khóe miệng và môi dưới đi xuống sử dụng ba cặp cơ. Một cặp hạ môi dưới, và hai cặp hạ khóe môi. Số cặp cơ tối thiểu cho một nụ cười là năm và cho một cái cau mày là ba."
CASE_0246,299094,endpoint,7,5203131,0.5276,0.5276,0,vi,"1 Ở mi mắt, là khu vực giữa hai mắt thường ở phụ nữ chiếm từ 16-28 đơn vị và ở nam giới có từ 18-30 đơn vị. 2 Chỉnh sửa các vết chân chim hai bên 18-24 đơn vị, 3 Đường ngang trán 8-16 đơn vị, Đường rãnh trên mũi 4-6 đơn vị."
CASE_0246,299094,endpoint,8,5866116,0.5246,0.5246,0,vi,"Cô giáo 38 y / o với đường trán 20 đơn vị Botox đã thư giãn cơ trán, làm mềm các đường nét. Giáo viên 38 tuổi với những đường nét cười đáng chú ý quanh mắt 10 đơn vị Botox mỗi bên đã làm dịu những đường nét này. 50 y / o y tá với đôi chân quạu. 12 đơn vị Botox mỗi bên làm dịu vết chân chim của cô ấy"
CASE_0246,299094,endpoint,9,5670455,0.5232,0.5232,0,vi,"Sau đây là phạm vi của Botox trên mỗi đơn vị chúng tôi sử dụng trên mỗi khu vực. Ở mi mắt, là vùng giữa hai mắt thường ở phụ nữ mất từ ​​16-28 đơn vị và ở nam giới mất từ ​​18-30 đơn vị, để chỉnh sửa vết chân chim hai bên 18-24 đơn vị, đường ngang trán 8-16 đơn vị, thỏ đường trên mũi 4-6 chiếc."
CASE_0246,299094,endpoint,10,2969995,0.5212,0.5212,0,vi,"Để đưa ra một số quan điểm, một người bình thường cần khoảng 20 đơn vị để điều trị nếp nhăn ngang trán, 2 đến 10 đơn vị để điều trị vết chân chim quanh mắt và 25 đơn vị để điều trị nếp gấp (nam giới cần nhiều hơn)."
CASE_0246,299094,mixed,1,7377683,0.6007,0.6007,1,vi,Tùy thuộc vào kích thước và sức mạnh của các cơ này mà bác sĩ của chúng tôi sẽ xác định số lượng đơn vị là cần thiết. Lượng Botox trung bình được sử dụng cho các đường nhăn Frown là khoảng 20-24 đơn vị Botox cho bệnh nhân nữ và khoảng 20 đến 30 đơn vị cho bệnh nhân nam vì cơ mặt của họ thường lớn hơ
CASE_0246,299094,mixed,2,259608,0.5604,0.5604,0,vi,"UNF (Unified Fine) cũng giống như UNC ngoại trừ việc đối với mỗi kích thước của bu lông, số lượng ren trên mỗi inch cao hơn, do đó, ren sẽ mịn hơn. UNEF (Unified Extra Fine) cũng giống như UNF ngoại trừ số lượng sợi trên mỗi inch thậm chí còn cao hơn đối với mỗi kích thước dây buộc. Các dây buộc UNF"
CASE_0246,299094,mixed,3,7377686,0.5602,0.5602,0,vi,"Tóm tắt: Đường nâng chân mày (2-5 chiếc), Đường trán (10-30 chiếc), Đường nhăn hoặc Glabellar (10-25 chiếc), Đôi chân lông mày (5-15 chiếc mỗi bên cạnh), Bunny hoặc Nasals Lines (5-10 chiếc), Smile Lift hoặc khóe miệng (3-6 chiếc) và Cằm có má lúm đồng tiền (2-6 chiếc) Tiến sĩ David Lieberman (24)"
CASE_0246,299094,mixed,4,6255439,0.5434,0.5434,0,vi,"Thông thường, các đường dọc giữa lông mày được tiêm 13-30 đơn vị Botox trong khi các đường ngang trán cần 10-20 đơn vị, các chân mày cần 8-20 đơn vị mỗi bên. và các dòng thỏ cần 5-10 đơn vị."
CASE_0246,299094,mixed,5,8545760,0.543,0.543,0,vi,"1 20 đơn vị lõi. 2 5 đơn vị tự chọn, bao gồm: 3 ít nhất 3 đơn vị từ các đơn vị tự chọn được liệt kê dưới đây. tối đa 2 đơn vị từ bất kỳ Gói Đào tạo được chứng thực hoặc khóa học được công nhận ÃƒÂ ¢ Ã‚â‚¬Ã‚â € œ các đơn vị này phải phù hợp với kết quả công việc."
CASE_0246,299094,mixed,6,5203131,0.5421,0.5421,0,vi,"1 Ở mi mắt, là khu vực giữa hai mắt thường ở phụ nữ chiếm từ 16-28 đơn vị và ở nam giới có từ 18-30 đơn vị. 2 Chỉnh sửa các vết chân chim hai bên 18-24 đơn vị, 3 Đường ngang trán 8-16 đơn vị, Đường rãnh trên mũi 4-6 đơn vị."
CASE_0246,299094,mixed,7,7377682,0.5416,0.5416,0,vi,"Số lượng đơn vị (hoặc ÃƒÂ ¢ Ã‚â‚¬Ã‚Å “ccÃƒÂ ¢ Ã‚â‚¬Ã‚) bạn cần sẽ phụ thuộc vào độ sâu của đường nhăn / nếp nhăn của bạn, tại thời điểm đó chuyên gia của chúng tôi sẽ đề xuất một số nhất định của các đơn vị để điều trị các mối quan tâm của bạn. Nói chung, để có một đôi chân dài như mỏm quạ, 12 đơn v"
CASE_0246,299094,mixed,8,36102,0.5402,0.5402,0,vi,"TransUnion cung cấp 21 điểm tín dụng FICO khác nhau cho người cho vay, sáu phiên bản của điểm chung và tối đa bốn thế hệ của điểm ngành. Một số điểm FICO cũ hơn chỉ dành cho những người cho vay có mối quan hệ hiện tại với văn phòng tín dụng."
CASE_0246,299094,mixed,9,5495414,0.5397,0.5397,0,vi,"Thông thường, đối với đường dọc môi trên cần 4-8 đơn vị, đối với nụ cười hở lợi 2 bên 2-4 đơn vị, đường Marionette 2-8 đơn vị và má lúm đồng tiền ở cằm 4-8 đơn vị. Bây giờ để tính toán bạn sẽ tốn bao nhiêu Botox, trước tiên hãy chọn lĩnh vực cần quan tâm. Do đó, chúng tôi luôn cung cấp Botox mạnh nh"
CASE_0246,299094,mixed,10,7377685,0.5394,0.5394,0,vi,DÒNG FROWN (11). Botox điều trị cho các đường Frown Lines (11). Còn được gọi là dòng glabella dùng để tiêm Botox đã nhận được sự chấp thuận của FDA. Nó phát triển theo thời gian giữa hai lông mày thành hai đường thẳng đứng (A.K.A. ngày 11) là kết quả của việc nheo mắt và cau có lặp đi lặp lại.
CASE_0246,412319,endpoint,1,3880332,0.6762,0.6762,0,vi,Chào mừng bạn đến với trang chủ trực tuyến để được tư vấn học tập bậc đại học trong Trường Cao đẳng Kỹ thuật tại Đại học Bang Ohio! Trang web này dành riêng để cung cấp cho bạn thông tin và tài nguyên hữu ích liên quan đến kinh nghiệm học tập của bạn trong trường Cao đẳng Kỹ thuật.
CASE_0246,412319,endpoint,2,2780310,0.663,0.663,0,vi,Công nghệ hàn và chế tạo OTC được trang bị thiết bị hàn mới nhất. Các lớp học chuyên nghiệp của chúng tôi sẽ chuẩn bị cho bạn một sự nghiệp bổ ích. Trường Cao đẳng Kỹ thuật Ohio: Ohio State Board of Career Colleges & Schools Reg. Học viện PowerSport: Cơ quan quản lý các trường cao đẳng và trường ngh
CASE_0246,412319,endpoint,3,7516111,0.6562,0.6562,0,vi,"Kỹ thuật hàn. Chương trình Kỹ thuật hàn, một phần của Khoa Khoa học và Kỹ thuật Vật liệu, được thiết kế để đào tạo các kỹ sư hàn đáp ứng những thách thức sản xuất của thế kỷ 21. Chương trình Kỹ thuật hàn của Ohio StateÃƒÂ ¢ Ã‚â‚¬Ã‚â là chương trình đại học duy nhất được ABET công nhận ở Bắc Mỹ và nó"
CASE_0246,412319,endpoint,4,7511886,0.6538,0.6538,0,vi,"Chương trình Kỹ thuật. http://www.cofo.edu/Page/Academics/Academic-Programs/Engineering.1608.html. Kỹ thuật tại College of the Ozarks dự kiến ​​bắt đầu vào mùa thu năm 2016. Trường đã có một lịch sử lâu dài trong việc cung cấp chương trình tiền kỹ thuật. Các nền tảng về toán, khoa học, nghệ thuật tự"
CASE_0246,412319,endpoint,5,8628276,0.6535,0.6535,0,vi,"Mỗi năm, trung bình có 399 sinh viên tốt nghiệp từ các trường kỹ thuật phẫu thuật ở Ohio. Ohio có 25 trường đào tạo kỹ thuật viên phẫu thuật để bạn lựa chọn nếu bạn muốn theo học ngành công nghệ phẫu thuật. Bạn có thể phải trả trung bình $ 7,093 mỗi năm học phí cho một chứng chỉ về công nghệ phẫu th"
CASE_0246,412319,endpoint,6,1412261,0.6524,0.6524,0,vi,"Chương trình Kỹ thuật hàn, một phần của Khoa Khoa học và Kỹ thuật Vật liệu, được thiết kế để đào tạo các kỹ sư hàn đáp ứng những thách thức sản xuất của thế kỷ 21. Chương trình Kỹ thuật hàn của Ohio StateÃƒÂ ¢ Ã‚â‚¬Ã‚â là chương trình đại học duy nhất được ABET công nhận ở Bắc Mỹ và nó cũng cung cấp"
CASE_0246,412319,endpoint,7,703691,0.6423,0.6423,0,vi,Chao buổi chiêu! Tôi là sinh viên Kỹ thuật Công nghiệp tại Đại học Wayne State ở Detroit! Tôi hoàn toàn thích nó ở Detroit và triển vọng việc làm thật tuyệt vời (đặc biệt nếu bạn đang cân nhắc về lĩnh vực ô tô)! Mời các bạn nghiên cứu sinh quốc tế xem video này để hiểu rõ hơn.
CASE_0246,412319,endpoint,8,6390646,0.6355,0.6355,0,vi,"Tôi đang đi học để trở thành một kỹ thuật viên thú y, nhưng tôi biết một cô gái trong lớp của tôi, người đã là kỹ thuật viên thú y ở kentrucky, nhưng vẫn được chứng nhận để làm việc ở Ohio và tôi đang muốn chuyển ra khỏi ohio càng sớm càng tốt để làm gì bạn cần hay không cần bằng kỹ thuật thú y? Bởi"
CASE_0246,412319,endpoint,9,3299435,0.6344,0.6344,0,vi,"Kỹ thuật Cơ khí và Hàng không vũ trụ. Bang Ohio cam kết giúp sinh viên hoàn thành chương trình học của mình. Năm 2013, tỷ lệ tốt nghiệp sáu năm của Bang Ohio là 83,2%, tăng từ 75% vào năm 2009, và cao hơn tỷ lệ tốt nghiệp toàn quốc là 57%."
CASE_0246,412319,endpoint,10,3880326,0.6327,0.6327,0,vi,Tân sinh viên năm nhất. Văn phòng tuyển sinh của Ohio StateÃƒÂ ¢ Ã‚â‚¬Ã‚â là nguồn lực chính cho quá trình đăng ký và xử lý việc ghi danh trực tiếp cho sinh viên đại học vào trường Cao đẳng Kỹ thuật.
CASE_0246,412319,mixed,1,7681853,0.6871,0.6871,1,vi,"Trường Cao đẳng Kỹ thuật Hocking. Trường Y tế & Điều dưỡng. Trường Cao đẳng Kỹ thuật Hocking là một học viện Công lập có cơ sở tại Nelsonville, Ohio. Cơ quan được Ủy ban Điều dưỡng Ohio chấp thuận cung cấp các chương trình điều dưỡng. Cơ sở Nelsonville, Ohio cho Trường Cao đẳng Kỹ thuật Hocking nằm"
CASE_0246,412319,mixed,2,2780310,0.68,0.68,0,vi,Công nghệ hàn và chế tạo OTC được trang bị thiết bị hàn mới nhất. Các lớp học chuyên nghiệp của chúng tôi sẽ chuẩn bị cho bạn một sự nghiệp bổ ích. Trường Cao đẳng Kỹ thuật Ohio: Ohio State Board of Career Colleges & Schools Reg. Học viện PowerSport: Cơ quan quản lý các trường cao đẳng và trường ngh
CASE_0246,412319,mixed,3,7681849,0.6696,0.6696,0,vi,"Hocking College là một lựa chọn hợp lý ở Đông Nam Ohio, nơi sinh viên truyền thống, sinh viên phi truyền thống và cựu chiến binh có được các kỹ năng cần thiết để bắt đầu sự nghiệp. Hocking College là một lựa chọn hợp lý ở Đông Nam Ohio, nơi sinh viên truyền thống, sinh viên phi truyền thống và cựu c"
CASE_0246,412319,mixed,4,7516111,0.6457,0.6457,0,vi,"Kỹ thuật hàn. Chương trình Kỹ thuật hàn, một phần của Khoa Khoa học và Kỹ thuật Vật liệu, được thiết kế để đào tạo các kỹ sư hàn đáp ứng những thách thức sản xuất của thế kỷ 21. Chương trình Kỹ thuật hàn của Ohio StateÃƒÂ ¢ Ã‚â‚¬Ã‚â là chương trình đại học duy nhất được ABET công nhận ở Bắc Mỹ và nó"
CASE_0246,412319,mixed,5,7681847,0.6429,0.6429,0,vi,"Nhấp vào bản đồ bên dưới để xem địa chỉ khuôn viên trường thực tế và nhận chỉ đường lái xe đến: Trường Cao đẳng Kỹ thuật Hocking, 3301 Hocking Parkway, Nelsonville, Ohio 45764. Bạn cũng có thể xem bối cảnh khuôn viên trường Cao đẳng Kỹ thuật Hocking và các điểm tham quan lân cận ở chế độ xem vệ tinh"
CASE_0246,412319,mixed,6,1412261,0.6403,0.6403,0,vi,"Chương trình Kỹ thuật hàn, một phần của Khoa Khoa học và Kỹ thuật Vật liệu, được thiết kế để đào tạo các kỹ sư hàn đáp ứng những thách thức sản xuất của thế kỷ 21. Chương trình Kỹ thuật hàn của Ohio StateÃƒÂ ¢ Ã‚â‚¬Ã‚â là chương trình đại học duy nhất được ABET công nhận ở Bắc Mỹ và nó cũng cung cấp"
CASE_0246,412319,mixed,7,7511886,0.6352,0.6352,0,vi,"Chương trình Kỹ thuật. http://www.cofo.edu/Page/Academics/Academic-Programs/Engineering.1608.html. Kỹ thuật tại College of the Ozarks dự kiến ​​bắt đầu vào mùa thu năm 2016. Trường đã có một lịch sử lâu dài trong việc cung cấp chương trình tiền kỹ thuật. Các nền tảng về toán, khoa học, nghệ thuật tự"
CASE_0246,412319,mixed,8,7681846,0.6319,0.6319,0,vi,"Được thành lập vào những năm 1960 tại Nelsonville, OH, Hocking College đã phát triển từ một trường dạy nghề thành một trường cao đẳng 2 năm lớn. Trường cung cấp các chương trình cấp chứng chỉ và cấp bằng, và là cơ sở giáo dục công lập 2 năm duy nhất ở Ohio cung cấp dịch vụ sống ký túc xá cho sinh vi"
CASE_0246,412319,mixed,9,3880332,0.6306,0.6306,0,vi,Chào mừng bạn đến với trang chủ trực tuyến để được tư vấn học tập bậc đại học trong Trường Cao đẳng Kỹ thuật tại Đại học Bang Ohio! Trang web này dành riêng để cung cấp cho bạn thông tin và tài nguyên hữu ích liên quan đến kinh nghiệm học tập của bạn trong trường Cao đẳng Kỹ thuật.
CASE_0246,412319,mixed,10,1333020,0.616,0.616,0,vi,"Mặc dù hầu hết mọi người có thể nghĩ về hàn theo quy trình, nhưng nó thực sự là một ngành kỹ thuật phức tạp liên quan đến các khía cạnh của khoa học vật liệu, thiết kế, kiểm tra, hệ thống cơ khí và điện tử, laser và rô bốt. Chương trình Kỹ thuật hàn tại Bang Ohio cung cấp cho sinh viên tốt nhất của"
CASE_0246,424408,endpoint,1,820648,0.6491,0.6491,0,vi,"Vận tải, Hàng không, Vận tải Hàng không, Theo lịch trình. Giới thiệu: American Airlines, Inc., hoạt động với tên gọi American Airlines (AA), là một hãng hàng không của Hoa Kỳ và là công ty con của AMR Corporation. Hãng hàng không có trụ sở chính tại Fort Worth, Texas, tiếp giáp với trung tâm lớn nhấ"
CASE_0246,424408,endpoint,2,3106653,0.6373,0.6373,0,vi,"Hãng hàng không Tây Nam. Đối với các mục đích sử dụng khác, xem Southwest Airlines (định hướng). Southwest Airlines Co. (NYSE: LUV) là một hãng hàng không lớn của Hoa Kỳ, hãng hàng không giá rẻ lớn nhất thế giới, có trụ sở chính tại Dallas, Texas. Hãng hàng không được thành lập vào năm 1967 bởi Herb"
CASE_0246,424408,endpoint,3,8576325,0.6365,0.6365,0,vi,"tồn tại và là một thay thế của. Southwest Airlines hiện là hãng hàng không lớn nhất bay từ Sân bay Hobby ở Houston, Texas. Delta Air Lines, American Airlines, Air Tran Airlines và JetBlue Airways là bốn hãng hàng không khác chỉ phục vụ sân bay đến của Hoa Kỳ."
CASE_0246,424408,endpoint,4,7205452,0.6357,0.6357,0,vi,"Vận tải, Hàng không, Vận tải Hàng không, Theo lịch trình. American Airlines, Inc., hoạt động với tên gọi American Airlines (AA), là một hãng hàng không của Hoa Kỳ và là công ty con của AMR Corporation. Nó có trụ sở chính tại Fort Worth, Texas, tiếp giáp với trung tâm lớn nhất của nó tại Sân bay Quốc"
CASE_0246,424408,endpoint,5,1431392,0.6354,0.6354,0,vi,"Southwest Airlines Co. (NYSE: LUV) là một hãng hàng không lớn của Hoa Kỳ và là hãng hàng không giá rẻ lớn nhất thế giới, có trụ sở chính tại Dallas, Texas. vào tháng 12 năm 2014 và khai thác hơn 3.400 chuyến bay mỗi ngày.outhwest Airlines bắt đầu từ ngày 15 tháng 3 năm 1967, thành lập Air Southwest"
CASE_0246,424408,endpoint,6,3957520,0.6325,0.6325,0,vi,"Southwest Airlines Co. (NYSE: LUV) là một hãng hàng không lớn của Hoa Kỳ và là hãng hàng không giá rẻ lớn nhất thế giới, có trụ sở chính tại Dallas, Texas. Hãng hàng không được thành lập vào năm 1967 và lấy tên hiện tại vào năm 1971. Hãng có gần 46.000 nhân viên tính đến tháng 12 năm 2014 và khai th"
CASE_0246,424408,endpoint,7,4737106,0.6322,0.6322,0,vi,"Hãng hàng không EVA Air có trụ sở tại Đài Loan đã tung ra một chiếc máy bay có chủ đề Hello Kitty cho các tuyến Los Angeles và Paris đến Đài Loan, và những chiếc máy bay này sẽ sớm xuất hiện tại Houston. Xem một số thiết kế hàng không kỳ lạ khác xuất hiện trên đường băng ở Houston."
CASE_0246,424408,endpoint,8,4653036,0.6291,0.6291,0,vi,"Houston cũng là trụ sở chính của United Airlines, và Bush Intercontinental là trung tâm lớn nhất của United, với 800 chuyến khởi hành hàng ngày. Sân bay Liên lục địa George Bush Houston (IATA: IAH, ICAO: KIAH) (dành cho Sân bay Quốc tế Houston) cách trung tâm thành phố Houston, Texas 23 dặm về phía"
CASE_0246,424408,endpoint,9,8576327,0.6288,0.6288,0,vi,"Số phiếu tự tin 298K. Southwest Airlines hiện là hãng hàng không lớn nhất bay từ Sân bay Hobby ở Houston, Texas. Delta Air Lines, American Airlines, Air Tran Airlines và JetBlue Airways là bốn hãng hàng không khác chỉ phục vụ sân bay đến của Hoa Kỳ. Southwest Airlines hiện là hãng hàng không lớn nhấ"
CASE_0246,424408,endpoint,10,820650,0.6286,0.6286,0,vi,"American Airlines, Inc., hoạt động với tên gọi American Airlines (AA), là một hãng hàng không của Hoa Kỳ và là công ty con của AMR Corporation. Có trụ sở chính tại Fort Worth, Texas, tiếp giáp với trung tâm lớn nhất của hãng tại Sân bay Quốc tế Dallas / Fort Worth. American Airlines khai thác một mạ"
CASE_0246,424408,mixed,1,7422184,0.6761,0.6761,1,vi,"HÔM NAY TRÊN TRỜI: Spirit Airlines tăng phí hành lý ký gửi cho các ngày lễ. Trong số 10 tuyến đường mới mà Spirit có kế hoạch đến Houston, ba tuyến đến Mexico và bốn tuyến đến Trung Mỹ. Các đường bay sẽ trở thành các chuyến bay quốc tế đầu tiên của Spirit từ Houston. Việc mở rộng sẽ làm cho căn cứ b"
CASE_0246,424408,mixed,2,7422182,0.6565,0.6565,0,vi,"Tinh thần: Việc mở rộng quy mô làm cho Houston trở thành cơ sở quốc tế. Hãng hàng không Spirit Airlines thông báo về việc mở rộng lớn tại Liên lục địa Houston Bush, cho biết họ có kế hoạch thêm 10 điểm đến mới và sử dụng sân bay này làm cơ sở cho các chuyến bay Mỹ Latinh. Các tuyến đường mới sẽ cung"
CASE_0246,424408,mixed,3,6494139,0.6559,0.6559,0,vi,"Spirit khai thác các chuyến bay theo lịch trình trên khắp Hoa Kỳ và Caribe, Mexico, Mỹ Latinh và Nam Mỹ. Hãng hàng không khai thác các căn cứ tại Atlantic City, ChicagoÃƒÂ ¢ Ã‚â‚¬Ã‚â € œO'Hare, Dallas / Fort Worth, Detroit, Fort Lauderdale và Las Vegas vào năm 2015."
CASE_0246,424408,mixed,4,4040132,0.6526,0.6526,0,vi,"Spirit Airlines, Inc. (NASDAQ: SAVE) là một hãng hàng không giá cực rẻ của Mỹ, có trụ sở chính tại Miramar, Florida. Spirit khai thác các chuyến bay theo lịch trình trên khắp Hoa Kỳ và Caribe, Mexico, Mỹ Latinh và Nam Mỹ. Hai trung tâm chính của Spirit là ở Fort Lauderdale, Florida và Detroit, Michi"
CASE_0246,424408,mixed,5,5371608,0.6496,0.6496,0,vi,"Spirit khai thác các chuyến bay theo lịch trình trên khắp Hoa Kỳ cũng như Caribe, Mexico và Mỹ Latinh. Các thành phố trọng điểm chính bao gồm; Ft. Lauderdale, Dallas / Fort Worth, Detroit, Las Vegas, Chicago-O'Hare, Houston, Thành phố Atlantic và Bãi biển Myrtle."
CASE_0246,424408,mixed,6,1499367,0.6331,0.6331,0,vi,"Liên hệ với Trung tâm Dịch vụ Khách hàng của Spirit Airlines. Spirit Air là một trong những hãng hàng không ÃƒÂ ¢ Ã‚â‚¬Ã‚Å “BudgetÃƒÂ ¢ Ã‚â‚¬Ã‚ hàng đầu. Được thành lập vào năm 1980, các nhà ga chính của SpiritÃÂ ¢ Ã‚â‚¬Ã‚â bao gồm Dallas, Miami / Ft. Lauderdale và Chicago."
CASE_0246,424408,mixed,7,5858258,0.6279,0.6279,0,vi,"Kiểm tra các chuyến bay của Spirit Airlines đến Houston Las Vegas, tìm kiếm vé máy bay giá rẻ và đặt vé trong tích tắc! Hãng hàng không Spirit Airlines có 281 chuyến bay Spirit Airlines 14 chuyến hàng tuần, giữa Houston và Las Vegas. Đăng nhập để nhận một số ưu đãi và khuyến mại tuyệt vời cũng như g"
CASE_0246,424408,mixed,8,5858259,0.6243,0.6243,0,vi,Lịch bay của Spirit Airlines đến Houston Las Vegas. Nhận tổng quan nhanh về các chuyến bay đến và đi từ các điểm đến mà bạn đang tìm kiếm. mang đến cho bạn lịch trình bay của Hãng hàng không Spirit Airlines cho các chuyến bay đến Houston Las Vegas. Chuyến bay đầu tiên của Hãng hàng không Spirit Airl
CASE_0246,424408,mixed,9,8576327,0.621,0.621,0,vi,"Số phiếu tự tin 298K. Southwest Airlines hiện là hãng hàng không lớn nhất bay từ Sân bay Hobby ở Houston, Texas. Delta Air Lines, American Airlines, Air Tran Airlines và JetBlue Airways là bốn hãng hàng không khác chỉ phục vụ sân bay đến của Hoa Kỳ. Southwest Airlines hiện là hãng hàng không lớn nhấ"
CASE_0246,424408,mixed,10,8576325,0.6191,0.6191,0,vi,"tồn tại và là một thay thế của. Southwest Airlines hiện là hãng hàng không lớn nhất bay từ Sân bay Hobby ở Houston, Texas. Delta Air Lines, American Airlines, Air Tran Airlines và JetBlue Airways là bốn hãng hàng không khác chỉ phục vụ sân bay đến của Hoa Kỳ."
CASE_0246,880766,endpoint,1,6373404,0.5778,0.5778,0,vi,"Quốc tịch kép. Mục 101 (a) (22) của Đạo luật Nhập cư và Quốc tịch (INA) quy định rằng ÃƒÂ ¢ Ã‚â‚¬Ã‚Å “thuật ngữ ÃƒÂ ¢ Ã‚â‚¬Ã‚Ëœ quốc tịch của Hoa KỳÃƒÂ ¢ Ã‚â ‚¬Ã‚â„ ¢ có nghĩa là (A) một công dân của Hoa Kỳ, hoặc (B) một người, mặc dù không phải là công dân của Hoa Kỳ, nhưng vẫn có lòng trung thành"
CASE_0246,880766,endpoint,2,4412903,0.5697,0.5697,0,vi,"1 Từ này thường dùng để chỉ các công dân của Hợp chủng quốc Hoa Kỳ chứ không phải những người sống ở Nam Mỹ. Công dân Nam Mỹ thường được gọi bằng cách sử dụng các tính từ lấy từ tên quốc gia của họ và nói chung, được gọi là Nam Mỹ. Ví dụ: Người lái xe người Mỹ đã thắng một cuộc đua."
CASE_0246,880766,endpoint,3,7305406,0.564,0.564,0,vi,Chúng ta chỉ bắt đầu trở thành nam giới sau khi đã trở thành công dân .. Quyền công dân thường được chứng minh bằng hộ chiếu do nhà nước cấp. Quốc tịch nghĩa vụ cá nhân đối với một nhà nước trong việc nộp thuế và thực hiện nghĩa vụ quân sự. Nghĩa vụ quân sự. Quyền công dân mang lại lợi ích cho cá nh
CASE_0246,880766,endpoint,4,7437328,0.5617,0.5617,0,vi,"Quốc tịch Anh (Ở nước ngoài) Quốc tịch Anh (Ở nước ngoài), thường được gọi là BN (O), là một trong những nhóm quốc tịch Anh chính theo luật quốc tịch Anh. Người có quốc tịch này là công dân Anh và công dân Khối thịnh vượng chung, nhưng không phải là công dân Anh. Bản thân quốc tịch không cấp quyền s"
CASE_0246,880766,endpoint,5,1316533,0.5585,0.5585,0,vi,"quốc tịch là quốc gia bạn sinh ra thuộc sắc tộc bao gồm bất cứ điều gì từ chủng tộc ngôn ngữ tôn giáo, phong tục và tôn giáo khiến bạn thuộc về một nhóm nhất định, ví dụ một người sinh ra ở Venezuela.. quốc tịch của họ là Venezuela và dân tộc của họ rất có thể là Tây Ban Nha / Latinh. TÔI CÓ CÂU HỎI"
CASE_0246,880766,endpoint,6,4286249,0.5581,0.5581,0,vi,Quốc tịch là một mối quan hệ pháp lý giữa một cá nhân và một nhà nước. [1] Quốc tịch trao quyền tài phán của nhà nước đối với người đó và dành cho người đó sự bảo vệ của nhà nước. Những quyền và nghĩa vụ này khác nhau giữa các bang. [2]
CASE_0246,880766,endpoint,7,7926653,0.5552,0.5552,0,vi,"Quốc tịch là quốc gia bạn sinh ra, bất kể bạn có quốc tịch hay không. Mỹ không phải là một quốc gia. Hợp chủng quốc Hoa Kỳ là. Vì vậy, quốc tịch của bạn là Hợp chủng quốc Hoa Kỳ. Lấy hộ chiếu của bạn (nếu bạn không có, bạn chưa từng đi du lịch, thì bạn không nên đưa ra lời khuyên về bất cứ điều gì)"
CASE_0246,880766,endpoint,8,7829822,0.5552,0.5552,0,vi,"Quốc tịch của bạn là quốc gia bạn đến: Mỹ, Canada và Nga đều là quốc tịch. Mỗi người đều có giới tính, chủng tộc, khuynh hướng tình dục ... và quốc tịch. Quốc tịch của một người là nơi họ là công dân hợp pháp, thường là ở quốc gia nơi họ sinh ra. Những người từ Mexico có quốc tịch Mexico, và những n"
CASE_0246,880766,endpoint,9,3978773,0.5552,0.5552,0,vi,Quốc tịch là tư cách của một người được công nhận theo phong tục hoặc luật pháp như là một thành viên hợp pháp của một quốc gia có chủ quyền hoặc một phần của một quốc gia. Một người có thể có nhiều quốc tịch và một người không có quốc tịch của bất kỳ tiểu bang nào được cho là không quốc tịch. Quốc
CASE_0246,880766,endpoint,10,3149294,0.5541,0.5541,0,vi,"Mục 101 (a) (22) của Đạo luật Nhập cư và Quốc tịch (INA) quy định rằng ÃƒÂ ¢ Ã‚â‚¬Ã‚Å “thuật ngữ ÃƒÂ ¢ Ã‚â‚¬Ã‚Ëœ quốc tịch của Hoa KỳÃƒÂ ¢ Ã‚â ‚¬Ã‚â„ ¢ có nghĩa là (A) một công dân của Hoa Kỳ, hoặc (B) một người, mặc dù không phải là công dân của Hoa Kỳ, nhưng vẫn có lòng trung thành vĩnh viễn với H"
CASE_0246,880766,mixed,1,7874197,0.6214,0.6214,1,vi,Tên: Ish. Nam giới. Cách sử dụng: Ish là một cái tên phổ biến. Nó thường được sử dụng như một tên con trai (nam). Những người có tên Ish nói chung có nguồn gốc từ Hợp chủng quốc Hoa Kỳ.
CASE_0246,880766,mixed,2,79950,0.5812,0.5812,0,vi,"Nam giới. Cách sử dụng: Ishmael, có nguồn gốc từ tiếng Do Thái, là một cái tên phổ biến. Nó thường được sử dụng như một tên con trai (nam). Những người có tên Ishmael nói chung có nguồn gốc từ Israel, Tây Ban Nha, Vương quốc Anh, Hợp chủng quốc Hoa Kỳ. Tên Ý nghĩa của Ishmael."
CASE_0246,880766,mixed,3,1830343,0.5804,0.5804,0,vi,"Nam giới. Cách sử dụng: Shane, có nguồn gốc từ tiếng Do Thái, là một cái tên rất phổ biến. Nó thường được sử dụng như một tên con trai (nam). Những người có tên Shane nói chung có nguồn gốc từ Úc, Barbados, Pháp, Ireland, New Zealand, Seychelles, Vương quốc Anh, Hợp chủng quốc Hoa Kỳ."
CASE_0246,880766,mixed,4,6916276,0.5803,0.5803,0,vi,"Nam giới. Cách sử dụng: Ian, có nguồn gốc từ tiếng Do Thái, là một cái tên rất phổ biến. Nó thường được sử dụng như một tên con trai (nam). Những người có tên Ian nói chung có nguồn gốc từ Pháp, Ireland, Malta, Nam Phi, Vương quốc Anh, Hợp chủng quốc Hoa Kỳ. những cái tên được sử dụng nhiều nhất. Nó"
CASE_0246,880766,mixed,5,6468167,0.5731,0.5731,0,vi,"Nam giới. Cách sử dụng: Hamish, có nguồn gốc từ tiếng Do Thái, là một cái tên phổ biến. Nó thường được sử dụng như một tên con trai (nam). Những người có tên Hamish nói chung có nguồn gốc từ Ireland, New Zealand, Vương quốc Anh, Hợp chủng quốc Hoa Kỳ. Tên Hamish được xếp ở vị trí thứ 3.474 trong số"
CASE_0246,880766,mixed,6,4577044,0.5719,0.5719,0,vi,"Dân tộc: Mẹ anh là người Đức và bố anh là người Ireland. Anh ấy tự miêu tả mình có nền tảng tiếng Pháp bằng cách thay đổi cách phát âm họ của anh ấy cho chương trình của anh ấy, buÃƒÂ ¢ Ã‚â‚¬Ã‚Â¦ vì anh ấy không phải là người Pháp Quốc tịch: Mỹ."
CASE_0246,880766,mixed,7,1164961,0.5642,0.5642,0,vi,"Tên: Ike. Nam giới. Cách sử dụng: Ike, có nguồn gốc từ tiếng Do Thái, là một cái tên phổ biến. Nó thường được sử dụng như một tên con trai (nam). Những người có tên Ike nói chung có nguồn gốc từ Vương quốc Anh, Hợp chủng quốc Hoa Kỳ. Để biết một biến thể khác của tên Ike trên khắp thế giới, hãy xem"
CASE_0246,880766,mixed,8,5385040,0.5631,0.5631,0,vi,"Giới tính: Unisex (Nam và Nữ) Cách sử dụng: Isha, có nguồn gốc từ tiếng Do Thái, là một cái tên phổ biến. Nó thường được sử dụng như một tên unisex (nam và nữ). Những người có tên Isha nói chung có nguồn gốc từ Israel."
CASE_0246,880766,mixed,9,8486991,0.5597,0.5597,0,vi,"Nam giới. Cách sử dụng: James, có nguồn gốc từ tiếng Do Thái, là một cái tên rất phổ biến. Nó thường được sử dụng như một tên con trai (nam). Những người có tên James nói chung có nguồn gốc từ Úc, Bỉ, Canada, Pháp, Hy Lạp, Ấn Độ, Ireland, Israel, Luxembourg, Malta, Seychelles, Thụy Sĩ, Vương quốc An"
CASE_0246,880766,mixed,10,5454978,0.5591,0.5591,0,vi,"Nam giới. Cách sử dụng: Ian, có nguồn gốc từ tiếng Do Thái, là một cái tên rất phổ biến. Nó thường được sử dụng như một tên con trai (nam). Những người có tên Ian nói chung có nguồn gốc từ Pháp, Ireland, Malta, Nam Phi, Vương quốc Anh, Hợp chủng quốc Hoa Kỳ. Cách sử dụng: Ian, có nguồn gốc từ tiếng"
CASE_0246,927196,endpoint,1,4911015,0.6063,0.6063,0,vi,"Năm 1972, Đạo luật Cơ hội Việc làm Bình đẳng đã được thông qua, đặt cơ sở cho hành động khẳng định. Năm 1978, Tòa án Tối cao ra phán quyết trong vụ kiện Bakke kiện Univ. của California rằng trường đại học không thể sử dụng hạn ngạch cố định trong việc đưa ra quyết định tuyển sinh, trong số những thá"
CASE_0246,927196,endpoint,2,2895053,0.6015,0.6015,0,vi,"Vào tháng 5, trường Đại học đã công bố những thay đổi đối với tiêu chuẩn tuyển sinh chú trọng hơn vào thành tích học tập và lần đầu tiên đồng ý công khai quy trình tuyển sinh của mình. Vào tháng 10 năm 1990, Bộ Giáo dục Hoa Kỳ đã công bố những phát hiện đầu tiên về cuộc điều tra của mình."
CASE_0246,927196,endpoint,3,7350458,0.5947,0.5947,0,vi,"Thực hành này bắt đầu phổ biến tại các trường cao đẳng và đại học công lập vào những năm 1990, và hiện nay một số cơ sở và hệ thống ở hầu hết các bang đều yêu cầu nó. Đối với nhiều giáo sư, bao gồm Daniel Hamermesh, giáo sư kinh tế tại Đại học Texas ở Austin, nó vẫn là một nhiệm vụ hành chính không"
CASE_0246,927196,endpoint,4,2570605,0.5899,0.5899,0,vi,"Theo Teachout, sự hiểu biết của chúng tôi về vận động hành lang và Tu chính án thứ nhất đã trải qua một quá trình xem xét lại tương tự, nếu lâu hơn và ít được dàn dựng một cách có ý thức. Một trong những cú đánh đầu tiên xảy ra vào năm 1890, khi Massachusetts thông qua luật yêu cầu những người vận đ"
CASE_0246,927196,endpoint,5,7801342,0.5877,0.5877,0,vi,"Thử nghiệm xảy ra trong một môi trường được kiểm soát chặt chẽ. Năm 1979, Cơ quan Lập pháp Texas quyết định rằng tất cả học sinh trong các trường công lập phải làm một bài kiểm tra tiêu chuẩn để đánh giá mức độ học tập của các em trong chương trình giảng dạy. Đây là sự khởi đầu của kỷ nguyên trách n"
CASE_0246,927196,endpoint,6,3529471,0.5871,0.5871,0,vi,"1917Congress thông qua Đạo luật nghĩa vụ tuyển chọn vào ngày 18 tháng 5 năm 1917. Tất nhiên, đạo luật này yêu cầu tất cả nam giới từ 18-25 tuổi phải đăng ký tham gia quân dịch. Điều này bao gồm các công dân ÃƒÂ ¢ Ã‚â‚¬Ã‚Â¦, cùng với những người nước ngoài cư trú không phải là công dân. + 12 người kh"
CASE_0246,927196,endpoint,7,6037153,0.5852,0.5852,0,vi,"Texas House Bill 588, thường được gọi là Quy tắc 10% hàng đầu, là một đạo luật của Texas được thông qua vào năm 1997. Luật đảm bảo cho học sinh Texas tốt nghiệp trong mười phần trăm hàng đầu của lớp trung học của họ được tự động nhập học vào tất cả các trường đại học do tiểu bang tài trợ. dự luật đư"
CASE_0246,927196,endpoint,8,5227548,0.5847,0.5847,0,vi,Hoa Kỳ lần đầu tiên thông qua quy định thời bình với Đạo luật đào tạo và phục vụ có chọn lọc năm 1940. Đạo luật này quy định rằng không quá 900.000 nam giới phải được đào tạo cùng một lúc và nó giới hạn thời gian phục vụ trong 12 thángÃƒÂ ¢ Ã‚â‚¬Ã ‚Â € sau đó (1941) kéo dài đến 18 tháng. Đạo luật ng
CASE_0246,927196,endpoint,9,1447243,0.5829,0.5829,0,vi,"Những thay đổi về tính đủ điều kiện ban đầu sẽ bắt đầu vào mùa hè năm 2015 và sẽ bắt buộc đối với tất cả sinh viên năm nhất đại học mới nhập học kể từ thời điểm đó. Gần đây, Ủy ban NCAA về Kết quả Học tập đã yêu cầu Ban Giám đốc Bộ phận I xem xét trì hoãn bộ tiêu chuẩn mới về tính đủ điều kiện thêm"
CASE_0246,927196,endpoint,10,2398281,0.5828,0.5828,0,vi,"Mặc dù bài kiểm tra do quân đội quản lý, nhưng không phải (và chưa bao giờ) yêu cầu người dự thi đạt điểm đủ tiêu chuẩn phải gia nhập lực lượng vũ trang. ASVAB được giới thiệu lần đầu tiên vào năm 1968 và được tất cả các chi nhánh của quân đội áp dụng vào năm 1976."
CASE_0246,927196,mixed,1,7735310,0.6769,0.6769,1,vi,ACT (/ eÃƒâ € ° Ã‚Âª s iÃƒâ € ¹Ã ‚t iÃƒâ € ¹Ã‚ /; ban đầu là tên viết tắt của American College Testing) là một bài kiểm tra tiêu chuẩn được sử dụng để tuyển sinh đại học ở Hoa Kỳ. Nó được giới thiệu lần đầu tiên vào tháng 11 năm 1959 bởi giáo sư Everett Franklin Lindquist của Đại học Iowa như một đố
CASE_0246,927196,mixed,2,5181020,0.6551,0.6551,0,vi,Việc sử dụng ACT của các trường đại học đã tăng lên do nhiều lời chỉ trích về tính hiệu quả và công bằng của kỳ thi SAT. American Mensa là một xã hội có chỉ số IQ cao cho phép sử dụng ACT để kết nạp thành viên nếu bài kiểm tra được thực hiện trước tháng 9 năm 1989. Điểm tổng hợp từ 29 trở lên là bắt
CASE_0246,927196,mixed,3,3169887,0.6477,0.6477,0,vi,"Nó được tổ chức lần đầu tiên vào tháng 11 năm 1959 bởi Everett Franklin Lindquist với tư cách là đối thủ của Bài kiểm tra Năng lực Học vấn của College Board, nay là SAT. ACT ban đầu bao gồm bốn bài kiểm tra: Tiếng Anh, Toán học, Nghiên cứu Xã hội và Khoa học Tự nhiên."
CASE_0246,927196,mixed,4,6168921,0.6384,0.6384,0,vi,"Ở Mississippi, điểm thi ACT từ lâu đã được sử dụng như một công cụ phân biệt trong các trường đại học và cao đẳng tiểu bang. Năm 1962, hội đồng giáo dục đại học Mississippi đưa ra yêu cầu ACT tối thiểu để được nhận vào học, cao hơn tám điểm so với điểm trung bình của học sinh da đen trong tiểu bang."
CASE_0246,927196,mixed,5,7612571,0.6329,0.6329,0,vi,"(Cái còn lại là ACT.) Nó được điều hành bởi College Board, một tổ chức phi lợi nhuận cũng quản lý chương trình PSAT và AP (Advanced Placement). SAT ban đầu được chuyển thể từ và bài kiểm tra IQ của Quân đội và được quản lý như một bài kiểm tra tuyển sinh đại học lần đầu tiên vào năm 1926."
CASE_0246,927196,mixed,6,4315626,0.6321,0.6321,0,vi,"1 2005: ACT bổ sung một Bài kiểm tra Viết tùy chọn. 2 2007: Mọi trường cao đẳng ở Hoa Kỳ hiện chấp nhận ACT để nhập học. 3 2012: Lần đầu tiên số học sinh thi ACT vượt qua SAT. Với 1,85 triệu sinh viên, điều này có nghĩa là hơn một nửa số sinh viên tốt nghiệp của cả nước đang thi ACT."
CASE_0246,927196,mixed,7,2145426,0.631,0.631,0,vi,"Số học sinh thi ACT trong năm học 1967-68 đạt khoảng 950.000, gấp hơn bảy lần số học sinh thi ACT năm 1959-60, năm thi ACT đầu tiên. Đại học California bắt đầu yêu cầu ứng viên nộp điểm SAT."
CASE_0246,927196,mixed,8,3557078,0.6304,0.6304,0,vi,"ÃƒÂ ¢ Ã‚â‚¬Ã‚Â ¢ Ở Kentucky, luật tiểu bang đã yêu cầu các trường cấp ACT cho học sinh kể từ năm 2008, và tỷ lệ đậu đại học từ đó đã được cải thiện. Kết quả được sử dụng cho mục đích giải trình, và mọi tổ chức sau trung học trong tiểu bang đã đồng ý chấp nhận điểm của sinh viên để xếp vào các khóa h"
CASE_0246,927196,mixed,9,6493307,0.6274,0.6274,0,vi,"Thi SAT hoặc đối thủ cạnh tranh của nó, ACT, là bắt buộc đối với sinh viên năm nhất vào nhiều, nhưng không phải tất cả, các trường đại học ở Hoa Kỳ. Vào ngày 5 tháng 3 năm 2014, College Board thông báo rằng phiên bản thiết kế lại của SAT sẽ được tổ chức lần đầu tiên vào năm 2016. Kỳ thi sẽ chuyển về"
CASE_0246,927196,mixed,10,1963238,0.6261,0.6261,0,vi,"Penn thông báo các yêu cầu kiểm tra mới cho các ứng viên. Thứ Sáu, ngày 31 tháng 7 năm 2015. Bắt đầu với chu kỳ tuyển sinh 2015-2016, Đại học Pennsylvania sẽ yêu cầu tất cả các ứng viên năm nhất nộp kết quả của kỳ thi đầu vào đại học SAT hoặc ACT."
CASE_0246,333327,endpoint,1,486429,0.7144,0.7144,0,vi,"Đánh giá Mới nhất Cũ nhất. Câu trả lời hay nhất: Độ tuổi vào sòng bạc là 21 nhưng bạn luôn có thể lạnh sống lưng trong khu vực khách sạn. Bạn có thể cân nhắc đến Oklahoma vì độ tuổi đánh bạc ở đó là 18, và có một sòng bạc rất đẹp ngay bên kia đường tiểu bang. (Winstar). (Các) nguồn:"
CASE_0246,333327,endpoint,2,8457141,0.7073,0.7073,0,vi,"Để vào sòng bạc, bạn phải từ 19 tuổi trở lên. Bảo vệ sẽ yêu cầu ID từ những khách hàng dưới 30 tuổi. Khách hàng từ 21 tuổi trở xuống sẽ được yêu cầu xuất trình hai mảnh giấy tờ tùy thân. Xin lưu ý: Sòng bạc sẽ chỉ chấp nhận giấy tờ tùy thân có ảnh hợp lệ do Chính phủ cấp cho mục đích xác định tuổi h"
CASE_0246,333327,endpoint,3,789945,0.7034,0.7034,0,vi,Khách phải từ 18 tuổi trở lên mới được chơi trên bàn và máy đánh bạc. Khách dưới 18 tuổi không được phép vào sòng bạc. Khách phải từ 18 tuổi trở lên mới có thể mua thẻ lô tô và chơi. Khách phải từ 21 tuổi trở lên mới được ở trong khu vực ÃƒÂ ¢ Ã‚â‚¬Ã‚Å “SerenityÃƒÂ ¢ Ã‚â‚¬Ã‚ khu vực chỉ dành cho ngư
CASE_0246,333327,endpoint,4,6514436,0.7025,0.7025,0,vi,"Tuổi đánh bạc hợp pháp trong sòng bạc của bạn là bao nhiêu? Độ tuổi hợp pháp để chơi Trò chơi trên bàn, Slots, Race Book và Keno là 21. * Vào ngày bạn bước sang tuổi 21, bạn sẽ không thể vào sàn sòng bạc cho đến 6 giờ sáng. Độ tuổi hợp pháp để chơi Bingo là 18."
CASE_0246,333327,endpoint,5,7336480,0.699,0.699,0,vi,"Bạn thực sự có thể vào sòng bạc / khách sạn ở bất kỳ độ tuổi nào nhưng bạn phải 18 tuổi trong một cuộc chơi và 21 tuổi để thực sự đánh bạc. Tùy thuộc vào, Một số sòng bạc ID bạn và bạn phải 21 tuổi, và sau đó có một số nơi bạn chỉ phải 18 tuổi, nhưng không thể đánh bạc. Nó thay đổi theo tiểu bang."
CASE_0246,333327,endpoint,6,7336481,0.6989,0.6989,0,vi,"Câu trả lời hay nhất: Nó thực sự phụ thuộc vào vị trí của sòng bạc và bạn định làm gì khi ở đó. Một số sòng bạc có và giới hạn độ tuổi là 18, một số 19, một số 21. Một số sòng bạc cho phép trẻ em, với sự đi cùng của cha mẹ, miễn là chúng không đánh bạc."
CASE_0246,333327,endpoint,7,7194716,0.6988,0.6988,0,vi,Khách phải từ 18 tuổi trở lên mới được chơi trên bàn và máy đánh bạc. Khách dưới 18 tuổi không được phép vào sòng bạc. Khách phải từ 18 tuổi trở lên mới có thể mua thẻ lô tô và chơi. Thanh thản. Khách phải từ 21 tuổi trở lên mới được ở trong khu vực ÃƒÂ ¢ Ã‚â‚¬Ã‚Å “SerenityÃƒÂ ¢ Ã‚â‚¬Ã‚ khu vực chỉ
CASE_0246,333327,endpoint,8,7486777,0.6978,0.6978,0,vi,Độ tuổi đánh bạc tối thiểu tại hầu hết các sòng bạc (tại một số sòng bạc là 18) và 18 đối với cá cược bingo hoặc pari-mutuel. Tìm trong danh sách ÃƒÂ ¢ Ã‚â‚¬Ã‚Å “Tính năng đặc biệtÃƒÂ ¢ Ã‚â‚¬Ã‚ cho mỗi sòng bạc để xem sòng bạc nào cho phép đánh bạc khi 18 tuổi. Mặc dù hầu hết các sòng bạc đều có số
CASE_0246,333327,endpoint,9,7336477,0.6972,0.6972,1,vi,"Bạn phải từ 21 tuổi trở lên để đến bất kỳ sòng bạc nào ở Hoa Kỳ, bao gồm cả bang Wisconsin. ChaCha vào! Bạn chỉ phải 18 tuổi để chơi bingo tại Sòng bạc Ho Chunk Wisconsin Dells nhưng các máy đánh bạc, bàn và video poker yêu cầu bạn phải 21 tuổi. Data-config-site-section = chacha>."
CASE_0246,333327,endpoint,10,6416723,0.6963,0.6963,0,vi,"Bất cứ ai dự định đến một sòng bạc nên lưu ý rằng mặc dù bạn chỉ cần đủ 18 tuổi để đánh bạc, nhưng bạn phải đủ 21 tuổi để vào một quán bar. Nhiều sòng bạc cũng là quán bar phục vụ rượu trong suốt và vì vậy trẻ vị thành niên sẽ không được phép vào."
CASE_0246,333327,mixed,1,7336477,0.7816,0.7816,1,vi,"Bạn phải từ 21 tuổi trở lên để đến bất kỳ sòng bạc nào ở Hoa Kỳ, bao gồm cả bang Wisconsin. ChaCha vào! Bạn chỉ phải 18 tuổi để chơi bingo tại Sòng bạc Ho Chunk Wisconsin Dells nhưng các máy đánh bạc, bàn và video poker yêu cầu bạn phải 21 tuổi. Data-config-site-section = chacha>."
CASE_0246,333327,mixed,2,7336482,0.772,0.772,0,vi,"Các câu trả lời. 1 Bạn phải từ 21 tuổi trở lên để đến bất kỳ sòng bạc nào ở Hoa Kỳ, kể cả tiểu bang Wisconsin. 2 Bạn chỉ phải 18 tuổi để chơi bingo tại Sòng bạc Ho Chunk Wisconsin Dells nhưng các máy đánh bạc, bàn và video poker yêu cầu bạn phải 21 tuổi."
CASE_0246,333327,mixed,3,7336478,0.7286,0.7286,0,vi,"Những người đánh bạc ở Wisconsin sẽ có quyền truy cập vào cờ bạc hợp pháp ở tuổi 18. Bạn sẽ có thể tham gia ngay khi đến tuổi trưởng thành này. Hầu hết mọi loại cờ bạc đều có thể bắt đầu ở tuổi 18. Bạn sẽ có thể vào sòng bạc, phòng poker, phòng chơi lô tô, đường đua và trò chơi xổ số ngay khi bạn 18"
CASE_0246,333327,mixed,4,7336484,0.7278,0.7278,0,vi,"Tôi không nghĩ rằng 18 tuổi có thể đến sòng bạc ở Wisconsin .... Tôi không nghĩ rằng 18 tuổi có thể đến sòng bạc ở Wisconsin :) Nếu bạn từ 21 tuổi trở lên, hãy đợi vài năm nữa và bạn sẽ được phép đi :) Joseph Maguie."
CASE_0246,333327,mixed,5,486429,0.7276,0.7276,0,vi,"Đánh giá Mới nhất Cũ nhất. Câu trả lời hay nhất: Độ tuổi vào sòng bạc là 21 nhưng bạn luôn có thể lạnh sống lưng trong khu vực khách sạn. Bạn có thể cân nhắc đến Oklahoma vì độ tuổi đánh bạc ở đó là 18, và có một sòng bạc rất đẹp ngay bên kia đường tiểu bang. (Winstar). (Các) nguồn:"
CASE_0246,333327,mixed,6,7336485,0.7253,0.7253,0,vi,"Definetly nếu bạn muốn đến sòng bạc ở minnesota, bạn phải đủ 21 tuổi. Đi đến các quốc gia khác nếu bạn muốn đến sòng bạc và bạn còn quá trẻ nhưng tôi đề nghị bạn - đừng làm điều đó :) Niku Darkman."
CASE_0246,333327,mixed,7,6416728,0.7199,0.7199,0,vi,"Tuổi cờ bạc ở Pennsylvania có vẻ hơi phức tạp. Tùy thuộc vào thứ bạn muốn chơi và nơi bạn muốn chơi, bạn cần phải 18 hoặc 21. Sòng bạc trên đất liền yêu cầu người đánh bạc phải 21 tuổi, nhưng nếu bạn đặt cược vào ngựa tại một racino (cũng cung cấp sòng bạc trò chơi) bạn chỉ cần 18 tuổi."
CASE_0246,333327,mixed,8,8457141,0.7168,0.7168,0,vi,"Để vào sòng bạc, bạn phải từ 19 tuổi trở lên. Bảo vệ sẽ yêu cầu ID từ những khách hàng dưới 30 tuổi. Khách hàng từ 21 tuổi trở xuống sẽ được yêu cầu xuất trình hai mảnh giấy tờ tùy thân. Xin lưu ý: Sòng bạc sẽ chỉ chấp nhận giấy tờ tùy thân có ảnh hợp lệ do Chính phủ cấp cho mục đích xác định tuổi h"
CASE_0246,333327,mixed,9,7336480,0.7138,0.7138,0,vi,"Bạn thực sự có thể vào sòng bạc / khách sạn ở bất kỳ độ tuổi nào nhưng bạn phải 18 tuổi trong một cuộc chơi và 21 tuổi để thực sự đánh bạc. Tùy thuộc vào, Một số sòng bạc ID bạn và bạn phải 21 tuổi, và sau đó có một số nơi bạn chỉ phải 18 tuổi, nhưng không thể đánh bạc. Nó thay đổi theo tiểu bang."
CASE_0246,333327,mixed,10,7194716,0.712,0.712,0,vi,Khách phải từ 18 tuổi trở lên mới được chơi trên bàn và máy đánh bạc. Khách dưới 18 tuổi không được phép vào sòng bạc. Khách phải từ 18 tuổi trở lên mới có thể mua thẻ lô tô và chơi. Thanh thản. Khách phải từ 21 tuổi trở lên mới được ở trong khu vực ÃƒÂ ¢ Ã‚â‚¬Ã‚Å “SerenityÃƒÂ ¢ Ã‚â‚¬Ã‚ khu vực chỉ
CASE_0246,1099670,endpoint,1,7236804,0.7741,0.7741,0,vi,"Câu trả lời hay nhất: Rùa báo là loài rùa lớn thứ tư trên thế giới, với những con trưởng thành điển hình dài tới 18 inch (460 mm) và nặng 40 pound (18 kg). Ví dụ lớn có thể dài 70 cm (28 in) và nặng tới 120 pound (54 kg). Chiều dài vỏ tối đa của một con trưởng thành có thể đạt đến đường kính 24 inch"
CASE_0246,1099670,endpoint,2,1493058,0.7718,0.7718,0,vi,"Rùa báo ăn thực vậtB al. Rùa báo là loài rùa lớn thứ tư trên thế giới, với những con trưởng thành điển hình dài tới 18 inch (460 mm) và nặng 40 pound (18 kg). Ví dụ lớn có thể dài 70 cm (28 in) và nặng tới 120 pound (54 kg). Chiều dài vỏ tối đa của một con trưởng thành có thể đạt đến đường kính 24 i"
CASE_0246,1099670,endpoint,3,7236808,0.7603,0.7603,0,vi,"Rùa báo trưởng thành có chiều dài từ 10 đến 18 inch tùy thuộc vào nguồn gốc địa lý và phân loài của rùa. Các loài phụ ở Nam Phi, Stigmachelys pardalis pardalis, có thể phát triển tới 24 inch và những người khổng lồ từ Ethiopia và Somalia có thể tiếp cận 30 inch."
CASE_0246,1099670,endpoint,4,3211276,0.7523,0.7523,0,vi,"Rùa da báo là loài rùa lớn thứ tư trên thế giới, với những con trưởng thành điển hình đạt 18 inch (460 mm) và nặng 40 pound (18 kg). Ví dụ lớn có thể dài 70 cm (28 in) và nặng tới đến 120 pound (54 kg). Chiều dài vỏ tối đa của một người trưởng thành có thể đạt đến đường kính 24 inch (610 mm). Nó cũn"
CASE_0246,1099670,endpoint,5,3211275,0.7416,0.7416,0,vi,"Rùa báo ăn thực vậtB al. Rùa báo là loài rùa lớn thứ tư trên thế giới, với những con trưởng thành điển hình dài tới 18 inch (460 mm) và nặng 40 pound (18 kg). Ví dụ lớn có thể dài 70 cm (28 in) và nặng tới 120 pound (54 kg). trong điều kiện nuôi nhốt) quả và miếng đệm của cây xương rồng lê gai (Opun"
CASE_0246,1099670,endpoint,6,6701274,0.7151,0.7151,0,vi,"Rùa Báo, tên chính thức là Rùa Báo Châu Phi (Geochelone Pardalis) có thể dài tới khoảng 0,6 m và có thể nặng tới 70 lbs nếu được chăm sóc thích hợp (và có gen tốt). Chúng là vật nuôi tuyệt vời và có thể sống đến 80 năm nếu được giữ gìn sức khỏe trong suốt cuộc đời."
CASE_0246,1099670,endpoint,7,6492050,0.7001,0.7001,0,vi,"Cách Chăm sóc Rùa Báo. Rùa Báo, chính thức được gọi là Rùa Báo Châu Phi (Geochelone Pardalis) có thể dài tới 2 feet (0,6 m) và có thể nặng tới 70 lbs nếu được chăm sóc thích hợp (và có gen tốt). Chúng là vật nuôi tuyệt vời và có thể sống tới 80 năm nếu được giữ gìn sức khỏe trong suốt cuộc đời. Rùa"
CASE_0246,1099670,endpoint,8,7236803,0.6976,0.6976,1,vi,"Tên cho Leopard Tortoises. Kích thước của Leopard Tortoises. Trung bình, rùa báo có chiều dài khoảng 10-18 inch (với một số loài con phát triển dài tới 30 inch) và nặng khoảng 40-50 pound (mặc dù một số có thể nặng tới 70 pound). Rùa da báo là loài rùa lớn thứ hai có nguồn gốc từ châu Phi (với loài"
CASE_0246,1099670,endpoint,9,5784536,0.6858,0.6858,0,vi,"Một con báo trưởng thành nặng 80-140 pound, cao khoảng 32 inch ở vai và dài 48-56 inch từ đầu đến thân với 28-32 inch ở đuôi của con đực lớn hơn một chút so với con cái."
CASE_0246,1099670,endpoint,10,5784534,0.6816,0.6816,0,vi,"Con báo trưởng thành nặng từ 40 đến 65 kg (88 đến 140 lb). Tổng chiều dài cơ thể của nó từ 115 đến 135 cm (45 đến 53 in), trong khi đuôi có thể dài tới 84 cm (33 in)."
CASE_0246,1099670,mixed,1,7236803,0.7563,0.7563,1,vi,"Tên cho Leopard Tortoises. Kích thước của Leopard Tortoises. Trung bình, rùa báo có chiều dài khoảng 10-18 inch (với một số loài con phát triển dài tới 30 inch) và nặng khoảng 40-50 pound (mặc dù một số có thể nặng tới 70 pound). Rùa da báo là loài rùa lớn thứ hai có nguồn gốc từ châu Phi (với loài"
CASE_0246,1099670,mixed,2,7236808,0.7285,0.7285,0,vi,"Rùa báo trưởng thành có chiều dài từ 10 đến 18 inch tùy thuộc vào nguồn gốc địa lý và phân loài của rùa. Các loài phụ ở Nam Phi, Stigmachelys pardalis pardalis, có thể phát triển tới 24 inch và những người khổng lồ từ Ethiopia và Somalia có thể tiếp cận 30 inch."
CASE_0246,1099670,mixed,3,3211276,0.7257,0.7257,0,vi,"Rùa da báo là loài rùa lớn thứ tư trên thế giới, với những con trưởng thành điển hình đạt 18 inch (460 mm) và nặng 40 pound (18 kg). Ví dụ lớn có thể dài 70 cm (28 in) và nặng tới đến 120 pound (54 kg). Chiều dài vỏ tối đa của một người trưởng thành có thể đạt đến đường kính 24 inch (610 mm). Nó cũn"
CASE_0246,1099670,mixed,4,7236804,0.7244,0.7244,0,vi,"Câu trả lời hay nhất: Rùa báo là loài rùa lớn thứ tư trên thế giới, với những con trưởng thành điển hình dài tới 18 inch (460 mm) và nặng 40 pound (18 kg). Ví dụ lớn có thể dài 70 cm (28 in) và nặng tới 120 pound (54 kg). Chiều dài vỏ tối đa của một con trưởng thành có thể đạt đến đường kính 24 inch"
CASE_0246,1099670,mixed,5,1493058,0.7201,0.7201,0,vi,"Rùa báo ăn thực vậtB al. Rùa báo là loài rùa lớn thứ tư trên thế giới, với những con trưởng thành điển hình dài tới 18 inch (460 mm) và nặng 40 pound (18 kg). Ví dụ lớn có thể dài 70 cm (28 in) và nặng tới 120 pound (54 kg). Chiều dài vỏ tối đa của một con trưởng thành có thể đạt đến đường kính 24 i"
CASE_0246,1099670,mixed,6,3211275,0.701,0.701,0,vi,"Rùa báo ăn thực vậtB al. Rùa báo là loài rùa lớn thứ tư trên thế giới, với những con trưởng thành điển hình dài tới 18 inch (460 mm) và nặng 40 pound (18 kg). Ví dụ lớn có thể dài 70 cm (28 in) và nặng tới 120 pound (54 kg). trong điều kiện nuôi nhốt) quả và miếng đệm của cây xương rồng lê gai (Opun"
CASE_0246,1099670,mixed,7,5567232,0.688,0.688,0,vi,Giới thiệu về Galapagos Tortoise. Loài rùa lớn nhất là Rùa Galapagos. Chúng có thể phát triển đến kích thước lên đến 880 pound. Chúng cũng có thể dài hơn 6 feet. Chúng có thể có kích thước và hình dạng vỏ khác nhau tùy thuộc vào khu vực nơi chúng sinh sống.
CASE_0246,1099670,mixed,8,7236812,0.6864,0.6864,0,vi,"Leopard Tortoise Life Span. Rùa da báo sống từ 50 đến 100 năm trong tự nhiên. Leopard Tortoise Caging. Thiết lập ưa thích cho rùa báo trưởng thành là ở ngoài trời. Tuy nhiên, nếu bạn sống ở nơi có khí hậu quá lạnh đối với một chuồng trại như vậy, bạn có thể nuôi rùa trong nhà. Một cặp rùa da báo có"
CASE_0246,1099670,mixed,9,6701274,0.6788,0.6788,0,vi,"Rùa Báo, tên chính thức là Rùa Báo Châu Phi (Geochelone Pardalis) có thể dài tới khoảng 0,6 m và có thể nặng tới 70 lbs nếu được chăm sóc thích hợp (và có gen tốt). Chúng là vật nuôi tuyệt vời và có thể sống đến 80 năm nếu được giữ gìn sức khỏe trong suốt cuộc đời."
CASE_0246,1099670,mixed,10,5771876,0.6778,0.6778,0,vi,"Hải cẩu Well Leopard có thân hình thon dài, đầu và hàm lớn. Chúng cũng có màu xám với những đốm trắng. Chúng không có tai và có râu. Chúng được gọi là báo gấm ÃƒÂ ¢ Ã‚â‚¬Ã‚Â¦ al vì những đốm của chúng giống như một chiếc áo khoác của loài báo. Loài báo trông như thế nào? Chúng dài khoảng 3-6 feet. C"
CASE_0246,264594,endpoint,1,6507049,0.6387,0.6387,0,vi,trận đấu bóng rổ kéo dài bao lâu.
CASE_0246,264594,endpoint,2,3599985,0.6156,0.6156,0,vi,Thông thường khoảng 3 giờ. Siêu tô là khoảng 4 giờ. Thời gian chơi trung bình của một trò chơi là 12:36 phút.
CASE_0246,264594,endpoint,3,6507055,0.6155,0.6155,0,vi,thời lượng của một trận đấu bóng rổ là bao nhiêu.
CASE_0246,264594,endpoint,4,1344234,0.6105,0.6105,0,vi,Các trò chơi thường kéo dài từ 2 giờ đến 15 phút và 2 giờ 30 phút.
CASE_0246,264594,endpoint,5,6507051,0.6004,0.6004,0,vi,trận bóng rổ đại học kéo dài bao lâu.
CASE_0246,264594,endpoint,6,4146196,0.5966,0.5966,0,vi,"Super Bowl diễn ra bao nhiêu giờ? Trò chơi chính nó là 60 phút giống như bất kỳ trò chơi nào. Tuy nhiên, các chương trình quảng cáo, chương trình giữa giờ nghỉ giải lao và thường xuyên nghỉ giải lao để xoa dịu các nhà quảng cáo, siêu cúp chiếm khoảng 4 giờ ÃƒÂ ¢ Ã‚â‚¬Ã‚Â¦ trái ngược với một trò chơi"
CASE_0246,264594,endpoint,7,4146194,0.5962,0.5962,0,vi,"Trò chơi chính nó là 60 phút giống như bất kỳ trò chơi nào. Tuy nhiên, các quảng cáo, chương trình giữa giờ nghỉ giải lao và thường xuyên nghỉ giải lao để xoa dịu các nhà quảng cáo, siêu cúp chiếm khoảng 4 giờ ÃƒÂ ¢ Ã‚â‚¬Ã‚Â¦ trái ngược với một trò chơi theo mùa thông thường chiếm khoảng 2 tiếng rưỡ"
CASE_0246,264594,endpoint,8,7320812,0.5921,0.5921,1,vi,"Super Bowl thường kéo dài bao lâu? Super Bowl thường kéo dài bốn giờ. Bản thân trò chơi diễn ra trong khoảng ba giờ rưỡi, với một chương trình 30 phút giữa hiệp được tích hợp sẵn. Trong khi một trò chơi NFL điển hình thường kéo dài khoảng ba giờ, thì Super Bowl lâu hơn nhiều vì tập trung vào quảng c"
CASE_0246,264594,endpoint,9,6677058,0.5895,0.5895,0,vi,"Super Bowl thường kéo dài bốn giờ. Bản thân trò chơi mất khoảng ba giờ rưỡi, với một chương trình 30 phút giữa hiệp được tích hợp sẵn."
CASE_0246,264594,endpoint,10,6921282,0.5892,0.5892,0,vi,"Trò chơi có bốn phần tư -12 phút. Trò chơi kéo dài hơn 2 giờ một chút, tùy thuộc vào thời gian chờ, thời gian chờ truyền hình, thời gian nghỉ giải lao, thay đổi quyền sở hữu, v.v. So sánh, dài hơn 8 phút so với trò chơi đại học, tức là hai hiệp 20 phút."
CASE_0246,264594,mixed,1,7320812,0.7245,0.7245,1,vi,"Super Bowl thường kéo dài bao lâu? Super Bowl thường kéo dài bốn giờ. Bản thân trò chơi diễn ra trong khoảng ba giờ rưỡi, với một chương trình 30 phút giữa hiệp được tích hợp sẵn. Trong khi một trò chơi NFL điển hình thường kéo dài khoảng ba giờ, thì Super Bowl lâu hơn nhiều vì tập trung vào quảng c"
CASE_0246,264594,mixed,2,6677058,0.7221,0.7221,0,vi,"Super Bowl thường kéo dài bốn giờ. Bản thân trò chơi mất khoảng ba giờ rưỡi, với một chương trình 30 phút giữa hiệp được tích hợp sẵn."
CASE_0246,264594,mixed,3,6507055,0.7196,0.7196,0,vi,thời lượng của một trận đấu bóng rổ là bao nhiêu.
CASE_0246,264594,mixed,4,6507049,0.718,0.718,0,vi,trận đấu bóng rổ kéo dài bao lâu.
CASE_0246,264594,mixed,5,4146196,0.7132,0.7132,0,vi,"Super Bowl diễn ra bao nhiêu giờ? Trò chơi chính nó là 60 phút giống như bất kỳ trò chơi nào. Tuy nhiên, các chương trình quảng cáo, chương trình giữa giờ nghỉ giải lao và thường xuyên nghỉ giải lao để xoa dịu các nhà quảng cáo, siêu cúp chiếm khoảng 4 giờ ÃƒÂ ¢ Ã‚â‚¬Ã‚Â¦ trái ngược với một trò chơi"
CASE_0246,264594,mixed,6,7728746,0.7076,0.7076,0,vi,"Super Bowl thường kéo dài bao lâu? Một trận bóng đá truyền thống kéo dài khoảng 3 giờ. Tuy nhiên, Super Bowl kéo dài khoảng 4 giờ từ đầu đến cuối. Trò chơi dài hơn do thời lượng chiếu kéo dài và tập trung vào quảng cáo và thời gian nghỉ thương mại. Trò chơi dài hơn do độ dài ÃƒÂ ¢ Ã‚â‚¬Ã‚Â¦ đã kết t"
CASE_0246,264594,mixed,7,6507051,0.6977,0.6977,0,vi,trận bóng rổ đại học kéo dài bao lâu.
CASE_0246,264594,mixed,8,7455534,0.6971,0.6971,0,vi,"Nó sẽ kéo dài trong bao lâu? Các trận Super Bowl nổi tiếng là dài và kéo dài trung bình ba giờ 44 phút, theo The Verge. Một trận đấu NFL bình thường kéo dài hơn ba giờ một chút, nhưng Super Bowl thường kéo dài hơn do sự hào nhoáng, quảng cáo nổi tiếng và chương trình giữa hiệp ngoạn mục."
CASE_0246,264594,mixed,9,3440548,0.6943,0.6943,0,vi,"Tuy nhiên, một trận bóng đá bình thường không kéo dài đến gần 60 phút. Trò chơi dừng lại vì nhiều lý do. Có những khoảng nghỉ ngắn giữa mỗi quý, giúp tăng thêm thời gian. Đồng hồ của trận đấu cũng dừng lại khi còn hai phút ở phần tư thứ hai và thứ tư; đây được gọi là cảnh báo kéo dài hai phút. đối v"
CASE_0246,264594,mixed,10,6013768,0.6909,0.6909,0,vi,"Tuy nhiên, Super Bowl kéo dài khoảng 4 giờ từ đầu đến cuối. Trò chơi dài hơn do thời lượng chiếu kéo dài và tập trung vào quảng cáo và thời gian nghỉ thương mại. Một trận bóng đá truyền thống kéo dài khoảng 3 giờ. Tuy nhiên, Super Bowl kéo dài khoảng 4 giờ từ đầu đến cuối. Trò chơi dài hơn do thời l"
CASE_0246,577167,endpoint,1,2498678,0.6517,0.6517,0,vi,"Bạn phải thức đến ít nhất 3 giờ sáng. Tức là 4 giờ chiều. Bạn không chỉ phải mặc váy / đeo thẻ / vest mà còn phải để bạn cùng phòng vào bếp nấu bánh mì kẹp thịt phô mai và uống Guinness, trong khi bạn bắt xe buýt để xem nhiều người hơn uống Guinness."
CASE_0246,577167,endpoint,2,7709488,0.651,0.651,0,vi,"Bạn phải mặc gì khi thức dậy / xem đám tang? Tôi sẽ đi thăm các cụ bà của tôi, quảng cáo sau đó là đám tang của ông ấy, nhưng tôi thực sự không biết mình phải mặc gì !!!! bất cứ ai? như bạn có thể mặc một chiếc váy? hoặc đen hoặc trắng? màu sắc? tôi không biết!! lời khuyên? Cứu giúp? 1 người theo dõ"
CASE_0246,577167,endpoint,3,7709485,0.6441,0.6441,0,vi,"Có một số sự linh hoạt trong trang phục khi thức dậy dựa trên nơi tổ chức đánh thức, nhưng quy tắc chung về màu sắc là giữ cho các tông màu u ám như đen, xanh nước biển và tối hoặc xám than, theo ..."
CASE_0246,577167,endpoint,4,2847327,0.6418,0.6418,0,vi,"Những món đồ khác mà bạn kết hợp với áo khoác thể thao và quần jean sẽ giúp đảm bảo việc ngủ dậy của bạn đạt hiệu quả cao. Bạn có thể chọn cách ăn mặc lịch sự hơn một chút hoặc giản dị hơn, nhưng mục tiêu chung của bạn là mặc áo khoác xuống, thay vì mặc quần jean."
CASE_0246,577167,endpoint,5,7709484,0.6404,0.6404,0,vi,"thức: màu xám với màu đen tang lễ: màu đen với các phụ kiện màu trắng hoặc bạc Đừng quá lòe loẹt, một chiếc váy sẽ hoàn hảo cho đám tang và buổi thức. Mặc dù để thức dậy, bạn có thể bớt trang trọng hơn một chút và có thể mặc một chiếc áo cánh màu xám với quần công sở màu đen."
CASE_0246,577167,endpoint,6,1699498,0.639,0.639,0,vi,"Trang phục buổi sáng là quy định về trang phục ban ngày, chủ yếu dành cho nam giới với áo khoác buổi sáng, áo ghi lê và quần tây sọc, và một bộ váy thích hợp cho nữ giới."
CASE_0246,577167,endpoint,7,7709487,0.6386,0.6386,1,vi,"Tốt nhất là nên tránh mặc trang trọng nếu không biết quy định về trang phục khi thức dậy. Quần jean đôi khi có thể được chấp nhận tùy thuộc vào người đã khuất và gia đình cũng như xã hội của họ, nhưng họ phải luôn được mặc với giày dép phù hợp và trang phục tôn trọng."
CASE_0246,577167,endpoint,8,5347448,0.6351,0.6351,0,vi,"Đăt báo thức của bạn. Rất nhiều người thích đồng hồ báo thức radio. Luôn luôn tuyệt vời khi có bài hát yêu thích của bạn để đánh thức bạn vào buổi sáng. Rất nhiều người cần khoảng một giờ để đứng dậy, mặc quần áo và ăn sáng. Nếu bạn tắm vào buổi sáng, hãy dành ít nhất 30 phút đến một giờ để tắm và s"
CASE_0246,577167,endpoint,9,7037897,0.6287,0.6287,0,vi,"Rất nhiều người thích đồng hồ báo thức radio. Luôn luôn tuyệt vời khi có bài hát yêu thích của bạn để đánh thức bạn vào buổi sáng. Rất nhiều người cần khoảng một giờ để đứng dậy, mặc quần áo và ăn sáng. Nếu bạn tắm vào buổi sáng, hãy dành ít nhất 30 phút đến một giờ để tắm và sấy tóc."
CASE_0246,577167,endpoint,10,4779309,0.6257,0.6257,0,vi,"bộ đồ ngủ của tôi, tôi vừa mới thức dậy. quần áo của tôi trong ngày! một chiếc áo phông hoặc áo ba lỗ xinh xắn với một chiếc váy xinh xắn và những đôi giày bệt hoặc giày cao gót xinh xắn. Tôi cũng đang mặc quần áo trong ngày, một chiếc áo phông đẹp, quần jean hoặc quần đùi và đi chân trần vì tôi khô"
CASE_0246,577167,mixed,1,7709487,0.6541,0.6541,1,vi,"Tốt nhất là nên tránh mặc trang trọng nếu không biết quy định về trang phục khi thức dậy. Quần jean đôi khi có thể được chấp nhận tùy thuộc vào người đã khuất và gia đình cũng như xã hội của họ, nhưng họ phải luôn được mặc với giày dép phù hợp và trang phục tôn trọng."
CASE_0246,577167,mixed,2,7709485,0.6507,0.6507,0,vi,"Có một số sự linh hoạt trong trang phục khi thức dậy dựa trên nơi tổ chức đánh thức, nhưng quy tắc chung về màu sắc là giữ cho các tông màu u ám như đen, xanh nước biển và tối hoặc xám than, theo ..."
CASE_0246,577167,mixed,3,7709488,0.6501,0.6501,0,vi,"Bạn phải mặc gì khi thức dậy / xem đám tang? Tôi sẽ đi thăm các cụ bà của tôi, quảng cáo sau đó là đám tang của ông ấy, nhưng tôi thực sự không biết mình phải mặc gì !!!! bất cứ ai? như bạn có thể mặc một chiếc váy? hoặc đen hoặc trắng? màu sắc? tôi không biết!! lời khuyên? Cứu giúp? 1 người theo dõ"
CASE_0246,577167,mixed,4,7709484,0.6466,0.6466,0,vi,"thức: màu xám với màu đen tang lễ: màu đen với các phụ kiện màu trắng hoặc bạc Đừng quá lòe loẹt, một chiếc váy sẽ hoàn hảo cho đám tang và buổi thức. Mặc dù để thức dậy, bạn có thể bớt trang trọng hơn một chút và có thể mặc một chiếc áo cánh màu xám với quần công sở màu đen."
CASE_0246,577167,mixed,5,2498678,0.6461,0.6461,0,vi,"Bạn phải thức đến ít nhất 3 giờ sáng. Tức là 4 giờ chiều. Bạn không chỉ phải mặc váy / đeo thẻ / vest mà còn phải để bạn cùng phòng vào bếp nấu bánh mì kẹp thịt phô mai và uống Guinness, trong khi bạn bắt xe buýt để xem nhiều người hơn uống Guinness."
CASE_0246,577167,mixed,6,2847327,0.6429,0.6429,0,vi,"Những món đồ khác mà bạn kết hợp với áo khoác thể thao và quần jean sẽ giúp đảm bảo việc ngủ dậy của bạn đạt hiệu quả cao. Bạn có thể chọn cách ăn mặc lịch sự hơn một chút hoặc giản dị hơn, nhưng mục tiêu chung của bạn là mặc áo khoác xuống, thay vì mặc quần jean."
CASE_0246,577167,mixed,7,1699498,0.6425,0.6425,0,vi,"Trang phục buổi sáng là quy định về trang phục ban ngày, chủ yếu dành cho nam giới với áo khoác buổi sáng, áo ghi lê và quần tây sọc, và một bộ váy thích hợp cho nữ giới."
CASE_0246,577167,mixed,8,1744603,0.6284,0.6284,0,vi,"Bộ đồ buổi sáng bao gồm một chiếc áo khoác buổi sáng màu xám giữa với một chiếc áo khoác ghi lê và quần tây vừa vặn. và áo ghi lê phải cùng loại vải (hoặc ít nhất là cùng màu) với áo khoác buổi sáng. Trước đây, những trang phục áo khoác buổi sáng không phù hợp đôi khi còn được gọi là suit."
CASE_0246,577167,mixed,9,4470761,0.6222,0.6222,0,vi,"1 Tuy nhiên, luôn có những ngoại lệ đối với các quy tắc. 2 Bộ vest màu xanh lam với áo cổ lọ màu đen, áo sơ mi đen với cà vạt dài màu đỏ, áo sơ mi đen (không cà vạt; không cài cúc đầu tiên) hoặc áo phông đen (loại sạch, mềm) đều có thể chấp nhận được tùy theo từng gia đình . Đối với một dịch vụ rất"
CASE_0246,577167,mixed,10,4470754,0.621,0.621,0,vi,"1 Nên mặc gì nếu bạn đang tham dự lễ báo thức, đám tang và lễ viếng mộ: khi thức dậy bạn có thể mặc chủ yếu là màu đen với một chút màu sắc. 2 Trẻ em thường có thể mặc giống nhau, nhưng thanh thiếu niên và người lớn nên ăn mặc khác nhau cho cả hai sự kiện.3 Một số màu có thể chấp nhận được, chẳng hạ"
CASE_0246,988306,endpoint,1,1221518,0.6677,0.6677,0,vi,"Hilton Inc. (trước đây là Hilton Worldwide Holdings, Inc. và Tập đoàn Khách sạn Hilton) là một công ty khách sạn đa quốc gia của Mỹ quản lý và nhượng quyền một loạt các khách sạn và khu nghỉ dưỡng. Được thành lập bởi Conrad Hilton vào năm 1919, tập đoàn hiện do Christopher J. Nassetta lãnh đạo."
CASE_0246,988306,endpoint,2,4138386,0.6638,0.6638,0,vi,"Tập đoàn khách sạn Hilton thuộc sở hữu của Tập đoàn Blackstone. Công ty từng thuộc sở hữu của các cổ đông, hầu hết là hậu duệ của người sáng lập công ty, Conrad Hilton. Tập đoàn Blackstone đã mua lại công ty vào năm 2007. shoredude2 Ãƒâ € šÃ‚Â · 8 năm trước."
CASE_0246,988306,endpoint,3,4138393,0.6622,0.6622,0,vi,"Hilton Worldwide Holdings, Inc. (trước đây là Hilton Worldwide và Hilton Hotels Corporation) là một công ty khách sạn đa quốc gia của Mỹ quản lý và nhượng quyền một loạt các khách sạn và khu nghỉ dưỡng. Được thành lập bởi Conrad Hilton vào năm 1919, tập đoàn hiện do Christopher J. Nassetta lãnh đạo."
CASE_0246,988306,endpoint,4,4571271,0.6501,0.6501,0,vi,"Tập đoàn khách sạn Hilton. Tập đoàn Khách sạn Hilton của Hoa Kỳ là công ty khách sạn hàng đầu sở hữu, quản lý và nhượng quyền hơn 2.000 khách sạn trên khắp đất nước. Chi nhánh quốc tế của công ty, Conrad Hotels, có các địa điểm tại Úc, Anh, Ireland, Ai Cập, Bỉ, Thổ Nhĩ Kỳ, Hồng Kông và Singapore. Mặ"
CASE_0246,988306,endpoint,5,565367,0.6457,0.6457,0,vi,"Chủ sở hữu ban đầu là các doanh nhân Hyatt Robert von Dehn và Jack Dyer Crouch; sau một vài năm, Von Dehn bán cổ phần của mình trong khách sạn cho doanh nhân Jay Pritzker. Em trai của Jay là Donald Pritzker cũng đảm nhận một vai trò quan trọng trong công ty."
CASE_0246,988306,endpoint,6,1510010,0.6423,0.6423,0,vi,"Công ty ban đầu được thành lập bởi Conrad Hilton. Tính đến năm 2017, đã có hơn 570 khách sạn Hilton tại 85 quốc gia và vùng lãnh thổ trên sáu lục địa. Các tài sản thuộc sở hữu, được quản lý bởi Hilton hoặc được nhượng quyền cho các nhà khai thác độc lập bởi Hilton."
CASE_0246,988306,endpoint,7,7289333,0.6375,0.6375,1,vi,"Hilton Charlotte University Place thuộc sở hữu của UPH Lakeside, LP, và được quản lý bởi GF Management, LLC, một trong những công ty quản lý khách sạn hàng đầu của quốc gia có trụ sở tại Trung tâm Thành phố Philadelphia, PA."
CASE_0246,988306,endpoint,8,7808101,0.6358,0.6358,0,vi,"Ritz-Carlton Chicago để bán Các nhà đầu tư săn lùng các khách sạn sang trọng có cơ hội mua được một trong những bất động sản nổi tiếng nhất của thành phố: Ritz-Carlton Chicago. JMB Realty Corp. có trụ sở tại Chicago, chủ sở hữu của Ritz, đã thuê Hodges Ward Elliott, một công ty môi giới khách sạn có"
CASE_0246,988306,endpoint,9,4138388,0.6353,0.6353,0,vi,"Câu trả lời hay nhất: Mr Hilton - Bố của Paris !! Tập đoàn khách sạn Hilton thuộc sở hữu của Tập đoàn Blackstone. Công ty từng thuộc sở hữu của các cổ đông, hầu hết là hậu duệ của người sáng lập công ty, Conrad Hilton. Tập đoàn Blackstone đã mua lại công ty vào năm 2007. Công ty Hilton sở hữu nó cộn"
CASE_0246,988306,endpoint,10,7808104,0.6276,0.6276,0,vi,"Cần bán Ritz-Carlton Chicago. Các nhà đầu tư săn lùng các khách sạn sang trọng có cơ hội mua một trong những bất động sản nổi tiếng nhất của thành phố: Ritz-Carlton Chicago. JMB Realty Corp. có trụ sở tại Chicago, chủ sở hữu của Ritz, đã thuê Hodges Ward Elliott, một công ty môi giới khách sạn có tr"
CASE_0246,988306,mixed,1,7289333,0.6679,0.6679,1,vi,"Hilton Charlotte University Place thuộc sở hữu của UPH Lakeside, LP, và được quản lý bởi GF Management, LLC, một trong những công ty quản lý khách sạn hàng đầu của quốc gia có trụ sở tại Trung tâm Thành phố Philadelphia, PA."
CASE_0246,988306,mixed,2,1221518,0.6514,0.6514,0,vi,"Hilton Inc. (trước đây là Hilton Worldwide Holdings, Inc. và Tập đoàn Khách sạn Hilton) là một công ty khách sạn đa quốc gia của Mỹ quản lý và nhượng quyền một loạt các khách sạn và khu nghỉ dưỡng. Được thành lập bởi Conrad Hilton vào năm 1919, tập đoàn hiện do Christopher J. Nassetta lãnh đạo."
CASE_0246,988306,mixed,3,4138393,0.6464,0.6464,0,vi,"Hilton Worldwide Holdings, Inc. (trước đây là Hilton Worldwide và Hilton Hotels Corporation) là một công ty khách sạn đa quốc gia của Mỹ quản lý và nhượng quyền một loạt các khách sạn và khu nghỉ dưỡng. Được thành lập bởi Conrad Hilton vào năm 1919, tập đoàn hiện do Christopher J. Nassetta lãnh đạo."
CASE_0246,988306,mixed,4,4571271,0.6432,0.6432,0,vi,"Tập đoàn khách sạn Hilton. Tập đoàn Khách sạn Hilton của Hoa Kỳ là công ty khách sạn hàng đầu sở hữu, quản lý và nhượng quyền hơn 2.000 khách sạn trên khắp đất nước. Chi nhánh quốc tế của công ty, Conrad Hotels, có các địa điểm tại Úc, Anh, Ireland, Ai Cập, Bỉ, Thổ Nhĩ Kỳ, Hồng Kông và Singapore. Mặ"
CASE_0246,988306,mixed,5,4138386,0.6425,0.6425,0,vi,"Tập đoàn khách sạn Hilton thuộc sở hữu của Tập đoàn Blackstone. Công ty từng thuộc sở hữu của các cổ đông, hầu hết là hậu duệ của người sáng lập công ty, Conrad Hilton. Tập đoàn Blackstone đã mua lại công ty vào năm 2007. shoredude2 Ãƒâ € šÃ‚Â · 8 năm trước."
CASE_0246,988306,mixed,6,565367,0.6382,0.6382,0,vi,"Chủ sở hữu ban đầu là các doanh nhân Hyatt Robert von Dehn và Jack Dyer Crouch; sau một vài năm, Von Dehn bán cổ phần của mình trong khách sạn cho doanh nhân Jay Pritzker. Em trai của Jay là Donald Pritzker cũng đảm nhận một vai trò quan trọng trong công ty."
CASE_0246,988306,mixed,7,7808101,0.6311,0.6311,0,vi,"Ritz-Carlton Chicago để bán Các nhà đầu tư săn lùng các khách sạn sang trọng có cơ hội mua được một trong những bất động sản nổi tiếng nhất của thành phố: Ritz-Carlton Chicago. JMB Realty Corp. có trụ sở tại Chicago, chủ sở hữu của Ritz, đã thuê Hodges Ward Elliott, một công ty môi giới khách sạn có"
CASE_0246,988306,mixed,8,1510010,0.6299,0.6299,0,vi,"Công ty ban đầu được thành lập bởi Conrad Hilton. Tính đến năm 2017, đã có hơn 570 khách sạn Hilton tại 85 quốc gia và vùng lãnh thổ trên sáu lục địa. Các tài sản thuộc sở hữu, được quản lý bởi Hilton hoặc được nhượng quyền cho các nhà khai thác độc lập bởi Hilton."
CASE_0246,988306,mixed,9,90721,0.6244,0.6244,0,vi,"Chủ sở hữu mới cho khách sạn Crowne Plaza ở Clayton. MỚI CROWNE: DeVault Investments thuộc sở hữu địa phương đã mua khách sạn Crowne Plaza 250 phòng ở Clayton. DeVault, có trụ sở chính tại St. Charles, đã mua khách sạn từ Bemiston Carondolet Corp., công ty đã sở hữu và điều hành nó từ năm 1989."
CASE_0246,988306,mixed,10,7808104,0.6233,0.6233,0,vi,"Cần bán Ritz-Carlton Chicago. Các nhà đầu tư săn lùng các khách sạn sang trọng có cơ hội mua một trong những bất động sản nổi tiếng nhất của thành phố: Ritz-Carlton Chicago. JMB Realty Corp. có trụ sở tại Chicago, chủ sở hữu của Ritz, đã thuê Hodges Ward Elliott, một công ty môi giới khách sạn có tr"
CASE_0246,1051755,endpoint,1,1681605,0.5325,0.5325,0,vi,"Lưu trữ web với TotalChoice Nhấp và bắt đầu kiếm tiền! Chính sách bảo mật. ĐẾN BÃO BÃO BẰNG (Mosie Lister) Người ghi: Bill Gaither; Vestal Goodman; Tầm nhìn xa hơn; Nguồn cảm hứng; Ron Jarman; Ben Speer. Trong bóng tối của nửa đêm, tôi đã che giấu khuôn mặt của mình, Trong khi cơn bão gào thét trên"
CASE_0246,1051755,endpoint,2,2544736,0.5202,0.5202,0,vi,"Làm cho thế giới đi xa. Từ Wikipedia, bách khoa toàn thư miễn phí. Make the World Go Away 'là một ca khúc nhạc đồng quê nổi tiếng do Hank Cochran sáng tác. Nó đã trở thành Top 40 thành công phổ biến ba lần: cho Timi Yuro (trong năm 1963), cho Eddy Arnold (1965), và cho bộ đôi anh chị em Donny và Mar"
CASE_0246,1051755,endpoint,3,6361208,0.5173,0.5173,0,vi,"Và nó cảm thấy, yeah nó giống như. Thế giới đã trở nên lạnh giá. Bây giờ bạn đã đi xa. Đi đi, biến đi. Vâng, vâng, vâng, vâng, vâng. Đi đi, biến đi. Nhạc sĩ. BRYAN HOLLAND. Xuất bản bởi. Lời bài hát Ãƒâ € šÃ‚Â © Kobalt Music Publishing Ltd."
CASE_0246,1051755,endpoint,4,2672795,0.5165,0.5165,0,vi,"Lời dẫn đó và câu chuyện khô khan của tạp chí tin tức đã truyền cảm hứng cho Gordon Lightfoot viết nên một trong những bài hát về câu chuyện hay nhất từ ​​trước đến nay. Vào ngày 10 tháng 11 năm 1975, một tàu chở quặng - Edmund Fitzgerald - bị chìm ở Hồ Superior trong một cơn bão tháng 11, cướp đi s"
CASE_0246,1051755,endpoint,5,7910190,0.5144,0.5144,0,vi,"Lời dẫn đó và câu chuyện khô khan của tạp chí tin tức đã truyền cảm hứng cho Gordon Lightfoot viết nên một trong những bài hát về câu chuyện hay nhất từ ​​trước đến nay. Vào ngày 10 tháng 11 năm 1975, một tàu chở quặng - Edmund Fitzgerald - bị chìm ở Hồ Superior trong một cơn bão tháng 11, cướp đi s"
CASE_0246,1051755,endpoint,6,7928929,0.5067,0.5067,1,vi,"Giới thiệu về ÃƒÂ ¢ Ã‚â‚¬Ã‚Å “Take the World By StormÃƒÂ ¢ Ã‚â‚¬Ã‚. ÃƒÂ ¢ Ã‚â‚¬Ã‚Å “Take the World của StormÃƒÂ ¢ Ã‚â‚¬Ã‚ là một bài hát của ban nhạc soul-pop Đan Mạch Lukas Graham trong album phòng thu thứ hai của họ, Lukas Graham (Blue Album). Bài hát đã được phát hành dưới dạng bản tải xuống kỹ t"
CASE_0246,1051755,endpoint,7,1681604,0.5047,0.5047,0,vi,"Trong bóng tối của nửa đêm, tôi đã giấu mặt. Trong khi cơn bão gào thét phía trên tôi, và không có chỗ ẩn nấp. 'Giữa tiếng sấm sét, Chúa tể quý giá, hãy nghe tiếng kêu của tôi. Giữ cho tôi an toàn cho đến khi cơn bão đi qua. Cho đến khi cơn bão đi qua, cho đến khi tiếng sấm không còn nữa. Cho đến kh"
CASE_0246,1051755,endpoint,8,2544733,0.5031,0.5031,0,vi,Khiến thế giới biến mất Jim Reeves. Anh có nhớ khi yêu em không. Trước khi thế giới đưa tôi lạc lối. Nếu bạn làm vậy thì hãy tha thứ cho tôi. Và làm cho thế giới biến mất. Làm cho thế giới biến mất. Và lấy nó ra khỏi vai tôi. Nói những điều bạn từng nói. Hãy làm cho thế giới biến mất. Tôi xin lỗi nế
CASE_0246,1051755,endpoint,9,8229203,0.5021,0.5021,0,vi,"Họ gọi gió là Maria. They Call the Wind Maria là một bài hát nổi tiếng của Mỹ với phần lời được viết bởi Alan J. Lerner và phần nhạc của Frederick Loewe cho vở nhạc kịch Broadway năm 1951 của họ, Paint Your Wagon, lấy bối cảnh là Cơn sốt vàng California. Rufus Smith ban đầu đã hát bài hát này trên s"
CASE_0246,1051755,endpoint,10,5169842,0.501,0.501,0,vi,Bài hát đó là gì?
CASE_0246,1051755,mixed,1,7928929,0.5914,0.5914,1,vi,"Giới thiệu về ÃƒÂ ¢ Ã‚â‚¬Ã‚Å “Take the World By StormÃƒÂ ¢ Ã‚â‚¬Ã‚. ÃƒÂ ¢ Ã‚â‚¬Ã‚Å “Take the World của StormÃƒÂ ¢ Ã‚â‚¬Ã‚ là một bài hát của ban nhạc soul-pop Đan Mạch Lukas Graham trong album phòng thu thứ hai của họ, Lukas Graham (Blue Album). Bài hát đã được phát hành dưới dạng bản tải xuống kỹ t"
CASE_0246,1051755,mixed,2,1681605,0.5426,0.5426,0,vi,"Lưu trữ web với TotalChoice Nhấp và bắt đầu kiếm tiền! Chính sách bảo mật. ĐẾN BÃO BÃO BẰNG (Mosie Lister) Người ghi: Bill Gaither; Vestal Goodman; Tầm nhìn xa hơn; Nguồn cảm hứng; Ron Jarman; Ben Speer. Trong bóng tối của nửa đêm, tôi đã che giấu khuôn mặt của mình, Trong khi cơn bão gào thét trên"
CASE_0246,1051755,mixed,3,2544736,0.5385,0.5385,0,vi,"Làm cho thế giới đi xa. Từ Wikipedia, bách khoa toàn thư miễn phí. Make the World Go Away 'là một ca khúc nhạc đồng quê nổi tiếng do Hank Cochran sáng tác. Nó đã trở thành Top 40 thành công phổ biến ba lần: cho Timi Yuro (trong năm 1963), cho Eddy Arnold (1965), và cho bộ đôi anh chị em Donny và Mar"
CASE_0246,1051755,mixed,4,2544733,0.5369,0.5369,0,vi,Khiến thế giới biến mất Jim Reeves. Anh có nhớ khi yêu em không. Trước khi thế giới đưa tôi lạc lối. Nếu bạn làm vậy thì hãy tha thứ cho tôi. Và làm cho thế giới biến mất. Làm cho thế giới biến mất. Và lấy nó ra khỏi vai tôi. Nói những điều bạn từng nói. Hãy làm cho thế giới biến mất. Tôi xin lỗi nế
CASE_0246,1051755,mixed,5,3659835,0.5293,0.5293,0,vi,"Bài hát có những lời này là gì: vỗ tay, vỗ tay, vỗ tay, vỗ tay.?"
CASE_0246,1051755,mixed,6,5169842,0.5286,0.5286,0,vi,Bài hát đó là gì?
CASE_0246,1051755,mixed,7,2672795,0.5265,0.5265,0,vi,"Lời dẫn đó và câu chuyện khô khan của tạp chí tin tức đã truyền cảm hứng cho Gordon Lightfoot viết nên một trong những bài hát về câu chuyện hay nhất từ ​​trước đến nay. Vào ngày 10 tháng 11 năm 1975, một tàu chở quặng - Edmund Fitzgerald - bị chìm ở Hồ Superior trong một cơn bão tháng 11, cướp đi s"
CASE_0246,1051755,mixed,8,8229203,0.5253,0.5253,0,vi,"Họ gọi gió là Maria. They Call the Wind Maria là một bài hát nổi tiếng của Mỹ với phần lời được viết bởi Alan J. Lerner và phần nhạc của Frederick Loewe cho vở nhạc kịch Broadway năm 1951 của họ, Paint Your Wagon, lấy bối cảnh là Cơn sốt vàng California. Rufus Smith ban đầu đã hát bài hát này trên s"
CASE_0246,1051755,mixed,9,2246224,0.5232,0.5232,0,vi,"Họ gọi gió là Maria. They Call the Wind Maria là một bài hát nổi tiếng của Mỹ với phần lời được viết bởi Alan J. Lerner và phần nhạc của Frederick Loewe cho vở nhạc kịch Broadway năm 1951 của họ, Paint Your Wagon, lấy bối cảnh là Cơn sốt vàng California. Rufus Smith ban đầu hát bài hát này trên sân"
CASE_0246,1051755,mixed,10,3763141,0.5232,0.5232,0,vi,Ai hát bài đó / bài hát đó tên là gì? Cảm ơn đã sử dụng.
CASE_0246,634174,endpoint,1,316686,0.7484,0.7484,0,vi,Ý tưởng trung tâm là chủ đề hoặc ý tưởng chính mà câu chuyện xoay quanh. nó là trọng tâm và một bài học mà tác giả đang muốn truyền tải hoặc một chủ đề. melissa1106 | Học sinh lớp 11 | TA | (Mức 1) Salutatorian. Đăng lên. (Câu trả lời số 7). Ý trung nhân là trọng tâm chính trong tác phẩm văn học.
CASE_0246,634174,endpoint,2,316685,0.7442,0.7442,0,vi,Đăng lên. (Câu trả lời số 5). Ý tưởng trung tâm là chủ đề hoặc ý tưởng chính mà câu chuyện xoay quanh. nó là trọng tâm và một bài học mà tác giả đang muốn truyền tải hoặc một chủ đề. melissa1106 | Học sinh lớp 11 | TA | (Mức 1) Salutatorian. Đăng lên. (Câu trả lời số 7). Ý trung nhân là trọng tâm ch
CASE_0246,634174,endpoint,3,316687,0.7345,0.7345,0,vi,(Câu trả lời số 5). Ý tưởng trung tâm là chủ đề hoặc ý tưởng chính mà câu chuyện xoay quanh. nó là trọng tâm và một bài học mà tác giả đang muốn truyền tải hoặc một chủ đề. melissa1106 | Học sinh lớp 11 | TA | (Mức 1) Salutatorian. Đăng lên. (Câu trả lời số 7). Ý trung nhân là trọng tâm chính trong
CASE_0246,634174,endpoint,4,6271178,0.7332,0.7332,0,vi,"Ý tưởng trung tâm là chủ đề hoặc ý tưởng chính mà câu chuyện xoay quanh. nó là trọng tâm và một bài học mà tác giả đang muốn truyền tải hoặc một chủ đề. Trong văn học, ý trung nhân là một cách nói khác của chủ đề .. Chủ đề là trọng tâm, bài học hoặc đạo đức được học trong một tác phẩm văn học nhất đ"
CASE_0246,634174,endpoint,5,6271182,0.7287,0.7287,0,vi,Ý tưởng trung tâm là chủ đề hoặc ý tưởng chính mà câu chuyện xoay quanh. nó là trọng tâm và một bài học mà tác giả đang muốn truyền tải hoặc một chủ đề. melissa1106 | Học sinh Ý trung nhân là trọng tâm chính trong tác phẩm văn học. Hầu hết thời gian đó là xung đột chính của câu chuyện hoặc ý tưởng h
CASE_0246,634174,endpoint,6,6271183,0.7263,0.7263,1,vi,"Ý tưởng trung tâm hay còn được gọi là ý tưởng chính. Định nghĩa: Ý tưởng trung tâm (ý chính) trong một bài viết. là điểm mà tác giả muốn bạn nhớ nhất. Một số nhà văn có thể nêu ý chính, nhưng nó thường là như vậy. ngụ ý, có nghĩa là người đọc phải đưa ra suy luận. (những gì văn bản nói + những gì tô"
CASE_0246,634174,endpoint,7,2459034,0.7043,0.7043,0,vi,Ý tưởng chính là chủ đề hoặc ý tưởng thống nhất và rõ ràng của một câu chuyện hoặc bài báo. Nó bao gồm tất cả các khía cạnh cần thiết để tạo ra một chính mạch lạc ... Ý tưởng trung tâm là chủ đề hoặc ý tưởng rõ ràng và thống nhất của một câu chuyện hoặc bài báo. Nó bao gồm tất cả các khía cạnh cần t
CASE_0246,634174,endpoint,8,5125222,0.7004,0.7004,0,vi,"Câu trả lời đầy đủ. Ý tưởng trung tâm thường được thể hiện như một chân lý hoặc chủ đề phổ quát được xây dựng và hỗ trợ bởi bối cảnh và các nhân vật trong một câu chuyện. Ý tưởng trung tâm thường được ngụ ý trong câu chuyện thông qua trải nghiệm của các nhân vật, cũng như các tương tác và xung đột m"
CASE_0246,634174,endpoint,9,6271184,0.693,0.693,0,vi,"Ý tưởng trung tâm trong văn học có thể xoay quanh ý tưởng chính hoặc chủ đề được tìm thấy trong tác phẩm. Cũng giống như tất cả các phần, một chủ đề trung tâm được tìm thấy trong mỗi phần. Ví dụ, trong Oedipus, một ý tưởng chính có thể là làm thế nào một người không thể thoát khỏi số phận của chính"
CASE_0246,634174,endpoint,10,6271186,0.6906,0.6906,0,vi,"Ý bạn là gì? Ý tưởng trung tâm hay còn được gọi là ý tưởng chính. Định nghĩa: Ý chính (ý chính) trong một bài viết là điểm mà tác giả muốn bạn ghi nhớ nhất. Một số người viết có thể nêu ý chính, nhưng nó thường hàm ý, nghĩa là người đọc phải suy luận (nội dung văn bản nói + điều tôi biết) về nó. Cũn"
CASE_0246,634174,mixed,1,6271183,0.7084,0.7084,1,vi,"Ý tưởng trung tâm hay còn được gọi là ý tưởng chính. Định nghĩa: Ý tưởng trung tâm (ý chính) trong một bài viết. là điểm mà tác giả muốn bạn nhớ nhất. Một số nhà văn có thể nêu ý chính, nhưng nó thường là như vậy. ngụ ý, có nghĩa là người đọc phải đưa ra suy luận. (những gì văn bản nói + những gì tô"
CASE_0246,634174,mixed,2,316686,0.7073,0.7073,0,vi,Ý tưởng trung tâm là chủ đề hoặc ý tưởng chính mà câu chuyện xoay quanh. nó là trọng tâm và một bài học mà tác giả đang muốn truyền tải hoặc một chủ đề. melissa1106 | Học sinh lớp 11 | TA | (Mức 1) Salutatorian. Đăng lên. (Câu trả lời số 7). Ý trung nhân là trọng tâm chính trong tác phẩm văn học.
CASE_0246,634174,mixed,3,316685,0.7012,0.7012,0,vi,Đăng lên. (Câu trả lời số 5). Ý tưởng trung tâm là chủ đề hoặc ý tưởng chính mà câu chuyện xoay quanh. nó là trọng tâm và một bài học mà tác giả đang muốn truyền tải hoặc một chủ đề. melissa1106 | Học sinh lớp 11 | TA | (Mức 1) Salutatorian. Đăng lên. (Câu trả lời số 7). Ý trung nhân là trọng tâm ch
CASE_0246,634174,mixed,4,6271178,0.698,0.698,0,vi,"Ý tưởng trung tâm là chủ đề hoặc ý tưởng chính mà câu chuyện xoay quanh. nó là trọng tâm và một bài học mà tác giả đang muốn truyền tải hoặc một chủ đề. Trong văn học, ý trung nhân là một cách nói khác của chủ đề .. Chủ đề là trọng tâm, bài học hoặc đạo đức được học trong một tác phẩm văn học nhất đ"
CASE_0246,634174,mixed,5,2459034,0.695,0.695,0,vi,Ý tưởng chính là chủ đề hoặc ý tưởng thống nhất và rõ ràng của một câu chuyện hoặc bài báo. Nó bao gồm tất cả các khía cạnh cần thiết để tạo ra một chính mạch lạc ... Ý tưởng trung tâm là chủ đề hoặc ý tưởng rõ ràng và thống nhất của một câu chuyện hoặc bài báo. Nó bao gồm tất cả các khía cạnh cần t
CASE_0246,634174,mixed,6,6271182,0.6933,0.6933,0,vi,Ý tưởng trung tâm là chủ đề hoặc ý tưởng chính mà câu chuyện xoay quanh. nó là trọng tâm và một bài học mà tác giả đang muốn truyền tải hoặc một chủ đề. melissa1106 | Học sinh Ý trung nhân là trọng tâm chính trong tác phẩm văn học. Hầu hết thời gian đó là xung đột chính của câu chuyện hoặc ý tưởng h
CASE_0246,634174,mixed,7,316687,0.6905,0.6905,0,vi,(Câu trả lời số 5). Ý tưởng trung tâm là chủ đề hoặc ý tưởng chính mà câu chuyện xoay quanh. nó là trọng tâm và một bài học mà tác giả đang muốn truyền tải hoặc một chủ đề. melissa1106 | Học sinh lớp 11 | TA | (Mức 1) Salutatorian. Đăng lên. (Câu trả lời số 7). Ý trung nhân là trọng tâm chính trong
CASE_0246,634174,mixed,8,6271184,0.6797,0.6797,0,vi,"Ý tưởng trung tâm trong văn học có thể xoay quanh ý tưởng chính hoặc chủ đề được tìm thấy trong tác phẩm. Cũng giống như tất cả các phần, một chủ đề trung tâm được tìm thấy trong mỗi phần. Ví dụ, trong Oedipus, một ý tưởng chính có thể là làm thế nào một người không thể thoát khỏi số phận của chính"
CASE_0246,634174,mixed,9,6271186,0.6783,0.6783,0,vi,"Ý bạn là gì? Ý tưởng trung tâm hay còn được gọi là ý tưởng chính. Định nghĩa: Ý chính (ý chính) trong một bài viết là điểm mà tác giả muốn bạn ghi nhớ nhất. Một số người viết có thể nêu ý chính, nhưng nó thường hàm ý, nghĩa là người đọc phải suy luận (nội dung văn bản nói + điều tôi biết) về nó. Cũn"
CASE_0246,634174,mixed,10,5125222,0.676,0.676,0,vi,"Câu trả lời đầy đủ. Ý tưởng trung tâm thường được thể hiện như một chân lý hoặc chủ đề phổ quát được xây dựng và hỗ trợ bởi bối cảnh và các nhân vật trong một câu chuyện. Ý tưởng trung tâm thường được ngụ ý trong câu chuyện thông qua trải nghiệm của các nhân vật, cũng như các tương tác và xung đột m"
CASE_0246,993178,endpoint,1,7277960,0.6654,0.6654,0,vi,"Bệnh giang mai nếu phát hiện sớm ở giai đoạn đầu của nhiễm trùng có thể được điều trị nhanh chóng và dễ dàng. Nếu không được nhận biết và điều trị kịp thời, bệnh giang mai sẽ tiến triển qua ba giai đoạn. Mỗi giai đoạn của bệnh giang mai đều có những triệu chứng riêng biệt. Giai đoạn đầu tiên được đặ"
CASE_0246,993178,endpoint,2,4319894,0.6601,0.6601,0,vi,"Một người rất dễ lây lan trong giai đoạn đầu. 1 Ở nam giới, săng thường xuất hiện ở bộ phận sinh dục, thường (nhưng không phải luôn luôn) trên dương vật. 2 Những vết loét này thường không đau. 3 Ở phụ nữ, săng có thể phát triển ở bộ phận sinh dục ngoài hoặc ở phần trong của âm đạo."
CASE_0246,993178,endpoint,3,1400936,0.6539,0.6539,0,vi,"Một người rất dễ lây lan trong giai đoạn đầu. 1 Ở nam giới, săng thường xuất hiện ở bộ phận sinh dục, thường (nhưng không phải luôn luôn) trên dương vật. Những vết loét này thường không đau. Ở phụ nữ, săng có thể phát triển ở bộ phận sinh dục bên ngoài hoặc ở phần bên trong của âm đạo."
CASE_0246,993178,endpoint,4,5890345,0.6395,0.6395,0,vi,"Có ba giai đoạn của bệnh giang mai, và mỗi giai đoạn của bệnh giang mai có những triệu chứng riêng biệt. Giai đoạn đầu tiên (giang mai sơ cấp) được đặc trưng bởi sự phát triển của một tổn thương không đau được gọi là săng. Săng thường phát triển ở vùng sinh dục."
CASE_0246,993178,endpoint,5,1400930,0.6394,0.6394,0,vi,"Trong giai đoạn đầu, một vết loét (săng) thường không đau phát triển tại vị trí vi khuẩn xâm nhập vào cơ thể. Điều này thường xảy ra trong vòng 3 tuần kể từ khi phơi nhiễm nhưng có thể từ 10 đến 90 ngày. Một người rất dễ lây lan trong giai đoạn đầu. 1 Ở nam giới, săng thường xuất hiện ở bộ phận sinh"
CASE_0246,993178,endpoint,6,7277958,0.6389,0.6389,1,vi,Bệnh lây truyền qua đường tình dục được gọi là giang mai có ba giai đoạn lây nhiễm chính và một giai đoạn không hoạt động hoặc tiềm ẩn. Giai đoạn đầu của nhiễm trùng giang mai biểu hiện điển hình là sự hình thành một vết loét nhỏ hoặc săng trên vị trí của ...
CASE_0246,993178,endpoint,7,7787792,0.6341,0.6341,0,vi,"Trong giai đoạn sơ cấp của bệnh giang mai, một vết loét (săng) thường không đau phát triển tại vị trí vi khuẩn xâm nhập vào cơ thể. Điều này thường xảy ra trong vòng 3 tuần kể từ khi phơi nhiễm nhưng có thể từ 10 đến 90 ngày. Một người rất dễ lây lan trong giai đoạn đầu. 1 Ở nam giới, săng thường xu"
CASE_0246,993178,endpoint,8,8502338,0.6292,0.6292,0,vi,"Bệnh giang mai tiến triển theo 3 giai đoạn: 1 Giang mai sơ cấp- được đặc trưng bởi một vết loét gọi là săng. 2 Săng ÃƒÂ ¢ Ã‚â‚¬Ã‚â € œ tổn thương chắc, không đau trên bộ phận sinh dục, hậu môn hoặc trong miệng. 3 Bệnh giang mai thứ phát - các triệu chứng giống như cúm và phát ban trên da ở lòng bàn"
CASE_0246,993178,endpoint,9,6914218,0.6285,0.6285,0,vi,Bệnh giang mai: Giới thiệu. Bệnh giang mai là một loại bệnh lây truyền qua đường tình dục. Bệnh giang mai là kết quả của một bệnh nhiễm trùng đường sinh dục do vi khuẩn Treponema pallidum gây ra. Bệnh giang mai được truyền từ người này sang người khác khi quan hệ tình dục trực tiếp với tổn thương gi
CASE_0246,993178,endpoint,10,8329908,0.6261,0.6261,0,vi,"Giai đoạn đầu tiên (chính): Điều này liên quan đến sự hình thành của săng. Ở giai đoạn này, bệnh giang mai rất dễ lây lan. Giai đoạn chính có thể kéo dài từ một đến năm tuần. Bệnh có thể lây truyền khi tiếp xúc với một trong những vết loét đang chứa đầy xoắn khuẩn."
CASE_0246,993178,mixed,1,7277958,0.6563,0.6563,1,vi,Bệnh lây truyền qua đường tình dục được gọi là giang mai có ba giai đoạn lây nhiễm chính và một giai đoạn không hoạt động hoặc tiềm ẩn. Giai đoạn đầu của nhiễm trùng giang mai biểu hiện điển hình là sự hình thành một vết loét nhỏ hoặc săng trên vị trí của ...
CASE_0246,993178,mixed,2,7277960,0.6539,0.6539,0,vi,"Bệnh giang mai nếu phát hiện sớm ở giai đoạn đầu của nhiễm trùng có thể được điều trị nhanh chóng và dễ dàng. Nếu không được nhận biết và điều trị kịp thời, bệnh giang mai sẽ tiến triển qua ba giai đoạn. Mỗi giai đoạn của bệnh giang mai đều có những triệu chứng riêng biệt. Giai đoạn đầu tiên được đặ"
CASE_0246,993178,mixed,3,567957,0.6419,0.6419,0,vi,"Bệnh giang mai là một bệnh nhiễm trùng lây truyền qua đường tình dục do vi khuẩn Treponema pallidum subspecies pallidum gây ra. [2] Các dấu hiệu và triệu chứng của bệnh giang mai khác nhau tùy thuộc vào giai đoạn nào trong số bốn giai đoạn mà nó biểu hiện (sơ cấp, thứ phát, tiềm ẩn và thứ ba). Giai"
CASE_0246,993178,mixed,4,6914218,0.6415,0.6415,0,vi,Bệnh giang mai: Giới thiệu. Bệnh giang mai là một loại bệnh lây truyền qua đường tình dục. Bệnh giang mai là kết quả của một bệnh nhiễm trùng đường sinh dục do vi khuẩn Treponema pallidum gây ra. Bệnh giang mai được truyền từ người này sang người khác khi quan hệ tình dục trực tiếp với tổn thương gi
CASE_0246,993178,mixed,5,2372461,0.6322,0.6322,0,vi,"Mỗi giai đoạn của bệnh giang mai đều có những triệu chứng khác nhau. Một người bị nhiễm bệnh giang mai có thể truyền bệnh cho người khác trong hai giai đoạn đầu. Giai đoạn sơ cấp. Một vết loét đơn lẻ, được gọi là săng (SHANG-kuhr), xuất hiện trong giai đoạn đầu tiên hoặc sơ cấp. Bệnh giang mai lây l"
CASE_0246,993178,mixed,6,4545885,0.6308,0.6308,0,vi,"Bệnh giang mai là một bệnh nhiễm trùng lây truyền qua đường tình dục do vi khuẩn Treponema pallidum subspecies pallidum gây ra. [2] Các dấu hiệu và triệu chứng của bệnh giang mai khác nhau tùy thuộc vào giai đoạn nào trong số bốn giai đoạn mà nó biểu hiện (sơ cấp, thứ phát, tiềm ẩn và thứ ba)."
CASE_0246,993178,mixed,7,7534194,0.6296,0.6296,0,vi,"Giang mai là một bệnh truyền nhiễm lây truyền qua đường tình dục do xoắn khuẩn Treponema pallidum gây ra. Bài viết này tập trung vào bệnh giang mai cấp ba. Giang mai cấp ba có thể theo sau nhiễm trùng ban đầu (giang mai sơ cấp) từ 3 đến 15 năm. Trong bệnh giang mai cấp ba, các sinh vật gây nhiễm trù"
CASE_0246,993178,mixed,8,5890345,0.6292,0.6292,0,vi,"Có ba giai đoạn của bệnh giang mai, và mỗi giai đoạn của bệnh giang mai có những triệu chứng riêng biệt. Giai đoạn đầu tiên (giang mai sơ cấp) được đặc trưng bởi sự phát triển của một tổn thương không đau được gọi là săng. Săng thường phát triển ở vùng sinh dục."
CASE_0246,993178,mixed,9,5890343,0.6282,0.6282,0,vi,"Giang mai là một bệnh nhiễm trùng lây truyền qua đường tình dục do vi khuẩn Treponema pallidum subspecies pallidum gây ra. Các dấu hiệu và triệu chứng của bệnh giang mai khác nhau tùy thuộc vào giai đoạn nào trong số bốn giai đoạn mà nó biểu hiện (sơ cấp, thứ phát, tiềm ẩn và thứ ba). Giai đoạn đầu"
CASE_0246,993178,mixed,10,1852326,0.6278,0.6278,0,vi,"Bệnh giang mai là một bệnh nhiễm trùng lây truyền qua đường tình dục (STI). Bệnh có bốn giai đoạn: sơ cấp, thứ phát, tiềm ẩn và cấp ba (còn gọi là giang mai thần kinh). Giang mai sơ cấp là giai đoạn đầu của bệnh. Nó gây ra một hoặc nhiều vết loét nhỏ, không đau ở hoặc xung quanh bộ phận sinh dục, hậ"
CASE_0246,1010524,endpoint,1,1842523,0.5867,0.5867,0,vi,"Bài hát chính thức của quân đội Hoa Kỳ. Bài hát ban đầu được viết bởi Thiếu úy pháo binh dã chiến [sau này là Chuẩn tướng] Edmund L. Gruber, khi đóng quân ở Philippines vào năm 1908 với tên gọi Caisson Song. Lời bài hát gốc phản ánh các hoạt động thường ngày trong một khẩu đội pháo dã chiến xe ngựa."
CASE_0246,1010524,endpoint,2,3166919,0.5828,0.5828,0,vi,"Quân Đội Đi Lăn Cùng. Bài hát chính thức của quân đội Hoa Kỳ. Bài hát ban đầu được viết bởi Thiếu úy pháo binh dã chiến [sau này là Chuẩn tướng] Edmund L. Gruber, khi đóng quân ở Philippines vào năm 1908 với tên gọi Caisson Song. Lời bài hát gốc phản ánh các hoạt động thường ngày trong một khẩu đội"
CASE_0246,1010524,endpoint,3,2331055,0.5711,0.5711,0,vi,"Bài hát chính thức của quân đội Hoa Kỳ. Bài hát ban đầu được viết bởi Thiếu úy pháo binh dã chiến [sau này là Chuẩn tướng] Edmund L. Gruber, khi đóng quân ở Philippines vào năm 1908 với tên gọi Caisson Song. Lời bài hát gốc phản ánh các hoạt động thường ngày trong một khẩu đội pháo dã chiến xe ngựa."
CASE_0246,1010524,endpoint,4,1558996,0.5688,0.5688,0,vi,Lời bài hát có trong cuốn sách Rhymes of the Rookies xuất bản năm 1917. Tác giả của những bài thơ này là W.E. Cơ đốc giáo. Cuốn sách có sẵn trực tuyến ở một số định dạng. Cuốn sách bao gồm một loạt các bài thơ liên quan đến cuộc sống quân sự trước Chiến tranh thế giới thứ nhất. Một số lời bài hát là
CASE_0246,1010524,endpoint,5,3422475,0.562,0.562,0,vi,"Bài hát chính thức của quân đội Hoa Kỳ. Bài hát ban đầu được viết bởi Trung úy pháo binh dã chiến [sau này là Chuẩn tướng] Edmund L. Gruber, khi đóng quân tại Philippines vào năm 1908 với tên gọi Bài hát Caisson."
CASE_0246,1010524,endpoint,6,2524811,0.5564,0.5564,0,vi,Có ai biết ai hát bài hát này không. Đó là một quốc gia bị tấn công trong. 50's và điệp khúc diễn ra như sau: Chuyến tàu chở hàng đi quá nhanh. tàu chở hàng tàu chở hàng đi quá nhanh. làm ơn đừng cho biết tôi đang ở trên chuyến tàu nào. vì vậy họ sẽ không biết tôi đã đi đâu.
CASE_0246,1010524,endpoint,7,2331057,0.5544,0.5544,0,vi,"Bài hát đã được John Philip Sousa chuyển thành một bài hành khúc vào năm 1917 và được đổi tên thành Bài hát Pháo binh. quá khứ của chúng ta, hiện tại của chúng ta và tương lai của chúng ta. Để biết thêm về lịch sử của The Army Goes Rolling Cùng, hãy nhấp vào Bài hát của một người lính."
CASE_0246,1010524,endpoint,8,533412,0.5528,0.5528,0,vi,Quân Đội Đi Lăn Cùng. The Army Goes Rolling Along là bài hát chính thức của Quân đội Hoa Kỳ và thường được gọi là The Army Song. Nó được chuyển thể từ một tác phẩm trước đó có tiêu đề Cuộc hành quân pháo binh dã chiến của Hoa Kỳ.
CASE_0246,1010524,endpoint,9,3156416,0.5478,0.5478,0,vi,"Bản mẫu: Bản sáng tác âm nhạc Infobox. Anchors Aweigh là bài hát chiến đấu của Học viện Hải quân Hoa Kỳ, và do đó, bài hát gắn liền với Hải quân Hoa Kỳ. Nó được sáng tác vào năm 1906 bởi Charles A. Zimmerman với phần lời của Alfred Hart Miles. Khi ông sáng tác Anchors Aweigh, Zimmerman là một Trung"
CASE_0246,1010524,endpoint,10,3156417,0.5455,0.5455,0,vi,"Hành khúc này được chơi bởi ban nhạc và được hát bởi lữ đoàn tại trận bóng đá Quân đội-Hải quân năm 1906 vào cuối tháng đó, và lần đầu tiên trong nhiều mùa giải, Hải quân đã giành chiến thắng. Hành khúc này, Anchors Aweigh, sau đó được dành riêng cho Lớp Học viện năm 1907 và được sử dụng làm bài hát"
CASE_0246,1010524,mixed,1,7247206,0.5905,0.5905,0,vi,"Trên thực tế, Spurinna đã cảnh báo Caesar ít nhất hai lần: đầu tiên, hãy cẩn thận với những thứ của tháng Ba, và sau đó là vào ngày 15 tháng Ba khi Caesar đối đầu với Spurinna, người tiên kiến ​​đã cảnh báo Julius rằng ngày đó vẫn chưa kết thúc. Phương tiện giao thông. Năm 1970, ban nhạc The Ides of"
CASE_0246,1010524,mixed,2,7247204,0.5809,0.5809,1,vi,"Thứ ba, ngày 15 tháng 2 năm 2011. The Ides Of March - Vehicle (1970 us, psych jazz funk fusion, 2014 remaster và mở rộng) Khi Ides of March's Vehicle gầm lên hạng 2 vào mùa xuân năm 1970, nó có thể đã hầu hết Bắc Mỹ mà ban nhạc đã xuất hiện từ hư không, nhanh chóng và đột ngột là đĩa đơn tăng lên cá"
CASE_0246,1010524,mixed,3,7247209,0.5788,0.5788,0,vi,"Đăng vào tháng 5, 2015 Một trong những bài hát được phát nhiều nhất trong lịch sử nhạc pop là ÃƒÂ ¢ Ã‚â‚¬Ã‚Å “VehicleÃƒÂ ¢ Ã‚â‚¬Ã‚ của Ides of March. Nó đã lên sóng cách đây 45 năm và được cho là đã trở thành Warner Re ..."
CASE_0246,1010524,mixed,4,2331055,0.5711,0.5711,0,vi,"Bài hát chính thức của quân đội Hoa Kỳ. Bài hát ban đầu được viết bởi Thiếu úy pháo binh dã chiến [sau này là Chuẩn tướng] Edmund L. Gruber, khi đóng quân ở Philippines vào năm 1908 với tên gọi Caisson Song. Lời bài hát gốc phản ánh các hoạt động thường ngày trong một khẩu đội pháo dã chiến xe ngựa."
CASE_0246,1010524,mixed,5,1842523,0.571,0.571,0,vi,"Bài hát chính thức của quân đội Hoa Kỳ. Bài hát ban đầu được viết bởi Thiếu úy pháo binh dã chiến [sau này là Chuẩn tướng] Edmund L. Gruber, khi đóng quân ở Philippines vào năm 1908 với tên gọi Caisson Song. Lời bài hát gốc phản ánh các hoạt động thường ngày trong một khẩu đội pháo dã chiến xe ngựa."
CASE_0246,1010524,mixed,6,6911869,0.568,0.568,0,vi,Các sự kiện thế giới vào thời điểm này đã tạo cho bài hát một tiếng vang như một bài hát cho quân đội Hoa Kỳ trong Chiến tranh vùng Vịnh - được nhấn mạnh bởi lời bài hát: Bạn có thể đến với tôi bằng xe caravan / Vượt qua sa mạc như một người đàn ông Ả Rập - đã đưa đĩa đơn của Adams lọt vào Top Mười
CASE_0246,1010524,mixed,7,3357721,0.5639,0.5639,0,vi,Nhiều bài hát khác nhau đã xếp hạng với tiêu đề đó. Dưới đây là một số trong số chúng: The Cadillacs -around 1956. Manhattan Transfer-khoảng năm 1975 (đây là phiên bản cover của bài hát của Cadillacs) Them-khoảng năm 1965. Shadows of Night-1966 (đây là phiên bản cover của bài hát bởi Họ) Laura Brani
CASE_0246,1010524,mixed,8,3166919,0.5635,0.5635,0,vi,"Quân Đội Đi Lăn Cùng. Bài hát chính thức của quân đội Hoa Kỳ. Bài hát ban đầu được viết bởi Thiếu úy pháo binh dã chiến [sau này là Chuẩn tướng] Edmund L. Gruber, khi đóng quân ở Philippines vào năm 1908 với tên gọi Caisson Song. Lời bài hát gốc phản ánh các hoạt động thường ngày trong một khẩu đội"
CASE_0246,1010524,mixed,9,8744143,0.5598,0.5598,0,vi,"Được xuất bản lần đầu tiên bởi Burl Ives vào năm 1949 với tên gọi Riders In the Sky, đó là mùa xuân năm 1949, bài hát bùng nổ trên làn sóng radio của AmericaÃÂ ¢ Ã‚â‚¬Ã‚â không giống như bất kỳ bài hát nào khác đã nghe trước đây."
CASE_0246,1010524,mixed,10,3145344,0.5569,0.5569,0,vi,"Cars là một bài hát năm 1979 của nghệ sĩ người Anh Gary Numan, được phát hành dưới dạng đĩa đơn trong album The Pleasure Principle. Nó đã đứng đầu bảng xếp hạng ở một số quốc gia và ngày nay được coi là một mặt hàng chủ lực của làn sóng mới."
CASE_0246,1011018,endpoint,1,2096462,0.6911,0.6911,0,vi,"Andrew Jackson Phát minh về râu Andrew đã phát minh ra máy cày vào năm 1884, động cơ hơi nước quay vào năm 1892, và một cải tiến cho bộ ghép nối xe lửa được gọi là Jenny Coupler. Jackson sinh ra là một nô lệ vào ngày 29 tháng 3 năm 2018 tại Quận Jefferson, Alabama. Andrew Beard đã trải qua mười lăm"
CASE_0246,1011018,endpoint,2,3232437,0.666,0.666,0,vi,"Sự kiện ngày 1712 Máy hơi nước được phát minh. Thomas Newcomen phát minh ra động cơ hơi nước đầu tiên. Nó vẫn chưa thực sự hữu ích, nhưng ý tưởng sử dụng hơi nước để làm cho máy móc hoạt động sẽ rất quan trọng đối với cuộc Cách mạng Công nghiệp. 1764 Máy quay jenny được phát minh."
CASE_0246,1011018,endpoint,3,4173041,0.6628,0.6628,0,vi,"Khi những phát minh này tạo ra ngành sản xuất và công nghiệp mới, nhiều người cũng chuyển từ các trang trại vào thành phố. Đó là thời điểm thế giới thay đổi rất nhanh. Sự kiện ngày 1712 Máy hơi nước được phát minh. Thomas Newcomen phát minh ra động cơ hơi nước đầu tiên. Nó vẫn chưa thực sự hữu ích,"
CASE_0246,1011018,endpoint,4,3399497,0.6461,0.6461,0,vi,"Heron of Alexandria đã phát minh ra một quả cầu quay chạy bằng hơi nước vào khoảng năm 100 sau Công nguyên. Đây là công suất hơi nước đầu tiên được ghi nhận. Thomas Savery (1650-1715) là một nhà phát minh và động cơ quân sự người Anh vào năm 1698, đã nhận được một bằng sáng chế chung về tất cả các p"
CASE_0246,1011018,endpoint,5,2761427,0.6428,0.6428,0,vi,"Năm 1781, James Watt được cấp bằng sáng chế cho động cơ hơi nước tạo ra chuyển động quay liên tục. Động cơ mười mã lực của Watt cho phép cung cấp năng lượng cho nhiều loại máy móc sản xuất. Động cơ có thể được đặt ở bất cứ nơi nào có thể lấy được nước và nhiên liệu than hoặc củi."
CASE_0246,1011018,endpoint,6,4124317,0.6427,0.6427,0,vi,Việc James Watt phát minh ra động cơ hơi nước thực tế đầu tiên đã giúp chuyển dân số nước Anh từ 90% là nông thôn sang 90% là thành thị. James Watt (1736-1819) Những khám phá. James Watt chủ yếu được biết đến với việc phát minh ra các loại động cơ hơi nước khác nhau giúp khởi đầu cuộc Cách mạng Công
CASE_0246,1011018,endpoint,7,6083070,0.6426,0.6426,0,vi,"Năm 1781, James Watt được cấp bằng sáng chế cho động cơ hơi nước tạo ra chuyển động quay liên tục. Động cơ mười mã lực của Watt cho phép cung cấp năng lượng cho nhiều loại máy móc sản xuất. Động cơ có thể được đặt ở bất cứ nơi nào có thể lấy được nước và nhiên liệu than hoặc củi. động cơ hơi nước là"
CASE_0246,1011018,endpoint,8,2798785,0.64,0.64,0,vi,"Máy này đến máy khác được phát minh, nhưng mỗi cái đều là một thất bại. Mãi đến năm 1846, một nhà phát minh mới thành công trong việc làm cho máy khâu như Watt đã làm cho động cơ hơi nước, Stephenson cho đầu máy và Fulton cho tàu hơi nước. Nhà phát minh là Elias Howe, người sinh ra tại Spencer, Mass"
CASE_0246,1011018,endpoint,9,3840576,0.6382,0.6382,0,vi,"nó được phát minh vào năm 1790 nhưng mất khoảng 20 năm để có được một mô hình hoạt động hữu ích. Nguyên mẫu đầu máy hơi nước đầu tiên được chế tạo vào năm 1784 bởi William Murdoch, người sinh ra ở Scotland và là một kỹ sư và nhà phát minh ở Birmingham, Anh."
CASE_0246,1011018,endpoint,10,7863814,0.636,0.636,0,vi,"James Watt FRS FRSE (30 tháng 1 năm 1736 (hệ điều hành 19 tháng 1 năm 1736) ÃƒÂ ¢ Ã‚â‚¬Ã‚â € œ 25 tháng 8 năm 1819) là một nhà phát minh, kỹ sư cơ khí và nhà hóa học người Scotland, người đã cải tiến động cơ hơi nước 1712 Newcomen của Thomas Newcomen với động cơ hơi nước Watt của ông vào năm 1781, l"
CASE_0246,1011018,mixed,1,2096462,0.6923,0.6923,0,vi,"Andrew Jackson Phát minh về râu Andrew đã phát minh ra máy cày vào năm 1884, động cơ hơi nước quay vào năm 1892, và một cải tiến cho bộ ghép nối xe lửa được gọi là Jenny Coupler. Jackson sinh ra là một nô lệ vào ngày 29 tháng 3 năm 2018 tại Quận Jefferson, Alabama. Andrew Beard đã trải qua mười lăm"
CASE_0246,1011018,mixed,2,7246722,0.673,0.673,1,vi,"Vào ngày 15 tháng 12 năm 1887, Beard phát minh ra một chiếc máy cày khác và bán nó với giá 5.200 đô la. Với số tiền này, anh ta bắt đầu kinh doanh bất động sản và kiếm được khoảng 30.000 đô la. Năm 1889, Beard phát minh ra động cơ hơi nước quay, được cấp bằng sáng chế vào ngày 5 tháng 7 năm 1892. Ôn"
CASE_0246,1011018,mixed,3,2761427,0.6493,0.6493,0,vi,"Năm 1781, James Watt được cấp bằng sáng chế cho động cơ hơi nước tạo ra chuyển động quay liên tục. Động cơ mười mã lực của Watt cho phép cung cấp năng lượng cho nhiều loại máy móc sản xuất. Động cơ có thể được đặt ở bất cứ nơi nào có thể lấy được nước và nhiên liệu than hoặc củi."
CASE_0246,1011018,mixed,4,6083070,0.6478,0.6478,0,vi,"Năm 1781, James Watt được cấp bằng sáng chế cho động cơ hơi nước tạo ra chuyển động quay liên tục. Động cơ mười mã lực của Watt cho phép cung cấp năng lượng cho nhiều loại máy móc sản xuất. Động cơ có thể được đặt ở bất cứ nơi nào có thể lấy được nước và nhiên liệu than hoặc củi. động cơ hơi nước là"
CASE_0246,1011018,mixed,5,4173041,0.6478,0.6478,0,vi,"Khi những phát minh này tạo ra ngành sản xuất và công nghiệp mới, nhiều người cũng chuyển từ các trang trại vào thành phố. Đó là thời điểm thế giới thay đổi rất nhanh. Sự kiện ngày 1712 Máy hơi nước được phát minh. Thomas Newcomen phát minh ra động cơ hơi nước đầu tiên. Nó vẫn chưa thực sự hữu ích,"
CASE_0246,1011018,mixed,6,8785141,0.6473,0.6473,0,vi,"Năm 1781, James Watt được cấp bằng sáng chế cho động cơ hơi nước tạo ra chuyển động quay liên tục. Động cơ mười mã lực của Watt cho phép cung cấp năng lượng cho nhiều loại máy móc sản xuất. Động cơ có thể được đặt ở bất cứ nơi nào có thể lấy được nước và nhiên liệu than hoặc gỗ. Động cơ hơi nước đượ"
CASE_0246,1011018,mixed,7,4271144,0.6468,0.6468,0,vi,"Năm 1698, kỹ sư người Anh, Thomas Savery, được cấp bằng sáng chế cho động cơ hơi nước thô đầu tiên. Savery đã sử dụng phát minh của mình để bơm nước ra khỏi mỏ than. Năm 1712, kỹ sư và thợ rèn người Anh, Thomas Newcomen đã phát minh ra động cơ hơi nước trong khí quyển. Mục đích của động cơ hơi nước"
CASE_0246,1011018,mixed,8,4124317,0.6433,0.6433,0,vi,Việc James Watt phát minh ra động cơ hơi nước thực tế đầu tiên đã giúp chuyển dân số nước Anh từ 90% là nông thôn sang 90% là thành thị. James Watt (1736-1819) Những khám phá. James Watt chủ yếu được biết đến với việc phát minh ra các loại động cơ hơi nước khác nhau giúp khởi đầu cuộc Cách mạng Công
CASE_0246,1011018,mixed,9,7863814,0.6428,0.6428,0,vi,"James Watt FRS FRSE (30 tháng 1 năm 1736 (hệ điều hành 19 tháng 1 năm 1736) ÃƒÂ ¢ Ã‚â‚¬Ã‚â € œ 25 tháng 8 năm 1819) là một nhà phát minh, kỹ sư cơ khí và nhà hóa học người Scotland, người đã cải tiến động cơ hơi nước 1712 Newcomen của Thomas Newcomen với động cơ hơi nước Watt của ông vào năm 1781, l"
CASE_0246,1011018,mixed,10,5043421,0.6402,0.6402,0,vi,"Sử dụng nước sôi để tạo ra chuyển động cơ học đã có từ hơn 2000 năm trước, nhưng các thiết bị ban đầu không thực tế. Nhà phát minh người Tây Ban Nha Jeronimo jerÃƒÆ’Ã‚Â³nimo De ayanz Y beaumont được cấp bằng sáng chế hơi nước đầu tiên vào năm 1606. Động cơ vào năm 1698 Thomas savery đã được cấp bằng"
CASE_0246,1047088,endpoint,1,6336399,0.5459,0.5459,0,vi,"Peter được giới thiệu vào năm 1993 cùng với chị gái sinh đôi Lucy, và ban đầu do Francis Brittin-Snell thủ vai khi còn nhỏ và mới biết đi từ năm 1993 đến năm 1996. Năm 1997, vai diễn này được giao cho Alex Stevens và anh đóng vai Peter cho đến năm 1998."
CASE_0246,1047088,endpoint,2,7913270,0.5413,0.5413,0,vi,"Vì thực tế đơn giản là ít nhất câu chuyện Â ¢ Ã‚â‚¬Ã‚â €, câu chuyện hư cấuÃƒÂ ¢ Ã‚â‚¬Ã‚â € về cuộc đời của ông Duchin là một người tàn nhẫn kiên quyết với một chút thời gian nghỉ ngơi vì lạnh. hơi thở của sự diệt vong. Hầu như không có ông Duchin, do Tyrone Power thủ vai, đến New York, một yokel đầ"
CASE_0246,1047088,endpoint,3,3110002,0.5256,0.5256,0,vi,"Peter Loewenbraeu LÃƒÆ’Ã‚Â¶wenbrÃƒÆ’Ã‚Â¤u, Griffin. , sr Sinh ra Justin Peter griffin theo khai sinh, ghi nhan la vai chinh cua chuong trinh va nhan vat. Nhân vật là một người đàn ông gốc Anh Quốc hiện đang cư trú tại hòn đảo Quahog Rhode cùng với người vợ Lois của mình. bánh nướng"
CASE_0246,1047088,endpoint,4,7286681,0.5246,0.5246,0,vi,"Darren McGavin (tên khai sinh là William Lyle Richardson, ngày 7 tháng 5 năm 1922 ÃƒÂ ¢ Ã‚â‚¬Ã‚â € œ ngày 25 tháng 2 năm 2006) [1] là một diễn viên điện ảnh, sân khấu và truyền hình Mỹ nổi tiếng nhất với vai diễn cục cằn nhưng người cha yêu thương trong bộ phim A Christmas Story, và cho vai chính tr"
CASE_0246,1047088,endpoint,5,2278740,0.5239,0.5239,0,vi,"Jason Quest. Đã có khá nhiều người thật đóng vai Peter Pan. Jeremy Sumpter là * cậu bé * thực tế nổi tiếng nhất để đóng vai này, trong bộ phim năm 2003. Robin Williams đã đóng vai PÃƒÂ ¢ Ã‚â‚¬Ã‚Â¦eter trưởng thành trong bộ phim Hook năm 1991. Betty Bronson đóng vai Peter trong một bộ phim câm vào nă"
CASE_0246,1047088,endpoint,6,4541194,0.5217,0.5217,0,vi,"Peter Mayhew. Đối với những người khác tên là Peter Mayhew, hãy xem Peter Mayhew (định hướng). Peter Mayhew (sinh ngày 19 tháng 5 năm 1944) là một diễn viên người Anh / Mỹ, có quốc tịch Mỹ và nổi tiếng với vai Chewbacca trong loạt phim Chiến tranh giữa các vì sao."
CASE_0246,1047088,endpoint,7,2380120,0.5201,0.5201,0,vi,Peter Mayhew (sinh ngày 19 tháng 5 năm 1944) là một diễn viên người Mỹ gốc Anh. Ông được biết đến với vai Chewbacca trong các bộ phim Chiến tranh giữa các vì sao.
CASE_0246,1047088,endpoint,8,4164031,0.5197,0.5197,0,vi,"Peter Dean (I) Peter Dean sinh ngày 2 tháng 5 năm 1939 tại Hoxton, London, Anh với tên gọi Peter S. Dean. Anh ấy là một diễn viên, được biết đến với EastEnders (1985), P'tang, Yang, Kipperbang. (1982) và The Gun Man (2016)."
CASE_0246,1047088,endpoint,9,3770793,0.5184,0.5184,0,vi,"Phim có sự tham gia của Robin Williams trong vai Peter Banning / Peter Pan, Dustin Hoffman trong vai thuyền trưởng Hook, Julia Roberts trong vai Tinker Bell, Bob Hoskins trong vai Smee, Maggie Smith trong vai Wendy, Caroline Goodall trong vai Moira Banning và Charlie Korsmo trong vai Jack Banning."
CASE_0246,1047088,endpoint,10,3047860,0.5165,0.5165,0,vi,"Sự thật về Tim DeKay. Timothy Robert DeKay, hay còn được biết đến với cái tên Tim DeKay, là một nam diễn viên quốc tịch Mỹ được biết đến qua vai Peter trong loạt phim White Collar của USA Network. Anh sinh ngày 12 tháng 6 năm 1963 với cha Jim và mẹ Jill DeKay."
CASE_0246,1047088,mixed,1,3724874,0.592,0.592,0,vi,"Tôi vẫn chưa xem The Eddy Duchin Story! Tuyển tập một số bản thu âm hay nhất của Duchin, Dancing with Duchin, được phát hành năm 2002. Đời sống cá nhân. Duchin có một con, Peter Duchin (sinh năm 1937), với vợ, Marjorie Oelrichs. Ông cũng có một con, Annette Kalten, với Millie Giammarino. Trong cuốn"
CASE_0246,1047088,mixed,2,7913269,0.5798,0.5798,1,vi,"Bắt đầu đọc trong khi bạn nghe bản trình diễn của I'll Take Manhattan .. Những người yêu thích phim và những người yêu thích phim mới lớn sẽ nhận ra Eddy Duchin là nghệ sĩ dương cầm và chỉ huy dàn nhạc nổi tiếng của những năm 1930 và 40, người được Tyrone Power miêu tả trong một giọt nước mắt maudli"
CASE_0246,1047088,mixed,3,7913275,0.5793,0.5793,0,vi,"Lắng nghe giai điệu đặc trưng của Eddy Duchin, Nocturne in E-flat của Chopin. Peter Duchin sinh năm 1937 tại thành phố New York, là con duy nhất của người cha đẹp trai Eddy và người vợ xã hội hấp dẫn của ông, Marjorie Oelrichs. Duchin anh cả, con trai của cha mẹ là người nhập cư gốc Do Thái, là một"
CASE_0246,1047088,mixed,4,7913270,0.5611,0.5611,0,vi,"Vì thực tế đơn giản là ít nhất câu chuyện Â ¢ Ã‚â‚¬Ã‚â €, câu chuyện hư cấuÃƒÂ ¢ Ã‚â‚¬Ã‚â € về cuộc đời của ông Duchin là một người tàn nhẫn kiên quyết với một chút thời gian nghỉ ngơi vì lạnh. hơi thở của sự diệt vong. Hầu như không có ông Duchin, do Tyrone Power thủ vai, đến New York, một yokel đầ"
CASE_0246,1047088,mixed,5,6336399,0.5568,0.5568,0,vi,"Peter được giới thiệu vào năm 1993 cùng với chị gái sinh đôi Lucy, và ban đầu do Francis Brittin-Snell thủ vai khi còn nhỏ và mới biết đi từ năm 1993 đến năm 1996. Năm 1997, vai diễn này được giao cho Alex Stevens và anh đóng vai Peter cho đến năm 1998."
CASE_0246,1047088,mixed,6,7286681,0.5458,0.5458,0,vi,"Darren McGavin (tên khai sinh là William Lyle Richardson, ngày 7 tháng 5 năm 1922 ÃƒÂ ¢ Ã‚â‚¬Ã‚â € œ ngày 25 tháng 2 năm 2006) [1] là một diễn viên điện ảnh, sân khấu và truyền hình Mỹ nổi tiếng nhất với vai diễn cục cằn nhưng người cha yêu thương trong bộ phim A Christmas Story, và cho vai chính tr"
CASE_0246,1047088,mixed,7,2450247,0.5386,0.5386,0,vi,"Robert Pattinson. Đối với chính trị gia ở Lincolnshire, hãy xem Ngài Robert Pattinson. Robert Douglas Thomas Pattinson (sinh ngày 13 tháng 5 năm 1986) là một diễn viên, nhà sản xuất, người mẫu và nhạc sĩ người Anh. Pattinson bắt đầu sự nghiệp điện ảnh của mình bằng vai Cedric Diggory trong Harry Pot"
CASE_0246,1047088,mixed,8,4417938,0.5313,0.5313,0,vi,"Robert Douglas Thomas Pattinson (sinh ngày 13 tháng 5 năm 1986) là một diễn viên, người mẫu, nhạc sĩ và nhà sản xuất người Anh. Pattinson bắt đầu sự nghiệp điện ảnh của mình bằng vai Cedric Diggory trong Harry Potter và Chiếc cốc lửa, một bộ phim giả tưởng năm 2005."
CASE_0246,1047088,mixed,9,7913272,0.5307,0.5307,0,vi,"Hai năm sau, Marjorie và Eddy kết hôn và vào Giáng sinh, Marjorie có một đứa con, Peter, nhưng cô ấy đã chết sau khi sinh con. Eddy từ chối việc Peter đổ lỗi cho anh ta về cái chết của Marjorie và chỉ 5 năm sau, anh gặp con trai mình. Với Chiến tranh thế giới thứ hai, Eddy Duchin chia tay ban nhạc c"
CASE_0246,1047088,mixed,10,6834578,0.5306,0.5306,0,vi,"Diễn viên Trang. Tiểu sử: Sandy Duncan (sinh ngày 20 tháng 2 năm 1946 tại Henderson, Texas) là một ca sĩ, diễn viên sân khấu và truyền hình người Mỹ. Thương hiệu đáng chú ý nhất của cô là kiểu tóc pixie vàng và phong thái vui vẻ của cô. Cô nổi tiếng nhất với vai chính mà cô đóng trong bộ phim chuyển"
CASE_0246,1047625,endpoint,1,4372304,0.5835,0.5835,0,vi,"Trong ÃƒÂ ¢ Ã‚â‚¬Ã‚Å “Sing, ÃƒÂ ¢ Ã‚â‚¬Ã‚ một phim hoạt hình ca nhạc máy hát tự động vui nhộn do Garth Jennings viết kịch bản và đạo diễn (ÃƒÂ ¢ Ã‚â‚¬Ã‚Å “Con trai của RambowÃƒÂ ¢ Ã‚â‚¬Ã ‚), có một cảnh trong đó hai con nhím lai, một trong số chúng đã được chọn để cạnh tranh trong một cuộc thi giọng"
CASE_0246,1047625,endpoint,2,3002766,0.57,0.57,0,vi,"Khi chúng hát, những con chuột đi ra và nhón gót quanh phòng. * Những con chuột giả vờ ăn, hát: ÃƒÂ ¢ Ã‚â‚¬Ã‚Å “Những con chuột nhỏ đang gặm, nhấm, ÃƒÂ ¢ Ã‚â‚¬Ã‚, v.v. * Những con mèo bắt đầu cựa quậy, ngáp, vươn vai, thức dậy, và quan sát những con chuột. Những con mèo (hoặc mọi người) hát: ÃƒÂ ¢ Ã"
CASE_0246,1047625,endpoint,3,1830601,0.5566,0.5566,0,vi,"Mientras, alguien toca la baterÃƒÆ’Ã‚Âa, alguien escucha el radio, indferentes al drama del pequeÃƒÆ’Ã‚Â ± o động vật alado quien busca su hogar, su refugio, de las torsionas del mundo. Âm thanh 02: Aleteo mariposa: Grabado en mi challengeaciÃƒÆ’Ã‚Â³n."
CASE_0246,1047625,endpoint,4,1846851,0.5563,0.5563,0,vi,"Homer chơi Marimba, Marge chơi Trumpet, Lisa chơi Saxophone và Maggie chơi kèn *. Trong Jazzy And The Pussycats, Bart đóng vai Drums. * KinÃƒÂ ¢ Ã‚â‚¬Ã‚Â¦d của chiếc còi bạn gắn trên xe đạp. Đó là loại sừng trẻ em bằng nhựa."
CASE_0246,1047625,endpoint,5,7877890,0.5556,0.5556,0,vi,Chơi và Nghe nâng từng giọng hát của tôi.
CASE_0246,1047625,endpoint,6,1009669,0.5508,0.5508,0,vi,"Lời bài hát. Timon: Hakuna Matata, thật là một cụm từ tuyệt vời! Pumbaa: Hakuna Matata. Pumbaa: Nếu không có đèn flash trong chảo! Timon: Điều đó có nghĩa là không phải lo lắng cho những ngày còn lại của bạn. Timon và Pumbaa: Đó là triết lý không có vấn đề của chúng tôi. Timon: Hakuna Matata! (Cầu n"
CASE_0246,1047625,endpoint,7,3838077,0.55,0.55,0,vi,Amy Grant hát bản biểu diễn này của Hark! The Herald Angels Sing. 1 Hark! 2 The Herald Angels Sing by Amy Grant (Google Play ÃƒÂ ¢ Ã‚â‚¬Ã‚Â ¢ AmazonMP3 ÃƒÂ ¢ Ã‚â‚¬Ã‚Â ¢ iTunes).
CASE_0246,1047625,endpoint,8,7162276,0.5499,0.5499,0,vi,"Trò chơi Không có Biên giới. Hans chơi với Lotte, Lotte chơi với Jane. Jane chơi với Willi, Willi vui vẻ trở lại. Suki chơi với Leo, Sacha chơi với Britt. Adolf đốt lửa, Enrico chơi với nó. Những giai điệu huýt sáo chúng tôi ẩn mình trong cồn cát ven biển. Những giai điệu huýt sáo chúng tôi đang hôn"
CASE_0246,1047625,endpoint,9,4830525,0.5461,0.5461,0,vi,Một túi đầy các tư thế; Tàn tro! Tàn tro! Chung tôi đêu Nga xuông. Tôi chắc rằng tất cả chúng ta chắc hẳn đã cùng chung tay với bạn bè của mình và chạy vòng quanh để hát bài đồng dao phổ biến này. Ring a Ring o 'Roses hay Ring Around the Rosie là một trò chơi ca hát của người già và sân chơi.
CASE_0246,1047625,endpoint,10,2872118,0.5448,0.5448,0,vi,"ÃƒÂ ¢ Ã‚â‚¬Ã‚Å “Các sinh vật đang đứng khi chúng tạo thành một vòng tròn và đang tụng kinh, như thể chúng đang thực hiện một nghi lễ tôn giáo hoặc một thứ gì đó tương tự. Một trong những sinh vật giống Yeti đang hăng hái đập vào một thân cây rỗng, giống như một người đàn ông đánh trống để tạo ra một"
CASE_0246,1047625,mixed,1,7721285,0.6505,0.6505,0,vi,"Scarlett Johansson đóng vai Ash, Nhím gai, trong SING. Siêu sao Scarlett Johansson thổi sức sống cho Ash, một chú nhím tuổi teen gai góc với phong cách punk-rock, trong Universal Pictures và IlluminationÃƒÂ ¢ Ã‚â‚¬Ã‚â „¢ s Sing, một bộ phim hài âm nhạc về việc tìm kiếm ngôi sao sáng sống bên trong t"
CASE_0246,1047625,mixed,2,7721281,0.6497,0.6497,1,vi,"Scarlett Johansson đóng vai Ash, Nhím gai, trong SING. bởi Ãƒâ € šÃ‚Â · 24 Tháng Mười Hai 2016. Siêu sao Scarlett Johansson thổi sức sống cho Ash, một chú nhím tuổi teen gai góc với phong cách punk-rock, trong Universal Pictures và IlluminationÃƒÂ ¢ Ã‚â‚¬Ã‚â „¢ s Sing, một bộ phim hài ca nhạc về việ"
CASE_0246,1047625,mixed,3,7721284,0.64,0.64,0,vi,"Scarlett Johansson Rock trong bài hát mới từ nhạc phim Sing - Nghe đây! Scarlett Johansson có một trong những giọng nói dễ nhận ra nhất ở Hollywood, và cô ấy lại một lần nữa đặt nó thành âm nhạc. Nữ diễn viên 32 tuổi lồng tiếng cho bộ phim hoạt hình sắp tới Sing, trong đó cô đóng vai một chú nhím tê"
CASE_0246,1047625,mixed,4,5506355,0.6372,0.6372,0,vi,"Scarlett Johansson Rock trong bài hát mới từ nhạc phim Sing - Nghe đây! Scarlett Johansson có một trong những giọng nói dễ nhận ra nhất ở Hollywood, và cô ấy lại một lần nữa đặt nó thành âm nhạc. Nữ diễn viên 32 tuổi lồng tiếng cho bộ phim hoạt hình sắp tới Sing, trong đó cô đóng vai một chú nhím tê"
CASE_0246,1047625,mixed,5,324160,0.6279,0.6279,0,vi,"Sing là một bộ phim ca nhạc hoạt hình máy tính của Mỹ năm 2016 do Illumination Entertainment sản xuất. Phim do Garth Jennings đạo diễn và viết kịch bản, Christophe Lourdelet đồng đạo diễn và có sự tham gia lồng tiếng của Matthew McConaughey, Reese Witherspoon, Seth MacFarlane, Scarlett Johansson, Jo"
CASE_0246,1047625,mixed,6,5506354,0.6245,0.6245,0,vi,"Scarlett Johansson, một con nhím gai trong ÃƒÂ ¢ Ã‚â‚¬Ã‚Å “SingÃƒÂ ¢ Ã‚â‚¬Ã‚. InqPOP! | 22 Tháng Mười Hai 2016. Siêu sao Scarlett Johansson thổi hơi thở cuộc sống cho Ash, một chú nhím tuổi teen gai góc với phong cách punk-rock, trong Universal Pictures và IlluminationÃƒÂ ¢ Ã‚â‚¬Ã‚â „¢ s Sing, một b"
CASE_0246,1047625,mixed,7,4302634,0.6237,0.6237,0,vi,"Hát ÃƒÂ ¢ Ã‚â‚¬Ã‚â € œ Phim hoạt hình 2016 ÃƒÂ ¢ Ã‚â‚¬Ã‚â € œ Bài hát giới thiệu. Sing là bộ phim hài hoạt hình sắp ra mắt của Mỹ, dự kiến ​​ra mắt vào ngày 21 tháng 12 năm 2016. Diễn viên: Matthew McConaughey (gấu túi), Seth MacFarlane (chuột), John C. Reilly vai Eddie (Cừu), Reese Witherspoon (lợn"
CASE_0246,1047625,mixed,8,7623836,0.6222,0.6222,0,vi,"Scarlett Johansson trong Punk Rock Porcupine Role for Sing. Và cũng giống như Thần tượng, bạn thấy mình phải hứng thú với các đối thủ cạnh tranh như mẹ lợn ở nhà Rosita (Reese Witherspoon), chuột nhạc sĩ đường phố Mike (Seth MacFarlane), nhím punk rock Ash (Scarlett Johansson) và chú voi nhút nhát M"
CASE_0246,1047625,mixed,9,4302635,0.616,0.616,0,vi,"Hát ÃƒÂ ¢ Ã‚â‚¬Ã‚â € œ Phim Hoạt Hình 2016. Sing là bộ phim hài hoạt hình sắp ra mắt của Mỹ, dự kiến ​​ra mắt vào ngày 21 tháng 12 năm 2016. Diễn viên: Matthew McConaughey (gấu túi), Seth MacFarlane (chuột), John C. Reilly vai Eddie (Cừu), Reese Witherspoon (lợn), Scarlett Johansson (nhím) & Taron E"
CASE_0246,1047625,mixed,10,7721282,0.614,0.614,0,vi,"Hình ảnh phổ quát. Nó sẽ không ra rạp cho đến ngày 21 tháng 12, nhưng Sing sẽ giúp bạn gõ chân và bật ra các bài hát pop yêu thích của bạn ngay lập tức. Bộ phim hoạt hình kể về một chú Koala (Matthew McConaughey) đang cố gắng duy trì hoạt động kinh doanh nhà hát cũ của mình bằng cách tổ chức một chư"
CASE_0246,1055717,endpoint,1,1681303,0.6807,0.6807,0,vi,"Cơ sở của tài liệu chăm sóc sức khỏe là bệnh án của bệnh nhân. Thông tin có trong hồ sơ này sau đó được dịch thành mã thống nhất, tiêu chuẩn ngành. Khi các dịch vụ y tế, phẫu thuật hoặc chẩn đoán được cung cấp, chúng sẽ được dịch sang mã CPT và được báo cáo cho người thanh toán bên thứ ba để được ho"
CASE_0246,1055717,endpoint,2,2753956,0.6783,0.6783,0,vi,Ôn tập chương 4. 21/09/2013. 0 Bình luận. Tên của cơ quan chính phủ đã dẫn đầu việc phát triển các bộ dữ liệu cơ bản cho hồ sơ sức khỏe và cơ sở dữ liệu máy tính là: Ủy ban Quốc gia về Thống kê Sức khỏe và Sức khỏe. Bộ dữ liệu tối thiểu trong chăm sóc sức khỏe được phát triển để: Chuẩn hóa từ vựng y
CASE_0246,1055717,endpoint,3,5910180,0.674,0.674,0,vi,"Cơ sở của tài liệu chăm sóc sức khỏe là bệnh án của bệnh nhân. Thông tin có trong hồ sơ này sau đó được dịch thành mã thống nhất, tiêu chuẩn ngành. Khi các dịch vụ y tế, phẫu thuật hoặc chẩn đoán được cung cấp, chúng sẽ được dịch thành mã CPT và được báo cáo cho người thanh toán bên thứ ba để được h"
CASE_0246,1055717,endpoint,4,4420789,0.6698,0.6698,0,vi,"DEERS Tri-fold (định dạng tệp .pdf) Hệ thống Chăm sóc Sức khỏe Tổng hợp (CHCS) là cơ sở dữ liệu y tế dành cho bệnh nhân sử dụng hệ thống Chăm sóc Sức khỏe Quân đội. CHCS được sử dụng để: Thực hiện và theo dõi các cuộc hẹn, nhập và theo dõi các đơn thuốc, nhập và theo dõi tư vấn, nhập và theo dõi các"
CASE_0246,1055717,endpoint,5,727071,0.6679,0.6679,0,vi,"Bộ dữ liệu và thông tin về hiệu quả chăm sóc sức khỏe. Bộ Thông tin và Dữ liệu Hiệu quả Chăm sóc Sức khỏe (HEDIS) là một bộ các thước đo hiệu suất được sử dụng rộng rãi trong ngành chăm sóc có quản lý, được phát triển và duy trì bởi Ủy ban Quốc gia về Đảm bảo Chất lượng (NCQA). HEDIS được thiết kế đ"
CASE_0246,1055717,endpoint,6,861803,0.667,0.667,0,vi,"Dữ liệu chăm sóc sức khỏe đang được sử dụng để kích hoạt cảnh báo lâm sàng, nhắc nhở phòng ngừa và bệnh mãn tính cũng như hỗ trợ quyết định lâm sàng. Ứng dụng mở rộng của dữ liệu chăm sóc sức khỏe trong việc cung cấp dịch vụ chăm sóc đã làm tăng thêm tầm quan trọng của tính chính xác và kịp thời của"
CASE_0246,1055717,endpoint,7,7175600,0.6663,0.6663,0,vi,"Filed under: Chưa phân loại | Tags: ARRA2009, Mô hình dữ liệu, GGU, Y tế-CNTT, Chăm sóc sức khỏe, M, MUMPS, MUMPS RDBMS Mô hình dữ liệu chăm sóc sức khỏe Cơ sở hạ tầng CNTT Chăm sóc sức khỏe | Đối với lớp học của tôi về Cơ sở hạ tầng CNTT chăm sóc sức khỏe tại GGU (ITM 351), tôi đã phải giải thích c"
CASE_0246,1055717,endpoint,8,2045407,0.6647,0.6647,0,vi,"Trong ngữ cảnh chăm sóc sức khỏe, thuật ngữ tiêu chuẩn dữ liệu bao gồm các phương pháp, giao thức, thuật ngữ và thông số kỹ thuật để thu thập, trao đổi, lưu trữ và truy xuất thông tin liên quan đến các ứng dụng chăm sóc sức khỏe, bao gồm hồ sơ y tế, thuốc, hình ảnh X quang, thanh toán và bồi hoàn ,"
CASE_0246,1055717,endpoint,9,8816221,0.6644,0.6644,0,vi,Các nhà phân tích chăm sóc sức khỏe thường được yêu cầu có từ bốn đến năm năm kinh nghiệm làm việc xử lý các trách nhiệm quản lý cơ sở dữ liệu và thông tin phức tạp. Cũng cần có kiến ​​thức về các ứng dụng dựa trên PC được sử dụng để quản lý dữ liệu. Một nhà phân tích chăm sóc sức khỏe phải giỏi đa
CASE_0246,1055717,endpoint,10,4144755,0.6613,0.6613,0,vi,"HEDISÃƒâ € šÃ‚Â® (Bộ Thông tin và Dữ liệu Hiệu quả Chăm sóc Sức khỏe) là tiêu chuẩn vàng trong đo lường hiệu suất chăm sóc sức khỏe, được sử dụng bởi hơn 90% các chương trình y tế của quốc gia và nhiều nhà tuyển dụng và cơ quan quản lý hàng đầu."
CASE_0246,1055717,mixed,1,6465778,0.6599,0.6599,0,vi,"Hệ thống sử thi. Epic Systems Corporation, hay Epic, là một công ty phần mềm chăm sóc sức khỏe tư nhân. Theo công ty, các bệnh viện sử dụng phần mềm của họ lưu trữ hồ sơ y tế của 54% bệnh nhân ở Hoa Kỳ và 2,5% bệnh nhân trên toàn thế giới."
CASE_0246,1055717,mixed,2,7175599,0.6552,0.6552,1,vi,"Epic Systems Corp. là một trong những nhà cung cấp công nghệ thông tin y tế lớn nhất, được các bệnh viện và hệ thống y tế lớn của Hoa Kỳ sử dụng chủ yếu để truy cập, sắp xếp, lưu trữ và chia sẻ hồ sơ y tế của bệnh nhân. Tải xuống hướng dẫn miễn phí này."
CASE_0246,1055717,mixed,3,411340,0.6518,0.6518,0,vi,Epic Systems là một công ty phần mềm chăm sóc sức khỏe. Phần mềm Epic được sử dụng trong các cơ sở y tế để thay thế các biểu đồ giấy và tạo ... Sao lưu & Khôi phục máy tính điện tử; Sử dụng Khôi phục Hệ thống; Cách Sử dụng Hệ thống Sử thi trong Phòng thí nghiệm Bệnh viện; X. Phải Xem: Trình chiếu ..
CASE_0246,1055717,mixed,4,727071,0.6491,0.6491,0,vi,"Bộ dữ liệu và thông tin về hiệu quả chăm sóc sức khỏe. Bộ Thông tin và Dữ liệu Hiệu quả Chăm sóc Sức khỏe (HEDIS) là một bộ các thước đo hiệu suất được sử dụng rộng rãi trong ngành chăm sóc có quản lý, được phát triển và duy trì bởi Ủy ban Quốc gia về Đảm bảo Chất lượng (NCQA). HEDIS được thiết kế đ"
CASE_0246,1055717,mixed,5,3955405,0.6411,0.6411,0,vi,"Theo ý kiến ​​của chúng tôi và của những người khác trong ngành chăm sóc sức khỏe, Epic là hệ thống hồ sơ sức khỏe điện tử (EHR) tốt nhất. Chúng tôi chọn Epic vì những lý do chính sau: Sự kết hợp tốt nhất giữa khả năng sử dụng và các tính năng. Epic có chức năng hoàn chỉnh, dễ sử dụng nhất, không ch"
CASE_0246,1055717,mixed,6,3260631,0.638,0.638,0,vi,"Tại sao lại có hệ thống Sử thi? Theo ý kiến ​​của chúng tôi và của những người khác trong ngành chăm sóc sức khỏe, Epic là hệ thống hồ sơ sức khỏe điện tử (EHR) tốt nhất. Chúng tôi chọn Epic vì những lý do chính sau: Sự kết hợp tốt nhất giữa khả năng sử dụng và các tính năng. Epic có chức năng hoàn"
CASE_0246,1055717,mixed,7,8308544,0.6379,0.6379,0,vi,"Làm thế nào để trở thành Epic Certified. Epic Systems là một trong những hệ thống hồ sơ sức khỏe điện tử (EHR) phổ biến nhất cho các bệnh viện lớn, theo một báo cáo được công bố gần đây từ công ty nghiên cứu KLAS. Trong năm 2012, Epic đã ghi được nhiều hợp đồng bệnh viện mới nhất trong năm thứ năm l"
CASE_0246,1055717,mixed,8,4144755,0.6363,0.6363,0,vi,"HEDISÃƒâ € šÃ‚Â® (Bộ Thông tin và Dữ liệu Hiệu quả Chăm sóc Sức khỏe) là tiêu chuẩn vàng trong đo lường hiệu suất chăm sóc sức khỏe, được sử dụng bởi hơn 90% các chương trình y tế của quốc gia và nhiều nhà tuyển dụng và cơ quan quản lý hàng đầu."
CASE_0246,1055717,mixed,9,5800075,0.636,0.636,0,vi,"Làm thế nào để trở thành Epic Certified. Epic Systems là một trong những hệ thống hồ sơ sức khỏe điện tử (EHR) phổ biến nhất cho các bệnh viện lớn, theo một báo cáo được công bố gần đây từ công ty nghiên cứu KLAS. Trong năm 2012, Epic ghi được nhiều hợp đồng bệnh viện mới nhất trong năm thứ năm liên"
CASE_0246,1055717,mixed,10,3305934,0.6353,0.6353,0,vi,"Epic Systems Corporation là một công ty phần mềm chăm sóc sức khỏe tư nhân. Theo công ty, các bệnh viện sử dụng phần mềm của họ lưu giữ hồ sơ y tế của 54% bệnh nhân ở Mỹ và 2,5% bệnh nhân trên toàn thế giới. Con số này bao gồm 69% bệnh viện Giai đoạn 7 ở Mỹ, 71% bệnh viện trẻ em và 83% bệnh viện Gia"
CASE_0246,1099700,endpoint,1,7336456,0.7065,0.7065,0,vi,Tế bào con sinh ra do nguyên phân so với tế bào ban đầu như thế nào? đỉnh? - 7886147
CASE_0246,1099700,endpoint,2,2392210,0.6989,0.6989,0,vi,"nguyên phân và nguyên phân xảy ra bất cứ lúc nào bất kỳ tế bào nào (một sinh vật sống) phát triển và sinh sản, ví dụ về sự khác biệt giữa hai nguyên phân 1. nguyên phân là việc sản sinh ra các tế bào mới giống hệt như tế bào đầu tiên (cha mẹ) - cắt da bạn sẽ chữa lành các tế bào da mới ( giống hệt c"
CASE_0246,1099700,endpoint,3,7233826,0.6855,0.6855,0,vi,"Điểm giống nhau giữa nguyên phân và nguyên phân - thứ ba là kiểu phân chia tế bào - thứ ba không có tổ hợp gen mới khi mỗi tế bào mới phân chia - tế bào mới có cùng một bộ phận của nhiễm sắc thể - -both tham gia vào quá trình sao chép DNA --both có interphase, prophase, metaphase, anaphase và teloph"
CASE_0246,1099700,endpoint,4,1745043,0.6798,0.6798,0,vi,Nguyên phân và nguyên phân giống nhau như thế nào và chúng khác nhau như thế nào? Cả nguyên phân và nguyên phân đều liên quan đến quá trình tạo tế bào. Kết quả cuối cùng của cả hai đều là các tế bào con được tạo ra từ một tế bào mẹ. Trình tự cơ bản của các sự kiện trong nguyên phân cũng giống như tr
CASE_0246,1099700,endpoint,5,4532628,0.6765,0.6765,0,vi,"Nguyên phân so với nguyên phân Cả nguyên phân và nguyên phân đều là những cơ chế mô tả sự phân chia tế bào. Sự khác biệt đặc biệt đáng chú ý khi người ta nhìn vào DNA trong nhân tế bào. Sau khi nguyên phân, mỗi tế bào con sẽ có các sợi ADN giống hệt nhau, trong khi sau khi nguyên phân, mỗi tế bào co"
CASE_0246,1099700,endpoint,6,1470382,0.6757,0.6757,0,vi,Cả nguyên phân và nguyên phân đều là sự phân chia của tế bào. Điều này có nghĩa là một ô chia thành hai ô. Sự khác biệt chính giữa hai kiểu phân chia là nguyên phân tạo ra hai tế bào giống hệt nhau (với DNA giống hệt nhau). Đây là kiểu phân chia tế bào xảy ra trong tất cả các tế bào của một sinh vật
CASE_0246,1099700,endpoint,7,5524011,0.6743,0.6743,0,vi,"Câu trả lời nhanh. Nguyên phân là quá trình một tế bào phân chia thành hai tế bào có cùng số lượng nhiễm sắc thể với tế bào ban đầu, trong khi nguyên phân là quá trình một tế bào phân chia thành bốn tế bào với một nửa số lượng nhiễm sắc thể như tế bào ban đầu. Các quy trình có các bước rất giống nha"
CASE_0246,1099700,endpoint,8,8303934,0.6731,0.6731,0,vi,"Nguyên phân và nguyên phân là những quá trình tương tự nhau ở chỗ cả hai đều dẫn đến việc tách các tế bào hiện có thành các tế bào mới. Tuy nhiên, chúng khác nhau về quy trình cụ thể cũng như về sản phẩm của chúng. Lý do cho những khác biệt này nằm ở sự khác biệt trong lớp tế bào mà mỗi quá trình tạ"
CASE_0246,1099700,endpoint,9,20362,0.6722,0.6722,0,vi,ÃƒÂ ¢ Ã‚â‚¬Ã‚Â ¢ Nguyên phân (mi TOH sus) là quá trình hạt nhân phân chia để tạo thành hai hạt nhân giống hệt nhau. ÃƒÂ ¢ Ã‚â‚¬Ã‚Â ¢ Mỗi hạt nhân mới cũng giống với hạt nhân ban đầu. Nguyên phân Phân chia tế bào và Nguyên phân 1 ÃƒÂ ¢ Ã‚â‚¬Ã‚Â ¢ Nguyên phân được mô tả như một loạt các giai đoạn hoặc
CASE_0246,1099700,endpoint,10,8174057,0.6709,0.6709,0,vi,"So sánh giữa các giai đoạn của nguyên phân với các giai đoạn của nguyên phân, giai đoạn nào là duy nhất của nguyên phân và giai đoạn nào có các sự kiện giống nhau trong cả nguyên phân và giảm phân? Câu trả lời 1."
CASE_0246,1099700,mixed,1,8760706,0.7077,0.7077,0,vi,"Câu trả lời hay nhất: Chà, thật khó để đưa ra điểm giống nhau bởi vì meiosis (sinh sản hữu tính) và nguyên phân (sinh sản vô tính) đều là những quá trình rất khác nhau. khó có điểm tương đồng vì meiosis (sinh sản hữu tính) và nguyên phân (sinh sản vô tính) là cả hai quá trình rất khác nhau."
CASE_0246,1099700,mixed,2,7233819,0.7062,0.7062,1,vi,"Đáp: Cả nguyên phân và meiosis đều là những kiểu phân chia tế bào có nhiều điểm tương đồng và cả hai đều có chung các giai đoạn cơ bản là prophase, metaphase, anaphase và telophase, theo Đại học Illinois tại Chicago. Cả hai đều bắt đầu với những thay đổi trong tổ chức của DNA trong nhân tế bào."
CASE_0246,1099700,mixed,3,4532624,0.7041,0.7041,0,vi,"Điểm giống nhau: Cả hai đều có các giai đoạn prophase, metaphase, anaphase, tele và cytokinesis. Cả hai đều xảy ra trong tế bào nhân thực. Cả hai đều có sợi trục phân li các nhiễm sắc thể. Điểm khác nhau: Trong nguyên phân, tế bào phân chia một lần, tạo ra hai tế bào lưỡng bội, đồng dạng với nhau. T"
CASE_0246,1099700,mixed,4,2603944,0.7039,0.7039,0,vi,"So sánh nguyên phân và nguyên phân: Nguyên phân và nguyên phân đều diễn ra trước một vòng nhân đôi ADN; tuy nhiên, meiosis bao gồm hai phân chia hạt nhân. Bốn tế bào con sinh ra từ quá trình meiosis là đơn bội và khác biệt về mặt di truyền. Các tế bào con sinh ra từ quá trình nguyên phân là lưỡng bộ"
CASE_0246,1099700,mixed,5,1745050,0.7038,0.7038,0,vi,"Trong bài trước, chúng ta đã thảo luận về những điểm giống nhau giữa nguyên phân và meiosis. Trong bài đăng này, chúng tôi đặc biệt chọn ra những điểm giống nhau giữa nguyên phân và giảm phân II. Cả hai lần phân chia đều giống nhau ngoại trừ sự khác biệt về số lượng nhiễm sắc thể. Điểm tương đồng."
CASE_0246,1099700,mixed,6,8778831,0.6986,0.6986,0,vi,"Nguyên phân so với Meiosis. Nguyên phân so với nguyên phân: Có hai loại phân chia tế bào nhân thực: nguyên phân và nguyên phân (xem hình bên phải). Nguyên phân, không giống như meiosis, là một quá trình nhân đôi: Nó tạo ra hai tế bào con giống hệt nhau về mặt di truyền từ một tế bào cha mẹ."
CASE_0246,1099700,mixed,7,7233822,0.6972,0.6972,0,vi,"Câu trả lời nhanh. Theo Đại học Illinois tại Chicago, cả nguyên phân và meiosis đều là những kiểu phân chia tế bào có nhiều điểm tương đồng và cả hai đều có chung các giai đoạn cơ bản là prophase, metaphase, anaphase và telophase. Cả hai đều bắt đầu với những thay đổi trong tổ chức của DNA trong nhâ"
CASE_0246,1099700,mixed,8,8689868,0.6944,0.6944,0,vi,"Nguyên phân so với Meiosis. Có hai kiểu phân chia tế bào nhân thực: nguyên phân và nguyên phân (xem hình bên dưới bên phải). Nguyên phân, không giống như meiosis, là một quá trình nhân đôi: Nó tạo ra hai tế bào con giống hệt nhau về mặt di truyền từ một tế bào cha mẹ. Bản thân bạn đã phát triển từ m"
CASE_0246,1099700,mixed,9,2595680,0.6936,0.6936,0,vi,"Meiosis khác với nguyên phân, mà bạn có thể đã học trong một bài học khác. Trong nguyên phân, chúng ta thấy các tế bào cơ thể phân chia để tạo thành các tế bào cơ thể giống hệt nhau. Ví dụ, tế bào da tạo ra nhiều tế bào da hơn. Nguyên phân chủ yếu là phát triển các tế bào mới và sửa chữa hoặc thay t"
CASE_0246,1099700,mixed,10,2359504,0.6927,0.6927,0,vi,"Meiosis có hai vòng phân ly di truyền và phân chia tế bào trong khi nguyên phân chỉ có một trong mỗi vòng. Trong meiosis, các nhiễm sắc thể tương đồng phân li dẫn đến các tế bào con không giống nhau về mặt di truyền. Trong nguyên phân, các tế bào con giống hệt nhau và giống hệt nhau."
CASE_0246,278542,endpoint,1,981911,0.6528,0.6528,0,vi,"Mỗi thanh này cung cấp calo từ carbs, protein và chất béo theo tỷ lệ gây đói. Mỗi thanh thường chứa hơn 300 calo, có ít nhất 25 gam protein và ít nhất 30 gam carbs và thường có 50% RDI vitamin và khoáng chất."
CASE_0246,278542,endpoint,2,2721104,0.6447,0.6447,0,vi,"Có bao nhiêu calo trong 1 khẩu phần ăn? 140 calo (140 kcal) có trong 1 miếng bánh - nó tương đương với 28,0 oz bí xanh, 0,52 cốc đậu gà (nấu chín) và 20,0 củ hẹ. Điểm tổng thể Khiêm tốn. Có bao nhiêu carbs trong 1 khẩu phần ăn? 0% DRV (Giá trị đề xuất hàng ngày) của bạn sẽ được đáp ứng theo khẩu phầ"
CASE_0246,278542,endpoint,3,2618988,0.6281,0.6281,0,vi,"Có bao nhiêu carbs trong 1 khẩu phần ăn? Có một lượng carbs hợp lý với 25,18 g cho mỗi 500 calo, nó có hàm lượng tương đương với pho mát kem, pate và trứng bác. Khoảng 81 phần trăm tất cả các loại thực phẩm trong toàn bộ cơ sở dữ liệu của chúng tôi có tỷ lệ carbs lớn hơn."
CASE_0246,278542,endpoint,4,5838592,0.6269,0.6269,0,vi,"Có bao nhiêu carbs trong 1 khẩu phần ăn? 6,67% giới hạn hàng ngày của bạn sẽ được lấp đầy bởi khẩu phần cụ thể này. Mặt hàng này có cùng lượng carbs với các loại thực phẩm như kem phục vụ mềm, bánh mì kẹp thịt và bánh pizza với tỷ lệ carbs / calo là 53,33%, đây là một lượng hợp lý."
CASE_0246,278542,endpoint,5,2487964,0.6265,0.6265,0,vi,"Có bao nhiêu carbs trong 1 khẩu phần ăn? 18,67% giới hạn carbs hàng ngày của bạn sẽ được đáp ứng theo khẩu phần / thực phẩm này. Với 33,94 g cho mỗi 200 calo, mặt hàng này có mức carbs trên mức trung bình (nó có cùng lượng với các loại thực phẩm như ca cao, bánh mì vụn và tỏi)."
CASE_0246,278542,endpoint,6,8360858,0.6265,0.6265,0,vi,"Có bao nhiêu carbs trong 1 khẩu phần ăn? Có một lượng carbs hợp lý chứa 43,64 g trên 400 calo, nó có cùng hàm lượng như bánh mì dẹt, bánh nướng và taquitos. 24 gram là 8% giới hạn khuyến nghị hàng ngày của bạn cho một người khỏe mạnh. So với các loại thực phẩm trong cùng nhóm thực phẩm (đồ ngọt), lo"
CASE_0246,278542,endpoint,7,5543954,0.6258,0.6258,0,vi,"Có bao nhiêu carbs trong 1 khẩu phần ăn? Có một lượng nhỏ carbs chứa 5,07 g cho mỗi 400 calo, nó chứa mức độ tương tự như pho mát colby, pho mát parmesan và pho mát feta. Khoảng 91% tất cả các loại thực phẩm trong số tất cả các nhóm thực phẩm có tỷ lệ carbs lớn hơn."
CASE_0246,278542,endpoint,8,7360043,0.6244,0.6244,0,vi,"Có bao nhiêu carbs trong 1 khẩu phần ăn? 88 g là 29,33% giới hạn carbs hàng ngày của bạn đối với hầu hết nam giới và phụ nữ. Có một lượng carb đáng kể với tỷ lệ carbs / calo là 56,77%, nó có hàm lượng tương tự như khoai tây chiên, bánh mì sandwich tan chảy và bánh pizza. Khoảng 55% tất cả các loại t"
CASE_0246,278542,endpoint,9,633483,0.6242,0.6242,0,vi,"Nói chung, tìm cách nhận được khoảng 50 - 55% lượng calo từ carbs là mục tiêu thực tế đối với hầu hết mọi người. Phép toán này khá dễ dàng vì một gam carbs chứa 4 calo. Vì vậy, đối với một chế độ ăn uống 1.600 calo sẽ là khoảng 220 gram mỗi ngày. (1600 x 0,55) / 4 = 220."
CASE_0246,278542,endpoint,10,3848277,0.6242,0.6242,0,vi,"Carbs cung cấp 4 calo mỗi gam. Do đó, nếu bạn đang tiêu thụ 1.600 calo mỗi ngày, hãy nhắm mục tiêu 180 đến 260 gam carbs, nếu bạn ăn 2.000 calo mỗi ngày, hãy tiêu hao 225 đến 325 gam và nếu bạn tiêu thụ 2.400 calo thì hãy nhắm tới cho 270 đến 390 gram carbs mỗi ngày."
CASE_0246,278542,mixed,1,2799999,0.6666,0.6666,0,vi,"Thanh Miniature (Milky Way, Snickers, Twix, 3 Muskateers) - trung bình 38 calo và 5 g carb mỗi thanh. Mr. Goodbar Snack cỡ (17 g) - 90 calo và 9 gam carb. Nestle's Crunch Bars Kích thước vui nhộn (10 g) 50 calo và 7 gam carb. Nestle's Crunch Caramel Bars - Kích thước vui nhộn - 70 calo và 9 g carb."
CASE_0246,278542,mixed,2,7602289,0.6657,0.6657,1,vi,"Có 190 calo trong 1 thanh (2,1 oz) của Quest Cookies & Cream Protein Bar. Bạn cần đi bộ 50 phút để đốt cháy 190 calo. Truy cập CalorieKing để xem số lượng calo và dữ liệu dinh dưỡng cho tất cả các khẩu phần. ứng dụng Công cụ & thêm trợ giúp Hỗ trợ"
CASE_0246,278542,mixed,3,7372136,0.6651,0.6651,0,vi,"Thanh Miniature (Milky Way, Snickers, Twix, 3 Musketeers): trung bình 38 calo và 5 gam carb mỗi thanh; Mr. Goodbar Snack cỡ (17 gram): 90 calo và 9 gram carb; Nestle's Crunch Bars Fun size (10 gram) 50 calo và 7 gram carb; Nestle's Crunch Caramel Bars: Kích thước thú vị: 70 calo và 9 gam carb; Ly bơ"
CASE_0246,278542,mixed,4,8360858,0.6605,0.6605,0,vi,"Có bao nhiêu carbs trong 1 khẩu phần ăn? Có một lượng carbs hợp lý chứa 43,64 g trên 400 calo, nó có cùng hàm lượng như bánh mì dẹt, bánh nướng và taquitos. 24 gram là 8% giới hạn khuyến nghị hàng ngày của bạn cho một người khỏe mạnh. So với các loại thực phẩm trong cùng nhóm thực phẩm (đồ ngọt), lo"
CASE_0246,278542,mixed,5,7531943,0.6604,0.6604,0,vi,"Thanh Miniature (Milky Way, Snickers, Twix, 3 Muskateers) - trung bình 38 calo và 5 g carb mỗi thanh. Mr. Goodbar Snack cỡ (17 g) - 90 calo và 9 gam carb. Nestle's Crunch Bars Kích thước vui nhộn (10 g) 50 calo và 7 gam carb."
CASE_0246,278542,mixed,6,6025340,0.66,0.66,0,vi,"Theo Đại học Brown, nhu cầu carb của các vận động viên được đào tạo dao động từ 2,2 đến 4,5 gam carbs trên mỗi pound trọng lượng cơ thể hàng ngày và có thể lên đến 5 gam carbs trên mỗi pound trọng lượng cơ thể đối với những vận động viên siêu bền. giúp xác định phần trăm calo của một vận động viên đ"
CASE_0246,278542,mixed,7,7532733,0.6592,0.6592,0,vi,"Có 100 calo trong một khẩu phần 1 thanh của Mars Milky Way Simply Caramel Bar (Fun Size). Phân hủy calo: 39% chất béo, 57% carbs, 4% protein."
CASE_0246,278542,mixed,8,3081352,0.659,0.659,0,vi,"Hershey's Miniature Bars (hỗn hợp) - trung bình 42 calo và 5 g carb mỗi thanh. M & Ms, trơn, cỡ Fun (18 g) - 88 calo và 12 g carb. M & Ms, đậu phộng. Kích thước thú vị (18 g) - 93 calo và 11 g carb. 1/4 cốc kẹo - 220 calo và 24 g carb."
CASE_0246,278542,mixed,9,5838592,0.6585,0.6585,0,vi,"Có bao nhiêu carbs trong 1 khẩu phần ăn? 6,67% giới hạn hàng ngày của bạn sẽ được lấp đầy bởi khẩu phần cụ thể này. Mặt hàng này có cùng lượng carbs với các loại thực phẩm như kem phục vụ mềm, bánh mì kẹp thịt và bánh pizza với tỷ lệ carbs / calo là 53,33%, đây là một lượng hợp lý."
CASE_0246,278542,mixed,10,2721104,0.6585,0.6585,0,vi,"Có bao nhiêu calo trong 1 khẩu phần ăn? 140 calo (140 kcal) có trong 1 miếng bánh - nó tương đương với 28,0 oz bí xanh, 0,52 cốc đậu gà (nấu chín) và 20,0 củ hẹ. Điểm tổng thể Khiêm tốn. Có bao nhiêu carbs trong 1 khẩu phần ăn? 0% DRV (Giá trị đề xuất hàng ngày) của bạn sẽ được đáp ứng theo khẩu phầ"
CASE_0246,329901,endpoint,1,5892671,0.7753,0.7753,0,vi,Hàm lượng vitamin C trong chanh là từ 40 mg / 100 g và.
CASE_0246,329901,endpoint,2,5892669,0.7656,0.7656,0,vi,Hàm lượng vitamin C trong chanh là từ 40 mg / 100 g và. 50 mg / 100 g.
CASE_0246,329901,endpoint,3,922806,0.7483,0.7483,0,vi,Hàm lượng vitamin C trong chanh là từ 40 mg / 100 g và. 50 mg / 100 g. Hàm lượng vitamin C trong chanh là từ 40 mg / 100 g và. 50 mg / 100 g.
CASE_0246,329901,endpoint,4,922802,0.7399,0.7399,0,vi,"Nồng độ trung bình của vitamin C trong chanh ÃƒÂ ¢ Ã‚â‚¬Ã‚Â¦ là từ 40 mg / 100 g đến 50 mg / 100 g Nước chanh có chứa vitamin c không? Nước chanh có chứa vitamin c, và cũng chứa vitamin e, d và a."
CASE_0246,329901,endpoint,5,103971,0.7388,0.7388,0,vi,"Với 44,5 miligam vitamin C, một quả chanh tươi cung cấp hơn một nửa trong số 75 miligam chất dinh dưỡng này mà phụ nữ cần mỗi ngày và một nửa trong số 90 miligam nam giới cần. Vitamin C đóng một vai trò quan trọng trong sức khỏe của hệ thống miễn dịch của bạn và giúp ngăn ngừa nhiễm trùng."
CASE_0246,329901,endpoint,6,5892672,0.7303,0.7303,0,vi,"Một quả chanh chứa 44,5 mg vitamin C. Tạp chí A 2 Z về Sức khỏe, Sắc đẹp và Thể hình tại learninginfo.org giải thích rằng do hàm lượng vitamin C cao trong chanh nên chúng có thể giúp ngăn ngừa và điều trị nhiễm trùng, hạ sốt cao và nhanh chóng chữa lành vết thương. ."
CASE_0246,329901,endpoint,7,922799,0.7279,0.7279,0,vi,"Một quả chanh nặng 100 gram chứa khoảng 53 mg vitamin C. Amla rất giàu với 600 mg đến 1800 mg trong mỗi 100 gram khẩu phần. Chanh rất có lợi cho sức khỏe của bạn và là nguồn cung cấp vitamin C. Một quả chanh lớn chứa khoảng 44 miligam Vitamin C. Có 30,7 mg vitamin C trong một quả chanh. Điều này dựa"
CASE_0246,329901,endpoint,8,922798,0.726,0.726,0,vi,Chanh rất có lợi cho sức khỏe của bạn và là nguồn cung cấp vitamin C. Một quả chanh lớn chứa khoảng 44 miligam Vitamin C.
CASE_0246,329901,endpoint,9,7946304,0.726,0.726,0,vi,Chanh là một nguồn cung cấp vitamin C. Chúng ta biết chanh có hàm lượng cao Vitamin C cần thiết cho sự tăng trưởng và phát triển bình thường (2). Một quả chanh chứa khoảng 30-40 mg Vitamin C (3) (so với một quả cam chứa khoảng 80-90 mg).
CASE_0246,329901,endpoint,10,3780675,0.7251,0.7251,0,vi,"Một quả chanh chứa 44,5 mg vitamin C. Tạp chí A 2 Z về Sức khỏe, Sắc đẹp và Thể hình tại learninginfo.org giải thích rằng do hàm lượng vitamin C cao trong chanh nên chúng có thể giúp ngăn ngừa và điều trị nhiễm trùng, hạ sốt cao và nhanh chóng chữa lành vết thương. . Vitamin C hỗ trợ hệ thống miễn d"
CASE_0246,329901,mixed,1,103971,0.7467,0.7467,0,vi,"Với 44,5 miligam vitamin C, một quả chanh tươi cung cấp hơn một nửa trong số 75 miligam chất dinh dưỡng này mà phụ nữ cần mỗi ngày và một nửa trong số 90 miligam nam giới cần. Vitamin C đóng một vai trò quan trọng trong sức khỏe của hệ thống miễn dịch của bạn và giúp ngăn ngừa nhiễm trùng."
CASE_0246,329901,mixed,2,7327316,0.7285,0.7285,1,vi,"Lim xanh cũng là một nguồn cung cấp vitamin C dồi dào, nhưng chúng chỉ xếp sau quả nho. Trung bình, chanh chứa ít hơn 30 miligam vitamin C trên 100 gam thịt, tương đương với khoảng 8 miligam vitamin trong một quả chanh cỡ trung bình. Limes ngọt hơn chanh và bưởi, đó có lẽ là lý do tại sao chúng được"
CASE_0246,329901,mixed,3,5892667,0.7276,0.7276,0,vi,"Hàm lượng Vitamin C. Một khẩu phần 100 gam cam hoặc chanh cung cấp cho bạn 53 miligam vitamin C, chiếm 88% giá trị hàng ngày là 60 miligam mỗi ngày."
CASE_0246,329901,mixed,4,6897947,0.7265,0.7265,0,vi,"Hàm lượng vitamin C Một khẩu phần 100 gam cam hoặc chanh cung cấp cho bạn 53 miligam vitamin C, chiếm 88 phần trăm giá trị hàng ngày là 60 miligam mỗi ngày. Khẩu phần này tương đương với một quả cam nhỏ hoặc ít hơn một chút so với hai quả chanh."
CASE_0246,329901,mixed,5,922799,0.7259,0.7259,0,vi,"Một quả chanh nặng 100 gram chứa khoảng 53 mg vitamin C. Amla rất giàu với 600 mg đến 1800 mg trong mỗi 100 gram khẩu phần. Chanh rất có lợi cho sức khỏe của bạn và là nguồn cung cấp vitamin C. Một quả chanh lớn chứa khoảng 44 miligam Vitamin C. Có 30,7 mg vitamin C trong một quả chanh. Điều này dựa"
CASE_0246,329901,mixed,6,6495842,0.7241,0.7241,0,vi,"Hàm lượng Vitamin C. Một khẩu phần 100 gam cam hoặc chanh cung cấp cho bạn 53 miligam vitamin C, chiếm 88% giá trị hàng ngày là 60 miligam mỗi ngày. Khẩu phần này tương đương với một quả cam nhỏ hoặc ít hơn một chút so với hai quả chanh."
CASE_0246,329901,mixed,7,5892671,0.7234,0.7234,0,vi,Hàm lượng vitamin C trong chanh là từ 40 mg / 100 g và.
CASE_0246,329901,mixed,8,5892669,0.7219,0.7219,0,vi,Hàm lượng vitamin C trong chanh là từ 40 mg / 100 g và. 50 mg / 100 g.
CASE_0246,329901,mixed,9,5892666,0.7205,0.7205,0,vi,"Một khẩu phần 100 gam cam hoặc chanh cung cấp cho bạn 53 miligam vitamin C, chiếm 88% giá trị hàng ngày là 60 miligam mỗi ngày. Khẩu phần này tương đương với một quả cam nhỏ hoặc ít hơn một chút so với hai quả chanh."
CASE_0246,329901,mixed,10,5892672,0.713,0.713,0,vi,"Một quả chanh chứa 44,5 mg vitamin C. Tạp chí A 2 Z về Sức khỏe, Sắc đẹp và Thể hình tại learninginfo.org giải thích rằng do hàm lượng vitamin C cao trong chanh nên chúng có thể giúp ngăn ngừa và điều trị nhiễm trùng, hạ sốt cao và nhanh chóng chữa lành vết thương. ."
CASE_0246,612846,endpoint,1,5254499,0.5613,0.5613,0,vi,"Rừng của Người lính ở Harrisburg, PA. Nằm phía sau Điện Capitol là Đài tưởng niệm Huân chương Danh dự của bang, Soldiers Grove. Đài tưởng niệm này liệt kê tên của từng người nhận, bao gồm cả những người từ Nội chiến. Một điểm đánh dấu lịch sử ở đây cũng để tưởng nhớ cuộc Tổng duyệt binh lính da màu"
CASE_0246,612846,endpoint,2,7265394,0.5381,0.5381,0,vi,"Rừng quốc gia Bankhead là một trong những khu vực công cộng mà tất cả những người thợ săn ở Alabama đều có thể tiếp cận. Nó nằm ở các quận Lawrence, Winston và Franklin. Khu Quản lý Động vật Hoang dã Chiến binh Đen (WMA) nằm trong ranh giới rừng quốc gia, nằm ở các quận Lawrence và Winston. Trong nh"
CASE_0246,612846,endpoint,3,3240557,0.5331,0.5331,0,vi,"Quận Forest là một quận thuộc bang Wisconsin, Hoa Kỳ. Theo điều tra dân số năm 2010, dân số là 9.304 người. Quận lỵ của nó là Crandon. Cộng đồng Potawatomi của Hạt Forest và Cộng đồng Sokaogon Chippewa có đặt chỗ tại Hạt Forest."
CASE_0246,612846,endpoint,4,3372073,0.533,0.533,0,vi,"Thành phố Rừng, PA. Chủ đề được tài trợ. Forest City là một quận ở Quận Susquehanna, Pennsylvania. Forest City nằm ở góc của Quận Susquehanna, Quận Lackawanna và Quận Wayne, Pennsylvania và được chỉ định bởi một điểm đánh dấu nằm trong Khu công nghiệp Thành phố Rừng."
CASE_0246,612846,endpoint,5,8212548,0.5272,0.5272,0,vi,In danh sách Chia sẻ trên Facebook Tweet Điều này. Woodlands nằm ở các Quận Montgomery và Harris. Phần lớn The Woodlands nằm ở Montgomery County và The Village of Creekside Park nằm ở Harris County. Xem các câu hỏi thường gặp khác về Khu rừng rừng Câu trả lời / Câu hỏi thường gặp
CASE_0246,612846,endpoint,6,405098,0.527,0.527,0,vi,Các câu hỏi thường gặp về Khu vực rừng. Câu hỏi. Woodlands nằm ở các Quận Montgomery và Harris. Phần lớn The Woodlands nằm ở Montgomery County và The Village of Creekside Park nằm ở Harris County. Các câu trả lời / Hỏi đáp Trang chủ | Đặt một câu hỏi.
CASE_0246,612846,endpoint,7,5228029,0.5255,0.5255,0,vi,"Thung lũng rèn là một khu vực cây cối rậm rạp và là trại lính của George Washington. Đó là một mùa đông khá ôn hòa trong thời gian những người yêu nước ở lại đó, và hầu hết các trường hợp tử vong là do bệnh tật, tê cóng và đói khát."
CASE_0246,612846,endpoint,8,6255567,0.5231,0.5231,0,vi,"Answers.comÃƒâ € šÃ‚Â® WikiAnswersÃƒâ € šÃ‚Â® Danh mục Du lịch & Địa điểm Quốc gia, Hoa Kỳ và Thành phố Hoa Kỳ Washington Battleground WA thuộc quận nào?"
CASE_0246,612846,endpoint,9,4547918,0.5231,0.5231,0,vi,"Thành phố Rừng, PA. Phiếu mua hàng trực tuyến. Forest City là một quận ở Quận Susquehanna, Pennsylvania. Forest City nằm ở góc của Quận Susquehanna, Quận Lackawanna và Quận Wayne, Pennsylvania và được chỉ định bởi một điểm đánh dấu nằm trong Khu công nghiệp Thành phố Rừng."
CASE_0246,612846,endpoint,10,5254503,0.5196,0.5196,0,vi,"SOLDIERÃƒÂ ¢ Ã‚â‚¬Ã‚â „¢ S VÀ SAILORÃƒÂ ¢ Ã‚â‚¬Ã‚â„ ¢ S PHÁT TRIỂN. Nằm phía sau Điện Capitol trên Đại lộ Commonwealth, khu rừng cây Sồi Đỏ trang nghiêm này là. dành riêng cho các cựu chiến binh Quân đội Pennsylvania. Khu rừng bao quanh Khối thịnh vượng chungÃÂ ¢ Ã‚â‚¬Ã‚â „¢ s. Đài tưởng niệm Huân c"
CASE_0246,612846,mixed,1,7654090,0.5841,0.5841,0,vi,"Lô / Đất này tọa lạc tại 25050 County Road U, Soldiers Grove WI, 54655 hiện đang được rao bán và đã được niêm yết trên Trulia trong 46 ngày. Bất động sản này được Weiss Realty LLC niêm yết với giá $ 499,900. Bất động sản có diện tích rất nhiều là 179,0 mẫu Anh. 25050 County Road U ở Soldiers Grove v"
CASE_0246,612846,mixed,2,7654094,0.5786,0.5786,1,vi,"Những người lính Grove, WI. Chủ đề được tài trợ. Soldiers Grove là một ngôi làng nằm dọc theo sông Kickapoo ở Quận Crawford, Wisconsin, Hoa Kỳ. Theo điều tra dân số năm 2000, dân số làng là 653. Tự xưng là Làng năng lượng mặt trời đầu tiên của Hoa Kỳ, Soldiers Grove là cộng đồng đầu tiên ở Hoa Kỳ bắ"
CASE_0246,612846,mixed,3,7654088,0.5458,0.5458,0,vi,"SOLDIERS GROVE, CRAWFORD COUNTY, WISCONSIN LAND ĐỂ BÁN: 1 - 15 trong số 26 danh sách. 6,6 Acres Crawford County, Wisconsin $ 54,500 6,5 Acre Land trong Thung lũng Driftless độc đáo, nhìn từ trên cao ... 41 Acres De Soto, Crawford County, Wisconsin $ 399,000 DI CHUYỂN TRONG TRANG TRẠI SN SÀNG HÀNG ĐẦ"
CASE_0246,612846,mixed,4,7046815,0.5456,0.5456,0,vi,"Chào mừng. Quận Deer-Grove EMS phục vụ hơn 13.000 người ở Thị trấn và Làng Cottage Grove, Làng Deerfield, và các phần của Thị trấn Pleasant Springs ở Quận Dane, Wisconsin."
CASE_0246,612846,mixed,5,7796749,0.5442,0.5442,0,vi,"Trang trại / Trang trại này nằm tại Quận ở Stoughton, Wisconsin. 1801 County Rd W, Stoughton, WI 53589 nằm trong các đường của quận Dane. Vị trí. Trên công trường. Tài sản gần 1801 County Rd W, Stoughton. Các Trường Công Lập được Chỉ Định. 1801 County Rd W được chỉ định cho các trường công lập sau:"
CASE_0246,612846,mixed,6,851358,0.5322,0.5322,0,vi,"Bán | Nhận sơ tuyển ngay hôm nay 4300 E County Road S, Beloit, WI, 53511."
CASE_0246,612846,mixed,7,8519227,0.5278,0.5278,0,vi,"3004 County Road P là khu đất trống ở Spring Valley, WI 54767. Địa chỉ này cũng có thể được viết là 3004 County Road P, Spring Valley, Wisconsin 54767."
CASE_0246,612846,mixed,8,7198570,0.5267,0.5267,0,vi,"Mức thuế bán hàng của bang Wisconsin hiện là 5%. Thuế suất bán hàng của Quận Crawford là 0,5%. Các thành phố ở Crawford County. Trung tâm Chuông; Eastman; Ferryville; Gays Mills; Lynxville; Núi Sterling; Thảo nguyên Du Chiến; Seneca; Người lính Grove; Những người lính Grove; Steuben; Wauzeka; Mã Zip"
CASE_0246,612846,mixed,9,5254499,0.5257,0.5257,0,vi,"Rừng của Người lính ở Harrisburg, PA. Nằm phía sau Điện Capitol là Đài tưởng niệm Huân chương Danh dự của bang, Soldiers Grove. Đài tưởng niệm này liệt kê tên của từng người nhận, bao gồm cả những người từ Nội chiến. Một điểm đánh dấu lịch sử ở đây cũng để tưởng nhớ cuộc Tổng duyệt binh lính da màu"
CASE_0246,612846,mixed,10,1854221,0.5251,0.5251,0,vi,"Quận Milwaukee, là quận đông dân nhất ở Wisconsin, có thuế bán hàng quận 0,5%, thuế bán sân vận động 0,1% để tài trợ cho các chi phí liên quan đến Công viên Miller sẽ hết hạn vào khoảng thập kỷ này và thuế thực phẩm và đồ uống ở địa phương 0,5% ."
CASE_0246,839878,endpoint,1,7772538,0.6347,0.6347,0,vi,"Quận Wyoming là một quận nằm trong tiểu bang Pennsylvania của Hoa Kỳ. Theo điều tra dân số năm 2010, dân số là 28.276. Quận lỵ của nó là Tunkhannock. Nó được tạo ra vào năm 1842 từ một phần của Quận Luzerne. Quận Wyoming được bao gồm trong Khu vực thống kê đô thị ScrantonÃƒÂ ¢ Ã‚â‚¬Ã‚â € Wilkes-Barr"
CASE_0246,839878,endpoint,2,7772541,0.6113,0.6113,0,vi,"Wyoming là một quận trong khu vực Greater Pittston của Quận Luzerne, Pennsylvania, Hoa Kỳ cách Wilkes Barre năm dặm (8 km) về phía bắc, trên sông Susquehanna. Trước đây, khai thác than là ngành công nghiệp chính. Năm 1900, 1.909 người cư trú tại Wyoming. Có 3.010 cư dân vào năm 1910. Dân số là 3.221"
CASE_0246,839878,endpoint,3,3843729,0.598,0.598,0,vi,"Dân số tại thời điểm điều tra dân số năm 2000 là 3.221 người. Đài tưởng niệm Wyoming đánh dấu khu mộ của các nạn nhân của Trận chiến Wyoming tháng 7 năm 1778. Trận chiến được đặt tên cho Thung lũng Wyoming của Pennsylvania, trong đó quận Wyoming hiện tại là một phần."
CASE_0246,839878,endpoint,4,7930359,0.5918,0.5918,0,vi,"Quận Wyoming là một quận ở tiểu bang New York của Hoa Kỳ ở khu vực phía tây của tiểu bang. Theo điều tra dân số năm 2010, dân số là 42.155. Quận lỵ là Warsaw. Tên này là từ một từ tiếng Ấn Độ Delaware được sửa đổi có nghĩa là vùng đất đáy rộng. Quận Wyoming được hình thành từ Quận Genesee vào năm 18"
CASE_0246,839878,endpoint,5,421086,0.5901,0.5901,0,vi,"Quận Park, Wyoming. Quận Park là một quận nằm trong tiểu bang Wyoming của Hoa Kỳ. Theo điều tra dân số năm 2010, dân số là 28.205. Quận lỵ là Cody. Quận Park là thánh địa cho khách du lịch. Hạt chứa phần lớn (hơn 53%) tổng diện tích đất của Vườn Quốc gia Yellowstone."
CASE_0246,839878,endpoint,6,1438948,0.5894,0.5894,0,vi,"Quận Park, Wyoming. Quận Park là một quận thuộc tiểu bang Wyoming của Hoa Kỳ. Theo điều tra dân số năm 2010, dân số là 28.205. Quận lỵ là Cody. Quận Park là thánh địa cho khách du lịch. Quận có phần lớn (hơn 53%) diện tích đất của Công viên Quốc gia Yellowstone. Có rất nhiều điểm tham quan, bao gồm"
CASE_0246,839878,endpoint,7,5878571,0.5888,0.5888,0,vi,"Nhìn từ trên không của Cascade County và Sun River. Quận Cascade (thác có nghĩa là thác nước trong tiếng Pháp) là một quận nằm ở tiểu bang Montana của Hoa Kỳ. Theo điều tra dân số năm 2010, dân số là 81.327 người, khiến nó trở thành quận đông dân thứ năm ở Montana. Quận lỵ của nó là Great Falls. Hạt"
CASE_0246,839878,endpoint,8,3843737,0.588,0.588,0,vi,"Wyoming là một quận trong khu vực Greater Pittston của Quận Luzerne, Pennsylvania, Hoa Kỳ cách Wilkes Barre năm dặm (8 km) về phía bắc, trên sông Susquehanna. Trước đây, khai thác than là ngành công nghiệp chính. Năm 1900, 1.909 người cư trú tại Wyoming. Có 3.010 cư dân vào năm 1910."
CASE_0246,839878,endpoint,9,1438953,0.5877,0.5877,0,vi,"Quận Park là một quận thuộc tiểu bang Wyoming của Hoa Kỳ. Theo điều tra dân số năm 2010, dân số là 28.205. Quận lỵ là Cody. Quận Park là thánh địa cho khách du lịch. Quận có phần lớn diện tích đất của Công viên Quốc gia Yellowstone. Có rất nhiều điểm tham quan, bao gồm Trung tâm Lịch sử Buffalo Bill"
CASE_0246,839878,endpoint,10,7772546,0.5867,0.5867,0,vi,"Hồ sơ Địa điểm Dân cư Falls (ở Hạt Wyoming, PA). Falls (GNIS FID: 1198721) là một nơi đông dân cư nằm trong Thị trấn Falls, một bộ phận dân sự nhỏ (MCD) của Hạt Wyoming. Độ cao của Thác là 607 feet. Thác xuất hiện trên Bản đồ Khảo sát Địa chất Hoa Kỳ Ransom. Hạt Wyoming nằm trong Múi giờ miền Đông ("
CASE_0246,839878,mixed,1,7772546,0.6615,0.6615,0,vi,"Hồ sơ Địa điểm Dân cư Falls (ở Hạt Wyoming, PA). Falls (GNIS FID: 1198721) là một nơi đông dân cư nằm trong Thị trấn Falls, một bộ phận dân sự nhỏ (MCD) của Hạt Wyoming. Độ cao của Thác là 607 feet. Thác xuất hiện trên Bản đồ Khảo sát Địa chất Hoa Kỳ Ransom. Hạt Wyoming nằm trong Múi giờ miền Đông ("
CASE_0246,839878,mixed,2,7772540,0.6439,0.6439,1,vi,"Vị trí của Thị trấn Falls ở Pennsylvania. Vị trí của Pennsylvania ở Hoa Kỳ. Falls Township là một thị trấn ở Wyoming County, Pennsylvania, Hoa Kỳ. Dân số tại thời điểm điều tra dân số năm 2010 là 1.995 người."
CASE_0246,839878,mixed,3,7772538,0.6185,0.6185,0,vi,"Quận Wyoming là một quận nằm trong tiểu bang Pennsylvania của Hoa Kỳ. Theo điều tra dân số năm 2010, dân số là 28.276. Quận lỵ của nó là Tunkhannock. Nó được tạo ra vào năm 1842 từ một phần của Quận Luzerne. Quận Wyoming được bao gồm trong Khu vực thống kê đô thị ScrantonÃƒÂ ¢ Ã‚â‚¬Ã‚â € Wilkes-Barr"
CASE_0246,839878,mixed,4,3843729,0.6172,0.6172,0,vi,"Dân số tại thời điểm điều tra dân số năm 2000 là 3.221 người. Đài tưởng niệm Wyoming đánh dấu khu mộ của các nạn nhân của Trận chiến Wyoming tháng 7 năm 1778. Trận chiến được đặt tên cho Thung lũng Wyoming của Pennsylvania, trong đó quận Wyoming hiện tại là một phần."
CASE_0246,839878,mixed,5,7210962,0.617,0.617,0,vi,"Quần thể thác Cedar, IA. Dân số ước tính chính thức cuối cùng của thành phố Cedar Falls (Hạt Black Hawk **, bang Iowa) là 40.859 (năm 2014) [1]. Con số này là 0,013% tổng dân số Hoa Kỳ và 1,31% tổng dân số bang Iowa. Diện tích của thành phố Cedar Falls là 29,6 miÃƒâ € šÃ‚Â² (= 76,7 kmÃƒâ € šÃ‚Â²) [6"
CASE_0246,839878,mixed,6,7772541,0.6145,0.6145,0,vi,"Wyoming là một quận trong khu vực Greater Pittston của Quận Luzerne, Pennsylvania, Hoa Kỳ cách Wilkes Barre năm dặm (8 km) về phía bắc, trên sông Susquehanna. Trước đây, khai thác than là ngành công nghiệp chính. Năm 1900, 1.909 người cư trú tại Wyoming. Có 3.010 cư dân vào năm 1910. Dân số là 3.221"
CASE_0246,839878,mixed,7,6077067,0.613,0.613,0,vi,"Pigeon Falls là một ngôi làng ở Trempealeau County, Wisconsin, Hoa Kỳ. Dân số tại thời điểm điều tra dân số năm 2000 là 388 người. Thác Pigeon nằm ở 44Ãƒâ € šÃ‚Â ° 25ÃƒÂ ¢ Ã‚â‚¬Ã‚Â²25ÃƒÂ ¢ Ã‚â‚¬Ã‚Â³N 91Ãƒâ € šÃ‚Â ° 12ÃƒÂ ¢ Ã‚â‚¬Ã‚Â²35ÃƒÂ ¢ Ã‚â ‚¬Ã‚Â³W / 44.42361Ãƒâ € šÃ‚Â ° N 91.20972Ãƒâ € šÃ‚Â ° W"
CASE_0246,839878,mixed,8,7210961,0.6101,0.6101,0,vi,"Dân số Thác Cedar, IA Dân số ước tính chính thức cuối cùng của thành phố Cedar Falls (Hạt Black Hawk **, bang Iowa) là 40.859 (năm 2014) [1]. Con số này là 0,013% tổng dân số Hoa Kỳ và 1,31% tổng dân số bang Iowa. Diện tích của thành phố Cedar Falls là 29,6 miÃƒâ € šÃ‚Â² (= 76,7 kmÃƒâ € šÃ‚Â²) [6],"
CASE_0246,839878,mixed,9,7912446,0.6096,0.6096,0,vi,"Quận Passaic nơi Little Falls cư trú rộng 197,05 dặm vuông. Dân số cư trú của quận này là 489.049 người và có thứ hạng dân số là 115 trong số tất cả các nơi ở Hoa Kỳ. Little Falls có tổng cộng 10.855 người và trong số những cư dân đó có 5.134 nam và 5.721 nữ. Tuổi trung bình của dân số nam là 38,9 v"
CASE_0246,839878,mixed,10,5938698,0.6025,0.6025,0,vi,"Theo Điều tra dân số Hoa Kỳ năm 2010, dân số là 12.332 người. Nhà thờ Falls được bao gồm trong Khu vực thống kê đô thị Washington-Arlington-Alexandria, DC-VA-MD-WV. Lấy tên từ Nhà thờ Falls, một giáo xứ Anh giáo thế kỷ 18, Nhà thờ Falls đã giành được vị thế thị trấn trong Quận Fairfax vào năm 1875."
CASE_0246,859229,endpoint,1,7901930,0.6038,0.6038,0,vi,"003469 là mã trường liên bang của Đại học Sioux Falls. Bạn có thể cần biết mã này khi nộp đơn FAFSA. Chúng tôi khuyên bạn nên sử dụng Người lập FAFSA chuyên nghiệp để nộp hồ sơ FAFSA của bạn. Nếu bạn muốn tự mình nộp đơn miễn phí, hãy đến trực tiếp chính phủ"
CASE_0246,859229,endpoint,2,6318421,0.6007,0.6007,0,vi,Mã trường Liên bang của CSUÃƒÂ ¢ Ã‚â‚¬Ã‚â là 001694. Bạn sẽ cần nhập mã này khi trả lời câu hỏi số 103 để Bộ Giáo dục Hoa Kỳ (USDE) gửi cho chúng tôi bản sao Báo cáo Trợ giúp Sinh viên của bạn (SAR).
CASE_0246,859229,endpoint,3,6616856,0.5794,0.5794,0,vi,"Tra cứu ID trường đại học tự phục vụ của sinh viên. Tất cả sinh viên IU * đều được cấp một ID trường đại học gồm 10 chữ số. Để tra cứu ID trường đại học của bạn, vui lòng cung cấp họ, ngày sinh và 4 chữ số cuối của Số an sinh xã hội (SSN) của bạn. * Biểu mẫu này sẽ chỉ hoạt động cho những người có t"
CASE_0246,859229,endpoint,4,7699853,0.5776,0.5776,0,vi,Biểu mẫu không báo cáo các khoản thanh toán đã nhận. Sinh viên nên sử dụng Sao kê tài khoản của mình để xem lịch sử thanh toán. Số ID liên bang của Đại học Bang New York Empire State College được báo cáo trên biểu mẫu 1098-T là 16-1514621. Thông tin trên 1098-T được cung cấp để hỗ trợ sinh viên hoặc
CASE_0246,859229,endpoint,5,6403125,0.5762,0.5762,0,vi,"Tôi cần số ID thuế liên bang cho Trường St. Josephs ở Joliet, IL. Họ đóng cửa vào mùa hè và tôi không thể tìm thấy nó trực tuyến ...... cần số ID thuế liên bang cho Trường St. Josephs ở Joliet, IL ."
CASE_0246,859229,endpoint,6,3016947,0.5739,0.5739,0,vi,Số ID trường của bạn là một số nhận dạng duy nhất cho ASU. Nó được tạo thành từ chín chữ số không có dấu gạch nối. Bạn nên coi số ID Campus của mình như một thông tin quan trọng và bí mật. Số ID của Campus được tạo bằng máy tính tại thời điểm nộp đơn xin nhập học vào trường đại học.
CASE_0246,859229,endpoint,7,7366474,0.5702,0.5702,0,vi,Số nhận dạng ASU; Số Sở Thuế vụ (IRS): 86-0196696: Thuế Bán hàng Tiểu bang Arizona (Thuế Đặc quyền) Số ID: 07-618513: Số Dun và Bradstreet (Hệ thống Số Dữ liệu Chung [DUNS]): Các Dự án được Tài trợ: 94-336-0412: Đại học Tổng hợp: 80-634-5658
CASE_0246,859229,endpoint,8,7126115,0.5591,0.5591,0,vi,Số ID thuế liên bang của Stanford là gì? Stanford có phải là một tổ chức 501 (c) (3) không? StanfordÃƒÂ ¢ Ã‚â‚¬Ã‚â „¢ s FID # là 94-1156365. Trường đại học được miễn thuế theo mục 501 (c) (3) của mã IRS. Liệu công ty của tôi có phù hợp với món quà của tôi không? Tôi cần làm gì để có một món quà phù
CASE_0246,859229,endpoint,9,1352298,0.5565,0.5565,0,vi,ÃƒÂ ¢ Ã‚â‚¬Ã‚Å “Số ID Sinh viênÃƒÂ ¢ Ã‚â‚¬Ã‚ là gì? Mã số sinh viên (DSU 900 ID #) là một số duy nhất được cấp cho mỗi sinh viên. Số này được sử dụng cho tất cả các liên lạc và thư từ trong khuôn viên trường với cả văn phòng hành chính và học thuật. Số duy nhất này kết hợp với số PIN là cần thiết để
CASE_0246,859229,endpoint,10,7366475,0.555,0.555,0,vi,"Số nhận dạng ASU cho IRS, Bang Arizona và DUNS. Số nhận dạng ASU chỉ được sử dụng cho hoạt động kinh doanh của trường đại học. Tất cả các đơn vị hành chính và học thuật của trường đại học phải sử dụng số nhận dạng được hiển thị bên dưới và bị cấm xin số nhận dạng của chính họ."
CASE_0246,859229,mixed,1,7901930,0.6528,0.6528,0,vi,"003469 là mã trường liên bang của Đại học Sioux Falls. Bạn có thể cần biết mã này khi nộp đơn FAFSA. Chúng tôi khuyên bạn nên sử dụng Người lập FAFSA chuyên nghiệp để nộp hồ sơ FAFSA của bạn. Nếu bạn muốn tự mình nộp đơn miễn phí, hãy đến trực tiếp chính phủ"
CASE_0246,859229,mixed,2,7901925,0.6135,0.6135,1,vi,"University Of Sioux Falls: Số nhận dạng nhà tuyển dụng (EIN) 460224600: Tên tổ chức: University Of Sioux Falls: In Care of Name: University Of Sioux Falls: Địa chỉ: 1101 W 22nd St, Sioux Falls, SD 57105-1600: Hoạt động: Tư nhân trường học, trường học, trường cao đẳng, trường thương mại, vv. Tiểu mục"
CASE_0246,859229,mixed,3,5328321,0.5902,0.5902,0,vi,"Tọa độ: 43Ãƒâ € šÃ‚Â ° 31ÃƒÂ ¢ Ã‚â‚¬Ã‚Â²50.8ÃƒÂ ¢ Ã‚â‚¬Ã‚Â³N 96Ãƒâ € šÃ‚Â ° 44ÃƒÂ ¢ Ã‚â‚¬Ã‚Â²19.3ÃƒÂ ¢ Ã ‚ â‚¬Ã‚Â³W / 43.530778Ãƒâ € šÃ‚Â ° N 96.738694Ãƒâ € šÃ‚Â ° W / 43.530778; -96.738694. Được thành lập vào năm 1883, Đại học Sioux Falls là một trường đại học nghệ thuật tự do Cơ đốc nằm ở Sioux Fa"
CASE_0246,859229,mixed,4,3016947,0.5897,0.5897,0,vi,Số ID trường của bạn là một số nhận dạng duy nhất cho ASU. Nó được tạo thành từ chín chữ số không có dấu gạch nối. Bạn nên coi số ID Campus của mình như một thông tin quan trọng và bí mật. Số ID của Campus được tạo bằng máy tính tại thời điểm nộp đơn xin nhập học vào trường đại học.
CASE_0246,859229,mixed,5,6318421,0.5851,0.5851,0,vi,Mã trường Liên bang của CSUÃƒÂ ¢ Ã‚â‚¬Ã‚â là 001694. Bạn sẽ cần nhập mã này khi trả lời câu hỏi số 103 để Bộ Giáo dục Hoa Kỳ (USDE) gửi cho chúng tôi bản sao Báo cáo Trợ giúp Sinh viên của bạn (SAR).
CASE_0246,859229,mixed,6,6616856,0.5785,0.5785,0,vi,"Tra cứu ID trường đại học tự phục vụ của sinh viên. Tất cả sinh viên IU * đều được cấp một ID trường đại học gồm 10 chữ số. Để tra cứu ID trường đại học của bạn, vui lòng cung cấp họ, ngày sinh và 4 chữ số cuối của Số an sinh xã hội (SSN) của bạn. * Biểu mẫu này sẽ chỉ hoạt động cho những người có t"
CASE_0246,859229,mixed,7,7366474,0.5745,0.5745,0,vi,Số nhận dạng ASU; Số Sở Thuế vụ (IRS): 86-0196696: Thuế Bán hàng Tiểu bang Arizona (Thuế Đặc quyền) Số ID: 07-618513: Số Dun và Bradstreet (Hệ thống Số Dữ liệu Chung [DUNS]): Các Dự án được Tài trợ: 94-336-0412: Đại học Tổng hợp: 80-634-5658
CASE_0246,859229,mixed,8,7126115,0.5713,0.5713,0,vi,Số ID thuế liên bang của Stanford là gì? Stanford có phải là một tổ chức 501 (c) (3) không? StanfordÃƒÂ ¢ Ã‚â‚¬Ã‚â „¢ s FID # là 94-1156365. Trường đại học được miễn thuế theo mục 501 (c) (3) của mã IRS. Liệu công ty của tôi có phù hợp với món quà của tôi không? Tôi cần làm gì để có một món quà phù
CASE_0246,859229,mixed,9,5580895,0.5703,0.5703,0,vi,"Thông báo. 1 Nếu bạn có thắc mắc về ID FSA, bạn có thể tìm câu trả lời cho các câu hỏi thường gặp tại đây. 2 Nếu bạn cần hỗ trợ đăng nhập bằng ID FSA của mình, hãy liên hệ với chúng tôi theo số 1-800-557-7394.3 Mã PIN Viện trợ Sinh viên Liên bang đã được thay thế bằng ID FSA vào ngày 10 tháng 5 năm"
CASE_0246,859229,mixed,10,7901929,0.57,0.57,0,vi,Đại diện tổ chức - thêm thông tin đã sửa hoặc mới về University Of Sioux Falls Ãƒâ € šÃ‚Â ». Địa chỉ IP của bạn 207.46.13.148 sẽ được ghi lại.
CASE_0246,872081,endpoint,1,7793314,0.6468,0.6468,0,vi,"Nếu bạn yêu thích những tay sai trong phim ÃƒÂ ¢ Ã‚â‚¬Ã‚Å “Despicable MeÃƒÂ ¢ Ã‚â‚¬Ã‚ như chúng tôi, bạn có thể tò mò có lẽ để biết họ đang nói cái quái gì. Rất may, chúng tôi đã tìm thấy một video xuất hiện vào khoảng thời gian bộ phim đầu tiên phát hành để giải thích điều đó cho bạn! Bình luận."
CASE_0246,872081,endpoint,2,4192935,0.6436,0.6436,0,vi,"Ngôn ngữ mà tay sai nói bao gồm các từ tiếng Pháp, tiếng Anh, tiếng Tây Ban Nha, tiếng Hindi và một số ngôn ngữ khác. Tên của ngôn ngữ tay sai là Minionese. Đây không phải là một ngôn ngữ hoàn chỉnh. Nó chỉ tạo ra cho bộ phim tôi hèn hạ. Vì vậy, không có gì để học."
CASE_0246,872081,endpoint,3,2398597,0.6429,0.6429,0,vi,"Nếu bạn yêu thích những tay sai trong phim ÃƒÂ ¢ Ã‚â‚¬Ã‚Å “Despicable MeÃƒÂ ¢ Ã‚â‚¬Ã‚ như chúng tôi, bạn có thể tò mò có lẽ để biết họ đang nói cái quái gì. Rất may, chúng tôi đã tìm thấy một video xuất hiện vào khoảng thời gian bộ phim đầu tiên phát hành để giải thích điều đó cho bạn! Xem nhận xét."
CASE_0246,872081,endpoint,4,4423572,0.6332,0.6332,0,vi,"Ngôn ngữ mà tay sai nói bao gồm các từ tiếng Pháp, tiếng Anh, tiếng Tây Ban Nha, tiếng Hindi và một số ngôn ngữ khác. Tên của ngôn ngữ tay sai là Minionese. Đây không phải là một ngôn ngữ hoàn chỉnh. Nó chỉ tạo ra cho bộ phim tôi hèn hạ. Vì vậy, không có gì để học. Tuy nhiên, ít nhất bạn có thể học"
CASE_0246,872081,endpoint,5,487315,0.6157,0.6157,0,vi,"Một tay sai đã được giải ngũ vì một số nguyên nhân hay cách khác, và người ta tin rằng anh ta đã lấy nó. Bạn nói một cách hào nhoáng về sự tàn phá ¢ Ã‚â‚¬Ã‚â € nhưng sau đó bạn lại nói chuyện với một chú rể và tay sai. Để cho tên tay sai sống sót là phải có người mặc cả trong nhà vào buổi sáng. Tuy"
CASE_0246,872081,endpoint,6,5184381,0.6147,0.6147,0,vi,"Tất cả những lời trong miệng tôi mà cảnh phim cho là không đáng để nói ra đã kết hợp lại với nhau. Để thành lập một lực lượng dân quân tạm thời và đào máu qua lưỡi và răng của tôi. Tôi tự hào đứng trong phòng trưng bày với cái miệng há hốc cho họ xem. Tất cả họ chỉ cười và nói Cậu bé đó, cậu ấy, cậu"
CASE_0246,872081,endpoint,7,6851745,0.5957,0.5957,0,vi,"Và tôi, Parmenter trả lời, cố tình, đã nghe anh ta nói về tôi bằng những điều khoản thấp nhất."
CASE_0246,872081,endpoint,8,274555,0.5957,0.5957,0,vi,"vào đêm khác, bạn bè của tôi đã nói về khoảng thời gian mà họ đang đánh nhau, tôi chỉ đi cùng với nó và giả vờ như tôi biết họ đang nói về điều gì vì tôi quá xấu hổ khi hỏi. thời gian họ làm những trò đùa, tôi chỉ làm theo và giả vờ như tôi biết họ đang nói về điều gì vì tôi quá xấu hổ khi hỏi. 1 sa"
CASE_0246,872081,endpoint,9,5748744,0.5924,0.5924,0,vi,"Và những thanh kiếm và vũ khí mà bạn sử dụng để chống lại tôi, Bạn, đã đánh gục tôi một lần nữa, khiến tôi cảm thấy như mình chẳng là gì cả. Bạn, với giọng nói của bạn như đinh đóng trên bảng đen. Gọi tôi ra khi tôi bị thương."
CASE_0246,872081,endpoint,10,3970357,0.5893,0.5893,0,vi,"Tôi có cái gì đó để 'nói một' thì tôi sẽ không nói nữa. Gã khờ khạo đó đã lợi dụng tôi một câu 'nếu bạn là những quý ông sành sỏi không muốn làm gì' về điều đó thì tất cả các bạn là những kẻ hèn nhát, những kẻ hèn nhát, rất nhiều người."
CASE_0246,872081,mixed,1,4118631,0.6785,0.6785,0,vi,"Minion nói ngôn ngữ gì? Bạn có yêu ÃƒÂ ¢ Ã‚â‚¬Ã‚Å “Despicable MeÃƒÂ ¢ Ã‚â‚¬Ã‚ không? Bạn có dự định xem phần ngoại truyện, ÃƒÂ ¢ Ã‚â‚¬Ã‚Å “Minions, ÃƒÂ ¢ Ã‚â‚¬Ã‚ khi nó ra mắt vào mùa hè này không? Nếu bạn yêu thích những tay sai trong phim ÃƒÂ ¢ Ã‚â‚¬Ã‚Å “Despicable MeÃƒÂ ¢ Ã‚â‚¬Ã‚ như chúng tôi, b"
CASE_0246,872081,mixed,2,4724666,0.6767,0.6767,1,vi,Dịch giả Minion Speak. Chuyển đổi từ tiếng Anh sang tiếng Minion nói. Ngôn ngữ này được nói bởi các tay sai trong Despicable Me. Ngôn ngữ thực sự là rất nhiều ngôn ngữ. Yi kai yai yai bananna! Minion là thương hiệu đã đăng ký của Universal Studios.
CASE_0246,872081,mixed,3,4192935,0.6717,0.6717,0,vi,"Ngôn ngữ mà tay sai nói bao gồm các từ tiếng Pháp, tiếng Anh, tiếng Tây Ban Nha, tiếng Hindi và một số ngôn ngữ khác. Tên của ngôn ngữ tay sai là Minionese. Đây không phải là một ngôn ngữ hoàn chỉnh. Nó chỉ tạo ra cho bộ phim tôi hèn hạ. Vì vậy, không có gì để học."
CASE_0246,872081,mixed,4,62308,0.6703,0.6703,0,vi,"Đây chính xác là những từ trong ngôn ngữ tay sai trong bộ phim đáng khinh cho tôi. Vì vậy, bằng cách này, bạn sẽ có thể biết làm thế nào để nói ngôn ngữ minion một cách dễ dàng và chính xác. Bây giờ cuối cùng, bạn có thể hiểu cách nói ngôn ngữ minion chỉ trong vòng vài phút kể từ bây giờ."
CASE_0246,872081,mixed,5,4724664,0.66,0.66,0,vi,"Ngôn ngữ MinionsÃƒÂ ¢ Ã‚â‚¬Ã‚â „¢ là sự kết hợp của tiếng Pháp, tiếng Tây Ban Nha, tiếng AnhÃƒÂ ¢ Ã‚â‚¬Ã‚Â¦ và các tham chiếu về thực phẩm. Các nhân vật đáng yêu trong Despicable Me cuối cùng cũng đã có bộ phim ra mắt. Tất cả chúng tôi đều đang hồi hộp chờ đợi buổi ra mắt, tuy nhiên, chúng tôi vẫn p"
CASE_0246,872081,mixed,6,7793310,0.6592,0.6592,0,vi,"Nguồn gốc của những từ được sử dụng trong ÃƒÂ ¢ Ã‚â‚¬Ã‚Å “MinioneseÃƒÂ ¢ Ã‚â‚¬Ã‚. Ngôn ngữ mà tay sai nói bao gồm các từ tiếng Pháp, tiếng Anh, tiếng Tây Ban Nha, tiếng Hindi và một số ngôn ngữ khác. Một phần trong ghi chú sản xuất của Despicable Me 2 đề cập rằng ngôn ngữ chỉ là vô nghĩa với các từ"
CASE_0246,872081,mixed,7,4118633,0.6569,0.6569,0,vi,"Filed Under: Despicable Me, Despicable Me 2, ngôn ngữ, ngôn ngữ, Minions, nói, Steve Carell, Minions, Họ nói gì, Minions nói ngôn ngữ gì. (Ảnh của Stephen Lovekin / Getty Images)"
CASE_0246,872081,mixed,8,4423569,0.6549,0.6549,0,vi,"Trong bài đăng này, chúng tôi sẽ giúp bạn biết về nhiều từ trong ngôn ngữ minionese và bên cạnh chúng, bạn có thể tìm thấy từ đó chính xác có nghĩa là gì trong ngôn ngữ tiếng Anh của chúng tôi. Đây chính xác là những từ trong ngôn ngữ tay sai trong bộ phim đáng khinh cho tôi. Vì vậy, bằng cách này,"
CASE_0246,872081,mixed,9,7793314,0.653,0.653,0,vi,"Nếu bạn yêu thích những tay sai trong phim ÃƒÂ ¢ Ã‚â‚¬Ã‚Å “Despicable MeÃƒÂ ¢ Ã‚â‚¬Ã‚ như chúng tôi, bạn có thể tò mò có lẽ để biết họ đang nói cái quái gì. Rất may, chúng tôi đã tìm thấy một video xuất hiện vào khoảng thời gian bộ phim đầu tiên phát hành để giải thích điều đó cho bạn! Bình luận."
CASE_0246,872081,mixed,10,4423572,0.6495,0.6495,0,vi,"Ngôn ngữ mà tay sai nói bao gồm các từ tiếng Pháp, tiếng Anh, tiếng Tây Ban Nha, tiếng Hindi và một số ngôn ngữ khác. Tên của ngôn ngữ tay sai là Minionese. Đây không phải là một ngôn ngữ hoàn chỉnh. Nó chỉ tạo ra cho bộ phim tôi hèn hạ. Vì vậy, không có gì để học. Tuy nhiên, ít nhất bạn có thể học"
CASE_0246,998093,endpoint,1,3628477,0.5565,0.5565,0,vi,"Khi Mike, Sulley, Boo và Randall đang ra vào cửa trong phòng cửa, thời gian trong ngày không nhất quán ở các khu vực khác nhau trên thế giới. Đồng thời, đó là ban đêm ở Nepal và Florida (công viên xe kéo), và ban ngày ở Paris, Tokyo và Hawaii (hoặc Caribe)."
CASE_0246,998093,endpoint,2,4364331,0.5565,0.5565,0,vi,"1. Re: Trailer Các địa điểm quay phim Park Boys. Ngày 08 tháng 5 năm 2013, 21:12. Họ từng quay phim trong bãi đỗ xe kéo ở Lower Sackville. Sau đó, họ chuyển sang bên dưới bởi những búi kẹo kéo cove những đống khói ở Dartmouth (bạn sẽ có thể thấy nếu bạn đi xuống bờ sông Halifax và nhìn qua bến cảng)"
CASE_0246,998093,endpoint,3,4287935,0.5554,0.5554,0,vi,"1. Re: Trailer Các địa điểm quay phim Park Boys. Ngày 08 tháng 5 năm 2013, 9:12 PM. Họ từng quay phim trong bãi đỗ xe kéo ở Lower Sackville. Sau đó, họ chuyển sang bên dưới bởi những búi kẹo kéo cove những đống khói ở Dartmouth (bạn sẽ có thể thấy nếu bạn đi xuống bờ sông Halifax và nhìn qua bến cản"
CASE_0246,998093,endpoint,4,5138365,0.548,0.548,0,vi,Các xe kéo đã được Giám đốc CPS Benjamin Willis ra lệnh đặt trên sân chơi và bãi đậu xe của nhiều trường học người Mỹ gốc Phi như một giải pháp lâu dài cho tình trạng quá tải. Địa điểm này nằm cạnh đường ray xe lửa.
CASE_0246,998093,endpoint,5,3157854,0.5399,0.5399,0,vi,"Đối với một công viên tiểu bang, đây có lẽ là một trong những công viên đẹp nhất mà chúng tôi từng ở. Khu vực cắm trại thực sự được bố trí để chứa xe kéo & bánh xe thứ 5, và tôi nghĩ hạng A 42 ft của chúng tôi là hơi quá- giết chết. Việc điều hướng các làn đường đến vị trí của chúng tôi khá chặt chẽ"
CASE_0246,998093,endpoint,6,4749346,0.5349,0.5349,0,vi,"Do hạn chế về địa điểm, công viên có một số lượng không gian hạn chế, bao gồm 127 chỗ đậu thuyền / xe moóc và 206 chỗ đậu xe thông thường. Chỗ đậu thuyền / xe moóc được dành riêng cho việc sử dụng phương tiện kéo có rơ moóc bằng thuyền."
CASE_0246,998093,endpoint,7,4364328,0.5303,0.5303,0,vi,"Trailer Park Boys Is All Too Real, Minh họa vụ bắt giữ gần đây. Phần mới của Trailer Park Boys vẫn chưa ra mắt, nhưng có vẻ như Ricky, Julian và Bubbles vẫn đang cung cấp rất nhiều cảm hứng cho một số cư dân của Maritimes. RCMP đã bắt giữ hai người đàn ông vào tối Chủ nhật gần Halifax sau khi vượt q"
CASE_0246,998093,endpoint,8,3385914,0.5298,0.5298,0,vi,bãi đỗ xe moóc. danh từ. Định nghĩa của công viên xe kéo cho người học tiếng Anh. : một mảnh đất rộng có thể đậu xe kéo (giác 2a) và được kết nối với các nguồn cung cấp điện và nước.
CASE_0246,998093,endpoint,9,3299337,0.5275,0.5275,0,vi,"Chỉ bên ngoài của ngôi nhà này đã được sử dụng trong phim. [Cảm ơn John] Hang động Lost Boys nằm ở Palos Verdes, California gần vị trí cũ của công viên giải trí MarineLand. [Cảm ơn Adrian Leister] Cảnh họ bị treo cổ trên một cây cầu được quay ở Santa Clarita, CA."
CASE_0246,998093,endpoint,10,7850345,0.5235,0.5235,0,vi,"Công viên sạch sẽ, nhưng có rất nhiều cư dân thường trú đã vứt rác xung quanh xe kéo của họ. Không gian chật chội và hơi khó vận hành. Khu vực chó không có hàng rào. Các nhân viên và cư dân rất thân thiện; đó là một khu rất yên tĩnh và tốt."
CASE_0246,998093,mixed,1,4364332,0.6418,0.6418,0,vi,"Trailer Park Boys là bộ phim hài huyền thoại của Canada kể về cuộc sống khốn khó của những cư dân sống ở Sunnyvale Trailer Park. Lấy một ly Rum và Coke, cuộn sáu khớp giấy và xem các trang web độc quyền và cảnh hậu trường của SwearNet! Đoạn giới thiệu Podcast của Park Boys Hãy tham gia cùng Ricky, J"
CASE_0246,998093,mixed,2,7841677,0.6347,0.6347,1,vi,"Trailer Park Boys là bộ phim hài huyền thoại của Canada kể về cuộc sống khốn khó của những cư dân sống ở Sunnyvale Trailer Park. Lấy một ly Rum và Coke, cuộn sáu khớp giấy và xem các trang web độc quyền và cảnh hậu trường của SwearNet!"
CASE_0246,998093,mixed,3,6128687,0.6225,0.6225,0,vi,"Trailer Park Boys nói về cuộc sống giữa các án tù. Luôn cố gắng chơi theo các góc độ, luôn bị các lực lượng ngoài tầm kiểm soát của họ thực hiện và luôn ở giữa một cuộc đấu súng, Ricky và Julian là những anh chàng tử tế, chăm chỉ cố gắng đối phó với Trật tự Kinh tế Thế giới Mới. Không phải con trai"
CASE_0246,998093,mixed,4,8705721,0.622,0.622,0,vi,"Trailer Park Boys là một loạt phim về tình yêu, bạn bè và gia đình - hoặc có lẽ là về mọi thứ có thể xảy ra với tình yêu, bạn bè và gia đình. Trung tâm của Trailer Park Boys là Ricky (Robb Wells) và Julian (John Paul Tremblay), hai chàng trai có cuộc sống được định hình bởi những trải nghiệm của họ"
CASE_0246,998093,mixed,5,4287933,0.6188,0.6188,0,vi,Trailer Park Boys chủ yếu được quay ở Nova Scotia và Phần 1 đến 4 được quay tại một công viên trailer thực ở Lower Sackville và từ mùa 5 đến 7 được quay trong một công viên trailer giả do đạo diễn thực hiện và nằm gần Bisset Lake Nova Scotia Canada . Tara Tanner. + 14 người khác thấy điều này hữu íc
CASE_0246,998093,mixed,6,4364328,0.6115,0.6115,0,vi,"Trailer Park Boys Is All Too Real, Minh họa vụ bắt giữ gần đây. Phần mới của Trailer Park Boys vẫn chưa ra mắt, nhưng có vẻ như Ricky, Julian và Bubbles vẫn đang cung cấp rất nhiều cảm hứng cho một số cư dân của Maritimes. RCMP đã bắt giữ hai người đàn ông vào tối Chủ nhật gần Halifax sau khi vượt q"
CASE_0246,998093,mixed,7,4287935,0.6054,0.6054,0,vi,"1. Re: Trailer Các địa điểm quay phim Park Boys. Ngày 08 tháng 5 năm 2013, 9:12 PM. Họ từng quay phim trong bãi đỗ xe kéo ở Lower Sackville. Sau đó, họ chuyển sang bên dưới bởi những búi kẹo kéo cove những đống khói ở Dartmouth (bạn sẽ có thể thấy nếu bạn đi xuống bờ sông Halifax và nhìn qua bến cản"
CASE_0246,998093,mixed,8,4364331,0.6048,0.6048,0,vi,"1. Re: Trailer Các địa điểm quay phim Park Boys. Ngày 08 tháng 5 năm 2013, 21:12. Họ từng quay phim trong bãi đỗ xe kéo ở Lower Sackville. Sau đó, họ chuyển sang bên dưới bởi những búi kẹo kéo cove những đống khói ở Dartmouth (bạn sẽ có thể thấy nếu bạn đi xuống bờ sông Halifax và nhìn qua bến cảng)"
CASE_0246,998093,mixed,9,4364326,0.5971,0.5971,0,vi,"ÃƒÂ ¢ Ã‚â‚¬Ã‚ËœTrailer Park BoysÃƒÂ ¢ Ã‚â‚¬Ã‚â „¢ đang được quay ở Nova Scotia. Mùa thứ tám của loạt phim truyền hình hài hước giả tưởng của Canada, Trailer Park Boys, đang quay ở Bible Hill, Nova Scotia. Nicole Frosst, nhà thiết kế sản xuất, cho biết thông thường cô sẽ có bốn tuần để tập hợp một bộ"
CASE_0246,998093,mixed,10,7841678,0.5856,0.5856,0,vi,"Định dạng: Mua hàng đã xác minh qua video của Amazon. Tôi thực sự thích nó, nhưng tôi phải thừa nhận rằng, Trailer Park Boys là một hương vị có được. Nếu bạn chưa xem bộ này, bạn có thể không hiểu được sự hài hước của họ. Nó lấy bối cảnh ở một Công viên Trailer ở Canada và là một tác phẩm châm biếm"
CASE_0246,798253,endpoint,1,7950528,0.6987,0.6987,0,vi,"Phí Hành lý Tây Nam 2017. Các hãng hàng không liên quan. Về Tây Nam. Southwest Airlines được biết đến là một trong số ít hãng hàng không có chính sách hành lý miễn cước hào phóng cho mọi hành khách. Khi có kế hoạch đi du lịch với hành lý ký gửi, Southwest là một lựa chọn tốt so với các hãng hàng khô"
CASE_0246,798253,endpoint,2,1723866,0.6718,0.6718,0,vi,Giới hạn trọng lượng mang theo cho các hãng hàng không Tây Nam? Giới hạn trọng lượng đối với hành lý xách tay đối với các hãng hàng không phía Tây Nam là bao nhiêu..và bạn có thể mang đồ ăn & đồ thẳng trong hành lý xách tay không? (Các) nguồn: giới hạn trọng lượng hành lý xách tay của các hãng hàng
CASE_0246,798253,endpoint,3,7950529,0.6645,0.6645,0,vi,"Xem lại các khoản phụ cấp và phí hành lý của Southwest Airlines trước khi khởi hành. phụ cấp mang về tây nam. Mỗi hành khách Tây Nam được phép mang theo một hành lý xách tay cùng với một vật dụng cá nhân. Hành lý xách tay không được vượt quá 10 x 16 x 24 inch (25,4 x 40,64 x 60,96 cm)."
CASE_0246,798253,endpoint,4,7950526,0.6606,0.6606,0,vi,"hành lý ký gửi tây nam. Hành khách miền Tây Nam bộ được phép kiểm tra hai kiện hành lý, với trọng lượng tối đa là 50 lbs (22,7 kg) mỗi túi và tổng kích thước tối đa là 62 inch (157,5 cm) cho mỗi túi, miễn phí. Một chiếc thứ ba và bất kỳ chiếc túi đã kiểm tra bổ sung nào có giá 75 đô la. phí hành lý"
CASE_0246,798253,endpoint,5,7950527,0.6586,0.6586,1,vi,"Chính sách hành lý mới. Tuần này, Southwest Airlines thực hiện chính sách hành lý mới. Tôi chỉ muốn đảm bảo rằng tất cả Hành khách của Southwest Airlines đều biết về điều này. Hạn mức hành lý miễn cước cho mỗi Khách hàng có vé sẽ thay đổi từ ba thành hai hành lý. Túi đầu tiên và thứ hai bạn kiểm tra"
CASE_0246,798253,endpoint,6,4857751,0.6569,0.6569,0,vi,"Hầu hết các quy tắc quản lý hành lý xách tay do TSA đưa ra và áp dụng cho hành khách trên tất cả các hãng hàng không. Các quy tắc này bao gồm các hạn chế đối với các mặt hàng, chất lỏng và gel lớn và tiềm ẩn nguy hiểm. Southwest Airlines cũng giới hạn hành lý xách tay đối với một hành lý và một vật"
CASE_0246,798253,endpoint,7,4658323,0.6558,0.6558,0,vi,Mỗi hãng hàng không có chính sách hành lý riêng quy định kích thước hành lý xách tay và hành lý ký gửi. Các quy định mang lại trải nghiệm bay mượt mà hơn bằng cách giới hạn số lượng hành lý trong khoang và giúp các hãng hàng không biết rõ hơn về trọng lượng máy bay đang chở. Ví dụ: Southwest Airline
CASE_0246,798253,endpoint,8,7236369,0.6543,0.6543,0,vi,Các hãng hàng không liên quan. 1 Tây Nam. Quy tắc hành lý 2017. 2 Hãng hàng không Volaris. Phí hành lý 2014. 3 VivaAerobus. Quy tắc hành lý 2016. 4 Aerogaviota. Thông tin hành lý 2011. 5 Tây Nam. Quy tắc hành lý 2017. 6 Hãng hàng không Volaris. Phí hành lý 2014. 7 VivaAerobus. Quy tắc hành lý 2016.
CASE_0246,798253,endpoint,9,5503324,0.6494,0.6494,0,vi,Mỗi hãng hàng không có chính sách hành lý riêng quy định kích thước hành lý xách tay và hành lý ký gửi. Các quy định mang lại trải nghiệm bay mượt mà hơn bằng cách giới hạn số lượng hành lý trong khoang và giúp các hãng hàng không biết rõ hơn về trọng lượng máy bay đang chở. Ví dụ: Southwest Airline
CASE_0246,798253,endpoint,10,1943410,0.6458,0.6458,0,vi,"Phí Hành lý Tây Nam bao gồm thông tin về Phí hành lý xách tay, Hành lý ký gửi và Hành lý quá khổ / quá khổ / quá cân của Tây Nam 2017. Tìm Ghim này và nhiều nội dung khác trên Địa điểm đã ghé thăm / Thông tin du lịch của darkangel927. Kích thước mang theo và yêu cầu hành lý Kích thước mang theo, nếu"
CASE_0246,798253,mixed,1,7950527,0.7227,0.7227,1,vi,"Chính sách hành lý mới. Tuần này, Southwest Airlines thực hiện chính sách hành lý mới. Tôi chỉ muốn đảm bảo rằng tất cả Hành khách của Southwest Airlines đều biết về điều này. Hạn mức hành lý miễn cước cho mỗi Khách hàng có vé sẽ thay đổi từ ba thành hai hành lý. Túi đầu tiên và thứ hai bạn kiểm tra"
CASE_0246,798253,mixed,2,7950528,0.7052,0.7052,0,vi,"Phí Hành lý Tây Nam 2017. Các hãng hàng không liên quan. Về Tây Nam. Southwest Airlines được biết đến là một trong số ít hãng hàng không có chính sách hành lý miễn cước hào phóng cho mọi hành khách. Khi có kế hoạch đi du lịch với hành lý ký gửi, Southwest là một lựa chọn tốt so với các hãng hàng khô"
CASE_0246,798253,mixed,3,4857751,0.6964,0.6964,0,vi,"Hầu hết các quy tắc quản lý hành lý xách tay do TSA đưa ra và áp dụng cho hành khách trên tất cả các hãng hàng không. Các quy tắc này bao gồm các hạn chế đối với các mặt hàng, chất lỏng và gel lớn và tiềm ẩn nguy hiểm. Southwest Airlines cũng giới hạn hành lý xách tay đối với một hành lý và một vật"
CASE_0246,798253,mixed,4,7567378,0.693,0.693,0,vi,"Southwest Airlines có một số chính sách hành lý tự do nhất trong số các hãng hàng không của Hoa Kỳ. Bên cạnh việc hãng hàng không từ chối tính phí đối với hai hành lý ký gửi đầu tiên, Southwest cũng có chính sách thân thiện với phụ huynh có con nhỏ - cho phép họ mang theo hầu hết đồ dùng trẻ em mà k"
CASE_0246,798253,mixed,5,4658323,0.6887,0.6887,0,vi,Mỗi hãng hàng không có chính sách hành lý riêng quy định kích thước hành lý xách tay và hành lý ký gửi. Các quy định mang lại trải nghiệm bay mượt mà hơn bằng cách giới hạn số lượng hành lý trong khoang và giúp các hãng hàng không biết rõ hơn về trọng lượng máy bay đang chở. Ví dụ: Southwest Airline
CASE_0246,798253,mixed,6,7950529,0.6853,0.6853,0,vi,"Xem lại các khoản phụ cấp và phí hành lý của Southwest Airlines trước khi khởi hành. phụ cấp mang về tây nam. Mỗi hành khách Tây Nam được phép mang theo một hành lý xách tay cùng với một vật dụng cá nhân. Hành lý xách tay không được vượt quá 10 x 16 x 24 inch (25,4 x 40,64 x 60,96 cm)."
CASE_0246,798253,mixed,7,4658318,0.6846,0.6846,0,vi,"Mỗi hành khách trên Southwest Airlines (Southwest.com) được phép mang một hành lý xách tay thông thường và một vật dụng cá nhân nhỏ. Vật phẩm này có thể là máy ảnh, máy tính xách tay, ví, cặp hoặc đồ ăn. Hầu hết các quy tắc quản lý hành lý xách tay đều do TSA đưa ra và áp dụng cho hành khách trên tấ"
CASE_0246,798253,mixed,8,1874874,0.6824,0.6824,0,vi,"Hầu hết các quy tắc quản lý hành lý xách tay do TSA đưa ra và áp dụng cho hành khách trên tất cả các hãng hàng không. Các quy tắc này bao gồm các hạn chế đối với các mặt hàng, chất lỏng và gel lớn và tiềm ẩn nguy hiểm. Southwest Airlines cũng giới hạn hành lý xách tay đối với một hành lý và một vật"
CASE_0246,798253,mixed,9,5503324,0.6807,0.6807,0,vi,Mỗi hãng hàng không có chính sách hành lý riêng quy định kích thước hành lý xách tay và hành lý ký gửi. Các quy định mang lại trải nghiệm bay mượt mà hơn bằng cách giới hạn số lượng hành lý trong khoang và giúp các hãng hàng không biết rõ hơn về trọng lượng máy bay đang chở. Ví dụ: Southwest Airline
CASE_0246,798253,mixed,10,3861378,0.68,0.68,0,vi,"Southwest Airlines (WN) cho phép mỗi hành khách được miễn phí 1 hành lý xách tay và 1 vật dụng cá nhân (ví, cặp, túi máy tính xách tay). Hành lý xách tay không được vượt quá các giới hạn về kích thước và trọng lượng sau: 50 inch tuyến tính (24 x 16 x 10 in) hoặc 127 cm (61 x 41 x 28 cm) bao gồm cả t"
CASE_0246,975688,endpoint,1,2445669,0.7071,0.7071,0,vi,"Kevin Hart sinh ngày 6 tháng 7 năm 1979, tại Bắc Philadelphia, Pennsylvania. Anh được nuôi dưỡng bởi người mẹ đơn thân của mình, Nancy, và có một người anh trai, Robert Hart. Cha của anh, Henry, một người nghiện cocaine, đã ở trong và ngoài tù trong suốt thời thơ ấu của Kevin."
CASE_0246,975688,endpoint,2,7843063,0.7061,0.7061,0,vi,"Kevin Hart Chủ yếu được nuôi dưỡng bởi một bà mẹ đơn thân. Kevin HartÃƒÂ ¢ Ã‚â‚¬Ã‚â „mẹ của Nancy Hart (giữa). Kevin Hart (sinh ngày 6 tháng 7 năm 1979) sinh ra và lớn lên trong những năm thơ ấu ở Bắc Philadelphia, Pennsylvania. Mẹ anh, Nancy Hart, đã nuôi dạy anh cùng với anh trai Robert Hart của K"
CASE_0246,975688,endpoint,3,4781947,0.6947,0.6947,0,vi,"Kevin Hart sinh ngày 6 tháng 7 năm 1979 tại North Philadelphia, Pennsylvania. Anh được nuôi dưỡng bởi người mẹ đơn thân, Nancy Hart, và có một người anh trai, Robert. Cha của anh, Henry Robert Witherspoon, một người nghiện cocaine, đã ở trong và ngoài tù trong suốt thời thơ ấu của Kevin."
CASE_0246,975688,endpoint,4,9655,0.6932,0.6932,0,vi,"Kevin Hart sinh ngày 6 tháng 7 năm 1979 tại Philadelphia, Pennsylvania. Anh được nuôi dưỡng bởi người mẹ đơn thân, Nancy Hart, và có một anh trai, Robert. Cha của anh, Henry Witherspoon, một người nghiện cocaine, đã ở trong và ngoài tù trong suốt thời thơ ấu của Kevin, và Kevin đã sử dụng sự hài hướ"
CASE_0246,975688,endpoint,5,7843061,0.6804,0.6804,1,vi,"Những năm đầu của Kevin HartÃƒÂ ¢ Ã‚â‚¬Ã‚â diễn ra hoàn toàn ở Bắc Philadelphia, Pennsylvania (anh học tại trường trung học George Washington ở Đông Bắc Philadelphia). Hart đã đến Thành phố New York để học đại học cộng đồng và tốt nghiệp hai năm sau khi theo học."
CASE_0246,975688,endpoint,6,2445666,0.6803,0.6803,0,vi,"Kevin Hart (sinh ngày 3 tháng 7 năm 1979) là một diễn viên và diễn viên hài người Mỹ. Sinh ra và lớn lên ở Philadelphia, Pennsylvania, Hart bắt đầu sự nghiệp của mình bằng cách chiến thắng một số cuộc thi hài nghiệp dư tại các câu lạc bộ khắp New England, đỉnh điểm là lần đầu tiên anh nghỉ ngơi thực"
CASE_0246,975688,endpoint,7,4596303,0.6734,0.6734,0,vi,"Đầu đời. Kevin Hart sinh ngày 6 tháng 7 năm 1979 tại Philadelphia, Pennsylvania. Anh được nuôi dưỡng bởi người mẹ đơn thân, Nancy Hart, và có một anh trai, Robert. Cha của anh, Henry Witherspoon, một người nghiện cocaine, đã ở trong và ngoài tù trong suốt thời thơ ấu của Kevin, và Kevin đã sử dụng s"
CASE_0246,975688,endpoint,8,5172718,0.6717,0.6717,0,vi,"Kevin Hart. Kevin Hart (sinh năm 1978/1979) là một nam diễn viên người Mỹ và một diễn viên hài độc thoại. Hart sinh ra ở Bắc Philadelphia, Pennsylvania. Anh được nuôi dưỡng bởi người mẹ đơn thân của mình. Hart tốt nghiệp năm 1998. Hart kết hôn với Helene Hart năm 2003; cặp đôi ly hôn vào năm 2011. H"
CASE_0246,975688,endpoint,9,2445670,0.6524,0.6524,0,vi,"Kevin Hart (Personal Life, Wife, Kids, Career) Diễn viên và diễn viên hài người Mỹ, Kevin Hart sinh ngày 6 tháng 7 năm 1978. Hart sinh ra ở Philadelphia, Pennsylvania. Anh ấy được biết đến trong vai hài kịch độc lập cho một số chương trình truyền hình đặc biệt cho Comedy Central, bao gồm I'm a Grown"
CASE_0246,975688,endpoint,10,4477496,0.6473,0.6473,0,vi,"Kevin Hart. Diễn viên / Diễn viên hài. Từ những bộ phim hài đặc biệt nổi tiếng đến đóng các vai diễn ở Hollywood đến các hợp đồng dẫn chương trình nổi tiếng, Kevin Hart có tất cả những điều mà bất kỳ diễn viên hài tham vọng nào cũng mong muốn. Sinh ra và lớn lên ở Philadelphia, Hart đã nuôi dưỡng ướ"
CASE_0246,975688,mixed,1,7843061,0.6892,0.6892,1,vi,"Những năm đầu của Kevin HartÃƒÂ ¢ Ã‚â‚¬Ã‚â diễn ra hoàn toàn ở Bắc Philadelphia, Pennsylvania (anh học tại trường trung học George Washington ở Đông Bắc Philadelphia). Hart đã đến Thành phố New York để học đại học cộng đồng và tốt nghiệp hai năm sau khi theo học."
CASE_0246,975688,mixed,2,2445669,0.6864,0.6864,0,vi,"Kevin Hart sinh ngày 6 tháng 7 năm 1979, tại Bắc Philadelphia, Pennsylvania. Anh được nuôi dưỡng bởi người mẹ đơn thân của mình, Nancy, và có một người anh trai, Robert Hart. Cha của anh, Henry, một người nghiện cocaine, đã ở trong và ngoài tù trong suốt thời thơ ấu của Kevin."
CASE_0246,975688,mixed,3,7843063,0.6781,0.6781,0,vi,"Kevin Hart Chủ yếu được nuôi dưỡng bởi một bà mẹ đơn thân. Kevin HartÃƒÂ ¢ Ã‚â‚¬Ã‚â „mẹ của Nancy Hart (giữa). Kevin Hart (sinh ngày 6 tháng 7 năm 1979) sinh ra và lớn lên trong những năm thơ ấu ở Bắc Philadelphia, Pennsylvania. Mẹ anh, Nancy Hart, đã nuôi dạy anh cùng với anh trai Robert Hart của K"
CASE_0246,975688,mixed,4,9655,0.6726,0.6726,0,vi,"Kevin Hart sinh ngày 6 tháng 7 năm 1979 tại Philadelphia, Pennsylvania. Anh được nuôi dưỡng bởi người mẹ đơn thân, Nancy Hart, và có một anh trai, Robert. Cha của anh, Henry Witherspoon, một người nghiện cocaine, đã ở trong và ngoài tù trong suốt thời thơ ấu của Kevin, và Kevin đã sử dụng sự hài hướ"
CASE_0246,975688,mixed,5,4781947,0.6722,0.6722,0,vi,"Kevin Hart sinh ngày 6 tháng 7 năm 1979 tại North Philadelphia, Pennsylvania. Anh được nuôi dưỡng bởi người mẹ đơn thân, Nancy Hart, và có một người anh trai, Robert. Cha của anh, Henry Robert Witherspoon, một người nghiện cocaine, đã ở trong và ngoài tù trong suốt thời thơ ấu của Kevin."
CASE_0246,975688,mixed,6,2445666,0.6687,0.6687,0,vi,"Kevin Hart (sinh ngày 3 tháng 7 năm 1979) là một diễn viên và diễn viên hài người Mỹ. Sinh ra và lớn lên ở Philadelphia, Pennsylvania, Hart bắt đầu sự nghiệp của mình bằng cách chiến thắng một số cuộc thi hài nghiệp dư tại các câu lạc bộ khắp New England, đỉnh điểm là lần đầu tiên anh nghỉ ngơi thực"
CASE_0246,975688,mixed,7,5172718,0.6572,0.6572,0,vi,"Kevin Hart. Kevin Hart (sinh năm 1978/1979) là một nam diễn viên người Mỹ và một diễn viên hài độc thoại. Hart sinh ra ở Bắc Philadelphia, Pennsylvania. Anh được nuôi dưỡng bởi người mẹ đơn thân của mình. Hart tốt nghiệp năm 1998. Hart kết hôn với Helene Hart năm 2003; cặp đôi ly hôn vào năm 2011. H"
CASE_0246,975688,mixed,8,4596303,0.6515,0.6515,0,vi,"Đầu đời. Kevin Hart sinh ngày 6 tháng 7 năm 1979 tại Philadelphia, Pennsylvania. Anh được nuôi dưỡng bởi người mẹ đơn thân, Nancy Hart, và có một anh trai, Robert. Cha của anh, Henry Witherspoon, một người nghiện cocaine, đã ở trong và ngoài tù trong suốt thời thơ ấu của Kevin, và Kevin đã sử dụng s"
CASE_0246,975688,mixed,9,2445670,0.6373,0.6373,0,vi,"Kevin Hart (Personal Life, Wife, Kids, Career) Diễn viên và diễn viên hài người Mỹ, Kevin Hart sinh ngày 6 tháng 7 năm 1978. Hart sinh ra ở Philadelphia, Pennsylvania. Anh ấy được biết đến trong vai hài kịch độc lập cho một số chương trình truyền hình đặc biệt cho Comedy Central, bao gồm I'm a Grown"
CASE_0246,975688,mixed,10,4477496,0.6325,0.6325,0,vi,"Kevin Hart. Diễn viên / Diễn viên hài. Từ những bộ phim hài đặc biệt nổi tiếng đến đóng các vai diễn ở Hollywood đến các hợp đồng dẫn chương trình nổi tiếng, Kevin Hart có tất cả những điều mà bất kỳ diễn viên hài tham vọng nào cũng mong muốn. Sinh ra và lớn lên ở Philadelphia, Hart đã nuôi dưỡng ướ"
CASE_0246,786477,endpoint,1,3187128,0.6599,0.6599,0,vi,Được nâng cấp thành Khu bảo tồn Tổng thống - Wyndham Bonnet Creek Resort. ÃƒÂ ¢ Ã‚â‚¬Ã‚Å “Được nâng cấp thành Khu bảo tồn Tổng thốngÃƒÂ ¢ Ã‚â‚¬Ã‚. Đánh giá về Wyndham Bonnet Creek Resort. Chúng tôi ở đây vào cuối tháng Bảy đầu tháng Tám năm 2011. Chúng tôi đã được nâng cấp trước khi chúng tôi đến mộ
CASE_0246,786477,endpoint,2,3187129,0.5817,0.5817,0,vi,Cho thuê căn hộ WVR. Chúng tôi là chủ sở hữu của Club Wyndham timeshare point (thành viên Platinum / Presidential Reserve) và chủ sở hữu Margaritaville Vacation Club có thêm điểm để có được căn hộ cho thuê. Chúng tôi đang cung cấp dịch vụ cho thuê của mình với mức chiết khấu thấp hơn mức giá do các
CASE_0246,786477,endpoint,3,4830911,0.5757,0.5757,0,vi,"Với vài nét bút của mình vào ngày 2 tháng 12 năm 1980, Tổng thống Jimmy Carter đã đưa nhiều mẫu Anh và 8 công viên quốc gia vào hệ thống, với diện tích lớn hơn một nửa. 60 triệu mẫu Anh khác được bảo vệ khi động vật hoang dã trú ẩn, các khu bảo tồn, và vùng hoang dã được chỉ định. Vườn quốc gia Wran"
CASE_0246,786477,endpoint,4,3187134,0.5689,0.5689,1,vi,Club Wyndham Presidential Reserve là một chương trình độc quyền dành cho những chủ sở hữu Club Wyndham đã mua trên 1 triệu điểm tại Suite Presidential Reserve. Presidential Reserve Suites có sẵn tại một số khu nghỉ mát chọn lọc và giới thiệu các phòng nghỉ đặc biệt sang trọng.
CASE_0246,786477,endpoint,5,963069,0.5588,0.5588,0,vi,"Khách sạn & Khu nghỉ dưỡng Wyndham. Wyndham Hotels and Resorts là chuỗi khách sạn và khu nghỉ dưỡng có trụ sở tại Hoa Kỳ. Nó có các địa điểm ở Canada, Mexico, Colombia, Ecuador, Thổ Nhĩ Kỳ, Đức, Anh và Caribe. Công ty đã bán nhiều khách sạn của mình vào đầu những năm 2000. Môn lịch sử."
CASE_0246,786477,endpoint,6,803473,0.556,0.556,0,vi,"Khách sạn & Khu nghỉ dưỡng Wyndham. Wyndham Hotels and Resorts là chuỗi khách sạn và khu nghỉ dưỡng có trụ sở tại Hoa Kỳ. Nó có các địa điểm ở Canada, Mexico, Colombia, Ecuador, Thổ Nhĩ Kỳ, Đức, Anh và Caribe. Công ty đã bán nhiều khách sạn của mình vào đầu những năm 2000."
CASE_0246,786477,endpoint,7,8206676,0.5549,0.5549,0,vi,"Khu nghỉ dưỡng sang trọng ở vùng núi New Hampshire. Hùng vĩ như lịch sử đằng sau nó, Omni Mount Washington Resort, nằm ở Bretton Woods, New Hampshire, là một bầu không khí trang nhã và hào phóng trong các tiện nghi. Là nơi nghỉ dưỡng yêu thích của các tổng thống, nhà thơ và người nổi tiếng ở New Eng"
CASE_0246,786477,endpoint,8,7389841,0.5548,0.5548,0,vi,"Khu Lịch sử Colonial WilliamsburgÃƒÂ ¢ Ã‚â‚¬Ã‚â “có hơn 90 mẫu không gian xanh và khu vườn. Chắc chắn một điểm nổi bật của bất kỳ chuyến tham quan nào là Cung điện của Thống đốc. Khu vườn phức hợp của nó, trải rộng trên 10 mẫu Anh, giống với các điền trang đồng quê ở Anh dưới thời trị vì của Vua Wil"
CASE_0246,786477,endpoint,9,3181889,0.5526,0.5526,0,vi,"Khu nghỉ dưỡng sang trọng ở vùng núi New Hampshire. Hùng vĩ như lịch sử đằng sau nó, Omni Mount Washington Resort, nằm ở Bretton Woods, New Hampshire, là một bầu không khí trang nhã và hào phóng trong các tiện nghi. Là nơi nghỉ dưỡng yêu thích của các tổng thống, nhà thơ và người nổi tiếng ở New Eng"
CASE_0246,786477,endpoint,10,7567693,0.5517,0.5517,0,vi,"Wyndham Branson at the Meadows là một khu nghỉ dưỡng hoàn hảo yên bình và đẹp như tranh vẽ cho cả gia đình. Đây là một khu nghỉ mát thân thiện với trẻ em với nhiều hoạt động dành cho trẻ em như Thế vận hội dưới nước, tiệc sinh nhật, đêm cuồng nhiệt của thanh thiếu niên và karaoke. Khung cảnh cây cối"
CASE_0246,786477,mixed,1,3187134,0.6853,0.6853,1,vi,Club Wyndham Presidential Reserve là một chương trình độc quyền dành cho những chủ sở hữu Club Wyndham đã mua trên 1 triệu điểm tại Suite Presidential Reserve. Presidential Reserve Suites có sẵn tại một số khu nghỉ mát chọn lọc và giới thiệu các phòng nghỉ đặc biệt sang trọng.
CASE_0246,786477,mixed,2,3187128,0.669,0.669,0,vi,Được nâng cấp thành Khu bảo tồn Tổng thống - Wyndham Bonnet Creek Resort. ÃƒÂ ¢ Ã‚â‚¬Ã‚Å “Được nâng cấp thành Khu bảo tồn Tổng thốngÃƒÂ ¢ Ã‚â‚¬Ã‚. Đánh giá về Wyndham Bonnet Creek Resort. Chúng tôi ở đây vào cuối tháng Bảy đầu tháng Tám năm 2011. Chúng tôi đã được nâng cấp trước khi chúng tôi đến mộ
CASE_0246,786477,mixed,3,3187129,0.6545,0.6545,0,vi,Cho thuê căn hộ WVR. Chúng tôi là chủ sở hữu của Club Wyndham timeshare point (thành viên Platinum / Presidential Reserve) và chủ sở hữu Margaritaville Vacation Club có thêm điểm để có được căn hộ cho thuê. Chúng tôi đang cung cấp dịch vụ cho thuê của mình với mức chiết khấu thấp hơn mức giá do các
CASE_0246,786477,mixed,4,803474,0.5867,0.5867,0,vi,"Tập hợp các khách sạn cao cấp, bình dân, đầy đủ dịch vụ tại các điểm đến kinh doanh và nghỉ dưỡng chính, Wyndham Hotels and Resorts có các phòng nghỉ được thiết kế thông minh và tiện nghi chu đáo. Các tài sản nghỉ dưỡng lấp lánh với sân gôn, thể thao dưới nước và tuyết, sòng bạc, spa và hơn thế nữa."
CASE_0246,786477,mixed,5,7964578,0.5793,0.5793,0,vi,"Hoặc, liên hệ với chủ sở hữu WYNDHAM HOTELS AND RESORTS, LLC của nhãn hiệu PRESIDENTIAL RESERVE bằng cách gửi yêu cầu liên lạc với Phóng viên pháp lý để cấp phép, sử dụng và / hoặc các câu hỏi liên quan đến nhãn hiệu PRESIDENTIAL RESERVE."
CASE_0246,786477,mixed,6,963069,0.5661,0.5661,0,vi,"Khách sạn & Khu nghỉ dưỡng Wyndham. Wyndham Hotels and Resorts là chuỗi khách sạn và khu nghỉ dưỡng có trụ sở tại Hoa Kỳ. Nó có các địa điểm ở Canada, Mexico, Colombia, Ecuador, Thổ Nhĩ Kỳ, Đức, Anh và Caribe. Công ty đã bán nhiều khách sạn của mình vào đầu những năm 2000. Môn lịch sử."
CASE_0246,786477,mixed,7,3287510,0.5626,0.5626,0,vi,"Wyndham Vacation Resorts tiếp thị, bán và tài trợ quyền sở hữu kỳ nghỉ, cung cấp dịch vụ quản lý tài sản cho hiệp hội chủ sở hữu tài sản và phát triển các khu nghỉ dưỡng sở hữu kỳ nghỉ. Với hơn 527.000 gia đình chủ sở hữu trên khắp thế giới, chúng tôi là công ty đi đầu trong việc cung cấp các kỳ ngh"
CASE_0246,786477,mixed,8,803473,0.5619,0.5619,0,vi,"Khách sạn & Khu nghỉ dưỡng Wyndham. Wyndham Hotels and Resorts là chuỗi khách sạn và khu nghỉ dưỡng có trụ sở tại Hoa Kỳ. Nó có các địa điểm ở Canada, Mexico, Colombia, Ecuador, Thổ Nhĩ Kỳ, Đức, Anh và Caribe. Công ty đã bán nhiều khách sạn của mình vào đầu những năm 2000."
CASE_0246,786477,mixed,9,4220864,0.5606,0.5606,0,vi,"Wyndham Hotels and Resorts là chuỗi khách sạn đầy đủ dịch vụ cao cấp với các địa điểm tại các điểm đến kinh doanh và nghỉ dưỡng trên toàn thế giới. Các tiện nghi của khách sạn bao gồm không gian họp, nhà hàng, trung tâm dịch vụ doanh nhân và thể dục. Các địa điểm nghỉ dưỡng có sân gôn, tennis, bãi b"
CASE_0246,786477,mixed,10,7984393,0.5589,0.5589,0,vi,"Hướng dẫn bỏ túi: Newport News Hampton Wyndham Worldwide Hotels. Nằm trên bến cảng tự nhiên lớn nhất thế giới, Hampton có pháo đài bằng đá lớn nhất từng được xây dựng ở Hoa Kỳ: Pháo đài Monroe. Pháo đài có Bảo tàng Casemate và các di tích lịch sử như phòng giam giữ Tổng thống Liên minh miền Nam Jeff"
CASE_0246,1033534,endpoint,1,5157367,0.5996,0.5996,0,vi,"Hệ thống TRAC ngăn chặn sự quay của các bánh dẫn động, dễ xảy ra trên đường trơn trượt khi tăng tốc quá mức, và nó cải thiện hiệu suất tăng tốc và độ ổn định của xe. các bánh xe được điều khiển theo cùng một cách với lực kéo ..."
CASE_0246,1033534,endpoint,2,6921096,0.596,0.596,0,vi,"EZ-Book là hệ thống đặt trước khung gầm trực tuyến TRAC Intermodal để đặt trước khung gầm trần, được thiết kế để cung cấp cho các dòng tàu hơi nước và người lái xe tải khả năng đặt trước khung gầm trần một cách nhanh chóng. Tìm hiểu thêm."
CASE_0246,1033534,endpoint,3,677026,0.5781,0.5781,0,vi,"Nền trước là một thuật toán lập lịch được sử dụng để kiểm soát việc thực thi nhiều quy trình trên một bộ xử lý duy nhất. Nó dựa trên hai danh sách chờ, danh sách đầu tiên được gọi là tiền cảnh vì đây là danh sách trong đó tất cả các quá trình vào ban đầu và danh sách thứ hai được gọi là nền vì tất c"
CASE_0246,1033534,endpoint,4,7453416,0.5771,0.5771,0,vi,"Tải trước được sử dụng để điều chỉnh giảm xóc hoặc lò xo đến phạm vi hoạt động chính xác trong phạm vi hành trình của hệ thống treo. Tải trước nhiều hơn sẽ nâng xe đạp lên trên hệ thống treo của nó, giúp bạn luôn ở gần đỉnh của hành trình. Với tải trước ít hơn, chiếc xe đạp nằm thấp hơn và gần với p"
CASE_0246,1033534,endpoint,5,7211999,0.5708,0.5708,0,vi,Mục đích của sơ đồ là gì.
CASE_0246,1033534,endpoint,6,482105,0.5707,0.5707,0,vi,Chương trình TRAC là một chương trình đào tạo luân phiên kéo dài hai năm được thiết kế để cung cấp một con đường sự nghiệp nhanh chóng cho sinh viên tốt nghiệp đại học tiềm năng cao thông qua học tập có cấu trúc và trải nghiệm.
CASE_0246,1033534,endpoint,7,3884945,0.5682,0.5682,0,vi,Mục đích của chương trình cấy ghép trước là: ÃƒÂ¯Ã‚â € šÃ‚Â · tăng hiệu quả của điều trị kích thích tủy sống. ÃƒÂ¯Ã‚â € šÃ‚Â · cung cấp thông tin về thủ tục và những rủi ro và lợi ích tiềm ẩn. ÃƒÂ¯Ã‚â € šÃ‚Â · tăng sự hiểu biết về chứng đau mãn tính. ÃƒÂ¯Ã‚â € šÃ‚Â · cung cấp lời khuyên về thuốc cá
CASE_0246,1033534,endpoint,8,5932909,0.5615,0.5615,0,vi,"So sánh với hệ thống kiểm soát hành trình thích ứng (ACC), là một hệ thống ÃƒÂ ¢ Ã‚â‚¬Ã‚Å “smartÃƒÂ ¢ Ã‚â‚¬Ã‚ chủ động duy trì khoảng cách đặt trước giữa các phương tiện thay vì tốc độ đặt trước. Cảm biến tìm khoảng cách bằng laser hoặc radar ở phía trước xe đo khoảng cách với xe phía trước."
CASE_0246,1033534,endpoint,9,3763657,0.5568,0.5568,0,vi,"Tải trước Nó là lực căng được đặt lên bu lông bởi đai ốc (không phải tải trọng). Tải trước được áp dụng cho kết nối bằng cách kéo căng dây buộc đến một giá trị mô-men xoắn nhất định. Mô-men xoắn là mô-men quay của chốt hoặc đai ốc, được biểu thị bằng sản phẩm tác dụng và chiều dài của tay đòn. Khi đ"
CASE_0246,1033534,endpoint,10,4582409,0.5568,0.5568,0,vi,"Mục đích chính của trình điều khiển cổng cho thyristor điều khiển pha (PCT) hoặc Thyristor điều khiển hai hướng (BCT) là cung cấp dòng điện cổng có biên độ phù hợp, vào đúng thời điểm và trong khoảng thời gian thích hợp. Điều này có vẻ đơn giản nhưng việc phân tích các thyristor bị lỗi do xung cổng"
CASE_0246,1033534,mixed,1,5157367,0.6119,0.6119,0,vi,"Hệ thống TRAC ngăn chặn sự quay của các bánh dẫn động, dễ xảy ra trên đường trơn trượt khi tăng tốc quá mức, và nó cải thiện hiệu suất tăng tốc và độ ổn định của xe. các bánh xe được điều khiển theo cùng một cách với lực kéo ..."
CASE_0246,1033534,mixed,2,6921096,0.5953,0.5953,0,vi,"EZ-Book là hệ thống đặt trước khung gầm trực tuyến TRAC Intermodal để đặt trước khung gầm trần, được thiết kế để cung cấp cho các dòng tàu hơi nước và người lái xe tải khả năng đặt trước khung gầm trần một cách nhanh chóng. Tìm hiểu thêm."
CASE_0246,1033534,mixed,3,7212434,0.5848,0.5848,1,vi,Nhập xe của bạn để ước tính chính xác hơn. AvanceTrac là hệ thống kiểm soát ổn định điện tử (ESC) được sử dụng trên xe Ford. Nó cũng có thể được gọi là ÃƒÂ ¢ Ã‚â‚¬Ã‚Å “kiểm soát lực kéoÃƒÂ ¢ Ã‚â‚¬Ã‚ hoặc ÃƒÂ ¢ Ã‚â‚¬Ã‚Å “kiểm soát động lực xeÃƒÂ ¢ Ã‚â‚¬Ã ‚Là các mô hình xe khác. Hệ thống này giám sát
CASE_0246,1033534,mixed,4,482105,0.5827,0.5827,0,vi,Chương trình TRAC là một chương trình đào tạo luân phiên kéo dài hai năm được thiết kế để cung cấp một con đường sự nghiệp nhanh chóng cho sinh viên tốt nghiệp đại học tiềm năng cao thông qua học tập có cấu trúc và trải nghiệm.
CASE_0246,1033534,mixed,5,7212433,0.5793,0.5793,1,vi,Active-TRAC (A-TRAC) là hệ thống dành cho xe địa hình 4WD. Hệ thống này bao gồm hệ thống kiểm soát phanh bốn bánh độc lập và hệ thống kiểm soát mô-men xoắn động cơ. Hệ thống này áp dụng phanh cho bất kỳ bánh xe nào đang quay và truyền mô-men xoắn đến các bánh xe khác có lực bám.
CASE_0246,1033534,mixed,6,7212425,0.5739,0.5739,0,vi,Q: Cảnh báo của dịch vụ AdvanceTracÃƒâ € šÃ‚Â® trong trung tâm tin nhắn có nghĩa là gì? AvanceTrac là hệ thống kiểm soát ổn định điện tử (ESC) được sử dụng trên xe Ford. Nó cũng có thể được gọi là ÃƒÂ ¢ Ã‚â‚¬Ã‚Å “kiểm soát lực kéoÃƒÂ ¢ Ã‚â‚¬Ã‚ hoặc ÃƒÂ ¢ Ã‚â‚¬Ã‚Å “động lực xe ...
CASE_0246,1033534,mixed,7,7212430,0.5676,0.5676,0,vi,"Hệ thống Advance Trac là một phần của hệ thống ABS, nếu có vấn đề với cảm biến tốc độ bánh xe, điều đó có thể kích hoạt đèn. Ngoài ra, tôi tin rằng có một cảm biến góc lái giúp máy tính xác định chiếc xe đang làm gì, cảm biến đó cũng có thể khiến đèn bật sáng."
CASE_0246,1033534,mixed,8,6754787,0.5645,0.5645,0,vi,"Là một phần của sáng kiến ​​triển khai TSA, Hệ thống Báo cáo và Giám sát TSA hoặc TRAMS được phát triển với mục đích cung cấp cho BTr một cái nhìn tổng hợp về vị thế tiền mặt của mình thông qua việc chấp nhận báo cáo từ các ngân hàng đại lý được ủy quyền (AAB) và chính phủ được ủy quyền. ngân hàng l"
CASE_0246,1033534,mixed,9,5932909,0.5621,0.5621,0,vi,"So sánh với hệ thống kiểm soát hành trình thích ứng (ACC), là một hệ thống ÃƒÂ ¢ Ã‚â‚¬Ã‚Å “smartÃƒÂ ¢ Ã‚â‚¬Ã‚ chủ động duy trì khoảng cách đặt trước giữa các phương tiện thay vì tốc độ đặt trước. Cảm biến tìm khoảng cách bằng laser hoặc radar ở phía trước xe đo khoảng cách với xe phía trước."
CASE_0246,1033534,mixed,10,2219490,0.5598,0.5598,0,vi,"Nếu hệ thống Ahead được thông qua, nó sẽ có thể theo dõi mục tiêu, tính toán thời gian cần thiết để đến một điểm phía trước và lập trình dữ liệu đó vào thời gian đạn phát sáng khi nó đi qua họng súng."
CASE_0246,1039346,endpoint,1,6929174,0.5839,0.5839,0,vi,"Sự im lặng của bầy cừu là một tiểu thuyết của Thomas Harris. Được xuất bản lần đầu tiên vào năm 1988, đây là phần tiếp theo của cuốn tiểu thuyết Rồng Đỏ năm 1981 của Harris. Cả hai cuốn tiểu thuyết đều kể về kẻ giết người hàng loạt ăn thịt đồng loại Tiến sĩ Hannibal Lecter, lần này đọ sức với Đặc vụ"
CASE_0246,1039346,endpoint,2,6929178,0.5682,0.5682,0,vi,"The Silence of the Lambs (Sự im lặng của bầy cừu) là một tiểu thuyết năm 1988 của Thomas Harris (Black Sunday), và là cuốn thứ hai sau Red Dragon với sự tham gia của Hannibal Lecter. Có một kẻ giết người hàng loạt khác, Buffalo Bill, kẻ bắt cóc phụ nữ, giết và lột da họ, và đẩy những con sâu bướm ch"
CASE_0246,1039346,endpoint,3,6929175,0.5354,0.5354,0,vi,"Sự im lặng của bầy cừu là một tiểu thuyết của Thomas Harris. Được xuất bản lần đầu tiên vào năm 1988, đây là phần tiếp theo của cuốn tiểu thuyết Rồng Đỏ năm 1981 của Harris."
CASE_0246,1039346,endpoint,4,4641559,0.5328,0.5328,0,vi,Người chăn cừu đam mê với tình yêu của mình và Lời hồi đáp của nàng tiên nữ được viết bởi Christopher Marlowe và Ngài Walter Raleigh.
CASE_0246,1039346,endpoint,5,5068914,0.5283,0.5283,0,vi,"Jacques PÃƒÆ'Ã‚Â © pin (phát âm tiếng Pháp: ÃƒÂ ¢ Ã‚â‚¬Ã‚â € ¹ [ÃƒÅ Ã‚â € ™ ak pepÃƒâ € ° Ã‚â € ºÃƒÅ'Ã‚Æ ']; sinh ngày 18 tháng 12 , 1935) [1] là một đầu bếp, nhân vật truyền hình và tác giả người Pháp được quốc tế công nhận đang làm việc tại Hoa Kỳ."
CASE_0246,1039346,endpoint,6,7150256,0.5273,0.5273,0,vi,"'Lamb to the Slaughter' của Roald Dahl là một câu chuyện ngắn về vụ sát hại thám tử cảnh sát Patrick Maloney bởi vợ của anh ta là Mary. Bị thúc đẩy giết người sau khi chồng cô thông báo bất ngờ rằng anh ta sẽ bỏ cô và đứa con chưa chào đời của họ, Mary nhanh chóng lấy lại cảm giác của mình sau khi g"
CASE_0246,1039346,endpoint,7,6929176,0.5269,0.5269,0,vi,"The Silence of the Lambs (Sự im lặng của bầy cừu) là một tiểu thuyết năm 1988 của Thomas Harris (Black Sunday), và là cuốn thứ hai sau Red Dragon với sự tham gia của Hannibal Lecter."
CASE_0246,1039346,endpoint,8,2119612,0.5258,0.5258,0,vi,"Chống lại đám nông dân giết người, giết người (tiếng Đức: Wider die Mordischen und Reubischen Rotten der Bawren) là một tác phẩm được viết bởi Martin Luther, có liên quan đến Cuộc chiến của nông dân Đức .artin Luther thường được coi là người đặt nền móng cho Cuộc nổi dậy của nông dân ; tuy nhiên, ôn"
CASE_0246,1039346,endpoint,9,3826765,0.5222,0.5222,0,vi,"Giới thiệu về tác giả. Chuck Klosterman là tác giả cuốn sách Ăn thịt khủng long bán chạy nhất của Thời báo New York; Cú ở trung tâm thành phố; Chuck Klosterman IV; Tự giết mình để sống; Tình dục, Ma túy và Ca cao Puffs; và Fargo Rock City, người chiến thắng Giải thưởng ASCAP-Deems Taylor."
CASE_0246,1039346,endpoint,10,2349245,0.5209,0.5209,0,vi,Sự im lặng của bầy cừu (phim) Từ Wikiquote. The Silence of the Lambs (Sự im lặng của bầy cừu) là bộ phim năm 1991 kể về một thực tập sinh FBI trẻ tuổi đang săn lùng một kẻ giết người hàng loạt lột da và giết thịt nạn nhân của hắn.
CASE_0246,1039346,mixed,1,7150256,0.6117,0.6117,0,vi,"'Lamb to the Slaughter' của Roald Dahl là một câu chuyện ngắn về vụ sát hại thám tử cảnh sát Patrick Maloney bởi vợ của anh ta là Mary. Bị thúc đẩy giết người sau khi chồng cô thông báo bất ngờ rằng anh ta sẽ bỏ cô và đứa con chưa chào đời của họ, Mary nhanh chóng lấy lại cảm giác của mình sau khi g"
CASE_0246,1039346,mixed,2,6929178,0.5931,0.5931,0,vi,"The Silence of the Lambs (Sự im lặng của bầy cừu) là một tiểu thuyết năm 1988 của Thomas Harris (Black Sunday), và là cuốn thứ hai sau Red Dragon với sự tham gia của Hannibal Lecter. Có một kẻ giết người hàng loạt khác, Buffalo Bill, kẻ bắt cóc phụ nữ, giết và lột da họ, và đẩy những con sâu bướm ch"
CASE_0246,1039346,mixed,3,7842369,0.5839,0.5839,1,vi,"books.google.com - Lamb to the Slaughter là một câu chuyện ngắn, sắc sảo, rùng rợn của Roald Dahl, bậc thầy của câu chuyện gây sốc. mặt tối của bản chất con người."
CASE_0246,1039346,mixed,4,6929174,0.581,0.581,0,vi,"Sự im lặng của bầy cừu là một tiểu thuyết của Thomas Harris. Được xuất bản lần đầu tiên vào năm 1988, đây là phần tiếp theo của cuốn tiểu thuyết Rồng Đỏ năm 1981 của Harris. Cả hai cuốn tiểu thuyết đều kể về kẻ giết người hàng loạt ăn thịt đồng loại Tiến sĩ Hannibal Lecter, lần này đọ sức với Đặc vụ"
CASE_0246,1039346,mixed,5,6929176,0.5658,0.5658,0,vi,"The Silence of the Lambs (Sự im lặng của bầy cừu) là một tiểu thuyết năm 1988 của Thomas Harris (Black Sunday), và là cuốn thứ hai sau Red Dragon với sự tham gia của Hannibal Lecter."
CASE_0246,1039346,mixed,6,2119612,0.5575,0.5575,0,vi,"Chống lại đám nông dân giết người, giết người (tiếng Đức: Wider die Mordischen und Reubischen Rotten der Bawren) là một tác phẩm được viết bởi Martin Luther, có liên quan đến Cuộc chiến của nông dân Đức .artin Luther thường được coi là người đặt nền móng cho Cuộc nổi dậy của nông dân ; tuy nhiên, ôn"
CASE_0246,1039346,mixed,7,7842364,0.5548,0.5548,1,vi,Transcript of Lamb to the Slaughter. Lamb to the Slaughter By Roald Dahl Nhân vật động Oxymoron Nhân vật tĩnh Bằng lời nói Trớ trêu chọc ghẹo Kịch tính châm biếm Nhân vật chính tham gia vào cuộc xung đột: Nhân vật chính trong Lamb to the Slaughter là Mary Maloney. OmniscientÃƒÂ ¢ Ã‚â‚¬Ã‚â € Người kể
CASE_0246,1039346,mixed,8,7150260,0.5504,0.5504,0,vi,"Tóm tắt về Lamb to Slaughter. Một đêm, thám tử Patrick Maloney về nhà và thông báo ý định bỏ người vợ Mary đang mang thai của mình. Quá đau khổ, Mary đánh Patrick vào đầu bằng cái đùi cừu đông lạnh mà cô định nấu cho bữa tối."
CASE_0246,1039346,mixed,9,2221041,0.5403,0.5403,0,vi,"Harper Lee. Nelle Harper Lee (28 tháng 4 năm 1926 ÃƒÂ ¢ Ã‚â‚¬Ã‚â € œ ngày 19 tháng 2 năm 2016), được biết đến nhiều hơn với bút danh Harper Lee, là một tiểu thuyết gia người Mỹ được biết đến rộng rãi với tác phẩm To Kill a Mockingbird, xuất bản năm 1960 Thành công ngay lập tức, nó đã giành được giải"
CASE_0246,1039346,mixed,10,4492877,0.5403,0.5403,0,vi,"Về William Blake. 'The Lamb' là một bài thơ ngắn của William Blake, một nhà thơ người Anh sống từ năm 1757 đến năm 1827 và viết vào thời kỳ đầu của phong trào Lãng mạn. chúc phúc cho bạn! '. Khổ thơ thứ hai này cung cấp câu trả lời được đề xuất trong khổ thơ đầu tiên. Blake mô tả Chúa Jesus Christ l"
CASE_0246,1007606,endpoint,1,8796237,0.6853,0.6853,0,vi,"Thông báo quan trọng của Thủ quỹ về Ngày đến hạn thuế Có hiệu lực vào năm 2017, ngày đến hạn thuế bất động sản nửa năm trở thành NGÀY THỨ TƯ ĐẦU TIÊN trong tháng Hai (nửa đầu) và mỗi THỨ TƯ CUỐI CÙNG trong tháng Bảy (nửa cuối). Năm tính thuế 2017 (phải nộp năm 2018) ngày đến hạn nộp thuế: Nửa đầu nă"
CASE_0246,1007606,endpoint,2,5093959,0.673,0.673,0,vi,"Tờ khai thuế thu nhập bất động sản (ủy thác) đến hạn vào ngày 15 của tháng thứ 4 sau khi kết thúc năm. Nếu năm kết thúc vào ngày 31 tháng 12 năm 2015, ngày đến hạn là ngày 15 tháng 4 năm 2016. Nếu năm kết thúc vào ngày 31 tháng 1 năm 2016, ngày đến hạn là ngày 15 tháng 5 năm 2016. Để biết thêm thông"
CASE_0246,1007606,endpoint,3,7953155,0.6672,0.6672,0,vi,"Thuế trả chậm. Thuế bất động sản trở nên quá hạn vào ngày 1 tháng 4 hàng năm. Kể từ ngày 1 tháng 4, lãi suất 3% được cộng vào tổng số tiền thuế phải trả cộng với chi phí và phí quảng cáo. Sau khi các khoản thuế bất động sản trở nên quá hạn, chúng được quảng cáo trên một tờ báo địa phương mỗi tuần mộ"
CASE_0246,1007606,endpoint,4,4984954,0.6658,0.6658,0,vi,Văn phòng Thuế có trách nhiệm đảm bảo rằng giá trị tài sản được đánh giá thống nhất và công bằng giữa tất cả các chủ sở hữu tài sản trong toàn Quận. Tháng 6: Ủy ban của Ủy ban Quận thông qua thuế suất. Tháng 7 - tháng 8: Chủ sở hữu bất động sản nhận được Hóa đơn thuế hàng năm. Ngày 1 tháng 9: Hóa đơ
CASE_0246,1007606,endpoint,5,7726096,0.6598,0.6598,0,vi,"Thuế Bất động sản Đến hạn. Bằng văn bản này, có thông báo cho biết rằng Thuế Bất động sản cho Nửa cuối năm 2014 sẽ đến hạn và phải trả vào hoặc trước Thứ Tư, ngày 15 tháng 7 năm 2015. Các khoản thanh toán được gửi bằng thư phải được Bưu điện Hoa Kỳ đóng dấu bưu điện trước nửa đêm Thứ Tư, ngày 15 thá"
CASE_0246,1007606,endpoint,6,3177851,0.6561,0.6561,0,vi,"Chủ sở hữu tài sản sau đó có thời hạn 45 ngày để khiếu nại giá trị được ấn định. Thông báo thuế. Sau khi giai đoạn xử lý kháng nghị kết thúc, thông báo thuế sẽ được tổng hợp. Thông báo thuế là danh sách chính thức của tất cả các chủ sở hữu bất động sản trong quận, giá trị được đánh giá của bất động"
CASE_0246,1007606,endpoint,7,3718323,0.6559,0.6559,0,vi,Thuế bất động sản sẽ đến hạn nộp vào ngày 31 tháng 12. Nửa đầu tiên của khoản thuế trở thành quá hạn vào ngày 1 tháng 5 tiếp theo và nửa sau sẽ quá hạn vào ngày 1 tháng 9.
CASE_0246,1007606,endpoint,8,8690510,0.6547,0.6547,0,vi,Ngày Đến hạn Thuế Mùa thu: 10 tháng 11 năm 2015 cho tất cả các Bất động sản của Quận Wayne. Nhấp vào LIÊN KẾT NÀY để đến trang của Thủ quỹ Quận Wayne. KHÔNG THỂ thanh toán tài sản cá nhân quá hạn được chứng nhận theo phán quyết của tòa án trên trang web của chúng tôi.
CASE_0246,1007606,endpoint,9,3785798,0.6524,0.6524,0,vi,Xem thông tin liên hệ của chúng tôi có sẵn ở bên trái. Hãy thử nó bằng cách nhấp vào Tìm kiếm Thuế Bất động sản 'ở bên phải của bạn. Năm tài chính (từ ngày 1 tháng 7 đến ngày 30 tháng 6) thuế bất động sản được Thủ quỹ Thành phố lập thành hai phần. Khoản thanh toán nửa đầu sẽ đến hạn vào ngày 5 tháng
CASE_0246,1007606,endpoint,10,795275,0.6513,0.6513,0,vi,"Ngày Đến hạn Thuế Mùa xuân: Ngày 10 tháng 5 năm 2017 cho tất cả các Bất động sản của Quận Wayne. KHÔNG THỂ thanh toán tài sản cá nhân quá hạn được chứng nhận theo phán quyết của tòa án trên trang web của chúng tôi. Để biết thông tin hoặc số tiền đánh giá tài sản cá nhân, hãy liên hệ với Dịch vụ Tín"
CASE_0246,1007606,mixed,1,7251473,0.7245,0.7245,0,vi,Thuế Bất động sản. Thuế bất động sản dựa trên đánh giá bất động sản và thuế suất bất động sản do Ban Giám sát ấn định hàng năm. Thuế bất động sản được thu hai lần một năm ở Quận Loudoun. Ngày đến hạn là ngày 5 tháng 6 và ngày 5 tháng 12. Bạn có thể nộp thuế trực tuyến hoặc bạn có thể thanh toán séc
CASE_0246,1007606,mixed,2,7251475,0.722,0.722,0,vi,"Thuế Bất động sản Thuế bất động sản dựa trên đánh giá bất động sản và thuế suất bất động sản, do Ban Giám sát ấn định hàng năm. Thuế bất động sản được thu hai lần một năm ở Quận Loudoun. Ngày đến hạn là ngày 5 tháng 6 và ngày 5 tháng 12."
CASE_0246,1007606,mixed,3,7251478,0.711,0.711,1,vi,Khi nào thì tôi phải nộp thuế tài sản cá nhân? Thuế tài sản cá nhân được tính nửa năm một lần. Ngày đến hạn nộp thuế đối với tài sản đặt tại Loudoun vào ngày 1 tháng 1 là ngày 5 tháng 5 và ngày 5 tháng 10. Ngày đến hạn đối với bất động sản mua / mua sau ngày 1 tháng 1 như sau: Ngày 1 tháng 1 - ngày
CASE_0246,1007606,mixed,4,8796237,0.7047,0.7047,0,vi,"Thông báo quan trọng của Thủ quỹ về Ngày đến hạn thuế Có hiệu lực vào năm 2017, ngày đến hạn thuế bất động sản nửa năm trở thành NGÀY THỨ TƯ ĐẦU TIÊN trong tháng Hai (nửa đầu) và mỗi THỨ TƯ CUỐI CÙNG trong tháng Bảy (nửa cuối). Năm tính thuế 2017 (phải nộp năm 2018) ngày đến hạn nộp thuế: Nửa đầu nă"
CASE_0246,1007606,mixed,5,7726090,0.7034,0.7034,0,vi,Thuế Bất động sản. Thuế bất động sản dựa trên đánh giá bất động sản và thuế suất bất động sản do Ban Giám sát ấn định hàng năm. Thuế bất động sản được thu hai lần một năm ở Quận Loudoun. Ngày đến hạn là ngày 5 tháng 6 và ngày 5 tháng 12. Thuế Bất động sản. Thuế bất động sản dựa trên đánh giá bất độn
CASE_0246,1007606,mixed,6,7897331,0.6923,0.6923,0,vi,Thuế nửa đầu đến hạn từ ngày 12 tháng 2 đến nửa sau ngày 8 tháng 7. Nhấp vào Dưới đây để tìm kiếm Hồ sơ Bất động sản. 1 Nhấp vào hình ảnh ở trên để khám phá Quận Lorain theo một cách mới bằng cách sử dụng tìm kiếm bất động sản mới nhất của chúng tôi. Người dùng Internet Explorer sẽ phải cập nhật lên
CASE_0246,1007606,mixed,7,2076415,0.6877,0.6877,0,vi,"Vui lòng thanh toán cho: Fond du Lac County Treasurer, 160 South Macy Street, P.O. Hộp 1515, Fond du Lac, WI 54936-1515. Toàn bộ thuế bất động sản hoặc đợt đầu tiên sẽ đến hạn vào ngày 31 tháng 1 và đợt thứ hai sẽ đến hạn vào ngày 31 tháng 7 tại văn phòng Thủ quỹ của Quận."
CASE_0246,1007606,mixed,8,4984954,0.685,0.685,0,vi,Văn phòng Thuế có trách nhiệm đảm bảo rằng giá trị tài sản được đánh giá thống nhất và công bằng giữa tất cả các chủ sở hữu tài sản trong toàn Quận. Tháng 6: Ủy ban của Ủy ban Quận thông qua thuế suất. Tháng 7 - tháng 8: Chủ sở hữu bất động sản nhận được Hóa đơn thuế hàng năm. Ngày 1 tháng 9: Hóa đơ
CASE_0246,1007606,mixed,9,2333168,0.6759,0.6759,0,vi,"Thuế bất động sản phải trả cho Rock Island County. Các chủ sở hữu bất động sản của Quận Rock Island có thời hạn cho đến Thứ Tư, ngày 12 tháng 11, phải trả lần thứ tư và là đợt cuối cùng của năm 2013 thuế tài sản bất động sản. Nếu không nộp thuế đúng hạn, người nộp thuế phải nộp phạt 1,5 phần trăm mỗ"
CASE_0246,1007606,mixed,10,4680803,0.6758,0.6758,0,vi,"Hoặc, truy cập Trang web của Hội đồng Bầu cử Quận Medina để in Mẫu Đăng ký của riêng bạn. Chỉ cần nhấp vào liên kết dưới đây. www.boe.co.medina.oh.us/. ******************************. Hóa đơn Thuế Bất động sản nửa cuối năm 2014 đã được gửi qua đường bưu điện vào ngày 12 tháng 6. Các khoản thuế sẽ đế"
CASE_0246,1016676,endpoint,1,2643954,0.5445,0.5445,0,vi,"HUYỀN THOẠI CỦA KANSAS. Monument Rocks - Kim tự tháp của vùng đồng bằng. Nổi lên trên vùng đồng bằng ở Quận Gove ở phía tây Kansas là Monument Rocks, một loạt các khối đá phấn lớn được hình thành cách đây khoảng 80 triệu năm. Còn được gọi là Kim tự tháp Phấn, địa điểm này là Mốc tự nhiên Quốc gia đầ"
CASE_0246,1016676,endpoint,2,5341428,0.5261,0.5261,0,vi,"Hoxie, KS. Cây trồng tốt và Gia đình lớn là trung tâm của Hoxie, Kansas, nơi mà tinh thần tiên phong bắt nguồn từ những người định cư ban đầu ở Tây Bắc Kansas vẫn còn phổ biến. Hoxie là một cộng đồng nông nghiệp coi trọng sự chăm chỉ và chính trực."
CASE_0246,1016676,endpoint,3,4122742,0.5261,0.5261,0,vi,Đầu nguồn của sông Sacramento là một Công viên Thành phố ở Núi Shasta. Lên kế hoạch cho chuyến đi đường bộ của bạn đến Headwaters of the Sacramento River ở CA với Roadtrippers.
CASE_0246,1016676,endpoint,4,8542542,0.524,0.524,0,vi,"Nếu việc đặt vé máy bay đến Thành phố Kansas nằm trong danh sách du lịch phải làm của bạn thì hãy lên kế hoạch trước ÃƒÂ ¢ Ã‚â‚¬Ã‚â € œ thereÃƒÂ ¢ Ã‚â‚¬Ã‚â có rất nhiều việc phải làm và xem trong này Thị trấn Trung Tây, thật khó để biết bắt đầu từ đâu. Bắt đầu chuyến đi đến Thành phố Kansas của bạn"
CASE_0246,1016676,endpoint,5,894622,0.5237,0.5237,0,vi,"Công viên Carnival, Thành phố Kansas, Kas. Công viên Rừng mở cửa vào năm 1903 trong khi Fairmount hôn mê. Nằm trong công viên Đông Bắc của KC, phía nam Đại lộ Độc lập và Hardesty, nơi vẫn còn tòa nhà Quartermaster cũ. Được xây dựng bởi Đại tá Hopkins với giá 195.000 đô la trên đất trang trại và vườn"
CASE_0246,1016676,endpoint,6,8207993,0.5225,0.5225,0,vi,"Đồi mùa xuân, Kansas. Spring Hill là một thành phố thuộc các quận Johnson và Miami thuộc bang Kansas của Hoa Kỳ, và là một phần của Vùng đô thị thành phố Kansas. Theo điều tra dân số năm 2010, dân số thành phố là 5.437 người. [6]"
CASE_0246,1016676,endpoint,7,1316527,0.5219,0.5219,0,vi,"Jon lớn lên bên bờ sông Rockcastle ở Nam Trung tâm Kentucky, dưới chân dãy núi Appalachian. Đó là nơi anh bắt đầu một mối tình với thiên nhiên. Jon là chủ sở hữu của Công ty Thương mại Rockcastle River, một cửa hàng nhà và vườn nổi tiếng nằm trên tài sản của gia đình anh ở Livingston, Kentucky."
CASE_0246,1016676,endpoint,8,5259775,0.5218,0.5218,0,vi,"Đồi Carbon là một thành phố rộng 1.980 trên 5,6 miÃ‚Â² ở phía tây Quận Walker, giao với I-22, Xa lộ 78 của Hoa Kỳ và Xa lộ Bang Alabama 118. Khu vực này lần đầu tiên được định cư vào đầu những năm 1820. Việc xây dựng Đường sắt Kansas City, Memphis & Birmingham đã mở ra khu vực khai thác mỏ."
CASE_0246,1016676,endpoint,9,7538454,0.5189,0.5189,0,vi,"Đồi Carbon được bắt đầu như một thị trấn khai thác mỏ nhỏ ở phía tây Quận Walker. Thành phố nằm ở 33Ãƒâ € šÃ‚Â ° 53ÃƒÂ ¢ Ã‚â‚¬Ã‚Â²26ÃƒÂ ¢ Ã‚â‚¬Ã‚Â³N 87Ãƒâ € šÃ‚Â ° 31ÃƒÂ ¢ Ã‚â‚¬Ã‚Â²28ÃƒÂ ¢ Ã‚â ‚¬Ã‚Â³W / 33.89056Ãƒâ € šÃ‚Â ° N 87.52444Ãƒâ € šÃ‚Â ° W / 33.89056; -87.52444 (33.890690, -87.524307)."
CASE_0246,1016676,endpoint,10,7533478,0.5159,0.5159,0,vi,"Kansas. Một trung tâm vũ trụ tuyệt vời, quê hương của aviatrix Amelia Earhart và một đồng cỏ rộng mở truyền cảm hứng cho tinh thần phiêu lưu trong Trạng thái Hướng dương. Du lịch đến Flint Hills, Wichita, Atchison, Leavenworth, Topeka, Lawrence, Kansas City và các điểm đến tuyệt vời khác của Kansas."
CASE_0246,1016676,mixed,1,7238816,0.5768,0.5768,0,vi,"Bảo tàng Boot Hill. Bảo tàng Boot Hill nằm trên vị trí ban đầu của Nghĩa trang Boot Hill ở Thành phố Dodge, Kansas. Nền Văn Hóa phổ biến. Boot Hill là tên của nghĩa trang ở Thành phố Dodge trong loạt phim phát thanh Gunsmoke. Trong nhiều tập phim, cảnh sát trưởng (Matt Dillon) sẽ ám chỉ"
CASE_0246,1016676,mixed,2,3987428,0.5743,0.5743,0,vi,"Đồi Hoa Hồng, KS. Chủ đề được tài trợ. Rose Hill là một thành phố thuộc Quận Butler, Kansas, Hoa Kỳ. Theo điều tra dân số năm 2010, dân số thành phố là 3.931 người. Rose Hill tọa lạc tại 37Ãƒâ € šÃ‚Â ° 34ÃƒÂ ¢ Ã‚â‚¬Ã‚Â²5ÃƒÂ ¢ Ã‚â‚¬Ã‚Â³N 97Ãƒâ € šÃ‚Â ° 8ÃƒÂ ¢ Ã‚â‚¬Ã‚Â²1ÃƒÂ ¢ Ã‚â ‚¬Ã‚Â³W / 37.56806Ãƒâ"
CASE_0246,1016676,mixed,3,7238811,0.5653,0.5653,1,vi,"Nguồn gốc của kỳ hạn. Mặc dù nhiều thị trấn sử dụng tên Boot Hill, nghĩa địa đầu tiên có tên Boot Hill là ở Hays, Kansas, 5 năm trước khi thành lập Dodge City, Kansas. Thuật ngữ này ám chỉ thực tế là nhiều người cư ngụ tại đây là những cao bồi đã chết với đôi ủng của họ, ngụ ý ở đây là họ chết một c"
CASE_0246,1016676,mixed,4,7238810,0.5605,0.5605,0,vi,Thị trấn Ma - Bảo tàng Đồi Boot. 1 Hoa Kỳ. 2 Kansas (KS) 3 Dodge City. 4 Dodge City - Hoạt động giải trí. 5 Bảo tàng Boot Hill.
CASE_0246,1016676,mixed,5,8207993,0.5603,0.5603,0,vi,"Đồi mùa xuân, Kansas. Spring Hill là một thành phố thuộc các quận Johnson và Miami thuộc bang Kansas của Hoa Kỳ, và là một phần của Vùng đô thị thành phố Kansas. Theo điều tra dân số năm 2010, dân số thành phố là 5.437 người. [6]"
CASE_0246,1016676,mixed,6,1901865,0.5441,0.5441,0,vi,"Gia đình tập trung với sự hiện diện của công ty ... Thị trấn Rocky Hill, Connecticut nằm dọc theo bờ sông Connecticut, 8 dặm về phía nam của thủ đô Hartford. Chúng tôi có dân số 19.000 người và chiếm 13,9 dặm vuông. Thị trấn cũng đã được xếp hạng 35 Nơi tốt nhất để sống trong cả nước bởi Tạp chí Mon"
CASE_0246,1016676,mixed,7,3987424,0.5415,0.5415,0,vi,"Đồi hoa hồng, Kansas. Rose Hill là một thành phố thuộc Quận Butler, Kansas, Hoa Kỳ. Theo điều tra dân số năm 2010, dân số thành phố là 3.931 người."
CASE_0246,1016676,mixed,8,2882213,0.5348,0.5348,0,vi,"Kansas / Ãƒâ € ¹Ã‚Ë † kÃƒÆ’Ã‚Â¦nzÃƒâ € ° Ã‚â „¢ s / là một tiểu bang của Hoa Kỳ nằm ở Trung Tây Hoa Kỳ. Thủ đô của nó là Topeka và thành phố lớn nhất của nó là Wichita. Kansas được đặt tên theo bộ lạc người Mỹ bản địa Kansa, sinh sống trong khu vực. Tên bộ lạc (nguyên bản là kkÃâ € žÃ‚â € ¦: ze) thư"
CASE_0246,1016676,mixed,9,8826208,0.5329,0.5329,0,vi,"Rose Hill là một thành phố thuộc Quận Butler, Kansas, Hoa Kỳ."
CASE_0246,1016676,mixed,10,2682325,0.5318,0.5318,0,vi,"Những người đáng chú ýEdit. 1 Tom Hanks: Diễn viên đoạt giải Oscar và Quả cầu vàng lớn lên và trải qua thời thơ ấu ở Pleasant Hill, CA (IMSA) 2 Ron Wotus: Bench Coach for the San Francisco Giants (huấn luyện viên là chỉ huy thứ hai của người quản lý ). Ron sống với vợ Laurie ở Pleasant Hill, Califor"
CASE_0246,1048876,endpoint,1,5899111,0.5303,0.5303,0,vi,"Trong phim `` Mặt nạ '', Cher đóng vai Rusty Dennis Mason. Eric Stolz đóng vai thiếu niên Rocky Dennis, một chú vịt con xấu xí không thể sống để trở thành thiên nga, một cậu bé mắc một căn bệnh bẩm sinh gây tử vong hiếm gặp đến mức chỉ có sáu trường hợp khác từng được báo cáo. Các bác sĩ nói với mẹ"
CASE_0246,1048876,endpoint,2,8554054,0.4955,0.4955,0,vi,Novak trong vai Kid President năm 2013. Robby Novak (sinh ngày 26 tháng 1 năm 2004) là một nhân vật người Mỹ nổi tiếng với vai diễn Kid President trên mạng và trên truyền hình. Anh xuất hiện trong một loạt video trên YouTube và trong một chương trình truyền hình do công ty truyền thông SoulPancake c
CASE_0246,1048876,endpoint,3,6095996,0.4795,0.4795,0,vi,"Công ty sản xuất phim truyền hình Screen Gems đã chọn Jones vào vai Shirley Partridge, chàng trai trung thành trong tương lai David Cassidy trong vai Keith, và bốn diễn viên nhí không biết ca hát cho các vai Laurie, Danny, Tracy và Chris Partridge, do Susan Dey, Danny Bonaduce, và Suzanne Crough. Ch"
CASE_0246,1048876,endpoint,4,6663137,0.4791,0.4791,0,vi,Terrell Carter trong vai Tiến sĩ Paul Bowman; Dino Hanson trong vai Calvin Rhodes Sr. Christian Keyes trong vai Tiến sĩ Harris; Ryan Gentles trong vai Nick Lovett; Matisha Baldwin trong vai Angela Lovett; Diễn viên tham quan trực tiếp. David Mann trong vai Mr.Brown; Tamela Mann trong vai Cora; Chand
CASE_0246,1048876,endpoint,5,3468464,0.4783,0.4783,0,vi,"Trân trọng, tôi không đồng ý với quan điểm Trái đất trẻ của Tiến sĩ Hovind. Tiến sĩ John R. Rice cũng giữ chức vụ Trái đất trẻ. Tôi tin vào một Trái đất cũ, cũng như người kế nhiệm của Tiến sĩ Rice tại Gươm của Chúa, Tiến sĩ Curtis Hutson (Tôi sẽ giải thích điều này chi tiết hơn sau). Có nhiều tranh"
CASE_0246,1048876,endpoint,6,7964947,0.4776,0.4776,0,vi,Peter Michael Bergman (sinh ngày 11 tháng 6 năm 1953) là một nam diễn viên người Mỹ được biết đến nhiều nhất với vai diễn Tiến sĩ Cliff Warner trong All My Children (1979ÃƒÂ ¢ Ã‚â‚¬Ã‚â € œ89) cũng như Jack Abbott trong The Young and the Restless (1989ÃƒÂ ¢ Ã‚â‚¬Ã‚â € œpresent).
CASE_0246,1048876,endpoint,7,8717081,0.4768,0.4768,0,vi,"Đối với phòng trưng bày, hãy xem phòng trưng bày Peter Bergman. Peter Michael Bergman (sinh ngày 11 tháng 6 năm 1953) là một nam diễn viên người Mỹ được biết đến nhiều nhất với vai diễn Tiến sĩ Cliff Warner trong All My Children (1979ÃƒÂ ¢ Ã‚â‚¬Ã‚â € œ89) cũng như Jack Abbott trong The Young and the"
CASE_0246,1048876,endpoint,8,8227987,0.4758,0.4758,0,vi,"Một số câu chuyện với anh ta và Gibbs ----- Tên thật của Ducky (trong chương trình) là Tiến sĩ Donald Mallard - và vịt trời là một loại vịt nên Gibbs ÃƒÂ ¢ Ã‚â‚¬Ã‚Â¦ gọi anh ta là Ducky . ----- Anh ấy đã bị trêu chọc ở trường với biệt danh Ducky do tên được đặt của anh ấy, Donald (như trong con vịt"
CASE_0246,1048876,endpoint,9,420070,0.4747,0.4747,0,vi,"'NCIS's' Weatherly to star in CBS pilot dựa trên Tiến sĩ trẻ Phil. Michael Weatherly sẽ rời khỏi bộ phim truyền hình được đánh giá cao nhất của CBS, NCIS, nhưng anh ấy có thể sẽ ở lại mạng. Được người hâm mộ yêu thích với vai đặc vụ Anthony DiNozzo của NCIS, Weatherly đã ký hợp đồng đóng vai chính t"
CASE_0246,1048876,endpoint,10,6547519,0.4745,0.4745,0,vi,"Noah Munck. Noah Bryant Munck (sinh ngày 3 tháng 5 năm 1996) [2] là một diễn viên, diễn viên hài và nhà sản xuất âm nhạc người Mỹ. Anh được biết đến với vai diễn Gibby trong loạt phim Nickelodeon iCarly, và những lần xuất hiện trong vai Bobby Sinclair, doanh nhân cắt cỏ trẻ em trong quảng cáo TruGre"
CASE_0246,1048876,mixed,1,7887619,0.545,0.545,0,vi,Một đoạn hồi tưởng về cuộc đời của Tiến sĩ Donald Mallard xuất hiện rất nhiều trên NCIS mùa 12. Chúng tôi được biết rằng loạt phim CBS đã khai thác diễn viên Mixology Brit Adam Campbell để đóng vai Ducky thời trẻ trong một tập tháng 10. Đoạn hồi tưởng sẽ làm sáng tỏ các mối quan hệ trong quá khứ của
CASE_0246,1048876,mixed,2,420070,0.5443,0.5443,0,vi,"'NCIS's' Weatherly to star in CBS pilot dựa trên Tiến sĩ trẻ Phil. Michael Weatherly sẽ rời khỏi bộ phim truyền hình được đánh giá cao nhất của CBS, NCIS, nhưng anh ấy có thể sẽ ở lại mạng. Được người hâm mộ yêu thích với vai đặc vụ Anthony DiNozzo của NCIS, Weatherly đã ký hợp đồng đóng vai chính t"
CASE_0246,1048876,mixed,3,7887620,0.5369,0.5369,1,vi,"Tiến sĩ Donald Ducky Mallard (David McCallum) là giám định y khoa chính tại NCIS. Biệt danh của anh ấy là Ducky, mà nhóm NCIS gọi anh ấy là, là một cách chơi chữ trên họ của anh ấy là Mallard. Khi anh ấy còn trẻ, anh ấy đã đi theo Donnie."
CASE_0246,1048876,mixed,4,4881033,0.5366,0.5366,0,vi,"Tiến sĩ Donald Ducky Mallard (David McCallum) là giám định y khoa chính tại NCIS. Biệt danh của anh ấy là Ducky, mà nhóm NCIS gọi anh ấy là, là một cách chơi chữ trên họ của anh ấy là Mallard. Khi anh ấy còn trẻ, anh ấy đã đi theo Donnie. Mallard là người Scotland sinh ra và là bạn lâu năm với Gibbs"
CASE_0246,1048876,mixed,5,6663137,0.5354,0.5354,0,vi,Terrell Carter trong vai Tiến sĩ Paul Bowman; Dino Hanson trong vai Calvin Rhodes Sr. Christian Keyes trong vai Tiến sĩ Harris; Ryan Gentles trong vai Nick Lovett; Matisha Baldwin trong vai Angela Lovett; Diễn viên tham quan trực tiếp. David Mann trong vai Mr.Brown; Tamela Mann trong vai Cora; Chand
CASE_0246,1048876,mixed,6,5604975,0.5303,0.5303,0,vi,"CAST BIOS. AIDAN GALLAGHER (Nicky Harper). Nicky Harper, do Aidan Gallagher thủ vai, có thể là người nhỏ nhất trong Quads, nhưng anh ấy đã bù đắp điều đó bằng một sự tự tin không thể che giấu giúp anh ấy vượt qua ngay cả những tình huống khó khăn nhất. Sinh ra ở Los Angeles, CA, Gallagher bắt đầu di"
CASE_0246,1048876,mixed,7,7887624,0.5259,0.5259,0,vi,"Tiến sĩ Donald Mallard. Tiến sĩ Donald Ducky Mallard (David McCallum), người rất kính trọng những người đã khuất. Anh ấy là giám định viên y tế tại NCIS và đã nhìn thấy tất cả. Sự tập trung và khả năng phán đoán của anh ấy luôn chắc chắn."
CASE_0246,1048876,mixed,8,2562531,0.5231,0.5231,0,vi,Alexander SkarsgÃƒÆ’Ã‚Â ¥ rd. Alexander Johan Hjalmar SkarsgÃƒÆ'Ã‚Â ¥ rd (phát âm tiếng Thụy Điển: [Ãƒâ € ¹Ã‚Ë † skÃƒâ € ° Ã‚â € ˜Ãƒâ € ¹Ã ‚ÃƒÅ Ã‚â € šÃƒâ € ° Ã‚Â¡oÃƒâ € ¹Ã‚ Ãƒâ € ° Ã‚â € “]; sinh ngày 25 tháng 8 năm 1976) là một diễn viên người Thụy Điển. Anh được biết đến qua các vai ma cà rồng Er
CASE_0246,1048876,mixed,9,3940238,0.52,0.52,0,vi,Alexander SkarsgÃƒÆ’Ã‚Â ¥ rd. Alexander Johan Hjalmar SkarsgÃƒÆ'Ã‚Â ¥ rd (phát âm tiếng Thụy Điển: [Ãƒâ € ¹Ã‚Ë † skÃƒâ € ° Ã‚â € ˜Ãƒâ € ¹Ã ‚ÃƒÅ Ã‚â € šÃƒâ € ° Ã‚Â¡oÃƒâ € ¹Ã‚ Ãƒâ € ° Ã‚â € “]; sinh ngày 25 tháng 8 năm 1976) là một diễn viên người Thụy Điển. Anh được biết đến qua các vai ma cà rồng Er
CASE_0246,1048876,mixed,10,7081007,0.5189,0.5189,0,vi,"Peter Davison (The Doctor), Sarah Sutton (Nyssa), Leslie Ash (Mother), Christian Coulson (Robert McIntosh), John Pickard (Thomas Brewster), Barry McCarthy (Creek), Sid Mitchell (Pickens), Trevor Cooper (Shanks) ."
CASE_0246,1080253,endpoint,1,1676534,0.6413,0.6413,0,vi,"Ánh sáng yếu. Ánh sáng yếu là một phong cách chiếu sáng cho nhiếp ảnh, phim hoặc truyền hình. Nó là một yếu tố cần thiết để tạo ra hiệu ứng chiaroscuro. [1] Chiếu sáng chụp ảnh truyền thống, chiếu sáng ba điểm sử dụng đèn chính, đèn phụ và đèn nền để chiếu sáng."
CASE_0246,1080253,endpoint,2,7084556,0.6327,0.6327,0,vi,"Ánh sáng yếu. Ánh sáng yếu là một phong cách chiếu sáng cho nhiếp ảnh, phim hoặc truyền hình. Nó là một yếu tố cần thiết để tạo ra hiệu ứng chiaroscuro. [1] Chiếu sáng chụp ảnh truyền thống, chiếu sáng ba điểm sử dụng đèn chính, đèn phụ và đèn nền để chiếu sáng. Đèn chiếu sáng yếu thường chỉ sử dụng"
CASE_0246,1080253,endpoint,3,7149211,0.6311,0.6311,1,vi,"Nhiếp ảnh đại diện cho một sự cải tiến rất lớn đối với mắt người, nhưng nó vẫn có những hạn chế. Phim chụp ảnh không hiệu quả: chỉ khoảng 1% ánh sáng thực sự chiếu vào phim góp phần vào sự thay đổi hóa học tạo nên hình ảnh; phần còn lại bị lãng phí. Các nhà thiên văn ngày nay có nhiều máy dò điện tử"
CASE_0246,1080253,endpoint,4,4195242,0.6263,0.6263,0,vi,"Trong điện ảnh, việc sử dụng ánh sáng có thể ảnh hưởng đến ý nghĩa của cảnh quay. Ví dụ, các nhà làm phim thường khắc họa những nhân vật phản diện bị che khuất hoặc che đậy bằng cách sử dụng hình bóng. Các kỹ thuật liên quan đến ánh sáng bao gồm đèn nền (hình bóng) và ánh sáng yếu (ánh sáng xuyên qu"
CASE_0246,1080253,endpoint,5,584201,0.6208,0.6208,0,vi,"Một nửa và các kịch bản tốt nghiệp. Một nửa scrim, như ngụ ý của tên gọi, chỉ có lưới nằm ngang một nửa, sẽ cho phép toàn bộ cường độ ánh sáng chiếu xuống một phần của cảnh. Một tập lệnh chia độ thay đổi cường độ của ánh sáng từ nó. Ngoài trời và nhiếp ảnh"
CASE_0246,1080253,endpoint,6,3354670,0.6136,0.6136,0,vi,"Ánh sáng yếu thường được sử dụng trong quảng cáo sản phẩm. Máy ảnh này được chiếu sáng bằng hộp mềm ở trên, với một tấm phản xạ màu trắng ở phía trước bên trái. Ảnh chân dung của một người phụ nữ ở độ chính xác thấp. Ánh sáng yếu là một phong cách chiếu sáng cho nhiếp ảnh, phim hoặc truyền hình, là"
CASE_0246,1080253,endpoint,7,4574625,0.6129,0.6129,0,vi,"Thiếu sáng và dư sáng [sửa] Một bức ảnh có thể được mô tả là thừa sáng khi nó bị mất chi tiết vùng sáng, tức là khi các phần sáng quan trọng của hình ảnh bị trôi đi hoặc thực sự là toàn bộ màu trắng, được gọi là vùng sáng bị lóa hoặc phần trắng bị cắt."
CASE_0246,1080253,endpoint,8,3490479,0.6112,0.6112,0,vi,"Hình ảnh Comstock / Comstock / Getty. Chiếu sáng cảnh cho phim là một phần không thể thiếu của nghệ thuật phương tiện. Nếu thực hiện sai, người xem sẽ không thấy đủ cảnh hoặc xem quá nhiều và không tạo ra phản ứng cảm xúc mong muốn."
CASE_0246,1080253,endpoint,9,1676538,0.6096,0.6096,0,vi,"Chụp ảnh thiếu sáng chân dung phụ nữ Ánh sáng yếu là một kiểu chiếu sáng dành cho nhiếp ảnh, phim hoặc truyền hình. Nó là một yếu tố cần thiết để tạo ra hiệu ứng chiaroscuro. Chiếu sáng chụp ảnh truyền thống, chiếu sáng ba điểm sử dụng đèn chính, đèn phụ và đèn nền để chiếu sáng."
CASE_0246,1080253,endpoint,10,8368385,0.6088,0.6088,0,vi,"Điều này dẫn đến ánh sáng khó nhất và có màu trung tính nhất vào bất kỳ thời điểm nào trong ngày và thường là loại ánh sáng tự nhiên ít được mong muốn nhất. Do những hạn chế này, các nhiếp ảnh gia quá thường xuyên đặt máy ảnh của họ ÃƒÂ ¢ Ã‚â‚¬Ã‚â € có khả năng bỏ lỡ những cơ hội duy nhất."
CASE_0246,1080253,mixed,1,7149211,0.6368,0.6368,1,vi,"Nhiếp ảnh đại diện cho một sự cải tiến rất lớn đối với mắt người, nhưng nó vẫn có những hạn chế. Phim chụp ảnh không hiệu quả: chỉ khoảng 1% ánh sáng thực sự chiếu vào phim góp phần vào sự thay đổi hóa học tạo nên hình ảnh; phần còn lại bị lãng phí. Các nhà thiên văn ngày nay có nhiều máy dò điện tử"
CASE_0246,1080253,mixed,2,1676534,0.6263,0.6263,0,vi,"Ánh sáng yếu. Ánh sáng yếu là một phong cách chiếu sáng cho nhiếp ảnh, phim hoặc truyền hình. Nó là một yếu tố cần thiết để tạo ra hiệu ứng chiaroscuro. [1] Chiếu sáng chụp ảnh truyền thống, chiếu sáng ba điểm sử dụng đèn chính, đèn phụ và đèn nền để chiếu sáng."
CASE_0246,1080253,mixed,3,1483643,0.6211,0.6211,0,vi,"Trong trường hợp chiếu sáng, chỉ 10% của một phần tư còn lại được chuyển thành ánh sáng và 90%. như nhiệt thải vô ích của các bóng đèn hiệu quả nhất. Sau đó, ít hơn một nửa trong số 10%. đó là ánh sáng rơi vào mục tiêu đã định."
CASE_0246,1080253,mixed,4,584201,0.6208,0.6208,0,vi,"Một nửa và các kịch bản tốt nghiệp. Một nửa scrim, như ngụ ý của tên gọi, chỉ có lưới nằm ngang một nửa, sẽ cho phép toàn bộ cường độ ánh sáng chiếu xuống một phần của cảnh. Một tập lệnh chia độ thay đổi cường độ của ánh sáng từ nó. Ngoài trời và nhiếp ảnh"
CASE_0246,1080253,mixed,5,7084556,0.6196,0.6196,0,vi,"Ánh sáng yếu. Ánh sáng yếu là một phong cách chiếu sáng cho nhiếp ảnh, phim hoặc truyền hình. Nó là một yếu tố cần thiết để tạo ra hiệu ứng chiaroscuro. [1] Chiếu sáng chụp ảnh truyền thống, chiếu sáng ba điểm sử dụng đèn chính, đèn phụ và đèn nền để chiếu sáng. Đèn chiếu sáng yếu thường chỉ sử dụng"
CASE_0246,1080253,mixed,6,4574625,0.6106,0.6106,0,vi,"Thiếu sáng và dư sáng [sửa] Một bức ảnh có thể được mô tả là thừa sáng khi nó bị mất chi tiết vùng sáng, tức là khi các phần sáng quan trọng của hình ảnh bị trôi đi hoặc thực sự là toàn bộ màu trắng, được gọi là vùng sáng bị lóa hoặc phần trắng bị cắt."
CASE_0246,1080253,mixed,7,563485,0.6087,0.6087,0,vi,"Việc đo sáng được tập trung nhiều vào trung tâm (hoặc điểm lấy nét được chọn trước) chỉ bao phủ 3,8% diện tích khung ngắm (trung bình). Giả sử bạn đang chụp ảnh một kho thóc khổng lồ vào một ngày nắng đẹp và cửa chính mở toang."
CASE_0246,1080253,mixed,8,3354670,0.6086,0.6086,0,vi,"Ánh sáng yếu thường được sử dụng trong quảng cáo sản phẩm. Máy ảnh này được chiếu sáng bằng hộp mềm ở trên, với một tấm phản xạ màu trắng ở phía trước bên trái. Ảnh chân dung của một người phụ nữ ở độ chính xác thấp. Ánh sáng yếu là một phong cách chiếu sáng cho nhiếp ảnh, phim hoặc truyền hình, là"
CASE_0246,1080253,mixed,9,8794707,0.6071,0.6071,0,vi,"Thiếu sáng và phơi sáng quá mức. Một bức ảnh có thể được mô tả là thừa sáng khi nó bị mất chi tiết vùng sáng, nghĩa là khi các phần sáng quan trọng của ảnh bị trôi đi hoặc thực sự là toàn bộ màu trắng, được gọi là vùng sáng bị lóa hoặc phần trắng bị cắt bớt."
CASE_0246,1080253,mixed,10,1513493,0.6071,0.6071,0,vi,Tính chất nào của ánh sáng khiến một người đang đứng ở eo sâu trong bể bơi có vẻ như bị ngắn chân. khúc xạ Sáu mươi phần trăm về ánh sáng tới trên một mảnh thủy tinh nhất định đi qua nó.
CASE_0246,1085245,endpoint,1,302419,0.5435,0.5435,0,vi,"Homefacts Báo cáo Thành phố. Sông Upper Saddle nằm ở Quận Bergen, NJ. Dân số là 8.186 người. Có 3 trường công lập ở Upper Saddle River có xếp hạng Homefacts trung bình là A +. Tổng tỷ lệ tội phạm ở Upper Saddle River là rất thấp, và có 0 tội phạm tình dục được đăng ký cư trú trong thành phố."
CASE_0246,1085245,endpoint,2,2897400,0.5321,0.5321,0,vi,"Sông Nam, NJ. Chủ đề được tài trợ. South River là một Quận ở Quận Middlesex, New Jersey, Hoa Kỳ. Theo Điều tra dân số Hoa Kỳ năm 2000, dân số của quận là 15.322. Khu vực ngày nay là South River ban đầu được hình thành với tên gọi là thị trấn Washington bên trong Thị trấn Đông Brunswick vào ngày 23 t"
CASE_0246,1085245,endpoint,3,837022,0.5283,0.5283,0,vi,"Hồ Spring, New Jersey. Homefacts Báo cáo Thành phố. Spring Lake nằm ở Monmouth County, NJ. Dân số là 3.018 người. Có 2 trường công lập ở Hồ Xuân với điểm Homefacts trung bình là A. Tổng tỷ lệ tội phạm ở Hồ Xuân rất thấp và có 1 trường hợp phạm tội tình dục đã đăng ký cư trú tại thành phố."
CASE_0246,1085245,endpoint,4,2897399,0.5275,0.5275,0,vi,"Thông tin sông Nam. South River, New Jersey nằm ở Quận Middlesex. Các mã zip ở South River, NJ bao gồm 08882 và 08877. Giá nhà trung bình ở South River là $ 242,500, tức là khoảng $ 180 / foot vuông."
CASE_0246,1085245,endpoint,5,6082224,0.5232,0.5232,0,vi,"Hội nghị thượng đỉnh, NJ. Phiếu mua hàng trực tuyến. Summit là một thành phố thuộc Quận Union, New Jersey, Hoa Kỳ và một vùng ngoại ô giàu có của Thành phố New York. Tại cuộc Điều tra dân số Hoa Kỳ năm 2010, dân số của thành phố là 21.457 người. Summit có thu nhập bình quân đầu người cao thứ 16 tron"
CASE_0246,1085245,endpoint,6,3011070,0.5202,0.5202,0,vi,"New Providence là một quận ở rìa tây bắc của Quận Union, New Jersey, Hoa Kỳ. Nó nằm trên sông Passaic, tạo thành ranh giới của hạt với Hạt Morris."
CASE_0246,1085245,endpoint,7,5958019,0.5173,0.5173,0,vi,"New Providence, New Jersey. New Providence là một quận ở rìa tây bắc của Quận Union, New Jersey, Hoa Kỳ. Nó nằm trên sông Passaic, tạo thành ranh giới của hạt với Hạt Morris."
CASE_0246,1085245,endpoint,8,203393,0.5167,0.5167,0,vi,"Cộng đồng Nhà Mới ở Công viên Highland, Công viên Cao nguyên NJ là một thị trấn xinh đẹp quyến rũ ở Hạt Middlesex, New Jersey. Thị trấn được đặt tên theo công viên như khung cảnh của nó, kết hợp với vị trí bình dị trên vùng đất cao bên bờ sông Raritan và khung cảnh ngoạn mục của New Brunswick, khiến"
CASE_0246,1085245,endpoint,9,4744718,0.5155,0.5155,0,vi,"Harbortown cung cấp 18 cách bố trí nổi bật của các căn nhà phố 2 và 3 phòng ngủ rộng rãi. Nằm cách các Tuyến đường 440, 287 và Cầu Bên ngoài chỉ vài phút. Đi bộ đến khu mua sắm ở trung tâm thành phố, lối đi dạo bên bờ sông, sân bóng đá và bóng chày. Cách NJ Transit Train and Bus 5 phút."
CASE_0246,1085245,endpoint,10,4385322,0.5134,0.5134,0,vi,"SPRING LAKE HEIGHTS Mã Zip (NJ) Mã Zip cho Spring Lake Heights là. Spring Lake Heights là một quận của Monmouth, New Jersey trong khu vực Trung Đại Tây Dương của Hoa Kỳ. Nó nằm cách thủ đô Trenton của NJ khoảng 39 dặm về phía đông. Trong cuộc điều tra dân số gần đây nhất của Hoa Kỳ, dân số của Sprin"
CASE_0246,1085245,mixed,1,302419,0.6963,0.6963,0,vi,"Homefacts Báo cáo Thành phố. Sông Upper Saddle nằm ở Quận Bergen, NJ. Dân số là 8.186 người. Có 3 trường công lập ở Upper Saddle River có xếp hạng Homefacts trung bình là A +. Tổng tỷ lệ tội phạm ở Upper Saddle River là rất thấp, và có 0 tội phạm tình dục được đăng ký cư trú trong thành phố."
CASE_0246,1085245,mixed,2,302424,0.633,0.633,0,vi,"Upper Saddle River, NJ 07458. 5.500 đô la. Căn hộ & Cho thuê ở Khu vực Upper Saddle River: Danh sách Căn hộ & Cho thuê Ãƒâ € šÃ‚Â ». Khi tìm kiếm ở Upper Saddle River, NJ.com muốn bạn có tất cả thông tin phù hợp để giúp bạn đưa ra quyết định tốt nhất có thể. Chúng tôi biết rằng việc tìm kiếm có thể"
CASE_0246,1085245,mixed,3,7120828,0.624,0.624,1,vi,"Upper Saddle River, Bergen County, NJ Những ngôi nhà & bất động sản đã bán gần đây (148 kết quả) Khám phá những ngôi nhà và bất động sản đã bán gần đây ở Upper Saddle River, Bergen County, NJ. Xem ảnh mới nhất, tình trạng danh sách tịch biên, hồ sơ tài sản, chi tiết khoản vay, các trường học lân cận"
CASE_0246,1085245,mixed,4,302425,0.6229,0.6229,0,vi,"Học khu Upper Saddle River nằm ở Upper Saddle River, NJ, ở phía bắc Quận Bergen cách Thành phố New York khoảng 25 dặm về phía bắc. Chúng tôi mời bạn khám phá trang web của chúng tôi và tìm hiểu về những trải nghiệm học tập tuyệt vời và thú vị xảy ra trong học khu. TIN TỨC QUẬN."
CASE_0246,1085245,mixed,5,302422,0.6104,0.6104,0,vi,"Key Zip hoặc Địa chỉ hoặc nhấp vào bản đồ. Trang này hiển thị Bản đồ Google với lớp phủ Mã Zip cho Upper Saddle River, Bergen County, New Jersey. Người dùng có thể dễ dàng xem ranh giới của từng Zip Code. Upper Saddle River, Bergen County, New Jersey Bản đồ Zip Code Ranh giới Phiên bản 3.0 Bản quyền"
CASE_0246,1085245,mixed,6,7120821,0.6067,0.6067,0,vi,"Sở cứu hỏa sông Upper Saddle nằm ở Upper Saddle River, NJ. Xem ảnh báo cháy, biểu trưng, ​​thông tin liên hệ, bản đồ, thông tin tình nguyện, tuyên bố sứ mệnh, thiết bị cứu hỏa, nhân viên cứu hỏa và số liệu thống kê."
CASE_0246,1085245,mixed,7,7120824,0.5948,0.5948,0,vi,"Duyệt các ngôi nhà được rao bán ở Upper Saddle River, New Jersey Real Estate trên NJ.com. Duyệt theo: Trang bất động sản NJ.com muốn bạn có tất cả thông tin phù hợp để giúp bạn đưa ra quyết định tốt nhất có thể khi tìm kiếm nhà để bán ở Upper Saddle River. Chúng tôi biết rằng việc tìm kiếm có thể kh"
CASE_0246,1085245,mixed,8,302427,0.5918,0.5918,0,vi,"Cho dù bạn đang tìm nhà để bán, nhà mới, công cụ tìm căn hộ, hướng dẫn và cho thuê, nhà bị tịch thu hay cộng đồng căn hộ cho thuê, hãy tìm tất cả bất động sản ở Upper Saddle River để bán hoặc cho thuê ở New Jersey trên NJ.com."
CASE_0246,1085245,mixed,9,7120822,0.5902,0.5902,0,vi,Bạn cũng có thể duyệt qua tất cả các loại bất động sản và danh sách MLS của Upper Saddle River ở trên hoặc bạn cũng có thể xem kết quả theo vùng lân cận hoặc khu vực. Cho dù bạn đang cân nhắc mua hoặc bán bất động sản ở New Jersey hay bạn đang tìm kiếm bất kỳ thông tin nào khác về bất động sản NJ ở
CASE_0246,1085245,mixed,10,2897400,0.5888,0.5888,0,vi,"Sông Nam, NJ. Chủ đề được tài trợ. South River là một Quận ở Quận Middlesex, New Jersey, Hoa Kỳ. Theo Điều tra dân số Hoa Kỳ năm 2000, dân số của quận là 15.322. Khu vực ngày nay là South River ban đầu được hình thành với tên gọi là thị trấn Washington bên trong Thị trấn Đông Brunswick vào ngày 23 t"
CASE_0246,1095542,endpoint,1,7580343,0.643,0.643,0,vi,"Năm ẩm ướt nhất của Phoenix kể từ năm 2000 là năm 2008 (lượng mưa 9,58 inch) và năm khô nhất là năm 2002 (lượng mưa 2,82 inch). Lượng mưa trung bình hàng năm ở Phoenix * từ năm 1971 đến năm 2000: 8,29 inch Lượng mưa trung bình hàng năm ở Phoenix * từ năm 2000 đến năm 2015: 6,54 inch * đo được tại Sâ"
CASE_0246,1095542,endpoint,2,1015886,0.6381,0.6381,0,vi,phượng hoàng thời tiết hàng năm trung bình Tháng 7 là tháng nóng nhất ở phượng vĩ với nhiệt độ trung bình là 33 ° C 91 ° F và lạnh nhất là tháng Giêng ở 12 ° C 54 ° F với số giờ nắng hàng ngày nhiều nhất là 14 trong Tháng sáu tháng ẩm ướt nhất là tháng Tám với trung bình là 32 mm trong mua
CASE_0246,1095542,endpoint,3,7580351,0.6297,0.6297,1,vi,"Mới tuần trước, hơn 3,5 inch đã giảm ở một số khu vực của Phoenix trong sự kiện mà các quan chức gọi là sự kiện 100 năm. Vậy, mỗi năm Phoenix chính thức nhận được bao nhiêu mưa? Theo dữ liệu 120 năm của Cơ quan Thời tiết Quốc gia, Phoenix nhận được lượng mưa khoảng 7,57 inch hàng năm. Chúng tôi đã t"
CASE_0246,1095542,endpoint,4,1015884,0.6254,0.6254,0,vi,"nhiệt độ trung bình cao nhất ở phượng hoàng là tháng 7 là 96 6 độ nhiệt độ trung bình lạnh nhất ở phượng hoàng là tháng mười hai là 54 2 độ. Lượng mưa hàng tháng nhiều nhất ở phượng vĩ xảy ra vào tháng 8 với 1,5 inch. Thông tin thời tiết ở phượng hoàng được dựa trên mức trung bình của 3 trước đó 7 n"
CASE_0246,1095542,endpoint,5,8252992,0.6251,0.6251,0,vi,"1 Tổng lượng mưa hàng năm trung bình là 495,5 mm (19,5 inch) tương đương với 495,5 Lít / m (12,15 Gallon / ft). Trung bình có 2112 giờ nắng mỗi năm. Truy cập phần ánh nắng và ánh sáng ban ngày để kiểm tra thông tin chi tiết hàng tháng bao gồm mức độ cao của mặt trời trên bầu trời mỗi tháng."
CASE_0246,1095542,endpoint,6,6045530,0.6215,0.6215,0,vi,"1 Tổng lượng mưa hàng năm trung bình là 804 mm (31,7 inch) tương đương với 804 Lít / m (19,72 Gallons / ft). 2 Trung bình có 1830 giờ nắng mỗi năm."
CASE_0246,1095542,endpoint,7,8282132,0.6213,0.6213,0,vi,"1 Tổng lượng mưa hàng năm trung bình là 600 mm (23,6 inch) tương đương với 600 Lít / m (14,72 Gallon / ft). Trung bình có 1603 giờ nắng mỗi năm. Truy cập phần ánh nắng và ánh sáng ban ngày để kiểm tra thông tin chi tiết hàng tháng bao gồm mức độ cao của mặt trời trên bầu trời mỗi tháng."
CASE_0246,1095542,endpoint,8,5798274,0.621,0.621,0,vi,"1 Tổng lượng mưa hàng năm trung bình là 2150 mm (84,6 inch) tương đương với 2150 Lít / m (52,73 Gallon / ft). Trung bình có 2064 giờ nắng mỗi năm. Truy cập phần ánh nắng và ánh sáng ban ngày để kiểm tra thông tin chi tiết hàng tháng bao gồm mức độ cao của mặt trời trên bầu trời mỗi tháng."
CASE_0246,1095542,endpoint,9,1437889,0.6202,0.6202,0,vi,"1 Tổng lượng mưa hàng năm trung bình 638,8 mm (25,1 inch) tương đương với 638,8 Lít / m (15,67 Gallon / ft). Trung bình có 2079 giờ nắng mỗi năm. Truy cập phần ánh nắng và ánh sáng ban ngày để kiểm tra thông tin chi tiết hàng tháng bao gồm mức độ cao của mặt trời trên bầu trời mỗi tháng."
CASE_0246,1095542,endpoint,10,1015893,0.6194,0.6194,0,vi,"khi thời gian cao nhất trong ngày ở phượng vĩ trên 100 độf, đêm thường ở trên 70 bất kỳ tháng nào trong năm có những đêm nhiệt kế không giảm xuống dưới 50 thời tiết lạnh giá là không bình thường ở phượng hoàng thực sự chỉ có 14 ngày một năm trung bình nhận được dưới 41 độ"
CASE_0246,1095542,mixed,1,7580351,0.7222,0.7222,1,vi,"Mới tuần trước, hơn 3,5 inch đã giảm ở một số khu vực của Phoenix trong sự kiện mà các quan chức gọi là sự kiện 100 năm. Vậy, mỗi năm Phoenix chính thức nhận được bao nhiêu mưa? Theo dữ liệu 120 năm của Cơ quan Thời tiết Quốc gia, Phoenix nhận được lượng mưa khoảng 7,57 inch hàng năm. Chúng tôi đã t"
CASE_0246,1095542,mixed,2,7580343,0.7041,0.7041,0,vi,"Năm ẩm ướt nhất của Phoenix kể từ năm 2000 là năm 2008 (lượng mưa 9,58 inch) và năm khô nhất là năm 2002 (lượng mưa 2,82 inch). Lượng mưa trung bình hàng năm ở Phoenix * từ năm 1971 đến năm 2000: 8,29 inch Lượng mưa trung bình hàng năm ở Phoenix * từ năm 2000 đến năm 2015: 6,54 inch * đo được tại Sâ"
CASE_0246,1095542,mixed,3,1513002,0.6843,0.6843,0,vi,"Phoenix trải qua một số biến đổi theo mùa trong lượng mưa hàng tháng. Thời gian mưa trong năm kéo dài 267 ngày, từ ngày 10 tháng 7 đến ngày 3 tháng 4, với lượng mưa 31 ngày trượt ít nhất là 0,5 inch. Lượng mưa nhiều nhất rơi trong 31 ngày tập trung vào khoảng ngày 19 tháng 2, với tổng tích lũy trung"
CASE_0246,1095542,mixed,4,5033747,0.6775,0.6775,0,vi,"Tháng 12 là tháng ẩm ướt nhất đối với Phượng Hoàng. Nhìn chung, gió ở Phoenix là dịu nhất trong tháng Mười Hai. Tháng 12 là tháng mà Phoenix có nhiều khả năng nhận được lượng mưa từ một inch (25 mm) trở lên trong một ngày. Tuy nhiên, hầu hết các năm, Phoenix không thấy mưa lớn như vậy vào tháng 12."
CASE_0246,1095542,mixed,5,7606031,0.6522,0.6522,0,vi,"Cứ 4 năm thì có 1 năm có thời tiết khô hơn, trong khi 1/4 năm khác ẩm ướt hơn. Các tia nắng mặt trời chiếu đến mặt đất ở Phoenix trong khoảng thời gian trung bình 80% giờ ban ngày vào tháng Hai, trong tổng số 246 giờ trong tháng. Thông thường, vào 13 ngày của tháng này, bầu trời chủ yếu quang đãng,"
CASE_0246,1095542,mixed,6,4869606,0.6486,0.6486,0,vi,"Thành phố có trung bình hơn 330 ngày nắng, hoặc hơn 90%, mỗi năm và nhận được lượng mưa rất ít, tổng lượng mưa trung bình hàng năm tại Sân bay Quốc tế Phoenix Sky Harbour là 7 inch (180 mm). Mưa thưa thớt trong hầu hết các năm, nhưng gió mùa mang theo một luồng hơi ẩm."
CASE_0246,1095542,mixed,7,1045727,0.6485,0.6485,0,vi,"Các độ cao cao nhất của bang, chạy theo đường chéo từ đông nam đến tây bắc, nhận được lượng mưa từ 25 đến 30 in (63 đến 76 cm) một năm, và phần lớn còn lại, từ 7 đến 20 in (18 đến 51 cm). Lượng mưa trung bình hàng năm tại Phoenix (1971ÃƒÂ ¢ Ã‚â‚¬Ã‚â € œ2000) là 8,3 in (21 cm)."
CASE_0246,1095542,mixed,8,5834305,0.6438,0.6438,0,vi,"Phoenix, Arizona, có lượng mưa 7 inch mỗi năm. Mức trung bình của Hoa Kỳ là 37. Lượng tuyết rơi là 0 inch. Thành phố Hoa Kỳ trung bình có 25 inch tuyết mỗi năm. Số ngày có lượng mưa có thể đo được là 28. Trung bình, có 299 ngày nắng mỗi năm ở Phoenix, Arizona. Mức cao nhất trong tháng 7 là khoảng 10"
CASE_0246,1095542,mixed,9,1015890,0.6433,0.6433,0,vi,"nhiệt độ trung bình cao nhất ở Phoenix là tháng 7 là 96 6 độ nhiệt độ trung bình lạnh nhất ở Phoenix là tháng mười hai là 54 2 độ. Lượng mưa hàng tháng nhiều nhất ở phượng vĩ xảy ra ở tháng Tám với 1,5 inch"
CASE_0246,1095542,mixed,10,6045530,0.643,0.643,0,vi,"1 Tổng lượng mưa hàng năm trung bình là 804 mm (31,7 inch) tương đương với 804 Lít / m (19,72 Gallons / ft). 2 Trung bình có 1830 giờ nắng mỗi năm."
CASE_0246,1095845,endpoint,1,7558359,0.7051,0.7051,0,vi,"Thời gian Gia hạn Giấy phép cho Đại lý được Cấp phép của Wisconsin bắt đầu 60 ngày trước Ngày hết hạn của họ. Có 2 Tùy chọn để Gia hạn giấy phép của bạn: 1) Trực tuyến thông qua NIPR, có tại đây: Gia hạn Đại lý WI (NIPR)"
CASE_0246,1095845,endpoint,2,7558357,0.6999,0.6999,0,vi,"Yêu cầu Gia hạn Giấy phép Bảo hiểm Wisconsin * Trong khi chúng tôi cố gắng cung cấp cho bạn thông tin cập nhật và chính xác nhất về Yêu cầu Gia hạn Giấy phép Bảo hiểm Wisconsin của bạn, có thể có một số yêu cầu cấp phép cụ thể hoặc những thay đổi trong Luật Tiểu bang hoặc Quy định Bảo hiểm mà chúng"
CASE_0246,1095845,endpoint,3,7558360,0.692,0.692,1,vi,"Phí gia hạn giấy phép lái xe ở Wisconsin có thể khác nhau và WI DOT sẽ tính thêm phí tùy thuộc vào phương thức thanh toán bạn chọn. Khi gia hạn giấy phép lái xe trong WI, người nộp đơn sẽ phải trả một khoản phí với số tiền là $ 34 cho việc gia hạn giấy phép lái xe thông thường trong tám năm của họ."
CASE_0246,1095845,endpoint,4,4753648,0.6877,0.6877,0,vi,"Ban và Hội đồng Giấy phép / Giấy phép / Đăng ký Dịch vụ Trực tuyến Kế hoạch Xem xét Khiếu nại & Kiểm tra Các dịch vụ khác. Theo Quy định 440.08 (2) của Bang Wisconsin, ngày gia hạn bắt buộc đối với chứng chỉ Thực hành Nâng cao Nhân viên Xã hội là 02/28 / năm lẻ."
CASE_0246,1095845,endpoint,5,6230899,0.6827,0.6827,0,vi,"Giấy phép CNA của tôi có giá trị trong bao lâu? Chứng chỉ CNA thường có giá trị trong hai năm, sau đó cần phải gia hạn. Bạn sẽ nhận được mẫu đơn gia hạn 2 - 3 tháng trước khi giấy phép hết hạn. Chi phí gia hạn giấy phép CNA của Wisconsin khoảng $ 40,00 - cộng với phí gia hạn giấy phép không hoạt độn"
CASE_0246,1095845,endpoint,6,5195938,0.6827,0.6827,0,vi,"Các Quy chế Giới hạn thông thường khác của Wisconsin cho các nguyên nhân của hành động tích lũy trước ngày 6 tháng 2 năm 2016, bao gồm những điều sau: 1 Hợp đồng: 6 năm. 2 Thiệt hại về tài sản: 6 năm. 3 Gian lận: 6 năm. 4 Trách nhiệm sản phẩm: 3 năm. 5 Sơ suất Y tế: 3 năm. 6 phỉ báng / vu khống / ph"
CASE_0246,1095845,endpoint,7,764475,0.6816,0.6816,0,vi,"Y tá đã đăng ký (RN) ở Wisconsin. R.N. gia hạn giấy phép là hai năm một lần trước ngày 28 hoặc 29 tháng Hai của các năm chẵn. Phí gia hạn là $ 86. Các yêu cầu gia hạn bao gồm nộp giấy chứng nhận tư cách pháp nhân, nộp Khảo sát lực lượng lao động điều dưỡng và báo cáo về tình trạng cư trú chính của y"
CASE_0246,1095845,endpoint,8,1051004,0.6769,0.6769,0,vi,"Theo Quy chế 440.08 (2) của Bang Wisconsin, ngày gia hạn bắt buộc đối với thông tin đăng ký Y tá đã đăng ký là 02/28 hoặc 2/29 / năm chẵn. Nếu bạn nhận được thông tin đăng nhập ban đầu của mình trong những tháng trước ngày này, bạn vẫn được yêu cầu gia hạn giấy phép của mình trước ngày được xác định"
CASE_0246,1095845,endpoint,9,7916203,0.6729,0.6729,0,vi,Ghi danh trong vòng 30 ngày kể từ ngày làm việc hoặc sau hai tháng kể từ khi tham gia Hệ thống Hưu trí Wisconsin. Nhân viên đóng phí bảo hiểm đầy đủ. Một số bảo hiểm nha khoa được bao gồm trong nhiều chương trình bảo hiểm sức khỏe nhóm và Kế hoạch bảo hiểm bổ sung.
CASE_0246,1095845,endpoint,10,2641406,0.672,0.672,0,vi,Gia hạn Giấy phép Lái ​​xe Thương mại (CDL) ở Wisconsin là một quá trình tương đối đơn giản so với việc xin một CDL mới. thủ tục gia hạn giấy phép lái xe thương mại của bạn Một thông báo gia hạn sẽ được gửi cho bạn khoảng hai tháng trước khi CDL hiện tại của bạn hết hạn.
CASE_0246,1095845,mixed,1,7558360,0.7091,0.7091,1,vi,"Phí gia hạn giấy phép lái xe ở Wisconsin có thể khác nhau và WI DOT sẽ tính thêm phí tùy thuộc vào phương thức thanh toán bạn chọn. Khi gia hạn giấy phép lái xe trong WI, người nộp đơn sẽ phải trả một khoản phí với số tiền là $ 34 cho việc gia hạn giấy phép lái xe thông thường trong tám năm của họ."
CASE_0246,1095845,mixed,2,6230899,0.6995,0.6995,0,vi,"Giấy phép CNA của tôi có giá trị trong bao lâu? Chứng chỉ CNA thường có giá trị trong hai năm, sau đó cần phải gia hạn. Bạn sẽ nhận được mẫu đơn gia hạn 2 - 3 tháng trước khi giấy phép hết hạn. Chi phí gia hạn giấy phép CNA của Wisconsin khoảng $ 40,00 - cộng với phí gia hạn giấy phép không hoạt độn"
CASE_0246,1095845,mixed,3,764475,0.6825,0.6825,0,vi,"Y tá đã đăng ký (RN) ở Wisconsin. R.N. gia hạn giấy phép là hai năm một lần trước ngày 28 hoặc 29 tháng Hai của các năm chẵn. Phí gia hạn là $ 86. Các yêu cầu gia hạn bao gồm nộp giấy chứng nhận tư cách pháp nhân, nộp Khảo sát lực lượng lao động điều dưỡng và báo cáo về tình trạng cư trú chính của y"
CASE_0246,1095845,mixed,4,7558357,0.6723,0.6723,0,vi,"Yêu cầu Gia hạn Giấy phép Bảo hiểm Wisconsin * Trong khi chúng tôi cố gắng cung cấp cho bạn thông tin cập nhật và chính xác nhất về Yêu cầu Gia hạn Giấy phép Bảo hiểm Wisconsin của bạn, có thể có một số yêu cầu cấp phép cụ thể hoặc những thay đổi trong Luật Tiểu bang hoặc Quy định Bảo hiểm mà chúng"
CASE_0246,1095845,mixed,5,6099078,0.6704,0.6704,0,vi,Luật Bảo hiểm Xe hơi của Wisconsin. Wisconsin thực sự đã giảm các yêu cầu bảo hiểm trách nhiệm pháp lý của mình trong thời gian gần đây - cắt giảm giới hạn thương tật cơ thể 100.000 đô la cho mỗi người xuống 25.000 đô la và giới hạn thiệt hại tài sản từ 15.000 đô la xuống 10.000 đô la - và cũng đưa
CASE_0246,1095845,mixed,6,5569053,0.6673,0.6673,0,vi,"Hiện tại, giấy phép nhà sản xuất bảo hiểm thường trú có giá 90 đô la mỗi năm trong hai năm và giấy phép nhà sản xuất không cư trú có giá 125 đô la mỗi năm. Giấy phép phải được gia hạn hai năm một lần và chi phí gia hạn giống như chi phí cấp phép ban đầu. hoặc để khôi phục giấy phép là như nhau và ng"
CASE_0246,1095845,mixed,7,7348955,0.666,0.666,0,vi,"Tôi cần biết gì khi xin giấy phép Nhà sản xuất Bảo hiểm Illinois? Hiện tại, giấy phép nhà sản xuất bảo hiểm thường trú có giá 90 đô la mỗi năm trong hai năm và giấy phép nhà sản xuất không cư trú có giá 125 đô la mỗi năm. Giấy phép phải được gia hạn hai năm một lần và chi phí gia hạn giống như chi p"
CASE_0246,1095845,mixed,8,5424856,0.658,0.658,0,vi,"Phí CDL. Dưới đây là các khoản phí liên quan đến quy trình cấp phép cho CDL ở Wisconsin: 1 Giấy phép hướng dẫn cho Hạng A, B, C: $ 30 trong 6 tháng. 2 Gốc Hạng A, B, C: $ 74 với lệ phí theo tỷ lệ cho bất kỳ thời gian nào còn lại trên bằng lái xe Wisconsin hiện có của bạn. 3 Gia hạn Hạng A, B, C của"
CASE_0246,1095845,mixed,9,7558356,0.6547,0.6547,0,vi,"Bước 1: Hoàn thành khóa học tiền cấp phép bảo hiểm Wisconsin. Để bán bảo hiểm ở Wisconsin, bạn phải hoàn thành một khóa học giáo dục trước khi được cấp phép đã được phê duyệt. Tất cả các khóa học tiền cấp phép bảo hiểm do Bảo hiểm Giấy phép Express cung cấp đều được Văn phòng Ủy viên Bảo hiểm Wiscon"
CASE_0246,1095845,mixed,10,7558359,0.6544,0.6544,0,vi,"Thời gian Gia hạn Giấy phép cho Đại lý được Cấp phép của Wisconsin bắt đầu 60 ngày trước Ngày hết hạn của họ. Có 2 Tùy chọn để Gia hạn giấy phép của bạn: 1) Trực tuyến thông qua NIPR, có tại đây: Gia hạn Đại lý WI (NIPR)"
CASE_0246,1097746,endpoint,1,7307062,0.7883,0.7883,0,vi,"Khoảng thời gian cần thiết để đuổi một người thuê nhà ở Massachusetts có thể khác nhau rất nhiều, nhưng hầu như luôn mất nhiều thời gian hơn chủ nhà dự kiến ​​và thường được tính bằng tháng, thay vì tính bằng tuần hoặc ngày. trong MA để đuổi người thuê nhà. sau khi Thông báo rời khỏi được cung cấp đ"
CASE_0246,1097746,endpoint,2,2435335,0.7222,0.7222,0,vi,"Nếu người thuê đã sống trong cơ sở hơn một năm, chủ nhà phải thông báo trước ít nhất 60 ngày để dọn đi. Nếu người thuê nhà không dọn đi trong khoảng thời gian thông báo thích hợp, hoặc không sửa chữa việc vi phạm thỏa thuận của mình, chủ nhà có thể theo đuổi một hành động đuổi nhà."
CASE_0246,1097746,endpoint,3,2158642,0.7186,0.7186,0,vi,"Để đuổi người thuê, chủ nhà phải tuân theo một quy trình nhất định để đảm bảo rằng việc đó vừa công bằng vừa hợp pháp. Cho dù người thuê nhà chưa trả tiền thuê nhà hoặc đang vi phạm hợp đồng thuê nhà theo một cách nào đó, chủ nhà có thể mong đợi quá trình trục xuất kéo dài khoảng 30 đến 45 ngày, the"
CASE_0246,1097746,endpoint,4,4918358,0.7184,0.7184,0,vi,"1 Ở một số tiểu bang, chủ nhà có thể đuổi người thuê nhà với thông báo trước 30 đến 60 ngày vì những lý do không liên quan đến hành vi của người thuê nhà. 2 Ví dụ, chủ nhà có thể phải đuổi người thuê nếu người đó bán tòa nhà."
CASE_0246,1097746,endpoint,5,6422016,0.718,0.718,0,vi,"1 Bạn muốn trục xuất người thuê nhà vì lý do riêng của bạn và luật của tiểu bang bạn cho phép bạn làm như vậy. 2 Ở một số tiểu bang, chủ nhà có thể đuổi người thuê nhà với thông báo từ 30 đến 60 ngày vì những lý do không liên quan đến hành vi của người thuê nhà.3 Ví dụ, chủ nhà có thể phải đuổi ngườ"
CASE_0246,1097746,endpoint,6,4876636,0.7151,0.7151,0,vi,"Thông báo trục xuất 10 ngày được đưa ra đối với những người thuê vi phạm các điều khoản của hợp đồng thuê thông qua các hành động như nuôi thú cưng trái phép hoặc thực hiện các hoạt động bất hợp pháp trong đơn vị cho thuê. Trong hầu hết, nhưng không phải tất cả các khu vực của Illinois, người thuê k"
CASE_0246,1097746,endpoint,7,4027623,0.7091,0.7091,0,vi,"Nếu một người thuê nhà phản đối hành động, tòa án sẽ xét xử vụ kiện và đưa ra phán quyết. Quá trình kết thúc khi tòa án ra lệnh thi hành bản án và cảnh sát trưởng tiểu bang thực thi bằng cách loại bỏ người thuê nhà và đồ đạc của họ. Chi nhánh Tư pháp không thể cung cấp dữ liệu chính xác về việc mất"
CASE_0246,1097746,endpoint,8,5746334,0.7086,0.7086,0,vi,"Thông báo trục xuất ở Minnesota có thể dành cho việc không trả tiền thuê nhà nhưng chủ nhà có thể bắt đầu hành động trục xuất ngay lập tức trừ khi hợp đồng thuê nhà quy định một khoảng thời gian thông báo, thường là 14 ngày. Đối với các trường hợp vi phạm hợp đồng thuê nhà, chủ nhà cũng có thể tiến"
CASE_0246,1097746,endpoint,9,6757415,0.7076,0.7076,0,vi,"1 Trong hầu hết, nhưng không phải tất cả các khu vực của Illinois, người thuê không có quyền khắc phục tình hình và phải rời đi sau 10 ngày. Chủ nhà có thể sử dụng thông báo đuổi nhà 30 ngày để chấm dứt hợp đồng thuê nhà hàng tháng hoặc bằng miệng vì bất kỳ lý do nào hoặc không."
CASE_0246,1097746,endpoint,10,7563812,0.7063,0.7063,0,vi,"Trục xuất vì không trả tiền thuê. Lý do phổ biến nhất cho việc đuổi nhà ở Minnesota là người thuê nhà không trả tiền thuê nhà. Ngay khi tiền thuê nhà bị trễ hạn, chủ nhà có thể đệ đơn kiện trục xuất lên tòa án. Chủ nhà không bắt buộc phải thông báo bất kỳ hình thức nào khác cho người thuê trước khi"
CASE_0246,1097746,mixed,1,7307062,0.7627,0.7627,0,vi,"Khoảng thời gian cần thiết để đuổi một người thuê nhà ở Massachusetts có thể khác nhau rất nhiều, nhưng hầu như luôn mất nhiều thời gian hơn chủ nhà dự kiến ​​và thường được tính bằng tháng, thay vì tính bằng tuần hoặc ngày. trong MA để đuổi người thuê nhà. sau khi Thông báo rời khỏi được cung cấp đ"
CASE_0246,1097746,mixed,2,5746334,0.7106,0.7106,0,vi,"Thông báo trục xuất ở Minnesota có thể dành cho việc không trả tiền thuê nhà nhưng chủ nhà có thể bắt đầu hành động trục xuất ngay lập tức trừ khi hợp đồng thuê nhà quy định một khoảng thời gian thông báo, thường là 14 ngày. Đối với các trường hợp vi phạm hợp đồng thuê nhà, chủ nhà cũng có thể tiến"
CASE_0246,1097746,mixed,3,7391060,0.7055,0.7055,1,vi,"Ở Missouri, một vụ kiện ÃƒÂ ¢ Ã‚â‚¬Ã‚Å “Khẩn cấp trục xuất ¢ Ã‚â‚¬Ã‚ thường được gọi là trục xuất ngay lập tức. Đây là loại duy nhất. thủ tục mà chủ nhà được phép đuổi (những) người thuê nhà 24 giờ sau khi có phán quyết bằng a. Thẩm phán và không có mặt của Phó cảnh sát trưởng."
CASE_0246,1097746,mixed,4,4876636,0.705,0.705,0,vi,"Thông báo trục xuất 10 ngày được đưa ra đối với những người thuê vi phạm các điều khoản của hợp đồng thuê thông qua các hành động như nuôi thú cưng trái phép hoặc thực hiện các hoạt động bất hợp pháp trong đơn vị cho thuê. Trong hầu hết, nhưng không phải tất cả các khu vực của Illinois, người thuê k"
CASE_0246,1097746,mixed,5,2158642,0.7044,0.7044,0,vi,"Để đuổi người thuê, chủ nhà phải tuân theo một quy trình nhất định để đảm bảo rằng việc đó vừa công bằng vừa hợp pháp. Cho dù người thuê nhà chưa trả tiền thuê nhà hoặc đang vi phạm hợp đồng thuê nhà theo một cách nào đó, chủ nhà có thể mong đợi quá trình trục xuất kéo dài khoảng 30 đến 45 ngày, the"
CASE_0246,1097746,mixed,6,5486879,0.702,0.702,0,vi,"Quá trình trục xuất Maine bắt đầu với thông báo trục xuất 7 ngày hoặc thông báo trục xuất 30 ngày, cả hai đều phải bằng văn bản trừ khi người thuê thuê một căn hộ mà không có hợp đồng thuê bằng văn bản. Thông báo 7 ngày. Thông báo 7 Ngày này được sử dụng nếu người thuê không trả tiền thuê hoặc vi ph"
CASE_0246,1097746,mixed,7,3325262,0.6981,0.6981,0,vi,"Thời gian đưa ra để di chuyển phụ thuộc vào luật tiểu bang. Nếu người thuê nhà được chứng minh là đã làm những gì chủ nhà buộc tội họ, họ phải chuyển đi hoặc bị đuổi ra khỏi nhà. Thông báo 30 ngày hoặc 60 ngày. Ở hầu hết các tiểu bang, chủ nhà có thể đưa ra thông báo trục xuất để người thuê nhà chuy"
CASE_0246,1097746,mixed,8,6422016,0.6981,0.6981,0,vi,"1 Bạn muốn trục xuất người thuê nhà vì lý do riêng của bạn và luật của tiểu bang bạn cho phép bạn làm như vậy. 2 Ở một số tiểu bang, chủ nhà có thể đuổi người thuê nhà với thông báo từ 30 đến 60 ngày vì những lý do không liên quan đến hành vi của người thuê nhà.3 Ví dụ, chủ nhà có thể phải đuổi ngườ"
CASE_0246,1097746,mixed,9,2435335,0.6969,0.6969,0,vi,"Nếu người thuê đã sống trong cơ sở hơn một năm, chủ nhà phải thông báo trước ít nhất 60 ngày để dọn đi. Nếu người thuê nhà không dọn đi trong khoảng thời gian thông báo thích hợp, hoặc không sửa chữa việc vi phạm thỏa thuận của mình, chủ nhà có thể theo đuổi một hành động đuổi nhà."
CASE_0246,1097746,mixed,10,5486882,0.6961,0.6961,0,vi,"Quá trình trục xuất Maine bắt đầu với thông báo trục xuất 7 ngày hoặc thông báo trục xuất 30 ngày, cả hai đều phải bằng văn bản trừ khi người thuê thuê một căn hộ mà không có hợp đồng thuê bằng văn bản. Thông báo 7 Ngày này được sử dụng nếu người thuê không trả tiền thuê hoặc vi phạm một điều khoản"
CASE_0246,169305,endpoint,1,7401611,0.6731,0.6731,0,vi,"Không có âm thanh trong video clip vì máy ảnh Arlo không có micrô. Cảm biến chuyển động phát hiện chuyển động và bắt đầu ghi chuyển động ở khoảng cách 12 feet. Không tệ khi tính năng phát hiện chuyển động được kích hoạt, sẽ có một độ trễ nhỏ để máy ảnh thức dậy và bắt đầu quay."
CASE_0246,169305,endpoint,2,8002231,0.6616,0.6616,0,vi,"Nhiều người trong chúng ta đã quen thuộc với cảm biến chuyển động, vì chúng đã trở thành một phần phổ biến của hầu hết các hệ thống an ninh gia đình. Những cảm biến này giống như thiết bị phát hiện chuyển động mở cửa ra vào cửa hàng tạp hóa hoặc khiến bồn rửa và nhà vệ sinh trong sân bay kích hoạt m"
CASE_0246,169305,endpoint,3,153553,0.6608,0.6608,0,vi,"Một số loại thiết bị phát hiện chuyển động tồn tại, bao gồm cảm biến ngưỡng cửa và cảm biến đường lái xe. Hầu hết các cảm biến chuyển động đều chạy bằng pin, nhưng một số lại chạy bằng điện. Các cảm biến chuyển động chạy bằng điện thường lấy nước trái cây của chúng từ một cấu trúc có sẵn, chẳng hạn"
CASE_0246,169305,endpoint,4,8002228,0.6603,0.6603,0,vi,"Tính năng phát hiện chuyển động của cảm biến ảnh thường sử dụng chùm tia laze (hoặc một nguồn ánh sáng tập trung khác) và cảm biến ánh sáng. Hệ thống phát ra một chùm ánh sáng. Khi một thực thể vượt qua chùm ánh sáng, cảm biến sẽ ghi lại sự thay đổi này về mức độ ánh sáng. Cảm biến lần lượt báo hiệu"
CASE_0246,169305,endpoint,5,491474,0.6591,0.6591,0,vi,"Phát hiện chuyển động video sử dụng camera truyền hình mạch kín (CCTV) hiện có để cảm nhận sự thay đổi mức tín hiệu video được xem trên hiện trường. Một máy tính được thiết lập để nhận dạng chuyển động trong một khu vực, điểm hoặc lưới cụ thể trên hình ảnh thường thực hiện chức năng phát hiện chuyển"
CASE_0246,169305,endpoint,6,2303481,0.6558,0.6558,0,vi,"Đèn cảm biến chuyển động được kích hoạt bằng chuyển động và có thể tạo ra chùm sáng hội tụ hoặc đèn pha sáng. Đèn cảm biến chuyển động thường được lắp đặt làm đèn chiếu sáng an ninh ở các khu vực ngoài trời, lối vào hoặc trong nhà để xe, phòng giặt là, kho chứa hàng hoặc các khu vực khác mà bạn khôn"
CASE_0246,169305,endpoint,7,1470175,0.6496,0.6496,0,vi,"Cảm biến chuyển động là cảm biến phát hiện con người hồng ngoại, tương tự như các sen-so tự động hóa nhà máy được sử dụng với thiết bị nhà máy, được thiết kế để tích hợp vào các thiết bị khác nhau tồn tại xung quanh chúng ta trong cuộc sống hàng ngày. Cảm biến chuyển động không dùng để tự động hóa h"
CASE_0246,169305,endpoint,8,4685214,0.6484,0.6484,0,vi,"Ví dụ, nếu tôi đặt nó ở cửa sổ hướng ra bên ngoài, tôi có thể đi đến ngay cửa sổ ngoài trời và vẫy tay trước mặt nó và không có gì xảy ra. Nó có vẻ hoạt động tốt nếu tôi tháo kính giữa cảm biến và vật thể chuyển động. Phần lớn các cảm biến chuyển động là Cảm biến hồng ngoại."
CASE_0246,169305,endpoint,9,110005,0.6474,0.6474,0,vi,"Cảm biến phát hiện chuyển động là một thiết bị khá đơn giản, quét quang phổ hồng ngoại của ánh sáng và thu sóng nhiệt từ các vật thể chuyển động. 1 Khi chúng phát hiện có thứ gì đó đang di chuyển trong khu vực, hầu hết các đèn cảm biến chuyển động đều cho phép bạn điều chỉnh thời gian chúng bật (1 p"
CASE_0246,169305,endpoint,10,8639685,0.6467,0.6467,0,vi,"Cảm biến có người sử dụng là thiết bị chuyển mạch phản ứng với sự hiện diện và vắng mặt của người trong trường nhìn của cảm biến. Hệ thống bao gồm một máy dò chuyển động, một bộ điều khiển điện tử và một công tắc có thể điều khiển được (rơ le). Máy dò chuyển động cảm nhận chuyển động và gửi tín hiệu"
CASE_0246,169305,mixed,1,7401611,0.6506,0.6506,0,vi,"Không có âm thanh trong video clip vì máy ảnh Arlo không có micrô. Cảm biến chuyển động phát hiện chuyển động và bắt đầu ghi chuyển động ở khoảng cách 12 feet. Không tệ khi tính năng phát hiện chuyển động được kích hoạt, sẽ có một độ trễ nhỏ để máy ảnh thức dậy và bắt đầu quay."
CASE_0246,169305,mixed,2,6274335,0.6335,0.6335,0,vi,"không có dữ liệu, nó chỉ là video. Máy ảnh hành động VIRB ghi lại tất cả các hành động ở độ phân giải HD rực rỡ. Ngoài ra, chúng còn ghi lại dữ liệu từ các cảm biến trong máy ảnh về tốc độ, độ cao, lực G, vị trí GPS, v.v. Chúng cũng kết nối không dây với các thiết bị và cảm biến tương thích để bạn c"
CASE_0246,169305,mixed,3,7994286,0.633,0.633,1,vi,"Bên trong thân máy đó là camera quan sát ban đêm 1080p của Canary, cùng với cảm biến chuyển động cho biết thời điểm bắt đầu quay; cảm biến môi trường xung quanh về nhiệt độ, độ ẩm và chất lượng không khí; còi báo động hoảng loạn 90 dB; và đài Wi-Fi để gửi mọi thứ đến thiết bị Android hoặc iOS của bạ"
CASE_0246,169305,mixed,4,6611225,0.6326,0.6326,0,vi,"Máy ảnh Hình ảnhÃâ € šÃ‚Â¶. Bộ điều khiển Leap Motion sử dụng camera âm thanh nổi hồng ngoại làm cảm biến theo dõi. Bạn có thể truy cập hình ảnh từ các camera này bằng các chức năng | Controller.images | _ hoặc | Frame.images | _. Các hàm này cung cấp một đối tượng | ImageList | _, chứa các đối tượn"
CASE_0246,169305,mixed,5,8595358,0.6299,0.6299,0,vi,Tốt nhất trong số những máy bay không người lái có camera tốt nhất nên mua là DJI Inspire 1. DJI Inspire 1 sử dụng hai bộ điều khiển riêng biệt ÃƒÂ ¢ Ã‚â‚¬Ã‚â € một cho chính máy bay không người lái và một bộ khác cho người khác sử dụng để điều khiển Máy ảnh. Kiểm soát tối ưu. Nó sử dụng camera 4K đ
CASE_0246,169305,mixed,6,491474,0.6291,0.6291,0,vi,"Phát hiện chuyển động video sử dụng camera truyền hình mạch kín (CCTV) hiện có để cảm nhận sự thay đổi mức tín hiệu video được xem trên hiện trường. Một máy tính được thiết lập để nhận dạng chuyển động trong một khu vực, điểm hoặc lưới cụ thể trên hình ảnh thường thực hiện chức năng phát hiện chuyển"
CASE_0246,169305,mixed,7,4548118,0.6255,0.6255,0,vi,"Tự động chiếu sáng, chuyển đổi máy ảnh và máy ghi âm. Đôi khi đèn an ninh chỉ là không đủ và những vị khách không quen biết cần thuyết phục hơn một chút để rời khỏi tài sản của bạn. Đèn cảm biến chuyển động SmartGuard với Camera an ninh thực sự đàm thoại và có thể quay video khi được kích hoạt bởi c"
CASE_0246,169305,mixed,8,361238,0.6246,0.6246,0,vi,"Các thiết bị phát hiện chuyển động, chẳng hạn như máy dò chuyển động PIR, có một cảm biến phát hiện nhiễu trong phổ hồng ngoại. Sau khi được phát hiện, một tín hiệu có thể kích hoạt báo động hoặc camera có thể ghi lại hình ảnh hoặc video về động cơ."
CASE_0246,169305,mixed,9,153553,0.6243,0.6243,0,vi,"Một số loại thiết bị phát hiện chuyển động tồn tại, bao gồm cảm biến ngưỡng cửa và cảm biến đường lái xe. Hầu hết các cảm biến chuyển động đều chạy bằng pin, nhưng một số lại chạy bằng điện. Các cảm biến chuyển động chạy bằng điện thường lấy nước trái cây của chúng từ một cấu trúc có sẵn, chẳng hạn"
CASE_0246,169305,mixed,10,3448523,0.6229,0.6229,0,vi,"Cách đây không lâu, camera hành động là thiết bị hot nhất. Đủ nhỏ để nhét vào túi bất kỳ và dễ sử dụng, những máy quay nhỏ bé này cũng có thể quay video độ nét cao. Khả năng gắn máy quay trên nhiều bề mặt hoặc phụ kiện khác nhau chỉ củng cố sức hấp dẫn ban đầu của chúng, cùng với các thành phần cấu"
CASE_0246,212796,endpoint,1,1922996,0.6226,0.6226,0,vi,"Nguồn gốc và Từ nguyên của cảnh báo hổ phách. từ Chương trình Cảnh báo AMBER của Bộ Tư pháp Hoa Kỳ phát hành những bản tin như vậy, ban đầu từ Amber Hagerman ÃƒÂ ¢ Ã‚â‚¬Ã‚Â 1996 nạn nhân của một vụ bắt cóc ở Hoa Kỳ, sau này được đọc là từ viết tắt của Ứng cứu Khẩn cấp Phát thanh Thiếu niên của Hoa K"
CASE_0246,212796,endpoint,2,6935970,0.5909,0.5909,0,vi,Người tiêu dùng sẽ chỉ nhận được ba loại cảnh báo: 1 Cảnh báo do Tổng thống đưa ra. 2 Cảnh báo liên quan đến các mối đe dọa sắp xảy ra đối với sự an toàn hoặc tính mạng. 3 Cảnh báo màu hổ phách.
CASE_0246,212796,endpoint,3,842475,0.5704,0.5704,0,vi,"Danh tính được nhà cung cấp sử dụng có thể là tên thông dụng hoặc tên thương mại (ÃƒÂ ¢ Ã‚â‚¬Ã‚Å “Black Magic FormulaÃƒÂ ¢ Ã‚â‚¬Ã‚), hoặc tên hóa học (1, 1, 1 -trichloroethane) . Cảnh báo nguy hiểm là một tuyên bố ngắn gọn về những tác động nguy hiểm của hóa chất (ÃƒÂ ¢ Ã‚â‚¬Ã‚Å “dễ bắt lửa, ÃƒÂ ¢ Ã"
CASE_0246,212796,endpoint,4,6090922,0.5697,0.5697,0,vi,"Tại Hoa Kỳ, Cảnh báo AMBER được phân phối qua các đài phát thanh thương mại, đài phát thanh Internet, đài phát thanh vệ tinh, đài truyền hình và truyền hình cáp bởi Hệ thống cảnh báo khẩn cấp và Đài phát thanh thời tiết NOAA (nơi chúng được gọi là Cảnh báo khẩn cấp về bắt cóc trẻ em hoặc Cảnh báo hổ"
CASE_0246,212796,endpoint,5,8727168,0.5663,0.5663,0,vi,"Luật sư của chúng tôi giải thích màu sắc của Cảnh báo hổ phách để giúp bạn sử dụng hiệu quả hơn và hy vọng cứu được một mạng người. Tôi đang lái xe và nhận thấy ÃƒÂ ¢ Ã‚â‚¬Ã‚Å “silver alertÃƒÂ ¢ Ã‚â‚¬Ã‚ được dán trên biển báo giao thông trên I-75, và hỏi nó nghĩa là gì. Câu hỏi đó khiến tôi suy nghĩ"
CASE_0246,212796,endpoint,6,6060417,0.5656,0.5656,0,vi,"Tên hiện đại của hổ phách được cho là xuất phát từ tiếng Ả Rập, ambar, có nghĩa là long diên hương. Long diên hương là chất thơm dạng sáp được tạo ra trong ruột của cá nhà táng và được sử dụng để làm nước hoa cả thời cổ đại cũng như hiện đại."
CASE_0246,212796,endpoint,7,7185828,0.5636,0.5636,0,vi,"Hổ phách là nhựa cây hóa thạch (không phải nhựa cây), được đánh giá cao về màu sắc và vẻ đẹp tự nhiên từ thời đồ đá mới. Được đánh giá cao từ thời cổ đại cho đến nay như một loại đá quý, hổ phách được làm thành nhiều loại đồ vật trang trí khác nhau. Tên gọi cổ điển của hổ phách là electrum (ÃƒÂ¡Ã‚Â¼"
CASE_0246,212796,endpoint,8,8421038,0.5599,0.5599,0,vi,"Một trong nhiều biển cảnh báo cảnh báo gấu Bắc Cực ở Churchill. Ảnh: Paul J Richards / AFP / Getty Images Thiết bị này được thiết kế để gửi tin nhắn văn bản tới các quan chức bảo tồn nếu Lardass đi lang thang về phía thị trấn, cho phép đội tuần tra của gấu bắt giữ kẻ tái phạm."
CASE_0246,212796,endpoint,9,6757176,0.5597,0.5597,0,vi,"Điều đó có nghĩa là đèn báo rẽ màu hổ phách được coi là có hiệu quả hơn trong việc tránh va chạm so với đèn phanh thứ ba ở trung tâm (CHMSL) bắt buộc vào năm 1986 (với khả năng tránh va chạm 4,3%). Những phát hiện dự kiến ​​và sơ bộ là những bước đầu tiên quan trọng, nhưng tốc độ chậm và thiếu hành"
CASE_0246,212796,endpoint,10,7764782,0.5577,0.5577,0,vi,Màu sắc Hổ phách có màu vàng cam. Nó có tên từ vật liệu được gọi là hổ phách. Màu hổ phách nằm giữa màu vàng và cam trên bánh xe màu. Việc sử dụng hổ phách làm tên màu bằng tiếng Anh đầu tiên được ghi nhận là vào năm 1500.
CASE_0246,212796,mixed,1,1922996,0.6493,0.6493,0,vi,"Nguồn gốc và Từ nguyên của cảnh báo hổ phách. từ Chương trình Cảnh báo AMBER của Bộ Tư pháp Hoa Kỳ phát hành những bản tin như vậy, ban đầu từ Amber Hagerman ÃƒÂ ¢ Ã‚â‚¬Ã‚Â 1996 nạn nhân của một vụ bắt cóc ở Hoa Kỳ, sau này được đọc là từ viết tắt của Ứng cứu Khẩn cấp Phát thanh Thiếu niên của Hoa K"
CASE_0246,212796,mixed,2,8419982,0.6406,0.6406,0,vi,"AMBER Alerts bắt đầu vào năm 1996ÃƒÂ ¢ Ã‚â‚¬Ã‚â € theyÃƒÂ ¢ Ã‚â‚¬Ã‚â „¢ được đặt theo tên của Amber Hagerman, một cậu bé 9 tuổi bị bắt cóc và giết ở Arlington, Texas, rằng cùng một nămÃƒÂ ¢ Ã‚â‚¬Ã‚â € và số lượng cảnh báo giảm xuống trong năm 2010 và 2011 nhưng bây giờ gần như trở lại mức năm 2009."
CASE_0246,212796,mixed,3,7637191,0.6162,0.6162,1,vi,"Tôi không biết rằng một cảnh báo Amber được đặt theo tên một cô gái. Tôi nghe nói rằng có một cô bé đã mất tích, và mẹ của cô ấy, một cảnh sát đang cố gắng tìm cô ấy. Tên cô ấy là Amber, và họ là người sáng lập nhiều tháng sau đó. Đó là một số lý do tại sao nó là MỘT BÁO CÁO THƯƠNG MẠI. Nó rất là hữ"
CASE_0246,212796,mixed,4,6264741,0.6089,0.6089,0,vi,"Amber / am-ber / [2 sylls.] Như tên một cô gái được phát âm là AM-ber. Bắt nguồn từ tiếng Pháp cổ và tiếng Latinh từ ambar tiếng Ả Rập. Hổ phách là tên tiếng Anh của một loại đá quý bán quý được làm từ nhựa cây hóa thạch, và cũng được dùng để mô tả màu vàng của đá quý. Trong tiếng Hindi, cái tên này"
CASE_0246,212796,mixed,5,6935967,0.6084,0.6084,0,vi,"Cảnh báo AMBER. Cảnh báo AMBER hoặc Trường hợp khẩn cấp về bắt cóc trẻ em (CÙNG mã: CAE) là một hệ thống cảnh báo bắt cóc trẻ em. Nó có nguồn gốc từ Hoa Kỳ vào năm 1996. AMBER chính thức là từ viết tắt của American Missing: Broadcast Emergency Response, nhưng được đặt theo tên của Amber Hagerman, mộ"
CASE_0246,212796,mixed,6,1946624,0.6061,0.6061,0,vi,"Cảnh báo AMBER hay Tình trạng khẩn cấp về bắt cóc trẻ em là một hệ thống cảnh báo bắt cóc trẻ em. Nó có nguồn gốc từ Hoa Kỳ vào năm 1996. AMBER chính thức là từ viết tắt của America’s Missing: Broadcast Emergency Response, nhưng được đặt theo tên của Amber Hagerman, một cậu bé 9 tuổi bị bắt cóc và s"
CASE_0246,212796,mixed,7,6090922,0.605,0.605,0,vi,"Tại Hoa Kỳ, Cảnh báo AMBER được phân phối qua các đài phát thanh thương mại, đài phát thanh Internet, đài phát thanh vệ tinh, đài truyền hình và truyền hình cáp bởi Hệ thống cảnh báo khẩn cấp và Đài phát thanh thời tiết NOAA (nơi chúng được gọi là Cảnh báo khẩn cấp về bắt cóc trẻ em hoặc Cảnh báo hổ"
CASE_0246,212796,mixed,8,7185820,0.6007,0.6007,0,vi,"Amber / am-ber / [2 sylls.] Như tên một cô gái được phát âm là AM-ber. Bắt nguồn từ tiếng Pháp cổ và tiếng Latinh từ ambar tiếng Ả Rập. Hổ phách là tên tiếng Anh của một loại đá quý bán quý được làm từ nhựa cây hóa thạch, và cũng được dùng để mô tả màu vàng của đá quý. Trong tiếng Hindi, cái tên này"
CASE_0246,212796,mixed,9,8830522,0.5996,0.5996,0,vi,"Tổng quan về Cảnh báo Amber. Kế hoạch Cảnh báo Amber là một phương pháp cảnh báo cho công dân của Pennsylvania khi một đứa trẻ bị bắt cóc. Chương trình được phát triển cho Pennsylvania bởi Cảnh sát Bang Pennsylvania và được đặt theo tên của Amber Hagerman, 9 tuổi, người bị bắt cóc khi đang chơi gần"
CASE_0246,212796,mixed,10,6090924,0.5963,0.5963,0,vi,"AMBER Alert được tạo ra vào năm 1996 như một di sản mạnh mẽ cho Amber Hagerman, chín tuổi, một cô bé trong sáng bị bắt cóc khi đang đi xe đạp ở Arlington, Texas. Vụ giết người dã man của cô đã khiến cả cộng đồng bàng hoàng và phẫn nộ."
CASE_0246,293421,endpoint,1,7888313,0.6797,0.6797,0,vi,"Một cầu thủ bóng chuyền nữ bắt bóng. WomenÃƒÂ ¢ Ã‚â‚¬Ã‚â „¢ s lacrosse được chơi với một đội gồm 12 cầu thủ, bao gồm cả thủ môn trong trận đấu thường lệ. Quả bóng được sử dụng thường có màu vàng, trừ khi cả hai đội đồng ý sử dụng một quả bóng có màu khác. Thời lượng của trò chơi là 60 phút, với hai"
CASE_0246,293421,endpoint,2,5925705,0.6751,0.6751,0,vi,Các thẻ. 1 huấn luyện viên. Bóng chuyền 2 nữ. 3 làm cho đội. sự phục vụ.
CASE_0246,293421,endpoint,3,4212042,0.6727,0.6727,0,vi,"Bóng chuyền nữ (hoặc bóng chuyền nữ), đôi khi được rút ngắn thành wlax hoặc lỏng lẻo, là một môn thể thao được chơi với mười hai người chơi trong mỗi đội. Ban đầu được chơi bởi những người dân bản địa của châu Mỹ, trò chơi dành cho phụ nữ hiện đại được giới thiệu vào năm 1890 tại Trường St Leonard ở"
CASE_0246,293421,endpoint,4,335926,0.6667,0.6667,0,vi,"Phụ nữ Hoa Kỳ đã giành huy chương bạc tại Thế vận hội Bắc Kinh và Luân Đôn. Đội tuyển bóng chuyền Olympic của đội USAÃƒÂ ¢ Ã‚â‚¬Ã‚â „¢ s WomenÃƒÂ ¢ Ã‚â‚¬Ã‚â“ sẽ bao gồm bốn vận động viên Olympic Luân Đôn và tám vận động viên mới đến, theo một thông báo được đưa ra bởi Bóng chuyền Hoa Kỳ hôm thứ Ba."
CASE_0246,293421,endpoint,5,6236445,0.6634,0.6634,0,vi,"Bóng chuyền nữ (hoặc bóng chuyền nữ), đôi khi được rút ngắn thành wlax hoặc lỏng lẻo, là một môn thể thao được chơi với mười hai người chơi trong mỗi đội. Ban đầu được chơi bởi những người dân bản địa ở châu Mỹ, trò chơi dành cho nữ hiện đại được giới thiệu vào năm 1890 tại Trường St Leonard ở St An"
CASE_0246,293421,endpoint,6,7383157,0.6599,0.6599,0,vi,"Áo khoác nữ. Bóng chuyền nữ (hay bóng chuyền nữ), đôi khi được rút ngắn thành wlax hoặc lỏng lẻo, là một môn thể thao được chơi với mười hai cầu thủ trong mỗi đội. Ban đầu được chơi bởi những người dân bản địa của châu Mỹ, trò chơi dành cho phụ nữ hiện đại được giới thiệu vào năm 1890 tại Trường St"
CASE_0246,293421,endpoint,7,7472250,0.6503,0.6503,0,vi,"Luôn phải có ít nhất 6 cầu thủ trong một đội bóng chuyền, nhưng bạn có thể có nhiều hơn số đó và phụ để cho một số cầu thủ khác nghỉ ngơi. Chỉnh sửa Chia sẻ thành:"
CASE_0246,293421,endpoint,8,569833,0.649,0.649,0,vi,"Có bao nhiêu người chơi trong một đội bóng chuyền? Tổng số cầu thủ được phép trong danh sách có thể khác nhau tùy theo giải đấu, nhưng mỗi đội có 10 cầu thủ trên sân tại mỗi thời điểm bao gồm 3 tấn công, 3 tiền vệ, 3 hậu vệ và 1 thủ môn ."
CASE_0246,293421,endpoint,9,7834118,0.6401,0.6401,0,vi,"Trong một đội bóng chuyền, có 12 người chơi. Sáu cầu thủ vào sân, trong khi sáu người còn lại ngồi ở băng ghế dự bị sẵn sàng thay thế cho sáu cầu thủ trong sân. Bạn có thể có ít nhất 15 người chơi nhưng luôn có ít nhất 6 người chơi trên sân. Bạn cần nhiều hơn sáu người để có người dự bị hoặc nếu một"
CASE_0246,293421,endpoint,10,7472449,0.6374,0.6374,0,vi,"Câu trả lời nhanh. Không có giới hạn về số lượng cầu thủ có thể có trong một đội bóng chuyền bóng, nhưng chỉ có 10 người có thể có mặt trên sân cùng một lúc. Ngoài ra, có những quy tắc cụ thể về số lượng người chơi phòng thủ và tấn công. Tiếp tục đọc"
CASE_0246,293421,mixed,1,7888313,0.7501,0.7501,0,vi,"Một cầu thủ bóng chuyền nữ bắt bóng. WomenÃƒÂ ¢ Ã‚â‚¬Ã‚â „¢ s lacrosse được chơi với một đội gồm 12 cầu thủ, bao gồm cả thủ môn trong trận đấu thường lệ. Quả bóng được sử dụng thường có màu vàng, trừ khi cả hai đội đồng ý sử dụng một quả bóng có màu khác. Thời lượng của trò chơi là 60 phút, với hai"
CASE_0246,293421,mixed,2,6236450,0.7169,0.7169,0,vi,"WomenÃƒÂ ¢ Ã‚â‚¬Ã‚â „¢ s lacrosse được chơi với một đội gồm 12 cầu thủ, bao gồm cả thủ môn trong trận đấu thường lệ. Quả bóng được sử dụng thường có màu vàng, trừ khi cả hai đội đồng ý sử dụng một quả bóng có màu khác. Thời gian của trận đấu là 60 phút, với hai hiệp. Kích thước sân bóng chày của nữ"
CASE_0246,293421,mixed,3,4212045,0.7134,0.7134,1,vi,"WomenÃƒÂ ¢ Ã‚â‚¬Ã‚â „¢ s lacrosse được chơi với một đội gồm 12 cầu thủ, bao gồm cả thủ môn trong trận đấu thường lệ. Quả bóng được sử dụng thường có màu vàng, trừ khi cả hai đội đồng ý sử dụng một quả bóng có màu khác. Thời lượng của trò chơi là 60 phút, với hai hiệp."
CASE_0246,293421,mixed,4,7472445,0.6914,0.6914,0,vi,"Bóng chuyền nữ, đôi khi được viết tắt là wlax hoặc lax, là một môn thể thao được chơi với mười hai cầu thủ trong mỗi đội. Ban đầu được chơi bởi những người dân bản địa của châu Mỹ, trò chơi dành cho phụ nữ hiện đại được giới thiệu vào năm 1890 tại Trường St Leonard ở St Andrews, Scotland. Các quy tắ"
CASE_0246,293421,mixed,5,4212042,0.685,0.685,0,vi,"Bóng chuyền nữ (hoặc bóng chuyền nữ), đôi khi được rút ngắn thành wlax hoặc lỏng lẻo, là một môn thể thao được chơi với mười hai người chơi trong mỗi đội. Ban đầu được chơi bởi những người dân bản địa của châu Mỹ, trò chơi dành cho phụ nữ hiện đại được giới thiệu vào năm 1890 tại Trường St Leonard ở"
CASE_0246,293421,mixed,6,569831,0.6827,0.6827,0,vi,Mens Lacrosse- 10 Cầu thủ của mỗi đội với tổng số 20 cầu thủ trên sân. Womens Lacrosse-12 Cầu thủ của mỗi đội trên sân có tổng cộng 24 cầu thủ trên sân. Mens Lacrosse- 10 Cầu thủ từ mỗi đội với tổng số 20 cầu thủ trên sân <br /> Chỉnh sửa nhỏ?
CASE_0246,293421,mixed,7,5925705,0.6747,0.6747,0,vi,Các thẻ. 1 huấn luyện viên. Bóng chuyền 2 nữ. 3 làm cho đội. sự phục vụ.
CASE_0246,293421,mixed,8,7383158,0.6741,0.6741,0,vi,Mens Lacrosse- 10 Cầu thủ của mỗi đội với tổng số 20 cầu thủ trên sân. Womens Lacrosse-12 Cầu thủ của mỗi đội trên sân có tổng cộng 24 cầu thủ trên sân. + 74 người khác thấy điều này hữu ích.
CASE_0246,293421,mixed,9,6236445,0.6703,0.6703,0,vi,"Bóng chuyền nữ (hoặc bóng chuyền nữ), đôi khi được rút ngắn thành wlax hoặc lỏng lẻo, là một môn thể thao được chơi với mười hai người chơi trong mỗi đội. Ban đầu được chơi bởi những người dân bản địa ở châu Mỹ, trò chơi dành cho nữ hiện đại được giới thiệu vào năm 1890 tại Trường St Leonard ở St An"
CASE_0246,293421,mixed,10,7383157,0.6673,0.6673,0,vi,"Áo khoác nữ. Bóng chuyền nữ (hay bóng chuyền nữ), đôi khi được rút ngắn thành wlax hoặc lỏng lẻo, là một môn thể thao được chơi với mười hai cầu thủ trong mỗi đội. Ban đầu được chơi bởi những người dân bản địa của châu Mỹ, trò chơi dành cho phụ nữ hiện đại được giới thiệu vào năm 1890 tại Trường St"
CASE_0246,581975,endpoint,1,807806,0.73,0.73,0,vi,"Toàn bộ ngũ cốc và hạt giống. Các loại thực phẩm khác có thể khiến bạn đi ị là ngũ cốc nguyên hạt và hạt. Ngũ cốc nguyên hạt (cám, gạo lứt, ngũ cốc tăng cường và / hoặc cám yến mạch) rất giàu chất xơ, có thể làm dịu táo bón và tăng tần suất đi tiêu của bạn."
CASE_0246,581975,endpoint,2,5435983,0.7256,0.7256,0,vi,"Các loại thực phẩm khác có thể khiến bạn đi ị là ngũ cốc nguyên hạt và hạt. Ngũ cốc nguyên hạt (cám, gạo lứt, ngũ cốc tăng cường và / hoặc cám yến mạch) rất giàu chất xơ, có thể làm dịu táo bón và tăng tần suất đi tiêu của bạn. Chất xơ kích thích nhu động ruột bằng cách đẩy thức ăn qua ruột. Sữa chu"
CASE_0246,581975,endpoint,3,1399463,0.7185,0.7185,1,vi,"Các loại thực phẩm khác có thể khiến bạn đi ị là ngũ cốc nguyên hạt và hạt. Ngũ cốc nguyên hạt (cám, gạo lứt, ngũ cốc tăng cường và / hoặc cám yến mạch) rất giàu chất xơ, có thể làm dịu táo bón và tăng tần suất đi tiêu của bạn. Chất xơ kích thích nhu động ruột bằng cách đẩy thức ăn qua ruột của bạn."
CASE_0246,581975,endpoint,4,654802,0.7148,0.7148,0,vi,"Toàn bộ ngũ cốc và hạt giống. Các loại thực phẩm khác có thể khiến bạn đi ị là ngũ cốc nguyên hạt và hạt. Ngũ cốc nguyên hạt (cám, gạo lứt, ngũ cốc tăng cường và / hoặc cám yến mạch) rất giàu chất xơ, có thể làm dịu táo bón và tăng tần suất đi tiêu của bạn. Chất xơ kích thích nhu động ruột bằng cách"
CASE_0246,581975,endpoint,5,8620991,0.7138,0.7138,0,vi,"Báo cáo Lạm dụng. Trái cây chắc chắn giúp bạn đi tiêu, đặc biệt là nho và mận khô. Khi tôi bị tắc nghẽn, tôi thường ăn nhiều thực phẩm có chất xơ như bột yến mạch và những thứ tương tự và tôi biết rằng Cần tây có thể giúp làm sạch hệ thống của bạn và giữ cho mọi thứ hoạt động !! est Trả lời: tăng ch"
CASE_0246,581975,endpoint,6,5722810,0.7138,0.7138,0,vi,"Tôi ăn một chế độ ăn nhiều chất xơ (tức là bột yến mạch để ăn breakie và trung bình 3-5 rau và trái cây mỗi ngày), uống trung bình 8 ly nước mỗi ngày hoặc hơn và tập thể dục. Tôi đi tiêu vài lần một tuần, phân nhỏ và khó thải ra. ăn một chế độ ăn nhiều chất xơ (tức là bột yến mạch cho bánh mì và tru"
CASE_0246,581975,endpoint,7,6463883,0.7129,0.7129,0,vi,"Thực phẩm nên ăn để hết tiêu chảy cũng bao gồm các món có nhiều tinh bột. Những loại thực phẩm này sẽ giúp kết dính phân của bạn, làm cho chúng trở nên rắn hơn và ngăn chặn tình trạng tiêu chảy. Thực phẩm giàu tinh bột bao gồm các món như khoai tây luộc, bánh mì nướng và gạo được đề cập ở trên, và m"
CASE_0246,581975,endpoint,8,7004487,0.7125,0.7125,0,vi,"Nếu bạn đang băn khoăn không biết ăn gì để dễ đi cầu thì sữa chua là một lựa chọn tốt. Sữa chua chứa một loại vi khuẩn lành mạnh giúp bảo vệ cơ thể bạn khỏi các tác nhân tự do có hại như nhiễm trùng, vi rút và bệnh tật. Nó cũng cải thiện tình trạng của hệ thống tiêu hóa của bạn và khuyến khích nhu đ"
CASE_0246,581975,endpoint,9,6582504,0.7102,0.7102,0,vi,Tìm hiểu những loại thực phẩm sẽ giúp bạn đi ngoài đều đặn. Đừng để việc đi vệ sinh khiến bạn nản lòng. Hãy thử những lời khuyên hữu ích sau về cách giữ cho đường tiêu hóa (GI) của bạn ở trạng thái tốt nhất: Ngũ cốc nguyên hạt: Thay thế bột mì trắng trong chế độ ăn uống của bạn bằng ngũ cốc nguyên h
CASE_0246,581975,endpoint,10,7785975,0.7088,0.7088,0,vi,"Mận khô, Quả sung, Nho khô và Quả chà là. Các loại thực phẩm khác khiến bạn đi ị bao gồm: mận khô, quả sung, nho khô và chà là. Mận khô có thể cải thiện khả năng đẩy chất thải và độc tố qua hệ tiêu hóa của bạn, hỗ trợ nhu động ruột đều đặn. Mận khô hỗ trợ đại tiện bằng cách thay đổi thành phần hóa h"
CASE_0246,581975,mixed,1,1399463,0.7253,0.7253,1,vi,"Các loại thực phẩm khác có thể khiến bạn đi ị là ngũ cốc nguyên hạt và hạt. Ngũ cốc nguyên hạt (cám, gạo lứt, ngũ cốc tăng cường và / hoặc cám yến mạch) rất giàu chất xơ, có thể làm dịu táo bón và tăng tần suất đi tiêu của bạn. Chất xơ kích thích nhu động ruột bằng cách đẩy thức ăn qua ruột của bạn."
CASE_0246,581975,mixed,2,5435983,0.7243,0.7243,0,vi,"Các loại thực phẩm khác có thể khiến bạn đi ị là ngũ cốc nguyên hạt và hạt. Ngũ cốc nguyên hạt (cám, gạo lứt, ngũ cốc tăng cường và / hoặc cám yến mạch) rất giàu chất xơ, có thể làm dịu táo bón và tăng tần suất đi tiêu của bạn. Chất xơ kích thích nhu động ruột bằng cách đẩy thức ăn qua ruột. Sữa chu"
CASE_0246,581975,mixed,3,807806,0.7219,0.7219,0,vi,"Toàn bộ ngũ cốc và hạt giống. Các loại thực phẩm khác có thể khiến bạn đi ị là ngũ cốc nguyên hạt và hạt. Ngũ cốc nguyên hạt (cám, gạo lứt, ngũ cốc tăng cường và / hoặc cám yến mạch) rất giàu chất xơ, có thể làm dịu táo bón và tăng tần suất đi tiêu của bạn."
CASE_0246,581975,mixed,4,654802,0.7182,0.7182,0,vi,"Toàn bộ ngũ cốc và hạt giống. Các loại thực phẩm khác có thể khiến bạn đi ị là ngũ cốc nguyên hạt và hạt. Ngũ cốc nguyên hạt (cám, gạo lứt, ngũ cốc tăng cường và / hoặc cám yến mạch) rất giàu chất xơ, có thể làm dịu táo bón và tăng tần suất đi tiêu của bạn. Chất xơ kích thích nhu động ruột bằng cách"
CASE_0246,581975,mixed,5,8491563,0.7125,0.7125,0,vi,"Hãy chiều chuộng bản thân với chế độ ăn BRAT: chuối, cơm, sốt táo và bánh mì nướng. Tất cả đều nhẹ nhàng và nhẹ nhàng, chuối và nước sốt có chứa pectin, một loại chất xơ hòa tan giúp hút chất lỏng dư thừa trong ruột của bạn và làm chậm quá trình di chuyển của phân. (Tuy nhiên, tránh nước táo vì có t"
CASE_0246,581975,mixed,6,7004487,0.7108,0.7108,0,vi,"Nếu bạn đang băn khoăn không biết ăn gì để dễ đi cầu thì sữa chua là một lựa chọn tốt. Sữa chua chứa một loại vi khuẩn lành mạnh giúp bảo vệ cơ thể bạn khỏi các tác nhân tự do có hại như nhiễm trùng, vi rút và bệnh tật. Nó cũng cải thiện tình trạng của hệ thống tiêu hóa của bạn và khuyến khích nhu đ"
CASE_0246,581975,mixed,7,7785975,0.7089,0.7089,0,vi,"Mận khô, Quả sung, Nho khô và Quả chà là. Các loại thực phẩm khác khiến bạn đi ị bao gồm: mận khô, quả sung, nho khô và chà là. Mận khô có thể cải thiện khả năng đẩy chất thải và độc tố qua hệ tiêu hóa của bạn, hỗ trợ nhu động ruột đều đặn. Mận khô hỗ trợ đại tiện bằng cách thay đổi thành phần hóa h"
CASE_0246,581975,mixed,8,2486103,0.7077,0.7077,0,vi,"Sữa chua. Nếu bạn đang băn khoăn không biết ăn gì để dễ đi cầu thì sữa chua là một lựa chọn tốt. Sữa chua chứa một loại vi khuẩn lành mạnh giúp bảo vệ cơ thể bạn khỏi các tác nhân tự do có hại như nhiễm trùng, vi rút và bệnh tật. Các loại thực phẩm khác có thể khiến bạn đi ị là ngũ cốc nguyên hạt và"
CASE_0246,581975,mixed,9,6650121,0.7057,0.7057,0,vi,"Các loại thực phẩm khác có thể khiến bạn đi ị là ngũ cốc nguyên hạt và hạt. Ngũ cốc nguyên hạt (cám, gạo lứt, ngũ cốc tăng cường và / hoặc cám yến mạch) rất giàu chất xơ, có thể làm dịu táo bón và tăng tần suất đi tiêu của bạn. Chất xơ kích thích nhu động ruột bằng cách đẩy thức ăn qua ruột của bạn."
CASE_0246,581975,mixed,10,1565843,0.7031,0.7031,0,vi,"Một số ví dụ về thực phẩm giàu chất xơ đặc biệt có khả năng làm tăng tần suất đi tiêu của bạn bao gồm quả mọng, nho khô, mận, đào, đại hoàng, mơ, bắp cải, rau diếp, rau bina, bông cải xanh, khoai tây, măng tây, ngô, bông cải xanh, bí, các loại đậu và quả hạch."
CASE_0246,626318,endpoint,1,604434,0.7475,0.7475,0,vi,"Tế bào chất [sửa]. Vật liệu giống như gel trong màng tế bào được gọi là tế bào chất. Nó là một chất nền chất lỏng, dịch bào, bao gồm 80% đến 90% là nước, muối, các phân tử hữu cơ và nhiều enzym xúc tác các phản ứng, cùng với các chất hòa tan như protein và chất dinh dưỡng."
CASE_0246,626318,endpoint,2,533269,0.7458,0.7458,0,vi,"Chất lỏng và tất cả các hạt hòa tan hoặc lơ lửng của nó được gọi là tế bào chất của tế bào. Protein, axit amin, đường, nucleotit, muối, vitamin, enzym, DNA, ribosome và các cấu trúc bên trong vi khuẩn đều trôi nổi xung quanh tế bào trong tế bào chất."
CASE_0246,626318,endpoint,3,6452197,0.7407,0.7407,0,vi,"Phần lớn nhất của tế bào chứa đầy toàn bộ tế bào được gọi là tế bào chất. Nó chứa thạch giống như chất nước, trong đó tất cả các bào quan của tế bào nổi lên. Gel thường đặc và bán rắn trong tự nhiên. Tế bào chất còn được gọi là cytosol có nghĩa là chất tế bào. Tế bào chất kết hợp tất cả các phần tử"
CASE_0246,626318,endpoint,4,6298340,0.7398,0.7398,0,vi,Tế bào chất là một chất lỏng giống như thạch có bên trong tế bào. Tế bào chất gần nhân có dạng hạt và dày được gọi là nội chất trong khi tế bào chất gần màng sinh chất không dày được gọi là ngoại chất. Hàm số-. 1) Nó là nơi diễn ra tất cả các phản ứng hóa học trong tế bào.
CASE_0246,626318,endpoint,5,1070564,0.738,0.738,0,vi,"tế bào chất. Tế bào chất là một dung dịch đặc chứa đầy mỗi tế bào và được bao bọc bởi màng tế bào. Nó chủ yếu bao gồm nước, muối và protein. Trong tế bào nhân thực, tế bào chất bao gồm tất cả các vật chất bên trong tế bào và bên ngoài nhân. Tất cả các bào quan trong tế bào nhân thực, chẳng hạn như n"
CASE_0246,626318,endpoint,6,558856,0.7375,0.7375,0,vi,"Tế bào chất. Tế bào chất đề cập đến toàn bộ khu vực của tế bào bên ngoài nhân. Tế bào chất có hai phần, các bào quan và dịch bào, một chất lỏng màu xám giống như gel chứa đầy bên trong tế bào. Tế bào chất: tạo ra năng lượng cho tế bào thông qua một quá trình gọi là hô hấp tế bào (xem chương Các quá"
CASE_0246,626318,endpoint,7,7960656,0.737,0.737,0,vi,"Tế bào chất cũng có thể được gọi là nguyên sinh chất, hoặc màng sinh chất bao quanh thành phần của tế bào. Đây là một thuật ngữ chung để chỉ nước, axit amin, ion, axit nucleic, lipid, protein và các thành phần khác tạo nên chất này. Tế bào chất thường được sử dụng nhiều hơn để mô tả nguyên sinh chất"
CASE_0246,626318,endpoint,8,1530704,0.7365,0.7365,0,vi,"tế bào chất. Tế bào chất là một dung dịch đặc chứa đầy mỗi tế bào và được bao bọc bởi màng tế bào. Nó chủ yếu bao gồm nước, muối và protein. Ở tế bào nhân thực, tế bào chất bao gồm toàn bộ vật chất bên trong tế bào và bên ngoài nhân. Tất cả các bào quan trong tế bào nhân thực như nhân, lưới nội chất"
CASE_0246,626318,endpoint,9,5015309,0.7352,0.7352,0,vi,"Một thuật ngữ chung cho tất cả các thành phần tế bào nằm giữa màng sinh chất và nhân. Ba thành phần của tế bào chất là cytosol (một chất lỏng nhớt), thể vùi (cấu trúc tạm thời, không có chức năng lưu trữ các sản phẩm tế bào) và bào quan (cấu trúc nhỏ thực hiện các chức năng tế bào cụ thể)."
CASE_0246,626318,endpoint,10,2055992,0.7345,0.7345,0,vi,* Tế ​​bào chất *. Tế bào chất là vật liệu giống như gel bên trong màng tế bào và bên ngoài nhân. Tế bào chất chứa một lượng lớn nước và nhiều chất hóa học và cấu trúc thực hiện các quá trình sống trong tế bào. Những cấu trúc mà tế bào chất chứa được gọi là bào quan. nước và nhiều chất hóa học và cấ
CASE_0246,626318,mixed,1,5015309,0.736,0.736,0,vi,"Một thuật ngữ chung cho tất cả các thành phần tế bào nằm giữa màng sinh chất và nhân. Ba thành phần của tế bào chất là cytosol (một chất lỏng nhớt), thể vùi (cấu trúc tạm thời, không có chức năng lưu trữ các sản phẩm tế bào) và bào quan (cấu trúc nhỏ thực hiện các chức năng tế bào cụ thể)."
CASE_0246,626318,mixed,2,7960653,0.7138,0.7138,0,vi,"Tế bào chất là chất lỏng chứa đầy tế bào. Các nhà khoa học từng gọi là chất nguyên sinh chất lỏng. Ban đầu, họ chưa biết về nhiều loại chất lỏng khác nhau trong tế bào. Có chất lỏng đặc biệt trong ti thể, lưới nội chất, bộ máy Golgi và nhân. Hai 'plasms' duy nhất còn lại là cytoplasm (chất lỏng tron"
CASE_0246,626318,mixed,3,7669940,0.7124,0.7124,1,vi,"Chức năng của tế bào chất và các thành phần khác nhau của nó. Ngày 3 tháng 6 năm 2014 bởi C. Paris. Tế bào chất của tế bào chứa cả chất giống như thạch bên trong tế bào, được gọi là cytosol, và các cấu trúc phụ của chính tế bào, được gọi là organelles.ytosol. Nhiều bào quan được liệt kê được chứa tr"
CASE_0246,626318,mixed,4,7737654,0.7107,0.7107,0,vi,"THÀNH VIÊN CYTOPLASMIC. Tế bào chất là thành phần của tế bào được bao bọc bên trong màng sinh chất. Trong tế bào nhân thực, tế bào chất chứa các bào quan, chẳng hạn như ti thể, chứa đầy chất lỏng được ngăn cách với tế bào chất bởi màng tế bào. Các bào quan. Các bào quan là những ngăn có màng bao bọc"
CASE_0246,626318,mixed,5,4225304,0.71,0.71,0,vi,Tiền tố Sinh học Với Cyto-. Cytosol (cyto-sol) - thành phần bán lỏng của tế bào chất. Tế bào chất (cyto-plasm) - tất cả nội dung bên trong tế bào không bao gồm nhân. Điều này bao gồm tế bào và tất cả các bào quan khác của tế bào.
CASE_0246,626318,mixed,6,7614744,0.709,0.709,0,vi,"Tế bào chất của tế bào chứa cả chất giống như thạch bên trong tế bào, được gọi là cytosol, và các cấu trúc phụ của chính tế bào, được gọi là bào quan."
CASE_0246,626318,mixed,7,1297530,0.7085,0.7085,0,vi,"Tế bào chất được gọi là cytosol, có nghĩa là chất của tế bào. Cái tên này mô tả nó, cytop lasm là chất của sự sống, tế bào chất đóng vai trò như một món súp phân tử, nó nằm trong tế bào chất, nơi tất cả các bào quan của tế bào được treo và liên kết với nhau bằng một màng lipid kép."
CASE_0246,626318,mixed,8,533269,0.7078,0.7078,0,vi,"Chất lỏng và tất cả các hạt hòa tan hoặc lơ lửng của nó được gọi là tế bào chất của tế bào. Protein, axit amin, đường, nucleotit, muối, vitamin, enzym, DNA, ribosome và các cấu trúc bên trong vi khuẩn đều trôi nổi xung quanh tế bào trong tế bào chất."
CASE_0246,626318,mixed,9,471684,0.7075,0.7075,0,vi,"cyÃƒâ € šÃ‚Â · toÃƒâ € šÃ‚Â · plasm. Vật chất giống như thạch tạo nên phần lớn tế bào bên trong màng tế bào, và ở tế bào nhân thực, bao quanh nhân. Các bào quan của tế bào, chẳng hạn như ti thể và lục lạp (ở cây xanh), được chứa trong tế bào chất. Tế bào chất cùng với nhân tạo nên nguyên sinh chất c"
CASE_0246,626318,mixed,10,7276684,0.7067,0.7067,0,vi,"Nó là phần sống của tế bào và bao gồm: 1 cytosol - chất nền trong đó các thành phần tế bào khác được nhúng vào; 2 nhân - não tế bào; 3 không bào - bể chứa liên kết màng; 4 loại bào quan; và. 5 chất có tính đàn hồi (không sống) bao gồm tinh thể (xa, man), tannin và hạt tinh bột."
CASE_0246,830649,endpoint,1,3758722,0.6486,0.6486,0,vi,"Cuộc tuần hành đã thành công chưa từng có. Hơn 200.000 người Mỹ da đen và da trắng đã chia sẻ một ngày vui vẻ với các bài phát biểu, bài hát và lời cầu nguyện do một loạt các giáo sĩ, nhà lãnh đạo dân quyền, chính trị gia và giới giải trí nổi tiếng dẫn đầu."
CASE_0246,830649,endpoint,2,8073949,0.623,0.623,0,vi,"Đây không phải là một kỳ nghỉ đen; nó là một kỳ nghỉ của dân tộc. Và chính những người trẻ tuổi thuộc mọi chủng tộc và tôn giáo là những người nắm giữ chìa khóa thực hiện ước mơ của anh. Vào ngày lễ này, chúng tôi tưởng nhớ nhà lãnh đạo đại kết và người có tầm nhìn xa trông rộng, người đã chấp nhận"
CASE_0246,830649,endpoint,3,8821707,0.6176,0.6176,0,vi,"Hơn 200.000 người Mỹ da đen và da trắng đã chia sẻ một ngày vui vẻ với các bài phát biểu, bài hát và lời cầu nguyện do một loạt các giáo sĩ, nhà lãnh đạo dân quyền, chính trị gia và giới giải trí nổi tiếng dẫn đầu."
CASE_0246,830649,endpoint,4,4586722,0.6067,0.6067,0,vi,"Nghĩa đen là lễ hội vui vẻ. Đây là một lời chào thích hợp cho bất kỳ ngày lễ nào, nhưng nó đặc biệt thích hợp cho Sukkot, Shavu'ot và Pesach (Lễ Vượt Qua), về mặt kỹ thuật là các lễ hội duy nhất (các ngày lễ khác là ngày lễ, không phải lễ hội)."
CASE_0246,830649,endpoint,5,4007720,0.605,0.605,0,vi,Mọi người ở Hoa Kỳ thường thắc mắc tại sao đất nước lại thực sự tổ chức Ngày Lễ Tạ ơn. Họ tự hỏi câu chuyện thực sự đằng sau nó là gì mặc dù hầu hết họ đã được dạy câu chuyện nhỏ kỳ lạ về ÃƒÂ ¢ Ã‚â‚¬Ã‚Å “Người hành hương và người da đỏ Ã‚â‚¬Ã‚ ở trường tiểu học.
CASE_0246,830649,endpoint,6,4924345,0.5985,0.5985,0,vi,ông ấy đang gửi một thông điệp để những người da đen trên toàn thể đoàn kết được tự do và sống cho chính chúng ta. Đó là một cái nhìn rất hẹp hòi về thông điệp của anh ấy. Điều anh ấy muốn là tất cả chúng ta được sống cùng nhau và có cơ hội như nhau. Ông không muốn điều này chỉ dành cho người da đen
CASE_0246,830649,endpoint,7,7396721,0.5982,0.5982,0,vi,"Giờ đây, việc một trong những cuộc tuần hành vĩ đại của lịch sử Hoa Kỳ phải kết thúc ở Montgomery, Alabama không phải là một sự tình cờ. (Vâng, thưa ông) Chỉ mười năm trước, tại chính thành phố này, một triết lý mới đã ra đời về cuộc đấu tranh của người da đen."
CASE_0246,830649,endpoint,8,8135399,0.5976,0.5976,0,vi,"Khám phá ý nghĩa đằng sau 'Lời hứa của nước Mỹ'. Gần đây tôi đã có vinh dự được nói chuyện tại chi nhánh Quận DuPage của Hiệp hội Quốc gia vì Sự Tiến bộ của Quỹ Tự do Thường niên lần thứ 56 của Người Da màu và Gala Học bổng. Khi tôi bắt đầu suy nghĩ về những gì tôi có thể nói, tôi đã bị ấn tượng bởi"
CASE_0246,830649,endpoint,9,2302507,0.596,0.596,0,vi,"bài hát đó là. chào mừng đến với cuộc diễu hành đen bởi sự lãng mạn hóa học của tôi. bài hát tuyệt vời. heres lời bài hát nên tận hưởng !! Khi tôi còn là một cậu bé, Cha tôi đã đưa tôi vào thành phố. Để xem một ban nhạc diễu hành."
CASE_0246,830649,endpoint,10,6146792,0.5935,0.5935,0,vi,"1 Các dịch vụ tưởng niệm và quà tặng kỷ niệm. 2 Nhiều người trong các cộng đồng người Mỹ gốc Phi than khóc bằng cách mặc đồ trắng như một dấu hiệu của sự phục sinh và ăn mừng bằng âm nhạc và hy vọng. 3 Tuy nhiên, thổ dân châu Phi thường mặc màu đỏ hoặc đen. 4 Người Mỹ da đen / người Mỹ gốc Phi thườn"
CASE_0246,830649,mixed,1,4586722,0.6394,0.6394,0,vi,"Nghĩa đen là lễ hội vui vẻ. Đây là một lời chào thích hợp cho bất kỳ ngày lễ nào, nhưng nó đặc biệt thích hợp cho Sukkot, Shavu'ot và Pesach (Lễ Vượt Qua), về mặt kỹ thuật là các lễ hội duy nhất (các ngày lễ khác là ngày lễ, không phải lễ hội)."
CASE_0246,830649,mixed,2,5299726,0.6106,0.6106,0,vi,The Black Parade như được hiển thị trong video âm nhạc cho bài hát Welcome to the Black Parade. The Black Parade là một vở opera rock xoay quanh nhân vật Bệnh nhân. Nó nói về việc anh ta rời khỏi cuộc sống và những ký ức mà anh ta có trong cuộc đời mình.
CASE_0246,830649,mixed,3,7927875,0.6068,0.6068,1,vi,"Chào mừng đến với Cuộc diễu hành đen. Welcome to the Black Parade (còn có tên rút gọn là The Black Parade và có tựa đề ban đầu là The Five of Us Are Dying) là đĩa đơn đầu tiên và ca khúc thứ năm trong album phòng thu thứ ba của My Chemical Romance, The Black Parade. Nó được phát hành vào ngày 11 thá"
CASE_0246,830649,mixed,4,8073949,0.595,0.595,0,vi,"Đây không phải là một kỳ nghỉ đen; nó là một kỳ nghỉ của dân tộc. Và chính những người trẻ tuổi thuộc mọi chủng tộc và tôn giáo là những người nắm giữ chìa khóa thực hiện ước mơ của anh. Vào ngày lễ này, chúng tôi tưởng nhớ nhà lãnh đạo đại kết và người có tầm nhìn xa trông rộng, người đã chấp nhận"
CASE_0246,830649,mixed,5,2302507,0.5942,0.5942,0,vi,"bài hát đó là. chào mừng đến với cuộc diễu hành đen bởi sự lãng mạn hóa học của tôi. bài hát tuyệt vời. heres lời bài hát nên tận hưởng !! Khi tôi còn là một cậu bé, Cha tôi đã đưa tôi vào thành phố. Để xem một ban nhạc diễu hành."
CASE_0246,830649,mixed,6,7927877,0.5921,0.5921,0,vi,"Chào mừng bạn đến với cuộc diễu hành đen bằng sự lãng mạn hóa học của tôi. Đây là đĩa đơn đầu tiên trong album The Black Parade. Trong một cuộc phỏng vấn với MTV, ca sĩ chính Gerard Way giải thích rằng concept của album là The Patient, người chết vì ung thư khi còn nhỏ."
CASE_0246,830649,mixed,7,3758722,0.5833,0.5833,0,vi,"Cuộc tuần hành đã thành công chưa từng có. Hơn 200.000 người Mỹ da đen và da trắng đã chia sẻ một ngày vui vẻ với các bài phát biểu, bài hát và lời cầu nguyện do một loạt các giáo sĩ, nhà lãnh đạo dân quyền, chính trị gia và giới giải trí nổi tiếng dẫn đầu."
CASE_0246,830649,mixed,8,1062700,0.5728,0.5728,0,vi,"Kwanzaa là một lễ kỷ niệm bắt đầu trong phong trào dân tộc chủ nghĩa của người da đen những năm 1960. Nó được tạo ra như một cách để giúp người Mỹ gốc Phi kết nối lại với di sản lịch sử và văn hóa châu Phi của họ. Tên Kwanzaa xuất phát từ cụm từ tiếng Swahili matunda ya kwanza, có nghĩa là trái đầu"
CASE_0246,830649,mixed,9,4920895,0.5727,0.5727,0,vi,"Nghĩa đen của aloha là sự hiện diện của hơi thở hay hơi thở của cuộc sống. Nó xuất phát từ Alo, có nghĩa là sự hiện diện, phía trước và khuôn mặt, và ha, có nghĩa là hơi thở. Aloha là một cách sống và đối xử với nhau bằng tình yêu và sự tôn trọng .loha là một biểu tượng của Hawaii. Ý nghĩa của nó vư"
CASE_0246,830649,mixed,10,4924345,0.57,0.57,0,vi,ông ấy đang gửi một thông điệp để những người da đen trên toàn thể đoàn kết được tự do và sống cho chính chúng ta. Đó là một cái nhìn rất hẹp hòi về thông điệp của anh ấy. Điều anh ấy muốn là tất cả chúng ta được sống cùng nhau và có cơ hội như nhau. Ông không muốn điều này chỉ dành cho người da đen
CASE_0246,920218,endpoint,1,6318730,0.5984,0.5984,0,vi,"Võ sĩ thắng một hiệp phải nhận được 10 điểm. Võ sĩ thua một hiệp thường nhận được chín điểm, ngoại trừ trong trường hợp hạ gục hoặc một hiệp đặc biệt là một bên, trong trường hợp đó hiệp thường được ghi 10-8 trong trường hợp có một lần hạ gục hoặc tương đương, 10- 7 cho hai hoặc 10-6 cho ba."
CASE_0246,920218,endpoint,2,5432677,0.5906,0.5906,0,vi,"Đó là Trận chiến của các giới, Vòng 6172. DING! Chúng tôi muốn so sánh các chàng trai và các cô gái trong một câu hỏi cuối cùng trước khi tuyên bố người chiến thắng. Vì vậy, chúng tôi đã kiểm tra 100 chàng trai, và họ đạt điểm trung bình là 80% với độ lệch chuẩn là 3%. Tuy nhiên, 100 gals đạt điểm t"
CASE_0246,920218,endpoint,3,1610628,0.5885,0.5885,0,vi,"Bản thân điểm dựa trên hệ thống năm, 10 hoặc 20 điểm, nhưng chúng đều hoạt động như nhau. Trong hệ thống 10 điểm, võ sĩ nào thắng một hiệp được cộng 10 điểm, và võ sĩ khác được 9 điểm. Nếu có một cuộc hạ gục trong hiệp đấu, hoặc một võ sĩ hoàn toàn thống trị hiệp đấu, tỷ số có thể là 10-8."
CASE_0246,920218,endpoint,4,6530005,0.5878,0.5878,0,vi,"Bản thân điểm dựa trên hệ thống năm, 10 hoặc 20 điểm, nhưng chúng đều hoạt động như nhau. Trong hệ thống 10 điểm, võ sĩ nào thắng một hiệp được cộng 10 điểm, và võ sĩ khác được 9 điểm. Nếu có một cuộc hạ gục trong hiệp đấu, hoặc một võ sĩ hoàn toàn thống trị hiệp đấu, tỷ số có thể là 10-8. Nếu một g"
CASE_0246,920218,endpoint,5,1610625,0.5829,0.5829,0,vi,"Nếu có một cuộc hạ gục trong hiệp đấu, hoặc một võ sĩ hoàn toàn thống trị hiệp đấu, tỷ số có thể là 10-8. Nếu một giám khảo không thể quyết định ai thắng trong vòng, nó sẽ được chấm 10-10. Có bốn quyết định có thể xảy ra: 1 Quyết định nhất trí - Cả ba trọng tài đều cho điểm võ sĩ thắng cuộc."
CASE_0246,920218,endpoint,6,6645433,0.5822,0.5822,0,vi,Đấu kiếm được ghi như thế nào trong Thế vận hội? Nó khác với tính điểm giải đấu thông thường như thế nào?
CASE_0246,920218,endpoint,7,6618164,0.5776,0.5776,0,vi,"Như bạn lưu ý, nếu một võ sĩ hoàn toàn chiếm ưu thế trong một hiệp đấu thì ban giám khảo có thể chấm một hiệp đấu với tỷ số 10-8. Một trọng tài sẽ trừ một điểm cho mỗi lần hạ gục. Ví dụ, một trọng tài có thể sẽ cho điểm một hiệp đấu trong đó một võ sĩ bị hạ gục hai lần trong hiệp 10-7. Kết thúc Hiệp"
CASE_0246,920218,endpoint,8,3556609,0.5766,0.5766,0,vi,"Số chiến binh: 103. Cavaliers: 82. ĐIỂM SỐ HỘP TRỰC TIẾP. Golden State Warriors đã trải qua chuỗi trận 2-2 trước sự thất vọng của các cổ động viên Cleveland. Cleveland đã thất thủ trước Warriors ở Ván 4 với cách biệt 21 điểm, cho đến nay là cách biệt lớn nhất về điểm số trong Vòng chung kết NBA năm"
CASE_0246,920218,endpoint,9,4185240,0.5757,0.5757,0,vi,"Tỷ số cuối cùng là Pittsburgh 16-7, vì vậy cả hai trận đấu với những người dưới quyền đều chiến thắng. Về lý thuyết, nhà cái kiếm được 60 đô la trên số tiền 520 đô la để kiếm được một khoản lợi nhuận kha khá nếu hành động được cân bằng. Tuy nhiên, các lượt trải nghiệm nhận được nhiều hành động trêu"
CASE_0246,920218,endpoint,10,4240579,0.5756,0.5756,0,vi,"the cleveland kỵ binh kém 5 điểm trong trò chơi 7 của trận chung kết nba 2016 vào đêm chủ nhật trạng thái vàng được mở ra như một yêu thích 5 5 điểm tại las vegas sportsbooks và dòng cá cược nhanh chóng chuyển sang 4 5 điểm nhưng chênh lệch điểm đã lùi lại năm điểm và trên dưới là 207, các chiến bin"
CASE_0246,920218,mixed,1,3556609,0.6944,0.6944,0,vi,"Số chiến binh: 103. Cavaliers: 82. ĐIỂM SỐ HỘP TRỰC TIẾP. Golden State Warriors đã trải qua chuỗi trận 2-2 trước sự thất vọng của các cổ động viên Cleveland. Cleveland đã thất thủ trước Warriors ở Ván 4 với cách biệt 21 điểm, cho đến nay là cách biệt lớn nhất về điểm số trong Vòng chung kết NBA năm"
CASE_0246,920218,mixed,2,5329548,0.6478,0.6478,0,vi,"Cavaliers hay Warriors? Sau chuỗi bảy trận đấu giữa Cleveland Cavaliers và Golden State Warriors, người chiến thắng trong trận chung kết NBA 2016 cuối cùng đã được đăng quang. Đó là một trận đấu siêu sát nút trong toàn bộ thời gian với tỷ số gần như đồng đều trong cả bốn phần tư của trò chơi thứ bảy"
CASE_0246,920218,mixed,3,7919561,0.6454,0.6454,1,vi,"Tỷ số chung cuộc Cavaliers vs. Warriors 2016: LeBron James mang về một danh hiệu cho Cleveland trong chiến thắng ở Game 7 đầy gay cấn. Kyrie Irving tung cú sút trong trận playoffs để dẫn dắt Cavaliers giành chiến thắng 93-89 trong Game 7. Cuối cùng, đó là LeBron James. Một trong những cá nhân thống"
CASE_0246,920218,mixed,4,4369524,0.639,0.639,0,vi,"Những hình ảnh đẹp. CẬP NHẬT, 2:08 PM: Tỷ số cuối cùng đã ở và đó là một chiến thắng rõ ràng cho ABC với trận đấu 1 của NBA Finals đêm qua. 9 ÃƒÂ ¢ Ã‚â ‚ ¬Ã‚â € œ 11:57 CH Trận chiến giữa đội Golden State Warriors giành chiến thắng trong hiệp phụ và đội Cleveland Cavaliers đã thu hút xếp hạng 6,9 /"
CASE_0246,920218,mixed,5,5329549,0.6384,0.6384,0,vi,"Cavaliers được dẫn dắt bởi cầu thủ ngôi sao LeBron James của họ trong khi Warriors có cầu thủ ngôi sao Stephen Curry. Cuối cùng, trò chơi đã giành chiến thắng bởi Cleveland Cavaliers, 93-89!"
CASE_0246,920218,mixed,6,5948211,0.6357,0.6357,0,vi,Tin mới nhất CÁC CAVS LÀ NHÀ VÔ ĐỊCH NBA. Tỷ số chung cuộc: Cleveland Cavaliers đánh bại Golden State Warriors với tỷ số 110-99. Cavaliers có được chiến thắng chữ ký trước Warriors dẫn đầu giải đấu. Hai trong số các đội nóng nhất của giải đấu đã cùng nhau vào tối thứ Năm để xem trước trận Chung kết
CASE_0246,920218,mixed,7,1639574,0.6335,0.6335,0,vi,"Golden State Warriors giành danh hiệu NBA đầu tiên sau 40 năm ÃƒÂ ¢ Ã‚â‚¬Ã‚â € œ như nó đã xảy ra. Hãy xem những người hâm mộ Golden State Warriors đổ ra đường phố Oakland để ăn mừng. 12.00 sáng EDT 00:00 ĐIỂM KẾT THÚC: Warriors 105, Cavaliers 97. 11.45 tối EDT 23:45 Warriors 98, Cavaliers 85."
CASE_0246,920218,mixed,8,4240579,0.6327,0.6327,0,vi,"the cleveland kỵ binh kém 5 điểm trong trò chơi 7 của trận chung kết nba 2016 vào đêm chủ nhật trạng thái vàng được mở ra như một yêu thích 5 5 điểm tại las vegas sportsbooks và dòng cá cược nhanh chóng chuyển sang 4 5 điểm nhưng chênh lệch điểm đã lùi lại năm điểm và trên dưới là 207, các chiến bin"
CASE_0246,920218,mixed,9,7919556,0.6323,0.6323,0,vi,"Tỷ số chung cuộc Cavaliers vs. Warriors 2016: LeBron James mang về một danh hiệu cho Cleveland trong chiến thắng ở Game 7 đầy gay cấn. Bởi Liam Boylan-Pett ÃƒÂ¯Ã‚ËœÃ‚â € ˜ @liam_bp vào ngày 19 tháng 6 năm 2016, 10: 40p 115. Kyrie Irving đã ghi bàn thắng trong trận playoffs để dẫn dắt Cavaliers giành"
CASE_0246,920218,mixed,10,2699256,0.6315,0.6315,0,vi,"Trong tám tuần, các Chiến binh đã chiến thắng và chiến thắng và chiến thắng, một cuộc hành quân như thiêu đốt khắp châu Mỹ và Canada. Hầu như tất cả các trận thắng đều có cách biệt hai chữ số, nhưng xét về đa dạng, Warriors đã giành chiến thắng trong hiệp phụ, thắng gấp đôi trong hiệp phụ và lội ngư"
CASE_0246,948532,endpoint,1,4256816,0.6881,0.6881,0,vi,"Robot đại chiến: Hiệp sĩ cuối cùng. Transformers: The Last Knight (còn được gọi là Transformers 5) là một bộ phim hành động khoa học viễn tưởng sắp ra mắt năm 2017 của Mỹ dựa trên dòng đồ chơi do Hasbro tạo ra. Đây sẽ là phần thứ năm của loạt phim Transformers người thật đóng, và là phần tiếp theo t"
CASE_0246,948532,endpoint,2,5077265,0.6633,0.6633,0,vi,"Kiểm tra diện mạo mới của anh ấy bên dưới: Giữ bình tĩnh và chào đón Megatron. #transformers pic.twitter.com/VkKQyDl3n0 ÃƒÂ ¢ Ã‚â‚¬Ã‚â € #Transformers (@transformers) Ngày 10 tháng 8 năm 2016 Transformers: The Last Knight là bộ phim thứ năm sắp tới trong loạt phim người thật đóng, hiện đang được mon"
CASE_0246,948532,endpoint,3,3232624,0.6613,0.6613,0,vi,Robot đại chiến: Hiệp sĩ cuối cùng. Transformers: The Last Knight là một bộ phim hành động khoa học viễn tưởng của Mỹ năm 2017 dựa trên dòng đồ chơi Transformers do Hasbro tạo ra. Đây là phần thứ năm của loạt phim Transformers người thật đóng và là phần tiếp theo của Transformers: Age of Extinction
CASE_0246,948532,endpoint,4,3331193,0.6603,0.6603,0,vi,Robot đại chiến: Hiệp sĩ cuối cùng. Transformers: The Last Knight là một bộ phim hành động-khoa học viễn tưởng 3D sắp ra mắt của Mỹ dựa trên dòng đồ chơi Transformers. Đây là phần thứ năm của loạt phim Transformers người thật đóng và là phần tiếp theo trực tiếp của Transformers: Age of Extinction nă
CASE_0246,948532,endpoint,5,2884989,0.6598,0.6598,0,vi,"Kiểm tra diện mạo mới của anh ấy bên dưới: Giữ bình tĩnh và chào đón Megatron. #transformers pic.twitter.com/VkKQyDl3n0 ÃƒÂ ¢ Ã‚â‚¬Ã‚â € #Transformers (@transformers) Ngày 10 tháng 8 năm 2016 Transformers: The Last Knight là bộ phim thứ năm sắp tới trong loạt phim người thật đóng, hiện đang được mon"
CASE_0246,948532,endpoint,6,4325276,0.6525,0.6525,0,vi,"ItÃƒÂ ¢ Ã‚â‚¬Ã‚â „đã được thông báo rằng Transformers 5 sẽ được phát hành vào năm 2017, nhưng nhượng quyền thương mại còn có mục tiêu ngoài hành động trực tiếp. Hiện có một bộ phim hoạt hình cũng đang được thực hiện, một bộ phim có thể không có con người thu hút ánh đèn sân khấu. Theo Deadline, hai"
CASE_0246,948532,endpoint,7,8627697,0.6452,0.6452,0,vi,"Khi nào chúng ta có thể mong đợi được xem Transformers: Đoạn phim Hiệp sĩ cuối cùng. Transformers: The Last Knight sẽ ra rạp trước khi chúng ta biết điều đó. Bây giờ một manh mối mới bí ẩn vừa được tiết lộ, trêu chọc khi chúng ta sẽ xem các cảnh quay cho bộ phim."
CASE_0246,948532,endpoint,8,7839920,0.6432,0.6432,0,vi,"Hãy xem hình ảnh nhân vật mới bên dưới, được cung cấp bởi tài khoản Twitter chính thức của Transformers. Transformers: The Last Knight là bộ phim thứ năm sắp tới trong loạt phim người thật đóng, hiện dự kiến ​​sẽ được phát hành vào ngày 23 tháng 6 năm 2017. Phim sẽ là phần tiếp theo của Transformers"
CASE_0246,948532,endpoint,9,5784411,0.6374,0.6374,0,vi,Kẻ hủy diệt sẽ trở lại ÃƒÂ ¢ Ã‚â‚¬Ã‚â € œ và lần này là chính thức. Hãng phim Paramount đã thông báo rằng bộ phim đầu tiên trong bộ ba phim mới dự kiến ​​dựa trên nhân vật của kẻ giết người máy không thể ngăn cản đang được lên kế hoạch phát hành vào tháng 6 năm 2015. Đây sẽ là bộ phim điện ảnh thứ n
CASE_0246,948532,endpoint,10,3778798,0.6368,0.6368,0,vi,Bộ phim biến hình sắp ra mắt vào năm 2011 có tên là Transformers War for cybertron không? Transformers 3 là tựa đề cho phần phim thứ ba và cũng là phần phim cuối cùng trong ... Dòng đồ chơi người máy biến hình được công chiếu vào năm nào? Ngày khởi chiếu dự kiến ​​ban đầu của bộ phim Transformers 20
CASE_0246,948532,mixed,1,4256816,0.7352,0.7352,0,vi,"Robot đại chiến: Hiệp sĩ cuối cùng. Transformers: The Last Knight (còn được gọi là Transformers 5) là một bộ phim hành động khoa học viễn tưởng sắp ra mắt năm 2017 của Mỹ dựa trên dòng đồ chơi do Hasbro tạo ra. Đây sẽ là phần thứ năm của loạt phim Transformers người thật đóng, và là phần tiếp theo t"
CASE_0246,948532,mixed,2,5077265,0.732,0.732,0,vi,"Kiểm tra diện mạo mới của anh ấy bên dưới: Giữ bình tĩnh và chào đón Megatron. #transformers pic.twitter.com/VkKQyDl3n0 ÃƒÂ ¢ Ã‚â‚¬Ã‚â € #Transformers (@transformers) Ngày 10 tháng 8 năm 2016 Transformers: The Last Knight là bộ phim thứ năm sắp tới trong loạt phim người thật đóng, hiện đang được mon"
CASE_0246,948532,mixed,3,2884991,0.7264,0.7264,1,vi,"Transformers: The Last Knight sẽ bao gồm một dàn sao hùng hậu như Mark Wahlberg, Anthony Hopkins, Tyrese Gibson và Josh Duhamel đều sẽ đóng vai chính trong bộ phim chung của Michael Bay, hứa hẹn sẽ đưa loạt phim đi theo hướng thú vị. Transformers: The Last Knight sẽ ra rạp vào ngày 23/6/2017."
CASE_0246,948532,mixed,4,7718938,0.7238,0.7238,0,vi,"Transformers: The Last Knight ra rạp vào ngày 23 tháng 6 năm 2017. Tiếp theo là bộ phim spin-off Bumblebee vào ngày 8 tháng 6 năm 2018, tiếp theo là Transformers 6 vào ngày 28 tháng 6 năm 2019. Nguồn: Coming Soon. BỞI: Jasmin Mohamed @fiorebianca."
CASE_0246,948532,mixed,5,2884989,0.7231,0.7231,0,vi,"Kiểm tra diện mạo mới của anh ấy bên dưới: Giữ bình tĩnh và chào đón Megatron. #transformers pic.twitter.com/VkKQyDl3n0 ÃƒÂ ¢ Ã‚â‚¬Ã‚â € #Transformers (@transformers) Ngày 10 tháng 8 năm 2016 Transformers: The Last Knight là bộ phim thứ năm sắp tới trong loạt phim người thật đóng, hiện đang được mon"
CASE_0246,948532,mixed,6,7839920,0.7215,0.7215,0,vi,"Hãy xem hình ảnh nhân vật mới bên dưới, được cung cấp bởi tài khoản Twitter chính thức của Transformers. Transformers: The Last Knight là bộ phim thứ năm sắp tới trong loạt phim người thật đóng, hiện dự kiến ​​sẽ được phát hành vào ngày 23 tháng 6 năm 2017. Phim sẽ là phần tiếp theo của Transformers"
CASE_0246,948532,mixed,7,3232624,0.7199,0.7199,0,vi,Robot đại chiến: Hiệp sĩ cuối cùng. Transformers: The Last Knight là một bộ phim hành động khoa học viễn tưởng của Mỹ năm 2017 dựa trên dòng đồ chơi Transformers do Hasbro tạo ra. Đây là phần thứ năm của loạt phim Transformers người thật đóng và là phần tiếp theo của Transformers: Age of Extinction
CASE_0246,948532,mixed,8,3331193,0.7196,0.7196,0,vi,Robot đại chiến: Hiệp sĩ cuối cùng. Transformers: The Last Knight là một bộ phim hành động-khoa học viễn tưởng 3D sắp ra mắt của Mỹ dựa trên dòng đồ chơi Transformers. Đây là phần thứ năm của loạt phim Transformers người thật đóng và là phần tiếp theo trực tiếp của Transformers: Age of Extinction nă
CASE_0246,948532,mixed,9,4055758,0.7175,0.7175,0,vi,"Transformers: The Last Knight là bộ phim thứ năm trong loạt phim. Phim khởi quay từ tháng 5/2016 và kết thúc vào tháng 12/2016; dự kiến ​​sẽ được phát hành vào ngày 23 tháng 6 năm 2017. Phim được đạo diễn bởi Michael Bay từ kịch bản được viết bởi Art Marcum, Matt Holloway và Ken Nolan, và có sự tham"
CASE_0246,948532,mixed,10,3044048,0.7167,0.7167,0,vi,"Paramount đã cho Transformers: The Last Knight ngày phát hành là 23 tháng 6 năm 2017. Điều này có nghĩa là phần tiếp theo về người máy lớn sẽ chuyển sang kỳ nghỉ ngày 4 tháng 7, nơi các bộ phim của Michael BayÃƒÂ ¢ Ã‚â‚¬Ã‚â có xu hướng chiếu sáng. Điều đó cũng có nghĩa là, bằng cách ra mắt vào cuối"
CASE_0246,961097,endpoint,1,7249899,0.7358,0.7358,0,vi,NBA lần đầu tiên được thành lập vào ngày 6 tháng 6 năm 1946 tại thành phố New York với tên gọi Hiệp hội Bóng rổ Hoa Kỳ (BAA). Sau đó nó được đổi tên thành Hiệp hội Bóng rổ Quốc gia sau khi hợp nhất với Liên đoàn Bóng rổ Quốc gia (NBL) vào năm 1949. NBA là giải đấu bóng rổ chuyên nghiệp thành công đầ
CASE_0246,961097,endpoint,2,7784076,0.7323,0.7323,0,vi,Câu trả lời 1949 Khi DID NBA bắt đầu. Nó bắt đầu vào năm 1946 với tên gọi BAA (Hiệp hội bóng rổ của Mỹ) sau đó hợp nhất với NBL (National Basketball League) ÃƒÂ ¢ Ã‚â‚¬Ã‚Â¦ và được gọi là NBA vào năm 1950.
CASE_0246,961097,endpoint,3,7829355,0.7296,0.7296,1,vi,"Bởi Sam Laird. Trận đấu đầu tiên của NBA từng được chơi vào ngày 1 tháng 11 năm 1946 ÃƒÂ ¢ Ã‚â‚¬Ã‚â € 66 năm trước ngày hôm nay. Một đám người da trắng mặc quần đùi ngắn cũn cỡn, chạy bộ dệt vải ba người và ném những cú đánh bộ bằng hai tay từ một tòa án cách đường ba điểm."
CASE_0246,961097,endpoint,4,4078248,0.7265,0.7265,0,vi,Không có đội NBA đầu tiên. NBA bắt đầu với 11 đội vào năm 1946 với tên gọi Hiệp hội Bóng rổ Hoa Kỳ. Trận đấu đầu tiên diễn ra vào ngày 1 tháng 11 giữa New York Knicks aÃƒÂ ¢ Ã‚â‚¬Ã‚Â¦ và Toronto Huskies (Knicks thắng 68-66).
CASE_0246,961097,endpoint,5,5202120,0.7239,0.7239,0,vi,"Điều này thực sự khó trả lời. NBA bắt đầu vào năm 1946 với tên gọi Hiệp hội Bóng rổ Hoa Kỳ, hay còn gọi là BAA, sau khi hợp nhất với Liên đoàn Bóng rổ Quốc gia (NBL) vào năm 1949, nó trở thành Hiệp hội Bóng rổ Quốc gia. NBA bắt đầu vào năm 1946 với tên gọi Hiệp hội Bóng rổ Hoa Kỳ, hoặc BAA."
CASE_0246,961097,endpoint,6,8453620,0.722,0.722,0,vi,vào ngày 1 tháng 11 năm 1947 trong trận đấu khai mạc diễn ra giữa đội bóng rổ new york và người sơ đồ của đội đua ngựa to Toronto huskies ossie đã ghi những điểm đầu tiên trong lịch sử nba. trận đấu khai mạc diễn ra giữa đội bóng rổ new york và người mưu đồ của đội tuyển thủ đô Toronto huskies đã gh
CASE_0246,961097,endpoint,7,8732012,0.7133,0.7133,0,vi,"Dự thảo nba diễn ra vào tháng mấy? NBA bắt đầu khi nào? Câu trả lời 1949 Khi DID NBA bắt đầu. Nó bắt đầu vào năm 1946 với tên gọi BAA (Hiệp hội bóng rổ Hoa Kỳ) sau đó hợp nhất với NBL (National Basketball League) ÃƒÂ ¢ Ã‚â‚¬Ã‚Â¦ và được gọi là NBA vào năm 1950. Làm cho thế giới tốt đẹp hơn, một câu"
CASE_0246,961097,endpoint,8,2370636,0.708,0.708,0,vi,"Khi kỷ niệm 50 năm thành lập, NBA đang chuẩn bị kết thúc mùa giải 1996-97 với New York Knicks đấu với Toronto Raptors trên sân SkyDome của Toronto. Toronto đã. cũng là nơi diễn ra trận đấu đầu tiên của giải đấu vào ngày 1 tháng 11 năm 1946, với Huskies tổ chức New York Knickerbockers tại Maple Leaf"
CASE_0246,961097,endpoint,9,3720808,0.7052,0.7052,0,vi,"NBA được thành lập vào tháng 6 năm 1946, với mùa giải đầu tiên diễn ra vào năm 1946ÃƒÂ ¢ Ã‚â‚¬Ã‚â € œ47. Wataru Misaka ra mắt vào năm 1947ÃƒÂ ¢ Ã‚â‚¬Ã‚â € œ48 với tư cách là cầu thủ không phải người da trắng đầu tiên và là cầu thủ gốc Á đầu tiên chơi ở giải đấu. Người Mỹ gốc Phi lần đầu tiên xuất hi"
CASE_0246,961097,endpoint,10,3131899,0.7042,0.7042,0,vi,"Làm cho thế giới tốt đẹp hơn, một câu trả lời tại một thời điểm. NBA hay Hiệp hội Bóng rổ Quốc gia được thành lập vào ngày 6 tháng 6 năm 1946 tại thành phố New York. Lần đầu tiên nó được gọi là BAA hoặc Hiệp hội bóng rổ của Mỹ. NBA hay Hiệp hội Bóng rổ Quốc gia được thành lập vào ngày 6 tháng 6 năm"
CASE_0246,961097,mixed,1,7829355,0.745,0.745,1,vi,"Bởi Sam Laird. Trận đấu đầu tiên của NBA từng được chơi vào ngày 1 tháng 11 năm 1946 ÃƒÂ ¢ Ã‚â‚¬Ã‚â € 66 năm trước ngày hôm nay. Một đám người da trắng mặc quần đùi ngắn cũn cỡn, chạy bộ dệt vải ba người và ném những cú đánh bộ bằng hai tay từ một tòa án cách đường ba điểm."
CASE_0246,961097,mixed,2,4078248,0.7232,0.7232,0,vi,Không có đội NBA đầu tiên. NBA bắt đầu với 11 đội vào năm 1946 với tên gọi Hiệp hội Bóng rổ Hoa Kỳ. Trận đấu đầu tiên diễn ra vào ngày 1 tháng 11 giữa New York Knicks aÃƒÂ ¢ Ã‚â‚¬Ã‚Â¦ và Toronto Huskies (Knicks thắng 68-66).
CASE_0246,961097,mixed,3,8453620,0.7204,0.7204,0,vi,vào ngày 1 tháng 11 năm 1947 trong trận đấu khai mạc diễn ra giữa đội bóng rổ new york và người sơ đồ của đội đua ngựa to Toronto huskies ossie đã ghi những điểm đầu tiên trong lịch sử nba. trận đấu khai mạc diễn ra giữa đội bóng rổ new york và người mưu đồ của đội tuyển thủ đô Toronto huskies đã gh
CASE_0246,961097,mixed,4,7249899,0.7197,0.7197,0,vi,NBA lần đầu tiên được thành lập vào ngày 6 tháng 6 năm 1946 tại thành phố New York với tên gọi Hiệp hội Bóng rổ Hoa Kỳ (BAA). Sau đó nó được đổi tên thành Hiệp hội Bóng rổ Quốc gia sau khi hợp nhất với Liên đoàn Bóng rổ Quốc gia (NBL) vào năm 1949. NBA là giải đấu bóng rổ chuyên nghiệp thành công đầ
CASE_0246,961097,mixed,5,7784076,0.7184,0.7184,0,vi,Câu trả lời 1949 Khi DID NBA bắt đầu. Nó bắt đầu vào năm 1946 với tên gọi BAA (Hiệp hội bóng rổ của Mỹ) sau đó hợp nhất với NBL (National Basketball League) ÃƒÂ ¢ Ã‚â‚¬Ã‚Â¦ và được gọi là NBA vào năm 1950.
CASE_0246,961097,mixed,6,5856346,0.7088,0.7088,0,vi,"Trận đấu chính thức đầu tiên được chơi trong nhà thi đấu YMCA ở Albany, New York, vào ngày 20 tháng 1 năm 1892, với chín người chơi. Trò chơi kết thúc lúc 1ÃÂ ¢ Ã‚â‚¬Ã‚â € œ0; cú đánh được thực hiện từ độ cao 7,6 m, trên một sân chỉ bằng một nửa kích thước của một sân bóng Đường phố hoặc Hiệp hội Bó"
CASE_0246,961097,mixed,7,5202120,0.7082,0.7082,0,vi,"Điều này thực sự khó trả lời. NBA bắt đầu vào năm 1946 với tên gọi Hiệp hội Bóng rổ Hoa Kỳ, hay còn gọi là BAA, sau khi hợp nhất với Liên đoàn Bóng rổ Quốc gia (NBL) vào năm 1949, nó trở thành Hiệp hội Bóng rổ Quốc gia. NBA bắt đầu vào năm 1946 với tên gọi Hiệp hội Bóng rổ Hoa Kỳ, hoặc BAA."
CASE_0246,961097,mixed,8,2370636,0.708,0.708,0,vi,"Khi kỷ niệm 50 năm thành lập, NBA đang chuẩn bị kết thúc mùa giải 1996-97 với New York Knicks đấu với Toronto Raptors trên sân SkyDome của Toronto. Toronto đã. cũng là nơi diễn ra trận đấu đầu tiên của giải đấu vào ngày 1 tháng 11 năm 1946, với Huskies tổ chức New York Knickerbockers tại Maple Leaf"
CASE_0246,961097,mixed,9,3720808,0.706,0.706,0,vi,"NBA được thành lập vào tháng 6 năm 1946, với mùa giải đầu tiên diễn ra vào năm 1946ÃƒÂ ¢ Ã‚â‚¬Ã‚â € œ47. Wataru Misaka ra mắt vào năm 1947ÃƒÂ ¢ Ã‚â‚¬Ã‚â € œ48 với tư cách là cầu thủ không phải người da trắng đầu tiên và là cầu thủ gốc Á đầu tiên chơi ở giải đấu. Người Mỹ gốc Phi lần đầu tiên xuất hi"
CASE_0246,961097,mixed,10,8732012,0.7027,0.7027,0,vi,"Dự thảo nba diễn ra vào tháng mấy? NBA bắt đầu khi nào? Câu trả lời 1949 Khi DID NBA bắt đầu. Nó bắt đầu vào năm 1946 với tên gọi BAA (Hiệp hội bóng rổ Hoa Kỳ) sau đó hợp nhất với NBL (National Basketball League) ÃƒÂ ¢ Ã‚â‚¬Ã‚Â¦ và được gọi là NBA vào năm 1950. Làm cho thế giới tốt đẹp hơn, một câu"
CASE_0246,988710,endpoint,1,3759861,0.6243,0.6243,0,vi,"Hãy tôn vinh Lữ đoàn Ánh sáng, Sáu trăm người cao quý. The Charge of the Light Brigade là một bài thơ tường thuật năm 1854 của Alfred, Lord Tennyson về Charge of the Light Brigade trong trận Balaclava trong Chiến tranh Crimean. Ông là Nhà thơ của Vương quốc Anh vào thời điểm ông viết bài thơ."
CASE_0246,988710,endpoint,2,3113449,0.5929,0.5929,0,vi,"Được biết đến nhiều nhất với cái tên: Nhà thơ thời Victoria, người đã viết The Charge of the Light Brigade. Alfred, Lord Tennyson là Nhà thơ đoạt Giải thưởng Nhà thơ của Anh từ năm 1850 đến năm 1892, và là tác giả của bài thơ Người phụ trách đội ánh sáng .. Ông đã làm thơ khi còn nhỏ và xuất bản tác"
CASE_0246,988710,endpoint,3,3759858,0.5751,0.5751,0,vi,"Bài tái bút của Kipling [sửa] Bài thơ Cuối cùng của Lữ đoàn Ánh sáng (1891) của Rudyard Kipling, được viết khoảng 40 năm sau sự xuất hiện của Lữ đoàn Ánh sáng, tập trung vào những khó khăn khủng khiếp mà các cựu binh trong Chiến tranh Krym phải đối mặt khi về già, như điển hình của những người lính"
CASE_0246,988710,endpoint,4,3113452,0.5575,0.5575,0,vi,"Tóm lược. Bài thơ này mô tả chuyến viếng thăm của hai mươi cựu binh còn sống sót của lực lượng kỵ binh hạng nhẹ nổi tiếng trong Chiến tranh Krym tới nhà thơ Alfred, Lãnh chúa Tennyson, người đã viết về sự kiện đó nổi tiếng trong tác phẩm The Charge of the Light Brigade (1854). Bài thơ này của Kiplin"
CASE_0246,988710,endpoint,5,3113455,0.5433,0.5433,0,vi,"Alfred, Lord Tennyson, khi đó là nhà thơ đoạt giải thưởng của Vương quốc Anh, đã viết bài thơ nổi tiếng của mình về những hành động anh hùng của lữ đoàn. Nó được xuất bản trong Examiner vào ngày 9 tháng 12 năm 1854, và ngay lập tức được hoan nghênh. Bài thơ này của Kipling hầu như không được độc giả"
CASE_0246,988710,endpoint,6,3113451,0.5409,0.5409,0,vi,"Về bài thơ, xem Phí đoàn đội ánh sáng (bài thơ). Đối với các mục đích sử dụng khác, hãy xem Charge of the Light Brigade (định hướng). Chỉ huy Lữ đoàn hạng nhẹ là lực lượng kỵ binh hạng nhẹ của Anh do Lãnh chúa Cardigan chỉ huy chống lại lực lượng Nga trong Trận chiến Balaclava vào ngày 25 tháng 10 n"
CASE_0246,988710,endpoint,7,7287999,0.5383,0.5383,0,vi,"Lời giới thiệu về một trong những bài thơ phổ biến nhất của TennysonÃƒÂ ¢ Ã‚â‚¬Ã‚â „. ÃƒÂ ¢ Ã‚â‚¬Ã‚ËœPhụ trách của Light BrigadeÃƒÂ ¢ Ã‚â‚¬Ã‚â „¢ là một trong những bài thơ nổi tiếng nhất của Alfred, Lord TennysonÃƒÂ ¢ Ã‚â‚¬Ã‚Ëœ. Đây là bài thơ, tiếp theo là một vài từ theo cách phân tích văn bản. Ý"
CASE_0246,988710,endpoint,8,2965206,0.537,0.537,0,vi,"Lên đến EServer | Lên đến Tuyển tập thơ. Sự phụ trách của Lữ đoàn Ánh sáng Alfred, Chúa tể Tennyson 1. Một nửa liên minh, một nửa liên minh, Một nửa liên minh trở đi, Tất cả trong thung lũng của Death Rode sáu trăm. Tiến lên, Lữ đoàn Ánh sáng! Sạc súng! anh ấy nói: Vào thung lũng của Tử thần Rode sá"
CASE_0246,988710,endpoint,9,3113450,0.5344,0.5344,0,vi,"Nhà thơ thời Victoria, người đã viết The Charge of the Light Brigade. Alfred, Lord Tennyson là Nhà thơ đoạt Giải thưởng Nhà thơ của Anh từ năm 1850 đến năm 1892, và là tác giả của bài thơ The Charge of the Light Brigade. Ông đã làm thơ khi còn nhỏ và xuất bản tác phẩm quan trọng đầu tiên của mình và"
CASE_0246,988710,endpoint,10,3113454,0.5233,0.5233,0,vi,"Cả thế giới đều thắc mắc. Hãy tôn trọng khoản phí mà họ đã thực hiện, Hãy tôn vinh Lữ đoàn Ánh sáng, Sáu trăm người cao quý. Sao chép từ Bài thơ của Alfred Tennyson, J. E. Tilton và Company, Boston, 1870 Bài thơ này là một trong số nhiều bài được xuất bản bởi EServer, một tổ chức phi lợi nhuận gồm c"
CASE_0246,988710,mixed,1,3759861,0.6758,0.6758,0,vi,"Hãy tôn vinh Lữ đoàn Ánh sáng, Sáu trăm người cao quý. The Charge of the Light Brigade là một bài thơ tường thuật năm 1854 của Alfred, Lord Tennyson về Charge of the Light Brigade trong trận Balaclava trong Chiến tranh Crimean. Ông là Nhà thơ của Vương quốc Anh vào thời điểm ông viết bài thơ."
CASE_0246,988710,mixed,2,3113449,0.6314,0.6314,0,vi,"Được biết đến nhiều nhất với cái tên: Nhà thơ thời Victoria, người đã viết The Charge of the Light Brigade. Alfred, Lord Tennyson là Nhà thơ đoạt Giải thưởng Nhà thơ của Anh từ năm 1850 đến năm 1892, và là tác giả của bài thơ Người phụ trách đội ánh sáng .. Ông đã làm thơ khi còn nhỏ và xuất bản tác"
CASE_0246,988710,mixed,3,7287995,0.6066,0.6066,1,vi,"The Charge of the Light Brigade là một bài thơ tường thuật năm 1854 của Alfred, Lord Tennyson về Charge of the Light Brigade trong trận Balaclava trong Chiến tranh Crimean. Ông viết nó vào ngày 2 tháng 12 năm 1854, và nó được xuất bản vào ngày 9 tháng 12 năm 1854 trên tạp chí The Examiner. Ông là Nh"
CASE_0246,988710,mixed,4,3113452,0.6065,0.6065,0,vi,"Tóm lược. Bài thơ này mô tả chuyến viếng thăm của hai mươi cựu binh còn sống sót của lực lượng kỵ binh hạng nhẹ nổi tiếng trong Chiến tranh Krym tới nhà thơ Alfred, Lãnh chúa Tennyson, người đã viết về sự kiện đó nổi tiếng trong tác phẩm The Charge of the Light Brigade (1854). Bài thơ này của Kiplin"
CASE_0246,988710,mixed,5,2965208,0.6015,0.6015,0,vi,Sáu trăm cao quý. . The Charge of the Light Brigade là một bài thơ tường thuật năm 1854 của Alfred Lord Tennyson kể về Charge of the Light Brigade tại Trận Balaclava trong Chiến tranh Crimean. Ông là Nhà thơ Vương quốc Anh vào thời điểm viết bài thơ. The Charge of the Light Brigade là một bài thơ tư
CASE_0246,988710,mixed,6,7287999,0.6011,0.6011,0,vi,"Lời giới thiệu về một trong những bài thơ phổ biến nhất của TennysonÃƒÂ ¢ Ã‚â‚¬Ã‚â „. ÃƒÂ ¢ Ã‚â‚¬Ã‚ËœPhụ trách của Light BrigadeÃƒÂ ¢ Ã‚â‚¬Ã‚â „¢ là một trong những bài thơ nổi tiếng nhất của Alfred, Lord TennysonÃƒÂ ¢ Ã‚â‚¬Ã‚Ëœ. Đây là bài thơ, tiếp theo là một vài từ theo cách phân tích văn bản. Ý"
CASE_0246,988710,mixed,7,3113450,0.5939,0.5939,0,vi,"Nhà thơ thời Victoria, người đã viết The Charge of the Light Brigade. Alfred, Lord Tennyson là Nhà thơ đoạt Giải thưởng Nhà thơ của Anh từ năm 1850 đến năm 1892, và là tác giả của bài thơ The Charge of the Light Brigade. Ông đã làm thơ khi còn nhỏ và xuất bản tác phẩm quan trọng đầu tiên của mình và"
CASE_0246,988710,mixed,8,2965214,0.5848,0.5848,0,vi,The Charge of the Light Brigade là một bài thơ tường thuật năm 1854 của Alfred Lord Tennyson về Charge of the Light Brigade trong trận Balaclava trong Chiến tranh Crimean. . Charge of the Light Brigade là một bài thơ tường thuật năm 1854 của Alfred Lord Tennyson về Charge of the Light Brigade trong
CASE_0246,988710,mixed,9,2965212,0.5842,0.5842,0,vi,"Người hướng dẫn: Debbie Notari. Alfred, Lord Tennyson đã viết 'The Charge of the Light Brigade' để đáp trả cuộc tấn công ác liệt của Lữ đoàn Light của Anh trong Chiến tranh Crimean năm 1854. video ngắn và vui nhộn Hãy bắt đầu dùng thử miễn phí ngay hôm nay. Người hướng dẫn: Debbie Notari. Alfred, Lo"
CASE_0246,988710,mixed,10,3717328,0.5816,0.5816,0,vi,Tôi sẽ cho bạn 13 điểm nếu bạn có thể nghiên cứu chuyên sâu về Yahoo Hỏi & Đáp nếu bạn có thể cho tôi biết ai đã viết bài thơ này. Bạn có thể cảm ơn người đã nói rằng The Charge of the light Brigade quá dễ cho câu hỏi này.
CASE_0246,1006509,endpoint,1,2317620,0.639,0.639,0,vi,"Ai nói ngày hôm qua là lịch sử, ngày mai là một bí ẩn và ngày hôm nay là một món quà, đó là lý do tại sao nó được gọi là hiện tại?"
CASE_0246,1006509,endpoint,2,1872725,0.6297,0.6297,0,vi,Ngày này trong lịch sử.
CASE_0246,1006509,endpoint,3,1799967,0.627,0.627,0,vi,"Trong bộ ba phim Back to the Future, ngày hiện tại * là ngày 26 tháng 10 năm 1985 (2015 là tương lai, 1885 và 1955 là quá khứ). Đúng 25 năm sau vào ngày 26 tháng 10 năm 2010, bộ ba phim Back to the Future được phát hành trên đĩa Blu-ray trong phiên bản Kỷ niệm 25 năm."
CASE_0246,1006509,endpoint,4,8470295,0.6225,0.6225,0,vi,Rất khó để nhớ rằng các sự kiện hiện tại trong quá khứ đã từng là trong tương lai.
CASE_0246,1006509,endpoint,5,7247414,0.6153,0.6153,0,vi,"Ngày 21 tháng 10 năm 2015, ngày được sử dụng để thiết lập các sự kiện trong tương lai trong màn đầu tiên của bộ phim thứ hai, đã được giới truyền thông gọi là Ngày trở lại tương lai. Năm 2015 cũng là năm kỷ niệm 30 năm phát hành bộ phim gốc."
CASE_0246,1006509,endpoint,6,3060889,0.5901,0.5901,0,vi,"Days of Future Past là một phần ngoại truyện trong truyện tranh Marvel Comics The Uncanny X-Men số 141ÃƒÂ ¢ Ã‚â‚¬Ã‚â € œ142, được xuất bản vào năm 1981. Nó đề cập đến một tương lai loạn lạc, trong đó các dị nhân bị giam giữ trong trại giam trại."
CASE_0246,1006509,endpoint,7,327625,0.5892,0.5892,0,vi,"Back To the Future Day Hôm nay là ngày mà các diễn viên đã tham gia trong Back to The Future Part II, ngày 21 tháng 10 năm 2015. Thật buồn cười khi họ nghĩ thế giới sẽ như thế nào vào năm 2015."
CASE_0246,1006509,endpoint,8,6635596,0.5833,0.5833,0,vi,Đó là ngày mà hầu hết những người yêu thích phim đều thuộc nằm lòng: Ngày 21 tháng 10 năm 2015 ÃƒÂ ¢ Ã‚â‚¬Ã‚â € œ ngày Marty McFly và Doc Brown du hành tới tương lai ở Stephen SpielbergÃƒÂ ¢ Ã‚â‚¬Ã‚â „kinh điển năm 1989 ÃƒÂ ¢ Ã‚â‚¬Ã‚Å“ Back to the Future: Part II.ÃƒÂ ¢ Ã‚â‚¬Ã ‚Mặc dù bạn có thể khôn
CASE_0246,1006509,endpoint,9,3428746,0.5826,0.5826,0,vi,"Nó không bao giờ được nêu ra. Một lúc nào đó trong tương lai. đăng lại: Nó không bao giờ nói chính xác năm, nhưng nó đưa ra nhiều gợi ý rằng câu chuyện xảy ra 300 năm hoặc lâu hơn trong tương lai."
CASE_0246,1006509,endpoint,10,4782896,0.5817,0.5817,0,vi,Tôi vừa nghe xong sách nói của Ender's Game và hiện tôi đang nghe Speaker of the Dead. Rõ ràng là câu chuyện diễn ra trong tương lai nhưng không biết chính xác là khi nào? tôi
CASE_0246,1006509,mixed,1,7253090,0.6858,0.6858,0,vi,"Ngày của tương lai đã qua. Days of Future Passed là album thứ hai và album concept đầu tiên của ban nhạc rock người Anh The Moody Blues, được Deram Records phát hành vào tháng 11 năm 1967. Với sự kết hợp giữa các yếu tố của dàn nhạc và rock, nó đã được coi là một trong những ví dụ đầu tiên của progr"
CASE_0246,1006509,mixed,2,7253093,0.6549,0.6549,0,vi,"Ngày 16 tháng 2 năm 2017. Los Angeles, CA (ngày 16 tháng 2 năm 2017) ÃƒÂ ¢ Ã‚â‚¬Ã‚â € œ The Moody Blues sẽ khởi động một chuyến lưu diễn trực tiếp đặc biệt kỷ niệm 50 năm album mang tính biểu tượng của họ, DAYS OF FUTURE PASSED, ban đầu được phát hành vào năm 1967."
CASE_0246,1006509,mixed,3,2514865,0.6381,0.6381,0,vi,Days of Future Passed là tiêu đề của một album concept tuyệt vời được phát hành bởi Moody Blues vào năm 1967. Concept là một chuỗi các bài hát đưa người nghe đi qua một ngày làm việc duy nhất. *** LÒ XOẮN PHUN XĂNG ***.
CASE_0246,1006509,mixed,4,7253087,0.6282,0.6282,1,vi,"Nghe miễn phí The Moody Blues ÃƒÂ ¢ Ã‚â‚¬Ã‚â € œ Days of Future Passed (The Day Begins, Dawn: Dawn Is A Feeling và hơn thế nữa). 7 bản nhạc (41:19). Days of Future Passed là album thứ hai và là album concept đầu tiên của ban nhạc rock người Anh The Moody Blues, được phát hành vào tháng 12 năm 1967 t"
CASE_0246,1006509,mixed,5,1799967,0.6214,0.6214,0,vi,"Trong bộ ba phim Back to the Future, ngày hiện tại * là ngày 26 tháng 10 năm 1985 (2015 là tương lai, 1885 và 1955 là quá khứ). Đúng 25 năm sau vào ngày 26 tháng 10 năm 2010, bộ ba phim Back to the Future được phát hành trên đĩa Blu-ray trong phiên bản Kỷ niệm 25 năm."
CASE_0246,1006509,mixed,6,7253085,0.61,0.61,0,vi,"gửi 1 năm trước bởi 7thHanyou. Thực sự tò mò, vì tôi không thích truyện tranh. Tôi đã xem và rất thích hai bộ phim X-Men đầu tiên, nhưng sau phần ba thì ngừng chú ý. Days of Future Passed là tiêu đề cho album Moody Blues năm 1967 có ảnh hưởng, được cho là album nhạc progressive rock đầu tiên. Album"
CASE_0246,1006509,mixed,7,3932627,0.6047,0.6047,0,vi,"Moody Blues là một ban nhạc rock người Anh được thành lập vào tháng 5 năm 1964 tại Birmingham, Vương quốc Anh. Trong số những đổi mới của họ là sự kết hợp giữa rock với nhạc cổ điển, đáng chú ý nhất là trong album Days of Future Passed năm 1967. Moody Blues là một ban nhạc rock người Anh được thành"
CASE_0246,1006509,mixed,8,2317620,0.5919,0.5919,0,vi,"Ai nói ngày hôm qua là lịch sử, ngày mai là một bí ẩn và ngày hôm nay là một món quà, đó là lý do tại sao nó được gọi là hiện tại?"
CASE_0246,1006509,mixed,9,8470295,0.5903,0.5903,0,vi,Rất khó để nhớ rằng các sự kiện hiện tại trong quá khứ đã từng là trong tương lai.
CASE_0246,1006509,mixed,10,7247414,0.5901,0.5901,0,vi,"Ngày 21 tháng 10 năm 2015, ngày được sử dụng để thiết lập các sự kiện trong tương lai trong màn đầu tiên của bộ phim thứ hai, đã được giới truyền thông gọi là Ngày trở lại tương lai. Năm 2015 cũng là năm kỷ niệm 30 năm phát hành bộ phim gốc."
CASE_0246,1030623,endpoint,1,7217128,0.6427,0.6427,0,vi,Mức lương Thông thường của Nhân viên chứng khoán Michaels Stores là $ 9. Mức lương của Cộng tác viên Cổ phần tại Michaels Stores có thể dao động từ $ 8 đến $ 8. Ước tính này dựa trên 10 Michaels Stores Stock ÃƒÂ ¢ Ã‚â‚¬Ã‚Â¦ (Các) báo cáo lương do nhân viên cung cấp hoặc ước tính dựa trên các phương
CASE_0246,1030623,endpoint,2,7217133,0.6349,0.6349,0,vi,Mức lương Nhân viên chứng khoán của Michaels Stores thông thường là $ 9. Mức lương của Cộng tác viên Cổ phần tại Michaels Stores có thể dao động từ $ 8 đến $ 8. Ước tính này dựa trên (các) báo cáo lương của 10 Michaels Stores Stock Associate do nhân viên cung cấp hoặc ước tính dựa trên các phương ph
CASE_0246,1030623,endpoint,3,402360,0.6191,0.6191,0,vi,"Thu nhập trung bình từ $ 47,000 mỗi năm đối với người quản lý cấp mới đến $ 119,000 mỗi năm đối với người quản lý cửa hàng. Lương của một công ty liên kết càng cao, thì càng nhiều cổ phiếu của công ty liên kết nhận được trong tài khoản hưu trí mà không mất phí."
CASE_0246,1030623,endpoint,4,7217126,0.6105,0.6105,0,vi,"Michaels ở Hoa Kỳ phải trả bao nhiêu? Mức lương trung bình hàng giờ của Michaels dao động từ khoảng $ 8,66 mỗi giờ cho Stocking Associate đến $ 14,83 mỗi giờ cho Trình quản lý bản trình bày. Mức lương trung bình của Michaels dao động từ khoảng $ 16,000 mỗi năm cho Trưởng nhóm thu ngân đến $ 102,615"
CASE_0246,1030623,endpoint,5,7771587,0.6029,0.6029,0,vi,"3 công ty môi giới đã đưa ra giá mục tiêu trong 12 tháng cho cổ phiếu của Matthews International. Dự đoán của họ dao động từ $ 75,00 đến $ 92,00. Trung bình, họ dự đoán giá cổ phiếu của Matthews International sẽ đạt 83,50 USD trong 12 tháng tới. Xem Xếp hạng của Nhà phân tích cho Matthews Internatio"
CASE_0246,1030623,endpoint,6,3813922,0.5993,0.5993,0,vi,"Phí nộp đơn của tiểu bang để kết hợp ở Massachusetts là $ 275,00 cho tối đa 275,000 cổ phiếu cộng với $ 100 cho mỗi 100,000 cổ phiếu bổ sung hoặc bất kỳ phần nào trong số đó. Thường mất khoảng 5 đến 7 ngày để kết hợp tại Massachusetts."
CASE_0246,1030623,endpoint,7,7770962,0.5987,0.5987,0,vi,"24 công ty môi giới đã đưa ra mục tiêu giá 1 năm cho cổ phiếu của Mastercard Incorporated. Dự đoán của họ nằm trong khoảng từ $ 99,00 đến $ 150,00. Trung bình, họ kỳ vọng giá cổ phiếu của Mastercard Incorporated sẽ đạt 128,45 đô la trong 12 tháng tới. Xem Xếp hạng của Nhà phân tích cho Mastercard In"
CASE_0246,1030623,endpoint,8,8597196,0.5942,0.5942,0,vi,"Liên kết được Tài trợ. Apple sẽ bắt đầu trả cho các cổ đông 9,9 tỷ đô la cổ tức hàng năm, tương đương 10,60 đô la một cổ phiếu hoặc lợi suất khoảng 1,8% với cổ phiếu Apple giao dịch ở mức hơn 600 đô la. tăng giá cổ phiếu lớn mà các nhà đầu tư thích. Liên kết được kiểm duyệt. Apple sẽ bắt đầu trả cho"
CASE_0246,1030623,endpoint,9,7308452,0.5923,0.5923,0,vi,"Merrill Edge là một nhà môi giới đầy đủ dịch vụ cung cấp giao dịch cổ phiếu và quyền chọn. Giao dịch cổ phiếu thông thường là 6,95 đô la cố định cho mỗi giao dịch mà không có phí bổ sung đối với cổ phiếu dưới 1 đô la cho mỗi cổ phiếu."
CASE_0246,1030623,endpoint,10,3552221,0.5904,0.5904,0,vi,"Cổ tức dự kiến ​​sẽ tăng ở mức 30 phần trăm mỗi năm trong ba năm tới, 20 phần trăm trong năm tiếp theo và 6 phần trăm mỗi năm sau đó vô thời hạn. Lợi tức yêu cầu đối với cổ phiếu này là 14% và cổ phiếu hiện được bán với giá 56,20 USD / cổ phiếu."
CASE_0246,1030623,mixed,1,7217128,0.6999,0.6999,0,vi,Mức lương Thông thường của Nhân viên chứng khoán Michaels Stores là $ 9. Mức lương của Cộng tác viên Cổ phần tại Michaels Stores có thể dao động từ $ 8 đến $ 8. Ước tính này dựa trên 10 Michaels Stores Stock ÃƒÂ ¢ Ã‚â‚¬Ã‚Â¦ (Các) báo cáo lương do nhân viên cung cấp hoặc ước tính dựa trên các phương
CASE_0246,1030623,mixed,2,7217133,0.6963,0.6963,0,vi,Mức lương Nhân viên chứng khoán của Michaels Stores thông thường là $ 9. Mức lương của Cộng tác viên Cổ phần tại Michaels Stores có thể dao động từ $ 8 đến $ 8. Ước tính này dựa trên (các) báo cáo lương của 10 Michaels Stores Stock Associate do nhân viên cung cấp hoặc ước tính dựa trên các phương ph
CASE_0246,1030623,mixed,3,7217126,0.6693,0.6693,0,vi,"Michaels ở Hoa Kỳ phải trả bao nhiêu? Mức lương trung bình hàng giờ của Michaels dao động từ khoảng $ 8,66 mỗi giờ cho Stocking Associate đến $ 14,83 mỗi giờ cho Trình quản lý bản trình bày. Mức lương trung bình của Michaels dao động từ khoảng $ 16,000 mỗi năm cho Trưởng nhóm thu ngân đến $ 102,615"
CASE_0246,1030623,mixed,4,7217129,0.6433,0.6433,1,vi,Mức lương trung bình cho Nhân viên chứng khoán của Michaels Stores: 9 đô la. Xu hướng trả lương theo giờ của Michaels Stores dựa trên mức lương được đăng ẩn danh bởi nhân viên của Michaels Stores. Việc làm tốt nhất ở Mỹ MỚI!
CASE_0246,1030623,mixed,5,402360,0.6233,0.6233,0,vi,"Thu nhập trung bình từ $ 47,000 mỗi năm đối với người quản lý cấp mới đến $ 119,000 mỗi năm đối với người quản lý cửa hàng. Lương của một công ty liên kết càng cao, thì càng nhiều cổ phiếu của công ty liên kết nhận được trong tài khoản hưu trí mà không mất phí."
CASE_0246,1030623,mixed,6,8260797,0.6205,0.6205,0,vi,"1,068 Michaels Nghệ thuật & Thủ công Lương nhân viên. Nhân viên của Michaels Arts & Crafts kiếm được trung bình 30.000 đô la hàng năm, hay 14 đô la mỗi giờ, thấp hơn 68% so với mức lương trung bình toàn quốc là 61.000 đô la mỗi năm."
CASE_0246,1030623,mixed,7,8260793,0.6188,0.6188,0,vi,"1,068 Michaels Nghệ thuật & Thủ công Lương nhân viên. Duyệt qua Michaels Arts & Crafts Mức lương theo Chức danh Công việc ÃƒÂ ¢ Ã‚â € Ã‚â € ™. Nhân viên của Michaels Arts & Crafts kiếm được trung bình 30.000 đô la hàng năm, hay 14 đô la mỗi giờ, thấp hơn 68% so với mức lương trung bình toàn quốc là"
CASE_0246,1030623,mixed,8,7217130,0.6131,0.6131,0,vi,"Michaels Associate (Nhân viên hiện tại) ÃƒÂ ¢ Ã‚â‚¬Ã‚â € œ Newington, NH ÃƒÂ ¢ Ã‚â‚¬Ã‚â € œ Ngày 12 tháng 2 năm 2018 Tôi thực sự thích giảm giá cho nhân viên tại công ty này, nó rất cao so với chiết khấu của nhân viên khác. Quản lý là như vậy nhưng nó hoàn toàn phụ thuộc vào michaels nào."
CASE_0246,1030623,mixed,9,2066619,0.6103,0.6103,0,vi,"Như đặc điểm của các công ty ở Phố Wall, Morgan Stanley có một số khoản tiền thưởng thái quá. Trong số những người tự báo cáo cho Glassdoor, vị trí Cộng tác viên Ngân hàng Đầu tư nổi bật ÃƒÂ ¢ Ã‚â‚¬Ã‚â € trong khi mức lương cơ bản là 111.801 đô la vững chắc, khoản bồi thường hàng năm tăng lên 233.44"
CASE_0246,1030623,mixed,10,7217132,0.6054,0.6054,0,vi,"Mức lương trung bình hàng giờ của Michaels dao động từ khoảng 8,58 đô la mỗi giờ cho Merchandiser đến 16,93 đô la mỗi giờ cho Người trông trẻ / Bảo mẫu. Mức lương trung bình của Michaels dao động từ khoảng $ 16,000 mỗi năm cho Trưởng nhóm thu ngân đến $ 86,832 mỗi năm cho Giám đốc sản xuất. Thông ti"
CASE_0246,1032019,endpoint,1,7214860,0.715,0.715,0,vi,"Phần lớn các thùng AR rơi vào khoảng từ loại M4 quân sự 14,5 đến cỡ 20. M16, với 16 khẩu hiện là loại phổ biến nhất đối với dân thường. Bạn có thể mua 14,5 thùng, nhưng đối với hầu hết chúng ta, nó sẽ yêu cầu thiết bị rọ mõm dài ít nhất 1,5 inch và được gắn vĩnh viễn, để đáp ứng mức tối thiểu 16 hợp"
CASE_0246,1032019,endpoint,2,2271675,0.6444,0.6444,0,vi,"Các bộ phận thường được sử dụng nhất được mô tả dưới đây: 1 Thùng: Thùng là một hình trụ dài, có thể dài từ 10 đến 36 feet (11 m), với đường kính từ 1,25 inch (32 mm) đến 3,75 inch (95 mm) . 2 Piston / Pít tông: Đây là một xi lanh thép phun niken-kim loại đi vào bên trong thùng."
CASE_0246,1032019,endpoint,3,1851809,0.6416,0.6416,0,vi,"Các thùng chứa tiêu chuẩn có chiều rộng 8 foot (2,44 m) x 8 ft 6 inch (2,59 m), mặc dù Khối lập phương cao hoặc đơn vị khối hi-cu cao hơn có kích thước 9 foot 6 inch (2,90 m) đã trở nên rất phổ biến trong những năm gần đây."
CASE_0246,1032019,endpoint,4,7909993,0.6358,0.6358,0,vi,"Biểu mẫu 1 của tôi cho AR SBR đã bị từ chối vì: Biểu mẫu phải chỉ định thùng và chiều dài tổng thể, các khoảng gần và ước tính không được chấp nhận .. Tôi đã đặt <16 cho chiều dài thùng và nhỏ hơn 26 cho chiều dài tổng thể. Tôi đang sử dụng 10,5 LMT trên."
CASE_0246,1032019,endpoint,5,2922021,0.6339,0.6339,0,vi,"Đấu trường kích thước tiêu chuẩn có chiều rộng 130 feet x chiều dài 200 feet, vì vậy khoảng cách thùng như sau: 1 60 feet từ vạch xuất phát, được gọi là đường điểm, đến thùng thứ nhất hoặc thứ hai. 2 90 feet giữa thùng thứ nhất và thùng thứ hai. 3 105 feet từ thùng thứ nhất và thứ 2 đến thùng thứ 3."
CASE_0246,1032019,endpoint,6,2922026,0.6322,0.6322,0,vi,"Đấu trường kích thước tiêu chuẩn có chiều rộng 130 feet x chiều dài 200 feet, do đó khoảng cách thùng như sau: 60 feet từ vạch xuất phát, được gọi là đường điểm, đến thùng thứ nhất hoặc thứ hai. 90 feet giữa thùng thứ nhất và thùng thứ hai."
CASE_0246,1032019,endpoint,7,5015345,0.6319,0.6319,0,vi,"Chiều dài danh nghĩa cho thùng 275 gallon là 60 và 72 cho phiên bản 330 gallon. Hình dạng thứ hai là chất rắn hình trụ có kích thước 500, 550 và 1000 gallon, tất cả có đường kính 48 và chỉ khác nhau về chiều dài (65, 72 và 130)."
CASE_0246,1032019,endpoint,8,5148665,0.629,0.629,0,vi,"Chọn một thùng Ruger 10/22 trong .920 hoặc Thùng có đường kính Sporter trong 22LR, hoặc một khoang ngòi cho .22 LR. Bạn có thể nhận được thùng 10-22 của chúng tôi với chiều dài 16, 18, 16 và 20 với đường kính .920."
CASE_0246,1032019,endpoint,9,5148668,0.6267,0.6267,0,vi,"Một thùng có rãnh hình bò 18 .920 thậm chí còn đi kèm với Fire Sights, Chọn một thùng Ruger 10/22 trong .920 hoặc Thùng có đường kính Sporter trong 22LR hoặc một buồng ngòi cho .22 LR. Bạn có thể nhận được thùng 10-22 của chúng tôi với chiều dài 16, 18, 16 và 20 với đường kính .920."
CASE_0246,1032019,endpoint,10,4485132,0.6264,0.6264,0,vi,"Một Đấu trường Kích thước Tiêu chuẩn. Đấu trường kích thước tiêu chuẩn có chiều rộng 130 feet x chiều dài 200 feet, do đó khoảng cách thùng như sau: 60 feet từ vạch xuất phát, được gọi là đường điểm, đến thùng thứ nhất hoặc thứ hai. 90 feet giữa thùng thứ nhất và thùng thứ hai. 105 feet từ thùng thứ"
CASE_0246,1032019,mixed,1,7214860,0.7026,0.7026,0,vi,"Phần lớn các thùng AR rơi vào khoảng từ loại M4 quân sự 14,5 đến cỡ 20. M16, với 16 khẩu hiện là loại phổ biến nhất đối với dân thường. Bạn có thể mua 14,5 thùng, nhưng đối với hầu hết chúng ta, nó sẽ yêu cầu thiết bị rọ mõm dài ít nhất 1,5 inch và được gắn vĩnh viễn, để đáp ứng mức tối thiểu 16 hợp"
CASE_0246,1032019,mixed,2,7909993,0.6253,0.6253,0,vi,"Biểu mẫu 1 của tôi cho AR SBR đã bị từ chối vì: Biểu mẫu phải chỉ định thùng và chiều dài tổng thể, các khoảng gần và ước tính không được chấp nhận .. Tôi đã đặt <16 cho chiều dài thùng và nhỏ hơn 26 cho chiều dài tổng thể. Tôi đang sử dụng 10,5 LMT trên."
CASE_0246,1032019,mixed,3,2934424,0.6236,0.6236,0,vi,"Hộp mực không dựa trên 5,56mm, mà là một Remington .30, vì vậy để chuyển đổi một AR tiêu chuẩn, chúng tôi đang nói về việc thay thế bu lông, nòng và băng đạn. Mặc dù 6,8mm nghe có vẻ tuyệt vời và là hệ mét, nhưng nó thực sự chỉ là một viên đạn cỡ nòng .270, có đường kính thực sự là 277 inch. Tôi đoá"
CASE_0246,1032019,mixed,4,7214862,0.6209,0.6209,1,vi,"Chiều dài nòng AR-15. AR-15 có lẽ là loại carbine phổ biến nhất ở Mỹ. Nó thường được so sánh với AK-47 mặc dù có rất nhiều khác biệt giữa hai loại vũ khí. Trong khi AR-15 là vũ khí mô-đun, có nghĩa là nhiều bộ phận có thể dễ dàng thay thế hoặc nâng cấp, chiều dài nòng súng thường không thay đổi ở mứ"
CASE_0246,1032019,mixed,5,7214857,0.6129,0.6129,0,vi,"Chiều dài thùng AR-15 - Bạn nên chọn chiều dài nào? Một thùng AR dài hơn có chính xác hơn không? Đối với nhiều người, điều đó thật đơn giản: Một khẩu súng dài hơn bắn chính xác hơn một khẩu súng ngắn. Họ sẽ nói rằng nó chỉ bắn thẳng hơn, và họ sẽ đúng về điều đó. Nhưng họ cũng sẽ sai. Súng trường M1"
CASE_0246,1032019,mixed,6,3659749,0.6056,0.6056,0,vi,"Các thùng 5,56x45 có chiều dài 10,5ÃƒÂ ¢ Ã‚â‚¬Ã ‚, 14,5ÃƒÂ ¢ Ã‚â‚¬Ã‚ và 16ÃƒÂ ¢ Ã‚â‚¬Ã ‚, với các thùng ngắn hơn có hệ thống khí chiều dài carbine. Thùng có sẵn với trọng lượng nhẹ hoặc đường viền chính phủ, và M4 cho chiều dài 14,5ÃƒÂ ¢ Ã‚â‚¬Ã ‚. OD ở khối khí là .750ÃƒÂ ¢ Ã‚â‚¬Ã ‚. AR-15, Số phát"
CASE_0246,1032019,mixed,7,5015345,0.6056,0.6056,0,vi,"Chiều dài danh nghĩa cho thùng 275 gallon là 60 và 72 cho phiên bản 330 gallon. Hình dạng thứ hai là chất rắn hình trụ có kích thước 500, 550 và 1000 gallon, tất cả có đường kính 48 và chỉ khác nhau về chiều dài (65, 72 và 130)."
CASE_0246,1032019,mixed,8,340252,0.5971,0.5971,0,vi,"Chiều dài danh nghĩa cho thùng 275 gallon là 60 và 72 cho phiên bản 330 gallon. Hình dạng thứ hai là chất rắn hình trụ có kích thước 500, 550 và 1000 gallon, tất cả có đường kính 48 và chỉ khác nhau về chiều dài (65, 72 và 130). Hai bể hình bầu dục nhỏ hơn có thể được định hướng thẳng đứng với chiều"
CASE_0246,1032019,mixed,9,7933015,0.5952,0.5952,0,vi,"AR400 là viết tắt của khả năng chống mài mòn với độ cứng tối thiểu theo thang Brinell là 360 và độ cứng danh nghĩa là 400. Các công dụng điển hình của thép AR, được phân loại là thép cacbon, bao gồm máng cho sỏi hoặc than trong khai thác mỏ, lớp lót cho thiết bị nặng, và mục tiêu hình bóng phạm vi s"
CASE_0246,1032019,mixed,10,5148668,0.5944,0.5944,0,vi,"Một thùng có rãnh hình bò 18 .920 thậm chí còn đi kèm với Fire Sights, Chọn một thùng Ruger 10/22 trong .920 hoặc Thùng có đường kính Sporter trong 22LR hoặc một buồng ngòi cho .22 LR. Bạn có thể nhận được thùng 10-22 của chúng tôi với chiều dài 16, 18, 16 và 20 với đường kính .920."
CASE_0246,1057251,endpoint,1,8182232,0.6853,0.6853,0,vi,"George Washington sinh ra trong một gia đình nông dân Virginia khá giả vào năm 1732. Sau khi cha qua đời khi George 11 tuổi, mẹ của George, Mary, một người phụ nữ cứng rắn và năng động, đã đấu tranh để giữ tổ ấm của họ cùng với sự giúp đỡ của hai người con trai trước đó. hôn nhân."
CASE_0246,1057251,endpoint,2,5908790,0.6826,0.6826,0,vi,"Mạng A + E. Vào ngày này năm 1732, George Washington sinh ra ở Quận Westmoreland, Virginia, là con trai thứ hai sau cuộc hôn nhân thứ hai của một chủ đồn điền thuộc địa. Là một đối tượng trung thành với người Anh ban đầu, Washington cuối cùng đã lãnh đạo Quân đội Lục địa trong cuộc Cách mạng Hoa Kỳ"
CASE_0246,1057251,endpoint,3,3604813,0.6796,0.6796,0,vi,"Vào ngày này năm 1732, George Washington sinh ra ở Quận Westmoreland, Virginia, là con trai thứ hai sau cuộc hôn nhân thứ hai của một chủ đồn điền thuộc địa. Là một đối tượng trung thành với người Anh ban đầu, Washington cuối cùng đã lãnh đạo Quân đội Lục địa trong cuộc Cách mạng Hoa Kỳ và được biết"
CASE_0246,1057251,endpoint,4,7824361,0.6776,0.6776,0,vi,"Góc nhìn của George Washington khi là một nhà khảo sát 19 tuổi. George Washington được sinh ra tại đồn điền của cha ông trên con đường Pope's Creek thuộc Quận Westmoreland, Virginia, vào ngày 22 tháng 2 năm 1732. Cha ông, Augustine Washington, là một chủ đồn điền hàng đầu trong khu vực và cũng là cô"
CASE_0246,1057251,endpoint,5,2451377,0.6766,0.6766,0,vi,"George Washington được sinh ra tại đồn điền của cha ông trên con đường Pope's Creek ở Quận Westmoreland, Virginia, vào ngày 22 tháng 2 năm 1732. Cha của ông, Augustine Washington, là một chủ đồn điền hàng đầu trong khu vực và cũng là một công lý của tòa án quận. Eorge Washington là sinh ra tại đồn đ"
CASE_0246,1057251,endpoint,6,7728496,0.6762,0.6762,0,vi,"Cha của George Washington là Đại úy Augustine Washington con trai của Đại úy Lawrence Washington & Mildred Warner, mẹ của ông là Mary Ball, con gái của Đại tá Joseph Ball & Mary Johnson (Montague). Nó giúp nhớ lại về mặt di truyền học có liên quan đến một người mẹ luôn được đặt tên bằng tên thời con"
CASE_0246,1057251,endpoint,7,7728498,0.676,0.676,0,vi,Mildred Warner (mẹ) Augustine Washington (ngày 12 tháng 11 năm 1694 ÃƒÂ ¢ Ã‚â‚¬Ã‚â € œ ngày 12 tháng 4 năm 1743) là cha của Tổng thống Hoa Kỳ đầu tiên George Washington. Ông thuộc về một quý tộc trên đất liền của Thuộc địa Virginia và là một chủ đồn điền và chủ nô.
CASE_0246,1057251,endpoint,8,2706488,0.6747,0.6747,0,vi,"Gia phả George Washington. Tổng thống đầu tiên của Hoa Kỳ, George Washington, được sinh ra tại Pope's Creek ở Quận Westmoreland, Virginia với Augustine và Mary Ball Washington vào ngày 11 tháng 2 (Kiểu cũ) hoặc 22 tháng 2 (Kiểu mới) năm 1732 (xem ghi chú bên dưới). Cả cha và mẹ của George đều sinh r"
CASE_0246,1057251,endpoint,9,6149125,0.6745,0.6745,0,vi,"Đầu đời. George Washington sinh ngày 22 tháng 2 năm 1732 tại sông Pamunkey thuộc Quận Westmoreland, Virginia. Ông là con trai cả của Augustine Washington và người vợ thứ hai, Mary Ball Washington. George 11 tuổi khi cha ông qua đời, vì vậy ông đến sống tại Mount Vernon.arly Life. George Washington s"
CASE_0246,1057251,endpoint,10,4582166,0.6744,0.6744,0,vi,"George Washington được sinh ra tại đồn điền của cha mình trên Pope's Creek thuộc Quận Westmoreland, Virginia, vào ngày 22 tháng 2 năm 1732. Cha của ông, Augustine Washington, là một chủ đồn điền hàng đầu trong khu vực và cũng là công lý của tòa án quận. Người vợ đầu tiên của Augustine, Janet Butler,"
CASE_0246,1057251,mixed,1,8182232,0.6877,0.6877,0,vi,"George Washington sinh ra trong một gia đình nông dân Virginia khá giả vào năm 1732. Sau khi cha qua đời khi George 11 tuổi, mẹ của George, Mary, một người phụ nữ cứng rắn và năng động, đã đấu tranh để giữ tổ ấm của họ cùng với sự giúp đỡ của hai người con trai trước đó. hôn nhân."
CASE_0246,1057251,mixed,2,2706488,0.6796,0.6796,0,vi,"Gia phả George Washington. Tổng thống đầu tiên của Hoa Kỳ, George Washington, được sinh ra tại Pope's Creek ở Quận Westmoreland, Virginia với Augustine và Mary Ball Washington vào ngày 11 tháng 2 (Kiểu cũ) hoặc 22 tháng 2 (Kiểu mới) năm 1732 (xem ghi chú bên dưới). Cả cha và mẹ của George đều sinh r"
CASE_0246,1057251,mixed,3,7824361,0.679,0.679,0,vi,"Góc nhìn của George Washington khi là một nhà khảo sát 19 tuổi. George Washington được sinh ra tại đồn điền của cha ông trên con đường Pope's Creek thuộc Quận Westmoreland, Virginia, vào ngày 22 tháng 2 năm 1732. Cha ông, Augustine Washington, là một chủ đồn điền hàng đầu trong khu vực và cũng là cô"
CASE_0246,1057251,mixed,4,7728494,0.679,0.679,1,vi,"Gia phả George Washington. Tổng thống đầu tiên của Hoa Kỳ, George Washington, được sinh ra tại Pope's Creek ở Quận Westmoreland, Virginia với Augustine và Mary Ball Washington vào ngày 11 tháng 2 (Kiểu cũ) hoặc 22 tháng 2 (Kiểu mới) năm 1732 (xem ghi chú bên dưới). Cả cha và mẹ của George đều sinh r"
CASE_0246,1057251,mixed,5,4582166,0.6766,0.6766,0,vi,"George Washington được sinh ra tại đồn điền của cha mình trên Pope's Creek thuộc Quận Westmoreland, Virginia, vào ngày 22 tháng 2 năm 1732. Cha của ông, Augustine Washington, là một chủ đồn điền hàng đầu trong khu vực và cũng là công lý của tòa án quận. Người vợ đầu tiên của Augustine, Janet Butler,"
CASE_0246,1057251,mixed,6,5908790,0.6749,0.6749,0,vi,"Mạng A + E. Vào ngày này năm 1732, George Washington sinh ra ở Quận Westmoreland, Virginia, là con trai thứ hai sau cuộc hôn nhân thứ hai của một chủ đồn điền thuộc địa. Là một đối tượng trung thành với người Anh ban đầu, Washington cuối cùng đã lãnh đạo Quân đội Lục địa trong cuộc Cách mạng Hoa Kỳ"
CASE_0246,1057251,mixed,7,7728498,0.6744,0.6744,0,vi,Mildred Warner (mẹ) Augustine Washington (ngày 12 tháng 11 năm 1694 ÃƒÂ ¢ Ã‚â‚¬Ã‚â € œ ngày 12 tháng 4 năm 1743) là cha của Tổng thống Hoa Kỳ đầu tiên George Washington. Ông thuộc về một quý tộc trên đất liền của Thuộc địa Virginia và là một chủ đồn điền và chủ nô.
CASE_0246,1057251,mixed,8,7728496,0.6737,0.6737,0,vi,"Cha của George Washington là Đại úy Augustine Washington con trai của Đại úy Lawrence Washington & Mildred Warner, mẹ của ông là Mary Ball, con gái của Đại tá Joseph Ball & Mary Johnson (Montague). Nó giúp nhớ lại về mặt di truyền học có liên quan đến một người mẹ luôn được đặt tên bằng tên thời con"
CASE_0246,1057251,mixed,9,2451377,0.673,0.673,0,vi,"George Washington được sinh ra tại đồn điền của cha ông trên con đường Pope's Creek ở Quận Westmoreland, Virginia, vào ngày 22 tháng 2 năm 1732. Cha của ông, Augustine Washington, là một chủ đồn điền hàng đầu trong khu vực và cũng là một công lý của tòa án quận. Eorge Washington là sinh ra tại đồn đ"
CASE_0246,1057251,mixed,10,3604813,0.6723,0.6723,0,vi,"Vào ngày này năm 1732, George Washington sinh ra ở Quận Westmoreland, Virginia, là con trai thứ hai sau cuộc hôn nhân thứ hai của một chủ đồn điền thuộc địa. Là một đối tượng trung thành với người Anh ban đầu, Washington cuối cùng đã lãnh đạo Quân đội Lục địa trong cuộc Cách mạng Hoa Kỳ và được biết"
CASE_0246,1062233,endpoint,1,6971115,0.6213,0.6213,0,vi,"Quang cảnh Trang trại Grant-Kohrs gần Deer Lodge, Montana. Trang trại là một loại trang trại và một khu vực cảnh quan, bao gồm các cấu trúc khác nhau, chủ yếu dành cho hoạt động chăn nuôi gia súc, thực hành chăn nuôi gia súc ăn cỏ như gia súc hoặc cừu để lấy thịt hoặc len. Từ này thường áp dụng nhất"
CASE_0246,1062233,endpoint,2,5419207,0.6151,0.6151,0,vi,"Trang trại là một loại trang trại và một khu vực cảnh quan, bao gồm các cấu trúc khác nhau, chủ yếu dành cho hoạt động chăn nuôi gia súc, thực hành chăn nuôi gia súc ăn cỏ như gia súc hoặc cừu để lấy thịt hoặc len. Tuy nhiên, khái niệm trang trại không phải là. được thấy ở bất kỳ mức độ nào đáng kể"
CASE_0246,1062233,endpoint,3,8081801,0.6133,0.6133,0,vi,"Trang trại là một vùng đất rộng lớn chủ yếu dành cho mục đích chăn nuôi và cho gia súc ăn cỏ. Những người sở hữu hoặc điều hành một trang trại được gọi là chủ trang trại, và họ chăn nuôi gia súc như gia súc hoặc cừu, hoặc những gia súc ít phổ biến hơn như nai sừng tấm, bò rừng, đà điểu, emu hoặc alp"
CASE_0246,1062233,endpoint,4,130276,0.6069,0.6069,0,vi,"Quang cảnh Trang trại Grant-Kohrs gần Deer Lodge, Montana. Trang trại là một loại trang trại và một khu vực cảnh quan, bao gồm các cấu trúc khác nhau, chủ yếu dành cho hoạt động chăn nuôi gia súc, thực hành chăn nuôi gia súc ăn cỏ như gia súc hoặc cừu để lấy thịt hoặc len. Nhà nghỉ, Montana. Trang t"
CASE_0246,1062233,endpoint,5,7317364,0.6027,0.6027,0,vi,"Những ngôi nhà nông trại thường là một tầng, với một mái nhà thấp và nhà để xe gắn liền. Chăn nuôi là hoạt động chăn nuôi các đàn gia súc trên những vùng đất rộng lớn. Những người chăn nuôi thường nuôi các động vật ăn cỏ như gia súc và cừu. Một số chủ trang trại cũng nuôi nai sừng tấm, bò rừng, đà đ"
CASE_0246,1062233,endpoint,6,8174091,0.6021,0.6021,0,vi,"Những ngôi nhà nông trại thường là một tầng, với một mái nhà thấp và nhà để xe gắn liền. Chăn nuôi là hoạt động chăn nuôi các đàn gia súc trên những vùng đất rộng lớn. Những người chăn nuôi thường nuôi các động vật ăn cỏ như gia súc và cừu. Một số chủ trang trại cũng nuôi nai sừng tấm, bò rừng, đà đ"
CASE_0246,1062233,endpoint,7,5419208,0.6015,0.6015,0,vi,"Trang trại. Trang trại là một khu vực cảnh quan, bao gồm các cấu trúc khác nhau, chủ yếu dành cho hoạt động chăn nuôi gia súc, thực hành chăn nuôi gia súc ăn cỏ như gia súc hoặc cừu để lấy thịt hoặc len. trang trại là một khu vực cảnh quan, bao gồm các cấu trúc khác nhau, chủ yếu dành cho hoạt động"
CASE_0246,1062233,endpoint,8,4396010,0.5996,0.5996,0,vi,"Ở những loại trang trại này, động vật được nuôi trong môi trường sạch sẽ với không gian thích hợp để giảm căng thẳng cho động vật và khả năng nhiễm trùng. Mặc dù các loại trang trại này có thể sử dụng thuốc kháng sinh, nhưng chúng chỉ dùng để điều trị các bệnh nhiễm trùng cấp tính ở động vật bị bệnh"
CASE_0246,1062233,endpoint,9,7317359,0.5967,0.5967,0,vi,"Quang cảnh Trang trại Grant-Kohrs gần Deer Lodge, Montana. Trang trại là một vùng đất, bao gồm các cấu trúc khác nhau, chủ yếu được trao cho hoạt động chăn nuôi gia súc, hoạt động chăn nuôi gia súc ăn cỏ như gia súc hoặc cừu để lấy thịt hoặc len. Từ này thường được áp dụng cho các hoạt động chăn nuô"
CASE_0246,1062233,endpoint,10,130277,0.5956,0.5956,0,vi,"Những người sở hữu hoặc điều hành một trang trại được gọi là chủ trang trại, người chăn gia súc, hoặc người trồng rừng. Chăn nuôi cũng là một phương pháp được sử dụng để chăn nuôi các loại gia súc ít phổ biến hơn như nai sừng tấm, bò rừng Mỹ hoặc thậm chí đà điểu, emu và alpacas. Nhà nghỉ, Montana."
CASE_0246,1062233,mixed,1,5260649,0.5972,0.5972,0,vi,"Mọi thông tin phản hồi đều được hoan nghênh cảm ơn bạn trước. Animal Farm của George Orwell là một cuốn tiểu thuyết dựa trên cuộc sống của một xã hội động vật. Trại Động vật đi sâu hơn là chỉ nói về động vật, nó tượng trưng cho sự thối nát của nước Nga Cộng sản. Trong suốt câu chuyện, hầu hết các lo"
CASE_0246,1062233,mixed,2,2265654,0.5939,0.5939,0,vi,Animal Farm (phim 1999) Trang trại động vật là một bộ phim truyền hình được phát hành vào năm 1999 bởi Hallmark Films và được phát sóng trên kênh truyền hình cáp TNT của Mỹ. Đây là bản chuyển thể của cuốn tiểu thuyết cùng tên của George Orwell năm 1945.
CASE_0246,1062233,mixed,3,989574,0.5907,0.5907,0,vi,"Animal Farm tập trung vào chính xác những gì bạn nghĩ, dựa trên tiêu đề: một trang trại do động vật điều hành. Sau khi nổi dậy chống lại chủ nhân độc ác, bất công của họ, người nông dân, ông Jones, những con vật - do những con lợn thông minh hơn dẫn đầu - đổi tên vương quốc mới của họ là Animal Farm"
CASE_0246,1062233,mixed,4,7167039,0.5877,0.5877,1,vi,"Animal Farm là câu chuyện về một nhóm động vật đấu tranh để được bình đẳng với nhau. Sau khi các loài động vật trong trang trại loại bỏ thành công tất cả con người khỏi trang trại của chúng, chúng sẽ tự xử lý để biến trang trại của mình thành một nơi tốt hơn. Họ tạo ra Utopia của riêng mình với tên"
CASE_0246,1062233,mixed,5,2265653,0.5849,0.5849,0,vi,"Đối với các mục đích sử dụng khác, hãy xem Trang trại động vật (định hướng). Animal Farm là một tiểu thuyết ngụ ngôn của George Orwell, được xuất bản lần đầu ở Anh vào ngày 17 tháng 8 năm 1945. Theo Orwell, cuốn sách phản ánh các sự kiện dẫn đến Cách mạng Nga năm 1917 và sau đó là thời kỳ Stalin của"
CASE_0246,1062233,mixed,6,1251145,0.584,0.584,0,vi,Giới thiệu về Trang trại Động vật. ÃƒÂ ¢ Ã‚â‚¬Ã‚ËœAnimal FarmÃƒÂ ¢ Ã‚â‚¬Ã‚â „¢ là một cuốn tiểu thuyết. Đó là một câu chuyện nổi tiếng. ÃƒÂ ¢ Ã‚â‚¬Ã‚ËœAnimal FarmÃƒÂ ¢ Ã‚â‚¬Ã‚â „¢ là. được viết bởi George Orwell vào năm 1945. Ông Orwell đã đến một trang trại. Anh ta nhìn thấy một cậu bé đang đi dạo
CASE_0246,1062233,mixed,7,5333,0.5833,0.5833,0,vi,"Animal Farm là một truyện ngụ ngôn, hoặc một loại truyện ngụ ngôn, sử dụng động vật và các nhân vật không phải con người khác để đưa ra thông điệp, bài học hoặc lời bình luận. Một loại truyện ngụ ngôn khác là truyện ngụ ngôn, chỉ có các nhân vật của con người và thậm chí còn đơn giản hơn truyện ngụ"
CASE_0246,1062233,mixed,8,8606295,0.5796,0.5796,0,vi,"Trang trại động vật. Animal Farm là một tiểu thuyết ngụ ngôn của George Orwell, được xuất bản lần đầu ở Anh vào ngày 17 tháng 8 năm 1945. Theo Orwell, cuốn sách phản ánh các sự kiện dẫn đến Cách mạng Nga năm 1917 và sau đó là thời kỳ Stalin của Liên Xô. Orwell, một người theo chủ nghĩa xã hội dân ch"
CASE_0246,1062233,mixed,9,3638378,0.5677,0.5677,0,vi,"Trại súc vật là một câu chuyện ngụ ngôn về Cách mạng Nga và Liên Xô Cộng sản. Nhiều nhân vật động vật trong Animal Farm có mối tương quan trực tiếp với các nhân vật hoặc thể chế ở Liên Xô. Từ chối EXTRA CREDIT. Mặc dù Animal Farm cuối cùng đã làm cho Orwell trở nên nổi tiếng, ba nhà xuất bản ở Anh đ"
CASE_0246,1062233,mixed,10,2532255,0.5649,0.5649,0,vi,"Animal Farm là một tiểu thuyết ngụ ngôn và lạc đề của George Orwell, được xuất bản lần đầu tiên ở Anh vào ngày 17 tháng 8 năm 1945. Farm là một cuốn tiểu thuyết ngụ ngôn và lạc hậu của George Orwell, được xuất bản lần đầu tiên ở Anh vào ngày 17 tháng 8 năm 1945."
CASE_0246,1096870,endpoint,1,7461493,0.8046,0.8046,0,vi,"Có bao nhiêu ounce trong cà phê đá vừa / lớn tại bánh rán dunkin? Tôi tin rằng loại nhỏ là 16 oz, nhưng có ai biết loại vừa và lớn là bao nhiêu ounce không? Theo dõi"
CASE_0246,1096870,endpoint,2,3175650,0.7331,0.7331,0,vi,Một hộp bánh rán Dunkin 'O' Joe là một hộp 10 oz. khẩu phần cà phê.
CASE_0246,1096870,endpoint,3,1838552,0.7102,0.7102,0,vi,"Bánh rán Dunkin, Cà phê đá với Sữa tách béo và Đường (1 khẩu phần) Calo: 60, Fat: 0g, Carbs: 15g, Protein: 1g."
CASE_0246,1096870,endpoint,4,1057786,0.7011,0.7011,0,vi,"Người dùng khác đã gửi thông tin calo phù hợp: Cà phê với kem và đường. Bánh rán Dunkin, Cà phê đá với Kem và Đường (1 phần ăn) Calo: 110, Fat: 6g, Carbs: 14g, Protein: 1g. Hiển thị đầy đủ thông tin dinh dưỡng. Thông tin thực tế về cà phê bánh rán lớn Dunkin với kem và đường (1 khẩu phần) Lượng calo"
CASE_0246,1096870,endpoint,5,3175649,0.693,0.693,0,vi,"Một hộp bánh rán Dunkin 'O' Joe là một hộp 10 oz. khẩu phần cà phê. Vâng, Hộp O 'Joe được cách nhiệt."
CASE_0246,1096870,endpoint,6,4671227,0.6914,0.6914,0,vi,16 ounce trong một ly cà phê đá nhỏ. 20 oz trong một ly cà phê đá vừa. 24 ounce trong một ly cà phê đá lớn. Các loại cà phê đá của Dunkin Donut như sau: 16 ounce trong một ly cà phê đá nhỏ. 20 oz trong một ly cà phê đá vừa. 24 ounce trong một ly cà phê đá lớn.
CASE_0246,1096870,endpoint,7,1220233,0.6906,0.6906,0,vi,"1 Trong một chiếc bánh rán đơn giản trung bình nặng 2,5 oz không có lớp phủ hoặc đường, có 299 calo. 2 Trong một chiếc bánh rán nhỏ trung bình nặng 1,7 oz không có lớp phủ hoặc đường, có 198 calo. Trong một chiếc bánh rán nhỏ 0,5 oz nặng 0,5 oz không có lớp phủ hoặc đường có 59 calo. Bánh ránunkin l"
CASE_0246,1096870,endpoint,8,1057784,0.6841,0.6841,0,vi,"Bánh rán Dunkin, Cà phê đá với Kem và Đường (1 phần ăn) 1 Calo: 110, Fat: 6g, Carbs: 14g, Protein: 1g. 2 Calo: 120, Fat: 6g, Carbs: 15g, Protein: 1g. 3 Calo: 50, Fat: 1g, Carbs: 0g, Protein: 0g. 4 Calo: 50, Fat: 0g, Carbs: 0g, Protein: 0g. 5 Calo: 53, Fat: 3g, Carbs: 13g, Protein: 1g. 6 Calo: 8, Fat"
CASE_0246,1096870,endpoint,9,6265480,0.6839,0.6839,0,vi,"Thành thật mà nói, nó phụ thuộc vào bánh rán. Nếu tính đến lớp tráng men, lớp phủ và lớp phủ, một chiếc bánh rán Dunkin 'Donuts điển hình có thể chứa từ 250-400 calo. Một nguyên tắc nhỏ cần cân nhắc khi đặt hàng là: 5 munchkins = 1 donut."
CASE_0246,1096870,endpoint,10,1057783,0.681,0.681,0,vi,"Người dùng khác đã gửi thông tin về lượng calo phù hợp: Cà phê với kem và đường bánh rán Dunkin, Cà phê đá với kem và đường (1 phần ăn) Lượng calo: 110, Chất béo: 6g, Carb: 14g, Protein: 1g"
CASE_0246,1096870,mixed,1,7461493,0.7884,0.7884,0,vi,"Có bao nhiêu ounce trong cà phê đá vừa / lớn tại bánh rán dunkin? Tôi tin rằng loại nhỏ là 16 oz, nhưng có ai biết loại vừa và lớn là bao nhiêu ounce không? Theo dõi"
CASE_0246,1096870,mixed,2,4671227,0.7086,0.7086,0,vi,16 ounce trong một ly cà phê đá nhỏ. 20 oz trong một ly cà phê đá vừa. 24 ounce trong một ly cà phê đá lớn. Các loại cà phê đá của Dunkin Donut như sau: 16 ounce trong một ly cà phê đá nhỏ. 20 oz trong một ly cà phê đá vừa. 24 ounce trong một ly cà phê đá lớn.
CASE_0246,1096870,mixed,3,3175650,0.7058,0.7058,0,vi,Một hộp bánh rán Dunkin 'O' Joe là một hộp 10 oz. khẩu phần cà phê.
CASE_0246,1096870,mixed,4,4671223,0.7003,0.7003,1,vi,Các loại cà phê đá của Dunkin Donut như sau: 16 ounce trong cà phê đá nhỏ 20 oz trong cà phê đá vừa 24 ounce trong cà phê đá lớn.
CASE_0246,1096870,mixed,5,8379250,0.6884,0.6884,0,vi,Dunkin 'Donuts hiện đang bán cà phê Pumpkin Spice 1.040 calo trong thực đơn của mình - một thức uống cà phê đông lạnh được phủ kem đánh bông và có mùi vị như có tàn dư của bí ngô bên trong. Thức uống chứa 127 gam đường.
CASE_0246,1096870,mixed,6,4671225,0.6859,0.6859,0,vi,Có bao nhiêu ounce trong một ly cà phê đá Dunkin Donuts nhỏ? Có 16 ounce trong một ly cà phê đá nhỏ. Nguồn: uống một ly cà phê đá nhỏ từ Dunkin Donuts khi chúng tôi nói chuyện.
CASE_0246,1096870,mixed,7,6467043,0.6828,0.6828,0,vi,Các loại cà phê đá của Dunkin Donut như sau: 16 ounce trong cà phê đá nhỏ 20 oz trong cà phê đá vừa 24 ounce trong cà phê đá lớn. + 5 người khác thấy điều này hữu ích. Mike Boswell. Chỉnh sửa.
CASE_0246,1096870,mixed,8,4897400,0.6805,0.6805,0,vi,"Dunkin 'Donuts Brewed coffee là một loại cà phê phổ biến được bán trong các nhà hàng Dunkin' Donuts. Con số được liệt kê là dành cho cà phê pha chuẩn của họ, loại cà phê có lượng người hâm mộ rất trung thành. Nhỏ (10 fl oz): 150 mg. Trung bình (14 fl oz): 210 mg. Lớn (20 fl oz): 300 mg."
CASE_0246,1096870,mixed,9,4897396,0.6788,0.6788,0,vi,"Mã số sản phẩm # 964905. $ 69,99. Tại Dunkin 'Donuts, chúng tôi cam kết phục vụ bạn cà phê tươi bất kể bạn vào một trong các nhà hàng của chúng tôi vào lúc nào. Chúng tôi muốn bạn trải nghiệm sự tươi mới đó ngay tại nhà với những viên cà phê xay nhỏ 2 ounce của chúng tôi. Đặt mua 48 gói Original Ble"
CASE_0246,1096870,mixed,10,4897397,0.6764,0.6764,0,vi,"Original Blend Ground 2-oz Mini-Brick Coffee, 48 ct. Tại Dunkin 'Donuts, chúng tôi cam kết phục vụ bạn cà phê tươi bất kể bạn vào một trong các nhà hàng của chúng tôi vào lúc nào. Chúng tôi muốn bạn trải nghiệm sự tươi mới đó ngay tại nhà với những viên cà phê xay nhỏ 2 ounce của chúng tôi."
CASE_0246,1097023,endpoint,1,8392759,0.7781,0.7781,0,vi,"Để biết đơn vị đo là bao nhiêu inch, hãy nhân giá trị yard với 36 hoặc sử dụng công cụ chuyển đổi. 1 Yard = 36 Inch Có 36 inch trong một yard, bởi vì có 3 feet trong một yard và 12 inch trong một foot, điều đó làm cho 3 ft * 12 (inch trong 1 ft) = 36 inch trong một yard. Ví dụ: để tính xem có bao nh"
CASE_0246,1097023,endpoint,2,6052467,0.7397,0.7397,0,vi,"Có 91,44 cm trong một yard. 1 Yard bằng 91,44 Centimet. 1 yd = 91,44 cm. Hệ thống Imperial công nhận yard là một đơn vị đo lường tuyến tính để đo chiều dài hoặc khoảng cách. Yard thường được sử dụng trong hệ thống đo lường hiện đại của Hoa Kỳ. Một thước Anh bằng 36 inch hoặc 3 feet."
CASE_0246,1097023,endpoint,3,113000,0.7347,0.7347,0,vi,Bao nhiêu inch cho 1 yard? Có 36 inch trong 1 yard. Một cách bạn có thể tìm ra điều này là nếu bạn biết rằng 3 feet bằng một yard và có 12 inch trong một foot. Đơn giản chỉ cần nhân 3 và 12 với nhau và y ÃƒÂ ¢ Ã‚â‚¬Ã‚Â¦ ou sẽ có 36 yard và 9 inch x 1 inch! 6 người thấy điều này hữu ích. Chỉnh sửa. C
CASE_0246,1097023,endpoint,4,5558232,0.7321,0.7321,0,vi,"Trong trường hợp inch có chính xác là 12 inch trong một foot, có 3 foot trong một yard. Theo mối quan hệ này, chúng ta biết rằng có 36 inch trong một yard và bởi vì một yard chính xác là 0,9144 mét theo thỏa thuận năm 1959, mối quan hệ giữa tất cả các đơn vị chiều dài có thể được thiết lập. Khoảng t"
CASE_0246,1097023,endpoint,5,6907006,0.7296,0.7296,0,vi,Hệ thống Imperial công nhận yard là một đơn vị đo lường tuyến tính để đo chiều dài hoặc khoảng cách. Yard thường được sử dụng trong hệ thống đo lường hiện đại của Hoa Kỳ. Một thước Anh bằng 36 inch hoặc 3 feet. Cả hai đơn vị yard và inch đã được sử dụng từ thế kỷ 13.
CASE_0246,1097023,endpoint,6,1592450,0.7289,0.7289,0,vi,"Có trên yard trong một yard, 36 inch trong một yard và 3 feet trong một yard. Một cây gậy dài 3 feet."
CASE_0246,1097023,endpoint,7,5322310,0.7283,0.7283,0,vi,Có 3 feet trong một sân. 1 Yard bằng 3 Feet. 1 yd = 3 ft. Hệ thống Imperial công nhận yard là đơn vị đo lường tuyến tính để đo chiều dài hoặc khoảng cách. Yard thường được sử dụng trong hệ thống đo lường hiện đại của Hoa Kỳ. Một thước Anh bằng 36 inch hoặc 3 feet.
CASE_0246,1097023,endpoint,8,3651902,0.7271,0.7271,0,vi,"Hệ số chuyển đổi đơn vị độ dài từ yard sang inch là 36. Để tìm ra đơn vị inch tính bằng yard, hãy nhân với 36 hoặc chỉ cần sử dụng công cụ chuyển đổi bên dưới. 1 Yard = 36 Inch. Yard là một đơn vị theo thông lệ của đế quốc Hoa Kỳ. Nó tương đương với 3 feet hoặc 0,9144 mét. Viết tắt là yd. Inch là đơ"
CASE_0246,1097023,endpoint,9,6907010,0.7257,0.7257,0,vi,Có 3 feet trong một sân. 1 Yard bằng 3 Feet. 1 yd = 3 ft. Hệ thống Imperial công nhận yard là đơn vị đo lường tuyến tính để đo chiều dài hoặc khoảng cách. Yard thường được sử dụng trong hệ thống đo lường hiện đại của Hoa Kỳ. Một thước Anh bằng 36 inch hoặc 3 feet. Cả hai đơn vị yard và inch đã được
CASE_0246,1097023,endpoint,10,112999,0.7254,0.7254,0,vi,"Hệ số chuyển đổi đơn vị độ dài từ yard sang inch là 36. Để tìm ra đơn vị inch tính bằng yard, hãy nhân với 36 hoặc chỉ cần sử dụng công cụ chuyển đổi bên dưới. 1 Yard = 36 Inch. Yard là một đơn vị đo lường Anh, theo phong tục của Hoa Kỳ, tương đương với 3 feet hoặc 0,9144 mét. Viết tắt là yd. Inch l"
CASE_0246,1097023,mixed,1,8392759,0.7662,0.7662,0,vi,"Để biết đơn vị đo là bao nhiêu inch, hãy nhân giá trị yard với 36 hoặc sử dụng công cụ chuyển đổi. 1 Yard = 36 Inch Có 36 inch trong một yard, bởi vì có 3 feet trong một yard và 12 inch trong một foot, điều đó làm cho 3 ft * 12 (inch trong 1 ft) = 36 inch trong một yard. Ví dụ: để tính xem có bao nh"
CASE_0246,1097023,mixed,2,113000,0.7373,0.7373,0,vi,Bao nhiêu inch cho 1 yard? Có 36 inch trong 1 yard. Một cách bạn có thể tìm ra điều này là nếu bạn biết rằng 3 feet bằng một yard và có 12 inch trong một foot. Đơn giản chỉ cần nhân 3 và 12 với nhau và y ÃƒÂ ¢ Ã‚â‚¬Ã‚Â¦ ou sẽ có 36 yard và 9 inch x 1 inch! 6 người thấy điều này hữu ích. Chỉnh sửa. C
CASE_0246,1097023,mixed,3,1592450,0.7245,0.7245,0,vi,"Có trên yard trong một yard, 36 inch trong một yard và 3 feet trong một yard. Một cây gậy dài 3 feet."
CASE_0246,1097023,mixed,4,7447712,0.7224,0.7224,1,vi,"Câu trả lời nhanh. Có 36 inch trong 1 yard, bằng 3 feet. Một thước Anh từng được cho là chiều dài của sải chân trung bình. Inch đại diện cho 1/12 foot. Inch là một từ tiếng Anh bắt nguồn từ từ tiếng Latinh uncia, có nghĩa là một phần mười hai. Tiếp tục đọc"
CASE_0246,1097023,mixed,5,5322310,0.7223,0.7223,0,vi,Có 3 feet trong một sân. 1 Yard bằng 3 Feet. 1 yd = 3 ft. Hệ thống Imperial công nhận yard là đơn vị đo lường tuyến tính để đo chiều dài hoặc khoảng cách. Yard thường được sử dụng trong hệ thống đo lường hiện đại của Hoa Kỳ. Một thước Anh bằng 36 inch hoặc 3 feet.
CASE_0246,1097023,mixed,6,5558232,0.7207,0.7207,0,vi,"Trong trường hợp inch có chính xác là 12 inch trong một foot, có 3 foot trong một yard. Theo mối quan hệ này, chúng ta biết rằng có 36 inch trong một yard và bởi vì một yard chính xác là 0,9144 mét theo thỏa thuận năm 1959, mối quan hệ giữa tất cả các đơn vị chiều dài có thể được thiết lập. Khoảng t"
CASE_0246,1097023,mixed,7,6052467,0.7194,0.7194,0,vi,"Có 91,44 cm trong một yard. 1 Yard bằng 91,44 Centimet. 1 yd = 91,44 cm. Hệ thống Imperial công nhận yard là một đơn vị đo lường tuyến tính để đo chiều dài hoặc khoảng cách. Yard thường được sử dụng trong hệ thống đo lường hiện đại của Hoa Kỳ. Một thước Anh bằng 36 inch hoặc 3 feet."
CASE_0246,1097023,mixed,8,3571738,0.717,0.717,0,vi,"Có 36 inch trong 1 yard, bằng 3 feet. Một thước Anh từng được cho là chiều dài của sải chân trung bình. Inch đại diện cho 1/12 foot. Inch là một từ tiếng Anh bắt nguồn từ từ tiếng Latinh uncia, có nghĩa là một phần mười hai."
CASE_0246,1097023,mixed,9,6907010,0.7166,0.7166,0,vi,Có 3 feet trong một sân. 1 Yard bằng 3 Feet. 1 yd = 3 ft. Hệ thống Imperial công nhận yard là đơn vị đo lường tuyến tính để đo chiều dài hoặc khoảng cách. Yard thường được sử dụng trong hệ thống đo lường hiện đại của Hoa Kỳ. Một thước Anh bằng 36 inch hoặc 3 feet. Cả hai đơn vị yard và inch đã được
CASE_0246,1097023,mixed,10,2928414,0.7147,0.7147,0,vi,"Yard (viết tắt: yd) là một đơn vị đo chiều dài bằng tiếng Anh, trong cả hệ thống đo lường thông thường của đế quốc Anh và của Hoa Kỳ, bao gồm 3 feet hoặc 36 inch. Theo thỏa thuận quốc tế năm 1959, nó được tiêu chuẩn hóa chính xác là 0,9144 mét. Yard bằng 3 feet hoặc 36 inch. Theo một thỏa thuận vào"
CASE_0246,1100224,endpoint,1,5656120,0.5262,0.5262,0,vi,Xe chở rác mới sắp ra mắt vào ngày 16 tháng 11. Đồng hồ của vùng lân cận lên mạng xã hội Bốn trong số 103 tội phạm tình dục trong khu vực là phụ nữ Michigan Bình chọn 21/10/15 Chủ chó cảnh báo những người khác về chó sói đồng cỏ. Đại biểu phát hiện thi thể người đàn ông trong nhà.
CASE_0246,1100224,endpoint,2,2248665,0.5253,0.5253,0,vi,"COLUMBUS, OH - 'Luật của Goddard' đang hướng tới Thượng viện Ohio sau khi nó được thông qua tại Hạ viện Ohio hôm thứ Tư. TIN NÓNG HỔI! #GoddardsLaw sẽ tới Thượng viện Ohio sau khi VƯỢT QUA tại Hạ viện Ohio. ÃƒÂ ¢ Ã‚â‚¬Ã‚â € Mark Zinni (@MarkZinni) ngày 11 tháng 12 năm 2013. Cuộc chiến bây giờ sẽ chu"
CASE_0246,1100224,endpoint,3,8689105,0.5235,0.5235,0,vi,"Kẻ xấu không dừng lại. Cảnh sát East Hartford John Zavalick và chú chó Axel của anh ta, bò qua nước và dưới một rào chắn thấp trong sự kiện vượt chướng ngại vật tại Thế vận hội K-9 của Cảnh sát Connecticut lần thứ 22 được tổ chức ở Mansfield."
CASE_0246,1100224,endpoint,4,8647187,0.5197,0.5197,0,vi,"Vào Chủ Nhật, ngày 11 tháng 8 từ 10 giờ sáng đến 2 giờ chiều bạn có thể tham gia GildaÃƒÂ ¢ Ã‚â‚¬Ã‚â „¢ s Club Grand Rapids, Channel 95.7, The River 100.5 và West Michigan Whitecaps trong bãi đậu xe của Fifth Third Ballpark (4500 West River Dr NE) cho chó rửa sạch. Mang theo những người bạn lông bôn"
CASE_0246,1100224,endpoint,5,2802760,0.5021,0.5021,0,vi,"Tòa án quận FN1 đã đưa ra phán quyết tổng hợp có lợi cho các bị cáo về các tuyên bố của Crawford. Chúng tôi khẳng định. Kể từ năm 1995, Gloria Crawford đã phẫu thuật cũi tại nhà của cô ở Arkansas. Vào ngày 15 tháng 3 năm 2005, Nhân viên Kiểm soát Động vật Quận Van Buren, Debby Fogle đã vào tài sản c"
CASE_0246,1100224,endpoint,6,2133402,0.5009,0.5009,0,vi,"MIDDLETOWN, Ohio - Gián, gặm nhấm, phân mèo và một nhà vệ sinh cực kỳ bẩn là những điều kiện khủng khiếp buộc các cảnh sát Ohio phải đuổi 8 đứa trẻ ra khỏi nhà vào tối thứ Hai, theo báo cáo của cảnh sát. Các cảnh sát đã đến ngôi nhà nội trú ở Middletown để kiểm tra tình trạng sức khỏe của bọn trẻ, b"
CASE_0246,1100224,endpoint,7,7180070,0.5009,0.5009,0,vi,"Gorilla Car Wash là một tiệm rửa xe ở Council Bluffs, Iowa. Xem số điện thoại, trang web, nhân viên, sản phẩm, doanh thu và hơn thế nữa."
CASE_0246,1100224,endpoint,8,5571798,0.4987,0.4987,0,vi,"Một đội SWAT của cảnh sát ở Mesa, Ariz., Đã xin 100.000 USD từ chính phủ liên bang để mua một con khỉ mũ và huấn luyện nó để thực hiện các nhiệm vụ thực thi pháp luật."
CASE_0246,1100224,endpoint,9,2151225,0.4985,0.4985,0,vi,Một hội đồng liên bang yêu cầu cơ quan này sửa đổi tiêu chuẩn về mức độ nguy hiểm của chì trong sơn trong vòng một năm.
CASE_0246,1100224,endpoint,10,4582847,0.491,0.491,0,vi,"FBI đuổi Liz và Red đến Iowa, nơi tập đoàn kinh doanh nông sản lớn nhất thế giới rửa tiền cho Cabal. Xem đầy đủ các tập miễn phí, chỉ trên NBC.com."
CASE_0246,1100224,mixed,1,7180070,0.7084,0.7084,0,vi,"Gorilla Car Wash là một tiệm rửa xe ở Council Bluffs, Iowa. Xem số điện thoại, trang web, nhân viên, sản phẩm, doanh thu và hơn thế nữa."
CASE_0246,1100224,mixed,2,7180067,0.6848,0.6848,0,vi,"Tìm Gorilla Car Wash ở 3003 W Broadway, Council Bluffs, Iowa, 51501. Liên hệ 7123090069. Xếp hạng, đánh giá, giờ, số điện thoại và chỉ đường từ ChamberofCommerce.com ="
CASE_0246,1100224,mixed,3,7180065,0.6846,0.6846,0,vi,"Gorilla Car Wash nằm ở địa chỉ 3003 W Broadway ở Council Bluffs, Iowa 51501. Bạn có thể liên hệ với họ qua số điện thoại (712) 309-0069 để biết giá cả, giờ làm việc và chỉ đường. Gorilla Car Wash chuyên về Xe lai, Tàu thủy, Xe biểu diễn. Gorilla Car Wash có doanh số hàng năm từ 501K - 999.999. ."
CASE_0246,1100224,mixed,4,7180062,0.6718,0.6718,1,vi,"Gorilla Car Wash là một tổ chức nhỏ trong ngành công nghiệp rửa xe nằm ở Council Bluffs, IA. Nó mở cửa vào năm 2010 và hiện có doanh thu hàng năm ước tính là 95.501 USD và khoảng 2 nhân viên."
CASE_0246,1100224,mixed,5,7180064,0.6519,0.6519,0,vi,"Q: Gorilla Car Wash nằm ở đâu? A: Gorilla Car Wash nằm ở 3003 W Broadway, Council Bluffs, IA 51501. Hỏi: Gorilla Car Wash ở Council Bluffs, IA đã hoạt động được bao lâu? A: Gorilla Car Wash được thành lập vào năm 2010 và đã hoạt động được 8 năm."
CASE_0246,1100224,mixed,6,7180063,0.5692,0.5692,0,vi,"Rich Carstensen tại Gorilla Wash. Ã‚Â · 1 Ngày 23 tháng 4 Ã‚Â · Council Bluffs, IA 2 Ã‚Â ·. Ã‚Â · 17 tháng 3 Ã‚Â · Hội đồng Bluffs, IA 3 Ã‚Â ·. Ã‚Â · 2 tháng 1 Ã‚Â · Hội đồng Bluffs, IA 4 Ã‚Â ·. Ã‚Â · 22 Tháng 10 2015 Ã‚Â · Hội đồng Bluffs, IA 5 Ã‚Â ·. Ã‚Â · 6 tháng 3 năm 2015 Ã‚Â · Hội đồng Bluffs,"
CASE_0246,1100224,mixed,7,8647187,0.5632,0.5632,0,vi,"Vào Chủ Nhật, ngày 11 tháng 8 từ 10 giờ sáng đến 2 giờ chiều bạn có thể tham gia GildaÃƒÂ ¢ Ã‚â‚¬Ã‚â „¢ s Club Grand Rapids, Channel 95.7, The River 100.5 và West Michigan Whitecaps trong bãi đậu xe của Fifth Third Ballpark (4500 West River Dr NE) cho chó rửa sạch. Mang theo những người bạn lông bôn"
CASE_0246,1100224,mixed,8,7180071,0.5375,0.5375,0,vi,"Tìm các Bluffs tốt nhất của Hội đồng, IA Car Washing trên Superpages. Chúng tôi có nhiều đánh giá của người tiêu dùng, hình ảnh và giờ mở cửa."
CASE_0246,1100224,mixed,9,8647189,0.5369,0.5369,0,vi,"'Chó rửa mặt lớn nhất thế giới' trở lại Sân bóng thứ Năm, Thứ ba để gây quỹ cho Câu lạc bộ của Gilda. Hai chú chó ngồi cạnh nhau trong Lễ hội Cody and Friends Dog Wash để mang lại lợi ích cho Câu lạc bộ Gilda's tại Sân bóng Thứ Năm Thứ Ba vào Chủ Nhật, ngày 12 tháng 8 năm 2012."
CASE_0246,1100224,mixed,10,8647188,0.5333,0.5333,0,vi,"GRAND RAPIDS, Mich. - Lễ hội Giặt chó Lớn nhất Thế giới sẽ lại diễn ra vào cuối tuần này tại Tây Michigan. Sự kiện này mang lại lợi ích cho Gilda's Club Grand Rapids. Chi phí là $ 10 / con chó và các dịch vụ rửa chó, chải lông, tặng quà và các cuộc thi đều sẽ diễn ra. Sự kiện diễn ra vào Chủ Nhật, n"
CASE_0246,248385,endpoint,1,114432,0.8082,0.8082,0,vi,"Sao kê ngân hàng và sao kê thẻ tín dụng. Lưu bảng sao kê ngân hàng của bạn trong một năm, trừ khi bạn dự định đăng ký một khoản vay thế chấp hoặc mua xe trong tương lai gần. Nếu trường hợp này xảy ra, hãy nghe theo lời khuyên của chuyên gia tài chính cá nhân Suze Orman và tích trữ bảng sao kê ngân h"
CASE_0246,248385,endpoint,2,2833859,0.8002,0.8002,0,vi,"Trừ khi có một giao dịch mua liên quan đến thuế, bạn nên giữ bản sao kê trong bảy năm. Nếu không, không cần phải giữ bản sao kê lâu hơn 60 ngày. Như với các ngân hàng, bạn cũng có thể nhận được bảng sao kê trực tuyến. Mặc dù một lần nữa, hầu hết chỉ quay trở lại một số năm nhất định. Tôi không biết"
CASE_0246,248385,endpoint,3,3338179,0.7939,0.7939,0,vi,Biên lai và sao kê thẻ tín dụng. Thời gian lưu giữ và lý do: Từ 45 ngày đến bảy năm. 1 Giữ biên lai gốc của bạn cho đến khi bạn nhận được bảng sao kê hàng tháng của mình; cắt nhỏ biên lai nếu cả hai trùng khớp nhau. khoảng thời gian lưu giữ và lý do: Từ sáu năm đến vĩnh viễn. 1 Lưu giữ tất cả hồ sơ
CASE_0246,248385,endpoint,4,313287,0.7922,0.7922,0,vi,Biên lai và sao kê thẻ tín dụng. Thời gian lưu giữ và lý do: Từ 45 ngày đến bảy năm. 1 Giữ biên lai gốc của bạn cho đến khi bạn nhận được bảng sao kê hàng tháng của mình; cắt nhỏ biên lai nếu cả hai khớp nhau.2 Giữ bản sao kê trong bảy năm nếu các chi phí liên quan đến thuế được ghi lại. biên lai và
CASE_0246,248385,endpoint,5,701946,0.7903,0.7903,0,vi,Biên lai và sao kê thẻ tín dụng. Thời gian lưu giữ và lý do: Từ 45 ngày đến bảy năm. 1 Giữ biên lai gốc của bạn cho đến khi bạn nhận được bảng sao kê hàng tháng của mình; cắt nhỏ biên lai nếu cả hai trùng khớp. 2 Giữ bản sao kê trong bảy năm nếu các chi phí liên quan đến thuế được ghi lại.
CASE_0246,248385,endpoint,6,1440694,0.7898,0.7898,0,vi,Biên lai và sao kê thẻ tín dụng. Thời gian lưu giữ và lý do: Từ 45 ngày đến bảy năm. 1 Giữ biên lai gốc của bạn cho đến khi bạn nhận được bảng sao kê hàng tháng của mình; cắt nhỏ biên lai nếu cả hai trùng khớp. Giữ các báo cáo trong bảy năm nếu các chi phí liên quan đến thuế được ghi lại.
CASE_0246,248385,endpoint,7,7790279,0.7877,0.7877,0,vi,"16 tháng 5, 11 giờ 20 phút trưa. Tôi nên giữ bảng sao kê ngân hàng, hóa đơn thẻ tín dụng trong bao lâu? Ngày 16 tháng 5 lúc 12:20 chiều. # 1. Tôi đang có một đứa con vào buổi sáng rảnh rỗi và đang cố gắng hoàn thành một số thủ tục giấy tờ. Tuy nhiên, tôi không chắc mình cần giữ một số thủ tục giấy t"
CASE_0246,248385,endpoint,8,4992816,0.7873,0.7873,0,vi,Biên lai và sao kê thẻ tín dụng. Thời gian lưu giữ và lý do: Từ 45 ngày đến bảy năm. 1 Giữ biên lai gốc của bạn cho đến khi bạn nhận được bảng sao kê hàng tháng của mình; cắt nhỏ biên lai nếu cả hai khớp nhau.2 Giữ bản sao kê trong bảy năm nếu các chi phí liên quan đến thuế được ghi lại. khoảng thời
CASE_0246,248385,endpoint,9,7599321,0.7866,0.7866,0,vi,"1 Biên lai và bảng sao kê thẻ tín dụng-từ 45 ngày đến bảy năm; giữ biên lai ban đầu của bạn cho đến khi bạn nhận được bảng sao kê hàng tháng của mình, sau đó cắt nhỏ biên lai nếu cả hai khớp nhau; giữ các bản sao kê trong bảy năm nếu các chi phí liên quan đến thuế là tài liệu."
CASE_0246,248385,endpoint,10,2816513,0.7818,0.7818,0,vi,"Sau khi xác minh chúng khớp, bạn có thể tung biên lai. Trừ khi có một giao dịch mua liên quan đến thuế, bạn nên giữ bản sao kê trong bảy năm. Nếu không, không cần phải giữ bản sao kê lâu hơn 60 ngày. Như với các ngân hàng, bạn cũng có thể nhận được bảng sao kê trực tuyến. Mặc dù một lần nữa, hầu hết"
CASE_0246,248385,mixed,1,3338179,0.7961,0.7961,0,vi,Biên lai và sao kê thẻ tín dụng. Thời gian lưu giữ và lý do: Từ 45 ngày đến bảy năm. 1 Giữ biên lai gốc của bạn cho đến khi bạn nhận được bảng sao kê hàng tháng của mình; cắt nhỏ biên lai nếu cả hai trùng khớp nhau. khoảng thời gian lưu giữ và lý do: Từ sáu năm đến vĩnh viễn. 1 Lưu giữ tất cả hồ sơ
CASE_0246,248385,mixed,2,1440694,0.7948,0.7948,0,vi,Biên lai và sao kê thẻ tín dụng. Thời gian lưu giữ và lý do: Từ 45 ngày đến bảy năm. 1 Giữ biên lai gốc của bạn cho đến khi bạn nhận được bảng sao kê hàng tháng của mình; cắt nhỏ biên lai nếu cả hai trùng khớp. Giữ các báo cáo trong bảy năm nếu các chi phí liên quan đến thuế được ghi lại.
CASE_0246,248385,mixed,3,4992816,0.7909,0.7909,0,vi,Biên lai và sao kê thẻ tín dụng. Thời gian lưu giữ và lý do: Từ 45 ngày đến bảy năm. 1 Giữ biên lai gốc của bạn cho đến khi bạn nhận được bảng sao kê hàng tháng của mình; cắt nhỏ biên lai nếu cả hai khớp nhau.2 Giữ bản sao kê trong bảy năm nếu các chi phí liên quan đến thuế được ghi lại. khoảng thời
CASE_0246,248385,mixed,4,5581,0.79,0.79,1,vi,Biên lai và sao kê thẻ tín dụng. Thời gian lưu giữ và lý do: Từ 45 ngày đến bảy năm. Giữ biên lai ban đầu của bạn cho đến khi bạn nhận được bảng sao kê hàng tháng của mình; cắt nhỏ biên lai nếu cả hai trùng khớp. Giữ các báo cáo trong bảy năm nếu các chi phí liên quan đến thuế được ghi lại.
CASE_0246,248385,mixed,5,701946,0.7897,0.7897,0,vi,Biên lai và sao kê thẻ tín dụng. Thời gian lưu giữ và lý do: Từ 45 ngày đến bảy năm. 1 Giữ biên lai gốc của bạn cho đến khi bạn nhận được bảng sao kê hàng tháng của mình; cắt nhỏ biên lai nếu cả hai trùng khớp. 2 Giữ bản sao kê trong bảy năm nếu các chi phí liên quan đến thuế được ghi lại.
CASE_0246,248385,mixed,6,313287,0.7887,0.7887,0,vi,Biên lai và sao kê thẻ tín dụng. Thời gian lưu giữ và lý do: Từ 45 ngày đến bảy năm. 1 Giữ biên lai gốc của bạn cho đến khi bạn nhận được bảng sao kê hàng tháng của mình; cắt nhỏ biên lai nếu cả hai khớp nhau.2 Giữ bản sao kê trong bảy năm nếu các chi phí liên quan đến thuế được ghi lại. biên lai và
CASE_0246,248385,mixed,7,114432,0.7884,0.7884,0,vi,"Sao kê ngân hàng và sao kê thẻ tín dụng. Lưu bảng sao kê ngân hàng của bạn trong một năm, trừ khi bạn dự định đăng ký một khoản vay thế chấp hoặc mua xe trong tương lai gần. Nếu trường hợp này xảy ra, hãy nghe theo lời khuyên của chuyên gia tài chính cá nhân Suze Orman và tích trữ bảng sao kê ngân h"
CASE_0246,248385,mixed,8,5688848,0.7869,0.7869,0,vi,Biên lai và bảng sao kê thẻ tín dụng: Thời gian giữ và lý do: Từ 45 ngày đến bảy năm. Giữ biên lai ban đầu của bạn cho đến khi bạn nhận được bảng sao kê hàng tháng của mình; cắt nhỏ biên lai nếu cả hai trùng khớp. Giữ các báo cáo trong bảy năm nếu các chi phí liên quan đến thuế được ghi lại. Cuống p
CASE_0246,248385,mixed,9,7599321,0.7859,0.7859,0,vi,"1 Biên lai và bảng sao kê thẻ tín dụng-từ 45 ngày đến bảy năm; giữ biên lai ban đầu của bạn cho đến khi bạn nhận được bảng sao kê hàng tháng của mình, sau đó cắt nhỏ biên lai nếu cả hai khớp nhau; giữ các bản sao kê trong bảy năm nếu các chi phí liên quan đến thuế là tài liệu."
CASE_0246,248385,mixed,10,1223875,0.7846,0.7846,0,vi,Biên lai và sao kê thẻ tín dụng ÃƒÂ ¢ Ã‚â‚¬Ã‚â € từ 45 ngày đến 7 năm. Giữ biên lai ban đầu của bạn cho đến khi bạn nhận được bảng sao kê hàng tháng của mình; cắt nhỏ biên lai nếu cả hai trùng khớp. Giữ các báo cáo trong bảy năm nếu các chi phí liên quan đến thuế được ghi lại.
CASE_0246,249118,endpoint,1,3498900,0.7734,0.7734,0,vi,"Tài khoản trong bộ sưu tập: Nếu bạn có một tài khoản trong bộ sưu tập, nó thường sẽ vẫn còn trên báo cáo tín dụng của bạn trong bảy năm cộng với 180 ngày kể từ ngày tài khoản này quá hạn lần đầu tiên."
CASE_0246,249118,endpoint,2,5838944,0.7617,0.7617,0,vi,"Tài khoản trong bộ sưu tập: Nếu bạn có một tài khoản trong bộ sưu tập, nó thường sẽ vẫn còn trên báo cáo tín dụng của bạn trong bảy năm cộng với 180 ngày kể từ ngày tài khoản này quá hạn lần đầu tiên. Tài khoản trong bộ sưu tập: Nếu bạn có một tài khoản trong bộ sưu tập, nó sẽ thường vẫn còn trên bá"
CASE_0246,249118,endpoint,3,1355442,0.7606,0.7606,0,vi,"Đánh giá Mới nhất Cũ nhất. Câu trả lời hay nhất: Nó sẽ giảm xuống, 7 năm kể từ ngày nó đạt được bộ sưu tập. Nó sẽ vẫn hiển thị trên báo cáo tín dụng của bạn, cho đến ngày đó. Sự khác biệt duy nhất là nó sẽ hiển thị số dư $ 0 và trạng thái đã thanh toán đầy đủ. Bạn cần kiểm tra các báo cáo tín dụng c"
CASE_0246,249118,endpoint,4,3700940,0.7538,0.7538,0,vi,"Tài khoản trong bộ sưu tập: Nếu bạn có một tài khoản trong bộ sưu tập, nó thường sẽ vẫn còn trên báo cáo tín dụng của bạn trong bảy năm cộng với 180 ngày kể từ ngày tài khoản này quá hạn lần đầu tiên. Việc đếm ngược đến tài khoản không có báo cáo tín dụng của bạn bắt đầu sau 180 ngày kể từ ngày bắt"
CASE_0246,249118,endpoint,5,673351,0.7516,0.7516,0,vi,"Khi một bộ sưu tập được chuyển cho một bên thứ ba, nó sẽ tạo ra một sự xúc phạm mới trên báo cáo tín dụng của bạn. Tài khoản xúc phạm ban đầu cũng có thể vẫn còn trên báo cáo của bạn. Sau khi một bộ sưu tập được thanh toán, bộ sưu tập đó có thể vẫn còn trên báo cáo của bạn như một bộ sưu tập đã trả"
CASE_0246,249118,endpoint,6,3439780,0.7477,0.7477,0,vi,"Nói chung, thông tin tiêu cực sẽ tồn tại trên báo cáo tín dụng của bạn trong bảy năm kể từ ngày hoạt động cuối cùng, nhưng phá sản có thể xuất hiện trên báo cáo tín dụng của bạn trong 10 năm kể từ ngày hoạt động cuối cùng. Tài khoản trong bộ sưu tập: Nếu bạn có tài khoản trong bộ sưu tập , nó thường"
CASE_0246,249118,endpoint,7,952414,0.7453,0.7453,0,vi,Cách Xóa Bộ sưu tập khỏi Báo cáo Tín dụng của Bạn. Các tài khoản thu nợ có thể vẫn còn trên báo cáo tín dụng của bạn trong tối đa 7 năm. Ngay cả khi bạn thanh toán đầy đủ thì nó vẫn được coi là một tài khoản âm và sẽ vẫn còn trong hồ sơ của bạn dưới dạng một ÃƒÂ ¢ Ã‚â‚¬Ã‚Å “bộ sưu tập trả tiềnÃƒÂ ¢
CASE_0246,249118,endpoint,8,7320955,0.7444,0.7444,0,vi,"Tài khoản trong bộ sưu tập: Nếu bạn có một tài khoản trong bộ sưu tập, nó thường sẽ vẫn còn trên báo cáo tín dụng của bạn trong bảy năm cộng với 180 ngày kể từ ngày tài khoản này quá hạn lần đầu tiên. Việc đếm ngược đến tài khoản không có báo cáo tín dụng của bạn bắt đầu sau 180 ngày kể từ ngày bắt"
CASE_0246,249118,endpoint,9,2654235,0.743,0.743,0,vi,"Vì vậy, việc thanh toán các khoản thu nợ rất có thể cải thiện mức độ tín nhiệm của bạn trong mắt người cho vay. Vì các bộ sưu tập của bạn đã 2 và 3 tuổi, điểm FICO của bạn sẽ xem xét chúng trong vài năm nữa. Thông thường, các bộ sưu tập vẫn còn trên báo cáo tín dụng của bạn trong 7 năm. Những điều t"
CASE_0246,249118,endpoint,10,6903280,0.7424,0.7424,0,vi,"Các khoản thu sẽ nằm trong báo cáo tín dụng của bạn 7 năm sau ngày thực hiện hoạt động cuối cùng. Đừng để điều này làm bạn bối rối ... thông thường 7 năm sau ngày hoạt động cuối cùng có nghĩa là ngày nó được bán cho cơ quan thu phí. Thông thường, tài khoản của bạn phải quá hạn 180 ngày để công ty th"
CASE_0246,249118,mixed,1,3498900,0.7536,0.7536,0,vi,"Tài khoản trong bộ sưu tập: Nếu bạn có một tài khoản trong bộ sưu tập, nó thường sẽ vẫn còn trên báo cáo tín dụng của bạn trong bảy năm cộng với 180 ngày kể từ ngày tài khoản này quá hạn lần đầu tiên."
CASE_0246,249118,mixed,2,3439780,0.7461,0.7461,0,vi,"Nói chung, thông tin tiêu cực sẽ tồn tại trên báo cáo tín dụng của bạn trong bảy năm kể từ ngày hoạt động cuối cùng, nhưng phá sản có thể xuất hiện trên báo cáo tín dụng của bạn trong 10 năm kể từ ngày hoạt động cuối cùng. Tài khoản trong bộ sưu tập: Nếu bạn có tài khoản trong bộ sưu tập , nó thường"
CASE_0246,249118,mixed,3,1095997,0.7453,0.7453,0,vi,"Khi khoản nợ của bạn được gửi đến bộ sưu tập, bạn cũng sẽ thấy một bản ghi mới xuất hiện trên báo cáo tín dụng của bạn. Hồ sơ thu nợ này sẽ vẫn còn trên báo cáo tín dụng của bạn trong 7 năm kể từ lần trả chậm 180 ngày cuối cùng trên tài khoản ban đầu, cho dù bạn có trả nợ hay không. hồ sơ sẽ được lư"
CASE_0246,249118,mixed,4,3072082,0.7449,0.7449,1,vi,"Hầu hết các thông tin tiêu cực, chẳng hạn như các bộ sưu tập, nằm trên báo cáo tín dụng của bạn trong bảy năm, trong khi thông tin tích cực được lưu giữ lâu hơn. Các tài khoản nhờ thu sẽ lưu lại trên báo cáo tín dụng trong bảy năm kể từ ngày quá hạn của khoản nợ gốc ban đầu, hoặc ngày thanh toán bị"
CASE_0246,249118,mixed,5,952414,0.7434,0.7434,0,vi,Cách Xóa Bộ sưu tập khỏi Báo cáo Tín dụng của Bạn. Các tài khoản thu nợ có thể vẫn còn trên báo cáo tín dụng của bạn trong tối đa 7 năm. Ngay cả khi bạn thanh toán đầy đủ thì nó vẫn được coi là một tài khoản âm và sẽ vẫn còn trong hồ sơ của bạn dưới dạng một ÃƒÂ ¢ Ã‚â‚¬Ã‚Å “bộ sưu tập trả tiềnÃƒÂ ¢
CASE_0246,249118,mixed,6,1355442,0.7433,0.7433,0,vi,"Đánh giá Mới nhất Cũ nhất. Câu trả lời hay nhất: Nó sẽ giảm xuống, 7 năm kể từ ngày nó đạt được bộ sưu tập. Nó sẽ vẫn hiển thị trên báo cáo tín dụng của bạn, cho đến ngày đó. Sự khác biệt duy nhất là nó sẽ hiển thị số dư $ 0 và trạng thái đã thanh toán đầy đủ. Bạn cần kiểm tra các báo cáo tín dụng c"
CASE_0246,249118,mixed,7,7329879,0.7421,0.7421,0,vi,"Vì vậy, hãy ổn định và sẵn sàng đi sâu vào mọi thứ bạn cần biết về các bộ sưu tập và xóa chúng khỏi báo cáo tín dụng của bạn. Mục lục 1 Các khoản thu nợ được ghi trong báo cáo tín dụng của bạn trong bao lâu? Các tài khoản thu nợ có thể vẫn còn trên báo cáo tín dụng của bạn trong tối đa 7 năm. Ngay c"
CASE_0246,249118,mixed,8,5838944,0.7417,0.7417,0,vi,"Tài khoản trong bộ sưu tập: Nếu bạn có một tài khoản trong bộ sưu tập, nó thường sẽ vẫn còn trên báo cáo tín dụng của bạn trong bảy năm cộng với 180 ngày kể từ ngày tài khoản này quá hạn lần đầu tiên. Tài khoản trong bộ sưu tập: Nếu bạn có một tài khoản trong bộ sưu tập, nó sẽ thường vẫn còn trên bá"
CASE_0246,249118,mixed,9,6903280,0.7408,0.7408,0,vi,"Các khoản thu sẽ nằm trong báo cáo tín dụng của bạn 7 năm sau ngày thực hiện hoạt động cuối cùng. Đừng để điều này làm bạn bối rối ... thông thường 7 năm sau ngày hoạt động cuối cùng có nghĩa là ngày nó được bán cho cơ quan thu phí. Thông thường, tài khoản của bạn phải quá hạn 180 ngày để công ty th"
CASE_0246,249118,mixed,10,3700940,0.7408,0.7408,0,vi,"Tài khoản trong bộ sưu tập: Nếu bạn có một tài khoản trong bộ sưu tập, nó thường sẽ vẫn còn trên báo cáo tín dụng của bạn trong bảy năm cộng với 180 ngày kể từ ngày tài khoản này quá hạn lần đầu tiên. Việc đếm ngược đến tài khoản không có báo cáo tín dụng của bạn bắt đầu sau 180 ngày kể từ ngày bắt"
CASE_0246,414155,endpoint,1,6517411,0.776,0.776,0,vi,Rất có thể. Nhiều phụ nữ bị ợ chua lần đầu tiên khi mang thai ÃƒÂ ¢ Ã‚â‚¬Ã‚â € và mặc dù nó phổ biến và thường vô hại nhưng nó có thể khá khó chịu. Ợ chua (còn gọi là chứng khó tiêu axit hoặc trào ngược axit) là một cảm giác nóng rát thường kéo dài từ dưới xương ức đến cổ họng dưới.
CASE_0246,414155,endpoint,2,5390185,0.7681,0.7681,0,vi,"Nguyên nhân nào gây ra chứng ợ chua khi mang thai? Ợ chua xảy ra khi van giữa dạ dày và thực quản không thể ngăn axit dạ dày trào ngược trở lại thực quản. Khi mang thai, hormone progesterone khiến van giãn ra, có thể làm tăng tần suất ợ chua. Điều này cho phép axit dạ dày đi vào thực quản và kích th"
CASE_0246,414155,endpoint,3,6570195,0.7457,0.7457,0,vi,"Ợ nóng khi mang thai. Chứng ợ chua khi mang thai khá phổ biến. Một số phụ nữ bị ợ chua lần đầu tiên trong đời khi họ mang thai đứa con của họ. Ợ chua, còn được gọi là chứng khó tiêu do axit, là một cảm giác nóng rát có thể kéo dài từ dạ dày lên ngực và cổ họng, nguyên nhân là do thức ăn trong dạ dày"
CASE_0246,414155,endpoint,4,7591792,0.7437,0.7437,0,vi,"Trong tam cá nguyệt thứ ba, sự phát triển của em bé có thể đẩy dạ dày ra khỏi vị trí bình thường, có thể dẫn đến chứng ợ nóng. Tuy nhiên, cơ địa mỗi phụ nữ khác nhau và việc mang thai không nhất thiết là bạn sẽ tự động bị ợ chua."
CASE_0246,414155,endpoint,5,6517415,0.7348,0.7348,0,vi,"Ợ chua rất phổ biến khi bạn đang mang thai, đặc biệt là trong giai đoạn từ giữa thai kỳ đến cuối thai kỳ. Nhiều bà mẹ sắp sinh bắt đầu bị ợ chua và khó tiêu trong nửa sau của thai kỳ, mặc dù trước đó không phải là chưa từng mắc chứng bệnh này."
CASE_0246,414155,endpoint,6,6517413,0.7306,0.7306,0,vi,"Nhiều phụ nữ bị ợ chua lần đầu tiên khi mang thai. Nó phổ biến và vô hại, nhưng nó có thể gây đau đớn. Ợ chua là một cảm giác nóng rát thường kéo dài từ dưới xương ức lên đến cổ họng của bạn. Nó xảy ra khi axit từ dạ dày của bạn được đưa lên đường tiêu hóa (thực quản) của bạn. Axit có thể trào ngược"
CASE_0246,414155,endpoint,7,5578494,0.7304,0.7304,0,vi,"Ợ chua là một cảm giác nóng rát bắt đầu từ dạ dày và dường như trào lên cổ họng. Khi mang thai, lượng hormone thay đổi sẽ làm chậm hệ thống tiêu hóa của bạn, làm suy yếu cơ vòng dạ dày và tử cung có thể chèn ép dạ dày của bạn, đẩy axit trong dạ dày lên trên."
CASE_0246,414155,endpoint,8,7750365,0.7294,0.7294,0,vi,"Nguyên nhân nào gây ra chứng ợ chua khi mang thai? Ợ chua xảy ra khi van giữa dạ dày và thực quản không thể ngăn axit dạ dày trào ngược trở lại thực quản. Khi mang thai, hormone progesterone khiến van giãn ra, có thể làm tăng tần suất ợ chua. Điều này cho phép axit dạ dày đi vào thực quản và kích th"
CASE_0246,414155,endpoint,9,5251446,0.729,0.729,0,vi,"Nguyên nhân gây ra chứng ợ chua trong khi. Khi bạn mang thai, có rất nhiều điều bất ngờ trên con đường làm mẹ - chẳng hạn như chứng ợ nóng. Trên thực tế, hơn 50% phụ nữ mang thai cho biết có các triệu chứng ợ chua nghiêm trọng, đặc biệt là trong tam cá nguyệt thứ hai và thứ ba của họ. Khi mang thai,"
CASE_0246,414155,endpoint,10,5251450,0.7279,0.7279,0,vi,"Hơn một nửa số phụ nữ mang thai cho biết có các triệu chứng ợ chua nghiêm trọng, đặc biệt là trong tam cá nguyệt thứ hai và thứ ba của họ. Ợ chua, còn được gọi là khó tiêu do axit, là một cảm giác kích thích hoặc nóng rát của thực quản do các chất trong dạ dày trào ngược (trào ngược lên) từ dạ dày."
CASE_0246,414155,mixed,1,7591792,0.7168,0.7168,0,vi,"Trong tam cá nguyệt thứ ba, sự phát triển của em bé có thể đẩy dạ dày ra khỏi vị trí bình thường, có thể dẫn đến chứng ợ nóng. Tuy nhiên, cơ địa mỗi phụ nữ khác nhau và việc mang thai không nhất thiết là bạn sẽ tự động bị ợ chua."
CASE_0246,414155,mixed,2,6517411,0.708,0.708,0,vi,Rất có thể. Nhiều phụ nữ bị ợ chua lần đầu tiên khi mang thai ÃƒÂ ¢ Ã‚â‚¬Ã‚â € và mặc dù nó phổ biến và thường vô hại nhưng nó có thể khá khó chịu. Ợ chua (còn gọi là chứng khó tiêu axit hoặc trào ngược axit) là một cảm giác nóng rát thường kéo dài từ dưới xương ức đến cổ họng dưới.
CASE_0246,414155,mixed,3,6570203,0.7069,0.7069,0,vi,"Mặc dù ốm nghén dường như trở nên cường điệu, nhưng nhiều phụ nữ nhận thấy chứng ợ nóng cũng giống như một triệu chứng khó chịu khi mang thai. Trong thời kỳ đầu mang thai, chứng ợ nóng gây ra bởi hormone progesterone, làm giãn cơ tử cung để phù hợp với em bé đang lớn của bạn ÃƒÂ ¢ Ã‚â‚¬Ã‚â € œ và cũ"
CASE_0246,414155,mixed,4,5390183,0.7025,0.7025,1,vi,"Mang thai làm tăng nguy cơ người phụ nữ có thể bị ợ chua hoặc trào ngược axit. Trong tam cá nguyệt đầu tiên, các cơ trong thực quản đẩy thức ăn vào dạ dày chậm hơn và dạ dày sẽ mất nhiều thời gian hơn để làm rỗng. Điều này giúp cơ thể bạn có nhiều thời gian hơn để hấp thụ chất dinh dưỡng cho thai nh"
CASE_0246,414155,mixed,5,7111167,0.6943,0.6943,0,vi,"Khi bạn đang mang thai, buồn nôn và nôn là bình thường, đặc biệt là trong ba tháng đầu. WebMD cung cấp các mẹo để hạn chế các triệu chứng đó thông qua chế độ ăn uống. Chuyển đến nội dung chính"
CASE_0246,414155,mixed,6,2086050,0.6938,0.6938,0,vi,"Buồn nôn hoặc ốm nghén, nôn mửa và chán ăn trong tam cá nguyệt đầu tiên là những triệu chứng phổ biến mà hầu hết phụ nữ mang thai gặp phải. Đây là những triệu chứng bình thường của thời kỳ đầu mang thai và không có lý do gì để lo lắng. Đôi khi các triệu chứng kéo dài ngoài tam cá nguyệt đầu tiên, nh"
CASE_0246,414155,mixed,7,5390185,0.6906,0.6906,0,vi,"Nguyên nhân nào gây ra chứng ợ chua khi mang thai? Ợ chua xảy ra khi van giữa dạ dày và thực quản không thể ngăn axit dạ dày trào ngược trở lại thực quản. Khi mang thai, hormone progesterone khiến van giãn ra, có thể làm tăng tần suất ợ chua. Điều này cho phép axit dạ dày đi vào thực quản và kích th"
CASE_0246,414155,mixed,8,6968090,0.6846,0.6846,0,vi,"Nếu bạn khẳng định rằng mình đang mang thai nhưng không gặp bất kỳ triệu chứng hoặc thay đổi lớn nào, điều đó có thể đáng lo ngại. Thực tế là tất cả phụ nữ phản ứng với thai kỳ khác nhau. Trong khi nhiều người sẽ cảm thấy căng tức ngực, kiệt sức, ợ chua hoặc ốm nghén trong tam cá nguyệt đầu tiên của"
CASE_0246,414155,mixed,9,5843471,0.6843,0.6843,0,vi,"Chóng mặt và choáng váng cũng là triệu chứng ban đầu của thai kỳ, do huyết áp thấp gây ra. Trong tam cá nguyệt đầu tiên của bạn, việc chóng mặt khi mang thai là điều bình thường do các mạch máu giãn ra, làm giảm huyết áp. Huyết áp trở lại bình thường trong tam cá nguyệt thứ hai."
CASE_0246,414155,mixed,10,5251446,0.6838,0.6838,0,vi,"Nguyên nhân gây ra chứng ợ chua trong khi. Khi bạn mang thai, có rất nhiều điều bất ngờ trên con đường làm mẹ - chẳng hạn như chứng ợ nóng. Trên thực tế, hơn 50% phụ nữ mang thai cho biết có các triệu chứng ợ chua nghiêm trọng, đặc biệt là trong tam cá nguyệt thứ hai và thứ ba của họ. Khi mang thai,"
CASE_0246,570023,endpoint,1,6288647,0.6672,0.6672,0,vi,"Tiền tố số liệu là tiền tố đơn vị đứng trước đơn vị đo lường cơ bản để biểu thị một bội số hoặc một phần của đơn vị. Mặc dù tất cả các tiền tố số liệu được sử dụng phổ biến ngày nay đều là số thập phân, nhưng trong lịch sử cũng có một số tiền tố số liệu nhị phân. Mỗi tiền tố có một ký hiệu duy nhất"
CASE_0246,570023,endpoint,2,2520189,0.6553,0.6553,0,vi,"Tiền tố số liệu là tiền tố đơn vị đứng trước đơn vị đo lường cơ bản để biểu thị một bội số hoặc một phần của đơn vị. Mặc dù tất cả các tiền tố số liệu được sử dụng phổ biến ngày nay đều là số thập phân, nhưng trong lịch sử cũng có một số tiền tố số liệu nhị phân. Mỗi tiền tố có một ký hiệu duy nhất"
CASE_0246,570023,endpoint,3,5082601,0.6483,0.6483,0,vi,"Tiền tố chỉ số. Tiền tố số liệu là tiền tố đơn vị đứng trước đơn vị đo lường cơ bản để biểu thị một bội số hoặc một phần của đơn vị. Mặc dù tất cả các tiền tố số liệu được sử dụng phổ biến ngày nay đều là số thập phân, nhưng trong lịch sử cũng có một số tiền tố số liệu nhị phân. Mỗi tiền tố có một k"
CASE_0246,570023,endpoint,4,5468064,0.6388,0.6388,0,vi,"tiền tố - Các tiền tố số liệu tiêu chuẩn được sử dụng trong công ước SystÃƒÆ’Ã‚Â¨me International (SI) về đo lường khoa học. Dưới đây là các tiền tố phóng đại SI, cùng với các diễn giải nhị phân tương ứng được sử dụng phổ biến: tiền tố abr nhị phân thập phân. yocto- 1000 ^ -8 zepto- 1000 ^ -7 atto-"
CASE_0246,570023,endpoint,5,2917847,0.6279,0.6279,0,vi,"Dưới đây là 16 giá trị thập lục phân từ 0 đến F và cách chúng liên quan đến bốn bit dữ liệu: Các giá trị thập lục phân này có tiền tố là 0x. Tiền tố này phổ biến trong C, mặc dù các ngôn ngữ lập trình khác có thể sử dụng các tiền tố khác nhau hoặc một hậu tố."
CASE_0246,570023,endpoint,6,8217765,0.6233,0.6233,0,vi,"Hệ thống số liệu dựa trên các đơn vị đo lường cơ bản cho chiều dài, thể tích và khối lượng. Các đơn vị cơ bản trong Hệ thống số liệu có thể được chuyển đổi thành các đơn vị phù hợp hơn với đại lượng được đo bằng cách thêm tiền tố vào tên của đơn vị cơ sở. Các tiền tố số liệu phổ biến được đưa ra bên"
CASE_0246,570023,endpoint,7,1512001,0.6203,0.6203,0,vi,"Tìm hiểu các tiền tố phổ biến. Các tiền tố phổ biến là milli-, centi-, deci-, deka-, hecto- và kilo-. Trong hệ thống số liệu, bạn nhìn vào tiền tố để xem kích thước của đơn vị, trong khi đơn vị cơ sở cho bạn biết những gì đang được đo. Ví dụ, nếu bạn đang đo khối lượng, thì cơ số là gam. Nếu bạn muố"
CASE_0246,570023,endpoint,8,1558698,0.6197,0.6197,0,vi,Tiền tố số liệu là tiền tố đơn vị đứng trước đơn vị đo lường cơ bản để biểu thị bội số hoặc phân số thập phân của đơn vị. Tiền tố hệ mét đôi khi được gọi là tiền tố SI. Mỗi tiền tố có một ký hiệu duy nhất được thêm vào ký hiệu đơn vị. Ví dụ: mega tiền tố-có thể được thêm vào ton để biểu thị phép nhâ
CASE_0246,570023,endpoint,9,5874699,0.6175,0.6175,0,vi,Các đơn vị cơ bản trong Hệ thống số liệu có thể được chuyển đổi thành các đơn vị phù hợp hơn với đại lượng được đo bằng cách thêm tiền tố vào tên của đơn vị cơ sở. Các tiền tố số liệu phổ biến được đưa ra bên dưới. Tiền tố hệ thống số liệu.
CASE_0246,570023,endpoint,10,2553309,0.6174,0.6174,0,vi,Các đơn vị cơ bản trong Hệ thống số liệu có thể được chuyển đổi thành các đơn vị phù hợp hơn với đại lượng được đo bằng cách thêm tiền tố vào tên của đơn vị cơ sở. Các tiền tố số liệu phổ biến được đưa ra bên dưới. Tiền tố hệ thống số liệu
CASE_0246,570023,mixed,1,5468064,0.6393,0.6393,0,vi,"tiền tố - Các tiền tố số liệu tiêu chuẩn được sử dụng trong công ước SystÃƒÆ’Ã‚Â¨me International (SI) về đo lường khoa học. Dưới đây là các tiền tố phóng đại SI, cùng với các diễn giải nhị phân tương ứng được sử dụng phổ biến: tiền tố abr nhị phân thập phân. yocto- 1000 ^ -8 zepto- 1000 ^ -7 atto-"
CASE_0246,570023,mixed,2,6288647,0.6334,0.6334,0,vi,"Tiền tố số liệu là tiền tố đơn vị đứng trước đơn vị đo lường cơ bản để biểu thị một bội số hoặc một phần của đơn vị. Mặc dù tất cả các tiền tố số liệu được sử dụng phổ biến ngày nay đều là số thập phân, nhưng trong lịch sử cũng có một số tiền tố số liệu nhị phân. Mỗi tiền tố có một ký hiệu duy nhất"
CASE_0246,570023,mixed,3,1512001,0.6215,0.6215,0,vi,"Tìm hiểu các tiền tố phổ biến. Các tiền tố phổ biến là milli-, centi-, deci-, deka-, hecto- và kilo-. Trong hệ thống số liệu, bạn nhìn vào tiền tố để xem kích thước của đơn vị, trong khi đơn vị cơ sở cho bạn biết những gì đang được đo. Ví dụ, nếu bạn đang đo khối lượng, thì cơ số là gam. Nếu bạn muố"
CASE_0246,570023,mixed,4,7544969,0.6175,0.6175,1,vi,Các tiền tố hệ mét phổ biến nhất là: Ký hiệu kilo- (1000 đơn vị): k- Hecto- (100 đơn vị) ký hiệu: h- * Deka- (10 đơn vị) ký hiệu: da- Deci- (một phần mười đơn vị) ký hiệu: d - Ký hiệu Centi- (ÃƒÂ ¢ Ã‚â‚¬Ã‚Â¦ một phần trăm đơn vị): c- Milli- (Một phần nghìn đơn vị) ký hiệu: m- Micro- (một phần triệu
CASE_0246,570023,mixed,5,1558698,0.6164,0.6164,0,vi,Tiền tố số liệu là tiền tố đơn vị đứng trước đơn vị đo lường cơ bản để biểu thị bội số hoặc phân số thập phân của đơn vị. Tiền tố hệ mét đôi khi được gọi là tiền tố SI. Mỗi tiền tố có một ký hiệu duy nhất được thêm vào ký hiệu đơn vị. Ví dụ: mega tiền tố-có thể được thêm vào ton để biểu thị phép nhâ
CASE_0246,570023,mixed,6,2917847,0.6145,0.6145,0,vi,"Dưới đây là 16 giá trị thập lục phân từ 0 đến F và cách chúng liên quan đến bốn bit dữ liệu: Các giá trị thập lục phân này có tiền tố là 0x. Tiền tố này phổ biến trong C, mặc dù các ngôn ngữ lập trình khác có thể sử dụng các tiền tố khác nhau hoặc một hậu tố."
CASE_0246,570023,mixed,7,1399347,0.6143,0.6143,0,vi,Các bội số lớn hơn và nhỏ hơn của đơn vị đó được thực hiện bằng cách thêm tiền tố SI. Nội dung. Các đơn vị và ký hiệu hệ mét thường được sử dụng; Các tiền tố số liệu được sử dụng phổ biến nhất; Một lưu ý về cách sử dụng; Một số ví dụ và mối quan hệ giữa các đơn vị; Hệ số chuyển đổi gần đúng từ inch-
CASE_0246,570023,mixed,8,7544974,0.6125,0.6125,0,vi,Các tiền tố hệ mét phổ biến nhất là: Ký hiệu kilo- (1000 đơn vị): k- Hecto- (100 đơn vị) ký hiệu: h- * Deka- (10 đơn vị) ký hiệu: da- Deci- (một phần mười đơn vị) ký hiệu: d - Ký hiệu Centi- (ÃƒÂ ¢ Ã‚â‚¬Ã‚Â¦a phần trăm của một đơn vị): c- Milli- (Một phần nghìn của một đơn vị) ký hiệu: m- Micro- (mộ
CASE_0246,570023,mixed,9,1706962,0.61,0.61,0,vi,"Kilo, mega, giga, tera và peta nằm trong danh sách các tiền tố được sử dụng để biểu thị số lượng của một thứ gì đó, chẳng hạn như trong máy tính và viễn thông, một byte hoặc một bit. Đôi khi được gọi là số nhân tiền tố, những tiền tố này cũng được sử dụng trong điện tử và vật lý."
CASE_0246,570023,mixed,10,7169099,0.6049,0.6049,0,vi,"Kilo, mega, giga, tera, peta, exa, zetta nằm trong danh sách các tiền tố được sử dụng để biểu thị số lượng của một thứ gì đó, chẳng hạn như byte hoặc bit trong máy tính và viễn thông. Đôi khi được gọi là số nhân tiền tố, những tiền tố này cũng được sử dụng trong điện tử và vật lý. Mỗi hệ số bao gồm"
CASE_0246,848478,endpoint,1,4886224,0.7031,0.7031,0,vi,"Nhấp để tải xuống các mức thuế bán hàng. Thuế suất thuế bán hàng kết hợp cho Quận Cam, CA là 7,75%. Đây là tổng mức thuế bán hàng của tiểu bang và quận. Thuế suất thuế bán hàng của tiểu bang California hiện là 6%. Mức thuế bán hàng của Quận Cam là 0,25%."
CASE_0246,848478,endpoint,2,2881800,0.6916,0.6916,0,vi,"Thuế bất động sản trung bình hàng năm mà các chủ nhà ở Quận Cam đóng ở miền nam CaliforniaÃÂ ¢ Ã‚â‚¬Ã‚â là $ 3,703. Đó là số tiền cao thứ tám trong tiểu bang và cao hơn 1.500 đô la so với mức trung bình của quốc gia. Lý do chính khiến tổng thuế ở Quận Cam quá cao là giá trị nhà cao."
CASE_0246,848478,endpoint,3,4886227,0.677,0.677,0,vi,"California có thuế bán hàng 6,00% và Quận Cam thu thêm 0,25%, do đó mức thuế bán hàng tối thiểu ở Quận Cam là 6,25% (không bao gồm bất kỳ loại thuế thành phố hoặc quận đặc biệt nào). Bảng này hiển thị tổng mức thuế bán hàng cho tất cả các thành phố và thị trấn trong Quận Cam, bao gồm tất cả các loại"
CASE_0246,848478,endpoint,4,1366143,0.6736,0.6736,0,vi,"Thuế Bán / Sử dụng CA thay đổi tùy theo quận và thành phố và nằm trong khoảng từ 7,25% đến 9,75% vì mức thuế bạn phải trả bao gồm các loại thuế do các khu vực pháp lý của tiểu bang, địa phương và quận khác nhau áp đặt. Thuế suất hiện tại của tiểu bang CA là 6%, thuế suất địa phương và hạt kết hợp là"
CASE_0246,848478,endpoint,5,2185838,0.6718,0.6718,0,vi,"Thuế suất hiện tại của tiểu bang CA là 6%, thuế suất địa phương và hạt kết hợp là 1,25%, các thành phố khác và thuế quá cảnh có thể là 1,25% đến 2%. Tổng số thuế phải trả là tổng thuế suất nhân với giá mua của chiếc xe."
CASE_0246,848478,endpoint,6,4886230,0.6684,0.6684,0,vi,"Thuế Bán Hàng của Quận Cam, California 2017 Lên đến 8,75%. Thuế Bán hàng của Quận Cam là 0,25%. Thuế suất bán hàng trên toàn quận là 0,25% được áp dụng cho các địa phương ở Quận Cam, ngoài thuế bán hàng của California là 6,00%."
CASE_0246,848478,endpoint,7,2758238,0.6628,0.6628,0,vi,"Tra cứu tỷ lệ khác. Thuế suất thuế bán hàng kết hợp cho Santa Ana, CA là 7,75%. Đây là tổng mức thuế bán hàng của tiểu bang, quận và thành phố. Thuế suất bán hàng của tiểu bang California hiện là 6%. Mức thuế bán hàng của Quận Cam là 0,25%. Thuế suất thuế bán hàng ở Santa Ana là 0%."
CASE_0246,848478,endpoint,8,2916845,0.6557,0.6557,0,vi,"Thuế suất toàn tiểu bang là 7,25%. Ở hầu hết các khu vực của California, các khu vực pháp lý địa phương đã thêm thuế quận làm tăng số thuế mà người bán phải trả. Các mức thuế huyện đó dao động từ 0,10% đến 1,00%. Một số khu vực có thể có nhiều hơn một loại thuế quận có hiệu lực."
CASE_0246,848478,endpoint,9,7753313,0.6534,0.6534,0,vi,"Tổng thuế suất bán hàng địa phương hiện tại ở Orange, CA là 7,750%. Tổng thuế suất thuế tiêu thụ nội địa tháng 12/2016 là 8.000%. Orange, CA là ở Quận Cam. Màu cam nằm trong các mã zip sau: 92613, 92664, 92665, 92666, 92667, 92668, 92669, 92856, 92857, 92859, 92862, 92863, 92864, 92865, 92866, 92867"
CASE_0246,848478,endpoint,10,2317050,0.6531,0.6531,0,vi,"Quận thuế. Thuế suất toàn tiểu bang là 7,25%. Ở hầu hết các khu vực của California, các khu vực pháp lý địa phương đã thêm thuế quận làm tăng số thuế mà người bán phải trả. Các mức thuế huyện đó dao động từ 0,10% đến 1,00%. Một số khu vực có thể có nhiều hơn một loại thuế quận có hiệu lực."
CASE_0246,848478,mixed,1,7753313,0.7217,0.7217,0,vi,"Tổng thuế suất bán hàng địa phương hiện tại ở Orange, CA là 7,750%. Tổng thuế suất thuế tiêu thụ nội địa tháng 12/2016 là 8.000%. Orange, CA là ở Quận Cam. Màu cam nằm trong các mã zip sau: 92613, 92664, 92665, 92666, 92667, 92668, 92669, 92856, 92857, 92859, 92862, 92863, 92864, 92865, 92866, 92867"
CASE_0246,848478,mixed,2,4886229,0.6997,0.6997,0,vi,"Orange, Mức thuế bán hàng của Quận Cam. Thông tin chi tiết. Thuế bán hàng ở Orange là 7,75%, là mức trung bình đối với các thành phố ở Quận Cam và mức trung bình đối với California. Orange là một trong 63 thành phố ở Quận Cam có thuế bán hàng khác biệt được liệt kê bởi California Board of Equalizati"
CASE_0246,848478,mixed,3,4886228,0.6943,0.6943,0,vi,"Thuế Bán hàng của Quận Cam, CA. Tổng thuế suất bán hàng địa phương hiện tại ở Orange County, CA là 7,750%. Tổng thuế suất thuế tiêu thụ nội địa tháng 12/2016 là 8.000%. Theo dõi @SaleTaxCom. Sale-Tax.com cố gắng cung cấp tỷ lệ phần trăm thuế chính xác nhất nhưng thuế suất có thể thay đổi bất kỳ lúc"
CASE_0246,848478,mixed,4,4886226,0.6893,0.6893,1,vi,"Thuế suất bán hàng. Thuế bán hàng ở Orange là 7,75%, là mức trung bình đối với các thành phố ở Quận Cam và mức trung bình đối với California. Orange là một trong 63 thành phố ở Quận Cam có thuế bán hàng khác biệt được liệt kê bởi California Board of Equalization."
CASE_0246,848478,mixed,5,4886224,0.6817,0.6817,0,vi,"Nhấp để tải xuống các mức thuế bán hàng. Thuế suất thuế bán hàng kết hợp cho Quận Cam, CA là 7,75%. Đây là tổng mức thuế bán hàng của tiểu bang và quận. Thuế suất thuế bán hàng của tiểu bang California hiện là 6%. Mức thuế bán hàng của Quận Cam là 0,25%."
CASE_0246,848478,mixed,6,2185838,0.6795,0.6795,0,vi,"Thuế suất hiện tại của tiểu bang CA là 6%, thuế suất địa phương và hạt kết hợp là 1,25%, các thành phố khác và thuế quá cảnh có thể là 1,25% đến 2%. Tổng số thuế phải trả là tổng thuế suất nhân với giá mua của chiếc xe."
CASE_0246,848478,mixed,7,1366143,0.6722,0.6722,0,vi,"Thuế Bán / Sử dụng CA thay đổi tùy theo quận và thành phố và nằm trong khoảng từ 7,25% đến 9,75% vì mức thuế bạn phải trả bao gồm các loại thuế do các khu vực pháp lý của tiểu bang, địa phương và quận khác nhau áp đặt. Thuế suất hiện tại của tiểu bang CA là 6%, thuế suất địa phương và hạt kết hợp là"
CASE_0246,848478,mixed,8,6346160,0.6718,0.6718,0,vi,"Cypress, Orange County Sales Tax Rate. Thông tin chi tiết. Thuế bán hàng ở Cypress là 8%, mức trung bình đối với các thành phố ở Quận Cam và mức trung bình đối với California. Cypress là một trong 63 thành phố ở Quận Cam có mức thuế bán hàng khác biệt được liệt kê bởi California Board of Equalizatio"
CASE_0246,848478,mixed,9,2758238,0.6708,0.6708,0,vi,"Tra cứu tỷ lệ khác. Thuế suất thuế bán hàng kết hợp cho Santa Ana, CA là 7,75%. Đây là tổng mức thuế bán hàng của tiểu bang, quận và thành phố. Thuế suất bán hàng của tiểu bang California hiện là 6%. Mức thuế bán hàng của Quận Cam là 0,25%. Thuế suất thuế bán hàng ở Santa Ana là 0%."
CASE_0246,848478,mixed,10,3660012,0.6696,0.6696,0,vi,"Thuế trung bình hàng năm ở Quận Cam. Thuế bất động sản trung bình ở Orange County, Florida là $ 2,152 mỗi năm cho một ngôi nhà có giá trị trung bình là $ 228,600. Quận Cam thu trung bình 0,94% giá trị thị trường hợp lý được đánh giá của một bất động sản dưới dạng thuế tài sản."
CASE_0246,953355,endpoint,1,6817075,0.6217,0.6217,0,vi,1 Đun sôi rồi giảm lửa để đun trong khoảng 20 - 30 phút. Điều này giúp nước dùng có hương vị thơm ngon hấp dẫn đó! Thêm rau cải vào. Nấu trên lửa nhỏ cho đến khi mềm trong khoảng 45-60 phút.
CASE_0246,953355,endpoint,2,3460792,0.6195,0.6195,0,vi,"Bìa và đun sôi. Giảm lửa nhỏ và nấu cho đến khi củ cải mềm khi dùng dao đâm vào, khoảng 45 đến 60 phút."
CASE_0246,953355,endpoint,3,450629,0.6148,0.6148,0,vi,"1 Trong một bát vừa, xào dưa cải, hành tây và thì là; phết lên trên miếng sườn và đặt xung quanh chúng vào chảo rang. Nướng từ 3 đến 4 giờ trong lò đã được làm nóng trước, cho đến khi thịt sườn dễ dàng rút ra khỏi xương."
CASE_0246,953355,endpoint,4,7677838,0.6087,0.6087,0,vi,"Giữ ở mức nhỏ lửa trong 15 đến 20 phút. 1 Nếu bạn muốn chần cải xoăn để dùng làm món salad, hãy ngâm cải xoăn trong nước sôi từ 2 đến 4 phút. 2 Sau đó, rửa sạch bằng nước lạnh. Ngâm ở lửa nhỏ trong 15 đến 20 phút. 1 Nếu bạn muốn chần cải xoăn để dùng làm món salad, hãy ngâm cải xoăn trong nước sôi t"
CASE_0246,953355,endpoint,5,5637154,0.6083,0.6083,0,vi,"Hướng. 1 Trong một nồi lớn với dầu và bơ ở lửa vừa, xào hành và tỏi cho đến khi hành tây và tỏi mềm nhưng không bị thâm chỉ khoảng 2. 2 phút cho thêm cải thìa đông lạnh, rau xanh, nước tăng vị và ớt sriracha. 3 Đậy nắp và đun nhỏ lửa-6 8 phút cho đến khi có màu xanh. mềm"
CASE_0246,953355,endpoint,6,1281401,0.6081,0.6081,0,vi,"Tôi đang làm một loại nước xốt đơn giản gồm dầu, tỏi và một số loại thảo mộc. Tôi nên ướp sườn cừu trong bao lâu? [Sẽ được nấu sau tối nay]."
CASE_0246,953355,endpoint,7,4881723,0.6064,0.6064,0,vi,"Cho khoảng 1/2 inch nước vào chảo lớn hoặc lò nướng kiểu Hà Lan; đun sôi. Thêm cải thìa và muối; đun nhỏ lửa, đậy nắp, trong 8 đến 10 phút. Đảo kỹ bắp cải và đun nhỏ lửa thêm khoảng 8 phút hoặc cho đến khi mềm."
CASE_0246,953355,endpoint,8,6809130,0.6051,0.6051,0,vi,"1 Đổ thêm nước nếu cần để ngập sườn. Đậy nắp nồi và đun nhỏ lửa trong 2 giờ. Trong khi ninh sườn, đun chảy bơ trong chảo sốt rồi xào hành và tỏi cho đến khi hành trong mờ. Xào cà chua, tương cà, mật đường, hạt Worcestershire, mù tạt, muối, sốt ớt cay và giấm."
CASE_0246,953355,endpoint,9,4881721,0.6029,0.6029,0,vi,"Cho khoảng 1/2 inch nước vào chảo lớn hoặc lò nướng kiểu Hà Lan; đun sôi. Thêm cải thìa và muối; đun nhỏ lửa, đậy nắp, trong 8 đến 10 phút. Đảo kỹ bắp cải và đun nhỏ lửa thêm khoảng 8 phút hoặc cho đến khi mềm. Đổ bớt nước và đun ở nhiệt độ thấp cho đến khi hơi ẩm bay hơi hết."
CASE_0246,953355,endpoint,10,1839321,0.6022,0.6022,0,vi,"Thêm củ cải đường, nước, muối và nước dùng; đun sôi. Đậy nắp, giảm nhiệt và đun nhỏ lửa trong 20 phút hoặc cho đến khi củ cải chín mềm, thỉnh thoảng khuấy đều."
CASE_0246,953355,mixed,1,7925123,0.6367,0.6367,0,vi,"Về món ngon nhất ở miền Tây Nugget Rib Cook-Off. Nugget Rib Cook-Off 2016 bắt đầu từ Thứ Tư, ngày 31 tháng 8 đến Thứ Hai, ngày 5 tháng 9. Giờ Nugget Rib Cook-Off là Thứ Tư đến Chủ Nhật từ 11 giờ sáng đến 9 giờ tối và Thứ Hai từ 11 giờ sáng đến 5 giờ chiều."
CASE_0246,953355,mixed,2,450629,0.6185,0.6185,0,vi,"1 Trong một bát vừa, xào dưa cải, hành tây và thì là; phết lên trên miếng sườn và đặt xung quanh chúng vào chảo rang. Nướng từ 3 đến 4 giờ trong lò đã được làm nóng trước, cho đến khi thịt sườn dễ dàng rút ra khỏi xương."
CASE_0246,953355,mixed,3,3642407,0.6166,0.6166,0,vi,"1 Cho sườn vào một cái nồi lớn, đổ đủ nước ngập mặt. Đun sôi và nấu cho đến khi thịt không còn màu hồng, khoảng 20 phút. Trong khi đó, làm nóng lò ở 425 độ F (220 độ C). Trong một bát vừa, khuấy đều nước tương, rượu vang đỏ, dầu ô liu, bột mì, đường nâu, tỏi và bột cà ri."
CASE_0246,953355,mixed,4,7925126,0.6145,0.6145,1,vi,"Reno và Sparks có các công viên dành cho chó, nơi Rover có thể chạy tự do và thích giao lưu với bạn bè của mình. Nugget Rib Cook-Off 2016 bắt đầu từ Thứ Tư, ngày 31 tháng 8 đến Thứ Hai, ngày 5 tháng 9. Giờ Nugget Rib Cook-Off là Thứ Tư đến Chủ Nhật từ 11 giờ sáng đến 9 giờ tối và Thứ Hai từ 11 giờ s"
CASE_0246,953355,mixed,5,7082919,0.6037,0.6037,0,vi,"1 Cho sườn vào một cái nồi lớn, đổ đủ nước ngập mặt. Đun sôi và nấu cho đến khi thịt không còn màu hồng, khoảng 20 phút. 2 Trong khi đó, làm nóng lò ở 425 độ F (220 độ C). Trong một bát vừa, khuấy đều nước tương, rượu vang đỏ, dầu ô liu, bột mì, đường nâu, tỏi và bột cà ri."
CASE_0246,953355,mixed,6,7925125,0.6025,0.6025,0,vi,"Tốt nhất ở miền Tây Nugget Rib Cook-off. Món ngon nhất ở miền Tây Nugget Rib Cook-off là một lần nấu sườn hàng năm ở Sparks, Nevada. Cuộc thi liên quan đến món sườn heo kiểu St. Louis. Sự kiện được tổ chức tại Quảng trường Victoria ở Sparks và diễn ra hàng năm vào cuối tuần Ngày Lao động kể từ năm 1"
CASE_0246,953355,mixed,7,7925128,0.6014,0.6014,0,vi,"ÃƒÂ ¢ Ã‚â‚¬Ã‚Â ¢ Thứ Tư-Chủ Nhật: 4:00 chiều - 9:00 tối. ÃƒÂ ¢ Ã‚â‚¬Ã‚Â ¢ Thứ Hai: 12:00 trưa - 5:00 chiều. Rib Village là khu vực VIP trong Best in the West Nugget Rib Cook-off, nơi bạn có thể nhận được món sườn và đồ uống KHÔNG GIỚI HẠN cho tối đa 10 người. Bàn sẽ có sẵn để mua; Bấm vào đây để biế"
CASE_0246,953355,mixed,8,637073,0.5977,0.5977,0,vi,"Cho sườn vào nồi lớn, đổ nước vừa đủ ngập sườn. Đun sôi và nấu cho đến khi thịt không còn màu hồng, khoảng 20 phút. Trong khi đó, làm nóng lò ở 425 độ F (220 độ C). Trong một bát vừa, khuấy đều nước tương, rượu vang đỏ, dầu ô liu, bột mì, đường nâu, tỏi và bột cà ri. Để ráo sườn và phủ một lớp nước"
CASE_0246,953355,mixed,9,3642409,0.5972,0.5972,0,vi,"1 Đun sôi và nấu cho đến khi thịt không còn màu hồng, khoảng 20 phút. 2 Trong khi đó, làm nóng lò ở 425 độ F (220 độ C). Trong một bát vừa, khuấy đều nước tương, rượu vang đỏ, dầu ô liu, bột mì, đường nâu, tỏi và bột cà ri. Để ráo sườn và phủ một lớp nước sốt lên trên."
CASE_0246,953355,mixed,10,1006515,0.5967,0.5967,0,vi,"1 Cho sườn vào một cái nồi lớn, đổ đủ nước ngập mặt. 2 Đun sôi và nấu cho đến khi thịt không còn màu hồng, khoảng 20 phút. 3 Trong khi đó, làm nóng lò ở 425 độ F (220 độ C). 4 Trong một bát vừa, khuấy đều nước tương, rượu vang đỏ, dầu ô liu, bột mì, đường nâu, tỏi và bột cà ri."
CASE_0246,986316,endpoint,1,3492452,0.5577,0.5577,0,vi,"Carol Ann Susi (ngày 2 tháng 2 năm 1952 ÃƒÂ ¢ Ã‚â‚¬Ã‚â € œ ngày 11 tháng 11 năm 2014) là một nữ diễn viên người Mỹ. Các bộ phim và truyền hình khác bao gồm: Coyote Ugly, Just Go with It, Becker, Grey's Anatomy, That '70s Show, Out of Practice, Cats & Dogs, Just Shoot Me, Married ... with Children, T"
CASE_0246,986316,endpoint,2,2448499,0.5265,0.5265,0,vi,Carol Ann Susi (ngày 2 tháng 2 năm 1952 ÃƒÂ ¢ Ã‚â‚¬Ã‚â € œ ngày 11 tháng 11 năm 2014) là một nữ diễn viên người Mỹ. Cô được biết đến với vai trò lồng tiếng cho nhân vật bà Wolowitz chưa từng được biết đến trong loạt phim truyền hình The Big Bang Theory. [3] [4] [5]
CASE_0246,986316,endpoint,3,3679652,0.5235,0.5235,0,vi,"Tôi đã nỗ lực không bao giờ 12 tháng 4 năm 1982, đó là một lý do khiến kate jackson, luôn được gắn thẻ là thiên thần thông minh, chấp nhận nó. Lucy kate jackson (sinh ngày 29 tháng 10 năm 1948) là một nữ diễn viên, đạo diễn và nhà sản xuất người Mỹ, được biết đến với vai diễn sabrina duncan trên tru"
CASE_0246,986316,endpoint,4,8224931,0.523,0.523,0,vi,Sarah Thompson Kane (sinh ngày 25 tháng 10 năm 1979) là một nữ diễn viên người Mỹ [1] được biết đến với vai Eve trong Angel (2003ÃƒÂ ¢ Ã‚â‚¬Ã‚â € œ2004) và Rose in 7th Heaven (2005ÃƒÂ ¢ Ã ‚ â'¬Ã‚â € œ2006).
CASE_0246,986316,endpoint,5,8553677,0.5226,0.5226,0,vi,"Rutina Wesley. Rutina Wesley (sinh ngày 1 tháng 2 năm 1979) [1] là một nữ diễn viên điện ảnh, sân khấu và truyền hình người Mỹ nổi tiếng với vai diễn Tara Thornton trong loạt phim HBO True Blood và Nova Bordelon trong loạt phim OWN Queen Sugar."
CASE_0246,986316,endpoint,6,4771006,0.5212,0.5212,0,vi,"Sabrina Carpenter Là một nữ diễn viên và ca sĩ tài năng, Sabrina Carpenter sinh ra ở Lehigh Valley, Pennsylvania vào ngày 11 tháng 5 năm 1999. Carpenter bắt đầu sự nghiệp diễn xuất của mình vào năm 2010 với một vai khách mời trong bộ phim truyền hình Law & Order: SVU của đài NBC. Hai năm sau, cô đượ"
CASE_0246,986316,endpoint,7,8223207,0.5203,0.5203,0,vi,"Julia Scarlett Elizabeth Louis-Dreyfus [1] (/ Ãƒâ € ¹Ã‚Ë † luÃƒâ € ¹Ã ‚i Ãƒâ € ¹Ã‚Ë † draÃƒâ € ° Ã‚ÂªfÃƒâ € ° Ã‚â„ ¢ s /; sinh ngày 13 tháng 1 năm 1961) là một nữ diễn viên, diễn viên hài và nhà sản xuất người Mỹ. Cô được biết đến qua các bộ phim hài trên truyền hình, bao gồm Saturday Night Live (19"
CASE_0246,986316,endpoint,8,3446426,0.5199,0.5199,0,vi,Sadie Robertson. Sadie Carroway Robertson [1] (sinh ngày 11 tháng 6 năm 1997) là một nữ diễn viên người Mỹ và ngôi sao truyền hình thực tế trên chương trình A&E Duck Dynasty.
CASE_0246,986316,endpoint,9,4727118,0.5192,0.5192,0,vi,"Susan Victoria Lucci (sinh ngày 23 tháng 12 năm 1946) là một nữ diễn viên, người dẫn chương trình truyền hình, tác giả, ca sĩ và doanh nhân người Mỹ, nổi tiếng với vai diễn Erica Kane trong bộ phim truyền hình ban ngày All My Children của đài ABC từ năm 1970 đến năm 2011."
CASE_0246,986316,endpoint,10,2342572,0.5177,0.5177,0,vi,"Susan Walters (sinh ngày 28 tháng 9 năm 1963) là một nữ diễn viên và cựu người mẫu người Mỹ, người đã đóng vai Carol Lockwood trong The Vampire Diaries. Cô được biết đến với vai diễn Diane Jenkins Newman trong vở opera xà phòng CBS, The Young and the Restless, từ năm 2001 đến năm 2004. Walters cũng"
CASE_0246,986316,mixed,1,7293310,0.5807,0.5807,0,vi,Tiến sĩ Susan Calvin Tiến sĩ Susan Calvin là một bác sĩ tâm lý làm việc tại Cơ khí và Robot Hoa Kỳ. Công việc của Tiến sĩ CalvinÃƒÂ ¢ Ã‚â‚¬Ã‚â là làm cho những con robot có vẻ giống con người hơn. Tiến sĩ Calvin đã làm việc cho Robot Hoa Kỳ phần lớn cuộc đời trưởng thành của mình và hiện đã ở tuổi n
CASE_0246,986316,mixed,2,7293313,0.5782,0.5782,0,vi,"Tiến sĩ Susan Calvin là một nhân vật hư cấu xuất hiện trong loạt truyện ngắn khoa học viễn tưởng về Robot của Isaac Asimov. Cô là bác sĩ tâm lý chính tại US Robots and Mechanical Men, Inc., được coi là nhà sản xuất robot lớn trong thế kỷ 21. Cô là nhân vật chính trong nhiều truyện ngắn của Asimov li"
CASE_0246,986316,mixed,3,7293305,0.5718,0.5718,0,vi,Tiến sĩ Susan Calvin. Tiến sĩ Susan Calvin là một bác sĩ tâm lý học làm việc tại Cơ khí và Robot Hoa Kỳ. Công việc của Tiến sĩ CalvinÃƒÂ ¢ Ã‚â‚¬Ã‚â là làm cho những con robot có vẻ giống con người hơn. Tiến sĩ Calvin đã làm việc cho Robot Hoa Kỳ phần lớn cuộc đời trưởng thành của mình và hiện đã ở t
CASE_0246,986316,mixed,4,7293312,0.5698,0.5698,1,vi,"Trong I, Robot, của Isaac Asimov, Tiến sĩ Susan Calvin, nhân vật chính, tiết lộ nhiều điều về bản thân cô cho người đọc, và làm cho cuốn sách trở nên như thế nào. Nhiều lần trong cuốn tiểu thuyết, Tiến sĩ Calvin thể hiện trí thông minh đáng kinh ngạc trong những tình huống khó khăn. Khi phân tích ro"
CASE_0246,986316,mixed,5,3492452,0.5645,0.5645,0,vi,"Carol Ann Susi (ngày 2 tháng 2 năm 1952 ÃƒÂ ¢ Ã‚â‚¬Ã‚â € œ ngày 11 tháng 11 năm 2014) là một nữ diễn viên người Mỹ. Các bộ phim và truyền hình khác bao gồm: Coyote Ugly, Just Go with It, Becker, Grey's Anatomy, That '70s Show, Out of Practice, Cats & Dogs, Just Shoot Me, Married ... with Children, T"
CASE_0246,986316,mixed,6,3679652,0.5425,0.5425,0,vi,"Tôi đã nỗ lực không bao giờ 12 tháng 4 năm 1982, đó là một lý do khiến kate jackson, luôn được gắn thẻ là thiên thần thông minh, chấp nhận nó. Lucy kate jackson (sinh ngày 29 tháng 10 năm 1948) là một nữ diễn viên, đạo diễn và nhà sản xuất người Mỹ, được biết đến với vai diễn sabrina duncan trên tru"
CASE_0246,986316,mixed,7,3045202,0.5386,0.5386,0,vi,"Susan Vanita Diol (sinh ngày 25 tháng 5 năm 1962) xuất hiện với vai Beth Calavicci, người vợ đầu tiên của Al Calavicci trong 2 tập phim của Quantum Leap. Susan là một nữ diễn viên đóng vai phụ trong hơn 40 phim truyền hình, bao gồm Star Trek: The Next Generation, NCIS và CSI: Crime Scene Survey."
CASE_0246,986316,mixed,8,2448499,0.5342,0.5342,0,vi,Carol Ann Susi (ngày 2 tháng 2 năm 1952 ÃƒÂ ¢ Ã‚â‚¬Ã‚â € œ ngày 11 tháng 11 năm 2014) là một nữ diễn viên người Mỹ. Cô được biết đến với vai trò lồng tiếng cho nhân vật bà Wolowitz chưa từng được biết đến trong loạt phim truyền hình The Big Bang Theory. [3] [4] [5]
CASE_0246,986316,mixed,9,8224931,0.5328,0.5328,0,vi,Sarah Thompson Kane (sinh ngày 25 tháng 10 năm 1979) là một nữ diễn viên người Mỹ [1] được biết đến với vai Eve trong Angel (2003ÃƒÂ ¢ Ã‚â‚¬Ã‚â € œ2004) và Rose in 7th Heaven (2005ÃƒÂ ¢ Ã ‚ â'¬Ã‚â € œ2006).
CASE_0246,986316,mixed,10,2342572,0.5304,0.5304,0,vi,"Susan Walters (sinh ngày 28 tháng 9 năm 1963) là một nữ diễn viên và cựu người mẫu người Mỹ, người đã đóng vai Carol Lockwood trong The Vampire Diaries. Cô được biết đến với vai diễn Diane Jenkins Newman trong vở opera xà phòng CBS, The Young and the Restless, từ năm 2001 đến năm 2004. Walters cũng"
CASE_0246,992365,endpoint,1,3412371,0.548,0.548,0,vi,"Charles Goodnight: Người phát minh ra xe tải chở đồ ăn. Người chăn nuôi và nhà phát minh Charles Goodnight sinh ngày 5 tháng 3 tại Texas. Để tri ân người đàn ông có thể là một cá nhân chịu trách nhiệm cao nhất cho ngành công nghiệp xe tải thực phẩm mà chúng tôi có ngày hôm nay, chúng tôi đã tổng hợp"
CASE_0246,992365,endpoint,2,6797213,0.5324,0.5324,0,vi,Mục đích của nhân viên khuân vác là mang hành lý cho khách du lịch.
CASE_0246,992365,endpoint,3,7230237,0.5222,0.5222,0,vi,Định nghĩa người khuân vác: một người đóng ở cửa hoặc cổng để tiếp nhận hoặc hỗ trợ những người vào một người đóng ở cửa hoặc cổng để tiếp nhận hoặc hỗ trợ những người vàoÃƒÂ ¢ Ã‚â‚¬Ã‚Â¦ Xem định nghĩa đầy đủ
CASE_0246,992365,endpoint,4,7230230,0.5186,0.5186,0,vi,"Định nghĩa của 'porter'. người khuân vác. Nhân viên khuân vác là người có công việc phụ trách lối vào của một tòa nhà như khách sạn. Nhân viên khuân vác là người có công việc là mang đồ đạc, ví dụ như hành lý của mọi người tại nhà ga hoặc trong khách sạn. Nhân viên khuân vác trên tàu hỏa là người có"
CASE_0246,992365,endpoint,5,3412374,0.5105,0.5105,0,vi,"Người chăn nuôi và nhà phát minh Charles Goodnight sinh ngày 5 tháng 3 tại Texas. Để tri ân người đàn ông có thể là một cá nhân chịu trách nhiệm cao nhất cho ngành công nghiệp xe tải thực phẩm mà chúng tôi có ngày hôm nay, chúng tôi đã tổng hợp một tiểu sử ngắn cho bạn."
CASE_0246,992365,endpoint,6,3720540,0.5082,0.5082,0,vi,"Những người khuân vác làm tất cả mọi thứ để giữ cho doanh nghiệp hoạt động sạch sẽ và suôn sẻ. Tương tự như người trông coi và người vệ sinh, người khuân vác làm việc để đảm bảo rằng tất cả các loại tòa nhà đều gọn gàng, sạch sẽ, không lộn xộn và an toàn. Những người trông coi dành cả ngày để nhặt r"
CASE_0246,992365,endpoint,7,3646873,0.5032,0.5032,0,vi,"Ai là người phát minh ra giỏ hàng? Xe đẩy hàng được phát minh vào giữa những năm 1930 bởi Sylvan N. Goldman (1898-1984). Goldman điều hành một chuỗi cửa hàng tạp hóa tên là Humpty Dumpty, và ông quan sát thấy những người mua sắm phải vật lộn với những chiếc giỏ mua hàng ÃƒÂ ¢ Ã‚â‚¬Ã‚Å “hand carryÃƒÂ"
CASE_0246,992365,endpoint,8,3646878,0.499,0.499,0,vi,"Sylvan N. Goldman, 86 tuổi, qua đời; Người phát minh ra Giỏ hàng. OKLAHOMA CITY, ngày 26 tháng 11 Sylvan N. Goldman, người phát minh ra xe đẩy hàng và là một nhà từ thiện nhiều triệu phú, đã qua đời tại nhà riêng vào Chủ nhật vừa qua. Ông thọ 86 tuổi. Cái chết của ông sau một tuần cái chết của người"
CASE_0246,992365,endpoint,9,6797208,0.4984,0.4984,0,vi,"Một người khuân vác tại sân bay, chẳng hạn như Heathrow, là một cá nhân xử lý hành lý và các vật dụng khác. Những người khuân vác thường xử lý hoặc mang hành lý cho khách du lịch. Do đó, một người phục vụ tại Heathrow có thể được đặt trước nếu anh ta đang hỗ trợ một khách du lịch khác với hành lý củ"
CASE_0246,992365,endpoint,10,1631988,0.4969,0.4969,0,vi,"Cyrus McCormick, tranh khắc của George Smillie. Thư viện của Quốc hội. Cyrus McCormick (1809-1884) là một nhà công nghiệp người Chicago, người vào năm 1831 đã phát minh ra chiếc máy gặt cơ khí thành công về mặt thương mại đầu tiên, một chiếc máy kéo ngựa để thu hoạch lúa mì. Trong khi đó, Cyrus McCo"
CASE_0246,992365,mixed,1,7280063,0.5276,0.5276,0,vi,"Erik Torstensson sinh ra ở Thụy Điển là đồng sáng lập của Saturday Group, một công ty tiếp thị thời trang đa phương tiện. Cặp đôi gặp nhau khi công ty của anh chịu trách nhiệm về chiến lược thiết kế và xây dựng thương hiệu cho Mr Porter - trang web chuyên về nam giới của Net-a-Porter - thậm chí còn"
CASE_0246,992365,mixed,2,7280069,0.527,0.527,0,vi,"Công ty mẹ của Net-A-Porter, Richemont, nhận được 50% tổng số cổ phần hiện có, tuy nhiên quyền biểu quyết của họ bị giới hạn ở mức 25%, giúp Yoox có khả năng điều hành công ty. Người sáng lập Yoox, Marchetti, trở thành CEO của tập đoàn và người sáng lập Net-a-Porter, Natalie Massenet, đã rời công ty"
CASE_0246,992365,mixed,3,502170,0.5243,0.5243,0,vi,"Andrew Carnegie (họ phát âm IPA: / kÃƒâ € ° Ã‚â € ˜rÃƒâ € ¹Ã‚Ë † nÃƒâ € ° Ã‚â € ºgi, Ãƒâ € ¹Ã‚Ë † kÃƒâ € ° Ã‚â € ˜rnÃƒâ € ° Ã ‚Â„ ¢ gi /) [1] (ngày 25 tháng 11 năm 1835 ÃƒÂ ¢ Ã‚â‚¬Ã‚â € œ ngày 11 tháng 8 năm 1919) là một nhà công nghiệp, doanh nhân người Scotland, một nhà từ thiện lớn và là người sá"
CASE_0246,992365,mixed,4,7280067,0.5212,0.5212,1,vi,"Người sáng lập Multimillionaire Net-a-Porter Dame Natalie Massenet, 52 tuổi, chào đón con trai đầu lòng với người bạn đời, 38 tuổi - nhờ 'sự giúp đỡ hào phóng nhất' của một doanh nhân thời trang sinh ra ở LA thông báo đã sinh con trai đầu lòng trên Instagram; Jet Everest là đứa con đầu lòng với đối"
CASE_0246,992365,mixed,5,8065331,0.521,0.521,0,vi,"Ruth Rogan Benerito (ngày 12 tháng 1 năm 1916 ÃƒÂ ¢ Ã‚â‚¬Ã‚â € œ ngày 5 tháng 10 năm 2013) [1] là một nhà hóa học và nhà phát minh người Mỹ được biết đến với công việc liên quan đến ngành dệt may, đặc biệt là bao gồm sự phát triển của giặt. -và vải bông."
CASE_0246,992365,mixed,6,4291475,0.5209,0.5209,0,vi,"Sinh ra tự do vào ngày 17 tháng 3 năm 1806, trên một đồn điền ở New Orleans cho Vincent Rillieux, một kỹ sư thịnh vượng và nhà phát minh ra máy đóng kiện bông vận hành bằng hơi nước, và người vợ rối ren, Constance Vivant, Norbert đã được rửa tội tại Nhà thờ St. Louis ở Khu phố Latinh ."
CASE_0246,992365,mixed,7,5190385,0.5195,0.5195,0,vi,"Đối với những người khác có tên Ted Turner, hãy xem Ted Turner (định hướng). Robert Edward Ted Turner III (sinh ngày 19 tháng 11 năm 1938) là một ông trùm truyền thông và nhà từ thiện người Mỹ. Là một doanh nhân, ông được biết đến là người sáng lập Cable News Network (CNN), kênh tin tức cáp 24 giờ đ"
CASE_0246,992365,mixed,8,7274424,0.5194,0.5194,0,vi,"Casey Owen Neistat (/ Ãƒâ € ¹Ã‚Ë † keÃƒâ € ° Ã‚Âªsi Ãƒâ € ¹Ã‚Ë † naÃƒâ € ° Ã‚ÂªstÃƒÆ'Ã‚Â¦t /; [3] sinh ngày 25 tháng 3 năm 1981) [4] là một nhân vật YouTube người Mỹ, nhà làm phim, vlogger và người đồng sáng lập công ty đa phương tiện Beme. [5]"
CASE_0246,992365,mixed,9,2423865,0.5178,0.5178,0,vi,"Elon Musk. Elon Musk (/ Ãƒâ € ¹Ã‚Ë † iÃƒâ € ¹Ã ‚lÃƒâ € ° Ã‚â € ™ n Ãƒâ € ¹Ã‚Ë † mÃƒÅ Ã‚Å'sk /; sinh ra là Elon Reeve Musk vào ngày 28 tháng 6 năm 1971) là một Ông trùm kinh doanh, nhà đầu tư, kỹ sư và nhà phát minh người Mỹ gốc Nam Phi sinh ra ở Nam Phi. Musk là người sáng lập, CEO và CTO của SpaceX"
CASE_0246,992365,mixed,10,8663773,0.5176,0.5176,0,vi,"Được phép của Thư viện Quốc hội (LC-USZ62-97538). Randolph, Asa Philip (15 tháng 4, 1889-16 tháng 5 năm 1979), người sáng lập Brotherhood of Sleeping Car Porters và nhà lãnh đạo dân quyền, sinh ra ở Crescent City, Florida, là con trai của James William Randolph, một nhà truyền giáo Giám lý gốc Phi l"
CASE_0246,1081595,endpoint,1,7324216,0.7024,0.7024,0,vi,"Ở hầu hết các quốc gia, thuốc trừ sâu phải được cơ quan chính phủ cho phép bán và sử dụng. Tại Hoa Kỳ, Cơ quan Bảo vệ Môi trường (EPA) chịu trách nhiệm điều chỉnh thuốc trừ sâu theo Đạo luật Thuốc trừ sâu, Thuốc diệt nấm và Thuốc diệt chuột của Liên bang (FIFRA) và Đạo luật Bảo vệ Chất lượng Thực ph"
CASE_0246,1081595,endpoint,2,5587979,0.6806,0.6806,0,vi,"Cơ quan pháp lý và kỹ thuật khác về cách EPA điều chỉnh thuốc trừ sâu ở Hoa Kỳ được tìm thấy trong các quy định thực hiện FIFRAÃƒÂ ¢ Ã‚â‚¬Ã‚â tại Tiêu đề 40 của Bộ luật Quy định Liên bang (40 CFR) Phần 150-189. Các phần này của 40 CFR chi phối việc bán, phân phối và sử dụng thuốc trừ sâu."
CASE_0246,1081595,endpoint,3,7148080,0.676,0.676,0,vi,Luật Thuốc trừ sâu Liên bang. Chính phủ Hoa Kỳ chủ yếu thông qua Cơ quan Bảo vệ Môi trường (EPA) đã thiết lập các tiêu chuẩn về xử lý và sử dụng thuốc trừ sâu. Một số thực hành đã được đề xuất để sử dụng thích hợp trong quá khứ hiện nay được yêu cầu bởi luật pháp.
CASE_0246,1081595,endpoint,4,1660683,0.6659,0.6659,0,vi,"Cơ quan Bảo vệ Môi trường (EPA) điều chỉnh nhiều khía cạnh của thuốc trừ sâu. EPA đặt ra các giới hạn về lượng thuốc trừ sâu có thể được sử dụng trên thực phẩm trong quá trình trồng trọt và chế biến, và lượng thuốc trừ sâu có thể còn lại trên thực phẩm bạn mua. Các thắc mắc của công chúng về EPA nên"
CASE_0246,1081595,endpoint,5,7324219,0.6621,0.6621,0,vi,"Tại Hoa Kỳ, EPA quy định cả việc nhập khẩu và xuất khẩu thuốc trừ sâu theo FIFRA (Mục 17). Tuy nhiên, FIFRA đã bị chỉ trích vì ủy quyền cho EPA điều chỉnh toàn diện việc sử dụng thuốc bảo vệ thực vật trong nước trong khi bỏ qua các quy định về xuất khẩu thuốc trừ sâu. yếu tố quan trọng trong việc đi"
CASE_0246,1081595,endpoint,6,262134,0.6595,0.6595,0,vi,Luật & Quy định. Tiêu chuẩn chứng nhận sửa đổi cho người áp dụng thuốc bảo vệ thực vật EPA đã hoàn thiện các tiêu chuẩn mạnh mẽ hơn cho những người áp dụng thuốc trừ sâu sử dụng hạn chế (RUP). Tìm hiểu thêm về quy định mới và đọc các câu hỏi thường gặp. Đọc văn bản chính thức của quy định cuối cùng.
CASE_0246,1081595,endpoint,7,1660685,0.6506,0.6506,0,vi,Vai trò của FDAÃƒÂ ¢ Ã‚â‚¬Ã‚â là đảm bảo rằng dư lượng hóa chất trừ sâu trên hoặc trong thực phẩm trong nước và nhập khẩu không vượt quá giới hạn do Cơ quan Bảo vệ Môi trường Hoa Kỳ (EPA) thiết lập. Vai trò của Cơ quan Bảo vệ Môi trường Hoa Kỳ (EPA) trong việc điều chỉnh thuốc trừ sâu nói chung và g
CASE_0246,1081595,endpoint,8,7586794,0.6478,0.6478,0,vi,"Đạo luật Bảo vệ Chất lượng Thực phẩm. đã chuẩn hóa cách thức (EPA) quản lý việc sử dụng thuốc trừ sâu và sửa đổi Đạo luật Thuốc trừ sâu, Thuốc diệt nấm và Thuốc diệt chuột của Liên bang cũng như Đạo luật Mỹ phẩm và Thuốc Thực phẩm Liên bang."
CASE_0246,1081595,endpoint,9,7324215,0.6476,0.6476,0,vi,"Thuốc trừ sâu-Hoa Kỳ. Quy định về thuốc trừ sâu. Được sản xuất và sử dụng rộng rãi tại Hoa Kỳ, thuốc trừ sâu được Văn phòng Chương trình Thuốc trừ sâu (OPP) thuộc Cơ quan Bảo vệ Môi trường Hoa Kỳ (EPA) cũng như 50 bang và vùng lãnh thổ của Hoa Kỳ quản lý. và luật thuốc trừ sâu của tiểu bang, một số"
CASE_0246,1081595,endpoint,10,1584314,0.6445,0.6445,0,vi,"Cơ quan Bảo vệ Môi trường Hoa Kỳ (EPA) EPA thông qua quy trình đăng ký quy định việc bán, phân phối và sử dụng thuốc trừ sâu nhằm bảo vệ sức khỏe và môi trường, bất kể thuốc trừ sâu được tạo ra như thế nào hoặc phương thức hoạt động của nó."
CASE_0246,1081595,mixed,1,7324216,0.6947,0.6947,0,vi,"Ở hầu hết các quốc gia, thuốc trừ sâu phải được cơ quan chính phủ cho phép bán và sử dụng. Tại Hoa Kỳ, Cơ quan Bảo vệ Môi trường (EPA) chịu trách nhiệm điều chỉnh thuốc trừ sâu theo Đạo luật Thuốc trừ sâu, Thuốc diệt nấm và Thuốc diệt chuột của Liên bang (FIFRA) và Đạo luật Bảo vệ Chất lượng Thực ph"
CASE_0246,1081595,mixed,2,5587979,0.6491,0.6491,0,vi,"Cơ quan pháp lý và kỹ thuật khác về cách EPA điều chỉnh thuốc trừ sâu ở Hoa Kỳ được tìm thấy trong các quy định thực hiện FIFRAÃƒÂ ¢ Ã‚â‚¬Ã‚â tại Tiêu đề 40 của Bộ luật Quy định Liên bang (40 CFR) Phần 150-189. Các phần này của 40 CFR chi phối việc bán, phân phối và sử dụng thuốc trừ sâu."
CASE_0246,1081595,mixed,3,1660683,0.6476,0.6476,0,vi,"Cơ quan Bảo vệ Môi trường (EPA) điều chỉnh nhiều khía cạnh của thuốc trừ sâu. EPA đặt ra các giới hạn về lượng thuốc trừ sâu có thể được sử dụng trên thực phẩm trong quá trình trồng trọt và chế biến, và lượng thuốc trừ sâu có thể còn lại trên thực phẩm bạn mua. Các thắc mắc của công chúng về EPA nên"
CASE_0246,1081595,mixed,4,7148080,0.6467,0.6467,0,vi,Luật Thuốc trừ sâu Liên bang. Chính phủ Hoa Kỳ chủ yếu thông qua Cơ quan Bảo vệ Môi trường (EPA) đã thiết lập các tiêu chuẩn về xử lý và sử dụng thuốc trừ sâu. Một số thực hành đã được đề xuất để sử dụng thích hợp trong quá khứ hiện nay được yêu cầu bởi luật pháp.
CASE_0246,1081595,mixed,5,7148073,0.6436,0.6436,1,vi,Người nộp đơn có trách nhiệm biết và tuân thủ các luật và quy định của liên bang cũng như các yêu cầu cụ thể ở mỗi tiểu bang mà họ có thể đang làm việc. Quốc hội Hoa Kỳ đã thành lập Cơ quan Bảo vệ Môi trường (EPA) vào năm 1970 và đã yêu cầu cơ quan này điều chỉnh thuốc bảo vệ thực vật. Bộ Nông nghiệ
CASE_0246,1081595,mixed,6,8628552,0.6435,0.6435,0,vi,Đạo luật kiểm soát các chất độc hại. Một đạo luật liên bang được ban hành vào năm 1976 yêu cầu các nhà sản xuất và chế biến phải thử nghiệm các hóa chất mới để xác định ảnh hưởng của chúng đối với sức khỏe con người và môi trường trước khi EPA cho phép đưa chúng ra thị trường. Một đạo luật liên bang
CASE_0246,1081595,mixed,7,7324219,0.642,0.642,0,vi,"Tại Hoa Kỳ, EPA quy định cả việc nhập khẩu và xuất khẩu thuốc trừ sâu theo FIFRA (Mục 17). Tuy nhiên, FIFRA đã bị chỉ trích vì ủy quyền cho EPA điều chỉnh toàn diện việc sử dụng thuốc bảo vệ thực vật trong nước trong khi bỏ qua các quy định về xuất khẩu thuốc trừ sâu. yếu tố quan trọng trong việc đi"
CASE_0246,1081595,mixed,8,1660685,0.6391,0.6391,0,vi,Vai trò của FDAÃƒÂ ¢ Ã‚â‚¬Ã‚â là đảm bảo rằng dư lượng hóa chất trừ sâu trên hoặc trong thực phẩm trong nước và nhập khẩu không vượt quá giới hạn do Cơ quan Bảo vệ Môi trường Hoa Kỳ (EPA) thiết lập. Vai trò của Cơ quan Bảo vệ Môi trường Hoa Kỳ (EPA) trong việc điều chỉnh thuốc trừ sâu nói chung và g
CASE_0246,1081595,mixed,9,7586794,0.6365,0.6365,0,vi,"Đạo luật Bảo vệ Chất lượng Thực phẩm. đã chuẩn hóa cách thức (EPA) quản lý việc sử dụng thuốc trừ sâu và sửa đổi Đạo luật Thuốc trừ sâu, Thuốc diệt nấm và Thuốc diệt chuột của Liên bang cũng như Đạo luật Mỹ phẩm và Thuốc Thực phẩm Liên bang."
CASE_0246,1081595,mixed,10,1584314,0.6343,0.6343,0,vi,"Cơ quan Bảo vệ Môi trường Hoa Kỳ (EPA) EPA thông qua quy trình đăng ký quy định việc bán, phân phối và sử dụng thuốc trừ sâu nhằm bảo vệ sức khỏe và môi trường, bất kể thuốc trừ sâu được tạo ra như thế nào hoặc phương thức hoạt động của nó."
CASE_0246,1094469,endpoint,1,7667890,0.6195,0.6195,0,vi,"Sidamo là một tỉnh ở phía nam của Ethiopia, với thủ phủ là Irgalem, và sau năm 1978 tại Awasa. Nó được đặt tên theo một nhóm dân tộc bản địa ở Ethiopia, được gọi là Sidama, những người sống ở miền trung nam của đất nước. Nhà nước chính trị lớn của họ là Vương quốc Sidama cổ đại. Theo cách phân chia"
CASE_0246,1094469,endpoint,2,7667883,0.6051,0.6051,0,vi,"Tỉnh Sidamo. Sidamo là một tỉnh ở phía nam của Ethiopia, với thủ phủ là Irgalem, và sau năm 1978 tại Awasa. Nó được đặt tên theo một nhóm dân tộc bản địa ở Ethiopia, được gọi là Sidama, những người sống ở miền trung nam của đất nước."
CASE_0246,1094469,endpoint,3,7667889,0.5411,0.5411,0,vi,"Kể từ khi Hiến pháp năm 1995 của Ethiopia được thông qua, Sidamo đã được phân chia giữa các Khu vực Nhân dân phía Nam, nơi lấy thủ đô của nó; phần còn lại đóng góp cho khu vực Oromia lớn hơn, trung tâm hơn và cho Khu vực Somali với một tỷ lệ rất nhỏ."
CASE_0246,1094469,endpoint,4,3798033,0.5246,0.5246,0,vi,"Somaliland nằm ở tây bắc Somalia, trên bờ biển phía nam của Vịnh Aden. Nó giáp với vùng tự trị Puntland của Somalia về phía đông, Djibouti về phía tây bắc, và Ethiopia về phía nam và tây."
CASE_0246,1094469,endpoint,5,2362437,0.5152,0.5152,0,vi,"Ultimo là một vùng ngoại ô nội thành của Sydney, New South Wales, Úc. Ultimo nằm cách khu thương mại trung tâm Sydney 2 km về phía tây nam trong khu vực chính quyền địa phương của Thành phố Sydney .roadway là một địa phương xung quanh con đường cùng tên, nằm trên biên giới của Ultimo, Chippendale và"
CASE_0246,1094469,endpoint,6,7412371,0.5124,0.5124,0,vi,"Wabasso là một thị trấn nhỏ với khoảng 650 dân nằm ở Tây Nam Minnesota ngay giữa Quận Redwood. Chúng tôi cách Sioux Falls, South Dakota khoảng 92 dặm NE và 105 dặm W của Minneapolis, Minnesota."
CASE_0246,1094469,endpoint,7,2293834,0.5069,0.5069,0,vi,"Vị trí và Địa lý. Somalia nằm ở rìa ngoài của Bán đảo Somali, còn được gọi là Sừng châu Phi, trên bờ biển Đông Phi. Phía bắc giáp Vịnh Aden, phía đông giáp Ấn Độ Dương, phía tây nam giáp Kenya, phía tây và tây bắc giáp Ethiopia và Djibouti."
CASE_0246,1094469,endpoint,8,5453845,0.5067,0.5067,0,vi,"Somalia nằm trên vùng Sừng châu Phi, một bán đảo trên bờ biển phía đông của châu Phi, ngăn cách Vịnh Aden ở phía bắc và Ấn Độ Dương ở phía đông và nam. Nước này cũng có chung biên giới với Kenya, Ethiopia và Djibouti."
CASE_0246,1094469,endpoint,9,2362440,0.5062,0.5062,0,vi,"Ultimo. Ultimo là một vùng ngoại ô nội thành của Sydney, New South Wales, Úc. Ultimo nằm cách khu thương mại trung tâm Sydney 2 km về phía tây nam trong khu vực chính quyền địa phương của Thành phố Sydney .roadway là một địa phương xung quanh con đường cùng tên, nằm trên biên giới của Ultimo, Chippe"
CASE_0246,1094469,endpoint,10,345502,0.5016,0.5016,0,vi,"Westmead là một vùng ngoại ô của Sydney, thuộc bang New South Wales, Úc. Westmead cách 26 km (16 mi) về phía tây của khu thương mại trung tâm Sydney, trong các khu vực chính quyền địa phương của Thành phố Parramatta và Thành phố Holroyd; và là một phần của vùng Greater Western Sydney .estmead được b"
CASE_0246,1094469,mixed,1,7667890,0.6365,0.6365,0,vi,"Sidamo là một tỉnh ở phía nam của Ethiopia, với thủ phủ là Irgalem, và sau năm 1978 tại Awasa. Nó được đặt tên theo một nhóm dân tộc bản địa ở Ethiopia, được gọi là Sidama, những người sống ở miền trung nam của đất nước. Nhà nước chính trị lớn của họ là Vương quốc Sidama cổ đại. Theo cách phân chia"
CASE_0246,1094469,mixed,2,7667883,0.628,0.628,0,vi,"Tỉnh Sidamo. Sidamo là một tỉnh ở phía nam của Ethiopia, với thủ phủ là Irgalem, và sau năm 1978 tại Awasa. Nó được đặt tên theo một nhóm dân tộc bản địa ở Ethiopia, được gọi là Sidama, những người sống ở miền trung nam của đất nước."
CASE_0246,1094469,mixed,3,7667889,0.5472,0.5472,0,vi,"Kể từ khi Hiến pháp năm 1995 của Ethiopia được thông qua, Sidamo đã được phân chia giữa các Khu vực Nhân dân phía Nam, nơi lấy thủ đô của nó; phần còn lại đóng góp cho khu vực Oromia lớn hơn, trung tâm hơn và cho Khu vực Somali với một tỷ lệ rất nhỏ."
CASE_0246,1094469,mixed,4,3798033,0.5163,0.5163,0,vi,"Somaliland nằm ở tây bắc Somalia, trên bờ biển phía nam của Vịnh Aden. Nó giáp với vùng tự trị Puntland của Somalia về phía đông, Djibouti về phía tây bắc, và Ethiopia về phía nam và tây."
CASE_0246,1094469,mixed,5,7667884,0.5092,0.5092,1,vi,"NGUỒN GỐC VÀ CÂY TRỒNG Vùng trồng Sidamo nằm ở phía nam của đất nước, rìa Cao nguyên Ethiopia. Tương tự như các vùng Ethiopia khác, cà phê được trồng trong các cơ cấu nông dân nhỏ. Một vùng cà phê nổi tiếng khác ở Ethiopia là Harar, một trong những vùng trồng cà phê cao nhất trên toàn thế giới. Ethi"
CASE_0246,1094469,mixed,6,2362437,0.5025,0.5025,0,vi,"Ultimo là một vùng ngoại ô nội thành của Sydney, New South Wales, Úc. Ultimo nằm cách khu thương mại trung tâm Sydney 2 km về phía tây nam trong khu vực chính quyền địa phương của Thành phố Sydney .roadway là một địa phương xung quanh con đường cùng tên, nằm trên biên giới của Ultimo, Chippendale và"
CASE_0246,1094469,mixed,7,7412371,0.498,0.498,0,vi,"Wabasso là một thị trấn nhỏ với khoảng 650 dân nằm ở Tây Nam Minnesota ngay giữa Quận Redwood. Chúng tôi cách Sioux Falls, South Dakota khoảng 92 dặm NE và 105 dặm W của Minneapolis, Minnesota."
CASE_0246,1094469,mixed,8,5453845,0.4952,0.4952,0,vi,"Somalia nằm trên vùng Sừng châu Phi, một bán đảo trên bờ biển phía đông của châu Phi, ngăn cách Vịnh Aden ở phía bắc và Ấn Độ Dương ở phía đông và nam. Nước này cũng có chung biên giới với Kenya, Ethiopia và Djibouti."
CASE_0246,1094469,mixed,9,2293834,0.4927,0.4927,0,vi,"Vị trí và Địa lý. Somalia nằm ở rìa ngoài của Bán đảo Somali, còn được gọi là Sừng châu Phi, trên bờ biển Đông Phi. Phía bắc giáp Vịnh Aden, phía đông giáp Ấn Độ Dương, phía tây nam giáp Kenya, phía tây và tây bắc giáp Ethiopia và Djibouti."
CASE_0246,1094469,mixed,10,7458322,0.4919,0.4919,0,vi,"Quận Inyo nằm ở phía đông-trung tâm California ở Tây Nam Hoa Kỳ, ở phía đông của dãy núi Sierra Nevada và phía nam của Vườn quốc gia Yosemite. Chào mừng đến với Sierra phương Đông."
CASE_0246,1100229,endpoint,1,5567817,0.6748,0.6748,0,vi,"Số điện thoại chính của Family Financial Credit Union là 231-733-4600. Văn phòng Dự trữ Liên bang được chỉ định cho Liên minh Tín dụng Tài chính Gia đình là Fed 071000301. Số Chuyển tuyến Định tuyến (RTN) của một ngân hàng là mã gồm 9 chữ số được sử dụng để xác định ngân hàng của bạn trên séc, tiền"
CASE_0246,1100229,endpoint,2,5598492,0.6659,0.6659,0,vi,Số Định tuyến của Liên minh Tín dụng Liên bang Hoa Kỳ United Family Of Cu's Federal Credit Union. Số định tuyến 324078640 là một số gồm 9 chữ số được Hiệp hội Ngân hàng Hoa Kỳ (ABA) thiết kế và gán cho Liên minh tín dụng liên bang Hoa Kỳ United Family Of Cu để xác định tổ chức tài chính nơi một khoả
CASE_0246,1100229,endpoint,3,3739214,0.661,0.661,0,vi,"Số Định tuyến cho Liên minh Tín dụng Liên minh Cộng đồng. 1 Số định tuyến cho Liên minh tín dụng Community Alliance là mã ngân hàng gồm 9 chữ số được sử dụng cho các giao dịch ngân hàng khác nhau như gửi tiền trực tiếp, thanh toán điện tử, chuyển khoản ngân hàng, đặt séc và nhiều hơn nữa. Số định tu"
CASE_0246,1100229,endpoint,4,5624560,0.6582,0.6582,0,vi,"Theo trang web của Ngân hàng Liên kết. số định tuyến cho Ngân hàng liên kết là 075900575. Trong hồ sơ của chúng tôi, Ngân hàng liên kết có tổng cộng 20 số định tuyến. Số định tuyến là một mã gồm chín chữ số, được sử dụng ở Hoa Kỳ để xác định tổ chức tài chính."
CASE_0246,1100229,endpoint,5,1011493,0.6551,0.6551,0,vi,thế hệ liên minh tín dụng liên bang GENERATIONS LIÊN BANG TÍN DỤNG ĐOÀN TÍN DỤNG Định tuyến Số tìm kiếm THẾ HỆ LIÊN BANG TÍN DỤNG LIÊN BANG ĐOÀN SỐ Định tuyến là một mã gồm chín chữ số được Hiệp hội Ngân hàng Hoa Kỳ (ABA) ấn định cho GENERATIONS LIÊN BANG TÍN DỤNG ĐOÀN KẾT. Nó xác định duy nhất tổ c
CASE_0246,1100229,endpoint,6,641915,0.655,0.655,0,vi,Số định tuyến của Liên minh Tín dụng Liên bang Cảnh sát và Phòng cháy là 236084285. Đây là số định tuyến của Liên minh tín dụng cho Liên minh Tín dụng Liên bang Cảnh sát và Phòng cháy có trụ sở tại Pennsylvania. Số định tuyến được sử dụng cho tất cả các tài khoản tại hiệp hội tín dụng cũng như séc v
CASE_0246,1100229,endpoint,7,851031,0.6545,0.6545,0,vi,"Quận Dade (13) Trung tâm Florida (12) Số Định tuyến của Liên minh Tín dụng. Số định tuyến là mã gồm 9 chữ số để xác định một tổ chức tài chính nhằm mục đích định tuyến séc (séc), chuyển tiền, gửi tiền trực tiếp, thanh toán điện tử, thanh toán trực tuyến và các khoản thanh toán khác đến đúng chi nhán"
CASE_0246,1100229,endpoint,8,4116417,0.6539,0.6539,0,vi,"(563) 388-8328. Có một số con số định tuyến cho Family Credit Union được báo cáo trong cơ sở dữ liệu ngân hàng của chúng tôi. Vui lòng gọi văn phòng chi nhánh của The Family Credit Union theo số (515) 465-5180 để có số định tuyến chính xác cho việc chuyển khoản ngân hàng của The Family Credit Union,"
CASE_0246,1100229,endpoint,9,2498524,0.6536,0.6536,0,vi,"Liên minh tín dụng nhân viên giáo dục ở California Số định tuyến, địa chỉ, mã Swift."
CASE_0246,1100229,endpoint,10,1368968,0.6533,0.6533,0,vi,"Liên minh tín dụng liên bang Hải quân (9) Qualstar (8) Số định tuyến của liên minh tín dụng. Số định tuyến là mã gồm 9 chữ số để xác định một tổ chức tài chính nhằm mục đích định tuyến séc (séc), chuyển tiền, gửi tiền trực tiếp, thanh toán điện tử, thanh toán trực tuyến và các khoản thanh toán khác"
CASE_0246,1100229,mixed,1,7179520,0.7333,0.7333,0,vi,"Family Security Credit Union Routing Number, Address, Swift Codes."
CASE_0246,1100229,mixed,2,4116417,0.6754,0.6754,0,vi,"(563) 388-8328. Có một số con số định tuyến cho Family Credit Union được báo cáo trong cơ sở dữ liệu ngân hàng của chúng tôi. Vui lòng gọi văn phòng chi nhánh của The Family Credit Union theo số (515) 465-5180 để có số định tuyến chính xác cho việc chuyển khoản ngân hàng của The Family Credit Union,"
CASE_0246,1100229,mixed,3,5567817,0.6733,0.6733,0,vi,"Số điện thoại chính của Family Financial Credit Union là 231-733-4600. Văn phòng Dự trữ Liên bang được chỉ định cho Liên minh Tín dụng Tài chính Gia đình là Fed 071000301. Số Chuyển tuyến Định tuyến (RTN) của một ngân hàng là mã gồm 9 chữ số được sử dụng để xác định ngân hàng của bạn trên séc, tiền"
CASE_0246,1100229,mixed,4,4116410,0.662,0.662,0,vi,"(563) 388-8328. Có một số con số định tuyến cho Family Credit Union được báo cáo trong cơ sở dữ liệu ngân hàng của chúng tôi. Vui lòng gọi văn phòng chi nhánh của The Family Credit Union theo số (309) 796-9600 để có số định tuyến chính xác cho việc chuyển khoản ngân hàng của The Family Credit Union,"
CASE_0246,1100229,mixed,5,7179518,0.659,0.659,1,vi,Vui lòng gọi cho đại diện của Family Security Credit Union theo số (256) 340-2025 để biết thêm thông tin. 1 Định tuyến Số: 262284279. 2 2204 NƠI AN NINH GIA ĐÌNH. 3 Số điện thoại: (256) 340-2025.
CASE_0246,1100229,mixed,6,4116409,0.6567,0.6567,0,vi,"Số định tuyến cho Family Credit Union. Số định tuyến cho Family Credit Union là một mã gồm 9 chữ số cần thiết để bắt đầu các Dịch vụ Đầu tiên chuyển tiếp tài chính khác nhau như gửi tiền trực tiếp, thanh toán điện tử, chuyển khoản ngân hàng, đặt séc và nhiều hơn nữa."
CASE_0246,1100229,mixed,7,5598492,0.6518,0.6518,0,vi,Số Định tuyến của Liên minh Tín dụng Liên bang Hoa Kỳ United Family Of Cu's Federal Credit Union. Số định tuyến 324078640 là một số gồm 9 chữ số được Hiệp hội Ngân hàng Hoa Kỳ (ABA) thiết kế và gán cho Liên minh tín dụng liên bang Hoa Kỳ United Family Of Cu để xác định tổ chức tài chính nơi một khoả
CASE_0246,1100229,mixed,8,2901317,0.6465,0.6465,0,vi,Có một số con số định tuyến cho Liên minh Tín dụng Tài nguyên Cộng đồng được báo cáo trong cơ sở dữ liệu ngân hàng của chúng tôi. Vui lòng gọi đến văn phòng chi nhánh của Community Resource Credit Union theo số (281) 422-3611 để nhận số định tuyến chính xác cho việc chuyển khoản ngân hàng của Commun
CASE_0246,1100229,mixed,9,5803647,0.6417,0.6417,0,vi,LIÊN HỆ ĐOÀN TÍN DỤNG LIÊN KẾT. Số điện thoại chính của Affinity Credit Union là 515-288-7225. Văn phòng dự trữ liên bang được chỉ định cho Liên minh tín dụng chung là Fed 071000301. Số chuyển tuyến định tuyến (RTN) của ngân hàng là một mã gồm 9 chữ số được sử dụng để xác định ngân hàng của bạn trên
CASE_0246,1100229,mixed,10,5598490,0.6406,0.6406,0,vi,"Vui lòng gọi cho văn phòng chi nhánh của American United Family Of Credit Un Credit Union theo số (801) 553-9926 để nhận số định tuyến chính xác cho chuyển khoản ngân hàng American United Family Of Credit Un Credit Union, sắp xếp lại séc hoặc thiết lập American United Family Of Credit Un Credit Unio"
CASE_0246,242103,endpoint,1,966211,0.8044,0.8044,0,vi,Bơ sẽ giữ được lâu trong tủ lạnh. Lên đến 6 tuần. Bạn cũng có thể đông lạnh sản phẩm này và nó sẽ giữ được hơn một năm. Xin chào - Tôi chỉ truy cập câu hỏi này vì tôi vừa mới thử một ít bơ mà tôi có trong tủ lạnh. Bây giờ là Chủ nhật ngày 14 tháng 6 năm 2009.
CASE_0246,242103,endpoint,2,429689,0.8037,0.8037,0,vi,"Nếu bạn đang lưu trữ bơ trên quầy, chúng tôi khuyên bạn nên giữ nó trong một hộp đậy kín để ngăn mùi và vi khuẩn. Bơ sẽ để được vài ngày ở nhiệt độ 65 độ F. 1 Một hộp chưa mở sẽ để được từ 1-3 tháng ở nhiệt độ 40 ° F trở xuống trong tủ lạnh, nhưng một số công ty đảm bảo sản phẩm của họ lên đến 6 thá"
CASE_0246,242103,endpoint,3,6540719,0.8014,0.8014,0,vi,Bơ sẽ giữ được lâu trong tủ lạnh. Lên đến 6 tuần. Bạn cũng có thể đông lạnh sản phẩm này và nó sẽ giữ được hơn một năm. Xin chào-Tôi chỉ truy cập vào câu hỏi này vì tôi vừa thử một ít bơ mà tôi có trong tủ lạnh. Bây giờ là Chủ nhật ngày 14 tháng 6 năm 2009.
CASE_0246,242103,endpoint,4,1197878,0.8011,0.8011,0,vi,Bơ có thể được bảo quản đến hai tuần ở nhiệt độ tủ lạnh (dưới 40 ° F). Nhiệt độ cao hơn gây ra các hương vị khác và mùi khó chịu phát triển. Không nên bảo quản bơ trong ngăn giữ bơ (đặt ở nhiệt độ ấm hơn) trên cửa tủ lạnh lâu hơn hai ngày.
CASE_0246,242103,endpoint,5,528839,0.7997,0.7997,0,vi,"Như với nhiều cuộc tranh luận về ẩm thực, không thực sự có câu trả lời khô khan. Theo USDA, bạn nên bảo quản bơ trong màng bọc thực phẩm trong tủ lạnh và chỉ để bơ từ 10 đến 15 phút trước khi sử dụng, nhưng một số đầu bếp sẽ sử dụng bơ sau khi để ngoài một tuần."
CASE_0246,242103,endpoint,6,3520747,0.7977,0.7977,0,vi,"Để tuân theo các hướng dẫn nghiêm ngặt về an toàn thực phẩm, bảo vệ bơ khỏi nhiệt, ánh sáng và không khí; bảo quản nó đến hai tuần trong tủ lạnh, dưới 40 độ. Nó cũng có thể được đông lạnh từ 6 đến 9 tháng."
CASE_0246,242103,endpoint,7,7324066,0.7965,0.7965,0,vi,"Trừ khi bạn cần làm mềm bơ ở nhiệt độ phòng hàng ngày, hãy giữ bơ trong tủ lạnh để kéo dài tuổi thọ. Bơ sẽ để được lâu nhất là 1 tháng sau ngày bán trên bao bì nếu được giữ trong tủ lạnh liên tục."
CASE_0246,242103,endpoint,8,120482,0.7937,0.7937,0,vi,"Nhà sản xuất bơ Land OÃƒÂ ¢ Ã‚â‚¬Ã‚â „¢ Lakes khuyên không nên bảo quản bơ trong ngăn giữ bơ trên cửa tủ lạnh, vì nhiệt độ ở đó có thể cao hơn những nơi khác trong tủ lạnh của bạn. Trong tủ lạnh thông thường, bơ sẽ giữ được lâu nhất là bốn tháng."
CASE_0246,242103,endpoint,9,6021556,0.7927,0.7927,0,vi,Bơ sẽ giữ được lâu trong tủ lạnh. Lên đến 6 tuần. Bạn cũng có thể đông lạnh sản phẩm này và nó sẽ giữ được hơn một năm. Xin chào-Tôi chỉ truy cập vào câu hỏi này vì tôi vừa thử một ít bơ mà tôi có trong tủ lạnh. Bây giờ là Chủ nhật ngày 14 tháng 6 năm 2009. Đó là bơ không ướp muối Tesco Value có ghi
CASE_0246,242103,endpoint,10,3402495,0.7925,0.7925,0,vi,bơ sẽ tồn tại trong vài ngày ở nhiệt độ 65 độ F trong khi hộp chưa mở sẽ để được 1 3 tháng ở nhiệt độ 40 độ F trở xuống trong tủ lạnh nhưng một số công ty đảm bảo sản phẩm của họ lên đến 6 tháng nếu để trong giấy nguyên bản mở một phần bọc vùng tiếp xúc của bơ dính sẽ bắt đầu cứng lại và có mùi hôi
CASE_0246,242103,mixed,1,528839,0.7815,0.7815,0,vi,"Như với nhiều cuộc tranh luận về ẩm thực, không thực sự có câu trả lời khô khan. Theo USDA, bạn nên bảo quản bơ trong màng bọc thực phẩm trong tủ lạnh và chỉ để bơ từ 10 đến 15 phút trước khi sử dụng, nhưng một số đầu bếp sẽ sử dụng bơ sau khi để ngoài một tuần."
CASE_0246,242103,mixed,2,429689,0.7787,0.7787,0,vi,"Nếu bạn đang lưu trữ bơ trên quầy, chúng tôi khuyên bạn nên giữ nó trong một hộp đậy kín để ngăn mùi và vi khuẩn. Bơ sẽ để được vài ngày ở nhiệt độ 65 độ F. 1 Một hộp chưa mở sẽ để được từ 1-3 tháng ở nhiệt độ 40 ° F trở xuống trong tủ lạnh, nhưng một số công ty đảm bảo sản phẩm của họ lên đến 6 thá"
CASE_0246,242103,mixed,3,1197878,0.7777,0.7777,0,vi,Bơ có thể được bảo quản đến hai tuần ở nhiệt độ tủ lạnh (dưới 40 ° F). Nhiệt độ cao hơn gây ra các hương vị khác và mùi khó chịu phát triển. Không nên bảo quản bơ trong ngăn giữ bơ (đặt ở nhiệt độ ấm hơn) trên cửa tủ lạnh lâu hơn hai ngày.
CASE_0246,242103,mixed,4,3357854,0.776,0.776,0,vi,"Bơ sẽ để được vài ngày ở nhiệt độ 65 độ F. 1 Một hộp chưa mở sẽ để được từ 1-3 tháng ở nhiệt độ 40 ° F trở xuống trong tủ lạnh, nhưng một số công ty đảm bảo sản phẩm của họ lên đến 6 tháng. Nếu được để trong bọc giấy ban đầu mở một phần, bơ dính ở khu vực tiếp xúc sẽ bắt đầu cứng lại và có mùi hôi s"
CASE_0246,242103,mixed,5,7499577,0.7757,0.7757,1,vi,"LƯU TRỮ THỰC PHẨM ÃƒÂ ¢ Ã‚â‚¬Ã‚â € BẠN CÓ THỂ GIỮ ĐƯỢC BAO LÂU ... BUTTER ÃƒÂ ¢ Ã‚â‚¬Ã‚â € GÓI CHƯA DÙNG HOẶC MỞ. 1 Bơ đã được giữ lạnh liên tục thường sẽ giữ được khoảng một tháng sau khi bán theo ngày ghi trên bao bì. Nếu bơ phát triển mùi, hương vị hoặc bề ngoài, thì nên loại bỏ bơ."
CASE_0246,242103,mixed,6,1074351,0.7746,0.7746,0,vi,"Bơ sẽ để được vài ngày ở nhiệt độ 65 độ F. Một hộp chưa mở sẽ để được từ 1-3 tháng ở nhiệt độ 40 ° F trở xuống trong tủ lạnh, nhưng một số công ty đảm bảo sản phẩm của họ lên đến 6 tháng."
CASE_0246,242103,mixed,7,29051,0.7733,0.7733,0,vi,Nhiều đầu bếp nói rằng họ sẽ không đụng đến bơ nếu nó đã ra khỏi tủ lạnh hơn một hoặc hai giờ; những người khác để nó trong tối đa một tuần. Chúng tôi nhận thấy rằng các hướng dẫn chính thức của USDA cho rằng bơ nên được bảo quản trong tủ lạnh và chỉ làm mềm từ mười đến mười lăm phút trước khi sử dụ
CASE_0246,242103,mixed,8,7838242,0.7726,0.7726,0,vi,"Chào Ranecia! (Tôi đã cập nhật tính năng tự động sửa lỗi của bạn;)) Bạn có thể giữ kem bơ trong 2 ngày ở nhiệt độ phòng, 10 ngày trong tủ lạnh đậy kín để tránh mùi khó chịu hoặc vài tháng trong tủ đông. I Ranecia! (Tôi đã cập nhật tính năng tự động sửa lỗi của bạn;)) Bạn có thể giữ kem bơ trong 2 ng"
CASE_0246,242103,mixed,9,3402495,0.7719,0.7719,0,vi,bơ sẽ tồn tại trong vài ngày ở nhiệt độ 65 độ F trong khi hộp chưa mở sẽ để được 1 3 tháng ở nhiệt độ 40 độ F trở xuống trong tủ lạnh nhưng một số công ty đảm bảo sản phẩm của họ lên đến 6 tháng nếu để trong giấy nguyên bản mở một phần bọc vùng tiếp xúc của bơ dính sẽ bắt đầu cứng lại và có mùi hôi
CASE_0246,242103,mixed,10,3273540,0.7706,0.7706,0,vi,"Bơ sẽ để được vài ngày ở nhiệt độ 65 độ F. 1 Một hộp chưa mở sẽ để được từ 1-3 tháng ở nhiệt độ 40 ° F trở xuống trong tủ lạnh, nhưng một số công ty đảm bảo sản phẩm của họ lên đến 6 tháng."
CASE_0246,556166,endpoint,1,7571473,0.635,0.635,0,vi,"Ruột tự nhiên là vật liệu truyền thống nhất được sử dụng cho bẫy và được làm từ ruột động vật. Sau những năm 1920 và 1930, việc sử dụng ruột bắt đầu không còn được ưa chuộng khi các tay trống chuyển sang âm thanh sáng hơn của dây bẫy cho các phong cách âm nhạc đại chúng hiện đại."
CASE_0246,556166,endpoint,2,5060411,0.6245,0.6245,0,vi,"Mỗi lần con mèo đưa thức ăn, con chó lại nói một cách ghê tởm điều gì ?! không có nước thịt ?. Sau một thời gian, anh ta nảy ra một trò lừa đảo thậm chí còn lớn hơn khi anh ta cho con mèo vào một cái giỏ với một sợi dây buộc con mèo và một cửa bẫy ở dưới cùng của cái giỏ."
CASE_0246,556166,endpoint,3,2711645,0.6204,0.6204,0,vi,"Bẫy nhân đạo có cơ chế hành trình mà khi được kích hoạt bởi một con mèo (hoặc động vật nhỏ khác), sẽ đóng cửa lại và chứa một con mèo bên trong. Chúng tôi thực sự giới thiệu loại bẫy nhân đạo mang thương hiệu Tru-Catch (bẫy màu nâu được hiển thị ở bên phải ÃƒÂ ¢ Ã‚â‚¬Ã‚â € œ có kích thước ÃƒÂ ¢ Ã‚â‚"
CASE_0246,556166,endpoint,4,2711649,0.6173,0.6173,0,vi,"Sử dụng Bẫy thả: Nếu mèo đã bị mắc bẫy trước đó, hoặc đã nhìn thấy những con mèo khác bị mắc kẹt và sẽ không đến gần bẫy thông thường, hãy thử Bẫy thả. Sử dụng ÃƒÂ ¢ Ã‚â‚¬Ã‚Å “Kéo gậyÃƒÂ ¢ Ã‚â‚¬Ã‚: Lấy một chiếc gậy bằng chiều cao của cửa bẫy và buộc một sợi dây dài vào nó. Thay vào đó, hãy dùng nó"
CASE_0246,556166,endpoint,5,2711644,0.6161,0.6161,0,vi,Cửa được giữ mở bằng một cây gậy an toàn. Bẫy được gắn chặt vào thùng bằng các lò xo có thể tháo rời này ở cả hai bên. Con mèo có thể đi tự do từ bẫy sang thùng và ngược lại. Bạn luôn đặt thức ăn và nước uống ở cuối cái bẫy cho con mèo. Thiết lập này quá ngổn ngang đến nỗi tôi thực sự gọi nó là Phòn
CASE_0246,556166,endpoint,6,5784637,0.6069,0.6069,0,vi,"Được cho là những chú chó mặt đất rất thích nhãn hiệu kẹo cao su bong bóng đặc biệt này, nhưng một khi chúng ăn nó, nó sẽ ngấm vào bên trong của chúng và cuối cùng giết chết chúng. Chà, chúng tôi đã thử phương pháp chữa bệnh cho con chó đất này và thứ gì đó đã làm tôi thích thú khi kẹo cao su không"
CASE_0246,556166,endpoint,7,6637522,0.6058,0.6058,0,vi,"Tôi bẫy mẹ theo cách thông thường, đặt tấm kiềng, nhưng với mèo con, tôi chuyển sang kỹ thuật đeo chai và xâu chuỗi như trong ảnh 1. Bằng cách này, tôi có thể chắc chắn mèo con thứ hai hoặc thứ ba không cản cửa. hoặc bị bắt khi cửa đi xuống."
CASE_0246,556166,endpoint,8,422145,0.6015,0.6015,0,vi,"Mồi của BobÃƒÂ ¢ Ã‚â‚¬Ã‚â „được làm bằng pho mát, đuôi mèo, ruột gà xay và máu. Mặc dù bản chất có thể lộn xộn của nội dung, nó được cho là không để lại sự lộn xộn trên tay, tàu thuyền hoặc quần áo. Những người câu cá được hướng dẫn sử dụng một chiếc gậy để đục một chiếc móc câu ba ba vào hộp đựng m"
CASE_0246,556166,endpoint,9,2921157,0.594,0.594,0,vi,"Kitty Litter làm bằng gì? Trước năm 1950, phân mèo chủ yếu bao gồm cát, bụi bẩn hoặc tro. Ổ mèo hiện đại đầu tiên được tạo ra khi một người hàng xóm của doanh nhân Edward Lowe yêu cầu anh ta cho cát cho hộp cát của cô ấy. Ông Lowe, người kinh doanh tạo ra chất hấp thụ, đã thuyết phục bạn mình sử dụn"
CASE_0246,556166,endpoint,10,7571475,0.5932,0.5932,0,vi,"Dây ốc sên ngày trước không giống như bây giờ. Từ những ngày đầu xây dựng trống Mỹ, vật liệu được lựa chọn là ruột tự nhiên. Catgut, gọi tắt là ruột, được làm từ ruột của động vật như cừu hoặc dê. Không, nó không thực sự được làm từ mèo!"
CASE_0246,556166,mixed,1,7571475,0.6323,0.6323,0,vi,"Dây ốc sên ngày trước không giống như bây giờ. Từ những ngày đầu xây dựng trống Mỹ, vật liệu được lựa chọn là ruột tự nhiên. Catgut, gọi tắt là ruột, được làm từ ruột của động vật như cừu hoặc dê. Không, nó không thực sự được làm từ mèo!"
CASE_0246,556166,mixed,2,7031855,0.6287,0.6287,0,vi,"Catgut là một loại dây được chế biến từ chất xơ tự nhiên có trong thành ruột động vật. Các nhà sản xuất dây quấn thường sử dụng ruột cừu hoặc dê, nhưng đôi khi sử dụng ruột của gia súc, heo, ngựa, la hoặc lừa. , các nhà sản xuất catgut không sử dụng ruột mèo. Các nhà sản xuất catgut thường sử dụng r"
CASE_0246,556166,mixed,3,588902,0.6137,0.6137,0,vi,"Cát vệ sinh cho mèo Kitty được làm từ đất sét hoặc bentonit có tính phóng xạ nhẹ. Phân mèo có đủ chất phóng xạ để chúng có thể thiết lập cảnh báo bức xạ tại các trạm kiểm soát biên giới quốc tế. Trên thực tế, bạn không cần phải lo lắng về tất cả chất độn chuồng cho mèo - chỉ những thứ được làm từ đấ"
CASE_0246,556166,mixed,4,588906,0.6134,0.6134,0,vi,"Cát vệ sinh cho mèo Kitty được làm từ đất sét hoặc bentonit có tính phóng xạ nhẹ. GK Hart / Vikki Hart, Getty Images Chất thải của mèo đủ phóng xạ để nó có thể thiết lập cảnh báo bức xạ tại các trạm kiểm soát biên giới quốc tế. Trên thực tế, không phải tất cả chất độn cho mèo mà bạn cần phải lo lắng"
CASE_0246,556166,mixed,5,5468582,0.6125,0.6125,1,vi,"Một đoạn dây đàn cello ruột. Catgut là một loại dây được điều chế từ sợi tự nhiên có trong thành ruột động vật. Các nhà sản xuất catgut thường sử dụng ruột cừu hoặc dê, nhưng đôi khi sử dụng ruột của gia súc, heo, ngựa, la hoặc lừa. Mặc dù tên, các nhà sản xuất catgut không sử dụng ruột mèo."
CASE_0246,556166,mixed,6,1758499,0.6121,0.6121,0,vi,catgut - một loại dây chắc chắn được làm từ ruột cừu và được sử dụng trong phẫu thuật. bó được buộc bằng một sợi dây
CASE_0246,556166,mixed,7,7571473,0.6115,0.6115,0,vi,"Ruột tự nhiên là vật liệu truyền thống nhất được sử dụng cho bẫy và được làm từ ruột động vật. Sau những năm 1920 và 1930, việc sử dụng ruột bắt đầu không còn được ưa chuộng khi các tay trống chuyển sang âm thanh sáng hơn của dây bẫy cho các phong cách âm nhạc đại chúng hiện đại."
CASE_0246,556166,mixed,8,2921157,0.6075,0.6075,0,vi,"Kitty Litter làm bằng gì? Trước năm 1950, phân mèo chủ yếu bao gồm cát, bụi bẩn hoặc tro. Ổ mèo hiện đại đầu tiên được tạo ra khi một người hàng xóm của doanh nhân Edward Lowe yêu cầu anh ta cho cát cho hộp cát của cô ấy. Ông Lowe, người kinh doanh tạo ra chất hấp thụ, đã thuyết phục bạn mình sử dụn"
CASE_0246,556166,mixed,9,7571472,0.6057,0.6057,0,vi,"một sợi dây chắc chắn được làm từ ruột khô của cừu và các động vật khác được sử dụng để buộc một số dụng cụ âm nhạc và vợt thể thao, và khi được khử trùng, làm mối ghép phẫu thuật Thường được rút ngắn thành ruột. Nguồn gốc từ và Lịch sử cho catgut."
CASE_0246,556166,mixed,10,7031856,0.6006,0.6006,0,vi,"Một đoạn dây đàn cello ruột. Catgut là một loại dây được điều chế từ sợi tự nhiên có trong thành ruột động vật. Các nhà sản xuất catgut thường sử dụng ruột cừu hoặc dê, nhưng đôi khi sử dụng ruột của gia súc, heo, ngựa, la hoặc lừa. ruột của gia súc, heo, ngựa, la, hoặc lừa."
CASE_0246,866251,endpoint,1,7810607,0.6665,0.6665,0,vi,"Sở thú Công viên Franklin. Đi bộ trên vùng hoang dã, cầm trên tay bia thủ công tại Brew hàng năm lần thứ bảy của Vườn thú Franklin Park Zoo. Ghé thăm hà mã lùn, vượn cáo đuôi vòng, khỉ đột vùng đất thấp phía tây cùng với chuột túi, hươu cao cổ, ngựa vằn và nhiều hơn nữa. Gần như toàn bộ vườn thú sẽ"
CASE_0246,866251,endpoint,2,7810608,0.6652,0.6652,0,vi,"Từ Wikipedia, bách khoa toàn thư miễn phí. Sở thú Công viên Franklin là một vườn thú rộng 72 mẫu Anh (290.000 m2) nằm ở Boston, Massachusetts. Nó hiện đang được điều hành bởi Sở thú New England, công ty cũng điều hành Vườn thú Stone ở Stoneham, Massachusetts. Vườn thú nằm ở phía đông bắc của Công vi"
CASE_0246,866251,endpoint,3,7810601,0.6644,0.6644,0,vi,"Sở thú Công viên Franklin là một nơi thú vị để đến vì có rất nhiều hoạt động để thực hiện nếu bạn mang theo trẻ em. Các hoạt động có thể khác nhau nhưng nếu bạn quan sát kỹ, bạn có thể tìm thấy các dấu chân động vật khác nhau dọc theo các vỉa hè."
CASE_0246,866251,endpoint,4,7810606,0.6419,0.6419,0,vi,"Được thành lập vào năm 1912. Sở thú Franklin Park là một khu đất rộng 72 mẫu Anh, nép mình trong Công viên Franklin lịch sử của Boston. Từ lâu được coi là viên ngọc quý của Hệ thống Công viên Vòng cổ Ngọc lục bảo của Frederick Law Olmsted, Sở thú mở cửa vào năm 1912."
CASE_0246,866251,endpoint,5,7086768,0.6276,0.6276,0,vi,"Sở thú Rio Grande - Nhà trưng bày / Cư dân cũ. 1 Khu rừng nhiệt đới trong nhà có tamarin sư tử vàng, tamarin đầu bông, khỉ nhện, khỉ hú, chim amazon Cuba, andean tinomou, rắn dây leo, anaconda xanh, cá thần tiên, cá piranha bụng đỏ, toco Touan, sunbittern, cây ngọc lục bảo boa, hai ngón con lười, cá"
CASE_0246,866251,endpoint,6,7431812,0.6261,0.6261,0,vi,"Hơn ba trăm loài chim cả di cư và cư trú thường xuyên ở Chatfield. Ngoài ra còn có nhiều loài động vật có vú đi lang thang trong công viên, bao gồm hươu cao cổ và hươu la, chó sói đồng cỏ, cáo đỏ, thỏ cottontail, chó đồng cỏ và chồn."
CASE_0246,866251,endpoint,7,8612232,0.6248,0.6248,0,vi,"Franklin các trò chơi rùa đều nói về nhân vật động vật rất yêu thích của bạn, chú rùa Franklin! Anh ấy thích nghịch ngợm trong các trò chơi động vật với chiếc mũ và chiếc túi nhỏ màu đỏ mang theo bên mình, cùng những người bạn thân nhất của anh ấy là Bear và Harriet Turtle. Đọc thêm."
CASE_0246,866251,endpoint,8,8612231,0.6239,0.6239,0,vi,"Franklin các trò chơi rùa đều nói về nhân vật động vật rất yêu thích của bạn, chú rùa Franklin! Anh ấy thích nghịch ngợm trong các trò chơi động vật với chiếc mũ và chiếc túi nhỏ màu đỏ mang theo bên mình, cùng những người bạn thân nhất của anh ấy là Bear và Harriet Turtle."
CASE_0246,866251,endpoint,9,3929476,0.6209,0.6209,0,vi,"Gorgia HorseCó hai con chim bang. Chickadee mũ đen và gà tây hoang dã. Có một loài cá của tiểu bang và đó là cá tuyết. Có bốn loài động vật có vú của tiểu bang, đó là cá voi Right, ngựa Morgan, mèo Tabby, và Boston Terrier đáng chú ý nhất. Cuối cùng nhưng không kém phần quan trọng là loài bò sát của"
CASE_0246,866251,endpoint,10,5510142,0.6158,0.6158,0,vi,"Các loài động vật có vú thường được tìm thấy trên khắp tiểu bang bao gồm hươu, cáo, gấu trúc, nhím, chồn hương, chồn hương, chồn hôi, chuột xạ hương, bọ ngựa và sóc. Gấu đen, nai sừng tấm, nai sừng tấm, chó sói, sói đồng cỏ, linh miêu, linh miêu, rái cá và hải ly được tìm thấy gần như hoàn toàn ở ph"
CASE_0246,866251,mixed,1,7810607,0.664,0.664,0,vi,"Sở thú Công viên Franklin. Đi bộ trên vùng hoang dã, cầm trên tay bia thủ công tại Brew hàng năm lần thứ bảy của Vườn thú Franklin Park Zoo. Ghé thăm hà mã lùn, vượn cáo đuôi vòng, khỉ đột vùng đất thấp phía tây cùng với chuột túi, hươu cao cổ, ngựa vằn và nhiều hơn nữa. Gần như toàn bộ vườn thú sẽ"
CASE_0246,866251,mixed,2,7810606,0.6496,0.6496,0,vi,"Được thành lập vào năm 1912. Sở thú Franklin Park là một khu đất rộng 72 mẫu Anh, nép mình trong Công viên Franklin lịch sử của Boston. Từ lâu được coi là viên ngọc quý của Hệ thống Công viên Vòng cổ Ngọc lục bảo của Frederick Law Olmsted, Sở thú mở cửa vào năm 1912."
CASE_0246,866251,mixed,3,7810601,0.6483,0.6483,0,vi,"Sở thú Công viên Franklin là một nơi thú vị để đến vì có rất nhiều hoạt động để thực hiện nếu bạn mang theo trẻ em. Các hoạt động có thể khác nhau nhưng nếu bạn quan sát kỹ, bạn có thể tìm thấy các dấu chân động vật khác nhau dọc theo các vỉa hè."
CASE_0246,866251,mixed,4,7810608,0.6414,0.6414,0,vi,"Từ Wikipedia, bách khoa toàn thư miễn phí. Sở thú Công viên Franklin là một vườn thú rộng 72 mẫu Anh (290.000 m2) nằm ở Boston, Massachusetts. Nó hiện đang được điều hành bởi Sở thú New England, công ty cũng điều hành Vườn thú Stone ở Stoneham, Massachusetts. Vườn thú nằm ở phía đông bắc của Công vi"
CASE_0246,866251,mixed,5,7810605,0.6311,0.6311,1,vi,"Sở thú Franklin Park chính thức mở cửa cho công chúng vào ngày 4 tháng 10 năm 1912 (mặc dù hầu hết các nguồn đều nói là năm 1913). Theo kế hoạch của Arthur A. Shurtleff, sở thú mới đại diện cho một sự khởi đầu lớn so với kế hoạch ban đầu của Olmsted, và bao gồm nhiều động vật kỳ lạ hơn."
CASE_0246,866251,mixed,6,3296428,0.6293,0.6293,0,vi,"Sở thú Columbian Park Zoo được thành lập vào năm 1908 và ban đầu có cáo, chồn hôi, bồ nông, hươu, linh miêu, chó đồng cỏ và chó sói. Những cải tiến đối với sở thú đã được thực hiện vào năm 1928, khi nhà động vật chính được xây dựng và sở thú đã mua một con voi bằng tiền quyên góp của học sinh trường"
CASE_0246,866251,mixed,7,7086768,0.6238,0.6238,0,vi,"Sở thú Rio Grande - Nhà trưng bày / Cư dân cũ. 1 Khu rừng nhiệt đới trong nhà có tamarin sư tử vàng, tamarin đầu bông, khỉ nhện, khỉ hú, chim amazon Cuba, andean tinomou, rắn dây leo, anaconda xanh, cá thần tiên, cá piranha bụng đỏ, toco Touan, sunbittern, cây ngọc lục bảo boa, hai ngón con lười, cá"
CASE_0246,866251,mixed,8,269300,0.6224,0.6224,0,vi,"Giống như khi George Washington còn là một đứa trẻ, có những loài động vật hoang dã tại. công viên ngày nay. Bạn có thể thấy hươu, sóc, rắn, thiên nga, thỏ, cáo, mèo rừng, rùa, thằn lằn, đại bàng hoặc gấu trúc."
CASE_0246,866251,mixed,9,7431812,0.6208,0.6208,0,vi,"Hơn ba trăm loài chim cả di cư và cư trú thường xuyên ở Chatfield. Ngoài ra còn có nhiều loài động vật có vú đi lang thang trong công viên, bao gồm hươu cao cổ và hươu la, chó sói đồng cỏ, cáo đỏ, thỏ cottontail, chó đồng cỏ và chồn."
CASE_0246,866251,mixed,10,8612231,0.6203,0.6203,0,vi,"Franklin các trò chơi rùa đều nói về nhân vật động vật rất yêu thích của bạn, chú rùa Franklin! Anh ấy thích nghịch ngợm trong các trò chơi động vật với chiếc mũ và chiếc túi nhỏ màu đỏ mang theo bên mình, cùng những người bạn thân nhất của anh ấy là Bear và Harriet Turtle."
CASE_0246,907334,endpoint,1,5273633,0.7596,0.7596,0,vi,"Dưới đây là những loại thực phẩm có chỉ số đường huyết thấp hàng đầu giúp giảm lượng đường trong máu: 1 quả hạch thô, quả óc chó, quả hạch Brazil, quả hạch, quả hồ đào, đậu phộng, hạt mắc ca, hạt thông và bơ hạt có hàm lượng đường huyết thấp *. 2 hạt thô, bí đỏ, vừng, hướng dương, hạt lanh, bột hạt"
CASE_0246,907334,endpoint,2,5499899,0.7299,0.7299,0,vi,"Thực phẩm có hàm lượng đường huyết thấp có thể giúp giảm lượng đường trong máu bao gồm trái cây nhiều chất xơ, bột yến mạch, đậu phộng, đậu, đậu Hà Lan và granola. Thực phẩm có hàm lượng đường huyết cao bao gồm khoai tây, gạo và bánh mì trắng. Nghiên cứu đã chỉ ra rằng khoai tây và bánh mì trắng đượ"
CASE_0246,907334,endpoint,3,6159361,0.7276,0.7276,0,vi,"Các lựa chọn rau lành mạnh cho phản ứng hạ đường huyết bao gồm cải bruxen, khoai lang trắng và khoai lang bỏ vỏ, cà rốt, rau bina, bông cải xanh, đậu xanh, rau diếp, dưa chuột, măng tây, ngô, đậu Hà Lan, các loại đậu, nấm và cà tím. Danh sách thực phẩm cho chế độ ăn kiêng đối với chứng hạ đường huyế"
CASE_0246,907334,endpoint,4,6195452,0.7159,0.7159,0,vi,Trái cây tươi là một bữa sáng nhanh chóng và dễ dàng trong chế độ ăn kiêng hạ đường huyết. Hạ đường huyết là một tình trạng xảy ra khi lượng đường trong máu giảm xuống dưới 70 miligam trên mỗi decilit. Một kế hoạch bữa ăn hạ đường huyết nên bao gồm đồ ăn nhẹ bất cứ lúc nào có hơn bốn giờ giữa các bữ
CASE_0246,907334,endpoint,5,7524224,0.7152,0.7152,0,vi,"Thực phẩm có hàm lượng đường huyết cao đi vào máu dễ dàng và nhanh chóng, khiến tuyến tụy phải làm việc nhiều hơn để sản xuất insulin. Quảng cáo. Thực phẩm có hàm lượng đường huyết thấp có thể giúp giảm lượng đường trong máu bao gồm trái cây nhiều chất xơ, bột yến mạch, đậu phộng, đậu, đậu Hà Lan và"
CASE_0246,907334,endpoint,6,8177651,0.7132,0.7132,0,vi,Hãy thử rắc một chút quế lên bất kỳ công thức nấu ăn thân thiện với đường huyết yêu thích nào của bạn. Quế đặc biệt giàu crom và là một trong những thực phẩm được khuyên dùng cho bệnh nhân tiểu đường nhờ khả năng hạ đường huyết nhanh chóng. Các loại thực phẩm tuyệt vời khác cho lượng đường trong máu
CASE_0246,907334,endpoint,7,6413867,0.7131,0.7131,0,vi,"Thực phẩm có chỉ số đường huyết thấp bao gồm đậu, lúa mạch, mì ống, yến mạch và một số loại gạo. Trái cây chua có chỉ số đường huyết thấp. Tương tự như vậy, giấm và nước cốt chanh cũng giúp giảm lượng đường huyết. Nhiều người vẫn nghĩ rằng đó là đường ăn bình thường mà người bệnh tiểu đường cần phải"
CASE_0246,907334,endpoint,8,6195454,0.7091,0.7091,0,vi,"Hạ đường huyết là tình trạng bệnh lý mà lượng đường trong máu thấp hơn bình thường. Có hai loại hạ đường huyết. Loại đầu tiên được gọi là hạ đường huyết hữu cơ. Nó có thể được gây ra bởi các rối loạn khác như khối u hoặc bệnh gan .. Thực phẩm giàu protein. Các loại thực phẩm như thịt bò, thịt lợn, t"
CASE_0246,907334,endpoint,9,8003843,0.7078,0.7078,0,vi,"Quế là một chất chống viêm và chống oxy hóa mạnh mẽ, đồng thời giúp giảm lượng đường trong máu và cải thiện khả năng phản ứng với glucose trong máu của insulinÃÂ ¢ Ã‚â‚¬Ã‚â. Rắc nó lên bột yến mạch, có nó ở dạng trà, rắc nó lên trái cây! Prickly Pear / Nopal: là một trong những loại thực phẩm có chỉ"
CASE_0246,907334,endpoint,10,3181388,0.707,0.707,0,vi,"Quế đặc biệt giàu crom và là một trong những thực phẩm được khuyên dùng cho bệnh nhân tiểu đường nhờ khả năng hạ đường huyết nhanh chóng. Các loại thực phẩm tuyệt vời khác cho lượng đường trong máu của bạn bao gồm: đậu, các loại đậu, rau như bông cải xanh và cà rốt, và rong biển như tảo bẹ và tảo xo"
CASE_0246,907334,mixed,1,5273633,0.7516,0.7516,0,vi,"Dưới đây là những loại thực phẩm có chỉ số đường huyết thấp hàng đầu giúp giảm lượng đường trong máu: 1 quả hạch thô, quả óc chó, quả hạch Brazil, quả hạch, quả hồ đào, đậu phộng, hạt mắc ca, hạt thông và bơ hạt có hàm lượng đường huyết thấp *. 2 hạt thô, bí đỏ, vừng, hướng dương, hạt lanh, bột hạt"
CASE_0246,907334,mixed,2,5499899,0.7343,0.7343,0,vi,"Thực phẩm có hàm lượng đường huyết thấp có thể giúp giảm lượng đường trong máu bao gồm trái cây nhiều chất xơ, bột yến mạch, đậu phộng, đậu, đậu Hà Lan và granola. Thực phẩm có hàm lượng đường huyết cao bao gồm khoai tây, gạo và bánh mì trắng. Nghiên cứu đã chỉ ra rằng khoai tây và bánh mì trắng đượ"
CASE_0246,907334,mixed,3,6159361,0.7171,0.7171,0,vi,"Các lựa chọn rau lành mạnh cho phản ứng hạ đường huyết bao gồm cải bruxen, khoai lang trắng và khoai lang bỏ vỏ, cà rốt, rau bina, bông cải xanh, đậu xanh, rau diếp, dưa chuột, măng tây, ngô, đậu Hà Lan, các loại đậu, nấm và cà tím. Danh sách thực phẩm cho chế độ ăn kiêng đối với chứng hạ đường huyế"
CASE_0246,907334,mixed,4,7524224,0.7165,0.7165,0,vi,"Thực phẩm có hàm lượng đường huyết cao đi vào máu dễ dàng và nhanh chóng, khiến tuyến tụy phải làm việc nhiều hơn để sản xuất insulin. Quảng cáo. Thực phẩm có hàm lượng đường huyết thấp có thể giúp giảm lượng đường trong máu bao gồm trái cây nhiều chất xơ, bột yến mạch, đậu phộng, đậu, đậu Hà Lan và"
CASE_0246,907334,mixed,5,5838199,0.7152,0.7152,1,vi,"1 Và để có khả năng giảm lượng đường trong máu, tôi khuyên bạn nên thêm một số loại sau vào chế độ ăn uống của mình: các loại hạt (như quả óc chó, hạnh nhân, đậu phộng), bơ, quế, cỏ ngọt, xanh hoặc trà đen, giấm, tỏi và hành. Cắt bỏ đường. Hãy cắt kẹo, bánh ngọt và những thứ tương tự như vậy ngay bâ"
CASE_0246,907334,mixed,6,5804840,0.7123,0.7123,0,vi,"Và để có khả năng giảm lượng đường trong máu, tôi khuyên bạn nên thêm một số loại sau vào chế độ ăn uống của mình: các loại hạt (như quả óc chó, hạnh nhân, đậu phộng), bơ, quế, cỏ ngọt, xanh hoặc trà đen, giấm, tỏi và hành. Cắt bỏ đường. Hãy cắt kẹo, bánh ngọt và những thứ tương tự như vậy ngay bây"
CASE_0246,907334,mixed,7,4058667,0.7118,0.7118,0,vi,"Dưới đây là một số ví dụ điển hình về các loại thực phẩm có thể làm giảm lượng đường trong máu của bạn: 1 Đậu Â ¢ Ã‚â‚¬Ã‚â € Không chỉ là đậu (như thận và pinto) là nguồn protein ít chất béo, bổ dưỡng mà cũng giàu chất xơ. 2 Ngũ cốc nguyên hạt Giống như đậu, ngũ cốc nguyên hạt rất giàu chất dinh dưỡ"
CASE_0246,907334,mixed,8,6195452,0.7117,0.7117,0,vi,Trái cây tươi là một bữa sáng nhanh chóng và dễ dàng trong chế độ ăn kiêng hạ đường huyết. Hạ đường huyết là một tình trạng xảy ra khi lượng đường trong máu giảm xuống dưới 70 miligam trên mỗi decilit. Một kế hoạch bữa ăn hạ đường huyết nên bao gồm đồ ăn nhẹ bất cứ lúc nào có hơn bốn giờ giữa các bữ
CASE_0246,907334,mixed,9,8003843,0.7084,0.7084,0,vi,"Quế là một chất chống viêm và chống oxy hóa mạnh mẽ, đồng thời giúp giảm lượng đường trong máu và cải thiện khả năng phản ứng với glucose trong máu của insulinÃÂ ¢ Ã‚â‚¬Ã‚â. Rắc nó lên bột yến mạch, có nó ở dạng trà, rắc nó lên trái cây! Prickly Pear / Nopal: là một trong những loại thực phẩm có chỉ"
CASE_0246,907334,mixed,10,4058662,0.7071,0.7071,0,vi,"Dưới đây là một số ví dụ điển hình về các loại thực phẩm có thể làm giảm lượng đường trong máu của bạn: 1 Đậu Â ¢ Ã‚â‚¬Ã‚â € Không chỉ là đậu (như thận và pinto) là nguồn protein ít chất béo, bổ dưỡng mà cũng giàu chất xơ. Và đó chỉ là những gì bạn muốn, bởi vì thực phẩm giàu chất xơ làm chậm quá tr"
CASE_0246,663006,endpoint,1,5056909,0.6069,0.6069,0,vi,"Ngôi sao của Chúa tể những chiếc nhẫn, Christopher Lee đã qua đời ở tuổi 93 vào Chủ nhật, ngày 7 tháng 6. Nguồn: Pier Marco Tacca / Getty Images. Nam diễn viên huyền thoại Sir Christopher Lee đã qua đời vào Chủ nhật, ngày 7 tháng 6, sau khi nhập viện vì các vấn đề về hô hấp và suy tim, The Guardian"
CASE_0246,663006,endpoint,2,4240141,0.5827,0.5827,0,vi,"15 ảnh: Diễn viên huyền thoại Christopher Lee. Christopher Lee, nam diễn viên người Anh từng thành thạo các vai kinh dị trước khi hóa thân vào vai phản diện James Bond và phù thủy Saruman trong bộ ba phim Chúa tể của những chiếc nhẫn, đã qua đời vào Chủ nhật, ngày 7 tháng 6, một phát ngôn viên của t"
CASE_0246,663006,endpoint,3,3824535,0.5791,0.5791,0,vi,"myrcella gif có. Và đừng nhầm, đây KHÔNG phải là cùng một nữ diễn viên. trò chơi myrcella của ngai vàng. Lần cuối cùng chúng ta nhìn thấy Myrcella (còn sống) ÃƒÂ ¢ Ã‚â‚¬Ã‚â € œ khi cô ấy chết ở JaimeÃƒÂ ¢ Ã‚â‚¬Ã‚â „¢ s vòng tay ÃƒÂ ¢ Ã‚â‚¬Ã‚â € œ cô ấy đang được chơi bởi Nell Tiger Free (hình trên b"
CASE_0246,663006,endpoint,4,4240139,0.5778,0.5778,0,vi,"Christopher Lee, nam diễn viên người Anh từng thành thạo các vai kinh dị trước khi hóa thân vào vai phản diện James Bond và phù thủy Saruman trong bộ ba phim Chúa tể của những chiếc nhẫn, đã qua đời vào Chủ nhật, ngày 7 tháng 6, một phát ngôn viên của thành phố London cho biết. Nam diễn viên đã 93 t"
CASE_0246,663006,endpoint,5,7413993,0.5762,0.5762,1,vi,"Nam diễn viên 'Game of Thrones' Peter Vaughan qua đời ở tuổi 93. Nam diễn viên kỳ cựu Peter Vaughan, người đóng vai chính trong các tác phẩm truyền hình, điện ảnh và sân khấu trong bảy thập kỷ, đã qua đời ở tuổi 93. Người đại diện của anh, Sally Long-Innes, cho biết trong một tuyên bố, Đây là để xác"
CASE_0246,663006,endpoint,6,6922094,0.5738,0.5738,0,vi,"James Arness, nam diễn viên nổi tiếng với vai Nguyên soái Matt Dillon, biểu tượng mạnh mẽ và chỉ huy của công lý biên cương trong loạt phim truyền hình viễn tây mang tính bước ngoặt Gunsmoke, đã qua đời hôm nay, tờ Los Angeles Times đưa tin."
CASE_0246,663006,endpoint,7,4240140,0.5728,0.5728,0,vi,"Christopher Lee, nam diễn viên người Anh thành thạo các vai kinh dị và Dracula trước khi lần lượt vào vai phản diện Bond và phù thủy Saruman trong bộ ba phim Chúa tể của những chiếc nhẫn, đã qua đời ngày 7/6, một phát ngôn viên của thành phố London cho biết. Anh ấy đã 93 tuổi."
CASE_0246,663006,endpoint,8,5620029,0.5725,0.5725,0,vi,"Nam diễn viên James Arness đóng vai Nguyên soái Matt Dillon trong một cảnh của GunsmokeÃƒÂ ¢ Ã‚â‚¬Ã‚Â¦ (CBS) James Arness, nam diễn viên nổi tiếng với vai Nguyên soái Matt Dillon, biểu tượng mạnh mẽ và chỉ huy của công lý biên cương trên cột mốc Phim truyền hình viễn tây Gunsmoke, đã chết hôm thứ Sá"
CASE_0246,663006,endpoint,9,8229595,0.5718,0.5718,0,vi,"Diễn viên Harry Potter Dave Legeno đã qua đời. Nam diễn viên người Anh, người đóng vai phản diện người sói Fenrir Greyback trong loạt phim nổi tiếng, đã qua đời khi đi bộ đường dài ở Thung lũng Chết, California, TMZ đưa tin. Ông ta đã 50 tuổi. Thi thể của Legeno được tìm thấy bởi những người đi bộ đ"
CASE_0246,663006,endpoint,10,4240142,0.5668,0.5668,0,vi,"0. 0. Christopher Lee, nam diễn viên thành danh từ những vai phản diện, đã qua đời ở tuổi 93. Đối với một thế hệ lớn tuổi, anh ấy được biết đến nhiều nhất với vai Bá tước Dracula từ những năm 50 và 70, cũng như vai Scaramanga trong James Bond phim Người đàn ông với khẩu súng vàng."
CASE_0246,663006,mixed,1,7413993,0.6616,0.6616,1,vi,"Nam diễn viên 'Game of Thrones' Peter Vaughan qua đời ở tuổi 93. Nam diễn viên kỳ cựu Peter Vaughan, người đóng vai chính trong các tác phẩm truyền hình, điện ảnh và sân khấu trong bảy thập kỷ, đã qua đời ở tuổi 93. Người đại diện của anh, Sally Long-Innes, cho biết trong một tuyên bố, Đây là để xác"
CASE_0246,663006,mixed,2,5325121,0.6522,0.6522,0,vi,"Ngôi sao của 'Game of Thrones' Neil Fingleton đã chết ở tuổi 36. Ngôi sao của Game of Thrones, Neil Fingleton đã qua đời vì suy tim. Nam diễn viên 7'7 đã qua đời hôm thứ Bảy tại Vương quốc Anh. Fingleton là một cầu thủ bóng rổ cả khi học đại học và chuyên nghiệp trước khi trở thành một diễn viên. An"
CASE_0246,663006,mixed,3,7413994,0.6424,0.6424,0,vi,"Peter Vaughan qua đời: Nam diễn viên Game of Thrones and Porridge qua đời ở tuổi 93. Nam diễn viên của Game of Thrones and Porridge qua đời ở tuổi 93. Người đại diện của anh đã xác nhận cái chết của anh trong một tuyên bố: “ Điều này để xác nhận, rất đáng buồn, Peter Vaughan đã qua đời vào khoảng 10"
CASE_0246,663006,mixed,4,5056909,0.6424,0.6424,0,vi,"Ngôi sao của Chúa tể những chiếc nhẫn, Christopher Lee đã qua đời ở tuổi 93 vào Chủ nhật, ngày 7 tháng 6. Nguồn: Pier Marco Tacca / Getty Images. Nam diễn viên huyền thoại Sir Christopher Lee đã qua đời vào Chủ nhật, ngày 7 tháng 6, sau khi nhập viện vì các vấn đề về hô hấp và suy tim, The Guardian"
CASE_0246,663006,mixed,5,7413992,0.6421,0.6421,0,vi,"ÃƒÂ ¢ Ã‚â‚¬Ã‚ËœGame of ThronesÃƒÂ ¢ Ã‚â‚¬Ã‚â „¢ Nam diễn viên Peter Vaughan qua đời ở tuổi 93. Game Of Thrones and Porridge diễn viên Peter Vaughan đã qua đời ở tuổi 93. Người đại diện của anh ấy, Sally Long-Innes, đã xác nhận tin tức hôm thứ Ba. Cô ấy nói: ÃƒÂ ¢ Ã‚â‚¬Ã‚Å “Điều này là để xác nhận rằ"
CASE_0246,663006,mixed,6,7413989,0.6412,0.6412,0,vi,"Nam diễn viên 'Game of Thrones' Peter Vaughan qua đời ở tuổi 93. Nam diễn viên kỳ cựu Peter Vaughan, người đóng vai chính trong các tác phẩm truyền hình, điện ảnh và sân khấu trong bảy thập kỷ, đã qua đời ở tuổi 93. Vaughan được biết đến nhiều nhất với vai Grouty. Grout trong bộ phim sitcom Porridge"
CASE_0246,663006,mixed,7,7413990,0.6362,0.6362,0,vi,"Một diễn viên kỳ cựu vừa quay những cảnh đầu tiên cho Game of Thrones đã qua đời. JJ Murphy, 86 tuổi, đột ngột qua đời hôm thứ Sáu tại nhà riêng ở Belfast. Ông Murphy gần đây đã tham gia dàn diễn viên cho loạt phim thứ năm của loạt phim HBO, phần lớn được quay ở Bắc Ireland."
CASE_0246,663006,mixed,8,7413991,0.635,0.635,0,vi,"Peter Vaughan, diễn viên của 'Game of Thrones', người đóng vai Maester Aemon, qua đời ở tuổi 93. Trước khi bạn đi, chúng tôi nghĩ bạn sẽ thích những thứ này ... Peter Vaughan của Game of Thrones và bộ phim sitcom Porridge của Anh đã qua đời. Sáng thứ Ba ở Anh, theo đại diện của anh ta, Sally Long-In"
CASE_0246,663006,mixed,9,7413988,0.6319,0.6319,0,vi,"JJ Murphy, một diễn viên gần đây đã ký hợp đồng đóng một vai mới trong Game of Thrones, đã qua đời vào thứ Sáu, ngày 8 tháng 8, ở tuổi 86. JJ Murphy, một diễn viên gần đây đã ký một vai mới trên HBO sê-ri, Game of Thrones, đã chết vào thứ Sáu, ngày 8 tháng 8."
CASE_0246,663006,mixed,10,5325127,0.6285,0.6285,0,vi,"Neil Fingleton, người đóng vai Mag the Mighty trên HBO's Game of Thrones, đã qua đời, theo TMZ. Cựu cầu thủ bóng rổ, 36 tuổi, cao 7 feet 7 inch, đã qua đời hôm thứ Bảy, trang tin tức về người nổi tiếng cho biết. Fingleton, được cho là người cao nhất ở Vương quốc Anh, đã chơi bóng rổ ở trường trung h"
CASE_0246,820161,endpoint,1,4869124,0.6526,0.6526,0,vi,"Núi Washington là đỉnh cao nhất ở Đông Bắc, Hoa Kỳ ở độ cao 6.288 ft (1.917 m). Nó được biết đến với cái tên Agiocochook, hay Nhà của Thần Vĩ đại, trước khi những người định cư châu Âu đến. [5] Ngọn núi nằm trong Dãy núi Tổng thống của White Mountains, ở hạt Coos, New Hampshire."
CASE_0246,820161,endpoint,2,6838392,0.647,0.647,0,vi,"Núi Washington nằm ở vĩ độ tương đương với Teton, nhưng đường đi của nó ở khoảng 4.500 feet. Đó là ít hơn một nửa độ cao. Có phải vì dãy Tổng thống có mùa đông tồi tệ đến đáng sợ khiến những cây kim châm nổ ngay trên cây với những tiếng kêu la thảm thiết."
CASE_0246,820161,endpoint,3,6346386,0.6465,0.6465,0,vi,"Theo Cục Công viên Quốc gia, chiều cao chính thức của Đài tưởng niệm Washington là 555 feet, 5ÃƒÂ ¢ Ã‚â € ¦Ã‚â € º inch (169,294 m)."
CASE_0246,820161,endpoint,4,7829057,0.6455,0.6455,0,vi,"Khu Trượt tuyết White Pass là một khu trượt tuyết ở phía tây bắc Hoa Kỳ, trong Dãy Cascade tại White Pass, Washington. Nằm cách Yakima 50 dặm (80 km) về phía tây trên đường US-12, nó cách Tacoma 110 dặm (180 km) về phía đông. [1] Khi quạ bay, con đèo cách đỉnh núi Rainier 25 dặm (40 km) về phía đông"
CASE_0246,820161,endpoint,5,7829059,0.6437,0.6437,1,vi,"Độ cao cơ sở của White Pass là 4.500 feet (1.370 m) so với mực nước biển, với đỉnh có thang máy ở độ cao 6.500 feet (1.980 m), cho độ rơi thẳng đứng là 2.000 feet (610 m). Nằm ở phía nam của đường cao tốc đông tây, các sườn dốc chủ yếu quay về phía bắc."
CASE_0246,820161,endpoint,6,7829058,0.6419,0.6419,0,vi,"Cách Yakima 50 dặm về phía Tây và cách Tacoma, Washington 110 dặm về phía Đông, Khu Trượt tuyết White Pass chỉ cách Công viên Quốc gia Núi Rainer ở Washington Cascades 12 dặm về phía Đông Nam. White Pass có độ cao thẳng đứng hơn 2.000 ft. Và 1.500 mẫu Anh có thể tiếp cận với địa hình từ sơ cấp đến n"
CASE_0246,820161,endpoint,7,4597301,0.6414,0.6414,0,vi,"Karen BleierÃƒÂ ¢ Ã‚â‚¬Ã‚â € AFP / Getty Images Một vận động viên chạy bộ đi ngang qua Đài tưởng niệm Washington vào một buổi sáng lạnh giá ngày 27 tháng 1 năm 2015 tại Washington, DC. Đài tưởng niệm Washington hiện ngắn hơn 10 inch so với khi nó được hoàn thành vào năm 1884, hoặc ít nhất là những g"
CASE_0246,820161,endpoint,8,3982454,0.6402,0.6402,0,vi,"Câu trả lời hay nhất: 555 feet 5ÃƒÂ ¢ Ã‚â € ¦Ã‚â € º inch (169,294 m) wikipedia: Đài tưởng niệm Washington là một tháp màu cát lớn, cao, gần đầu phía tây của National Mall ở Washington, DC It được xây dựng để tưởng nhớ tổng thống đầu tiên của Hoa Kỳ, George Washington. Đài tưởng niệm được làm bằng đ"
CASE_0246,820161,endpoint,9,2675951,0.6401,0.6401,0,vi,"Thác nước trắng: Khoảng. Cách Highlands 28 dặm, những thác này cao nhất ở miền đông Hoa Kỳ với độ cao 411 ft. Một quãng đường 60 phút lái xe dễ chịu, nhiều du khách thích lái xe qua Horse Cove và băng qua sông Chattooga trên đường đến Whitewater."
CASE_0246,820161,endpoint,10,944084,0.634,0.634,0,vi,"48Ãƒâ € šÃ‚Â ° 36.4ÃƒÂ ¢ Ã‚â‚¬Ã‚Â²N 118Ãƒâ € šÃ‚Â ° 28.8ÃƒÂ ¢ Ã‚â‚¬Ã‚Â²W / 48.6067Ãƒâ € šÃ‚Â ° N 118.4800Ãƒâ € šÃ‚Â ° W / 48,6067; -118.4800. Đèo Sherman (dài 5575 ft. 1699 m.) Là một con đèo cao băng qua dãy sông Kettle ở bang Washington. Đây là con số vượt qua cao nhất trong tiểu bang được duy trì"
CASE_0246,820161,mixed,1,7829059,0.6957,0.6957,1,vi,"Độ cao cơ sở của White Pass là 4.500 feet (1.370 m) so với mực nước biển, với đỉnh có thang máy ở độ cao 6.500 feet (1.980 m), cho độ rơi thẳng đứng là 2.000 feet (610 m). Nằm ở phía nam của đường cao tốc đông tây, các sườn dốc chủ yếu quay về phía bắc."
CASE_0246,820161,mixed,2,7829057,0.6878,0.6878,0,vi,"Khu Trượt tuyết White Pass là một khu trượt tuyết ở phía tây bắc Hoa Kỳ, trong Dãy Cascade tại White Pass, Washington. Nằm cách Yakima 50 dặm (80 km) về phía tây trên đường US-12, nó cách Tacoma 110 dặm (180 km) về phía đông. [1] Khi quạ bay, con đèo cách đỉnh núi Rainier 25 dặm (40 km) về phía đông"
CASE_0246,820161,mixed,3,7829058,0.6786,0.6786,0,vi,"Cách Yakima 50 dặm về phía Tây và cách Tacoma, Washington 110 dặm về phía Đông, Khu Trượt tuyết White Pass chỉ cách Công viên Quốc gia Núi Rainer ở Washington Cascades 12 dặm về phía Đông Nam. White Pass có độ cao thẳng đứng hơn 2.000 ft. Và 1.500 mẫu Anh có thể tiếp cận với địa hình từ sơ cấp đến n"
CASE_0246,820161,mixed,4,4905632,0.663,0.663,0,vi,"Danh sách với Go Northwest! White Pass, độ cao 4500 feet, trên Quốc lộ 12, là con đèo cao nhất về phía nam qua Dãy núi Cascade ở Bang Washington. Nó nằm trên một trong bốn con đèo đông-tây của Washington. Ba con còn lại là đèo Stevens trên Quốc lộ 2 Hoa Kỳ, đèo Snoqualmie trên I-90 và đèo North Casc"
CASE_0246,820161,mixed,5,7829054,0.6493,0.6493,0,vi,"Khu Trượt tuyết White Pass là một khu trượt tuyết ở phía tây bắc Hoa Kỳ, trong Dãy Cascade tại White Pass, Washington. Nằm cách Yakima 50 dặm về phía tây trên đường US-12, nó cách Tacoma 110 dặm về phía đông. Khi quạ bay, con đèo cách đỉnh núi Rainier 25 dặm về phía đông nam và cách núi Adams 30 dặm"
CASE_0246,820161,mixed,6,4869124,0.6473,0.6473,0,vi,"Núi Washington là đỉnh cao nhất ở Đông Bắc, Hoa Kỳ ở độ cao 6.288 ft (1.917 m). Nó được biết đến với cái tên Agiocochook, hay Nhà của Thần Vĩ đại, trước khi những người định cư châu Âu đến. [5] Ngọn núi nằm trong Dãy núi Tổng thống của White Mountains, ở hạt Coos, New Hampshire."
CASE_0246,820161,mixed,7,944083,0.6347,0.6347,0,vi,"Sherman Pass (Washington) Từ Wikipedia, bách khoa toàn thư miễn phí. Đèo Sherman (dài 5575 ft. 1699 m.) Là một con đèo cao băng qua dãy sông Kettle ở bang Washington. Đây là con số vượt qua cao nhất trong tiểu bang được duy trì cả năm. Đèo nằm trên Đường đi ngắm cảnh Sherman Pass đi ngang qua Rừng Q"
CASE_0246,820161,mixed,8,6838392,0.6316,0.6316,0,vi,"Núi Washington nằm ở vĩ độ tương đương với Teton, nhưng đường đi của nó ở khoảng 4.500 feet. Đó là ít hơn một nửa độ cao. Có phải vì dãy Tổng thống có mùa đông tồi tệ đến đáng sợ khiến những cây kim châm nổ ngay trên cây với những tiếng kêu la thảm thiết."
CASE_0246,820161,mixed,9,5126570,0.6312,0.6312,0,vi,"Washington Four. 1 Vị trí: Quận Washington, Tây Maryland, Maryland, Trung Đại Tây Dương, Hoa Kỳ, Bắc Mỹ. 2 Vĩ độ: 39Ã‚Â ° 30 '40,4 (39,5112Ã‚Â °) bắc. 3 Kinh độ: 77Ã‚Â ° 48 '27 (77,8075Ã‚Â °) tây. Độ cao: 139 mét (456 feet)"
CASE_0246,820161,mixed,10,6346386,0.6285,0.6285,0,vi,"Theo Cục Công viên Quốc gia, chiều cao chính thức của Đài tưởng niệm Washington là 555 feet, 5ÃƒÂ ¢ Ã‚â € ¦Ã‚â € º inch (169,294 m)."
CASE_0246,1009023,endpoint,1,3300891,0.7343,0.7343,0,vi,"Men của thợ làm bánh được sử dụng để nấu rượu và bia tự làm, trong khi men của thợ làm bánh làm cho bánh mì nổi lên. Bạn không thể ủ rượu bằng men làm bánh và bạn không thể ủ bánh mì bằng men nấu rượu."
CASE_0246,1009023,endpoint,2,7249337,0.7317,0.7317,1,vi,"Máy làm bánh mì so với men thường. 1 Sự khác biệt cơ bản giữa hai loại men là thời gian trồi cần thiết của chúng, trong khi cả hai đều có thể được cho vào máy làm bánh mì, thì men thông thường cần ít nhất gấp đôi thời gian tăng men của máy làm bánh mì. Men máy làm bánh mì có nhiều hạt hơn men thường"
CASE_0246,1009023,endpoint,3,7249334,0.7309,0.7309,0,vi,Điều quan trọng là phải hiểu sự khác biệt giữa men máy làm bánh mì và men thông thường do thời gian tăng khác nhau của chúng và cách chúng phải được chuẩn bị trước khi nấu để làm bánh mì. Cả hai đều có thể được sử dụng thay thế cho nhau và vì vậy nó chỉ là quá trình trước khi nướng khi có sự khác bi
CASE_0246,1009023,endpoint,4,7249329,0.7283,0.7283,0,vi,"Máy làm bánh mì so với men thường. Sự khác biệt giữa men máy bánh mì và men thông thường là gì? Sự khác biệt cơ bản giữa hai loại men này là thời gian trồi lên cần thiết của chúng, trong khi cả hai loại men này đều có thể được cho vào máy làm bánh mì, thì loại men thông thường đòi hỏi thời gian tăng"
CASE_0246,1009023,endpoint,5,947554,0.7275,0.7275,0,vi,"Điểm khác biệt là men rượu đã được lai tạo để chịu được nồng độ cồn cao hơn. Men làm bánh (ví dụ) sẽ tạo ra rượu nhưng men sẽ chết trước khi cao hơn nhiều so với 4%. Men bia là một chủng khác với men của thợ làm bánh, và có nghĩa là, như tên của nó, để nấu bia."
CASE_0246,1009023,endpoint,6,354355,0.709,0.709,0,vi,"Cả men làm bánh và men bia đều là sản phẩm của một loại nấm một tế bào có tên là Saccharomyces cerevisiae. Trong thực phẩm, cả hai loại nấm men đều biến đường và tinh bột thành carbon dioxide ... Cả men làm bánh và bia đều là sản phẩm của một loại nấm một tế bào có tên là Saccharomyces cerevisiae. T"
CASE_0246,1009023,endpoint,7,8022583,0.7078,0.7078,0,vi,"Men bia là một thành phần được sử dụng trong sản xuất bia và bánh mì. Nó được làm từ Saccharomyces cerevisiae, một loại nấm đơn bào. Men bia có vị đắng."
CASE_0246,1009023,endpoint,8,4849564,0.7028,0.7028,0,vi,"Sự khác biệt đối với việc làm rượu là men bánh mì không chịu được rượu, đủ để tiêu thụ hết đường và biến nó thành rượu. Rượu được tạo ra trong quá trình lên men sẽ giết chết men bánh mì trước khi nó hoàn thành công việc của mình."
CASE_0246,1009023,endpoint,9,2162997,0.702,0.702,0,vi,"Men bia là một loại men không men được sử dụng trong sản xuất bia và có thể được ăn như một loại thực phẩm bổ sung vì các đặc tính có lợi cho sức khỏe của nó (như bạn thường làm với mầm lúa mì), không giống như men của thợ làm bánh được sử dụng để ủ men. là một sinh vật cực nhỏ sống có thể chuyển hó"
CASE_0246,1009023,endpoint,10,4204413,0.7,0.7,0,vi,"Loại men đó đã bị vô hiệu hóa, vì vậy nó sẽ không tạo ra cồn hoặc bọt khí. men máy bánh mì Tương đương: Một gói men khô có hoạt tính = 2 1/4 muỗng cà phê men máy bánh mì Ghi chú: Loại men khô này có hoạt tính cao và được tạo hạt rất mịn nên ngậm nước nhanh chóng. Bánh mì được làm bằng loại men này c"
CASE_0246,1009023,mixed,1,7249337,0.7248,0.7248,1,vi,"Máy làm bánh mì so với men thường. 1 Sự khác biệt cơ bản giữa hai loại men là thời gian trồi cần thiết của chúng, trong khi cả hai đều có thể được cho vào máy làm bánh mì, thì men thông thường cần ít nhất gấp đôi thời gian tăng men của máy làm bánh mì. Men máy làm bánh mì có nhiều hạt hơn men thường"
CASE_0246,1009023,mixed,2,7249329,0.716,0.716,0,vi,"Máy làm bánh mì so với men thường. Sự khác biệt giữa men máy bánh mì và men thông thường là gì? Sự khác biệt cơ bản giữa hai loại men này là thời gian trồi lên cần thiết của chúng, trong khi cả hai loại men này đều có thể được cho vào máy làm bánh mì, thì loại men thông thường đòi hỏi thời gian tăng"
CASE_0246,1009023,mixed,3,7249334,0.704,0.704,0,vi,Điều quan trọng là phải hiểu sự khác biệt giữa men máy làm bánh mì và men thông thường do thời gian tăng khác nhau của chúng và cách chúng phải được chuẩn bị trước khi nấu để làm bánh mì. Cả hai đều có thể được sử dụng thay thế cho nhau và vì vậy nó chỉ là quá trình trước khi nướng khi có sự khác bi
CASE_0246,1009023,mixed,4,7671705,0.6752,0.6752,0,vi,Men máy làm bánh mì. 1 Bread Machine Men là một loại Men ăn liền và có hiệu suất tuyệt vời bằng cách sử dụng các phương pháp nướng bánh mì và truyền thống bằng máy. Men tức thì không được khuyến khích sử dụng trong các phương pháp nướng bột trong tủ lạnh hoặc đông lạnh. 2 SAFÃƒâ € šÃ‚Â® Bread Machin
CASE_0246,1009023,mixed,5,3300891,0.6743,0.6743,0,vi,"Men của thợ làm bánh được sử dụng để nấu rượu và bia tự làm, trong khi men của thợ làm bánh làm cho bánh mì nổi lên. Bạn không thể ủ rượu bằng men làm bánh và bạn không thể ủ bánh mì bằng men nấu rượu."
CASE_0246,1009023,mixed,6,4849564,0.6713,0.6713,0,vi,"Sự khác biệt đối với việc làm rượu là men bánh mì không chịu được rượu, đủ để tiêu thụ hết đường và biến nó thành rượu. Rượu được tạo ra trong quá trình lên men sẽ giết chết men bánh mì trước khi nó hoàn thành công việc của mình."
CASE_0246,1009023,mixed,7,4680412,0.6671,0.6671,0,vi,"Trong quá trình sản xuất bánh mì lớn hoặc bánh mì men, không nên sử dụng sữa thay cho nước. Lên men là nguyên tắc cơ bản của men bánh mì, và quá trình lên men được kiểm soát bởi nhiệt độ. Nó ngon hơn và có hương vị đậm đà hơn và giữ nếp tốt hơn so với các loại bánh mì men khác, và nó có kết cấu giốn"
CASE_0246,1009023,mixed,8,947554,0.6637,0.6637,0,vi,"Điểm khác biệt là men rượu đã được lai tạo để chịu được nồng độ cồn cao hơn. Men làm bánh (ví dụ) sẽ tạo ra rượu nhưng men sẽ chết trước khi cao hơn nhiều so với 4%. Men bia là một chủng khác với men của thợ làm bánh, và có nghĩa là, như tên của nó, để nấu bia."
CASE_0246,1009023,mixed,9,5594790,0.6614,0.6614,0,vi,Men này có thể được thay thế cho Men bánh tươi. Men bánh nhỏ (.6 oz) tương đương với 1 gói men khô. Men bánh lớn (2-oz) tương đương với 3 gói men khô. RapidRiseÃƒâ € šÃ‚Â® Yeast cũng giống như Men máy làm bánh mì và Men ăn liền.
CASE_0246,1009023,mixed,10,7671706,0.658,0.658,0,vi,"Men Bread Machine là một loại Men ăn liền và có hiệu suất tuyệt vời bằng cách sử dụng các phương pháp nướng bánh mì truyền thống và máy làm bánh mì. Men tức thì không được khuyến khích sử dụng trong các phương pháp nướng bột trong tủ lạnh hoặc đông lạnh. SAFÃƒâ € šÃ‚Â® Bread Machine Men, bakipanÃƒâ"
CASE_0246,1010607,endpoint,1,4543611,0.6971,0.6971,0,vi,"Đối với mục đích của phần này, chỉ các nội tiết tố androgen, estrogen và progestin được xem xét, vì chúng là các hormone chịu trách nhiệm chính cho sự phát triển các đặc điểm giới tính thứ cấp, một thuật ngữ được mô tả thêm bên dưới."
CASE_0246,1010607,endpoint,2,2722440,0.6967,0.6967,1,vi,Hormone chịu trách nhiệm cho sự phát triển các đặc điểm giới tính chính ở nam giới và sự phát triển sau này của các đặc điểm giới tính thứ cấp ở nam giới. Testosterone cũng cần thiết cho sự trưởng thành của tinh trùng và ham muốn tình dục.
CASE_0246,1010607,endpoint,3,2940660,0.6757,0.6757,0,vi,Tuyến nào tiết ra hoocmôn điều khiển chức năng của các tuyến nội tiết khác? - 3540258
CASE_0246,1010607,endpoint,4,6028912,0.6684,0.6684,0,vi,"Thay đổi giới tính thứ cấp là những thay đổi về thể chất liên quan đến sự gia tăng liên tục của các hormone sinh dục - estrogen và progesterone ở nữ và testosterone ở nam. Những thay đổi giới tính thứ cấp như vậy bao gồm. 1 phát triển mô vú, mở rộng tinh hoàn (tinh hoàn) và dương vật, và."
CASE_0246,1010607,endpoint,5,8703680,0.6655,0.6655,0,vi,"Các dấu hiệu và triệu chứng của dậy thì sớm trung ương. Thay đổi giới tính thứ cấp là những thay đổi về thể chất liên quan đến sự gia tăng liên tục của các hormone sinh dục - estrogen và progesterone ở nữ và testosterone ở nam. Những thay đổi giới tính thứ cấp như vậy bao gồm. phát triển mô vú, mở r"
CASE_0246,1010607,endpoint,6,6203953,0.6653,0.6653,0,vi,"đặc điểm giới tính thứ cấp, bất kỳ đặc điểm thể chất bên ngoài nào của quá trình trưởng thành phụ thuộc vào kích thích nội tiết tố phát triển ở cá thể trưởng thành. Các đặc điểm này bao gồm sự phân bố lông ở người trưởng thành và sự phát triển của dương vật hoặc vú và môi âm hộ. đặc điểm giới tính t"
CASE_0246,1010607,endpoint,7,47723,0.6608,0.6608,0,vi,"đặc điểm giới tính thứ cấp. Bất kỳ đặc điểm thể chất nào ở động vật trưởng thành về mặt giới tính không liên quan trực tiếp đến quá trình sinh sản. Chúng bao gồm sự phát triển ngực ở linh trưởng cái, mọc lông mặt ở nam giới trẻ, sự phát triển của gạc ở linh dương và bộ lông sặc sỡ ở chim đực. Sự xuấ"
CASE_0246,1010607,endpoint,8,2020964,0.6578,0.6578,0,vi,"Gen SRD5A2 cung cấp hướng dẫn tạo ra một loại enzym có tên là steroid 5-alpha reductase 2. Loại enzym này tham gia vào quá trình xử lý nội tiết tố androgen, là các hormon chỉ đạo sự phát triển giới tính nam. Cụ thể, enzyme chịu trách nhiệm cho một phản ứng hóa học chuyển đổi hormone testosterone thà"
CASE_0246,1010607,endpoint,9,2584833,0.6555,0.6555,0,vi,"Các dấu hiệu và triệu chứng của dậy thì sớm trung ương. Thay đổi giới tính thứ cấp là những thay đổi về thể chất liên quan đến sự gia tăng liên tục của các hormone sinh dục - estrogen và progesterone ở nữ và testosterone ở nam. sự hiện diện của lông mu, lông nách và lông mặt. tăng kích thước và sức"
CASE_0246,1010607,endpoint,10,704756,0.6554,0.6554,0,vi,"Một chất bổ sung bị bỏ qua là steroid đồng hóa tự nhiên của cơ thể được gọi là testosterone. Testosterone chịu trách nhiệm về các đặc điểm giới tính nam thứ cấp về khối lượng cơ, sức mạnh, mật độ xương, sự phân bố chất béo, kiểu tóc, giọng nói trầm hơn, khả năng sinh sản, ham muốn tình dục và năng l"
CASE_0246,1010607,mixed,1,2722440,0.7138,0.7138,1,vi,Hormone chịu trách nhiệm cho sự phát triển các đặc điểm giới tính chính ở nam giới và sự phát triển sau này của các đặc điểm giới tính thứ cấp ở nam giới. Testosterone cũng cần thiết cho sự trưởng thành của tinh trùng và ham muốn tình dục.
CASE_0246,1010607,mixed,2,4543611,0.6984,0.6984,0,vi,"Đối với mục đích của phần này, chỉ các nội tiết tố androgen, estrogen và progestin được xem xét, vì chúng là các hormone chịu trách nhiệm chính cho sự phát triển các đặc điểm giới tính thứ cấp, một thuật ngữ được mô tả thêm bên dưới."
CASE_0246,1010607,mixed,3,2020964,0.6879,0.6879,0,vi,"Gen SRD5A2 cung cấp hướng dẫn tạo ra một loại enzym có tên là steroid 5-alpha reductase 2. Loại enzym này tham gia vào quá trình xử lý nội tiết tố androgen, là các hormon chỉ đạo sự phát triển giới tính nam. Cụ thể, enzyme chịu trách nhiệm cho một phản ứng hóa học chuyển đổi hormone testosterone thà"
CASE_0246,1010607,mixed,4,5434856,0.682,0.682,0,vi,testosterone. hormone sinh dục nam chính (androgen) được sản xuất bởi tế bào Leydig của tinh hoàn để đáp ứng với hormone tạo hoàng thể do tuyến yên tiết ra. Nó cũng được sản xuất bởi vỏ thượng thận ở cả nam và nữ. Hormone nữ được sản xuất bởi tinh hoàn và (một lượng nhỏ) trong buồng trứng. Testoster
CASE_0246,1010607,mixed,5,5025392,0.6777,0.6777,0,vi,testosterone. hormone sinh dục nam chính (androgen) được sản xuất bởi tế bào Leydig của tinh hoàn để đáp ứng với hormone tạo hoàng thể do tuyến yên tiết ra. Nó cũng được sản xuất bởi vỏ thượng thận ở cả nam và nữ. Hormone nữ được sản xuất bởi tinh hoàn và (một lượng nhỏ) trong buồng trứng. Testoster
CASE_0246,1010607,mixed,6,5434861,0.6775,0.6775,0,vi,testosterone. hormone sinh dục nam (androgen) quan trọng nhất được sản xuất bởi tế bào Leydig của tinh hoàn để đáp ứng với hormone luteinizing (LH) được tiết ra bởi hormone tuyến yên. do tinh hoàn và (một lượng nhỏ) trong buồng trứng tiết ra. Testosterone chịu trách nhiệm cho một số đặc điểm giới tí
CASE_0246,1010607,mixed,7,6946413,0.6771,0.6771,0,vi,Con đực. Androgen (hormone sinh dục nam) chính là testosterone. Steroid này được sản xuất bởi các tế bào kẽ (Leydig) của tinh hoàn. Sự tiết testosterone tăng mạnh ở tuổi dậy thì và là nguyên nhân dẫn đến sự phát triển của cái gọi là các đặc điểm sinh dục thứ cấp (ví dụ: râu) của nam giới.
CASE_0246,1010607,mixed,8,1472360,0.6746,0.6746,0,vi,"Một ví dụ nổi tiếng khác về steroid, là hormone sinh dục: Testosterone cho nam, progesterone và estrogen cho nữ. Ở nam giới, testosterone chịu trách nhiệm chính cho sự phát triển của các đặc điểm sinh dục thứ cấp, trong khi các nội tiết tố nữ kiểm soát quá trình rụng trứng."
CASE_0246,1010607,mixed,9,7322508,0.671,0.671,0,vi,"Nhấp vào liên kết để biết thêm thông tin. Tiết ra các hormone kích thích sự mở rộng và phát triển của các cơ quan sinh dục, từ đó có khả năng sinh sản. Sự xuất hiện của các đặc điểm giới tính thứ cấp cũng xuất hiện ở tuổi dậy thì."
CASE_0246,1010607,mixed,10,2575734,0.6674,0.6674,0,vi,"B. Testosterone chịu trách nhiệm về các đặc điểm giới tính nam chính và phụ. 1. Các đặc điểm giới tính chính có liên quan đến sự phát triển của ống dẫn tinh và các ống dẫn khác, sự phát triển của cấu trúc sinh sản bên ngoài, và sản xuất tinh trùng cũng như ham muốn tình dục (và một số gia tăng tính"
CASE_0246,1029772,endpoint,1,4067082,0.6036,0.6036,0,vi,"Mã ZIP + 4 mở rộng, được giới thiệu vào những năm 1980, bao gồm năm chữ số của mã ZIP Prior Lake, một dấu gạch ngang và bốn chữ số khác xác định một vị trí cụ thể hơn trong một mã ZIP nhất định ở Prior Lake, Minnesota. Mã Zip trước Hồ là 55372. Nếu bạn muốn gửi thư đến Thành phố Hồ trước, bạn nên sử"
CASE_0246,1029772,endpoint,2,7218572,0.595,0.595,1,vi,"Mã ZIP + 4 mở rộng, được giới thiệu vào những năm 1980, bao gồm năm chữ số của mã ZIP Lake Arrowhead, một dấu gạch ngang và bốn chữ số khác xác định một vị trí cụ thể hơn trong một mã ZIP nhất định ở Lake Arrowhead, California. Mã Zip của Hồ Arrowhead là 92352. Nếu bạn muốn gửi thư đến Thành phố Hồ"
CASE_0246,1029772,endpoint,3,4858810,0.5802,0.5802,0,vi,"ÃƒÂ ¢ Ã‚â‚¬Ã‚Å “Chao ôi, mã zip thấp nhất không phải là một chữ số hoặc thuộc quyền sở hữu của Tòa án tối cao hoặc nhóm khác. Mã zip được sử dụng thấp nhất là 00501 và nó thuộc về trung tâm xử lý thư IRS đặt tại Holtsville, New York. Ngược lại, mã zip được sử dụng cao nhất, 99950, thuộc về thành phố"
CASE_0246,1029772,endpoint,4,2146089,0.5799,0.5799,0,vi,"Các vị trí đáng chú ý trong mã zip này không được liệt kê trên các trang thành phố của chúng tôi. Nhấp để vẽ / xóa đường viền mã zip. Các địa điểm đáng chú ý trong mã zip 45742: Cầu Đôi (A), Bãi hạ bộ Hồ (B), Hạ cánh Curtis (C), Sở cứu hỏa Little Hocking (D). Hiển thị / ẩn vị trí của họ trên bản đồ."
CASE_0246,1029772,endpoint,5,1677623,0.5786,0.5786,0,vi,"Hồ Milton, Ohio. Hồ Milton là một địa điểm được chỉ định điều tra dân số ở trung tâm Thị trấn Milton, Quận Mahoning, Ohio, Hoa Kỳ. Mặc dù nó chưa được hợp nhất, nó có một bưu điện, với mã ZIP là 44429. Nó nằm ở rìa của Hồ Milton ở phía tây bắc Mahoning County."
CASE_0246,1029772,endpoint,6,2226286,0.5756,0.5756,0,vi,Hàm sau sẽ đảm bảo mã zip ở định dạng sau. 12345 hoặc 54321-1234.
CASE_0246,1029772,endpoint,7,7806919,0.5703,0.5703,0,vi,"Mã ZIP của Hồ Murray (bang SC). Mã ZIP của Hồ Murray (SC) là 29036. Dưới đây bạn có thể tìm bản đồ của Hồ Murray hoặc tra cứu các mã ZIP khác ở Nam Carolina hoặc các tiểu bang khác của Hoa Kỳ. Nếu mã ZIP của Lake Murray bị trùng lặp và những nơi khác có cùng số mã ZIP, bạn có thể sử dụng trình tìm k"
CASE_0246,1029772,endpoint,8,7806922,0.5699,0.5699,0,vi,"Hồ Murray Shores (bang SC) mã ZIP. Mã ZIP của Bờ Hồ Murray (SC) là 29070. Dưới đây bạn có thể tìm thấy bản đồ của Bờ Hồ Murray hoặc tra cứu các mã ZIP khác ở Nam Carolina hoặc các tiểu bang khác của Hoa Kỳ. Nếu mã ZIP của Lake Murray Shores bị trùng lặp và những nơi khác có cùng số mã ZIP, bạn có th"
CASE_0246,1029772,endpoint,9,4059692,0.569,0.569,0,vi,"Thông thường, thành phố lớn nhất trong tiền tố được cung cấp mã zip kết thúc bằng 01. Chữ số đầu tiên của mã ZIP được sử dụng như sau: 0 = Connecticut (CT), Massachusetts (MA), Maine (ME), New Hampshire (NH ), New Jersey (NJ), Puerto Rico (PR), Đảo Rhode (RI), Vermont (VT), Quần đảo Virgin (VI), APO"
CASE_0246,1029772,endpoint,10,7816298,0.5673,0.5673,0,vi,"Mã Zip BAY HARBOR (MI) Mã Zip cho Bay Harbour là. Cảng Bay ở Emmet, Michigan trong vùng Hồ Lớn của Hoa Kỳ. Nó nằm cách thủ đô Lansing của MI khoảng 182 dặm về phía bắc. Quần đảo Bay Harbour (FL) là 1371 dặm về phía nam-đông nam. Bay Harbour Is (FL) là 1371 dặm về phía nam-đông nam."
CASE_0246,1029772,mixed,1,7218572,0.7057,0.7057,1,vi,"Mã ZIP + 4 mở rộng, được giới thiệu vào những năm 1980, bao gồm năm chữ số của mã ZIP Lake Arrowhead, một dấu gạch ngang và bốn chữ số khác xác định một vị trí cụ thể hơn trong một mã ZIP nhất định ở Lake Arrowhead, California. Mã Zip của Hồ Arrowhead là 92352. Nếu bạn muốn gửi thư đến Thành phố Hồ"
CASE_0246,1029772,mixed,2,7218569,0.6909,0.6909,0,vi,"Hồ Arrowhead CA Mã ZIP Thành phố Lake Arrowhead nằm ở Bang California, Hạt San Bernardino và có một mã zip duy nhất được cấp bởi Văn phòng Bưu điện Hoa Kỳ. Bạn có thể tìm kiếm mã zip của Lake Arrowhead CA theo các đường phố của nó và số khối nếu chúng tôi có một số đường phố Lake Arrowhead được tải"
CASE_0246,1029772,mixed,3,7218576,0.6893,0.6893,0,vi,"Mã ZIP của Hồ Arrowhead CA. Thành phố Lake Arrowhead nằm ở Bang California, Quận San Bernardino và có một mã zip duy nhất do Văn phòng Bưu điện Hoa Kỳ ấn định. Bạn có thể tìm kiếm mã zip của Lake Arrowhead CA theo các đường phố của nó và số khối nếu chúng tôi có một số đường phố Lake Arrowhead được"
CASE_0246,1029772,mixed,4,7218571,0.6633,0.6633,0,vi,"Trang này hiển thị Bản đồ Google với lớp phủ Mã Zip cho Hồ Arrowhead, Hạt San Bernardino, California. Người dùng có thể dễ dàng xem ranh giới của từng Zip Code. Lake Arrowhead, Quận San Bernardino, California Biên giới Bản đồ Mã Zip Phiên bản 3.0 Bản quyền © 1996-2017 USNaviguide LLC. Đã đăng ký Bản"
CASE_0246,1029772,mixed,5,7218567,0.6584,0.6584,0,vi,"Trang này hiển thị Bản đồ Google với lớp phủ Mã Zip cho Hồ Arrowhead, Hạt San Bernardino, California. Người dùng có thể dễ dàng xem ranh giới của từng Zip Code. Hướng dẫn lập chỉ mục Chính sách bảo mật Mua quảng cáo trên trang web của chúng tôi."
CASE_0246,1029772,mixed,6,7218573,0.6515,0.6515,0,vi,"Trang này hiển thị Bản đồ Google với lớp phủ Mã Zip cho Hồ Arrowhead, Hạt San Bernardino, California. Người dùng có thể dễ dàng xem ranh giới của từng Mã Zip và toàn bộ trạng thái."
CASE_0246,1029772,mixed,7,4067082,0.6334,0.6334,0,vi,"Mã ZIP + 4 mở rộng, được giới thiệu vào những năm 1980, bao gồm năm chữ số của mã ZIP Prior Lake, một dấu gạch ngang và bốn chữ số khác xác định một vị trí cụ thể hơn trong một mã ZIP nhất định ở Prior Lake, Minnesota. Mã Zip trước Hồ là 55372. Nếu bạn muốn gửi thư đến Thành phố Hồ trước, bạn nên sử"
CASE_0246,1029772,mixed,8,7900829,0.6252,0.6252,0,vi,"Bản đồ mã ZIP. Mã ZIP 92880 có tâm ở Quận Riverside và chồng lên (các) Khu vực Nghiên cứu Dịch vụ Y tế 151l, 151l, 135d, 135d, 135e, 135e, 135f và 135f."
CASE_0246,1029772,mixed,9,2832797,0.623,0.623,0,vi,"Bản đồ mã ZIP. Mã ZIP 92503 có tâm ở Quận Riverside và chồng lên (các) Khu vực Nghiên cứu Dịch vụ Y tế 135b, 135b, 135c, 135c, 135d và 135d."
CASE_0246,1029772,mixed,10,7900826,0.6228,0.6228,0,vi,"Trang chủ: Địa điểm: Mã ZIP: 92880. Mã ZIP 92880 nằm ở trung tâm của Quận Riverside và chồng lên (các) Khu vực Nghiên cứu Dịch vụ Y tế 151l, 151l, 135d, 135d, 135e, 135e, 135f và 135f."
CASE_0246,1049867,endpoint,1,5169842,0.6414,0.6414,0,vi,Bài hát đó là gì?
CASE_0246,1049867,endpoint,2,7946528,0.6354,0.6354,1,vi,"Đối với các mục đích sử dụng khác, hãy xem Here I Go Again (định hướng). Here I Go Again là một bài hát của ban nhạc rock người Anh Whitesnake. Được phát hành lần đầu trong album năm 1982, Saints & Sinners, bài hát được thu âm lại cho album cùng tên Whitesnake năm 1987 của họ. Bài hát đã được thu âm"
CASE_0246,1049867,endpoint,3,3763141,0.6247,0.6247,0,vi,Ai hát bài đó / bài hát đó tên là gì? Cảm ơn đã sử dụng.
CASE_0246,1049867,endpoint,4,45169,0.5891,0.5891,0,vi,Ai hát bài hát đi này mama cứ lắc lư trên sàn nhảy và điệp khúc đi I love you I love you I love you? bài hát được gọi là say hey của Michael crazyi và là mũi nhọn :) Chỉnh sửa
CASE_0246,1049867,endpoint,5,5287311,0.584,0.584,0,vi,tồn tại và là một thay thế của. Here I go again do David Coverdale và (ban nhạc) Whitesnake hát.
CASE_0246,1049867,endpoint,6,8229336,0.5787,0.5787,0,vi,"Và tôi muốn về nhà Hãy để tôi về nhà. Và IÃƒÂ ¢ Ã‚â‚¬Ã‚â „được bao quanh bởi hàng triệu người Tôi vẫn cảm thấy đơn độc Ôi, hãy để tôi về nhà Ồ, tôi nhớ bạn, bạn biết đấy. Hãy để tôi về nhà Tôi đã về nhà. Tôi sẽ về nhà tối nay Tôi sẽ trở về nhà. Ai hát bài hát đó ... mọi người nhảy bây giờ ...?"
CASE_0246,1049867,endpoint,7,3659835,0.5768,0.5768,0,vi,"Bài hát có những lời này là gì: vỗ tay, vỗ tay, vỗ tay, vỗ tay.?"
CASE_0246,1049867,endpoint,8,3663046,0.5758,0.5758,0,vi,"Tôi Nên Ở Lại Hay Tôi Nên Đi. Should I Stay or Should I Go là một bài hát của ban nhạc punk rock người Anh the Clash, trong album Combat Rock của họ. Nó được viết vào năm 1981 và có Mick Jones hát chính. Nó trở thành đĩa đơn quán quân duy nhất của ban nhạc trên UK Singles Chart, một thập kỷ sau khi"
CASE_0246,1049867,endpoint,9,2620772,0.5685,0.5685,0,vi,"Ai hát bài hát đi bạn quay đầu tôi tròn em bé ngay em bé tròn khi bạn đi xuống khi bạn đi xuống? Hỏi tốc độ ánh sáng đi một vòng trái đất mất bao lâu? Làm cho thế giới tốt đẹp hơn, một câu trả lời tại một thời điểm."
CASE_0246,1049867,endpoint,10,8709250,0.5667,0.5667,0,vi,WhitesnakeÃƒÂ ¢ Ã‚â‚¬Ã‚â „¢ s ÃƒÂ ¢ Ã‚â‚¬Ã‚Å“ Here I Go AgainÃƒÂ ¢ Ã‚â‚¬Ã ‚bài hát được sử dụng trong Walmart ÃƒÂ ¢ Ã‚â‚¬Ã‚Å “Back to schoolÃƒÂ ¢ Ã‚â‚¬Ã‚ thương mại. Đĩa đơn hit # 1 huyền thoại của WhitesnakeÃƒÂ ¢ Ã‚â‚¬Ã‚Ëœs ÃƒÂ ¢ Ã‚â‚¬Ã‚Å “Here I Go AgainÃƒÂ ¢ Ã‚â‚¬Ã‚ đang được sử dụng bởi gã khổng
CASE_0246,1049867,mixed,1,7946528,0.6871,0.6871,1,vi,"Đối với các mục đích sử dụng khác, hãy xem Here I Go Again (định hướng). Here I Go Again là một bài hát của ban nhạc rock người Anh Whitesnake. Được phát hành lần đầu trong album năm 1982, Saints & Sinners, bài hát được thu âm lại cho album cùng tên Whitesnake năm 1987 của họ. Bài hát đã được thu âm"
CASE_0246,1049867,mixed,2,5169842,0.6244,0.6244,0,vi,Bài hát đó là gì?
CASE_0246,1049867,mixed,3,5287311,0.6243,0.6243,0,vi,tồn tại và là một thay thế của. Here I go again do David Coverdale và (ban nhạc) Whitesnake hát.
CASE_0246,1049867,mixed,4,8709250,0.6156,0.6156,0,vi,WhitesnakeÃƒÂ ¢ Ã‚â‚¬Ã‚â „¢ s ÃƒÂ ¢ Ã‚â‚¬Ã‚Å“ Here I Go AgainÃƒÂ ¢ Ã‚â‚¬Ã ‚bài hát được sử dụng trong Walmart ÃƒÂ ¢ Ã‚â‚¬Ã‚Å “Back to schoolÃƒÂ ¢ Ã‚â‚¬Ã‚ thương mại. Đĩa đơn hit # 1 huyền thoại của WhitesnakeÃƒÂ ¢ Ã‚â‚¬Ã‚Ëœs ÃƒÂ ¢ Ã‚â‚¬Ã‚Å “Here I Go AgainÃƒÂ ¢ Ã‚â‚¬Ã‚ đang được sử dụng bởi gã khổng
CASE_0246,1049867,mixed,5,3763141,0.6035,0.6035,0,vi,Ai hát bài đó / bài hát đó tên là gì? Cảm ơn đã sử dụng.
CASE_0246,1049867,mixed,6,4385328,0.5955,0.5955,0,vi,"Together Again (Buck Owens song) Together Again là một bài hát năm 1964 của ca sĩ đồng quê Hoa Kỳ và nghệ sĩ guitar Buck Owens. Bài hát, được biết đến nhiều nhất với cái tên B side cho bản hit số 1 của Owens, My Heart Skips a Beat, đã làm gián đoạn vị trí số một của bài hát trên bảng xếp hạng quốc g"
CASE_0246,1049867,mixed,7,7946524,0.593,0.593,0,vi,Và có một bài hát năm 1969 với cùng tựa đề của Smokey Robinson và Miracles dường như hầu như không có sự lặp lại lời thoại. Nhưng có RẤT NHIỀU bài hát trong thập niên 60 và 70 được gọi là Here I Go Again. Thin Lizzy đã làm một. Ngay cả Country Joe & the Fish đã làm một (mặc dù không lặp lại dòng lặp
CASE_0246,1049867,mixed,8,7946523,0.5793,0.5793,0,vi,"Bỏ phiếu cho câu trả lời này. Có một số bài hát được gọi là Here I Go Again, và mỗi bài hát đều có sự lặp lại của tiêu đề. Ca khúc Gamble / Huff do Archie Bell and the Drells thể hiện có thể là bài hát hay nhất. Nó được phát hành vào năm 1969 và là một hit lớn của Vương quốc Anh Northern Soul vào nă"
CASE_0246,1049867,mixed,9,2327429,0.5762,0.5762,0,vi,Đây chỉ là lần thứ hai một bài hát đạt # 1 cho hai nghệ sĩ khác nhau - lần đầu tiên là Go Away Little Girl của Steve Lawrence vào năm 1962 và Donny Osmond vào năm 1971. Bài hát đó cũng được viết bởi King và Goffin. Bản cover của bài hát này là bản hit đầu tiên của ca sĩ người Úc Kylie Minogue.
CASE_0246,1049867,mixed,10,45169,0.5718,0.5718,0,vi,Ai hát bài hát đi này mama cứ lắc lư trên sàn nhảy và điệp khúc đi I love you I love you I love you? bài hát được gọi là say hey của Michael crazyi và là mũi nhọn :) Chỉnh sửa
CASE_0246,1058425,endpoint,1,6224657,0.5271,0.5271,0,vi,"Từ Wikipedia, bách khoa toàn thư miễn phí. Đối với các mục đích sử dụng khác, xem I Only Have Eyes for You (định hướng). I Only Have Eyes for You là một bản tình ca lãng mạn nổi tiếng của nhà soạn nhạc Harry Warren và nhà viết lời Al Dubin, được viết vào năm 1934 cho bộ phim Dames, nơi nó được giới"
CASE_0246,1058425,endpoint,2,7854161,0.5264,0.5264,1,vi,". Just One Look là bài hát do hai ca sĩ R&B người Mỹ Doris Troy và Gregory Carroll đồng sáng tác. Bản thu âm của Doris Troy là một bản hit vào năm 1963. The Hollies, Anne Murray và Linda Ronstadt đã thu âm các bản hit của riêng họ. Cũng đã có nhiều phiên bản khác của bài hát này."
CASE_0246,1058425,endpoint,3,7854155,0.5228,0.5228,0,vi,"Vì vậy, bạn thấy đấy, tôi thực sự quan tâm Nếu không có bạn, tôi không có gì cả ', oh-oh, oh-oh Chỉ cần một cái nhìn và tôi biết tôi sẽ có được bạn vào một ngày nào đó, oh-oh, oh-oh Chỉ cần một cái nhìn, thế là xong Chỉ một cái nhìn, đó là tất cả Chỉ cần một cái nhìn, đó là tất cả những gì tôi biết"
CASE_0246,1058425,endpoint,4,2807836,0.5131,0.5131,0,vi,"Gửi bởi Anonymous vào Thứ Hai, 29/04/2013 - 11:00. Trong khi thực hiện nghiên cứu cho cuốn tiểu thuyết của tôi, Patriots A Story of Bunker Hill dành cho thanh niên, tôi đã xem được một chú thích cuối trang tuyên bố rằng lệnh Đừng bắn cho đến khi bạn nhìn thấy Đôi mắt của người da trắng được thốt ra"
CASE_0246,1058425,endpoint,5,1298916,0.5129,0.5129,0,vi,"Gửi bởi Anonymous vào Thứ Hai, 29/04/2013 - 11:00. Trong khi thực hiện nghiên cứu cho cuốn tiểu thuyết của tôi, Patriots A Story of Bunker Hill dành cho thanh niên, tôi đã xem được một chú thích cuối trang tuyên bố rằng lệnh Đừng bắn cho đến khi bạn nhìn thấy Đôi mắt của người da trắng được thốt ra"
CASE_0246,1058425,endpoint,6,3710906,0.5116,0.5116,0,vi,"Look At Me là ca khúc số 6 trong album Play On, được viết bởi Lazarides, Kostas / Collins, Jim. Look At Me là ca khúc số 6 trong album Play On. Nó được viết bởi Lazarides, Kostas / Collins, Jim.ubmit Corrections Cancel. Tôi sẽ đánh cược mạng sống của mình như đặt cược trái tim mình. Rằng em là một,"
CASE_0246,1058425,endpoint,7,6224661,0.5108,0.5108,0,vi,"Từ 1959 Solid Gold Soul. BẤM VÀO ĐÂY PHIÊN BẢN ÂM THANH HD http: //www.youtube.com/watch? V = Pn8SFd ... The Flamingos-I only have eyes for you. Bài hát được viết bởi Harry Warren vào năm 1934, lời của Al Dubin, dành cho phim Dames với sự tham gia của Dick Powell và Ruby Keeler, và sau đó được giới"
CASE_0246,1058425,endpoint,8,5804141,0.5086,0.5086,0,vi,"Nhìn vào tôi ngay đi. Tôi cảm thấy có người lạ bên trong, đánh cắp niềm tự hào của tôi, tôi không thể để bạn, không thể để bạn đi Và nó làm tôi suy sụp vì bạn sẽ không ở bên cạnh. Chỉ nhìn tôi bây giờ, tôi không thể để cho bạn đi. Chỉ nhìn tôi bây giờ, tôi không thể để cho bạn đi. Chỉ cần nhìn tôi b"
CASE_0246,1058425,endpoint,9,7966672,0.5068,0.5068,0,vi,"Chỉ cần để mắt đến tôi .. Tôi đã nói, Bạn đang kìm lại,. Cô ấy nói, Im đi và nhảy với tôi !. Người phụ nữ này là định mệnh của tôi. Cô ấy nói, Ooh-ooh-hoo, Im đi và nhảy với tôi .. Ooh-ooh-hoo, im lặng và nhảy với tôi [x2]. Gửi sửa chữa. Truy cập www.azlyrics.com cho những lời bài hát này."
CASE_0246,1058425,endpoint,10,7775922,0.5057,0.5057,0,vi,"Crash Into Me của Dave Matthews Band Songfacts. Điều này được viết từ quan điểm của một người bạn trai muốn bạn gái của mình quay trở lại. Trong bài hát, anh ấy nói rằng I watch you there qua cửa sổ, về cơ bản nói rằng anh ấy đang quan sát và ngắm nhìn cô ấy xinh đẹp như thế nào."
CASE_0246,1058425,mixed,1,7854161,0.5805,0.5805,1,vi,". Just One Look là bài hát do hai ca sĩ R&B người Mỹ Doris Troy và Gregory Carroll đồng sáng tác. Bản thu âm của Doris Troy là một bản hit vào năm 1963. The Hollies, Anne Murray và Linda Ronstadt đã thu âm các bản hit của riêng họ. Cũng đã có nhiều phiên bản khác của bài hát này."
CASE_0246,1058425,mixed,2,6224657,0.5469,0.5469,0,vi,"Từ Wikipedia, bách khoa toàn thư miễn phí. Đối với các mục đích sử dụng khác, xem I Only Have Eyes for You (định hướng). I Only Have Eyes for You là một bản tình ca lãng mạn nổi tiếng của nhà soạn nhạc Harry Warren và nhà viết lời Al Dubin, được viết vào năm 1934 cho bộ phim Dames, nơi nó được giới"
CASE_0246,1058425,mixed,3,7854155,0.54,0.54,0,vi,"Vì vậy, bạn thấy đấy, tôi thực sự quan tâm Nếu không có bạn, tôi không có gì cả ', oh-oh, oh-oh Chỉ cần một cái nhìn và tôi biết tôi sẽ có được bạn vào một ngày nào đó, oh-oh, oh-oh Chỉ cần một cái nhìn, thế là xong Chỉ một cái nhìn, đó là tất cả Chỉ cần một cái nhìn, đó là tất cả những gì tôi biết"
CASE_0246,1058425,mixed,4,3710906,0.5369,0.5369,0,vi,"Look At Me là ca khúc số 6 trong album Play On, được viết bởi Lazarides, Kostas / Collins, Jim. Look At Me là ca khúc số 6 trong album Play On. Nó được viết bởi Lazarides, Kostas / Collins, Jim.ubmit Corrections Cancel. Tôi sẽ đánh cược mạng sống của mình như đặt cược trái tim mình. Rằng em là một,"
CASE_0246,1058425,mixed,5,6224661,0.5167,0.5167,0,vi,"Từ 1959 Solid Gold Soul. BẤM VÀO ĐÂY PHIÊN BẢN ÂM THANH HD http: //www.youtube.com/watch? V = Pn8SFd ... The Flamingos-I only have eyes for you. Bài hát được viết bởi Harry Warren vào năm 1934, lời của Al Dubin, dành cho phim Dames với sự tham gia của Dick Powell và Ruby Keeler, và sau đó được giới"
CASE_0246,1058425,mixed,6,6224659,0.5106,0.5106,0,vi,"Tại Hoa Kỳ, bài hát đạt vị trí thứ 18 trên Billboard Hot 100 của Hoa Kỳ và vị trí số 1 trên bảng xếp hạng đương đại dành cho người lớn. Mặt B của đĩa đơn phát hành là Looking For the Right One, một bài hát được viết bởi Stephen Bishop. Garfunkel đã biểu diễn I Only Have Eyes for You trong tập thứ ha"
CASE_0246,1058425,mixed,7,7854158,0.5046,0.5046,0,vi,"Lời bài hát có nội dung: Chỉ một cái nhìn và tôi đã yêu rất nhiều Yêu em, oh-oh, oh-oh Tôi đã tìm ra cảm giác tuyệt vời Để có được tình yêu của bạn, oh-oh, oh-oh Hãy nói rằng bạn sẽ làm được, sẽ là của tôi Mãi mãi và luôn luôn, oh-oh, oh-oh Chỉ một cái nhìn và tôi biết rằng bạn là người duy nhất của"
CASE_0246,1058425,mixed,8,6224660,0.5044,0.5044,0,vi,"Chuyển hướng từ Tôi Chỉ Có Đôi mắt cho bạn. 1.744 trang trên wiki này. I Only Have Eyes for You của The Flamingos được giới thiệu trong Sadie Hawkins, tập thứ mười một của Phần bốn. Nó được hát bởi Ryder với Artie, Joe, và bản sao lưu hát Unique được chuyển hướng từ I Only Have Eyes For You. 1.744 t"
CASE_0246,1058425,mixed,9,6224664,0.5003,0.5003,0,vi,"Ban nhạc làn sóng mới của Mỹ Blondie đã viết một bài hát mang tên For Your Eyes Only với hy vọng biến nó trở thành chủ đề mở đầu cho bộ phim James Bond sắp tới, nhưng các nhà sản xuất thích một bài hát khác có cùng tựa đề do Bill Conti và Mike Leeson viết. bài hát Blondie cùng tên này, xem The Hunte"
CASE_0246,1058425,mixed,10,2429921,0.4999,0.4999,0,vi,One là một bài hát được viết bởi Harry Nilsson và nổi tiếng bởi Three Dog Night với bản cover năm 1969 đã đạt vị trí thứ 5 trên Billboard Hot 100. Bài hát được biết đến với đoạn mở đầu Một là bài hát đơn độc nhất mà bạn từng làm được. Nilsson đã viết bài hát sau khi gọi cho ai đó và nhận được tín hi
CASE_0246,1079340,endpoint,1,7511514,0.698,0.698,0,vi,"Luật sư (có hoặc không có đương sự) xuất hiện trước tòa để báo cáo về tình trạng của một vụ án, chẳng hạn như liệu người đó đã sẵn sàng để tiến hành xét xử hay chưa. Cuộc gọi docket cung cấp một số thông tin liên quan đến vụ việc để nhóm pháp lý của chúng tôi cũng phân tích nó để có bất kỳ thông tin"
CASE_0246,1079340,endpoint,2,7150401,0.6962,0.6962,1,vi,"Tòa án tiến hành xét xử hoặc xét xử. Docket cuộc gọi. Khi dấu chấm được gọi, thẩm phán chỉ cần gọi từng trường hợp theo thứ tự mà chúng đã được thiết lập. Mục đích của cuộc gọi docket là để cho phép thẩm phán xác định có bao nhiêu vụ án sẵn sàng để xét xử. Thông tin này giúp thẩm phán lập kế hoạch t"
CASE_0246,1079340,endpoint,3,7511520,0.6913,0.6913,0,vi,"Sử dụng lệnh gọi trong câu. Cuộc gọi docket cung cấp một số thông tin liên quan đến vụ việc để nhóm pháp lý của chúng tôi cũng phân tích nó để có bất kỳ thông tin hữu ích nào. Các vấn đề của vụ án vẫn đang chờ xử lý, tuy nhiên luật sư của tôi đã đến tòa án ngày hôm qua để hoàn tất cuộc gọi báo cáo r"
CASE_0246,1079340,endpoint,4,7150407,0.682,0.682,0,vi,"Tòa án tiến hành xét xử hoặc xét xử. Khi dấu chấm được gọi, thẩm phán chỉ cần gọi từng trường hợp theo thứ tự mà chúng đã được thiết lập. Mục đích của cuộc gọi docket là để cho phép thẩm phán xác định có bao nhiêu vụ án sẵn sàng để xét xử. Thông tin này giúp thẩm phán lập kế hoạch trình tự của các p"
CASE_0246,1079340,endpoint,5,7150404,0.6773,0.6773,0,vi,"Mục đích của việc gọi bảng là để đảm bảo rằng tất cả những người dự kiến ​​hầu tòa đều có mặt. Ở một số tòa án, việc gọi điện được thay thế bằng thủ tục nhận phòng với một thừa phát lại hoặc thành viên khác của nhân viên tòa án. Một bị cáo không xuất hiện trong cuộc gọi docket sẽ bị thu hồi trái phi"
CASE_0246,1079340,endpoint,6,4043288,0.6483,0.6483,0,vi,"Câu trả lời hay nhất: Ở Florida, thuật ngữ docket âm thanh được sử dụng để ghi lại ngày mà tòa án và các bên tham gia trong các vụ án được tập hợp lại với nhau để xác định xem những vụ án này có được đưa ra xét xử trong thời gian xét xử theo lịch trình của tòa án hay không. Trong một số tòa án hình"
CASE_0246,1079340,endpoint,7,4043287,0.6481,0.6481,0,vi,DOCKET SOUNDING là nỗ lực cuối cùng của Thẩm phán và các luật sư liên quan để lên lịch ngày và giờ cụ thể cho các phiên tòa ngay trước khi bắt đầu phiên tòa Tất cả các nạn nhân và nhân chứng sẽ nhận được trát đòi hầu tòa trong một thời gian nhất định khi được lên lịch.
CASE_0246,1079340,endpoint,8,7511515,0.6396,0.6396,0,vi,"Mục đích của một ngày mini docket là gì? Người yêu cũ của tôi đã ra tòa vào ngày thứ hai cho ngày docket của anh ấy và họ vượt qua / đặt lại nó trong một tuần sau đó vào ngày thứ chín cho một ngày mini docket. Câu trả lời hay nhất Cảm ơn! Về cơ bản, đây là một phiên điều trần tình trạng để xác định"
CASE_0246,1079340,endpoint,9,1653905,0.6394,0.6394,0,vi,"Gọi vụ án. Khi đến lúc vụ án của bạn được tòa án xét xử, thư ký cảnh sát trưởng sẽ gọi tên vụ việc và phiên điều trần sẽ bắt đầu. Điều này sẽ xảy ra cho dù đó là phiên điều trần đầu tiên hay bằng chứng. Nếu bạn đang đại diện cho chính mình, bạn sẽ phải ra trước tòa khi vụ việc của bạn được gọi."
CASE_0246,1079340,endpoint,10,7136187,0.6297,0.6297,0,vi,"Số docket là số hồ sơ hoặc số theo dõi của tòa án. Một khi số hiệu được chỉ định cho một vụ án, nó phải xuất hiện trên tất cả các giấy tờ được nộp cho Tòa án."
CASE_0246,1079340,mixed,1,7150401,0.719,0.719,1,vi,"Tòa án tiến hành xét xử hoặc xét xử. Docket cuộc gọi. Khi dấu chấm được gọi, thẩm phán chỉ cần gọi từng trường hợp theo thứ tự mà chúng đã được thiết lập. Mục đích của cuộc gọi docket là để cho phép thẩm phán xác định có bao nhiêu vụ án sẵn sàng để xét xử. Thông tin này giúp thẩm phán lập kế hoạch t"
CASE_0246,1079340,mixed,2,7150407,0.7086,0.7086,0,vi,"Tòa án tiến hành xét xử hoặc xét xử. Khi dấu chấm được gọi, thẩm phán chỉ cần gọi từng trường hợp theo thứ tự mà chúng đã được thiết lập. Mục đích của cuộc gọi docket là để cho phép thẩm phán xác định có bao nhiêu vụ án sẵn sàng để xét xử. Thông tin này giúp thẩm phán lập kế hoạch trình tự của các p"
CASE_0246,1079340,mixed,3,7511514,0.7011,0.7011,0,vi,"Luật sư (có hoặc không có đương sự) xuất hiện trước tòa để báo cáo về tình trạng của một vụ án, chẳng hạn như liệu người đó đã sẵn sàng để tiến hành xét xử hay chưa. Cuộc gọi docket cung cấp một số thông tin liên quan đến vụ việc để nhóm pháp lý của chúng tôi cũng phân tích nó để có bất kỳ thông tin"
CASE_0246,1079340,mixed,4,7511520,0.6907,0.6907,0,vi,"Sử dụng lệnh gọi trong câu. Cuộc gọi docket cung cấp một số thông tin liên quan đến vụ việc để nhóm pháp lý của chúng tôi cũng phân tích nó để có bất kỳ thông tin hữu ích nào. Các vấn đề của vụ án vẫn đang chờ xử lý, tuy nhiên luật sư của tôi đã đến tòa án ngày hôm qua để hoàn tất cuộc gọi báo cáo r"
CASE_0246,1079340,mixed,5,7150404,0.688,0.688,0,vi,"Mục đích của việc gọi bảng là để đảm bảo rằng tất cả những người dự kiến ​​hầu tòa đều có mặt. Ở một số tòa án, việc gọi điện được thay thế bằng thủ tục nhận phòng với một thừa phát lại hoặc thành viên khác của nhân viên tòa án. Một bị cáo không xuất hiện trong cuộc gọi docket sẽ bị thu hồi trái phi"
CASE_0246,1079340,mixed,6,4043288,0.6766,0.6766,0,vi,"Câu trả lời hay nhất: Ở Florida, thuật ngữ docket âm thanh được sử dụng để ghi lại ngày mà tòa án và các bên tham gia trong các vụ án được tập hợp lại với nhau để xác định xem những vụ án này có được đưa ra xét xử trong thời gian xét xử theo lịch trình của tòa án hay không. Trong một số tòa án hình"
CASE_0246,1079340,mixed,7,7511515,0.6585,0.6585,0,vi,"Mục đích của một ngày mini docket là gì? Người yêu cũ của tôi đã ra tòa vào ngày thứ hai cho ngày docket của anh ấy và họ vượt qua / đặt lại nó trong một tuần sau đó vào ngày thứ chín cho một ngày mini docket. Câu trả lời hay nhất Cảm ơn! Về cơ bản, đây là một phiên điều trần tình trạng để xác định"
CASE_0246,1079340,mixed,8,7136187,0.6576,0.6576,0,vi,"Số docket là số hồ sơ hoặc số theo dõi của tòa án. Một khi số hiệu được chỉ định cho một vụ án, nó phải xuất hiện trên tất cả các giấy tờ được nộp cho Tòa án."
CASE_0246,1079340,mixed,9,4043287,0.6575,0.6575,0,vi,DOCKET SOUNDING là nỗ lực cuối cùng của Thẩm phán và các luật sư liên quan để lên lịch ngày và giờ cụ thể cho các phiên tòa ngay trước khi bắt đầu phiên tòa Tất cả các nạn nhân và nhân chứng sẽ nhận được trát đòi hầu tòa trong một thời gian nhất định khi được lên lịch.
CASE_0246,1079340,mixed,10,1653905,0.63,0.63,0,vi,"Gọi vụ án. Khi đến lúc vụ án của bạn được tòa án xét xử, thư ký cảnh sát trưởng sẽ gọi tên vụ việc và phiên điều trần sẽ bắt đầu. Điều này sẽ xảy ra cho dù đó là phiên điều trần đầu tiên hay bằng chứng. Nếu bạn đang đại diện cho chính mình, bạn sẽ phải ra trước tòa khi vụ việc của bạn được gọi."
CASE_0246,1086075,endpoint,1,1501665,0.7753,0.7753,0,vi,"Những vết sưng nhỏ có thể xảy ra trên tay của bạn vì một số lý do. Tùy thuộc vào nguyên nhân gây ra vết sưng trên tay, bạn có thể điều trị chúng bằng các vật dụng trong nhà bếp hoặc có thể yêu cầu thuốc theo toa."
CASE_0246,1086075,endpoint,2,7113372,0.7528,0.7528,1,vi,"Bài giải. Nguyên nhân phổ biến nhất gây ra các vết sưng nhỏ trên lòng bàn tay là một thứ gọi là chàm thể tạng. Trong tình trạng này, da ở lòng bàn tay (hoặc lòng bàn chân) bị kích ứng và các triệu chứng ban đầu là các mụn nước nhỏ cứng dưới da, có kích thước như đầu đinh ghim, có thể có màu trắng ho"
CASE_0246,1086075,endpoint,3,1476205,0.739,0.739,0,vi,"Nguyên nhân phổ biến nhất gây ra các vết sưng nhỏ trên lòng bàn tay là một thứ gọi là chàm thể tạng. Trong tình trạng này, da ở lòng bàn tay (hoặc lòng bàn chân) bị kích ứng và các triệu chứng ban đầu là các mụn nước nhỏ cứng dưới da, có kích thước như đầu đinh ghim, có thể có màu trắng hoặc trong."
CASE_0246,1086075,endpoint,4,8381618,0.7123,0.7123,0,vi,"Sự xuất hiện của các mảng nhỏ trên tay của bạn có thể do một số nguyên nhân bao gồm chấn thương thể chất như bỏng và vết chai hoặc tác động của các tác nhân hóa học trên da hoặc các bệnh về da. Nếu những mảng trắng này vỡ ra trên tay của bạn mà không có tổn thương trước đó, rất có thể ứng cử viên là"
CASE_0246,1086075,endpoint,5,8532583,0.7105,0.7105,0,vi,1 Tôi bắt đầu nổi những mụn thịt nhỏ màu thịt bên trong khuỷu tay và biến thành những nốt đỏ ngứa. Tiến sĩ John Chiu Tiến sĩ Chiu. 1 bác sĩ đồng ý: Nhiều nguyên nhân: Thường thì chúng ta không biết nguyên nhân gây ra những vết sưng tấy này. Bạn có thể thử bôi thuốc mỡ hoặc kem Hydrocortisone lên chú
CASE_0246,1086075,endpoint,6,2682552,0.7031,0.7031,0,vi,"1 Lòng bàn tay ửng đỏ do các mạch máu nhỏ giãn nở. 2 Các cụm mạch máu ngay dưới da trông giống như những con nhện nhỏ màu đỏ và thường xuất hiện trên ngực, vai và mặt của bạn. Sưng bụng, chân và bàn chân của bạn."
CASE_0246,1086075,endpoint,7,5054002,0.6982,0.6982,0,vi,"Bumps ở khuỷu tay và đầu gối. Các vết sưng trên khuỷu tay của một người là do rất nhiều lý do. Một trong những nguyên nhân chính gây ra vết sưng tấy trên khuỷu tay ở trẻ sơ sinh là do bệnh vẩy nến hoặc bệnh chàm, những bệnh thường gặp nhất của da. Những tình trạng da cụ thể này thường do sự kết hợp"
CASE_0246,1086075,endpoint,8,4475321,0.6973,0.6973,0,vi,Tại sao da trên cánh tay của bạn nổi sần - và phải làm gì về điều đó. Những vết sưng nhỏ đó là do một tình trạng da vô hại - và rất phổ biến - gây ra.
CASE_0246,1086075,endpoint,9,1126505,0.6966,0.6966,0,vi,"Có thể có nhiều nguyên nhân khác nhau khiến vết sưng đau hình thành dưới cánh tay của bạn với nguyên nhân thường gặp nhất là nhiễm trùng ở cánh tay, vú hoặc nách. Các nguyên nhân có thể dẫn đến khối u bao gồm nhiễm trùng, bệnh tự miễn dịch, ung thư và các rối loạn không lây nhiễm."
CASE_0246,1086075,endpoint,10,8549060,0.6958,0.6958,0,vi,"Đừng lo lắng - những lời khuyên của chuyên gia này sẽ giúp bạn chiến đấu với B.O. cho tốt. Đ. Những vết sưng nhỏ đó là do dày sừng pilaris, một tình trạng da phổ biến thường ảnh hưởng đến cánh tay và đùi (mặc dù đôi khi nó cũng xuất hiện trên mông và mặt). Nguyên nhân là do sự tích tụ của protein ke"
CASE_0246,1086075,mixed,1,7113372,0.7497,0.7497,1,vi,"Bài giải. Nguyên nhân phổ biến nhất gây ra các vết sưng nhỏ trên lòng bàn tay là một thứ gọi là chàm thể tạng. Trong tình trạng này, da ở lòng bàn tay (hoặc lòng bàn chân) bị kích ứng và các triệu chứng ban đầu là các mụn nước nhỏ cứng dưới da, có kích thước như đầu đinh ghim, có thể có màu trắng ho"
CASE_0246,1086075,mixed,2,1501665,0.7441,0.7441,0,vi,"Những vết sưng nhỏ có thể xảy ra trên tay của bạn vì một số lý do. Tùy thuộc vào nguyên nhân gây ra vết sưng trên tay, bạn có thể điều trị chúng bằng các vật dụng trong nhà bếp hoặc có thể yêu cầu thuốc theo toa."
CASE_0246,1086075,mixed,3,1476205,0.7378,0.7378,0,vi,"Nguyên nhân phổ biến nhất gây ra các vết sưng nhỏ trên lòng bàn tay là một thứ gọi là chàm thể tạng. Trong tình trạng này, da ở lòng bàn tay (hoặc lòng bàn chân) bị kích ứng và các triệu chứng ban đầu là các mụn nước nhỏ cứng dưới da, có kích thước như đầu đinh ghim, có thể có màu trắng hoặc trong."
CASE_0246,1086075,mixed,4,8381618,0.7256,0.7256,0,vi,"Sự xuất hiện của các mảng nhỏ trên tay của bạn có thể do một số nguyên nhân bao gồm chấn thương thể chất như bỏng và vết chai hoặc tác động của các tác nhân hóa học trên da hoặc các bệnh về da. Nếu những mảng trắng này vỡ ra trên tay của bạn mà không có tổn thương trước đó, rất có thể ứng cử viên là"
CASE_0246,1086075,mixed,5,5054002,0.7157,0.7157,0,vi,"Bumps ở khuỷu tay và đầu gối. Các vết sưng trên khuỷu tay của một người là do rất nhiều lý do. Một trong những nguyên nhân chính gây ra vết sưng tấy trên khuỷu tay ở trẻ sơ sinh là do bệnh vẩy nến hoặc bệnh chàm, những bệnh thường gặp nhất của da. Những tình trạng da cụ thể này thường do sự kết hợp"
CASE_0246,1086075,mixed,6,6572785,0.7087,0.7087,0,vi,"Xin chào! Những nốt mụn này trên lòng bàn tay có thể là do viêm da tiếp xúc hoặc bệnh pompholyx. Nguyên nhân chính xác không được biết và đổ mồ hôi quá nhiều có thể là một trong những lý do. Nhưng một số tác nhân như phản ứng dị ứng với xà phòng, chất tẩy rửa, thực phẩm, cao su, niken, v.v. có thể g"
CASE_0246,1086075,mixed,7,1501657,0.7015,0.7015,0,vi,Các nốt mụn dưới da trên bàn tay của bạn có thể xuất hiện dưới dạng mụn đầu trắng hoặc mụn nhỏ nhưng có thể phát triển lớn như một viên bi. Đường kính có thể nhỏ bằng đầu kim hoặc rộng bằng nửa chu vi cổ tay của bạn. Kích thước của các nốt sần trên tay của bạn sẽ khác nhau tùy thuộc vào nguyên nhân.
CASE_0246,1086075,mixed,8,1501658,0.6964,0.6964,0,vi,"Một số nguyên nhân không phổ biến gây ra mụn nước trên bàn tay có thể kể đến như: Bệnh tay chân miệng Khi mắc bệnh này, bạn có thể bị nổi những mụn nước nhỏ với viền đỏ và tâm trắng gây đau trên lòng bàn tay."
CASE_0246,1086075,mixed,9,8532583,0.6938,0.6938,0,vi,1 Tôi bắt đầu nổi những mụn thịt nhỏ màu thịt bên trong khuỷu tay và biến thành những nốt đỏ ngứa. Tiến sĩ John Chiu Tiến sĩ Chiu. 1 bác sĩ đồng ý: Nhiều nguyên nhân: Thường thì chúng ta không biết nguyên nhân gây ra những vết sưng tấy này. Bạn có thể thử bôi thuốc mỡ hoặc kem Hydrocortisone lên chú
CASE_0246,1086075,mixed,10,8549060,0.693,0.693,0,vi,"Đừng lo lắng - những lời khuyên của chuyên gia này sẽ giúp bạn chiến đấu với B.O. cho tốt. Đ. Những vết sưng nhỏ đó là do dày sừng pilaris, một tình trạng da phổ biến thường ảnh hưởng đến cánh tay và đùi (mặc dù đôi khi nó cũng xuất hiện trên mông và mặt). Nguyên nhân là do sự tích tụ của protein ke"
CASE_0246,1091749,endpoint,1,7888494,0.713,0.713,0,vi,"Tỷ lệ từ chối thông quan an ninh trung bình giữa các cơ quan liên bang là khoảng 2,5%, nhưng điều đó không có nghĩa là 97,5% dân số nói chung sẽ đủ điều kiện để được thông quan. Có nghĩa là trong số những người làm đến giai đoạn cuối cùng của quy trình thông quan an ninh, 2,5% bị từ chối thông quan."
CASE_0246,1091749,endpoint,2,7888489,0.6947,0.6947,1,vi,"Tỷ lệ dân số có thể đủ điều kiện để được giải phóng mặt bằng an ninh thấp hơn nhiều so với 97,5% và tỷ lệ dân số thực sự có thể nhận được một lời mời làm việc dẫn đến việc thông quan cuối cùng có thể là khoảng 65%."
CASE_0246,1091749,endpoint,3,571989,0.6132,0.6132,0,vi,"Về cơ bản, không có điều gì dẫn đến việc từ chối thông quan an ninh và không có nhiều trường hợp thông quan người bị từ chối. Các cơ quan xét xử thông quan sử dụng công thức và hướng dẫn đã được lập thành văn bản để xác định xem cá nhân đó có đủ điều kiện để được thông quan an ninh hay không."
CASE_0246,1091749,endpoint,4,6385209,0.607,0.607,0,vi,"Về cơ bản, không có điều gì dẫn đến việc từ chối thông quan an ninh và không có nhiều trường hợp thông quan người bị từ chối. Các cơ quan xét xử thông quan sử dụng công thức và hướng dẫn đã được lập thành văn bản để xác định xem cá nhân đó có đủ điều kiện để được thông quan an ninh hay không. Ở một"
CASE_0246,1091749,endpoint,5,2663236,0.6063,0.6063,0,vi,Thông quan an ninh là xác định của chính phủ Hoa Kỳ rằng một người hoặc một công ty. đủ điều kiện để tiếp cận thông tin đã phân loại. Có hai loại giải pháp rõ ràng: An ninh Nhân sự. Giải phóng mặt bằng (PCL) và Bảo mật cơ sở (FCL). Các cơ quan chính phủ thường xuyên ban hành giấy tờ tùy thân.
CASE_0246,1091749,endpoint,6,3093552,0.6039,0.6039,0,vi,"1 Về cơ bản, không có điều gì dẫn đến việc từ chối thông quan an ninh và không có nhiều trường hợp thông quan an ninh bị từ chối. 2 Người xét xử thông quan sử dụng công thức và hướng dẫn đã được lập thành văn bản để xác định xem cá nhân đó có đủ điều kiện để được thông quan an ninh hay không."
CASE_0246,1091749,endpoint,7,148005,0.602,0.602,0,vi,"Họ cho biết chỉ có khoảng 109 du khách bị giam giữ trong 24 giờ đầu tiên, trong số 325.000 người thường nhập cảnh vào Hoa Kỳ trong một ngày. Tính đến tối Chủ nhật, Bộ An ninh Nội địa cho biết 392 người có thẻ xanh đã được miễn nhập cảnh."
CASE_0246,1091749,endpoint,8,6634255,0.5957,0.5957,0,vi,"222 CONNECTTWEET 8 BÌNH LUẬN. Số lượng người nhập cư bị bắt khi cố gắng vượt qua biên giới Hoa Kỳ-Mexico đã giảm khoảng 40% trong tháng Hai, một diễn biến mà người đứng đầu Bộ An ninh Nội địa Hoa Kỳ cho là do lập trường cứng rắn của Tổng thống Donald Trump về nhập cư bất hợp pháp."
CASE_0246,1091749,endpoint,9,4130785,0.595,0.595,0,vi,"Xem xét kỹ hơn các con số cho thấy mặc dù lưu lượng truy cập bất hợp pháp qua biên giới đã chậm lại và số người chết giảm nhẹ, nhưng tỷ lệ tử vong do vượt biên vì sợ hãi vượt biên vẫn tiếp tục tăng. Trong năm tài chính 2011, Đội tuần tra biên giới đã phát hiện 368 người chết, so với 398 người trong"
CASE_0246,1091749,endpoint,10,5554905,0.5941,0.5941,0,vi,"Xem xét kỹ hơn các con số cho thấy mặc dù lưu lượng truy cập bất hợp pháp qua biên giới đã chậm lại và số người chết giảm nhẹ, nhưng tỷ lệ tử vong do vượt biên vì sợ hãi vượt biên vẫn tiếp tục tăng. Trong năm tài chính 2011, Đội tuần tra biên giới đã tìm thấy 368 người chết, so với 398 người trong n"
CASE_0246,1091749,mixed,1,7888489,0.6786,0.6786,1,vi,"Tỷ lệ dân số có thể đủ điều kiện để được giải phóng mặt bằng an ninh thấp hơn nhiều so với 97,5% và tỷ lệ dân số thực sự có thể nhận được một lời mời làm việc dẫn đến việc thông quan cuối cùng có thể là khoảng 65%."
CASE_0246,1091749,mixed,2,7888494,0.6778,0.6778,0,vi,"Tỷ lệ từ chối thông quan an ninh trung bình giữa các cơ quan liên bang là khoảng 2,5%, nhưng điều đó không có nghĩa là 97,5% dân số nói chung sẽ đủ điều kiện để được thông quan. Có nghĩa là trong số những người làm đến giai đoạn cuối cùng của quy trình thông quan an ninh, 2,5% bị từ chối thông quan."
CASE_0246,1091749,mixed,3,7888490,0.6162,0.6162,0,vi,"Nhà Trắng cho biết trong tài liệu yêu cầu ngân sách được công bố trong các tài liệu yêu cầu ngân sách đã giảm 10% dân số được xóa an ninh giảm 10%. tuần này. ÃƒÂ ¢ Ã‚â‚¬Ã‚Å “Chính quyền đã đạt được mục tiêu của mình là giảm tổng số cá nhân được bảo vệ an ninh xuống 10%, ÃƒÂ ¢ Ã‚â‚¬Ã‚ theo yêu cầu ng"
CASE_0246,1091749,mixed,4,5116606,0.6135,0.6135,0,vi,Lý do áp dụng quy tắc này là đôi khi một số khu vực mục tiêu cực kỳ bận rộn với 30 cá nhân hoạt động trở lên. Phương án tỷ lệ đồng ý này là 92% đối với nữ và 89% đối với nam.
CASE_0246,1091749,mixed,5,3925190,0.612,0.612,0,vi,"Trên thực tế, Bộ KH & ĐT lưu ý rằng các hướng dẫn mới sẽ cung cấp cho 87 phần trăm dân số bất hợp pháp “một mức độ bảo vệÃƒÂ ¢ Ã‚â‚¬Ã‚ khỏi bị trục xuất. Đó là sự gia tăng so với 74 phần trăm những người được đưa ra chính sách “bảo vệ” như vậy trước đó của Obama."
CASE_0246,1091749,mixed,6,531696,0.6094,0.6094,0,vi,"1 Trong số 16.500 nhóm người theo quốc gia, 6.685 vẫn được coi là chưa được xác nhận. 9.815 nhóm người theo quốc gia không được coi là chưa được tiếp cận, tổng cộng là 4.269.631.000 cá nhân, hay khoảng 58% dân số thế giới."
CASE_0246,1091749,mixed,7,1407837,0.5994,0.5994,0,vi,"Dữ liệu của Cơ quan Thực thi Di trú và Hải quan cho thấy văn phòng ICE ở New York đã công bố 5.391 ÃƒÂ ¢ Ã‚â‚¬Ã‚â € œ khoảng 71% trong số 7.571 người nhập cư không có giấy tờ tội phạm mà họ gặp phải, a xếp hạng thứ hai chỉ sau San Antonio, nơi phát hành 79 phần trăm."
CASE_0246,1091749,mixed,8,5091714,0.598,0.598,0,vi,"o Trong một tháng trung bình, 39,2% trẻ em được kiểm tra một số loại phương tiện. được hưởng lợi, so với 16,6% người từ 18 đến 64 tuổi và 12,6% người dân. 65 tuổi trở lên. Dân số da đen: Ở mức 41,6%, người da đen có nhiều khả năng tham gia vào các chương trình hỗ trợ của chính phủ hơn trong một thán"
CASE_0246,1091749,mixed,9,7893977,0.5978,0.5978,0,vi,"Tính đến tháng 10 năm 2012, 4,91 triệu người đã giữ các biện pháp an ninh của Hoa Kỳ. Khoảng 71% trong số họ giữ bí mật hoặc bí mật thấp hơn, và số còn lại có bí mật tuyệt mật, theo một báo cáo hàng năm trước Quốc hội của giám đốc tình báo quốc gia."
CASE_0246,1091749,mixed,10,3231729,0.5961,0.5961,0,vi,"> Sức mạnh được chỉ định của Lực lượng làm nhiệm vụ chủ động. Nghĩa vụ: Nhập ngũ: Sĩ quan: Tổng số: Tỷ lệ: Lục quân: 452.064: 87.610: 539.675: 37,8%: Hải quân: 275.296: 51.388: 326.684: 22,9%: Thủy quân lục chiến: 178.213: 20.202: 198.415: 13,9%: Không quân: 258.095: 64.805 : 322.900: 22,6%: Cảnh sá"
CASE_0246,1097469,endpoint,1,7411774,0.77,0.77,0,vi,"Lượng calo mỗi phần ăn Salad gà quả óc chó 137 calo Ức gà (nấu chín), không da, rang, (4 ounce) 102 calo Quả óc chó, (0,13 cốc, cắt nhỏ) 62 calo Phô mai Xanh, (0,13 cốc, nghiền nát, không đóng gói) 55 calo Táo, tươi với da, (0,50 lớn (3-1 / 4 đường kính) (khoảng 2 cho mỗi lb))"
CASE_0246,1097469,endpoint,2,7411777,0.7624,0.7624,1,vi,"Lượng calo cho mỗi khẩu phần Salad gà với nho, táo và quả óc chó 85 calo gà nướng, (0,08 gà, bỏ xương và da) 31 calo quả óc chó, (0,04 chén, cắt nhỏ) 12 calo Hellmann's, Mayonnaise nhạt, 1 muỗng canh, (0,33 khẩu phần) 5 calo Nho, (0,08 cốc, không hạt) 2 calo Hành, sống, (0,04 cốc, cắt nhỏ)"
CASE_0246,1097469,endpoint,3,5501386,0.7418,0.7418,0,vi,"Thông tin về lượng calo cụ thể theo thành phần từ công thức của chúng tôi: 1 lượng calo trong salad táo & quả óc chó. Lượng calo: 364, Chất béo: 29g, Carb: 21g, Protein: 10g, Chất xơ: 11g. 2 calo trong Burgy's Endive with Hot Bacon Dressing Calories: 194, Fat: 10g, Carbs: 17g, Protein: 10g, Chất xơ:"
CASE_0246,1097469,endpoint,4,1271395,0.7115,0.7115,0,vi,"1 calo, chất béo, protein, chất xơ và carb trong táo Granny Smith. Calo trong Salad Bắp cải Đỏ và Napa với Táo Gala và Granny Smith và Quả óc chó tẩm gia vị. 161 calo, 12g chất béo, 15g carbs, 2g protein, 3g chất xơ."
CASE_0246,1097469,endpoint,5,7411778,0.7086,0.7086,0,vi,"Calo, Chất béo, Protein, Chất xơ & Carbs trong Carls Jr Salad gà nướng Nam việt quất táo Óc chó; 2000 Calorie Không có Bữa ăn cho Cá Kế hoạch; Thông tin về lượng calo cụ thể của thành phần từ công thức của chúng tôi: Lượng calo trong Lắc và Phục vụ Salad táo óc chó với món Balsamic Vinigrette"
CASE_0246,1097469,endpoint,6,5534889,0.6981,0.6981,0,vi,"Calo trong Salad gà táo - 3 oz gà, 1/2 quả táo, 1 cọng nấm, 3 muỗng canh có thể = 2 phần ăn. Calo trong bông cải xanh với cà rốt trong củ cần tây xay nhuyễn. 2 12 calo, 0g chất béo, 2g carbs, 1g protein, 1g chất xơ. 3 calo Trong ớt, ba chỉ với cà rốt và cần tây. 4 261 calo, 2g chất béo, 48g carbs, 1"
CASE_0246,1097469,endpoint,7,1150909,0.6944,0.6944,0,vi,"Món salad cơ bản gồm rau xanh phủ trên thịt gà là khởi đầu cho một bữa ăn lành mạnh. Bốn chén rau xà lách romaine và một miếng ức gà nặng 4 ounce cung cấp 237 calo. Đặt món salad taco của bạn mà không có vỏ chiên, pho mát hoặc kem chua."
CASE_0246,1097469,endpoint,8,4978665,0.6901,0.6901,0,vi,"Lượng calo trong bánh nướng xốp bột yến mạch chuối với hạt lanh & quả óc chó Lượng calo: 160, Chất béo: 4g, Carb: 30g, Protein: 5g, Chất xơ: 4g. Lượng calo trong món salad táo Escarole với Gorgonzola và quả óc chó Lượng calo: 156, Chất béo: 11g, Carb: 12g, Protein: 4g, Chất xơ: 2g. Lượng calo trong"
CASE_0246,1097469,endpoint,9,2319061,0.6898,0.6898,0,vi,"1 287 calo, 23g chất béo, 7g carbs, 13g protein, 1g chất xơ. 2 calo Trong salad Orzo với cà chua nho, feta và bạc hà (Good Housekeeping). 3 347 calo, 11g chất béo, 50g carbs, 15g protein, 3g chất xơ. 4 calo trong thịt gà và xúc xích Cacciatore với cà chua nho. 287 calo, 23g chất béo, 7g carbs, 13g p"
CASE_0246,1097469,endpoint,10,7412603,0.6865,0.6865,0,vi,"Dưới đây là các loại thực phẩm từ cơ sở dữ liệu dinh dưỡng thực phẩm của chúng tôi đã được sử dụng để tính toán dinh dưỡng của công thức này. Lượng calo trên mỗi khẩu phần Salad củ cải nướng với phô mai dê và quả óc chó. 51 calo Phô mai dê, mềm, (0,67 oz) 50 calo Dầu ô liu, (0,42 muỗng canh) 47 calo"
CASE_0246,1097469,mixed,1,7411777,0.7541,0.7541,1,vi,"Lượng calo cho mỗi khẩu phần Salad gà với nho, táo và quả óc chó 85 calo gà nướng, (0,08 gà, bỏ xương và da) 31 calo quả óc chó, (0,04 chén, cắt nhỏ) 12 calo Hellmann's, Mayonnaise nhạt, 1 muỗng canh, (0,33 khẩu phần) 5 calo Nho, (0,08 cốc, không hạt) 2 calo Hành, sống, (0,04 cốc, cắt nhỏ)"
CASE_0246,1097469,mixed,2,5501386,0.7481,0.7481,0,vi,"Thông tin về lượng calo cụ thể theo thành phần từ công thức của chúng tôi: 1 lượng calo trong salad táo & quả óc chó. Lượng calo: 364, Chất béo: 29g, Carb: 21g, Protein: 10g, Chất xơ: 11g. 2 calo trong Burgy's Endive with Hot Bacon Dressing Calories: 194, Fat: 10g, Carbs: 17g, Protein: 10g, Chất xơ:"
CASE_0246,1097469,mixed,3,7411774,0.7388,0.7388,0,vi,"Lượng calo mỗi phần ăn Salad gà quả óc chó 137 calo Ức gà (nấu chín), không da, rang, (4 ounce) 102 calo Quả óc chó, (0,13 cốc, cắt nhỏ) 62 calo Phô mai Xanh, (0,13 cốc, nghiền nát, không đóng gói) 55 calo Táo, tươi với da, (0,50 lớn (3-1 / 4 đường kính) (khoảng 2 cho mỗi lb))"
CASE_0246,1097469,mixed,4,1271395,0.7218,0.7218,0,vi,"1 calo, chất béo, protein, chất xơ và carb trong táo Granny Smith. Calo trong Salad Bắp cải Đỏ và Napa với Táo Gala và Granny Smith và Quả óc chó tẩm gia vị. 161 calo, 12g chất béo, 15g carbs, 2g protein, 3g chất xơ."
CASE_0246,1097469,mixed,5,1825964,0.7201,0.7201,0,vi,"Theo AllRecipes.com, một công thức gồm salad trộn rau xanh, ớt xanh, hành tây, thịt gà nguội và một chút nước sốt balsamic chứa 47 calo trong 2 cốc, theo AllRecipes.com."
CASE_0246,1097469,mixed,6,5534889,0.7107,0.7107,0,vi,"Calo trong Salad gà táo - 3 oz gà, 1/2 quả táo, 1 cọng nấm, 3 muỗng canh có thể = 2 phần ăn. Calo trong bông cải xanh với cà rốt trong củ cần tây xay nhuyễn. 2 12 calo, 0g chất béo, 2g carbs, 1g protein, 1g chất xơ. 3 calo Trong ớt, ba chỉ với cà rốt và cần tây. 4 261 calo, 2g chất béo, 48g carbs, 1"
CASE_0246,1097469,mixed,7,8287073,0.7078,0.7078,0,vi,"Dưới đây là các loại thực phẩm từ cơ sở dữ liệu dinh dưỡng thực phẩm của chúng tôi đã được sử dụng để tính toán dinh dưỡng của công thức này. Lượng calo cho mỗi khẩu phần Costco Chicken Caesar Salad với nước sốt. 137 calo Ức gà (nấu chín), không da, rang, (4 ounce) 31 calo Xà lách Romaine (salad), ("
CASE_0246,1097469,mixed,8,4275538,0.7074,0.7074,0,vi,"Một món salad khác, BBQ Ranch Chicken Salad với thịt gà, men BBQ, thịt xông khói và nước sốt trang trại, sở hữu 320 calo, 15 gam chất béo, 820 mg natri và 21 gam protein cho một nửa khẩu phần. Kích thước đầy đủ có lượng calo lên đến 600 và natri gần 1.560mg."
CASE_0246,1097469,mixed,9,2832873,0.7058,0.7058,0,vi,"Lượng calo trên mỗi thành phần. Dưới đây là các loại thực phẩm từ cơ sở dữ liệu dinh dưỡng thực phẩm của chúng tôi đã được sử dụng để tính toán dinh dưỡng của công thức này. Lượng calo cho mỗi phần ăn của Medium Garden Salad. 12 calo Xà lách Iceberg (xà lách), (1,50 cốc, cắt nhỏ hoặc cắt nhỏ) 8 calo"
CASE_0246,1097469,mixed,10,7771111,0.7029,0.7029,0,vi,"Theo FatSecret, có 11 calo trong một chén salad trộn với cà rốt và cà chua. Tám phần trăm lượng calo đó đến từ chất béo, 74 phần trăm từ carbohydrate và 18 phần trăm từ protein. Tiếp tục học hỏi."
CASE_0246,1099482,endpoint,1,1000106,0.799,0.799,0,vi,"Sự khác biệt giữa vận chuyển thụ động và vận chuyển chủ động là vận chuyển tích cực cần năng lượng và di chuyển các chất theo gradien nồng độ tương ứng của chúng, trong khi vận chuyển thụ động không cần năng lượng và di chuyển các chất theo hướng của gradien nồng độ tương ứng của chúng."
CASE_0246,1099482,endpoint,2,7250952,0.7823,0.7823,1,vi,"Tóm lại, vận chuyển chủ động và thụ động khác nhau vì: 1. Vận chuyển tích cực sử dụng năng lượng dưới dạng ATP trong khi vận chuyển thụ động không sử dụng bất kỳ. 2. Vận chuyển tích cực liên quan đến việc chuyển các phân tử hoặc ion chống lại một gradient nồng độ trong khi vận chuyển thụ động là sự"
CASE_0246,1099482,endpoint,3,7250953,0.7743,0.7743,0,vi,"Sự khác biệt chính giữa vận chuyển chủ động và thụ động là vận chuyển thụ động không yêu cầu sử dụng năng lượng bên ngoài, trong khi vận chuyển chủ động thì có. Cả hai quá trình đều di chuyển các phân tử ... Sự khác biệt chính giữa vận chuyển chủ động và thụ động là vận chuyển thụ động không cần sử"
CASE_0246,1099482,endpoint,4,3839480,0.7733,0.7733,0,vi,Sự khác biệt giữa vận chuyển chủ động và thụ động qua màng sinh chất là gì? - 3089316
CASE_0246,1099482,endpoint,5,8474328,0.7729,0.7729,0,vi,"Đáp: Sự khác biệt chính giữa vận chuyển chủ động và thụ động là vận chuyển thụ động không cần sử dụng năng lượng bên ngoài, trong khi vận chuyển tích cực thì có. Cả hai quá trình đều di chuyển các phân tử qua màng tế bào, nhưng vận chuyển thụ động luôn tận dụng các gradient nồng độ hiện có để cho ph"
CASE_0246,1099482,endpoint,6,8023089,0.7707,0.7707,0,vi,"Sự khác biệt cơ bản giữa cả hai loại vận chuyển là Vận chuyển Chủ động đòi hỏi năng lượng hóa học để hoàn thành quá trình vận chuyển sinh hóa của nó vì nó phải di chuyển các phân tử từ nồng độ thấp hơn sang nồng độ cao, điều này trái với quy luật vận chuyển tự nhiên và do đó nó cần năng lượng cho mụ"
CASE_0246,1099482,endpoint,7,2012171,0.7654,0.7654,0,vi,"Sự khác biệt chính và hứa hẹn nhất giữa vận chuyển chủ động và thụ động là, vận chuyển thụ động không cần năng lượng trong khi năng lượng hoạt động thì có. Trong trường hợp vận chuyển tích cực, các phân tử chuyển động ngược lại với gradien nồng độ từ nồng độ thấp đến nồng độ cao."
CASE_0246,1099482,endpoint,8,2607655,0.7654,0.7654,0,vi,"Một sự khác biệt là tiêu thụ năng lượng. Vận chuyển chủ động đòi hỏi tế bào phải tiêu hao năng lượng, trong khi vận chuyển thụ động thì không. Vận chuyển tích cực là chuyển động từ nồng độ thấp đến nồng độ cao hơn và vận chuyển thụ động là chuyển động từ nơi có nồng độ cao hơn đến nơi có nồng độ thấ"
CASE_0246,1099482,endpoint,9,2587452,0.7608,0.7608,0,vi,"Vận chuyển tích cực di chuyển vật liệu từ nồng độ thấp hơn đến cao hơn, trong khi vận chuyển thụ động di chuyển vật liệu từ nơi có nồng độ cao hơn đến thấp hơn. Vận chuyển chủ động đòi hỏi năng lượng để tiến hành, trong khi vận chuyển thụ động không yêu cầu đầu vào của năng lượng phụ để xảy ra."
CASE_0246,1099482,endpoint,10,7250956,0.756,0.756,0,vi,"Sự tương phản. 1 Vận chuyển chủ động di chuyển vật liệu từ nồng độ thấp hơn đến cao hơn, trong khi vận chuyển thụ động di chuyển vật liệu từ nồng độ cao hơn đến thấp hơn. 2 Vận chuyển chủ động yêu cầu năng lượng để tiến hành, trong khi vận chuyển thụ động không yêu cầu đầu vào của năng lượng bổ sung"
CASE_0246,1099482,mixed,1,7250952,0.7876,0.7876,1,vi,"Tóm lại, vận chuyển chủ động và thụ động khác nhau vì: 1. Vận chuyển tích cực sử dụng năng lượng dưới dạng ATP trong khi vận chuyển thụ động không sử dụng bất kỳ. 2. Vận chuyển tích cực liên quan đến việc chuyển các phân tử hoặc ion chống lại một gradient nồng độ trong khi vận chuyển thụ động là sự"
CASE_0246,1099482,mixed,2,1000106,0.7731,0.7731,0,vi,"Sự khác biệt giữa vận chuyển thụ động và vận chuyển chủ động là vận chuyển tích cực cần năng lượng và di chuyển các chất theo gradien nồng độ tương ứng của chúng, trong khi vận chuyển thụ động không cần năng lượng và di chuyển các chất theo hướng của gradien nồng độ tương ứng của chúng."
CASE_0246,1099482,mixed,3,7250959,0.7612,0.7612,0,vi,"Vận tải chủ động sử dụng năng lượng và vận chuyển thụ động thì không. Vận chuyển chủ động yêu cầu tế bào sử dụng năng lượng của chính nó, trong khi vận chuyển thụ động thì không. Vận chuyển tích cực là dòng các chất từ ​​nơi có nồng độ thấp hơn đến gradien nồng độ cao hơn sử dụng năng lượng dưới dạn"
CASE_0246,1099482,mixed,4,2607655,0.7572,0.7572,0,vi,"Một sự khác biệt là tiêu thụ năng lượng. Vận chuyển chủ động đòi hỏi tế bào phải tiêu hao năng lượng, trong khi vận chuyển thụ động thì không. Vận chuyển tích cực là chuyển động từ nồng độ thấp đến nồng độ cao hơn và vận chuyển thụ động là chuyển động từ nơi có nồng độ cao hơn đến nơi có nồng độ thấ"
CASE_0246,1099482,mixed,5,8023089,0.752,0.752,0,vi,"Sự khác biệt cơ bản giữa cả hai loại vận chuyển là Vận chuyển Chủ động đòi hỏi năng lượng hóa học để hoàn thành quá trình vận chuyển sinh hóa của nó vì nó phải di chuyển các phân tử từ nồng độ thấp hơn sang nồng độ cao, điều này trái với quy luật vận chuyển tự nhiên và do đó nó cần năng lượng cho mụ"
CASE_0246,1099482,mixed,6,7250953,0.7495,0.7495,0,vi,"Sự khác biệt chính giữa vận chuyển chủ động và thụ động là vận chuyển thụ động không yêu cầu sử dụng năng lượng bên ngoài, trong khi vận chuyển chủ động thì có. Cả hai quá trình đều di chuyển các phân tử ... Sự khác biệt chính giữa vận chuyển chủ động và thụ động là vận chuyển thụ động không cần sử"
CASE_0246,1099482,mixed,7,8474328,0.7477,0.7477,0,vi,"Đáp: Sự khác biệt chính giữa vận chuyển chủ động và thụ động là vận chuyển thụ động không cần sử dụng năng lượng bên ngoài, trong khi vận chuyển tích cực thì có. Cả hai quá trình đều di chuyển các phân tử qua màng tế bào, nhưng vận chuyển thụ động luôn tận dụng các gradient nồng độ hiện có để cho ph"
CASE_0246,1099482,mixed,8,2012171,0.745,0.745,0,vi,"Sự khác biệt chính và hứa hẹn nhất giữa vận chuyển chủ động và thụ động là, vận chuyển thụ động không cần năng lượng trong khi năng lượng hoạt động thì có. Trong trường hợp vận chuyển tích cực, các phân tử chuyển động ngược lại với gradien nồng độ từ nồng độ thấp đến nồng độ cao."
CASE_0246,1099482,mixed,9,2587452,0.7407,0.7407,0,vi,"Vận chuyển tích cực di chuyển vật liệu từ nồng độ thấp hơn đến cao hơn, trong khi vận chuyển thụ động di chuyển vật liệu từ nơi có nồng độ cao hơn đến thấp hơn. Vận chuyển chủ động đòi hỏi năng lượng để tiến hành, trong khi vận chuyển thụ động không yêu cầu đầu vào của năng lượng phụ để xảy ra."
CASE_0246,1099482,mixed,10,7794089,0.7385,0.7385,0,vi,"Sự khác biệt giữa Vận tải chủ động và Vận chuyển bị động là gì? Vận chuyển chủ động và thụ động là các quá trình sinh học di chuyển oxy, nước và chất dinh dưỡng vào tế bào và loại bỏ các chất cặn bã. Vận chuyển tích cực đòi hỏi năng lượng hóa học vì nó là sự di chuyển của các chất sinh hóa từ các kh"
CASE_0246,161828,endpoint,1,5230642,0.7396,0.7396,0,vi,"ÃƒÂ ¢ Ã‚â‚¬Ã‚Â ¢ ÃƒÂ ¢ Ã‚â‚¬Ã‚Â ¢ ÃƒÂ ¢ Ã‚â‚¬Ã‚Â ¢ Đi trên Tuyến tàu điện ngầm Los Angeles Blue Line. Photo Ãƒâ € šÃ‚Â © 2012 Kayte Deioma, được cấp phép cho About.com MTA Quận Los Angeles (Cơ quan Giao thông Đô thị) vận hành các chuyến tàu điện ngầm và trên mặt đất cũng như xe buýt ở Quận LA được g"
CASE_0246,161828,endpoint,2,7794870,0.734,0.734,1,vi,"Có, Los Angeles có Metro Bus cho hệ thống xe buýt, Metro Rail dành cho đường sắt hạng nhẹ và hệ thống tàu điện ngầm của riêng mình. giống như tàu điện ngầm nhưng nó không chỉ ở dưới lòng đất mà còn đi khắp vùng Vịnh. ​​Ngoài ra còn có xe đẩy và cáp treo để bạn có thể đi quanh thành phố. San Francisc"
CASE_0246,161828,endpoint,3,7449354,0.7296,0.7296,0,vi,"Cơ quan Giao thông Đô thị Quận Los Angeles (Tàu điện ngầm) vận chuyển hành khách qua tàu điện ngầm, đường sắt hạng nhẹ và xe buýt. Metro Rail là hệ thống đường sắt vận chuyển nhanh của LAÃƒÂ ¢ Ã‚â‚¬Ã‚â, với sáu tuyến phục vụ 80 ga trên khắp Quận LA."
CASE_0246,161828,endpoint,4,792141,0.7218,0.7218,0,vi,"Danh sách các ga tàu điện ngầm Los Angeles. Bản đồ hệ thống tàu điện ngầm Los Angeles hiện tại gồm sáu tuyến xe lửa, với hai tuyến vận chuyển nhanh xe buýt Metro Liner. Tại Quận Los Angeles, California, hệ thống Đường sắt Metro, là một hệ thống đường sắt hạng nhẹ và chuyển tuyến nhanh kết hợp, được"
CASE_0246,161828,endpoint,5,5230643,0.7034,0.7034,0,vi,"Ảnh Ãƒâ € šÃ‚Â © 2012 Kayte Deioma, được cấp phép cho About.com. Los Angeles County MTA (Metropolitan Transit Authority) điều hành các chuyến tàu điện ngầm và trên mặt đất cũng như xe buýt ở Quận LA được gọi là Tàu điện ngầm (đừng nhầm với tàu điện toán Metrolink giữa các thành phố). Đây là các dịch"
CASE_0246,161828,endpoint,6,7794878,0.6733,0.6733,0,vi,"Metro Rail là hệ thống giao thông công cộng đường sắt của Quận Los Angeles với hai tuyến tàu điện ngầm và bốn tuyến đường sắt hạng nhẹ. Hệ thống chạy tổng cộng 87,8 dặm (139,7 km), với 80 (mười ba nhà ga đang được xây dựng) và hơn 316.000 lượt lên máy bay các ngày trong tuần tính đến tháng 2 năm 201"
CASE_0246,161828,endpoint,7,7449362,0.6699,0.6699,0,vi,Thông tin về Đường sắt Tàu điện ngầm Los Angeles. Đường sắt tàu điện ngầm Los Angeles bắt đầu hoạt động vào năm 1990 và được quản lý bởi Cơ quan Giao thông Đô thị Quận Los Angeles (Tàu điện ngầm).
CASE_0246,161828,endpoint,8,74220,0.6697,0.6697,0,vi,"Xem vị trí Xem bản đồ. Bản đồ chính thức của hệ thống tàu điện ngầm LA. Bao gồm các đường Metro Blue, Green, Red, Purple và Gold. * Tuyến Metro Blue chạy về phía bắc và nam giữa Long Beach và Los Angeles. * Tuyến Metro Green cắt ngang qua Blue Line, chạy về phía đông và tây giữa Norwalk và Bãi biển"
CASE_0246,161828,endpoint,9,3333499,0.6675,0.6675,0,vi,"Câu trả lời hay nhất: Từ LAX, bạn có thể đi tàu điện ngầm. Họ có một trạm dừng ngay bên kia đường từ Trung tâm Staples. Hoặc bạn có thể đi xe đưa đón từ LAX. Đối với Tàu điện ngầm, khi bạn rời LAX, hãy đứng dưới Biển báo Màu xanh lam và bắt xe đưa đón G đến ga. Xe đưa đón này là miễn phí và Metrorai"
CASE_0246,161828,endpoint,10,7575546,0.6652,0.6652,0,vi,"L.A. Metro chấp thuận việc tăng giá vé trên hệ thống xe buýt và đường sắt có hiệu lực vào tháng Chín. Giữa những lo ngại về thâm hụt ngân sách dự kiến ​​trong hệ thống xe buýt và đường sắt đang phát triển của Quận Los Angeles, các quan chức giao thông vận tải đã bỏ phiếu hôm thứ Năm để tăng giá vé t"
CASE_0246,161828,mixed,1,7794870,0.7379,0.7379,1,vi,"Có, Los Angeles có Metro Bus cho hệ thống xe buýt, Metro Rail dành cho đường sắt hạng nhẹ và hệ thống tàu điện ngầm của riêng mình. giống như tàu điện ngầm nhưng nó không chỉ ở dưới lòng đất mà còn đi khắp vùng Vịnh. ​​Ngoài ra còn có xe đẩy và cáp treo để bạn có thể đi quanh thành phố. San Francisc"
CASE_0246,161828,mixed,2,7449354,0.7307,0.7307,0,vi,"Cơ quan Giao thông Đô thị Quận Los Angeles (Tàu điện ngầm) vận chuyển hành khách qua tàu điện ngầm, đường sắt hạng nhẹ và xe buýt. Metro Rail là hệ thống đường sắt vận chuyển nhanh của LAÃƒÂ ¢ Ã‚â‚¬Ã‚â, với sáu tuyến phục vụ 80 ga trên khắp Quận LA."
CASE_0246,161828,mixed,3,792141,0.7273,0.7273,0,vi,"Danh sách các ga tàu điện ngầm Los Angeles. Bản đồ hệ thống tàu điện ngầm Los Angeles hiện tại gồm sáu tuyến xe lửa, với hai tuyến vận chuyển nhanh xe buýt Metro Liner. Tại Quận Los Angeles, California, hệ thống Đường sắt Metro, là một hệ thống đường sắt hạng nhẹ và chuyển tuyến nhanh kết hợp, được"
CASE_0246,161828,mixed,4,5230642,0.7146,0.7146,0,vi,"ÃƒÂ ¢ Ã‚â‚¬Ã‚Â ¢ ÃƒÂ ¢ Ã‚â‚¬Ã‚Â ¢ ÃƒÂ ¢ Ã‚â‚¬Ã‚Â ¢ Đi trên Tuyến tàu điện ngầm Los Angeles Blue Line. Photo Ãƒâ € šÃ‚Â © 2012 Kayte Deioma, được cấp phép cho About.com MTA Quận Los Angeles (Cơ quan Giao thông Đô thị) vận hành các chuyến tàu điện ngầm và trên mặt đất cũng như xe buýt ở Quận LA được g"
CASE_0246,161828,mixed,5,7794878,0.6924,0.6924,0,vi,"Metro Rail là hệ thống giao thông công cộng đường sắt của Quận Los Angeles với hai tuyến tàu điện ngầm và bốn tuyến đường sắt hạng nhẹ. Hệ thống chạy tổng cộng 87,8 dặm (139,7 km), với 80 (mười ba nhà ga đang được xây dựng) và hơn 316.000 lượt lên máy bay các ngày trong tuần tính đến tháng 2 năm 201"
CASE_0246,161828,mixed,6,5230643,0.6915,0.6915,0,vi,"Ảnh Ãƒâ € šÃ‚Â © 2012 Kayte Deioma, được cấp phép cho About.com. Los Angeles County MTA (Metropolitan Transit Authority) điều hành các chuyến tàu điện ngầm và trên mặt đất cũng như xe buýt ở Quận LA được gọi là Tàu điện ngầm (đừng nhầm với tàu điện toán Metrolink giữa các thành phố). Đây là các dịch"
CASE_0246,161828,mixed,7,7794879,0.6839,0.6839,0,vi,"Metro trực tiếp điều hành các dịch vụ vận chuyển nhanh xe buýt, đường sắt nhẹ, đường sắt hạng nặng và xe buýt. Nó cung cấp kinh phí và chỉ đạo lập kế hoạch cho các dự án đường sắt đi lại và xa lộ / đường cao tốc trong Hạt Los Angeles. Xe buýt tốc hànhetro từng được sơn màu xanh đậm mà trước đây cơ q"
CASE_0246,161828,mixed,8,7575546,0.681,0.681,0,vi,"L.A. Metro chấp thuận việc tăng giá vé trên hệ thống xe buýt và đường sắt có hiệu lực vào tháng Chín. Giữa những lo ngại về thâm hụt ngân sách dự kiến ​​trong hệ thống xe buýt và đường sắt đang phát triển của Quận Los Angeles, các quan chức giao thông vận tải đã bỏ phiếu hôm thứ Năm để tăng giá vé t"
CASE_0246,161828,mixed,9,74220,0.6785,0.6785,0,vi,"Xem vị trí Xem bản đồ. Bản đồ chính thức của hệ thống tàu điện ngầm LA. Bao gồm các đường Metro Blue, Green, Red, Purple và Gold. * Tuyến Metro Blue chạy về phía bắc và nam giữa Long Beach và Los Angeles. * Tuyến Metro Green cắt ngang qua Blue Line, chạy về phía đông và tây giữa Norwalk và Bãi biển"
CASE_0246,161828,mixed,10,7794872,0.6768,0.6768,0,vi,"Các nhà cung cấp dịch vụ vận chuyển khác hoạt động dịch vụ thường xuyên hơn ở phần còn lại của quận. Các khu vực ở Quận Los Angeles mà Xe buýt Metro hoàn toàn không phục vụ bao gồm các vùng nông thôn, Thung lũng Pomona, Thung lũng Santa Clarita và Thung lũng Antelope. xe buýt từng được sơn màu xanh"
CASE_0246,300674,endpoint,1,2495763,0.7204,0.7204,0,vi,William Bradford là thống đốc của Thuộc địa Plymouth trong 30 năm. Thuộc địa được thành lập bởi những người được gọi là Thanh giáo. Họ là một số trong những người đầu tiên từ Anh đến định cư ở nơi ngày nay là Hoa Kỳ. Bradford đã giúp Plymouth trở thành thuộc địa lâu dài đầu tiên ở New England.
CASE_0246,300674,endpoint,2,7067032,0.7091,0.7091,1,vi,"http://en.wikipedia.org/wiki/William_Bradford_(Plymouth_Colony_governor) William Bradford (sinh năm 1590 ÃƒÂ ¢ Ã‚â‚¬Ã‚â € œ 1657) là một nhà lãnh đạo theo chủ nghĩa Ly khai người Anh ở Leiden, Hà Lan và ở Thuộc địa Plymouth là một bên ký kết Hiệp ước Mayflower. Ông từng là Thống đốc Thuộc địa Plymou"
CASE_0246,300674,endpoint,3,4107182,0.6899,0.6899,0,vi,"Người đàn ông tiến bước ở thuộc địa Plymouth là William Bradford. Sau khi thống đốc đầu tiên được bầu theo Mayflower Compact qua đời vì mùa đông khắc nghiệt, Bradford được bầu làm thống đốc trong ba mươi năm tiếp theo. Vào tháng 5 năm 1621, ông thực hiện nghi lễ kết hôn đầu tiên của thuộc địa."
CASE_0246,300674,endpoint,4,7067029,0.6832,0.6832,0,vi,"William Bradford (c.1590 ÃƒÂ ¢ Ã‚â‚¬Ã‚â € œ c.1657) là một nhà lãnh đạo theo chủ nghĩa Ly khai người Anh ở Leiden, Hà Lan và ở Thuộc địa Plymouth. Ông di cư đến Thế giới mới trên tàu Mayflower vào năm 1620, ký Hiệp ước Mayflower, và sau đó giữ chức Thống đốc Thuộc địa Plymouth năm lần trong khoảng b"
CASE_0246,300674,endpoint,5,3289523,0.6729,0.6729,0,vi,"William Bradford (1590-1657) là người sáng lập và thống đốc lâu năm của khu định cư Thuộc địa Plymouth. Sinh ra ở Anh, ông di cư theo giáo đoàn Separatist đến Hà Lan khi còn là một thiếu niên. Bradford là một trong những hành khách trên hành trình xuyên Đại Tây Dương của MayflowerÃƒÂ ¢ Ã‚â‚¬Ã‚â, và"
CASE_0246,300674,endpoint,6,4309131,0.6705,0.6705,0,vi,"William Bradford, một nhà lãnh đạo của giáo đoàn Separatist, là một trong những người thành lập Hiệp ước Mayflower, và sẽ phục vụ với tư cách là thống đốc của PlymouthÃÂ ¢ Ã‚â‚¬Ã‚â trong 30 năm sau khi thành lập. Bradford cũng lưu giữ một cuốn nhật ký đồ sộ ghi lại hành trình của con tàu và sự thành"
CASE_0246,300674,endpoint,7,2495759,0.6696,0.6696,0,vi,William Bradford là một hành khách trên tàu Mayflower vào năm 1620. Ông đã đến Tân Thế giới để sống trong tự do tôn giáo. Ông trở thành Thống đốc thứ hai của Thuộc địa Plymouth và phục vụ trong hơn 30 năm. Bradford giữ một cuốn nhật ký về lịch sử của cuộc sống ban đầu ở Plymouth Colony. Nó được gọi
CASE_0246,300674,endpoint,8,2495755,0.6569,0.6569,0,vi,William Bradford (hành khách của Mayflower) William Bradford (1590 ÃƒÂ ¢ Ã‚â‚¬Ã‚â € œ 1657) là một hành khách trên chiếc Mayflower vào năm 1620. Ông đã đến Thế giới Mới để sống trong tự do tôn giáo. Ông trở thành Thống đốc thứ hai của Thuộc địa Plymouth và phục vụ trong hơn 30 năm. Bradford giữ một
CASE_0246,300674,endpoint,9,4917597,0.6548,0.6548,0,vi,"William Bradford là một lãnh đạo của những người định cư ly khai tại Thuộc địa Plymouth ở Massachusetts, và được bầu ba mươi lần làm Thống đốc sau khi John Carver qua đời. Ông là người ký tên thứ hai và là kiến ​​trúc sư chính của Mayflower Compact ở Cảng Provincetown."
CASE_0246,300674,endpoint,10,4917605,0.6525,0.6525,0,vi,"William Bradford. Giới thiệu. William Bradford (1590-1657) là người sáng lập và thống đốc lâu năm của khu định cư Thuộc địa Plymouth. Sinh ra ở Anh, ông di cư theo giáo đoàn Separatist đến Hà Lan khi còn là một thiếu niên. Bradford là một trong những hành khách trên hành trình xuyên Đại Tây Dương củ"
CASE_0246,300674,mixed,1,7067032,0.7106,0.7106,1,vi,"http://en.wikipedia.org/wiki/William_Bradford_(Plymouth_Colony_governor) William Bradford (sinh năm 1590 ÃƒÂ ¢ Ã‚â‚¬Ã‚â € œ 1657) là một nhà lãnh đạo theo chủ nghĩa Ly khai người Anh ở Leiden, Hà Lan và ở Thuộc địa Plymouth là một bên ký kết Hiệp ước Mayflower. Ông từng là Thống đốc Thuộc địa Plymou"
CASE_0246,300674,mixed,2,2495763,0.7011,0.7011,0,vi,William Bradford là thống đốc của Thuộc địa Plymouth trong 30 năm. Thuộc địa được thành lập bởi những người được gọi là Thanh giáo. Họ là một số trong những người đầu tiên từ Anh đến định cư ở nơi ngày nay là Hoa Kỳ. Bradford đã giúp Plymouth trở thành thuộc địa lâu dài đầu tiên ở New England.
CASE_0246,300674,mixed,3,7067029,0.672,0.672,0,vi,"William Bradford (c.1590 ÃƒÂ ¢ Ã‚â‚¬Ã‚â € œ c.1657) là một nhà lãnh đạo theo chủ nghĩa Ly khai người Anh ở Leiden, Hà Lan và ở Thuộc địa Plymouth. Ông di cư đến Thế giới mới trên tàu Mayflower vào năm 1620, ký Hiệp ước Mayflower, và sau đó giữ chức Thống đốc Thuộc địa Plymouth năm lần trong khoảng b"
CASE_0246,300674,mixed,4,4107182,0.6687,0.6687,0,vi,"Người đàn ông tiến bước ở thuộc địa Plymouth là William Bradford. Sau khi thống đốc đầu tiên được bầu theo Mayflower Compact qua đời vì mùa đông khắc nghiệt, Bradford được bầu làm thống đốc trong ba mươi năm tiếp theo. Vào tháng 5 năm 1621, ông thực hiện nghi lễ kết hôn đầu tiên của thuộc địa."
CASE_0246,300674,mixed,5,3289523,0.6643,0.6643,0,vi,"William Bradford (1590-1657) là người sáng lập và thống đốc lâu năm của khu định cư Thuộc địa Plymouth. Sinh ra ở Anh, ông di cư theo giáo đoàn Separatist đến Hà Lan khi còn là một thiếu niên. Bradford là một trong những hành khách trên hành trình xuyên Đại Tây Dương của MayflowerÃƒÂ ¢ Ã‚â‚¬Ã‚â, và"
CASE_0246,300674,mixed,6,2495759,0.6609,0.6609,0,vi,William Bradford là một hành khách trên tàu Mayflower vào năm 1620. Ông đã đến Tân Thế giới để sống trong tự do tôn giáo. Ông trở thành Thống đốc thứ hai của Thuộc địa Plymouth và phục vụ trong hơn 30 năm. Bradford giữ một cuốn nhật ký về lịch sử của cuộc sống ban đầu ở Plymouth Colony. Nó được gọi
CASE_0246,300674,mixed,7,4917605,0.6516,0.6516,0,vi,"William Bradford. Giới thiệu. William Bradford (1590-1657) là người sáng lập và thống đốc lâu năm của khu định cư Thuộc địa Plymouth. Sinh ra ở Anh, ông di cư theo giáo đoàn Separatist đến Hà Lan khi còn là một thiếu niên. Bradford là một trong những hành khách trên hành trình xuyên Đại Tây Dương củ"
CASE_0246,300674,mixed,8,2495755,0.6516,0.6516,0,vi,William Bradford (hành khách của Mayflower) William Bradford (1590 ÃƒÂ ¢ Ã‚â‚¬Ã‚â € œ 1657) là một hành khách trên chiếc Mayflower vào năm 1620. Ông đã đến Thế giới Mới để sống trong tự do tôn giáo. Ông trở thành Thống đốc thứ hai của Thuộc địa Plymouth và phục vụ trong hơn 30 năm. Bradford giữ một
CASE_0246,300674,mixed,9,4309131,0.6513,0.6513,0,vi,"William Bradford, một nhà lãnh đạo của giáo đoàn Separatist, là một trong những người thành lập Hiệp ước Mayflower, và sẽ phục vụ với tư cách là thống đốc của PlymouthÃÂ ¢ Ã‚â‚¬Ã‚â trong 30 năm sau khi thành lập. Bradford cũng lưu giữ một cuốn nhật ký đồ sộ ghi lại hành trình của con tàu và sự thành"
CASE_0246,300674,mixed,10,4917597,0.6511,0.6511,0,vi,"William Bradford là một lãnh đạo của những người định cư ly khai tại Thuộc địa Plymouth ở Massachusetts, và được bầu ba mươi lần làm Thống đốc sau khi John Carver qua đời. Ông là người ký tên thứ hai và là kiến ​​trúc sư chính của Mayflower Compact ở Cảng Provincetown."
CASE_0246,326190,endpoint,1,3291041,0.6839,0.6839,0,vi,"Trong báo cáo mẹo du lịch này, tôi trình bày chi tiết chi phí thực tế hàng ngày của một chuyến thăm tiết kiệm đến Singapore. Gần đây tôi đã trải qua hai tuần tuyệt vời ở đó, trong thời gian đó, tôi ghi nhận mức giá hiện tại của tất cả mọi thứ từ giường ký túc xá đến thức ăn ở quầy hàng rong cho đến"
CASE_0246,326190,endpoint,2,7986496,0.6762,0.6762,1,vi,"Andy và tôi kiếm được trung bình 169,03 đô la Mỹ mỗi ngày, tương đương khoảng 84,51 đô la Mỹ mỗi người mỗi ngày trong bốn ngày du lịch ở Singapore. Khi lên kế hoạch cho một chuyến thăm đến Singapore, hãy nghĩ đến giá Châu Âu hoặc Hoa Kỳ, không phải giá Đông Nam Á. Bạn cũng có thể thích: Chúng tôi đã"
CASE_0246,326190,endpoint,3,6592057,0.6681,0.6681,0,vi,Bạn cần ít nhất 6000 - 7000 sgd hàng tháng để sống thoải mái tại Singapore. 10k để được an toàn - đặc biệt nếu bạn có gia đình! Bất cứ thứ gì thấp hơn và bạn sẽ gặp vấn đề hoặc sẽ phải giảm kích thước mọi thứ. Tôi đã dành 2 năm ở Singapore và sẽ không làm việc ở đó nếu không có ít nhất 8 nghìn mỗi t
CASE_0246,326190,endpoint,4,5880825,0.667,0.667,0,vi,"Khách du lịch nước ngoài cần xuất trình hộ chiếu để mua thẻ SIM trả trước tại Singapore. Tại thành phố Singapore, bạn sẽ tìm thấy SGD 8, SGD 15 hoặc SGD 38 (4G) SingTel, hi! Thẻ SIM. Thẻ SGD 8 có giá trị lưu trữ SGD 10 (90 ngày) và thẻ SGD 15 có giá trị SGD 18 (120 ngày). Các cuộc gọi đến khi ở Sing"
CASE_0246,326190,endpoint,5,2045767,0.6664,0.6664,0,vi,"Mức lương ở Singapore giảm xuống còn 4611 SGD / tháng trong quý 2 năm 2015 từ 5259 SGD / tháng trong quý đầu tiên của năm 2015. Giá hiện tại, NSA. Ở Singapore, tiền lương được tính theo mức thu nhập trung bình hàng tháng. Trang này cung cấp-Mức lương trung bình hàng tháng của Singapore-giá trị thực"
CASE_0246,326190,endpoint,6,3291037,0.6617,0.6617,0,vi,"Chỗ ở ÃƒÂ ¢ Ã‚â‚¬Ã‚â € œ Nơi ở không rẻ ở Singapore. Một đêm trong ký túc xá ký túc xá sẽ có giá khoảng 15-30 SGD, và một khách sạn bình dân bắt đầu từ 50 SGD cho một phòng đôi cơ bản có quạt. Hầu hết các khách sạn ở đây đều có giá khoảng 80-110 SGD một đêm. và đồ ăn Ấn Độ thường khoảng 8-9 SGD mỗi"
CASE_0246,326190,endpoint,7,2045766,0.6582,0.6582,0,vi,"Tiền lương ở Singapore trung bình là 3101,41 SGD / tháng từ năm 1989 đến năm 2015, đạt mức cao nhất mọi thời đại là 5259 SGD / tháng trong quý đầu tiên của năm 2015 và mức thấp kỷ lục 1302 SGD / tháng trong quý thứ hai năm 1989. 1Y 5Y 10Y MAX. Dự báo Xuất dữ liệu API Truy cập. Giá hiện tại, NSA. Ở S"
CASE_0246,326190,endpoint,8,2045771,0.6547,0.6547,0,vi,"Theo khảo sát mới nhất của HSBC Expat Explorer, một con số khổng lồ 45% người nước ngoài ở Singapore kiếm được hơn 250.000 SGD (khoảng 200.000 USD) mỗi năm (mức trung bình toàn cầu chỉ là 21%). Singapore được lấp đầy bởi các chuyên gia có uy tín, khoảng 73% người nước ngoài làm việc tại Singapore có"
CASE_0246,326190,endpoint,9,7986488,0.6529,0.6529,0,vi,"Ngày 13 tháng 8 năm 2009, 10:35 sáng. Đến Singapore lần đầu tiên vào đầu tháng 10 - bây giờ mới bắt đầu rất háo hức. Chúng tôi sẽ dừng lại ở khu vực Ấn Độ nhỏ trong 3 đêm. Chúng ta sẽ cần bao nhiêu tiền để chi tiêu? Có 2 người chúng tôi khoảng 40 tuổi - tôi thích uống bia đặc biệt là vợ chỉ uống nướ"
CASE_0246,326190,endpoint,10,2782974,0.6513,0.6513,0,vi,"Hình thức tiền tệ chính trên đảo là đô la Singapore, có thể được viết là SGD, S $ hoặc $. Đồng đô la Singapore bao gồm 100 đơn vị, hoặc xu. Đồng tiền vàng và bạc có các mệnh giá: 0,05 đô la, 0,10 đô la, 0,20 đô la, 0,5 đô la và 1,00 đô la. Hóa đơn có các mệnh giá $ 2, $ 5, $ 10, $ 50, $ 100, $ 1000"
CASE_0246,326190,mixed,1,7986496,0.6934,0.6934,1,vi,"Andy và tôi kiếm được trung bình 169,03 đô la Mỹ mỗi ngày, tương đương khoảng 84,51 đô la Mỹ mỗi người mỗi ngày trong bốn ngày du lịch ở Singapore. Khi lên kế hoạch cho một chuyến thăm đến Singapore, hãy nghĩ đến giá Châu Âu hoặc Hoa Kỳ, không phải giá Đông Nam Á. Bạn cũng có thể thích: Chúng tôi đã"
CASE_0246,326190,mixed,2,3291041,0.6917,0.6917,0,vi,"Trong báo cáo mẹo du lịch này, tôi trình bày chi tiết chi phí thực tế hàng ngày của một chuyến thăm tiết kiệm đến Singapore. Gần đây tôi đã trải qua hai tuần tuyệt vời ở đó, trong thời gian đó, tôi ghi nhận mức giá hiện tại của tất cả mọi thứ từ giường ký túc xá đến thức ăn ở quầy hàng rong cho đến"
CASE_0246,326190,mixed,3,6592057,0.6872,0.6872,0,vi,Bạn cần ít nhất 6000 - 7000 sgd hàng tháng để sống thoải mái tại Singapore. 10k để được an toàn - đặc biệt nếu bạn có gia đình! Bất cứ thứ gì thấp hơn và bạn sẽ gặp vấn đề hoặc sẽ phải giảm kích thước mọi thứ. Tôi đã dành 2 năm ở Singapore và sẽ không làm việc ở đó nếu không có ít nhất 8 nghìn mỗi t
CASE_0246,326190,mixed,4,2045767,0.6849,0.6849,0,vi,"Mức lương ở Singapore giảm xuống còn 4611 SGD / tháng trong quý 2 năm 2015 từ 5259 SGD / tháng trong quý đầu tiên của năm 2015. Giá hiện tại, NSA. Ở Singapore, tiền lương được tính theo mức thu nhập trung bình hàng tháng. Trang này cung cấp-Mức lương trung bình hàng tháng của Singapore-giá trị thực"
CASE_0246,326190,mixed,5,5880825,0.6832,0.6832,0,vi,"Khách du lịch nước ngoài cần xuất trình hộ chiếu để mua thẻ SIM trả trước tại Singapore. Tại thành phố Singapore, bạn sẽ tìm thấy SGD 8, SGD 15 hoặc SGD 38 (4G) SingTel, hi! Thẻ SIM. Thẻ SGD 8 có giá trị lưu trữ SGD 10 (90 ngày) và thẻ SGD 15 có giá trị SGD 18 (120 ngày). Các cuộc gọi đến khi ở Sing"
CASE_0246,326190,mixed,6,2045766,0.6783,0.6783,0,vi,"Tiền lương ở Singapore trung bình là 3101,41 SGD / tháng từ năm 1989 đến năm 2015, đạt mức cao nhất mọi thời đại là 5259 SGD / tháng trong quý đầu tiên của năm 2015 và mức thấp kỷ lục 1302 SGD / tháng trong quý thứ hai năm 1989. 1Y 5Y 10Y MAX. Dự báo Xuất dữ liệu API Truy cập. Giá hiện tại, NSA. Ở S"
CASE_0246,326190,mixed,7,2045771,0.6764,0.6764,0,vi,"Theo khảo sát mới nhất của HSBC Expat Explorer, một con số khổng lồ 45% người nước ngoài ở Singapore kiếm được hơn 250.000 SGD (khoảng 200.000 USD) mỗi năm (mức trung bình toàn cầu chỉ là 21%). Singapore được lấp đầy bởi các chuyên gia có uy tín, khoảng 73% người nước ngoài làm việc tại Singapore có"
CASE_0246,326190,mixed,8,3291037,0.6716,0.6716,0,vi,"Chỗ ở ÃƒÂ ¢ Ã‚â‚¬Ã‚â € œ Nơi ở không rẻ ở Singapore. Một đêm trong ký túc xá ký túc xá sẽ có giá khoảng 15-30 SGD, và một khách sạn bình dân bắt đầu từ 50 SGD cho một phòng đôi cơ bản có quạt. Hầu hết các khách sạn ở đây đều có giá khoảng 80-110 SGD một đêm. và đồ ăn Ấn Độ thường khoảng 8-9 SGD mỗi"
CASE_0246,326190,mixed,9,7414339,0.6661,0.6661,0,vi,Tiền lương ở Singapore giảm xuống còn 4611 SGD / tháng trong quý 2 năm 2015 từ 5259 SGD / tháng trong quý đầu tiên của năm 2015 trong quý đầu tiên của năm 2015 và mức thấp kỷ lục 1302 SGD / tháng vào quý thứ hai năm 1989. 1Y 5Y 10Y MAX.
CASE_0246,326190,mixed,10,7986488,0.6655,0.6655,0,vi,"Ngày 13 tháng 8 năm 2009, 10:35 sáng. Đến Singapore lần đầu tiên vào đầu tháng 10 - bây giờ mới bắt đầu rất háo hức. Chúng tôi sẽ dừng lại ở khu vực Ấn Độ nhỏ trong 3 đêm. Chúng ta sẽ cần bao nhiêu tiền để chi tiêu? Có 2 người chúng tôi khoảng 40 tuổi - tôi thích uống bia đặc biệt là vợ chỉ uống nướ"
CASE_0246,338040,endpoint,1,7054065,0.7347,0.7347,0,vi,vâng katelyn là phổ biến và phổ biến. nó được biết đến ở khắp mọi nơi. nó là 3 cái tên phổ biến nhất trên thế giới.
CASE_0246,338040,endpoint,2,7377307,0.7318,0.7318,1,vi,"Cái tên khá phổ biến Kaitlyn là Tên cô gái phổ biến thứ 197 ở Hoa Kỳ vào năm 2015. 250 ứng cử viên hàng đầu này đã có thứ hạng bên ngoài top 1000. Nó đạt thứ hạng phổ biến cao nhất là # 30 vào năm 2000 với 8.759 lần xuất hiện. Trong mọi năm, số lượng trẻ sơ sinh có tên Kaitlyn ít nhất là dưới 5 trẻ,"
CASE_0246,338040,endpoint,3,2165996,0.707,0.707,0,vi,"Kaitlyn thường được dùng làm tên con gái. Nó bao gồm 7 chữ cái và 2 âm tiết và được phát âm là Kait-lyn. Tại Hoa Kỳ vào năm 2014, nó xếp hạng 158 về mức độ phổ biến tên trẻ em dành cho các bé gái với 2044 lần xuất hiện. Ít hơn 5 cậu bé được đặt tên. Hãy xem Trang phổ biến tên của Kaitlyn để biết xu"
CASE_0246,338040,endpoint,4,7377310,0.6974,0.6974,0,vi,"Kaitlyn là một cái tên rất nổi bật dành cho nữ giới (thứ 1043 trong tổng số 4276, Top 24%) nhưng lại là một cái họ không phổ biến đối với tất cả mọi người. Kaitlyn lọt vào danh sách này vào năm 1980-1989 và đạt vị trí cao nhất là # 30 tại Hoa Kỳ vào năm 2000, và hiện tại là # 197."
CASE_0246,338040,endpoint,5,155323,0.6955,0.6955,0,vi,"Cái tên Kaitlyn được xếp ở vị trí thứ 992 trong những cái tên được sử dụng nhiều nhất. Nó có nghĩa là tên này rất thường xuyên được sử dụng. Chúng tôi ước tính rằng có ít nhất 541600 người trên thế giới có tên này, chiếm khoảng 0,008% dân số."
CASE_0246,338040,endpoint,6,875548,0.6867,0.6867,0,vi,"Kaitlyn thường được dùng làm tên con gái. Nó bao gồm 7 chữ cái và 2 âm tiết và được phát âm là Kait-lyn. Tại Hoa Kỳ vào năm 2014, nó xếp hạng 158 về mức độ phổ biến tên trẻ em dành cho các bé gái với 2044 lần xuất hiện. Có ít hơn 5 cậu bé được xướng tên. Xem Trang phổ biến tên của Kaitlyn để biết xu"
CASE_0246,338040,endpoint,7,1367392,0.6853,0.6853,0,vi,"Kaitlin là một cái tên rất nổi bật dành cho nữ giới (# 968 trên 4276, Top 23%) nhưng lại là một họ không phổ biến đối với cả người lớn và trẻ em. (Điều tra dân số Hoa Kỳ năm 2000). Dưới đây là tên khai sinh của Kaitlin phổ biến cho các cô gái. Kaitlin đã lọt vào danh sách này vào năm 1980-1989 và đạ"
CASE_0246,338040,endpoint,8,7377305,0.6849,0.6849,0,vi,"Kaitlyn là một cái tên rất nổi bật dành cho nữ giới (thứ 1043 trong tổng số 4276, Top 24%) nhưng lại là một cái họ không phổ biến đối với tất cả mọi người. (2000 HOA KỲ DEMOGRAPHICS) Kaitlyn lọt vào danh sách này vào năm 1980-1989 và đạt vị trí cao nhất là # 30 tại Hoa Kỳ vào năm 2000, và hiện tại l"
CASE_0246,338040,endpoint,9,2165993,0.6831,0.6831,0,vi,"Kaitlyn là một cái tên rất nổi bật dành cho nữ giới (thứ 1043 trong tổng số 4276, Top 24%) nhưng lại là một cái họ không phổ biến đối với tất cả mọi người. (Điều tra dân số Hoa Kỳ năm 2000). Hình dưới đây là tên khai sinh của Kaitlyn dành cho các bé gái. Aitlyn / kait-lyn / [2 sylls.] Là tên của các"
CASE_0246,338040,endpoint,10,5978238,0.6777,0.6777,0,vi,"Cái tên Caitlyn được xếp ở vị trí thứ 1.823 trong những cái tên được sử dụng nhiều nhất. Nó có nghĩa là tên này rất thường xuyên được sử dụng. Chúng tôi ước tính rằng có ít nhất 234100 người trên thế giới có tên này, chiếm khoảng 0,004% dân số. Tên Caitlyn có bảy ký tự."
CASE_0246,338040,mixed,1,7377307,0.7326,0.7326,1,vi,"Cái tên khá phổ biến Kaitlyn là Tên cô gái phổ biến thứ 197 ở Hoa Kỳ vào năm 2015. 250 ứng cử viên hàng đầu này đã có thứ hạng bên ngoài top 1000. Nó đạt thứ hạng phổ biến cao nhất là # 30 vào năm 2000 với 8.759 lần xuất hiện. Trong mọi năm, số lượng trẻ sơ sinh có tên Kaitlyn ít nhất là dưới 5 trẻ,"
CASE_0246,338040,mixed,2,7054065,0.7277,0.7277,0,vi,vâng katelyn là phổ biến và phổ biến. nó được biết đến ở khắp mọi nơi. nó là 3 cái tên phổ biến nhất trên thế giới.
CASE_0246,338040,mixed,3,2165996,0.7051,0.7051,0,vi,"Kaitlyn thường được dùng làm tên con gái. Nó bao gồm 7 chữ cái và 2 âm tiết và được phát âm là Kait-lyn. Tại Hoa Kỳ vào năm 2014, nó xếp hạng 158 về mức độ phổ biến tên trẻ em dành cho các bé gái với 2044 lần xuất hiện. Ít hơn 5 cậu bé được đặt tên. Hãy xem Trang phổ biến tên của Kaitlyn để biết xu"
CASE_0246,338040,mixed,4,7377310,0.6998,0.6998,0,vi,"Kaitlyn là một cái tên rất nổi bật dành cho nữ giới (thứ 1043 trong tổng số 4276, Top 24%) nhưng lại là một cái họ không phổ biến đối với tất cả mọi người. Kaitlyn lọt vào danh sách này vào năm 1980-1989 và đạt vị trí cao nhất là # 30 tại Hoa Kỳ vào năm 2000, và hiện tại là # 197."
CASE_0246,338040,mixed,5,1367392,0.6906,0.6906,0,vi,"Kaitlin là một cái tên rất nổi bật dành cho nữ giới (# 968 trên 4276, Top 23%) nhưng lại là một họ không phổ biến đối với cả người lớn và trẻ em. (Điều tra dân số Hoa Kỳ năm 2000). Dưới đây là tên khai sinh của Kaitlin phổ biến cho các cô gái. Kaitlin đã lọt vào danh sách này vào năm 1980-1989 và đạ"
CASE_0246,338040,mixed,6,7377305,0.6906,0.6906,0,vi,"Kaitlyn là một cái tên rất nổi bật dành cho nữ giới (thứ 1043 trong tổng số 4276, Top 24%) nhưng lại là một cái họ không phổ biến đối với tất cả mọi người. (2000 HOA KỲ DEMOGRAPHICS) Kaitlyn lọt vào danh sách này vào năm 1980-1989 và đạt vị trí cao nhất là # 30 tại Hoa Kỳ vào năm 2000, và hiện tại l"
CASE_0246,338040,mixed,7,155323,0.6903,0.6903,0,vi,"Cái tên Kaitlyn được xếp ở vị trí thứ 992 trong những cái tên được sử dụng nhiều nhất. Nó có nghĩa là tên này rất thường xuyên được sử dụng. Chúng tôi ước tính rằng có ít nhất 541600 người trên thế giới có tên này, chiếm khoảng 0,008% dân số."
CASE_0246,338040,mixed,8,875548,0.6806,0.6806,0,vi,"Kaitlyn thường được dùng làm tên con gái. Nó bao gồm 7 chữ cái và 2 âm tiết và được phát âm là Kait-lyn. Tại Hoa Kỳ vào năm 2014, nó xếp hạng 158 về mức độ phổ biến tên trẻ em dành cho các bé gái với 2044 lần xuất hiện. Có ít hơn 5 cậu bé được xướng tên. Xem Trang phổ biến tên của Kaitlyn để biết xu"
CASE_0246,338040,mixed,9,2165993,0.6753,0.6753,0,vi,"Kaitlyn là một cái tên rất nổi bật dành cho nữ giới (thứ 1043 trong tổng số 4276, Top 24%) nhưng lại là một cái họ không phổ biến đối với tất cả mọi người. (Điều tra dân số Hoa Kỳ năm 2000). Hình dưới đây là tên khai sinh của Kaitlyn dành cho các bé gái. Aitlyn / kait-lyn / [2 sylls.] Là tên của các"
CASE_0246,338040,mixed,10,5978238,0.6745,0.6745,0,vi,"Cái tên Caitlyn được xếp ở vị trí thứ 1.823 trong những cái tên được sử dụng nhiều nhất. Nó có nghĩa là tên này rất thường xuyên được sử dụng. Chúng tôi ước tính rằng có ít nhất 234100 người trên thế giới có tên này, chiếm khoảng 0,004% dân số. Tên Caitlyn có bảy ký tự."
CASE_0246,786157,endpoint,1,7645184,0.7576,0.7576,0,vi,Trang chủ Ãƒâ € šÃ‚Â »Giáo dục Ãƒâ € šÃ‚Â» Giáo dục trước giấy phép. Giáo dục trước khi có giấy phép đề cập đến số giờ đủ điều kiện phải được hoàn thành để đủ điều kiện tham gia kỳ thi cấp giấy phép nhân viên bán hàng bất động sản hoặc nhà môi giới ban đầu. SALESPERSON PRE-LICENSE CURRICULUMUM1) Rea
CASE_0246,786157,endpoint,2,7834912,0.7554,0.7554,1,vi,Các lớp học trước khi cấp phép: Khóa học cấp phép trước cho nhà môi giới BAO GỒM sách giáo khoa bắt buộc và tài liệu học trực tuyến. Khóa học Broker Prelicensing là bước đầu tiên để nhận được Giấy phép Bất động sản của bạn. Khóa học này đáp ứng các yêu cầu do Ủy ban Bất động sản Bắc Carolina thiết l
CASE_0246,786157,endpoint,3,2204344,0.7463,0.7463,0,vi,Các Khóa học Bất động sản Bắt buộc theo Luật định / Giấy phép Trước. Các khóa học được liệt kê trong danh sách được Cục Bất động sản phê duyệt vì đáp ứng các yêu cầu về khóa học giáo dục trước khi được cấp phép đối với giấy phép Nhân viên bán hàng và Môi giới bất động sản. Mỗi khóa học dài tối thiểu
CASE_0246,786157,endpoint,4,1914487,0.7438,0.7438,0,vi,"Các khóa học về bất động sản - Yêu cầu cấp phép trước và cấp phép sau. Người hướng dẫn - chỉ những Người hướng dẫn về Bất động sản được Ủy ban phê duyệt mới có thể hướng dẫn các khóa học Cấp phép trước của Người bán hàng, Người môi giới hoặc Người quản lý Hiệp hội Cộng đồng."
CASE_0246,786157,endpoint,5,3345353,0.7191,0.7191,0,vi,"Giáo dục trước khi cấp phép cho nhân viên bán hàng. Để được cấp phép làm nhân viên kinh doanh bất động sản bởi Hội đồng bất động sản, người nộp đơn phải: 1 hoàn thành 60 giờ học / giờ của một Khóa học về Nguyên tắc trước khi cấp phép bất động sản được Hội đồng phê duyệt (PDF), và. 2 vượt qua các phầ"
CASE_0246,786157,endpoint,6,5158520,0.7179,0.7179,0,vi,"Giáo dục trước khi có giấy phép cho nhân viên bán hàng Để được cấp phép làm nhân viên bán bất động sản bởi Hội đồng bất động sản, người nộp đơn phải: hoàn thành 60 giờ học / giờ của một Khóa học về Nguyên tắc trước khi cấp phép bất động sản được Hội đồng phê duyệt (PDF) và. vượt qua các phần của tiể"
CASE_0246,786157,endpoint,7,5830059,0.6824,0.6824,0,vi,"Bây giờ bạn đã quen thuộc với các bước cần thiết để có được giấy phép bất động sản của mình, chúng tôi thực sự khuyên bạn nên tham gia Khóa học cấp phép trước cho Cộng tác viên bán hàng trực tuyến kéo dài 63 giờ. Khóa học cấp phép trước cho Cộng tác viên bán hàng trực tuyến kéo dài 63 giờ của chúng"
CASE_0246,786157,endpoint,8,7645187,0.6705,0.6705,0,vi,"Ít nhất ba mươi (30) giờ đối với cả người đăng ký nhân viên bán hàng và người môi giới phải hoàn thành một khóa học bắt buộc bao gồm Luật Giấy phép Bất động sản Louisiana, Luật Cơ quan, Quy tắc / Quy định của Ủy ban và Luật Dân sự, liên quan đến bất động sản ở Louisiana.ome Ãƒâ € šÃ‚Â »Giáo dục Ãƒâ"
CASE_0246,786157,endpoint,9,1914491,0.6685,0.6685,0,vi,Số Phê duyệt Khóa học FREC 0008718. Khóa học này đáp ứng các yêu cầu giáo dục trước khi cấp phép cho người môi giới của Ủy ban Bất động sản Florida. Số giấy phép trường học của chúng tôi là ZH45653. Tham gia khóa học từ một nguồn giáo dục giàu kinh nghiệm với hơn 25 năm kinh nghiệm trong việc giảng
CASE_0246,786157,endpoint,10,2544306,0.6685,0.6685,0,vi,Chuyên viên bất động sản. 1 Hoàn thành thành công khóa học cấp phép trước được FREC phê duyệt cho các cộng tác viên bán hàng bao gồm 63 giờ học trên lớp và bao gồm các chủ đề theo yêu cầu của FREC. 2 Khóa học có giá trị cho mục đích cấp giấy phép trong 2 năm sau ngày hoàn thành khóa học.
CASE_0246,786157,mixed,1,7834912,0.7519,0.7519,1,vi,Các lớp học trước khi cấp phép: Khóa học cấp phép trước cho nhà môi giới BAO GỒM sách giáo khoa bắt buộc và tài liệu học trực tuyến. Khóa học Broker Prelicensing là bước đầu tiên để nhận được Giấy phép Bất động sản của bạn. Khóa học này đáp ứng các yêu cầu do Ủy ban Bất động sản Bắc Carolina thiết l
CASE_0246,786157,mixed,2,7645184,0.7507,0.7507,0,vi,Trang chủ Ãƒâ € šÃ‚Â »Giáo dục Ãƒâ € šÃ‚Â» Giáo dục trước giấy phép. Giáo dục trước khi có giấy phép đề cập đến số giờ đủ điều kiện phải được hoàn thành để đủ điều kiện tham gia kỳ thi cấp giấy phép nhân viên bán hàng bất động sản hoặc nhà môi giới ban đầu. SALESPERSON PRE-LICENSE CURRICULUMUM1) Rea
CASE_0246,786157,mixed,3,2204344,0.7117,0.7117,0,vi,Các Khóa học Bất động sản Bắt buộc theo Luật định / Giấy phép Trước. Các khóa học được liệt kê trong danh sách được Cục Bất động sản phê duyệt vì đáp ứng các yêu cầu về khóa học giáo dục trước khi được cấp phép đối với giấy phép Nhân viên bán hàng và Môi giới bất động sản. Mỗi khóa học dài tối thiểu
CASE_0246,786157,mixed,4,1914487,0.7054,0.7054,0,vi,"Các khóa học về bất động sản - Yêu cầu cấp phép trước và cấp phép sau. Người hướng dẫn - chỉ những Người hướng dẫn về Bất động sản được Ủy ban phê duyệt mới có thể hướng dẫn các khóa học Cấp phép trước của Người bán hàng, Người môi giới hoặc Người quản lý Hiệp hội Cộng đồng."
CASE_0246,786157,mixed,5,3345353,0.6756,0.6756,0,vi,"Giáo dục trước khi cấp phép cho nhân viên bán hàng. Để được cấp phép làm nhân viên kinh doanh bất động sản bởi Hội đồng bất động sản, người nộp đơn phải: 1 hoàn thành 60 giờ học / giờ của một Khóa học về Nguyên tắc trước khi cấp phép bất động sản được Hội đồng phê duyệt (PDF), và. 2 vượt qua các phầ"
CASE_0246,786157,mixed,6,5158520,0.6743,0.6743,0,vi,"Giáo dục trước khi có giấy phép cho nhân viên bán hàng Để được cấp phép làm nhân viên bán bất động sản bởi Hội đồng bất động sản, người nộp đơn phải: hoàn thành 60 giờ học / giờ của một Khóa học về Nguyên tắc trước khi cấp phép bất động sản được Hội đồng phê duyệt (PDF) và. vượt qua các phần của tiể"
CASE_0246,786157,mixed,7,7645187,0.6673,0.6673,0,vi,"Ít nhất ba mươi (30) giờ đối với cả người đăng ký nhân viên bán hàng và người môi giới phải hoàn thành một khóa học bắt buộc bao gồm Luật Giấy phép Bất động sản Louisiana, Luật Cơ quan, Quy tắc / Quy định của Ủy ban và Luật Dân sự, liên quan đến bất động sản ở Louisiana.ome Ãƒâ € šÃ‚Â »Giáo dục Ãƒâ"
CASE_0246,786157,mixed,8,6985389,0.6644,0.6644,0,vi,"Các tùy chọn khóa học Prelicensing có sẵn trực tiếp và trực tuyến. Sau khi bạn nhận được giấy phép ban đầu, nhân viên bán hàng phải tham gia các khóa học sau cấp phép 30 giờ nữa. Các nhà môi giới không có yêu cầu bổ sung về lớp học. Các đại lý bất động sản học thêm 15 giờ đồng hồ hai năm một lần để"
CASE_0246,786157,mixed,9,1914491,0.6579,0.6579,0,vi,Số Phê duyệt Khóa học FREC 0008718. Khóa học này đáp ứng các yêu cầu giáo dục trước khi cấp phép cho người môi giới của Ủy ban Bất động sản Florida. Số giấy phép trường học của chúng tôi là ZH45653. Tham gia khóa học từ một nguồn giáo dục giàu kinh nghiệm với hơn 25 năm kinh nghiệm trong việc giảng
CASE_0246,786157,mixed,10,6985396,0.657,0.657,0,vi,"Thông tin chi tiết. Có được lợi thế cạnh tranh mà bạn cần để thống trị ngành kinh doanh bất động sản với khóa học phức tạp này, được thiết kế để phù hợp với lịch trình bận rộn của BẠN. 1 $ 149 (giá trị $ 299) cho lớp học Cấp phép Trước Bất động sản Alabama 60 giờ. Chi tiết. Có được lợi thế cạnh tran"
CASE_0246,842272,endpoint,1,2139259,0.6839,0.6839,0,vi,"Bơ Ban. Tác dụng: Trong nướng, bơ làm tăng thêm hương vị và một kết cấu phong phú và đôi khi là xốp. Nó cũng giúp bánh nướng chín đều và tăng thêm độ đậm và ngọt. Cách thay thế: Bơ cực kỳ dễ thay thế trong các món nướng thuần chay. Nếu nướng theo công thức có gia vị hoặc hương vị tự nhiên, chẳng hạn"
CASE_0246,842272,endpoint,2,7871035,0.6811,0.6811,1,vi,"Mục đích của Buttermilk trong Nướng bánh. Buttermilk, được tạo ra bằng cách thêm nước vào sữa, giống như sữa chua, được sử dụng phổ biến nhất cho các loại bánh nướng, bao gồm cả bánh mì nhanh, chẳng hạn như bánh quy và bánh nướng xốp. Buttermilk có một hương vị rất rõ rệt và kết cấu đặc, xuất phát t"
CASE_0246,842272,endpoint,3,2953221,0.6802,0.6802,0,vi,"Bơ là một sản phẩm sữa rắn được làm bằng cách khuấy kem hoặc sữa tươi hoặc lên men, để tách chất béo của bơ khỏi sữa bơ. Nó thường được sử dụng để phết lên các sản phẩm bánh mì nướng hoặc bánh mì thông thường và một loại gia vị trên các loại rau nấu chín, cũng như trong nấu ăn, chẳng hạn như nướng,"
CASE_0246,842272,endpoint,4,7871037,0.6712,0.6712,0,vi,"Trong khi một số người thưởng thức sữa bơ như một loại đồ uống ở những nơi khác trên thế giới, thì ở Hoa Kỳ, chúng tôi thường sử dụng nó cho các món nướng. Buttermilk có nồng độ pH axit cao, làm cho bột nở và soda của bạn tăng cao hơn - tạo ra kết quả cuối cùng mềm hơn, nhẹ hơn. Nhưng hầu hết mọi ng"
CASE_0246,842272,endpoint,5,4350378,0.6613,0.6613,0,vi,1 Bột sữa bơ khô của chúng tôi rất lý tưởng để làm bánh; chỉ cần sử dụng 1 phần bột đến 4 phần nước. Lưu ý: không dùng để uống; không hoàn nguyên. 2 Đồ nướng làm bằng bơ sữa mềm hơn. Thêm độ ẩm và hương vị tinh tế cho các món nướng của bạn.
CASE_0246,842272,endpoint,6,804458,0.6613,0.6613,0,vi,"Bột là thành phần mà hầu hết các sản phẩm nướng đều dựa trên. Bột được tạo thành từ tinh bột, đạm, đường và khoáng chất. Hàm lượng protein quyết định mục đích sử dụng cuối cùng của bột. Sữa được sử dụng trong các sản phẩm nướng để cải thiện kết cấu và cảm giác ngon miệng."
CASE_0246,842272,endpoint,7,3984512,0.6586,0.6586,0,vi,"Nếu bạn không có kem và sử dụng sữa thay thế, bạn có thể tạo ra sự khác biệt với bơ không ướp muối. Sử dụng 2 phần sữa với 1 phần bơ đun chảy, khuấy đều với nhau và thêm các nguyên liệu ướt còn lại. Điều này chỉ hoạt động như một nguyên liệu làm bánh. Nếu bạn thay thế sữa cho kem như một cách để giả"
CASE_0246,842272,endpoint,8,8493303,0.657,0.657,0,vi,"Bên cạnh những điều đã nói ở trên, khi nói đến nấu ăn, bơ sữa là chất béo yêu thích của tôi để sử dụng trong nhà bếp vì những lý do sau: 1 Nó có điểm khói thực sự cao: 485Ãâ € šÃ‚Â ° F (252Ãƒâ € šÃ‚Â ° C), cao hơn nhiều so với dầu dừa, dầu ô liu, mỡ lợn, bơ, v.v. 2 Điều này làm cho nó trở nên lý tưở"
CASE_0246,842272,endpoint,9,5280158,0.6568,0.6568,0,vi,"Bơ thường được sử dụng như một món ăn lan và một loại gia vị. Nó cũng được sử dụng trong nướng, làm nước sốt và áp chảo. Nó thường được làm từ sữa bò, nhưng nó cũng có thể được sản xuất từ ​​sữa của cừu, dê hoặc động vật có vú khác. Muối, hương liệu và chất bảo quản được thêm vào bơ bán trên thị trư"
CASE_0246,842272,endpoint,10,4350383,0.6562,0.6562,0,vi,1 Bột sữa bơ khô của chúng tôi rất lý tưởng để làm bánh; chỉ cần sử dụng 1 phần bột đến 4 phần nước. Lưu ý: không dùng để uống; không hoàn nguyên. 2 Đồ nướng làm bằng bơ sữa mềm hơn. 3 Bổ sung độ ẩm và hương vị tinh tế cho các món nướng của bạn. Ít chất béo hơn các nhãn hiệu cửa hàng.
CASE_0246,842272,mixed,1,7871035,0.7572,0.7572,1,vi,"Mục đích của Buttermilk trong Nướng bánh. Buttermilk, được tạo ra bằng cách thêm nước vào sữa, giống như sữa chua, được sử dụng phổ biến nhất cho các loại bánh nướng, bao gồm cả bánh mì nhanh, chẳng hạn như bánh quy và bánh nướng xốp. Buttermilk có một hương vị rất rõ rệt và kết cấu đặc, xuất phát t"
CASE_0246,842272,mixed,2,2367528,0.7072,0.7072,0,vi,"Buttermilk là một phần quan trọng của việc làm bánh. Sữa có tính axit kết hợp với baking soda trong một công thức là một giấc mơ của thợ làm bánh. XemÃƒÂ ¢ Ã‚â‚¬Ã‚Â¦ khi baking soda được kết hợp với các axit lactic của sữa bơ, soda giải phóng carbon dioxide khi được làm nóng, giải phóng các bong bón"
CASE_0246,842272,mixed,3,7871037,0.6978,0.6978,0,vi,"Trong khi một số người thưởng thức sữa bơ như một loại đồ uống ở những nơi khác trên thế giới, thì ở Hoa Kỳ, chúng tôi thường sử dụng nó cho các món nướng. Buttermilk có nồng độ pH axit cao, làm cho bột nở và soda của bạn tăng cao hơn - tạo ra kết quả cuối cùng mềm hơn, nhẹ hơn. Nhưng hầu hết mọi ng"
CASE_0246,842272,mixed,4,5027095,0.6896,0.6896,0,vi,"Buttermilk rất lý tưởng trong việc nướng bánh vì không có chất béo và nó hoạt động rất giống sữa nguyên chất trong bánh kếp và bánh nướng xốp. Nếu bạn định thay sữa bơ bằng sữa trong công thức nấu ăn của mình, bạn cũng cần thay đổi lượng muối nở và bột nở. Điều này là do hàm lượng axit cao hơn trong"
CASE_0246,842272,mixed,5,5278012,0.6856,0.6856,0,vi,"Buttermilk là một thành phần bí mật ít được biết đến, có tác dụng tuyệt vời trong tất cả các loại công thức nấu ăn. Kiểm tra công thức nấu ăn bơ của chúng tôi cho mọi bữa ăn trong ngày. Những chiếc bánh quy giòn, có mùi thơm chỉ là một cách để sử dụng sữa bơ làm nguyên liệu chính trong nhà bếp."
CASE_0246,842272,mixed,6,374292,0.6768,0.6768,0,vi,"Buttermilk là phần sữa hoặc kem ít béo còn lại sau khi đã được đánh bông để làm bơ. Ngày nay, sữa bơ không phải là sản phẩm phụ của quá trình làm bơ, mà được làm từ sữa không béo hoặc ít béo được ÃƒÂ ¢ Ã‚â‚¬Ã‚Å “được nuôi cấy với vi khuẩn axit lactic. buttermilk ít chất béo và calo, nhưng vẫn giữ đư"
CASE_0246,842272,mixed,7,2953221,0.6751,0.6751,0,vi,"Bơ là một sản phẩm sữa rắn được làm bằng cách khuấy kem hoặc sữa tươi hoặc lên men, để tách chất béo của bơ khỏi sữa bơ. Nó thường được sử dụng để phết lên các sản phẩm bánh mì nướng hoặc bánh mì thông thường và một loại gia vị trên các loại rau nấu chín, cũng như trong nấu ăn, chẳng hạn như nướng,"
CASE_0246,842272,mixed,8,3343822,0.6731,0.6731,0,vi,"Nếu sữa không béo được sử dụng trong bánh mì, sữa phải được đun nóng đến nhiệt độ đủ cao trong quá trình sấy để phá hủy một axit amin, glutathione, làm suy yếu gluten trong bột. Sữa có chứa một axit amin làm hỏng gluten trong bánh mì. Sữa đóng góp chất lỏng vào hỗn hợp và bổ sung chất dinh dưỡng cho"
CASE_0246,842272,mixed,9,804458,0.6723,0.6723,0,vi,"Bột là thành phần mà hầu hết các sản phẩm nướng đều dựa trên. Bột được tạo thành từ tinh bột, đạm, đường và khoáng chất. Hàm lượng protein quyết định mục đích sử dụng cuối cùng của bột. Sữa được sử dụng trong các sản phẩm nướng để cải thiện kết cấu và cảm giác ngon miệng."
CASE_0246,842272,mixed,10,2139259,0.6668,0.6668,0,vi,"Bơ Ban. Tác dụng: Trong nướng, bơ làm tăng thêm hương vị và một kết cấu phong phú và đôi khi là xốp. Nó cũng giúp bánh nướng chín đều và tăng thêm độ đậm và ngọt. Cách thay thế: Bơ cực kỳ dễ thay thế trong các món nướng thuần chay. Nếu nướng theo công thức có gia vị hoặc hương vị tự nhiên, chẳng hạn"
CASE_0246,869891,endpoint,1,83242,0.6926,0.6926,0,vi,"Đảng Hợp tác hiện có hiệp ước bầu cử vĩnh viễn với Đảng Lao động, nghĩa là ai đó không thể là thành viên nếu họ ủng hộ một đảng khác ngoài Đảng Lao động. Một nhóm thay thế, Phong trào Hợp tác Bảo thủ mở cửa cho những người thuộc tất cả các đảng phái hoặc không có đảng phái nào."
CASE_0246,869891,endpoint,2,7945531,0.6814,0.6814,1,vi,"Đảng hợp tác. Đảng Hợp tác xã là một đảng chính trị xã hội chủ nghĩa nhỏ, ở Vương quốc Anh. Các ứng cử viên của nó cũng phải là thành viên của Đảng Lao động, và ứng cử viên của Đảng Lao động và Hợp tác xã. 1 Bữa tiệc hôm nay."
CASE_0246,869891,endpoint,3,7837914,0.6124,0.6124,0,vi,Đảng chính trị nào được thành lập bằng cách tập hợp một số liên minh chống chế độ nô lệ miền Bắc lại với nhau?
CASE_0246,869891,endpoint,4,820286,0.599,0.599,0,vi,Câu trả lời hay nhất: CỘNG HÒA-Đảng Cộng hòa là đảng bảo thủ hơn về mặt xã hội và tự do về kinh tế trong số hai đảng lớn và có quan hệ chặt chẽ hơn với cả Phố Wall (các tập đoàn lớn) và Phố Chính (các doanh nghiệp thuộc sở hữu địa phương) hơn so với Đảng Dân chủ và ít liên kết hơn với liên đoàn Lao
CASE_0246,869891,endpoint,5,7945528,0.5984,0.5984,0,vi,"Từ Penzance đến Perth, có các thành viên Đảng Hợp tác trên toàn Vương quốc Anh. Cho dù là trong chính quyền địa phương và được phát triển, hay với tư cách là các đảng viên địa phương bình thường, họ đang làm việc để đảm bảo rằng sự phân quyền có nghĩa là trao cho người dân địa phương quyền kiểm soát"
CASE_0246,869891,endpoint,6,7945527,0.5982,0.5982,0,vi,Đảng Hợp tác: vượt ra ngoài Đảng Lao động. Dave Boyle cho biết đã đến lúc các thành viên của các tổ chức hợp tác có tiếng nói về cách họ tiêu tiền vào chính trị. Tiệc Hợp tác từ lâu đã được coi là bữa tiệc chị em của Labour. Ảnh: Co-op Party Viết trong phần này cách đây vài tháng về Co-operative Par
CASE_0246,869891,endpoint,7,4582298,0.5981,0.5981,0,vi,Đảng Cộng hòa Hoa Kỳ là một trong hai đảng chính trị lớn nhất ở Hợp chủng quốc Hoa Kỳ. Đảng lớn còn lại là Đảng Dân chủ. Hoa Kỳ cũng có nhiều bên nhỏ khác được gọi là bên thứ ba. Những người theo Đảng Cộng hòa thường được gọi là cánh hữu hoặc phe bảo thủ.
CASE_0246,869891,endpoint,8,647171,0.5981,0.5981,0,vi,"Chủ nghĩa hợp tác, còn được gọi là Chủ nghĩa hợp vốn, hoặc Chủ nghĩa hợp tác cách mạng, một phong trào ủng hộ hành động trực tiếp của giai cấp công nhân nhằm xóa bỏ trật tự tư bản chủ nghĩa, bao gồm cả nhà nước, và thiết lập một trật tự xã hội dựa trên những người lao động được tổ chức trong các đơn"
CASE_0246,869891,endpoint,9,7945525,0.598,0.598,0,vi,"Đây là một bộ phận chính trị của phong trào hợp tác xã rộng lớn của Anh, và tất cả các thành viên của đảng phải là thành viên của một doanh nghiệp hợp tác. Những người muốn ứng cử cũng phải là thành viên của Đảng Lao động."
CASE_0246,869891,endpoint,10,4706164,0.5957,0.5957,0,vi,"Một loại tổ chức chính trị khác là liên minh đảng. Liên minh đảng là một nhóm các đảng chính trị cùng hoạt động trong quốc hội. Thông thường, các liên minh đảng được thành lập sau khi các cuộc bầu cử diễn ra và không đảng nào rõ ràng giành được đa số ghế trong quốc hội (ví dụ: Chính phủ của Quốc hội"
CASE_0246,869891,mixed,1,7945531,0.6739,0.6739,1,vi,"Đảng hợp tác. Đảng Hợp tác xã là một đảng chính trị xã hội chủ nghĩa nhỏ, ở Vương quốc Anh. Các ứng cử viên của nó cũng phải là thành viên của Đảng Lao động, và ứng cử viên của Đảng Lao động và Hợp tác xã. 1 Bữa tiệc hôm nay."
CASE_0246,869891,mixed,2,83242,0.6711,0.6711,0,vi,"Đảng Hợp tác hiện có hiệp ước bầu cử vĩnh viễn với Đảng Lao động, nghĩa là ai đó không thể là thành viên nếu họ ủng hộ một đảng khác ngoài Đảng Lao động. Một nhóm thay thế, Phong trào Hợp tác Bảo thủ mở cửa cho những người thuộc tất cả các đảng phái hoặc không có đảng phái nào."
CASE_0246,869891,mixed,3,820286,0.6199,0.6199,0,vi,Câu trả lời hay nhất: CỘNG HÒA-Đảng Cộng hòa là đảng bảo thủ hơn về mặt xã hội và tự do về kinh tế trong số hai đảng lớn và có quan hệ chặt chẽ hơn với cả Phố Wall (các tập đoàn lớn) và Phố Chính (các doanh nghiệp thuộc sở hữu địa phương) hơn so với Đảng Dân chủ và ít liên kết hơn với liên đoàn Lao
CASE_0246,869891,mixed,4,7837914,0.6175,0.6175,0,vi,Đảng chính trị nào được thành lập bằng cách tập hợp một số liên minh chống chế độ nô lệ miền Bắc lại với nhau?
CASE_0246,869891,mixed,5,7945527,0.6135,0.6135,0,vi,Đảng Hợp tác: vượt ra ngoài Đảng Lao động. Dave Boyle cho biết đã đến lúc các thành viên của các tổ chức hợp tác có tiếng nói về cách họ tiêu tiền vào chính trị. Tiệc Hợp tác từ lâu đã được coi là bữa tiệc chị em của Labour. Ảnh: Co-op Party Viết trong phần này cách đây vài tháng về Co-operative Par
CASE_0246,869891,mixed,6,7945525,0.6027,0.6027,0,vi,"Đây là một bộ phận chính trị của phong trào hợp tác xã rộng lớn của Anh, và tất cả các thành viên của đảng phải là thành viên của một doanh nghiệp hợp tác. Những người muốn ứng cử cũng phải là thành viên của Đảng Lao động."
CASE_0246,869891,mixed,7,4582298,0.6001,0.6001,0,vi,Đảng Cộng hòa Hoa Kỳ là một trong hai đảng chính trị lớn nhất ở Hợp chủng quốc Hoa Kỳ. Đảng lớn còn lại là Đảng Dân chủ. Hoa Kỳ cũng có nhiều bên nhỏ khác được gọi là bên thứ ba. Những người theo Đảng Cộng hòa thường được gọi là cánh hữu hoặc phe bảo thủ.
CASE_0246,869891,mixed,8,8044441,0.5963,0.5963,0,vi,Đảng Cộng hòa (Hoa Kỳ) Đảng Cộng hòa Hoa Kỳ là một trong hai đảng chính trị lớn nhất tại Hợp chúng quốc Hoa Kỳ. Đảng lớn còn lại là Đảng Dân chủ. Hoa Kỳ cũng có nhiều bên nhỏ khác được gọi là bên thứ ba. Những người theo Đảng Cộng hòa thường được gọi là cánh hữu hoặc phe bảo thủ. Bản thân Đảng Cộng
CASE_0246,869891,mixed,9,7945523,0.5903,0.5903,0,vi,"Với tư cách là đảng chính trị của phong trào hợp tác, chúng tôi tin rằng mọi thứ hoạt động tốt nhất khi những người bình thường có tiếng nói và khi các dịch vụ có trách nhiệm với những người sử dụng chúng. Đường sắt hoạt động như một sự hợp tác giữa hành khách và nhân viên. Cung cấp cho người thuê q"
CASE_0246,869891,mixed,10,5658276,0.5888,0.5888,0,vi,"Đảng Cộng hòa, thường được gọi là GOP (viết tắt của Grand Old Party), là một trong hai đảng chính trị lớn đương đại ở Hoa Kỳ, đảng còn lại là đối thủ lịch sử của nó, Đảng Dân chủ. Đảng Cộng hòa tuyên bố Hoa Kỳ nên thúc đẩy tình hữu nghị không chỉ giữa Hoa Kỳ và Nga, mà còn giữa Nga và các nước láng"
CASE_0246,1000000,endpoint,1,3639921,0.7101,0.7101,0,vi,"Insulin là một loại hormone được tạo ra bởi một cơ quan nằm phía sau dạ dày được gọi là tuyến tụy. Tại đây, insulin được giải phóng vào máu bởi các tế bào chuyên biệt được gọi là tế bào beta được tìm thấy trong các khu vực của tuyến tụy được gọi là đảo Langerhans (thuật ngữ insulin xuất phát từ tiến"
CASE_0246,1000000,endpoint,2,1621472,0.7087,0.7087,0,vi,"Insulin là một loại hormone được tạo ra bởi một cơ quan nằm phía sau dạ dày được gọi là tuyến tụy. Tại đây, insulin được giải phóng vào máu bởi các tế bào chuyên biệt được gọi là tế bào beta được tìm thấy trong các khu vực của tuyến tụy được gọi là đảo Langerhans (thuật ngữ insulin xuất phát từ tiến"
CASE_0246,1000000,endpoint,3,1883752,0.7058,0.7058,0,vi,"Insulin chỉ được tổng hợp với số lượng đáng kể trong các tế bào beta của tuyến tụy. Nó được tiết ra chủ yếu để đáp ứng với nồng độ glucose trong máu tăng cao. Do đó, insulin có thể điều chỉnh lượng đường trong máu và cơ thể cảm nhận và phản ứng để tăng lượng đường trong máu bằng cách tiết ra insulin"
CASE_0246,1000000,endpoint,4,3782789,0.7025,0.7025,0,vi,"Tuy nhiên, từ năm 1983, một sản phẩm gọi là insulin người sinh tổng hợp đã có sẵn. Insulin này không đến từ tuyến tụy của con người; nó được sản xuất trong phòng thí nghiệm bằng cách đưa gen người tổng hợp (nhân tạo) vào vi khuẩn hoặc nấm men.ainPlaceHolder. Insulin là một loại hormone, một chất tru"
CASE_0246,1000000,endpoint,5,1975289,0.7024,0.7024,0,vi,Hóa học và từ nguyên insulin. Insulin là một chuỗi protein hoặc hormone peptide. Có 51 axit amin trong một phân tử insulin. Nó có trọng lượng phân tử là 5808 Da. Insulin được sản xuất trong các đảo nhỏ của Langerhans trong tuyến tụy. Tên insulin bắt nguồn từ tiếng Latinh '' insula '' để chỉ đảo từ c
CASE_0246,1000000,endpoint,6,6829053,0.6992,0.6992,0,vi,"Insulin là một loại hormone được tạo ra bởi một cơ quan nằm phía sau dạ dày được gọi là tuyến tụy. Tại đây, insulin được giải phóng vào máu bởi các tế bào chuyên biệt được gọi là tế bào beta được tìm thấy trong các khu vực của tuyến tụy được gọi là đảo Langerhans (thuật ngữ insulin xuất phát từ tiến"
CASE_0246,1000000,endpoint,7,1883747,0.6973,0.6973,0,vi,"Insulin là một loại hormone quan trọng đối với sự trao đổi chất và sử dụng năng lượng từ các chất dinh dưỡng ăn vào, đặc biệt là glucose. Insulin được sản xuất trong các đảo nhỏ của Langerhans trong tuyến tụy. Tên insulin bắt nguồn từ tiếng Latinh '' insula '' để chỉ đảo từ các tế bào sản xuất hormo"
CASE_0246,1000000,endpoint,8,3639919,0.6971,0.6971,0,vi,Insulin được sản xuất trong các đảo nhỏ của Langerhans trong tuyến tụy. Tên insulin bắt nguồn từ tiếng Latinh '' insula '' để chỉ đảo từ các tế bào sản xuất hormone trong tuyến tụy. Nó có trọng lượng phân tử là 5808 Da. Insulin được sản xuất trong các đảo nhỏ của Langerhans trong tuyến tụy. Tên insu
CASE_0246,1000000,endpoint,9,784661,0.6935,0.6935,0,vi,"Insulin là gì? Insulin là một loại hormone được tạo ra bởi một cơ quan nằm phía sau dạ dày được gọi là tuyến tụy. Tại đây, insulin được giải phóng vào máu bởi các tế bào chuyên biệt được gọi là tế bào beta được tìm thấy trong các khu vực của tuyến tụy được gọi là đảo Langerhans (thuật ngữ insulin xu"
CASE_0246,1000000,endpoint,10,1574525,0.6917,0.6917,0,vi,"Insulin là một loại hormone do tuyến tụy tiết ra có tác dụng điều chỉnh lượng glucose trong máu. Nếu không có insulin, các tế bào không thể sử dụng năng lượng từ glucose để thực hiện các chức năng bên trong cơ thể. Insulin được Frederick Grant Banting và Charles Best phát hiện lần đầu tiên vào năm 1"
CASE_0246,1000000,mixed,1,1883752,0.6911,0.6911,0,vi,"Insulin chỉ được tổng hợp với số lượng đáng kể trong các tế bào beta của tuyến tụy. Nó được tiết ra chủ yếu để đáp ứng với nồng độ glucose trong máu tăng cao. Do đó, insulin có thể điều chỉnh lượng đường trong máu và cơ thể cảm nhận và phản ứng để tăng lượng đường trong máu bằng cách tiết ra insulin"
CASE_0246,1000000,mixed,2,3639921,0.6897,0.6897,0,vi,"Insulin là một loại hormone được tạo ra bởi một cơ quan nằm phía sau dạ dày được gọi là tuyến tụy. Tại đây, insulin được giải phóng vào máu bởi các tế bào chuyên biệt được gọi là tế bào beta được tìm thấy trong các khu vực của tuyến tụy được gọi là đảo Langerhans (thuật ngữ insulin xuất phát từ tiến"
CASE_0246,1000000,mixed,3,3782789,0.689,0.689,0,vi,"Tuy nhiên, từ năm 1983, một sản phẩm gọi là insulin người sinh tổng hợp đã có sẵn. Insulin này không đến từ tuyến tụy của con người; nó được sản xuất trong phòng thí nghiệm bằng cách đưa gen người tổng hợp (nhân tạo) vào vi khuẩn hoặc nấm men.ainPlaceHolder. Insulin là một loại hormone, một chất tru"
CASE_0246,1000000,mixed,4,3639919,0.6881,0.6881,0,vi,Insulin được sản xuất trong các đảo nhỏ của Langerhans trong tuyến tụy. Tên insulin bắt nguồn từ tiếng Latinh '' insula '' để chỉ đảo từ các tế bào sản xuất hormone trong tuyến tụy. Nó có trọng lượng phân tử là 5808 Da. Insulin được sản xuất trong các đảo nhỏ của Langerhans trong tuyến tụy. Tên insu
CASE_0246,1000000,mixed,5,1621472,0.6873,0.6873,0,vi,"Insulin là một loại hormone được tạo ra bởi một cơ quan nằm phía sau dạ dày được gọi là tuyến tụy. Tại đây, insulin được giải phóng vào máu bởi các tế bào chuyên biệt được gọi là tế bào beta được tìm thấy trong các khu vực của tuyến tụy được gọi là đảo Langerhans (thuật ngữ insulin xuất phát từ tiến"
CASE_0246,1000000,mixed,6,1975289,0.686,0.686,0,vi,Hóa học và từ nguyên insulin. Insulin là một chuỗi protein hoặc hormone peptide. Có 51 axit amin trong một phân tử insulin. Nó có trọng lượng phân tử là 5808 Da. Insulin được sản xuất trong các đảo nhỏ của Langerhans trong tuyến tụy. Tên insulin bắt nguồn từ tiếng Latinh '' insula '' để chỉ đảo từ c
CASE_0246,1000000,mixed,7,6829053,0.6813,0.6813,0,vi,"Insulin là một loại hormone được tạo ra bởi một cơ quan nằm phía sau dạ dày được gọi là tuyến tụy. Tại đây, insulin được giải phóng vào máu bởi các tế bào chuyên biệt được gọi là tế bào beta được tìm thấy trong các khu vực của tuyến tụy được gọi là đảo Langerhans (thuật ngữ insulin xuất phát từ tiến"
CASE_0246,1000000,mixed,8,1883747,0.6803,0.6803,0,vi,"Insulin là một loại hormone quan trọng đối với sự trao đổi chất và sử dụng năng lượng từ các chất dinh dưỡng ăn vào, đặc biệt là glucose. Insulin được sản xuất trong các đảo nhỏ của Langerhans trong tuyến tụy. Tên insulin bắt nguồn từ tiếng Latinh '' insula '' để chỉ đảo từ các tế bào sản xuất hormo"
CASE_0246,1000000,mixed,9,784657,0.6783,0.6783,0,vi,Có 51 axit amin trong một phân tử insulin. Nó có trọng lượng phân tử là 5808 Da. Insulin được sản xuất trong các đảo nhỏ của Langerhans trong tuyến tụy. Tên insulin bắt nguồn từ tiếng Latinh '' insula '' để chỉ đảo từ các tế bào sản xuất hormone trong tuyến tụy. Cấu trúc của insulin hơi khác nhau gi
CASE_0246,1000000,mixed,10,3639913,0.6744,0.6744,0,vi,"Insulin (từ tiếng Latinh, insula có nghĩa là đảo) là một loại hormone peptide được sản xuất bởi các tế bào beta trong tuyến tụy, nó điều chỉnh sự trao đổi chất của carbohydrate và chất béo bằng cách thúc đẩy sự hấp thụ glucose từ máu đến các cơ xương và mô mỡ và bằng cách tạo ra chất béo. được lưu t"
CASE_0246,1000004,endpoint,1,5951081,0.6963,0.6963,0,vi,Norah là một cái tên có nguồn gốc từ tiếng Anh và bắt nguồn từ tên Honora và Eleanora. Ý nghĩa của cái tên Norah là danh dự. Biến thể phổ biến nhất của tên Norah là Nora.
CASE_0246,1000004,endpoint,2,5951087,0.6893,0.6893,0,vi,"Ghi chú: Norah là một cái tên có nguồn gốc từ tiếng Anh và có nguồn gốc từ tên Honora và Eleanora. Ý nghĩa của cái tên Norah là danh dự. Biến thể phổ biến nhất của tên Norah là Nora. Các biệt danh bao gồm Nor, Nory, No-No và Rah."
CASE_0246,1000004,endpoint,3,5951082,0.6849,0.6849,0,vi,"Norah là một cái tên có nguồn gốc từ tiếng Anh và bắt nguồn từ tên Honora và Eleanora. Ý nghĩa của cái tên Norah là danh dự. Biến thể phổ biến nhất của tên Norah là Nora. Các biệt danh bao gồm Nor, Nory, No-No và Rah. Norah là # 186 vào năm 2013 theo Cục An sinh Xã hội."
CASE_0246,1000004,endpoint,4,5951085,0.6792,0.6792,0,vi,"Nora là một cái tên có nguồn gốc từ tiếng Anh và bắt nguồn từ tên Honora và Eleanora. Ý nghĩa của cái tên Nora là danh dự. Biến thể phổ biến nhất của tên Nora là Norah. Các biệt danh bao gồm Nor, Nory, No-No và Rah."
CASE_0246,1000004,endpoint,5,5951083,0.6785,0.6785,0,vi,Nora là một cái tên có nguồn gốc từ tiếng Anh và bắt nguồn từ tên Honora và Eleanora. Ý nghĩa của cái tên Nora là danh dự. Biến thể phổ biến nhất của tên Nora là Norah.
CASE_0246,1000004,endpoint,6,7264265,0.6657,0.6657,0,vi,"Norah, Noora, Noorah, Norma Nora hoặc Norah là tên riêng của phái nữ Ý, Anh, Ailen, Albania, Scandinavia, Ả Rập và Baltic. Nó chủ yếu bắt nguồn từ một dạng ngắn của Honora (cũng là Honoria), một tên gọi chung của người Anh-Norman, cuối cùng bắt nguồn từ từ tiếng Latinh là Honor (với ý nghĩa đó). Ở H"
CASE_0246,1000004,endpoint,7,4367543,0.6655,0.6655,0,vi,"Ghi chú: Norah là một cái tên có nguồn gốc từ tiếng Anh và có nguồn gốc từ tên Honora và Eleanora. Ý nghĩa của cái tên Norah là danh dự. Biến thể phổ biến nhất của tên Norah là Nora. Các biệt danh bao gồm Nor, Nory, No-No và Rah.Norah là # 186 vào năm 2013 theo Cục An sinh Xã hội, ngoài ra, biến thể"
CASE_0246,1000004,endpoint,8,4367542,0.6638,0.6638,0,vi,"Norah là một cái tên có nguồn gốc từ tiếng Anh và bắt nguồn từ tên Honora và Eleanora. Ý nghĩa của cái tên Norah là sự tôn vinh. Biến thể phổ biến nhất của tên Norah là Nora. Các biệt danh bao gồm Nor, Nory, No-No và Rah. Norah là # 186 vào năm 2013 theo Cục An sinh Xã hội. Ngoài ra, biến thể Nora l"
CASE_0246,1000004,endpoint,9,4367539,0.6626,0.6626,0,vi,"Nora / no-ra / [2 sylls.] Là tên của các cô gái được phát âm là NOR-ah. Nó có nguồn gốc từ tiếng Anh, tiếng Hy Lạp và tiếng Latinh, và ý nghĩa của Nora là ánh sáng; người phụ nữ của danh dự. Ánh sáng dạng ngắn Eleanora (tiếng Hy Lạp), người phụ nữ danh giá Honora (tiếng Latinh), và Leonora. Ở Scotla"
CASE_0246,1000004,endpoint,10,8298052,0.6584,0.6584,0,vi,"Nora (tên) Đối với các mục đích sử dụng khác, xem Nora. Nora hoặc Norah là một tên riêng của phụ nữ Ý, Anh, Ireland, Albania, Scandinavia và Baltic. Nó chủ yếu bắt nguồn từ một dạng ngắn của Honora (cũng là Honoria), một tên gọi chung của người Anh-Norman, cuối cùng bắt nguồn từ từ tiếng Latinh là H"
CASE_0246,1000004,mixed,1,5951081,0.6989,0.6989,0,vi,Norah là một cái tên có nguồn gốc từ tiếng Anh và bắt nguồn từ tên Honora và Eleanora. Ý nghĩa của cái tên Norah là danh dự. Biến thể phổ biến nhất của tên Norah là Nora.
CASE_0246,1000004,mixed,2,5951087,0.6888,0.6888,0,vi,"Ghi chú: Norah là một cái tên có nguồn gốc từ tiếng Anh và có nguồn gốc từ tên Honora và Eleanora. Ý nghĩa của cái tên Norah là danh dự. Biến thể phổ biến nhất của tên Norah là Nora. Các biệt danh bao gồm Nor, Nory, No-No và Rah."
CASE_0246,1000004,mixed,3,5951082,0.6844,0.6844,0,vi,"Norah là một cái tên có nguồn gốc từ tiếng Anh và bắt nguồn từ tên Honora và Eleanora. Ý nghĩa của cái tên Norah là danh dự. Biến thể phổ biến nhất của tên Norah là Nora. Các biệt danh bao gồm Nor, Nory, No-No và Rah. Norah là # 186 vào năm 2013 theo Cục An sinh Xã hội."
CASE_0246,1000004,mixed,4,5951085,0.6766,0.6766,0,vi,"Nora là một cái tên có nguồn gốc từ tiếng Anh và bắt nguồn từ tên Honora và Eleanora. Ý nghĩa của cái tên Nora là danh dự. Biến thể phổ biến nhất của tên Nora là Norah. Các biệt danh bao gồm Nor, Nory, No-No và Rah."
CASE_0246,1000004,mixed,5,5951083,0.6759,0.6759,0,vi,Nora là một cái tên có nguồn gốc từ tiếng Anh và bắt nguồn từ tên Honora và Eleanora. Ý nghĩa của cái tên Nora là danh dự. Biến thể phổ biến nhất của tên Nora là Norah.
CASE_0246,1000004,mixed,6,4367542,0.6643,0.6643,0,vi,"Norah là một cái tên có nguồn gốc từ tiếng Anh và bắt nguồn từ tên Honora và Eleanora. Ý nghĩa của cái tên Norah là sự tôn vinh. Biến thể phổ biến nhất của tên Norah là Nora. Các biệt danh bao gồm Nor, Nory, No-No và Rah. Norah là # 186 vào năm 2013 theo Cục An sinh Xã hội. Ngoài ra, biến thể Nora l"
CASE_0246,1000004,mixed,7,4367543,0.6637,0.6637,0,vi,"Ghi chú: Norah là một cái tên có nguồn gốc từ tiếng Anh và có nguồn gốc từ tên Honora và Eleanora. Ý nghĩa của cái tên Norah là danh dự. Biến thể phổ biến nhất của tên Norah là Nora. Các biệt danh bao gồm Nor, Nory, No-No và Rah.Norah là # 186 vào năm 2013 theo Cục An sinh Xã hội, ngoài ra, biến thể"
CASE_0246,1000004,mixed,8,7264265,0.6626,0.6626,0,vi,"Norah, Noora, Noorah, Norma Nora hoặc Norah là tên riêng của phái nữ Ý, Anh, Ailen, Albania, Scandinavia, Ả Rập và Baltic. Nó chủ yếu bắt nguồn từ một dạng ngắn của Honora (cũng là Honoria), một tên gọi chung của người Anh-Norman, cuối cùng bắt nguồn từ từ tiếng Latinh là Honor (với ý nghĩa đó). Ở H"
CASE_0246,1000004,mixed,9,5921505,0.6533,0.6533,0,vi,Tên Norah có nguồn gốc từ Ireland. Ý nghĩa của Norah là danh dự. Norah thường được dùng làm tên con gái. Nó bao gồm 5 chữ cái và 2 âm tiết và được phát âm là No-rah.
CASE_0246,1000004,mixed,10,8298052,0.6531,0.6531,0,vi,"Nora (tên) Đối với các mục đích sử dụng khác, xem Nora. Nora hoặc Norah là một tên riêng của phụ nữ Ý, Anh, Ireland, Albania, Scandinavia và Baltic. Nó chủ yếu bắt nguồn từ một dạng ngắn của Honora (cũng là Honoria), một tên gọi chung của người Anh-Norman, cuối cùng bắt nguồn từ từ tiếng Latinh là H"
CASE_0246,1000006,endpoint,1,2298308,0.6941,0.6941,0,vi,"Hầu hết các tài nguyên quặng sắt quan trọng của thế giới đều nằm trong các đá trầm tích giàu sắt được gọi là thành tạo sắt dạng dải (BIFs), hầu như chỉ có tuổi Precambrian (tức là hơn 600 triệu năm tuổi). BIFs xảy ra trên tất cả các lục địa. Tài nguyên Úc. Mặc dù tài nguyên quặng sắt có ở tất cả các"
CASE_0246,1000006,endpoint,2,1859816,0.692,0.692,0,vi,Quặng sắt là nguồn cung cấp sắt chính cho các ngành công nghiệp gang thép trên thế giới và là kim loại rẻ nhất và được sử dụng rộng rãi nhất. Việc sử dụng quặng sắt đầu tiên được biết đến từ Hoa Kỳ là khi một số thùng quặng được chuyển từ Virginia và Maryland đến Anh để thử nghiệm vào năm 1608.
CASE_0246,1000006,endpoint,3,3368646,0.6877,0.6877,0,vi,"Quặng sắt bao gồm đá và khoáng chất mà từ đó sắt có thể được chiết xuất. Quặng thường được tìm thấy ở dạng hematit và magnetit, mặc dù các loại goethit, limonite và siderite cũng rất phổ biến. Khoảng 98% quặng sắt được sản xuất trên thế giới được sử dụng để sản xuất thép. Hematit. Quặng hematit có c"
CASE_0246,1000006,endpoint,4,5157705,0.6829,0.6829,0,vi,"Đánh giá Mới nhất Cũ nhất. Câu trả lời hay nhất: Phần lớn lượng quặng sắt nhập khẩu của Đức đến từ Thụy Điển. Tuy nhiên, khi vùng Baltic bị đóng băng trong mùa Đông, chúng được vận chuyển đến Đức từ Narvik ở phía bắc Na Uy, một cảng vẫn không có băng quanh năm. Có niên đại Mới nhất Cũ nhất. . Câu tr"
CASE_0246,1000006,endpoint,5,4053942,0.6814,0.6814,0,vi,Quặng sắt là loại đá mà từ đó sắt kim loại có thể được khai thác một cách kinh tế. Những loại đá này thường được tìm thấy ở dạng hematit (Fe2O3) hoặc magnetit (Fe3O4). Khoảng 98% sản lượng quặng sắt trên thế giới được sử dụng để sản xuất sắt ở dạng thép. Quặng sắt cung cấp nền tảng cho một trong nhữ
CASE_0246,1000006,endpoint,6,7264254,0.6812,0.6812,0,vi,"Trong quá khứ, Ấn Độ từng là nước dẫn đầu thế giới, nhưng hiện nay là nước sản xuất lớn thứ tư. 95% quặng sắt của đất nước đến từ Orissa, Chhattisgarh, Jharkhand, Madhya Pradesh, Goa và Karnataka. Các khoản tiền gửi lớn nhất trong nước là ở bang Orissa."
CASE_0246,1000006,endpoint,7,7936840,0.6797,0.6797,0,vi,"Quặng sắt bao gồm đá và khoáng chất mà từ đó sắt có thể được chiết xuất. Quặng thường được tìm thấy nhiều nhất ở dạng hematit và magnetit, mặc dù các loại goethit, limonite và siderite cũng rất phổ biến. Khoảng 98% quặng sắt được sản xuất trên thế giới được sử dụng để sản xuất thép. Quặng hematit có"
CASE_0246,1000006,endpoint,8,6448659,0.6794,0.6794,0,vi,"Tệp PDF-NHẤP VÀO ĐÂY ĐỂ CÓ BẢNG CÔNG TRÌNH CÓ THỂ IN. Quặng sắt có thể được tìm thấy ở khắp nơi trên thế giới, dưới dạng đá và các khoáng chất khác. Để có hiệu quả kinh tế trong khai thác, quặng sắt phải chứa ít nhất 20% sắt. Quặng magnetit có tỷ trọng sắt cao nhất, 65%. Quặng haematit cũng có hàm l"
CASE_0246,1000006,endpoint,9,1892941,0.678,0.678,0,vi,Mười nhà sản xuất quặng sắt hàng đầu chiếm hơn 90% tổng sản lượng quặng sắt của thế giới. Mining-technology.com liệt kê mười quốc gia sản xuất quặng sắt lớn nhất dựa trên dữ liệu sản xuất và trữ lượng mới nhất.
CASE_0246,1000006,endpoint,10,811524,0.6751,0.6751,0,vi,"Quặng sắt có thể được tìm thấy ở khắp nơi trên thế giới, dưới dạng đá và các khoáng chất khác. Để có hiệu quả kinh tế trong khai thác, quặng sắt phải chứa ít nhất 20% sắt. Quặng magnetite ÃƒÂ ¢ Ã‚â‚¬Ã‚Â¦ có tỷ trọng sắt cao nhất, 65%. Quặng haematit cũng có hàm lượng sắt cao ở mức 60%."
CASE_0246,1000006,mixed,1,7264254,0.669,0.669,0,vi,"Trong quá khứ, Ấn Độ từng là nước dẫn đầu thế giới, nhưng hiện nay là nước sản xuất lớn thứ tư. 95% quặng sắt của đất nước đến từ Orissa, Chhattisgarh, Jharkhand, Madhya Pradesh, Goa và Karnataka. Các khoản tiền gửi lớn nhất trong nước là ở bang Orissa."
CASE_0246,1000006,mixed,2,2298308,0.6582,0.6582,0,vi,"Hầu hết các tài nguyên quặng sắt quan trọng của thế giới đều nằm trong các đá trầm tích giàu sắt được gọi là thành tạo sắt dạng dải (BIFs), hầu như chỉ có tuổi Precambrian (tức là hơn 600 triệu năm tuổi). BIFs xảy ra trên tất cả các lục địa. Tài nguyên Úc. Mặc dù tài nguyên quặng sắt có ở tất cả các"
CASE_0246,1000006,mixed,3,1859816,0.6496,0.6496,0,vi,Quặng sắt là nguồn cung cấp sắt chính cho các ngành công nghiệp gang thép trên thế giới và là kim loại rẻ nhất và được sử dụng rộng rãi nhất. Việc sử dụng quặng sắt đầu tiên được biết đến từ Hoa Kỳ là khi một số thùng quặng được chuyển từ Virginia và Maryland đến Anh để thử nghiệm vào năm 1608.
CASE_0246,1000006,mixed,4,2043240,0.6422,0.6422,0,vi,Hầu hết kim loại mà chúng ta sử dụng đến từ quặng kim loại có trong vỏ trái đất. Quặng kim loại được tạo thành từ các hợp chất khác nhau. Ví dụ như bô-xít chứa khoảng 99% nhôm và magnetit khoảng 72% sắt. Những mỏ quặng kim loại này có chứa tỷ lệ phần trăm lớn của một nguyên tố đơn lẻ là những mỏ dễ
CASE_0246,1000006,mixed,5,3368646,0.6407,0.6407,0,vi,"Quặng sắt bao gồm đá và khoáng chất mà từ đó sắt có thể được chiết xuất. Quặng thường được tìm thấy ở dạng hematit và magnetit, mặc dù các loại goethit, limonite và siderite cũng rất phổ biến. Khoảng 98% quặng sắt được sản xuất trên thế giới được sử dụng để sản xuất thép. Hematit. Quặng hematit có c"
CASE_0246,1000006,mixed,6,4053942,0.6396,0.6396,0,vi,Quặng sắt là loại đá mà từ đó sắt kim loại có thể được khai thác một cách kinh tế. Những loại đá này thường được tìm thấy ở dạng hematit (Fe2O3) hoặc magnetit (Fe3O4). Khoảng 98% sản lượng quặng sắt trên thế giới được sử dụng để sản xuất sắt ở dạng thép. Quặng sắt cung cấp nền tảng cho một trong nhữ
CASE_0246,1000006,mixed,7,7936840,0.6382,0.6382,0,vi,"Quặng sắt bao gồm đá và khoáng chất mà từ đó sắt có thể được chiết xuất. Quặng thường được tìm thấy nhiều nhất ở dạng hematit và magnetit, mặc dù các loại goethit, limonite và siderite cũng rất phổ biến. Khoảng 98% quặng sắt được sản xuất trên thế giới được sử dụng để sản xuất thép. Quặng hematit có"
CASE_0246,1000006,mixed,8,811524,0.6376,0.6376,0,vi,"Quặng sắt có thể được tìm thấy ở khắp nơi trên thế giới, dưới dạng đá và các khoáng chất khác. Để có hiệu quả kinh tế trong khai thác, quặng sắt phải chứa ít nhất 20% sắt. Quặng magnetite ÃƒÂ ¢ Ã‚â‚¬Ã‚Â¦ có tỷ trọng sắt cao nhất, 65%. Quặng haematit cũng có hàm lượng sắt cao ở mức 60%."
CASE_0246,1000006,mixed,9,6448659,0.6373,0.6373,0,vi,"Tệp PDF-NHẤP VÀO ĐÂY ĐỂ CÓ BẢNG CÔNG TRÌNH CÓ THỂ IN. Quặng sắt có thể được tìm thấy ở khắp nơi trên thế giới, dưới dạng đá và các khoáng chất khác. Để có hiệu quả kinh tế trong khai thác, quặng sắt phải chứa ít nhất 20% sắt. Quặng magnetit có tỷ trọng sắt cao nhất, 65%. Quặng haematit cũng có hàm l"
CASE_0246,1000006,mixed,10,1503872,0.6341,0.6341,0,vi,"Quặng sắt là nguyên liệu thô được sử dụng để sản xuất gang, là một trong những nguyên liệu chính để sản xuất thép. 98% quặng sắt được khai thác được sử dụng để sản xuất thép. Thật vậy, người ta đã lập luận rằng quặng sắt đóng vai trò quan trọng đối với nền kinh tế toàn cầu hơn bất kỳ loại hàng hóa n"
CASE_0246,1000459,endpoint,1,2648044,0.7386,0.7386,0,vi,"Chúng cũng sống ở những nơi rất ấm áp như rừng mưa nhiệt đới và một số ở des ÃƒÂ ¢ Ã‚â‚¬Ã‚Â¦ erts. Nhện góa phụ đen là một loài nhện rất nguy hiểm trên thực tế, chúng sợ con người chúng ta hơn chúng ta."
CASE_0246,1000459,endpoint,2,7603169,0.7034,0.7034,0,vi,"VÒNG TAY RỘNG MÀU ĐEN. Một số loài nhện góa phụ đen phổ biến ở Bắc Mỹ, nhưng ở miền Tây Hoa Kỳ, loài duy nhất là nhện góa phụ đen phía tây, Latrodectus hesperus. Môi trường sống của nó trải dài từ British Columbia đến Mexico và khắp Dãy núi Rocky đến các phần phía tây của Great Plains."
CASE_0246,1000459,endpoint,3,5969052,0.7025,0.7025,0,vi,"Giới thiệu (Trở lại đầu trang) Nhện góa phụ đen phương Nam, Latrodectus mactans (Fabricius), là một loài nhện có nọc độc được tìm thấy trên khắp miền đông nam Hoa Kỳ. Nhện góa phụ nhận được tên của chúng vì niềm tin rằng chúng sẽ giết và tiêu thụ người bạn đời của mình sau khi giao cấu."
CASE_0246,1000459,endpoint,4,7099369,0.7022,0.7022,0,vi,"Nhện góa phụ đen là loài nhện khét tiếng với nọc độc thần kinh. Nó là một loài nhện góa phụ lớn được tìm thấy trên khắp thế giới và thường gắn liền với môi trường sống đô thị hoặc các khu vực nông nghiệp. Ở Nam Phi, góa phụ đen còn được gọi là nhện nút."
CASE_0246,1000459,endpoint,5,7888044,0.7014,0.7014,0,vi,"Góa phụ đen được tìm thấy ở nhiều khu vực của Hoa Kỳ, nhưng chúng phổ biến nhất ở miền Nam. Loài nhện này thích môi trường sống ẩm ướt, tối tăm. Nó thường được tìm thấy bên ngoài, nhưng có thể được tìm thấy bên trong ở những nơi tối tăm bên trong nhà ở như nhà kho, nhà để xe và tủ quần áo. Con cái h"
CASE_0246,1000459,endpoint,6,6954770,0.7001,0.7001,0,vi,"Là một thành viên của họ nhện, góa phụ đen phổ biến nhất ở những khu vực có khí hậu ôn hòa quanh năm, và đặc biệt sinh sôi ở Arizona và New Mexico. Có ba loại góa phụ da đen, họ tên là Nam, Bắc và Tây, tương ứng. Nhện cửa sổ đen."
CASE_0246,1000459,endpoint,7,5399272,0.6968,0.6968,0,vi,"Báo cáo Lạm dụng. Góa phụ đen chủ yếu là Góa phụ đen miền Nam được tìm thấy ở (và là bản địa của) miền đông nam Hoa Kỳ, trải dài từ Florida đến New York, và phía tây đến Texas, Oklahoma và Arizona, nơi chúng hoạt động đặc biệt tràn lan. Câu trả lời: Tôi đã tìm thấy những góa phụ da đen ở Nam Dakota,"
CASE_0246,1000459,endpoint,8,2648041,0.6968,0.6968,0,vi,"Nhện góa phụ đen. Nhện góa phụ đen (loài Latrodectus) là loài nhện nhút nhát, không hung dữ, phổ biến ở phía đông Washington. Một số ít quần thể góa phụ da đen tồn tại ở phía tây Washington. Những góa phụ đen trưởng thành có nọc độc nguy hiểm, nhưng thường cố gắng trốn thoát hơn là cắn."
CASE_0246,1000459,endpoint,9,7651470,0.6956,0.6956,0,vi,"Góa phụ đen. Ảnh do Đại học Bang Ohio và Đại học Missouri cung cấp. Nhện góa phụ đen được tìm thấy ở khắp Bắc Mỹ, nhưng phổ biến nhất ở các khu vực phía nam và phía tây của Hoa Kỳ. Chúng được nhận dạng bằng màu đỏ ở mặt dưới bụng."
CASE_0246,1000459,endpoint,10,2648042,0.6947,0.6947,0,vi,"Trên thế giới, loài góa phụ có thể được tìm thấy ở hầu hết các châu lục. Góa phụ đen phương Bắc. Theo tên gọi của nó, nhện góa phụ đen phía bắc (Latrodectus khác nhau) được tìm thấy chủ yếu ở Đông Bắc Hoa Kỳ. Họ có thể sống xa về phía nam như Florida, xa về phía bắc đến Canada và xa về phía tây như"
CASE_0246,1000459,mixed,1,7263360,0.7099,0.7099,0,vi,"Black Widow Spider Live. Nhện gây ngộ độc y tế Tầm quan trọng ở người: Nhện Góa phụ đen phương Bắc ... xa về phía bắc như Ohio, Indiana, và Illinois .... Điều đó được sao chép từ một trang web, vì vậy có, chúng sống ở Illinois."
CASE_0246,1000459,mixed,2,5399272,0.6935,0.6935,0,vi,"Báo cáo Lạm dụng. Góa phụ đen chủ yếu là Góa phụ đen miền Nam được tìm thấy ở (và là bản địa của) miền đông nam Hoa Kỳ, trải dài từ Florida đến New York, và phía tây đến Texas, Oklahoma và Arizona, nơi chúng hoạt động đặc biệt tràn lan. Câu trả lời: Tôi đã tìm thấy những góa phụ da đen ở Nam Dakota,"
CASE_0246,1000459,mixed,3,2648044,0.6889,0.6889,0,vi,"Chúng cũng sống ở những nơi rất ấm áp như rừng mưa nhiệt đới và một số ở des ÃƒÂ ¢ Ã‚â‚¬Ã‚Â¦ erts. Nhện góa phụ đen là một loài nhện rất nguy hiểm trên thực tế, chúng sợ con người chúng ta hơn chúng ta."
CASE_0246,1000459,mixed,4,5399273,0.6851,0.6851,0,vi,"Câu trả lời hay nhất: Tôi đã tìm thấy những góa phụ da đen ở Nam Dakota, Wyoming, Texas, Georgia, gần như mọi nơi tôi đã sống. Đây là URL của nhện góa phụ đen trong Wikipedia: http://en.wikipedia.org/wiki/Black_widow... Nó đề cập rằng chúng được tìm thấy ở bang New York! Với sự ấm lên của khí hậu, p"
CASE_0246,1000459,mixed,5,7603169,0.6833,0.6833,0,vi,"VÒNG TAY RỘNG MÀU ĐEN. Một số loài nhện góa phụ đen phổ biến ở Bắc Mỹ, nhưng ở miền Tây Hoa Kỳ, loài duy nhất là nhện góa phụ đen phía tây, Latrodectus hesperus. Môi trường sống của nó trải dài từ British Columbia đến Mexico và khắp Dãy núi Rocky đến các phần phía tây của Great Plains."
CASE_0246,1000459,mixed,6,2648042,0.6746,0.6746,0,vi,"Trên thế giới, loài góa phụ có thể được tìm thấy ở hầu hết các châu lục. Góa phụ đen phương Bắc. Theo tên gọi của nó, nhện góa phụ đen phía bắc (Latrodectus khác nhau) được tìm thấy chủ yếu ở Đông Bắc Hoa Kỳ. Họ có thể sống xa về phía nam như Florida, xa về phía bắc đến Canada và xa về phía tây như"
CASE_0246,1000459,mixed,7,7888044,0.6745,0.6745,0,vi,"Góa phụ đen được tìm thấy ở nhiều khu vực của Hoa Kỳ, nhưng chúng phổ biến nhất ở miền Nam. Loài nhện này thích môi trường sống ẩm ướt, tối tăm. Nó thường được tìm thấy bên ngoài, nhưng có thể được tìm thấy bên trong ở những nơi tối tăm bên trong nhà ở như nhà kho, nhà để xe và tủ quần áo. Con cái h"
CASE_0246,1000459,mixed,8,2648038,0.6707,0.6707,0,vi,Nhện Black Widow sống ở những nơi ấm áp trên khắp thế giới. Họ thích xây dựng mạng của họ ở những nơi an toàn dưới một cái gì đó giống như một cái hộp lật úp trên mặt đất. Thường chúng được tìm thấy dưới ghế ngồi của các nhà vệ sinh ngoài trời.
CASE_0246,1000459,mixed,9,2648041,0.6661,0.6661,0,vi,"Nhện góa phụ đen. Nhện góa phụ đen (loài Latrodectus) là loài nhện nhút nhát, không hung dữ, phổ biến ở phía đông Washington. Một số ít quần thể góa phụ da đen tồn tại ở phía tây Washington. Những góa phụ đen trưởng thành có nọc độc nguy hiểm, nhưng thường cố gắng trốn thoát hơn là cắn."
CASE_0246,1000459,mixed,10,6954770,0.6618,0.6618,0,vi,"Là một thành viên của họ nhện, góa phụ đen phổ biến nhất ở những khu vực có khí hậu ôn hòa quanh năm, và đặc biệt sinh sôi ở Arizona và New Mexico. Có ba loại góa phụ da đen, họ tên là Nam, Bắc và Tây, tương ứng. Nhện cửa sổ đen."
CASE_0246,1000574,endpoint,1,7262863,0.6149,0.6149,0,vi,Josiah Henson Anh ấy đã phát triển cộng đồng người Canada afro của riêng mình. để sau đó người da đen có thể có một nơi an toàn để đi. Ông đã giúp đường sắt ngầm dẫn hơn 200 nô lệ đến tự do. Marie Joseph Angelique Câu chuyện của cô là biểu tượng của sự phản kháng và tự do cho người da đen. Cô là biể
CASE_0246,1000574,endpoint,2,7262862,0.5826,0.5826,0,vi,"Tìm hiểu bộ trưởng Josiah Henson, người dẫn dắt nô lệ đến tự do thông qua Đường sắt ngầm và phát triển cộng đồng người Canada gốc Phi của riêng mình, trên Biography.com. Nô lệ bỏ trốn và bộ trưởng Josiah Henson tham gia vào Đường sắt ngầm, đưa nô lệ đến tự do và phát triển cộng đồng người Canada gốc"
CASE_0246,1000574,endpoint,3,7262868,0.5651,0.5651,1,vi,"Lo sợ bị chia cắt khỏi gia đình, Henson bỏ trốn về phía bắc cùng vợ và con vào mùa hè năm 1830. Sau khi đi qua Ohio và New York, họ định cư ở Dresden, Ontario, Canada. Henson trở thành một nhà thuyết giáo và là một nhà lãnh đạo trong cộng đồng người Canada gốc Phi, và anh đã quay trở lại Hoa Kỳ để g"
CASE_0246,1000574,endpoint,4,7262870,0.5567,0.5567,0,vi,"Ông thành lập Viện Anh Mỹ vào năm 1842, một cộng đồng người Canada gốc Phi và trường công nghiệp nhằm làm nơi ẩn náu cho những nô lệ bỏ trốn. Henson đã thực hiện một số chuyến đi đến Anh, nơi ông được xã hội thượng lưu đón nhận, và ông kết hôn với một góa phụ người Boston sau cái chết của người vợ đ"
CASE_0246,1000574,endpoint,5,2798555,0.5322,0.5322,0,vi,"Matthew Henson, một người da đen, trở thành người Mỹ đầu tiên đặt chân lên Bắc Cực"
CASE_0246,1000574,endpoint,6,4225905,0.5278,0.5278,0,vi,"Năm 1940, một dự án nhà ở công cộng, cung cấp cho cộng đồng người Mỹ gốc Phi ở Phoenix nhà ở giá cả phải chăng, được đặt theo tên của Matthew Henson. Khu đất mà dự án nhà ở tọa lạc đã được Cơ quan Đăng ký Tài sản Lịch sử Phoenix công nhận là một khu lịch sử vào tháng 6 năm 2005. Chỉ còn lại một sân"
CASE_0246,1000574,endpoint,7,7262867,0.5152,0.5152,0,vi,"Josiah Henson (1789-1883) sinh ra trong cảnh nô lệ ở Charles County, Maryland, trong một trang trại thuộc sở hữu của Francis Newman. Khi còn nhỏ, anh bị bán cho Isaac Riley, người sau này đã bổ nhiệm anh làm giám đốc nông trại ở độ tuổi trẻ bất thường vì sức mạnh và trí thông minh của Henson."
CASE_0246,1000574,endpoint,8,1129509,0.5147,0.5147,0,vi,"Khu vực này được John Bell định cư vào những năm 1850. Anh ấy đến từ Ontario, Canada. Ông là một trong những người định cư đầu tiên trong khu vực. Anh ấy là một người khai thác gỗ và thành lập Bell's Siding, một cộng đồng khai thác gỗ, nằm gần Trường trung học cơ sở và trung học Morley Stanwood. Gia"
CASE_0246,1000574,endpoint,9,7262869,0.513,0.513,0,vi,"Josiah Henson sinh ra trong cảnh nô lệ ngày 15 tháng 6 năm 1789 tại Port Tobacco, Maryland. Năm 1828, Henson trở thành nhà thuyết giáo cho Giáo hội Giám mục Giám lý và có thể kiếm tiền để mua tự do cho mình. sinh: 15 tháng 6 tại cảng thuốc lá maryland mất: 5 tháng 5 năm 1883 nghề nghiệp: lãnh đạo, n"
CASE_0246,1000574,endpoint,10,551616,0.5126,0.5126,0,vi,"Một quảng cáo trên một tạp chí của Anh đã sớm đưa một nhà trẻ sinh ra ở Thụy Điển, Herman Stensson cùng vợ và bốn cậu con trai nhỏ đến Canada để thành lập nhà trẻ mới này vào mùa xuân năm 1914. Một cô con gái, Betty sinh ra ở Canada vài năm sau đó, đã hoàn thành gia đình."
CASE_0246,1000574,mixed,1,7262863,0.5951,0.5951,0,vi,Josiah Henson Anh ấy đã phát triển cộng đồng người Canada afro của riêng mình. để sau đó người da đen có thể có một nơi an toàn để đi. Ông đã giúp đường sắt ngầm dẫn hơn 200 nô lệ đến tự do. Marie Joseph Angelique Câu chuyện của cô là biểu tượng của sự phản kháng và tự do cho người da đen. Cô là biể
CASE_0246,1000574,mixed,2,7262862,0.575,0.575,0,vi,"Tìm hiểu bộ trưởng Josiah Henson, người dẫn dắt nô lệ đến tự do thông qua Đường sắt ngầm và phát triển cộng đồng người Canada gốc Phi của riêng mình, trên Biography.com. Nô lệ bỏ trốn và bộ trưởng Josiah Henson tham gia vào Đường sắt ngầm, đưa nô lệ đến tự do và phát triển cộng đồng người Canada gốc"
CASE_0246,1000574,mixed,3,7262868,0.5667,0.5667,1,vi,"Lo sợ bị chia cắt khỏi gia đình, Henson bỏ trốn về phía bắc cùng vợ và con vào mùa hè năm 1830. Sau khi đi qua Ohio và New York, họ định cư ở Dresden, Ontario, Canada. Henson trở thành một nhà thuyết giáo và là một nhà lãnh đạo trong cộng đồng người Canada gốc Phi, và anh đã quay trở lại Hoa Kỳ để g"
CASE_0246,1000574,mixed,4,7262870,0.5605,0.5605,0,vi,"Ông thành lập Viện Anh Mỹ vào năm 1842, một cộng đồng người Canada gốc Phi và trường công nghiệp nhằm làm nơi ẩn náu cho những nô lệ bỏ trốn. Henson đã thực hiện một số chuyến đi đến Anh, nơi ông được xã hội thượng lưu đón nhận, và ông kết hôn với một góa phụ người Boston sau cái chết của người vợ đ"
CASE_0246,1000574,mixed,5,2798555,0.5207,0.5207,0,vi,"Matthew Henson, một người da đen, trở thành người Mỹ đầu tiên đặt chân lên Bắc Cực"
CASE_0246,1000574,mixed,6,4225905,0.52,0.52,0,vi,"Năm 1940, một dự án nhà ở công cộng, cung cấp cho cộng đồng người Mỹ gốc Phi ở Phoenix nhà ở giá cả phải chăng, được đặt theo tên của Matthew Henson. Khu đất mà dự án nhà ở tọa lạc đã được Cơ quan Đăng ký Tài sản Lịch sử Phoenix công nhận là một khu lịch sử vào tháng 6 năm 2005. Chỉ còn lại một sân"
CASE_0246,1000574,mixed,7,470587,0.5138,0.5138,0,vi,"Hoạt động tại Thành phố Kansas, Missouri và thuộc sở hữu của J. L. Wilkinson, họ là thành viên điều lệ của Liên đoàn Quốc gia Negro từ năm 1920 đến năm 1930. J. L. Wilkinson là chủ sở hữu người Da trắng đầu tiên vào thời điểm thành lập đội."
CASE_0246,1000574,mixed,8,7262867,0.5126,0.5126,0,vi,"Josiah Henson (1789-1883) sinh ra trong cảnh nô lệ ở Charles County, Maryland, trong một trang trại thuộc sở hữu của Francis Newman. Khi còn nhỏ, anh bị bán cho Isaac Riley, người sau này đã bổ nhiệm anh làm giám đốc nông trại ở độ tuổi trẻ bất thường vì sức mạnh và trí thông minh của Henson."
CASE_0246,1000574,mixed,9,1129509,0.5099,0.5099,0,vi,"Khu vực này được John Bell định cư vào những năm 1850. Anh ấy đến từ Ontario, Canada. Ông là một trong những người định cư đầu tiên trong khu vực. Anh ấy là một người khai thác gỗ và thành lập Bell's Siding, một cộng đồng khai thác gỗ, nằm gần Trường trung học cơ sở và trung học Morley Stanwood. Gia"
CASE_0246,1000574,mixed,10,7225634,0.5096,0.5096,0,vi,"Chủ đề được tài trợ. Hopkins là một cộng đồng chưa hợp nhất ở Quận Richland, Nam Carolina, Hoa Kỳ được thành lập vào khoảng năm 1836 được đặt theo tên của John Hopkins. Nó nằm cách trung tâm thành phố Columbia mười một dặm và là một phần của Khu vực thống kê đô thị Columbia."
CASE_0246,1000681,endpoint,1,569095,0.762,0.762,0,vi,"Barack Obama theo học trường Punahou ở Hawaii (một trường trung học tư thục ưu tú). Sau đó, ông theo học tại Trường Cao đẳng Occidental ở Los Angeles, chuyển tiếp đến Đại học Columbia và chuyển sang đại học năm 1983; làm việc một thời gian và sau đó tốt nghiệp Trường Luật Harvard năm 1991."
CASE_0246,1000681,endpoint,2,5960595,0.7383,0.7383,0,vi,Barack Obama tốt nghiệp Đại học Columbia và Trường Luật Harvard. Ông bắt đầu lấy bằng đại học tại Trường Cao đẳng Occidental vào năm 1979 ở LA nhưng chuyển đến Columbia ÃƒÂ ¢ Ã‚â‚¬Ã‚Â¦ vào năm 1981. Ông theo học chuyên ngành khoa học chính trị với trọng tâm là quan hệ quốc tế.
CASE_0246,1000681,endpoint,3,1329619,0.7378,0.7378,0,vi,"Barack Obama đã đi học bao lâu? Barack Obama học tiểu học, trung học cơ sở và trung học phổ thông (12 lớp); ông đã theo học 4 năm đại học (2 năm tại Cao đẳng Occidental, 2 năm tại Đại học Columbia), ÃƒÂ ¢ Ã‚â‚¬Ã‚Â¦ và ông theo học Trường Luật Harvard từ 1988-1991 (3 năm)."
CASE_0246,1000681,endpoint,4,5960596,0.7305,0.7305,0,vi,"Barack Obama theo học trường Cao đẳng Occidental ở Los Angeles trong hai năm, trước khi chuyển đến Thành phố New York, nơi ông theo học Đại học Columbia và tốt nghiệp cử nhân khoa học chính trị vào năm 1983. Obama đã nhận được luật của mình bằng (JD) từ Đại học Harvard năm 1991."
CASE_0246,1000681,endpoint,5,4521069,0.7292,0.7292,0,vi,"Barack Obama đã học trường đại học nào? Câu trả lời nhanh. Barack Obama theo học trường Cao đẳng Occidental ở Los Angeles, California trong hai năm trước khi chuyển đến Đại học Columbia ở New York, nơi ông lấy bằng về khoa học chính trị; sau đó ông học luật tại Trường Luật Harvard."
CASE_0246,1000681,endpoint,6,569094,0.7264,0.7264,0,vi,"Barack Obama theo học trường Cao đẳng Occidental ở Los Angeles trong hai năm, trước khi chuyển đến Thành phố New York, nơi ông theo học Đại học Columbia và tốt nghiệp cử nhân khoa học chính trị ÃƒÂ ¢ Ã‚â‚¬Ã‚Â¦ al vào năm 1983. Obama đã nhận cử nhân luật (JD) của Đại học Harvard năm 1991."
CASE_0246,1000681,endpoint,7,1971354,0.7218,0.7218,0,vi,"Barack Obama bắt đầu học đại học tại trường Cao đẳng Occidental, ở California. Occidental là một trường cao đẳng nghệ thuật tự do có 1.825 sinh viên ở khu Eagle Rock của Los Angeles và không ngại ngùng khi tuyên bố Obama là cựu sinh viên trong hai năm học ở đó (1979-81) về học bổng toàn phần."
CASE_0246,1000681,endpoint,8,5960591,0.7212,0.7212,0,vi,"Tổng thống Barack Obama theo học trường Cao đẳng Occidental ở Los Angeles trong hai năm. Ông chuyển đến Đại học Columbia và tốt nghiệp từ đó với bằng Khoa học Chính trị. Sau đó, ông nhận bằng Luật (JD) vào năm 1991 từ Đại học Harvard."
CASE_0246,1000681,endpoint,9,1564579,0.7118,0.7118,0,vi,"Obama bắt đầu sự nghiệp đại học của mình tại Trường Cao đẳng Occidental ở California vào năm 1979. Sau hai năm, ông chuyển đến Đại học Columbia ở Thành phố New York, nơi ông nghiên cứu khoa học chính trị và tốt nghiệp với bằng B.A. vào năm 1983. Obama sau đó đã đến và tốt nghiệp trường Luật Harvard."
CASE_0246,1000681,endpoint,10,1564587,0.7109,0.7109,0,vi,"Obama ở trường đại học: 9 điều bạn có thể chưa biết, từ tiểu sử mới của David Maraniss. 06/04/2012 01:24 chiều ET | Cập nhật ngày 04 tháng 06 năm 2012. 3.8k. Barack Obama đã trải qua những năm tháng đại học như bao người khác: mặc những gì ông nghĩ là bộ trang phục sành điệu nhất mà ông có thể kết h"
CASE_0246,1000681,mixed,1,569095,0.7703,0.7703,0,vi,"Barack Obama theo học trường Punahou ở Hawaii (một trường trung học tư thục ưu tú). Sau đó, ông theo học tại Trường Cao đẳng Occidental ở Los Angeles, chuyển tiếp đến Đại học Columbia và chuyển sang đại học năm 1983; làm việc một thời gian và sau đó tốt nghiệp Trường Luật Harvard năm 1991."
CASE_0246,1000681,mixed,2,5960595,0.7499,0.7499,0,vi,Barack Obama tốt nghiệp Đại học Columbia và Trường Luật Harvard. Ông bắt đầu lấy bằng đại học tại Trường Cao đẳng Occidental vào năm 1979 ở LA nhưng chuyển đến Columbia ÃƒÂ ¢ Ã‚â‚¬Ã‚Â¦ vào năm 1981. Ông theo học chuyên ngành khoa học chính trị với trọng tâm là quan hệ quốc tế.
CASE_0246,1000681,mixed,3,5960596,0.7439,0.7439,0,vi,"Barack Obama theo học trường Cao đẳng Occidental ở Los Angeles trong hai năm, trước khi chuyển đến Thành phố New York, nơi ông theo học Đại học Columbia và tốt nghiệp cử nhân khoa học chính trị vào năm 1983. Obama đã nhận được luật của mình bằng (JD) từ Đại học Harvard năm 1991."
CASE_0246,1000681,mixed,4,569094,0.739,0.739,0,vi,"Barack Obama theo học trường Cao đẳng Occidental ở Los Angeles trong hai năm, trước khi chuyển đến Thành phố New York, nơi ông theo học Đại học Columbia và tốt nghiệp cử nhân khoa học chính trị ÃƒÂ ¢ Ã‚â‚¬Ã‚Â¦ al vào năm 1983. Obama đã nhận cử nhân luật (JD) của Đại học Harvard năm 1991."
CASE_0246,1000681,mixed,5,1329619,0.7378,0.7378,0,vi,"Barack Obama đã đi học bao lâu? Barack Obama học tiểu học, trung học cơ sở và trung học phổ thông (12 lớp); ông đã theo học 4 năm đại học (2 năm tại Cao đẳng Occidental, 2 năm tại Đại học Columbia), ÃƒÂ ¢ Ã‚â‚¬Ã‚Â¦ và ông theo học Trường Luật Harvard từ 1988-1991 (3 năm)."
CASE_0246,1000681,mixed,6,5960591,0.7368,0.7368,0,vi,"Tổng thống Barack Obama theo học trường Cao đẳng Occidental ở Los Angeles trong hai năm. Ông chuyển đến Đại học Columbia và tốt nghiệp từ đó với bằng Khoa học Chính trị. Sau đó, ông nhận bằng Luật (JD) vào năm 1991 từ Đại học Harvard."
CASE_0246,1000681,mixed,7,4521069,0.7366,0.7366,0,vi,"Barack Obama đã học trường đại học nào? Câu trả lời nhanh. Barack Obama theo học trường Cao đẳng Occidental ở Los Angeles, California trong hai năm trước khi chuyển đến Đại học Columbia ở New York, nơi ông lấy bằng về khoa học chính trị; sau đó ông học luật tại Trường Luật Harvard."
CASE_0246,1000681,mixed,8,1971354,0.7312,0.7312,0,vi,"Barack Obama bắt đầu học đại học tại trường Cao đẳng Occidental, ở California. Occidental là một trường cao đẳng nghệ thuật tự do có 1.825 sinh viên ở khu Eagle Rock của Los Angeles và không ngại ngùng khi tuyên bố Obama là cựu sinh viên trong hai năm học ở đó (1979-81) về học bổng toàn phần."
CASE_0246,1000681,mixed,9,1564579,0.7298,0.7298,0,vi,"Obama bắt đầu sự nghiệp đại học của mình tại Trường Cao đẳng Occidental ở California vào năm 1979. Sau hai năm, ông chuyển đến Đại học Columbia ở Thành phố New York, nơi ông nghiên cứu khoa học chính trị và tốt nghiệp với bằng B.A. vào năm 1983. Obama sau đó đã đến và tốt nghiệp trường Luật Harvard."
CASE_0246,1000681,mixed,10,7123128,0.721,0.721,0,vi,"Barack Obama nhận bằng cử nhân tại Đại học Columbia ở New York vào năm 1983, sau khi chuyển từ trường Cao đẳng Occidental ở Eagle Rock, CA, gần Los Angeles. Anh ấy đã dành vài năm ở thành phố New York để làm việc cho một doanh nghiệp."
CASE_0246,1000864,endpoint,1,7262315,0.7209,0.7209,1,vi,"Đất sét chữa bệnh bí mật của người Ấn Độ Aztec là đất sét bentonit từ Thung lũng Chết, California, nơi nó được phơi nắng tới sáu tháng trong nhiệt độ đôi khi lên tới 134 độ. Chăm sóc da mặt, trị mụn, quấn cơ thể, tắm đất sét, ngâm chân, đất sét ướp lạnh để chườm đầu gối và vết côn trùng cắn. Tận hưở"
CASE_0246,1000864,endpoint,2,7262323,0.7095,0.7095,0,vi,"Đất sét 100% Canxi Bentonite tự nhiên (Màu xanh lá cây) - Phơi nắng - Không phụ gia 0 Không chứa hương liệu Chỉ dẫn Trộn đất sét chữa bệnh aztec secert với các phần bằng nhau của giấm táo hoặc nước. Tốt nhất là sử dụng bát thủy tinh, gốm hoặc gỗ. Khuấy hỗn hợp cho đến khi thành một hỗn hợp mịn - thê"
CASE_0246,1000864,endpoint,3,7262321,0.6907,0.6907,0,vi,"Đất sét chữa bệnh của người da đỏ Aztec có một lịch sử ngắn - khuôn mặt mạnh mẽ nhất trên thế giới, việc sử dụng đất sét với giấm táo có thể có từ thời linh mục miền Nam nước Pháp vào thế kỷ 16, xương bánh chè, và của ông phương pháp điều trị tự nhiên bằng cách sử dụng gói đất sét và thuốc đắp. Tron"
CASE_0246,1000864,endpoint,4,7262314,0.656,0.656,0,vi,Tìm giao dịch tuyệt vời trên eBay cho đất sét chữa bệnh Ấn Độ bí mật aztec và tẩy tế bào chết da siêu nhỏ Derma e microdermabrasion 2 oz. Mua sắm với sự tự tin.
CASE_0246,1000864,endpoint,5,7262317,0.6167,0.6167,0,vi,Danh sách mới Bí mật Aztec - Đất sét Chữa bệnh Ấn Độ - 1 lb. | Làm sạch sâu lỗ chân lông & làm lành da mặt
CASE_0246,1000864,endpoint,6,8180289,0.6013,0.6013,0,vi,"Alfisols. Loại đất này giàu đất sét và rất màu mỡ. Nông nghiệp phát triển mạnh trên đất alfisol, vì đất alfisol chậm mất chất dinh dưỡng. Alfisols có thể được tìm thấy ở hầu hết Texas, bao gồm cả Đồng bằng Rio Grande ở phía tây bắc của Texas. Bạn có thể xác định alfisol bằng cách tìm màu từ xám đến"
CASE_0246,1000864,endpoint,7,859636,0.5956,0.5956,0,vi,"Tôi thích sử dụng kem dưỡng da magiê của họ để điều trị đau nhức cơ và khớp. Đối với các triệu chứng của ÃƒÂ ¢ Ã‚â‚¬Ã‚Å “viêm khớpÃƒÂ ¢ Ã‚â‚¬Ã‚, tôi cũng khuyên bạn nên tắm đất sét từ tính hoặc đắp đất sét. Bạn có thể đọc các blog trước để tìm hiểu cách sử dụng đất sét. NGHE ÃƒÂ ¢ Ã‚â‚¬Ã‚Å “Trực tiế"
CASE_0246,1000864,endpoint,8,2582073,0.5918,0.5918,0,vi,"ÃƒÂ ¢ Ã‚â‚¬Ã‚Å “Bentonite, còn được gọi là Montmorillonite, là một trong những loại đất sét chữa bệnh hiệu quả và mạnh mẽ nhất. Bentonite có thể được sử dụng bên ngoài như một loại thuốc đắp bằng đất sét, gói bùn hoặc trong bồn tắm và trong các công thức chăm sóc da. Bentonite chất lượng tốt phải có"
CASE_0246,1000864,endpoint,9,4561992,0.5868,0.5868,0,vi,"Clay Shampoo-Rhassoul & Bentonite (Clay Hair Wash) + Công thức nấu ăn; Đất sét Montmorillonite. Montmorillonite Clay Lợi ích, Sử dụng trong Thức ăn cho Mèo / Chó, Cấu trúc & Thuộc tính; Natri / Canxi Montmorillonite Clay Tác dụng phụ ÃƒÂ ¢ Ã‚â‚¬Ã‚â € œ Người, Mèo & Chó; Đất sét chữa bệnh Aztec. Azte"
CASE_0246,1000864,endpoint,10,6761289,0.5844,0.5844,0,vi,"Một đóng góp khác của người Aztec là trong lĩnh vực dược học. Bằng cách sử dụng các loại thảo mộc và hoa, họ đã có thể tạo ra các loại thuốc dùng để ngăn ngừa co thắt cơ và giảm đau. Một trong những loại thuốc của họ, sử dụng nhựa cây thùa để chữa lành và khử trùng vết thương, ngày nay vẫn được sử d"
CASE_0246,1000864,mixed,1,7262315,0.6814,0.6814,1,vi,"Đất sét chữa bệnh bí mật của người Ấn Độ Aztec là đất sét bentonit từ Thung lũng Chết, California, nơi nó được phơi nắng tới sáu tháng trong nhiệt độ đôi khi lên tới 134 độ. Chăm sóc da mặt, trị mụn, quấn cơ thể, tắm đất sét, ngâm chân, đất sét ướp lạnh để chườm đầu gối và vết côn trùng cắn. Tận hưở"
CASE_0246,1000864,mixed,2,7262323,0.6568,0.6568,0,vi,"Đất sét 100% Canxi Bentonite tự nhiên (Màu xanh lá cây) - Phơi nắng - Không phụ gia 0 Không chứa hương liệu Chỉ dẫn Trộn đất sét chữa bệnh aztec secert với các phần bằng nhau của giấm táo hoặc nước. Tốt nhất là sử dụng bát thủy tinh, gốm hoặc gỗ. Khuấy hỗn hợp cho đến khi thành một hỗn hợp mịn - thê"
CASE_0246,1000864,mixed,3,7262314,0.6306,0.6306,0,vi,Tìm giao dịch tuyệt vời trên eBay cho đất sét chữa bệnh Ấn Độ bí mật aztec và tẩy tế bào chết da siêu nhỏ Derma e microdermabrasion 2 oz. Mua sắm với sự tự tin.
CASE_0246,1000864,mixed,4,7262321,0.6165,0.6165,0,vi,"Đất sét chữa bệnh của người da đỏ Aztec có một lịch sử ngắn - khuôn mặt mạnh mẽ nhất trên thế giới, việc sử dụng đất sét với giấm táo có thể có từ thời linh mục miền Nam nước Pháp vào thế kỷ 16, xương bánh chè, và của ông phương pháp điều trị tự nhiên bằng cách sử dụng gói đất sét và thuốc đắp. Tron"
CASE_0246,1000864,mixed,5,6761289,0.5936,0.5936,0,vi,"Một đóng góp khác của người Aztec là trong lĩnh vực dược học. Bằng cách sử dụng các loại thảo mộc và hoa, họ đã có thể tạo ra các loại thuốc dùng để ngăn ngừa co thắt cơ và giảm đau. Một trong những loại thuốc của họ, sử dụng nhựa cây thùa để chữa lành và khử trùng vết thương, ngày nay vẫn được sử d"
CASE_0246,1000864,mixed,6,7262317,0.5923,0.5923,0,vi,Danh sách mới Bí mật Aztec - Đất sét Chữa bệnh Ấn Độ - 1 lb. | Làm sạch sâu lỗ chân lông & làm lành da mặt
CASE_0246,1000864,mixed,7,7616460,0.5918,0.5918,0,vi,"Trung tâm phục hồi Azure Acres. Cơ sở điều trị. ÃƒÂ ¢ Ã‚â‚¬Ã‚Å “Nằm trên 30 mẫu rừng cây gỗ đỏ ở Hạt Sonoma, California, Trung tâm Phục hồi Azure Acres cung cấp các dịch vụ điều trị toàn diện về ma túy, cai nghiện rượu và cai nghiện cờ bạc cho nam giới và phụ nữ trưởng thành."
CASE_0246,1000864,mixed,8,4561992,0.587,0.587,0,vi,"Clay Shampoo-Rhassoul & Bentonite (Clay Hair Wash) + Công thức nấu ăn; Đất sét Montmorillonite. Montmorillonite Clay Lợi ích, Sử dụng trong Thức ăn cho Mèo / Chó, Cấu trúc & Thuộc tính; Natri / Canxi Montmorillonite Clay Tác dụng phụ ÃƒÂ ¢ Ã‚â‚¬Ã‚â € œ Người, Mèo & Chó; Đất sét chữa bệnh Aztec. Azte"
CASE_0246,1000864,mixed,9,3126491,0.578,0.578,0,vi,Hòn đá Tizoc hiện nằm trong Bảo tàng Nhân chủng học Quốc gia ở Thành phố Mexico. Bức tượng đá bazan khổng lồ của Coatlicue (được tạc vào nửa thế kỷ cuối cùng của thời kỳ cai trị Aztec) được nhiều người coi là một trong những ví dụ điển hình nhất của nghệ thuật điêu khắc Aztec.
CASE_0246,1000864,mixed,10,8351217,0.5759,0.5759,0,vi,"Bạn thân. Chào mừng bạn đến với Kapitari, một trung tâm chữa bệnh ayahuasca xinh đẹp trong rừng nhiệt đới Amazon gần Iquitos, Peru. Kapitari là một trong những trung tâm pháp sư lâu đời nhất ở Peru và đã chào đón du khách từ khắp nơi trên thế giới trong hơn 15 năm. Trong tuần, chúng tôi sẽ tổ chức 4"
CASE_0246,1000959,endpoint,1,7843244,0.735,0.735,0,vi,"Tất nhiên, chúng được tìm thấy trong tế bào thực vật, mọi tế bào sống đều có màng sinh chất."
CASE_0246,1000959,endpoint,2,4189443,0.728,0.728,0,vi,"Ở tế bào động vật, màng sinh chất có ở lớp ngoài cùng của tế bào và ở tế bào thực vật, màng sinh chất nằm ngay bên dưới thành tế bào. Màng plasma được tìm thấy bên trong thành tế bào ở thực vật và là ranh giới ngoài cùng ở động vật."
CASE_0246,1000959,endpoint,3,6550833,0.7206,0.7206,0,vi,"Sự hiện diện của cholesterol và glycolipid, được tìm thấy trong hầu hết các màng tế bào, cũng có thể ảnh hưởng đến động lực học phân tử và ức chế sự chuyển pha. Ở sinh vật nhân sơ và thực vật, màng sinh chất là lớp bảo vệ bên trong vì thành tế bào cứng tạo nên ranh giới bên ngoài cho tế bào của chún"
CASE_0246,1000959,endpoint,4,4189452,0.7184,0.7184,0,vi,"Tất nhiên chúng được tìm thấy trong tế bào động vật, mọi tế bào sống đều có màng sinh chất."
CASE_0246,1000959,endpoint,5,5927884,0.7161,0.7161,0,vi,"Màng tế bào (còn được gọi là màng sinh chất, plasmalemma, hoặc phospholipid bilayer) bao quanh tế bào chất của tế bào và trong tế bào động vật, ngăn cách vật lý các thành phần tế bào trong ÃƒÂ ¢ Ã‚â‚¬Ã‚Â¦ khỏi môi trường ngoại bào, do đó phục vụ một chức năng tương tự như http: //wiki.answers ... he"
CASE_0246,1000959,endpoint,6,3983162,0.7134,0.7134,0,vi,"Sự hiện diện của cholesterol và glycolipid, được tìm thấy trong hầu hết các màng tế bào, cũng có thể ảnh hưởng đến động lực học phân tử và ức chế sự chuyển pha. Ở sinh vật nhân sơ và thực vật, màng sinh chất là lớp bảo vệ bên trong vì thành tế bào cứng tạo nên ranh giới bên ngoài cho tế bào của chún"
CASE_0246,1000959,endpoint,7,4349593,0.7121,0.7121,0,vi,Cấu trúc của màng tế bào Màng tế bào (hay màng sinh chất) bao quanh tất cả các tế bào sống và là bào quan quan trọng nhất của tế bào.
CASE_0246,1000959,endpoint,8,681430,0.7105,0.7105,0,vi,Cấu trúc của màng tế bào Màng tế bào (hay màng sinh chất) bao quanh tất cả các tế bào sống và là bào quan quan trọng nhất của tế bào. Nó kiểm soát cách các chất có thể di chuyển vào và ra khỏi tế bào và chịu trách nhiệm về nhiều đặc tính khác của tế bào.
CASE_0246,1000959,endpoint,9,7405708,0.7089,0.7089,0,vi,"Màng sinh chất còn được gọi là màng bề mặt tế bào vì nó xảy ra ở bề mặt của tế bào tức là nó bao bọc tế bào chất và ngăn cách nó với môi trường xung quanh ÃƒÂ ¢ Ã‚â‚¬Ã‚Â¦ của tế bào. Trong tế bào thực vật, màng sinh chất nằm giữa tế bào chất và thành tế bào, và thường bị ép lên tường."
CASE_0246,1000959,endpoint,10,2768456,0.7081,0.7081,0,vi,"Nó còn được gọi là màng tế bào vì nó hoạt động như một rào cản giữa bề mặt bên trong và bên ngoài của tế bào. Ở tế bào động vật, màng sinh chất có ở lớp ngoài cùng của tế bào và ở tế bào thực vật, màng sinh chất nằm ngay bên dưới thành tế bào."
CASE_0246,1000959,mixed,1,4189443,0.7344,0.7344,0,vi,"Ở tế bào động vật, màng sinh chất có ở lớp ngoài cùng của tế bào và ở tế bào thực vật, màng sinh chất nằm ngay bên dưới thành tế bào. Màng plasma được tìm thấy bên trong thành tế bào ở thực vật và là ranh giới ngoài cùng ở động vật."
CASE_0246,1000959,mixed,2,5927884,0.7275,0.7275,0,vi,"Màng tế bào (còn được gọi là màng sinh chất, plasmalemma, hoặc phospholipid bilayer) bao quanh tế bào chất của tế bào và trong tế bào động vật, ngăn cách vật lý các thành phần tế bào trong ÃƒÂ ¢ Ã‚â‚¬Ã‚Â¦ khỏi môi trường ngoại bào, do đó phục vụ một chức năng tương tự như http: //wiki.answers ... he"
CASE_0246,1000959,mixed,3,7843251,0.7229,0.7229,0,vi,"Vì vậy, để trả lời rõ ràng câu hỏi của bạn, plasm ÃƒÂ ¢ Ã‚â‚¬Ã‚Â¦ một màng được tìm thấy ở bên ngoài tế bào; nó bao quanh phòng giam. Tế bào plasma được tìm thấy ở đâu trong nút? trong tủy."
CASE_0246,1000959,mixed,4,7839648,0.717,0.717,0,vi,"Màng tế bào, còn được gọi là màng sinh chất hoặc plasmalemma, là một lớp kép lipid bán thấm chung cho tất cả các tế bào sống. Nó chứa nhiều phân tử sinh học khác nhau, chủ yếu là protein và lipid, có liên quan đến một loạt các quá trình tế bào. Trong trường hợp đơn giản nhất, được minh họa ở đây, nế"
CASE_0246,1000959,mixed,5,665918,0.7159,0.7159,0,vi,"Màng tế bào (còn được gọi là màng sinh chất, plasmalemma, hoặc phospholipid bilayer) bao quanh tế bào chất của tế bào và trong tế bào động vật, ngăn cách vật lý các thành phần tế bào trong ÃƒÂ ¢ Ã‚â‚¬Ã‚Â¦ khỏi môi trường ngoại bào, do đó phục vụ một chức năng tương tự như chức năng của http: //wiki."
CASE_0246,1000959,mixed,6,5927888,0.7152,0.7152,0,vi,"Màng tế bào (còn được gọi là màng sinh chất, plasmalemma, hoặc phospholipid bilayer) bao quanh tế bào chất của tế bào và trong tế bào động vật, phân tách vật lý ÃƒÂ ¢ Ã‚â‚¬Ã‚Â¦ các thành phần nội bào khỏi môi trường ngoại bào, do đó phục vụ một chức năng tương tự như của da. cấu trúc mỏng bao quanh"
CASE_0246,1000959,mixed,7,744646,0.7148,0.7148,0,vi,"Thành phần, đặc tính và hình thức của thành tế bào có thể thay đổi trong chu kỳ tế bào và phụ thuộc vào điều kiện tăng trưởng. Màng tế bào (còn được gọi là màng sinh chất, plasmalemma hoặc phospholipid bilayer) được tìm thấy trong tất cả các tế bào. Nó chứa nhiều loại phân tử sinh học (protein, lipi"
CASE_0246,1000959,mixed,8,2204679,0.7133,0.7133,0,vi,"Còn được gọi là màng sinh chất hoặc plasmalemma, màng tế bào là một trong những phần quan trọng của tế bào bao bọc các bào quan bên trong. Màng này ngăn cách bên trong tế bào với môi trường bên ngoài."
CASE_0246,1000959,mixed,9,6291468,0.7096,0.7096,0,vi,"Màng tế bào (hay màng sinh chất hoặc plasmalemma) bao quanh tế bào chất của tế bào sống, ngăn cách vật lý các thành phần nội bào với môi trường ngoại bào. Màng tế bào bao gồm ba lớp lipid lưỡng tính: phospholipid, glycolipid và sterol. Số lượng của mỗi loại phụ thuộc vào loại tế bào, nhưng trong phầ"
CASE_0246,1000959,mixed,10,7267830,0.7051,0.7051,0,vi,"một hệ thống các màng được tìm thấy trong tế bào chất của tế bào và hỗ trợ sản xuất, xử lý, vận chuyển protein và sản xuất lipid"
CASE_0246,1001108,endpoint,1,7251121,0.7195,0.7195,0,vi,"Trong giai đoạn nào của nguyên phân, các sợi thoi kéo các nhiễm sắc thể về các cực đối nhau của tế bào?"
CASE_0246,1001108,endpoint,2,1508859,0.7109,0.7109,0,vi,"Anaphase: nhiễm sắc thể di chuyển ra ngoài, hướng về các cực đối diện của tế bào."
CASE_0246,1001108,endpoint,3,3315289,0.7011,0.7011,0,vi,"Nhiễm sắc thể nằm ở đâu trong quá trình chuyển hóa? Trong quá trình chuyển hóa, các nhiễm sắc thể bắt đầu xếp thành hàng dọc theo đĩa hoán vị hay một đĩa tưởng tượng nằm ở điểm giữa giữa hai cực của tế bào, nơi chứa các trung thể của thÃƒÂ ¢ Ã‚â‚¬Ã‚Â¦e."
CASE_0246,1001108,endpoint,4,4304093,0.6861,0.6861,0,vi,Đường trung tâm tưởng tượng trong một tế bào nơi các nhiễm sắc thể xếp thành dòng được gọi là?
CASE_0246,1001108,endpoint,5,2348252,0.6815,0.6815,0,vi,Giai đoạn nào của quá trình nguyên phân mà các sợi thoi co lại và kéo các nhiễm sắc thể về các cực của tế bào?
CASE_0246,1001108,endpoint,6,1441564,0.6752,0.6752,0,vi,Những ion nào di chuyển nhanh vào tế bào trong thời kỳ khử cực của điện thế hoạt động?
CASE_0246,1001108,endpoint,7,2348260,0.6717,0.6717,0,vi,"Đó là trong quá trình anaphase, các nhiễm sắc thể chị em tách ra và các nhiễm sắc thể di chuyển về các đầu đối diện của các cực."
CASE_0246,1001108,endpoint,8,4543967,0.6701,0.6701,0,vi,"1 Các cặp nhiễm sắc thể tương đồng hoàn thành việc di chuyển về hai cực do tác động của trục quay. Bây giờ một bộ nhiễm sắc thể đơn bội đang ở mỗi cực, với mỗi nhiễm sắc thể vẫn có hai nhiễm sắc thể. Vỏ nhân cải tổ xung quanh mỗi bộ nhiễm sắc thể, trục quay biến mất, và sự hình thành tế bào theo sau"
CASE_0246,1001108,endpoint,9,871996,0.67,0.67,0,vi,"CƠ SỞ HÌNH HỌC: Các centromes nằm ở hai đầu đối diện của các cực tế bào. Các nhiễm sắc thể được xếp thẳng hàng ở 'tấm hoán vị', một đường tưởng tượng cách đều hai cực. Tâm động của các nhiễm sắc thể đều thẳng hàng với nhau."
CASE_0246,1001108,endpoint,10,6404857,0.6692,0.6692,0,vi,"Ở giai đoạn đầu tiên, các nhiễm sắc thể xếp thành cặp, các tâm cực di chuyển về các đầu đối diện của tế bào, và màng bao quanh nhân biến mất."
CASE_0246,1001108,mixed,1,7251121,0.7308,0.7308,0,vi,"Trong giai đoạn nào của nguyên phân, các sợi thoi kéo các nhiễm sắc thể về các cực đối nhau của tế bào?"
CASE_0246,1001108,mixed,2,1508859,0.7146,0.7146,0,vi,"Anaphase: nhiễm sắc thể di chuyển ra ngoài, hướng về các cực đối diện của tế bào."
CASE_0246,1001108,mixed,3,2348252,0.6939,0.6939,0,vi,Giai đoạn nào của quá trình nguyên phân mà các sợi thoi co lại và kéo các nhiễm sắc thể về các cực của tế bào?
CASE_0246,1001108,mixed,4,4304093,0.69,0.69,0,vi,Đường trung tâm tưởng tượng trong một tế bào nơi các nhiễm sắc thể xếp thành dòng được gọi là?
CASE_0246,1001108,mixed,5,8168873,0.6887,0.6887,0,vi,Vỏ nhân bị vỡ ra và hình thành các thoi ở hai cực đối diện của tế bào. [2] Metaphase - các nhiễm sắc thể được sắp xếp thẳng hàng tại phiến siêu phân tử (một mặt phẳng nằm cách xa nhau từ hai cực trục chính). [3] Anaphase - các nhiễm sắc thể được ghép đôi (các nhiễm sắc thể chị em) di chuyển đến các
CASE_0246,1001108,mixed,6,3315289,0.6863,0.6863,0,vi,"Nhiễm sắc thể nằm ở đâu trong quá trình chuyển hóa? Trong quá trình chuyển hóa, các nhiễm sắc thể bắt đầu xếp thành hàng dọc theo đĩa hoán vị hay một đĩa tưởng tượng nằm ở điểm giữa giữa hai cực của tế bào, nơi chứa các trung thể của thÃƒÂ ¢ Ã‚â‚¬Ã‚Â¦e."
CASE_0246,1001108,mixed,7,4593573,0.6823,0.6823,0,vi,Các trục quay đi đến các đầu đối diện của tế bào. Các trục quay sẽ kéo các nhiễm sắc thể rời xa nhau. Chú ý rằng nhân không còn tách biệt với phần còn lại của tế bào. Các nhiễm sắc thể đang bắt đầu xếp thành hàng ở giữa giữa các đầu thoi.
CASE_0246,1001108,mixed,8,4740369,0.681,0.681,0,vi,"Answers.comÃƒâ € šÃ‚Â® đang làm cho thế giới tốt hơn từng câu trả lời tại một thời điểm. Các vi ống gắn vào một cấu trúc trên các chromatid chị em được gọi là kinetochore. Ném các nhiễm sắc thể vào một chuyển động kích động để di chuyển chúng về phía trung tâm của tế bào. Sau đó, trong quá trình ana"
CASE_0246,1001108,mixed,9,921404,0.6795,0.6795,0,vi,"Khi quá trình nguyên phân tiến triển, các vi ống gắn vào các nhiễm sắc thể, các nhiễm sắc thể đã nhân đôi DNA của chúng và sắp xếp dọc theo trung tâm của tế bào. Sau đó các ống hình thoi ngắn lại và di chuyển về các cực của tế bào. Khi di chuyển, chúng kéo một bản sao của mỗi nhiễm sắc thể cùng với"
CASE_0246,1001108,mixed,10,6404857,0.6785,0.6785,0,vi,"Ở giai đoạn đầu tiên, các nhiễm sắc thể xếp thành cặp, các tâm cực di chuyển về các đầu đối diện của tế bào, và màng bao quanh nhân biến mất."
CASE_0246,1002145,endpoint,1,2585146,0.6945,0.6945,0,vi,"Làm tổ ở Florida bắt đầu vào tháng Tư. Tổ là một cấu trúc thực vật có kích thước bằng quả óc chó, được trang trí bằng địa y, rêu và được kết bằng mạng nhện hoặc sợi thực vật mịn. Tổ thường được xây dựng trên mặt nước. Con cái đẻ 2 trứng dài ít hơn Ãƒâ € šÃ‚Â½ inch (1,2 cm). Sau 20 ngày ấp và 4 tuần"
CASE_0246,1002145,endpoint,2,2585142,0.6768,0.6768,0,vi,"Chim ruồi chỉ sống ở châu Mỹ. Trong số 338 loài đã biết, 16 loài được tìm thấy ở Hoa Kỳ và 3 loài ở Florida. Đôi khi có thể nhìn thấy chim ruồi đen cằm và xù xì ở Florida vào mùa đông. Chim ruồi hồng ngọc (Hình 1) cho đến nay là loài chim ruồi phổ biến nhất trong tiểu bang."
CASE_0246,1002145,endpoint,3,7260915,0.6666,0.6666,0,vi,"Tháng 9 năm 2016: Linda Young chụp ảnh một con chim ruồi trắng ở Freeport, FL xuất hiện tại máng ăn của cô vào ngày 25 tháng 9 năm 2016 và những ngày tiếp theo. [Ảnh được gửi để xác minh - chưa được công bố] Tháng 6 năm 2014: Cathy Youngstrom đã chụp ảnh con chim ruồi bên dưới, cách khoảng 18 dặm về"
CASE_0246,1002145,endpoint,4,6306897,0.6651,0.6651,0,vi,"Chim ruồi chỉ sống ở châu Mỹ. Trong số 338 loài đã biết, 16 loài được tìm thấy ở Hoa Kỳ và 3 loài ở Florida. Đôi khi có thể nhìn thấy chim ruồi đen cằm và xù xì ở Florida vào mùa đông. Chim ruồi hồng ngọc (Hình 1) cho đến nay là loài chim ruồi phổ biến nhất ở bang. Chim ruồi chỉ sống ở châu Mỹ. Tron"
CASE_0246,1002145,endpoint,5,3421787,0.6447,0.6447,0,vi,"Cho đến nay, Bassett đã bắt gần 2.000 con chim ruồi thuộc 10 loài ở sân sau trong suốt mùa đông, từ Vịnh Di động AlabamaÃƒÂ ¢ Ã‚â‚¬Ã‚â „Ã‚â‚¬Ã‚â„ qua Florida panhandle đến Tallahassee và xuống Tampa."
CASE_0246,1002145,endpoint,6,5129439,0.6445,0.6445,0,vi,"Phiếu độ tin cậy 105. Ở Minnesota, chim ruồi có thể xuất hiện sớm nhất vào tháng 2 đến tháng 3. Tuy nhiên, nếu bạn có người cho chim ruồi ăn, khả năng chúng xuất hiện sẽ tăng lên rất nhiều. Ngoài ra còn có các loại cây bụi để trồng thu hút chim ruồi, chẳng hạn như Red Buckeye, Cape Honeysuckle, và B"
CASE_0246,1002145,endpoint,7,4840448,0.6436,0.6436,0,vi,"Chim ruồi sẽ di cư lên phía bắc vào mùa xuân và bắt đầu đến vào tháng 2 ở miền Nam Hoa Kỳ và đến tận miền bắc Alaska vào tháng 5. Sau đó, chúng sẽ di cư về phía nam đến Mexico và Trung Mỹ vào mùa thu * bắt đầu từ tháng 8 đến tháng 10."
CASE_0246,1002145,endpoint,8,2587020,0.643,0.643,0,vi,"A: Điều này phụ thuộc vào vị trí của bạn. Ở Bắc Mỹ, chim ruồi có thể bắt đầu đến sớm nhất là vào tháng Hai và kết thúc vào cuối tháng Mười. Ở các phần phía nam của Hoa Kỳ, Mexico, Trung Mỹ và Nam Mỹ, chim ruồi sống quanh năm."
CASE_0246,1002145,endpoint,9,4816321,0.6428,0.6428,0,vi,"Dọc theo bờ biển Vịnh, một số loài chim ruồi bắt đầu xuất hiện vào cuối tháng Hai, nhưng không có nhiều người nhìn thấy cho đến đầu tháng Ba, vì vậy tháng Ba là lúc bạn nên cho chim ruồi ăn. Khoảng đầu tháng 4, cuộc di cư của chim ruồi bắt đầu đến Virginia, Kentucky và Missouri."
CASE_0246,1002145,endpoint,10,4213652,0.6408,0.6408,0,vi,"Các loài chim ruồi sau đây được biết là xuất hiện ở Bắc Carolina (có ảnh và hỗ trợ ID): Chim ruồi có lông màu hồng ngọc (Archilochus colubris) - Người nuôi bản địa - Thường gặp vào mùa hè, hiếm gặp vào mùa đông. Chúng thường đến vào tháng 3 cho mùa sinh sản và rời đi vào tháng 9 hoặc tháng 10 để trở"
CASE_0246,1002145,mixed,1,4495110,0.6646,0.6646,0,vi,Floridahummingbird.net quan trọng Liên kết: 1 Floridahummingbirds.net đã được tạo ra để nâng cao hiểu biết của chúng tôi về các loài chim ruồi được tìm thấy ở bang Florida. Chúng tôi hy vọng sẽ nâng cao hiểu biết của chúng tôi về sự phân bố trú đông cũng như phạm vi sinh sản của chúng bằng cách tạo
CASE_0246,1002145,mixed,2,2585142,0.6497,0.6497,0,vi,"Chim ruồi chỉ sống ở châu Mỹ. Trong số 338 loài đã biết, 16 loài được tìm thấy ở Hoa Kỳ và 3 loài ở Florida. Đôi khi có thể nhìn thấy chim ruồi đen cằm và xù xì ở Florida vào mùa đông. Chim ruồi hồng ngọc (Hình 1) cho đến nay là loài chim ruồi phổ biến nhất trong tiểu bang."
CASE_0246,1002145,mixed,3,5129439,0.6493,0.6493,0,vi,"Phiếu độ tin cậy 105. Ở Minnesota, chim ruồi có thể xuất hiện sớm nhất vào tháng 2 đến tháng 3. Tuy nhiên, nếu bạn có người cho chim ruồi ăn, khả năng chúng xuất hiện sẽ tăng lên rất nhiều. Ngoài ra còn có các loại cây bụi để trồng thu hút chim ruồi, chẳng hạn như Red Buckeye, Cape Honeysuckle, và B"
CASE_0246,1002145,mixed,4,8165936,0.6471,0.6471,0,vi,Lên kế hoạch đến thăm Florida vào một trong những thời điểm trái mùa của Sunshine State. Có hai mùa du lịch chính ở Florida là Mùa Đông và Mùa Hè. Chương trình đầu tiên diễn ra từ giữa tháng 12 đến hết Lễ Phục sinh với sự đổ bộ của những con chim tuyết đang tìm kiếm ánh nắng mặt trời vào mùa đông và
CASE_0246,1002145,mixed,5,7260915,0.6468,0.6468,0,vi,"Tháng 9 năm 2016: Linda Young chụp ảnh một con chim ruồi trắng ở Freeport, FL xuất hiện tại máng ăn của cô vào ngày 25 tháng 9 năm 2016 và những ngày tiếp theo. [Ảnh được gửi để xác minh - chưa được công bố] Tháng 6 năm 2014: Cathy Youngstrom đã chụp ảnh con chim ruồi bên dưới, cách khoảng 18 dặm về"
CASE_0246,1002145,mixed,6,4965933,0.6466,0.6466,0,vi,"Chim đến Idaho và Montana vào khoảng cuối tháng Tư. Vào mùa thu Rufous Hummingbirds sẽ biến mất khỏi Alaska vào cuối tháng 8. Họ di cư qua California vào cuối tháng Sáu, tháng Bảy và tháng Tám. Nhiều Chim Ruồi Rufous đi qua Colorado vào cuối tháng Bảy và tháng Tám. Chúng đi qua Arizona và New Mexico"
CASE_0246,1002145,mixed,7,4816321,0.6447,0.6447,0,vi,"Dọc theo bờ biển Vịnh, một số loài chim ruồi bắt đầu xuất hiện vào cuối tháng Hai, nhưng không có nhiều người nhìn thấy cho đến đầu tháng Ba, vì vậy tháng Ba là lúc bạn nên cho chim ruồi ăn. Khoảng đầu tháng 4, cuộc di cư của chim ruồi bắt đầu đến Virginia, Kentucky và Missouri."
CASE_0246,1002145,mixed,8,7910106,0.643,0.643,0,vi,"Các quần thể chim ruồi có mỏ hồng ngọc (Archilochus colubris) trú đông ở Florida từ bán đảo trung tâm qua Florida Keys, cũng như các quần thể nhỏ trú đông trên Bờ Vịnh của Louisiana và Texas."
CASE_0246,1002145,mixed,9,7568728,0.6421,0.6421,0,vi,"Bình luận. Luôn luôn là một niềm vui khi những chú Chim Ruồi đầu tiên của chúng tôi xuất hiện tại các trung tâm cho ăn của chúng tôi ở phía tây Bắc Carolina. Từ những nơi trú đông của chúng ở Mexico và Trung Mỹ, những con ruby ​​cổ họng thường quay trở lại Carolinas trong tuần cuối cùng của tháng Ba"
CASE_0246,1002145,mixed,10,2585146,0.6419,0.6419,0,vi,"Làm tổ ở Florida bắt đầu vào tháng Tư. Tổ là một cấu trúc thực vật có kích thước bằng quả óc chó, được trang trí bằng địa y, rêu và được kết bằng mạng nhện hoặc sợi thực vật mịn. Tổ thường được xây dựng trên mặt nước. Con cái đẻ 2 trứng dài ít hơn Ãƒâ € šÃ‚Â½ inch (1,2 cm). Sau 20 ngày ấp và 4 tuần"
CASE_0246,1002238,endpoint,1,7260659,0.6837,0.6837,0,vi,Các nhà khoa học đang nỗ lực hết sức để đưa loài báo gêpa vào danh sách loài có nguy cơ tuyệt chủng. Một nhóm các nhà nghiên cứu đã cùng nhau yêu cầu Liên minh Bảo tồn Thiên nhiên Quốc tế liệt kê loài báo gêpa là loài có nguy cơ tuyệt chủng. Các nhà khoa học này là một phần của Sáng kiến ​​Mèo lớn c
CASE_0246,1002238,endpoint,2,7260665,0.6798,0.6798,0,vi,"Đáng buồn thay, các nhà khoa học đang cố gắng thuyết phục các nhà hoạch định chính sách đưa loài báo gêpa vào danh sách các loài có nguy cơ tuyệt chủng do dân số của chúng đang giảm đáng kể."
CASE_0246,1002238,endpoint,3,4459107,0.6768,0.6768,0,vi,"Trong một cuộc điều tra dân số năm 1900, dân số báo gêpa vào khoảng 100.000. Ngày nay, chỉ còn 9.000 người ở Châu Phi. Với ít con mồi và môi trường sốngÃÂ ¢ Ã‚â‚¬Ã‚â € và bị săn đuổi bởi những người thợ sănÃƒÂ ¢ Ã‚â‚¬Ã‚â €, loài báo có nguy cơ tuyệt chủng cao. Với sự giúp đỡ của bạn, AWF có thể tiếp"
CASE_0246,1002238,endpoint,4,5149359,0.6662,0.6662,0,vi,"USFWS liệt kê loài báo gêpa là loài có nguy cơ tuyệt chủng và Sách đỏ của IUCN xác định chúng là loài dễ bị tổn thương - đối mặt với nguy cơ tuyệt chủng cao trong tự nhiên. Báo đốm có ba mối đe dọa chính: Mất môi trường sống, sự xâm phạm của con người, cạn kiệt nguồn con mồi hoang dã và sự cạnh tran"
CASE_0246,1002238,endpoint,5,7452003,0.6589,0.6589,0,vi,"Trong một cuộc điều tra dân số năm 1900, dân số báo gêpa vào khoảng 100.000. Ngày nay, chỉ còn 9.000 người ở Châu Phi. Với ít con mồi hơn và môi trường sốngÃÂ ¢ Ã‚â‚¬Ã‚â € và bị săn đuổi bởi những người thợ sănÃƒÂ ¢ Ã‚â‚¬Ã‚â €, loài báo có nguy cơ tuyệt chủng cao. Với sự giúp đỡ của bạn AWF có thể t"
CASE_0246,1002238,endpoint,6,6466490,0.6576,0.6576,0,vi,"Cuộc đua đang diễn ra để cứu loài báo gêpa ÃƒÂ ¢ Ã‚â‚¬Ã‚â € œ với sự giúp đỡ của bạn, chúng ta có thể giành chiến thắng. Báo gêpa là loài mèo lớn có nguy cơ tuyệt chủng cao nhất của Châu Phi. WeÃƒÂ ¢ Ã‚â‚¬Ã‚â „¢ đã mất hơn 90% dân số của loài báo hoang dã trên thế giới trong 100 năm qua, và nếu chún"
CASE_0246,1002238,endpoint,7,5149355,0.653,0.653,0,vi,"Con số đó là quần thể báo gêpa sống tự do lớn nhất trên thế giới, và chưa bằng một nửa ước tính được công bố vào tháng 11 năm 2016. Như hiện tại, loài này chính thức được liệt kê là dễ bị tổn thương."
CASE_0246,1002238,endpoint,8,504708,0.6514,0.6514,0,vi,"Và thật không may, đó chính xác là những hoàn cảnh mà loài báo ngày nay phải đối mặt. Là một loài, báo gêpa có mức độ biến đổi di truyền thấp nổi tiếng. Điều này có thể được cho là do sự tắc nghẽn dân số mà họ đã trải qua khoảng 10.000 năm trước, hầu như không tránh khỏi sự tuyệt chủng vào cuối kỷ b"
CASE_0246,1002238,endpoint,9,7452007,0.6464,0.6464,0,vi,"(Tháng 6 năm 2010). Báo đốm với chó (Ấn Độ, 1897). Sự tái sinh của loài báo gêpa ở Ấn Độ liên quan đến việc tái lập nhân tạo quần thể loài báo gêpa vào những khu vực mà chúng đã từng tồn tại trước đây nhưng đã bị săn đuổi đến mức tuyệt chủng bởi các sĩ quan thuộc địa Anh và hoàng gia Ấn Độ. ở Ấn Độ,"
CASE_0246,1002238,endpoint,10,7148912,0.6444,0.6444,0,vi,"Nhà nước của loài báo Cheetah. Ước tính chỉ còn lại 7.100 con báo gêpa trong tự nhiên và tương lai của chúng vẫn chưa chắc chắn trong phạm vi của chúng. Đã tuyệt chủng ở 25 quốc gia và có thể tuyệt chủng ở 13 quốc gia khác, loài báo gêpa đã biến mất khoảng 91% phạm vi lịch sử của chúng."
CASE_0246,1002238,mixed,1,7452001,0.6718,0.6718,0,vi,"SỰ THẬT CHEETAH. Cheetah được cho là một trong những loài mèo đẹp và khỏe nhất trong số các loài mèo lớn nhưng nó cũng là một trong những loài có nguy cơ tuyệt chủng cao nhất. Dân số ước tính của loài báo vào năm 1900 là khoảng 100.000 con, ngày nay loài báo chỉ còn được tìm thấy ở 23% phạm vi lịch"
CASE_0246,1002238,mixed,2,7452004,0.6566,0.6566,0,vi,"Nhiều loài động vật cảm thấy như bị chèn ép và có nguy cơ biến mất vĩnh viễn. Vào năm 1900, ước tính chỉ có khoảng 100.000 loài báo gêpa trên toàn thế giới, số lượng của chúng ở mức 10 đến 15 nghìn con với khoảng 1/10 số loài sống trong điều kiện nuôi nhốt. Namibia có quần thể báo gêpa hoang dã lớn"
CASE_0246,1002238,mixed,3,7148912,0.6475,0.6475,0,vi,"Nhà nước của loài báo Cheetah. Ước tính chỉ còn lại 7.100 con báo gêpa trong tự nhiên và tương lai của chúng vẫn chưa chắc chắn trong phạm vi của chúng. Đã tuyệt chủng ở 25 quốc gia và có thể tuyệt chủng ở 13 quốc gia khác, loài báo gêpa đã biến mất khoảng 91% phạm vi lịch sử của chúng."
CASE_0246,1002238,mixed,4,8760062,0.6343,0.6343,0,vi,"https://news.nationalgeographic.com/2017/12/animals-cheetahs-africa-endangered-species.html Các nhà khoa học đấu tranh để liệt kê loài báo Cheetah là Nguy cấp Trong một trong những nghiên cứu kỹ lưỡng nhất về loại này, 17 nhà bảo tồn đưa ra bằng chứng xác thực rằng mèo lớn đang ở mức nguy hiểm gần n"
CASE_0246,1002238,mixed,5,7148913,0.6342,0.6342,0,vi,"Ở châu Á, loài báo hiện được biết là chỉ tồn tại ở Iran, nơi có phân loài A. j. venaticus được ước tính khoảng 60-100 (Hunter et al. 2007) và được liệt kê là Cực kỳ Nguy cấp. Kế hoạch Sinh tồn Loài Cheetah tuyên bố hơn 300 loài báo gêpa đang sống trong các vườn thú trên khắp thế giới."
CASE_0246,1002238,mixed,6,7452006,0.6298,0.6298,0,vi,"Bảo tồn Cheetah. lịch sự của Trung tâm Động vật Hoang dã Fossil Rim. Kể từ năm 1990, quần thể báo gêpa hoang dã đã giảm gần 85%, và hiện còn khoảng 7.000 đến 10.000 cá thể có môi trường sống tự nhiên và cơ sở săn mồi đang suy giảm, trong khi sự ngược đãi của con người đối với loài này đang gia tăng"
CASE_0246,1002238,mixed,7,5149359,0.6252,0.6252,0,vi,"USFWS liệt kê loài báo gêpa là loài có nguy cơ tuyệt chủng và Sách đỏ của IUCN xác định chúng là loài dễ bị tổn thương - đối mặt với nguy cơ tuyệt chủng cao trong tự nhiên. Báo đốm có ba mối đe dọa chính: Mất môi trường sống, sự xâm phạm của con người, cạn kiệt nguồn con mồi hoang dã và sự cạnh tran"
CASE_0246,1002238,mixed,8,7260659,0.6201,0.6201,0,vi,Các nhà khoa học đang nỗ lực hết sức để đưa loài báo gêpa vào danh sách loài có nguy cơ tuyệt chủng. Một nhóm các nhà nghiên cứu đã cùng nhau yêu cầu Liên minh Bảo tồn Thiên nhiên Quốc tế liệt kê loài báo gêpa là loài có nguy cơ tuyệt chủng. Các nhà khoa học này là một phần của Sáng kiến ​​Mèo lớn c
CASE_0246,1002238,mixed,9,7260665,0.6184,0.6184,0,vi,"Đáng buồn thay, các nhà khoa học đang cố gắng thuyết phục các nhà hoạch định chính sách đưa loài báo gêpa vào danh sách các loài có nguy cơ tuyệt chủng do dân số của chúng đang giảm đáng kể."
CASE_0246,1002238,mixed,10,4544503,0.6142,0.6142,0,vi,"Khi Đạo luật về các loài nguy cấp (ESA) được ban hành vào năm 1973, chồn chân đen được xếp vào danh sách có nguy cơ tuyệt chủng. Cho đến năm 1978, Cơ quan Cá và Động vật Hoang dã Hoa Kỳ đã thông qua một kế hoạch phục hồi để bảo vệ môi trường sống và loài chồn sương này đã suy giảm đến mức gần như tu"
CASE_0246,1002426,endpoint,1,2332510,0.6694,0.6694,0,vi,"Shazam! dàn diễn viên phim, ngày phát hành, cốt truyện và mọi thứ bạn cần biết 'Captain Marvel' là ai?"
CASE_0246,1002426,endpoint,2,2309377,0.6518,0.6518,0,vi,"DCÃƒÂ ¢ Ã‚â‚¬Ã‚â „¢ s ÃƒÂ ¢ Ã‚â‚¬Ã‚ËœShazam! ÃƒÂ ¢ Ã‚â‚¬Ã‚â„ ¢ Ngày phát hành vào ngày 12 tháng 1 năm 2018 11:46 AM, -08 : 00 | Variety - Tin tức phim"
CASE_0246,1002426,endpoint,3,2309385,0.6494,0.6494,0,vi,"Phim 'Shazam' có ngày phát hành vào tháng 4 năm 2019 bởi Brandon Davis - ngày 12 tháng 1 năm 2018 Bộ phim Shazam được cho là đã đặt ngày phát hành là ngày 5 tháng 4 năm 2019, Warner Bros. đã thông báo vào thứ Sáu. Shazam, với sự tham gia của Zachary Levi trong vai anh hùng tiêu biểu, sẽ là bộ phim đ"
CASE_0246,1002426,endpoint,4,2332509,0.6469,0.6469,0,vi,"Cuối cùng, Shazam được đồn đại từ lâu! ngày phát hành ngày 5 tháng 4 năm 2019 đã được xác nhận. Sandberg đã bắt đầu thực hiện bộ phim vào tháng 8 năm 2017, với việc quay phim dự kiến ​​bắt đầu vào đầu năm 2018. Shazam! dàn diễn viên"
CASE_0246,1002426,endpoint,5,8196725,0.6464,0.6464,0,vi,"Phim 'Shazam' có ngày phát hành vào tháng 4 năm 2019 bởi Brandon Davis - ngày 12 tháng 1 năm 2018 Bộ phim Shazam được cho là đã đặt ngày phát hành là ngày 5 tháng 4 năm 2019, Warner Bros. đã thông báo vào thứ Sáu. Shazam, với sự tham gia của Zachary Levi trong vai anh hùng tiêu biểu, sẽ là bộ phim đ"
CASE_0246,1002426,endpoint,6,2332642,0.6401,0.6401,0,vi,"Shazam sẽ bắt đầu được sản xuất vào đầu năm 2018 và có thể ra rạp vào năm 2019, theo The Hollywood Reporter. Báo cáo xác định David F. Sandberg là đạo diễn của bộ phim. Quá trình sản xuất sẽ bắt đầu trước Batgirl, Flash và các phần tiếp theo của cả Suicide Squad và Wonder Woman."
CASE_0246,1002426,endpoint,7,2332751,0.6303,0.6303,0,vi,"Bộ phim Shazam được cho là đã đặt tên ngày phát hành là ngày 5 tháng 4 năm 2019, Warner Bros. thông báo vào thứ Sáu. Shazam, với sự tham gia của Zachary Levi trong vai anh hùng tiêu biểu, sẽ là bộ phim đầu tiên được phát hành từ Warner Bros. và DC Films sau Aquaman tháng 12 năm 2018. Nó được đạo diễ"
CASE_0246,1002426,endpoint,8,8199431,0.63,0.63,0,vi,"Không có gì ngạc nhiên khi với chất liệu tối hơn như Suicide Squad hay thậm chí là những tua lớn như Justice League thể thao xếp hạng PG-13 nặng, DC / WB sẽ muốn đảm bảo rằng bộ phim siêu anh hùng nhẹ nhàng hơn, kỳ quái hơn thích hợp. Trước đó Shazam đã được dự kiến ​​phát hành vào ngày 5 tháng 4 nă"
CASE_0246,1002426,endpoint,9,7255453,0.6267,0.6267,0,vi,"Shazam hiện đang quay phim ở Toronto. Phim ra rạp vào ngày 5 tháng 4 năm 2019. Bạn có thể xem toàn bộ thông cáo báo chí chính thức bên dưới. BURBANK, CA, ngày 5 tháng 2 năm 2018 ÃƒÂ ¢ Ã‚â‚¬Ã‚â € œ Quá trình sản xuất đang được tiến hành trên New Line CinemaÃƒÂ ¢ Ã‚â‚¬Ã‚â „¢ s ÃƒÂ ¢ Ã‚â‚¬Ã‚Å“ Shazam!"
CASE_0246,1002426,endpoint,10,7260308,0.6195,0.6195,0,vi,"Shazam! sẽ chính thức ra rạp vào ngày 5 tháng 4 năm 2019 sau nhiều tháng đồn đoán. Bộ phim sẽ là bộ phim đầu tiên được phát hành từ Warner Bros. và DC Films sau Aquaman tháng 12 năm 2018. Shazam! được đạo diễn bởi David F. Sandberg (Lights Out, Annabelle: Creation). Đây là một tin thú vị cho DC và S"
CASE_0246,1002426,mixed,1,2332510,0.6651,0.6651,0,vi,"Shazam! dàn diễn viên phim, ngày phát hành, cốt truyện và mọi thứ bạn cần biết 'Captain Marvel' là ai?"
CASE_0246,1002426,mixed,2,2309385,0.6489,0.6489,0,vi,"Phim 'Shazam' có ngày phát hành vào tháng 4 năm 2019 bởi Brandon Davis - ngày 12 tháng 1 năm 2018 Bộ phim Shazam được cho là đã đặt ngày phát hành là ngày 5 tháng 4 năm 2019, Warner Bros. đã thông báo vào thứ Sáu. Shazam, với sự tham gia của Zachary Levi trong vai anh hùng tiêu biểu, sẽ là bộ phim đ"
CASE_0246,1002426,mixed,3,8196725,0.6459,0.6459,0,vi,"Phim 'Shazam' có ngày phát hành vào tháng 4 năm 2019 bởi Brandon Davis - ngày 12 tháng 1 năm 2018 Bộ phim Shazam được cho là đã đặt ngày phát hành là ngày 5 tháng 4 năm 2019, Warner Bros. đã thông báo vào thứ Sáu. Shazam, với sự tham gia của Zachary Levi trong vai anh hùng tiêu biểu, sẽ là bộ phim đ"
CASE_0246,1002426,mixed,4,2332642,0.6421,0.6421,0,vi,"Shazam sẽ bắt đầu được sản xuất vào đầu năm 2018 và có thể ra rạp vào năm 2019, theo The Hollywood Reporter. Báo cáo xác định David F. Sandberg là đạo diễn của bộ phim. Quá trình sản xuất sẽ bắt đầu trước Batgirl, Flash và các phần tiếp theo của cả Suicide Squad và Wonder Woman."
CASE_0246,1002426,mixed,5,2332509,0.6389,0.6389,0,vi,"Cuối cùng, Shazam được đồn đại từ lâu! ngày phát hành ngày 5 tháng 4 năm 2019 đã được xác nhận. Sandberg đã bắt đầu thực hiện bộ phim vào tháng 8 năm 2017, với việc quay phim dự kiến ​​bắt đầu vào đầu năm 2018. Shazam! dàn diễn viên"
CASE_0246,1002426,mixed,6,2309377,0.6359,0.6359,0,vi,"DCÃƒÂ ¢ Ã‚â‚¬Ã‚â „¢ s ÃƒÂ ¢ Ã‚â‚¬Ã‚ËœShazam! ÃƒÂ ¢ Ã‚â‚¬Ã‚â„ ¢ Ngày phát hành vào ngày 12 tháng 1 năm 2018 11:46 AM, -08 : 00 | Variety - Tin tức phim"
CASE_0246,1002426,mixed,7,2332751,0.6309,0.6309,0,vi,"Bộ phim Shazam được cho là đã đặt tên ngày phát hành là ngày 5 tháng 4 năm 2019, Warner Bros. thông báo vào thứ Sáu. Shazam, với sự tham gia của Zachary Levi trong vai anh hùng tiêu biểu, sẽ là bộ phim đầu tiên được phát hành từ Warner Bros. và DC Films sau Aquaman tháng 12 năm 2018. Nó được đạo diễ"
CASE_0246,1002426,mixed,8,8199431,0.6188,0.6188,0,vi,"Không có gì ngạc nhiên khi với chất liệu tối hơn như Suicide Squad hay thậm chí là những tua lớn như Justice League thể thao xếp hạng PG-13 nặng, DC / WB sẽ muốn đảm bảo rằng bộ phim siêu anh hùng nhẹ nhàng hơn, kỳ quái hơn thích hợp. Trước đó Shazam đã được dự kiến ​​phát hành vào ngày 5 tháng 4 nă"
CASE_0246,1002426,mixed,9,7260308,0.6177,0.6177,0,vi,"Shazam! sẽ chính thức ra rạp vào ngày 5 tháng 4 năm 2019 sau nhiều tháng đồn đoán. Bộ phim sẽ là bộ phim đầu tiên được phát hành từ Warner Bros. và DC Films sau Aquaman tháng 12 năm 2018. Shazam! được đạo diễn bởi David F. Sandberg (Lights Out, Annabelle: Creation). Đây là một tin thú vị cho DC và S"
CASE_0246,1002426,mixed,10,7255453,0.6171,0.6171,0,vi,"Shazam hiện đang quay phim ở Toronto. Phim ra rạp vào ngày 5 tháng 4 năm 2019. Bạn có thể xem toàn bộ thông cáo báo chí chính thức bên dưới. BURBANK, CA, ngày 5 tháng 2 năm 2018 ÃƒÂ ¢ Ã‚â‚¬Ã‚â € œ Quá trình sản xuất đang được tiến hành trên New Line CinemaÃƒÂ ¢ Ã‚â‚¬Ã‚â „¢ s ÃƒÂ ¢ Ã‚â‚¬Ã‚Å“ Shazam!"
CASE_0246,1003006,endpoint,1,2517646,0.6745,0.6745,0,vi,"Napoléon lần đầu tiên bị lưu đày đến Đảo Elba, nhưng sau khi trốn thoát và chiến đấu với Liên quân thứ bảy tại Waterloo, ông bị lưu đày đến Đảo St. Helena. Bởi vì anh ta đã b ÃƒÂ ¢ Ã‚â‚¬Ã‚Â¦ khiến cuộc tạm tha của anh ta tại Elba, một địa điểm xa xôi và an toàn ở Nam Đại Tây Dương đã được chọn cho c"
CASE_0246,1003006,endpoint,2,8735267,0.6662,0.6662,0,vi,"993 Đóng góp. Napoléon ban đầu bị lưu đày vào năm 1814 trên đảo Elba ngoài khơi bờ biển Tuscany ở Ý. Napoléon trở về Pháp từ Elba vào năm 1815 và bắt đầu 100 ngày của các hành động quân sự mới của Pháp, kết thúc tại Waterloo."
CASE_0246,1003006,endpoint,3,7809192,0.6567,0.6567,1,vi,"Bị lưu đày đến đảo Elba, ông trốn sang Pháp vào đầu năm 1815 và gây dựng một Đại quân đội mới đã đạt được thành công tạm thời trước khi thất bại tan nát tại Waterloo trước một lực lượng đồng minh dưới quyền của Wellington vào ngày 18 tháng 6 năm 1815. Napoléon sau đó bị lưu đày đến đảo Saint Helena"
CASE_0246,1003006,endpoint,4,8196652,0.6496,0.6496,0,vi,"Ông bị lưu đày trên St. Helena ở Đại Tây Dương nhưng không bị bỏ tù. Napoléon có nhà và sân riêng, có thể đi xe hoặc đi dạo quanh đảo, nhưng ông luôn bị người Anh đóng trên đảo theo dõi. Quân đội Anh đã để mắt đến anh ta và ngăn cản anh ta trốn thoát."
CASE_0246,1003006,endpoint,5,8268241,0.6477,0.6477,0,vi,"Trước khi lên đường đến Elba, Napoléon đã thông báo rằng ÃƒÂ ¢ Ã‚â‚¬Ã‚Ëœ Tôi sẽ viết những gì chúng ta đã làm. Trăm ngày, thời kỳ trị vì của NapoléonÃƒÂ ¢ Ã‚â‚¬Ã‚â sau khi ông trốn thoát khỏi Elba cho đến khi thất bại tại Waterloo. Tuy nhiên, chính trị Corsican đã buộc Napoléon và gia đình phải chạy"
CASE_0246,1003006,endpoint,6,2515842,0.6476,0.6476,0,vi,"Cuộc lưu đày của Napoléon trên St Helena. Bởi Lara Jacobs, Du lịch St Helena | Bình luận. Hãy tưởng tượng NapoléonÃÂ ¢ Ã‚â‚¬Ã‚â “thất thần khi nhận ra rằng mình không bị đày đến Mỹ như ông dự đoán, mà thay vào đó là hòn đảo xa xôi St Helena ở giữa Đại Tây Dương."
CASE_0246,1003006,endpoint,7,8735260,0.6474,0.6474,0,vi,"Napoléon rời Elba bởi Joseph Beaume, 1836. Vào tháng 4 năm 1814, với một liên minh châu Âu chiếm đóng Paris, Napoléon Bonaparte buộc phải thoái vị ngai vàng của Pháp. Ông bị đày đi Elba, một hòn đảo nhỏ ở Địa Trung Hải nằm cách Pháp 260 km (160 dặm) về phía nam và cách bờ biển Ý 10 km (6 dặm) về phí"
CASE_0246,1003006,endpoint,8,8735264,0.6471,0.6471,0,vi,"Napoléon trốn thoát khỏi Elba bằng cách nào? Vào tháng 4 năm 1814, với việc một liên minh châu Âu chiếm đóng Paris, Napoléon Bonaparte buộc phải thoái vị ngai vàng của Pháp. Ông bị đày đi Elba, một hòn đảo nhỏ ở Địa Trung Hải nằm cách Pháp 260 km (160 dặm) về phía nam và cách bờ biển Ý 10 km (6 dặm)"
CASE_0246,1003006,endpoint,9,3583269,0.638,0.638,0,vi,Napoléon cuối cùng bị đánh bại trong trận Waterloo sau đó ông thoái vị và bị đày đến St. Helena ở Nam Đại Tây Dương xa xôi. Ông đã bị đánh bại bởi một lực lượng quân sự ÃƒÂ ¢ Ã‚â‚¬Ã‚Â¦ cấp trên.
CASE_0246,1003006,endpoint,10,3578181,0.6361,0.6361,0,vi,"Ví dụ, sau khi bị tước bỏ quyền lực, Napoléon sống lưu vong trên đảo Elba. Động từ exile bắt nguồn từ từ essillier trong tiếng Pháp cổ, có nghĩa là ÃƒÂ ¢ Ã‚â‚¬Ã‚Å “trục xuất, ÃƒÂ ¢ Ã‚â‚¬Ã‚ ÃƒÂ ¢ Ã‚â‚¬Ã‚Å “trục xuất, ÃƒÂ ¢ Ã ‚Â‚¬Ã‚ hoặc ÃƒÂ ¢ Ã‚â‚¬Ã‚Å “lái xe đi .ÃƒÂ ¢ Ã‚â‚¬Ã‚ Tuy nhiên, một số người"
CASE_0246,1003006,mixed,1,2517646,0.6712,0.6712,0,vi,"Napoléon lần đầu tiên bị lưu đày đến Đảo Elba, nhưng sau khi trốn thoát và chiến đấu với Liên quân thứ bảy tại Waterloo, ông bị lưu đày đến Đảo St. Helena. Bởi vì anh ta đã b ÃƒÂ ¢ Ã‚â‚¬Ã‚Â¦ khiến cuộc tạm tha của anh ta tại Elba, một địa điểm xa xôi và an toàn ở Nam Đại Tây Dương đã được chọn cho c"
CASE_0246,1003006,mixed,2,8735267,0.666,0.666,0,vi,"993 Đóng góp. Napoléon ban đầu bị lưu đày vào năm 1814 trên đảo Elba ngoài khơi bờ biển Tuscany ở Ý. Napoléon trở về Pháp từ Elba vào năm 1815 và bắt đầu 100 ngày của các hành động quân sự mới của Pháp, kết thúc tại Waterloo."
CASE_0246,1003006,mixed,3,7809192,0.6547,0.6547,1,vi,"Bị lưu đày đến đảo Elba, ông trốn sang Pháp vào đầu năm 1815 và gây dựng một Đại quân đội mới đã đạt được thành công tạm thời trước khi thất bại tan nát tại Waterloo trước một lực lượng đồng minh dưới quyền của Wellington vào ngày 18 tháng 6 năm 1815. Napoléon sau đó bị lưu đày đến đảo Saint Helena"
CASE_0246,1003006,mixed,4,2515842,0.6425,0.6425,0,vi,"Cuộc lưu đày của Napoléon trên St Helena. Bởi Lara Jacobs, Du lịch St Helena | Bình luận. Hãy tưởng tượng NapoléonÃÂ ¢ Ã‚â‚¬Ã‚â “thất thần khi nhận ra rằng mình không bị đày đến Mỹ như ông dự đoán, mà thay vào đó là hòn đảo xa xôi St Helena ở giữa Đại Tây Dương."
CASE_0246,1003006,mixed,5,8735260,0.6392,0.6392,0,vi,"Napoléon rời Elba bởi Joseph Beaume, 1836. Vào tháng 4 năm 1814, với một liên minh châu Âu chiếm đóng Paris, Napoléon Bonaparte buộc phải thoái vị ngai vàng của Pháp. Ông bị đày đi Elba, một hòn đảo nhỏ ở Địa Trung Hải nằm cách Pháp 260 km (160 dặm) về phía nam và cách bờ biển Ý 10 km (6 dặm) về phí"
CASE_0246,1003006,mixed,6,8268241,0.6371,0.6371,0,vi,"Trước khi lên đường đến Elba, Napoléon đã thông báo rằng ÃƒÂ ¢ Ã‚â‚¬Ã‚Ëœ Tôi sẽ viết những gì chúng ta đã làm. Trăm ngày, thời kỳ trị vì của NapoléonÃƒÂ ¢ Ã‚â‚¬Ã‚â sau khi ông trốn thoát khỏi Elba cho đến khi thất bại tại Waterloo. Tuy nhiên, chính trị Corsican đã buộc Napoléon và gia đình phải chạy"
CASE_0246,1003006,mixed,7,8735264,0.6369,0.6369,0,vi,"Napoléon trốn thoát khỏi Elba bằng cách nào? Vào tháng 4 năm 1814, với việc một liên minh châu Âu chiếm đóng Paris, Napoléon Bonaparte buộc phải thoái vị ngai vàng của Pháp. Ông bị đày đi Elba, một hòn đảo nhỏ ở Địa Trung Hải nằm cách Pháp 260 km (160 dặm) về phía nam và cách bờ biển Ý 10 km (6 dặm)"
CASE_0246,1003006,mixed,8,8196652,0.635,0.635,0,vi,"Ông bị lưu đày trên St. Helena ở Đại Tây Dương nhưng không bị bỏ tù. Napoléon có nhà và sân riêng, có thể đi xe hoặc đi dạo quanh đảo, nhưng ông luôn bị người Anh đóng trên đảo theo dõi. Quân đội Anh đã để mắt đến anh ta và ngăn cản anh ta trốn thoát."
CASE_0246,1003006,mixed,9,3583269,0.6309,0.6309,0,vi,Napoléon cuối cùng bị đánh bại trong trận Waterloo sau đó ông thoái vị và bị đày đến St. Helena ở Nam Đại Tây Dương xa xôi. Ông đã bị đánh bại bởi một lực lượng quân sự ÃƒÂ ¢ Ã‚â‚¬Ã‚Â¦ cấp trên.
CASE_0246,1003006,mixed,10,3578181,0.629,0.629,0,vi,"Ví dụ, sau khi bị tước bỏ quyền lực, Napoléon sống lưu vong trên đảo Elba. Động từ exile bắt nguồn từ từ essillier trong tiếng Pháp cổ, có nghĩa là ÃƒÂ ¢ Ã‚â‚¬Ã‚Å “trục xuất, ÃƒÂ ¢ Ã‚â‚¬Ã‚ ÃƒÂ ¢ Ã‚â‚¬Ã‚Å “trục xuất, ÃƒÂ ¢ Ã ‚Â‚¬Ã‚ hoặc ÃƒÂ ¢ Ã‚â‚¬Ã‚Å “lái xe đi .ÃƒÂ ¢ Ã‚â‚¬Ã‚ Tuy nhiên, một số người"
CASE_0246,100307,endpoint,1,7379136,0.7792,0.7792,1,vi,"Trong phân tích chi phí duy nhất của một chương trình phòng chống béo phì ở trường học ở Canada, Ohinmaa và cộng sự đã ước tính chi phí cho việc triển khai và duy trì chương trình trong toàn trường là 344.514 đô la, hay 7.830 đô la cho mỗi trường và 23 đô la cho mỗi học sinh [21 ]."
CASE_0246,100307,endpoint,2,7379140,0.7318,0.7318,0,vi,Mục tiêu của nghiên cứu này là đánh giá chi phí và hiệu quả chi phí của một chương trình can thiệp toàn diện cho bệnh béo phì ở trẻ em. Chúng tôi đưa ra giả thuyết về can thiệp tổng hợp kết hợp giáo dục dinh dưỡng và hoạt động thể chất (PA) tiết kiệm chi phí hơn so với cùng cường độ can thiệp đơn lẻ
CASE_0246,100307,endpoint,3,7379137,0.6952,0.6952,0,vi,Trường học đã được xác định là cơ sở chính cho các chiến lược y tế công cộng để ngăn ngừa bệnh béo phì ở trẻ em [10]. Nghiên cứu đã chỉ ra rằng các chương trình phòng chống béo phì học đường được thiết kế và thực hiện tốt có hiệu quả trong việc giảm chỉ số khối cơ thể (BMI) và / hoặc phần trăm chất
CASE_0246,100307,endpoint,4,1625305,0.6874,0.6874,0,vi,"Chi phí chăm sóc y tế của bệnh béo phì ở Hoa Kỳ là cao. Theo đô la năm 2008, các chi phí này được ước tính là 147 tỷ đô la. 15. Chi phí sản xuất hàng năm trên toàn quốc của việc nghỉ học liên quan đến béo phì do béo phì dao động trong khoảng 3,38 tỷ đô la (79 đô la cho mỗi cá nhân béo phì) đến 6,38"
CASE_0246,100307,endpoint,5,2027132,0.6814,0.6814,0,vi,"5236 CONNECT 974 TWEET 189 LINKEDIN 74 BÌNH LUẬN EMAIL THÊM. Một phân tích mới cho thấy trong suốt cuộc đời, chi phí y tế liên quan đến béo phì ở trẻ em tổng cộng khoảng 19.000 USD / trẻ so với chi phí cho một đứa trẻ có cân nặng bình thường, một phân tích mới cho thấy. Michelle Healy, Hoa Kỳ HÔM NA"
CASE_0246,100307,endpoint,6,1774908,0.6724,0.6724,0,vi,"Chi phí chăm sóc y tế của bệnh béo phì ở Hoa Kỳ là cao. Theo đô la năm 2008, các chi phí này được ước tính là 147 tỷ đô la. 15. Chi phí sản xuất hàng năm trên toàn quốc của việc nghỉ học liên quan đến béo phì do béo phì dao động trong khoảng 3,38 tỷ đô la (79 đô la cho mỗi cá nhân béo phì) đến 6,38"
CASE_0246,100307,endpoint,7,2027127,0.6695,0.6695,0,vi,"Béo phì ở trẻ em đi kèm với mức giá ước tính là 19.000 đô la mỗi trẻ khi so sánh chi phí y tế suốt đời với những đứa trẻ có cân nặng bình thường, theo một phân tích do các nhà nghiên cứu tại Viện Y tế toàn cầu Duke và Trường Y khoa Duke-NUS ở Singapore dẫn đầu. ước tính, có tính đến khả năng trẻ em"
CASE_0246,100307,endpoint,8,1078549,0.6664,0.6664,0,vi,"Chi phí chăm sóc y tế của bệnh béo phì ở Hoa Kỳ là cao. Theo đô la năm 2008, các chi phí này được ước tính là 147 tỷ đô la. 15. Chi phí sản xuất hàng năm trên toàn quốc của việc nghỉ học liên quan đến béo phì do béo phì dao động trong khoảng 3,38 tỷ đô la (79 đô la cho mỗi cá nhân béo phì) đến 6,38"
CASE_0246,100307,endpoint,9,1078556,0.6639,0.6639,0,vi,"Thẻ giá cho bệnh béo phì ở trẻ em: 19.000 USD / trẻ. Một phân tích mới cho thấy trong suốt cuộc đời, chi phí y tế liên quan đến bệnh béo phì ở trẻ em tổng cộng khoảng 19.000 đô la cho mỗi trẻ em so với chi phí cho một đứa trẻ có cân nặng bình thường."
CASE_0246,100307,endpoint,10,5057832,0.6627,0.6627,0,vi,"Béo phì ở trẻ em đi kèm với mức giá ước tính là 19.000 USD / trẻ khi so sánh chi phí y tế suốt đời của một đứa trẻ có cân nặng bình thường, theo một phân tích do các nhà nghiên cứu tại Viện Y tế Toàn cầu Duke và Trường Y khoa Duke-NUS ở Singapore dẫn đầu."
CASE_0246,100307,mixed,1,7379136,0.7597,0.7597,1,vi,"Trong phân tích chi phí duy nhất của một chương trình phòng chống béo phì ở trường học ở Canada, Ohinmaa và cộng sự đã ước tính chi phí cho việc triển khai và duy trì chương trình trong toàn trường là 344.514 đô la, hay 7.830 đô la cho mỗi trường và 23 đô la cho mỗi học sinh [21 ]."
CASE_0246,100307,mixed,2,7379140,0.7202,0.7202,0,vi,Mục tiêu của nghiên cứu này là đánh giá chi phí và hiệu quả chi phí của một chương trình can thiệp toàn diện cho bệnh béo phì ở trẻ em. Chúng tôi đưa ra giả thuyết về can thiệp tổng hợp kết hợp giáo dục dinh dưỡng và hoạt động thể chất (PA) tiết kiệm chi phí hơn so với cùng cường độ can thiệp đơn lẻ
CASE_0246,100307,mixed,3,7379137,0.6784,0.6784,0,vi,Trường học đã được xác định là cơ sở chính cho các chiến lược y tế công cộng để ngăn ngừa bệnh béo phì ở trẻ em [10]. Nghiên cứu đã chỉ ra rằng các chương trình phòng chống béo phì học đường được thiết kế và thực hiện tốt có hiệu quả trong việc giảm chỉ số khối cơ thể (BMI) và / hoặc phần trăm chất
CASE_0246,100307,mixed,4,1625305,0.6675,0.6675,0,vi,"Chi phí chăm sóc y tế của bệnh béo phì ở Hoa Kỳ là cao. Theo đô la năm 2008, các chi phí này được ước tính là 147 tỷ đô la. 15. Chi phí sản xuất hàng năm trên toàn quốc của việc nghỉ học liên quan đến béo phì do béo phì dao động trong khoảng 3,38 tỷ đô la (79 đô la cho mỗi cá nhân béo phì) đến 6,38"
CASE_0246,100307,mixed,5,2027127,0.6574,0.6574,0,vi,"Béo phì ở trẻ em đi kèm với mức giá ước tính là 19.000 đô la mỗi trẻ khi so sánh chi phí y tế suốt đời với những đứa trẻ có cân nặng bình thường, theo một phân tích do các nhà nghiên cứu tại Viện Y tế toàn cầu Duke và Trường Y khoa Duke-NUS ở Singapore dẫn đầu. ước tính, có tính đến khả năng trẻ em"
CASE_0246,100307,mixed,6,2027132,0.6514,0.6514,0,vi,"5236 CONNECT 974 TWEET 189 LINKEDIN 74 BÌNH LUẬN EMAIL THÊM. Một phân tích mới cho thấy trong suốt cuộc đời, chi phí y tế liên quan đến béo phì ở trẻ em tổng cộng khoảng 19.000 USD / trẻ so với chi phí cho một đứa trẻ có cân nặng bình thường, một phân tích mới cho thấy. Michelle Healy, Hoa Kỳ HÔM NA"
CASE_0246,100307,mixed,7,1774908,0.6512,0.6512,0,vi,"Chi phí chăm sóc y tế của bệnh béo phì ở Hoa Kỳ là cao. Theo đô la năm 2008, các chi phí này được ước tính là 147 tỷ đô la. 15. Chi phí sản xuất hàng năm trên toàn quốc của việc nghỉ học liên quan đến béo phì do béo phì dao động trong khoảng 3,38 tỷ đô la (79 đô la cho mỗi cá nhân béo phì) đến 6,38"
CASE_0246,100307,mixed,8,961094,0.6509,0.6509,0,vi,"Quận, chi phí y tế trực tiếp và gián tiếp của bệnh béo phì ước tính khoảng 3,4 tỷ đô la, và. hút thuốc ở mức 4,3 tỷ đô la hàng năm. Đầu tư khôn ngoan vào chính sách và các chiến lược dựa trên chương trình có thể mang lại những khoản lợi lớn. cho dù được thực hiện trong trường học, công sở, cơ sở chă"
CASE_0246,100307,mixed,9,5057832,0.6496,0.6496,0,vi,"Béo phì ở trẻ em đi kèm với mức giá ước tính là 19.000 USD / trẻ khi so sánh chi phí y tế suốt đời của một đứa trẻ có cân nặng bình thường, theo một phân tích do các nhà nghiên cứu tại Viện Y tế Toàn cầu Duke và Trường Y khoa Duke-NUS ở Singapore dẫn đầu."
CASE_0246,100307,mixed,10,2027129,0.6492,0.6492,0,vi,"Khi nhân với số trẻ em 10 tuổi béo phì ở Hoa Kỳ, chi phí y tế suốt đời cho độ tuổi này đã lên tới khoảng 14 tỷ đô la. Một ước tính thay thế có tính đến khả năng trẻ tăng cân bình thường khi trưởng thành, giảm chi phí xuống còn 12.900 USD cho mỗi trẻ béo phì. trẻ tăng cân khi trưởng thành, giảm chi p"
CASE_0246,1003482,endpoint,1,1094852,0.7477,0.7477,0,vi,Số ABA (còn được gọi là số định tuyến hoặc số chuyển khoản định tuyến) là một chuỗi gồm chín ký tự số được các ngân hàng sử dụng để xác định các tổ chức tài chính cụ thể ở Hoa Kỳ. Số ABA được sử dụng cho các giao dịch chuyển khoản và thanh toán bù trừ tự động điện tử (ACH) chẳng hạn như chuyển tiền
CASE_0246,1003482,endpoint,2,595372,0.7341,0.7341,0,vi,"Số ABA được sử dụng cho các giao dịch chuyển khoản và nhà thanh toán bù trừ tự động điện tử (ACH) như chuyển tiền điện tử, gửi tiền trực tiếp, thanh toán trực tiếp hóa đơn tiêu dùng, séc điện tử và thanh toán thuế, v.v."
CASE_0246,1003482,endpoint,3,1221820,0.7253,0.7253,0,vi,"Số ABA hoặc Số chuyển tuyến ABA là mã số được in trên công cụ chuyển nhượng để sử dụng séc, tạo điều kiện thuận lợi cho việc thanh toán séc giữa các ngân hàng, có thể là trong một chi nhánh hoặc một giao dịch liên ngân hàng. Hệ thống được quản lý bởi chính tổ chức mà từ viết tắt ABA là viết tắt của,"
CASE_0246,1003482,endpoint,4,3804939,0.7144,0.7144,0,vi,"số định tuyến aba là số nhận dạng gồm 9 chữ số được hiệp hội ngân hàng Mỹ chỉ định cho các tổ chức tài chính aba số này xác định tổ chức tài chính mà tại đó một khoản thanh toán được rút ra, các số định tuyến đôi khi được gọi là số định tuyến séc hoặc số chuyển tuyến định tuyến rtn routing các con s"
CASE_0246,1003482,endpoint,5,2664225,0.712,0.712,0,vi,"Điều khoản và Định nghĩa của ACH. Số ABA-Còn được gọi là số định tuyến, số ABA là một số có chín chữ số được các ngân hàng sử dụng để xác định một tổ chức tài chính cụ thể. Số được sử dụng trên séc và các giao dịch ACH để chúng có thể được chuyển qua hệ thống ngân hàng đến tổ chức thích hợp. Doanh n"
CASE_0246,1003482,endpoint,6,7431838,0.7103,0.7103,0,vi,Số định tuyến đôi khi được gọi là aba là một chuỗi gồm chín chữ số được các ngân hàng sử dụng để xác định các khoản bảo hiểm tài chính cụ thể trong số này chứng minh ngân hàng số tài khoản ngân hàng được sử dụng cho [ÃƒÂ ¢ Ã‚â‚¬Ã‚Â ¦]
CASE_0246,1003482,endpoint,7,8408469,0.7065,0.7065,0,vi,"Hiệp hội Ngân hàng Hoa Kỳ. Số Định tuyến ABA là một số gồm chín chữ số xác định tổ chức tài chính được liên kết với tài khoản ngân hàng của khách hàng. Để lấy số định tuyến, hãy nhìn vào góc dưới cùng bên trái của séc hiện tại hoặc phiếu gửi tiền từ ngân hàng. Ngân hàng Aba là gì."
CASE_0246,1003482,endpoint,8,7257370,0.705,0.705,0,vi,Số định tuyến ABA là mã cho các khoản thanh toán điện tử đến và đi từ tài khoản ngân hàng. Tìm hiểu nơi để tìm mã chín chữ số này và cách sử dụng nó. Số định tuyến ABA là mã cho các khoản thanh toán điện tử đến và đi từ tài khoản ngân hàng.
CASE_0246,1003482,endpoint,9,8216150,0.7036,0.7036,0,vi,"Số chuyển tuyến định tuyến quốc tế aba (aba rtn) là một mã chín chữ số, được sử dụng ở các quốc gia thống nhất, khi các phương thức thanh toán mới được phát triển (ach và wire), hệ thống đã được mở rộng để đáp ứng những điều này."
CASE_0246,1003482,endpoint,10,66013,0.6976,0.6976,0,vi,Số định tuyến ABA là một mã gồm chín chữ số xác định các ngân hàng ở United Sates. Mã này giúp các ngân hàng khác chuyển tiền đến và từ tài khoản của bạn cho các giao dịch như gửi tiền trực tiếp và thanh toán hóa đơn tự động.
CASE_0246,1003482,mixed,1,1094852,0.7451,0.7451,0,vi,Số ABA (còn được gọi là số định tuyến hoặc số chuyển khoản định tuyến) là một chuỗi gồm chín ký tự số được các ngân hàng sử dụng để xác định các tổ chức tài chính cụ thể ở Hoa Kỳ. Số ABA được sử dụng cho các giao dịch chuyển khoản và thanh toán bù trừ tự động điện tử (ACH) chẳng hạn như chuyển tiền
CASE_0246,1003482,mixed,2,595372,0.731,0.731,0,vi,"Số ABA được sử dụng cho các giao dịch chuyển khoản và nhà thanh toán bù trừ tự động điện tử (ACH) như chuyển tiền điện tử, gửi tiền trực tiếp, thanh toán trực tiếp hóa đơn tiêu dùng, séc điện tử và thanh toán thuế, v.v."
CASE_0246,1003482,mixed,3,1221820,0.7226,0.7226,0,vi,"Số ABA hoặc Số chuyển tuyến ABA là mã số được in trên công cụ chuyển nhượng để sử dụng séc, tạo điều kiện thuận lợi cho việc thanh toán séc giữa các ngân hàng, có thể là trong một chi nhánh hoặc một giao dịch liên ngân hàng. Hệ thống được quản lý bởi chính tổ chức mà từ viết tắt ABA là viết tắt của,"
CASE_0246,1003482,mixed,4,43743,0.7123,0.7123,0,vi,"Nếu bạn đang sắp xếp lại séc, thiết lập tiền gửi trực tiếp hoặc thanh toán tự động hoặc chuẩn bị chuyển khoản ngân hàng, bạn có thể sẽ được yêu cầu cung cấp số ABA cho tổ chức tài chính của mình. Số ABA đẩy nhanh quá trình xử lý các khoản ghi nợ và tín dụng giữa các tổ chức tài chính."
CASE_0246,1003482,mixed,5,3804939,0.7065,0.7065,0,vi,"số định tuyến aba là số nhận dạng gồm 9 chữ số được hiệp hội ngân hàng Mỹ chỉ định cho các tổ chức tài chính aba số này xác định tổ chức tài chính mà tại đó một khoản thanh toán được rút ra, các số định tuyến đôi khi được gọi là số định tuyến séc hoặc số chuyển tuyến định tuyến rtn routing các con s"
CASE_0246,1003482,mixed,6,2664225,0.7041,0.7041,0,vi,"Điều khoản và Định nghĩa của ACH. Số ABA-Còn được gọi là số định tuyến, số ABA là một số có chín chữ số được các ngân hàng sử dụng để xác định một tổ chức tài chính cụ thể. Số được sử dụng trên séc và các giao dịch ACH để chúng có thể được chuyển qua hệ thống ngân hàng đến tổ chức thích hợp. Doanh n"
CASE_0246,1003482,mixed,7,1773732,0.7032,0.7032,0,vi,"Ví dụ: Bank of America ở Bắc California được chỉ định số 121000358 trong trường hợp có bất kỳ giao dịch séc giấy nào. Còn được gọi là số định tuyến kiểm tra, số ABA. Nếu bạn muốn nhận chuyển khoản tại ngân hàng, bạn nên mang theo số định tuyến aba của mình. Khi cô ấy làm việc cho AAA Manufacturing,"
CASE_0246,1003482,mixed,8,7431838,0.7028,0.7028,0,vi,Số định tuyến đôi khi được gọi là aba là một chuỗi gồm chín chữ số được các ngân hàng sử dụng để xác định các khoản bảo hiểm tài chính cụ thể trong số này chứng minh ngân hàng số tài khoản ngân hàng được sử dụng cho [ÃƒÂ ¢ Ã‚â‚¬Ã‚Â ¦]
CASE_0246,1003482,mixed,9,1773733,0.7021,0.7021,0,vi,Cập nhật ngày 11 tháng 8 năm 2016. Số định tuyến ABA là mã gồm chín chữ số xác định các ngân hàng ở Hoa Kỳ. Mã này giúp các ngân hàng khác chuyển tiền đến và từ tài khoản của bạn cho các giao dịch như gửi tiền trực tiếp và thanh toán hóa đơn tự động.
CASE_0246,1003482,mixed,10,8408469,0.7016,0.7016,0,vi,"Hiệp hội Ngân hàng Hoa Kỳ. Số Định tuyến ABA là một số gồm chín chữ số xác định tổ chức tài chính được liên kết với tài khoản ngân hàng của khách hàng. Để lấy số định tuyến, hãy nhìn vào góc dưới cùng bên trái của séc hiện tại hoặc phiếu gửi tiền từ ngân hàng. Ngân hàng Aba là gì."
CASE_0246,1003603,endpoint,1,7257117,0.7793,0.7793,0,vi,Hành khách đi máy bay sẽ cần có giấy phép lái xe an toàn hơn được gọi là ID thực để nhận dạng tại các sân bay bắt đầu từ ngày 22 tháng 1 năm 2018. Hành khách đi máy bay sẽ cần người lái xe an toàn hơnÃƒÂ ¢ Ã‚â‚¬Ã‚â Giấy phép của „được gọi là ID thực để nhận dạng tại các sân bay bắt đầu từ ngày 22 th
CASE_0246,1003603,endpoint,2,7257118,0.7688,0.7688,0,vi,"Bộ An ninh Nội địa đặt thời hạn đi lại bằng ID thực cho năm 2018. WASHINGTON ÃƒÂ ¢ Ã‚â‚¬Ã‚â € Hành khách hàng không sẽ cần giấy phép lái xe an toàn hơn gọi là Real ID bắt đầu từ ngày 22 tháng 1 năm Năm 2018, nếu họ muốn sử dụng chúng làm giấy tờ tùy thân tại các trạm kiểm soát sân bay, Bộ An ninh Nộ"
CASE_0246,1003603,endpoint,3,4784139,0.7325,0.7325,0,vi,"Bắt đầu từ ngày 1 tháng 10 năm 2020, mọi khách du lịch hàng không sẽ phải xuất trình giấy phép phù hợp với REAL ID hoặc một hình thức nhận dạng được chấp nhận khác để đi lại bằng đường hàng không nội địa. Giấy phép tuân thủ REAL ID là giấy phép đáp ứng và được cấp bởi một tiểu bang tuân thủ các tiêu"
CASE_0246,1003603,endpoint,4,4871088,0.7306,0.7306,0,vi,"Hành khách người lớn từ 18 tuổi trở lên phải xuất trình giấy tờ tùy thân hợp lệ tại điểm kiểm tra của sân bay để đi du lịch. Yêu cầu ID tại trạm kiểm soát sẽ thay đổi bắt đầu từ ngày 22 tháng 1 năm 2018. Tìm hiểu về REAL ID, đọc Câu hỏi thường gặp hoặc bảng thông tin. Giấy phép vũ khí không phải là"
CASE_0246,1003603,endpoint,5,4784138,0.7279,0.7279,0,vi,"Hành khách người lớn từ 18 tuổi trở lên phải xuất trình giấy tờ tùy thân hợp lệ tại điểm kiểm tra của sân bay để đi du lịch. Yêu cầu ID tại trạm kiểm soát sẽ thay đổi bắt đầu từ ngày 22 tháng 1 năm 2018. Tìm hiểu về REAL ID, đọc Câu hỏi thường gặp hoặc bảng thông tin. Giấy phép vũ khí không phải là"
CASE_0246,1003603,endpoint,6,6523750,0.7264,0.7264,0,vi,"Giấy phép tạm thời, ảnh từ Cyber ​​Drive Illinois. Giấy phép tạm thời, ảnh từ Cyber ​​Drive Illinois. Giữa sự nhầm lẫn về ID nào hợp lệ để đi lại, Bộ An ninh Nội địa cho biết sẽ không có thay đổi nào bắt đầu tại các sân bay của Hoa Kỳ cho đến ngày 22 tháng 1 năm 2018. Đạo luật REAL ID yêu cầu bằng c"
CASE_0246,1003603,endpoint,7,5106472,0.7263,0.7263,0,vi,"Bắt đầu từ ngày 1 tháng 10 năm 2020, mọi khách du lịch hàng không sẽ phải xuất trình giấy phép phù hợp với REAL ID hoặc một hình thức nhận dạng được chấp nhận khác để đi lại bằng đường hàng không nội địa. Giấy phép tuân thủ REAL ID là giấy phép đáp ứng và được cấp bởi một tiểu bang tuân thủ các tiêu"
CASE_0246,1003603,endpoint,8,7005986,0.7263,0.7263,0,vi,"TSA Công bố Thông tin về Thực thi REAL ID và Yêu cầu tại An ninh Sân bay. Cơ quan Quản lý An toàn Vận tải (TSA) đã công bố thông tin công khai về việc thực thi Đạo luật REAL ID và các yêu cầu về ID tại các điểm kiểm tra an ninh sân bay. Bắt đầu từ ngày 22 tháng 1 năm 2018, giấy phép lái xe hoặc ID t"
CASE_0246,1003603,endpoint,9,879131,0.7233,0.7233,0,vi,"ÃƒÂ ¢ Ã‚â‚¬Ã‚Â ¢ Vào năm 2020, mọi khách du lịch hàng không sẽ cần có giấy phép hoặc ID tuân thủ REAL ID hoặc khách du lịch sẽ cần xuất trình một mẫu giấy tờ tùy thân khác được chấp nhận để đi máy bay. ÃƒÂ ¢ Ã‚â‚¬Ã‚Â ¢ RMV Massachusetts dự kiến ​​có thể bắt đầu phát hành REAL ID vào mùa thu năm 2017"
CASE_0246,1003603,endpoint,10,8069335,0.7216,0.7216,0,vi,"Bắt đầu từ ngày 22 tháng 1 năm 2018, hành khách có bằng lái xe do một tiểu bang cấp vẫn không tuân thủ Đạo luật REAL ID (và chưa được gia hạn) sẽ phải xuất trình một hình thức nhận dạng thay thế được chấp nhận để đi máy bay nội địa. chuyen bay cua họ."
CASE_0246,1003603,mixed,1,7257118,0.7697,0.7697,0,vi,"Bộ An ninh Nội địa đặt thời hạn đi lại bằng ID thực cho năm 2018. WASHINGTON ÃƒÂ ¢ Ã‚â‚¬Ã‚â € Hành khách hàng không sẽ cần giấy phép lái xe an toàn hơn gọi là Real ID bắt đầu từ ngày 22 tháng 1 năm Năm 2018, nếu họ muốn sử dụng chúng làm giấy tờ tùy thân tại các trạm kiểm soát sân bay, Bộ An ninh Nộ"
CASE_0246,1003603,mixed,2,7257117,0.7688,0.7688,0,vi,Hành khách đi máy bay sẽ cần có giấy phép lái xe an toàn hơn được gọi là ID thực để nhận dạng tại các sân bay bắt đầu từ ngày 22 tháng 1 năm 2018. Hành khách đi máy bay sẽ cần người lái xe an toàn hơnÃƒÂ ¢ Ã‚â‚¬Ã‚â Giấy phép của „được gọi là ID thực để nhận dạng tại các sân bay bắt đầu từ ngày 22 th
CASE_0246,1003603,mixed,3,4784139,0.7365,0.7365,0,vi,"Bắt đầu từ ngày 1 tháng 10 năm 2020, mọi khách du lịch hàng không sẽ phải xuất trình giấy phép phù hợp với REAL ID hoặc một hình thức nhận dạng được chấp nhận khác để đi lại bằng đường hàng không nội địa. Giấy phép tuân thủ REAL ID là giấy phép đáp ứng và được cấp bởi một tiểu bang tuân thủ các tiêu"
CASE_0246,1003603,mixed,4,7005986,0.7328,0.7328,0,vi,"TSA Công bố Thông tin về Thực thi REAL ID và Yêu cầu tại An ninh Sân bay. Cơ quan Quản lý An toàn Vận tải (TSA) đã công bố thông tin công khai về việc thực thi Đạo luật REAL ID và các yêu cầu về ID tại các điểm kiểm tra an ninh sân bay. Bắt đầu từ ngày 22 tháng 1 năm 2018, giấy phép lái xe hoặc ID t"
CASE_0246,1003603,mixed,5,5106472,0.7306,0.7306,0,vi,"Bắt đầu từ ngày 1 tháng 10 năm 2020, mọi khách du lịch hàng không sẽ phải xuất trình giấy phép phù hợp với REAL ID hoặc một hình thức nhận dạng được chấp nhận khác để đi lại bằng đường hàng không nội địa. Giấy phép tuân thủ REAL ID là giấy phép đáp ứng và được cấp bởi một tiểu bang tuân thủ các tiêu"
CASE_0246,1003603,mixed,6,6523750,0.7296,0.7296,0,vi,"Giấy phép tạm thời, ảnh từ Cyber ​​Drive Illinois. Giấy phép tạm thời, ảnh từ Cyber ​​Drive Illinois. Giữa sự nhầm lẫn về ID nào hợp lệ để đi lại, Bộ An ninh Nội địa cho biết sẽ không có thay đổi nào bắt đầu tại các sân bay của Hoa Kỳ cho đến ngày 22 tháng 1 năm 2018. Đạo luật REAL ID yêu cầu bằng c"
CASE_0246,1003603,mixed,7,879131,0.7247,0.7247,0,vi,"ÃƒÂ ¢ Ã‚â‚¬Ã‚Â ¢ Vào năm 2020, mọi khách du lịch hàng không sẽ cần có giấy phép hoặc ID tuân thủ REAL ID hoặc khách du lịch sẽ cần xuất trình một mẫu giấy tờ tùy thân khác được chấp nhận để đi máy bay. ÃƒÂ ¢ Ã‚â‚¬Ã‚Â ¢ RMV Massachusetts dự kiến ​​có thể bắt đầu phát hành REAL ID vào mùa thu năm 2017"
CASE_0246,1003603,mixed,8,4871088,0.7229,0.7229,0,vi,"Hành khách người lớn từ 18 tuổi trở lên phải xuất trình giấy tờ tùy thân hợp lệ tại điểm kiểm tra của sân bay để đi du lịch. Yêu cầu ID tại trạm kiểm soát sẽ thay đổi bắt đầu từ ngày 22 tháng 1 năm 2018. Tìm hiểu về REAL ID, đọc Câu hỏi thường gặp hoặc bảng thông tin. Giấy phép vũ khí không phải là"
CASE_0246,1003603,mixed,9,8069335,0.7221,0.7221,0,vi,"Bắt đầu từ ngày 22 tháng 1 năm 2018, hành khách có bằng lái xe do một tiểu bang cấp vẫn không tuân thủ Đạo luật REAL ID (và chưa được gia hạn) sẽ phải xuất trình một hình thức nhận dạng thay thế được chấp nhận để đi máy bay nội địa. chuyen bay cua họ."
CASE_0246,1003603,mixed,10,4784138,0.7195,0.7195,0,vi,"Hành khách người lớn từ 18 tuổi trở lên phải xuất trình giấy tờ tùy thân hợp lệ tại điểm kiểm tra của sân bay để đi du lịch. Yêu cầu ID tại trạm kiểm soát sẽ thay đổi bắt đầu từ ngày 22 tháng 1 năm 2018. Tìm hiểu về REAL ID, đọc Câu hỏi thường gặp hoặc bảng thông tin. Giấy phép vũ khí không phải là"
CASE_0246,1003875,endpoint,1,8452418,0.6018,0.6018,0,vi,"Tắc kè Địa Trung Hải là một loài tương đối nhỏ, 4 - 5 in (10 - 13 cm), đã trở nên phổ biến ở một số khu vực của Hoa Kỳ. Không giống như bất kỳ loài thằn lằn bản địa nào, tắc kè có ngón chân dính chặt, đồng tử thẳng đứng và đôi mắt to của chúng không có mí mắt."
CASE_0246,1003875,endpoint,2,7825370,0.5955,0.5955,0,vi,"Sự miêu tả. Tắc kè Địa Trung Hải là một loài tương đối nhỏ, 4 - 5 in (10 - 13 cm), đã trở nên phổ biến ở một số khu vực của Hoa Kỳ. Không giống như bất kỳ loài thằn lằn bản địa nào, tắc kè có ngón chân dính chặt, đồng tử thẳng đứng và đôi mắt to của chúng không có mí mắt."
CASE_0246,1003875,endpoint,3,7825374,0.5903,0.5903,0,vi,Tình trạng và Phân bố của Tắc kè Địa Trung Hải (Hemidactylus turcicus) ở Virginia. Tắc kè Địa Trung Hải (Hemidactylus turcicus) có nguồn gốc từ khu vực Địa Trung Hải nhưng được đưa vào Danh sách kiểm tra các loài được giới thiệu ở Bắc Mỹ (.) Vì khả năng phát tán qua trung gian của con người. Nó được
CASE_0246,1003875,endpoint,4,8686524,0.5879,0.5879,0,vi,"Phát tán khắp thế giới bằng tàu bè, những con tắc kè này hiện phổ biến ở Nam sâu của Hoa Kỳ, phần lớn của vùng nhiệt đới và cận nhiệt đới Úc, và nhiều quốc gia khác ở Nam và Trung Mỹ, Châu Phi, Nam Á và Trung Đông. .ouse tắc kè có thể được nuôi làm thú cưng trong bể nuôi với chất nền sạch, và thường"
CASE_0246,1003875,endpoint,5,6036774,0.5797,0.5797,0,vi,"Tắc kè Địa Trung Hải (Hemidactylus turcicus) - Đã giới thiệu. Mô tả: 4 - 5 in (10 - 13 cm). Không giống như bất kỳ loài thằn lằn bản địa nào, tắc kè có ngón chân dính chặt, đồng tử thẳng đứng và đôi mắt to của chúng không có mí mắt. Tắc kè Thái Bình Dương nói chung có màu xám nhạt hoặc gần như màu t"
CASE_0246,1003875,endpoint,6,424766,0.5731,0.5731,0,vi,"Loài lớn nhất, kawekaweau, chỉ được biết đến từ một mẫu vật nhồi bông duy nhất được tìm thấy trong tầng hầm của một bảo tàng ở Marseille, Pháp. Con tắc kè này dài 60 cm (24 in) và có khả năng là loài đặc hữu của New Zealand, nơi nó sống trong các khu rừng bản địa. Con tắc kè nhỏ nhất, loài Jaragua s"
CASE_0246,1003875,endpoint,7,5568008,0.565,0.565,0,vi,"Thảo luận trong 'The Lizard Lounge' bắt đầu bởi farkasjk14, ngày 18 tháng 7 năm 2013. farkasjk14 Thành viên mới. Tôi chỉ muốn đăng một đoạn giới thiệu nhỏ về Petmart. Tôi đã mua một con tắc kè hoa che kín mặt vào tuần trước tại Petmart. Tôi đã mong muốn có một con tắc kè hoa trong 2 năm qua, và cuối"
CASE_0246,1003875,endpoint,8,6335306,0.563,0.563,0,vi,"A-Những con tắc kè mà bạn có là một loài du nhập, có thể là tắc kè Địa Trung Hải, đã trở thành một cư dân lâu đời và phát triển mạnh ở nhiều thành phố Florida cũng như một số khu vực thời tiết ấm áp ở những nơi khác."
CASE_0246,1003875,endpoint,9,970278,0.562,0.562,0,vi,tắc kè là một loài thằn lằn vừa và nhỏ được tìm thấy ở các khu vực ôn đới và nhiệt đới hơn trên thế giới. vùng
CASE_0246,1003875,endpoint,10,1302300,0.5601,0.5601,0,vi,"Nhà chung tắc kè. Tắc kè nhà thông thường (Hemidactylus frenatus) (không nên nhầm lẫn với loài Hemidactylus turcicus Địa Trung Hải được gọi là tắc kè nhà Địa Trung Hải), là loài bản địa ở Đông Nam Á. Nó còn được gọi là tắc kè nhà Thái Bình Dương, tắc kè nhà châu Á, thằn lằn nhà, hoặc thằn lằn mặt tr"
CASE_0246,1003875,mixed,1,7825374,0.6174,0.6174,0,vi,Tình trạng và Phân bố của Tắc kè Địa Trung Hải (Hemidactylus turcicus) ở Virginia. Tắc kè Địa Trung Hải (Hemidactylus turcicus) có nguồn gốc từ khu vực Địa Trung Hải nhưng được đưa vào Danh sách kiểm tra các loài được giới thiệu ở Bắc Mỹ (.) Vì khả năng phát tán qua trung gian của con người. Nó được
CASE_0246,1003875,mixed,2,1535378,0.6077,0.6077,0,vi,"Con Gecko trong quảng cáo Geico được đặt tên là Martin theo tên của Cơ quan Martin ở Richmond, VA. Trong khi thường bị nhầm với tiếng Úc, giọng của tắc kè GEICO là tiếng Anh. Chính xác hơn là vùng đông nam nước Anh, xung quanh London. Xem liên kết bên dưới để biết thêm về tiểu sử."
CASE_0246,1003875,mixed,3,1629376,0.5873,0.5873,0,vi,"Con Gecko trong quảng cáo Geico được đặt tên là Martin theo tên của Cơ quan Martin ở Richmond, VA. Trong khi thường bị nhầm với tiếng Úc, giọng của tắc kè GEICO là tiếng Anh."
CASE_0246,1003875,mixed,4,3662640,0.5802,0.5802,0,vi,"Con Gecko trong quảng cáo Geico được đặt tên là Martin theo tên của Cơ quan Martin ở Richmond, VA. Trong khi thường bị nhầm với tiếng Úc, giọng của tắc kè GEICO là tiếng Anh. Thêm p ÃƒÂ ¢ Ã‚â‚¬Ã‚Â¦ một cách chính xác, miền đông nam nước Anh, xung quanh London. Xem liên kết bên dưới để biết thêm về t"
CASE_0246,1003875,mixed,5,3662642,0.5722,0.5722,0,vi,"Ý tưởng về Gecko nảy sinh từ một buổi sáng tạo tại đại lý quảng cáo của GEICO, Martin Agency ở Richmond, Virginia. Cái tên GEICO thường bị phát âm sai là Gecko, và khi quá trình động não bắt đầu, một bức vẽ nguệch ngoạc nhanh chóng về một con tắc kè xuất hiện."
CASE_0246,1003875,mixed,6,3665309,0.5658,0.5658,0,vi,"Cá orca Đông Bắc Thái Bình Dương đầu tiên, Wanda, bị bắt vào tháng 11 năm 1961 bởi một nhóm thu thập từ Marineland của Thái Bình Dương, và trong 15 năm tiếp theo, khoảng 60 hoặc 70 con Cá voi sát thủ đã được đưa từ vùng biển Thái Bình Dương cho mục đích này. được trưng bày ở phương Tây (Mỹ, Canada,"
CASE_0246,1003875,mixed,7,8686524,0.5628,0.5628,0,vi,"Phát tán khắp thế giới bằng tàu bè, những con tắc kè này hiện phổ biến ở Nam sâu của Hoa Kỳ, phần lớn của vùng nhiệt đới và cận nhiệt đới Úc, và nhiều quốc gia khác ở Nam và Trung Mỹ, Châu Phi, Nam Á và Trung Đông. .ouse tắc kè có thể được nuôi làm thú cưng trong bể nuôi với chất nền sạch, và thường"
CASE_0246,1003875,mixed,8,8317537,0.5615,0.5615,0,vi,"Dryopithecus là một chi vượn người được biết đến từ Đông Phi đến Âu-Á vào cuối thời kỳ Miocen. Loài Dryopithecus đầu tiên được phát hiện tại địa điểm Saint-Gaudens, Haute-Garonne, Pháp, vào năm 1856. [1] Các loài Dryopithecids khác đã được tìm thấy ở Hungary, [2] Tây Ban Nha, [3] và Trung Quốc. [4]"
CASE_0246,1003875,mixed,9,996447,0.5599,0.5599,0,vi,"Được đặt theo tên tỉnh Ancona ở Ý, các mẫu vật của giống chó Địa Trung Hải này đã được nhập khẩu vào Anh vào năm 1851, đầu tiên là mẫu duy nhất sau đó là lược hoa hồng. Tranh cãi xoay quanh quan điểm rằng Anconas giống với Leghorn đốm ban đầu và do đó, là một thành viên của gia đình Leghorn."
CASE_0246,1003875,mixed,10,2223214,0.5545,0.5545,0,vi,"Theo các chuyên gia của UF, các loài lưỡng cư Nam và Trung Mỹ lần đầu tiên xuất hiện trong tự nhiên sau khi 100 con trong số chúng vô tình trốn thoát khỏi một cơ sở buôn bán vật nuôi tại sân bay Miami vào năm 1955. Chúng săn mồi đối với mọi loại ếch hoặc cóc bản địa ở Florida và cũng được biết là să"
CASE_0246,1004322,endpoint,1,2556748,0.7481,0.7481,0,vi,"Thai kỳ. Điều này dẫn đến những thay đổi năng động nhất về kích thước tử cung. Khi thai kỳ phát triển ngoài 12 tuần, tử cung bắt đầu nhô lên khỏi khung chậu. Ở tuần thứ 20, phần đáy hay còn gọi là đỉnh của tử cung được sờ thấy ngang với rốn."
CASE_0246,1004322,endpoint,2,2462070,0.7314,0.7314,0,vi,"Tử cung có kích thước lớn nhất trong các cơ quan sinh sản của phụ nữ, là nơi làm tổ của trứng đã thụ tinh và là nơi cuối cùng thai nhi phát triển để trưởng thành. Kích thước của tử cung sẽ dao động dựa trên nhiều yếu tố như tuổi tác và nồng độ hormone. Thời kỳ mang thai. Điều này dẫn đến những thay"
CASE_0246,1004322,endpoint,3,6241481,0.7182,0.7182,0,vi,"Vào khoảng năm tháng (20-22 tuần), đỉnh của tử cung thường ở ngay nút bụng của mẹ (rốn hoặc rốn). Vào khoảng tám đến chín tháng (36-40 tuần), đỉnh của tử cung gần như lên đến đáy của xương sườn của mẹ. Em bé có thể tụt xuống thấp hơn vào những tuần ngay trước khi sinh. tử cung là. Dấu hiệu khỏe mạnh"
CASE_0246,1004322,endpoint,4,5381650,0.7173,0.7173,0,vi,"Vào cuối thai kỳ, tử cung đã mở rộng từ khung xương chậu của phụ nữ đến đáy khung xương sườn của cô ấy. Các triệu chứng mang thai tháng thứ 10 phần lớn phụ thuộc vào thời điểm thai nhi tụt xuống phần dưới của tử cung trong khung chậu."
CASE_0246,1004322,endpoint,5,7918883,0.7104,0.7104,0,vi,"Tử cung của bạn phát triển cùng với thai nhi và vào tuần thứ 10 của thai kỳ, nó có thể sẽ sưng to bằng quả bưởi. Khi bạn đạt đến mốc 12 tuần, tử cung của bạn có thể đã phát triển và nhô ra ngoài khung bảo vệ của khung chậu, nhưng bạn vẫn có thể không mang thai rõ ràng."
CASE_0246,1004322,endpoint,6,5774737,0.7084,0.7084,0,vi,"Câu trả lời nhanh. Theo Baby Center, tử cung trở lại kích thước và hình dạng trước khi mang thai vào khoảng 4 tuần sau khi phụ nữ sinh con. Ngay cả sau khi tử cung trở lại kích thước bình thường, bụng của người phụ nữ có thể nhô ra một chút do cơ bụng đã căng ra khi mang thai."
CASE_0246,1004322,endpoint,7,6891379,0.7015,0.7015,0,vi,"Bình thường, tử cung của bạn có kích thước bằng một quả chanh. Vào tuần 14 đến 17 của thai kỳ, nó có kích thước bằng một quả dưa nhỏ và nhô lên trên khoang xương chậu, khiến nó có thể nhìn thấy trên vòng eo của bạn. Tại thời điểm này, bạn có thể cần phải mua sắm quần áo bà bầu nếu bạn chưa làm như v"
CASE_0246,1004322,endpoint,8,3053814,0.7008,0.7008,0,vi,"Có rất nhiều thay đổi xảy ra khi mang thai. Như đã đề cập, tử cung phát triển bên ngoài khung chậu khi em bé phát triển. Bạn sẽ có thể cảm thấy cơ bụng của mình khi mới mang thai được 12 tuần và đến khi bạn được 24 tuần, cơ tử cung của bạn sẽ bắt đầu căng lên."
CASE_0246,1004322,endpoint,9,2635050,0.7007,0.7007,0,vi,"Trước khi mang thai, tử cung có kích thước bằng một quả cam và nằm sâu trong khung xương chậu. Khi mang thai khoảng 12 tuần, tử cung có kích thước bằng một quả bưởi và bắt đầu lớn dần ra khỏi khung xương chậu của bạn, nhưng vẫn nằm gọn trong đó."
CASE_0246,1004322,endpoint,10,5662281,0.7006,0.7006,0,vi,"Khi mang thai, vị trí cổ tử cung của bạn sẽ thay đổi, nhưng điều này xảy ra vào những thời điểm khác nhau đối với những phụ nữ khác nhau. Cổ tử cung tăng lên một chút và trở nên mềm hơn sớm nhất là vào ngày thứ 12 sau khi rụng trứng hoặc muộn hơn một chút, khi que thử thai tại nhà của bạn cho kết qu"
CASE_0246,1004322,mixed,1,2556748,0.745,0.745,0,vi,"Thai kỳ. Điều này dẫn đến những thay đổi năng động nhất về kích thước tử cung. Khi thai kỳ phát triển ngoài 12 tuần, tử cung bắt đầu nhô lên khỏi khung chậu. Ở tuần thứ 20, phần đáy hay còn gọi là đỉnh của tử cung được sờ thấy ngang với rốn."
CASE_0246,1004322,mixed,2,6241481,0.7352,0.7352,0,vi,"Vào khoảng năm tháng (20-22 tuần), đỉnh của tử cung thường ở ngay nút bụng của mẹ (rốn hoặc rốn). Vào khoảng tám đến chín tháng (36-40 tuần), đỉnh của tử cung gần như lên đến đáy của xương sườn của mẹ. Em bé có thể tụt xuống thấp hơn vào những tuần ngay trước khi sinh. tử cung là. Dấu hiệu khỏe mạnh"
CASE_0246,1004322,mixed,3,2462070,0.7171,0.7171,0,vi,"Tử cung có kích thước lớn nhất trong các cơ quan sinh sản của phụ nữ, là nơi làm tổ của trứng đã thụ tinh và là nơi cuối cùng thai nhi phát triển để trưởng thành. Kích thước của tử cung sẽ dao động dựa trên nhiều yếu tố như tuổi tác và nồng độ hormone. Thời kỳ mang thai. Điều này dẫn đến những thay"
CASE_0246,1004322,mixed,4,5774737,0.717,0.717,0,vi,"Câu trả lời nhanh. Theo Baby Center, tử cung trở lại kích thước và hình dạng trước khi mang thai vào khoảng 4 tuần sau khi phụ nữ sinh con. Ngay cả sau khi tử cung trở lại kích thước bình thường, bụng của người phụ nữ có thể nhô ra một chút do cơ bụng đã căng ra khi mang thai."
CASE_0246,1004322,mixed,5,3053814,0.7152,0.7152,0,vi,"Có rất nhiều thay đổi xảy ra khi mang thai. Như đã đề cập, tử cung phát triển bên ngoài khung chậu khi em bé phát triển. Bạn sẽ có thể cảm thấy cơ bụng của mình khi mới mang thai được 12 tuần và đến khi bạn được 24 tuần, cơ tử cung của bạn sẽ bắt đầu căng lên."
CASE_0246,1004322,mixed,6,4040542,0.7117,0.7117,0,vi,"Khi đo tử cung, bạn kiểm tra xem đỉnh của tử cung nằm ở đâu. Dấu hiệu khỏe mạnh. 1 Chiều cao của tử cung phù hợp với tuổi thai của thai nhi, tức là số tuần hoặc tháng của thai kỳ (tuổi thai). 2 Đỉnh của tử cung tăng lên trong bụng của mẹ bầu khoảng hai ngón tay, hoặc 4 cm mỗi tháng. Khoảng tám đến c"
CASE_0246,1004322,mixed,7,5779585,0.7079,0.7079,0,vi,"Trả lời: Bắt đầu từ tuần thứ 12 đến tuần thứ 14 của thai kỳ, nhiều bác sĩ và nữ hộ sinh thực hiện đo chiều cao cơ bản ở mỗi lần khám trước khi sinh để theo dõi sự phát triển của thai nhi. của xương chậu (syhysis pubis) đến đỉnh tử cung (fundus): Bắt đầu từ tuần thứ 12 đến tuần thứ 14 của thai kỳ, nh"
CASE_0246,1004322,mixed,8,2485718,0.7054,0.7054,0,vi,"Kích thước của tử cung. Vào khoảng tuần thứ 12 của thai kỳ, có thể sờ thấy đỉnh của tử cung (đáy tử cung) phía trên vành chậu. Ở tuần thứ 20, quỹ sẽ cao bằng rốn (rốn) của bạn."
CASE_0246,1004322,mixed,9,7918883,0.7053,0.7053,0,vi,"Tử cung của bạn phát triển cùng với thai nhi và vào tuần thứ 10 của thai kỳ, nó có thể sẽ sưng to bằng quả bưởi. Khi bạn đạt đến mốc 12 tuần, tử cung của bạn có thể đã phát triển và nhô ra ngoài khung bảo vệ của khung chậu, nhưng bạn vẫn có thể không mang thai rõ ràng."
CASE_0246,1004322,mixed,10,7255116,0.7049,0.7049,0,vi,"Câu trả lời hay nhất: Tôi nghĩ rằng em bé di chuyển trên vùng xương chậu từ khoảng 12 tuần, nó chạm đến mức rốn của bạn vào tuần thứ 20. Tử cung của bạn bắt đầu đi lên từ phía sau xương mu vào khoảng 14/12 tuần - tử cung di chuyển đến vùng bụng của bạn nhưng không di chuyển đến dạ dày của bạn."
CASE_0246,1004949,endpoint,1,7256201,0.7127,0.7127,0,vi,"Thứ Ba ngày 8 tháng 8 năm 2017. Disney sẽ ra mắt dịch vụ phát trực tuyến ESPN của riêng mình bắt đầu từ năm 2018, công ty truyền thông đã thông báo về cuộc gọi thu nhập gần đây nhất của mình. Có vẻ như dịch vụ phát trực tuyến độc quyền sẽ cho phép người tiêu dùng trả tiền cho nội dung của ESPN mà kh"
CASE_0246,1004949,endpoint,2,7256200,0.7065,0.7065,0,vi,"Disney để kéo phim từ Netflix, ra mắt dịch vụ phát trực tuyến của riêng mình. bởi Adam Chitwood ngày 8 tháng 8 năm 2017. Chà điều đó đã không tồn tại lâu. Trở lại năm 2012, Disney đã ký một hợp đồng khá lớn với Netflix để cung cấp các bản phát hành mới độc quyền cho dịch vụ phát trực tuyến."
CASE_0246,1004949,endpoint,3,7256206,0.6951,0.6951,0,vi,"Xin lỗi, Netflix. Disney đang tung ra dịch vụ phát trực tuyến của riêng mình. Dịch vụ này dự kiến ​​ra mắt vào năm 2019. Với các dịch vụ phát trực tuyến mới đang hoạt động, Disney đang cố gắng thiết lập cho mình một tương lai mà phần lớn được Netflix định hình: Cung cấp nội dung bạn muốn xem, khi bạ"
CASE_0246,1004949,endpoint,4,5655234,0.6847,0.6847,0,vi,"Disney Channel (ban đầu là The Disney Channel từ 1983 đến 1997) là một mạng truyền hình cáp và vệ tinh cơ bản của Mỹ, đóng vai trò là tài sản hàng đầu của chủ sở hữu Disney Channels Worldwide, một đơn vị của DisneyÃƒÂ ¢ Ã‚â‚¬Ã‚â € œABC Group, bản thân là một đơn vị của bộ phận Disney Media Networks"
CASE_0246,1004949,endpoint,5,7421278,0.6778,0.6778,0,vi,"Ngày 1 tháng 4 năm 1998. Ngày 18 tháng 4 năm 1983. Disney Channel ra mắt tại Hoa Kỳ dưới dạng dịch vụ trả phí / trả phí, phát sóng 16 giờ mỗi ngày. Tháng 9 năm 1983. Disney Channel có sẵn trên hệ thống cáp ở tất cả 50 tiểu bang của Hoa Kỳ. Tháng 10 năm 1983. Bộ phim truyền hình đầu tiên dành cho Dis"
CASE_0246,1004949,endpoint,6,3805913,0.6762,0.6762,0,vi,"Khiếu nại: Toàn bộ bộ sưu tập phim của Disney sẽ có sẵn để xem qua Netflix bắt đầu từ tháng 9 năm 2016. SAI LẦM NHẤT. SỰ THẬT LÀ GÌ: Bắt đầu từ tháng 9 năm 2016, Netflix sẽ là cửa hàng truyền hình trả tiền độc quyền tại Hoa Kỳ cho các bộ phim Disney mới. SAI LẦM: Netflix sẽ không phát trực tuyến toà"
CASE_0246,1004949,endpoint,7,878249,0.6737,0.6737,0,vi,"Khiếu nại: Toàn bộ bộ sưu tập phim của Disney sẽ có sẵn để xem qua Netflix bắt đầu từ tháng 9 năm 2016. SAI LẦM NHẤT. SỰ THẬT LÀ GÌ: Bắt đầu từ tháng 9 năm 2016, Netflix sẽ là cửa hàng truyền hình trả tiền độc quyền tại Hoa Kỳ cho các bộ phim Disney mới. SAI LẦM: Netflix sẽ không phát trực tuyến toà"
CASE_0246,1004949,endpoint,8,4814414,0.6719,0.6719,0,vi,"Kênh Disney. Disney Channel ra mắt vào ngày 18 tháng 4 năm 1983 với tư cách là một kênh truyền hình cáp cao cấp; logo chính ban đầu của nó, được sử dụng cho đến năm 1997, có màn hình TV tròn với các đường ngang và hình bóng tai chuột Mickey."
CASE_0246,1004949,endpoint,9,7256207,0.6711,0.6711,0,vi,Disney sẽ tung ra dịch vụ video đăng ký theo phong cách Netflix không có quảng cáo vào năm 2019. Thông báo được đưa ra vào ngày hôm qua bởi giám đốc điều hành Disney Bob Iger trong một cuộc gọi của nhà đầu tư. Dịch vụ chưa có tên này có thể thực hiện được khi hợp đồng phát trực tuyến ba năm của Disn
CASE_0246,1004949,endpoint,10,3805912,0.6614,0.6614,0,vi,"Tuyên bố: Toàn bộ bộ sưu tập phim Disney sẽ có sẵn để xem qua Netflix bắt đầu từ tháng 9 năm 2016. SỰ THẬT LÀ GÌ: Bắt đầu từ tháng 9 năm 2016, Netflix sẽ là cửa hàng truyền hình trả tiền độc quyền tại Hoa Kỳ cho các bộ phim mới của Disney."
CASE_0246,1004949,mixed,1,7256206,0.7155,0.7155,0,vi,"Xin lỗi, Netflix. Disney đang tung ra dịch vụ phát trực tuyến của riêng mình. Dịch vụ này dự kiến ​​ra mắt vào năm 2019. Với các dịch vụ phát trực tuyến mới đang hoạt động, Disney đang cố gắng thiết lập cho mình một tương lai mà phần lớn được Netflix định hình: Cung cấp nội dung bạn muốn xem, khi bạ"
CASE_0246,1004949,mixed,2,7256201,0.713,0.713,0,vi,"Thứ Ba ngày 8 tháng 8 năm 2017. Disney sẽ ra mắt dịch vụ phát trực tuyến ESPN của riêng mình bắt đầu từ năm 2018, công ty truyền thông đã thông báo về cuộc gọi thu nhập gần đây nhất của mình. Có vẻ như dịch vụ phát trực tuyến độc quyền sẽ cho phép người tiêu dùng trả tiền cho nội dung của ESPN mà kh"
CASE_0246,1004949,mixed,3,7256200,0.7095,0.7095,0,vi,"Disney để kéo phim từ Netflix, ra mắt dịch vụ phát trực tuyến của riêng mình. bởi Adam Chitwood ngày 8 tháng 8 năm 2017. Chà điều đó đã không tồn tại lâu. Trở lại năm 2012, Disney đã ký một hợp đồng khá lớn với Netflix để cung cấp các bản phát hành mới độc quyền cho dịch vụ phát trực tuyến."
CASE_0246,1004949,mixed,4,3805913,0.6995,0.6995,0,vi,"Khiếu nại: Toàn bộ bộ sưu tập phim của Disney sẽ có sẵn để xem qua Netflix bắt đầu từ tháng 9 năm 2016. SAI LẦM NHẤT. SỰ THẬT LÀ GÌ: Bắt đầu từ tháng 9 năm 2016, Netflix sẽ là cửa hàng truyền hình trả tiền độc quyền tại Hoa Kỳ cho các bộ phim Disney mới. SAI LẦM: Netflix sẽ không phát trực tuyến toà"
CASE_0246,1004949,mixed,5,7256207,0.698,0.698,0,vi,Disney sẽ tung ra dịch vụ video đăng ký theo phong cách Netflix không có quảng cáo vào năm 2019. Thông báo được đưa ra vào ngày hôm qua bởi giám đốc điều hành Disney Bob Iger trong một cuộc gọi của nhà đầu tư. Dịch vụ chưa có tên này có thể thực hiện được khi hợp đồng phát trực tuyến ba năm của Disn
CASE_0246,1004949,mixed,6,878249,0.6967,0.6967,0,vi,"Khiếu nại: Toàn bộ bộ sưu tập phim của Disney sẽ có sẵn để xem qua Netflix bắt đầu từ tháng 9 năm 2016. SAI LẦM NHẤT. SỰ THẬT LÀ GÌ: Bắt đầu từ tháng 9 năm 2016, Netflix sẽ là cửa hàng truyền hình trả tiền độc quyền tại Hoa Kỳ cho các bộ phim Disney mới. SAI LẦM: Netflix sẽ không phát trực tuyến toà"
CASE_0246,1004949,mixed,7,3805912,0.6867,0.6867,0,vi,"Tuyên bố: Toàn bộ bộ sưu tập phim Disney sẽ có sẵn để xem qua Netflix bắt đầu từ tháng 9 năm 2016. SỰ THẬT LÀ GÌ: Bắt đầu từ tháng 9 năm 2016, Netflix sẽ là cửa hàng truyền hình trả tiền độc quyền tại Hoa Kỳ cho các bộ phim mới của Disney."
CASE_0246,1004949,mixed,8,7255222,0.6706,0.6706,0,vi,"Disney sẽ rút các bộ phim của mình khỏi Netflix và bắt đầu các dịch vụ phát trực tuyến của riêng mình Disney đã công bố trong báo cáo thu nhập mới nhất của mình rằng họ dự định rút tất cả các bộ phim của mình khỏi Netflix. Hãng cũng sẽ ra mắt dịch vụ phát trực tuyến video ESPN vào đầu năm 2018, bao"
CASE_0246,1004949,mixed,9,7256202,0.6699,0.6699,0,vi,"Thông báo của Disney trùng hợp với báo cáo thu nhập hàng quý hỗn hợp, khiến cổ phiếu của hãng giảm 3% trong phiên giao dịch sau giờ làm việc. Disney hôm thứ Ba cho biết họ sẽ rút các bộ phim của mình khỏi Netflix và sẽ khởi chạy dịch vụ phát trực tuyến Disney của riêng mình vào năm 2019. Họ cũng cho"
CASE_0246,1004949,mixed,10,7421278,0.6672,0.6672,0,vi,"Ngày 1 tháng 4 năm 1998. Ngày 18 tháng 4 năm 1983. Disney Channel ra mắt tại Hoa Kỳ dưới dạng dịch vụ trả phí / trả phí, phát sóng 16 giờ mỗi ngày. Tháng 9 năm 1983. Disney Channel có sẵn trên hệ thống cáp ở tất cả 50 tiểu bang của Hoa Kỳ. Tháng 10 năm 1983. Bộ phim truyền hình đầu tiên dành cho Dis"
CASE_0246,1005163,endpoint,1,7098399,0.6881,0.6881,0,vi,"Bản sửa đổi bao gồm ba hạn chế mới về quyền lực nhà nước: các quốc gia không được vi phạm các đặc quyền hoặc quyền miễn trừ của công dân hoặc tước đoạt tính mạng, quyền tự do hoặc tài sản của bất kỳ ai mà không có thủ tục pháp lý phù hợp và phải đảm bảo tất cả mọi người bảo vệ bình đẳng-"
CASE_0246,1005163,endpoint,2,4935401,0.678,0.678,0,vi,Việc sửa đổi hạn chế sự can thiệp của chính phủ khi liên quan đến nhân quyền.
CASE_0246,1005163,endpoint,3,7279834,0.6335,0.6335,0,vi,Bản sửa đổi Hiến pháp này được Quốc hội thông qua đã kết hợp một số đặc điểm của Đạo luật Dân quyền năm 1866. Luật này cấm các bang vi phạm các quyền dân sự của công dân và đề nghị các bang lựa chọn cho phép người da đen bỏ phiếu hoặc mất quyền đại diện trong Quốc hội.
CASE_0246,1005163,endpoint,4,3424607,0.6223,0.6223,0,vi,"Thứ ba, nó cấm các quốc gia tước đoạt mạng sống, quyền tự do hoặc tài sản của con người mà không có thủ tục pháp lý. Điều khoản này trong Tu chính án thứ 14 có lẽ đã có tác động sâu rộng nhất. không áp dụng cho các bang. tu chính án thứ 14 được gọi là quyền của công dân. Nó bảo vệ quyền lợi cho nhữn"
CASE_0246,1005163,endpoint,5,5350036,0.6216,0.6216,0,vi,"Thứ 14 là sửa đổi cho phép công dân. C ÃƒÂ ¢ Ã‚â‚¬Ã‚Â¦ sửa đổi hiến pháp số 14 như sau: Tất cả những người sinh ra hoặc nhập tịch ở Hoa Kỳ, và tuân theo quyền tài phán của họ, đều là công dân của Hoa Kỳ và của Tiểu bang nơi họ cư trú . Tu chính án thứ mười lăm (Tu chính án XV) của Hiến pháp Hoa Kỳ c"
CASE_0246,1005163,endpoint,6,8552590,0.6198,0.6198,0,vi,"Sửa đổi nào nêu rõ Quyền bầu cử của công dân Hoa Kỳ sẽ không bị Hoa Kỳ hoặc bất kỳ Quốc gia nào từ chối hoặc lạm dụng do chủng tộc, màu da hoặc tình trạng nô lệ trước đây .."
CASE_0246,1005163,endpoint,7,7149182,0.6195,0.6195,0,vi,Phần Quốc hội phải thông qua một sửa đổi đối với Hiến pháp Hoa Kỳ là:?
CASE_0246,1005163,endpoint,8,2448191,0.6182,0.6182,0,vi,"Sửa đổi này bảo vệ công dân khỏi việc khám xét và thu giữ người hoặc tài sản bất hợp pháp mà không có lệnh hoặc nguyên nhân có thể xảy ra. Điều này đơn giản có nghĩa là chính phủ không thể vào nhà của một người, lục soát đồ đạc của một người hoặc lấy bất kỳ tài sản nào mà không có các thủ tục thích"
CASE_0246,1005163,endpoint,9,7272820,0.6168,0.6168,0,vi,"Bản sửa đổi này bảo vệ quyền của người dân được đảm bảo an toàn đối với con người, nhà cửa, giấy tờ và tác dụng của chúng ta, chống lại các cuộc khám xét và thu giữ vô lýÃƒÂ ¢ Ã ‚Â'¬Ã‚ bởi chính phủ."
CASE_0246,1005163,endpoint,10,4465879,0.6135,0.6135,0,vi,Sửa đổi nào ngụ ý rằng tất cả các quyền lực không được trao cho chính phủ liên bang sẽ được dành cho các bang? - 643659
CASE_0246,1005163,mixed,1,4935401,0.6686,0.6686,0,vi,Việc sửa đổi hạn chế sự can thiệp của chính phủ khi liên quan đến nhân quyền.
CASE_0246,1005163,mixed,2,7098399,0.6582,0.6582,0,vi,"Bản sửa đổi bao gồm ba hạn chế mới về quyền lực nhà nước: các quốc gia không được vi phạm các đặc quyền hoặc quyền miễn trừ của công dân hoặc tước đoạt tính mạng, quyền tự do hoặc tài sản của bất kỳ ai mà không có thủ tục pháp lý phù hợp và phải đảm bảo tất cả mọi người bảo vệ bình đẳng-"
CASE_0246,1005163,mixed,3,7279834,0.6301,0.6301,0,vi,Bản sửa đổi Hiến pháp này được Quốc hội thông qua đã kết hợp một số đặc điểm của Đạo luật Dân quyền năm 1866. Luật này cấm các bang vi phạm các quyền dân sự của công dân và đề nghị các bang lựa chọn cho phép người da đen bỏ phiếu hoặc mất quyền đại diện trong Quốc hội.
CASE_0246,1005163,mixed,4,7149182,0.6267,0.6267,0,vi,Phần Quốc hội phải thông qua một sửa đổi đối với Hiến pháp Hoa Kỳ là:?
CASE_0246,1005163,mixed,5,7272818,0.6255,0.6255,0,vi,Sửa đổi nào ngăn cản một công dân của bắc carolina kiện bang georgia? - 4961909
CASE_0246,1005163,mixed,6,7272816,0.6234,0.6234,0,vi,Sửa đổi nào ngăn cản một công dân của bắc carolina kiện bang georgia? - 6600205
CASE_0246,1005163,mixed,7,3424607,0.6211,0.6211,0,vi,"Thứ ba, nó cấm các quốc gia tước đoạt mạng sống, quyền tự do hoặc tài sản của con người mà không có thủ tục pháp lý. Điều khoản này trong Tu chính án thứ 14 có lẽ đã có tác động sâu rộng nhất. không áp dụng cho các bang. tu chính án thứ 14 được gọi là quyền của công dân. Nó bảo vệ quyền lợi cho nhữn"
CASE_0246,1005163,mixed,8,4465876,0.6161,0.6161,0,vi,Sửa đổi nào cho biết các tiểu bang không thể từ chối một người được bảo vệ bình đẳng về luật pháp? 14 Sửa đổi nào đã cho phụ nữ quyền bầu cử và được thông qua vào năm nào?
CASE_0246,1005163,mixed,9,7098402,0.6158,0.6158,0,vi,"Sửa đổi thứ mười lăm đối với chủ đề Hiến pháp Hoa Kỳ. Tu chính án thứ mười lăm (Tu chính án XV) của Hiến pháp Hoa Kỳ cấm chính phủ liên bang và tiểu bang từ chối quyền bầu cử của một công dân dựa trên chủng tộc, màu da hoặc tình trạng nô lệ trước đây của công dân đó."
CASE_0246,1005163,mixed,10,4465879,0.6124,0.6124,0,vi,Sửa đổi nào ngụ ý rằng tất cả các quyền lực không được trao cho chính phủ liên bang sẽ được dành cho các bang? - 643659
