nDCG@1,nDCG@1_std,nDCG@1_stderr,nDCG@1_ci90_low,nDCG@1_ci90_high,nDCG@1_ci95_low,nDCG@1_ci95_high,nDCG@3,nDCG@3_std,nDCG@3_stderr,nDCG@3_ci90_low,nDCG@3_ci90_high,nDCG@3_ci95_low,nDCG@3_ci95_high,nDCG@5,nDCG@5_std,nDCG@5_stderr,nDCG@5_ci90_low,nDCG@5_ci90_high,nDCG@5_ci95_low,nDCG@5_ci95_high,nDCG@10,nDCG@10_std,nDCG@10_stderr,nDCG@10_ci90_low,nDCG@10_ci90_high,nDCG@10_ci95_low,nDCG@10_ci95_high,nDCG@100,nDCG@100_std,nDCG@100_stderr,nDCG@100_ci90_low,nDCG@100_ci90_high,nDCG@100_ci95_low,nDCG@100_ci95_high,RR@1,RR@3,RR@5,RR@10,RR@100,P@1,P@3,P@5,P@10,P@100,R@1,R@3,R@5,R@10,R@100,AP
0.6677897574123989,0.4711647168748129,0.0122308266374074,0.6476592628911859,0.6879202519336118,0.6437981970340102,0.6917813177907876,0.7390354432528717,0.3973476895242469,0.010314632083617381,0.7220587784040271,0.7560121081017164,0.7188026228760287,0.7592682636297148,0.7616843184467327,0.3672729644485128,0.009533931119825291,0.7459925950773344,0.777376041816131,0.742982893687337,0.7803857432061283,0.7809293102225647,0.33540685012315397,0.008706728008127045,0.7665990653698386,0.7952595550752909,0.7638504980622882,0.7980081223828412,0.7997697089426573,0.2969378966573022,0.007708123732568912,0.7870830486565296,0.8124563692287851,0.7846497238904272,0.8148896939948874,0.6677897574123989,0.7268643306379162,0.7387578616352211,0.7465031767423955,0.750386060293842,0.6677897574123989,0.2767295597484239,0.1780323450134731,0.0953504043126662,0.010458221024258571,0.6478548966756513,0.7905435759209343,0.8440588499550765,0.9010557053009883,0.9833782569631627,0.7443311638292808
