nDCG@1,nDCG@1_std,nDCG@1_stderr,nDCG@1_ci90_low,nDCG@1_ci90_high,nDCG@1_ci95_low,nDCG@1_ci95_high,nDCG@3,nDCG@3_std,nDCG@3_stderr,nDCG@3_ci90_low,nDCG@3_ci90_high,nDCG@3_ci95_low,nDCG@3_ci95_high,nDCG@5,nDCG@5_std,nDCG@5_stderr,nDCG@5_ci90_low,nDCG@5_ci90_high,nDCG@5_ci95_low,nDCG@5_ci95_high,nDCG@10,nDCG@10_std,nDCG@10_stderr,nDCG@10_ci90_low,nDCG@10_ci90_high,nDCG@10_ci95_low,nDCG@10_ci95_high,nDCG@100,nDCG@100_std,nDCG@100_stderr,nDCG@100_ci90_low,nDCG@100_ci90_high,nDCG@100_ci95_low,nDCG@100_ci95_high,RR@1,RR@3,RR@5,RR@10,RR@100,P@1,P@3,P@5,P@10,P@100,R@1,R@3,R@5,R@10,R@100,AP
0.7014824797843666,0.4577619619991602,0.011882908456192378,0.6819246174529812,0.7210403421157521,0.6781733835025444,0.7247915760661888,0.771738267611174,0.3796108883144904,0.009854207665300147,0.7555194069161402,0.7879571283062079,0.7524085996179939,0.7910679356043542,0.7934913849552842,0.34683882020534385,0.009003487165151196,0.7786727096177105,0.8083100602928578,0.7758304604452332,0.8111523094653351,0.8095067298914791,0.3172970151236428,0.008236620115116191,0.7959502270469743,0.8230632327359839,0.7933500648790521,0.8256633949039061,0.82434153995024,0.2839181428828757,0.007370147764561419,0.8122111481465276,0.8364719317539523,0.8098845166979994,0.8387985632024805,0.7014824797843666,0.7590970350404316,0.770586253369273,0.7770718350233177,0.779901358891604,0.7014824797843666,0.28706199460916015,0.18409703504042707,0.09737196765498418,0.010485175202156145,0.6823899371069182,0.8192385444743935,0.8711253369272237,0.918800539083558,0.9859613656783467,0.7757407543382648
