{
  "nDCG@1": 0.7014824797843666,
  "nDCG@1_std": 0.4577619619991602,
  "nDCG@1_stderr": 0.011882908456192378,
  "nDCG@1_ci90_low": 0.6819246174529812,
  "nDCG@1_ci90_high": 0.7210403421157521,
  "nDCG@1_ci95_low": 0.6781733835025444,
  "nDCG@1_ci95_high": 0.7247915760661888,
  "nDCG@3": 0.771738267611174,
  "nDCG@3_std": 0.3796108883144904,
  "nDCG@3_stderr": 0.009854207665300147,
  "nDCG@3_ci90_low": 0.7555194069161402,
  "nDCG@3_ci90_high": 0.7879571283062079,
  "nDCG@3_ci95_low": 0.7524085996179939,
  "nDCG@3_ci95_high": 0.7910679356043542,
  "nDCG@5": 0.7934913849552842,
  "nDCG@5_std": 0.34683882020534385,
  "nDCG@5_stderr": 0.009003487165151196,
  "nDCG@5_ci90_low": 0.7786727096177105,
  "nDCG@5_ci90_high": 0.8083100602928578,
  "nDCG@5_ci95_low": 0.7758304604452332,
  "nDCG@5_ci95_high": 0.8111523094653351,
  "nDCG@10": 0.8095067298914791,
  "nDCG@10_std": 0.3172970151236428,
  "nDCG@10_stderr": 0.008236620115116191,
  "nDCG@10_ci90_low": 0.7959502270469743,
  "nDCG@10_ci90_high": 0.8230632327359839,
  "nDCG@10_ci95_low": 0.7933500648790521,
  "nDCG@10_ci95_high": 0.8256633949039061,
  "nDCG@100": 0.82434153995024,
  "nDCG@100_std": 0.2839181428828757,
  "nDCG@100_stderr": 0.007370147764561419,
  "nDCG@100_ci90_low": 0.8122111481465276,
  "nDCG@100_ci90_high": 0.8364719317539523,
  "nDCG@100_ci95_low": 0.8098845166979994,
  "nDCG@100_ci95_high": 0.8387985632024805,
  "RR@1": 0.7014824797843666,
  "RR@3": 0.7590970350404316,
  "RR@5": 0.770586253369273,
  "RR@10": 0.7770718350233177,
  "RR@100": 0.779901358891604,
  "P@1": 0.7014824797843666,
  "P@3": 0.28706199460916015,
  "P@5": 0.18409703504042707,
  "P@10": 0.09737196765498418,
  "P@100": 0.010485175202156145,
  "R@1": 0.6823899371069182,
  "R@3": 0.8192385444743935,
  "R@5": 0.8711253369272237,
  "R@10": 0.918800539083558,
  "R@100": 0.9859613656783467,
  "AP": 0.7757407543382648
}