nDCG@1,nDCG@1_std,nDCG@1_stderr,nDCG@1_ci90_low,nDCG@1_ci90_high,nDCG@1_ci95_low,nDCG@1_ci95_high,nDCG@3,nDCG@3_std,nDCG@3_stderr,nDCG@3_ci90_low,nDCG@3_ci90_high,nDCG@3_ci95_low,nDCG@3_ci95_high,nDCG@5,nDCG@5_std,nDCG@5_stderr,nDCG@5_ci90_low,nDCG@5_ci90_high,nDCG@5_ci95_low,nDCG@5_ci95_high,nDCG@10,nDCG@10_std,nDCG@10_stderr,nDCG@10_ci90_low,nDCG@10_ci90_high,nDCG@10_ci95_low,nDCG@10_ci95_high,nDCG@100,nDCG@100_std,nDCG@100_stderr,nDCG@100_ci90_low,nDCG@100_ci90_high,nDCG@100_ci95_low,nDCG@100_ci95_high,RR@1,RR@3,RR@5,RR@10,RR@100,P@1,P@3,P@5,P@10,P@100,R@1,R@3,R@5,R@10,R@100,AP
0.7082210242587601,0.454734369643005,0.011804316074567351,0.6887925156950809,0.7276495328224393,0.685066092035095,0.7313759564824251,0.7778091227106537,0.37474304461789437,0.009727844739090455,0.7617982404515147,0.7938200049697928,0.7587273237997217,0.7968909216215857,0.79735277182983,0.3449469383969818,0.008954376360399047,0.7826149270702135,0.8120906165894465,0.7797881813511878,0.8149173623084722,0.813074767931437,0.31603132431005937,0.008203764418662138,0.7995723416785695,0.8265771941843044,0.7969825515003381,0.8291669843625358,0.8289867229764006,0.2795357705487839,0.00725638704700521,0.8170435678631741,0.8409298780896272,0.8147528487560981,0.8432205971967032,0.706199460916442,0.7639263252470804,0.7745058400718785,0.7807831151328456,0.7839662730604695,0.7082210242587601,0.28930817610062454,0.1843665768194028,0.09737196765498417,0.010532345013476899,0.6884546271338724,0.8259770889487871,0.8725853548966757,0.918800539083558,0.9903414195867025,0.7806185161168347
