{
  "nDCG@1": 0.5997304582210242,
  "nDCG@1_std": 0.49011805325343977,
  "nDCG@1_stderr": 0.012722830735220701,
  "nDCG@1_ci90_low": 0.5787901831274047,
  "nDCG@1_ci90_high": 0.6206707333146437,
  "nDCG@1_ci95_low": 0.5747737998677366,
  "nDCG@1_ci95_high": 0.6246871165743119,
  "nDCG@3": 0.6768776374598893,
  "nDCG@3_std": 0.42541910594040383,
  "nDCG@3_stderr": 0.011043329745721206,
  "nDCG@3_ci90_low": 0.658701622417515,
  "nDCG@3_ci90_high": 0.6950536525022636,
  "nDCG@3_ci95_low": 0.655215429317506,
  "nDCG@3_ci95_high": 0.6985398456022726,
  "nDCG@5": 0.7008042315907755,
  "nDCG@5_std": 0.3994885059549533,
  "nDCG@5_stderr": 0.010370204909189206,
  "nDCG@5_ci90_low": 0.6837361004417479,
  "nDCG@5_ci90_high": 0.7178723627398031,
  "nDCG@5_ci95_low": 0.6804624015092224,
  "nDCG@5_ci95_high": 0.7211460616723286,
  "nDCG@10": 0.7210582415793516,
  "nDCG@10_std": 0.3727147218131788,
  "nDCG@10_stderr": 0.00967519210254813,
  "nDCG@10_ci90_low": 0.7051340193345244,
  "nDCG@10_ci90_high": 0.7369824638241789,
  "nDCG@10_ci95_low": 0.7020797242327926,
  "nDCG@10_ci95_high": 0.7400367589259106,
  "nDCG@100": 0.7477285338570561,
  "nDCG@100_std": 0.3266518214576537,
  "nDCG@100_stderr": 0.008479458787877437,
  "nDCG@100_ci90_low": 0.7337723472694584,
  "nDCG@100_ci90_high": 0.7616847204446537,
  "nDCG@100_ci95_low": 0.7310955250248303,
  "nDCG@100_ci95_high": 0.7643615426892818,
  "RR@1": 0.5990566037735849,
  "RR@3": 0.6635220125786174,
  "RR@5": 0.6762578616352215,
  "RR@10": 0.6836451247165546,
  "RR@100": 0.6890801180071989,
  "P@1": 0.5997304582210242,
  "P@3": 0.2551662174303657,
  "P@5": 0.16617250673854103,
  "P@10": 0.09002695417789557,
  "P@100": 0.010309973045821916,
  "R@1": 0.5831648697214735,
  "R@3": 0.7326482479784366,
  "R@5": 0.7890835579514824,
  "R@10": 0.8505166217430369,
  "R@100": 0.9700134770889488,
  "AP": 0.683158423537316
}