{
  "nDCG@1": 0.7082210242587601,
  "nDCG@1_std": 0.454734369643005,
  "nDCG@1_stderr": 0.011804316074567351,
  "nDCG@1_ci90_low": 0.6887925156950809,
  "nDCG@1_ci90_high": 0.7276495328224393,
  "nDCG@1_ci95_low": 0.685066092035095,
  "nDCG@1_ci95_high": 0.7313759564824251,
  "nDCG@3": 0.7778091227106537,
  "nDCG@3_std": 0.37474304461789437,
  "nDCG@3_stderr": 0.009727844739090455,
  "nDCG@3_ci90_low": 0.7617982404515147,
  "nDCG@3_ci90_high": 0.7938200049697928,
  "nDCG@3_ci95_low": 0.7587273237997217,
  "nDCG@3_ci95_high": 0.7968909216215857,
  "nDCG@5": 0.79735277182983,
  "nDCG@5_std": 0.3449469383969818,
  "nDCG@5_stderr": 0.008954376360399047,
  "nDCG@5_ci90_low": 0.7826149270702135,
  "nDCG@5_ci90_high": 0.8120906165894465,
  "nDCG@5_ci95_low": 0.7797881813511878,
  "nDCG@5_ci95_high": 0.8149173623084722,
  "nDCG@10": 0.813074767931437,
  "nDCG@10_std": 0.31603132431005937,
  "nDCG@10_stderr": 0.008203764418662138,
  "nDCG@10_ci90_low": 0.7995723416785695,
  "nDCG@10_ci90_high": 0.8265771941843044,
  "nDCG@10_ci95_low": 0.7969825515003381,
  "nDCG@10_ci95_high": 0.8291669843625358,
  "nDCG@100": 0.8289867229764006,
  "nDCG@100_std": 0.2795357705487839,
  "nDCG@100_stderr": 0.00725638704700521,
  "nDCG@100_ci90_low": 0.8170435678631741,
  "nDCG@100_ci90_high": 0.8409298780896272,
  "nDCG@100_ci95_low": 0.8147528487560981,
  "nDCG@100_ci95_high": 0.8432205971967032,
  "RR@1": 0.706199460916442,
  "RR@3": 0.7639263252470804,
  "RR@5": 0.7745058400718785,
  "RR@10": 0.7807831151328456,
  "RR@100": 0.7839662730604695,
  "P@1": 0.7082210242587601,
  "P@3": 0.28930817610062454,
  "P@5": 0.1843665768194028,
  "P@10": 0.09737196765498417,
  "P@100": 0.010532345013476899,
  "R@1": 0.6884546271338724,
  "R@3": 0.8259770889487871,
  "R@5": 0.8725853548966757,
  "R@10": 0.918800539083558,
  "R@100": 0.9903414195867025,
  "AP": 0.7806185161168347
}