{
  "nDCG@1": 0.6677897574123989,
  "nDCG@1_std": 0.4711647168748129,
  "nDCG@1_stderr": 0.0122308266374074,
  "nDCG@1_ci90_low": 0.6476592628911859,
  "nDCG@1_ci90_high": 0.6879202519336118,
  "nDCG@1_ci95_low": 0.6437981970340102,
  "nDCG@1_ci95_high": 0.6917813177907876,
  "nDCG@3": 0.7390354432528717,
  "nDCG@3_std": 0.3973476895242469,
  "nDCG@3_stderr": 0.010314632083617381,
  "nDCG@3_ci90_low": 0.7220587784040271,
  "nDCG@3_ci90_high": 0.7560121081017164,
  "nDCG@3_ci95_low": 0.7188026228760287,
  "nDCG@3_ci95_high": 0.7592682636297148,
  "nDCG@5": 0.7616843184467327,
  "nDCG@5_std": 0.3672729644485128,
  "nDCG@5_stderr": 0.009533931119825291,
  "nDCG@5_ci90_low": 0.7459925950773344,
  "nDCG@5_ci90_high": 0.777376041816131,
  "nDCG@5_ci95_low": 0.742982893687337,
  "nDCG@5_ci95_high": 0.7803857432061283,
  "nDCG@10": 0.7809293102225647,
  "nDCG@10_std": 0.33540685012315397,
  "nDCG@10_stderr": 0.008706728008127045,
  "nDCG@10_ci90_low": 0.7665990653698386,
  "nDCG@10_ci90_high": 0.7952595550752909,
  "nDCG@10_ci95_low": 0.7638504980622882,
  "nDCG@10_ci95_high": 0.7980081223828412,
  "nDCG@100": 0.7997697089426573,
  "nDCG@100_std": 0.2969378966573022,
  "nDCG@100_stderr": 0.007708123732568912,
  "nDCG@100_ci90_low": 0.7870830486565296,
  "nDCG@100_ci90_high": 0.8124563692287851,
  "nDCG@100_ci95_low": 0.7846497238904272,
  "nDCG@100_ci95_high": 0.8148896939948874,
  "RR@1": 0.6677897574123989,
  "RR@3": 0.7268643306379162,
  "RR@5": 0.7387578616352211,
  "RR@10": 0.7465031767423955,
  "RR@100": 0.750386060293842,
  "P@1": 0.6677897574123989,
  "P@3": 0.2767295597484239,
  "P@5": 0.1780323450134731,
  "P@10": 0.0953504043126662,
  "P@100": 0.010458221024258571,
  "R@1": 0.6478548966756513,
  "R@3": 0.7905435759209343,
  "R@5": 0.8440588499550765,
  "R@10": 0.9010557053009883,
  "R@100": 0.9833782569631627,
  "AP": 0.7443311638292808
}