{
  "nDCG@1": 0.8045822102425876,
  "nDCG@1_std": 0.39665564229436906,
  "nDCG@1_stderr": 0.01029666743263571,
  "nDCG@1_ci90_low": 0.7876351130851903,
  "nDCG@1_ci90_high": 0.8215293073999849,
  "nDCG@1_ci95_low": 0.784384628694769,
  "nDCG@1_ci95_high": 0.8247797917904062,
  "nDCG@3": 0.8690022131210688,
  "nDCG@3_std": 0.28906561153154864,
  "nDCG@3_stderr": 0.0075037693928552375,
  "nDCG@3_ci90_low": 0.856651895916071,
  "nDCG@3_ci90_high": 0.8813525303260666,
  "nDCG@3_ci95_low": 0.8542830823712644,
  "nDCG@3_ci95_high": 0.8837213438708733,
  "nDCG@5": 0.8830150192944296,
  "nDCG@5_std": 0.257848656812876,
  "nDCG@5_stderr": 0.006693417624912207,
  "nDCG@5_ci90_low": 0.8719984452867183,
  "nDCG@5_ci90_high": 0.8940315933021409,
  "nDCG@5_ci95_low": 0.8698854461391117,
  "nDCG@5_ci95_high": 0.8961445924497475,
  "nDCG@10": 0.893720466730465,
  "nDCG@10_std": 0.22720984819334727,
  "nDCG@10_stderr": 0.0058980737819187045,
  "nDCG@10_ci90_low": 0.8840129346500502,
  "nDCG@10_ci90_high": 0.9034279988108799,
  "nDCG@10_ci95_low": 0.8821510121506486,
  "nDCG@10_ci95_high": 0.9052899213102814,
  "nDCG@100": 0.8988208702813234,
  "nDCG@100_std": 0.21103068478143228,
  "nDCG@100_stderr": 0.0054780836261575415,
  "nDCG@100_ci90_low": 0.8898045923393374,
  "nDCG@100_ci90_high": 0.9078371482233094,
  "nDCG@100_ci95_low": 0.8880752536544917,
  "nDCG@100_ci95_high": 0.9095664869081551,
  "RR@1": 0.8045822102425876,
  "RR@3": 0.8583782569631627,
  "RR@5": 0.8650157232704407,
  "RR@10": 0.8692489731741755,
  "RR@100": 0.8702649570962241,
  "P@1": 0.8045822102425876,
  "P@3": 0.3207547169811266,
  "P@5": 0.2002695417789708,
  "P@10": 0.10377358490565769,
  "P@100": 0.010626684636118407,
  "R@1": 0.7813903863432167,
  "R@3": 0.9132412398921833,
  "R@5": 0.9462601078167115,
  "R@10": 0.977818957771788,
  "R@100": 0.9986522911051213,
  "AP": 0.8657343497020403
}