{
  "nDCG@1": 0.8106469002695418,
  "nDCG@1_std": 0.39192092155134683,
  "nDCG@1_stderr": 0.010173760206117242,
  "nDCG@1_ci90_low": 0.7939020938749357,
  "nDCG@1_ci90_high": 0.8273917066641479,
  "nDCG@1_ci95_low": 0.7906904092247101,
  "nDCG@1_ci95_high": 0.8306033913143734,
  "nDCG@3": 0.8713360096012995,
  "nDCG@3_std": 0.2875837762220578,
  "nDCG@3_stderr": 0.00746530286485249,
  "nDCG@3_ci90_low": 0.859049003753266,
  "nDCG@3_ci90_high": 0.8836230154493331,
  "nDCG@3_ci95_low": 0.856692333443117,
  "nDCG@3_ci95_high": 0.885979685759482,
  "nDCG@5": 0.885835837815084,
  "nDCG@5_std": 0.2549371981357382,
  "nDCG@5_stderr": 0.006617839923385143,
  "nDCG@5_ci90_low": 0.8749436557680815,
  "nDCG@5_ci90_high": 0.8967280198620865,
  "nDCG@5_ci95_low": 0.8728545152272217,
  "nDCG@5_ci95_high": 0.8988171604029463,
  "nDCG@10": 0.8953387074599845,
  "nDCG@10_std": 0.22843022333270838,
  "nDCG@10_stderr": 0.005929753142082028,
  "nDCG@10_ci90_low": 0.8855790348983815,
  "nDCG@10_ci90_high": 0.9050983800215874,
  "nDCG@10_ci95_low": 0.8837071117588327,
  "nDCG@10_ci95_high": 0.9069703031611362,
  "nDCG@100": 0.9010358447306542,
  "nDCG@100_std": 0.20991018494538993,
  "nDCG@100_stderr": 0.005448996899687913,
  "nDCG@100_ci90_low": 0.8920674401013392,
  "nDCG@100_ci90_high": 0.9100042493599693,
  "nDCG@100_ci95_low": 0.8903472836058743,
  "nDCG@100_ci95_high": 0.9117244058554341,
  "RR@1": 0.8106469002695418,
  "RR@3": 0.8615229110512129,
  "RR@5": 0.868463611859839,
  "RR@10": 0.8721088435374152,
  "RR@100": 0.8733605411361243,
  "P@1": 0.8106469002695418,
  "P@3": 0.3207547169811266,
  "P@5": 0.20067385444743438,
  "P@10": 0.1035714285714259,
  "P@100": 0.010626684636118407,
  "R@1": 0.7867812219227315,
  "R@3": 0.9139150943396226,
  "R@5": 0.9482816711590296,
  "R@10": 0.97562893081761,
  "R@100": 0.9986522911051213,
  "AP": 0.8686584847698172
}