{
  "nDCG@1": 0.8146900269541779,
  "nDCG@1_std": 0.38867980069231334,
  "nDCG@1_stderr": 0.010089624900738984,
  "nDCG@1_ci90_low": 0.7980836973244029,
  "nDCG@1_ci90_high": 0.831296356583953,
  "nDCG@1_ci95_low": 0.7948985727722483,
  "nDCG@1_ci95_high": 0.8344814811361075,
  "nDCG@3": 0.8734377999292051,
  "nDCG@3_std": 0.28651645788275343,
  "nDCG@3_stderr": 0.007437596661252305,
  "nDCG@3_ci90_low": 0.861196395216427,
  "nDCG@3_ci90_high": 0.8856792046419832,
  "nDCG@3_ci95_low": 0.8588484712878534,
  "nDCG@3_ci95_high": 0.8880271285705569,
  "nDCG@5": 0.8877335732113963,
  "nDCG@5_std": 0.2540416428224081,
  "nDCG@5_stderr": 0.006594592465777957,
  "nDCG@5_ci90_low": 0.8768796537309289,
  "nDCG@5_ci90_high": 0.8985874926918638,
  "nDCG@5_ci95_low": 0.8747978520206726,
  "nDCG@5_ci95_high": 0.9006692944021201,
  "nDCG@10": 0.8972212390680021,
  "nDCG@10_std": 0.2271211660947823,
  "nDCG@10_stderr": 0.005895771709342931,
  "nDCG@10_ci90_low": 0.8875174959268591,
  "nDCG@10_ci90_high": 0.9069249822091451,
  "nDCG@10_ci95_low": 0.8856563001529756,
  "nDCG@10_ci95_high": 0.9087861779830286,
  "nDCG@100": 0.9029002237970165,
  "nDCG@100_std": 0.20876751472771868,
  "nDCG@100_stderr": 0.005419334658786757,
  "nDCG@100_ci90_low": 0.8939806397090803,
  "nDCG@100_ci90_high": 0.9118198078849528,
  "nDCG@100_ci95_low": 0.8922698470832038,
  "nDCG@100_ci95_high": 0.9135306005108292,
  "RR@1": 0.8146900269541779,
  "RR@3": 0.863993710691824,
  "RR@5": 0.8708670260557059,
  "RR@10": 0.874525360458649,
  "RR@100": 0.8757272213407743,
  "P@1": 0.8146900269541779,
  "P@3": 0.32097933513027305,
  "P@5": 0.20067385444743438,
  "P@10": 0.1035714285714259,
  "P@100": 0.010626684636118407,
  "R@1": 0.7911612758310873,
  "R@3": 0.914588948787062,
  "R@5": 0.9482816711590296,
  "R@10": 0.9757973944294699,
  "R@100": 0.9986522911051213,
  "AP": 0.8711916054734177
}