nDCG@1,nDCG@1_std,nDCG@1_stderr,nDCG@1_ci90_low,nDCG@1_ci90_high,nDCG@1_ci95_low,nDCG@1_ci95_high,nDCG@3,nDCG@3_std,nDCG@3_stderr,nDCG@3_ci90_low,nDCG@3_ci90_high,nDCG@3_ci95_low,nDCG@3_ci95_high,nDCG@5,nDCG@5_std,nDCG@5_stderr,nDCG@5_ci90_low,nDCG@5_ci90_high,nDCG@5_ci95_low,nDCG@5_ci95_high,nDCG@10,nDCG@10_std,nDCG@10_stderr,nDCG@10_ci90_low,nDCG@10_ci90_high,nDCG@10_ci95_low,nDCG@10_ci95_high,nDCG@100,nDCG@100_std,nDCG@100_stderr,nDCG@100_ci90_low,nDCG@100_ci90_high,nDCG@100_ci95_low,nDCG@100_ci95_high,RR@1,RR@3,RR@5,RR@10,RR@100,P@1,P@3,P@5,P@10,P@100,R@1,R@3,R@5,R@10,R@100,AP
0.7688679245283019,0.42169879132983157,0.010946755190350557,0.750850859785479,0.7868849892711247,0.747395153645139,0.7903406954114648,0.833766984245547,0.32767983478792206,0.008506144684280832,0.8197668758277028,0.8477670926633911,0.8170816292952873,0.8504523391958067,0.8523586302419799,0.29260329814354086,0.007595603161596988,0.8398571655116902,0.8648600949722696,0.8374593615936622,0.8672578988902976,0.8660509479205662,0.25894256121576814,0.006721813968336253,0.8549876368890489,0.8771142589520836,0.8528656734943546,0.8792362223467779,0.8731933844254578,0.23908641010338053,0.006206373967750845,0.8629784266913426,0.883408342159573,0.8610191790187073,0.8853675898322083,0.7688679245283019,0.8227762803234503,0.8320080862533701,0.8374058742994059,0.8389010324273718,0.7688679245283019,0.3086253369272186,0.19555256064689563,0.10235849056603512,0.010586253369272047,0.7463499550763703,0.8797169811320755,0.9236859838274932,0.9654649595687331,0.9949460916442049,0.8339306161003867
