{
  "nDCG@1": 0.7688679245283019,
  "nDCG@1_std": 0.42169879132983157,
  "nDCG@1_stderr": 0.010946755190350557,
  "nDCG@1_ci90_low": 0.750850859785479,
  "nDCG@1_ci90_high": 0.7868849892711247,
  "nDCG@1_ci95_low": 0.747395153645139,
  "nDCG@1_ci95_high": 0.7903406954114648,
  "nDCG@3": 0.833766984245547,
  "nDCG@3_std": 0.32767983478792206,
  "nDCG@3_stderr": 0.008506144684280832,
  "nDCG@3_ci90_low": 0.8197668758277028,
  "nDCG@3_ci90_high": 0.8477670926633911,
  "nDCG@3_ci95_low": 0.8170816292952873,
  "nDCG@3_ci95_high": 0.8504523391958067,
  "nDCG@5": 0.8523586302419799,
  "nDCG@5_std": 0.29260329814354086,
  "nDCG@5_stderr": 0.007595603161596988,
  "nDCG@5_ci90_low": 0.8398571655116902,
  "nDCG@5_ci90_high": 0.8648600949722696,
  "nDCG@5_ci95_low": 0.8374593615936622,
  "nDCG@5_ci95_high": 0.8672578988902976,
  "nDCG@10": 0.8660509479205662,
  "nDCG@10_std": 0.25894256121576814,
  "nDCG@10_stderr": 0.006721813968336253,
  "nDCG@10_ci90_low": 0.8549876368890489,
  "nDCG@10_ci90_high": 0.8771142589520836,
  "nDCG@10_ci95_low": 0.8528656734943546,
  "nDCG@10_ci95_high": 0.8792362223467779,
  "nDCG@100": 0.8731933844254578,
  "nDCG@100_std": 0.23908641010338053,
  "nDCG@100_stderr": 0.006206373967750845,
  "nDCG@100_ci90_low": 0.8629784266913426,
  "nDCG@100_ci90_high": 0.883408342159573,
  "nDCG@100_ci95_low": 0.8610191790187073,
  "nDCG@100_ci95_high": 0.8853675898322083,
  "RR@1": 0.7688679245283019,
  "RR@3": 0.8227762803234503,
  "RR@5": 0.8320080862533701,
  "RR@10": 0.8374058742994059,
  "RR@100": 0.8389010324273718,
  "P@1": 0.7688679245283019,
  "P@3": 0.3086253369272186,
  "P@5": 0.19555256064689563,
  "P@10": 0.10235849056603512,
  "P@100": 0.010586253369272047,
  "R@1": 0.7463499550763703,
  "R@3": 0.8797169811320755,
  "R@5": 0.9236859838274932,
  "R@10": 0.9654649595687331,
  "R@100": 0.9949460916442049,
  "AP": 0.8339306161003867
}