nDCG@1,nDCG@1_std,nDCG@1_stderr,nDCG@1_ci90_low,nDCG@1_ci90_high,nDCG@1_ci95_low,nDCG@1_ci95_high,nDCG@3,nDCG@3_std,nDCG@3_stderr,nDCG@3_ci90_low,nDCG@3_ci90_high,nDCG@3_ci95_low,nDCG@3_ci95_high,nDCG@5,nDCG@5_std,nDCG@5_stderr,nDCG@5_ci90_low,nDCG@5_ci90_high,nDCG@5_ci95_low,nDCG@5_ci95_high,nDCG@10,nDCG@10_std,nDCG@10_stderr,nDCG@10_ci90_low,nDCG@10_ci90_high,nDCG@10_ci95_low,nDCG@10_ci95_high,nDCG@100,nDCG@100_std,nDCG@100_stderr,nDCG@100_ci90_low,nDCG@100_ci90_high,nDCG@100_ci95_low,nDCG@100_ci95_high,RR@1,RR@3,RR@5,RR@10,RR@100,P@1,P@3,P@5,P@10,P@100,R@1,R@3,R@5,R@10,R@100,AP
0.8106469002695418,0.39192092155134683,0.010173760206117242,0.7939020938749357,0.8273917066641479,0.7906904092247101,0.8306033913143734,0.8713360096012995,0.2875837762220578,0.00746530286485249,0.859049003753266,0.8836230154493331,0.856692333443117,0.885979685759482,0.885835837815084,0.2549371981357382,0.006617839923385143,0.8749436557680815,0.8967280198620865,0.8728545152272217,0.8988171604029463,0.8953387074599845,0.22843022333270838,0.005929753142082028,0.8855790348983815,0.9050983800215874,0.8837071117588327,0.9069703031611362,0.9010358447306542,0.20991018494538993,0.005448996899687913,0.8920674401013392,0.9100042493599693,0.8903472836058743,0.9117244058554341,0.8106469002695418,0.8615229110512129,0.868463611859839,0.8721088435374152,0.8733605411361243,0.8106469002695418,0.3207547169811266,0.20067385444743438,0.1035714285714259,0.010626684636118407,0.7867812219227315,0.9139150943396226,0.9482816711590296,0.97562893081761,0.9986522911051213,0.8686584847698172
