nDCG@1,nDCG@1_std,nDCG@1_stderr,nDCG@1_ci90_low,nDCG@1_ci90_high,nDCG@1_ci95_low,nDCG@1_ci95_high,nDCG@3,nDCG@3_std,nDCG@3_stderr,nDCG@3_ci90_low,nDCG@3_ci90_high,nDCG@3_ci95_low,nDCG@3_ci95_high,nDCG@5,nDCG@5_std,nDCG@5_stderr,nDCG@5_ci90_low,nDCG@5_ci90_high,nDCG@5_ci95_low,nDCG@5_ci95_high,nDCG@10,nDCG@10_std,nDCG@10_stderr,nDCG@10_ci90_low,nDCG@10_ci90_high,nDCG@10_ci95_low,nDCG@10_ci95_high,nDCG@100,nDCG@100_std,nDCG@100_stderr,nDCG@100_ci90_low,nDCG@100_ci90_high,nDCG@100_ci95_low,nDCG@100_ci95_high,RR@1,RR@3,RR@5,RR@10,RR@100,P@1,P@3,P@5,P@10,P@100,R@1,R@3,R@5,R@10,R@100,AP
0.7985175202156334,0.4012427916427021,0.010415743896619459,0.7813744372776431,0.8156606031536237,0.7780863624542027,0.818948677977064,0.8599654396564327,0.30105424367273353,0.007814978776934484,0.8471029086013917,0.8728279707114737,0.8446358514984901,0.8752950278143753,0.8767386489819284,0.26515228401824353,0.006883010340524733,0.8654100277810023,0.8880672701828546,0.8632371774080679,0.8902401205557889,0.8877235052234825,0.23538077236293148,0.006110180404945274,0.8776668707202037,0.8977801397267614,0.875737989734305,0.8997090207126601,0.8936489362383432,0.21719359898212987,0.005638064907586932,0.8843693480226704,0.902928524454016,0.8825895059432607,0.9047083665334257,0.7985175202156334,0.8504043126684636,0.8585916442048521,0.8630222371967657,0.8641373964518763,0.7985175202156334,0.31693620844563714,0.19919137466306794,0.10330188679245016,0.010626684636118407,0.7749887690925428,0.9024595687331537,0.9418800539083558,0.9742250673854448,0.9986522911051213,0.8591202768966508
