{
  "nDCG@1": 0.7533692722371967,
  "nDCG@1_std": 0.43119520077628143,
  "nDCG@1_stderr": 0.011193269696758783,
  "nDCG@1_ci90_low": 0.7349464737637139,
  "nDCG@1_ci90_high": 0.7717920707106796,
  "nDCG@1_ci95_low": 0.7314129471479304,
  "nDCG@1_ci95_high": 0.7753255973264631,
  "nDCG@3": 0.8242769551961521,
  "nDCG@3_std": 0.3329294208255004,
  "nDCG@3_stderr": 0.008642417147910223,
  "nDCG@3_ci90_low": 0.8100525584154843,
  "nDCG@3_ci90_high": 0.8385013519768199,
  "nDCG@3_ci95_low": 0.8073242929627463,
  "nDCG@3_ci95_high": 0.8412296174295578,
  "nDCG@5": 0.8428586724202389,
  "nDCG@5_std": 0.30004593563566034,
  "nDCG@5_stderr": 0.007788804404455265,
  "nDCG@5_ci90_low": 0.8300392212875457,
  "nDCG@5_ci90_high": 0.8556781235529322,
  "nDCG@5_ci95_low": 0.8275804269929488,
  "nDCG@5_ci95_high": 0.8581369178475291,
  "nDCG@10": 0.8566374239289279,
  "nDCG@10_std": 0.26778476641606336,
  "nDCG@10_stderr": 0.006951346178673487,
  "nDCG@10_ci90_low": 0.8451963300181647,
  "nDCG@10_ci90_high": 0.8680785178396911,
  "nDCG@10_ci95_low": 0.8430019071727132,
  "nDCG@10_ci95_high": 0.8702729406851427,
  "nDCG@100": 0.8647932253591514,
  "nDCG@100_std": 0.24547967650915753,
  "nDCG@100_stderr": 0.006372334894482537,
  "nDCG@100_ci90_low": 0.8543051155621911,
  "nDCG@100_ci90_high": 0.8752813351561116,
  "nDCG@100_ci95_low": 0.852293476821738,
  "nDCG@100_ci95_high": 0.8772929738965648,
  "RR@1": 0.7533692722371967,
  "RR@3": 0.8123315363881403,
  "RR@5": 0.8213274932614563,
  "RR@10": 0.8267399884482095,
  "RR@100": 0.8284993530743544,
  "P@1": 0.7533692722371967,
  "P@3": 0.3063791554357541,
  "P@5": 0.19433962264150487,
  "P@10": 0.10175202156333975,
  "P@100": 0.01057277628032326,
  "R@1": 0.7311882300089848,
  "R@3": 0.8741576819407008,
  "R@5": 0.917621293800539,
  "R@10": 0.9594002695417789,
  "R@100": 0.9935983827493261,
  "AP": 0.8234084351454805
}