{
  "nDCG@1": 0.7985175202156334,
  "nDCG@1_std": 0.4012427916427021,
  "nDCG@1_stderr": 0.010415743896619459,
  "nDCG@1_ci90_low": 0.7813744372776431,
  "nDCG@1_ci90_high": 0.8156606031536237,
  "nDCG@1_ci95_low": 0.7780863624542027,
  "nDCG@1_ci95_high": 0.818948677977064,
  "nDCG@3": 0.8599654396564327,
  "nDCG@3_std": 0.30105424367273353,
  "nDCG@3_stderr": 0.007814978776934484,
  "nDCG@3_ci90_low": 0.8471029086013917,
  "nDCG@3_ci90_high": 0.8728279707114737,
  "nDCG@3_ci95_low": 0.8446358514984901,
  "nDCG@3_ci95_high": 0.8752950278143753,
  "nDCG@5": 0.8767386489819284,
  "nDCG@5_std": 0.26515228401824353,
  "nDCG@5_stderr": 0.006883010340524733,
  "nDCG@5_ci90_low": 0.8654100277810023,
  "nDCG@5_ci90_high": 0.8880672701828546,
  "nDCG@5_ci95_low": 0.8632371774080679,
  "nDCG@5_ci95_high": 0.8902401205557889,
  "nDCG@10": 0.8877235052234825,
  "nDCG@10_std": 0.23538077236293148,
  "nDCG@10_stderr": 0.006110180404945274,
  "nDCG@10_ci90_low": 0.8776668707202037,
  "nDCG@10_ci90_high": 0.8977801397267614,
  "nDCG@10_ci95_low": 0.875737989734305,
  "nDCG@10_ci95_high": 0.8997090207126601,
  "nDCG@100": 0.8936489362383432,
  "nDCG@100_std": 0.21719359898212987,
  "nDCG@100_stderr": 0.005638064907586932,
  "nDCG@100_ci90_low": 0.8843693480226704,
  "nDCG@100_ci90_high": 0.902928524454016,
  "nDCG@100_ci95_low": 0.8825895059432607,
  "nDCG@100_ci95_high": 0.9047083665334257,
  "RR@1": 0.7985175202156334,
  "RR@3": 0.8504043126684636,
  "RR@5": 0.8585916442048521,
  "RR@10": 0.8630222371967657,
  "RR@100": 0.8641373964518763,
  "P@1": 0.7985175202156334,
  "P@3": 0.31693620844563714,
  "P@5": 0.19919137466306794,
  "P@10": 0.10330188679245016,
  "P@100": 0.010626684636118407,
  "R@1": 0.7749887690925428,
  "R@3": 0.9024595687331537,
  "R@5": 0.9418800539083558,
  "R@10": 0.9742250673854448,
  "R@100": 0.9986522911051213,
  "AP": 0.8591202768966508
}