{
  "nDCG@1": 0.5444743935309974,
  "nDCG@1_std": 0.498185981100066,
  "nDCG@1_stderr": 0.012932263706920523,
  "nDCG@1_ci90_low": 0.5231894165284757,
  "nDCG@1_ci90_high": 0.565759370533519,
  "nDCG@1_ci95_low": 0.5191069188089784,
  "nDCG@1_ci95_high": 0.5698418682530163,
  "nDCG@3": 0.6241325347549685,
  "nDCG@3_std": 0.4406565032029461,
  "nDCG@3_stderr": 0.011438872870341416,
  "nDCG@3_ci90_low": 0.6053055024969044,
  "nDCG@3_ci90_high": 0.6429595670130327,
  "nDCG@3_ci95_low": 0.6016944430980925,
  "nDCG@3_ci95_high": 0.6465706264118446,
  "nDCG@5": 0.6507461417216021,
  "nDCG@5_std": 0.4146766125511642,
  "nDCG@5_stderr": 0.010764468511864864,
  "nDCG@5_ci90_low": 0.6330290992987198,
  "nDCG@5_ci90_high": 0.6684631841444844,
  "nDCG@5_ci95_low": 0.629630937990907,
  "nDCG@5_ci95_high": 0.6718613454522971,
  "nDCG@10": 0.6736974808730101,
  "nDCG@10_std": 0.3883514107485589,
  "nDCG@10_stderr": 0.010081100322544398,
  "nDCG@10_ci90_low": 0.6571051816910314,
  "nDCG@10_ci90_high": 0.6902897800549888,
  "nDCG@10_ci95_low": 0.6539227482045578,
  "nDCG@10_ci95_high": 0.6934722135414624,
  "nDCG@100": 0.7052626344739158,
  "nDCG@100_std": 0.33990932555100045,
  "nDCG@100_stderr": 0.008823606446653691,
  "nDCG@100_ci90_low": 0.6907400215306133,
  "nDCG@100_ci90_high": 0.7197852474172183,
  "nDCG@100_ci95_low": 0.6879545576696399,
  "nDCG@100_ci95_high": 0.7225707112781917,
  "RR@1": 0.5444743935309974,
  "RR@3": 0.6109613656783478,
  "RR@5": 0.6250112309074589,
  "RR@10": 0.6339307106490407,
  "RR@100": 0.640068105402023,
  "P@1": 0.5444743935309974,
  "P@3": 0.23876909254267575,
  "P@5": 0.15687331536387852,
  "P@10": 0.08611859838274752,
  "P@100": 0.01019541778975723,
  "R@1": 0.5278526504941599,
  "R@3": 0.6840745732255167,
  "R@5": 0.7480907457322551,
  "R@10": 0.816711590296496,
  "R@100": 0.9608041329739443,
  "AP": 0.631906579455435
}