nDCG@1,nDCG@1_std,nDCG@1_stderr,nDCG@1_ci90_low,nDCG@1_ci90_high,nDCG@1_ci95_low,nDCG@1_ci95_high,nDCG@3,nDCG@3_std,nDCG@3_stderr,nDCG@3_ci90_low,nDCG@3_ci90_high,nDCG@3_ci95_low,nDCG@3_ci95_high,nDCG@5,nDCG@5_std,nDCG@5_stderr,nDCG@5_ci90_low,nDCG@5_ci90_high,nDCG@5_ci95_low,nDCG@5_ci95_high,nDCG@10,nDCG@10_std,nDCG@10_stderr,nDCG@10_ci90_low,nDCG@10_ci90_high,nDCG@10_ci95_low,nDCG@10_ci95_high,nDCG@100,nDCG@100_std,nDCG@100_stderr,nDCG@100_ci90_low,nDCG@100_ci90_high,nDCG@100_ci95_low,nDCG@100_ci95_high,RR@1,RR@3,RR@5,RR@10,RR@100,P@1,P@3,P@5,P@10,P@100,R@1,R@3,R@5,R@10,R@100,AP
0.5714285714285714,0.4950384793537204,0.012850558632619049,0.5502780713178692,0.5925790715392736,0.546221366513446,0.5966357763436968,0.6466247726458852,0.43588506557689316,0.01131501252102973,0.6280015998780364,0.6652479454137341,0.6244296411042243,0.6688199041875462,0.6739348641412937,0.4082123300762567,0.010596664099831966,0.6564940079400959,0.6913757203424914,0.6531488196573444,0.6947209086252429,0.6962082187568538,0.3804725251089397,0.009876574642027992,0.6799525446627077,0.7124638928509999,0.6768346764869337,0.7155817610267738,0.7262633143889787,0.33164807450624867,0.008609155054778127,0.7120936630808297,0.7404329656971278,0.7093758979103651,0.7431507308675923,0.5707547169811321,0.633535489667566,0.6486972147349522,0.6574862020279821,0.6634344245704736,0.5714285714285714,0.24505840071877605,0.16132075471697804,0.08807277628032156,0.01029649595687313,0.5551437556154537,0.7031109613656783,0.7683063791554356,0.8344002695417789,0.970125786163522,0.6557572670190888
