nDCG@1,nDCG@1_std,nDCG@1_stderr,nDCG@1_ci90_low,nDCG@1_ci90_high,nDCG@1_ci95_low,nDCG@1_ci95_high,nDCG@3,nDCG@3_std,nDCG@3_stderr,nDCG@3_ci90_low,nDCG@3_ci90_high,nDCG@3_ci95_low,nDCG@3_ci95_high,nDCG@5,nDCG@5_std,nDCG@5_stderr,nDCG@5_ci90_low,nDCG@5_ci90_high,nDCG@5_ci95_low,nDCG@5_ci95_high,nDCG@10,nDCG@10_std,nDCG@10_stderr,nDCG@10_ci90_low,nDCG@10_ci90_high,nDCG@10_ci95_low,nDCG@10_ci95_high,nDCG@100,nDCG@100_std,nDCG@100_stderr,nDCG@100_ci90_low,nDCG@100_ci90_high,nDCG@100_ci95_low,nDCG@100_ci95_high,RR@1,RR@3,RR@5,RR@10,RR@100,P@1,P@3,P@5,P@10,P@100,R@1,R@3,R@5,R@10,R@100,AP
0.5444743935309974,0.498185981100066,0.012932263706920523,0.5231894165284757,0.565759370533519,0.5191069188089784,0.5698418682530163,0.6241325347549685,0.4406565032029461,0.011438872870341416,0.6053055024969044,0.6429595670130327,0.6016944430980925,0.6465706264118446,0.6507461417216021,0.4146766125511642,0.010764468511864864,0.6330290992987198,0.6684631841444844,0.629630937990907,0.6718613454522971,0.6736974808730101,0.3883514107485589,0.010081100322544398,0.6571051816910314,0.6902897800549888,0.6539227482045578,0.6934722135414624,0.7052626344739158,0.33990932555100045,0.008823606446653691,0.6907400215306133,0.7197852474172183,0.6879545576696399,0.7225707112781917,0.5444743935309974,0.6109613656783478,0.6250112309074589,0.6339307106490407,0.640068105402023,0.5444743935309974,0.23876909254267575,0.15687331536387852,0.08611859838274752,0.01019541778975723,0.5278526504941599,0.6840745732255167,0.7480907457322551,0.816711590296496,0.9608041329739443,0.631906579455435
