{
  "nDCG@1": 0.6320754716981132,
  "nDCG@1_std": 0.48240323836790533,
  "nDCG@1_stderr": 0.01252256411926836,
  "nDCG@1_ci90_low": 0.6114648117756285,
  "nDCG@1_ci90_high": 0.6526861316205979,
  "nDCG@1_ci95_low": 0.6075116493117504,
  "nDCG@1_ci95_high": 0.656639294084476,
  "nDCG@3": 0.7050780177092132,
  "nDCG@3_std": 0.4132672078553223,
  "nDCG@3_stderr": 0.010727882188909422,
  "nDCG@3_ci90_low": 0.6874211920480953,
  "nDCG@3_ci90_high": 0.7227348433703311,
  "nDCG@3_ci95_low": 0.6840345804258917,
  "nDCG@3_ci95_high": 0.7261214549925347,
  "nDCG@5": 0.729564969721406,
  "nDCG@5_std": 0.38254917290420665,
  "nDCG@5_stderr": 0.009930481732820642,
  "nDCG@5_ci90_low": 0.7132205709295738,
  "nDCG@5_ci90_high": 0.7459093685132383,
  "nDCG@5_ci95_low": 0.7100856851936717,
  "nDCG@5_ci95_high": 0.7490442542491405,
  "nDCG@10": 0.7501471407744612,
  "nDCG@10_std": 0.3529781216182501,
  "nDCG@10_stderr": 0.009162855489150716,
  "nDCG@10_ci90_low": 0.7350661640186568,
  "nDCG@10_ci90_high": 0.7652281175302657,
  "nDCG@10_ci95_low": 0.7321736049519465,
  "nDCG@10_ci95_high": 0.7681206765969759,
  "nDCG@100": 0.7720282882640108,
  "nDCG@100_std": 0.3125469848159159,
  "nDCG@100_stderr": 0.00811331547209965,
  "nDCG@100_ci90_low": 0.758674730282864,
  "nDCG@100_ci90_high": 0.7853818462451576,
  "nDCG@100_ci95_low": 0.7561134933128288,
  "nDCG@100_ci95_high": 0.7879430832151928,
  "RR@1": 0.6314016172506739,
  "RR@3": 0.6938454627133883,
  "RR@5": 0.7071540880503161,
  "RR@10": 0.7149582317203623,
  "RR@100": 0.7190325437912922,
  "P@1": 0.6320754716981132,
  "P@3": 0.2646001796945163,
  "P@5": 0.17169811320754347,
  "P@10": 0.09278975741239681,
  "P@100": 0.010390835579514639,
  "R@1": 0.613095238095238,
  "R@3": 0.7580862533692723,
  "R@5": 0.8167677448337826,
  "R@10": 0.8782008086253369,
  "R@100": 0.9772012578616351,
  "AP": 0.710942496253762
}