nDCG@1,nDCG@1_std,nDCG@1_stderr,nDCG@1_ci90_low,nDCG@1_ci90_high,nDCG@1_ci95_low,nDCG@1_ci95_high,nDCG@3,nDCG@3_std,nDCG@3_stderr,nDCG@3_ci90_low,nDCG@3_ci90_high,nDCG@3_ci95_low,nDCG@3_ci95_high,nDCG@5,nDCG@5_std,nDCG@5_stderr,nDCG@5_ci90_low,nDCG@5_ci90_high,nDCG@5_ci95_low,nDCG@5_ci95_high,nDCG@10,nDCG@10_std,nDCG@10_stderr,nDCG@10_ci90_low,nDCG@10_ci90_high,nDCG@10_ci95_low,nDCG@10_ci95_high,nDCG@100,nDCG@100_std,nDCG@100_stderr,nDCG@100_ci90_low,nDCG@100_ci90_high,nDCG@100_ci95_low,nDCG@100_ci95_high,RR@1,RR@3,RR@5,RR@10,RR@100,P@1,P@3,P@5,P@10,P@100,R@1,R@3,R@5,R@10,R@100,AP
0.6307277628032345,0.4827704480110675,0.012532096406649493,0.61010141386278,0.651354111743689,0.6061452422164125,0.6553102833900565,0.7119970616876561,0.4066266176219523,0.010555501055506369,0.6946239549904647,0.7293701683848475,0.6912917611871328,0.7327023621881794,0.7338778339625088,0.3790092951342144,0.009838591084451294,0.7176846763131102,0.7500709916119075,0.7145787989063694,0.7531768690186482,0.7564600314793098,0.3451905306734941,0.008960699700830806,0.7417117792489891,0.7712082837096306,0.7388830373579491,0.7740370256006706,0.7776445733366718,0.30466876693651346,0.007908807125774776,0.7646276119133278,0.7906615347600158,0.7621309347818802,0.7931582118914634,0.6307277628032345,0.6985624438454635,0.7101527403414207,0.7190251572327049,0.7229685556324204,0.6307277628032345,0.2688679245282986,0.17277628032344647,0.09400269541778755,0.010458221024258573,0.6132075471698113,0.7697663971248876,0.8226639712488769,0.8899932614555256,0.9842767295597483,0.7157134790192426
