nDCG@1,nDCG@1_std,nDCG@1_stderr,nDCG@1_ci90_low,nDCG@1_ci90_high,nDCG@1_ci95_low,nDCG@1_ci95_high,nDCG@3,nDCG@3_std,nDCG@3_stderr,nDCG@3_ci90_low,nDCG@3_ci90_high,nDCG@3_ci95_low,nDCG@3_ci95_high,nDCG@5,nDCG@5_std,nDCG@5_stderr,nDCG@5_ci90_low,nDCG@5_ci90_high,nDCG@5_ci95_low,nDCG@5_ci95_high,nDCG@10,nDCG@10_std,nDCG@10_stderr,nDCG@10_ci90_low,nDCG@10_ci90_high,nDCG@10_ci95_low,nDCG@10_ci95_high,nDCG@100,nDCG@100_std,nDCG@100_stderr,nDCG@100_ci90_low,nDCG@100_ci90_high,nDCG@100_ci95_low,nDCG@100_ci95_high,RR@1,RR@3,RR@5,RR@10,RR@100,P@1,P@3,P@5,P@10,P@100,R@1,R@3,R@5,R@10,R@100,AP
0.6091644204851752,0.48810211109696844,0.012670499484293453,0.5883102764431444,0.630018564527206,0.5843104132775148,0.6340184276928356,0.6836163764192544,0.421707813809898,0.01094698940226325,0.6655989261913156,0.7016338266471933,0.6621431461142216,0.7050896067242872,0.7074600888876756,0.3947952573761126,0.010248374246412072,0.6905924766048096,0.7243277011705417,0.6873572375594488,0.7275629402159025,0.7300361147882275,0.36355725941321665,0.009437476223066704,0.7145031447744531,0.7455690848020019,0.7115238925699174,0.7485483370065376,0.753092421543295,0.3238224041151429,0.008406010773283597,0.7392571217035196,0.7669277213830704,0.7366034857593627,0.7695813573272273,0.6084905660377359,0.6720575022461821,0.6846585804132983,0.693666035596629,0.6980551635272296,0.6091644204851752,0.2571877807726838,0.16698113207546827,0.09103773584905456,0.010283018867924343,0.5898472596585803,0.7371967654986523,0.794362084456424,0.8623652291105122,0.9667565139263253,0.6896962342780187
