nDCG@1,nDCG@1_std,nDCG@1_stderr,nDCG@1_ci90_low,nDCG@1_ci90_high,nDCG@1_ci95_low,nDCG@1_ci95_high,nDCG@3,nDCG@3_std,nDCG@3_stderr,nDCG@3_ci90_low,nDCG@3_ci90_high,nDCG@3_ci95_low,nDCG@3_ci95_high,nDCG@5,nDCG@5_std,nDCG@5_stderr,nDCG@5_ci90_low,nDCG@5_ci90_high,nDCG@5_ci95_low,nDCG@5_ci95_high,nDCG@10,nDCG@10_std,nDCG@10_stderr,nDCG@10_ci90_low,nDCG@10_ci90_high,nDCG@10_ci95_low,nDCG@10_ci95_high,nDCG@100,nDCG@100_std,nDCG@100_stderr,nDCG@100_ci90_low,nDCG@100_ci90_high,nDCG@100_ci95_low,nDCG@100_ci95_high,RR@1,RR@3,RR@5,RR@10,RR@100,P@1,P@3,P@5,P@10,P@100,R@1,R@3,R@5,R@10,R@100,AP
0.6408355795148248,0.47991722417968097,0.012458030406396167,0.6203311344535201,0.6613400245761296,0.6163983441952822,0.6652728148343675,0.711786602257155,0.41088059307608205,0.010665928756129529,0.6942317446212669,0.729341459893043,0.690864690653761,0.7327085138605489,0.734302536196131,0.38270625197192154,0.009934559302249716,0.7179514262071339,0.750653646185128,0.7148152532512777,0.7537898191409842,0.7562256570349734,0.3497559960755325,0.009079213277615142,0.7412823454698363,0.7711689686001104,0.7384161908397805,0.7740351232301662,0.7776417986903889,0.30940049842717615,0.008031636755168341,0.7644226742199466,0.7908609231608311,0.7618872218444078,0.7933963755363699,0.637466307277628,0.6994609164420493,0.7111859838274945,0.7197794998502554,0.7237293506661001,0.6408355795148248,0.2670709793351272,0.17210242587600713,0.09332884097034826,0.010424528301886605,0.6221922731356693,0.7633086253369272,0.8176100628930817,0.8835916442048517,0.9815813117699909,0.7172527105193804
