{
  "nDCG@1": 0.6091644204851752,
  "nDCG@1_std": 0.48810211109696844,
  "nDCG@1_stderr": 0.012670499484293453,
  "nDCG@1_ci90_low": 0.5883102764431444,
  "nDCG@1_ci90_high": 0.630018564527206,
  "nDCG@1_ci95_low": 0.5843104132775148,
  "nDCG@1_ci95_high": 0.6340184276928356,
  "nDCG@3": 0.6836163764192544,
  "nDCG@3_std": 0.421707813809898,
  "nDCG@3_stderr": 0.01094698940226325,
  "nDCG@3_ci90_low": 0.6655989261913156,
  "nDCG@3_ci90_high": 0.7016338266471933,
  "nDCG@3_ci95_low": 0.6621431461142216,
  "nDCG@3_ci95_high": 0.7050896067242872,
  "nDCG@5": 0.7074600888876756,
  "nDCG@5_std": 0.3947952573761126,
  "nDCG@5_stderr": 0.010248374246412072,
  "nDCG@5_ci90_low": 0.6905924766048096,
  "nDCG@5_ci90_high": 0.7243277011705417,
  "nDCG@5_ci95_low": 0.6873572375594488,
  "nDCG@5_ci95_high": 0.7275629402159025,
  "nDCG@10": 0.7300361147882275,
  "nDCG@10_std": 0.36355725941321665,
  "nDCG@10_stderr": 0.009437476223066704,
  "nDCG@10_ci90_low": 0.7145031447744531,
  "nDCG@10_ci90_high": 0.7455690848020019,
  "nDCG@10_ci95_low": 0.7115238925699174,
  "nDCG@10_ci95_high": 0.7485483370065376,
  "nDCG@100": 0.753092421543295,
  "nDCG@100_std": 0.3238224041151429,
  "nDCG@100_stderr": 0.008406010773283597,
  "nDCG@100_ci90_low": 0.7392571217035196,
  "nDCG@100_ci90_high": 0.7669277213830704,
  "nDCG@100_ci95_low": 0.7366034857593627,
  "nDCG@100_ci95_high": 0.7695813573272273,
  "RR@1": 0.6084905660377359,
  "RR@3": 0.6720575022461821,
  "RR@5": 0.6846585804132983,
  "RR@10": 0.693666035596629,
  "RR@100": 0.6980551635272296,
  "P@1": 0.6091644204851752,
  "P@3": 0.2571877807726838,
  "P@5": 0.16698113207546827,
  "P@10": 0.09103773584905456,
  "P@100": 0.010283018867924343,
  "R@1": 0.5898472596585803,
  "R@3": 0.7371967654986523,
  "R@5": 0.794362084456424,
  "R@10": 0.8623652291105122,
  "R@100": 0.9667565139263253,
  "AP": 0.6896962342780187
}