{
  "nDCG@1": 0.6630727762803235,
  "nDCG@1_std": 0.4728191146004984,
  "nDCG@1_stderr": 0.012273772662539323,
  "nDCG@1_ci90_low": 0.6428715976795093,
  "nDCG@1_ci90_high": 0.6832739548811376,
  "nDCG@1_ci95_low": 0.6389969744859202,
  "nDCG@1_ci95_high": 0.6871485780747267,
  "nDCG@3": 0.7378727115535292,
  "nDCG@3_std": 0.39499596887359784,
  "nDCG@3_stderr": 0.010253584457283037,
  "nDCG@3_ci90_low": 0.720996523879604,
  "nDCG@3_ci90_high": 0.7547488992274544,
  "nDCG@3_ci95_low": 0.7177596400584729,
  "nDCG@3_ci95_high": 0.7579857830485854,
  "nDCG@5": 0.7591241165039263,
  "nDCG@5_std": 0.3663652937732326,
  "nDCG@5_stderr": 0.0095103691630921,
  "nDCG@5_ci90_low": 0.7434711733294395,
  "nDCG@5_ci90_high": 0.7747770596784131,
  "nDCG@5_ci95_low": 0.7404689100521198,
  "nDCG@5_ci95_high": 0.7777793229557328,
  "nDCG@10": 0.7807938942129135,
  "nDCG@10_std": 0.3307639296271098,
  "nDCG@10_stderr": 0.00858620379728409,
  "nDCG@10_ci90_low": 0.7666620179609348,
  "nDCG@10_ci90_high": 0.7949257704648921,
  "nDCG@10_ci95_low": 0.7639514981156896,
  "nDCG@10_ci95_high": 0.7976362903101373,
  "nDCG@100": 0.7993445270764516,
  "nDCG@100_std": 0.29294563556094994,
  "nDCG@100_stderr": 0.007604489798167741,
  "nDCG@100_ci90_low": 0.7868284359930868,
  "nDCG@100_ci90_high": 0.8118606181598165,
  "nDCG@100_ci95_low": 0.7844278267136497,
  "nDCG@100_ci95_high": 0.8142612274392536,
  "RR@1": 0.6630727762803235,
  "RR@3": 0.7256289308176106,
  "RR@5": 0.737118149146452,
  "RR@10": 0.7455167287040607,
  "RR@100": 0.7491899827992281,
  "P@1": 0.6630727762803235,
  "P@3": 0.27628032345013115,
  "P@5": 0.17708894878705814,
  "P@10": 0.09588948787061764,
  "P@100": 0.010505390835579326,
  "R@1": 0.6440363881401617,
  "R@3": 0.7913297394429469,
  "R@5": 0.8422057502246181,
  "R@10": 0.907345013477089,
  "R@100": 0.9889937106918238,
  "AP": 0.7418422808156844
}