{
  "nDCG@1": 0.5714285714285714,
  "nDCG@1_std": 0.4950384793537204,
  "nDCG@1_stderr": 0.012850558632619049,
  "nDCG@1_ci90_low": 0.5502780713178692,
  "nDCG@1_ci90_high": 0.5925790715392736,
  "nDCG@1_ci95_low": 0.546221366513446,
  "nDCG@1_ci95_high": 0.5966357763436968,
  "nDCG@3": 0.6466247726458852,
  "nDCG@3_std": 0.43588506557689316,
  "nDCG@3_stderr": 0.01131501252102973,
  "nDCG@3_ci90_low": 0.6280015998780364,
  "nDCG@3_ci90_high": 0.6652479454137341,
  "nDCG@3_ci95_low": 0.6244296411042243,
  "nDCG@3_ci95_high": 0.6688199041875462,
  "nDCG@5": 0.6739348641412937,
  "nDCG@5_std": 0.4082123300762567,
  "nDCG@5_stderr": 0.010596664099831966,
  "nDCG@5_ci90_low": 0.6564940079400959,
  "nDCG@5_ci90_high": 0.6913757203424914,
  "nDCG@5_ci95_low": 0.6531488196573444,
  "nDCG@5_ci95_high": 0.6947209086252429,
  "nDCG@10": 0.6962082187568538,
  "nDCG@10_std": 0.3804725251089397,
  "nDCG@10_stderr": 0.009876574642027992,
  "nDCG@10_ci90_low": 0.6799525446627077,
  "nDCG@10_ci90_high": 0.7124638928509999,
  "nDCG@10_ci95_low": 0.6768346764869337,
  "nDCG@10_ci95_high": 0.7155817610267738,
  "nDCG@100": 0.7262633143889787,
  "nDCG@100_std": 0.33164807450624867,
  "nDCG@100_stderr": 0.008609155054778127,
  "nDCG@100_ci90_low": 0.7120936630808297,
  "nDCG@100_ci90_high": 0.7404329656971278,
  "nDCG@100_ci95_low": 0.7093758979103651,
  "nDCG@100_ci95_high": 0.7431507308675923,
  "RR@1": 0.5707547169811321,
  "RR@3": 0.633535489667566,
  "RR@5": 0.6486972147349522,
  "RR@10": 0.6574862020279821,
  "RR@100": 0.6634344245704736,
  "P@1": 0.5714285714285714,
  "P@3": 0.24505840071877605,
  "P@5": 0.16132075471697804,
  "P@10": 0.08807277628032156,
  "P@100": 0.01029649595687313,
  "R@1": 0.5551437556154537,
  "R@3": 0.7031109613656783,
  "R@5": 0.7683063791554356,
  "R@10": 0.8344002695417789,
  "R@100": 0.970125786163522,
  "AP": 0.6557572670190888
}