nDCG@1,nDCG@1_std,nDCG@1_stderr,nDCG@1_ci90_low,nDCG@1_ci90_high,nDCG@1_ci95_low,nDCG@1_ci95_high,nDCG@3,nDCG@3_std,nDCG@3_stderr,nDCG@3_ci90_low,nDCG@3_ci90_high,nDCG@3_ci95_low,nDCG@3_ci95_high,nDCG@5,nDCG@5_std,nDCG@5_stderr,nDCG@5_ci90_low,nDCG@5_ci90_high,nDCG@5_ci95_low,nDCG@5_ci95_high,nDCG@10,nDCG@10_std,nDCG@10_stderr,nDCG@10_ci90_low,nDCG@10_ci90_high,nDCG@10_ci95_low,nDCG@10_ci95_high,nDCG@100,nDCG@100_std,nDCG@100_stderr,nDCG@100_ci90_low,nDCG@100_ci90_high,nDCG@100_ci95_low,nDCG@100_ci95_high,RR@1,RR@3,RR@5,RR@10,RR@100,P@1,P@3,P@5,P@10,P@100,R@1,R@3,R@5,R@10,R@100,AP
0.7021563342318059,0.4574645741863603,0.011875188653218677,0.6826111777833566,0.7217014906802552,0.6788623808446256,0.7254502876189862,0.7732547885479306,0.37335732903456464,0.009691873354855919,0.7573031109341293,0.789206466161732,0.7542435498421541,0.7922660272537071,0.7922235155988406,0.3447816629327042,0.008950086023116567,0.7774927322271188,0.8069542989705625,0.774667340895273,0.8097796903024083,0.8122474828892643,0.30810787332300393,0.007998081879367886,0.7990835857769955,0.8254113800015331,0.7965587261102846,0.827936239668244,0.8266006298825636,0.27619006767402643,0.0071695369277669585,0.814800419796793,0.8384008399683341,0.8125371178087738,0.8406641419563533,0.7021563342318059,0.762129380053909,0.7726078167115912,0.7801277114619437,0.7827710367890203,0.7021563342318059,0.28773584905659966,0.18288409703503625,0.09811320754716737,0.010539083557951294,0.6818283917340522,0.8240116801437556,0.8686545372866127,0.9282345013477089,0.9913522012578615,0.7755121852841091
