nDCG@1,nDCG@1_std,nDCG@1_stderr,nDCG@1_ci90_low,nDCG@1_ci90_high,nDCG@1_ci95_low,nDCG@1_ci95_high,nDCG@3,nDCG@3_std,nDCG@3_stderr,nDCG@3_ci90_low,nDCG@3_ci90_high,nDCG@3_ci95_low,nDCG@3_ci95_high,nDCG@5,nDCG@5_std,nDCG@5_stderr,nDCG@5_ci90_low,nDCG@5_ci90_high,nDCG@5_ci95_low,nDCG@5_ci95_high,nDCG@10,nDCG@10_std,nDCG@10_stderr,nDCG@10_ci90_low,nDCG@10_ci90_high,nDCG@10_ci95_low,nDCG@10_ci95_high,nDCG@100,nDCG@100_std,nDCG@100_stderr,nDCG@100_ci90_low,nDCG@100_ci90_high,nDCG@100_ci95_low,nDCG@100_ci95_high,RR@1,RR@3,RR@5,RR@10,RR@100,P@1,P@3,P@5,P@10,P@100,R@1,R@3,R@5,R@10,R@100,AP
0.6502695417789758,0.4770455067368672,0.01238348433591015,0.6298877907356621,0.6706512928222894,0.6259785334156364,0.6745605501423152,0.728663320226407,0.4006083760097122,0.010399275287351286,0.7115473426720897,0.7457792977807243,0.7082644667110686,0.7490621737417454,0.7529156575581821,0.36950589025101227,0.009591894985552999,0.7371285325192114,0.7687027825971529,0.7341005329136031,0.7717307822027611,0.7690238394701449,0.343987965520439,0.00892948266487624,0.7543269667900281,0.7837207121502616,0.7515080795911736,0.7865395993491161,0.7899787703906211,0.30244867331096287,0.007851176366763302,0.77705666238258,0.8029008783986623,0.7745781783105663,0.805379362470676,0.6502695417789758,0.7147349505840076,0.7270664869721478,0.733437352928593,0.7380354691812513,0.6502695417789758,0.2740341419586667,0.17735849056603387,0.09400269541778758,0.010424528301886605,0.6325808625336927,0.7843104222821203,0.8415318957771788,0.8896001796945193,0.9798966756513925,0.7331179855226755
