nDCG@1,nDCG@1_std,nDCG@1_stderr,nDCG@1_ci90_low,nDCG@1_ci90_high,nDCG@1_ci95_low,nDCG@1_ci95_high,nDCG@3,nDCG@3_std,nDCG@3_stderr,nDCG@3_ci90_low,nDCG@3_ci90_high,nDCG@3_ci95_low,nDCG@3_ci95_high,nDCG@5,nDCG@5_std,nDCG@5_stderr,nDCG@5_ci90_low,nDCG@5_ci90_high,nDCG@5_ci95_low,nDCG@5_ci95_high,nDCG@10,nDCG@10_std,nDCG@10_stderr,nDCG@10_ci90_low,nDCG@10_ci90_high,nDCG@10_ci95_low,nDCG@10_ci95_high,nDCG@100,nDCG@100_std,nDCG@100_stderr,nDCG@100_ci90_low,nDCG@100_ci90_high,nDCG@100_ci95_low,nDCG@100_ci95_high,RR@1,RR@3,RR@5,RR@10,RR@100,P@1,P@3,P@5,P@10,P@100,R@1,R@3,R@5,R@10,R@100,AP
0.6037735849056604,0.48927738419163436,0.01270100805371226,0.5828692273655772,0.6246779424457435,0.5788597331587084,0.6286874366526123,0.6842092495647459,0.42079531928919317,0.010923302224742078,0.6662307856303299,0.702187713499162,0.6627824831960063,0.7056360159334856,0.704204785355984,0.39897638409582653,0.010356910888113621,0.687158534593815,0.7212510361181529,0.683889032359714,0.7245205383522539,0.7246480520921249,0.3706324043488689,0.009621137834480374,0.708812796781377,0.7404833074028728,0.705775565701159,0.7435205384830909,0.7494569192431627,0.32876149803764976,0.00853422326320165,0.7354105968043135,0.7635032416820119,0.7327164863377092,0.7661973521486162,0.6037735849056604,0.6702605570530104,0.6808400718778084,0.688966703033415,0.6940001321153131,0.6037735849056604,0.2592093441150017,0.166307277628029,0.08982479784366379,0.010215633423180409,0.5871518418688231,0.7419699011680143,0.7888589398023359,0.8510220125786162,0.9603548966756513,0.6874466879847226
