{
  "nDCG@1": 0.6037735849056604,
  "nDCG@1_std": 0.48927738419163436,
  "nDCG@1_stderr": 0.01270100805371226,
  "nDCG@1_ci90_low": 0.5828692273655772,
  "nDCG@1_ci90_high": 0.6246779424457435,
  "nDCG@1_ci95_low": 0.5788597331587084,
  "nDCG@1_ci95_high": 0.6286874366526123,
  "nDCG@3": 0.6842092495647459,
  "nDCG@3_std": 0.42079531928919317,
  "nDCG@3_stderr": 0.010923302224742078,
  "nDCG@3_ci90_low": 0.6662307856303299,
  "nDCG@3_ci90_high": 0.702187713499162,
  "nDCG@3_ci95_low": 0.6627824831960063,
  "nDCG@3_ci95_high": 0.7056360159334856,
  "nDCG@5": 0.704204785355984,
  "nDCG@5_std": 0.39897638409582653,
  "nDCG@5_stderr": 0.010356910888113621,
  "nDCG@5_ci90_low": 0.687158534593815,
  "nDCG@5_ci90_high": 0.7212510361181529,
  "nDCG@5_ci95_low": 0.683889032359714,
  "nDCG@5_ci95_high": 0.7245205383522539,
  "nDCG@10": 0.7246480520921249,
  "nDCG@10_std": 0.3706324043488689,
  "nDCG@10_stderr": 0.009621137834480374,
  "nDCG@10_ci90_low": 0.708812796781377,
  "nDCG@10_ci90_high": 0.7404833074028728,
  "nDCG@10_ci95_low": 0.705775565701159,
  "nDCG@10_ci95_high": 0.7435205384830909,
  "nDCG@100": 0.7494569192431627,
  "nDCG@100_std": 0.32876149803764976,
  "nDCG@100_stderr": 0.00853422326320165,
  "nDCG@100_ci90_low": 0.7354105968043135,
  "nDCG@100_ci90_high": 0.7635032416820119,
  "nDCG@100_ci95_low": 0.7327164863377092,
  "nDCG@100_ci95_high": 0.7661973521486162,
  "RR@1": 0.6037735849056604,
  "RR@3": 0.6702605570530104,
  "RR@5": 0.6808400718778084,
  "RR@10": 0.688966703033415,
  "RR@100": 0.6940001321153131,
  "P@1": 0.6037735849056604,
  "P@3": 0.2592093441150017,
  "P@5": 0.166307277628029,
  "P@10": 0.08982479784366379,
  "P@100": 0.010215633423180409,
  "R@1": 0.5871518418688231,
  "R@3": 0.7419699011680143,
  "R@5": 0.7888589398023359,
  "R@10": 0.8510220125786162,
  "R@100": 0.9603548966756513,
  "AP": 0.6874466879847226
}