nDCG@1,nDCG@1_std,nDCG@1_stderr,nDCG@1_ci90_low,nDCG@1_ci90_high,nDCG@1_ci95_low,nDCG@1_ci95_high,nDCG@3,nDCG@3_std,nDCG@3_stderr,nDCG@3_ci90_low,nDCG@3_ci90_high,nDCG@3_ci95_low,nDCG@3_ci95_high,nDCG@5,nDCG@5_std,nDCG@5_stderr,nDCG@5_ci90_low,nDCG@5_ci90_high,nDCG@5_ci95_low,nDCG@5_ci95_high,nDCG@10,nDCG@10_std,nDCG@10_stderr,nDCG@10_ci90_low,nDCG@10_ci90_high,nDCG@10_ci95_low,nDCG@10_ci95_high,nDCG@100,nDCG@100_std,nDCG@100_stderr,nDCG@100_ci90_low,nDCG@100_ci90_high,nDCG@100_ci95_low,nDCG@100_ci95_high,RR@1,RR@3,RR@5,RR@10,RR@100,P@1,P@3,P@5,P@10,P@100,R@1,R@3,R@5,R@10,R@100,AP
0.6226415094339622,0.48488915757472434,0.012587095366546121,0.6019246387083746,0.6433583801595498,0.5979511048172029,0.6473319140507215,0.7041300694097903,0.4107205444494783,0.010661774100792581,0.6865820498453571,0.7216780889742235,0.6832163074325274,0.7250438313870532,0.7282232145358586,0.38193062585856374,0.00991442505155529,0.7119052431429114,0.7445411859288058,0.7087754262306997,0.7476710028410175,0.7482361151422168,0.3524048146190136,0.009147973180975807,0.7331796329060437,0.7632925973783898,0.7302917719332296,0.766180458351204,0.7706316071550031,0.31069529748237135,0.008065248063925527,0.7573571624444131,0.7839060518655931,0.7548110995451129,0.7864521147648933,0.6226415094339622,0.6896900269541784,0.7023921832884107,0.7102147777349945,0.7149644138396403,0.6226415094339622,0.2668463611859807,0.1726415094339586,0.09299191374662859,0.01039757412398903,0.6050089847259659,0.7631401617250674,0.8201931716082659,0.8798854447439353,0.9772012578616351,0.7088375320849664
