{
  "nDCG@1": 0.6132075471698113,
  "nDCG@1_std": 0.48717962453772073,
  "nDCG@1_stderr": 0.012646552926375587,
  "nDCG@1_ci90_low": 0.5923928163307681,
  "nDCG@1_ci90_high": 0.6340222780088545,
  "nDCG@1_ci95_low": 0.5884005126899291,
  "nDCG@1_ci95_high": 0.6380145816496935,
  "nDCG@3": 0.6918282344679689,
  "nDCG@3_std": 0.4181016636244794,
  "nDCG@3_stderr": 0.01085337840770733,
  "nDCG@3_ci90_low": 0.67396485686888,
  "nDCG@3_ci90_high": 0.7096916120670579,
  "nDCG@3_ci95_low": 0.6705386282052475,
  "nDCG@3_ci95_high": 0.7131178407306904,
  "nDCG@5": 0.7130739745060732,
  "nDCG@5_std": 0.3943742462054635,
  "nDCG@5_stderr": 0.010237445340965214,
  "nDCG@5_ci90_low": 0.6962243499093826,
  "nDCG@5_ci90_high": 0.7299235991027638,
  "nDCG@5_ci95_low": 0.6929925609352989,
  "nDCG@5_ci95_high": 0.7331553880768475,
  "nDCG@10": 0.7326829983584637,
  "nDCG@10_std": 0.36654802633733735,
  "nDCG@10_stderr": 0.009515112664106774,
  "nDCG@10_ci90_low": 0.7170222479421593,
  "nDCG@10_ci90_high": 0.7483437487747682,
  "nDCG@10_ci95_low": 0.7140184872215062,
  "nDCG@10_ci95_high": 0.7513475094954213,
  "nDCG@100": 0.7577825415031801,
  "nDCG@100_std": 0.3230562127845382,
  "nDCG@100_stderr": 0.008386121437346331,
  "nDCG@100_ci90_low": 0.7439799771587221,
  "nDCG@100_ci90_high": 0.7715851058476382,
  "nDCG@100_ci95_low": 0.7413326199427481,
  "nDCG@100_ci95_high": 0.7742324630636122,
  "RR@1": 0.6132075471698113,
  "RR@3": 0.6784591194968558,
  "RR@5": 0.6895777178796054,
  "RR@10": 0.6974564668634756,
  "RR@100": 0.7027078671519986,
  "P@1": 0.6132075471698113,
  "P@3": 0.2612309074573197,
  "P@5": 0.16819407008085907,
  "P@10": 0.09056603773584702,
  "P@100": 0.010283018867924343,
  "R@1": 0.5959119496855346,
  "R@3": 0.7483715184186882,
  "R@5": 0.7982929020664868,
  "R@10": 0.8570867026055704,
  "R@100": 0.9667565139263251,
  "AP": 0.6961346418304216
}