{
  "nDCG@1": 0.6388140161725068,
  "nDCG@1_std": 0.48050624620524407,
  "nDCG@1_stderr": 0.012473320656328425,
  "nDCG@1_ci90_low": 0.6182844051676715,
  "nDCG@1_ci90_high": 0.6593436271773421,
  "nDCG@1_ci95_low": 0.6143467880351992,
  "nDCG@1_ci95_high": 0.6632812443098144,
  "nDCG@3": 0.7213651390758238,
  "nDCG@3_std": 0.40113352185375073,
  "nDCG@3_stderr": 0.010412907394229733,
  "nDCG@3_ci90_low": 0.7042267246853903,
  "nDCG@3_ci90_high": 0.7385035534662573,
  "nDCG@3_ci95_low": 0.700939545297954,
  "nDCG@3_ci95_high": 0.7417907328536936,
  "nDCG@5": 0.7451635250773265,
  "nDCG@5_std": 0.3712218393081085,
  "nDCG@5_stderr": 0.009636438803636776,
  "nDCG@5_ci90_low": 0.7293030861804726,
  "nDCG@5_ci90_high": 0.7610239639741805,
  "nDCG@5_ci95_low": 0.7262610248421416,
  "nDCG@5_ci95_high": 0.7640660253125114,
  "nDCG@10": 0.7624365806428858,
  "nDCG@10_std": 0.3447540666507845,
  "nDCG@10_stderr": 0.008949369659331446,
  "nDCG@10_ci90_low": 0.7477069763212543,
  "nDCG@10_ci90_high": 0.7771661849645173,
  "nDCG@10_ci95_low": 0.7448818111333834,
  "nDCG@10_ci95_high": 0.7799913501523882,
  "nDCG@100": 0.7833810857635097,
  "nDCG@100_std": 0.30358874456540547,
  "nDCG@100_stderr": 0.007880771141940586,
  "nDCG@100_ci90_low": 0.7704102682546944,
  "nDCG@100_ci90_high": 0.7963519032723251,
  "nDCG@100_ci95_low": 0.7679224416108845,
  "nDCG@100_ci95_high": 0.7988397299161349,
  "RR@1": 0.6388140161725068,
  "RR@3": 0.7070979335130285,
  "RR@5": 0.7193957771787969,
  "RR@10": 0.7260238843965264,
  "RR@100": 0.7305335377889506,
  "P@1": 0.6388140161725068,
  "P@3": 0.2726864330637881,
  "P@5": 0.17614555256064304,
  "P@10": 0.09393530997304364,
  "P@100": 0.010417789757412211,
  "R@1": 0.6199460916442049,
  "R@3": 0.7803796046720575,
  "R@5": 0.8370395327942497,
  "R@10": 0.8883086253369272,
  "R@100": 0.9795597484276729,
  "AP": 0.7242882059486848
}