nDCG@1,nDCG@1_std,nDCG@1_stderr,nDCG@1_ci90_low,nDCG@1_ci90_high,nDCG@1_ci95_low,nDCG@1_ci95_high,nDCG@3,nDCG@3_std,nDCG@3_stderr,nDCG@3_ci90_low,nDCG@3_ci90_high,nDCG@3_ci95_low,nDCG@3_ci95_high,nDCG@5,nDCG@5_std,nDCG@5_stderr,nDCG@5_ci90_low,nDCG@5_ci90_high,nDCG@5_ci95_low,nDCG@5_ci95_high,nDCG@10,nDCG@10_std,nDCG@10_stderr,nDCG@10_ci90_low,nDCG@10_ci90_high,nDCG@10_ci95_low,nDCG@10_ci95_high,nDCG@100,nDCG@100_std,nDCG@100_stderr,nDCG@100_ci90_low,nDCG@100_ci90_high,nDCG@100_ci95_low,nDCG@100_ci95_high,RR@1,RR@3,RR@5,RR@10,RR@100,P@1,P@3,P@5,P@10,P@100,R@1,R@3,R@5,R@10,R@100,AP
0.6388140161725068,0.48050624620524407,0.012473320656328425,0.6182844051676715,0.6593436271773421,0.6143467880351992,0.6632812443098144,0.7213651390758238,0.40113352185375073,0.010412907394229733,0.7042267246853903,0.7385035534662573,0.700939545297954,0.7417907328536936,0.7451635250773265,0.3712218393081085,0.009636438803636776,0.7293030861804726,0.7610239639741805,0.7262610248421416,0.7640660253125114,0.7624365806428858,0.3447540666507845,0.008949369659331446,0.7477069763212543,0.7771661849645173,0.7448818111333834,0.7799913501523882,0.7833810857635097,0.30358874456540547,0.007880771141940586,0.7704102682546944,0.7963519032723251,0.7679224416108845,0.7988397299161349,0.6388140161725068,0.7070979335130285,0.7193957771787969,0.7260238843965264,0.7305335377889506,0.6388140161725068,0.2726864330637881,0.17614555256064304,0.09393530997304364,0.010417789757412211,0.6199460916442049,0.7803796046720575,0.8370395327942497,0.8883086253369272,0.9795597484276729,0.7242882059486848
