nDCG@1,nDCG@1_std,nDCG@1_stderr,nDCG@1_ci90_low,nDCG@1_ci90_high,nDCG@1_ci95_low,nDCG@1_ci95_high,nDCG@3,nDCG@3_std,nDCG@3_stderr,nDCG@3_ci90_low,nDCG@3_ci90_high,nDCG@3_ci95_low,nDCG@3_ci95_high,nDCG@5,nDCG@5_std,nDCG@5_stderr,nDCG@5_ci90_low,nDCG@5_ci90_high,nDCG@5_ci95_low,nDCG@5_ci95_high,nDCG@10,nDCG@10_std,nDCG@10_stderr,nDCG@10_ci90_low,nDCG@10_ci90_high,nDCG@10_ci95_low,nDCG@10_ci95_high,nDCG@100,nDCG@100_std,nDCG@100_stderr,nDCG@100_ci90_low,nDCG@100_ci90_high,nDCG@100_ci95_low,nDCG@100_ci95_high,RR@1,RR@3,RR@5,RR@10,RR@100,P@1,P@3,P@5,P@10,P@100,R@1,R@3,R@5,R@10,R@100,AP
0.6435309973045822,0.4791174579219442,0.012437269508776948,0.6230607222260732,0.6640012723830911,0.619134485833354,0.6679275087758104,0.7229421114656409,0.40335512085745096,0.010470577230910891,0.7057087793426808,0.740175443588601,0.7024033945596486,0.7434808283716332,0.7444578643445612,0.3758948611556942,0.009757744406632138,0.7283977707678655,0.7605179579212569,0.7253174152948948,0.7635983133942276,0.762858386387669,0.3478217615926341,0.009029003052211718,0.74799771491689,0.777719057858448,0.745147410808858,0.78056936196648,0.7847883881566962,0.3054967469606845,0.007930300416278454,0.7717360513184638,0.7978407249949285,0.7692325891174061,0.8003441871959862,0.6435309973045822,0.7092318059299196,0.7204851752021572,0.7275606469002699,0.732250340355569,0.6435309973045822,0.27201257861634875,0.1746630727762765,0.09339622641509217,0.010417789757412211,0.6259546271338724,0.7783580413297395,0.8295148247978437,0.8845462713387242,0.9795597484276729,0.7267997215168138
