nDCG@1,nDCG@1_std,nDCG@1_stderr,nDCG@1_ci90_low,nDCG@1_ci90_high,nDCG@1_ci95_low,nDCG@1_ci95_high,nDCG@3,nDCG@3_std,nDCG@3_stderr,nDCG@3_ci90_low,nDCG@3_ci90_high,nDCG@3_ci95_low,nDCG@3_ci95_high,nDCG@5,nDCG@5_std,nDCG@5_stderr,nDCG@5_ci90_low,nDCG@5_ci90_high,nDCG@5_ci95_low,nDCG@5_ci95_high,nDCG@10,nDCG@10_std,nDCG@10_stderr,nDCG@10_ci90_low,nDCG@10_ci90_high,nDCG@10_ci95_low,nDCG@10_ci95_high,nDCG@100,nDCG@100_std,nDCG@100_stderr,nDCG@100_ci90_low,nDCG@100_ci90_high,nDCG@100_ci95_low,nDCG@100_ci95_high,RR@1,RR@3,RR@5,RR@10,RR@100,P@1,P@3,P@5,P@10,P@100,R@1,R@3,R@5,R@10,R@100,AP
0.14757412398921832,0.3547968817130988,0.00921006814879696,0.13241544077787196,0.16273280720056468,0.1295079774701328,0.16564027050830385,0.2259606042500007,0.37432059646132776,0.009716878531347799,0.2099677710722056,0.2419534374277958,0.20690031626739588,0.2450208922326055,0.2546298872358097,0.3715462875924475,0.009644861061451147,0.23875558629840726,0.27050418817321215,0.23571086619521517,0.2735489082764042,0.2865049160368846,0.36254341350832053,0.009411158094701578,0.2710152625506491,0.3019945695231201,0.26804431853572874,0.30496551353804047,0.352578798149299,0.32326491514372596,0.008391539080651574,0.33876731700452095,0.366390279294077,0.336118249529853,0.369039346768745,0.14690026954177898,0.2086702605570531,0.22487646001796924,0.23830835793436855,0.2510612028287377,0.14757412398921832,0.09658580413297374,0.07250673854447505,0.046226415094339876,0.007978436657681803,0.14364330637915546,0.2826819407008086,0.3518643306379156,0.4485624438454628,0.7606132075471698,0.24803303694381712
