{
  "nDCG@1": 0.15700808625336926,
  "nDCG@1_std": 0.3639310323307161,
  "nDCG@1_stderr": 0.00944717888456058,
  "nDCG@1_ci90_low": 0.1414591468059798,
  "nDCG@1_ci90_high": 0.17255702570075873,
  "nDCG@1_ci95_low": 0.13847683163471844,
  "nDCG@1_ci95_high": 0.17553934087202008,
  "nDCG@3": 0.23276503360037817,
  "nDCG@3_std": 0.38027936422311065,
  "nDCG@3_stderr": 0.009871560435269528,
  "nDCG@3_ci90_low": 0.21651761229769675,
  "nDCG@3_ci90_high": 0.2490124549030596,
  "nDCG@3_ci95_low": 0.2134013270224977,
  "nDCG@3_ci95_high": 0.25212874017825865,
  "nDCG@5": 0.26266128756025436,
  "nDCG@5_std": 0.37679233449702676,
  "nDCG@5_stderr": 0.00978104165376546,
  "nDCG@5_ci90_low": 0.24656284946935042,
  "nDCG@5_ci90_high": 0.2787597256511583,
  "nDCG@5_ci95_low": 0.24347513944806182,
  "nDCG@5_ci95_high": 0.2818474356724469,
  "nDCG@10": 0.29358381742986145,
  "nDCG@10_std": 0.36742487959240616,
  "nDCG@10_stderr": 0.009537874640471067,
  "nDCG@10_ci90_low": 0.2778856034917463,
  "nDCG@10_ci90_high": 0.3092820313679766,
  "nDCG@10_ci95_low": 0.2748746571987367,
  "nDCG@10_ci95_high": 0.3122929776609862,
  "nDCG@100": 0.3598520971148238,
  "nDCG@100_std": 0.32704655194522536,
  "nDCG@100_stderr": 0.0084897054807835,
  "nDCG@100_ci90_low": 0.3458790456822306,
  "nDCG@100_ci90_high": 0.373825148547417,
  "nDCG@100_ci95_low": 0.343198988729328,
  "nDCG@100_ci95_high": 0.3765052055003196,
  "RR@1": 0.15633423180592992,
  "RR@3": 0.2164195867026056,
  "RR@5": 0.2330637915543573,
  "RR@10": 0.24603976810850117,
  "RR@100": 0.2586455290419022,
  "P@1": 0.15700808625336926,
  "P@3": 0.0983827493261454,
  "P@5": 0.07439353099730527,
  "P@10": 0.04690026954177919,
  "P@100": 0.008079514824797705,
  "R@1": 0.15274034141958673,
  "R@3": 0.28762353998203055,
  "R@5": 0.3602875112309075,
  "R@10": 0.45462713387241693,
  "R@100": 0.7692048517520216,
  "AP": 0.255250159013077
}