nDCG@1,nDCG@1_std,nDCG@1_stderr,nDCG@1_ci90_low,nDCG@1_ci90_high,nDCG@1_ci95_low,nDCG@1_ci95_high,nDCG@3,nDCG@3_std,nDCG@3_stderr,nDCG@3_ci90_low,nDCG@3_ci90_high,nDCG@3_ci95_low,nDCG@3_ci95_high,nDCG@5,nDCG@5_std,nDCG@5_stderr,nDCG@5_ci90_low,nDCG@5_ci90_high,nDCG@5_ci95_low,nDCG@5_ci95_high,nDCG@10,nDCG@10_std,nDCG@10_stderr,nDCG@10_ci90_low,nDCG@10_ci90_high,nDCG@10_ci95_low,nDCG@10_ci95_high,nDCG@100,nDCG@100_std,nDCG@100_stderr,nDCG@100_ci90_low,nDCG@100_ci90_high,nDCG@100_ci95_low,nDCG@100_ci95_high,RR@1,RR@3,RR@5,RR@10,RR@100,P@1,P@3,P@5,P@10,P@100,R@1,R@3,R@5,R@10,R@100,AP
0.15026954177897575,0.35745588279935764,0.009279092377797855,0.1349972528478423,0.1655418307101092,0.13206799975419464,0.16847108380375686,0.22777648412197757,0.37498683959273316,0.009734173341308596,0.21175518573185606,0.24379778251209908,0.20868227124699157,0.24687069699696357,0.2563349291238726,0.37206517396849187,0.009658330680636571,0.24043845878588482,0.2722313994618604,0.23738948655090408,0.27528037169684116,0.28607948175570475,0.36370012227361637,0.009441184758141366,0.27054040793167977,0.3016185555797297,0.2675599850051168,0.3045989785062927,0.35202516719771043,0.32473127685684816,0.00842960393410641,0.33815103580478156,0.3658992985906393,0.3354899518973417,0.36856038249807915,0.15026954177897575,0.21069182389937108,0.2271338724168911,0.23962665254781146,0.2519558493963126,0.15026954177897575,0.09748427672955957,0.07277628032345079,0.046091644204852025,0.007985175202156197,0.14678796046720574,0.28537735849056606,0.3543351302785265,0.4444631626235399,0.7581985624438453,0.24823237370292442
