nDCG@1,nDCG@3,nDCG@5,nDCG@10,nDCG@100,RR@1,RR@3,RR@5,RR@10,RR@100,P@1,P@3,P@5,P@10,P@100,R@1,R@3,R@5,R@10,R@100,AP
0.14690026954177898,0.22446201869943255,0.25198839934456063,0.28076808758932276,0.34758127612745504,0.14690026954177898,0.20743486073674752,0.22316936208445629,0.23537709108800747,0.24798465562788397,0.14690026954177898,0.09636118598382729,0.07142857142857208,0.045080862533693054,0.007924528301886656,0.14375561545372864,0.28200808625336926,0.3479335130278526,0.4346922731356693,0.7517969451931715,0.24448805364971146
