{
  "nDCG@1": 0.15700808625336926,
  "nDCG@3": 0.23276503360037817,
  "nDCG@5": 0.26266128756025436,
  "nDCG@10": 0.29358381742986145,
  "nDCG@100": 0.3598520971148238,
  "RR@1": 0.15633423180592992,
  "RR@3": 0.2164195867026056,
  "RR@5": 0.2330637915543573,
  "RR@10": 0.24603976810850117,
  "RR@100": 0.2586455290419022,
  "P@1": 0.15700808625336926,
  "P@3": 0.0983827493261454,
  "P@5": 0.07439353099730527,
  "P@10": 0.04690026954177919,
  "P@100": 0.008079514824797705,
  "R@1": 0.15274034141958673,
  "R@3": 0.28762353998203055,
  "R@5": 0.3602875112309075,
  "R@10": 0.45462713387241693,
  "R@100": 0.7692048517520216,
  "AP": 0.255250159013077
}