nDCG@1,nDCG@3,nDCG@5,nDCG@10,nDCG@100,RR@1,RR@3,RR@5,RR@10,RR@100,P@1,P@3,P@5,P@10,P@100,R@1,R@3,R@5,R@10,R@100,AP
0.14757412398921832,0.2259606042500007,0.2546298872358097,0.2865049160368846,0.352578798149299,0.14690026954177898,0.2086702605570531,0.22487646001796924,0.23830835793436855,0.2510612028287377,0.14757412398921832,0.09658580413297374,0.07250673854447505,0.046226415094339876,0.007978436657681803,0.14364330637915546,0.2826819407008086,0.3518643306379156,0.4485624438454628,0.7606132075471698,0.24803303694381712
