nDCG@1,nDCG@1_std,nDCG@1_stderr,nDCG@1_ci90_low,nDCG@1_ci90_high,nDCG@1_ci95_low,nDCG@1_ci95_high,nDCG@3,nDCG@3_std,nDCG@3_stderr,nDCG@3_ci90_low,nDCG@3_ci90_high,nDCG@3_ci95_low,nDCG@3_ci95_high,nDCG@5,nDCG@5_std,nDCG@5_stderr,nDCG@5_ci90_low,nDCG@5_ci90_high,nDCG@5_ci95_low,nDCG@5_ci95_high,nDCG@10,nDCG@10_std,nDCG@10_stderr,nDCG@10_ci90_low,nDCG@10_ci90_high,nDCG@10_ci95_low,nDCG@10_ci95_high,nDCG@100,nDCG@100_std,nDCG@100_stderr,nDCG@100_ci90_low,nDCG@100_ci90_high,nDCG@100_ci95_low,nDCG@100_ci95_high,RR@1,RR@3,RR@5,RR@10,RR@100,P@1,P@3,P@5,P@10,P@100,R@1,R@3,R@5,R@10,R@100,AP
0.15700808625336926,0.3639310323307161,0.00944717888456058,0.1414591468059798,0.17255702570075873,0.13847683163471844,0.17553934087202008,0.23276503360037817,0.38027936422311065,0.009871560435269528,0.21651761229769675,0.2490124549030596,0.2134013270224977,0.25212874017825865,0.26266128756025436,0.37679233449702676,0.00978104165376546,0.24656284946935042,0.2787597256511583,0.24347513944806182,0.2818474356724469,0.29358381742986145,0.36742487959240616,0.009537874640471067,0.2778856034917463,0.3092820313679766,0.2748746571987367,0.3122929776609862,0.3598520971148238,0.32704655194522536,0.0084897054807835,0.3458790456822306,0.373825148547417,0.343198988729328,0.3765052055003196,0.15633423180592992,0.2164195867026056,0.2330637915543573,0.24603976810850117,0.2586455290419022,0.15700808625336926,0.0983827493261454,0.07439353099730527,0.04690026954177919,0.008079514824797705,0.15274034141958673,0.28762353998203055,0.3602875112309075,0.45462713387241693,0.7692048517520216,0.255250159013077
