nDCG@1,nDCG@3,nDCG@5,nDCG@10,nDCG@100,RR@1,RR@3,RR@5,RR@10,RR@100,P@1,P@3,P@5,P@10,P@100,R@1,R@3,R@5,R@10,R@100,AP
0.15296495956873316,0.23122599351694048,0.26024687126971074,0.291531609709515,0.35942288220196567,0.15296495956873316,0.21451033243486076,0.2310871518418686,0.24416901980918138,0.25697483003401284,0.15296495956873316,0.09883198562443832,0.07385444743935378,0.04696765498652313,0.008173854447439212,0.1486972147349506,0.2886343216531896,0.3582097933513027,0.4536163522012579,0.7761680143755616,0.2528814315745304
