nDCG@1,nDCG@1_std,nDCG@1_stderr,nDCG@1_ci90_low,nDCG@1_ci90_high,nDCG@1_ci95_low,nDCG@1_ci95_high,nDCG@3,nDCG@3_std,nDCG@3_stderr,nDCG@3_ci90_low,nDCG@3_ci90_high,nDCG@3_ci95_low,nDCG@3_ci95_high,nDCG@5,nDCG@5_std,nDCG@5_stderr,nDCG@5_ci90_low,nDCG@5_ci90_high,nDCG@5_ci95_low,nDCG@5_ci95_high,nDCG@10,nDCG@10_std,nDCG@10_stderr,nDCG@10_ci90_low,nDCG@10_ci90_high,nDCG@10_ci95_low,nDCG@10_ci95_high,nDCG@100,nDCG@100_std,nDCG@100_stderr,nDCG@100_ci90_low,nDCG@100_ci90_high,nDCG@100_ci95_low,nDCG@100_ci95_high,RR@1,RR@3,RR@5,RR@10,RR@100,P@1,P@3,P@5,P@10,P@100,R@1,R@3,R@5,R@10,R@100,AP
0.1597035040431267,0.36645434358882595,0.009512680781126319,0.14404675621867194,0.17536025186758145,0.14104376320249398,0.1783632448837594,0.2364482059750757,0.3819356956014146,0.009914556655522405,0.22013001797755896,0.2527663939725925,0.2170001595201926,0.2558962524299588,0.26707178220772926,0.37827927610949524,0.009819640734788923,0.25090981459326145,0.28323374982219707,0.2478099194925603,0.2863336449228982,0.29753314397361513,0.3687262274432755,0.009571655947493625,0.2817793299983073,0.313286957948923,0.2787577195159488,0.31630856843128147,0.3650912212996719,0.32676397951012426,0.008482370265852392,0.3511302427635689,0.37905219983577493,0.348452501414408,0.38172994118493586,0.15902964959568733,0.21990116801437548,0.23708445642407874,0.24978688016086908,0.26258895832083573,0.1597035040431267,0.10017969451931706,0.07560646900269612,0.04737196765498671,0.008214285714285573,0.15554806828391735,0.292340521114106,0.366015274034142,0.4593441150044924,0.7806603773584906,0.2589583373419843
