{
  "nDCG@1": 0.14757412398921832,
  "nDCG@3": 0.2259606042500007,
  "nDCG@5": 0.2546298872358097,
  "nDCG@10": 0.2865049160368846,
  "nDCG@100": 0.352578798149299,
  "RR@1": 0.14690026954177898,
  "RR@3": 0.2086702605570531,
  "RR@5": 0.22487646001796924,
  "RR@10": 0.23830835793436855,
  "RR@100": 0.2510612028287377,
  "P@1": 0.14757412398921832,
  "P@3": 0.09658580413297374,
  "P@5": 0.07250673854447505,
  "P@10": 0.046226415094339876,
  "P@100": 0.007978436657681803,
  "R@1": 0.14364330637915546,
  "R@3": 0.2826819407008086,
  "R@5": 0.3518643306379156,
  "R@10": 0.4485624438454628,
  "R@100": 0.7606132075471698,
  "AP": 0.24803303694381712
}