nDCG@1,nDCG@3,nDCG@5,nDCG@10,nDCG@100,RR@1,RR@3,RR@5,RR@10,RR@100,P@1,P@3,P@5,P@10,P@100,R@1,R@3,R@5,R@10,R@100,AP
0.15498652291105122,0.23289631347186085,0.264401953730967,0.29823607063710117,0.3632541072648032,0.15498652291105122,0.2161949685534591,0.23405211141060167,0.2480220232747184,0.2602769848812418,0.15498652291105122,0.09928122192273123,0.07547169811320825,0.048584905660377486,0.00820754716981118,0.1504941599281222,0.2896451033243486,0.36534141958670263,0.4702942497753819,0.7803234501347709,0.2562617984681507
