{
  "nDCG@1": 0.15026954177897575,
  "nDCG@1_std": 0.35745588279935764,
  "nDCG@1_stderr": 0.009279092377797855,
  "nDCG@1_ci90_low": 0.1349972528478423,
  "nDCG@1_ci90_high": 0.1655418307101092,
  "nDCG@1_ci95_low": 0.13206799975419464,
  "nDCG@1_ci95_high": 0.16847108380375686,
  "nDCG@3": 0.22777648412197757,
  "nDCG@3_std": 0.37498683959273316,
  "nDCG@3_stderr": 0.009734173341308596,
  "nDCG@3_ci90_low": 0.21175518573185606,
  "nDCG@3_ci90_high": 0.24379778251209908,
  "nDCG@3_ci95_low": 0.20868227124699157,
  "nDCG@3_ci95_high": 0.24687069699696357,
  "nDCG@5": 0.2563349291238726,
  "nDCG@5_std": 0.37206517396849187,
  "nDCG@5_stderr": 0.009658330680636571,
  "nDCG@5_ci90_low": 0.24043845878588482,
  "nDCG@5_ci90_high": 0.2722313994618604,
  "nDCG@5_ci95_low": 0.23738948655090408,
  "nDCG@5_ci95_high": 0.27528037169684116,
  "nDCG@10": 0.28607948175570475,
  "nDCG@10_std": 0.36370012227361637,
  "nDCG@10_stderr": 0.009441184758141366,
  "nDCG@10_ci90_low": 0.27054040793167977,
  "nDCG@10_ci90_high": 0.3016185555797297,
  "nDCG@10_ci95_low": 0.2675599850051168,
  "nDCG@10_ci95_high": 0.3045989785062927,
  "nDCG@100": 0.35202516719771043,
  "nDCG@100_std": 0.32473127685684816,
  "nDCG@100_stderr": 0.00842960393410641,
  "nDCG@100_ci90_low": 0.33815103580478156,
  "nDCG@100_ci90_high": 0.3658992985906393,
  "nDCG@100_ci95_low": 0.3354899518973417,
  "nDCG@100_ci95_high": 0.36856038249807915,
  "RR@1": 0.15026954177897575,
  "RR@3": 0.21069182389937108,
  "RR@5": 0.2271338724168911,
  "RR@10": 0.23962665254781146,
  "RR@100": 0.2519558493963126,
  "P@1": 0.15026954177897575,
  "P@3": 0.09748427672955957,
  "P@5": 0.07277628032345079,
  "P@10": 0.046091644204852025,
  "P@100": 0.007985175202156197,
  "R@1": 0.14678796046720574,
  "R@3": 0.28537735849056606,
  "R@5": 0.3543351302785265,
  "R@10": 0.4444631626235399,
  "R@100": 0.7581985624438453,
  "AP": 0.24823237370292442
}