{
  "nDCG@1": 0.15026954177897575,
  "nDCG@3": 0.22777648412197757,
  "nDCG@5": 0.2563349291238726,
  "nDCG@10": 0.28607948175570475,
  "nDCG@100": 0.35202516719771043,
  "RR@1": 0.15026954177897575,
  "RR@3": 0.21069182389937108,
  "RR@5": 0.2271338724168911,
  "RR@10": 0.23962665254781146,
  "RR@100": 0.2519558493963126,
  "P@1": 0.15026954177897575,
  "P@3": 0.09748427672955957,
  "P@5": 0.07277628032345079,
  "P@10": 0.046091644204852025,
  "P@100": 0.007985175202156197,
  "R@1": 0.14678796046720574,
  "R@3": 0.28537735849056606,
  "R@5": 0.3543351302785265,
  "R@10": 0.4444631626235399,
  "R@100": 0.7581985624438453,
  "AP": 0.24823237370292442
}