{
  "nDCG@1": 0.1597035040431267,
  "nDCG@1_std": 0.36645434358882595,
  "nDCG@1_stderr": 0.009512680781126319,
  "nDCG@1_ci90_low": 0.14404675621867194,
  "nDCG@1_ci90_high": 0.17536025186758145,
  "nDCG@1_ci95_low": 0.14104376320249398,
  "nDCG@1_ci95_high": 0.1783632448837594,
  "nDCG@3": 0.2364482059750757,
  "nDCG@3_std": 0.3819356956014146,
  "nDCG@3_stderr": 0.009914556655522405,
  "nDCG@3_ci90_low": 0.22013001797755896,
  "nDCG@3_ci90_high": 0.2527663939725925,
  "nDCG@3_ci95_low": 0.2170001595201926,
  "nDCG@3_ci95_high": 0.2558962524299588,
  "nDCG@5": 0.26707178220772926,
  "nDCG@5_std": 0.37827927610949524,
  "nDCG@5_stderr": 0.009819640734788923,
  "nDCG@5_ci90_low": 0.25090981459326145,
  "nDCG@5_ci90_high": 0.28323374982219707,
  "nDCG@5_ci95_low": 0.2478099194925603,
  "nDCG@5_ci95_high": 0.2863336449228982,
  "nDCG@10": 0.29753314397361513,
  "nDCG@10_std": 0.3687262274432755,
  "nDCG@10_stderr": 0.009571655947493625,
  "nDCG@10_ci90_low": 0.2817793299983073,
  "nDCG@10_ci90_high": 0.313286957948923,
  "nDCG@10_ci95_low": 0.2787577195159488,
  "nDCG@10_ci95_high": 0.31630856843128147,
  "nDCG@100": 0.3650912212996719,
  "nDCG@100_std": 0.32676397951012426,
  "nDCG@100_stderr": 0.008482370265852392,
  "nDCG@100_ci90_low": 0.3511302427635689,
  "nDCG@100_ci90_high": 0.37905219983577493,
  "nDCG@100_ci95_low": 0.348452501414408,
  "nDCG@100_ci95_high": 0.38172994118493586,
  "RR@1": 0.15902964959568733,
  "RR@3": 0.21990116801437548,
  "RR@5": 0.23708445642407874,
  "RR@10": 0.24978688016086908,
  "RR@100": 0.26258895832083573,
  "P@1": 0.1597035040431267,
  "P@3": 0.10017969451931706,
  "P@5": 0.07560646900269612,
  "P@10": 0.04737196765498671,
  "P@100": 0.008214285714285573,
  "R@1": 0.15554806828391735,
  "R@3": 0.292340521114106,
  "R@5": 0.366015274034142,
  "R@10": 0.4593441150044924,
  "R@100": 0.7806603773584906,
  "AP": 0.2589583373419843
}