nDCG@1,nDCG@1_std,nDCG@1_stderr,nDCG@1_ci90_low,nDCG@1_ci90_high,nDCG@1_ci95_low,nDCG@1_ci95_high,nDCG@3,nDCG@3_std,nDCG@3_stderr,nDCG@3_ci90_low,nDCG@3_ci90_high,nDCG@3_ci95_low,nDCG@3_ci95_high,nDCG@5,nDCG@5_std,nDCG@5_stderr,nDCG@5_ci90_low,nDCG@5_ci90_high,nDCG@5_ci95_low,nDCG@5_ci95_high,nDCG@10,nDCG@10_std,nDCG@10_stderr,nDCG@10_ci90_low,nDCG@10_ci90_high,nDCG@10_ci95_low,nDCG@10_ci95_high,nDCG@100,nDCG@100_std,nDCG@100_stderr,nDCG@100_ci90_low,nDCG@100_ci90_high,nDCG@100_ci95_low,nDCG@100_ci95_high,RR@1,RR@3,RR@5,RR@10,RR@100,P@1,P@3,P@5,P@10,P@100,R@1,R@3,R@5,R@10,R@100,AP
0.7284366576819407,0.44491581559985566,0.011549439111096245,0.7094276464645035,0.7474456688993778,0.705781683166733,0.7510916321971484,0.7972951562425911,0.36060895007092425,0.00936094192593552,0.7818881526327858,0.8127021598523964,0.7789330610161087,0.8156572514690734,0.8177189708931889,0.32567463905031674,0.008454092396487738,0.803804534386598,0.8316334073997798,0.8011357198842607,0.8343022219021171,0.8359732957400913,0.2881552393711313,0.007480137309062034,0.8236618741508541,0.8482847173293284,0.8213005208566563,0.8506460706235263,0.8464591355312968,0.2618896282267071,0.006798316016152354,0.8352699111743699,0.8576483598882237,0.8331237973723824,0.8597944736902112,0.7284366576819407,0.7847035040431268,0.7961590296495962,0.8031352949985024,0.8054046681085336,0.7284366576819407,0.2973944294698967,0.1888140161725024,0.10053908355794901,0.010552560646900081,0.7062556154537287,0.8446203953279424,0.8931940700808625,0.9476639712488769,0.9923629829290206,0.8009613370665339
