{
  "nDCG@1": 0.6516172506738545,
  "nDCG@1_std": 0.4766185955626693,
  "nDCG@1_stderr": 0.01237240227400233,
  "nDCG@1_ci90_low": 0.6312537393941425,
  "nDCG@1_ci90_high": 0.6719807619535664,
  "nDCG@1_ci95_low": 0.6273479804943075,
  "nDCG@1_ci95_high": 0.6758865208534014,
  "nDCG@3": 0.7369037402455665,
  "nDCG@3_std": 0.39133924597701275,
  "nDCG@3_stderr": 0.010158660660556863,
  "nDCG@3_ci90_low": 0.720183785917643,
  "nDCG@3_ci90_high": 0.75362369457349,
  "nDCG@3_ci95_low": 0.7169768679394953,
  "nDCG@3_ci95_high": 0.7568306125516376,
  "nDCG@5": 0.7600358311002735,
  "nDCG@5_std": 0.3603763056403019,
  "nDCG@5_stderr": 0.009354902777422928,
  "nDCG@5_ci90_low": 0.7446387672148752,
  "nDCG@5_ci90_high": 0.7754328949856718,
  "nDCG@5_ci95_low": 0.7416855820556126,
  "nDCG@5_ci95_high": 0.7783860801449344,
  "nDCG@10": 0.7789458817714263,
  "nDCG@10_std": 0.32941915527510524,
  "nDCG@10_stderr": 0.008551295194460653,
  "nDCG@10_ci90_low": 0.7648714609522417,
  "nDCG@10_ci90_high": 0.793020302590611,
  "nDCG@10_ci95_low": 0.7621719611646328,
  "nDCG@10_ci95_high": 0.7957198023782198,
  "nDCG@100": 0.7967624874910866,
  "nDCG@100_std": 0.2924674871828432,
  "nDCG@100_stderr": 0.007592077684717542,
  "nDCG@100_ci90_low": 0.7842668252789022,
  "nDCG@100_ci90_high": 0.8092581497032709,
  "nDCG@100_ci95_low": 0.7818701342945141,
  "nDCG@100_ci95_high": 0.811654840687659,
  "RR@1": 0.6516172506738545,
  "RR@3": 0.7222596585804139,
  "RR@5": 0.7342542677448349,
  "RR@10": 0.7415503465537161,
  "RR@100": 0.745517330890659,
  "P@1": 0.6516172506738545,
  "P@3": 0.2794249775381814,
  "P@5": 0.17978436657681543,
  "P@10": 0.09615902964959344,
  "P@100": 0.010458221024258573,
  "R@1": 0.6323000898472596,
  "R@3": 0.7963274932614556,
  "R@5": 0.8514150943396226,
  "R@10": 0.9078504043126685,
  "R@100": 0.9832659478885893,
  "AP": 0.7393788506505607
}