nDCG@1,nDCG@1_std,nDCG@1_stderr,nDCG@1_ci90_low,nDCG@1_ci90_high,nDCG@1_ci95_low,nDCG@1_ci95_high,nDCG@3,nDCG@3_std,nDCG@3_stderr,nDCG@3_ci90_low,nDCG@3_ci90_high,nDCG@3_ci95_low,nDCG@3_ci95_high,nDCG@5,nDCG@5_std,nDCG@5_stderr,nDCG@5_ci90_low,nDCG@5_ci90_high,nDCG@5_ci95_low,nDCG@5_ci95_high,nDCG@10,nDCG@10_std,nDCG@10_stderr,nDCG@10_ci90_low,nDCG@10_ci90_high,nDCG@10_ci95_low,nDCG@10_ci95_high,nDCG@100,nDCG@100_std,nDCG@100_stderr,nDCG@100_ci90_low,nDCG@100_ci90_high,nDCG@100_ci95_low,nDCG@100_ci95_high,RR@1,RR@3,RR@5,RR@10,RR@100,P@1,P@3,P@5,P@10,P@100,R@1,R@3,R@5,R@10,R@100,AP
0.6516172506738545,0.4766185955626693,0.01237240227400233,0.6312537393941425,0.6719807619535664,0.6273479804943075,0.6758865208534014,0.7369037402455665,0.39133924597701275,0.010158660660556863,0.720183785917643,0.75362369457349,0.7169768679394953,0.7568306125516376,0.7600358311002735,0.3603763056403019,0.009354902777422928,0.7446387672148752,0.7754328949856718,0.7416855820556126,0.7783860801449344,0.7789458817714263,0.32941915527510524,0.008551295194460653,0.7648714609522417,0.793020302590611,0.7621719611646328,0.7957198023782198,0.7967624874910866,0.2924674871828432,0.007592077684717542,0.7842668252789022,0.8092581497032709,0.7818701342945141,0.811654840687659,0.6516172506738545,0.7222596585804139,0.7342542677448349,0.7415503465537161,0.745517330890659,0.6516172506738545,0.2794249775381814,0.17978436657681543,0.09615902964959344,0.010458221024258573,0.6323000898472596,0.7963274932614556,0.8514150943396226,0.9078504043126685,0.9832659478885893,0.7393788506505607
