{
  "nDCG@1": 0.15633423180592992,
  "nDCG@1_std": 0.363294339279894,
  "nDCG@1_stderr": 0.009430651156471135,
  "nDCG@1_ci90_low": 0.1408124950448033,
  "nDCG@1_ci90_high": 0.17185596856705654,
  "nDCG@1_ci95_low": 0.13783539739877673,
  "nDCG@1_ci95_high": 0.17483306621308312,
  "nDCG@3": 0.2324605783574214,
  "nDCG@3_std": 0.37887535041883735,
  "nDCG@3_stderr": 0.009835114052886536,
  "nDCG@3_ci90_low": 0.2162731434908681,
  "nDCG@3_ci90_high": 0.2486480132239747,
  "nDCG@3_ci95_low": 0.2131683637243978,
  "nDCG@3_ci95_high": 0.251752792990445,
  "nDCG@5": 0.2630432588754386,
  "nDCG@5_std": 0.3761233286375928,
  "nDCG@5_stderr": 0.0097636751269584,
  "nDCG@5_ci90_low": 0.24697340403431053,
  "nDCG@5_ci90_high": 0.2791131137165667,
  "nDCG@5_ci95_low": 0.24389117633287652,
  "nDCG@5_ci95_high": 0.28219534141800073,
  "nDCG@10": 0.2940778324212541,
  "nDCG@10_std": 0.3665979481138703,
  "nDCG@10_stderr": 0.009516408568855873,
  "nDCG@10_ci90_low": 0.2784149490989552,
  "nDCG@10_ci90_high": 0.30974071574355305,
  "nDCG@10_ci95_low": 0.2754107792830112,
  "nDCG@10_ci95_high": 0.31274488555949703,
  "nDCG@100": 0.35691349512322285,
  "nDCG@100_std": 0.32894039048852874,
  "nDCG@100_stderr": 0.008538867079843852,
  "nDCG@100_ci90_low": 0.34285952951124693,
  "nDCG@100_ci90_high": 0.37096746073519876,
  "nDCG@100_ci95_low": 0.34016395306998565,
  "nDCG@100_ci95_high": 0.37366303717646004,
  "RR@1": 0.15633423180592992,
  "RR@3": 0.21563342318059286,
  "RR@5": 0.23311994609164385,
  "RR@10": 0.24619700081290358,
  "RR@100": 0.25773186873603854,
  "P@1": 0.15633423180592992,
  "P@3": 0.09905660377358479,
  "P@5": 0.07479784366576889,
  "P@10": 0.04737196765498673,
  "P@100": 0.007964959568733016,
  "R@1": 0.15234725965858043,
  "R@3": 0.28902740341419586,
  "R@5": 0.36202830188679247,
  "R@10": 0.4558063791554358,
  "R@100": 0.7576931716082659,
  "AP": 0.2535680232182405
}