{
  "nDCG@1": 0.14285714285714285,
  "nDCG@1_std": 0.3500450656992924,
  "nDCG@1_stderr": 0.009086717151160257,
  "nDCG@1_ci90_low": 0.12790148080337851,
  "nDCG@1_ci90_high": 0.15781280491090718,
  "nDCG@1_ci95_low": 0.12503295732689876,
  "nDCG@1_ci95_high": 0.16068132838738694,
  "nDCG@3": 0.2041757040957501,
  "nDCG@3_std": 0.3663174580755461,
  "nDCG@3_stderr": 0.009509127410251684,
  "nDCG@3_ci90_low": 0.18852480469961863,
  "nDCG@3_ci90_high": 0.21982660349188154,
  "nDCG@3_ci95_low": 0.1855229334227449,
  "nDCG@3_ci95_high": 0.22282847476875528,
  "nDCG@5": 0.23323716356978133,
  "nDCG@5_std": 0.3653856765756217,
  "nDCG@5_stderr": 0.009484939567696091,
  "nDCG@5_ci90_low": 0.21762607450262275,
  "nDCG@5_ci90_high": 0.2488482526369399,
  "nDCG@5_ci95_low": 0.2146318389200335,
  "nDCG@5_ci95_high": 0.25184248821952915,
  "nDCG@10": 0.26106472293828664,
  "nDCG@10_std": 0.3590510601942744,
  "nDCG@10_stderr": 0.00932050111973963,
  "nDCG@10_ci90_low": 0.24572428011392086,
  "nDCG@10_ci90_high": 0.27640516576265245,
  "nDCG@10_ci95_low": 0.24278195497825675,
  "nDCG@10_ci95_high": 0.27934749089831656,
  "nDCG@100": 0.326500751111416,
  "nDCG@100_std": 0.3247284293131215,
  "nDCG@100_stderr": 0.008429530015554328,
  "nDCG@100_ci90_low": 0.31262674137968405,
  "nDCG@100_ci90_high": 0.340374760843148,
  "nDCG@100_ci95_low": 0.3099656808070854,
  "nDCG@100_ci95_high": 0.3430358214157466,
  "RR@1": 0.14285714285714285,
  "RR@3": 0.19103773584905678,
  "RR@5": 0.20710916442048496,
  "RR@10": 0.21886150686689743,
  "RR@100": 0.23114148477519517,
  "P@1": 0.14285714285714285,
  "P@3": 0.08580413297394382,
  "P@5": 0.0659029649595693,
  "P@10": 0.042115902964959984,
  "P@100": 0.007567385444743807,
  "R@1": 0.14004941599281223,
  "R@3": 0.2501123090745732,
  "R@5": 0.32086702605570533,
  "R@10": 0.40543575920934416,
  "R@100": 0.718553459119497,
  "AP": 0.22708571512925002
}