{
  "nDCG@1": 0.16172506738544473,
  "nDCG@1_std": 0.36832252993856635,
  "nDCG@1_stderr": 0.009561176482420771,
  "nDCG@1_ci90_low": 0.14598850137059682,
  "nDCG@1_ci90_high": 0.17746163340029264,
  "nDCG@1_ci95_low": 0.14297019907876327,
  "nDCG@1_ci95_high": 0.1804799356921262,
  "nDCG@3": 0.23706501889001363,
  "nDCG@3_std": 0.38323591561723763,
  "nDCG@3_stderr": 0.009948308685405924,
  "nDCG@3_ci90_low": 0.22069127904201344,
  "nDCG@3_ci90_high": 0.2534387587380138,
  "nDCG@3_ci95_low": 0.21755076563759757,
  "nDCG@3_ci95_high": 0.2565792721424297,
  "nDCG@5": 0.2696397938260743,
  "nDCG@5_std": 0.37968105852416506,
  "nDCG@5_stderr": 0.009856029193183928,
  "nDCG@5_ci90_low": 0.2534179351115139,
  "nDCG@5_ci90_high": 0.28586165254063467,
  "nDCG@5_ci95_low": 0.25030655278771086,
  "nDCG@5_ci95_high": 0.2889730348644377,
  "nDCG@10": 0.300625335543048,
  "nDCG@10_std": 0.3696135498861853,
  "nDCG@10_stderr": 0.00959468969043324,
  "nDCG@10_ci90_low": 0.2848336107502791,
  "nDCG@10_ci90_high": 0.3164170603358169,
  "nDCG@10_ci95_low": 0.28180472890343605,
  "nDCG@10_ci95_high": 0.3194459421826599,
  "nDCG@100": 0.36360143564264347,
  "nDCG@100_std": 0.33101675635806055,
  "nDCG@100_stderr": 0.008592766852209067,
  "nDCG@100_ci90_low": 0.3494587573782476,
  "nDCG@100_ci90_high": 0.3777441139070393,
  "nDCG@100_ci95_low": 0.34674616568716243,
  "nDCG@100_ci95_high": 0.3804567055981245,
  "RR@1": 0.1610512129380054,
  "RR@3": 0.22068733153638803,
  "RR@5": 0.2389824797843662,
  "RR@10": 0.25221543019723586,
  "RR@100": 0.2636137996614448,
  "P@1": 0.16172506738544473,
  "P@3": 0.0999550763701706,
  "P@5": 0.07641509433962336,
  "P@10": 0.048180592991913906,
  "P@100": 0.008079514824797705,
  "R@1": 0.15773809523809523,
  "R@3": 0.2913858939802336,
  "R@5": 0.3695530098831986,
  "R@10": 0.463892632524708,
  "R@100": 0.7666217430368373,
  "AP": 0.25966382012340666
}