{
  "nDCG@1": 0.16711590296495957,
  "nDCG@1_std": 0.37320508270797,
  "nDCG@1_stderr": 0.009687921237135577,
  "nDCG@1_ci90_low": 0.1511707300696433,
  "nDCG@1_ci90_high": 0.18306107586027584,
  "nDCG@1_ci95_low": 0.14811241659463192,
  "nDCG@1_ci95_high": 0.1861193893352872,
  "nDCG@3": 0.24045810636258874,
  "nDCG@3_std": 0.3866223698022665,
  "nDCG@3_stderr": 0.010036216655950366,
  "nDCG@3_ci90_low": 0.22393968038895878,
  "nDCG@3_ci90_high": 0.2569765323362187,
  "nDCG@3_ci95_low": 0.2207714159196554,
  "nDCG@3_ci95_high": 0.2601447968055221,
  "nDCG@5": 0.2696346465379737,
  "nDCG@5_std": 0.3831086674758508,
  "nDCG@5_stderr": 0.009945005488240488,
  "nDCG@5_ci90_low": 0.25326634336195103,
  "nDCG@5_ci90_high": 0.28600294971399637,
  "nDCG@5_ci95_low": 0.25012687272121525,
  "nDCG@5_ci95_high": 0.28914242035473214,
  "nDCG@10": 0.3014562991487411,
  "nDCG@10_std": 0.373321241699535,
  "nDCG@10_stderr": 0.00969093657431454,
  "nDCG@10_ci90_low": 0.28550616336494966,
  "nDCG@10_ci90_high": 0.31740643493253257,
  "nDCG@10_ci95_low": 0.28244689799880496,
  "nDCG@10_ci95_high": 0.32046570029867727,
  "nDCG@100": 0.36618201806397704,
  "nDCG@100_std": 0.33362125966266054,
  "nDCG@100_stderr": 0.00866037638928648,
  "nDCG@100_ci90_low": 0.3519280624954327,
  "nDCG@100_ci90_high": 0.3804359736325214,
  "nDCG@100_ci95_low": 0.349194127612839,
  "nDCG@100_ci95_high": 0.38316990851511507,
  "RR@1": 0.16778975741239893,
  "RR@3": 0.22652740341419578,
  "RR@5": 0.24259883198562404,
  "RR@10": 0.25596200744448705,
  "RR@100": 0.2679556945174226,
  "P@1": 0.16711590296495957,
  "P@3": 0.10040431266846353,
  "P@5": 0.07493261455525675,
  "P@10": 0.04777628032345032,
  "P@100": 0.008086253369272099,
  "R@1": 0.16262353998203055,
  "R@3": 0.29205974842767296,
  "R@5": 0.3624775381850854,
  "R@10": 0.45962488769092547,
  "R@100": 0.7684748427672955,
  "AP": 0.26267062838744715
}