nDCG@1,nDCG@1_std,nDCG@1_stderr,nDCG@1_ci90_low,nDCG@1_ci90_high,nDCG@1_ci95_low,nDCG@1_ci95_high,nDCG@3,nDCG@3_std,nDCG@3_stderr,nDCG@3_ci90_low,nDCG@3_ci90_high,nDCG@3_ci95_low,nDCG@3_ci95_high,nDCG@5,nDCG@5_std,nDCG@5_stderr,nDCG@5_ci90_low,nDCG@5_ci90_high,nDCG@5_ci95_low,nDCG@5_ci95_high,nDCG@10,nDCG@10_std,nDCG@10_stderr,nDCG@10_ci90_low,nDCG@10_ci90_high,nDCG@10_ci95_low,nDCG@10_ci95_high,nDCG@100,nDCG@100_std,nDCG@100_stderr,nDCG@100_ci90_low,nDCG@100_ci90_high,nDCG@100_ci95_low,nDCG@100_ci95_high,RR@1,RR@3,RR@5,RR@10,RR@100,P@1,P@3,P@5,P@10,P@100,R@1,R@3,R@5,R@10,R@100,AP
0.14285714285714285,0.3500450656992924,0.009086717151160257,0.12790148080337851,0.15781280491090718,0.12503295732689876,0.16068132838738694,0.2041757040957501,0.3663174580755461,0.009509127410251684,0.18852480469961863,0.21982660349188154,0.1855229334227449,0.22282847476875528,0.23323716356978133,0.3653856765756217,0.009484939567696091,0.21762607450262275,0.2488482526369399,0.2146318389200335,0.25184248821952915,0.26106472293828664,0.3590510601942744,0.00932050111973963,0.24572428011392086,0.27640516576265245,0.24278195497825675,0.27934749089831656,0.326500751111416,0.3247284293131215,0.008429530015554328,0.31262674137968405,0.340374760843148,0.3099656808070854,0.3430358214157466,0.14285714285714285,0.19103773584905678,0.20710916442048496,0.21886150686689743,0.23114148477519517,0.14285714285714285,0.08580413297394382,0.0659029649595693,0.042115902964959984,0.007567385444743807,0.14004941599281223,0.2501123090745732,0.32086702605570533,0.40543575920934416,0.718553459119497,0.22708571512925002
