nDCG@1,nDCG@1_std,nDCG@1_stderr,nDCG@1_ci90_low,nDCG@1_ci90_high,nDCG@1_ci95_low,nDCG@1_ci95_high,nDCG@3,nDCG@3_std,nDCG@3_stderr,nDCG@3_ci90_low,nDCG@3_ci90_high,nDCG@3_ci95_low,nDCG@3_ci95_high,nDCG@5,nDCG@5_std,nDCG@5_stderr,nDCG@5_ci90_low,nDCG@5_ci90_high,nDCG@5_ci95_low,nDCG@5_ci95_high,nDCG@10,nDCG@10_std,nDCG@10_stderr,nDCG@10_ci90_low,nDCG@10_ci90_high,nDCG@10_ci95_low,nDCG@10_ci95_high,nDCG@100,nDCG@100_std,nDCG@100_stderr,nDCG@100_ci90_low,nDCG@100_ci90_high,nDCG@100_ci95_low,nDCG@100_ci95_high,RR@1,RR@3,RR@5,RR@10,RR@100,P@1,P@3,P@5,P@10,P@100,R@1,R@3,R@5,R@10,R@100,AP
0.15633423180592992,0.363294339279894,0.009430651156471135,0.1408124950448033,0.17185596856705654,0.13783539739877673,0.17483306621308312,0.2324605783574214,0.37887535041883735,0.009835114052886536,0.2162731434908681,0.2486480132239747,0.2131683637243978,0.251752792990445,0.2630432588754386,0.3761233286375928,0.0097636751269584,0.24697340403431053,0.2791131137165667,0.24389117633287652,0.28219534141800073,0.2940778324212541,0.3665979481138703,0.009516408568855873,0.2784149490989552,0.30974071574355305,0.2754107792830112,0.31274488555949703,0.35691349512322285,0.32894039048852874,0.008538867079843852,0.34285952951124693,0.37096746073519876,0.34016395306998565,0.37366303717646004,0.15633423180592992,0.21563342318059286,0.23311994609164385,0.24619700081290358,0.25773186873603854,0.15633423180592992,0.09905660377358479,0.07479784366576889,0.04737196765498673,0.007964959568733016,0.15234725965858043,0.28902740341419586,0.36202830188679247,0.4558063791554358,0.7576931716082659,0.2535680232182405
