nDCG@1,nDCG@1_std,nDCG@1_stderr,nDCG@1_ci90_low,nDCG@1_ci90_high,nDCG@1_ci95_low,nDCG@1_ci95_high,nDCG@3,nDCG@3_std,nDCG@3_stderr,nDCG@3_ci90_low,nDCG@3_ci90_high,nDCG@3_ci95_low,nDCG@3_ci95_high,nDCG@5,nDCG@5_std,nDCG@5_stderr,nDCG@5_ci90_low,nDCG@5_ci90_high,nDCG@5_ci95_low,nDCG@5_ci95_high,nDCG@10,nDCG@10_std,nDCG@10_stderr,nDCG@10_ci90_low,nDCG@10_ci90_high,nDCG@10_ci95_low,nDCG@10_ci95_high,nDCG@100,nDCG@100_std,nDCG@100_stderr,nDCG@100_ci90_low,nDCG@100_ci90_high,nDCG@100_ci95_low,nDCG@100_ci95_high,RR@1,RR@3,RR@5,RR@10,RR@100,P@1,P@3,P@5,P@10,P@100,R@1,R@3,R@5,R@10,R@100,AP
0.15026954177897575,0.35745588279935764,0.009279092377797855,0.1349972528478423,0.1655418307101092,0.13206799975419464,0.16847108380375686,0.21304002267247332,0.3727063380587914,0.009674974471127928,0.19711615862323187,0.22896388672171478,0.19406193222407198,0.23201811312087467,0.24204194486581496,0.37123201196516165,0.009636702872656385,0.22618107134257714,0.25790281838905277,0.22313892664210683,0.2609449630895231,0.27394142716308406,0.36319744379931296,0.009428135875121556,0.258423830257662,0.2894590240685061,0.25544752664357034,0.2924353276825978,0.3376593194446801,0.3278497464472044,0.008510555371189098,0.32365195155768683,0.35166668733167333,0.32096531264574274,0.35435332624361743,0.15026954177897575,0.19968553459119504,0.2159591194968552,0.22941080520258395,0.24117656019580183,0.15026954177897575,0.0889487870619942,0.06765498652291164,0.044272237196765866,0.007715633423180462,0.1474618149146451,0.25954627133872415,0.32929020664869724,0.42615678346810426,0.7323674752920037,0.23710195290258626
