nDCG@1,nDCG@1_std,nDCG@1_stderr,nDCG@1_ci90_low,nDCG@1_ci90_high,nDCG@1_ci95_low,nDCG@1_ci95_high,nDCG@3,nDCG@3_std,nDCG@3_stderr,nDCG@3_ci90_low,nDCG@3_ci90_high,nDCG@3_ci95_low,nDCG@3_ci95_high,nDCG@5,nDCG@5_std,nDCG@5_stderr,nDCG@5_ci90_low,nDCG@5_ci90_high,nDCG@5_ci95_low,nDCG@5_ci95_high,nDCG@10,nDCG@10_std,nDCG@10_stderr,nDCG@10_ci90_low,nDCG@10_ci90_high,nDCG@10_ci95_low,nDCG@10_ci95_high,nDCG@100,nDCG@100_std,nDCG@100_stderr,nDCG@100_ci90_low,nDCG@100_ci90_high,nDCG@100_ci95_low,nDCG@100_ci95_high,RR@1,RR@3,RR@5,RR@10,RR@100,P@1,P@3,P@5,P@10,P@100,R@1,R@3,R@5,R@10,R@100,AP
0.17722371967654987,0.38198664573772795,0.009915879255161304,0.1609033548364064,0.19354408451669336,0.1577730788566223,0.19667436049647744,0.26687406512692985,0.39387498584210356,0.010224485187684451,0.2500457714101828,0.2837023588436769,0.24681807373808706,0.28693005651577264,0.2999331230590231,0.3874972089936343,0.010058926349826006,0.28337731961437707,0.3164889265036691,0.28020188607741786,0.3196643600406283,0.33858301656271733,0.37209231342460647,0.009659035185814659,0.32268538669250424,0.3544806464329304,0.319636192057111,0.35752984106832364,0.39973664202494064,0.3283746145283083,0.008524180267701024,0.38570684916924197,0.4137664348806393,0.383015909107074,0.41645737494280727,0.17722371967654987,0.24876460017969426,0.26705974842767244,0.2831252941428143,0.294309138783504,0.17722371967654987,0.11410601976639742,0.08477088948787145,0.05464959568733132,0.00866576819406993,0.1724505840071878,0.33114330637915546,0.41121967654986524,0.5284703504043127,0.8222708894878706,0.289480448749022
