nDCG@1,nDCG@3,nDCG@5,nDCG@10,nDCG@100,RR@1,RR@3,RR@5,RR@10,RR@100,P@1,P@3,P@5,P@10,P@100,R@1,R@3,R@5,R@10,R@100,AP
0.14892183288409702,0.23077962908983665,0.2578449796771966,0.28879833960936496,0.35301379409467454,0.14892183288409702,0.2128256963162623,0.22802111410601958,0.24111073674752911,0.25278244664967353,0.14892183288409702,0.09950584007187771,0.07318059299191441,0.04669811320754741,0.007998652291104984,0.14611410601976638,0.29065588499550765,0.3563566936208445,0.4495170709793351,0.758423180592992,0.24964533976266734
