nDCG@1,nDCG@3,nDCG@5,nDCG@10,nDCG@100,RR@1,RR@3,RR@5,RR@10,RR@100,P@1,P@3,P@5,P@10,P@100,R@1,R@3,R@5,R@10,R@100,AP
0.15633423180592992,0.23637611202158854,0.26528434674671475,0.2966000814129648,0.36206511225903243,0.15633423180592992,0.21933962264150936,0.23551212938005361,0.24868384460702517,0.2606611632457238,0.15633423180592992,0.10107816711590291,0.07506738544474463,0.04777628032345031,0.008160377358490425,0.15274034141958673,0.2950359389038634,0.3654537286612758,0.45962488769092535,0.773921832884097,0.2568704919050433
