nDCG@1,nDCG@3,nDCG@5,nDCG@10,nDCG@100,RR@1,RR@3,RR@5,RR@10,RR@100,P@1,P@3,P@5,P@10,P@100,R@1,R@3,R@5,R@10,R@100,AP
0.1792452830188679,0.2685147701203636,0.30461294975827363,0.33801171346285486,0.40181254958777357,0.1792452830188679,0.2503369272237195,0.27045148247978384,0.2841440978907283,0.2960997732177001,0.1792452830188679,0.11477987421383679,0.08665768194070163,0.05424528301886773,0.00870619946091629,0.1737982929020665,0.33350179694519316,0.4206536388140162,0.5224056603773585,0.8263140161725068,0.29110789924229863
