nDCG@1,nDCG@3,nDCG@5,nDCG@10,nDCG@100,RR@1,RR@3,RR@5,RR@10,RR@100,P@1,P@3,P@5,P@10,P@100,R@1,R@3,R@5,R@10,R@100,AP
0.17722371967654987,0.26687406512692985,0.2999331230590231,0.33858301656271733,0.39973664202494064,0.17722371967654987,0.24876460017969426,0.26705974842767244,0.2831252941428143,0.294309138783504,0.17722371967654987,0.11410601976639742,0.08477088948787145,0.05464959568733132,0.00866576819406993,0.1724505840071878,0.33114330637915546,0.41121967654986524,0.5284703504043127,0.8222708894878706,0.289480448749022
