{
  "nDCG@1": 0.17183288409703504,
  "nDCG@3": 0.2576648367743803,
  "nDCG@5": 0.29084277652648355,
  "nDCG@10": 0.32806036117438475,
  "nDCG@100": 0.39049153322899427,
  "RR@1": 0.17183288409703504,
  "RR@3": 0.24067834681042222,
  "RR@5": 0.2590745732255162,
  "RR@10": 0.2747510482180293,
  "RR@100": 0.2862376393793096,
  "P@1": 0.17183288409703504,
  "P@3": 0.11006289308176119,
  "P@5": 0.08247978436657762,
  "P@10": 0.053032345013476964,
  "P@100": 0.008557951482479636,
  "R@1": 0.16638589398023362,
  "R@3": 0.31935085354896675,
  "R@5": 0.39976415094339623,
  "R@10": 0.5126347708894878,
  "R@100": 0.8108153638814016,
  "AP": 0.2809030450375591
}