nDCG@1,nDCG@3,nDCG@5,nDCG@10,nDCG@100,RR@1,RR@3,RR@5,RR@10,RR@100,P@1,P@3,P@5,P@10,P@100,R@1,R@3,R@5,R@10,R@100,AP
0.16711590296495957,0.24535459419240455,0.2764275757377922,0.3124737725838132,0.37655391614364836,0.16711590296495957,0.22899820305480678,0.24648472596585763,0.26124668420827424,0.2730596736639526,0.16711590296495957,0.10422282120395329,0.07803234501347782,0.05067385444743937,0.008396226415094195,0.162848158131177,0.30295372866127585,0.3784254267744833,0.48848831985624436,0.7953167115902965,0.26873855917715567
