nDCG@1,nDCG@3,nDCG@5,nDCG@10,nDCG@100,RR@1,RR@3,RR@5,RR@10,RR@100,P@1,P@3,P@5,P@10,P@100,R@1,R@3,R@5,R@10,R@100,AP
0.17183288409703504,0.2576648367743803,0.29084277652648355,0.32806036117438475,0.39049153322899427,0.17183288409703504,0.24067834681042222,0.2590745732255162,0.2747510482180293,0.2862376393793096,0.17183288409703504,0.11006289308176119,0.08247978436657762,0.053032345013476964,0.008557951482479636,0.16638589398023362,0.31935085354896675,0.39976415094339623,0.5126347708894878,0.8108153638814016,0.2809030450375591
