{
  "nDCG@1": 0.16711590296495957,
  "nDCG@3": 0.24535459419240455,
  "nDCG@5": 0.2764275757377922,
  "nDCG@10": 0.3124737725838132,
  "nDCG@100": 0.37655391614364836,
  "RR@1": 0.16711590296495957,
  "RR@3": 0.22899820305480678,
  "RR@5": 0.24648472596585763,
  "RR@10": 0.26124668420827424,
  "RR@100": 0.2730596736639526,
  "P@1": 0.16711590296495957,
  "P@3": 0.10422282120395329,
  "P@5": 0.07803234501347782,
  "P@10": 0.05067385444743937,
  "P@100": 0.008396226415094195,
  "R@1": 0.162848158131177,
  "R@3": 0.30295372866127585,
  "R@5": 0.3784254267744833,
  "R@10": 0.48848831985624436,
  "R@100": 0.7953167115902965,
  "AP": 0.26873855917715567
}