{
  "nDCG@1": 0.17183288409703504,
  "nDCG@1_std": 0.377362296029653,
  "nDCG@1_stderr": 0.009795837117954249,
  "nDCG@1_ci90_low": 0.1557100944214328,
  "nDCG@1_ci90_high": 0.18795567377263728,
  "nDCG@1_ci95_low": 0.15261771372143096,
  "nDCG@1_ci95_high": 0.19104805447263912,
  "nDCG@3": 0.2576648367743803,
  "nDCG@3_std": 0.3899429890681519,
  "nDCG@3_stderr": 0.010122415637145873,
  "nDCG@3_ci90_low": 0.24100453746952485,
  "nDCG@3_ci90_high": 0.2743251360792357,
  "nDCG@3_ci95_low": 0.23780906143447175,
  "nDCG@3_ci95_high": 0.27752061211428886,
  "nDCG@5": 0.29084277652648355,
  "nDCG@5_std": 0.38420169703268575,
  "nDCG@5_stderr": 0.00997337912179243,
  "nDCG@5_ci90_low": 0.2744277737044192,
  "nDCG@5_ci90_high": 0.3072577793485479,
  "nDCG@5_ci95_low": 0.27127934598571973,
  "nDCG@5_ci95_high": 0.31040620706724736,
  "nDCG@10": 0.32806036117438475,
  "nDCG@10_std": 0.370181129649575,
  "nDCG@10_stderr": 0.009609423326973272,
  "nDCG@10_ci90_low": 0.3122443865579171,
  "nDCG@10_ci90_high": 0.3438763357908524,
  "nDCG@10_ci95_low": 0.3092108535503077,
  "nDCG@10_ci95_high": 0.3469098687984618,
  "nDCG@100": 0.39049153322899427,
  "nDCG@100_std": 0.3272422326305726,
  "nDCG@100_stderr": 0.008494785098278303,
  "nDCG@100_ci90_low": 0.3765101213465983,
  "nDCG@100_ci90_high": 0.40447294511139026,
  "nDCG@100_ci95_low": 0.37382846084405363,
  "nDCG@100_ci95_high": 0.4071546056139349,
  "RR@1": 0.17183288409703504,
  "RR@3": 0.24067834681042222,
  "RR@5": 0.2590745732255162,
  "RR@10": 0.2747510482180293,
  "RR@100": 0.2862376393793096,
  "P@1": 0.17183288409703504,
  "P@3": 0.11006289308176119,
  "P@5": 0.08247978436657762,
  "P@10": 0.053032345013476964,
  "P@100": 0.008557951482479636,
  "R@1": 0.16638589398023362,
  "R@3": 0.31935085354896675,
  "R@5": 0.39976415094339623,
  "R@10": 0.5126347708894878,
  "R@100": 0.8108153638814016,
  "AP": 0.2809030450375591
}