nDCG@1,nDCG@3,nDCG@5,nDCG@10,nDCG@100,RR@1,RR@3,RR@5,RR@10,RR@100,P@1,P@3,P@5,P@10,P@100,R@1,R@3,R@5,R@10,R@100,AP
0.1765498652291105,0.2680326256592477,0.3024836885028565,0.33836062277417717,0.4005365307403417,0.1765498652291105,0.24921383647798714,0.2682839173405205,0.2831017627176653,0.29472685646688307,0.1765498652291105,0.11522911051212971,0.08611859838275018,0.05471698113207525,0.008672506738544323,0.17177672955974843,0.3345125786163522,0.4179582210242588,0.5267857142857143,0.8229447439353099,0.28999332850197607
