{
  "nDCG@1": 0.17722371967654987,
  "nDCG@1_std": 0.38198664573772795,
  "nDCG@1_stderr": 0.009915879255161304,
  "nDCG@1_ci90_low": 0.1609033548364064,
  "nDCG@1_ci90_high": 0.19354408451669336,
  "nDCG@1_ci95_low": 0.1577730788566223,
  "nDCG@1_ci95_high": 0.19667436049647744,
  "nDCG@3": 0.26687406512692985,
  "nDCG@3_std": 0.39387498584210356,
  "nDCG@3_stderr": 0.010224485187684451,
  "nDCG@3_ci90_low": 0.2500457714101828,
  "nDCG@3_ci90_high": 0.2837023588436769,
  "nDCG@3_ci95_low": 0.24681807373808706,
  "nDCG@3_ci95_high": 0.28693005651577264,
  "nDCG@5": 0.2999331230590231,
  "nDCG@5_std": 0.3874972089936343,
  "nDCG@5_stderr": 0.010058926349826006,
  "nDCG@5_ci90_low": 0.28337731961437707,
  "nDCG@5_ci90_high": 0.3164889265036691,
  "nDCG@5_ci95_low": 0.28020188607741786,
  "nDCG@5_ci95_high": 0.3196643600406283,
  "nDCG@10": 0.33858301656271733,
  "nDCG@10_std": 0.37209231342460647,
  "nDCG@10_stderr": 0.009659035185814659,
  "nDCG@10_ci90_low": 0.32268538669250424,
  "nDCG@10_ci90_high": 0.3544806464329304,
  "nDCG@10_ci95_low": 0.319636192057111,
  "nDCG@10_ci95_high": 0.35752984106832364,
  "nDCG@100": 0.39973664202494064,
  "nDCG@100_std": 0.3283746145283083,
  "nDCG@100_stderr": 0.008524180267701024,
  "nDCG@100_ci90_low": 0.38570684916924197,
  "nDCG@100_ci90_high": 0.4137664348806393,
  "nDCG@100_ci95_low": 0.383015909107074,
  "nDCG@100_ci95_high": 0.41645737494280727,
  "RR@1": 0.17722371967654987,
  "RR@3": 0.24876460017969426,
  "RR@5": 0.26705974842767244,
  "RR@10": 0.2831252941428143,
  "RR@100": 0.294309138783504,
  "P@1": 0.17722371967654987,
  "P@3": 0.11410601976639742,
  "P@5": 0.08477088948787145,
  "P@10": 0.05464959568733132,
  "P@100": 0.00866576819406993,
  "R@1": 0.1724505840071878,
  "R@3": 0.33114330637915546,
  "R@5": 0.41121967654986524,
  "R@10": 0.5284703504043127,
  "R@100": 0.8222708894878706,
  "AP": 0.289480448749022
}