{
  "nDCG@1": 0.15633423180592992,
  "nDCG@1_std": 0.363294339279894,
  "nDCG@1_stderr": 0.009430651156471135,
  "nDCG@1_ci90_low": 0.1408124950448033,
  "nDCG@1_ci90_high": 0.17185596856705654,
  "nDCG@1_ci95_low": 0.13783539739877673,
  "nDCG@1_ci95_high": 0.17483306621308312,
  "nDCG@3": 0.23637611202158854,
  "nDCG@3_std": 0.37996630120310954,
  "nDCG@3_stderr": 0.00986343372419147,
  "nDCG@3_ci90_low": 0.22014206632447184,
  "nDCG@3_ci90_high": 0.2526101577187052,
  "nDCG@3_ci95_low": 0.21702834651500988,
  "nDCG@3_ci95_high": 0.25572387752816716,
  "nDCG@5": 0.26528434674671475,
  "nDCG@5_std": 0.37625189563085304,
  "nDCG@5_stderr": 0.009767012559812644,
  "nDCG@5_ci90_low": 0.24920899888571327,
  "nDCG@5_ci90_high": 0.28135969460771626,
  "nDCG@5_ci95_low": 0.24612571761296914,
  "nDCG@5_ci95_high": 0.28444297588046036,
  "nDCG@10": 0.2966000814129648,
  "nDCG@10_std": 0.3668601139870416,
  "nDCG@10_stderr": 0.009523214055833487,
  "nDCG@10_ci90_low": 0.28092599706375426,
  "nDCG@10_ci90_high": 0.3122741657621753,
  "nDCG@10_ci95_low": 0.2779196788702566,
  "nDCG@10_ci95_high": 0.315280483955673,
  "nDCG@100": 0.36206511225903243,
  "nDCG@100_std": 0.32666187294479443,
  "nDCG@100_stderr": 0.008479719711482842,
  "nDCG@100_ci90_low": 0.34810849622203077,
  "nDCG@100_ci90_high": 0.3760217282960341,
  "nDCG@100_ci95_low": 0.3454315916082175,
  "nDCG@100_ci95_high": 0.37869863290984734,
  "RR@1": 0.15633423180592992,
  "RR@3": 0.21933962264150936,
  "RR@5": 0.23551212938005361,
  "RR@10": 0.24868384460702517,
  "RR@100": 0.2606611632457238,
  "P@1": 0.15633423180592992,
  "P@3": 0.10107816711590291,
  "P@5": 0.07506738544474463,
  "P@10": 0.04777628032345031,
  "P@100": 0.008160377358490425,
  "R@1": 0.15274034141958673,
  "R@3": 0.2950359389038634,
  "R@5": 0.3654537286612758,
  "R@10": 0.45962488769092535,
  "R@100": 0.773921832884097,
  "AP": 0.2568704919050433
}