{
  "nDCG@1": 0.14892183288409702,
  "nDCG@1_std": 0.3561314157086241,
  "nDCG@1_stderr": 0.00924471092521125,
  "nDCG@1_ci90_low": 0.13370613175879587,
  "nDCG@1_ci90_high": 0.16413753400939818,
  "nDCG@1_ci95_low": 0.13078773231033816,
  "nDCG@1_ci95_high": 0.16705593345785588,
  "nDCG@3": 0.23077962908983665,
  "nDCG@3_std": 0.37564342128680084,
  "nDCG@3_stderr": 0.009751217352852379,
  "nDCG@3_ci90_low": 0.21473027827192975,
  "nDCG@3_ci90_high": 0.24682897990774355,
  "nDCG@3_ci95_low": 0.21165198327984427,
  "nDCG@3_ci95_high": 0.24990727489982903,
  "nDCG@5": 0.2578449796771966,
  "nDCG@5_std": 0.372641628720853,
  "nDCG@5_stderr": 0.009673294700411233,
  "nDCG@5_ci90_low": 0.24192388033194548,
  "nDCG@5_ci90_high": 0.27376607902244776,
  "nDCG@5_ci95_low": 0.23887018420809356,
  "nDCG@5_ci95_high": 0.2768197751462997,
  "nDCG@10": 0.28879833960936496,
  "nDCG@10_std": 0.3637015673944493,
  "nDCG@10_stderr": 0.009441222271609043,
  "nDCG@10_ci90_low": 0.2732592040426077,
  "nDCG@10_ci90_high": 0.30433747517612225,
  "nDCG@10_ci95_low": 0.27027876927367506,
  "nDCG@10_ci95_high": 0.30731790994505487,
  "nDCG@100": 0.35301379409467454,
  "nDCG@100_std": 0.32547912482590863,
  "nDCG@100_stderr": 0.008449017100103613,
  "nDCG@100_ci90_low": 0.3391077109258493,
  "nDCG@100_ci90_high": 0.3669198772634998,
  "nDCG@100_ci95_low": 0.3364404986090522,
  "nDCG@100_ci95_high": 0.3695870895802969,
  "RR@1": 0.14892183288409702,
  "RR@3": 0.2128256963162623,
  "RR@5": 0.22802111410601958,
  "RR@10": 0.24111073674752911,
  "RR@100": 0.25278244664967353,
  "P@1": 0.14892183288409702,
  "P@3": 0.09950584007187771,
  "P@5": 0.07318059299191441,
  "P@10": 0.04669811320754741,
  "P@100": 0.007998652291104984,
  "R@1": 0.14611410601976638,
  "R@3": 0.29065588499550765,
  "R@5": 0.3563566936208445,
  "R@10": 0.4495170709793351,
  "R@100": 0.758423180592992,
  "AP": 0.24964533976266734
}