nDCG@1,nDCG@1_std,nDCG@1_stderr,nDCG@1_ci90_low,nDCG@1_ci90_high,nDCG@1_ci95_low,nDCG@1_ci95_high,nDCG@3,nDCG@3_std,nDCG@3_stderr,nDCG@3_ci90_low,nDCG@3_ci90_high,nDCG@3_ci95_low,nDCG@3_ci95_high,nDCG@5,nDCG@5_std,nDCG@5_stderr,nDCG@5_ci90_low,nDCG@5_ci90_high,nDCG@5_ci95_low,nDCG@5_ci95_high,nDCG@10,nDCG@10_std,nDCG@10_stderr,nDCG@10_ci90_low,nDCG@10_ci90_high,nDCG@10_ci95_low,nDCG@10_ci95_high,nDCG@100,nDCG@100_std,nDCG@100_stderr,nDCG@100_ci90_low,nDCG@100_ci90_high,nDCG@100_ci95_low,nDCG@100_ci95_high,RR@1,RR@3,RR@5,RR@10,RR@100,P@1,P@3,P@5,P@10,P@100,R@1,R@3,R@5,R@10,R@100,AP
0.1792452830188679,0.38368686898328475,0.00996001485151756,0.1628522762055382,0.19563828983219764,0.1597080673617516,0.19878249867598421,0.2685147701203636,0.39438935308901063,0.01023783749612259,0.2516645000826509,0.28536504015807634,0.24843258731179252,0.2885969529289347,0.30461294975827363,0.38712528052799,0.010049271567916643,0.2880730369431077,0.32115286257343956,0.28490065125809616,0.3243252482584511,0.33801171346285486,0.3737001169441922,0.00970077168562199,0.32204539024871554,0.3539780366769942,0.318983020103671,0.3570404068220387,0.40181254958777357,0.32826435928389874,0.008521318184162208,0.3877874673831785,0.41583763179236866,0.38509743083255227,0.4185276683429949,0.1792452830188679,0.2503369272237195,0.27045148247978384,0.2841440978907283,0.2960997732177001,0.1792452830188679,0.11477987421383679,0.08665768194070163,0.05424528301886773,0.00870619946091629,0.1737982929020665,0.33350179694519316,0.4206536388140162,0.5224056603773585,0.8263140161725068,0.29110789924229863
