nDCG@1,nDCG@1_std,nDCG@1_stderr,nDCG@1_ci90_low,nDCG@1_ci90_high,nDCG@1_ci95_low,nDCG@1_ci95_high,nDCG@3,nDCG@3_std,nDCG@3_stderr,nDCG@3_ci90_low,nDCG@3_ci90_high,nDCG@3_ci95_low,nDCG@3_ci95_high,nDCG@5,nDCG@5_std,nDCG@5_stderr,nDCG@5_ci90_low,nDCG@5_ci90_high,nDCG@5_ci95_low,nDCG@5_ci95_high,nDCG@10,nDCG@10_std,nDCG@10_stderr,nDCG@10_ci90_low,nDCG@10_ci90_high,nDCG@10_ci95_low,nDCG@10_ci95_high,nDCG@100,nDCG@100_std,nDCG@100_stderr,nDCG@100_ci90_low,nDCG@100_ci90_high,nDCG@100_ci95_low,nDCG@100_ci95_high,RR@1,RR@3,RR@5,RR@10,RR@100,P@1,P@3,P@5,P@10,P@100,R@1,R@3,R@5,R@10,R@100,AP
0.15633423180592992,0.363294339279894,0.009430651156471135,0.1408124950448033,0.17185596856705654,0.13783539739877673,0.17483306621308312,0.23637611202158854,0.37996630120310954,0.00986343372419147,0.22014206632447184,0.2526101577187052,0.21702834651500988,0.25572387752816716,0.26528434674671475,0.37625189563085304,0.009767012559812644,0.24920899888571327,0.28135969460771626,0.24612571761296914,0.28444297588046036,0.2966000814129648,0.3668601139870416,0.009523214055833487,0.28092599706375426,0.3122741657621753,0.2779196788702566,0.315280483955673,0.36206511225903243,0.32666187294479443,0.008479719711482842,0.34810849622203077,0.3760217282960341,0.3454315916082175,0.37869863290984734,0.15633423180592992,0.21933962264150936,0.23551212938005361,0.24868384460702517,0.2606611632457238,0.15633423180592992,0.10107816711590291,0.07506738544474463,0.04777628032345031,0.008160377358490425,0.15274034141958673,0.2950359389038634,0.3654537286612758,0.45962488769092535,0.773921832884097,0.2568704919050433
