{
  "nDCG@1": 0.1792452830188679,
  "nDCG@1_std": 0.38368686898328475,
  "nDCG@1_stderr": 0.00996001485151756,
  "nDCG@1_ci90_low": 0.1628522762055382,
  "nDCG@1_ci90_high": 0.19563828983219764,
  "nDCG@1_ci95_low": 0.1597080673617516,
  "nDCG@1_ci95_high": 0.19878249867598421,
  "nDCG@3": 0.2685147701203636,
  "nDCG@3_std": 0.39438935308901063,
  "nDCG@3_stderr": 0.01023783749612259,
  "nDCG@3_ci90_low": 0.2516645000826509,
  "nDCG@3_ci90_high": 0.28536504015807634,
  "nDCG@3_ci95_low": 0.24843258731179252,
  "nDCG@3_ci95_high": 0.2885969529289347,
  "nDCG@5": 0.30461294975827363,
  "nDCG@5_std": 0.38712528052799,
  "nDCG@5_stderr": 0.010049271567916643,
  "nDCG@5_ci90_low": 0.2880730369431077,
  "nDCG@5_ci90_high": 0.32115286257343956,
  "nDCG@5_ci95_low": 0.28490065125809616,
  "nDCG@5_ci95_high": 0.3243252482584511,
  "nDCG@10": 0.33801171346285486,
  "nDCG@10_std": 0.3737001169441922,
  "nDCG@10_stderr": 0.00970077168562199,
  "nDCG@10_ci90_low": 0.32204539024871554,
  "nDCG@10_ci90_high": 0.3539780366769942,
  "nDCG@10_ci95_low": 0.318983020103671,
  "nDCG@10_ci95_high": 0.3570404068220387,
  "nDCG@100": 0.40181254958777357,
  "nDCG@100_std": 0.32826435928389874,
  "nDCG@100_stderr": 0.008521318184162208,
  "nDCG@100_ci90_low": 0.3877874673831785,
  "nDCG@100_ci90_high": 0.41583763179236866,
  "nDCG@100_ci95_low": 0.38509743083255227,
  "nDCG@100_ci95_high": 0.4185276683429949,
  "RR@1": 0.1792452830188679,
  "RR@3": 0.2503369272237195,
  "RR@5": 0.27045148247978384,
  "RR@10": 0.2841440978907283,
  "RR@100": 0.2960997732177001,
  "P@1": 0.1792452830188679,
  "P@3": 0.11477987421383679,
  "P@5": 0.08665768194070163,
  "P@10": 0.05424528301886773,
  "P@100": 0.00870619946091629,
  "R@1": 0.1737982929020665,
  "R@3": 0.33350179694519316,
  "R@5": 0.4206536388140162,
  "R@10": 0.5224056603773585,
  "R@100": 0.8263140161725068,
  "AP": 0.29110789924229863
}