nDCG@1,nDCG@1_std,nDCG@1_stderr,nDCG@1_ci90_low,nDCG@1_ci90_high,nDCG@1_ci95_low,nDCG@1_ci95_high,nDCG@3,nDCG@3_std,nDCG@3_stderr,nDCG@3_ci90_low,nDCG@3_ci90_high,nDCG@3_ci95_low,nDCG@3_ci95_high,nDCG@5,nDCG@5_std,nDCG@5_stderr,nDCG@5_ci90_low,nDCG@5_ci90_high,nDCG@5_ci95_low,nDCG@5_ci95_high,nDCG@10,nDCG@10_std,nDCG@10_stderr,nDCG@10_ci90_low,nDCG@10_ci90_high,nDCG@10_ci95_low,nDCG@10_ci95_high,nDCG@100,nDCG@100_std,nDCG@100_stderr,nDCG@100_ci90_low,nDCG@100_ci90_high,nDCG@100_ci95_low,nDCG@100_ci95_high,RR@1,RR@3,RR@5,RR@10,RR@100,P@1,P@3,P@5,P@10,P@100,R@1,R@3,R@5,R@10,R@100,AP
0.1765498652291105,0.381415837822522,0.00990106181997547,0.1602538881353287,0.1928458423228923,0.15712828977013138,0.19597144068808964,0.2680326256592477,0.3932420087439659,0.010208053920920416,0.2512313758648271,0.2848338754536683,0.24800886526675123,0.28805638605174416,0.3024836885028565,0.38641364441544074,0.010030798414877425,0.2859741803134015,0.3189931966923115,0.28280762629149736,0.32215975071421565,0.33836062277417717,0.37196240172779704,0.009655662846195541,0.32246854337624525,0.3542527021721091,0.31942041333163956,0.35730083221671477,0.4005365307403417,0.32760239335894126,0.008504134404948585,0.386539731004591,0.41453333047609237,0.38385511908348374,0.4172179423971996,0.1765498652291105,0.24921383647798714,0.2682839173405205,0.2831017627176653,0.29472685646688307,0.1765498652291105,0.11522911051212971,0.08611859838275018,0.05471698113207525,0.008672506738544323,0.17177672955974843,0.3345125786163522,0.4179582210242588,0.5267857142857143,0.8229447439353099,0.28999332850197607
