{
  "nDCG@1": 0.15633423180592992,
  "nDCG@3": 0.23637611202158854,
  "nDCG@5": 0.26528434674671475,
  "nDCG@10": 0.2966000814129648,
  "nDCG@100": 0.36206511225903243,
  "RR@1": 0.15633423180592992,
  "RR@3": 0.21933962264150936,
  "RR@5": 0.23551212938005361,
  "RR@10": 0.24868384460702517,
  "RR@100": 0.2606611632457238,
  "P@1": 0.15633423180592992,
  "P@3": 0.10107816711590291,
  "P@5": 0.07506738544474463,
  "P@10": 0.04777628032345031,
  "P@100": 0.008160377358490425,
  "R@1": 0.15274034141958673,
  "R@3": 0.2950359389038634,
  "R@5": 0.3654537286612758,
  "R@10": 0.45962488769092535,
  "R@100": 0.773921832884097,
  "AP": 0.2568704919050433
}