{
  "nDCG@1": 0.17722371967654987,
  "nDCG@3": 0.26687406512692985,
  "nDCG@5": 0.2999331230590231,
  "nDCG@10": 0.33858301656271733,
  "nDCG@100": 0.39973664202494064,
  "RR@1": 0.17722371967654987,
  "RR@3": 0.24876460017969426,
  "RR@5": 0.26705974842767244,
  "RR@10": 0.2831252941428143,
  "RR@100": 0.294309138783504,
  "P@1": 0.17722371967654987,
  "P@3": 0.11410601976639742,
  "P@5": 0.08477088948787145,
  "P@10": 0.05464959568733132,
  "P@100": 0.00866576819406993,
  "R@1": 0.1724505840071878,
  "R@3": 0.33114330637915546,
  "R@5": 0.41121967654986524,
  "R@10": 0.5284703504043127,
  "R@100": 0.8222708894878706,
  "AP": 0.289480448749022
}