nDCG@1,nDCG@1_std,nDCG@1_stderr,nDCG@1_ci90_low,nDCG@1_ci90_high,nDCG@1_ci95_low,nDCG@1_ci95_high,nDCG@3,nDCG@3_std,nDCG@3_stderr,nDCG@3_ci90_low,nDCG@3_ci90_high,nDCG@3_ci95_low,nDCG@3_ci95_high,nDCG@5,nDCG@5_std,nDCG@5_stderr,nDCG@5_ci90_low,nDCG@5_ci90_high,nDCG@5_ci95_low,nDCG@5_ci95_high,nDCG@10,nDCG@10_std,nDCG@10_stderr,nDCG@10_ci90_low,nDCG@10_ci90_high,nDCG@10_ci95_low,nDCG@10_ci95_high,nDCG@100,nDCG@100_std,nDCG@100_stderr,nDCG@100_ci90_low,nDCG@100_ci90_high,nDCG@100_ci95_low,nDCG@100_ci95_high,RR@1,RR@3,RR@5,RR@10,RR@100,P@1,P@3,P@5,P@10,P@100,R@1,R@3,R@5,R@10,R@100,AP
0.6805929919137467,0.46640407018721314,0.01210724640690077,0.660665895840316,0.7005200879871774,0.6568438421793539,0.7043421416481395,0.7481366110198245,0.39280225273932906,0.010196638423828132,0.7313541497838951,0.764919072255754,0.7281352428658789,0.7681379791737701,0.7676559873347075,0.3661210177651945,0.009504028073874281,0.7520134808433282,0.7832984938260869,0.7490132193410154,0.7862987553283997,0.7873235891886884,0.33376855384787096,0.008664199955821676,0.7730633404817103,0.8015838378956665,0.7703281985635957,0.8043189798137811,0.8047930841538828,0.29762354115887535,0.007725922177005194,0.7920771297326297,0.817509038575136,0.7896381862975559,0.8199479820102098,0.6792452830188679,0.7370844564240795,0.7470575022461823,0.7546036024472687,0.7579864993003241,0.6805929919137467,0.2792003593890348,0.1780323450134732,0.09561994609164198,0.010438005390835394,0.6602650494159927,0.7969451931716082,0.8440588499550763,0.9035265049415993,0.9819182389937106,0.7515615608289922
