{
  "nDCG@1": 0.7587601078167115,
  "nDCG@1_std": 0.4279797124324916,
  "nDCG@1_stderr": 0.011109799778322707,
  "nDCG@1_ci90_low": 0.7404746909598257,
  "nDCG@1_ci90_high": 0.7770455246735974,
  "nDCG@1_ci95_low": 0.7369675143906684,
  "nDCG@1_ci95_high": 0.7805527012427547,
  "nDCG@3": 0.8251079476746431,
  "nDCG@3_std": 0.33583364268549426,
  "nDCG@3_stderr": 0.008717806991024455,
  "nDCG@3_ci90_low": 0.8107594681260024,
  "nDCG@3_ci90_high": 0.8394564272232838,
  "nDCG@3_ci95_low": 0.8080074033702529,
  "nDCG@3_ci95_high": 0.8422084919790334,
  "nDCG@5": 0.8415715445655024,
  "nDCG@5_std": 0.3045694417026556,
  "nDCG@5_stderr": 0.007906228771172818,
  "nDCG@5_ci90_low": 0.828558826808979,
  "nDCG@5_ci90_high": 0.8545842623220259,
  "nDCG@5_ci95_low": 0.826062963620629,
  "nDCG@5_ci95_high": 0.8570801255103758,
  "nDCG@10": 0.8566628269097071,
  "nDCG@10_std": 0.2714792189067152,
  "nDCG@10_stderr": 0.0070472493868615205,
  "nDCG@10_ci90_low": 0.8450638876574776,
  "nDCG@10_ci90_high": 0.8682617661619365,
  "nDCG@10_ci95_low": 0.8428391897853492,
  "nDCG@10_ci95_high": 0.8704864640340649,
  "nDCG@100": 0.8654658032948133,
  "nDCG@100_std": 0.24719391778489955,
  "nDCG@100_stderr": 0.006416834380771235,
  "nDCG@100_ci90_low": 0.8549044526048628,
  "nDCG@100_ci90_high": 0.8760271539847637,
  "nDCG@100_ci95_low": 0.8528787661264877,
  "nDCG@100_ci95_high": 0.8780528404631388,
  "RR@1": 0.7594339622641509,
  "RR@3": 0.8136792452830186,
  "RR@5": 0.8226752021563345,
  "RR@10": 0.8281002652633381,
  "RR@100": 0.8300597123675975,
  "P@1": 0.7587601078167115,
  "P@3": 0.3066037735849007,
  "P@5": 0.1925876010781626,
  "P@10": 0.1014150943396201,
  "P@100": 0.01057277628032326,
  "R@1": 0.7365790655884996,
  "R@3": 0.8717991913746631,
  "R@5": 0.9114442946990117,
  "R@10": 0.9566486972147349,
  "R@100": 0.9943845462713387,
  "AP": 0.8245791074660379
}