nDCG@1,nDCG@1_std,nDCG@1_stderr,nDCG@1_ci90_low,nDCG@1_ci90_high,nDCG@1_ci95_low,nDCG@1_ci95_high,nDCG@3,nDCG@3_std,nDCG@3_stderr,nDCG@3_ci90_low,nDCG@3_ci90_high,nDCG@3_ci95_low,nDCG@3_ci95_high,nDCG@5,nDCG@5_std,nDCG@5_stderr,nDCG@5_ci90_low,nDCG@5_ci90_high,nDCG@5_ci95_low,nDCG@5_ci95_high,nDCG@10,nDCG@10_std,nDCG@10_stderr,nDCG@10_ci90_low,nDCG@10_ci90_high,nDCG@10_ci95_low,nDCG@10_ci95_high,nDCG@100,nDCG@100_std,nDCG@100_stderr,nDCG@100_ci90_low,nDCG@100_ci90_high,nDCG@100_ci95_low,nDCG@100_ci95_high,RR@1,RR@3,RR@5,RR@10,RR@100,P@1,P@3,P@5,P@10,P@100,R@1,R@3,R@5,R@10,R@100,AP
0.7695417789757413,0.4212681048809121,0.010935575127193972,0.7515431152949882,0.7875404426564944,0.7480909385121819,0.7909926194393007,0.8367179511002598,0.3212593254348456,0.008339476565873749,0.8229921586991429,0.8504437435013767,0.8203595264830397,0.85307637571748,0.8531464271000703,0.2894110006702727,0.007512735248164178,0.8407813531573207,0.8655115010428198,0.8384097092430844,0.8678831449570561,0.8649740559736631,0.26152216704690656,0.006788777199205432,0.8538005313815993,0.8761475805657268,0.851657428823375,0.8782906831239511,0.8728411689785595,0.23916669601588855,0.006208458086196354,0.8626227810319007,0.8830595569252182,0.8606628754381934,0.8850194625189255,0.7688679245283019,0.8245732255166215,0.83276055705301,0.8373566722286397,0.8389534794979052,0.7695417789757413,0.3113207547169759,0.19568733153638346,0.10181940700808369,0.01057277628032326,0.7460130278526506,0.8868486073674754,0.9259883198562443,0.9607479784366577,0.9939353099730458,0.8336093534278783
