{
  "nDCG@1": 0.7634770889487871,
  "nDCG@1_std": 0.4250900965316269,
  "nDCG@1_stderr": 0.011034789087015865,
  "nDCG@1_ci90_low": 0.7453151308208285,
  "nDCG@1_ci90_high": 0.7816390470767457,
  "nDCG@1_ci95_low": 0.7418316338628467,
  "nDCG@1_ci95_high": 0.7851225440347275,
  "nDCG@3": 0.8274486816028122,
  "nDCG@3_std": 0.3332487688185715,
  "nDCG@3_stderr": 0.008650707008760085,
  "nDCG@3_ci90_low": 0.8132106406913454,
  "nDCG@3_ci90_high": 0.8416867225142789,
  "nDCG@3_ci95_low": 0.8104797582692368,
  "nDCG@3_ci95_high": 0.8444176049363875,
  "nDCG@5": 0.8455746323242022,
  "nDCG@5_std": 0.30041102134926456,
  "nDCG@5_stderr": 0.007798281557372201,
  "nDCG@5_ci90_low": 0.8327395829183483,
  "nDCG@5_ci90_high": 0.858409681730056,
  "nDCG@5_ci95_low": 0.8302777968462832,
  "nDCG@5_ci95_high": 0.8608714678021211,
  "nDCG@10": 0.8595609000870793,
  "nDCG@10_std": 0.26783761830176145,
  "nDCG@10_stderr": 0.006952718145266659,
  "nDCG@10_ci90_low": 0.8481175480815196,
  "nDCG@10_ci90_high": 0.871004252092639,
  "nDCG@10_ci95_low": 0.8459226921293348,
  "nDCG@10_ci95_high": 0.8731991080448238,
  "nDCG@100": 0.8684311435825722,
  "nDCG@100_std": 0.24389221447367285,
  "nDCG@100_stderr": 0.0063311264332924395,
  "nDCG@100_ci90_low": 0.8580108580404074,
  "nDCG@100_ci90_high": 0.878851429124737,
  "nDCG@100_ci95_low": 0.8560122281167125,
  "nDCG@100_ci95_high": 0.8808500590484319,
  "RR@1": 0.7634770889487871,
  "RR@3": 0.8174977538185085,
  "RR@5": 0.8263252470799647,
  "RR@10": 0.8318735827664401,
  "RR@100": 0.8337597635908133,
  "P@1": 0.7634770889487871,
  "P@3": 0.3059299191374612,
  "P@5": 0.1940700808625291,
  "P@10": 0.10154986522910794,
  "P@100": 0.010579514824797654,
  "R@1": 0.7406221922731357,
  "R@3": 0.8734838274932615,
  "R@5": 0.9162735849056604,
  "R@10": 0.9578840970350404,
  "R@100": 0.9946091644204852,
  "AP": 0.8278537361190685
}