nDCG@1,nDCG@1_std,nDCG@1_stderr,nDCG@1_ci90_low,nDCG@1_ci90_high,nDCG@1_ci95_low,nDCG@1_ci95_high,nDCG@3,nDCG@3_std,nDCG@3_stderr,nDCG@3_ci90_low,nDCG@3_ci90_high,nDCG@3_ci95_low,nDCG@3_ci95_high,nDCG@5,nDCG@5_std,nDCG@5_stderr,nDCG@5_ci90_low,nDCG@5_ci90_high,nDCG@5_ci95_low,nDCG@5_ci95_high,nDCG@10,nDCG@10_std,nDCG@10_stderr,nDCG@10_ci90_low,nDCG@10_ci90_high,nDCG@10_ci95_low,nDCG@10_ci95_high,nDCG@100,nDCG@100_std,nDCG@100_stderr,nDCG@100_ci90_low,nDCG@100_ci90_high,nDCG@100_ci95_low,nDCG@100_ci95_high,RR@1,RR@3,RR@5,RR@10,RR@100,P@1,P@3,P@5,P@10,P@100,R@1,R@3,R@5,R@10,R@100,AP
0.7702156334231806,0.42083589794462256,0.010924355594151886,0.7522354357672622,0.788195831079099,0.748786800801967,0.7916444660443941,0.8334647039417145,0.3279413673581772,0.008512933731533867,0.8194534215548015,0.8474759863286274,0.8167660318345764,0.8501633760488525,0.8500090068888264,0.29713933769764034,0.007713352881428735,0.837313740041949,0.8627042737357038,0.8348787645216725,0.8651392492559803,0.8643641966470367,0.26286066906133493,0.0068235229802581406,0.8531334846075621,0.8755949086865112,0.8509794133917908,0.8777489799022825,0.872253782830886,0.24123041845494975,0.006262029651459785,0.8619472224218909,0.882560343239881,0.8599704051878109,0.884537160473961,0.7702156334231806,0.8230008984725967,0.8310534591194975,0.8367451225773331,0.8383609685694875,0.7702156334231806,0.3084007187780721,0.19460916442048054,0.10195417789757155,0.010579514824797654,0.7473607367475293,0.879323899371069,0.9186320754716981,0.9615902964959568,0.9946091644204852,0.8328355179247567
