{
  "nDCG@1": 0.7715633423180593,
  "nDCG@1_std": 0.41996690381579094,
  "nDCG@1_stderr": 0.01090179763053958,
  "nDCG@1_ci90_low": 0.7536202724030835,
  "nDCG@1_ci90_high": 0.7895064122330352,
  "nDCG@1_ci95_low": 0.7501787586067571,
  "nDCG@1_ci95_high": 0.7929479260293616,
  "nDCG@3": 0.8326684908040523,
  "nDCG@3_std": 0.3313261550827978,
  "nDCG@3_stderr": 0.008600798442921538,
  "nDCG@3_ci90_low": 0.8185125934909668,
  "nDCG@3_ci90_high": 0.8468243881171377,
  "nDCG@3_ci95_low": 0.815797466362041,
  "nDCG@3_ci95_high": 0.8495395152460635,
  "nDCG@5": 0.851380165307162,
  "nDCG@5_std": 0.2960589609468709,
  "nDCG@5_stderr": 0.007685307698356894,
  "nDCG@5_ci90_low": 0.8387310575156707,
  "nDCG@5_ci90_high": 0.8640292730986533,
  "nDCG@5_ci95_low": 0.8363049353870764,
  "nDCG@5_ci95_high": 0.8664553952272476,
  "nDCG@10": 0.8656118126866416,
  "nDCG@10_std": 0.26215028837652027,
  "nDCG@10_stderr": 0.00680508241649912,
  "nDCG@10_ci90_low": 0.8544114516347759,
  "nDCG@10_ci90_high": 0.8768121737385072,
  "nDCG@10_ci95_low": 0.8522632017942254,
  "nDCG@10_ci95_high": 0.8789604235790577,
  "nDCG@100": 0.8723326741216731,
  "nDCG@100_std": 0.2434007473790467,
  "nDCG@100_stderr": 0.006318368583188057,
  "nDCG@100_ci90_low": 0.8619333864923431,
  "nDCG@100_ci90_high": 0.8827319617510032,
  "nDCG@100_ci95_low": 0.8599387840069325,
  "nDCG@100_ci95_high": 0.8847265642364138,
  "RR@1": 0.7715633423180593,
  "RR@3": 0.8223270440251572,
  "RR@5": 0.831626235399821,
  "RR@10": 0.8373192358704494,
  "RR@100": 0.8387417680683514,
  "P@1": 0.7715633423180593,
  "P@3": 0.30772686433063284,
  "P@5": 0.19501347708894418,
  "P@10": 0.10222371967654727,
  "P@100": 0.010545822102425688,
  "R@1": 0.748708445642408,
  "R@3": 0.8762353998203054,
  "R@5": 0.9206536388140162,
  "R@10": 0.9631064690026954,
  "R@100": 0.9912398921832885,
  "AP": 0.8339310639793619
}