{
  "nDCG@1": 0.7742587601078167,
  "nDCG@1_std": 0.4182104609404206,
  "nDCG@1_stderr": 0.010856202645308816,
  "nDCG@1_ci90_low": 0.7563907341475622,
  "nDCG@1_ci90_high": 0.7921267860680712,
  "nDCG@1_ci95_low": 0.7529636139197126,
  "nDCG@1_ci95_high": 0.7955539062959208,
  "nDCG@3": 0.8338032541600442,
  "nDCG@3_std": 0.3313137422470934,
  "nDCG@3_stderr": 0.008600476221761631,
  "nDCG@3_ci90_low": 0.8196478871848898,
  "nDCG@3_ci90_high": 0.8479586211351986,
  "nDCG@3_ci95_low": 0.8169328617757541,
  "nDCG@3_ci95_high": 0.8506736465443343,
  "nDCG@5": 0.8551619183733729,
  "nDCG@5_std": 0.2903633233713487,
  "nDCG@5_stderr": 0.0075374563137333185,
  "nDCG@5_ci90_low": 0.8427561564796163,
  "nDCG@5_ci90_high": 0.8675676802671294,
  "nDCG@5_ci95_low": 0.840376708541576,
  "nDCG@5_ci95_high": 0.8699471282051697,
  "nDCG@10": 0.8683004517617283,
  "nDCG@10_std": 0.258283267420133,
  "nDCG@10_stderr": 0.0067046995541436595,
  "nDCG@10_ci90_low": 0.8572653090324321,
  "nDCG@10_ci90_high": 0.8793355944910245,
  "nDCG@10_ci95_low": 0.8551487483698887,
  "nDCG@10_ci95_high": 0.8814521551535679,
  "nDCG@100": 0.8748295012471494,
  "nDCG@100_std": 0.23973215759488384,
  "nDCG@100_stderr": 0.006223136737409203,
  "nDCG@100_ci90_low": 0.8645869539761393,
  "nDCG@100_ci90_high": 0.8850720485181596,
  "nDCG@100_ci95_low": 0.8626224145796068,
  "nDCG@100_ci95_high": 0.8870365879146921,
  "RR@1": 0.7742587601078167,
  "RR@3": 0.8242362982929021,
  "RR@5": 0.8350516621743043,
  "RR@10": 0.8401783040260132,
  "RR@100": 0.8414762457367009,
  "P@1": 0.7742587601078167,
  "P@3": 0.3077268643306329,
  "P@5": 0.19622641509433494,
  "P@10": 0.102493261455523,
  "P@100": 0.01057277628032326,
  "R@1": 0.7514038634321655,
  "R@3": 0.8757861635220124,
  "R@5": 0.9263814016172507,
  "R@10": 0.9658018867924528,
  "R@100": 0.9939353099730458,
  "AP": 0.8364992049681302
}