{
  "nDCG@1": 0.7567385444743935,
  "nDCG@1_std": 0.42919628392893383,
  "nDCG@1_stderr": 0.011141380400835555,
  "nDCG@1_ci90_low": 0.7384011496468177,
  "nDCG@1_ci90_high": 0.7750759393019693,
  "nDCG@1_ci95_low": 0.7348840036073256,
  "nDCG@1_ci95_high": 0.7785930853414613,
  "nDCG@3": 0.8219688821692431,
  "nDCG@3_std": 0.33952069595856044,
  "nDCG@3_stderr": 0.008813518125094242,
  "nDCG@3_ci90_low": 0.8074628734104248,
  "nDCG@3_ci90_high": 0.8364748909280615,
  "nDCG@3_ci95_low": 0.8046805942625606,
  "nDCG@3_ci95_high": 0.8392571700759257,
  "nDCG@5": 0.8418594459976381,
  "nDCG@5_std": 0.3037589987344359,
  "nDCG@5_stderr": 0.007885190719958905,
  "nDCG@5_ci90_low": 0.8288813543859578,
  "nDCG@5_ci90_high": 0.8548375376093184,
  "nDCG@5_ci95_low": 0.8263921325558456,
  "nDCG@5_ci95_high": 0.8573267594394305,
  "nDCG@10": 0.8555079474821657,
  "nDCG@10_std": 0.27234328188575135,
  "nDCG@10_stderr": 0.007069679344203171,
  "nDCG@10_ci90_low": 0.8438720911721803,
  "nDCG@10_ci90_high": 0.8671438037921512,
  "nDCG@10_ci95_low": 0.8416403125405056,
  "nDCG@10_ci95_high": 0.8693755824238258,
  "nDCG@100": 0.8634865447165861,
  "nDCG@100_std": 0.2505857219112792,
  "nDCG@100_stderr": 0.006504881228873435,
  "nDCG@100_ci90_low": 0.8527802793249663,
  "nDCG@100_ci90_high": 0.874192810108206,
  "nDCG@100_ci95_low": 0.850726797940399,
  "nDCG@100_ci95_high": 0.8762462914927733,
  "RR@1": 0.7560646900269542,
  "RR@3": 0.810085354896676,
  "RR@5": 0.8200247079964069,
  "RR@10": 0.8253970927993847,
  "RR@100": 0.8270302491651182,
  "P@1": 0.7567385444743935,
  "P@3": 0.3048068283917291,
  "P@5": 0.19393530997304126,
  "P@10": 0.10154986522910796,
  "P@100": 0.010545822102425688,
  "R@1": 0.7345575022461815,
  "R@3": 0.8684860736747528,
  "R@5": 0.9155997304582211,
  "R@10": 0.9570417789757413,
  "R@100": 0.991576819407008,
  "AP": 0.8228221266982645
}