nDCG@1,nDCG@1_std,nDCG@1_stderr,nDCG@1_ci90_low,nDCG@1_ci90_high,nDCG@1_ci95_low,nDCG@1_ci95_high,nDCG@3,nDCG@3_std,nDCG@3_stderr,nDCG@3_ci90_low,nDCG@3_ci90_high,nDCG@3_ci95_low,nDCG@3_ci95_high,nDCG@5,nDCG@5_std,nDCG@5_stderr,nDCG@5_ci90_low,nDCG@5_ci90_high,nDCG@5_ci95_low,nDCG@5_ci95_high,nDCG@10,nDCG@10_std,nDCG@10_stderr,nDCG@10_ci90_low,nDCG@10_ci90_high,nDCG@10_ci95_low,nDCG@10_ci95_high,nDCG@100,nDCG@100_std,nDCG@100_stderr,nDCG@100_ci90_low,nDCG@100_ci90_high,nDCG@100_ci95_low,nDCG@100_ci95_high,RR@1,RR@3,RR@5,RR@10,RR@100,P@1,P@3,P@5,P@10,P@100,R@1,R@3,R@5,R@10,R@100,AP
0.7715633423180593,0.41996690381579094,0.01090179763053958,0.7536202724030835,0.7895064122330352,0.7501787586067571,0.7929479260293616,0.8326684908040523,0.3313261550827978,0.008600798442921538,0.8185125934909668,0.8468243881171377,0.815797466362041,0.8495395152460635,0.851380165307162,0.2960589609468709,0.007685307698356894,0.8387310575156707,0.8640292730986533,0.8363049353870764,0.8664553952272476,0.8656118126866416,0.26215028837652027,0.00680508241649912,0.8544114516347759,0.8768121737385072,0.8522632017942254,0.8789604235790577,0.8723326741216731,0.2434007473790467,0.006318368583188057,0.8619333864923431,0.8827319617510032,0.8599387840069325,0.8847265642364138,0.7715633423180593,0.8223270440251572,0.831626235399821,0.8373192358704494,0.8387417680683514,0.7715633423180593,0.30772686433063284,0.19501347708894418,0.10222371967654727,0.010545822102425688,0.748708445642408,0.8762353998203054,0.9206536388140162,0.9631064690026954,0.9912398921832885,0.8339310639793619
