nDCG@1,nDCG@1_std,nDCG@1_stderr,nDCG@1_ci90_low,nDCG@1_ci90_high,nDCG@1_ci95_low,nDCG@1_ci95_high,nDCG@3,nDCG@3_std,nDCG@3_stderr,nDCG@3_ci90_low,nDCG@3_ci90_high,nDCG@3_ci95_low,nDCG@3_ci95_high,nDCG@5,nDCG@5_std,nDCG@5_stderr,nDCG@5_ci90_low,nDCG@5_ci90_high,nDCG@5_ci95_low,nDCG@5_ci95_high,nDCG@10,nDCG@10_std,nDCG@10_stderr,nDCG@10_ci90_low,nDCG@10_ci90_high,nDCG@10_ci95_low,nDCG@10_ci95_high,nDCG@100,nDCG@100_std,nDCG@100_stderr,nDCG@100_ci90_low,nDCG@100_ci90_high,nDCG@100_ci95_low,nDCG@100_ci95_high,RR@1,RR@3,RR@5,RR@10,RR@100,P@1,P@3,P@5,P@10,P@100,R@1,R@3,R@5,R@10,R@100,AP
0.7769541778975741,0.4164291519900746,0.0108099621689339,0.7591622582941441,0.7947460975010042,0.7557497354054477,0.7981586203897006,0.8369859058256434,0.3270371268097667,0.008489460816457628,0.8230132570816024,0.8509585545696843,0.8203332773651044,0.8536385342861823,0.8557261797558666,0.2915706065873853,0.007568795824500461,0.8432688367328456,0.8681835227788877,0.8408794954393853,0.8705728640723479,0.8699293066616229,0.25676843201688543,0.006665376386389884,0.8589588852170356,0.8808997281062103,0.8568547382158833,0.8830038751073626,0.8765835149527244,0.23793639852631143,0.006176521154655164,0.8664176914192876,0.8867493384861611,0.864467867776671,0.8886991621287778,0.7769541778975741,0.8273809523809524,0.8368486073674757,0.8423554956573825,0.8436551184502589,0.7769541778975741,0.30862533692721855,0.19568733153638349,0.10249326145552298,0.010579514824797654,0.7544362084456425,0.8794923629829289,0.9233490566037735,0.9661388140161725,0.9946091644204852,0.8385418241312708
