nDCG@1,nDCG@1_std,nDCG@1_stderr,nDCG@1_ci90_low,nDCG@1_ci90_high,nDCG@1_ci95_low,nDCG@1_ci95_high,nDCG@3,nDCG@3_std,nDCG@3_stderr,nDCG@3_ci90_low,nDCG@3_ci90_high,nDCG@3_ci95_low,nDCG@3_ci95_high,nDCG@5,nDCG@5_std,nDCG@5_stderr,nDCG@5_ci90_low,nDCG@5_ci90_high,nDCG@5_ci95_low,nDCG@5_ci95_high,nDCG@10,nDCG@10_std,nDCG@10_stderr,nDCG@10_ci90_low,nDCG@10_ci90_high,nDCG@10_ci95_low,nDCG@10_ci95_high,nDCG@100,nDCG@100_std,nDCG@100_stderr,nDCG@100_ci90_low,nDCG@100_ci90_high,nDCG@100_ci95_low,nDCG@100_ci95_high,RR@1,RR@3,RR@5,RR@10,RR@100,P@1,P@3,P@5,P@10,P@100,R@1,R@3,R@5,R@10,R@100,AP
0.7567385444743935,0.42919628392893383,0.011141380400835555,0.7384011496468177,0.7750759393019693,0.7348840036073256,0.7785930853414613,0.8219688821692431,0.33952069595856044,0.008813518125094242,0.8074628734104248,0.8364748909280615,0.8046805942625606,0.8392571700759257,0.8418594459976381,0.3037589987344359,0.007885190719958905,0.8288813543859578,0.8548375376093184,0.8263921325558456,0.8573267594394305,0.8555079474821657,0.27234328188575135,0.007069679344203171,0.8438720911721803,0.8671438037921512,0.8416403125405056,0.8693755824238258,0.8634865447165861,0.2505857219112792,0.006504881228873435,0.8527802793249663,0.874192810108206,0.850726797940399,0.8762462914927733,0.7560646900269542,0.810085354896676,0.8200247079964069,0.8253970927993847,0.8270302491651182,0.7567385444743935,0.3048068283917291,0.19393530997304126,0.10154986522910796,0.010545822102425688,0.7345575022461815,0.8684860736747528,0.9155997304582211,0.9570417789757413,0.991576819407008,0.8228221266982645
