nDCG@1,nDCG@1_std,nDCG@1_stderr,nDCG@1_ci90_low,nDCG@1_ci90_high,nDCG@1_ci95_low,nDCG@1_ci95_high,nDCG@3,nDCG@3_std,nDCG@3_stderr,nDCG@3_ci90_low,nDCG@3_ci90_high,nDCG@3_ci95_low,nDCG@3_ci95_high,nDCG@5,nDCG@5_std,nDCG@5_stderr,nDCG@5_ci90_low,nDCG@5_ci90_high,nDCG@5_ci95_low,nDCG@5_ci95_high,nDCG@10,nDCG@10_std,nDCG@10_stderr,nDCG@10_ci90_low,nDCG@10_ci90_high,nDCG@10_ci95_low,nDCG@10_ci95_high,nDCG@100,nDCG@100_std,nDCG@100_stderr,nDCG@100_ci90_low,nDCG@100_ci90_high,nDCG@100_ci95_low,nDCG@100_ci95_high,RR@1,RR@3,RR@5,RR@10,RR@100,P@1,P@3,P@5,P@10,P@100,R@1,R@3,R@5,R@10,R@100,AP
0.7634770889487871,0.4250900965316269,0.011034789087015865,0.7453151308208285,0.7816390470767457,0.7418316338628467,0.7851225440347275,0.8274486816028122,0.3332487688185715,0.008650707008760085,0.8132106406913454,0.8416867225142789,0.8104797582692368,0.8444176049363875,0.8455746323242022,0.30041102134926456,0.007798281557372201,0.8327395829183483,0.858409681730056,0.8302777968462832,0.8608714678021211,0.8595609000870793,0.26783761830176145,0.006952718145266659,0.8481175480815196,0.871004252092639,0.8459226921293348,0.8731991080448238,0.8684311435825722,0.24389221447367285,0.0063311264332924395,0.8580108580404074,0.878851429124737,0.8560122281167125,0.8808500590484319,0.7634770889487871,0.8174977538185085,0.8263252470799647,0.8318735827664401,0.8337597635908133,0.7634770889487871,0.3059299191374612,0.1940700808625291,0.10154986522910794,0.010579514824797654,0.7406221922731357,0.8734838274932615,0.9162735849056604,0.9578840970350404,0.9946091644204852,0.8278537361190685
