nDCG@1,nDCG@1_std,nDCG@1_stderr,nDCG@1_ci90_low,nDCG@1_ci90_high,nDCG@1_ci95_low,nDCG@1_ci95_high,nDCG@3,nDCG@3_std,nDCG@3_stderr,nDCG@3_ci90_low,nDCG@3_ci90_high,nDCG@3_ci95_low,nDCG@3_ci95_high,nDCG@5,nDCG@5_std,nDCG@5_stderr,nDCG@5_ci90_low,nDCG@5_ci90_high,nDCG@5_ci95_low,nDCG@5_ci95_high,nDCG@10,nDCG@10_std,nDCG@10_stderr,nDCG@10_ci90_low,nDCG@10_ci90_high,nDCG@10_ci95_low,nDCG@10_ci95_high,nDCG@100,nDCG@100_std,nDCG@100_stderr,nDCG@100_ci90_low,nDCG@100_ci90_high,nDCG@100_ci95_low,nDCG@100_ci95_high,RR@1,RR@3,RR@5,RR@10,RR@100,P@1,P@3,P@5,P@10,P@100,R@1,R@3,R@5,R@10,R@100,AP
0.7742587601078167,0.4182104609404206,0.010856202645308816,0.7563907341475622,0.7921267860680712,0.7529636139197126,0.7955539062959208,0.8338032541600442,0.3313137422470934,0.008600476221761631,0.8196478871848898,0.8479586211351986,0.8169328617757541,0.8506736465443343,0.8551619183733729,0.2903633233713487,0.0075374563137333185,0.8427561564796163,0.8675676802671294,0.840376708541576,0.8699471282051697,0.8683004517617283,0.258283267420133,0.0067046995541436595,0.8572653090324321,0.8793355944910245,0.8551487483698887,0.8814521551535679,0.8748295012471494,0.23973215759488384,0.006223136737409203,0.8645869539761393,0.8850720485181596,0.8626224145796068,0.8870365879146921,0.7742587601078167,0.8242362982929021,0.8350516621743043,0.8401783040260132,0.8414762457367009,0.7742587601078167,0.3077268643306329,0.19622641509433494,0.102493261455523,0.01057277628032326,0.7514038634321655,0.8757861635220124,0.9263814016172507,0.9658018867924528,0.9939353099730458,0.8364992049681302
