{
  "nDCG@1": 0.7769541778975741,
  "nDCG@1_std": 0.4164291519900746,
  "nDCG@1_stderr": 0.0108099621689339,
  "nDCG@1_ci90_low": 0.7591622582941441,
  "nDCG@1_ci90_high": 0.7947460975010042,
  "nDCG@1_ci95_low": 0.7557497354054477,
  "nDCG@1_ci95_high": 0.7981586203897006,
  "nDCG@3": 0.8369859058256434,
  "nDCG@3_std": 0.3270371268097667,
  "nDCG@3_stderr": 0.008489460816457628,
  "nDCG@3_ci90_low": 0.8230132570816024,
  "nDCG@3_ci90_high": 0.8509585545696843,
  "nDCG@3_ci95_low": 0.8203332773651044,
  "nDCG@3_ci95_high": 0.8536385342861823,
  "nDCG@5": 0.8557261797558666,
  "nDCG@5_std": 0.2915706065873853,
  "nDCG@5_stderr": 0.007568795824500461,
  "nDCG@5_ci90_low": 0.8432688367328456,
  "nDCG@5_ci90_high": 0.8681835227788877,
  "nDCG@5_ci95_low": 0.8408794954393853,
  "nDCG@5_ci95_high": 0.8705728640723479,
  "nDCG@10": 0.8699293066616229,
  "nDCG@10_std": 0.25676843201688543,
  "nDCG@10_stderr": 0.006665376386389884,
  "nDCG@10_ci90_low": 0.8589588852170356,
  "nDCG@10_ci90_high": 0.8808997281062103,
  "nDCG@10_ci95_low": 0.8568547382158833,
  "nDCG@10_ci95_high": 0.8830038751073626,
  "nDCG@100": 0.8765835149527244,
  "nDCG@100_std": 0.23793639852631143,
  "nDCG@100_stderr": 0.006176521154655164,
  "nDCG@100_ci90_low": 0.8664176914192876,
  "nDCG@100_ci90_high": 0.8867493384861611,
  "nDCG@100_ci95_low": 0.864467867776671,
  "nDCG@100_ci95_high": 0.8886991621287778,
  "RR@1": 0.7769541778975741,
  "RR@3": 0.8273809523809524,
  "RR@5": 0.8368486073674757,
  "RR@10": 0.8423554956573825,
  "RR@100": 0.8436551184502589,
  "P@1": 0.7769541778975741,
  "P@3": 0.30862533692721855,
  "P@5": 0.19568733153638349,
  "P@10": 0.10249326145552298,
  "P@100": 0.010579514824797654,
  "R@1": 0.7544362084456425,
  "R@3": 0.8794923629829289,
  "R@5": 0.9233490566037735,
  "R@10": 0.9661388140161725,
  "R@100": 0.9946091644204852,
  "AP": 0.8385418241312708
}