nDCG@1,nDCG@1_std,nDCG@1_stderr,nDCG@1_ci90_low,nDCG@1_ci90_high,nDCG@1_ci95_low,nDCG@1_ci95_high,nDCG@3,nDCG@3_std,nDCG@3_stderr,nDCG@3_ci90_low,nDCG@3_ci90_high,nDCG@3_ci95_low,nDCG@3_ci95_high,nDCG@5,nDCG@5_std,nDCG@5_stderr,nDCG@5_ci90_low,nDCG@5_ci90_high,nDCG@5_ci95_low,nDCG@5_ci95_high,nDCG@10,nDCG@10_std,nDCG@10_stderr,nDCG@10_ci90_low,nDCG@10_ci90_high,nDCG@10_ci95_low,nDCG@10_ci95_high,nDCG@100,nDCG@100_std,nDCG@100_stderr,nDCG@100_ci90_low,nDCG@100_ci90_high,nDCG@100_ci95_low,nDCG@100_ci95_high,RR@1,RR@3,RR@5,RR@10,RR@100,P@1,P@3,P@5,P@10,P@100,R@1,R@3,R@5,R@10,R@100,AP
0.7466307277628033,0.43508716981741286,0.011294300179125914,0.7280416450607837,0.7652198104648228,0.724476224824269,0.7687852307013375,0.8211008496861465,0.33492461360539616,0.008694209771859175,0.8067912083702111,0.8354104910020819,0.8040465928588949,0.8381551065133981,0.8386653953781044,0.3025102518996243,0.007852774867278133,0.8257406564272161,0.8515901343289927,0.8232616677355277,0.854069123020681,0.8511278722510922,0.27512903967956415,0.007141994013382832,0.8393729945458339,0.8628827499563505,0.8371183873917364,0.865137357110448,0.8615644223729908,0.24708654573195288,0.006414047141153625,0.851007659149899,0.8721211855960826,0.8489828525561008,0.8741459921898808,0.7466307277628033,0.8085130278526508,0.8176774483378262,0.8225556732126816,0.8246967481195618,0.7466307277628033,0.3059299191374609,0.1931266846361139,0.10074123989218073,0.010586253369272046,0.7247304582210242,0.872079964061096,0.9139150943396228,0.9503032345013479,0.9949460916442049,0.8189969293037379
