nDCG@1,nDCG@1_std,nDCG@1_stderr,nDCG@1_ci90_low,nDCG@1_ci90_high,nDCG@1_ci95_low,nDCG@1_ci95_high,nDCG@3,nDCG@3_std,nDCG@3_stderr,nDCG@3_ci90_low,nDCG@3_ci90_high,nDCG@3_ci95_low,nDCG@3_ci95_high,nDCG@5,nDCG@5_std,nDCG@5_stderr,nDCG@5_ci90_low,nDCG@5_ci90_high,nDCG@5_ci95_low,nDCG@5_ci95_high,nDCG@10,nDCG@10_std,nDCG@10_stderr,nDCG@10_ci90_low,nDCG@10_ci90_high,nDCG@10_ci95_low,nDCG@10_ci95_high,nDCG@100,nDCG@100_std,nDCG@100_stderr,nDCG@100_ci90_low,nDCG@100_ci90_high,nDCG@100_ci95_low,nDCG@100_ci95_high,RR@1,RR@3,RR@5,RR@10,RR@100,P@1,P@3,P@5,P@10,P@100,R@1,R@3,R@5,R@10,R@100,AP
0.7560646900269542,0.4295989267785125,0.011151832488425332,0.7377100922990186,0.7744192877548898,0.7341896467116117,0.7779397333422967,0.818040849820979,0.34329032843518126,0.008911372908478923,0.8033737836586672,0.8327079159832909,0.8005606134047242,0.8355210862372339,0.8355955338589427,0.31203212236204747,0.008099950308729302,0.8222639733564601,0.8489270943614253,0.819706955543273,0.8514841121746124,0.848921313054101,0.284056140099511,0.007373729993817265,0.836785025324582,0.86105760078362,0.834457263026645,0.863385363081557,0.8600697254055331,0.2551186136068422,0.006622549234369069,0.849169792389461,0.8709696584216051,0.8470791651984843,0.8730602856125819,0.7560646900269542,0.8082884097035045,0.8173517520215638,0.8223430881786679,0.8247944403299057,0.7560646900269542,0.3025606469002644,0.19083557951482027,0.10013477088948534,0.010545822102425686,0.7331536388140162,0.8627021563342318,0.9047057502246181,0.9439016172506737,0.9912398921832885,0.8186857268031188
