nDCG@1,nDCG@1_std,nDCG@1_stderr,nDCG@1_ci90_low,nDCG@1_ci90_high,nDCG@1_ci95_low,nDCG@1_ci95_high,nDCG@3,nDCG@3_std,nDCG@3_stderr,nDCG@3_ci90_low,nDCG@3_ci90_high,nDCG@3_ci95_low,nDCG@3_ci95_high,nDCG@5,nDCG@5_std,nDCG@5_stderr,nDCG@5_ci90_low,nDCG@5_ci90_high,nDCG@5_ci95_low,nDCG@5_ci95_high,nDCG@10,nDCG@10_std,nDCG@10_stderr,nDCG@10_ci90_low,nDCG@10_ci90_high,nDCG@10_ci95_low,nDCG@10_ci95_high,nDCG@100,nDCG@100_std,nDCG@100_stderr,nDCG@100_ci90_low,nDCG@100_ci90_high,nDCG@100_ci95_low,nDCG@100_ci95_high,RR@1,RR@3,RR@5,RR@10,RR@100,P@1,P@3,P@5,P@10,P@100,R@1,R@3,R@5,R@10,R@100,AP
0.7419137466307277,0.437729202043945,0.011362883918476126,0.7232117832028044,0.760615710058651,0.7196247122355409,0.7642027810259145,0.8149239663470742,0.3404085527617277,0.008836565739334988,0.8003800239402732,0.8294679087538752,0.7975904690489886,0.8322574636451598,0.8309613891237617,0.31210039659668687,0.008101722619553456,0.8176269116072135,0.84429586664031,0.815069334305366,0.8468534439421574,0.8457188441739555,0.28078269008665807,0.007288755465420944,0.8337224144711288,0.8577152738767821,0.8314214771998272,0.8600162111480838,0.8564815509155258,0.2526148027278154,0.0065575535424221955,0.845688593123568,0.8672745087074836,0.8436184839772402,0.8693446178538115,0.7419137466307277,0.8027852650494163,0.8113769092542684,0.8170618876481411,0.8191536082854299,0.7419137466307277,0.30345911949685006,0.19097035040430813,0.10040431266846106,0.010579514824797654,0.7196765498652291,0.8656783468104222,0.9038072776280325,0.9472708894878707,0.9942722371967655,0.812777919353883
