{
  "nDCG@1": 0.7648247978436657,
  "nDCG@1_std": 0.42425123796081904,
  "nDCG@1_stderr": 0.011013013403512,
  "nDCG@1_ci90_low": 0.7466986799160849,
  "nDCG@1_ci90_high": 0.7829509157712466,
  "nDCG@1_ci95_low": 0.7432220571744244,
  "nDCG@1_ci95_high": 0.7864275385129071,
  "nDCG@3": 0.832123201801939,
  "nDCG@3_std": 0.3281739374695323,
  "nDCG@3_stderr": 0.008518970950814407,
  "nDCG@3_ci90_low": 0.818101982865907,
  "nDCG@3_ci90_high": 0.846144420737971,
  "nDCG@3_ci95_low": 0.8154126872972933,
  "nDCG@3_ci95_high": 0.8488337163065847,
  "nDCG@5": 0.8486007422962424,
  "nDCG@5_std": 0.2964485045416835,
  "nDCG@5_stderr": 0.007695419746235748,
  "nDCG@5_ci90_low": 0.8359349912695505,
  "nDCG@5_ci90_high": 0.8612664933229343,
  "nDCG@5_ci95_low": 0.8335056769378477,
  "nDCG@5_ci95_high": 0.863695807654637,
  "nDCG@10": 0.8610113187281856,
  "nDCG@10_std": 0.26872826571228553,
  "nDCG@10_stderr": 0.006975838200064969,
  "nDCG@10_ci90_low": 0.8495299138460506,
  "nDCG@10_ci90_high": 0.8724927236103206,
  "nDCG@10_ci95_low": 0.847327759282182,
  "nDCG@10_ci95_high": 0.8746948781741892,
  "nDCG@100": 0.8705909463570294,
  "nDCG@100_std": 0.24198153198262182,
  "nDCG@100_stderr": 0.006281527587134815,
  "nDCG@100_ci90_low": 0.8602522946512711,
  "nDCG@100_ci90_high": 0.8809295980627877,
  "nDCG@100_ci95_low": 0.858269322247475,
  "nDCG@100_ci95_high": 0.8829125704665838,
  "RR@1": 0.7654986522911051,
  "RR@3": 0.8214285714285716,
  "RR@5": 0.8301886792452833,
  "RR@10": 0.8346791704103026,
  "RR@100": 0.8367238859300027,
  "P@1": 0.7648247978436657,
  "P@3": 0.3079514824797789,
  "P@5": 0.19380053908355324,
  "P@10": 0.10128032345013219,
  "P@100": 0.010586253369272046,
  "R@1": 0.7425876010781671,
  "R@3": 0.8785377358490566,
  "R@5": 0.9178459119496855,
  "R@10": 0.9538971248876909,
  "R@100": 0.9949460916442049,
  "AP": 0.8308491931036667
}