nDCG@1,nDCG@1_std,nDCG@1_stderr,nDCG@1_ci90_low,nDCG@1_ci90_high,nDCG@1_ci95_low,nDCG@1_ci95_high,nDCG@3,nDCG@3_std,nDCG@3_stderr,nDCG@3_ci90_low,nDCG@3_ci90_high,nDCG@3_ci95_low,nDCG@3_ci95_high,nDCG@5,nDCG@5_std,nDCG@5_stderr,nDCG@5_ci90_low,nDCG@5_ci90_high,nDCG@5_ci95_low,nDCG@5_ci95_high,nDCG@10,nDCG@10_std,nDCG@10_stderr,nDCG@10_ci90_low,nDCG@10_ci90_high,nDCG@10_ci95_low,nDCG@10_ci95_high,nDCG@100,nDCG@100_std,nDCG@100_stderr,nDCG@100_ci90_low,nDCG@100_ci90_high,nDCG@100_ci95_low,nDCG@100_ci95_high,RR@1,RR@3,RR@5,RR@10,RR@100,P@1,P@3,P@5,P@10,P@100,R@1,R@3,R@5,R@10,R@100,AP
0.7594339622641509,0.42757129395564375,0.011099197762919318,0.7411659950710792,0.7777019294572227,0.737662165379521,0.7812057591487809,0.8235417139456661,0.3370675714804266,0.008749838186555873,0.8091405148364209,0.8379429130549113,0.8063783383720275,0.8407050895193047,0.8406473186426572,0.30629616004410076,0.007951052145949114,0.8275608269109883,0.853733810374326,0.825050813738579,0.8562438235467353,0.8548921395907875,0.2751679499044814,0.0071430040724945205,0.8431355994476567,0.8666486797339182,0.840880673434919,0.8689036057466559,0.8645160977379877,0.24947319922519223,0.006476001578898863,0.8538573648356117,0.8751748306403636,0.8518130002698654,0.8772191952061099,0.7594339622641509,0.8137915543575923,0.8226527403414199,0.8279138856800579,0.829905943532517,0.7594339622641509,0.30435759209343594,0.19191374663072316,0.10094339622641252,0.010559299191374473,0.7365229110512129,0.8684299191374663,0.9090858041329739,0.9513140161725065,0.9925876010781671,0.8237738663393485
