{
  "nDCG@1": 0.7594339622641509,
  "nDCG@1_std": 0.42757129395564375,
  "nDCG@1_stderr": 0.011099197762919318,
  "nDCG@1_ci90_low": 0.7411659950710792,
  "nDCG@1_ci90_high": 0.7777019294572227,
  "nDCG@1_ci95_low": 0.737662165379521,
  "nDCG@1_ci95_high": 0.7812057591487809,
  "nDCG@3": 0.8235417139456661,
  "nDCG@3_std": 0.3370675714804266,
  "nDCG@3_stderr": 0.008749838186555873,
  "nDCG@3_ci90_low": 0.8091405148364209,
  "nDCG@3_ci90_high": 0.8379429130549113,
  "nDCG@3_ci95_low": 0.8063783383720275,
  "nDCG@3_ci95_high": 0.8407050895193047,
  "nDCG@5": 0.8406473186426572,
  "nDCG@5_std": 0.30629616004410076,
  "nDCG@5_stderr": 0.007951052145949114,
  "nDCG@5_ci90_low": 0.8275608269109883,
  "nDCG@5_ci90_high": 0.853733810374326,
  "nDCG@5_ci95_low": 0.825050813738579,
  "nDCG@5_ci95_high": 0.8562438235467353,
  "nDCG@10": 0.8548921395907875,
  "nDCG@10_std": 0.2751679499044814,
  "nDCG@10_stderr": 0.0071430040724945205,
  "nDCG@10_ci90_low": 0.8431355994476567,
  "nDCG@10_ci90_high": 0.8666486797339182,
  "nDCG@10_ci95_low": 0.840880673434919,
  "nDCG@10_ci95_high": 0.8689036057466559,
  "nDCG@100": 0.8645160977379877,
  "nDCG@100_std": 0.24947319922519223,
  "nDCG@100_stderr": 0.006476001578898863,
  "nDCG@100_ci90_low": 0.8538573648356117,
  "nDCG@100_ci90_high": 0.8751748306403636,
  "nDCG@100_ci95_low": 0.8518130002698654,
  "nDCG@100_ci95_high": 0.8772191952061099,
  "RR@1": 0.7594339622641509,
  "RR@3": 0.8137915543575923,
  "RR@5": 0.8226527403414199,
  "RR@10": 0.8279138856800579,
  "RR@100": 0.829905943532517,
  "P@1": 0.7594339622641509,
  "P@3": 0.30435759209343594,
  "P@5": 0.19191374663072316,
  "P@10": 0.10094339622641252,
  "P@100": 0.010559299191374473,
  "R@1": 0.7365229110512129,
  "R@3": 0.8684299191374663,
  "R@5": 0.9090858041329739,
  "R@10": 0.9513140161725065,
  "R@100": 0.9925876010781671,
  "AP": 0.8237738663393485
}