{
  "nDCG@1": 0.1408355795148248,
  "nDCG@1_std": 0.34796912369651967,
  "nDCG@1_stderr": 0.009032828381827871,
  "nDCG@1_ci90_low": 0.1259686120037893,
  "nDCG@1_ci90_high": 0.1557025470258603,
  "nDCG@1_ci95_low": 0.12311710030366146,
  "nDCG@1_ci95_high": 0.15855405872598816,
  "nDCG@3": 0.21366818825679737,
  "nDCG@3_std": 0.36856153329108127,
  "nDCG@3_stderr": 0.009567380700320953,
  "nDCG@3_ci90_low": 0.19792141083284764,
  "nDCG@3_ci90_high": 0.2294149656807471,
  "nDCG@3_ci95_low": 0.19490114997397565,
  "nDCG@3_ci95_high": 0.2324352265396191,
  "nDCG@5": 0.24481427842959097,
  "nDCG@5_std": 0.36633346499744807,
  "nDCG@5_stderr": 0.009509542929240628,
  "nDCG@5_ci90_low": 0.22916269513833304,
  "nDCG@5_ci90_high": 0.2604658617208489,
  "nDCG@5_ci95_low": 0.22616069268911673,
  "nDCG@5_ci95_high": 0.26346786417006524,
  "nDCG@10": 0.27693106504642656,
  "nDCG@10_std": 0.3580363628455704,
  "nDCG@10_stderr": 0.009294160888994521,
  "nDCG@10_ci90_low": 0.2616339751275038,
  "nDCG@10_ci90_high": 0.2922281549653493,
  "nDCG@10_ci95_low": 0.2586999651588039,
  "nDCG@10_ci95_high": 0.29516216493404923,
  "nDCG@100": 0.3424234973715159,
  "nDCG@100_std": 0.3196190945762363,
  "nDCG@100_stderr": 0.008296898294287453,
  "nDCG@100_ci90_low": 0.3287677837711456,
  "nDCG@100_ci90_high": 0.35607921097188616,
  "nDCG@100_ci95_low": 0.32614859279785896,
  "nDCG@100_ci95_high": 0.35869840194517283,
  "RR@1": 0.1408355795148248,
  "RR@3": 0.1975516621743037,
  "RR@5": 0.21493710691823867,
  "RR@10": 0.22828022718521343,
  "RR@100": 0.2403604551645796,
  "P@1": 0.1408355795148248,
  "P@3": 0.09119496855345878,
  "P@5": 0.07021563342318121,
  "P@10": 0.045485175202156634,
  "P@100": 0.007958221024258624,
  "R@1": 0.1376909254267745,
  "R@3": 0.2667340521114106,
  "R@5": 0.34254267744833783,
  "R@10": 0.4405323450134771,
  "R@100": 0.7573000898472597,
  "AP": 0.23755631441971167
}