nDCG@1,nDCG@1_std,nDCG@1_stderr,nDCG@1_ci90_low,nDCG@1_ci90_high,nDCG@1_ci95_low,nDCG@1_ci95_high,nDCG@3,nDCG@3_std,nDCG@3_stderr,nDCG@3_ci90_low,nDCG@3_ci90_high,nDCG@3_ci95_low,nDCG@3_ci95_high,nDCG@5,nDCG@5_std,nDCG@5_stderr,nDCG@5_ci90_low,nDCG@5_ci90_high,nDCG@5_ci95_low,nDCG@5_ci95_high,nDCG@10,nDCG@10_std,nDCG@10_stderr,nDCG@10_ci90_low,nDCG@10_ci90_high,nDCG@10_ci95_low,nDCG@10_ci95_high,nDCG@100,nDCG@100_std,nDCG@100_stderr,nDCG@100_ci90_low,nDCG@100_ci90_high,nDCG@100_ci95_low,nDCG@100_ci95_high,RR@1,RR@3,RR@5,RR@10,RR@100,P@1,P@3,P@5,P@10,P@100,R@1,R@3,R@5,R@10,R@100,AP
0.14285714285714285,0.3500450656992924,0.009086717151160257,0.12790148080337851,0.15781280491090718,0.12503295732689876,0.16068132838738694,0.21799360388954722,0.36939868529117414,0.009589112083456365,0.2022110591783883,0.23377614860070614,0.19918393808807483,0.2368032696910196,0.24734119153991646,0.36736062253802987,0.009536206610450652,0.2316457229819937,0.2630366600978392,0.22863530325795217,0.26604707982188075,0.2795994639355385,0.3584940538851084,0.009306041956395356,0.2642828191844438,0.29491610868663315,0.26134505856298357,0.2978538693080934,0.3422886720007257,0.3224498405246332,0.008370380797771654,0.3285120148878974,0.35606532911355404,0.32586962672657804,0.3587077172748734,0.14285714285714285,0.20215633423180593,0.21869946091644185,0.23232308646729108,0.2438797077855421,0.14285714285714285,0.09344115004492333,0.07075471698113271,0.04575471698113235,0.007816711590296363,0.13892632524707996,0.2726864330637916,0.3433288409703504,0.441711590296496,0.7433176100628932,0.2398441052393393
