nDCG@1,nDCG@1_std,nDCG@1_stderr,nDCG@1_ci90_low,nDCG@1_ci90_high,nDCG@1_ci95_low,nDCG@1_ci95_high,nDCG@3,nDCG@3_std,nDCG@3_stderr,nDCG@3_ci90_low,nDCG@3_ci90_high,nDCG@3_ci95_low,nDCG@3_ci95_high,nDCG@5,nDCG@5_std,nDCG@5_stderr,nDCG@5_ci90_low,nDCG@5_ci90_high,nDCG@5_ci95_low,nDCG@5_ci95_high,nDCG@10,nDCG@10_std,nDCG@10_stderr,nDCG@10_ci90_low,nDCG@10_ci90_high,nDCG@10_ci95_low,nDCG@10_ci95_high,nDCG@100,nDCG@100_std,nDCG@100_stderr,nDCG@100_ci90_low,nDCG@100_ci90_high,nDCG@100_ci95_low,nDCG@100_ci95_high,RR@1,RR@3,RR@5,RR@10,RR@100,P@1,P@3,P@5,P@10,P@100,R@1,R@3,R@5,R@10,R@100,AP
0.14487870619946092,0.35209715427223415,0.009139986716306673,0.12983536873984564,0.1599220436590762,0.12695002895934074,0.1628073834395811,0.22149775944698968,0.37079168004409113,0.009625272425518382,0.2056556990882507,0.23733981980572866,0.20261716278731753,0.24037835610666183,0.2515367731251815,0.3686097823195725,0.00956863318269445,0.2357879342633335,0.26728561198702955,0.23276727801688288,0.27030626823348014,0.28069480650296236,0.36022788432540154,0.009351049952058833,0.26530408391257077,0.29608552909335395,0.26235211502534833,0.2990374979805764,0.3445434582242806,0.32337668757222493,0.008394440548326998,0.3307272016067668,0.35835971484179446,0.3280772181876488,0.36100969826091245,0.14487870619946092,0.20518867924528303,0.22186657681940677,0.23410131348136703,0.24600839533055893,0.14487870619946092,0.095238095238095,0.07223719676549932,0.045619946091644485,0.007843665768193937,0.14106019766397127,0.2780772686433064,0.3507412398921833,0.4399146451033244,0.745788409703504,0.24203833519591872
