nDCG@1,nDCG@1_std,nDCG@1_stderr,nDCG@1_ci90_low,nDCG@1_ci90_high,nDCG@1_ci95_low,nDCG@1_ci95_high,nDCG@3,nDCG@3_std,nDCG@3_stderr,nDCG@3_ci90_low,nDCG@3_ci90_high,nDCG@3_ci95_low,nDCG@3_ci95_high,nDCG@5,nDCG@5_std,nDCG@5_stderr,nDCG@5_ci90_low,nDCG@5_ci90_high,nDCG@5_ci95_low,nDCG@5_ci95_high,nDCG@10,nDCG@10_std,nDCG@10_stderr,nDCG@10_ci90_low,nDCG@10_ci90_high,nDCG@10_ci95_low,nDCG@10_ci95_high,nDCG@100,nDCG@100_std,nDCG@100_stderr,nDCG@100_ci90_low,nDCG@100_ci90_high,nDCG@100_ci95_low,nDCG@100_ci95_high,RR@1,RR@3,RR@5,RR@10,RR@100,P@1,P@3,P@5,P@10,P@100,R@1,R@3,R@5,R@10,R@100,AP
0.14690026954177898,0.3541258040932268,0.00919264784176858,0.131770258096094,0.16203028098746397,0.128868294085719,0.16493224499783896,0.2266193961042755,0.3735088264594916,0.009695806032057613,0.21066124576878414,0.24257754643976687,0.2076004431968894,0.24563834901166162,0.2545848783347627,0.37060947052140486,0.00962054250198242,0.23875060287091668,0.27041915379860865,0.23571355972713576,0.2734561969423896,0.28504464036743904,0.36195243310432346,0.009395817007798176,0.26958023649637786,0.3005090442385002,0.2666141354040669,0.30347514533081116,0.35126507787914807,0.32199062789287863,0.008358460231804933,0.337508040608461,0.3650221151498351,0.33486941556893357,0.36766074018936257,0.14690026954177898,0.20867026055705298,0.22430368373764573,0.23702081461515395,0.24915537595946172,0.14690026954177898,0.09770889487870604,0.07264150943396293,0.046226415094339876,0.008059299191374525,0.143418688230009,0.28605121293800545,0.35399820305480684,0.4473831985624438,0.7682502246181493,0.24583020976919112
