{
  "nDCG@1": 0.14690026954177898,
  "nDCG@1_std": 0.3541258040932268,
  "nDCG@1_stderr": 0.00919264784176858,
  "nDCG@1_ci90_low": 0.131770258096094,
  "nDCG@1_ci90_high": 0.16203028098746397,
  "nDCG@1_ci95_low": 0.128868294085719,
  "nDCG@1_ci95_high": 0.16493224499783896,
  "nDCG@3": 0.2266193961042755,
  "nDCG@3_std": 0.3735088264594916,
  "nDCG@3_stderr": 0.009695806032057613,
  "nDCG@3_ci90_low": 0.21066124576878414,
  "nDCG@3_ci90_high": 0.24257754643976687,
  "nDCG@3_ci95_low": 0.2076004431968894,
  "nDCG@3_ci95_high": 0.24563834901166162,
  "nDCG@5": 0.2545848783347627,
  "nDCG@5_std": 0.37060947052140486,
  "nDCG@5_stderr": 0.00962054250198242,
  "nDCG@5_ci90_low": 0.23875060287091668,
  "nDCG@5_ci90_high": 0.27041915379860865,
  "nDCG@5_ci95_low": 0.23571355972713576,
  "nDCG@5_ci95_high": 0.2734561969423896,
  "nDCG@10": 0.28504464036743904,
  "nDCG@10_std": 0.36195243310432346,
  "nDCG@10_stderr": 0.009395817007798176,
  "nDCG@10_ci90_low": 0.26958023649637786,
  "nDCG@10_ci90_high": 0.3005090442385002,
  "nDCG@10_ci95_low": 0.2666141354040669,
  "nDCG@10_ci95_high": 0.30347514533081116,
  "nDCG@100": 0.35126507787914807,
  "nDCG@100_std": 0.32199062789287863,
  "nDCG@100_stderr": 0.008358460231804933,
  "nDCG@100_ci90_low": 0.337508040608461,
  "nDCG@100_ci90_high": 0.3650221151498351,
  "nDCG@100_ci95_low": 0.33486941556893357,
  "nDCG@100_ci95_high": 0.36766074018936257,
  "RR@1": 0.14690026954177898,
  "RR@3": 0.20867026055705298,
  "RR@5": 0.22430368373764573,
  "RR@10": 0.23702081461515395,
  "RR@100": 0.24915537595946172,
  "P@1": 0.14690026954177898,
  "P@3": 0.09770889487870604,
  "P@5": 0.07264150943396293,
  "P@10": 0.046226415094339876,
  "P@100": 0.008059299191374525,
  "R@1": 0.143418688230009,
  "R@3": 0.28605121293800545,
  "R@5": 0.35399820305480684,
  "R@10": 0.4473831985624438,
  "R@100": 0.7682502246181493,
  "AP": 0.24583020976919112
}