nDCG@1,nDCG@1_std,nDCG@1_stderr,nDCG@1_ci90_low,nDCG@1_ci90_high,nDCG@1_ci95_low,nDCG@1_ci95_high,nDCG@3,nDCG@3_std,nDCG@3_stderr,nDCG@3_ci90_low,nDCG@3_ci90_high,nDCG@3_ci95_low,nDCG@3_ci95_high,nDCG@5,nDCG@5_std,nDCG@5_stderr,nDCG@5_ci90_low,nDCG@5_ci90_high,nDCG@5_ci95_low,nDCG@5_ci95_high,nDCG@10,nDCG@10_std,nDCG@10_stderr,nDCG@10_ci90_low,nDCG@10_ci90_high,nDCG@10_ci95_low,nDCG@10_ci95_high,nDCG@100,nDCG@100_std,nDCG@100_stderr,nDCG@100_ci90_low,nDCG@100_ci90_high,nDCG@100_ci95_low,nDCG@100_ci95_high,RR@1,RR@3,RR@5,RR@10,RR@100,P@1,P@3,P@5,P@10,P@100,R@1,R@3,R@5,R@10,R@100,AP
0.6340970350404312,0.48184482665096606,0.012508068473356072,0.6135102332372111,0.6546838368436514,0.6095616468044688,0.6586324232763937,0.7182854099684128,0.4032241297997552,0.010467176872479228,0.7010576744333865,0.7355131455034392,0.6977533630862088,0.7388174568506168,0.7408944782005543,0.37482048222000114,0.009729854919082001,0.7248802874228248,0.7569086689782838,0.7218087361910838,0.7599802202100249,0.7623634555864293,0.341198062681265,0.008857060395680277,0.74778578139849,0.7769411297743686,0.7449897566895703,0.7797371544832882,0.7814647432804219,0.30349627340225366,0.00787837071014898,0.7684978765985182,0.7944316099623256,0.7660108077305732,0.7969186788302707,0.633423180592992,0.7031671159029658,0.7145552560646912,0.7230230928849534,0.7268615297025028,0.6340970350404312,0.27223719676549524,0.17547169811320384,0.09494609164420267,0.010431266846360998,0.6170822102425876,0.7773472596585803,0.8311433063791553,0.895440251572327,0.9815813117699909,0.7215286781665877
