nDCG@1,nDCG@1_std,nDCG@1_stderr,nDCG@1_ci90_low,nDCG@1_ci90_high,nDCG@1_ci95_low,nDCG@1_ci95_high,nDCG@3,nDCG@3_std,nDCG@3_stderr,nDCG@3_ci90_low,nDCG@3_ci90_high,nDCG@3_ci95_low,nDCG@3_ci95_high,nDCG@5,nDCG@5_std,nDCG@5_stderr,nDCG@5_ci90_low,nDCG@5_ci90_high,nDCG@5_ci95_low,nDCG@5_ci95_high,nDCG@10,nDCG@10_std,nDCG@10_stderr,nDCG@10_ci90_low,nDCG@10_ci90_high,nDCG@10_ci95_low,nDCG@10_ci95_high,nDCG@100,nDCG@100_std,nDCG@100_stderr,nDCG@100_ci90_low,nDCG@100_ci90_high,nDCG@100_ci95_low,nDCG@100_ci95_high,RR@1,RR@3,RR@5,RR@10,RR@100,P@1,P@3,P@5,P@10,P@100,R@1,R@3,R@5,R@10,R@100,AP
0.6159029649595688,0.4865449841443832,0.0126300784826195,0.5951153491070759,0.6366905808120616,0.5911282461705055,0.640677683748632,0.6986867862675415,0.41202584285328525,0.010695657959059687,0.6810829978786924,0.7162905746563907,0.677706558902814,0.7196670136322691,0.7195698519674271,0.3880039869467205,0.01007208165001268,0.7029923964541038,0.7361473074807503,0.699812810010567,0.7393268939242871,0.7409769791879091,0.35754146519943825,0.009281313986210179,0.725701033752003,0.7562529246238151,0.7227710793340179,0.7591828790418003,0.7615942944709198,0.3200692611706894,0.00830858403682613,0.7479193475200062,0.7752692414218333,0.7452964675547267,0.7778921213871128,0.6159029649595688,0.6836253369272245,0.6945080862533702,0.7028606725709157,0.7069636834203152,0.6159029649595688,0.2657232704402485,0.1707547169811285,0.09258760107816504,0.010269541778975558,0.5972596585804133,0.7599955076370171,0.8092430368373763,0.872529200359389,0.9657457322551662,0.7007321266398816
