nDCG@1,nDCG@1_std,nDCG@1_stderr,nDCG@1_ci90_low,nDCG@1_ci90_high,nDCG@1_ci95_low,nDCG@1_ci95_high,nDCG@3,nDCG@3_std,nDCG@3_stderr,nDCG@3_ci90_low,nDCG@3_ci90_high,nDCG@3_ci95_low,nDCG@3_ci95_high,nDCG@5,nDCG@5_std,nDCG@5_stderr,nDCG@5_ci90_low,nDCG@5_ci90_high,nDCG@5_ci95_low,nDCG@5_ci95_high,nDCG@10,nDCG@10_std,nDCG@10_stderr,nDCG@10_ci90_low,nDCG@10_ci90_high,nDCG@10_ci95_low,nDCG@10_ci95_high,nDCG@100,nDCG@100_std,nDCG@100_stderr,nDCG@100_ci90_low,nDCG@100_ci90_high,nDCG@100_ci95_low,nDCG@100_ci95_high,RR@1,RR@3,RR@5,RR@10,RR@100,P@1,P@3,P@5,P@10,P@100,R@1,R@3,R@5,R@10,R@100,AP
0.6428571428571429,0.4793189465672008,0.012442499893398882,0.622378259183966,0.6633360265303198,0.6184503716469633,0.6672639140673225,0.7263151996956251,0.3982505585639965,0.010338069396102715,0.7092999598015635,0.7433304395896867,0.706036405508976,0.7465939938822742,0.7489133043867645,0.3692299608011705,0.009584732213927069,0.7331379684229926,0.7646886403505364,0.7301122299836805,0.7677143787898485,0.7679479639962287,0.3387736666302274,0.008794126209951477,0.7534738720369129,0.7824220559555445,0.7506977145898693,0.785198213402588,0.7864840168329729,0.3023700330800386,0.007849134968083154,0.7735652687257923,0.7994027649401534,0.7710874290889407,0.801880604577005,0.6435309973045822,0.7122641509433967,0.72412398921833,0.7315053694433755,0.7351363277948072,0.6428571428571429,0.275157232704399,0.17722371967654604,0.09501347708894657,0.01041105121293782,0.6228661275831087,0.7852650494159927,0.8389487870619946,0.8957771787960467,0.9788858939802335,0.7284325087862824
