nDCG@1,nDCG@1_std,nDCG@1_stderr,nDCG@1_ci90_low,nDCG@1_ci90_high,nDCG@1_ci95_low,nDCG@1_ci95_high,nDCG@3,nDCG@3_std,nDCG@3_stderr,nDCG@3_ci90_low,nDCG@3_ci90_high,nDCG@3_ci95_low,nDCG@3_ci95_high,nDCG@5,nDCG@5_std,nDCG@5_stderr,nDCG@5_ci90_low,nDCG@5_ci90_high,nDCG@5_ci95_low,nDCG@5_ci95_high,nDCG@10,nDCG@10_std,nDCG@10_stderr,nDCG@10_ci90_low,nDCG@10_ci90_high,nDCG@10_ci95_low,nDCG@10_ci95_high,nDCG@100,nDCG@100_std,nDCG@100_stderr,nDCG@100_ci90_low,nDCG@100_ci90_high,nDCG@100_ci95_low,nDCG@100_ci95_high,RR@1,RR@3,RR@5,RR@10,RR@100,P@1,P@3,P@5,P@10,P@100,R@1,R@3,R@5,R@10,R@100,AP
0.6132075471698113,0.48717962453772073,0.012646552926375587,0.5923928163307681,0.6340222780088545,0.5884005126899291,0.6380145816496935,0.6999475613319706,0.41169449037641004,0.01068705647733708,0.6823579299650321,0.717537192698909,0.6789842063319824,0.7209109163319587,0.7250686741704835,0.38109221404166244,0.009892660965205,0.7087865238903704,0.7413508244505965,0.7056635775334541,0.7444737708075129,0.7474383694823269,0.34760942376727383,0.00902349103690681,0.7325867701370212,0.7622899688276326,0.7297382060793333,0.7651385328853205,0.7669359204305919,0.31098252625102213,0.008072704151253001,0.7536492038818388,0.780222636979345,0.7511007872214183,0.7827710536397655,0.6138814016172507,0.6847484276729566,0.6980570530098843,0.7067045843494638,0.7104706739600609,0.6132075471698113,0.2663971248876877,0.17291105121293435,0.09407008086253152,0.010370619946091458,0.5965296495956873,0.7608378256963162,0.8206985624438453,0.887915543575921,0.9758535489667564,0.7043929853983948
