{
  "nDCG@1": 0.6549865229110512,
  "nDCG@1_std": 0.47553291944054815,
  "nDCG@1_stderr": 0.012344219526104499,
  "nDCG@1_ci90_low": 0.6346693971021639,
  "nDCG@1_ci90_high": 0.6753036487199385,
  "nDCG@1_ci95_low": 0.6307725350209082,
  "nDCG@1_ci95_high": 0.6792005108011941,
  "nDCG@3": 0.7392897898035606,
  "nDCG@3_std": 0.3904243046067672,
  "nDCG@3_stderr": 0.010134909965986415,
  "nDCG@3_ci90_low": 0.722608926310713,
  "nDCG@3_ci90_high": 0.7559706532964082,
  "nDCG@3_ci95_low": 0.7194095060265978,
  "nDCG@3_ci95_high": 0.7591700735805235,
  "nDCG@5": 0.7590595019177636,
  "nDCG@5_std": 0.364192803905438,
  "nDCG@5_stderr": 0.00945397413606044,
  "nDCG@5_ci90_low": 0.7434993782898487,
  "nDCG@5_ci90_high": 0.7746196255456785,
  "nDCG@5_ci95_low": 0.7405149179722015,
  "nDCG@5_ci95_high": 0.7776040858633257,
  "nDCG@10": 0.778111070719767,
  "nDCG@10_std": 0.3326905835840365,
  "nDCG@10_stderr": 0.008636217242038075,
  "nDCG@10_ci90_low": 0.7638968782511127,
  "nDCG@10_ci90_high": 0.7923252631884213,
  "nDCG@10_ci95_low": 0.7611705700041786,
  "nDCG@10_ci95_high": 0.7950515714353554,
  "nDCG@100": 0.7960877950049265,
  "nDCG@100_std": 0.2956665162420986,
  "nDCG@100_stderr": 0.007675120341415831,
  "nDCG@100_ci90_low": 0.7834554543984479,
  "nDCG@100_ci90_high": 0.8087201356114052,
  "nDCG@100_ci95_low": 0.7810325482467639,
  "nDCG@100_ci95_high": 0.8111430417630892,
  "RR@1": 0.6549865229110512,
  "RR@3": 0.723831985624439,
  "RR@5": 0.7339734950584017,
  "RR@10": 0.7415762846018915,
  "RR@100": 0.7452997697663654,
  "P@1": 0.6549865229110512,
  "P@3": 0.28054806828391354,
  "P@5": 0.17897574123988824,
  "P@10": 0.09582210242587379,
  "P@100": 0.010444743935309786,
  "R@1": 0.6354447439353099,
  "R@3": 0.8002583108715183,
  "R@5": 0.846866576819407,
  "R@10": 0.9030211141060197,
  "R@100": 0.98259209344115,
  "AP": 0.7395746611646007
}