nDCG@1,nDCG@1_std,nDCG@1_stderr,nDCG@1_ci90_low,nDCG@1_ci90_high,nDCG@1_ci95_low,nDCG@1_ci95_high,nDCG@3,nDCG@3_std,nDCG@3_stderr,nDCG@3_ci90_low,nDCG@3_ci90_high,nDCG@3_ci95_low,nDCG@3_ci95_high,nDCG@5,nDCG@5_std,nDCG@5_stderr,nDCG@5_ci90_low,nDCG@5_ci90_high,nDCG@5_ci95_low,nDCG@5_ci95_high,nDCG@10,nDCG@10_std,nDCG@10_stderr,nDCG@10_ci90_low,nDCG@10_ci90_high,nDCG@10_ci95_low,nDCG@10_ci95_high,nDCG@100,nDCG@100_std,nDCG@100_stderr,nDCG@100_ci90_low,nDCG@100_ci90_high,nDCG@100_ci95_low,nDCG@100_ci95_high,RR@1,RR@3,RR@5,RR@10,RR@100,P@1,P@3,P@5,P@10,P@100,R@1,R@3,R@5,R@10,R@100,AP
0.671832884097035,0.4697042975580219,0.012192916040875322,0.6517647859353167,0.6919009822587533,0.647915687814602,0.6957500803794681,0.7456441678758201,0.3923451640674663,0.010184772993113033,0.7288812357359268,0.7624071000157134,0.7256660745344327,0.7656222612172076,0.7662595813268647,0.3649500351547489,0.009473630879876445,0.7506671050227632,0.7818520576309661,0.7476764394023462,0.7848427232513832,0.7859395976250526,0.33197970810167343,0.008617763833974676,0.7717557772842136,0.8001234179658916,0.7690352944672307,0.8028439007828745,0.8039850356745004,0.2938519585870268,0.007628016771670686,0.7914302219744849,0.816539849374516,0.7890221856259864,0.8189478857230145,0.6704851752021563,0.7320305480682842,0.7427111410601983,0.7503251615111455,0.7542691062101176,0.671832884097035,0.2798742138364743,0.1791105121293762,0.09615902964959346,0.010464959568732965,0.6526280323450134,0.7981805929919138,0.8469788858939802,0.9058288409703504,0.984613656783468,0.7495143796351975
