nDCG@1,nDCG@1_std,nDCG@1_stderr,nDCG@1_ci90_low,nDCG@1_ci90_high,nDCG@1_ci95_low,nDCG@1_ci95_high,nDCG@3,nDCG@3_std,nDCG@3_stderr,nDCG@3_ci90_low,nDCG@3_ci90_high,nDCG@3_ci95_low,nDCG@3_ci95_high,nDCG@5,nDCG@5_std,nDCG@5_stderr,nDCG@5_ci90_low,nDCG@5_ci90_high,nDCG@5_ci95_low,nDCG@5_ci95_high,nDCG@10,nDCG@10_std,nDCG@10_stderr,nDCG@10_ci90_low,nDCG@10_ci90_high,nDCG@10_ci95_low,nDCG@10_ci95_high,nDCG@100,nDCG@100_std,nDCG@100_stderr,nDCG@100_ci90_low,nDCG@100_ci90_high,nDCG@100_ci95_low,nDCG@100_ci95_high,RR@1,RR@3,RR@5,RR@10,RR@100,P@1,P@3,P@5,P@10,P@100,R@1,R@3,R@5,R@10,R@100,AP
0.6563342318059299,0.4750912594457717,0.012332754603890843,0.6360359759034396,0.6766324877084201,0.6321427331049216,0.6805257305069381,0.7380533874834984,0.3936408483053449,0.01021840728006777,0.7212350972840609,0.7548716776829358,0.7180093183049757,0.758097456662021,0.7596257941119814,0.36436860791455866,0.00945853778074924,0.7440581592644958,0.775193428959467,0.7410722582811262,0.7781793299428366,0.7796038193259056,0.33117349956404235,0.008596835703101957,0.7654544442140248,0.7937531944377865,0.7627405680552803,0.7964670705965309,0.7966338423819632,0.29611217409042595,0.007686689042736774,0.7839824610609473,0.8092852237029792,0.7815559028652105,0.811711781898716,0.6570080862533693,0.723831985624439,0.7351864330637922,0.7429288067428231,0.7463973491525936,0.6563342318059299,0.27942497753818135,0.1789757412398883,0.09615902964959344,0.010444743935309786,0.6361185983827493,0.7953728661275831,0.8466981132075472,0.9065588499550763,0.9822551662174303,0.7404546550067544
