nDCG@1,nDCG@1_std,nDCG@1_stderr,nDCG@1_ci90_low,nDCG@1_ci90_high,nDCG@1_ci95_low,nDCG@1_ci95_high,nDCG@3,nDCG@3_std,nDCG@3_stderr,nDCG@3_ci90_low,nDCG@3_ci90_high,nDCG@3_ci95_low,nDCG@3_ci95_high,nDCG@5,nDCG@5_std,nDCG@5_stderr,nDCG@5_ci90_low,nDCG@5_ci90_high,nDCG@5_ci95_low,nDCG@5_ci95_high,nDCG@10,nDCG@10_std,nDCG@10_stderr,nDCG@10_ci90_low,nDCG@10_ci90_high,nDCG@10_ci95_low,nDCG@10_ci95_high,nDCG@100,nDCG@100_std,nDCG@100_stderr,nDCG@100_ci90_low,nDCG@100_ci90_high,nDCG@100_ci95_low,nDCG@100_ci95_high,RR@1,RR@3,RR@5,RR@10,RR@100,P@1,P@3,P@5,P@10,P@100,R@1,R@3,R@5,R@10,R@100,AP
0.6361185983827493,0.48127726998544446,0.012493335436406822,0.6155560454163723,0.6566811513491263,0.6116121099551157,0.6606250868103829,0.7117203520347541,0.41123277827077565,0.0106750710282613,0.6941504472998828,0.7292902567696254,0.6907805072711294,0.7326601967983789,0.735019850226782,0.3824955168456571,0.009929088890940378,0.7186777438880005,0.7513619565655634,0.715543297848808,0.7544964026047559,0.7553876315873108,0.35225102286643833,0.009143980945995889,0.7403377200978888,0.7704375430767328,0.7374511194063813,0.7733241437682403,0.7767727900778161,0.31129332061830683,0.008080771971040858,0.7634727948515988,0.7900727853040334,0.7609218313164292,0.792623748839203,0.6361185983827493,0.6981132075471703,0.7105458221024266,0.7185748513241778,0.7226919056779604,0.6361185983827493,0.2679694519317129,0.17318059299191008,0.09339622641509225,0.010397574123989032,0.6182614555256065,0.765667115902965,0.8206985624438453,0.880503144654088,0.9786612758310871,0.7175488314835524
