nDCG@1,nDCG@1_std,nDCG@1_stderr,nDCG@1_ci90_low,nDCG@1_ci90_high,nDCG@1_ci95_low,nDCG@1_ci95_high,nDCG@3,nDCG@3_std,nDCG@3_stderr,nDCG@3_ci90_low,nDCG@3_ci90_high,nDCG@3_ci95_low,nDCG@3_ci95_high,nDCG@5,nDCG@5_std,nDCG@5_stderr,nDCG@5_ci90_low,nDCG@5_ci90_high,nDCG@5_ci95_low,nDCG@5_ci95_high,nDCG@10,nDCG@10_std,nDCG@10_stderr,nDCG@10_ci90_low,nDCG@10_ci90_high,nDCG@10_ci95_low,nDCG@10_ci95_high,nDCG@100,nDCG@100_std,nDCG@100_stderr,nDCG@100_ci90_low,nDCG@100_ci90_high,nDCG@100_ci95_low,nDCG@100_ci95_high,RR@1,RR@3,RR@5,RR@10,RR@100,P@1,P@3,P@5,P@10,P@100,R@1,R@3,R@5,R@10,R@100,AP
0.6549865229110512,0.47553291944054815,0.012344219526104499,0.6346693971021639,0.6753036487199385,0.6307725350209082,0.6792005108011941,0.7392897898035606,0.3904243046067672,0.010134909965986415,0.722608926310713,0.7559706532964082,0.7194095060265978,0.7591700735805235,0.7590595019177636,0.364192803905438,0.00945397413606044,0.7434993782898487,0.7746196255456785,0.7405149179722015,0.7776040858633257,0.778111070719767,0.3326905835840365,0.008636217242038075,0.7638968782511127,0.7923252631884213,0.7611705700041786,0.7950515714353554,0.7960877950049265,0.2956665162420986,0.007675120341415831,0.7834554543984479,0.8087201356114052,0.7810325482467639,0.8111430417630892,0.6549865229110512,0.723831985624439,0.7339734950584017,0.7415762846018915,0.7452997697663654,0.6549865229110512,0.28054806828391354,0.17897574123988824,0.09582210242587379,0.010444743935309786,0.6354447439353099,0.8002583108715183,0.846866576819407,0.9030211141060197,0.98259209344115,0.7395746611646007
