{
  "nDCG@1": 0.6132075471698113,
  "nDCG@1_std": 0.48717962453772073,
  "nDCG@1_stderr": 0.012646552926375587,
  "nDCG@1_ci90_low": 0.5923928163307681,
  "nDCG@1_ci90_high": 0.6340222780088545,
  "nDCG@1_ci95_low": 0.5884005126899291,
  "nDCG@1_ci95_high": 0.6380145816496935,
  "nDCG@3": 0.6999475613319706,
  "nDCG@3_std": 0.41169449037641004,
  "nDCG@3_stderr": 0.01068705647733708,
  "nDCG@3_ci90_low": 0.6823579299650321,
  "nDCG@3_ci90_high": 0.717537192698909,
  "nDCG@3_ci95_low": 0.6789842063319824,
  "nDCG@3_ci95_high": 0.7209109163319587,
  "nDCG@5": 0.7250686741704835,
  "nDCG@5_std": 0.38109221404166244,
  "nDCG@5_stderr": 0.009892660965205,
  "nDCG@5_ci90_low": 0.7087865238903704,
  "nDCG@5_ci90_high": 0.7413508244505965,
  "nDCG@5_ci95_low": 0.7056635775334541,
  "nDCG@5_ci95_high": 0.7444737708075129,
  "nDCG@10": 0.7474383694823269,
  "nDCG@10_std": 0.34760942376727383,
  "nDCG@10_stderr": 0.00902349103690681,
  "nDCG@10_ci90_low": 0.7325867701370212,
  "nDCG@10_ci90_high": 0.7622899688276326,
  "nDCG@10_ci95_low": 0.7297382060793333,
  "nDCG@10_ci95_high": 0.7651385328853205,
  "nDCG@100": 0.7669359204305919,
  "nDCG@100_std": 0.31098252625102213,
  "nDCG@100_stderr": 0.008072704151253001,
  "nDCG@100_ci90_low": 0.7536492038818388,
  "nDCG@100_ci90_high": 0.780222636979345,
  "nDCG@100_ci95_low": 0.7511007872214183,
  "nDCG@100_ci95_high": 0.7827710536397655,
  "RR@1": 0.6138814016172507,
  "RR@3": 0.6847484276729566,
  "RR@5": 0.6980570530098843,
  "RR@10": 0.7067045843494638,
  "RR@100": 0.7104706739600609,
  "P@1": 0.6132075471698113,
  "P@3": 0.2663971248876877,
  "P@5": 0.17291105121293435,
  "P@10": 0.09407008086253152,
  "P@100": 0.010370619946091458,
  "R@1": 0.5965296495956873,
  "R@3": 0.7608378256963162,
  "R@5": 0.8206985624438453,
  "R@10": 0.887915543575921,
  "R@100": 0.9758535489667564,
  "AP": 0.7043929853983948
}