nDCG@1,nDCG@1_std,nDCG@1_stderr,nDCG@1_ci90_low,nDCG@1_ci90_high,nDCG@1_ci95_low,nDCG@1_ci95_high,nDCG@3,nDCG@3_std,nDCG@3_stderr,nDCG@3_ci90_low,nDCG@3_ci90_high,nDCG@3_ci95_low,nDCG@3_ci95_high,nDCG@5,nDCG@5_std,nDCG@5_stderr,nDCG@5_ci90_low,nDCG@5_ci90_high,nDCG@5_ci95_low,nDCG@5_ci95_high,nDCG@10,nDCG@10_std,nDCG@10_stderr,nDCG@10_ci90_low,nDCG@10_ci90_high,nDCG@10_ci95_low,nDCG@10_ci95_high,nDCG@100,nDCG@100_std,nDCG@100_stderr,nDCG@100_ci90_low,nDCG@100_ci90_high,nDCG@100_ci95_low,nDCG@100_ci95_high,RR@1,RR@3,RR@5,RR@10,RR@100,P@1,P@3,P@5,P@10,P@100,R@1,R@3,R@5,R@10,R@100,AP
0.6287061994609164,0.4833136883124235,0.012546198222236214,0.6080566405993484,0.6493557583224845,0.6040960172474421,0.6533163816743908,0.7117485384866028,0.40607352998776375,0.010541143615896028,0.6943990624374439,0.7290980145357617,0.6910714010358472,0.7324256759373584,0.733152969155807,0.3799968549111865,0.00986422685893445,0.7169176180526804,0.7493883202589335,0.7138036478639459,0.752502290447668,0.7538150869155794,0.34911035929336226,0.009062453381827878,0.7388993601572853,0.7687308136738735,0.736038496343894,0.7715916774872649,0.7730851906914366,0.3126752854444012,0.008116645990468857,0.7597261510708412,0.7864442303120319,0.7571638627122823,0.7890065186705908,0.6293800539083558,0.6975516621743042,0.708535489667566,0.7164736020194244,0.7202846530139035,0.6287061994609164,0.26999101527403085,0.17358490566037368,0.09386792452829974,0.010330188679245098,0.6097259658580413,0.7717879604672057,0.8223831985624438,0.883984725965858,0.9714734950584007,0.7136980622041484
