{
  "nDCG@1": 0.6159029649595688,
  "nDCG@1_std": 0.4865449841443832,
  "nDCG@1_stderr": 0.0126300784826195,
  "nDCG@1_ci90_low": 0.5951153491070759,
  "nDCG@1_ci90_high": 0.6366905808120616,
  "nDCG@1_ci95_low": 0.5911282461705055,
  "nDCG@1_ci95_high": 0.640677683748632,
  "nDCG@3": 0.6986867862675415,
  "nDCG@3_std": 0.41202584285328525,
  "nDCG@3_stderr": 0.010695657959059687,
  "nDCG@3_ci90_low": 0.6810829978786924,
  "nDCG@3_ci90_high": 0.7162905746563907,
  "nDCG@3_ci95_low": 0.677706558902814,
  "nDCG@3_ci95_high": 0.7196670136322691,
  "nDCG@5": 0.7195698519674271,
  "nDCG@5_std": 0.3880039869467205,
  "nDCG@5_stderr": 0.01007208165001268,
  "nDCG@5_ci90_low": 0.7029923964541038,
  "nDCG@5_ci90_high": 0.7361473074807503,
  "nDCG@5_ci95_low": 0.699812810010567,
  "nDCG@5_ci95_high": 0.7393268939242871,
  "nDCG@10": 0.7409769791879091,
  "nDCG@10_std": 0.35754146519943825,
  "nDCG@10_stderr": 0.009281313986210179,
  "nDCG@10_ci90_low": 0.725701033752003,
  "nDCG@10_ci90_high": 0.7562529246238151,
  "nDCG@10_ci95_low": 0.7227710793340179,
  "nDCG@10_ci95_high": 0.7591828790418003,
  "nDCG@100": 0.7615942944709198,
  "nDCG@100_std": 0.3200692611706894,
  "nDCG@100_stderr": 0.00830858403682613,
  "nDCG@100_ci90_low": 0.7479193475200062,
  "nDCG@100_ci90_high": 0.7752692414218333,
  "nDCG@100_ci95_low": 0.7452964675547267,
  "nDCG@100_ci95_high": 0.7778921213871128,
  "RR@1": 0.6159029649595688,
  "RR@3": 0.6836253369272245,
  "RR@5": 0.6945080862533702,
  "RR@10": 0.7028606725709157,
  "RR@100": 0.7069636834203152,
  "P@1": 0.6159029649595688,
  "P@3": 0.2657232704402485,
  "P@5": 0.1707547169811285,
  "P@10": 0.09258760107816504,
  "P@100": 0.010269541778975558,
  "R@1": 0.5972596585804133,
  "R@3": 0.7599955076370171,
  "R@5": 0.8092430368373763,
  "R@10": 0.872529200359389,
  "R@100": 0.9657457322551662,
  "AP": 0.7007321266398816
}