nDCG@1,nDCG@3,nDCG@5,nDCG@10,nDCG@100,RR@1,RR@3,RR@5,RR@10,RR@100,P@1,P@3,P@5,P@10,P@100,R@1,R@3,R@5,R@10,R@100,AP
0.13679245283018868,0.20444950255221986,0.229980483535327,0.25870188156067137,0.32191752103499705,0.13611859838274934,0.18912848158131193,0.2036837376460017,0.2157925277029048,0.2272569553833194,0.13679245283018868,0.08760107816711545,0.06536388140161781,0.041846361185984234,0.0074730458221023005,0.1343216531895777,0.2549415992812219,0.3160938903863432,0.40369496855345904,0.710411051212938,0.22352593564611137
