{
  "nDCG@1": 0.1509433962264151,
  "nDCG@3": 0.2278659897483682,
  "nDCG@5": 0.2538603683709196,
  "nDCG@10": 0.28556145045956427,
  "nDCG@100": 0.3512726293103921,
  "RR@1": 0.15026954177897575,
  "RR@3": 0.20990566037735853,
  "RR@5": 0.22493261455525593,
  "RR@10": 0.23820834937748672,
  "RR@100": 0.25020041556344175,
  "P@1": 0.1509433962264151,
  "P@3": 0.09793351302785248,
  "P@5": 0.07183288409703568,
  "P@10": 0.04615902964959596,
  "P@100": 0.008039083557951344,
  "R@1": 0.14746181491464508,
  "R@3": 0.2852650494159928,
  "R@5": 0.34759658580413294,
  "R@10": 0.44463162623539976,
  "R@100": 0.7622416891284817,
  "AP": 0.2463211632921654
}