{
  "nDCG@1": 0.1522911051212938,
  "nDCG@1_std": 0.3594239512019637,
  "nDCG@1_stderr": 0.00933018088799551,
  "nDCG@1_ci90_low": 0.13693473054287586,
  "nDCG@1_ci90_high": 0.16764747969971172,
  "nDCG@1_ci95_low": 0.13398934966749554,
  "nDCG@1_ci95_high": 0.17059286057509204,
  "nDCG@3": 0.2230790794297515,
  "nDCG@3_std": 0.37570420795941095,
  "nDCG@3_stderr": 0.009752795296250795,
  "nDCG@3_ci90_low": 0.2070271315035805,
  "nDCG@3_ci90_high": 0.23913102735592248,
  "nDCG@3_ci95_low": 0.20394833838135545,
  "nDCG@3_ci95_high": 0.24220982047814754,
  "nDCG@5": 0.2511522901886176,
  "nDCG@5_std": 0.37326356161165297,
  "nDCG@5_stderr": 0.009689439273837553,
  "nDCG@5_ci90_low": 0.23520461878437648,
  "nDCG@5_ci90_high": 0.26709996159285876,
  "nDCG@5_ci95_low": 0.23214582609076007,
  "nDCG@5_ci95_high": 0.2701587542864752,
  "nDCG@10": 0.2818846210737103,
  "nDCG@10_std": 0.36487465838889854,
  "nDCG@10_stderr": 0.009471674196528593,
  "nDCG@10_ci90_low": 0.26629536523904906,
  "nDCG@10_ci90_high": 0.29747387690837157,
  "nDCG@10_ci95_low": 0.26330531731059115,
  "nDCG@10_ci95_high": 0.3004639248368295,
  "nDCG@100": 0.3471133764011121,
  "nDCG@100_std": 0.3274254514799573,
  "nDCG@100_stderr": 0.008499541222629874,
  "nDCG@100_ci90_low": 0.33312413650037853,
  "nDCG@100_ci90_high": 0.3611026163018457,
  "nDCG@100_ci95_low": 0.33044097456952565,
  "nDCG@100_ci95_high": 0.3637857782326986,
  "RR@1": 0.1522911051212938,
  "RR@3": 0.20721024258760112,
  "RR@5": 0.22355121293800528,
  "RR@10": 0.23670581440123215,
  "RR@100": 0.2487590437871791,
  "P@1": 0.1522911051212938,
  "P@3": 0.09433962264150919,
  "P@5": 0.07048517520215697,
  "P@10": 0.045283018867924844,
  "P@100": 0.00789083557951469,
  "R@1": 0.14903414195867026,
  "R@3": 0.27583108715184185,
  "R@5": 0.343384995507637,
  "R@10": 0.436039982030548,
  "R@100": 0.7479784366576819,
  "AP": 0.2445295262080688
}