{
  "nDCG@1": 0.1522911051212938,
  "nDCG@3": 0.2230790794297515,
  "nDCG@5": 0.2511522901886176,
  "nDCG@10": 0.2818846210737103,
  "nDCG@100": 0.3471133764011121,
  "RR@1": 0.1522911051212938,
  "RR@3": 0.20721024258760112,
  "RR@5": 0.22355121293800528,
  "RR@10": 0.23670581440123215,
  "RR@100": 0.2487590437871791,
  "P@1": 0.1522911051212938,
  "P@3": 0.09433962264150919,
  "P@5": 0.07048517520215697,
  "P@10": 0.045283018867924844,
  "P@100": 0.00789083557951469,
  "R@1": 0.14903414195867026,
  "R@3": 0.27583108715184185,
  "R@5": 0.343384995507637,
  "R@10": 0.436039982030548,
  "R@100": 0.7479784366576819,
  "AP": 0.2445295262080688
}