nDCG@1,nDCG@1_std,nDCG@1_stderr,nDCG@1_ci90_low,nDCG@1_ci90_high,nDCG@1_ci95_low,nDCG@1_ci95_high,nDCG@3,nDCG@3_std,nDCG@3_stderr,nDCG@3_ci90_low,nDCG@3_ci90_high,nDCG@3_ci95_low,nDCG@3_ci95_high,nDCG@5,nDCG@5_std,nDCG@5_stderr,nDCG@5_ci90_low,nDCG@5_ci90_high,nDCG@5_ci95_low,nDCG@5_ci95_high,nDCG@10,nDCG@10_std,nDCG@10_stderr,nDCG@10_ci90_low,nDCG@10_ci90_high,nDCG@10_ci95_low,nDCG@10_ci95_high,nDCG@100,nDCG@100_std,nDCG@100_stderr,nDCG@100_ci90_low,nDCG@100_ci90_high,nDCG@100_ci95_low,nDCG@100_ci95_high,RR@1,RR@3,RR@5,RR@10,RR@100,P@1,P@3,P@5,P@10,P@100,R@1,R@3,R@5,R@10,R@100,AP
0.1522911051212938,0.3594239512019637,0.00933018088799551,0.13693473054287586,0.16764747969971172,0.13398934966749554,0.17059286057509204,0.22376309925529564,0.3751402930833636,0.009738156795445941,0.20773524457065173,0.23979095393993954,0.2046610725764447,0.24286512593414658,0.25246987414259603,0.37275565877244043,0.009676254773061986,0.2365439028677489,0.26839584541744316,0.23348927229884386,0.2714504759863482,0.286239814338346,0.36317455344419697,0.009427541671109528,0.2707231954224715,0.3017564332542205,0.26774707938857295,0.30473254928811905,0.3504239595750627,0.3251871057129586,0.008441436661634045,0.3365303529116777,0.36431756623844774,0.3338655336115609,0.36698238553856455,0.1522911051212938,0.20799640610961376,0.2240004492362982,0.2384062272707824,0.25000816980635393,0.1522911051212938,0.095238095238095,0.07142857142857208,0.04676549865229133,0.008012129380053771,0.1483602875112309,0.2778526504941599,0.3470911949685534,0.4495170709793351,0.7595462713387242,0.2455179690557698
