{
  "nDCG@1": 0.1522911051212938,
  "nDCG@3": 0.22376309925529564,
  "nDCG@5": 0.25246987414259603,
  "nDCG@10": 0.286239814338346,
  "nDCG@100": 0.3504239595750627,
  "RR@1": 0.1522911051212938,
  "RR@3": 0.20799640610961376,
  "RR@5": 0.2240004492362982,
  "RR@10": 0.2384062272707824,
  "RR@100": 0.25000816980635393,
  "P@1": 0.1522911051212938,
  "P@3": 0.095238095238095,
  "P@5": 0.07142857142857208,
  "P@10": 0.04676549865229133,
  "P@100": 0.008012129380053771,
  "R@1": 0.1483602875112309,
  "R@3": 0.2778526504941599,
  "R@5": 0.3470911949685534,
  "R@10": 0.4495170709793351,
  "R@100": 0.7595462713387242,
  "AP": 0.2455179690557698
}