nDCG@1,nDCG@3,nDCG@5,nDCG@10,nDCG@100,RR@1,RR@3,RR@5,RR@10,RR@100,P@1,P@3,P@5,P@10,P@100,R@1,R@3,R@5,R@10,R@100,AP
0.1509433962264151,0.2278659897483682,0.2538603683709196,0.28556145045956427,0.3512726293103921,0.15026954177897575,0.20990566037735853,0.22493261455525593,0.23820834937748672,0.25020041556344175,0.1509433962264151,0.09793351302785248,0.07183288409703568,0.04615902964959596,0.008039083557951344,0.14746181491464508,0.2852650494159928,0.34759658580413294,0.44463162623539976,0.7622416891284817,0.2463211632921654
