nDCG@1,nDCG@3,nDCG@5,nDCG@10,nDCG@100,RR@1,RR@3,RR@5,RR@10,RR@100,P@1,P@3,P@5,P@10,P@100,R@1,R@3,R@5,R@10,R@100,AP
0.1522911051212938,0.2230790794297515,0.2511522901886176,0.2818846210737103,0.3471133764011121,0.1522911051212938,0.20721024258760112,0.22355121293800528,0.23670581440123215,0.2487590437871791,0.1522911051212938,0.09433962264150919,0.07048517520215697,0.045283018867924844,0.00789083557951469,0.14903414195867026,0.27583108715184185,0.343384995507637,0.436039982030548,0.7479784366576819,0.2445295262080688
