nDCG@1,nDCG@1_std,nDCG@1_stderr,nDCG@1_ci90_low,nDCG@1_ci90_high,nDCG@1_ci95_low,nDCG@1_ci95_high,nDCG@3,nDCG@3_std,nDCG@3_stderr,nDCG@3_ci90_low,nDCG@3_ci90_high,nDCG@3_ci95_low,nDCG@3_ci95_high,nDCG@5,nDCG@5_std,nDCG@5_stderr,nDCG@5_ci90_low,nDCG@5_ci90_high,nDCG@5_ci95_low,nDCG@5_ci95_high,nDCG@10,nDCG@10_std,nDCG@10_stderr,nDCG@10_ci90_low,nDCG@10_ci90_high,nDCG@10_ci95_low,nDCG@10_ci95_high,nDCG@100,nDCG@100_std,nDCG@100_stderr,nDCG@100_ci90_low,nDCG@100_ci90_high,nDCG@100_ci95_low,nDCG@100_ci95_high,RR@1,RR@3,RR@5,RR@10,RR@100,P@1,P@3,P@5,P@10,P@100,R@1,R@3,R@5,R@10,R@100,AP
0.14622641509433962,0.35345216678356567,0.009175161088504023,0.13112518477696442,0.16132764541171482,0.1282287410399106,0.16422408914876863,0.2200102700168055,0.3716732225449051,0.009648156128637064,0.2041305457884106,0.2358899942452004,0.20108478548803593,0.23893575454557509,0.24596267007288478,0.3698884707922261,0.009601826281566564,0.23015919929491235,0.2617661408508572,0.22712806454651346,0.2647972755992561,0.27608669304710026,0.3618154367517968,0.009392260759680054,0.260628142339965,0.2915452437542355,0.2576631638952555,0.294510222198945,0.34097851779208216,0.32517307121282546,0.008441072344163055,0.32708551075217895,0.35487152483198536,0.3244208064609483,0.35753622912321603,0.14622641509433962,0.20350404312668463,0.21846361185983812,0.23128208830702077,0.24324313464232858,0.14622641509433962,0.09433962264150919,0.06954177897574186,0.04447439353099765,0.007803234501347576,0.1430817610062893,0.2748203054806828,0.3373203054806828,0.42829065588499543,0.7407906558849955,0.23886270792737135
