nDCG@1,nDCG@3,nDCG@5,nDCG@10,nDCG@100,RR@1,RR@3,RR@5,RR@10,RR@100,P@1,P@3,P@5,P@10,P@100,R@1,R@3,R@5,R@10,R@100,AP
0.14622641509433962,0.2200102700168055,0.24596267007288478,0.27608669304710026,0.34097851779208216,0.14622641509433962,0.20350404312668463,0.21846361185983812,0.23128208830702077,0.24324313464232858,0.14622641509433962,0.09433962264150919,0.06954177897574186,0.04447439353099765,0.007803234501347576,0.1430817610062893,0.2748203054806828,0.3373203054806828,0.42829065588499543,0.7407906558849955,0.23886270792737135
