{
  "nDCG@1": 0.13679245283018868,
  "nDCG@1_std": 0.34374394576949846,
  "nDCG@1_stderr": 0.008923148227761225,
  "nDCG@1_ci90_low": 0.12210600588460471,
  "nDCG@1_ci90_high": 0.15147889977577264,
  "nDCG@1_ci95_low": 0.11928911836080042,
  "nDCG@1_ci95_high": 0.15429578729957694,
  "nDCG@3": 0.20444950255221986,
  "nDCG@3_std": 0.36313424901491675,
  "nDCG@3_stderr": 0.009426495420255867,
  "nDCG@3_ci90_low": 0.18893460564154596,
  "nDCG@3_ci90_high": 0.21996439946289376,
  "nDCG@3_ci95_low": 0.18595881989141064,
  "nDCG@3_ci95_high": 0.22294018521302908,
  "nDCG@5": 0.229980483535327,
  "nDCG@5_std": 0.3624330526373867,
  "nDCG@5_stderr": 0.00940829326923481,
  "nDCG@5_ci90_low": 0.2144955452130843,
  "nDCG@5_ci90_high": 0.24546542185756967,
  "nDCG@5_ci95_low": 0.21152550557528613,
  "nDCG@5_ci95_high": 0.24843546149536785,
  "nDCG@10": 0.25870188156067137,
  "nDCG@10_std": 0.3560229461307423,
  "nDCG@10_stderr": 0.009241895195265882,
  "nDCG@10_ci90_low": 0.24349081479393966,
  "nDCG@10_ci90_high": 0.2739129483274031,
  "nDCG@10_ci95_low": 0.24057330422397538,
  "nDCG@10_ci95_high": 0.27683045889736735,
  "nDCG@100": 0.32191752103499705,
  "nDCG@100_std": 0.3230104327466159,
  "nDCG@100_stderr": 0.008384933046774568,
  "nDCG@100_ci90_low": 0.30811691264090957,
  "nDCG@100_ci90_high": 0.3357181294290845,
  "nDCG@100_ci95_low": 0.30546993057981253,
  "nDCG@100_ci95_high": 0.33836511149018156,
  "RR@1": 0.13611859838274934,
  "RR@3": 0.18912848158131193,
  "RR@5": 0.2036837376460017,
  "RR@10": 0.2157925277029048,
  "RR@100": 0.2272569553833194,
  "P@1": 0.13679245283018868,
  "P@3": 0.08760107816711545,
  "P@5": 0.06536388140161781,
  "P@10": 0.041846361185984234,
  "P@100": 0.0074730458221023005,
  "R@1": 0.1343216531895777,
  "R@3": 0.2549415992812219,
  "R@5": 0.3160938903863432,
  "R@10": 0.40369496855345904,
  "R@100": 0.710411051212938,
  "AP": 0.22352593564611137
}