{
  "nDCG@1": 0.12870619946091644,
  "nDCG@1_std": 0.3349873598957566,
  "nDCG@1_stderr": 0.008695838584399786,
  "nDCG@1_ci90_low": 0.1143938773121235,
  "nDCG@1_ci90_high": 0.14301852160970938,
  "nDCG@1_ci95_low": 0.11164874761213672,
  "nDCG@1_ci95_high": 0.14576365130969615,
  "nDCG@3": 0.19270132813456067,
  "nDCG@3_std": 0.3555359591146779,
  "nDCG@3_stderr": 0.00922925364220635,
  "nDCG@3_ci90_low": 0.17751106786947835,
  "nDCG@3_ci90_high": 0.207891588399643,
  "nDCG@3_ci95_low": 0.17459754802478122,
  "nDCG@3_ci95_high": 0.21080510824434012,
  "nDCG@5": 0.21854619977875778,
  "nDCG@5_std": 0.3555421321769762,
  "nDCG@5_stderr": 0.009229413886919268,
  "nDCG@5_ci90_low": 0.2033556757698247,
  "nDCG@5_ci90_high": 0.23373672378769086,
  "nDCG@5_ci95_low": 0.2004421053385721,
  "nDCG@5_ci95_high": 0.23665029421894346,
  "nDCG@10": 0.2445963153768306,
  "nDCG@10_std": 0.3505501896090706,
  "nDCG@10_stderr": 0.009099829514522022,
  "nDCG@10_ci90_low": 0.22961907192332615,
  "nDCG@10_ci90_high": 0.25957355883033506,
  "nDCG@10_ci95_low": 0.22674640909470087,
  "nDCG@10_ci95_high": 0.2624462216589603,
  "nDCG@100": 0.30814057006214424,
  "nDCG@100_std": 0.3194542253947334,
  "nDCG@100_stderr": 0.008292618503580313,
  "nDCG@100_ci90_low": 0.2944919004912526,
  "nDCG@100_ci90_high": 0.32178923963303585,
  "nDCG@100_ci95_low": 0.2918740605757697,
  "nDCG@100_ci95_high": 0.3244070795485188,
  "RR@1": 0.1280323450134771,
  "RR@3": 0.1783468104222822,
  "RR@5": 0.19276729559748412,
  "RR@10": 0.2039123668335256,
  "RR@100": 0.21547061485553556,
  "P@1": 0.12870619946091644,
  "P@3": 0.08288409703503999,
  "P@5": 0.06266846361186036,
  "P@10": 0.039690026954178274,
  "P@100": 0.0072371967654985304,
  "R@1": 0.12657232704402516,
  "R@3": 0.24079065588499549,
  "R@5": 0.30295372866127585,
  "R@10": 0.38213162623539976,
  "R@100": 0.6895215633423181,
  "AP": 0.21189673065991763
}