nDCG@1,nDCG@1_std,nDCG@1_stderr,nDCG@1_ci90_low,nDCG@1_ci90_high,nDCG@1_ci95_low,nDCG@1_ci95_high,nDCG@3,nDCG@3_std,nDCG@3_stderr,nDCG@3_ci90_low,nDCG@3_ci90_high,nDCG@3_ci95_low,nDCG@3_ci95_high,nDCG@5,nDCG@5_std,nDCG@5_stderr,nDCG@5_ci90_low,nDCG@5_ci90_high,nDCG@5_ci95_low,nDCG@5_ci95_high,nDCG@10,nDCG@10_std,nDCG@10_stderr,nDCG@10_ci90_low,nDCG@10_ci90_high,nDCG@10_ci95_low,nDCG@10_ci95_high,nDCG@100,nDCG@100_std,nDCG@100_stderr,nDCG@100_ci90_low,nDCG@100_ci90_high,nDCG@100_ci95_low,nDCG@100_ci95_high,RR@1,RR@3,RR@5,RR@10,RR@100,P@1,P@3,P@5,P@10,P@100,R@1,R@3,R@5,R@10,R@100,AP
0.1509433962264151,0.3581143761935126,0.009296186014603277,0.1356429731901831,0.16624381926264709,0.13270832392345563,0.16917846852937454,0.2278659897483682,0.3757349448122395,0.009753593185194642,0.21181272859133482,0.24391925090540156,0.20873368358901612,0.24699829590772027,0.2538603683709196,0.37307610537394825,0.009684573152365906,0.23792070602727006,0.2698000307145691,0.234863449486199,0.2728572872556402,0.28556145045956427,0.3640642215396295,0.009450636304154724,0.27000682050831426,0.3011160804108143,0.26702341388795103,0.3040994870311775,0.3512726293103921,0.3250878722899562,0.008438860690323142,0.3373832623912123,0.3651619962295719,0.3347192562818284,0.3678260023389558,0.15026954177897575,0.20990566037735853,0.22493261455525593,0.23820834937748672,0.25020041556344175,0.1509433962264151,0.09793351302785248,0.07183288409703568,0.04615902964959596,0.008039083557951344,0.14746181491464508,0.2852650494159928,0.34759658580413294,0.44463162623539976,0.7622416891284817,0.2463211632921654
