nDCG@1,nDCG@3,nDCG@5,nDCG@10,nDCG@100,RR@1,RR@3,RR@5,RR@10,RR@100,P@1,P@3,P@5,P@10,P@100,R@1,R@3,R@5,R@10,R@100,AP
0.1522911051212938,0.22376309925529564,0.25246987414259603,0.286239814338346,0.3504239595750627,0.1522911051212938,0.20799640610961376,0.2240004492362982,0.2384062272707824,0.25000816980635393,0.1522911051212938,0.095238095238095,0.07142857142857208,0.04676549865229133,0.008012129380053771,0.1483602875112309,0.2778526504941599,0.3470911949685534,0.4495170709793351,0.7595462713387242,0.2455179690557698
