{
  "nDCG@1": 0.14622641509433962,
  "nDCG@3": 0.2200102700168055,
  "nDCG@5": 0.24596267007288478,
  "nDCG@10": 0.27608669304710026,
  "nDCG@100": 0.34097851779208216,
  "RR@1": 0.14622641509433962,
  "RR@3": 0.20350404312668463,
  "RR@5": 0.21846361185983812,
  "RR@10": 0.23128208830702077,
  "RR@100": 0.24324313464232858,
  "P@1": 0.14622641509433962,
  "P@3": 0.09433962264150919,
  "P@5": 0.06954177897574186,
  "P@10": 0.04447439353099765,
  "P@100": 0.007803234501347576,
  "R@1": 0.1430817610062893,
  "R@3": 0.2748203054806828,
  "R@5": 0.3373203054806828,
  "R@10": 0.42829065588499543,
  "R@100": 0.7407906558849955,
  "AP": 0.23886270792737135
}