{
  "nDCG@1": 0.6623989218328841,
  "nDCG@1_std": 0.4730511426607842,
  "nDCG@1_stderr": 0.0122797958108752,
  "nDCG@1_ci90_low": 0.642187829842062,
  "nDCG@1_ci90_high": 0.6826100138237061,
  "nDCG@1_ci95_low": 0.6383113052420446,
  "nDCG@1_ci95_high": 0.6864865384237235,
  "nDCG@3": 0.7307587375454695,
  "nDCG@3_std": 0.40235255355331767,
  "nDCG@3_stderr": 0.010444551880433629,
  "nDCG@3_ci90_low": 0.7135682400722617,
  "nDCG@3_ci90_high": 0.7479492350186773,
  "nDCG@3_ci95_low": 0.7102710710537995,
  "nDCG@3_ci95_high": 0.7512464040371395,
  "nDCG@5": 0.7522755610837736,
  "nDCG@5_std": 0.37427603426141726,
  "nDCG@5_stderr": 0.009715721754275649,
  "nDCG@5_ci90_low": 0.7362846318242665,
  "nDCG@5_ci90_high": 0.7682664903432807,
  "nDCG@5_ci95_low": 0.7332175421944847,
  "nDCG@5_ci95_high": 0.7713335799730625,
  "nDCG@10": 0.7731181994262847,
  "nDCG@10_std": 0.3415437658165881,
  "nDCG@10_stderr": 0.008866034401934798,
  "nDCG@10_ci90_low": 0.758525755085101,
  "nDCG@10_ci90_high": 0.7877106437674684,
  "nDCG@10_ci95_low": 0.7557268974336355,
  "nDCG@10_ci95_high": 0.7905095014189338,
  "nDCG@100": 0.7924256456861358,
  "nDCG@100_std": 0.3037120362419285,
  "nDCG@100_stderr": 0.007883971634395519,
  "nDCG@100_ci90_low": 0.7794495605451531,
  "nDCG@100_ci90_high": 0.8054017308271185,
  "nDCG@100_ci95_low": 0.7769607235598095,
  "nDCG@100_ci95_high": 0.8078905678124622,
  "RR@1": 0.6623989218328841,
  "RR@3": 0.7209119496855347,
  "RR@5": 0.7318283917340529,
  "RR@10": 0.7403871454242072,
  "RR@100": 0.7442599923637178,
  "P@1": 0.6623989218328841,
  "P@3": 0.27313566936208117,
  "P@5": 0.1752021563342281,
  "P@10": 0.09440700808625119,
  "P@100": 0.010397574123989032,
  "R@1": 0.6410601976639712,
  "R@3": 0.7802111410601976,
  "R@5": 0.8314240790655885,
  "R@10": 0.8931940700808625,
  "R@100": 0.9779874213836479,
  "AP": 0.7364499317818655
}