{
  "nDCG@1": 0.7210242587601078,
  "nDCG@1_std": 0.4486467575939729,
  "nDCG@1_stderr": 0.011646289539598079,
  "nDCG@1_ci90_low": 0.7018558431885634,
  "nDCG@1_ci90_high": 0.7401926743316521,
  "nDCG@1_ci95_low": 0.6981793058426252,
  "nDCG@1_ci95_high": 0.7438692116775903,
  "nDCG@3": 0.7906604595041921,
  "nDCG@3_std": 0.36314807476629074,
  "nDCG@3_stderr": 0.009426854318879067,
  "nDCG@3_ci90_low": 0.7751449718888191,
  "nDCG@3_ci90_high": 0.806175947119565,
  "nDCG@3_ci95_low": 0.7721690728404366,
  "nDCG@3_ci95_high": 0.8091518461679476,
  "nDCG@5": 0.8098673284651411,
  "nDCG@5_std": 0.3329443402072447,
  "nDCG@5_stderr": 0.008642804435763317,
  "nDCG@5_ci90_low": 0.7956422942544584,
  "nDCG@5_ci90_high": 0.8240923626758238,
  "nDCG@5_ci95_low": 0.7929139065414719,
  "nDCG@5_ci95_high": 0.8268207503888103,
  "nDCG@10": 0.8257334594265118,
  "nDCG@10_std": 0.30171338714577267,
  "nDCG@10_stderr": 0.007832089288946915,
  "nDCG@10_ci90_low": 0.8128427664917767,
  "nDCG@10_ci90_high": 0.8386241523612469,
  "nDCG@10_ci95_low": 0.8103703078885769,
  "nDCG@10_ci95_high": 0.8410966109644467,
  "nDCG@100": 0.8372970744691515,
  "nDCG@100_std": 0.2740993974592478,
  "nDCG@100_stderr": 0.007115265833100625,
  "nDCG@100_ci90_low": 0.8255861881884047,
  "nDCG@100_ci90_high": 0.8490079607498983,
  "nDCG@100_ci95_low": 0.8233400186704026,
  "nDCG@100_ci95_high": 0.8512541302679003,
  "RR@1": 0.7216981132075472,
  "RR@3": 0.7793126684636125,
  "RR@5": 0.7889487870619954,
  "RR@10": 0.7954188593676468,
  "RR@100": 0.7976604924503095,
  "P@1": 0.7210242587601078,
  "P@3": 0.29469901168013946,
  "P@5": 0.18706199460916018,
  "P@10": 0.09885444743935069,
  "P@100": 0.010458221024258573,
  "R@1": 0.6991239892183289,
  "R@3": 0.8408580413297394,
  "R@5": 0.8857816711590296,
  "R@10": 0.932839173405211,
  "R@100": 0.9837151841868824,
  "AP": 0.7916861053585222
}