nDCG@1,nDCG@1_std,nDCG@1_stderr,nDCG@1_ci90_low,nDCG@1_ci90_high,nDCG@1_ci95_low,nDCG@1_ci95_high,nDCG@3,nDCG@3_std,nDCG@3_stderr,nDCG@3_ci90_low,nDCG@3_ci90_high,nDCG@3_ci95_low,nDCG@3_ci95_high,nDCG@5,nDCG@5_std,nDCG@5_stderr,nDCG@5_ci90_low,nDCG@5_ci90_high,nDCG@5_ci95_low,nDCG@5_ci95_high,nDCG@10,nDCG@10_std,nDCG@10_stderr,nDCG@10_ci90_low,nDCG@10_ci90_high,nDCG@10_ci95_low,nDCG@10_ci95_high,nDCG@100,nDCG@100_std,nDCG@100_stderr,nDCG@100_ci90_low,nDCG@100_ci90_high,nDCG@100_ci95_low,nDCG@100_ci95_high,RR@1,RR@3,RR@5,RR@10,RR@100,P@1,P@3,P@5,P@10,P@100,R@1,R@3,R@5,R@10,R@100,AP
0.6623989218328841,0.4730511426607842,0.0122797958108752,0.642187829842062,0.6826100138237061,0.6383113052420446,0.6864865384237235,0.7307587375454695,0.40235255355331767,0.010444551880433629,0.7135682400722617,0.7479492350186773,0.7102710710537995,0.7512464040371395,0.7522755610837736,0.37427603426141726,0.009715721754275649,0.7362846318242665,0.7682664903432807,0.7332175421944847,0.7713335799730625,0.7731181994262847,0.3415437658165881,0.008866034401934798,0.758525755085101,0.7877106437674684,0.7557268974336355,0.7905095014189338,0.7924256456861358,0.3037120362419285,0.007883971634395519,0.7794495605451531,0.8054017308271185,0.7769607235598095,0.8078905678124622,0.6623989218328841,0.7209119496855347,0.7318283917340529,0.7403871454242072,0.7442599923637178,0.6623989218328841,0.27313566936208117,0.1752021563342281,0.09440700808625119,0.010397574123989032,0.6410601976639712,0.7802111410601976,0.8314240790655885,0.8931940700808625,0.9779874213836479,0.7364499317818655
