nDCG@1,nDCG@1_std,nDCG@1_stderr,nDCG@1_ci90_low,nDCG@1_ci90_high,nDCG@1_ci95_low,nDCG@1_ci95_high,nDCG@3,nDCG@3_std,nDCG@3_stderr,nDCG@3_ci90_low,nDCG@3_ci90_high,nDCG@3_ci95_low,nDCG@3_ci95_high,nDCG@5,nDCG@5_std,nDCG@5_stderr,nDCG@5_ci90_low,nDCG@5_ci90_high,nDCG@5_ci95_low,nDCG@5_ci95_high,nDCG@10,nDCG@10_std,nDCG@10_stderr,nDCG@10_ci90_low,nDCG@10_ci90_high,nDCG@10_ci95_low,nDCG@10_ci95_high,nDCG@100,nDCG@100_std,nDCG@100_stderr,nDCG@100_ci90_low,nDCG@100_ci90_high,nDCG@100_ci95_low,nDCG@100_ci95_high,RR@1,RR@3,RR@5,RR@10,RR@100,P@1,P@3,P@5,P@10,P@100,R@1,R@3,R@5,R@10,R@100,AP
0.6549865229110512,0.47553291944054815,0.012344219526104499,0.6346693971021639,0.6753036487199385,0.6307725350209082,0.6792005108011941,0.7228764983616457,0.405512533842617,0.010526580881570217,0.7055509908513476,0.7402020058719437,0.7022279266595685,0.7435250700637229,0.7444119262096519,0.37928463233097104,0.009845738481953163,0.7282070047890449,0.7606168476302589,0.7250988710693597,0.7637249813499442,0.7624336013090978,0.3512701498581067,0.009118518751377857,0.7474255975814691,0.7774416050367264,0.7445470348757169,0.7803201677424786,0.7854900504983081,0.30769389965787086,0.00798733565846179,0.7723438403950605,0.7986362606015557,0.7698223731291959,0.8011577278674203,0.6543126684636119,0.7121518418688235,0.7231356693620854,0.7306106404826087,0.7352717471962343,0.6549865229110512,0.2702156334231773,0.17371967654986156,0.09278975741239678,0.01041105121293782,0.6349955076370171,0.7734164420485176,0.8247416891284814,0.8786500449236297,0.9796720575022463,0.7276698121911873
