nDCG@1,nDCG@1_std,nDCG@1_stderr,nDCG@1_ci90_low,nDCG@1_ci90_high,nDCG@1_ci95_low,nDCG@1_ci95_high,nDCG@3,nDCG@3_std,nDCG@3_stderr,nDCG@3_ci90_low,nDCG@3_ci90_high,nDCG@3_ci95_low,nDCG@3_ci95_high,nDCG@5,nDCG@5_std,nDCG@5_stderr,nDCG@5_ci90_low,nDCG@5_ci90_high,nDCG@5_ci95_low,nDCG@5_ci95_high,nDCG@10,nDCG@10_std,nDCG@10_stderr,nDCG@10_ci90_low,nDCG@10_ci90_high,nDCG@10_ci95_low,nDCG@10_ci95_high,nDCG@100,nDCG@100_std,nDCG@100_stderr,nDCG@100_ci90_low,nDCG@100_ci90_high,nDCG@100_ci95_low,nDCG@100_ci95_high,RR@1,RR@3,RR@5,RR@10,RR@100,P@1,P@3,P@5,P@10,P@100,R@1,R@3,R@5,R@10,R@100,AP
0.6886792452830188,0.4631897174045883,0.012023805966163783,0.6688894823093777,0.7084690082566599,0.6650937693894291,0.7122647211766086,0.7524500697408145,0.39029186883574546,0.010131472104665426,0.7357748645612223,0.7691252749204067,0.7325765295519917,0.7723236099296373,0.7740689289245513,0.36120116731103924,0.009376315119504798,0.7586366228557958,0.7895012349933067,0.755676678180976,0.7924611796681266,0.7920607094236025,0.33091031400869636,0.008590003746493964,0.7779225789045152,0.8061988399426898,0.7752108594793408,0.8089105593678643,0.8101471503443501,0.2936084225787074,0.0076216948918884355,0.7976027417109824,0.8226915589777178,0.7951967010733957,0.8250975996153046,0.6880053908355795,0.7435983827493261,0.7543463611859843,0.761522376246096,0.7650847648264428,0.6886792452830188,0.278751123090742,0.1788409703504004,0.09548517520215406,0.010438005390835394,0.6670035938903863,0.7985175202156334,0.8495058400718777,0.9026280323450134,0.982030548068284,0.7578568678425098
