nDCG@1,nDCG@1_std,nDCG@1_stderr,nDCG@1_ci90_low,nDCG@1_ci90_high,nDCG@1_ci95_low,nDCG@1_ci95_high,nDCG@3,nDCG@3_std,nDCG@3_stderr,nDCG@3_ci90_low,nDCG@3_ci90_high,nDCG@3_ci95_low,nDCG@3_ci95_high,nDCG@5,nDCG@5_std,nDCG@5_stderr,nDCG@5_ci90_low,nDCG@5_ci90_high,nDCG@5_ci95_low,nDCG@5_ci95_high,nDCG@10,nDCG@10_std,nDCG@10_stderr,nDCG@10_ci90_low,nDCG@10_ci90_high,nDCG@10_ci95_low,nDCG@10_ci95_high,nDCG@100,nDCG@100_std,nDCG@100_stderr,nDCG@100_ci90_low,nDCG@100_ci90_high,nDCG@100_ci95_low,nDCG@100_ci95_high,RR@1,RR@3,RR@5,RR@10,RR@100,P@1,P@3,P@5,P@10,P@100,R@1,R@3,R@5,R@10,R@100,AP
0.6691374663072777,0.47068227544847874,0.01221830308197792,0.6490275840775666,0.6892473485369888,0.6451704716957947,0.6931044609187607,0.7396009157732752,0.3953011689135343,0.010261507055568733,0.7227116884393081,0.7564901431072424,0.7194723035874089,0.7597295279591416,0.760392887651347,0.36793319244748607,0.009551069784728227,0.7446729560659257,0.7761128192367684,0.7416578442882369,0.7791279310144572,0.7807134176412099,0.33474702047673544,0.008689599683941193,0.7664113639849093,0.7950154712975106,0.7636682038006601,0.7977586314817597,0.7995962651032694,0.2967094463963317,0.007702193459275669,0.7869193653458105,0.8122731648607283,0.7844879126670508,0.8147046175394881,0.6691374663072777,0.7287735849056607,0.7395215633423186,0.747731891498738,0.7513012096259262,0.6691374663072777,0.27628032345013115,0.17681940700808238,0.09521563342317835,0.01047169811320736,0.648472596585804,0.7909366576819407,0.8402403414195866,0.9006064690026954,0.9850628930817611,0.7437817409776136
