nDCG@1,nDCG@1_std,nDCG@1_stderr,nDCG@1_ci90_low,nDCG@1_ci90_high,nDCG@1_ci95_low,nDCG@1_ci95_high,nDCG@3,nDCG@3_std,nDCG@3_stderr,nDCG@3_ci90_low,nDCG@3_ci90_high,nDCG@3_ci95_low,nDCG@3_ci95_high,nDCG@5,nDCG@5_std,nDCG@5_stderr,nDCG@5_ci90_low,nDCG@5_ci90_high,nDCG@5_ci95_low,nDCG@5_ci95_high,nDCG@10,nDCG@10_std,nDCG@10_stderr,nDCG@10_ci90_low,nDCG@10_ci90_high,nDCG@10_ci95_low,nDCG@10_ci95_high,nDCG@100,nDCG@100_std,nDCG@100_stderr,nDCG@100_ci90_low,nDCG@100_ci90_high,nDCG@100_ci95_low,nDCG@100_ci95_high,RR@1,RR@3,RR@5,RR@10,RR@100,P@1,P@3,P@5,P@10,P@100,R@1,R@3,R@5,R@10,R@100,AP
0.7210242587601078,0.4486467575939729,0.011646289539598079,0.7018558431885634,0.7401926743316521,0.6981793058426252,0.7438692116775903,0.7906604595041921,0.36314807476629074,0.009426854318879067,0.7751449718888191,0.806175947119565,0.7721690728404366,0.8091518461679476,0.8098673284651411,0.3329443402072447,0.008642804435763317,0.7956422942544584,0.8240923626758238,0.7929139065414719,0.8268207503888103,0.8257334594265118,0.30171338714577267,0.007832089288946915,0.8128427664917767,0.8386241523612469,0.8103703078885769,0.8410966109644467,0.8372970744691515,0.2740993974592478,0.007115265833100625,0.8255861881884047,0.8490079607498983,0.8233400186704026,0.8512541302679003,0.7216981132075472,0.7793126684636125,0.7889487870619954,0.7954188593676468,0.7976604924503095,0.7210242587601078,0.29469901168013946,0.18706199460916018,0.09885444743935069,0.010458221024258573,0.6991239892183289,0.8408580413297394,0.8857816711590296,0.932839173405211,0.9837151841868824,0.7916861053585222
