nDCG@1,nDCG@1_std,nDCG@1_stderr,nDCG@1_ci90_low,nDCG@1_ci90_high,nDCG@1_ci95_low,nDCG@1_ci95_high,nDCG@3,nDCG@3_std,nDCG@3_stderr,nDCG@3_ci90_low,nDCG@3_ci90_high,nDCG@3_ci95_low,nDCG@3_ci95_high,nDCG@5,nDCG@5_std,nDCG@5_stderr,nDCG@5_ci90_low,nDCG@5_ci90_high,nDCG@5_ci95_low,nDCG@5_ci95_high,nDCG@10,nDCG@10_std,nDCG@10_stderr,nDCG@10_ci90_low,nDCG@10_ci90_high,nDCG@10_ci95_low,nDCG@10_ci95_high,nDCG@100,nDCG@100_std,nDCG@100_stderr,nDCG@100_ci90_low,nDCG@100_ci90_high,nDCG@100_ci95_low,nDCG@100_ci95_high,RR@1,RR@3,RR@5,RR@10,RR@100,P@1,P@3,P@5,P@10,P@100,R@1,R@3,R@5,R@10,R@100,AP
0.6900269541778976,0.46263807067532614,0.012009485930581638,0.6702607602896811,0.7097931480661142,0.6664695679636463,0.7135843403921489,0.750832054755508,0.3929179409818779,0.010199641540971508,0.7340446507438372,0.7676194587671787,0.7308247957923468,0.7708393137186691,0.7733956861616579,0.36259173516462445,0.009412412462399154,0.7579039681345036,0.7888874041888122,0.7549326281368395,0.7918587441864763,0.7929526175270774,0.329687246463172,0.008558254494949047,0.7788667425221286,0.8070384925320261,0.7761650458006327,0.809740189253522,0.8103920341102748,0.29339065995992847,0.007616042055962904,0.7978569293764719,0.8229271388440778,0.795452673243926,0.8253313949766237,0.6886792452830188,0.7433737646001799,0.7543912848158137,0.7619860522825482,0.7653675718645481,0.6900269541778976,0.27740341419586334,0.17857142857142463,0.09588948787061767,0.010458221024258573,0.668351302785265,0.7946428571428571,0.8478212039532793,0.9059973045822103,0.9837151841868824,0.7578150300899283
