{
  "nDCG@1": 0.6549865229110512,
  "nDCG@1_std": 0.47553291944054815,
  "nDCG@1_stderr": 0.012344219526104499,
  "nDCG@1_ci90_low": 0.6346693971021639,
  "nDCG@1_ci90_high": 0.6753036487199385,
  "nDCG@1_ci95_low": 0.6307725350209082,
  "nDCG@1_ci95_high": 0.6792005108011941,
  "nDCG@3": 0.7228764983616457,
  "nDCG@3_std": 0.405512533842617,
  "nDCG@3_stderr": 0.010526580881570217,
  "nDCG@3_ci90_low": 0.7055509908513476,
  "nDCG@3_ci90_high": 0.7402020058719437,
  "nDCG@3_ci95_low": 0.7022279266595685,
  "nDCG@3_ci95_high": 0.7435250700637229,
  "nDCG@5": 0.7444119262096519,
  "nDCG@5_std": 0.37928463233097104,
  "nDCG@5_stderr": 0.009845738481953163,
  "nDCG@5_ci90_low": 0.7282070047890449,
  "nDCG@5_ci90_high": 0.7606168476302589,
  "nDCG@5_ci95_low": 0.7250988710693597,
  "nDCG@5_ci95_high": 0.7637249813499442,
  "nDCG@10": 0.7624336013090978,
  "nDCG@10_std": 0.3512701498581067,
  "nDCG@10_stderr": 0.009118518751377857,
  "nDCG@10_ci90_low": 0.7474255975814691,
  "nDCG@10_ci90_high": 0.7774416050367264,
  "nDCG@10_ci95_low": 0.7445470348757169,
  "nDCG@10_ci95_high": 0.7803201677424786,
  "nDCG@100": 0.7854900504983081,
  "nDCG@100_std": 0.30769389965787086,
  "nDCG@100_stderr": 0.00798733565846179,
  "nDCG@100_ci90_low": 0.7723438403950605,
  "nDCG@100_ci90_high": 0.7986362606015557,
  "nDCG@100_ci95_low": 0.7698223731291959,
  "nDCG@100_ci95_high": 0.8011577278674203,
  "RR@1": 0.6543126684636119,
  "RR@3": 0.7121518418688235,
  "RR@5": 0.7231356693620854,
  "RR@10": 0.7306106404826087,
  "RR@100": 0.7352717471962343,
  "P@1": 0.6549865229110512,
  "P@3": 0.2702156334231773,
  "P@5": 0.17371967654986156,
  "P@10": 0.09278975741239678,
  "P@100": 0.01041105121293782,
  "R@1": 0.6349955076370171,
  "R@3": 0.7734164420485176,
  "R@5": 0.8247416891284814,
  "R@10": 0.8786500449236297,
  "R@100": 0.9796720575022463,
  "AP": 0.7276698121911873
}