{
  "nDCG@1": 0.6408355795148248,
  "nDCG@1_std": 0.47991722417968097,
  "nDCG@1_stderr": 0.012458030406396167,
  "nDCG@1_ci90_low": 0.6203311344535201,
  "nDCG@1_ci90_high": 0.6613400245761296,
  "nDCG@1_ci95_low": 0.6163983441952822,
  "nDCG@1_ci95_high": 0.6652728148343675,
  "nDCG@3": 0.708185323867633,
  "nDCG@3_std": 0.41452946902754634,
  "nDCG@3_stderr": 0.010760648856309743,
  "nDCG@3_ci90_low": 0.6904745681461737,
  "nDCG@3_ci90_high": 0.7258960795890923,
  "nDCG@3_ci95_low": 0.6870776126392514,
  "nDCG@3_ci95_high": 0.7292930350960146,
  "nDCG@5": 0.7318686457593017,
  "nDCG@5_std": 0.386381090835905,
  "nDCG@5_stderr": 0.010029953366058044,
  "nDCG@5_ci90_low": 0.7153605284202882,
  "nDCG@5_ci90_high": 0.7483767630983151,
  "nDCG@5_ci95_low": 0.7121942411660557,
  "nDCG@5_ci95_high": 0.7515430503525476,
  "nDCG@10": 0.7519626360773557,
  "nDCG@10_std": 0.35624379410451223,
  "nDCG@10_stderr": 0.009247628123016327,
  "nDCG@10_ci90_low": 0.7367421335893852,
  "nDCG@10_ci90_high": 0.7671831385653262,
  "nDCG@10_ci95_low": 0.7338228132307406,
  "nDCG@10_ci95_high": 0.7701024589239708,
  "nDCG@100": 0.7751477110092582,
  "nDCG@100_std": 0.31380072474771503,
  "nDCG@100_stderr": 0.008145860939120059,
  "nDCG@100_ci90_low": 0.7617405870374414,
  "nDCG@100_ci90_high": 0.7885548349810749,
  "nDCG@100_ci95_low": 0.7591690760119197,
  "nDCG@100_ci95_high": 0.7911263460065966,
  "RR@1": 0.639487870619946,
  "RR@3": 0.6987870619946096,
  "RR@5": 0.7106132075471705,
  "RR@10": 0.7187844949300479,
  "RR@100": 0.7233651077976782,
  "P@1": 0.6408355795148248,
  "P@3": 0.26482479784366264,
  "P@5": 0.17115902964959212,
  "P@10": 0.09211590296495747,
  "P@100": 0.010363881401617066,
  "R@1": 0.6208445642407906,
  "R@3": 0.756233153638814,
  "R@5": 0.8122753818508535,
  "R@10": 0.8725853548966755,
  "R@100": 0.9754604672057502,
  "AP": 0.7157241899068062
}