{
  "nDCG@1": 0.15498652291105122,
  "nDCG@1_std": 0.3620138284041158,
  "nDCG@1_stderr": 0.009397410750371033,
  "nDCG@1_ci90_low": 0.13951949592815288,
  "nDCG@1_ci90_high": 0.17045354989394956,
  "nDCG@1_ci95_low": 0.13655289171816923,
  "nDCG@1_ci95_high": 0.17342015410393322,
  "nDCG@3": 0.2319505039934586,
  "nDCG@3_std": 0.37688385375884237,
  "nDCG@3_stderr": 0.009783417375429582,
  "nDCG@3_ci90_low": 0.21584815574559132,
  "nDCG@3_ci90_high": 0.24805285224132587,
  "nDCG@3_ci95_low": 0.21275969574900871,
  "nDCG@3_ci95_high": 0.2511413122379085,
  "nDCG@5": 0.25569917950238197,
  "nDCG@5_std": 0.3747985048187247,
  "nDCG@5_stderr": 0.009729284414170819,
  "nDCG@5_ci90_low": 0.2396859277082821,
  "nDCG@5_ci90_high": 0.27171243129648187,
  "nDCG@5_ci95_low": 0.23661455657532743,
  "nDCG@5_ci95_high": 0.2747838024294365,
  "nDCG@10": 0.287395838185892,
  "nDCG@10_std": 0.3662274136157589,
  "nDCG@10_stderr": 0.009506789972540683,
  "nDCG@10_ci90_low": 0.27174878593586355,
  "nDCG@10_ci90_high": 0.3030428904359204,
  "nDCG@10_ci95_low": 0.268747652548685,
  "nDCG@10_ci95_high": 0.306044023823099,
  "nDCG@100": 0.3571248273495168,
  "nDCG@100_std": 0.32467507976880977,
  "nDCG@100_stderr": 0.008428145130387227,
  "nDCG@100_ci90_low": 0.3432530969750266,
  "nDCG@100_ci90_high": 0.37099655772400697,
  "nDCG@100_ci95_low": 0.3405924735873373,
  "nDCG@100_ci95_high": 0.37365718111169627,
  "RR@1": 0.15498652291105122,
  "RR@3": 0.21675651392632525,
  "RR@5": 0.22979559748427644,
  "RR@10": 0.24349971120523656,
  "RR@100": 0.2568797725306956,
  "P@1": 0.15498652291105122,
  "P@3": 0.09905660377358477,
  "P@5": 0.07156334231805994,
  "P@10": 0.045956873315364154,
  "P@100": 0.008099730458220884,
  "R@1": 0.14970799640610963,
  "R@3": 0.2887466307277628,
  "R@5": 0.345855795148248,
  "R@10": 0.44086927223719674,
  "R@100": 0.7715071877807725,
  "AP": 0.25077805961289595
}