{
  "nDCG@1": 0.16711590296495957,
  "nDCG@1_std": 0.37320508270797,
  "nDCG@1_stderr": 0.009687921237135577,
  "nDCG@1_ci90_low": 0.1511707300696433,
  "nDCG@1_ci90_high": 0.18306107586027584,
  "nDCG@1_ci95_low": 0.14811241659463192,
  "nDCG@1_ci95_high": 0.1861193893352872,
  "nDCG@3": 0.24227030955573045,
  "nDCG@3_std": 0.38522921893347295,
  "nDCG@3_stderr": 0.010000052261322117,
  "nDCG@3_ci90_low": 0.2258114058997254,
  "nDCG@3_ci90_high": 0.2587292132117355,
  "nDCG@3_ci95_low": 0.22265455792036862,
  "nDCG@3_ci95_high": 0.2618860611910923,
  "nDCG@5": 0.2703005869735494,
  "nDCG@5_std": 0.3819364235174075,
  "nDCG@5_stderr": 0.00991457555128008,
  "nDCG@5_ci90_low": 0.2539823678758497,
  "nDCG@5_ci90_high": 0.2866188060712491,
  "nDCG@5_ci95_low": 0.2508525034534111,
  "nDCG@5_ci95_high": 0.28974867049368774,
  "nDCG@10": 0.30526597271645434,
  "nDCG@10_std": 0.37033662466735107,
  "nDCG@10_stderr": 0.00961345977651477,
  "nDCG@10_ci90_low": 0.289443354581295,
  "nDCG@10_ci90_high": 0.3210885908516137,
  "nDCG@10_ci95_low": 0.2864085473345871,
  "nDCG@10_ci95_high": 0.3241233980983216,
  "nDCG@100": 0.36822328573705565,
  "nDCG@100_std": 0.33095455906497184,
  "nDCG@100_stderr": 0.008591152290927547,
  "nDCG@100_ci90_low": 0.35408326484962993,
  "nDCG@100_ci90_high": 0.38236330662448137,
  "nDCG@100_ci95_low": 0.3513711828483329,
  "nDCG@100_ci95_high": 0.3850753886257784,
  "RR@1": 0.16711590296495957,
  "RR@3": 0.22697663971248858,
  "RR@5": 0.2421720575022458,
  "RR@10": 0.2568163586189187,
  "RR@100": 0.26854160502108393,
  "P@1": 0.16711590296495957,
  "P@3": 0.10265049415992811,
  "P@5": 0.07574123989218398,
  "P@10": 0.04919137466307287,
  "P@100": 0.00813342318059285,
  "R@1": 0.16161275831087152,
  "R@3": 0.298292902066487,
  "R@5": 0.3658468104222821,
  "R@10": 0.4732142857142857,
  "R@100": 0.7740902964959568,
  "AP": 0.2632388487803134
}