nDCG@1,nDCG@1_std,nDCG@1_stderr,nDCG@1_ci90_low,nDCG@1_ci90_high,nDCG@1_ci95_low,nDCG@1_ci95_high,nDCG@3,nDCG@3_std,nDCG@3_stderr,nDCG@3_ci90_low,nDCG@3_ci90_high,nDCG@3_ci95_low,nDCG@3_ci95_high,nDCG@5,nDCG@5_std,nDCG@5_stderr,nDCG@5_ci90_low,nDCG@5_ci90_high,nDCG@5_ci95_low,nDCG@5_ci95_high,nDCG@10,nDCG@10_std,nDCG@10_stderr,nDCG@10_ci90_low,nDCG@10_ci90_high,nDCG@10_ci95_low,nDCG@10_ci95_high,nDCG@100,nDCG@100_std,nDCG@100_stderr,nDCG@100_ci90_low,nDCG@100_ci90_high,nDCG@100_ci95_low,nDCG@100_ci95_high,RR@1,RR@3,RR@5,RR@10,RR@100,P@1,P@3,P@5,P@10,P@100,R@1,R@3,R@5,R@10,R@100,AP
0.16711590296495957,0.37320508270797,0.009687921237135577,0.1511707300696433,0.18306107586027584,0.14811241659463192,0.1861193893352872,0.24227030955573045,0.38522921893347295,0.010000052261322117,0.2258114058997254,0.2587292132117355,0.22265455792036862,0.2618860611910923,0.2703005869735494,0.3819364235174075,0.00991457555128008,0.2539823678758497,0.2866188060712491,0.2508525034534111,0.28974867049368774,0.30526597271645434,0.37033662466735107,0.00961345977651477,0.289443354581295,0.3210885908516137,0.2864085473345871,0.3241233980983216,0.36822328573705565,0.33095455906497184,0.008591152290927547,0.35408326484962993,0.38236330662448137,0.3513711828483329,0.3850753886257784,0.16711590296495957,0.22697663971248858,0.2421720575022458,0.2568163586189187,0.26854160502108393,0.16711590296495957,0.10265049415992811,0.07574123989218398,0.04919137466307287,0.00813342318059285,0.16161275831087152,0.298292902066487,0.3658468104222821,0.4732142857142857,0.7740902964959568,0.2632388487803134
