nDCG@1,nDCG@1_std,nDCG@1_stderr,nDCG@1_ci90_low,nDCG@1_ci90_high,nDCG@1_ci95_low,nDCG@1_ci95_high,nDCG@3,nDCG@3_std,nDCG@3_stderr,nDCG@3_ci90_low,nDCG@3_ci90_high,nDCG@3_ci95_low,nDCG@3_ci95_high,nDCG@5,nDCG@5_std,nDCG@5_stderr,nDCG@5_ci90_low,nDCG@5_ci90_high,nDCG@5_ci95_low,nDCG@5_ci95_high,nDCG@10,nDCG@10_std,nDCG@10_stderr,nDCG@10_ci90_low,nDCG@10_ci90_high,nDCG@10_ci95_low,nDCG@10_ci95_high,nDCG@100,nDCG@100_std,nDCG@100_stderr,nDCG@100_ci90_low,nDCG@100_ci90_high,nDCG@100_ci95_low,nDCG@100_ci95_high,RR@1,RR@3,RR@5,RR@10,RR@100,P@1,P@3,P@5,P@10,P@100,R@1,R@3,R@5,R@10,R@100,AP
0.1650943396226415,0.37139082401445983,0.00964082542804589,0.14922668086066698,0.18096199838461602,0.14618323473893297,0.18400544450635004,0.2463290980621928,0.3855029007244944,0.010007156686632232,0.2298585013621261,0.2627996947622595,0.22669941063542173,0.2659587854889639,0.27236419799563305,0.3820594655187782,0.009917769562490993,0.25604072193312727,0.28868767405813883,0.2529098492151744,0.2918185467760917,0.30671226226675086,0.3709172416717117,0.009628531842967811,0.2908648372922706,0.32255968724123113,0.2878252720481759,0.32559925248532584,0.3716302765027335,0.3296774588556511,0.008558000421317267,0.357544819672942,0.385715733332525,0.3548432031582101,0.3884173498472569,0.16442048517520216,0.22955974842767274,0.24401392632524663,0.25836782826338034,0.270413937042811,0.1650943396226415,0.10489667565139268,0.07601078167115972,0.04912398921832894,0.008227762803234359,0.16004043126684636,0.30514375561545376,0.36820530098831983,0.47220350404312667,0.7825134770889488,0.26552552629212817
