nDCG@1,nDCG@1_std,nDCG@1_stderr,nDCG@1_ci90_low,nDCG@1_ci90_high,nDCG@1_ci95_low,nDCG@1_ci95_high,nDCG@3,nDCG@3_std,nDCG@3_stderr,nDCG@3_ci90_low,nDCG@3_ci90_high,nDCG@3_ci95_low,nDCG@3_ci95_high,nDCG@5,nDCG@5_std,nDCG@5_stderr,nDCG@5_ci90_low,nDCG@5_ci90_high,nDCG@5_ci95_low,nDCG@5_ci95_high,nDCG@10,nDCG@10_std,nDCG@10_stderr,nDCG@10_ci90_low,nDCG@10_ci90_high,nDCG@10_ci95_low,nDCG@10_ci95_high,nDCG@100,nDCG@100_std,nDCG@100_stderr,nDCG@100_ci90_low,nDCG@100_ci90_high,nDCG@100_ci95_low,nDCG@100_ci95_high,RR@1,RR@3,RR@5,RR@10,RR@100,P@1,P@3,P@5,P@10,P@100,R@1,R@3,R@5,R@10,R@100,AP
0.14420485175202155,0.35141574923428,0.009122298322862543,0.12919062729661052,0.15921907620743259,0.1263108714438335,0.1620988320602096,0.20972014649376297,0.3673703198297241,0.009536458339600389,0.19402426361942318,0.22541602936810276,0.19101376442873122,0.22842652855879472,0.2360151565919084,0.36629596579752105,0.00950856949851264,0.22036517545253415,0.25166513773128263,0.21736348029899455,0.2546668328848222,0.2634203893444575,0.3601231919786474,0.009348332274148002,0.24803413973057978,0.27880663895833524,0.24508302876847582,0.28175774992043917,0.32816461009698067,0.32596397294284124,0.008461603130108172,0.31423781181088967,0.34209140838307167,0.3115666262965182,0.3447625938974431,0.1421832884097035,0.19564240790655896,0.21073674752920032,0.2219149766824968,0.2341071206462523,0.14420485175202155,0.08872416891284773,0.06630727762803292,0.04191374663072817,0.007520215633423053,0.13993710691823902,0.25774932614555257,0.32075471698113206,0.4042565139263253,0.7149034141958669,0.2296671353949101
