{
  "nDCG@1": 0.1650943396226415,
  "nDCG@1_std": 0.37139082401445983,
  "nDCG@1_stderr": 0.00964082542804589,
  "nDCG@1_ci90_low": 0.14922668086066698,
  "nDCG@1_ci90_high": 0.18096199838461602,
  "nDCG@1_ci95_low": 0.14618323473893297,
  "nDCG@1_ci95_high": 0.18400544450635004,
  "nDCG@3": 0.2463290980621928,
  "nDCG@3_std": 0.3855029007244944,
  "nDCG@3_stderr": 0.010007156686632232,
  "nDCG@3_ci90_low": 0.2298585013621261,
  "nDCG@3_ci90_high": 0.2627996947622595,
  "nDCG@3_ci95_low": 0.22669941063542173,
  "nDCG@3_ci95_high": 0.2659587854889639,
  "nDCG@5": 0.27236419799563305,
  "nDCG@5_std": 0.3820594655187782,
  "nDCG@5_stderr": 0.009917769562490993,
  "nDCG@5_ci90_low": 0.25604072193312727,
  "nDCG@5_ci90_high": 0.28868767405813883,
  "nDCG@5_ci95_low": 0.2529098492151744,
  "nDCG@5_ci95_high": 0.2918185467760917,
  "nDCG@10": 0.30671226226675086,
  "nDCG@10_std": 0.3709172416717117,
  "nDCG@10_stderr": 0.009628531842967811,
  "nDCG@10_ci90_low": 0.2908648372922706,
  "nDCG@10_ci90_high": 0.32255968724123113,
  "nDCG@10_ci95_low": 0.2878252720481759,
  "nDCG@10_ci95_high": 0.32559925248532584,
  "nDCG@100": 0.3716302765027335,
  "nDCG@100_std": 0.3296774588556511,
  "nDCG@100_stderr": 0.008558000421317267,
  "nDCG@100_ci90_low": 0.357544819672942,
  "nDCG@100_ci90_high": 0.385715733332525,
  "nDCG@100_ci95_low": 0.3548432031582101,
  "nDCG@100_ci95_high": 0.3884173498472569,
  "RR@1": 0.16442048517520216,
  "RR@3": 0.22955974842767274,
  "RR@5": 0.24401392632524663,
  "RR@10": 0.25836782826338034,
  "RR@100": 0.270413937042811,
  "P@1": 0.1650943396226415,
  "P@3": 0.10489667565139268,
  "P@5": 0.07601078167115972,
  "P@10": 0.04912398921832894,
  "P@100": 0.008227762803234359,
  "R@1": 0.16004043126684636,
  "R@3": 0.30514375561545376,
  "R@5": 0.36820530098831983,
  "R@10": 0.47220350404312667,
  "R@100": 0.7825134770889488,
  "AP": 0.26552552629212817
}