nDCG@1,nDCG@1_std,nDCG@1_stderr,nDCG@1_ci90_low,nDCG@1_ci90_high,nDCG@1_ci95_low,nDCG@1_ci95_high,nDCG@3,nDCG@3_std,nDCG@3_stderr,nDCG@3_ci90_low,nDCG@3_ci90_high,nDCG@3_ci95_low,nDCG@3_ci95_high,nDCG@5,nDCG@5_std,nDCG@5_stderr,nDCG@5_ci90_low,nDCG@5_ci90_high,nDCG@5_ci95_low,nDCG@5_ci95_high,nDCG@10,nDCG@10_std,nDCG@10_stderr,nDCG@10_ci90_low,nDCG@10_ci90_high,nDCG@10_ci95_low,nDCG@10_ci95_high,nDCG@100,nDCG@100_std,nDCG@100_stderr,nDCG@100_ci90_low,nDCG@100_ci90_high,nDCG@100_ci95_low,nDCG@100_ci95_high,RR@1,RR@3,RR@5,RR@10,RR@100,P@1,P@3,P@5,P@10,P@100,R@1,R@3,R@5,R@10,R@100,AP
0.6866576819407008,0.4640086134178743,0.0120450634474943,0.6668329316661891,0.7064824322152125,0.6630305081176127,0.7102848557637889,0.7698720970565357,0.37198024271931546,0.00965612597525951,0.753979255402923,0.7857649387101484,0.7509309791562764,0.788813214956795,0.7860254807870103,0.34780945057418655,0.009028683474096105,0.771165335304024,0.8008856262699966,0.7683151320814177,0.8037358294926029,0.8018751013251876,0.32001563227283747,0.008307191900002446,0.7882024456668851,0.81554775698349,0.7855800051757407,0.8181701974746345,0.8182683740887331,0.28316103157861194,0.007350494134363698,0.8061703298365597,0.8303664183409065,0.8038499027078846,0.8326868454695816,0.6866576819407008,0.7539308176100634,0.7622866127583117,0.768493026141274,0.7719397295277025,0.6866576819407008,0.29043126684635673,0.18301886792452415,0.09696765498652062,0.010491913746630539,0.6670035938903863,0.8292902066486971,0.8678683737646002,0.9144204851752024,0.9866352201257861,0.7669372346740891
