nDCG@1,nDCG@1_std,nDCG@1_stderr,nDCG@1_ci90_low,nDCG@1_ci90_high,nDCG@1_ci95_low,nDCG@1_ci95_high,nDCG@3,nDCG@3_std,nDCG@3_stderr,nDCG@3_ci90_low,nDCG@3_ci90_high,nDCG@3_ci95_low,nDCG@3_ci95_high,nDCG@5,nDCG@5_std,nDCG@5_stderr,nDCG@5_ci90_low,nDCG@5_ci90_high,nDCG@5_ci95_low,nDCG@5_ci95_high,nDCG@10,nDCG@10_std,nDCG@10_stderr,nDCG@10_ci90_low,nDCG@10_ci90_high,nDCG@10_ci95_low,nDCG@10_ci95_high,nDCG@100,nDCG@100_std,nDCG@100_stderr,nDCG@100_ci90_low,nDCG@100_ci90_high,nDCG@100_ci95_low,nDCG@100_ci95_high,RR@1,RR@3,RR@5,RR@10,RR@100,P@1,P@3,P@5,P@10,P@100,R@1,R@3,R@5,R@10,R@100,AP
0.6819407008086253,0.46587963825901435,0.012093632832354132,0.662036011069284,0.7018453905479667,0.658218254984392,0.7056631466328587,0.7652045018107687,0.37507197636682327,0.009736383381846587,0.749179565955228,0.7812294376663094,0.746105953797809,0.7843030498237284,0.7840043117071211,0.34752357894901303,0.009021262616457946,0.7691563800783948,0.7988522433358475,0.7663085194954895,0.8017001039187528,0.7999946909786169,0.319181234258158,0.008285532006766311,0.7863576849436021,0.8136316970136316,0.7837420821157427,0.816247299841491,0.8158846517294539,0.28356184390462263,0.007360898703929282,0.8037694827859702,0.8279998206729376,0.8014457711100197,0.8303235323488881,0.6819407008086253,0.7497753818508542,0.7592430368373774,0.7657657874470547,0.7689437464897627,0.6819407008086253,0.2886343216531852,0.18328840970349983,0.09710242587600847,0.010491913746630539,0.6622866127583109,0.825247079964061,0.8700022461814915,0.9166105121293802,0.9869721473495058,0.7636023214617632
