{
  "nDCG@1": 0.6819407008086253,
  "nDCG@1_std": 0.46587963825901435,
  "nDCG@1_stderr": 0.012093632832354132,
  "nDCG@1_ci90_low": 0.662036011069284,
  "nDCG@1_ci90_high": 0.7018453905479667,
  "nDCG@1_ci95_low": 0.658218254984392,
  "nDCG@1_ci95_high": 0.7056631466328587,
  "nDCG@3": 0.7652045018107687,
  "nDCG@3_std": 0.37507197636682327,
  "nDCG@3_stderr": 0.009736383381846587,
  "nDCG@3_ci90_low": 0.749179565955228,
  "nDCG@3_ci90_high": 0.7812294376663094,
  "nDCG@3_ci95_low": 0.746105953797809,
  "nDCG@3_ci95_high": 0.7843030498237284,
  "nDCG@5": 0.7840043117071211,
  "nDCG@5_std": 0.34752357894901303,
  "nDCG@5_stderr": 0.009021262616457946,
  "nDCG@5_ci90_low": 0.7691563800783948,
  "nDCG@5_ci90_high": 0.7988522433358475,
  "nDCG@5_ci95_low": 0.7663085194954895,
  "nDCG@5_ci95_high": 0.8017001039187528,
  "nDCG@10": 0.7999946909786169,
  "nDCG@10_std": 0.319181234258158,
  "nDCG@10_stderr": 0.008285532006766311,
  "nDCG@10_ci90_low": 0.7863576849436021,
  "nDCG@10_ci90_high": 0.8136316970136316,
  "nDCG@10_ci95_low": 0.7837420821157427,
  "nDCG@10_ci95_high": 0.816247299841491,
  "nDCG@100": 0.8158846517294539,
  "nDCG@100_std": 0.28356184390462263,
  "nDCG@100_stderr": 0.007360898703929282,
  "nDCG@100_ci90_low": 0.8037694827859702,
  "nDCG@100_ci90_high": 0.8279998206729376,
  "nDCG@100_ci95_low": 0.8014457711100197,
  "nDCG@100_ci95_high": 0.8303235323488881,
  "RR@1": 0.6819407008086253,
  "RR@3": 0.7497753818508542,
  "RR@5": 0.7592430368373774,
  "RR@10": 0.7657657874470547,
  "RR@100": 0.7689437464897627,
  "P@1": 0.6819407008086253,
  "P@3": 0.2886343216531852,
  "P@5": 0.18328840970349983,
  "P@10": 0.09710242587600847,
  "P@100": 0.010491913746630539,
  "R@1": 0.6622866127583109,
  "R@3": 0.825247079964061,
  "R@5": 0.8700022461814915,
  "R@10": 0.9166105121293802,
  "R@100": 0.9869721473495058,
  "AP": 0.7636023214617632
}