nDCG@1,nDCG@1_std,nDCG@1_stderr,nDCG@1_ci90_low,nDCG@1_ci90_high,nDCG@1_ci95_low,nDCG@1_ci95_high,nDCG@3,nDCG@3_std,nDCG@3_stderr,nDCG@3_ci90_low,nDCG@3_ci90_high,nDCG@3_ci95_low,nDCG@3_ci95_high,nDCG@5,nDCG@5_std,nDCG@5_stderr,nDCG@5_ci90_low,nDCG@5_ci90_high,nDCG@5_ci95_low,nDCG@5_ci95_high,nDCG@10,nDCG@10_std,nDCG@10_stderr,nDCG@10_ci90_low,nDCG@10_ci90_high,nDCG@10_ci95_low,nDCG@10_ci95_high,nDCG@100,nDCG@100_std,nDCG@100_stderr,nDCG@100_ci90_low,nDCG@100_ci90_high,nDCG@100_ci95_low,nDCG@100_ci95_high,RR@1,RR@3,RR@5,RR@10,RR@100,P@1,P@3,P@5,P@10,P@100,R@1,R@3,R@5,R@10,R@100,AP
0.5128032345013477,0.5000045438394172,0.012979471243473314,0.49144055947529025,0.5341659095274052,0.4873431591320383,0.5382633098706571,0.5997536404655051,0.44601517273615227,0.011577977000426811,0.5806976592564356,0.6188096216745745,0.5770426870279199,0.6224645939030902,0.622620878988161,0.42561685685029255,0.01104846310356744,0.6044364150457194,0.6408053429306025,0.600948601431145,0.6442931565451769,0.6484497958215628,0.3974665787955817,0.010317718295327774,0.6314680514331441,0.6654315402099815,0.6282109216401173,0.6686886700030084,0.6795435546027594,0.35361942597390617,0.009179502920749308,0.6644351781428693,0.6946519310626494,0.6615373637625437,0.6975497454429751,0.5121293800539084,0.5827717879604676,0.595406558849956,0.605926442904206,0.6117121603352632,0.5128032345013477,0.2313566936208431,0.15080862533692455,0.08396226415094166,0.009973045822102247,0.4973045822102426,0.6630166217430369,0.7177111410601977,0.7952605570530098,0.9381176999101526,0.6058200243914523
