nDCG@1,nDCG@1_std,nDCG@1_stderr,nDCG@1_ci90_low,nDCG@1_ci90_high,nDCG@1_ci95_low,nDCG@1_ci95_high,nDCG@3,nDCG@3_std,nDCG@3_stderr,nDCG@3_ci90_low,nDCG@3_ci90_high,nDCG@3_ci95_low,nDCG@3_ci95_high,nDCG@5,nDCG@5_std,nDCG@5_stderr,nDCG@5_ci90_low,nDCG@5_ci90_high,nDCG@5_ci95_low,nDCG@5_ci95_high,nDCG@10,nDCG@10_std,nDCG@10_stderr,nDCG@10_ci90_low,nDCG@10_ci90_high,nDCG@10_ci95_low,nDCG@10_ci95_high,nDCG@100,nDCG@100_std,nDCG@100_stderr,nDCG@100_ci90_low,nDCG@100_ci90_high,nDCG@100_ci95_low,nDCG@100_ci95_high,RR@1,RR@3,RR@5,RR@10,RR@100,P@1,P@3,P@5,P@10,P@100,R@1,R@3,R@5,R@10,R@100,AP
0.6435309973045822,0.4791174579219442,0.012437269508776948,0.6230607222260732,0.6640012723830911,0.619134485833354,0.6679275087758104,0.7265533709204759,0.3998406287234795,0.010379345560818416,0.7094701953396206,0.7436365465013312,0.7061936108574128,0.746913130983539,0.7486763479261693,0.3707361828761371,0.009623831790819298,0.7328366586818101,0.7645160371705285,0.7297985771649741,0.7675541186873646,0.7689007856725281,0.3385043050097121,0.00878713393067992,0.7544382021781542,0.783363369166902,0.7516642520758438,0.7861373192692124,0.7873725314452591,0.3012793148742176,0.007820821334213992,0.7745003842317366,0.8002446786587816,0.7720314827319599,0.8027135801585583,0.6428571428571429,0.7101302785265055,0.7221248876909264,0.7302119432678739,0.7339398268924261,0.6435309973045822,0.2749326145552523,0.17668463611859447,0.09521563342317835,0.010424528301886603,0.625,0.7860512129380054,0.839341868823001,0.8995395327942498,0.9812443845462713,0.7289398939716376
