nDCG@1,nDCG@1_std,nDCG@1_stderr,nDCG@1_ci90_low,nDCG@1_ci90_high,nDCG@1_ci95_low,nDCG@1_ci95_high,nDCG@3,nDCG@3_std,nDCG@3_stderr,nDCG@3_ci90_low,nDCG@3_ci90_high,nDCG@3_ci95_low,nDCG@3_ci95_high,nDCG@5,nDCG@5_std,nDCG@5_stderr,nDCG@5_ci90_low,nDCG@5_ci90_high,nDCG@5_ci95_low,nDCG@5_ci95_high,nDCG@10,nDCG@10_std,nDCG@10_stderr,nDCG@10_ci90_low,nDCG@10_ci90_high,nDCG@10_ci95_low,nDCG@10_ci95_high,nDCG@100,nDCG@100_std,nDCG@100_stderr,nDCG@100_ci90_low,nDCG@100_ci90_high,nDCG@100_ci95_low,nDCG@100_ci95_high,RR@1,RR@3,RR@5,RR@10,RR@100,P@1,P@3,P@5,P@10,P@100,R@1,R@3,R@5,R@10,R@100,AP
0.5592991913746631,0.4966385123760244,0.012892093420367443,0.538080329914234,0.5805180528350922,0.5340105132772572,0.584587869472069,0.6493576633780735,0.43059559881643333,0.01117770480541676,0.6309604828754093,0.6677548438807378,0.6274318698335248,0.6712834569226223,0.6725531449038423,0.4068646092564332,0.010561679010514963,0.6551698700231635,0.6899364197845211,0.6518357259435453,0.6932705638641393,0.694458796300918,0.37928459601402625,0.00984573753921225,0.678253876431951,0.710663716169885,0.6751457430098733,0.7137718495919627,0.7228972054133024,0.3335310640471852,0.008658035027769323,0.7086471034489821,0.7371473073776227,0.705913907694763,0.7398805031318417,0.5586253369272237,0.6321877807726869,0.6448899371069191,0.6535503037693073,0.6590445557534952,0.5592991913746631,0.24887690925426542,0.1617250673854415,0.0882749326145533,0.010235849056603588,0.5427897574123989,0.7137241689128482,0.7692610062893083,0.8350179694519317,0.9630503144654087,0.6531463756229494
