nDCG@1,nDCG@1_std,nDCG@1_stderr,nDCG@1_ci90_low,nDCG@1_ci90_high,nDCG@1_ci95_low,nDCG@1_ci95_high,nDCG@3,nDCG@3_std,nDCG@3_stderr,nDCG@3_ci90_low,nDCG@3_ci90_high,nDCG@3_ci95_low,nDCG@3_ci95_high,nDCG@5,nDCG@5_std,nDCG@5_stderr,nDCG@5_ci90_low,nDCG@5_ci90_high,nDCG@5_ci95_low,nDCG@5_ci95_high,nDCG@10,nDCG@10_std,nDCG@10_stderr,nDCG@10_ci90_low,nDCG@10_ci90_high,nDCG@10_ci95_low,nDCG@10_ci95_high,nDCG@100,nDCG@100_std,nDCG@100_stderr,nDCG@100_ci90_low,nDCG@100_ci90_high,nDCG@100_ci95_low,nDCG@100_ci95_high,RR@1,RR@3,RR@5,RR@10,RR@100,P@1,P@3,P@5,P@10,P@100,R@1,R@3,R@5,R@10,R@100,AP
0.6873315363881402,0.46373678859073253,0.012038007226564671,0.6675183998189793,0.707144672957301,0.6637182038004399,0.7109448689758404,0.7696094262308495,0.37229496644135435,0.009664295796014489,0.753703138018241,0.785515714443458,0.7506522826968588,0.7885665697648402,0.7844842184917242,0.3504200411008373,0.009096451027584638,0.7695125356282599,0.7994559013551885,0.766640939331027,0.8023274976524215,0.8019806033561002,0.32061613017426555,0.008322780048829059,0.7882822914479095,0.8156789152642909,0.7856549300408698,0.8183062766713306,0.8179831246123996,0.2846177948348811,0.007388309824293441,0.8058228402057775,0.8301434090190217,0.8034904753010567,0.8324757739237426,0.6859838274932615,0.7543800539083563,0.7617924528301895,0.7684481025114449,0.7717488603674996,0.6873315363881402,0.2893081761006244,0.18167115902964548,0.09696765498652062,0.010478436657681752,0.6680143755615454,0.8270440251572326,0.8624775381850854,0.9135781671159031,0.9852875112309074,0.7670092347600167
