nDCG@1,nDCG@1_std,nDCG@1_stderr,nDCG@1_ci90_low,nDCG@1_ci90_high,nDCG@1_ci95_low,nDCG@1_ci95_high,nDCG@3,nDCG@3_std,nDCG@3_stderr,nDCG@3_ci90_low,nDCG@3_ci90_high,nDCG@3_ci95_low,nDCG@3_ci95_high,nDCG@5,nDCG@5_std,nDCG@5_stderr,nDCG@5_ci90_low,nDCG@5_ci90_high,nDCG@5_ci95_low,nDCG@5_ci95_high,nDCG@10,nDCG@10_std,nDCG@10_stderr,nDCG@10_ci90_low,nDCG@10_ci90_high,nDCG@10_ci95_low,nDCG@10_ci95_high,nDCG@100,nDCG@100_std,nDCG@100_stderr,nDCG@100_ci90_low,nDCG@100_ci90_high,nDCG@100_ci95_low,nDCG@100_ci95_high,RR@1,RR@3,RR@5,RR@10,RR@100,P@1,P@3,P@5,P@10,P@100,R@1,R@3,R@5,R@10,R@100,AP
0.14555256064690028,0.3527759551206797,0.009157607508359462,0.130480221446978,0.16062489984682257,0.12758931907936527,0.1635158022144353,0.20971398930811092,0.37058325539833614,0.009619861991294653,0.19388083388439614,0.2255471447318257,0.19084400556637146,0.22858397304985037,0.23962789861386788,0.3687208181048739,0.009571515528065254,0.2238743157523365,0.25538148147539924,0.2208527495980252,0.25840304762971056,0.26828904158834044,0.3619070856107878,0.00939463984551923,0.25282657518720747,0.2837515079894734,0.24986084570519063,0.28671723747149025,0.33442519095341566,0.3255378395113675,0.008450541257395527,0.3205165992018982,0.34833378270493315,0.3178489057343289,0.35100147617250244,0.14420485175202155,0.19485624438454624,0.21227538185085326,0.22428068711761398,0.23675252339753272,0.14555256064690028,0.08715184186882252,0.06752021563342377,0.04299191374663115,0.007641509433962134,0.1430256064690027,0.25612084456424083,0.32827942497753815,0.41486972147349505,0.731300539083558,0.23376002621676722
