{
  "nDCG@1": 0.14555256064690028,
  "nDCG@3": 0.20971398930811092,
  "nDCG@5": 0.23962789861386788,
  "nDCG@10": 0.26828904158834044,
  "nDCG@100": 0.33442519095341566,
  "RR@1": 0.14420485175202155,
  "RR@3": 0.19485624438454624,
  "RR@5": 0.21227538185085326,
  "RR@10": 0.22428068711761398,
  "RR@100": 0.23675252339753272,
  "P@1": 0.14555256064690028,
  "P@3": 0.08715184186882252,
  "P@5": 0.06752021563342377,
  "P@10": 0.04299191374663115,
  "P@100": 0.007641509433962134,
  "R@1": 0.1430256064690027,
  "R@3": 0.25612084456424083,
  "R@5": 0.32827942497753815,
  "R@10": 0.41486972147349505,
  "R@100": 0.731300539083558,
  "AP": 0.23376002621676722
}