nDCG@1,nDCG@1_std,nDCG@1_stderr,nDCG@1_ci90_low,nDCG@1_ci90_high,nDCG@1_ci95_low,nDCG@1_ci95_high,nDCG@3,nDCG@3_std,nDCG@3_stderr,nDCG@3_ci90_low,nDCG@3_ci90_high,nDCG@3_ci95_low,nDCG@3_ci95_high,nDCG@5,nDCG@5_std,nDCG@5_stderr,nDCG@5_ci90_low,nDCG@5_ci90_high,nDCG@5_ci95_low,nDCG@5_ci95_high,nDCG@10,nDCG@10_std,nDCG@10_stderr,nDCG@10_ci90_low,nDCG@10_ci90_high,nDCG@10_ci95_low,nDCG@10_ci95_high,nDCG@100,nDCG@100_std,nDCG@100_stderr,nDCG@100_ci90_low,nDCG@100_ci90_high,nDCG@100_ci95_low,nDCG@100_ci95_high,RR@1,RR@3,RR@5,RR@10,RR@100,P@1,P@3,P@5,P@10,P@100,R@1,R@3,R@5,R@10,R@100,AP
0.1522911051212938,0.3594239512019637,0.00933018088799551,0.13693473054287586,0.16764747969971172,0.13398934966749554,0.17059286057509204,0.22528344963618555,0.3766383286044075,0.00977704385998697,0.2091915914411579,0.2413753078312132,0.20610514345599484,0.24446175581637625,0.2540766491509117,0.3737180933322503,0.009701238329405004,0.23810955789627963,0.2700437404055438,0.23504704043965666,0.27310625786216675,0.28802323591898404,0.3637999609687492,0.009443776441533904,0.27247989649052523,0.30356657534744286,0.2694986554131899,0.3065478164247782,0.3528760184648706,0.3248846493446754,0.008433585285515756,0.338995334238261,0.3667567026914802,0.3363329934852744,0.3694190434444668,0.15161725067385445,0.20911949685534587,0.22573000898472556,0.2394073824498351,0.25191075664830065,0.1522911051212938,0.09478885893980209,0.07156334231805996,0.04676549865229132,0.007978436657681803,0.14909029649595687,0.27936882300089844,0.3483265947888589,0.4531109613656783,0.7612309074573225,0.247852139011657
