nDCG@1,nDCG@1_std,nDCG@1_stderr,nDCG@1_ci90_low,nDCG@1_ci90_high,nDCG@1_ci95_low,nDCG@1_ci95_high,nDCG@3,nDCG@3_std,nDCG@3_stderr,nDCG@3_ci90_low,nDCG@3_ci90_high,nDCG@3_ci95_low,nDCG@3_ci95_high,nDCG@5,nDCG@5_std,nDCG@5_stderr,nDCG@5_ci90_low,nDCG@5_ci90_high,nDCG@5_ci95_low,nDCG@5_ci95_high,nDCG@10,nDCG@10_std,nDCG@10_stderr,nDCG@10_ci90_low,nDCG@10_ci90_high,nDCG@10_ci95_low,nDCG@10_ci95_high,nDCG@100,nDCG@100_std,nDCG@100_stderr,nDCG@100_ci90_low,nDCG@100_ci90_high,nDCG@100_ci95_low,nDCG@100_ci95_high,RR@1,RR@3,RR@5,RR@10,RR@100,P@1,P@3,P@5,P@10,P@100,R@1,R@3,R@5,R@10,R@100,AP
0.1408355795148248,0.34796912369651967,0.009032828381827871,0.1259686120037893,0.1557025470258603,0.12311710030366146,0.15855405872598816,0.20118642941606163,0.3646095370862264,0.009464791990423741,0.1856085008789245,0.21676435795319876,0.18262062554695585,0.2197522332851674,0.22715527948960418,0.3638580391861105,0.009445284076937224,0.21160945867152828,0.24270110030768008,0.20862774165910258,0.24568281732010577,0.2593040443560098,0.35677238941667583,0.009261349773625699,0.24406095765352925,0.2745471310584903,0.24113730560102276,0.2774707831109968,0.32268138849447797,0.3240121065663023,0.008410935203551236,0.308837983624727,0.33652479336422897,0.30618279312092045,0.3391799838680355,0.1408355795148248,0.18867924528301894,0.2033692722371966,0.21683673469387735,0.2288047200022854,0.1408355795148248,0.08400718778077224,0.06334231805929971,0.04191374663072817,0.007446091644204725,0.13746630727762804,0.2456761006289308,0.3082322551662174,0.4069519317160826,0.7094002695417789,0.22428735069298714
