nDCG@1,nDCG@1_std,nDCG@1_stderr,nDCG@1_ci90_low,nDCG@1_ci90_high,nDCG@1_ci95_low,nDCG@1_ci95_high,nDCG@3,nDCG@3_std,nDCG@3_stderr,nDCG@3_ci90_low,nDCG@3_ci90_high,nDCG@3_ci95_low,nDCG@3_ci95_high,nDCG@5,nDCG@5_std,nDCG@5_stderr,nDCG@5_ci90_low,nDCG@5_ci90_high,nDCG@5_ci95_low,nDCG@5_ci95_high,nDCG@10,nDCG@10_std,nDCG@10_stderr,nDCG@10_ci90_low,nDCG@10_ci90_high,nDCG@10_ci95_low,nDCG@10_ci95_high,nDCG@100,nDCG@100_std,nDCG@100_stderr,nDCG@100_ci90_low,nDCG@100_ci90_high,nDCG@100_ci95_low,nDCG@100_ci95_high,RR@1,RR@3,RR@5,RR@10,RR@100,P@1,P@3,P@5,P@10,P@100,R@1,R@3,R@5,R@10,R@100,AP
0.15363881401617252,0.36072373344533837,0.009363921553872492,0.13822690629108228,0.16905072174126276,0.13527087405607777,0.17200675397626727,0.22369031304947837,0.3778819955684001,0.009809327845791674,0.20754531923094535,0.23983530686801138,0.20444867973550918,0.24293194636344756,0.2525252966563795,0.3751033586873254,0.009737198026296382,0.23649901999239475,0.2685515733203643,0.2334251506654512,0.2716254426473078,0.28558071456514683,0.3656833717948678,0.009492667350543531,0.26995690648112347,0.3012045226491702,0.26696023136771685,0.3042011977625768,0.35058028461581364,0.3272049004592415,0.00849381600339663,0.336600467749011,0.3645601014826163,0.3339191131733894,0.3672414560582379,0.15363881401617252,0.20822102425876,0.2247304582210239,0.23849233089462177,0.2508001961072282,0.15363881401617252,0.09321653189577687,0.07061994609164485,0.046091644204852004,0.00791105121293787,0.15111185983827494,0.274651841868823,0.34394654088050314,0.4455300988319856,0.7561208445642409,0.24701107991604568
