nDCG@1,nDCG@1_std,nDCG@1_stderr,nDCG@1_ci90_low,nDCG@1_ci90_high,nDCG@1_ci95_low,nDCG@1_ci95_high,nDCG@3,nDCG@3_std,nDCG@3_stderr,nDCG@3_ci90_low,nDCG@3_ci90_high,nDCG@3_ci95_low,nDCG@3_ci95_high,nDCG@5,nDCG@5_std,nDCG@5_stderr,nDCG@5_ci90_low,nDCG@5_ci90_high,nDCG@5_ci95_low,nDCG@5_ci95_high,nDCG@10,nDCG@10_std,nDCG@10_stderr,nDCG@10_ci90_low,nDCG@10_ci90_high,nDCG@10_ci95_low,nDCG@10_ci95_high,nDCG@100,nDCG@100_std,nDCG@100_stderr,nDCG@100_ci90_low,nDCG@100_ci90_high,nDCG@100_ci95_low,nDCG@100_ci95_high,RR@1,RR@3,RR@5,RR@10,RR@100,P@1,P@3,P@5,P@10,P@100,R@1,R@3,R@5,R@10,R@100,AP
0.14757412398921832,0.3547968817130988,0.00921006814879696,0.13241544077787196,0.16273280720056468,0.1295079774701328,0.16564027050830385,0.21750093102630907,0.373139383580451,0.009686215772761582,0.20155856512370512,0.23344329692891302,0.19850079003505638,0.23650107201756176,0.2475998874689923,0.37067053660227484,0.00962212769845787,0.231763002959175,0.2634367719788096,0.2287254593955803,0.2664743155424043,0.27842540303466784,0.3623544538998368,0.009406252947668992,0.26294382284048307,0.2939069832288526,0.25997442729781994,0.29687637877151574,0.3445557755548998,0.3242931582357722,0.008418230941373544,0.3307003627633121,0.3584111883464875,0.3280428691180219,0.3610686819917777,0.14824797843665768,0.20283018867924532,0.21987870619946054,0.23259343045394223,0.2451009242491877,0.14757412398921832,0.09119496855345877,0.07008086253369336,0.04501347708894911,0.00787061994609151,0.14487870619946092,0.2679132973944295,0.34057726864330634,0.43559074573225515,0.7503930817610064,0.24082972097928487
