nDCG@1,nDCG@3,nDCG@5,nDCG@10,nDCG@100,RR@1,RR@3,RR@5,RR@10,RR@100,P@1,P@3,P@5,P@10,P@100,R@1,R@3,R@5,R@10,R@100,AP
0.15363881401617252,0.22369031304947837,0.2525252966563795,0.28558071456514683,0.35058028461581364,0.15363881401617252,0.20822102425876,0.2247304582210239,0.23849233089462177,0.2508001961072282,0.15363881401617252,0.09321653189577687,0.07061994609164485,0.046091644204852004,0.00791105121293787,0.15111185983827494,0.274651841868823,0.34394654088050314,0.4455300988319856,0.7561208445642409,0.24701107991604568
