nDCG@1,nDCG@3,nDCG@5,nDCG@10,nDCG@100,RR@1,RR@3,RR@5,RR@10,RR@100,P@1,P@3,P@5,P@10,P@100,R@1,R@3,R@5,R@10,R@100,AP
0.14757412398921832,0.21372482043790353,0.2430401256942509,0.2740964747830376,0.3399842144883968,0.14824797843665768,0.19968553459119492,0.2163971248876906,0.2295979869935394,0.24205861754260508,0.14757412398921832,0.08849955076370128,0.06819407008086315,0.04407008086253406,0.00773584905660364,0.14504716981132076,0.2605008984725966,0.33131176999101525,0.42565139263252466,0.7407345013477089,0.23815581452329904
