nDCG@1,nDCG@1_std,nDCG@1_stderr,nDCG@1_ci90_low,nDCG@1_ci90_high,nDCG@1_ci95_low,nDCG@1_ci95_high,nDCG@3,nDCG@3_std,nDCG@3_stderr,nDCG@3_ci90_low,nDCG@3_ci90_high,nDCG@3_ci95_low,nDCG@3_ci95_high,nDCG@5,nDCG@5_std,nDCG@5_stderr,nDCG@5_ci90_low,nDCG@5_ci90_high,nDCG@5_ci95_low,nDCG@5_ci95_high,nDCG@10,nDCG@10_std,nDCG@10_stderr,nDCG@10_ci90_low,nDCG@10_ci90_high,nDCG@10_ci95_low,nDCG@10_ci95_high,nDCG@100,nDCG@100_std,nDCG@100_stderr,nDCG@100_ci90_low,nDCG@100_ci90_high,nDCG@100_ci95_low,nDCG@100_ci95_high,RR@1,RR@3,RR@5,RR@10,RR@100,P@1,P@3,P@5,P@10,P@100,R@1,R@3,R@5,R@10,R@100,AP
0.14757412398921832,0.3547968817130988,0.00921006814879696,0.13241544077787196,0.16273280720056468,0.1295079774701328,0.16564027050830385,0.21372482043790353,0.3730984815565384,0.009685154009124201,0.19778420207270803,0.22966543880309903,0.1947267621649469,0.23272287871086017,0.2430401256942509,0.37103657717520067,0.009631629638287764,0.2271876021149449,0.2588926492735569,0.22414705894907133,0.2619331924394305,0.2740964747830376,0.36311989665394423,0.009426122851528614,0.25858219107643776,0.28961075848963747,0.25560652293997116,0.29258642662610407,0.3399842144883968,0.3258676618866122,0.008459103019658866,0.3260615310885023,0.35390689788829127,0.32339113481686815,0.3565772941599254,0.14824797843665768,0.19968553459119492,0.2163971248876906,0.2295979869935394,0.24205861754260508,0.14757412398921832,0.08849955076370128,0.06819407008086315,0.04407008086253406,0.00773584905660364,0.14504716981132076,0.2605008984725966,0.33131176999101525,0.42565139263252466,0.7407345013477089,0.23815581452329904
