{
  "nDCG@1": 0.14757412398921832,
  "nDCG@3": 0.21750093102630907,
  "nDCG@5": 0.2475998874689923,
  "nDCG@10": 0.27842540303466784,
  "nDCG@100": 0.3445557755548998,
  "RR@1": 0.14824797843665768,
  "RR@3": 0.20283018867924532,
  "RR@5": 0.21987870619946054,
  "RR@10": 0.23259343045394223,
  "RR@100": 0.2451009242491877,
  "P@1": 0.14757412398921832,
  "P@3": 0.09119496855345877,
  "P@5": 0.07008086253369336,
  "P@10": 0.04501347708894911,
  "P@100": 0.00787061994609151,
  "R@1": 0.14487870619946092,
  "R@3": 0.2679132973944295,
  "R@5": 0.34057726864330634,
  "R@10": 0.43559074573225515,
  "R@100": 0.7503930817610064,
  "AP": 0.24082972097928487
}