{
  "nDCG@1": 0.1522911051212938,
  "nDCG@1_std": 0.3594239512019637,
  "nDCG@1_stderr": 0.00933018088799551,
  "nDCG@1_ci90_low": 0.13693473054287586,
  "nDCG@1_ci90_high": 0.16764747969971172,
  "nDCG@1_ci95_low": 0.13398934966749554,
  "nDCG@1_ci95_high": 0.17059286057509204,
  "nDCG@3": 0.22528344963618555,
  "nDCG@3_std": 0.3766383286044075,
  "nDCG@3_stderr": 0.00977704385998697,
  "nDCG@3_ci90_low": 0.2091915914411579,
  "nDCG@3_ci90_high": 0.2413753078312132,
  "nDCG@3_ci95_low": 0.20610514345599484,
  "nDCG@3_ci95_high": 0.24446175581637625,
  "nDCG@5": 0.2540766491509117,
  "nDCG@5_std": 0.3737180933322503,
  "nDCG@5_stderr": 0.009701238329405004,
  "nDCG@5_ci90_low": 0.23810955789627963,
  "nDCG@5_ci90_high": 0.2700437404055438,
  "nDCG@5_ci95_low": 0.23504704043965666,
  "nDCG@5_ci95_high": 0.27310625786216675,
  "nDCG@10": 0.28802323591898404,
  "nDCG@10_std": 0.3637999609687492,
  "nDCG@10_stderr": 0.009443776441533904,
  "nDCG@10_ci90_low": 0.27247989649052523,
  "nDCG@10_ci90_high": 0.30356657534744286,
  "nDCG@10_ci95_low": 0.2694986554131899,
  "nDCG@10_ci95_high": 0.3065478164247782,
  "nDCG@100": 0.3528760184648706,
  "nDCG@100_std": 0.3248846493446754,
  "nDCG@100_stderr": 0.008433585285515756,
  "nDCG@100_ci90_low": 0.338995334238261,
  "nDCG@100_ci90_high": 0.3667567026914802,
  "nDCG@100_ci95_low": 0.3363329934852744,
  "nDCG@100_ci95_high": 0.3694190434444668,
  "RR@1": 0.15161725067385445,
  "RR@3": 0.20911949685534587,
  "RR@5": 0.22573000898472556,
  "RR@10": 0.2394073824498351,
  "RR@100": 0.25191075664830065,
  "P@1": 0.1522911051212938,
  "P@3": 0.09478885893980209,
  "P@5": 0.07156334231805996,
  "P@10": 0.04676549865229132,
  "P@100": 0.007978436657681803,
  "R@1": 0.14909029649595687,
  "R@3": 0.27936882300089844,
  "R@5": 0.3483265947888589,
  "R@10": 0.4531109613656783,
  "R@100": 0.7612309074573225,
  "AP": 0.247852139011657
}