{
  "nDCG@1": 0.15363881401617252,
  "nDCG@1_std": 0.36072373344533837,
  "nDCG@1_stderr": 0.009363921553872492,
  "nDCG@1_ci90_low": 0.13822690629108228,
  "nDCG@1_ci90_high": 0.16905072174126276,
  "nDCG@1_ci95_low": 0.13527087405607777,
  "nDCG@1_ci95_high": 0.17200675397626727,
  "nDCG@3": 0.22369031304947837,
  "nDCG@3_std": 0.3778819955684001,
  "nDCG@3_stderr": 0.009809327845791674,
  "nDCG@3_ci90_low": 0.20754531923094535,
  "nDCG@3_ci90_high": 0.23983530686801138,
  "nDCG@3_ci95_low": 0.20444867973550918,
  "nDCG@3_ci95_high": 0.24293194636344756,
  "nDCG@5": 0.2525252966563795,
  "nDCG@5_std": 0.3751033586873254,
  "nDCG@5_stderr": 0.009737198026296382,
  "nDCG@5_ci90_low": 0.23649901999239475,
  "nDCG@5_ci90_high": 0.2685515733203643,
  "nDCG@5_ci95_low": 0.2334251506654512,
  "nDCG@5_ci95_high": 0.2716254426473078,
  "nDCG@10": 0.28558071456514683,
  "nDCG@10_std": 0.3656833717948678,
  "nDCG@10_stderr": 0.009492667350543531,
  "nDCG@10_ci90_low": 0.26995690648112347,
  "nDCG@10_ci90_high": 0.3012045226491702,
  "nDCG@10_ci95_low": 0.26696023136771685,
  "nDCG@10_ci95_high": 0.3042011977625768,
  "nDCG@100": 0.35058028461581364,
  "nDCG@100_std": 0.3272049004592415,
  "nDCG@100_stderr": 0.00849381600339663,
  "nDCG@100_ci90_low": 0.336600467749011,
  "nDCG@100_ci90_high": 0.3645601014826163,
  "nDCG@100_ci95_low": 0.3339191131733894,
  "nDCG@100_ci95_high": 0.3672414560582379,
  "RR@1": 0.15363881401617252,
  "RR@3": 0.20822102425876,
  "RR@5": 0.2247304582210239,
  "RR@10": 0.23849233089462177,
  "RR@100": 0.2508001961072282,
  "P@1": 0.15363881401617252,
  "P@3": 0.09321653189577687,
  "P@5": 0.07061994609164485,
  "P@10": 0.046091644204852004,
  "P@100": 0.00791105121293787,
  "R@1": 0.15111185983827494,
  "R@3": 0.274651841868823,
  "R@5": 0.34394654088050314,
  "R@10": 0.4455300988319856,
  "R@100": 0.7561208445642409,
  "AP": 0.24701107991604568
}