{
  "nDCG@1": 0.15363881401617252,
  "nDCG@3": 0.22369031304947837,
  "nDCG@5": 0.2525252966563795,
  "nDCG@10": 0.28558071456514683,
  "nDCG@100": 0.35058028461581364,
  "RR@1": 0.15363881401617252,
  "RR@3": 0.20822102425876,
  "RR@5": 0.2247304582210239,
  "RR@10": 0.23849233089462177,
  "RR@100": 0.2508001961072282,
  "P@1": 0.15363881401617252,
  "P@3": 0.09321653189577687,
  "P@5": 0.07061994609164485,
  "P@10": 0.046091644204852004,
  "P@100": 0.00791105121293787,
  "R@1": 0.15111185983827494,
  "R@3": 0.274651841868823,
  "R@5": 0.34394654088050314,
  "R@10": 0.4455300988319856,
  "R@100": 0.7561208445642409,
  "AP": 0.24701107991604568
}