{
  "nDCG@1": 0.8012129380053908,
  "nDCG@1_std": 0.3992219478718189,
  "nDCG@1_stderr": 0.010363285406121912,
  "nDCG@1_ci90_low": 0.7841561955402777,
  "nDCG@1_ci90_high": 0.818269680470504,
  "nDCG@1_ci95_low": 0.7808846809782639,
  "nDCG@1_ci95_high": 0.8215411950325178,
  "nDCG@3": 0.8613201744152117,
  "nDCG@3_std": 0.2990586039109582,
  "nDCG@3_stderr": 0.00776317454991407,
  "nDCG@3_ci90_low": 0.848542906992722,
  "nDCG@3_ci90_high": 0.8740974418377014,
  "nDCG@3_ci95_low": 0.8460922036112928,
  "nDCG@3_ci95_high": 0.8765481452191306,
  "nDCG@5": 0.8734858881482881,
  "nDCG@5_std": 0.2731319950162159,
  "nDCG@5_stderr": 0.00709015331693471,
  "nDCG@5_ci90_low": 0.8618163340999471,
  "nDCG@5_ci90_high": 0.8851554421966291,
  "nDCG@5_ci95_low": 0.8595780921801057,
  "nDCG@5_ci95_high": 0.8873936841164705,
  "nDCG@10": 0.8871050617894197,
  "nDCG@10_std": 0.23813303915411843,
  "nDCG@10_stderr": 0.006181625691014616,
  "nDCG@10_ci90_low": 0.8769308367926751,
  "nDCG@10_ci90_high": 0.8972792867861643,
  "nDCG@10_ci95_low": 0.8749794017339508,
  "nDCG@10_ci95_high": 0.8992307218448886,
  "nDCG@100": 0.892692465124142,
  "nDCG@100_std": 0.2213929348961205,
  "nDCG@100_stderr": 0.005747074236419813,
  "nDCG@100_ci90_low": 0.8832334604420369,
  "nDCG@100_ci90_high": 0.9021514698062472,
  "nDCG@100_ci95_low": 0.8814192059545252,
  "nDCG@100_ci95_high": 0.9039657242937589,
  "RR@1": 0.8012129380053908,
  "RR@3": 0.8518643306379158,
  "RR@5": 0.858164869721474,
  "RR@10": 0.8633444572797673,
  "RR@100": 0.864304133915147,
  "P@1": 0.8012129380053908,
  "P@3": 0.31693620844563636,
  "P@5": 0.19703504043126188,
  "P@10": 0.10303234501347439,
  "P@100": 0.010599730458220833,
  "R@1": 0.7781895777178797,
  "R@3": 0.9041442048517521,
  "R@5": 0.9325584007187782,
  "R@10": 0.9722035040431268,
  "R@100": 0.9959568733153639,
  "AP": 0.8586257353757223
}