{
  "nDCG@1": 0.7803234501347709,
  "nDCG@1_std": 0.4141670586742181,
  "nDCG@1_stderr": 0.010751241152285214,
  "nDCG@1_ci90_low": 0.7626281783818067,
  "nDCG@1_ci90_high": 0.798018721887735,
  "nDCG@1_ci95_low": 0.7592341927285076,
  "nDCG@1_ci95_high": 0.8014127075410342,
  "nDCG@3": 0.8418878585887802,
  "nDCG@3_std": 0.320000732417285,
  "nDCG@3_stderr": 0.008306805119024038,
  "nDCG@3_ci90_low": 0.8282158395262369,
  "nDCG@3_ci90_high": 0.8555598776513236,
  "nDCG@3_ci95_low": 0.8255935211353292,
  "nDCG@3_ci95_high": 0.8581821960422312,
  "nDCG@5": 0.8567454131715847,
  "nDCG@5_std": 0.29037939240773514,
  "nDCG@5_stderr": 0.007537873445133939,
  "nDCG@5_ci90_low": 0.8443389647288627,
  "nDCG@5_ci90_high": 0.8691518616143067,
  "nDCG@5_ci95_low": 0.8419593851094685,
  "nDCG@5_ci95_high": 0.8715314412337009,
  "nDCG@10": 0.8706084618887044,
  "nDCG@10_std": 0.25748821347405104,
  "nDCG@10_stderr": 0.006684060982040013,
  "nDCG@10_ci90_low": 0.8596072878088687,
  "nDCG@10_ci90_high": 0.8816096359685401,
  "nDCG@10_ci95_low": 0.85749724239574,
  "nDCG@10_ci95_high": 0.8837196813816689,
  "nDCG@100": 0.8778176381081418,
  "nDCG@100_std": 0.2371710737268685,
  "nDCG@100_stderr": 0.006156654312746069,
  "nDCG@100_ci90_low": 0.8676845130475116,
  "nDCG@100_ci90_high": 0.8879507631687721,
  "nDCG@100_ci95_low": 0.8657409610320923,
  "nDCG@100_ci95_high": 0.8898943151841914,
  "RR@1": 0.7803234501347709,
  "RR@3": 0.8318733153638815,
  "RR@5": 0.8398247978436661,
  "RR@10": 0.8448626620459506,
  "RR@100": 0.8462810419347281,
  "P@1": 0.7803234501347709,
  "P@3": 0.31042228212038964,
  "P@5": 0.19460916442048035,
  "P@10": 0.10202156334231542,
  "P@100": 0.010579514824797654,
  "R@1": 0.7576370170709794,
  "R@3": 0.8863993710691823,
  "R@5": 0.9217205750224617,
  "R@10": 0.9632187780772687,
  "R@100": 0.9942722371967655,
  "AP": 0.8401629542214183
}