{
  "nDCG@1": 0.782345013477089,
  "nDCG@1_std": 0.4127906437225882,
  "nDCG@1_stderr": 0.010715511200420007,
  "nDCG@1_ci90_low": 0.7647085490003285,
  "nDCG@1_ci90_high": 0.7999814779538494,
  "nDCG@1_ci95_low": 0.7613258426907168,
  "nDCG@1_ci95_high": 0.8033641842634611,
  "nDCG@3": 0.8507517109085441,
  "nDCG@3_std": 0.30890750092365526,
  "nDCG@3_stderr": 0.008018839177628509,
  "nDCG@3_ci90_low": 0.837553649737598,
  "nDCG@3_ci90_high": 0.8639497720794901,
  "nDCG@3_ci95_low": 0.8350222373416255,
  "nDCG@3_ci95_high": 0.8664811844754626,
  "nDCG@5": 0.8653273511607701,
  "nDCG@5_std": 0.2780156532767341,
  "nDCG@5_stderr": 0.00721692676876899,
  "nDCG@5_ci90_low": 0.8534491429998952,
  "nDCG@5_ci90_high": 0.877205559321645,
  "nDCG@5_ci95_low": 0.851170880837679,
  "nDCG@5_ci95_high": 0.8794838214838612,
  "nDCG@10": 0.8780089004862486,
  "nDCG@10_std": 0.24643644204561743,
  "nDCG@10_stderr": 0.006397171290311804,
  "nDCG@10_ci90_low": 0.8674799129183093,
  "nDCG@10_ci90_high": 0.8885378880541879,
  "nDCG@10_ci95_low": 0.8654604337462325,
  "nDCG@10_ci95_high": 0.8905573672262647,
  "nDCG@100": 0.8850104403660316,
  "nDCG@100_std": 0.22598959311954853,
  "nDCG@100_stderr": 0.005866397538502085,
  "nDCG@100_ci90_low": 0.8753550436370083,
  "nDCG@100_ci90_high": 0.8946658370950549,
  "nDCG@100_ci95_low": 0.8735031207938496,
  "nDCG@100_ci95_high": 0.8965177599382136,
  "RR@1": 0.782345013477089,
  "RR@3": 0.8397349505840076,
  "RR@5": 0.8474505840071884,
  "RR@10": 0.8521480447524924,
  "RR@100": 0.8534899932772191,
  "P@1": 0.782345013477089,
  "P@3": 0.314240790655879,
  "P@5": 0.19649595687331048,
  "P@10": 0.10262803234501085,
  "P@100": 0.01061320754716962,
  "R@1": 0.7602762803234502,
  "R@3": 0.8957210242587601,
  "R@5": 0.9305368373764601,
  "R@10": 0.9677111410601976,
  "R@100": 0.9973045822102425,
  "AP": 0.8484838440354093
}