nDCG@1,nDCG@1_std,nDCG@1_stderr,nDCG@1_ci90_low,nDCG@1_ci90_high,nDCG@1_ci95_low,nDCG@1_ci95_high,nDCG@3,nDCG@3_std,nDCG@3_stderr,nDCG@3_ci90_low,nDCG@3_ci90_high,nDCG@3_ci95_low,nDCG@3_ci95_high,nDCG@5,nDCG@5_std,nDCG@5_stderr,nDCG@5_ci90_low,nDCG@5_ci90_high,nDCG@5_ci95_low,nDCG@5_ci95_high,nDCG@10,nDCG@10_std,nDCG@10_stderr,nDCG@10_ci90_low,nDCG@10_ci90_high,nDCG@10_ci95_low,nDCG@10_ci95_high,nDCG@100,nDCG@100_std,nDCG@100_stderr,nDCG@100_ci90_low,nDCG@100_ci90_high,nDCG@100_ci95_low,nDCG@100_ci95_high,RR@1,RR@3,RR@5,RR@10,RR@100,P@1,P@3,P@5,P@10,P@100,R@1,R@3,R@5,R@10,R@100,AP
0.7526954177897575,0.43159071475563254,0.01120353672809806,0.7342557209966228,0.7711351145828921,0.730718953252064,0.7746718823274509,0.8198569005173064,0.3386218998993031,0.00879018654191442,0.8053892927857691,0.8343245082488437,0.802614379025534,0.8370994220090788,0.8341291602604863,0.31331135736869153,0.008133157594916913,0.8207429444912354,0.8475153760297373,0.8181754436974037,0.850082876823569,0.8500738148215353,0.2788443908036035,0.007238439723062947,0.8381601988814981,0.8619874307615726,0.8358751454421447,0.864272484200926,0.8591608175303749,0.2553875178621274,0.006629529641030818,0.848249395590273,0.8700722394704767,0.846156564802546,0.8721650702582038,0.7526954177897575,0.8088499550763705,0.8162960467205754,0.8221246202883672,0.8239075846687581,0.7526954177897575,0.3041329739442894,0.19056603773584452,0.10074123989218073,0.010532345013476899,0.7303459119496857,0.8678683737646001,0.9018418688230009,0.9503032345013479,0.9903414195867025,0.8176453755061884
