nDCG@1,nDCG@1_std,nDCG@1_stderr,nDCG@1_ci90_low,nDCG@1_ci90_high,nDCG@1_ci95_low,nDCG@1_ci95_high,nDCG@3,nDCG@3_std,nDCG@3_stderr,nDCG@3_ci90_low,nDCG@3_ci90_high,nDCG@3_ci95_low,nDCG@3_ci95_high,nDCG@5,nDCG@5_std,nDCG@5_stderr,nDCG@5_ci90_low,nDCG@5_ci90_high,nDCG@5_ci95_low,nDCG@5_ci95_high,nDCG@10,nDCG@10_std,nDCG@10_stderr,nDCG@10_ci90_low,nDCG@10_ci90_high,nDCG@10_ci95_low,nDCG@10_ci95_high,nDCG@100,nDCG@100_std,nDCG@100_stderr,nDCG@100_ci90_low,nDCG@100_ci90_high,nDCG@100_ci95_low,nDCG@100_ci95_high,RR@1,RR@3,RR@5,RR@10,RR@100,P@1,P@3,P@5,P@10,P@100,R@1,R@3,R@5,R@10,R@100,AP
0.782345013477089,0.4127906437225882,0.010715511200420007,0.7647085490003285,0.7999814779538494,0.7613258426907168,0.8033641842634611,0.8507517109085441,0.30890750092365526,0.008018839177628509,0.837553649737598,0.8639497720794901,0.8350222373416255,0.8664811844754626,0.8653273511607701,0.2780156532767341,0.00721692676876899,0.8534491429998952,0.877205559321645,0.851170880837679,0.8794838214838612,0.8780089004862486,0.24643644204561743,0.006397171290311804,0.8674799129183093,0.8885378880541879,0.8654604337462325,0.8905573672262647,0.8850104403660316,0.22598959311954853,0.005866397538502085,0.8753550436370083,0.8946658370950549,0.8735031207938496,0.8965177599382136,0.782345013477089,0.8397349505840076,0.8474505840071884,0.8521480447524924,0.8534899932772191,0.782345013477089,0.314240790655879,0.19649595687331048,0.10262803234501085,0.01061320754716962,0.7602762803234502,0.8957210242587601,0.9305368373764601,0.9677111410601976,0.9973045822102425,0.8484838440354093
