{
  "nDCG@1": 0.7331536388140162,
  "nDCG@1_std": 0.44246050905178463,
  "nDCG@1_stderr": 0.011485702528844635,
  "nDCG@1_ci90_low": 0.7142495304750069,
  "nDCG@1_ci90_high": 0.7520577471530254,
  "nDCG@1_ci95_low": 0.7106236877421729,
  "nDCG@1_ci95_high": 0.7556835898858595,
  "nDCG@3": 0.8030544885155397,
  "nDCG@3_std": 0.35227183846335924,
  "nDCG@3_stderr": 0.0091445212919687,
  "nDCG@3_ci90_low": 0.7880036876805349,
  "nDCG@3_ci90_high": 0.8181052893505446,
  "nDCG@3_ci95_low": 0.7851169164109095,
  "nDCG@3_ci95_high": 0.8209920606201699,
  "nDCG@5": 0.8200008908046019,
  "nDCG@5_std": 0.3240812871105108,
  "nDCG@5_stderr": 0.008412731040999568,
  "nDCG@5_ci90_low": 0.8061545301987436,
  "nDCG@5_ci90_high": 0.8338472514104602,
  "nDCG@5_ci95_low": 0.8034987727793178,
  "nDCG@5_ci95_high": 0.836503008829886,
  "nDCG@10": 0.8355850123512041,
  "nDCG@10_std": 0.29271359587206713,
  "nDCG@10_stderr": 0.0075984663479685246,
  "nDCG@10_ci90_low": 0.8230788351546785,
  "nDCG@10_ci90_high": 0.8480911895477297,
  "nDCG@10_ci95_low": 0.820680127376963,
  "nDCG@10_ci95_high": 0.8504898973254451,
  "nDCG@100": 0.8460468082781346,
  "nDCG@100_std": 0.2670780983197115,
  "nDCG@100_stderr": 0.006933001988909035,
  "nDCG@100_ci90_low": 0.8346359067347802,
  "nDCG@100_ci90_high": 0.8574577098214891,
  "nDCG@100_ci95_low": 0.8324472748409034,
  "nDCG@100_ci95_high": 0.8596463417153658,
  "RR@1": 0.7331536388140162,
  "RR@3": 0.791666666666667,
  "RR@5": 0.8005615453728667,
  "RR@10": 0.8062877037607501,
  "RR@100": 0.8084766825390128,
  "P@1": 0.7331536388140162,
  "P@3": 0.29851752021562844,
  "P@5": 0.18854447439352656,
  "P@10": 0.0995956873315339,
  "P@100": 0.010478436657681752,
  "R@1": 0.7111410601976641,
  "R@3": 0.852369721473495,
  "R@5": 0.892520215633423,
  "R@10": 0.9396338724168913,
  "R@100": 0.9852875112309074,
  "AP": 0.8021793315361875
}