nDCG@1,nDCG@1_std,nDCG@1_stderr,nDCG@1_ci90_low,nDCG@1_ci90_high,nDCG@1_ci95_low,nDCG@1_ci95_high,nDCG@3,nDCG@3_std,nDCG@3_stderr,nDCG@3_ci90_low,nDCG@3_ci90_high,nDCG@3_ci95_low,nDCG@3_ci95_high,nDCG@5,nDCG@5_std,nDCG@5_stderr,nDCG@5_ci90_low,nDCG@5_ci90_high,nDCG@5_ci95_low,nDCG@5_ci95_high,nDCG@10,nDCG@10_std,nDCG@10_stderr,nDCG@10_ci90_low,nDCG@10_ci90_high,nDCG@10_ci95_low,nDCG@10_ci95_high,nDCG@100,nDCG@100_std,nDCG@100_stderr,nDCG@100_ci90_low,nDCG@100_ci90_high,nDCG@100_ci95_low,nDCG@100_ci95_high,RR@1,RR@3,RR@5,RR@10,RR@100,P@1,P@3,P@5,P@10,P@100,R@1,R@3,R@5,R@10,R@100,AP
0.7210242587601078,0.4486467575939729,0.011646289539598079,0.7018558431885634,0.7401926743316521,0.6981793058426252,0.7438692116775903,0.795271987964716,0.35675071911675316,0.00926078724066845,0.7800298271249715,0.8105141488044605,0.7771063526546398,0.8134376232747922,0.815188303479041,0.3239752587870738,0.008409978682862024,0.8013464729292493,0.8290301340288327,0.7986915843829052,0.8316850225751768,0.8305660578228463,0.2932950788028293,0.007613560892750945,0.8180350367903274,0.8430970788553652,0.8156315639191953,0.8455005517264973,0.8426040866936731,0.26310210190040106,0.006829790264486852,0.8313630594453767,0.8538451139419696,0.8292070097535899,0.8560011636337564,0.7210242587601078,0.7830188679245285,0.7932277628032351,0.7990049950797932,0.8014886668907015,0.7210242587601078,0.29739442946989675,0.1890835579514781,0.09986522911050967,0.010552560646900081,0.6987870619946092,0.8472596585804134,0.8951033243486075,0.9407008086253369,0.9935422282120394,0.7954304473909318
