nDCG@1,nDCG@1_std,nDCG@1_stderr,nDCG@1_ci90_low,nDCG@1_ci90_high,nDCG@1_ci95_low,nDCG@1_ci95_high,nDCG@3,nDCG@3_std,nDCG@3_stderr,nDCG@3_ci90_low,nDCG@3_ci90_high,nDCG@3_ci95_low,nDCG@3_ci95_high,nDCG@5,nDCG@5_std,nDCG@5_stderr,nDCG@5_ci90_low,nDCG@5_ci90_high,nDCG@5_ci95_low,nDCG@5_ci95_high,nDCG@10,nDCG@10_std,nDCG@10_stderr,nDCG@10_ci90_low,nDCG@10_ci90_high,nDCG@10_ci95_low,nDCG@10_ci95_high,nDCG@100,nDCG@100_std,nDCG@100_stderr,nDCG@100_ci90_low,nDCG@100_ci90_high,nDCG@100_ci95_low,nDCG@100_ci95_high,RR@1,RR@3,RR@5,RR@10,RR@100,P@1,P@3,P@5,P@10,P@100,R@1,R@3,R@5,R@10,R@100,AP
0.694743935309973,0.4606710361752158,0.011958424259155505,0.6750617828955964,0.7144260877243497,0.6712867098787464,0.7182011607411997,0.768891428114223,0.37728934232165107,0.009793943334054117,0.7527717553830069,0.785011100845439,0.7496799725186686,0.7881028837097773,0.7877003825677875,0.34932364258897963,0.009067989940317772,0.7727755432888395,0.8026252218467356,0.7699129316772343,0.8054878334583407,0.806070994513009,0.3160776251716419,0.00820496632914248,0.7925665900576,0.819575398968418,0.7899764204564844,0.8221655685695336,0.8216280672692113,0.2813578292122452,0.00730368533322621,0.809607064769225,0.8336490697691977,0.8073014143902534,0.8359547201481693,0.6940700808625337,0.7560646900269543,0.7654649595687336,0.7725588820433834,0.7757592960647377,0.694743935309973,0.2877358490565996,0.18274932614554848,0.09757412398921596,0.010505390835579326,0.675033692722372,0.8204177897574124,0.8660152740341418,0.921383647798742,0.9891060197663972,0.7705381087379245
