nDCG@1,nDCG@1_std,nDCG@1_stderr,nDCG@1_ci90_low,nDCG@1_ci90_high,nDCG@1_ci95_low,nDCG@1_ci95_high,nDCG@3,nDCG@3_std,nDCG@3_stderr,nDCG@3_ci90_low,nDCG@3_ci90_high,nDCG@3_ci95_low,nDCG@3_ci95_high,nDCG@5,nDCG@5_std,nDCG@5_stderr,nDCG@5_ci90_low,nDCG@5_ci90_high,nDCG@5_ci95_low,nDCG@5_ci95_high,nDCG@10,nDCG@10_std,nDCG@10_stderr,nDCG@10_ci90_low,nDCG@10_ci90_high,nDCG@10_ci95_low,nDCG@10_ci95_high,nDCG@100,nDCG@100_std,nDCG@100_stderr,nDCG@100_ci90_low,nDCG@100_ci90_high,nDCG@100_ci95_low,nDCG@100_ci95_high,RR@1,RR@3,RR@5,RR@10,RR@100,P@1,P@3,P@5,P@10,P@100,R@1,R@3,R@5,R@10,R@100,AP
0.7021563342318059,0.4574645741863603,0.011875188653218677,0.6826111777833566,0.7217014906802552,0.6788623808446256,0.7254502876189862,0.7740884047142155,0.37397570122424834,0.009707925497086732,0.7581103071722431,0.7900665022561878,0.7550456786894744,0.7931311307389566,0.7972518332669067,0.338631543598866,0.008790436879881744,0.7827838135086741,0.8117198530251394,0.7800088207209614,0.814494845812852,0.8134038584277646,0.3080563185703324,0.00799674358467035,0.8002421639903333,0.826565552865196,0.7977177268007057,0.8290899900548235,0.828118450635356,0.27443491653571445,0.007123975474359475,0.8163932293148903,0.8398436719558218,0.8141443103099165,0.8420925909607956,0.7021563342318059,0.7626909254267747,0.7746518418688235,0.7809673554956575,0.7839588524251705,0.7021563342318059,0.2893081761006248,0.18584905660376938,0.09838274932614316,0.010539083557951294,0.681266846361186,0.8246293800539084,0.8801662174303684,0.9283468104222822,0.9921945193171607,0.7773917721017506
