nDCG@1,nDCG@1_std,nDCG@1_stderr,nDCG@1_ci90_low,nDCG@1_ci90_high,nDCG@1_ci95_low,nDCG@1_ci95_high,nDCG@3,nDCG@3_std,nDCG@3_stderr,nDCG@3_ci90_low,nDCG@3_ci90_high,nDCG@3_ci95_low,nDCG@3_ci95_high,nDCG@5,nDCG@5_std,nDCG@5_stderr,nDCG@5_ci90_low,nDCG@5_ci90_high,nDCG@5_ci95_low,nDCG@5_ci95_high,nDCG@10,nDCG@10_std,nDCG@10_stderr,nDCG@10_ci90_low,nDCG@10_ci90_high,nDCG@10_ci95_low,nDCG@10_ci95_high,nDCG@100,nDCG@100_std,nDCG@100_stderr,nDCG@100_ci90_low,nDCG@100_ci90_high,nDCG@100_ci95_low,nDCG@100_ci95_high,RR@1,RR@3,RR@5,RR@10,RR@100,P@1,P@3,P@5,P@10,P@100,R@1,R@3,R@5,R@10,R@100,AP
0.6846361185983828,0.46481726882130764,0.012066055095838427,0.6647768185526651,0.7044954186441005,0.6609677682944548,0.7083044689023108,0.7639297814935524,0.37713499649569815,0.009789936716045963,0.7478167031818513,0.7800428598052535,0.7447261851392991,0.7831333778478057,0.7810846679670346,0.3520846035427344,0.009139660915602192,0.7660418667368575,0.7961274691972117,0.7631566298061446,0.7990127061279245,0.8001758508859289,0.31833934125239405,0.008263677553255779,0.7865748146974094,0.8137768870744484,0.7839661109522349,0.8163855908196229,0.8165873177869165,0.2822567915754076,0.007327021233440306,0.8045279071543211,0.8286467284195119,0.8022148900249054,0.8309597455489276,0.6846361185983828,0.7501123090745733,0.7589061096136575,0.766539917853934,0.7697959703955993,0.6846361185983828,0.28796046720574614,0.18194070080862132,0.09730458221024024,0.010525606469002507,0.664588948787062,0.8208108715184188,0.8617475292003595,0.9185759209344115,0.9908468104222821,0.7633288194475193
