{
  "nDCG@1": 0.7196765498652291,
  "nDCG@1_std": 0.4493086355679251,
  "nDCG@1_stderr": 0.011663471035717363,
  "nDCG@1_ci90_low": 0.7004798555825437,
  "nDCG@1_ci90_high": 0.7388732441479146,
  "nDCG@1_ci95_low": 0.6967978943278209,
  "nDCG@1_ci95_high": 0.7425552054026373,
  "nDCG@3": 0.7880292776498832,
  "nDCG@3_std": 0.36650603386069724,
  "nDCG@3_stderr": 0.009514022593726999,
  "nDCG@3_ci90_low": 0.7723703213605383,
  "nDCG@3_ci90_high": 0.8036882339392281,
  "nDCG@3_ci95_low": 0.7693669047567343,
  "nDCG@3_ci95_high": 0.806691650543032,
  "nDCG@5": 0.8097755375275089,
  "nDCG@5_std": 0.33165743887015275,
  "nDCG@5_stderr": 0.008609398141553044,
  "nDCG@5_ci90_low": 0.7956054861272699,
  "nDCG@5_ci90_high": 0.8239455889277478,
  "nDCG@5_ci95_low": 0.7928876442184071,
  "nDCG@5_ci95_high": 0.8266634308366106,
  "nDCG@10": 0.8271604870567231,
  "nDCG@10_std": 0.29698033260128004,
  "nDCG@10_stderr": 0.007709225314787187,
  "nDCG@10_ci90_low": 0.8144720136965107,
  "nDCG@10_ci90_high": 0.8398489604169355,
  "nDCG@10_ci95_low": 0.8120383411794658,
  "nDCG@10_ci95_high": 0.8422826329339803,
  "nDCG@100": 0.8390788352767122,
  "nDCG@100_std": 0.268222031393156,
  "nDCG@100_stderr": 0.006962697011912664,
  "nDCG@100_ci90_low": 0.8276190592365145,
  "nDCG@100_ci90_high": 0.85053861131691,
  "nDCG@100_ci95_low": 0.825421053124292,
  "nDCG@100_ci95_high": 0.8527366174291324,
  "RR@1": 0.7203504043126685,
  "RR@3": 0.776392632524708,
  "RR@5": 0.7876123090745738,
  "RR@10": 0.794384011466222,
  "RR@100": 0.7967613945956729,
  "P@1": 0.7196765498652291,
  "P@3": 0.2933513027852607,
  "P@5": 0.18787061994608736,
  "P@10": 0.09966307277627785,
  "P@100": 0.010545822102425688,
  "R@1": 0.6992924528301887,
  "R@3": 0.8361410601976639,
  "R@5": 0.8881401617250674,
  "R@10": 0.9401392632524707,
  "R@100": 0.9923629829290206,
  "AP": 0.7916503211000926
}