nDCG@1,nDCG@1_std,nDCG@1_stderr,nDCG@1_ci90_low,nDCG@1_ci90_high,nDCG@1_ci95_low,nDCG@1_ci95_high,nDCG@3,nDCG@3_std,nDCG@3_stderr,nDCG@3_ci90_low,nDCG@3_ci90_high,nDCG@3_ci95_low,nDCG@3_ci95_high,nDCG@5,nDCG@5_std,nDCG@5_stderr,nDCG@5_ci90_low,nDCG@5_ci90_high,nDCG@5_ci95_low,nDCG@5_ci95_high,nDCG@10,nDCG@10_std,nDCG@10_stderr,nDCG@10_ci90_low,nDCG@10_ci90_high,nDCG@10_ci95_low,nDCG@10_ci95_high,nDCG@100,nDCG@100_std,nDCG@100_stderr,nDCG@100_ci90_low,nDCG@100_ci90_high,nDCG@100_ci95_low,nDCG@100_ci95_high,RR@1,RR@3,RR@5,RR@10,RR@100,P@1,P@3,P@5,P@10,P@100,R@1,R@3,R@5,R@10,R@100,AP
0.7088948787061995,0.45442500150924925,0.01179628527795719,0.6894795878842115,0.7283101695281875,0.6857556994113814,0.7320340580010176,0.7810565622562183,0.3700384867138303,0.009605720500858199,0.7652466820537288,0.7968664424587079,0.7622143179659243,0.7998988065465124,0.8003606995502032,0.34051592571643824,0.008839353002361222,0.7858121696380157,0.8149092294623906,0.7830217348547643,0.817699664245642,0.8172955265039937,0.30785157592312334,0.007991428730366512,0.8041425796883395,0.830448473319648,0.8016198203086504,0.832971232699337,0.8316988050042106,0.27456174397558825,0.007127267750657775,0.8199681649862234,0.8434294450221977,0.8177182066651032,0.8456794033433179,0.7088948787061995,0.7688679245283019,0.7783018867924536,0.7850631604843199,0.7879638096715671,0.7088948787061995,0.29155435759208914,0.18544474393530583,0.09831536388139922,0.0105323450134769,0.6891846361185984,0.8304132973944294,0.8770215633423181,0.9284591194968553,0.991464510332435,0.7829025522488088
