{
  "nDCG@1": 0.7210242587601078,
  "nDCG@1_std": 0.4486467575939729,
  "nDCG@1_stderr": 0.011646289539598079,
  "nDCG@1_ci90_low": 0.7018558431885634,
  "nDCG@1_ci90_high": 0.7401926743316521,
  "nDCG@1_ci95_low": 0.6981793058426252,
  "nDCG@1_ci95_high": 0.7438692116775903,
  "nDCG@3": 0.795271987964716,
  "nDCG@3_std": 0.35675071911675316,
  "nDCG@3_stderr": 0.00926078724066845,
  "nDCG@3_ci90_low": 0.7800298271249715,
  "nDCG@3_ci90_high": 0.8105141488044605,
  "nDCG@3_ci95_low": 0.7771063526546398,
  "nDCG@3_ci95_high": 0.8134376232747922,
  "nDCG@5": 0.815188303479041,
  "nDCG@5_std": 0.3239752587870738,
  "nDCG@5_stderr": 0.008409978682862024,
  "nDCG@5_ci90_low": 0.8013464729292493,
  "nDCG@5_ci90_high": 0.8290301340288327,
  "nDCG@5_ci95_low": 0.7986915843829052,
  "nDCG@5_ci95_high": 0.8316850225751768,
  "nDCG@10": 0.8305660578228463,
  "nDCG@10_std": 0.2932950788028293,
  "nDCG@10_stderr": 0.007613560892750945,
  "nDCG@10_ci90_low": 0.8180350367903274,
  "nDCG@10_ci90_high": 0.8430970788553652,
  "nDCG@10_ci95_low": 0.8156315639191953,
  "nDCG@10_ci95_high": 0.8455005517264973,
  "nDCG@100": 0.8426040866936731,
  "nDCG@100_std": 0.26310210190040106,
  "nDCG@100_stderr": 0.006829790264486852,
  "nDCG@100_ci90_low": 0.8313630594453767,
  "nDCG@100_ci90_high": 0.8538451139419696,
  "nDCG@100_ci95_low": 0.8292070097535899,
  "nDCG@100_ci95_high": 0.8560011636337564,
  "RR@1": 0.7210242587601078,
  "RR@3": 0.7830188679245285,
  "RR@5": 0.7932277628032351,
  "RR@10": 0.7990049950797932,
  "RR@100": 0.8014886668907015,
  "P@1": 0.7210242587601078,
  "P@3": 0.29739442946989675,
  "P@5": 0.1890835579514781,
  "P@10": 0.09986522911050967,
  "P@100": 0.010552560646900081,
  "R@1": 0.6987870619946092,
  "R@3": 0.8472596585804134,
  "R@5": 0.8951033243486075,
  "R@10": 0.9407008086253369,
  "R@100": 0.9935422282120394,
  "AP": 0.7954304473909318
}