{
  "nDCG@1": 0.7230458221024259,
  "nDCG@1_std": 0.4476444928344382,
  "nDCG@1_stderr": 0.01162027204278728,
  "nDCG@1_ci90_low": 0.7039202282544275,
  "nDCG@1_ci90_high": 0.7421714159504242,
  "nDCG@1_ci95_low": 0.700251904193789,
  "nDCG@1_ci95_high": 0.7458397400110627,
  "nDCG@3": 0.7956726251252948,
  "nDCG@3_std": 0.3579331156103216,
  "nDCG@3_stderr": 0.009291480724309239,
  "nDCG@3_ci90_low": 0.7803799464405521,
  "nDCG@3_ci90_high": 0.8109653038100375,
  "nDCG@3_ci95_low": 0.7774467825546776,
  "nDCG@3_ci95_high": 0.813898467695912,
  "nDCG@5": 0.8188901894801153,
  "nDCG@5_std": 0.31929652932651487,
  "nDCG@5_stderr": 0.008288524917616205,
  "nDCG@5_ci90_low": 0.8052482574677113,
  "nDCG@5_ci90_high": 0.8325321214925192,
  "nDCG@5_ci95_low": 0.8026317098283328,
  "nDCG@5_ci95_high": 0.8351486691318978,
  "nDCG@10": 0.8331162866962101,
  "nDCG@10_std": 0.29046656061346116,
  "nDCG@10_stderr": 0.007540136219009709,
  "nDCG@10_ci90_low": 0.8207061139952299,
  "nDCG@10_ci90_high": 0.8455264593971903,
  "nDCG@10_ci95_low": 0.8183258200562551,
  "nDCG@10_ci95_high": 0.847906753336165,
  "nDCG@100": 0.8442828346921081,
  "nDCG@100_std": 0.26208294700191986,
  "nDCG@100_stderr": 0.006803334321515002,
  "nDCG@100_ci90_low": 0.8330853507978986,
  "nDCG@100_ci90_high": 0.8554803185863176,
  "nDCG@100_ci95_low": 0.8309376528014759,
  "nDCG@100_ci95_high": 0.8576280165827402,
  "RR@1": 0.7223719676549866,
  "RR@3": 0.7830188679245284,
  "RR@5": 0.7948113207547176,
  "RR@10": 0.8001366427073979,
  "RR@100": 0.8024620303387635,
  "P@1": 0.7230458221024259,
  "P@3": 0.29716981132075027,
  "P@5": 0.19070080862533248,
  "P@10": 0.10020215633422935,
  "P@100": 0.010559299191374475,
  "R@1": 0.7023247978436657,
  "R@3": 0.8462488769092543,
  "R@5": 0.901841868823001,
  "R@10": 0.9441823899371068,
  "R@100": 0.9937106918238993,
  "AP": 0.7976390522382115
}