nDCG@1,nDCG@1_std,nDCG@1_stderr,nDCG@1_ci90_low,nDCG@1_ci90_high,nDCG@1_ci95_low,nDCG@1_ci95_high,nDCG@3,nDCG@3_std,nDCG@3_stderr,nDCG@3_ci90_low,nDCG@3_ci90_high,nDCG@3_ci95_low,nDCG@3_ci95_high,nDCG@5,nDCG@5_std,nDCG@5_stderr,nDCG@5_ci90_low,nDCG@5_ci90_high,nDCG@5_ci95_low,nDCG@5_ci95_high,nDCG@10,nDCG@10_std,nDCG@10_stderr,nDCG@10_ci90_low,nDCG@10_ci90_high,nDCG@10_ci95_low,nDCG@10_ci95_high,nDCG@100,nDCG@100_std,nDCG@100_stderr,nDCG@100_ci90_low,nDCG@100_ci90_high,nDCG@100_ci95_low,nDCG@100_ci95_high,RR@1,RR@3,RR@5,RR@10,RR@100,P@1,P@3,P@5,P@10,P@100,R@1,R@3,R@5,R@10,R@100,AP
0.10646900269541779,0.3085409266556491,0.00800932338376462,0.09328660339606237,0.1196514019947732,0.09075819497585381,0.12217981041498176,0.15664098147127187,0.3307856638715512,0.008586767990158338,0.1425081766245301,0.17077378631801363,0.1397974786731023,0.17348448426944144,0.17851704753872533,0.33318096517976853,0.008648946913995169,0.16428190353513508,0.19275219154231557,0.16155157674528287,0.1954825183321678,0.20396245785037617,0.330761762303635,0.008586147536369937,0.18983067419721014,0.2180942415035422,0.18712017211258752,0.22080474358816482,0.26889741099950326,0.30494000701324286,0.007915848167340027,0.2558688608542475,0.28192596114475904,0.2533699609846323,0.2844248610143742,0.10579514824797843,0.14555256064690036,0.15788409703504047,0.16824300474906934,0.1801953066941371,0.10646900269541779,0.06626235399820284,0.05080862533692757,0.03362533692722401,0.00671832884097024,0.10433513027852649,0.19384546271338726,0.24674303683737647,0.325696316262354,0.6422955974842768,0.17714645732213602
