nDCG@1,nDCG@1_std,nDCG@1_stderr,nDCG@1_ci90_low,nDCG@1_ci90_high,nDCG@1_ci95_low,nDCG@1_ci95_high,nDCG@3,nDCG@3_std,nDCG@3_stderr,nDCG@3_ci90_low,nDCG@3_ci90_high,nDCG@3_ci95_low,nDCG@3_ci95_high,nDCG@5,nDCG@5_std,nDCG@5_stderr,nDCG@5_ci90_low,nDCG@5_ci90_high,nDCG@5_ci95_low,nDCG@5_ci95_high,nDCG@10,nDCG@10_std,nDCG@10_stderr,nDCG@10_ci90_low,nDCG@10_ci90_high,nDCG@10_ci95_low,nDCG@10_ci95_high,nDCG@100,nDCG@100_std,nDCG@100_stderr,nDCG@100_ci90_low,nDCG@100_ci90_high,nDCG@100_ci95_low,nDCG@100_ci95_high,RR@1,RR@3,RR@5,RR@10,RR@100,P@1,P@3,P@5,P@10,P@100,R@1,R@3,R@5,R@10,R@100,AP
0.14555256064690028,0.3527759551206797,0.009157607508359462,0.130480221446978,0.16062489984682257,0.12758931907936527,0.1635158022144353,0.21804732948192593,0.37023057505666335,0.009610706865787733,0.20222924231233017,0.2338654166515217,0.19919530411314706,0.2368993548507048,0.24552084016660608,0.36848805488312725,0.009565473295888721,0.22977720210482794,0.2612644782283842,0.2267575433813919,0.2642841369518203,0.27319253606882543,0.3613491660583076,0.009380156975559724,0.25775390675924925,0.2886311653784016,0.2547927492752152,0.29159232286243564,0.33940345869535377,0.32476350917545255,0.008430440643407536,0.3255279501778444,0.3532789672128631,0.32286660213537827,0.35594031525532926,0.14420485175202155,0.20249326145552565,0.21785714285714272,0.22956295725837494,0.24215309568760815,0.14555256064690028,0.09299191374663042,0.06967654986522973,0.0437331536388144,0.007749326145552428,0.14094788858939802,0.27133872416891286,0.33692722371967654,0.4211590296495957,0.7358490566037735,0.23776652103436421
