nDCG@1,nDCG@3,nDCG@5,nDCG@10,nDCG@100,RR@1,RR@3,RR@5,RR@10,RR@100,P@1,P@3,P@5,P@10,P@100,R@1,R@3,R@5,R@10,R@100,AP
0.09366576819407008,0.1425425115837053,0.16246428440431407,0.18438966193248577,0.247656822985222,0.09366576819407008,0.1318508535489668,0.14323899371069185,0.15228736148547464,0.1637346475135794,0.09366576819407008,0.06087151841868809,0.046630727762803525,0.03039083557951507,0.00632075471698103,0.09119496855345913,0.17845911949685533,0.22686433063791556,0.2946990116801438,0.6048966756513927,0.16052765501689334
