{
  "nDCG@1": 0.14150943396226415,
  "nDCG@3": 0.21427429634369383,
  "nDCG@5": 0.24189498858343886,
  "nDCG@10": 0.27212305806427284,
  "nDCG@100": 0.33328095910276834,
  "RR@1": 0.14150943396226415,
  "RR@3": 0.1988993710691824,
  "RR@5": 0.2139263252470798,
  "RR@10": 0.2266921233902364,
  "RR@100": 0.238262224273605,
  "P@1": 0.14150943396226415,
  "P@3": 0.09209344115004459,
  "P@5": 0.0692722371967661,
  "P@10": 0.04440700808625372,
  "P@100": 0.0075741239892182,
  "R@1": 0.13707322551662174,
  "R@3": 0.26948562443845464,
  "R@5": 0.3365902964959569,
  "R@10": 0.42890835579514824,
  "R@100": 0.7200134770889488,
  "AP": 0.23321737048242108
}