nDCG@1,nDCG@3,nDCG@5,nDCG@10,nDCG@100,RR@1,RR@3,RR@5,RR@10,RR@100,P@1,P@3,P@5,P@10,P@100,R@1,R@3,R@5,R@10,R@100,AP
0.14555256064690028,0.21804732948192593,0.24552084016660608,0.27319253606882543,0.33940345869535377,0.14420485175202155,0.20249326145552565,0.21785714285714272,0.22956295725837494,0.24215309568760815,0.14555256064690028,0.09299191374663042,0.06967654986522973,0.0437331536388144,0.007749326145552428,0.14094788858939802,0.27133872416891286,0.33692722371967654,0.4211590296495957,0.7358490566037735,0.23776652103436421
