nDCG@1,nDCG@1_std,nDCG@1_stderr,nDCG@1_ci90_low,nDCG@1_ci90_high,nDCG@1_ci95_low,nDCG@1_ci95_high,nDCG@3,nDCG@3_std,nDCG@3_stderr,nDCG@3_ci90_low,nDCG@3_ci90_high,nDCG@3_ci95_low,nDCG@3_ci95_high,nDCG@5,nDCG@5_std,nDCG@5_stderr,nDCG@5_ci90_low,nDCG@5_ci90_high,nDCG@5_ci95_low,nDCG@5_ci95_high,nDCG@10,nDCG@10_std,nDCG@10_stderr,nDCG@10_ci90_low,nDCG@10_ci90_high,nDCG@10_ci95_low,nDCG@10_ci95_high,nDCG@100,nDCG@100_std,nDCG@100_stderr,nDCG@100_ci90_low,nDCG@100_ci90_high,nDCG@100_ci95_low,nDCG@100_ci95_high,RR@1,RR@3,RR@5,RR@10,RR@100,P@1,P@3,P@5,P@10,P@100,R@1,R@3,R@5,R@10,R@100,AP
0.13544474393530997,0.34231334545915004,0.008886011694067974,0.12081941933331009,0.15007006853730986,0.11801425518737285,0.1528752326832471,0.20637938204985415,0.36159047948577383,0.009386421160017751,0.19093044263331213,0.22182832146639617,0.1879673076518079,0.22479145644790038,0.2343571763073512,0.3604475985490342,0.009356753449122127,0.21895706643515206,0.24975728617955034,0.2160032970500213,0.2527110555646811,0.26393617748541287,0.35351048653765776,0.009176674993888466,0.24883245545877297,0.27903989951205277,0.24593553380730146,0.2819368211635243,0.3285090268309019,0.3186209984925794,0.008270989010910603,0.31489595684756,0.34212209681424377,0.31228494499841564,0.34473310866338813,0.13611859838274934,0.19148697214734964,0.20712039532794235,0.21937010653317907,0.23123438319751524,0.13544474393530997,0.08917340521114064,0.06765498652291164,0.043396226415094746,0.007661725067385314,0.13151392632524708,0.25988319856244385,0.327437106918239,0.4182951482479784,0.729559748427673,0.22617761504740627
