nDCG@1,nDCG@1_std,nDCG@1_stderr,nDCG@1_ci90_low,nDCG@1_ci90_high,nDCG@1_ci95_low,nDCG@1_ci95_high,nDCG@3,nDCG@3_std,nDCG@3_stderr,nDCG@3_ci90_low,nDCG@3_ci90_high,nDCG@3_ci95_low,nDCG@3_ci95_high,nDCG@5,nDCG@5_std,nDCG@5_stderr,nDCG@5_ci90_low,nDCG@5_ci90_high,nDCG@5_ci95_low,nDCG@5_ci95_high,nDCG@10,nDCG@10_std,nDCG@10_stderr,nDCG@10_ci90_low,nDCG@10_ci90_high,nDCG@10_ci95_low,nDCG@10_ci95_high,nDCG@100,nDCG@100_std,nDCG@100_stderr,nDCG@100_ci90_low,nDCG@100_ci90_high,nDCG@100_ci95_low,nDCG@100_ci95_high,RR@1,RR@3,RR@5,RR@10,RR@100,P@1,P@3,P@5,P@10,P@100,R@1,R@3,R@5,R@10,R@100,AP
0.14285714285714285,0.3500450656992924,0.009086717151160257,0.12790148080337851,0.15781280491090718,0.12503295732689876,0.16068132838738694,0.2152770954627462,0.36757578467069013,0.009541791941120058,0.19957243411092873,0.23098175681456368,0.19656025119211812,0.2339939397333743,0.24471135321523135,0.3657286536042999,0.009493842807748105,0.2290856104676306,0.2603370959628321,0.22608856428219315,0.26333414214826956,0.272441252678086,0.35861205294450355,0.009309105059355212,0.25711956642168843,0.28776293893448357,0.2541808388302428,0.2907016665259292,0.33635086204166986,0.3233019502054347,0.008392500462951737,0.32253779857529574,0.350163925508044,0.31988842760843667,0.35281329647490306,0.14285714285714285,0.19991015274034146,0.21658805031446518,0.2282636482265861,0.24040746502117535,0.14285714285714285,0.09231805929919105,0.07048517520215697,0.04407008086253406,0.007668463611859707,0.13842093441150044,0.26982255166217434,0.34097035040431267,0.4252021563342318,0.7289420485175202,0.2351518250257783
