nDCG@1,nDCG@3,nDCG@5,nDCG@10,nDCG@100,RR@1,RR@3,RR@5,RR@10,RR@100,P@1,P@3,P@5,P@10,P@100,R@1,R@3,R@5,R@10,R@100,AP
0.1179245283018868,0.18494419814812602,0.20874609956356283,0.23806256402623244,0.3049007452761009,0.1179245283018868,0.1701482479784368,0.18392857142857147,0.1960977944636975,0.2082902738984229,0.1179245283018868,0.07996406109613616,0.060107816711590774,0.0393530997304586,0.007419137466307152,0.1153414195867026,0.23393980233602876,0.2912174303683738,0.3810646900269542,0.7058063791554358,0.20449617274208667
