{
  "nDCG@1": 0.14285714285714285,
  "nDCG@1_std": 0.3500450656992924,
  "nDCG@1_stderr": 0.009086717151160257,
  "nDCG@1_ci90_low": 0.12790148080337851,
  "nDCG@1_ci90_high": 0.15781280491090718,
  "nDCG@1_ci95_low": 0.12503295732689876,
  "nDCG@1_ci95_high": 0.16068132838738694,
  "nDCG@3": 0.2152770954627462,
  "nDCG@3_std": 0.36757578467069013,
  "nDCG@3_stderr": 0.009541791941120058,
  "nDCG@3_ci90_low": 0.19957243411092873,
  "nDCG@3_ci90_high": 0.23098175681456368,
  "nDCG@3_ci95_low": 0.19656025119211812,
  "nDCG@3_ci95_high": 0.2339939397333743,
  "nDCG@5": 0.24471135321523135,
  "nDCG@5_std": 0.3657286536042999,
  "nDCG@5_stderr": 0.009493842807748105,
  "nDCG@5_ci90_low": 0.2290856104676306,
  "nDCG@5_ci90_high": 0.2603370959628321,
  "nDCG@5_ci95_low": 0.22608856428219315,
  "nDCG@5_ci95_high": 0.26333414214826956,
  "nDCG@10": 0.272441252678086,
  "nDCG@10_std": 0.35861205294450355,
  "nDCG@10_stderr": 0.009309105059355212,
  "nDCG@10_ci90_low": 0.25711956642168843,
  "nDCG@10_ci90_high": 0.28776293893448357,
  "nDCG@10_ci95_low": 0.2541808388302428,
  "nDCG@10_ci95_high": 0.2907016665259292,
  "nDCG@100": 0.33635086204166986,
  "nDCG@100_std": 0.3233019502054347,
  "nDCG@100_stderr": 0.008392500462951737,
  "nDCG@100_ci90_low": 0.32253779857529574,
  "nDCG@100_ci90_high": 0.350163925508044,
  "nDCG@100_ci95_low": 0.31988842760843667,
  "nDCG@100_ci95_high": 0.35281329647490306,
  "RR@1": 0.14285714285714285,
  "RR@3": 0.19991015274034146,
  "RR@5": 0.21658805031446518,
  "RR@10": 0.2282636482265861,
  "RR@100": 0.24040746502117535,
  "P@1": 0.14285714285714285,
  "P@3": 0.09231805929919105,
  "P@5": 0.07048517520215697,
  "P@10": 0.04407008086253406,
  "P@100": 0.007668463611859707,
  "R@1": 0.13842093441150044,
  "R@3": 0.26982255166217434,
  "R@5": 0.34097035040431267,
  "R@10": 0.4252021563342318,
  "R@100": 0.7289420485175202,
  "AP": 0.2351518250257783
}