{
  "nDCG@1": 0.1179245283018868,
  "nDCG@1_std": 0.3226274545169263,
  "nDCG@1_stderr": 0.008374991427282548,
  "nDCG@1_ci90_low": 0.10414028263802591,
  "nDCG@1_ci90_high": 0.13170877396574768,
  "nDCG@1_ci95_low": 0.10149643897866768,
  "nDCG@1_ci95_high": 0.13435261762510592,
  "nDCG@3": 0.18494419814812602,
  "nDCG@3_std": 0.3476682637967678,
  "nDCG@3_stderr": 0.009025018447967754,
  "nDCG@3_ci90_low": 0.17009008486480898,
  "nDCG@3_ci90_high": 0.19979831143144305,
  "nDCG@3_ci95_low": 0.1672410386291888,
  "nDCG@3_ci95_high": 0.20264735766706324,
  "nDCG@5": 0.20874609956356283,
  "nDCG@5_std": 0.3479977562992519,
  "nDCG@5_stderr": 0.009033571647160892,
  "nDCG@5_ci90_low": 0.1938779087256699,
  "nDCG@5_ci90_high": 0.22361429040145575,
  "nDCG@5_ci95_low": 0.19102616238920184,
  "nDCG@5_ci95_high": 0.22646603673792381,
  "nDCG@10": 0.23806256402623244,
  "nDCG@10_std": 0.34285625701389133,
  "nDCG@10_stderr": 0.008900104975817783,
  "nDCG@10_ci90_low": 0.22341404354880556,
  "nDCG@10_ci90_high": 0.2527110845036593,
  "nDCG@10_ci95_low": 0.220604430391318,
  "nDCG@10_ci95_high": 0.2555206976611469,
  "nDCG@100": 0.3049007452761009,
  "nDCG@100_std": 0.31032557668790106,
  "nDCG@100_stderr": 0.008055650590304402,
  "nDCG@100_ci90_low": 0.29164209687232434,
  "nDCG@100_ci90_high": 0.31815939367987744,
  "nDCG@100_ci95_low": 0.2890990637337111,
  "nDCG@100_ci95_high": 0.3207024268184907,
  "RR@1": 0.1179245283018868,
  "RR@3": 0.1701482479784368,
  "RR@5": 0.18392857142857147,
  "RR@10": 0.1960977944636975,
  "RR@100": 0.2082902738984229,
  "P@1": 0.1179245283018868,
  "P@3": 0.07996406109613616,
  "P@5": 0.060107816711590774,
  "P@10": 0.0393530997304586,
  "P@100": 0.007419137466307152,
  "R@1": 0.1153414195867026,
  "R@3": 0.23393980233602876,
  "R@5": 0.2912174303683738,
  "R@10": 0.3810646900269542,
  "R@100": 0.7058063791554358,
  "AP": 0.20449617274208667
}