nDCG@1,nDCG@1_std,nDCG@1_stderr,nDCG@1_ci90_low,nDCG@1_ci90_high,nDCG@1_ci95_low,nDCG@1_ci95_high,nDCG@3,nDCG@3_std,nDCG@3_stderr,nDCG@3_ci90_low,nDCG@3_ci90_high,nDCG@3_ci95_low,nDCG@3_ci95_high,nDCG@5,nDCG@5_std,nDCG@5_stderr,nDCG@5_ci90_low,nDCG@5_ci90_high,nDCG@5_ci95_low,nDCG@5_ci95_high,nDCG@10,nDCG@10_std,nDCG@10_stderr,nDCG@10_ci90_low,nDCG@10_ci90_high,nDCG@10_ci95_low,nDCG@10_ci95_high,nDCG@100,nDCG@100_std,nDCG@100_stderr,nDCG@100_ci90_low,nDCG@100_ci90_high,nDCG@100_ci95_low,nDCG@100_ci95_high,RR@1,RR@3,RR@5,RR@10,RR@100,P@1,P@3,P@5,P@10,P@100,R@1,R@3,R@5,R@10,R@100,AP
0.1179245283018868,0.3226274545169263,0.008374991427282548,0.10414028263802591,0.13170877396574768,0.10149643897866768,0.13435261762510592,0.18494419814812602,0.3476682637967678,0.009025018447967754,0.17009008486480898,0.19979831143144305,0.1672410386291888,0.20264735766706324,0.20874609956356283,0.3479977562992519,0.009033571647160892,0.1938779087256699,0.22361429040145575,0.19102616238920184,0.22646603673792381,0.23806256402623244,0.34285625701389133,0.008900104975817783,0.22341404354880556,0.2527110845036593,0.220604430391318,0.2555206976611469,0.3049007452761009,0.31032557668790106,0.008055650590304402,0.29164209687232434,0.31815939367987744,0.2890990637337111,0.3207024268184907,0.1179245283018868,0.1701482479784368,0.18392857142857147,0.1960977944636975,0.2082902738984229,0.1179245283018868,0.07996406109613616,0.060107816711590774,0.0393530997304586,0.007419137466307152,0.1153414195867026,0.23393980233602876,0.2912174303683738,0.3810646900269542,0.7058063791554358,0.20449617274208667
