nDCG@1,nDCG@3,nDCG@5,nDCG@10,nDCG@100,RR@1,RR@3,RR@5,RR@10,RR@100,P@1,P@3,P@5,P@10,P@100,R@1,R@3,R@5,R@10,R@100,AP
0.10646900269541779,0.15664098147127187,0.17851704753872533,0.20396245785037617,0.26889741099950326,0.10579514824797843,0.14555256064690036,0.15788409703504047,0.16824300474906934,0.1801953066941371,0.10646900269541779,0.06626235399820284,0.05080862533692757,0.03362533692722401,0.00671832884097024,0.10433513027852649,0.19384546271338726,0.24674303683737647,0.325696316262354,0.6422955974842768,0.17714645732213602
