{
  "nDCG@1": 0.09366576819407008,
  "nDCG@1_std": 0.2914613796371243,
  "nDCG@1_stderr": 0.007565960434147728,
  "nDCG@1_ci90_low": 0.08121309188832448,
  "nDCG@1_ci90_high": 0.10611844449981567,
  "nDCG@1_ci95_low": 0.07882464567981688,
  "nDCG@1_ci95_high": 0.10850689070832327,
  "nDCG@3": 0.1425425115837053,
  "nDCG@3_std": 0.3164938053730111,
  "nDCG@3_stderr": 0.008215769828875293,
  "nDCG@3_ci90_low": 0.1290203258450986,
  "nDCG@3_ci90_high": 0.15606469732231198,
  "nDCG@3_ci95_low": 0.12642674576117646,
  "nDCG@3_ci95_high": 0.15865827740623412,
  "nDCG@5": 0.16246428440431407,
  "nDCG@5_std": 0.3194817097929451,
  "nDCG@5_stderr": 0.008293331963009088,
  "nDCG@5_ci90_low": 0.14881444056355927,
  "nDCG@5_ci90_high": 0.17611412824506886,
  "nDCG@5_ci95_low": 0.1461963754209578,
  "nDCG@5_ci95_high": 0.17873219338767032,
  "nDCG@10": 0.18438966193248577,
  "nDCG@10_std": 0.3187077480856094,
  "nDCG@10_stderr": 0.008273240918142227,
  "nDCG@10_ci90_low": 0.17077288557609713,
  "nDCG@10_ci90_high": 0.1980064382888744,
  "nDCG@10_ci95_low": 0.16816116283778854,
  "nDCG@10_ci95_high": 0.200618161027183,
  "nDCG@100": 0.247656822985222,
  "nDCG@100_std": 0.2967910803204417,
  "nDCG@100_stderr": 0.007704312570358825,
  "nDCG@100_ci90_low": 0.23497643542147548,
  "nDCG@100_ci90_high": 0.2603372105489686,
  "nDCG@100_ci95_low": 0.23254431377505771,
  "nDCG@100_ci95_high": 0.26276933219538634,
  "RR@1": 0.09366576819407008,
  "RR@3": 0.1318508535489668,
  "RR@5": 0.14323899371069185,
  "RR@10": 0.15228736148547464,
  "RR@100": 0.1637346475135794,
  "P@1": 0.09366576819407008,
  "P@3": 0.06087151841868809,
  "P@5": 0.046630727762803525,
  "P@10": 0.03039083557951507,
  "P@100": 0.00632075471698103,
  "R@1": 0.09119496855345913,
  "R@3": 0.17845911949685533,
  "R@5": 0.22686433063791556,
  "R@10": 0.2946990116801438,
  "R@100": 0.6048966756513927,
  "AP": 0.16052765501689334
}