nDCG@1,nDCG@1_std,nDCG@1_stderr,nDCG@1_ci90_low,nDCG@1_ci90_high,nDCG@1_ci95_low,nDCG@1_ci95_high,nDCG@3,nDCG@3_std,nDCG@3_stderr,nDCG@3_ci90_low,nDCG@3_ci90_high,nDCG@3_ci95_low,nDCG@3_ci95_high,nDCG@5,nDCG@5_std,nDCG@5_stderr,nDCG@5_ci90_low,nDCG@5_ci90_high,nDCG@5_ci95_low,nDCG@5_ci95_high,nDCG@10,nDCG@10_std,nDCG@10_stderr,nDCG@10_ci90_low,nDCG@10_ci90_high,nDCG@10_ci95_low,nDCG@10_ci95_high,nDCG@100,nDCG@100_std,nDCG@100_stderr,nDCG@100_ci90_low,nDCG@100_ci90_high,nDCG@100_ci95_low,nDCG@100_ci95_high,RR@1,RR@3,RR@5,RR@10,RR@100,P@1,P@3,P@5,P@10,P@100,R@1,R@3,R@5,R@10,R@100,AP
0.09366576819407008,0.2914613796371243,0.007565960434147728,0.08121309188832448,0.10611844449981567,0.07882464567981688,0.10850689070832327,0.1425425115837053,0.3164938053730111,0.008215769828875293,0.1290203258450986,0.15606469732231198,0.12642674576117646,0.15865827740623412,0.16246428440431407,0.3194817097929451,0.008293331963009088,0.14881444056355927,0.17611412824506886,0.1461963754209578,0.17873219338767032,0.18438966193248577,0.3187077480856094,0.008273240918142227,0.17077288557609713,0.1980064382888744,0.16816116283778854,0.200618161027183,0.247656822985222,0.2967910803204417,0.007704312570358825,0.23497643542147548,0.2603372105489686,0.23254431377505771,0.26276933219538634,0.09366576819407008,0.1318508535489668,0.14323899371069185,0.15228736148547464,0.1637346475135794,0.09366576819407008,0.06087151841868809,0.046630727762803525,0.03039083557951507,0.00632075471698103,0.09119496855345913,0.17845911949685533,0.22686433063791556,0.2946990116801438,0.6048966756513927,0.16052765501689334
