{
  "nDCG@1": 0.13544474393530997,
  "nDCG@3": 0.20637938204985415,
  "nDCG@5": 0.2343571763073512,
  "nDCG@10": 0.26393617748541287,
  "nDCG@100": 0.3285090268309019,
  "RR@1": 0.13611859838274934,
  "RR@3": 0.19148697214734964,
  "RR@5": 0.20712039532794235,
  "RR@10": 0.21937010653317907,
  "RR@100": 0.23123438319751524,
  "P@1": 0.13544474393530997,
  "P@3": 0.08917340521114064,
  "P@5": 0.06765498652291164,
  "P@10": 0.043396226415094746,
  "P@100": 0.007661725067385314,
  "R@1": 0.13151392632524708,
  "R@3": 0.25988319856244385,
  "R@5": 0.327437106918239,
  "R@10": 0.4182951482479784,
  "R@100": 0.729559748427673,
  "AP": 0.22617761504740627
}