{
  "nDCG@1": 0.13544474393530997,
  "nDCG@1_std": 0.34231334545915004,
  "nDCG@1_stderr": 0.008886011694067974,
  "nDCG@1_ci90_low": 0.12081941933331009,
  "nDCG@1_ci90_high": 0.15007006853730986,
  "nDCG@1_ci95_low": 0.11801425518737285,
  "nDCG@1_ci95_high": 0.1528752326832471,
  "nDCG@3": 0.20637938204985415,
  "nDCG@3_std": 0.36159047948577383,
  "nDCG@3_stderr": 0.009386421160017751,
  "nDCG@3_ci90_low": 0.19093044263331213,
  "nDCG@3_ci90_high": 0.22182832146639617,
  "nDCG@3_ci95_low": 0.1879673076518079,
  "nDCG@3_ci95_high": 0.22479145644790038,
  "nDCG@5": 0.2343571763073512,
  "nDCG@5_std": 0.3604475985490342,
  "nDCG@5_stderr": 0.009356753449122127,
  "nDCG@5_ci90_low": 0.21895706643515206,
  "nDCG@5_ci90_high": 0.24975728617955034,
  "nDCG@5_ci95_low": 0.2160032970500213,
  "nDCG@5_ci95_high": 0.2527110555646811,
  "nDCG@10": 0.26393617748541287,
  "nDCG@10_std": 0.35351048653765776,
  "nDCG@10_stderr": 0.009176674993888466,
  "nDCG@10_ci90_low": 0.24883245545877297,
  "nDCG@10_ci90_high": 0.27903989951205277,
  "nDCG@10_ci95_low": 0.24593553380730146,
  "nDCG@10_ci95_high": 0.2819368211635243,
  "nDCG@100": 0.3285090268309019,
  "nDCG@100_std": 0.3186209984925794,
  "nDCG@100_stderr": 0.008270989010910603,
  "nDCG@100_ci90_low": 0.31489595684756,
  "nDCG@100_ci90_high": 0.34212209681424377,
  "nDCG@100_ci95_low": 0.31228494499841564,
  "nDCG@100_ci95_high": 0.34473310866338813,
  "RR@1": 0.13611859838274934,
  "RR@3": 0.19148697214734964,
  "RR@5": 0.20712039532794235,
  "RR@10": 0.21937010653317907,
  "RR@100": 0.23123438319751524,
  "P@1": 0.13544474393530997,
  "P@3": 0.08917340521114064,
  "P@5": 0.06765498652291164,
  "P@10": 0.043396226415094746,
  "P@100": 0.007661725067385314,
  "R@1": 0.13151392632524708,
  "R@3": 0.25988319856244385,
  "R@5": 0.327437106918239,
  "R@10": 0.4182951482479784,
  "R@100": 0.729559748427673,
  "AP": 0.22617761504740627
}