nDCG@1,nDCG@3,nDCG@5,nDCG@10,nDCG@100,RR@1,RR@3,RR@5,RR@10,RR@100,P@1,P@3,P@5,P@10,P@100,R@1,R@3,R@5,R@10,R@100,AP
0.14150943396226415,0.21427429634369383,0.24189498858343886,0.27212305806427284,0.33328095910276834,0.14150943396226415,0.1988993710691824,0.2139263252470798,0.2266921233902364,0.238262224273605,0.14150943396226415,0.09209344115004459,0.0692722371967661,0.04440700808625372,0.0075741239892182,0.13707322551662174,0.26948562443845464,0.3365902964959569,0.42890835579514824,0.7200134770889488,0.23321737048242108
