{
  "nDCG@1": 0.14285714285714285,
  "nDCG@3": 0.2152770954627462,
  "nDCG@5": 0.24471135321523135,
  "nDCG@10": 0.272441252678086,
  "nDCG@100": 0.33635086204166986,
  "RR@1": 0.14285714285714285,
  "RR@3": 0.19991015274034146,
  "RR@5": 0.21658805031446518,
  "RR@10": 0.2282636482265861,
  "RR@100": 0.24040746502117535,
  "P@1": 0.14285714285714285,
  "P@3": 0.09231805929919105,
  "P@5": 0.07048517520215697,
  "P@10": 0.04407008086253406,
  "P@100": 0.007668463611859707,
  "R@1": 0.13842093441150044,
  "R@3": 0.26982255166217434,
  "R@5": 0.34097035040431267,
  "R@10": 0.4252021563342318,
  "R@100": 0.7289420485175202,
  "AP": 0.2351518250257783
}