nDCG@1,nDCG@1_std,nDCG@1_stderr,nDCG@1_ci90_low,nDCG@1_ci90_high,nDCG@1_ci95_low,nDCG@1_ci95_high,nDCG@3,nDCG@3_std,nDCG@3_stderr,nDCG@3_ci90_low,nDCG@3_ci90_high,nDCG@3_ci95_low,nDCG@3_ci95_high,nDCG@5,nDCG@5_std,nDCG@5_stderr,nDCG@5_ci90_low,nDCG@5_ci90_high,nDCG@5_ci95_low,nDCG@5_ci95_high,nDCG@10,nDCG@10_std,nDCG@10_stderr,nDCG@10_ci90_low,nDCG@10_ci90_high,nDCG@10_ci95_low,nDCG@10_ci95_high,nDCG@100,nDCG@100_std,nDCG@100_stderr,nDCG@100_ci90_low,nDCG@100_ci90_high,nDCG@100_ci95_low,nDCG@100_ci95_high,RR@1,RR@3,RR@5,RR@10,RR@100,P@1,P@3,P@5,P@10,P@100,R@1,R@3,R@5,R@10,R@100,AP
0.7628032345013477,0.42550730386238844,0.011045619249699197,0.7446234512061274,0.780983017796568,0.7411365353482949,0.7844699336544004,0.8304047559313039,0.32821346971704407,0.008519997156828114,0.8163818479815078,0.8444276638811,0.8136922284569491,0.8471172834056587,0.846462759828734,0.29778082131556294,0.007730004966443905,0.8337400856187974,0.8591854340386705,0.8312998533159004,0.8616256663415676,0.8612693238185808,0.26387089706568495,0.006849747192604547,0.8499954498262299,0.8725431978109317,0.8478331000685477,0.8747055475686139,0.8689230653921058,0.24232919891707203,0.0062905525710746655,0.8585695596298606,0.8792765711543511,0.8565837381907224,0.8812623925934893,0.7628032345013477,0.8187331536388137,0.8268530997304584,0.8326148226586229,0.8342403201758113,0.7628032345013477,0.3090745732255116,0.19393530997304123,0.10188679245282761,0.01057277628032326,0.7392744833782571,0.8795485175202157,0.917902066486972,0.9615341419586702,0.9939353099730458,0.8285880320667649
