{
  "nDCG@1": 0.7688679245283019,
  "nDCG@1_std": 0.42169879132983157,
  "nDCG@1_stderr": 0.010946755190350557,
  "nDCG@1_ci90_low": 0.750850859785479,
  "nDCG@1_ci90_high": 0.7868849892711247,
  "nDCG@1_ci95_low": 0.747395153645139,
  "nDCG@1_ci95_high": 0.7903406954114648,
  "nDCG@3": 0.8364692514732865,
  "nDCG@3_std": 0.3212756926336708,
  "nDCG@3_stderr": 0.00833990143718563,
  "nDCG@3_ci90_low": 0.8227427597842253,
  "nDCG@3_ci90_high": 0.8501957431623478,
  "nDCG@3_ci95_low": 0.8201099934434088,
  "nDCG@3_ci95_high": 0.8528285095031642,
  "nDCG@5": 0.8526370449884375,
  "nDCG@5_std": 0.2900369113043005,
  "nDCG@5_stderr": 0.007528983078659808,
  "nDCG@5_ci90_low": 0.8402452290377707,
  "nDCG@5_ci90_high": 0.8650288609391044,
  "nDCG@5_ci95_low": 0.8378684559572531,
  "nDCG@5_ci95_high": 0.8674056340196219,
  "nDCG@10": 0.8647047056592729,
  "nDCG@10_std": 0.2616081179034658,
  "nDCG@10_stderr": 0.006791008372271372,
  "nDCG@10_ci90_low": 0.8535275088201476,
  "nDCG@10_ci90_high": 0.8758819024983983,
  "nDCG@10_ci95_low": 0.8513837019181859,
  "nDCG@10_ci95_high": 0.87802570940036,
  "nDCG@100": 0.8725768712515973,
  "nDCG@100_std": 0.23925834918969052,
  "nDCG@100_stderr": 0.00621083728404244,
  "nDCG@100_ci90_low": 0.8623545674265908,
  "nDCG@100_ci90_high": 0.8827991750766039,
  "nDCG@100_ci95_low": 0.8603939107602174,
  "nDCG@100_ci95_high": 0.8847598317429772,
  "RR@1": 0.7688679245283019,
  "RR@3": 0.8247978436657679,
  "RR@5": 0.8328167115902967,
  "RR@10": 0.8374128267659264,
  "RR@100": 0.8390072669869054,
  "P@1": 0.7688679245283019,
  "P@3": 0.3113207547169759,
  "P@5": 0.19555256064689558,
  "P@10": 0.10181940700808369,
  "P@100": 0.01057277628032326,
  "R@1": 0.7453391734052113,
  "R@3": 0.8868486073674754,
  "R@5": 0.9253144654088049,
  "R@10": 0.9607479784366577,
  "R@100": 0.9939353099730458,
  "AP": 0.833254548968928
}