nDCG@1,nDCG@1_std,nDCG@1_stderr,nDCG@1_ci90_low,nDCG@1_ci90_high,nDCG@1_ci95_low,nDCG@1_ci95_high,nDCG@3,nDCG@3_std,nDCG@3_stderr,nDCG@3_ci90_low,nDCG@3_ci90_high,nDCG@3_ci95_low,nDCG@3_ci95_high,nDCG@5,nDCG@5_std,nDCG@5_stderr,nDCG@5_ci90_low,nDCG@5_ci90_high,nDCG@5_ci95_low,nDCG@5_ci95_high,nDCG@10,nDCG@10_std,nDCG@10_stderr,nDCG@10_ci90_low,nDCG@10_ci90_high,nDCG@10_ci95_low,nDCG@10_ci95_high,nDCG@100,nDCG@100_std,nDCG@100_stderr,nDCG@100_ci90_low,nDCG@100_ci90_high,nDCG@100_ci95_low,nDCG@100_ci95_high,RR@1,RR@3,RR@5,RR@10,RR@100,P@1,P@3,P@5,P@10,P@100,R@1,R@3,R@5,R@10,R@100,AP
0.7351752021563343,0.44138861250273925,0.01145787748084111,0.7163168905564166,0.7540335137562519,0.7126998317223332,0.7576505725903353,0.8070936227814706,0.3488454175292082,0.00905557583631074,0.7921892156499242,0.821998029913017,0.7893305229617532,0.8248567226011879,0.8238405231621816,0.31958902649075616,0.008296117765678976,0.8101860942196143,0.8374949521047489,0.8075671496460559,0.8401138966783073,0.8386396234252012,0.2893939133803699,0.0075122916842193,0.8262752795362597,0.8510039673141426,0.8239037756476859,0.8533754712027164,0.8504405367372908,0.25942645557922966,0.006734375240134305,0.8393565513375884,0.8615245221369933,0.8372306225610683,0.8636504509135133,0.7351752021563343,0.7942497753818507,0.8030772686433069,0.8086084905660378,0.8111608295332245,0.7351752021563343,0.30166217430367903,0.18989218328840535,0.09986522911050967,0.010559299191374475,0.7138364779874214,0.8581536388140162,0.8983041329739443,0.9424977538185084,0.9930368373764599,0.8058290667450567
