nDCG@1,nDCG@1_std,nDCG@1_stderr,nDCG@1_ci90_low,nDCG@1_ci90_high,nDCG@1_ci95_low,nDCG@1_ci95_high,nDCG@3,nDCG@3_std,nDCG@3_stderr,nDCG@3_ci90_low,nDCG@3_ci90_high,nDCG@3_ci95_low,nDCG@3_ci95_high,nDCG@5,nDCG@5_std,nDCG@5_stderr,nDCG@5_ci90_low,nDCG@5_ci90_high,nDCG@5_ci95_low,nDCG@5_ci95_high,nDCG@10,nDCG@10_std,nDCG@10_stderr,nDCG@10_ci90_low,nDCG@10_ci90_high,nDCG@10_ci95_low,nDCG@10_ci95_high,nDCG@100,nDCG@100_std,nDCG@100_stderr,nDCG@100_ci90_low,nDCG@100_ci90_high,nDCG@100_ci95_low,nDCG@100_ci95_high,RR@1,RR@3,RR@5,RR@10,RR@100,P@1,P@3,P@5,P@10,P@100,R@1,R@3,R@5,R@10,R@100,AP
0.7688679245283019,0.42169879132983157,0.010946755190350557,0.750850859785479,0.7868849892711247,0.747395153645139,0.7903406954114648,0.8364692514732865,0.3212756926336708,0.00833990143718563,0.8227427597842253,0.8501957431623478,0.8201099934434088,0.8528285095031642,0.8526370449884375,0.2900369113043005,0.007528983078659808,0.8402452290377707,0.8650288609391044,0.8378684559572531,0.8674056340196219,0.8647047056592729,0.2616081179034658,0.006791008372271372,0.8535275088201476,0.8758819024983983,0.8513837019181859,0.87802570940036,0.8725768712515973,0.23925834918969052,0.00621083728404244,0.8623545674265908,0.8827991750766039,0.8603939107602174,0.8847598317429772,0.7688679245283019,0.8247978436657679,0.8328167115902967,0.8374128267659264,0.8390072669869054,0.7688679245283019,0.3113207547169759,0.19555256064689558,0.10181940700808369,0.01057277628032326,0.7453391734052113,0.8868486073674754,0.9253144654088049,0.9607479784366577,0.9939353099730458,0.833254548968928
