nDCG@1,nDCG@1_std,nDCG@1_stderr,nDCG@1_ci90_low,nDCG@1_ci90_high,nDCG@1_ci95_low,nDCG@1_ci95_high,nDCG@3,nDCG@3_std,nDCG@3_stderr,nDCG@3_ci90_low,nDCG@3_ci90_high,nDCG@3_ci95_low,nDCG@3_ci95_high,nDCG@5,nDCG@5_std,nDCG@5_stderr,nDCG@5_ci90_low,nDCG@5_ci90_high,nDCG@5_ci95_low,nDCG@5_ci95_high,nDCG@10,nDCG@10_std,nDCG@10_stderr,nDCG@10_ci90_low,nDCG@10_ci90_high,nDCG@10_ci95_low,nDCG@10_ci95_high,nDCG@100,nDCG@100_std,nDCG@100_stderr,nDCG@100_ci90_low,nDCG@100_ci90_high,nDCG@100_ci95_low,nDCG@100_ci95_high,RR@1,RR@3,RR@5,RR@10,RR@100,P@1,P@3,P@5,P@10,P@100,R@1,R@3,R@5,R@10,R@100,AP
0.7587601078167115,0.4279797124324916,0.011109799778322707,0.7404746909598257,0.7770455246735974,0.7369675143906684,0.7805527012427547,0.8247710204509235,0.33641034813484627,0.008732777518568746,0.8103979011840001,0.839144139717847,0.8076411104849862,0.8419009304168609,0.8415838923146609,0.3045431988507804,0.0079055475406811,0.8285722957829809,0.854595488846341,0.8260766476476171,0.8570911369817047,0.8565225377376887,0.2717480549491951,0.007054228022807071,0.8449121124758189,0.8681329629995586,0.8426852115659255,0.870359863909452,0.8654341531325183,0.2472568481075708,0.006418467970552603,0.8548701137469368,0.8759981925180997,0.8528439115717967,0.8780243946932398,0.7587601078167115,0.8133423180592989,0.8224056603773586,0.8278173533564368,0.8297767508115504,0.7587601078167115,0.3063791554357543,0.1925876010781626,0.10134770889487617,0.01057277628032326,0.7365790655884996,0.8711253369272237,0.9114442946990117,0.9563117699910152,0.9943845462713387,0.8245462938299949
