{
  "nDCG@1": 0.7351752021563343,
  "nDCG@1_std": 0.44138861250273925,
  "nDCG@1_stderr": 0.01145787748084111,
  "nDCG@1_ci90_low": 0.7163168905564166,
  "nDCG@1_ci90_high": 0.7540335137562519,
  "nDCG@1_ci95_low": 0.7126998317223332,
  "nDCG@1_ci95_high": 0.7576505725903353,
  "nDCG@3": 0.8070936227814706,
  "nDCG@3_std": 0.3488454175292082,
  "nDCG@3_stderr": 0.00905557583631074,
  "nDCG@3_ci90_low": 0.7921892156499242,
  "nDCG@3_ci90_high": 0.821998029913017,
  "nDCG@3_ci95_low": 0.7893305229617532,
  "nDCG@3_ci95_high": 0.8248567226011879,
  "nDCG@5": 0.8238405231621816,
  "nDCG@5_std": 0.31958902649075616,
  "nDCG@5_stderr": 0.008296117765678976,
  "nDCG@5_ci90_low": 0.8101860942196143,
  "nDCG@5_ci90_high": 0.8374949521047489,
  "nDCG@5_ci95_low": 0.8075671496460559,
  "nDCG@5_ci95_high": 0.8401138966783073,
  "nDCG@10": 0.8386396234252012,
  "nDCG@10_std": 0.2893939133803699,
  "nDCG@10_stderr": 0.0075122916842193,
  "nDCG@10_ci90_low": 0.8262752795362597,
  "nDCG@10_ci90_high": 0.8510039673141426,
  "nDCG@10_ci95_low": 0.8239037756476859,
  "nDCG@10_ci95_high": 0.8533754712027164,
  "nDCG@100": 0.8504405367372908,
  "nDCG@100_std": 0.25942645557922966,
  "nDCG@100_stderr": 0.006734375240134305,
  "nDCG@100_ci90_low": 0.8393565513375884,
  "nDCG@100_ci90_high": 0.8615245221369933,
  "nDCG@100_ci95_low": 0.8372306225610683,
  "nDCG@100_ci95_high": 0.8636504509135133,
  "RR@1": 0.7351752021563343,
  "RR@3": 0.7942497753818507,
  "RR@5": 0.8030772686433069,
  "RR@10": 0.8086084905660378,
  "RR@100": 0.8111608295332245,
  "P@1": 0.7351752021563343,
  "P@3": 0.30166217430367903,
  "P@5": 0.18989218328840535,
  "P@10": 0.09986522911050967,
  "P@100": 0.010559299191374475,
  "R@1": 0.7138364779874214,
  "R@3": 0.8581536388140162,
  "R@5": 0.8983041329739443,
  "R@10": 0.9424977538185084,
  "R@100": 0.9930368373764599,
  "AP": 0.8058290667450567
}