nDCG@1,nDCG@1_std,nDCG@1_stderr,nDCG@1_ci90_low,nDCG@1_ci90_high,nDCG@1_ci95_low,nDCG@1_ci95_high,nDCG@3,nDCG@3_std,nDCG@3_stderr,nDCG@3_ci90_low,nDCG@3_ci90_high,nDCG@3_ci95_low,nDCG@3_ci95_high,nDCG@5,nDCG@5_std,nDCG@5_stderr,nDCG@5_ci90_low,nDCG@5_ci90_high,nDCG@5_ci95_low,nDCG@5_ci95_high,nDCG@10,nDCG@10_std,nDCG@10_stderr,nDCG@10_ci90_low,nDCG@10_ci90_high,nDCG@10_ci95_low,nDCG@10_ci95_high,nDCG@100,nDCG@100_std,nDCG@100_stderr,nDCG@100_ci90_low,nDCG@100_ci90_high,nDCG@100_ci95_low,nDCG@100_ci95_high,RR@1,RR@3,RR@5,RR@10,RR@100,P@1,P@3,P@5,P@10,P@100,R@1,R@3,R@5,R@10,R@100,AP
0.15700808625336926,0.3639310323307161,0.00944717888456058,0.1414591468059798,0.17255702570075873,0.13847683163471844,0.17553934087202008,0.2368580619977329,0.3794260597566754,0.00984940975499975,0.22064709809576782,0.253069025899698,0.21753780541704965,0.25617831857841616,0.26670677671055393,0.3764036727388864,0.009770952497226032,0.2506249441784124,0.28278860924269544,0.2475404191338222,0.28587313428728567,0.2977356498130757,0.3662822329945726,0.009508213012710346,0.2820862554071826,0.31338504421896884,0.2790846727902033,0.3163866268359481,0.3585052430925117,0.3296479877792756,0.008557235390292963,0.344421045413332,0.37258944077169137,0.34171967040600226,0.3752908157790211,0.15700808625336926,0.21945193171608257,0.23609613656783426,0.249195920506567,0.2601877389958804,0.15700808625336926,0.10197663971248874,0.07628032345013548,0.04811320754716997,0.007944743935309837,0.15257187780772688,0.2966644204851752,0.3684299191374663,0.4632187780772687,0.7556716082659478,0.2563768982526899
