nDCG@1,nDCG@1_std,nDCG@1_stderr,nDCG@1_ci90_low,nDCG@1_ci90_high,nDCG@1_ci95_low,nDCG@1_ci95_high,nDCG@3,nDCG@3_std,nDCG@3_stderr,nDCG@3_ci90_low,nDCG@3_ci90_high,nDCG@3_ci95_low,nDCG@3_ci95_high,nDCG@5,nDCG@5_std,nDCG@5_stderr,nDCG@5_ci90_low,nDCG@5_ci90_high,nDCG@5_ci95_low,nDCG@5_ci95_high,nDCG@10,nDCG@10_std,nDCG@10_stderr,nDCG@10_ci90_low,nDCG@10_ci90_high,nDCG@10_ci95_low,nDCG@10_ci95_high,nDCG@100,nDCG@100_std,nDCG@100_stderr,nDCG@100_ci90_low,nDCG@100_ci90_high,nDCG@100_ci95_low,nDCG@100_ci95_high,RR@1,RR@3,RR@5,RR@10,RR@100,P@1,P@3,P@5,P@10,P@100,R@1,R@3,R@5,R@10,R@100,AP
0.15161725067385445,0.3587703944768248,0.009313215400732572,0.13628879928154006,0.16694570206616885,0.1333487741245885,0.1698857272231204,0.22985901146459922,0.37619526387146235,0.009765542472587367,0.21378608319335332,0.24593193973584512,0.21070326600237252,0.24901475692682593,0.25962512852383884,0.37366007919329686,0.009699732357394271,0.24366051592107632,0.2755897411266014,0.2405984738744387,0.27865178317323896,0.2918903539809706,0.3640141602056798,0.009449336776675593,0.2763378628983003,0.30744284506364083,0.27335486651686275,0.3104258414450784,0.3533760055309524,0.32719682143914597,0.008493606282484495,0.33939653383997453,0.36735547722193024,0.3367152454697107,0.37003676559219406,0.15161725067385445,0.2128256963162623,0.22943620844564208,0.2430122363410771,0.25416207334718294,0.15161725067385445,0.09883198562443833,0.07412398921832954,0.04750673854447458,0.007924528301886656,0.14796720575022462,0.2879043126684636,0.35933288409703507,0.4571540880503145,0.7536500449236297,0.25081987031714303
