nDCG@1,nDCG@1_std,nDCG@1_stderr,nDCG@1_ci90_low,nDCG@1_ci90_high,nDCG@1_ci95_low,nDCG@1_ci95_high,nDCG@3,nDCG@3_std,nDCG@3_stderr,nDCG@3_ci90_low,nDCG@3_ci90_high,nDCG@3_ci95_low,nDCG@3_ci95_high,nDCG@5,nDCG@5_std,nDCG@5_stderr,nDCG@5_ci90_low,nDCG@5_ci90_high,nDCG@5_ci95_low,nDCG@5_ci95_high,nDCG@10,nDCG@10_std,nDCG@10_stderr,nDCG@10_ci90_low,nDCG@10_ci90_high,nDCG@10_ci95_low,nDCG@10_ci95_high,nDCG@100,nDCG@100_std,nDCG@100_stderr,nDCG@100_ci90_low,nDCG@100_ci90_high,nDCG@100_ci95_low,nDCG@100_ci95_high,RR@1,RR@3,RR@5,RR@10,RR@100,P@1,P@3,P@5,P@10,P@100,R@1,R@3,R@5,R@10,R@100,AP
0.1610512129380054,0.3677020915414396,0.009545070704117205,0.14534115512996243,0.17676127074604836,0.1423279371609269,0.1797744887150839,0.2408491222027044,0.38344515491174413,0.00995374026685756,0.22446644261384327,0.2572318017915656,0.2213242145506954,0.2603740298547134,0.2707244200273957,0.38013818581879966,0.009867895626496226,0.25448303056664284,0.2869658094881486,0.25136790220981464,0.2900809378449768,0.3065225127242515,0.3681948840414228,0.009557862960030354,0.2907914003754806,0.3222536250730224,0.28777414410682667,0.32527088134167637,0.3668822518776275,0.3300884075857909,0.00856866811882344,0.3527792372790467,0.38098526647620834,0.3500742531519827,0.38369025060327233,0.1610512129380054,0.22439353099730455,0.24123989218328798,0.25642915971419983,0.26737995089096533,0.1610512129380054,0.1022012578616352,0.07641509433962336,0.04973045822102432,0.008086253369272099,0.1571203953279425,0.29767520215633425,0.36944070080862534,0.4777066486972148,0.7682502246181491,0.2632580966853451
