nDCG@1,nDCG@1_std,nDCG@1_stderr,nDCG@1_ci90_low,nDCG@1_ci90_high,nDCG@1_ci95_low,nDCG@1_ci95_high,nDCG@3,nDCG@3_std,nDCG@3_stderr,nDCG@3_ci90_low,nDCG@3_ci90_high,nDCG@3_ci95_low,nDCG@3_ci95_high,nDCG@5,nDCG@5_std,nDCG@5_stderr,nDCG@5_ci90_low,nDCG@5_ci90_high,nDCG@5_ci95_low,nDCG@5_ci95_high,nDCG@10,nDCG@10_std,nDCG@10_stderr,nDCG@10_ci90_low,nDCG@10_ci90_high,nDCG@10_ci95_low,nDCG@10_ci95_high,nDCG@100,nDCG@100_std,nDCG@100_stderr,nDCG@100_ci90_low,nDCG@100_ci90_high,nDCG@100_ci95_low,nDCG@100_ci95_high,RR@1,RR@3,RR@5,RR@10,RR@100,P@1,P@3,P@5,P@10,P@100,R@1,R@3,R@5,R@10,R@100,AP
0.15363881401617252,0.36072373344533837,0.009363921553872492,0.13822690629108228,0.16905072174126276,0.13527087405607777,0.17200675397626727,0.22409349049559904,0.37576068618377134,0.00975426139790527,0.20803912953945078,0.2401478514517473,0.20495987359363993,0.24322710739755815,0.25754172550039384,0.3729425605131933,0.00968110650050996,0.24160776885581617,0.27347568214497153,0.23855160667831649,0.2765318443224712,0.2913568918990825,0.3626178034800558,0.009413089162150537,0.27586406010414766,0.3068497236940173,0.2728925064837757,0.30982127731438924,0.35344136452572406,0.3254755690101493,0.008448924795725654,0.3395354332789912,0.3673472957724569,0.33686825010113075,0.37001447895031736,0.15363881401617252,0.20900718778077262,0.22747079964061057,0.24152146707739655,0.2531823242370198,0.15363881401617252,0.09478885893980209,0.07385444743935378,0.048045822102426035,0.007978436657681803,0.1498203054806828,0.27723495058400716,0.3587713387241689,0.4623203054806828,0.7584793351302784,0.2492317925859273
