nDCG@1,nDCG@1_std,nDCG@1_stderr,nDCG@1_ci90_low,nDCG@1_ci90_high,nDCG@1_ci95_low,nDCG@1_ci95_high,nDCG@3,nDCG@3_std,nDCG@3_stderr,nDCG@3_ci90_low,nDCG@3_ci90_high,nDCG@3_ci95_low,nDCG@3_ci95_high,nDCG@5,nDCG@5_std,nDCG@5_stderr,nDCG@5_ci90_low,nDCG@5_ci90_high,nDCG@5_ci95_low,nDCG@5_ci95_high,nDCG@10,nDCG@10_std,nDCG@10_stderr,nDCG@10_ci90_low,nDCG@10_ci90_high,nDCG@10_ci95_low,nDCG@10_ci95_high,nDCG@100,nDCG@100_std,nDCG@100_stderr,nDCG@100_ci90_low,nDCG@100_ci90_high,nDCG@100_ci95_low,nDCG@100_ci95_high,RR@1,RR@3,RR@5,RR@10,RR@100,P@1,P@3,P@5,P@10,P@100,R@1,R@3,R@5,R@10,R@100,AP
0.15026954177897575,0.35745588279935764,0.009279092377797855,0.1349972528478423,0.1655418307101092,0.13206799975419464,0.16847108380375686,0.22083241126494102,0.3739190394099619,0.009706454629675235,0.20485673459681858,0.23680808793306346,0.2017925704421047,0.23987225208777735,0.25165495617560635,0.3715291359760578,0.00964441582767387,0.23578138804035864,0.26752852431085405,0.23273680848996703,0.27057310386124567,0.28772272150152833,0.36114686782361105,0.009374905575043066,0.272292735376298,0.30315270762675867,0.2693332356709112,0.30611220733214545,0.34929354578699895,0.32463628723086535,0.008427138126277135,0.3354234728222098,0.3631636187517881,0.3327631673287482,0.3658239242452497,0.15026954177897575,0.20563791554357594,0.22292228212039505,0.23780403670902298,0.2492833181462093,0.15026954177897575,0.09366576819406981,0.07169811320754782,0.047574123989218516,0.007924528301886656,0.14678796046720574,0.2735287511230907,0.3479896675651392,0.4586141060197663,0.7534254267744833,0.245610166524516
