nDCG@1,nDCG@1_std,nDCG@1_stderr,nDCG@1_ci90_low,nDCG@1_ci90_high,nDCG@1_ci95_low,nDCG@1_ci95_high,nDCG@3,nDCG@3_std,nDCG@3_stderr,nDCG@3_ci90_low,nDCG@3_ci90_high,nDCG@3_ci95_low,nDCG@3_ci95_high,nDCG@5,nDCG@5_std,nDCG@5_stderr,nDCG@5_ci90_low,nDCG@5_ci90_high,nDCG@5_ci95_low,nDCG@5_ci95_high,nDCG@10,nDCG@10_std,nDCG@10_stderr,nDCG@10_ci90_low,nDCG@10_ci90_high,nDCG@10_ci95_low,nDCG@10_ci95_high,nDCG@100,nDCG@100_std,nDCG@100_stderr,nDCG@100_ci90_low,nDCG@100_ci90_high,nDCG@100_ci95_low,nDCG@100_ci95_high,RR@1,RR@3,RR@5,RR@10,RR@100,P@1,P@3,P@5,P@10,P@100,R@1,R@3,R@5,R@10,R@100,AP
0.1597035040431267,0.36645434358882595,0.009512680781126319,0.14404675621867194,0.17536025186758145,0.14104376320249398,0.1783632448837594,0.23952518453822616,0.3812709974744406,0.009897301951878311,0.22323539574278053,0.2558149733336718,0.22011098430458068,0.2589393847718716,0.2703094543344383,0.3778965466291363,0.009809705572507791,0.25416383882239146,0.28645506984648517,0.25106708008499645,0.2895518285838802,0.3041629404132531,0.3668498718430145,0.00952294818302191,0.2884892936592547,0.3198365871672515,0.28548305939732316,0.322842821429183,0.3651310557500208,0.3288975361293516,0.008537754636108189,0.3510789210889029,0.37918319041113874,0.3483836958273822,0.3818784156726594,0.1597035040431267,0.22338274932614546,0.2407008086253364,0.2547677876181916,0.2656593725193892,0.1597035040431267,0.1022012578616352,0.07681940700808697,0.04932614555256074,0.008092991913746492,0.15459344115004495,0.29767520215633425,0.3711253369272237,0.474337376460018,0.7698225516621742,0.261036679527752
