{
  "nDCG@1": 0.15700808625336926,
  "nDCG@1_std": 0.3639310323307161,
  "nDCG@1_stderr": 0.00944717888456058,
  "nDCG@1_ci90_low": 0.1414591468059798,
  "nDCG@1_ci90_high": 0.17255702570075873,
  "nDCG@1_ci95_low": 0.13847683163471844,
  "nDCG@1_ci95_high": 0.17553934087202008,
  "nDCG@3": 0.2368580619977329,
  "nDCG@3_std": 0.3794260597566754,
  "nDCG@3_stderr": 0.00984940975499975,
  "nDCG@3_ci90_low": 0.22064709809576782,
  "nDCG@3_ci90_high": 0.253069025899698,
  "nDCG@3_ci95_low": 0.21753780541704965,
  "nDCG@3_ci95_high": 0.25617831857841616,
  "nDCG@5": 0.26670677671055393,
  "nDCG@5_std": 0.3764036727388864,
  "nDCG@5_stderr": 0.009770952497226032,
  "nDCG@5_ci90_low": 0.2506249441784124,
  "nDCG@5_ci90_high": 0.28278860924269544,
  "nDCG@5_ci95_low": 0.2475404191338222,
  "nDCG@5_ci95_high": 0.28587313428728567,
  "nDCG@10": 0.2977356498130757,
  "nDCG@10_std": 0.3662822329945726,
  "nDCG@10_stderr": 0.009508213012710346,
  "nDCG@10_ci90_low": 0.2820862554071826,
  "nDCG@10_ci90_high": 0.31338504421896884,
  "nDCG@10_ci95_low": 0.2790846727902033,
  "nDCG@10_ci95_high": 0.3163866268359481,
  "nDCG@100": 0.3585052430925117,
  "nDCG@100_std": 0.3296479877792756,
  "nDCG@100_stderr": 0.008557235390292963,
  "nDCG@100_ci90_low": 0.344421045413332,
  "nDCG@100_ci90_high": 0.37258944077169137,
  "nDCG@100_ci95_low": 0.34171967040600226,
  "nDCG@100_ci95_high": 0.3752908157790211,
  "RR@1": 0.15700808625336926,
  "RR@3": 0.21945193171608257,
  "RR@5": 0.23609613656783426,
  "RR@10": 0.249195920506567,
  "RR@100": 0.2601877389958804,
  "P@1": 0.15700808625336926,
  "P@3": 0.10197663971248874,
  "P@5": 0.07628032345013548,
  "P@10": 0.04811320754716997,
  "P@100": 0.007944743935309837,
  "R@1": 0.15257187780772688,
  "R@3": 0.2966644204851752,
  "R@5": 0.3684299191374663,
  "R@10": 0.4632187780772687,
  "R@100": 0.7556716082659478,
  "AP": 0.2563768982526899
}