{
  "nDCG@1": 0.6731805929919138,
  "nDCG@1_std": 0.4692087337997418,
  "nDCG@1_stderr": 0.012180051846681179,
  "nDCG@1_ci90_low": 0.6531336677728282,
  "nDCG@1_ci90_high": 0.6932275182109994,
  "nDCG@1_ci95_low": 0.6492886306614349,
  "nDCG@1_ci95_high": 0.6970725553223927,
  "nDCG@3": 0.7496114309044657,
  "nDCG@3_std": 0.38936092800447664,
  "nDCG@3_stderr": 0.010107306084780797,
  "nDCG@3_ci90_low": 0.7329760001363103,
  "nDCG@3_ci90_high": 0.7662468616726211,
  "nDCG@3_ci95_low": 0.7297852939323146,
  "nDCG@3_ci95_high": 0.7694375678766168,
  "nDCG@5": 0.7703709040320778,
  "nDCG@5_std": 0.3610057110179825,
  "nDCG@5_stderr": 0.009371241326943624,
  "nDCG@5_ci90_low": 0.7549469488259731,
  "nDCG@5_ci90_high": 0.7857948592381824,
  "nDCG@5_ci95_low": 0.7519886058619618,
  "nDCG@5_ci95_high": 0.7887532022021937,
  "nDCG@10": 0.79030729908594,
  "nDCG@10_std": 0.3266231603821212,
  "nDCG@10_stderr": 0.008478714783427349,
  "nDCG@10_ci90_low": 0.776352337041699,
  "nDCG@10_ci90_high": 0.804262261130181,
  "nDCG@10_ci95_low": 0.773675749666738,
  "nDCG@10_ci95_high": 0.806938848505142,
  "nDCG@100": 0.8072949680251057,
  "nDCG@100_std": 0.290460022535438,
  "nDCG@100_stderr": 0.007539966498960693,
  "nDCG@100_ci90_low": 0.7948850746632592,
  "nDCG@100_ci90_high": 0.8197048613869522,
  "nDCG@100_ci95_low": 0.7925048343020438,
  "nDCG@100_ci95_high": 0.8220851017481676,
  "RR@1": 0.6725067385444744,
  "RR@3": 0.736522911051213,
  "RR@5": 0.7469339622641518,
  "RR@10": 0.7549670025242805,
  "RR@100": 0.7585157616421568,
  "P@1": 0.6731805929919138,
  "P@3": 0.28167115902964573,
  "P@5": 0.18032345013476697,
  "P@10": 0.09663072776280097,
  "P@100": 0.010478436657681754,
  "R@1": 0.6523472596585803,
  "R@3": 0.8025606469002695,
  "R@5": 0.8517520215633423,
  "R@10": 0.9112758310871518,
  "R@100": 0.985624438454627,
  "AP": 0.7533022002563189
}