nDCG@1,nDCG@1_std,nDCG@1_stderr,nDCG@1_ci90_low,nDCG@1_ci90_high,nDCG@1_ci95_low,nDCG@1_ci95_high,nDCG@3,nDCG@3_std,nDCG@3_stderr,nDCG@3_ci90_low,nDCG@3_ci90_high,nDCG@3_ci95_low,nDCG@3_ci95_high,nDCG@5,nDCG@5_std,nDCG@5_stderr,nDCG@5_ci90_low,nDCG@5_ci90_high,nDCG@5_ci95_low,nDCG@5_ci95_high,nDCG@10,nDCG@10_std,nDCG@10_stderr,nDCG@10_ci90_low,nDCG@10_ci90_high,nDCG@10_ci95_low,nDCG@10_ci95_high,nDCG@100,nDCG@100_std,nDCG@100_stderr,nDCG@100_ci90_low,nDCG@100_ci90_high,nDCG@100_ci95_low,nDCG@100_ci95_high,RR@1,RR@3,RR@5,RR@10,RR@100,P@1,P@3,P@5,P@10,P@100,R@1,R@3,R@5,R@10,R@100,AP
0.683288409703504,0.46535070958735025,0.012079902528163301,0.6634063184214446,0.7031705009855634,0.6595928967622043,0.7069839226448037,0.7615785293354391,0.38161837644691826,0.00990631946069781,0.7452738987866707,0.7778831598842075,0.7421466406728984,0.7810104179979799,0.78196210112124,0.3509341449755578,0.009109796499221464,0.7669684531893766,0.7969557490531034,0.764092643951644,0.799831558290836,0.799936717583991,0.3188599649591422,0.008277192271299178,0.7863134377674982,0.8135599974004838,0.7837004676535856,0.8161729675143964,0.8157330463236029,0.28395476698640654,0.007371098478918825,0.8036010897564668,0.8278650028907389,0.8012741581834374,0.8301919344637684,0.683288409703504,0.7466307277628034,0.7576819407008094,0.7648074166773632,0.7682040036008615,0.683288409703504,0.2877358490565998,0.18315363881401212,0.0975067385444721,0.010505390835579326,0.6617812219227313,0.8167677448337826,0.8660152740341418,0.9198674752920035,0.9879829290206648,0.7632745799037213
