{
  "nDCG@1": 0.6664420485175202,
  "nDCG@1_std": 0.47164281118876045,
  "nDCG@1_stderr": 0.012243237347421953,
  "nDCG@1_ci90_low": 0.6462911274350159,
  "nDCG@1_ci90_high": 0.6865929696000245,
  "nDCG@1_ci95_low": 0.6424261437258323,
  "nDCG@1_ci95_high": 0.6904579533092081,
  "nDCG@3": 0.7387498619881613,
  "nDCG@3_std": 0.39748337152100505,
  "nDCG@3_stderr": 0.01031815421275976,
  "nDCG@3_ci90_low": 0.7217674001311907,
  "nDCG@3_ci90_high": 0.7557323238451319,
  "nDCG@3_ci95_low": 0.7185101327263765,
  "nDCG@3_ci95_high": 0.758989591249946,
  "nDCG@5": 0.7605400238200254,
  "nDCG@5_std": 0.3686638863893599,
  "nDCG@5_stderr": 0.009570037654366982,
  "nDCG@5_ci90_low": 0.7447888733638635,
  "nDCG@5_ci90_high": 0.7762911742761873,
  "nDCG@5_ci95_low": 0.7417677737493739,
  "nDCG@5_ci95_high": 0.7793122738906769,
  "nDCG@10": 0.781479340515951,
  "nDCG@10_std": 0.3337692208816545,
  "nDCG@10_stderr": 0.008664217271155943,
  "nDCG@10_ci90_low": 0.76721906330998,
  "nDCG@10_ci90_high": 0.795739617721922,
  "nDCG@10_ci95_low": 0.7644839159257062,
  "nDCG@10_ci95_high": 0.7984747651061959,
  "nDCG@100": 0.7999166482489506,
  "nDCG@100_std": 0.29601113062135637,
  "nDCG@100_stderr": 0.007684066084971113,
  "nDCG@100_ci90_low": 0.7872695840062889,
  "nDCG@100_ci90_high": 0.8125637124916123,
  "nDCG@100_ci95_low": 0.7848438538341169,
  "nDCG@100_ci95_high": 0.8149894426637843,
  "RR@1": 0.6657681940700808,
  "RR@3": 0.7261904761904765,
  "RR@5": 0.7374775381850862,
  "RR@10": 0.7460087494117148,
  "RR@100": 0.7498066861230868,
  "P@1": 0.6664420485175202,
  "P@3": 0.2774034141958634,
  "P@5": 0.17789757412398538,
  "P@10": 0.09582210242587379,
  "P@100": 0.01047169811320736,
  "R@1": 0.6456087151841868,
  "R@3": 0.7900943396226415,
  "R@5": 0.8416442048517521,
  "R@10": 0.9042003593890385,
  "R@100": 0.9849505840071877,
  "AP": 0.7443361391408467
}