{
  "nDCG@1": 0.6469002695417789,
  "nDCG@1_std": 0.47809448505694907,
  "nDCG@1_stderr": 0.01241071445633262,
  "nDCG@1_ci90_low": 0.6264737009398303,
  "nDCG@1_ci90_high": 0.6673268381437275,
  "nDCG@1_ci95_low": 0.6225558475296654,
  "nDCG@1_ci95_high": 0.6712446915538924,
  "nDCG@3": 0.7303359915463714,
  "nDCG@3_std": 0.3974847966758928,
  "nDCG@3_stderr": 0.010318191207937326,
  "nDCG@3_ci90_low": 0.7133534687997127,
  "nDCG@3_ci90_high": 0.7473185142930301,
  "nDCG@3_ci95_low": 0.7100961897161444,
  "nDCG@3_ci95_high": 0.7505757933765984,
  "nDCG@5": 0.7531637300879329,
  "nDCG@5_std": 0.3669077062897605,
  "nDCG@5_stderr": 0.009524449490455354,
  "nDCG@5_ci90_low": 0.7374876123594076,
  "nDCG@5_ci90_high": 0.7688398478164582,
  "nDCG@5_ci95_low": 0.7344809041600192,
  "nDCG@5_ci95_high": 0.7718465560158466,
  "nDCG@10": 0.7708116826260446,
  "nDCG@10_std": 0.3382772466371663,
  "nDCG@10_stderr": 0.00878123978900989,
  "nDCG@10_ci90_low": 0.7563588001919599,
  "nDCG@10_ci90_high": 0.7852645650601293,
  "nDCG@10_ci95_low": 0.7535867107708474,
  "nDCG@10_ci95_high": 0.7880366544812418,
  "nDCG@100": 0.7899697172796846,
  "nDCG@100_std": 0.3001406576165836,
  "nDCG@100_stderr": 0.00779126326456497,
  "nDCG@100_ci90_low": 0.7771462191539765,
  "nDCG@100_ci90_high": 0.8027932154053926,
  "nDCG@100_ci95_low": 0.7746866486386794,
  "nDCG@100_ci95_high": 0.8052527859206897,
  "RR@1": 0.6469002695417789,
  "RR@3": 0.714398023360288,
  "RR@5": 0.7266284815813128,
  "RR@10": 0.7336010032944,
  "RR@100": 0.7376913748384494,
  "P@1": 0.6469002695417789,
  "P@3": 0.27807726864330273,
  "P@5": 0.1787061994609126,
  "P@10": 0.0952156334231784,
  "P@100": 0.010417789757412213,
  "R@1": 0.6264038634321653,
  "R@3": 0.7899820305480683,
  "R@5": 0.8446765498652291,
  "R@10": 0.897911051212938,
  "R@100": 0.9801774483378258,
  "AP": 0.7325085231178913
}