nDCG@1,nDCG@1_std,nDCG@1_stderr,nDCG@1_ci90_low,nDCG@1_ci90_high,nDCG@1_ci95_low,nDCG@1_ci95_high,nDCG@3,nDCG@3_std,nDCG@3_stderr,nDCG@3_ci90_low,nDCG@3_ci90_high,nDCG@3_ci95_low,nDCG@3_ci95_high,nDCG@5,nDCG@5_std,nDCG@5_stderr,nDCG@5_ci90_low,nDCG@5_ci90_high,nDCG@5_ci95_low,nDCG@5_ci95_high,nDCG@10,nDCG@10_std,nDCG@10_stderr,nDCG@10_ci90_low,nDCG@10_ci90_high,nDCG@10_ci95_low,nDCG@10_ci95_high,nDCG@100,nDCG@100_std,nDCG@100_stderr,nDCG@100_ci90_low,nDCG@100_ci90_high,nDCG@100_ci95_low,nDCG@100_ci95_high,RR@1,RR@3,RR@5,RR@10,RR@100,P@1,P@3,P@5,P@10,P@100,R@1,R@3,R@5,R@10,R@100,AP
0.6563342318059299,0.4750912594457717,0.012332754603890843,0.6360359759034396,0.6766324877084201,0.6321427331049216,0.6805257305069381,0.738554768983972,0.393243565259585,0.010208094326052663,0.721753452687481,0.7553560852804629,0.7185309293341858,0.7585786086337581,0.7611604165249176,0.3619855819777414,0.009396677509676774,0.7456945963695065,0.7766262366803287,0.7427282236312537,0.7795926094185816,0.7796373945969871,0.3315994603239167,0.00860789309348322,0.7654698203279202,0.793804968866054,0.7627524535373701,0.7965223356566041,0.7971268920508018,0.2952334648358132,0.007663878887024904,0.784513053549106,0.8097407305524975,0.7820936961351338,0.8121600879664698,0.6563342318059299,0.7229335130278532,0.7350965858041338,0.7422247358062727,0.7459783193404498,0.6563342318059299,0.28077268643306,0.18005390835579124,0.0962264150943374,0.010444743935309786,0.6351639712488769,0.7973944294699011,0.8514150943396226,0.906895777178796,0.9828728661275832,0.74076828237396
