{
  "nDCG@1": 0.6893530997304582,
  "nDCG@1_std": 0.4629144670020279,
  "nDCG@1_stderr": 0.012016660821726985,
  "nDCG@1_ci90_low": 0.6695750968197468,
  "nDCG@1_ci90_high": 0.7091311026411696,
  "nDCG@1_ci95_low": 0.6657816395014878,
  "nDCG@1_ci95_high": 0.7129245599594286,
  "nDCG@3": 0.7622656187242834,
  "nDCG@3_std": 0.38264665330518527,
  "nDCG@3_stderr": 0.009933012197947197,
  "nDCG@3_ci90_low": 0.7459170550860449,
  "nDCG@3_ci90_high": 0.778614182362522,
  "nDCG@3_ci95_low": 0.7427813705249454,
  "nDCG@3_ci95_high": 0.7817498669236215,
  "nDCG@5": 0.7820314329684827,
  "nDCG@5_std": 0.35416370256281077,
  "nDCG@5_stderr": 0.009193631637020437,
  "nDCG@5_ci90_low": 0.7668998023121331,
  "nDCG@5_ci90_high": 0.7971630636248322,
  "nDCG@5_ci95_low": 0.763997527734176,
  "nDCG@5_ci95_high": 0.8000653382027894,
  "nDCG@10": 0.8011526533924275,
  "nDCG@10_std": 0.3198081703972528,
  "nDCG@10_stderr": 0.008301806458047076,
  "nDCG@10_ci90_low": 0.7874888615348306,
  "nDCG@10_ci90_high": 0.8148164452500244,
  "nDCG@10_ci95_low": 0.7848681211369566,
  "nDCG@10_ci95_high": 0.8174371856478984,
  "nDCG@100": 0.8170060866555161,
  "nDCG@100_std": 0.285006203009636,
  "nDCG@100_stderr": 0.007398392398136172,
  "nDCG@100_ci90_low": 0.8048292075244721,
  "nDCG@100_ci90_high": 0.8291829657865601,
  "nDCG@100_ci95_low": 0.8024936597210992,
  "nDCG@100_ci95_high": 0.831518513589933,
  "RR@1": 0.6893530997304582,
  "RR@3": 0.7493261455525608,
  "RR@5": 0.7595687331536395,
  "RR@10": 0.7673969430539511,
  "RR@100": 0.7707559705927266,
  "P@1": 0.6893530997304582,
  "P@3": 0.28638814016172115,
  "P@5": 0.18234501347708496,
  "P@10": 0.09737196765498422,
  "P@100": 0.010498652291104934,
  "R@1": 0.6671720575022462,
  "R@3": 0.8138477088948787,
  "R@5": 0.8611859838274932,
  "R@10": 0.9186882300089847,
  "R@100": 0.9873090745732254,
  "AP": 0.765167888794269
}