nDCG@1,nDCG@1_std,nDCG@1_stderr,nDCG@1_ci90_low,nDCG@1_ci90_high,nDCG@1_ci95_low,nDCG@1_ci95_high,nDCG@3,nDCG@3_std,nDCG@3_stderr,nDCG@3_ci90_low,nDCG@3_ci90_high,nDCG@3_ci95_low,nDCG@3_ci95_high,nDCG@5,nDCG@5_std,nDCG@5_stderr,nDCG@5_ci90_low,nDCG@5_ci90_high,nDCG@5_ci95_low,nDCG@5_ci95_high,nDCG@10,nDCG@10_std,nDCG@10_stderr,nDCG@10_ci90_low,nDCG@10_ci90_high,nDCG@10_ci95_low,nDCG@10_ci95_high,nDCG@100,nDCG@100_std,nDCG@100_stderr,nDCG@100_ci90_low,nDCG@100_ci90_high,nDCG@100_ci95_low,nDCG@100_ci95_high,RR@1,RR@3,RR@5,RR@10,RR@100,P@1,P@3,P@5,P@10,P@100,R@1,R@3,R@5,R@10,R@100,AP
0.671832884097035,0.4697042975580219,0.012192916040875322,0.6517647859353167,0.6919009822587533,0.647915687814602,0.6957500803794681,0.7538954950948653,0.384651067778393,0.009985044205127028,0.737461292924865,0.7703296972648657,0.7343091827359352,0.7734818074537955,0.7753962826561557,0.353591497182234,0.009178777925441084,0.7602890994528224,0.7905034658594889,0.757391513941298,0.7934010513710134,0.7934190286652941,0.3222289178264071,0.008364645930270975,0.7796518104663042,0.8071862468642841,0.7770112327060116,0.8098268246245767,0.8095232280764061,0.28723404658411594,0.007456224335797934,0.7972511644137874,0.8217952917390248,0.7948973600422709,0.8241490961105413,0.671832884097035,0.7389937106918241,0.7503481581311777,0.7573971569759983,0.7608580100108046,0.671832884097035,0.2852650494159889,0.18221024258759708,0.09716981132075245,0.010478436657681754,0.6506626235399819,0.8105345911949685,0.8619721473495058,0.9158243486073674,0.9852875112309074,0.75575760476538
