nDCG@1,nDCG@1_std,nDCG@1_stderr,nDCG@1_ci90_low,nDCG@1_ci90_high,nDCG@1_ci95_low,nDCG@1_ci95_high,nDCG@3,nDCG@3_std,nDCG@3_stderr,nDCG@3_ci90_low,nDCG@3_ci90_high,nDCG@3_ci95_low,nDCG@3_ci95_high,nDCG@5,nDCG@5_std,nDCG@5_stderr,nDCG@5_ci90_low,nDCG@5_ci90_high,nDCG@5_ci95_low,nDCG@5_ci95_high,nDCG@10,nDCG@10_std,nDCG@10_stderr,nDCG@10_ci90_low,nDCG@10_ci90_high,nDCG@10_ci95_low,nDCG@10_ci95_high,nDCG@100,nDCG@100_std,nDCG@100_stderr,nDCG@100_ci90_low,nDCG@100_ci90_high,nDCG@100_ci95_low,nDCG@100_ci95_high,RR@1,RR@3,RR@5,RR@10,RR@100,P@1,P@3,P@5,P@10,P@100,R@1,R@3,R@5,R@10,R@100,AP
0.6179245283018868,0.4860586443665333,0.012617453731026866,0.5971576912978154,0.6386913653059583,0.5931745737825721,0.6426744828212015,0.6988677575930242,0.412084268790411,0.010697174620818345,0.6812614729582444,0.7164740422278041,0.6778845551978073,0.7198509599882411,0.7207806996158649,0.38658191927798047,0.010035166612659314,0.7042640018893391,0.7372973973423906,0.7010960689010075,0.7404653303307223,0.7413168091067911,0.35745302705314685,0.009279018246319895,0.7260446421873054,0.7565889760262768,0.7231154124957161,0.7595182057178661,0.7634554588843688,0.31761124576270805,0.008244777136074936,0.7498855305478194,0.7770253872209183,0.7472827933458416,0.7796281244228961,0.6179245283018868,0.6850853548966763,0.6963724168912859,0.7043931566337237,0.7088609906587264,0.6179245283018868,0.2648247978436628,0.17048517520215276,0.09211590296495747,0.010316711590296311,0.6002920035938905,0.7584793351302784,0.8107592093441149,0.8717991913746631,0.9694519317160826,0.7017233026237851
