nDCG@1,nDCG@1_std,nDCG@1_stderr,nDCG@1_ci90_low,nDCG@1_ci90_high,nDCG@1_ci95_low,nDCG@1_ci95_high,nDCG@3,nDCG@3_std,nDCG@3_stderr,nDCG@3_ci90_low,nDCG@3_ci90_high,nDCG@3_ci95_low,nDCG@3_ci95_high,nDCG@5,nDCG@5_std,nDCG@5_stderr,nDCG@5_ci90_low,nDCG@5_ci90_high,nDCG@5_ci95_low,nDCG@5_ci95_high,nDCG@10,nDCG@10_std,nDCG@10_stderr,nDCG@10_ci90_low,nDCG@10_ci90_high,nDCG@10_ci95_low,nDCG@10_ci95_high,nDCG@100,nDCG@100_std,nDCG@100_stderr,nDCG@100_ci90_low,nDCG@100_ci90_high,nDCG@100_ci95_low,nDCG@100_ci95_high,RR@1,RR@3,RR@5,RR@10,RR@100,P@1,P@3,P@5,P@10,P@100,R@1,R@3,R@5,R@10,R@100,AP
0.610512129380054,0.48779853544385243,0.012662619052988607,0.5896709555962003,0.6313533031639076,0.5856735801499336,0.6353506786101742,0.6912878348311365,0.41623045343356513,0.010804804211407093,0.6735044046159393,0.7090712650463338,0.6700935100075129,0.7124821596547601,0.7161247851364777,0.38824768623482075,0.010078407768326851,0.6995369175803842,0.7327126526925712,0.6963553340879025,0.7358942361850529,0.7376439651905059,0.35778792476894117,0.00928771175785937,0.7223574897789122,0.7529304406020996,0.7194255156922318,0.75586241468878,0.7599956310519331,0.3174470157738672,0.00824051393798256,0.7464327194353803,0.773558542668486,0.7438313280531974,0.7761599340506689,0.6098382749326146,0.6782345013477095,0.690498652291106,0.6990074017028199,0.7035704705908041,0.610512129380054,0.26145552560646607,0.17008086253368915,0.09225067385444534,0.01033692722371949,0.5928796046720576,0.7494384546271338,0.8083445642407906,0.8721361185983828,0.9714734950584006,0.6968505562633242
