{
  "nDCG@1": 0.610512129380054,
  "nDCG@1_std": 0.48779853544385243,
  "nDCG@1_stderr": 0.012662619052988607,
  "nDCG@1_ci90_low": 0.5896709555962003,
  "nDCG@1_ci90_high": 0.6313533031639076,
  "nDCG@1_ci95_low": 0.5856735801499336,
  "nDCG@1_ci95_high": 0.6353506786101742,
  "nDCG@3": 0.6912878348311365,
  "nDCG@3_std": 0.41623045343356513,
  "nDCG@3_stderr": 0.010804804211407093,
  "nDCG@3_ci90_low": 0.6735044046159393,
  "nDCG@3_ci90_high": 0.7090712650463338,
  "nDCG@3_ci95_low": 0.6700935100075129,
  "nDCG@3_ci95_high": 0.7124821596547601,
  "nDCG@5": 0.7161247851364777,
  "nDCG@5_std": 0.38824768623482075,
  "nDCG@5_stderr": 0.010078407768326851,
  "nDCG@5_ci90_low": 0.6995369175803842,
  "nDCG@5_ci90_high": 0.7327126526925712,
  "nDCG@5_ci95_low": 0.6963553340879025,
  "nDCG@5_ci95_high": 0.7358942361850529,
  "nDCG@10": 0.7376439651905059,
  "nDCG@10_std": 0.35778792476894117,
  "nDCG@10_stderr": 0.00928771175785937,
  "nDCG@10_ci90_low": 0.7223574897789122,
  "nDCG@10_ci90_high": 0.7529304406020996,
  "nDCG@10_ci95_low": 0.7194255156922318,
  "nDCG@10_ci95_high": 0.75586241468878,
  "nDCG@100": 0.7599956310519331,
  "nDCG@100_std": 0.3174470157738672,
  "nDCG@100_stderr": 0.00824051393798256,
  "nDCG@100_ci90_low": 0.7464327194353803,
  "nDCG@100_ci90_high": 0.773558542668486,
  "nDCG@100_ci95_low": 0.7438313280531974,
  "nDCG@100_ci95_high": 0.7761599340506689,
  "RR@1": 0.6098382749326146,
  "RR@3": 0.6782345013477095,
  "RR@5": 0.690498652291106,
  "RR@10": 0.6990074017028199,
  "RR@100": 0.7035704705908041,
  "P@1": 0.610512129380054,
  "P@3": 0.26145552560646607,
  "P@5": 0.17008086253368915,
  "P@10": 0.09225067385444534,
  "P@100": 0.01033692722371949,
  "R@1": 0.5928796046720576,
  "R@3": 0.7494384546271338,
  "R@5": 0.8083445642407906,
  "R@10": 0.8721361185983828,
  "R@100": 0.9714734950584006,
  "AP": 0.6968505562633242
}