nDCG@1,nDCG@1_std,nDCG@1_stderr,nDCG@1_ci90_low,nDCG@1_ci90_high,nDCG@1_ci95_low,nDCG@1_ci95_high,nDCG@3,nDCG@3_std,nDCG@3_stderr,nDCG@3_ci90_low,nDCG@3_ci90_high,nDCG@3_ci95_low,nDCG@3_ci95_high,nDCG@5,nDCG@5_std,nDCG@5_stderr,nDCG@5_ci90_low,nDCG@5_ci90_high,nDCG@5_ci95_low,nDCG@5_ci95_high,nDCG@10,nDCG@10_std,nDCG@10_stderr,nDCG@10_ci90_low,nDCG@10_ci90_high,nDCG@10_ci95_low,nDCG@10_ci95_high,nDCG@100,nDCG@100_std,nDCG@100_stderr,nDCG@100_ci90_low,nDCG@100_ci90_high,nDCG@100_ci95_low,nDCG@100_ci95_high,RR@1,RR@3,RR@5,RR@10,RR@100,P@1,P@3,P@5,P@10,P@100,R@1,R@3,R@5,R@10,R@100,AP
0.4777628032345013,0.4996736443394127,0.012970881520444382,0.45641426587693507,0.4991113405920676,0.4523195771644905,0.5032060293045122,0.5578549606814732,0.45532531204551024,0.011819656175001176,0.538401204126232,0.5773087172367144,0.5346699378550485,0.581039983507898,0.585465209209239,0.4338386179554607,0.01126188938768839,0.5669294708378034,0.6040009475806745,0.5633742821419632,0.6075561362765147,0.6098473381283838,0.41008209466878565,0.010645200770267881,0.59232659630643,0.6273680799503375,0.5889660858147554,0.6307285904420121,0.6486927543355916,0.3596621886322007,0.009336365223544014,0.6333262010720719,0.6640593075991112,0.6303788679061765,0.6670066407650067,0.477088948787062,0.5429020664869728,0.5578279424977547,0.5675477580969501,0.5751635329653834,0.4777628032345013,0.21518418688229954,0.14353099730457997,0.0798517520215618,0.009946091644204673,0.46316262353998205,0.6178122192273137,0.6841868823000898,0.757524707996406,0.9354222821203952,0.5685939236433222
