nDCG@1,nDCG@1_std,nDCG@1_stderr,nDCG@1_ci90_low,nDCG@1_ci90_high,nDCG@1_ci95_low,nDCG@1_ci95_high,nDCG@3,nDCG@3_std,nDCG@3_stderr,nDCG@3_ci90_low,nDCG@3_ci90_high,nDCG@3_ci95_low,nDCG@3_ci95_high,nDCG@5,nDCG@5_std,nDCG@5_stderr,nDCG@5_ci90_low,nDCG@5_ci90_high,nDCG@5_ci95_low,nDCG@5_ci95_high,nDCG@10,nDCG@10_std,nDCG@10_stderr,nDCG@10_ci90_low,nDCG@10_ci90_high,nDCG@10_ci95_low,nDCG@10_ci95_high,nDCG@100,nDCG@100_std,nDCG@100_stderr,nDCG@100_ci90_low,nDCG@100_ci90_high,nDCG@100_ci95_low,nDCG@100_ci95_high,RR@1,RR@3,RR@5,RR@10,RR@100,P@1,P@3,P@5,P@10,P@100,R@1,R@3,R@5,R@10,R@100,AP
0.601078167115903,0.48984170102712576,0.01271565698886438,0.5801496991605909,0.6220066350712151,0.5761355805317565,0.6260207537000495,0.682336175394969,0.4211302724082269,0.01093199717447799,0.6643434006013437,0.7003289501885944,0.6608923533179146,0.7037799974720235,0.7032914899146275,0.39768508958870724,0.010323390552891642,0.6863004096609238,0.7202825701683313,0.6830414892317721,0.723541490597483,0.7224402135224259,0.3717533180427007,0.009650235304162924,0.7065570672169489,0.738323359827903,0.7035106505558987,0.7413697764889532,0.7468888356114615,0.33063244006947395,0.00858279049843875,0.7327625772458074,0.7610150939771155,0.7300531349214874,0.7637245363014356,0.601078167115903,0.6679020664869726,0.6791891284815823,0.6867301480340573,0.6916103875714655,0.601078167115903,0.25920934411500174,0.16671159029649257,0.08969002695417592,0.01017520215633405,0.5844564240790656,0.7412960467205749,0.7912174303683737,0.8492250673854448,0.9566486972147349,0.684838110766517
