{
  "nDCG@1": 0.5080862533692723,
  "nDCG@1_std": 0.5001031349866194,
  "nDCG@1_stderr": 0.012982030542135174,
  "nDCG@1_ci90_low": 0.48671936604021865,
  "nDCG@1_ci90_high": 0.5294531406983259,
  "nDCG@1_ci95_low": 0.4826211577695081,
  "nDCG@1_ci95_high": 0.5335513489690364,
  "nDCG@3": 0.5927440457565021,
  "nDCG@3_std": 0.44796351484241687,
  "nDCG@3_stderr": 0.011628553441485777,
  "nDCG@3_ci90_low": 0.5736048217054054,
  "nDCG@3_ci90_high": 0.6118832698075988,
  "nDCG@3_ci95_low": 0.5699338833467549,
  "nDCG@3_ci95_high": 0.6155542081662493,
  "nDCG@5": 0.6198812592165928,
  "nDCG@5_std": 0.42427620494827795,
  "nDCG@5_stderr": 0.011013661514213695,
  "nDCG@5_ci90_low": 0.601754074575427,
  "nDCG@5_ci90_high": 0.6380084438577586,
  "nDCG@5_ci95_low": 0.5982772472361397,
  "nDCG@5_ci95_high": 0.6414852711970458,
  "nDCG@10": 0.6440620686400971,
  "nDCG@10_std": 0.39801072037364804,
  "nDCG@10_stderr": 0.01033184350689217,
  "nDCG@10_ci90_low": 0.6270570758235519,
  "nDCG@10_ci90_high": 0.6610670614566423,
  "nDCG@10_ci95_low": 0.6237954869392702,
  "nDCG@10_ci95_high": 0.6643286503409239,
  "nDCG@100": 0.6798561237667212,
  "nDCG@100_std": 0.3476275074571737,
  "nDCG@100_stderr": 0.009023960466106852,
  "nDCG@100_ci90_low": 0.6650037517964557,
  "nDCG@100_ci90_high": 0.6947084957369868,
  "nDCG@100_ci95_low": 0.66215503954788,
  "nDCG@100_ci95_high": 0.6975572079855624,
  "RR@1": 0.5080862533692723,
  "RR@3": 0.5779424977538191,
  "RR@5": 0.5925314465408812,
  "RR@10": 0.602197246823258,
  "RR@100": 0.6093010234279815,
  "P@1": 0.5080862533692723,
  "P@3": 0.22731356693620716,
  "P@5": 0.1508086253369246,
  "P@10": 0.08335579514824626,
  "P@100": 0.010121293800538902,
  "R@1": 0.49314914645103325,
  "R@3": 0.6542003593890388,
  "R@5": 0.7188903863432164,
  "R@10": 0.7918912848158131,
  "R@100": 0.9526055705300988,
  "AP": 0.6022532709173956
}