{
  "nDCG@1": 0.601078167115903,
  "nDCG@1_std": 0.48984170102712576,
  "nDCG@1_stderr": 0.01271565698886438,
  "nDCG@1_ci90_low": 0.5801496991605909,
  "nDCG@1_ci90_high": 0.6220066350712151,
  "nDCG@1_ci95_low": 0.5761355805317565,
  "nDCG@1_ci95_high": 0.6260207537000495,
  "nDCG@3": 0.682336175394969,
  "nDCG@3_std": 0.4211302724082269,
  "nDCG@3_stderr": 0.01093199717447799,
  "nDCG@3_ci90_low": 0.6643434006013437,
  "nDCG@3_ci90_high": 0.7003289501885944,
  "nDCG@3_ci95_low": 0.6608923533179146,
  "nDCG@3_ci95_high": 0.7037799974720235,
  "nDCG@5": 0.7032914899146275,
  "nDCG@5_std": 0.39768508958870724,
  "nDCG@5_stderr": 0.010323390552891642,
  "nDCG@5_ci90_low": 0.6863004096609238,
  "nDCG@5_ci90_high": 0.7202825701683313,
  "nDCG@5_ci95_low": 0.6830414892317721,
  "nDCG@5_ci95_high": 0.723541490597483,
  "nDCG@10": 0.7224402135224259,
  "nDCG@10_std": 0.3717533180427007,
  "nDCG@10_stderr": 0.009650235304162924,
  "nDCG@10_ci90_low": 0.7065570672169489,
  "nDCG@10_ci90_high": 0.738323359827903,
  "nDCG@10_ci95_low": 0.7035106505558987,
  "nDCG@10_ci95_high": 0.7413697764889532,
  "nDCG@100": 0.7468888356114615,
  "nDCG@100_std": 0.33063244006947395,
  "nDCG@100_stderr": 0.00858279049843875,
  "nDCG@100_ci90_low": 0.7327625772458074,
  "nDCG@100_ci90_high": 0.7610150939771155,
  "nDCG@100_ci95_low": 0.7300531349214874,
  "nDCG@100_ci95_high": 0.7637245363014356,
  "RR@1": 0.601078167115903,
  "RR@3": 0.6679020664869726,
  "RR@5": 0.6791891284815823,
  "RR@10": 0.6867301480340573,
  "RR@100": 0.6916103875714655,
  "P@1": 0.601078167115903,
  "P@3": 0.25920934411500174,
  "P@5": 0.16671159029649257,
  "P@10": 0.08969002695417592,
  "P@100": 0.01017520215633405,
  "R@1": 0.5844564240790656,
  "R@3": 0.7412960467205749,
  "R@5": 0.7912174303683737,
  "R@10": 0.8492250673854448,
  "R@100": 0.9566486972147349,
  "AP": 0.684838110766517
}