{
  "nDCG@1": 0.6179245283018868,
  "nDCG@1_std": 0.4860586443665333,
  "nDCG@1_stderr": 0.012617453731026866,
  "nDCG@1_ci90_low": 0.5971576912978154,
  "nDCG@1_ci90_high": 0.6386913653059583,
  "nDCG@1_ci95_low": 0.5931745737825721,
  "nDCG@1_ci95_high": 0.6426744828212015,
  "nDCG@3": 0.6988677575930242,
  "nDCG@3_std": 0.412084268790411,
  "nDCG@3_stderr": 0.010697174620818345,
  "nDCG@3_ci90_low": 0.6812614729582444,
  "nDCG@3_ci90_high": 0.7164740422278041,
  "nDCG@3_ci95_low": 0.6778845551978073,
  "nDCG@3_ci95_high": 0.7198509599882411,
  "nDCG@5": 0.7207806996158649,
  "nDCG@5_std": 0.38658191927798047,
  "nDCG@5_stderr": 0.010035166612659314,
  "nDCG@5_ci90_low": 0.7042640018893391,
  "nDCG@5_ci90_high": 0.7372973973423906,
  "nDCG@5_ci95_low": 0.7010960689010075,
  "nDCG@5_ci95_high": 0.7404653303307223,
  "nDCG@10": 0.7413168091067911,
  "nDCG@10_std": 0.35745302705314685,
  "nDCG@10_stderr": 0.009279018246319895,
  "nDCG@10_ci90_low": 0.7260446421873054,
  "nDCG@10_ci90_high": 0.7565889760262768,
  "nDCG@10_ci95_low": 0.7231154124957161,
  "nDCG@10_ci95_high": 0.7595182057178661,
  "nDCG@100": 0.7634554588843688,
  "nDCG@100_std": 0.31761124576270805,
  "nDCG@100_stderr": 0.008244777136074936,
  "nDCG@100_ci90_low": 0.7498855305478194,
  "nDCG@100_ci90_high": 0.7770253872209183,
  "nDCG@100_ci95_low": 0.7472827933458416,
  "nDCG@100_ci95_high": 0.7796281244228961,
  "RR@1": 0.6179245283018868,
  "RR@3": 0.6850853548966763,
  "RR@5": 0.6963724168912859,
  "RR@10": 0.7043931566337237,
  "RR@100": 0.7088609906587264,
  "P@1": 0.6179245283018868,
  "P@3": 0.2648247978436628,
  "P@5": 0.17048517520215276,
  "P@10": 0.09211590296495747,
  "P@100": 0.010316711590296311,
  "R@1": 0.6002920035938905,
  "R@3": 0.7584793351302784,
  "R@5": 0.8107592093441149,
  "R@10": 0.8717991913746631,
  "R@100": 0.9694519317160826,
  "AP": 0.7017233026237851
}