nDCG@1,nDCG@1_std,nDCG@1_stderr,nDCG@1_ci90_low,nDCG@1_ci90_high,nDCG@1_ci95_low,nDCG@1_ci95_high,nDCG@3,nDCG@3_std,nDCG@3_stderr,nDCG@3_ci90_low,nDCG@3_ci90_high,nDCG@3_ci95_low,nDCG@3_ci95_high,nDCG@5,nDCG@5_std,nDCG@5_stderr,nDCG@5_ci90_low,nDCG@5_ci90_high,nDCG@5_ci95_low,nDCG@5_ci95_high,nDCG@10,nDCG@10_std,nDCG@10_stderr,nDCG@10_ci90_low,nDCG@10_ci90_high,nDCG@10_ci95_low,nDCG@10_ci95_high,nDCG@100,nDCG@100_std,nDCG@100_stderr,nDCG@100_ci90_low,nDCG@100_ci90_high,nDCG@100_ci95_low,nDCG@100_ci95_high,RR@1,RR@3,RR@5,RR@10,RR@100,P@1,P@3,P@5,P@10,P@100,R@1,R@3,R@5,R@10,R@100,AP
0.5080862533692723,0.5001031349866194,0.012982030542135174,0.48671936604021865,0.5294531406983259,0.4826211577695081,0.5335513489690364,0.5927440457565021,0.44796351484241687,0.011628553441485777,0.5736048217054054,0.6118832698075988,0.5699338833467549,0.6155542081662493,0.6198812592165928,0.42427620494827795,0.011013661514213695,0.601754074575427,0.6380084438577586,0.5982772472361397,0.6414852711970458,0.6440620686400971,0.39801072037364804,0.01033184350689217,0.6270570758235519,0.6610670614566423,0.6237954869392702,0.6643286503409239,0.6798561237667212,0.3476275074571737,0.009023960466106852,0.6650037517964557,0.6947084957369868,0.66215503954788,0.6975572079855624,0.5080862533692723,0.5779424977538191,0.5925314465408812,0.602197246823258,0.6093010234279815,0.5080862533692723,0.22731356693620716,0.1508086253369246,0.08335579514824626,0.010121293800538902,0.49314914645103325,0.6542003593890388,0.7188903863432164,0.7918912848158131,0.9526055705300988,0.6022532709173956
