nDCG@1,nDCG@1_std,nDCG@1_stderr,nDCG@1_ci90_low,nDCG@1_ci90_high,nDCG@1_ci95_low,nDCG@1_ci95_high,nDCG@3,nDCG@3_std,nDCG@3_stderr,nDCG@3_ci90_low,nDCG@3_ci90_high,nDCG@3_ci95_low,nDCG@3_ci95_high,nDCG@5,nDCG@5_std,nDCG@5_stderr,nDCG@5_ci90_low,nDCG@5_ci90_high,nDCG@5_ci95_low,nDCG@5_ci95_high,nDCG@10,nDCG@10_std,nDCG@10_stderr,nDCG@10_ci90_low,nDCG@10_ci90_high,nDCG@10_ci95_low,nDCG@10_ci95_high,nDCG@100,nDCG@100_std,nDCG@100_stderr,nDCG@100_ci90_low,nDCG@100_ci90_high,nDCG@100_ci95_low,nDCG@100_ci95_high,RR@1,RR@3,RR@5,RR@10,RR@100,P@1,P@3,P@5,P@10,P@100,R@1,R@3,R@5,R@10,R@100,AP
0.6084905660377359,0.48825243218787273,0.012674401625385407,0.5876299995328412,0.6293511325426305,0.5836289045270273,0.6333522275484444,0.6885973040842606,0.4189902098581827,0.01087644391867307,0.6706959633812957,0.7064986447872255,0.6672624533245481,0.709932154843973,0.712408084876784,0.3918105798100832,0.010170895877231972,0.6956679928288563,0.7291481769247117,0.6924572123989905,0.7323589573545775,0.7319263252613474,0.3643578637483824,0.009458258876091996,0.716359149457951,0.7474935010647438,0.7133733365200817,0.750479314002613,0.7545593161272092,0.32501426994154475,0.008436950068556942,0.7406730938655522,0.7684455383888661,0.7380096909072624,0.7711089413471559,0.6091644204851752,0.6754267744833787,0.687994159928123,0.6955017541607847,0.7001035148905072,0.6084905660377359,0.26033243486073393,0.16900269541778626,0.0911051212937985,0.010229110512129196,0.5911949685534591,0.7456761006289307,0.8019991015274033,0.8616913746630728,0.9620395327942497,0.692864254841296
