nDCG@1,nDCG@1_std,nDCG@1_stderr,nDCG@1_ci90_low,nDCG@1_ci90_high,nDCG@1_ci95_low,nDCG@1_ci95_high,nDCG@3,nDCG@3_std,nDCG@3_stderr,nDCG@3_ci90_low,nDCG@3_ci90_high,nDCG@3_ci95_low,nDCG@3_ci95_high,nDCG@5,nDCG@5_std,nDCG@5_stderr,nDCG@5_ci90_low,nDCG@5_ci90_high,nDCG@5_ci95_low,nDCG@5_ci95_high,nDCG@10,nDCG@10_std,nDCG@10_stderr,nDCG@10_ci90_low,nDCG@10_ci90_high,nDCG@10_ci95_low,nDCG@10_ci95_high,nDCG@100,nDCG@100_std,nDCG@100_stderr,nDCG@100_ci90_low,nDCG@100_ci90_high,nDCG@100_ci95_low,nDCG@100_ci95_high,RR@1,RR@3,RR@5,RR@10,RR@100,P@1,P@3,P@5,P@10,P@100,R@1,R@3,R@5,R@10,R@100,AP
0.6185983827493261,0.4858945526296811,0.0126131941217773,0.5978385565584403,0.6393582089402119,0.5938567837300548,0.6433399817685974,0.7022597434618741,0.41151601967684653,0.010682423608813526,0.6846777372487536,0.7198417496749947,0.6813054761342244,0.7232140107895239,0.7214130344427879,0.38877804355053097,0.010092175158269287,0.7048025073906502,0.7380235614949257,0.70161657776517,0.7412094911204059,0.740894685086793,0.36081789525172686,0.009366365872575815,0.7254787543021236,0.7563106158714624,0.7225219504368957,0.7592674197366903,0.7619369112144926,0.3231494120570771,0.008388540769915876,0.7481303649346772,0.775743457494308,0.7454822439761813,0.7783915784528038,0.6185983827493261,0.6874438454627141,0.6977538185085367,0.7051335943182314,0.7091236848500222,0.6185983827493261,0.26684636118598076,0.17035040431266496,0.09177897574123788,0.010242587601077985,0.6009097035040432,0.7620732255166218,0.8072214734950585,0.8663522012578617,0.9627695417789758,0.7026133479040486
