nDCG@1,nDCG@1_std,nDCG@1_stderr,nDCG@1_ci90_low,nDCG@1_ci90_high,nDCG@1_ci95_low,nDCG@1_ci95_high,nDCG@3,nDCG@3_std,nDCG@3_stderr,nDCG@3_ci90_low,nDCG@3_ci90_high,nDCG@3_ci95_low,nDCG@3_ci95_high,nDCG@5,nDCG@5_std,nDCG@5_stderr,nDCG@5_ci90_low,nDCG@5_ci90_high,nDCG@5_ci95_low,nDCG@5_ci95_high,nDCG@10,nDCG@10_std,nDCG@10_stderr,nDCG@10_ci90_low,nDCG@10_ci90_high,nDCG@10_ci95_low,nDCG@10_ci95_high,nDCG@100,nDCG@100_std,nDCG@100_stderr,nDCG@100_ci90_low,nDCG@100_ci90_high,nDCG@100_ci95_low,nDCG@100_ci95_high,RR@1,RR@3,RR@5,RR@10,RR@100,P@1,P@3,P@5,P@10,P@100,R@1,R@3,R@5,R@10,R@100,AP
0.5808625336927223,0.4935842569579229,0.012812808900140756,0.5597741651783023,0.6019509022071424,0.5557293773282689,0.6059956900571758,0.6674719861816547,0.42506774144231446,0.011034208777811777,0.6493109831740326,0.6856329891892768,0.6458276694098872,0.6891163029534222,0.6881127629881231,0.40304506993342415,0.010462528709948427,0.6708926777790423,0.7053328481972039,0.6675898337784454,0.7086356921978008,0.7088706791571102,0.37649859002682984,0.009773416427253368,0.692784791287469,0.7249565670267515,0.6896994884216909,0.7280418698925295,0.7322488753850748,0.33778387182242303,0.008768432416958745,0.7178170723710938,0.7466806783990557,0.7150490260215098,0.7494487247486398,0.5808625336927223,0.6515049415992817,0.6624213836477996,0.6704632481923591,0.6750564404485453,0.5808625336927223,0.2553908355795122,0.16415094339622321,0.08908355795148058,0.010067385444743756,0.5641846361185984,0.7302897574123989,0.7790318957771788,0.8410826594788859,0.9477201257861636,0.6689764169914414
