{
  "nDCG@1": 0.6792452830188679,
  "nDCG@1_std": 0.4669240205236787,
  "nDCG@1_stderr": 0.012120743645122582,
  "nDCG@1_ci90_low": 0.6592959720871836,
  "nDCG@1_ci90_high": 0.6991945939505522,
  "nDCG@1_ci95_low": 0.6554696575755684,
  "nDCG@1_ci95_high": 0.7030209084621674,
  "nDCG@3": 0.7619465440352615,
  "nDCG@3_std": 0.37627517001416655,
  "nDCG@3_stderr": 0.00976761673269997,
  "nDCG@3_ci90_low": 0.7458702017771225,
  "nDCG@3_ci90_high": 0.7780228862934006,
  "nDCG@3_ci95_low": 0.7427867297771793,
  "nDCG@3_ci95_high": 0.7811063582933437,
  "nDCG@5": 0.7825175936052698,
  "nDCG@5_std": 0.34657438363069176,
  "nDCG@5_stderr": 0.008996622733700107,
  "nDCG@5_ci90_low": 0.7677102163102418,
  "nDCG@5_ci90_high": 0.7973249709002979,
  "nDCG@5_ci95_low": 0.7648701341230951,
  "nDCG@5_ci95_high": 0.8001650530874446,
  "nDCG@10": 0.800730087055462,
  "nDCG@10_std": 0.31380708555299147,
  "nDCG@10_stderr": 0.00814602605739786,
  "nDCG@10_ci90_low": 0.787322691318483,
  "nDCG@10_ci90_high": 0.814137482792441,
  "nDCG@10_ci95_low": 0.7847511281679035,
  "nDCG@10_ci95_high": 0.8167090459430205,
  "nDCG@100": 0.8155020100253813,
  "nDCG@100_std": 0.2812465638171325,
  "nDCG@100_stderr": 0.007300797027481686,
  "nDCG@100_ci90_low": 0.8034857613351487,
  "nDCG@100_ci90_high": 0.8275182587156138,
  "nDCG@100_ci95_low": 0.8011810227456273,
  "nDCG@100_ci95_high": 0.8298229973051352,
  "RR@1": 0.6785714285714286,
  "RR@3": 0.7470799640610967,
  "RR@5": 0.7577942497753829,
  "RR@10": 0.764812497325975,
  "RR@100": 0.7677430858105028,
  "P@1": 0.6792452830188679,
  "P@3": 0.28661275831086735,
  "P@5": 0.18315363881401203,
  "P@10": 0.09770889487870382,
  "P@100": 0.010498652291104933,
  "R@1": 0.6606581311769991,
  "R@3": 0.8212039532794249,
  "R@5": 0.8697214734950585,
  "R@10": 0.9239667565139263,
  "R@100": 0.9881513926325246,
  "AP": 0.7620442170374794
}