nDCG@1,nDCG@1_std,nDCG@1_stderr,nDCG@1_ci90_low,nDCG@1_ci90_high,nDCG@1_ci95_low,nDCG@1_ci95_high,nDCG@3,nDCG@3_std,nDCG@3_stderr,nDCG@3_ci90_low,nDCG@3_ci90_high,nDCG@3_ci95_low,nDCG@3_ci95_high,nDCG@5,nDCG@5_std,nDCG@5_stderr,nDCG@5_ci90_low,nDCG@5_ci90_high,nDCG@5_ci95_low,nDCG@5_ci95_high,nDCG@10,nDCG@10_std,nDCG@10_stderr,nDCG@10_ci90_low,nDCG@10_ci90_high,nDCG@10_ci95_low,nDCG@10_ci95_high,nDCG@100,nDCG@100_std,nDCG@100_stderr,nDCG@100_ci90_low,nDCG@100_ci90_high,nDCG@100_ci95_low,nDCG@100_ci95_high,RR@1,RR@3,RR@5,RR@10,RR@100,P@1,P@3,P@5,P@10,P@100,R@1,R@3,R@5,R@10,R@100,AP
0.6778975741239892,0.4674395042235344,0.012134124935235227,0.6579262391709296,0.6978689090770488,0.6540957004115255,0.7016994478364529,0.7497198105461971,0.39043614307666896,0.010135217277352981,0.7330384412551754,0.7664011798372188,0.7298389239580404,0.7696006971343538,0.7735510121363138,0.35743446736670326,0.009278536460865242,0.7582796381787221,0.7888223860939055,0.7553505605786818,0.7917514636939459,0.7927957618567025,0.32416656128855076,0.008414944648366375,0.7789457579148465,0.8066457657985585,0.7762893016968785,0.8093022220165266,0.8087280106352656,0.2903962267075615,0.007538310441783654,0.7963208429477269,0.8211351783228042,0.7939411253758546,0.8235148958946765,0.6778975741239892,0.7376460017969462,0.7503481581311784,0.7577709857527924,0.760978815929936,0.6778975741239892,0.27942497753818124,0.18072776280323047,0.0967654986522888,0.010458221024258571,0.6598719676549866,0.8014937106918238,0.8574236298292902,0.9148697214734951,0.9841082659478885,0.7550354281420408
