{
  "nDCG@1": 0.7008086253369272,
  "nDCG@1_std": 0.45805816475543853,
  "nDCG@1_stderr": 0.011890597496631553,
  "nDCG@1_ci90_low": 0.6812381077541002,
  "nDCG@1_ci90_high": 0.7203791429197542,
  "nDCG@1_ci95_low": 0.6774844465031715,
  "nDCG@1_ci95_high": 0.7241328041706829,
  "nDCG@3": 0.7762998346173497,
  "nDCG@3_std": 0.3702942874063697,
  "nDCG@3_stderr": 0.009612360755979446,
  "nDCG@3_ci90_low": 0.7604790253400477,
  "nDCG@3_ci90_high": 0.7921206438946518,
  "nDCG@3_ci95_low": 0.7574445650356023,
  "nDCG@3_ci95_high": 0.7951551041990972,
  "nDCG@5": 0.7981211615355293,
  "nDCG@5_std": 0.33706271788310826,
  "nDCG@5_stderr": 0.008749712193447216,
  "nDCG@5_ci90_low": 0.7837201697960441,
  "nDCG@5_ci90_high": 0.8125221532750144,
  "nDCG@5_ci95_low": 0.7809580331055518,
  "nDCG@5_ci95_high": 0.8152842899655067,
  "nDCG@10": 0.812723094616721,
  "nDCG@10_std": 0.3095844024839825,
  "nDCG@10_stderr": 0.008036410666618319,
  "nDCG@10_ci90_low": 0.7994961128524802,
  "nDCG@10_ci90_high": 0.8259500763809617,
  "nDCG@10_ci95_low": 0.7969591534335461,
  "nDCG@10_ci95_high": 0.8284870357998959,
  "nDCG@100": 0.8270878983186547,
  "nDCG@100_std": 0.27630920904546225,
  "nDCG@100_stderr": 0.007172629683669904,
  "nDCG@100_ci90_low": 0.8152825979223429,
  "nDCG@100_ci90_high": 0.8388931987149665,
  "nDCG@100_ci95_low": 0.813018319603404,
  "nDCG@100_ci95_high": 0.8411574770339054,
  "RR@1": 0.7008086253369272,
  "RR@3": 0.7628032345013483,
  "RR@5": 0.7736859838274941,
  "RR@10": 0.7795872908911997,
  "RR@100": 0.7825177305981194,
  "P@1": 0.7008086253369272,
  "P@3": 0.29155435759208925,
  "P@5": 0.18665768194069668,
  "P@10": 0.0981805929919114,
  "P@100": 0.010525606469002507,
  "R@1": 0.680256064690027,
  "R@3": 0.8308625336927223,
  "R@5": 0.8826931716082659,
  "R@10": 0.9262129380053908,
  "R@100": 0.9898921832884097,
  "AP": 0.7771740252505875
}