nDCG@1,nDCG@1_std,nDCG@1_stderr,nDCG@1_ci90_low,nDCG@1_ci90_high,nDCG@1_ci95_low,nDCG@1_ci95_high,nDCG@3,nDCG@3_std,nDCG@3_stderr,nDCG@3_ci90_low,nDCG@3_ci90_high,nDCG@3_ci95_low,nDCG@3_ci95_high,nDCG@5,nDCG@5_std,nDCG@5_stderr,nDCG@5_ci90_low,nDCG@5_ci90_high,nDCG@5_ci95_low,nDCG@5_ci95_high,nDCG@10,nDCG@10_std,nDCG@10_stderr,nDCG@10_ci90_low,nDCG@10_ci90_high,nDCG@10_ci95_low,nDCG@10_ci95_high,nDCG@100,nDCG@100_std,nDCG@100_stderr,nDCG@100_ci90_low,nDCG@100_ci90_high,nDCG@100_ci95_low,nDCG@100_ci95_high,RR@1,RR@3,RR@5,RR@10,RR@100,P@1,P@3,P@5,P@10,P@100,R@1,R@3,R@5,R@10,R@100,AP
0.6913746630727763,0.462081832015697,0.01199504669442645,0.6716322344600337,0.7111170916855188,0.6678456003575252,0.7149037257880274,0.7672690914818976,0.377457389442693,0.009798305619961289,0.7511422389438576,0.7833959440199376,0.748049078979371,0.7864891039844242,0.7901501462418656,0.34335255748369337,0.00891298829409016,0.7754804213458344,0.8048198711378969,0.7726667411418762,0.8076335513418551,0.8071143370995536,0.3124289867482579,0.008110252394884008,0.7937658205813377,0.8204628536177695,0.791205550573161,0.8230231236259462,0.8201101270692264,0.28309713207491277,0.0073488353858964005,0.8080148129209063,0.8322054412175465,0.8056949094311694,0.8345253447072833,0.6920485175202157,0.7555031446540884,0.7669923629829298,0.773561909040346,0.7760457877600909,0.6913746630727763,0.28773584905659966,0.1846361185983787,0.09804582210242353,0.01045148247978418,0.6712151841868822,0.8195193171608265,0.8738769092542676,0.9245283018867925,0.9830974842767295,0.7698041322294986
