nDCG@1,nDCG@1_std,nDCG@1_stderr,nDCG@1_ci90_low,nDCG@1_ci90_high,nDCG@1_ci95_low,nDCG@1_ci95_high,nDCG@3,nDCG@3_std,nDCG@3_stderr,nDCG@3_ci90_low,nDCG@3_ci90_high,nDCG@3_ci95_low,nDCG@3_ci95_high,nDCG@5,nDCG@5_std,nDCG@5_stderr,nDCG@5_ci90_low,nDCG@5_ci90_high,nDCG@5_ci95_low,nDCG@5_ci95_high,nDCG@10,nDCG@10_std,nDCG@10_stderr,nDCG@10_ci90_low,nDCG@10_ci90_high,nDCG@10_ci95_low,nDCG@10_ci95_high,nDCG@100,nDCG@100_std,nDCG@100_stderr,nDCG@100_ci90_low,nDCG@100_ci90_high,nDCG@100_ci95_low,nDCG@100_ci95_high,RR@1,RR@3,RR@5,RR@10,RR@100,P@1,P@3,P@5,P@10,P@100,R@1,R@3,R@5,R@10,R@100,AP
0.6745283018867925,0.4687087683363607,0.012167073389915857,0.6545027376730219,0.694553866100563,0.6506617976417182,0.6983948061318668,0.7497581104842995,0.387787246744301,0.010066455354693426,0.7331899151878412,0.7663263057807579,0.730012104870923,0.769504116097676,0.770399692702184,0.36025541534027783,0.009351764621595926,0.755007793850234,0.785791591554134,0.7520555993538822,0.7887437860504858,0.7890496188011032,0.32873096950845265,0.008533430782069825,0.7750046006924973,0.8030946369097092,0.7723107403988315,0.805788497203375,0.8062111813211071,0.2921179603277394,0.007583004419643179,0.7937304526304486,0.8186919100117657,0.7913366259229431,0.8210857367192712,0.6745283018867925,0.7378706199460923,0.747877358490567,0.755190016258076,0.7586940929551872,0.6745283018867925,0.2814465408804993,0.18005390835579127,0.09636118598382523,0.010464959568732966,0.6547057502246181,0.8035152740341418,0.8521451033243487,0.9083557951482479,0.9851190476190476,0.7520444508863956
