{
  "nDCG@1": 0.07345013477088949,
  "nDCG@1_std": 0.2609618797908236,
  "nDCG@1_stderr": 0.006774232866722827,
  "nDCG@1_ci90_low": 0.062300548430428426,
  "nDCG@1_ci90_high": 0.08459972111135056,
  "nDCG@1_ci95_low": 0.06016203727286984,
  "nDCG@1_ci95_high": 0.08673823226890914,
  "nDCG@3": 0.11991463837858257,
  "nDCG@3_std": 0.2895591782573909,
  "nDCG@3_stderr": 0.007516581746670291,
  "nDCG@3_ci90_low": 0.10754323355408658,
  "nDCG@3_ci90_high": 0.13228604320307855,
  "nDCG@3_ci95_low": 0.10517037536509258,
  "nDCG@3_ci95_high": 0.13465890139207257,
  "nDCG@5": 0.1354974377989687,
  "nDCG@5_std": 0.2936909510195831,
  "nDCG@5_stderr": 0.007623837223469844,
  "nDCG@5_ci90_low": 0.12294950314111869,
  "nDCG@5_ci90_high": 0.1480453724568187,
  "nDCG@5_ci95_low": 0.120542786205554,
  "nDCG@5_ci95_high": 0.1504520893923834,
  "nDCG@10": 0.1570604504629304,
  "nDCG@10_std": 0.29492254412301766,
  "nDCG@10_stderr": 0.007655807787471005,
  "nDCG@10_ci90_low": 0.14445989603680592,
  "nDCG@10_ci90_high": 0.1696610048890549,
  "nDCG@10_ci95_low": 0.14204308653294975,
  "nDCG@10_ci95_high": 0.17207781439291106,
  "nDCG@100": 0.20678698243827315,
  "nDCG@100_std": 0.28269258397524505,
  "nDCG@100_stderr": 0.0073383338404785945,
  "nDCG@100_ci90_low": 0.19470895259205012,
  "nDCG@100_ci90_high": 0.21886501228449617,
  "nDCG@100_ci95_low": 0.19239236426323095,
  "nDCG@100_ci95_high": 0.22118160061331535,
  "RR@1": 0.07345013477088949,
  "RR@3": 0.10950134770889487,
  "RR@5": 0.11826145552560643,
  "RR@10": 0.12745956873315356,
  "RR@100": 0.13655492009060283,
  "P@1": 0.07345013477088949,
  "P@3": 0.053234501347708865,
  "P@5": 0.03962264150943416,
  "P@10": 0.026752021563342512,
  "P@100": 0.005229110512129301,
  "R@1": 0.07064240790655886,
  "R@3": 0.15588499550763701,
  "R@5": 0.19350853548966754,
  "R@10": 0.2592654986522911,
  "R@100": 0.5011230907457324,
  "AP": 0.13344081030014726
}