nDCG@1,nDCG@1_std,nDCG@1_stderr,nDCG@1_ci90_low,nDCG@1_ci90_high,nDCG@1_ci95_low,nDCG@1_ci95_high,nDCG@3,nDCG@3_std,nDCG@3_stderr,nDCG@3_ci90_low,nDCG@3_ci90_high,nDCG@3_ci95_low,nDCG@3_ci95_high,nDCG@5,nDCG@5_std,nDCG@5_stderr,nDCG@5_ci90_low,nDCG@5_ci90_high,nDCG@5_ci95_low,nDCG@5_ci95_high,nDCG@10,nDCG@10_std,nDCG@10_stderr,nDCG@10_ci90_low,nDCG@10_ci90_high,nDCG@10_ci95_low,nDCG@10_ci95_high,nDCG@100,nDCG@100_std,nDCG@100_stderr,nDCG@100_ci90_low,nDCG@100_ci90_high,nDCG@100_ci95_low,nDCG@100_ci95_high,RR@1,RR@3,RR@5,RR@10,RR@100,P@1,P@3,P@5,P@10,P@100,R@1,R@3,R@5,R@10,R@100,AP
0.07345013477088949,0.2609618797908236,0.006774232866722827,0.062300548430428426,0.08459972111135056,0.06016203727286984,0.08673823226890914,0.11991463837858257,0.2895591782573909,0.007516581746670291,0.10754323355408658,0.13228604320307855,0.10517037536509258,0.13465890139207257,0.1354974377989687,0.2936909510195831,0.007623837223469844,0.12294950314111869,0.1480453724568187,0.120542786205554,0.1504520893923834,0.1570604504629304,0.29492254412301766,0.007655807787471005,0.14445989603680592,0.1696610048890549,0.14204308653294975,0.17207781439291106,0.20678698243827315,0.28269258397524505,0.0073383338404785945,0.19470895259205012,0.21886501228449617,0.19239236426323095,0.22118160061331535,0.07345013477088949,0.10950134770889487,0.11826145552560643,0.12745956873315356,0.13655492009060283,0.07345013477088949,0.053234501347708865,0.03962264150943416,0.026752021563342512,0.005229110512129301,0.07064240790655886,0.15588499550763701,0.19350853548966754,0.2592654986522911,0.5011230907457324,0.13344081030014726
