{
  "nDCG@1": 0.1334231805929919,
  "nDCG@1_std": 0.3401461451034205,
  "nDCG@1_stderr": 0.008829753975927975,
  "nDCG@1_ci90_low": 0.11889044954336317,
  "nDCG@1_ci90_high": 0.14795591164262065,
  "nDCG@1_ci95_low": 0.11610304501099519,
  "nDCG@1_ci95_high": 0.15074331617498862,
  "nDCG@3": 0.20529184770009748,
  "nDCG@3_std": 0.3611681792395568,
  "nDCG@3_stderr": 0.00937545879183646,
  "nDCG@3_ci90_low": 0.18986095104543538,
  "nDCG@3_ci90_high": 0.22072274435475958,
  "nDCG@3_ci95_low": 0.1869012766988296,
  "nDCG@3_ci95_high": 0.22368241870136535,
  "nDCG@5": 0.23572426494800225,
  "nDCG@5_std": 0.360397465142145,
  "nDCG@5_stderr": 0.009355452050722706,
  "nDCG@5_ci90_low": 0.22032629702369644,
  "nDCG@5_ci90_high": 0.25112223287230806,
  "nDCG@5_ci95_low": 0.21737293846810937,
  "nDCG@5_ci95_high": 0.2540755914278951,
  "nDCG@10": 0.2648581518726649,
  "nDCG@10_std": 0.353380258489751,
  "nDCG@10_stderr": 0.009173294442204036,
  "nDCG@10_ci90_low": 0.2497599938343947,
  "nDCG@10_ci90_high": 0.2799563099109351,
  "nDCG@10_ci95_low": 0.24686413936612137,
  "nDCG@10_ci95_high": 0.2828521643792085,
  "nDCG@100": 0.33422797681985256,
  "nDCG@100_std": 0.31511120831292017,
  "nDCG@100_stderr": 0.008179879397470485,
  "nDCG@100_ci90_low": 0.3207648624877973,
  "nDCG@100_ci90_high": 0.3476910911519078,
  "nDCG@100_ci95_low": 0.3181826124082489,
  "nDCG@100_ci95_high": 0.3502733412314562,
  "RR@1": 0.1334231805929919,
  "RR@3": 0.1900269541778976,
  "RR@5": 0.2063679245283016,
  "RR@10": 0.2185112095152524,
  "RR@100": 0.232013334457497,
  "P@1": 0.1334231805929919,
  "P@3": 0.08894878706199419,
  "P@5": 0.06859838274932675,
  "P@10": 0.04366576819407047,
  "P@100": 0.007850404312668329,
  "R@1": 0.13061545372866126,
  "R@3": 0.25825471698113206,
  "R@5": 0.3322663971248877,
  "R@10": 0.42110287511230904,
  "R@100": 0.7489330637915542,
  "AP": 0.22820076281135251
}