{
  "nDCG@1": 0.7473045822102425,
  "nDCG@1_std": 0.4347042447424003,
  "nDCG@1_stderr": 0.01128435993946056,
  "nDCG@1_ci90_low": 0.7287318599674181,
  "nDCG@1_ci90_high": 0.765877304453067,
  "nDCG@1_ci95_low": 0.7251695776970541,
  "nDCG@1_ci95_high": 0.7694395867234309,
  "nDCG@3": 0.8204608957291093,
  "nDCG@3_std": 0.33390646330549884,
  "nDCG@3_stderr": 0.008667779906967198,
  "nDCG@3_ci90_low": 0.8061947548458247,
  "nDCG@3_ci90_high": 0.8347270366123939,
  "nDCG@3_ci95_low": 0.8034584827974623,
  "nDCG@3_ci95_high": 0.8374633086607562,
  "nDCG@5": 0.8356981710874313,
  "nDCG@5_std": 0.3059846765487157,
  "nDCG@5_stderr": 0.007942966437287103,
  "nDCG@5_ci90_low": 0.8226249874761983,
  "nDCG@5_ci90_high": 0.8487713546986643,
  "nDCG@5_ci95_low": 0.8201175268257542,
  "nDCG@5_ci95_high": 0.8512788153491083,
  "nDCG@10": 0.8478583314328767,
  "nDCG@10_std": 0.2795973099648487,
  "nDCG@10_stderr": 0.007257984530650098,
  "nDCG@10_ci90_low": 0.8359125470504507,
  "nDCG@10_ci90_high": 0.8598041158153027,
  "nDCG@10_ci95_low": 0.8336213236447086,
  "nDCG@10_ci95_high": 0.8620953392210448,
  "nDCG@100": 0.8588113768346585,
  "nDCG@100_std": 0.25140669016279504,
  "nDCG@100_stderr": 0.00652619250282813,
  "nDCG@100_ci90_low": 0.8480700356058688,
  "nDCG@100_ci90_high": 0.8695527180634481,
  "nDCG@100_ci95_low": 0.8460098266112488,
  "nDCG@100_ci95_high": 0.8716129270580681,
  "RR@1": 0.7473045822102425,
  "RR@3": 0.8077268643306378,
  "RR@5": 0.815476190476191,
  "RR@10": 0.8201864865443038,
  "RR@100": 0.8224618274246491,
  "P@1": 0.7473045822102425,
  "P@3": 0.3068283917340472,
  "P@5": 0.19231805929918683,
  "P@10": 0.10013477088948537,
  "P@100": 0.010559299191374475,
  "R@1": 0.7242812219227315,
  "R@3": 0.8738207547169812,
  "R@5": 0.9104896675651392,
  "R@10": 0.9467093441150044,
  "R@100": 0.9925876010781671,
  "AP": 0.8161502252590053
}