{
  "nDCG@1": 0.7722371967654986,
  "nDCG@1_std": 0.41953010713593036,
  "nDCG@1_stderr": 0.010890458953690844,
  "nDCG@1_ci90_low": 0.7543127889719761,
  "nDCG@1_ci90_high": 0.7901616045590212,
  "nDCG@1_ci95_low": 0.7508748546048529,
  "nDCG@1_ci95_high": 0.7935995389261443,
  "nDCG@3": 0.8367824074666056,
  "nDCG@3_std": 0.32248906169243036,
  "nDCG@3_stderr": 0.008371398928558326,
  "nDCG@3_ci90_low": 0.8230040746308821,
  "nDCG@3_ci90_high": 0.8505607403023291,
  "nDCG@3_ci95_low": 0.8203613650628309,
  "nDCG@3_ci95_high": 0.8532034498703803,
  "nDCG@5": 0.8551694176875848,
  "nDCG@5_std": 0.28692732512147084,
  "nDCG@5_stderr": 0.007448262243346556,
  "nDCG@5_ci90_low": 0.8429104586877352,
  "nDCG@5_ci90_high": 0.8674283766874344,
  "nDCG@5_ci95_low": 0.8405591678146294,
  "nDCG@5_ci95_high": 0.8697796675605403,
  "nDCG@10": 0.8653166534166786,
  "nDCG@10_std": 0.2633659882912371,
  "nDCG@10_stderr": 0.006836640413877695,
  "nDCG@10_ci90_low": 0.8540643516324191,
  "nDCG@10_ci90_high": 0.8765689552009381,
  "nDCG@10_ci95_low": 0.8519061394639074,
  "nDCG@10_ci95_high": 0.8787271673694499,
  "nDCG@100": 0.8736120695580651,
  "nDCG@100_std": 0.23953397090655593,
  "nDCG@100_stderr": 0.00621799206731833,
  "nDCG@100_ci90_low": 0.8633779898057394,
  "nDCG@100_ci90_high": 0.8838461493103908,
  "nDCG@100_ci95_low": 0.8614150744948573,
  "nDCG@100_ci95_high": 0.885809064621273,
  "RR@1": 0.7722371967654986,
  "RR@3": 0.8264824797843661,
  "RR@5": 0.8356132075471701,
  "RR@10": 0.8393025606469003,
  "RR@100": 0.841056143869199,
  "P@1": 0.7722371967654986,
  "P@3": 0.31019766397124376,
  "P@5": 0.19609164420484704,
  "P@10": 0.10154986522910797,
  "P@100": 0.010566037735848867,
  "R@1": 0.7483715184186883,
  "R@3": 0.8839285714285714,
  "R@5": 0.9280098831985624,
  "R@10": 0.9580525606469003,
  "R@100": 0.993766846361186,
  "AP": 0.8348185390089582
}