nDCG@1,nDCG@3,nDCG@5,nDCG@10,nDCG@100,RR@1,RR@3,RR@5,RR@10,RR@100,P@1,P@3,P@5,P@10,P@100,R@1,R@3,R@5,R@10,R@100,AP
0.14555256064690028,0.20971398930811097,0.23962789861386777,0.2682890415883403,0.3344251909534156,0.14420485175202155,0.1948562443845464,0.21227538185085346,0.22428068711761423,0.236752523397533,0.14555256064690028,0.08715184186882252,0.06752021563342377,0.04299191374663115,0.007641509433962134,0.1430256064690027,0.2561208445642408,0.3282794249775382,0.41486972147349505,0.731300539083558,0.23376002621676722
