{
  "nDCG@1": 0.07547169811320754,
  "nDCG@1_std": 0.2642399880451053,
  "nDCG@1_stderr": 0.006859328317041588,
  "nDCG@1_ci90_low": 0.06418205472286706,
  "nDCG@1_ci90_high": 0.08676134150354803,
  "nDCG@1_ci95_low": 0.06201668036565997,
  "nDCG@1_ci95_high": 0.08892671586075511,
  "nDCG@3": 0.11729019487953504,
  "nDCG@3_std": 0.2908278214837121,
  "nDCG@3_stderr": 0.007549514083940313,
  "nDCG@3_ci90_low": 0.10486458732168027,
  "nDCG@3_ci90_high": 0.1297158024373898,
  "nDCG@3_ci95_low": 0.10248133294878145,
  "nDCG@3_ci95_high": 0.13209905681028863,
  "nDCG@5": 0.13535347307918108,
  "nDCG@5_std": 0.2958671708891009,
  "nDCG@5_stderr": 0.00768032907652179,
  "nDCG@5_ci90_low": 0.12271255951057804,
  "nDCG@5_ci90_high": 0.14799438664778414,
  "nDCG@5_ci95_low": 0.120288009048998,
  "nDCG@5_ci95_high": 0.15041893710936416,
  "nDCG@10": 0.15461060585480352,
  "nDCG@10_std": 0.2970706328863608,
  "nDCG@10_stderr": 0.00771156939339192,
  "nDCG@10_ci90_low": 0.1419182744183622,
  "nDCG@10_ci90_high": 0.16730293729124485,
  "nDCG@10_ci95_low": 0.1394838619152039,
  "nDCG@10_ci95_high": 0.16973734979440314,
  "nDCG@100": 0.20468930722216155,
  "nDCG@100_std": 0.28513697108137437,
  "nDCG@100_stderr": 0.007401786968140795,
  "nDCG@100_ci90_low": 0.19250684103025023,
  "nDCG@100_ci90_high": 0.21687177341407288,
  "nDCG@100_ci95_low": 0.19017022161833175,
  "nDCG@100_ci95_high": 0.21920839282599136,
  "RR@1": 0.07547169811320754,
  "RR@3": 0.1081536388140162,
  "RR@5": 0.11805929919137467,
  "RR@10": 0.12629797201899623,
  "RR@100": 0.1358092444730831,
  "P@1": 0.07547169811320754,
  "P@3": 0.05076370170709794,
  "P@5": 0.03935309973045842,
  "P@10": 0.02574123989218347,
  "P@100": 0.0051212938005390065,
  "R@1": 0.07401168014375561,
  "R@3": 0.14796720575022462,
  "R@5": 0.19210467205750228,
  "R@10": 0.25073000898472597,
  "R@100": 0.4916891284815813,
  "AP": 0.13330780992477248
}