nDCG@1,nDCG@1_std,nDCG@1_stderr,nDCG@1_ci90_low,nDCG@1_ci90_high,nDCG@1_ci95_low,nDCG@1_ci95_high,nDCG@3,nDCG@3_std,nDCG@3_stderr,nDCG@3_ci90_low,nDCG@3_ci90_high,nDCG@3_ci95_low,nDCG@3_ci95_high,nDCG@5,nDCG@5_std,nDCG@5_stderr,nDCG@5_ci90_low,nDCG@5_ci90_high,nDCG@5_ci95_low,nDCG@5_ci95_high,nDCG@10,nDCG@10_std,nDCG@10_stderr,nDCG@10_ci90_low,nDCG@10_ci90_high,nDCG@10_ci95_low,nDCG@10_ci95_high,nDCG@100,nDCG@100_std,nDCG@100_stderr,nDCG@100_ci90_low,nDCG@100_ci90_high,nDCG@100_ci95_low,nDCG@100_ci95_high,RR@1,RR@3,RR@5,RR@10,RR@100,P@1,P@3,P@5,P@10,P@100,R@1,R@3,R@5,R@10,R@100,AP
0.07547169811320754,0.2642399880451053,0.006859328317041588,0.06418205472286706,0.08676134150354803,0.06201668036565997,0.08892671586075511,0.11729019487953504,0.2908278214837121,0.007549514083940313,0.10486458732168027,0.1297158024373898,0.10248133294878145,0.13209905681028863,0.13535347307918108,0.2958671708891009,0.00768032907652179,0.12271255951057804,0.14799438664778414,0.120288009048998,0.15041893710936416,0.15461060585480352,0.2970706328863608,0.00771156939339192,0.1419182744183622,0.16730293729124485,0.1394838619152039,0.16973734979440314,0.20468930722216155,0.28513697108137437,0.007401786968140795,0.19250684103025023,0.21687177341407288,0.19017022161833175,0.21920839282599136,0.07547169811320754,0.1081536388140162,0.11805929919137467,0.12629797201899623,0.1358092444730831,0.07547169811320754,0.05076370170709794,0.03935309973045842,0.02574123989218347,0.0051212938005390065,0.07401168014375561,0.14796720575022462,0.19210467205750228,0.25073000898472597,0.4916891284815813,0.13330780992477248
