nDCG@1,nDCG@3,nDCG@5,nDCG@10,nDCG@100,RR@1,RR@3,RR@5,RR@10,RR@100,P@1,P@3,P@5,P@10,P@100,R@1,R@3,R@5,R@10,R@100,AP
0.07547169811320754,0.11729019487953504,0.13535347307918108,0.15461060585480352,0.20468930722216155,0.07547169811320754,0.1081536388140162,0.11805929919137467,0.12629797201899623,0.1358092444730831,0.07547169811320754,0.05076370170709794,0.03935309973045842,0.02574123989218347,0.0051212938005390065,0.07401168014375561,0.14796720575022462,0.19210467205750228,0.25073000898472597,0.4916891284815813,0.13330780992477248
