nDCG@1,nDCG@3,nDCG@5,nDCG@10,nDCG@100,RR@1,RR@3,RR@5,RR@10,RR@100,P@1,P@3,P@5,P@10,P@100,R@1,R@3,R@5,R@10,R@100,AP
0.13814016172506738,0.20890182912528757,0.23359823113489173,0.26382640164450427,0.3272085206125854,0.13814016172506738,0.193171608265948,0.20698562443845456,0.22002952124245928,0.2320198873777683,0.13814016172506738,0.08894878706199419,0.06563342318059355,0.0425202156334236,0.007466307277627904,0.13493935309973046,0.26083782569631625,0.3208108715184187,0.4130166217430368,0.7151841868823002,0.22803144203184003
