{
  "nDCG@1": 0.12196765498652291,
  "nDCG@1_std": 0.3273587617571125,
  "nDCG@1_stderr": 0.008497810043682474,
  "nDCG@1_ci90_low": 0.1079812644016491,
  "nDCG@1_ci90_high": 0.13595404557139673,
  "nDCG@1_ci95_low": 0.10529864897481629,
  "nDCG@1_ci95_high": 0.13863666099822952,
  "nDCG@3": 0.18057863915176728,
  "nDCG@3_std": 0.34725235223318857,
  "nDCG@3_stderr": 0.009014221921724509,
  "nDCG@3_ci90_low": 0.1657422956741086,
  "nDCG@3_ci90_high": 0.19541498262942597,
  "nDCG@3_ci95_low": 0.1628966577198818,
  "nDCG@3_ci95_high": 0.19826062058365276,
  "nDCG@5": 0.20193345287872028,
  "nDCG@5_std": 0.3483885621546592,
  "nDCG@5_stderr": 0.009043716461692155,
  "nDCG@5_ci90_low": 0.18704856487559113,
  "nDCG@5_ci90_high": 0.21681834088184943,
  "nDCG@5_ci95_low": 0.1841936159921346,
  "nDCG@5_ci95_high": 0.21967328976530595,
  "nDCG@10": 0.2324418643753213,
  "nDCG@10_std": 0.3438236427924187,
  "nDCG@10_stderr": 0.008925217059394716,
  "nDCG@10_ci90_low": 0.217752012377479,
  "nDCG@10_ci90_high": 0.2471317163731636,
  "nDCG@10_ci95_low": 0.21493447175839167,
  "nDCG@10_ci95_high": 0.24994925699225093,
  "nDCG@100": 0.29288342520206917,
  "nDCG@100_std": 0.3159126275329974,
  "nDCG@100_stderr": 0.008200683203854094,
  "nDCG@100_ci90_low": 0.27938607026446527,
  "nDCG@100_ci90_high": 0.30638078013967307,
  "nDCG@100_ci95_low": 0.27679725277382455,
  "nDCG@100_ci95_high": 0.3089695976303138,
  "RR@1": 0.12196765498652291,
  "RR@3": 0.16812668463611874,
  "RR@5": 0.1796159029649596,
  "RR@10": 0.19267183288409698,
  "RR@100": 0.20408909070399403,
  "P@1": 0.12196765498652291,
  "P@3": 0.07704402515723234,
  "P@5": 0.05687331536388185,
  "P@10": 0.03800539083557987,
  "P@100": 0.006880053908355679,
  "R@1": 0.11831761006289308,
  "R@3": 0.22478661275831086,
  "R@5": 0.27667340521114103,
  "R@10": 0.3700022461814914,
  "R@100": 0.6604335130278527,
  "AP": 0.19993360583077066
}