nDCG@1,nDCG@1_std,nDCG@1_stderr,nDCG@1_ci90_low,nDCG@1_ci90_high,nDCG@1_ci95_low,nDCG@1_ci95_high,nDCG@3,nDCG@3_std,nDCG@3_stderr,nDCG@3_ci90_low,nDCG@3_ci90_high,nDCG@3_ci95_low,nDCG@3_ci95_high,nDCG@5,nDCG@5_std,nDCG@5_stderr,nDCG@5_ci90_low,nDCG@5_ci90_high,nDCG@5_ci95_low,nDCG@5_ci95_high,nDCG@10,nDCG@10_std,nDCG@10_stderr,nDCG@10_ci90_low,nDCG@10_ci90_high,nDCG@10_ci95_low,nDCG@10_ci95_high,nDCG@100,nDCG@100_std,nDCG@100_stderr,nDCG@100_ci90_low,nDCG@100_ci90_high,nDCG@100_ci95_low,nDCG@100_ci95_high,RR@1,RR@3,RR@5,RR@10,RR@100,P@1,P@3,P@5,P@10,P@100,R@1,R@3,R@5,R@10,R@100,AP
0.14150943396226415,0.34866378094505684,0.009050860785518094,0.12661278724683375,0.15640608067769454,0.12375558302074055,0.15926328490378774,0.21034356534302076,0.36847726483318205,0.009565193200148182,0.19460038828571413,0.2260867424003274,0.19158081798378324,0.22910631270225829,0.2392317393962697,0.36668920181653014,0.009518777396947791,0.22356495726301226,0.2548985215295272,0.2205600396479588,0.2579034391445806,0.2694472439432989,0.35933800132899585,0.009327949740462329,0.2540945415699186,0.28479994631667915,0.2511498650302155,0.28774462285638225,0.33473256290474185,0.3230325422641005,0.008385506981251631,0.32093100988236484,0.34853411592711886,0.3182838466398253,0.3511812791696584,0.1408355795148248,0.19496855345911965,0.2115790655884994,0.22422025413939145,0.23647203372643436,0.14150943396226415,0.08849955076370128,0.06778975741239951,0.04359838274932654,0.007668463611859707,0.13898247978436656,0.2598270440251572,0.3296271338724169,0.4216082659478886,0.7339959568733153,0.2330695009640108
