{
  "nDCG@1": 0.09164420485175202,
  "nDCG@1_std": 0.28862030035132646,
  "nDCG@1_stderr": 0.007492209690589917,
  "nDCG@1_ci90_low": 0.07931291354991002,
  "nDCG@1_ci90_high": 0.10397549615359403,
  "nDCG@1_ci95_low": 0.07694774920830597,
  "nDCG@1_ci95_high": 0.10634066049519808,
  "nDCG@3": 0.13942503448270752,
  "nDCG@3_std": 0.3133594559884084,
  "nDCG@3_stderr": 0.00813440617287317,
  "nDCG@3_ci90_low": 0.12603676370176747,
  "nDCG@3_ci90_high": 0.15281330526364756,
  "nDCG@3_ci95_low": 0.12346886875291578,
  "nDCG@3_ci95_high": 0.15538120021249924,
  "nDCG@5": 0.15966181874984234,
  "nDCG@5_std": 0.3173268878187361,
  "nDCG@5_stderr": 0.008237395571642948,
  "nDCG@5_ci90_low": 0.1461040395955813,
  "nDCG@5_ci90_high": 0.17321959790410338,
  "nDCG@5_ci95_low": 0.14350363262910154,
  "nDCG@5_ci95_high": 0.17582000487058314,
  "nDCG@10": 0.1812294564927304,
  "nDCG@10_std": 0.31681296111536766,
  "nDCG@10_stderr": 0.008224054699145266,
  "nDCG@10_ci90_low": 0.1676936348372292,
  "nDCG@10_ci90_high": 0.19476527814823158,
  "nDCG@10_ci95_low": 0.16509743935937837,
  "nDCG@10_ci95_high": 0.19736147362608242,
  "nDCG@100": 0.23565820506532648,
  "nDCG@100_std": 0.29956993126816645,
  "nDCG@100_stderr": 0.007776447946747474,
  "nDCG@100_ci90_low": 0.22285909120104222,
  "nDCG@100_ci90_high": 0.24845731892961073,
  "nDCG@100_ci95_low": 0.2204041976319143,
  "nDCG@100_ci95_high": 0.2509122124987387,
  "RR@1": 0.09231805929919137,
  "RR@3": 0.12949236298292904,
  "RR@5": 0.14064465408805032,
  "RR@10": 0.14973152783125818,
  "RR@100": 0.16004858233866645,
  "P@1": 0.09164420485175202,
  "P@3": 0.05974842767295585,
  "P@5": 0.04582210242587629,
  "P@10": 0.029716981132075708,
  "P@100": 0.005747978436657592,
  "R@1": 0.08951033243486073,
  "R@3": 0.1742475292003594,
  "R@5": 0.2227650494159928,
  "R@10": 0.2891397124887691,
  "R@100": 0.5518867924528302,
  "AP": 0.15684782653580517
}