nDCG@1,nDCG@3,nDCG@5,nDCG@10,nDCG@100,RR@1,RR@3,RR@5,RR@10,RR@100,P@1,P@3,P@5,P@10,P@100,R@1,R@3,R@5,R@10,R@100,AP
0.12196765498652291,0.18057863915176728,0.20193345287872028,0.2324418643753213,0.29288342520206917,0.12196765498652291,0.16812668463611874,0.1796159029649596,0.19267183288409698,0.20408909070399403,0.12196765498652291,0.07704402515723234,0.05687331536388185,0.03800539083557987,0.006880053908355679,0.11831761006289308,0.22478661275831086,0.27667340521114103,0.3700022461814914,0.6604335130278527,0.19993360583077066
