{
  "nDCG@1": 0.07547169811320754,
  "nDCG@3": 0.11729019487953504,
  "nDCG@5": 0.13535347307918108,
  "nDCG@10": 0.15461060585480352,
  "nDCG@100": 0.20468930722216155,
  "RR@1": 0.07547169811320754,
  "RR@3": 0.1081536388140162,
  "RR@5": 0.11805929919137467,
  "RR@10": 0.12629797201899623,
  "RR@100": 0.1358092444730831,
  "P@1": 0.07547169811320754,
  "P@3": 0.05076370170709794,
  "P@5": 0.03935309973045842,
  "P@10": 0.02574123989218347,
  "P@100": 0.0051212938005390065,
  "R@1": 0.07401168014375561,
  "R@3": 0.14796720575022462,
  "R@5": 0.19210467205750228,
  "R@10": 0.25073000898472597,
  "R@100": 0.4916891284815813,
  "AP": 0.13330780992477248
}