nDCG@1,nDCG@1_std,nDCG@1_stderr,nDCG@1_ci90_low,nDCG@1_ci90_high,nDCG@1_ci95_low,nDCG@1_ci95_high,nDCG@3,nDCG@3_std,nDCG@3_stderr,nDCG@3_ci90_low,nDCG@3_ci90_high,nDCG@3_ci95_low,nDCG@3_ci95_high,nDCG@5,nDCG@5_std,nDCG@5_stderr,nDCG@5_ci90_low,nDCG@5_ci90_high,nDCG@5_ci95_low,nDCG@5_ci95_high,nDCG@10,nDCG@10_std,nDCG@10_stderr,nDCG@10_ci90_low,nDCG@10_ci90_high,nDCG@10_ci95_low,nDCG@10_ci95_high,nDCG@100,nDCG@100_std,nDCG@100_stderr,nDCG@100_ci90_low,nDCG@100_ci90_high,nDCG@100_ci95_low,nDCG@100_ci95_high,RR@1,RR@3,RR@5,RR@10,RR@100,P@1,P@3,P@5,P@10,P@100,R@1,R@3,R@5,R@10,R@100,AP
0.12196765498652291,0.3273587617571125,0.008497810043682474,0.1079812644016491,0.13595404557139673,0.10529864897481629,0.13863666099822952,0.18057863915176728,0.34725235223318857,0.009014221921724509,0.1657422956741086,0.19541498262942597,0.1628966577198818,0.19826062058365276,0.20193345287872028,0.3483885621546592,0.009043716461692155,0.18704856487559113,0.21681834088184943,0.1841936159921346,0.21967328976530595,0.2324418643753213,0.3438236427924187,0.008925217059394716,0.217752012377479,0.2471317163731636,0.21493447175839167,0.24994925699225093,0.29288342520206917,0.3159126275329974,0.008200683203854094,0.27938607026446527,0.30638078013967307,0.27679725277382455,0.3089695976303138,0.12196765498652291,0.16812668463611874,0.1796159029649596,0.19267183288409698,0.20408909070399403,0.12196765498652291,0.07704402515723234,0.05687331536388185,0.03800539083557987,0.006880053908355679,0.11831761006289308,0.22478661275831086,0.27667340521114103,0.3700022461814914,0.6604335130278527,0.19993360583077066
