nDCG@1,nDCG@3,nDCG@5,nDCG@10,nDCG@100,RR@1,RR@3,RR@5,RR@10,RR@100,P@1,P@3,P@5,P@10,P@100,R@1,R@3,R@5,R@10,R@100,AP
0.09164420485175202,0.13942503448270752,0.15966181874984234,0.1812294564927304,0.23565820506532648,0.09231805929919137,0.12949236298292904,0.14064465408805032,0.14973152783125818,0.16004858233866645,0.09164420485175202,0.05974842767295585,0.04582210242587629,0.029716981132075708,0.005747978436657592,0.08951033243486073,0.1742475292003594,0.2227650494159928,0.2891397124887691,0.5518867924528302,0.15684782653580517
