{
  "nDCG@1": 0.12196765498652291,
  "nDCG@3": 0.18057863915176728,
  "nDCG@5": 0.20193345287872028,
  "nDCG@10": 0.2324418643753213,
  "nDCG@100": 0.29288342520206917,
  "RR@1": 0.12196765498652291,
  "RR@3": 0.16812668463611874,
  "RR@5": 0.1796159029649596,
  "RR@10": 0.19267183288409698,
  "RR@100": 0.20408909070399403,
  "P@1": 0.12196765498652291,
  "P@3": 0.07704402515723234,
  "P@5": 0.05687331536388185,
  "P@10": 0.03800539083557987,
  "P@100": 0.006880053908355679,
  "R@1": 0.11831761006289308,
  "R@3": 0.22478661275831086,
  "R@5": 0.27667340521114103,
  "R@10": 0.3700022461814914,
  "R@100": 0.6604335130278527,
  "AP": 0.19993360583077066
}