nDCG@1,nDCG@3,nDCG@5,nDCG@10,nDCG@100,RR@1,RR@3,RR@5,RR@10,RR@100,P@1,P@3,P@5,P@10,P@100,R@1,R@3,R@5,R@10,R@100,AP
0.14690026954177898,0.21776212933737923,0.24201983470737365,0.27602085732715353,0.3390919732258328,0.14757412398921832,0.2026055705300989,0.21584681042228188,0.23029082702263273,0.24197068418756948,0.14690026954177898,0.09209344115004459,0.06738544474393589,0.04474393530997337,0.007702156334231674,0.14403638814016173,0.2702717879604672,0.3292340521114106,0.4330637915543576,0.7369159928122193,0.23772307589532019
