nDCG@1,nDCG@1_std,nDCG@1_stderr,nDCG@1_ci90_low,nDCG@1_ci90_high,nDCG@1_ci95_low,nDCG@1_ci95_high,nDCG@3,nDCG@3_std,nDCG@3_stderr,nDCG@3_ci90_low,nDCG@3_ci90_high,nDCG@3_ci95_low,nDCG@3_ci95_high,nDCG@5,nDCG@5_std,nDCG@5_stderr,nDCG@5_ci90_low,nDCG@5_ci90_high,nDCG@5_ci95_low,nDCG@5_ci95_high,nDCG@10,nDCG@10_std,nDCG@10_stderr,nDCG@10_ci90_low,nDCG@10_ci90_high,nDCG@10_ci95_low,nDCG@10_ci95_high,nDCG@100,nDCG@100_std,nDCG@100_stderr,nDCG@100_ci90_low,nDCG@100_ci90_high,nDCG@100_ci95_low,nDCG@100_ci95_high,RR@1,RR@3,RR@5,RR@10,RR@100,P@1,P@3,P@5,P@10,P@100,R@1,R@3,R@5,R@10,R@100,AP
0.14690026954177898,0.3541258040932268,0.00919264784176858,0.131770258096094,0.16203028098746397,0.128868294085719,0.16493224499783896,0.21776212933737923,0.37213275317048466,0.009660084949312185,0.20186277168056907,0.2336614869941894,0.19881324565253017,0.2367110130222283,0.24201983470737365,0.37050186209913805,0.009617749126522983,0.22619015680925636,0.25784951260549094,0.22315399548703438,0.2608856739277129,0.27602085732715353,0.3616119796055467,0.009386979275318424,0.26057099931881594,0.2914707153354911,0.2576076881497166,0.2944340265045905,0.3390919732258328,0.32566661669536834,0.008453884146529533,0.3251778794740505,0.35300606697761505,0.3225091307127156,0.35567481573895,0.14757412398921832,0.2026055705300989,0.21584681042228188,0.23029082702263273,0.24197068418756948,0.14690026954177898,0.09209344115004459,0.06738544474393589,0.04474393530997337,0.007702156334231674,0.14403638814016173,0.2702717879604672,0.3292340521114106,0.4330637915543576,0.7369159928122193,0.23772307589532019
