{
  "nDCG@1": 0.13814016172506738,
  "nDCG@1_std": 0.3451633510946396,
  "nDCG@1_stderr": 0.008959994154118285,
  "nDCG@1_ci90_low": 0.12339307074121447,
  "nDCG@1_ci90_high": 0.15288725270892028,
  "nDCG@1_ci95_low": 0.12056455157938187,
  "nDCG@1_ci95_high": 0.1557157718707529,
  "nDCG@3": 0.20890182912528757,
  "nDCG@3_std": 0.3652883738176039,
  "nDCG@3_stderr": 0.009482413713951032,
  "nDCG@3_ci90_low": 0.19329489731474653,
  "nDCG@3_ci90_high": 0.2245087609358286,
  "nDCG@3_ci95_low": 0.19030145910161925,
  "nDCG@3_ci95_high": 0.2275021991489559,
  "nDCG@5": 0.23359823113489173,
  "nDCG@5_std": 0.364201025207958,
  "nDCG@5_stderr": 0.009454187550440283,
  "nDCG@5_ci90_low": 0.21803775625214084,
  "nDCG@5_ci90_high": 0.24915870601764262,
  "nDCG@5_ci95_low": 0.21505322856317038,
  "nDCG@5_ci95_high": 0.25214323370661307,
  "nDCG@10": 0.26382640164450427,
  "nDCG@10_std": 0.3571440727707474,
  "nDCG@10_stderr": 0.009270998192755663,
  "nDCG@10_ci90_low": 0.24856743478492627,
  "nDCG@10_ci90_high": 0.2790853685040823,
  "nDCG@10_ci95_low": 0.2456407368890943,
  "nDCG@10_ci95_high": 0.2820120663999143,
  "nDCG@100": 0.3272085206125854,
  "nDCG@100_std": 0.3230750574483268,
  "nDCG@100_stderr": 0.008386610620444266,
  "nDCG@100_ci90_low": 0.31340515113058715,
  "nDCG@100_ci90_high": 0.3410118900945836,
  "nDCG@100_ci95_low": 0.31075763948775287,
  "nDCG@100_ci95_high": 0.3436594017374179,
  "RR@1": 0.13814016172506738,
  "RR@3": 0.193171608265948,
  "RR@5": 0.20698562443845456,
  "RR@10": 0.22002952124245928,
  "RR@100": 0.2320198873777683,
  "P@1": 0.13814016172506738,
  "P@3": 0.08894878706199419,
  "P@5": 0.06563342318059355,
  "P@10": 0.0425202156334236,
  "P@100": 0.007466307277627904,
  "R@1": 0.13493935309973046,
  "R@3": 0.26083782569631625,
  "R@5": 0.3208108715184187,
  "R@10": 0.4130166217430368,
  "R@100": 0.7151841868823002,
  "AP": 0.22803144203184003
}