{
  "nDCG@1": 0.14150943396226415,
  "nDCG@1_std": 0.34866378094505684,
  "nDCG@1_stderr": 0.009050860785518094,
  "nDCG@1_ci90_low": 0.12661278724683375,
  "nDCG@1_ci90_high": 0.15640608067769454,
  "nDCG@1_ci95_low": 0.12375558302074055,
  "nDCG@1_ci95_high": 0.15926328490378774,
  "nDCG@3": 0.21034356534302076,
  "nDCG@3_std": 0.36847726483318205,
  "nDCG@3_stderr": 0.009565193200148182,
  "nDCG@3_ci90_low": 0.19460038828571413,
  "nDCG@3_ci90_high": 0.2260867424003274,
  "nDCG@3_ci95_low": 0.19158081798378324,
  "nDCG@3_ci95_high": 0.22910631270225829,
  "nDCG@5": 0.2392317393962697,
  "nDCG@5_std": 0.36668920181653014,
  "nDCG@5_stderr": 0.009518777396947791,
  "nDCG@5_ci90_low": 0.22356495726301226,
  "nDCG@5_ci90_high": 0.2548985215295272,
  "nDCG@5_ci95_low": 0.2205600396479588,
  "nDCG@5_ci95_high": 0.2579034391445806,
  "nDCG@10": 0.2694472439432989,
  "nDCG@10_std": 0.35933800132899585,
  "nDCG@10_stderr": 0.009327949740462329,
  "nDCG@10_ci90_low": 0.2540945415699186,
  "nDCG@10_ci90_high": 0.28479994631667915,
  "nDCG@10_ci95_low": 0.2511498650302155,
  "nDCG@10_ci95_high": 0.28774462285638225,
  "nDCG@100": 0.33473256290474185,
  "nDCG@100_std": 0.3230325422641005,
  "nDCG@100_stderr": 0.008385506981251631,
  "nDCG@100_ci90_low": 0.32093100988236484,
  "nDCG@100_ci90_high": 0.34853411592711886,
  "nDCG@100_ci95_low": 0.3182838466398253,
  "nDCG@100_ci95_high": 0.3511812791696584,
  "RR@1": 0.1408355795148248,
  "RR@3": 0.19496855345911965,
  "RR@5": 0.2115790655884994,
  "RR@10": 0.22422025413939145,
  "RR@100": 0.23647203372643436,
  "P@1": 0.14150943396226415,
  "P@3": 0.08849955076370128,
  "P@5": 0.06778975741239951,
  "P@10": 0.04359838274932654,
  "P@100": 0.007668463611859707,
  "R@1": 0.13898247978436656,
  "R@3": 0.2598270440251572,
  "R@5": 0.3296271338724169,
  "R@10": 0.4216082659478886,
  "R@100": 0.7339959568733153,
  "AP": 0.2330695009640108
}