{
  "nDCG@1": 0.09164420485175202,
  "nDCG@3": 0.13942503448270752,
  "nDCG@5": 0.15966181874984234,
  "nDCG@10": 0.1812294564927304,
  "nDCG@100": 0.23565820506532648,
  "RR@1": 0.09231805929919137,
  "RR@3": 0.12949236298292904,
  "RR@5": 0.14064465408805032,
  "RR@10": 0.14973152783125818,
  "RR@100": 0.16004858233866645,
  "P@1": 0.09164420485175202,
  "P@3": 0.05974842767295585,
  "P@5": 0.04582210242587629,
  "P@10": 0.029716981132075708,
  "P@100": 0.005747978436657592,
  "R@1": 0.08951033243486073,
  "R@3": 0.1742475292003594,
  "R@5": 0.2227650494159928,
  "R@10": 0.2891397124887691,
  "R@100": 0.5518867924528302,
  "AP": 0.15684782653580517
}