nDCG@1,nDCG@1_std,nDCG@1_stderr,nDCG@1_ci90_low,nDCG@1_ci90_high,nDCG@1_ci95_low,nDCG@1_ci95_high,nDCG@3,nDCG@3_std,nDCG@3_stderr,nDCG@3_ci90_low,nDCG@3_ci90_high,nDCG@3_ci95_low,nDCG@3_ci95_high,nDCG@5,nDCG@5_std,nDCG@5_stderr,nDCG@5_ci90_low,nDCG@5_ci90_high,nDCG@5_ci95_low,nDCG@5_ci95_high,nDCG@10,nDCG@10_std,nDCG@10_stderr,nDCG@10_ci90_low,nDCG@10_ci90_high,nDCG@10_ci95_low,nDCG@10_ci95_high,nDCG@100,nDCG@100_std,nDCG@100_stderr,nDCG@100_ci90_low,nDCG@100_ci90_high,nDCG@100_ci95_low,nDCG@100_ci95_high,RR@1,RR@3,RR@5,RR@10,RR@100,P@1,P@3,P@5,P@10,P@100,R@1,R@3,R@5,R@10,R@100,AP
0.6462264150943396,0.4783011546658006,0.01241607933206833,0.6257910165412515,0.6666618136474278,0.621871469530225,0.6705813606584543,0.7255900978773184,0.4005659777748865,0.010398174684013828,0.7084759317859637,0.7427042639686732,0.705193403266869,0.7459867924877679,0.7465740645101343,0.3731694662523415,0.009686996680014406,0.7306304133265236,0.762517715693745,0.7275723917186149,0.7655757373016537,0.7673581865565593,0.3417406248440512,0.008871144607666841,0.7527573314209509,0.7819590416921677,0.7499568605636524,0.7847595125494662,0.7870362801269841,0.30280814704862197,0.00786050784004333,0.7740988136172401,0.7999737466367282,0.7716173837563647,0.8024551764976036,0.6455525606469003,0.7123764600179698,0.7234950584007199,0.7311973216959744,0.7350589048378215,0.6462264150943396,0.2726864330637878,0.17493261455525222,0.09454177897573902,0.010438005390835392,0.6288746630727763,0.7817273135669364,0.8321540880503143,0.8930256064690026,0.9818059299191375,0.7284977425577458
