{
  "nDCG@1": 0.6563342318059299,
  "nDCG@1_std": 0.4750912594457717,
  "nDCG@1_stderr": 0.012332754603890843,
  "nDCG@1_ci90_low": 0.6360359759034396,
  "nDCG@1_ci90_high": 0.6766324877084201,
  "nDCG@1_ci95_low": 0.6321427331049216,
  "nDCG@1_ci95_high": 0.6805257305069381,
  "nDCG@3": 0.7194112262343142,
  "nDCG@3_std": 0.41071230652153345,
  "nDCG@3_stderr": 0.010661560254838212,
  "nDCG@3_ci90_low": 0.7018635586350376,
  "nDCG@3_ci90_high": 0.7369588938335908,
  "nDCG@3_ci95_low": 0.698497883729772,
  "nDCG@3_ci95_high": 0.7403245687388564,
  "nDCG@5": 0.7434954105208512,
  "nDCG@5_std": 0.3811399167180779,
  "nDCG@5_stderr": 0.009893899264985273,
  "nDCG@5_ci90_low": 0.7272112221457114,
  "nDCG@5_ci90_high": 0.759779598895991,
  "nDCG@5_ci95_low": 0.7240878848784221,
  "nDCG@5_ci95_high": 0.7629029361632803,
  "nDCG@10": 0.7624212957946843,
  "nDCG@10_std": 0.3526057840659321,
  "nDCG@10_stderr": 0.009153190087880425,
  "nDCG@10_ci90_low": 0.7473562271465725,
  "nDCG@10_ci90_high": 0.7774863644427962,
  "nDCG@10_ci95_low": 0.7444667192841632,
  "nDCG@10_ci95_high": 0.7803758723052054,
  "nDCG@100": 0.782305228403135,
  "nDCG@100_std": 0.31503890525604744,
  "nDCG@100_stderr": 0.008178002503632103,
  "nDCG@100_ci90_low": 0.7688452032164214,
  "nDCG@100_ci90_high": 0.7957652535898486,
  "nDCG@100_ci95_low": 0.7662635456406286,
  "nDCG@100_ci95_high": 0.7983469111656414,
  "RR@1": 0.6556603773584906,
  "RR@3": 0.7103548966756521,
  "RR@5": 0.722315813117701,
  "RR@10": 0.7297915864458996,
  "RR@100": 0.7335928764317677,
  "P@1": 0.6563342318059299,
  "P@3": 0.26707097933512713,
  "P@5": 0.17318059299191008,
  "P@10": 0.0929919137466286,
  "P@100": 0.010303234501347524,
  "R@1": 0.6378032345013477,
  "R@3": 0.7652740341419586,
  "R@5": 0.8228324348607367,
  "R@10": 0.8797169811320755,
  "R@100": 0.9692273135669364,
  "AP": 0.7265644828927996
}