nDCG@1,nDCG@1_std,nDCG@1_stderr,nDCG@1_ci90_low,nDCG@1_ci90_high,nDCG@1_ci95_low,nDCG@1_ci95_high,nDCG@3,nDCG@3_std,nDCG@3_stderr,nDCG@3_ci90_low,nDCG@3_ci90_high,nDCG@3_ci95_low,nDCG@3_ci95_high,nDCG@5,nDCG@5_std,nDCG@5_stderr,nDCG@5_ci90_low,nDCG@5_ci90_high,nDCG@5_ci95_low,nDCG@5_ci95_high,nDCG@10,nDCG@10_std,nDCG@10_stderr,nDCG@10_ci90_low,nDCG@10_ci90_high,nDCG@10_ci95_low,nDCG@10_ci95_high,nDCG@100,nDCG@100_std,nDCG@100_stderr,nDCG@100_ci90_low,nDCG@100_ci90_high,nDCG@100_ci95_low,nDCG@100_ci95_high,RR@1,RR@3,RR@5,RR@10,RR@100,P@1,P@3,P@5,P@10,P@100,R@1,R@3,R@5,R@10,R@100,AP
0.6677897574123989,0.4711647168748129,0.0122308266374074,0.6476592628911859,0.6879202519336118,0.6437981970340102,0.6917813177907876,0.7310335755416336,0.4043850929388017,0.0104973139739589,0.7137562379008618,0.7483109131824054,0.7104424127786135,0.7516247383046537,0.7525722185417556,0.3764655510368643,0.009772558777807068,0.7364877422616979,0.7686566948218133,0.733402710141397,0.7717417269421142,0.7714273000238583,0.34780668063586784,0.009028611570080038,0.7565672728863808,0.7862873271613358,0.7537170923626606,0.789137507685056,0.7922812957406166,0.30709524545553674,0.007971795369678982,0.779160663115284,0.8054019283659491,0.7766441016567053,0.8079184898245279,0.6671159029649596,0.7219227313566942,0.732839173405212,0.7402759059598685,0.7444590912944737,0.6677897574123989,0.2713387241689094,0.17425876010781297,0.09353099730458006,0.010390835579514639,0.6477987421383649,0.7770664869721472,0.8285601976639712,0.8847708894878706,0.9776504941599282,0.7371208651478114
