nDCG@1,nDCG@1_std,nDCG@1_stderr,nDCG@1_ci90_low,nDCG@1_ci90_high,nDCG@1_ci95_low,nDCG@1_ci95_high,nDCG@3,nDCG@3_std,nDCG@3_stderr,nDCG@3_ci90_low,nDCG@3_ci90_high,nDCG@3_ci95_low,nDCG@3_ci95_high,nDCG@5,nDCG@5_std,nDCG@5_stderr,nDCG@5_ci90_low,nDCG@5_ci90_high,nDCG@5_ci95_low,nDCG@5_ci95_high,nDCG@10,nDCG@10_std,nDCG@10_stderr,nDCG@10_ci90_low,nDCG@10_ci90_high,nDCG@10_ci95_low,nDCG@10_ci95_high,nDCG@100,nDCG@100_std,nDCG@100_stderr,nDCG@100_ci90_low,nDCG@100_ci90_high,nDCG@100_ci95_low,nDCG@100_ci95_high,RR@1,RR@3,RR@5,RR@10,RR@100,P@1,P@3,P@5,P@10,P@100,R@1,R@3,R@5,R@10,R@100,AP
0.683288409703504,0.46535070958735025,0.012079902528163301,0.6634063184214446,0.7031705009855634,0.6595928967622043,0.7069839226448037,0.7489272008572974,0.39192376826236797,0.010173834103053366,0.7321822728370717,0.765672128877523,0.7289705648588287,0.768883836855766,0.7714731745281366,0.36082165600871513,0.009366463496963002,0.7560570830652685,0.7868892659910046,0.7531002483816668,0.7898461006746064,0.788694657251229,0.33320009822647706,0.008649443583140706,0.7744586957889493,0.8029306187135087,0.7717282122090178,0.8056611022934402,0.8071775909797592,0.29466029684982753,0.007649000187454186,0.794588241058359,0.8197669409011593,0.7921735805991074,0.822181601360411,0.6826145552560647,0.739330637915544,0.7509209344115011,0.757239389466479,0.7609848845233214,0.683288409703504,0.2780772686433026,0.1788409703504003,0.09541778975741015,0.010444743935309786,0.6629604672057503,0.7967767295597483,0.8501235399820305,0.9009433962264151,0.9827044025157233,0.7539092472103364
