{
  "nDCG@1": 0.683288409703504,
  "nDCG@1_std": 0.46535070958735025,
  "nDCG@1_stderr": 0.012079902528163301,
  "nDCG@1_ci90_low": 0.6634063184214446,
  "nDCG@1_ci90_high": 0.7031705009855634,
  "nDCG@1_ci95_low": 0.6595928967622043,
  "nDCG@1_ci95_high": 0.7069839226448037,
  "nDCG@3": 0.7489272008572974,
  "nDCG@3_std": 0.39192376826236797,
  "nDCG@3_stderr": 0.010173834103053366,
  "nDCG@3_ci90_low": 0.7321822728370717,
  "nDCG@3_ci90_high": 0.765672128877523,
  "nDCG@3_ci95_low": 0.7289705648588287,
  "nDCG@3_ci95_high": 0.768883836855766,
  "nDCG@5": 0.7714731745281366,
  "nDCG@5_std": 0.36082165600871513,
  "nDCG@5_stderr": 0.009366463496963002,
  "nDCG@5_ci90_low": 0.7560570830652685,
  "nDCG@5_ci90_high": 0.7868892659910046,
  "nDCG@5_ci95_low": 0.7531002483816668,
  "nDCG@5_ci95_high": 0.7898461006746064,
  "nDCG@10": 0.788694657251229,
  "nDCG@10_std": 0.33320009822647706,
  "nDCG@10_stderr": 0.008649443583140706,
  "nDCG@10_ci90_low": 0.7744586957889493,
  "nDCG@10_ci90_high": 0.8029306187135087,
  "nDCG@10_ci95_low": 0.7717282122090178,
  "nDCG@10_ci95_high": 0.8056611022934402,
  "nDCG@100": 0.8071775909797592,
  "nDCG@100_std": 0.29466029684982753,
  "nDCG@100_stderr": 0.007649000187454186,
  "nDCG@100_ci90_low": 0.794588241058359,
  "nDCG@100_ci90_high": 0.8197669409011593,
  "nDCG@100_ci95_low": 0.7921735805991074,
  "nDCG@100_ci95_high": 0.822181601360411,
  "RR@1": 0.6826145552560647,
  "RR@3": 0.739330637915544,
  "RR@5": 0.7509209344115011,
  "RR@10": 0.757239389466479,
  "RR@100": 0.7609848845233214,
  "P@1": 0.683288409703504,
  "P@3": 0.2780772686433026,
  "P@5": 0.1788409703504003,
  "P@10": 0.09541778975741015,
  "P@100": 0.010444743935309786,
  "R@1": 0.6629604672057503,
  "R@3": 0.7967767295597483,
  "R@5": 0.8501235399820305,
  "R@10": 0.9009433962264151,
  "R@100": 0.9827044025157233,
  "AP": 0.7539092472103364
}