nDCG@1,nDCG@1_std,nDCG@1_stderr,nDCG@1_ci90_low,nDCG@1_ci90_high,nDCG@1_ci95_low,nDCG@1_ci95_high,nDCG@3,nDCG@3_std,nDCG@3_stderr,nDCG@3_ci90_low,nDCG@3_ci90_high,nDCG@3_ci95_low,nDCG@3_ci95_high,nDCG@5,nDCG@5_std,nDCG@5_stderr,nDCG@5_ci90_low,nDCG@5_ci90_high,nDCG@5_ci95_low,nDCG@5_ci95_high,nDCG@10,nDCG@10_std,nDCG@10_stderr,nDCG@10_ci90_low,nDCG@10_ci90_high,nDCG@10_ci95_low,nDCG@10_ci95_high,nDCG@100,nDCG@100_std,nDCG@100_stderr,nDCG@100_ci90_low,nDCG@100_ci90_high,nDCG@100_ci95_low,nDCG@100_ci95_high,RR@1,RR@3,RR@5,RR@10,RR@100,P@1,P@3,P@5,P@10,P@100,R@1,R@3,R@5,R@10,R@100,AP
0.5795148247978437,0.4938033074572654,0.01281849516777995,0.558417097359211,0.6006125522364764,0.5543705144503082,0.6046591351453792,0.6585976809751459,0.4310444832080171,0.011189357263627372,0.640181321904007,0.6770140400462848,0.6366490303774311,0.6805463315728607,0.6830192261728067,0.4056951620661331,0.010531321674038165,0.6656859158786388,0.7003525364669747,0.6623613550985686,0.7036770972470449,0.7089622609559462,0.3720160901390737,0.009657056527910756,0.6930678877226943,0.724856634189198,0.6900193177162574,0.727905204195635,0.7337002675094995,0.3305393828140337,0.0085803748524494,0.7195779850115276,0.7478225500074713,0.7168693052659382,0.7505312297530607,0.5795148247978437,0.6442048517520221,0.6568396226415103,0.6671338189363801,0.6716572263469477,0.5795148247978437,0.24955076370170468,0.16280323450134443,0.09029649595687127,0.010303234501347524,0.5647461814914645,0.7172057502246183,0.7760557053009882,0.8539420485175202,0.9693396226415094,0.6654215673389873
