{
  "nDCG@1": 0.6287061994609164,
  "nDCG@1_std": 0.4833136883124235,
  "nDCG@1_stderr": 0.012546198222236214,
  "nDCG@1_ci90_low": 0.6080566405993484,
  "nDCG@1_ci90_high": 0.6493557583224845,
  "nDCG@1_ci95_low": 0.6040960172474421,
  "nDCG@1_ci95_high": 0.6533163816743908,
  "nDCG@3": 0.7115677357001653,
  "nDCG@3_std": 0.4079019940076587,
  "nDCG@3_stderr": 0.010588608176885245,
  "nDCG@3_ci90_low": 0.6941401385956377,
  "nDCG@3_ci90_high": 0.7289953328046929,
  "nDCG@3_ci95_low": 0.6907974934320033,
  "nDCG@3_ci95_high": 0.7323379779683273,
  "nDCG@5": 0.733716520710831,
  "nDCG@5_std": 0.38040355844363605,
  "nDCG@5_stderr": 0.009874784356599397,
  "nDCG@5_ci90_low": 0.7174637932148242,
  "nDCG@5_ci90_high": 0.7499692482068379,
  "nDCG@5_ci95_low": 0.7143464902019904,
  "nDCG@5_ci95_high": 0.7530865512196717,
  "nDCG@10": 0.7529764627296096,
  "nDCG@10_std": 0.3514149930083493,
  "nDCG@10_stderr": 0.009122278692215498,
  "nDCG@10_ci90_low": 0.7379622705839226,
  "nDCG@10_ci90_high": 0.7679906548752966,
  "nDCG@10_ci95_low": 0.73508252092821,
  "nDCG@10_ci95_high": 0.7708704045310092,
  "nDCG@100": 0.7754354122204228,
  "nDCG@100_std": 0.3093328784316919,
  "nDCG@100_stderr": 0.00802988142754645,
  "nDCG@100_ci90_low": 0.7622191768117033,
  "nDCG@100_ci90_high": 0.7886516476291423,
  "nDCG@100_ci95_low": 0.7596842785635142,
  "nDCG@100_ci95_high": 0.7911865458773314,
  "RR@1": 0.6287061994609164,
  "RR@3": 0.6971024258760112,
  "RR@5": 0.7084231805929931,
  "RR@10": 0.7159369250844998,
  "RR@100": 0.720556501412412,
  "P@1": 0.6287061994609164,
  "P@3": 0.2686433063791522,
  "P@5": 0.17318059299191,
  "P@10": 0.0928571428571407,
  "P@100": 0.010404312668463424,
  "R@1": 0.6114667565139263,
  "R@3": 0.7693733153638814,
  "R@5": 0.8224393530997305,
  "R@10": 0.8802785265049415,
  "R@100": 0.9788858939802335,
  "AP": 0.7151026547807549
}