{
  "nDCG@1": 0.431266846361186,
  "nDCG@1_std": 0.49542017035859526,
  "nDCG@1_stderr": 0.012860466837419796,
  "nDCG@1_ci90_low": 0.41010003851688825,
  "nDCG@1_ci90_high": 0.45243365420548376,
  "nDCG@1_ci95_low": 0.4060402058591811,
  "nDCG@1_ci95_high": 0.4564934868631909,
  "nDCG@3": 0.5149586726544181,
  "nDCG@3_std": 0.45847230187215654,
  "nDCG@3_stderr": 0.011901347960529383,
  "nDCG@3_ci90_low": 0.49537046107910704,
  "nDCG@3_ci90_high": 0.5345468842297291,
  "nDCG@3_ci95_low": 0.4916134060878912,
  "nDCG@3_ci95_high": 0.538303939220945,
  "nDCG@5": 0.5377911727788228,
  "nDCG@5_std": 0.4430411859969039,
  "nDCG@5_stderr": 0.011500776151282243,
  "nDCG@5_ci90_low": 0.5188622550395261,
  "nDCG@5_ci90_high": 0.5567200905181195,
  "nDCG@5_ci95_low": 0.515231653818107,
  "nDCG@5_ci95_high": 0.5603506917395387,
  "nDCG@10": 0.5618874892994903,
  "nDCG@10_std": 0.4229428173450945,
  "nDCG@10_stderr": 0.010979048496661835,
  "nDCG@10_ci90_low": 0.5438172735927103,
  "nDCG@10_ci90_high": 0.5799577050062703,
  "nDCG@10_ci95_low": 0.5403513729997702,
  "nDCG@10_ci95_high": 0.5834236055992104,
  "nDCG@100": 0.6042361600803896,
  "nDCG@100_std": 0.3743306041885165,
  "nDCG@100_stderr": 0.00971713831900145,
  "nDCG@100_ci90_low": 0.5882428993228328,
  "nDCG@100_ci90_high": 0.6202294208379464,
  "nDCG@100_ci95_low": 0.5851753625074388,
  "nDCG@100_ci95_high": 0.6232969576533404,
  "RR@1": 0.43194070080862534,
  "RR@3": 0.49898921832884097,
  "RR@5": 0.5117924528301888,
  "RR@10": 0.5213472810507851,
  "RR@100": 0.5294564905189375,
  "P@1": 0.431266846361186,
  "P@3": 0.2005840071877811,
  "P@5": 0.1323450134770873,
  "P@10": 0.07419137466307152,
  "P@100": 0.009548517520215464,
  "R@1": 0.4206536388140162,
  "R@3": 0.5758086253369272,
  "R@5": 0.6300539083557951,
  "R@10": 0.7023247978436657,
  "R@100": 0.9001572327044026,
  "AP": 0.5232901896473269
}