nDCG@1,nDCG@1_std,nDCG@1_stderr,nDCG@1_ci90_low,nDCG@1_ci90_high,nDCG@1_ci95_low,nDCG@1_ci95_high,nDCG@3,nDCG@3_std,nDCG@3_stderr,nDCG@3_ci90_low,nDCG@3_ci90_high,nDCG@3_ci95_low,nDCG@3_ci95_high,nDCG@5,nDCG@5_std,nDCG@5_stderr,nDCG@5_ci90_low,nDCG@5_ci90_high,nDCG@5_ci95_low,nDCG@5_ci95_high,nDCG@10,nDCG@10_std,nDCG@10_stderr,nDCG@10_ci90_low,nDCG@10_ci90_high,nDCG@10_ci95_low,nDCG@10_ci95_high,nDCG@100,nDCG@100_std,nDCG@100_stderr,nDCG@100_ci90_low,nDCG@100_ci90_high,nDCG@100_ci95_low,nDCG@100_ci95_high,RR@1,RR@3,RR@5,RR@10,RR@100,P@1,P@3,P@5,P@10,P@100,R@1,R@3,R@5,R@10,R@100,AP
0.5592991913746631,0.4966385123760244,0.012892093420367443,0.538080329914234,0.5805180528350922,0.5340105132772572,0.584587869472069,0.6460934965250635,0.4332419061670889,0.011246399521459694,0.6275832526419807,0.6646037404081464,0.6240329538358758,0.6681540392142513,0.6702695871298952,0.40910320151870333,0.010619789970209218,0.6527906684803667,0.6877485057794236,0.6494381797500512,0.691100994509739,0.694604806602874,0.3785096430975181,0.009825620763837317,0.6784329965676473,0.7107766166381008,0.6753312136725502,0.7138783995331979,0.7237511921193651,0.3314125914238359,0.008603042218536616,0.7095916018169123,0.737910782421818,0.7068757663658366,0.7406266178728936,0.5586253369272237,0.6309523809523814,0.6434186882300097,0.6530261947546319,0.659281461914236,0.5592991913746631,0.24663072776280112,0.16091644204851438,0.08840970350404119,0.01025606469002677,0.5439690026954178,0.7065925426774484,0.7643755615453728,0.8375449236298292,0.9657457322551661,0.6531252502261943
