nDCG@1,nDCG@1_std,nDCG@1_stderr,nDCG@1_ci90_low,nDCG@1_ci90_high,nDCG@1_ci95_low,nDCG@1_ci95_high,nDCG@3,nDCG@3_std,nDCG@3_stderr,nDCG@3_ci90_low,nDCG@3_ci90_high,nDCG@3_ci95_low,nDCG@3_ci95_high,nDCG@5,nDCG@5_std,nDCG@5_stderr,nDCG@5_ci90_low,nDCG@5_ci90_high,nDCG@5_ci95_low,nDCG@5_ci95_high,nDCG@10,nDCG@10_std,nDCG@10_stderr,nDCG@10_ci90_low,nDCG@10_ci90_high,nDCG@10_ci95_low,nDCG@10_ci95_high,nDCG@100,nDCG@100_std,nDCG@100_stderr,nDCG@100_ci90_low,nDCG@100_ci90_high,nDCG@100_ci95_low,nDCG@100_ci95_high,RR@1,RR@3,RR@5,RR@10,RR@100,P@1,P@3,P@5,P@10,P@100,R@1,R@3,R@5,R@10,R@100,AP
0.4750673854447439,0.4995463169373263,0.012967576265773703,0.4537242881455655,0.49641048274392235,0.44963064284632076,0.500504128043167,0.5585270291597311,0.4545507791737494,0.011799550303444591,0.5391063644918344,0.5779476938276278,0.5353814453054797,0.5816726130139824,0.5804638877315137,0.43752153950864775,0.011357493267654154,0.5617707966774744,0.599156978785553,0.5581854274478328,0.6027423480151946,0.6072198048426266,0.4117790881597542,0.010689252526372445,0.5896265590386279,0.6248130506466253,0.5862521421499054,0.6281874675353478,0.6476947102363453,0.35959371440373833,0.009334587721138893,0.6323310825316196,0.6630583379410709,0.6293843104932794,0.6660051099794112,0.4750673854447439,0.5435759209344118,0.5554694519317167,0.5662631562058787,0.5740408922659956,0.4750673854447439,0.2160826594788853,0.14110512129379843,0.07938005390835425,0.009966307277627855,0.4624326145552561,0.618486073674753,0.671383647798742,0.7518530997304582,0.9394654088050314,0.5670825067425509
