nDCG@1,nDCG@1_std,nDCG@1_stderr,nDCG@1_ci90_low,nDCG@1_ci90_high,nDCG@1_ci95_low,nDCG@1_ci95_high,nDCG@3,nDCG@3_std,nDCG@3_stderr,nDCG@3_ci90_low,nDCG@3_ci90_high,nDCG@3_ci95_low,nDCG@3_ci95_high,nDCG@5,nDCG@5_std,nDCG@5_stderr,nDCG@5_ci90_low,nDCG@5_ci90_high,nDCG@5_ci95_low,nDCG@5_ci95_high,nDCG@10,nDCG@10_std,nDCG@10_stderr,nDCG@10_ci90_low,nDCG@10_ci90_high,nDCG@10_ci95_low,nDCG@10_ci95_high,nDCG@100,nDCG@100_std,nDCG@100_stderr,nDCG@100_ci90_low,nDCG@100_ci90_high,nDCG@100_ci95_low,nDCG@100_ci95_high,RR@1,RR@3,RR@5,RR@10,RR@100,P@1,P@3,P@5,P@10,P@100,R@1,R@3,R@5,R@10,R@100,AP
0.7681940700808625,0.42212796194532504,0.010957895904432007,0.7501586690398949,0.7862294711218301,0.7466994459638613,0.7896886941978637,0.8316391958562644,0.3314983514428746,0.008605268437707357,0.8174759414602758,0.8458024502522531,0.8147594032293238,0.8485189884832051,0.8501080508678331,0.295912439595394,0.007681504193585824,0.8374652031954838,0.8627508985401825,0.8350402817692496,0.8651758199664167,0.8627785516936414,0.2663116411085781,0.006913105751057136,0.8514003970053398,0.874156706381943,0.8492180460184641,0.8763390573688187,0.8716344107178067,0.24188138507391566,0.006278927902916561,0.8613000377848954,0.881968783650718,0.8593178860575975,0.8839509353780158,0.7681940700808625,0.8205300988319857,0.8300651392632532,0.8351222564497499,0.8370443281878973,0.7681940700808625,0.30727762803234004,0.19447439353099263,0.10141509433962008,0.010566037735848867,0.7455076370170711,0.8764038634321653,0.9205974842767295,0.9581648697214734,0.9941599281221923,0.8325395839729344
