{
  "nDCG@1": 0.7681940700808625,
  "nDCG@1_std": 0.42212796194532504,
  "nDCG@1_stderr": 0.010957895904432007,
  "nDCG@1_ci90_low": 0.7501586690398949,
  "nDCG@1_ci90_high": 0.7862294711218301,
  "nDCG@1_ci95_low": 0.7466994459638613,
  "nDCG@1_ci95_high": 0.7896886941978637,
  "nDCG@3": 0.8365304674148863,
  "nDCG@3_std": 0.3235090227652436,
  "nDCG@3_stderr": 0.008397875798773116,
  "nDCG@3_ci90_low": 0.8227085567813084,
  "nDCG@3_ci90_high": 0.8503523780484643,
  "nDCG@3_ci95_low": 0.820057488911515,
  "nDCG@3_ci95_high": 0.8530034459182577,
  "nDCG@5": 0.854888042757746,
  "nDCG@5_std": 0.28718827555571397,
  "nDCG@5_stderr": 0.007455036179101665,
  "nDCG@5_ci90_low": 0.8426179346605666,
  "nDCG@5_ci90_high": 0.8671581508549254,
  "nDCG@5_ci95_low": 0.8402645053700962,
  "nDCG@5_ci95_high": 0.8695115801453958,
  "nDCG@10": 0.8674228569552219,
  "nDCG@10_std": 0.25660761906348933,
  "nDCG@10_stderr": 0.006661201890118,
  "nDCG@10_ci90_low": 0.8564593062379224,
  "nDCG@10_ci90_high": 0.8783864076725214,
  "nDCG@10_ci95_low": 0.854356477054895,
  "nDCG@10_ci95_high": 0.8804892368555488,
  "nDCG@100": 0.8744733490760312,
  "nDCG@100_std": 0.23661913562404557,
  "nDCG@100_stderr": 0.006142326713483155,
  "nDCG@100_ci90_low": 0.8643638055497498,
  "nDCG@100_ci90_high": 0.8845828926023127,
  "nDCG@100_ci95_low": 0.862424776515971,
  "nDCG@100_ci95_high": 0.8865219216360914,
  "RR@1": 0.7681940700808625,
  "RR@3": 0.8242362982929021,
  "RR@5": 0.8337039532794258,
  "RR@10": 0.8386773734651096,
  "RR@100": 0.8400475352479834,
  "P@1": 0.7681940700808625,
  "P@3": 0.3101976639712437,
  "P@5": 0.19622641509433486,
  "P@10": 0.10229110512129118,
  "P@100": 0.010586253369272047,
  "R@1": 0.7451707097933514,
  "R@3": 0.8844901168014375,
  "R@5": 0.9281783468104222,
  "R@10": 0.9658580413297395,
  "R@100": 0.9953953279424976,
  "AP": 0.8355343533244356
}