nDCG@1,nDCG@1_std,nDCG@1_stderr,nDCG@1_ci90_low,nDCG@1_ci90_high,nDCG@1_ci95_low,nDCG@1_ci95_high,nDCG@3,nDCG@3_std,nDCG@3_stderr,nDCG@3_ci90_low,nDCG@3_ci90_high,nDCG@3_ci95_low,nDCG@3_ci95_high,nDCG@5,nDCG@5_std,nDCG@5_stderr,nDCG@5_ci90_low,nDCG@5_ci90_high,nDCG@5_ci95_low,nDCG@5_ci95_high,nDCG@10,nDCG@10_std,nDCG@10_stderr,nDCG@10_ci90_low,nDCG@10_ci90_high,nDCG@10_ci95_low,nDCG@10_ci95_high,nDCG@100,nDCG@100_std,nDCG@100_stderr,nDCG@100_ci90_low,nDCG@100_ci90_high,nDCG@100_ci95_low,nDCG@100_ci95_high,RR@1,RR@3,RR@5,RR@10,RR@100,P@1,P@3,P@5,P@10,P@100,R@1,R@3,R@5,R@10,R@100,AP
0.727088948787062,0.4456056696805936,0.011567346830762902,0.7080504635803906,0.7461274339937334,0.7043988471172997,0.7497790504568242,0.7930401416178151,0.3618806825393986,0.009393954455936158,0.7775788032868981,0.8085014799487321,0.7746132901708226,0.8114669930648076,0.8110233441288107,0.33259661269201507,0.008633777879224789,0.7968131665629266,0.8252335216946949,0.7940876283817249,0.8279590598758966,0.8288495237344469,0.2983412466041392,0.007744552882071502,0.8161029053754746,0.8415961420934192,0.8136580805407735,0.8440409669281203,0.8415565084343515,0.2676586031149986,0.00694807114255966,0.8301208048458045,0.8529922120228984,0.8279274158740636,0.8551856009946394,0.727088948787062,0.782681940700809,0.7921159029649605,0.7986993539554189,0.801235721152016,0.727088948787062,0.29424977538184643,0.18625336927223285,0.09925876010781425,0.010552560646900081,0.7060871518418689,0.8408580413297394,0.8840408805031446,0.9373315363881402,0.9926999101527403,0.7946383629853765
