{
  "nDCG@1": 0.6556603773584906,
  "nDCG@1_std": 0.4753126187286811,
  "nDCG@1_stderr": 0.012338500804565214,
  "nDCG@1_ci90_low": 0.6353526638890982,
  "nDCG@1_ci90_high": 0.675968090827883,
  "nDCG@1_ci95_low": 0.6314576071118614,
  "nDCG@1_ci95_high": 0.6798631476051198,
  "nDCG@3": 0.7190742990105949,
  "nDCG@3_std": 0.41068705707799213,
  "nDCG@3_stderr": 0.01066090481194195,
  "nDCG@3_ci90_low": 0.7015277101928287,
  "nDCG@3_ci90_high": 0.7366208878283612,
  "nDCG@3_ci95_low": 0.6981622421998399,
  "nDCG@3_ci95_high": 0.73998635582135,
  "nDCG@5": 0.7428978008124725,
  "nDCG@5_std": 0.3815099903400371,
  "nDCG@5_stderr": 0.009903505897551654,
  "nDCG@5_ci90_low": 0.7265978010559782,
  "nDCG@5_ci90_high": 0.7591978005689668,
  "nDCG@5_ci95_low": 0.7234714311366773,
  "nDCG@5_ci95_high": 0.7623241704882676,
  "nDCG@10": 0.7620480280616702,
  "nDCG@10_std": 0.3526667697823539,
  "nDCG@10_stderr": 0.009154773198198745,
  "nDCG@10_ci90_low": 0.7469803538011549,
  "nDCG@10_ci90_high": 0.7771157023221854,
  "nDCG@10_ci95_low": 0.7440903461774965,
  "nDCG@10_ci95_high": 0.7800057099458438,
  "nDCG@100": 0.7819213075371653,
  "nDCG@100_std": 0.31515000491297596,
  "nDCG@100_stderr": 0.008180886507027734,
  "nDCG@100_ci90_low": 0.7684565356218553,
  "nDCG@100_ci90_high": 0.7953860794524752,
  "nDCG@100_ci95_low": 0.7658739676147914,
  "nDCG@100_ci95_high": 0.7979686474595391,
  "RR@1": 0.6556603773584906,
  "RR@3": 0.7103548966756521,
  "RR@5": 0.7224505840071891,
  "RR@10": 0.7298036195610326,
  "RR@100": 0.7336157686695535,
  "P@1": 0.6556603773584906,
  "P@3": 0.2670709793351272,
  "P@5": 0.1730458221024222,
  "P@10": 0.09299191374662859,
  "P@100": 0.010303234501347526,
  "R@1": 0.6371293800539084,
  "R@3": 0.7652740341419586,
  "R@5": 0.8221585804132974,
  "R@10": 0.8797169811320755,
  "R@100": 0.9692273135669364,
  "AP": 0.7262071234024255
}