nDCG@1,nDCG@1_std,nDCG@1_stderr,nDCG@1_ci90_low,nDCG@1_ci90_high,nDCG@1_ci95_low,nDCG@1_ci95_high,nDCG@3,nDCG@3_std,nDCG@3_stderr,nDCG@3_ci90_low,nDCG@3_ci90_high,nDCG@3_ci95_low,nDCG@3_ci95_high,nDCG@5,nDCG@5_std,nDCG@5_stderr,nDCG@5_ci90_low,nDCG@5_ci90_high,nDCG@5_ci95_low,nDCG@5_ci95_high,nDCG@10,nDCG@10_std,nDCG@10_stderr,nDCG@10_ci90_low,nDCG@10_ci90_high,nDCG@10_ci95_low,nDCG@10_ci95_high,nDCG@100,nDCG@100_std,nDCG@100_stderr,nDCG@100_ci90_low,nDCG@100_ci90_high,nDCG@100_ci95_low,nDCG@100_ci95_high,RR@1,RR@3,RR@5,RR@10,RR@100,P@1,P@3,P@5,P@10,P@100,R@1,R@3,R@5,R@10,R@100,AP
0.6711590296495957,0.46995043315408763,0.012199305402593116,0.6510804153539425,0.691237643945249,0.6472293002194061,0.6950887590797854,0.7346522577171865,0.40226239218444676,0.010442211407914027,0.7174656123850178,0.7518389030493551,0.7141691822142888,0.7551353332200841,0.7567713273454401,0.37311217299417004,0.009685509421136374,0.740830124014095,0.7727125306767851,0.737772571908751,0.7757700827821291,0.7775337224762425,0.34050847681357754,0.0088391596384775,0.7629855108181451,0.7920819341343399,0.7601951370766132,0.7948723078758718,0.7958395051921759,0.3039749153920738,0.007890795637120812,0.7828521885495502,0.8088268218348017,0.7803611973415433,0.8113178130428086,0.6711590296495957,0.7256289308176106,0.7371855345911957,0.7450233709836138,0.7486239509191019,0.6711590296495957,0.27291105121293463,0.17547169811320373,0.09474393530997081,0.010397574123989032,0.6511680143755615,0.7811096136567833,0.8339510332434861,0.8965633423180593,0.9779874213836479,0.7411866340827787
