nDCG@1,nDCG@1_std,nDCG@1_stderr,nDCG@1_ci90_low,nDCG@1_ci90_high,nDCG@1_ci95_low,nDCG@1_ci95_high,nDCG@3,nDCG@3_std,nDCG@3_stderr,nDCG@3_ci90_low,nDCG@3_ci90_high,nDCG@3_ci95_low,nDCG@3_ci95_high,nDCG@5,nDCG@5_std,nDCG@5_stderr,nDCG@5_ci90_low,nDCG@5_ci90_high,nDCG@5_ci95_low,nDCG@5_ci95_high,nDCG@10,nDCG@10_std,nDCG@10_stderr,nDCG@10_ci90_low,nDCG@10_ci90_high,nDCG@10_ci95_low,nDCG@10_ci95_high,nDCG@100,nDCG@100_std,nDCG@100_stderr,nDCG@100_ci90_low,nDCG@100_ci90_high,nDCG@100_ci95_low,nDCG@100_ci95_high,RR@1,RR@3,RR@5,RR@10,RR@100,P@1,P@3,P@5,P@10,P@100,R@1,R@3,R@5,R@10,R@100,AP
0.14150943396226415,0.34866378094505684,0.009050860785518094,0.12661278724683375,0.15640608067769454,0.12375558302074055,0.15926328490378774,0.2130015801041566,0.3691240404180624,0.009581982657780853,0.19723076958470484,0.22877239062360835,0.194205899133933,0.2317972610743802,0.2403772116240316,0.36749047647500116,0.009539577450699081,0.2246761950616146,0.25607822818644865,0.22166471122011158,0.2590897120279516,0.27559681611518155,0.3586444129697442,0.009309945083755438,0.26027374727794234,0.29091988495242077,0.2573347545049495,0.2938588777254136,0.3411374353603149,0.3209929392295066,0.008332561524531714,0.3274230242996401,0.35485184642098966,0.32479257504555725,0.3574822956750725,0.14150943396226415,0.19710242587601084,0.21253369272237171,0.22734619004834614,0.23994077106856482,0.14150943396226415,0.09052111410601942,0.06819407008086312,0.0452156334231809,0.007850404312668329,0.13892632524707996,0.2646001796945193,0.3304694519317161,0.4369384546271338,0.7490453728661275,0.23670282460411043
