{
  "nDCG@1": 0.15633423180592992,
  "nDCG@1_std": 0.363294339279894,
  "nDCG@1_stderr": 0.009430651156471135,
  "nDCG@1_ci90_low": 0.1408124950448033,
  "nDCG@1_ci90_high": 0.17185596856705654,
  "nDCG@1_ci95_low": 0.13783539739877673,
  "nDCG@1_ci95_high": 0.17483306621308312,
  "nDCG@3": 0.23392921743288508,
  "nDCG@3_std": 0.38002209068282944,
  "nDCG@3_stderr": 0.009864881946925913,
  "nDCG@3_ci90_low": 0.21769278813237955,
  "nDCG@3_ci90_high": 0.25016564673339065,
  "nDCG@3_ci95_low": 0.2145786111434056,
  "nDCG@3_ci95_high": 0.25327982372236457,
  "nDCG@5": 0.26310495883181756,
  "nDCG@5_std": 0.376559857689768,
  "nDCG@5_stderr": 0.009775006856538579,
  "nDCG@5_ci90_low": 0.24701645330361882,
  "nDCG@5_ci90_high": 0.2791934643600163,
  "nDCG@5_ci95_low": 0.24393064836611714,
  "nDCG@5_ci95_high": 0.28227926929751795,
  "nDCG@10": 0.29426630909410284,
  "nDCG@10_std": 0.3673074595814029,
  "nDCG@10_stderr": 0.00953482656885851,
  "nDCG@10_ci90_low": 0.27857311192147016,
  "nDCG@10_ci90_high": 0.3099595062667355,
  "nDCG@10_ci95_low": 0.275563127853303,
  "nDCG@10_ci95_high": 0.3129694903349027,
  "nDCG@100": 0.3614417506795647,
  "nDCG@100_std": 0.3261474143696993,
  "nDCG@100_stderr": 0.008466365032283067,
  "nDCG@100_ci90_low": 0.34750711486552205,
  "nDCG@100_ci90_high": 0.37537638649360733,
  "nDCG@100_ci95_low": 0.34483442609888093,
  "nDCG@100_ci95_high": 0.37804907526024845,
  "RR@1": 0.15566037735849056,
  "RR@3": 0.21664420485175198,
  "RR@5": 0.23305256064689994,
  "RR@10": 0.24630797287468426,
  "RR@100": 0.2590822313039051,
  "P@1": 0.15633423180592992,
  "P@3": 0.09950584007187772,
  "P@5": 0.07452830188679313,
  "P@10": 0.04703504043126704,
  "P@100": 0.008126684636118457,
  "R@1": 0.15206648697214734,
  "R@3": 0.2908805031446541,
  "R@5": 0.36129829290206655,
  "R@10": 0.4553009883198562,
  "R@100": 0.7737533692722371,
  "AP": 0.2552960638712055
}