nDCG@1,nDCG@1_std,nDCG@1_stderr,nDCG@1_ci90_low,nDCG@1_ci90_high,nDCG@1_ci95_low,nDCG@1_ci95_high,nDCG@3,nDCG@3_std,nDCG@3_stderr,nDCG@3_ci90_low,nDCG@3_ci90_high,nDCG@3_ci95_low,nDCG@3_ci95_high,nDCG@5,nDCG@5_std,nDCG@5_stderr,nDCG@5_ci90_low,nDCG@5_ci90_high,nDCG@5_ci95_low,nDCG@5_ci95_high,nDCG@10,nDCG@10_std,nDCG@10_stderr,nDCG@10_ci90_low,nDCG@10_ci90_high,nDCG@10_ci95_low,nDCG@10_ci95_high,nDCG@100,nDCG@100_std,nDCG@100_stderr,nDCG@100_ci90_low,nDCG@100_ci90_high,nDCG@100_ci95_low,nDCG@100_ci95_high,RR@1,RR@3,RR@5,RR@10,RR@100,P@1,P@3,P@5,P@10,P@100,R@1,R@3,R@5,R@10,R@100,AP
0.12331536388140162,0.3289096890537091,0.008538070110305706,0.10926270998705499,0.13736801777574822,0.10656738513564651,0.14006334262715672,0.19055925181283154,0.353131840582866,0.009166845834649355,0.1754717074201388,0.20564679620552428,0.17257788866859938,0.2085406149570637,0.22009595904866158,0.3532200818045835,0.009169136462632404,0.20500464455314343,0.23518727354417973,0.2021101026889511,0.23808181540837206,0.25054461383047805,0.34726667662659416,0.009014593764449897,0.23570765834365856,0.2653815693172975,0.2328619030049496,0.26822732465600646,0.3117348090840442,0.3158096072225971,0.008198008929844366,0.29824185568526485,0.3252277624828236,0.2956538824178625,0.32781573575022593,0.12129380053908356,0.17497753818508555,0.19148697214734944,0.2042225538013946,0.2154143018982962,0.12331536388140162,0.0819856244384542,0.06415094339622696,0.041711590296496355,0.0073382749326144315,0.1210691823899371,0.23860062893081763,0.3099168912848158,0.4025718778077269,0.7004716981132075,0.21312751967295396
