{
  "nDCG@1": 0.1522911051212938,
  "nDCG@1_std": 0.3594239512019637,
  "nDCG@1_stderr": 0.00933018088799551,
  "nDCG@1_ci90_low": 0.13693473054287586,
  "nDCG@1_ci90_high": 0.16764747969971172,
  "nDCG@1_ci95_low": 0.13398934966749554,
  "nDCG@1_ci95_high": 0.17059286057509204,
  "nDCG@3": 0.23118060793621206,
  "nDCG@3_std": 0.37762008621696325,
  "nDCG@3_stderr": 0.009802529017786497,
  "nDCG@3_ci90_low": 0.21504680418470937,
  "nDCG@3_ci90_high": 0.24731441168771476,
  "nDCG@3_ci95_low": 0.21195231096470152,
  "nDCG@3_ci95_high": 0.2504089049077226,
  "nDCG@5": 0.2613139377098509,
  "nDCG@5_std": 0.3742947515242142,
  "nDCG@5_stderr": 0.009716207630208624,
  "nDCG@5_ci90_low": 0.24532220875600622,
  "nDCG@5_ci90_high": 0.27730566666369555,
  "nDCG@5_ci95_low": 0.2422549657433802,
  "nDCG@5_ci95_high": 0.28037290967632156,
  "nDCG@10": 0.29155057915919846,
  "nDCG@10_std": 0.3650635834226171,
  "nDCG@10_stderr": 0.009476578446044992,
  "nDCG@10_ci90_low": 0.2759532515096921,
  "nDCG@10_ci90_high": 0.30714790680870485,
  "nDCG@10_ci95_low": 0.27296165539230755,
  "nDCG@10_ci95_high": 0.3101395029260894,
  "nDCG@100": 0.3570845600373657,
  "nDCG@100_std": 0.32543124695161124,
  "nDCG@100_stderr": 0.00844777425241293,
  "nDCG@100_ci90_low": 0.34318052244888997,
  "nDCG@100_ci90_high": 0.37098859762584147,
  "nDCG@100_ci95_low": 0.34051370247816454,
  "nDCG@100_ci95_high": 0.3736554175965669,
  "RR@1": 0.15161725067385445,
  "RR@3": 0.2139487870619946,
  "RR@5": 0.23055929919137438,
  "RR@10": 0.24323899371069155,
  "RR@100": 0.25564187771953306,
  "P@1": 0.1522911051212938,
  "P@3": 0.09860736747529188,
  "P@5": 0.07452830188679313,
  "P@10": 0.046900269541779185,
  "P@100": 0.00803234501347695,
  "R@1": 0.1483602875112309,
  "R@3": 0.2886343216531896,
  "R@5": 0.3616352201257862,
  "R@10": 0.4539532794249775,
  "R@100": 0.7653301886792453,
  "AP": 0.25184977725635677
}