nDCG@1,nDCG@1_std,nDCG@1_stderr,nDCG@1_ci90_low,nDCG@1_ci90_high,nDCG@1_ci95_low,nDCG@1_ci95_high,nDCG@3,nDCG@3_std,nDCG@3_stderr,nDCG@3_ci90_low,nDCG@3_ci90_high,nDCG@3_ci95_low,nDCG@3_ci95_high,nDCG@5,nDCG@5_std,nDCG@5_stderr,nDCG@5_ci90_low,nDCG@5_ci90_high,nDCG@5_ci95_low,nDCG@5_ci95_high,nDCG@10,nDCG@10_std,nDCG@10_stderr,nDCG@10_ci90_low,nDCG@10_ci90_high,nDCG@10_ci95_low,nDCG@10_ci95_high,nDCG@100,nDCG@100_std,nDCG@100_stderr,nDCG@100_ci90_low,nDCG@100_ci90_high,nDCG@100_ci95_low,nDCG@100_ci95_high,RR@1,RR@3,RR@5,RR@10,RR@100,P@1,P@3,P@5,P@10,P@100,R@1,R@3,R@5,R@10,R@100,AP
0.1522911051212938,0.3594239512019637,0.00933018088799551,0.13693473054287586,0.16764747969971172,0.13398934966749554,0.17059286057509204,0.23118060793621206,0.37762008621696325,0.009802529017786497,0.21504680418470937,0.24731441168771476,0.21195231096470152,0.2504089049077226,0.2613139377098509,0.3742947515242142,0.009716207630208624,0.24532220875600622,0.27730566666369555,0.2422549657433802,0.28037290967632156,0.29155057915919846,0.3650635834226171,0.009476578446044992,0.2759532515096921,0.30714790680870485,0.27296165539230755,0.3101395029260894,0.3570845600373657,0.32543124695161124,0.00844777425241293,0.34318052244888997,0.37098859762584147,0.34051370247816454,0.3736554175965669,0.15161725067385445,0.2139487870619946,0.23055929919137438,0.24323899371069155,0.25564187771953306,0.1522911051212938,0.09860736747529188,0.07452830188679313,0.046900269541779185,0.00803234501347695,0.1483602875112309,0.2886343216531896,0.3616352201257862,0.4539532794249775,0.7653301886792453,0.25184977725635677
