nDCG@1,nDCG@1_std,nDCG@1_stderr,nDCG@1_ci90_low,nDCG@1_ci90_high,nDCG@1_ci95_low,nDCG@1_ci95_high,nDCG@3,nDCG@3_std,nDCG@3_stderr,nDCG@3_ci90_low,nDCG@3_ci90_high,nDCG@3_ci95_low,nDCG@3_ci95_high,nDCG@5,nDCG@5_std,nDCG@5_stderr,nDCG@5_ci90_low,nDCG@5_ci90_high,nDCG@5_ci95_low,nDCG@5_ci95_high,nDCG@10,nDCG@10_std,nDCG@10_stderr,nDCG@10_ci90_low,nDCG@10_ci90_high,nDCG@10_ci95_low,nDCG@10_ci95_high,nDCG@100,nDCG@100_std,nDCG@100_stderr,nDCG@100_ci90_low,nDCG@100_ci90_high,nDCG@100_ci95_low,nDCG@100_ci95_high,RR@1,RR@3,RR@5,RR@10,RR@100,P@1,P@3,P@5,P@10,P@100,R@1,R@3,R@5,R@10,R@100,AP
0.15296495956873316,0.36007505977253396,0.009347082824332333,0.1375807664015221,0.16834915273594422,0.13463004986966937,0.17129986926779694,0.2292543318873408,0.3775045390863151,0.009799529563725545,0.213125464882579,0.24538319889210258,0.21003191853967176,0.24847674523500982,0.2579619164933852,0.3746421714875803,0.009725226203098567,0.24195534403488358,0.27396848895188675,0.238885254010776,0.2770385789759943,0.29260457458537603,0.3643002782230004,0.0094567640303352,0.27703985912135076,0.3081692900494013,0.274054518081096,0.3111546310896561,0.3582356656334366,0.3239448997229289,0.008409190600823766,0.3443951321735002,0.37207619909337303,0.34174049241137494,0.3747308388554983,0.15296495956873316,0.21248876909254266,0.22829065588499522,0.24272665040859082,0.25518704561467964,0.15296495956873316,0.09770889487870604,0.0731805929919144,0.04764150943396243,0.008126684636118457,0.1497079964061096,0.28548966756513927,0.35489667565139266,0.46086028751123087,0.7743149146451034,0.2513435886947323
