{
  "nDCG@1": 0.15296495956873316,
  "nDCG@1_std": 0.36007505977253396,
  "nDCG@1_stderr": 0.009347082824332333,
  "nDCG@1_ci90_low": 0.1375807664015221,
  "nDCG@1_ci90_high": 0.16834915273594422,
  "nDCG@1_ci95_low": 0.13463004986966937,
  "nDCG@1_ci95_high": 0.17129986926779694,
  "nDCG@3": 0.2292543318873408,
  "nDCG@3_std": 0.3775045390863151,
  "nDCG@3_stderr": 0.009799529563725545,
  "nDCG@3_ci90_low": 0.213125464882579,
  "nDCG@3_ci90_high": 0.24538319889210258,
  "nDCG@3_ci95_low": 0.21003191853967176,
  "nDCG@3_ci95_high": 0.24847674523500982,
  "nDCG@5": 0.2579619164933852,
  "nDCG@5_std": 0.3746421714875803,
  "nDCG@5_stderr": 0.009725226203098567,
  "nDCG@5_ci90_low": 0.24195534403488358,
  "nDCG@5_ci90_high": 0.27396848895188675,
  "nDCG@5_ci95_low": 0.238885254010776,
  "nDCG@5_ci95_high": 0.2770385789759943,
  "nDCG@10": 0.29260457458537603,
  "nDCG@10_std": 0.3643002782230004,
  "nDCG@10_stderr": 0.0094567640303352,
  "nDCG@10_ci90_low": 0.27703985912135076,
  "nDCG@10_ci90_high": 0.3081692900494013,
  "nDCG@10_ci95_low": 0.274054518081096,
  "nDCG@10_ci95_high": 0.3111546310896561,
  "nDCG@100": 0.3582356656334366,
  "nDCG@100_std": 0.3239448997229289,
  "nDCG@100_stderr": 0.008409190600823766,
  "nDCG@100_ci90_low": 0.3443951321735002,
  "nDCG@100_ci90_high": 0.37207619909337303,
  "nDCG@100_ci95_low": 0.34174049241137494,
  "nDCG@100_ci95_high": 0.3747308388554983,
  "RR@1": 0.15296495956873316,
  "RR@3": 0.21248876909254266,
  "RR@5": 0.22829065588499522,
  "RR@10": 0.24272665040859082,
  "RR@100": 0.25518704561467964,
  "P@1": 0.15296495956873316,
  "P@3": 0.09770889487870604,
  "P@5": 0.0731805929919144,
  "P@10": 0.04764150943396243,
  "P@100": 0.008126684636118457,
  "R@1": 0.1497079964061096,
  "R@3": 0.28548966756513927,
  "R@5": 0.35489667565139266,
  "R@10": 0.46086028751123087,
  "R@100": 0.7743149146451034,
  "AP": 0.2513435886947323
}