nDCG@1,nDCG@1_std,nDCG@1_stderr,nDCG@1_ci90_low,nDCG@1_ci90_high,nDCG@1_ci95_low,nDCG@1_ci95_high,nDCG@3,nDCG@3_std,nDCG@3_stderr,nDCG@3_ci90_low,nDCG@3_ci90_high,nDCG@3_ci95_low,nDCG@3_ci95_high,nDCG@5,nDCG@5_std,nDCG@5_stderr,nDCG@5_ci90_low,nDCG@5_ci90_high,nDCG@5_ci95_low,nDCG@5_ci95_high,nDCG@10,nDCG@10_std,nDCG@10_stderr,nDCG@10_ci90_low,nDCG@10_ci90_high,nDCG@10_ci95_low,nDCG@10_ci95_high,nDCG@100,nDCG@100_std,nDCG@100_stderr,nDCG@100_ci90_low,nDCG@100_ci90_high,nDCG@100_ci95_low,nDCG@100_ci95_high,RR@1,RR@3,RR@5,RR@10,RR@100,P@1,P@3,P@5,P@10,P@100,R@1,R@3,R@5,R@10,R@100,AP
0.15633423180592992,0.363294339279894,0.009430651156471135,0.1408124950448033,0.17185596856705654,0.13783539739877673,0.17483306621308312,0.23392921743288508,0.38002209068282944,0.009864881946925913,0.21769278813237955,0.25016564673339065,0.2145786111434056,0.25327982372236457,0.26310495883181756,0.376559857689768,0.009775006856538579,0.24701645330361882,0.2791934643600163,0.24393064836611714,0.28227926929751795,0.29426630909410284,0.3673074595814029,0.00953482656885851,0.27857311192147016,0.3099595062667355,0.275563127853303,0.3129694903349027,0.3614417506795647,0.3261474143696993,0.008466365032283067,0.34750711486552205,0.37537638649360733,0.34483442609888093,0.37804907526024845,0.15566037735849056,0.21664420485175198,0.23305256064689994,0.24630797287468426,0.2590822313039051,0.15633423180592992,0.09950584007187772,0.07452830188679313,0.04703504043126704,0.008126684636118457,0.15206648697214734,0.2908805031446541,0.36129829290206655,0.4553009883198562,0.7737533692722371,0.2552960638712055
