nDCG@1,nDCG@1_std,nDCG@1_stderr,nDCG@1_ci90_low,nDCG@1_ci90_high,nDCG@1_ci95_low,nDCG@1_ci95_high,nDCG@3,nDCG@3_std,nDCG@3_stderr,nDCG@3_ci90_low,nDCG@3_ci90_high,nDCG@3_ci95_low,nDCG@3_ci95_high,nDCG@5,nDCG@5_std,nDCG@5_stderr,nDCG@5_ci90_low,nDCG@5_ci90_high,nDCG@5_ci95_low,nDCG@5_ci95_high,nDCG@10,nDCG@10_std,nDCG@10_stderr,nDCG@10_ci90_low,nDCG@10_ci90_high,nDCG@10_ci95_low,nDCG@10_ci95_high,nDCG@100,nDCG@100_std,nDCG@100_stderr,nDCG@100_ci90_low,nDCG@100_ci90_high,nDCG@100_ci95_low,nDCG@100_ci95_high,RR@1,RR@3,RR@5,RR@10,RR@100,P@1,P@3,P@5,P@10,P@100,R@1,R@3,R@5,R@10,R@100,AP
0.6623989218328841,0.4730511426607842,0.0122797958108752,0.642187829842062,0.6826100138237061,0.6383113052420446,0.6864865384237235,0.742335590189339,0.3918986522182588,0.010173182123033822,0.7255917352511381,0.75907944512754,0.7223802330920001,0.762290947286678,0.7614059690927336,0.3663531074624642,0.009510052822226538,0.7457535465779086,0.7770583916075586,0.7427513831640693,0.7800605550213979,0.7805654439950958,0.3350473473740681,0.008697395781747903,0.7662505588835846,0.7948803291066069,0.7635049376026367,0.7976259503875548,0.7999521977351535,0.2945870947521971,0.0076470999556805695,0.7873659753705768,0.8125384200997301,0.7849519147824737,0.8149524806878332,0.6617250673854448,0.7277628032345018,0.7377358490566045,0.7453838296324823,0.7495081712284679,0.6623989218328841,0.2809973045822066,0.17870619946091265,0.0955525606468981,0.010478436657681754,0.6408917340521113,0.7991913746630728,0.8438903863432167,0.9004941599281221,0.9857929020664868,0.7441674866363615
