{
  "nDCG@1": 0.6623989218328841,
  "nDCG@1_std": 0.4730511426607842,
  "nDCG@1_stderr": 0.0122797958108752,
  "nDCG@1_ci90_low": 0.642187829842062,
  "nDCG@1_ci90_high": 0.6826100138237061,
  "nDCG@1_ci95_low": 0.6383113052420446,
  "nDCG@1_ci95_high": 0.6864865384237235,
  "nDCG@3": 0.742335590189339,
  "nDCG@3_std": 0.3918986522182588,
  "nDCG@3_stderr": 0.010173182123033822,
  "nDCG@3_ci90_low": 0.7255917352511381,
  "nDCG@3_ci90_high": 0.75907944512754,
  "nDCG@3_ci95_low": 0.7223802330920001,
  "nDCG@3_ci95_high": 0.762290947286678,
  "nDCG@5": 0.7614059690927336,
  "nDCG@5_std": 0.3663531074624642,
  "nDCG@5_stderr": 0.009510052822226538,
  "nDCG@5_ci90_low": 0.7457535465779086,
  "nDCG@5_ci90_high": 0.7770583916075586,
  "nDCG@5_ci95_low": 0.7427513831640693,
  "nDCG@5_ci95_high": 0.7800605550213979,
  "nDCG@10": 0.7805654439950958,
  "nDCG@10_std": 0.3350473473740681,
  "nDCG@10_stderr": 0.008697395781747903,
  "nDCG@10_ci90_low": 0.7662505588835846,
  "nDCG@10_ci90_high": 0.7948803291066069,
  "nDCG@10_ci95_low": 0.7635049376026367,
  "nDCG@10_ci95_high": 0.7976259503875548,
  "nDCG@100": 0.7999521977351535,
  "nDCG@100_std": 0.2945870947521971,
  "nDCG@100_stderr": 0.0076470999556805695,
  "nDCG@100_ci90_low": 0.7873659753705768,
  "nDCG@100_ci90_high": 0.8125384200997301,
  "nDCG@100_ci95_low": 0.7849519147824737,
  "nDCG@100_ci95_high": 0.8149524806878332,
  "RR@1": 0.6617250673854448,
  "RR@3": 0.7277628032345018,
  "RR@5": 0.7377358490566045,
  "RR@10": 0.7453838296324823,
  "RR@100": 0.7495081712284679,
  "P@1": 0.6623989218328841,
  "P@3": 0.2809973045822066,
  "P@5": 0.17870619946091265,
  "P@10": 0.0955525606468981,
  "P@100": 0.010478436657681754,
  "R@1": 0.6408917340521113,
  "R@3": 0.7991913746630728,
  "R@5": 0.8438903863432167,
  "R@10": 0.9004941599281221,
  "R@100": 0.9857929020664868,
  "AP": 0.7441674866363615
}