nDCG@1,nDCG@1_std,nDCG@1_stderr,nDCG@1_ci90_low,nDCG@1_ci90_high,nDCG@1_ci95_low,nDCG@1_ci95_high,nDCG@3,nDCG@3_std,nDCG@3_stderr,nDCG@3_ci90_low,nDCG@3_ci90_high,nDCG@3_ci95_low,nDCG@3_ci95_high,nDCG@5,nDCG@5_std,nDCG@5_stderr,nDCG@5_ci90_low,nDCG@5_ci90_high,nDCG@5_ci95_low,nDCG@5_ci95_high,nDCG@10,nDCG@10_std,nDCG@10_stderr,nDCG@10_ci90_low,nDCG@10_ci90_high,nDCG@10_ci95_low,nDCG@10_ci95_high,nDCG@100,nDCG@100_std,nDCG@100_stderr,nDCG@100_ci90_low,nDCG@100_ci90_high,nDCG@100_ci95_low,nDCG@100_ci95_high,RR@1,RR@3,RR@5,RR@10,RR@100,P@1,P@3,P@5,P@10,P@100,R@1,R@3,R@5,R@10,R@100,AP
0.6469002695417789,0.47809448505694907,0.01241071445633262,0.6264737009398303,0.6673268381437275,0.6225558475296654,0.6712446915538924,0.7303359915463714,0.3974847966758928,0.010318191207937326,0.7133534687997127,0.7473185142930301,0.7100961897161444,0.7505757933765984,0.7531637300879329,0.3669077062897605,0.009524449490455354,0.7374876123594076,0.7688398478164582,0.7344809041600192,0.7718465560158466,0.7708116826260446,0.3382772466371663,0.00878123978900989,0.7563588001919599,0.7852645650601293,0.7535867107708474,0.7880366544812418,0.7899697172796846,0.3001406576165836,0.00779126326456497,0.7771462191539765,0.8027932154053926,0.7746866486386794,0.8052527859206897,0.6469002695417789,0.714398023360288,0.7266284815813128,0.7336010032944,0.7376913748384494,0.6469002695417789,0.27807726864330273,0.1787061994609126,0.0952156334231784,0.010417789757412213,0.6264038634321653,0.7899820305480683,0.8446765498652291,0.897911051212938,0.9801774483378258,0.7325085231178913
