nDCG@1,nDCG@1_std,nDCG@1_stderr,nDCG@1_ci90_low,nDCG@1_ci90_high,nDCG@1_ci95_low,nDCG@1_ci95_high,nDCG@3,nDCG@3_std,nDCG@3_stderr,nDCG@3_ci90_low,nDCG@3_ci90_high,nDCG@3_ci95_low,nDCG@3_ci95_high,nDCG@5,nDCG@5_std,nDCG@5_stderr,nDCG@5_ci90_low,nDCG@5_ci90_high,nDCG@5_ci95_low,nDCG@5_ci95_high,nDCG@10,nDCG@10_std,nDCG@10_stderr,nDCG@10_ci90_low,nDCG@10_ci90_high,nDCG@10_ci95_low,nDCG@10_ci95_high,nDCG@100,nDCG@100_std,nDCG@100_stderr,nDCG@100_ci90_low,nDCG@100_ci90_high,nDCG@100_ci95_low,nDCG@100_ci95_high,RR@1,RR@3,RR@5,RR@10,RR@100,P@1,P@3,P@5,P@10,P@100,R@1,R@3,R@5,R@10,R@100,AP
0.6192722371967655,0.4857294699881315,0.01260890878992344,0.5985194641554307,0.6400250102381003,0.5945390441340955,0.6440054302594355,0.6994029409586617,0.4152255249555815,0.010778717567910658,0.6816624462742794,0.7171434356430441,0.6782597867795962,0.7205460951377273,0.7212291783010253,0.3900667966737484,0.010125629522452242,0.7045635893209525,0.737894767281098,0.7013670987164682,0.7410912578855824,0.7385640817255348,0.3650756774773489,0.00947689239206317,0.7229662373580021,0.7541619260930674,0.7199745421331503,0.7571536213179193,0.7619010571581245,0.32319505928584,0.00838972571293364,0.7480925606022049,0.7757095537140442,0.7454440655771668,0.7783580487390822,0.6192722371967655,0.6853099730458228,0.6966644204851762,0.7035032409190097,0.7081858200689332,0.6192722371967655,0.26549865229110203,0.1708894878706165,0.09117250673854249,0.010256064690026772,0.599618149146451,0.7557839173405211,0.8070530098831985,0.8595013477088949,0.9643418688230009,0.7024323119490069
