nDCG@1,nDCG@1_std,nDCG@1_stderr,nDCG@1_ci90_low,nDCG@1_ci90_high,nDCG@1_ci95_low,nDCG@1_ci95_high,nDCG@3,nDCG@3_std,nDCG@3_stderr,nDCG@3_ci90_low,nDCG@3_ci90_high,nDCG@3_ci95_low,nDCG@3_ci95_high,nDCG@5,nDCG@5_std,nDCG@5_stderr,nDCG@5_ci90_low,nDCG@5_ci90_high,nDCG@5_ci95_low,nDCG@5_ci95_high,nDCG@10,nDCG@10_std,nDCG@10_stderr,nDCG@10_ci90_low,nDCG@10_ci90_high,nDCG@10_ci95_low,nDCG@10_ci95_high,nDCG@100,nDCG@100_std,nDCG@100_stderr,nDCG@100_ci90_low,nDCG@100_ci90_high,nDCG@100_ci95_low,nDCG@100_ci95_high,RR@1,RR@3,RR@5,RR@10,RR@100,P@1,P@3,P@5,P@10,P@100,R@1,R@3,R@5,R@10,R@100,AP
0.6381401617250674,0.4807005359793878,0.012478364167567412,0.6176022496970572,0.6586780737530775,0.6136630404130794,0.6626172830370554,0.7137450289453495,0.4101146536316913,0.010646045958832583,0.69622289604295,0.7312671618477491,0.6928621187394884,0.7346279391512106,0.7363238144599368,0.3822375907059018,0.009922393461958499,0.7199927280056189,0.7526549009142547,0.7168603956005254,0.7557872333193482,0.7536809006186816,0.3561750742141532,0.009245844243546112,0.7384633341854003,0.768898467051963,0.7355445769674428,0.7718172242699205,0.7759179800997202,0.31446604862296607,0.008163131886380072,0.7624824301907611,0.7893535300086794,0.7599054670182372,0.7919304931812032,0.637466307277628,0.7002470799640617,0.7118036837376469,0.7190075086638436,0.7234141085805889,0.6381401617250674,0.26999101527403097,0.17398921832883738,0.092654986522909,0.010350404312668279,0.6171383647798742,0.7676886792452831,0.8212039532794249,0.8733153638814016,0.9733265947888589,0.717794714502029
