{
  "nDCG@1": 0.6381401617250674,
  "nDCG@1_std": 0.4807005359793878,
  "nDCG@1_stderr": 0.012478364167567412,
  "nDCG@1_ci90_low": 0.6176022496970572,
  "nDCG@1_ci90_high": 0.6586780737530775,
  "nDCG@1_ci95_low": 0.6136630404130794,
  "nDCG@1_ci95_high": 0.6626172830370554,
  "nDCG@3": 0.7137450289453495,
  "nDCG@3_std": 0.4101146536316913,
  "nDCG@3_stderr": 0.010646045958832583,
  "nDCG@3_ci90_low": 0.69622289604295,
  "nDCG@3_ci90_high": 0.7312671618477491,
  "nDCG@3_ci95_low": 0.6928621187394884,
  "nDCG@3_ci95_high": 0.7346279391512106,
  "nDCG@5": 0.7363238144599368,
  "nDCG@5_std": 0.3822375907059018,
  "nDCG@5_stderr": 0.009922393461958499,
  "nDCG@5_ci90_low": 0.7199927280056189,
  "nDCG@5_ci90_high": 0.7526549009142547,
  "nDCG@5_ci95_low": 0.7168603956005254,
  "nDCG@5_ci95_high": 0.7557872333193482,
  "nDCG@10": 0.7536809006186816,
  "nDCG@10_std": 0.3561750742141532,
  "nDCG@10_stderr": 0.009245844243546112,
  "nDCG@10_ci90_low": 0.7384633341854003,
  "nDCG@10_ci90_high": 0.768898467051963,
  "nDCG@10_ci95_low": 0.7355445769674428,
  "nDCG@10_ci95_high": 0.7718172242699205,
  "nDCG@100": 0.7759179800997202,
  "nDCG@100_std": 0.31446604862296607,
  "nDCG@100_stderr": 0.008163131886380072,
  "nDCG@100_ci90_low": 0.7624824301907611,
  "nDCG@100_ci90_high": 0.7893535300086794,
  "nDCG@100_ci95_low": 0.7599054670182372,
  "nDCG@100_ci95_high": 0.7919304931812032,
  "RR@1": 0.637466307277628,
  "RR@3": 0.7002470799640617,
  "RR@5": 0.7118036837376469,
  "RR@10": 0.7190075086638436,
  "RR@100": 0.7234141085805889,
  "P@1": 0.6381401617250674,
  "P@3": 0.26999101527403097,
  "P@5": 0.17398921832883738,
  "P@10": 0.092654986522909,
  "P@100": 0.010350404312668279,
  "R@1": 0.6171383647798742,
  "R@3": 0.7676886792452831,
  "R@5": 0.8212039532794249,
  "R@10": 0.8733153638814016,
  "R@100": 0.9733265947888589,
  "AP": 0.717794714502029
}