nDCG@1,nDCG@1_std,nDCG@1_stderr,nDCG@1_ci90_low,nDCG@1_ci90_high,nDCG@1_ci95_low,nDCG@1_ci95_high,nDCG@3,nDCG@3_std,nDCG@3_stderr,nDCG@3_ci90_low,nDCG@3_ci90_high,nDCG@3_ci95_low,nDCG@3_ci95_high,nDCG@5,nDCG@5_std,nDCG@5_stderr,nDCG@5_ci90_low,nDCG@5_ci90_high,nDCG@5_ci95_low,nDCG@5_ci95_high,nDCG@10,nDCG@10_std,nDCG@10_stderr,nDCG@10_ci90_low,nDCG@10_ci90_high,nDCG@10_ci95_low,nDCG@10_ci95_high,nDCG@100,nDCG@100_std,nDCG@100_stderr,nDCG@100_ci90_low,nDCG@100_ci90_high,nDCG@100_ci95_low,nDCG@100_ci95_high,RR@1,RR@3,RR@5,RR@10,RR@100,P@1,P@3,P@5,P@10,P@100,R@1,R@3,R@5,R@10,R@100,AP
0.807277628032345,0.3945698526102072,0.010242523030231624,0.7904196461594876,0.8241356099052025,0.7871862542444711,0.827369001820219,0.8705579105610499,0.28494393739043306,0.0073967760631971,0.8583836917262065,0.8827321293958933,0.8560486541725357,0.8850671669495641,0.8832004321589766,0.2574608944678256,0.006683351815973279,0.8722004252826377,0.8942004390353154,0.8700906037412856,0.8963102605766676,0.8936219629401629,0.22807749160121263,0.005920596682561772,0.8838773608283071,0.9033665650520187,0.8820083282287255,0.9052355976516003,0.8987744306754363,0.2119482500781534,0.005501902434465463,0.8897189497912159,0.9078299115596566,0.8879820919099788,0.9095667694408938,0.807277628032345,0.8602875112309074,0.8660152740341424,0.8700434261755019,0.8710866190070791,0.807277628032345,0.3212039532794195,0.2001347708894829,0.10357142857142589,0.010613207547169622,0.7832434860736749,0.9163858939802335,0.9460916442048517,0.977088948787062,0.9973045822102425,0.865779672695001
