{
  "nDCG@1": 0.7681940700808625,
  "nDCG@1_std": 0.42212796194532504,
  "nDCG@1_stderr": 0.010957895904432007,
  "nDCG@1_ci90_low": 0.7501586690398949,
  "nDCG@1_ci90_high": 0.7862294711218301,
  "nDCG@1_ci95_low": 0.7466994459638613,
  "nDCG@1_ci95_high": 0.7896886941978637,
  "nDCG@3": 0.8377712353869449,
  "nDCG@3_std": 0.3198340264276881,
  "nDCG@3_stderr": 0.008302477647154536,
  "nDCG@3_ci90_low": 0.8241063388314357,
  "nDCG@3_ci90_high": 0.851436131942454,
  "nDCG@3_ci95_low": 0.8214853865504714,
  "nDCG@3_ci95_high": 0.8540570842234183,
  "nDCG@5": 0.8525535199247904,
  "nDCG@5_std": 0.2912565671077886,
  "nDCG@5_stderr": 0.00756064376579427,
  "nDCG@5_ci90_low": 0.8401095942265331,
  "nDCG@5_ci90_high": 0.8649974456230478,
  "nDCG@5_ci95_low": 0.8377228264006289,
  "nDCG@5_ci95_high": 0.867384213448952,
  "nDCG@10": 0.8653540537696995,
  "nDCG@10_std": 0.2605982818547268,
  "nDCG@10_stderr": 0.006764794334585666,
  "nDCG@10_ci90_low": 0.854220002137162,
  "nDCG@10_ci90_high": 0.8764881054022371,
  "nDCG@10_ci95_low": 0.8520844705651422,
  "nDCG@10_ci95_high": 0.8786236369742568,
  "nDCG@100": 0.8731675791544815,
  "nDCG@100_std": 0.23906383991595526,
  "nDCG@100_stderr": 0.006205788074877959,
  "nDCG@100_ci90_low": 0.8629535857307614,
  "nDCG@100_ci90_high": 0.8833815725782016,
  "nDCG@100_ci95_low": 0.8609945230146326,
  "nDCG@100_ci95_high": 0.8853406352943304,
  "RR@1": 0.7675202156334232,
  "RR@3": 0.8246855345911949,
  "RR@5": 0.8323000898472602,
  "RR@10": 0.8372186925084502,
  "RR@100": 0.8388695357611055,
  "P@1": 0.7681940700808625,
  "P@3": 0.3115453728661224,
  "P@5": 0.19528301886791985,
  "P@10": 0.10195417789757155,
  "P@100": 0.01057277628032326,
  "R@1": 0.7451707097933514,
  "R@3": 0.8882524707996405,
  "R@5": 0.9235175202156334,
  "R@10": 0.9617587601078167,
  "R@100": 0.9939353099730458,
  "AP": 0.8340904730500074
}