nDCG@1,nDCG@1_std,nDCG@1_stderr,nDCG@1_ci90_low,nDCG@1_ci90_high,nDCG@1_ci95_low,nDCG@1_ci95_high,nDCG@3,nDCG@3_std,nDCG@3_stderr,nDCG@3_ci90_low,nDCG@3_ci90_high,nDCG@3_ci95_low,nDCG@3_ci95_high,nDCG@5,nDCG@5_std,nDCG@5_stderr,nDCG@5_ci90_low,nDCG@5_ci90_high,nDCG@5_ci95_low,nDCG@5_ci95_high,nDCG@10,nDCG@10_std,nDCG@10_stderr,nDCG@10_ci90_low,nDCG@10_ci90_high,nDCG@10_ci95_low,nDCG@10_ci95_high,nDCG@100,nDCG@100_std,nDCG@100_stderr,nDCG@100_ci90_low,nDCG@100_ci90_high,nDCG@100_ci95_low,nDCG@100_ci95_high,RR@1,RR@3,RR@5,RR@10,RR@100,P@1,P@3,P@5,P@10,P@100,R@1,R@3,R@5,R@10,R@100,AP
0.8322102425876011,0.3738054477229365,0.009703505936401525,0.8162394191199656,0.8481810660552367,0.8131761858180272,0.851244299357175,0.8845171416856477,0.27609566489364507,0.007167086353690461,0.8727209649550609,0.8963133184162344,0.870458436571981,0.8985758467993143,0.8979516012255188,0.24294057886466286,0.006306423203744635,0.8875719742783788,0.9083312281726588,0.8855811427479565,0.910322059703081,0.9071911535023811,0.2158040513184669,0.005601994047503425,0.8979709336575318,0.9164113733472304,0.896202478540789,0.9181798284639732,0.9117633660135573,0.20028205364622384,0.005199063064354515,0.9032063229260253,0.9203204091010894,0.9015650663305237,0.921961665696591,0.8328840970350404,0.8767969451931715,0.8833670260557056,0.8866988619347109,0.8877384172038226,0.8322102425876011,0.3236747529200304,0.20175202156333724,0.10411051212937736,0.010626684636118407,0.808176100628931,0.921832884097035,0.9538409703504043,0.9810197663971248,0.9986522911051213,0.8826642175216258
