{
  "nDCG@1": 0.8295148247978437,
  "nDCG@1_std": 0.3761852482226634,
  "nDCG@1_stderr": 0.009765282479298962,
  "nDCG@1_ci90_low": 0.8134423244448099,
  "nDCG@1_ci90_high": 0.8455873251508774,
  "nDCG@1_ci95_low": 0.8103595893293288,
  "nDCG@1_ci95_high": 0.8486700602663585,
  "nDCG@3": 0.8828079980793408,
  "nDCG@3_std": 0.27750494382806146,
  "nDCG@3_stderr": 0.007203669412041956,
  "nDCG@3_ci90_low": 0.8709516099601418,
  "nDCG@3_ci90_high": 0.8946643861985399,
  "nDCG@3_ci95_low": 0.8686775329220332,
  "nDCG@3_ci95_high": 0.8969384632366485,
  "nDCG@5": 0.8960978395959274,
  "nDCG@5_std": 0.245213465944364,
  "nDCG@5_stderr": 0.006365424412541885,
  "nDCG@5_ci90_low": 0.8856211036351737,
  "nDCG@5_ci90_high": 0.9065745755566811,
  "nDCG@5_ci95_low": 0.8836116464174146,
  "nDCG@5_ci95_high": 0.9085840327744401,
  "nDCG@10": 0.9060492394884899,
  "nDCG@10_std": 0.2160414466214228,
  "nDCG@10_stderr": 0.005608156522516935,
  "nDCG@10_ci90_low": 0.8968188769383947,
  "nDCG@10_ci90_high": 0.9152796020385852,
  "nDCG@10_ci95_low": 0.8950484764321394,
  "nDCG@10_ci95_high": 0.9170500025448405,
  "nDCG@100": 0.910289073466017,
  "nDCG@100_std": 0.201864468864776,
  "nDCG@100_stderr": 0.005240140516704685,
  "nDCG@100_ci90_low": 0.9016644217487501,
  "nDCG@100_ci90_high": 0.9189137251832838,
  "nDCG@100_ci95_low": 0.9000101976937731,
  "nDCG@100_ci95_high": 0.9205679492382608,
  "RR@1": 0.8288409703504043,
  "RR@3": 0.8742138364779872,
  "RR@5": 0.8805480682839176,
  "RR@10": 0.8842080071022119,
  "RR@100": 0.8850827866780211,
  "P@1": 0.8295148247978437,
  "P@3": 0.32322551662173743,
  "P@5": 0.2013477088948736,
  "P@10": 0.10417789757412128,
  "P@100": 0.010626684636118407,
  "R@1": 0.8054806828391735,
  "R@3": 0.9206536388140162,
  "R@5": 0.9524932614555256,
  "R@10": 0.9820305480682838,
  "R@100": 0.9986522911051213,
  "AP": 0.8807695987916465
}