nDCG@1,nDCG@1_std,nDCG@1_stderr,nDCG@1_ci90_low,nDCG@1_ci90_high,nDCG@1_ci95_low,nDCG@1_ci95_high,nDCG@3,nDCG@3_std,nDCG@3_stderr,nDCG@3_ci90_low,nDCG@3_ci90_high,nDCG@3_ci95_low,nDCG@3_ci95_high,nDCG@5,nDCG@5_std,nDCG@5_stderr,nDCG@5_ci90_low,nDCG@5_ci90_high,nDCG@5_ci95_low,nDCG@5_ci95_high,nDCG@10,nDCG@10_std,nDCG@10_stderr,nDCG@10_ci90_low,nDCG@10_ci90_high,nDCG@10_ci95_low,nDCG@10_ci95_high,nDCG@100,nDCG@100_std,nDCG@100_stderr,nDCG@100_ci90_low,nDCG@100_ci90_high,nDCG@100_ci95_low,nDCG@100_ci95_high,RR@1,RR@3,RR@5,RR@10,RR@100,P@1,P@3,P@5,P@10,P@100,R@1,R@3,R@5,R@10,R@100,AP
0.8308625336927223,0.3749996592103404,0.009734506122000565,0.8148406875849286,0.8468843798005161,0.8117676680468076,0.8499573993386371,0.883682815207981,0.2769922734067933,0.007190361151002699,0.871848330912937,0.8955172995030249,0.8695784550685695,0.8977871753473925,0.8976976306998553,0.24305617722201833,0.006309423987584652,0.8873130648173153,0.9080821965823953,0.8853212859900036,0.910073975409707,0.9066574364147594,0.21620187552048983,0.005612321049235178,0.8974202195460829,0.9158946532834359,0.8956485043689227,0.917666368460596,0.9112234772629255,0.20073243039720504,0.005210754262284842,0.9026471918459206,0.9197997626799305,0.9010022445362509,0.9214447099896002,0.8308625336927223,0.8756738544474392,0.8822102425876016,0.8855447524921918,0.886576781489486,0.8308625336927223,0.32345013477088397,0.20202156334231297,0.10411051212937736,0.010626684636118407,0.8068283917340522,0.9211590296495957,0.9545148247978437,0.9810197663971248,0.9986522911051213,0.8819690342937538
