{
  "nDCG@1": 0.807277628032345,
  "nDCG@1_std": 0.3945698526102072,
  "nDCG@1_stderr": 0.010242523030231624,
  "nDCG@1_ci90_low": 0.7904196461594876,
  "nDCG@1_ci90_high": 0.8241356099052025,
  "nDCG@1_ci95_low": 0.7871862542444711,
  "nDCG@1_ci95_high": 0.827369001820219,
  "nDCG@3": 0.8705579105610499,
  "nDCG@3_std": 0.28494393739043306,
  "nDCG@3_stderr": 0.0073967760631971,
  "nDCG@3_ci90_low": 0.8583836917262065,
  "nDCG@3_ci90_high": 0.8827321293958933,
  "nDCG@3_ci95_low": 0.8560486541725357,
  "nDCG@3_ci95_high": 0.8850671669495641,
  "nDCG@5": 0.8832004321589766,
  "nDCG@5_std": 0.2574608944678256,
  "nDCG@5_stderr": 0.006683351815973279,
  "nDCG@5_ci90_low": 0.8722004252826377,
  "nDCG@5_ci90_high": 0.8942004390353154,
  "nDCG@5_ci95_low": 0.8700906037412856,
  "nDCG@5_ci95_high": 0.8963102605766676,
  "nDCG@10": 0.8936219629401629,
  "nDCG@10_std": 0.22807749160121263,
  "nDCG@10_stderr": 0.005920596682561772,
  "nDCG@10_ci90_low": 0.8838773608283071,
  "nDCG@10_ci90_high": 0.9033665650520187,
  "nDCG@10_ci95_low": 0.8820083282287255,
  "nDCG@10_ci95_high": 0.9052355976516003,
  "nDCG@100": 0.8987744306754363,
  "nDCG@100_std": 0.2119482500781534,
  "nDCG@100_stderr": 0.005501902434465463,
  "nDCG@100_ci90_low": 0.8897189497912159,
  "nDCG@100_ci90_high": 0.9078299115596566,
  "nDCG@100_ci95_low": 0.8879820919099788,
  "nDCG@100_ci95_high": 0.9095667694408938,
  "RR@1": 0.807277628032345,
  "RR@3": 0.8602875112309074,
  "RR@5": 0.8660152740341424,
  "RR@10": 0.8700434261755019,
  "RR@100": 0.8710866190070791,
  "P@1": 0.807277628032345,
  "P@3": 0.3212039532794195,
  "P@5": 0.2001347708894829,
  "P@10": 0.10357142857142589,
  "P@100": 0.010613207547169622,
  "R@1": 0.7832434860736749,
  "R@3": 0.9163858939802335,
  "R@5": 0.9460916442048517,
  "R@10": 0.977088948787062,
  "R@100": 0.9973045822102425,
  "AP": 0.865779672695001
}