{
  "nDCG@1": 0.8322102425876011,
  "nDCG@1_std": 0.3738054477229365,
  "nDCG@1_stderr": 0.009703505936401525,
  "nDCG@1_ci90_low": 0.8162394191199656,
  "nDCG@1_ci90_high": 0.8481810660552367,
  "nDCG@1_ci95_low": 0.8131761858180272,
  "nDCG@1_ci95_high": 0.851244299357175,
  "nDCG@3": 0.8845171416856477,
  "nDCG@3_std": 0.27609566489364507,
  "nDCG@3_stderr": 0.007167086353690461,
  "nDCG@3_ci90_low": 0.8727209649550609,
  "nDCG@3_ci90_high": 0.8963133184162344,
  "nDCG@3_ci95_low": 0.870458436571981,
  "nDCG@3_ci95_high": 0.8985758467993143,
  "nDCG@5": 0.8979516012255188,
  "nDCG@5_std": 0.24294057886466286,
  "nDCG@5_stderr": 0.006306423203744635,
  "nDCG@5_ci90_low": 0.8875719742783788,
  "nDCG@5_ci90_high": 0.9083312281726588,
  "nDCG@5_ci95_low": 0.8855811427479565,
  "nDCG@5_ci95_high": 0.910322059703081,
  "nDCG@10": 0.9071911535023811,
  "nDCG@10_std": 0.2158040513184669,
  "nDCG@10_stderr": 0.005601994047503425,
  "nDCG@10_ci90_low": 0.8979709336575318,
  "nDCG@10_ci90_high": 0.9164113733472304,
  "nDCG@10_ci95_low": 0.896202478540789,
  "nDCG@10_ci95_high": 0.9181798284639732,
  "nDCG@100": 0.9117633660135573,
  "nDCG@100_std": 0.20028205364622384,
  "nDCG@100_stderr": 0.005199063064354515,
  "nDCG@100_ci90_low": 0.9032063229260253,
  "nDCG@100_ci90_high": 0.9203204091010894,
  "nDCG@100_ci95_low": 0.9015650663305237,
  "nDCG@100_ci95_high": 0.921961665696591,
  "RR@1": 0.8328840970350404,
  "RR@3": 0.8767969451931715,
  "RR@5": 0.8833670260557056,
  "RR@10": 0.8866988619347109,
  "RR@100": 0.8877384172038226,
  "P@1": 0.8322102425876011,
  "P@3": 0.3236747529200304,
  "P@5": 0.20175202156333724,
  "P@10": 0.10411051212937736,
  "P@100": 0.010626684636118407,
  "R@1": 0.808176100628931,
  "R@3": 0.921832884097035,
  "R@5": 0.9538409703504043,
  "R@10": 0.9810197663971248,
  "R@100": 0.9986522911051213,
  "AP": 0.8826642175216258
}