nDCG@1,nDCG@1_std,nDCG@1_stderr,nDCG@1_ci90_low,nDCG@1_ci90_high,nDCG@1_ci95_low,nDCG@1_ci95_high,nDCG@3,nDCG@3_std,nDCG@3_stderr,nDCG@3_ci90_low,nDCG@3_ci90_high,nDCG@3_ci95_low,nDCG@3_ci95_high,nDCG@5,nDCG@5_std,nDCG@5_stderr,nDCG@5_ci90_low,nDCG@5_ci90_high,nDCG@5_ci95_low,nDCG@5_ci95_high,nDCG@10,nDCG@10_std,nDCG@10_stderr,nDCG@10_ci90_low,nDCG@10_ci90_high,nDCG@10_ci95_low,nDCG@10_ci95_high,nDCG@100,nDCG@100_std,nDCG@100_stderr,nDCG@100_ci90_low,nDCG@100_ci90_high,nDCG@100_ci95_low,nDCG@100_ci95_high,RR@1,RR@3,RR@5,RR@10,RR@100,P@1,P@3,P@5,P@10,P@100,R@1,R@3,R@5,R@10,R@100,AP
0.7877358490566038,0.4090486903216171,0.010618374930038593,0.7702592593958875,0.8052124387173201,0.7669072173699077,0.8085644807432998,0.8531696591645657,0.3048453870306662,0.007913391954975472,0.8401451516544493,0.8661941666746821,0.8376470271696858,0.8686922911594456,0.867045443826549,0.2764461891297479,0.007176185509485529,0.8552342909613713,0.8788565966917268,0.8529688901281447,0.8811219975249533,0.8797266363749351,0.24365790361955353,0.006325044026581248,0.8693163617550576,0.8901369109948126,0.8673196519446614,0.8921336208052087,0.885628394245166,0.22660350591749398,0.005882333920691228,0.8759467681153135,0.8953100203750186,0.8740898144248553,0.8971669740654767,0.7870619946091644,0.8414195867026053,0.848495058400719,0.8532829012107987,0.8544625714255617,0.7877358490566038,0.31603773584905126,0.19743935309972568,0.1029649595687305,0.010592991913746441,0.764375561545373,0.9010557053009882,0.9336253369272237,0.9716981132075472,0.9956199460916442,0.8494453063708785
