{
  "nDCG@1": 0.8214285714285714,
  "nDCG@1_std": 0.38312215227800445,
  "nDCG@1_stderr": 0.009945355536262919,
  "nDCG@1_ci90_low": 0.805059692114892,
  "nDCG@1_ci90_high": 0.8377974507422508,
  "nDCG@1_ci95_low": 0.8019201109698946,
  "nDCG@1_ci95_high": 0.8409370318872482,
  "nDCG@3": 0.8798756792075031,
  "nDCG@3_std": 0.27736858581420054,
  "nDCG@3_stderr": 0.00720012973436996,
  "nDCG@3_ci90_low": 0.8680251169792348,
  "nDCG@3_ci90_high": 0.8917262414357714,
  "nDCG@3_ci95_low": 0.865752157357717,
  "nDCG@3_ci95_high": 0.8939992010572891,
  "nDCG@5": 0.8911874794540928,
  "nDCG@5_std": 0.251029150537721,
  "nDCG@5_stderr": 0.006516392062477544,
  "nDCG@5_ci90_low": 0.8804622685913553,
  "nDCG@5_ci90_high": 0.9019126903168303,
  "nDCG@5_ci95_low": 0.8784051534305983,
  "nDCG@5_ci95_high": 0.9039698054775873,
  "nDCG@10": 0.9017726124261511,
  "nDCG@10_std": 0.2198564753842653,
  "nDCG@10_stderr": 0.005707189734775584,
  "nDCG@10_ci90_low": 0.8923792529179686,
  "nDCG@10_ci90_high": 0.9111659719343337,
  "nDCG@10_ci95_low": 0.8905775892954977,
  "nDCG@10_ci95_high": 0.9129676355568046,
  "nDCG@100": 0.9064169436625823,
  "nDCG@100_std": 0.20488057564607684,
  "nDCG@100_stderr": 0.005318434747662138,
  "nDCG@100_ci90_low": 0.8976634288983557,
  "nDCG@100_ci90_high": 0.9151704584268089,
  "nDCG@100_ci95_low": 0.8959844886740694,
  "nDCG@100_ci95_high": 0.9168493986510952,
  "RR@1": 0.8207547169811321,
  "RR@3": 0.8699460916442049,
  "RR@5": 0.8752695417789763,
  "RR@10": 0.8792396675651395,
  "RR@100": 0.880186825385322,
  "P@1": 0.8214285714285714,
  "P@3": 0.3234501347708839,
  "P@5": 0.20067385444743435,
  "P@10": 0.10390835579514554,
  "P@100": 0.010626684636118407,
  "R@1": 0.7970575022461815,
  "R@3": 0.9217767295597483,
  "R@5": 0.9487870619946092,
  "R@10": 0.9804582210242587,
  "R@100": 0.9986522911051213,
  "AP": 0.8756297965652482
}