nDCG@1,nDCG@1_std,nDCG@1_stderr,nDCG@1_ci90_low,nDCG@1_ci90_high,nDCG@1_ci95_low,nDCG@1_ci95_high,nDCG@3,nDCG@3_std,nDCG@3_stderr,nDCG@3_ci90_low,nDCG@3_ci90_high,nDCG@3_ci95_low,nDCG@3_ci95_high,nDCG@5,nDCG@5_std,nDCG@5_stderr,nDCG@5_ci90_low,nDCG@5_ci90_high,nDCG@5_ci95_low,nDCG@5_ci95_high,nDCG@10,nDCG@10_std,nDCG@10_stderr,nDCG@10_ci90_low,nDCG@10_ci90_high,nDCG@10_ci95_low,nDCG@10_ci95_high,nDCG@100,nDCG@100_std,nDCG@100_stderr,nDCG@100_ci90_low,nDCG@100_ci90_high,nDCG@100_ci95_low,nDCG@100_ci95_high,RR@1,RR@3,RR@5,RR@10,RR@100,P@1,P@3,P@5,P@10,P@100,R@1,R@3,R@5,R@10,R@100,AP
0.7681940700808625,0.42212796194532504,0.010957895904432007,0.7501586690398949,0.7862294711218301,0.7466994459638613,0.7896886941978637,0.8377712353869449,0.3198340264276881,0.008302477647154536,0.8241063388314357,0.851436131942454,0.8214853865504714,0.8540570842234183,0.8525535199247904,0.2912565671077886,0.00756064376579427,0.8401095942265331,0.8649974456230478,0.8377228264006289,0.867384213448952,0.8653540537696995,0.2605982818547268,0.006764794334585666,0.854220002137162,0.8764881054022371,0.8520844705651422,0.8786236369742568,0.8731675791544815,0.23906383991595526,0.006205788074877959,0.8629535857307614,0.8833815725782016,0.8609945230146326,0.8853406352943304,0.7675202156334232,0.8246855345911949,0.8323000898472602,0.8372186925084502,0.8388695357611055,0.7681940700808625,0.3115453728661224,0.19528301886791985,0.10195417789757155,0.01057277628032326,0.7451707097933514,0.8882524707996405,0.9235175202156334,0.9617587601078167,0.9939353099730458,0.8340904730500074
