nDCG@1,nDCG@1_std,nDCG@1_stderr,nDCG@1_ci90_low,nDCG@1_ci90_high,nDCG@1_ci95_low,nDCG@1_ci95_high,nDCG@3,nDCG@3_std,nDCG@3_stderr,nDCG@3_ci90_low,nDCG@3_ci90_high,nDCG@3_ci95_low,nDCG@3_ci95_high,nDCG@5,nDCG@5_std,nDCG@5_stderr,nDCG@5_ci90_low,nDCG@5_ci90_high,nDCG@5_ci95_low,nDCG@5_ci95_high,nDCG@10,nDCG@10_std,nDCG@10_stderr,nDCG@10_ci90_low,nDCG@10_ci90_high,nDCG@10_ci95_low,nDCG@10_ci95_high,nDCG@100,nDCG@100_std,nDCG@100_stderr,nDCG@100_ci90_low,nDCG@100_ci90_high,nDCG@100_ci95_low,nDCG@100_ci95_high,RR@1,RR@3,RR@5,RR@10,RR@100,P@1,P@3,P@5,P@10,P@100,R@1,R@3,R@5,R@10,R@100,AP
0.8295148247978437,0.3761852482226634,0.009765282479298962,0.8134423244448099,0.8455873251508774,0.8103595893293288,0.8486700602663585,0.8828079980793408,0.27750494382806146,0.007203669412041956,0.8709516099601418,0.8946643861985399,0.8686775329220332,0.8969384632366485,0.8960978395959274,0.245213465944364,0.006365424412541885,0.8856211036351737,0.9065745755566811,0.8836116464174146,0.9085840327744401,0.9060492394884899,0.2160414466214228,0.005608156522516935,0.8968188769383947,0.9152796020385852,0.8950484764321394,0.9170500025448405,0.910289073466017,0.201864468864776,0.005240140516704685,0.9016644217487501,0.9189137251832838,0.9000101976937731,0.9205679492382608,0.8288409703504043,0.8742138364779872,0.8805480682839176,0.8842080071022119,0.8850827866780211,0.8295148247978437,0.32322551662173743,0.2013477088948736,0.10417789757412128,0.010626684636118407,0.8054806828391735,0.9206536388140162,0.9524932614555256,0.9820305480682838,0.9986522911051213,0.8807695987916465
