nDCG@1,nDCG@1_std,nDCG@1_stderr,nDCG@1_ci90_low,nDCG@1_ci90_high,nDCG@1_ci95_low,nDCG@1_ci95_high,nDCG@3,nDCG@3_std,nDCG@3_stderr,nDCG@3_ci90_low,nDCG@3_ci90_high,nDCG@3_ci95_low,nDCG@3_ci95_high,nDCG@5,nDCG@5_std,nDCG@5_stderr,nDCG@5_ci90_low,nDCG@5_ci90_high,nDCG@5_ci95_low,nDCG@5_ci95_high,nDCG@10,nDCG@10_std,nDCG@10_stderr,nDCG@10_ci90_low,nDCG@10_ci90_high,nDCG@10_ci95_low,nDCG@10_ci95_high,nDCG@100,nDCG@100_std,nDCG@100_stderr,nDCG@100_ci90_low,nDCG@100_ci90_high,nDCG@100_ci95_low,nDCG@100_ci95_high,RR@1,RR@3,RR@5,RR@10,RR@100,P@1,P@3,P@5,P@10,P@100,R@1,R@3,R@5,R@10,R@100,AP
0.41172506738544473,0.49231174976139963,0.012779776259202014,0.39069106669236264,0.4327590680785268,0.386656706690412,0.43679342808047744,0.48742630312144775,0.46334075136490405,0.01202772661242362,0.46763008722762445,0.507222519015271,0.4638331366257218,0.5110194696171737,0.5104365554279129,0.44939703420980665,0.011665765750124263,0.49123608431663157,0.5296370265391942,0.48755339865924074,0.533319712196585,0.5359388277922291,0.4295361651544232,0.011150203277840954,0.5175869115522841,0.5542907440321742,0.5140669802792034,0.5578106753052549,0.5754826228803902,0.3874626300016167,0.010058028723918299,0.5589282968218566,0.5920369489389238,0.5557531466502698,0.5952120991105107,0.41172506738544473,0.47282120395327953,0.48555705300988355,0.49555817610062913,0.503148693449138,0.41172506738544473,0.18823000898472686,0.12479784366576692,0.07102425876010675,0.00912398921832868,0.4017857142857143,0.5416666666666667,0.5969227313566936,0.675033692722372,0.8590521114106021,0.49805931209244547
