{
  "nDCG@1": 0.46765498652291104,
  "nDCG@1_std": 0.499120899031183,
  "nDCG@1_stderr": 0.012956532967173163,
  "nDCG@1_ci90_low": 0.4463300651875137,
  "nDCG@1_ci90_high": 0.48897990785830836,
  "nDCG@1_ci95_low": 0.442239906071537,
  "nDCG@1_ci95_high": 0.49307006697428507,
  "nDCG@3": 0.5483004910394795,
  "nDCG@3_std": 0.45773958199050324,
  "nDCG@3_stderr": 0.011882327500114339,
  "nDCG@3_ci90_low": 0.5287435848931086,
  "nDCG@3_ci90_high": 0.5678573971858505,
  "nDCG@3_ci95_low": 0.5249925343407156,
  "nDCG@3_ci95_high": 0.5716084477382435,
  "nDCG@5": 0.5761773438871626,
  "nDCG@5_std": 0.4361935335166051,
  "nDCG@5_stderr": 0.01132301994976684,
  "nDCG@5_ci90_low": 0.5575409918383788,
  "nDCG@5_ci90_high": 0.5948136959359464,
  "nDCG@5_ci95_low": 0.5539665052542544,
  "nDCG@5_ci95_high": 0.5983881825200708,
  "nDCG@10": 0.6004823037743374,
  "nDCG@10_std": 0.4134025055867237,
  "nDCG@10_stderr": 0.010731394343020157,
  "nDCG@10_ci90_low": 0.5828196975228163,
  "nDCG@10_ci90_high": 0.6181449100258586,
  "nDCG@10_ci95_low": 0.5794319771727463,
  "nDCG@10_ci95_high": 0.6215326303759285,
  "nDCG@100": 0.6359170946560262,
  "nDCG@100_std": 0.3690680749903926,
  "nDCG@100_stderr": 0.009580529867665206,
  "nDCG@100_ci90_low": 0.6201486752573327,
  "nDCG@100_ci90_high": 0.6516855140547196,
  "nDCG@100_ci95_low": 0.6171242634279182,
  "nDCG@100_ci95_high": 0.6547099258841342,
  "RR@1": 0.46765498652291104,
  "RR@3": 0.5325696316262359,
  "RR@5": 0.5483378256963168,
  "RR@10": 0.5579843729944812,
  "RR@100": 0.5647371801561462,
  "P@1": 0.46765498652291104,
  "P@3": 0.21159029649595645,
  "P@5": 0.1411051212937984,
  "P@10": 0.07884097035040281,
  "P@100": 0.009683288409703332,
  "R@1": 0.4563679245283019,
  "R@3": 0.6066936208445642,
  "R@5": 0.6739667565139263,
  "R@10": 0.7470238095238096,
  "R@100": 0.9101527403414195,
  "AP": 0.5588632404158211
}