{
  "nDCG@1": 0.6691374663072777,
  "nDCG@1_std": 0.47068227544847874,
  "nDCG@1_stderr": 0.01221830308197792,
  "nDCG@1_ci90_low": 0.6490275840775666,
  "nDCG@1_ci90_high": 0.6892473485369888,
  "nDCG@1_ci95_low": 0.6451704716957947,
  "nDCG@1_ci95_high": 0.6931044609187607,
  "nDCG@3": 0.7467139590390552,
  "nDCG@3_std": 0.39040242133463404,
  "nDCG@3_stderr": 0.010134341904546044,
  "nDCG@3_ci90_low": 0.7300340305081732,
  "nDCG@3_ci90_high": 0.7633938875699373,
  "nDCG@3_ci95_low": 0.7268347895514817,
  "nDCG@3_ci95_high": 0.7665931285266288,
  "nDCG@5": 0.7682733372668308,
  "nDCG@5_std": 0.3604628789306668,
  "nDCG@5_stderr": 0.009357150108065398,
  "nDCG@5_ci90_low": 0.7528725745409104,
  "nDCG@5_ci90_high": 0.7836740999927512,
  "nDCG@5_ci95_low": 0.7499186799372357,
  "nDCG@5_ci95_high": 0.7866279945964259,
  "nDCG@10": 0.7847832904220484,
  "nDCG@10_std": 0.3331590325096088,
  "nDCG@10_stderr": 0.00864837757024592,
  "nDCG@10_ci90_low": 0.7705490834909525,
  "nDCG@10_ci90_high": 0.7990174973531443,
  "nDCG@10_ci95_low": 0.7678189364333274,
  "nDCG@10_ci95_high": 0.8017476444107694,
  "nDCG@100": 0.8029569870159229,
  "nDCG@100_std": 0.29519944681459426,
  "nDCG@100_stderr": 0.007662995823193562,
  "nDCG@100_ci90_low": 0.7903446019328837,
  "nDCG@100_ci90_high": 0.8155693720989621,
  "nDCG@100_ci95_low": 0.7879255232872817,
  "nDCG@100_ci95_high": 0.817988450744564,
  "RR@1": 0.6704851752021563,
  "RR@3": 0.7328167115902969,
  "RR@5": 0.7441374663072784,
  "RR@10": 0.7503516343644379,
  "RR@100": 0.754320473859493,
  "P@1": 0.6691374663072777,
  "P@3": 0.2807726864330598,
  "P@5": 0.18005390835579113,
  "P@10": 0.0956873315363859,
  "P@100": 0.010438005390835392,
  "R@1": 0.6509433962264151,
  "R@3": 0.802336028751123,
  "R@5": 0.8533805031446542,
  "R@10": 0.9029088050314465,
  "R@100": 0.9815813117699909,
  "AP": 0.7488256336423916
}