{
  "nDCG@1": 0.5929919137466307,
  "nDCG@1_std": 0.49144201092615764,
  "nDCG@1_stderr": 0.012757198963974512,
  "nDCG@1_ci90_low": 0.5719950726120442,
  "nDCG@1_ci90_high": 0.6139887548812173,
  "nDCG@1_ci95_low": 0.5679678398817273,
  "nDCG@1_ci95_high": 0.6180159876115342,
  "nDCG@3": 0.6704262768633643,
  "nDCG@3_std": 0.4276748149041731,
  "nDCG@3_stderr": 0.011101885032847338,
  "nDCG@3_ci90_low": 0.652153886741723,
  "nDCG@3_ci90_high": 0.6886986669850056,
  "nDCG@3_ci95_low": 0.6486492087243342,
  "nDCG@3_ci95_high": 0.6922033450023944,
  "nDCG@5": 0.7011523904178208,
  "nDCG@5_std": 0.3939928262162565,
  "nDCG@5_stderr": 0.010227544171380665,
  "nDCG@5_ci90_low": 0.6843190619755918,
  "nDCG@5_ci90_high": 0.7179857188600499,
  "nDCG@5_ci95_low": 0.6810903986338928,
  "nDCG@5_ci95_high": 0.7212143822017489,
  "nDCG@10": 0.7218964171541921,
  "nDCG@10_std": 0.36566658124794593,
  "nDCG@10_stderr": 0.009492231489662625,
  "nDCG@10_ci90_low": 0.7062733264456442,
  "nDCG@10_ci90_high": 0.7375195078627399,
  "nDCG@10_ci95_low": 0.7032767889261726,
  "nDCG@10_ci95_high": 0.7405160453822115,
  "nDCG@100": 0.7454119622395854,
  "nDCG@100_std": 0.32536283881481315,
  "nDCG@100_stderr": 0.008445998465661929,
  "nDCG@100_ci90_low": 0.7315108473861399,
  "nDCG@100_ci90_high": 0.7593130770930309,
  "nDCG@100_ci95_low": 0.7288445880013664,
  "nDCG@100_ci95_high": 0.7619793364778044,
  "RR@1": 0.5923180592991913,
  "RR@3": 0.6572327044025164,
  "RR@5": 0.6734725965858053,
  "RR@10": 0.6815406665810988,
  "RR@100": 0.6861106556403114,
  "P@1": 0.5929919137466307,
  "P@3": 0.2538185085354871,
  "P@5": 0.16832884097034684,
  "P@10": 0.09123989218328635,
  "P@100": 0.010289757412398737,
  "R@1": 0.5758086253369272,
  "R@3": 0.7259658580413298,
  "R@5": 0.7993598382749326,
  "R@10": 0.8619721473495059,
  "R@100": 0.9674303683737645,
  "AP": 0.6797990153870076
}