{
  "nDCG@1": 0.41172506738544473,
  "nDCG@1_std": 0.49231174976139963,
  "nDCG@1_stderr": 0.012779776259202014,
  "nDCG@1_ci90_low": 0.39069106669236264,
  "nDCG@1_ci90_high": 0.4327590680785268,
  "nDCG@1_ci95_low": 0.386656706690412,
  "nDCG@1_ci95_high": 0.43679342808047744,
  "nDCG@3": 0.48742630312144775,
  "nDCG@3_std": 0.46334075136490405,
  "nDCG@3_stderr": 0.01202772661242362,
  "nDCG@3_ci90_low": 0.46763008722762445,
  "nDCG@3_ci90_high": 0.507222519015271,
  "nDCG@3_ci95_low": 0.4638331366257218,
  "nDCG@3_ci95_high": 0.5110194696171737,
  "nDCG@5": 0.5104365554279129,
  "nDCG@5_std": 0.44939703420980665,
  "nDCG@5_stderr": 0.011665765750124263,
  "nDCG@5_ci90_low": 0.49123608431663157,
  "nDCG@5_ci90_high": 0.5296370265391942,
  "nDCG@5_ci95_low": 0.48755339865924074,
  "nDCG@5_ci95_high": 0.533319712196585,
  "nDCG@10": 0.5359388277922291,
  "nDCG@10_std": 0.4295361651544232,
  "nDCG@10_stderr": 0.011150203277840954,
  "nDCG@10_ci90_low": 0.5175869115522841,
  "nDCG@10_ci90_high": 0.5542907440321742,
  "nDCG@10_ci95_low": 0.5140669802792034,
  "nDCG@10_ci95_high": 0.5578106753052549,
  "nDCG@100": 0.5754826228803902,
  "nDCG@100_std": 0.3874626300016167,
  "nDCG@100_stderr": 0.010058028723918299,
  "nDCG@100_ci90_low": 0.5589282968218566,
  "nDCG@100_ci90_high": 0.5920369489389238,
  "nDCG@100_ci95_low": 0.5557531466502698,
  "nDCG@100_ci95_high": 0.5952120991105107,
  "RR@1": 0.41172506738544473,
  "RR@3": 0.47282120395327953,
  "RR@5": 0.48555705300988355,
  "RR@10": 0.49555817610062913,
  "RR@100": 0.503148693449138,
  "P@1": 0.41172506738544473,
  "P@3": 0.18823000898472686,
  "P@5": 0.12479784366576692,
  "P@10": 0.07102425876010675,
  "P@100": 0.00912398921832868,
  "R@1": 0.4017857142857143,
  "R@3": 0.5416666666666667,
  "R@5": 0.5969227313566936,
  "R@10": 0.675033692722372,
  "R@100": 0.8590521114106021,
  "AP": 0.49805931209244547
}