{
  "nDCG@1": 0.16576819407008087,
  "nDCG@3": 0.24645214900474616,
  "nDCG@5": 0.2807967535428034,
  "nDCG@10": 0.3136904556939435,
  "nDCG@100": 0.37729391304761484,
  "RR@1": 0.16576819407008087,
  "RR@3": 0.2295597484276729,
  "RR@5": 0.2490004492362979,
  "RR@10": 0.262572198690797,
  "RR@100": 0.2745771773304332,
  "P@1": 0.16576819407008087,
  "P@3": 0.1046720575022462,
  "P@5": 0.07978436657682017,
  "P@10": 0.05040431266846363,
  "P@100": 0.0082884097035039,
  "R@1": 0.16172506738544473,
  "R@3": 0.30548068283917346,
  "R@5": 0.3879155435759209,
  "R@10": 0.48798292902066487,
  "R@100": 0.7903751123090744,
  "AP": 0.26968662460579346
}