nDCG@1,nDCG@1_std,nDCG@1_stderr,nDCG@1_ci90_low,nDCG@1_ci90_high,nDCG@1_ci95_low,nDCG@1_ci95_high,nDCG@3,nDCG@3_std,nDCG@3_stderr,nDCG@3_ci90_low,nDCG@3_ci90_high,nDCG@3_ci95_low,nDCG@3_ci95_high,nDCG@5,nDCG@5_std,nDCG@5_stderr,nDCG@5_ci90_low,nDCG@5_ci90_high,nDCG@5_ci95_low,nDCG@5_ci95_high,nDCG@10,nDCG@10_std,nDCG@10_stderr,nDCG@10_ci90_low,nDCG@10_ci90_high,nDCG@10_ci95_low,nDCG@10_ci95_high,nDCG@100,nDCG@100_std,nDCG@100_stderr,nDCG@100_ci90_low,nDCG@100_ci90_high,nDCG@100_ci95_low,nDCG@100_ci95_high,RR@1,RR@3,RR@5,RR@10,RR@100,P@1,P@3,P@5,P@10,P@100,R@1,R@3,R@5,R@10,R@100,AP
0.16576819407008087,0.3719977815343258,0.009656581260212169,0.14987460307126715,0.18166178506889458,0.1468261830988334,0.18471020504132832,0.24645214900474616,0.3855265680171044,0.010007771058936698,0.22998054112050723,0.26292375688898506,0.22682125644681966,0.26608304156267265,0.2807967535428034,0.3809417201094219,0.009888754337375513,0.2645210331101937,0.29707247397541314,0.2613993200098491,0.30019418707575773,0.3136904556939435,0.3694896629903002,0.009591473746853535,0.29790402396406646,0.32947688742382053,0.2948761573364169,0.33250475405147006,0.37729391304761484,0.3280448160090448,0.0085156191247081,0.3632782108210473,0.3913096152741824,0.3605899733674509,0.39399785272777876,0.16576819407008087,0.2295597484276729,0.2490004492362979,0.262572198690797,0.2745771773304332,0.16576819407008087,0.1046720575022462,0.07978436657682017,0.05040431266846363,0.0082884097035039,0.16172506738544473,0.30548068283917346,0.3879155435759209,0.48798292902066487,0.7903751123090744,0.26968662460579346
