nDCG@1,nDCG@3,nDCG@5,nDCG@10,nDCG@100,RR@1,RR@3,RR@5,RR@10,RR@100,P@1,P@3,P@5,P@10,P@100,R@1,R@3,R@5,R@10,R@100,AP
0.14892183288409702,0.22935257994667207,0.26035399127484476,0.29478000294139195,0.3548901638037348,0.14622641509433962,0.21080413297394424,0.22798742138364736,0.24233757968596206,0.2536762350665239,0.14892183288409702,0.09860736747529183,0.07452830188679314,0.04824797843665783,0.007904312668463477,0.14611410601976638,0.28706199460916443,0.36174752920035935,0.46686882300089844,0.7551662174303683,0.25096606156313117
