{
  "nDCG@1": 0.14690026954177898,
  "nDCG@1_std": 0.3541258040932268,
  "nDCG@1_stderr": 0.00919264784176858,
  "nDCG@1_ci90_low": 0.131770258096094,
  "nDCG@1_ci90_high": 0.16203028098746397,
  "nDCG@1_ci95_low": 0.128868294085719,
  "nDCG@1_ci95_high": 0.16493224499783896,
  "nDCG@3": 0.2182550045724624,
  "nDCG@3_std": 0.37233116368101776,
  "nDCG@3_stderr": 0.009665235429538009,
  "nDCG@3_ci90_low": 0.2023471698341727,
  "nDCG@3_ci90_high": 0.23416283931075213,
  "nDCG@3_ci95_low": 0.1992960178863217,
  "nDCG@3_ci95_high": 0.23721399125860312,
  "nDCG@5": 0.2519757934629801,
  "nDCG@5_std": 0.37021687429277284,
  "nDCG@5_stderr": 0.009610351211677942,
  "nDCG@5_ci90_low": 0.23615829165799793,
  "nDCG@5_ci90_high": 0.26779329526796225,
  "nDCG@5_ci95_low": 0.23312446573282386,
  "nDCG@5_ci95_high": 0.27082712119313634,
  "nDCG@10": 0.2864900921529992,
  "nDCG@10_std": 0.3602172538526011,
  "nDCG@10_stderr": 0.009350773998734572,
  "nDCG@10_ci90_low": 0.2710998237491517,
  "nDCG@10_ci90_high": 0.3018803605568467,
  "nDCG@10_ci95_low": 0.26814794197574343,
  "nDCG@10_ci95_high": 0.30483224233025497,
  "nDCG@100": 0.3448866114174739,
  "nDCG@100_std": 0.3256689133603787,
  "nDCG@100_stderr": 0.008453943764982654,
  "nDCG@100_ci90_low": 0.33097241954076684,
  "nDCG@100_ci90_high": 0.35880080329418096,
  "nDCG@100_ci95_low": 0.32830365195889094,
  "nDCG@100_ci95_high": 0.36146957087605686,
  "RR@1": 0.14622641509433962,
  "RR@3": 0.20294249775381845,
  "RR@5": 0.22157457322551624,
  "RR@10": 0.2360450626791593,
  "RR@100": 0.24682821999415927,
  "P@1": 0.14690026954177898,
  "P@3": 0.09254267744833748,
  "P@5": 0.07223719676549932,
  "P@10": 0.047102425876010996,
  "P@100": 0.007729110512129248,
  "R@1": 0.14375561545372864,
  "R@3": 0.2695417789757412,
  "R@5": 0.35062893081761,
  "R@10": 0.45642407906558846,
  "R@100": 0.7389937106918238,
  "AP": 0.24310586544520585
}