nDCG@1,nDCG@3,nDCG@5,nDCG@10,nDCG@100,RR@1,RR@3,RR@5,RR@10,RR@100,P@1,P@3,P@5,P@10,P@100,R@1,R@3,R@5,R@10,R@100,AP
0.15633423180592992,0.24116718101265186,0.27481554292256766,0.30843907595048836,0.3701114454042862,0.15498652291105122,0.22203504043126673,0.24056603773584867,0.25464558464895376,0.2664194801645951,0.15633423180592992,0.10422282120395328,0.07924528301886868,0.05047169811320757,0.008194070080862393,0.15318957771787958,0.30357142857142855,0.38465858041329737,0.4873090745732255,0.7807726864330636,0.26277152850475444
