nDCG@1,nDCG@1_std,nDCG@1_stderr,nDCG@1_ci90_low,nDCG@1_ci90_high,nDCG@1_ci95_low,nDCG@1_ci95_high,nDCG@3,nDCG@3_std,nDCG@3_stderr,nDCG@3_ci90_low,nDCG@3_ci90_high,nDCG@3_ci95_low,nDCG@3_ci95_high,nDCG@5,nDCG@5_std,nDCG@5_stderr,nDCG@5_ci90_low,nDCG@5_ci90_high,nDCG@5_ci95_low,nDCG@5_ci95_high,nDCG@10,nDCG@10_std,nDCG@10_stderr,nDCG@10_ci90_low,nDCG@10_ci90_high,nDCG@10_ci95_low,nDCG@10_ci95_high,nDCG@100,nDCG@100_std,nDCG@100_stderr,nDCG@100_ci90_low,nDCG@100_ci90_high,nDCG@100_ci95_low,nDCG@100_ci95_high,RR@1,RR@3,RR@5,RR@10,RR@100,P@1,P@3,P@5,P@10,P@100,R@1,R@3,R@5,R@10,R@100,AP
0.15633423180592992,0.363294339279894,0.009430651156471135,0.1408124950448033,0.17185596856705654,0.13783539739877673,0.17483306621308312,0.24116718101265186,0.3805069354153226,0.009877467889074803,0.22491003673948065,0.2574243252858231,0.2217918865806669,0.2605424754446368,0.27481554292256766,0.3764946618252589,0.00977331445622139,0.25872982288518837,0.29090126295994695,0.25564455220994675,0.29398653363518856,0.30843907595048836,0.3649265695839612,0.009473021744009574,0.29284760221200207,0.32403054968897466,0.28985712888551307,0.32702102301546365,0.3701114454042862,0.324913798505414,0.008434341960026496,0.35622951578089807,0.38399337502767433,0.3535669361585198,0.3866559546500526,0.15498652291105122,0.22203504043126673,0.24056603773584867,0.25464558464895376,0.2664194801645951,0.15633423180592992,0.10422282120395328,0.07924528301886868,0.05047169811320757,0.008194070080862393,0.15318957771787958,0.30357142857142855,0.38465858041329737,0.4873090745732255,0.7807726864330636,0.26277152850475444
