nDCG@1,nDCG@1_std,nDCG@1_stderr,nDCG@1_ci90_low,nDCG@1_ci90_high,nDCG@1_ci95_low,nDCG@1_ci95_high,nDCG@3,nDCG@3_std,nDCG@3_stderr,nDCG@3_ci90_low,nDCG@3_ci90_high,nDCG@3_ci95_low,nDCG@3_ci95_high,nDCG@5,nDCG@5_std,nDCG@5_stderr,nDCG@5_ci90_low,nDCG@5_ci90_high,nDCG@5_ci95_low,nDCG@5_ci95_high,nDCG@10,nDCG@10_std,nDCG@10_stderr,nDCG@10_ci90_low,nDCG@10_ci90_high,nDCG@10_ci95_low,nDCG@10_ci95_high,nDCG@100,nDCG@100_std,nDCG@100_stderr,nDCG@100_ci90_low,nDCG@100_ci90_high,nDCG@100_ci95_low,nDCG@100_ci95_high,RR@1,RR@3,RR@5,RR@10,RR@100,P@1,P@3,P@5,P@10,P@100,R@1,R@3,R@5,R@10,R@100,AP
0.14690026954177898,0.3541258040932268,0.00919264784176858,0.131770258096094,0.16203028098746397,0.128868294085719,0.16493224499783896,0.2182550045724624,0.37233116368101776,0.009665235429538009,0.2023471698341727,0.23416283931075213,0.1992960178863217,0.23721399125860312,0.2519757934629801,0.37021687429277284,0.009610351211677942,0.23615829165799793,0.26779329526796225,0.23312446573282386,0.27082712119313634,0.2864900921529992,0.3602172538526011,0.009350773998734572,0.2710998237491517,0.3018803605568467,0.26814794197574343,0.30483224233025497,0.3448866114174739,0.3256689133603787,0.008453943764982654,0.33097241954076684,0.35880080329418096,0.32830365195889094,0.36146957087605686,0.14622641509433962,0.20294249775381845,0.22157457322551624,0.2360450626791593,0.24682821999415927,0.14690026954177898,0.09254267744833748,0.07223719676549932,0.047102425876010996,0.007729110512129248,0.14375561545372864,0.2695417789757412,0.35062893081761,0.45642407906558846,0.7389937106918238,0.24310586544520585
