{
  "nDCG@1": 0.16846361185983827,
  "nDCG@1_std": 0.3744036364187915,
  "nDCG@1_stderr": 0.009719034141238229,
  "nDCG@1_ci90_low": 0.1524672308030342,
  "nDCG@1_ci90_high": 0.18445999291664233,
  "nDCG@1_ci95_low": 0.14939909550850813,
  "nDCG@1_ci95_high": 0.1875281282111684,
  "nDCG@3": 0.23970760014709402,
  "nDCG@3_std": 0.3853942854922056,
  "nDCG@3_stderr": 0.01000433717568685,
  "nDCG@3_ci90_low": 0.22324164402867575,
  "nDCG@3_ci90_high": 0.2561735562655123,
  "nDCG@3_ci95_low": 0.2200834433740628,
  "nDCG@3_ci95_high": 0.2593317569201252,
  "nDCG@5": 0.27617349294843974,
  "nDCG@5_std": 0.38044132704525147,
  "nDCG@5_stderr": 0.009875764780646765,
  "nDCG@5_ci90_low": 0.25991915179037234,
  "nDCG@5_ci90_high": 0.29242783410650713,
  "nDCG@5_ci95_low": 0.25680153927418875,
  "nDCG@5_ci95_high": 0.2955454466226907,
  "nDCG@10": 0.3046330337666488,
  "nDCG@10_std": 0.37161053067041877,
  "nDCG@10_stderr": 0.009646528728662163,
  "nDCG@10_ci90_low": 0.28875598804619534,
  "nDCG@10_ci90_high": 0.32051007948710225,
  "nDCG@10_ci95_low": 0.285710741488568,
  "nDCG@10_ci95_high": 0.3235553260447296,
  "nDCG@100": 0.3713876633434036,
  "nDCG@100_std": 0.3293963330849879,
  "nDCG@100_stderr": 0.008550702759923826,
  "nDCG@100_ci90_low": 0.35731421760141946,
  "nDCG@100_ci90_high": 0.3854611090853878,
  "nDCG@100_ci95_low": 0.35461490483541025,
  "nDCG@100_ci95_high": 0.388160421851397,
  "RR@1": 0.16846361185983827,
  "RR@3": 0.22596585804132968,
  "RR@5": 0.24574348607367424,
  "RR@10": 0.2577578830274244,
  "RR@100": 0.27024843866246306,
  "P@1": 0.16846361185983827,
  "P@3": 0.10040431266846352,
  "P@5": 0.07843665768194145,
  "P@10": 0.04838274932614568,
  "P@100": 0.008254716981131933,
  "R@1": 0.16385893980233604,
  "R@3": 0.2926774483378257,
  "R@5": 0.3809523809523809,
  "R@10": 0.46776729559748426,
  "R@100": 0.7881850853548966,
  "AP": 0.26435004807480345
}