nDCG@1,nDCG@3,nDCG@5,nDCG@10,nDCG@100,RR@1,RR@3,RR@5,RR@10,RR@100,P@1,P@3,P@5,P@10,P@100,R@1,R@3,R@5,R@10,R@100,AP
0.16846361185983827,0.23970760014709402,0.27617349294843974,0.3046330337666488,0.3713876633434036,0.16846361185983827,0.22596585804132968,0.24574348607367424,0.2577578830274244,0.27024843866246306,0.16846361185983827,0.10040431266846352,0.07843665768194145,0.04838274932614568,0.008254716981131933,0.16385893980233604,0.2926774483378257,0.3809523809523809,0.46776729559748426,0.7881850853548966,0.26435004807480345
