nDCG@1,nDCG@1_std,nDCG@1_stderr,nDCG@1_ci90_low,nDCG@1_ci90_high,nDCG@1_ci95_low,nDCG@1_ci95_high,nDCG@3,nDCG@3_std,nDCG@3_stderr,nDCG@3_ci90_low,nDCG@3_ci90_high,nDCG@3_ci95_low,nDCG@3_ci95_high,nDCG@5,nDCG@5_std,nDCG@5_stderr,nDCG@5_ci90_low,nDCG@5_ci90_high,nDCG@5_ci95_low,nDCG@5_ci95_high,nDCG@10,nDCG@10_std,nDCG@10_stderr,nDCG@10_ci90_low,nDCG@10_ci90_high,nDCG@10_ci95_low,nDCG@10_ci95_high,nDCG@100,nDCG@100_std,nDCG@100_stderr,nDCG@100_ci90_low,nDCG@100_ci90_high,nDCG@100_ci95_low,nDCG@100_ci95_high,RR@1,RR@3,RR@5,RR@10,RR@100,P@1,P@3,P@5,P@10,P@100,R@1,R@3,R@5,R@10,R@100,AP
0.1623989218328841,0.36894069337053376,0.00957722320557128,0.14663594480903072,0.17816189885673747,0.1436125768371158,0.18118526682865238,0.24807490055294018,0.38417288403856287,0.00997263117373223,0.23166112876494852,0.2644886723409319,0.22851293716084733,0.267636863945033,0.282986792903036,0.37936542876438606,0.0098478358528611,0.26677841945789926,0.2991951663481728,0.26366962363356305,0.302303962172509,0.3173154360619631,0.3670611395556142,0.009528432419583654,0.3016327629030182,0.332998109220908,0.2986247973600238,0.33600607476390243,0.37844853241382753,0.3260734870811928,0.008464445975492283,0.364517055140361,0.3923800096872941,0.36184497218760897,0.3950520926400461,0.16172506738544473,0.2295597484276729,0.24886567834681003,0.2630235742095577,0.27458395796244084,0.1623989218328841,0.10646900269541784,0.08140161725067464,0.05168463611859834,0.008322102425875867,0.158355795148248,0.3109838274932615,0.39532794249775377,0.5001123090745732,0.7925651392632523,0.2701386924439502
