{
  "nDCG@1": 0.14892183288409702,
  "nDCG@1_std": 0.3561314157086241,
  "nDCG@1_stderr": 0.00924471092521125,
  "nDCG@1_ci90_low": 0.13370613175879587,
  "nDCG@1_ci90_high": 0.16413753400939818,
  "nDCG@1_ci95_low": 0.13078773231033816,
  "nDCG@1_ci95_high": 0.16705593345785588,
  "nDCG@3": 0.22935257994667207,
  "nDCG@3_std": 0.37553846884853503,
  "nDCG@3_stderr": 0.009748492923302312,
  "nDCG@3_ci90_low": 0.21330771321767894,
  "nDCG@3_ci90_high": 0.2453974466756652,
  "nDCG@3_ci95_low": 0.2102302782820907,
  "nDCG@3_ci95_high": 0.24847488161125345,
  "nDCG@5": 0.26035399127484476,
  "nDCG@5_std": 0.3728604209841787,
  "nDCG@5_stderr": 0.00967897426457744,
  "nDCG@5_ci90_low": 0.24442354403850497,
  "nDCG@5_ci90_high": 0.27628443851118456,
  "nDCG@5_ci95_low": 0.24136805497195704,
  "nDCG@5_ci95_high": 0.2793399275777325,
  "nDCG@10": 0.29478000294139195,
  "nDCG@10_std": 0.36230455931130434,
  "nDCG@10_stderr": 0.009404957748685222,
  "nDCG@10_ci90_low": 0.2793005544915953,
  "nDCG@10_ci90_high": 0.3102594513911886,
  "nDCG@10_ci95_low": 0.2763315678214249,
  "nDCG@10_ci95_high": 0.313228438061359,
  "nDCG@100": 0.3548901638037348,
  "nDCG@100_std": 0.3253585940814208,
  "nDCG@100_stderr": 0.008445888277873277,
  "nDCG@100_ci90_low": 0.34098923030636125,
  "nDCG@100_ci90_high": 0.3687910973011083,
  "nDCG@100_ci95_low": 0.33832300570601576,
  "nDCG@100_ci95_high": 0.3714573219014538,
  "RR@1": 0.14622641509433962,
  "RR@3": 0.21080413297394424,
  "RR@5": 0.22798742138364736,
  "RR@10": 0.24233757968596206,
  "RR@100": 0.2536762350665239,
  "P@1": 0.14892183288409702,
  "P@3": 0.09860736747529183,
  "P@5": 0.07452830188679314,
  "P@10": 0.04824797843665783,
  "P@100": 0.007904312668463477,
  "R@1": 0.14611410601976638,
  "R@3": 0.28706199460916443,
  "R@5": 0.36174752920035935,
  "R@10": 0.46686882300089844,
  "R@100": 0.7551662174303683,
  "AP": 0.25096606156313117
}