nDCG@1,nDCG@1_std,nDCG@1_stderr,nDCG@1_ci90_low,nDCG@1_ci90_high,nDCG@1_ci95_low,nDCG@1_ci95_high,nDCG@3,nDCG@3_std,nDCG@3_stderr,nDCG@3_ci90_low,nDCG@3_ci90_high,nDCG@3_ci95_low,nDCG@3_ci95_high,nDCG@5,nDCG@5_std,nDCG@5_stderr,nDCG@5_ci90_low,nDCG@5_ci90_high,nDCG@5_ci95_low,nDCG@5_ci95_high,nDCG@10,nDCG@10_std,nDCG@10_stderr,nDCG@10_ci90_low,nDCG@10_ci90_high,nDCG@10_ci95_low,nDCG@10_ci95_high,nDCG@100,nDCG@100_std,nDCG@100_stderr,nDCG@100_ci90_low,nDCG@100_ci90_high,nDCG@100_ci95_low,nDCG@100_ci95_high,RR@1,RR@3,RR@5,RR@10,RR@100,P@1,P@3,P@5,P@10,P@100,R@1,R@3,R@5,R@10,R@100,AP
0.14892183288409702,0.3561314157086241,0.00924471092521125,0.13370613175879587,0.16413753400939818,0.13078773231033816,0.16705593345785588,0.22935257994667207,0.37553846884853503,0.009748492923302312,0.21330771321767894,0.2453974466756652,0.2102302782820907,0.24847488161125345,0.26035399127484476,0.3728604209841787,0.00967897426457744,0.24442354403850497,0.27628443851118456,0.24136805497195704,0.2793399275777325,0.29478000294139195,0.36230455931130434,0.009404957748685222,0.2793005544915953,0.3102594513911886,0.2763315678214249,0.313228438061359,0.3548901638037348,0.3253585940814208,0.008445888277873277,0.34098923030636125,0.3687910973011083,0.33832300570601576,0.3714573219014538,0.14622641509433962,0.21080413297394424,0.22798742138364736,0.24233757968596206,0.2536762350665239,0.14892183288409702,0.09860736747529183,0.07452830188679314,0.04824797843665783,0.007904312668463477,0.14611410601976638,0.28706199460916443,0.36174752920035935,0.46686882300089844,0.7551662174303683,0.25096606156313117
