nDCG@1,nDCG@3,nDCG@5,nDCG@10,nDCG@100,RR@1,RR@3,RR@5,RR@10,RR@100,P@1,P@3,P@5,P@10,P@100,R@1,R@3,R@5,R@10,R@100,AP
0.16576819407008087,0.24645214900474616,0.2807967535428034,0.3136904556939435,0.37729391304761484,0.16576819407008087,0.2295597484276729,0.2490004492362979,0.262572198690797,0.2745771773304332,0.16576819407008087,0.1046720575022462,0.07978436657682017,0.05040431266846363,0.0082884097035039,0.16172506738544473,0.30548068283917346,0.3879155435759209,0.48798292902066487,0.7903751123090744,0.26968662460579346
