{
  "nDCG@1": 0.6293800539083558,
  "nDCG@1_std": 0.48313361658005194,
  "nDCG@1_stderr": 0.012541523792971769,
  "nDCG@1_ci90_low": 0.6087381886046713,
  "nDCG@1_ci90_high": 0.6500219192120403,
  "nDCG@1_ci95_low": 0.6047790408913108,
  "nDCG@1_ci95_high": 0.6539810669254008,
  "nDCG@3": 0.7101243324828445,
  "nDCG@3_std": 0.4087304366207549,
  "nDCG@3_stderr": 0.0106101134755991,
  "nDCG@3_ci90_low": 0.6926613401993343,
  "nDCG@3_ci90_high": 0.7275873247663546,
  "nDCG@3_ci95_low": 0.6893119061753002,
  "nDCG@3_ci95_high": 0.7309367587903887,
  "nDCG@5": 0.7319049772730964,
  "nDCG@5_std": 0.3822655575137848,
  "nDCG@5_stderr": 0.009923119444118386,
  "nDCG@5_ci90_low": 0.7155726959379806,
  "nDCG@5_ci90_high": 0.7482372586082123,
  "nDCG@5_ci95_low": 0.7124401343525534,
  "nDCG@5_ci95_high": 0.7513698201936395,
  "nDCG@10": 0.7511706070464479,
  "nDCG@10_std": 0.35343727092523286,
  "nDCG@10_stderr": 0.009174774411288266,
  "nDCG@10_ci90_low": 0.7360700131540506,
  "nDCG@10_ci90_high": 0.7662712009388452,
  "nDCG@10_ci95_low": 0.7331736914844776,
  "nDCG@10_ci95_high": 0.7691675226084181,
  "nDCG@100": 0.7738307559502784,
  "nDCG@100_std": 0.31122345313967886,
  "nDCG@100_stderr": 0.00807895830166349,
  "nDCG@100_ci90_low": 0.7605337458094152,
  "nDCG@100_ci90_high": 0.7871277660911415,
  "nDCG@100_ci95_low": 0.7579833548191044,
  "nDCG@100_ci95_high": 0.7896781570814524,
  "RR@1": 0.6293800539083558,
  "RR@3": 0.6963162623539985,
  "RR@5": 0.7074348607367481,
  "RR@10": 0.714975078081547,
  "RR@100": 0.7195698663058799,
  "P@1": 0.6293800539083558,
  "P@3": 0.26819407008085927,
  "P@5": 0.1726415094339586,
  "P@10": 0.09265498652290892,
  "P@100": 0.01039757412398903,
  "R@1": 0.6113544474393531,
  "R@3": 0.7673517520215634,
  "R@5": 0.8194070080862533,
  "R@10": 0.8775831087151842,
  "R@100": 0.9782120395327941,
  "AP": 0.7134134375469522
}