nDCG@1,nDCG@1_std,nDCG@1_stderr,nDCG@1_ci90_low,nDCG@1_ci90_high,nDCG@1_ci95_low,nDCG@1_ci95_high,nDCG@3,nDCG@3_std,nDCG@3_stderr,nDCG@3_ci90_low,nDCG@3_ci90_high,nDCG@3_ci95_low,nDCG@3_ci95_high,nDCG@5,nDCG@5_std,nDCG@5_stderr,nDCG@5_ci90_low,nDCG@5_ci90_high,nDCG@5_ci95_low,nDCG@5_ci95_high,nDCG@10,nDCG@10_std,nDCG@10_stderr,nDCG@10_ci90_low,nDCG@10_ci90_high,nDCG@10_ci95_low,nDCG@10_ci95_high,nDCG@100,nDCG@100_std,nDCG@100_stderr,nDCG@100_ci90_low,nDCG@100_ci90_high,nDCG@100_ci95_low,nDCG@100_ci95_high,RR@1,RR@3,RR@5,RR@10,RR@100,P@1,P@3,P@5,P@10,P@100,R@1,R@3,R@5,R@10,R@100,AP
0.6327493261455526,0.4822181152625237,0.012517758562894108,0.6121465756006702,0.6533520766904349,0.6081949301699568,0.6573037221211483,0.7152761179870801,0.40601168666163007,0.010539538243138835,0.6979292841916668,0.7326229517824935,0.694602129579196,0.7359501063949643,0.7377452106855585,0.3778796285405197,0.009809266400809456,0.7216003179982012,0.7538901033729158,0.7185036978999105,0.7569867234712065,0.7562922796020806,0.34993970574956823,0.009083982143139813,0.7413411190481415,0.7712434401560196,0.7384734589676039,0.7741111002365573,0.7782073438001086,0.3082644084131008,0.008002145327841584,0.7650367587320979,0.7913779288681193,0.7625106163031806,0.7939040712970366,0.6327493261455526,0.7011455525606473,0.7125673854447446,0.7196778868780218,0.7242489399635672,0.6327493261455526,0.2699910152740308,0.17398921832883718,0.09319407008086039,0.01039757412398903,0.6155098831985624,0.7727425876010782,0.8264824797843666,0.8819631626235399,0.9782120395327941,0.7186922696235393
