{
  "nDCG@1": 0.6327493261455526,
  "nDCG@1_std": 0.4822181152625237,
  "nDCG@1_stderr": 0.012517758562894108,
  "nDCG@1_ci90_low": 0.6121465756006702,
  "nDCG@1_ci90_high": 0.6533520766904349,
  "nDCG@1_ci95_low": 0.6081949301699568,
  "nDCG@1_ci95_high": 0.6573037221211483,
  "nDCG@3": 0.7149391907633604,
  "nDCG@3_std": 0.406397731176824,
  "nDCG@3_stderr": 0.010549559459436558,
  "nDCG@3_ci90_low": 0.6975758632307895,
  "nDCG@3_ci90_high": 0.7323025182959314,
  "nDCG@3_ci95_low": 0.6942455450892097,
  "nDCG@3_ci95_high": 0.7356328364375112,
  "nDCG@5": 0.7377280276053106,
  "nDCG@5_std": 0.3778875992671066,
  "nDCG@5_stderr": 0.009809473310562174,
  "nDCG@5_ci90_low": 0.7215827943689646,
  "nDCG@5_ci90_high": 0.7538732608416567,
  "nDCG@5_ci95_low": 0.7184861089527517,
  "nDCG@5_ci95_high": 0.7569699462578696,
  "nDCG@10": 0.7562750965218328,
  "nDCG@10_std": 0.3499492241674161,
  "nDCG@10_stderr": 0.009084229228955857,
  "nDCG@10_ci90_low": 0.7413235292938549,
  "nDCG@10_ci90_high": 0.7712266637498106,
  "nDCG@10_ci95_low": 0.7384557912124889,
  "nDCG@10_ci95_high": 0.7740944018311766,
  "nDCG@100": 0.7781828218260878,
  "nDCG@100_std": 0.3082885036243895,
  "nDCG@100_stderr": 0.008002770808361473,
  "nDCG@100_ci90_low": 0.7650112072910956,
  "nDCG@100_ci90_high": 0.7913544363610799,
  "nDCG@100_ci95_low": 0.7624848674085187,
  "nDCG@100_ci95_high": 0.7938807762436568,
  "RR@1": 0.6327493261455526,
  "RR@3": 0.7009209344115006,
  "RR@5": 0.7125112309074578,
  "RR@10": 0.7196217323407351,
  "RR@100": 0.7241943423543404,
  "P@1": 0.6327493261455526,
  "P@3": 0.26976639712488437,
  "P@5": 0.17398921832883718,
  "P@10": 0.09319407008086039,
  "P@100": 0.01039757412398903,
  "R@1": 0.6155098831985624,
  "R@3": 0.7720687331536388,
  "R@5": 0.8264824797843666,
  "R@10": 0.8819631626235399,
  "R@100": 0.9782120395327941,
  "AP": 0.7186634336850675
}