{
  "nDCG@1": 0.6327493261455526,
  "nDCG@1_std": 0.4822181152625237,
  "nDCG@1_stderr": 0.012517758562894108,
  "nDCG@1_ci90_low": 0.6121465756006702,
  "nDCG@1_ci90_high": 0.6533520766904349,
  "nDCG@1_ci95_low": 0.6081949301699568,
  "nDCG@1_ci95_high": 0.6573037221211483,
  "nDCG@3": 0.7152761179870801,
  "nDCG@3_std": 0.40601168666163007,
  "nDCG@3_stderr": 0.010539538243138835,
  "nDCG@3_ci90_low": 0.6979292841916668,
  "nDCG@3_ci90_high": 0.7326229517824935,
  "nDCG@3_ci95_low": 0.694602129579196,
  "nDCG@3_ci95_high": 0.7359501063949643,
  "nDCG@5": 0.7377452106855585,
  "nDCG@5_std": 0.3778796285405197,
  "nDCG@5_stderr": 0.009809266400809456,
  "nDCG@5_ci90_low": 0.7216003179982012,
  "nDCG@5_ci90_high": 0.7538901033729158,
  "nDCG@5_ci95_low": 0.7185036978999105,
  "nDCG@5_ci95_high": 0.7569867234712065,
  "nDCG@10": 0.7562922796020806,
  "nDCG@10_std": 0.34993970574956823,
  "nDCG@10_stderr": 0.009083982143139813,
  "nDCG@10_ci90_low": 0.7413411190481415,
  "nDCG@10_ci90_high": 0.7712434401560196,
  "nDCG@10_ci95_low": 0.7384734589676039,
  "nDCG@10_ci95_high": 0.7741111002365573,
  "nDCG@100": 0.7782073438001086,
  "nDCG@100_std": 0.3082644084131008,
  "nDCG@100_stderr": 0.008002145327841584,
  "nDCG@100_ci90_low": 0.7650367587320979,
  "nDCG@100_ci90_high": 0.7913779288681193,
  "nDCG@100_ci95_low": 0.7625106163031806,
  "nDCG@100_ci95_high": 0.7939040712970366,
  "RR@1": 0.6327493261455526,
  "RR@3": 0.7011455525606473,
  "RR@5": 0.7125673854447446,
  "RR@10": 0.7196778868780218,
  "RR@100": 0.7242489399635672,
  "P@1": 0.6327493261455526,
  "P@3": 0.2699910152740308,
  "P@5": 0.17398921832883718,
  "P@10": 0.09319407008086039,
  "P@100": 0.01039757412398903,
  "R@1": 0.6155098831985624,
  "R@3": 0.7727425876010782,
  "R@5": 0.8264824797843666,
  "R@10": 0.8819631626235399,
  "R@100": 0.9782120395327941,
  "AP": 0.7186922696235393
}