{
  "nDCG@1": 0.628032345013477,
  "nDCG@1_std": 0.4834927531810415,
  "nDCG@1_stderr": 0.012550846514619914,
  "nDCG@1_ci90_low": 0.6073751356122409,
  "nDCG@1_ci90_high": 0.6486895544147132,
  "nDCG@1_ci95_low": 0.6034130448727615,
  "nDCG@1_ci95_high": 0.6526516451541926,
  "nDCG@3": 0.7150786138391223,
  "nDCG@3_std": 0.4047455386532955,
  "nDCG@3_stderr": 0.010506670678500387,
  "nDCG@3_ci90_low": 0.6977858761689746,
  "nDCG@3_ci90_high": 0.73237135150927,
  "nDCG@3_ci95_low": 0.6944690972927804,
  "nDCG@3_ci95_high": 0.7356881303854642,
  "nDCG@5": 0.7364593580973644,
  "nDCG@5_std": 0.37784981098669823,
  "nDCG@5_stderr": 0.009808492375678794,
  "nDCG@5_ci90_low": 0.7203157393638545,
  "nDCG@5_ci90_high": 0.7526029768308743,
  "nDCG@5_ci95_low": 0.7172193636122538,
  "nDCG@5_ci95_high": 0.755699352582475,
  "nDCG@10": 0.7584256639913498,
  "nDCG@10_std": 0.34416657137527823,
  "nDCG@10_stderr": 0.008934119041855938,
  "nDCG@10_ci90_low": 0.743721160382911,
  "nDCG@10_ci90_high": 0.7731301675997886,
  "nDCG@10_ci95_low": 0.7409008095579758,
  "nDCG@10_ci95_high": 0.7759505184247238,
  "nDCG@100": 0.7785277293640586,
  "nDCG@100_std": 0.3051296973310497,
  "nDCG@100_stderr": 0.007920772282641526,
  "nDCG@100_ci90_low": 0.7654910747072242,
  "nDCG@100_ci90_high": 0.7915643840208929,
  "nDCG@100_ci95_low": 0.7629906203773889,
  "nDCG@100_ci95_high": 0.7940648383507283,
  "RR@1": 0.628032345013477,
  "RR@3": 0.699011680143756,
  "RR@5": 0.7101302785265058,
  "RR@10": 0.7187740662302661,
  "RR@100": 0.7227409403864151,
  "P@1": 0.628032345013477,
  "P@3": 0.27088948787061656,
  "P@5": 0.17425876010781294,
  "P@10": 0.09433962264150723,
  "P@100": 0.010438005390835392,
  "R@1": 0.6110175202156334,
  "R@3": 0.7753256963162624,
  "R@5": 0.8261455525606469,
  "R@10": 0.8925202156334232,
  "R@100": 0.9819182389937106,
  "AP": 0.7179013395339214
}