nDCG@1,nDCG@1_std,nDCG@1_stderr,nDCG@1_ci90_low,nDCG@1_ci90_high,nDCG@1_ci95_low,nDCG@1_ci95_high,nDCG@3,nDCG@3_std,nDCG@3_stderr,nDCG@3_ci90_low,nDCG@3_ci90_high,nDCG@3_ci95_low,nDCG@3_ci95_high,nDCG@5,nDCG@5_std,nDCG@5_stderr,nDCG@5_ci90_low,nDCG@5_ci90_high,nDCG@5_ci95_low,nDCG@5_ci95_high,nDCG@10,nDCG@10_std,nDCG@10_stderr,nDCG@10_ci90_low,nDCG@10_ci90_high,nDCG@10_ci95_low,nDCG@10_ci95_high,nDCG@100,nDCG@100_std,nDCG@100_stderr,nDCG@100_ci90_low,nDCG@100_ci90_high,nDCG@100_ci95_low,nDCG@100_ci95_high,RR@1,RR@3,RR@5,RR@10,RR@100,P@1,P@3,P@5,P@10,P@100,R@1,R@3,R@5,R@10,R@100,AP
0.628032345013477,0.4834927531810415,0.012550846514619914,0.6073751356122409,0.6486895544147132,0.6034130448727615,0.6526516451541926,0.7150786138391223,0.4047455386532955,0.010506670678500387,0.6977858761689746,0.73237135150927,0.6944690972927804,0.7356881303854642,0.7364593580973644,0.37784981098669823,0.009808492375678794,0.7203157393638545,0.7526029768308743,0.7172193636122538,0.755699352582475,0.7584256639913498,0.34416657137527823,0.008934119041855938,0.743721160382911,0.7731301675997886,0.7409008095579758,0.7759505184247238,0.7785277293640586,0.3051296973310497,0.007920772282641526,0.7654910747072242,0.7915643840208929,0.7629906203773889,0.7940648383507283,0.628032345013477,0.699011680143756,0.7101302785265058,0.7187740662302661,0.7227409403864151,0.628032345013477,0.27088948787061656,0.17425876010781294,0.09433962264150723,0.010438005390835392,0.6110175202156334,0.7753256963162624,0.8261455525606469,0.8925202156334232,0.9819182389937106,0.7179013395339214
