{
  "nDCG@1": 0.5929919137466307,
  "nDCG@1_std": 0.49144201092615764,
  "nDCG@1_stderr": 0.012757198963974512,
  "nDCG@1_ci90_low": 0.5719950726120442,
  "nDCG@1_ci90_high": 0.6139887548812173,
  "nDCG@1_ci95_low": 0.5679678398817273,
  "nDCG@1_ci95_high": 0.6180159876115342,
  "nDCG@3": 0.677053745366017,
  "nDCG@3_std": 0.4220255385647533,
  "nDCG@3_stderr": 0.010955237125948552,
  "nDCG@3_ci90_low": 0.6590227203600699,
  "nDCG@3_ci90_high": 0.6950847703719641,
  "nDCG@3_ci95_low": 0.6555643366155981,
  "nDCG@3_ci95_high": 0.698543154116436,
  "nDCG@5": 0.70377826458122,
  "nDCG@5_std": 0.3929882521225559,
  "nDCG@5_stderr": 0.010201466727241853,
  "nDCG@5_ci90_low": 0.6869878565287508,
  "nDCG@5_ci90_high": 0.7205686726336891,
  "nDCG@5_ci95_low": 0.6837674253967129,
  "nDCG@5_ci95_high": 0.723789103765727,
  "nDCG@10": 0.7291412951762708,
  "nDCG@10_std": 0.35703390890441167,
  "nDCG@10_stderr": 0.009268138481273454,
  "nDCG@10_ci90_low": 0.7138870350636717,
  "nDCG@10_ci90_high": 0.7443955552888699,
  "nDCG@10_ci95_low": 0.7109612399305631,
  "nDCG@10_ci95_high": 0.7473213504219784,
  "nDCG@100": 0.7517295393975578,
  "nDCG@100_std": 0.31677078111583795,
  "nDCG@100_stderr": 0.008222959760913822,
  "nDCG@100_ci90_low": 0.7381955198809245,
  "nDCG@100_ci90_high": 0.7652635589141912,
  "nDCG@100_ci95_low": 0.7355996700566215,
  "nDCG@100_ci95_high": 0.7678594087384941,
  "RR@1": 0.5929919137466307,
  "RR@3": 0.6623989218328848,
  "RR@5": 0.6760107816711602,
  "RR@10": 0.6862608565438763,
  "RR@100": 0.6907812430416886,
  "P@1": 0.5929919137466307,
  "P@3": 0.2574123989218301,
  "P@5": 0.1687331536388105,
  "P@10": 0.092587601078165,
  "P@100": 0.010390835579514639,
  "R@1": 0.5759770889487871,
  "R@3": 0.7369159928122193,
  "R@5": 0.800763701707098,
  "R@10": 0.8766846361185984,
  "R@100": 0.9775381850853548,
  "AP": 0.6848851995821136
}