nDCG@1,nDCG@1_std,nDCG@1_stderr,nDCG@1_ci90_low,nDCG@1_ci90_high,nDCG@1_ci95_low,nDCG@1_ci95_high,nDCG@3,nDCG@3_std,nDCG@3_stderr,nDCG@3_ci90_low,nDCG@3_ci90_high,nDCG@3_ci95_low,nDCG@3_ci95_high,nDCG@5,nDCG@5_std,nDCG@5_stderr,nDCG@5_ci90_low,nDCG@5_ci90_high,nDCG@5_ci95_low,nDCG@5_ci95_high,nDCG@10,nDCG@10_std,nDCG@10_stderr,nDCG@10_ci90_low,nDCG@10_ci90_high,nDCG@10_ci95_low,nDCG@10_ci95_high,nDCG@100,nDCG@100_std,nDCG@100_stderr,nDCG@100_ci90_low,nDCG@100_ci90_high,nDCG@100_ci95_low,nDCG@100_ci95_high,RR@1,RR@3,RR@5,RR@10,RR@100,P@1,P@3,P@5,P@10,P@100,R@1,R@3,R@5,R@10,R@100,AP
0.5929919137466307,0.49144201092615764,0.012757198963974512,0.5719950726120442,0.6139887548812173,0.5679678398817273,0.6180159876115342,0.677053745366017,0.4220255385647533,0.010955237125948552,0.6590227203600699,0.6950847703719641,0.6555643366155981,0.698543154116436,0.70377826458122,0.3929882521225559,0.010201466727241853,0.6869878565287508,0.7205686726336891,0.6837674253967129,0.723789103765727,0.7291412951762708,0.35703390890441167,0.009268138481273454,0.7138870350636717,0.7443955552888699,0.7109612399305631,0.7473213504219784,0.7517295393975578,0.31677078111583795,0.008222959760913822,0.7381955198809245,0.7652635589141912,0.7355996700566215,0.7678594087384941,0.5929919137466307,0.6623989218328848,0.6760107816711602,0.6862608565438763,0.6907812430416886,0.5929919137466307,0.2574123989218301,0.1687331536388105,0.092587601078165,0.010390835579514639,0.5759770889487871,0.7369159928122193,0.800763701707098,0.8766846361185984,0.9775381850853548,0.6848851995821136
