nDCG@1,nDCG@1_std,nDCG@1_stderr,nDCG@1_ci90_low,nDCG@1_ci90_high,nDCG@1_ci95_low,nDCG@1_ci95_high,nDCG@3,nDCG@3_std,nDCG@3_stderr,nDCG@3_ci90_low,nDCG@3_ci90_high,nDCG@3_ci95_low,nDCG@3_ci95_high,nDCG@5,nDCG@5_std,nDCG@5_stderr,nDCG@5_ci90_low,nDCG@5_ci90_high,nDCG@5_ci95_low,nDCG@5_ci95_high,nDCG@10,nDCG@10_std,nDCG@10_stderr,nDCG@10_ci90_low,nDCG@10_ci90_high,nDCG@10_ci95_low,nDCG@10_ci95_high,nDCG@100,nDCG@100_std,nDCG@100_stderr,nDCG@100_ci90_low,nDCG@100_ci90_high,nDCG@100_ci95_low,nDCG@100_ci95_high,RR@1,RR@3,RR@5,RR@10,RR@100,P@1,P@3,P@5,P@10,P@100,R@1,R@3,R@5,R@10,R@100,AP
0.7425876010781671,0.437355862866216,0.011353192516305686,0.7239015885523438,0.7612736136039905,0.7203175769974273,0.764857625158907,0.809259506451704,0.34886965425770394,0.00905620499043428,0.7943540638068589,0.824164949096549,0.7914951725053335,0.8270238403980744,0.832182336249117,0.3088692704635376,0.008017846764331798,0.8189859084731184,0.8453787640251156,0.8164548093652996,0.8479098631329344,0.8448297304985816,0.2810336434612234,0.007295269890437188,0.8328225788224177,0.8568368821747454,0.8305195850569187,0.8591398759402444,0.8555705271380684,0.25336207780457715,0.006576951836876312,0.8447456420470157,0.866395412229121,0.8426694091860262,0.8684716450901105,0.7425876010781671,0.7976190476190477,0.809209344115005,0.8141934604030294,0.8165741361792259,0.7425876010781671,0.30076370170709327,0.19272237196765046,0.10060646900269289,0.010566037735848867,0.7210242587601078,0.8578728661275831,0.9125112309074572,0.9504716981132075,0.9941599281221923,0.8116101645137891
