nDCG@1,nDCG@1_std,nDCG@1_stderr,nDCG@1_ci90_low,nDCG@1_ci90_high,nDCG@1_ci95_low,nDCG@1_ci95_high,nDCG@3,nDCG@3_std,nDCG@3_stderr,nDCG@3_ci90_low,nDCG@3_ci90_high,nDCG@3_ci95_low,nDCG@3_ci95_high,nDCG@5,nDCG@5_std,nDCG@5_stderr,nDCG@5_ci90_low,nDCG@5_ci90_high,nDCG@5_ci95_low,nDCG@5_ci95_high,nDCG@10,nDCG@10_std,nDCG@10_stderr,nDCG@10_ci90_low,nDCG@10_ci90_high,nDCG@10_ci95_low,nDCG@10_ci95_high,nDCG@100,nDCG@100_std,nDCG@100_stderr,nDCG@100_ci90_low,nDCG@100_ci90_high,nDCG@100_ci95_low,nDCG@100_ci95_high,RR@1,RR@3,RR@5,RR@10,RR@100,P@1,P@3,P@5,P@10,P@100,R@1,R@3,R@5,R@10,R@100,AP
0.5761455525606469,0.4943344235364216,0.012832282254240044,0.5550251332078309,0.597265971913463,0.5509741979480707,0.6013169071732232,0.6581618630092166,0.4319361767555234,0.01121250447478865,0.6397074063653397,0.6766163196530935,0.636167807654274,0.6801559183641592,0.6837647164165251,0.40437037115180957,0.010496931815410001,0.66648800776354,0.7010414250695103,0.6631743032823054,0.7043551295507449,0.7057649759919677,0.3760252734924656,0.009761129742217134,0.6896993105531677,0.7218306414307678,0.686617886386802,0.7249120655971335,0.7345301915079089,0.3277490805216924,0.00850794221396587,0.7205271245687358,0.748533258447082,0.7178413105864906,0.7512190724293272,0.5747978436657682,0.6418463611859845,0.6551886792452843,0.6641530826166953,0.6702395924184947,0.5761455525606469,0.25134770889487623,0.16401617250673542,0.08942048517520026,0.010316711590296311,0.5589622641509434,0.7169811320754716,0.778863432165319,0.8446203953279424,0.9719227313566937,0.6658384449958732
