nDCG@1,nDCG@1_std,nDCG@1_stderr,nDCG@1_ci90_low,nDCG@1_ci90_high,nDCG@1_ci95_low,nDCG@1_ci95_high,nDCG@3,nDCG@3_std,nDCG@3_stderr,nDCG@3_ci90_low,nDCG@3_ci90_high,nDCG@3_ci95_low,nDCG@3_ci95_high,nDCG@5,nDCG@5_std,nDCG@5_stderr,nDCG@5_ci90_low,nDCG@5_ci90_high,nDCG@5_ci95_low,nDCG@5_ci95_high,nDCG@10,nDCG@10_std,nDCG@10_stderr,nDCG@10_ci90_low,nDCG@10_ci90_high,nDCG@10_ci95_low,nDCG@10_ci95_high,nDCG@100,nDCG@100_std,nDCG@100_stderr,nDCG@100_ci90_low,nDCG@100_ci90_high,nDCG@100_ci95_low,nDCG@100_ci95_high,RR@1,RR@3,RR@5,RR@10,RR@100,P@1,P@3,P@5,P@10,P@100,R@1,R@3,R@5,R@10,R@100,AP
0.6819407008086253,0.46587963825901435,0.012093632832354132,0.662036011069284,0.7018453905479667,0.658218254984392,0.7056631466328587,0.763094176986241,0.37737238557373776,0.009796099029468696,0.7469709562352533,0.7792173977372288,0.7438784928542002,0.7823098611182819,0.7816592539441523,0.35023852993404186,0.009091739232464337,0.7666953261383522,0.7966231817499523,0.7638252172754362,0.7994932906128683,0.801682911590483,0.3135853981842697,0.008140271340040152,0.78828498743786,0.815080835743106,0.7857152409545727,0.8176505822263933,0.8167450840396184,0.2804426981581555,0.007279929714708507,0.804763180478943,0.8287269876002938,0.802465029348411,0.8310251387308258,0.6826145552560647,0.7482030548068285,0.7575696316262361,0.7656649766824971,0.7687500889470297,0.6819407008086253,0.2875112309074533,0.18261455525606063,0.09791105121293568,0.010525606469002507,0.6617250673854448,0.8213162623539981,0.8653414195867025,0.9261567834681042,0.9901168014375562,0.7633932428941026
