{
  "nDCG@1": 0.5026954177897575,
  "nDCG@1_std": 0.5001612810206919,
  "nDCG@1_stderr": 0.012983539937972601,
  "nDCG@1_ci90_low": 0.48132604617362035,
  "nDCG@1_ci90_high": 0.5240647894058946,
  "nDCG@1_ci95_low": 0.4772273614120801,
  "nDCG@1_ci95_high": 0.5281634741674348,
  "nDCG@3": 0.5889028203822202,
  "nDCG@3_std": 0.4482785717929464,
  "nDCG@3_stderr": 0.011636731912421368,
  "nDCG@3_ci90_low": 0.5697501355349531,
  "nDCG@3_ci90_high": 0.6080555052294873,
  "nDCG@3_ci95_low": 0.5660766153708507,
  "nDCG@3_ci95_high": 0.6117290253935896,
  "nDCG@5": 0.6164364551844294,
  "nDCG@5_std": 0.4252037196224673,
  "nDCG@5_stderr": 0.011037738595491994,
  "nDCG@5_ci90_low": 0.5982696425142571,
  "nDCG@5_ci90_high": 0.6346032678546016,
  "nDCG@5_ci95_low": 0.5947852144461542,
  "nDCG@5_ci95_high": 0.6380876959227045,
  "nDCG@10": 0.640439813958836,
  "nDCG@10_std": 0.3991886455469935,
  "nDCG@10_stderr": 0.010362420920843253,
  "nDCG@10_ci90_low": 0.6233844943342782,
  "nDCG@10_ci90_high": 0.6574951335833937,
  "nDCG@10_ci95_low": 0.6201132526756987,
  "nDCG@10_ci95_high": 0.6607663752419732,
  "nDCG@100": 0.6741210404209123,
  "nDCG@100_std": 0.3517604972208051,
  "nDCG@100_stderr": 0.009131247534689677,
  "nDCG@100_ci90_low": 0.6590920866209528,
  "nDCG@100_ci90_high": 0.6891499942208718,
  "nDCG@100_ci95_low": 0.6562095056528128,
  "nDCG@100_ci95_high": 0.6920325751890117,
  "RR@1": 0.5013477088948787,
  "RR@3": 0.5718778077268647,
  "RR@5": 0.586668912848159,
  "RR@10": 0.596183630684979,
  "RR@100": 0.6031421726252363,
  "P@1": 0.5026954177897575,
  "P@3": 0.22753818508535387,
  "P@5": 0.15107816711590044,
  "P@10": 0.08355795148247817,
  "P@100": 0.009986522911051034,
  "R@1": 0.4873090745732255,
  "R@3": 0.6508310871518418,
  "R@5": 0.7168688230008984,
  "R@10": 0.789139712488769,
  "R@100": 0.9409254267744833,
  "AP": 0.5979982717063633
}