{
  "nDCG@1": 0.5761455525606469,
  "nDCG@1_std": 0.4943344235364216,
  "nDCG@1_stderr": 0.012832282254240044,
  "nDCG@1_ci90_low": 0.5550251332078309,
  "nDCG@1_ci90_high": 0.597265971913463,
  "nDCG@1_ci95_low": 0.5509741979480707,
  "nDCG@1_ci95_high": 0.6013169071732232,
  "nDCG@3": 0.6581618630092166,
  "nDCG@3_std": 0.4319361767555234,
  "nDCG@3_stderr": 0.01121250447478865,
  "nDCG@3_ci90_low": 0.6397074063653397,
  "nDCG@3_ci90_high": 0.6766163196530935,
  "nDCG@3_ci95_low": 0.636167807654274,
  "nDCG@3_ci95_high": 0.6801559183641592,
  "nDCG@5": 0.6837647164165251,
  "nDCG@5_std": 0.40437037115180957,
  "nDCG@5_stderr": 0.010496931815410001,
  "nDCG@5_ci90_low": 0.66648800776354,
  "nDCG@5_ci90_high": 0.7010414250695103,
  "nDCG@5_ci95_low": 0.6631743032823054,
  "nDCG@5_ci95_high": 0.7043551295507449,
  "nDCG@10": 0.7057649759919677,
  "nDCG@10_std": 0.3760252734924656,
  "nDCG@10_stderr": 0.009761129742217134,
  "nDCG@10_ci90_low": 0.6896993105531677,
  "nDCG@10_ci90_high": 0.7218306414307678,
  "nDCG@10_ci95_low": 0.686617886386802,
  "nDCG@10_ci95_high": 0.7249120655971335,
  "nDCG@100": 0.7345301915079089,
  "nDCG@100_std": 0.3277490805216924,
  "nDCG@100_stderr": 0.00850794221396587,
  "nDCG@100_ci90_low": 0.7205271245687358,
  "nDCG@100_ci90_high": 0.748533258447082,
  "nDCG@100_ci95_low": 0.7178413105864906,
  "nDCG@100_ci95_high": 0.7512190724293272,
  "RR@1": 0.5747978436657682,
  "RR@3": 0.6418463611859845,
  "RR@5": 0.6551886792452843,
  "RR@10": 0.6641530826166953,
  "RR@100": 0.6702395924184947,
  "P@1": 0.5761455525606469,
  "P@3": 0.25134770889487623,
  "P@5": 0.16401617250673542,
  "P@10": 0.08942048517520026,
  "P@100": 0.010316711590296311,
  "R@1": 0.5589622641509434,
  "R@3": 0.7169811320754716,
  "R@5": 0.778863432165319,
  "R@10": 0.8446203953279424,
  "R@100": 0.9719227313566937,
  "AP": 0.6658384449958732
}