nDCG@1,nDCG@3,nDCG@5,nDCG@10,nDCG@100,RR@1,RR@3,RR@5,RR@10,RR@100,P@1,P@3,P@5,P@10,P@100,R@1,R@3,R@5,R@10,R@100,AP
0.1320754716981132,0.20163408760946214,0.22846770111508805,0.2599869390815048,0.3217692149686943,0.1320754716981132,0.18620844564240813,0.201740790655885,0.21470286227698632,0.22649679703557513,0.1320754716981132,0.0858041329739438,0.0649595687331542,0.042452830188679666,0.007432614555255938,0.12949236298292902,0.2528077268643307,0.3170485175202156,0.41357816711590295,0.7090071877807725,0.22258460772060626
