{
  "nDCG@1": 0.1320754716981132,
  "nDCG@1_std": 0.3386869329260304,
  "nDCG@1_stderr": 0.00879187471517341,
  "nDCG@1_ci90_low": 0.11760508543299439,
  "nDCG@1_ci90_high": 0.14654585796323202,
  "nDCG@1_ci95_low": 0.1148296387449104,
  "nDCG@1_ci95_high": 0.14932130465131602,
  "nDCG@3": 0.20163408760946214,
  "nDCG@3_std": 0.36047935514923607,
  "nDCG@3_stderr": 0.009357577809388827,
  "nDCG@3_ci90_low": 0.18623262093773307,
  "nDCG@3_ci90_high": 0.2170355542811912,
  "nDCG@3_ci95_low": 0.18327859131595814,
  "nDCG@3_ci95_high": 0.21998958390296613,
  "nDCG@5": 0.22846770111508805,
  "nDCG@5_std": 0.3595492366925947,
  "nDCG@5_stderr": 0.009333433137285851,
  "nDCG@5_ci90_low": 0.21310597371887113,
  "nDCG@5_ci90_high": 0.24382942851130496,
  "nDCG@5_ci95_low": 0.2101595661631963,
  "nDCG@5_ci95_high": 0.24677583606697978,
  "nDCG@10": 0.2599869390815048,
  "nDCG@10_std": 0.3523191728083415,
  "nDCG@10_stderr": 0.009145750030341373,
  "nDCG@10_ci90_low": 0.24493411588841957,
  "nDCG@10_ci90_high": 0.27503976227459,
  "nDCG@10_ci95_low": 0.2420469567267965,
  "nDCG@10_ci95_high": 0.27792692143621306,
  "nDCG@100": 0.3217692149686943,
  "nDCG@100_std": 0.31949580990518806,
  "nDCG@100_stderr": 0.008293697983685585,
  "nDCG@100_ci90_low": 0.3081187687011828,
  "nDCG@100_ci90_high": 0.3354196612362058,
  "nDCG@100_ci95_low": 0.3055005880120219,
  "nDCG@100_ci95_high": 0.33803784192536673,
  "RR@1": 0.1320754716981132,
  "RR@3": 0.18620844564240813,
  "RR@5": 0.201740790655885,
  "RR@10": 0.21470286227698632,
  "RR@100": 0.22649679703557513,
  "P@1": 0.1320754716981132,
  "P@3": 0.0858041329739438,
  "P@5": 0.0649595687331542,
  "P@10": 0.042452830188679666,
  "P@100": 0.007432614555255938,
  "R@1": 0.12949236298292902,
  "R@3": 0.2528077268643307,
  "R@5": 0.3170485175202156,
  "R@10": 0.41357816711590295,
  "R@100": 0.7090071877807725,
  "AP": 0.22258460772060626
}