{
  "nDCG@1": 0.1091644204851752,
  "nDCG@1_std": 0.31195051637585447,
  "nDCG@1_stderr": 0.008097831922878338,
  "nDCG@1_ci90_low": 0.09583634659533381,
  "nDCG@1_ci90_high": 0.1224924943750166,
  "nDCG@1_ci95_low": 0.09327999752086112,
  "nDCG@1_ci95_high": 0.1250488434494893,
  "nDCG@3": 0.1671551308798387,
  "nDCG@3_std": 0.33652642261187543,
  "nDCG@3_stderr": 0.00873579066185967,
  "nDCG@3_ci90_low": 0.15277705233532043,
  "nDCG@3_ci90_high": 0.18153320942435694,
  "nDCG@3_ci95_low": 0.15001931043774663,
  "nDCG@3_ci95_high": 0.18429095132193074,
  "nDCG@5": 0.1909093238685942,
  "nDCG@5_std": 0.33826784873636545,
  "nDCG@5_stderr": 0.008780995831660508,
  "nDCG@5_ci90_low": 0.17645684295946198,
  "nDCG@5_ci90_high": 0.2053618047777264,
  "nDCG@5_ci95_low": 0.17368483055157352,
  "nDCG@5_ci95_high": 0.20813381718561486,
  "nDCG@10": 0.218144653305351,
  "nDCG@10_std": 0.33474946242588366,
  "nDCG@10_stderr": 0.008689663073782621,
  "nDCG@10_ci90_low": 0.20384249531686627,
  "nDCG@10_ci90_high": 0.2324468112938357,
  "nDCG@10_ci95_low": 0.20109931512151244,
  "nDCG@10_ci95_high": 0.23518999148918954,
  "nDCG@100": 0.2736665047181138,
  "nDCG@100_std": 0.31163826667695466,
  "nDCG@100_stderr": 0.008089726324564107,
  "nDCG@100_ci90_low": 0.2603517716847242,
  "nDCG@100_ci90_high": 0.28698123775150347,
  "nDCG@100_ci95_low": 0.2577979814110448,
  "nDCG@100_ci95_high": 0.28953502802518283,
  "RR@1": 0.1078167115902965,
  "RR@3": 0.15397574123989224,
  "RR@5": 0.16708221024258763,
  "RR@10": 0.17889097462884507,
  "RR@100": 0.18914293016291112,
  "P@1": 0.1091644204851752,
  "P@3": 0.07120395327942469,
  "P@5": 0.05444743935310014,
  "P@10": 0.03584905660377391,
  "P@100": 0.006455525606468898,
  "R@1": 0.10669362084456423,
  "R@3": 0.20934411500449238,
  "R@5": 0.2672955974842767,
  "R@10": 0.3500112309074574,
  "R@100": 0.6171383647798742,
  "AP": 0.18633295343208225
}