nDCG@1,nDCG@3,nDCG@5,nDCG@10,nDCG@100,RR@1,RR@3,RR@5,RR@10,RR@100,P@1,P@3,P@5,P@10,P@100,R@1,R@3,R@5,R@10,R@100,AP
0.14150943396226415,0.21722536465970949,0.24379829568067607,0.27628154275563827,0.33690733693083424,0.1408355795148248,0.2002470799640612,0.21513926325247068,0.22897520643477512,0.2403377602367824,0.14150943396226415,0.09231805929919105,0.06873315363881463,0.04481132075471732,0.00759433962264138,0.13937556154537287,0.2725741239892183,0.336141060197664,0.43570305480682836,0.7240566037735849,0.23681688340080367
