{
  "nDCG@1": 0.11590296495956873,
  "nDCG@3": 0.17667515597378985,
  "nDCG@5": 0.20299948469696127,
  "nDCG@10": 0.2318475390770402,
  "nDCG@100": 0.29010092055310027,
  "RR@1": 0.11657681940700809,
  "RR@3": 0.16374663072776297,
  "RR@5": 0.17887466307277625,
  "RR@10": 0.19121422153767148,
  "RR@100": 0.2022510612551996,
  "P@1": 0.11590296495956873,
  "P@3": 0.07479784366576786,
  "P@5": 0.05781671159029696,
  "P@10": 0.03807277628032381,
  "P@100": 0.0068059299191373535,
  "R@1": 0.11343216531895776,
  "R@3": 0.22012578616352202,
  "R@5": 0.2838050314465409,
  "R@10": 0.371237646001797,
  "R@100": 0.6490341419586703,
  "AP": 0.19835226689004526
}