nDCG@1,nDCG@1_std,nDCG@1_stderr,nDCG@1_ci90_low,nDCG@1_ci90_high,nDCG@1_ci95_low,nDCG@1_ci95_high,nDCG@3,nDCG@3_std,nDCG@3_stderr,nDCG@3_ci90_low,nDCG@3_ci90_high,nDCG@3_ci95_low,nDCG@3_ci95_high,nDCG@5,nDCG@5_std,nDCG@5_stderr,nDCG@5_ci90_low,nDCG@5_ci90_high,nDCG@5_ci95_low,nDCG@5_ci95_high,nDCG@10,nDCG@10_std,nDCG@10_stderr,nDCG@10_ci90_low,nDCG@10_ci90_high,nDCG@10_ci95_low,nDCG@10_ci95_high,nDCG@100,nDCG@100_std,nDCG@100_stderr,nDCG@100_ci90_low,nDCG@100_ci90_high,nDCG@100_ci95_low,nDCG@100_ci95_high,RR@1,RR@3,RR@5,RR@10,RR@100,P@1,P@3,P@5,P@10,P@100,R@1,R@3,R@5,R@10,R@100,AP
0.14285714285714285,0.3500450656992924,0.009086717151160257,0.12790148080337851,0.15781280491090718,0.12503295732689876,0.16068132838738694,0.21483706464721367,0.36863613552236846,0.009569317277753342,0.19908709984578338,0.23058702944864395,0.19606622764205095,0.23360790165237638,0.23935541054917717,0.3669847537273699,0.009526449542281195,0.22367600097182466,0.25503482012652967,0.22066866138977945,0.2580421597085749,0.26642879960435706,0.36032105003622794,0.00935346841340973,0.25103409651253106,0.28182350269618306,0.24808136415781573,0.2847762350508984,0.3301893073119351,0.32591565056114435,0.008460348743580332,0.3162645735977553,0.34411404102611487,0.3135937840720719,0.34678483055179826,0.14285714285714285,0.19923629829290215,0.2128481581311768,0.22423095024173179,0.2364326252585131,0.14285714285714285,0.09164420485175168,0.06725067385444804,0.04218328840970392,0.007499999999999872,0.13960017969451932,0.26841868823000903,0.3277178796046721,0.4109389038634321,0.715071877807727,0.2318721027784041
