nDCG@1,nDCG@1_std,nDCG@1_stderr,nDCG@1_ci90_low,nDCG@1_ci90_high,nDCG@1_ci95_low,nDCG@1_ci95_high,nDCG@3,nDCG@3_std,nDCG@3_stderr,nDCG@3_ci90_low,nDCG@3_ci90_high,nDCG@3_ci95_low,nDCG@3_ci95_high,nDCG@5,nDCG@5_std,nDCG@5_stderr,nDCG@5_ci90_low,nDCG@5_ci90_high,nDCG@5_ci95_low,nDCG@5_ci95_high,nDCG@10,nDCG@10_std,nDCG@10_stderr,nDCG@10_ci90_low,nDCG@10_ci90_high,nDCG@10_ci95_low,nDCG@10_ci95_high,nDCG@100,nDCG@100_std,nDCG@100_stderr,nDCG@100_ci90_low,nDCG@100_ci90_high,nDCG@100_ci95_low,nDCG@100_ci95_high,RR@1,RR@3,RR@5,RR@10,RR@100,P@1,P@3,P@5,P@10,P@100,R@1,R@3,R@5,R@10,R@100,AP
0.1320754716981132,0.3386869329260304,0.00879187471517341,0.11760508543299439,0.14654585796323202,0.1148296387449104,0.14932130465131602,0.20163408760946214,0.36047935514923607,0.009357577809388827,0.18623262093773307,0.2170355542811912,0.18327859131595814,0.21998958390296613,0.22846770111508805,0.3595492366925947,0.009333433137285851,0.21310597371887113,0.24382942851130496,0.2101595661631963,0.24677583606697978,0.2599869390815048,0.3523191728083415,0.009145750030341373,0.24493411588841957,0.27503976227459,0.2420469567267965,0.27792692143621306,0.3217692149686943,0.31949580990518806,0.008293697983685585,0.3081187687011828,0.3354196612362058,0.3055005880120219,0.33803784192536673,0.1320754716981132,0.18620844564240813,0.201740790655885,0.21470286227698632,0.22649679703557513,0.1320754716981132,0.0858041329739438,0.0649595687331542,0.042452830188679666,0.007432614555255938,0.12949236298292902,0.2528077268643307,0.3170485175202156,0.41357816711590295,0.7090071877807725,0.22258460772060626
