nDCG@1,nDCG@3,nDCG@5,nDCG@10,nDCG@100,RR@1,RR@3,RR@5,RR@10,RR@100,P@1,P@3,P@5,P@10,P@100,R@1,R@3,R@5,R@10,R@100,AP
0.11590296495956873,0.17667515597378985,0.20299948469696127,0.2318475390770402,0.29010092055310027,0.11657681940700809,0.16374663072776297,0.17887466307277625,0.19121422153767148,0.2022510612551996,0.11590296495956873,0.07479784366576786,0.05781671159029696,0.03807277628032381,0.0068059299191373535,0.11343216531895776,0.22012578616352202,0.2838050314465409,0.371237646001797,0.6490341419586703,0.19835226689004526
