nDCG@1,nDCG@1_std,nDCG@1_stderr,nDCG@1_ci90_low,nDCG@1_ci90_high,nDCG@1_ci95_low,nDCG@1_ci95_high,nDCG@3,nDCG@3_std,nDCG@3_stderr,nDCG@3_ci90_low,nDCG@3_ci90_high,nDCG@3_ci95_low,nDCG@3_ci95_high,nDCG@5,nDCG@5_std,nDCG@5_stderr,nDCG@5_ci90_low,nDCG@5_ci90_high,nDCG@5_ci95_low,nDCG@5_ci95_high,nDCG@10,nDCG@10_std,nDCG@10_stderr,nDCG@10_ci90_low,nDCG@10_ci90_high,nDCG@10_ci95_low,nDCG@10_ci95_high,nDCG@100,nDCG@100_std,nDCG@100_stderr,nDCG@100_ci90_low,nDCG@100_ci90_high,nDCG@100_ci95_low,nDCG@100_ci95_high,RR@1,RR@3,RR@5,RR@10,RR@100,P@1,P@3,P@5,P@10,P@100,R@1,R@3,R@5,R@10,R@100,AP
0.14353099730458221,0.3507317248284827,0.009104541934017142,0.1285459977657664,0.15851599684339804,0.12567184730571956,0.16139014730344486,0.21889617449511514,0.3701388057075539,0.009608324652180929,0.20308200816745278,0.2347103408227775,0.20004882199296062,0.23774352699726967,0.24228236879170947,0.36835779374321553,0.009562091885178644,0.22654429613215565,0.2580204414512633,0.2235257048630977,0.26103903272032125,0.2769399681439587,0.3589862833678551,0.009318819597109262,0.261602292907026,0.2922776433808914,0.2586604985997195,0.2952194376881979,0.3375717087710796,0.3245458882265093,0.0084247914850477,0.3237054981002967,0.35143791944186253,0.3210459334019259,0.35409748414023334,0.14353099730458221,0.20204402515723274,0.21558849955076342,0.2299747571984765,0.24120784141389665,0.14353099730458221,0.0936657681940698,0.06792452830188739,0.04501347708894911,0.007641509433962134,0.14061096136567833,0.27515723270440257,0.3314240790655885,0.4377246181491464,0.7289982030548069,0.23683623822326383
