{
  "nDCG@1": 0.14285714285714285,
  "nDCG@1_std": 0.3500450656992924,
  "nDCG@1_stderr": 0.009086717151160257,
  "nDCG@1_ci90_low": 0.12790148080337851,
  "nDCG@1_ci90_high": 0.15781280491090718,
  "nDCG@1_ci95_low": 0.12503295732689876,
  "nDCG@1_ci95_high": 0.16068132838738694,
  "nDCG@3": 0.21483706464721367,
  "nDCG@3_std": 0.36863613552236846,
  "nDCG@3_stderr": 0.009569317277753342,
  "nDCG@3_ci90_low": 0.19908709984578338,
  "nDCG@3_ci90_high": 0.23058702944864395,
  "nDCG@3_ci95_low": 0.19606622764205095,
  "nDCG@3_ci95_high": 0.23360790165237638,
  "nDCG@5": 0.23935541054917717,
  "nDCG@5_std": 0.3669847537273699,
  "nDCG@5_stderr": 0.009526449542281195,
  "nDCG@5_ci90_low": 0.22367600097182466,
  "nDCG@5_ci90_high": 0.25503482012652967,
  "nDCG@5_ci95_low": 0.22066866138977945,
  "nDCG@5_ci95_high": 0.2580421597085749,
  "nDCG@10": 0.26642879960435706,
  "nDCG@10_std": 0.36032105003622794,
  "nDCG@10_stderr": 0.00935346841340973,
  "nDCG@10_ci90_low": 0.25103409651253106,
  "nDCG@10_ci90_high": 0.28182350269618306,
  "nDCG@10_ci95_low": 0.24808136415781573,
  "nDCG@10_ci95_high": 0.2847762350508984,
  "nDCG@100": 0.3301893073119351,
  "nDCG@100_std": 0.32591565056114435,
  "nDCG@100_stderr": 0.008460348743580332,
  "nDCG@100_ci90_low": 0.3162645735977553,
  "nDCG@100_ci90_high": 0.34411404102611487,
  "nDCG@100_ci95_low": 0.3135937840720719,
  "nDCG@100_ci95_high": 0.34678483055179826,
  "RR@1": 0.14285714285714285,
  "RR@3": 0.19923629829290215,
  "RR@5": 0.2128481581311768,
  "RR@10": 0.22423095024173179,
  "RR@100": 0.2364326252585131,
  "P@1": 0.14285714285714285,
  "P@3": 0.09164420485175168,
  "P@5": 0.06725067385444804,
  "P@10": 0.04218328840970392,
  "P@100": 0.007499999999999872,
  "R@1": 0.13960017969451932,
  "R@3": 0.26841868823000903,
  "R@5": 0.3277178796046721,
  "R@10": 0.4109389038634321,
  "R@100": 0.715071877807727,
  "AP": 0.2318721027784041
}