{
  "nDCG@1": 0.14353099730458221,
  "nDCG@1_std": 0.3507317248284827,
  "nDCG@1_stderr": 0.009104541934017142,
  "nDCG@1_ci90_low": 0.1285459977657664,
  "nDCG@1_ci90_high": 0.15851599684339804,
  "nDCG@1_ci95_low": 0.12567184730571956,
  "nDCG@1_ci95_high": 0.16139014730344486,
  "nDCG@3": 0.21889617449511514,
  "nDCG@3_std": 0.3701388057075539,
  "nDCG@3_stderr": 0.009608324652180929,
  "nDCG@3_ci90_low": 0.20308200816745278,
  "nDCG@3_ci90_high": 0.2347103408227775,
  "nDCG@3_ci95_low": 0.20004882199296062,
  "nDCG@3_ci95_high": 0.23774352699726967,
  "nDCG@5": 0.24228236879170947,
  "nDCG@5_std": 0.36835779374321553,
  "nDCG@5_stderr": 0.009562091885178644,
  "nDCG@5_ci90_low": 0.22654429613215565,
  "nDCG@5_ci90_high": 0.2580204414512633,
  "nDCG@5_ci95_low": 0.2235257048630977,
  "nDCG@5_ci95_high": 0.26103903272032125,
  "nDCG@10": 0.2769399681439587,
  "nDCG@10_std": 0.3589862833678551,
  "nDCG@10_stderr": 0.009318819597109262,
  "nDCG@10_ci90_low": 0.261602292907026,
  "nDCG@10_ci90_high": 0.2922776433808914,
  "nDCG@10_ci95_low": 0.2586604985997195,
  "nDCG@10_ci95_high": 0.2952194376881979,
  "nDCG@100": 0.3375717087710796,
  "nDCG@100_std": 0.3245458882265093,
  "nDCG@100_stderr": 0.0084247914850477,
  "nDCG@100_ci90_low": 0.3237054981002967,
  "nDCG@100_ci90_high": 0.35143791944186253,
  "nDCG@100_ci95_low": 0.3210459334019259,
  "nDCG@100_ci95_high": 0.35409748414023334,
  "RR@1": 0.14353099730458221,
  "RR@3": 0.20204402515723274,
  "RR@5": 0.21558849955076342,
  "RR@10": 0.2299747571984765,
  "RR@100": 0.24120784141389665,
  "P@1": 0.14353099730458221,
  "P@3": 0.0936657681940698,
  "P@5": 0.06792452830188739,
  "P@10": 0.04501347708894911,
  "P@100": 0.007641509433962134,
  "R@1": 0.14061096136567833,
  "R@3": 0.27515723270440257,
  "R@5": 0.3314240790655885,
  "R@10": 0.4377246181491464,
  "R@100": 0.7289982030548069,
  "AP": 0.23683623822326383
}