nDCG@1,nDCG@1_std,nDCG@1_stderr,nDCG@1_ci90_low,nDCG@1_ci90_high,nDCG@1_ci95_low,nDCG@1_ci95_high,nDCG@3,nDCG@3_std,nDCG@3_stderr,nDCG@3_ci90_low,nDCG@3_ci90_high,nDCG@3_ci95_low,nDCG@3_ci95_high,nDCG@5,nDCG@5_std,nDCG@5_stderr,nDCG@5_ci90_low,nDCG@5_ci90_high,nDCG@5_ci95_low,nDCG@5_ci95_high,nDCG@10,nDCG@10_std,nDCG@10_stderr,nDCG@10_ci90_low,nDCG@10_ci90_high,nDCG@10_ci95_low,nDCG@10_ci95_high,nDCG@100,nDCG@100_std,nDCG@100_stderr,nDCG@100_ci90_low,nDCG@100_ci90_high,nDCG@100_ci95_low,nDCG@100_ci95_high,RR@1,RR@3,RR@5,RR@10,RR@100,P@1,P@3,P@5,P@10,P@100,R@1,R@3,R@5,R@10,R@100,AP
0.1091644204851752,0.31195051637585447,0.008097831922878338,0.09583634659533381,0.1224924943750166,0.09327999752086112,0.1250488434494893,0.1671551308798387,0.33652642261187543,0.00873579066185967,0.15277705233532043,0.18153320942435694,0.15001931043774663,0.18429095132193074,0.1909093238685942,0.33826784873636545,0.008780995831660508,0.17645684295946198,0.2053618047777264,0.17368483055157352,0.20813381718561486,0.218144653305351,0.33474946242588366,0.008689663073782621,0.20384249531686627,0.2324468112938357,0.20109931512151244,0.23518999148918954,0.2736665047181138,0.31163826667695466,0.008089726324564107,0.2603517716847242,0.28698123775150347,0.2577979814110448,0.28953502802518283,0.1078167115902965,0.15397574123989224,0.16708221024258763,0.17889097462884507,0.18914293016291112,0.1091644204851752,0.07120395327942469,0.05444743935310014,0.03584905660377391,0.006455525606468898,0.10669362084456423,0.20934411500449238,0.2672955974842767,0.3500112309074574,0.6171383647798742,0.18633295343208225
