{
  "nDCG@1": 0.1320754716981132,
  "nDCG@3": 0.20163408760946214,
  "nDCG@5": 0.22846770111508805,
  "nDCG@10": 0.2599869390815048,
  "nDCG@100": 0.3217692149686943,
  "RR@1": 0.1320754716981132,
  "RR@3": 0.18620844564240813,
  "RR@5": 0.201740790655885,
  "RR@10": 0.21470286227698632,
  "RR@100": 0.22649679703557513,
  "P@1": 0.1320754716981132,
  "P@3": 0.0858041329739438,
  "P@5": 0.0649595687331542,
  "P@10": 0.042452830188679666,
  "P@100": 0.007432614555255938,
  "R@1": 0.12949236298292902,
  "R@3": 0.2528077268643307,
  "R@5": 0.3170485175202156,
  "R@10": 0.41357816711590295,
  "R@100": 0.7090071877807725,
  "AP": 0.22258460772060626
}