nDCG@1,nDCG@3,nDCG@5,nDCG@10,nDCG@100,RR@1,RR@3,RR@5,RR@10,RR@100,P@1,P@3,P@5,P@10,P@100,R@1,R@3,R@5,R@10,R@100,AP
0.1091644204851752,0.1671551308798387,0.1909093238685942,0.218144653305351,0.2736665047181138,0.1078167115902965,0.15397574123989224,0.16708221024258763,0.17889097462884507,0.18914293016291112,0.1091644204851752,0.07120395327942469,0.05444743935310014,0.03584905660377391,0.006455525606468898,0.10669362084456423,0.20934411500449238,0.2672955974842767,0.3500112309074574,0.6171383647798742,0.18633295343208225
