nDCG@1,nDCG@1_std,nDCG@1_stderr,nDCG@1_ci90_low,nDCG@1_ci90_high,nDCG@1_ci95_low,nDCG@1_ci95_high,nDCG@3,nDCG@3_std,nDCG@3_stderr,nDCG@3_ci90_low,nDCG@3_ci90_high,nDCG@3_ci95_low,nDCG@3_ci95_high,nDCG@5,nDCG@5_std,nDCG@5_stderr,nDCG@5_ci90_low,nDCG@5_ci90_high,nDCG@5_ci95_low,nDCG@5_ci95_high,nDCG@10,nDCG@10_std,nDCG@10_stderr,nDCG@10_ci90_low,nDCG@10_ci90_high,nDCG@10_ci95_low,nDCG@10_ci95_high,nDCG@100,nDCG@100_std,nDCG@100_stderr,nDCG@100_ci90_low,nDCG@100_ci90_high,nDCG@100_ci95_low,nDCG@100_ci95_high,RR@1,RR@3,RR@5,RR@10,RR@100,P@1,P@3,P@5,P@10,P@100,R@1,R@3,R@5,R@10,R@100,AP
0.11590296495956873,0.32021643265198024,0.00831240441812628,0.10222173011274174,0.1295841998063957,0.09959764411746624,0.1322082858016712,0.17667515597378985,0.3443332887670845,0.008938446809712048,0.1619635293711579,0.1913867825764218,0.1591418123428414,0.19420849960473832,0.20299948469696127,0.34548713315782503,0.008968399117693211,0.18823856013683327,0.21776040925708928,0.18540738766963938,0.22059158172428317,0.2318475390770402,0.34094768594471,0.008850560939440946,0.21728056222560116,0.24641451592847924,0.2144865892854883,0.2492084888685921,0.29010092055310027,0.31439945751695264,0.008161403267398061,0.2766682157466006,0.30353362535959993,0.27409179826995883,0.3061100428362417,0.11657681940700809,0.16374663072776297,0.17887466307277625,0.19121422153767148,0.2022510612551996,0.11590296495956873,0.07479784366576786,0.05781671159029696,0.03807277628032381,0.0068059299191373535,0.11343216531895776,0.22012578616352202,0.2838050314465409,0.371237646001797,0.6490341419586703,0.19835226689004526
