nDCG@1,nDCG@1_std,nDCG@1_stderr,nDCG@1_ci90_low,nDCG@1_ci90_high,nDCG@1_ci95_low,nDCG@1_ci95_high,nDCG@3,nDCG@3_std,nDCG@3_stderr,nDCG@3_ci90_low,nDCG@3_ci90_high,nDCG@3_ci95_low,nDCG@3_ci95_high,nDCG@5,nDCG@5_std,nDCG@5_stderr,nDCG@5_ci90_low,nDCG@5_ci90_high,nDCG@5_ci95_low,nDCG@5_ci95_high,nDCG@10,nDCG@10_std,nDCG@10_stderr,nDCG@10_ci90_low,nDCG@10_ci90_high,nDCG@10_ci95_low,nDCG@10_ci95_high,nDCG@100,nDCG@100_std,nDCG@100_stderr,nDCG@100_ci90_low,nDCG@100_ci90_high,nDCG@100_ci95_low,nDCG@100_ci95_high,RR@1,RR@3,RR@5,RR@10,RR@100,P@1,P@3,P@5,P@10,P@100,R@1,R@3,R@5,R@10,R@100,AP
0.15363881401617252,0.36072373344533837,0.009363921553872492,0.13822690629108228,0.16905072174126276,0.13527087405607777,0.17200675397626727,0.2232117720371253,0.37649932362464705,0.009773435470503855,0.20712585282454532,0.2392976912497053,0.20404054394713403,0.24238300012711658,0.2522686510758167,0.37386627832292557,0.009705085020097882,0.2362952286231214,0.268242073528512,0.23323149683107064,0.27130580532056275,0.28213503562543313,0.3657176658235059,0.00949355757917048,0.26650976233034684,0.2977603089205194,0.26351280618676476,0.3007572650641015,0.3480484368149138,0.32789178273229175,0.008511646578779501,0.3340392729292468,0.36205760070058085,0.3313522895414553,0.36474458408837235,0.15296495956873316,0.20788409703504043,0.22435983827493242,0.23708686304710552,0.24924876978070776,0.15363881401617252,0.09389038634321627,0.07075471698113271,0.04514824797843699,0.007917789757412263,0.14993261455525606,0.2744833782569632,0.3447327044025157,0.43502920035938897,0.7503369272237197,0.24527745968969014
