{
  "nDCG@1": 0.15363881401617252,
  "nDCG@1_std": 0.36072373344533837,
  "nDCG@1_stderr": 0.009363921553872492,
  "nDCG@1_ci90_low": 0.13822690629108228,
  "nDCG@1_ci90_high": 0.16905072174126276,
  "nDCG@1_ci95_low": 0.13527087405607777,
  "nDCG@1_ci95_high": 0.17200675397626727,
  "nDCG@3": 0.2232117720371253,
  "nDCG@3_std": 0.37649932362464705,
  "nDCG@3_stderr": 0.009773435470503855,
  "nDCG@3_ci90_low": 0.20712585282454532,
  "nDCG@3_ci90_high": 0.2392976912497053,
  "nDCG@3_ci95_low": 0.20404054394713403,
  "nDCG@3_ci95_high": 0.24238300012711658,
  "nDCG@5": 0.2522686510758167,
  "nDCG@5_std": 0.37386627832292557,
  "nDCG@5_stderr": 0.009705085020097882,
  "nDCG@5_ci90_low": 0.2362952286231214,
  "nDCG@5_ci90_high": 0.268242073528512,
  "nDCG@5_ci95_low": 0.23323149683107064,
  "nDCG@5_ci95_high": 0.27130580532056275,
  "nDCG@10": 0.28213503562543313,
  "nDCG@10_std": 0.3657176658235059,
  "nDCG@10_stderr": 0.00949355757917048,
  "nDCG@10_ci90_low": 0.26650976233034684,
  "nDCG@10_ci90_high": 0.2977603089205194,
  "nDCG@10_ci95_low": 0.26351280618676476,
  "nDCG@10_ci95_high": 0.3007572650641015,
  "nDCG@100": 0.3480484368149138,
  "nDCG@100_std": 0.32789178273229175,
  "nDCG@100_stderr": 0.008511646578779501,
  "nDCG@100_ci90_low": 0.3340392729292468,
  "nDCG@100_ci90_high": 0.36205760070058085,
  "nDCG@100_ci95_low": 0.3313522895414553,
  "nDCG@100_ci95_high": 0.36474458408837235,
  "RR@1": 0.15296495956873316,
  "RR@3": 0.20788409703504043,
  "RR@5": 0.22435983827493242,
  "RR@10": 0.23708686304710552,
  "RR@100": 0.24924876978070776,
  "P@1": 0.15363881401617252,
  "P@3": 0.09389038634321627,
  "P@5": 0.07075471698113271,
  "P@10": 0.04514824797843699,
  "P@100": 0.007917789757412263,
  "R@1": 0.14993261455525606,
  "R@3": 0.2744833782569632,
  "R@5": 0.3447327044025157,
  "R@10": 0.43502920035938897,
  "R@100": 0.7503369272237197,
  "AP": 0.24527745968969014
}