{
  "nDCG@1": 0.15768194070080863,
  "nDCG@1_std": 0.3645653670629918,
  "nDCG@1_stderr": 0.00946364539375085,
  "nDCG@1_ci90_low": 0.14210589932622608,
  "nDCG@1_ci90_high": 0.17325798207539117,
  "nDCG@1_ci95_low": 0.13911838595550477,
  "nDCG@1_ci95_high": 0.17624549544611248,
  "nDCG@3": 0.22675968229381294,
  "nDCG@3_std": 0.37875379774099655,
  "nDCG@3_stderr": 0.009831958702588142,
  "nDCG@3_ci90_low": 0.2105774407607748,
  "nDCG@3_ci90_high": 0.24294192382685106,
  "nDCG@3_ci95_low": 0.20747365708522017,
  "nDCG@3_ci95_high": 0.2460457075024057,
  "nDCG@5": 0.2553066539337174,
  "nDCG@5_std": 0.3758479382414813,
  "nDCG@5_stderr": 0.009756526348470088,
  "nDCG@5_ci90_low": 0.23924856513673812,
  "nDCG@5_ci90_high": 0.27136474273069666,
  "nDCG@5_ci95_low": 0.2361685941842026,
  "nDCG@5_ci95_high": 0.27444471368323214,
  "nDCG@10": 0.28821525474237675,
  "nDCG@10_std": 0.3666741450332144,
  "nDCG@10_stderr": 0.00951838654232762,
  "nDCG@10_ci90_low": 0.272549115909611,
  "nDCG@10_ci90_high": 0.3038813935751425,
  "nDCG@10_ci95_low": 0.2695443216807745,
  "nDCG@10_ci95_high": 0.30688618780397897,
  "nDCG@100": 0.3528461681908811,
  "nDCG@100_std": 0.3281305520730711,
  "nDCG@100_stderr": 0.008517844722037704,
  "nDCG@100_ci90_low": 0.3388268028942547,
  "nDCG@100_ci90_high": 0.3668655334875075,
  "nDCG@100_ci95_low": 0.3361378628570869,
  "nDCG@100_ci95_high": 0.3695544735246753,
  "RR@1": 0.15768194070080863,
  "RR@3": 0.21237646001796942,
  "RR@5": 0.22861635220125762,
  "RR@10": 0.24209370855260315,
  "RR@100": 0.2538159697744439,
  "P@1": 0.15768194070080863,
  "P@3": 0.095238095238095,
  "P@5": 0.07142857142857208,
  "P@10": 0.04636118598382774,
  "P@100": 0.008018867924528163,
  "R@1": 0.15296495956873316,
  "R@3": 0.2778526504941599,
  "R@5": 0.34675426774483376,
  "R@10": 0.44732704402515716,
  "R@100": 0.7604447439353099,
  "AP": 0.24888349427390236
}