nDCG@1,nDCG@1_std,nDCG@1_stderr,nDCG@1_ci90_low,nDCG@1_ci90_high,nDCG@1_ci95_low,nDCG@1_ci95_high,nDCG@3,nDCG@3_std,nDCG@3_stderr,nDCG@3_ci90_low,nDCG@3_ci90_high,nDCG@3_ci95_low,nDCG@3_ci95_high,nDCG@5,nDCG@5_std,nDCG@5_stderr,nDCG@5_ci90_low,nDCG@5_ci90_high,nDCG@5_ci95_low,nDCG@5_ci95_high,nDCG@10,nDCG@10_std,nDCG@10_stderr,nDCG@10_ci90_low,nDCG@10_ci90_high,nDCG@10_ci95_low,nDCG@10_ci95_high,nDCG@100,nDCG@100_std,nDCG@100_stderr,nDCG@100_ci90_low,nDCG@100_ci90_high,nDCG@100_ci95_low,nDCG@100_ci95_high,RR@1,RR@3,RR@5,RR@10,RR@100,P@1,P@3,P@5,P@10,P@100,R@1,R@3,R@5,R@10,R@100,AP
0.15768194070080863,0.3645653670629918,0.00946364539375085,0.14210589932622608,0.17325798207539117,0.13911838595550477,0.17624549544611248,0.22675968229381294,0.37875379774099655,0.009831958702588142,0.2105774407607748,0.24294192382685106,0.20747365708522017,0.2460457075024057,0.2553066539337174,0.3758479382414813,0.009756526348470088,0.23924856513673812,0.27136474273069666,0.2361685941842026,0.27444471368323214,0.28821525474237675,0.3666741450332144,0.00951838654232762,0.272549115909611,0.3038813935751425,0.2695443216807745,0.30688618780397897,0.3528461681908811,0.3281305520730711,0.008517844722037704,0.3388268028942547,0.3668655334875075,0.3361378628570869,0.3695544735246753,0.15768194070080863,0.21237646001796942,0.22861635220125762,0.24209370855260315,0.2538159697744439,0.15768194070080863,0.095238095238095,0.07142857142857208,0.04636118598382774,0.008018867924528163,0.15296495956873316,0.2778526504941599,0.34675426774483376,0.44732704402515716,0.7604447439353099,0.24888349427390236
