nDCG@1,nDCG@1_std,nDCG@1_stderr,nDCG@1_ci90_low,nDCG@1_ci90_high,nDCG@1_ci95_low,nDCG@1_ci95_high,nDCG@3,nDCG@3_std,nDCG@3_stderr,nDCG@3_ci90_low,nDCG@3_ci90_high,nDCG@3_ci95_low,nDCG@3_ci95_high,nDCG@5,nDCG@5_std,nDCG@5_stderr,nDCG@5_ci90_low,nDCG@5_ci90_high,nDCG@5_ci95_low,nDCG@5_ci95_high,nDCG@10,nDCG@10_std,nDCG@10_stderr,nDCG@10_ci90_low,nDCG@10_ci90_high,nDCG@10_ci95_low,nDCG@10_ci95_high,nDCG@100,nDCG@100_std,nDCG@100_stderr,nDCG@100_ci90_low,nDCG@100_ci90_high,nDCG@100_ci95_low,nDCG@100_ci95_high,RR@1,RR@3,RR@5,RR@10,RR@100,P@1,P@3,P@5,P@10,P@100,R@1,R@3,R@5,R@10,R@100,AP
0.14016172506738545,0.34727176847151325,0.009014725942158115,0.1253245520316864,0.15499889810308448,0.12247875496670241,0.15784469516806848,0.20674610066097948,0.36547162410978173,0.009487170654516845,0.19113133948870872,0.22236086183325024,0.18813639958960815,0.2253558017323508,0.2329931903040604,0.364431351525096,0.00946016652372511,0.21742287473821256,0.24856350586990825,0.21443645958813293,0.25154992101998785,0.2663170586366918,0.3563108015025276,0.00924936754840027,0.25109369326020203,0.2815404240131816,0.2481738237942763,0.2844602934791073,0.32931864905077474,0.32215612894581686,0.00836275642507726,0.3155545407539261,0.3430827573476234,0.31291455947858143,0.34572273862296804,0.14016172506738545,0.19305929919137477,0.20771563342318053,0.22169303255893533,0.23313242599447287,0.14016172506738545,0.08760107816711545,0.06563342318059355,0.04353099730458261,0.00763477088948774,0.13656783468104225,0.2549415992812219,0.3186208445642408,0.42121518418688225,0.7258535489667564,0.22832376382419342
