{
  "nDCG@1": 0.11859838274932614,
  "nDCG@1_std": 0.3234243246159493,
  "nDCG@1_stderr": 0.0083956771443675,
  "nDCG@1_ci90_low": 0.10478009084093978,
  "nDCG@1_ci90_high": 0.1324166746577125,
  "nDCG@1_ci95_low": 0.10212971704929076,
  "nDCG@1_ci95_high": 0.13506704844936152,
  "nDCG@3": 0.17579378480268093,
  "nDCG@3_std": 0.3453900997989206,
  "nDCG@3_stderr": 0.00896588025720069,
  "nDCG@3_ci90_low": 0.16103700598910364,
  "nDCG@3_ci90_high": 0.19055056361625822,
  "nDCG@3_ci95_low": 0.15820662868371976,
  "nDCG@3_ci95_high": 0.1933809409216421,
  "nDCG@5": 0.19921005622668642,
  "nDCG@5_std": 0.3463551827181669,
  "nDCG@5_stderr": 0.008990932561529245,
  "nDCG@5_ci90_low": 0.18441204428226846,
  "nDCG@5_ci90_high": 0.21400806817110438,
  "nDCG@5_ci95_low": 0.18157375838658613,
  "nDCG@5_ci95_high": 0.2168463540667867,
  "nDCG@10": 0.22592116589305888,
  "nDCG@10_std": 0.3426489689822387,
  "nDCG@10_stderr": 0.008894724046626036,
  "nDCG@10_ci90_low": 0.2112815017888621,
  "nDCG@10_ci90_high": 0.24056082999725567,
  "nDCG@10_ci95_low": 0.2084735873000417,
  "nDCG@10_ci95_high": 0.24336874448607607,
  "nDCG@100": 0.28497535134583973,
  "nDCG@100_std": 0.317021244731648,
  "nDCG@100_stderr": 0.008229461472426241,
  "nDCG@100_ci90_low": 0.27143063078079327,
  "nDCG@100_ci90_high": 0.2985200719108862,
  "nDCG@100_ci95_low": 0.26883272847573186,
  "nDCG@100_ci95_high": 0.3011179742159476,
  "RR@1": 0.11859838274932614,
  "RR@3": 0.16408355795148258,
  "RR@5": 0.1772237196765498,
  "RR@10": 0.18830835793436856,
  "RR@100": 0.1990661875392595,
  "P@1": 0.11859838274932614,
  "P@3": 0.07434860736747498,
  "P@5": 0.05633423180593035,
  "P@10": 0.03672506738544507,
  "P@100": 0.006731805929919026,
  "R@1": 0.11567834681042227,
  "R@3": 0.21619496855345915,
  "R@5": 0.27347259658580414,
  "R@10": 0.35523360287511235,
  "R@100": 0.641397124887691,
  "AP": 0.19522783597682433
}