nDCG@1,nDCG@1_std,nDCG@1_stderr,nDCG@1_ci90_low,nDCG@1_ci90_high,nDCG@1_ci95_low,nDCG@1_ci95_high,nDCG@3,nDCG@3_std,nDCG@3_stderr,nDCG@3_ci90_low,nDCG@3_ci90_high,nDCG@3_ci95_low,nDCG@3_ci95_high,nDCG@5,nDCG@5_std,nDCG@5_stderr,nDCG@5_ci90_low,nDCG@5_ci90_high,nDCG@5_ci95_low,nDCG@5_ci95_high,nDCG@10,nDCG@10_std,nDCG@10_stderr,nDCG@10_ci90_low,nDCG@10_ci90_high,nDCG@10_ci95_low,nDCG@10_ci95_high,nDCG@100,nDCG@100_std,nDCG@100_stderr,nDCG@100_ci90_low,nDCG@100_ci90_high,nDCG@100_ci95_low,nDCG@100_ci95_high,RR@1,RR@3,RR@5,RR@10,RR@100,P@1,P@3,P@5,P@10,P@100,R@1,R@3,R@5,R@10,R@100,AP
0.12870619946091644,0.3349873598957566,0.008695838584399786,0.1143938773121235,0.14301852160970938,0.11164874761213672,0.14576365130969615,0.1879906986731086,0.35425401520939415,0.00919597603651379,0.1728552094123854,0.2031261879338318,0.16995219474701567,0.20602920259920154,0.21186294430336133,0.3544766827892863,0.009201756198885658,0.1967179415787973,0.22700794702792537,0.19381310221357326,0.2299127863931494,0.24058510382575043,0.34927157251045443,0.009066638268427605,0.22566248923891738,0.2555077184125835,0.22280030432734968,0.2583699033241512,0.3016541253236627,0.3206557799156117,0.00832380930483074,0.28795411938178833,0.3153541312655371,0.2853264330559738,0.3179818175913516,0.12870619946091644,0.17576370170709804,0.18917340521114098,0.2011295084071364,0.21235308749946308,0.12870619946091644,0.07951482479784328,0.05956873315363929,0.03894878706199498,0.007068733153638695,0.12544923629829288,0.2313566936208446,0.2893081761006289,0.3774146451033243,0.6727313566936208,0.2079711073977441
