nDCG@1,nDCG@1_std,nDCG@1_stderr,nDCG@1_ci90_low,nDCG@1_ci90_high,nDCG@1_ci95_low,nDCG@1_ci95_high,nDCG@3,nDCG@3_std,nDCG@3_stderr,nDCG@3_ci90_low,nDCG@3_ci90_high,nDCG@3_ci95_low,nDCG@3_ci95_high,nDCG@5,nDCG@5_std,nDCG@5_stderr,nDCG@5_ci90_low,nDCG@5_ci90_high,nDCG@5_ci95_low,nDCG@5_ci95_high,nDCG@10,nDCG@10_std,nDCG@10_stderr,nDCG@10_ci90_low,nDCG@10_ci90_high,nDCG@10_ci95_low,nDCG@10_ci95_high,nDCG@100,nDCG@100_std,nDCG@100_stderr,nDCG@100_ci90_low,nDCG@100_ci90_high,nDCG@100_ci95_low,nDCG@100_ci95_high,RR@1,RR@3,RR@5,RR@10,RR@100,P@1,P@3,P@5,P@10,P@100,R@1,R@3,R@5,R@10,R@100,AP
0.11859838274932614,0.3234243246159493,0.0083956771443675,0.10478009084093978,0.1324166746577125,0.10212971704929076,0.13506704844936152,0.17579378480268093,0.3453900997989206,0.00896588025720069,0.16103700598910364,0.19055056361625822,0.15820662868371976,0.1933809409216421,0.19921005622668642,0.3463551827181669,0.008990932561529245,0.18441204428226846,0.21400806817110438,0.18157375838658613,0.2168463540667867,0.22592116589305888,0.3426489689822387,0.008894724046626036,0.2112815017888621,0.24056082999725567,0.2084735873000417,0.24336874448607607,0.28497535134583973,0.317021244731648,0.008229461472426241,0.27143063078079327,0.2985200719108862,0.26883272847573186,0.3011179742159476,0.11859838274932614,0.16408355795148258,0.1772237196765498,0.18830835793436856,0.1990661875392595,0.11859838274932614,0.07434860736747498,0.05633423180593035,0.03672506738544507,0.006731805929919026,0.11567834681042227,0.21619496855345915,0.27347259658580414,0.35523360287511235,0.641397124887691,0.19522783597682433
