nDCG@1,nDCG@1_std,nDCG@1_stderr,nDCG@1_ci90_low,nDCG@1_ci90_high,nDCG@1_ci95_low,nDCG@1_ci95_high,nDCG@3,nDCG@3_std,nDCG@3_stderr,nDCG@3_ci90_low,nDCG@3_ci90_high,nDCG@3_ci95_low,nDCG@3_ci95_high,nDCG@5,nDCG@5_std,nDCG@5_stderr,nDCG@5_ci90_low,nDCG@5_ci90_high,nDCG@5_ci95_low,nDCG@5_ci95_high,nDCG@10,nDCG@10_std,nDCG@10_stderr,nDCG@10_ci90_low,nDCG@10_ci90_high,nDCG@10_ci95_low,nDCG@10_ci95_high,nDCG@100,nDCG@100_std,nDCG@100_stderr,nDCG@100_ci90_low,nDCG@100_ci90_high,nDCG@100_ci95_low,nDCG@100_ci95_high,RR@1,RR@3,RR@5,RR@10,RR@100,P@1,P@3,P@5,P@10,P@100,R@1,R@3,R@5,R@10,R@100,AP
0.6671159029649596,0.47140430659136545,0.012237046076559586,0.6469751719822636,0.6872566339476556,0.6431121427529568,0.6911196631769624,0.7408191961090508,0.396013565361575,0.01027999994593388,0.7238995316640678,0.7577388605540337,0.72065430891832,0.7609840832997815,0.7647099233596999,0.3632155120566852,0.00942860490371314,0.7491915544886723,0.7802282922307275,0.7462151028101581,0.7832047439092417,0.7830387909602187,0.33259992761250495,0.00863386393027313,0.7688284717644833,0.797249110155954,0.7661029064184157,0.7999746755020216,0.8002837284890314,0.2968835070260907,0.007706711848091159,0.7875993919978185,0.8129680649802443,0.7851665129398528,0.81540094403821,0.6671159029649596,0.7275381850853553,0.7400044923629837,0.7471695439181965,0.7508800537995307,0.6671159029649596,0.2789757412398886,0.17991913746630345,0.09609164420484957,0.010431266846360998,0.6462264150943396,0.7940251572327045,0.851078167115903,0.9061657681940701,0.9812443845462713,0.745670403961612
