nDCG@1,nDCG@1_std,nDCG@1_stderr,nDCG@1_ci90_low,nDCG@1_ci90_high,nDCG@1_ci95_low,nDCG@1_ci95_high,nDCG@3,nDCG@3_std,nDCG@3_stderr,nDCG@3_ci90_low,nDCG@3_ci90_high,nDCG@3_ci95_low,nDCG@3_ci95_high,nDCG@5,nDCG@5_std,nDCG@5_stderr,nDCG@5_ci90_low,nDCG@5_ci90_high,nDCG@5_ci95_low,nDCG@5_ci95_high,nDCG@10,nDCG@10_std,nDCG@10_stderr,nDCG@10_ci90_low,nDCG@10_ci90_high,nDCG@10_ci95_low,nDCG@10_ci95_high,nDCG@100,nDCG@100_std,nDCG@100_stderr,nDCG@100_ci90_low,nDCG@100_ci90_high,nDCG@100_ci95_low,nDCG@100_ci95_high,RR@1,RR@3,RR@5,RR@10,RR@100,P@1,P@3,P@5,P@10,P@100,R@1,R@3,R@5,R@10,R@100,AP
0.6401617250673854,0.48011459156016534,0.01246315380831513,0.6196488474922925,0.6606746026424783,0.6157144398624078,0.6646090102723631,0.7187682726277844,0.4064634728451544,0.010551266028114995,0.7014021362849466,0.7361344089706222,0.6980712794083939,0.739465265847175,0.7423097249055556,0.3762381856770314,0.009766656667144127,0.7262349628018071,0.758384487009304,0.723151793878381,0.7614676559327301,0.762012036173025,0.34532867785047433,0.008964285822863245,0.7472578816098476,0.7767661907362025,0.7444280076405149,0.7795960647055352,0.7809501931517727,0.308856000716706,0.008017502298867371,0.7677543323252003,0.7941460539783451,0.7652233419593238,0.7966770443442216,0.6408355795148248,0.7049640610961367,0.7172619047619054,0.7249705857185643,0.7290655365703914,0.6401617250673854,0.2722371967654953,0.17574123989217966,0.09440700808625126,0.01033692722371949,0.6199460916442049,0.7748203054806829,0.831199460916442,0.890667115902965,0.9729896675651392,0.7232654047396071
