nDCG@1,nDCG@1_std,nDCG@1_stderr,nDCG@1_ci90_low,nDCG@1_ci90_high,nDCG@1_ci95_low,nDCG@1_ci95_high,nDCG@3,nDCG@3_std,nDCG@3_stderr,nDCG@3_ci90_low,nDCG@3_ci90_high,nDCG@3_ci95_low,nDCG@3_ci95_high,nDCG@5,nDCG@5_std,nDCG@5_stderr,nDCG@5_ci90_low,nDCG@5_ci90_high,nDCG@5_ci95_low,nDCG@5_ci95_high,nDCG@10,nDCG@10_std,nDCG@10_stderr,nDCG@10_ci90_low,nDCG@10_ci90_high,nDCG@10_ci95_low,nDCG@10_ci95_high,nDCG@100,nDCG@100_std,nDCG@100_stderr,nDCG@100_ci90_low,nDCG@100_ci90_high,nDCG@100_ci95_low,nDCG@100_ci95_high,RR@1,RR@3,RR@5,RR@10,RR@100,P@1,P@3,P@5,P@10,P@100,R@1,R@3,R@5,R@10,R@100,AP
0.6907008086253369,0.46236052636940345,0.012002281239380531,0.6709464728069835,0.7104551444436903,0.6671575548805485,0.7142440623701253,0.7708728897755099,0.37410705506856157,0.00971133527298975,0.7548891801455595,0.7868565994054604,0.7518234752539992,0.7899223042970207,0.791334874288878,0.3423049808279613,0.008885794559061274,0.776709907065426,0.8059598415123301,0.7739048114653513,0.8087649371124048,0.8096725068960335,0.308011524818715,0.007995580796815381,0.7965127262699281,0.822832287522139,0.7939886561528312,0.8253563576392359,0.822975886689775,0.277633661131184,0.0072070107467458126,0.8111139991287194,0.8348377742508305,0.8088388672875525,0.8371129060919974,0.6900269541778976,0.7551662174303689,0.7663185085354903,0.7733693791982202,0.7763078145475248,0.6907008086253369,0.2911051212937964,0.18530997304581803,0.09878706199460678,0.010505390835579326,0.6688566936208445,0.8271001796945192,0.8758423180592992,0.931266846361186,0.9876460017969451,0.7720430158201633
