{
  "nDCG@1": 0.7243935309973046,
  "nDCG@1_std": 0.4469699848407593,
  "nDCG@1_stderr": 0.01160276268769178,
  "nDCG@1_ci90_low": 0.7052967554775574,
  "nDCG@1_ci90_high": 0.7434903065170518,
  "nDCG@1_ci95_low": 0.7016339588252574,
  "nDCG@1_ci95_high": 0.7471531031693519,
  "nDCG@3": 0.7973477982902968,
  "nDCG@3_std": 0.3577078306306034,
  "nDCG@3_stderr": 0.009285632617623276,
  "nDCG@3_ci90_low": 0.7820647448977025,
  "nDCG@3_ci90_high": 0.8126308516828911,
  "nDCG@3_ci95_low": 0.7791334271605571,
  "nDCG@3_ci95_high": 0.8155621694200365,
  "nDCG@5": 0.8176300906559233,
  "nDCG@5_std": 0.32299871377597367,
  "nDCG@5_stderr": 0.008384628837454215,
  "nDCG@5_ci90_low": 0.8038299829544087,
  "nDCG@5_ci90_high": 0.8314301983574379,
  "nDCG@5_ci95_low": 0.8011830969270676,
  "nDCG@5_ci95_high": 0.834077084384779,
  "nDCG@10": 0.8342977858505009,
  "nDCG@10_std": 0.2889638585932575,
  "nDCG@10_stderr": 0.007501128018186225,
  "nDCG@10_ci90_low": 0.8219518160359026,
  "nDCG@10_ci90_high": 0.8466437556650991,
  "nDCG@10_ci95_low": 0.8195838363285669,
  "nDCG@10_ci95_high": 0.8490117353724348,
  "nDCG@100": 0.8447388639025416,
  "nDCG@100_std": 0.2627094147979973,
  "nDCG@100_stderr": 0.006819596615216798,
  "nDCG@100_ci90_low": 0.8335146141956874,
  "nDCG@100_ci90_high": 0.8559631136093958,
  "nDCG@100_ci95_low": 0.8313617824671931,
  "nDCG@100_ci95_high": 0.8581159453378902,
  "RR@1": 0.7243935309973046,
  "RR@3": 0.7833557951482483,
  "RR@5": 0.7947776280323456,
  "RR@10": 0.8010915372438284,
  "RR@100": 0.8032896332401744,
  "P@1": 0.7243935309973046,
  "P@3": 0.29851752021562894,
  "P@5": 0.18948787061994177,
  "P@10": 0.10047169811320505,
  "P@100": 0.010545822102425688,
  "R@1": 0.7015386343216533,
  "R@3": 0.8479896675651392,
  "R@5": 0.8962264150943396,
  "R@10": 0.9463162623539981,
  "R@100": 0.9916891284815812,
  "AP": 0.7989861767359325
}