nDCG@1,nDCG@1_std,nDCG@1_stderr,nDCG@1_ci90_low,nDCG@1_ci90_high,nDCG@1_ci95_low,nDCG@1_ci95_high,nDCG@3,nDCG@3_std,nDCG@3_stderr,nDCG@3_ci90_low,nDCG@3_ci90_high,nDCG@3_ci95_low,nDCG@3_ci95_high,nDCG@5,nDCG@5_std,nDCG@5_stderr,nDCG@5_ci90_low,nDCG@5_ci90_high,nDCG@5_ci95_low,nDCG@5_ci95_high,nDCG@10,nDCG@10_std,nDCG@10_stderr,nDCG@10_ci90_low,nDCG@10_ci90_high,nDCG@10_ci95_low,nDCG@10_ci95_high,nDCG@100,nDCG@100_std,nDCG@100_stderr,nDCG@100_ci90_low,nDCG@100_ci90_high,nDCG@100_ci95_low,nDCG@100_ci95_high,RR@1,RR@3,RR@5,RR@10,RR@100,P@1,P@3,P@5,P@10,P@100,R@1,R@3,R@5,R@10,R@100,AP
0.7264150943396226,0.4459486681601078,0.011576250627650875,0.7073619545360229,0.7454682341432223,0.7037075272943001,0.7491226613849451,0.7980231071933,0.35819872936176583,0.009298375713747272,0.7827190801711783,0.8133271342154218,0.7797837396533316,0.8162624747332685,0.817185222836648,0.32527454952031215,0.008443706589771597,0.8032878801399357,0.8310825655333602,0.8006223442617584,0.8337481014115375,0.8350455019299559,0.2886772070113646,0.007493686913880441,0.8227117792932386,0.8473792245666731,0.8203461486171357,0.849744855242776,0.8456215310659695,0.2622545237662087,0.0068077882323955615,0.8344167165610632,0.8568263455708758,0.8322676125400322,0.8589754495919067,0.7264150943396226,0.7844788858939806,0.7952268643306385,0.8019584563385102,0.8042280363570026,0.7264150943396226,0.298517520215629,0.18894878706199025,0.10047169811320507,0.010552560646900081,0.7042340521114107,0.8479896675651392,0.8935309973045822,0.9469901168014375,0.9923629829290206,0.7999301424977224
