nDCG@1,nDCG@1_std,nDCG@1_stderr,nDCG@1_ci90_low,nDCG@1_ci90_high,nDCG@1_ci95_low,nDCG@1_ci95_high,nDCG@3,nDCG@3_std,nDCG@3_stderr,nDCG@3_ci90_low,nDCG@3_ci90_high,nDCG@3_ci95_low,nDCG@3_ci95_high,nDCG@5,nDCG@5_std,nDCG@5_stderr,nDCG@5_ci90_low,nDCG@5_ci90_high,nDCG@5_ci95_low,nDCG@5_ci95_high,nDCG@10,nDCG@10_std,nDCG@10_stderr,nDCG@10_ci90_low,nDCG@10_ci90_high,nDCG@10_ci95_low,nDCG@10_ci95_high,nDCG@100,nDCG@100_std,nDCG@100_stderr,nDCG@100_ci90_low,nDCG@100_ci90_high,nDCG@100_ci95_low,nDCG@100_ci95_high,RR@1,RR@3,RR@5,RR@10,RR@100,P@1,P@3,P@5,P@10,P@100,R@1,R@3,R@5,R@10,R@100,AP
0.717654986522911,0.4502920602789963,0.011688999469238098,0.6984162754570302,0.7368936975887919,0.6947262553060467,0.7405837177397754,0.7924663448224146,0.36043745006016076,0.009356490007477205,0.7770666685440147,0.8078660211008145,0.7741129823229718,0.8108197073218575,0.8117657274106012,0.32843108491140943,0.008525646165806552,0.7977335218599427,0.8257979329612596,0.7950421190384459,0.8284893357827564,0.828684400554793,0.2942849943618363,0.007639257820288717,0.8161110854178487,0.8412577156917372,0.8136995004597342,0.8436693006498518,0.8399848937960723,0.26679133347524375,0.0069255579444533035,0.828586244269738,0.8513835433224066,0.8263999623352499,0.8535698252568947,0.717654986522911,0.7779649595687335,0.7885781671159036,0.7952388974457705,0.7976838413055085,0.717654986522911,0.2973944294698967,0.18840970350403885,0.09986522911050967,0.010525606469002507,0.6951370170709794,0.8449573225516621,0.8908355795148248,0.941711590296496,0.9896675651392631,0.7933679566429417
