nDCG@1,nDCG@1_std,nDCG@1_stderr,nDCG@1_ci90_low,nDCG@1_ci90_high,nDCG@1_ci95_low,nDCG@1_ci95_high,nDCG@3,nDCG@3_std,nDCG@3_stderr,nDCG@3_ci90_low,nDCG@3_ci90_high,nDCG@3_ci95_low,nDCG@3_ci95_high,nDCG@5,nDCG@5_std,nDCG@5_stderr,nDCG@5_ci90_low,nDCG@5_ci90_high,nDCG@5_ci95_low,nDCG@5_ci95_high,nDCG@10,nDCG@10_std,nDCG@10_stderr,nDCG@10_ci90_low,nDCG@10_ci90_high,nDCG@10_ci95_low,nDCG@10_ci95_high,nDCG@100,nDCG@100_std,nDCG@100_stderr,nDCG@100_ci90_low,nDCG@100_ci90_high,nDCG@100_ci95_low,nDCG@100_ci95_high,RR@1,RR@3,RR@5,RR@10,RR@100,P@1,P@3,P@5,P@10,P@100,R@1,R@3,R@5,R@10,R@100,AP
0.7243935309973046,0.4469699848407593,0.01160276268769178,0.7052967554775574,0.7434903065170518,0.7016339588252574,0.7471531031693519,0.7973477982902968,0.3577078306306034,0.009285632617623276,0.7820647448977025,0.8126308516828911,0.7791334271605571,0.8155621694200365,0.8176300906559233,0.32299871377597367,0.008384628837454215,0.8038299829544087,0.8314301983574379,0.8011830969270676,0.834077084384779,0.8342977858505009,0.2889638585932575,0.007501128018186225,0.8219518160359026,0.8466437556650991,0.8195838363285669,0.8490117353724348,0.8447388639025416,0.2627094147979973,0.006819596615216798,0.8335146141956874,0.8559631136093958,0.8313617824671931,0.8581159453378902,0.7243935309973046,0.7833557951482483,0.7947776280323456,0.8010915372438284,0.8032896332401744,0.7243935309973046,0.29851752021562894,0.18948787061994177,0.10047169811320505,0.010545822102425688,0.7015386343216533,0.8479896675651392,0.8962264150943396,0.9463162623539981,0.9916891284815812,0.7989861767359325
