{
  "nDCG@1": 0.7264150943396226,
  "nDCG@1_std": 0.4459486681601078,
  "nDCG@1_stderr": 0.011576250627650875,
  "nDCG@1_ci90_low": 0.7073619545360229,
  "nDCG@1_ci90_high": 0.7454682341432223,
  "nDCG@1_ci95_low": 0.7037075272943001,
  "nDCG@1_ci95_high": 0.7491226613849451,
  "nDCG@3": 0.7984802102812445,
  "nDCG@3_std": 0.35745527036178354,
  "nDCG@3_stderr": 0.009279076479710569,
  "nDCG@3_ci90_low": 0.783207947516483,
  "nDCG@3_ci90_high": 0.813752473046006,
  "nDCG@3_ci95_low": 0.7802786994415936,
  "nDCG@3_ci95_high": 0.8166817211208954,
  "nDCG@5": 0.8172626909437953,
  "nDCG@5_std": 0.32527463508281446,
  "nDCG@5_stderr": 0.008443708810863489,
  "nDCG@5_ci90_low": 0.8033653445914285,
  "nDCG@5_ci90_high": 0.8311600372961622,
  "nDCG@5_ci95_low": 0.8006998080120898,
  "nDCG@5_ci95_high": 0.8338255738755008,
  "nDCG@10": 0.8360799412736594,
  "nDCG@10_std": 0.28650011097395317,
  "nDCG@10_stderr": 0.007437172316643227,
  "nDCG@10_ci90_low": 0.8238392349819349,
  "nDCG@10_ci90_high": 0.8483206475653838,
  "nDCG@10_ci95_low": 0.8214914450118034,
  "nDCG@10_ci95_high": 0.8506684375355154,
  "nDCG@100": 0.8458402157103432,
  "nDCG@100_std": 0.2620092373067578,
  "nDCG@100_stderr": 0.006801420913166,
  "nDCG@100_ci90_low": 0.8346458810600423,
  "nDCG@100_ci90_high": 0.857034550360644,
  "nDCG@100_ci95_low": 0.832498787094391,
  "nDCG@100_ci95_high": 0.8591816443262954,
  "RR@1": 0.7264150943396226,
  "RR@3": 0.7850404312668466,
  "RR@5": 0.7955525606469008,
  "RR@10": 0.8027505027168098,
  "RR@100": 0.8047300535507936,
  "P@1": 0.7264150943396226,
  "P@3": 0.2987421383647754,
  "P@5": 0.18894878706199025,
  "P@10": 0.1007412398921808,
  "P@100": 0.010552560646900081,
  "R@1": 0.7038971248876911,
  "R@3": 0.8486635220125786,
  "R@5": 0.8931940700808625,
  "R@10": 0.9496855345911949,
  "R@100": 0.9923629829290206,
  "AP": 0.800231521014448
}