{
  "nDCG@1": 0.6401617250673854,
  "nDCG@1_std": 0.48011459156016534,
  "nDCG@1_stderr": 0.01246315380831513,
  "nDCG@1_ci90_low": 0.6196488474922925,
  "nDCG@1_ci90_high": 0.6606746026424783,
  "nDCG@1_ci95_low": 0.6157144398624078,
  "nDCG@1_ci95_high": 0.6646090102723631,
  "nDCG@3": 0.7187682726277844,
  "nDCG@3_std": 0.4064634728451544,
  "nDCG@3_stderr": 0.010551266028114995,
  "nDCG@3_ci90_low": 0.7014021362849466,
  "nDCG@3_ci90_high": 0.7361344089706222,
  "nDCG@3_ci95_low": 0.6980712794083939,
  "nDCG@3_ci95_high": 0.739465265847175,
  "nDCG@5": 0.7423097249055556,
  "nDCG@5_std": 0.3762381856770314,
  "nDCG@5_stderr": 0.009766656667144127,
  "nDCG@5_ci90_low": 0.7262349628018071,
  "nDCG@5_ci90_high": 0.758384487009304,
  "nDCG@5_ci95_low": 0.723151793878381,
  "nDCG@5_ci95_high": 0.7614676559327301,
  "nDCG@10": 0.762012036173025,
  "nDCG@10_std": 0.34532867785047433,
  "nDCG@10_stderr": 0.008964285822863245,
  "nDCG@10_ci90_low": 0.7472578816098476,
  "nDCG@10_ci90_high": 0.7767661907362025,
  "nDCG@10_ci95_low": 0.7444280076405149,
  "nDCG@10_ci95_high": 0.7795960647055352,
  "nDCG@100": 0.7809501931517727,
  "nDCG@100_std": 0.308856000716706,
  "nDCG@100_stderr": 0.008017502298867371,
  "nDCG@100_ci90_low": 0.7677543323252003,
  "nDCG@100_ci90_high": 0.7941460539783451,
  "nDCG@100_ci95_low": 0.7652233419593238,
  "nDCG@100_ci95_high": 0.7966770443442216,
  "RR@1": 0.6408355795148248,
  "RR@3": 0.7049640610961367,
  "RR@5": 0.7172619047619054,
  "RR@10": 0.7249705857185643,
  "RR@100": 0.7290655365703914,
  "P@1": 0.6401617250673854,
  "P@3": 0.2722371967654953,
  "P@5": 0.17574123989217966,
  "P@10": 0.09440700808625126,
  "P@100": 0.01033692722371949,
  "R@1": 0.6199460916442049,
  "R@3": 0.7748203054806829,
  "R@5": 0.831199460916442,
  "R@10": 0.890667115902965,
  "R@100": 0.9729896675651392,
  "AP": 0.7232654047396071
}