{
  "nDCG@1": 0.13005390835579514,
  "nDCG@1_std": 0.33647612174407304,
  "nDCG@1_stderr": 0.00873448491639154,
  "nDCG@1_ci90_low": 0.1156779789139313,
  "nDCG@1_ci90_high": 0.14442983779765897,
  "nDCG@1_ci95_low": 0.11292064921819754,
  "nDCG@1_ci95_high": 0.14718716749339272,
  "nDCG@3": 0.18914723935400055,
  "nDCG@3_std": 0.35411038750196033,
  "nDCG@3_stderr": 0.00919224764699939,
  "nDCG@3_ci90_low": 0.1740178865815882,
  "nDCG@3_ci90_high": 0.2042765921264129,
  "nDCG@3_ci95_low": 0.17111604890595783,
  "nDCG@3_ci95_high": 0.20717842980204326,
  "nDCG@5": 0.21424049422826635,
  "nDCG@5_std": 0.35431292918459356,
  "nDCG@5_stderr": 0.009197505367109605,
  "nDCG@5_ci90_low": 0.19910248787020438,
  "nDCG@5_ci90_high": 0.22937850058632833,
  "nDCG@5_ci95_low": 0.1961989904209376,
  "nDCG@5_ci95_high": 0.2322819980355951,
  "nDCG@10": 0.2410383360872037,
  "nDCG@10_std": 0.34983426153565456,
  "nDCG@10_stderr": 0.00908124494773,
  "nDCG@10_ci90_low": 0.22609168063327417,
  "nDCG@10_ci90_high": 0.25598499154113324,
  "nDCG@10_ci95_low": 0.2232248846392005,
  "nDCG@10_ci95_high": 0.25885178753520693,
  "nDCG@100": 0.30284925563953613,
  "nDCG@100_std": 0.3201674791373591,
  "nDCG@100_stderr": 0.008311133648204044,
  "nDCG@100_ci90_low": 0.28917011232975043,
  "nDCG@100_ci90_high": 0.31652839894932183,
  "nDCG@100_ci95_low": 0.2865464274951245,
  "nDCG@100_ci95_high": 0.31915208378394777,
  "RR@1": 0.13005390835579514,
  "RR@3": 0.17711141060197674,
  "RR@5": 0.19102650494159917,
  "RR@10": 0.20224644889402282,
  "RR@100": 0.21393332070895,
  "P@1": 0.13005390835579514,
  "P@3": 0.08018867924528261,
  "P@5": 0.060512129380054396,
  "P@10": 0.038814016172507106,
  "P@100": 0.007041778975741122,
  "R@1": 0.12601078167115903,
  "R@3": 0.23405211141060198,
  "R@5": 0.2945305480682839,
  "R@10": 0.37595462713387245,
  "R@100": 0.6731244384546272,
  "AP": 0.20913129843623787
}