{
  "nDCG@1": 0.14555256064690028,
  "nDCG@1_std": 0.3527759551206797,
  "nDCG@1_stderr": 0.009157607508359462,
  "nDCG@1_ci90_low": 0.130480221446978,
  "nDCG@1_ci90_high": 0.16062489984682257,
  "nDCG@1_ci95_low": 0.12758931907936527,
  "nDCG@1_ci95_high": 0.1635158022144353,
  "nDCG@3": 0.20971398930811097,
  "nDCG@3_std": 0.37058325539833614,
  "nDCG@3_stderr": 0.009619861991294653,
  "nDCG@3_ci90_low": 0.1938808338843962,
  "nDCG@3_ci90_high": 0.22554714473182574,
  "nDCG@3_ci95_low": 0.19084400556637152,
  "nDCG@3_ci95_high": 0.22858397304985043,
  "nDCG@5": 0.23962789861386777,
  "nDCG@5_std": 0.3687208181048739,
  "nDCG@5_stderr": 0.009571515528065254,
  "nDCG@5_ci90_low": 0.22387431575233638,
  "nDCG@5_ci90_high": 0.25538148147539913,
  "nDCG@5_ci95_low": 0.2208527495980251,
  "nDCG@5_ci95_high": 0.25840304762971045,
  "nDCG@10": 0.2682890415883403,
  "nDCG@10_std": 0.3619070856107878,
  "nDCG@10_stderr": 0.00939463984551923,
  "nDCG@10_ci90_low": 0.25282657518720736,
  "nDCG@10_ci90_high": 0.2837515079894733,
  "nDCG@10_ci95_low": 0.24986084570519052,
  "nDCG@10_ci95_high": 0.28671723747149014,
  "nDCG@100": 0.3344251909534156,
  "nDCG@100_std": 0.3255378395113675,
  "nDCG@100_stderr": 0.008450541257395527,
  "nDCG@100_ci90_low": 0.3205165992018981,
  "nDCG@100_ci90_high": 0.3483337827049331,
  "nDCG@100_ci95_low": 0.31784890573432883,
  "nDCG@100_ci95_high": 0.3510014761725024,
  "RR@1": 0.14420485175202155,
  "RR@3": 0.1948562443845464,
  "RR@5": 0.21227538185085346,
  "RR@10": 0.22428068711761423,
  "RR@100": 0.236752523397533,
  "P@1": 0.14555256064690028,
  "P@3": 0.08715184186882252,
  "P@5": 0.06752021563342377,
  "P@10": 0.04299191374663115,
  "P@100": 0.007641509433962134,
  "R@1": 0.1430256064690027,
  "R@3": 0.2561208445642408,
  "R@5": 0.3282794249775382,
  "R@10": 0.41486972147349505,
  "R@100": 0.731300539083558,
  "AP": 0.23376002621676722
}