nDCG@1,nDCG@1_std,nDCG@1_stderr,nDCG@1_ci90_low,nDCG@1_ci90_high,nDCG@1_ci95_low,nDCG@1_ci95_high,nDCG@3,nDCG@3_std,nDCG@3_stderr,nDCG@3_ci90_low,nDCG@3_ci90_high,nDCG@3_ci95_low,nDCG@3_ci95_high,nDCG@5,nDCG@5_std,nDCG@5_stderr,nDCG@5_ci90_low,nDCG@5_ci90_high,nDCG@5_ci95_low,nDCG@5_ci95_high,nDCG@10,nDCG@10_std,nDCG@10_stderr,nDCG@10_ci90_low,nDCG@10_ci90_high,nDCG@10_ci95_low,nDCG@10_ci95_high,nDCG@100,nDCG@100_std,nDCG@100_stderr,nDCG@100_ci90_low,nDCG@100_ci90_high,nDCG@100_ci95_low,nDCG@100_ci95_high,RR@1,RR@3,RR@5,RR@10,RR@100,P@1,P@3,P@5,P@10,P@100,R@1,R@3,R@5,R@10,R@100,AP
0.08018867924528301,0.27167662936643105,0.007052373907061611,0.06858130563870701,0.09179605285185902,0.06635499004190908,0.09402236844865695,0.11572352817563736,0.2919643673824325,0.007579017345442805,0.10324936173769697,0.12819769461357775,0.10085679368232683,0.13059026266894788,0.1329738830174417,0.29694001266346864,0.007708178661352113,0.12028713232503133,0.14566063370985208,0.11785379021883782,0.14809397581604558,0.15816391868545882,0.2983299689215207,0.007744260128017477,0.14541778216504536,0.17091005520587227,0.14297304974786568,0.17335478762305195,0.21109775142652626,0.2851579320204424,0.007402331087007755,0.19891438967929437,0.22328111317375815,0.196577598498219,0.22561790435483353,0.08018867924528301,0.10815363881401625,0.11829514824797852,0.12891771488469597,0.13880628784314294,0.08018867924528301,0.04896675651392636,0.03800539083557969,0.02708894878706219,0.005397574123989137,0.07783018867924528,0.1430817610062893,0.18418688230008987,0.26072551662174304,0.5151617250673854,0.135439792952445
