nDCG@1,nDCG@1_std,nDCG@1_stderr,nDCG@1_ci90_low,nDCG@1_ci90_high,nDCG@1_ci95_low,nDCG@1_ci95_high,nDCG@3,nDCG@3_std,nDCG@3_stderr,nDCG@3_ci90_low,nDCG@3_ci90_high,nDCG@3_ci95_low,nDCG@3_ci95_high,nDCG@5,nDCG@5_std,nDCG@5_stderr,nDCG@5_ci90_low,nDCG@5_ci90_high,nDCG@5_ci95_low,nDCG@5_ci95_high,nDCG@10,nDCG@10_std,nDCG@10_stderr,nDCG@10_ci90_low,nDCG@10_ci90_high,nDCG@10_ci95_low,nDCG@10_ci95_high,nDCG@100,nDCG@100_std,nDCG@100_stderr,nDCG@100_ci90_low,nDCG@100_ci90_high,nDCG@100_ci95_low,nDCG@100_ci95_high,RR@1,RR@3,RR@5,RR@10,RR@100,P@1,P@3,P@5,P@10,P@100,R@1,R@3,R@5,R@10,R@100,AP
0.14555256064690028,0.3527759551206797,0.009157607508359462,0.130480221446978,0.16062489984682257,0.12758931907936527,0.1635158022144353,0.20971398930811097,0.37058325539833614,0.009619861991294653,0.1938808338843962,0.22554714473182574,0.19084400556637152,0.22858397304985043,0.23962789861386777,0.3687208181048739,0.009571515528065254,0.22387431575233638,0.25538148147539913,0.2208527495980251,0.25840304762971045,0.2682890415883403,0.3619070856107878,0.00939463984551923,0.25282657518720736,0.2837515079894733,0.24986084570519052,0.28671723747149014,0.3344251909534156,0.3255378395113675,0.008450541257395527,0.3205165992018981,0.3483337827049331,0.31784890573432883,0.3510014761725024,0.14420485175202155,0.1948562443845464,0.21227538185085346,0.22428068711761423,0.236752523397533,0.14555256064690028,0.08715184186882252,0.06752021563342377,0.04299191374663115,0.007641509433962134,0.1430256064690027,0.2561208445642408,0.3282794249775382,0.41486972147349505,0.731300539083558,0.23376002621676722
