nDCG@1,nDCG@1_std,nDCG@1_stderr,nDCG@1_ci90_low,nDCG@1_ci90_high,nDCG@1_ci95_low,nDCG@1_ci95_high,nDCG@3,nDCG@3_std,nDCG@3_stderr,nDCG@3_ci90_low,nDCG@3_ci90_high,nDCG@3_ci95_low,nDCG@3_ci95_high,nDCG@5,nDCG@5_std,nDCG@5_stderr,nDCG@5_ci90_low,nDCG@5_ci90_high,nDCG@5_ci95_low,nDCG@5_ci95_high,nDCG@10,nDCG@10_std,nDCG@10_stderr,nDCG@10_ci90_low,nDCG@10_ci90_high,nDCG@10_ci95_low,nDCG@10_ci95_high,nDCG@100,nDCG@100_std,nDCG@100_stderr,nDCG@100_ci90_low,nDCG@100_ci90_high,nDCG@100_ci95_low,nDCG@100_ci95_high,RR@1,RR@3,RR@5,RR@10,RR@100,P@1,P@3,P@5,P@10,P@100,R@1,R@3,R@5,R@10,R@100,AP
0.0977088948787062,0.2970207317104383,0.0077102740234080225,0.08501869546809901,0.11039909428931338,0.08258469189141522,0.11283309786599717,0.14176098784301142,0.31813806014850105,0.008258452556139207,0.12816855138196306,0.15535342430405977,0.12556149708032732,0.1579604786056955,0.1622159246722236,0.3215241547343079,0.008346351191952955,0.1484788174494085,0.1759530318950387,0.1458440150297024,0.1785878343147448,0.18688696391563467,0.3207072578489086,0.00832514560539667,0.17318475858102758,0.20058916925024176,0.17055665040764362,0.20321727742362572,0.24408490211233938,0.30203690065979394,0.007840487281332886,0.231180387075082,0.2569894171495968,0.22870527736720775,0.259464526857471,0.0977088948787062,0.13274932614555268,0.14444070080862545,0.15482046592221793,0.16608655495688737,0.0977088948787062,0.0599730458221023,0.04609164420485203,0.03092991913746656,0.005943396226415,0.09535040431266846,0.17475292003593892,0.22377583108715182,0.2984613656783468,0.5682839173405212,0.16240836242691417
