nDCG@1,nDCG@1_std,nDCG@1_stderr,nDCG@1_ci90_low,nDCG@1_ci90_high,nDCG@1_ci95_low,nDCG@1_ci95_high,nDCG@3,nDCG@3_std,nDCG@3_stderr,nDCG@3_ci90_low,nDCG@3_ci90_high,nDCG@3_ci95_low,nDCG@3_ci95_high,nDCG@5,nDCG@5_std,nDCG@5_stderr,nDCG@5_ci90_low,nDCG@5_ci90_high,nDCG@5_ci95_low,nDCG@5_ci95_high,nDCG@10,nDCG@10_std,nDCG@10_stderr,nDCG@10_ci90_low,nDCG@10_ci90_high,nDCG@10_ci95_low,nDCG@10_ci95_high,nDCG@100,nDCG@100_std,nDCG@100_stderr,nDCG@100_ci90_low,nDCG@100_ci90_high,nDCG@100_ci95_low,nDCG@100_ci95_high,RR@1,RR@3,RR@5,RR@10,RR@100,P@1,P@3,P@5,P@10,P@100,R@1,R@3,R@5,R@10,R@100,AP
0.14690026954177898,0.3541258040932268,0.00919264784176858,0.131770258096094,0.16203028098746397,0.128868294085719,0.16493224499783896,0.21242593203347032,0.37042067267264783,0.009615641554023118,0.19659972295049688,0.22825214111644376,0.1935642269533966,0.23128763711354405,0.24144090626603282,0.3688041780031905,0.009573679443206405,0.22568376185603176,0.25719805067603385,0.2226615125901764,0.2602202999418892,0.2688929737624277,0.36213324359363525,0.00940051061423727,0.253420844770121,0.2843651027547344,0.2504532619853533,0.28733268553950214,0.33495398348693417,0.32593328839563573,0.008460806598950646,0.32102849619694984,0.3488794707769185,0.31835756213404176,0.3515504048398266,0.14690026954177898,0.19901168014375564,0.21555480682839154,0.22690524322936717,0.23947287586741184,0.14690026954177898,0.0893980233602871,0.06778975741239951,0.04278975741239934,0.0076145552560645605,0.14353099730458221,0.2601639712488769,0.33024483378256964,0.41402740341419586,0.7285489667565139,0.23466564234349324
