nDCG@1,nDCG@1_std,nDCG@1_stderr,nDCG@1_ci90_low,nDCG@1_ci90_high,nDCG@1_ci95_low,nDCG@1_ci95_high,nDCG@3,nDCG@3_std,nDCG@3_stderr,nDCG@3_ci90_low,nDCG@3_ci90_high,nDCG@3_ci95_low,nDCG@3_ci95_high,nDCG@5,nDCG@5_std,nDCG@5_stderr,nDCG@5_ci90_low,nDCG@5_ci90_high,nDCG@5_ci95_low,nDCG@5_ci95_high,nDCG@10,nDCG@10_std,nDCG@10_stderr,nDCG@10_ci90_low,nDCG@10_ci90_high,nDCG@10_ci95_low,nDCG@10_ci95_high,nDCG@100,nDCG@100_std,nDCG@100_stderr,nDCG@100_ci90_low,nDCG@100_ci90_high,nDCG@100_ci95_low,nDCG@100_ci95_high,RR@1,RR@3,RR@5,RR@10,RR@100,P@1,P@3,P@5,P@10,P@100,R@1,R@3,R@5,R@10,R@100,AP
0.14353099730458221,0.3507317248284827,0.009104541934017142,0.1285459977657664,0.15851599684339804,0.12567184730571956,0.16139014730344486,0.2113365463713334,0.36859106411932474,0.009568147282426465,0.19558850724387558,0.2270845854987912,0.19256800438795124,0.23010508835471555,0.24295675944821513,0.36658564207867583,0.009516089120099065,0.22729440190079958,0.25861911699563067,0.2242903329294448,0.2616231859669854,0.2725758747135239,0.3590239328523261,0.009319796929029628,0.2572365909038061,0.28791515852324173,0.25429448806928223,0.2908572613577656,0.33773957043955793,0.3222997273708304,0.008366484054457904,0.32396932690548874,0.3515098139736271,0.32132816888036614,0.35415097199874973,0.14353099730458221,0.19676549865229118,0.2145552560646899,0.22699428828135015,0.23935104122616024,0.14353099730458221,0.0893980233602871,0.0692722371967661,0.04440700808625372,0.007722371967654854,0.1403301886792453,0.26117475292003595,0.3379941599281222,0.4283468104222821,0.7386567834681043,0.23500900757097634
