{
  "nDCG@1": 0.14690026954177898,
  "nDCG@1_std": 0.3541258040932268,
  "nDCG@1_stderr": 0.00919264784176858,
  "nDCG@1_ci90_low": 0.131770258096094,
  "nDCG@1_ci90_high": 0.16203028098746397,
  "nDCG@1_ci95_low": 0.128868294085719,
  "nDCG@1_ci95_high": 0.16493224499783896,
  "nDCG@3": 0.21242593203347032,
  "nDCG@3_std": 0.37042067267264783,
  "nDCG@3_stderr": 0.009615641554023118,
  "nDCG@3_ci90_low": 0.19659972295049688,
  "nDCG@3_ci90_high": 0.22825214111644376,
  "nDCG@3_ci95_low": 0.1935642269533966,
  "nDCG@3_ci95_high": 0.23128763711354405,
  "nDCG@5": 0.24144090626603282,
  "nDCG@5_std": 0.3688041780031905,
  "nDCG@5_stderr": 0.009573679443206405,
  "nDCG@5_ci90_low": 0.22568376185603176,
  "nDCG@5_ci90_high": 0.25719805067603385,
  "nDCG@5_ci95_low": 0.2226615125901764,
  "nDCG@5_ci95_high": 0.2602202999418892,
  "nDCG@10": 0.2688929737624277,
  "nDCG@10_std": 0.36213324359363525,
  "nDCG@10_stderr": 0.00940051061423727,
  "nDCG@10_ci90_low": 0.253420844770121,
  "nDCG@10_ci90_high": 0.2843651027547344,
  "nDCG@10_ci95_low": 0.2504532619853533,
  "nDCG@10_ci95_high": 0.28733268553950214,
  "nDCG@100": 0.33495398348693417,
  "nDCG@100_std": 0.32593328839563573,
  "nDCG@100_stderr": 0.008460806598950646,
  "nDCG@100_ci90_low": 0.32102849619694984,
  "nDCG@100_ci90_high": 0.3488794707769185,
  "nDCG@100_ci95_low": 0.31835756213404176,
  "nDCG@100_ci95_high": 0.3515504048398266,
  "RR@1": 0.14690026954177898,
  "RR@3": 0.19901168014375564,
  "RR@5": 0.21555480682839154,
  "RR@10": 0.22690524322936717,
  "RR@100": 0.23947287586741184,
  "P@1": 0.14690026954177898,
  "P@3": 0.0893980233602871,
  "P@5": 0.06778975741239951,
  "P@10": 0.04278975741239934,
  "P@100": 0.0076145552560645605,
  "R@1": 0.14353099730458221,
  "R@3": 0.2601639712488769,
  "R@5": 0.33024483378256964,
  "R@10": 0.41402740341419586,
  "R@100": 0.7285489667565139,
  "AP": 0.23466564234349324
}