nDCG@1,nDCG@1_std,nDCG@1_stderr,nDCG@1_ci90_low,nDCG@1_ci90_high,nDCG@1_ci95_low,nDCG@1_ci95_high,nDCG@3,nDCG@3_std,nDCG@3_stderr,nDCG@3_ci90_low,nDCG@3_ci90_high,nDCG@3_ci95_low,nDCG@3_ci95_high,nDCG@5,nDCG@5_std,nDCG@5_stderr,nDCG@5_ci90_low,nDCG@5_ci90_high,nDCG@5_ci95_low,nDCG@5_ci95_high,nDCG@10,nDCG@10_std,nDCG@10_stderr,nDCG@10_ci90_low,nDCG@10_ci90_high,nDCG@10_ci95_low,nDCG@10_ci95_high,nDCG@100,nDCG@100_std,nDCG@100_stderr,nDCG@100_ci90_low,nDCG@100_ci90_high,nDCG@100_ci95_low,nDCG@100_ci95_high,RR@1,RR@3,RR@5,RR@10,RR@100,P@1,P@3,P@5,P@10,P@100,R@1,R@3,R@5,R@10,R@100,AP
0.14285714285714285,0.3500450656992924,0.009086717151160257,0.12790148080337851,0.15781280491090718,0.12503295732689876,0.16068132838738694,0.20955135251093768,0.36943468914867417,0.009590046697029049,0.1937672695363431,0.22533543548553225,0.1907398534042747,0.22836285161760064,0.2399038877801764,0.367494691029143,0.009539686855073426,0.22420269115109476,0.25560508440925805,0.22119117277247444,0.25861660278787835,0.2695559400819155,0.3604682328065009,0.009357289087757256,0.2541549486118547,0.2849569315519763,0.25120101013463336,0.2879108700291977,0.3354432870089515,0.3239461958277796,0.008409224246029287,0.32160269817298487,0.3492838758449181,0.31894804778963515,0.3519385262282678,0.14285714285714285,0.1954177897574125,0.21246630727762786,0.2252847837248105,0.23793719369734342,0.14285714285714285,0.08737646001796899,0.06792452830188739,0.043396226415094746,0.00765498652291092,0.1403301886792453,0.2567946990116801,0.3299640610961366,0.4192497753818508,0.7326482479784366,0.2340952141058413
