{
  "nDCG@1": 0.14285714285714285,
  "nDCG@1_std": 0.3500450656992924,
  "nDCG@1_stderr": 0.009086717151160257,
  "nDCG@1_ci90_low": 0.12790148080337851,
  "nDCG@1_ci90_high": 0.15781280491090718,
  "nDCG@1_ci95_low": 0.12503295732689876,
  "nDCG@1_ci95_high": 0.16068132838738694,
  "nDCG@3": 0.20955135251093768,
  "nDCG@3_std": 0.36943468914867417,
  "nDCG@3_stderr": 0.009590046697029049,
  "nDCG@3_ci90_low": 0.1937672695363431,
  "nDCG@3_ci90_high": 0.22533543548553225,
  "nDCG@3_ci95_low": 0.1907398534042747,
  "nDCG@3_ci95_high": 0.22836285161760064,
  "nDCG@5": 0.2399038877801764,
  "nDCG@5_std": 0.367494691029143,
  "nDCG@5_stderr": 0.009539686855073426,
  "nDCG@5_ci90_low": 0.22420269115109476,
  "nDCG@5_ci90_high": 0.25560508440925805,
  "nDCG@5_ci95_low": 0.22119117277247444,
  "nDCG@5_ci95_high": 0.25861660278787835,
  "nDCG@10": 0.2695559400819155,
  "nDCG@10_std": 0.3604682328065009,
  "nDCG@10_stderr": 0.009357289087757256,
  "nDCG@10_ci90_low": 0.2541549486118547,
  "nDCG@10_ci90_high": 0.2849569315519763,
  "nDCG@10_ci95_low": 0.25120101013463336,
  "nDCG@10_ci95_high": 0.2879108700291977,
  "nDCG@100": 0.3354432870089515,
  "nDCG@100_std": 0.3239461958277796,
  "nDCG@100_stderr": 0.008409224246029287,
  "nDCG@100_ci90_low": 0.32160269817298487,
  "nDCG@100_ci90_high": 0.3492838758449181,
  "nDCG@100_ci95_low": 0.31894804778963515,
  "nDCG@100_ci95_high": 0.3519385262282678,
  "RR@1": 0.14285714285714285,
  "RR@3": 0.1954177897574125,
  "RR@5": 0.21246630727762786,
  "RR@10": 0.2252847837248105,
  "RR@100": 0.23793719369734342,
  "P@1": 0.14285714285714285,
  "P@3": 0.08737646001796899,
  "P@5": 0.06792452830188739,
  "P@10": 0.043396226415094746,
  "P@100": 0.00765498652291092,
  "R@1": 0.1403301886792453,
  "R@3": 0.2567946990116801,
  "R@5": 0.3299640610961366,
  "R@10": 0.4192497753818508,
  "R@100": 0.7326482479784366,
  "AP": 0.2340952141058413
}