{
  "nDCG@1": 0.0977088948787062,
  "nDCG@1_std": 0.2970207317104383,
  "nDCG@1_stderr": 0.0077102740234080225,
  "nDCG@1_ci90_low": 0.08501869546809901,
  "nDCG@1_ci90_high": 0.11039909428931338,
  "nDCG@1_ci95_low": 0.08258469189141522,
  "nDCG@1_ci95_high": 0.11283309786599717,
  "nDCG@3": 0.14176098784301142,
  "nDCG@3_std": 0.31813806014850105,
  "nDCG@3_stderr": 0.008258452556139207,
  "nDCG@3_ci90_low": 0.12816855138196306,
  "nDCG@3_ci90_high": 0.15535342430405977,
  "nDCG@3_ci95_low": 0.12556149708032732,
  "nDCG@3_ci95_high": 0.1579604786056955,
  "nDCG@5": 0.1622159246722236,
  "nDCG@5_std": 0.3215241547343079,
  "nDCG@5_stderr": 0.008346351191952955,
  "nDCG@5_ci90_low": 0.1484788174494085,
  "nDCG@5_ci90_high": 0.1759530318950387,
  "nDCG@5_ci95_low": 0.1458440150297024,
  "nDCG@5_ci95_high": 0.1785878343147448,
  "nDCG@10": 0.18688696391563467,
  "nDCG@10_std": 0.3207072578489086,
  "nDCG@10_stderr": 0.00832514560539667,
  "nDCG@10_ci90_low": 0.17318475858102758,
  "nDCG@10_ci90_high": 0.20058916925024176,
  "nDCG@10_ci95_low": 0.17055665040764362,
  "nDCG@10_ci95_high": 0.20321727742362572,
  "nDCG@100": 0.24408490211233938,
  "nDCG@100_std": 0.30203690065979394,
  "nDCG@100_stderr": 0.007840487281332886,
  "nDCG@100_ci90_low": 0.231180387075082,
  "nDCG@100_ci90_high": 0.2569894171495968,
  "nDCG@100_ci95_low": 0.22870527736720775,
  "nDCG@100_ci95_high": 0.259464526857471,
  "RR@1": 0.0977088948787062,
  "RR@3": 0.13274932614555268,
  "RR@5": 0.14444070080862545,
  "RR@10": 0.15482046592221793,
  "RR@100": 0.16608655495688737,
  "P@1": 0.0977088948787062,
  "P@3": 0.0599730458221023,
  "P@5": 0.04609164420485203,
  "P@10": 0.03092991913746656,
  "P@100": 0.005943396226415,
  "R@1": 0.09535040431266846,
  "R@3": 0.17475292003593892,
  "R@5": 0.22377583108715182,
  "R@10": 0.2984613656783468,
  "R@100": 0.5682839173405212,
  "AP": 0.16240836242691417
}