{
  "nDCG@1": 0.6920485175202157,
  "nDCG@1_std": 0.46180198553206886,
  "nDCG@1_stderr": 0.011987782241669786,
  "nDCG@1_ci90_low": 0.6723180453377908,
  "nDCG@1_ci90_high": 0.7117789897026405,
  "nDCG@1_ci95_low": 0.6685337045005979,
  "nDCG@1_ci95_high": 0.7155633305398335,
  "nDCG@3": 0.7638785341226857,
  "nDCG@3_std": 0.37934794074737416,
  "nDCG@3_stderr": 0.009847381886558778,
  "nDCG@3_ci90_low": 0.7476709078524074,
  "nDCG@3_ci90_high": 0.780086160392964,
  "nDCG@3_ci95_low": 0.7445622553375827,
  "nDCG@3_ci95_high": 0.7831948129077887,
  "nDCG@5": 0.7829905463875743,
  "nDCG@5_std": 0.35276749391853623,
  "nDCG@5_stderr": 0.009157387866495684,
  "nDCG@5_ci90_low": 0.7679185686921902,
  "nDCG@5_ci90_high": 0.7980625240829583,
  "nDCG@5_ci95_low": 0.7650277356618125,
  "nDCG@5_ci95_high": 0.800953357113336,
  "nDCG@10": 0.8013907174818864,
  "nDCG@10_std": 0.3203486069347041,
  "nDCG@10_stderr": 0.008315835491549269,
  "nDCG@10_ci90_low": 0.7877038354938816,
  "nDCG@10_ci90_high": 0.8150775994698912,
  "nDCG@10_ci95_low": 0.7850786663665464,
  "nDCG@10_ci95_high": 0.8177027685972263,
  "nDCG@100": 0.8174744658858525,
  "nDCG@100_std": 0.28459398562267885,
  "nDCG@100_stderr": 0.007387691767939921,
  "nDCG@100_ci90_low": 0.8053151987269118,
  "nDCG@100_ci90_high": 0.8296337330447932,
  "nDCG@100_ci95_low": 0.8029830289321662,
  "nDCG@100_ci95_high": 0.8319659028395388,
  "RR@1": 0.6920485175202157,
  "RR@3": 0.7523584905660382,
  "RR@5": 0.7618598382749334,
  "RR@10": 0.7689700723056522,
  "RR@100": 0.7721699730494164,
  "P@1": 0.6920485175202157,
  "P@3": 0.2861635220125746,
  "P@5": 0.18221024258759716,
  "P@10": 0.09723719676549634,
  "P@100": 0.01051212938005372,
  "R@1": 0.6707097933513028,
  "R@3": 0.8164869721473494,
  "R@5": 0.8618036837376459,
  "R@10": 0.9167789757412399,
  "R@100": 0.9889937106918238,
  "AP": 0.7654226346011227
}