nDCG@1,nDCG@1_std,nDCG@1_stderr,nDCG@1_ci90_low,nDCG@1_ci90_high,nDCG@1_ci95_low,nDCG@1_ci95_high,nDCG@3,nDCG@3_std,nDCG@3_stderr,nDCG@3_ci90_low,nDCG@3_ci90_high,nDCG@3_ci95_low,nDCG@3_ci95_high,nDCG@5,nDCG@5_std,nDCG@5_stderr,nDCG@5_ci90_low,nDCG@5_ci90_high,nDCG@5_ci95_low,nDCG@5_ci95_high,nDCG@10,nDCG@10_std,nDCG@10_stderr,nDCG@10_ci90_low,nDCG@10_ci90_high,nDCG@10_ci95_low,nDCG@10_ci95_high,nDCG@100,nDCG@100_std,nDCG@100_stderr,nDCG@100_ci90_low,nDCG@100_ci90_high,nDCG@100_ci95_low,nDCG@100_ci95_high,RR@1,RR@3,RR@5,RR@10,RR@100,P@1,P@3,P@5,P@10,P@100,R@1,R@3,R@5,R@10,R@100,AP
0.7008086253369272,0.45805816475543853,0.011890597496631553,0.6812381077541002,0.7203791429197542,0.6774844465031715,0.7241328041706829,0.7814294899448466,0.3640614492555941,0.009450564339246886,0.7658749784393261,0.7969840014503672,0.7628915945370716,0.7999673853526217,0.8018454010527549,0.33214088159486294,0.00862194768939327,0.7876546945805792,0.8160361075249306,0.7849328909909465,0.8187579111145633,0.8165802614032728,0.3042236329943456,0.007897252024380104,0.8035823183105956,0.82957820449595,0.8010892889299331,0.8320712338766124,0.8290225726775402,0.27467819401761395,0.007130290643130247,0.817286957335958,0.8407581880191224,0.8150360447386257,0.8430091006164547,0.7008086253369272,0.7669586702605573,0.7774034141958679,0.782958434946306,0.7853384749834751,0.7008086253369272,0.29424977538184643,0.1874663072776238,0.09871967654986287,0.010498652291104934,0.6807614555256065,0.8382749326145552,0.8870170709793351,0.931266846361186,0.9878144654088049,0.7799120638957489
