{
  "nDCG@1": 0.6623989218328841,
  "nDCG@1_std": 0.4730511426607842,
  "nDCG@1_stderr": 0.0122797958108752,
  "nDCG@1_ci90_low": 0.642187829842062,
  "nDCG@1_ci90_high": 0.6826100138237061,
  "nDCG@1_ci95_low": 0.6383113052420446,
  "nDCG@1_ci95_high": 0.6864865384237235,
  "nDCG@3": 0.7412623720032604,
  "nDCG@3_std": 0.39343883869344737,
  "nDCG@3_stderr": 0.010213163371825665,
  "nDCG@3_ci90_low": 0.7244527126567708,
  "nDCG@3_ci90_high": 0.75807203134975,
  "nDCG@3_ci95_low": 0.721228589091148,
  "nDCG@3_ci95_high": 0.7612961549153728,
  "nDCG@5": 0.7655236145105627,
  "nDCG@5_std": 0.360180695983862,
  "nDCG@5_stderr": 0.00934982500374669,
  "nDCG@5_ci90_low": 0.75013490804026,
  "nDCG@5_ci90_high": 0.7809123209808655,
  "nDCG@5_ci95_low": 0.7471833258485769,
  "nDCG@5_ci95_high": 0.7838639031725485,
  "nDCG@10": 0.7832379991950477,
  "nDCG@10_std": 0.3311022545692665,
  "nDCG@10_stderr": 0.008594986275187096,
  "nDCG@10_ci90_low": 0.7690916680228457,
  "nDCG@10_ci90_high": 0.7973843303672496,
  "nDCG@10_ci95_low": 0.7663783756973277,
  "nDCG@10_ci95_high": 0.8000976226927676,
  "nDCG@100": 0.8001944717306204,
  "nDCG@100_std": 0.29568466927919157,
  "nDCG@100_stderr": 0.007675591570779309,
  "nDCG@100_ci90_low": 0.7875613555363258,
  "nDCG@100_ci90_high": 0.812827587924915,
  "nDCG@100_ci95_low": 0.7851383006254729,
  "nDCG@100_ci95_high": 0.815250642835768,
  "RR@1": 0.6623989218328841,
  "RR@3": 0.7278751123090751,
  "RR@5": 0.7403414195867037,
  "RR@10": 0.7472133979377922,
  "RR@100": 0.7506791954207686,
  "P@1": 0.6623989218328841,
  "P@3": 0.278751123090742,
  "P@5": 0.18018867924527907,
  "P@10": 0.09595687331536167,
  "P@100": 0.010424528301886607,
  "R@1": 0.6443733153638814,
  "R@3": 0.7955974842767295,
  "R@5": 0.853380503144654,
  "R@10": 0.9058288409703504,
  "R@100": 0.9813566936208447,
  "AP": 0.7452598169143257
}