{
  "nDCG@1": 0.6913746630727763,
  "nDCG@1_std": 0.462081832015697,
  "nDCG@1_stderr": 0.01199504669442645,
  "nDCG@1_ci90_low": 0.6716322344600337,
  "nDCG@1_ci90_high": 0.7111170916855188,
  "nDCG@1_ci95_low": 0.6678456003575252,
  "nDCG@1_ci95_high": 0.7149037257880274,
  "nDCG@3": 0.7672690914818976,
  "nDCG@3_std": 0.377457389442693,
  "nDCG@3_stderr": 0.009798305619961289,
  "nDCG@3_ci90_low": 0.7511422389438576,
  "nDCG@3_ci90_high": 0.7833959440199376,
  "nDCG@3_ci95_low": 0.748049078979371,
  "nDCG@3_ci95_high": 0.7864891039844242,
  "nDCG@5": 0.7901501462418656,
  "nDCG@5_std": 0.34335255748369337,
  "nDCG@5_stderr": 0.00891298829409016,
  "nDCG@5_ci90_low": 0.7754804213458344,
  "nDCG@5_ci90_high": 0.8048198711378969,
  "nDCG@5_ci95_low": 0.7726667411418762,
  "nDCG@5_ci95_high": 0.8076335513418551,
  "nDCG@10": 0.8071143370995536,
  "nDCG@10_std": 0.3124289867482579,
  "nDCG@10_stderr": 0.008110252394884008,
  "nDCG@10_ci90_low": 0.7937658205813377,
  "nDCG@10_ci90_high": 0.8204628536177695,
  "nDCG@10_ci95_low": 0.791205550573161,
  "nDCG@10_ci95_high": 0.8230231236259462,
  "nDCG@100": 0.8201101270692264,
  "nDCG@100_std": 0.28309713207491277,
  "nDCG@100_stderr": 0.0073488353858964005,
  "nDCG@100_ci90_low": 0.8080148129209063,
  "nDCG@100_ci90_high": 0.8322054412175465,
  "nDCG@100_ci95_low": 0.8056949094311694,
  "nDCG@100_ci95_high": 0.8345253447072833,
  "RR@1": 0.6920485175202157,
  "RR@3": 0.7555031446540884,
  "RR@5": 0.7669923629829298,
  "RR@10": 0.773561909040346,
  "RR@100": 0.7760457877600909,
  "P@1": 0.6913746630727763,
  "P@3": 0.28773584905659966,
  "P@5": 0.1846361185983787,
  "P@10": 0.09804582210242353,
  "P@100": 0.01045148247978418,
  "R@1": 0.6712151841868822,
  "R@3": 0.8195193171608265,
  "R@5": 0.8738769092542676,
  "R@10": 0.9245283018867925,
  "R@100": 0.9830974842767295,
  "AP": 0.7698041322294986
}