nDCG@1,nDCG@1_std,nDCG@1_stderr,nDCG@1_ci90_low,nDCG@1_ci90_high,nDCG@1_ci95_low,nDCG@1_ci95_high,nDCG@3,nDCG@3_std,nDCG@3_stderr,nDCG@3_ci90_low,nDCG@3_ci90_high,nDCG@3_ci95_low,nDCG@3_ci95_high,nDCG@5,nDCG@5_std,nDCG@5_stderr,nDCG@5_ci90_low,nDCG@5_ci90_high,nDCG@5_ci95_low,nDCG@5_ci95_high,nDCG@10,nDCG@10_std,nDCG@10_stderr,nDCG@10_ci90_low,nDCG@10_ci90_high,nDCG@10_ci95_low,nDCG@10_ci95_high,nDCG@100,nDCG@100_std,nDCG@100_stderr,nDCG@100_ci90_low,nDCG@100_ci90_high,nDCG@100_ci95_low,nDCG@100_ci95_high,RR@1,RR@3,RR@5,RR@10,RR@100,P@1,P@3,P@5,P@10,P@100,R@1,R@3,R@5,R@10,R@100,AP
0.6421832884097035,0.4795194029640339,0.012447703482186868,0.6216958402446331,0.6626707365747739,0.6177663100223402,0.6666002667970669,0.718039012137032,0.4047726454119291,0.01050737433489416,0.7007451163316577,0.7353329079424064,0.6974281153229979,0.7386499089510662,0.7419808584775759,0.3742281601364811,0.009714479003913534,0.7259919746382271,0.7579697423169247,0.7229252773237919,0.7610364396313599,0.7602768929751326,0.3473280932812553,0.009016188061367527,0.7454373134640899,0.7751164724861752,0.7425910548327109,0.7779627311175542,0.7817467962426852,0.30572864144227496,0.007936320097084174,0.7686845517215896,0.7948090407637808,0.7661791892087444,0.797314403276626,0.6428571428571429,0.7065363881401623,0.7190700808625349,0.7259474072647932,0.7302748404111703,0.6421832884097035,0.2702156334231773,0.17493261455525236,0.09366576819406795,0.01041105121293782,0.6223607367475291,0.7738095238095237,0.8312556154537286,0.8844339622641509,0.9806828391734052,0.7221119125212759
