{
  "nDCG@1": 0.610512129380054,
  "nDCG@1_std": 0.48779853544385243,
  "nDCG@1_stderr": 0.012662619052988607,
  "nDCG@1_ci90_low": 0.5896709555962003,
  "nDCG@1_ci90_high": 0.6313533031639076,
  "nDCG@1_ci95_low": 0.5856735801499336,
  "nDCG@1_ci95_high": 0.6353506786101742,
  "nDCG@3": 0.6971040456620149,
  "nDCG@3_std": 0.41228013238043515,
  "nDCG@3_stderr": 0.01070225898628199,
  "nDCG@3_ci90_low": 0.6794893927628368,
  "nDCG@3_ci90_high": 0.714718698561193,
  "nDCG@3_ci95_low": 0.676110869953904,
  "nDCG@3_ci95_high": 0.7180972213701258,
  "nDCG@5": 0.72412368201928,
  "nDCG@5_std": 0.3798343727836107,
  "nDCG@5_stderr": 0.009860009033059799,
  "nDCG@5_ci90_low": 0.7078952729588442,
  "nDCG@5_ci90_high": 0.7403520910797158,
  "nDCG@5_ci95_low": 0.7047826342666601,
  "nDCG@5_ci95_high": 0.7434647297718999,
  "nDCG@10": 0.7415137997872694,
  "nDCG@10_std": 0.35474290523638824,
  "nDCG@10_stderr": 0.009208666989275669,
  "nDCG@10_ci90_low": 0.7263574227188275,
  "nDCG@10_ci90_high": 0.7566701768557113,
  "nDCG@10_ci95_low": 0.7234504017335371,
  "nDCG@10_ci95_high": 0.7595771978410016,
  "nDCG@100": 0.7624562719981843,
  "nDCG@100_std": 0.3161456158435115,
  "nDCG@100_stderr": 0.008206731279043892,
  "nDCG@100_ci90_low": 0.7489489626439182,
  "nDCG@100_ci90_high": 0.7759635813524505,
  "nDCG@100_ci95_low": 0.7463582358778614,
  "nDCG@100_ci95_high": 0.7785543081185072,
  "RR@1": 0.610512129380054,
  "RR@3": 0.6818283917340531,
  "RR@5": 0.6961141060197676,
  "RR@10": 0.7027753711547523,
  "RR@100": 0.7069309044073921,
  "P@1": 0.610512129380054,
  "P@3": 0.2657232704402485,
  "P@5": 0.17385444743934958,
  "P@10": 0.09272237196765293,
  "P@100": 0.010303234501347526,
  "R@1": 0.5924865229110512,
  "R@3": 0.7586477987421383,
  "R@5": 0.8223270440251572,
  "R@10": 0.8744946091644205,
  "R@100": 0.9687780772686434,
  "AP": 0.70061382789471
}