nDCG@1,nDCG@1_std,nDCG@1_stderr,nDCG@1_ci90_low,nDCG@1_ci90_high,nDCG@1_ci95_low,nDCG@1_ci95_high,nDCG@3,nDCG@3_std,nDCG@3_stderr,nDCG@3_ci90_low,nDCG@3_ci90_high,nDCG@3_ci95_low,nDCG@3_ci95_high,nDCG@5,nDCG@5_std,nDCG@5_stderr,nDCG@5_ci90_low,nDCG@5_ci90_high,nDCG@5_ci95_low,nDCG@5_ci95_high,nDCG@10,nDCG@10_std,nDCG@10_stderr,nDCG@10_ci90_low,nDCG@10_ci90_high,nDCG@10_ci95_low,nDCG@10_ci95_high,nDCG@100,nDCG@100_std,nDCG@100_stderr,nDCG@100_ci90_low,nDCG@100_ci90_high,nDCG@100_ci95_low,nDCG@100_ci95_high,RR@1,RR@3,RR@5,RR@10,RR@100,P@1,P@3,P@5,P@10,P@100,R@1,R@3,R@5,R@10,R@100,AP
0.6233153638814016,0.4847181080186737,0.012582655141309526,0.602605801241559,0.6440249265212442,0.5986336690546684,0.6479970587081348,0.7022645989943557,0.411199696806381,0.010674212276233759,0.6846961076637863,0.719833090324925,0.6813264387285763,0.723202759260135,0.7264882444919596,0.38210631787040805,0.009918985788939657,0.710162766664521,0.7428137223193981,0.707031510004374,0.7459449789795451,0.7449390324194883,0.3563145637243713,0.009249465210813209,0.729715506302214,0.7601625585367626,0.7267956060059104,0.7630824588330662,0.7683267110861812,0.3126222691557537,0.00811526975618776,0.7549699365844921,0.7816834855878704,0.7524080826799037,0.7842453394924588,0.6233153638814016,0.6891284815813128,0.7017969451931731,0.7085657061566775,0.7131607853103954,0.6233153638814016,0.26549865229110203,0.17223719676549507,0.09245283018867718,0.010397574123989032,0.6043351302785265,0.761006289308176,0.8187893081761006,0.8729784366576819,0.9793351302785265,0.7059579460062639
