nDCG@1,nDCG@1_std,nDCG@1_stderr,nDCG@1_ci90_low,nDCG@1_ci90_high,nDCG@1_ci95_low,nDCG@1_ci95_high,nDCG@3,nDCG@3_std,nDCG@3_stderr,nDCG@3_ci90_low,nDCG@3_ci90_high,nDCG@3_ci95_low,nDCG@3_ci95_high,nDCG@5,nDCG@5_std,nDCG@5_stderr,nDCG@5_ci90_low,nDCG@5_ci90_high,nDCG@5_ci95_low,nDCG@5_ci95_high,nDCG@10,nDCG@10_std,nDCG@10_stderr,nDCG@10_ci90_low,nDCG@10_ci90_high,nDCG@10_ci95_low,nDCG@10_ci95_high,nDCG@100,nDCG@100_std,nDCG@100_stderr,nDCG@100_ci90_low,nDCG@100_ci90_high,nDCG@100_ci95_low,nDCG@100_ci95_high,RR@1,RR@3,RR@5,RR@10,RR@100,P@1,P@3,P@5,P@10,P@100,R@1,R@3,R@5,R@10,R@100,AP
0.6623989218328841,0.4730511426607842,0.0122797958108752,0.642187829842062,0.6826100138237061,0.6383113052420446,0.6864865384237235,0.7412623720032604,0.39343883869344737,0.010213163371825665,0.7244527126567708,0.75807203134975,0.721228589091148,0.7612961549153728,0.7655236145105627,0.360180695983862,0.00934982500374669,0.75013490804026,0.7809123209808655,0.7471833258485769,0.7838639031725485,0.7832379991950477,0.3311022545692665,0.008594986275187096,0.7690916680228457,0.7973843303672496,0.7663783756973277,0.8000976226927676,0.8001944717306204,0.29568466927919157,0.007675591570779309,0.7875613555363258,0.812827587924915,0.7851383006254729,0.815250642835768,0.6623989218328841,0.7278751123090751,0.7403414195867037,0.7472133979377922,0.7506791954207686,0.6623989218328841,0.278751123090742,0.18018867924527907,0.09595687331536167,0.010424528301886607,0.6443733153638814,0.7955974842767295,0.853380503144654,0.9058288409703504,0.9813566936208447,0.7452598169143257
