{
  "nDCG@1": 0.7008086253369272,
  "nDCG@1_std": 0.45805816475543853,
  "nDCG@1_stderr": 0.011890597496631553,
  "nDCG@1_ci90_low": 0.6812381077541002,
  "nDCG@1_ci90_high": 0.7203791429197542,
  "nDCG@1_ci95_low": 0.6774844465031715,
  "nDCG@1_ci95_high": 0.7241328041706829,
  "nDCG@3": 0.7814294899448466,
  "nDCG@3_std": 0.3640614492555941,
  "nDCG@3_stderr": 0.009450564339246886,
  "nDCG@3_ci90_low": 0.7658749784393261,
  "nDCG@3_ci90_high": 0.7969840014503672,
  "nDCG@3_ci95_low": 0.7628915945370716,
  "nDCG@3_ci95_high": 0.7999673853526217,
  "nDCG@5": 0.8018454010527549,
  "nDCG@5_std": 0.33214088159486294,
  "nDCG@5_stderr": 0.00862194768939327,
  "nDCG@5_ci90_low": 0.7876546945805792,
  "nDCG@5_ci90_high": 0.8160361075249306,
  "nDCG@5_ci95_low": 0.7849328909909465,
  "nDCG@5_ci95_high": 0.8187579111145633,
  "nDCG@10": 0.8165802614032728,
  "nDCG@10_std": 0.3042236329943456,
  "nDCG@10_stderr": 0.007897252024380104,
  "nDCG@10_ci90_low": 0.8035823183105956,
  "nDCG@10_ci90_high": 0.82957820449595,
  "nDCG@10_ci95_low": 0.8010892889299331,
  "nDCG@10_ci95_high": 0.8320712338766124,
  "nDCG@100": 0.8290225726775402,
  "nDCG@100_std": 0.27467819401761395,
  "nDCG@100_stderr": 0.007130290643130247,
  "nDCG@100_ci90_low": 0.817286957335958,
  "nDCG@100_ci90_high": 0.8407581880191224,
  "nDCG@100_ci95_low": 0.8150360447386257,
  "nDCG@100_ci95_high": 0.8430091006164547,
  "RR@1": 0.7008086253369272,
  "RR@3": 0.7669586702605573,
  "RR@5": 0.7774034141958679,
  "RR@10": 0.782958434946306,
  "RR@100": 0.7853384749834751,
  "P@1": 0.7008086253369272,
  "P@3": 0.29424977538184643,
  "P@5": 0.1874663072776238,
  "P@10": 0.09871967654986287,
  "P@100": 0.010498652291104934,
  "R@1": 0.6807614555256065,
  "R@3": 0.8382749326145552,
  "R@5": 0.8870170709793351,
  "R@10": 0.931266846361186,
  "R@100": 0.9878144654088049,
  "AP": 0.7799120638957489
}