{
  "nDCG@1": 0.6435309973045822,
  "nDCG@1_std": 0.4791174579219442,
  "nDCG@1_stderr": 0.012437269508776948,
  "nDCG@1_ci90_low": 0.6230607222260732,
  "nDCG@1_ci90_high": 0.6640012723830911,
  "nDCG@1_ci95_low": 0.619134485833354,
  "nDCG@1_ci95_high": 0.6679275087758104,
  "nDCG@3": 0.7251769856932636,
  "nDCG@3_std": 0.4006606292623414,
  "nDCG@3_stderr": 0.010400631714204273,
  "nDCG@3_ci90_low": 0.7080587756207248,
  "nDCG@3_ci90_high": 0.7422951957658024,
  "nDCG@3_ci95_low": 0.7047754714586044,
  "nDCG@3_ci95_high": 0.7455784999279228,
  "nDCG@5": 0.7499322676563732,
  "nDCG@5_std": 0.3686034748594845,
  "nDCG@5_stderr": 0.009568469449188745,
  "nDCG@5_ci90_low": 0.7341836982805164,
  "nDCG@5_ci90_high": 0.76568083703223,
  "nDCG@5_ci95_low": 0.7311630937219743,
  "nDCG@5_ci95_high": 0.7687014415907721,
  "nDCG@10": 0.7677791329483391,
  "nDCG@10_std": 0.3405170223655509,
  "nDCG@10_stderr": 0.008839381469953762,
  "nDCG@10_ci90_low": 0.7532305561818603,
  "nDCG@10_ci90_high": 0.7823277097148179,
  "nDCG@10_ci95_low": 0.7504401124118696,
  "nDCG@10_ci95_high": 0.7851181534848086,
  "nDCG@100": 0.7865732525297732,
  "nDCG@100_std": 0.30309848752504215,
  "nDCG@100_stderr": 0.007868044703279762,
  "nDCG@100_ci90_low": 0.7736233812342704,
  "nDCG@100_ci90_high": 0.7995231238252759,
  "nDCG@100_ci95_low": 0.7711395721126816,
  "nDCG@100_ci95_high": 0.8020069329468648,
  "RR@1": 0.6435309973045822,
  "RR@3": 0.7103548966756521,
  "RR@5": 0.7236972147349515,
  "RR@10": 0.7306317652847306,
  "RR@100": 0.7344347455108207,
  "P@1": 0.6435309973045822,
  "P@3": 0.2744833782569597,
  "P@5": 0.1777628032344976,
  "P@10": 0.09474393530997088,
  "P@100": 0.010397574123989032,
  "R@1": 0.6251684636118598,
  "R@3": 0.7834681042228211,
  "R@5": 0.841363432165319,
  "R@10": 0.8940363881401617,
  "R@100": 0.9778751123090744,
  "AP": 0.7288466391710877
}