nDCG@1,nDCG@1_std,nDCG@1_stderr,nDCG@1_ci90_low,nDCG@1_ci90_high,nDCG@1_ci95_low,nDCG@1_ci95_high,nDCG@3,nDCG@3_std,nDCG@3_stderr,nDCG@3_ci90_low,nDCG@3_ci90_high,nDCG@3_ci95_low,nDCG@3_ci95_high,nDCG@5,nDCG@5_std,nDCG@5_stderr,nDCG@5_ci90_low,nDCG@5_ci90_high,nDCG@5_ci95_low,nDCG@5_ci95_high,nDCG@10,nDCG@10_std,nDCG@10_stderr,nDCG@10_ci90_low,nDCG@10_ci90_high,nDCG@10_ci95_low,nDCG@10_ci95_high,nDCG@100,nDCG@100_std,nDCG@100_stderr,nDCG@100_ci90_low,nDCG@100_ci90_high,nDCG@100_ci95_low,nDCG@100_ci95_high,RR@1,RR@3,RR@5,RR@10,RR@100,P@1,P@3,P@5,P@10,P@100,R@1,R@3,R@5,R@10,R@100,AP
0.6435309973045822,0.4791174579219442,0.012437269508776948,0.6230607222260732,0.6640012723830911,0.619134485833354,0.6679275087758104,0.7251769856932636,0.4006606292623414,0.010400631714204273,0.7080587756207248,0.7422951957658024,0.7047754714586044,0.7455784999279228,0.7499322676563732,0.3686034748594845,0.009568469449188745,0.7341836982805164,0.76568083703223,0.7311630937219743,0.7687014415907721,0.7677791329483391,0.3405170223655509,0.008839381469953762,0.7532305561818603,0.7823277097148179,0.7504401124118696,0.7851181534848086,0.7865732525297732,0.30309848752504215,0.007868044703279762,0.7736233812342704,0.7995231238252759,0.7711395721126816,0.8020069329468648,0.6435309973045822,0.7103548966756521,0.7236972147349515,0.7306317652847306,0.7344347455108207,0.6435309973045822,0.2744833782569597,0.1777628032344976,0.09474393530997088,0.010397574123989032,0.6251684636118598,0.7834681042228211,0.841363432165319,0.8940363881401617,0.9778751123090744,0.7288466391710877
