nDCG@1,nDCG@1_std,nDCG@1_stderr,nDCG@1_ci90_low,nDCG@1_ci90_high,nDCG@1_ci95_low,nDCG@1_ci95_high,nDCG@3,nDCG@3_std,nDCG@3_stderr,nDCG@3_ci90_low,nDCG@3_ci90_high,nDCG@3_ci95_low,nDCG@3_ci95_high,nDCG@5,nDCG@5_std,nDCG@5_stderr,nDCG@5_ci90_low,nDCG@5_ci90_high,nDCG@5_ci95_low,nDCG@5_ci95_high,nDCG@10,nDCG@10_std,nDCG@10_stderr,nDCG@10_ci90_low,nDCG@10_ci90_high,nDCG@10_ci95_low,nDCG@10_ci95_high,nDCG@100,nDCG@100_std,nDCG@100_stderr,nDCG@100_ci90_low,nDCG@100_ci90_high,nDCG@100_ci95_low,nDCG@100_ci95_high,RR@1,RR@3,RR@5,RR@10,RR@100,P@1,P@3,P@5,P@10,P@100,R@1,R@3,R@5,R@10,R@100,AP
0.5983827493261455,0.4903905434413313,0.012729904228054804,0.5774308320996625,0.6193346665526286,0.5734122158575083,0.6233532827947827,0.6819143545736781,0.4204338758546511,0.010913919620678609,0.6639513332961889,0.6998773758511673,0.6605059927918538,0.7033227163555024,0.7103928451088664,0.38751186064159615,0.010059306687656398,0.6938364156731212,0.7269492745446116,0.6906608620699183,0.7301248281478144,0.7282272432205836,0.3633128975325877,0.009431132904707496,0.7127047135588199,0.7437497728823473,0.7097274638329935,0.7467270226081738,0.7495517040884468,0.32559042603011623,0.008451906335405924,0.7356408655799256,0.7634625425969681,0.7329727411802326,0.7661306669966611,0.5990566037735849,0.6679020664869729,0.6828953279424991,0.6896073995636,0.6937500566140286,0.5983827493261455,0.2598831985624411,0.1708894878706165,0.0915768194070061,0.01021563342318041,0.5803571428571429,0.7414645103324348,0.8093553459119497,0.8627021563342318,0.9603548966756514,0.6868295198919105
