{
  "nDCG@1": 0.6233153638814016,
  "nDCG@1_std": 0.4847181080186737,
  "nDCG@1_stderr": 0.012582655141309526,
  "nDCG@1_ci90_low": 0.602605801241559,
  "nDCG@1_ci90_high": 0.6440249265212442,
  "nDCG@1_ci95_low": 0.5986336690546684,
  "nDCG@1_ci95_high": 0.6479970587081348,
  "nDCG@3": 0.7022645989943557,
  "nDCG@3_std": 0.411199696806381,
  "nDCG@3_stderr": 0.010674212276233759,
  "nDCG@3_ci90_low": 0.6846961076637863,
  "nDCG@3_ci90_high": 0.719833090324925,
  "nDCG@3_ci95_low": 0.6813264387285763,
  "nDCG@3_ci95_high": 0.723202759260135,
  "nDCG@5": 0.7264882444919596,
  "nDCG@5_std": 0.38210631787040805,
  "nDCG@5_stderr": 0.009918985788939657,
  "nDCG@5_ci90_low": 0.710162766664521,
  "nDCG@5_ci90_high": 0.7428137223193981,
  "nDCG@5_ci95_low": 0.707031510004374,
  "nDCG@5_ci95_high": 0.7459449789795451,
  "nDCG@10": 0.7449390324194883,
  "nDCG@10_std": 0.3563145637243713,
  "nDCG@10_stderr": 0.009249465210813209,
  "nDCG@10_ci90_low": 0.729715506302214,
  "nDCG@10_ci90_high": 0.7601625585367626,
  "nDCG@10_ci95_low": 0.7267956060059104,
  "nDCG@10_ci95_high": 0.7630824588330662,
  "nDCG@100": 0.7683267110861812,
  "nDCG@100_std": 0.3126222691557537,
  "nDCG@100_stderr": 0.00811526975618776,
  "nDCG@100_ci90_low": 0.7549699365844921,
  "nDCG@100_ci90_high": 0.7816834855878704,
  "nDCG@100_ci95_low": 0.7524080826799037,
  "nDCG@100_ci95_high": 0.7842453394924588,
  "RR@1": 0.6233153638814016,
  "RR@3": 0.6891284815813128,
  "RR@5": 0.7017969451931731,
  "RR@10": 0.7085657061566775,
  "RR@100": 0.7131607853103954,
  "P@1": 0.6233153638814016,
  "P@3": 0.26549865229110203,
  "P@5": 0.17223719676549507,
  "P@10": 0.09245283018867718,
  "P@100": 0.010397574123989032,
  "R@1": 0.6043351302785265,
  "R@3": 0.761006289308176,
  "R@5": 0.8187893081761006,
  "R@10": 0.8729784366576819,
  "R@100": 0.9793351302785265,
  "AP": 0.7059579460062639
}