{
  "nDCG@1": 0.6745283018867925,
  "nDCG@1_std": 0.4687087683363607,
  "nDCG@1_stderr": 0.012167073389915857,
  "nDCG@1_ci90_low": 0.6545027376730219,
  "nDCG@1_ci90_high": 0.694553866100563,
  "nDCG@1_ci95_low": 0.6506617976417182,
  "nDCG@1_ci95_high": 0.6983948061318668,
  "nDCG@3": 0.7497581104842995,
  "nDCG@3_std": 0.387787246744301,
  "nDCG@3_stderr": 0.010066455354693426,
  "nDCG@3_ci90_low": 0.7331899151878412,
  "nDCG@3_ci90_high": 0.7663263057807579,
  "nDCG@3_ci95_low": 0.730012104870923,
  "nDCG@3_ci95_high": 0.769504116097676,
  "nDCG@5": 0.770399692702184,
  "nDCG@5_std": 0.36025541534027783,
  "nDCG@5_stderr": 0.009351764621595926,
  "nDCG@5_ci90_low": 0.755007793850234,
  "nDCG@5_ci90_high": 0.785791591554134,
  "nDCG@5_ci95_low": 0.7520555993538822,
  "nDCG@5_ci95_high": 0.7887437860504858,
  "nDCG@10": 0.7890496188011032,
  "nDCG@10_std": 0.32873096950845265,
  "nDCG@10_stderr": 0.008533430782069825,
  "nDCG@10_ci90_low": 0.7750046006924973,
  "nDCG@10_ci90_high": 0.8030946369097092,
  "nDCG@10_ci95_low": 0.7723107403988315,
  "nDCG@10_ci95_high": 0.805788497203375,
  "nDCG@100": 0.8062111813211071,
  "nDCG@100_std": 0.2921179603277394,
  "nDCG@100_stderr": 0.007583004419643179,
  "nDCG@100_ci90_low": 0.7937304526304486,
  "nDCG@100_ci90_high": 0.8186919100117657,
  "nDCG@100_ci95_low": 0.7913366259229431,
  "nDCG@100_ci95_high": 0.8210857367192712,
  "RR@1": 0.6745283018867925,
  "RR@3": 0.7378706199460923,
  "RR@5": 0.747877358490567,
  "RR@10": 0.755190016258076,
  "RR@100": 0.7586940929551872,
  "P@1": 0.6745283018867925,
  "P@3": 0.2814465408804993,
  "P@5": 0.18005390835579127,
  "P@10": 0.09636118598382523,
  "P@100": 0.010464959568732966,
  "R@1": 0.6547057502246181,
  "R@3": 0.8035152740341418,
  "R@5": 0.8521451033243487,
  "R@10": 0.9083557951482479,
  "R@100": 0.9851190476190476,
  "AP": 0.7520444508863956
}