{
  "nDCG@1": 0.6421832884097035,
  "nDCG@1_std": 0.4795194029640339,
  "nDCG@1_stderr": 0.012447703482186868,
  "nDCG@1_ci90_low": 0.6216958402446331,
  "nDCG@1_ci90_high": 0.6626707365747739,
  "nDCG@1_ci95_low": 0.6177663100223402,
  "nDCG@1_ci95_high": 0.6666002667970669,
  "nDCG@3": 0.718039012137032,
  "nDCG@3_std": 0.4047726454119291,
  "nDCG@3_stderr": 0.01050737433489416,
  "nDCG@3_ci90_low": 0.7007451163316577,
  "nDCG@3_ci90_high": 0.7353329079424064,
  "nDCG@3_ci95_low": 0.6974281153229979,
  "nDCG@3_ci95_high": 0.7386499089510662,
  "nDCG@5": 0.7419808584775759,
  "nDCG@5_std": 0.3742281601364811,
  "nDCG@5_stderr": 0.009714479003913534,
  "nDCG@5_ci90_low": 0.7259919746382271,
  "nDCG@5_ci90_high": 0.7579697423169247,
  "nDCG@5_ci95_low": 0.7229252773237919,
  "nDCG@5_ci95_high": 0.7610364396313599,
  "nDCG@10": 0.7602768929751326,
  "nDCG@10_std": 0.3473280932812553,
  "nDCG@10_stderr": 0.009016188061367527,
  "nDCG@10_ci90_low": 0.7454373134640899,
  "nDCG@10_ci90_high": 0.7751164724861752,
  "nDCG@10_ci95_low": 0.7425910548327109,
  "nDCG@10_ci95_high": 0.7779627311175542,
  "nDCG@100": 0.7817467962426852,
  "nDCG@100_std": 0.30572864144227496,
  "nDCG@100_stderr": 0.007936320097084174,
  "nDCG@100_ci90_low": 0.7686845517215896,
  "nDCG@100_ci90_high": 0.7948090407637808,
  "nDCG@100_ci95_low": 0.7661791892087444,
  "nDCG@100_ci95_high": 0.797314403276626,
  "RR@1": 0.6428571428571429,
  "RR@3": 0.7065363881401623,
  "RR@5": 0.7190700808625349,
  "RR@10": 0.7259474072647932,
  "RR@100": 0.7302748404111703,
  "P@1": 0.6421832884097035,
  "P@3": 0.2702156334231773,
  "P@5": 0.17493261455525236,
  "P@10": 0.09366576819406795,
  "P@100": 0.01041105121293782,
  "R@1": 0.6223607367475291,
  "R@3": 0.7738095238095237,
  "R@5": 0.8312556154537286,
  "R@10": 0.8844339622641509,
  "R@100": 0.9806828391734052,
  "AP": 0.7221119125212759
}