{
  "nDCG@1": 0.6570080862533693,
  "nDCG@1_std": 0.4748688401114668,
  "nDCG@1_stderr": 0.012326980885653335,
  "nDCG@1_ci90_low": 0.6367193332084367,
  "nDCG@1_ci90_high": 0.6772968392983019,
  "nDCG@1_ci95_low": 0.6328279130754684,
  "nDCG@1_ci95_high": 0.6811882594312701,
  "nDCG@3": 0.7358066832005836,
  "nDCG@3_std": 0.393784852166608,
  "nDCG@3_stderr": 0.010222145434049056,
  "nDCG@3_ci90_low": 0.7189822404416774,
  "nDCG@3_ci90_high": 0.7526311259594899,
  "nDCG@3_ci95_low": 0.715755281390375,
  "nDCG@3_ci95_high": 0.7558580850107922,
  "nDCG@5": 0.7586674329455195,
  "nDCG@5_std": 0.3635901727065014,
  "nDCG@5_stderr": 0.009438330609589748,
  "nDCG@5_ci90_low": 0.7431330567125475,
  "nDCG@5_ci90_high": 0.7742018091784916,
  "nDCG@5_ci95_low": 0.7401535347925845,
  "nDCG@5_ci95_high": 0.7771813310984546,
  "nDCG@10": 0.7773212728801805,
  "nDCG@10_std": 0.3343710713445357,
  "nDCG@10_stderr": 0.008679840530728454,
  "nDCG@10_ci90_low": 0.7630352816361847,
  "nDCG@10_ci90_high": 0.7916072641241763,
  "nDCG@10_ci95_low": 0.760295202252145,
  "nDCG@10_ci95_high": 0.794347343508216,
  "nDCG@100": 0.7955041635800971,
  "nDCG@100_std": 0.296745694652784,
  "nDCG@100_stderr": 0.007703134417129044,
  "nDCG@100_ci90_low": 0.7828257151172667,
  "nDCG@100_ci90_high": 0.8081826120429275,
  "nDCG@100_ci95_low": 0.7803939653939694,
  "nDCG@100_ci95_high": 0.8106143617662248,
  "RR@1": 0.6563342318059299,
  "RR@3": 0.722596585804134,
  "RR@5": 0.7342879604672073,
  "RR@10": 0.7410979014247219,
  "RR@100": 0.7448815764245352,
  "P@1": 0.6570080862533693,
  "P@3": 0.2771787960467169,
  "P@5": 0.17870619946091254,
  "P@10": 0.09568733153638594,
  "P@100": 0.010444743935309786,
  "R@1": 0.6381401617250674,
  "R@3": 0.7932389937106917,
  "R@5": 0.847877358490566,
  "R@10": 0.9026280323450134,
  "R@100": 0.9832659478885893,
  "AP": 0.7384894830991776
}