{
  "nDCG@1": 0.15296495956873316,
  "nDCG@1_std": 0.36007505977253396,
  "nDCG@1_stderr": 0.009347082824332333,
  "nDCG@1_ci90_low": 0.1375807664015221,
  "nDCG@1_ci90_high": 0.16834915273594422,
  "nDCG@1_ci95_low": 0.13463004986966937,
  "nDCG@1_ci95_high": 0.17129986926779694,
  "nDCG@3": 0.22551545578851126,
  "nDCG@3_std": 0.37747223201426094,
  "nDCG@3_stderr": 0.00979869091392155,
  "nDCG@3_ci90_low": 0.20938796910216825,
  "nDCG@3_ci90_high": 0.24164294247485427,
  "nDCG@3_ci95_low": 0.20629468750687133,
  "nDCG@3_ci95_high": 0.2447362240701512,
  "nDCG@5": 0.25387210706465185,
  "nDCG@5_std": 0.3753424858640017,
  "nDCG@5_stderr": 0.009743405458511639,
  "nDCG@5_ci90_low": 0.23783561370118272,
  "nDCG@5_ci90_high": 0.269908600428121,
  "nDCG@5_ci95_low": 0.2347597847924956,
  "nDCG@5_ci95_high": 0.2729844293368081,
  "nDCG@10": 0.28772978503246216,
  "nDCG@10_std": 0.3652578538257607,
  "nDCG@10_stderr": 0.009481621454437874,
  "nDCG@10_ci90_low": 0.2721241571874062,
  "nDCG@10_ci90_high": 0.30333541287751814,
  "nDCG@10_ci95_low": 0.26913096907725614,
  "nDCG@10_ci95_high": 0.3063286009876682,
  "nDCG@100": 0.349111450190668,
  "nDCG@100_std": 0.32936982374228857,
  "nDCG@100_stderr": 0.008550014611674997,
  "nDCG@100_ci90_low": 0.3350391370593376,
  "nDCG@100_ci90_high": 0.3631837633219985,
  "nDCG@100_ci95_low": 0.3323400415301339,
  "nDCG@100_ci95_high": 0.36588285885120214,
  "RR@1": 0.15296495956873316,
  "RR@3": 0.20911949685534595,
  "RR@5": 0.22478661275831063,
  "RR@10": 0.23920495871304479,
  "RR@100": 0.250970798611449,
  "P@1": 0.15296495956873316,
  "P@3": 0.095238095238095,
  "P@5": 0.07156334231805994,
  "P@10": 0.04669811320754741,
  "P@100": 0.007783018867924396,
  "R@1": 0.1501572327044025,
  "R@3": 0.27908805031446543,
  "R@5": 0.34714734950584014,
  "R@10": 0.4506401617250674,
  "R@100": 0.7410714285714286,
  "AP": 0.24777609199496994
}