nDCG@1,nDCG@1_std,nDCG@1_stderr,nDCG@1_ci90_low,nDCG@1_ci90_high,nDCG@1_ci95_low,nDCG@1_ci95_high,nDCG@3,nDCG@3_std,nDCG@3_stderr,nDCG@3_ci90_low,nDCG@3_ci90_high,nDCG@3_ci95_low,nDCG@3_ci95_high,nDCG@5,nDCG@5_std,nDCG@5_stderr,nDCG@5_ci90_low,nDCG@5_ci90_high,nDCG@5_ci95_low,nDCG@5_ci95_high,nDCG@10,nDCG@10_std,nDCG@10_stderr,nDCG@10_ci90_low,nDCG@10_ci90_high,nDCG@10_ci95_low,nDCG@10_ci95_high,nDCG@100,nDCG@100_std,nDCG@100_stderr,nDCG@100_ci90_low,nDCG@100_ci90_high,nDCG@100_ci95_low,nDCG@100_ci95_high,RR@1,RR@3,RR@5,RR@10,RR@100,P@1,P@3,P@5,P@10,P@100,R@1,R@3,R@5,R@10,R@100,AP
0.15296495956873316,0.36007505977253396,0.009347082824332333,0.1375807664015221,0.16834915273594422,0.13463004986966937,0.17129986926779694,0.22551545578851126,0.37747223201426094,0.00979869091392155,0.20938796910216825,0.24164294247485427,0.20629468750687133,0.2447362240701512,0.25387210706465185,0.3753424858640017,0.009743405458511639,0.23783561370118272,0.269908600428121,0.2347597847924956,0.2729844293368081,0.28772978503246216,0.3652578538257607,0.009481621454437874,0.2721241571874062,0.30333541287751814,0.26913096907725614,0.3063286009876682,0.349111450190668,0.32936982374228857,0.008550014611674997,0.3350391370593376,0.3631837633219985,0.3323400415301339,0.36588285885120214,0.15296495956873316,0.20911949685534595,0.22478661275831063,0.23920495871304479,0.250970798611449,0.15296495956873316,0.095238095238095,0.07156334231805994,0.04669811320754741,0.007783018867924396,0.1501572327044025,0.27908805031446543,0.34714734950584014,0.4506401617250674,0.7410714285714286,0.24777609199496994
