nDCG@1,nDCG@1_std,nDCG@1_stderr,nDCG@1_ci90_low,nDCG@1_ci90_high,nDCG@1_ci95_low,nDCG@1_ci95_high,nDCG@3,nDCG@3_std,nDCG@3_stderr,nDCG@3_ci90_low,nDCG@3_ci90_high,nDCG@3_ci95_low,nDCG@3_ci95_high,nDCG@5,nDCG@5_std,nDCG@5_stderr,nDCG@5_ci90_low,nDCG@5_ci90_high,nDCG@5_ci95_low,nDCG@5_ci95_high,nDCG@10,nDCG@10_std,nDCG@10_stderr,nDCG@10_ci90_low,nDCG@10_ci90_high,nDCG@10_ci95_low,nDCG@10_ci95_high,nDCG@100,nDCG@100_std,nDCG@100_stderr,nDCG@100_ci90_low,nDCG@100_ci90_high,nDCG@100_ci95_low,nDCG@100_ci95_high,RR@1,RR@3,RR@5,RR@10,RR@100,P@1,P@3,P@5,P@10,P@100,R@1,R@3,R@5,R@10,R@100,AP
0.15700808625336926,0.3639310323307161,0.00944717888456058,0.1414591468059798,0.17255702570075873,0.13847683163471844,0.17553934087202008,0.23782314463359785,0.3812782280116141,0.009897489647271232,0.22153304691372783,0.2541132423534679,0.21840857622325544,0.2572377130439403,0.2680514523745259,0.3780686640086443,0.009814173517060197,0.25189848315401764,0.2842044215950341,0.24880031396182062,0.28730259078723114,0.30152688546438217,0.36689635994757835,0.009524154954087862,0.28585125250789295,0.3172025184208714,0.28284463728867226,0.32020913364009207,0.36461681356831444,0.3277385367023244,0.008507668510052637,0.3506141971134209,0.37861943002320797,0.3479284695348886,0.3813051576017403,0.15700808625336926,0.22023809523809523,0.23721922731356654,0.2511062443845459,0.26295477859389116,0.15700808625336926,0.1015274034141958,0.0761455525606476,0.04878706199460928,0.008113207547169671,0.15352650494159928,0.29627133872416894,0.36871069182389943,0.47141734052111406,0.771170260557053,0.2591579769967667
