{
  "nDCG@1": 0.15296495956873316,
  "nDCG@1_std": 0.36007505977253396,
  "nDCG@1_stderr": 0.009347082824332333,
  "nDCG@1_ci90_low": 0.1375807664015221,
  "nDCG@1_ci90_high": 0.16834915273594422,
  "nDCG@1_ci95_low": 0.13463004986966937,
  "nDCG@1_ci95_high": 0.17129986926779694,
  "nDCG@3": 0.22747891443510715,
  "nDCG@3_std": 0.37636935605305577,
  "nDCG@3_stderr": 0.009770061680447669,
  "nDCG@3_ci90_low": 0.21139854808205624,
  "nDCG@3_ci90_high": 0.24355928078815806,
  "nDCG@3_ci95_low": 0.20831430425331102,
  "nDCG@3_ci95_high": 0.24664352461690328,
  "nDCG@5": 0.257830513973999,
  "nDCG@5_std": 0.37400718263852345,
  "nDCG@5_stderr": 0.009708742713882704,
  "nDCG@5_ci90_low": 0.24185107138980494,
  "nDCG@5_ci90_high": 0.273809956558193,
  "nDCG@5_ci95_low": 0.23878618492546527,
  "nDCG@5_ci95_high": 0.2768748430225327,
  "nDCG@10": 0.29047359577565074,
  "nDCG@10_std": 0.3643419734753528,
  "nDCG@10_stderr": 0.009457846385156904,
  "nDCG@10_ci90_low": 0.27490709888356224,
  "nDCG@10_ci90_high": 0.30604009266773924,
  "nDCG@10_ci95_low": 0.27192141616212995,
  "nDCG@10_ci95_high": 0.30902577538917153,
  "nDCG@100": 0.351624210298271,
  "nDCG@100_std": 0.3281424855344643,
  "nDCG@100_stderr": 0.008518154499260524,
  "nDCG@100_ci90_low": 0.3376043351449627,
  "nDCG@100_ci90_high": 0.36564408545157934,
  "nDCG@100_ci95_low": 0.33491529731634595,
  "nDCG@100_ci95_high": 0.3683331232801961,
  "RR@1": 0.1522911051212938,
  "RR@3": 0.21114106019766393,
  "RR@5": 0.22812219227313538,
  "RR@10": 0.24174367860351667,
  "RR@100": 0.25291028911267593,
  "P@1": 0.15296495956873316,
  "P@3": 0.09703504043126668,
  "P@5": 0.07331536388140229,
  "P@10": 0.04716981132075493,
  "P@100": 0.007877358490565901,
  "R@1": 0.14897798742138366,
  "R@3": 0.2829627133872417,
  "R@5": 0.35528975741239893,
  "R@10": 0.45412174303683744,
  "R@100": 0.7485961365678345,
  "AP": 0.24913012764241174
}