nDCG@1,nDCG@1_std,nDCG@1_stderr,nDCG@1_ci90_low,nDCG@1_ci90_high,nDCG@1_ci95_low,nDCG@1_ci95_high,nDCG@3,nDCG@3_std,nDCG@3_stderr,nDCG@3_ci90_low,nDCG@3_ci90_high,nDCG@3_ci95_low,nDCG@3_ci95_high,nDCG@5,nDCG@5_std,nDCG@5_stderr,nDCG@5_ci90_low,nDCG@5_ci90_high,nDCG@5_ci95_low,nDCG@5_ci95_high,nDCG@10,nDCG@10_std,nDCG@10_stderr,nDCG@10_ci90_low,nDCG@10_ci90_high,nDCG@10_ci95_low,nDCG@10_ci95_high,nDCG@100,nDCG@100_std,nDCG@100_stderr,nDCG@100_ci90_low,nDCG@100_ci90_high,nDCG@100_ci95_low,nDCG@100_ci95_high,RR@1,RR@3,RR@5,RR@10,RR@100,P@1,P@3,P@5,P@10,P@100,R@1,R@3,R@5,R@10,R@100,AP
0.1610512129380054,0.3677020915414396,0.009545070704117205,0.14534115512996243,0.17676127074604836,0.1423279371609269,0.1797744887150839,0.24400165096727988,0.38410649326158064,0.00997090775503276,0.2275907157226974,0.26041258621186236,0.22444306817283685,0.2635602337617229,0.2745332533249918,0.38028613784324294,0.009871736269687044,0.2582855426196491,0.2907809640303345,0.25516920183648756,0.293897304813496,0.30762760757402624,0.3692116245140383,0.00958425622762959,0.29185305502742126,0.3234021601206312,0.28882746684896204,0.32642774829909044,0.3715842391269425,0.3285453843486269,0.008528613231359831,0.3575471501371973,0.3856213281166877,0.354854810663106,0.388313667590779,0.16172506738544473,0.22607816711590284,0.24322776280323408,0.2573233538698495,0.2691835167893443,0.1610512129380054,0.10422282120395329,0.07789757412398995,0.0494609164420486,0.008227762803234359,0.1575696316262354,0.3041891284815813,0.3771900269541779,0.4778189577717879,0.7811096136567833,0.26517680573178337
