{
  "nDCG@1": 0.16037735849056603,
  "nDCG@1_std": 0.3670793666436996,
  "nDCG@1_stderr": 0.009528905571215118,
  "nDCG@1_ci90_low": 0.14469390657997933,
  "nDCG@1_ci90_high": 0.17606081040115273,
  "nDCG@1_ci95_low": 0.14168579167098833,
  "nDCG@1_ci95_high": 0.17906892531014373,
  "nDCG@3": 0.23962393036491592,
  "nDCG@3_std": 0.38327374539393416,
  "nDCG@3_stderr": 0.009949290697479274,
  "nDCG@3_ci90_low": 0.2232485742411522,
  "nDCG@3_ci90_high": 0.25599928648867964,
  "nDCG@3_ci95_low": 0.22010775083207348,
  "nDCG@3_ci95_high": 0.2591401098977584,
  "nDCG@5": 0.2740910902566891,
  "nDCG@5_std": 0.37907521370111497,
  "nDCG@5_stderr": 0.009840302245187808,
  "nDCG@5_ci90_low": 0.257895116239039,
  "nDCG@5_ci90_high": 0.2902870642743392,
  "nDCG@5_ci95_low": 0.2547886986476899,
  "nDCG@5_ci95_high": 0.2933934818656883,
  "nDCG@10": 0.30630206532004295,
  "nDCG@10_std": 0.3684978731721318,
  "nDCG@10_stderr": 0.009565728165972133,
  "nDCG@10_ci90_low": 0.29055800777224233,
  "nDCG@10_ci90_high": 0.32204612286784357,
  "nDCG@10_ci95_low": 0.287538268590616,
  "nDCG@10_ci95_high": 0.3250658620494699,
  "nDCG@100": 0.3684212231502263,
  "nDCG@100_std": 0.329211223530572,
  "nDCG@100_stderr": 0.008545897555315114,
  "nDCG@100_ci90_low": 0.35435568620687996,
  "nDCG@100_ci90_high": 0.38248676009357263,
  "nDCG@100_ci95_low": 0.35165789036298906,
  "nDCG@100_ci95_high": 0.38518455593746354,
  "RR@1": 0.16037735849056603,
  "RR@3": 0.22259658580413286,
  "RR@5": 0.2421720575022458,
  "RR@10": 0.255615988533778,
  "RR@100": 0.2669555751809643,
  "P@1": 0.16037735849056603,
  "P@3": 0.10175202156334226,
  "P@5": 0.07830188679245358,
  "P@10": 0.049393530997304674,
  "P@100": 0.008140161725067246,
  "R@1": 0.15672731356693623,
  "R@3": 0.29677672955974843,
  "R@5": 0.3788746630727763,
  "R@10": 0.47669586702605576,
  "R@100": 0.77420260557053,
  "AP": 0.263134304873243
}