{
  "nDCG@1": 0.15700808625336926,
  "nDCG@1_std": 0.3639310323307161,
  "nDCG@1_stderr": 0.00944717888456058,
  "nDCG@1_ci90_low": 0.1414591468059798,
  "nDCG@1_ci90_high": 0.17255702570075873,
  "nDCG@1_ci95_low": 0.13847683163471844,
  "nDCG@1_ci95_high": 0.17553934087202008,
  "nDCG@3": 0.23782314463359785,
  "nDCG@3_std": 0.3812782280116141,
  "nDCG@3_stderr": 0.009897489647271232,
  "nDCG@3_ci90_low": 0.22153304691372783,
  "nDCG@3_ci90_high": 0.2541132423534679,
  "nDCG@3_ci95_low": 0.21840857622325544,
  "nDCG@3_ci95_high": 0.2572377130439403,
  "nDCG@5": 0.2680514523745259,
  "nDCG@5_std": 0.3780686640086443,
  "nDCG@5_stderr": 0.009814173517060197,
  "nDCG@5_ci90_low": 0.25189848315401764,
  "nDCG@5_ci90_high": 0.2842044215950341,
  "nDCG@5_ci95_low": 0.24880031396182062,
  "nDCG@5_ci95_high": 0.28730259078723114,
  "nDCG@10": 0.30152688546438217,
  "nDCG@10_std": 0.36689635994757835,
  "nDCG@10_stderr": 0.009524154954087862,
  "nDCG@10_ci90_low": 0.28585125250789295,
  "nDCG@10_ci90_high": 0.3172025184208714,
  "nDCG@10_ci95_low": 0.28284463728867226,
  "nDCG@10_ci95_high": 0.32020913364009207,
  "nDCG@100": 0.36461681356831444,
  "nDCG@100_std": 0.3277385367023244,
  "nDCG@100_stderr": 0.008507668510052637,
  "nDCG@100_ci90_low": 0.3506141971134209,
  "nDCG@100_ci90_high": 0.37861943002320797,
  "nDCG@100_ci95_low": 0.3479284695348886,
  "nDCG@100_ci95_high": 0.3813051576017403,
  "RR@1": 0.15700808625336926,
  "RR@3": 0.22023809523809523,
  "RR@5": 0.23721922731356654,
  "RR@10": 0.2511062443845459,
  "RR@100": 0.26295477859389116,
  "P@1": 0.15700808625336926,
  "P@3": 0.1015274034141958,
  "P@5": 0.0761455525606476,
  "P@10": 0.04878706199460928,
  "P@100": 0.008113207547169671,
  "R@1": 0.15352650494159928,
  "R@3": 0.29627133872416894,
  "R@5": 0.36871069182389943,
  "R@10": 0.47141734052111406,
  "R@100": 0.771170260557053,
  "AP": 0.2591579769967667
}