{
  "nDCG@1": 0.14353099730458221,
  "nDCG@1_std": 0.3507317248284827,
  "nDCG@1_stderr": 0.009104541934017142,
  "nDCG@1_ci90_low": 0.1285459977657664,
  "nDCG@1_ci90_high": 0.15851599684339804,
  "nDCG@1_ci95_low": 0.12567184730571956,
  "nDCG@1_ci95_high": 0.16139014730344486,
  "nDCG@3": 0.21725458276437967,
  "nDCG@3_std": 0.3710946815037864,
  "nDCG@3_stderr": 0.009633137951504696,
  "nDCG@3_ci90_low": 0.20139957667985553,
  "nDCG@3_ci90_high": 0.23310958884890381,
  "nDCG@3_ci95_low": 0.19835855736491725,
  "nDCG@3_ci95_high": 0.2361506081638421,
  "nDCG@5": 0.2441594796439348,
  "nDCG@5_std": 0.3696458654420714,
  "nDCG@5_stderr": 0.00959552856046654,
  "nDCG@5_ci90_low": 0.2283663741702757,
  "nDCG@5_ci90_high": 0.25995258511759395,
  "nDCG@5_ci95_low": 0.22533722750629973,
  "nDCG@5_ci95_high": 0.2629817317815699,
  "nDCG@10": 0.2753532596787433,
  "nDCG@10_std": 0.36143091959173185,
  "nDCG@10_stderr": 0.00938227919154597,
  "nDCG@10_ci90_low": 0.2599111374525761,
  "nDCG@10_ci90_high": 0.2907953819049105,
  "nDCG@10_ci95_low": 0.2569493100207185,
  "nDCG@10_ci95_high": 0.2937572093367681,
  "nDCG@100": 0.3378480913182744,
  "nDCG@100_std": 0.3264332562973159,
  "nDCG@100_stderr": 0.008473785119011059,
  "nDCG@100_ci90_low": 0.32390124291879885,
  "nDCG@100_ci90_high": 0.35179493971775,
  "nDCG@100_ci95_low": 0.32122621175582,
  "nDCG@100_ci95_high": 0.35446997088072885,
  "RR@1": 0.14285714285714285,
  "RR@3": 0.20058400718778077,
  "RR@5": 0.21554357592093426,
  "RR@10": 0.22859709921704516,
  "RR@100": 0.24088640473056994,
  "P@1": 0.14353099730458221,
  "P@3": 0.09231805929919105,
  "P@5": 0.0688679245283025,
  "P@10": 0.04454177897574159,
  "P@100": 0.007607816711590168,
  "R@1": 0.14072327044025157,
  "R@3": 0.2706648697214735,
  "R@5": 0.33501796945193174,
  "R@10": 0.430256064690027,
  "R@100": 0.7254043126684636,
  "AP": 0.23795846143192154
}