{
  "nDCG@1": 0.1610512129380054,
  "nDCG@1_std": 0.3677020915414396,
  "nDCG@1_stderr": 0.009545070704117205,
  "nDCG@1_ci90_low": 0.14534115512996243,
  "nDCG@1_ci90_high": 0.17676127074604836,
  "nDCG@1_ci95_low": 0.1423279371609269,
  "nDCG@1_ci95_high": 0.1797744887150839,
  "nDCG@3": 0.24400165096727988,
  "nDCG@3_std": 0.38410649326158064,
  "nDCG@3_stderr": 0.00997090775503276,
  "nDCG@3_ci90_low": 0.2275907157226974,
  "nDCG@3_ci90_high": 0.26041258621186236,
  "nDCG@3_ci95_low": 0.22444306817283685,
  "nDCG@3_ci95_high": 0.2635602337617229,
  "nDCG@5": 0.2745332533249918,
  "nDCG@5_std": 0.38028613784324294,
  "nDCG@5_stderr": 0.009871736269687044,
  "nDCG@5_ci90_low": 0.2582855426196491,
  "nDCG@5_ci90_high": 0.2907809640303345,
  "nDCG@5_ci95_low": 0.25516920183648756,
  "nDCG@5_ci95_high": 0.293897304813496,
  "nDCG@10": 0.30762760757402624,
  "nDCG@10_std": 0.3692116245140383,
  "nDCG@10_stderr": 0.00958425622762959,
  "nDCG@10_ci90_low": 0.29185305502742126,
  "nDCG@10_ci90_high": 0.3234021601206312,
  "nDCG@10_ci95_low": 0.28882746684896204,
  "nDCG@10_ci95_high": 0.32642774829909044,
  "nDCG@100": 0.3715842391269425,
  "nDCG@100_std": 0.3285453843486269,
  "nDCG@100_stderr": 0.008528613231359831,
  "nDCG@100_ci90_low": 0.3575471501371973,
  "nDCG@100_ci90_high": 0.3856213281166877,
  "nDCG@100_ci95_low": 0.354854810663106,
  "nDCG@100_ci95_high": 0.388313667590779,
  "RR@1": 0.16172506738544473,
  "RR@3": 0.22607816711590284,
  "RR@5": 0.24322776280323408,
  "RR@10": 0.2573233538698495,
  "RR@100": 0.2691835167893443,
  "P@1": 0.1610512129380054,
  "P@3": 0.10422282120395329,
  "P@5": 0.07789757412398995,
  "P@10": 0.0494609164420486,
  "P@100": 0.008227762803234359,
  "R@1": 0.1575696316262354,
  "R@3": 0.3041891284815813,
  "R@5": 0.3771900269541779,
  "R@10": 0.4778189577717879,
  "R@100": 0.7811096136567833,
  "AP": 0.26517680573178337
}