nDCG@1,nDCG@1_std,nDCG@1_stderr,nDCG@1_ci90_low,nDCG@1_ci90_high,nDCG@1_ci95_low,nDCG@1_ci95_high,nDCG@3,nDCG@3_std,nDCG@3_stderr,nDCG@3_ci90_low,nDCG@3_ci90_high,nDCG@3_ci95_low,nDCG@3_ci95_high,nDCG@5,nDCG@5_std,nDCG@5_stderr,nDCG@5_ci90_low,nDCG@5_ci90_high,nDCG@5_ci95_low,nDCG@5_ci95_high,nDCG@10,nDCG@10_std,nDCG@10_stderr,nDCG@10_ci90_low,nDCG@10_ci90_high,nDCG@10_ci95_low,nDCG@10_ci95_high,nDCG@100,nDCG@100_std,nDCG@100_stderr,nDCG@100_ci90_low,nDCG@100_ci90_high,nDCG@100_ci95_low,nDCG@100_ci95_high,RR@1,RR@3,RR@5,RR@10,RR@100,P@1,P@3,P@5,P@10,P@100,R@1,R@3,R@5,R@10,R@100,AP
0.7587601078167115,0.4279797124324916,0.011109799778322707,0.7404746909598257,0.7770455246735974,0.7369675143906684,0.7805527012427547,0.8251079476746431,0.33583364268549426,0.008717806991024455,0.8107594681260024,0.8394564272232838,0.8080074033702529,0.8422084919790334,0.8415715445655024,0.3045694417026556,0.007906228771172818,0.828558826808979,0.8545842623220259,0.826062963620629,0.8570801255103758,0.8566628269097071,0.2714792189067152,0.0070472493868615205,0.8450638876574776,0.8682617661619365,0.8428391897853492,0.8704864640340649,0.8654658032948133,0.24719391778489955,0.006416834380771235,0.8549044526048628,0.8760271539847637,0.8528787661264877,0.8780528404631388,0.7594339622641509,0.8136792452830186,0.8226752021563345,0.8281002652633381,0.8300597123675975,0.7587601078167115,0.3066037735849007,0.1925876010781626,0.1014150943396201,0.01057277628032326,0.7365790655884996,0.8717991913746631,0.9114442946990117,0.9566486972147349,0.9943845462713387,0.8245791074660379
