{
  "nDCG@1": 0.6792452830188679,
  "nDCG@1_std": 0.4669240205236787,
  "nDCG@1_stderr": 0.012120743645122582,
  "nDCG@1_ci90_low": 0.6592959720871836,
  "nDCG@1_ci90_high": 0.6991945939505522,
  "nDCG@1_ci95_low": 0.6554696575755684,
  "nDCG@1_ci95_high": 0.7030209084621674,
  "nDCG@3": 0.747302284542158,
  "nDCG@3_std": 0.3931434698451541,
  "nDCG@3_stderr": 0.010205495978559192,
  "nDCG@3_ci90_low": 0.730505244818423,
  "nDCG@3_ci90_high": 0.7640993242658929,
  "nDCG@3_ci95_low": 0.7272835417196446,
  "nDCG@3_ci95_high": 0.7673210273646713,
  "nDCG@5": 0.7671118741711065,
  "nDCG@5_std": 0.36609421606806397,
  "nDCG@5_stderr": 0.009503332336482555,
  "nDCG@5_ci90_low": 0.7514705127812127,
  "nDCG@5_ci90_high": 0.7827532355610003,
  "nDCG@5_ci95_low": 0.74847047091147,
  "nDCG@5_ci95_high": 0.785753277430743,
  "nDCG@10": 0.7867932267220495,
  "nDCG@10_std": 0.3337572765245729,
  "nDCG@10_stderr": 0.008663907211095143,
  "nDCG@10_ci90_low": 0.7725334598382784,
  "nDCG@10_ci90_high": 0.8010529936058207,
  "nDCG@10_ci95_low": 0.7697984103347406,
  "nDCG@10_ci95_high": 0.8037880431093585,
  "nDCG@100": 0.8042683274502604,
  "nDCG@100_std": 0.2976348408828615,
  "nDCG@100_stderr": 0.007726215503224615,
  "nDCG@100_ci90_low": 0.7915518902487318,
  "nDCG@100_ci90_high": 0.816984764651789,
  "nDCG@100_ci95_low": 0.7891128542155137,
  "nDCG@100_ci95_high": 0.8194238006850072,
  "RR@1": 0.6785714285714286,
  "RR@3": 0.7366352201257864,
  "RR@5": 0.7467767295597492,
  "RR@10": 0.7543067856073251,
  "RR@100": 0.7576944677815276,
  "P@1": 0.6792452830188679,
  "P@3": 0.27897574123988833,
  "P@5": 0.1780323450134732,
  "P@10": 0.09561994609164198,
  "P@100": 0.010438005390835394,
  "R@1": 0.6589173405211141,
  "R@3": 0.7962713387241688,
  "R@5": 0.8440588499550763,
  "R@10": 0.9035265049415993,
  "R@100": 0.9819182389937106,
  "AP": 0.7508548401431205
}