nDCG@1,nDCG@1_std,nDCG@1_stderr,nDCG@1_ci90_low,nDCG@1_ci90_high,nDCG@1_ci95_low,nDCG@1_ci95_high,nDCG@3,nDCG@3_std,nDCG@3_stderr,nDCG@3_ci90_low,nDCG@3_ci90_high,nDCG@3_ci95_low,nDCG@3_ci95_high,nDCG@5,nDCG@5_std,nDCG@5_stderr,nDCG@5_ci90_low,nDCG@5_ci90_high,nDCG@5_ci95_low,nDCG@5_ci95_high,nDCG@10,nDCG@10_std,nDCG@10_stderr,nDCG@10_ci90_low,nDCG@10_ci90_high,nDCG@10_ci95_low,nDCG@10_ci95_high,nDCG@100,nDCG@100_std,nDCG@100_stderr,nDCG@100_ci90_low,nDCG@100_ci90_high,nDCG@100_ci95_low,nDCG@100_ci95_high,RR@1,RR@3,RR@5,RR@10,RR@100,P@1,P@3,P@5,P@10,P@100,R@1,R@3,R@5,R@10,R@100,AP
0.7345013477088949,0.4417472289596503,0.01146718670022174,0.7156277142345615,0.7533749811832282,0.7120077166367973,0.7569949787809924,0.8008304922998046,0.3561401327074045,0.009244937207224871,0.7856144187410637,0.8160465658585455,0.7826959478591876,0.8189650367404216,0.8198006922469451,0.32487464531290783,0.008433325593790458,0.8059204354422104,0.8336809490516798,0.8032581766695251,0.836343207824365,0.8354679340023285,0.2928675652207184,0.00760246319311287,0.8229551784712663,0.8479806895333908,0.820555208956893,0.850380659047764,0.8478171412667076,0.2620121635806022,0.006801496875450107,0.8366226815914687,0.8590116009419465,0.8344755636458042,0.861158718887611,0.7345013477088949,0.7899820305480686,0.7997529200359393,0.8057785692893512,0.8085819503925215,0.7345013477088949,0.2980682839173361,0.18881401617250243,0.09966307277627788,0.010545822102425688,0.7123203054806829,0.8483265947888589,0.8933063791554356,0.9401392632524707,0.9921945193171607,0.8025370462883531
