{
  "nDCG@1": 0.6954177897574124,
  "nDCG@1_std": 0.46038539732821854,
  "nDCG@1_stderr": 0.011951009444137722,
  "nDCG@1_ci90_low": 0.6757478412518569,
  "nDCG@1_ci90_high": 0.7150877382629679,
  "nDCG@1_ci95_low": 0.6719751089671547,
  "nDCG@1_ci95_high": 0.7188604705476701,
  "nDCG@3": 0.7673374805253191,
  "nDCG@3_std": 0.3775021905649611,
  "nDCG@3_stderr": 0.009799468599148814,
  "nDCG@3_ci90_low": 0.7512087138610424,
  "nDCG@3_ci90_high": 0.7834662471895959,
  "nDCG@3_ci95_low": 0.7481151867636248,
  "nDCG@3_ci95_high": 0.7865597742870135,
  "nDCG@5": 0.7836466353044788,
  "nDCG@5_std": 0.3543917523038456,
  "nDCG@5_stderr": 0.00919955151333419,
  "nDCG@5_ci90_low": 0.7685052612316593,
  "nDCG@5_ci90_high": 0.7987880093772982,
  "nDCG@5_ci95_low": 0.7656011178485107,
  "nDCG@5_ci95_high": 0.8016921527604468,
  "nDCG@10": 0.8026881612523146,
  "nDCG@10_std": 0.3205804319397882,
  "nDCG@10_stderr": 0.008321853368834746,
  "nDCG@10_ci90_low": 0.7889913745498276,
  "nDCG@10_ci90_high": 0.8163849479548015,
  "nDCG@10_ci95_low": 0.7863643056800458,
  "nDCG@10_ci95_high": 0.8190120168245834,
  "nDCG@100": 0.8188491300994785,
  "nDCG@100_std": 0.28522182614400415,
  "nDCG@100_stderr": 0.007403989695813645,
  "nDCG@100_ci90_low": 0.8066630384782594,
  "nDCG@100_ci90_high": 0.8310352217206975,
  "nDCG@100_ci95_low": 0.8043257237023346,
  "nDCG@100_ci95_high": 0.8333725364966224,
  "RR@1": 0.6954177897574124,
  "RR@3": 0.7556154537286613,
  "RR@5": 0.7636680143755621,
  "RR@10": 0.7710961900483467,
  "RR@100": 0.7742339048134287,
  "P@1": 0.6954177897574124,
  "P@3": 0.28751123090745306,
  "P@5": 0.18140161725066986,
  "P@10": 0.09690026954177669,
  "P@100": 0.010505390835579326,
  "R@1": 0.6744159928122192,
  "R@3": 0.8195193171608265,
  "R@5": 0.8587151841868822,
  "R@10": 0.9159928122192272,
  "R@100": 0.9879829290206648,
  "AP": 0.7674741717162354
}