nDCG@1,nDCG@1_std,nDCG@1_stderr,nDCG@1_ci90_low,nDCG@1_ci90_high,nDCG@1_ci95_low,nDCG@1_ci95_high,nDCG@3,nDCG@3_std,nDCG@3_stderr,nDCG@3_ci90_low,nDCG@3_ci90_high,nDCG@3_ci95_low,nDCG@3_ci95_high,nDCG@5,nDCG@5_std,nDCG@5_stderr,nDCG@5_ci90_low,nDCG@5_ci90_high,nDCG@5_ci95_low,nDCG@5_ci95_high,nDCG@10,nDCG@10_std,nDCG@10_stderr,nDCG@10_ci90_low,nDCG@10_ci90_high,nDCG@10_ci95_low,nDCG@10_ci95_high,nDCG@100,nDCG@100_std,nDCG@100_stderr,nDCG@100_ci90_low,nDCG@100_ci90_high,nDCG@100_ci95_low,nDCG@100_ci95_high,RR@1,RR@3,RR@5,RR@10,RR@100,P@1,P@3,P@5,P@10,P@100,R@1,R@3,R@5,R@10,R@100,AP
0.6954177897574124,0.46038539732821854,0.011951009444137722,0.6757478412518569,0.7150877382629679,0.6719751089671547,0.7188604705476701,0.7673374805253191,0.3775021905649611,0.009799468599148814,0.7512087138610424,0.7834662471895959,0.7481151867636248,0.7865597742870135,0.7836466353044788,0.3543917523038456,0.00919955151333419,0.7685052612316593,0.7987880093772982,0.7656011178485107,0.8016921527604468,0.8026881612523146,0.3205804319397882,0.008321853368834746,0.7889913745498276,0.8163849479548015,0.7863643056800458,0.8190120168245834,0.8188491300994785,0.28522182614400415,0.007403989695813645,0.8066630384782594,0.8310352217206975,0.8043257237023346,0.8333725364966224,0.6954177897574124,0.7556154537286613,0.7636680143755621,0.7710961900483467,0.7742339048134287,0.6954177897574124,0.28751123090745306,0.18140161725066986,0.09690026954177669,0.010505390835579326,0.6744159928122192,0.8195193171608265,0.8587151841868822,0.9159928122192272,0.9879829290206648,0.7674741717162354
