{
  "nDCG@1": 0.7365229110512129,
  "nDCG@1_std": 0.4406674106831389,
  "nDCG@1_stderr": 0.011439156014419298,
  "nDCG@1_ci90_low": 0.7176954127714743,
  "nDCG@1_ci90_high": 0.7553504093309515,
  "nDCG@1_ci95_low": 0.7140842639888487,
  "nDCG@1_ci95_high": 0.7589615581135771,
  "nDCG@3": 0.8077133807256406,
  "nDCG@3_std": 0.34814031594843853,
  "nDCG@3_stderr": 0.00903727231126464,
  "nDCG@3_ci90_low": 0.7928390990321846,
  "nDCG@3_ci90_high": 0.8225876624190965,
  "nDCG@3_ci95_low": 0.7899861844584221,
  "nDCG@3_ci95_high": 0.8254405769928591,
  "nDCG@5": 0.8244251796750715,
  "nDCG@5_std": 0.3192092894099087,
  "nDCG@5_stderr": 0.00828626028221874,
  "nDCG@5_ci90_low": 0.8107869749847704,
  "nDCG@5_ci90_high": 0.8380633843653725,
  "nDCG@5_ci95_low": 0.8081711422526234,
  "nDCG@5_ci95_high": 0.8406792170975195,
  "nDCG@10": 0.8396219179582947,
  "nDCG@10_std": 0.2879902280705108,
  "nDCG@10_stderr": 0.00747585382912642,
  "nDCG@10_ci90_low": 0.82731754647057,
  "nDCG@10_ci90_high": 0.8519262894460193,
  "nDCG@10_ci95_low": 0.8249575453988032,
  "nDCG@10_ci95_high": 0.8542862905177862,
  "nDCG@100": 0.8510494006025474,
  "nDCG@100_std": 0.2589330454998626,
  "nDCG@100_stderr": 0.006721566952659139,
  "nDCG@100_ci90_low": 0.8399864961296284,
  "nDCG@100_ci90_high": 0.8621123050754664,
  "nDCG@100_ci95_low": 0.8378646107136208,
  "nDCG@100_ci95_high": 0.864234190491474,
  "RR@1": 0.7365229110512129,
  "RR@3": 0.7951482479784369,
  "RR@5": 0.8039083557951485,
  "RR@10": 0.8096941449535789,
  "RR@100": 0.8121276538119712,
  "P@1": 0.7365229110512129,
  "P@3": 0.30166217430367903,
  "P@5": 0.18989218328840535,
  "P@10": 0.09999999999999754,
  "P@100": 0.010559299191374475,
  "R@1": 0.7148472596585805,
  "R@3": 0.8584905660377359,
  "R@5": 0.8983041329739443,
  "R@10": 0.9438454627133871,
  "R@100": 0.9930368373764599,
  "AP": 0.8065666367651402
}