nDCG@1,nDCG@1_std,nDCG@1_stderr,nDCG@1_ci90_low,nDCG@1_ci90_high,nDCG@1_ci95_low,nDCG@1_ci95_high,nDCG@3,nDCG@3_std,nDCG@3_stderr,nDCG@3_ci90_low,nDCG@3_ci90_high,nDCG@3_ci95_low,nDCG@3_ci95_high,nDCG@5,nDCG@5_std,nDCG@5_stderr,nDCG@5_ci90_low,nDCG@5_ci90_high,nDCG@5_ci95_low,nDCG@5_ci95_high,nDCG@10,nDCG@10_std,nDCG@10_stderr,nDCG@10_ci90_low,nDCG@10_ci90_high,nDCG@10_ci95_low,nDCG@10_ci95_high,nDCG@100,nDCG@100_std,nDCG@100_stderr,nDCG@100_ci90_low,nDCG@100_ci90_high,nDCG@100_ci95_low,nDCG@100_ci95_high,RR@1,RR@3,RR@5,RR@10,RR@100,P@1,P@3,P@5,P@10,P@100,R@1,R@3,R@5,R@10,R@100,AP
0.7243935309973046,0.4469699848407593,0.01160276268769178,0.7052967554775574,0.7434903065170518,0.7016339588252574,0.7471531031693519,0.7948820139496001,0.35769897559315733,0.009285402752304436,0.7795993388881423,0.810164689011058,0.7766680937156044,0.8130959341835958,0.8146946255964885,0.32597490772427284,0.008461886982890899,0.8007673601222788,0.8286218910706983,0.7980960850003673,0.8312931661926097,0.8320180958631694,0.29058239876375513,0.007543143227564257,0.819602973981645,0.8444332177446938,0.8172217307807434,0.8468144609455954,0.8431903780114038,0.2630507195517856,0.006828456445175621,0.8319515460719883,0.8544292099508194,0.8297959174444806,0.8565848385783271,0.7243935309973046,0.7839173405211145,0.7938230008984732,0.8005463034270313,0.8029560830824679,0.7243935309973046,0.296046720575018,0.18827493261455092,0.10006738544474146,0.010539083557951294,0.7022124887690926,0.8452942497753817,0.8924640610961365,0.9441262353998202,0.9915206648697213,0.7961569883152101
