{
  "nDCG@1": 0.7035040431266847,
  "nDCG@1_std": 0.456866234125312,
  "nDCG@1_stderr": 0.011859656519137335,
  "nDCG@1_ci90_low": 0.6839844507344759,
  "nDCG@1_ci90_high": 0.7230236355188935,
  "nDCG@1_ci95_low": 0.680240557028729,
  "nDCG@1_ci95_high": 0.7267675292246404,
  "nDCG@3": 0.774568713636698,
  "nDCG@3_std": 0.3731879782589572,
  "nDCG@3_stderr": 0.009687477227762397,
  "nDCG@3_ci90_low": 0.758624271528312,
  "nDCG@3_ci90_high": 0.790513155745084,
  "nDCG@3_ci95_low": 0.7555660982195774,
  "nDCG@3_ci95_high": 0.7935713290538186,
  "nDCG@5": 0.7917066339539861,
  "nDCG@5_std": 0.3477262082732958,
  "nDCG@5_stderr": 0.009026522611632025,
  "nDCG@5_ci90_low": 0.776850044995124,
  "nDCG@5_ci90_high": 0.8065632229128482,
  "nDCG@5_ci95_low": 0.774000523920383,
  "nDCG@5_ci95_high": 0.8094127439875892,
  "nDCG@10": 0.8093238512449495,
  "nDCG@10_std": 0.3157023275941836,
  "nDCG@10_stderr": 0.008195224089448094,
  "nDCG@10_ci90_low": 0.7958354813641941,
  "nDCG@10_ci90_high": 0.822812221125705,
  "nDCG@10_ci95_low": 0.7932483872239751,
  "nDCG@10_ci95_high": 0.825399315265924,
  "nDCG@100": 0.8248929616139964,
  "nDCG@100_std": 0.28068639696627823,
  "nDCG@100_stderr": 0.007286255820563085,
  "nDCG@100_ci90_low": 0.8129006460310577,
  "nDCG@100_ci90_high": 0.8368852771969351,
  "nDCG@100_ci95_low": 0.8106004978555141,
  "nDCG@100_ci95_high": 0.8391854253724786,
  "RR@1": 0.7035040431266847,
  "RR@3": 0.7630278526504944,
  "RR@5": 0.7715184186882307,
  "RR@10": 0.778226479270954,
  "RR@100": 0.7813048624117401,
  "P@1": 0.7035040431266847,
  "P@3": 0.28998203054806404,
  "P@5": 0.1831536388140121,
  "P@10": 0.09743935309972813,
  "P@100": 0.010525606469002507,
  "R@1": 0.6825022461814915,
  "R@3": 0.82625786163522,
  "R@5": 0.8676437556154537,
  "R@10": 0.9207097933513028,
  "R@100": 0.9900044923629828,
  "AP": 0.7746304708635057
}