nDCG@1,nDCG@1_std,nDCG@1_stderr,nDCG@1_ci90_low,nDCG@1_ci90_high,nDCG@1_ci95_low,nDCG@1_ci95_high,nDCG@3,nDCG@3_std,nDCG@3_stderr,nDCG@3_ci90_low,nDCG@3_ci90_high,nDCG@3_ci95_low,nDCG@3_ci95_high,nDCG@5,nDCG@5_std,nDCG@5_stderr,nDCG@5_ci90_low,nDCG@5_ci90_high,nDCG@5_ci95_low,nDCG@5_ci95_high,nDCG@10,nDCG@10_std,nDCG@10_stderr,nDCG@10_ci90_low,nDCG@10_ci90_high,nDCG@10_ci95_low,nDCG@10_ci95_high,nDCG@100,nDCG@100_std,nDCG@100_stderr,nDCG@100_ci90_low,nDCG@100_ci90_high,nDCG@100_ci95_low,nDCG@100_ci95_high,RR@1,RR@3,RR@5,RR@10,RR@100,P@1,P@3,P@5,P@10,P@100,R@1,R@3,R@5,R@10,R@100,AP
0.7129380053908356,0.45254326661301025,0.011747437873919563,0.6936031116203721,0.7322728991612991,0.6898946434498268,0.7359813673318445,0.787045549316448,0.36316581724579,0.009427314890698436,0.7715293036543165,0.8025617949785795,0.7685532592111721,0.8055378394217239,0.8052426479604989,0.33412324921214004,0.00867340738870893,0.7909672449076384,0.8195180510133595,0.7882291963581237,0.8222560995628742,0.8224688895364161,0.30055723178010885,0.007802076991045797,0.8096275932954924,0.8353101857773397,0.8071646090689766,0.8377731700038555,0.8355166470949013,0.2695575021835242,0.00699736410630941,0.8239998131162248,0.8470334810735777,0.8217908631865065,0.849242431003296,0.7129380053908356,0.7741464510332438,0.7836141060197671,0.7903494416634581,0.7930001628208893,0.7129380053908356,0.2951482479784322,0.1867924528301845,0.09898921832883856,0.010539083557951294,0.6915992812219227,0.8400718778077267,0.8834793351302784,0.9350853548966755,0.991857592093441,0.787020374191694
