nDCG@1,nDCG@1_std,nDCG@1_stderr,nDCG@1_ci90_low,nDCG@1_ci90_high,nDCG@1_ci95_low,nDCG@1_ci95_high,nDCG@3,nDCG@3_std,nDCG@3_stderr,nDCG@3_ci90_low,nDCG@3_ci90_high,nDCG@3_ci95_low,nDCG@3_ci95_high,nDCG@5,nDCG@5_std,nDCG@5_stderr,nDCG@5_ci90_low,nDCG@5_ci90_high,nDCG@5_ci95_low,nDCG@5_ci95_high,nDCG@10,nDCG@10_std,nDCG@10_stderr,nDCG@10_ci90_low,nDCG@10_ci90_high,nDCG@10_ci95_low,nDCG@10_ci95_high,nDCG@100,nDCG@100_std,nDCG@100_stderr,nDCG@100_ci90_low,nDCG@100_ci90_high,nDCG@100_ci95_low,nDCG@100_ci95_high,RR@1,RR@3,RR@5,RR@10,RR@100,P@1,P@3,P@5,P@10,P@100,R@1,R@3,R@5,R@10,R@100,AP
0.7668463611859838,0.4229817741158849,0.010980059764044188,0.7487744810526606,0.784918241319307,0.7453082612196498,0.7883844611523179,0.8357489617332443,0.32281251093045277,0.008379795252422502,0.8219568095411881,0.8495411139253005,0.8193114493951866,0.852186474071302,0.8545868257835552,0.2856785023243981,0.0074158444187837355,0.8423812226899823,0.866792428877128,0.84004016557779,0.8691334859893203,0.8661350210956661,0.2585082679386321,0.0067105402765843,0.8550902652278163,0.8771797769635159,0.8529718607476254,0.8792981814437068,0.8741640753569748,0.23567903520349173,0.006117922922507859,0.8640946975852322,0.8842334531287175,0.8621633724170149,0.8861647782969347,0.7668463611859838,0.8237870619946095,0.8334231805929925,0.8377941428143586,0.8395227704226766,0.7668463611859838,0.3092991913746575,0.19622641509433478,0.10202156334231542,0.010599730458220833,0.7461253369272237,0.8848270440251573,0.9291891284815814,0.9627695417789759,0.9962938005390836,0.8345211058262944
