{
  "nDCG@1": 0.7473045822102425,
  "nDCG@1_std": 0.4347042447424003,
  "nDCG@1_stderr": 0.01128435993946056,
  "nDCG@1_ci90_low": 0.7287318599674181,
  "nDCG@1_ci90_high": 0.765877304453067,
  "nDCG@1_ci95_low": 0.7251695776970541,
  "nDCG@1_ci95_high": 0.7694395867234309,
  "nDCG@3": 0.8140470002252346,
  "nDCG@3_std": 0.34493932719984016,
  "nDCG@3_stderr": 0.008954178783565706,
  "nDCG@3_ci90_low": 0.7993094806537251,
  "nDCG@3_ci90_high": 0.8287845197967441,
  "nDCG@3_ci95_low": 0.7964827973063761,
  "nDCG@3_ci95_high": 0.8316112031440931,
  "nDCG@5": 0.8344187996352866,
  "nDCG@5_std": 0.30997502266621263,
  "nDCG@5_stderr": 0.008046550661314057,
  "nDCG@5_ci90_low": 0.821175128638689,
  "nDCG@5_ci90_high": 0.8476624706318843,
  "nDCG@5_ci95_low": 0.8186349681943073,
  "nDCG@5_ci95_high": 0.850202631076266,
  "nDCG@10": 0.8462914983686558,
  "nDCG@10_std": 0.284294745526908,
  "nDCG@10_stderr": 0.007379923882096069,
  "nDCG@10_ci90_low": 0.8341450162313704,
  "nDCG@10_ci90_high": 0.8584379805059412,
  "nDCG@10_ci95_low": 0.8318152986272824,
  "nDCG@10_ci95_high": 0.8607676981100292,
  "nDCG@100": 0.8585601534619816,
  "nDCG@100_std": 0.252906639761155,
  "nDCG@100_stderr": 0.006565129254340583,
  "nDCG@100_ci90_low": 0.847754726943928,
  "nDCG@100_ci90_high": 0.8693655799800352,
  "nDCG@100_ci95_low": 0.8456822262730124,
  "nDCG@100_ci95_high": 0.8714380806509507,
  "RR@1": 0.7473045822102425,
  "RR@3": 0.8044699011680144,
  "RR@5": 0.8145440251572333,
  "RR@10": 0.8193027210884354,
  "RR@100": 0.8219150795394644,
  "P@1": 0.7473045822102425,
  "P@3": 0.3003144654088001,
  "P@5": 0.19137466307277173,
  "P@10": 0.09966307277627784,
  "P@100": 0.010559299191374473,
  "R@1": 0.7263589398023361,
  "R@3": 0.8587713387241688,
  "R@5": 0.9072327044025157,
  "R@10": 0.9420485175202158,
  "R@100": 0.9932614555256065,
  "AP": 0.8158876418233505
}