{
  "nDCG@1": 0.772911051212938,
  "nDCG@1_std": 0.41909177099334205,
  "nDCG@1_stderr": 0.010879080314380863,
  "nDCG@1_ci90_low": 0.755005371314355,
  "nDCG@1_ci90_high": 0.7908167311115211,
  "nDCG@1_ci95_low": 0.7515710289919106,
  "nDCG@1_ci95_high": 0.7942510734339654,
  "nDCG@3": 0.8423364813572595,
  "nDCG@3_std": 0.31550868740333743,
  "nDCG@3_stderr": 0.008190197440551328,
  "nDCG@3_ci90_low": 0.8288563847462572,
  "nDCG@3_ci90_high": 0.8558165779682617,
  "nDCG@3_ci95_low": 0.8262708774343865,
  "nDCG@3_ci95_high": 0.8584020852801324,
  "nDCG@5": 0.859293613067245,
  "nDCG@5_std": 0.2810851980111564,
  "nDCG@5_stderr": 0.007296608179871895,
  "nDCG@5_ci90_low": 0.8472842587249056,
  "nDCG@5_ci90_high": 0.8713029674095845,
  "nDCG@5_ci95_low": 0.8449808424839848,
  "nDCG@5_ci95_high": 0.8736063836505054,
  "nDCG@10": 0.8714622189989689,
  "nDCG@10_std": 0.2516234294782677,
  "nDCG@10_stderr": 0.00653181877512339,
  "nDCG@10_ci90_low": 0.8607116175912092,
  "nDCG@10_ci90_high": 0.8822128204067287,
  "nDCG@10_ci95_low": 0.8586496324772387,
  "nDCG@10_ci95_high": 0.8842748055206991,
  "nDCG@100": 0.8787785597414711,
  "nDCG@100_std": 0.23036329214058002,
  "nDCG@100_stderr": 0.005979933108069464,
  "nDCG@100_ci90_low": 0.868936296888931,
  "nDCG@100_ci90_high": 0.8886208225940112,
  "nDCG@100_ci95_low": 0.867048532779746,
  "nDCG@100_ci95_high": 0.8905085867031962,
  "RR@1": 0.772911051212938,
  "RR@3": 0.8306379155435762,
  "RR@5": 0.839364330637916,
  "RR@10": 0.8440187395713002,
  "RR@100": 0.845520478211926,
  "P@1": 0.772911051212938,
  "P@3": 0.31199460916441485,
  "P@5": 0.19649595687331056,
  "P@10": 0.10235849056603508,
  "P@100": 0.010606469002695226,
  "R@1": 0.7511792452830188,
  "R@3": 0.8910040431266847,
  "R@5": 0.9312106918238994,
  "R@10": 0.9666442048517522,
  "R@100": 0.996967654986523,
  "AP": 0.8400383330453666
}