nDCG@1,nDCG@1_std,nDCG@1_stderr,nDCG@1_ci90_low,nDCG@1_ci90_high,nDCG@1_ci95_low,nDCG@1_ci95_high,nDCG@3,nDCG@3_std,nDCG@3_stderr,nDCG@3_ci90_low,nDCG@3_ci90_high,nDCG@3_ci95_low,nDCG@3_ci95_high,nDCG@5,nDCG@5_std,nDCG@5_stderr,nDCG@5_ci90_low,nDCG@5_ci90_high,nDCG@5_ci95_low,nDCG@5_ci95_high,nDCG@10,nDCG@10_std,nDCG@10_stderr,nDCG@10_ci90_low,nDCG@10_ci90_high,nDCG@10_ci95_low,nDCG@10_ci95_high,nDCG@100,nDCG@100_std,nDCG@100_stderr,nDCG@100_ci90_low,nDCG@100_ci90_high,nDCG@100_ci95_low,nDCG@100_ci95_high,RR@1,RR@3,RR@5,RR@10,RR@100,P@1,P@3,P@5,P@10,P@100,R@1,R@3,R@5,R@10,R@100,AP
0.7439353099730458,0.436605104631475,0.011333703803575604,0.7252813735641088,0.7625892463819828,0.72170351426738,0.7661671056787116,0.8092686322901131,0.3501916123065921,0.009090521311539819,0.7943067090381527,0.8242305555420736,0.7914369846523484,0.8271002799278779,0.8276262867444716,0.31947196529359906,0.008293079008409771,0.813976859237079,0.8412757142518642,0.8113588739479817,0.8438936995409615,0.8416466673951087,0.2902824294432601,0.0075353564119897565,0.8292443616913382,0.8540489730988793,0.826865576656891,0.8564277581333265,0.853864899313786,0.25969320980948046,0.006741299834927041,0.842769516849791,0.864960281777781,0.8406414020953873,0.8670883965321846,0.7439353099730458,0.7994159928122193,0.808647798742139,0.8141097634022164,0.8165895417564552,0.7439353099730458,0.2985175202156286,0.18921832884096587,0.09932614555255818,0.010532345013476899,0.723326594788859,0.8537174303683737,0.8971248876909254,0.938679245283019,0.9909029649595688,0.8109955141039605
