nDCG@1,nDCG@1_std,nDCG@1_stderr,nDCG@1_ci90_low,nDCG@1_ci90_high,nDCG@1_ci95_low,nDCG@1_ci95_high,nDCG@3,nDCG@3_std,nDCG@3_stderr,nDCG@3_ci90_low,nDCG@3_ci90_high,nDCG@3_ci95_low,nDCG@3_ci95_high,nDCG@5,nDCG@5_std,nDCG@5_stderr,nDCG@5_ci90_low,nDCG@5_ci90_high,nDCG@5_ci95_low,nDCG@5_ci95_high,nDCG@10,nDCG@10_std,nDCG@10_stderr,nDCG@10_ci90_low,nDCG@10_ci90_high,nDCG@10_ci95_low,nDCG@10_ci95_high,nDCG@100,nDCG@100_std,nDCG@100_stderr,nDCG@100_ci90_low,nDCG@100_ci90_high,nDCG@100_ci95_low,nDCG@100_ci95_high,RR@1,RR@3,RR@5,RR@10,RR@100,P@1,P@3,P@5,P@10,P@100,R@1,R@3,R@5,R@10,R@100,AP
0.7654986522911051,0.4238295779252295,0.01100206765437054,0.7473905497724296,0.7836067548097807,0.7439173824193167,0.7870799221628936,0.8313112078728557,0.33050616160603646,0.00857951247285868,0.8171903447497258,0.8454320709959856,0.8144819372428406,0.8481404785028709,0.8485309594632429,0.29785456800826415,0.007731919335201171,0.8358051344286791,0.8612567844978066,0.8333642977918262,0.8636976211346595,0.8619119914567461,0.2664604820344101,0.006916969468978285,0.8505274775455768,0.8732965053679155,0.8483439068480643,0.875480076065428,0.871117233097831,0.24148887762665272,0.006268738917261593,0.8607996300306029,0.881434836165059,0.8588206947943728,0.8834137714012891,0.7654986522911051,0.8200808625336931,0.8289757412398928,0.8343909104522315,0.8362546638811136,0.7654986522911051,0.3070530098831931,0.1936657681940654,0.10121293800538826,0.010579514824797654,0.7442160826594789,0.8766284815813117,0.9175651392632526,0.9570417789757414,0.9952830188679245,0.8315480057828278
