nDCG@1,nDCG@1_std,nDCG@1_stderr,nDCG@1_ci90_low,nDCG@1_ci90_high,nDCG@1_ci95_low,nDCG@1_ci95_high,nDCG@3,nDCG@3_std,nDCG@3_stderr,nDCG@3_ci90_low,nDCG@3_ci90_high,nDCG@3_ci95_low,nDCG@3_ci95_high,nDCG@5,nDCG@5_std,nDCG@5_stderr,nDCG@5_ci90_low,nDCG@5_ci90_high,nDCG@5_ci95_low,nDCG@5_ci95_high,nDCG@10,nDCG@10_std,nDCG@10_stderr,nDCG@10_ci90_low,nDCG@10_ci90_high,nDCG@10_ci95_low,nDCG@10_ci95_high,nDCG@100,nDCG@100_std,nDCG@100_stderr,nDCG@100_ci90_low,nDCG@100_ci90_high,nDCG@100_ci95_low,nDCG@100_ci95_high,RR@1,RR@3,RR@5,RR@10,RR@100,P@1,P@3,P@5,P@10,P@100,R@1,R@3,R@5,R@10,R@100,AP
0.77088948787062,0.42040216583141626,0.01091309646948973,0.7529278214026617,0.7888511543385782,0.7494827407532851,0.7922962349879548,0.8396136708292862,0.31945076842287073,0.008292528765062066,0.8259651489573853,0.8532621927011871,0.8233473373708403,0.855880004287732,0.8568031588495939,0.28563027513650174,0.007414592503363832,0.8445996162607806,0.8690067014384072,0.8422589543571894,0.8713473633419984,0.8692598229814094,0.2546747827673728,0.006611027959834993,0.8583788526209911,0.8801407933418276,0.8562918625022298,0.8822277834605889,0.8768242270817684,0.23360907708777348,0.006064189487143743,0.8668432881914089,0.886805165972128,0.8649289257632274,0.8887195284003094,0.77088948787062,0.8278301886792454,0.8364892183288415,0.8413971248876907,0.8428675774291211,0.77088948787062,0.3106469002695362,0.19582210242587123,0.10208894878705937,0.010599730458220833,0.7496069182389937,0.8872978436657682,0.9280098831985625,0.9654649595687333,0.9966307277628033,0.8380428197631917
