{
  "nDCG@1": 0.77088948787062,
  "nDCG@1_std": 0.42040216583141626,
  "nDCG@1_stderr": 0.01091309646948973,
  "nDCG@1_ci90_low": 0.7529278214026617,
  "nDCG@1_ci90_high": 0.7888511543385782,
  "nDCG@1_ci95_low": 0.7494827407532851,
  "nDCG@1_ci95_high": 0.7922962349879548,
  "nDCG@3": 0.8396136708292862,
  "nDCG@3_std": 0.31945076842287073,
  "nDCG@3_stderr": 0.008292528765062066,
  "nDCG@3_ci90_low": 0.8259651489573853,
  "nDCG@3_ci90_high": 0.8532621927011871,
  "nDCG@3_ci95_low": 0.8233473373708403,
  "nDCG@3_ci95_high": 0.855880004287732,
  "nDCG@5": 0.8568031588495939,
  "nDCG@5_std": 0.28563027513650174,
  "nDCG@5_stderr": 0.007414592503363832,
  "nDCG@5_ci90_low": 0.8445996162607806,
  "nDCG@5_ci90_high": 0.8690067014384072,
  "nDCG@5_ci95_low": 0.8422589543571894,
  "nDCG@5_ci95_high": 0.8713473633419984,
  "nDCG@10": 0.8692598229814094,
  "nDCG@10_std": 0.2546747827673728,
  "nDCG@10_stderr": 0.006611027959834993,
  "nDCG@10_ci90_low": 0.8583788526209911,
  "nDCG@10_ci90_high": 0.8801407933418276,
  "nDCG@10_ci95_low": 0.8562918625022298,
  "nDCG@10_ci95_high": 0.8822277834605889,
  "nDCG@100": 0.8768242270817684,
  "nDCG@100_std": 0.23360907708777348,
  "nDCG@100_stderr": 0.006064189487143743,
  "nDCG@100_ci90_low": 0.8668432881914089,
  "nDCG@100_ci90_high": 0.886805165972128,
  "nDCG@100_ci95_low": 0.8649289257632274,
  "nDCG@100_ci95_high": 0.8887195284003094,
  "RR@1": 0.77088948787062,
  "RR@3": 0.8278301886792454,
  "RR@5": 0.8364892183288415,
  "RR@10": 0.8413971248876907,
  "RR@100": 0.8428675774291211,
  "P@1": 0.77088948787062,
  "P@3": 0.3106469002695362,
  "P@5": 0.19582210242587123,
  "P@10": 0.10208894878705937,
  "P@100": 0.010599730458220833,
  "R@1": 0.7496069182389937,
  "R@3": 0.8872978436657682,
  "R@5": 0.9280098831985625,
  "R@10": 0.9654649595687333,
  "R@100": 0.9966307277628033,
  "AP": 0.8380428197631917
}