nDCG@1,nDCG@1_std,nDCG@1_stderr,nDCG@1_ci90_low,nDCG@1_ci90_high,nDCG@1_ci95_low,nDCG@1_ci95_high,nDCG@3,nDCG@3_std,nDCG@3_stderr,nDCG@3_ci90_low,nDCG@3_ci90_high,nDCG@3_ci95_low,nDCG@3_ci95_high,nDCG@5,nDCG@5_std,nDCG@5_stderr,nDCG@5_ci90_low,nDCG@5_ci90_high,nDCG@5_ci95_low,nDCG@5_ci95_high,nDCG@10,nDCG@10_std,nDCG@10_stderr,nDCG@10_ci90_low,nDCG@10_ci90_high,nDCG@10_ci95_low,nDCG@10_ci95_high,nDCG@100,nDCG@100_std,nDCG@100_stderr,nDCG@100_ci90_low,nDCG@100_ci90_high,nDCG@100_ci95_low,nDCG@100_ci95_high,RR@1,RR@3,RR@5,RR@10,RR@100,P@1,P@3,P@5,P@10,P@100,R@1,R@3,R@5,R@10,R@100,AP
0.7675202156334232,0.42255562134608265,0.010968997389333547,0.7494665428609029,0.7855738884059436,0.7460038152331665,0.7890366160336799,0.8376910524063349,0.3209307080165867,0.008330946082735248,0.8239793001718537,0.8514028046408161,0.8213493608855228,0.854032743927147,0.8564648446072826,0.28333746796853404,0.007355074194840172,0.8443592621170928,0.8685704270974723,0.842037389140508,0.8708923000740572,0.8682278024110286,0.25469011229911465,0.006611425894651527,0.8573461770969525,0.8791094277251047,0.8552590613568756,0.8811965434651816,0.8760165527149325,0.2324708848196233,0.006034643488020296,0.8660842430457296,0.8859488623841354,0.8641792077915661,0.8878538976382989,0.7668463611859838,0.8252470799640611,0.8350853548966761,0.8397082103281563,0.8414358478315298,0.7675202156334232,0.31064690026953623,0.19649595687331056,0.10229110512129116,0.010599730458220833,0.7454514824797843,0.8862870619946093,0.9305929919137467,0.9646787960467206,0.9962938005390836,0.8366344051916703
