nDCG@1,nDCG@1_std,nDCG@1_stderr,nDCG@1_ci90_low,nDCG@1_ci90_high,nDCG@1_ci95_low,nDCG@1_ci95_high,nDCG@3,nDCG@3_std,nDCG@3_stderr,nDCG@3_ci90_low,nDCG@3_ci90_high,nDCG@3_ci95_low,nDCG@3_ci95_high,nDCG@5,nDCG@5_std,nDCG@5_stderr,nDCG@5_ci90_low,nDCG@5_ci90_high,nDCG@5_ci95_low,nDCG@5_ci95_high,nDCG@10,nDCG@10_std,nDCG@10_stderr,nDCG@10_ci90_low,nDCG@10_ci90_high,nDCG@10_ci95_low,nDCG@10_ci95_high,nDCG@100,nDCG@100_std,nDCG@100_stderr,nDCG@100_ci90_low,nDCG@100_ci90_high,nDCG@100_ci95_low,nDCG@100_ci95_high,RR@1,RR@3,RR@5,RR@10,RR@100,P@1,P@3,P@5,P@10,P@100,R@1,R@3,R@5,R@10,R@100,AP
0.7196765498652291,0.4493086355679251,0.011663471035717363,0.7004798555825437,0.7388732441479146,0.6967978943278209,0.7425552054026373,0.7908334223316418,0.3618206762187825,0.009392396769466186,0.7753746477684798,0.8062921968948038,0.7724096263877729,0.8092572182755107,0.8108582859079113,0.3299028506224179,0.008563851300056892,0.7967631992234989,0.8249533725923237,0.794059735684947,0.8276568361308756,0.8292476961822661,0.2928677954271486,0.0076024691689740445,0.816734930815643,0.8417604615488893,0.8143349594147911,0.8441604329497412,0.8409864130765379,0.26412017724215653,0.00685621818356242,0.8297018885981744,0.8522709375549014,0.8275374960576951,0.8544353300953806,0.7203504043126685,0.7785265049415994,0.7887017070979343,0.7959940422709969,0.798546303732627,0.7196765498652291,0.2951482479784319,0.18800539083557516,0.0999999999999975,0.010579514824797654,0.6985062893081762,0.8426549865229109,0.8901055705300989,0.9444070080862533,0.9942722371967655,0.7930206216287247
