nDCG@1,nDCG@1_std,nDCG@1_stderr,nDCG@1_ci90_low,nDCG@1_ci90_high,nDCG@1_ci95_low,nDCG@1_ci95_high,nDCG@3,nDCG@3_std,nDCG@3_stderr,nDCG@3_ci90_low,nDCG@3_ci90_high,nDCG@3_ci95_low,nDCG@3_ci95_high,nDCG@5,nDCG@5_std,nDCG@5_stderr,nDCG@5_ci90_low,nDCG@5_ci90_high,nDCG@5_ci95_low,nDCG@5_ci95_high,nDCG@10,nDCG@10_std,nDCG@10_stderr,nDCG@10_ci90_low,nDCG@10_ci90_high,nDCG@10_ci95_low,nDCG@10_ci95_high,nDCG@100,nDCG@100_std,nDCG@100_stderr,nDCG@100_ci90_low,nDCG@100_ci90_high,nDCG@100_ci95_low,nDCG@100_ci95_high,RR@1,RR@3,RR@5,RR@10,RR@100,P@1,P@3,P@5,P@10,P@100,R@1,R@3,R@5,R@10,R@100,AP
0.7675202156334232,0.42255562134608265,0.010968997389333547,0.7494665428609029,0.7855738884059436,0.7460038152331665,0.7890366160336799,0.8355374548761739,0.3245588045695806,0.008425126776607608,0.8216706923551269,0.8494042173972209,0.8190110218108609,0.8520638879414869,0.8533797386075345,0.28953532787252,0.007515962621527547,0.8410093527898206,0.8657501244252483,0.8386366900482007,0.8681227871668682,0.8675779882405901,0.25500151895179113,0.006619509608576213,0.8566830580891799,0.8784729183920003,0.8545933904568426,0.8805625860243376,0.874925360630494,0.23439641603073924,0.006084627787745213,0.8649107827138872,0.8849399385471007,0.8629899682586294,0.8868607530023586,0.7675202156334232,0.8236747529200362,0.8330076370170715,0.8387701621529114,0.8403425155087181,0.7675202156334232,0.3097484276729504,0.19541778975740765,0.10242587601077903,0.010599730458220833,0.7455637915543576,0.8831424079065588,0.9249775381850854,0.9665318957771788,0.9962938005390836,0.8353556009871601
