{
  "nDCG@1": 0.7675202156334232,
  "nDCG@1_std": 0.42255562134608265,
  "nDCG@1_stderr": 0.010968997389333547,
  "nDCG@1_ci90_low": 0.7494665428609029,
  "nDCG@1_ci90_high": 0.7855738884059436,
  "nDCG@1_ci95_low": 0.7460038152331665,
  "nDCG@1_ci95_high": 0.7890366160336799,
  "nDCG@3": 0.8376910524063349,
  "nDCG@3_std": 0.3209307080165867,
  "nDCG@3_stderr": 0.008330946082735248,
  "nDCG@3_ci90_low": 0.8239793001718537,
  "nDCG@3_ci90_high": 0.8514028046408161,
  "nDCG@3_ci95_low": 0.8213493608855228,
  "nDCG@3_ci95_high": 0.854032743927147,
  "nDCG@5": 0.8564648446072826,
  "nDCG@5_std": 0.28333746796853404,
  "nDCG@5_stderr": 0.007355074194840172,
  "nDCG@5_ci90_low": 0.8443592621170928,
  "nDCG@5_ci90_high": 0.8685704270974723,
  "nDCG@5_ci95_low": 0.842037389140508,
  "nDCG@5_ci95_high": 0.8708923000740572,
  "nDCG@10": 0.8682278024110286,
  "nDCG@10_std": 0.25469011229911465,
  "nDCG@10_stderr": 0.006611425894651527,
  "nDCG@10_ci90_low": 0.8573461770969525,
  "nDCG@10_ci90_high": 0.8791094277251047,
  "nDCG@10_ci95_low": 0.8552590613568756,
  "nDCG@10_ci95_high": 0.8811965434651816,
  "nDCG@100": 0.8760165527149325,
  "nDCG@100_std": 0.2324708848196233,
  "nDCG@100_stderr": 0.006034643488020296,
  "nDCG@100_ci90_low": 0.8660842430457296,
  "nDCG@100_ci90_high": 0.8859488623841354,
  "nDCG@100_ci95_low": 0.8641792077915661,
  "nDCG@100_ci95_high": 0.8878538976382989,
  "RR@1": 0.7668463611859838,
  "RR@3": 0.8252470799640611,
  "RR@5": 0.8350853548966761,
  "RR@10": 0.8397082103281563,
  "RR@100": 0.8414358478315298,
  "P@1": 0.7675202156334232,
  "P@3": 0.31064690026953623,
  "P@5": 0.19649595687331056,
  "P@10": 0.10229110512129116,
  "P@100": 0.010599730458220833,
  "R@1": 0.7454514824797843,
  "R@3": 0.8862870619946093,
  "R@5": 0.9305929919137467,
  "R@10": 0.9646787960467206,
  "R@100": 0.9962938005390836,
  "AP": 0.8366344051916703
}