{
  "nDCG@1": 0.7048517520215634,
  "nDCG@1_std": 0.4562631258869491,
  "nDCG@1_stderr": 0.01184400060934015,
  "nDCG@1_ci90_low": 0.6853579274057886,
  "nDCG@1_ci90_high": 0.7243455766373381,
  "nDCG@1_ci95_low": 0.6816189760069334,
  "nDCG@1_ci95_high": 0.7280845280361933,
  "nDCG@3": 0.7722553983926699,
  "nDCG@3_std": 0.377783240601671,
  "nDCG@3_stderr": 0.009806764294586785,
  "nDCG@3_ci90_low": 0.7561146238763161,
  "nDCG@3_ci90_high": 0.7883961729090236,
  "nDCG@3_ci95_low": 0.7530187936507947,
  "nDCG@3_ci95_high": 0.791492003134545,
  "nDCG@5": 0.7924272825503184,
  "nDCG@5_std": 0.34827681535919225,
  "nDCG@5_stderr": 0.009040815659417088,
  "nDCG@5_ci90_low": 0.7775471689247547,
  "nDCG@5_ci90_high": 0.807307396175882,
  "nDCG@5_ci95_low": 0.7746931357756925,
  "nDCG@5_ci95_high": 0.8101614293249442,
  "nDCG@10": 0.8123941571835056,
  "nDCG@10_std": 0.3114177235645098,
  "nDCG@10_stderr": 0.008084001310619347,
  "nDCG@10_ci90_low": 0.7990888468461663,
  "nDCG@10_ci90_high": 0.8256994675208449,
  "nDCG@10_ci95_low": 0.7965368638629121,
  "nDCG@10_ci95_high": 0.8282514505040991,
  "nDCG@100": 0.8272517179936415,
  "nDCG@100_std": 0.2772943493944039,
  "nDCG@100_stderr": 0.00719820265293072,
  "nDCG@100_ci90_low": 0.8154043275135718,
  "nDCG@100_ci90_high": 0.8390991084737112,
  "nDCG@100_ci95_low": 0.8131319762391895,
  "nDCG@100_ci95_high": 0.8413714597480935,
  "RR@1": 0.7048517520215634,
  "RR@3": 0.7610062893081764,
  "RR@5": 0.7714173405211145,
  "RR@10": 0.7791928721174005,
  "RR@100": 0.7823733090883822,
  "P@1": 0.7048517520215634,
  "P@3": 0.28728661275830664,
  "P@5": 0.18342318059298773,
  "P@10": 0.09831536388139925,
  "P@100": 0.01055256064690008,
  "R@1": 0.68401841868823,
  "R@3": 0.820923180592992,
  "R@5": 0.868317610062893,
  "R@10": 0.9278975741239892,
  "R@100": 0.9919137466307277,
  "AP": 0.7767731480782447
}