{
  "nDCG@1": 0.7574123989218329,
  "nDCG@1_std": 0.42879220330545825,
  "nDCG@1_stderr": 0.011130890990495055,
  "nDCG@1_ci90_low": 0.7390922684234518,
  "nDCG@1_ci90_high": 0.775732529420214,
  "nDCG@1_ci95_low": 0.735578433714038,
  "nDCG@1_ci95_high": 0.7792463641296278,
  "nDCG@3": 0.8233842855328131,
  "nDCG@3_std": 0.3381475734331781,
  "nDCG@3_stderr": 0.008777873640355939,
  "nDCG@3_ci90_low": 0.8089369433814128,
  "nDCG@3_ci90_high": 0.8378316276842134,
  "nDCG@3_ci95_low": 0.8061659165967044,
  "nDCG@3_ci95_high": 0.8406026544689217,
  "nDCG@5": 0.8444336321288474,
  "nDCG@5_std": 0.2983260408891462,
  "nDCG@5_stderr": 0.0077441581613776215,
  "nDCG@5_ci90_low": 0.831687663433467,
  "nDCG@5_ci90_high": 0.8571796008242277,
  "nDCG@5_ci95_low": 0.8292429632054371,
  "nDCG@5_ci95_high": 0.8596243010522576,
  "nDCG@10": 0.8576409588247187,
  "nDCG@10_std": 0.26791951361373445,
  "nDCG@10_stderr": 0.006954844041640653,
  "nDCG@10_ci90_low": 0.8461941078450849,
  "nDCG@10_ci90_high": 0.8690878098043525,
  "nDCG@10_ci95_low": 0.8439985807832401,
  "nDCG@10_ci95_high": 0.8712833368661973,
  "nDCG@100": 0.8668252264447105,
  "nDCG@100_std": 0.2431691546216992,
  "nDCG@100_stderr": 0.006312356734753427,
  "nDCG@100_ci90_low": 0.856435833607087,
  "nDCG@100_ci90_high": 0.877214619282334,
  "nDCG@100_ci95_low": 0.8544431289609163,
  "nDCG@100_ci95_high": 0.8792073239285046,
  "RR@1": 0.7574123989218329,
  "RR@3": 0.8116576819407008,
  "RR@5": 0.8228099730458225,
  "RR@10": 0.8279195011337869,
  "RR@100": 0.8299357999033734,
  "P@1": 0.7574123989218329,
  "P@3": 0.30480682839172873,
  "P@5": 0.19433962264150476,
  "P@10": 0.1015498652291079,
  "P@100": 0.010599730458220833,
  "R@1": 0.7357929020664871,
  "R@3": 0.8697776280323448,
  "R@5": 0.9199236298292902,
  "R@10": 0.9592318059299192,
  "R@100": 0.9962938005390836,
  "AP": 0.8253684883298134
}