nDCG@1,nDCG@1_std,nDCG@1_stderr,nDCG@1_ci90_low,nDCG@1_ci90_high,nDCG@1_ci95_low,nDCG@1_ci95_high,nDCG@3,nDCG@3_std,nDCG@3_stderr,nDCG@3_ci90_low,nDCG@3_ci90_high,nDCG@3_ci95_low,nDCG@3_ci95_high,nDCG@5,nDCG@5_std,nDCG@5_stderr,nDCG@5_ci90_low,nDCG@5_ci90_high,nDCG@5_ci95_low,nDCG@5_ci95_high,nDCG@10,nDCG@10_std,nDCG@10_stderr,nDCG@10_ci90_low,nDCG@10_ci90_high,nDCG@10_ci95_low,nDCG@10_ci95_high,nDCG@100,nDCG@100_std,nDCG@100_stderr,nDCG@100_ci90_low,nDCG@100_ci90_high,nDCG@100_ci95_low,nDCG@100_ci95_high,RR@1,RR@3,RR@5,RR@10,RR@100,P@1,P@3,P@5,P@10,P@100,R@1,R@3,R@5,R@10,R@100,AP
0.7048517520215634,0.4562631258869491,0.01184400060934015,0.6853579274057886,0.7243455766373381,0.6816189760069334,0.7280845280361933,0.7722553983926699,0.377783240601671,0.009806764294586785,0.7561146238763161,0.7883961729090236,0.7530187936507947,0.791492003134545,0.7924272825503184,0.34827681535919225,0.009040815659417088,0.7775471689247547,0.807307396175882,0.7746931357756925,0.8101614293249442,0.8123941571835056,0.3114177235645098,0.008084001310619347,0.7990888468461663,0.8256994675208449,0.7965368638629121,0.8282514505040991,0.8272517179936415,0.2772943493944039,0.00719820265293072,0.8154043275135718,0.8390991084737112,0.8131319762391895,0.8413714597480935,0.7048517520215634,0.7610062893081764,0.7714173405211145,0.7791928721174005,0.7823733090883822,0.7048517520215634,0.28728661275830664,0.18342318059298773,0.09831536388139925,0.01055256064690008,0.68401841868823,0.820923180592992,0.868317610062893,0.9278975741239892,0.9919137466307277,0.7767731480782447
