nDCG@1,nDCG@1_std,nDCG@1_stderr,nDCG@1_ci90_low,nDCG@1_ci90_high,nDCG@1_ci95_low,nDCG@1_ci95_high,nDCG@3,nDCG@3_std,nDCG@3_stderr,nDCG@3_ci90_low,nDCG@3_ci90_high,nDCG@3_ci95_low,nDCG@3_ci95_high,nDCG@5,nDCG@5_std,nDCG@5_stderr,nDCG@5_ci90_low,nDCG@5_ci90_high,nDCG@5_ci95_low,nDCG@5_ci95_high,nDCG@10,nDCG@10_std,nDCG@10_stderr,nDCG@10_ci90_low,nDCG@10_ci90_high,nDCG@10_ci95_low,nDCG@10_ci95_high,nDCG@100,nDCG@100_std,nDCG@100_stderr,nDCG@100_ci90_low,nDCG@100_ci90_high,nDCG@100_ci95_low,nDCG@100_ci95_high,RR@1,RR@3,RR@5,RR@10,RR@100,P@1,P@3,P@5,P@10,P@100,R@1,R@3,R@5,R@10,R@100,AP
0.7668463611859838,0.4229817741158849,0.010980059764044188,0.7487744810526606,0.784918241319307,0.7453082612196498,0.7883844611523179,0.8359490117312177,0.322387078894602,0.00836875158703303,0.8221750361066338,0.8497229873558017,0.8195331622596894,0.852364861202746,0.8544127286715358,0.28576019416152776,0.007417965033213974,0.8422036352973437,0.866621822045728,0.8398619087429122,0.8689635486001595,0.8665416275630685,0.25701863742253345,0.006671871395100471,0.8555605161020874,0.8775227390240496,0.8534543187361382,0.8796289363899988,0.8740670730785483,0.2355546788474967,0.0061146947923509075,0.8640030084273628,0.8841311377297337,0.862072702325436,0.8860614438316605,0.7668463611859838,0.8238993710691824,0.8335354896675655,0.8379513755187608,0.8396506313623657,0.7668463611859838,0.3099730458220969,0.19622641509433483,0.10229110512129116,0.01059299191374644,0.7454514824797843,0.8852762803234503,0.9290206648697216,0.9646787960467206,0.9956199460916442,0.8343430423413045
