{
  "nDCG@1": 0.7196765498652291,
  "nDCG@1_std": 0.4493086355679251,
  "nDCG@1_stderr": 0.011663471035717363,
  "nDCG@1_ci90_low": 0.7004798555825437,
  "nDCG@1_ci90_high": 0.7388732441479146,
  "nDCG@1_ci95_low": 0.6967978943278209,
  "nDCG@1_ci95_high": 0.7425552054026373,
  "nDCG@3": 0.7908334223316418,
  "nDCG@3_std": 0.3618206762187825,
  "nDCG@3_stderr": 0.009392396769466186,
  "nDCG@3_ci90_low": 0.7753746477684798,
  "nDCG@3_ci90_high": 0.8062921968948038,
  "nDCG@3_ci95_low": 0.7724096263877729,
  "nDCG@3_ci95_high": 0.8092572182755107,
  "nDCG@5": 0.8108582859079113,
  "nDCG@5_std": 0.3299028506224179,
  "nDCG@5_stderr": 0.008563851300056892,
  "nDCG@5_ci90_low": 0.7967631992234989,
  "nDCG@5_ci90_high": 0.8249533725923237,
  "nDCG@5_ci95_low": 0.794059735684947,
  "nDCG@5_ci95_high": 0.8276568361308756,
  "nDCG@10": 0.8292476961822661,
  "nDCG@10_std": 0.2928677954271486,
  "nDCG@10_stderr": 0.0076024691689740445,
  "nDCG@10_ci90_low": 0.816734930815643,
  "nDCG@10_ci90_high": 0.8417604615488893,
  "nDCG@10_ci95_low": 0.8143349594147911,
  "nDCG@10_ci95_high": 0.8441604329497412,
  "nDCG@100": 0.8409864130765379,
  "nDCG@100_std": 0.26412017724215653,
  "nDCG@100_stderr": 0.00685621818356242,
  "nDCG@100_ci90_low": 0.8297018885981744,
  "nDCG@100_ci90_high": 0.8522709375549014,
  "nDCG@100_ci95_low": 0.8275374960576951,
  "nDCG@100_ci95_high": 0.8544353300953806,
  "RR@1": 0.7203504043126685,
  "RR@3": 0.7785265049415994,
  "RR@5": 0.7887017070979343,
  "RR@10": 0.7959940422709969,
  "RR@100": 0.798546303732627,
  "P@1": 0.7196765498652291,
  "P@3": 0.2951482479784319,
  "P@5": 0.18800539083557516,
  "P@10": 0.0999999999999975,
  "P@100": 0.010579514824797654,
  "R@1": 0.6985062893081762,
  "R@3": 0.8426549865229109,
  "R@5": 0.8901055705300989,
  "R@10": 0.9444070080862533,
  "R@100": 0.9942722371967655,
  "AP": 0.7930206216287247
}