nDCG@1,nDCG@1_std,nDCG@1_stderr,nDCG@1_ci90_low,nDCG@1_ci90_high,nDCG@1_ci95_low,nDCG@1_ci95_high,nDCG@3,nDCG@3_std,nDCG@3_stderr,nDCG@3_ci90_low,nDCG@3_ci90_high,nDCG@3_ci95_low,nDCG@3_ci95_high,nDCG@5,nDCG@5_std,nDCG@5_stderr,nDCG@5_ci90_low,nDCG@5_ci90_high,nDCG@5_ci95_low,nDCG@5_ci95_high,nDCG@10,nDCG@10_std,nDCG@10_stderr,nDCG@10_ci90_low,nDCG@10_ci90_high,nDCG@10_ci95_low,nDCG@10_ci95_high,nDCG@100,nDCG@100_std,nDCG@100_stderr,nDCG@100_ci90_low,nDCG@100_ci90_high,nDCG@100_ci95_low,nDCG@100_ci95_high,RR@1,RR@3,RR@5,RR@10,RR@100,P@1,P@3,P@5,P@10,P@100,R@1,R@3,R@5,R@10,R@100,AP
0.7574123989218329,0.42879220330545825,0.011130890990495055,0.7390922684234518,0.775732529420214,0.735578433714038,0.7792463641296278,0.8233842855328131,0.3381475734331781,0.008777873640355939,0.8089369433814128,0.8378316276842134,0.8061659165967044,0.8406026544689217,0.8444336321288474,0.2983260408891462,0.0077441581613776215,0.831687663433467,0.8571796008242277,0.8292429632054371,0.8596243010522576,0.8576409588247187,0.26791951361373445,0.006954844041640653,0.8461941078450849,0.8690878098043525,0.8439985807832401,0.8712833368661973,0.8668252264447105,0.2431691546216992,0.006312356734753427,0.856435833607087,0.877214619282334,0.8544431289609163,0.8792073239285046,0.7574123989218329,0.8116576819407008,0.8228099730458225,0.8279195011337869,0.8299357999033734,0.7574123989218329,0.30480682839172873,0.19433962264150476,0.1015498652291079,0.010599730458220833,0.7357929020664871,0.8697776280323448,0.9199236298292902,0.9592318059299192,0.9962938005390836,0.8253684883298134
