{
  "nDCG@1": 0.17048517520215634,
  "nDCG@1_std": 0.3761852482226634,
  "nDCG@1_stderr": 0.009765282479298962,
  "nDCG@1_ci90_low": 0.15441267484912258,
  "nDCG@1_ci90_high": 0.1865576755551901,
  "nDCG@1_ci95_low": 0.15132993973364156,
  "nDCG@1_ci95_high": 0.1896404106706711,
  "nDCG@3": 0.24093911542427512,
  "nDCG@3_std": 0.3861992730588876,
  "nDCG@3_stderr": 0.010025233611732957,
  "nDCG@3_ci90_low": 0.22443876624283587,
  "nDCG@3_ci90_high": 0.2574394646057144,
  "nDCG@3_ci95_low": 0.2212739689355071,
  "nDCG@3_ci95_high": 0.26060426191304314,
  "nDCG@5": 0.2739216899544481,
  "nDCG@5_std": 0.38176743670133545,
  "nDCG@5_stderr": 0.009910188872105347,
  "nDCG@5_ci90_low": 0.2576106908120066,
  "nDCG@5_ci90_high": 0.2902326890968896,
  "nDCG@5_ci95_low": 0.2544822111902597,
  "nDCG@5_ci95_high": 0.2933611687186365,
  "nDCG@10": 0.30378868443866125,
  "nDCG@10_std": 0.37269330644575605,
  "nDCG@10_stderr": 0.009674636187308846,
  "nDCG@10_ci90_low": 0.2878653771645887,
  "nDCG@10_ci90_high": 0.3197119917127338,
  "nDCG@10_ci95_low": 0.28481125755592973,
  "nDCG@10_ci95_high": 0.32276611132139277,
  "nDCG@100": 0.3698851436088721,
  "nDCG@100_std": 0.33121504245304784,
  "nDCG@100_stderr": 0.008597914102768243,
  "nDCG@100_ci90_low": 0.35573399357864616,
  "nDCG@100_ci90_high": 0.384036293639098,
  "nDCG@100_ci95_low": 0.3530197769873002,
  "nDCG@100_ci95_high": 0.386750510230444,
  "RR@1": 0.17048517520215634,
  "RR@3": 0.22686433063791545,
  "RR@5": 0.24519317160826554,
  "RR@10": 0.2575875475976552,
  "RR@100": 0.2698234378525968,
  "P@1": 0.17048517520215634,
  "P@3": 0.1010781671159029,
  "P@5": 0.07708894878706272,
  "P@10": 0.04811320754716996,
  "P@100": 0.008207547169811178,
  "R@1": 0.1658805031446541,
  "R@3": 0.29402515723270445,
  "R@5": 0.3738769092542677,
  "R@10": 0.46473495058400716,
  "R@100": 0.7834119496855345,
  "AP": 0.2646902617161584
}