nDCG@1,nDCG@1_std,nDCG@1_stderr,nDCG@1_ci90_low,nDCG@1_ci90_high,nDCG@1_ci95_low,nDCG@1_ci95_high,nDCG@3,nDCG@3_std,nDCG@3_stderr,nDCG@3_ci90_low,nDCG@3_ci90_high,nDCG@3_ci95_low,nDCG@3_ci95_high,nDCG@5,nDCG@5_std,nDCG@5_stderr,nDCG@5_ci90_low,nDCG@5_ci90_high,nDCG@5_ci95_low,nDCG@5_ci95_high,nDCG@10,nDCG@10_std,nDCG@10_stderr,nDCG@10_ci90_low,nDCG@10_ci90_high,nDCG@10_ci95_low,nDCG@10_ci95_high,nDCG@100,nDCG@100_std,nDCG@100_stderr,nDCG@100_ci90_low,nDCG@100_ci90_high,nDCG@100_ci95_low,nDCG@100_ci95_high,RR@1,RR@3,RR@5,RR@10,RR@100,P@1,P@3,P@5,P@10,P@100,R@1,R@3,R@5,R@10,R@100,AP
0.16576819407008087,0.3719977815343258,0.009656581260212169,0.14987460307126715,0.18166178506889458,0.1468261830988334,0.18471020504132832,0.25312738828597053,0.3875631058669652,0.010060636947425509,0.23656876939992996,0.2696860071720111,0.23339279585613534,0.2728619807158057,0.2822964608415776,0.3830161389828172,0.009942603568239302,0.26593211094188346,0.29866081074127176,0.26279339854681527,0.30179952313633995,0.314816490148141,0.37155452805998934,0.00964507497333017,0.2989418371370778,0.3306911431592042,0.29589704950551027,0.33373593079077174,0.37853538327370495,0.32953777301768583,0.008554374357635787,0.3644558945160019,0.392614872031408,0.36175542268846833,0.39531534385894157,0.16576819407008087,0.23438903863432137,0.2503930817610057,0.2640431801651473,0.2757225678804542,0.16576819407008087,0.10871518418688246,0.08005390835579591,0.05047169811320757,0.008335579514824654,0.16217430368373767,0.31659928122192277,0.3874101527403414,0.48601752021563344,0.7920597484276729,0.2720794207447722
