{
  "nDCG@1": 0.1650943396226415,
  "nDCG@1_std": 0.37139082401445983,
  "nDCG@1_stderr": 0.00964082542804589,
  "nDCG@1_ci90_low": 0.14922668086066698,
  "nDCG@1_ci90_high": 0.18096199838461602,
  "nDCG@1_ci95_low": 0.14618323473893297,
  "nDCG@1_ci95_high": 0.18400544450635004,
  "nDCG@3": 0.24126934597531138,
  "nDCG@3_std": 0.3855520185078191,
  "nDCG@3_stderr": 0.010008431720757544,
  "nDCG@3_ci90_low": 0.22479665071982935,
  "nDCG@3_ci90_high": 0.2577420412307934,
  "nDCG@3_ci95_low": 0.22163715748633833,
  "nDCG@3_ci95_high": 0.26090153446428443,
  "nDCG@5": 0.2748266881255312,
  "nDCG@5_std": 0.3812035362957027,
  "nDCG@5_stderr": 0.00989555074693374,
  "nDCG@5_ci90_low": 0.25853978160636887,
  "nDCG@5_ci90_high": 0.2911135946446935,
  "nDCG@5_ci95_low": 0.2554159229940589,
  "nDCG@5_ci95_high": 0.29423745325700346,
  "nDCG@10": 0.3102497261951055,
  "nDCG@10_std": 0.3690075446205781,
  "nDCG@10_stderr": 0.009578958577555858,
  "nDCG@10_ci90_low": 0.29448389295414895,
  "nDCG@10_ci90_high": 0.32601555943606203,
  "nDCG@10_ci95_low": 0.29145997715454275,
  "nDCG@10_ci95_high": 0.32903947523566823,
  "nDCG@100": 0.37186985394902716,
  "nDCG@100_std": 0.3295580753886132,
  "nDCG@100_stderr": 0.008554901380925621,
  "nDCG@100_ci90_low": 0.3577894977733022,
  "nDCG@100_ci90_high": 0.3859502101247521,
  "nDCG@100_ci95_low": 0.3550888595733973,
  "nDCG@100_ci95_high": 0.388650848324657,
  "RR@1": 0.1650943396226415,
  "RR@3": 0.22562893081760985,
  "RR@5": 0.24415992812219176,
  "RR@10": 0.2591703033414619,
  "RR@100": 0.2705459840097372,
  "P@1": 0.1650943396226415,
  "P@3": 0.10197663971248876,
  "P@5": 0.07803234501347782,
  "P@10": 0.050336927223719706,
  "P@100": 0.008200808625336786,
  "R@1": 0.1602650494159928,
  "R@3": 0.29627133872416894,
  "R@5": 0.3773023360287511,
  "R@10": 0.4850067385444744,
  "R@100": 0.7799303683737645,
  "AP": 0.2665273757956512
}