nDCG@1,nDCG@1_std,nDCG@1_stderr,nDCG@1_ci90_low,nDCG@1_ci90_high,nDCG@1_ci95_low,nDCG@1_ci95_high,nDCG@3,nDCG@3_std,nDCG@3_stderr,nDCG@3_ci90_low,nDCG@3_ci90_high,nDCG@3_ci95_low,nDCG@3_ci95_high,nDCG@5,nDCG@5_std,nDCG@5_stderr,nDCG@5_ci90_low,nDCG@5_ci90_high,nDCG@5_ci95_low,nDCG@5_ci95_high,nDCG@10,nDCG@10_std,nDCG@10_stderr,nDCG@10_ci90_low,nDCG@10_ci90_high,nDCG@10_ci95_low,nDCG@10_ci95_high,nDCG@100,nDCG@100_std,nDCG@100_stderr,nDCG@100_ci90_low,nDCG@100_ci90_high,nDCG@100_ci95_low,nDCG@100_ci95_high,RR@1,RR@3,RR@5,RR@10,RR@100,P@1,P@3,P@5,P@10,P@100,R@1,R@3,R@5,R@10,R@100,AP
0.1711590296495957,0.3767748347601861,0.009780587383231539,0.15506133923427948,0.18725672006491192,0.1519737726185431,0.1903442866806483,0.24299191672268936,0.38724389471153675,0.010052350638703862,0.22644693612106465,0.25953689732431406,0.22327357842529372,0.262710255020085,0.27630587168496995,0.3827172337577952,0.009934844375206963,0.2599542924995911,0.2926574508703488,0.25681802955100635,0.29579371381893355,0.30701181306774045,0.3730274290809683,0.009683309578758913,0.29107423041684816,0.32294939571863274,0.28801737276467126,0.32600625337080963,0.3733346110819348,0.3307175708027466,0.008585000382164932,0.3592047155089553,0.3874645066549143,0.3564945755615835,0.39017464660228607,0.1711590296495957,0.22832434860736736,0.24719227313566888,0.2599374812818207,0.2720738696772927,0.1711590296495957,0.10175202156334226,0.07776280323450208,0.048719676549865344,0.008281671159029507,0.16689128481581314,0.2970575022461815,0.3769092542677448,0.47012578616352196,0.7903751123090744,0.2671604582148295
