{
  "nDCG@1": 0.16778975741239893,
  "nDCG@1_std": 0.3738054477229365,
  "nDCG@1_stderr": 0.009703505936401525,
  "nDCG@1_ci90_low": 0.15181893394476334,
  "nDCG@1_ci90_high": 0.18376058088003452,
  "nDCG@1_ci95_low": 0.14875570064282498,
  "nDCG@1_ci95_high": 0.18682381418197289,
  "nDCG@3": 0.252547926507803,
  "nDCG@3_std": 0.3879113010948786,
  "nDCG@3_stderr": 0.01006967564518036,
  "nDCG@3_ci90_low": 0.23597443099395737,
  "nDCG@3_ci90_high": 0.2691214220216486,
  "nDCG@3_ci95_low": 0.23279560408560046,
  "nDCG@3_ci95_high": 0.27230024893000554,
  "nDCG@5": 0.27963811962324986,
  "nDCG@5_std": 0.3838088123618121,
  "nDCG@5_stderr": 0.009963180343900436,
  "nDCG@5_ci90_low": 0.26323990278373305,
  "nDCG@5_ci90_high": 0.29603633646276667,
  "nDCG@5_ci95_low": 0.26009469464734564,
  "nDCG@5_ci95_high": 0.2991815445991541,
  "nDCG@10": 0.31142103273501154,
  "nDCG@10_std": 0.37283358426498037,
  "nDCG@10_stderr": 0.009678277618058131,
  "nDCG@10_ci90_low": 0.29549173209647384,
  "nDCG@10_ci90_high": 0.32735033337354924,
  "nDCG@10_ci95_low": 0.29243646294949227,
  "nDCG@10_ci95_high": 0.3304056025205308,
  "nDCG@100": 0.37717168937419504,
  "nDCG@100_std": 0.33036318423918837,
  "nDCG@100_stderr": 0.008575800965344722,
  "nDCG@100_ci90_low": 0.3630569349535994,
  "nDCG@100_ci90_high": 0.39128644379479066,
  "nDCG@100_ci95_low": 0.3603496991070904,
  "nDCG@100_ci95_high": 0.39399367964129967,
  "RR@1": 0.16711590296495957,
  "RR@3": 0.23438903863432145,
  "RR@5": 0.24948337825696276,
  "RR@10": 0.26262781842296645,
  "RR@100": 0.27501465901521716,
  "P@1": 0.16778975741239893,
  "P@3": 0.10781671159029663,
  "P@5": 0.07857142857142932,
  "P@10": 0.049595687331536464,
  "P@100": 0.008295148247978293,
  "R@1": 0.16385893980233604,
  "R@3": 0.3145777178796047,
  "R@5": 0.37977313566936205,
  "R@10": 0.47736972147349505,
  "R@100": 0.7890274034141957,
  "AP": 0.27105929222726277
}