{
  "nDCG@1": 0.17452830188679244,
  "nDCG@1_std": 0.37969108518566486,
  "nDCG@1_stderr": 0.009856289472347804,
  "nDCG@1_ci90_low": 0.1583060147835027,
  "nDCG@1_ci90_high": 0.19075058899008218,
  "nDCG@1_ci95_low": 0.1551945502939538,
  "nDCG@1_ci95_high": 0.1938620534796311,
  "nDCG@3": 0.2472058674137556,
  "nDCG@3_std": 0.38994082394067564,
  "nDCG@3_stderr": 0.010122359433237004,
  "nDCG@3_ci90_low": 0.23054566061388884,
  "nDCG@3_ci90_high": 0.26386607421362235,
  "nDCG@3_ci95_low": 0.22735020232146264,
  "nDCG@3_ci95_high": 0.2670615325060486,
  "nDCG@5": 0.278885153318801,
  "nDCG@5_std": 0.38561764853468383,
  "nDCG@5_stderr": 0.010010135391367931,
  "nDCG@5_ci90_low": 0.26240965402292943,
  "nDCG@5_ci90_high": 0.29536065261467254,
  "nDCG@5_ci95_low": 0.25924962296933673,
  "nDCG@5_ci95_high": 0.29852068366826523,
  "nDCG@10": 0.3116692998402208,
  "nDCG@10_std": 0.37499909335714815,
  "nDCG@10_stderr": 0.009734491433183577,
  "nDCG@10_ci90_low": 0.295647477908483,
  "nDCG@10_ci90_high": 0.3276911217719586,
  "nDCG@10_ci95_low": 0.292574463007374,
  "nDCG@10_ci95_high": 0.3307641366730676,
  "nDCG@100": 0.37747547719377567,
  "nDCG@100_std": 0.33238446034082947,
  "nDCG@100_stderr": 0.008628270678589562,
  "nDCG@100_ci90_low": 0.36327436382898776,
  "nDCG@100_ci90_high": 0.3916765905585636,
  "nDCG@100_ci95_low": 0.36055056417821996,
  "nDCG@100_ci95_high": 0.3944003902093314,
  "RR@1": 0.1738544474393531,
  "RR@3": 0.23236747529200344,
  "RR@5": 0.2499213836477983,
  "RR@10": 0.2635458114063233,
  "RR@100": 0.2759279908735023,
  "P@1": 0.17452830188679244,
  "P@3": 0.103099730458221,
  "P@5": 0.07789757412398995,
  "P@10": 0.049460916442048586,
  "P@100": 0.00830862533692708,
  "R@1": 0.17014824797843667,
  "R@3": 0.3011006289308176,
  "R@5": 0.37707771787960465,
  "R@10": 0.47692048517520214,
  "R@100": 0.790880503144654,
  "AP": 0.2714969401677152
}