nDCG@1,nDCG@1_std,nDCG@1_stderr,nDCG@1_ci90_low,nDCG@1_ci90_high,nDCG@1_ci95_low,nDCG@1_ci95_high,nDCG@3,nDCG@3_std,nDCG@3_stderr,nDCG@3_ci90_low,nDCG@3_ci90_high,nDCG@3_ci95_low,nDCG@3_ci95_high,nDCG@5,nDCG@5_std,nDCG@5_stderr,nDCG@5_ci90_low,nDCG@5_ci90_high,nDCG@5_ci95_low,nDCG@5_ci95_high,nDCG@10,nDCG@10_std,nDCG@10_stderr,nDCG@10_ci90_low,nDCG@10_ci90_high,nDCG@10_ci95_low,nDCG@10_ci95_high,nDCG@100,nDCG@100_std,nDCG@100_stderr,nDCG@100_ci90_low,nDCG@100_ci90_high,nDCG@100_ci95_low,nDCG@100_ci95_high,RR@1,RR@3,RR@5,RR@10,RR@100,P@1,P@3,P@5,P@10,P@100,R@1,R@3,R@5,R@10,R@100,AP
0.16778975741239893,0.3738054477229365,0.009703505936401525,0.15181893394476334,0.18376058088003452,0.14875570064282498,0.18682381418197289,0.252547926507803,0.3879113010948786,0.01006967564518036,0.23597443099395737,0.2691214220216486,0.23279560408560046,0.27230024893000554,0.27963811962324986,0.3838088123618121,0.009963180343900436,0.26323990278373305,0.29603633646276667,0.26009469464734564,0.2991815445991541,0.31142103273501154,0.37283358426498037,0.009678277618058131,0.29549173209647384,0.32735033337354924,0.29243646294949227,0.3304056025205308,0.37717168937419504,0.33036318423918837,0.008575800965344722,0.3630569349535994,0.39128644379479066,0.3603496991070904,0.39399367964129967,0.16711590296495957,0.23438903863432145,0.24948337825696276,0.26262781842296645,0.27501465901521716,0.16778975741239893,0.10781671159029663,0.07857142857142932,0.049595687331536464,0.008295148247978293,0.16385893980233604,0.3145777178796047,0.37977313566936205,0.47736972147349505,0.7890274034141957,0.27105929222726277
