{
  "nDCG@1": 0.6293800539083558,
  "nDCG@1_std": 0.48313361658005194,
  "nDCG@1_stderr": 0.012541523792971769,
  "nDCG@1_ci90_low": 0.6087381886046713,
  "nDCG@1_ci90_high": 0.6500219192120403,
  "nDCG@1_ci95_low": 0.6047790408913108,
  "nDCG@1_ci95_high": 0.6539810669254008,
  "nDCG@3": 0.7088470945468431,
  "nDCG@3_std": 0.4115750123452025,
  "nDCG@3_stderr": 0.0106839549821819,
  "nDCG@3_ci90_low": 0.6912625678742217,
  "nDCG@3_ci90_high": 0.7264316212194646,
  "nDCG@3_ci95_low": 0.6878898233309266,
  "nDCG@3_ci95_high": 0.7298043657627596,
  "nDCG@5": 0.7328722819594808,
  "nDCG@5_std": 0.3808483548107598,
  "nDCG@5_stderr": 0.00988633069498255,
  "nDCG@5_ci90_low": 0.7166005505556882,
  "nDCG@5_ci90_high": 0.7491440133632735,
  "nDCG@5_ci95_low": 0.7134796025584041,
  "nDCG@5_ci95_high": 0.7522649613605575,
  "nDCG@10": 0.7505414745565261,
  "nDCG@10_std": 0.3547049465930886,
  "nDCG@10_stderr": 0.009207681631991982,
  "nDCG@10_ci90_low": 0.7353867192696685,
  "nDCG@10_ci90_high": 0.7656962298433837,
  "nDCG@10_ci95_low": 0.7324800093450674,
  "nDCG@10_ci95_high": 0.7686029397679848,
  "nDCG@100": 0.7705469521504953,
  "nDCG@100_std": 0.31793231239543224,
  "nDCG@100_stderr": 0.008253111610587272,
  "nDCG@100_ci90_low": 0.7569633062543334,
  "nDCG@100_ci90_high": 0.7841305980466572,
  "nDCG@100_ci95_low": 0.7543579379992035,
  "nDCG@100_ci95_high": 0.7867359663017871,
  "RR@1": 0.6293800539083558,
  "RR@3": 0.6947439353099739,
  "RR@5": 0.7079177897574137,
  "RR@10": 0.7147063385102479,
  "RR@100": 0.7185683258396223,
  "P@1": 0.6293800539083558,
  "P@3": 0.2679694519317129,
  "P@5": 0.17318059299191,
  "P@10": 0.09252021563342107,
  "P@100": 0.01027628032344995,
  "R@1": 0.6109052111410602,
  "R@3": 0.7643194070080862,
  "R@5": 0.8219339622641509,
  "R@10": 0.8751684636118597,
  "R@100": 0.9660826594788858,
  "AP": 0.7122737043877913
}