nDCG@1,nDCG@1_std,nDCG@1_stderr,nDCG@1_ci90_low,nDCG@1_ci90_high,nDCG@1_ci95_low,nDCG@1_ci95_high,nDCG@3,nDCG@3_std,nDCG@3_stderr,nDCG@3_ci90_low,nDCG@3_ci90_high,nDCG@3_ci95_low,nDCG@3_ci95_high,nDCG@5,nDCG@5_std,nDCG@5_stderr,nDCG@5_ci90_low,nDCG@5_ci90_high,nDCG@5_ci95_low,nDCG@5_ci95_high,nDCG@10,nDCG@10_std,nDCG@10_stderr,nDCG@10_ci90_low,nDCG@10_ci90_high,nDCG@10_ci95_low,nDCG@10_ci95_high,nDCG@100,nDCG@100_std,nDCG@100_stderr,nDCG@100_ci90_low,nDCG@100_ci90_high,nDCG@100_ci95_low,nDCG@100_ci95_high,RR@1,RR@3,RR@5,RR@10,RR@100,P@1,P@3,P@5,P@10,P@100,R@1,R@3,R@5,R@10,R@100,AP
0.5357142857142857,0.49889097698443297,0.012950564488224717,0.5143991877895485,0.5570293836390229,0.5103109128217957,0.5611176586067756,0.6145862523222317,0.4453856483674693,0.0115616353620536,0.5955571675177547,0.6336153371267088,0.5919073540690865,0.637265150575377,0.6355977038108983,0.4265366364358918,0.011072339391950639,0.6173739423208148,0.6538214653009818,0.6138785913643577,0.6573168162574389,0.6594488302768033,0.39970265921391146,0.0103757640508022,0.6423715494379714,0.6765261111156353,0.6390960955781205,0.6798015649754862,0.69185728461627,0.3530741178640858,0.009165347427529393,0.6767722064245311,0.706942362808009,0.6738788606948685,0.7098357085376716,0.5363881401617251,0.6020889487870626,0.6132412398921842,0.6227770825311262,0.6291496080992064,0.5357142857142857,0.23450134770889328,0.1517520215633397,0.08382749326145382,0.00997978436657664,0.5197102425876011,0.6703728661275832,0.7209681042228212,0.7931828391734052,0.9394092542677449,0.621001808565765
