{
  "nDCG@1": 0.6381401617250674,
  "nDCG@1_std": 0.4807005359793878,
  "nDCG@1_stderr": 0.012478364167567412,
  "nDCG@1_ci90_low": 0.6176022496970572,
  "nDCG@1_ci90_high": 0.6586780737530775,
  "nDCG@1_ci95_low": 0.6136630404130794,
  "nDCG@1_ci95_high": 0.6626172830370554,
  "nDCG@3": 0.7162237032624854,
  "nDCG@3_std": 0.4069176177966782,
  "nDCG@3_stderr": 0.010563055043657552,
  "nDCG@3_ci90_low": 0.6988381635939505,
  "nDCG@3_ci90_high": 0.7336092429310204,
  "nDCG@3_ci95_low": 0.695503585123858,
  "nDCG@3_ci95_high": 0.7369438214011128,
  "nDCG@5": 0.7379309731465302,
  "nDCG@5_std": 0.3795981545756196,
  "nDCG@5_stderr": 0.0098538771139091,
  "nDCG@5_ci90_low": 0.7217126565000029,
  "nDCG@5_ci90_high": 0.7541492897930575,
  "nDCG@5_ci95_low": 0.7186019535513605,
  "nDCG@5_ci95_high": 0.7572599927417,
  "nDCG@10": 0.756904742797258,
  "nDCG@10_std": 0.3506588407520271,
  "nDCG@10_stderr": 0.00910264995766189,
  "nDCG@10_ci90_low": 0.7419228572278231,
  "nDCG@10_ci90_high": 0.7718866283666928,
  "nDCG@10_ci95_low": 0.7390493040328283,
  "nDCG@10_ci95_high": 0.7747601815616876,
  "nDCG@100": 0.7757338301114717,
  "nDCG@100_std": 0.31521364501146437,
  "nDCG@100_stderr": 0.00818253852167128,
  "nDCG@100_ci90_low": 0.7622663391753861,
  "nDCG@100_ci90_high": 0.7892013210475572,
  "nDCG@100_ci95_low": 0.7596832496551388,
  "nDCG@100_ci95_high": 0.7917844105678046,
  "RR@1": 0.6381401617250674,
  "RR@3": 0.7028301886792462,
  "RR@5": 0.7138814016172522,
  "RR@10": 0.7212574337911277,
  "RR@100": 0.7249985593561354,
  "P@1": 0.6381401617250674,
  "P@3": 0.2708894878706165,
  "P@5": 0.17412398921832511,
  "P@10": 0.0933962264150922,
  "P@100": 0.010262803234501164,
  "R@1": 0.6189914645103325,
  "R@3": 0.772461814914645,
  "R@5": 0.8250786163522011,
  "R@10": 0.8825808625336926,
  "R@100": 0.9661949685534592,
  "AP": 0.7184478728874024
}