{
  "nDCG@1": 0.566711590296496,
  "nDCG@1_std": 0.49569662088819777,
  "nDCG@1_stderr": 0.01286764313560234,
  "nDCG@1_ci90_low": 0.5455329711138865,
  "nDCG@1_ci90_high": 0.5878902094791054,
  "nDCG@1_ci95_low": 0.5414708730197771,
  "nDCG@1_ci95_high": 0.5919523075732148,
  "nDCG@3": 0.6449438335504794,
  "nDCG@3_std": 0.4366043283230212,
  "nDCG@3_stderr": 0.011333683651612234,
  "nDCG@3_ci90_low": 0.6262899303092915,
  "nDCG@3_ci90_high": 0.6635977367916672,
  "nDCG@3_ci95_low": 0.6227120773741978,
  "nDCG@3_ci95_high": 0.6671755897267609,
  "nDCG@5": 0.6656166756481384,
  "nDCG@5_std": 0.41613090187230317,
  "nDCG@5_stderr": 0.010802219981638458,
  "nDCG@5_ci90_low": 0.6478374987695914,
  "nDCG@5_ci90_high": 0.6833958525266854,
  "nDCG@5_ci95_low": 0.6444274199589538,
  "nDCG@5_ci95_high": 0.686805931337323,
  "nDCG@10": 0.6906497496946334,
  "nDCG@10_std": 0.38533289309793595,
  "nDCG@10_stderr": 0.010002743508537604,
  "nDCG@10_ci90_low": 0.674186416563914,
  "nDCG@10_ci90_high": 0.7071130828253529,
  "nDCG@10_ci95_low": 0.6710287190031639,
  "nDCG@10_ci95_high": 0.710270780386103,
  "nDCG@100": 0.7185870583657996,
  "nDCG@100_std": 0.3418529731523615,
  "nDCG@100_stderr": 0.008874061024437316,
  "nDCG@100_ci90_low": 0.7039814031530125,
  "nDCG@100_ci90_high": 0.7331927135785867,
  "nDCG@100_ci95_low": 0.7011800116320865,
  "nDCG@100_ci95_high": 0.7359941050995127,
  "RR@1": 0.566711590296496,
  "RR@3": 0.6325247079964067,
  "RR@5": 0.6436433063791563,
  "RR@10": 0.6534802442989781,
  "RR@100": 0.6590303638112432,
  "P@1": 0.566711590296496,
  "P@3": 0.24505840071877594,
  "P@5": 0.1578167115902935,
  "P@10": 0.08726415094339438,
  "P@100": 0.010101078167115722,
  "R@1": 0.5496967654986523,
  "R@3": 0.7000224618149148,
  "R@5": 0.7496069182389936,
  "R@10": 0.8255278526504941,
  "R@100": 0.9506963162623541,
  "AP": 0.6509848055492609
}