{
  "nDCG@1": 0.6253369272237197,
  "nDCG@1_std": 0.4841989662650639,
  "nDCG@1_stderr": 0.012569178892852815,
  "nDCG@1_ci90_low": 0.6046495448954592,
  "nDCG@1_ci90_high": 0.6460243095519802,
  "nDCG@1_ci95_low": 0.6006816669331064,
  "nDCG@1_ci95_high": 0.649992187514333,
  "nDCG@3": 0.703949657915696,
  "nDCG@3_std": 0.4137695872147439,
  "nDCG@3_stderr": 0.010740923307293782,
  "nDCG@3_ci90_low": 0.686271368115647,
  "nDCG@3_ci90_high": 0.7216279477157449,
  "nDCG@3_ci95_low": 0.6828806396321366,
  "nDCG@3_ci95_high": 0.7250186761992553,
  "nDCG@5": 0.7255473768029279,
  "nDCG@5_std": 0.38716823301249226,
  "nDCG@5_stderr": 0.010050386558858829,
  "nDCG@5_ci90_low": 0.7090056288445032,
  "nDCG@5_ci90_high": 0.7420891247613526,
  "nDCG@5_ci95_low": 0.705832891175641,
  "nDCG@5_ci95_high": 0.7452618624302149,
  "nDCG@10": 0.7452196852913356,
  "nDCG@10_std": 0.35852986901642914,
  "nDCG@10_stderr": 0.009306971670880525,
  "nDCG@10_ci90_low": 0.7299015103401241,
  "nDCG@10_ci90_high": 0.7605378602425472,
  "nDCG@10_ci95_low": 0.7269634562234684,
  "nDCG@10_ci95_high": 0.7634759143592029,
  "nDCG@100": 0.7653294992733749,
  "nDCG@100_std": 0.322269695193316,
  "nDCG@100_stderr": 0.008365704457973773,
  "nDCG@100_ci90_low": 0.7515605388629422,
  "nDCG@100_ci90_high": 0.7790984596838076,
  "nDCG@100_ci95_low": 0.748919626943292,
  "nDCG@100_ci95_high": 0.7817393716034579,
  "RR@1": 0.6253369272237197,
  "RR@3": 0.6898023360287522,
  "RR@5": 0.7016284815813132,
  "RR@10": 0.7093112244897969,
  "RR@100": 0.713084507272343,
  "P@1": 0.6253369272237197,
  "P@3": 0.2661725067385414,
  "P@5": 0.171159029649592,
  "P@10": 0.09204851752021352,
  "P@100": 0.010242587601077983,
  "R@1": 0.6068620844564241,
  "R@3": 0.7596024258760108,
  "R@5": 0.811489218328841,
  "R@10": 0.8711253369272236,
  "R@100": 0.9630503144654087,
  "AP": 0.7067387819703808
}