nDCG@1,nDCG@1_std,nDCG@1_stderr,nDCG@1_ci90_low,nDCG@1_ci90_high,nDCG@1_ci95_low,nDCG@1_ci95_high,nDCG@3,nDCG@3_std,nDCG@3_stderr,nDCG@3_ci90_low,nDCG@3_ci90_high,nDCG@3_ci95_low,nDCG@3_ci95_high,nDCG@5,nDCG@5_std,nDCG@5_stderr,nDCG@5_ci90_low,nDCG@5_ci90_high,nDCG@5_ci95_low,nDCG@5_ci95_high,nDCG@10,nDCG@10_std,nDCG@10_stderr,nDCG@10_ci90_low,nDCG@10_ci90_high,nDCG@10_ci95_low,nDCG@10_ci95_high,nDCG@100,nDCG@100_std,nDCG@100_stderr,nDCG@100_ci90_low,nDCG@100_ci90_high,nDCG@100_ci95_low,nDCG@100_ci95_high,RR@1,RR@3,RR@5,RR@10,RR@100,P@1,P@3,P@5,P@10,P@100,R@1,R@3,R@5,R@10,R@100,AP
0.6381401617250674,0.4807005359793878,0.012478364167567412,0.6176022496970572,0.6586780737530775,0.6136630404130794,0.6626172830370554,0.7162237032624854,0.4069176177966782,0.010563055043657552,0.6988381635939505,0.7336092429310204,0.695503585123858,0.7369438214011128,0.7379309731465302,0.3795981545756196,0.0098538771139091,0.7217126565000029,0.7541492897930575,0.7186019535513605,0.7572599927417,0.756904742797258,0.3506588407520271,0.00910264995766189,0.7419228572278231,0.7718866283666928,0.7390493040328283,0.7747601815616876,0.7757338301114717,0.31521364501146437,0.00818253852167128,0.7622663391753861,0.7892013210475572,0.7596832496551388,0.7917844105678046,0.6381401617250674,0.7028301886792462,0.7138814016172522,0.7212574337911277,0.7249985593561354,0.6381401617250674,0.2708894878706165,0.17412398921832511,0.0933962264150922,0.010262803234501164,0.6189914645103325,0.772461814914645,0.8250786163522011,0.8825808625336926,0.9661949685534592,0.7184478728874024
