nDCG@1,nDCG@1_std,nDCG@1_stderr,nDCG@1_ci90_low,nDCG@1_ci90_high,nDCG@1_ci95_low,nDCG@1_ci95_high,nDCG@3,nDCG@3_std,nDCG@3_stderr,nDCG@3_ci90_low,nDCG@3_ci90_high,nDCG@3_ci95_low,nDCG@3_ci95_high,nDCG@5,nDCG@5_std,nDCG@5_stderr,nDCG@5_ci90_low,nDCG@5_ci90_high,nDCG@5_ci95_low,nDCG@5_ci95_high,nDCG@10,nDCG@10_std,nDCG@10_stderr,nDCG@10_ci90_low,nDCG@10_ci90_high,nDCG@10_ci95_low,nDCG@10_ci95_high,nDCG@100,nDCG@100_std,nDCG@100_stderr,nDCG@100_ci90_low,nDCG@100_ci90_high,nDCG@100_ci95_low,nDCG@100_ci95_high,RR@1,RR@3,RR@5,RR@10,RR@100,P@1,P@3,P@5,P@10,P@100,R@1,R@3,R@5,R@10,R@100,AP
0.6185983827493261,0.4858945526296811,0.0126131941217773,0.5978385565584403,0.6393582089402119,0.5938567837300548,0.6433399817685974,0.6935610067115561,0.4177333514873404,0.010843817501008542,0.67571336523445,0.7114086481886621,0.6722901547879431,0.7148318586351691,0.7159024599883705,0.39255848284885747,0.010190310472767717,0.699130413811695,0.732674506165046,0.6959135045211907,0.7358914154555504,0.7354159423365666,0.3654310885747452,0.009486118404456666,0.7198029130434811,0.7510289716296521,0.7168083053219921,0.7540235793511411,0.7588281082529656,0.3240866743585414,0.00841287088699048,0.7449815174771411,0.7726746990287902,0.7423257159106927,0.7753305005952386,0.6179245283018868,0.6816037735849065,0.6931603773584919,0.7007407050870671,0.7057995118584931,0.6185983827493261,0.26212938005390535,0.16900269541778626,0.09097035040431062,0.010208894878706017,0.5995619946091644,0.7480345911949685,0.8011567834681042,0.8593328840970349,0.9611410601976641,0.6981724178201186
