nDCG@1,nDCG@1_std,nDCG@1_stderr,nDCG@1_ci90_low,nDCG@1_ci90_high,nDCG@1_ci95_low,nDCG@1_ci95_high,nDCG@3,nDCG@3_std,nDCG@3_stderr,nDCG@3_ci90_low,nDCG@3_ci90_high,nDCG@3_ci95_low,nDCG@3_ci95_high,nDCG@5,nDCG@5_std,nDCG@5_stderr,nDCG@5_ci90_low,nDCG@5_ci90_high,nDCG@5_ci95_low,nDCG@5_ci95_high,nDCG@10,nDCG@10_std,nDCG@10_stderr,nDCG@10_ci90_low,nDCG@10_ci90_high,nDCG@10_ci95_low,nDCG@10_ci95_high,nDCG@100,nDCG@100_std,nDCG@100_stderr,nDCG@100_ci90_low,nDCG@100_ci90_high,nDCG@100_ci95_low,nDCG@100_ci95_high,RR@1,RR@3,RR@5,RR@10,RR@100,P@1,P@3,P@5,P@10,P@100,R@1,R@3,R@5,R@10,R@100,AP
0.644878706199461,0.4787113786658277,0.012426728216518156,0.6244257808416498,0.6653316315572722,0.6205028721572561,0.6692545402416659,0.721365468304136,0.4052596562787822,0.010520016507089317,0.7040507649780882,0.7386801716301837,0.7007297730487105,0.7420011635595614,0.7426437048760247,0.3774368190196924,0.009797771638386335,0.7265177312085213,0.7587696785435282,0.7234247398130192,0.7618626699390302,0.7613838856848641,0.3485794289684469,0.009048671117307618,0.7464908429044106,0.7762769284653177,0.7436343299196715,0.7791334414500568,0.7802886539438516,0.3126201888297106,0.00811521575361441,0.7669319683240132,0.79364533956369,0.7643701314671271,0.7962071764205761,0.644878706199461,0.707322551662175,0.7190813117699921,0.7264485196594367,0.7300016007584853,0.644878706199461,0.27268643306378804,0.17466307277627652,0.09353099730458003,0.010316711590296311,0.6253930817610063,0.7766172506738545,0.8279986522911051,0.8846024258760107,0.9704627133872415,0.7234903143780511
