{
  "nDCG@1": 0.644878706199461,
  "nDCG@1_std": 0.4787113786658277,
  "nDCG@1_stderr": 0.012426728216518156,
  "nDCG@1_ci90_low": 0.6244257808416498,
  "nDCG@1_ci90_high": 0.6653316315572722,
  "nDCG@1_ci95_low": 0.6205028721572561,
  "nDCG@1_ci95_high": 0.6692545402416659,
  "nDCG@3": 0.721365468304136,
  "nDCG@3_std": 0.4052596562787822,
  "nDCG@3_stderr": 0.010520016507089317,
  "nDCG@3_ci90_low": 0.7040507649780882,
  "nDCG@3_ci90_high": 0.7386801716301837,
  "nDCG@3_ci95_low": 0.7007297730487105,
  "nDCG@3_ci95_high": 0.7420011635595614,
  "nDCG@5": 0.7426437048760247,
  "nDCG@5_std": 0.3774368190196924,
  "nDCG@5_stderr": 0.009797771638386335,
  "nDCG@5_ci90_low": 0.7265177312085213,
  "nDCG@5_ci90_high": 0.7587696785435282,
  "nDCG@5_ci95_low": 0.7234247398130192,
  "nDCG@5_ci95_high": 0.7618626699390302,
  "nDCG@10": 0.7613838856848641,
  "nDCG@10_std": 0.3485794289684469,
  "nDCG@10_stderr": 0.009048671117307618,
  "nDCG@10_ci90_low": 0.7464908429044106,
  "nDCG@10_ci90_high": 0.7762769284653177,
  "nDCG@10_ci95_low": 0.7436343299196715,
  "nDCG@10_ci95_high": 0.7791334414500568,
  "nDCG@100": 0.7802886539438516,
  "nDCG@100_std": 0.3126201888297106,
  "nDCG@100_stderr": 0.00811521575361441,
  "nDCG@100_ci90_low": 0.7669319683240132,
  "nDCG@100_ci90_high": 0.79364533956369,
  "nDCG@100_ci95_low": 0.7643701314671271,
  "nDCG@100_ci95_high": 0.7962071764205761,
  "RR@1": 0.644878706199461,
  "RR@3": 0.707322551662175,
  "RR@5": 0.7190813117699921,
  "RR@10": 0.7264485196594367,
  "RR@100": 0.7300016007584853,
  "P@1": 0.644878706199461,
  "P@3": 0.27268643306378804,
  "P@5": 0.17466307277627652,
  "P@10": 0.09353099730458003,
  "P@100": 0.010316711590296311,
  "R@1": 0.6253930817610063,
  "R@3": 0.7766172506738545,
  "R@5": 0.8279986522911051,
  "R@10": 0.8846024258760107,
  "R@100": 0.9704627133872415,
  "AP": 0.7234903143780511
}