{
  "nDCG@1": 0.16307277628032346,
  "nDCG@3": 0.23219499865770213,
  "nDCG@5": 0.264249711746211,
  "nDCG@10": 0.29950402590473746,
  "nDCG@100": 0.36256469518951023,
  "RR@1": 0.16307277628032346,
  "RR@3": 0.2179919137466306,
  "RR@5": 0.23611859838274885,
  "RR@10": 0.2508730693535272,
  "RR@100": 0.26268095610627445,
  "P@1": 0.16307277628032346,
  "P@3": 0.09770889487870604,
  "P@5": 0.07466307277628101,
  "P@10": 0.048584905660377486,
  "P@100": 0.008113207547169671,
  "R@1": 0.1589173405211141,
  "R@3": 0.283636567834681,
  "R@5": 0.36112982929020665,
  "R@10": 0.4681603773584906,
  "R@100": 0.7697102425876011,
  "AP": 0.2571719360025385
}