nDCG@1,nDCG@1_std,nDCG@1_stderr,nDCG@1_ci90_low,nDCG@1_ci90_high,nDCG@1_ci95_low,nDCG@1_ci95_high,nDCG@3,nDCG@3_std,nDCG@3_stderr,nDCG@3_ci90_low,nDCG@3_ci90_high,nDCG@3_ci95_low,nDCG@3_ci95_high,nDCG@5,nDCG@5_std,nDCG@5_stderr,nDCG@5_ci90_low,nDCG@5_ci90_high,nDCG@5_ci95_low,nDCG@5_ci95_high,nDCG@10,nDCG@10_std,nDCG@10_stderr,nDCG@10_ci90_low,nDCG@10_ci90_high,nDCG@10_ci95_low,nDCG@10_ci95_high,nDCG@100,nDCG@100_std,nDCG@100_stderr,nDCG@100_ci90_low,nDCG@100_ci90_high,nDCG@100_ci95_low,nDCG@100_ci95_high,RR@1,RR@3,RR@5,RR@10,RR@100,P@1,P@3,P@5,P@10,P@100,R@1,R@3,R@5,R@10,R@100,AP
0.16307277628032346,0.3695565932534578,0.009593211169916337,0.147283484957511,0.17886206760313592,0.14425506985467937,0.18189048270596755,0.23219499865770213,0.38194287061725934,0.009914742909653444,0.21587650410790762,0.24851349320749663,0.21274658685325085,0.2516434104621534,0.264249711746211,0.3780912132372761,0.009814758865869916,0.24809577911077124,0.2804036443816507,0.2449974251338192,0.28350199835860274,0.29950402590473746,0.36755770532878296,0.009541322624788283,0.283800136992112,0.31520791481736293,0.2807881022285585,0.31821994958091643,0.36256469518951023,0.3286715964514941,0.008531889534305328,0.3485222137924937,0.37660717658652676,0.34582884004477427,0.3793005503342462,0.16307277628032346,0.2179919137466306,0.23611859838274885,0.2508730693535272,0.26268095610627445,0.16307277628032346,0.09770889487870604,0.07466307277628101,0.048584905660377486,0.008113207547169671,0.1589173405211141,0.283636567834681,0.36112982929020665,0.4681603773584906,0.7697102425876011,0.2571719360025385
