nDCG@1,nDCG@3,nDCG@5,nDCG@10,nDCG@100,RR@1,RR@3,RR@5,RR@10,RR@100,P@1,P@3,P@5,P@10,P@100,R@1,R@3,R@5,R@10,R@100,AP
0.15026954177897575,0.22330147214848753,0.25473476456672733,0.2903299552435907,0.3506064533141552,0.15026954177897575,0.20732255166217425,0.2251796945193167,0.2399165169212335,0.25125443518895224,0.15026954177897575,0.09501347708894856,0.07291105121293867,0.0479784366576821,0.007884097035040295,0.14678796046720574,0.2773472596585804,0.3537174303683737,0.46226415094339623,0.7498315363881402,0.24681390495371588
