{
  "nDCG@1": 0.15296495956873316,
  "nDCG@3": 0.2281767424847919,
  "nDCG@5": 0.2610791059947306,
  "nDCG@10": 0.2958934844305951,
  "nDCG@100": 0.3572072474045539,
  "RR@1": 0.15296495956873316,
  "RR@3": 0.21181491464510319,
  "RR@5": 0.2303122192273131,
  "RR@10": 0.2449394065802418,
  "RR@100": 0.25629168190580826,
  "P@1": 0.15296495956873316,
  "P@3": 0.09748427672955959,
  "P@5": 0.0752021563342325,
  "P@10": 0.04865229110512142,
  "P@100": 0.00803234501347695,
  "R@1": 0.1501572327044025,
  "R@3": 0.28374887690925427,
  "R@5": 0.3632637017070979,
  "R@10": 0.46950808625336926,
  "R@100": 0.7636455525606469,
  "AP": 0.25179879646831127
}