nDCG@1,nDCG@3,nDCG@5,nDCG@10,nDCG@100,RR@1,RR@3,RR@5,RR@10,RR@100,P@1,P@3,P@5,P@10,P@100,R@1,R@3,R@5,R@10,R@100,AP
0.14487870619946092,0.21195863762149508,0.24223437073259965,0.27845806214016133,0.3398749386753707,0.14487870619946092,0.198674752920036,0.21535265049415978,0.2301734372994477,0.2416856834474808,0.14487870619946092,0.09007187780772648,0.06913746630727824,0.04615902964959596,0.007796495956873182,0.14094788858939802,0.26190476190476186,0.3350179694519317,0.44609164420485176,0.741576819407008,0.2363090524036945
