{
  "nDCG@1": 0.14150943396226415,
  "nDCG@3": 0.20589611236148694,
  "nDCG@5": 0.23553207430513998,
  "nDCG@10": 0.2705867300207773,
  "nDCG@100": 0.3313509292466377,
  "RR@1": 0.14150943396226415,
  "RR@3": 0.1928346810422283,
  "RR@5": 0.2091756513926323,
  "RR@10": 0.22342633594318198,
  "RR@100": 0.23484126526376897,
  "P@1": 0.14150943396226415,
  "P@3": 0.08760107816711545,
  "P@5": 0.06738544474393589,
  "P@10": 0.04494609164420519,
  "P@100": 0.0076145552560645605,
  "R@1": 0.13757861635220128,
  "R@3": 0.254492362982929,
  "R@5": 0.3269317160826595,
  "R@10": 0.4339622641509434,
  "R@100": 0.7252358490566038,
  "AP": 0.2297796726766833
}