nDCG@1,nDCG@1_std,nDCG@1_stderr,nDCG@1_ci90_low,nDCG@1_ci90_high,nDCG@1_ci95_low,nDCG@1_ci95_high,nDCG@3,nDCG@3_std,nDCG@3_stderr,nDCG@3_ci90_low,nDCG@3_ci90_high,nDCG@3_ci95_low,nDCG@3_ci95_high,nDCG@5,nDCG@5_std,nDCG@5_stderr,nDCG@5_ci90_low,nDCG@5_ci90_high,nDCG@5_ci95_low,nDCG@5_ci95_high,nDCG@10,nDCG@10_std,nDCG@10_stderr,nDCG@10_ci90_low,nDCG@10_ci90_high,nDCG@10_ci95_low,nDCG@10_ci95_high,nDCG@100,nDCG@100_std,nDCG@100_stderr,nDCG@100_ci90_low,nDCG@100_ci90_high,nDCG@100_ci95_low,nDCG@100_ci95_high,RR@1,RR@3,RR@5,RR@10,RR@100,P@1,P@3,P@5,P@10,P@100,R@1,R@3,R@5,R@10,R@100,AP
0.14150943396226415,0.34866378094505684,0.009050860785518094,0.12661278724683375,0.15640608067769454,0.12375558302074055,0.15926328490378774,0.20589611236148694,0.36437499905562953,0.009458703686505027,0.19032820445274334,0.22146402027023054,0.18734225109572256,0.22444997362725133,0.23553207430513998,0.3631154069712535,0.009426006305172995,0.2200179824200615,0.25104616619021847,0.2170423510753153,0.2540217975349646,0.2705867300207773,0.3551860767238875,0.009220171147885418,0.2554114184674695,0.28576204157408513,0.2525007658131725,0.28867269422838215,0.3313509292466377,0.3216855900418766,0.008350541843734197,0.31760692470647656,0.3450949337867989,0.3149707993686235,0.34773105912465196,0.14150943396226415,0.1928346810422283,0.2091756513926323,0.22342633594318198,0.23484126526376897,0.14150943396226415,0.08760107816711545,0.06738544474393589,0.04494609164420519,0.0076145552560645605,0.13757861635220128,0.254492362982929,0.3269317160826595,0.4339622641509434,0.7252358490566038,0.2297796726766833
