nDCG@1,nDCG@3,nDCG@5,nDCG@10,nDCG@100,RR@1,RR@3,RR@5,RR@10,RR@100,P@1,P@3,P@5,P@10,P@100,R@1,R@3,R@5,R@10,R@100,AP
0.1509433962264151,0.22529923831447926,0.2534197843076256,0.29089970881558613,0.3537191890462714,0.1509433962264151,0.2097933513027852,0.22589847259658552,0.2414230629358656,0.25285803910312504,0.1509433962264151,0.09636118598382729,0.07196765498652356,0.04791105121293818,0.00807277628032331,0.14667565139263253,0.28077268643306375,0.34883198562443846,0.4627695417789757,0.7655548068283917,0.24728211695279695
