nDCG@1,nDCG@3,nDCG@5,nDCG@10,nDCG@100,RR@1,RR@3,RR@5,RR@10,RR@100,P@1,P@3,P@5,P@10,P@100,R@1,R@3,R@5,R@10,R@100,AP
0.14150943396226415,0.20589611236148694,0.23553207430513998,0.2705867300207773,0.3313509292466377,0.14150943396226415,0.1928346810422283,0.2091756513926323,0.22342633594318198,0.23484126526376897,0.14150943396226415,0.08760107816711545,0.06738544474393589,0.04494609164420519,0.0076145552560645605,0.13757861635220128,0.254492362982929,0.3269317160826595,0.4339622641509434,0.7252358490566038,0.2297796726766833
