{
  "nDCG@1": 0.14150943396226415,
  "nDCG@1_std": 0.34866378094505684,
  "nDCG@1_stderr": 0.009050860785518094,
  "nDCG@1_ci90_low": 0.12661278724683375,
  "nDCG@1_ci90_high": 0.15640608067769454,
  "nDCG@1_ci95_low": 0.12375558302074055,
  "nDCG@1_ci95_high": 0.15926328490378774,
  "nDCG@3": 0.20589611236148694,
  "nDCG@3_std": 0.36437499905562953,
  "nDCG@3_stderr": 0.009458703686505027,
  "nDCG@3_ci90_low": 0.19032820445274334,
  "nDCG@3_ci90_high": 0.22146402027023054,
  "nDCG@3_ci95_low": 0.18734225109572256,
  "nDCG@3_ci95_high": 0.22444997362725133,
  "nDCG@5": 0.23553207430513998,
  "nDCG@5_std": 0.3631154069712535,
  "nDCG@5_stderr": 0.009426006305172995,
  "nDCG@5_ci90_low": 0.2200179824200615,
  "nDCG@5_ci90_high": 0.25104616619021847,
  "nDCG@5_ci95_low": 0.2170423510753153,
  "nDCG@5_ci95_high": 0.2540217975349646,
  "nDCG@10": 0.2705867300207773,
  "nDCG@10_std": 0.3551860767238875,
  "nDCG@10_stderr": 0.009220171147885418,
  "nDCG@10_ci90_low": 0.2554114184674695,
  "nDCG@10_ci90_high": 0.28576204157408513,
  "nDCG@10_ci95_low": 0.2525007658131725,
  "nDCG@10_ci95_high": 0.28867269422838215,
  "nDCG@100": 0.3313509292466377,
  "nDCG@100_std": 0.3216855900418766,
  "nDCG@100_stderr": 0.008350541843734197,
  "nDCG@100_ci90_low": 0.31760692470647656,
  "nDCG@100_ci90_high": 0.3450949337867989,
  "nDCG@100_ci95_low": 0.3149707993686235,
  "nDCG@100_ci95_high": 0.34773105912465196,
  "RR@1": 0.14150943396226415,
  "RR@3": 0.1928346810422283,
  "RR@5": 0.2091756513926323,
  "RR@10": 0.22342633594318198,
  "RR@100": 0.23484126526376897,
  "P@1": 0.14150943396226415,
  "P@3": 0.08760107816711545,
  "P@5": 0.06738544474393589,
  "P@10": 0.04494609164420519,
  "P@100": 0.0076145552560645605,
  "R@1": 0.13757861635220128,
  "R@3": 0.254492362982929,
  "R@5": 0.3269317160826595,
  "R@10": 0.4339622641509434,
  "R@100": 0.7252358490566038,
  "AP": 0.2297796726766833
}