nDCG@1,nDCG@3,nDCG@5,nDCG@10,nDCG@100,RR@1,RR@3,RR@5,RR@10,RR@100,P@1,P@3,P@5,P@10,P@100,R@1,R@3,R@5,R@10,R@100,AP
0.16307277628032346,0.23219499865770213,0.264249711746211,0.29950402590473746,0.36256469518951023,0.16307277628032346,0.2179919137466306,0.23611859838274885,0.2508730693535272,0.26268095610627445,0.16307277628032346,0.09770889487870604,0.07466307277628101,0.048584905660377486,0.008113207547169671,0.1589173405211141,0.283636567834681,0.36112982929020665,0.4681603773584906,0.7697102425876011,0.2571719360025385
