nDCG@1,nDCG@3,nDCG@5,nDCG@10,nDCG@100,RR@1,RR@3,RR@5,RR@10,RR@100,P@1,P@3,P@5,P@10,P@100,R@1,R@3,R@5,R@10,R@100,AP
0.15296495956873316,0.2281767424847919,0.2610791059947306,0.2958934844305951,0.3572072474045539,0.15296495956873316,0.21181491464510319,0.2303122192273131,0.2449394065802418,0.25629168190580826,0.15296495956873316,0.09748427672955959,0.0752021563342325,0.04865229110512142,0.00803234501347695,0.1501572327044025,0.28374887690925427,0.3632637017070979,0.46950808625336926,0.7636455525606469,0.25179879646831127
