nDCG@1,nDCG@1_std,nDCG@1_stderr,nDCG@1_ci90_low,nDCG@1_ci90_high,nDCG@1_ci95_low,nDCG@1_ci95_high,nDCG@3,nDCG@3_std,nDCG@3_stderr,nDCG@3_ci90_low,nDCG@3_ci90_high,nDCG@3_ci95_low,nDCG@3_ci95_high,nDCG@5,nDCG@5_std,nDCG@5_stderr,nDCG@5_ci90_low,nDCG@5_ci90_high,nDCG@5_ci95_low,nDCG@5_ci95_high,nDCG@10,nDCG@10_std,nDCG@10_stderr,nDCG@10_ci90_low,nDCG@10_ci90_high,nDCG@10_ci95_low,nDCG@10_ci95_high,nDCG@100,nDCG@100_std,nDCG@100_stderr,nDCG@100_ci90_low,nDCG@100_ci90_high,nDCG@100_ci95_low,nDCG@100_ci95_high,RR@1,RR@3,RR@5,RR@10,RR@100,P@1,P@3,P@5,P@10,P@100,R@1,R@3,R@5,R@10,R@100,AP
0.15026954177897575,0.35745588279935764,0.009279092377797855,0.1349972528478423,0.1655418307101092,0.13206799975419464,0.16847108380375686,0.22330147214848753,0.3744992770898159,0.00972151684935471,0.2073010048476692,0.23930193944930586,0.20423208580402902,0.24237085849294604,0.25473476456672733,0.3715355195752592,0.00964458153765248,0.23886092369244774,0.27060860544100696,0.23581629183020839,0.2736532373032463,0.2903299552435907,0.3611063834071093,0.009373854651953933,0.2749016988135081,0.30575821167367323,0.27194253086683057,0.3087173796203508,0.3506064533141552,0.32529159237988137,0.00844414900036248,0.3367083824619192,0.3645045241663912,0.3340427069221738,0.36717019970613657,0.15026954177897575,0.20732255166217425,0.2251796945193167,0.2399165169212335,0.25125443518895224,0.15026954177897575,0.09501347708894856,0.07291105121293867,0.0479784366576821,0.007884097035040295,0.14678796046720574,0.2773472596585804,0.3537174303683737,0.46226415094339623,0.7498315363881402,0.24681390495371588
