{
  "nDCG@1": 0.14824797843665768,
  "nDCG@1_std": 0.3554654141403775,
  "nDCG@1_stderr": 0.009227422385917613,
  "nDCG@1_ci90_low": 0.1330607322029062,
  "nDCG@1_ci90_high": 0.16343522467040916,
  "nDCG@1_ci95_low": 0.13014779045495933,
  "nDCG@1_ci95_high": 0.16634816641835604,
  "nDCG@3": 0.2187687342770396,
  "nDCG@3_std": 0.3724177410274657,
  "nDCG@3_stderr": 0.009667482865471148,
  "nDCG@3_ci90_low": 0.20285720052493178,
  "nDCG@3_ci90_high": 0.23468026802914743,
  "nDCG@3_ci95_low": 0.19980533909943016,
  "nDCG@3_ci95_high": 0.23773212945464905,
  "nDCG@5": 0.2502308381507764,
  "nDCG@5_std": 0.3700741708756913,
  "nDCG@5_stderr": 0.009606646815545595,
  "nDCG@5_ci90_low": 0.2344194333438351,
  "nDCG@5_ci90_high": 0.26604224295771767,
  "nDCG@5_ci95_low": 0.23138677683409403,
  "nDCG@5_ci95_high": 0.2690748994674588,
  "nDCG@10": 0.2863508323168255,
  "nDCG@10_std": 0.35978712703552623,
  "nDCG@10_stderr": 0.009339608462896836,
  "nDCG@10_ci90_low": 0.2709789410647987,
  "nDCG@10_ci90_high": 0.3017227235688523,
  "nDCG@10_ci95_low": 0.26803058406289426,
  "nDCG@10_ci95_high": 0.30467108057075676,
  "nDCG@100": 0.34630426053959235,
  "nDCG@100_std": 0.32464008778329634,
  "nDCG@100_stderr": 0.008427236783702543,
  "nDCG@100_ci90_low": 0.33243402519634585,
  "nDCG@100_ci90_high": 0.36017449588283884,
  "nDCG@100_ci95_low": 0.3297736885583976,
  "nDCG@100_ci95_high": 0.3628348325207871,
  "RR@1": 0.1495956873315364,
  "RR@3": 0.20429020664869718,
  "RR@5": 0.22214734950583975,
  "RR@10": 0.23695904462413858,
  "RR@100": 0.24810782121547617,
  "P@1": 0.14824797843665768,
  "P@3": 0.09299191374663045,
  "P@5": 0.07142857142857208,
  "P@10": 0.04743935309973065,
  "P@100": 0.007823450134770754,
  "R@1": 0.14476639712488767,
  "R@3": 0.271170260557053,
  "R@5": 0.3469788858939802,
  "R@10": 0.45754716981132076,
  "R@100": 0.7448899371069181,
  "AP": 0.24300400698390842
}