nDCG@1,nDCG@1_std,nDCG@1_stderr,nDCG@1_ci90_low,nDCG@1_ci90_high,nDCG@1_ci95_low,nDCG@1_ci95_high,nDCG@3,nDCG@3_std,nDCG@3_stderr,nDCG@3_ci90_low,nDCG@3_ci90_high,nDCG@3_ci95_low,nDCG@3_ci95_high,nDCG@5,nDCG@5_std,nDCG@5_stderr,nDCG@5_ci90_low,nDCG@5_ci90_high,nDCG@5_ci95_low,nDCG@5_ci95_high,nDCG@10,nDCG@10_std,nDCG@10_stderr,nDCG@10_ci90_low,nDCG@10_ci90_high,nDCG@10_ci95_low,nDCG@10_ci95_high,nDCG@100,nDCG@100_std,nDCG@100_stderr,nDCG@100_ci90_low,nDCG@100_ci90_high,nDCG@100_ci95_low,nDCG@100_ci95_high,RR@1,RR@3,RR@5,RR@10,RR@100,P@1,P@3,P@5,P@10,P@100,R@1,R@3,R@5,R@10,R@100,AP
0.1509433962264151,0.3581143761935126,0.009296186014603277,0.1356429731901831,0.16624381926264709,0.13270832392345563,0.16917846852937454,0.22529923831447926,0.3736752545051001,0.009700126288860671,0.2093339773470999,0.2412644992818586,0.20627181094293684,0.24432666568602168,0.2534197843076256,0.3713884787648761,0.009640764548400084,0.2375522257463499,0.26928734286890127,0.23450879884329412,0.272330769771957,0.29089970881558613,0.360626906603292,0.009361408054290496,0.27549193801362176,0.3063074796175505,0.2725366992480781,0.30926271838309416,0.3537191890462714,0.32279095597766055,0.008379235713727567,0.33992795778874946,0.3675104203037934,0.33728277427968467,0.37015560381285817,0.1509433962264151,0.2097933513027852,0.22589847259658552,0.2414230629358656,0.25285803910312504,0.1509433962264151,0.09636118598382729,0.07196765498652356,0.04791105121293818,0.00807277628032331,0.14667565139263253,0.28077268643306375,0.34883198562443846,0.4627695417789757,0.7655548068283917,0.24728211695279695
