{
  "nDCG@1": 0.14487870619946092,
  "nDCG@1_std": 0.35209715427223415,
  "nDCG@1_stderr": 0.009139986716306673,
  "nDCG@1_ci90_low": 0.12983536873984564,
  "nDCG@1_ci90_high": 0.1599220436590762,
  "nDCG@1_ci95_low": 0.12695002895934074,
  "nDCG@1_ci95_high": 0.1628073834395811,
  "nDCG@3": 0.21195863762149508,
  "nDCG@3_std": 0.36790439912197603,
  "nDCG@3_stderr": 0.009550322347239777,
  "nDCG@3_ci90_low": 0.19623993622980562,
  "nDCG@3_ci90_high": 0.22767733901318454,
  "nDCG@3_ci95_low": 0.19322506040553628,
  "nDCG@3_ci95_high": 0.2306922148374539,
  "nDCG@5": 0.24223437073259965,
  "nDCG@5_std": 0.36638026429687665,
  "nDCG@5_stderr": 0.009510757778522764,
  "nDCG@5_ci90_low": 0.22658078794306222,
  "nDCG@5_ci90_high": 0.25788795352213706,
  "nDCG@5_ci95_low": 0.22357840198640003,
  "nDCG@5_ci95_high": 0.26089033947879925,
  "nDCG@10": 0.27845806214016133,
  "nDCG@10_std": 0.35728885709692126,
  "nDCG@10_stderr": 0.009274756606596563,
  "nDCG@10_ci90_low": 0.263192909375781,
  "nDCG@10_ci90_high": 0.2937232149045417,
  "nDCG@10_ci95_low": 0.26026502501203574,
  "nDCG@10_ci95_high": 0.2966510992682869,
  "nDCG@100": 0.3398749386753707,
  "nDCG@100_std": 0.3220231429204096,
  "nDCG@100_stderr": 0.008359304279864133,
  "nDCG@100_ci90_low": 0.32611651220137505,
  "nDCG@100_ci90_high": 0.3536333651493664,
  "nDCG@100_ci95_low": 0.3234776207100991,
  "nDCG@100_ci95_high": 0.3562722566406423,
  "RR@1": 0.14487870619946092,
  "RR@3": 0.198674752920036,
  "RR@5": 0.21535265049415978,
  "RR@10": 0.2301734372994477,
  "RR@100": 0.2416856834474808,
  "P@1": 0.14487870619946092,
  "P@3": 0.09007187780772648,
  "P@5": 0.06913746630727824,
  "P@10": 0.04615902964959596,
  "P@100": 0.007796495956873182,
  "R@1": 0.14094788858939802,
  "R@3": 0.26190476190476186,
  "R@5": 0.3350179694519317,
  "R@10": 0.44609164420485176,
  "R@100": 0.741576819407008,
  "AP": 0.2363090524036945
}