{
  "nDCG@1": 0.14487870619946092,
  "nDCG@3": 0.21195863762149508,
  "nDCG@5": 0.24223437073259965,
  "nDCG@10": 0.27845806214016133,
  "nDCG@100": 0.3398749386753707,
  "RR@1": 0.14487870619946092,
  "RR@3": 0.198674752920036,
  "RR@5": 0.21535265049415978,
  "RR@10": 0.2301734372994477,
  "RR@100": 0.2416856834474808,
  "P@1": 0.14487870619946092,
  "P@3": 0.09007187780772648,
  "P@5": 0.06913746630727824,
  "P@10": 0.04615902964959596,
  "P@100": 0.007796495956873182,
  "R@1": 0.14094788858939802,
  "R@3": 0.26190476190476186,
  "R@5": 0.3350179694519317,
  "R@10": 0.44609164420485176,
  "R@100": 0.741576819407008,
  "AP": 0.2363090524036945
}