{
  "nDCG@1": 0.15296495956873316,
  "nDCG@1_std": 0.36007505977253396,
  "nDCG@1_stderr": 0.009347082824332333,
  "nDCG@1_ci90_low": 0.1375807664015221,
  "nDCG@1_ci90_high": 0.16834915273594422,
  "nDCG@1_ci95_low": 0.13463004986966937,
  "nDCG@1_ci95_high": 0.17129986926779694,
  "nDCG@3": 0.2281767424847919,
  "nDCG@3_std": 0.3769491123845331,
  "nDCG@3_stderr": 0.00978511140494587,
  "nDCG@3_ci90_low": 0.2120716060646361,
  "nDCG@3_ci90_high": 0.24428187890494768,
  "nDCG@3_ci95_low": 0.2089826112914827,
  "nDCG@3_ci95_high": 0.24737087367810107,
  "nDCG@5": 0.2610791059947306,
  "nDCG@5_std": 0.37344049777710403,
  "nDCG@5_stderr": 0.00969403230784034,
  "nDCG@5_ci90_low": 0.24512387499958282,
  "nDCG@5_ci90_high": 0.2770343369898784,
  "nDCG@5_ci95_low": 0.24206363236253292,
  "nDCG@5_ci95_high": 0.2800945796269283,
  "nDCG@10": 0.2958934844305951,
  "nDCG@10_std": 0.36278911495365707,
  "nDCG@10_stderr": 0.00941753618642798,
  "nDCG@10_ci90_low": 0.28039333335949795,
  "nDCG@10_ci90_high": 0.31139363550169225,
  "nDCG@10_ci95_low": 0.2774203758885023,
  "nDCG@10_ci95_high": 0.3143665929726879,
  "nDCG@100": 0.3572072474045539,
  "nDCG@100_std": 0.32522273416470654,
  "nDCG@100_stderr": 0.008442361530158959,
  "nDCG@100_ci90_low": 0.3433121185169296,
  "nDCG@100_ci90_high": 0.3711023762921782,
  "nDCG@100_ci95_low": 0.34064700725140523,
  "nDCG@100_ci95_high": 0.37376748755770256,
  "RR@1": 0.15296495956873316,
  "RR@3": 0.21181491464510319,
  "RR@5": 0.2303122192273131,
  "RR@10": 0.2449394065802418,
  "RR@100": 0.25629168190580826,
  "P@1": 0.15296495956873316,
  "P@3": 0.09748427672955959,
  "P@5": 0.0752021563342325,
  "P@10": 0.04865229110512142,
  "P@100": 0.00803234501347695,
  "R@1": 0.1501572327044025,
  "R@3": 0.28374887690925427,
  "R@5": 0.3632637017070979,
  "R@10": 0.46950808625336926,
  "R@100": 0.7636455525606469,
  "AP": 0.25179879646831127
}