case_id,qid,condition,rank,docid,retrieval_score_raw,score,rel,doc_lang,snippet
CASE_0247,1006509,endpoint,1,843122,0.6072,0.6072,0,ar,"""كانت موسيقى البلوز في يوم من الأيام طريقة حياة ، ومجموعة متنوعة من الموسيقى ، وحركة شعرية ، وحالة ذهنية ، وتقليد فولكلوري ، وموقف أخلاقي ، وحتى نوع من الأسلوب النقدي التلقائي البديهي (Garon ، 1978). يصور البلوز البعد """"العلماني"""" للتجربة السوداء."""
CASE_0247,1006509,endpoint,2,4944902,0.5997,0.5997,0,ar,مودي بلوز هي فرقة موسيقى الروك الإنجليزية. برزوا في البداية وهم يعزفون موسيقى الإيقاع والبلوز ، لكن ألبومهم الثاني ، أيام المستقبل مرت ، الذي تم إصداره في عام 1967 ، كان عبارة عن اندماج موسيقى الروك مع الموسيقى الكلاسيكية وجعلهم روادًا في تطوير موسيقى الروك التقدمي.
CASE_0247,1006509,endpoint,3,5024507,0.5938,0.5938,0,ar,موسيقى البلوز هي نوع موسيقي بدأ في أواخر القرن التاسع عشر (ستينيات القرن التاسع عشر - زمن الحرب الأهلية) يغنيه الأمريكيون الأفارقة المستعبدون. جنبا إلى جنب مع الروحانيات ، (أغاني العمل - بدايات bࢠ€Â¦lues) يعتبر البلوز هو الجذر الموسيقي للأميركيين الأفارقة.
CASE_0247,1006509,endpoint,4,8221646,0.5885,0.5885,0,ar,Next (Sound) Soul music هي نوع موسيقي يجمع بين موسيقى الإيقاع والبلوز وموسيقى الإنجيل ، وقد نشأت في أواخر الخمسينيات من القرن الماضي في الولايات المتحدة. نشأ الإيقاع والبلوز (مزيج من موسيقى البلوز والجاز) في الأربعينيات من القرن الماضي كمجموعات صغيرة من الموسيقيين الأمريكيين من أصل أفريقي في الغالب
CASE_0247,1006509,endpoint,5,2665944,0.585,0.585,0,ar,غالبًا ما سخر البلوز من الخرافات القديمة. كانت موسيقى البلوز هي الموسيقى التصويرية للتقدم الاجتماعي والتسامح ، وقد تحدت طغيان الكنيسة ، ولهذا السبب ، تم شيطنتها. كانت موسيقى البلوز ، البوهيمية الأصل ، مكروهة من قبل البرجوازية. لقد كان تهديدًا للحكمة الفيكتورية. بحلول العشرينات من القرن الماضي في ذرو
CASE_0247,1006509,endpoint,6,7976810,0.583,0.583,0,ar,البلوز كشكل موسيقي يضم الثلثين والسابع بالارض ، ربما عام 1895 (على الرغم من رسميًا عام 1912 ، في WC Handy's Memphis Blues) ؛ بمعنى الاكتئاب ، يعود انخفاض الروح المعنوية إلى عام 1741 ، من الصفة. أزرق منخفض الروح ، أواخر 14 ج.
CASE_0247,1006509,endpoint,7,4450179,0.5793,0.5793,0,ar,البلوز: أسلوب حزين للموسيقى العلمانية الأفريقية الأمريكية ، يعتمد على شكل موسيقي / شعري بسيط. دلتا. بدأ البلوز في أوائل القرن العشرين. موسيقى البلوز الكلاسيكية في أواخر عشرينيات القرن الماضي ؛ الإيقاع والبلوز في الأربعينيات. آلة نحاسية: أداة معدنية قوية ذات فوهة وأنبوب يجب نفخها.
CASE_0247,1006509,endpoint,8,2550361,0.5787,0.5787,0,ar,موسيقى البلوز ، موسيقى شعبية علمانية أنشأها الأمريكيون السود في أوائل القرن العشرين. منذ نشأتها في الجنوب ، أصبحت أشكال البلوز البسيطة ولكن التعبيرية بحلول الستينيات من القرن الماضي أحد أهم التأثيرات على تطور الموسيقى الشعبية في جميع أنحاء الولايات المتحدة. ميسيسيبي جون هيرت ، ج. 1965.
CASE_0247,1006509,endpoint,9,2989964,0.5777,0.5777,0,ar,كان Boogie Woogie أول موسيقى بيانو حصرية تصدر حتى الآن من موسيقى البلوز. كان Boogie Woogie ، وهو مصطلح يستخدم لوصف عزف البيانو البلوز الذي ازدهر تقريبًا بين عامي 1920 و 1945 ، موسيقى شائعة للغاية في المساكن. يصف كلا المصطلحين ظاهرة حدثت في المساكن المزدحمة في شيكاغو وديترويت ونيويورك ، وفي كل مدينة
CASE_0247,1006509,endpoint,10,5024498,0.5771,0.5771,0,ar,موسيقى البلوز هي نوع من الأغاني الشعبية التي نشأت بين الأمريكيين السود في بداية القرن العشرين. موسيقى البلوز لها صوت حزن من الاستخدام المتكرر لنوتات البلوز. ࢠÂâ موسيقى البلوز هي أيضًا حالة من الاكتئاب وهو الاسم الذي يطلق على كل من الشكل الموسيقي ونوع الموسيقى الذي تم إنشاؤه في أعماق الجنوب للولايات
CASE_0247,1006509,mixed,1,7253087,0.6717,0.6717,1,ar,استمع مجانًا إلى The Moody Blues - مرت أيام المستقبل (يبدأ اليوم ، الفجر: الفجر شعور والمزيد). 7 مسارات (41:19). Days of Future Passed هو الألبوم الثاني والألبوم المفاهيمي الأول لفرقة الروك الإنجليزية The Moody Blues ، الذي صدر في ديسمبر 1967 في تسجيلات ديرام.
CASE_0247,1006509,mixed,2,7253090,0.6713,0.6713,0,ar,مرت أيام المستقبل. Days of Future Passed هو الألبوم الثاني والألبوم المفاهيمي الأول لفرقة الروك الإنجليزية The Moody Blues ، صدر في نوفمبر 1967 بواسطة Deram Records. مع اندماجها بين العناصر الأوركسترالية والصخرية ، تم الاستشهاد بها كأحد الأمثلة الأولى على الصخور التقدمية.
CASE_0247,1006509,mixed,3,7253093,0.6619,0.6619,0,ar,16 فبراير 2017. لوس أنجلوس ، كاليفورنيا (16 فبراير 2017) ¢ سيطلق The Moody Blues جولة حية خاصة للاحتفال بالذكرى الخمسين لألبومهم الشهير ، DAYS OF FUTURE PASSED ، الذي صدر في الأصل عام 1967.
CASE_0247,1006509,mixed,4,2514865,0.6525,0.6525,0,ar,Days of Future Passed هو عنوان ألبوم مفاهيمي مذهل أصدره Moody Blues في عام 1967. المفهوم عبارة عن سلسلة من الأغاني التي تأخذ المستمع خلال يوم عمل واحد. *** SPOILERS SPOILERS SPOILERS ***.
CASE_0247,1006509,mixed,5,4944902,0.6307,0.6307,0,ar,مودي بلوز هي فرقة موسيقى الروك الإنجليزية. برزوا في البداية وهم يعزفون موسيقى الإيقاع والبلوز ، لكن ألبومهم الثاني ، أيام المستقبل مرت ، الذي تم إصداره في عام 1967 ، كان عبارة عن اندماج موسيقى الروك مع الموسيقى الكلاسيكية وجعلهم روادًا في تطوير موسيقى الروك التقدمي.
CASE_0247,1006509,mixed,6,7253085,0.6301,0.6301,0,ar,تم تقديمه منذ عام واحد بواسطة 7thHanyou. فضولي حقًا ، لأنني لست مهتمًا بالكتب المصورة. شاهدت واستمتعت بأول فيلمين من أفلام X-Men ، لكنني توقفت عن الاهتمام بعد الفيلم الثالث. Days of Future Passed هو عنوان الألبوم المؤثر Moody Blues لعام 1967 ، والذي يمكن القول أنه أول ألبوم موسيقى روك تقدمي حسن الني
CASE_0247,1006509,mixed,7,7253091,0.6068,0.6068,0,ar,أغنية The Moody Blues Nights In White Satin هي جزء من الألبوم التاريخي 1967 Days of Future Passed. ومع ذلك ، تمت كتابة الأغنية قبل أن تفكر الفرقة في القيام بأيام المستقبل.
CASE_0247,1006509,mixed,8,3932627,0.5833,0.5833,0,ar,مودي بلوز هي فرقة روك إنجليزية تشكلت في مايو 1964 في برمنغهام ، المملكة المتحدة. من بين ابتكاراتهم كان دمج موسيقى الروك مع الموسيقى الكلاسيكية ، وعلى الأخص في ألبومهم 1967 Days of Future Passed. مودي بلوز هي فرقة روك إنجليزية تشكلت في مايو 1964 في برمنغهام ، المملكة المتحدة. كان من بين ابتكاراتهم دم
CASE_0247,1006509,mixed,9,4138062,0.5596,0.5596,0,ar,اذهب الآن من خلال حقائق اغنية مودي بلوز. قبل أن يسجلها The Moody Blues ، كانت هذه أغنية روحية غامضة لبيسي بانكس ، التي أصدرتها في عام 1964. أنتج جيري ليبر ومايك ستولر تسجيلها ، وكتبه زوجها لاري بانكس.
CASE_0247,1006509,mixed,10,4430498,0.551,0.551,0,ar,في عام 1968 ، أصدروا ألبومًا بعنوان Children of the Future ، وهو الأول في سلسلة من الأقراص المتجذرة بقوة في أسلوب البلوز المخدر الذي سيطر بعد ذلك على مشهد سان فرانسيسكو. الكتابة في كراودادي! وصف بيتر نوبلر الألبوم بأنه لحظة ثلاثية من الخبرة والمعرفة والإلهام.
CASE_0247,1029772,endpoint,1,1519573,0.5896,0.5896,0,ar,مفتاح الرمز البريدي أو العنوان أو انقر على الخريطة. طبقة مضغوطة. تعرض هذه الصفحة خريطة Google مع تراكب من الرموز البريدية لـ Palm Beach Shores ، مقاطعة بالم بيتش ، فلوريدا. يمكن للمستخدمين بسهولة عرض حدود كل رمز بريدي. إرشادات الفهرس سياسة الخصوصية الخرائط الجديدة. بالم بيتش شورز ، مقاطعة بالم بيتش
CASE_0247,1029772,endpoint,2,7806922,0.5791,0.5791,0,ar,الرمز البريدي لشواطئ بحيرة موراي (ولاية SC). الرمز البريدي لـ Lake Murray Shores (SC) هو 29070. يمكنك العثور أدناه على خريطة Lake Murray Shores ، أو ابحث عن الرموز البريدية الأخرى في ساوث كارولينا أو ولايات أمريكية أخرى. إذا تم تكرار الرمز البريدي الخاص بـ Lake Murray Shores ، وكانت الأماكن الأخرى ل
CASE_0247,1029772,endpoint,3,2444908,0.5701,0.5701,0,ar,مرحبا بكم في USZip.com. USZip.com USZip.com هي خدمة بحث فورية عن الرمز البريدي تتميز بالبيانات الجغرافية والديموغرافية ومعدلات الجريمة والمعلومات التجارية والمعاهد التعليمية والطقس والخرائط التي يمكن استكشافها عن طريق الرمز البريدي أو اسم المدينة. 51360 هو الرمز البريدي الخاص بـ. بحيرة الروح ، IA. ا
CASE_0247,1029772,endpoint,4,163246,0.558,0.558,0,ar,مفتاح الرمز البريدي أو العنوان أو انقر على الخريطة. تعرض هذه الصفحة خريطة Google مع تراكب من الرموز البريدية لشاطئ ريفييرا ، مقاطعة بالم بيتش ، فلوريدا. يمكن للمستخدمين بسهولة عرض حدود كل رمز بريدي. ريفييرا بيتش ، مقاطعة بالم بيتش ، فلوريدا Zip Code Map Boundary الإصدار 3.0 حقوق الطبع والنشر © 1996-
CASE_0247,1029772,endpoint,5,3532660,0.5531,0.5531,0,ar,أغنى رمز بريدي في الولايات المتحدة ليس 90210 ، ولا حتى في المنطقة المجاورة. وفقًا لمجلة Forbes ، فإن الرمزين البريديين المرتبطين أولاً هما 07620 - Alpine ، NJ - و 33109 - Fisher Island ، Fla. 9. تمت إضافة ZIP + أربعة في عام 1983.
CASE_0247,1029772,endpoint,6,2954528,0.5524,0.5524,0,ar,يقع الرمز البريدي 13420 على بعد 0.1 كيلومتر من سلسلة بحيرات فولتون. يقع هذا المنزل الريفي المكون من عائلتين في Holiday Shores Estates الموجه للعائلات - على بعد ستة أميال شرق أولد فورج على بحيرة فورث. تفتخر Holiday Shores بأكثر من 300 قدم من الواجهة على بحيرة فورث مع زلاقات للقوارب وشاطئ رملي. كل نتا
CASE_0247,1029772,endpoint,7,1246787,0.5516,0.5516,0,ar,مفتاح الرمز البريدي أو العنوان أو انقر على الخريطة. تعرض هذه الصفحة خريطة Google مع تراكب من الرموز البريدية لـ Safety Harbour ، مقاطعة Pinellas ، فلوريدا. يمكن للمستخدمين بسهولة عرض حدود كل رمز بريدي. Safety Harbour ، مقاطعة Pinellas ، فلوريدا Zip Code Map Boundary الإصدار 3.0 حقوق الطبع والنشر © 1
CASE_0247,1029772,endpoint,8,1409476,0.551,0.551,0,ar,الرمز البريدي 83869 الوصف. يقع الرمز البريدي 83869 في ولاية أيداهو في منطقة مترو سبوكان. يقع الرمز البريدي 83869 بشكل أساسي في مقاطعة Kootenai. توجد أجزاء من 83869 أيضًا في مقاطعة بونر. الاسم الرسمي للخدمة البريدية الأمريكية لـ 83869 هو SPIRIT LAKE ، أيداهو. توجد أجزاء من الرمز البريدي 83869 داخل حد
CASE_0247,1029772,endpoint,9,2496188,0.5502,0.5502,0,ar,يقع الرمز البريدي 75140 على بعد 83.5 ميلاً من بحيرة رايت باتمان التاريخية المكونة من 3 غرف نوم وحمامين ونصف ، وممتلكات من طابقين مع فناء خلفي ضخم مسور. غرفة نوم رئيسية في الطابق السفلي مع حمام رئيسي ضخم مع حوض استحمام ودش.
CASE_0247,1029772,endpoint,10,3705669,0.5501,0.5501,0,ar,يقع الرمز البريدي 55769 على بعد 34 كم من بحيرة دير. كابينة تم تجديدها حديثًا في غابات الشمال البكر على بحيرة شمال مينيسوتا الجميلة. استمتع بكل ما يقدمه North Woods في راحة المقصورة الحديثة. الصيد وصيد الأسماك وركوب الدراجات والجري والتزلج على الجليد كلها في متناول يدك في هذا المكان ...
CASE_0247,1029772,mixed,1,7218572,0.6697,0.6697,1,ar,يتضمن كود ZIP + 4 الممتد ، الذي تم تقديمه في الثمانينيات ، خمسة أرقام من رمز Lake Arrowhead ZIP ، وواصلة ، وأربعة أرقام أخرى تحدد موقعًا أكثر تحديدًا داخل رمز بريدي معين في Lake Arrowhead ، كاليفورنيا. رمز Lake Arrowhead البريدي هو 92352. إذا كنت تريد إرسال بريد إلى Lake Arrowhead City ، فيجب عليك ا
CASE_0247,1029772,mixed,2,7218569,0.6307,0.6307,0,ar,تقع Lake Arrowhead CA ZIP Code Lake Arrowhead city في ولاية كاليفورنيا ، مقاطعة سان برناردينو ولها رمز بريدي فريد يعينه مكتب الخدمات البريدية بالولايات المتحدة. يمكنك البحث عن الرمز البريدي Lake Arrowhead CA من خلال شوارعها وأرقام الحظر إذا كان لدينا بعض شوارع Lake Arrowhead التي تم تحميلها في موقعن
CASE_0247,1029772,mixed,3,7218567,0.6306,0.6306,0,ar,تُظهر هذه الصفحة خريطة Google مع تراكب من الرموز البريدية لـ Lake Arrowhead ، مقاطعة San Bernardino ، كاليفورنيا. يمكن للمستخدمين بسهولة عرض حدود كل رمز بريدي. إرشادات الفهرس سياسة الخصوصية شراء الإعلان على موقعنا.
CASE_0247,1029772,mixed,4,7218571,0.613,0.613,0,ar,تُظهر هذه الصفحة خريطة Google مع تراكب من الرموز البريدية لـ Lake Arrowhead ، مقاطعة San Bernardino ، كاليفورنيا. يمكن للمستخدمين بسهولة عرض حدود كل رمز بريدي. Lake Arrowhead، San Bernardino County، California Zip Code Map Boundary Version 3.0 حقوق النشر © 1996-2017 USNaviguide LLC. كل الحقوق محفوظة
CASE_0247,1029772,mixed,5,3480668,0.6113,0.6113,0,ar,خريطة توضح حدود 85935 ، رمز بريدي بالقرب من Pinetop-Lakeside ، أريزونا. الرابط الثابت: https://www.maptechnica.com/zip-code-map/85935.
CASE_0247,1029772,mixed,6,7218573,0.6094,0.6094,0,ar,تُظهر هذه الصفحة خريطة Google مع تراكب من الرموز البريدية لـ Lake Arrowhead ، مقاطعة San Bernardino ، كاليفورنيا. يمكن للمستخدمين بسهولة عرض حدود كل رمز بريدي والحالة ككل.
CASE_0247,1029772,mixed,7,7806922,0.6079,0.6079,0,ar,الرمز البريدي لشواطئ بحيرة موراي (ولاية SC). الرمز البريدي لـ Lake Murray Shores (SC) هو 29070. يمكنك العثور أدناه على خريطة Lake Murray Shores ، أو ابحث عن الرموز البريدية الأخرى في ساوث كارولينا أو ولايات أمريكية أخرى. إذا تم تكرار الرمز البريدي الخاص بـ Lake Murray Shores ، وكانت الأماكن الأخرى ل
CASE_0247,1029772,mixed,8,7218576,0.604,0.604,0,ar,ليك أروهيد كاليفورنيا الرمز البريدي. تقع مدينة Lake Arrowhead في ولاية كاليفورنيا بمقاطعة سان برناردينو ولها رمز بريدي فريد يعينه مكتب الخدمات البريدية بالولايات المتحدة. يمكنك البحث عن الرمز البريدي Lake Arrowhead CA من خلال شوارعها وأرقام الحظر إذا كان لدينا بعض شوارع Lake Arrowhead التي تم تحميله
CASE_0247,1029772,mixed,9,1519573,0.5999,0.5999,0,ar,مفتاح الرمز البريدي أو العنوان أو انقر على الخريطة. طبقة مضغوطة. تعرض هذه الصفحة خريطة Google مع تراكب من الرموز البريدية لـ Palm Beach Shores ، مقاطعة بالم بيتش ، فلوريدا. يمكن للمستخدمين بسهولة عرض حدود كل رمز بريدي. إرشادات الفهرس سياسة الخصوصية الخرائط الجديدة. بالم بيتش شورز ، مقاطعة بالم بيتش
CASE_0247,1029772,mixed,10,4337491,0.5904,0.5904,0,ar,مواضيع دعائية. بحيرة Arrowhead هي مكان مخصص للتعداد (CDP) في جبال سان برناردينو في مقاطعة سان برناردينو ، كاليفورنيا ، داخل غابة سان برناردينو الوطنية ، بجوار بحيرة أروهيد الخزان. كان عدد سكان CDP 12424 في تعداد 2010 ، ارتفاعًا من 8934 في تعداد عام 2000.
CASE_0247,1039346,endpoint,1,7698584,0.5436,0.5436,0,ar,لحم الضأن والضأن ولحم الضأن هي لحوم الأغنام الداجنة في مختلف الأعمار. الخروف في عامه الأول يسمى الحمل ، ويطلق على لحمه أيضًا لحم الضأن. لحوم الخراف الصغيرة التي مضى عليها أكثر من عام واحد ؛ خارج الولايات المتحدة ، هذا أيضًا مصطلح للحيوان الحي. لحم الخروف البالغ هو لحم الضأن ، وهو مصطلح يستخدم فقط لل
CASE_0247,1039346,endpoint,2,6306638,0.5291,0.5291,0,ar,لحم الضأن والضأن (المملكة المتحدة والهند وجنوب إفريقيا وكندا ونيوزيلندا وأستراليا) هي مصطلحات لحوم الأغنام الداجنة (الأنواع Ovis aries) في مختلف الأعمار. يسمى لحمها أيضًا لحم الضأن. لحم الخروف الصغير الذي يزيد عمره عن عام واحد هو لحم الضأن ؛ خارج أمريكا الشمالية ، هذا أيضًا مصطلح للحيوان الحي. يتم أ
CASE_0247,1039346,endpoint,3,8784636,0.5276,0.5276,0,ar,لحم الضأن والضأن (المملكة المتحدة والهند وجنوب إفريقيا وكندا ونيوزيلندا وأستراليا) هي مصطلحات لحوم الأغنام الداجنة (الأنواع Ovis aries) في مختلف الأعمار. يُطلق على لحمها أيضًا اسم lamb. تختلف تعريفات ساق الضأن ، ولكنها تشمل بشكل عام: 1 قطعة من لحم الضأن مقطوعة من ذراع الكتف ، وتحتوي على عظم الساق وج
CASE_0247,1039346,endpoint,4,2808386,0.5249,0.5249,0,ar,مصطلحات لحم الضأن أو لحم الضأن هي أسماء للحيوانات أو لحوم الأغنام الداجنة. يُعرف لحم الخروف الذي يبلغ من العمر عامًا أو أقل عمومًا باسم لحم الضأن ، في حين أن لحم الخروف الأكبر سنًا هو لحم الضأن. غالبًا ما يطلق على الحمل الصغير جدًا لحم الضأن الذي يتغذى على الحليب أو لحم الضأن ******. الإجابة: يشار إ
CASE_0247,1039346,endpoint,5,5447897,0.5229,0.5229,0,ar,الحيوان الصغير كالعجل أو الضأن يسمن للذبح. أصل السمنة. 1520-1530.
CASE_0247,1039346,endpoint,6,5351942,0.5221,0.5221,0,ar,التعريف: لحم الضأن هو خروف أكبر سنًا وناضجًا. الحمل خروف صغير. تنتج الأغنام الأكبر سناً نكهة أكثر ثراءً ، لكنها قد تكون قاسية إذا لم يتم طهيها بشكل صحيح. أفضل طريقة لطهي أي قطعة من لحم الضأن طويلة جدًا وبطيئة. يحظى بشعبية كبيرة في الطبخ الشرق أوسطي والبريطاني. النطق: mut-tun.
CASE_0247,1039346,endpoint,7,8599577,0.5202,0.5202,0,ar,ما هو الخروف؟ ما هي أوقات طهي لحم الضأن؟ كيف تربى الحملان؟ ما هي أوقات التخزين المقترحة للحمل؟
CASE_0247,1039346,endpoint,8,2808382,0.5173,0.5173,0,ar,لحم الضأن ولحم الضأن (المملكة المتحدة والهند وجنوب إفريقيا وكندا ونيوزيلندا وأستراليا) هي مصطلحات لحوم الأغنام الداجنة (الأنواع Ovis aries) في مختلف الأعمار. يسمى لحم الضأن أيضًا لحم الضأن ، حيث يتم أخذ لحم الضأن من الحيوان الذي يتراوح عمره بين شهر وسنة ، ويتراوح وزن الذبيحة (الذبيحة باللغة الإنجليز
CASE_0247,1039346,endpoint,9,4958335,0.5171,0.5171,0,ar,يتم تطبيق مصطلح لحم الضأن على لحم الماعز في معظم هذه البلدان ، ويزداد عدد الماعز. على سبيل المثال ، يُصنع لحم الضأن بالكاري دائمًا من لحم الماعز. تشير التقديرات إلى أن أكثر من ثلث الماعز يتم ذبحها كل عام وبيعها كضأن. خارج أمريكا الشمالية ، هذا أيضًا مصطلح للحيوان الحي. لحم الخروف البالغ هو لحم الضأن
CASE_0247,1039346,endpoint,10,1225644,0.513,0.513,0,ar,لحم الضأن. لحم الضأن هو لحم خروف يزيد عمره عن عام واحد ويفضل أن يكون عمره 3 سنوات. إنه لون أحمر كثيف ويحتوي على كمية كبيرة من الدهون. نكهته قوية جدًا وقد تضطر إلى اكتساب الطعم قبل الاستمتاع بلحم الضأن. يعتبر لحم الضأن أكثر شيوعًا في الشرق الأوسط وأوروبا منه في الولايات المتحدة. تميل نكهة لحم الضأن ا
CASE_0247,1039346,mixed,1,7842364,0.6186,0.6186,1,ar,نسخة من الحمل للذبح. Lamb to the Slaughter بقلم رولد دال شخصية ديناميكية تناقض متناقض شخصيات ثابتة لفظية سخرية درامية سخرية بطل الرواية مؤامرة العرض الشخصية الرئيسية التي تشارك في الصراع: البطل في The Lamb to the Slaughter هي ماري مالوني. كلي العلم - الراوي هو شخص خارجي يعرف كل شيء ويمكنه الدخول في
CASE_0247,1039346,mixed,2,7842369,0.6066,0.6066,1,ar,books.google.com - Lamb to the Slaughter هي قصة قصيرة وحادة وتقشعر لها الأبدان من رولد دال ، سيد الحكاية المروعة. في Lamb to the Slaughter ، يروي رولد دال ، أحد المؤلفين المفضلين في العالم ، قصة ملتوية عن الجانب المظلم من الطبيعة البشرية.
CASE_0247,1039346,mixed,3,7842368,0.5598,0.5598,0,ar,نسخة من الحمل للذبح. البطلة في The Lamb to the Slaughter هي ماري مالوني. كلي العلم - الراوي هو شخص خارجي يعرف كل شيء ويمكنه الدخول في عقول أكثر من شخصية. الشخصيات التي لا تتغير في القصة: أحداث القصة: السيد مالوني يصل إلى المنزل وينقل بعض الأخبار السيئة للسيدة مالوني.
CASE_0247,1039346,mixed,4,7150265,0.5509,0.5509,0,ar,الشريحة 1 من 8. Lamb to the Slaughter للكاتب رولد دال هي قصة ممتعة تستخدم السخرية والمنظور لخلق قصة ممتعة حقًا. ومع ذلك ، للحصول على أكبر قيمة من هذه القصة ، من المفيد أن نفهم ليس فقط ما يحدث في القصة ولكن لماذا يحدث ذلك.
CASE_0247,1039346,mixed,5,8319240,0.5497,0.5497,0,ar,How to Cook Rack of Lamb هذا عرض لوصفة من لحم الضأن أنتوني بوردان من كتاب الطبخ Les Halles.
CASE_0247,1039346,mixed,6,7150259,0.5299,0.5299,0,ar,يقال Lamb to the Slaughter من وجهة نظر ماري مالوني. يعد هذا الاختيار لسرد القصة من وجهة نظر القاتل خيارًا مثيرًا للاهتمام ويعرف هذه القصة إلى حد كبير.
CASE_0247,1039346,mixed,7,4492877,0.5221,0.5221,0,ar,"""عن وليام بليك. """"The Lamb"""" هي قصيدة قصيرة كتبها وليام بليك ، الشاعر الإنجليزي الذي عاش من 1757 إلى 1827 وكتب في بداية الحركة الرومانسية ، وتركزت هذه الحركة على الروحانية البشرية والتعبير مع التركيز على الطبيعة. باركك فيك! يوفر المقطع الثاني هذا الإجابة المقترحة في المقطع الأول. يصف بليك الرب يسوع"
CASE_0247,1039346,mixed,8,4593932,0.513,0.513,0,ar,هذه هي نسخة الكتاب والفيلم. للحصول على نسخة التلفزيون ، يرجى الانتقال إلى هنا. هانيبال ليكتر الثامن (مواليد 1933) هو قاتل متسلسل أمريكي من أصل ليتواني ، اشتهر باستهلاك ضحاياه ، مما أكسبه لقب هانيبال آكلي لحوم البشر. انتقل ليكتر ، الذي أصبح يتيمًا في سن مبكرة ، إلى الولايات المتحدة الأمريكية ، وأصبح
CASE_0247,1039346,mixed,9,7150264,0.5098,0.5098,0,ar,"""فيديو: حمل للذبح: الملخص ، الإعداد والشخصيات. من الخوخ العملاق إلى الأطفال الذين يعانون من التحريك الذهني ، جلب لنا Roald Dahl بعض الشخصيات والإعدادات الرائعة على مر السنين. قم بزيارة بعض الأشخاص والأماكن الجديدة وغير الملائمة للأطفال في هذا الدرس حول قصة Dahl القصيرة ، """"Lamb to the Slaughter!""""."""
CASE_0247,1039346,mixed,10,7150262,0.5081,0.5081,0,ar,"في ¢ â ""Lamb to the Slaughter ، داهل يظهر إتقانه للرعب النفسي قصير الشكل ، حيث يؤدي غياب العناصر الخيالية بشكل علني إلى إبراز المبنى جو من الرعب. تدور القصة بأكملها داخل شقة ماري مالوني ، وهي زوجة محقق شرطة فاضح وغير كفء."
CASE_0247,1095542,endpoint,1,1015891,0.6965,0.6965,0,ar,أبرد متوسط ​​درجة حرارة في طائر الفينيق هو كانون الأول (ديسمبر) عند 54 درجة مئوية ، وأعلى معدل لهطول الأمطار شهريًا في طائر الفينيق يحدث في أغسطس مع 1 5 بوصات ، وتستند معلومات طقس طائر الفينيق إلى متوسط ​​3 سنوات سابقة من البيانات
CASE_0247,1095542,endpoint,2,1015886,0.6937,0.6937,0,ar,متوسطات الطقس السنوية لطائر الفينيق في يوليو هو أكثر الشهور سخونة في طائر الفينيق بمتوسط ​​درجة حرارة 33 درجة مئوية و 91 درجة فهرنهايت والأبرد هو يناير عند 12 درجة مئوية و 54 فهرنهايت مع أكثر ساعات سطوع الشمس اليومية في 14 يونيو ، ويكون الشهر الأكثر رطوبة في أغسطس بمتوسط ​​32 ملم من المطر
CASE_0247,1095542,endpoint,3,1015890,0.6799,0.6799,0,ar,أعلى متوسط ​​درجة حرارة في طائر الفينيق هو يوليو عند 96 درجة مئوية ، وأبرد متوسط ​​درجة حرارة في طائر الفينيق هو ديسمبر عند 54 درجة مئوية ، ويحدث أكبر هطول شهري في طائر الفينيق في أغسطس مع 1 5 بوصات
CASE_0247,1095542,endpoint,4,1015884,0.6746,0.6746,0,ar,أعلى متوسط ​​درجة حرارة في طائر الفينيق هو يوليو عند 96 درجة مئوية ، وأبرد متوسط ​​درجة حرارة في طائر الفينيق هو ديسمبر عند 54 درجة 2 درجة ، ويحدث أكبر هطول شهري في طائر الفينيق في أغسطس مع 1 5 بوصات ، وتستند معلومات الطقس عن طائر الفينيق إلى متوسط ​​الثلاثة السابقة 7 سنوات من البيانات
CASE_0247,1095542,endpoint,5,1532462,0.6684,0.6684,0,ar,متوسطات الطقس السنوية لطائر الفينيق في يوليو هو أكثر الشهور سخونة في طائر الفينيق بمتوسط ​​درجة حرارة 33 درجة مئوية و 91 درجة فهرنهايت والأبرد هو يناير عند 12 درجة مئوية و 54 فهرنهايت مع أكثر ساعات سطوع الشمس اليومية في 14 يونيو ، ويكون الشهر الأكثر رطوبة في أغسطس بمتوسط ​​32 ملم من بيانات الطقس الم
CASE_0247,1095542,endpoint,6,1532464,0.6562,0.6562,0,ar,أعلى متوسط ​​درجة حرارة في طائر الفينيق هو يوليو عند 96 درجة مئوية ، وأبرد متوسط ​​درجة حرارة في طائر الفينيق هو ديسمبر عند 54 درجة 2 درجة ، ويحدث أكبر هطول شهري في طائر الفينيق في أغسطس مع 1 5 بوصات ، وتستند معلومات الطقس عن طائر الفينيق على متوسط ​​3 7 السابقة سنوات من البيانات مؤشر تلوث فينيكس من
CASE_0247,1095542,endpoint,7,5165752,0.6558,0.6558,0,ar,تبدأ قصة طائر الفينيق في الأساطير المصرية القديمة وتطورت فيما بعد في التقاليد الفينيقية والهندية واليونانية. طائر الفينيق هو طائر ناري مقدس مع ريش جميل من الذهب والأحمر أو الأرجواني والأزرق. يعيش طائر الفينيق لمدة 500-1000 عام ثم يبني لنفسه عشًا من أغصان المر.
CASE_0247,1095542,endpoint,8,1015888,0.6394,0.6394,0,ar,يوليو هو الشهر الأكثر سخونة في طائر الفينيق بمتوسط ​​درجة حرارة 33 درجة مئوية 91 فهرنهايت وأبرد شهر يناير عند 12 درجة مئوية و 54 فهرنهايت مع أكثر ساعات سطوع الشمس اليومية في 14 يونيو ، ويكون شهر أغسطس الأكثر رطوبة بمتوسط ​​32 ملم من طقس تحميل الأمطار البيانات
CASE_0247,1095542,endpoint,9,1015885,0.6383,0.6383,0,ar,يوليو هو الشهر الأكثر سخونة في طائر الفينيق بمتوسط ​​درجة حرارة 33 درجة مئوية 91 فهرنهايت وأبرد شهر يناير عند 12 درجة مئوية و 54 فهرنهايت مع أكثر ساعات سطوع الشمس اليومية في 14 يونيو ، ويكون شهر أغسطس الأكثر رطوبة بمتوسط ​​32 ملم من الأمطار
CASE_0247,1095542,endpoint,10,1532463,0.6302,0.6302,0,ar,يوليو هو الشهر الأكثر سخونة في طائر الفينيق بمتوسط ​​درجة حرارة 33 درجة مئوية 91 فهرنهايت وأبردها هو يناير عند 12 درجة مئوية و 54 فهرنهايت مع أكثر ساعات سطوع الشمس اليومية عند 14 في يونيو ، أما الشهر الأكثر رطوبة فهو أغسطس بمتوسط ​​32 ملم من بيانات الطقس المحملة بالمطر أكثر الشهور سخونة في طائر الفي
CASE_0247,1095542,mixed,1,7580351,0.6843,0.6843,1,ar,في الأسبوع الماضي فقط ، سقط أكثر من 3.5 بوصات في بعض أجزاء من فينيكس فيما وصفه المسؤولون بحدث استمر 100 عام. إذن ، ما مقدار المطر الذي تحصل عليه Phoenix رسميًا كل عام؟ وفقًا لـ 120 عامًا من البيانات من National Weather Service ، فإن Phoenix تحصل على حوالي 7.57 بوصة من الأمطار سنويًا. لقد قمنا بتجميع
CASE_0247,1095542,mixed,2,1513002,0.6588,0.6588,0,ar,تواجه فينيكس بعض الاختلافات الموسمية في هطول الأمطار الشهرية. تستمر فترة هطول الأمطار من العام لمدة 267 يومًا ، من 10 يوليو إلى 3 أبريل ، مع هطول أمطار متدرج لمدة 31 يومًا لا يقل عن 0.5 بوصة. تسقط معظم الأمطار خلال الـ 31 يومًا التي تركزت حول 19 فبراير ، بمتوسط ​​تراكم إجمالي يبلغ 1.1 بوصة.
CASE_0247,1095542,mixed,3,1015886,0.6439,0.6439,0,ar,متوسطات الطقس السنوية لطائر الفينيق في يوليو هو أكثر الشهور سخونة في طائر الفينيق بمتوسط ​​درجة حرارة 33 درجة مئوية و 91 درجة فهرنهايت والأبرد هو يناير عند 12 درجة مئوية و 54 فهرنهايت مع أكثر ساعات سطوع الشمس اليومية في 14 يونيو ، ويكون الشهر الأكثر رطوبة في أغسطس بمتوسط ​​32 ملم من المطر
CASE_0247,1095542,mixed,4,7606031,0.6343,0.6343,0,ar,يكون طقس واحد من كل أربع سنوات أكثر جفافاً ، بينما يكون طقس واحد من كل أربعة أكثر رطوبة. تصل أشعة الشمس إلى الأرض في فينيكس خلال 80 بالمائة من ساعات النهار في المتوسط ​​في فبراير ، أي ما مجموعه 246 ساعة في الشهر. عادة في 13 يومًا من هذا الشهر ، تكون السماء صافية بشكل أساسي ، مع غطاء سحابة بنسبة 30 ف
CASE_0247,1095542,mixed,5,5845101,0.6335,0.6335,0,ar,مقياس هطول الأمطار ، بالسنتيمتر في السنة ، هو متوسط ​​إجمالي هطول الأمطار لسنة نموذجية. على سبيل المثال ، فينيكس ، أريزونا ، وهي صحراء شبه استوائية ، يبلغ متوسط ​​درجة الحرارة فيها 29.2 درجة مئوية (84.6 درجة فهرنهايت) وتتلقى متوسط ​​21 سم (8.3 بوصة) من الأمطار سنويًا. انقر على الصورة لعرض أكبر. ضع ف
CASE_0247,1095542,mixed,6,1015891,0.6296,0.6296,0,ar,أبرد متوسط ​​درجة حرارة في طائر الفينيق هو كانون الأول (ديسمبر) عند 54 درجة مئوية ، وأعلى معدل لهطول الأمطار شهريًا في طائر الفينيق يحدث في أغسطس مع 1 5 بوصات ، وتستند معلومات طقس طائر الفينيق إلى متوسط ​​3 سنوات سابقة من البيانات
CASE_0247,1095542,mixed,7,3400232,0.6244,0.6244,0,ar,ظلال المطر. يستمر ظل المطر عبر البراري ، حيث يتراوح هطول الأمطار السنوي بين 350-500 ملم ، ويزداد بمعدل حوالي 40 ملم كل 100 كيلومتر إلى الشرق. يرتفع من 500 ملم في السنة في وينيبيج إلى 1500 ملم في هاليفاكس.
CASE_0247,1095542,mixed,8,1532462,0.6241,0.6241,0,ar,متوسطات الطقس السنوية لطائر الفينيق في يوليو هو أكثر الشهور سخونة في طائر الفينيق بمتوسط ​​درجة حرارة 33 درجة مئوية و 91 درجة فهرنهايت والأبرد هو يناير عند 12 درجة مئوية و 54 فهرنهايت مع أكثر ساعات سطوع الشمس اليومية في 14 يونيو ، ويكون الشهر الأكثر رطوبة في أغسطس بمتوسط ​​32 ملم من بيانات الطقس الم
CASE_0247,1095542,mixed,9,3976479,0.6212,0.6212,0,ar,تشهد سان فرانسيسكو تباينًا موسميًا كبيرًا في هطول الأمطار شهريًا. تستمر فترة الأمطار من العام لمدة 7.4 شهرًا ، من 4 أكتوبر إلى 15 مايو ، مع هطول أمطار متدرج لمدة 31 يومًا لا يقل عن 0.5 بوصة.
CASE_0247,1095542,mixed,10,3379048,0.6183,0.6183,0,ar,مقياس هطول الأمطار ، بالسنتيمتر في السنة ، هو متوسط ​​إجمالي هطول الأمطار لسنة نموذجية. على سبيل المثال ، فينيكس ، أريزونا ، وهي صحراء شبه استوائية ، يبلغ متوسط ​​درجة الحرارة فيها 29.2 درجة مئوية (84.6 درجة فهرنهايت) وتتلقى متوسط ​​21 سم (8.3 بوصة) من الأمطار سنويًا. انقر على الصورة لعرض أكبر. ضع ف
CASE_0247,1098102,endpoint,1,730069,0.7912,0.7912,0,ar,يستغرق البريد ذو الأولوية من 1 إلى 3 أيام عمل للتسليم ، اعتبارًا من 2014. يعتمد وقت العبور الدقيق لحزمة بريد الأولوية للوصول إلى المستلم المقصود على موقع الأصل الذي يتم إرسال الطرد منه بالبريد ، وعنوان الوجهة حيث يتم إرسال الحزمة أرسلت.
CASE_0247,1098102,endpoint,2,4131937,0.7902,0.7902,0,ar,يستغرق البريد ذو الأولوية من خدمة بريد الولايات المتحدة من يومين إلى ثلاثة أيام للتسليم في أي مكان في الولايات المتحدة وفقًا لموقع ويب خدمة البريد بالولايات المتحدة ، تتم معظم عمليات تسليم البريد ذات الأولوية ... قراءة المزيد Ã⠀ šÃ' ». http://www.answerbag.com/q_view/2033342.
CASE_0247,1098102,endpoint,3,5564699,0.7874,0.7874,0,ar,جواب سريع. وفقًا لخدمة بريد الولايات المتحدة ، يستغرق البريد ذي الأولوية من يوم إلى ثلاثة أيام للوصول إلى وجهته. يختلف طول الوقت بسبب المسافة بناءً على نقطة الشحن ونقطة الاستلام. أكمل القراءة.
CASE_0247,1098102,endpoint,4,8730830,0.7825,0.7825,0,ar,يتم تسليم بريد الدرجة الأولى في غضون 2 إلى 3 أيام. يتم تسليم البريد ذو الأولوية في غضون 1 إلى 3 أيام. البريد السريع يسلم بين عشية وضحاها. كما أنها تأتي مع مرافق أخرى مثل التتبع والتوقيع عند التسليم.
CASE_0247,1098102,endpoint,5,1302967,0.7818,0.7818,0,ar,يتم تسليم معظم طرود البريد ذات الأولوية في غضون 2-3 أيام عمل. ومع ذلك ، في بعض الحالات النادرة ، قد يستغرق التسليم ما يصل إلى 5 أيام عمل.
CASE_0247,1098102,endpoint,6,2658387,0.7817,0.7817,0,ar,وفقًا لخدمة بريد الولايات المتحدة ، يستغرق البريد ذي الأولوية من يوم إلى ثلاثة أيام للوصول إلى وجهته. يختلف طول الوقت بسبب المسافة بناءً على نقطة الشحن و ... وفقًا لخدمة بريد الولايات المتحدة ، يستغرق البريد ذي الأولوية من 1 إلى 3 أيام للوصول إلى وجهته. يختلف طول الوقت بسبب المسافة بناءً على نقطة ال
CASE_0247,1098102,endpoint,7,8277728,0.7812,0.7812,0,ar,يعتمد الوقت الذي يستغرقه تسليم البريد إلى حد كبير على نوع البريد والمسافة بين المرسل والمستلم. عندما يستغرق وصول بريد الدرجة الأولى العادي حوالي 3 أيام ، فإن البريد ذي الأولوية سيستغرق يومين فقط وسيصل البريد السريع إلى المستلم بين عشية وضحاها. يقدم لك البريد السريع ضمانًا لاسترداد الأموال إذا لم يتم
CASE_0247,1098102,endpoint,8,4577738,0.7788,0.7788,0,ar,أفضل إجابة: عادةً ما يستغرق الشحن ذي الأولوية من يومين إلى ثلاثة أيام عمل ، ومع ذلك ، لا يتم تشغيل البريد خلال العطلات. من أجل الحصول عليها بحلول اليوم الرابع ، ستحتاج إلى الترقية إلى الشحن السريع.
CASE_0247,1098102,endpoint,9,870223,0.7778,0.7778,0,ar,وفقًا لخدمة بريد الولايات المتحدة ، يستغرق البريد ذي الأولوية من يوم إلى ثلاثة أيام للوصول إلى وجهته. يختلف طول الوقت بسبب المسافة بناءً على نقطة الشحن ونقطة الاستلام. أكمل القراءة.
CASE_0247,1098102,endpoint,10,2658386,0.7761,0.7761,0,ar,ج: وفقًا لخدمة بريد الولايات المتحدة ، يستغرق البريد ذي الأولوية من يوم إلى ثلاثة أيام للوصول إلى وجهته. يختلف طول الوقت بسبب المسافة بناءً على نقطة الشحن ونقطة الاستلام. يمكن تسليم البريد ذي الأولوية في مكتب البريد أو استلامه في عنوان المنزل أو العمل دون أي رسوم إضافية. تقدم USPS خدمة بسعر موحد لا
CASE_0247,1098102,mixed,1,7361145,0.7828,0.7828,1,ar,يتم تسليم بريد الأولوية ، المستخدم للحزم ، في غضون يوم إلى ثلاثة أيام عمل ، اعتمادًا على نقطة البداية والوجهة. تضمن خدمة Priority Mail Express تسليم الرسائل والطرود بين عشية وضحاها إلى معظم عناوين الولايات المتحدة. عادةً ما يستغرق البريد القياسي ، المخصص للحزم غير العاجلة ، من يومين إلى ثمانية أيام
CASE_0247,1098102,mixed,2,8009372,0.7822,0.7822,0,ar,يتم تسليم بريد الأولوية ، المستخدم للحزم ، في غضون يوم إلى ثلاثة أيام عمل ، اعتمادًا على نقطة البداية والوجهة. تضمن خدمة Priority Mail Express تسليم الرسائل والطرود بين عشية وضحاها إلى معظم عناوين الولايات المتحدة. عادةً ما يستغرق البريد القياسي ، المخصص للحزم غير العاجلة ، من يومين إلى ثمانية أيام
CASE_0247,1098102,mixed,3,5564699,0.7817,0.7817,0,ar,جواب سريع. وفقًا لخدمة بريد الولايات المتحدة ، يستغرق البريد ذي الأولوية من يوم إلى ثلاثة أيام للوصول إلى وجهته. يختلف طول الوقت بسبب المسافة بناءً على نقطة الشحن ونقطة الاستلام. أكمل القراءة.
CASE_0247,1098102,mixed,4,4131937,0.7796,0.7796,0,ar,يستغرق البريد ذو الأولوية من خدمة بريد الولايات المتحدة من يومين إلى ثلاثة أيام للتسليم في أي مكان في الولايات المتحدة وفقًا لموقع ويب خدمة البريد بالولايات المتحدة ، تتم معظم عمليات تسليم البريد ذات الأولوية ... قراءة المزيد Ã⠀ šÃ' ». http://www.answerbag.com/q_view/2033342.
CASE_0247,1098102,mixed,5,8730830,0.7746,0.7746,0,ar,يتم تسليم بريد الدرجة الأولى في غضون 2 إلى 3 أيام. يتم تسليم البريد ذو الأولوية في غضون 1 إلى 3 أيام. البريد السريع يسلم بين عشية وضحاها. كما أنها تأتي مع مرافق أخرى مثل التتبع والتوقيع عند التسليم.
CASE_0247,1098102,mixed,6,4481428,0.7737,0.7737,0,ar,أوقات تسليم البريد ذات الأولوية. _Priority Mail_ هي خدمة USPS لتسليم البريد الذي يتراوح وزنه بين 13 أوقية و 70 رطلاً ، والتي تم تحديدها على أنها مهمة من قبل المرسل ، بحيث يحاول الناقل تسليمه في أسرع وقت ممكن. يستغرق هذا بشكل عام ما بين يوم إلى ثلاثة أيام. يعرض موقع الويب USPS خريطة لمختلف المناطق ال
CASE_0247,1098102,mixed,7,8277728,0.773,0.773,0,ar,يعتمد الوقت الذي يستغرقه تسليم البريد إلى حد كبير على نوع البريد والمسافة بين المرسل والمستلم. عندما يستغرق وصول بريد الدرجة الأولى العادي حوالي 3 أيام ، فإن البريد ذي الأولوية سيستغرق يومين فقط وسيصل البريد السريع إلى المستلم بين عشية وضحاها. يقدم لك البريد السريع ضمانًا لاسترداد الأموال إذا لم يتم
CASE_0247,1098102,mixed,8,730069,0.7729,0.7729,0,ar,يستغرق البريد ذو الأولوية من 1 إلى 3 أيام عمل للتسليم ، اعتبارًا من 2014. يعتمد وقت العبور الدقيق لحزمة بريد الأولوية للوصول إلى المستلم المقصود على موقع الأصل الذي يتم إرسال الطرد منه بالبريد ، وعنوان الوجهة حيث يتم إرسال الحزمة أرسلت.
CASE_0247,1098102,mixed,9,870223,0.7727,0.7727,0,ar,وفقًا لخدمة بريد الولايات المتحدة ، يستغرق البريد ذي الأولوية من يوم إلى ثلاثة أيام للوصول إلى وجهته. يختلف طول الوقت بسبب المسافة بناءً على نقطة الشحن ونقطة الاستلام. أكمل القراءة.
CASE_0247,1098102,mixed,10,4577738,0.7723,0.7723,0,ar,أفضل إجابة: عادةً ما يستغرق الشحن ذي الأولوية من يومين إلى ثلاثة أيام عمل ، ومع ذلك ، لا يتم تشغيل البريد خلال العطلات. من أجل الحصول عليها بحلول اليوم الرابع ، ستحتاج إلى الترقية إلى الشحن السريع.
CASE_0247,1098725,endpoint,1,2534414,0.7386,0.7386,0,ar,يوم واحد على كوكب الزهرة يساوي عام واحد على الأرض. لا على محمل الجد ، هذا صحيح ، يستغرق الأمر حوالي عام واحد حتى يقوم الزهرة بالدوران الكامل (لا أعني ثورة ، لكن الدوران مثل تدوير كرة سلة.) في الواقع ، يدور الزهرة في حوالي 243 يومًا أرضيًا وهذا فقط حوالي 8 أشهر ، لا سنة. يوم واحد على كوكب الزهرة يبلغ
CASE_0247,1098725,endpoint,2,6123143,0.7349,0.7349,0,ar,اليوم على كوكب الزهرة هو 243 يومًا من أيام الأرض. يعتبر يوم الزهرة في الواقع أطول من عامه. يستغرق الأمر فقط 224.7 يومًا من أيام الأرض لكي يدور الكوكب حول الشمس. نقيس اليوم على الأرض على أنه فترة 24 ساعة ، ولكن في الواقع يستغرق الكوكب 23 ساعة و 56 دقيقة و 4 ثوانٍ للدوران حول محوره ، ويسمى هذا القياس
CASE_0247,1098725,endpoint,3,1156029,0.7297,0.7297,0,ar,اليوم على كوكب الزهرة هو 243 يومًا من أيام الأرض. يعتبر يوم الزهرة في الواقع أطول من عامه. يستغرق الأمر فقط 224.7 يومًا من أيام الأرض لكي يدور الكوكب حول الشمس. نقيس اليوم على الأرض على أنه فترة 24 ساعة ، لكن في الواقع يستغرق الكوكب 23 ساعة و 56 دقيقة و 4 ثوانٍ للدوران حول محوره.
CASE_0247,1098725,endpoint,4,5084038,0.7274,0.7274,0,ar,اليوم على كوكب الزهرة هو 243 يومًا من أيام الأرض. يعتبر يوم الزهرة في الواقع أطول من عامه. يستغرق الأمر فقط 224.7 يومًا من أيام الأرض لكي يدور الكوكب حول الشمس. نقيس اليوم على الأرض على أنه فترة 24 ساعة ، ولكن في الواقع يستغرق الكوكب 23 ساعة و 56 دقيقة و 4 ثوانٍ للدوران حول محوره ، ويعتقد بعض علماء
CASE_0247,1098725,endpoint,5,6328627,0.7269,0.7269,0,ar,يوم الزهرة أطول من سنة الزهرة. يبلغ طول سنة كوكب الزهرة حوالي 225 يومًا من أيام الأرض ، بينما يبلغ طول يوم كوكب الزهرة حوالي 243 يومًا من أيام الأرض. ومع ذلك ، نظرًا لسفره حول الشمس ، هناك شروقان للشمس في كل يوم من أيام الزهرة (إذا كان بإمكانك رؤيتهما) ، يفصل بينهما حوالي 117 يومًا على الأرض.
CASE_0247,1098725,endpoint,6,5442611,0.7265,0.7265,0,ar,لا على محمل الجد ، هذا صحيح ، يستغرق الزهرة حوالي عام واحدًا للقيام بدوران كامل (لا أعني ثورة ، لكن الدوران - - مثل تدوير كرة سلة.) في الواقع ، يدور الزهرة حوالي 243 أيام الأرض وهذا فقط حوالي 8 أشهر وليس سنة. يوم واحد على كوكب الزهرة يبلغ طوله حوالي 243 يومًا من أيام الأرض. هناك 24 ساعة في اليوم على
CASE_0247,1098725,endpoint,7,7417687,0.7221,0.7221,0,ar,تدور الزهرة حول الشمس في حوالي 225 يومًا من أيام الأرض. (224.70069 يومًا) كما قد يبدو غريبًا ، تدور الزهرة ببطء شديد لدرجة أن يومًا على كوكب الزهرة أطول من عامه. يستغرق كوكب الزهرة حوالي 243 يومًا من أيام الأرض ليدور مرة واحدة على محوره ، كما أن الدوران البطيء أيضًا في اتجاه رجعي (في اتجاه عقارب الس
CASE_0247,1098725,endpoint,8,6108141,0.7216,0.7216,0,ar,اليوم على كوكب الزهرة هو 243 يومًا من أيام الأرض. يعتبر يوم الزهرة في الواقع أطول من عامه. يستغرق الأمر فقط 224.7 يومًا من أيام الأرض لكي يدور الكوكب حول الشمس. نقيس اليوم على الأرض على أنه فترة 24 ساعة ، ولكن في الواقع يستغرق الكوكب 23 ساعة و 56 دقيقة و 4 ثوانٍ للدوران حول محوره ، ويعتقد بعض علماء
CASE_0247,1098725,endpoint,9,5496057,0.718,0.718,0,ar,يستغرق كوكب الزهرة 224.7 يومًا من أيام الأرض لإكمال مدار واحد حول الشمس. إذن ، السنة على كوكب الزهرة تساوي 0.62 سنة على الأرض. إحدى الحقائق المثيرة للاهتمام حول كوكب الزهرة هي أن اليوم على كوكب الزهرة هو في الواقع أطول من عام على كوكب الزهرة ، ويستمر يوم الزهرة 243 يومًا ، والسنة 224 يومًا. هذا يعني
CASE_0247,1098725,endpoint,10,5844638,0.7172,0.7172,0,ar,يوم واحد على كوكب الزهرة يساوي عام واحد على الأرض. لا على محمل الجد ، هذا صحيح ، يستغرق الزهرة حوالي عام واحدًا لتقوم بدوران كامل (لا أعني ثورة ، لكن الدوران ࢠ- مثل تدوير كرة سلة.) في الواقع ، يدور الزهرة حوالي 243 يومًا من أيام الأرض وهذا فقط حوالي 8 أشهر وليس سنة.
CASE_0247,1098725,mixed,1,7318057,0.7398,0.7398,1,ar,قد يبدو أن يومًا على سطح كوكب الزهرة (اليوم الشمسي) يستغرق 117 يومًا على الأرض A تستغرق سنة على كوكب الزهرة 225 يومًا أرضيًا. http://space-facts.com/venus/ يستمر اليوم الشمسي على كوكب الزهرة 117 يومًا أرضيًا ، مقابل 225 يومًا أرضيًا لإكمال مدار ، لذلك هناك نسبة 1.92 لديك.
CASE_0247,1098725,mixed,2,5084038,0.7319,0.7319,0,ar,اليوم على كوكب الزهرة هو 243 يومًا من أيام الأرض. يعتبر يوم الزهرة في الواقع أطول من عامه. يستغرق الأمر فقط 224.7 يومًا من أيام الأرض لكي يدور الكوكب حول الشمس. نقيس اليوم على الأرض على أنه فترة 24 ساعة ، ولكن في الواقع يستغرق الكوكب 23 ساعة و 56 دقيقة و 4 ثوانٍ للدوران حول محوره ، ويعتقد بعض علماء
CASE_0247,1098725,mixed,3,6123143,0.7305,0.7305,0,ar,اليوم على كوكب الزهرة هو 243 يومًا من أيام الأرض. يعتبر يوم الزهرة في الواقع أطول من عامه. يستغرق الأمر فقط 224.7 يومًا من أيام الأرض لكي يدور الكوكب حول الشمس. نقيس اليوم على الأرض على أنه فترة 24 ساعة ، ولكن في الواقع يستغرق الكوكب 23 ساعة و 56 دقيقة و 4 ثوانٍ للدوران حول محوره ، ويسمى هذا القياس
CASE_0247,1098725,mixed,4,2534414,0.7288,0.7288,0,ar,يوم واحد على كوكب الزهرة يساوي عام واحد على الأرض. لا على محمل الجد ، هذا صحيح ، يستغرق الأمر حوالي عام واحد حتى يقوم الزهرة بالدوران الكامل (لا أعني ثورة ، لكن الدوران مثل تدوير كرة سلة.) في الواقع ، يدور الزهرة في حوالي 243 يومًا أرضيًا وهذا فقط حوالي 8 أشهر ، لا سنة. يوم واحد على كوكب الزهرة يبلغ
CASE_0247,1098725,mixed,5,6108141,0.7265,0.7265,0,ar,اليوم على كوكب الزهرة هو 243 يومًا من أيام الأرض. يعتبر يوم الزهرة في الواقع أطول من عامه. يستغرق الأمر فقط 224.7 يومًا من أيام الأرض لكي يدور الكوكب حول الشمس. نقيس اليوم على الأرض على أنه فترة 24 ساعة ، ولكن في الواقع يستغرق الكوكب 23 ساعة و 56 دقيقة و 4 ثوانٍ للدوران حول محوره ، ويعتقد بعض علماء
CASE_0247,1098725,mixed,6,1156029,0.7191,0.7191,0,ar,اليوم على كوكب الزهرة هو 243 يومًا من أيام الأرض. يعتبر يوم الزهرة في الواقع أطول من عامه. يستغرق الأمر فقط 224.7 يومًا من أيام الأرض لكي يدور الكوكب حول الشمس. نقيس اليوم على الأرض على أنه فترة 24 ساعة ، لكن في الواقع يستغرق الكوكب 23 ساعة و 56 دقيقة و 4 ثوانٍ للدوران حول محوره.
CASE_0247,1098725,mixed,7,5844639,0.7172,0.7172,0,ar,يوم واحد على كوكب الزهرة يبلغ طوله حوالي 243 يومًا من أيام الأرض. هناك 24 ساعة في اليوم على الأرض ، 243 × 24 = 5832 ساعة. هذه هي فترة الدوران ، والمعروفة باسم اليوم الفلكي.
CASE_0247,1098725,mixed,8,5496057,0.7172,0.7172,0,ar,يستغرق كوكب الزهرة 224.7 يومًا من أيام الأرض لإكمال مدار واحد حول الشمس. إذن ، السنة على كوكب الزهرة تساوي 0.62 سنة على الأرض. إحدى الحقائق المثيرة للاهتمام حول كوكب الزهرة هي أن اليوم على كوكب الزهرة هو في الواقع أطول من عام على كوكب الزهرة ، ويستمر يوم الزهرة 243 يومًا ، والسنة 224 يومًا. هذا يعني
CASE_0247,1098725,mixed,9,5844635,0.7112,0.7112,0,ar,يوم واحد على كوكب الزهرة يبلغ طوله حوالي 243 يومًا من أيام الأرض. هناك 24 ساعة في اليوم على الأرض ، 243 × 24 = 5832 ساعة. هذه هي فترة الدوران ، والمعروفة باسم اليوم الفلكي. لكن الأمر أكثر تعقيدًا من ذلك لأنك تتجاهل اليوم الشمسي. يعتمد اليوم الشمسي على حركة الكوكب حول الشمس بالإضافة إلى دورانه.
CASE_0247,1098725,mixed,10,5844636,0.7104,0.7104,0,ar,يوم واحد على كوكب الزهرة يبلغ طوله حوالي 243 يومًا من أيام الأرض. هناك 24 ساعة في اليوم على الأرض ، 243 × 24 = 5832 ساعة. هذه هي فترة الدوران ، والمعروفة باسم اليوم الفلكي. لكن الأمر أكثر تعقيدًا من ذلك لأنك تتجاهل اليوم الشمسي.
CASE_0247,1100218,endpoint,1,7180705,0.7385,0.7385,0,ar,كما أنها مصدر جيد جدًا لحمض الفوليك والنحاس وكذلك مصدر جيد للألياف الغذائية والفوسفور والبروتين والحديد والزنك. الألياف الموجودة في حبوب الحمص غير قابلة للذوبان في الغالب وقد ثبت أنها تخضع للتحويل إلى أحماض دهنية قصيرة السلسلة (SCFAs) في الأمعاء الغليظة وتوفر الدعم للجهاز الهضمي بهذه الطريقة.
CASE_0247,1100218,endpoint,2,7436073,0.7382,0.7382,0,ar,مصدر جيد للبروتين. يعتبر الحمص مصدرًا جيدًا للبروتين حيث يحتوي على 4 جرامات لكل 1/3 كوب. يوجد البروتين في كل خلية في جسمك ، ويستخدم البروتين الموجود في الأطعمة مثل الحمص للحفاظ على هذه البروتينات واستبدالها ، كما أن الحمص مصدر جيد للألياف حيث يحتوي على 4 جرامات لكل 1/3 كوب. لا يحصل معظم الأمريكيين ع
CASE_0247,1100218,endpoint,3,3971221,0.7381,0.7381,0,ar,يحتوي الحمص على البروتين والألياف والفيتامينات والمعادن الصحية. ينتمي الحمص ، المعروف أيضًا باسم حبوب الحمص ، إلى عائلة البقوليات ، والتي تضم مجموعة متنوعة من الفاصوليا والفول السوداني وفول الصويا والعدس. اختر الحمص كمصدر غني بالألياف الغذائية. تساعد الأطعمة الغنية بالألياف في الحفاظ على صحة القولون
CASE_0247,1100218,endpoint,4,910779,0.7302,0.7302,0,ar,توفر لك ملعقة كبيرة من الحمص 6 في المائة من احتياجاتك اليومية من الألياف ، بناءً على نظام غذائي يحتوي على 2000 سعر حراري. تأتي هذه الألياف بشكل أساسي من الحمص الموجود في الحمص ، والذي يحتوي على ألياف قابلة للذوبان وغير قابلة للذوبان. التوازن بين كلا النوعين من الألياف هو مفتاح صحة الجهاز الهضمي. است
CASE_0247,1100218,endpoint,5,1351003,0.7286,0.7286,0,ar,الحمص ، المعروف أيضًا باسم حبوب الحمص ، طريقة صحية لإضافة المزيد من البروتين والعناصر الغذائية الأساسية الأخرى إلى وجباتك. وهي مصادر جيدة للألياف والحديد والفوسفور والزنك والبوتاسيوم والمغنيسيوم والفولات والثيامين والريبوفلافين وفيتامين ب 6.
CASE_0247,1100218,endpoint,6,1212528,0.7241,0.7241,0,ar,عدد الألياف: 11 جرام لكل كوب ، معلب. يُطلق على الحمص أيضًا اسم حبوب الحمص ، وله نكهة جوزة قليلاً واستئناف غذائي يجعل العديد من الأطعمة الأخرى مخجلة. وهذا يشمل كميات جديرة بالثناء من الألياف والبروتينات النباتية والحديد وفيتامين B6 ، وهذا الأخير ضروري لصحة الجهاز العصبي.
CASE_0247,1100218,endpoint,7,6208187,0.7241,0.7241,0,ar,توفر لك ملعقة كبيرة من الحمص 6 في المائة من احتياجاتك اليومية من الألياف ، بناءً على نظام غذائي يحتوي على 2000 سعر حراري. تأتي هذه الألياف بشكل أساسي من الحمص الموجود في الحمص ، والذي يحتوي على ألياف قابلة للذوبان وغير قابلة للذوبان. التوازن بين كلا النوعين من الألياف هو مفتاح صحة الجهاز الهضمي. يمك
CASE_0247,1100218,endpoint,8,1997450,0.7223,0.7223,0,ar,الحمص مصدر بروتين مغذي. الحمص ، المعروف أيضًا باسم حبوب الحمص ، طريقة صحية لإضافة المزيد من البروتين والعناصر الغذائية الأساسية الأخرى إلى وجباتك. وهي مصادر جيدة للألياف والحديد والفوسفور والزنك والبوتاسيوم والمغنيسيوم والفولات والثيامين والريبوفلافين وفيتامين ب 6.
CASE_0247,1100218,endpoint,9,3971219,0.72,0.72,0,ar,بروتين. يوفر لك تناول الحمص مصدرًا نباتيًا للبروتين ، حيث يحتوي كل كوب من حبوب الحمص المطبوخة على 15 جرامًا. يكسر جسمك هذا البروتين إلى أحماض أمينية ، ثم يستخدمها للحفاظ على صحة أنسجة الجسم. اختر الحمص كمصدر غني بالألياف الغذائية. تساعد الأطعمة الغنية بالألياف في الحفاظ على صحة القولون - الألياف تسا
CASE_0247,1100218,endpoint,10,2583506,0.7191,0.7191,0,ar,الحمص مصدر بروتين مغذي. الحمص ، المعروف أيضًا باسم حبوب الحمص ، طريقة صحية لإضافة المزيد من البروتين والعناصر الغذائية الأساسية الأخرى إلى وجباتك. تعتبر مصادر جيدة للألياف والحديد والفوسفور والزنك والبوتاسيوم والمغنيسيوم وحمض الفوليك والثيامين والريبوفلافين وفيتامين ب 6 ، وقد تقلل هذه الحبوب أيضًا م
CASE_0247,1100218,mixed,1,297186,0.76,0.76,1,ar,لطالما تم تقييم حبوب Garbanzo (مثل معظم البقوليات) لمحتواها من الألياف. كوبان يوفران القيمة اليومية الكاملة! لكن الأخبار البحثية حول الجاربانزوس والألياف قد خطت بنا مؤخرًا خطوة أخرى إلى الأمام من خلال الإشارة إلى أن فوائد الألياف من حبوب الحمص قد تتجاوز فوائد الألياف للأطعمة الأخرى. في دراسة حديثة ،
CASE_0247,1100218,mixed,2,6413110,0.7438,0.7438,0,ar,لطالما تم تقييم حبوب Garbanzo (مثل معظم البقوليات) لمحتواها من الألياف. كوبان يوفران القيمة اليومية الكاملة! لكن الأخبار البحثية حول الجاربانزوس والألياف قد خطت بنا مؤخرًا خطوة أخرى إلى الأمام من خلال الإشارة إلى أن فوائد الألياف من حبوب الحمص قد تتجاوز فوائد الألياف للأطعمة الأخرى. في دراسة حديثة ،
CASE_0247,1100218,mixed,3,5293663,0.7383,0.7383,0,ar,حبوب Garbanzo والفاصوليا بشكل عام غنية بالألياف. كوب واحد من حبوب الحمص المطبوخة يحتوي على حوالي 12 جرامًا من الألياف. الألياف مفيدة للجهاز الهضمي ، لكنها قد تسبب الغازات أيضًا. تحتوي حبوب Garbanzo أيضًا على رافينوز - وهو سكر موجود في العديد من أفراد عائلة البقوليات.
CASE_0247,1100218,mixed,4,3236496,0.7266,0.7266,0,ar,حبوب Garbanzo (المعروفة أيضًا باسم الحمص ، وغرام البنغال ، والبازلاء المصرية) لها طعم لذيذ يشبه المكسرات وملمس زبداني. أنها توفر مصدرًا مركّزًا للبروتين الذي يمكن الاستمتاع به على مدار العام ومتوفر إما مجفف أو معلب. Garbanzos هو طعام تريد بالتأكيد الاحتفاظ به في قائمة دعم الجهاز الهضمي - خاصةً إذا ك
CASE_0247,1100218,mixed,5,7816520,0.7236,0.7236,0,ar,لطالما تم تقييم حبوب Garbanzo (مثل معظم البقوليات) لمحتواها من الألياف. كوبان يوفران القيمة اليومية الكاملة! لكن الأخبار البحثية حول الجاربانزوس والألياف قد خطت بنا مؤخرًا خطوة أخرى إلى الأمام من خلال الإشارة إلى أن فوائد الألياف من حبوب الحمص قد تتجاوز فوائد الألياف للأطعمة الأخرى.
CASE_0247,1100218,mixed,6,1353515,0.7234,0.7234,0,ar,تناول حبوب الحمص يمكن أن يحمي قلبك. فهي مصدر كبير لحمض الفوليك والألياف. لأن محتوى البوتاسيوم في garbanzo ؛ يمكنهم المساعدة في الحفاظ على ضغط الدم تحت السيطرة. إنها أيضًا طريقة ممتعة ولذيذة لزيادة تناول الألياف.
CASE_0247,1100218,mixed,7,6580789,0.7183,0.7183,0,ar,حبوب Garbanzo هي أفضل مصدر للفيتامينات من حبوب الكلى. في حين أن كلا النوعين من الفاصوليا يوفران 2 في المائة من القيمة اليومية لفيتامين سي ، فإن حبوب الحمص توفر أيضًا نسبة مذهلة تبلغ 33 في المائة من القيمة اليومية لحمض الفوليك ، والذي لا يحتويه الفاصوليا على أكثر من كميات ضئيلة. الفاصوليا ، والتخلص م
CASE_0247,1100218,mixed,8,7006013,0.7161,0.7161,0,ar,كوبان يوفران القيمة اليومية الكاملة! لكن الأخبار البحثية حول الجاربانزوس والألياف قد خطت بنا مؤخرًا خطوة أخرى إلى الأمام من خلال الإشارة إلى أن فوائد الألياف من حبوب الحمص قد تتجاوز فوائد الألياف للأطعمة الأخرى. في دراسة حديثة ، تلقت مجموعتان من المشاركين حوالي 28 جرامًا من الألياف يوميًا. لكن المجم
CASE_0247,1100218,mixed,9,6150194,0.7055,0.7055,0,ar,1 حصتين (2) أو أكثر في اليوم. 2 البقوليات ، وهو اسم آخر للفاصوليا والبازلاء والعدس ، كلها مصادر جيدة للألياف والبروتين والحديد والكالسيوم والزنك وفيتامين ب. 3 تشمل هذه المجموعة أيضًا الحمص والفاصوليا المخبوزة والمعاد قليها وحليب الصويا والتمبيه والبروتين النباتي المركب. حبوب Garbanzo / الحمص - يُطلق
CASE_0247,1100218,mixed,10,3236494,0.7055,0.7055,0,ar,يوضح هذا الرسم البياني تفاصيل النسبة المئوية للقيمة اليومية التي توفرها حصة من حبوب الحمص (الحمص) لكل عنصر من العناصر الغذائية التي تعتبر مصدرًا جيدًا أو جيدًا جدًا أو ممتازًا وفقًا لنظام تصنيف الطعام لدينا. Garbanzos هو طعام تريد بالتأكيد الاحتفاظ به في قائمة دعم الجهاز الهضمي - خاصةً إذا كنت تركز
CASE_0247,21765,endpoint,1,1924420,0.6866,0.6866,0,ar,الكتب المصورة. في تعريفه الأوسع ، الكتاب المصور هو كتاب تلعب فيه الرسوم التوضيحية دورًا مهمًا في سرد ​​القصة. تقليديا ، الكتب المصورة (تسمى أيضًا كتب القصص المصورة) عبارة عن كتب مكونة من 32 صفحة للأعمار من 4 إلى 8 سنوات (قد يختلف هذا العمر قليلاً حسب الناشر).
CASE_0247,21765,endpoint,2,5547332,0.6834,0.6834,0,ar,بقلم لورا باكس ، كتاب الأطفال. * الكتب المصورة - في أوسع تعريف لها ، الكتاب المصور هو كتاب تلعب فيه الرسوم التوضيحية دورًا مهمًا في سرد ​​القصة. 1. كتب الأطفال - بالنسبة للرضع والأطفال الصغار ، تكون هذه الكتب عمومًا عبارة عن تهويدات أو أغاني أطفال أو كتب بلا كلمات.
CASE_0247,21765,endpoint,3,5903214,0.6743,0.6743,0,ar,الكتب المصورة - تقليديًا ، الكتب المصورة (وتسمى أيضًا كتب القصص المصورة) هي كتب مكونة من 32 صفحة للأعمار من 4 إلى 8 سنوات (قد يختلف هذا العمر قليلاً حسب الناشر). يصل طول المخطوطات إلى 1500 كلمة ، ويبلغ متوسط ​​طولها 1000 كلمة.
CASE_0247,21765,endpoint,4,7583158,0.6734,0.6734,0,ar,الرواية المصورة هي صيغة وليست نوع. يمكن أن تكون الروايات المصورة خيالًا أو غير خيالي أو تاريخي أو خيال أو أي شيء بينهما. تشبه الروايات المصورة الكتب المصورة لأنها تستخدم الفن المتسلسل لرواية قصة. على عكس الكتب المصورة ، تعتبر الروايات المصورة عمومًا قصصًا قائمة بذاتها ذات حبكات أكثر تعقيدًا. تعتبر م
CASE_0247,21765,endpoint,5,2066247,0.6698,0.6698,0,ar,الرواية المصورة هي صيغة وليست نوع. يمكن أن تكون الروايات المصورة خيالًا أو غير خيالي أو تاريخي أو خيال أو أي شيء بينهما. تشبه الروايات المصورة الكتب المصورة لأنها تستخدم الفن المتسلسل لرواية قصة. على عكس الكتب المصورة ، تعتبر الروايات المصورة عمومًا قصصًا قائمة بذاتها ذات حبكات أكثر تعقيدًا.
CASE_0247,21765,endpoint,6,3049843,0.6698,0.6698,0,ar,تستخدم كل من الكتب المصورة والروايات المصورة مجموعة من الرسوم التوضيحية والكلمات لرواية قصة. يمكن أن تكون هذه القصة أي شيء ، سواء كانت خيالية أو غير خيالية ، حكاية بطل خارق أو قصة نهاية العالم من الزومبي. الفرق ليس في المحتوى ، ولكن في العرض. الكتب المصورة هي قصص متسلسلة. معظمها قصير نسبيًا ، وتحكي
CASE_0247,21765,endpoint,7,7353503,0.6654,0.6654,0,ar,تعتبر الكتب المصورة للبالغين من المنشورات السرية لنوع الكتاب الهزلي. ومع ذلك ، هناك العديد من الكتب المصورة للبالغين للاختيار من بينها. العديد من المكتبات السائدة وحتى متاجر الكتب المصورة لا تحمل هذا النوع. بدلا من ذلك ، يتم تنزيل معظمها من الإنترنت.
CASE_0247,21765,endpoint,8,879902,0.6621,0.6621,0,ar,ما يحتاج المعلمون لمعرفته حول الأدب الواقعي الجديد. الكتب المصورة للأطفال هي نوع من الأنواع المتفجرة من حيث الجودة والكمية. تكشف الكتب الواقعية الحديثة عن التركيز على المرئي والتركيز على الدقة وأسلوب الكتابة الجذاب. يتم تضمين الاقتراحات لاختيار واستخدام الكتب المصورة في الفصل الدراسي.
CASE_0247,21765,endpoint,9,2220252,0.6589,0.6589,0,ar,ما يحتاج المعلمون لمعرفته حول الأدب الواقعي الجديد. بقلم: شارون روث جيل. الكتب المصورة للأطفال هي نوع من الأنواع المتفجرة من حيث الجودة والكمية. تكشف الكتب الواقعية الحديثة عن التركيز على المرئي والتركيز على الدقة وأسلوب الكتابة الجذاب. يتم تضمين الاقتراحات لاختيار واستخدام الكتب المصورة في الفصل ال
CASE_0247,21765,endpoint,10,5708736,0.6544,0.6544,0,ar,تغطي الكتب المصورة مجموعة واسعة من الموضوعات والأساليب. تعد قائمة الفائزين بميدالية Caldecott ، المتوفرة من مكتبتك ، مكانًا جيدًا لبدء البحث. يمكن أن يصل طول الكتب غير الخيالية في تنسيق الكتاب المصور إلى 10 أو 48 صفحة أو ما يصل إلى 2000 كلمة نصية. 4. الكتب المصورة المبكرة - مصطلح يشير إلى الكتب المص
CASE_0247,21765,mixed,1,7353502,0.6692,0.6692,1,ar,بصرف النظر عن الأبطال الخارقين ، فإن الأنواع الرئيسية للكتب المصورة هي: البديل / الباطني ، والمانجا ، والخيال العلمي ، والخيال ، والحركة / المغامرة ، والرعب ، والفكاهة ، والرومانسية ، والأطفال ، والبالغون. تحظى كاريكاتير الأبطال الخارقين بشعبية كبيرة في الولايات المتحدة.
CASE_0247,21765,mixed,2,7583158,0.6345,0.6345,0,ar,الرواية المصورة هي صيغة وليست نوع. يمكن أن تكون الروايات المصورة خيالًا أو غير خيالي أو تاريخي أو خيال أو أي شيء بينهما. تشبه الروايات المصورة الكتب المصورة لأنها تستخدم الفن المتسلسل لرواية قصة. على عكس الكتب المصورة ، تعتبر الروايات المصورة عمومًا قصصًا قائمة بذاتها ذات حبكات أكثر تعقيدًا. تعتبر م
CASE_0247,21765,mixed,3,2066247,0.6281,0.6281,0,ar,الرواية المصورة هي صيغة وليست نوع. يمكن أن تكون الروايات المصورة خيالًا أو غير خيالي أو تاريخي أو خيال أو أي شيء بينهما. تشبه الروايات المصورة الكتب المصورة لأنها تستخدم الفن المتسلسل لرواية قصة. على عكس الكتب المصورة ، تعتبر الروايات المصورة عمومًا قصصًا قائمة بذاتها ذات حبكات أكثر تعقيدًا.
CASE_0247,21765,mixed,4,4398441,0.6277,0.6277,0,ar,التجارة ذات الأغلفة الورقية هي ابن عم الرواية المصورة. تم تعريف الروايات المصورة على أنها قصة متطورة يتم سردها بين غلافين ، عادةً ما يكون كتابًا من 64 أو 128 أو 176 صفحة ، بدلاً من مجموعة من القصص المصورة في شكل كتاب [غلاف عادي] أو كتب هزلية كلاسيكية (وينر). هناك ستة أنواع أساسية من الروايات المصورة
CASE_0247,21765,mixed,5,7624999,0.6262,0.6262,0,ar,Post 1. بينما يمكنك شراء الكتب المصورة عبر الإنترنت ، هناك أيضًا عدد متزايد من الكتب المصورة التي يتم نشرها كإصدارات مطبوعة أو مجموعات من webcomics أو رسوم هزلية رسمها فنانون مستقلون ونشرت على مواقع الويب.
CASE_0247,21765,mixed,6,5141319,0.6245,0.6245,0,ar,الحقيقة حول الروايات المصورة: تنسيق وليس نوع. كريستين. فليتشر سبير ، ميريديث. جنسون بنيامين وتيريزا. كوبلاند. في السنوات العديدة الماضية ، ازداد الضجيج حول الروايات المصورة يصم الآذان. يبدو أن هذه الكتب ، التي تبدو كرسوم كاريكاتورية على المنشطات ، لها خصائص شبه خارقة. إنهم يجتذبون القراء المترددين و
CASE_0247,21765,mixed,7,3049843,0.6237,0.6237,0,ar,تستخدم كل من الكتب المصورة والروايات المصورة مجموعة من الرسوم التوضيحية والكلمات لرواية قصة. يمكن أن تكون هذه القصة أي شيء ، سواء كانت خيالية أو غير خيالية ، حكاية بطل خارق أو قصة نهاية العالم من الزومبي. الفرق ليس في المحتوى ، ولكن في العرض. الكتب المصورة هي قصص متسلسلة. معظمها قصير نسبيًا ، وتحكي
CASE_0247,21765,mixed,8,7353504,0.6225,0.6225,0,ar,"""09/25/2012/1 تعليق // بواسطة. هل يمكن اعتبار الكتب المصورة فنًا """"جادًا""""؟ أو ربما يكون السؤال الأكثر ملاءمة هو ، """"لماذا لا يمكن اعتبار الكتب المصورة فنًا جادًا؟"""" كانت الكتب المصورة عنصرًا منتشرًا في ثقافة البوب ​​لسنوات عديدة."""
CASE_0247,21765,mixed,9,5141313,0.6222,0.6222,0,ar,"""من المهم أن تتذكر أنه ليست كل الروايات المصورة تدور حول أبطال خارقين. إن استبعاد الروايات المصورة لأنك لا تحب كاريكاتير السبانديكس هو ما يعادل استبعاد جميع الكتب الصوتية لأنك لا تحب كتابات ستيفن كينج. لذا ، فإن """"الروايات المصورة"""" هي مصطلح غير دقيق يستخدم لوصف تنسيق يستخدم مزيجًا من الكلمات والفن"
CASE_0247,21765,mixed,10,1924420,0.6221,0.6221,0,ar,الكتب المصورة. في تعريفه الأوسع ، الكتاب المصور هو كتاب تلعب فيه الرسوم التوضيحية دورًا مهمًا في سرد ​​القصة. تقليديا ، الكتب المصورة (تسمى أيضًا كتب القصص المصورة) عبارة عن كتب مكونة من 32 صفحة للأعمار من 4 إلى 8 سنوات (قد يختلف هذا العمر قليلاً حسب الناشر).
CASE_0247,661945,endpoint,1,2410283,0.6818,0.6818,0,ar,تجنب. 1 الأطعمة المحفزة (الأطعمة التي سببت لك مشاكل من قبل). 2 بعض الأطعمة الغنية بالألياف. 3 مكسرات وبذور وفشار. 4 أطعمة غنية بالدهون. 5 الكافيين. 6 الكحول. 7 أطعمة حارة. 8 الفواكه والخضروات النيئة (خاصة ذات القشرة). 9 برقوق. 10 فاصوليا. 11 منتجات الألبان كما هو مسموح به. 12 حصة طعام كبيرة.
CASE_0247,661945,endpoint,2,6442472,0.6738,0.6738,0,ar,وتجنب. هذه الأشياء ... أثناء تناولك الطعام لتقليل الأعراض ، تذكر أن هناك بالفعل بعض الأطعمة التي يمكن أن تجعلك تشعر بالسوء وتزيد من الطاقة التي يحتاجها جسمك للشفاء. . تشمل الأشياء التي يجب تجنبها الكحول والأطعمة السكرية مثل الآيس كريم والبسكويت والأطعمة الغنية بالدهون مثل البرغر والبطاطا المقلية.
CASE_0247,661945,endpoint,3,5964712,0.6654,0.6654,0,ar,1 تجنب الأطعمة التي تؤثر عليك أكثر. تشمل الجناة الشائعة الفاصوليا والبازلاء والعدس والملفوف والبصل والبروكلي والقرنبيط وخبز القمح الكامل والفطر والبيرة وغيرها من المشروبات الغازية. إذا كانت منتجات الألبان مشكلة ، جرب الأصناف منخفضة اللاكتوز أو الخالية من اللاكتوز. قلل من تناول الأطعمة الدهنية.
CASE_0247,661945,endpoint,4,7156567,0.6632,0.6632,0,ar,بصرف النظر عن الأطعمة التي تساعد على تحسين بصرك بشكل طبيعي ، يجب عليك أيضًا تجنب الأطعمة التالية أو تقليصها قدر الإمكان لمنع فقدان البصر: الأطعمة السكرية ذات المؤشر الجلايسيمي المرتفع مثل المعكرونة والخبز والحبوب
CASE_0247,661945,endpoint,5,1488817,0.6624,0.6624,0,ar,بالإضافة إلى ذلك ، يجب عليك أنت وشريكك التقليل من بعض الأطعمة التي تسبب ضعف الخصوبة ، بما في ذلك الكربوهيدرات المكررة (الخبز الأبيض والمعكرونة والسكر) وانسداد الشرايين والأطعمة المعبأة المليئة بالدهون المشبعة.
CASE_0247,661945,endpoint,6,6616135,0.6619,0.6619,0,ar,1 تجنب الأطعمة التي تحتوي على نسبة عالية من السكريات مثل المعجنات والحلوى والفطائر والحلوى. استخدم مجموعة متنوعة من الفواكه والخضروات في خطة التغذية الخاصة بك. ابدأ بمحاولة تناول 5 حصص من الخضار والفاكهة كل يوم.
CASE_0247,661945,endpoint,7,8292335,0.661,0.661,0,ar,المواد التي تعزز نمو الخلايا السيئة: السكر / الجلوكوز: الكعك والفطائر وكعكة الجبن والخبز وغيرها من مصادر السكر المكرر. الدقيق الأبيض: الخبز الأبيض والمعكرونة البيضاء وما شابه. اللحوم الحمراء: المكواة جيدة في تعزيز نمو السرطان. الكالسيوم: يعزز سرطان البروستاتا. ميثيونين. الأسبارتات: في أي شكل من أشكا
CASE_0247,661945,endpoint,8,7335342,0.6608,0.6608,0,ar,النبأ السيئ هو أن الأطعمة التي ربما تشتهيها مثل السكر والملح والقهوة والكحول ؟؟؟ € لن يؤدي إلا إلى تفاقم الأعراض الخاصة بك وجعلها أسوأ. ميجا حزين الوجه! إليك سبب تجنب هذه الأشياء. يؤدي تناول السكر إلى ارتفاع معدل السكر في الدم ، مما يجعلك أكثر تهيجًا. يتسبب الملح في احتباس الماء بشكل أكبر ، لذلك إذا
CASE_0247,661945,endpoint,9,2962538,0.6606,0.6606,0,ar,يجب أن تتجنب الأطعمة التالية وكأن حياتك تعتمد عليها (إنها كذلك). 1 السكر: السكر المضاف يسبب الإدمان ومسببًا للسمنة وسببًا رئيسيًا لأمراض مثل السمنة والسكري وأمراض القلب والأوعية الدموية (1 ، 2 ، 3 ، 4 ، 5 ، 6). الحبوب: تجنب الحبوب إذا كنت بحاجة إلى إنقاص الوزن ، بما في ذلك الخبز والمعكرونة. حبوب الغ
CASE_0247,661945,endpoint,10,2089868,0.6604,0.6604,0,ar,1 تجنب الأطعمة التي تحتوي على نسبة عالية من الدهون والسعرات الحرارية. 2 تجنب الأطعمة التي تحتوي على نسبة عالية من السكريات مثل المعجنات والحلوى والفطائر والحلوى. 3 استخدم مجموعة متنوعة من الفواكه والخضروات في خطة التغذية الخاصة بك.
CASE_0247,661945,mixed,1,7606339,0.6984,0.6984,1,ar,لقد أخبرناك أيضًا عن طرق الوقاية من الكوليسترول السيئ ، وكذلك الأطعمة الجيدة التي تزيد من نسبة الكوليسترول الجيد. الآن دعنا نخبرك عن الأطعمة التي يجب تجنبها إذا كنت تتطلع إلى خفض مستويات الكوليسترول الضار أو الكوليسترول السيئ. ربما تعلم بالفعل أن الزبدة والوجبات السريعة عالية الدهون تؤدي إلى زيادة م
CASE_0247,661945,mixed,2,5113764,0.696,0.696,0,ar,أي طعام يخفض HDL يميل إلى زيادة الدهون الثلاثية. الأطعمة التي تحتوي على نسبة عالية من الكوليسترول والدهون المشبعة ترفع مستويات الدهون الثلاثية ، لذا قلل من تناول اللحوم الحمراء الدهنية ، وجلود الدواجن ، والزبدة ، وشحم الخنزير ، ومنتجات الألبان عالية الدسم ، والمحار ، والكربوهيدرات المكررة ترفع نسبة
CASE_0247,661945,mixed,3,5622167,0.6874,0.6874,0,ar,أي طعام يخفض HDL يميل إلى زيادة الدهون الثلاثية. الأطعمة التي تحتوي على نسبة عالية من الكوليسترول والدهون المشبعة ترفع مستويات الدهون الثلاثية ، لذا قلل من تناول اللحوم الحمراء الدهنية وجلد الدواجن والزبدة وشحم الخنزير ومنتجات الألبان عالية الدسم والمحار.
CASE_0247,661945,mixed,4,2410283,0.6865,0.6865,0,ar,تجنب. 1 الأطعمة المحفزة (الأطعمة التي سببت لك مشاكل من قبل). 2 بعض الأطعمة الغنية بالألياف. 3 مكسرات وبذور وفشار. 4 أطعمة غنية بالدهون. 5 الكافيين. 6 الكحول. 7 أطعمة حارة. 8 الفواكه والخضروات النيئة (خاصة ذات القشرة). 9 برقوق. 10 فاصوليا. 11 منتجات الألبان كما هو مسموح به. 12 حصة طعام كبيرة.
CASE_0247,661945,mixed,5,666793,0.6835,0.6835,0,ar,تجنب اللحوم مثل الكبد والكلى والخبز الحلو التي تحتوي على مستويات عالية من البيورين وتساهم في ارتفاع مستويات حمض البوليك في الدم. مأكولات بحرية مختارة. تجنب الأنواع التالية من المأكولات البحرية ، التي تحتوي على نسبة أعلى من البيورينات أكثر من غيرها: الأنشوجة ، والرنجة ، والسردين ، وبلح البحر ، والاسك
CASE_0247,661945,mixed,6,6804644,0.6805,0.6805,0,ar,أي طعام يخفض HDL يميل إلى زيادة الدهون الثلاثية. الأطعمة التي تحتوي على نسبة عالية من الكوليسترول والدهون المشبعة ترفع مستويات الدهون الثلاثية ، لذا قلل من تناول اللحوم الحمراء الدهنية ، وجلود الدواجن ، والزبدة ، وشحم الخنزير ، ومنتجات الألبان عالية الدسم ، والمحار ، فالأغذية التي تحتوي على نسبة عال
CASE_0247,661945,mixed,7,6453631,0.6778,0.6778,0,ar,تجنب الدهون المتحولة ، التي تخفض HDL وترفع LDL. تشمل الأطعمة التي قد تحتوي على دهون متحولة السمن وبعض أنواع السمن النباتي والكيك والبسكويت ونودلز الرامين والوجبات السريعة المقلية والأطعمة المجمدة والكعك المحلى والسلع المخبوزة والحلوى والبسكويت ورقائق البطاطس وحبوب الإفطار وألواح الطاقة والتغميس وخلط
CASE_0247,661945,mixed,8,7335342,0.6776,0.6776,0,ar,النبأ السيئ هو أن الأطعمة التي ربما تشتهيها مثل السكر والملح والقهوة والكحول ؟؟؟ € لن يؤدي إلا إلى تفاقم الأعراض الخاصة بك وجعلها أسوأ. ميجا حزين الوجه! إليك سبب تجنب هذه الأشياء. يؤدي تناول السكر إلى ارتفاع معدل السكر في الدم ، مما يجعلك أكثر تهيجًا. يتسبب الملح في احتباس الماء بشكل أكبر ، لذلك إذا
CASE_0247,661945,mixed,9,3143526,0.6772,0.6772,0,ar,جواب سريع. يجب على الأشخاص الذين يحاولون خفض مستويات الكوليسترول الضار LDL تجنب الأطعمة التي تحتوي على الدهون المتحولة والدهون المشبعة. وتشمل هذه الأطعمة مثل الزبدة واللحوم الدهنية والبيض والحليب وزيت جوز الهند وزيت النخيل. أكمل القراءة.
CASE_0247,661945,mixed,10,5964712,0.6768,0.6768,0,ar,1 تجنب الأطعمة التي تؤثر عليك أكثر. تشمل الجناة الشائعة الفاصوليا والبازلاء والعدس والملفوف والبصل والبروكلي والقرنبيط وخبز القمح الكامل والفطر والبيرة وغيرها من المشروبات الغازية. إذا كانت منتجات الألبان مشكلة ، جرب الأصناف منخفضة اللاكتوز أو الخالية من اللاكتوز. قلل من تناول الأطعمة الدهنية.
CASE_0247,686260,endpoint,1,6226222,0.7373,0.7373,0,ar,هذه قائمة بأطباق لحم الخنزير. لحم الخنزير هو اسم الطهي للحوم من الخنزير الداجن (سوس دومينكسوس). يعتبر من أكثر اللحوم استهلاكًا في جميع أنحاء العالم ، مع وجود أدلة على تربية الخنازير التي يعود تاريخها إلى 5000 قبل الميلاد. يؤكل لحم الخنزير مطبوخًا طازجًا ومحفوظًا ، كما أن استهلاك لحم الخنزير محظور في
CASE_0247,686260,endpoint,2,3067226,0.7343,0.7343,0,ar,لحم الخنزير هو اسم الطهي للحوم من الخنزير. على الرغم من أن كلمة لحم الخنزير يمكن أن تشير أيضًا إلى اللحوم المعالجة أو المدخنة أو المعالجة ، إلا أن هذه المقالة ستركز على اللحوم الطازجة. يمكن أكل لحم الخنزير وتحضيره بأشكال مختلفة: مقدد ، مدخن ، محمص ، مشوي ، مشوي ، مطهو على البخار ، مقلي ، مقلي ، مطهو
CASE_0247,686260,endpoint,3,4477091,0.7161,0.7161,0,ar,شحم الخنزير هو شحم الخنزير ، ويمكن استخدامه في الطهي والخبز. تاريخيًا ، كان عنصرًا شائعًا في الطهي ، على الرغم من أنه اكتسب وصمة عار في أجزاء من الغرب في القرن العشرين.
CASE_0247,686260,endpoint,4,4787092,0.7143,0.7143,0,ar,طبخ لحم الخنزير. أصبح لحم الخنزير ، أو خد لحم الخنزير ، أحد قطع لحم الخنزير المفضلة لدي في السنوات الأخيرة. عادة ما تستخدم في صنع النقانق أو في الطبخ الإيطالي ، وعلاجها في غومالي. لكنني أحببت هذا المقطع من خلال الأطباق الآسيوية حيث يتم تحميصها أو قليها.
CASE_0247,686260,endpoint,5,3621617,0.712,0.712,0,ar,بالنسبة للمبتدئين ، لحم الخنزير هو لحم الخنزير. إنه وردي ومالح ، وعادة ما يكون مع إيحاءات حلوة ودخانية أيضًا ، ويتناسب تمامًا مع أي أطباق جانبية تهتم بتسميتها. نظرة فاحصة تبين أن هذا تبسيط رائع.
CASE_0247,686260,endpoint,6,4752679,0.7111,0.7111,0,ar,خنزير يشوي ببطء على المشواة. لحم الخنزير هو اسم الطهي للحوم من الخنزير المحلي (Sus scrofa الدومينوس). وهي أكثر اللحوم استهلاكًا في جميع أنحاء العالم ، مع وجود أدلة على تربية الخنازير التي يعود تاريخها إلى 5000 قبل الميلاد. يؤكل لحم الخنزير مطبوخًا طازجًا ومحفوظًا.
CASE_0247,686260,endpoint,7,5970752,0.7095,0.7095,0,ar,لحم الخنزير هو اسم الطهي للحوم من الخنزير الداجن (سوس دومينكسوس). وهي أكثر اللحوم استهلاكًا في جميع أنحاء العالم ، مع وجود أدلة على تربية الخنازير التي يعود تاريخها إلى 5000 قبل الميلاد. يؤكل لحم الخنزير مطبوخًا طازجًا ومحفوظًا.
CASE_0247,686260,endpoint,8,3493482,0.707,0.707,0,ar,تحمص في القليل من الزيت في مقلاة كبيرة على نار متوسطة عالية ، وتتحول في كثير من الأحيان إلى اللون البني بالتساوي. ضعي البطاطس والثوم في طباخ بطيء 3 سم 4 ليتر ، صب المرق فوقه وفوقه بشواء لحم الخنزير المحمّر. غطي المزيج واطهيه على نار هادئة لمدة 8-9 ساعات ، حتى يصبح لحم الخنزير طريًا جدًا. قطّع لحم ال
CASE_0247,686260,endpoint,9,3349492,0.7046,0.7046,0,ar,كيف نخبز لحم الخنزير نصف العظم المطبوخ بالكامل. لحم خنزير مخبوز على طبق بالخضروات. مصدر الصورة Igor Dutina / iStock / Getty Images. يمنحك لحم الخنزير نصف العظم أفضل ما في العالمين: تتم إزالة عظم الساق لسهولة النحت ، ولكن يبقى عظم الساق لإعطاء لحم الخنزير المزيد من النكهة. تحتوي حصة لحم الخنزير المطب
CASE_0247,686260,endpoint,10,5169825,0.703,0.703,0,ar,لحم الخنزير هو اللحم الأكثر شعبية في شرق وجنوب شرق آسيا ، وهو أيضًا شائع جدًا في العالم الغربي. إنه ذو قيمة عالية في المأكولات الآسيوية لمحتواه من الدهون وقوامه اللطيف.
CASE_0247,686260,mixed,1,7597757,0.7231,0.7231,1,ar,بحلول 13 أغسطس 2012. Ham hock هو الساق الخلفية السفلية للخنزير ، وستجده عادةً مدخنًا أو معالجًا أو كليهما. الأكثر شيوعًا ، يتم استخدامه لإضافة نكهة مدخنة ومالحة إلى الحساء واليخنات.
CASE_0247,686260,mixed,2,4630164,0.6768,0.6768,0,ar,"""التعريف حلول المعالجة قد يكون الهامس طازجًا أو معالجًا أو مدخنًا أو معالجًا. لحم الخنزير هو ساق لحم الخنزير المقدد. لحم الخنزير الطازج هو ساق غير مؤذية من لحم الخنزير. سيحمل لحم الخنزير الطازج مصطلح كجزء من اسم المنتج وهو مؤشر على أن المنتج لم يتم علاجه. Ã'Å """"الديك الرومي"""" لحم الخنزير هو منتج جاه"
CASE_0247,686260,mixed,3,2391100,0.6758,0.6758,0,ar,هام هوك / شانك. عرقوب لحم الخنزير هو قطعة سميكة من لحم الخنزير تأتي من ساق الخنزير ، وهي المنطقة الواقعة بين لحم الخنزير والقدم. مع وجود العظم بالداخل ، تكون قطعة هلامية ممتازة للطبخ.
CASE_0247,686260,mixed,4,6145968,0.6757,0.6757,0,ar,عن. لحم الخنزير fatback هو عنصر أساسي في المطبخ التقليدي لجنوب الولايات المتحدة. كما يوحي اسمها ، تأتي القطع من ظهر الخنزير - شريط بسمك حوالي بوصة واحدة يقع بين الجلد واللحم ، ويمكن استخدام لحم الخنزير السميك في صنع قشور لحم الخنزير المقلي ، أو يمكن تقطيعه إلى شرائح رقيقة وملفوفة حول قطع اللحم الأخر
CASE_0247,686260,mixed,5,3067226,0.6673,0.6673,0,ar,لحم الخنزير هو اسم الطهي للحوم من الخنزير. على الرغم من أن كلمة لحم الخنزير يمكن أن تشير أيضًا إلى اللحوم المعالجة أو المدخنة أو المعالجة ، إلا أن هذه المقالة ستركز على اللحوم الطازجة. يمكن أكل لحم الخنزير وتحضيره بأشكال مختلفة: مقدد ، مدخن ، محمص ، مشوي ، مشوي ، مطهو على البخار ، مقلي ، مقلي ، مطهو
CASE_0247,686260,mixed,6,4809855,0.6658,0.6658,0,ar,عادة ما يتم تقديمه مع فريتس بومس الهش. بعض أطباق اللحوم الشهيرة هي: Ham in Hay - Haam am Hà© e: هذه الوصفة تأتي من شمال لوكسمبورغ. يتم تبخير لحم الخنزير المدخن قليلاً فوق سرير من القش ، دون لمس الماء ، وعند طهيه ، يتم تقديمه على سرير من القش.
CASE_0247,686260,mixed,7,8119731,0.6641,0.6641,0,ar,كقطعة لحم تُستخدم غالبًا لأغراض التوابل ، فإن خنق لحم الخنزير عبارة عن قطعة من لحم الخنزير توجد حول مفصل الكاحل للخنزير. على الرغم من أنها لا تعتبر مناسبة بشكل عام لتقديمها كطبق رئيسي ، إلا أنها تحتوي على الكثير من النكهات ، مما يجعلها مادة مضافة ممتازة للعديد من أنواع الأطباق النباتية.
CASE_0247,686260,mixed,8,7912154,0.6633,0.6633,0,ar,"PICNIC HAM. مباشرة أسفل الكتف هو القطع التالي الذي من المحتمل أن تجده: Picnic Ham (يسمى أحيانًا كتف النزهة). ¢ ""تسمية خاطئة كلية أخرى ، يقول Mylan. ¢ ""عندما تسمع تفكر في الساق الخلفية. لكن لحم الخنزير هو الجزء السفلي من الكتف. الطهي: يُطهى أو يُدخن - طريقتان جيدتان للطهي البطيء والطويل لجعل الدهون ت"
CASE_0247,686260,mixed,9,837677,0.6628,0.6628,0,ar,لحم الخنزير هو اسم الطهي للحوم من الخنزير الداجن (سوس دومينكسوس). هو أكثر اللحوم استهلاكًا في جميع أنحاء العالم ، مع وجود أدلة على تربية الخنازير التي يعود تاريخها إلى 5000 قبل الميلاد ، يؤكل لحم الخنزير طازجًا مطبوخًا ومحفوظًا ، ويطيل العلاج من العمر الافتراضي لمنتجات لحم الخنزير ، ولحم الخنزير الم
CASE_0247,686260,mixed,10,3306513,0.661,0.661,0,ar,عن. لحم الخنزير fatback هو عنصر أساسي في المطبخ التقليدي لجنوب الولايات المتحدة. كما يوحي اسمها ، يأتي القطع من ظهر الخنزير - شريط يبلغ سمكه حوالي بوصة واحدة يقع بين الجلد واللحم. يمكن استخدام فاتباك لحم الخنزير لصنع قشور شحم الخنزير والمقلية ، أو يمكن تقطيعها إلى شرائح رقيقة ولفها حول قطع أخرى من ا
CASE_0247,694560,endpoint,1,1617626,0.7647,0.7647,0,ar,تعريف الكتائب: مجموعة من المشاة المدججين بالسلاح في اليونان القديمة تشكلت في صفوف وملفات عميقة ؛ على نطاق واسع: مجموعة من كتيبة في جملة مجموعة من المشاة المدججين بالسلاح في اليونان القديمة تشكلت في صفوف وملفات عميقة قريبة ؛ على نطاق واسع: مجموعة من القوات في مصفوفة قريبة
CASE_0247,694560,endpoint,2,2655781,0.7529,0.7529,0,ar,الكتائب (اليونانية القديمة: Ã' ، اليونانية: à Îà ' ³ÃŽÂ³ÃŽÂ ± ، phÃ⠀ žÃ 'لانجا ؛ كتائب الجمع أو الكتائب ؛ اليونانية القديمة والحديثة: à ⠀ άΠΠ± γγεà Ââ كان تشكيلًا عسكريًا جماعيًا مستطيل الشكل ، يتكون عادة بالكامل من مشاة ثقيلين مسلحين بالرماح ، والحراب ، والساريسا ، أو أسلحة مماثلة.
CASE_0247,694560,endpoint,3,1617622,0.6968,0.6968,0,ar,يشير المعنى الأصلي للكتائب إلى تشكيل عسكري تم استخدامه في الحروب القديمة ويتألف من كتلة ضيقة من الجنود يقفون جنبًا إلى جنب ، وعمق عدة صفوف ، وغالبًا ما تكون الدروع مرتبطة. تأتي كلمة الكتائب من اليونانيين ، على الرغم من أنهم لم يكونوا الوحيدين الذين استخدموا هذا التشكيل. المصطلح اليوناني يعني حرفيا ا
CASE_0247,694560,endpoint,4,6922837,0.6835,0.6835,0,ar,"""الكتيبة ، هي تشكيل عسكري يضم أعدادًا كبيرة من الرجال بـ """"رماح"""" طويلة تتحرك في كتلة صلبة (تعريف مبسط). من الواضح أن ليونيداس لا يمكن أن يكون هذا. إذا كان السؤال عنى هل كان ليونيداس مقاتلاً في كتيبة؟ الجواب هو أنه غير معروف."""
CASE_0247,694560,endpoint,5,6733899,0.676,0.676,0,ar,كتيبة. الكتيبة هي وحدة عسكرية تتكون من 300 إلى 1200 جندي تتكون عادة من سريتين إلى سبع سرايا ويقودها إما مقدم أو عقيد. عدة كتائب تشكل فوجًا أو لواءًا. rinceton WordNet (0.00 / 0 votes) صنف هذا التعريف: كتيبة (اسم). وحدة عسكرية تتكون عادة من مقر وثلاث شركات أو أكثر. كتيبة ، عدد كبير ، تعدد ، تعدد ، حز
CASE_0247,694560,endpoint,6,622964,0.6733,0.6733,0,ar,كتيبة. ن. 1. (عسكرية) وحدة عسكرية تتألف من ثلاث سرايا أو أكثر أو تشكيلات من نفس الحجم. 2. (العسكرية) (عادة الجمع) أي مجموعة كبيرة. [C16: من باتيلون الفرنسية ، من المعارك الإيطالية القديمة ، من سرية الجنود ، معركة].
CASE_0247,694560,endpoint,7,3292112,0.6705,0.6705,0,ar,الكتيبة هي وحدة عسكرية. يختلف استخدام مصطلح الكتيبة حسب الجنسية وفرع الخدمة. تتكون الكتيبة عادة من 300 إلى 800 جندي وتنقسم إلى عدد من السرايا. عادة ما يقود كتيبة مقدم. في بعض البلدان ، ترتبط كلمة كتيبة بالمشاة. تم استخدام المصطلح لأول مرة في اللغة الإيطالية باعتباره معركة في موعد لا يتجاوز القرن الس
CASE_0247,694560,endpoint,8,7199157,0.6697,0.6697,0,ar,كتيبة كتيبة وحدة عسكرية. يختلف استخدام مصطلح الكتيبة حسب الجنسية وفرع الخدمة. تتكون الكتيبة عادة من 300 إلى 800 جندي وتنقسم إلى عدد من السرايا. عادة ما يقود كتيبة مقدم. في بعض البلدان ، ترتبط كلمة كتيبة بالمشاة.
CASE_0247,694560,endpoint,9,622961,0.6696,0.6696,0,ar,كتيبة. الكتيبة هي وحدة عسكرية تتكون من 300 إلى 1200 جندي تتكون عادة من سريتين إلى سبع سرايا ويقودها إما مقدم أو عقيد. عدة كتائب تشكل فوج أو لواء.
CASE_0247,694560,endpoint,10,7502633,0.6692,0.6692,0,ar,على الرغم من ظهورها في أشكال مختلفة من النماذج الأولية في الإصدارات السابقة ، ظهرت الكتائب لأول مرة في شكلها الكامل في Uncanny X-Men # 312. مصطلح الكتائب هو تشكيل عسكري مستطيل الشكل ، يتكون عادة بالكامل من مشاة ثقيلة مسلحين بالرماح أو الحراب أو أسلحة مماثلة ، لا سيما في الحرب اليونانية القديمة.
CASE_0247,694560,mixed,1,7502630,0.6969,0.6969,1,ar,في النصوص اليونانية ، قد يتم نشر الكتائب للمعركة ، أو في المسيرة ، أو حتى في المعسكرات ، وبالتالي تصف كتلة المشاة أو الفرسان التي ستنتشر في الصف أثناء المعركة. ساروا إلى الأمام ككيان واحد. كلمة phalanx مشتقة من الكلمة اليونانية phalangos ، والتي تعني إصبع.
CASE_0247,694560,mixed,2,2655781,0.6681,0.6681,0,ar,الكتائب (اليونانية القديمة: Ã' ، اليونانية: à Îà ' ³ÃŽÂ³ÃŽÂ ± ، phÃ⠀ žÃ 'لانجا ؛ كتائب الجمع أو الكتائب ؛ اليونانية القديمة والحديثة: à ⠀ άΠΠ± γγεà Ââ كان تشكيلًا عسكريًا جماعيًا مستطيل الشكل ، يتكون عادة بالكامل من مشاة ثقيلين مسلحين بالرماح ، والحراب ، والساريسا ، أو أسلحة مماثلة.
CASE_0247,694560,mixed,3,1617626,0.6441,0.6441,0,ar,تعريف الكتائب: مجموعة من المشاة المدججين بالسلاح في اليونان القديمة تشكلت في صفوف وملفات عميقة ؛ على نطاق واسع: مجموعة من كتيبة في جملة مجموعة من المشاة المدججين بالسلاح في اليونان القديمة تشكلت في صفوف وملفات عميقة قريبة ؛ على نطاق واسع: مجموعة من القوات في مصفوفة قريبة
CASE_0247,694560,mixed,4,6265911,0.6258,0.6258,0,ar,Cyclops - (الأساطير اليونانية) أحد سلالة العمالقة الذين لديهم عين واحدة في منتصف جبينهم. الأساطير اليونانية - أساطير الإغريق القدماء. عملاق - شخصية خيالية ذات حجم وقوة خارقة ؛ يظهر في الحكايات الشعبية والخرافية.
CASE_0247,694560,mixed,5,8644553,0.6156,0.6156,0,ar,قام القادة العسكريون اليونانيون بتدريب جنود الهوبلايت المدججين بالسلاح للقتال في تشكيل ضخم يسمى كتيبة: يقفون جنبًا إلى جنب ، ويتم حماية الرجال بواسطة درع جيرانهم. لعبت هذه التقنية المخيفة دورًا مهمًا في الحروب الفارسية وساعدت الإغريق في بناء إمبراطوريتهم.
CASE_0247,694560,mixed,6,6262739,0.6141,0.6141,0,ar,Cyclops - (الأساطير اليونانية) أحد سلالة العمالقة الذين لديهم عين واحدة في منتصف جبينهم الأساطير اليونانية - أساطير الإغريق القدماء. عملاق - شخصية خيالية ذات حجم وقوة خارقة ؛ يظهر في الفولكلور والحكايات الخيالية .yclops - (الأساطير اليونانية) أحد سلالة العمالقة الذين لديهم عين واحدة في منتصف جبينهم.
CASE_0247,694560,mixed,7,1617623,0.6115,0.6115,0,ar,"play \ fÃ⠀ Ã'â ""-lan- (â € ¹Ã'ŹÂÅ) jÃ⠀ â z ، fÃ⠀ - ، â € ¹Ã'Ëâ € '-â € '، البريطانية عادة fa- \. 1 1: تشكلت مجموعة من المشاة مدججين بالسلاح في اليونان القديمة في صفوف وملفات عميقة ؛ على نطاق واسع: مجموعة من القوات في مجموعة متقاربة. 2 2 كتائب الجمع: إحدى العظام الرقمية ليد أو قدم الفقاريات."
CASE_0247,694560,mixed,8,5907008,0.6087,0.6087,0,ar,اسم. 1. Cyclops - (الأساطير اليونانية) أحد سلالة العمالقة الذين لديهم عين واحدة في منتصف جبينهم. الأساطير اليونانية - أساطير الإغريق القدماء. عملاق - شخصية خيالية ذات حجم وقوة خارقة ؛ يظهر في الفولكلور والحكايات الخيالية .yclops - (الأساطير اليونانية) أحد سلالة العمالقة الذين لديهم عين واحدة في منتص
CASE_0247,694560,mixed,9,1275993,0.6077,0.6077,0,ar,اسم. 1. Cyclops - (الأساطير اليونانية) أحد سلالة العمالقة الذين لديهم عين واحدة في منتصف جبينهم. الأساطير اليونانية - أساطير الإغريق القدماء. عملاق - شخصية خيالية بحجم وقوة خارقة ؛ يظهر في الحكايات الشعبية والخرافية.
CASE_0247,694560,mixed,10,7502633,0.6033,0.6033,0,ar,على الرغم من ظهورها في أشكال مختلفة من النماذج الأولية في الإصدارات السابقة ، ظهرت الكتائب لأول مرة في شكلها الكامل في Uncanny X-Men # 312. مصطلح الكتائب هو تشكيل عسكري مستطيل الشكل ، يتكون عادة بالكامل من مشاة ثقيلة مسلحين بالرماح أو الحراب أو أسلحة مماثلة ، لا سيما في الحرب اليونانية القديمة.
CASE_0247,801907,endpoint,1,3302201,0.539,0.539,0,ar,الخشب النسغ. Xylem sap (يُنطق / zaÃ⠀ ªlà m /) يتكون أساسًا من محلول مائي من الهرمونات والعناصر المعدنية والمواد المغذية الأخرى. يتميز نقل النسغ في نسيج الخشب بالحركة من الجذور نحو الأوراق.
CASE_0247,801907,endpoint,2,7636149,0.5359,0.5359,0,ar,التنظيم: أصول الجدول الدوري - أصول الجدول الدوري هو مفهوم مرتبط بالجدول الدوري. تعرف على الجدول الدوري في HowStuffWorks.
CASE_0247,801907,endpoint,3,4730070,0.5195,0.5195,0,ar,جدول أو مخطط أو رسم تخطيطي أو قائمة بأسلاف الحيوان ، تُستخدم في علم الوراثة في تحليل الوراثة المندلية ، وفي التنبؤ بالإنتاجية وجودة السلالة في النسل. تحليل النسب.
CASE_0247,801907,endpoint,4,5048670,0.5187,0.5187,0,ar,جدول الدالة الأسية: الرسم البياني للدالة y = f (x) هو مجموعة كل الأزواج المرتبة (x ، y). الرسوم البيانية مهمة جدًا لإعطاء تمثيل مرئي للعلاقة بين متغيرين في المعادلة. من أسهل الطرق لرسم وظائف الرسم البياني هو استخدام الجدول.
CASE_0247,801907,endpoint,5,5712201,0.5095,0.5095,0,ar,يعرض مخطط النسب شجرة عائلة ، ويظهر أفراد العائلة المتأثرين بسمة وراثية. يوضح هذا الرسم البياني أربعة أجيال من عائلة مكونة من أربعة أفراد مصابين بشكل من أشكال عمى الألوان. تمثل المربعات الذكور.
CASE_0247,801907,endpoint,6,984348,0.5095,0.5095,0,ar,يحتوي الجدول على جميع النويدات الموجودة داخل ENSDF و DDEP (موقع الويب LNHB) وبطاقات المحفظة النووية التي تم الإبلاغ عن نصف عمر أو وفرة طبيعية لها. لا يتم تضمين النويدات التي لا يُعرف عنها سوى عرض المستوى. يتم عرض حالات عدم اليقين بخط مائل ، ويتم التعبير عنها من حيث الرقم (الأرقام) الأخير من القيمة ا
CASE_0247,801907,endpoint,7,83803,0.5093,0.5093,0,ar,النقطة التي يتقاطع فيها كلا الخطين تسمى الأصل. يتم تمثيل كل نقطة على الرسم البياني بواسطة زوج مرتب ، حيث تكون x دائمًا هي القيمة الأولى و y دائمًا هي القيمة الثانية في الزوج المرتب (x ، y). هذا لأن x هو المتغير المستقل ، مما يعني أنه المتغير الذي يتم تغييره.
CASE_0247,801907,endpoint,8,210625,0.5066,0.5066,0,ar,في المخطط النسيجي ، يتم رسم نقاط البيانات على مسافات متساوية في اتجاه عقارب الساعة حول المخطط. يتم تمثيل قيمة النقطة على أنها المسافة من مركز الرسم البياني ، حيث يمثل المركز الحد الأدنى للقيمة وحافة المخطط هي القيمة القصوى. يتم رسم كل سلسلة كدائرة كاملة واحدة من المخطط.
CASE_0247,801907,endpoint,9,3313689,0.5061,0.5061,0,ar,يشير الجدول إلى السنة التي يتم فيها إنشاء سلسلة سجلات مع تواريخ التخلص المقابلة بناءً على متطلبات الاحتفاظ. تصبح السجلات مؤهلة للتخلص اعتبارًا من 31 ديسمبر من العام المشار إليه في الجدول (الجداول).
CASE_0247,801907,endpoint,10,843266,0.5059,0.5059,0,ar,يمثل الرسم البياني التالي الحمض النووي الذي يعد جزءًا من تسلسل تشفير RNA لوحدة النسخ. الخصلة السفلية هي خصلة القالب. أعط التسلسل الموجود على جزيء الحمض النووي الريبي المنسوخ من هذا الحمض النووي وقم بتسمية نهايات 5 ² و 3 Ã' ² من RNA.
CASE_0247,801907,mixed,1,7802357,0.5714,0.5714,1,ar,جدول DRAW SAP - سجل معلومات المستند. DRAW هو جدول SAP قياسي يُستخدم لتخزين معلومات سجل معلومات المستند. يتوفر هذا ضمن أنظمة R / 3 SAP اعتمادًا على الإصدار ومستوى الإصدار. يوجد أدناه الوثائق القياسية المتاحة وبعض التفاصيل عن الحقول التي يتكون منها هذا الجدول.
CASE_0247,801907,mixed,2,6902536,0.5391,0.5391,0,ar,تحتوي الآلة الحاسبة للرسوم البيانية على أمر drawinv الذي سيرسم معكوس دالة s لاستخدام هذه الميزة ، ضع دالة البداية الأصلية في y1
CASE_0247,801907,mixed,3,5048670,0.5336,0.5336,0,ar,جدول الدالة الأسية: الرسم البياني للدالة y = f (x) هو مجموعة كل الأزواج المرتبة (x ، y). الرسوم البيانية مهمة جدًا لإعطاء تمثيل مرئي للعلاقة بين متغيرين في المعادلة. من أسهل الطرق لرسم وظائف الرسم البياني هو استخدام الجدول.
CASE_0247,801907,mixed,4,4730070,0.5313,0.5313,0,ar,جدول أو مخطط أو رسم تخطيطي أو قائمة بأسلاف الحيوان ، تُستخدم في علم الوراثة في تحليل الوراثة المندلية ، وفي التنبؤ بالإنتاجية وجودة السلالة في النسل. تحليل النسب.
CASE_0247,801907,mixed,5,3606464,0.5253,0.5253,0,ar,عند الارتباط بورقة عمل Excel أو نطاق مسمى ، يقوم Access بإنشاء جدول جديد مرتبط بالخلايا المصدر. تظهر أي تغييرات تجريها على الخلايا المصدر في Excel في الجدول المرتبط. ومع ذلك ، لا يمكنك تحرير محتويات الجدول المقابل في Access. عند الارتباط بملف Excel ، يقوم Access بإنشاء جدول جديد ، يُشار إليه غالبًا
CASE_0247,801907,mixed,6,4708089,0.524,0.524,0,ar,يمكن رسم دالة تربيعية باستخدام جدول قيم. الرسم البياني يخلق القطع المكافئ. يحتوي القطع المكافئ على نقاط محددة ، والرأس ، وما يصل إلى صفرين أو تقاطعات x. الأصفار هي النقاط التي يتقاطع فيها القطع المكافئ مع المحور السيني. إذا كان معامل الحد التربيعي موجبًا ، ينفتح القطع المكافئ.
CASE_0247,801907,mixed,7,759649,0.5235,0.5235,0,ar,AGR_DEFINE جدول تعريف دور SAP. AGR_DEFINE هو جدول SAP قياسي يُستخدم لتخزين معلومات تعريف الدور. يتوفر هذا ضمن أنظمة R / 3 SAP اعتمادًا على الإصدار ومستوى الإصدار. يوجد أدناه الوثائق القياسية المتاحة وبعض التفاصيل عن الحقول التي يتكون منها هذا الجدول.
CASE_0247,801907,mixed,8,6486943,0.5225,0.5225,0,ar,ما هي الطريقة التي تتشابه بها العناصر الموجودة في نفس العمود من الجدول الدوري؟ - 2539862
CASE_0247,801907,mixed,9,7636149,0.522,0.522,0,ar,التنظيم: أصول الجدول الدوري - أصول الجدول الدوري هو مفهوم مرتبط بالجدول الدوري. تعرف على الجدول الدوري في HowStuffWorks.
CASE_0247,801907,mixed,10,7802358,0.5208,0.5208,0,ar,يمكنك أيضًا عرض هذه المعلومات إذا أدخلت اسم الجدول DRAW في معاملة SAP ذات الصلة مثل SE11 أو SE80. ضمن قسم التعليقات أدناه ، توجد أيضًا فرصة لك لطرح سؤال أو إضافة تلميحات مفيدة وتلميحات ولقطات شاشة خاصة بعنصر قاموس جدول SAP هذا.
CASE_0247,842272,endpoint,1,5027095,0.7494,0.7494,0,ar,يعتبر اللبن الرائب مثاليًا للخبز لأنه لا يحتوي على دهون وهو يشبه إلى حد كبير الحليب كامل الدسم في الفطائر والكعك. إذا كنت ستقوم باستبدال اللبن باللبن في وصفاتك ، فستحتاج إلى تغيير كمية صودا الخبز ومسحوق الخبز أيضًا. هذا بسبب المحتوى الحمضي العالي في اللبن الرائب. ستحتاج عادة إلى كمية أقل من صودا الخ
CASE_0247,842272,endpoint,2,2367531,0.7372,0.7372,0,ar,يحتوي اللبن الرائب أيضًا على نسبة دهون أقل بكثير من الحليب العادي والقشدة. اللبن الخاثر ، كما يطلق عليه في الولايات المتحدة هذه الأيام ، هو منتج حليب مبستر. تُضاف مزرعة بكتيريا حمض اللاكتيك إلى الحليب قليل الدسم لتخثر الحليب وتحمضه. تضيف العديد من مصانع الألبان أيضًا بقعًا صفراء صغيرة من الزبدة لمحا
CASE_0247,842272,endpoint,3,4131279,0.7041,0.7041,0,ar,يُصنع اللبن الرائب عن طريق إضافة الخل وعصير الليمون إلى الحليب العادي لجعله حامضًا. الحليب الفاسد هو الحليب الذي تم تركه للتو وأصبح فاسدًا ، مثل الحليب الموجود في كوب الشرب للأطفال. لصنع اللبن منزلي الصنع ، تقول الوصفة إنه يجب إضافة 1-2 كوب من اللبن الذي لديك بالفعل إلى الحليب العادي وتركه خارجًا. إ
CASE_0247,842272,endpoint,4,6568470,0.6991,0.6991,0,ar,بوتين اللبن الرائب اليوم ، ربما يضاف الملح لتعزيز النكهة. اللبن هو منتج ألبان مخمر ينتج من حليب البقر مع طعم حامض مميز. هناك طريقتان لصنع هذا المنتج. في الأصل ، كان اللبن الرائب هو السائل المتبقي من الزبدة المخضرة من الكريمة.
CASE_0247,842272,endpoint,5,2365590,0.6949,0.6949,0,ar,الفوائد الصحية لللبن الرائب. يمكن وصف اللبن الرائب ، المعروف أيضًا باسم اللبن ، بأنه منتج ألبان مصنوع من الحليب المخمر. بمعنى آخر ، عندما يُخثّر الحليب بمخثرة ، أو بمادة حمضية صالحة للأكل مثل عصير الليمون أو الخل ، ويتم تصريف الجزء السائل ، يُعرف ما تبقى باسم اللبن الرائب. تعتمد جودة الزبادي على الم
CASE_0247,842272,endpoint,6,7480805,0.6938,0.6938,0,ar,يساعد الحمض الموجود في اللبن الرائب صودا الخبز على أداء وظيفتها في وصفات مثل البسكويت والفطائر. لاستبدال الحليب العادي في تلك الوصفات ، فإن الطريقة الأكثر شيوعًا هي استخدام الحليب المجفف ، والذي وصفناه سابقًا في هذا المنشور.
CASE_0247,842272,endpoint,7,2367528,0.693,0.693,0,ar,اللبن هو جزء مهم من الخبز. الحليب الحمضي الممزوج بصودا الخبز في الوصفة هو حلم الخباز. شاهد عندما يتم دمج صودا الخبز مع الأحماض اللبنية في اللبن الرائب ، تطلق الصودا ثاني أكسيد الكربون الذي عند تسخينه ، يطلق فقاعات صغيرة تتمدد وترفع وتفتيح أي شيء تريده. 'إعادة الخبز.
CASE_0247,842272,endpoint,8,890448,0.6915,0.6915,0,ar,يحتوي اللبن الرائب على حمض اللاكتيك الذي يساعد على تقشير البشرة لإزالة الشوائب والبقع البنية دون تجفيف بشرتك. 1 ضعي اللبن على البقع البنية باستخدام كرة قطنية. 2 اتركيه لبضع دقائق قبل غسل المنطقة بالماء.
CASE_0247,842272,endpoint,9,8236975,0.6911,0.6911,0,ar,ابحث عن وصفات تحتوي على اللبن الرائب (الإنترنت يجعل هذا الأمر سهلاً للغاية!) جرب خبز الزنجبيل بالحليب الرائب كبداية. استخدمه بدلاً من اللبن في خبز الذرة. أضفه إلى خليط البانكيك. يُضاف إلى عجينة الخبز المخبوزة في آلة الخبز أو المصنوعة يدويًا. 2. استخدم اللبن الرائب لعمل الحلويات.
CASE_0247,842272,endpoint,10,7684241,0.691,0.691,0,ar,تدعو الإرشادات الموجودة على الملصق إلى إضافة مسحوق اللبن الرائب إلى المكونات الجافة الأخرى في الوصفة. ربع كوب من المسحوق يساوي كوبًا واحدًا من اللبن السائل. ثم يتم خلط الماء بكمية مماثلة. في الخبز ، يضيف اللبن الرائب حموضة ، مما يؤثر على التخمير في الوصفة.
CASE_0247,842272,mixed,1,7871035,0.6772,0.6772,1,ar,الغرض من اللبن في الخبز. يتم استخدام اللبن ، المصنوع عن طريق إضافة المزرعة إلى الحليب ، مثل الزبادي ، بشكل شائع في المخبوزات ، بما في ذلك الخبز السريع ، مثل البسكويت والكعك. يمتلك اللبن الزبدي طعمًا منعشًا واضحًا وملمسًا سميكًا ، والذي يأتي من وجود حمض اللاكتيك.
CASE_0247,842272,mixed,2,7240175,0.675,0.675,0,ar,وظيفتها المركزية هي تخمير سكر اللبن اللاكتوز إلى حمض اللاكتيك. يساهم هذا وما ينتج عنه من انخفاض في درجة الحموضة في العمر الافتراضي للجبن وسلامته ويعطي الرائب نكهة حادة وطازجة.
CASE_0247,842272,mixed,3,5027095,0.6733,0.6733,0,ar,يعتبر اللبن الرائب مثاليًا للخبز لأنه لا يحتوي على دهون وهو يشبه إلى حد كبير الحليب كامل الدسم في الفطائر والكعك. إذا كنت ستقوم باستبدال اللبن باللبن في وصفاتك ، فستحتاج إلى تغيير كمية صودا الخبز ومسحوق الخبز أيضًا. هذا بسبب المحتوى الحمضي العالي في اللبن الرائب. ستحتاج عادة إلى كمية أقل من صودا الخ
CASE_0247,842272,mixed,4,7480805,0.6668,0.6668,0,ar,يساعد الحمض الموجود في اللبن الرائب صودا الخبز على أداء وظيفتها في وصفات مثل البسكويت والفطائر. لاستبدال الحليب العادي في تلك الوصفات ، فإن الطريقة الأكثر شيوعًا هي استخدام الحليب المجفف ، والذي وصفناه سابقًا في هذا المنشور.
CASE_0247,842272,mixed,5,7062518,0.6642,0.6642,0,ar,تقوم البكتيريا المستخدمة في صنع اللبن بتحويل اللاكتوز الموجود في الحليب إلى حمض اللاكتيك ، مما يعطي اللبن الرائب طعمه المميز. يحتوي الحليب العادي على سكر اللاكتوز الذي يسبب أعراض عدم تحمل اللاكتوز إذا كنت تفتقر إلى الإنزيم اللازم لهضمه.
CASE_0247,842272,mixed,6,2367531,0.6622,0.6622,0,ar,يحتوي اللبن الرائب أيضًا على نسبة دهون أقل بكثير من الحليب العادي والقشدة. اللبن الخاثر ، كما يطلق عليه في الولايات المتحدة هذه الأيام ، هو منتج حليب مبستر. تُضاف مزرعة بكتيريا حمض اللاكتيك إلى الحليب قليل الدسم لتخثر الحليب وتحمضه. تضيف العديد من مصانع الألبان أيضًا بقعًا صفراء صغيرة من الزبدة لمحا
CASE_0247,842272,mixed,7,3343814,0.658,0.658,0,ar,حتى تصويت 8 ضد تصويت. ليست هناك حاجة ماسة للحليب أو مسحوق الحليب في وصفات الخبز. هناك العديد من الصيغ التي تتجاهلها: أقل مكونات للرغيف هي الماء والدقيق والخميرة ؛ ربما يكون الملح ضروريًا للرغيف اللذيذ. الحليب (أو مسحوق الحليب) هو وسيلة لتعزيز العجين من أجل: 1 صنع رغيفًا أكثر ليونة (نظرًا لأن دهن الل
CASE_0247,842272,mixed,8,2367528,0.651,0.651,0,ar,اللبن هو جزء مهم من الخبز. الحليب الحمضي الممزوج بصودا الخبز في الوصفة هو حلم الخباز. شاهد عندما يتم دمج صودا الخبز مع الأحماض اللبنية في اللبن الرائب ، تطلق الصودا ثاني أكسيد الكربون الذي عند تسخينه ، يطلق فقاعات صغيرة تتمدد وترفع وتفتيح أي شيء تريده. 'إعادة الخبز.
CASE_0247,842272,mixed,9,7684241,0.6468,0.6468,0,ar,تدعو الإرشادات الموجودة على الملصق إلى إضافة مسحوق اللبن الرائب إلى المكونات الجافة الأخرى في الوصفة. ربع كوب من المسحوق يساوي كوبًا واحدًا من اللبن السائل. ثم يتم خلط الماء بكمية مماثلة. في الخبز ، يضيف اللبن الرائب حموضة ، مما يؤثر على التخمير في الوصفة.
CASE_0247,842272,mixed,10,8236975,0.6467,0.6467,0,ar,ابحث عن وصفات تحتوي على اللبن الرائب (الإنترنت يجعل هذا الأمر سهلاً للغاية!) جرب خبز الزنجبيل بالحليب الرائب كبداية. استخدمه بدلاً من اللبن في خبز الذرة. أضفه إلى خليط البانكيك. يُضاف إلى عجينة الخبز المخبوزة في آلة الخبز أو المصنوعة يدويًا. 2. استخدم اللبن الرائب لعمل الحلويات.
CASE_0247,927196,endpoint,1,6434358,0.6285,0.6285,0,ar,في عام 1917 ، كانت هناك حاجة إلى عامين من التعليم الجامعي للقبول ، وفي عام 1924 ، أصبح برنامجًا للحصول على درجة الدراسات العليا. تم تغيير اسم القسم إلى كلية الحقوق في كورنيل في عام 1925. في عام 1890 ، تخرج جورج واشنطن فيلدز ، وهو أحد أوائل خريجي كلية الحقوق الملونين في الولايات المتحدة.
CASE_0247,927196,endpoint,2,1098415,0.6049,0.6049,0,ar,1 منذ أن بدأت UW-Superior برنامج الدراسات القانونية في عام 1997 ، يتمتع خريجوها بسجل مثير للإعجاب في الحصول على القبول في كلية الحقوق والعثور على عمل. 95 في المائة من خريجي UW-Superior الذين يلتحقون بكلية الحقوق يكملون دراستهم.
CASE_0247,927196,endpoint,3,4151469,0.5979,0.5979,0,ar,في عام 1917 ، كان يلزم الحصول على عامين من التعليم الجامعي للقبول ، وفي عام 1924 ، أصبح برنامجًا للحصول على درجة الدراسات العليا. تم تغيير اسم القسم إلى كلية الحقوق في كورنيل في عام 1925. في عام 1890 ، تخرج جورج واشنطن فيلدز ، وهو أحد أوائل خريجي كلية الحقوق الملونين في الولايات المتحدة. في عام 1893
CASE_0247,927196,endpoint,4,1098411,0.5934,0.5934,0,ar,1 يُضمن للطلاب الحصول على تدريب داخلي في أماكن مثل محامي المنطقة أو مكتب المحامي العام. منذ أن بدأت UW-Superior برنامج الدراسات القانونية في عام 1997 ، كان لخريجيها سجل مثير للإعجاب في الحصول على القبول في كلية الحقوق والعثور على عمل.
CASE_0247,927196,endpoint,5,161945,0.5897,0.5897,0,ar,بدأ برنامج تخصص CLA في عام 1982. وكان أول اختبارين في مجالات التقاضي المدني وإثبات الوصايا والتخطيط العقاري. في عام 1984 ، تم تقديم امتحانات الشركات / الأعمال والقانون الجنائي والإجراءات لأول مرة. في عام 1987 ، تم تقديم امتحان التخصص العقاري لأول مرة.
CASE_0247,927196,endpoint,6,5404587,0.5887,0.5887,0,ar,منذ عام 2014 ، يُسمح للمرشحين بإجراء الاختبارات في غضون خمس سنوات قبل إلغاء حقهم في الامتحان وعليهم إما العودة إلى كلية الحقوق أو إجراء الاختبار التحضيري أو الاستسلام تمامًا. تدار من قبل وزارة العدل وحدها.
CASE_0247,927196,endpoint,7,2785964,0.5867,0.5867,0,ar,وفقًا لمجلس القبول في كلية الحقوق (LSAC) ، حصل أكثر من 60 ألف طالب محتمل في السنة الأولى في القانون على اختبار LSAT في خريف عام 2009 ، أي بزيادة قدرها 20 بالمائة عن خريف عام 2008.
CASE_0247,927196,endpoint,8,8546867,0.5838,0.5838,0,ar,يعود تقليد التميز العريق لكلية القانون إلى تأسيسها الأصلي في عام 1949. بين عامي 1949 و 1968 ، تخرجت كلية الحقوق 57 طالبًا. في عام 2002 ، أعيد افتتاح كلية القانون FAMU في وسط مدينة أورلاندو ، فلوريدا ، باعتبارها كلية الحقوق العامة الوحيدة في وسط فلوريدا. في عام 2006 ، انتقلت كلية القانون إلى مبناها ا
CASE_0247,927196,endpoint,9,5403782,0.5835,0.5835,0,ar,القبول في القانون. UAàâââ ؟؟ s كلية القانون هو المكان المناسب لك إذا كنت تبحث عن خبرة ممتازة في السنة الأولى ، وأجواء مجتمعية قوية ، وعلاقات كبيرة مع أعضاء هيئة التدريس ، ورسوم دراسية منخفضة وديون الطلاب ، وعروض اختيارية مبتكرة والخبرة القانونية العملية وزملاء الطلاب الذين ينضمون معًا لخدمة الآخرين.
CASE_0247,927196,endpoint,10,1510990,0.5829,0.5829,0,ar,قبل الحرب ، كانت الكلية وملكية المنازل ، في الغالب ، أحلامًا لا يمكن تحقيقها بالنسبة للأمريكيين العاديين. بفضل قانون الجنود الأمريكيين ، اختار الملايين الذين كانوا سيغمرون سوق العمل بدلاً من ذلك التعليم. في ذروة عام 1947 ، كان قدامى المحاربين يمثلون 49 في المائة من القبول في الكلية.
CASE_0247,927196,mixed,1,7735310,0.6809,0.6809,1,ar,ACT (/ eÃ⠀ ª s iÃ⠀ t iÃ⠀ / ؛ في الأصل اختصار لاختبار الكلية الأمريكية) هو اختبار موحد يستخدم للقبول في الجامعات في الولايات المتحدة. تم تقديمه لأول مرة في نوفمبر 1959 من قبل الأستاذ بجامعة أيوا إيفريت فرانكلين ليندكويست كمنافس في اختبار الكفاءة الدراسية (SAT).
CASE_0247,927196,mixed,2,2145426,0.6338,0.6338,0,ar,بلغ عدد الطلاب الذين خضعوا لاختبار ACT في العام الدراسي 1967-1968 حوالي 950،000 ، أي أكثر من سبعة أضعاف العدد الذي خضع للاختبار في 1959-60 ، وهو أول عام اختبار ACT. تبدأ جامعة كاليفورنيا في مطالبة المتقدمين بتقديم درجات SAT.
CASE_0247,927196,mixed,3,7750813,0.6259,0.6259,0,ar,منذ ذلك الحين ، لم يتغير الاختبار كثيرًا ، على عكس اختبار SAT ، الذي عانى من أزمة هوية. 1 1959: أول ACT يدار على 75،460 طالب وطالبة. 2 1972: مليون مارك: يضرب ACT 1000000 طالب يأخذون ACT. 1989: إعادة التصميم: يخضع قانون العمل لتغيير كبير.
CASE_0247,927196,mixed,4,2116431,0.6251,0.6251,0,ar,اختبار ACT هو اختبار موحد يستخدم للقبول بالجامعات في الولايات المتحدة. أنشأ برنامج اختبار الكلية الأمريكية ACT وأدارها أولاً كمنافس لاختبار SAT في خريف عام 1959. يمكن أن يساعدك فهم درجات ACT المركبة وكيفية حسابها في الالتحاق بالجامعة.
CASE_0247,927196,mixed,5,6434358,0.6226,0.6226,0,ar,في عام 1917 ، كانت هناك حاجة إلى عامين من التعليم الجامعي للقبول ، وفي عام 1924 ، أصبح برنامجًا للحصول على درجة الدراسات العليا. تم تغيير اسم القسم إلى كلية الحقوق في كورنيل في عام 1925. في عام 1890 ، تخرج جورج واشنطن فيلدز ، وهو أحد أوائل خريجي كلية الحقوق الملونين في الولايات المتحدة.
CASE_0247,927196,mixed,6,4442296,0.6126,0.6126,0,ar,سمعت أن بعض الكليات بدأت تنظر في درجة الكتابة SAT وتتطلب ACT مع جزء الكتابة. جامعة فلوريدا تبدأ من c / o '09. تحقق مع الكليات التي ستقدم إليها. يجب أن تأخذ الأمر على أنه رهان آمن.
CASE_0247,927196,mixed,7,4315626,0.6124,0.6124,0,ar,1 2005: تضيف ACT اختبارًا اختياريًا للكتابة. 2 2007: كل كلية في الولايات المتحدة تقبل الآن ACT للقبول. 3 2012: تجاوز عدد الطلاب الذين يأخذون اختبار ACT اختبار SAT لأول مرة. في 1.85 مليون طالب ، وهذا يعني أن أكثر من نصف خريجي البلاد يأخذون ACT.
CASE_0247,927196,mixed,8,3689948,0.6095,0.6095,0,ar,1 2005: تضيف ACT اختبارًا اختياريًا للكتابة. 2 2007: كل كلية في الولايات المتحدة تقبل الآن ACT للقبول. 3 2012: تجاوز عدد الطلاب الذين يأخذون اختبار ACT اختبار SAT لأول مرة ، حيث بلغ 1.85 مليون طالب ، وهذا يعني أن أكثر من نصف خريجي البلاد يأخذون اختبار ACT. 2007: تقبل كل كلية في الولايات المتحدة الآن
CASE_0247,927196,mixed,9,7750809,0.6057,0.6057,0,ar,منذ ذلك الحين ، لم يتغير الاختبار كثيرًا ، على عكس اختبار SAT ، الذي عانى من أزمة هوية. فيما يلي المعالم الرئيسية في تاريخ ACT: 1959: يتم إجراء أول ACT على 75،460 طالبًا.
CASE_0247,927196,mixed,10,3169887,0.6041,0.6041,0,ar,تم إدارته لأول مرة في نوفمبر 1959 من قبل إيفريت فرانكلين ليندكويست كمنافس في اختبار الكفاءة الدراسية لمجلس الكلية ، وهو الآن اختبار SAT. يتكون ACT في الأصل من أربعة اختبارات: اللغة الإنجليزية والرياضيات والدراسات الاجتماعية والعلوم الطبيعية.
CASE_0247,952452,endpoint,1,7035633,0.6789,0.6789,0,ar,الرجال البالغين (الذين تتراوح أعمارهم بين 18 و 64 عامًا) جرعة البدء الموصى بها لجميع المرضى هي 30 مجم ، يتم تناولها حسب الحاجة قبل 1 إلى 3 ساعات تقريبًا من النشاط الجنسي. لا ينبغي أن يبدأ العلاج مع بريليجي بجرعة 60 ملغ. بريليجي غير مخصص للاستخدام اليومي المستمر. يجب أن تؤخذ بريليجي فقط عند توقع النش
CASE_0247,952452,endpoint,2,8740663,0.677,0.677,0,ar,يعتبر القذف المبكر مشكلة لأن له عددًا من النتائج السلبية مثل الإشباع الجنسي غير المرضي للشريك الآخر ، وتدني احترام الذات ، وصعوبة التعامل مع الآخرين ، والضيق الشخصي ، وعدم الرضا الجنسي. كيف تأخذ بريليجي. يجب استخدام بريليجي من قبل الرجال الذين تتراوح أعمارهم بين 18-64 عامًا.
CASE_0247,952452,endpoint,3,7811189,0.6677,0.6677,0,ar,الرجال البالغين (الذين تتراوح أعمارهم بين 18 و 64 عامًا) جرعة البدء الموصى بها لجميع المرضى هي 30 مجم ، يتم تناولها حسب الحاجة قبل 1 إلى 3 ساعات تقريبًا من النشاط الجنسي. لا ينبغي أن يبدأ العلاج مع بريليجي بجرعة 60 ملغ. بريليجي غير مخصص للاستخدام اليومي المستمر.
CASE_0247,952452,endpoint,4,8740664,0.6674,0.6674,0,ar,جرعة البدء الموصى بها لجميع المرضى هي 30 مجم ، يتم تناولها حسب الحاجة قبل 1 إلى 3 ساعات تقريبًا من النشاط الجنسي. لا ينبغي أن يبدأ العلاج مع بريليجي بجرعة 60 ملغ. بريليجي غير مخصص للاستخدام اليومي المستمر. يجب أن تؤخذ بريليجي فقط عند توقع النشاط الجنسي.
CASE_0247,952452,endpoint,5,7811188,0.6648,0.6648,0,ar,يجب أخذ قرص بريليجي واحد قبل النشاط الجنسي بساعة إلى ثلاث ساعات. يمكن تناول الجهاز اللوحي مع الطعام أو بدونه. يجب ابتلاعها كاملة لتجنب طعم المر من الجهاز اللوحي. يجب تناول القرص بكوب كامل من الماء.
CASE_0247,952452,endpoint,6,8740669,0.6622,0.6622,0,ar,يمكن تناول دواء سرعة القذف مع الطعام أو بدون طعام. يجب أخذ قرص بريليجي واحد قبل 1-3 ساعات من ممارسة الجماع. تجدر الإشارة والتأكيد على أن بريليجي غير موصوف للاستخدام اليومي المستمر. يجب استخدامه عندما تتوقع نشاطًا جنسيًا.
CASE_0247,952452,endpoint,7,8740671,0.6571,0.6571,0,ar,بريليجي (دابوكستين) بريليجي هو مثبط انتقائي لاسترداد السيروتونين (SSRI). هو قرص يتم تناوله من قبل الرجال لزيادة الوقت الذي يستغرقه القذف. Priligy يؤخر التفاعلات الكيميائية التي تسبب القذف عن طريق زيادة مستويات السيروتونين في الدماغ.
CASE_0247,952452,endpoint,8,7811192,0.6565,0.6565,0,ar,الجرعة الموصى بها من بريليجي هي 30 ملغ. إذا لم يكن هذا فعالًا بما يكفي ، فقد يزيد طبيبك من جرعتك إلى 60 مجم ، ولكن يجب أن يتم ذلك فقط إذا لم تكن قد عانيت من أي آثار جانبية مع الجرعة المنخفضة (انظر أدناه). سيناقش طبيبك علاجك معك بعد أربعة أسابيع أو ست جرعات من العلاج.
CASE_0247,952452,endpoint,9,1192262,0.642,0.642,0,ar,جرعة البدء الموصى بها لجميع المرضى هي 30 مجم ، يتم تناولها حسب الحاجة قبل 1 إلى 3 ساعات تقريبًا من النشاط الجنسي. لا ينبغي أن يبدأ العلاج مع بريليجي بجرعة 60 ملغ. بريليجي غير مخصص للاستخدام اليومي المستمر ، وفي حالة المرضى الذين تم التحقق من كونهم مستقلبات واسعة النطاق لـ CYP2D6 ، يُنصح بجرعة قصوى ت
CASE_0247,952452,endpoint,10,7811191,0.6284,0.6284,0,ar,يجب عليك استشارة الطبيب قبل استخدام بريليجي إذا كان لديك مشاكل صحية سابقة مثل: 1 تشوهات في ضربات القلب ، ارتفاع أو انخفاض ضغط الدم. 2 ـ خطر الإصابة بنوبة قلبية أو مشاكل في القلب. 3 مشاكل نفسية 4 نوبات مشاكل في الكلى؛ مشاكل الكبد 1 ارتفاع ضغط العين أو الجلوكوما. عدم تحمل اللاكتوز.
CASE_0247,952452,mixed,1,7811186,0.6693,0.6693,1,ar,يجب تناول أقراص Priligy قبل بدء ممارسة الجنس بفترة تتراوح من ساعة إلى ثلاث ساعات. يجب عدم تجاوز الحد الأقصى للجرعة مطلقًا ، ويوصى بأن يبدأ الرجال في استخدام Priligy بالجرعة الدنيا ، مع زيادة جرعتهم فقط إذا كانت النتائج لا تزال غير مرضية.
CASE_0247,952452,mixed,2,8740663,0.6633,0.6633,0,ar,يعتبر القذف المبكر مشكلة لأن له عددًا من النتائج السلبية مثل الإشباع الجنسي غير المرضي للشريك الآخر ، وتدني احترام الذات ، وصعوبة التعامل مع الآخرين ، والضيق الشخصي ، وعدم الرضا الجنسي. كيف تأخذ بريليجي. يجب استخدام بريليجي من قبل الرجال الذين تتراوح أعمارهم بين 18-64 عامًا.
CASE_0247,952452,mixed,3,7811188,0.6631,0.6631,0,ar,يجب أخذ قرص بريليجي واحد قبل النشاط الجنسي بساعة إلى ثلاث ساعات. يمكن تناول الجهاز اللوحي مع الطعام أو بدونه. يجب ابتلاعها كاملة لتجنب طعم المر من الجهاز اللوحي. يجب تناول القرص بكوب كامل من الماء.
CASE_0247,952452,mixed,4,7035633,0.6599,0.6599,0,ar,الرجال البالغين (الذين تتراوح أعمارهم بين 18 و 64 عامًا) جرعة البدء الموصى بها لجميع المرضى هي 30 مجم ، يتم تناولها حسب الحاجة قبل 1 إلى 3 ساعات تقريبًا من النشاط الجنسي. لا ينبغي أن يبدأ العلاج مع بريليجي بجرعة 60 ملغ. بريليجي غير مخصص للاستخدام اليومي المستمر. يجب أن تؤخذ بريليجي فقط عند توقع النش
CASE_0247,952452,mixed,5,8740666,0.6573,0.6573,0,ar,ما هو بريليجي (دابوكستين)؟ Priligy عبارة عن قرص يؤخذ لتمديد الوقت الذي يمكن للرجل أن يستمر فيه قبل القذف أثناء ممارسة الجنس. Priligy (dapoxetine 30mg) عبارة عن قرص يؤخذ ما بين ساعة و 3 ساعات قبل ممارسة الجنس ويساعد على زيادة الفترة الزمنية بين الرجل الذي يبدأ نشاطه الجنسي وعندما ينزل.
CASE_0247,952452,mixed,6,8740671,0.6505,0.6505,0,ar,بريليجي (دابوكستين) بريليجي هو مثبط انتقائي لاسترداد السيروتونين (SSRI). هو قرص يتم تناوله من قبل الرجال لزيادة الوقت الذي يستغرقه القذف. Priligy يؤخر التفاعلات الكيميائية التي تسبب القذف عن طريق زيادة مستويات السيروتونين في الدماغ.
CASE_0247,952452,mixed,7,7811189,0.6501,0.6501,0,ar,الرجال البالغين (الذين تتراوح أعمارهم بين 18 و 64 عامًا) جرعة البدء الموصى بها لجميع المرضى هي 30 مجم ، يتم تناولها حسب الحاجة قبل 1 إلى 3 ساعات تقريبًا من النشاط الجنسي. لا ينبغي أن يبدأ العلاج مع بريليجي بجرعة 60 ملغ. بريليجي غير مخصص للاستخدام اليومي المستمر.
CASE_0247,952452,mixed,8,8740669,0.6492,0.6492,0,ar,يمكن تناول دواء سرعة القذف مع الطعام أو بدون طعام. يجب أخذ قرص بريليجي واحد قبل 1-3 ساعات من ممارسة الجماع. تجدر الإشارة والتأكيد على أن بريليجي غير موصوف للاستخدام اليومي المستمر. يجب استخدامه عندما تتوقع نشاطًا جنسيًا.
CASE_0247,952452,mixed,9,8740664,0.6454,0.6454,0,ar,جرعة البدء الموصى بها لجميع المرضى هي 30 مجم ، يتم تناولها حسب الحاجة قبل 1 إلى 3 ساعات تقريبًا من النشاط الجنسي. لا ينبغي أن يبدأ العلاج مع بريليجي بجرعة 60 ملغ. بريليجي غير مخصص للاستخدام اليومي المستمر. يجب أن تؤخذ بريليجي فقط عند توقع النشاط الجنسي.
CASE_0247,952452,mixed,10,1192262,0.6283,0.6283,0,ar,جرعة البدء الموصى بها لجميع المرضى هي 30 مجم ، يتم تناولها حسب الحاجة قبل 1 إلى 3 ساعات تقريبًا من النشاط الجنسي. لا ينبغي أن يبدأ العلاج مع بريليجي بجرعة 60 ملغ. بريليجي غير مخصص للاستخدام اليومي المستمر ، وفي حالة المرضى الذين تم التحقق من كونهم مستقلبات واسعة النطاق لـ CYP2D6 ، يُنصح بجرعة قصوى ت
CASE_0247,953355,endpoint,1,6480408,0.6436,0.6436,0,ar,جعل العالم أفضل ، إجابة واحدة في كل مرة. يعتمد الوقت الذي يستغرقه طهي الضلع الرئيسي في مشواة رونكو على مدى جودة النضج الذي تريده. إذا كنت تريد أن تنضج جيدًا ، يمكنك طهيها لمدة 18 دقيقة لكل رطل ، وإذا كنت تحبها متوسطة الحجم ، فقم بطهيها لمدة 14 دقيقة لكل رطل. تختلف أوقات البحث عن الضلع الرئيسي حسب حج
CASE_0247,953355,endpoint,2,3302734,0.6303,0.6303,0,ar,1 شوي الضلع لمدة 15 دقيقة عند 450 درجة فهرنهايت ، ثم اقلب الفرن إلى 325 درجة فهرنهايت لبقية وقت الطهي. 2 كل نصف ساعة ، دهن الأطراف المقطوعة من الشواء بالدهن المتراكم في مقلاة التحميص.
CASE_0247,953355,endpoint,3,935700,0.6302,0.6302,0,ar,الطهي في درجة حرارة ثابتة للفرن تبلغ 300 درجة فهرنهايت (160 درجة مئوية) ، تستغرق عملية تحميص الضلع الدائمة من 5 إلى 8 أرطال 17-19 دقيقة للرطل الواحد نادرًا ، 20-22 دقيقة للموسم نادرًا ، 23-25 ​​دقيقة للمتوسط ​​، و27-30 دقيقة للنضج جيدًا. يستغرق تحميص الضلوع 17-19 دقيقة لكل رطل للنادر ، و 20-22 دقيقة
CASE_0247,953355,endpoint,4,6610156,0.6263,0.6263,0,ar,1 ينضج الضلع عند 500 درجة فهرنهايت لتلك الدقائق العديدة بالضبط. 2 على سبيل المثال ، لتحميص 6 أرطال: 6 × 5 = 30 ، لذا فإن وقت الطهي هو 30 دقيقة. 3 أغلق الفرن وانتظر ساعتين قبل فتح باب الفرن. 4 قم بإزالة الضلع الرئيسي وقطعه إلى أكثر أنواع اللحوم النادرة المتوسطة التي رأيتها على الإطلاق. شوي الضلع الرئ
CASE_0247,953355,endpoint,5,4305108,0.6263,0.6263,0,ar,رئيس أوقات الطهي الضلع. تستند أوقات التحميص المقدرة هذه إلى وزن تحميص لا يقل عن 4 أرطال (أو 1.8 كجم): درجة حرارة الطهي الموصى بها هي 325 درجة فهرنهايت. للنادرة المتوسطة: طهي لمدة 22 دقيقة لكل رطل.
CASE_0247,953355,endpoint,6,8377471,0.6256,0.6256,0,ar,1 ينضج الضلع عند 500 درجة فهرنهايت لتلك الدقائق العديدة بالضبط. 2 على سبيل المثال ، لتحميص 6 أرطال: 6 × 5 = 30 ، لذا فإن وقت الطهي هو 30 دقيقة. 3 أغلق الفرن وانتظر ساعتين قبل فتح باب الفرن. 4 قم بإزالة الضلع الرئيسي وتقطيعه إلى أكثر أنواع اللحوم النادرة المتوسطة التي رأيتها على الإطلاق.
CASE_0247,953355,endpoint,7,3173316,0.6253,0.6253,0,ar,توصي وزارة الزراعة الأمريكية بأوقات الطهي التالية: تحميص الضلع (بداخل العظام ، من 4 إلى 6 أرطال): تحميص عند 325 درجة فهرنهايت لمدة 23 إلى 25 دقيقة لكل رطل للنادرة المتوسطة ، 145 درجة فهرنهايت ، تحميص الضلع (ملفوف بدون عظم ، من 4 إلى 6) رطل): تحميص عند 325 درجة فهرنهايت أضف 5 إلى 8 دقائق لكل رطل إلى
CASE_0247,953355,endpoint,8,410720,0.6244,0.6244,0,ar,الطهي في درجة حرارة ثابتة للفرن تبلغ 300 درجة فهرنهايت (160 درجة مئوية) ، تستغرق عملية تحميص الضلع الدائمة من 5 إلى 8 أرطال 17-19 دقيقة للرطل الواحد نادرًا ، 20-22 دقيقة للموسم نادر ، 23-25 ​​دقيقة للمتوسط ​​، و27-30 دقيقة للنضج الجيد.
CASE_0247,953355,endpoint,9,1264808,0.6241,0.6241,0,ar,اذهب إلى هذا الموقع للحصول على توجيهات كاملة لعملية الطهي بدرجة حرارة منخفضة: http: //www.cookingforengineers.com/recip ... إذا كنت تريد طهي الضلع الرئيسي على درجة حرارة أعلى ، فابدأ في 450 درجة فهرنهايت لمدة 15 دقيقة ، ثم قلل درجة الحرارة إلى 325 درجة فهرنهايت ، وشويها لمدة 12 إلى 13 دقيقة لكل رطل
CASE_0247,953355,endpoint,10,6476481,0.623,0.623,0,ar,أوقات الطهي القياسية. توصي وزارة الزراعة الأمريكية بأوقات الطهي التالية: الضلع المحمص (بداخل العظام ، من 4 إلى 6 أرطال): تحميص عند 325 درجة فهرنهايت لمدة 23 إلى 25 دقيقة لكل رطل للنادرة المتوسطة ، 145 درجة فهرنهايت ، تحميص الضلع (ملفوف بدون عظم ، من 4 إلى 6) رطل.): تحميص عند 325 درجة فهرنهايت ، أضف
CASE_0247,953355,mixed,1,7925126,0.6413,0.6413,1,ar,لدى رينو وسباركس حدائق للكلاب حيث يمكن لـ Rover الركض مجانًا والاستمتاع بالتفاعل مع أقرانه. تبدأ فعاليات Nugget Rib Cook-Off لعام 2016 من الأربعاء 31 أغسطس حتى الاثنين 5 سبتمبر. ساعات عمل Nugget Rib Cook-Off هي من الأربعاء إلى الأحد من الساعة 11 صباحًا حتى 9 مساءً ، والإثنين من الساعة 11 صباحًا حتى
CASE_0247,953355,mixed,2,8077027,0.6279,0.6279,0,ar,6. اخبزيها في فرن محمى على 325 فهرنهايت أو 160 درجة مئوية لمدة ساعة تقريبا مع تغطية الضلوع. بديل للرقائق هو كيس خبز الديك الرومي. استخدام كيس الخبز سيجعل التنظيف أسهل وينتج منتجًا مطهوًا بشكل متساوٍ. اتبع الإرشادات الموجودة على صندوق أكياس الطهي. / d5kh2btv85w9n.cloudfront.net/e/e5/Cook Ribs in the
CASE_0247,953355,mixed,3,790628,0.6264,0.6264,0,ar,ضعها في فرن 300 درجة فهرنهايت وراقبها بميزان حرارة اللحم حتى يتم الوصول إلى درجة الحرارة الداخلية المطلوبة. درجة الحرارة الداخلية الموصى بها: 135 درجة فهرنهايت الوقت التقريبي: 2.5 درجة فهرنهايت 3.5 ساعة. يختلف وقت الطهي باختلاف الوزن ودرجة حرارة الفرن ، يقدم مركز روزنتال طريقة لذيذة للاحتفال. ستعزز
CASE_0247,953355,mixed,4,3421648,0.6214,0.6214,0,ar,أوقات الطهي القياسية. توصي وزارة الزراعة الأمريكية بأوقات الطهي التالية: الضلع المحمص (بداخل العظام ، من 4 إلى 6 أرطال): تحميص عند 325 درجة فهرنهايت لمدة 23 إلى 25 دقيقة لكل رطل للنادرة المتوسطة ، 145 درجة فهرنهايت ، تحميص الضلع (ملفوف بدون عظم ، من 4 إلى 6) رطل): تحمص على 325 درجة فهرنهايت ، أضف 5
CASE_0247,953355,mixed,5,2236234,0.6116,0.6116,0,ar,Costco Prime Rib Roast 2014. واحدة من أكثر عناصر الكريسماس سخونة في كوستكو كل عام هي الضلع الرئيسي المشوي. لا يوجد الكثير من المتاجر التي يمكنك شراء ضلع رئيسي كامل العظام و Costco هو واحد منهم. عادة ما يتم طرحها للبيع قبل حوالي أسبوعين من عيد الميلاد ، وتقول العلامة أن مدة الصلاحية هي 5 أيام. عطلة ن
CASE_0247,953355,mixed,6,7925128,0.6083,0.6083,0,ar,- الأربعاء - الأحد: 4:00 م - 9:00 م. àالاثنين: 12:00 م - 5:00 م. Rib Village هي منطقة VIP ضمن Best in the West Nugget Rib Cook-off حيث يمكنك الحصول على أضلاع ومشروبات غير محدودة لما يصل إلى 10 أشخاص. الجداول ستكون متاحة للشراء ؛ انقر هنا لمزيد من المعلومات.
CASE_0247,953355,mixed,7,1335928,0.6027,0.6027,0,ar,طهي الريب آي: 1 بمجرد وصول الفرن (والمقلاة) إلى 500 درجة ، أخرج المقلاة من الفرن. لا تقم بإيقاف الفرن. 2 ضعي المقلاة على نار عالية على الموقد. 3 أضف بضع ملاعق كبيرة من زيت الأفوكادو إلى المقلاة. احرق الضلع لمدة 60 ثانية ، اقلبها واحرقها لمدة 60 ثانية إضافية.
CASE_0247,953355,mixed,8,1335922,0.6019,0.6019,0,ar,طهي الريب آي: 1 بمجرد وصول الفرن (والمقلاة) إلى 500 درجة ، أخرج المقلاة من الفرن. 2 ضعي المقلاة على نار عالية على الموقد. 3 أضف بضع ملاعق كبيرة من زيت الأفوكادو إلى المقلاة. احرق الضلع لمدة 60 ثانية ، اقلبها واحرقها لمدة 60 ثانية إضافية.
CASE_0247,953355,mixed,9,800204,0.6019,0.6019,0,ar,1 أخرج الصينية من الفرن. 2 لتحضير صلصة أو صلصة من سائل الطهي ، قم أولاً بإعداد الرو ، ثم اخفق بعضًا من سائل الطهي (صفيه أولاً) في الرو حتى يتكاثف. 3 اطبخي على نار خفيفة لبضع دقائق ، ثم تبلي. 4 فيما يلي المزيد حول كيفية صنع المرق. أعدوا سائل الطهي إلى النار على نار هادئة ، ثم غطوا المقلاة بغطاء محكم
CASE_0247,953355,mixed,10,6480408,0.6018,0.6018,0,ar,جعل العالم أفضل ، إجابة واحدة في كل مرة. يعتمد الوقت الذي يستغرقه طهي الضلع الرئيسي في مشواة رونكو على مدى جودة النضج الذي تريده. إذا كنت تريد أن تنضج جيدًا ، يمكنك طهيها لمدة 18 دقيقة لكل رطل ، وإذا كنت تحبها متوسطة الحجم ، فقم بطهيها لمدة 14 دقيقة لكل رطل. تختلف أوقات البحث عن الضلع الرئيسي حسب حج
CASE_0247,991138,endpoint,1,86922,0.6434,0.6434,0,ar,موقع. 1 يقع هذا المنتجع في أقصى الطرف الشرقي لجمهورية الدومينيكان في بونتا كانا ، ويوفر 12 مسبحًا مختلفًا في الهواء الطلق مع إطلالات رائعة على البحر الكاريبي وبحيرة منعزلة. يقع على بعد 35 كم من مطار بونتا كانا الدولي.
CASE_0247,991138,endpoint,2,1756972,0.6171,0.6171,0,ar,دليل مدينة بونتا كانا. يقع منتجع بونتا كانا على شاطئ البحر داخل منطقة بلدية بونتا كانا-بيوفارو-فيرون-ماكاو في لا ألتاجراسيا ، وهي المقاطعة الواقعة في أقصى شرق جمهورية الدومينيكان.
CASE_0247,991138,endpoint,3,1756978,0.6063,0.6063,0,ar,دليل مدينة بونتا كانا. حول بونتا كانا. يقع منتجع بونتا كانا على شاطئ البحر داخل منطقة بلدية بونتا كانا-بيوفارو-فيرون-ماكاو في لا ألتاجراسيا ، وهي المقاطعة الواقعة في أقصى شرق جمهورية الدومينيكان.
CASE_0247,991138,endpoint,4,3933487,0.6027,0.6027,0,ar,تقع بونتا كانا على الساحل الشرقي لجمهورية الدومينيكان وهي واحدة من أشهر وجهات العطلات في منطقة البحر الكاريبي. يشتهر هذا المنتجع بمناخه الاستوائي وأشعة الشمس المشرقة ودرجات الحرارة الحارقة التي يتمتع بها طوال العام.
CASE_0247,991138,endpoint,5,1756976,0.5956,0.5956,0,ar,بونتا كانا. بونتا كانا هي مدينة منتجع داخل منطقة بلدية بونتا كانا-بيوفارو-فيرون-ماكاو ، في بلدية هيجوي ، في مقاطعة لا ألتاجراسيا ، المقاطعة الواقعة في أقصى شرق جمهورية الدومينيكان. تحتوي المنطقة على شواطئ وبالنيريوس التي تطل على البحر الكاريبي والمحيط الأطلسي ، وقد كانت وجهة سياحية شهيرة.
CASE_0247,991138,endpoint,6,7748432,0.5894,0.5894,0,ar,توجد أخطاء في النموذج. احصل على لمحة عامة عن هذا الفندق من فئة 5 نجوم مع مسابح وشاطئ خاص ومنتجع صحي كامل الخدمات. موقع المنشأة استمتع بالإقامة في إيدن روك آت كاب كانا في بونتا كانا (كاب كانا) لتكون على مقربة من Cap Cana Golf Club وملعب بونتا إيسبادا للجولف. تقع هذه المنشأة السياحية التي تحمل تصنيف 5
CASE_0247,991138,endpoint,7,833260,0.5853,0.5853,0,ar,منتجع وسبا جراند بالاديوم بونتا كانا. يقع منتجع وسبا جراند بالاديوم بونتا كانا الشامل كليًا على الشواطئ الخلابة لشاطئ بافارو ، ويوفر مكانًا مثاليًا لتكوين الذكريات. استمتع بغرف فسيحة مع ديكور أنيق ومطاعم متخصصة ونادي للأطفال لكل الأعمار وعلاجات سبا فاخرة مهدئة في مركز صحي. استفد من عرض Stay at 1، Pl
CASE_0247,991138,endpoint,8,3147748,0.5833,0.5833,0,ar,امتياز بونتا كانا. بونتا كانا ، جمهورية الدومينيكان. مع موقعه المطل على المحيط في جمهورية الدومينيكان والاختيار المتميز للخدمات والأنشطة ، يعد Excellence Punta Cana منتجعًا فاخرًا وشاملًا ومثاليًا ببساطة ... INITIAL - متاح: | معلق: | | غير معروف: $ / nt *.
CASE_0247,991138,endpoint,9,4285075,0.5812,0.5812,0,ar,موقع عظيم! يقع منتجع Fontana Village في غابة Nantahala الوطنية في سد فونتانا بولاية نورث كارولينا. يتميز المنتجع بإطلالات على الجبل والبحيرة ومرسى وملعب غولف صغير ، ويوفر طرقًا خلابة وترفيهية للاسترخاء.
CASE_0247,991138,endpoint,10,4285071,0.58,0.58,0,ar,موقع عظيم! 9.2. يقع منتجع Fontana Village في غابة Nantahala الوطنية في سد فونتانا بولاية نورث كارولينا. يتميز المنتجع بإطلالات على الجبل والبحيرة ومرسى وملعب غولف صغير ، ويوفر طرقًا خلابة وترفيهية للاسترخاء.
CASE_0247,991138,mixed,1,7748425,0.6217,0.6217,1,ar,الموقع ومواقف السيارات. يقع Eden Roc في مجتمع حصري تبلغ مساحته 30000 فدان في Cap Cana. يقع في الطرف الشرقي من جمهورية الدومينيكان ، على بعد 10 أميال جنوب غرب مطار بونتا كانا الدولي ، ويتميز المجتمع بشواطئ خاصة ومرسى وغابات مطيرة استوائية وملعب جاك نيكلاوس للجولف. يمكن لضيوف المنتجع الوصول الكامل إلى
CASE_0247,991138,mixed,2,7748430,0.6193,0.6193,0,ar,يقع هذا المنتجع في Cap Cana على الشاطئ ، على بُعد ميل واحد (2 كم) من ملعب Punta Espada للغولف ونادي Cap Cana للغولف. تقع حديقة سكيب بارك في كاب كانا على بعد ٢ ٫ ٥ ميل (٤ كم). اقضِ يومك في الاسترخاء في Eden Roc على الشاطئ الرملي الأبيض الخاص في Cap Cana ، أو مارس التأرجح على ملعب الجولف ، أو دلل نفسك
CASE_0247,991138,mixed,3,86922,0.6143,0.6143,0,ar,موقع. 1 يقع هذا المنتجع في أقصى الطرف الشرقي لجمهورية الدومينيكان في بونتا كانا ، ويوفر 12 مسبحًا مختلفًا في الهواء الطلق مع إطلالات رائعة على البحر الكاريبي وبحيرة منعزلة. يقع على بعد 35 كم من مطار بونتا كانا الدولي.
CASE_0247,991138,mixed,4,7748433,0.6117,0.6117,0,ar,يحصل أعضاء Orbitz Platinum على ترقيات مجانية للغرفة ويحصل أعضاء Platinum و Gold على امتيازات أخرى عند توفرها عند تسجيل الوصول. يقع Eden Roc at Cap Cana في Cap Cana على بعد 1.6 كم من المعالم السياحية مثل ملعب Punta Espada للغولف ونادي Cap Cana للغولف. يحتوي هذا المنتجع ذو الـ 5 نجوم والمكون من 34 غرف
CASE_0247,991138,mixed,5,3147748,0.6114,0.6114,0,ar,امتياز بونتا كانا. بونتا كانا ، جمهورية الدومينيكان. مع موقعه المطل على المحيط في جمهورية الدومينيكان والاختيار المتميز للخدمات والأنشطة ، يعد Excellence Punta Cana منتجعًا فاخرًا وشاملًا ومثاليًا ببساطة ... INITIAL - متاح: | معلق: | | غير معروف: $ / nt *.
CASE_0247,991138,mixed,6,7748432,0.6084,0.6084,0,ar,توجد أخطاء في النموذج. احصل على لمحة عامة عن هذا الفندق من فئة 5 نجوم مع مسابح وشاطئ خاص ومنتجع صحي كامل الخدمات. موقع المنشأة استمتع بالإقامة في إيدن روك آت كاب كانا في بونتا كانا (كاب كانا) لتكون على مقربة من Cap Cana Golf Club وملعب بونتا إيسبادا للجولف. تقع هذه المنشأة السياحية التي تحمل تصنيف 5
CASE_0247,991138,mixed,7,3147746,0.602,0.602,0,ar,مرحبًا بكم في منتجع وسبا دريمز بونتا كانا. يقع منتجع Dreams Punta Cana Resort & Spa في مكان مثالي على الساحل الشرقي لجمهورية الدومينيكان ، وهو منعزل في جنة استوائية خصبة حيث تقبّل النباتات المحيط. الشاطئ الذهبي البكر في Uvero Alto ، والشعاب المرجانية القريبة ، والمحيط الاستوائي الجميل يغمر الضيوف في
CASE_0247,991138,mixed,8,3901598,0.5968,0.5968,0,ar,أسرار رويال بيتش بونتا كانا ، بونتا كانا. Secrets Royal Beach Punta Cana هو منتجع شامل كليًا للبالغين فقط (18 عامًا فما فوق) ، يقع على شاطئ بافارو ذو الرمال البيضاء الخلابة المرصعة بالنخيل ، بونتا كانا. يوفر هذا المنتجع جميع امتيازات ملاذ Unlimited-Luxury في بيئة رائعة على شاطئ البحر ، وهو الخيار ال
CASE_0247,991138,mixed,9,833260,0.5923,0.5923,0,ar,منتجع وسبا جراند بالاديوم بونتا كانا. يقع منتجع وسبا جراند بالاديوم بونتا كانا الشامل كليًا على الشواطئ الخلابة لشاطئ بافارو ، ويوفر مكانًا مثاليًا لتكوين الذكريات. استمتع بغرف فسيحة مع ديكور أنيق ومطاعم متخصصة ونادي للأطفال لكل الأعمار وعلاجات سبا فاخرة مهدئة في مركز صحي. استفد من عرض Stay at 1، Pl
CASE_0247,991138,mixed,10,3933487,0.5838,0.5838,0,ar,تقع بونتا كانا على الساحل الشرقي لجمهورية الدومينيكان وهي واحدة من أشهر وجهات العطلات في منطقة البحر الكاريبي. يشتهر هذا المنتجع بمناخه الاستوائي وأشعة الشمس المشرقة ودرجات الحرارة الحارقة التي يتمتع بها طوال العام.
CASE_0247,808716,endpoint,1,3035721,0.707,0.707,0,ar,العلاجات القياسية لسرطان الجلد. 1 الجراحة. 2 العلاج الإشعاعي. 3 العلاج الكيميائي. 4 العلاج الضوئي الديناميكي (علاج للسرطان يستخدم دواء ونوع معين من ضوء الليزر لقتل الخلايا السرطانية) 5 العلاج البيولوجي (علاج يستخدم الجهاز المناعي للمريض لمحاربة السرطان )
CASE_0247,808716,endpoint,2,7238658,0.6944,0.6944,0,ar,المزيد في سرطان الجلد. العلاج الشائع لسرطان الخلايا القاعدية - وهو أكثر أنواع سرطان الجلد شيوعًا في جميع أنحاء العالم - هو كريم موضعي (يوضع على الجلد فقط) ، مثل Efudex ( فلورويوراسيل). إذا وصف طبيبك Efudex ، فستزودك هذه المقدمة بالمعلومات التي تحتاجها لاستخدامها بشكل فعال وآمن.
CASE_0247,808716,endpoint,3,5636502,0.6944,0.6944,0,ar,بقلم تيموثي ديتشيارا ، دكتوراه. تم التحديث في 12 أغسطس 2016. العلاج الشائع لسرطان الخلايا القاعدية - وهو النوع الأكثر شيوعًا من سرطان الجلد في جميع أنحاء العالم - هو علاج موضعي (يوضع على الجلد فقط) كريم ، مثل إيميكويمود وديكلوفيناك وفلورويوراسيل (إيفوديكس ، كاراك).
CASE_0247,808716,endpoint,4,7637815,0.6944,0.6944,0,ar,العلاج البديل لسرطان الجلد. في حين أن أفضل علاج لسرطان الجلد يعتمد على مرحلة السرطان بالإضافة إلى الصحة العامة للفرد ، فإن الطرق البديلة توفر خيارات علاج آمنة وطبيعية. يقدم شاي الباذنجان والجذور الدموية والإيسياك مكونات طبيعية لعلاج خلايا الجلد المصابة والقضاء عليها. الباذنجان
CASE_0247,808716,endpoint,5,1192842,0.6914,0.6914,0,ar,العلاج البديل لسرطان الجلد. في حين أن أفضل علاج لسرطان الجلد يعتمد على مرحلة السرطان بالإضافة إلى الصحة العامة للفرد ، فإن الطرق البديلة توفر خيارات علاج آمنة وطبيعية.
CASE_0247,808716,endpoint,6,2896149,0.6889,0.6889,0,ar,علاجات سرطان الجلد: النجم الجديد. لقد أوصينا لسنوات كريم Raspberry Skin Cream كأحد أفضل الكريمات التي يمكن استخدامها لسرطان الجلد. أفضل لأنه لا يسبب أي ألم أو مشاكل أخرى عند استخدامه. ولكن يوجد الآن علاج أقوى بكثير يعمل على تغيير توصيتنا.
CASE_0247,808716,endpoint,7,712249,0.6859,0.6859,0,ar,علاجات وأدوية سرطان الجلد. الأنواع الثلاثة الأساسية لسرطان الجلد هي سرطان الخلايا القاعدية وسرطان الخلايا الحرشفية وسرطان الجلد. بالإضافة إلى الجراحة ، هناك العديد من الخيارات العلاجية الأخرى ، وهي ضرورية للإصابة بسرطان الجلد في مراحله المبكرة. يمكن أن يعتمد البقاء على قيد الحياة على المدى الطويل عل
CASE_0247,808716,endpoint,8,7727815,0.6837,0.6837,1,ar,خيارات العلاج. تشمل علاجات سرطان الجلد ما يلي: 1 الجراحة. 2 يتم قطع الورم الميلانيني بالكامل ، جنبًا إلى جنب مع حافة (هامش) الجلد الطبيعي المظهر. 3 العلاج الكيميائي ، الذي يستخدم الأدوية لوقف أو إبطاء نمو الخلايا السرطانية. 4 العلاج المناعي ، الذي يستخدم الأدوية لمساعدة جهاز المناعة في الجسم على محا
CASE_0247,808716,endpoint,9,1192834,0.6773,0.6773,0,ar,في حين أن أفضل علاج لسرطان الجلد يعتمد على مرحلة السرطان بالإضافة إلى الصحة العامة للفرد ، فإن الطرق البديلة توفر خيارات علاج آمنة وطبيعية. يقدم شاي الباذنجان والجذور الدموية والإيسياك مكونات طبيعية لعلاج خلايا الجلد المصابة والقضاء عليها.
CASE_0247,808716,endpoint,10,2896157,0.6771,0.6771,0,ar,بالنسبة للبشرة ، فهو من أفضل الأدوية لعلاج سرطان الجلد لأنه يقتل الخلايا السرطانية كما يفعل اليود. يستخدم الدكتور توليو سيمونسيني ، أخصائي الأورام في روما ، اليود لعلاج سرطان الجلد. يمكن تطبيق كلاهما موضعيًا. يمكن استخدام كلاهما على مدار الساعة تقريبًا لإحداث تأثير كبير.
CASE_0247,808716,mixed,1,7727815,0.6667,0.6667,1,ar,خيارات العلاج. تشمل علاجات سرطان الجلد ما يلي: 1 الجراحة. 2 يتم قطع الورم الميلانيني بالكامل ، جنبًا إلى جنب مع حافة (هامش) الجلد الطبيعي المظهر. 3 العلاج الكيميائي ، الذي يستخدم الأدوية لوقف أو إبطاء نمو الخلايا السرطانية. 4 العلاج المناعي ، الذي يستخدم الأدوية لمساعدة جهاز المناعة في الجسم على محا
CASE_0247,808716,mixed,2,3035721,0.6659,0.6659,0,ar,العلاجات القياسية لسرطان الجلد. 1 الجراحة. 2 العلاج الإشعاعي. 3 العلاج الكيميائي. 4 العلاج الضوئي الديناميكي (علاج للسرطان يستخدم دواء ونوع معين من ضوء الليزر لقتل الخلايا السرطانية) 5 العلاج البيولوجي (علاج يستخدم الجهاز المناعي للمريض لمحاربة السرطان )
CASE_0247,808716,mixed,3,7637815,0.6649,0.6649,0,ar,العلاج البديل لسرطان الجلد. في حين أن أفضل علاج لسرطان الجلد يعتمد على مرحلة السرطان بالإضافة إلى الصحة العامة للفرد ، فإن الطرق البديلة توفر خيارات علاج آمنة وطبيعية. يقدم شاي الباذنجان والجذور الدموية والإيسياك مكونات طبيعية لعلاج خلايا الجلد المصابة والقضاء عليها. الباذنجان
CASE_0247,808716,mixed,4,2896149,0.662,0.662,0,ar,علاجات سرطان الجلد: النجم الجديد. لقد أوصينا لسنوات كريم Raspberry Skin Cream كأحد أفضل الكريمات التي يمكن استخدامها لسرطان الجلد. أفضل لأنه لا يسبب أي ألم أو مشاكل أخرى عند استخدامه. ولكن يوجد الآن علاج أقوى بكثير يعمل على تغيير توصيتنا.
CASE_0247,808716,mixed,5,712249,0.6543,0.6543,0,ar,علاجات وأدوية سرطان الجلد. الأنواع الثلاثة الأساسية لسرطان الجلد هي سرطان الخلايا القاعدية وسرطان الخلايا الحرشفية وسرطان الجلد. بالإضافة إلى الجراحة ، هناك العديد من الخيارات العلاجية الأخرى ، وهي ضرورية للإصابة بسرطان الجلد في مراحله المبكرة. يمكن أن يعتمد البقاء على قيد الحياة على المدى الطويل عل
CASE_0247,808716,mixed,6,1192834,0.6541,0.6541,0,ar,في حين أن أفضل علاج لسرطان الجلد يعتمد على مرحلة السرطان بالإضافة إلى الصحة العامة للفرد ، فإن الطرق البديلة توفر خيارات علاج آمنة وطبيعية. يقدم شاي الباذنجان والجذور الدموية والإيسياك مكونات طبيعية لعلاج خلايا الجلد المصابة والقضاء عليها.
CASE_0247,808716,mixed,7,5636502,0.6512,0.6512,0,ar,بقلم تيموثي ديتشيارا ، دكتوراه. تم التحديث في 12 أغسطس 2016. العلاج الشائع لسرطان الخلايا القاعدية - وهو النوع الأكثر شيوعًا من سرطان الجلد في جميع أنحاء العالم - هو علاج موضعي (يوضع على الجلد فقط) كريم ، مثل إيميكويمود وديكلوفيناك وفلورويوراسيل (إيفوديكس ، كاراك).
CASE_0247,808716,mixed,8,1192842,0.6473,0.6473,0,ar,العلاج البديل لسرطان الجلد. في حين أن أفضل علاج لسرطان الجلد يعتمد على مرحلة السرطان بالإضافة إلى الصحة العامة للفرد ، فإن الطرق البديلة توفر خيارات علاج آمنة وطبيعية.
CASE_0247,808716,mixed,9,6179674,0.6464,0.6464,0,ar,سرطان الجلد هو أكثر أنواع السرطانات شيوعًا في الولايات المتحدة ، وعند اكتشافه وعلاجه مبكرًا ، يمكن علاج 99٪ من الحالات. تتخصص الدكتورة أليسا هيرمان في العلاج الأكثر فعالية لمعظم أنواع سرطان الجلد - جراحة موس - في عيادتها في ميامي.
CASE_0247,808716,mixed,10,7238658,0.6433,0.6433,0,ar,المزيد في سرطان الجلد. العلاج الشائع لسرطان الخلايا القاعدية - وهو أكثر أنواع سرطان الجلد شيوعًا في جميع أنحاء العالم - هو كريم موضعي (يوضع على الجلد فقط) ، مثل Efudex ( فلورويوراسيل). إذا وصف طبيبك Efudex ، فستزودك هذه المقدمة بالمعلومات التي تحتاجها لاستخدامها بشكل فعال وآمن.
CASE_0247,160312,endpoint,1,6470068,0.7445,0.7445,0,ar,لتصبح ضابط شرطة ، سوف تحتاج إلى هذه المتطلبات التعليمية: 1 أن تكون مواطنًا أمريكيًا فوق 20 عامًا. 2 ألا يكون مجرما محكوما. 3 حاصل على دبلوم المدرسة الثانوية أو GED. 4 يجب أن يجتاز العديد من الاختبارات الكتابية والبدنية التنافسية.
CASE_0247,160312,endpoint,2,5599860,0.7416,0.7416,0,ar,ج: لكي تصبح ضابط شرطة ، يجب أن تحصل على الأقل على شهادة الثانوية العامة أو GED أو ما يعادلها. يجب أن تكون مواطنًا أمريكيًا ويجب ألا يقل عمرك عن واحد وعشرين عامًا. بالإضافة إلى ذلك ، يجب عليك إكمال برنامج تدريبي بنجاح في قسم الشرطة أو أكاديمية الشرطة بالولاية.
CASE_0247,160312,endpoint,3,427517,0.7382,0.7382,0,ar,أن تصبح ضابط شرطة. يعمل أكثر من 59000 ضابط شرطة في جميع أنحاء الولاية يوميًا لضمان سلامة السكان. للانضمام إلى صفوفهم ، يجب أن تكون مواطنًا أمريكيًا يبلغ من العمر 18 عامًا على الأقل ، ويجب أن تكون حاصلاً على دبلوم المدرسة الثانوية أو شهادة GED.
CASE_0247,160312,endpoint,4,392843,0.7366,0.7366,0,ar,لكي تصبح ضابط شرطة ، يجب على المرشحين أولاً التأكد من استيفائهم للحد الأدنى من المتطلبات التي حددتها الإدارة أو الوكالة التي يرغبون في خدمتها. على الرغم من أن هذه المتطلبات تختلف من قسم شرطة إلى آخر ، فإن المتطلبات النموذجية تشمل: 1 أن تكون مواطنًا أمريكيًا. 2 أن يكون مقيماً في الولاية التي يقع فيها
CASE_0247,160312,endpoint,5,5248177,0.7356,0.7356,0,ar,ج: لكي تصبح ضابط شرطة ، يجب أن تحصل على الأقل على شهادة الثانوية العامة أو GED أو ما يعادلها. يجب أن تكون مواطنًا أمريكيًا ويجب ألا يقل عمرك عن واحد وعشرين عامًا. بالإضافة إلى ذلك ، يجب عليك إكمال برنامج تدريبي بنجاح في قسم الشرطة أو أكاديمية الشرطة بالولاية: وفقًا لمكتب إحصاءات العمل الأمريكي ، تتر
CASE_0247,160312,endpoint,6,8001105,0.734,0.734,1,ar,أنا لست مواطنًا أمريكيًا ، فهل لا يزال بإمكاني أن أصبح ضابط شرطة؟ تختلف القوانين وسياسات التوظيف من دولة إلى أخرى ومن وكالة إلى وكالة فيما يتعلق بمتطلبات الجنسية. بشكل عام ، تطلب منك معظم الوكالات أن تكون مواطنًا أمريكيًا أو أجنبيًا مقيمًا دائمًا. إذا كانت لديك أسئلة أكثر تحديدًا بخصوص متطلبات الجنس
CASE_0247,160312,endpoint,7,2042894,0.7309,0.7309,0,ar,قبل أن تصبح ضابط شرطة ، يجب أن تستوفي أولاً الحد الأدنى من المؤهلات. يختلف الحد الأدنى من المؤهلات المحددة باختلاف الوكالة ، ولكنها تشمل عادةً أن تكون مواطنًا أمريكيًا ، لا يقل عمره عن 21 عامًا ، وليس لديه أي إدانات جنائية.
CASE_0247,160312,endpoint,8,1855323,0.7292,0.7292,0,ar,ج: لكي تصبح شرطيًا ، يجب أن تكون مواطنًا أمريكيًا وألا يقل عمرك عن 21 عامًا. بالإضافة إلى ذلك ، يجب أن يكون لديك رخصة قيادة صالحة وتفي بالمتطلبات المادية المحددة. يجب أن يكون لديك على الأقل شهادة الثانوية العامة: إذا كنت تريد أن تكون ضابط شرطة ، فأنت بحاجة أولاً إلى امتلاك الكفاءة المناسبة. الحد الأ
CASE_0247,160312,endpoint,9,1102064,0.7262,0.7262,0,ar,ج: لكي تصبح ضابط شرطة ، يجب أن تحصل على الأقل على شهادة الثانوية العامة أو GED أو ما يعادلها. يجب أن تكون مواطنًا أمريكيًا ويجب ألا يقل عمرك عن واحد وعشرين عامًا. بالإضافة إلى ذلك ، يجب عليك إكمال برنامج تدريبي بنجاح في قسم الشرطة أو أكاديمية الشرطة بالولاية: لكي تكون ضابط شرطة ، يجب أن يتمتع الفرد
CASE_0247,160312,endpoint,10,4618784,0.7259,0.7259,0,ar,ج: لكي تصبح ضابط شرطة ، يجب أن تحصل على الأقل على شهادة الثانوية العامة أو GED أو ما يعادلها. يجب أن تكون مواطنًا أمريكيًا ويجب ألا يقل عمرك عن واحد وعشرين عامًا. بالإضافة إلى ذلك ، يجب عليك إكمال برنامج تدريبي بنجاح في قسم الشرطة أو أكاديمية الشرطة بالولاية: إذا كنت تريد أن تصبح ضابط شرطة ، فسيتعين
CASE_0247,160312,mixed,1,8001105,0.724,0.724,1,ar,أنا لست مواطنًا أمريكيًا ، فهل لا يزال بإمكاني أن أصبح ضابط شرطة؟ تختلف القوانين وسياسات التوظيف من دولة إلى أخرى ومن وكالة إلى وكالة فيما يتعلق بمتطلبات الجنسية. بشكل عام ، تطلب منك معظم الوكالات أن تكون مواطنًا أمريكيًا أو أجنبيًا مقيمًا دائمًا. إذا كانت لديك أسئلة أكثر تحديدًا بخصوص متطلبات الجنس
CASE_0247,160312,mixed,2,6470068,0.7152,0.7152,0,ar,لتصبح ضابط شرطة ، سوف تحتاج إلى هذه المتطلبات التعليمية: 1 أن تكون مواطنًا أمريكيًا فوق 20 عامًا. 2 ألا يكون مجرما محكوما. 3 حاصل على دبلوم المدرسة الثانوية أو GED. 4 يجب أن يجتاز العديد من الاختبارات الكتابية والبدنية التنافسية.
CASE_0247,160312,mixed,3,2892833,0.7143,0.7143,0,ar,المواطنة (تمت المراجعة في 10/2005) تتطلب مدينة لوس أنجلوس أن يكون المرشح لضابط شرطة مواطنًا أمريكيًا ، أو أن يكون غير المواطن أجنبيًا مقيمًا دائمًا ، وفقًا لمتطلبات خدمات المواطنة والهجرة الأمريكية ( USCIS) مؤهلة وتقدمت بطلب للحصول على الجنسية.
CASE_0247,160312,mixed,4,5599860,0.7118,0.7118,0,ar,ج: لكي تصبح ضابط شرطة ، يجب أن تحصل على الأقل على شهادة الثانوية العامة أو GED أو ما يعادلها. يجب أن تكون مواطنًا أمريكيًا ويجب ألا يقل عمرك عن واحد وعشرين عامًا. بالإضافة إلى ذلك ، يجب عليك إكمال برنامج تدريبي بنجاح في قسم الشرطة أو أكاديمية الشرطة بالولاية.
CASE_0247,160312,mixed,5,427517,0.7106,0.7106,0,ar,أن تصبح ضابط شرطة. يعمل أكثر من 59000 ضابط شرطة في جميع أنحاء الولاية يوميًا لضمان سلامة السكان. للانضمام إلى صفوفهم ، يجب أن تكون مواطنًا أمريكيًا يبلغ من العمر 18 عامًا على الأقل ، ويجب أن تكون حاصلاً على دبلوم المدرسة الثانوية أو شهادة GED.
CASE_0247,160312,mixed,6,2042894,0.7089,0.7089,0,ar,قبل أن تصبح ضابط شرطة ، يجب أن تستوفي أولاً الحد الأدنى من المؤهلات. يختلف الحد الأدنى من المؤهلات المحددة باختلاف الوكالة ، ولكنها تشمل عادةً أن تكون مواطنًا أمريكيًا ، لا يقل عمره عن 21 عامًا ، وليس لديه أي إدانات جنائية.
CASE_0247,160312,mixed,7,1855323,0.7072,0.7072,0,ar,ج: لكي تصبح شرطيًا ، يجب أن تكون مواطنًا أمريكيًا وألا يقل عمرك عن 21 عامًا. بالإضافة إلى ذلك ، يجب أن يكون لديك رخصة قيادة صالحة وتفي بالمتطلبات المادية المحددة. يجب أن يكون لديك على الأقل شهادة الثانوية العامة: إذا كنت تريد أن تكون ضابط شرطة ، فأنت بحاجة أولاً إلى امتلاك الكفاءة المناسبة. الحد الأ
CASE_0247,160312,mixed,8,5248177,0.7068,0.7068,0,ar,ج: لكي تصبح ضابط شرطة ، يجب أن تحصل على الأقل على شهادة الثانوية العامة أو GED أو ما يعادلها. يجب أن تكون مواطنًا أمريكيًا ويجب ألا يقل عمرك عن واحد وعشرين عامًا. بالإضافة إلى ذلك ، يجب عليك إكمال برنامج تدريبي بنجاح في قسم الشرطة أو أكاديمية الشرطة بالولاية: وفقًا لمكتب إحصاءات العمل الأمريكي ، تتر
CASE_0247,160312,mixed,9,392843,0.7058,0.7058,0,ar,لكي تصبح ضابط شرطة ، يجب على المرشحين أولاً التأكد من استيفائهم للحد الأدنى من المتطلبات التي حددتها الإدارة أو الوكالة التي يرغبون في خدمتها. على الرغم من أن هذه المتطلبات تختلف من قسم شرطة إلى آخر ، فإن المتطلبات النموذجية تشمل: 1 أن تكون مواطنًا أمريكيًا. 2 أن يكون مقيماً في الولاية التي يقع فيها
CASE_0247,160312,mixed,10,1044356,0.7047,0.7047,0,ar,سؤالي هو أنني من آسيا ، إذا كنت أرغب في أن أكون ضابط شرطة أو محققًا أمريكيًا حتى لو حصلت على درجة البكالوريوس والجنسية الأمريكية ، فهل يمكنني أن أكون ضابطًا أو محققًا في الولايات المتحدة ، هل هذا ممكن ، حتى أنني أحمل الجنسية الأمريكية. إذا كنت مواطنًا أمريكيًا ، فيجب أن تكون بخير.
CASE_0247,1010524,endpoint,1,5169842,0.5614,0.5614,0,ar,ما هي الأغنية التي تنطلق؟
CASE_0247,1010524,endpoint,2,2331057,0.5357,0.5357,0,ar,حولت الأغنية إلى مسيرة من قبل جون فيليب سوزا في عام 1917 وأطلق عليها اسم The Field Artillery Song .. تم تبنيها في عام 1956 كأغنية رسمية للجيش وأعيد تسميتها ، The Army Goes Rolling Along .. الكلمات الحالية تحكي قصة ماضينا وحاضرنا ومستقبلنا. لمعرفة المزيد عن تاريخ The Army Goes Rolling Along ، انقر عل
CASE_0247,1010524,endpoint,3,3156417,0.5332,0.5332,0,ar,لعبت هذه المسيرة من قبل الفرقة وغناها اللواء في مباراة كرة القدم بين الجيش والبحرية عام 1906 في وقت لاحق من ذلك الشهر ، ولأول مرة في عدة مواسم ، فازت البحرية. هذه المسيرة ، Anchors Aweigh ، تم تكريسها لاحقًا لفئة الأكاديمية لعام 1907 وتم تبنيها كأغنية رسمية للبحرية الأمريكية. المقطع الختامي كتبه قائ
CASE_0247,1010524,endpoint,4,3429310,0.5295,0.5295,0,ar,الأغنية - الجزء الثلاثي من المسيرة الأولى في سلسلة كتبها إلغار - لم تكتب بقصد أن تكون موكب تخرج. بنى إلجار سمعته كمؤلف لأعمال المهرجانات الكورالية العظيمة في جميع أنحاء إنجلترا. في عام 1901 ، بدأ إلغار في تأليف خمس مسيرات أطلق عليها اسم Pomp and Circumstance Marches .. وربما اشتهر بأول المسيرات ، ال
CASE_0247,1010524,endpoint,5,2119679,0.5225,0.5225,0,ar,تم ذكر شريط أصفر في أغنية مسيرة غناها الجيش في الولايات المتحدة. في عام 1917 قام جورج أ. نورتون بحقوق نشر الأغنية لأول مرة. كان عنوان الأغنية حول رقبتها ترتدي شريط ييلر.
CASE_0247,1010524,endpoint,6,7724619,0.5105,0.5105,0,ar,قافلة هي أغنية جديدة عام 1975 يؤديها سي دبليو ماكول (اسم مستعار لبيل فرايز) والتي أصبحت أول أغنية ناجحة في الولايات المتحدة الأمريكية وساعدت في بدء جنون عالمي لراديو فرقة المواطنين (سي بي). كانت الأغنية مصدر إلهام لفيلم سام بيكينبا عام 1978.
CASE_0247,1010524,endpoint,7,4484018,0.5099,0.5099,0,ar,الكتابة على الجدران المادية - 1975 - فطيرة الكاسترد العربة الجوالة في وقت احتضار منازل المقدسة داست تحت الأقدام كشمير في الضوء برون-يير-أور (آلة موسيقية) أسفل شاطئ البحر عشر سنوات مضت رحلة ليلية أغنية الرقصة مع ستو بلاك كونتري امرأة مريضة مرة أخرى.
CASE_0247,1010524,endpoint,8,8707383,0.5098,0.5098,0,ar,كتابات واستخدام كلمة أمام عام 1975 أثرت حقًا على هيلي وولد اسم الفرقة. وجدت الأغنية أن هيلي يتخذ شخصية عصابة وهو يغني عن الهروب من الشرطة في سيارته مع مخبأ من الحشائش. فاز هذا بصوت قائمة على راديو بي بي سي 1 ، والذي كان استطلاعًا عام 2013 لمستمعي المحطة فيما يتعلق بأفضل أغنية في السنوات الخمس السابق
CASE_0247,1010524,endpoint,9,7942716,0.5083,0.5083,0,ar,"¢ ¢ €ÂŠ""في عام 1970 ، ركبت لمدة 15 ساعة في مؤخرة شاحنة U-haul لفتحها لـ Roy Orbison في معرض Nashville Music Fair."
CASE_0247,1010524,endpoint,10,1842523,0.5057,0.5057,0,ar,الأغنية الرسمية لجيش الولايات المتحدة. كتبت الأغنية في الأصل من قبل الملازم الأول في المدفعية الميدانية [فيما بعد العميد] إدموند إل جروبر ، بينما كانت تتمركز في الفلبين في عام 1908 باسم Caisson Song .. تعكس الكلمات الأصلية الأنشطة الروتينية في بطارية مدفعية تجرها الخيول. حولت الأغنية إلى مسيرة من قب
CASE_0247,1010524,mixed,1,7247206,0.5894,0.5894,0,ar,في الواقع ، حذر سبورينا قيصر مرتين على الأقل: أولاً ، الحذر من أحداث مارس ، ثم في الخامس عشر من مارس عندما واجه قيصر سبورين ، حذر الرائي يوليوس من أن اليوم لم ينته بعد. مركبة. في عام 1970 ، أصدرت فرقة The Ides of March أغنية السيارة التي أصبحت نجاحهم الوحيد. بعد الانفصال في عام 1973 ، تم إصلاح الفرق
CASE_0247,1010524,mixed,2,7247204,0.5818,0.5818,1,ar,الثلاثاء ، 15 فبراير 2011. Ides Of March - السيارة (1970 us ، اندماج موسيقى الجاز الفانك الرائع ، 2014 remaster والتوسع) عندما طافت سيارة Ides of March حتى رقم 2 في ربيع عام 1970 ، ربما بدا الأمر كذلك معظم أمريكا الشمالية كانت الفرقة قد خرجت من العدم ، بسرعة وفجأة كان صعود الأغنية في المخططات.
CASE_0247,1010524,mixed,3,5169842,0.5659,0.5659,0,ar,ما هي الأغنية التي تنطلق؟
CASE_0247,1010524,mixed,4,7247209,0.5598,0.5598,0,ar,"""نُشر في مايو 2015 ، واحدة من أكثر الأغاني التي يتم تشغيلها في تاريخ موسيقى البوب ​​هي """"Vehicle ¢ لـ Ides of March"""". لقد ضربت موجات الأثير قبل خمسة وأربعين عامًا ، وبحسب ما ورد أصبحت وارنر ري ..."""
CASE_0247,1010524,mixed,5,3156417,0.5573,0.5573,0,ar,لعبت هذه المسيرة من قبل الفرقة وغناها اللواء في مباراة كرة القدم بين الجيش والبحرية عام 1906 في وقت لاحق من ذلك الشهر ، ولأول مرة في عدة مواسم ، فازت البحرية. هذه المسيرة ، Anchors Aweigh ، تم تكريسها لاحقًا لفئة الأكاديمية لعام 1907 وتم تبنيها كأغنية رسمية للبحرية الأمريكية. المقطع الختامي كتبه قائ
CASE_0247,1010524,mixed,6,3145344,0.5547,0.5547,0,ar,السيارات هي أغنية 1979 للفنان البريطاني غاري نعمان ، صدرت كأغنية من ألبوم The Pleasure Principle. وصلت إلى قمة الرسوم البيانية في العديد من البلدان ، وتعتبر اليوم موجة أساسية جديدة.
CASE_0247,1010524,mixed,7,2768274,0.5547,0.5547,0,ar,السيارات هي أغنية 1979 للفنان البريطاني غاري نعمان ، صدرت كأغنية من ألبوم The Pleasure Principle. وصلت إلى قمة الرسوم البيانية في العديد من البلدان ، وتعتبر اليوم موجة أساسية جديدة.
CASE_0247,1010524,mixed,8,7724619,0.5475,0.5475,0,ar,قافلة هي أغنية جديدة عام 1975 يؤديها سي دبليو ماكول (اسم مستعار لبيل فرايز) والتي أصبحت أول أغنية ناجحة في الولايات المتحدة الأمريكية وساعدت في بدء جنون عالمي لراديو فرقة المواطنين (سي بي). كانت الأغنية مصدر إلهام لفيلم سام بيكينبا عام 1978.
CASE_0247,1010524,mixed,9,2331057,0.5358,0.5358,0,ar,حولت الأغنية إلى مسيرة من قبل جون فيليب سوزا في عام 1917 وأطلق عليها اسم The Field Artillery Song .. تم تبنيها في عام 1956 كأغنية رسمية للجيش وأعيد تسميتها ، The Army Goes Rolling Along .. الكلمات الحالية تحكي قصة ماضينا وحاضرنا ومستقبلنا. لمعرفة المزيد عن تاريخ The Army Goes Rolling Along ، انقر عل
CASE_0247,1010524,mixed,10,6481313,0.5357,0.5357,0,ar,كان سائقي الشاحنات موضوع العديد من الأفلام ، مثل The Drive by Night (1940) ، لكنهم أصبحوا موضوعًا شائعًا بشكل خاص في الثقافة الشعبية في منتصف السبعينيات ، بعد إصدار White Line Fever ، والأغنية الشهيرة Convoy بواسطة سي دبليو ماكول ، كلاهما في عام 1975.
CASE_0247,1084555,endpoint,1,1956838,0.7165,0.7165,0,ar,كاتب الخزانة هو المسؤول عن جمع الأموال وصرفها بشكل عام ، وإدارة نظام المحاسبة ، وتوقيع الشيكات ، وختم المدينة ، ويعمل كمنسق استثمار لخزينة البلدية.
CASE_0247,1084555,endpoint,2,2045559,0.6648,0.6648,0,ar,الوصف الوظيفي لموظف البنك. وراء الكواليس في البنك ، يعمل العديد من الأشخاص للمساعدة في الحفاظ على سير الأمور بسلاسة. بصفتك كاتبًا في بنك ، ستكون أحد هؤلاء الأشخاص المهمين. يجب الاحتفاظ بسجلات دقيقة لكل إجراء يتم تنفيذه داخل البنك ، بدءًا من صرف الشيك وحتى الحصول على قرض. دورك كموظف في البنك يعني أنك
CASE_0247,1084555,endpoint,3,1956836,0.6581,0.6581,0,ar,يشرف أمين الخزانة أيضًا على كشوف المرتبات والحسابات الدائنة ويعمل ككاتب للمجلس المشترك ومجلس الأشغال العامة والسلامة من خلال حضور الاجتماعات وإعداد جداول الأعمال وتسجيل الإجراءات. تشمل مسؤوليات أمين الخزانة كاتب ما يلي: 1 الحفاظ على جميع سجلات المدينة. 2 صناديق جميع المدينة ؛
CASE_0247,1084555,endpoint,4,6388611,0.6515,0.6515,0,ar,إدارة الخزانة ، الاحتياطيات الأجنبية ، ماذا تفعل وزارة الخزانة في البنك؟ قسم الخزانة في البنك مسؤول عن موازنة وإدارة التدفق النقدي اليومي والسيولة للأموال داخل البنك. يتعامل القسم أيضًا مع استثمارات البنك في الأوراق المالية والعملات الأجنبية وإدارة الأصول / الخصوم والأدوات النقدية. إدارة الخزينة
CASE_0247,1084555,endpoint,5,6073080,0.6479,0.6479,0,ar,الكاتب / أمين الخزانة هو المسؤول عن تنسيق وإدارة العمليات اليومية للقرية وتجميع جدول الأعمال لمراجعة المجلس. يتم الاحتفاظ بجميع سجلات القرية ، بما في ذلك المحاضر والاتفاقيات والعقود في مكتب كاتب العدل. بالإضافة إلى ذلك ، بصفته المدير المالي للقرية ، فإن الكاتب / أمين الخزانة مسؤول عن تحصيل الإيرادات
CASE_0247,1084555,endpoint,6,2045561,0.6447,0.6447,0,ar,الوصف الوظيفي لموظف البنك وراء الكواليس في البنك ، يعمل العديد من الأشخاص للمساعدة في الحفاظ على سير الأمور بسلاسة. بصفتك كاتبًا في بنك ، ستكون أحد هؤلاء الأشخاص المهمين. لذا ، ماذا سأفعل في الواقع؟ يجب الاحتفاظ بسجلات دقيقة لكل إجراء يتم تنفيذه داخل البنك ، بدءًا من صرف الشيك وحتى الحصول على قرض. د
CASE_0247,1084555,endpoint,7,5565431,0.6385,0.6385,0,ar,يمكن تلخيص الوظائف المختلفة التي يؤديها كاتب في الفرع على النحو التالي. 1 رئيس أمين الصندوق ، المسؤول عن التعامل مع القروض النقدية والذهبية. أمين الصندوق الرئيسي مسؤول عن جميع القروض الذهبية ، أي سلامة الذهب المادي. 2 Teller (CASH) يساعد الأشخاص في معاملاتهم النقدية.
CASE_0247,1084555,endpoint,8,1294665,0.6383,0.6383,0,ar,مكتب كاتب المدينة كاتب المدينة / أمين الخزانة مسؤول عن حضور اجتماعات مجلس المدينة الدورية والخاصة وتسجيل محاضر هذه الاجتماعات. كاتب المدينة / أمين الخزانة مسؤول أيضًا عن تسجيل مراسيم وقرارات المدينة وتخطيط ميزانية المدينة.
CASE_0247,1084555,endpoint,9,3031405,0.6375,0.6375,0,ar,متطلبات كاتب المخزون. تتمثل الوظيفة الرئيسية لكاتب المخزون في تقديم المساعدة اللازمة في الأنشطة الإدارية لمستودع أو شبكة سلسلة التوريد للشركة. يتحمل كاتب الأسهم المسؤولية الرئيسية عن الحفاظ على تفاصيل تدفقات المخزون للبضائع داخل وخارج المخزون. يجب عليه / عليها الاحتفاظ بسجلات مفصلة للغاية لهذه التدف
CASE_0247,1084555,endpoint,10,2707596,0.635,0.635,0,ar,تتجه الآن. الإجابات. أفضل إجابة: بشكل عام ، يكون كاتب المتجر في متجر البقالة مسؤولاً عن العمل كصراف في مكتب الخروج. كاتب المتجر يحيي العملاء ويفحص المشتريات ويجمع الأموال. في كثير من الأحيان ، قد يتم استدعاء كاتب المتجر لحقيبة العناصر المشتراة من العملاء أيضًا.
CASE_0247,1084555,mixed,1,7127224,0.7182,0.7182,0,ar,ما هو كاتب lockbox؟ ما زلت أواجه هذا المنصب في البنوك ولا أعرف ما الذي تستلزمه هذه الوظيفة. هل تستطيع مساعدتي
CASE_0247,1084555,mixed,2,7127220,0.6991,0.6991,1,ar,كاتب lockbox هو موظف مبتدئ موجود في مؤسسات الخدمات المالية. من خلال العمل في غرفة البريد ، يجمع هؤلاء الأفراد جميع الإيداعات التي تم إجراؤها عبر البريد ، ومعالجتها بالطريقة التي تحددها المنظمة.
CASE_0247,1084555,mixed,3,2045559,0.6535,0.6535,0,ar,الوصف الوظيفي لموظف البنك. وراء الكواليس في البنك ، يعمل العديد من الأشخاص للمساعدة في الحفاظ على سير الأمور بسلاسة. بصفتك كاتبًا في بنك ، ستكون أحد هؤلاء الأشخاص المهمين. يجب الاحتفاظ بسجلات دقيقة لكل إجراء يتم تنفيذه داخل البنك ، بدءًا من صرف الشيك وحتى الحصول على قرض. دورك كموظف في البنك يعني أنك
CASE_0247,1084555,mixed,4,2045561,0.6405,0.6405,0,ar,الوصف الوظيفي لموظف البنك وراء الكواليس في البنك ، يعمل العديد من الأشخاص للمساعدة في الحفاظ على سير الأمور بسلاسة. بصفتك كاتبًا في بنك ، ستكون أحد هؤلاء الأشخاص المهمين. لذا ، ماذا سأفعل في الواقع؟ يجب الاحتفاظ بسجلات دقيقة لكل إجراء يتم تنفيذه داخل البنك ، بدءًا من صرف الشيك وحتى الحصول على قرض. د
CASE_0247,1084555,mixed,5,1956838,0.6371,0.6371,0,ar,كاتب الخزانة هو المسؤول عن جمع الأموال وصرفها بشكل عام ، وإدارة نظام المحاسبة ، وتوقيع الشيكات ، وختم المدينة ، ويعمل كمنسق استثمار لخزينة البلدية.
CASE_0247,1084555,mixed,6,2707596,0.6301,0.6301,0,ar,تتجه الآن. الإجابات. أفضل إجابة: بشكل عام ، يكون كاتب المتجر في متجر البقالة مسؤولاً عن العمل كصراف في مكتب الخروج. كاتب المتجر يحيي العملاء ويفحص المشتريات ويجمع الأموال. في كثير من الأحيان ، قد يتم استدعاء كاتب المتجر لحقيبة العناصر المشتراة من العملاء أيضًا.
CASE_0247,1084555,mixed,7,5565431,0.6202,0.6202,0,ar,يمكن تلخيص الوظائف المختلفة التي يؤديها كاتب في الفرع على النحو التالي. 1 رئيس أمين الصندوق ، المسؤول عن التعامل مع القروض النقدية والذهبية. أمين الصندوق الرئيسي مسؤول عن جميع القروض الذهبية ، أي سلامة الذهب المادي. 2 Teller (CASH) يساعد الأشخاص في معاملاتهم النقدية.
CASE_0247,1084555,mixed,8,5479283,0.6157,0.6157,0,ar,إذا قمت بصرف شيك في أحد البنوك وأنت عميل له ، فهل يحتفظون بسجل بأنك صرفت الشيك؟
CASE_0247,1084555,mixed,9,279471,0.6156,0.6156,0,ar,ماذا يفعل كتبة الأسهم؟ هل تساءلت يومًا كيف توضع جميع علب الفاصوليا الخضراء على أرفف محل البقالة ، أو أين يذهب موظفو المتجر عندما تطلب منهم تسجيل الوصول في الخلف ؟. إذا كنت تستمتع بالعمل خلف الكواليس ، فقد يكون كونك كاتب أسهم هو الوظيفة المثالية لك. كاتب المخزون مسؤول عن تخزين الأرفف والحفاظ على المظ
CASE_0247,1084555,mixed,10,3564050,0.6135,0.6135,0,ar,يقوم المحاسبون بموازنة دفتر شيكات الأعمال والتحكم في الوصول إلى الإيصالات النقدية الواردة. في المؤسسات الكبيرة ، قد يكون أمين الخزانة مسؤولاً عن بعض وظائف التدفق النقدي ومعالجة النقد. ربما يرجع السبب في ذلك إلى أن المحاسبين يشرفون على العديد من وظائف المكتب الخلفي في شركة - على عكس المبيعات ، على سب
CASE_0247,1096479,endpoint,1,6391834,0.6739,0.6739,0,ar,اعتبارًا من مايو 2009 ، كشف مكتب إحصاءات العمل أن متوسط ​​الراتب لمقدمي الرعاية الصحية المنزلية كان 9.85 دولارًا في الساعة أو 20،480 دولارًا في السنة ، مع 10 في المائة الأدنى 7.67 دولارًا أو 15،950 دولارًا وأعلى 10 في المائة يكسبون 14.13 دولارًا أو 29390 دولارًا. نوع الصناعة يؤثر على الدخل.
CASE_0247,1096479,endpoint,2,7498263,0.6671,0.6671,0,ar,وفقًا لمسح Genworth Financial لتكلفة الرعاية لعام 2015 ، فإن متوسط ​​معدل الرعاية المنزلية بالساعة في ولاية ميسوري هو 19.00 دولارًا. عادةً ما يكون المعدل الأساسي الشهري للرعاية المنزلية في ولاية ميسوري أعلى عند مقارنته بالولايات المجاورة. ميسوري هي أيضا أقل تكلفة مقارنة بالمعدل الوطني. هذه التكلفة ه
CASE_0247,1096479,endpoint,3,7498259,0.6644,0.6644,0,ar,كم هو ربح ممرضة مسجلة (RN) في Joplin ، MO؟ في جوبلين ، تحصل الممرضة المسجلة (RN) على ما يقرب من 23.31 دولارًا للساعة في المتوسط. هذا هو 24 ٪ أقل من المعدل الوطني للممرضات المسجلة (RN) وهو 28 دولارًا. أظهر المزيد...
CASE_0247,1096479,endpoint,4,293150,0.6513,0.6513,0,ar,في المتوسط ​​، يكلف هذا النوع من الرعاية 1.50 دولارًا أمريكيًا إلى 2.50 دولارًا أمريكيًا للساعة أكثر من الرعاية المنزلية غير الطبية. الرعاية النهارية للبالغين متوسط ​​تكلفة الرعاية النهارية غير السكنية للبالغين في ميسيسيبي في عام 2017 هو 67 دولارًا على مستوى الولاية ، على الرغم من أن النطاق السعري ي
CASE_0247,1096479,endpoint,5,293146,0.6498,0.6498,0,ar,يمكن لسكان ميسيسيبي أن يتوقعوا دفع متوسط ​​سعر الساعة 18 دولارًا للرعاية المنزلية في جميع أنحاء الولاية. بغض النظر عن موقعك الجغرافي داخل الولاية ، فإن متوسط ​​الساعة ثابت إلى حد ما. كما هو الحال مع تكلفة المعيشة بمساعدة ، تقدم منطقة جولفبورت بيلوكسي أفضل سعر للساعة بسعر 16.50 دولارًا.
CASE_0247,1096479,endpoint,6,8521969,0.6472,0.6472,0,ar,اعتبارًا من فبراير 2018 ، بلغ متوسط ​​أجر مساعد الصحة المنزلية 10.30 دولارًا في الساعة أو 22395 دولارًا سنويًا.
CASE_0247,1096479,endpoint,7,3672259,0.6463,0.6463,0,ar,راتب ممرضة ميسيسيبي. وفقًا لمسح الرواتب الوطني لعام 2011 الذي أجرته المجلة التي تمت مراجعتها من قبل الزملاء ، Advance for NPs & PAs ، تمتعت الممرضات الممارسين في ولاية ميسيسيبي بواحدة من أكثر الزيادات الدراماتيكية في متوسط ​​الرواتب في البلاد ، من 87000 دولار في عام 2010 إلى 96914 دولارًا في عام 201
CASE_0247,1096479,endpoint,8,96066,0.646,0.646,0,ar,انقر هنا لمعرفة المزيد عن الخدمات المرتبطة بالرعاية طويلة الأمد. في عام 2011 في ولاية ميسوري ، بلغ متوسط ​​التكلفة السنوية لغرفة شبه خاصة في دار لرعاية المسنين ما يقرب من 51000 دولار. كانت تكلفة الإقامة في مرفق معيشية مساعدة تقترب من 3500 دولار شهريًا ، ويبلغ متوسط ​​الأجر بالساعة لمساعد الصحة المنز
CASE_0247,1096479,endpoint,9,3137974,0.6455,0.6455,0,ar,الشيء الذي نحقق فيه في هذه المقالة هو خدمات الرعاية الصحية المنزلية. حتى عام 2010 (أحدث الإحصاءات من مكتب إحصاءات العمل حول هذه المهنة) بلغ متوسط ​​راتب مساعد العلاج الطبيعي للعامل الماهر في خدمات الرعاية الصحية المنزلية 59،520 دولارًا.
CASE_0247,1096479,endpoint,10,7204482,0.6444,0.6444,0,ar,متوسط ​​راتب مساعد ممرضة معتمدة في جاكسون بولاية ميسيسيبي هو 29406 دولارًا أو ما يعادل 14 دولارًا في الساعة. تستند تقديرات الرواتب إلى بيانات مسح الرواتب التي تم جمعها مباشرة من أصحاب العمل والموظفين المجهولين في جاكسون ، ميسيسيبي.
CASE_0247,1096479,mixed,1,7498259,0.6998,0.6998,0,ar,كم هو ربح ممرضة مسجلة (RN) في Joplin ، MO؟ في جوبلين ، تحصل الممرضة المسجلة (RN) على ما يقرب من 23.31 دولارًا للساعة في المتوسط. هذا هو 24 ٪ أقل من المعدل الوطني للممرضات المسجلة (RN) وهو 28 دولارًا. أظهر المزيد...
CASE_0247,1096479,mixed,2,7498257,0.6909,0.6909,1,ar,كم تدفع Joplin Health and Rehab؟ تدفع شركة Joplin Health and Rehab لموظفيها ما معدله 14.20 دولارًا في الساعة. يحقق موظفو Joplin Health and Rehab مع المسمى الوظيفي مساعد العلاج المهني المعتمد (COTA) أقصى استفادة بمتوسط ​​سعر للساعة يبلغ 26.02 دولارًا أمريكيًا ، بينما يحصل الموظفون الذين يحملون لقب مس
CASE_0247,1096479,mixed,3,6391834,0.664,0.664,0,ar,اعتبارًا من مايو 2009 ، كشف مكتب إحصاءات العمل أن متوسط ​​الراتب لمقدمي الرعاية الصحية المنزلية كان 9.85 دولارًا في الساعة أو 20،480 دولارًا في السنة ، مع 10 في المائة الأدنى 7.67 دولارًا أو 15،950 دولارًا وأعلى 10 في المائة يكسبون 14.13 دولارًا أو 29390 دولارًا. نوع الصناعة يؤثر على الدخل.
CASE_0247,1096479,mixed,4,3672259,0.659,0.659,0,ar,راتب ممرضة ميسيسيبي. وفقًا لمسح الرواتب الوطني لعام 2011 الذي أجرته المجلة التي تمت مراجعتها من قبل الزملاء ، Advance for NPs & PAs ، تمتعت الممرضات الممارسين في ولاية ميسيسيبي بواحدة من أكثر الزيادات الدراماتيكية في متوسط ​​الرواتب في البلاد ، من 87000 دولار في عام 2010 إلى 96914 دولارًا في عام 201
CASE_0247,1096479,mixed,5,8260416,0.6582,0.6582,0,ar,مرتب. أفادت وزارة العمل الأمريكية ، مكتب إحصاءات العمل أن متوسط ​​الأجر للعاملين في مجال الصحة المنزلية هو 9.70 دولارًا في الساعة ، و 11.54 دولارًا أمريكيًا لمساعدي التمريض المعتمدين ، اعتبارًا من عام 2010. تشير تقارير O * Net Online إلى أنه اعتبارًا من عام 2011 ، يحصل العاملون في مجال الصحة المنزلي
CASE_0247,1096479,mixed,6,2483671,0.6579,0.6579,0,ar,متوسط ​​الراتب لممرض ممارس ، والذي تستخدمه ValuePenguin كأساس للتصنيفات ، هو 88،130 دولارًا في الولايات المتحدة اعتبارًا من مايو 2012. ويتراوح متوسط ​​رواتب الممرضات الممارسين على نطاق واسع ، بدءًا من 19،910 دولارًا في سان خوان / كاجواس / غواينابو ، منطقة العاصمة في بورتوريكو إلى 124،600 دولار في مو
CASE_0247,1096479,mixed,7,6241912,0.6514,0.6514,0,ar,توقعات الرواتب. حصل مساعدو الصحة المنزلية على راتب متوسط ​​قدره 21،020 دولارًا في عام 2013 ، أو ما يقرب من 10 دولارات في الساعة ، وفقًا لـ BLS. حصل أعلى أجور على حوالي 29،480 دولارًا ، في حين أن أقل أجور حصلوا على حوالي 16،690 دولارًا. في المناطق الحضرية في ووتربري ، كونيتيكت ، أوكلاند ، كاليفورنيا
CASE_0247,1096479,mixed,8,449573,0.6477,0.6477,0,ar,وفقًا لـ AARP ، كان متوسط ​​معدل الأجر لخدمات الرعاية المنزلية للبالغين في عام 2008 هو 19 دولارًا في الساعة لمساعدي الرعاية المنزلية ، مقابل 38 دولارًا في الساعة للمساعدين الصحيين المعتمدين من Medicare. الممرضات المرخصات اللواتي يعالجن أحد كبار السن في المنزل يتقاضين عادة ما بين 50 و 100 دولار للزيا
CASE_0247,1096479,mixed,9,3678475,0.6466,0.6466,0,ar,يصل متوسط ​​الأجر لمديري التمريض المنزلي في الولايات المتحدة إلى ما يقرب من 81 ألف دولار سنويًا ، لكن أرباب العمل في أورلاندو يدفعون أكثر ، ويبلغ متوسط ​​التعويض في تلك المدينة حوالي 119 ألف دولار. يوضح هذا الرسم البياني المهارات الأكثر شيوعًا لهذه الوظيفة وتأثير كل مهارة على الأجر. يوضح هذا الرسم ا
CASE_0247,1096479,mixed,10,4702592,0.6462,0.6462,0,ar,استنتاج حول راتب ممرضة الصحة المنزلية. متوسط ​​الأجر السنوي لممرضة الصحة المنزلية (راتب ممرضة الصحة المنزلية) في الولايات المتحدة وفقًا لـ Payscale يتراوح بين 37779 دولارًا أمريكيًا و 73708 دولارًا أمريكيًا. متوسط ​​الدخل السنوي لممرضة الصحة المنزلية هو 55،243 دولارًا.
CASE_0247,1097223,endpoint,1,844002,0.572,0.572,0,ar,123006800 هو رقم التوجيه لآبار أوريغون فارجو. يمكنك أيضًا العثور على رقم التوجيه للولايات الأخرى بالذهاب إلى www.wellsfargo.com وفي الزاوية العلوية للحفر ࢠ€¦ ht في شريط البحث ، اكتب أرقام التوجيه ويجب أن تكون هي النتيجة الأولى. + 4 آخرين وجدوا هذا مفيدًا. ماري كيرك أرتس.
CASE_0247,1097223,endpoint,2,1879405,0.5616,0.5616,0,ar,123006800 هو رقم التوجيه لآبار أوريغون فارجو. يمكنك أيضًا العثور على رقم التوجيه للولايات الأخرى بالذهاب إلى www.wellsfargo.com وفي الزاوية العلوية للحفر ࢠ€¦ ht في شريط البحث ، اكتب أرقام التوجيه ويجب أن تكون هي النتيجة الأولى.
CASE_0247,1097223,endpoint,3,1106924,0.5504,0.5504,0,ar,لقد اتصلت بويلز فارجو وليس لديهم أي فكرة عما أتحدث عنه. اعتدت الحصول على الرمز من زميل في العمل لكنه ترك الشركة منذ ذلك الحين. عملت بشكل جيد عندما كان لدي الرمز. رقم الهاتف هو 1-866-537-4645 ولكني أحتاج إلى رمز للتحقق من الأموال. تحديث: ما 800 #. لا يوجد واحد للآبار فارجو. إذا كان هناك ما هو. التحقق
CASE_0247,1097223,endpoint,4,2007731,0.5503,0.5503,0,ar,رقم أفوجادرو ، وهو عدد الجزيئات في 18 جرامًا من الماء ، هو 602.000.000.000.000.000.000.000 أو 6.02 × 10 23. عند ضرب الأعداد الكبيرة معًا باستخدام التدوين الأسي ، تتم إضافة الأس. على سبيل المثال ، 1000 × 1000 = 1،000،000. أو (1 × 10 3) × (1 × 10 3) = 1 × 10 6.
CASE_0247,1097223,endpoint,5,120854,0.5457,0.5457,0,ar,Argo عبارة عن مجموعة عالمية من 3800 عوامة حرة الانجراف تقيس درجة حرارة وملوحة 2000 متر العلوي من المحيط. يسمح هذا ، لأول مرة ، بالمراقبة المستمرة لدرجة الحرارة والملوحة والسرعة في الجزء العلوي من المحيط ، مع نقل جميع البيانات وإتاحتها للجمهور في غضون ساعات بعد جمعها.
CASE_0247,1097223,endpoint,6,6006807,0.5443,0.5443,0,ar,رقم Armstrong هو رقم مكون من n رقم يساوي مجموع الأس n من أرقامه. هناك تسعة أرقام أرمسترونج من رقم واحد ، وهي 1 €Ââ 9 ؛ لا توجد أرقام أرمسترونج ذات رقمين ؛ وهناك أربعة أرقام أرمسترونج المكونة من ثلاثة أرقام: 153 ، 370 ، 371 ، و 407.
CASE_0247,1097223,endpoint,7,5561985,0.5436,0.5436,0,ar,1 âffà€Âº ، الأبجدية اللاتينية digraph ؛ يتم استخدامه في قواعد الإملاء الإنجليزية لتمثيل نفس الصوت مثل حرف à، وهو ضمد مطبعي. 2 255 (رقم) (سداسي عشري: FF16) ، العدد الطبيعي الذي يلي 254 وما يسبقه 256. فيمتوفاراد (fF) ، 1à'10ࢠÃ'Ë † Ã' € 15 فاراد أو وحدة السعة.
CASE_0247,1097223,endpoint,8,4653607,0.5427,0.5427,0,ar,"""Avogadro هو رقم حاسبة. عدد الجزيئات في مول مادة ما ، حوالي 6.0225 """"10 23"""" يسمى رقم أفوجادرو. رقم أفوجادرو هو عدد الجسيمات الموجودة في مول واحد من مادة ما. إنه عدد الذرات في 12 جرامًا من الكربون -12 بالضبط. تذكر: أمبير واحد = 1 كولوم / ثانية أو أمبير واحد = 1 كولوم."""
CASE_0247,1097223,endpoint,9,3308523,0.542,0.542,0,ar,إذن ، هناك ستة أعشار وأربع مائة وتسعة آلاف وخمسة عشرة. جزء من الألف من الرقم 0.6495. الرقم العشري هو رقم كسري ويشار إليه بالأرقام بعد فترة تسمى الفاصلة العشرية. تحتوي الأجزاء على رقم واحد بعد الفاصلة العشرية.
CASE_0247,1097223,endpoint,10,7507806,0.5417,0.5417,0,ar,SQL> التصريح عن رقم 2 var (6،2) ؛ 3 ابدأ 4 dbms_output.put_line ('-------') ؛ 5 فار: = 65.2 ؛ 6 dbms_output.put_line (lpad (to_char (var، 'FM9999.00')، 7)) ؛ 7 فار: = 165.2 ؛ 8 dbms_output.put_line (lpad (to_char (var، 'FM9999.00')، 7)) ؛ 9 فار: = 3165.2 ؛ 10 dbms_output.put_line (lpad (to_char (var
CASE_0247,1097223,mixed,1,6570149,0.6692,0.6692,0,ar,تتكون أرقام حسابات Wells Fargo من 10 أرقام. يمكن العثور على رقم الحساب في كشف الحساب الخاص بك ، أو على الجانب الأيمن من أرقام التوجيه أسفل الشيكات الخاصة بك.
CASE_0247,1097223,mixed,2,7431837,0.6546,0.6546,1,ar,هناك عشرة أرقام لحساب بنك Wells Fargo. إذا كان الشخص غير متأكد من رقم حسابه ، فيمكنه الاتصال بالبنك للحصول على المساعدة.
CASE_0247,1097223,mixed,3,8377236,0.6368,0.6368,0,ar,تتكون أرقام حسابات Wells Fargo من 10 أرقام. يمكن العثور على رقم الحساب في كشف الحساب الخاص بك ، أو على الجانب الأيمن من أرقام التوجيه في الجزء السفلي من الشيكات الخاصة بك. إذا لم يكن لديك حق الوصول إلى البيان أو الشيك ، فإن أفضل رهان لك هو زيارة أحد المواقع المصرفية القريبة من Wells Fargo.
CASE_0247,1097223,mixed,4,1143259,0.6241,0.6241,0,ar,رقم توجيه Wells Fargo هو تشفير رقم فريد مكون من 9 أرقام للإيداع المصرفي المباشر. رقم التوجيه ضروري لتحديد التحويلات البرقية. تحتاج كل من التحويلات البرقية الدولية أو المحلية إلى رقم توجيه. بعض الولايات (ولا سيما الأكبر منها) لديها أكثر من 1 nubmer للتوجيه.
CASE_0247,1097223,mixed,5,52660,0.6197,0.6197,0,ar,أصبح العثور على رقم حسابك الآن أسهل من أي وقت مضى. من موقع ويب Wells Fargo ، ما عليك سوى النقر فوق الحساب الذي ترغب في استرداد الأرقام الخاصة به. بمجرد ظهور ملخص الحساب على الشاشة ، انقر فوق آخر أربعة أرقام من رقم الحساب. ستظهر نافذة منبثقة مع الحساب وأرقام التوجيه ، بسيطة مثل 1 ، 2 ، 3! * تحديث إعص
CASE_0247,1097223,mixed,6,4469480,0.6173,0.6173,0,ar,تحديث 2017: أصبح العثور على رقم حسابك الآن أسهل من أي وقت مضى. من موقع ويب Wells Fargo ، ما عليك سوى النقر فوق الحساب الذي ترغب في استرداد الأرقام الخاصة به. بمجرد ظهور ملخص الحساب على الشاشة ، انقر فوق آخر أربعة أرقام من رقم الحساب. ستظهر نافذة منبثقة مع الحساب وأرقام التوجيه ، بسيطة مثل 1 ، 2 ، 3!
CASE_0247,1097223,mixed,7,2087436,0.6148,0.6148,0,ar,رقم توجيه Wells Fargo هو رمز مكون من تسعة أرقام يلعب دورًا أساسيًا في البنك يمكن تأسيسه على الجانب الخلفي من الشيك وهو مختلف تمامًا عن رقم الحساب. يُطلق على رقم التوجيه بدلاً من ذلك رقم العبور أو أرقام ABA أو رموز SWIFT التي يستخدمها العملاء لتحويل الأموال أو الاحتفاظ بالحساب.
CASE_0247,1097223,mixed,8,1662647,0.614,0.614,0,ar,اعثر على رقم توجيه Wells Fargo الخاص بك رقم توجيه Wells Fargo هو رقم فريد مكون من 9 أرقام لتشفير الإيداع المصرفي المباشر. رقم التوجيه ضروري لتحديد التحويلات البرقية.
CASE_0247,1097223,mixed,9,5228815,0.6113,0.6113,0,ar,رقم هاتف ويلز فارجو. تم التصويت على الرقم والخطوات أدناه رقم 1 من 7 من قبل أكثر من 8610 من عملاء Wells Fargo. 800-869-3557. دعم الهاتف Wells Fargo. اقرأ الخطوات الأساسية والتلميحات أدناه. يتصلون بك بدلا من ذلك لا تنتظر الانتظار. حر. أفضل رقم بالنسبة لي استهدف مشكلتك بالضبط. المزيد من أرقام الهواتف و
CASE_0247,1097223,mixed,10,2995300,0.6104,0.6104,0,ar,ابحث عن رقم توجيه Wells Fargo الخاص بك. رقم توجيه Wells Fargo هو تشفير رقم فريد مكون من 9 أرقام للإيداع المصرفي المباشر. رقم التوجيه ضروري لتحديد التحويلات البرقية. تحتاج كل من التحويلات البرقية الدولية أو المحلية إلى رقم توجيه. بعض الولايات (ولا سيما الأكبر منها) لديها أكثر من 1 nubmer للتوجيه.
CASE_0247,1099340,endpoint,1,7263859,0.6674,0.6674,0,ar,في المستشفيات التي نفذتها بالكامل ، يتم استدعاء فرق الاستجابة السريعة حوالي 10 مرات شهريًا لكل 100 سرير مشغول. يختلف تكوين فرق الاستجابة السريعة ، وحتى الاسم نفسه ، من مستشفى إلى آخر ، ويطلق عليه البعض اسم فريق الطوارئ الطبية أو فريق التقييم السريع. تقوم الممرضات بجانب السرير بالاتصال بالفرق عن طريق
CASE_0247,1099340,endpoint,2,3909526,0.6245,0.6245,0,ar,أفضل إجابة: الأصوات التي يسمعها طبيبك / ممرضتك باستخدام سماعة الطبيب ناتجة عن الإغلاق السريع والقوي للصمامات التي تتحكم في حركة الدم بين غرف القلب ومن القلب إلى الرئتين وفي الدورة الدموية الرئيسية.
CASE_0247,1099340,endpoint,3,5661850,0.6222,0.6222,0,ar,تصرف بسرعة. يعد FAST طريقة سهلة لتذكر وتحديد الأعراض الأكثر شيوعًا للسكتة الدماغية. التعرف على السكتة الدماغية والاتصال بالرقم 9-1-1 سيحدد مدى سرعة تلقي الشخص للمساعدة والعلاج. من المرجح أن يؤدي الوصول إلى المستشفى بسرعة إلى تعافي أفضل. استخدم FAST لتذكر علامات التحذير من السكتة الدماغية.
CASE_0247,1099340,endpoint,4,6495205,0.6209,0.6209,0,ar,تصرف بسرعة. يعد FAST طريقة سهلة لتذكر وتحديد الأعراض الأكثر شيوعًا للسكتة الدماغية. التعرف على السكتة الدماغية والاتصال بالرقم 9-1-1 سيحدد مدى سرعة تلقي الشخص للمساعدة والعلاج. من المرجح أن يؤدي الوصول إلى المستشفى بسرعة إلى تعافي أفضل.
CASE_0247,1099340,endpoint,5,4453658,0.6203,0.6203,0,ar,(إذا كنت تعتقد أن حالتك طارئة ، فاتصل برقم 911 أو خدمات الطوارئ المحلية ï¬à 'أولاً). نصيحة الممرضة سريعة. وكلما حصلت على إجابات أسرع ، زادت سرعة حصولك على الراحة. سترد الممرضات على مكالمتك في غضون ثوان ويقدمون لك النصيحة التي تحتاجها في أي وقت ليلاً أو نهارًا.
CASE_0247,1099340,endpoint,6,8380628,0.613,0.613,0,ar,تبدأ الأعراض عادة في أقرب وقت بعد تناول الطعام ببضع دقائق وبعد ساعتين من تناول الطعام. طويل). تسمى هذه الموجة الثانية رد فعل ثنائي الطور. يجب أن يبقى رد الفعل الشديد في المستشفى لمدة أربع إلى ست ساعات للمراقبة.
CASE_0247,1099340,endpoint,7,5549716,0.6119,0.6119,0,ar,التسمع الفوري [عدل] التسمع الفوري هو مصطلح طبي قديم للاستماع (تسمع) للأصوات الداخلية للجسم ، ووضع الأذن مباشرة على الجسم. إنه يعارض التوسط في التسمع ، باستخدام أداة (وسيط) ، أي سماعة الطبيب.
CASE_0247,1099340,endpoint,8,7263864,0.6116,0.6116,0,ar,يمكن أن يؤدي عدم معرفة متى تتدهور حالة المريض إلى الفشل في الإنقاذ ويصبح مساهمًا رئيسيًا في الوفيات داخل المستشفى. فريق الاستجابة السريعة هو فريق من الأطباء الذين يجلبون خبرة الرعاية الحرجة إلى السرير (أو في أي مكان تحتاجه).
CASE_0247,1099340,endpoint,9,1476859,0.6107,0.6107,0,ar,معلومة. عادة ما يتم التسمع باستخدام أداة تسمى سماعة الطبيب. يستمع مقدمو الرعاية الصحية بشكل روتيني إلى رئتي المريض وقلبه وأمعائه لتقييم تواتر الأصوات وشدتها ومدتها وعددها وجودتها. يستخدم مقدمو الرعاية الصحية أيضًا التسمع للاستماع إلى أصوات قلب الأطفال الذين لم يولدوا بعد. يمكن إجراء ذلك باستخدام سما
CASE_0247,1099340,endpoint,10,8210986,0.6086,0.6086,0,ar,عادةً ما يتلقى المرضى الذين يعانون من آلام في الصدر والذين يصلون بسيارة الإسعاف علاجًا أسرع في المستشفى أيضًا. من الأفضل الاتصال بخدمة EMS للانتقال السريع إلى غرفة الطوارئ. مشاهدة الرسوم المتحركة لنوبة قلبية.
CASE_0247,1099340,mixed,1,7263859,0.7089,0.7089,0,ar,في المستشفيات التي نفذتها بالكامل ، يتم استدعاء فرق الاستجابة السريعة حوالي 10 مرات شهريًا لكل 100 سرير مشغول. يختلف تكوين فرق الاستجابة السريعة ، وحتى الاسم نفسه ، من مستشفى إلى آخر ، ويطلق عليه البعض اسم فريق الطوارئ الطبية أو فريق التقييم السريع. تقوم الممرضات بجانب السرير بالاتصال بالفرق عن طريق
CASE_0247,1099340,mixed,2,7263857,0.6652,0.6652,1,ar,فريق الاستجابة السريعة - المعروف من قبل البعض باسم فريق الطوارئ الطبية - هو فريق من الأطباء الذين يجلبون خبرة الرعاية الحرجة إلى السرير. ببساطة ، الغرض من فريق الاستجابة السريعة هو تقديم خبرة الرعاية الحرجة إلى سرير المريض (أو في أي مكان تحتاجه).
CASE_0247,1099340,mixed,3,7263864,0.6579,0.6579,0,ar,يمكن أن يؤدي عدم معرفة متى تتدهور حالة المريض إلى الفشل في الإنقاذ ويصبح مساهمًا رئيسيًا في الوفيات داخل المستشفى. فريق الاستجابة السريعة هو فريق من الأطباء الذين يجلبون خبرة الرعاية الحرجة إلى السرير (أو في أي مكان تحتاجه).
CASE_0247,1099340,mixed,4,4453658,0.6477,0.6477,0,ar,(إذا كنت تعتقد أن حالتك طارئة ، فاتصل برقم 911 أو خدمات الطوارئ المحلية ï¬à 'أولاً). نصيحة الممرضة سريعة. وكلما حصلت على إجابات أسرع ، زادت سرعة حصولك على الراحة. سترد الممرضات على مكالمتك في غضون ثوان ويقدمون لك النصيحة التي تحتاجها في أي وقت ليلاً أو نهارًا.
CASE_0247,1099340,mixed,5,5661850,0.6374,0.6374,0,ar,تصرف بسرعة. يعد FAST طريقة سهلة لتذكر وتحديد الأعراض الأكثر شيوعًا للسكتة الدماغية. التعرف على السكتة الدماغية والاتصال بالرقم 9-1-1 سيحدد مدى سرعة تلقي الشخص للمساعدة والعلاج. من المرجح أن يؤدي الوصول إلى المستشفى بسرعة إلى تعافي أفضل. استخدم FAST لتذكر علامات التحذير من السكتة الدماغية.
CASE_0247,1099340,mixed,6,6495205,0.6368,0.6368,0,ar,تصرف بسرعة. يعد FAST طريقة سهلة لتذكر وتحديد الأعراض الأكثر شيوعًا للسكتة الدماغية. التعرف على السكتة الدماغية والاتصال بالرقم 9-1-1 سيحدد مدى سرعة تلقي الشخص للمساعدة والعلاج. من المرجح أن يؤدي الوصول إلى المستشفى بسرعة إلى تعافي أفضل.
CASE_0247,1099340,mixed,7,7263861,0.6264,0.6264,0,ar,تتناول هذه المقالة فعالية وفعالية فرق الاستجابة السريعة. تسرع الفرق من الاستجابة في حالات الطوارئ الطبية توضح هذه المقالة تنفيذ فريق الطوارئ الطبية (المعروف أيضًا باسم فريق الاستجابة السريعة) في المركز الطبي بجامعة بيتسبرغ (UPMC) في ولاية بنسلفانيا.
CASE_0247,1099340,mixed,8,5909385,0.6205,0.6205,0,ar,كيف تذهب إلى عيادة بدون موعد مسبق. بودكاست قياسي [0.01 ميجا بايت] العب الآن | اللعب في نافذة منبثقة | تحميل. إذا كانت لديك حالة طبية طارئة في بلد يتحدث الإنجليزية ، فاتصل بالرقم 112 أو 999 أو 911 (أو رقم الطوارئ في البلد الذي تتواجد فيه) ، أو اذهب إلى غرفة الطوارئ بالمستشفى (ER). قد تنتظر غرفة الطوا
CASE_0247,1099340,mixed,9,6384890,0.6198,0.6198,0,ar,"""تأسس تشكيل فرق الاستجابة السريعة (RRTs) في المستشفيات على مفهوم ""الفشل في الإنقاذ"". ""الفشل في الإنقاذ يشير إلى نقص مقدمي الرعاية"" • القدرة على التعرف على العلامات والأعراض المبكرة للتدهور في حالة المريض ، أو التصرف بعد فوات الأوان لمنع السكتة القلبية. تأسست فرق الاستجابة السريعة (RRTs) في المستشفيا"
CASE_0247,1099340,mixed,10,8082250,0.6177,0.6177,0,ar,اختصار لـ Rapid Sequence Induction ، وهو إجراء طبي طارئ يتم إجراؤه أحيانًا بواسطة المسعفين قبل التنبيب على مرضى الضمير. إنه في الأساس تخدير سريع. EMT: Resps هم 6 رؤساء!
CASE_0247,169305,endpoint,1,361238,0.6859,0.6859,0,ar,تحتوي أجهزة الكشف عن الحركة ، مثل كاشفات الحركة PIR ، على مستشعر يكتشف اضطرابًا في طيف الأشعة تحت الحمراء. بمجرد اكتشافها ، يمكن للإشارة تنشيط إنذار أو كاميرا يمكنها التقاط صورة أو مقطع فيديو للمحرك.
CASE_0247,169305,endpoint,2,3448518,0.6796,0.6796,0,ar,ما هي كاميرا الحركة؟ كاميرا الحركة هي كاميرا فيديو مدمجة مصممة لالتقاط المنظور من وجهة نظر المستخدم. فهي بشكل عام سهلة الاستخدام ومتينة ويمكنها تصوير مقاطع الفيديو والصور الثابتة.
CASE_0247,169305,endpoint,3,110005,0.6641,0.6641,0,ar,مستشعر كشف الحركة هو جهاز بسيط إلى حد ما يقوم بمسح طيف الأشعة تحت الحمراء للضوء ويلتقط موجات الحرارة من الأجسام المتحركة. 1 بمجرد اكتشاف شيء ما يتحرك في المنطقة ، تتيح لك معظم مصابيح مستشعر الحركة ضبط مدة بقائها (دقيقة واحدة ، 5 دقائق ، إلخ). يحتوي كاشف مستشعر الحركة الخارجي الجيد على مجال رؤية لا ي
CASE_0247,169305,endpoint,4,4685212,0.6634,0.6634,0,ar,رد: هل يمكن الكشف عن الحركة من خلال النافذة؟ يقوم مستشعر الحركة المستخدم في كاميراتنا في الواقع باكتشاف التغيرات الطفيفة في الحرارة. يتم عزل معظم الزجاج المستخدم في المنازل اليوم بطريقة أو أكثر ، ويهدف إلى تقليل حركة الحرارة عبر الزجاج.
CASE_0247,169305,endpoint,5,4479573,0.6625,0.6625,0,ar,كاميرا كشف الحركة للرؤية الليلية. HD 1080P مفتاح السيارة سلسلة ميني جاسوس كاميرا خفية DVR الحركة Dectect الأشعة تحت الحمراء للرؤية الليلية. تحت ستار مظهر مفتاح السيارة ، إنها في الواقع كاميرا خفية مناسبة للغاية للتجسس.
CASE_0247,169305,endpoint,6,8002231,0.662,0.662,0,ar,كثير منا على دراية بأجهزة استشعار الحركة ، حيث أصبحت جزءًا شائعًا في معظم أنظمة أمان المنزل. تشبه هذه المستشعرات إلى حد كبير أجهزة كشف الحركة التي تفتح أبواب محل البقالة أو تتسبب في تنشيط الأحواض والمراحيض في المطار دون لمس. نرى أجهزة استشعار الحركة في كل مكان. ولكن كيف تعمل؟ هناك نوعان أساسيان من أ
CASE_0247,169305,endpoint,7,7994288,0.6606,0.6606,0,ar,ما هو كاشف الحركة؟ أجهزة استشعار وكاشفات الحركة موجودة منذ السبعينيات وهي مصممة لتوفير أمان فعال لأصحاب المنازل. على الرغم من أن التطورات التكنولوجية قد حسنت أداء أجهزة الكشف عن الحركة ، إلا أن الغرض الأساسي والنظام الأساسي لهذا الجهاز لا يزالان كما هو.
CASE_0247,169305,endpoint,8,153553,0.6581,0.6581,0,ar,توجد عدة أنواع من أجهزة الكشف عن الحركة ، بما في ذلك أجهزة استشعار المدخل وأجهزة استشعار الممرات. تعمل معظم مستشعرات الحركة بالبطارية ، لكن بعضها يعمل بالكهرباء. غالبًا ما تحصل مستشعرات الحركة التي تعمل بالكهرباء على عصيرها من بنية موجودة ، مثل تركيبات الإضاءة.
CASE_0247,169305,endpoint,9,8839909,0.6566,0.6566,0,ar,13 مايو 2016 الساعة 12:20 مساءً. لقد وجدت أيضًا في العديد من الكاميرات أن اكتشاف الحركة يمكن أن يسبب مشاكل. تستخدم الكاميرا كل وقت تشغيل وحدة المعالجة المركزية المحدود الخاص بها ، ولا يمكنها المواكبة ثم تبدأ في فقدان الأشياء. لقد وجدت أن تسجيل الكاميرا باستمرار بدلاً من الحركة يقلل من هذه المشكلات.
CASE_0247,169305,endpoint,10,308522,0.6546,0.6546,0,ar,قد يكون كاشف الحركة من بين أجهزة الاستشعار الخاصة بجهاز الإنذار ضد السرقة الذي يتم استخدامه لتنبيه مالك المنزل أو خدمة الأمن عندما يكتشف حركة دخيل محتمل. قد يقوم هذا الكاشف أيضًا بتشغيل كاميرا أمنية لتسجيل الاقتحام المحتمل.
CASE_0247,169305,mixed,1,3448518,0.6671,0.6671,0,ar,ما هي كاميرا الحركة؟ كاميرا الحركة هي كاميرا فيديو مدمجة مصممة لالتقاط المنظور من وجهة نظر المستخدم. فهي بشكل عام سهلة الاستخدام ومتينة ويمكنها تصوير مقاطع الفيديو والصور الثابتة.
CASE_0247,169305,mixed,2,7994286,0.6535,0.6535,1,ar,يوجد داخل هذا الجسم كاميرا الرؤية الليلية بدقة 1080 بكسل من Canary ، جنبًا إلى جنب مع مستشعر الحركة الذي يخبرها بوقت بدء التسجيل ؛ أجهزة استشعار درجة الحرارة والرطوبة وجودة الهواء ؛ صفارة إنذار 90 ديسيبل ؛ وراديو Wi-Fi لإرسال كل شيء إلى جهاز Android أو iOS الخاص بك عن طريق السحابة.
CASE_0247,169305,mixed,3,7721692,0.6508,0.6508,0,ar,استنادًا إلى عصا تحكم الحركة المحمولة باليد ، يستخدم PlayStation Move مستشعرات تعمل بالقصور الذاتي في العصا لاكتشاف حركتها ، ويتم تتبع موضع العصا باستخدام كاميرا ويب PlayStation (PlayStation Eye لجهاز PlayStation 3 ، وكاميرا PlayStation لجهاز PlayStation 4). تتميز وحدة التحكم في الحركة بدوار في الرأ
CASE_0247,169305,mixed,4,361238,0.6492,0.6492,0,ar,تحتوي أجهزة الكشف عن الحركة ، مثل كاشفات الحركة PIR ، على مستشعر يكتشف اضطرابًا في طيف الأشعة تحت الحمراء. بمجرد اكتشافها ، يمكن للإشارة تنشيط إنذار أو كاميرا يمكنها التقاط صورة أو مقطع فيديو للمحرك.
CASE_0247,169305,mixed,5,8839909,0.6434,0.6434,0,ar,13 مايو 2016 الساعة 12:20 مساءً. لقد وجدت أيضًا في العديد من الكاميرات أن اكتشاف الحركة يمكن أن يسبب مشاكل. تستخدم الكاميرا كل وقت تشغيل وحدة المعالجة المركزية المحدود الخاص بها ، ولا يمكنها المواكبة ثم تبدأ في فقدان الأشياء. لقد وجدت أن تسجيل الكاميرا باستمرار بدلاً من الحركة يقلل من هذه المشكلات.
CASE_0247,169305,mixed,6,4479573,0.6384,0.6384,0,ar,كاميرا كشف الحركة للرؤية الليلية. HD 1080P مفتاح السيارة سلسلة ميني جاسوس كاميرا خفية DVR الحركة Dectect الأشعة تحت الحمراء للرؤية الليلية. تحت ستار مظهر مفتاح السيارة ، إنها في الواقع كاميرا خفية مناسبة للغاية للتجسس.
CASE_0247,169305,mixed,7,4685212,0.6362,0.6362,0,ar,رد: هل يمكن الكشف عن الحركة من خلال النافذة؟ يقوم مستشعر الحركة المستخدم في كاميراتنا في الواقع باكتشاف التغيرات الطفيفة في الحرارة. يتم عزل معظم الزجاج المستخدم في المنازل اليوم بطريقة أو أكثر ، ويهدف إلى تقليل حركة الحرارة عبر الزجاج.
CASE_0247,169305,mixed,8,2301522,0.6339,0.6339,0,ar,يضمن لك نظام كاميرا الأمان بدقة 720 بكسل الحصول على رؤية واضحة لمنزلك أو عملك ، بأقل قدر من التشويه أو الضبابية. كشف الحركة. يشتمل نظام Blink ™ الغني بالميزات على كاميرا تعمل بالحركة ؛ عند التسلح ، تؤدي أي حركة يتم اكتشافها إلى تسجيل مقطع فيديو قصير. تنبيهات فورية.
CASE_0247,169305,mixed,9,1077293,0.6296,0.6296,0,ar,تتميز الكاميرا بمستشعر الأشعة تحت الحمراء السلبية (PIR) شديد الحساسية. يكتشف التغيير المفاجئ في درجة الحرارة المحيطة الناجم عن تحريك اللعبة في منطقة الاهتمام. (ROI) ، يؤدي إلى التقاط الصور / مقاطع الفيديو ، ويرسل الصور عبر شبكة GSM إلى خلية المستخدم. حساب الهاتف أو البريد الإلكتروني. مع ميزة التحكم
CASE_0247,169305,mixed,10,3448520,0.6283,0.6283,0,ar,يمكن لأي كاميرا حركة أن تلتقط ما يحدث أمام العدسة ، لذلك خطت Garmin خطوة إلى الأمام وصنعت كاميرا تجمع أيضًا بيانات إضافية مثل السرعة والموضع وقوة التسارع ودرجة التل والمزيد.
CASE_0247,231109,endpoint,1,8414887,0.6983,0.6983,0,ar,رد من Dinah S | ممثل الملكية |. يقع Hilton Garden Inn Denver Tech Center على بعد 19.2 كم جنوب وسط المدينة ومركز المؤتمرات في جنوب شرق دنفر. يبعد فندق Hilton Garden Inn DTC مسافة 35 ميلاً عن المطار.
CASE_0247,231109,endpoint,2,7542307,0.6832,0.6832,0,ar,يوفر فندق حياة ريجنسي دنفر موقعًا متميزًا في وسط المدينة بجوار مركز المؤتمرات وعلى بُعد مبنى واحد من مول 16 ستريت.
CASE_0247,231109,endpoint,3,5112840,0.6748,0.6748,0,ar,المسافة بين مطار دنفر ومركز المؤتمرات 26 ميل. يستغرق السفر من مطار دنفر ومركز المؤتمرات 35 دقيقة. انقر أدناه لمشاهدة خريطة من مطار دنفر إلى مركز المؤتمرات! * قد تختلف الأجرة الفعلية باختلاف حركة المرور وظروف الطريق وما إلى ذلك.
CASE_0247,231109,endpoint,4,4606485,0.6579,0.6579,0,ar,يقع مركز مؤتمرات كولورادو على بعد 600 متر من فندق شيراتون داون تاون دنفر ، في حين يقع مركز بيبسي على بعد 1.8 كم. يعتبر مطار دنفر الدولي المطار الأقرب لمكان الإقامة ، حيث يقع على بعد 29 كم. هذه المنطقة المفضلة من دنفر لدى ضيوفنا بناءً على التقييمات المستقلة.
CASE_0247,231109,endpoint,5,4436862,0.6566,0.6566,0,ar,فندق مركز المؤتمرات في دنفر. يقع فندق حياة ريجنسي دنفر في قلب وسط مدينة دنفر بالقرب من مول شارع 16 مع سهولة الوصول إلى مجموعة رائعة من الفنون والترفيه. يوفر فندق مركز المؤتمرات في كولورادو أماكن إقامة ترحيبية وخدمة شخصية ومجموعة واسعة من وسائل الراحة ، مما يجعل إقامتك منتجة وممتعة.
CASE_0247,231109,endpoint,6,5112837,0.6417,0.6417,0,ar,يستغرق السفر من مطار دنفر ومركز المؤتمرات 35 دقيقة. انقر أدناه لمشاهدة خريطة من مطار دنفر إلى مركز المؤتمرات! * قد تختلف الأجرة الفعلية باختلاف حركة المرور وظروف الطريق وما إلى ذلك. وعادة ما تكون الرسوم المدفوعة مسبقًا من المطار ومحطة السكك الحديدية وما إلى ذلك أعلى.
CASE_0247,231109,endpoint,7,8414889,0.6356,0.6356,0,ar,يقدم فندق Hilton Garden Inn Denver Tech Center ما يفوق توقعاتك. يقع بشكل استثنائي في قلب مركز دنفر للتكنولوجيا ، قبالة I-25 ومخرج بيلفيو ، ويتميز بمدخل رائع ولوبي ، و 180 غرفة وجناحًا أنيقًا وأكثر من 6000 قدم مربع من مساحة المؤتمرات والمآدب.
CASE_0247,231109,endpoint,8,7623263,0.6318,0.6318,0,ar,استمتع بموقعنا المركزي بين 16th Street Mall و 14th Street Streetscape في فندق Hilton Garden Inn Denver Downtown. يقع فندقنا في وسط مدينة دنفر بجوار مركز مؤتمرات كولورادو ، ويُعد قاعدة منزلية مثالية أثناء حضور مؤتمر أو معرض. استقل حافلة النقل المجانية من شارع 16 إلى مركز بيبسي وملعب كوورز ومناطق الجذ
CASE_0247,231109,endpoint,9,1803198,0.6237,0.6237,0,ar,جراند حياة DFW. يقع على بعد 0.5 أميال من مطار دالاس فورت وورث الدولي DFW. المزيد من معلومات الفندق وحجوزات الحجز. حدد المسافة بين Grand Hyatt DFW ومطار دالاس فورت وورث الدولي DFW.
CASE_0247,231109,endpoint,10,5320761,0.6191,0.6191,0,ar,يقع الفندق على بعد 10.4 كم من مركز مؤتمرات أورلاندو ، في حين تقع يونيفرسال ستوديوز على بعد 11.4 كم. يقع SeaWorld على بعد 11 كم من فندق ومركز مؤتمرات فلوريدا. تحتوي هذه المنشأة أيضًا على أحد المواقع الأعلى تصنيفًا في أورلاندو! الضيوف أكثر سعادة به مقارنة بالممتلكات الأخرى في المنطقة.
CASE_0247,231109,mixed,1,8414887,0.7411,0.7411,0,ar,رد من Dinah S | ممثل الملكية |. يقع Hilton Garden Inn Denver Tech Center على بعد 19.2 كم جنوب وسط المدينة ومركز المؤتمرات في جنوب شرق دنفر. يبعد فندق Hilton Garden Inn DTC مسافة 35 ميلاً عن المطار.
CASE_0247,231109,mixed,2,7542305,0.6881,0.6881,1,ar,المنطقة: المطار المفضل لـ Hyatt Regency Denver at Colorado Convention Center هو Denver ، CO (DEN- مطار دنفر الدولي) - 29.8 كم / 18.5 ميل. تُحسب المسافات في خط مستقيم من موقع العقار إلى نقطة الاهتمام أو المطار وقد لا تعكس مسافة السفر الفعلية. \\\\ن.
CASE_0247,231109,mixed,3,8414889,0.6802,0.6802,0,ar,يقدم فندق Hilton Garden Inn Denver Tech Center ما يفوق توقعاتك. يقع بشكل استثنائي في قلب مركز دنفر للتكنولوجيا ، قبالة I-25 ومخرج بيلفيو ، ويتميز بمدخل رائع ولوبي ، و 180 غرفة وجناحًا أنيقًا وأكثر من 6000 قدم مربع من مساحة المؤتمرات والمآدب.
CASE_0247,231109,mixed,4,4606485,0.6767,0.6767,0,ar,يقع مركز مؤتمرات كولورادو على بعد 600 متر من فندق شيراتون داون تاون دنفر ، في حين يقع مركز بيبسي على بعد 1.8 كم. يعتبر مطار دنفر الدولي المطار الأقرب لمكان الإقامة ، حيث يقع على بعد 29 كم. هذه المنطقة المفضلة من دنفر لدى ضيوفنا بناءً على التقييمات المستقلة.
CASE_0247,231109,mixed,5,5112840,0.6698,0.6698,0,ar,المسافة بين مطار دنفر ومركز المؤتمرات 26 ميل. يستغرق السفر من مطار دنفر ومركز المؤتمرات 35 دقيقة. انقر أدناه لمشاهدة خريطة من مطار دنفر إلى مركز المؤتمرات! * قد تختلف الأجرة الفعلية باختلاف حركة المرور وظروف الطريق وما إلى ذلك.
CASE_0247,231109,mixed,6,7623263,0.6689,0.6689,0,ar,استمتع بموقعنا المركزي بين 16th Street Mall و 14th Street Streetscape في فندق Hilton Garden Inn Denver Downtown. يقع فندقنا في وسط مدينة دنفر بجوار مركز مؤتمرات كولورادو ، ويُعد قاعدة منزلية مثالية أثناء حضور مؤتمر أو معرض. استقل حافلة النقل المجانية من شارع 16 إلى مركز بيبسي وملعب كوورز ومناطق الجذ
CASE_0247,231109,mixed,7,4188717,0.6533,0.6533,0,ar,(عرض على الخريطة) 1 فندق شيراتون دنفر داون تاون (0.18 أميال) 2 فنادق فانتاج (0.22 ميل) 3 كراون بلازا دنفر (0.23 ميل) Hyatt Regency Denver at Colorado Convention Center (0.53 ميل) Hilton Garden Inn - Denver Cherry Creek (0.53 ميل) ميل) هوليداي إن آند سويتس مطار دنفر (0.53 ميل) فندق وسبا براون بالاس (
CASE_0247,231109,mixed,8,8414895,0.649,0.649,0,ar,لمحة سريعة. تمتع بإقامة مريحة في فندق Denver Tech Center. يقع فندق Hilton Garden Inn Denver Tech Center في قلب مركز دنفر للتكنولوجيا ، قبالة الطريق السريع 25 مباشرةً عند مخرج بيلفيو ، ويوفر موقعًا مثاليًا للمسافرين من رجال الأعمال والمصطافين.
CASE_0247,231109,mixed,9,3653935,0.6428,0.6428,0,ar,15 دقيقة من المطار. يقع Hyatt Place Denver Airport قبالة الطريق السريع I-70 وعلى مسافة قصيرة بالسيارة من I-225 في Aurora ، على بعد 12 ميلاً (19.3 كم) شرق وسط مدينة دنفر. يقع مطار دنفر على بعد 15 دقيقة بالحافلة المكوكية المجانية. المنطقة المحلية لديها خيار من المطاعم الجيدة على بعد مسافة سير.
CASE_0247,231109,mixed,10,1803198,0.6421,0.6421,0,ar,جراند حياة DFW. يقع على بعد 0.5 أميال من مطار دالاس فورت وورث الدولي DFW. المزيد من معلومات الفندق وحجوزات الحجز. حدد المسافة بين Grand Hyatt DFW ومطار دالاس فورت وورث الدولي DFW.
CASE_0247,250636,endpoint,1,6405974,0.6349,0.6349,0,ar,سيستفيد عداء 10K من الجري لمسافة 8 أميال و 10 أميال وحتى 14 ميلاً أو أكثر. سوف يستفيد عداء 5K من الجري لمسافة 6 أميال و 8 أميال وما يصل إلى 12 ميلًا أو نحو ذلك. تم التأكيد على المدى الطويل باعتباره لبنة بناء التدريب لأكثر من 30 عامًا. لقد جعله آرثر ليديارد والعديد من الأشخاص الآخرين المكون الأساسي ل
CASE_0247,250636,endpoint,2,5682668,0.6135,0.6135,0,ar,إذا نظرت إلى نتائج أي سباق محلي 10 كيلومترات ، فستجد متوسط ​​الوقت عادة ما بين 60 إلى 65 دقيقة ، لكنني أقول إن غالبية هؤلاء الأشخاص ليسوا عدائين عاديين ، مما يعني أنهم لا يركضون 5 أو 6 أيام من الأسبوع وإذا قاموا بعدد الأميال ، فمن المحتمل ألا يتجاوز 20 أسبوعًا. سيحدد عداء متوسط ​​على أنه شخص يركض من
CASE_0247,250636,endpoint,3,5173932,0.607,0.607,0,ar,يتراوح طول الكاردينال من 8 إلى 9 بوصات ويبلغ طول جناحيه 10 1/2 إلى 12 بوصة.
CASE_0247,250636,endpoint,4,5682663,0.6067,0.6067,0,ar,كم من الوقت سيستغرق سباق 10 كيلومترات لعداء يبلغ متوسط ​​سرعته 125 مترًا في الدقيقة؟ إذا كان هناك 1000 متر في الكيلومتر وسافر العداء 125 مترًا في الدقيقة ، فهذا يعني أن العداء يمكنه السفر كيلومترًا واحدًا في 8 دقائق (1000/125 = 8). سيجري العداء 10 كيلومترات ، وسيستغرق الأمر (10 * 8) أو 80 دقيقة لإنه
CASE_0247,250636,endpoint,5,7778466,0.6059,0.6059,0,ar,يبلغ طول عداء الطريق حوالي 52 سم - 62 سم ​​(20 × 24 بوصة) ، ويبلغ طوله 43 سم - 61 سم ( 17 بوصة (24 بوصة) جناحيها ويزن 221 × 538 جم (7.8 × 19.0 أونصة). يبلغ ارتفاعه حوالي 25 قدمًا و 30 سم (9.8 قدمًا 11.8 بوصة) وهو أكبر الوقواق في الأمريكتين.
CASE_0247,250636,endpoint,6,1881526,0.6026,0.6026,0,ar,سيستفيد عداء 10K من الجري لمسافة 8 أميال و 10 أميال وحتى 14 ميلاً أو أكثر. سوف يستفيد عداء 5K من الجري لمسافة 6 أميال و 8 أميال وما يصل إلى 12 ميلًا أو نحو ذلك. تم التأكيد على المدى الطويل باعتباره لبنة بناء التدريب لأكثر من 30 عامًا.
CASE_0247,250636,endpoint,7,5321682,0.5944,0.5944,0,ar,يبلغ طول عداء الطريق حوالي 52 سم - 62 سم ​​(20 × 24 بوصة) ، ويبلغ طوله 43 سم - 61 سم ( 17 بوصة (24 بوصة) جناحيها ويزن 221 × 538 جم (7.8 × 19.0 أونصة). يبلغ ارتفاعه حوالي 25 قدمًا و 30 سم (9.8 قدمًا 11.8 بوصة) وهو أكبر الوقواق في الأمريكتين. البالغ لديه قمة كثيفة ومنقار طويل وسميك داكن.
CASE_0247,250636,endpoint,8,385697,0.5875,0.5875,0,ar,سباق 10 كيلومترات أو 10 كيلومترات يترجم إلى 6.2 ميل. يبدأ العديد من العدائين بسباق 5 كيلومترات ، ثم يتقدمون إلى حلبة سباق 10 كيلومترات. بالنسبة لأولئك الذين يصلون إلى مستوى التحدي ، سيتأرجح متوسط ​​وقت الجري 10 آلاف بناءً على مستوى اللياقة البدنية والعمر والجنس ، وبمجرد اكتمال تحدي 5 كيلومترات ، ينت
CASE_0247,250636,endpoint,9,4466518,0.5843,0.5843,0,ar,وفقًا لـ Jacobsen Rugs ، هناك ميل طفيف لزيادة عرض العداء مع زيادة طول العداء .. تلاحظ الشركة أيضًا أنه من الشائع تثبيت عداء لا يقل عرضه عن 32 بوصة إذا كان طول العداء نفسه من 18 إلى 20 قدمًا .
CASE_0247,250636,endpoint,10,1597750,0.584,0.584,0,ar,في صيغته ، العداء الذي يقطع 40 ميلاً أسبوعياً سيقطع مسافة طويلة من 8 إلى 10 أميال ؛ عداء بمتوسط ​​80 ميلا في الأسبوع سيقطع 16 إلى 20 ميلا. تعمل هذه الإرشادات على توسيع نطاق التشغيل إلى مستوى قدرتك الحالي وحمل التدريب.
CASE_0247,250636,mixed,1,5682668,0.7159,0.7159,0,ar,إذا نظرت إلى نتائج أي سباق محلي 10 كيلومترات ، فستجد متوسط ​​الوقت عادة ما بين 60 إلى 65 دقيقة ، لكنني أقول إن غالبية هؤلاء الأشخاص ليسوا عدائين عاديين ، مما يعني أنهم لا يركضون 5 أو 6 أيام من الأسبوع وإذا قاموا بعدد الأميال ، فمن المحتمل ألا يتجاوز 20 أسبوعًا. سيحدد عداء متوسط ​​على أنه شخص يركض من
CASE_0247,250636,mixed,2,7397316,0.7086,0.7086,1,ar,متوسط ​​الوقت. متوسط ​​الوقت الذي يستغرقه المتسابقون لإكمال سباق 10 كيلومترات يقع بشكل عام بين 50 و 70 دقيقة. كان متوسط ​​الوقت للمتسابقين الأمريكيين 10K في عام 2012 55:52 للرجال و 1:04:37 للسيدات ، وفقًا لـ Running USA. تتطلب النهاية 1:02 في سباق 10 كيلومترات ، على سبيل المثال ، سرعة 10 دقائق لكل م
CASE_0247,250636,mixed,3,7397317,0.7061,0.7061,0,ar,متوسط ​​الوقت الذي يستغرقه المتسابقون لإكمال سباق 10 كيلومترات يقع بشكل عام بين 50 و 70 دقيقة. متوسط ​​الوقت للمتسابقين الأمريكيين 10K في عام 2012 كان 55:52 للرجال و 1:04:37 للسيدات ، وفقًا لـ Running USA ، على سبيل المثال ، تتطلب النهاية 1:02 في سباق 10K سرعة 10 دقائق لكل ميل يمكن للعدائين الذين يت
CASE_0247,250636,mixed,4,4585400,0.6854,0.6854,0,ar,متوسط ​​الوقت الذي يستغرقه المتسابقون لإكمال سباق 10 كيلومترات يقع بشكل عام بين 50 و 70 دقيقة. متوسط ​​الوقت للمتسابقين الأمريكيين 10K في عام 2012 كان 55:52 للرجال و 1:04:37 للسيدات ، وفقًا لـ Running USA ، على سبيل المثال ، تتطلب النهاية 1:02 في سباق 10K سرعة 10 دقائق لكل ميل يمكن للعدائين الذين يت
CASE_0247,250636,mixed,5,4585399,0.6853,0.6853,0,ar,متوسط ​​الوقت. متوسط ​​الوقت الذي يستغرقه المتسابقون لإكمال سباق 10 كيلومترات يقع بشكل عام بين 50 و 70 دقيقة. كان متوسط ​​الوقت للمتسابقين الأمريكيين 10K في عام 2012 55:52 للرجال و 1:04:37 للسيدات ، وفقًا لـ Running USA. تتطلب النهاية 1:02 في سباق 10 كيلومترات ، على سبيل المثال ، سرعة 10 دقائق لكل م
CASE_0247,250636,mixed,6,385696,0.6835,0.6835,0,ar,متوسط ​​الوقت الذي يستغرقه المتسابقون لإكمال سباق 10 كيلومترات يقع بشكل عام بين 50 و 70 دقيقة. متوسط ​​الوقت للمتسابقين الأمريكيين 10K في عام 2012 كان 55:52 للرجال و 1:04:37 للسيدات ، وفقًا لـ Running USA ، على سبيل المثال ، تتطلب النهاية 1:02 في سباق 10K سرعة 10 دقائق لكل ميل يمكن للعدائين الذين يت
CASE_0247,250636,mixed,7,4764405,0.6822,0.6822,0,ar,سباق 10 كيلومترات أو 10 كيلومترات يترجم إلى 6.2 ميل. يبدأ العديد من العدائين بسباق 5 كيلومترات ، ثم يتقدمون إلى حلبة سباق 10 كيلومترات. بالنسبة لأولئك الذين يواجهون التحدي ، سيتقلب متوسط ​​وقت الجري 10 آلاف بناءً على مستوى اللياقة البدنية والعمر والجنس.وش كلارك من Cool Running يقول إن الرجل الذي يتم
CASE_0247,250636,mixed,8,6405974,0.6798,0.6798,0,ar,سيستفيد عداء 10K من الجري لمسافة 8 أميال و 10 أميال وحتى 14 ميلاً أو أكثر. سوف يستفيد عداء 5K من الجري لمسافة 6 أميال و 8 أميال وما يصل إلى 12 ميلًا أو نحو ذلك. تم التأكيد على المدى الطويل باعتباره لبنة بناء التدريب لأكثر من 30 عامًا. لقد جعله آرثر ليديارد والعديد من الأشخاص الآخرين المكون الأساسي ل
CASE_0247,250636,mixed,9,6360177,0.6796,0.6796,0,ar,متوسط ​​الوقت الذي يستغرقه المتسابقون لإكمال سباق 10 كيلومترات يقع بشكل عام بين 50 و 70 دقيقة. متوسط ​​الوقت للمتسابقين الأمريكيين 10K في عام 2012 كان 55:52 للرجال و 1:04:37 للسيدات ، وفقًا لـ Running USA ، على سبيل المثال ، تتطلب النهاية 1:02 في سباق 10K سرعة 10 دقائق لكل ميل يمكن للعدائين الذين يت
CASE_0247,250636,mixed,10,385697,0.6777,0.6777,0,ar,سباق 10 كيلومترات أو 10 كيلومترات يترجم إلى 6.2 ميل. يبدأ العديد من العدائين بسباق 5 كيلومترات ، ثم يتقدمون إلى حلبة سباق 10 كيلومترات. بالنسبة لأولئك الذين يصلون إلى مستوى التحدي ، سيتأرجح متوسط ​​وقت الجري 10 آلاف بناءً على مستوى اللياقة البدنية والعمر والجنس ، وبمجرد اكتمال تحدي 5 كيلومترات ، ينت
CASE_0247,277701,endpoint,1,7360042,0.746,0.746,0,ar,بوبليكس - 6 بوصة دجاج تندر صب. * تستند النسبة المئوية للقيم اليومية على نظام غذائي يحتوي على 2000 سعر حراري. قد تكون قيمك اليومية أعلى أو أقل حسب احتياجاتك من السعرات الحرارية.
CASE_0247,277701,endpoint,2,6730270,0.6782,0.6782,0,ar,السعرات الحرارية في راب دجاج بافلو صب واي مع صلصة الرانش وجبنة مونتراي. حجم الحصة: 1 حصة. مبلغ لكل خدمة. 0.0 السعرات الحرارية إجمالي الدهون 0.0 جم. 0.0 جم دهون مشبعة. 0.0 غرام الدهون المتعددة غير المشبعة. 0.0 غرام الدهون الأحادية غير المشبعة.
CASE_0247,277701,endpoint,3,6016799,0.6684,0.6684,0,ar,هناك 36 سعرة حرارية في حصة واحدة من تندرز الدجاج المشوي من بوب إيفانز. توزيع السعرات الحرارية: 22٪ دهون ، 0٪ كربوهيدرات ، 78٪ بروتين.
CASE_0247,277701,endpoint,4,1441380,0.6655,0.6655,0,ar,السعرات الحرارية في صب واي فلات بريد دجاج. * تستند النسبة المئوية للقيم اليومية إلى نظام غذائي يحتوي على 2000 سعر حراري. قد تكون قيمك اليومية أعلى أو أقل حسب احتياجاتك من السعرات الحرارية. تم إدخال بعض هذه الأطعمة من قبل المستخدمين وهي عرضة للخطأ.
CASE_0247,277701,endpoint,5,3919733,0.6611,0.6611,0,ar,معلومات عن السعرات الحرارية الخاصة بالمكونات من وصفاتنا: 1 سعرات حرارية في تندر الدجاج الصحي بالفرن. 2218 سعرة حرارية ، 2 جم دهون ، 15 جم كربوهيدرات ، 34 جم بروتين ، 0 جم ألياف. 3 سعرات حرارية في تندر دجاج مقلي بالفرن. حرق السعرات الحرارية لجهاز الجري: 7.5 ميل في الساعة (8 دقائق لكل ميل). حرقان للسع
CASE_0247,277701,endpoint,6,3919734,0.6583,0.6583,0,ar,1 سعرة حرارية في تندر دجاج صحي مقلي. 2218 سعرة حرارية ، 2 جم دهون ، 15 جم كربوهيدرات ، 34 جم بروتين ، 0 جم ألياف. 3 سعرات حرارية في تندر دجاج مقلي بالفرن. 4267 سعرة حرارية ، 4 جم دهون ، 22 جم كربوهيدرات ، 35 جم بروتين ، 2 جم ألياف. حرق السعرات الحرارية لجهاز الجري: 7.5 ميل في الساعة (8 دقائق لكل ميل
CASE_0247,277701,endpoint,7,8723408,0.6539,0.6539,0,ar,معلومات عن السعرات الحرارية الخاصة بالمكونات من وصفاتنا: 1 سعرات حرارية في تندر الدجاج الصحي بالفرن. 2218 سعرة حرارية ، 2 جم دهون ، 15 جم كربوهيدرات ، 34 جم بروتين ، 0 جم ألياف. 3 سعرات حرارية في تندر دجاج مقلي بالفرن.
CASE_0247,277701,endpoint,8,5920804,0.6493,0.6493,0,ar,هناك 141 سعرة حرارية في حصة واحدة من شرائح الدجاج المقلي من بوب إيفانز. توزيع السعرات الحرارية: 51٪ دهون ، 29٪ كربوهيدرات ، 20٪ بروتين.
CASE_0247,277701,endpoint,9,1441384,0.6489,0.6489,0,ar,1 سعرة حرارية ، دهون ، بروتين ، ألياف ، كربوهيدرات في صب واي دجاج فلات بريد. 2 سعرة حرارية ، دهون ، بروتين ، ألياف ، كربوهيدرات في خبز صب واي التركي. حرق 3 سعرات حرارية لجهاز الجري: انحدار 5٪ ، 4 كم / ساعة (15 دقيقة لكل كيلومتر) السعرات الحرارية المحروقة لجهاز الجري: انحدار 5٪ ، 3.15 كم / ساعة (19 د
CASE_0247,277701,endpoint,10,7117600,0.6457,0.6457,0,ar,كم عدد السعرات الحرارية في صب واي 6 جرام دهون أو أقل: سلطة دجاج مقطعة مضاعفة بدون تتبيلة
CASE_0247,277701,mixed,1,7360042,0.7043,0.7043,0,ar,بوبليكس - 6 بوصة دجاج تندر صب. * تستند النسبة المئوية للقيم اليومية على نظام غذائي يحتوي على 2000 سعر حراري. قد تكون قيمك اليومية أعلى أو أقل حسب احتياجاتك من السعرات الحرارية.
CASE_0247,277701,mixed,2,7360038,0.6635,0.6635,1,ar,يوجد 620 سعرة حرارية في 1 ساندويتش يقدم من Publix 12 تشيكن تندر صب ساندويتش. توزيع السعرات الحرارية: 20٪ دهون ، 57٪ كربوهيدرات ، 23٪ بروتين.
CASE_0247,277701,mixed,3,6016799,0.6488,0.6488,0,ar,هناك 36 سعرة حرارية في حصة واحدة من تندرز الدجاج المشوي من بوب إيفانز. توزيع السعرات الحرارية: 22٪ دهون ، 0٪ كربوهيدرات ، 78٪ بروتين.
CASE_0247,277701,mixed,4,3919734,0.6476,0.6476,0,ar,1 سعرة حرارية في تندر دجاج صحي مقلي. 2218 سعرة حرارية ، 2 جم دهون ، 15 جم كربوهيدرات ، 34 جم بروتين ، 0 جم ألياف. 3 سعرات حرارية في تندر دجاج مقلي بالفرن. 4267 سعرة حرارية ، 4 جم دهون ، 22 جم كربوهيدرات ، 35 جم بروتين ، 2 جم ألياف. حرق السعرات الحرارية لجهاز الجري: 7.5 ميل في الساعة (8 دقائق لكل ميل
CASE_0247,277701,mixed,5,3919733,0.6467,0.6467,0,ar,معلومات عن السعرات الحرارية الخاصة بالمكونات من وصفاتنا: 1 سعرات حرارية في تندر الدجاج الصحي بالفرن. 2218 سعرة حرارية ، 2 جم دهون ، 15 جم كربوهيدرات ، 34 جم بروتين ، 0 جم ألياف. 3 سعرات حرارية في تندر دجاج مقلي بالفرن. حرق السعرات الحرارية لجهاز الجري: 7.5 ميل في الساعة (8 دقائق لكل ميل). حرقان للسع
CASE_0247,277701,mixed,6,3549745,0.6415,0.6415,0,ar,إلى جانب ساندويتش دجاج ترياكي بالبصل الحلو الذي يحتوي على 370 سعرة حرارية في مترو الأنفاق ، يحتوي معظمها على حوالي 300 سعرة حرارية: 1 6 بوصات من لحم الخنزير (الغابة السوداء ، بدون جبن) - 290 سعرة حرارية. 2 6 بوصة صدر ديك رومي - 280 سعر حراري. 3 6 بوصة لحم بقري مشوي - 290 سعرة حرارية. 4 6 بوصات فيجي
CASE_0247,277701,mixed,7,7367338,0.6389,0.6389,0,ar,هناك 220 سعرة حرارية في حصة 4 أونصة من أجنحة دجاج Publix. توزيع السعرات الحرارية: 67٪ دهون ، 0٪ كربوهيدرات ، 33٪ بروتين.
CASE_0247,277701,mixed,8,8744742,0.6354,0.6354,0,ar,هناك 547 سعرة حرارية في حصة واحدة من طبق دجاج طوكيو إكسبريس ترياكي. احصل على حقائق التغذية الكاملة لمنتجات Tokyo Express الأخرى وجميع العلامات التجارية المفضلة الأخرى. كندا
CASE_0247,277701,mixed,9,8723408,0.6351,0.6351,0,ar,معلومات عن السعرات الحرارية الخاصة بالمكونات من وصفاتنا: 1 سعرات حرارية في تندر الدجاج الصحي بالفرن. 2218 سعرة حرارية ، 2 جم دهون ، 15 جم كربوهيدرات ، 34 جم بروتين ، 0 جم ألياف. 3 سعرات حرارية في تندر دجاج مقلي بالفرن.
CASE_0247,277701,mixed,10,3549743,0.6326,0.6326,0,ar,حسنًا ، ستكون هذه السندويشات مقاس 6 بوصات التي يتم الترويج لها على أنها àA 6 غرام دسم أو أقل. إلى جانب ساندويتش دجاج ترياكي بالبصل الحلو الذي يحتوي على 370 سعرة حرارية في مترو الأنفاق ، يحتوي معظمهم على حوالي 300 سعرة حرارية: 6 بوصات من لحم الخنزير (الغابة السوداء ، بدون جبن) - 290 سعرة حرارية. صدر
CASE_0247,665972,endpoint,1,2869059,0.6979,0.6979,0,ar,أسباب وجود الماء في الرئتين. رئتيك: حيث يجب أن يلتقي الماء والهواء ، لا يختلطان. مصدر الصورة امرأة صينية تحمل صورة بالأشعة السينية بواسطة Allen Penton من Fotolia.com. يتكون جسمك من أكثر من 60 في المائة من الماء ، وتتكون رئتيك من ما يقرب من 90 في المائة من الماء ، وفقًا للمسح الجيولوجي الأمريكي.
CASE_0247,665972,endpoint,2,5124930,0.6947,0.6947,0,ar,يمكن أن ينتهي الماء الذي يتم ابتلاعه عن غير قصد أثناء السباحة في رئتيك. في بعض الحالات ، قد يؤدي ابتلاع الكثير من الماء إلى غرق ثانوي ، والذي يمكن أن يحدث بعد خروج الشخص من الماء لفترة طويلة. الأعراض والعلاج. قد يكون تحديد ما إذا كان قد تم ابتلاع الكثير من الماء ودخوله إلى الرئتين أمرًا صعبًا. إذا ك
CASE_0247,665972,endpoint,3,1288520,0.6945,0.6945,0,ar,يحدث الماء في الرئة ، المعروف علميًا باسم الوذمة الرئوية ، عندما تمتلئ الرئتان بالسوائل ، مما يمنع دخول الأكسجين وإخراج ثاني أكسيد الكربون. يحدث تراكم السوائل في الرئة عادة عندما تكون لديك مشكلة في الجهاز القلبي الوعائي ، مثل قصور القلب ، ولكن يمكن أن يحدث أيضًا عند وجود إصابة في الرئة مثل الالتهابا
CASE_0247,665972,endpoint,4,5124923,0.6869,0.6869,0,ar,بينما نادرًا ، يمكن أن يدخل الماء إلى رئتيك أثناء السباحة. قد يسبب هذا الألم وعدم الراحة أثناء التنفس. قد تتسرب المياه المتبقية في رئتيك بعد السباحة في النهاية إلى المساحات الهوائية في رئتيك. يُعرف هذا باسم الوذمة الرئوية. قد يوصي الطبيب بإجراء عملية لشفط الماء من رئتيك. يتم إدخال أنبوب في رئتيك ويت
CASE_0247,665972,endpoint,5,2919197,0.6846,0.6846,0,ar,عندما تصل إلى رئتيك ، تبدأ خلايا جهازك المناعي في محاربة البكتيريا وهذا يتسبب في تراكم الكثير من السوائل في أنسجة الرئة. السوائل في رئتيك سيئة للغاية لأنك لا تستطيع تبادل الغازات / التنفس.
CASE_0247,665972,endpoint,6,4548353,0.682,0.682,0,ar,بلغ عن سوء معاملة. إذا استنشقت البخار في رئتيك ، فقد يتكثف البخار في الماء. هذا يبدو وكأنه مشكلة لم تتم مناقشتها وأعتقد أنها موضوع السؤال الأصلي !!! Resty Ã⠀ šÃ' · منذ 5 أشهر.
CASE_0247,665972,endpoint,7,7141977,0.6801,0.6801,0,ar,عندما لا يستطيع قلبك أن يمتلئ ويفرغ بشكل صحيح ، يتراكم الدم في عروقك. هذا يتسبب في تسرب السوائل إلى رئتيك.
CASE_0247,665972,endpoint,8,8015813,0.6788,0.6788,0,ar,املأهم بقدر ما تستطيع. هذا ما سيشعر به الغواص قبل تلف الرئة مباشرة. إنه غير مريح ويمكنك أن تشعر به. إذا كنت بالقرب من السطح حيث يكون تغير الضغط أسرع ، ورئتيك ممتلئة ، فقد يستغرق الأمر أقل من أربعة (4 أقدام) من الماء لتسبب الضرر.
CASE_0247,665972,endpoint,9,2901620,0.6742,0.6742,0,ar,التصنيف الأحدث الأقدم. أفضل إجابة: الإجابة أعلاه ليست مزحة. إذا كنت تشرب الكثير ، فإن جسدك يقنع نفسه بأن هناك الكثير وسوف تغرق. لست متأكدًا تمامًا من كيفية حدوث ذلك ، لكنني أعتقد أن رئتيك تمتلئ بالماء.
CASE_0247,665972,endpoint,10,2869062,0.6722,0.6722,0,ar,زيادة المياه. مثل الكثير من الهواء في الإطارات ، يؤدي وجود الكثير من الماء في الدم إلى زيادة الضغط في الأوعية الدموية. عند نقطة معينة ، خاصةً إذا كان قلبك الأيسر ضعيفًا ، فإن الماء الزائد يخرج من دمك إلى المساحات الهوائية في رئتيك ، والتي تسمى الحويصلات الهوائية.
CASE_0247,665972,mixed,1,1288520,0.6948,0.6948,0,ar,يحدث الماء في الرئة ، المعروف علميًا باسم الوذمة الرئوية ، عندما تمتلئ الرئتان بالسوائل ، مما يمنع دخول الأكسجين وإخراج ثاني أكسيد الكربون. يحدث تراكم السوائل في الرئة عادة عندما تكون لديك مشكلة في الجهاز القلبي الوعائي ، مثل قصور القلب ، ولكن يمكن أن يحدث أيضًا عند وجود إصابة في الرئة مثل الالتهابا
CASE_0247,665972,mixed,2,7488681,0.6944,0.6944,1,ar,، ممرض. إذا دخل الماء إلى الرئتين ، فسيواجه الشخص صعوبة في التنفس (ضيق التنفس) بسبب وجود اضطراب في ضغط الرئة الطبيعي مع وجود السائل. عادة ما يخضع المرضى لإجراء بسيط (بزل الصدر) لإزالة السائل في الرئتين.
CASE_0247,665972,mixed,3,5124930,0.6934,0.6934,0,ar,يمكن أن ينتهي الماء الذي يتم ابتلاعه عن غير قصد أثناء السباحة في رئتيك. في بعض الحالات ، قد يؤدي ابتلاع الكثير من الماء إلى غرق ثانوي ، والذي يمكن أن يحدث بعد خروج الشخص من الماء لفترة طويلة. الأعراض والعلاج. قد يكون تحديد ما إذا كان قد تم ابتلاع الكثير من الماء ودخوله إلى الرئتين أمرًا صعبًا. إذا ك
CASE_0247,665972,mixed,4,5124923,0.6876,0.6876,0,ar,بينما نادرًا ، يمكن أن يدخل الماء إلى رئتيك أثناء السباحة. قد يسبب هذا الألم وعدم الراحة أثناء التنفس. قد تتسرب المياه المتبقية في رئتيك بعد السباحة في النهاية إلى المساحات الهوائية في رئتيك. يُعرف هذا باسم الوذمة الرئوية. قد يوصي الطبيب بإجراء عملية لشفط الماء من رئتيك. يتم إدخال أنبوب في رئتيك ويت
CASE_0247,665972,mixed,5,5124928,0.6802,0.6802,0,ar,"عندما يتنفس الشخص الماء في رئتيه وتوقف عن التنفس ، يجب على شخص آخر إجراء إنعاش فم إلى فم لإخراج الماء. عندما ينجح هذا ، يبدو أن معظم الناس يتقيأون الماء ثم يتمكنون من التنفس بشكل طبيعي ، مع بعض السعال المتبقي. Å ""سائل. ¢. عادة ما تكون الطريقة التي يحصل بها الناس على الماء في رئتيهم محددة للغاية. يجب"
CASE_0247,665972,mixed,6,2869059,0.6795,0.6795,0,ar,أسباب وجود الماء في الرئتين. رئتيك: حيث يجب أن يلتقي الماء والهواء ، لا يختلطان. مصدر الصورة امرأة صينية تحمل صورة بالأشعة السينية بواسطة Allen Penton من Fotolia.com. يتكون جسمك من أكثر من 60 في المائة من الماء ، وتتكون رئتيك من ما يقرب من 90 في المائة من الماء ، وفقًا للمسح الجيولوجي الأمريكي.
CASE_0247,665972,mixed,7,6341758,0.6793,0.6793,0,ar,بصفتك معالجًا تنفسيًا مرخصًا ، نعم ، صحيح أن رئتيك ستحصلان على الماء بسبب vaping. نعم ، سيزيد من المقاومة عبر مجرى الهواء (الرئتين) بسبب هذا سيزداد تنفسك. ولكن ما لا يعرفه معظم الناس أن رئتيك ستمتصان بخار الماء هذا. سوف تمر عبر مجرى الدم ثم تمتصها الكلى وتطهر جسمك عن طريق التبول. ثم بعد استراحة من v
CASE_0247,665972,mixed,8,8383323,0.6758,0.6758,0,ar,في الوقت نفسه ، إذا بقي الشخص تحت الماء ، يبدأ جسده في تراكم ثاني أكسيد الكربون. هذا الغاز هو ما يحفزك على الشعور بالحاجة إلى التنفس. في النهاية ، تتنفس الضحية بشكل لا إرادي. عندما يصل الماء إلى مجرى الهواء ، تكون الاستجابة الأولى هي السعال أو ابتلاع الماء.
CASE_0247,665972,mixed,9,2919197,0.6747,0.6747,0,ar,عندما تصل إلى رئتيك ، تبدأ خلايا جهازك المناعي في محاربة البكتيريا وهذا يتسبب في تراكم الكثير من السوائل في أنسجة الرئة. السوائل في رئتيك سيئة للغاية لأنك لا تستطيع تبادل الغازات / التنفس.
CASE_0247,665972,mixed,10,4548353,0.6744,0.6744,0,ar,بلغ عن سوء معاملة. إذا استنشقت البخار في رئتيك ، فقد يتكثف البخار في الماء. هذا يبدو وكأنه مشكلة لم تتم مناقشتها وأعتقد أنها موضوع السؤال الأصلي !!! Resty Ã⠀ šÃ' · منذ 5 أشهر.
CASE_0247,786157,endpoint,1,4221375,0.6411,0.6411,0,ar,يعني الترخيص المسبق لهذه الأدوية أنه يجب استيفاء معايير سريرية معينة قبل توفير التغطية. في حالة الأدوية التي تتطلب علاجًا تدريجيًا ، على سبيل المثال ، قد تكون هناك حاجة إلى علاج سابق بواحد أو أكثر من الأدوية الوصفة. يتم تحديد الأدوية التي يجب أن تفي بالمعايير السريرية في قائمة الوصفات باستخدام (PA)
CASE_0247,786157,endpoint,2,8562717,0.6308,0.6308,0,ar,قائمة التصاريح المسبقة قائمة التصاريح المسبقة قائمة التصريح المسبق Ã' هي قائمة بالخدمات الطبية والجراحية المحددة والأدوية التي تتطلب وصفة طبية والتي تتطلب إذنًا مسبقًا بموجب المنفعة الطبية . تتضمن القائمة أدناه معدات وخدمات وأدوية وإجراءات محددة تتطلب المراجعة و / أو الوثائق التكميلية قبل إذن الدفع.
CASE_0247,786157,endpoint,3,4367794,0.6295,0.6295,0,ar,ما هو التفويض المسبق؟ إنه برنامج جودة وأمان يعزز الاستخدام السليم لبعض الأدوية. إذا وصف طبيبك دواءً مضمنًا في برنامج التصريح المسبق الخاص بنا ، فيجب أن تحصل على موافقة مسبقة قبل أن تغطي خطتك الدواء الخاص بك. يرجى ملاحظة: لا تتضمن جميع خطط المزايا الإذن المسبق. تحقق من مواد خطتك لمعرفة ما إذا كانت هذ
CASE_0247,786157,endpoint,4,5364079,0.6237,0.6237,0,ar,على سبيل المثال ، قد تملي خطة الجزء د من برنامج Medicare أنها ستغطي 90 حبة فقط من دواء معين خلال فترة 30 يومًا. شرط الإذن المسبق هو إجراء يتطلب من عامل الرعاية الصحية الحصول على موافقة رسمية من خطة قبل أن تغطي دواءً معينًا.
CASE_0247,786157,endpoint,5,6860602,0.6145,0.6145,0,ar,2004 قائمة التصريح المسبق. قائمة التصاريح المسبقة من ESI قائمة التفويضات المسبقة سوف تحتاج بعض الأدوية المدرجة في خطة منافع الصيدلة إلى تصريح مسبق. هذا يعني أن Express Scripts سوف تحتاج إلى التأكد من أن هذه الوصفات تلبي شروط الخطة الخاصة بالتغطية. تتطلب الأدوية التالية تصريحًا مسبقًا: 1. Amevive عن
CASE_0247,786157,endpoint,6,7431513,0.6132,0.6132,0,ar,برنامج الترخيص المسبق للأدوية. وفقًا للقانون الفيدرالي ، قد تتطلب برامج Medicaid التابعة للولاية ، كشرط للتغطية أو الدفع مقابل دواء خارجي مغطى ، الموافقة المسبقة على الدواء قبل الاستغناء عن أي مؤشر مقبول طبيًا. أقرت الجمعية التشريعية لعام 2003 مشروع قانون مجلس النواب رقم 1430.
CASE_0247,786157,endpoint,7,3737911,0.6014,0.6014,0,ar,يبدأ التصريح المسبق من قبل الطبيب الذي يصف الدواء نيابة عن. عضو. يتوفر مزيد من المعلومات حول الأدوية التي تتطلب تصاريح مسبقة ، بالإضافة إلى عملية الترخيص المسبق على موقع ويب Navitus ، www.navitus.com.
CASE_0247,786157,endpoint,8,7219048,0.5993,0.5993,0,ar,مزايا الترخيص المسبق. 1 يمنع الإجراءات غير الضرورية التي يتعين القيام بها للمرضى. 2 لتدابير السلامة. 3 إنه إجراء لتوفير التكلفة. 4 تتطلب العقاقير الطبية الجديدة إذنًا مسبقًا ، وبالتالي تمنع التفاعلات الدوائية الخطيرة المحتملة.
CASE_0247,786157,endpoint,9,4911555,0.5991,0.5991,0,ar,ما هو التفويض المسبق؟ التفويض المسبق هو عملية الحصول على موافقة خطية من Arise Health Plan لخدمات أو منتجات معينة قبل تقديم الخدمات. التفويض المسبق هو نموذج مكتوب يقدمه إلينا مزود مشارك. لا تزال الخدمات خاضعة لجميع أحكام الخطة بما في ذلك ، على سبيل المثال لا الحصر ، الضرورة الطبية واستثناءات الخطة.
CASE_0247,786157,endpoint,10,1055875,0.597,0.597,0,ar,الإذن المسبق هو عملية فحص روتينية ضرورية لبعض الأدوية قبل الصيدلي. يمكن الاستغناء عن الأدوية الخاصة بك. إذا قيل لك أنك بحاجة إلى إذن مسبق ، فهذا يعني الصيدلي الخاص بك. يحتاج إلى مزيد من المعلومات السريرية من طبيبك قبل ملء الوصفة الطبية الخاصة بك.
CASE_0247,786157,mixed,1,7645184,0.6947,0.6947,0,ar,الصفحة الرئيسية »التعليم» التعليم قبل الترخيص. يشير التعليم قبل الترخيص إلى الساعات المؤهلة التي يجب إكمالها لتصبح مؤهلاً لأخذ امتحان مندوب مبيعات العقارات الأولي أو امتحان ترخيص الوسيط. 1) Real Estate 101 هي دورة مدتها 90 ساعة وتشمل: 1 مبادئ وممارسات العقارات. يشير التعليم قبل الترخيص إلى الساعات ا
CASE_0247,786157,mixed,2,7834912,0.6782,0.6782,1,ar,فئات الترخيص المسبق: تتضمن دورة الترخيص المسبق للوسيط الكتاب المدرسي والمواد الدراسية المطلوبة عبر الإنترنت. تعتبر دورة الترخيص المسبق للوسيط الخطوة الأولى للحصول على ترخيص العقارات الخاص بك. تفي هذه الدورة بالمتطلبات التي وضعتها لجنة العقارات في ولاية كارولينا الشمالية للتأهل لاجتياز امتحان الترخيص
CASE_0247,786157,mixed,3,7834918,0.6517,0.6517,0,ar,للبدء ، قم بالتسجيل في إحدى حزم تدريب Oregon Real Estate Pre-License التدريبية. تتوفر دورة الترخيص المسبق عبر الإنترنت عبر الإنترنت ، ويمكنك البدء في التعرف على العقارات بمجرد إكمال التسجيل. تتوفر الكتب المدرسية في حزم مختارة للطلاب الذين يفضلون القراءة على الورق.
CASE_0247,786157,mixed,4,1914487,0.6487,0.6487,0,ar,الدورات العقارية - متطلبات الترخيص المسبق وما بعد الترخيص. المدربون - يحق فقط للمدرسين العقاريين المعتمدين من قبل المفوضية توجيه دورات Prelicense الخاصة بمندوب المبيعات أو Broker's Prelicense أو دورات Prelicense الخاصة بمدير جمعية المجتمع.
CASE_0247,786157,mixed,5,6985396,0.6457,0.6457,0,ar,تفاصيل. احصل على الميزة التنافسية التي تحتاجها للسيطرة على الأعمال العقارية من خلال هذه الدورة التدريبية المتطورة ، المصممة لتناسب جدولك المزدحم. 1 149 دولارًا (القيمة 299 دولارًا) لفئة الترخيص المسبق للعقارات في ألاباما لمدة 60 ساعة. احصل على الميزة التنافسية التي تحتاجها للسيطرة على الأعمال العقار
CASE_0247,786157,mixed,6,5070005,0.6426,0.6426,0,ar,مؤهلات مساعد مبيعات العقارات: إكمال دورة الترخيص المسبق المعتمدة من قبل اللجنة لشركاء المبيعات (الدورة الأولى) والتي تتكون من 63 ساعة وتغطي الموضوعات المطلوبة من قبل لجنة فلوريدا العقارية (FREC) بنجاح. يمكن أن تكون هذه الدورة التدريبية عبر الإنترنت أو مقررة في الفصل الدراسي.
CASE_0247,786157,mixed,7,1199260,0.6402,0.6402,0,ar,يُطلب من منتجي التأمين المقيمين إكمال 24 ساعة من دورات التعليم المسبق للترخيص ، والتي تتضمن ما لا يقل عن 3 ساعات من الأخلاق. يمكن الحصول على قائمة الدورات المعتمدة في Sircon. الغرض الأساسي من الترخيص المسبق للتعليم هو تقديم نظرة عامة على سوق التأمين.
CASE_0247,786157,mixed,8,5830059,0.6353,0.6353,0,ar,الآن بعد أن أصبحت على دراية بالخطوات المطلوبة للحصول على الرخصة العقارية الخاصة بك ، نوصي بشدة بدورة ما قبل الترخيص الخاصة بمساعد المبيعات عبر الإنترنت لمدة 63 ساعة ، حيث إنك على دراية بالخطوات المطلوبة للحصول على ترخيص العقار الخاص بك ، نوصي بشدة دورة الترخيص المسبق لمساعد المبيعات عبر الإنترنت وال
CASE_0247,786157,mixed,9,6356140,0.6338,0.6338,0,ar,1. أكمل دورة الترخيص المسبق. إذا كنت ترغب في بيع التأمين كمنتج تأمين في كاليفورنيا ، فيجب عليك اجتياز اختبار الترخيص. للتحضير لامتحان الترخيص ، يجب أن تأخذ دورة تأمين معتمدة من الدولة. يتم توفير دورات الترخيص المسبق للتأمين من قبل A.D. Banker & Company في العديد من الأشكال المختلفة: الفصول الدراسية
CASE_0247,786157,mixed,10,7645187,0.6331,0.6331,0,ar,يجب إكمال ما لا يقل عن ثلاثين (30) ساعة لكل من البائعين والمتقدمين للوسيط في دورة إلزامية تغطي قانون ترخيص العقارات في لويزيانا وقانون الوكالة وقواعد / لوائح المفوضية والقانون المدني المتعلق بالعقارات في لويزيانا. € šÃ' »التعليم» التعليم قبل الترخيص. يشير التعليم قبل الترخيص إلى الساعات المؤهلة التي
CASE_0247,828588,endpoint,1,2806212,0.5844,0.5844,0,ar,"""Linguine هي معكرونة إيطالية كلاسيكية يُقال إنها في الأصل من منطقة كامبانيا في البلاد. يمكن تهجئة المصطلح linguine أو linguini. الترجمة الإيطالية هي """"ألسنة صغيرة"""". هذا النوع من المعكرونة أصبح الآن شائعًا في الأطباق في جميع أنحاء العالم. معكرونة اللينجويني عريضة ومسطحة ورقيقة. بعض الأنواع لها سمك م"
CASE_0247,828588,endpoint,2,2806211,0.5369,0.5369,0,ar,نوع من المعكرونة في شرائح طويلة رفيعة ومسطحة. أصل اللينجويني. 1945-1950. 1945-50 ؛ <الإيطالية ، صيغة الجمع linguina ، تصغير لغة اللسان ؛ انظر -ine1. تعاريف القاموس البريطاني للينجويني.
CASE_0247,828588,endpoint,3,1693549,0.5313,0.5313,0,ar,لينجويني بصلصة الجوز. 1 1/4 كوب زيت زيتون بكر ممتاز. 2 3 فصوص من الثوم (شرائح رقيقة) 3 1/2 كوب بقسماط خبز محمص قاسي. 4 1 كوب جوز مفروم خشناً. 5 1 ملعقة كبيرة من رقائق الفلفل الأحمر الحار. 6 1 باوند لينجويني. 7 1/2 كوب بقدونس إيطالي مفروم خشناً. 8 1/2 كوب كاسيوكافالو مبشور طازجًا.
CASE_0247,828588,endpoint,4,943852,0.5288,0.5288,0,ar,تعريف LANGOSTINO. : أي من القشريات العديدة الصالحة للأكل (حسب جنس Pleuroncodes) التي تشبه أو تشبه الكركند الصغير أو الروبيان الكبير ؛ على وجه التحديد: لانجوستين. أي من القشريات العديدة الصالحة للأكل (حسب جنس Pleuroncodes) التي تشبه أو تشبه الكركند الصغير أو الروبيان الكبير ؛ على وجه التحديد: لانجوست
CASE_0247,828588,endpoint,5,2093972,0.5281,0.5281,0,ar,"تاريخ عائلة ليني اسم ليني يعني الإنجليزية: من اسم شخصي أنثوي قديم باللغة الإنجليزية Lindgifu ، Lindgeofu ، يتكون من عناصر lind ، أي à(إحساس منقول) + gifu ، geofu ¢ ""¢."
CASE_0247,828588,endpoint,6,1107210,0.5183,0.5183,0,ar,اسم Longin من أصل بولندي. معنى لونجين طويل. يستخدم Longin بشكل عام كاسم صبي. يتكون من 6 أحرف ومقطعين وضوحا Lon-gin.
CASE_0247,828588,endpoint,7,3451835,0.5076,0.5076,0,ar,المعكرونة المختارة للقذف بالمأكولات البحرية ، اللينجويني عبارة عن معكرونة رفيعة ومسطحة. يعتمد مقدار الوقت الذي يستغرقه طهي اللينجويني بشكل كبير على ما إذا كانت طازجة أو مجففة ، وبدرجة أقل على الشركة المصنعة. تُطهى المعكرونة الطازجة بعد دقيقتين من عودة الماء ليغلي. عندما تكون جاهزًا لطهي اللينجويني ا
CASE_0247,828588,endpoint,8,1927577,0.5016,0.5016,0,ar,نظرة عامة على إدخال القاموس: ماذا يعني اللجنين؟ ࢠLIGNIN (اسم) للاسم LIGNIN معنى واحد: 1. بوليمر معقد. المكون الرئيسي للخشب بخلاف الكربوهيدرات ؛ يرتبط بألياف السليلوز لتقوية وتقوية جدران خلايا النباتات.
CASE_0247,828588,endpoint,9,2538723,0.5003,0.5003,0,ar,لأنهم يقولون إن المعنى الآخر للكلمة السنسكريتية ¢ Lingaàهو الجنس بشكل عام والقضيب (العضو التناسلي الذكري) بشكل خاص. إنهم يعتقدون أن قاعدة اللينجام تتوافق مع اليوني التي تعني المهبل أو العضو التناسلي الأنثوي. أو يقولون أن المعنى الآخر للكلمة السنسكريتية Ã'Lingaà⠂هو الجنس بشكل عام والقضيب (العضو التنا
CASE_0247,828588,endpoint,10,8540751,0.5,0.5,0,ar,لينجويني الروبيان والفطر مع صلصة الأعشاب والجبن الكريمي. يتم غمر الجمبري المطبوخ وشرائح الفطر الطازج في الثوم المقلي والجبن الكريمي والبقدونس الطازج ورشة من الريحان. يُمزج مع linguini الساخن ويُقدم كمقبلات أنيقة أو طبق رئيسي.
CASE_0247,828588,mixed,1,2806212,0.6688,0.6688,0,ar,"""Linguine هي معكرونة إيطالية كلاسيكية يُقال إنها في الأصل من منطقة كامبانيا في البلاد. يمكن تهجئة المصطلح linguine أو linguini. الترجمة الإيطالية هي """"ألسنة صغيرة"""". هذا النوع من المعكرونة أصبح الآن شائعًا في الأطباق في جميع أنحاء العالم. معكرونة اللينجويني عريضة ومسطحة ورقيقة. بعض الأنواع لها سمك م"
CASE_0247,828588,mixed,2,2806207,0.5942,0.5942,1,ar,Linguine (/ lÃ⠀ â € â ؟؟؟؟؟؟؟؟؟؟؟؟؟؟؟؟؟؟؟؟؟؟؟؟؟؟؟؟؟؟؟؟؟؟؟؟؟؟؟؟؟؟؟؟؟؟؟؟؟؟؟؟؟؟؟؟؟؟؟؟؟؟؟؟؟؟؟؟؟؟؟؟؟؟؟؟؟؟؟؟ †) هو شكل من أشكال المعكرونة مثل فيتوتشيني و trenette ، ولكن الإهليلجية في المقطع بدلا من مسطحة. يبلغ عرضه حوالي 4 مليمترات (0.16 بوصة) ، وهو أعرض من السباغيتي ولكن ليس بعرض الفيتوتشيني. اسم lingui
CASE_0247,828588,mixed,3,2806211,0.5851,0.5851,0,ar,نوع من المعكرونة في شرائح طويلة رفيعة ومسطحة. أصل اللينجويني. 1945-1950. 1945-50 ؛ <الإيطالية ، صيغة الجمع linguina ، تصغير لغة اللسان ؛ انظر -ine1. تعاريف القاموس البريطاني للينجويني.
CASE_0247,828588,mixed,4,2093972,0.5851,0.5851,0,ar,"تاريخ عائلة ليني اسم ليني يعني الإنجليزية: من اسم شخصي أنثوي قديم باللغة الإنجليزية Lindgifu ، Lindgeofu ، يتكون من عناصر lind ، أي à(إحساس منقول) + gifu ، geofu ¢ ""¢."
CASE_0247,828588,mixed,5,8540751,0.5599,0.5599,0,ar,لينجويني الروبيان والفطر مع صلصة الأعشاب والجبن الكريمي. يتم غمر الجمبري المطبوخ وشرائح الفطر الطازج في الثوم المقلي والجبن الكريمي والبقدونس الطازج ورشة من الريحان. يُمزج مع linguini الساخن ويُقدم كمقبلات أنيقة أو طبق رئيسي.
CASE_0247,828588,mixed,6,1927577,0.5597,0.5597,0,ar,نظرة عامة على إدخال القاموس: ماذا يعني اللجنين؟ ࢠLIGNIN (اسم) للاسم LIGNIN معنى واحد: 1. بوليمر معقد. المكون الرئيسي للخشب بخلاف الكربوهيدرات ؛ يرتبط بألياف السليلوز لتقوية وتقوية جدران خلايا النباتات.
CASE_0247,828588,mixed,7,4729673,0.559,0.559,0,ar,اسم ليني هو اسم طفل انجليزي. معنى اسم ليني في اللغة الإنجليزية: اختصار ليونارد. اسم ليني هو اسم طفل أمريكي. في أمريكا ، معنى اسم ليني هو: اختصار ليونارد.
CASE_0247,828588,mixed,8,4428755,0.5524,0.5524,0,ar,معنى ليني. الاسم الألماني. في الألمانية ، اسم ليني يعني ضآلة ليونارد: هاردي أسد أو أسد جريء. القديس ليونارد هو شفيع السجناء. مشاهير حملة الموسيقى: الملحن / قائد الأوركسترا ليونارد بيرنشتاين ؛ فنان / عالم عصر النهضة الإيطالي ليوناردو دافنشي (في شكل إيطالي) .. أصول أخرى لاسم ليني تشمل الألمانية والاسك
CASE_0247,828588,mixed,9,1107210,0.5521,0.5521,0,ar,اسم Longin من أصل بولندي. معنى لونجين طويل. يستخدم Longin بشكل عام كاسم صبي. يتكون من 6 أحرف ومقطعين وضوحا Lon-gin.
CASE_0247,828588,mixed,10,943852,0.551,0.551,0,ar,تعريف LANGOSTINO. : أي من القشريات العديدة الصالحة للأكل (حسب جنس Pleuroncodes) التي تشبه أو تشبه الكركند الصغير أو الروبيان الكبير ؛ على وجه التحديد: لانجوستين. أي من القشريات العديدة الصالحة للأكل (حسب جنس Pleuroncodes) التي تشبه أو تشبه الكركند الصغير أو الروبيان الكبير ؛ على وجه التحديد: لانجوست
CASE_0247,830040,endpoint,1,5290422,0.7282,0.7282,0,ar,احفظ صيغة حجم الأسطوانة. لحساب حجم الأسطوانة ، يجب أن تعرف ارتفاعها ونصف قطر قاعدتها الدائرية (المسافة من مركز الدائرة إلى حافتها) في الأعلى والأسفل. الصيغة هي V = Ã €r2h ، حيث V هو الحجم ، و r هو نصف قطر القاعدة الدائرية ، و h الارتفاع ، و ÃA هو ثابت pi.
CASE_0247,830040,endpoint,2,3877753,0.7247,0.7247,0,ar,ستكون صفحة المعادلات الرياضية مفيدة لهذا السؤال. يجب عليك استخدام الصيغة المناسبة لحجم الأسطوانة ومعرفة أن نصف قطرها هو نصف القطر الموضح. بمجرد حساب الحجم ، تتم قسمة هذه الإجابة على 8000.
CASE_0247,830040,endpoint,3,7748646,0.7168,0.7168,0,ar,أوجد حجم الأسطوانة الموضح. تقريب لأدق سنتيمتر مكعب. حل. صيغة حجم الأسطوانة هي V = Bh أو V = Ã'Ã'r2h. نصف قطر الأسطوانة 8 سم وارتفاعها 15 سم. عوّض بـ 8 عن r و 15 عن h في الصيغة V = Ã €r2h.
CASE_0247,830040,endpoint,4,4840094,0.7164,0.7164,0,ar,صيغة حجم الاسطوانة هي pi * r ^ 2 * h. ثانيًا ، نظرنا إلى المخاريط ونحن نتغذى على الآيس كريم. صيغة حجم المخروط هي 1/3 * pi * r ^ 2 * h. أخيرًا ، نظرنا إلى الكرات ، مثل كرة السلة والكواكب. صيغة حجم الكرة هي 4/3 * pi * r ^ 3.
CASE_0247,830040,endpoint,5,4859632,0.7123,0.7123,0,ar,حجم صيغة الأسطوانة قاعدة إيجاد حجم الأسطوانة هي: الحجم = مساحة القاعدة (B) مضروبًا في الارتفاع (h) أو V = Bh وهذا يبدو بسيطًا بما فيه الكفاية ، وطالما أنت افهم أن B تساوي مساحة 1 من القواعد الدائرية. يمكنك أن ترى من هذا الرسم التخطيطي ، لقد حصلنا على ارتفاع (h) للأسطوانة - 6 '، وقطر القاعدة - 18'. ب
CASE_0247,830040,endpoint,6,7748642,0.7109,0.7109,0,ar,أوجد حجم الأسطوانة الموضح. تقريب لأدق سنتيمتر مكعب. الحل صيغة حجم الأسطوانة هي V = B h أو V = € r 2 h. نصف قطر الأسطوانة 8 سم وارتفاعها 15 سم. عوّض بـ 8 عن r و 15 عن h في الصيغة V = Ã € r 2 h.
CASE_0247,830040,endpoint,7,2247999,0.7073,0.7073,0,ar,صيغة حجم الأسطوانة هي Pi (R ^ 2) h. 3.14 * (1.5 ^ 2) * 600 بوصة = 4241. يبلغ حجم مقطع خمسين قدمًا من خرطوم 3 بوصات 4241 بوصة مكعبة تقريبًا. 4241 بوصة مكعبة تم تحويلها إلى جالونات سائلة أمريكية تبلغ حوالي 18.36 جالونًا لكل 50 قدمًا بطول 3 بوصات.
CASE_0247,830040,endpoint,8,1729733,0.7041,0.7041,0,ar,حجم الاسطوانة هو ساعة ، ومساحة سطحها 2 س + 2 ². تعرف على كيفية استخدام هذه الصيغ لحل مشكلة كمثال. حجم الاسطوانة هو ساعة ، ومساحة سطحها 2 س + 2 ². تعرف على كيفية استخدام هذه الصيغ لحل مشكلة كمثال. تم إنشاؤها بواسطة سال خان. لنجد حجم بعض الأشكال الأكثر صلابة ، وإذا كان لدينا وقت ، فقد نتمكن من حل بعض
CASE_0247,830040,endpoint,9,3557696,0.7031,0.7031,0,ar,"حجم آلة حاسبة الاسطوانة. سيساعدك الحجم التالي لآلة حاسبة الأسطوانة في إيجاد حجم أي أسطوانة عند إعطاء نصف القطر والارتفاع. فقط أدخل قيم نصف القطر والارتفاع واضغط على زر الحساب. تذكر أن صيغة الحصول على حجم الأسطوانات هي pi 'Ã'â € ""r 2 'Ã'â €"" h. مع pi = 3.141592653589793. لذلك ، يعتمد الحجم على حجم r"
CASE_0247,830040,endpoint,10,6325939,0.7019,0.7019,0,ar,وبالتالي فإن حجم الاسطوانة هو. الحجم = pi * (r) * h. وبالمثل ، فإن صيغة حجم الأسطوانة هي. الحجم = (1/3) * باي * (ص) * ح. أي أن حجم المخروط يساوي 1/3 حجم الأسطوانة التي لها نفس نصف القطر والارتفاع. الآن ، أعطيت حجمًا للأسطوانة ، لكن لا الطول ولا نصف القطر. يمكنك أن تكتب (للأسطوانة). 1353 سم = باي * (
CASE_0247,830040,mixed,1,7748643,0.6979,0.6979,0,ar,ما هي صيغة إيجاد مساحة الدائرة ولإيجاد حجم الأسطوانة؟ مساحة الدائرة = (pi) r2 [Areacircle = pi time the radius square.] حجم الأسطوانة = (pi) r2h [Volumecylinder = pi في مربع نصف القطر مضروبًا في الارتفاع.] (هذا ap ࢠÂ⠂ ¬Ã'¦ تطوى على أسطوانة دائرية قائمة. صيغة لإيجاد حجم نصف أسطوانة؟ V = (باي * نصف قط
CASE_0247,830040,mixed,2,2377847,0.6958,0.6958,1,ar,Areabase = pi r2 ثم اضرب ذلك في ارتفاع (h) الأسطوانة للحصول على الحجم. Volumecylinder = pi r2 h حجم الأسطوانة يساوي pi في مربع نصف قطر القاعدة مضروبًا في ارتفاع الأسطوانة. استخدم الرابط أدناه للحصول على مزيد من المعلومات وعرض مختلف قليلاً. لاحظ أيضًا أن هناك بعض الاختلافات في الموضوع فيما يتعلق بشكل
CASE_0247,830040,mixed,3,7829607,0.6955,0.6955,0,ar,Areabase = pi r2 ثم اضرب ذلك في ارتفاع (h) الأسطوانة للحصول على الحجم. Volumecylinder = pi r2 h حجم الأسطوانة يساوي pi في مربع نصف قطر القاعدة مضروبًا في ارتفاع الأسطوانة. استخدم الرابط أدناه للحصول على مزيد من المعلومات وعرض مختلف قليلاً.
CASE_0247,830040,mixed,4,5290422,0.694,0.694,0,ar,احفظ صيغة حجم الأسطوانة. لحساب حجم الأسطوانة ، يجب أن تعرف ارتفاعها ونصف قطر قاعدتها الدائرية (المسافة من مركز الدائرة إلى حافتها) في الأعلى والأسفل. الصيغة هي V = Ã €r2h ، حيث V هو الحجم ، و r هو نصف قطر القاعدة الدائرية ، و h الارتفاع ، و ÃA هو ثابت pi.
CASE_0247,830040,mixed,5,4859629,0.6806,0.6806,0,ar,Areabase = pi r2 ثم اضرب ذلك في ارتفاع (h) الأسطوانة للحصول على الحجم. Volumecylinder = pi r2 h حجم الأسطوانة هو pi في مربع نصف قطر القاعدة مضروبًا في ارتفاع الأسطوانة ، استخدم الرابط أدناه لمزيد من المعلومات وعرض مختلف قليلاً. القاعدة ضرب الارتفاع. إذا كنت تعرف نصف قطر القاعدة ، فسيكون Pi في مربع ن
CASE_0247,830040,mixed,6,2321340,0.6795,0.6795,0,ar,تريد استخدام معادلة بالصيغة: الكتلة = الكثافة * الحجم. يمكن حساب حجم الأسطوانة باستخدام: V = pi * radius ^ 2 * length. (حيث pi ~ = 3.1416). وتكون كثافة الفولاذ ثابتة إلى حد ما ، عند 7850 كجم / م ^ 3. تريد استخدام معادلة بالصيغة: الكتلة = الكثافة * الحجم. يمكن حساب حجم الأسطوانة باستخدام: V = pi * ra
CASE_0247,830040,mixed,7,5132252,0.6777,0.6777,0,ar,على سبيل المثال ، يمكن العثور على حجم الأسطوانة من خلال المعادلة V = pi * r ^ 2 * h ، حيث r هو نصف قطر نهاية الأسطوانة و h هو ارتفاع الأسطوانة. حجم الكرة هو V = (4/3) * pi * r ^ 3 ، حيث r هو نصف قطر الكرة. أسئلة ذات صلة.
CASE_0247,830040,mixed,8,3877753,0.6776,0.6776,0,ar,ستكون صفحة المعادلات الرياضية مفيدة لهذا السؤال. يجب عليك استخدام الصيغة المناسبة لحجم الأسطوانة ومعرفة أن نصف قطرها هو نصف القطر الموضح. بمجرد حساب الحجم ، تتم قسمة هذه الإجابة على 8000.
CASE_0247,830040,mixed,9,1729728,0.6717,0.6717,0,ar,استخدم معادلة حجم الأسطوانة كما هو موضح أدناه. الحجم = Π* (r) 2 (h) الحجم = Π* (3) 2 (5) = 45 ÃŽÂÂ
CASE_0247,830040,mixed,10,7748646,0.6711,0.6711,0,ar,أوجد حجم الأسطوانة الموضح. تقريب لأدق سنتيمتر مكعب. حل. صيغة حجم الأسطوانة هي V = Bh أو V = Ã'Ã'r2h. نصف قطر الأسطوانة 8 سم وارتفاعها 15 سم. عوّض بـ 8 عن r و 15 عن h في الصيغة V = Ã €r2h.
CASE_0247,872081,endpoint,1,4192935,0.6683,0.6683,0,ar,تتضمن اللغة التي يتحدث بها التوابع كلمات من الفرنسية والإنجليزية والإسبانية والهندية وبعض اللغات الأخرى. اسم لغة التوابع هو Minionese. هذه ليست لغة كاملة. انها مجرد خلق للفيلم الحقير لي. لذلك ، لا يوجد شيء لنتعلمه.
CASE_0247,872081,endpoint,2,4423572,0.6524,0.6524,0,ar,تتضمن اللغة التي يتحدث بها التوابع كلمات من الفرنسية والإنجليزية والإسبانية والهندية وبعض اللغات الأخرى. اسم لغة التوابع هو Minionese. هذه ليست لغة كاملة. انها مجرد خلق للفيلم الحقير لي. لذلك ، لا يوجد شيء لنتعلمه. ولكن ، يمكنك على الأقل أن تتعلم بعض مصطلحات التوابع ويمكنك أن تتحدث معهم وتكوين بعض ا
CASE_0247,872081,endpoint,3,62309,0.5864,0.5864,0,ar,كل شيء عن التوابع مذهل حتى ضحك العميل. تمامًا مثل مظهرهم ولغتهم وأغنيتهم ​​، يضحك العميل أيضًا ... يريد كل معجب مينيون معرفة لغة التوابع الحقيرة لي ، بالضبط ما هي اللغة التي يتحدثون بها.
CASE_0247,872081,endpoint,4,4118633,0.579,0.579,0,ar,قدم تحت: Despicable Me ، Despicable Me 2 ، لغة ، لغات ، التوابع ، يتكلم ، ستيف كاريل ، التوابع ، ماذا يتحدثون ، ما هي اللغة التي يتحدث بها التوابع. (تصوير ستيفن لوفكين / غيتي إيماجز)
CASE_0247,872081,endpoint,5,4118631,0.5775,0.5775,0,ar,"""ما اللغة التي يتحدث بها التوابع؟ هل أحببت àâ حقير €Ã؟ هل تخطط لرؤية المتسابقين العرضيين ، """"التوابع ،"""" عندما يخرج هذا الصيف؟ إذا كنت تحب التوابع في أفلام ¢ â ""Despicable Meàبقدر ما نحبها ، فربما تكون فضوليًا ربما لمعرفة ما الذي يقولون. لحسن الحظ ، وجدنا مقطع فيديو ظهر في وقت قريب من إصدار الفيلم ا"
CASE_0247,872081,endpoint,6,7793311,0.548,0.548,0,ar,ما هي اللغة التي يتحدث بها التوابع لغة التوابع مع نجاح Despicable Me (2010) و Despicable Me 2 (2013) ، ترك التوابع انطباعًا دائمًا في قلب ملايين المعجبين حول العالم. أثارت مقدمة المسلسل ، Minions (2015) الفضول في أذهان المعجبين بسبب تنوع اللغات التي يتحدث بها التوابع.
CASE_0247,872081,endpoint,7,4279541,0.5367,0.5367,0,ar,Iyaric أو Livalect أو Dread-talk أو I-talk هي لهجة إنجليزية مستخدمة بين أعضاء حركة Rastafari. فقدت اللغات الأفريقية بين الأفارقة عندما تم أسرهم كجزء من تجارة الرقيق ، وأتباع التعاليم الراستافارية يعتقدون أن اللغة الإنجليزية هي لغة استعمارية مفروضة ، يختار البعض إن لم يكن معظم الراستافاريين عدم استخد
CASE_0247,872081,endpoint,8,3904938,0.5355,0.5355,0,ar,حقير مع سنوات من الممارسة. الاختلاف هو الاسم. Sasquatch هو اسم اللغة الأم و bigfoot هو الاسم الإنجليزي. تشير الأسماء المحلية الأخرى مثل Skunk Ape إلى نفس التشفير. 16 شخصًا وجدوا هذا مفيدًا.
CASE_0247,872081,endpoint,9,4118632,0.5329,0.5329,0,ar,تشمل لغة التوابع الفرنسية والإسبانية ومراجع الطعام. في تقديم صوت التوابع ، يستخدم Coffin كلمات من لغات تشمل الفرنسية والإنجليزية والإسبانية والإيطالية. ¢ هناك الكثير من المراجع الغذائية ، أضاف Renaud. 3. الأتباع يأخذون منعطفًا شريرًا في Despicable Me 2.
CASE_0247,872081,endpoint,10,1920847,0.531,0.531,0,ar,حقير مع سنوات من الممارسة. البنغالية ، أو البنغالية ، هي اللغة الرسمية. اللغة الإنجليزية هي أيضًا لغة شائعة الاستخدام خاصة بين الطبقات المتوسطة والعليا. 5 أشخاص وجدوا هذا مفيدًا.
CASE_0247,872081,mixed,1,4192935,0.6838,0.6838,0,ar,تتضمن اللغة التي يتحدث بها التوابع كلمات من الفرنسية والإنجليزية والإسبانية والهندية وبعض اللغات الأخرى. اسم لغة التوابع هو Minionese. هذه ليست لغة كاملة. انها مجرد خلق للفيلم الحقير لي. لذلك ، لا يوجد شيء لنتعلمه.
CASE_0247,872081,mixed,2,4724666,0.6681,0.6681,1,ar,مترجم الكلام مينيون. تحويل من الإنجليزية إلى يتحدث المينيون. هذه اللغة يتحدث بها التوابع في Despicable Me. اللغة هي في الواقع الكثير من اللغات. يي كاي ياي ياي الموز! Minion هي علامة تجارية مسجلة لشركة Universal Studios.
CASE_0247,872081,mixed,3,4423572,0.6564,0.6564,0,ar,تتضمن اللغة التي يتحدث بها التوابع كلمات من الفرنسية والإنجليزية والإسبانية والهندية وبعض اللغات الأخرى. اسم لغة التوابع هو Minionese. هذه ليست لغة كاملة. انها مجرد خلق للفيلم الحقير لي. لذلك ، لا يوجد شيء لنتعلمه. ولكن ، يمكنك على الأقل أن تتعلم بعض مصطلحات التوابع ويمكنك أن تتحدث معهم وتكوين بعض ا
CASE_0247,872081,mixed,4,7793311,0.6526,0.6526,0,ar,ما هي اللغة التي يتحدث بها التوابع لغة التوابع مع نجاح Despicable Me (2010) و Despicable Me 2 (2013) ، ترك التوابع انطباعًا دائمًا في قلب ملايين المعجبين حول العالم. أثارت مقدمة المسلسل ، Minions (2015) الفضول في أذهان المعجبين بسبب تنوع اللغات التي يتحدث بها التوابع.
CASE_0247,872081,mixed,5,4724664,0.6369,0.6369,0,ar,لغة المينيون هي مزيج من الفرنسية والإسبانية والإنجليزية والمراجع الغذائية. أخيرًا بدأت الشخصيات المحبوبة من Despicable Me في إخراج الفيلم. نحن جميعًا ننتظر العرض الأول بفارغ الصبر ، ومع ذلك ، لا يزال يتعين علينا معرفة اللغة التي يتحدثون بها.
CASE_0247,872081,mixed,6,4118633,0.6363,0.6363,0,ar,قدم تحت: Despicable Me ، Despicable Me 2 ، لغة ، لغات ، التوابع ، يتكلم ، ستيف كاريل ، التوابع ، ماذا يتحدثون ، ما هي اللغة التي يتحدث بها التوابع. (تصوير ستيفن لوفكين / غيتي إيماجز)
CASE_0247,872081,mixed,7,4192930,0.6327,0.6327,0,ar,لغة المينيون هي مزيج من الفرنسية والإسبانية والإنجليزية والمراجع الغذائية. الشخصيات المحبوبة من فيلم Despicable Meà€à أصبحوا أخيرًا ينفصلون عن الفيلم. نحن جميعًا ننتظر بفارغ الصبر العرض الأول ، ومع ذلك ، لا يزال يتعين علينا معرفة اللغة التي يتحدثون بها.
CASE_0247,872081,mixed,8,2398602,0.6197,0.6197,0,ar,مع كل الضجيج حول Despicable Me 2 ، قررت استكشاف لغة المينيون واكتشاف كيف بدأ المخرج الفرنسي بيير كوفين في إنشاء لغة المينيون. في Despicable Me 1 و 2 ، يقوم Coffin بأداء أصوات معظم التوابع ، باللغتين الإنجليزية والعديد من اللغات الأخرى حيث قام بالدبلجة.
CASE_0247,872081,mixed,9,4724661,0.6141,0.6141,0,ar,ما اللغة التي يتحدث بها التوابع؟ لدى المينيون فيلمهم الخاص الآن ، ولكن قبل عام 2015 ، لعبوا دور البطولة إلى جانب الشرير المحبوب Gru في سلسلة أفلام Despicable Me. مثل جميع كبار الممثلين ، يقدم Minions العديد من الاقتباسات التي يحب المعجبون تكرارها.
CASE_0247,872081,mixed,10,7793315,0.6121,0.6121,0,ar,مثل أي شخص آخر ، أحب المينيون في أفلام Despicable Me ، لكن بصفتي شخصًا يحب اللغة أيضًا ، تساءلت عن لغة Minions. هل هذا حقيقي أم أنه هراء؟ استعانت بعض الأفلام بعلماء لغويين لبناء لغات جديدة: استأجر منتجو الصور الرمزية لغويًا لبناء لغة Na'vi.
CASE_0247,1087185,endpoint,1,2151067,0.6689,0.6689,0,ar,فوائد الطاقة النووية. تتمثل إحدى الميزات الرائعة للطاقة النووية في أنها طاقة خالية من الانبعاثات. نظرًا لأن محطات الطاقة النووية تستخدم القليل جدًا من الوقود ، فإن حجم النفايات النووية أصغر بكثير من حجم النفايات من محطات الطاقة التي تعمل بالوقود الأحفوري. على الرغم من أن النفايات النووية مشعة ، إلا
CASE_0247,1087185,endpoint,2,5139585,0.6659,0.6659,0,ar,فوائد الطاقة النووية. تتمثل إحدى الميزات الرائعة للطاقة النووية في أنها طاقة خالية من الانبعاثات. نظرًا لأن محطات الطاقة النووية تستخدم القليل جدًا من الوقود ، فإن حجم النفايات النووية أصغر بكثير من حجم النفايات من محطات الطاقة التي تعمل بالوقود الأحفوري ، وعلى الرغم من أن النفايات النووية مشعة ، إل
CASE_0247,1087185,endpoint,3,5199528,0.6609,0.6609,0,ar,تتمثل إحدى الميزات الرائعة للطاقة النووية في أنها طاقة خالية من الانبعاثات. نظرًا لأن محطات الطاقة النووية تستخدم القليل جدًا من الوقود ، فإن حجم النفايات النووية أصغر بكثير من حجم النفايات من محطات الطاقة التي تعمل بالوقود الأحفوري ، وعلى الرغم من أن النفايات النووية مشعة ، إلا أن حجمها الصغير يتيح
CASE_0247,1087185,endpoint,4,7897113,0.6572,0.6572,0,ar,تتمثل إحدى الميزات الرائعة للطاقة النووية في أنها طاقة خالية من الانبعاثات. نظرًا لأن محطات الطاقة النووية تستخدم القليل جدًا من الوقود ، فإن حجم النفايات النووية أصغر بكثير من حجم النفايات من محطات الطاقة التي تعمل بالوقود الأحفوري. على الرغم من أن النفايات النووية مشعة ، إلا أن حجمها الصغير يتيح إ
CASE_0247,1087185,endpoint,5,7103898,0.6522,0.6522,1,ar,لم تكن مدافن النفايات موقعًا جميلًا على الإطلاق ، كما أنها تؤدي إلى ظهور الكثير من الآفات والحشرات. ستبدو محطة الحرق مثل أي هيكل صناعي آخر. تتمتع محطات حرق النفايات إلى طاقة (WTE) بميزة كبيرة حيث يمكنها إنتاج الكهرباء والتي يمكن أن تساعد على المدى الطويل في تقليل التكاليف. يمكن لمحرقة سعة 250 طنًا ف
CASE_0247,1087185,endpoint,6,726193,0.6335,0.6335,0,ar,من خلال الإشادة بتحويل النفايات إلى طاقة لقدرتها على تقليل حجم النفايات بطريقة صديقة للبيئة ، وتوليد طاقة قيمة ، وتقليل انبعاثات غازات الاحتباس الحراري ، تعتمد الدول الأوروبية على تحويل النفايات إلى طاقة كأسلوب مفضل للتخلص من النفايات. أدى الاستخدام المتزايد لتحويل النفايات إلى طاقة كطريقة للتخلص من
CASE_0247,1087185,endpoint,7,315363,0.6279,0.6279,0,ar,تحويل النفايات إلى طاقة تحويل النفايات إلى طاقة (WtE) أو الطاقة من النفايات (EfW) هي عملية توليد الطاقة على شكل كهرباء و / أو حرارة من المعالجة الأولية للنفايات.
CASE_0247,1087185,endpoint,8,949052,0.6211,0.6211,0,ar,فوائد بيئية. الفوائد البيئية لتوليد طاقة الكتلة الحيوية - باستخدام وقود الكتلة الحيوية - واضحة. من خلال استخدام مواد النفايات للوقود في محطات الطاقة الخضراء لدينا ، فإننا نمنع تلك النفايات من إثقال كاهل مكبات النفايات لدينا بشكل أكبر ، أو تركها تتحلل على أرضية الغابة أو قطعة أرض حضرية. - التي تشكل ح
CASE_0247,1087185,endpoint,9,7103899,0.6206,0.6206,0,ar,وأظهرت الدراسة أيضًا أن تحويل النفايات إلى طاقة له فوائد بيئية مقارنة بمدافن النفايات النموذجية التي تجمع وتحرق غاز المكبات. علاوة على ذلك ، فإن الفوائد البيئية تكون أكثر أهمية عندما يطبق الباحثون نهجًا على النفايات التي كان من الممكن أن يتم نقلها إلى مقالب القمامة الأصغر التي تجمع كميات أقل من المي
CASE_0247,1087185,endpoint,10,8326244,0.6011,0.6011,0,ar,الطاقة من النفايات داخل التسلسل الهرمي للنفايات. ترى الحكومة دورًا طويل المدى للطاقة من النفايات على أنها نفايات. أداة إدارة وكمصدر للطاقة. لتكون منسجمة مع المبدأ الأول هذا. يجب أن يعتمد الدور طويل المدى على الطاقة من النفايات التي تشكل على الأقل استردادًا.
CASE_0247,1087185,mixed,1,7103898,0.6719,0.6719,1,ar,لم تكن مدافن النفايات موقعًا جميلًا على الإطلاق ، كما أنها تؤدي إلى ظهور الكثير من الآفات والحشرات. ستبدو محطة الحرق مثل أي هيكل صناعي آخر. تتمتع محطات حرق النفايات إلى طاقة (WTE) بميزة كبيرة حيث يمكنها إنتاج الكهرباء والتي يمكن أن تساعد على المدى الطويل في تقليل التكاليف. يمكن لمحرقة سعة 250 طنًا ف
CASE_0247,1087185,mixed,2,2151067,0.6629,0.6629,0,ar,فوائد الطاقة النووية. تتمثل إحدى الميزات الرائعة للطاقة النووية في أنها طاقة خالية من الانبعاثات. نظرًا لأن محطات الطاقة النووية تستخدم القليل جدًا من الوقود ، فإن حجم النفايات النووية أصغر بكثير من حجم النفايات من محطات الطاقة التي تعمل بالوقود الأحفوري. على الرغم من أن النفايات النووية مشعة ، إلا
CASE_0247,1087185,mixed,3,5139585,0.6575,0.6575,0,ar,فوائد الطاقة النووية. تتمثل إحدى الميزات الرائعة للطاقة النووية في أنها طاقة خالية من الانبعاثات. نظرًا لأن محطات الطاقة النووية تستخدم القليل جدًا من الوقود ، فإن حجم النفايات النووية أصغر بكثير من حجم النفايات من محطات الطاقة التي تعمل بالوقود الأحفوري ، وعلى الرغم من أن النفايات النووية مشعة ، إل
CASE_0247,1087185,mixed,4,7103899,0.6529,0.6529,0,ar,وأظهرت الدراسة أيضًا أن تحويل النفايات إلى طاقة له فوائد بيئية مقارنة بمدافن النفايات النموذجية التي تجمع وتحرق غاز المكبات. علاوة على ذلك ، فإن الفوائد البيئية تكون أكثر أهمية عندما يطبق الباحثون نهجًا على النفايات التي كان من الممكن أن يتم نقلها إلى مقالب القمامة الأصغر التي تجمع كميات أقل من المي
CASE_0247,1087185,mixed,5,7103901,0.641,0.641,0,ar,لاحظت دراسة ليو أنه يمكننا جمع نفايات المواد الخام باستخدام البنية التحتية الحالية للجمع والفصل ، مما يقلل من تكلفة الطاقة الناتجة عن النفايات. بالإضافة إلى ذلك ، تتوفر نفايات المواد الأولية بأسعار منخفضة أو حتى سلبية إذا أخذ المرء في الاعتبار رسوم البقشيش ، وفقًا لتقرير حديث لوزارة الطاقة. (رسوم ال
CASE_0247,1087185,mixed,6,949052,0.6386,0.6386,0,ar,فوائد بيئية. الفوائد البيئية لتوليد طاقة الكتلة الحيوية - باستخدام وقود الكتلة الحيوية - واضحة. من خلال استخدام مواد النفايات للوقود في محطات الطاقة الخضراء لدينا ، فإننا نمنع تلك النفايات من إثقال كاهل مكبات النفايات لدينا بشكل أكبر ، أو تركها تتحلل على أرضية الغابة أو قطعة أرض حضرية. - التي تشكل ح
CASE_0247,1087185,mixed,7,5199528,0.6338,0.6338,0,ar,تتمثل إحدى الميزات الرائعة للطاقة النووية في أنها طاقة خالية من الانبعاثات. نظرًا لأن محطات الطاقة النووية تستخدم القليل جدًا من الوقود ، فإن حجم النفايات النووية أصغر بكثير من حجم النفايات من محطات الطاقة التي تعمل بالوقود الأحفوري ، وعلى الرغم من أن النفايات النووية مشعة ، إلا أن حجمها الصغير يتيح
CASE_0247,1087185,mixed,8,726193,0.6295,0.6295,0,ar,من خلال الإشادة بتحويل النفايات إلى طاقة لقدرتها على تقليل حجم النفايات بطريقة صديقة للبيئة ، وتوليد طاقة قيمة ، وتقليل انبعاثات غازات الاحتباس الحراري ، تعتمد الدول الأوروبية على تحويل النفايات إلى طاقة كأسلوب مفضل للتخلص من النفايات. أدى الاستخدام المتزايد لتحويل النفايات إلى طاقة كطريقة للتخلص من
CASE_0247,1087185,mixed,9,7897113,0.6285,0.6285,0,ar,تتمثل إحدى الميزات الرائعة للطاقة النووية في أنها طاقة خالية من الانبعاثات. نظرًا لأن محطات الطاقة النووية تستخدم القليل جدًا من الوقود ، فإن حجم النفايات النووية أصغر بكثير من حجم النفايات من محطات الطاقة التي تعمل بالوقود الأحفوري. على الرغم من أن النفايات النووية مشعة ، إلا أن حجمها الصغير يتيح إ
CASE_0247,1087185,mixed,10,5897158,0.6196,0.6196,0,ar,فوائد التخفيض وإعادة الاستخدام. يمنع التلوث الناجم عن تقليل الحاجة إلى حصاد مواد أولية جديدة. يوفر الطاقة. يقلل من انبعاثات غازات الاحتباس الحراري التي تساهم في تغير المناخ العالمي. يساعد في الحفاظ على البيئة للأجيال القادمة.
CASE_0247,697983,endpoint,1,2929354,0.5546,0.5546,0,ar,إذا كان حكام مجلس الإدارة المدار ذ.
CASE_0247,697983,endpoint,2,813538,0.5541,0.5541,0,ar,أصدر مجلس إدارة وكالة مياه الصحراء قرارًا يلتزم بالإدارة المستدامة لموارد المياه الجوفية ضمن ولايتها ويدعو جميع العملاء إلى تحقيق تخفيضات إضافية في الحفاظ على المياه.
CASE_0247,697983,endpoint,3,7429070,0.5461,0.5461,0,ar,أبلغت شركة Nectar Lifesciences Ltd BSE أن مجلس إدارة الشركة في اجتماعه المنعقد في 29 مايو 2015 ، أوصى بنسبة 10 ٪ من الأرباح النهائية ، أي Re. 0.10 / - لكل سهم من حقوق المساهمين لأعضاء الشركة من أرباح الشركة للسنة المالية 2014-2015 ، مع مراعاة ...
CASE_0247,697983,endpoint,4,7475434,0.5417,0.5417,0,ar,الهدف من قرار مجلس الإدارة هو معالجة قضية محددة يحتاج المجلس لاتخاذ قرار بشأنها. يتم توثيق القرار الرسمي بناءً على قرار مجلس الإدارة أو قرار مجلس الإدارة. يمكن أن يكون هذا أي شيء من إعادة تصميم الشعار إلى تبديل البائعين الحراس. الهدف من قرار مجلس الإدارة هو معالجة مشكلة معينة يحتاج المجلس لاتخاذ قرا
CASE_0247,697983,endpoint,5,7535285,0.5414,0.5414,1,ar,بشكل عام ، فإن القرار الصادر عن مجلس الإدارة في أي منظمة لديها مجلس إدارة ، هو الإعلان عن خطة عمل أو عدم اتخاذ إجراء بشأن مسألة مهمة. على سبيل المثال ، قد يقرر مجلس الإدارة في مستشفى كبير إنشاء جناح خاص لسرطان الأطفال.
CASE_0247,697983,endpoint,6,4217063,0.5399,0.5399,0,ar,شهادة قرار الشركة. _____________________________________ ، إحدى شركات كاليفورنيا. تم عقد اجتماع مجلس الإدارة حسب الأصول وبشكل منتظم في يوم _____ من. ________________ ، 2011 ، التي حضرها جميع أعضاء مجلس إدارة. مديرو الشركة المذكورة: تم إعطاء الإخطار المناسب والسليم والغرض والدعوة للاجتماع المذكور.
CASE_0247,697983,endpoint,7,4553042,0.5288,0.5288,0,ar,أبلغت Mirza International Ltd BSE أن مجلس إدارة الشركة في اجتماعه المنعقد في 24 مايو 2014 ، من بين أمور أخرى ، أوصى بتوزيع أرباح Re. 0.50 (25٪) لكل سهم من حقوق الملكية بقيمة روبية. 2 / - كل للسنة المنتهية في 31 مارس 2014 مجمعةً إلى روبية.
CASE_0247,697983,endpoint,8,1649080,0.5244,0.5244,0,ar,يتألف مجلس الإدارة مما لا يقل عن خمسة مديرين مع تحديد العدد في كل اجتماع سنوي بتصويت المساهمين.
CASE_0247,697983,endpoint,9,6414448,0.5204,0.5204,0,ar,غالبية أعضاء مجلس الإدارة يصوتون على إقالة الرئيس التنفيذي. يصوت المساهمون (51٪ منهم الرئيس التنفيذي) لمجلس إدارة جديد ، لتحل محل سابقيها. مجلس الإدارة الجديد يعيد تعيين الرئيس التنفيذي القديم.
CASE_0247,697983,endpoint,10,4329924,0.5197,0.5197,0,ar,أعلنت شركة AbbVie أن مجلس إدارتها قد وافق على خطة إعادة شراء الأسهم يوم الأحد ، 9 أبريل 2017 ، والتي تسمح للشركة بإعادة شراء 5،000،000،000.00 دولارًا من الأسهم ، وفقًا لـ EventVestor. يسمح ترخيص إعادة الشراء هذا للشركة بإعادة شراء ما يصل إلى 5٪ من أسهمها من خلال عمليات الشراء في السوق المفتوحة.
CASE_0247,697983,mixed,1,7535285,0.618,0.618,1,ar,بشكل عام ، فإن القرار الصادر عن مجلس الإدارة في أي منظمة لديها مجلس إدارة ، هو الإعلان عن خطة عمل أو عدم اتخاذ إجراء بشأن مسألة مهمة. على سبيل المثال ، قد يقرر مجلس الإدارة في مستشفى كبير إنشاء جناح خاص لسرطان الأطفال.
CASE_0247,697983,mixed,2,7475434,0.616,0.616,0,ar,الهدف من قرار مجلس الإدارة هو معالجة قضية محددة يحتاج المجلس لاتخاذ قرار بشأنها. يتم توثيق القرار الرسمي بناءً على قرار مجلس الإدارة أو قرار مجلس الإدارة. يمكن أن يكون هذا أي شيء من إعادة تصميم الشعار إلى تبديل البائعين الحراس. الهدف من قرار مجلس الإدارة هو معالجة مشكلة معينة يحتاج المجلس لاتخاذ قرا
CASE_0247,697983,mixed,3,2929354,0.5869,0.5869,0,ar,إذا كان حكام مجلس الإدارة المدار ذ.
CASE_0247,697983,mixed,4,4217063,0.5799,0.5799,0,ar,شهادة قرار الشركة. _____________________________________ ، إحدى شركات كاليفورنيا. تم عقد اجتماع مجلس الإدارة حسب الأصول وبشكل منتظم في يوم _____ من. ________________ ، 2011 ، التي حضرها جميع أعضاء مجلس إدارة. مديرو الشركة المذكورة: تم إعطاء الإخطار المناسب والسليم والغرض والدعوة للاجتماع المذكور.
CASE_0247,697983,mixed,5,7535290,0.5745,0.5745,0,ar,الإجابة: لا تعيش الشركة إلا من خلال إجراءات مجلس إدارتها ، حيث تقوم بإصدار أصوات أو قرارات لتمكين المسؤولين والموظفين الآخرين من إدارة الأعمال. قرار مجلس الإدارة هو الوثائق التي تثبت أن الشركة تدار وفقًا للقوانين والميثاق واللوائح ، وفي حدود الاختصاص العادي لأعضاء مجلس الإدارة.
CASE_0247,697983,mixed,6,7076504,0.5694,0.5694,0,ar,الإجابات. أفضل إجابة: إذا كانت الشركة شركة عامة ، فيجب عليها بموجب القانون أن يكون لها مجلس إدارة. هؤلاء هم الأشخاص الذين يضعون أهداف الشركة ويحددون الإستراتيجية لتحقيق تلك الأهداف ، ويتم انتخاب مجلس الإدارة من قبل المساهمين في الشركة في اجتماع الجمعية العمومية ، ويجب إعادة انتخاب كل عضو كل ثلاث سنو
CASE_0247,697983,mixed,7,1468646,0.5688,0.5688,0,ar,القرار هو مستند مكتوب يصف بعض الإجراءات التي يتخذها مالكو الشركة أو مديروها. يتعين على الشركات بموجب قانون الولاية اتخاذ قرارات ، يتم إعدادها بشكل روتيني فيما يتعلق بإجراءات مجلس الإدارة وأحيانًا فيما يتعلق بإجراءات المساهمين. على الرغم من أن القانون لا يشترط على شركة ذات مسؤولية محدودة اتخاذ قرارات
CASE_0247,697983,mixed,8,229852,0.5674,0.5674,0,ar,وجدت هذا مفيدًا. فوتوديسك / فوتوديسك / جيتي إيماجيس. قرار الشركة هو سجل رسمي للإجراءات التي اتخذها مجلس إدارة الشركة ، وعادة ما يكون في شكل وثيقة موقعة. قرار الشركة هو سجل رسمي للإجراءات التي يتخذها مجلس إدارة الشركة ، وعادة ما يكون ذلك في شكل وثيقة موقعة. يقرأ الآخرون.
CASE_0247,697983,mixed,9,3319766,0.5666,0.5666,0,ar,(ديسمبر 2010) قرار الشركة هو إجراء مؤسسي ، أحيانًا في شكل مستند قانوني ، سيتم التصويت عليه أو تم التصويت عليه في اجتماع مجلس إدارة شركة. يمكن أن يكون القرار أيضًا في شكل إجراء شركة له نفس التأثير الملزم كإجراء تم اتخاذه في اجتماع يُدعى حسب الأصول.
CASE_0247,697983,mixed,10,229854,0.5621,0.5621,0,ar,نصائح. هناك نوعان من قرارات الشركات - تلك التي توثق للسجلات الداخلية تفاصيل القرارات التي يتخذها مجلس الإدارة وتلك التي تطلبها البنوك والكيانات الخارجية الأخرى لمعاملات تجارية محددة. عادة ما تكون مطلوبة لفتح حسابات مصرفية وتنفيذ العقود وتأجير المعدات أو المرافق. الخطوة 1. حدد ، في أعلى الصفحة ، الهي
CASE_0247,820161,endpoint,1,5958263,0.6935,0.6935,0,ar,يبلغ الارتفاع الإجمالي للبيت الأبيض (إلى أعلى السطح) 70 قدمًا في الجنوب و 60 قدمًا و 4 بوصات في الشمال ؛ تبلغ الواجهة (درجة العشب إلى الحاجز) 60 قدمًا في الجنوب (العشب على ارتفاع 54 قدمًا فوق مستوى سطح البحر) و 50 قدمًا و 4 بوصات في الشمال. يحيط سور البيت الأبيض 18 فدانا من الأرض.
CASE_0247,820161,endpoint,2,1693676,0.6786,0.6786,0,ar,يبلغ الارتفاع الإجمالي للبيت الأبيض (إلى أعلى السطح) 70 قدمًا في الجنوب و 60 قدمًا و 4 بوصات في الشمال ؛ يبلغ ارتفاع façade (درجة العشب إلى الحاجز) 60 قدمًا في الجنوب (العشب على ارتفاع 54 قدمًا فوق مستوى سطح البحر) و 50 قدمًا و 4 بوصات في الشمال.
CASE_0247,820161,endpoint,3,5979702,0.6765,0.6765,0,ar,يبلغ طول البيت الأبيض 168 قدمًا (51.2 مترًا). يبلغ عرض البيت الأبيض 85 قدما و 6 بوصات (26.1 مترا) بدون أروقة. 152 قدما مع أروقة. يبلغ الارتفاع الإجمالي للبيت الأبيض (إلى أعلى السطح) 70 قدمًا في الجنوب و 60 قدمًا و 4 بوصات في الشمال ؛ يبلغ ارتفاع fa'§ade (درجة العشب إلى الحاجز) 60 قدمًا في الجنوب (ال
CASE_0247,820161,endpoint,4,5979704,0.6745,0.6745,0,ar,يبلغ طول البيت الأبيض 168 قدمًا (51.2 مترًا) ويبلغ عرض البيت الأبيض 85 قدمًا و 6 بوصات (26.1 مترًا) بدون أروقة ؛ 152 قدما مع أروقة. يبلغ الارتفاع الإجمالي للبيت الأبيض (إلى أعلى السطح) 70 قدمًا في الجنوب و 60 قدمًا و 4 بوصات في الشمال ؛ يبلغ ارتفاع fa'§ade (درجة العشب إلى الحاجز) 60 قدمًا في الجنوب
CASE_0247,820161,endpoint,5,7927399,0.6676,0.6676,0,ar,أفضل إجابة: يبلغ طول البيت الأبيض 168 قدمًا (51.2 مترًا). يبلغ عرض البيت الأبيض 85 قدمًا و 6 بوصات (26.1 مترًا) بدون أروقة ؛ 152 قدما مع أروقة. يبلغ الارتفاع الإجمالي للبيت الأبيض (إلى أعلى السطح) 70 قدمًا في الجنوب و 60 قدمًا و 4 بوصات في الشمال ؛ يبلغ ارتفاع façade (درجة العشب إلى الحاجز) 60 قدمًا
CASE_0247,820161,endpoint,6,6346386,0.6546,0.6546,0,ar,وفقًا لخدمة المتنزهات الوطنية ، يبلغ الارتفاع الرسمي لنصب واشنطن 555 قدمًا و 5 بوصات (169.294 م).
CASE_0247,820161,endpoint,7,8682706,0.6479,0.6479,0,ar,نصب واشنطن لا يبلغ ارتفاعه 666 قدمًا. يحتاج الناس إلى إعادة التحقق من الحقائق قبل الجري بالمعلومات. يبلغ عمق الأساس في الواقع 36 قدمًا و 10 بوصات كما ورد في Wikipedia.org ويبلغ الارتفاع الرسمي 555 قدمًا 5-1 / 8 بوصات كما ورد في موقع National Park Service على الويب ، وبالتالي فإن الارتفاع الإجمالي سي
CASE_0247,820161,endpoint,8,6346388,0.6452,0.6452,0,ar,يبلغ ارتفاع قاعدة المسلة في نصب واشنطن 55 قدمًا و 1 بوصة (16.8 مترًا). يتناقص التدريجي إلى الحد الأقصى ، الذي يبلغ طوله 0.91 مترًا. قمة الألومنيوم لها قاعدة مربعة من 5.6 بوصة (14 سم). يبلغ الارتفاع الرسمي 555 قدمًا و 5 بوصات (169.294 م).
CASE_0247,820161,endpoint,9,1825302,0.6447,0.6447,0,ar,يبلغ ارتفاع نصب واشنطن التذكاري ، الذي يبلغ ارتفاعه 555 قدمًا ، 267 قدمًا عن مبنى الكابيتول الأمريكي. نظرًا لأن قاعدة النصب التذكاري لواشنطن هي 30 قدمًا فوق مستوى سطح البحر ، وقاعدة مبنى الكابيتول ترتفع 88 قدمًا فوق مستوى سطح البحر ، فإن الجزء العلوي من نصب واشنطن أعلى بـ 209 أقدام من قمة مبنى الكاب
CASE_0247,820161,endpoint,10,4682832,0.6441,0.6441,0,ar,كم كان ارتفاع نصب واشنطن التذكاري عام 1822؟ لم يبدأ بناء النصب التذكاري لواشنطن حتى عام 1848. من 1854 إلى 1876 ، كان النصب قد اكتمل ثلثه فقط ، ويبلغ ارتفاعه حوالي 152 قدمًا (46 مترًا). كان المارون المستخدم لإكمال المظهر الخارجي للنصب أكثر قتامة قليلاً فوق هذه النقطة.
CASE_0247,820161,mixed,1,7829059,0.7102,0.7102,1,ar,الارتفاع الأساسي لـ White Pass هو 4500 قدم (1،370 م) فوق مستوى سطح البحر ، مع ارتفاع يصل إلى 6500 قدم (1980 م) ، مما يؤدي إلى انخفاض عمودي بمقدار 2000 قدم (610 م). تقع على الجانب الجنوبي من الطريق السريع بين الشرق والغرب ، وتواجه المنحدرات الشمال بشكل أساسي.
CASE_0247,820161,mixed,2,7829057,0.6845,0.6845,0,ar,منطقة White Pass للتزلج هي منطقة تزلج في شمال غرب الولايات المتحدة ، في سلسلة Cascade في White Pass ، واشنطن. تقع على بعد 50 ميلاً (80 كم) غرب ياكيما في الولايات المتحدة 12 ، وتبعد 110 ميلاً (180 كم) شرق تاكوما. [1] عندما يطير الغراب ، يقع الممر على بعد 25 ميلاً (40 كم) جنوب شرق قمة جبل رينييه و 30
CASE_0247,820161,mixed,3,4905632,0.6727,0.6727,0,ar,قائمة مع Go Northwest! White Pass ، ارتفاع 4500 قدم ، على الطريق السريع 12 ، هو أقصى الجنوب يمر عبر جبال كاسكيد في ولاية واشنطن. يقع على واحد من أربعة ممرات لواشنطن بين الشرق والغرب ، الثلاثة الآخرون هم Stevens Pass على طريق الولايات المتحدة السريع 2 ، وممر Snoqualmie على I-90 وممر North Cascades عل
CASE_0247,820161,mixed,4,5958263,0.665,0.665,0,ar,يبلغ الارتفاع الإجمالي للبيت الأبيض (إلى أعلى السطح) 70 قدمًا في الجنوب و 60 قدمًا و 4 بوصات في الشمال ؛ تبلغ الواجهة (درجة العشب إلى الحاجز) 60 قدمًا في الجنوب (العشب على ارتفاع 54 قدمًا فوق مستوى سطح البحر) و 50 قدمًا و 4 بوصات في الشمال. يحيط سور البيت الأبيض 18 فدانا من الأرض.
CASE_0247,820161,mixed,5,7829058,0.6568,0.6568,0,ar,50 ميلاً إلى الغرب من ياكيما و 110 أميال شرق تاكوما ، واشنطن ، تقع منطقة وايت باس للتزلج على بعد 12 ميلاً جنوب شرق جبل راينر ناشيونال بارك في واشنطن كاسكيدز. يوفر White Pass ارتفاعًا رأسيًا يزيد عن 2000 قدم و 1500 فدان يمكن الوصول إليه مع تضاريس من المبتدئين إلى المتقدمين للمتزلجين والفرسان. 8 مصاعد
CASE_0247,820161,mixed,6,6346386,0.6561,0.6561,0,ar,وفقًا لخدمة المتنزهات الوطنية ، يبلغ الارتفاع الرسمي لنصب واشنطن 555 قدمًا و 5 بوصات (169.294 م).
CASE_0247,820161,mixed,7,1693676,0.65,0.65,0,ar,يبلغ الارتفاع الإجمالي للبيت الأبيض (إلى أعلى السطح) 70 قدمًا في الجنوب و 60 قدمًا و 4 بوصات في الشمال ؛ يبلغ ارتفاع façade (درجة العشب إلى الحاجز) 60 قدمًا في الجنوب (العشب على ارتفاع 54 قدمًا فوق مستوى سطح البحر) و 50 قدمًا و 4 بوصات في الشمال.
CASE_0247,820161,mixed,8,7829054,0.6435,0.6435,0,ar,منطقة White Pass للتزلج هي منطقة تزلج في شمال غرب الولايات المتحدة ، في سلسلة Cascade في White Pass ، واشنطن. تقع على بعد 50 ميلاً إلى الغرب من ياكيما على طريق US-12 ، وتبعد 110 ميلاً شرق تاكوما. عندما يطير الغراب ، يقع الممر على بعد 25 ميلاً جنوب شرق قمة جبل رينييه و 30 ميلاً شمال جبل آدامز.
CASE_0247,820161,mixed,9,8682706,0.6399,0.6399,0,ar,نصب واشنطن لا يبلغ ارتفاعه 666 قدمًا. يحتاج الناس إلى إعادة التحقق من الحقائق قبل الجري بالمعلومات. يبلغ عمق الأساس في الواقع 36 قدمًا و 10 بوصات كما ورد في Wikipedia.org ويبلغ الارتفاع الرسمي 555 قدمًا 5-1 / 8 بوصات كما ورد في موقع National Park Service على الويب ، وبالتالي فإن الارتفاع الإجمالي سي
CASE_0247,820161,mixed,10,2642721,0.6352,0.6352,0,ar,ممر Aasgard. Aasgard Pass ، الذي تم تحديده رسميًا باسم Colchuck Pass ، (ارتفاع 7841 قدمًا (2،390 مترًا)) هو ممر جبلي على الجانب الشرقي من Cascades في بحيرات جبال الألب البرية في واشنطن جنوب غرب ليفنوورث.
CASE_0247,912961,endpoint,1,2052278,0.6589,0.6589,0,ar,باختصار ، التأمين التكميلي هو تأمين يساعدك على دفع فواتيرك الطبية في حالة الإصابة أو المرض المغطاة ؛ إنه تأمين يُدفع مباشرة إلى حامل الوثيقة (نفسك) بدلاً من مقدمي الرعاية الصحية.
CASE_0247,912961,endpoint,2,2208018,0.6291,0.6291,0,ar,ما هي خطة التأمين الصحي التكميلي؟ خطة التأمين الصحي التكميلي هي خطة رعاية صحية تغطي أي شيء يتجاوز الحد الأدنى من التغطية الطبية الأساسية. يمكن أن توفر الخطط الصحية التكميلية تغطيات طبية إضافية ، أو يمكن شراؤها أيضًا للمساهمة في دفع التكاليف التي لا تغطيها خطة التأمين الصحي الأساسية ، مثل التأمين الم
CASE_0247,912961,endpoint,3,5344991,0.6281,0.6281,0,ar,معلومات عامة عن التأمين التكميلي للرعاية الطبية. التأمين التكميلي Medicare (Medigap) هو تأمين صحي تبيعه شركات التأمين الخاصة لتغطية بعض الفجوات في النفقات التي لا يغطيها Medicare.
CASE_0247,912961,endpoint,4,3739308,0.6264,0.6264,0,ar,نصيحة للدكتور مايك: التأمين التكميلي هو مجرد ملحق أو إضافة. انها ليست بديلا عن التأمين الصحي العادي! يعد Medigap أحد أكثر أنواع التأمين التكميلي شيوعًا ، والذي يمكن بيعه بواسطة شركات التأمين الخاصة للأشخاص المسجلين في Medicare.
CASE_0247,912961,endpoint,5,8629556,0.6194,0.6194,0,ar,تأمين الأسنان التكميلي. التأمين التكميلي للأسنان هو بوليصة تأمين فردية أو عائلية يتم شراؤها لتغطية جزء من تكاليف طب الأسنان بشكل عام أعلى أو أكثر من خطة طب الأسنان الأساسية. لا يغطي التأمين التكميلي للأسنان عادة إجراءات العناية بالأسنان بأكملها.
CASE_0247,912961,endpoint,6,4306300,0.6128,0.6128,0,ar,ما هو التأمين التكميلي Medicare (Medigap)؟ التأمين التكميلي من Medicare ، المعروف أيضًا باسم Medigap ، هو تأمين صحي خاص يساعد في دفع النفقات الصحية (المدفوعات المشتركة والتأمين المشترك والخصومات) التي لا يغطيها برنامج Medicare الأصلي. إنه يسد الثغرات في تغطية Medicare ويوفر على المرضى الفواتير المرت
CASE_0247,912961,endpoint,7,1364633,0.6127,0.6127,0,ar,يُعرف أحيانًا أيضًا باسم التأمين التكميلي أو المزايا المدفوعة للموظفين ؛ يتم تقديم مزايا الموظفين الطوعية من قبل صاحب العمل من خلال مكان العمل حيث يمكن للموظفين اختيار شرائها بالإضافة إلى مزايا الموظفين الأساسية التي قد يحصلون عليها كجزء من حزمة المزايا. عادة ما تكون خيارات الدفع مرنة.
CASE_0247,912961,endpoint,8,2128752,0.6087,0.6087,0,ar,SSI ، أو دخل الضمان التكميلي ، هو برنامج قائم على الاحتياجات يوفر فحصًا شهريًا للأشخاص المكفوفين أو كبار السن أو ذوي الإعاقة.
CASE_0247,912961,endpoint,9,847224,0.6082,0.6082,0,ar,خطة التأمين الصحي التكميلي هي خطة رعاية صحية تغطي أي شيء يتجاوز الحد الأدنى من التغطية الطبية الأساسية. يمكن أن توفر الخطط الصحية التكميلية تغطيات طبية إضافية ، أو يمكن شراؤها أيضًا للمساهمة في دفع التكاليف التي لا تغطيها خطة التأمين الصحي الأساسية ، مثل التأمين المشترك ، والدفع المشترك ، والخصومات.
CASE_0247,912961,endpoint,10,7908999,0.6076,0.6076,0,ar,يعد التأمين التكميلي الأجل على الحياة خيارًا شائعًا للعديد من الأشخاص ، وخاصة أولئك الذين لديهم عائلات أو التزامات مالية كبيرة. غالبًا ما يتم شراء التأمين على الحياة لمدة محددة من خلال صاحب العمل ، مع توفر التغطية بمضاعفات الراتب السنوي للموظف.
CASE_0247,912961,mixed,1,7850830,0.6327,0.6327,1,ar,خطط التأمين التكميلي للرعاية الطبية هيومانا. قد تختلف المنتجات حسب العمر والجنس والدولة. وهي تشمل عادةً الخطط A و B و C و F و High Deductible F و K و L و N. Humanaà- خطط التأمين التكميلي Medicare متوفرة في جميع أنحاء البلاد بالإضافة إلى واشنطن العاصمة وبورتوريكو. ملاحظة: خطط التأمين التكميلي Medicar
CASE_0247,912961,mixed,2,3739308,0.6241,0.6241,0,ar,نصيحة للدكتور مايك: التأمين التكميلي هو مجرد ملحق أو إضافة. انها ليست بديلا عن التأمين الصحي العادي! يعد Medigap أحد أكثر أنواع التأمين التكميلي شيوعًا ، والذي يمكن بيعه بواسطة شركات التأمين الخاصة للأشخاص المسجلين في Medicare.
CASE_0247,912961,mixed,3,7850829,0.623,0.623,0,ar,التأمين الصحي هيومانا. تأمين المكملات الطبية. Humana Health Insurance هي شركة من قائمة Fortune 100 تتمتع بتاريخ يصل إلى ما يقرب من 50 عامًا في مجال الصحة ، وتلتزم Humana بتقديم مزايا قيمة وبرامج صحية متميزة وخدمة عملاء موثوقة.
CASE_0247,912961,mixed,4,2052278,0.6195,0.6195,0,ar,باختصار ، التأمين التكميلي هو تأمين يساعدك على دفع فواتيرك الطبية في حالة الإصابة أو المرض المغطاة ؛ إنه تأمين يُدفع مباشرة إلى حامل الوثيقة (نفسك) بدلاً من مقدمي الرعاية الصحية.
CASE_0247,912961,mixed,5,5344991,0.6124,0.6124,0,ar,معلومات عامة عن التأمين التكميلي للرعاية الطبية. التأمين التكميلي Medicare (Medigap) هو تأمين صحي تبيعه شركات التأمين الخاصة لتغطية بعض الفجوات في النفقات التي لا يغطيها Medicare.
CASE_0247,912961,mixed,6,7850833,0.6067,0.6067,0,ar,بالنسبة لأولئك الأشخاص الذين يفضلون برنامج Medicare الأصلي بالإضافة إلى التأمين التكميلي لبعض النفقات الطبية التي لا يغطيها Medicare ، ضع في اعتبارك مجموعة سياسات Humana الخاصة بتكملة Medicare. بينما قد يختلف عرض منتجات Humana إلى حد ما حسب الولاية ، إلا أنها تقدم عادةً الخطط A و B و C و F و High De
CASE_0247,912961,mixed,7,4306300,0.6026,0.6026,0,ar,ما هو التأمين التكميلي Medicare (Medigap)؟ التأمين التكميلي من Medicare ، المعروف أيضًا باسم Medigap ، هو تأمين صحي خاص يساعد في دفع النفقات الصحية (المدفوعات المشتركة والتأمين المشترك والخصومات) التي لا يغطيها برنامج Medicare الأصلي. إنه يسد الثغرات في تغطية Medicare ويوفر على المرضى الفواتير المرت
CASE_0247,912961,mixed,8,2208018,0.602,0.602,0,ar,ما هي خطة التأمين الصحي التكميلي؟ خطة التأمين الصحي التكميلي هي خطة رعاية صحية تغطي أي شيء يتجاوز الحد الأدنى من التغطية الطبية الأساسية. يمكن أن توفر الخطط الصحية التكميلية تغطيات طبية إضافية ، أو يمكن شراؤها أيضًا للمساهمة في دفع التكاليف التي لا تغطيها خطة التأمين الصحي الأساسية ، مثل التأمين الم
CASE_0247,912961,mixed,9,2227664,0.5918,0.5918,0,ar,خطط الحياة والتكميلية. يتم التأمين على الحياة الفردية للسرطان ، والسرطان النقدي ، والأمراض الحرجة ، وتعويض المستشفى ، والصندوق التذكاري ، و Junior Estate Builder وخطط الحوادث من قبل شركة Humana Insurance Company أو Humana Insurance Company of Kentucky أو ​​Humana Health Insurance Company of Florida،
CASE_0247,912961,mixed,10,847224,0.5908,0.5908,0,ar,خطة التأمين الصحي التكميلي هي خطة رعاية صحية تغطي أي شيء يتجاوز الحد الأدنى من التغطية الطبية الأساسية. يمكن أن توفر الخطط الصحية التكميلية تغطيات طبية إضافية ، أو يمكن شراؤها أيضًا للمساهمة في دفع التكاليف التي لا تغطيها خطة التأمين الصحي الأساسية ، مثل التأمين المشترك ، والدفع المشترك ، والخصومات.
CASE_0247,942651,endpoint,1,3486294,0.7605,0.7605,0,ar,اخترع المهندس الإنجليزي جورج كايلي أحزمة المقاعد في القرن التاسع عشر ، ولكن لم يكن مطلوبًا تركيبها في السيارات الجديدة في الولايات المتحدة قبل عام 1959. تحرير شارك على:
CASE_0247,942651,endpoint,2,2438048,0.7469,0.7469,0,ar,أحزمة المقاعد - تاريخ أحزمة المقاعد. على الرغم من أن أحزمة المقاعد تعتبر معيارًا في سيارات اليوم ، إلا أنها تعد اختراعًا جديدًا نسبيًا. صممت أحزمة المقاعد لأول مرة من قبل إدوارد كالغور في منتصف القرن التاسع عشر ، وكانت تستخدم فقط من حين لآخر من قبل الناس ، مثل الرسامين أو رجال الإطفاء ، الذين كانوا
CASE_0247,942651,endpoint,3,2438053,0.7433,0.7433,0,ar,أحزمة المقاعد - تاريخ أحزمة المقاعد. أحزمة المقاعد. على الرغم من أن أحزمة المقاعد تعتبر معيارًا في سيارات اليوم ، إلا أنها تعد اختراعًا جديدًا نسبيًا. صممت أحزمة المقاعد لأول مرة من قبل إدوارد كالغور في منتصف القرن التاسع عشر ، وكانت تستخدم فقط من حين لآخر من قبل الناس ، مثل الرسامين أو رجال الإطفاء
CASE_0247,942651,endpoint,4,7761566,0.7426,0.7426,0,ar,في بعض الماركات والموديلات ، نعم فعلوا .. كانت مع ذلك إضافات للمصنع يجب عليك دفع ثمنها .... أفاد مركز سلامة المرور في جامعة كاليفورنيا في بيركلي أن أحزمة المقاعد تظهر أولاً في أمريكا السيارات في أوائل القرن العشرين ، كانت تحظى بشعبية كبيرة لأنها منعت الركاب من السقوط أثناء الركوب الوعرة ، وليس كإجرا
CASE_0247,942651,endpoint,5,7761568,0.7384,0.7384,1,ar,السيارات المبكرة لم يكن بها أحزمة أمان. في الثلاثينيات من القرن الماضي ، بدأ الأطباء في تركيب أحزمة الأمان في سياراتهم ، مدركين أن الحوادث تتزايد جنبًا إلى جنب مع سرعة السيارات وشعبيتها. في عام 1955 ، كانت كاليفورنيا أول ولاية تطلب من السيارات تركيب أحزمة المقاعد قبل البيع. أصبح هذا قانونًا أمريكيًا
CASE_0247,942651,endpoint,6,2438049,0.7294,0.7294,0,ar,تم اختراع أحزمة المقاعد في عام 1885 ولكن أول استخدام حديث لحزام الأمان كان من قبل ناش في عام 1949 عندما تم تقديمه كخيار. عرضته فورد أيضًا كخيار في عام 1955. صنع Saabàâ معدات قياسية في ذلك الوقت في عام 1958. كانت فولفو في عام 1959 هي أول سيارة مزودة بنظام حزام الأمان الحديث المكون من 3 نقاط.
CASE_0247,942651,endpoint,7,6098362,0.7259,0.7259,0,ar,لم يبدأ استخدام أحزمة المقاعد في السيارات بشكل جدي حتى منتصف الخمسينيات وأواخرها.
CASE_0247,942651,endpoint,8,2438054,0.7246,0.7246,0,ar,1849 - بدأت أحزمة المقاعد في الظهور لأول مرة (Sorta) ويؤكد لنا الإنترنت أن هذا هو الوقت الذي عرضت فيه فولفو أول سيارة مزودة بأحزمة أمان مدمجة. إذا كان هذا صحيحًا ، فمن المثير للاهتمام أنهم لم يقدموا العالم - أول 3- نقطة أحزمة المقاعد الأمامية حتى بعد 110 سنوات à¢. 1885 - - - أول براءة اختراع حزام ال
CASE_0247,942651,endpoint,9,7761567,0.7214,0.7214,0,ar,تطور أحزمة المقاعد .. وتثبيتات أحزمة المقاعد إلزاميًا لأحزمة المقاعد في عام 1968. لم يتم تثبيت أحزمة المقاعد الأولى في السيارات من قبل شركات تصنيع السيارات. لم تكن السيارات المبكرة تسير بسرعة كبيرة ، وكان هناك عدد قليل نسبيًا من السيارات على الطريق. مع ازدياد عدد المركبات ، ازداد حجم الخطر.
CASE_0247,942651,endpoint,10,4588233,0.7192,0.7192,0,ar,1849 - بدأت أحزمة المقاعد لأول مرة (سورتا). ويؤكد لنا الإنترنت أن هذا حدث عندما قدمت فولفو أول سيارة بها أحزمة أمان مدمجة. إذا كان هذا صحيحًا ، فمن المثير للاهتمام أنهم لم يقدموا العالم - أول 3- نقطة أحزمة المقاعد الأمامية حتى بعد 110 سنوات à¢.
CASE_0247,942651,mixed,1,7761568,0.7285,0.7285,1,ar,السيارات المبكرة لم يكن بها أحزمة أمان. في الثلاثينيات من القرن الماضي ، بدأ الأطباء في تركيب أحزمة الأمان في سياراتهم ، مدركين أن الحوادث تتزايد جنبًا إلى جنب مع سرعة السيارات وشعبيتها. في عام 1955 ، كانت كاليفورنيا أول ولاية تطلب من السيارات تركيب أحزمة المقاعد قبل البيع. أصبح هذا قانونًا أمريكيًا
CASE_0247,942651,mixed,2,3486294,0.7167,0.7167,0,ar,اخترع المهندس الإنجليزي جورج كايلي أحزمة المقاعد في القرن التاسع عشر ، ولكن لم يكن مطلوبًا تركيبها في السيارات الجديدة في الولايات المتحدة قبل عام 1959. تحرير شارك على:
CASE_0247,942651,mixed,3,2438049,0.7101,0.7101,0,ar,تم اختراع أحزمة المقاعد في عام 1885 ولكن أول استخدام حديث لحزام الأمان كان من قبل ناش في عام 1949 عندما تم تقديمه كخيار. عرضته فورد أيضًا كخيار في عام 1955. صنع Saabàâ معدات قياسية في ذلك الوقت في عام 1958. كانت فولفو في عام 1959 هي أول سيارة مزودة بنظام حزام الأمان الحديث المكون من 3 نقاط.
CASE_0247,942651,mixed,4,2438054,0.7095,0.7095,0,ar,1849 - بدأت أحزمة المقاعد في الظهور لأول مرة (Sorta) ويؤكد لنا الإنترنت أن هذا هو الوقت الذي عرضت فيه فولفو أول سيارة مزودة بأحزمة أمان مدمجة. إذا كان هذا صحيحًا ، فمن المثير للاهتمام أنهم لم يقدموا العالم - أول 3- نقطة أحزمة المقاعد الأمامية حتى بعد 110 سنوات à¢. 1885 - - - أول براءة اختراع حزام ال
CASE_0247,942651,mixed,5,7761566,0.7023,0.7023,0,ar,في بعض الماركات والموديلات ، نعم فعلوا .. كانت مع ذلك إضافات للمصنع يجب عليك دفع ثمنها .... أفاد مركز سلامة المرور في جامعة كاليفورنيا في بيركلي أن أحزمة المقاعد تظهر أولاً في أمريكا السيارات في أوائل القرن العشرين ، كانت تحظى بشعبية كبيرة لأنها منعت الركاب من السقوط أثناء الركوب الوعرة ، وليس كإجرا
CASE_0247,942651,mixed,6,2438048,0.7007,0.7007,0,ar,أحزمة المقاعد - تاريخ أحزمة المقاعد. على الرغم من أن أحزمة المقاعد تعتبر معيارًا في سيارات اليوم ، إلا أنها تعد اختراعًا جديدًا نسبيًا. صممت أحزمة المقاعد لأول مرة من قبل إدوارد كالغور في منتصف القرن التاسع عشر ، وكانت تستخدم فقط من حين لآخر من قبل الناس ، مثل الرسامين أو رجال الإطفاء ، الذين كانوا
CASE_0247,942651,mixed,7,2438053,0.6978,0.6978,0,ar,أحزمة المقاعد - تاريخ أحزمة المقاعد. أحزمة المقاعد. على الرغم من أن أحزمة المقاعد تعتبر معيارًا في سيارات اليوم ، إلا أنها تعد اختراعًا جديدًا نسبيًا. صممت أحزمة المقاعد لأول مرة من قبل إدوارد كالغور في منتصف القرن التاسع عشر ، وكانت تستخدم فقط من حين لآخر من قبل الناس ، مثل الرسامين أو رجال الإطفاء
CASE_0247,942651,mixed,8,4588233,0.6961,0.6961,0,ar,1849 - بدأت أحزمة المقاعد لأول مرة (سورتا). ويؤكد لنا الإنترنت أن هذا حدث عندما قدمت فولفو أول سيارة بها أحزمة أمان مدمجة. إذا كان هذا صحيحًا ، فمن المثير للاهتمام أنهم لم يقدموا العالم - أول 3- نقطة أحزمة المقاعد الأمامية حتى بعد 110 سنوات à¢.
CASE_0247,942651,mixed,9,3486300,0.6957,0.6957,0,ar,الإجابة: ابتداءً من عام 1967 ، كان يلزم تزويد جميع السيارات الجديدة وتلك المصنعة منذ 1 يناير 1965 بأحزمة أمان أمامية. في السبعينيات ، أجريت حملات إعلانية وطنية لتشجيع الناس على ارتداء أحزمة المقاعد. تم تقديم المقترحات الأولى بشأن الاستخدام الإجباري لأحزمة الأمان في عام 1973. وفي 31 يناير 1983 ، أصبح
CASE_0247,942651,mixed,10,4079739,0.6953,0.6953,0,ar,اخترع المهندس الإنجليزي جورج كايلي أحزمة المقاعد في منتصف القرن التاسع عشر ، على الرغم من أن إدوارد ج. تم وضع قانون الحزام في عام 1970 ، في ولاية فيكتوريا ، أستراليا ، مما يجعل ارتداء حزام الأمان إلزاميًا للسائقين وركاب المقاعد الأمامية.
CASE_0247,1053901,endpoint,1,7179289,0.6135,0.6135,0,ar,يستخدم هيدروكسيزين بام لعلاج الحساسية. أثناء تفاعلات الحساسية ، يطلق الجهاز المناعي مادة كيميائية تسمى الهيستامين والتي بدورها تؤدي إلى العطس وسيلان الأنف والاحتقان. يمنع Hydroxyzine pam التأثيرات الناتجة عن الهيستامين.
CASE_0247,1053901,endpoint,2,4491761,0.6016,0.6016,0,ar,ومع ذلك ، كما هو الحال مع جميع الأدوية ، يمكن للمريض تطوير تحمل الدواء وستنخفض فعاليته بلا شك مع الاستخدام اليومي. في الختام ، يتوفر هيدروكسيزين بام في جرعتين ، 25 ملليغرام و 50 ملليغرام. يتم تحديد الجرعة اعتمادًا على الغرض من استخدام الدواء.
CASE_0247,1053901,endpoint,3,4491757,0.5933,0.5933,0,ar,هيدروكسيزين بام ، نظرة عامة. في الختام ، يتوفر هيدروكسيزين بام في جرعتين ، 25 ملليغرام و 50 ملليغرام. يتم تحديد الجرعة اعتمادًا على الغرض من استخدام الدواء. بالنسبة لردود الفعل التحسسية والقلق وما بعد الجراحة ، يمكن تناول الدواء بأمان حتى ثلاث مرات في اليوم عند كلتا الجرعتين.
CASE_0247,1053901,endpoint,4,7179283,0.5821,0.5821,1,ar,Hydroxyz pam مسكن لعلاج القلق والحكة والأرق والطفح الجلدي والعصبية واضطرابات المزاج والخرف. كما يوصف أحيانًا لمساعدة المخدرات على العمل بفعالية أكبر. تم استخدامه في البداية كمضاد للهستامين ، لكن هذا الاستخدام أقل شيوعًا الآن. في بعض الأحيان يتم استخدامه كمخفف للغثيان. استخدمه حتى 3 مرات في اليوم.
CASE_0247,1053901,endpoint,5,7179287,0.5766,0.5766,0,ar,Hydroxyz Pam هو مضاد للهستامين ويمكن استخدامه لعلاج الحساسية والشرى والحكة الشديدة وما إلى ذلك. ويمكن استخدامه أيضًا لعلاج حالات الإجهاد المرتبطة بالجلد. هذا هو eqiv العام. فيستاريل. هذا هو مهدئ خفيف. يستخدم هيدروكسيزين هيدروكلوريد بشكل رئيسي لعلاج الحكة.
CASE_0247,1053901,endpoint,6,7179288,0.571,0.571,0,ar,يقلل فيستاريل (هيدروكسيزين باموات) النشاط في الجهاز العصبي المركزي. يستخدم لتخفيف الحساسية والقلق. أنا متأكد من أنها وصفة طبية - دواء فقط. هيدروكسيز بام.
CASE_0247,1053901,endpoint,7,3687666,0.5705,0.5705,0,ar,المادة الكيميائية الرئيسية التي تنتجها الأكسدة في البيروكسيسومات هي بيروكسيد الهيدروجين السام للخلايا (السامة للخلايا). لحسن الحظ ، تنتج البيروكسيسومات كميات وفيرة من إنزيم الكاتلاز وهذا يساعد على تكسير بيروكسيد الهيدروجين إلى الماء والأكسجين. تعتبر البيروكسيسومات من المستخدمين الرئيسيين للأكسجين وي
CASE_0247,1053901,endpoint,8,4905435,0.5574,0.5574,0,ar,هيدروكسيد البوتاسيوم هو قاعدة قوية تتفاعل مع الأحماض. تستفيد صناعة النفط والغاز من هذا التفاعل مع الأحماض وتستخدم هيدروكسيد البوتاسيوم لإزالة الأحماض العضوية ومركبات الكبريت غير المرغوب فيها من البترول الخام.
CASE_0247,1053901,endpoint,9,842578,0.5553,0.5553,0,ar,هيدروبيروكسيد الكومين هو مادة كيميائية سائلة عديمة اللون إلى صفراء شاحبة تستخدم كمثبط للبلمرة خاصة في أنظمة الأكسدة والاختزال ولتصنيع بيروكسيدات عضوية ، في المقام الأول ديكيوميل بيروكسيد ، والتي تستخدم في تصنيع الراتنجات البلاستيكية وكمبادر في التفاعلات الكيميائية.
CASE_0247,1053901,endpoint,10,585993,0.5534,0.5534,0,ar,ما هو هيدروكسيزين باموات؟ هيدروكسيزين باموات دواء يستخدم لعلاج الحكة التي تسببها الحساسية. كما أنها تستخدم لعلاج القلق والتوتر على المدى القصير. وهو يعمل عن طريق منع الهيستامين ، وهو مادة طبيعية يطورها الجسم أثناء تفاعل الحساسية. الدواء متوفر تحت اسم العلامة التجارية Vistaril.
CASE_0247,1053901,mixed,1,7179283,0.6799,0.6799,1,ar,Hydroxyz pam مسكن لعلاج القلق والحكة والأرق والطفح الجلدي والعصبية واضطرابات المزاج والخرف. كما يوصف أحيانًا لمساعدة المخدرات على العمل بفعالية أكبر. تم استخدامه في البداية كمضاد للهستامين ، لكن هذا الاستخدام أقل شيوعًا الآن. في بعض الأحيان يتم استخدامه كمخفف للغثيان. استخدمه حتى 3 مرات في اليوم.
CASE_0247,1053901,mixed,2,7179289,0.6786,0.6786,0,ar,يستخدم هيدروكسيزين بام لعلاج الحساسية. أثناء تفاعلات الحساسية ، يطلق الجهاز المناعي مادة كيميائية تسمى الهيستامين والتي بدورها تؤدي إلى العطس وسيلان الأنف والاحتقان. يمنع Hydroxyzine pam التأثيرات الناتجة عن الهيستامين.
CASE_0247,1053901,mixed,3,7179287,0.6523,0.6523,0,ar,Hydroxyz Pam هو مضاد للهستامين ويمكن استخدامه لعلاج الحساسية والشرى والحكة الشديدة وما إلى ذلك. ويمكن استخدامه أيضًا لعلاج حالات الإجهاد المرتبطة بالجلد. هذا هو eqiv العام. فيستاريل. هذا هو مهدئ خفيف. يستخدم هيدروكسيزين هيدروكلوريد بشكل رئيسي لعلاج الحكة.
CASE_0247,1053901,mixed,4,4491761,0.6022,0.6022,0,ar,ومع ذلك ، كما هو الحال مع جميع الأدوية ، يمكن للمريض تطوير تحمل الدواء وستنخفض فعاليته بلا شك مع الاستخدام اليومي. في الختام ، يتوفر هيدروكسيزين بام في جرعتين ، 25 ملليغرام و 50 ملليغرام. يتم تحديد الجرعة اعتمادًا على الغرض من استخدام الدواء.
CASE_0247,1053901,mixed,5,4491757,0.5925,0.5925,0,ar,هيدروكسيزين بام ، نظرة عامة. في الختام ، يتوفر هيدروكسيزين بام في جرعتين ، 25 ملليغرام و 50 ملليغرام. يتم تحديد الجرعة اعتمادًا على الغرض من استخدام الدواء. بالنسبة لردود الفعل التحسسية والقلق وما بعد الجراحة ، يمكن تناول الدواء بأمان حتى ثلاث مرات في اليوم عند كلتا الجرعتين.
CASE_0247,1053901,mixed,6,7683724,0.5782,0.5782,0,ar,مرحبًا بالجميع ، أنا جديد هنا ولدي بعض الأسئلة الأساسية حول هيدروكسيزين بام. لقد تناولت للتو الأدوية الليلية (Imipramine & Abilify) منذ حوالي 50 دقيقة. لا أستطيع الاسترخاء وأنا جديد على Imipramine & Hydroxyzine Pam. لقد بدأت للتو في تناول Imipramine الليلة ولم أتناول Hydroxyzine Pam بعد. وصف طبيبي 2
CASE_0247,1053901,mixed,7,7179288,0.567,0.567,0,ar,يقلل فيستاريل (هيدروكسيزين باموات) النشاط في الجهاز العصبي المركزي. يستخدم لتخفيف الحساسية والقلق. أنا متأكد من أنها وصفة طبية - دواء فقط. هيدروكسيز بام.
CASE_0247,1053901,mixed,8,3133138,0.562,0.562,0,ar,يستخدم هذا الدواء لعلاج أعراض الحساسية. كما أنها تستخدم لعلاج القلق والتوتر. يمكن استخدام هذا الدواء مع أدوية أخرى للحث على النوم قبل الجراحة. أقل سعر لـ GoodRx للإصدار الأكثر شيوعًا من hydroxyzine pamoate هو حوالي 12.86 دولارًا ، 60 ٪ من متوسط ​​سعر التجزئة البالغ 32.66 دولارًا. قارن بين مضادات اله
CASE_0247,1053901,mixed,9,8166696,0.5605,0.5605,0,ar,استخدامات هيدروكسيد الباريوم. يتم استخدامه لعدد من الأغراض ، مثل. في صناعة القلويات. في صناعة الزجاج. في تقسية المطاط الصناعي. في مثبطات التآكل. كسوائل حفر ومبيدات حشرية ومواد تشحيم. لعلاج حجم المرجل.
CASE_0247,1053901,mixed,10,456736,0.5562,0.5562,0,ar,التصنيف: الأدوية التي تصرف بوصفة طبية. الاسم العام: هيدروكسيزين. Hydroxyz هو الاسم التجاري لعقار hydroxyzine ، وهو مضاد للهستامين يستخدم لعلاج الحساسية ، ويمكن وصفه أثناء الحمل لعلاج الحكة. يمكن استخدام الدواء أيضًا في علاج القلق. راجع المرضى الذين يتناولون Hydroxyz. راجع المرضى الذين يتناولون Hydro
CASE_0247,1065227,endpoint,1,6776232,0.7713,0.7713,0,ar,لون نبتون الأزرق هو النتيجة. من الميثان في الغلاف الجوي. أورانوس هو اللون الأزرق والأخضر أيضًا. ناتج عن غاز الميثان الموجود في الغلاف الجوي ، لكن نبتون لون أزرق أكثر إشراقًا وإشراقًا ، لذلك يجب أن يكون هناك مكون غير معروف. يسبب اللون الأكثر كثافة.
CASE_0247,1065227,endpoint,2,7058479,0.7511,0.7511,0,ar,يظهر نبتون باللون الأزرق بسبب غاز الميثان في غلافه الجوي. أورانوس أزرق أيضًا ، على الرغم من أن اللون أفتح (أقرب إلى الزبرجد).
CASE_0247,1065227,endpoint,3,2345939,0.7451,0.7451,0,ar,نبتون وأورانوس ليسا أزرق. إنه وهم ناتج عن أسطح الكواكب. نظرًا لأننا بعيدون جدًا ، فإننا نلتقط الوهم البصري لذلك. تقريبا مثل المريخ ، والذي هو في الواقع ليس أحمر ، على الرغم من لون ريفي شاحب. نبتون لونه أزرق بسبب السحب الكبيرة لجزيئات الميثان. من ناحية أخرى ، يمتص أورانوس الضوء الأحمر للشمس ، ونتيجة
CASE_0247,1065227,endpoint,4,7942417,0.7448,0.7448,1,ar,يظهر أورانوس ونبتون باللون الأزرق بسبب. أ. تمتص أجواءها الضوء الأزرق بكفاءة عالية. ب. كلاهما لهما كتل صغيرة جدًا بالنسبة لكواكب المشتري. ج. أسطحها مغطاة بالماء وغيومها رقيقة جدا د. تمتص أجواءها الضوء الأحمر بكفاءة عالية. ه. سرعات الرياح عالية جدًا وتظهر تحولًا قويًا باللون الأزرق.
CASE_0247,1065227,endpoint,5,7942413,0.7438,0.7438,0,ar,نبتون وأورانوس ليسا أزرق. إنه وهم ناتج عن أسطح الكواكب. نظرًا لأننا بعيدون جدًا ، فإننا نلتقط الوهم البصري لذلك. تقريبا مثل المريخ ، والذي هو في الواقع ليس أحمر ، على الرغم من لون ريفي شاحب. نبتون لونه أزرق بسبب السحب الكبيرة لجزيئات الميثان.
CASE_0247,1065227,endpoint,6,7058481,0.7437,0.7437,0,ar,لون نبتون أزرق سماوي لامع. خلال تحليقها في عام 1989 ، كشفت وكالة ناسا الفضائية فوييجر 2 عن اللون الأزرق الساطع ، الذي يختلف عن اللون الأزرق الباهت لأورانوس. فلماذا يمتلك نبتون هذا اللون؟ تأتي الإجابة على لون نبتون من قمم السحابة. يتكون الغلاف الجوي العلوي لنبتون [ࢠ€¦]
CASE_0247,1065227,endpoint,7,6691480,0.7415,0.7415,0,ar,بقلم فريزر كاين في 27 نوفمبر 2008. لون نبتون أزرق سماوي لامع. خلال تحليقها في عام 1989 ، كشفت فوييجر 2 التابعة لناسا عن اللون الأزرق الساطع ، الذي يختلف عن اللون الأزرق الباهت لأورانوس. بواسطة فريزر كاين في 27 نوفمبر 2008. لون نبتون هو أزرق سماوي لامع. خلال تحليقها في عام 1989 ، كشفت وكالة ناسا الفض
CASE_0247,1065227,endpoint,8,8413203,0.736,0.736,0,ar,بقلم فريزر كاين في 27 نوفمبر 2008. لون نبتون أزرق سماوي لامع. أثناء تحليقها في عام 1989 ، كشفت فوييجر 2 التابعة لناسا عن اللون الأزرق الساطع ، الذي يختلف عن اللون الأزرق الباهت لأورانوس. تأتي الإجابة على لون نبتون من قمم السحابة. يتكون الغلاف الجوي العلوي لنبتون من 80٪ هيدروجين ، و 19٪ هيليوم مع نسب
CASE_0247,1065227,endpoint,9,8217258,0.7341,0.7341,0,ar,يحتوي كل من أورانوس ونبتون على غاز الميثان في غلافهما الجوي الذي يمتص الضوء الأحمر ، مما يسمح بانعكاس درجات اللون الأزرق. نبتون هو لون أزرق أكثر بكثير من أورانوس ، لكن أورانوس يحتوي على كمية أكبر من الميثان في غلافه الجوي.
CASE_0247,1065227,endpoint,10,7942420,0.7292,0.7292,0,ar,"""""""الآن"""". بلغ عن سوء معاملة. أورانوس ونبتون لونهما أزرق بسبب تركيبتهما الجوية من الميثان والهيدروجين والجليد والهيليوم. يشار إليهم باسم عمالقة الجليد ، لا يمتلكون سطحًا صلبًا. المصدر (المصادر): Trekkie باهتمام علمي. المنطق Ã⠀ šÃ' · 7 سنوات."""
CASE_0247,1065227,mixed,1,7942417,0.7291,0.7291,1,ar,يظهر أورانوس ونبتون باللون الأزرق بسبب. أ. تمتص أجواءها الضوء الأزرق بكفاءة عالية. ب. كلاهما لهما كتل صغيرة جدًا بالنسبة لكواكب المشتري. ج. أسطحها مغطاة بالماء وغيومها رقيقة جدا د. تمتص أجواءها الضوء الأحمر بكفاءة عالية. ه. سرعات الرياح عالية جدًا وتظهر تحولًا قويًا باللون الأزرق.
CASE_0247,1065227,mixed,2,7942413,0.724,0.724,0,ar,نبتون وأورانوس ليسا أزرق. إنه وهم ناتج عن أسطح الكواكب. نظرًا لأننا بعيدون جدًا ، فإننا نلتقط الوهم البصري لذلك. تقريبا مثل المريخ ، والذي هو في الواقع ليس أحمر ، على الرغم من لون ريفي شاحب. نبتون لونه أزرق بسبب السحب الكبيرة لجزيئات الميثان.
CASE_0247,1065227,mixed,3,7942420,0.7232,0.7232,0,ar,"""""""الآن"""". بلغ عن سوء معاملة. أورانوس ونبتون لونهما أزرق بسبب تركيبتهما الجوية من الميثان والهيدروجين والجليد والهيليوم. يشار إليهم باسم عمالقة الجليد ، لا يمتلكون سطحًا صلبًا. المصدر (المصادر): Trekkie باهتمام علمي. المنطق Ã⠀ šÃ' · 7 سنوات."""
CASE_0247,1065227,mixed,4,7058472,0.7186,0.7186,0,ar,احصل على إجابة كاملة خطوة بخطوة لما يعطي neptune و uranus لونهما الأزرق إلى الأزرق والأخضر. أنت مشترك في الإصدار التجريبي المجاني من StudySoup. يرجى تأكيد اشتراكك لمدة شهر واحد لمواصلة الوصول إلى مواد دراسية عالية الجودة.
CASE_0247,1065227,mixed,5,6776232,0.7177,0.7177,0,ar,لون نبتون الأزرق هو النتيجة. من الميثان في الغلاف الجوي. أورانوس هو اللون الأزرق والأخضر أيضًا. ناتج عن غاز الميثان الموجود في الغلاف الجوي ، لكن نبتون لون أزرق أكثر إشراقًا وإشراقًا ، لذلك يجب أن يكون هناك مكون غير معروف. يسبب اللون الأكثر كثافة.
CASE_0247,1065227,mixed,6,2345939,0.7162,0.7162,0,ar,نبتون وأورانوس ليسا أزرق. إنه وهم ناتج عن أسطح الكواكب. نظرًا لأننا بعيدون جدًا ، فإننا نلتقط الوهم البصري لذلك. تقريبا مثل المريخ ، والذي هو في الواقع ليس أحمر ، على الرغم من لون ريفي شاحب. نبتون لونه أزرق بسبب السحب الكبيرة لجزيئات الميثان. من ناحية أخرى ، يمتص أورانوس الضوء الأحمر للشمس ، ونتيجة
CASE_0247,1065227,mixed,7,7058479,0.7117,0.7117,0,ar,يظهر نبتون باللون الأزرق بسبب غاز الميثان في غلافه الجوي. أورانوس أزرق أيضًا ، على الرغم من أن اللون أفتح (أقرب إلى الزبرجد).
CASE_0247,1065227,mixed,8,7565734,0.7115,0.7115,0,ar,نبتون: أزرق شاحب. كما في حالة أورانوس ، يرجع اللون إلى غاز الميثان. سيبدو نبتون أغمق من أورانوس بسبب الإضاءة الخافتة (مسافة أكبر من الشمس). تظهر بعض صور Neptune من Voyager 2 flyby (في عام 1989) لونًا أزرق داكنًا ، ولكن تم تحسين الألوان في تلك الصور.
CASE_0247,1065227,mixed,9,1761261,0.6989,0.6989,0,ar,اللون الأزرق والأخضر لأورانوس ونبتون ناتج عن غاز الميثان في غلافهما الجوي ، واللون الأزرق والأخضر لأورانوس ونبتون ناتج عن غاز الميثان في الغلاف الجوي.
CASE_0247,1065227,mixed,10,1761259,0.6984,0.6984,0,ar,يتميز أورانوس بمظهر مزرق لأن غلافه الجوي يتكون من الهيدروجين والهيليوم والميثان. يمتص الميثان الموجود في الغلاف الجوي العلوي الضوء الأحمر من الشمس ولكن r àيعكس الضوء الأزرق من الشمس مرة أخرى إلى الفضاء. 2 وجد الناس هذا مفيدًا. ونبتون ناتج عن غاز الميثان في الغلاف الجوي.
CASE_0247,1097066,endpoint,1,394575,0.5752,0.5752,0,ar,بورت شارلوت هو مكان مخصص للتعداد السكاني (CDP) في مقاطعة شارلوت ، فلوريدا ، الولايات المتحدة. كان عدد السكان 46451 في تعداد عام 2000.. وهي جزء من منطقة بونتا جوردا متروبوليتان الإحصائية. كان أول من أطلق على منزل منطقة بورت شارلوت هم البدو الهنود البدو وهم يطاردون لعبة كبيرة مثل الماموث الصوفي جنوبًا
CASE_0247,1097066,endpoint,2,7444218,0.5709,0.5709,0,ar,1134 LIVE OAK، PORT CHARLOTTE، FL قائمة الأسعار: 219،900 دولار | السرير: 3 | حمام: 2.00. منزل رائع لعربة 3 أسرّة / 2 حمام يقع في Gated Heritage Oak Park. تعتبر الشرفة الأمامية التي تم فحصها هي المكان المثالي لتناول قهوة الصباح أو يمكنك الاسترخاء على اللاناي المغطى بالبلاط على الظهر المحاط بالمناظر ا
CASE_0247,1097066,endpoint,3,7444217,0.5596,0.5596,0,ar,منازل هيريتاج أوك بارك للبيع. منطقة HERITAGE OAK PARK في بورت شارلوت ، فلوريدا
CASE_0247,1097066,endpoint,4,7444223,0.5573,0.5573,1,ar,Heritage Oak Park ، Port Charlotte ، FL Real Estate & Homes for Sale Homes للبيع في Heritage Oak Park ، Port Charlotte ، FL يبلغ متوسط ​​سعر القائمة 184،900 دولارًا وسعر القدم المربع 139 دولارًا. هناك 10 منازل نشطة للبيع في حي هيريتيج أوك بارك ، والتي تقضي في المتوسط ​​أيامًا في السوق. بعض الأحياء ا
CASE_0247,1097066,endpoint,5,225920,0.5567,0.5567,0,ar,1383 نورثفيو سانت بورت شارلوت فلوريدا 33954 منزل للبيع 2249003 دولار دينار بحريني - 2 باوند - 1،688 قدم مربع. 383 شارع نورثفيو ، بورت شارلوت ، فلوريدا. 2 37 Meadowlark Ln Placida FL 33946 منزل للبيع 299،0003 دولار أمريكي 2 ba â € 1،800 sqft. 37 Meadowlark Ln، Placida، FL. 3 9 Ships Ln Placida FL 339
CASE_0247,1097066,endpoint,6,1748745,0.554,0.554,0,ar,تحتوي فلل بوردووك على 532 مكان إقامة منفصل ، تتراوح من الاستوديوهات إلى الفيلات الكبرى.
CASE_0247,1097066,endpoint,7,1094289,0.5453,0.5453,0,ar,171 منازل للبيع في بارتو ، فلوريدا. تصفح الصور ، وشاهد العقارات الجديدة ، واحصل على معلومات عن المنزل المفتوح ، وابحث عن الأحياء في Trulia.
CASE_0247,1097066,endpoint,8,2428543,0.5429,0.5429,0,ar,335 منازل للبيع في فورت والتون بيتش ، فلوريدا. تصفح الصور ، وشاهد العقارات الجديدة ، واحصل على معلومات عن المنزل المفتوح ، وابحث عن الأحياء في Trulia.
CASE_0247,1097066,endpoint,9,7444221,0.5413,0.5413,0,ar,1435 Winding Oak Drive ، بورت شارلوت ، فلوريدا 33948 $ 179،000.00. فيلا جميلة مصانة جيدًا تقع في مجتمع مسور شهير في Heritage Oak Park. تحتوي الفيلا على غرفتي نوم وحمامين كاملين وغرفة دن / إضافية ومرآب كبير لسيارتين! منظر حديقة الصداقة من lanai المفروض.
CASE_0247,1097066,endpoint,10,7442290,0.5411,0.5411,0,ar,0 شجرة 40 شجرة لكل فدان 100 شجرة لكل فدان 200 شجرة لكل فدان 300 شجرة لكل فدان 460 شجرة لكل فدان تضيف أشجار البلوط إلى قيمة أراضي الرانشيت ، إلى حد ما. هذه النقطة ، وفقًا للمثمنين العقاريين الذين شاهدوا نسخًا كبيرة من الصور الموضحة أعلاه ، كانت حوالي 40 شجرة لكل فدان.
CASE_0247,1097066,mixed,1,7444223,0.6722,0.6722,1,ar,Heritage Oak Park ، Port Charlotte ، FL Real Estate & Homes for Sale Homes للبيع في Heritage Oak Park ، Port Charlotte ، FL يبلغ متوسط ​​سعر القائمة 184،900 دولارًا وسعر القدم المربع 139 دولارًا. هناك 10 منازل نشطة للبيع في حي هيريتيج أوك بارك ، والتي تقضي في المتوسط ​​أيامًا في السوق. بعض الأحياء ا
CASE_0247,1097066,mixed,2,7444218,0.6555,0.6555,0,ar,1134 LIVE OAK، PORT CHARLOTTE، FL قائمة الأسعار: 219،900 دولار | السرير: 3 | حمام: 2.00. منزل رائع لعربة 3 أسرّة / 2 حمام يقع في Gated Heritage Oak Park. تعتبر الشرفة الأمامية التي تم فحصها هي المكان المثالي لتناول قهوة الصباح أو يمكنك الاسترخاء على اللاناي المغطى بالبلاط على الظهر المحاط بالمناظر ا
CASE_0247,1097066,mixed,3,7444217,0.6393,0.6393,0,ar,منازل هيريتاج أوك بارك للبيع. منطقة HERITAGE OAK PARK في بورت شارلوت ، فلوريدا
CASE_0247,1097066,mixed,4,7444216,0.6052,0.6052,0,ar,1286 GREEN OAK، PORT CHARLOTTE، FL قائمة الأسعار: 189،500 $ | السرير: 2 | حمام: 2.00. فيلا جاهزة للسكن مكونة من غرفتي نوم / 2 حمام في مجتمع مسور في هيريتيج أوك بارك. تقودك الشوارع التي تصطف على جانبيها الأشجار إلى الفيلا. يحتوي المنزل على مرآب ملحق به سيارتين وشرفة أمامية مغطاة.
CASE_0247,1097066,mixed,5,7444224,0.5954,0.5954,0,ar,مفروشة جزئياً - تعال وتحقق من هذه الفيلا المشهورة التي تم صيانتها جيدًا في المجتمع المسور الجميل في Heritage Oak Park! هذا المنزل به 2 غرف نوم ، 2 حمامات كاملة و مكتب / دن مع باب مزدوج. (المزيد عن 1537 RED OAK LN PORT CHARLOTTE) بإذن من: RE / MAX PALM REALTY. عرض الصفحة الرئيسية الكاملة للبيع التفاص
CASE_0247,1097066,mixed,6,7444221,0.5938,0.5938,0,ar,1435 Winding Oak Drive ، بورت شارلوت ، فلوريدا 33948 $ 179،000.00. فيلا جميلة مصانة جيدًا تقع في مجتمع مسور شهير في Heritage Oak Park. تحتوي الفيلا على غرفتي نوم وحمامين كاملين وغرفة دن / إضافية ومرآب كبير لسيارتين! منظر حديقة الصداقة من lanai المفروض.
CASE_0247,1097066,mixed,7,3757531,0.5745,0.5745,0,ar,يتكون مجتمع فورست بارك من ما يقرب من 2900 [1] من العقارات السكنية الخاصة (منازل الأسرة الواحدة والدوبلكس) ، بالإضافة إلى الشقق والمجمعات السكنية والعقارات التجارية والمتنزهات والمدارس المملوكة للمدينة ، في حوالي 1.4 ميل مربع (3.6 كم 2) من منطقة نورثلاند في شمال شرق كولومبوس ، أوهايو.
CASE_0247,1097066,mixed,8,8056921,0.5576,0.5576,0,ar,تقدم خمسة أحياء ساحرة داخل باركلاند باي منازل فسيحة لعائلة واحدة مع تصميمات من ثلاث أو أربع أو خمس غرف نوم لتلائم احتياجات وأسلوب عائلتك بشكل مثالي. مركز الترحيب المؤقت يقع في 11825 Heron Bay Boulevard، Coral Springs FL 33076. الأسعار من 674،990 دولارًا أمريكيًا - 919،990 دولارًا أمريكيًا ؛ لقطات مر
CASE_0247,1097066,mixed,9,7444220,0.5533,0.5533,0,ar,هيريتدج أوك بارك مجتمع نشط في منطقة موردوك في بورت شارلوت. ملائم للشواطئ والمطارات والتسوق والمطاعم والمرافق الطبية والمكتبة. يظهر هذا المنزل الرائع كعارضة أزياء وستقع في حب مجتمع فلوريدا الأصلي الوفير في الطبيعة.
CASE_0247,1097066,mixed,10,7444219,0.5529,0.5529,0,ar,الصفحة الرئيسية> كل المدن> قوائم العقارات في بورت شارلوت بولاية فلوريدا> قسم هيريتيج أوك بارك الفرعي. عقارات للبيع في منطقة هيرتيدج أوك بارك الفرعية ، بورت شارلوت ، فلوريدا. خصائص 1 إلى 3 من 3
CASE_0247,231877,endpoint,1,7680300,0.6654,0.6654,0,ar,راجع الاتجاهات من هاميلتون إلى نياجرا على البحيرة كم ستكون المسافة إذا كان بإمكان المرء الطيران من هاملتون إلى نياجرا أون ذا ليك مثل طائر في خط ثابت؟ تحقق من مسافة الرحلة بين هاميلتون ونياجرا على البحيرة ، حيث يعد وقت السفر نقطة مهمة يجب معرفتها بمسافة القيادة. ومن ثم قد ترغب أيضًا في معرفة وقت السف
CASE_0247,231877,endpoint,2,6713857,0.6605,0.6605,0,ar,مسافة القيادة إلى شلالات نياجرا عبر أسرع طريق هي 103 كم (64 ميل). ومع ذلك ، فهي تبعد مسافة ما عن الطريق السريع الرئيسي ، لذا من الضروري وجود خريطة أو اتجاهات جيدة. يخدم هاميلتون من قبل WestJet و Air Transat و Sunquest و Flyglobespan ؛ انظر داخل هاميلتون: الوصول والمغادرة لمزيد من المعلومات.
CASE_0247,231877,endpoint,3,7680296,0.6296,0.6296,0,ar,المسافة بالسيارة من هاميلتون ، كندا إلى شلالات نياجرا ، نيويورك. المسافة الإجمالية بالسيارة من هاميلتون ، كندا إلى شلالات نياجرا ، نيويورك هي 45 ميلاً أو 72 كيلومترًا. تبدأ رحلتك في هاميلتون ، كندا. ينتهي في شلالات نياجرا ، نيويورك.
CASE_0247,231877,endpoint,4,7680302,0.62,0.62,1,ar,المسافة من نياجرا أون ذا ليك ، أونتاريو إلى هاميلتون ، أونتاريو. المسافة Ã⠀ Ã'ÂÃ'Â »أونتاريو â €» Niagara on the Lake â ؟؟؟؟؟؟؟؟؟؟؟؟؟؟؟؟؟؟؟؟؟؟؟؟؟؟؟؟؟؟؟؟؟؟؟؟؟؟؟؟؟؟؟؟؟؟؟؟؟؟؟؟؟؟؟؟؟؟؟؟؟؟؟؟؟؟؟؟؟؟؟ هناك 46 ميلا أو 74 كيلومترا من Niagara on the Lake إلى هاميلتون. تستغرق كل من Niagara on the Lake و Hamilton
CASE_0247,231877,endpoint,5,1477574,0.6151,0.6151,0,ar,تبلغ المسافة بين بار هاربور وشلالات نياجرا في خط مستقيم 543 ميلاً أو 873.69 كيلومترًا.
CASE_0247,231877,endpoint,6,5575707,0.6116,0.6116,0,ar,هناك ما يقرب من 382.56 ميلا بين شلالات نياجرا ، نيويورك وبالتيمور ، ماريلاند. الوقت المقدر للقيادة بين المدينتين هو 6 ساعات و 42 دقيقة.
CASE_0247,231877,endpoint,7,7680305,0.5977,0.5977,0,ar,ينتهي في Niagara-on-the-Lake ، أونتاريو ، كندا ، ألا يمكنك الشعور بمسافة الجولة على الخريطة الصغيرة؟ كم تبعد هاملتون عن نياجرا أون ذا ليك؟
CASE_0247,231877,endpoint,8,5747249,0.5931,0.5931,0,ar,تقع شلالات نياجرا على الحدود الأمريكية الكندية في أقصى غرب ولاية نيويورك ، على بعد حوالي 400 ميل (ما يقرب من 700 كيلومتر) من مدينة نيويورك ، على مسافة 7 إلى 8 ساعات عن طريق البر. أقرب مطار هو مطار بوفالو نياجرا الدولي (نيويورك) ، على بعد حوالي 25 ميلاً (42 كم).
CASE_0247,231877,endpoint,9,1732494,0.5907,0.5907,0,ar,نهر نياجرا. نهر نياجرا ، بطول 55 كم ، ينطلق من بحيرة إيري ويتدفق شمالًا عبر شلالات نياجرا إلى بحيرة أونتاريو. نهر نياجرا ، بطول 55 كم ، ينطلق من بحيرة إيري ويتدفق شمالًا عبر شلالات نياجرا إلى بحيرة أونتاريو. الاسم من أصل أصلي ويصف إما النهر ، على العنق أو عند العنق ، حيث يكون العنق بين بحيرات إيري و
CASE_0247,231877,endpoint,10,4910186,0.5879,0.5879,0,ar,فيما يلي بعض الأرقام ... 1 يبلغ طول نهر نياجرا حوالي 58 كيلومترًا (36 ميلًا) وهو المنفذ الطبيعي من بحيرة إيري إلى بحيرة أونتاريو. 2 يبلغ الارتفاع بين البحيرتين حوالي 99 مترًا (326 قدمًا) ، نصفها يقع في الشلالات نفسها.
CASE_0247,231877,mixed,1,7680302,0.739,0.739,1,ar,المسافة من نياجرا أون ذا ليك ، أونتاريو إلى هاميلتون ، أونتاريو. المسافة Ã⠀ Ã'ÂÃ'Â »أونتاريو â €» Niagara on the Lake â ؟؟؟؟؟؟؟؟؟؟؟؟؟؟؟؟؟؟؟؟؟؟؟؟؟؟؟؟؟؟؟؟؟؟؟؟؟؟؟؟؟؟؟؟؟؟؟؟؟؟؟؟؟؟؟؟؟؟؟؟؟؟؟؟؟؟؟؟؟؟؟ هناك 46 ميلا أو 74 كيلومترا من Niagara on the Lake إلى هاميلتون. تستغرق كل من Niagara on the Lake و Hamilton
CASE_0247,231877,mixed,2,7680305,0.6892,0.6892,0,ar,ينتهي في Niagara-on-the-Lake ، أونتاريو ، كندا ، ألا يمكنك الشعور بمسافة الجولة على الخريطة الصغيرة؟ كم تبعد هاملتون عن نياجرا أون ذا ليك؟
CASE_0247,231877,mixed,3,7680300,0.6798,0.6798,0,ar,راجع الاتجاهات من هاميلتون إلى نياجرا على البحيرة كم ستكون المسافة إذا كان بإمكان المرء الطيران من هاملتون إلى نياجرا أون ذا ليك مثل طائر في خط ثابت؟ تحقق من مسافة الرحلة بين هاميلتون ونياجرا على البحيرة ، حيث يعد وقت السفر نقطة مهمة يجب معرفتها بمسافة القيادة. ومن ثم قد ترغب أيضًا في معرفة وقت السف
CASE_0247,231877,mixed,4,7680296,0.6584,0.6584,0,ar,المسافة بالسيارة من هاميلتون ، كندا إلى شلالات نياجرا ، نيويورك. المسافة الإجمالية بالسيارة من هاميلتون ، كندا إلى شلالات نياجرا ، نيويورك هي 45 ميلاً أو 72 كيلومترًا. تبدأ رحلتك في هاميلتون ، كندا. ينتهي في شلالات نياجرا ، نيويورك.
CASE_0247,231877,mixed,5,6713857,0.649,0.649,0,ar,مسافة القيادة إلى شلالات نياجرا عبر أسرع طريق هي 103 كم (64 ميل). ومع ذلك ، فهي تبعد مسافة ما عن الطريق السريع الرئيسي ، لذا من الضروري وجود خريطة أو اتجاهات جيدة. يخدم هاميلتون من قبل WestJet و Air Transat و Sunquest و Flyglobespan ؛ انظر داخل هاميلتون: الوصول والمغادرة لمزيد من المعلومات.
CASE_0247,231877,mixed,6,7680299,0.6232,0.6232,0,ar,بالسيارة [عدل]. تقع Niagara on the Lake على بعد حوالي ساعة ونصف من تورنتو (حسب حركة المرور) و 45 دقيقة من بوفالو. من مطار تورنتو: اسلك طريق QEW شرقًا (QEW Niagara). بمجرد عبور سانت كاثرينز ، اخرج من طريق نياجرا ستون (HWY # 55).
CASE_0247,231877,mixed,7,5575707,0.6212,0.6212,0,ar,هناك ما يقرب من 382.56 ميلا بين شلالات نياجرا ، نيويورك وبالتيمور ، ماريلاند. الوقت المقدر للقيادة بين المدينتين هو 6 ساعات و 42 دقيقة.
CASE_0247,231877,mixed,8,4571297,0.5919,0.5919,0,ar,1 تاورانجا ، نيوزيلندا ، 12.394 ميل. 2 Whitianga، نيوزيلندا، 12.393 ميل. 3 Whakatane، نيوزيلندا، 12.370 ميل. 4 روتوروا ، نيوزيلندا ، 12.363 ميل. Hamilton، New Zealand، 12.363 mi.
CASE_0247,231877,mixed,9,4519838,0.5899,0.5899,0,ar,مسافة القيادة من مدينة نيويورك إلى شلالات نياجرا في أونتاريو هي 410 أميال. يبدأ سفرك في مدينة نيويورك ، نيويورك ، الولايات المتحدة. ينتهي في شلالات نياجرا أونتاريو.
CASE_0247,231877,mixed,10,1477574,0.5889,0.5889,0,ar,تبلغ المسافة بين بار هاربور وشلالات نياجرا في خط مستقيم 543 ميلاً أو 873.69 كيلومترًا.
CASE_0247,264827,endpoint,1,6786307,0.717,0.717,0,ar,تستغرق الرحلة بدون توقف من القاهرة إلى باريس ما بين 4 ساعات إلى 5 ساعات و 15 دقيقة حسب سرعة إبحار الطائرة والحالة الفنية وسرعة الطقس / الرياح .. أسرع رحلة بموقف واحد بين القاهرة وباريس تستغرق ما يقرب من 7 ساعات. ومع ذلك ، قد تستغرق بعض شركات الطيران ما يصل إلى 30 ساعة بناءً على وجهة التوقف ومدة الان
CASE_0247,264827,endpoint,2,7071071,0.7131,0.7131,0,ar,كم تستغرق الرحلة من فيلادلفيا بنسلفانيا إلى القاهرة مصر؟ مدة الرحلة للرحلات الجوية بين الأماكن المذكورة أعلاه هي 11 ساعة و 55 دقيقة وهذا وقت سفر تقريبي (محسوب في الظروف المثالية. سرعة السفر 500 ميل في الساعة و 30 دقيقة للإقلاع والهبوط ).
CASE_0247,264827,endpoint,3,7071068,0.7121,0.7121,0,ar,يبلغ إجمالي زمن الرحلة المباشرة بين جوهانسبرج بجنوب إفريقيا والقاهرة بمصر حوالي 7 ساعات و 50 دقيقة. لا يشمل هذا مقدار الوقت الذي قد تقضيه في الانتظار في مطار جوي لرحلة متصلة. مسافة الرحلة 6244.56 كم.
CASE_0247,264827,endpoint,4,7071066,0.7115,0.7115,1,ar,وقت الطيران من شيكاغو ، إلينوي إلى القاهرة ، مصر. إجمالي مدة الرحلة من شيكاغو إلى القاهرة ، مصر هي 12 ساعة و 47 دقيقة. يفترض هذا متوسط ​​سرعة طيران لطائرة تجارية تبلغ 500 ميل في الساعة ، أي ما يعادل 805 كم / ساعة أو 434 عقدة. كما أنه يضيف 30 دقيقة إضافية للإقلاع والهبوط. قد يختلف وقتك المحدد اعتمادً
CASE_0247,264827,endpoint,5,6246491,0.7101,0.7101,0,ar,تستغرق الرحلة من القاهرة إلى طوكيو 14 ساعة و 40 دقيقة. مدة الرحلة الواحدة من مطار القاهرة الدولي إلى NRT عبر PEK هي 14 ساعة و 40 دقيقة (تديرها مصر للطيران).
CASE_0247,264827,endpoint,6,6786303,0.707,0.707,0,ar,تستغرق الرحلة من القاهرة إلى باريس 4 ساعات و 45 دقيقة. مدة الرحلة بدون توقف من CAI إلى CDG هي 4 ساعات و 45 دقيقة (تديرها الخطوط الجوية الفرنسية).
CASE_0247,264827,endpoint,7,632138,0.7028,0.7028,0,ar,وقت الطيران من دبي ، الإمارات العربية المتحدة إلى القاهرة ، مصر. مدة الرحلة الإجمالية من دبي ، الإمارات العربية المتحدة إلى القاهرة ، مصر هي 3 ساعات و 31 دقيقة. يفترض هذا متوسط ​​سرعة طيران لطائرة تجارية تبلغ 500 ميل في الساعة ، أي ما يعادل 805 كم / ساعة أو 434 عقدة. كما أنه يضيف 30 دقيقة إضافية للإ
CASE_0247,264827,endpoint,8,6246492,0.7021,0.7021,0,ar,هناك عدد قليل جدًا من الرحلات بدون توقف من القاهرة إلى طوكيو. لذلك ، سيتعين عليك القيام برحلات متصلة. في مثل هذه الحالات ، يعتمد وقت الرحلة على وجهة التوقف التي تحددها شركة الطيران الخاصة بك أو الوجهة التي تختارها أثناء حجز تذكرتك. تستغرق أسرع رحلة وقفة واحدة بين القاهرة وطوكيو ما يقرب من 15 ساعة. و
CASE_0247,264827,endpoint,9,6786302,0.7005,0.7005,0,ar,وقت الطيران من القاهرة ، مصر إلى باريس ، فرنسا. إجمالي مدة الرحلة من القاهرة ، مصر إلى باريس ، فرنسا 4 ساعات و 30 دقيقة. يفترض هذا متوسط ​​سرعة طيران لطائرة تجارية تبلغ 500 ميل في الساعة ، أي ما يعادل 805 كم / ساعة أو 434 عقدة. كما أنه يضيف 30 دقيقة إضافية للإقلاع والهبوط. قد يختلف وقتك المحدد اعتما
CASE_0247,264827,endpoint,10,2577289,0.6987,0.6987,0,ar,تستغرق أسرع رحلة وقفة واحدة بين القاهرة ودبي ما يقرب من 5 ساعات. ومع ذلك ، قد تستغرق بعض شركات الطيران ما يصل إلى 28 ساعة بناءً على وجهة التوقف ومدة الانتظار. هذا هو متوسط ​​زمن الرحلة بدون توقف من القاهرة إلى دبي. بشكل جيد ، تستغرق رحلات الربط والرحلات المباشرة مع التوقف وقتًا أطول من الرحلات بدون
CASE_0247,264827,mixed,1,7071066,0.7434,0.7434,1,ar,وقت الطيران من شيكاغو ، إلينوي إلى القاهرة ، مصر. إجمالي مدة الرحلة من شيكاغو إلى القاهرة ، مصر هي 12 ساعة و 47 دقيقة. يفترض هذا متوسط ​​سرعة طيران لطائرة تجارية تبلغ 500 ميل في الساعة ، أي ما يعادل 805 كم / ساعة أو 434 عقدة. كما أنه يضيف 30 دقيقة إضافية للإقلاع والهبوط. قد يختلف وقتك المحدد اعتمادً
CASE_0247,264827,mixed,2,6786303,0.7225,0.7225,0,ar,تستغرق الرحلة من القاهرة إلى باريس 4 ساعات و 45 دقيقة. مدة الرحلة بدون توقف من CAI إلى CDG هي 4 ساعات و 45 دقيقة (تديرها الخطوط الجوية الفرنسية).
CASE_0247,264827,mixed,3,5589803,0.6854,0.6854,0,ar,بلغ عن سوء معاملة. يعتمد ذلك على المكان الذي تسافر منه في الولايات المتحدة الأمريكية وإلى أين أنت ذاهب في مصر. الرحلات المباشرة الوحيدة من الولايات المتحدة الأمريكية إلى مصر هي رحلات نيويورك - القاهرة التي تقدمها مصر للطيران. هذه الرحلات بدون توقف وتستغرق 10 ساعات و 15 دقيقة. المصدر (المصادر): دليل
CASE_0247,264827,mixed,4,6786307,0.6839,0.6839,0,ar,تستغرق الرحلة بدون توقف من القاهرة إلى باريس ما بين 4 ساعات إلى 5 ساعات و 15 دقيقة حسب سرعة إبحار الطائرة والحالة الفنية وسرعة الطقس / الرياح .. أسرع رحلة بموقف واحد بين القاهرة وباريس تستغرق ما يقرب من 7 ساعات. ومع ذلك ، قد تستغرق بعض شركات الطيران ما يصل إلى 30 ساعة بناءً على وجهة التوقف ومدة الان
CASE_0247,264827,mixed,5,7071068,0.6825,0.6825,0,ar,يبلغ إجمالي زمن الرحلة المباشرة بين جوهانسبرج بجنوب إفريقيا والقاهرة بمصر حوالي 7 ساعات و 50 دقيقة. لا يشمل هذا مقدار الوقت الذي قد تقضيه في الانتظار في مطار جوي لرحلة متصلة. مسافة الرحلة 6244.56 كم.
CASE_0247,264827,mixed,6,632138,0.6803,0.6803,0,ar,وقت الطيران من دبي ، الإمارات العربية المتحدة إلى القاهرة ، مصر. مدة الرحلة الإجمالية من دبي ، الإمارات العربية المتحدة إلى القاهرة ، مصر هي 3 ساعات و 31 دقيقة. يفترض هذا متوسط ​​سرعة طيران لطائرة تجارية تبلغ 500 ميل في الساعة ، أي ما يعادل 805 كم / ساعة أو 434 عقدة. كما أنه يضيف 30 دقيقة إضافية للإ
CASE_0247,264827,mixed,7,6246492,0.68,0.68,0,ar,هناك عدد قليل جدًا من الرحلات بدون توقف من القاهرة إلى طوكيو. لذلك ، سيتعين عليك القيام برحلات متصلة. في مثل هذه الحالات ، يعتمد وقت الرحلة على وجهة التوقف التي تحددها شركة الطيران الخاصة بك أو الوجهة التي تختارها أثناء حجز تذكرتك. تستغرق أسرع رحلة وقفة واحدة بين القاهرة وطوكيو ما يقرب من 15 ساعة. و
CASE_0247,264827,mixed,8,6786302,0.6788,0.6788,0,ar,وقت الطيران من القاهرة ، مصر إلى باريس ، فرنسا. إجمالي مدة الرحلة من القاهرة ، مصر إلى باريس ، فرنسا 4 ساعات و 30 دقيقة. يفترض هذا متوسط ​​سرعة طيران لطائرة تجارية تبلغ 500 ميل في الساعة ، أي ما يعادل 805 كم / ساعة أو 434 عقدة. كما أنه يضيف 30 دقيقة إضافية للإقلاع والهبوط. قد يختلف وقتك المحدد اعتما
CASE_0247,264827,mixed,9,6246491,0.6782,0.6782,0,ar,تستغرق الرحلة من القاهرة إلى طوكيو 14 ساعة و 40 دقيقة. مدة الرحلة الواحدة من مطار القاهرة الدولي إلى NRT عبر PEK هي 14 ساعة و 40 دقيقة (تديرها مصر للطيران).
CASE_0247,264827,mixed,10,632141,0.6769,0.6769,0,ar,يعتمد حساب وقت الرحلة على مسافة الرحلة بالخط المستقيم من دبي ، الإمارات العربية المتحدة إلى القاهرة ، مصر (كما يطير الغراب) ، والتي تبلغ حوالي 1507 ميلاً أو 2 × 425 كيلومترًا . تبدأ رحلتك في دبي ، الإمارات العربية المتحدة.
CASE_0247,898631,endpoint,1,7947473,0.6301,0.6301,0,ar,على الرغم من أن مرافق الركاب تقع داخل هوبوكين ، إلا أن جزءًا كبيرًا من البنية التحتية التي تدعمها يقع على خط مدينة جيرسي سيتي ، والذي يمر عبر ساحة السكك الحديدية في قطري شمال غربي من النهر إلى تقاطع شارع جروف وشارع نيوارك.
CASE_0247,898631,endpoint,2,7947478,0.6214,0.6214,0,ar,Hoboken Terminal هي واحدة من مراكز النقل الرئيسية في منطقة نيويورك الحضرية. يقع المرفق متعدد الوسائط في هوبوكين ، مقاطعة هدسون ، نيو جيرسي ، الولايات المتحدة.
CASE_0247,898631,endpoint,3,5898533,0.617,0.617,0,ar,يمكنك التغيير إلى قطار PATH لخفض مانهاتن في هوبوكين. جميع خطوط السكك الحديدية الشمالية New Jersey NJ Transit ومحطة Amtrak عند Secaucus Junction. الوصول إلى محطة سكة حديد Secaucus Junction عن طريق التاكسي أو الحافلة فقط. لا يوجد موقف سيارات للركاب في المحطة.
CASE_0247,898631,endpoint,4,7947471,0.6142,0.6142,1,ar,انعطف يسارًا عند 14th Street ، وانطلق لمسافة 0.2 ميل حتى نهايته في شارع Hudson Street. انعطف يمينًا في شارع Hudson Street وتابع مسافة 1.2 ميل إلى Hudson Place. تقع محطة PATH Hoboken على يسارك في Hudson Place في River Road. من NJ Turnpike I 95 South اتبع اللافتات المؤدية إلى Lincoln Tunnel. اخرج عند
CASE_0247,898631,endpoint,5,3200919,0.6128,0.6128,0,ar,العنوان: 95 شارع واشنطن / طريق كارلوس بيكري ، هوبوكين ، نيوجيرسي. يقع مخبز كارلو دراج في هوبوكين ، نيو جيرسي ، على الجانب الآخر من نهر هدسون. يمكن الوصول إلى المخبز بواسطة قطار PATH أو الحافلة من مانهاتن. قطار المسار - قطار مسار مباشر إلى هوبوكين ، نيو جيرسي يغادر من شارع 33.
CASE_0247,898631,endpoint,6,7947474,0.6125,0.6125,0,ar,محطة هوبوكين بعد وقت قصير من بنائها. حتى افتتاح أنفاق نورث ريفر وأنابيب سكك حديد هدسون ومانهاتن في حوالي عام 1910 ، كان السفر إلى مانهاتن من معظم الولايات المتحدة القارية يتطلب النقل إلى عبارة في نهر هدسون ، في ذلك الوقت كان يُطلق عليه غالبًا نهر الشمال.
CASE_0247,898631,endpoint,7,3833546,0.6062,0.6062,0,ar,الصفحة الرئيسية <منطقة نيويورك <نيو جيرسي ترانزيت <خط وادي باسكاك <شارع أندرسون. Anderson Street (Hackensack) هي المحطة الشمالية المفتوحة حاليًا (كانت هناك أربع محطات ذات أسماء شوارع) في مدينة نيوجيرسي هذه. كان للمحطة منزل محطة حائط بلون الكريم مع سقف بني متدلي.
CASE_0247,898631,endpoint,8,1597340,0.6002,0.6002,0,ar,ربما تكون أفضل محطة قطار PATH للوصول إلى مدينة نيويورك هي محطة هوبوكين. يوفر Hoboken إطلالات جميلة على أفق مانهاتن ، بالإضافة إلى عدد من المطاعم والبارات المحلية. تحتوي محطة جورنال سكوير على فندق رامادا قريب وهو الأفضل للمسافرين ذوي التفكير الاقتصادي. PATH للوصول إلى مطار نيوارك
CASE_0247,898631,endpoint,9,3399204,0.5929,0.5929,0,ar,هناك الكثير منتشرة في جميع أنحاء العالم. يقع مقرهم الرئيسي في هوبوكين ، نيوجيرسي التي تقع عبر نهر هدسون من مدينة نيويورك.
CASE_0247,898631,endpoint,10,8489069,0.5899,0.5899,0,ar,ࢠHoboken Train Station to NYC Holland Tunnel NJ Newport Path Station ࢠÂ⠬ ¢ Newport Light Rail Station ࢠ€Â Newport PATH Subway Station - Town Square Pl، Jersey City، NJ 07310
CASE_0247,898631,mixed,1,7947471,0.6438,0.6438,1,ar,انعطف يسارًا عند 14th Street ، وانطلق لمسافة 0.2 ميل حتى نهايته في شارع Hudson Street. انعطف يمينًا في شارع Hudson Street وتابع مسافة 1.2 ميل إلى Hudson Place. تقع محطة PATH Hoboken على يسارك في Hudson Place في River Road. من NJ Turnpike I 95 South اتبع اللافتات المؤدية إلى Lincoln Tunnel. اخرج عند
CASE_0247,898631,mixed,2,7947478,0.6316,0.6316,0,ar,Hoboken Terminal هي واحدة من مراكز النقل الرئيسية في منطقة نيويورك الحضرية. يقع المرفق متعدد الوسائط في هوبوكين ، مقاطعة هدسون ، نيو جيرسي ، الولايات المتحدة.
CASE_0247,898631,mixed,3,8489069,0.6298,0.6298,0,ar,ࢠHoboken Train Station to NYC Holland Tunnel NJ Newport Path Station ࢠÂ⠬ ¢ Newport Light Rail Station ࢠ€Â Newport PATH Subway Station - Town Square Pl، Jersey City، NJ 07310
CASE_0247,898631,mixed,4,7947473,0.5995,0.5995,0,ar,على الرغم من أن مرافق الركاب تقع داخل هوبوكين ، إلا أن جزءًا كبيرًا من البنية التحتية التي تدعمها يقع على خط مدينة جيرسي سيتي ، والذي يمر عبر ساحة السكك الحديدية في قطري شمال غربي من النهر إلى تقاطع شارع جروف وشارع نيوارك.
CASE_0247,898631,mixed,5,6947577,0.5967,0.5967,0,ar,في الشمال ، يتصل Hoboken بـ Weehawken من خلال جسرين ، وإلى Jersey City في الجنوب من خلال شارع Newark Street و Marin Boulevard. هوبوكين مزدحمة باللافتات الشاذة أو التي عفا عليها الزمن ، أكثر بكثير من فدان مقابل فدان ، من شقيقها الأكبر عبر النهر - كان آن إس زورن لديه عمل من نوع ما في 413 فيرست ستريت.
CASE_0247,898631,mixed,6,5898533,0.5925,0.5925,0,ar,يمكنك التغيير إلى قطار PATH لخفض مانهاتن في هوبوكين. جميع خطوط السكك الحديدية الشمالية New Jersey NJ Transit ومحطة Amtrak عند Secaucus Junction. الوصول إلى محطة سكة حديد Secaucus Junction عن طريق التاكسي أو الحافلة فقط. لا يوجد موقف سيارات للركاب في المحطة.
CASE_0247,898631,mixed,7,6947581,0.5901,0.5901,0,ar,عدد الطرود المملوكة لشركة New Jersey Transit (NJ Transit) القريبة من نهر Hudson في الجزء الجنوبي الشرقي من مدينة Hoboken. يمتد مجمع NJ Transit Terminal إلى مدينة Jersey City ، حيث يوجد â € Ã'Â ± 30 فدانًا إضافيًا من ساحات السكك الحديدية ووسائل النقل العابر. وفقًا للخرائط الضريبية الرسمية لـ Hoboken
CASE_0247,898631,mixed,8,3833546,0.5897,0.5897,0,ar,الصفحة الرئيسية <منطقة نيويورك <نيو جيرسي ترانزيت <خط وادي باسكاك <شارع أندرسون. Anderson Street (Hackensack) هي المحطة الشمالية المفتوحة حاليًا (كانت هناك أربع محطات ذات أسماء شوارع) في مدينة نيوجيرسي هذه. كان للمحطة منزل محطة حائط بلون الكريم مع سقف بني متدلي.
CASE_0247,898631,mixed,9,4242079,0.5894,0.5894,0,ar,في Trenton ، يمكن للركاب الاتصال بـ SEPTA و Amtrak. \\ n \\ t \\ t \\ t. \\ n \\ t \\ tAt Hoboken Terminal في NJ TRANSIT ، يمكن إجراء النقل إلى قطارات PATH بين هوبوكين وجيرسي سيتي ونيوارك ووسط مانهاتن ؛ إلى خدمة العبارات المتجهة إلى مانهاتن ؛ وإلى نظام Hudson-Bergen للسكك الحديدية الخفيفة NJ TRANSIT
CASE_0247,898631,mixed,10,7947470,0.5883,0.5883,0,ar,يضعك عنوان Hoboken هذا في قلب الأناقة على ضفاف النهر ، مع مناظر تكتسح النهر والأفق وميناء نيويورك.
CASE_0247,1006791,endpoint,1,7883590,0.5301,0.5301,0,ar,اختار دونالد ترامب عضو الكونجرس آنذاك توم برايس ليكون السكرتير الثالث والعشرين لقسم الصحة والخدمات الإنسانية. تم تأكيد السعر من قبل مجلس الشيوخ الأمريكي في 10 فبراير 2017 واستقال في 29 سبتمبر 2017.
CASE_0247,1006791,endpoint,2,2581919,0.5269,0.5269,0,ar,في عام 1742 ، بعد الإدلاء بصوته في قضية سياسية للغاية ، استقال من منصبه لدحض مزاعم النفوذ السياسي.
CASE_0247,1006791,endpoint,3,7211221,0.5231,0.5231,0,ar,دبي ، الإمارات العربية المتحدة (CNN) - عندما استقال سكرتير موظفي البيت الأبيض ، روب بورتر ، الأربعاء الماضي ، بعد يوم واحد من نشر اتهامات بالعنف المنزلي ضده ، بدا الأمر وكأنه بداية ونهاية عروض بري أخرى
CASE_0247,1006791,endpoint,4,7194553,0.5215,0.5215,0,ar,"""تنتهي ولاية الأمين العام بان كي مون بنهاية العام ، ولم يظهر إجماع واضح على خليفته. """"واشنطن بوست"""". ملخص: اختصار السكرتير. هناك نوعان من الاختصارات الشائعة للسكرتير: ثانية. و secy. إذا كنت تريد عمل أيٍّ من هاتين الجمع ، فما عليك سوى إضافة ࢠÂ"""
CASE_0247,1006791,endpoint,5,44654,0.52,0.52,0,ar,شارك Summerfield Township MI ارتباطًا. 16 سبتمبر ، الساعة 3:59 صباحًا. استقال المتحدث باسم Finkbeiner مستشهداً بإساءة استخدام المرشح العمدة السابق Carty Finkbeiner - السكرتير الصحفي - استقال الليلة ، قائلاً إنه لا يمكن أن يأخذ السيد Finkbeiner - - الغضب.
CASE_0247,1006791,endpoint,6,4153845,0.5198,0.5198,0,ar,السكرتير هو عضو في مكتب الرئيس. كان المكتب سابقًا وزير الصحة والتعليم والرعاية الاجتماعية. في عام 1979 ، تمت إعادة تسمية وزارة الصحة والتعليم والرعاية الاجتماعية باسم وزارة الصحة والخدمات الإنسانية ، وتم نقل وظائفها التعليمية إلى إدارة التعليم الجديدة.
CASE_0247,1006791,endpoint,7,3642132,0.5191,0.5191,0,ar,جاي كارني يستقيل من منصب السكرتير الصحفي. أعلن الرئيس أوباما أن السكرتير الصحفي للبيت الأبيض ، جاي كارني ، سيغادر منصبه ، في ظهور مفاجئ في غرفة المؤتمر الصحفي يوم الجمعة. تاريخ النشر 30 مايو 2014.
CASE_0247,1006791,endpoint,8,8509194,0.5126,0.5126,0,ar,تحصل جميع مناصب سكرتير مجلس الوزراء على راتب سنوي قدره 176،461 دولارًا. راتب السكرتير الصحفي: 176461 دولارًا. سيقدم السكرتير الصحفي إحاطات يومية لوسائل الإعلام حول أنشطة الرئيس وجدول أعماله. شون سبايسر يستقيل: سارة هوكابي ساندرز السكرتيرة الصحفية الجديدة. راتب مستشار الأمن القومي: 176.461 دولار
CASE_0247,1006791,endpoint,9,3300304,0.5101,0.5101,0,ar,انقر للتوسيع ... قبل الحرب الأهلية الأمريكية ، كان صمويل كوبر نائبًا عامًا برتبة عقيد ، واستقال في 7 مارس 1861 وفقًا للسجل الرسمي لجيش الولايات المتحدة ، الصادر في سبتمبر 1861.
CASE_0247,1006791,endpoint,10,3136601,0.5094,0.5094,0,ar,"""استمر في قراءة القصة الرئيسية. استقال رئيس بال شميت من منصبه الاحتفالي إلى حد كبير يوم الاثنين وسط عاصفة من الانتقادات لما أسماه """"ادعاءات لا أساس لها"""" من السرقة الأدبية في عام 1992. أطروحة الدكتوراه."""
CASE_0247,1006791,mixed,1,5260335,0.6237,0.6237,0,ar,استقال سكرتير HHS المؤكّد سابقًا ، توم برايس ، وهو ممثل جمهوري سابق ، بعد تعثر جهود تغيير نظام قانون الرعاية بأسعار معقولة ، وبعد أن واجه برايس انتقادات بشأن نفقات سفره. (ذات صلة: مرشح HHS يدعم مبيعات التغطية الصحية بين الولايات) أكد مجلس الشيوخ السعر في 10 فبراير 2017 ، بتصويت 52-47. كل جمهوري شارك
CASE_0247,1006791,mixed,2,7883590,0.6083,0.6083,0,ar,اختار دونالد ترامب عضو الكونجرس آنذاك توم برايس ليكون السكرتير الثالث والعشرين لقسم الصحة والخدمات الإنسانية. تم تأكيد السعر من قبل مجلس الشيوخ الأمريكي في 10 فبراير 2017 واستقال في 29 سبتمبر 2017.
CASE_0247,1006791,mixed,3,7252662,0.6057,0.6057,1,ar,استقالة وزير الصحة والخدمات البشرية في HHS توم برايس في 29 سبتمبر 2017 - استقال توم برايس ، وزير الصحة والخدمات الإنسانية في الرئيس دونالد ترامب ، بعد ظهر يوم الجمعة في أعقاب الكشف عن أنه استخدم رحلات الطيران العارض على حساب دافعي الضرائب. جاء الإعلان بعد فترة وجيزة من إخبار ترامب للصحفيين بأنه يعتب
CASE_0247,1006791,mixed,4,7252664,0.5977,0.5977,0,ar,واشنطن - استقال توم برايس ، وزير الصحة والخدمات الإنسانية ، تحت الضغط يوم الجمعة بعد أن جمع ما لا يقل عن 400 ألف دولار في فواتير السفر للرحلات الجوية المستأجرة وتقويض الرئيس ترامب ¢ ​​Ã'Ã' - الوعد بتجفيف مستنقع رأس المال الفاسد والمخول.
CASE_0247,1006791,mixed,5,7252661,0.579,0.579,0,ar,سيتم استبدال السعر في الوقت الحالي من قبل دون رايت ، الذي تم الإعلان عنه كسكرتير بالإنابة. كان رايت يشغل منصب نائب مساعد وزير الصحة ومدير مكتب الوقاية من الأمراض وتعزيز الصحة. في خطاب استقالة من أربع صفحات إلى ترامب ، قال برايس إنه يأسف لأن الأحداث الأخيرة خلقت تشتيت الانتباه عن أهداف الإدارة.
CASE_0247,1006791,mixed,6,230576,0.5674,0.5674,0,ar,سكرتير HHS توماس إي برايس ، العضو المنتدب الدكتور توماس إي برايس ، أدى اليمين الدستورية بصفته وزير الصحة والخدمات الإنسانية الثالث والعشرين (HHS) في 10 فبراير 2017. إنه يجلب إلى الإدارة مدى الحياة من الخدمة والتفاني في تعزيز جودة الرعاية الصحية في أمريكا - كطبيب وصانع سياسات. قراءة المزيد حول سكرتير
CASE_0247,1006791,mixed,7,7252665,0.5643,0.5643,0,ar,توم برايس يستقيل من منصب وزير HHS وسط تحقيقات طائرة خاصة: طلقات - أخبار الصحة ، استقال وزير HHS ، توم برايس ، الذي اكتسب سمعة في مجلس النواب باعتباره من الصقور المنتقدين لنفايات الحكومة ، يوم الجمعة بعد أن انتقده الرئيس ترامب لاستئجاره رحلات طيران خاصة.
CASE_0247,1006791,mixed,8,4618603,0.5625,0.5625,0,ar,"""وقد أوضح عاطفته في المؤتمر الصحفي ، واصفًا رئيسه بـ """"الرئيس الذي أحبه وأحترمه"""". روبرت جيبس ​​يستقيل: خلف خروج السكرتير الصحفي للبيت الأبيض هوارد كورتز في 4 يناير 2011. شوطًا طويلاً حتى أمرها رئيسها ، الرئيس أوباما ، بالتنحي."""
CASE_0247,1006791,mixed,9,7252658,0.5603,0.5603,0,ar,رئيس مجلس النواب بول ريان ، R-Wis. صدر بيان عن استقالة سكرتير HHS توم برايس يوم الجمعة ، مشيرًا إليه على أنه رجل طيب. (تصوير رود لامكي / غيتي إيماجز) قال رئيس مجلس النواب بول ريان في بيان إن توم برايس رجل طيب.
CASE_0247,1006791,mixed,10,7252659,0.5592,0.5592,0,ar,"""قدم توم برايس وزير الصحة والخدمات الإنسانية استقالته يوم الجمعة. وتعرض السيد برايس لانتقادات بسبب استخدامه لرحلات طيران مستأجرة باهظة الثمن ، الأمر الذي قوض وعد الرئيس ترامب بـ """"تجفيف المستنقع"""". ¬Ã 'من رأس مال مسمى."""
CASE_0247,1011140,endpoint,1,1952449,0.6054,0.6054,0,ar,اختيار الأسلاك. لتطبيقات الفولاذ الطري للأغراض العامة ، يمكن استخدام سلك ذو قلب متدفق مع التعيين E71T-11 أو E71T-GS في أي موضع ، وهو متوفر في مجموعة واسعة من الأحجام ويوفر خصائص لحام ممتازة لكل من المواد الرقيقة والسميكة.
CASE_0247,1011140,endpoint,2,2797924,0.6033,0.6033,0,ar,الفولاذ الطري المجلفن هو المادة القياسية والأكثر شيوعًا المستخدمة في تصنيع مجاري الهواء. لأغراض العزل ، عادة ما يتم تبطين مجاري الهواء المعدنية بغطاء من الألياف الزجاجية (بطانة مجرى الهواء) أو ملفوفة من الخارج ببطانيات من الألياف الزجاجية (غلاف مجرى الهواء). تكييف الهواء (HVAC) لتوصيل الهواء وإزالته
CASE_0247,1011140,endpoint,3,7246357,0.5991,0.5991,1,ar,بالنسبة للحام الفولاذ الطري من طراز mig ، استخدم سلك e70s6 و 75/25 أرجون / c02 ، إذا كنت بحاجة إلى اللحام بالخارج ، فاحصل على بعض Hobart Fabshield 21b. تيج لحام الصلب. يستخدم لحام Tig على نطاق واسع في لحام الأنابيب ، والفضاء ، والطيران ، والغرسات الطبية الحيوية
CASE_0247,1011140,endpoint,4,770357,0.599,0.599,0,ar,الفولاذ الطري المجلفن هو المادة القياسية والأكثر شيوعًا المستخدمة في تصنيع مجاري الهواء لأن طلاء الزنك لهذا المعدن يمنع الصدأ ويتجنب تكلفة الطلاء. لأغراض العزل ، عادةً ما يتم تبطين القنوات المعدنية ببطانيات من الألياف الزجاجية (بطانة مجرى الهواء) أو ملفوفة خارجيًا ببطانيات من الألياف الزجاجية (غلاف
CASE_0247,1011140,endpoint,5,7246362,0.5901,0.5901,0,ar,بالنسبة للحام الفولاذ الطري من طراز mig ، استخدم سلك e70s6 و 75/25 أرجون / c02 ، إذا كنت بحاجة إلى اللحام بالخارج ، فاحصل على بعض Hobart Fabshield 21b. يستخدم لحام Tig اللحام بالفولاذ Tig على نطاق واسع في لحام الأنابيب ، والفضاء ، والطيران ، والغرسات الطبية الحيوية ، وتصنيع سيارات السباق ، والمروحيا
CASE_0247,1011140,endpoint,6,7246358,0.5898,0.5898,0,ar,إذا كنت تستخدم سلك قلب التدفق ، فلا داعي لحجب الغاز. ولكن باستخدام سلك قلب التدفق ، يمكنك فقط لحام الفولاذ الطري. يمكن استخدام سلك Flux core في أي ماكينة لحام MIG ، كل ما عليك فعله هو عكس polatity أكثر مما لو كنت تقوم باللحام بغاز التدريع.
CASE_0247,1011140,endpoint,7,3477733,0.5825,0.5825,0,ar,الفولاذ الطري المجلفن هو المادة القياسية والأكثر شيوعًا المستخدمة في تصنيع مجاري الهواء. لأغراض العزل ، عادةً ما يتم تبطين مجاري الهواء المعدنية بغطاء من الألياف الزجاجية (بطانة مجرى الهواء) أو ملفوفة من الخارج ببطانيات من الألياف الزجاجية (غلاف مجاري الهواء). تعتبر القناة التي تحتوي على أقل من 0.75
CASE_0247,1011140,endpoint,8,5066357,0.5773,0.5773,0,ar,يسمى المعدن الموجود في السلك الكهربائي بالموصل. تُستخدم العديد من المواد لنقل الطاقة الكهربائية ، ولكن أكثرها استخدامًا هي النحاس والفولاذ المغطى بالنحاس وسبائك النحاس عالية القوة والألمنيوم.
CASE_0247,1011140,endpoint,9,2585015,0.5771,0.5771,0,ar,قد يكون السلك خيطًا واحدًا عاديًا أو سلكًا شائكًا ، أو شبكة منسوجة ، وقادر على توتر أعلى بكثير من الفولاذ الطري. يسمح باستخدام مسافات أوسع ولا يتم شدها بسهولة بواسطة الحيوانات أو الأشجار أو الفروع المتساقطة. يمكن عزله وكهربة.
CASE_0247,1011140,endpoint,10,181757,0.5711,0.5711,0,ar,¢ ¢ - وفر 23 - 32٪ من قائمة! لتقطيع كتل الطين وتقطيعها ، وقطع الأواني عن العجلة. يتم تثبيت الأسلاك الملتوية القوية للغاية المصنوعة من الفولاذ المقاوم للصدأ بإحكام بمقابض تبديل من الخشب الصلب. قاطع طين السلك - مقابض تبديل من الخشب الصلب 3 سم (8 سم) ، مثبتة بإحكام حتى 18 (46 سم) من الأسلاك الملتوية ال
CASE_0247,1011140,mixed,1,7246357,0.6594,0.6594,1,ar,بالنسبة للحام الفولاذ الطري من طراز mig ، استخدم سلك e70s6 و 75/25 أرجون / c02 ، إذا كنت بحاجة إلى اللحام بالخارج ، فاحصل على بعض Hobart Fabshield 21b. تيج لحام الصلب. يستخدم لحام Tig على نطاق واسع في لحام الأنابيب ، والفضاء ، والطيران ، والغرسات الطبية الحيوية
CASE_0247,1011140,mixed,2,7246362,0.6493,0.6493,0,ar,بالنسبة للحام الفولاذ الطري من طراز mig ، استخدم سلك e70s6 و 75/25 أرجون / c02 ، إذا كنت بحاجة إلى اللحام بالخارج ، فاحصل على بعض Hobart Fabshield 21b. يستخدم لحام Tig اللحام بالفولاذ Tig على نطاق واسع في لحام الأنابيب ، والفضاء ، والطيران ، والغرسات الطبية الحيوية ، وتصنيع سيارات السباق ، والمروحيا
CASE_0247,1011140,mixed,3,3269426,0.624,0.624,0,ar,اللحام MIG اللحام MIG باستخدام الأسلاك الصلبة هو عملية مهمة للانضمام إلى الفولاذ المقاوم للصدأ ، عادة مع مخاليط الأرجون أو الأرجون / الهيليوم. تحتوي هذه الغازات أيضًا على كميات صغيرة من غاز مؤكسد مثل الأكسجين أو ثاني أكسيد الكربون لتثبيت القوس.
CASE_0247,1011140,mixed,4,4509319,0.6042,0.6042,0,ar,هذا هو أقوى جهاز لحام MIG في فئته ، مما يسمح لك بلحام ما يصل إلى 3/8 من الفولاذ الطري عند التوصيل بـ 230 فولت تيار متردد. هناك سبعة إعدادات للطاقة ، وتحكم غير محدود في سرعة السلك ، ومسدس SpoolRunner 100 الاختياري من Hobart مصمم خصيصًا لتجنب اختناقات الأسلاك لسلك الألمنيوم الناعم.
CASE_0247,1011140,mixed,5,8606233,0.6027,0.6027,0,ar,ومع ذلك ، سوف تحتاج إلى استخدام سلك MIG من الفولاذ المقاوم للصدأ. أوصي بقطر 0.030 ، إما على بكرة بسعة 2 رطل أو عشرة أرطال. لتطبيقك الخاص ، استخدم درجة 308LSi. بشكل عام ، تعتمد درجة السلك الذي تستخدمه على نوع مادة قاعدة الفولاذ المقاوم للصدأ التي تقوم بلحامها.
CASE_0247,1011140,mixed,6,1925617,0.599,0.599,0,ar,ما هي المتطلبات الكهربائية لسياط الأسلاك التي تربط الطاقة من تركيبات إلى أخرى.
CASE_0247,1011140,mixed,7,181757,0.5964,0.5964,0,ar,¢ ¢ - وفر 23 - 32٪ من قائمة! لتقطيع كتل الطين وتقطيعها ، وقطع الأواني عن العجلة. يتم تثبيت الأسلاك الملتوية القوية للغاية المصنوعة من الفولاذ المقاوم للصدأ بإحكام بمقابض تبديل من الخشب الصلب. قاطع طين السلك - مقابض تبديل من الخشب الصلب 3 سم (8 سم) ، مثبتة بإحكام حتى 18 (46 سم) من الأسلاك الملتوية ال
CASE_0247,1011140,mixed,8,1087556,0.5961,0.5961,0,ar,الفولاذ المجلفن لمقاومة الطقس والتآكل. يستخدم سلك شد بطول 170 قدمًا لتطبيق التوتر على الجزء السفلي من سياج ربط السلسلة. يتم توصيل سلك الشد بالعمود الطرفي باستخدام أحزمة شد ومسمار النقل مقاس 5/16 بوصة × 1-1 / 4 بوصة. نسج الأسلاك من خلال الجزء السفلي من نسيج رابط السلسلة و / أو اربطها بحلقات الخنازير.
CASE_0247,1011140,mixed,9,5084273,0.5907,0.5907,0,ar,في MIG ، يتم تغذية بكرة من الأسلاك الفولاذية الصلبة من الماكينة ، من خلال بطانة ، ثم من طرف تلامس في مسدس MIG. يكون طرف التلامس ساخنًا أو مشحونًا كهربائيًا عند سحب الزناد ويذوب سلك بركة اللحام. يتم تحقيق ذلك بعدة طرق. تتناول هذه المقالة اللحام القصير.
CASE_0247,1011140,mixed,10,6208972,0.5907,0.5907,0,ar,¢ تغطية النقل بكشط من الشاش النظيف أو ورقة التفلون. (إذا كنت تقوم بتطبيق نقل إلى Stretch Velor ، فإننا نوصي بكشط من غطاء الأورجانزا تحت الشاش). استخدم الحرارة عن طريق خفض الحديد مباشرة لأسفل على منطقة النقل وادفع بقوة لمدة 25-30 ثانية. قم بتغطية النقل بكشط من الشاش النظيف أو ورقة التفلون. (إذا كنت ت
CASE_0247,1020907,endpoint,1,7179789,0.7735,0.7735,0,ar,خفض الكوليسترول مع النظام الغذائي والأطعمة. 1 مجموعة متنوعة من منتجات الحبوب الكاملة والمتعددة ، مثل النخالة والشوفان. 2 أسماك دهنية ، مثل السلمون والماكريل والتونة الباكورة. 3 أغذية غنية بمضادات الأكسدة مثل الفواكه والخضروات. 4 أطعمة غنية بأحماض أوميغا 3 الدهنية ، مثل الأفوكادو وبذور الكتان وزيت ال
CASE_0247,1020907,endpoint,2,6078228,0.7714,0.7714,0,ar,أفضل الأطعمة لخفض الكوليسترول هي دقيق الشوفان والأسماك والجوز والمكسرات الأخرى وزيت الزيتون والأطعمة المدعمة بالستيرول أو مادة الستانول الموجودة في النباتات التي تساعد على منع امتصاص الكوليسترول مثل حبوب الذرة وزبدة الفول السوداني واللوز والبرتقال والتفاح والأفوكادو.
CASE_0247,1020907,endpoint,3,7179791,0.7709,0.7709,1,ar,الأطعمة التي يمكن أن تساعد في خفض نسبة الكوليسترول. 1 مجموعة متنوعة من منتجات الحبوب الكاملة والمتعددة ، مثل النخالة والشوفان. 2 أسماك دهنية ، مثل السلمون والماكريل والتونة الباكورة. 3 أغذية غنية بمضادات الأكسدة مثل الفواكه والخضروات. 4 أطعمة غنية بأحماض أوميغا 3 الدهنية ، مثل الأفوكادو وبذور الكتان
CASE_0247,1020907,endpoint,4,1536620,0.7649,0.7649,0,ar,الأطعمة التي يمكن أن تساعد في خفض نسبة الكوليسترول. 1 مجموعة متنوعة من منتجات الحبوب الكاملة والمتعددة ، مثل النخالة والشوفان. 2 أسماك دهنية ، مثل السلمون والماكريل والتونة الباكورة. 3 أغذية غنية بمضادات الأكسدة مثل الفواكه والخضروات. الأطعمة الغنية بأحماض أوميغا 3 الدهنية ، مثل الأفوكادو وبذور الكت
CASE_0247,1020907,endpoint,5,5801325,0.7647,0.7647,0,ar,للمساعدة في خفض مستويات الكوليسترول في الدم ، تحتاج إلى تضمين الأطعمة الغنية بالألياف والحد من كمية الدهون المشبعة والدهون المتحولة في نظامك الغذائي. بالإضافة إلى الأطعمة الغنية بالألياف ، تناول الحبوب الكاملة والفواكه والخضروات. اختر قطع اللحم الخالية من الدهون وأطعمة الألبان قليلة الدسم وغير الدسم
CASE_0247,1020907,endpoint,6,448525,0.7629,0.7629,0,ar,الأطعمة التي يمكن أن تساعد في خفض نسبة الكوليسترول في الدم ، تلك الأطعمة التي تحتوي على نسبة منخفضة من الدهون المشبعة ، وغنية بالألياف ، وقليلة الكربوهيدرات. وتشمل الشوفان والأسماك وأحماض أوميغا 3 الدهنية مثل السلمون والسلمون. الجوز واللوز والمكسرات الأخرى يمكن أن تقلل من نسبة الكوليسترول.
CASE_0247,1020907,endpoint,7,1897718,0.7594,0.7594,0,ar,وبشكل أكثر تحديدًا ، هناك بعض الأطعمة المفيدة دائمًا للنظام الغذائي لشخص يعاني من ارتفاع نسبة الكوليسترول في الدم. الأسماك والحبوب الكاملة ونخالة الشوفان ودقيق الشوفان والتوت والأفوكادو والزيتون وزيت الزيتون وزيت بذور الكتان والزبادي مع الثقافات النشطة كلها خيارات جيدة إذا كنت ترغب في الحفاظ على مست
CASE_0247,1020907,endpoint,8,5414280,0.7588,0.7588,0,ar,تجنب الأطعمة التي تحتوي على نسبة عالية من الكوليسترول ، مثل البرغر والجبن والآيس كريم. تناول 4 إلى 5 أكواب من الفاكهة والخضروات كل يوم ، ووجبة واحدة من الأسماك مرتين إلى ثلاث مرات في الأسبوع ، وعدة حصص يومية من الحبوب الكاملة ومنتجات الألبان قليلة الدسم. احصل على مزيد من التمارين - 30 دقيقة على الأق
CASE_0247,1020907,endpoint,9,7232504,0.7583,0.7583,0,ar,إذا كنت لا تمارس الرياضة كثيرًا ، فهذا وقت للنهوض والخروج أكثر من ذلك بقليل ، والبدء في مشاهدة الأطعمة التي تتناولها. لمساعدتك على البدء ، قمنا بإدراج أفضل 10 أطعمة تساعدك على خفض الكوليسترول ، لكن تذكر ، أنها لا تعمل إلا عند دمجها مع أسلوب حياة نشط وصحي! 1. فول الصويا. يعتبر فول الصويا من أفضل الأش
CASE_0247,1020907,endpoint,10,6078221,0.7535,0.7535,0,ar,الأطعمة التي يمكن أن تساعد في خفض نسبة الكوليسترول في الدم مجموعة متنوعة من منتجات الحبوب الكاملة ومتعددة الحبوب مثل النخالة والشوفان والأسماك الدهنية مثل سمك السلمون الماكريل وأطعمة التونة الغنية بمضادات الأكسدة مثل الفواكه والخضروات الأطعمة الغنية بأحماض أوميغا 3 الدهنية مثل بذور الكتان الأفوكادو
CASE_0247,1020907,mixed,1,7179791,0.7659,0.7659,1,ar,الأطعمة التي يمكن أن تساعد في خفض نسبة الكوليسترول. 1 مجموعة متنوعة من منتجات الحبوب الكاملة والمتعددة ، مثل النخالة والشوفان. 2 أسماك دهنية ، مثل السلمون والماكريل والتونة الباكورة. 3 أغذية غنية بمضادات الأكسدة مثل الفواكه والخضروات. 4 أطعمة غنية بأحماض أوميغا 3 الدهنية ، مثل الأفوكادو وبذور الكتان
CASE_0247,1020907,mixed,2,7179789,0.7657,0.7657,0,ar,خفض الكوليسترول مع النظام الغذائي والأطعمة. 1 مجموعة متنوعة من منتجات الحبوب الكاملة والمتعددة ، مثل النخالة والشوفان. 2 أسماك دهنية ، مثل السلمون والماكريل والتونة الباكورة. 3 أغذية غنية بمضادات الأكسدة مثل الفواكه والخضروات. 4 أطعمة غنية بأحماض أوميغا 3 الدهنية ، مثل الأفوكادو وبذور الكتان وزيت ال
CASE_0247,1020907,mixed,3,448525,0.7607,0.7607,0,ar,الأطعمة التي يمكن أن تساعد في خفض نسبة الكوليسترول في الدم ، تلك الأطعمة التي تحتوي على نسبة منخفضة من الدهون المشبعة ، وغنية بالألياف ، وقليلة الكربوهيدرات. وتشمل الشوفان والأسماك وأحماض أوميغا 3 الدهنية مثل السلمون والسلمون. الجوز واللوز والمكسرات الأخرى يمكن أن تقلل من نسبة الكوليسترول.
CASE_0247,1020907,mixed,4,1536620,0.7598,0.7598,0,ar,الأطعمة التي يمكن أن تساعد في خفض نسبة الكوليسترول. 1 مجموعة متنوعة من منتجات الحبوب الكاملة والمتعددة ، مثل النخالة والشوفان. 2 أسماك دهنية ، مثل السلمون والماكريل والتونة الباكورة. 3 أغذية غنية بمضادات الأكسدة مثل الفواكه والخضروات. الأطعمة الغنية بأحماض أوميغا 3 الدهنية ، مثل الأفوكادو وبذور الكت
CASE_0247,1020907,mixed,5,5801325,0.7597,0.7597,0,ar,للمساعدة في خفض مستويات الكوليسترول في الدم ، تحتاج إلى تضمين الأطعمة الغنية بالألياف والحد من كمية الدهون المشبعة والدهون المتحولة في نظامك الغذائي. بالإضافة إلى الأطعمة الغنية بالألياف ، تناول الحبوب الكاملة والفواكه والخضروات. اختر قطع اللحم الخالية من الدهون وأطعمة الألبان قليلة الدسم وغير الدسم
CASE_0247,1020907,mixed,6,6078228,0.7586,0.7586,0,ar,أفضل الأطعمة لخفض الكوليسترول هي دقيق الشوفان والأسماك والجوز والمكسرات الأخرى وزيت الزيتون والأطعمة المدعمة بالستيرول أو مادة الستانول الموجودة في النباتات التي تساعد على منع امتصاص الكوليسترول مثل حبوب الذرة وزبدة الفول السوداني واللوز والبرتقال والتفاح والأفوكادو.
CASE_0247,1020907,mixed,7,1192796,0.7553,0.7553,0,ar,ما نوع الطعام الذي يمكنني استخدامه لبناء عدد منخفض من خلايا الدم البيضاء / الحمراء.
CASE_0247,1020907,mixed,8,474544,0.7535,0.7535,0,ar,أفضل إجابة: اتباع نظام غذائي غني بالألياف هو أفضل طريقة لخفض نسبة الكوليسترول في الدم. ثبت أن Oatbran يخفض نسبة الكوليسترول ، لذا حاول تناول دقيق الشوفان مع القرفة (تم اكتشاف القرفة مؤخرًا لتخفيض نسبة الكوليسترول الضار في مرضى السكري) ، و Cheerios.
CASE_0247,1020907,mixed,9,5414280,0.7519,0.7519,0,ar,تجنب الأطعمة التي تحتوي على نسبة عالية من الكوليسترول ، مثل البرغر والجبن والآيس كريم. تناول 4 إلى 5 أكواب من الفاكهة والخضروات كل يوم ، ووجبة واحدة من الأسماك مرتين إلى ثلاث مرات في الأسبوع ، وعدة حصص يومية من الحبوب الكاملة ومنتجات الألبان قليلة الدسم. احصل على مزيد من التمارين - 30 دقيقة على الأق
CASE_0247,1020907,mixed,10,1897718,0.7496,0.7496,0,ar,وبشكل أكثر تحديدًا ، هناك بعض الأطعمة المفيدة دائمًا للنظام الغذائي لشخص يعاني من ارتفاع نسبة الكوليسترول في الدم. الأسماك والحبوب الكاملة ونخالة الشوفان ودقيق الشوفان والتوت والأفوكادو والزيتون وزيت الزيتون وزيت بذور الكتان والزبادي مع الثقافات النشطة كلها خيارات جيدة إذا كنت ترغب في الحفاظ على مست
CASE_0247,1048876,endpoint,1,7887624,0.6085,0.6085,0,ar,دكتور دونالد مالارد. الدكتور دونالد داكي مالارد (ديفيد ماكالوم) الذي يحترم الراحل الغالي. إنه الطبيب الشرعي في NCIS وشاهد كل شيء. تركيزه وحكمه مؤكد دائمًا.
CASE_0247,1048876,endpoint,2,4881033,0.5995,0.5995,0,ar,الدكتور دونالد داكي مالارد (ديفيد ماكالوم) هو كبير الفاحصين الطبيين في NCIS. لقبه Ducky ، الذي يخاطبه فريق NCIS ، هو مسرحية على اسمه الأخير Mallard. عندما كان أصغر سنا ذهب من قبل دوني. مالارد مولود في اسكتلندا ، وكان صديقًا لغيبس منذ فترة طويلة.
CASE_0247,1048876,endpoint,3,7887620,0.5979,0.5979,1,ar,الدكتور دونالد داكي مالارد (ديفيد ماكالوم) هو كبير الفاحصين الطبيين في NCIS. لقبه Ducky ، الذي يخاطبه فريق NCIS ، هو مسرحية على اسمه الأخير Mallard. عندما كان أصغر سنا ذهب من قبل دوني.
CASE_0247,1048876,endpoint,4,3260725,0.5891,0.5891,0,ar,تركيزه وحكمه مؤكد دائمًا. يلعب David McCallum دور Ducky ، وهو فاحص طبي مع خدمة التحقيقات الجنائية البحرية في المسلسل الدرامي الأعلى تقييمًا في Paramount Television NCIS ، وهو إنتاج Belisarius بالتعاون مع Paramount Television لـ CBS-TV. يستمتع الدكتور مالارد بكل ما يفعله.
CASE_0247,1048876,endpoint,5,7887622,0.5796,0.5796,0,ar,يلعب David McCallum دور Ducky ، وهو فاحص طبي مع خدمة التحقيقات الجنائية البحرية في المسلسل الدرامي الأعلى تقييمًا في Paramount Television NCIS ، وهو إنتاج Belisarius بالتعاون مع Paramount Television لـ CBS-TV. يستمتع الدكتور مالارد بكل ما يفعله.
CASE_0247,1048876,endpoint,6,7887619,0.5621,0.5621,0,ar,تكثر ذكريات الماضي في حياة الدكتور دونالد مالارد في الموسم الثاني عشر من NCIS. علمنا أن سلسلة CBS قد اختارت ممثل Mixology بريت آدم كامبل للعب دور Ducky الشاب في حلقة أكتوبر. ستسلط ذكريات الماضي الضوء على علاقات دوكي السابقة بالإضافة إلى الكشف عن سبب ارتدائه لربطة العنق.
CASE_0247,1048876,endpoint,7,1702468,0.5615,0.5615,0,ar,مايكل جون بولارد (ولد مايكل جون بولاك جونيور ؛ 30 مايو 1939) هو ممثل أمريكي اشتهر بلعب شخصية سي دبليو موس في فيلم الجريمة عام 1967 بوني وكلايد.
CASE_0247,1048876,endpoint,8,3442246,0.5434,0.5434,0,ar,دونالد فيسون. دونالد Adeosun Faison (/ feÃ⠀ ªÃ⠀ ¹Ã'Ë zÃ⠀ Ã'â € ™ n / ؛ من مواليد 22 يونيو 1974) هو ممثل أمريكي وممثل كوميدي وممثل صوتي ، اشتهر بدوره القيادي مثل دكتور كريس تورك في ABC (سابقًا NBC) كوميديا ​​دراما Scrubs (2001 - 2010) ، ودور ثانوي مثل Murray في فيلم Clueless (1995) (أعيد تمثيله لاحقً
CASE_0247,1048876,endpoint,9,3260729,0.5388,0.5388,0,ar,دونالد داكي مالارد. دونالد داكي مالارد هو طبيب وأيضًا الفاحص الطبي الرسمي لفريق الاستجابة للحالات الرئيسية في NCIS بقيادة الوكيل الخاص NCIS ليروي جثرو جيبس.
CASE_0247,1048876,endpoint,10,3383142,0.5316,0.5316,0,ar,كلارنس جيلارد. كلارنس ألفريد جيليارد جونيور (من مواليد 24 ديسمبر 1955) هو ممثل أمريكي وأستاذ جامعي ومؤلف ظهر في الأفلام والتلفزيون والمسرح الإقليمي منذ عام 1980. يُنسب إليه أحيانًا كلارنس أ.
CASE_0247,1048876,mixed,1,7887620,0.5942,0.5942,1,ar,الدكتور دونالد داكي مالارد (ديفيد ماكالوم) هو كبير الفاحصين الطبيين في NCIS. لقبه Ducky ، الذي يخاطبه فريق NCIS ، هو مسرحية على اسمه الأخير Mallard. عندما كان أصغر سنا ذهب من قبل دوني.
CASE_0247,1048876,mixed,2,4881033,0.5912,0.5912,0,ar,الدكتور دونالد داكي مالارد (ديفيد ماكالوم) هو كبير الفاحصين الطبيين في NCIS. لقبه Ducky ، الذي يخاطبه فريق NCIS ، هو مسرحية على اسمه الأخير Mallard. عندما كان أصغر سنا ذهب من قبل دوني. مالارد مولود في اسكتلندا ، وكان صديقًا لغيبس منذ فترة طويلة.
CASE_0247,1048876,mixed,3,7887624,0.5824,0.5824,0,ar,دكتور دونالد مالارد. الدكتور دونالد داكي مالارد (ديفيد ماكالوم) الذي يحترم الراحل الغالي. إنه الطبيب الشرعي في NCIS وشاهد كل شيء. تركيزه وحكمه مؤكد دائمًا.
CASE_0247,1048876,mixed,4,3260725,0.5731,0.5731,0,ar,تركيزه وحكمه مؤكد دائمًا. يلعب David McCallum دور Ducky ، وهو فاحص طبي مع خدمة التحقيقات الجنائية البحرية في المسلسل الدرامي الأعلى تقييمًا في Paramount Television NCIS ، وهو إنتاج Belisarius بالتعاون مع Paramount Television لـ CBS-TV. يستمتع الدكتور مالارد بكل ما يفعله.
CASE_0247,1048876,mixed,5,7887622,0.5695,0.5695,0,ar,يلعب David McCallum دور Ducky ، وهو فاحص طبي مع خدمة التحقيقات الجنائية البحرية في المسلسل الدرامي الأعلى تقييمًا في Paramount Television NCIS ، وهو إنتاج Belisarius بالتعاون مع Paramount Television لـ CBS-TV. يستمتع الدكتور مالارد بكل ما يفعله.
CASE_0247,1048876,mixed,6,7887619,0.5631,0.5631,0,ar,تكثر ذكريات الماضي في حياة الدكتور دونالد مالارد في الموسم الثاني عشر من NCIS. علمنا أن سلسلة CBS قد اختارت ممثل Mixology بريت آدم كامبل للعب دور Ducky الشاب في حلقة أكتوبر. ستسلط ذكريات الماضي الضوء على علاقات دوكي السابقة بالإضافة إلى الكشف عن سبب ارتدائه لربطة العنق.
CASE_0247,1048876,mixed,7,3442246,0.5555,0.5555,0,ar,دونالد فيسون. دونالد Adeosun Faison (/ feÃ⠀ ªÃ⠀ ¹Ã'Ë zÃ⠀ Ã'â € ™ n / ؛ من مواليد 22 يونيو 1974) هو ممثل أمريكي وممثل كوميدي وممثل صوتي ، اشتهر بدوره القيادي مثل دكتور كريس تورك في ABC (سابقًا NBC) كوميديا ​​دراما Scrubs (2001 - 2010) ، ودور ثانوي مثل Murray في فيلم Clueless (1995) (أعيد تمثيله لاحقً
CASE_0247,1048876,mixed,8,1702468,0.5466,0.5466,0,ar,مايكل جون بولارد (ولد مايكل جون بولاك جونيور ؛ 30 مايو 1939) هو ممثل أمريكي اشتهر بلعب شخصية سي دبليو موس في فيلم الجريمة عام 1967 بوني وكلايد.
CASE_0247,1048876,mixed,9,2562531,0.5405,0.5405,0,ar,الكسندر سكارسج ... Alexander Johan Hjalmar SkarsgÃÆ'Ã'Â ¥ rd (النطق السويدي: [Ã⠀ † skÃ⠀ ° Ã'â € 'â € ÃoÃ⠀ â € ° Ã'â €] ؛ من مواليد 25 أغسطس 1976) هو ممثل سويدي. اشتهر بأدواره كمصاص دماء إريك نورثمان في سلسلة HBO True Blood و Meekus in Zoolander و Brad Colbert في HBO miniseries Generation Kill.
CASE_0247,1048876,mixed,10,3940238,0.5296,0.5296,0,ar,الكسندر سكارسج ... Alexander Johan Hjalmar SkarsgÃÆ'Ã'Â ¥ rd (النطق السويدي: [Ã⠀ † skÃ⠀ ° Ã'â € 'â € ÃoÃ⠀ â € ° Ã'â €] ؛ من مواليد 25 أغسطس 1976) هو ممثل سويدي. اشتهر بأدواره كمصاص دماء إريك نورثمان في سلسلة HBO True Blood و Meekus in Zoolander و Brad Colbert في HBO miniseries Generation Kill. إنه ن
CASE_0247,1055717,endpoint,1,7175598,0.5832,0.5832,0,ar,لكن الرعاية الصحية مختلفة. من Meditech إلى Epic ، لا تزال العديد من أنظمة EMR تستخدم MUMPS أو M. وفي الواقع لسبب وجيه. فيما يلي مقتطف من صنف GGU ITM 351 الخاص بي: تستمر نماذج قاعدة البيانات الهرمية في لعب دور مهم للغاية في تكنولوجيا المعلومات للرعاية الصحية ، ونحن بحاجة إلى مراجعة هذا الجانب أكثر قل
CASE_0247,1055717,endpoint,2,7175600,0.559,0.559,0,ar,مصنف تحت: غير مصنف | العلامات: ARRA2009 ، نموذج البيانات ، GGU ، الصحة-تكنولوجيا المعلومات ، الرعاية الصحية ، M ، MUMPS ، MUMPS RDBMS نماذج بيانات الرعاية الصحية البنية التحتية لتكنولوجيا المعلومات للرعاية الصحية | بالنسبة لفصلي حول البنية التحتية لتكنولوجيا المعلومات الصحية في GGU (ITM 351) ، كان ع
CASE_0247,1055717,endpoint,3,5247680,0.5388,0.5388,0,ar,قاعدة البيانات العلائقية هي قاعدة بيانات رقمية يعتمد تنظيمها على النموذج العلائقي للبيانات ، كما اقترحه E.F. Codd في عام 1970. [1] تُعرف أنظمة البرامج المختلفة المستخدمة للحفاظ على قواعد البيانات العلائقية بنظام إدارة قواعد البيانات العلائقية (RDBMS).
CASE_0247,1055717,endpoint,4,2948551,0.5383,0.5383,0,ar,قاعدة معارف المعلومات الصحية بالولايات المتحدة (USHIK) هي عبارة عن سجل بيانات وصفية لمعايير البيانات المتعلقة بالرعاية الصحية التي تمولها وتوجهها وكالة أبحاث الرعاية الصحية والجودة (AHRQ) مع دعم إداري بالشراكة مع مراكز الرعاية الصحية والخدمات الطبية .ata Infographics. توفر الرسوم البيانية للبيانات ا
CASE_0247,1055717,endpoint,5,5250881,0.5316,0.5316,0,ar,1 MEDLINE هي قاعدة البيانات الببليوغرافية / فهرس المقالات التابع للمكتبة الوطنية للطب والتي تحتوي على أكثر من 20 مليون مرجع لمقالات المجلات .2 التغطية من عام 1949 حتى الوقت الحاضر. 3 أكثر من 5200 مجلة في جميع أنحاء العالم بأكثر من 37 لغة مفهرسة. MEDLINE هي قاعدة البيانات الببليوغرافية / فهرس المقالا
CASE_0247,1055717,endpoint,6,196441,0.5311,0.5311,0,ar,تطبيق متكامل لإدارة علاقات العملاء (CRM) للرعاية الصحية. احصل على حق الوصول إلى قاعدة بيانات Definitive Heathcare الواسعة للمعلومات والأبحاث حول المستشفيات ، والأنظمة الصحية ، ومراكز الجراحة ، و ACOs ، ومرافق التمريض ، و HIEs ، وأكثر مباشرة من حساب Salesforce.com الخاص بك. يتم تحديث البيانات تلقائيً
CASE_0247,1055717,endpoint,7,3823118,0.53,0.53,0,ar,تحتوي قواعد بيانات Truven Health Analytics MarketScan® البحثية على بيانات واقعية لأبحاث وتحليلات الرعاية الصحية. أنها توفر الوصول إلى بيانات مطالبات الرعاية الصحية على المستوى الفردي المتكاملة وغير المحددة تمامًا والتي يمكن استخدامها لفحص اقتصاديات الصحة ونتائج العلاج ، وهي المعيار الذهبي في قواعد ب
CASE_0247,1055717,endpoint,8,8739374,0.5269,0.5269,0,ar,"à""يعد استخدام البيانات الضخمة لتحويل المهنة مسألة معلقة. بالإضافة إلى موارد البيانات التي ناقشها نيال برينان والمؤلفون المشاركون (يوليو 2014) ، تمثل بيانات الإنفاق على الرعاية الطبية لكل مستفيد (MSPB) مصدرًا استثنائيًا للبيانات من مراكز الرعاية الطبية والخدمات الطبية (CMS)."
CASE_0247,1055717,endpoint,9,5250880,0.5256,0.5256,0,ar,تتم صيانة وتحديث PubMed بواسطة المكتبة الوطنية للطب على أساس أسبوعي. MEDLINE هي قاعدة البيانات الببليوغرافية الأولى في المكتبة الوطنية للطب والتي تغطي مجالات الطب ، والتمريض ، وطب الأسنان ، والطب البيطري ، ونظام الرعاية الصحية ، والعلوم قبل السريرية. MEDLINE يحتوي على اقتباسات من الخمسينيات حتى الوق
CASE_0247,1055717,endpoint,10,5247685,0.5238,0.5238,0,ar,قاعدة بيانات علائقية. (تمت إعادة توجيهها من قيود قاعدة البيانات) قاعدة البيانات العلائقية هي قاعدة بيانات رقمية تعتمد تنظيمها على النموذج العلائقي للبيانات ، كما اقترحه EF Codd في عام 1970. تُعرف أنظمة البرامج المختلفة المستخدمة للحفاظ على قواعد البيانات العلائقية باسم نظام إدارة قواعد البيانات العل
CASE_0247,1055717,mixed,1,6465778,0.6167,0.6167,0,ar,أنظمة ملحمية. Epic Systems Corporation ، أو Epic ، هي شركة برمجيات رعاية صحية مملوكة للقطاع الخاص. وفقًا للشركة ، فإن المستشفيات التي تستخدم برامجها تمتلك سجلات طبية لـ 54٪ من المرضى في الولايات المتحدة و 2.5٪ من المرضى في جميع أنحاء العالم.
CASE_0247,1055717,mixed,2,7175598,0.5992,0.5992,0,ar,لكن الرعاية الصحية مختلفة. من Meditech إلى Epic ، لا تزال العديد من أنظمة EMR تستخدم MUMPS أو M. وفي الواقع لسبب وجيه. فيما يلي مقتطف من صنف GGU ITM 351 الخاص بي: تستمر نماذج قاعدة البيانات الهرمية في لعب دور مهم للغاية في تكنولوجيا المعلومات للرعاية الصحية ، ونحن بحاجة إلى مراجعة هذا الجانب أكثر قل
CASE_0247,1055717,mixed,3,7175599,0.5896,0.5896,1,ar,Epic Systems Corp. هي واحدة من أكبر مزودي تكنولوجيا المعلومات الصحية ، وتستخدم في المقام الأول من قبل المستشفيات والأنظمة الصحية الأمريكية الكبيرة للوصول إلى السجلات الطبية للمرضى وتنظيمها وتخزينها ومشاركتها. قم بتنزيل هذا الدليل المجاني.
CASE_0247,1055717,mixed,4,3337957,0.5793,0.5793,0,ar,Epic هي شركة برمجيات رعاية صحية توفر نظام سجل صحي إلكتروني لمقدمي الرعاية الصحية. نحن أيضًا نعزز وصولك إلى تلك المعلومات من خلال MyChart و MyChartCentral و Lucy.
CASE_0247,1055717,mixed,5,7175593,0.5792,0.5792,0,ar,قدرت Forbes أن 40٪ على الأقل من سكان الولايات المتحدة لديهم بيانات طبية مخزنة في سجل صحي إلكتروني Epic (EHR) ، وأن عملاء Epic يشملون بعضًا من أكبر الأسماء في مجال الرعاية الصحية. نظرًا لحجمها وتأثيرها - وفي بعض الحالات ، ممارساتها - غالبًا ما يتم انتقاد الشركة.
CASE_0247,1055717,mixed,6,530469,0.5762,0.5762,0,ar,قم بتحسين أبحاثك الطبية الحيوية باستخدام قاعدة بيانات الأدبيات الطبية الحيوية الأكثر شمولاً في العالم. احصل على البحوث الطبية الحيوية الأساسية التي تحتاجها بسرعة وبدقة. يتطلب تطوير المستحضرات الصيدلانية وأداء التيقظ الدوائي مجموعة واسعة من دراسات فعالية الأدوية والأدوية والأجهزة الطبية الشاملة والقا
CASE_0247,1055717,mixed,7,4086,0.5758,0.5758,0,ar,Epic هي شركة برمجيات رعاية صحية توفر نظام سجل صحي إلكتروني لمقدمي الرعاية الصحية. نحن أيضًا نعزز وصولك إلى تلك المعلومات من خلال MyChart و MyChartCentral و Lucy. ما هو ماي تشارت؟ MyChart عبارة عن بوابة ويب تقدمها معظم مؤسسات الرعاية الصحية Epic والتي تمنحك وصولاً متحكمًا إلى نفس السجلات الطبية Epic
CASE_0247,1055717,mixed,8,3955405,0.5711,0.5711,0,ar,في رأينا ورأي الآخرين في جميع أنحاء صناعة الرعاية الصحية ، Epic هو أفضل نظام سجل صحي إلكتروني (EHR). اخترنا Epic لهذه الأسباب الرئيسية: أفضل مزيج من سهولة الاستخدام والميزات. تمتلك Epic الوظيفة الأكثر اكتمالا وسهولة في الاستخدام ، ليس فقط لممارسات الطبيب الفردي ، ولكن لتطبيق السجلات الصحية الإلكترون
CASE_0247,1055717,mixed,9,3305934,0.5602,0.5602,0,ar,Epic Systems Corporation هي شركة برمجيات رعاية صحية مملوكة للقطاع الخاص. وفقًا للشركة ، فإن المستشفيات التي تستخدم برامجها تمتلك سجلات طبية لـ 54٪ من المرضى في الولايات المتحدة و 2.5٪ من المرضى في جميع أنحاء العالم ، وهذا يشمل 69٪ من مستشفيات المرحلة 7 بالولايات المتحدة ، و 71٪ من مستشفيات الأطفال ،
CASE_0247,1055717,mixed,10,7175601,0.5602,0.5602,0,ar,تشير منطقة Epic هذه إلى مستودع البيانات والأدوات التحليلية المستخدمة لتخزين واسترداد كميات كبيرة من البيانات السريرية. يمكن الاستعلام عن البيانات لتوفير جميع أنواع التقارير لدعم قرارات الرعاية وإدارة التكاليف وتحديد الاتجاهات 2.
CASE_0247,1058425,endpoint,1,4451376,0.5853,0.5853,0,ar,الكثير من الأسباب لماذا. أنت الوحيد الذي عرفني حقًا على الإطلاق. لذا ألق نظرة علي الآن ، حسنًا ، هناك مساحة فارغة فقط. ولم يتبق شيء هنا يذكرني ، فقط ذكرى وجهك. ألقي نظرة الآن علي ، لأن هناك مساحة فارغة فقط.
CASE_0247,1058425,endpoint,2,4451380,0.5742,0.5742,0,ar,لأننا شاركنا الضحك والألم بل وتقاسمنا الدموع. أنت الوحيد الذي عرفني حقًا على الإطلاق. لذا ألق نظرة علي الآن ، أوه هناك مساحة فارغة فقط. ولم يتبق شيء هنا يذكرني ، فقط ذكرى وجهك. ألق نظرة علي الآن ، حسنًا ، هناك مساحة فارغة فقط. وعودتك إلي ضد الصعاب وهذا ما علي مواجهته. أتمنى أن أجعلك تستدير ،
CASE_0247,1058425,endpoint,3,7854161,0.5686,0.5686,1,ar,. Just One Look هي أغنية شارك في كتابتها مغني R & B الأمريكيين Doris Troy و Gregory Carroll. حقق التسجيل لدوريس تروي نجاحًا كبيرًا في عام 1963. وسجل هوليز وآن موراي وليندا رونشتات نسخًا ناجحة خاصة بهم. كانت هناك أيضًا العديد من الإصدارات الأخرى لهذه الأغنية.
CASE_0247,1058425,endpoint,4,1669759,0.547,0.547,0,ar,لا ينطبق مصطلح عجب الضربة الواحدة على هذه القائمة من المؤلفين الموهوبين الذين أكملوا ، لعدد من الأسباب ، رواية واحدة فقط في حياتهم. هؤلاء المؤلفون ذوو الرواية الواحدة هم من الحائزين على جائزة بوليتسر ونوبل ، ومؤلفو الروايات الكلاسيكية الخالدة ومبدعو بعض أكثر الشخصيات التي لا تنسى في الأدب. فيما يلي
CASE_0247,1058425,endpoint,5,7477308,0.5424,0.5424,0,ar,[الآية 1]. استمع أنا هنا فقط لأركلها بغض النظر عما إذا كنت ستتعامل مع كل النقاد في عملي.
CASE_0247,1058425,endpoint,6,7854155,0.5422,0.5422,0,ar,لذلك كما ترى ، أنا أهتم حقًا بدونك ، أنا لا شيء ، أوه ، أوه ، أوه ، أوه ، نظرة واحدة فقط وأنا أعلم أنني سأفهمك يومًا ما ، أوه ، أوه ، أوه ، نظرة واحدة فقط ، هذا كل ما يتطلبه الأمر نظرة واحدة فقط ، هذا كل ما استغرقته نظرة واحدة فقط ، هذا كل ما استغرقته أعرف أن دوريس تروي تغنيها وقد سمعت نسخة هوليز ال
CASE_0247,1058425,endpoint,7,7854158,0.5398,0.5398,0,ar,كلمات الأغاني: نظرة واحدة فقط ووقعت في حبك بشدة ، أوه ، أوه ، أوه ، أوه ، لقد اكتشفت كم هو شعور جيد أن يكون لديك حبك ، أوه ، أوه ، أوه ، قل أنك سوف تكون لي إلى الأبد ودائمًا ، أوه ، أوه ، أوه ، نظرة واحدة فقط وعرفت أنك كنت الوحيد الذي أملكه أوه أوه أوه أوه! ظننت أنني أحلم لكن ... أظهر المزيد كلمات ا
CASE_0247,1058425,endpoint,8,7136637,0.5387,0.5387,0,ar,الشيء الوحيد الذي يجب ألا ترسله لأي شخص على الإطلاق إليك تلميحًا: إنه حرف واحد بالقرب من منتصف الأبجدية.
CASE_0247,1058425,endpoint,9,3070504,0.5385,0.5385,0,ar,بالأمس فقط ، أبلغوني أنك رحلت. سوزان ، الخطط التي وضعوها تضع حدا لك. خرجت هذا الصباح وكتبت هذه الأغنية ، ولا أتذكر لمن أرسلها. رأيت حريقًا ورأيت مطرًا. لقد رأيت أيامًا مشمسة اعتقدت أنها لن تنتهي أبدًا. لقد رأيت أوقاتًا وحيدة لم أجد فيها صديقًا ، لكنني اعتقدت دائمًا أنني سأراك مرة أخرى. ألن تنظر إلي
CASE_0247,1058425,endpoint,10,8381097,0.5383,0.5383,0,ar,كل ما تقوله هو تعال ورؤيتي لمرة واحدة. تعال وشاهدني لمرة واحدة. أنت لا تأتي إليّ أبدًا ، لن تأتي إليّ أبدًا. لقد كنت مستيقظًا لمدة يومين كاملين أفكر في ما فعلته لإبقائك مستمراً. اعجبني من خلال رسائل البريد الصوتي التي تركتها لي
CASE_0247,1058425,mixed,1,7854161,0.6182,0.6182,1,ar,. Just One Look هي أغنية شارك في كتابتها مغني R & B الأمريكيين Doris Troy و Gregory Carroll. حقق التسجيل لدوريس تروي نجاحًا كبيرًا في عام 1963. وسجل هوليز وآن موراي وليندا رونشتات نسخًا ناجحة خاصة بهم. كانت هناك أيضًا العديد من الإصدارات الأخرى لهذه الأغنية.
CASE_0247,1058425,mixed,2,6224657,0.5554,0.5554,0,ar,من ويكيبيديا، الموسوعة الحرة. للاستخدامات الأخرى ، انظر لدي فقط عيون من أجلك (توضيح). I Only Have Eyes for You هي أغنية حب رومانسية شهيرة من تأليف الملحن هاري وارين والشاعر الغنائي Al Dubin ، كُتبت في عام 1934 عن فيلم Dames حيث قدمها ديك باول وروبي كيلر. كانت النسخة الجديدة من أغنية Art Garfunkel هي
CASE_0247,1058425,mixed,3,4451376,0.5522,0.5522,0,ar,الكثير من الأسباب لماذا. أنت الوحيد الذي عرفني حقًا على الإطلاق. لذا ألق نظرة علي الآن ، حسنًا ، هناك مساحة فارغة فقط. ولم يتبق شيء هنا يذكرني ، فقط ذكرى وجهك. ألقي نظرة الآن علي ، لأن هناك مساحة فارغة فقط.
CASE_0247,1058425,mixed,4,3710906,0.5432,0.5432,0,ar,Look At Me هو المسار رقم 6 في الألبوم Play On. كتبه Lazarides ، Kostas / Collins ، Jim. Look At Me هو المسار رقم 6 في الألبوم Play On. كتبه Lazarides، Kostas / Collins، Jim.ubmit Corrections Cancel. أراهن بحياتي كما أراهن بقلبي. لقد كنت الشخص الوحيد ، حبيبي. لم أكن متأكدا من أي شيء من قبل. أنت تقود
CASE_0247,1058425,mixed,5,7854155,0.5428,0.5428,0,ar,لذلك كما ترى ، أنا أهتم حقًا بدونك ، أنا لا شيء ، أوه ، أوه ، أوه ، أوه ، نظرة واحدة فقط وأنا أعلم أنني سأفهمك يومًا ما ، أوه ، أوه ، أوه ، نظرة واحدة فقط ، هذا كل ما يتطلبه الأمر نظرة واحدة فقط ، هذا كل ما استغرقته نظرة واحدة فقط ، هذا كل ما استغرقته أعرف أن دوريس تروي تغنيها وقد سمعت نسخة هوليز ال
CASE_0247,1058425,mixed,6,7854158,0.5427,0.5427,0,ar,كلمات الأغاني: نظرة واحدة فقط ووقعت في حبك بشدة ، أوه ، أوه ، أوه ، أوه ، لقد اكتشفت كم هو شعور جيد أن يكون لديك حبك ، أوه ، أوه ، أوه ، قل أنك سوف تكون لي إلى الأبد ودائمًا ، أوه ، أوه ، أوه ، نظرة واحدة فقط وعرفت أنك كنت الوحيد الذي أملكه أوه أوه أوه أوه! ظننت أنني أحلم لكن ... أظهر المزيد كلمات ا
CASE_0247,1058425,mixed,7,4451380,0.5347,0.5347,0,ar,لأننا شاركنا الضحك والألم بل وتقاسمنا الدموع. أنت الوحيد الذي عرفني حقًا على الإطلاق. لذا ألق نظرة علي الآن ، أوه هناك مساحة فارغة فقط. ولم يتبق شيء هنا يذكرني ، فقط ذكرى وجهك. ألق نظرة علي الآن ، حسنًا ، هناك مساحة فارغة فقط. وعودتك إلي ضد الصعاب وهذا ما علي مواجهته. أتمنى أن أجعلك تستدير ،
CASE_0247,1058425,mixed,8,1669759,0.5346,0.5346,0,ar,لا ينطبق مصطلح عجب الضربة الواحدة على هذه القائمة من المؤلفين الموهوبين الذين أكملوا ، لعدد من الأسباب ، رواية واحدة فقط في حياتهم. هؤلاء المؤلفون ذوو الرواية الواحدة هم من الحائزين على جائزة بوليتسر ونوبل ، ومؤلفو الروايات الكلاسيكية الخالدة ومبدعو بعض أكثر الشخصيات التي لا تنسى في الأدب. فيما يلي
CASE_0247,1058425,mixed,9,7854156,0.5283,0.5283,0,ar,ناتالي لندن. في الثاني من يونيو عام 1963 ، دخلت Just One Look التي كتبها دوريس تروي في مخطط Billboard's Hot Top 100 في الموضع # 100 ؛ وفي الحادي والعشرين من يوليو ، بلغت ذروتها في المرتبة العاشرة (لمدة أسبوعين) وقضت 14 أسبوعًا في قائمة أفضل 100 ... عندما شاركت في كتابة الأغنية مع جريجوري كارول ، است
CASE_0247,1058425,mixed,10,6224661,0.5276,0.5276,0,ar,من عام 1959 الروح الذهبية الصلبة. انقر هنا HD SOUND VERSION http: //www.youtube.com/watch؟ v = Pn8SFd ... The Flamingos-I ليس لدي سوى عيون لك. تمت كتابة الأغنية بواسطة Harry Warren في عام 1934 ، كلمات Al Dubin ، من أجل فيلم Dames بطولة ديك باول وروبي كيلر ، وظهر لاحقًا في فيلم A Bronx Tale. لمزيد من
CASE_0247,1067640,endpoint,1,3672238,0.6743,0.6743,0,ar,تعريف. تقوم مسارات تحويل الإشارة بتحويل الإشارة الموجودة على سطح الخلية إلى استجابة خلوية محددة. تعمل مسارات تحويل الإشارة على تضخيم تأثير جزيء الإشارة. تسمح مسارات نقل الإشارة لأنواع مختلفة من الخلايا بالاستجابة بشكل مختلف لجزيء الإشارة نفسه. شرط.
CASE_0247,1067640,endpoint,2,2846627,0.6702,0.6702,0,ar,Share to: مسار تحويل الإشارة عبارة عن مجموعة من البروتينات التي تقوم بتنفيذ إشارات تحويلية (مما يعني أنه يحول الإشارات من خارج الخلية إلى إشارة مختلفة داخل الخلية ¢).
CASE_0247,1067640,endpoint,3,826058,0.6545,0.6545,0,ar,مسار تحويل الإشارة هو الآلية التي تشير بها طاقة الفوتون إلى آلية في الخلية تؤدي إلى استقطابها الكهربائي. 1 يؤدي هذا الاستقطاب في النهاية إما إلى نفاذية أو تثبيط الإشارة العصبية التي سيتم تغذيتها إلى الدماغ عبر العصب البصري.
CASE_0247,1067640,endpoint,4,7636330,0.6488,0.6488,0,ar,فيما يلي مثال على تكوين مسار افتراضي على جهاز توجيه أو محول: إليك ما يقوله هذا الأمر: بالنسبة لجميع حركة المرور التي لا تنتقل إلى إحدى الشبكات المتصلة محليًا ، قم بإعادة توجيهها إلى جهاز التوجيه على عنوان IP 1.1.1.1.
CASE_0247,1067640,endpoint,5,2823101,0.6461,0.6461,0,ar,تعمل مسارات تحويل الإشارة على تضخيم تأثير جزيء الإشارة. تقوم مسارات تحويل الإشارة بتحويل الإشارة الموجودة على سطح الخلية إلى استجابة خلوية محددة. تسمح مسارات نقل الإشارة لأنواع مختلفة من الخلايا بالاستجابة بشكل مختلف لجزيء الإشارة نفسه.
CASE_0247,1067640,endpoint,6,3918559,0.6377,0.6377,0,ar,المسار الإلكتروني الذي يرسل إشارات من جزء من الكمبيوتر إلى جزء آخر هو؟
CASE_0247,1067640,endpoint,7,1883634,0.6358,0.6358,0,ar,مسار تحويل الإشارة. سلسلة من الخطوات تربط منبهًا ميكانيكيًا أو كيميائيًا باستجابة خلوية محددة. هناك أربعة أنواع درسناها: الاستقبال المرتبط بالبروتين g. استقبال هرموني استقبال مستقبلات التيروزين كيناز ؛ المسارات باستخدام الرسل الثاني (cAMP ؛ أيونات الكالسيوم). جزيء أو أيون صغير غير بروتيني قابل للذوب
CASE_0247,1067640,endpoint,8,3672237,0.6328,0.6328,0,ar,يبدأ مسار تحويل الإشارة عندما يرتبط _____ بمستقبل. تعريف. جزيء الإشارة: يؤدي ارتباط جزيء الإشارة إلى المستقبل إلى بدء مسار تحويل الإشارة. شرط. يُعرف جزيء الإشارة أيضًا باسم (n) _____.
CASE_0247,1067640,endpoint,9,2873960,0.6223,0.6223,0,ar,مقدمة في مسارات تنبيغ الإشارة [عدل]. نقل الإشارة هو سلسلة الأحداث التي تحدث عندما تقوم الخلية بتحويل رسالة ما إلى استجابة فسيولوجية في نهاية المطاف. تأتي الرسالة في شكل جزيء معين في بيئة الخلية. يعد نقل الإشارة عملية مهمة لأنها تحدث من خلال الاتصال بين مجالات الاختلاف وتقارن المعلومات. من المهم أيضً
CASE_0247,1067640,endpoint,10,7161103,0.6201,0.6201,0,ar,تُستخدم مسارات نقل الإشارة لنقل رسائل الروابط إلى تغييرات في النشاط البيولوجي للخلايا المستهدفة. قد تؤدي الإشارات الشاذة عبر مسارات الاتصال إلى الإصابة بالأمراض ، كما أن مسارات نقل الإشارات أصبحت هدفًا متزايدًا لتطوير الأدوية. علاوة على ذلك ، قد تشارك التفاعلات مع مسارات إشارات الخلايا في التأثيرات
CASE_0247,1067640,mixed,1,3918559,0.6297,0.6297,0,ar,المسار الإلكتروني الذي يرسل إشارات من جزء من الكمبيوتر إلى جزء آخر هو؟
CASE_0247,1067640,mixed,2,3672238,0.6239,0.6239,0,ar,تعريف. تقوم مسارات تحويل الإشارة بتحويل الإشارة الموجودة على سطح الخلية إلى استجابة خلوية محددة. تعمل مسارات تحويل الإشارة على تضخيم تأثير جزيء الإشارة. تسمح مسارات نقل الإشارة لأنواع مختلفة من الخلايا بالاستجابة بشكل مختلف لجزيء الإشارة نفسه. شرط.
CASE_0247,1067640,mixed,3,7161101,0.6233,0.6233,1,ar,038 - Pathways Transduction Pathways.mov يشرح بول أندرسن كيف تستخدم الخلايا مسارات تحويل الإشارة لتحويل الرسائل الكيميائية إلى عمل خلوي. يستخدم الإبينفرين كرسول عينة لتحفيز إطلاق الجلوكوز من الخلايا في الكبد. يتم استخدام كل من G-Protein و adenylyl cyclase و cAMP وكينازات البروتين كأمثلة توضيحية لنقل
CASE_0247,1067640,mixed,4,1883637,0.6177,0.6177,0,ar,نقل الإشارة هو آلية تستجيب فيها الخلية لإشارة من البيئة عن طريق تنشيط العديد من البروتينات والإنزيمات التي ستعطي استجابة للإشارة. قد تتضمن آلية التغذية الراجعة ردود فعل سلبية وردود فعل إيجابية ، لذلك فإن عملية إفراز الأنسولين هي مثال على آلية الزناد في مسار نقل الإشارة لأن الأنسولين يتم إفرازه بعد د
CASE_0247,1067640,mixed,5,2846627,0.6176,0.6176,0,ar,Share to: مسار تحويل الإشارة عبارة عن مجموعة من البروتينات التي تقوم بتنفيذ إشارات تحويلية (مما يعني أنه يحول الإشارات من خارج الخلية إلى إشارة مختلفة داخل الخلية ¢).
CASE_0247,1067640,mixed,6,7636330,0.6078,0.6078,0,ar,فيما يلي مثال على تكوين مسار افتراضي على جهاز توجيه أو محول: إليك ما يقوله هذا الأمر: بالنسبة لجميع حركة المرور التي لا تنتقل إلى إحدى الشبكات المتصلة محليًا ، قم بإعادة توجيهها إلى جهاز التوجيه على عنوان IP 1.1.1.1.
CASE_0247,1067640,mixed,7,1883634,0.6054,0.6054,0,ar,مسار تحويل الإشارة. سلسلة من الخطوات تربط منبهًا ميكانيكيًا أو كيميائيًا باستجابة خلوية محددة. هناك أربعة أنواع درسناها: الاستقبال المرتبط بالبروتين g. استقبال هرموني استقبال مستقبلات التيروزين كيناز ؛ المسارات باستخدام الرسل الثاني (cAMP ؛ أيونات الكالسيوم). جزيء أو أيون صغير غير بروتيني قابل للذوب
CASE_0247,1067640,mixed,8,2823101,0.6053,0.6053,0,ar,تعمل مسارات تحويل الإشارة على تضخيم تأثير جزيء الإشارة. تقوم مسارات تحويل الإشارة بتحويل الإشارة الموجودة على سطح الخلية إلى استجابة خلوية محددة. تسمح مسارات نقل الإشارة لأنواع مختلفة من الخلايا بالاستجابة بشكل مختلف لجزيء الإشارة نفسه.
CASE_0247,1067640,mixed,9,826058,0.6018,0.6018,0,ar,مسار تحويل الإشارة هو الآلية التي تشير بها طاقة الفوتون إلى آلية في الخلية تؤدي إلى استقطابها الكهربائي. 1 يؤدي هذا الاستقطاب في النهاية إما إلى نفاذية أو تثبيط الإشارة العصبية التي سيتم تغذيتها إلى الدماغ عبر العصب البصري.
CASE_0247,1067640,mixed,10,1621473,0.5931,0.5931,0,ar,لذلك ، فإن عملية إفراز الأنسولين هي مثال على آلية الزناد في مسار تحويل الإشارة لأن الأنسولين يتم إفرازه بعد دخول الجلوكوز إلى خلية بيتا وهذا يؤدي إلى العديد من العمليات الأخرى في تفاعل متسلسل.
CASE_0247,1096527,endpoint,1,8237656,0.6891,0.6891,0,ar,أفضل إجابة: 8 أسابيع على الأقل. تحتاج الجراء إلى وقت للعب مع زملائها في القمامة ، وهذا يساعدهم على المدى الطويل في العض والقسوة. وأود أن أقول اطلب 100 دولار لضمان منزل محب. ودائما يجتمع مع الناس ، مرة أو مرتين قبل اليد.
CASE_0247,1096527,endpoint,2,5445119,0.6839,0.6839,0,ar,يعتقد بعض علماء النفس أن الجراء يجب أن تبقى مع الأم حتى عمر 12 أسبوعًا كما كان قبل هذا الوقت ، الجراء ضعيفة للغاية ولكن هذا أيضًا بعد المراحل الحاسمة من التنشئة الاجتماعية. أظهرت الجراء التي تمت إزالتها في 6 أسابيع فقدان الشهية وزيادة الضيق وقابلية للمرض.
CASE_0247,1096527,endpoint,3,6831132,0.6819,0.6819,0,ar,ثلاثة اشهر. عندما يصل الجراء إلى عمر 3 أشهر تقريبًا ، سيظلون بحاجة إلى الكثير من النوم ، على الرغم من أنه ليس بنفس القدر الذي يحتاجه الأطفال حديثي الولادة. من أجل الصحة والطاقة المثلى ، تحتاج الجراء إلى الحصول على ما بين 15 و 20 ساعة من وقت النوم في غضون يوم واحد ، وفقًا لجمعية Eagle Valley Humane.
CASE_0247,1096527,endpoint,4,6245215,0.6778,0.6778,0,ar,إجابة كاتي (92). بشكل عام ، يجب فصل الجراء عن أمهاتهم عندما لا يقل عمرهم عن 8 أشهر (يعتبر 8 إلى 12 شهرًا هو الوقت الأمثل). يجب أن تبقى الجراء مع أمها لمدة 7 أسابيع على الأقل. لأنهم يحتاجون إلى حليب الأم ويساعد على الوقاية من الأمراض وتحسين صحتهم إلى حد كبير. يتعلم السلوك والعادات من الأم. لذلك لن تن
CASE_0247,1096527,endpoint,5,1886111,0.6765,0.6765,0,ar,ثلاثة اشهر. عندما يصل الجراء إلى عمر 3 أشهر تقريبًا ، سيظلون بحاجة إلى الكثير من النوم ، على الرغم من أنه ليس بنفس القدر الذي يحتاجه الأطفال حديثي الولادة. من أجل الصحة والطاقة المثلى ، تحتاج الجراء إلى الحصول على ما بين 15 و 20 ساعة من وقت النوم في غضون يوم واحد ، وفقًا لجمعية إيجل فالي للإنسانية.
CASE_0247,1096527,endpoint,6,2558797,0.6758,0.6758,0,ar,إجابة كاتي (92). بشكل عام ، يجب فصل الجراء عن أمهاتهم عندما لا يقل عمرهم عن 8 أشهر (يعتبر 8 إلى 12 شهرًا هو الوقت الأمثل) ، ويجب أن يكون عمر الجراء 6 أسابيع على الأقل وأن يأكلوا طعامًا صلبًا. ستواجه الجراء التي يتم الاحتفاظ بها مع فضلاتها حتى 8 أسابيع مشاكل انفصال أقل مع أسرتها الجديدة. سيكون عمر مع
CASE_0247,1096527,endpoint,7,2969891,0.6756,0.6756,0,ar,ثلاثة اشهر. عندما يصل الجراء إلى عمر 3 أشهر تقريبًا ، سيظلون بحاجة إلى الكثير من النوم ، على الرغم من أنه ليس بنفس القدر الذي يحتاجه الأطفال حديثي الولادة. من أجل الصحة والطاقة المثلى ، تحتاج الجراء إلى الحصول على ما بين 15 و 20 ساعة من وقت النوم في غضون يوم واحد ، وفقًا لجمعية Eagle Valley Humane.
CASE_0247,1096527,endpoint,8,8607377,0.6741,0.6741,0,ar,يستطيع الجراء البالغون من العمر 6 أسابيع ترك أمهم. في ستة أسابيع ، يحتاج الجرو والدته للعب والتواصل والطمأنينة. لا يجب أن يكون معها على مدار 24 ساعة في اليوم ، وهي بحاجة إلى قضاء وقت بعيدًا عن كلابها كل يوم. لكنه ليس مستعدًا لتركها حتى الآن ، لذا يجب أن تكون أكثر صبرًا!
CASE_0247,1096527,endpoint,9,3633494,0.6735,0.6735,0,ar,عندما يصل الجراء إلى عمر 3 أشهر تقريبًا ، سيظلون بحاجة إلى الكثير من النوم ، على الرغم من أنه ليس بنفس القدر الذي يحتاجه الأطفال حديثي الولادة. من أجل الصحة والطاقة المثلى ، تحتاج الجراء إلى الحصول على ما بين 15 و 20 ساعة من وقت النوم في غضون يوم واحد ، وفقًا لجمعية Eagle Valley Humane. إذا كان كلاب
CASE_0247,1096527,endpoint,10,5061090,0.6727,0.6727,0,ar,بحلول الأسبوع الثامن ، يسعد بعض الناس بترك الجراء تترك المنزل ، لكن العديد من المربين الجيدين لن يسمحوا لهم بالمغادرة حتى عمر 12 أسبوعًا. في الأسبوع الثاني يجب أن تكون الجراء ديدان ، الأسبوع الثالث سيكون الجرو أكثر صوتًا ، ويتطلب صلبة ناعمة وقد تحتاج الأظافر إلى القطع. جواب: إنها عملية تستغرق أسابيع
CASE_0247,1096527,mixed,1,8237656,0.7074,0.7074,0,ar,أفضل إجابة: 8 أسابيع على الأقل. تحتاج الجراء إلى وقت للعب مع زملائها في القمامة ، وهذا يساعدهم على المدى الطويل في العض والقسوة. وأود أن أقول اطلب 100 دولار لضمان منزل محب. ودائما يجتمع مع الناس ، مرة أو مرتين قبل اليد.
CASE_0247,1096527,mixed,2,5061090,0.7021,0.7021,0,ar,بحلول الأسبوع الثامن ، يسعد بعض الناس بترك الجراء تترك المنزل ، لكن العديد من المربين الجيدين لن يسمحوا لهم بالمغادرة حتى عمر 12 أسبوعًا. في الأسبوع الثاني يجب أن تكون الجراء ديدان ، الأسبوع الثالث سيكون الجرو أكثر صوتًا ، ويتطلب صلبة ناعمة وقد تحتاج الأظافر إلى القطع. جواب: إنها عملية تستغرق أسابيع
CASE_0247,1096527,mixed,3,7493757,0.7016,0.7016,1,ar,انتظر حتى يبلغ جروك 8 أسابيع قبل التخلي عنها. إذا كنت تبيع الجراء أو تتخلى عنها ، فانتظر حتى يبلغوا 8 أسابيع قبل تسليمهم إلى المالكين الجدد. في بعض الولايات ، مثل كاليفورنيا ، من غير القانوني بيع الجراء أو التخلي عنها قبل 8 أسابيع من العمر. يجب فطام الجراء تمامًا وتناول طعام الكلاب بمفردهم قبل مغادر
CASE_0247,1096527,mixed,4,6245211,0.6992,0.6992,0,ar,سن الانفصال. يحتاج الجراء إلى البقاء مع أمهاتهم وإخوتهم لمدة لا تقل عن 8 أسابيع ، وفقًا للموقع الإلكتروني لجمعية ويسكونسن للرفق بالحيوان بالإضافة إلى معظم السلطات الأخرى المعنية بالكلاب. الخط المعنى. تعتمد الجراء على كلاب أمها في التغذية تمامًا لمدة أربعة أسابيع تقريبًا ثم جزئيًا حتى يبلغوا من العمر
CASE_0247,1096527,mixed,5,7493764,0.6965,0.6965,0,ar,يجب ألا تترك الجراء الأم حتى عمر 8 أسابيع على الأقل ، 10 أسابيع هو أفضل وقت ولكن 8 أسابيع ستكون كبيرة بما يكفي. عندما يتركون الأم في سن أصغر ، فإنهم يميلون إلى مشاكل اجتماعية مع البشر والكلاب الأخرى ، وعادة ما يكون تدريبهم أكثر صعوبة ، ولا يستمعون أيضًا.
CASE_0247,1096527,mixed,6,2208014,0.6938,0.6938,0,ar,سن الانفصال. تحتاج الجراء إلى البقاء مع أمهاتهم وإخوتهم لمدة لا تقل عن 8 أسابيع ، وفقًا لموقع الويب الخاص بجمعية ويسكونسن للإنسانية بالإضافة إلى معظم السلطات الأخرى المعنية بالكلاب. يمكن أن يؤدي الانفصال المبكر عن الكلاب الأم إلى الكثير من مشاكل التنشئة الاجتماعية.
CASE_0247,1096527,mixed,7,6245215,0.6923,0.6923,0,ar,إجابة كاتي (92). بشكل عام ، يجب فصل الجراء عن أمهاتهم عندما لا يقل عمرهم عن 8 أشهر (يعتبر 8 إلى 12 شهرًا هو الوقت الأمثل). يجب أن تبقى الجراء مع أمها لمدة 7 أسابيع على الأقل. لأنهم يحتاجون إلى حليب الأم ويساعد على الوقاية من الأمراض وتحسين صحتهم إلى حد كبير. يتعلم السلوك والعادات من الأم. لذلك لن تن
CASE_0247,1096527,mixed,8,2208010,0.691,0.691,0,ar,عادة ما يتم فطام الجراء من ستة إلى سبعة أسابيع ، لكنهم ما زالوا يتعلمون مهارات مهمة حيث تتركهم أمهم تدريجيًا لفترات أطول من الوقت. من الناحية المثالية ، يجب أن تبقى الجراء مع رفاقها في القمامة (أو غيرهم من الكلاب النموذجية) لمدة 12 أسبوعًا على الأقل.
CASE_0247,1096527,mixed,9,2150603,0.6891,0.6891,0,ar,"""الجراء الجراء يمكن أن يترك أمهاتهم في ثمانية أسابيع من العمر. قبل رحيل الجراء عن أمهاتهم ، يجب أن يكونوا قد تبلوا تمامًا من حليب أمهاتهم و """""""" قادرين على مضغ طعام الجراء عن طيب خاطر. سلالة أخرى من الكلاب. يجب ترك الجراء مع أمهاتهم حتى عمر 8 أسابيع ولكن يمكنك فطام الجراء في حوالي 3-4 أسابيع من خلال"
CASE_0247,1096527,mixed,10,609255,0.6887,0.6887,0,ar,وفقًا لجمعية مستشفيات الحيوانات الأمريكية (AAHA) ، يجب تطعيم الجراء كل ثلاثة إلى أربعة أسابيع بين عمر 6 و 16 أسبوعًا (أي في 6 و 10 و 14 أسبوعًا أو في 8 و 12 و 16 أسبوعًا) ، مع نهاية الأسبوع. تعطى الجرعة بين 14 و 16 أسبوعًا من العمر.
CASE_0247,300312,endpoint,1,6618368,0.7423,0.7423,0,ar,ملاءمة. التصنيف الأحدث الأقدم. أفضل إجابة: لقد عدت عدد الكلمات في مقال نموذجي لي ، وكانوا يقاربون أربعمائة كلمة عند تباعدها عن بعضها ، وحوالي ثمانمائة عندما تكون متباعدة. إذاً ، فثلاث صفحات تحتوي على مسافة مزدوجة ، حوالي 1200 كلمة ، وثلاث صفحات بمسافة واحدة حوالي 2400 كلمة. لكن ربما يجب أن تخطط لكتا
CASE_0247,300312,endpoint,2,777037,0.7379,0.7379,0,ar,1 25000 كلمة في 50 صفحة متباعدة عن بعضها ، و 100 صفحة متباعدة. 2 30000 كلمة 60 صفحة متباعدة ، 120 صفحة متباعدة. 3 40000 كلمة هي 80 صفحة متباعدة ، 160 صفحة متباعدة. 50000 كلمة هي 100 صفحة متباعدة ، 200 صفحة متباعدة.
CASE_0247,300312,endpoint,3,4406069,0.7361,0.7361,0,ar,500 كلمة في صفحة واحدة متباعدة ، صفحتان متباعدتان. 1000 كلمة هي صفحتان متباعدتان عن بعضهما البعض و 4 صفحات متباعدة عن بعضها البعض. 1500 كلمة هي 3 صفحات متباعدة ، 6 صفحات متباعدة. 2000 كلمة هي 4 صفحات متباعدة ، 8 صفحات متباعدة.
CASE_0247,300312,endpoint,4,24187,0.7337,0.7337,0,ar,استخدم المعلومات الواردة أدناه كمرجع عام ، ولكن لا تفترض أنها ستكون كذلك في جميع الأوقات. 1500 كلمة في صفحة واحدة متباعدة ، صفحتان متباعدتان. 1000 كلمة هي صفحتان متباعدتان عن بعضهما البعض و 4 صفحات متباعدة عن بعضها البعض.
CASE_0247,300312,endpoint,5,777041,0.7315,0.7315,0,ar,1 4000 كلمة هي 8 صفحات متباعدة ، 16 صفحة متباعدة. 2 5000 كلمة عبارة عن 10 صفحات متباعدة ، 20 صفحة متباعدة. 3 7500 كلمة عبارة عن 15 صفحة متباعدة ، 30 صفحة متباعدة. 10000 كلمة هي 20 صفحة متباعدة ، 40 صفحة متباعدة.
CASE_0247,300312,endpoint,6,777039,0.7296,0.7296,0,ar,2000 كلمة تتكون من 4 صفحات بمسافة واحدة ، و 8 صفحات ذات تباعد مزدوج. 2 2500 كلمة في 5 صفحات متباعدة ، 10 صفحات متباعدة. 3 3000 كلمة تتكون من 6 صفحات بمسافة واحدة ، و 12 صفحة متباعدة. 4000 كلمة هي 8 صفحات متباعدة ، 16 صفحة متباعدة.
CASE_0247,300312,endpoint,7,8335957,0.7266,0.7266,0,ar,يُطلب مني عادةً إنشاء نص بعدد كلمات معين ، ما زلت أضيع أحيانًا. لذلك أخذت صفحة من نص عادي مع القليل من التنسيق والإحصاءات هي Ã'. فقط لكي تضع في اعتبارك ، فإن متوسط ​​الصفحة الواحدة المتباعدة تحتوي عادة على حوالي 3000 حرف أو 500 كلمة. اعتمادًا على تنسيق النص ، قد يتضمن عدد كلمات الصفحة من 200 (طباعة
CASE_0247,300312,endpoint,8,8805371,0.7257,0.7257,0,ar,كم عدد الصفحات. القائمة أدناه تقريبية ، وستختلف الصفحات الفعلية اعتمادًا على عدد من العوامل المذكورة سابقًا في هذه المقالة. استخدم المعلومات الواردة أدناه كمرجع عام ، ولكن لا تفترض أنها ستكون كذلك في جميع الأوقات. 500 كلمة في صفحة واحدة متباعدة ، صفحتان متباعدتان. 1000 كلمة هي صفحتان متباعدتان عن بع
CASE_0247,300312,endpoint,9,5989055,0.7215,0.7215,0,ar,هذا يعتمد على عدد الكلمات التي تحتاجها. تحتوي صفحة واحدة متباعدة على 550 كلمة ، وصفحة واحدة ذات تباعد مزدوج بها 275 كلمة. لدينا آلة حاسبة ستحسب السعر من أجلك. يجب عليك فقط تحديد عدد الصفحات لجسم مقالتك. يتم توفير صفحات العنوان والمراجع مجانًا.
CASE_0247,300312,endpoint,10,7422923,0.7214,0.7214,0,ar,450 كلمة مكتوبة بطريقة متباعدة يجب أن تشغل صفحة واحدة فقط. هذا إذا كان حجم الخط 14 أو أصغر.
CASE_0247,300312,mixed,1,6618368,0.7441,0.7441,0,ar,ملاءمة. التصنيف الأحدث الأقدم. أفضل إجابة: لقد عدت عدد الكلمات في مقال نموذجي لي ، وكانوا يقاربون أربعمائة كلمة عند تباعدها عن بعضها ، وحوالي ثمانمائة عندما تكون متباعدة. إذاً ، فثلاث صفحات تحتوي على مسافة مزدوجة ، حوالي 1200 كلمة ، وثلاث صفحات بمسافة واحدة حوالي 2400 كلمة. لكن ربما يجب أن تخطط لكتا
CASE_0247,300312,mixed,2,3175026,0.7409,0.7409,0,ar,جواب سريع. يختلف عدد الكلمات في الصفحة ذات المسافات المزدوجة وفقًا لعدد من العوامل ، بما في ذلك الهوامش والخط. في المتوسط ​​، يوجد حوالي 275 كلمة في الصفحة ذات المسافات المزدوجة. يفترض هذا هوامش 1 بوصة ، وحجم خط 12 نقطة ، وخط Arial ، وحجم صفحة 8.5 × 11 بوصة. أكمل القراءة.
CASE_0247,300312,mixed,3,7343719,0.7386,0.7386,1,ar,جواب سريع. يختلف عدد الكلمات في الصفحة ذات المسافات المزدوجة وفقًا لعدد من العوامل ، بما في ذلك الهوامش والخط. في المتوسط ​​، يوجد حوالي 275 كلمة في الصفحة ذات المسافات المزدوجة. يفترض هذا هوامش 1 بوصة ، وحجم خط 12 نقطة ، وخط Arial ، وحجم صفحة 8.5 × 11 بوصة.
CASE_0247,300312,mixed,4,7422919,0.7364,0.7364,0,ar,(تباعد مزدوج) مساعدة. متوسط ​​عدد الكلمات المقبول لكل صفحة هو 250 كلمة لكل صفحة. لقد أجريت عددًا من الكلمات على بعض النصوص غير المرغوب فيها في Word ، مع تباعد dbl ، والخط arial ، الحجم 12 وخرجت بـ 288 كلمة. 2000/250 = 8 صفحات ... سأذهب بـ 8 صفحات.
CASE_0247,300312,mixed,5,6258095,0.7341,0.7341,0,ar,بالنسبة للصفحة ذات الهوامش 1 بوصة ، وخط Times New Roman 12 نقطة ، والحد الأدنى من عناصر التباعد ، فإن القاعدة العامة الجيدة هي 500 كلمة لصفحة واحدة متباعدة و 250 كلمة للصفحة ذات المسافات المزدوجة. باستخدام هذا كمثال ، يكون الورق ذو التباعد المزدوج من 3 إلى 4 صفحات 750-1000 كلمة ، والورقة ذات المسافا
CASE_0247,300312,mixed,6,4406069,0.7325,0.7325,0,ar,500 كلمة في صفحة واحدة متباعدة ، صفحتان متباعدتان. 1000 كلمة هي صفحتان متباعدتان عن بعضهما البعض و 4 صفحات متباعدة عن بعضها البعض. 1500 كلمة هي 3 صفحات متباعدة ، 6 صفحات متباعدة. 2000 كلمة هي 4 صفحات متباعدة ، 8 صفحات متباعدة.
CASE_0247,300312,mixed,7,6716398,0.7323,0.7323,0,ar,يختلف عدد الكلمات في الصفحة ذات المسافات المزدوجة وفقًا لعدد من العوامل ، بما في ذلك الهوامش والخط. في المتوسط ​​، يوجد حوالي 275 كلمة في الصفحة ذات المسافات المزدوجة. يفترض هذا هوامش 1 بوصة ، وحجم خط 12 نقطة ، وخط Arial ، وحجم صفحة 8.5 × 11 بوصة.
CASE_0247,300312,mixed,8,6258098,0.7293,0.7293,0,ar,يختلف عدد الكلمات في الصفحة ذات المسافات المزدوجة وفقًا لعدد من العوامل ، بما في ذلك الهوامش والخط. في المتوسط ​​، يوجد حوالي 275 كلمة في الصفحة ذات المسافات المزدوجة. يفترض هذا هوامش 1 بوصة ، وحجم خط 12 نقطة ، وخط Arial ، وحجم صفحة 8.5 × 11 بوصة. تعرف أكثر.
CASE_0247,300312,mixed,9,7343713,0.7291,0.7291,0,ar,ج: يختلف عدد الكلمات الموجودة في الصفحة ذات المسافات المزدوجة وفقًا لعدد من العوامل ، بما في ذلك الهوامش والخط. في المتوسط ​​، يوجد حوالي 275 كلمة في الصفحة ذات المسافات المزدوجة. يفترض هذا هوامش 1 بوصة ، وحجم خط 12 نقطة ، وخط Arial ، وحجم صفحة 8.5 × 11 بوصة. أكمل القراءة
CASE_0247,300312,mixed,10,777039,0.7289,0.7289,0,ar,2000 كلمة تتكون من 4 صفحات بمسافة واحدة ، و 8 صفحات ذات تباعد مزدوج. 2 2500 كلمة في 5 صفحات متباعدة ، 10 صفحات متباعدة. 3 3000 كلمة تتكون من 6 صفحات بمسافة واحدة ، و 12 صفحة متباعدة. 4000 كلمة هي 8 صفحات متباعدة ، 16 صفحة متباعدة.
CASE_0247,300674,endpoint,1,2495763,0.7273,0.7273,0,ar,كان ويليام برادفورد حاكم مستعمرة بليموث لمدة 30 عامًا. تأسست المستعمرة من قبل أناس يطلق عليهم المتشددون. كانوا من أوائل الأشخاص من إنجلترا الذين استقروا فيما يعرف الآن بالولايات المتحدة. ساعد برادفورد في جعل بليموث أول مستعمرة دائمة في نيو إنجلاند.
CASE_0247,300674,endpoint,2,7067029,0.7183,0.7183,0,ar,كان ويليام برادفورد (حوالي 1590 - حوالي 1657) زعيمًا انفصاليًا إنجليزيًا في ليدن بهولندا وفي مستعمرة بليموث. هاجر إلى العالم الجديد في ماي فلاور في عام 1620 ، ووقع اتفاقية ماي فلاور ، ثم شغل منصب حاكم مستعمرة بليموث خمس مرات غطت حوالي ثلاثين عامًا بين عامي 1621 و 1657.
CASE_0247,300674,endpoint,3,7067032,0.7088,0.7088,1,ar,http://en.wikipedia.org/wiki/William_Bradford_(Plymouth_Colony_governor) كان ويليام برادفورد (حوالي 1590 ¢ 1657) قائدًا انفصاليًا إنجليزيًا في ليدن بهولندا وفي مستعمرة بليموث. أحد الموقعين على اتفاقية ماي فلاور. شغل منصب حاكم مستعمرة بليموث خمس مرات غطت حوالي ثلاثين عامًا بين عامي 1621 و 1657.
CASE_0247,300674,endpoint,4,2021163,0.6968,0.6968,0,ar,أصبح وليام برادفورد حاكمًا عام 1621 بعد وفاة جون كارفر. في 22 مارس 1621 ، وقع حجاج مستعمرة بليموث معاهدة سلام مع ماساويت في وامبانواغ. تم تسليم براءة اختراع مستعمرة بليموث من قبل برادفورد إلى الأحرار في عام 1640 ، مطروحًا منه احتياطيًا صغيرًا من ثلاثة قطع من الأرض.
CASE_0247,300674,endpoint,5,3289523,0.6938,0.6938,0,ar,كان ويليام برادفورد (1590-1657) مؤسسًا وحاكمًا قديمًا لمستوطنة بليموث كولوني. ولد في إنجلترا ، وهاجر مع المصلين الانفصاليين إلى هولندا عندما كان مراهقًا. كان برادفورد من بين ركاب رحلة ماي فلاور عبر المحيط الأطلسي ، ووقع اتفاقية ماي فلاور عند وصوله إلى ماساتشوستس في عام 1620. وبصفته حاكم مستعمرة بليم
CASE_0247,300674,endpoint,6,4107182,0.6889,0.6889,0,ar,كان الرجل الذي تقدم للأمام في مستعمرة بليموث هو ويليام برادفورد. بعد وفاة الحاكم الأول الذي تم انتخابه بموجب اتفاق ماي فلاور من الشتاء القاسي ، تم انتخاب برادفورد حاكمًا لمدة ثلاثين عامًا. في مايو من عام 1621 ، أجرى أول مراسم زواج للمستعمرة.
CASE_0247,300674,endpoint,7,4882206,0.6849,0.6849,0,ar,كان ويليام برادفورد (1590-1657) مؤسسًا وحاكمًا قديمًا لمستوطنة بليموث كولوني. ولد في إنجلترا ، وهاجر مع المصلين الانفصاليين إلى هولندا عندما كان مراهقًا ، ووصل الحجاج إلى ما أصبح يعرف باسم بليموث ، ماساتشوستس ، في عام 1621 مع عدد كبير من المستوطنين غير الانفصاليين. قبل النزول من الطائرة ، وضع المصلي
CASE_0247,300674,endpoint,8,4309131,0.6846,0.6846,0,ar,كان ويليام برادفورد ، زعيم الجماعة الانفصالية ، أحد واضعي ميثاق ماي فلاور ، وسيشغل منصب حاكم بليموث لمدة 30 عامًا بعد تأسيسها. احتفظ برادفورد أيضًا بمجلة ضخمة تؤرخ رحلة السفينة وتأسيس مستعمرة بليموث.
CASE_0247,300674,endpoint,9,4917597,0.6829,0.6829,0,ar,كان ويليام برادفورد زعيمًا للمستوطنين الانفصاليين في مستعمرة بليموث في ماساتشوستس ، وانتُخب ثلاثين مرة ليكون الحاكم بعد وفاة جون كارفر. كان ثاني موقع ومهندس رئيسي لميثاق ماي فلاور في مرفأ بروفينستاون.
CASE_0247,300674,endpoint,10,4917604,0.6756,0.6756,0,ar,ويليام برادفورد (حاكم مستعمرة بليموث) ويليام برادفورد (ج .19 مارس 1590 - 9 مايو 1657) كان انفصاليًا إنجليزيًا في الأصل من West Riding of Yorkshire ، وانتقل لاحقًا إلى Leiden في هولندا ، ثم في عام 1620 هاجرت إلى مستعمرة بليموث على ماي فلاور.
CASE_0247,300674,mixed,1,7067032,0.7145,0.7145,1,ar,http://en.wikipedia.org/wiki/William_Bradford_(Plymouth_Colony_governor) كان ويليام برادفورد (حوالي 1590 ¢ 1657) قائدًا انفصاليًا إنجليزيًا في ليدن بهولندا وفي مستعمرة بليموث. أحد الموقعين على اتفاقية ماي فلاور. شغل منصب حاكم مستعمرة بليموث خمس مرات غطت حوالي ثلاثين عامًا بين عامي 1621 و 1657.
CASE_0247,300674,mixed,2,2495763,0.6928,0.6928,0,ar,كان ويليام برادفورد حاكم مستعمرة بليموث لمدة 30 عامًا. تأسست المستعمرة من قبل أناس يطلق عليهم المتشددون. كانوا من أوائل الأشخاص من إنجلترا الذين استقروا فيما يعرف الآن بالولايات المتحدة. ساعد برادفورد في جعل بليموث أول مستعمرة دائمة في نيو إنجلاند.
CASE_0247,300674,mixed,3,7067029,0.6908,0.6908,0,ar,كان ويليام برادفورد (حوالي 1590 - حوالي 1657) زعيمًا انفصاليًا إنجليزيًا في ليدن بهولندا وفي مستعمرة بليموث. هاجر إلى العالم الجديد في ماي فلاور في عام 1620 ، ووقع اتفاقية ماي فلاور ، ثم شغل منصب حاكم مستعمرة بليموث خمس مرات غطت حوالي ثلاثين عامًا بين عامي 1621 و 1657.
CASE_0247,300674,mixed,4,3289523,0.6656,0.6656,0,ar,كان ويليام برادفورد (1590-1657) مؤسسًا وحاكمًا قديمًا لمستوطنة بليموث كولوني. ولد في إنجلترا ، وهاجر مع المصلين الانفصاليين إلى هولندا عندما كان مراهقًا. كان برادفورد من بين ركاب رحلة ماي فلاور عبر المحيط الأطلسي ، ووقع اتفاقية ماي فلاور عند وصوله إلى ماساتشوستس في عام 1620. وبصفته حاكم مستعمرة بليم
CASE_0247,300674,mixed,5,4917597,0.6622,0.6622,0,ar,كان ويليام برادفورد زعيمًا للمستوطنين الانفصاليين في مستعمرة بليموث في ماساتشوستس ، وانتُخب ثلاثين مرة ليكون الحاكم بعد وفاة جون كارفر. كان ثاني موقع ومهندس رئيسي لميثاق ماي فلاور في مرفأ بروفينستاون.
CASE_0247,300674,mixed,6,2021163,0.6615,0.6615,0,ar,أصبح وليام برادفورد حاكمًا عام 1621 بعد وفاة جون كارفر. في 22 مارس 1621 ، وقع حجاج مستعمرة بليموث معاهدة سلام مع ماساويت في وامبانواغ. تم تسليم براءة اختراع مستعمرة بليموث من قبل برادفورد إلى الأحرار في عام 1640 ، مطروحًا منه احتياطيًا صغيرًا من ثلاثة قطع من الأرض.
CASE_0247,300674,mixed,7,4107182,0.647,0.647,0,ar,كان الرجل الذي تقدم للأمام في مستعمرة بليموث هو ويليام برادفورد. بعد وفاة الحاكم الأول الذي تم انتخابه بموجب اتفاق ماي فلاور من الشتاء القاسي ، تم انتخاب برادفورد حاكمًا لمدة ثلاثين عامًا. في مايو من عام 1621 ، أجرى أول مراسم زواج للمستعمرة.
CASE_0247,300674,mixed,8,4917604,0.6469,0.6469,0,ar,ويليام برادفورد (حاكم مستعمرة بليموث) ويليام برادفورد (ج .19 مارس 1590 - 9 مايو 1657) كان انفصاليًا إنجليزيًا في الأصل من West Riding of Yorkshire ، وانتقل لاحقًا إلى Leiden في هولندا ، ثم في عام 1620 هاجرت إلى مستعمرة بليموث على ماي فلاور.
CASE_0247,300674,mixed,9,4309131,0.6466,0.6466,0,ar,كان ويليام برادفورد ، زعيم الجماعة الانفصالية ، أحد واضعي ميثاق ماي فلاور ، وسيشغل منصب حاكم بليموث لمدة 30 عامًا بعد تأسيسها. احتفظ برادفورد أيضًا بمجلة ضخمة تؤرخ رحلة السفينة وتأسيس مستعمرة بليموث.
CASE_0247,300674,mixed,10,4882206,0.6462,0.6462,0,ar,كان ويليام برادفورد (1590-1657) مؤسسًا وحاكمًا قديمًا لمستوطنة بليموث كولوني. ولد في إنجلترا ، وهاجر مع المصلين الانفصاليين إلى هولندا عندما كان مراهقًا ، ووصل الحجاج إلى ما أصبح يعرف باسم بليموث ، ماساتشوستس ، في عام 1621 مع عدد كبير من المستوطنين غير الانفصاليين. قبل النزول من الطائرة ، وضع المصلي
CASE_0247,333486,endpoint,1,4248922,0.6812,0.6812,0,ar,ما هو الحد الأدنى لسن قيادة شاحنة الشركة حيث يمكن أن تتاح لي الفرصة للعمل لدى EDF ولكني أبلغ 18 عامًا فقط.
CASE_0247,333486,endpoint,2,7075222,0.6671,0.6671,0,ar,تذهب معظم الوظائف المتاحة للشباب في ولاية أيداهو للشباب الذين تبلغ أعمارهم 16 عامًا أو أكثر. بالنسبة لأولئك الذين تتراوح أعمارهم بين 14 و 16 عامًا ، يتم تطبيق قواعد خاصة. تعتبر أنواع معينة من الوظائف الزراعية وغير الزراعية خطرة للغاية بالنسبة للمراهقين الذين تقل أعمارهم عن 16 عامًا.
CASE_0247,333486,endpoint,3,7075218,0.6602,0.6602,1,ar,تم التحديث في 25 آذار (مارس) 2017. تنص قوانين عمالة الأطفال الفيدرالية على أن الحد الأدنى لسن العمل هو 14 عامًا (مع بعض الاستثناءات). قوانين الولاية ، ومع ذلك ، قد تختلف. في ولاية أيداهو ، قد يعمل الأطفال البالغون من العمر 14 عامًا ولا يحتاجون إلى شهادة خاصة.
CASE_0247,333486,endpoint,4,1292544,0.6504,0.6504,0,ar,كم يجب أن يكون عمر القاصر لكي يعمل؟ في معظم الحالات ، يجب ألا يقل عمر القاصر عن 14 عامًا للعمل في وظائف غير زراعية. توجد قوانين عمل الأطفال في ولاية أيداهو في أقسام كود أيداهو 44-1301 حتى 44-1308.
CASE_0247,333486,endpoint,5,5641083,0.6466,0.6466,0,ar,كم يجب أن يكون عمرك للعمل في Hy-Vee؟ الحد الأدنى لسن العمل في هذه الشركة هو 14 عامًا. قد تتطلب بعض المتاجر أن يكون عمر جميع الموظفين 16 عامًا على الأقل. لا يوجد حد أقصى لسن العمل ؛ يمكن لجميع المتقدمين الذين تزيد أعمارهم عن 16 عامًا التقديم عبر الإنترنت. ابحث عن المدارس واحصل على معلومات عن البرنامج
CASE_0247,333486,endpoint,6,1788531,0.6447,0.6447,0,ar,في ولاية إلينوي ، يجب أن يكون عمرك 15 عامًا فقط للحصول على تصريح عمل. في سن 16 هو الوقت الذي يبدأ فيه معظم المراهقين العمل لأنهم في هذا الوقت في سن القيادة القانونية. جعل العالم أفضل ، إجابة واحدة في كل مرة.
CASE_0247,333486,endpoint,7,3150623,0.6445,0.6445,0,ar,1 للتسجيل ، لا يمكن أن يكون عمرك أقل من 17 عامًا (18 لحاملي GED) أو أكبر من 39 عامًا. للانضمام كمسؤول ، لا يمكن أن يكون عمرك أقل من 18 عامًا أو أكبر من 34 عامًا.
CASE_0247,333486,endpoint,8,7863153,0.6439,0.6439,0,ar,كم يجب أن يكون عمرك للعمل كصراف في محل بقالة؟ في ولاية إلينوي ، يجب أن يكون عمرك 15 عامًا فقط للحصول على تصريح عمل. في سن 16 هو الوقت الذي يبدأ فيه معظم المراهقين العمل لأنهم في هذا الوقت في سن القيادة القانونية.
CASE_0247,333486,endpoint,9,4114586,0.6437,0.6437,0,ar,كم يجب أن يكون عمرك للحصول على تصريح عمل في إلينوي؟ يُطلب من الأطفال الذين تتراوح أعمارهم بين 14 و 15 عامًا الحصول على تصريح عمل في إلينوي. يسمح تصريح العمل لهم بالعمل ، ولكن هناك قيود على ساعات العمل.
CASE_0247,333486,endpoint,10,6082397,0.6435,0.6435,0,ar,سيكون لكل متجر سياسة توظيف خاصة به وتختلف حسب الولاية. عليك أن تسألهم ؛ نحن المعلقين هنا في الفضاء الإلكتروني ليس لدينا الإجابة النهائية التي تحتاجها. معظم الأماكن يجب أن يكون عمرك 15 عامًا على الأقل ...... ولكن إذا تحدثت إلى المدير أولاً ، يمكنك الحصول على واحد في الساعة 14.
CASE_0247,333486,mixed,1,7075218,0.7014,0.7014,1,ar,تم التحديث في 25 آذار (مارس) 2017. تنص قوانين عمالة الأطفال الفيدرالية على أن الحد الأدنى لسن العمل هو 14 عامًا (مع بعض الاستثناءات). قوانين الولاية ، ومع ذلك ، قد تختلف. في ولاية أيداهو ، قد يعمل الأطفال البالغون من العمر 14 عامًا ولا يحتاجون إلى شهادة خاصة.
CASE_0247,333486,mixed,2,7075222,0.6964,0.6964,0,ar,تذهب معظم الوظائف المتاحة للشباب في ولاية أيداهو للشباب الذين تبلغ أعمارهم 16 عامًا أو أكثر. بالنسبة لأولئك الذين تتراوح أعمارهم بين 14 و 16 عامًا ، يتم تطبيق قواعد خاصة. تعتبر أنواع معينة من الوظائف الزراعية وغير الزراعية خطرة للغاية بالنسبة للمراهقين الذين تقل أعمارهم عن 16 عامًا.
CASE_0247,333486,mixed,3,1788531,0.6884,0.6884,0,ar,في ولاية إلينوي ، يجب أن يكون عمرك 15 عامًا فقط للحصول على تصريح عمل. في سن 16 هو الوقت الذي يبدأ فيه معظم المراهقين العمل لأنهم في هذا الوقت في سن القيادة القانونية. جعل العالم أفضل ، إجابة واحدة في كل مرة.
CASE_0247,333486,mixed,4,3268342,0.6816,0.6816,0,ar,تصاريح العمل / شهادات العمر يتطلب قانون ولاية أيوا تصاريح عمل لمن تتراوح أعمارهم بين 14 و 15 عامًا يسمح قانون ولاية آيوا لأصحاب العمل بطلب شهادات عمر لمن تتراوح أعمارهم بين 16 و 17 عامًا (توصي الولاية) القانون الفيدرالي ࢠ€Â⠀ لا توجد تصاريح عمل مطلوبة ؛ التوصية بأن يحتفظ أصحاب العمل بتصاريح العمل وشه
CASE_0247,333486,mixed,5,8422422,0.6798,0.6798,0,ar,شهادة العمر اللازمة للعمل: سيتم تزويد الأطفال الذين تتراوح أعمارهم بين 18 و 21 عامًا بشهادة عمر عند الطلب ، ومع ذلك ، فهي غير مطلوبة بموجب قانون ولاية إنديانا. مكان الحصول على شهادة العمر اللازمة للعمل: يمكن لمن تتراوح أعمارهم بين 18 و 21 عامًا فما فوق الحصول على شهادة العمر المقدمة من المدرسة.
CASE_0247,333486,mixed,6,7863153,0.6787,0.6787,0,ar,كم يجب أن يكون عمرك للعمل كصراف في محل بقالة؟ في ولاية إلينوي ، يجب أن يكون عمرك 15 عامًا فقط للحصول على تصريح عمل. في سن 16 هو الوقت الذي يبدأ فيه معظم المراهقين العمل لأنهم في هذا الوقت في سن القيادة القانونية.
CASE_0247,333486,mixed,7,4114586,0.6765,0.6765,0,ar,كم يجب أن يكون عمرك للحصول على تصريح عمل في إلينوي؟ يُطلب من الأطفال الذين تتراوح أعمارهم بين 14 و 15 عامًا الحصول على تصريح عمل في إلينوي. يسمح تصريح العمل لهم بالعمل ، ولكن هناك قيود على ساعات العمل.
CASE_0247,333486,mixed,8,1292544,0.6758,0.6758,0,ar,كم يجب أن يكون عمر القاصر لكي يعمل؟ في معظم الحالات ، يجب ألا يقل عمر القاصر عن 14 عامًا للعمل في وظائف غير زراعية. توجد قوانين عمل الأطفال في ولاية أيداهو في أقسام كود أيداهو 44-1301 حتى 44-1308.
CASE_0247,333486,mixed,9,7726592,0.6721,0.6721,0,ar,يجب أن يكون عمرك 14 عامًا للحصول على وظيفة في ولاية أريزونا. أي سن أقل من 14 لا يمكنك الحصول على عمل.
CASE_0247,333486,mixed,10,4248922,0.6666,0.6666,0,ar,ما هو الحد الأدنى لسن قيادة شاحنة الشركة حيث يمكن أن تتاح لي الفرصة للعمل لدى EDF ولكني أبلغ 18 عامًا فقط.
CASE_0247,415500,endpoint,1,4919161,0.6142,0.6142,0,ar,ما هي الباربيتورات؟ ما هي الباربيتورات؟ الباربيتورات هي الأدوية (مشتقات حمض الباربيتوريك) التي تثبط الجهاز العصبي المركزي للإنسان. تنتج هذه الوظيفة مجموعة واسعة من التأثيرات ، من التخدير الهامشي إلى التخدير الكلي. الباربيتورات فعالة أيضًا كمضادات الاختلاج والمنومات ومزيلات القلق.
CASE_0247,415500,endpoint,2,7460568,0.6052,0.6052,0,ar,آلية عمل الباربيتورات كمضاد للاختلاج. من أوائل الأدوية المستخدمة في علاج الصرع الفينوباربيتون (الفينوباربيتال). تعمل الباربيتورات مثل الفينوباربيتون عبر مستقبل مرتبط بمجمع قناة مستقبلات كلوريد أيون GABA.
CASE_0247,415500,endpoint,3,7460566,0.6037,0.6037,0,ar,الباربيتورات هي أدوية تعمل كمثبطات للجهاز العصبي المركزي ، وبالتالي فهي تنتج مجموعة واسعة من التأثيرات ، من التخدير الخفيف إلى التخدير الكلي. لديهم إمكانية الإدمان ، جسديًا ونفسيًا.
CASE_0247,415500,endpoint,4,7460565,0.5995,0.5995,0,ar,يستخدم لعلاج القلق والتوتر والتخوف والوقاية من النوبات. آلية العمل الدوائية: مبارال مادة باربيتورات تعمل عن طريق الضغط على الجهاز العصبي المركزي أو الدماغ وبجرعات منخفضة يسبب تخدير خفيف. مع زيادة الجرعة ، يمكن أن يسبب النوم وحتى الغيبوبة.
CASE_0247,415500,endpoint,5,5876070,0.5994,0.5994,0,ar,معلومات المخدرات الباربيتورات. الباربيتورات هي الأدوية التي تعمل كمثبطات للجهاز العصبي المركزي ، ونتيجة لذلك فإنها تنتج مجموعة واسعة من التأثيرات ، من التخدير الخفيف إلى التخدير. كما أنها فعالة كمزيلات للقلق ، ومنومات ومضادات للاختلاج ، ولديها إمكانية الإدمان ، جسديًا ونفسيًا ، والمرطبات هي عقاقير ت
CASE_0247,415500,endpoint,6,2999982,0.5946,0.5946,0,ar,الباربيتورات هي مجموعة من الأدوية في فئة العقاقير المعروفة باسم المسكنات المنومات ، والتي تصف بشكل عام آثارها التي تحفز على النوم وتقلل من القلق. يمكن أن تكون الباربيتورات شديدة الخطورة لأنه من الصعب التنبؤ بالجرعة الصحيحة. حتى جرعة زائدة طفيفة يمكن أن تسبب غيبوبة أو الموت.
CASE_0247,415500,endpoint,7,5876071,0.5933,0.5933,0,ar,الباربيتورات هي مثبطات للجهاز العصبي المركزي ، وتنتج مجموعة متنوعة من التأثيرات المهدئة والمخدرة. الباربيتورات عبارة عن مجموعة من الأدوية التي لها جميعًا إمكانات طبية وإدمانية ، على الرغم من أن البنزوديازيبينات حلت محل الباربيتورات للاستخدام الطبي. الباربيتورات عبارة عن مجموعة من الأدوية التي تتمتع
CASE_0247,415500,endpoint,8,2999988,0.5928,0.5928,0,ar,الباربيتورات هي مجموعة الأدوية المعروفة باسم مثبطات الجهاز العصبي المركزي (CNS). تُعرف الباربيتورات أيضًا باسم الأدوية المهدئة والمنومة ، مما يجعل الناس يشعرون بالاسترخاء والهدوء والنعاس. تستخدم هذه الأدوية أحيانًا لمساعدة المرضى على الاسترخاء قبل الجراحة. قد يستخدم البعض أيضًا للسيطرة على النوبات (
CASE_0247,415500,endpoint,9,3056674,0.5923,0.5923,0,ar,الباربيتورات دواء يعمل كمثبط للجهاز العصبي المركزي ، وبالتالي يمكن أن ينتج مجموعة واسعة من التأثيرات ، من التخدير الخفيف إلى التخدير الكلي. كما أنها فعالة كمزيلات للقلق ، والمنومات ، ومضادات الاختلاج. الباربيتورات تظهر تأثيرات مسكنة.
CASE_0247,415500,endpoint,10,8440251,0.5906,0.5906,0,ar,حمض الباربيتوريك ، التركيب الأساسي لجميع الباربيتورات. الباربيتورات هي أدوية تعمل كمثبطات للجهاز العصبي المركزي ، وبالتالي يمكن أن تنتج مجموعة واسعة من التأثيرات ، من التخدير الخفيف إلى التخدير الكلي ، كما أنها فعالة مثل مزيلات القلق ، والمنومات ، ومضادات الاختلاج. ABA هو الناقل العصبي المثبط الرئيس
CASE_0247,415500,mixed,1,6009933,0.6243,0.6243,0,ar,ما هو Keppra؟ Keppra هو دواء يحتوي على المادة الفعالة ليفيتيراسيتام. يتوفر على شكل أقراص (250 مجم ، 500 مجم ، 750 مجم ، 1000 مجم) ، كمحلول فموي (100 مجم / مل) ، وكمركز يتم تصنيعه في محلول للتسريب (بالتنقيط في الوريد ، 100 ملغ / مل).
CASE_0247,415500,mixed,2,2991133,0.6227,0.6227,0,ar,Keppra هو الاسم التجاري لـ levetiracetam ، وهو دواء يُصرف بوصفة طبية يتم تناوله مع الأدوية الأخرى المضادة للنوبات لعلاج الأطفال الذين يعانون من أنواع معينة من الصرع ويعانون من النوبات ، ويستخدم لعلاج الأطفال الذين يبلغون من العمر 12 عامًا أو أكبر المصابين بالصرع الرمعي العضلي عند الأحداث والذين يعان
CASE_0247,415500,mixed,3,7460564,0.6152,0.6152,1,ar,تقارير KEPPRA المسببة للباربيتورات إيجابية: 2. تقارير عن أي آثار جانبية لـ KEPPRA: 19758. النسبة المئوية لمرضى KEPPRA حيث يكون BARBITURATES POSITIVE هو أحد الآثار الجانبية المبلغ عنها: 0.0101٪. تقارير إدارة الغذاء والدواء الأمريكية عن أي عقار يسبب الباربتيورات إيجابي: 52. متوسط ​​النسبة المئوية لجمي
CASE_0247,415500,mixed,4,7619185,0.6112,0.6112,0,ar,Keppra Ã⠀ šÃ'® (ليفيتيراسيتام) هو وصفة طبية لعلاج الصرع. على وجه التحديد ، تمت الموافقة على Keppra للاستخدام مع أدوية النوبات الأخرى لعلاج النوبات الجزئية ، ونوبات الرمع العضلي ، والنوبات التوترية الرمعية المعممة (المعروفة أيضًا باسم نوبات الصرع الكبرى). يعادل دواء ذي علامة تجارية.
CASE_0247,415500,mixed,5,3751551,0.6101,0.6101,0,ar,من أجل تجنب أعراض الانسحاب ، يجب ألا تتوقف عن تناول Keppra بسرعة كبيرة. Keppra Ã⠀ šÃ'® (ليفيتيراسيتام) هو دواء لعلاج الصرع بوصفة طبية يستخدم للسيطرة على أنواع معينة من النوبات. كما هو الحال مع معظم أدوية النوبات ، يجب ألا تتوقف عن تناول Keppra دون موافقة مقدم الرعاية الصحية الخاص بك. إذا توقفت فجأة
CASE_0247,415500,mixed,6,7460565,0.6078,0.6078,0,ar,يستخدم لعلاج القلق والتوتر والتخوف والوقاية من النوبات. آلية العمل الدوائية: مبارال مادة باربيتورات تعمل عن طريق الضغط على الجهاز العصبي المركزي أو الدماغ وبجرعات منخفضة يسبب تخدير خفيف. مع زيادة الجرعة ، يمكن أن يسبب النوم وحتى الغيبوبة.
CASE_0247,415500,mixed,7,1297837,0.6071,0.6071,0,ar,Keppra (ليفيتيراسيتام) هو دواء مضاد للصرع ، ويسمى أيضًا مضادًا للاختلاج. يستخدم Keppra كعلاج مساعد لعلاج نوبات الصرع الجزئية عند البالغين والأطفال بعمر شهر واحد وما فوق المصابين بالصرع. يستخدم Keppra أيضًا لعلاج النوبات التوترية الارتجاجية لدى البالغين والأطفال الذين لا تقل أعمارهم عن 6 سنوات ، ونوب
CASE_0247,415500,mixed,8,5876070,0.605,0.605,0,ar,معلومات المخدرات الباربيتورات. الباربيتورات هي الأدوية التي تعمل كمثبطات للجهاز العصبي المركزي ، ونتيجة لذلك فإنها تنتج مجموعة واسعة من التأثيرات ، من التخدير الخفيف إلى التخدير. كما أنها فعالة كمزيلات للقلق ، ومنومات ومضادات للاختلاج ، ولديها إمكانية الإدمان ، جسديًا ونفسيًا ، والمرطبات هي عقاقير ت
CASE_0247,415500,mixed,9,6246297,0.6045,0.6045,0,ar,Keppra هو الاسم التجاري لـ levetiracetam ، وهو دواء يُصرف بوصفة طبية يتم تناوله بالاقتران مع أدوية أخرى مضادة للتشنج لعلاج الأطفال الذين يعانون من أنواع معينة من الصرع ويعانون من النوبات. يتم استخدامه لعلاج الأطفال الذين يبلغون من العمر 12 عامًا أو أكبر الذين يعانون من الصرع الرمعي العضلي الأحداث ال
CASE_0247,415500,mixed,10,7460566,0.6039,0.6039,0,ar,الباربيتورات هي أدوية تعمل كمثبطات للجهاز العصبي المركزي ، وبالتالي فهي تنتج مجموعة واسعة من التأثيرات ، من التخدير الخفيف إلى التخدير الكلي. لديهم إمكانية الإدمان ، جسديًا ونفسيًا.
CASE_0247,577167,endpoint,1,957816,0.6519,0.6519,0,ar,شكرا على البصيرة !! أعتقد أن Provigil ، مما قرأته ، يستخدم لإيقاظك ، لكنها ليست مشكلة في أن تكون مستيقظًا ؛ إنه أشبه بالطاقة والتحفيز بالإضافة إلى القدرة على التحمل الجسدي. نعم ، الأدوية النفسية تكلف الكثير. آخذ Abilify وقمت بتوفير 400 دولار + سعره السخيف من خلال التأمين الخاص بي.
CASE_0247,577167,endpoint,2,4779309,0.6514,0.6514,0,ar,بيجاماتي ، استيقظت للتو. ملابسي لهذا اليوم! تي شيرت جميل أو بدون أكمام مع تنورة جميلة وحذاء مسطح أو كعب جميل. أنا أرتدي ملابسي لهذا اليوم أيضًا ، قميصًا جميلًا أو جينزًا أو شورتًا وحافي القدمين لأنني لا أتجول في المنزل بأحذية. أحذية الجري ، بغطاء علوي ، شورت صوفي.
CASE_0247,577167,endpoint,3,7709483,0.6434,0.6434,0,ar,يجب دائمًا إخضاع المجوهرات التي يتم ارتداؤها في الجنازة أو الاستيقاظ. يجب أن تكون الأحذية قريبة من الأصابع دائمًا ولا يُسمح أبدًا بارتداء الصنادل. بشكل عام ، يجب أن تكون ملابس الاستيقاظ صامتة ومحترمة ومن غير المرجح أن تلفت الانتباه. تعلم المزيد عن الملابس
CASE_0247,577167,endpoint,4,22727,0.6415,0.6415,0,ar,الاستيقاظ. 1 1. لا تضغط على زر الغفوة. استيقظ بمجرد انطلاق المنبه. 2 2. ابحث عن الضوء على الفور. أدمغة الإنسان سلكية للاستجابة للضوء كإشارة إلى الاستيقاظ من النوم. 3 3. تناولي كمية معتدلة من القهوة. الكافيين منبه قوي.
CASE_0247,577167,endpoint,5,3827063,0.6413,0.6413,0,ar,الاستيقاظ أسهل. 1 1. ضع المنبه بعيدًا عن سريرك. عندما يكون الأمر بعيد المنال ، تضطر للنهوض من السرير. 2 2. تجنب غفوة المنبه. بمجرد رنين المنبه ، انهض من السرير لبدء صباحك. 3 3. أيقظي حواسك. بمجرد خروجك من السرير ، امنح نفسك ذلك الاستيقاظ الذي تستحقه كثيرًا.
CASE_0247,577167,endpoint,6,2498678,0.6408,0.6408,0,ar,عليك أن تبقى مستيقظًا حتى الساعة 3 صباحًا على الأقل الساعة 4 مساءً. ليس عليك فقط ارتداء التنورة / العلامة / السترة المذكورة ، ولكن عليك أيضًا ترك زملائك في الغرفة في المطبخ لطهي شطائر البرغر بالجبن وشرب غينيس ، أثناء ركوب الحافلة لمشاهدة المزيد من الناس يشربون غينيس.
CASE_0247,577167,endpoint,7,7037897,0.6261,0.6261,0,ar,يحب الكثير من الناس منبهات الراديو. من الرائع دائمًا أن يكون لديك أغنيتك المفضلة لإيقاظك في الصباح. يحتاج الكثير من الناس إلى حوالي ساعة للنهوض وارتداء ملابسهم وتناول وجبة الإفطار. إذا كنت تستحم في الصباح ، فاحتفظ بما لا يقل عن 30 دقيقة إلى ساعة للاستحمام وتجفيف الشعر.
CASE_0247,577167,endpoint,8,1988009,0.6255,0.6255,0,ar,بعض النصائح لإيقاظ أمريت فيلا: الوقت الذي تنام فيه: للاستيقاظ 2 صباحًا على سبيل المثال ، يُقترح أن تنام على الأقل من الساعة 8:30 مساءً إلى 9 مساءً على الأكثر. جسمك يحتاج للراحة. إذا لم تمنح جسدك الراحة ، فسيجد جسدك صعوبة في الاستيقاظ في الصباح. يتطلب جسد الجميع قدرًا مختلفًا من النوم.
CASE_0247,577167,endpoint,9,4594717,0.6251,0.6251,0,ar,لقد قرأت أنها تستغرق 14 ساعة. من لا ضوء. لذلك يتعين على المرء تغطيتها كل يوم في حوالي الساعة 6:00 مساءً. وأزل القماش الغامق الساعة 8:00 صباحًا. (إذا كان هذا هو وقت استيقاظك المعتاد!) لمدة 5-6 أسابيع.
CASE_0247,577167,endpoint,10,4316588,0.6231,0.6231,0,ar,هل تحتاج إلى منبه لتستيقظ في وقت معين ، أو يمكنك فقط تدريب جسدك على الاستيقاظ في وقت معين.
CASE_0247,577167,mixed,1,4779309,0.6589,0.6589,0,ar,بيجاماتي ، استيقظت للتو. ملابسي لهذا اليوم! تي شيرت جميل أو بدون أكمام مع تنورة جميلة وحذاء مسطح أو كعب جميل. أنا أرتدي ملابسي لهذا اليوم أيضًا ، قميصًا جميلًا أو جينزًا أو شورتًا وحافي القدمين لأنني لا أتجول في المنزل بأحذية. أحذية الجري ، بغطاء علوي ، شورت صوفي.
CASE_0247,577167,mixed,2,7709483,0.6521,0.6521,0,ar,يجب دائمًا إخضاع المجوهرات التي يتم ارتداؤها في الجنازة أو الاستيقاظ. يجب أن تكون الأحذية قريبة من الأصابع دائمًا ولا يُسمح أبدًا بارتداء الصنادل. بشكل عام ، يجب أن تكون ملابس الاستيقاظ صامتة ومحترمة ومن غير المرجح أن تلفت الانتباه. تعلم المزيد عن الملابس
CASE_0247,577167,mixed,3,7709487,0.6394,0.6394,1,ar,من الأفضل التحوط من ارتداء الملابس الرسمية إذا لم تكن قواعد اللباس المناسبة للاستيقاظ معروفة. قد يكون الجينز مقبولًا في بعض الأحيان اعتمادًا على المتوفى وعائلته ودائرته الاجتماعية ، ولكن يجب دائمًا ارتداؤه مع حذاء مناسب وقميص محترم.
CASE_0247,577167,mixed,4,2498678,0.6379,0.6379,0,ar,عليك أن تبقى مستيقظًا حتى الساعة 3 صباحًا على الأقل الساعة 4 مساءً. ليس عليك فقط ارتداء التنورة / العلامة / السترة المذكورة ، ولكن عليك أيضًا ترك زملائك في الغرفة في المطبخ لطهي شطائر البرغر بالجبن وشرب غينيس ، أثناء ركوب الحافلة لمشاهدة المزيد من الناس يشربون غينيس.
CASE_0247,577167,mixed,5,7037897,0.6134,0.6134,0,ar,يحب الكثير من الناس منبهات الراديو. من الرائع دائمًا أن يكون لديك أغنيتك المفضلة لإيقاظك في الصباح. يحتاج الكثير من الناس إلى حوالي ساعة للنهوض وارتداء ملابسهم وتناول وجبة الإفطار. إذا كنت تستحم في الصباح ، فاحتفظ بما لا يقل عن 30 دقيقة إلى ساعة للاستحمام وتجفيف الشعر.
CASE_0247,577167,mixed,6,7709485,0.613,0.613,0,ar,هناك بعض المرونة في ملابس الاستيقاظ بناءً على مكان إقامة الاستيقاظ ، ولكن القاعدة العامة فيما يتعلق بالألوان هي الحفاظ على درجات اللون الكئيبة مثل الأسود والأزرق الداكن أو الرمادي الفحمي ، وفقًا ...
CASE_0247,577167,mixed,7,6795735,0.6112,0.6112,0,ar,في الصباح ، في طريقك إلى المنزل ، ارتدي نظارات داكنة. تجنب الكافيين قبل 3-4 ساعات من النوم. بالنسبة للبعض ، فإن الذهاب إلى الفراش مباشرة يساعد ، بالنسبة للآخرين ، البقاء مستيقظًا لبضع ساعات ثم الحصول على عمل لمدة 7-8 ساعات. قم بتغميق غرفة نومك بظلال غير شفافة ، أو قم بخفض درجة الحرارة ، أو افصل الها
CASE_0247,577167,mixed,8,3827063,0.6076,0.6076,0,ar,الاستيقاظ أسهل. 1 1. ضع المنبه بعيدًا عن سريرك. عندما يكون الأمر بعيد المنال ، تضطر للنهوض من السرير. 2 2. تجنب غفوة المنبه. بمجرد رنين المنبه ، انهض من السرير لبدء صباحك. 3 3. أيقظي حواسك. بمجرد خروجك من السرير ، امنح نفسك ذلك الاستيقاظ الذي تستحقه كثيرًا.
CASE_0247,577167,mixed,9,7709488,0.605,0.605,0,ar,ما الذي من المفترض أن ترتديه أثناء مشاهدة الجنازة / الاستيقاظ؟ أنا ذاهب إلى جداتي veiwing ، ثم إعلان جنازته ، لكن ليس لدي أدنى فكرة عما يفترض أن أرتديه !!!! أي واحد؟ مثل هل يمكنك ارتداء فستان؟ أم أسود أم أبيض؟ الألوان؟ لا أدري!! نصائح؟ يساعد؟ 1 يتابع
CASE_0247,577167,mixed,10,7709484,0.605,0.605,0,ar,استيقظ: رمادي مع أكسسوارات جنازة سوداء: أسود مع إكسسوارات بيضاء أو فضية. على الرغم من أنه بالنسبة لليقظة ، يمكنك أن تكون أقل رسمية وربما ترتدي بلوزة رمادية مع سروال عمل أسود.
CASE_0247,670022,endpoint,1,5718892,0.7373,0.7373,0,ar,بغض النظر عن كيفية فتح الحساب ، فإن المعلومات التي سيُطلب منك تقديمها ستكون متشابهة إلى حد كبير. فيما يلي قائمة مرجعية للمتطلبات العامة لفتح حساب مصرفي: التعريف: ستحتاج إلى تقديم بطاقة هوية سارية وصادرة عن جهة حكومية تحمل صورة ، مثل رخصة القيادة أو جواز السفر. إذا لم يكن لديك أي منهما ، فيمكنك الحصو
CASE_0247,670022,endpoint,2,2553890,0.7009,0.7009,0,ar,فتح حساب مصرفي. تتطلب جميع البنوك وثائق الشركة لفتح حساب مصرفي. تسمح بعض البنوك لمسؤول الشركة أو المساهم الأكبر بفتح حساب من خلال تقديم نسخة من مواد التأسيس التي تسرد اسمها في أي من هذه الأدوار.
CASE_0247,670022,endpoint,3,11454,0.6987,0.6987,0,ar,"""لذلك ، يجب فحص جميع المستندات وفقًا لمتطلبات البنوك للتأكد مما إذا كانت مطابقة أم لا قبل الشروع في عملية فتح الحساب مع أي بنك. وبالتالي ، فإن فتح حساب مصرفي جديد لم يعد عملية سهلة. تلك هي المتطلبات الأساسية لـ """"اعرف عميلك"""" للتعرف على العميل في مرحلة فتح الحساب."""
CASE_0247,670022,endpoint,4,978055,0.6947,0.6947,0,ar,فتح حساب مصرفي شخصي. إذا كنت تريد فتح حساب للاستخدام الشخصي ، فستحتاج إلى بعض التعريف. إذا ذهبت شخصيًا ، فستحتاج إلى إظهار رخصة القيادة الخاصة بك ، وقد يقوم البنك بعمل نسخة منها ، اعتمادًا على البنك. سياسة. سيُطلب منك أيضًا اسمك وتاريخ ميلادك ورقم الضمان الاجتماعي وعنوانك.
CASE_0247,670022,endpoint,5,8543008,0.6918,0.6918,0,ar,أفضل إجابة: يجب أن تصبح بالغًا وهذا يعني أن تبلغ من العمر 18 عامًا على الأقل لفتح حساب مصرفي باسمك. لذلك سوف تضطر إلى الانتظار حتى تصبح بالغًا. 18 نفسه في جميع أنحاء العالم. يتطلب فتح حساب مصرفي توقيع عقد قانوني ولا يمكنك القيام به كقاصر.
CASE_0247,670022,endpoint,6,978560,0.6835,0.6835,0,ar,"""قد يكون للبنوك المختلفة متطلبات مختلفة اعتمادًا على الحساب الذي ترغب في فتحه ، ولكن العناصر التالية قياسية جدًا: 1 ​​إثبات العمر: Youà€Ââ """"سوف تحتاج إلى إثبات عمرك عند فتح حساب مصرفي. رخصة القيادة أو بطاقة الهوية الصادرة عن الدولة والتي تظهر تاريخ ميلادك هي خيارات شائعة."""
CASE_0247,670022,endpoint,7,3482646,0.6827,0.6827,0,ar,كيفية فتح حساب مصرفي. فتح حساب مصرفي ليس بسيطًا مثل الذهاب إلى الصراف وتسليم أموالك. يتطلب إنشاء حساب جديد القليل من الإعداد والتفكير. على سبيل المثال ، ستحتاج إلى تحديد نوع ...
CASE_0247,670022,endpoint,8,5448939,0.6824,0.6824,0,ar,فتح حساب مصرفي ليس بسيطًا مثل الذهاب إلى الصراف وتسليم أموالك. يتطلب إنشاء حساب جديد القليل من الإعداد والتفكير. على سبيل المثال ، ستحتاج إلى تحديد نوع الحساب الذي تريده وكيف تريد استخدامه. تطلب العديد من البنوك من الشخص الذي لديه حساب بالفعل في البنك أن يقدم لك مقدمة حتى تتمكن من فتح حساب معهم. 2 إ
CASE_0247,670022,endpoint,9,1079944,0.675,0.675,0,ar,ما تحتاجه لفتح حسابك. تختلف متطلبات التوثيق لحساب مصرفي تجاري تبعًا لنوع العمل. يعتبر المالك الفردي أشبه بالمستهلك ، لذا يجب أن تكون المستندات المطلوبة قليلة جدًا: المعرّف الضريبي ورقم الضمان الاجتماعي هما عمومًا كل ما تحتاجه.
CASE_0247,670022,endpoint,10,497073,0.6745,0.6745,0,ar,هل يحتاج فتح حساب مصرفي Paytm إلى أي نوع من المال؟ هل فتح حساب مصرفي Paytm من أحد البنوك؟
CASE_0247,670022,mixed,1,5718892,0.7653,0.7653,0,ar,بغض النظر عن كيفية فتح الحساب ، فإن المعلومات التي سيُطلب منك تقديمها ستكون متشابهة إلى حد كبير. فيما يلي قائمة مرجعية للمتطلبات العامة لفتح حساب مصرفي: التعريف: ستحتاج إلى تقديم بطاقة هوية سارية وصادرة عن جهة حكومية تحمل صورة ، مثل رخصة القيادة أو جواز السفر. إذا لم يكن لديك أي منهما ، فيمكنك الحصو
CASE_0247,670022,mixed,2,978560,0.7178,0.7178,0,ar,"""قد يكون للبنوك المختلفة متطلبات مختلفة اعتمادًا على الحساب الذي ترغب في فتحه ، ولكن العناصر التالية قياسية جدًا: 1 ​​إثبات العمر: Youà€Ââ """"سوف تحتاج إلى إثبات عمرك عند فتح حساب مصرفي. رخصة القيادة أو بطاقة الهوية الصادرة عن الدولة والتي تظهر تاريخ ميلادك هي خيارات شائعة."""
CASE_0247,670022,mixed,3,7488866,0.7129,0.7129,1,ar,12 ديسمبر 2008. عند فتح حساب مصرفي ، يتطلب منك القانون الفيدرالي إثبات هويتك. لذلك سيتعين عليك تقديم نموذج هوية صالح ، مثل جواز السفر أو رخصة القيادة أو هوية الدولة. سيتم تحديد باقي الوثائق التي تحتاجها من قبل البنك. إذا تقدمت بطلب للحصول على حساب مصرفي عبر الإنترنت ، فسيتم إرسال المستندات إليك بالب
CASE_0247,670022,mixed,4,978055,0.71,0.71,0,ar,فتح حساب مصرفي شخصي. إذا كنت تريد فتح حساب للاستخدام الشخصي ، فستحتاج إلى بعض التعريف. إذا ذهبت شخصيًا ، فستحتاج إلى إظهار رخصة القيادة الخاصة بك ، وقد يقوم البنك بعمل نسخة منها ، اعتمادًا على البنك. سياسة. سيُطلب منك أيضًا اسمك وتاريخ ميلادك ورقم الضمان الاجتماعي وعنوانك.
CASE_0247,670022,mixed,5,1079941,0.707,0.707,0,ar,لفتح حساب مصرفي ، ستحتاج إلى تقديم معلومات حساسة للبنك. من أجل حماية أنفسهم والامتثال للوائح مثل قانون باتريوت ، لا يمكنهم ببساطة فتح حساب دون التحقق من هويتك.
CASE_0247,670022,mixed,6,7488867,0.7069,0.7069,0,ar,"""متطلبات تحديد هوية العميل. يطلب البنك من أي شخص يفتح علاقة حساب جديدة ، أو أي شخص تمت إضافته كموقع على حساب ما ، أن يقدم ، على الأقل ، المعلومات التالية وأن يشكل """"اعتقادًا معقولاً"""" - أن يتم الحصول على الهوية الحقيقية للعميل."""
CASE_0247,670022,mixed,7,5718895,0.7035,0.7035,0,ar,بغض النظر عن كيفية فتح الحساب ، فإن المعلومات التي سيُطلب منك تقديمها ستكون متشابهة إلى حد كبير. تحديد الهوية: ستحتاج إلى تقديم بطاقة هوية سارية تحمل صورة صادرة عن جهة حكومية ، مثل رخصة القيادة أو جواز السفر. إذا لم يكن لديك أي منهما ، فيمكنك الحصول على بطاقة هوية من قسم المركبات ذات المحركات.
CASE_0247,670022,mixed,8,6082367,0.7034,0.7034,0,ar,قد تطلب البنوك من الشركة الحصول على رقم تعريف شخصي إذا كانت الشركة تريد فتح حساب تجاري. بنك أوف أمريكا ، على سبيل المثال ، يطلب من الشركات إحضار أرقام تعريف شخصية ونسخ من وثائق تأسيس الأعمال لفتح حساب. في بعض الحالات ، قد لا تحتاج الشركات الفردية إلى رقم تعريف صاحب العمل (EIN) لفتح حساب جاري ، ولكن
CASE_0247,670022,mixed,9,2553890,0.7025,0.7025,0,ar,فتح حساب مصرفي. تتطلب جميع البنوك وثائق الشركة لفتح حساب مصرفي. تسمح بعض البنوك لمسؤول الشركة أو المساهم الأكبر بفتح حساب من خلال تقديم نسخة من مواد التأسيس التي تسرد اسمها في أي من هذه الأدوار.
CASE_0247,670022,mixed,10,1023532,0.6994,0.6994,0,ar,ستحتاج إلى المعلومات التالية لفتح حساب: 1 الاسم. 2 عنوان الخدمة. 3 التاريخ الذي تتحمل فيه المسؤولية. رقم هاتف الاتصال 1. تاريخ الولادة. رقم الضمان الاجتماعي 1. إذا لم يكن رقم الضمان الاجتماعي متاحًا ، فيجب تقديم معرف رخصة القيادة أو رخصة القيادة لغير السائقين أو جواز السفر أو رقم هوية الأجانب.
CASE_0247,711682,endpoint,1,1597077,0.6243,0.6243,0,ar,المحلل: قلب مطياف الكتلة. المحلل هو وسيلة أداة لفصل أو تمييز الأيونات المدخلة. تتشكل كل من الأيونات الموجبة والسالبة (وكذلك الأنواع المحايدة غير المشحونة) في مصدر الأيونات. ومع ذلك ، يتم تسجيل قطبية واحدة فقط في لحظة معينة.
CASE_0247,711682,endpoint,2,4563245,0.6205,0.6205,0,ar,يُطلق على السائل الذي يحتوي على محتويات الخلايا المتحللة اسم محلل. في مختبرات البيولوجيا الجزيئية والكيمياء الحيوية وبيولوجيا الخلية ، قد تتعرض مزارع الخلايا للتحلل في عملية تنقية مكوناتها ، كما هو الحال في تنقية البروتين ، واستخراج الحمض النووي ، واستخراج الحمض النووي الريبي ، أو في تنقية العضيات.
CASE_0247,711682,endpoint,3,719051,0.6148,0.6148,0,ar,يُطلق على السائل الذي يحتوي على محتويات الخلايا المتحللة اسم محلل. في مختبرات البيولوجيا الجزيئية والكيمياء الحيوية وبيولوجيا الخلية ، قد تتعرض مزارع الخلايا للتحلل في عملية تنقية مكوناتها ، كما هو الحال في تنقية البروتين ، واستخراج الحمض النووي ، واستخراج الحمض النووي الريبي ، أو في تنقية العضيات.
CASE_0247,711682,endpoint,4,1223800,0.6133,0.6133,0,ar,يقوم محللو الكيمياء السريرية للاستخدام الروتيني بإجراء اختبارات على مجموعة من أنواع العينات لتحديد تركيزات تحاليل معينة ، بالإضافة إلى فحص الأدوية العلاجية. يعتمد نوع المحلل المطلوب من قبل المختبرات الفردية على متطلبات الاختبار وقدرات الإنتاجية.
CASE_0247,711682,endpoint,5,5905365,0.6113,0.6113,0,ar,محلل الاختبار مسؤول عن تنفيذ حالات الاختبار ضد نظام برمجي قبل أن ينتقل مباشرة إلى الشركة أو للعملاء. عادةً لا يقوم محلل الاختبار بالقدر نفسه من حيث تخطيط الاختبار (انظر دور مهندس ضمان الجودة أدناه لمزيد من المعلومات حول ذلك) وبالتالي يمكن أن تكون متطلبات الوظيفة متساهلة إلى حد ما.
CASE_0247,711682,endpoint,6,4714500,0.611,0.611,0,ar,محلل الكيمياء السريرية. محلل EasyRA® من Medica هو محلل كيمياء سريري مؤتمت بالكامل يلبي الاحتياجات المتنوعة للمختبرات الصغيرة. يصبح فنيو المختبر خبراء مع الحد الأدنى من التدريب بفضل واجهة مستخدم بسيطة وبديهية. أربعة أيقونات مرمزة بالألوان ترشد الفني خلال جميع وظائف المحلل.
CASE_0247,711682,endpoint,7,7464137,0.611,0.611,0,ar,عالم المختبرات الطبية. تقنية المعمل في بيئة عمله. عالم المختبرات السريرية (CLS) هو رعاية صحية. متخصص يقوم بإجراء التحليلات التشخيصية الكيميائية ، وأمراض الدم ، والمناعة ، والمجهرية ، والبكتريولوجية على الجسم. السوائل مثل الدم والبول والبلغم والبراز والسائل النخاعي.
CASE_0247,711682,endpoint,8,5503428,0.6102,0.6102,0,ar,التعريف الطبي للمحلل: أي من الكائنات الحية المختلفة (مثل العديد من البكتيريا والفطريات) التي تعيد مكونات المواد العضوية إلى الدورات البيئية عن طريق التغذي على البروتوبلازم الميت وتكسيره
CASE_0247,711682,endpoint,9,6150628,0.6079,0.6079,0,ar,المحلل هو فرد يقوم بتحليل موضوع ما. قد يشير المصطلح إلى إحدى المهن التالية: محلل محاسبي ، محلل محاسبي يقيم ويفسر البيانات المالية العامة للشركة. محلل أعمال ، وهو موظف يفحص احتياجات ومخاوف العملاء وأصحاب المصلحة لتحديد مكان المشاكل والفرص المحتملة ، والمعروف أيضًا باسم محلل أنظمة الأعمال في الأعمال.
CASE_0247,711682,endpoint,10,414967,0.6077,0.6077,0,ar,Wiktionary (0.00 / 0 votes) قيم هذا التعريف: محلل واحد (اسم) شخص يقوم بالتحليل. 2 ـ محلل (نون) عالم رياضيات يدرس التحليل الحقيقي. 3 ـ محلل (نون) محلل نظم. 4 ـ محلل (نون) ممارس للتحليل النفسي. 5 ـ محلل (اسم) ـ محلل كيميائي ؛ محلل مالي محلل أعمال.
CASE_0247,711682,mixed,1,7464137,0.6454,0.6454,0,ar,عالم المختبرات الطبية. تقنية المعمل في بيئة عمله. عالم المختبرات السريرية (CLS) هو رعاية صحية. متخصص يقوم بإجراء التحليلات التشخيصية الكيميائية ، وأمراض الدم ، والمناعة ، والمجهرية ، والبكتريولوجية على الجسم. السوائل مثل الدم والبول والبلغم والبراز والسائل النخاعي.
CASE_0247,711682,mixed,2,4068894,0.6217,0.6217,0,ar,عالم المختبرات الطبية (CLS) هو أخصائي رعاية صحية مرخص يقوم بإجراء التحليلات المعملية في جميع أقسام المختبر السريري ، باستخدام عينات من جسم الإنسان.
CASE_0247,711682,mixed,3,7464139,0.6199,0.6199,1,ar,محلل آلي. المحلل الآلي هو أداة معملية طبية مصممة لقياس المواد الكيميائية المختلفة والخصائص الأخرى في عدد من العينات البيولوجية بسرعة ، مع الحد الأدنى من المساعدة البشرية. روش كوباس 6000.
CASE_0247,711682,mixed,4,1461944,0.619,0.619,0,ar,المحلل الآلي هو أداة معملية طبية مصممة لقياس المواد الكيميائية المختلفة والخصائص الأخرى في عدد من العينات البيولوجية بسرعة ، مع الحد الأدنى من المساعدة البشرية.
CASE_0247,711682,mixed,5,1597077,0.6165,0.6165,0,ar,المحلل: قلب مطياف الكتلة. المحلل هو وسيلة أداة لفصل أو تمييز الأيونات المدخلة. تتشكل كل من الأيونات الموجبة والسالبة (وكذلك الأنواع المحايدة غير المشحونة) في مصدر الأيونات. ومع ذلك ، يتم تسجيل قطبية واحدة فقط في لحظة معينة.
CASE_0247,711682,mixed,6,6422383,0.6137,0.6137,0,ar,1 محلل حزم (ويعرف أيضًا باسم محلل الشبكة أو محلل البروتوكول أو المتشمم) ، أو برامج الكمبيوتر أو الأجهزة التي يمكنها اعتراض وتسجيل حركة المرور التي تمر عبر شبكة رقمية. 2 ألان كلارك (لاعب كرة قدم من مواليد 1946) ، مهاجم ليدز يونايتد وفولهام وإنجلترا المعروف بهذا الاسم المستعار ، قد يشير niffer إلى: مح
CASE_0247,711682,mixed,7,328509,0.608,0.608,0,ar,جهاز تحليل التنفس أو جهاز تحليل التنفس (منفذ للتنفس ومحلل / محلل) هو جهاز لتقدير محتوى الكحول في الدم (BAC) من عينة التنفس. Breathalyzer هو الاسم التجاري للأداة التي تختبر مستوى الكحول التي طورها المخترع Robert Frank Borkenstein. تم تسجيلها كعلامة تجارية في 13 مايو 1954 ، لكن العديد من الأشخاص يستخد
CASE_0247,711682,mixed,8,8019137,0.6065,0.6065,0,ar,جهاز تحليل التنفس أو جهاز تحليل التنفس (منفذ للتنفس ومحلل / محلل) هو جهاز لتقدير محتوى الكحول في الدم (BAC) من عينة التنفس. Breathalyzer هو اسم العلامة التجارية (علامة تجارية عامة) للأداة التي تختبر مستوى الكحول التي طورها المخترع Robert Frank Borkenstein. تم تسجيلها كعلامة تجارية في 13 مايو 1954 ،
CASE_0247,711682,mixed,9,64067,0.6065,0.6065,0,ar,جهاز تحليل التنفس أو جهاز تحليل التنفس (منفذ للتنفس ومحلل / محلل) هو جهاز لتقدير محتوى الكحول في الدم (BAC) من عينة التنفس. Breathalyzer هو اسم العلامة التجارية (علامة تجارية عامة) للأداة التي تختبر مستوى الكحول التي طورها المخترع Robert Frank Borkenstein. تم تسجيلها كعلامة تجارية في 13 مايو 1954 ،
CASE_0247,711682,mixed,10,744623,0.6035,0.6035,0,ar,عالم المختبرات الطبية (MLS) ، عالم المختبرات الإكلينيكية (CLS) تقني المختبرات الطبية (MLT) ، هو أخصائي رعاية صحية يقوم بإجراء التحليلات الكيميائية ، وأمراض الدم ، والمناعة ، والأنسجة المرضية ، والخلوية ، والمجهرية ، والبكتريولوجية على سوائل الجسم مثل الدم ، البول والبلغم والبراز والدماغ الشوكي ...
CASE_0247,723781,endpoint,1,178739,0.6872,0.6872,0,ar,اختبار الدم البيكربونات. يوجد ثاني أكسيد الكربون في ثلاثة أشكال في ثاني أكسيد الكربون المذاب في الدم وحمض الكربونيك والبيكربونات. البيكربونات هو الشكل السائد ويستخدم لتحديد مستوى ثاني أكسيد الكربون في الدم. لقياس مستوى البيكربونات في الدم يتم أخذ عينة من الدم.
CASE_0247,723781,endpoint,2,7821660,0.6824,0.6824,0,ar,يأخذ شكل بيكربونات في الدم ، لذلك يسمى هذا الجزء من الاختبار أحيانًا اختبار بيكربونات. يساعد البيكربونات دمك على البقاء عند درجة الحموضة الصحيحة. قد يطلب طبيبك لوحة إلكتروليت كجزء من الفحص الصحي المنتظم ، وقد يستخدم طبيبك هذا الاختبار للتحقق من حالة طبية أو تشخيصها ، حيث تساعد الكربونات دمك على البق
CASE_0247,723781,endpoint,3,7475238,0.6776,0.6776,1,ar,يقيس هذا الاختبار كمية البيكربونات ، وهو شكل من أشكال ثاني أكسيد الكربون ، في الدم. البيكربونات ، المعروف أيضًا باسم HCO 3 ، هو منتج ثانوي لعملية التمثيل الغذائي في الجسم. يجلب دمك البيكربونات إلى رئتيك ، ثم يتم زفيره على شكل ثاني أكسيد الكربون. تساعد الكلى أيضًا في تنظيم البيكربونات. يتم إفراز البي
CASE_0247,723781,endpoint,4,5166397,0.6726,0.6726,0,ar,يقيس هذا الاختبار كمية البيكربونات ، وهو شكل من أشكال ثاني أكسيد الكربون ، في الدم. البيكربونات ، المعروف أيضًا باسم HCO 3 ، هو منتج ثانوي لعملية التمثيل الغذائي في الجسم. يقوم دمك بإحضار البيكربونات إلى رئتيك ، ثم يتم زفيرها على شكل ثاني أكسيد الكربون ، كما تساعد الكلى أيضًا في تنظيم البيكربونات ،
CASE_0247,723781,endpoint,5,6263103,0.6706,0.6706,0,ar,يقيس هذا الاختبار كمية البيكربونات ، وهو شكل من أشكال ثاني أكسيد الكربون ، في الدم. البيكربونات ، المعروف أيضًا باسم HCO 3 ، هو منتج ثانوي لعملية التمثيل الغذائي في الجسم. يقوم دمك بإحضار البيكربونات إلى رئتيك ، ثم يتم زفيرها على شكل ثاني أكسيد الكربون ، كما تساعد الكلى أيضًا في تنظيم البيكربونات ،
CASE_0247,723781,endpoint,6,7475239,0.6685,0.6685,0,ar,قد تخضع لاختبار البيكربونات لمراقبة المشكلات التي تؤثر على مستويات الأس الهيدروجيني في الدم. يمكنك أيضًا إجراء هذا الاختبار إذا كنت تعاني من مرض كلوي أو فشل كبدي أو حالات أخرى متعلقة بعملية التمثيل الغذائي.
CASE_0247,723781,endpoint,7,8829646,0.6641,0.6641,0,ar,بيكربونات. أي ملح يحتوي على HCO 3 أنيون. بيكربونات الدم (بيكربونات البلازما) بيكربونات بلازما الدم ، معلمة مهمة للتوازن الحمضي القاعدي المقاسة في تحليل غازات الدم. بيكربونات صودا بيكربونات الصوديوم.
CASE_0247,723781,endpoint,8,2229024,0.6622,0.6622,0,ar,يستخدم هذا الاختبار لتحديد كمية البيكربونات المسماة HCO3 في الدم. يقيس الاختبار في الواقع مستوى ثاني أكسيد الكربون في الدم ، والذي يسمى CO2. أثناء الاختبارات المعملية ، يتم تحويل HCO3 إلى CO2 ، يعتبر HCO3 مهمًا في معادلة الأحماض. القيمة الطبيعية لثاني أكسيد الكربون في الدم هي 23 إلى 29 ملي مكافئ / ل
CASE_0247,723781,endpoint,9,1763504,0.6613,0.6613,0,ar,نطاق المصل الطبيعي للبيكربونات هو 22-30 مليمول / لتر. عادة ما يتم إجراء اختبار البيكربونات جنبًا إلى جنب مع اختبارات شوارد الدم الأخرى. قد تكون الاضطرابات في مستوى البيكربونات الطبيعي بسبب الأمراض التي تتداخل مع وظائف الجهاز التنفسي أو أمراض الكلى أو حالات التمثيل الغذائي أو أسباب أخرى. يعمل أيون ال
CASE_0247,723781,endpoint,10,1567485,0.6589,0.6589,0,ar,يقيس اختبار ثاني أكسيد الكربون (البيكربونات) مستوى البيكربونات في الدم. القيم العادية المدرجة هنا - والتي تسمى النطاق المرجعي - هي مجرد دليل.
CASE_0247,723781,mixed,1,7475238,0.6852,0.6852,1,ar,يقيس هذا الاختبار كمية البيكربونات ، وهو شكل من أشكال ثاني أكسيد الكربون ، في الدم. البيكربونات ، المعروف أيضًا باسم HCO 3 ، هو منتج ثانوي لعملية التمثيل الغذائي في الجسم. يجلب دمك البيكربونات إلى رئتيك ، ثم يتم زفيره على شكل ثاني أكسيد الكربون. تساعد الكلى أيضًا في تنظيم البيكربونات. يتم إفراز البي
CASE_0247,723781,mixed,2,178739,0.6831,0.6831,0,ar,اختبار الدم البيكربونات. يوجد ثاني أكسيد الكربون في ثلاثة أشكال في ثاني أكسيد الكربون المذاب في الدم وحمض الكربونيك والبيكربونات. البيكربونات هو الشكل السائد ويستخدم لتحديد مستوى ثاني أكسيد الكربون في الدم. لقياس مستوى البيكربونات في الدم يتم أخذ عينة من الدم.
CASE_0247,723781,mixed,3,2229024,0.6791,0.6791,0,ar,يستخدم هذا الاختبار لتحديد كمية البيكربونات المسماة HCO3 في الدم. يقيس الاختبار في الواقع مستوى ثاني أكسيد الكربون في الدم ، والذي يسمى CO2. أثناء الاختبارات المعملية ، يتم تحويل HCO3 إلى CO2 ، يعتبر HCO3 مهمًا في معادلة الأحماض. القيمة الطبيعية لثاني أكسيد الكربون في الدم هي 23 إلى 29 ملي مكافئ / ل
CASE_0247,723781,mixed,4,5166397,0.6788,0.6788,0,ar,يقيس هذا الاختبار كمية البيكربونات ، وهو شكل من أشكال ثاني أكسيد الكربون ، في الدم. البيكربونات ، المعروف أيضًا باسم HCO 3 ، هو منتج ثانوي لعملية التمثيل الغذائي في الجسم. يقوم دمك بإحضار البيكربونات إلى رئتيك ، ثم يتم زفيرها على شكل ثاني أكسيد الكربون ، كما تساعد الكلى أيضًا في تنظيم البيكربونات ،
CASE_0247,723781,mixed,5,2833093,0.6786,0.6786,0,ar,يستخدم هذا الاختبار لتحديد كمية البيكربونات المسماة HCO3 في الدم. يقيس الاختبار في الواقع مستوى ثاني أكسيد الكربون في الدم ، والذي يسمى CO2. أثناء الاختبارات المعملية ، يتم تحويل HCO3 إلى CO2 ، يعتبر HCO3 مهمًا في معادلة الأحماض. القيمة الطبيعية لثاني أكسيد الكربون في الدم هي 23 إلى 29 ملي مكافئ / ل
CASE_0247,723781,mixed,6,2833092,0.6731,0.6731,0,ar,نظرة عامة والوصف. يستخدم هذا الاختبار لتحديد كمية البيكربونات المسماة HCO3 في الدم. يقيس الاختبار في الواقع مستوى ثاني أكسيد الكربون في الدم ، والذي يسمى CO2. أثناء الاختبارات المعملية ، يتم تحويل HCO3 إلى CO2. HCO3 مهم في معادلة الأحماض ، والقيمة الطبيعية لثاني أكسيد الكربون في الدم هي 23 إلى 29 مل
CASE_0247,723781,mixed,7,5958882,0.6729,0.6729,0,ar,نظرة عامة والوصف. يستخدم هذا الاختبار لتحديد كمية البيكربونات المسماة HCO3 في الدم. يقيس الاختبار في الواقع مستوى ثاني أكسيد الكربون في الدم ، والذي يسمى CO2 ، وأثناء الاختبارات المعملية ، يتم تحويل HCO3 إلى CO2 ، ويعتبر HCO3 مهمًا في تحييد الأحماض ، حيث يكون معظم ثاني أكسيد الكربون في الدم على شكل
CASE_0247,723781,mixed,8,6263103,0.6724,0.6724,0,ar,يقيس هذا الاختبار كمية البيكربونات ، وهو شكل من أشكال ثاني أكسيد الكربون ، في الدم. البيكربونات ، المعروف أيضًا باسم HCO 3 ، هو منتج ثانوي لعملية التمثيل الغذائي في الجسم. يقوم دمك بإحضار البيكربونات إلى رئتيك ، ثم يتم زفيرها على شكل ثاني أكسيد الكربون ، كما تساعد الكلى أيضًا في تنظيم البيكربونات ،
CASE_0247,723781,mixed,9,2229025,0.6697,0.6697,0,ar,نظرة عامة والوصف. يستخدم هذا الاختبار لتحديد كمية البيكربونات المسماة HCO3 في الدم. يقيس الاختبار في الواقع مستوى ثاني أكسيد الكربون في الدم ، والذي يسمى CO2. أثناء الاختبارات المعملية ، يتم تحويل HCO3 إلى CO2. HCO3 مهم في معادلة الأحماض ، والقيمة الطبيعية لثاني أكسيد الكربون في الدم هي 23 إلى 29 مل
CASE_0247,723781,mixed,10,7821660,0.6691,0.6691,0,ar,يأخذ شكل بيكربونات في الدم ، لذلك يسمى هذا الجزء من الاختبار أحيانًا اختبار بيكربونات. يساعد البيكربونات دمك على البقاء عند درجة الحموضة الصحيحة. قد يطلب طبيبك لوحة إلكتروليت كجزء من الفحص الصحي المنتظم ، وقد يستخدم طبيبك هذا الاختبار للتحقق من حالة طبية أو تشخيصها ، حيث تساعد الكربونات دمك على البق
CASE_0247,837740,endpoint,1,199077,0.5497,0.5497,0,ar,(رويترز) - أجرى دوري البيسبول الأمريكي العديد من التغييرات على القواعد يوم الجمعة بهدف تسريع وتيرة اللعب وسط مخاوف متزايدة من أن مبارياته تطول أكثر من اللازم ، وقال MLB إن جميع القواعد الجديدة ستطبق من خلال نظام تحذير وغرامة. مع الانضباط الناتج عن المخالفين الصارخين. أعلن MLB أيضًا عن العديد من التغ
CASE_0247,837740,endpoint,2,6137437,0.5459,0.5459,0,ar,لا ، في القواعد الرسمية للبيسبول ، تنص القاعدة 4.17 على ما يلي: تُفقد اللعبة للفريق الخصم عندما يكون الفريق غير قادر أو يرفض وضع تسعة لاعبين في الملعب.
CASE_0247,837740,endpoint,3,5541599,0.5435,0.5435,0,ar,MLB للسماح للاعبين بتشغيل القواعد أثناء حمل المضرب. مدينة نيويورك ، نيويورك -. خلال مؤتمر صحفي صباح اليوم ، أعلن مفوض دوري البيسبول براعم سيليج تغييرًا رئيسيًا آخر في قواعد اللعب في لعبة البيسبول الاحترافية.
CASE_0247,837740,endpoint,4,3409264,0.5391,0.5391,0,ar,بقلم رونالد بلوم ، أسوشيتد برس. على عكس الرياضات الأخرى ، يمكن للبيسبول منع حركات الامتياز والمبيعات بسبب إعفاء فريد لمكافحة الاحتكار أنشأته المحكمة العليا الأمريكية في عام 1922 ، قام بالتيمور ، آخر فريق متبقٍ من الدوري الفيدرالي الذي عمل في 1914-15 ، بمقاضاة أصحاب الدوريات الرئيسية ، بدعوى أنهم انت
CASE_0247,837740,endpoint,5,7054328,0.5382,0.5382,0,ar,القاعدة على الكرات (BB) ، والمعروفة أيضًا باسم المشي ، تحدث في لعبة البيسبول عندما يتلقى الضارب أربعة نغمات يسميها الحكم الكرات ، ومن ثم يحق له الوصول إلى القاعدة الأولى دون إمكانية الاستدعاء. تم تحديد القاعدة على الكرات في القسم 2.00 من القواعد الرسمية للبيسبول ، ومزيد من التفاصيل مذكورة في 6.08 (أ
CASE_0247,837740,endpoint,6,2489027,0.5354,0.5354,0,ar,البيسبول هي لعبة مضرب وكرة يتم لعبها بين فريقين يتكون كل منهما من تسعة لاعبين ، يتناوبون على الضرب والميدان. يحاول فريق الضرب إحراز نقاط عن طريق ضرب الكرة التي يرميها الرامي بمضرب يتأرجح بواسطة الضرب ، ثم يركض عكس اتجاه عقارب الساعة حول سلسلة من أربع قواعد: الأولى ، والثانية ، والثالثة ، واللوحة الر
CASE_0247,837740,endpoint,7,4040934,0.5343,0.5343,0,ar,أحد الاستثناءات الملحوظة لقاعدة الضارب المعينة من قبل NFHS في لعبة البيسبول للشباب هي لعبة البيسبول الأمريكية. تتبع قواعد الفيلق بالضبط تلك المنصوص عليها في قواعد البيسبول الرسمية ، والتي تسمح لـ DH فقط بمضرب الرامي. قبل عام 1995 ، لم يكن استخدام DH مسموحًا به في لعبة Legion للبيسبول.
CASE_0247,837740,endpoint,8,12502,0.5342,0.5342,0,ar,البيسبول هي لعبة مضرب وكرة يتم لعبها بين فريقين يتكون كل منهما من تسعة لاعبين ، يتناوبون على الضرب والميدان. يحاول فريق الضرب إحراز نقاط عن طريق ضرب الكرة التي يرميها الرامي بمضرب يتأرجح بواسطة الضرب ، ثم يركض عكس اتجاه عقارب الساعة حول سلسلة من أربع قواعد: الأولى ، والثانية ، والثالثة ، واللوحة الر
CASE_0247,837740,endpoint,9,5132560,0.5338,0.5338,0,ar,وفقًا لقواعد لعبة البيسبول ، فإن الرمي هو فعل غير قانوني من قبل الرامي مع عداء أو عداء في القاعدة ، مما يمنح جميع العدائين حق التقدم في قاعدة واحدة ..
CASE_0247,837740,endpoint,10,1199798,0.5332,0.5332,0,ar,قواعد البيسبول الرسمية - سيتم استخدام قاعدة الضارب المعين (DH) (الرامي فقط) في. لعبة البطولة على النحو المبين في القواعد الرسمية للبيسبول. 11. لا يسمح الفيلق الأمريكي بأي نوع من قواعد العودة أثناء اللعب بالدورة.
CASE_0247,837740,mixed,1,6800754,0.6593,0.6593,0,ar,(يوليو 2013) On-Base plus Slugging (OPS) هو إحصاء بيسبول قياسى يتم حسابه كمجموع النسبة المئوية للقاعدة ومتوسط ​​التباطؤ للاعب. يتم تمثيل قدرة اللاعب على الوصول إلى القاعدة والضرب من أجل القوة ، وهما مهارتان هجوميتان مهمتان.
CASE_0247,837740,mixed,2,4305533,0.65,0.65,0,ar,ما هي نسبة تباطؤ On-base Plus - OPS؟ إحصائية بيسبول تمثل مجموع النسبة المئوية للضارب على القاعدة (OBP) ، والتي تقيس قدرة اللاعب على الوصول إلى القاعدة ، ونسبة الضرب (SLG) ، والتي تقيس قدرة اللاعب على الضرب بقوة للحصول على زوجي وثلاثة أضعاف و يدير المنزل. النسبة المئوية للتباطؤ الزائد على القاعدة هي
CASE_0247,837740,mixed,3,7889461,0.6466,0.6466,1,ar,(يوليو 2013) (تعرف على كيفية ووقت إزالة رسالة القالب هذه) (تعرف على كيفية ووقت إزالة رسالة القالب هذه) On-Base plus slugging (OPS) هي إحصائية بيسبول قياس السابر محسوبة كمجموع النسبة المئوية للاعب على القاعدة ومتوسط ​​الضربات.
CASE_0247,837740,mixed,4,1856472,0.6439,0.6439,0,ar,على قاعدة بالإضافة إلى تباطؤ. الضرب على القاعدة بالإضافة إلى الضرب البطيء (OPS) هو إحصاء قياس السبيرميتر للبيسبول محسوبًا كمجموع النسبة المئوية للقاعدة ومتوسط ​​البطء للاعب. [1] يتم تمثيل قدرة اللاعب على الوصول إلى القاعدة والضرب من أجل القوة ، وهما مهارتان هجوميتان مهمتان.
CASE_0247,837740,mixed,5,7889463,0.6384,0.6384,0,ar,ما هو OPS في لعبة البيسبول؟ ج: نسبة الضرب على القاعدة بالإضافة إلى النسبة المئوية البطيئة ، أو OPS ، هي إحصائية للبيسبول يتم حسابها من خلال الجمع بين النسبة المئوية للضارب على القاعدة ومتوسط ​​الضرب. الإحصاء هو شكل من أشكال قياس السيف ، وهو تحليل رياضي لنشاط اللعبة. أكمل القراءة.
CASE_0247,837740,mixed,6,7889462,0.638,0.638,0,ar,يجب إزالة البيانات التي تتكون فقط من البحث الأصلي. (يوليو 2013) (تعرف على كيفية ووقت إزالة رسالة القالب هذه) تعد طريقة On-Base plus slugging (OPS) عبارة عن إحصائية للبيسبول قياسها يتم حسابها على أنها مجموع النسبة المئوية الأساسية للاعب ومتوسط ​​التباطؤ. يتم تمثيل قدرة اللاعب على الوصول إلى القاعدة و
CASE_0247,837740,mixed,7,1856469,0.6231,0.6231,0,ar,"""الضرب البطيء على القاعدة بالإضافة إلى (OPS) هو إحصاء بيسبول قياسى يتم حسابه كمجموع النسبة المئوية للاعب على القاعدة ومتوسط ​​التباطؤ. يقيس المقياس قدرة اللاعب على الحصول على قاعدة وضرب من أجل القوة ¢ """"تركيبة هجومية قاتلة ¢ Ã'"""""""
CASE_0247,837740,mixed,8,1856464,0.6223,0.6223,0,ar,في لعبة البيسبول ، ما هو OPS؟ كلما ارتفع مستوى OPS للاعب ، زادت قوته الهجومية. في لعبة البيسبول ، OPS هو رقم يجمع بين النسبة المئوية الأساسية للاعب ونسبة تباطؤه. في دوري البيسبول الرئيسي ، كان متوسط ​​OPS في أوائل القرن الحادي والعشرين حوالي 0.750. الجري على أرضه هو النوع الأكثر قيمة من الضربات.
CASE_0247,837740,mixed,9,6951136,0.6212,0.6212,0,ar,ستيف كونولي. OPS هي إحصائية الضرب التي تعني On-Base Plus Slugging .. يتم حسابها عن طريق جمع النسبة المئوية الأساسية للاعب (OBP) ونسبة البطء (SLG) معًا ، معبرًا عنها كعدد عشري. الغرض منه هو إعطاء صورة شاملة للقيمة الهجومية للاعب.
CASE_0247,837740,mixed,10,695952,0.6128,0.6128,0,ar,SLG = (1B + 2 * 2B + 3 * 3B + 4 * HR) / AB. نحن لا نوفر OPS + على الموقع ، ولكن يمكن العثور على الحساب في Baseball-Reference. لماذا OPS: بشكل عام ، تعتبر OPS أفضل من شيء مثل متوسط ​​الضرب أو RBI لأنها تلتقط قدرة اللاعب على الوصول إلى القاعدة وقدرته على الوصول إلى قواعد إضافية. بالنسبة للجزء الأكبر ،
CASE_0247,935362,endpoint,1,3757515,0.5879,0.5879,0,ar,للمسلسل التلفزيوني الكوري الجنوبي ، انظر Glass Castle. القلعة الزجاجية هي مذكرات عام 2005 بقلم جانيت وولز. يروي الكتاب أسوار التنشئة غير التقليدية التي تعاني من الفقر وأشقائها على أيدي والديهم الذين يعانون من اختلال وظيفي عميق. أمضت المذكرات إجمالي 261 أسبوعًا في قائمة New York Times Best Seller.
CASE_0247,935362,endpoint,2,3757516,0.5688,0.5688,0,ar,تمت إضافته إلى تسجيلات الوصول الخاصة بك. القلعة الزجاجية (2017) فتاة صغيرة تبلغ من العمر في عائلة مختلة من البدو غير الملتزمين بأم فنانة غريبة الأطوار وأب مدمن على الكحول من شأنه أن يحرك خيال الأطفال بأمل لإلهاء فقرهم.
CASE_0247,935362,endpoint,3,7957524,0.5672,0.5672,1,ar,أجاب عليه جيل د # 170087. The Glass Castle هي رواية عن سيرتها الذاتية تمتد عبر السنوات من 1957 إلى 2005 تقريبًا. وتدور أحداثها في عدد من الأماكن المحلية ، والتي تشمل نيفادا (بليث ، باتل ماونتن ، لاس فيغاس) ، كاليفورنيا ، أريزونا ، فيرجينيا الغربية ، ومدينة نيويورك. تسجيل الدخول باستخدام الفيسبوك. تس
CASE_0247,935362,endpoint,4,3757517,0.5671,0.5671,0,ar,القلعة الزجاجية (2017) PG-13 | دراما | 2017 (الولايات المتحدة الأمريكية) فتاة صغيرة تبلغ من العمر في عائلة مختلة من البدو غير الملتزمين بأم فنانة غريبة الأطوار وأب مدمن على الكحول من شأنه أن يحرك خيال الأطفال بأمل لإلهاء فقرهم.
CASE_0247,935362,endpoint,5,4947478,0.555,0.555,0,ar,أقيمت القلعة لأول مرة في القرن الثاني عشر في موقع حصن دون كرودا ، وهو حصن صخري داخلي تم إنشاؤه منذ حوالي 2500 عام أو أكثر على نتوء صخري على ضفاف نهر أوبيغ.
CASE_0247,935362,endpoint,6,3823954,0.5548,0.5548,0,ar,القلعة (من اللاتينية: castellum) هي نوع من الهياكل المحصنة التي شيدها النبلاء في أوروبا والشرق الأوسط خلال العصور الوسطى ، ويناقش العلماء نطاق كلمة القلعة ، لكنهم يعتبرونها عادةً المقر المحصن الخاص بالسيدة. أو نبيل.بعض القلاع الحقيقية بنيت في الأمريكتين من قبل المستعمرات الإسبانية والفرنسية. سميت ال
CASE_0247,935362,endpoint,7,5893483,0.5507,0.5507,0,ar,في مقطع فيديو This Day in History ، تعلم أنه في 14 يوليو 1789 ، أنشأ الثوار عطلة صيفية في فرنسا عندما اقتحموا الباستيل. كانت القلعة رمزًا مكروهًا للنظام الملكي الذي احتجز سجناء سياسيين. في مقطع فيديو في هذا اليوم في التاريخ ، تعلم أنه في 14 يوليو 1789 ، أنشأ الثوار عطلة صيفية في فرنسا عندما اقتحموا
CASE_0247,935362,endpoint,8,4707849,0.5495,0.5495,0,ar,القلعة الزجاجية ، بواسطة جانيت وولز. لم تتمكن جانيت وولز من العيش في القلعة الزجاجية التي استحضرها والدها كمقر عائلي مثالي ، لكن ذلك لم يتسبب في رميها بالحجارة. تعتبر مذكراتها تقييمًا صريحًا ودافئًا لسنوات نشأتها.
CASE_0247,935362,endpoint,9,2307428,0.5493,0.5493,0,ar,كجزء من الأيام التراثية المفتوحة ، قم بزيارة القلعة مجانًا يوم السبت 12 سبتمبر 11 صباحًا - 4 مساءً أو يوم الجمعة 11 سبتمبر ، انتقل إلى Tattershall Village Hall في الساعة 3 مساءً واستمع إلى حديث رائع حول الزجاج الملون الباقي من القرن الخامس عشر من كنيسة Holy Trinity التي بنيت من أجل اللورد كرومويل في
CASE_0247,935362,endpoint,10,7957527,0.5489,0.5489,0,ar,للمسلسل التلفزيوني الكوري الجنوبي ، انظر Glass Castle. القلعة الزجاجية هي مذكرات عام 2005 بقلم جانيت وولز. يروي الكتاب أسوار التنشئة غير التقليدية التي تعاني من الفقر وأشقائها على أيدي والديهم الذين يعانون من اختلال وظيفي عميق.
CASE_0247,935362,mixed,1,7957524,0.6634,0.6634,1,ar,أجاب عليه جيل د # 170087. The Glass Castle هي رواية عن سيرتها الذاتية تمتد عبر السنوات من 1957 إلى 2005 تقريبًا. وتدور أحداثها في عدد من الأماكن المحلية ، والتي تشمل نيفادا (بليث ، باتل ماونتن ، لاس فيغاس) ، كاليفورنيا ، أريزونا ، فيرجينيا الغربية ، ومدينة نيويورك. تسجيل الدخول باستخدام الفيسبوك. تس
CASE_0247,935362,mixed,2,4579315,0.6018,0.6018,0,ar,في هذا الكتاب المؤثر ، تعرض Glass Castle ، الذي كتبته جانيت وولز ، حياتها الحقيقية من خلال الدروس والمغامرات والتجارب التي جلبتها لها وعائلتها عاطفياً ولكنها مجزية أيضًا. يبدأ الكتاب في منتصف الثلاثينيات من القرن الماضي جانيت ...
CASE_0247,935362,mixed,3,3757515,0.5975,0.5975,0,ar,للمسلسل التلفزيوني الكوري الجنوبي ، انظر Glass Castle. القلعة الزجاجية هي مذكرات عام 2005 بقلم جانيت وولز. يروي الكتاب أسوار التنشئة غير التقليدية التي تعاني من الفقر وأشقائها على أيدي والديهم الذين يعانون من اختلال وظيفي عميق. أمضت المذكرات إجمالي 261 أسبوعًا في قائمة New York Times Best Seller.
CASE_0247,935362,mixed,4,3757517,0.5691,0.5691,0,ar,القلعة الزجاجية (2017) PG-13 | دراما | 2017 (الولايات المتحدة الأمريكية) فتاة صغيرة تبلغ من العمر في عائلة مختلة من البدو غير الملتزمين بأم فنانة غريبة الأطوار وأب مدمن على الكحول من شأنه أن يحرك خيال الأطفال بأمل لإلهاء فقرهم.
CASE_0247,935362,mixed,5,5225617,0.5676,0.5676,0,ar,تدور أحداث القصة في عام 1957 ، وتشهد اختطاف عالم الآثار إنديانا جونز في المكسيك من قبل السوفييت والتورط في مؤامرة لتسخير قوة Crystal Skull of Akator ، والمعروفة باسم El Dorado ، لاكتساب الميزة الحاسمة في حربهم الباردة مع الولايات المتحدة. تنص على.
CASE_0247,935362,mixed,6,3757511,0.5667,0.5667,0,ar,The Glass Castle (فيلم) The Glass Castle هو فيلم درامي أمريكي قادم من إخراج Destin Daniel Cretton. يستند الفيلم إلى مذكرات جانيت وولز لعام 2005 التي تحمل الاسم نفسه ، وكتبه كريتون وأندرو لانهام ومارتي نوكسون. النجوم: بري لارسون ، نعومي واتس ، وودي هارلسون ، وسارة سنوك.
CASE_0247,935362,mixed,7,2466415,0.5645,0.5645,0,ar,The Glass Menagerie هي مسرحية للذاكرة ، وتأثيرها مستوحى من ذكريات الراوي ، توم وينجفيلد. توم شخصية في المسرحية ، والتي تدور أحداثها في سانت لويس عام 1937. إنه شاعر طموح يكدح في مستودع أحذية لدعم والدته ، أماندا ، وشقيقته لورا. The Glass Menagerie هي مسرحية للذاكرة ، وتأثيرها مستوحى من ذكريات الراوي
CASE_0247,935362,mixed,8,7957527,0.563,0.563,0,ar,للمسلسل التلفزيوني الكوري الجنوبي ، انظر Glass Castle. القلعة الزجاجية هي مذكرات عام 2005 بقلم جانيت وولز. يروي الكتاب أسوار التنشئة غير التقليدية التي تعاني من الفقر وأشقائها على أيدي والديهم الذين يعانون من اختلال وظيفي عميق.
CASE_0247,935362,mixed,9,3757516,0.5623,0.5623,0,ar,تمت إضافته إلى تسجيلات الوصول الخاصة بك. القلعة الزجاجية (2017) فتاة صغيرة تبلغ من العمر في عائلة مختلة من البدو غير الملتزمين بأم فنانة غريبة الأطوار وأب مدمن على الكحول من شأنه أن يحرك خيال الأطفال بأمل لإلهاء فقرهم.
CASE_0247,935362,mixed,10,2307428,0.5492,0.5492,0,ar,كجزء من الأيام التراثية المفتوحة ، قم بزيارة القلعة مجانًا يوم السبت 12 سبتمبر 11 صباحًا - 4 مساءً أو يوم الجمعة 11 سبتمبر ، انتقل إلى Tattershall Village Hall في الساعة 3 مساءً واستمع إلى حديث رائع حول الزجاج الملون الباقي من القرن الخامس عشر من كنيسة Holy Trinity التي بنيت من أجل اللورد كرومويل في
CASE_0247,939744,endpoint,1,3017760,0.7085,0.7085,0,ar,ميتاليكا هي فرقة أمريكية لموسيقى الهيفي ميتال ، تأسست عام 1981 على يد عازف الدرامز لارس أولريش وعازف الجيتار الإيقاعي جيمس هيتفيلد. بصرف النظر عن أولريش ، تضمنت التشكيلة الأصلية لبعض حفلات عام 1982 جيمس هيتفيلد (الغيتار الإيقاعي والغناء الرئيسي) وديف موستين (الغيتار الرئيسي وغناء الدعم) ورون ماكجوفن
CASE_0247,939744,endpoint,2,33233,0.7018,0.7018,0,ar,ميتاليكا هي فرقة أمريكية لموسيقى الهيفي ميتال تم تشكيلها في لوس أنجلوس ، كاليفورنيا. تم تشكيل الفرقة في عام 1981 عندما رد المغني / عازف الجيتار جيمس هيتفيلد على إعلان نشره عازف الدرامز لارس أولريش في إحدى الصحف المحلية. تضم التشكيلة الحالية لفريق Metallica الأعضاء المؤسسين Hetfield و Ulrich وعازف ال
CASE_0247,939744,endpoint,3,7658956,0.6878,0.6878,1,ar,تم إصدار Metallica في 12 أغسطس 1991 ، وكان أول ألبوم للفرقة يظهر لأول مرة في المركز الأول على Billboard 200 ، حيث بيع 597000 نسخة في الأسبوع الأول. تم اعتماده من البلاتين في أسبوعين وقضى أربعة أسابيع متتالية على قمة Billboard 200.
CASE_0247,939744,endpoint,4,33236,0.686,0.686,0,ar,ميتاليكا هي فرقة أمريكية لموسيقى الهيفي ميتال من ولاية كاليفورنيا بالولايات المتحدة الأمريكية. تم تشكيل Metallica في عام 1981 ، وتعتبر واحدة من الفرق التأسيسية لمعدن ثراش ميتال. تم تشكيل الفرقة بعد أن رد الأعضاء المختلفون على إعلان في إحدى الصحف وضعه عازف الدرامز لارس أولريش الذي كان يبحث عن أشخاص ي
CASE_0247,939744,endpoint,5,60168,0.6679,0.6679,0,ar,تم إصدار Metallica في 12 أغسطس 1991 ، وكان أول ألبوم للفرقة يظهر لأول مرة في المركز الأول على مخطط Billboard 200 الأمريكي. بحلول فبراير 2016 ، أمضى الألبوم 363 أسبوعًا على مخطط ألبوم Billboard ، مما يجعله واحدًا من أطول عشرة أقراص قيد التشغيل على الإطلاق.
CASE_0247,939744,endpoint,6,4300851,0.665,0.665,0,ar,من أجل الألبوم الخامس الذي يحمل اسم Metallica ، انظر Metallica (الألبوم). ميتاليكا هي فرقة أمريكية لموسيقى الهيفي ميتال مقرها في سان رافائيل ، كاليفورنيا. تم تشكيل الفرقة في عام 1981 في لوس أنجلوس عندما رد المغني / عازف الجيتار جيمس هيتفيلد على إعلان نشره عازف الدرامز لارس أولريش في إحدى الصحف المحل
CASE_0247,939744,endpoint,7,8314944,0.6639,0.6639,0,ar,من أجل الألبوم الخامس الذي يحمل اسم Metallica ، انظر Metallica (الألبوم). ميتاليكا هي فرقة أمريكية لموسيقى الهيفي ميتال مقرها في سان رافائيل ، كاليفورنيا. تم تشكيل الفرقة في عام 1981 في لوس أنجلوس عندما رد المغني / عازف الجيتار جيمس هيتفيلد على إعلان نشره عازف الدرامز لارس أولريش في إحدى الصحف المحل
CASE_0247,939744,endpoint,8,8314949,0.6523,0.6523,0,ar,العشرة الأوائل. 1 Metallica Metallica هي فرقة أمريكية من Thrash Metal تم تشكيلها في عام 1981. كانت التشكيلة الأصلية جيمس هيتفيلد (المغني وعازف الجيتار الإيقاعي) ، ديف موستين (غيتار رئيسي) ، لارس أولريش (طبول) ، رون ماكجوفني (باسيست). دخلت المجموعة في التيار الرئيسي من ألبومها الذاتي والأغنية المنفرد
CASE_0247,939744,endpoint,9,4974346,0.6471,0.6471,0,ar,ولدت Metallica ، وهي واحدة من أكبر الأعمال مبيعًا في التاريخ الأمريكي ، في 28 أكتوبر 1981 عندما اجتمع عازف الدرامز لارس أولريش وعازف / مغني الجيتار جيمس هيتفيلد عبر إعلان صحيفة Ulrich's LA Recycler .
CASE_0247,939744,endpoint,10,3865461,0.637,0.637,0,ar,Metallica هي فرقة ثراش ميتال / هيفي ميتال أمريكية. اجتمعت الفرقة في لوس أنجلوس عام 1981 وساعدت في ابتكار النوع الفرعي من موسيقى الهيفي ميتال. يشتهرون بالعديد من أغانيهم ، بما في ذلك Master of Puppets و The Unforgiven و One و Enter Sandman و Nothing Else Matters ..
CASE_0247,939744,mixed,1,7658956,0.7347,0.7347,1,ar,تم إصدار Metallica في 12 أغسطس 1991 ، وكان أول ألبوم للفرقة يظهر لأول مرة في المركز الأول على Billboard 200 ، حيث بيع 597000 نسخة في الأسبوع الأول. تم اعتماده من البلاتين في أسبوعين وقضى أربعة أسابيع متتالية على قمة Billboard 200.
CASE_0247,939744,mixed,2,60168,0.7128,0.7128,0,ar,تم إصدار Metallica في 12 أغسطس 1991 ، وكان أول ألبوم للفرقة يظهر لأول مرة في المركز الأول على مخطط Billboard 200 الأمريكي. بحلول فبراير 2016 ، أمضى الألبوم 363 أسبوعًا على مخطط ألبوم Billboard ، مما يجعله واحدًا من أطول عشرة أقراص قيد التشغيل على الإطلاق.
CASE_0247,939744,mixed,3,33233,0.7065,0.7065,0,ar,ميتاليكا هي فرقة أمريكية لموسيقى الهيفي ميتال تم تشكيلها في لوس أنجلوس ، كاليفورنيا. تم تشكيل الفرقة في عام 1981 عندما رد المغني / عازف الجيتار جيمس هيتفيلد على إعلان نشره عازف الدرامز لارس أولريش في إحدى الصحف المحلية. تضم التشكيلة الحالية لفريق Metallica الأعضاء المؤسسين Hetfield و Ulrich وعازف ال
CASE_0247,939744,mixed,4,33236,0.7005,0.7005,0,ar,ميتاليكا هي فرقة أمريكية لموسيقى الهيفي ميتال من ولاية كاليفورنيا بالولايات المتحدة الأمريكية. تم تشكيل Metallica في عام 1981 ، وتعتبر واحدة من الفرق التأسيسية لمعدن ثراش ميتال. تم تشكيل الفرقة بعد أن رد الأعضاء المختلفون على إعلان في إحدى الصحف وضعه عازف الدرامز لارس أولريش الذي كان يبحث عن أشخاص ي
CASE_0247,939744,mixed,5,8314949,0.6914,0.6914,0,ar,العشرة الأوائل. 1 Metallica Metallica هي فرقة أمريكية من Thrash Metal تم تشكيلها في عام 1981. كانت التشكيلة الأصلية جيمس هيتفيلد (المغني وعازف الجيتار الإيقاعي) ، ديف موستين (غيتار رئيسي) ، لارس أولريش (طبول) ، رون ماكجوفني (باسيست). دخلت المجموعة في التيار الرئيسي من ألبومها الذاتي والأغنية المنفرد
CASE_0247,939744,mixed,6,4974346,0.6879,0.6879,0,ar,ولدت Metallica ، وهي واحدة من أكبر الأعمال مبيعًا في التاريخ الأمريكي ، في 28 أكتوبر 1981 عندما اجتمع عازف الدرامز لارس أولريش وعازف / مغني الجيتار جيمس هيتفيلد عبر إعلان صحيفة Ulrich's LA Recycler .
CASE_0247,939744,mixed,7,3017760,0.6825,0.6825,0,ar,ميتاليكا هي فرقة أمريكية لموسيقى الهيفي ميتال ، تأسست عام 1981 على يد عازف الدرامز لارس أولريش وعازف الجيتار الإيقاعي جيمس هيتفيلد. بصرف النظر عن أولريش ، تضمنت التشكيلة الأصلية لبعض حفلات عام 1982 جيمس هيتفيلد (الغيتار الإيقاعي والغناء الرئيسي) وديف موستين (الغيتار الرئيسي وغناء الدعم) ورون ماكجوفن
CASE_0247,939744,mixed,8,7830980,0.6811,0.6811,0,ar,تم تشكيل Metallica في عام 1981 عندما رد المنشد / عازف الجيتار جيمس هيتفيلد على إعلان نشره عازف الطبول لارس أولريش في إحدى الصحف المحلية. تتألف التشكيلة الحالية للفرقة من الأعضاء المؤسسين Hetfield و Ulrich ، وعازف الجيتار الرئيسي منذ فترة طويلة كيرك هاميت وعازف الجيتار روبرت تروجيلو.
CASE_0247,939744,mixed,9,3865461,0.679,0.679,0,ar,Metallica هي فرقة ثراش ميتال / هيفي ميتال أمريكية. اجتمعت الفرقة في لوس أنجلوس عام 1981 وساعدت في ابتكار النوع الفرعي من موسيقى الهيفي ميتال. يشتهرون بالعديد من أغانيهم ، بما في ذلك Master of Puppets و The Unforgiven و One و Enter Sandman و Nothing Else Matters ..
CASE_0247,939744,mixed,10,8314944,0.6732,0.6732,0,ar,من أجل الألبوم الخامس الذي يحمل اسم Metallica ، انظر Metallica (الألبوم). ميتاليكا هي فرقة أمريكية لموسيقى الهيفي ميتال مقرها في سان رافائيل ، كاليفورنيا. تم تشكيل الفرقة في عام 1981 في لوس أنجلوس عندما رد المغني / عازف الجيتار جيمس هيتفيلد على إعلان نشره عازف الدرامز لارس أولريش في إحدى الصحف المحل
CASE_0247,961097,endpoint,1,3720808,0.7416,0.7416,0,ar,تأسس الدوري الاميركي للمحترفين في يونيو 1946 ، مع لعب موسمه الأول في عام 1946 - 47. ظهر واتارو ميساكا لأول مرة في عام 1947 - 48 كأول لاعب غير أبيض وأول لاعب من أصل آسيوي يلعب في الدوري. ظهر الأمريكيون من أصل أفريقي لأول مرة في الدوري الاميركي للمحترفين في عام 1950. كان تشاك كوبر أول لاعب أسود يتم تج
CASE_0247,961097,endpoint,2,2370636,0.7365,0.7365,0,ar,مع احتفالها بالذكرى الخمسين لتأسيسها ، يخرج الدوري الاميركي للمحترفين عن موسم 1996-97 مع فريق نيويورك نيكس ضد تورونتو رابتورز في SkyDome في تورونتو. كانت تورنتو. كان أيضًا موقع المباراة الأولى للدوري في 1 نوفمبر 1946 ، حيث استضافت عائلة هسكي فريق نيويورك نيكربوكرز في حدائق مابل ليف. استقطبت المسابقة
CASE_0247,961097,endpoint,3,5626407,0.736,0.736,0,ar,بقلم سام غولدابير. 1 مع احتفالها بالذكرى الخمسين لتأسيسها ، يخرج الدوري الاميركي للمحترفين عن موسم 1996-97 مع فريق نيويورك نيكس ضد تورونتو رابتورز في SkyDome في تورونتو. 2 أيضًا موقع اللعبة الأولى للدوري في 1 نوفمبر 1946 ، حيث استضافت عائلة هسكي فريق نيويورك نيكربوكرز في حدائق مابل ليف.
CASE_0247,961097,endpoint,4,6086541,0.728,0.728,0,ar,الدوري الاميركي للمحترفين هو واحد من أربع بطولات رياضية محترفة كبرى في أمريكا الشمالية. لاعبو الدوري الاميركي للمحترفين هم أفضل الرياضيين أجرا في العالم ، بمتوسط ​​الراتب السنوي لكل لاعب. تأسس الدوري في مدينة نيويورك في 6 يونيو 1946 باسم اتحاد كرة السلة الأمريكية (BAA) ، واعتمد الاتحاد اسم الرابطة ا
CASE_0247,961097,endpoint,5,3091376,0.7276,0.7276,0,ar,متى كانت أول مباراة كرة سلة في الدوري الاميركي للمحترفين؟ تم لعب أول مباراة لكرة السلة في الدوري الاميركي للمحترفين في 1 نوفمبر 1946 في تورنتو ، أونتاريو ، كندا بين نيويورك كنيكربوكرز وتورنتو هسكي. كانت النتيجة 96-78 ، مع فوز نيكربوكرز.
CASE_0247,961097,endpoint,6,4078246,0.7252,0.7252,0,ar,إن Answers.com تجعل العالم أفضل إجابة واحدة في كل مرة. كانت أول فرق الدوري الاميركي للمحترفين هي فيلادلفيا ووريورز ونيويورك نيكس وبوسطن سلتكس ، الذين كانوا أول 3 فرق في الدوري الاميركي للمحترفين في عام 1946. ومع ذلك ، فإن الفريق الأقدم هو فريق ديترويتشا بيستونز ، تأسست في عام 1941 ، لكنها لم تنضم إل
CASE_0247,961097,endpoint,7,7486420,0.7187,0.7187,0,ar,نشأت الدوري الاميركي للمحترفين في عام 1946 مع 11 فريقًا ، ومن خلال سلسلة من التوسعات والتخفيضات والانتقالات للفريق يتكون حاليًا من 30 فريقًا. الولايات المتحدة هي موطن لـ 29 فريقًا وواحد يقع في كندا.
CASE_0247,961097,endpoint,8,8453620,0.716,0.716,0,ar,في 1 نوفمبر 1947 خلال المباراة الافتتاحية التي لعبت بين نيويورك نيكربوكرز وتورونتو هاسكي ، سجل أوزي شيكتمان من نيكس النقاط الأولى على الإطلاق في تاريخ الدوري الاميركي للمحترفين حول الدوري الاميركي للمحترفين ، الدوري الاميركي للمحترفين هو الدوري الممتاز لكرة السلة للمحترفين في الولايات المتحدة وكندا
CASE_0247,961097,endpoint,9,3613689,0.7117,0.7117,0,ar,الدوري الاميركي للمحترفين هو واحد من أربع بطولات رياضية احترافية كبرى في الولايات المتحدة وكندا. لاعبو الدوري الاميركي للمحترفين هم أفضل الرياضيين أجرا في العالم من خلال متوسط ​​الراتب السنوي لكل لاعب. تأسس الدوري في مدينة نيويورك في 6 يونيو 1946 باسم اتحاد كرة السلة الأمريكية (BAA).
CASE_0247,961097,endpoint,10,3749044,0.7082,0.7082,0,ar,الدوري الاميركي للمحترفين هو واحد من أربع بطولات رياضية محترفة كبرى في أمريكا الشمالية. لاعبو الدوري الاميركي للمحترفين هم أفضل الرياضيين أجرا في العالم ، بمتوسط ​​الراتب السنوي لكل لاعب. تأسس الدوري في مدينة نيويورك في 6 يونيو 1946 باسم اتحاد كرة السلة الأمريكية (BAA).
CASE_0247,961097,mixed,1,3091376,0.7119,0.7119,0,ar,متى كانت أول مباراة كرة سلة في الدوري الاميركي للمحترفين؟ تم لعب أول مباراة لكرة السلة في الدوري الاميركي للمحترفين في 1 نوفمبر 1946 في تورنتو ، أونتاريو ، كندا بين نيويورك كنيكربوكرز وتورنتو هسكي. كانت النتيجة 96-78 ، مع فوز نيكربوكرز.
CASE_0247,961097,mixed,2,5626407,0.7111,0.7111,0,ar,بقلم سام غولدابير. 1 مع احتفالها بالذكرى الخمسين لتأسيسها ، يخرج الدوري الاميركي للمحترفين عن موسم 1996-97 مع فريق نيويورك نيكس ضد تورونتو رابتورز في SkyDome في تورونتو. 2 أيضًا موقع اللعبة الأولى للدوري في 1 نوفمبر 1946 ، حيث استضافت عائلة هسكي فريق نيويورك نيكربوكرز في حدائق مابل ليف.
CASE_0247,961097,mixed,3,7829355,0.7045,0.7045,1,ar,بقلم سام ليرد. تم لعب أول لعبة NBA على الإطلاق في 1 نوفمبر 1946 - قبل 66 عامًا اليوم. مجموعة من الرجال البيض كانوا يرتدون سراويل قصيرة ، ويمارسون نسج الرجال الثلاثة ويرفعون الطلقات الثابتة بكلتا اليدين من محكمة مجردة من خط من ثلاث نقاط.
CASE_0247,961097,mixed,4,7784076,0.7027,0.7027,0,ar,الإجابة عام 1949 عندما بدأت الدوري الاميركي للمحترفين. بدأت في عام 1946 باسم BAA (رابطة كرة السلة الأمريكية) ثم اندمجت مع NBL (دوري كرة السلة الوطني) à€Â¦ وأصبحت تعرف باسم NBA في عام 1950.
CASE_0247,961097,mixed,5,4078248,0.7007,0.7007,0,ar,لم يكن هناك فريق NBA الأول. بدأ الدوري الاميركي للمحترفين بـ 11 فريقًا في عام 1946 باسم اتحاد كرة السلة الأمريكي. كانت المباراة الأولى في 1 نوفمبر بين نيويورك نيكس و فريق تورنتو هسكي (فاز نيكس 68-66).
CASE_0247,961097,mixed,6,2370636,0.7001,0.7001,0,ar,مع احتفالها بالذكرى الخمسين لتأسيسها ، يخرج الدوري الاميركي للمحترفين عن موسم 1996-97 مع فريق نيويورك نيكس ضد تورونتو رابتورز في SkyDome في تورونتو. كانت تورنتو. كان أيضًا موقع المباراة الأولى للدوري في 1 نوفمبر 1946 ، حيث استضافت عائلة هسكي فريق نيويورك نيكربوكرز في حدائق مابل ليف. استقطبت المسابقة
CASE_0247,961097,mixed,7,5856346,0.6926,0.6926,0,ar,تم لعب أول مباراة رسمية في صالة YMCA للألعاب الرياضية في ألباني ، نيويورك ، في 20 يناير 1892 ، مع تسعة لاعبين. انتهت اللعبة عند 1 درجة مئوية ؛ تم إطلاق اللقطة من 25 قدمًا (7.6 م) ، في ملعب يبلغ حجمه نصف مساحة ملعب كرة السلة أو اتحاد كرة السلة الوطني (NBA) حاليًا. في ذلك الوقت ، كانت كرة القدم تُلعب
CASE_0247,961097,mixed,8,4510101,0.6911,0.6911,0,ar,1 2 3 4 مجموع الرؤساء 0 10 0 0 10 باكرز 7 7 14 7 35 أول لعبة بطولة العالم AFL-NFL في كرة القدم الأمريكية المحترفة ، والتي عُرفت لاحقًا باسم Super Bowl I ، تم لعبها في 15 يناير 1967 في لوس مدرج أنجيليس التذكاري في لوس أنجلوس ، كاليفورنيا.
CASE_0247,961097,mixed,9,4078246,0.6868,0.6868,0,ar,إن Answers.com تجعل العالم أفضل إجابة واحدة في كل مرة. كانت أول فرق الدوري الاميركي للمحترفين هي فيلادلفيا ووريورز ونيويورك نيكس وبوسطن سلتكس ، الذين كانوا أول 3 فرق في الدوري الاميركي للمحترفين في عام 1946. ومع ذلك ، فإن الفريق الأقدم هو فريق ديترويتشا بيستونز ، تأسست في عام 1941 ، لكنها لم تنضم إل
CASE_0247,961097,mixed,10,4510100,0.6844,0.6844,0,ar,بلغ عن سوء معاملة. 1 2 3 4 مجموع الرؤساء 0 10 0 0 10 باكرز 7 7 14 7 35 أول لعبة بطولة العالم AFL-NFL في كرة القدم الأمريكية المحترفة ، والتي عُرفت لاحقًا باسم Super Bowl I ، تم لعبها في 15 يناير 1967 في لوس مدرج أنجيليس التذكاري في لوس أنجلوس ، كاليفورنيا.
CASE_0247,994085,endpoint,1,2387468,0.6529,0.6529,0,ar,حد التناسب هو النقطة التي يظل فيها الضغط متناسبًا بشكل مباشر مع الإجهاد بينما الحد المرن هو النقطة التي تظل فيها المادة مرنة أي. ࢠÂ إذا تمت إزالة الضغط ضمن الحد المرن ، فستستعيد المادة شكلها وحجمها الأصليين.
CASE_0247,994085,endpoint,2,2387467,0.6051,0.6051,0,ar,"""يظهر الإجهاد () كدالة للإجهاد () 1: الحد المرن (التناسب) 2: مقاومة الخضوع المعادلة (قوة إثبات 0.2٪). تُعرف العلاقة بين الإجهاد والانفعال الذي تعرضه مادة معينة باسم إجهاد تلك المادة المعينة - """"منحنى الإجهاد"""". إنه فريد لكل مادة ويتم العثور عليه عن طريق تسجيل مقدار التشوه (الانفعال) على فترات متميزة"
CASE_0247,994085,endpoint,3,7275848,0.6029,0.6029,1,ar,غالبًا ما يتم أخذ إجهاد تعسفي يبلغ 0.05 مم / مم كخط فاصل بين هاتين الفئتين. رسم تخطيطي للإجهاد والانفعال لفولاذ هيكلي متوسط ​​الكربون. الحد التناسبي (قانون هوك) من الأصل O إلى النقطة التي تسمى الحد التناسبي ، يكون منحنى الإجهاد والانفعال خطًا مستقيمًا. لاحظ السير روبرت هوك هذه العلاقة الخطية بين الا
CASE_0247,994085,endpoint,4,3437585,0.6013,0.6013,0,ar,إجهاد القص: الإجهاد (القوة لكل وحدة مساحة) الذي يعمل بالتوازي مع مستوى (خطأ) ويميل إلى التسبب في انزلاق الصخور على جانبي الطائرة بعضها ببعض. الإجهاد: نتيجة الإجهاد الذي يتعرض له الجسم ، مما يتسبب في تشوه شكله و / أو تغيير حجمه. الاستجابة المرنة: تشوه الجسم بما يتناسب مع الضغط المطبق واستعادته بمجرد
CASE_0247,994085,endpoint,5,7275855,0.5989,0.5989,0,ar,أعلى وحدة إجهاد يتناسب فيها الضغط مع التشوه. إنه يتوافق مع تلك النقطة على مخطط تشوه الإجهاد حيث ينحرف المنحنى عن خط مستقيم. ديف. حد المرونة. الحد الأقصى من إجهاد الوحدة الذي قد تتعرض له المادة ولا يزال بإمكانها العودة إلى حجمها وشكلها الأصليين عند إزالة الضغط. بالنسبة للعديد من المعادن ، لا يوجد فرق
CASE_0247,994085,endpoint,6,7275852,0.5941,0.5941,0,ar,معامل المرونة (أو معامل يونغ). وفقًا لقانون هوك ، ضمن الحد المرن للمادة ، تكون نسبة الضغط إلى الإجهاد الناتج في مادة ثابتة. يسمى هذا الثابت معامل مرونة المادة. حيث يتم إعطاء الإجهاد كقوة لكل وحدة مساحة ويتم إعطاء الإجهاد على أنه الاستطالة لكل وحدة طول.
CASE_0247,994085,endpoint,7,6321344,0.5923,0.5923,0,ar,فيما يلي جميع المعاني والترجمات الممكنة لكلمة مرن. Wiktionary (0.00 / 0 votes) قيم هذا التعريف: الحد المرن (اسم) مستوى الضغط الذي يخضع عنده مادة صلبة لتغير في الضغط أكبر مما توقعه قانون هوك ؛ غالبًا ما يتبعه عنق وكسر. الدلالات الكلدانية. القيمة العددية للحد المرن في علم الأعداد الكلدانية هي: 6.
CASE_0247,994085,endpoint,8,5339589,0.5901,0.5901,0,ar,لذا ، الإجهاد = k * إجهاد [هنا ، k ثابت] أو ، إجهاد / إجهاد = k الآن ، إذا حدث الإجهاد والانفعال ࢠ€¦ بسبب القوة المحورية ، فإن k يُعرف باسم معامل المرونة ويشار إليه بواسطة E. إذا حدث الإجهاد والانفعال بسبب قوة القص ، فإن k يُعرف بمعامل الصلابة ويُشار إليه بواسطة G ، ومعامل الصلابة ، G ، هو ، للمواد
CASE_0247,994085,endpoint,9,8349436,0.5888,0.5888,0,ar,يُعرَّف معامل المرونة لجسم ما على أنه ميل إجهاده - منحنى إجهاده في منطقة التشوه المرن: المادة الأكثر صلابة سيكون لها معامل مرونة أعلى. معامل المرونة له الشكل. أين.
CASE_0247,994085,endpoint,10,2940012,0.5866,0.5866,0,ar,متعلق بمعامل المرونة لمعامل الصلابة n الفيزياء العامة نسبة الإجهاد المطبق على جسم أو مادة إلى الإجهاد الناتج داخل حد المرونة يسمى أيضًا معامل المرونة انظر أيضًا معامل الكتلة معامل الحجم الصغير للصلابة
CASE_0247,994085,mixed,1,7275848,0.6281,0.6281,1,ar,غالبًا ما يتم أخذ إجهاد تعسفي يبلغ 0.05 مم / مم كخط فاصل بين هاتين الفئتين. رسم تخطيطي للإجهاد والانفعال لفولاذ هيكلي متوسط ​​الكربون. الحد التناسبي (قانون هوك) من الأصل O إلى النقطة التي تسمى الحد التناسبي ، يكون منحنى الإجهاد والانفعال خطًا مستقيمًا. لاحظ السير روبرت هوك هذه العلاقة الخطية بين الا
CASE_0247,994085,mixed,2,2387468,0.619,0.619,0,ar,حد التناسب هو النقطة التي يظل فيها الضغط متناسبًا بشكل مباشر مع الإجهاد بينما الحد المرن هو النقطة التي تظل فيها المادة مرنة أي. ࢠÂ إذا تمت إزالة الضغط ضمن الحد المرن ، فستستعيد المادة شكلها وحجمها الأصليين.
CASE_0247,994085,mixed,3,7382639,0.6066,0.6066,0,ar,الرسم البياني للإجهاد والانفعال لمادة مطيلة (مثل النحاس) 1 L = حد التناسب ، ينطبق قانون Hooke حتى هذه النقطة. 2 E = الحد المرن ، بعد هذه النقطة تكون المادة ممتدة بشكل دائم ولن تعود إلى طولها الأصلي.
CASE_0247,994085,mixed,4,7822109,0.6002,0.6002,0,ar,الإجهاد المسموح به أو القوة المسموح بها هو أقصى إجهاد (شد ، ضغط ، ثني) يُسمح بتطبيقه على مادة هيكلية. يتم تحديد الضغوط المسموح بها بشكل عام من خلال قوانين البناء ، وبالنسبة للصلب ، والألمنيوم هو جزء من إجهاد الخضوع (القوة): في المعادلة أعلاه ، هو الضغط المسموح به ، وهو إجهاد الخضوع ، وهو عامل الأمان
CASE_0247,994085,mixed,5,2387467,0.5977,0.5977,0,ar,"""يظهر الإجهاد () كدالة للإجهاد () 1: الحد المرن (التناسب) 2: مقاومة الخضوع المعادلة (قوة إثبات 0.2٪). تُعرف العلاقة بين الإجهاد والانفعال الذي تعرضه مادة معينة باسم إجهاد تلك المادة المعينة - """"منحنى الإجهاد"""". إنه فريد لكل مادة ويتم العثور عليه عن طريق تسجيل مقدار التشوه (الانفعال) على فترات متميزة"
CASE_0247,994085,mixed,6,7820488,0.5966,0.5966,0,ar,طور روبرت هوك قانون المرونة ، المعروف باسم قانون هوك ، والذي ينص على أن الإجهاد يتناسب طرديًا مع الإجهاد. وهو أيضًا منشئ كلمة خلية في علم الأحياء.
CASE_0247,994085,mixed,7,7275852,0.5936,0.5936,0,ar,معامل المرونة (أو معامل يونغ). وفقًا لقانون هوك ، ضمن الحد المرن للمادة ، تكون نسبة الضغط إلى الإجهاد الناتج في مادة ثابتة. يسمى هذا الثابت معامل مرونة المادة. حيث يتم إعطاء الإجهاد كقوة لكل وحدة مساحة ويتم إعطاء الإجهاد على أنه الاستطالة لكل وحدة طول.
CASE_0247,994085,mixed,8,3437585,0.5934,0.5934,0,ar,إجهاد القص: الإجهاد (القوة لكل وحدة مساحة) الذي يعمل بالتوازي مع مستوى (خطأ) ويميل إلى التسبب في انزلاق الصخور على جانبي الطائرة بعضها ببعض. الإجهاد: نتيجة الإجهاد الذي يتعرض له الجسم ، مما يتسبب في تشوه شكله و / أو تغيير حجمه. الاستجابة المرنة: تشوه الجسم بما يتناسب مع الضغط المطبق واستعادته بمجرد
CASE_0247,994085,mixed,9,5339589,0.5889,0.5889,0,ar,لذا ، الإجهاد = k * إجهاد [هنا ، k ثابت] أو ، إجهاد / إجهاد = k الآن ، إذا حدث الإجهاد والانفعال ࢠ€¦ بسبب القوة المحورية ، فإن k يُعرف باسم معامل المرونة ويشار إليه بواسطة E. إذا حدث الإجهاد والانفعال بسبب قوة القص ، فإن k يُعرف بمعامل الصلابة ويُشار إليه بواسطة G ، ومعامل الصلابة ، G ، هو ، للمواد
CASE_0247,994085,mixed,10,7564973,0.5872,0.5872,0,ar,قانون هيلتون مفصل وعضلاته الدافعة (+ ادخال) كلها مزودة من نفس العصب. إن إجهاد نسيج قانون هوك (أي التغيير في الطول) يتناسب طرديًا مع إجهاد الضغط أو الشد المطبق ، طالما لم يتم تجاوز مرونة الأنسجة (قدرة الارتداد).
CASE_0247,997713,endpoint,1,7269572,0.7439,0.7439,0,ar,مؤسسة الحيوان في لاس فيجاس ، نيفادا لديها حيوانات أليفة متاحة للتبني. تعرف على المزيد حول The Animal Foundation في لاس فيجاس ، نيفادا ، وابحث عن الحيوانات الأليفة المتاحة لديهم للتبني على Petfinder.
CASE_0247,997713,endpoint,2,7269568,0.738,0.738,0,ar,يقع The Animal Foundation ، الذي يعمل أيضًا تحت اسم LIED ANIMAL SHELTER ، في لاس فيجاس ، نيفادا. تعمل هذه المنظمة بشكل أساسي في مجال / صناعة مستلزمات الحيوانات الأليفة والحيوانات الأليفة ضمن قطاع البيع بالتجزئة المتنوع. تعمل هذه المنظمة منذ ما يقرب من 13 عامًا.
CASE_0247,997713,endpoint,3,7269564,0.7366,0.7366,1,ar,معلومات الموقع تقع مؤسسة Animal Foundation في 655 N. Mojave Road في لاس فيجاس في موقع ملائم قبالة US-95 والشرقية. يضم الحرم الجامعي الذي تبلغ مساحته 8 فدان حيوانات أليفة يمكن تبنيها ، وجميع الحيوانات المفقودة والمعثور عليها ، وعيادة الصحة منخفضة التكلفة ، وجميع الخدمات الإدارية.
CASE_0247,997713,endpoint,4,7269570,0.6993,0.6993,0,ar,مؤسسة الحيوان في لاس فيغاس على YP.com. شاهد التعليقات والصور والاتجاهات وأرقام الهواتف والمزيد لأفضل ملاجئ الحيوانات في لاس فيجاس ، نيفادا. ابدأ البحث بكتابة اسم الشركة أدناه. ماذا تريد أن تجد؟
CASE_0247,997713,endpoint,5,7269571,0.6976,0.6976,0,ar,الموقع: animalfoundation.com. تأسست The Animal Foundation في عام 2004 ، وهي منظمة متوسطة الحجم تعمل في صناعة متاجر البيع بالتجزئة المتنوعة وتقع في لاس فيجاس ، نيفادا. لديها 90 موظفًا بدوام كامل وتدر إيرادات سنوية تبلغ 12.8 مليون دولار.
CASE_0247,997713,endpoint,6,7269565,0.6913,0.6913,0,ar,The Animal Foundation - استعراض 13 - لاس فيجاس ، نيفادا. قبل - حفظ الوظيفة - المزيد ...
CASE_0247,997713,endpoint,7,2374478,0.6874,0.6874,0,ar,تدير Animal Foundation حرمًا جامعيًا مساحته 8 فدان في 655 N. Mojave Road في لاس فيجاس ، ويقع في مكان مناسب قبالة US-95 و Eastern. يضم موقع الحرم الجامعي حيوانات أليفة يمكن تبنيها ، وجميع الحيوانات المفقودة والمعثور عليها ، وعيادة التعقيم والتعقيم منخفضة التكلفة ، وعيادة اللقاحات منخفضة التكلفة ، وجم
CASE_0247,997713,endpoint,8,7269569,0.6483,0.6483,0,ar,اليوم ، تقوم The Animal Foundation بتشغيل وإدارة حرم جامعي بمساحة 8 فدان في لاس فيجاس يضم العديد من الخدمات ويوفر ملاذًا لأكثر من 45000 ضائع وغير مرغوب فيه ومهمل ومهجور كل عام.
CASE_0247,997713,endpoint,9,7860246,0.6473,0.6473,0,ar,حديقة حيوان لوس أنجلوس (رسميًا حديقة حيوان لوس أنجلوس والحدائق النباتية) هي حديقة حيوانات بمساحة 113 فدانًا (46 هكتارًا). خريطة حديقة الحيوان. تأسست عام 1966 وتقع في لوس أنجلوس ، كاليفورنيا. تمتلك مدينة لوس أنجلوس حديقة الحيوان بأكملها وأرضها ومرافقها والحيوانات.
CASE_0247,997713,endpoint,10,7860245,0.6421,0.6421,0,ar,تقع حديقة الحيوانات في متنزه جريفيث في لوس أنجلوس ، وهي موطن لـ 1100 حيوان من جميع أنحاء العالم. افتتحت أول حديقة حيوانات في عام 1912 وكانت تبعد حوالي ميلين (3.2 كم) جنوب موقعها الحالي حتى حوالي عام 1965. بقيت بقايا حديقة الحيوان واستخدمت في فيلم Anchorman: The Legend of Ron Burgundy.
CASE_0247,997713,mixed,1,7269564,0.7693,0.7693,1,ar,معلومات الموقع تقع مؤسسة Animal Foundation في 655 N. Mojave Road في لاس فيجاس في موقع ملائم قبالة US-95 والشرقية. يضم الحرم الجامعي الذي تبلغ مساحته 8 فدان حيوانات أليفة يمكن تبنيها ، وجميع الحيوانات المفقودة والمعثور عليها ، وعيادة الصحة منخفضة التكلفة ، وجميع الخدمات الإدارية.
CASE_0247,997713,mixed,2,7269568,0.752,0.752,0,ar,يقع The Animal Foundation ، الذي يعمل أيضًا تحت اسم LIED ANIMAL SHELTER ، في لاس فيجاس ، نيفادا. تعمل هذه المنظمة بشكل أساسي في مجال / صناعة مستلزمات الحيوانات الأليفة والحيوانات الأليفة ضمن قطاع البيع بالتجزئة المتنوع. تعمل هذه المنظمة منذ ما يقرب من 13 عامًا.
CASE_0247,997713,mixed,3,7269572,0.7198,0.7198,0,ar,مؤسسة الحيوان في لاس فيجاس ، نيفادا لديها حيوانات أليفة متاحة للتبني. تعرف على المزيد حول The Animal Foundation في لاس فيجاس ، نيفادا ، وابحث عن الحيوانات الأليفة المتاحة لديهم للتبني على Petfinder.
CASE_0247,997713,mixed,4,7269571,0.7193,0.7193,0,ar,الموقع: animalfoundation.com. تأسست The Animal Foundation في عام 2004 ، وهي منظمة متوسطة الحجم تعمل في صناعة متاجر البيع بالتجزئة المتنوعة وتقع في لاس فيجاس ، نيفادا. لديها 90 موظفًا بدوام كامل وتدر إيرادات سنوية تبلغ 12.8 مليون دولار.
CASE_0247,997713,mixed,5,2374478,0.7181,0.7181,0,ar,تدير Animal Foundation حرمًا جامعيًا مساحته 8 فدان في 655 N. Mojave Road في لاس فيجاس ، ويقع في مكان مناسب قبالة US-95 و Eastern. يضم موقع الحرم الجامعي حيوانات أليفة يمكن تبنيها ، وجميع الحيوانات المفقودة والمعثور عليها ، وعيادة التعقيم والتعقيم منخفضة التكلفة ، وعيادة اللقاحات منخفضة التكلفة ، وجم
CASE_0247,997713,mixed,6,7269565,0.6871,0.6871,0,ar,The Animal Foundation - استعراض 13 - لاس فيجاس ، نيفادا. قبل - حفظ الوظيفة - المزيد ...
CASE_0247,997713,mixed,7,7269566,0.6652,0.6652,0,ar,منذ 3 أيام - حفظ الوظيفة - المزيد ... 1 اعرض جميع وظائف The Animal Foundation في Las Vegas، NV - Las Vegas jobs. 2 البحث عن الراتب: رواتب مدير العمليات في لاس فيغاس ، نيفادا. 3 تعرف على المزيد حول العمل في The Animal Foundation. 4 المنتديات ذات الصلة: The Animal Foundation - Las Vegas، Nevada.
CASE_0247,997713,mixed,8,7269569,0.6643,0.6643,0,ar,اليوم ، تقوم The Animal Foundation بتشغيل وإدارة حرم جامعي بمساحة 8 فدان في لاس فيجاس يضم العديد من الخدمات ويوفر ملاذًا لأكثر من 45000 ضائع وغير مرغوب فيه ومهمل ومهجور كل عام.
CASE_0247,997713,mixed,9,7269570,0.659,0.659,0,ar,مؤسسة الحيوان في لاس فيغاس على YP.com. شاهد التعليقات والصور والاتجاهات وأرقام الهواتف والمزيد لأفضل ملاجئ الحيوانات في لاس فيجاس ، نيفادا. ابدأ البحث بكتابة اسم الشركة أدناه. ماذا تريد أن تجد؟
CASE_0247,997713,mixed,10,7860246,0.6443,0.6443,0,ar,حديقة حيوان لوس أنجلوس (رسميًا حديقة حيوان لوس أنجلوس والحدائق النباتية) هي حديقة حيوانات بمساحة 113 فدانًا (46 هكتارًا). خريطة حديقة الحيوان. تأسست عام 1966 وتقع في لوس أنجلوس ، كاليفورنيا. تمتلك مدينة لوس أنجلوس حديقة الحيوان بأكملها وأرضها ومرافقها والحيوانات.
CASE_0247,998093,endpoint,1,4260578,0.5099,0.5099,0,ar,جعلهم نطاطات في الحديقة لأن الأطفال يريدون الذهاب إلى ديزني لاند ومغامرة كاليفورنيا. #disney #disneyland #mickey #tickets #california #adventure # kids #family #mouse #fun #disneyworld #child by gotkush127 أبريل 29، 2013
CASE_0247,998093,endpoint,2,4287933,0.508,0.508,0,ar,تم تصوير Trailer Park Boys بشكل أساسي في نوفا سكوتيا وتم تصوير الموسم 1 إلى 4 في حديقة مقطورات حقيقية في Lower Sackville وتم تصويره من الموسم الخامس إلى السابع في حديقة مقطورات مزيفة صنعها المخرج ويقع بالقرب من بحيرة بيسيت نوفا سكوتيا كندا . تارا تانر. + 14 آخرين وجدوا هذا مفيدًا.
CASE_0247,998093,endpoint,3,2450075,0.496,0.496,0,ar,يجب على الأطفال الذين تقل أعمارهم عن عامين الجلوس في لفات أو في المقاعد. منتزه Disney's Animal Kingdom Theme Park في منتجع Walt Disney World Resort 0. Animal Kingdom Disney Theme Park هي واحدة من أكبر حدائق الحيوانات في العالم ، حيث تضم حيوانات حقيقية وألعاب ركوب وتجارب مثيرة للاختيار من بينها.
CASE_0247,998093,endpoint,4,660524,0.496,0.496,0,ar,حديقة المقطورات هي منطقة يتم فيها وضع المنازل المتنقلة للسكن. في الولايات المتحدة ، يتراوح حجم المقطورات من دمى أحادية المحور إلى 6 محاور ، وارتفاع 13 قدمًا و 6 بوصات (4115 ملم) وشبه مقطورات طويلة 53 قدمًا و 0 بوصة (16154 ملم) شائعة.
CASE_0247,998093,endpoint,5,4475358,0.4948,0.4948,0,ar,اتصل بالرقم 831-623-4881 للحصول على معلومات. الموقع-الاتجاهات تقع الحديقة في الشارع الثاني ، بين شارعي واشنطن وماريبوسا في مدينة سان خوان باوتيستا ، على بعد 3 أميال شرق الطريق السريع 101 ، و 7 أميال غرب هوليستر ، و 15 دقيقة جنوب جيلروي.
CASE_0247,998093,endpoint,6,2858428,0.4944,0.4944,0,ar,ذهبنا مع أولاد أحفادنا بعمر 3 و 5 سنوات وقضينا وقتًا رائعًا. كانت حديقة الحيوان مجرد الحجم المناسب لهم. لقد أحبوا عرض الحيوانات في الساعة 11:00 صباحًا وركوب الدوامة. حتى أنهم تمكنوا من لمس بعض الحيوانات بعد العرض.
CASE_0247,998093,endpoint,7,3385914,0.4943,0.4943,0,ar,حديقة مقطورة. اسم. تعريف حديقة المقطورات لمتعلمي اللغة الإنجليزية. : قطعة أرض كبيرة حيث يمكن إيقاف المقطورات (بمعنى 2 أ) وتوصيلها بالكهرباء والمياه.
CASE_0247,998093,endpoint,8,5041776,0.4942,0.4942,0,ar,"""الأطفال المفقودون """"الأطفال المفقودون"""" توجد منطقة الأطفال المفقودين عند زاوية شارع فرونت وأوك في ساحة تود. يقع في ساحة انتظار سيارات Centennial Bank. الشرطة موجودة في هذا الموقع لمساعدة الوالدين والأطفال. سيتم إحضار جميع الأطفال الذين تم العثور عليهم من قبل موظفي Toad Suck Daze إلى هذا الموقع."""
CASE_0247,998093,endpoint,9,2882872,0.4936,0.4936,0,ar,يقع مستشفى الأطفال المرضى ، المعروف أيضًا باسم SickKids ، في وسط مدينة تورونتو في 555 University Avenue ، بين شارعي Gerrard و Elm ، ويحتوي المستشفى على مدخلين رئيسيين - 555 University Avenue و 170 شارع إليزابيث (مبنى الأتريوم الأحدث خلف مبنى جامعة 555 الأقدم). تتوقف 505 دونداس و 506 كارلتون في شارع
CASE_0247,998093,endpoint,10,3749270,0.4897,0.4897,0,ar,مقالات ذات صلة. Sesame Place (sesameplace.com) في لانغورن بولاية بنسلفانيا ، هي الحديقة الترفيهية الوحيدة في أمريكا حيث يمكن للعائلات أن تتجول مع Honkers و Big Bird و Cookie Monster و Elmo. الحديقة التي تبلغ مساحتها 14 فدانًا تثير الحشود الصغيرة وحشود الأطفال الصغار بمناطق الجذب بما في ذلك قلعة The
CASE_0247,998093,mixed,1,4287933,0.6427,0.6427,0,ar,تم تصوير Trailer Park Boys بشكل أساسي في نوفا سكوتيا وتم تصوير الموسم 1 إلى 4 في حديقة مقطورات حقيقية في Lower Sackville وتم تصويره من الموسم الخامس إلى السابع في حديقة مقطورات مزيفة صنعها المخرج ويقع بالقرب من بحيرة بيسيت نوفا سكوتيا كندا . تارا تانر. + 14 آخرين وجدوا هذا مفيدًا.
CASE_0247,998093,mixed,2,4364332,0.6254,0.6254,0,ar,Trailer Park Boys هي الكوميديا ​​الكندية الأسطورية التي تدور حول مغامرات السكان الذين يعيشون في Sunnyvale Trailer Park. احصل على Rum and Coke ، ولف مفصلًا من ستة أوراق ، وشاهد حلقات الويب الحصرية لـ SwearNet ولقطات من وراء الكواليس! مقطورة بارك بويز بودكاست انضم إلى ريكي وجوليان وبابلز في أكثر بودكا
CASE_0247,998093,mixed,3,7841677,0.6003,0.6003,1,ar,Trailer Park Boys هي الكوميديا ​​الكندية الأسطورية التي تدور حول مغامرات السكان الذين يعيشون في Sunnyvale Trailer Park. احصل على Rum and Coke ، ولف مفصلًا من ستة أوراق ، وشاهد حلقات الويب الحصرية لـ SwearNet ولقطات من وراء الكواليس!
CASE_0247,998093,mixed,4,7841672,0.5945,0.5945,0,ar,مقطورة بارك بويز بودكاست انضم إلى ريكي وجوليان وبابلز في أكثر بودكاست كوميدي شنيع على الأنابيب العالمية! الموسم 11: On Set احصل على وصول حصري إلى حديقة المقطورات الأكثر شهرة في العالم ، واكتشف ما يدور وراء كواليس Trailer Park Boys Season 11! الموسم 10: On Set احصل على وصول حصري إلى Sunnyvale Trailer
CASE_0247,998093,mixed,5,4671270,0.5697,0.5697,0,ar,مقطورة بارك بويز: الفيلم. Trailer Park Boys: The Movie ، المعروف أيضًا باسم Trailer Park Boys: The Big Dirty و Trailer Park Boys ببساطة ، هو فيلم كوميدي كوميدي كوميدي مظلمة لعام 2006 يستند إلى المسلسل التلفزيوني Trailer Park Boys.
CASE_0247,998093,mixed,6,4364328,0.5585,0.5585,0,ar,مقطورة بارك بويز حقيقية للغاية ، توضح الاعتقالات الأخيرة. لم يبدأ الموسم الجديد من Trailer Park Boys بعد ، ولكن يبدو أن Ricky و Julian و Bubbles لا يزالون يقدمون الكثير من الإلهام لبعض سكان Maritimes. ألقت شرطة الخيالة الملكية الكندية القبض على رجلين ليلة الأحد بالقرب من هاليفاكس بعد أن أوقفتا سيارة
CASE_0247,998093,mixed,7,4287936,0.5539,0.5539,0,ar,احصل على وصول حصري إلى Sunnyvale Trailer Park مع بدء التصوير في Trailer Park Boys Season 10! اللحاق بالأولاد في مجموعة مقطورة بارك بويز الموسم 10! فقاعات يعطينا جولة في كوخه ويلتقي بمخرج هوليوود مشهور جدا ... اللعنة المقدسة !!
CASE_0247,998093,mixed,8,7841676,0.5529,0.5529,0,ar,Trailer Park Boys 7.5 انضم إلى Ricky و Julian و Bubbles لخوض مغامرة مثيرة خارج Sunnyvale Trailer Park! الموسم 9: On Set Go وراء كواليس Trailer Park Boys الموسم التاسع ¢ لا تنتهي بعد أن الكاميرات تتوقف عن الدوران!
CASE_0247,998093,mixed,9,4287939,0.5517,0.5517,0,ar,منظور العالم الحقيقي. منذ البداية ، كان طاقم الفيلم نقطة مركزية في عالم Trailer Park Boys. على الرغم من عدم رؤيتهم أو سماعهم معظم الوقت ، إلا أن وجودهم هو الرابط الذي يربط فكرة العرض معًا ، منذ فيلم مايك كلاتنبرغ المستقل ، مقطورة بارك بويز. عندما تم عرض المسلسل التلفزيوني لأول مرة في Showcase في عام
CASE_0247,998093,mixed,10,8705721,0.5497,0.5497,0,ar,مقطورة بارك بويز هي سلسلة تدور حول الحب والأصدقاء والعائلة - أو ربما تدور حول كل ما يمكن أن يحدث بشكل خاطئ مع الحب والأصدقاء والعائلة. في مركز ترايلر بارك بويز يوجد ريكي (روب ويلز) وجوليان (جون بول تريمبلاي) ، وهما شابان تشكلت حياتهما من خلال تجاربهما التي نشأت في حديقة ترايلرز.
CASE_0247,998641,endpoint,1,2920168,0.5433,0.5433,0,ar,لونغ جون سيلفر. Long John Silver's هو مطعم يقع في South Bend ، إنديانا في 920 East Ireland Road. يقدم هذا المطعم البلطي المشوي ، والروبيان بالثوم ، ولغس لوبستر لانجوستينو والمزيد ، وسلطة الكرنب ، و 3 تندرز دجاج وأكثر ، وأعواد الخبز ، وخضروات متنوعة.
CASE_0247,998641,endpoint,2,7267615,0.5192,0.5192,0,ar,لونج جون سيلفر جولدسبورو - ساعات والمواقع. جميع المتاجر> مواقع وساعات Long John Silver's> مواقع وساعات عمل في Goldsboro NC في Long John Silver's وساعات عمل ورقم هاتف وخريطة واتجاهات القيادة.
CASE_0247,998641,endpoint,3,7267611,0.5029,0.5029,1,ar,يقع Long John Silver في مكان قريب في 214 N Berkeley Blvd ، Goldsboro ، NC: احصل على قائمة المطعم والمواقع والساعات وأرقام الهواتف واتجاهات القيادة والمزيد. المنزل جميع القوائم
CASE_0247,998641,endpoint,4,4168148,0.4921,0.4921,0,ar,التقليد يقول أن اللقب الفضي المدرج على قبر في مقبرة كالتون ، إدنبرة ، اقترح على روبرت لويس ستيفنسون اسم لونغ جون سيلفر في الكتاب الشهير جزيرة الكنز.
CASE_0247,998641,endpoint,5,6748125,0.4826,0.4826,0,ar,يقول التقليد أن اللقب الفضي المدرج على قبر في مقبرة كالتون ، إدنبرة ، اقترح على روبرت لويس ستيفنسون اسم لونج جون سيلفر في كتاب Treasure Island الشهير. تشمل الأمثلة الأولى لتسجيلات اللقب: Radolfus Silberer of Oberschwaben ، ألمانيا ، في عام 1249 ، بينما تم تسجيل كل من توماس أتى سيلور وتوماس ديل سيلفر
CASE_0247,998641,endpoint,6,5367169,0.4825,0.4825,0,ar,ولد JOHN5 YOUNG (ANDREW LAMONT4 ، JOHN3 LAMONT ، SIR ، GILBERT2 ، JOHN أو MCGORRIE1) WFT Est. 1665-1676 في مقاطعة أنتريم ، أيرلندا ، وتوفي عام 1747 في مقاطعة أوغوستا ، فيرجينيا. تزوج من مؤسسة ANNIE HOUSTON WFT. 1692-1695 في مقاطعة أنتريم ، أيرلندا.
CASE_0247,998641,endpoint,7,7267619,0.4755,0.4755,0,ar,احصل على تعليقات وساعات واتجاهات وكوبونات والمزيد لـ Long John Silver's في 214 N Berkeley Blvd ، Goldsboro ، NC. ابحث عن مطاعم الوجبات السريعة الأخرى في Goldsboro على YP.com. ابدأ البحث بكتابة اسم الشركة أدناه.
CASE_0247,998641,endpoint,8,7547402,0.475,0.475,0,ar,يقع Longmont في مقاطعة بولدر. مقارنة بالمدن الأخرى في المقاطعة ، يوجد في Longmont أكبر عدد من الأشخاص الذين يعيشون ويعملون في المدينة. ولد رائد الفضاء فانس براند في لونجمونت وتخرج من مدرسة لونجمونت الثانوية. سمي مطار بلدية لونغمونت فانس براند باسمه. يقع أول متجر يحمل اسم JCPenney في Longmont. بعثة ا
CASE_0247,998641,endpoint,9,1545212,0.4733,0.4733,0,ar,أسعار Long John SilverÃÂ. لونج جون سيلفر (المعروف أيضًا باسم LJS) هو أحد مطاعم المأكولات البحرية السريعة التي يقع مقرها في الولايات المتحدة. يوجد أكثر من 1200 مطعم في لونج جون سيلفر حول العالم.
CASE_0247,998641,endpoint,10,1545214,0.4713,0.4713,0,ar,أسعار Long John SilverÃÂ. لونج جون سيلفر (المعروف أيضًا باسم LJS) هو أحد مطاعم المأكولات البحرية السريعة التي يقع مقرها في الولايات المتحدة.
CASE_0247,998641,mixed,1,7267611,0.6843,0.6843,1,ar,يقع Long John Silver في مكان قريب في 214 N Berkeley Blvd ، Goldsboro ، NC: احصل على قائمة المطعم والمواقع والساعات وأرقام الهواتف واتجاهات القيادة والمزيد. المنزل جميع القوائم
CASE_0247,998641,mixed,2,7267615,0.6597,0.6597,0,ar,لونج جون سيلفر جولدسبورو - ساعات والمواقع. جميع المتاجر> مواقع وساعات Long John Silver's> مواقع وساعات عمل في Goldsboro NC في Long John Silver's وساعات عمل ورقم هاتف وخريطة واتجاهات القيادة.
CASE_0247,998641,mixed,3,7267619,0.6541,0.6541,0,ar,احصل على تعليقات وساعات واتجاهات وكوبونات والمزيد لـ Long John Silver's في 214 N Berkeley Blvd ، Goldsboro ، NC. ابحث عن مطاعم الوجبات السريعة الأخرى في Goldsboro على YP.com. ابدأ البحث بكتابة اسم الشركة أدناه.
CASE_0247,998641,mixed,4,2920168,0.6298,0.6298,0,ar,لونغ جون سيلفر. Long John Silver's هو مطعم يقع في South Bend ، إنديانا في 920 East Ireland Road. يقدم هذا المطعم البلطي المشوي ، والروبيان بالثوم ، ولغس لوبستر لانجوستينو والمزيد ، وسلطة الكرنب ، و 3 تندرز دجاج وأكثر ، وأعواد الخبز ، وخضروات متنوعة.
CASE_0247,998641,mixed,5,7267618,0.6123,0.6123,0,ar,Long John Silver's ، 214 North Berkeley Blvd. ، Goldsboro ، North Carolina مواقع وساعات من العمل. أوقات الفتح والإغلاق للمحلات القريبة. العنوان ورقم الهاتف والاتجاهات والمزيد.
CASE_0247,998641,mixed,6,7267613,0.5889,0.5889,0,ar,Long John Silver's في ولاية كارولينا الشمالية - المواقع والساعات.
CASE_0247,998641,mixed,7,7809728,0.5739,0.5739,0,ar,يتضمن خيار 2 طبق جانبي و 2 Hushpuppies. تأسست Long John Silveràفي عام 1969 في ليكسينغتون ، كنتاكي. حاليا ، يقع مقرها الرئيسي في لويزفيل ، كنتاكي. تم استعارة اسم Long John Silveràمن رواية Treasure Island ، حيث الشخصية الرئيسية هي قرصان يُدعى Long John Silver. أسعار Long John Silveràهي صفقة جيدة جدًا
CASE_0247,998641,mixed,8,1545214,0.5683,0.5683,0,ar,أسعار Long John SilverÃÂ. لونج جون سيلفر (المعروف أيضًا باسم LJS) هو أحد مطاعم المأكولات البحرية السريعة التي يقع مقرها في الولايات المتحدة.
CASE_0247,998641,mixed,9,1545212,0.5644,0.5644,0,ar,أسعار Long John SilverÃÂ. لونج جون سيلفر (المعروف أيضًا باسم LJS) هو أحد مطاعم المأكولات البحرية السريعة التي يقع مقرها في الولايات المتحدة. يوجد أكثر من 1200 مطعم في لونج جون سيلفر حول العالم.
CASE_0247,998641,mixed,10,1545219,0.5555,0.5555,0,ar,أريد أن أرى أسعار الأشياء التي تبيعها Long John Silver.
CASE_0247,1017830,endpoint,1,1930589,0.7703,0.7703,0,ar,الزمان: من الأفضل أن تزرع برمودا في أواخر الربيع / أوائل الصيف. لا تزرع التربة حتى تصل درجة حرارة التربة إلى 65/70 درجة أو أعلى في الربيع وتنتهي جميع مخاطر التجمد / الصقيع. إذا زرعت في وقت مبكر جدًا ، فأنت تخاطر بقتل البذور أو عدم إنباتها.
CASE_0247,1017830,endpoint,2,4695670,0.7548,0.7548,0,ar,زراعة عشب البرمودا متى تزرع: عشب برمودا هو عشب عشبي دافئ للموسم. قم بزراعة بذور عشب برمودا في فصلي الربيع والصيف عندما تكون درجات حرارة التربة أعلى من 65 درجة فهرنهايت (18 درجة مئوية) ، قم بزراعة 2 إلى 3 أرطال من بذور عشب برمودا (البذور المغلفة) لكل 1000 قدم مربع ( 1 كجم / 100 متر مربع) لتطبيقات الع
CASE_0247,1017830,endpoint,3,6275127,0.7402,0.7402,0,ar,زراعة عشب البرمودا متى تزرع: عشب برمودا هو عشب عشبي دافئ للموسم. ازرع بذور عشب برمودا في فصلي الربيع والصيف عندما تكون درجات حرارة التربة أعلى من 65 درجة فهرنهايت (18 درجة مئوية) معدل البذر لتطبيقات العشب الجديد: ازرع 2 إلى 3 أرطال من بذور عشب برمودا (البذور المغلفة ) لكل 1000 قدم مربع (1 كجم / 100
CASE_0247,1017830,endpoint,4,1821341,0.7331,0.7331,0,ar,قد لا تتحول بذور برمودا المتوفرة عادة إلى نسيج ناعم مثل بعض الأحمق المتوفرة. يمكن وضع نبتة برمودا في أي وقت ، ولكن شهر مايو هو أفضل شهر لغصن أو سد أو نبتة عشب برمودا. هناك العديد من أنواع عشب برمودا. جاءت برمودا المشتركة إلى أمريكا في منتصف عام 1700 من شرق إفريقيا.
CASE_0247,1017830,endpoint,5,5947254,0.732,0.732,0,ar,متى تزرع: عشب برمودا هو عشب عشبي دافئ. ازرع بذور عشب برمودا في فصلي الربيع والصيف. عندما تكون درجات حرارة التربة أعلى من 65 درجة فهرنهايت (18 درجة مئوية). درجة حرارة التربة المثلى للإنبات والجذر. يتراوح نمو عشب برمودا من 75 إلى 80 درجة فهرنهايت (24 إلى 27 درجة مئوية) - درجات الحرارة المرتفعة لا بأس
CASE_0247,1017830,endpoint,6,6320985,0.7319,0.7319,0,ar,الأفضل التالي هو التوصيل أو التدوير ، والأخير ، بالنسبة لأولئك الذين لديهم الكثير من الصبر ، البذر. قد لا تتحول بذور برمودا المتوفرة عادة إلى نسيج ناعم مثل بعض الأحمق المتوفرة. يمكن وضع نبتة برمودا في أي وقت ، ولكن شهر مايو هو أفضل شهر لغصن أو سد أو نبتة عشب برمودا. هناك العديد من أنواع عشب برمودا.
CASE_0247,1017830,endpoint,7,4695673,0.7252,0.7252,0,ar,أفضل وقت لزراعة بذور Bermuda Grass Seed هو في أواخر الربيع / أوائل الصيف بعد أن تكون درجة حرارة التربة 65-70 درجة أو أعلى وكل خطر التجمد أو الصقيع قد مضى. 55 & # 176 فهرنهايت لعدة أسابيع. ضع ذلك في الاعتبار عند اتخاذ قرار بشأن وقت غصن أو توصيل أو نقع العشب الدافئ مثل برمودا.
CASE_0247,1017830,endpoint,8,6270567,0.7243,0.7243,0,ar,زراعة عشب البرمودا متى تزرع: عشب برمودا هو عشب عشبي دافئ للموسم. قم بزراعة بذور عشب برمودا في فصلي الربيع والصيف عندما تكون درجات حرارة التربة أعلى من 65 درجة فهرنهايت (18 درجة مئوية) درجة حرارة التربة المثلى للإنبات والجذر. يتراوح نمو عشب برمودا من 75 إلى 80 درجة فهرنهايت (24 درجة إلى 27 درجة مئوية
CASE_0247,1017830,endpoint,9,3658855,0.722,0.722,0,ar,قد لا تتحول بذور برمودا المتوفرة عادة إلى نسيج ناعم مثل بعض الأحمق المتوفرة. يمكن وضع نبتة برمودا في أي وقت ، ولكن شهر مايو هو أفضل شهر لغصن أو سد أو نبتة عشب برمودا. هناك العديد من أنواع عشب برمودا. جاءت برمودا المشتركة إلى أمريكا في منتصف عام 1700 من شرق إفريقيا. منذ ذلك الحين ، تم إنتاج الكثير من
CASE_0247,1017830,endpoint,10,1263642,0.7204,0.7204,0,ar,برمودا هو عشب دافئ الموسم ولا ينبغي عمومًا زراعته في أواخر الخريف. يحب الطقس الحار وينمو بشكل أفضل عندما تكون درجات الحرارة 90-100 درجة. وبالتالي ، فإن الطقس الحار / أشهر الصيف ممتازة للإنبات السريع لبذور برمودا ، بشرط توفر كمية كافية من الماء للحفاظ على رطوبة التربة.
CASE_0247,1017830,mixed,1,4695673,0.7782,0.7782,0,ar,أفضل وقت لزراعة بذور Bermuda Grass Seed هو في أواخر الربيع / أوائل الصيف بعد أن تكون درجة حرارة التربة 65-70 درجة أو أعلى وكل خطر التجمد أو الصقيع قد مضى. 55 & # 176 فهرنهايت لعدة أسابيع. ضع ذلك في الاعتبار عند اتخاذ قرار بشأن وقت غصن أو توصيل أو نقع العشب الدافئ مثل برمودا.
CASE_0247,1017830,mixed,2,2285392,0.7526,0.7526,0,ar,أفضل وقت ودرجة حرارة لزراعة عشب برمودا. أفضل وقت لزراعة Bermuda Grass Seed هو في أواخر الربيع / أوائل الصيف بعد أن تكون درجات حرارة التربة 65-70 درجة أو أعلى وكل مخاطر التجمد أو الصقيع قد تجاوزت.
CASE_0247,1017830,mixed,3,3531750,0.7495,0.7495,0,ar,أفضل وقت لزراعة Bermuda Grass Seed هو في أواخر الربيع / أوائل الصيف بعد أن تكون درجات حرارة التربة 65-70 درجة أو أعلى وكل مخاطر التجمد أو الصقيع قد تجاوزت.
CASE_0247,1017830,mixed,4,1263638,0.7461,0.7461,1,ar,أفضل وقت ودرجة حرارة لزراعة عشب برمودا. أفضل وقت لزراعة Bermuda Grass Seed هو في أواخر الربيع / أوائل الصيف بعد أن تكون درجات حرارة التربة 65-70 درجة أو أعلى وكل مخاطر التجمد أو الصقيع قد تجاوزت. يستغرق هذا عمومًا 80 درجة مئوية من درجات الحرارة اليومية المتسقة لتحقيق هذا المستوى من درجة الحرارة في ا
CASE_0247,1017830,mixed,5,1930589,0.7448,0.7448,0,ar,الزمان: من الأفضل أن تزرع برمودا في أواخر الربيع / أوائل الصيف. لا تزرع التربة حتى تصل درجة حرارة التربة إلى 65/70 درجة أو أعلى في الربيع وتنتهي جميع مخاطر التجمد / الصقيع. إذا زرعت في وقت مبكر جدًا ، فأنت تخاطر بقتل البذور أو عدم إنباتها.
CASE_0247,1017830,mixed,6,3588398,0.7381,0.7381,0,ar,أفضل وقت لزراعة Bermuda Grass Seed هو في أواخر الربيع / أوائل الصيف بعد أن تكون درجة حرارة التربة 65-70 درجة أو أعلى وكل مخاطر التجمد أو الصقيع قد انقضت. أفضل وقت لزراعة Bermuda Grass Seed هو في أواخر الربيع / أوائل الصيف بعد درجات حرارة التربة 65-70 + درجة أو أعلى وجميع مخاطر التجمد أو الصقيع قد مض
CASE_0247,1017830,mixed,7,4286326,0.7223,0.7223,0,ar,التحضير لزراعة عشب برمودا. Bermudagrass هو عشب عشبي دافئ للموسم ويفضل زراعته في الربيع إلى أواخر الربيع أو أوائل الصيف. قم بزراعة بذور Bermudagrass عندما تكون درجات حرارة التربة أعلى من 65 درجة فهرنهايت (18 درجة مئوية) - يتم الوصول إلى درجة حرارة التربة هذه عندما تكون درجات حرارة الهواء في النهار 80
CASE_0247,1017830,mixed,8,3531749,0.7156,0.7156,0,ar,التحضير لزراعة عشب برمودا. Bermudagrass هو عشب عشبي دافئ للموسم ويفضل زراعته في الربيع إلى أواخر الربيع أو أوائل الصيف. قم بزراعة بذور Bermudagrass عندما تكون درجات حرارة التربة أعلى من 65 درجة فهرنهايت (18 درجة مئوية) - يتم الوصول إلى درجة حرارة التربة هذه عندما تكون درجات حرارة الهواء في النهار 80
CASE_0247,1017830,mixed,9,4695670,0.7143,0.7143,0,ar,زراعة عشب البرمودا متى تزرع: عشب برمودا هو عشب عشبي دافئ للموسم. قم بزراعة بذور عشب برمودا في فصلي الربيع والصيف عندما تكون درجات حرارة التربة أعلى من 65 درجة فهرنهايت (18 درجة مئوية) ، قم بزراعة 2 إلى 3 أرطال من بذور عشب برمودا (البذور المغلفة) لكل 1000 قدم مربع ( 1 كجم / 100 متر مربع) لتطبيقات الع
CASE_0247,1017830,mixed,10,6275127,0.7092,0.7092,0,ar,زراعة عشب البرمودا متى تزرع: عشب برمودا هو عشب عشبي دافئ للموسم. ازرع بذور عشب برمودا في فصلي الربيع والصيف عندما تكون درجات حرارة التربة أعلى من 65 درجة فهرنهايت (18 درجة مئوية) معدل البذر لتطبيقات العشب الجديد: ازرع 2 إلى 3 أرطال من بذور عشب برمودا (البذور المغلفة ) لكل 1000 قدم مربع (1 كجم / 100
CASE_0247,1035078,endpoint,1,7209822,0.6434,0.6434,0,ar,الأعداد الذرية للذهب والتنغستن هي 79 و 74 على التوالي. لذا يحتوي الذهب على عدد أكبر من البروتونات.
CASE_0247,1035078,endpoint,2,1993434,0.6372,0.6372,0,ar,ما هي أعداد البروتونات والنيوترونات والإلكترونات في نظير تيتانيوم بكتلة خمسين؟
CASE_0247,1035078,endpoint,3,8379450,0.6143,0.6143,0,ar,المغنيسيوم عدد البروتونات في عنصر هو دائمًا نفس العدد الذري ، وهو 12 في هذه الحالة. في الذرة المحايدة (بدون شحنة) ، عدد الإلكترونات يساوي عدد البروتونات ، لذلك سيكون 12 إلكترونًا أيضًا. ومع ذلك ، فإن عدد النيوترونات سوف يختلف اعتمادًا على النظير (ذرات من نفس العنصر بأعداد مختلفة من النيوترونات).
CASE_0247,1035078,endpoint,4,7209821,0.5969,0.5969,0,ar,تحتوي ذرة التنجستن (w) على 74 بروتونًا. الكتلة الذرية للتنغستن هي 183.84. كم عدد النيوترونات الموجودة في ذرة التنجستن؟ قرب إجابتك إلى - 6310727 1
CASE_0247,1035078,endpoint,5,967002,0.5968,0.5968,0,ar,المغنيسيوم. دائمًا ما يكون عدد البروتونات في عنصر ما هو نفسه العدد الذري ، وهو 12 في هذه الحالة. في الذرة المحايدة (بدون شحنة) ، عدد الإلكترونات يساوي عدد البروتونات ، لذلك سيكون 12 إلكترونًا أيضًا. ومع ذلك ، فإن عدد النيوترونات سوف يختلف اعتمادًا على النظير (ذرات من نفس العنصر بأعداد مختلفة من الني
CASE_0247,1035078,endpoint,6,8406748,0.5935,0.5935,0,ar,- عدد البروتونات = عدد الإلكترونات - يحتوي زينون على عدد ذري ​​54 ، مما يعني أنه يحتوي على 54 بروتونًا - عدد البروتونات = 54 - عدد البروتونات = عدد الإلكترونات - يحتوي زينون على 54 إلكترونًا (-)
CASE_0247,1035078,endpoint,7,8016563,0.5925,0.5925,0,ar,ذرة البورون غير المشحونة لها العدد الذري 5 والكتلة الذرية 11. ما هو عدد البروتونات التي يمتلكها البورون؟
CASE_0247,1035078,endpoint,8,336453,0.5882,0.5882,0,ar,المغنيسيوم عدد البروتونات في عنصر هو دائمًا نفس العدد الذري ، وهو 12 في هذه الحالة. في ذرة محايدة (بدون شحنة) ، عدد الإلكترونات يساوي ࢠعدد البروتونات ، لذلك سيكون 12 إلكترونًا أيضًا.
CASE_0247,1035078,endpoint,9,7373145,0.5845,0.5845,0,ar,عدد البروتونات والإلكترونات (في ذرة محايدة) يساوي العدد الذري للذرة. على سبيل المثال في أ ، عدد البروتونات والإلكترونات في المغنيسيوم هو 12 ، ولإيجاد النيوترونات ، عليك أخذ الكتلة الذرية للذرة وطرح عدد البروتونات ، وبالنسبة للمغنيسيوم ، يمكنك طرح 12 من 25 لإيجاد عدد النيوترونات ، والتي في هذه الحالة
CASE_0247,1035078,endpoint,10,336449,0.5822,0.5822,0,ar,بغض النظر عن عدد الإلكترونات أو النيوترونات الموجودة في الذرة ، يتم تحديد العنصر من خلال عدد البروتونات. يتم ترتيب الجدول الدوري بترتيب زيادة العدد الذري ، وبالتالي فإن عدد البروتونات هو رقم العنصر. بالنسبة للهيدروجين ، عدد البروتونات هو 1. بالنسبة للزنك ، فإن عدد البروتونات هو 30.
CASE_0247,1035078,mixed,1,1993434,0.6749,0.6749,0,ar,ما هي أعداد البروتونات والنيوترونات والإلكترونات في نظير تيتانيوم بكتلة خمسين؟
CASE_0247,1035078,mixed,2,7209822,0.6517,0.6517,0,ar,الأعداد الذرية للذهب والتنغستن هي 79 و 74 على التوالي. لذا يحتوي الذهب على عدد أكبر من البروتونات.
CASE_0247,1035078,mixed,3,7209821,0.6203,0.6203,0,ar,تحتوي ذرة التنجستن (w) على 74 بروتونًا. الكتلة الذرية للتنغستن هي 183.84. كم عدد النيوترونات الموجودة في ذرة التنجستن؟ قرب إجابتك إلى - 6310727 1
CASE_0247,1035078,mixed,4,7209824,0.6181,0.6181,1,ar,التنجستن: الرمز: W: العدد الذري: 74: الكتلة الذرية: 183.84 وحدة الكتلة الذرية: عدد البروتونات: 74: عدد النيوترونات: 110: عدد الإلكترونات: 74: نقطة الانصهار: 3410.0 درجة مئوية: نقطة الغليان: 5660.0 درجة مئوية: الكثافة: 19.3 جرامًا لكل سنتيمتر: عادي المرحلة: صلب: عائلة: معادن انتقالية: الفترة: 6: التك
CASE_0247,1035078,mixed,5,8379450,0.6152,0.6152,0,ar,المغنيسيوم عدد البروتونات في عنصر هو دائمًا نفس العدد الذري ، وهو 12 في هذه الحالة. في الذرة المحايدة (بدون شحنة) ، عدد الإلكترونات يساوي عدد البروتونات ، لذلك سيكون 12 إلكترونًا أيضًا. ومع ذلك ، فإن عدد النيوترونات سوف يختلف اعتمادًا على النظير (ذرات من نفس العنصر بأعداد مختلفة من النيوترونات).
CASE_0247,1035078,mixed,6,2124360,0.6037,0.6037,0,ar,التنغستن معدن أبيض لامع ، وفي أنقى صوره ، مرن للغاية ويمكن معالجته بسهولة. عادة ، ومع ذلك ، فإنه يحتوي على تركيزات صغيرة من الكربون والأكسجين ، والتي تعطي معدن التنغستن صلابته وهشاشته. رمزه الكيميائي هو W. Tungsten لديه أعلى نقطة انصهار لجميع المعادن (3422 درجة مئوية ± 15 درجة مئوية). عند درجة الحرا
CASE_0247,1035078,mixed,7,8406748,0.6014,0.6014,0,ar,- عدد البروتونات = عدد الإلكترونات - يحتوي زينون على عدد ذري ​​54 ، مما يعني أنه يحتوي على 54 بروتونًا - عدد البروتونات = 54 - عدد البروتونات = عدد الإلكترونات - يحتوي زينون على 54 إلكترونًا (-)
CASE_0247,1035078,mixed,8,967002,0.6012,0.6012,0,ar,المغنيسيوم. دائمًا ما يكون عدد البروتونات في عنصر ما هو نفسه العدد الذري ، وهو 12 في هذه الحالة. في الذرة المحايدة (بدون شحنة) ، عدد الإلكترونات يساوي عدد البروتونات ، لذلك سيكون 12 إلكترونًا أيضًا. ومع ذلك ، فإن عدد النيوترونات سوف يختلف اعتمادًا على النظير (ذرات من نفس العنصر بأعداد مختلفة من الني
CASE_0247,1035078,mixed,9,480433,0.6008,0.6008,0,ar,التنغستن ، المعروف أيضًا باسم ولفرام ، هو عنصر كيميائي برمز W والرقم الذري 74. يأتي اسم التنغستن من الاسم السويدي السابق للتنغستات المعدني scheelite ، من حجر تونغ ستين الثقيل. اسمها باللغة السويدية هو volfram ، وذلك لتمييزها عن السكيليت.
CASE_0247,1035078,mixed,10,480432,0.6008,0.6008,0,ar,التنغستن ، المعروف أيضًا باسم ولفرام ، هو عنصر كيميائي برمز W والرقم الذري 74. يأتي اسم التنغستن من الاسم السويدي السابق للتنغستات المعدني scheelite ، من حجر تونغ ستين الثقيل. اسمها باللغة السويدية هو volfram ، وذلك لتمييزها عن السكيليت.
CASE_0247,1059045,endpoint,1,4489799,0.5187,0.5187,0,ar,أين تقع الكاميرون؟ الكاميرون بلد متوسط ​​عدد السكان ويقع في القارة / المنطقة من أفريقيا. تشمل البلدان القريبة من الكاميرون نيجيريا وغينيا الاستوائية والجابون والكونغو. تشمل أكبر مدنها وبلداتها دوالا وياوندي وغاروا وكوسري.
CASE_0247,1059045,endpoint,2,474979,0.5171,0.5171,0,ar,الكاميرون (/ kÃÆ'mÃ⠰ Ã'â € à ruÃ⠀ ¹Ã n / ؛ الفرنسية: الكاميرون) ، رسميًا جمهورية الكاميرون (بالفرنسية: RÃƒÆ 'Ã' © publique du Cameroun) ، هي دولة تقع في غرب إفريقيا. تحدها نيجيريا من الغرب. تشاد إلى الشمال الشرقي؛ جمهورية أفريقيا الوسطى من الشرق؛ وغينيا الاستوائية والجابون وجمهورية الكونغو من الجنوب
CASE_0247,1059045,endpoint,3,413810,0.5146,0.5146,0,ar,الكاميرون (/ kÃÆ'mÃ⠰ Ã'â € à ruÃ⠀ ¹Ã n / ؛ الفرنسية: الكاميرون) ، رسميًا جمهورية الكاميرون (بالفرنسية: RÃƒÆ 'Ã' © publique du Cameroun) ، هي دولة تقع في وسط إفريقيا. تحدها نيجيريا من الغرب. تشاد إلى الشمال الشرقي؛ جمهورية أفريقيا الوسطى من الشرق؛ وغينيا الاستوائية والجابون وجمهورية الكونغو من الجنوب
CASE_0247,1059045,endpoint,4,1475306,0.5113,0.5113,0,ar,الكاميرون بلد يقع في غرب وسط إفريقيا. تحدها نيجيريا من الغرب. تشاد إلى الشمال الشرقي ؛ جمهورية أفريقيا الوسطى من الشرق؛ وغينيا الاستوائية والجابون وجمهورية الكونغو من الجنوب.
CASE_0247,1059045,endpoint,5,4918692,0.511,0.511,0,ar,الكاميرون هي دولة تقع في وسط إفريقيا على خليج غينيا ، تحدها نيجيريا وتشاد وجمهورية إفريقيا الوسطى وجمهورية الكونغو وغينيا الاستوائية والجابون. إنه ما يقرب من ضعف حجم ولاية أوريغون. جبل الكاميرون (13،350 قدمًا ؛ 4069 م) ، بالقرب من الساحل ، هو أعلى ارتفاع في البلاد.
CASE_0247,1059045,endpoint,6,6701754,0.508,0.508,0,ar,الكاميرون (/ kÃÆ'mÃ⠰ Ã'â € à ruÃ⠀ ¹Ã n / ؛ الفرنسية: الكاميرون) ، رسميًا جمهورية الكاميرون (بالفرنسية: RÃƒÆ 'Ã' © publique du Cameroun) ، هي دولة تقع في وسط إفريقيا. تحدها نيجيريا من الغرب. تشاد إلى الشمال الشرقي؛ جمهورية أفريقيا الوسطى من الشرق؛ وغينيا الاستوائية والجابون وجمهورية الكونغو من الجنوب
CASE_0247,1059045,endpoint,7,1775548,0.5075,0.5075,0,ar,يساعد عملنا في منع إدراج موقع التراث العالمي للأمم المتحدة هذا كموقع تراث عالمي في خطر. تتمتع الكاميرون ، التي تعد أكبر بقليل من ولاية كاليفورنيا ، بظروف زراعية مواتية وموارد نفطية وفيرة ، مما يجعل ناتجها المحلي الإجمالي أحد أعلى 10 بلدان في إفريقيا جنوب الصحراء.
CASE_0247,1059045,endpoint,8,6804877,0.5074,0.5074,0,ar,نظرة عامة على البلد. الكاميرون من البلدان ذات الدخل المتوسط ​​الأدنى ويبلغ عدد سكانها 23.3 مليون نسمة. تقع في وسط إفريقيا ، وتشترك في الحدود مع نيجيريا وتشاد وجمهورية إفريقيا الوسطى وغينيا الاستوائية والجابون.
CASE_0247,1059045,endpoint,9,1775551,0.5061,0.5061,0,ar,تكرس الكاميرون موارد كبيرة للعديد من مشاريع البنية التحتية الكبيرة قيد الإنشاء ، بما في ذلك ميناء بحري عميق في كريبي ومشروع لوم بانغار للطاقة الكهرومائية. يواصل قطاع الطاقة في الكاميرون تنويعه ، حيث افتتح مؤخرًا محطة لتوليد الكهرباء تعمل بالغاز الطبيعي. لا يزال النفط يمثل سلعة التصدير الرئيسية في ال
CASE_0247,1059045,endpoint,10,7827758,0.5025,0.5025,0,ar,الكاميرون (/ kÃÆ'mÃ⠰ Ã'â € à ruÃ⠀ ¹Ã n / ؛ الفرنسية: الكاميرون) ، رسميًا جمهورية الكاميرون (بالفرنسية: RÃƒÆ 'Ã' © publique du Cameroun) ، هي دولة تقع في وسط إفريقيا. تحدها نيجيريا من الغرب. تشاد إلى الشمال الشرقي؛ جمهورية أفريقيا الوسطى من الشرق؛ وغينيا الاستوائية والغابون وجمهورية الكونغو من الجنوب
CASE_0247,1059045,mixed,1,1775551,0.5871,0.5871,0,ar,تكرس الكاميرون موارد كبيرة للعديد من مشاريع البنية التحتية الكبيرة قيد الإنشاء ، بما في ذلك ميناء بحري عميق في كريبي ومشروع لوم بانغار للطاقة الكهرومائية. يواصل قطاع الطاقة في الكاميرون تنويعه ، حيث افتتح مؤخرًا محطة لتوليد الكهرباء تعمل بالغاز الطبيعي. لا يزال النفط يمثل سلعة التصدير الرئيسية في ال
CASE_0247,1059045,mixed,2,1775548,0.5827,0.5827,0,ar,يساعد عملنا في منع إدراج موقع التراث العالمي للأمم المتحدة هذا كموقع تراث عالمي في خطر. تتمتع الكاميرون ، التي تعد أكبر بقليل من ولاية كاليفورنيا ، بظروف زراعية مواتية وموارد نفطية وفيرة ، مما يجعل ناتجها المحلي الإجمالي أحد أعلى 10 بلدان في إفريقيا جنوب الصحراء.
CASE_0247,1059045,mixed,3,6804877,0.5582,0.5582,0,ar,نظرة عامة على البلد. الكاميرون من البلدان ذات الدخل المتوسط ​​الأدنى ويبلغ عدد سكانها 23.3 مليون نسمة. تقع في وسط إفريقيا ، وتشترك في الحدود مع نيجيريا وتشاد وجمهورية إفريقيا الوسطى وغينيا الاستوائية والجابون.
CASE_0247,1059045,mixed,4,7170234,0.5519,0.5519,1,ar,يعد تلوث الهواء مشكلة بيئية كبيرة في الكاميرون. المصادر الرئيسية للتلوث هي المواد الكيميائية الصناعية وانبعاثات المركبات. تمتلك الكاميرون 273 كيلومترًا مكعبًا من موارد المياه المتجددة. يحصل حوالي 84٪ من سكان الحضر و 41٪ من سكان الريف على مياه شرب آمنة.
CASE_0247,1059045,mixed,5,413810,0.5439,0.5439,0,ar,الكاميرون (/ kÃÆ'mÃ⠰ Ã'â € à ruÃ⠀ ¹Ã n / ؛ الفرنسية: الكاميرون) ، رسميًا جمهورية الكاميرون (بالفرنسية: RÃƒÆ 'Ã' © publique du Cameroun) ، هي دولة تقع في وسط إفريقيا. تحدها نيجيريا من الغرب. تشاد إلى الشمال الشرقي؛ جمهورية أفريقيا الوسطى من الشرق؛ وغينيا الاستوائية والجابون وجمهورية الكونغو من الجنوب
CASE_0247,1059045,mixed,6,4489797,0.5414,0.5414,0,ar,تقع الكاميرون في وسط إفريقيا على الحدود مع نيجيريا وتشاد وجمهورية إفريقيا الوسطى وغينيا الاستوائية والجابون وجمهورية الكونغو. عاصمتها ياوندي. الخريطة الرقمية انقر هنا لشراء ملف الخرائط الرقمي (المتجه أو النقطي) أعلاه لاستخدامه في الطباعة أو الويب أو الإنترنت أو PowerPoint.
CASE_0247,1059045,mixed,7,474979,0.54,0.54,0,ar,الكاميرون (/ kÃÆ'mÃ⠰ Ã'â € à ruÃ⠀ ¹Ã n / ؛ الفرنسية: الكاميرون) ، رسميًا جمهورية الكاميرون (بالفرنسية: RÃƒÆ 'Ã' © publique du Cameroun) ، هي دولة تقع في غرب إفريقيا. تحدها نيجيريا من الغرب. تشاد إلى الشمال الشرقي؛ جمهورية أفريقيا الوسطى من الشرق؛ وغينيا الاستوائية والجابون وجمهورية الكونغو من الجنوب
CASE_0247,1059045,mixed,8,6701754,0.5392,0.5392,0,ar,الكاميرون (/ kÃÆ'mÃ⠰ Ã'â € à ruÃ⠀ ¹Ã n / ؛ الفرنسية: الكاميرون) ، رسميًا جمهورية الكاميرون (بالفرنسية: RÃƒÆ 'Ã' © publique du Cameroun) ، هي دولة تقع في وسط إفريقيا. تحدها نيجيريا من الغرب. تشاد إلى الشمال الشرقي؛ جمهورية أفريقيا الوسطى من الشرق؛ وغينيا الاستوائية والجابون وجمهورية الكونغو من الجنوب
CASE_0247,1059045,mixed,9,4918692,0.539,0.539,0,ar,الكاميرون هي دولة تقع في وسط إفريقيا على خليج غينيا ، تحدها نيجيريا وتشاد وجمهورية إفريقيا الوسطى وجمهورية الكونغو وغينيا الاستوائية والجابون. إنه ما يقرب من ضعف حجم ولاية أوريغون. جبل الكاميرون (13،350 قدمًا ؛ 4069 م) ، بالقرب من الساحل ، هو أعلى ارتفاع في البلاد.
CASE_0247,1059045,mixed,10,4489799,0.5371,0.5371,0,ar,أين تقع الكاميرون؟ الكاميرون بلد متوسط ​​عدد السكان ويقع في القارة / المنطقة من أفريقيا. تشمل البلدان القريبة من الكاميرون نيجيريا وغينيا الاستوائية والجابون والكونغو. تشمل أكبر مدنها وبلداتها دوالا وياوندي وغاروا وكوسري.
CASE_0247,288702,endpoint,1,2989529,0.669,0.669,0,ar,تبلغ المسافة بين دستين وشاطئ بنما سيتي في خط مستقيم 38 ميلاً أو 61.14 كيلومترًا.
CASE_0247,288702,endpoint,2,2919041,0.5625,0.5625,0,ar,المسافة بين شاطئ دايتونا وشاطئ سانت أوغسطين في خط مستقيم هي 50 ميلاً أو 80.45 كيلومترًا. 1 اتجاهات القيادة وأوقات القيادة من Daytona Beach إلى St Augustine Beach يمكن العثور عليها في أسفل الصفحة. يتم توفير مسافات القيادة والخرائط وأوقات الرحلات حاليًا بواسطة أنظمة خرائط Google.
CASE_0247,288702,endpoint,3,2940973,0.5597,0.5597,0,ar,من شاطئ البحر إلى شاطئ كانون - 9 أميال من شاطئ البحر إلى مانزانيتا - 27 ميلاً من البحر إلى تيلاموك - 49 ميلاً من شاطئ البحر إلى نيوبورت - 128 ميلاً من البحر إلى ساحل واشنطن (أستوريا) - 17 ميلاً من شاطئ البحر إلى لينكولن سيتي - 103 ميلاً من شاطئ البحر إلى ياتشاتس - 161 ميلاً.
CASE_0247,288702,endpoint,4,4437830,0.5581,0.5581,0,ar,المسافة بين Mobile و Defuniak Springs في خط مستقيم هي 119 ميلاً أو 191.47 كيلومترًا. 1 يمكن العثور على اتجاهات القيادة وأوقات القيادة من الهاتف المحمول إلى Defuniak Springs في أسفل الصفحة. يتم توفير مسافات القيادة والخرائط وأوقات الرحلات حاليًا بواسطة أنظمة خرائط Google.
CASE_0247,288702,endpoint,5,4759087,0.5546,0.5546,0,ar,المسافة بين تشارلستون وشاطئ ميرتل في خط مستقيم 96 ميلاً أو 154.46 كيلومترًا.
CASE_0247,288702,endpoint,6,111629,0.5526,0.5526,0,ar,المسافة بين شاطئ هنتنغتون وشاطئ لاجونا في خط مستقيم هي 14 ميلاً أو 22.53 كيلومترًا.
CASE_0247,288702,endpoint,7,7484615,0.5522,0.5522,0,ar,كم ستكون المسافة إذا كان يمكن للمرء أن يطير من الهاتف المحمول إلى شواطئ الخليج مثل طائر في خط ثابت؟ تحقق من مسافة الرحلة بين Mobile و Gulf Shores ، AL. يعد وقت السفر نقطة مهمة يجب معرفتها بمسافة القيادة. ومن ثم قد ترغب أيضًا في معرفة وقت السفر من الهاتف المحمول إلى Gulf Shores ، AL. سيساعدك هذا في ت
CASE_0247,288702,endpoint,8,5463364,0.5485,0.5485,0,ar,يقع شاطئ بنما سيتي على بعد حوالي 148 ميلاً من Mobile، AL. مدة السفر حوالي ساعتين و 55 دقيقة. إنه 186 ميلًا وفقًا لخرائط Google.
CASE_0247,288702,endpoint,9,8012795,0.5476,0.5476,0,ar,مسافة القيادة بين دستين فلوريدا وبينساكولا فلوريدا هي 47.5 ميل. حوالي 56 ميلا في قيادة السيارة.
CASE_0247,288702,endpoint,10,5634704,0.547,0.547,0,ar,مسافة القيادة من شاطئ هنتنغتون إلى يونيفرسال ستوديوز بوليفارد هي 45 ميلاً.
CASE_0247,288702,mixed,1,2989529,0.6281,0.6281,0,ar,تبلغ المسافة بين دستين وشاطئ بنما سيتي في خط مستقيم 38 ميلاً أو 61.14 كيلومترًا.
CASE_0247,288702,mixed,2,4437830,0.6242,0.6242,0,ar,المسافة بين Mobile و Defuniak Springs في خط مستقيم هي 119 ميلاً أو 191.47 كيلومترًا. 1 يمكن العثور على اتجاهات القيادة وأوقات القيادة من الهاتف المحمول إلى Defuniak Springs في أسفل الصفحة. يتم توفير مسافات القيادة والخرائط وأوقات الرحلات حاليًا بواسطة أنظمة خرائط Google.
CASE_0247,288702,mixed,3,7484621,0.6185,0.6185,0,ar,خريطة الطريق من Mobile، AL إلى Destin، FL. خريطة الطريق المثلى بين Mobile و AL و Destin ، FL. سيكون هذا الطريق حوالي 108 أميال. يتم وضع معلومات مسار القيادة (المسافة والوقت المقدر والاتجاهات) وطريق الرحلة ومعلومات حركة المرور وطباعة ميزات الخريطة في الزاوية اليمنى العليا من الخريطة.
CASE_0247,288702,mixed,4,7484614,0.6137,0.6137,1,ar,مسافة قيادة من موبايل ، أل أل إلى ديستين ، فلوريدا. المسافة الإجمالية للقيادة من Mobile، AL إلى Destin، FL هي 108 أميال أو 174 كيلومتر. تبدأ رحلتك في موبايل ، ألاباما. ينتهي في ديستين ، فلوريدا.
CASE_0247,288702,mixed,5,5463364,0.5942,0.5942,0,ar,يقع شاطئ بنما سيتي على بعد حوالي 148 ميلاً من Mobile، AL. مدة السفر حوالي ساعتين و 55 دقيقة. إنه 186 ميلًا وفقًا لخرائط Google.
CASE_0247,288702,mixed,6,2919041,0.5805,0.5805,0,ar,المسافة بين شاطئ دايتونا وشاطئ سانت أوغسطين في خط مستقيم هي 50 ميلاً أو 80.45 كيلومترًا. 1 اتجاهات القيادة وأوقات القيادة من Daytona Beach إلى St Augustine Beach يمكن العثور عليها في أسفل الصفحة. يتم توفير مسافات القيادة والخرائط وأوقات الرحلات حاليًا بواسطة أنظمة خرائط Google.
CASE_0247,288702,mixed,7,2916974,0.5752,0.5752,0,ar,مسافة القيادة بين دالاس ، تكساس وشاطئ ميرتل ، ساوث كارولينا هي 1137 ميلاً. وقت القيادة سيكون ما يقرب من 18 ساعة و 30 دقيقة إذا كانت القيادة بدون توقف في حالة جيدة.
CASE_0247,288702,mixed,8,7484615,0.5738,0.5738,0,ar,كم ستكون المسافة إذا كان يمكن للمرء أن يطير من الهاتف المحمول إلى شواطئ الخليج مثل طائر في خط ثابت؟ تحقق من مسافة الرحلة بين Mobile و Gulf Shores ، AL. يعد وقت السفر نقطة مهمة يجب معرفتها بمسافة القيادة. ومن ثم قد ترغب أيضًا في معرفة وقت السفر من الهاتف المحمول إلى Gulf Shores ، AL. سيساعدك هذا في ت
CASE_0247,288702,mixed,9,4759087,0.5674,0.5674,0,ar,المسافة بين تشارلستون وشاطئ ميرتل في خط مستقيم 96 ميلاً أو 154.46 كيلومترًا.
CASE_0247,288702,mixed,10,6972797,0.5647,0.5647,0,ar,المسافة من موبايل إلى بينساكولا. المسافة من Mobile إلى Pensacola هي 85 كيلومترًا. مسافة السفر الجوي هذه تساوي 53 ميلاً. أقصر مسافة للسفر الجوي (ذبابة الطيور) بين موبايل وبينساكولا هي 85 كم = 53 ميلاً. إذا كنت تسافر بطائرة (يبلغ متوسط ​​سرعتها 560 ميلاً) من Mobile إلى Pensacola ، فسيستغرق الوصول 0.09
CASE_0247,569473,endpoint,1,7557844,0.6568,0.6568,0,ar,نقل الرواسب هو حركة الجسيمات العضوية وغير العضوية بواسطة الماء 10. بشكل عام ، كلما زاد التدفق ، زاد عدد الرواسب التي سيتم نقلها. يمكن أن يكون تدفق المياه قويًا بما يكفي لتعليق الجسيمات في عمود الماء أثناء تحركها في اتجاه مجرى النهر ، أو دفعها ببساطة على طول قاع مجرى مائي 11. عندما لا تجلب الأنهار رو
CASE_0247,569473,endpoint,2,7219304,0.6495,0.6495,0,ar,نقل الرواسب. نقل الرواسب هو حركة الجسيمات الصلبة (الرواسب) ، عادة بسبب مزيج من الجاذبية التي تعمل على الرواسب ، و / أو حركة السائل الذي يتم فيه حبس الرواسب.
CASE_0247,569473,endpoint,3,5091888,0.6317,0.6317,0,ar,نقل الرواسب هو حركة الجسيمات العضوية وغير العضوية بواسطة الماء 10. بشكل عام ، كلما زاد التدفق ، زاد عدد الرواسب التي سيتم نقلها. يمكن أن يكون تدفق المياه قويًا بدرجة كافية لتعليق الجسيمات في عمود الماء أثناء تحركها في اتجاه مجرى النهر ، أو دفعها ببساطة على طول قاع مجرى مائي 11 ، وسيختلف نقل الرواسب
CASE_0247,569473,endpoint,4,5409859,0.6305,0.6305,0,ar,عندما يتم نقل الرواسب وترسبها ، فإنها تترك أدلة على طريقة النقل والترسيب. على سبيل المثال ، إذا كان أسلوب النقل عن طريق الانزلاق على منحدر ، فإن الرواسب الناتجة تكون بشكل عام فوضوية في طبيعتها ، وتظهر مجموعة متنوعة من أحجام الجسيمات.
CASE_0247,569473,endpoint,5,5409851,0.6256,0.6256,0,ar,يحدث نقل الرواسب بسبب حركة السوائل في الأنهار والمحيطات والبحيرات والبحار وغيرها من المسطحات المائية بسبب التيارات والمد والجزر. يحدث النقل أيضًا بسبب الأنهار الجليدية أثناء تدفقها ، وعلى الأسطح الأرضية تحت تأثير الرياح.
CASE_0247,569473,endpoint,6,5925170,0.6246,0.6246,0,ar,نقل الرواسب وترسبها بواسطة كين أوبرريشت إن الرواسب التي تدخل وتستقر في المصب هي من أصل برية ومحيطية. تتدفق الأنهار والجداول باتجاه البحر ، تحمل معها الرواسب من الأرض. يجلب المد والفيضان رمالًا من البحر ، وأثناء وجودها في المياه العذبة ، تحمل هذه الجسيمات - المحفوظة بحركتها الجزيئية - شحنة سالبة وتمي
CASE_0247,569473,endpoint,7,7107167,0.6242,0.6242,0,ar,بالإضافة إلى التأثير على الحياة المائية ، يمكن أن يتسبب فقدان نقل الرواسب وترسبها في تغيرات فيزيائية للتضاريس. في اتجاه مجرى الأنهار المحاطة بالسدود ، من الشائع رؤية مناطق مشاطئة وأراضي رطبة تتراجع بسبب فقدان الرواسب المنقولة 8.
CASE_0247,569473,endpoint,8,3456684,0.6212,0.6212,0,ar,غالبًا ما يتم نقل الرواسب عن طريق المياه (العمليات النهرية) والرياح (العمليات الجوية) والأنهار الجليدية. رمال الشاطئ ورواسب قناة الأنهار هي أمثلة على النقل والترسيب النهري ، على الرغم من أن الرواسب غالبًا ما تستقر خارج المياه البطيئة الحركة أو الراكدة في البحيرات والمحيطات. يتم نقل الرواسب بناءً على
CASE_0247,569473,endpoint,9,6923655,0.6204,0.6204,0,ar,ثم يتم نقل الرواسب عن طريق الرياح والمياه ، وغالبًا ما ينتهي بها الأمر بعيدًا عن حيث بدأت. تسمى عمليات الانهيار والنقل هذه بسبب التعرض للبيئة بالعوامل الجوية والتآكل. تؤثر العوامل الجوية والتعرية على جميع الصخور الموجودة على سطح الأرض.
CASE_0247,569473,endpoint,10,5409853,0.6191,0.6191,0,ar,يحدث نقل الرواسب بسبب حركة السوائل في الأنهار والمحيطات والبحيرات والبحار وغيرها من المسطحات المائية بسبب التيارات والمد والجزر.
CASE_0247,569473,mixed,1,7557844,0.6586,0.6586,0,ar,نقل الرواسب هو حركة الجسيمات العضوية وغير العضوية بواسطة الماء 10. بشكل عام ، كلما زاد التدفق ، زاد عدد الرواسب التي سيتم نقلها. يمكن أن يكون تدفق المياه قويًا بما يكفي لتعليق الجسيمات في عمود الماء أثناء تحركها في اتجاه مجرى النهر ، أو دفعها ببساطة على طول قاع مجرى مائي 11. عندما لا تجلب الأنهار رو
CASE_0247,569473,mixed,2,7107167,0.6458,0.6458,0,ar,بالإضافة إلى التأثير على الحياة المائية ، يمكن أن يتسبب فقدان نقل الرواسب وترسبها في تغيرات فيزيائية للتضاريس. في اتجاه مجرى الأنهار المحاطة بالسدود ، من الشائع رؤية مناطق مشاطئة وأراضي رطبة تتراجع بسبب فقدان الرواسب المنقولة 8.
CASE_0247,569473,mixed,3,5091887,0.6383,0.6383,0,ar,يحدث نقل الرواسب بسبب حركة السوائل في الأنهار والمحيطات والبحيرات والبحار وغيرها من المسطحات المائية بسبب التيارات والمد والجزر. يحدث النقل أيضًا بسبب الأنهار الجليدية أثناء تدفقها ، وعلى الأسطح الأرضية تحت تأثير الرياح ، ويمكن أن يؤدي نقل الرواسب المائية إلى تكوين تموجات وكثبان رملية ، في أنماط تآك
CASE_0247,569473,mixed,4,7557843,0.6374,0.6374,1,ar,بالإضافة إلى التأثيرات التي تحدثها الجيومورفولوجيا على معدلات نقل الرواسب ، تلعب العملية نفسها دورًا في تكوين التضاريس. عندما يتم نقل الرواسب إلى أسفل المجرى ، يساعد تدفق المياه في تشكيل سطح الكوكب عن طريق نقل المواد المتآكلة بعيدًا عن بعض المناطق وترسبها في مناطق أخرى. تجويع الرواسب - عندما لا تجلب
CASE_0247,569473,mixed,5,5409851,0.6351,0.6351,0,ar,يحدث نقل الرواسب بسبب حركة السوائل في الأنهار والمحيطات والبحيرات والبحار وغيرها من المسطحات المائية بسبب التيارات والمد والجزر. يحدث النقل أيضًا بسبب الأنهار الجليدية أثناء تدفقها ، وعلى الأسطح الأرضية تحت تأثير الرياح.
CASE_0247,569473,mixed,6,6923655,0.6312,0.6312,0,ar,ثم يتم نقل الرواسب عن طريق الرياح والمياه ، وغالبًا ما ينتهي بها الأمر بعيدًا عن حيث بدأت. تسمى عمليات الانهيار والنقل هذه بسبب التعرض للبيئة بالعوامل الجوية والتآكل. تؤثر العوامل الجوية والتعرية على جميع الصخور الموجودة على سطح الأرض.
CASE_0247,569473,mixed,7,5091888,0.6308,0.6308,0,ar,نقل الرواسب هو حركة الجسيمات العضوية وغير العضوية بواسطة الماء 10. بشكل عام ، كلما زاد التدفق ، زاد عدد الرواسب التي سيتم نقلها. يمكن أن يكون تدفق المياه قويًا بدرجة كافية لتعليق الجسيمات في عمود الماء أثناء تحركها في اتجاه مجرى النهر ، أو دفعها ببساطة على طول قاع مجرى مائي 11 ، وسيختلف نقل الرواسب
CASE_0247,569473,mixed,8,7557849,0.627,0.627,0,ar,يختلف نقل الرواسب العضوية حسب الموقع والموسم. في إحدى دراسات مصبات الأنهار ، انخفض الجزء العضوي للحمل المعلق من 85٪ إلى 18٪ من فبراير إلى نوفمبر بسبب التأثيرات الموسمية على نقل الرواسب 18. € œ عندما لا تجلب الأنهار رواسب كافية لترسب على الشاطئ. بالإضافة إلى التأثير على الحياة المائية ، يمكن أن يتسبب
CASE_0247,569473,mixed,9,3456684,0.6267,0.6267,0,ar,غالبًا ما يتم نقل الرواسب عن طريق المياه (العمليات النهرية) والرياح (العمليات الجوية) والأنهار الجليدية. رمال الشاطئ ورواسب قناة الأنهار هي أمثلة على النقل والترسيب النهري ، على الرغم من أن الرواسب غالبًا ما تستقر خارج المياه البطيئة الحركة أو الراكدة في البحيرات والمحيطات. يتم نقل الرواسب بناءً على
CASE_0247,569473,mixed,10,662393,0.6232,0.6232,0,ar,غالبًا ما يتم نقل الرواسب عن طريق المياه (العمليات النهرية) والرياح (العمليات الجوية) والأنهار الجليدية. رمال الشاطئ ورواسب قناة الأنهار هي أمثلة على النقل والترسب الأنهار ، على الرغم من أن الرواسب غالبًا ما تستقر في المياه البطيئة الحركة أو الراكدة في البحيرات والمحيطات. تعد الكثبان الرملية والصحرا
CASE_0247,66161,endpoint,1,7299466,0.6315,0.6315,0,ar,يوجد قدر ضغط كويزنارت 1000 واط في الفولاذ المصقول المقاوم للصدأ ، ويبلغ قياسه 12-1 / 5 في 12-1 / 5 في 13-1 / 5 بوصات. يزن 14.2 رطلاً عندما يكون فارغًا. على الرغم من أنه في نطاق طاقة 1000 واط ، لا يزال طباخ Cuisinart الكهربائي يحافظ على الطاقة بسبب فترات الطهي القصيرة. تتميز بسعة ستة كوارتات وستانلس
CASE_0247,66161,endpoint,2,7540806,0.6128,0.6128,0,ar,لم أستخدم قدر الضغط حتى الآن. لقد ألقيت نظرة على الرابط الخاص بك إلى قدور الضغط في أمازون. يقول الوصف أن قدر الضغط الكهربائي Cuisinart به إعدادات للون البني ، والطهي على نار هادئة ، والقلي. ومع ذلك ، فإن قدر الضغط الذي يثير اهتمامي هو طباخ فاجور 670040230 3 في 1 في أمازون.
CASE_0247,66161,endpoint,3,4149005,0.6113,0.6113,0,ar,إذا كنت تبحث عن أفضل قدر ضغط كهربائي أقل من 100 دولار ، فهذا هو أفضل قدر لك. بسعر حوالي 100 دولار ، فإن قدر الضغط الكهربائي Cuisinart هو نموذج عالي الجودة يمنحك الأداء الدقيق الذي تدفعه مقابل الكفاءة والفعالية. لا يمكن أن يكون طهي اللحوم والمقبلات والخضروات وحتى الحلويات أسهل من استخدام قدر الضغط ال
CASE_0247,66161,endpoint,4,7540807,0.5997,0.5997,0,ar,ادعاء غير آمن حسب الموقع: يتمتع قدر الضغط الكهربائي Elite هذا بميزة فريدة: يمكن استخدامه كمعلّب ضغط / تعليمات متضمنة. يمكن لمعلبات الضغط هذه استيعاب ما يصل إلى 3 × 24 أونصة. الجرار أو 4 × 16 أونصة. الجرار في وقت واحد .. يبدو أن هذا الأمر أضافه الموقع نفسه ، وليس الشركة المصنعة.
CASE_0247,66161,endpoint,5,8123403,0.5895,0.5895,0,ar,نظرة عامة على قدر الضغط كوسوري الكهربائي. تقدم كوسوري سعتين مختلفتين لأواني الضغط. حجم 6 كوارت وحجم صغير 2 كوارت. يوفر كلا الحجمين نفس الوظائف السبع: قدر الضغط ، والطهي البطيء ، وطهي الأرز ، وطهي Sautà© ، وصانع الزبادي ، والبخار ، والتدفئة.
CASE_0247,66161,endpoint,6,7540811,0.5732,0.5732,0,ar,ادعاء غير آمن حسب الموقع: يتمتع قدر الضغط الكهربائي Elite هذا بميزة فريدة: يمكن استخدامه كمعلّب ضغط / تعليمات متضمنة. يبدو أن هذا قد تمت إضافته عند المطالبة من قبل الموقع نفسه ، وليس الشركة المصنعة. إذا كانت تحتوي على 4 مكاييل فقط ، فلا يمكن استخدامها كمعلب.
CASE_0247,66161,endpoint,7,2419822,0.5603,0.5603,0,ar,إلى حد بعيد أفضل قدر ضغط متاح. مجموعة الميزات والمتانة وجودة البناء لا تقبل المنافسة. هذا قدر ضغط رائع ، لكنه يكلف أكثر من ضعف كوزينارت. تعد سعة الطهي التي تبلغ 6 لترات والبناء المتين المصنوع من الفولاذ المقاوم للصدأ قيمة كبيرة للسعر.
CASE_0247,66161,endpoint,8,8123402,0.5594,0.5594,0,ar,تتم مقارنة قدرتي الضغط هذه المرة هما قدر الضغط الكهربائي من آيكوك وآلة الطهي بالضغط الكهربائي كوسوري. أولاً ، سأقدم لك نظرة عامة على كلا قدر الضغط ، ثم سأقارن بينهما حتى تتمكن من تحديد أيهما سيكون الأحدث بالإضافة إلى مطبخك. نظرة عامة على قدر الضغط Cosori Electric Pressure Cooker مقابل Aicok Electric
CASE_0247,66161,endpoint,9,1712658,0.5563,0.5563,0,ar,كما يتم استخدام المحلل الكهربائي للقطب الكهربي السائل (على سبيل المثال ، يستخدم الزئبق ككاثود في طريقة واحدة لإنتاج الكلور وهيدروكسيد الصوديوم). تعمل بعض المحلل الكهربائي تحت ضغط ، على سبيل المثال ، يتم فصل الماء عند ضغوط تصل إلى 4 ميغا نيوتن / م 2 (40 كيلوغرام قوة / سم 2). على سبيل المثال ، يتم فصل
CASE_0247,66161,endpoint,10,405385,0.5554,0.5554,0,ar,اشرح أن الطلاب سوف ينشئون رسمًا بيانيًا واحدًا لتمثيل بيانات الضغط والدرجة المئوية ، وواحد لملاحظات الضغط والفهرنهايت. 11. اطلب من الطلاب رسم بياني لبياناتهم عن طريق وضع علامة على المحور السيني على الرسم البياني الخاص بهم مع عدد اهتزازات زجاجة الصودا ، والتي تمثل الضغط.
CASE_0247,66161,mixed,1,7299466,0.6921,0.6921,0,ar,يوجد قدر ضغط كويزنارت 1000 واط في الفولاذ المصقول المقاوم للصدأ ، ويبلغ قياسه 12-1 / 5 في 12-1 / 5 في 13-1 / 5 بوصات. يزن 14.2 رطلاً عندما يكون فارغًا. على الرغم من أنه في نطاق طاقة 1000 واط ، لا يزال طباخ Cuisinart الكهربائي يحافظ على الطاقة بسبب فترات الطهي القصيرة. تتميز بسعة ستة كوارتات وستانلس
CASE_0247,66161,mixed,2,7540806,0.6738,0.6738,0,ar,لم أستخدم قدر الضغط حتى الآن. لقد ألقيت نظرة على الرابط الخاص بك إلى قدور الضغط في أمازون. يقول الوصف أن قدر الضغط الكهربائي Cuisinart به إعدادات للون البني ، والطهي على نار هادئة ، والقلي. ومع ذلك ، فإن قدر الضغط الذي يثير اهتمامي هو طباخ فاجور 670040230 3 في 1 في أمازون.
CASE_0247,66161,mixed,3,4149005,0.6626,0.6626,0,ar,إذا كنت تبحث عن أفضل قدر ضغط كهربائي أقل من 100 دولار ، فهذا هو أفضل قدر لك. بسعر حوالي 100 دولار ، فإن قدر الضغط الكهربائي Cuisinart هو نموذج عالي الجودة يمنحك الأداء الدقيق الذي تدفعه مقابل الكفاءة والفعالية. لا يمكن أن يكون طهي اللحوم والمقبلات والخضروات وحتى الحلويات أسهل من استخدام قدر الضغط ال
CASE_0247,66161,mixed,4,7540805,0.6456,0.6456,1,ar,نظرة عامة على منتج Cuisinart CPC-600AMZ. يعتبر كوزينارت CPC-600AMZ 6-Quart Electric Pressure Cooker أداة مساعدة للمطبخ ضرورية لأي شخص يرغب في تناول الطعام الصحي دون كل متاعب الانتظار لساعات حتى ينتهي الطهي البطيء. عادةً ما يكون سعره حوالي 100 دولار (انظر أقل سعر) ، يقدم هذا المعلب قيمة جيدة جدًا مقا
CASE_0247,66161,mixed,5,7540802,0.6411,0.6411,0,ar,"""ومع ذلك ، أعتقد أنه يمكن أيضًا استخدام أي وعاء ضغط كطباخ ضغط ، إنها مجرد مسألة ما إذا كنت تريد استخدام مثل هذا القدر الضخم للضغط على شيء ما أم لا. يقول My Presto Pressure Canner الحق على العلبة """"قدر الضغط / كانر""""."""
CASE_0247,66161,mixed,6,8123403,0.6143,0.6143,0,ar,نظرة عامة على قدر الضغط كوسوري الكهربائي. تقدم كوسوري سعتين مختلفتين لأواني الضغط. حجم 6 كوارت وحجم صغير 2 كوارت. يوفر كلا الحجمين نفس الوظائف السبع: قدر الضغط ، والطهي البطيء ، وطهي الأرز ، وطهي Sautà© ، وصانع الزبادي ، والبخار ، والتدفئة.
CASE_0247,66161,mixed,7,8123402,0.6087,0.6087,0,ar,تتم مقارنة قدرتي الضغط هذه المرة هما قدر الضغط الكهربائي من آيكوك وآلة الطهي بالضغط الكهربائي كوسوري. أولاً ، سأقدم لك نظرة عامة على كلا قدر الضغط ، ثم سأقارن بينهما حتى تتمكن من تحديد أيهما سيكون الأحدث بالإضافة إلى مطبخك. نظرة عامة على قدر الضغط Cosori Electric Pressure Cooker مقابل Aicok Electric
CASE_0247,66161,mixed,8,2419822,0.6034,0.6034,0,ar,إلى حد بعيد أفضل قدر ضغط متاح. مجموعة الميزات والمتانة وجودة البناء لا تقبل المنافسة. هذا قدر ضغط رائع ، لكنه يكلف أكثر من ضعف كوزينارت. تعد سعة الطهي التي تبلغ 6 لترات والبناء المتين المصنوع من الفولاذ المقاوم للصدأ قيمة كبيرة للسعر.
CASE_0247,66161,mixed,9,7540808,0.602,0.602,0,ar,استنتاجي النهائي لـ Cuisinart CPC-600AMZ. إن كوزينارت CPC-600AMZ أنيق ورائع وينجز المهمة. كما يمكنك أن تتوقع من Cuisinart ، ستحصل على قدر ضغط حقيقي وعالي الجودة يدوم لسنوات قادمة. جهاز لا غنى عنه للأمهات والآباء.
CASE_0247,66161,mixed,10,7540807,0.5847,0.5847,0,ar,ادعاء غير آمن حسب الموقع: يتمتع قدر الضغط الكهربائي Elite هذا بميزة فريدة: يمكن استخدامه كمعلّب ضغط / تعليمات متضمنة. يمكن لمعلبات الضغط هذه استيعاب ما يصل إلى 3 × 24 أونصة. الجرار أو 4 × 16 أونصة. الجرار في وقت واحد .. يبدو أن هذا الأمر أضافه الموقع نفسه ، وليس الشركة المصنعة.
CASE_0247,841961,endpoint,1,8164683,0.7759,0.7759,0,ar,هيئة المحلفين الكبرى هي هيئة معينة تحدد ما إذا كان المدعي العام قد جمع أدلة كافية لتبرير المحاكمة في قضية معينة. تستخدم هيئة المحلفين الكبرى فقط في حالات خاصة ، وهي بمثابة قناة تمرر من خلالها القضايا المعقولة إلى نظام المحاكمة التقليدي. يتمثل دور هيئة المحلفين الكبرى في تحديد ما إذا كانت الأدلة التي
CASE_0247,841961,endpoint,2,6853708,0.77,0.77,0,ar,قانون هيئة المحلفين الكبرى والتعريف القانوني. الغرض من هيئة المحلفين الكبرى هو التحقيق في الجرائم المزعومة ، وفحص الأدلة ، وإصدار لوائح اتهام إذا كانوا يعتقدون أن هناك أدلة كافية لبدء المحاكمة. هم مجموعة محايدة من المواطنين الذين يجب عليهم تحديد ما إذا كان سببًا معقولًا أو سببًا محتملًا للاعتقاد بوج
CASE_0247,841961,endpoint,3,4017952,0.7657,0.7657,0,ar,هيئة المحلفين الكبرى. هيئة المحلفين الكبرى هي هيئة فريدة من المحلفين يتمثل دورها في تحديد ما إذا كانت هناك أدلة كافية لملاحقة جريمة ما. بدلاً من تحديد الذنب أو البراءة مثل هيئة المحلفين الابتدائية ، تحدد هيئة المحلفين الكبرى فقط ما إذا كان ينبغي للتهم الجنائية أن تمضي قدمًا في نظام المحاكم أم لا.
CASE_0247,841961,endpoint,4,3699883,0.7614,0.7614,0,ar,الغرض من هيئة المحلفين الكبرى ليس تحديد الذنب أو البراءة ، ولكن تحديد ما إذا كان هناك سبب محتمل لملاحقة شخص ما بارتكاب جريمة جنائية. تعمل هيئة المحلفين الكبرى في سرية ولا تنطبق قواعد الإثبات العادية. يدير المدعي العام الإجراءات ولا يوجد قاضٍ.
CASE_0247,841961,endpoint,5,157806,0.7595,0.7595,0,ar,هيئة المحلفين الكبرى هي هيئة قانونية مخولة لإجراء الإجراءات الرسمية والتحقيق في السلوك الإجرامي المحتمل ، وتحديد ما إذا كان ينبغي توجيه التهم الجنائية. يجوز لهيئة المحلفين الكبرى إلزام تقديم المستندات وإجبار الشهود على المثول أمامها بشهادة محلفة.
CASE_0247,841961,endpoint,6,7601860,0.7586,0.7586,0,ar,تعديل 5 - حقوق الأشخاص 1277. 14 هيئة المحلفين الكبرى - هي هيئة تحقيق كبرى ، وهي هيئة تتمتع بصلاحيات التحقيق و. محاكم التفتيش ، التي يجب ألا تكون تحقيقاتها محدودة بالأسئلة. الملاءمة أو التنبؤات حول ما إذا كان سيتم العثور على أي فرد معين بشكل صحيح.
CASE_0247,841961,endpoint,7,3916255,0.749,0.749,0,ar,دعوة إلى. هيئة المحلفين الكبرى. هيئة المحلفين الكبرى هي الوسيلة التي يعمل بها الأشخاص الذين يتطوعون من كل مناحي الحياة لضمان استجابة المؤسسات الحكومية وإنصافهم لمن يخضعون للحكم. كما أنه يحمي آراء الأقليات أو القضايا التي لا تحظى بشعبية من الاضطهاد أو المقاضاة.
CASE_0247,841961,endpoint,8,5258814,0.7487,0.7487,0,ar,إجابة ويكي. هيئة المحلفين الكبرى مكلفة بتحديد ما إذا كان هناك سبب محتمل لمتابعة الاتهامات ضد المدعى عليه أم لا. ࢠ€ÂŠ(أو ÃÂ) مكلفة بإجراء - الفصل في الوقائع أثناء المحاكمة ، مما يؤدي إلى صدور حكم في الأمر. وجهات النظر Ã⠀ šÃ' · عرض التصويتات المؤيدة.
CASE_0247,841961,endpoint,9,157805,0.7485,0.7485,0,ar,تتكون هيئة المحلفين الكبرى من مجموعة من الأفراد هدفهم الرئيسي هو تحديد ما إذا كان سيتم إصدار لائحة اتهام ضد فرد. تُعرف عملية تحديد إصدار لائحة اتهام من عدمه باسم تحقيق هيئة المحلفين الكبرى. أثناء تحقيق هيئة المحلفين الكبرى ، لا تتخذ هيئة المحلفين الكبرى أي قرار أو استنتاج بشأن ذنب أو براءة فرد. إنه
CASE_0247,841961,endpoint,10,4660307,0.7482,0.7482,0,ar,ما هي هيئة المحلفين الكبرى. هيئة المحلفين الكبرى هي مجموعة من المواطنين ، يتم اختيارهم عادة من نفس المجموعة التي ينتمي إليها أعضاء هيئة المحلفين ، والتي تؤدي اليمين من قبل المحكمة للنظر في القضية. تتألف هيئة المحلفين الكبرى مما لا يقل عن 12 ولا يزيد عن 23 شخصًا ؛ وفي المحاكم الاتحادية ، يجب ألا يقل
CASE_0247,841961,mixed,1,3699883,0.7371,0.7371,0,ar,الغرض من هيئة المحلفين الكبرى ليس تحديد الذنب أو البراءة ، ولكن تحديد ما إذا كان هناك سبب محتمل لملاحقة شخص ما بارتكاب جريمة جنائية. تعمل هيئة المحلفين الكبرى في سرية ولا تنطبق قواعد الإثبات العادية. يدير المدعي العام الإجراءات ولا يوجد قاضٍ.
CASE_0247,841961,mixed,2,6853708,0.7253,0.7253,0,ar,قانون هيئة المحلفين الكبرى والتعريف القانوني. الغرض من هيئة المحلفين الكبرى هو التحقيق في الجرائم المزعومة ، وفحص الأدلة ، وإصدار لوائح اتهام إذا كانوا يعتقدون أن هناك أدلة كافية لبدء المحاكمة. هم مجموعة محايدة من المواطنين الذين يجب عليهم تحديد ما إذا كان سببًا معقولًا أو سببًا محتملًا للاعتقاد بوج
CASE_0247,841961,mixed,3,8164683,0.7198,0.7198,0,ar,هيئة المحلفين الكبرى هي هيئة معينة تحدد ما إذا كان المدعي العام قد جمع أدلة كافية لتبرير المحاكمة في قضية معينة. تستخدم هيئة المحلفين الكبرى فقط في حالات خاصة ، وهي بمثابة قناة تمرر من خلالها القضايا المعقولة إلى نظام المحاكمة التقليدي. يتمثل دور هيئة المحلفين الكبرى في تحديد ما إذا كانت الأدلة التي
CASE_0247,841961,mixed,4,3916260,0.7146,0.7146,1,ar,الغرض من هيئة المحلفين الكبرى ، من الناحية النظرية ، هو حماية المواطنين من الملاحقات القضائية غير العادلة وغير المبررة من قبل الحكومة. في إنجلترا في العصور الوسطى ، كان يُنظر إليه على أنه حماية ضد التاج.
CASE_0247,841961,mixed,5,4239753,0.703,0.703,0,ar,تلعب هيئة المحلفين الكبرى دورًا مهمًا في العملية الجنائية ، ولكن ليس دورًا يتضمن إثبات ذنب أو معاقبة أحد الأطراف. بدلاً من ذلك ، سيعمل المدعي العام مع هيئة محلفين كبرى لتقرير ما إذا كان سيتم توجيه تهم جنائية أو لائحة اتهام ضد مدعى عليه محتمل - عادةً ما تكون مخصصة للجنايات الجسيمة. التجربة. إذا كان ل
CASE_0247,841961,mixed,6,4017948,0.7024,0.7024,0,ar,لفيلم 1976 ، انظر Grand Jury (فيلم 1976). هيئة المحلفين الكبرى هي هيئة قانونية مخولة لإجراء الإجراءات الرسمية والتحقيق في السلوك الإجرامي المحتمل ، وتحديد ما إذا كان ينبغي توجيه التهم الجنائية. يجوز لهيئة المحلفين الكبرى إلزام تقديم المستندات وإجبار الشهود على المثول أمامها بشهادة محلفة.
CASE_0247,841961,mixed,7,3313754,0.7008,0.7008,0,ar,كان الغرض الأساسي لهيئة المحلفين الإنجليزية الكبرى هو توفير طريقة عادلة لرفع دعاوى جنائية ضد الأشخاص الذين يُعتقد أنهم ارتكبوا جرائم. تم اختيار هيئة المحلفين من هيئة الشعب ولم يتم إعاقة عملهم بقواعد إجرائية أو إثباتية صارمة.
CASE_0247,841961,mixed,8,157805,0.6997,0.6997,0,ar,تتكون هيئة المحلفين الكبرى من مجموعة من الأفراد هدفهم الرئيسي هو تحديد ما إذا كان سيتم إصدار لائحة اتهام ضد فرد. تُعرف عملية تحديد إصدار لائحة اتهام من عدمه باسم تحقيق هيئة المحلفين الكبرى. أثناء تحقيق هيئة المحلفين الكبرى ، لا تتخذ هيئة المحلفين الكبرى أي قرار أو استنتاج بشأن ذنب أو براءة فرد. إنه
CASE_0247,841961,mixed,9,8359718,0.6983,0.6983,0,ar,وظيفة هيئة المحلفين الكبرى هي اتهام الأشخاص الذين قد يكونون مذنبين بارتكاب جريمة ، ولكن المؤسسة هي أيضًا درع ضد المقاضاة القمعية التي لا أساس لها من الصحة. إنها وسيلة للمواطنين العاديين ، ممثلي المجتمع ، للمشاركة في إقامة العدل.
CASE_0247,841961,mixed,10,4017952,0.6957,0.6957,0,ar,هيئة المحلفين الكبرى. هيئة المحلفين الكبرى هي هيئة فريدة من المحلفين يتمثل دورها في تحديد ما إذا كانت هناك أدلة كافية لملاحقة جريمة ما. بدلاً من تحديد الذنب أو البراءة مثل هيئة المحلفين الابتدائية ، تحدد هيئة المحلفين الكبرى فقط ما إذا كان ينبغي للتهم الجنائية أن تمضي قدمًا في نظام المحاكم أم لا.
CASE_0247,865426,endpoint,1,7753780,0.7206,0.7206,0,ar,تلعب البروتينات دورًا مهمًا في دعم الأداء الأمثل للجسم والصحة. توجد البروتينات في دم الأشخاص الأصحاء. ومع ذلك ، لا ينبغي أن يكون لديك الكثير من البروتين في البول. الرحلان الكهربي لبروتين البول (UPEP) هو اختبار يمكن لطبيبك استخدامه لتحديد ما إذا كان هناك بروتين في البول. يمكن أن يساعد طبيبك أيضًا في
CASE_0247,865426,endpoint,2,2061167,0.6207,0.6207,0,ar,نظرة عامة على الاختبار. يقيس اختبار الرحلان الكهربائي لبروتين المصل (SPEP) بروتينات معينة في الدم للمساعدة في تحديد بعض الأمراض. البروتينات هي مواد تتكون من كتل بناء أصغر تسمى الأحماض الأمينية. تحمل البروتينات شحنة كهربائية موجبة أو سالبة ، وتتحرك في سائل عند وضعها في مجال كهربائي.
CASE_0247,865426,endpoint,3,939303,0.6197,0.6197,0,ar,قد تعني الكميات العالية من البروتين في البول أن لديك مشكلة صحية. سيستخدم مقدم الرعاية الصحية نتائج هذا الاختبار ، جنبًا إلى جنب مع نتائج الاختبارات الأخرى ، لتشخيص مشكلتك الصحية أو تتبع تغييراتها.
CASE_0247,865426,endpoint,4,3031099,0.6192,0.6192,0,ar,ما هي النتائج غير الطبيعية لاختبار مصل البروتين الكهربائي الذي قد يعنيه. تؤدي البروتينات المختلفة في الجسم وظائف مختلفة. هذا يعني أن المستويات العالية أو المنخفضة من أنواع البروتين الخمسة التي تم فحصها أثناء الاختبار يمكن أن تشير إلى مشاكل وأمراض مختلفة ، أحدها هو اختبار سرطان يسمى المايلوما المتعدد
CASE_0247,865426,endpoint,5,5705126,0.6186,0.6186,0,ar,يقيس اختبار البروتين في البول كمية الألبومين في البول ، مقارنة بكمية الكرياتينين في البول. وهذا ما يسمى نسبة البول الزلال إلى الكرياتينين (UACR). يمكن أن يكون UACR أكثر من 30 مجم / جم علامة على مرض الكلى. عندما يزداد تلف الكلى سوءًا وتتسرب كميات كبيرة من البروتين عبر البول ، فقد تلاحظ الأعراض التالي
CASE_0247,865426,endpoint,6,3559498,0.6173,0.6173,0,ar,يقيس اختبار البروتين في البول كمية الألبومين في البول ، مقارنة بكمية الكرياتينين في البول. وهذا ما يسمى نسبة البول الزلال إلى الكرياتينين (UACR). يمكن أن يكون UACR أكثر من 30 مجم / جم علامة على مرض الكلى. عندما يزداد تلف الكلى سوءًا وتتسرب كميات كبيرة من البروتين عبر البول ، فقد تلاحظ الأعراض التالي
CASE_0247,865426,endpoint,7,8120615,0.6149,0.6149,0,ar,يقيس اختبار الرحلان الكهربائي لبروتين المصل (SPEP) بروتينات معينة في الدم للمساعدة في تحديد بعض الأمراض. البروتينات هي مواد تتكون من كتل بناء أصغر تسمى الأحماض الأمينية. تحمل البروتينات شحنة كهربائية موجبة أو سالبة ، وتتحرك في سائل عند وضعها في مجال كهربائي.
CASE_0247,865426,endpoint,8,4562330,0.6149,0.6149,0,ar,يقيس اختبار الرحلان الكهربائي لبروتين المصل (SPEP) بروتينات معينة في الدم للمساعدة في تحديد بعض الأمراض. البروتينات هي مواد تتكون من كتل بناء أصغر تسمى الأحماض الأمينية. تحمل البروتينات شحنة كهربائية موجبة أو سالبة ، وتتحرك في سائل عند وضعها في مجال كهربائي.
CASE_0247,865426,endpoint,9,27388,0.6128,0.6128,0,ar,يقيس اختبار البروتين في البول كمية الألبومين في البول ، مقارنة بكمية الكرياتينين في البول. وهذا ما يسمى نسبة البول الزلال إلى الكرياتينين (UACR). يمكن أن يكون UACR أكثر من 30 مجم / جم علامة على مرض الكلى.
CASE_0247,865426,endpoint,10,346595,0.6061,0.6061,0,ar,تفسير البروتين البولي: نسبة الكرياتينين (UPC) في عينات البول. مع بيلة دموية متزامنة يمكن أن تكون مربكة ، لأن الدم قد يزيد البروتين. يقاس المستوى في البول. كانت أهداف هذه التجربة هي: تحديد ما إذا كان تلوث الدم البولي يؤثر على مستوى UPC.
CASE_0247,865426,mixed,1,7753780,0.7079,0.7079,0,ar,تلعب البروتينات دورًا مهمًا في دعم الأداء الأمثل للجسم والصحة. توجد البروتينات في دم الأشخاص الأصحاء. ومع ذلك ، لا ينبغي أن يكون لديك الكثير من البروتين في البول. الرحلان الكهربي لبروتين البول (UPEP) هو اختبار يمكن لطبيبك استخدامه لتحديد ما إذا كان هناك بروتين في البول. يمكن أن يساعد طبيبك أيضًا في
CASE_0247,865426,mixed,2,2061167,0.6039,0.6039,0,ar,نظرة عامة على الاختبار. يقيس اختبار الرحلان الكهربائي لبروتين المصل (SPEP) بروتينات معينة في الدم للمساعدة في تحديد بعض الأمراض. البروتينات هي مواد تتكون من كتل بناء أصغر تسمى الأحماض الأمينية. تحمل البروتينات شحنة كهربائية موجبة أو سالبة ، وتتحرك في سائل عند وضعها في مجال كهربائي.
CASE_0247,865426,mixed,3,3031099,0.6026,0.6026,0,ar,ما هي النتائج غير الطبيعية لاختبار مصل البروتين الكهربائي الذي قد يعنيه. تؤدي البروتينات المختلفة في الجسم وظائف مختلفة. هذا يعني أن المستويات العالية أو المنخفضة من أنواع البروتين الخمسة التي تم فحصها أثناء الاختبار يمكن أن تشير إلى مشاكل وأمراض مختلفة ، أحدها هو اختبار سرطان يسمى المايلوما المتعدد
CASE_0247,865426,mixed,4,7753779,0.6005,0.6005,1,ar,يُعرف أيضًا باسم: التحليل الكهربائي لبروتين البول و UPEP. الرحلان الكهربي لبروتين البول هو اختبار يقدر كمية البروتينات المعينة الموجودة في البول. هناك حاجة إلى عينة بول نظيفة. تُستخدم طريقة التنظيف النظيف لمنع الجراثيم من القضيب أو المهبل من الدخول إلى عينة البول.
CASE_0247,865426,mixed,5,8120615,0.5957,0.5957,0,ar,يقيس اختبار الرحلان الكهربائي لبروتين المصل (SPEP) بروتينات معينة في الدم للمساعدة في تحديد بعض الأمراض. البروتينات هي مواد تتكون من كتل بناء أصغر تسمى الأحماض الأمينية. تحمل البروتينات شحنة كهربائية موجبة أو سالبة ، وتتحرك في سائل عند وضعها في مجال كهربائي.
CASE_0247,865426,mixed,6,4562330,0.5957,0.5957,0,ar,يقيس اختبار الرحلان الكهربائي لبروتين المصل (SPEP) بروتينات معينة في الدم للمساعدة في تحديد بعض الأمراض. البروتينات هي مواد تتكون من كتل بناء أصغر تسمى الأحماض الأمينية. تحمل البروتينات شحنة كهربائية موجبة أو سالبة ، وتتحرك في سائل عند وضعها في مجال كهربائي.
CASE_0247,865426,mixed,7,5705126,0.5909,0.5909,0,ar,يقيس اختبار البروتين في البول كمية الألبومين في البول ، مقارنة بكمية الكرياتينين في البول. وهذا ما يسمى نسبة البول الزلال إلى الكرياتينين (UACR). يمكن أن يكون UACR أكثر من 30 مجم / جم علامة على مرض الكلى. عندما يزداد تلف الكلى سوءًا وتتسرب كميات كبيرة من البروتين عبر البول ، فقد تلاحظ الأعراض التالي
CASE_0247,865426,mixed,8,3559498,0.5903,0.5903,0,ar,يقيس اختبار البروتين في البول كمية الألبومين في البول ، مقارنة بكمية الكرياتينين في البول. وهذا ما يسمى نسبة البول الزلال إلى الكرياتينين (UACR). يمكن أن يكون UACR أكثر من 30 مجم / جم علامة على مرض الكلى. عندما يزداد تلف الكلى سوءًا وتتسرب كميات كبيرة من البروتين عبر البول ، فقد تلاحظ الأعراض التالي
CASE_0247,865426,mixed,9,4128938,0.5893,0.5893,0,ar,الرحلان الكهربي لبروتين المصل (SPEP) والرحلان الكهربي لبروتين البول (UPEP) هما اختباران يستخدمان لتحديد وجود البروتينات غير الطبيعية ، ولتحديد عدم وجود البروتينات الطبيعية ، ولتحديد الزيادات والنقصان في مجموعات مختلفة من البروتينات في مصل الدم أو البول.
CASE_0247,865426,mixed,10,346595,0.5882,0.5882,0,ar,تفسير البروتين البولي: نسبة الكرياتينين (UPC) في عينات البول. مع بيلة دموية متزامنة يمكن أن تكون مربكة ، لأن الدم قد يزيد البروتين. يقاس المستوى في البول. كانت أهداف هذه التجربة هي: تحديد ما إذا كان تلوث الدم البولي يؤثر على مستوى UPC.
CASE_0247,939020,endpoint,1,2880193,0.6047,0.6047,0,ar,جاءت المحاولة الأولى للمجموعة في موسيقى الراب في عام 1983 محاكاة ساخرة لموسيقى الهيب هوب من الفينيل مقاس 12 بوصة ، Cookie Puss ، بناءً على مكالمة كرنك قاموا بها لشركة Carvel ice cream.
CASE_0247,939020,endpoint,2,6615611,0.5957,0.5957,0,ar,لمكعبات الثلج ، انظر مكعبات الثلج. للاستخدامات الأخرى ، انظر مكعبات الثلج (توضيح). أوشيا جاكسون الأب (من مواليد 15 يونيو 1969) ، المعروف باسم Ice Cube ، هو مغني راب وممثل أمريكي. بدأ حياته المهنية كعضو في مجموعة الهيب هوب C.I.A. وانضم لاحقًا إلى مجموعة الراب المنوية NWA (Niggaz With Attitudes).
CASE_0247,939020,endpoint,3,2267867,0.5599,0.5599,0,ar,نشأت موسيقى الراب في منتصف السبعينيات ، على الرغم من أن نوع الموسيقى لم يلق اهتمامًا على الصعيد الوطني حتى أوائل عام 1980 - أصول موسيقى الراب. في نوادي الرقص في مدينة نيويورك في برونكس في أواخر عام 1970 ، بدأ نادي DJs في عزل وتجربة الأصوات من موسيقى الديسكو والفانك في عام 1970 ⠬Â ق.
CASE_0247,939020,endpoint,4,3207113,0.5569,0.5569,0,ar,أصول موسيقى الراب. في نوادي الرقص في مدينة نيويورك في برونكس في أواخر عام 1970 ، بدأ نادي DJs في عزل وتجربة الأصوات من موسيقى الديسكو والفانك في عام 1970 ⠬Â ق.
CASE_0247,939020,endpoint,5,2241233,0.5431,0.5431,0,ar,تطورت موسيقى الهيب هوب الذهبية (1986-1996) عندما بدأ جيل جديد من فناني الراب ومجموعات الراب مثل Run-DMC في رفع مستوى تعقيد القافية والتلاعب بالألفاظ. في أواخر الثمانينيات ، ظهر Ice-T ومجموعة تسمى NWA. قدم نوعًا فرعيًا يسمى Gangsta rap والذي يحتوي على كلمات وإشارات جنسية صريحة إلى المخدرات والأسلحة و
CASE_0247,939020,endpoint,6,7910301,0.5429,0.5429,0,ar,في أوائل الثمانينيات ، كان مغني الراب مثل EASY E و DR. لم يكن DRE و ICE CUBE و DJ QUICK أكثر من أطفال صغار نشأوا في شوارع كومبتون القاسية. كان Snoop Dog في North Long Beach ، على حدود Compton ، متورطًا مع عصابة Crip. Easy E، DR. كان DRE و Ice Cube يتسكعون في منطقة Atlantic Dr. ، وهو شارع في Compton
CASE_0247,939020,endpoint,7,7761604,0.5405,0.5405,0,ar,بدأ Riff Raff موسيقى الراب في عام 2005 ، حيث صنع أقراصًا مدمجة محلية الصنع من موسيقى الراب على إيقاعات فنانين آخرين ، وتم توزيعها في مراكز التسوق المختلفة في هيوستن. كان ينسب إلى مؤثراته المبكرة كونه مغني الراب المخضرمين في تكساس ديفين ذا دود وبول وول.
CASE_0247,939020,endpoint,8,6937792,0.54,0.54,0,ar,تم إصدار الألبوم الأول الذي يحمل عنوان No Doubt أخيرًا في عام 1992 ، لكنه لم يتضمن أي أغاني فردية إذاعية ، على الرغم من أن مقطع فيديو تم إنشاؤه لـ Trapped in a Box. تناقض صوت البوب ​​/ الكارتون المتفائل بوضوح في الألبوم بشكل حاد مع حركة الجرونج المهيمنة آنذاك.
CASE_0247,939020,endpoint,9,8685848,0.536,0.536,0,ar,ارتفعت شهرة Ice Cube في أواخر الثمانينيات كعضو في مجموعة الراب المثيرة للجدل NWA. قبل الاستمتاع بالنجاح كفنان منفرد وممثل.
CASE_0247,939020,endpoint,10,7054591,0.5304,0.5304,0,ar,قلة من الفرق الموسيقية في تاريخ موسيقى الروك كان لها تأثير مباشر وملموس على مشهدها الموسيقي البوب ​​المعاصر أكثر مما فعلته نيرفانا في أوائل التسعينيات. عندما ضرب ثلاثي سياتل المشهد في عام 1991 ، كان الراديو السائد مغمورًا بمعدن الشعر الخاص بـ Poison and Def Leppard. في العام التالي ، وقعت شركة سياتل
CASE_0247,939020,mixed,1,6615611,0.6531,0.6531,0,ar,لمكعبات الثلج ، انظر مكعبات الثلج. للاستخدامات الأخرى ، انظر مكعبات الثلج (توضيح). أوشيا جاكسون الأب (من مواليد 15 يونيو 1969) ، المعروف باسم Ice Cube ، هو مغني راب وممثل أمريكي. بدأ حياته المهنية كعضو في مجموعة الهيب هوب C.I.A. وانضم لاحقًا إلى مجموعة الراب المنوية NWA (Niggaz With Attitudes).
CASE_0247,939020,mixed,2,8685848,0.6496,0.6496,0,ar,ارتفعت شهرة Ice Cube في أواخر الثمانينيات كعضو في مجموعة الراب المثيرة للجدل NWA. قبل الاستمتاع بالنجاح كفنان منفرد وممثل.
CASE_0247,939020,mixed,3,3410108,0.6331,0.6331,0,ar,كان Ice Cube أول عضو في مجموعة الراب في كاليفورنيا NWA. للمغادرة ، وسرعان ما أثبت نفسه كواحد من أفضل فناني الهيب هوب والأكثر إثارة للجدل. منذ بداية حياته المهنية ، أثار الجدل ، لأن القوافي كانت بذيئة وسياسية.
CASE_0247,939020,mixed,4,7910296,0.6324,0.6324,1,ar,تحول Ice Cube من مغني راب مبتكر ومثير للجدل إلى نجم سينمائي مشهور بالأفلام الناجحة يوم الجمعة (1995) و Barbershop (2002 ، مع Cedric The Entertainer). شارك Ice Cube في تأسيس مجموعة الهيب هوب NWA. (Niggaz With Attitude) في أواخر الثمانينيات ، جنبًا إلى جنب مع مغني الراب إيزي إي والمنتج دكتور دري.
CASE_0247,939020,mixed,5,2880193,0.615,0.615,0,ar,جاءت المحاولة الأولى للمجموعة في موسيقى الراب في عام 1983 محاكاة ساخرة لموسيقى الهيب هوب من الفينيل مقاس 12 بوصة ، Cookie Puss ، بناءً على مكالمة كرنك قاموا بها لشركة Carvel ice cream.
CASE_0247,939020,mixed,6,3410115,0.605,0.605,0,ar,السيرة الذاتية الكاملة. كان Ice Cube أول عضو في مجموعة الراب في كاليفورنيا NWA. للمغادرة ، وسرعان ما أثبت نفسه كواحد من أفضل فناني الهيب هوب والأكثر إثارة للجدل. منذ بداية حياته المهنية ، أثار الجدل ، لأن القوافي كانت بذيئة وسياسية.
CASE_0247,939020,mixed,7,7910301,0.5918,0.5918,0,ar,في أوائل الثمانينيات ، كان مغني الراب مثل EASY E و DR. لم يكن DRE و ICE CUBE و DJ QUICK أكثر من أطفال صغار نشأوا في شوارع كومبتون القاسية. كان Snoop Dog في North Long Beach ، على حدود Compton ، متورطًا مع عصابة Crip. Easy E، DR. كان DRE و Ice Cube يتسكعون في منطقة Atlantic Dr. ، وهو شارع في Compton
CASE_0247,939020,mixed,8,2241233,0.5913,0.5913,0,ar,تطورت موسيقى الهيب هوب الذهبية (1986-1996) عندما بدأ جيل جديد من فناني الراب ومجموعات الراب مثل Run-DMC في رفع مستوى تعقيد القافية والتلاعب بالألفاظ. في أواخر الثمانينيات ، ظهر Ice-T ومجموعة تسمى NWA. قدم نوعًا فرعيًا يسمى Gangsta rap والذي يحتوي على كلمات وإشارات جنسية صريحة إلى المخدرات والأسلحة و
CASE_0247,939020,mixed,9,7910303,0.5879,0.5879,0,ar,Tracy Lauren Marrow (من مواليد 16 فبراير 1958) ، المعروف باسمه المسرحي Ice-T ، هو مغني راب ومغني وممثل أمريكي. بدأ حياته المهنية كمغني راب في الثمانينيات وتم توقيعه في Sire Records في عام 1987 ، عندما أصدر ألبومه الأول Rhyme Pays ، وهو أول ألبوم هيب هوب يحمل ملصقًا صريحًا للمحتوى.
CASE_0247,939020,mixed,10,6427534,0.5878,0.5878,0,ar,أطلق على مغني الراب الأمريكي المعروف باسم Ice Cube اسم O'Shea Jackson بمناسبة ولادته في 15 يونيو 1969. يبلغ عمر آيس كيوب (أوشيا جاكسون) 48 عامًا (تاريخ الميلاد: 15 يونيو 1969). اسم Ice Cube الحقيقي هو O'shea Jackson.
CASE_0247,975775,endpoint,1,7108383,0.6664,0.6664,0,ar,ينتج الاضطراب عن طفرة في جين على الكروموسوم 17. يشفر الجين لبروتين يسمى نيوروفيبومين. ينظم هذا البروتين نشاط بروتين آخر يسمى ras ، والذي يعزز انقسام الخلايا.
CASE_0247,975775,endpoint,2,2249997,0.6492,0.6492,0,ar,الاضطرابات الجينية والعيوب الخلقية. تحتوي الجينات على الحمض النووي ، وهو الكود الذي يوجه تطور الخلايا. يمكن أن تسبب طفرة في جين أو مجموعة جينات حالة وراثية أو عيبًا خلقيًا. تعرف على المزيد من خبرائنا حول الاضطرابات الوراثية والعيوب الخلقية.
CASE_0247,975775,endpoint,3,1704931,0.6451,0.6451,0,ar,يحدث الاضطراب نفسه من تفاعل هذه الجينات وعوامل أخرى - مثل الصدمات النفسية والضغوط البيئية - التي يمكن أن تؤثر أو تحفز المرض لدى الشخص الذي ورث قابلية للإصابة به.
CASE_0247,975775,endpoint,4,6257232,0.6436,0.6436,0,ar,في عام 1999 حدد الباحثون الجين المسبب للاضطراب. يسمح جين الخدار للخلايا الموجودة في منطقة ما تحت المهاد (جزء الدماغ الذي ينظم سلوك النوم) بتلقي الرسائل من الخلايا الأخرى.
CASE_0247,975775,endpoint,5,5564132,0.6406,0.6406,0,ar,الجينات هي التعليمات لنمو وتطور أجسامنا. ينتج الاضطراب الوراثي عن جين أو مجموعة جينات معدلة أو معيبة. المجموعات الأربع العريضة للاضطرابات الوراثية هي اضطرابات الجين الفردي ، وتشوهات الكروموسومات ، واضطرابات الميتوكوندريا ، والاضطرابات متعددة العوامل.
CASE_0247,975775,endpoint,6,1398770,0.6385,0.6385,0,ar,ما هي الاضطرابات الجينية. الاضطراب الوراثي هو مرض ينتج عن خلل في الحمض النووي للفرد. يمكن أن تكون التشوهات صغيرة مثل طفرة أحادية القاعدة في جين واحد فقط ، أو يمكن أن تنطوي على إضافة أو طرح كروموسومات كاملة. لمعرفة المزيد حول بعض الاضطرابات الوراثية المحددة ، تصفح الصفحات أدناه. تعرف على الاضطرابات ا
CASE_0247,975775,endpoint,7,1893699,0.6348,0.6348,0,ar,(أكتوبر 2008). الاضطراب الوراثي هو مشكلة وراثية ناتجة عن واحد أو أكثر من التشوهات في الجينوم ، وخاصة حالة موجودة منذ الولادة (خلقي) ، وتكون معظم الاضطرابات الوراثية نادرة جدًا وتؤثر على شخص واحد من بين عدة آلاف أو ملايين. قد لا تكون وراثية ، أي تنتقل من جينات الوالدين. في الاضطرابات الوراثية غير الو
CASE_0247,975775,endpoint,8,5979031,0.6346,0.6346,0,ar,لوس أنجلوس ، 30 تموز (يوليو) - يقول الباحثون إنهم اكتشفوا الخلل الجيني المسؤول عن حوالي ثلث حالات التقزم ، أو حالة واحدة من بين كل 20 ألف شخص. اكتشف العلماء في جامعة كاليفورنيا في إيرفين الجين الذي يسبب الخلل ، الودانة ، بعد ستة أسابيع فقط من بدء البحث عنه. قامت ثلاثة فرق أخرى بتضييق نطاق البحث إلى
CASE_0247,975775,endpoint,9,1985931,0.6341,0.6341,0,ar,(أكتوبر 2008). الاضطراب الوراثي هو مشكلة وراثية ناتجة عن واحد أو أكثر من التشوهات في الجينوم ، وخاصة حالة موجودة منذ الولادة (خلقي) ، وتكون معظم الاضطرابات الوراثية نادرة جدًا وتؤثر على شخص واحد من بين عدة آلاف أو ملايين. قد لا تكون وراثية ، أي تنتقل من جينات الوالدين. في الاضطرابات الوراثية غير الو
CASE_0247,975775,endpoint,10,6012313,0.634,0.634,0,ar,الاضطراب الوراثي هو مشكلة وراثية ناتجة عن واحد أو أكثر من التشوهات في الجينوم ، خاصةً حالة موجودة منذ الولادة (خلقي). معظم الاضطرابات الوراثية نادرة جدًا وتؤثر على شخص واحد من بين عدة آلاف أو ملايين. ينتج اضطراب الجين المفرد عن جين واحد متحور. يحدث أكثر من 4000 مرض يصيب الإنسان بسبب عيوب في جين واحد
CASE_0247,975775,mixed,1,7108383,0.662,0.662,0,ar,ينتج الاضطراب عن طفرة في جين على الكروموسوم 17. يشفر الجين لبروتين يسمى نيوروفيبومين. ينظم هذا البروتين نشاط بروتين آخر يسمى ras ، والذي يعزز انقسام الخلايا.
CASE_0247,975775,mixed,2,5979031,0.6564,0.6564,0,ar,لوس أنجلوس ، 30 تموز (يوليو) - يقول الباحثون إنهم اكتشفوا الخلل الجيني المسؤول عن حوالي ثلث حالات التقزم ، أو حالة واحدة من بين كل 20 ألف شخص. اكتشف العلماء في جامعة كاليفورنيا في إيرفين الجين الذي يسبب الخلل ، الودانة ، بعد ستة أسابيع فقط من بدء البحث عنه. قامت ثلاثة فرق أخرى بتضييق نطاق البحث إلى
CASE_0247,975775,mixed,3,6257232,0.6483,0.6483,0,ar,في عام 1999 حدد الباحثون الجين المسبب للاضطراب. يسمح جين الخدار للخلايا الموجودة في منطقة ما تحت المهاد (جزء الدماغ الذي ينظم سلوك النوم) بتلقي الرسائل من الخلايا الأخرى.
CASE_0247,975775,mixed,4,7784698,0.6472,0.6472,1,ar,ينشأ الاضطراب الوراثي وهو الورم الليفي العصبي من النوع 1 من جين NF1 الموجود في الذراع الطويلة للكروموسوم 17. في حين أن دور الجين NF1 غير مفهوم تمامًا ، إلا أنه من المعروف أنه ينتج البروتين الليفي العصبي المنتج البروتيني.
CASE_0247,975775,mixed,5,2039163,0.6421,0.6421,0,ar,يقع الخلل عادةً على الذراع الطويلة للكروموسوم 19 (19q13.1) التي تتضمن مستقبلات ريانودين. ترتبط أكثر من 25 طفرة مختلفة في هذا الجين بارتفاع الحرارة الخبيث. تميل هذه الطفرات إلى التجمع في أحد المجالات الثلاثة داخل البروتين ، المعينة MH1-3.
CASE_0247,975775,mixed,6,7839825,0.6347,0.6347,0,ar,يكمن الجين الذي يرمز إلى إحدى سلاسل البولي ببتيد في بروتين الدم الهيموجلوبين في الكروموسوم 11 في البشر. يمكن أن يؤدي تغيير زوج قاعدة الحمض النووي الفردي في الجين إلى إنشاء كودون غير صحيح في جزيء الرنا المرسال المصنوع من هذا الحمض النووي.
CASE_0247,975775,mixed,7,1893699,0.6342,0.6342,0,ar,(أكتوبر 2008). الاضطراب الوراثي هو مشكلة وراثية ناتجة عن واحد أو أكثر من التشوهات في الجينوم ، وخاصة حالة موجودة منذ الولادة (خلقي) ، وتكون معظم الاضطرابات الوراثية نادرة جدًا وتؤثر على شخص واحد من بين عدة آلاف أو ملايين. قد لا تكون وراثية ، أي تنتقل من جينات الوالدين. في الاضطرابات الوراثية غير الو
CASE_0247,975775,mixed,8,2249997,0.6331,0.6331,0,ar,الاضطرابات الجينية والعيوب الخلقية. تحتوي الجينات على الحمض النووي ، وهو الكود الذي يوجه تطور الخلايا. يمكن أن تسبب طفرة في جين أو مجموعة جينات حالة وراثية أو عيبًا خلقيًا. تعرف على المزيد من خبرائنا حول الاضطرابات الوراثية والعيوب الخلقية.
CASE_0247,975775,mixed,9,1985931,0.6331,0.6331,0,ar,(أكتوبر 2008). الاضطراب الوراثي هو مشكلة وراثية ناتجة عن واحد أو أكثر من التشوهات في الجينوم ، وخاصة حالة موجودة منذ الولادة (خلقي) ، وتكون معظم الاضطرابات الوراثية نادرة جدًا وتؤثر على شخص واحد من بين عدة آلاف أو ملايين. قد لا تكون وراثية ، أي تنتقل من جينات الوالدين. في الاضطرابات الوراثية غير الو
CASE_0247,975775,mixed,10,6693904,0.6322,0.6322,0,ar,(أكتوبر 2008) الاضطراب الوراثي هو مشكلة وراثية ناتجة عن واحد أو أكثر من التشوهات في الجينوم ، وخاصة حالة موجودة منذ الولادة (خلقي). معظم الاضطرابات الوراثية نادرة جدًا وتؤثر على شخص واحد من بين عدة آلاف أو ملايين. قد تكون الاضطرابات الجينية وراثية ، تنتقل من جينات الوالدين. في الاضطرابات الوراثية ال
CASE_0247,1005678,endpoint,1,3042783,0.5484,0.5484,0,ar,الفنانون الذين سجلوا مواده هم راي برايس ، واندا جاكسون ، كوني سميث ، لين أندرسون ، جيم ريفز ، كونواي تويتي ، إيدي أرنولد ، روي كلارك ، كون هونلي ، ليفتي فريزيل ، براد بيزلي ، كيني تشيسني ، وجورج سترايت. كان لدى بيل أندرسون برنامجه التلفزيوني الخاص في الستينيات.
CASE_0247,1005678,endpoint,2,8154040,0.5413,0.5413,0,ar,"""موسيقى بيانو تبعث على الاسترخاء تُدعى """"المساء الهادئ"""" ، من تأليف بيدير بي هيلاند. أتمنى أن تستمتع بقائمة تشغيل مدتها ساعة واحدة من موسيقى البيانو الهادئة والبطيئة. التقطت الصورة في حديقة في النرويج. أنا ملحن من النرويج وكل الموسيقى على هذه القناة من تأليفي. هذه القناة مخصصة لقوائم تشغيل طويلة من"
CASE_0247,1005678,endpoint,3,1812850,0.5407,0.5407,0,ar,أريد أن أمسك بيدك (جون لينون ، بول مكارتني) Ã' 7:23. تحدث بصوت منخفض (أوغدن ناش ، كيرت ويل) àÂœ 7:14. ستيلا من ستارلايت (نيد واشنطن ، فيكتور يونغ) à- 6:29. كوركوفادو (ليالي هادئة) (أنطونيو كارلوس جوبيم) 5:59. قد يكون هذا بداية لشيء ما (ستيف ألين) ââ € 7:08.
CASE_0247,1005678,endpoint,4,261629,0.5351,0.5351,0,ar,(Musee musà© e'D ، Orsay). رسم باريس فان جوخ كتابه الأيقوني The Starry night في عام 1889 أثناء وجوده في ملجأ In-Saint. ريمي ريمي من أجمل الأشياء التي رسمها رسامي ، هذا القرن الذي كتبه إلى ثيو في أبريل 1885 كان بمثابة لوحة للظلام .. لا تزال ملونة
CASE_0247,1005678,endpoint,5,62784,0.5323,0.5323,0,ar,غنى في الليل تشاد كروجر (من نيكيلباك) وكارلوس سانتانا.
CASE_0247,1005678,endpoint,6,2285481,0.5319,0.5319,0,ar,الأغنية هي فينسنت وسجلها دون ماكلين عام 1971. يشار إليه أحيانًا باسم Starry Starry Night .. وهو مكرس لما بعد الانطباعي المشهور فنسنت فان جوخ (1853-1890) ، الذي يضم أشهر أعماله عام 1889 لوحة تسمى ليلة النجوم. فينسنت فان جوخ ، ليلة النجوم مثل الرسامين الانطباعيين ، الذين أثروا عليه لإضفاء السطوع على ل
CASE_0247,1005678,endpoint,7,6418795,0.5306,0.5306,0,ar,فيليب جلاسر وبيتسي كاثكارت في مكان ما هناك تحت ضوء القمر الباهت. روجر ويتاكر في مكان ما هناك تحت ضوء القمر الباهت. سيوبان كينيدي في مكان ما هناك في العالم الليلة فقط خارج بلدي. ر واحد إذا كنت تستطيع أن ترى نفسك فقط ، بالطريقة التي أرى بها.
CASE_0247,1005678,endpoint,8,2034534,0.5301,0.5301,0,ar,تم الاستشهاد بـ Salvador Dalà كمصدر إلهام رئيسي من قبل العديد من الفنانين المعاصرين ، مثل Damien Hirst و Jeff Koons ومعظم السرياليين المعاصرين الآخرين. إن تعبيرات سلفادور دالو المهووسة وشاربه الشهير جعلته شيئًا ما رمزًا ثقافيًا للغرابة والسريالية. تم تصويره في فيلم روبرت باتينسون في Little Ashes (20
CASE_0247,1005678,endpoint,9,4180516,0.5288,0.5288,0,ar,الأغنية هي فينسنت وسجلها دون ماكلين عام 1971. يشار إليه أحيانًا باسم Starry Starry Night .. وهو مكرس لما بعد الانطباعي المشهور فنسنت فان جوخ (1853-1890) ، الذي يضم أشهر أعماله عام 1889 لوحة تسمى ليلة النجوم.
CASE_0247,1005678,endpoint,10,2370482,0.5283,0.5283,0,ar,1 لي بونتيكو ، بدون عنوان (1961) 2 سلفادور دالي ، ثبات الذاكرة (1931) 3 ويليم دي كونينغ ، المرأة الأولى (1950 - 52) 4 فريدا كاهلو ، النفس - صورة ذات شعر قصير (1940) 5 روي ليختنشتاين ، فتاة تغرق (1963) 6 كازيمير ماليفيتش ، أبيض على أبيض (1918) 7 هنري ماتيس ، درس البيانو (1916) 8 بابلو بيكاسو ، ليس دي
CASE_0247,1005678,mixed,1,7832367,0.5696,0.5696,0,ar,في فيلم Still of the Night تم تسجيله أيضًا بواسطة Beach Boys في ألبومهم 15 Big Ones لعام 1976. غناء الرصاص كان بواسطة الطبال دينيس ويلسون. أدرج مؤلفو الأغاني مايك ريد وتروي سيلز الأغنية في أغنية عام 1985 Lost in the Fifties Tonight (In the Still of the Night) ، التي يؤديها روني ميلساب.
CASE_0247,1005678,mixed,2,2285481,0.5461,0.5461,0,ar,الأغنية هي فينسنت وسجلها دون ماكلين عام 1971. يشار إليه أحيانًا باسم Starry Starry Night .. وهو مكرس لما بعد الانطباعي المشهور فنسنت فان جوخ (1853-1890) ، الذي يضم أشهر أعماله عام 1889 لوحة تسمى ليلة النجوم. فينسنت فان جوخ ، ليلة النجوم مثل الرسامين الانطباعيين ، الذين أثروا عليه لإضفاء السطوع على ل
CASE_0247,1005678,mixed,3,4180516,0.5438,0.5438,0,ar,الأغنية هي فينسنت وسجلها دون ماكلين عام 1971. يشار إليه أحيانًا باسم Starry Starry Night .. وهو مكرس لما بعد الانطباعي المشهور فنسنت فان جوخ (1853-1890) ، الذي يضم أشهر أعماله عام 1889 لوحة تسمى ليلة النجوم.
CASE_0247,1005678,mixed,4,1198963,0.5363,0.5363,0,ar,The Sound of Silence ، في الأصل The Sounds of Silence ، هي أغنية من تأليف الثنائي الموسيقي الأمريكي Simon & Garfunkel. كتب الأغنية بول سايمون على مدى عدة أشهر في عامي 1963 و 1964. أدى اختبار الاستوديو إلى توقيع الثنائي على صفقة قياسية مع شركة كولومبيا للتسجيلات ، وتم تسجيل الأغنية في مارس 1964 في اس
CASE_0247,1005678,mixed,5,7832369,0.5323,0.5323,1,ar,سيرة الفنان ستيفن توماس إرلوين. اشتهرت The Five Satins بأغنية doo wop الكلاسيكية In the Still of the Night ، وهي أغنية كانت شائعة بما يكفي لجعل المجموعة واحدة من أشهر أزياء doo wop ، على الرغم من أنهم لم يلقوا أي أغنية أخرى بنفس الحجم.
CASE_0247,1005678,mixed,6,62784,0.5247,0.5247,0,ar,غنى في الليل تشاد كروجر (من نيكيلباك) وكارلوس سانتانا.
CASE_0247,1005678,mixed,7,2285477,0.523,0.523,0,ar,الأغنية هي فينسنت وسجلها دون ماكلين عام 1971. يشار إليه أحيانًا باسم Starry Starry Night .. وهو مكرس لما بعد الانطباعي المشهور فنسنت فان جوخ (1853-1890) ، الذي يضم أشهر أعماله عام 1889 اللوحة تسمى The Starry Night. تسمى لوحة فنسنت فان جوخ The Starry Night. Starry Starry Nigh هي أغنية كتبها وغناها دو
CASE_0247,1005678,mixed,8,5285733,0.5194,0.5194,0,ar,فرانز زافير جروبر ، رسمها سيباستيان ستيف (1846). ليلة صامتة (بالألمانية: Stille Nacht ، heilige Nacht) هي ترانيم شهيرة لعيد الميلاد ، ألفها فرانز زافير جروبر في عام 1818 لكلمات جوزيف موهر في بلدة أوبرندورف الصغيرة باي سالزبورغ ، النمسا ، وقد أعلنت اليونسكو أنها تراث ثقافي غير مادي في عام 1818. 2011
CASE_0247,1005678,mixed,9,2285476,0.5186,0.5186,0,ar,دون ماكلين الأغنية هي فينسينت (1971). تمت كتابة الأغنية وتسجيلها بواسطة دون ماكلين ويشار إليها أحيانًا باسم Starry Starry Night .. وهي مخصصة للفنان ما بعد الانطباعي f €Â¦ amous فنسنت فان جوخ (1853-1890) ) ، ومن أشهر أعماله لوحة تعود لعام 1889 تسمى The Starry Night. فينسنت فان جوخ ، ليلة النجوم مثل ا
CASE_0247,1005678,mixed,10,7832366,0.5154,0.5154,0,ar,In the Still of the Night هي الأغنية الوحيدة التي تم رسمها على Billboard Hot 100 ثلاث مرات منفصلة ، بواسطة نفس الفنان بنفس الإصدار في كل مرة. بعد أن وصل في البداية إلى رقم 24 في عام 1956 ، تم إصداره مرة أخرى في عام 1960 ووصل إلى رقم 81. ثم بعد أكثر من عام في عام 1961 وصل إلى رقم 99.
CASE_0247,1017605,endpoint,1,7237414,0.6884,0.6884,0,ar,التوقيت المحلي الحالي: تالاهاسي ، فلوريدا في المنطقة الزمنية الشرقية: الوقت الحالي في تالاهاسي ، فلوريدا هو: الجمعة 16/2/2018 9:03 ص EST تالاهاسي ، فلوريدا في المنطقة الزمنية الشرقية
CASE_0247,1017605,endpoint,2,4678141,0.685,0.685,0,ar,تالاهاسي هي عاصمة ولاية فلوريدا وأكبر مدن جاكسونفيل وميامي وتامبا وسانت بطرسبرغ وهياليه وأورلاندو. يقع الجزء الشرقي من فلوريدا (الذي يشمل جميع البلدات والمدن الرئيسية) في المنطقة الزمنية الشرقية ، والتي تتخلف 5 ساعات عن توقيت غرينتش (GMT-5).
CASE_0247,1017605,endpoint,3,186634,0.6541,0.6541,0,ar,أصبحت تالاهاسي عاصمة فلوريدا ، ثم إقليم فلوريدا ، في عام 1824. في عام 2015 ، كان عدد السكان 189907 نسمة ، مما جعلها سابع أكبر مدينة في ولاية فلوريدا الأمريكية ، والمدينة رقم 126 في الولايات المتحدة. [6] بلغ عدد سكان منطقة تالاهاسي الحضرية 377،924 اعتبارًا من عام 2015.
CASE_0247,1017605,endpoint,4,428566,0.6476,0.6476,0,ar,اختصار البريد الأمريكي هو FL. تالاهاسي هي عاصمة ولاية فلوريدا وأكبر مدن جاكسونفيل وميامي وتامبا وسانت بطرسبرغ وهياليه وأورلاندو. يقع الجزء الشرقي من فلوريدا (الذي يشمل جميع البلدات والمدن الرئيسية) في المنطقة الزمنية الشرقية ، والتي تتخلف 5 ساعات عن توقيت غرينتش (GMT-5). يقع الجزء الغربي من منطقة فل
CASE_0247,1017605,endpoint,5,2071691,0.6458,0.6458,0,ar,تالاهاسي هي عاصمة ولاية فلوريدا الأمريكية. إنه مقر المقاطعة وبلدية مدمجة فقط في مقاطعة ليون وهي أكبر مدينة رقم 126 في الولايات المتحدة. أصبحت تالاهاسي عاصمة فلوريدا ، ثم إقليم فلوريدا ، في عام 1824. في عام 2010 ، كان عدد السكان 181.376 نسمة ، وبلغت منطقة تالاهاسي الحضرية 375751 اعتبارًا من عام 2014.
CASE_0247,1017605,endpoint,6,3333343,0.6457,0.6457,0,ar,فلوريدا لديها منطقتان زمنيتان. يتم استخدام المنطقة الزمنية للعاصمة تالاهاسي هنا. الشمس: ࢠ⠀ â € 07:08 صباحا â € Ã'â € 08:05 مساء (12h 57m) مزيد من المعلومات.
CASE_0247,1017605,endpoint,7,186632,0.643,0.643,0,ar,تالاهاسي هي عاصمة ولاية فلوريدا الأمريكية. إنه مقر المقاطعة وبلدية مدمجة فقط في مقاطعة ليون. أصبحت تالاهاسي عاصمة فلوريدا ، ثم إقليم فلوريدا ، في عام 1824. في عام 2015 ، كان عدد السكان 189907 نسمة ، مما يجعلها سابع أكبر مدينة في ولاية فلوريدا الأمريكية ، والمدينة رقم 126 في الولايات المتحدة.
CASE_0247,1017605,endpoint,8,4678138,0.6378,0.6378,0,ar,مدن في فلوريدا. توقيت تالاهاسي. EDTE - التوقيت الصيفي الشرقي. 12 مارس 2017 الأحد 12 مارس 2017 الساعة 3:00:00 صباحًا بالتوقيت المحلي. 05 نوفمبر 2017 الأحد 05 نوفمبر 2017 الساعة 2:00:00 صباحًا بالتوقيت المحلي ، يتغير الوقت إلى 1:00:00 صباحًا. بدأت UTC-4: 00DST في 12 مارس 2017 ، تحركت الساعات إلى الأما
CASE_0247,1017605,endpoint,9,1221982,0.6353,0.6353,0,ar,بلغ عدد سكان منطقة تالاهاسي الحضرية 377.924 اعتبارًا من عام 2015. تالاهاسي هي أكبر مدينة في منطقة شمال غرب فلوريدا بالإضافة إلى المركز الرئيسي للتجارة والزراعة في مناطق فلوريدا بيج بيند وجنوب غرب جورجيا.
CASE_0247,1017605,endpoint,10,1221989,0.634,0.634,0,ar,تالاهاسي ، فلوريدا. تالاهاسي هي عاصمة ولاية فلوريدا الأمريكية. إنه مقر المقاطعة وبلدية مدمجة فقط في مقاطعة ليون. أصبحت تالاهاسي عاصمة فلوريدا ، ثم إقليم فلوريدا ، في عام 1824. في عام 2015 ، كان عدد السكان 189907 نسمة ، مما جعل المدينة 126 أكبر مدينة في الولايات المتحدة.
CASE_0247,1017605,mixed,1,7237414,0.7356,0.7356,0,ar,التوقيت المحلي الحالي: تالاهاسي ، فلوريدا في المنطقة الزمنية الشرقية: الوقت الحالي في تالاهاسي ، فلوريدا هو: الجمعة 16/2/2018 9:03 ص EST تالاهاسي ، فلوريدا في المنطقة الزمنية الشرقية
CASE_0247,1017605,mixed,2,4678141,0.7169,0.7169,0,ar,تالاهاسي هي عاصمة ولاية فلوريدا وأكبر مدن جاكسونفيل وميامي وتامبا وسانت بطرسبرغ وهياليه وأورلاندو. يقع الجزء الشرقي من فلوريدا (الذي يشمل جميع البلدات والمدن الرئيسية) في المنطقة الزمنية الشرقية ، والتي تتخلف 5 ساعات عن توقيت غرينتش (GMT-5).
CASE_0247,1017605,mixed,3,7237407,0.704,0.704,0,ar,الوقت والتاريخ الحاليين لتلاهاسي. المنطقة الزمنية هي التوقيت الرسمي الشرقي (EST). يمكنك أيضًا العثور على القطعة على مدار الساعة بالتوقيت المحلي لـ Tallahassee، Florida الصفحة الرئيسية »أمريكا الشمالية» الولايات المتحدة »Florida» Tallahassee
CASE_0247,1017605,mixed,4,4678138,0.7039,0.7039,0,ar,مدن في فلوريدا. توقيت تالاهاسي. EDTE - التوقيت الصيفي الشرقي. 12 مارس 2017 الأحد 12 مارس 2017 الساعة 3:00:00 صباحًا بالتوقيت المحلي. 05 نوفمبر 2017 الأحد 05 نوفمبر 2017 الساعة 2:00:00 صباحًا بالتوقيت المحلي ، يتغير الوقت إلى 1:00:00 صباحًا. بدأت UTC-4: 00DST في 12 مارس 2017 ، تحركت الساعات إلى الأما
CASE_0247,1017605,mixed,5,7237410,0.7002,0.7002,1,ar,التوقيت المحلي الحالي في Tallahassee والأحوال الجوية في Tallahassee، Leon County، Florida، الولايات المتحدة الأمريكية، Eastern Time Zone. تحقق من المناطق الزمنية الرسمية ، والوقت الفعلي الدقيق وتواريخ تحويل التوقيت الصيفي في 2016 لتلاهاسي ، فلوريدا ، الولايات المتحدة الأمريكية - تغيير وقت الخريف 201
CASE_0247,1017605,mixed,6,428566,0.6874,0.6874,0,ar,اختصار البريد الأمريكي هو FL. تالاهاسي هي عاصمة ولاية فلوريدا وأكبر مدن جاكسونفيل وميامي وتامبا وسانت بطرسبرغ وهياليه وأورلاندو. يقع الجزء الشرقي من فلوريدا (الذي يشمل جميع البلدات والمدن الرئيسية) في المنطقة الزمنية الشرقية ، والتي تتخلف 5 ساعات عن توقيت غرينتش (GMT-5). يقع الجزء الغربي من منطقة فل
CASE_0247,1017605,mixed,7,3333343,0.6807,0.6807,0,ar,فلوريدا لديها منطقتان زمنيتان. يتم استخدام المنطقة الزمنية للعاصمة تالاهاسي هنا. الشمس: ࢠ⠀ â € 07:08 صباحا â € Ã'â € 08:05 مساء (12h 57m) مزيد من المعلومات.
CASE_0247,1017605,mixed,8,1395555,0.6759,0.6759,0,ar,المناخ تالاهاسي - فلوريدا. Ã⠀ šÃ' ° C | Ã⠀ šÃ' درجة فهرنهايت. بيانات المناخ لـ tallahassee Municipality ap ، خط الطول: -84.3533 ، خط العرض: 30.3931. متوسط ​​حالة الطقس Tallahassee، FL - 32310 - 1981-2010 الأعراف. يناير: يناير ، فبراير: فبراير ، مارس: مارس ، أبريل: أبريل ، مايو: مايو ، يونيو: يونيو ،
CASE_0247,1017605,mixed,9,1936306,0.6599,0.6599,0,ar,تالاهاسي ، فلوريدا 32303. 850.765.7172. من الإثنين إلى الأربعاء ، من 10 صباحًا حتى 7 مساءً يوم السبت ، ومن 10 صباحًا حتى 7 مساءً يوم الأحد ، ومن 11 صباحًا حتى 5 مساءً
CASE_0247,1017605,mixed,10,7237344,0.6488,0.6488,0,ar,فلوريدا هي صفة إسبانية تعني منمق لأنه اكتشفها المستكشفون الإسبان خلال موسم عيد الفصح ، أو باسكوا فلوريدا بالإسبانية. اختصار البريد الأمريكي هو FL. تالاهاسي هي عاصمة ولاية فلوريدا وأكبر مدن جاكسونفيل وميامي وتامبا وسانت بطرسبرغ وهياليه وأورلاندو. يقع الجزء الشرقي من فلوريدا (الذي يشمل جميع البلدات وا
CASE_0247,1033725,endpoint,1,666606,0.616,0.616,0,ar,إيثرنت هي تقنية محلية متصلة بأجهزة قريبة. شاهد المزيد من صور اتصال الإنترنت. في عالم الأعمال التجارية اليوم ، أصبح الوصول الموثوق والفعال للمعلومات أحد الأصول المهمة في السعي لتحقيق ميزة تنافسية.
CASE_0247,1033725,endpoint,2,8096499,0.6037,0.6037,0,ar,إيثرنت إنترنت مخصص. خدمة إنترنت موثوقة وعالية الأداء للمؤسسات التي تشغل تطبيقات ذات سعة كبيرة وكثيفة النطاق. خدمات شبكة إيثرنت. تتيح الخدمة من نقطة متعددة إلى عدة نقاط للمستخدمين نقل حركة مرور الشبكة عبر جميع مواقعهم بأقصى قدر من التكرار وأقل زمن انتقال.
CASE_0247,1033725,endpoint,3,2162757,0.6005,0.6005,0,ar,إيثرنت / هي مجموعة من تقنيات شبكات الكمبيوتر المستخدمة بشكل شائع في شبكات المنطقة المحلية (LAN ) وشبكات المناطق الحضرية (MAN) وشبكات المنطقة الواسعة (WAN). تم تقديمه تجاريًا في عام 1980 وتم توحيده لأول مرة في عام 1983 باسم IEEE 802.3 ، ومنذ ذلك الحين تم تحسينه لدعم معدلات بت أعلى ومسافات ارتباط أطول
CASE_0247,1033725,endpoint,4,1577647,0.6002,0.6002,0,ar,إيثرنت / هي مجموعة من تقنيات شبكات الكمبيوتر المستخدمة بشكل شائع في شبكات المنطقة المحلية (LAN) و شبكات المناطق الحضرية (MANs). تم تقديمه تجاريًا في عام 1980 وتم توحيده لأول مرة في عام 1983 باسم IEEE 802.3 ، ومنذ ذلك الحين تم تحسينه لدعم معدلات بت أعلى ومسافات ارتباط أطول.
CASE_0247,1033725,endpoint,5,8069963,0.5986,0.5986,0,ar,مساهمة المحررين (0.00 / 0 صوت) صنف هذا التعريف: إيثرنت. نظام لربط عدد من أنظمة الكمبيوتر لتشكيل شبكة محلية ، مع بروتوكولات للتحكم في نقل البيانات والمعلومات. هناك العديد من أنواع الإيثرنت المختلفة التي تعمل وفقًا لمعايير وبروتوكولات مماثلة متفق عليها.
CASE_0247,1033725,endpoint,6,7838521,0.598,0.598,0,ar,إيثرنت ، تقنية شبكات الكمبيوتر المستخدمة في شبكات المنطقة المحلية (LAN). تم إنشاء Ethernet في عام 1973 من قبل فريق في Xerox Corporation - مركز Palo Alto للأبحاث (Xerox PARC) في كاليفورنيا. سعى الفريق ، بقيادة المهندس الكهربائي الأمريكي روبرت ميتكالف ، إلى ابتكار تقنية يمكنها توصيل العديد من أجهزة ال
CASE_0247,1033725,endpoint,7,2162756,0.594,0.594,0,ar,إيثرنت / هي مجموعة من تقنيات شبكات الكمبيوتر المستخدمة بشكل شائع في شبكات المنطقة المحلية (LAN) ، شبكات المناطق الحضرية (MAN) وشبكات المنطقة الواسعة (WAN). تم تقديمه تجاريًا في عام 1980 وتم توحيده لأول مرة في عام 1983 باسم IEEE 802.3 ، ومنذ ذلك الحين تم تحسينه لدعم معدلات بت أعلى ومسافات ارتباط أطول
CASE_0247,1033725,endpoint,8,1692870,0.5891,0.5891,0,ar,إيثرنت / هي مجموعة من تقنيات شبكات الكمبيوتر لشبكات المنطقة المحلية (LAN) ومنطقة العاصمة شبكات (مان). تم تقديمه تجاريًا في عام 1980 وتم توحيده لأول مرة في عام 1983 باسم IEEE 802.3 ، ومنذ ذلك الحين تم تحسينه لدعم معدلات بت أعلى ومسافات ارتباط أطول.
CASE_0247,1033725,endpoint,9,4963497,0.5891,0.5891,0,ar,مترو إيثرنت هي شبكة كمبيوتر تعتمد على معايير إيثرنت تغطي منطقة حضرية. يتم استخدامه بشكل شائع كشبكة وصول حضرية (MAN) لربط المشتركين والشركات بشبكة WAN ، مثل الإنترنت. يمكن للشركات الكبيرة أيضًا استخدام Metro Ethernet لتوصيل المكاتب الفرعية بشبكات الإنترانت الخاصة بهم.
CASE_0247,1033725,endpoint,10,6973679,0.5795,0.5795,0,ar,ࢠإيثرنت (اسم). الاسم إيثرنت له معنى واحد: 1. نوع من تكنولوجيا الشبكات لشبكات المنطقة المحلية. يحمل الكبل متحد المحور إشارات تردد لاسلكي بين أجهزة الكمبيوتر بمعدل 10 ميغا بت في الثانية. معلومات الألفة: استخدام إيثرنت كاسم نادر جدًا. للاسم إيثرنت حاسة واحدة: 1. نوع من تكنولوجيا الشبكات لشبكات المنطقة
CASE_0247,1033725,mixed,1,7838521,0.651,0.651,0,ar,إيثرنت ، تقنية شبكات الكمبيوتر المستخدمة في شبكات المنطقة المحلية (LAN). تم إنشاء Ethernet في عام 1973 من قبل فريق في Xerox Corporation - مركز Palo Alto للأبحاث (Xerox PARC) في كاليفورنيا. سعى الفريق ، بقيادة المهندس الكهربائي الأمريكي روبرت ميتكالف ، إلى ابتكار تقنية يمكنها توصيل العديد من أجهزة ال
CASE_0247,1033725,mixed,2,4963497,0.6335,0.6335,0,ar,مترو إيثرنت هي شبكة كمبيوتر تعتمد على معايير إيثرنت تغطي منطقة حضرية. يتم استخدامه بشكل شائع كشبكة وصول حضرية (MAN) لربط المشتركين والشركات بشبكة WAN ، مثل الإنترنت. يمكن للشركات الكبيرة أيضًا استخدام Metro Ethernet لتوصيل المكاتب الفرعية بشبكات الإنترانت الخاصة بهم.
CASE_0247,1033725,mixed,3,4377028,0.631,0.631,0,ar,إيثرنت / هي مجموعة من تقنيات شبكات الكمبيوتر لشبكات المنطقة المحلية (LAN) ومنطقة العاصمة شبكات (مان). تم تقديمه تجاريًا في عام 1980 وتم توحيده لأول مرة في عام 1983 باسم IEEE 802.3 ، ومنذ ذلك الحين تم تحسينه لدعم معدلات بت أعلى ومسافات ارتباط أطول. بمرور الوقت ، استبدلت Ethernet إلى حد كبير تقنيات LA
CASE_0247,1033725,mixed,4,6973676,0.6303,0.6303,0,ar,إيثرنت / هي مجموعة من تقنيات شبكات الكمبيوتر لشبكات المنطقة المحلية (LAN) ومنطقة العاصمة شبكات (مان). تم تقديمه تجاريًا في عام 1980 وتم توحيده لأول مرة في عام 1983 باسم IEEE 802.3 ، ومنذ ذلك الحين تم تحسينه لدعم معدلات بت أعلى ومسافات ارتباط أطول. يستخدم 10BASE5 Ethernet الأصلي كبلًا متحد المحور كوس
CASE_0247,1033725,mixed,5,7212184,0.6286,0.6286,1,ar,الغرض من كابل إيثرنت هو الانتقال إلى xboxlive. الأشياء التي تحتاجها هي إنترنت عالي السرعة أو xbox أو xbox360 أو مودم أو جهاز توجيه ثم تعيينك. هناك قابس ethenernet في الجزء الخلفي من الكمبيوتر يشبه قابس سلك هاتف كبير الحجم ويمكنك توصيله بالمودم الذي يتصل بخط الهاتف.
CASE_0247,1033725,mixed,6,6417717,0.6283,0.6283,0,ar,إيثرنت / هي مجموعة من تقنيات شبكات الكمبيوتر لشبكات المنطقة المحلية (LAN) ومنطقة العاصمة شبكات (مان). تم تقديمه تجاريًا في عام 1980 وتم توحيده لأول مرة في عام 1983 باسم IEEE 802.3 ، ومنذ ذلك الحين تم تحسينه لدعم معدلات بت أعلى ومسافات ارتباط أطول. بمرور الوقت ، استبدلت Ethernet إلى حد كبير تقنيات LA
CASE_0247,1033725,mixed,7,666606,0.6271,0.6271,0,ar,إيثرنت هي تقنية محلية متصلة بأجهزة قريبة. شاهد المزيد من صور اتصال الإنترنت. في عالم الأعمال التجارية اليوم ، أصبح الوصول الموثوق والفعال للمعلومات أحد الأصول المهمة في السعي لتحقيق ميزة تنافسية.
CASE_0247,1033725,mixed,8,2162757,0.6257,0.6257,0,ar,إيثرنت / هي مجموعة من تقنيات شبكات الكمبيوتر المستخدمة بشكل شائع في شبكات المنطقة المحلية (LAN ) وشبكات المناطق الحضرية (MAN) وشبكات المنطقة الواسعة (WAN). تم تقديمه تجاريًا في عام 1980 وتم توحيده لأول مرة في عام 1983 باسم IEEE 802.3 ، ومنذ ذلك الحين تم تحسينه لدعم معدلات بت أعلى ومسافات ارتباط أطول
CASE_0247,1033725,mixed,9,1577647,0.6214,0.6214,0,ar,إيثرنت / هي مجموعة من تقنيات شبكات الكمبيوتر المستخدمة بشكل شائع في شبكات المنطقة المحلية (LAN) و شبكات المناطق الحضرية (MANs). تم تقديمه تجاريًا في عام 1980 وتم توحيده لأول مرة في عام 1983 باسم IEEE 802.3 ، ومنذ ذلك الحين تم تحسينه لدعم معدلات بت أعلى ومسافات ارتباط أطول.
CASE_0247,1033725,mixed,10,8096499,0.6205,0.6205,0,ar,إيثرنت إنترنت مخصص. خدمة إنترنت موثوقة وعالية الأداء للمؤسسات التي تشغل تطبيقات ذات سعة كبيرة وكثيفة النطاق. خدمات شبكة إيثرنت. تتيح الخدمة من نقطة متعددة إلى عدة نقاط للمستخدمين نقل حركة مرور الشبكة عبر جميع مواقعهم بأقصى قدر من التكرار وأقل زمن انتقال.
CASE_0247,1040793,endpoint,1,7200389,0.805,0.805,0,ar,"""الفرق الكبير بين البنوك والاتحادات الائتمانية هناك نوعان من الفروق الأساسية بين البنك والاتحاد الائتماني. أولاً ، الاتحاد الائتماني هو منظمة غير هادفة للربح. نظرًا لأن البنوك الكبرى تنتفخ إلى أبعاد هائلة بأرباح قياسية تستند إلى منصة """"أكبر من أن تفشل"""" ، فقد تكون الطبيعة غير الربحية للاتحادات الائت"
CASE_0247,1040793,endpoint,2,5846544,0.8007,0.8007,0,ar,فيما يلي ملخص الاختلافات. 1 الاتحادات الائتمانية هي منظمات غير ربحية ، بينما البنوك تهدف إلى الربح. 2 الاتحادات الائتمانية مؤمنة من قبل NCUA ، في حين أن البنوك مؤمنة من قبل FDIC (كلاهما مقابل 250،000 دولار). غالبًا ما تتقاضى الاتحادات الائتمانية رسومًا ومعدلات فائدة أقل من البنوك.
CASE_0247,1040793,endpoint,3,7787014,0.7969,0.7969,0,ar,كيف يختلف الاتحاد الائتماني عن البنك؟ الاتحادات الائتمانية هي منظمات غير ربحية موجودة لخدمة أعضائها. مثل البنوك ، تقبل الاتحادات الائتمانية الودائع وتقدم القروض وتوفر مجموعة واسعة من الخدمات المالية الأخرى. ولكن بصفتها مؤسسات مملوكة للأعضاء وتعاونية ، توفر الاتحادات الائتمانية مكانًا آمنًا للادخار و
CASE_0247,1040793,endpoint,4,7200385,0.7931,0.7931,0,ar,ما هو اتحاد الائتمان؟ كيف يختلف الاتحاد الائتماني عن البنك؟ الاتحادات الائتمانية هي منظمات غير ربحية موجودة لخدمة أعضائها. مثل البنوك ، تقبل الاتحادات الائتمانية الودائع وتقدم القروض وتوفر مجموعة واسعة من الخدمات المالية الأخرى. ولكن بصفتها مؤسسات مملوكة للأعضاء وتعاونية ، توفر الاتحادات الائتمانية
CASE_0247,1040793,endpoint,5,2591123,0.7927,0.7927,0,ar,ما هو الفرق بين الاتحاد الائتماني والبنك؟ قد يبدو أن الاتحادات الائتمانية والبنوك تقدم نفس المنتجات والخدمات للوهلة الأولى. ومع ذلك ، فهي مختلفة جدًا تحت السطح. الفرق الأساسي بين الاتحاد الائتماني والبنك هو حالتهم الضريبية.
CASE_0247,1040793,endpoint,6,5846543,0.7917,0.7917,0,ar,قبل التفكير في التحول من اتحاد ائتماني إلى بنك (أو العكس) ، من المهم فهم الاختلافات. فيما يلي ملخص الاختلافات. الاتحادات الائتمانية هي منظمات غير ربحية ، بينما البنوك تهدف إلى الربح.
CASE_0247,1040793,endpoint,7,7787022,0.7854,0.7854,0,ar,الاتحادات الائتمانية مقابل البنوك. تختلف الاتحادات الائتمانية عن البنوك في عدة طرق رئيسية. على عكس الطريقة التي تدار بها البنوك ، يتم انتخاب مجلس إدارة متطوع من قبل الأعضاء لإدارة اتحاد ائتماني. يتم إرجاع الأرباح التي حققتها الاتحادات الائتمانية إلى الأعضاء في شكل رسوم مخفضة ومعدلات ادخار أعلى ومعدل
CASE_0247,1040793,endpoint,8,5717981,0.7789,0.7789,0,ar,قبل أن تختار ، من المهم فهم الاختلافات بين الاتحاد الائتماني والبنك. قد يكون أحدهما أفضل لك ولعائلتك من الآخر. مرة واحدة من أكبر الاختلافات بين الاتحادات الائتمانية والبنوك هي كيفية إدارتها. دعنا نلقي نظرة فاحصة على كليهما بحيث يمكنك اتخاذ قرار مستنير: الاتحادات الائتمانية: الاتحادات الائتمانية مملو
CASE_0247,1040793,endpoint,9,5717984,0.7715,0.7715,0,ar,تتمتع كل من البنوك والاتحادات الائتمانية بفوائدها ... ومن المحتمل أن تكون مزعجة تمامًا. إليك كيفية اكتشاف المؤسسة المناسبة لك. إذا كنت لا تنتمي إلى اتحاد ائتماني ࢠأو حتى إذا كنت ¢ ، فقد لا تكون على دراية بالعديد من الطرق التي يختلفون بها من البنوك. على الرغم من أن كل من البنوك والاتحادات الائتمانية
CASE_0247,1040793,endpoint,10,5318342,0.7704,0.7704,0,ar,لكن الاختلاف الحقيقي بين البنوك والاتحادات الائتمانية ليس له علاقة بالخدمات التي تقدمها بقدر ما يتعلق بكيفية إدارة كل مؤسسة. البنوك هي شركات هادفة للربح. إنهم يكسبون المال عن طريق فرض فائدة على القروض ، وتحصيل رسوم الحساب ، وإعادة استثمار كل تلك الأموال لكسب المزيد من الأرباح ، ولكن كشركات ربحية ، ي
CASE_0247,1040793,mixed,1,5846544,0.7869,0.7869,0,ar,فيما يلي ملخص الاختلافات. 1 الاتحادات الائتمانية هي منظمات غير ربحية ، بينما البنوك تهدف إلى الربح. 2 الاتحادات الائتمانية مؤمنة من قبل NCUA ، في حين أن البنوك مؤمنة من قبل FDIC (كلاهما مقابل 250،000 دولار). غالبًا ما تتقاضى الاتحادات الائتمانية رسومًا ومعدلات فائدة أقل من البنوك.
CASE_0247,1040793,mixed,2,7200389,0.7705,0.7705,0,ar,"""الفرق الكبير بين البنوك والاتحادات الائتمانية هناك نوعان من الفروق الأساسية بين البنك والاتحاد الائتماني. أولاً ، الاتحاد الائتماني هو منظمة غير هادفة للربح. نظرًا لأن البنوك الكبرى تنتفخ إلى أبعاد هائلة بأرباح قياسية تستند إلى منصة """"أكبر من أن تفشل"""" ، فقد تكون الطبيعة غير الربحية للاتحادات الائت"
CASE_0247,1040793,mixed,3,5846543,0.7677,0.7677,0,ar,قبل التفكير في التحول من اتحاد ائتماني إلى بنك (أو العكس) ، من المهم فهم الاختلافات. فيما يلي ملخص الاختلافات. الاتحادات الائتمانية هي منظمات غير ربحية ، بينما البنوك تهدف إلى الربح.
CASE_0247,1040793,mixed,4,2591123,0.7661,0.7661,0,ar,ما هو الفرق بين الاتحاد الائتماني والبنك؟ قد يبدو أن الاتحادات الائتمانية والبنوك تقدم نفس المنتجات والخدمات للوهلة الأولى. ومع ذلك ، فهي مختلفة جدًا تحت السطح. الفرق الأساسي بين الاتحاد الائتماني والبنك هو حالتهم الضريبية.
CASE_0247,1040793,mixed,5,7200386,0.7492,0.7492,1,ar,الفرق الرئيسي الثاني بين CUs والبنوك الكبرى هو أن البنوك هي شركات عملاقة يسيطر عليها أعضاء مجلس إدارة فاحشو الثراء ، في حين أن الاتحادات الائتمانية مملوكة للأعضاء. هذا صحيح ، انضم إلى اتحاد ائتماني وأنت مالك.
CASE_0247,1040793,mixed,6,7787014,0.7476,0.7476,0,ar,كيف يختلف الاتحاد الائتماني عن البنك؟ الاتحادات الائتمانية هي منظمات غير ربحية موجودة لخدمة أعضائها. مثل البنوك ، تقبل الاتحادات الائتمانية الودائع وتقدم القروض وتوفر مجموعة واسعة من الخدمات المالية الأخرى. ولكن بصفتها مؤسسات مملوكة للأعضاء وتعاونية ، توفر الاتحادات الائتمانية مكانًا آمنًا للادخار و
CASE_0247,1040793,mixed,7,5717981,0.7444,0.7444,0,ar,قبل أن تختار ، من المهم فهم الاختلافات بين الاتحاد الائتماني والبنك. قد يكون أحدهما أفضل لك ولعائلتك من الآخر. مرة واحدة من أكبر الاختلافات بين الاتحادات الائتمانية والبنوك هي كيفية إدارتها. دعنا نلقي نظرة فاحصة على كليهما بحيث يمكنك اتخاذ قرار مستنير: الاتحادات الائتمانية: الاتحادات الائتمانية مملو
CASE_0247,1040793,mixed,8,4177461,0.7434,0.7434,0,ar,الفرق الأساسي بين الاتحاد الائتماني والبنك هو حالتهم الضريبية. البنك هو منظمة هادفة للربح ، في حين أن الاتحاد الائتماني غير هادف للربح. عندما يكون لديك حساب من خلال اتحاد ائتماني ، فإنك تصبح عضوًا يجعلك بشكل أساسي مالكًا يتمتع بامتيازات التصويت.
CASE_0247,1040793,mixed,9,7787022,0.7412,0.7412,0,ar,الاتحادات الائتمانية مقابل البنوك. تختلف الاتحادات الائتمانية عن البنوك في عدة طرق رئيسية. على عكس الطريقة التي تدار بها البنوك ، يتم انتخاب مجلس إدارة متطوع من قبل الأعضاء لإدارة اتحاد ائتماني. يتم إرجاع الأرباح التي حققتها الاتحادات الائتمانية إلى الأعضاء في شكل رسوم مخفضة ومعدلات ادخار أعلى ومعدل
CASE_0247,1040793,mixed,10,7200385,0.7389,0.7389,0,ar,ما هو اتحاد الائتمان؟ كيف يختلف الاتحاد الائتماني عن البنك؟ الاتحادات الائتمانية هي منظمات غير ربحية موجودة لخدمة أعضائها. مثل البنوك ، تقبل الاتحادات الائتمانية الودائع وتقدم القروض وتوفر مجموعة واسعة من الخدمات المالية الأخرى. ولكن بصفتها مؤسسات مملوكة للأعضاء وتعاونية ، توفر الاتحادات الائتمانية
CASE_0247,1098249,endpoint,1,6658573,0.7215,0.7215,0,ar,يمكن أن تظهر المواد الأفيونية في اختبار البول لمدة تصل إلى 3 إلى 5 أيام حسب عملية التمثيل الغذائي لديك. 10 أشخاص وجدوا هذا مفيدًا.
CASE_0247,1098249,endpoint,2,1417229,0.7172,0.7172,0,ar,إجابة An8thgwiz. صوت الثقة 2.1K. يمكن أن تظهر المواد الأفيونية في اختبار البول لمدة تصل إلى 3 إلى 5 أيام حسب عملية التمثيل الغذائي لديك. يمكن أن تظهر المواد الأفيونية في اختبار البول لمدة تصل إلى 3 إلى 5 أيام حسب عملية التمثيل الغذائي لديك.
CASE_0247,1098249,endpoint,3,2888709,0.7163,0.7163,0,ar,بالنسبة لاختبار البول ، يتراوح وقت اكتشاف المواد الأفيونية من 2 إلى 5 أيام ، اعتمادًا على عدد مرات استخدام الأفيون وكميته. فيما يتعلق باختبارات عقار الشعر ، يمكن اكتشاف المواد الأفيونية لمدة تصل إلى 3 أشهر ، حسب طول عينة الشعر المأخوذة. تبقى المواد الأفيونية عادةً في مجرى دم الشخص لمدة 6-12 ساعة بعد
CASE_0247,1098249,endpoint,4,3328649,0.7102,0.7102,0,ar,ما هي مدة الكشف عن فيكودين عن طريق تحليل البول؟ من 3 إلى 5 أيام حسب التمثيل الغذائي الخاص بك ، وكمية المياه التي تشربها ، والتعرق كثيرًا ... إلخ. لأكون آمنًا ، سأنتظر 7 أيام على الأقل. يجب أن يتم تطهيرك تمامًا بحلول ذلك الوقت غير الصائب بالطبع كنت تتناول جرعات ضخمة (أكثر من 100 ملغ) في اليوم. في هذه
CASE_0247,1098249,endpoint,5,4891654,0.7067,0.7067,0,ar,أي مادة أفيونية بشكل عام تستغرق حوالي 2-3 أيام فقط للخروج من النظام لتحليل البول ولكن لتحليل الدم سوف يستغرق 5-7 أيام وهذا يدخل في مزيد من الفحص لمقدار الأفيون الذي تتناوله يوميًا.
CASE_0247,1098249,endpoint,6,1417223,0.7022,0.7022,0,ar,ستبقى المواد الأفيونية في البول لمدة 1-7 أيام ، حسب حجمك وكمية / تكرار الاستخدام. ومع ذلك ، فإنها ستبقى عند مستويات يمكن اكتشافها في دمك لمدة تصل إلى 20 يومًا ، مرة أخرى ، اعتمادًا على الحجم والتردد والحجم. السؤال والجواب مقفولان ولا يمكن تعديلهما.
CASE_0247,1098249,endpoint,7,1385830,0.7018,0.7018,0,ar,ستبقى المواد الأفيونية في البول لمدة 1-7 أيام ، حسب حجمك وكمية / تكرار الاستخدام. ومع ذلك ، فإنها ستبقى عند مستويات يمكن اكتشافها في دمك لمدة تصل إلى 20 يومًا ، مرة أخرى ، اعتمادًا على الحجم والتردد والحجم. 29 شخصًا وجدوا هذا مفيدًا.
CASE_0247,1098249,endpoint,8,2108655,0.7013,0.7013,0,ar,بالنسبة لاختبار البول ، يتراوح وقت اكتشاف المواد الأفيونية من 2 إلى 5 أيام ، اعتمادًا على عدد مرات استخدام الأفيون وكميته. فيما يتعلق باختبارات عقار الشعر ، يمكن اكتشاف المواد الأفيونية لمدة تصل إلى 3 أشهر ، اعتمادًا على طول عينة الشعر المأخوذة. ما هي مدة بقاء الأدوية في النظام. الوصف: ما هي مدة بقا
CASE_0247,1098249,endpoint,9,2231133,0.7003,0.7003,0,ar,ستبقى المواد الأفيونية في البول لمدة 1-7 أيام ، حسب حجمك وكمية / تكرار الاستخدام. ومع ذلك ، فإنها ستبقى عند مستويات يمكن اكتشافها في دمك لمدة تصل إلى 20 يومًا ، مرة أخرى ، اعتمادًا على الحجم والتردد والحجم.
CASE_0247,1098249,endpoint,10,3447134,0.698,0.698,0,ar,ستبقى المواد الأفيونية في البول لمدة 1-7 أيام ، حسب حجمك وكمية / تكرار الاستخدام. ومع ذلك ، فإنها ستبقى في مستويات يمكن اكتشافها في دمك لمدة تصل إلى 20 يومًا ، مرة أخرى ، اعتمادًا على الحجم والتكرار وحجمك ، اعتمادًا على عدد المرات التي تم تناولها وكميتها ، ولكن بشكل عام ، حوالي 10-12 يومًا ، الأيام
CASE_0247,1098249,mixed,1,5771948,0.7159,0.7159,0,ar,خبير: nurse_Dan رد منذ 8 سنوات. إذا كنت تخضع لاختبار عقار ، فإن الفاليوم ليس دواءً جيدًا في نظامك. لها نصف عمر طويل جدًا ويمكن أن تبقى في نظامك لمدة تصل إلى 30 يومًا. اسأل سؤال الصحة الخاص بك. العميل: تم الرد منذ 8 سنوات. إذا كنت تتناول دواء الفاليوم لعدة مرات من أشهر إلى سنوات ، فإن وقت تنظيف البول
CASE_0247,1098249,mixed,2,108485,0.7153,0.7153,0,ar,خبير: nurse_Dan رد منذ 8 سنوات. إذا كنت تخضع لاختبار عقار ، فإن الفاليوم ليس دواءً جيدًا في نظامك. لها نصف عمر طويل جدًا ويمكن أن تبقى في نظامك لمدة تصل إلى 30 يومًا. اسأل سؤال الصحة الخاص بك. الزبون: تم الرد منذ 8 سنوات. أخطأوا في التحدث بالمعلومات. إذا كنت تتناول دواء الفاليوم لعدة مرات من أشهر إل
CASE_0247,1098249,mixed,3,3328649,0.713,0.713,0,ar,ما هي مدة الكشف عن فيكودين عن طريق تحليل البول؟ من 3 إلى 5 أيام حسب التمثيل الغذائي الخاص بك ، وكمية المياه التي تشربها ، والتعرق كثيرًا ... إلخ. لأكون آمنًا ، سأنتظر 7 أيام على الأقل. يجب أن يتم تطهيرك تمامًا بحلول ذلك الوقت غير الصائب بالطبع كنت تتناول جرعات ضخمة (أكثر من 100 ملغ) في اليوم. في هذه
CASE_0247,1098249,mixed,4,7427034,0.7051,0.7051,0,ar,عادة ، قد يستغرق الأمر من 24.75 إلى 25 ساعة حتى تتم إزالة Oxycontin من نظامك تمامًا. كإجراء احترازي ، عادة ما يكون من المسؤول القول إن غالبية المواد الأفيونية ستغادر الجسم ، في غضون 5 إلى 7 أيام على الأقل! ما هي المدة التي تبقى فيها المواد الأفيونية في البول؟ عندما يتعلق الأمر بالبول ، فإن الأدوية ع
CASE_0247,1098249,mixed,5,7353071,0.704,0.704,1,ar,كم من الوقت تبقى المواد الأفيونية في نظامك. لكي تفهم بدقة المدة التي ستبقى فيها هذه الأدوية في نظامك ، يجب أن تنظر إلى الدواء المحدد الذي تستخدمه. بمجرد أن تعرف عمر النصف لدوائك ، ستتمكن من مضاعفته بمقدار 5.5 وسيكون لديك تقدير جيد. عادة ، قد يستغرق الأمر من 24.75 إلى 25 ساعة حتى تتم إزالة Oxycontin
CASE_0247,1098249,mixed,6,4891654,0.6988,0.6988,0,ar,أي مادة أفيونية بشكل عام تستغرق حوالي 2-3 أيام فقط للخروج من النظام لتحليل البول ولكن لتحليل الدم سوف يستغرق 5-7 أيام وهذا يدخل في مزيد من الفحص لمقدار الأفيون الذي تتناوله يوميًا.
CASE_0247,1098249,mixed,7,3447134,0.6982,0.6982,0,ar,ستبقى المواد الأفيونية في البول لمدة 1-7 أيام ، حسب حجمك وكمية / تكرار الاستخدام. ومع ذلك ، فإنها ستبقى في مستويات يمكن اكتشافها في دمك لمدة تصل إلى 20 يومًا ، مرة أخرى ، اعتمادًا على الحجم والتكرار وحجمك ، اعتمادًا على عدد المرات التي تم تناولها وكميتها ، ولكن بشكل عام ، حوالي 10-12 يومًا ، الأيام
CASE_0247,1098249,mixed,8,1417229,0.6968,0.6968,0,ar,إجابة An8thgwiz. صوت الثقة 2.1K. يمكن أن تظهر المواد الأفيونية في اختبار البول لمدة تصل إلى 3 إلى 5 أيام حسب عملية التمثيل الغذائي لديك. يمكن أن تظهر المواد الأفيونية في اختبار البول لمدة تصل إلى 3 إلى 5 أيام حسب عملية التمثيل الغذائي لديك.
CASE_0247,1098249,mixed,9,5587168,0.6963,0.6963,0,ar,قيم هذه الإجابة: حسنًا ، إذا كنت مستخدمًا منتظمًا ، يستغرق الأمر ما يصل إلى 3-57 يومًا للتخلص من البول بينما يستغرق الأمر ما يصل إلى 36 ساعة فقط للتخلص من دمك. لكن شرب الكثير من السوائل وممارسة الكثير من التمارين يمكن أن يسرع العملية قليلاً! إجابة د.
CASE_0247,1098249,mixed,10,6658573,0.6928,0.6928,0,ar,يمكن أن تظهر المواد الأفيونية في اختبار البول لمدة تصل إلى 3 إلى 5 أيام حسب عملية التمثيل الغذائي لديك. 10 أشخاص وجدوا هذا مفيدًا.
CASE_0247,556166,endpoint,1,7571475,0.6555,0.6555,0,ar,لم تكن أسلاك الفخ في اليوم كما هي الآن. منذ الأيام الأولى لبناء الأسطوانة الأمريكية ، كانت المادة المفضلة هي الأمعاء الطبيعية. يتكون Catgut ، أو الأمعاء القصيرة ، من أمعاء الحيوانات مثل الأغنام أو الماعز. لا ، إنه ليس مصنوعًا في الواقع من القطط!
CASE_0247,556166,endpoint,2,7571473,0.63,0.63,0,ar,الأمعاء الطبيعية هي أكثر المواد المستخدمة تقليديًا في الأفخاخ وهي مصنوعة من أمعاء الحيوانات. بعد عشرينيات وثلاثينيات القرن الماضي ، بدأ استخدام القناة الهضمية في التراجع مع تحرك عازفي الطبول نحو الصوت الأكثر إشراقًا لفخاخ الأسلاك للأنماط الحديثة من الموسيقى الشعبية.
CASE_0247,556166,endpoint,3,7031855,0.5972,0.5972,0,ar,Catgut هو نوع من الحبل الذي يتم تحضيره من الألياف الطبيعية الموجودة في جدران أمعاء الحيوانات ، وعادة ما يستخدم صانعو Catgut أمعاء الأغنام أو الماعز ، ولكن في بعض الأحيان يستخدمون أمعاء الماشية أو الخنازير أو الخيول أو البغال أو الحمير. لا يستخدم صانعو المعوى أمعاء القطط ، وعادة ما يستخدم صانعو الأمع
CASE_0247,556166,endpoint,4,5148373,0.5966,0.5966,0,ar,يعتمد تكوين فضلات القطط على ما إذا كانت مصنوعة من الطين أو متكتلة. تُصنع فضلات القطط المصنوعة من الطين من طين حبيبي ماص ، في حين أن القمامة المتكتلة أو القابلة للغرف مصنوعة من البنتونيت والسيليكا. تشمل الخيارات الأكثر خضرة وصديقة للبيئة القمح ونشارة الخشب ورقائق الصنوبر والأرز والصحف وصودا الخبز. أك
CASE_0247,556166,endpoint,5,3590900,0.5923,0.5923,0,ar,صُنعت أسطوانة الفخ من رأسين - كلاهما مصنوع عادة من البلاستيك - جنبًا إلى جنب مع حشرجة من الأسلاك المعدنية على الرأس السفلي تسمى الأفخاخ. يمكن أيضًا وضع الأسلاك في الأعلى ، كما هو الحال في فخ القار ، أو كلا الرأسين كما في حالة أسطوانة كمين المرتفعات.
CASE_0247,556166,endpoint,6,5563405,0.5891,0.5891,0,ar,مساحيق وبخاخات البراغيث هي طرق غير مكلفة نسبيًا لطرد البراغيث للقطط. كن حذرًا عند تطبيق هذه المنتجات ، لأن البخاخ أو المسحوق الناعم يمكن أن يكون مزعجًا للفم والرئتين إذا تم استنشاقه (لكل من الحيوانات والبشر). تأكد أيضًا من توخي الحذر حول العينين والأنف والفم.
CASE_0247,556166,endpoint,7,7630752,0.5886,0.5886,0,ar,إنه مصنوع في الغالب من الخشب وله أربعة خيوط ، A و D و G و C. تقليديًا ، كانت الخيوط مصنوعة من أمعاء القطط ، لكن الآن انتقل صانعوها إلى الفولاذ والمواد الاصطناعية الأخرى. يتم ضبطه على أوكتاف أقل من الكمان وأوكتاف أعلى من التشيلو باس.
CASE_0247,556166,endpoint,8,7031856,0.5829,0.5829,0,ar,قطعة من سلسلة التشيلو. Catgut هو نوع من الحبل يتم تحضيره من الألياف الطبيعية الموجودة في جدران أمعاء الحيوانات. عادة ما يستخدم صانعو Catgut أمعاء الأغنام أو الماعز ، ولكن في بعض الأحيان يستخدمون أمعاء الماشية أو الخنازير أو الخيول أو البغال أو الحمير. على الرغم من الاسم ، لا يستخدم مصنعو المعوى أمعا
CASE_0247,556166,endpoint,9,5148368,0.5787,0.5787,0,ar,تُصنع فضلات القطط المصنوعة من الطين من طين حبيبي ماص ، في حين أن القمامة المتكتلة أو القابلة للغرف مصنوعة من البنتونيت والسيليكا. تشمل الخيارات الأكثر خضرة وصديقة للبيئة القمح ونشارة الخشب ورقائق الصنوبر والأرز والصحف وصودا الخبز. استمر في التعلم.
CASE_0247,556166,endpoint,10,7089737,0.5774,0.5774,0,ar,تتكون فضلات القطط من مركبين غير سامين: أحدهما مضاف للأعلاف والآخر المكون الرئيسي في الأوساخ. كيف يمكن لشيء غير ضار أن يسمم كلبك؟ الإجابة تكمن في عملية التكتل - في أمعاء الكلب الخاص بك - لذا استعد لتكون مندهشًا ومكتسبًا حقًا.
CASE_0247,556166,mixed,1,7571475,0.6733,0.6733,0,ar,لم تكن أسلاك الفخ في اليوم كما هي الآن. منذ الأيام الأولى لبناء الأسطوانة الأمريكية ، كانت المادة المفضلة هي الأمعاء الطبيعية. يتكون Catgut ، أو الأمعاء القصيرة ، من أمعاء الحيوانات مثل الأغنام أو الماعز. لا ، إنه ليس مصنوعًا في الواقع من القطط!
CASE_0247,556166,mixed,2,7031855,0.6415,0.6415,0,ar,Catgut هو نوع من الحبل الذي يتم تحضيره من الألياف الطبيعية الموجودة في جدران أمعاء الحيوانات ، وعادة ما يستخدم صانعو Catgut أمعاء الأغنام أو الماعز ، ولكن في بعض الأحيان يستخدمون أمعاء الماشية أو الخنازير أو الخيول أو البغال أو الحمير. لا يستخدم صانعو المعوى أمعاء القطط ، وعادة ما يستخدم صانعو الأمع
CASE_0247,556166,mixed,3,7031856,0.6329,0.6329,0,ar,قطعة من سلسلة التشيلو. Catgut هو نوع من الحبل يتم تحضيره من الألياف الطبيعية الموجودة في جدران أمعاء الحيوانات. عادة ما يستخدم صانعو Catgut أمعاء الأغنام أو الماعز ، ولكن في بعض الأحيان يستخدمون أمعاء الماشية أو الخنازير أو الخيول أو البغال أو الحمير. على الرغم من الاسم ، لا يستخدم مصنعو المعوى أمعا
CASE_0247,556166,mixed,4,2178131,0.6325,0.6325,0,ar,catÃâ ؟؟؟؟؟؟؟؟؟؟؟؟؟؟؟؟؟؟؟؟؟؟؟؟؟؟ مادة خياطة جراحية قابلة للامتصاص مصنوعة من ألياف كولاجينية في الطبقة تحت المخاطية لحيوانات معينة (على سبيل المثال ، الأغنام أو الأبقار) ؛ أخطأ في تسميته catgut. [ربما من عدة ، كمان صغير ، من خلال الخلط مع عدة ، قطة صغيرة]. / catÃ⠀ šÃ' • gut / (katÃ⠀ šÃ'´ut) أمعاء جرا
CASE_0247,556166,mixed,5,5468582,0.6252,0.6252,1,ar,قطعة من خيط التشيلو. Catgut هو نوع من الحبل يتم تحضيره من الألياف الطبيعية الموجودة في جدران أمعاء الحيوانات. عادةً ما يستخدم صانعو Catgut أمعاء الأغنام أو الماعز ، لكنهم يستخدمون أحيانًا أمعاء الماشية أو الخنازير أو الخيول أو البغال أو الحمير. على الرغم من الاسم ، لا تستخدم الشركات المصنعة للقطط أم
CASE_0247,556166,mixed,6,5148373,0.6204,0.6204,0,ar,يعتمد تكوين فضلات القطط على ما إذا كانت مصنوعة من الطين أو متكتلة. تُصنع فضلات القطط المصنوعة من الطين من طين حبيبي ماص ، في حين أن القمامة المتكتلة أو القابلة للغرف مصنوعة من البنتونيت والسيليكا. تشمل الخيارات الأكثر خضرة وصديقة للبيئة القمح ونشارة الخشب ورقائق الصنوبر والأرز والصحف وصودا الخبز. أك
CASE_0247,556166,mixed,7,5148368,0.6056,0.6056,0,ar,تُصنع فضلات القطط المصنوعة من الطين من طين حبيبي ماص ، في حين أن القمامة المتكتلة أو القابلة للغرف مصنوعة من البنتونيت والسيليكا. تشمل الخيارات الأكثر خضرة وصديقة للبيئة القمح ونشارة الخشب ورقائق الصنوبر والأرز والصحف وصودا الخبز. استمر في التعلم.
CASE_0247,556166,mixed,8,7630752,0.5986,0.5986,0,ar,إنه مصنوع في الغالب من الخشب وله أربعة خيوط ، A و D و G و C. تقليديًا ، كانت الخيوط مصنوعة من أمعاء القطط ، لكن الآن انتقل صانعوها إلى الفولاذ والمواد الاصطناعية الأخرى. يتم ضبطه على أوكتاف أقل من الكمان وأوكتاف أعلى من التشيلو باس.
CASE_0247,556166,mixed,9,7099585,0.5894,0.5894,0,ar,catgut catÃ⠀ šÃ' • gut (kÃ⠀ žÃ t'gÃ⠀ t ') n. حبل صلب ورفيع مصنوع من الأمعاء المعالجة والمشدودة لحيوانات معينة ، وخاصة الأغنام ، ويستخدم في الأربطة الجراحية.
CASE_0247,556166,mixed,10,588906,0.5877,0.5877,0,ar,فضلات القطط المصنوعة من الطين أو البنتونيت مشعة إلى حد ما. GK Hart / Vikki Hart، Getty Images فضلات القطط مشعة بدرجة كافية بحيث يمكنها إطلاق تنبيهات إشعاعية عند نقاط التفتيش الحدودية الدولية. في الواقع ، ليست كل فضلات القطط التي يجب أن تقلق بشأنها - فقط الأشياء المصنوعة من الطين أو البنتونيت.
CASE_0247,575096,endpoint,1,7276443,0.6059,0.6059,0,ar,أي من مناطق كندا لديها غطاء نباتي محدود ودرجات حرارة متجمدة معظم أيام السنة؟ - 935218
CASE_0247,575096,endpoint,2,7276444,0.5855,0.5855,0,ar,تقع معظم حدود كندا مع الولايات المتحدة في أي من مناطق المناخ الرئيسية الست في كندا؟ الصيف القاري الدافئ أين توجد غالبية النفط الكندي؟
CASE_0247,575096,endpoint,3,6177913,0.5799,0.5799,0,ar,البحيرات العظمى / شارع. تعتبر منطقة Lawrence Lowlands أكثر مناطق التضاريس كثافة سكانية في كندا بسبب هذا وتعد موطنًا للعديد من أكبر مدن البلاد ، مثل تورنتو وهاملتون. يقع جزء كبير من الصناعة الكندية أيضًا في هذه المنطقة نظرًا لقربها من طرق النقل.انتاريو ، أكبر مقاطعة في كندا ، هي موطن لثلاث مناطق مختل
CASE_0247,575096,endpoint,4,7546575,0.5797,0.5797,0,ar,أكبر منطقة مناخية في كندا هي القطب الشمالي. وهي تغطي البر الرئيسي لنونافوت ، والأقاليم الشمالية الغربية ، وطرف يوكون ، شمال كيبيك ، وحول أجزاء من خليج هدسون ، في شمال أونتاريو. جزء كبير من الأرض الواقعة شمال البر الرئيسي هي أيضًا أرض قاحلة ، تكاد تكون غير صالحة للسكن.
CASE_0247,575096,endpoint,5,7546570,0.5797,0.5797,0,ar,أكبر منطقة مناخية في كندا هي القطب الشمالي. وهي تغطي البر الرئيسي لنونافوت ، والأقاليم الشمالية الغربية ، وطرف يوكون ، شمال كيبيك ، وحول أجزاء من خليج هدسون ، في شمال أونتاريو. جزء كبير من الأرض الواقعة شمال البر الرئيسي هي أيضًا أرض قاحلة ، تكاد تكون غير صالحة للسكن.
CASE_0247,575096,endpoint,6,2881432,0.5642,0.5642,0,ar,أونتاريو ، ثاني أكبر مقاطعة في كندا من حيث المساحة ، بعد كيبيك. وهي تحتل قطاع البر الرئيسي الكندي الواقع بين خليجي هدسون وجيمس في الشمال وسلسلة بحيرات سانت لورانس العظمى إلى الجنوب. يحدها من الشرق مقاطعة كيبيك ومن الجنوب الولايات المتحدة ومن الغرب مقاطعة مانيتوبا. تعد أونتاريو ، المقاطعة الكندية الأ
CASE_0247,575096,endpoint,7,5001738,0.5579,0.5579,0,ar,أكبر مقاطعة في كندا أكبر مقاطعة في كندا هي مقاطعة كيبيك الفرنسية. أكبر إقليم في كندا أكبر إقليم في كندا هو نونافوت.
CASE_0247,575096,endpoint,8,413796,0.5565,0.5565,0,ar,الوسطى (GMT ࢠÃ،Ë † Ã، € ™ 6 ساعات) الشرقية (GMT ࢠÃ،Ë † Ã، € ™ 5 ساعات) أونتاريو، ثاني أكبر مقاطعة في كندا في المنطقة، بعد كيبيك. وهي تحتل قطاع البر الرئيسي الكندي الواقع بين خليجي هدسون وجيمس في الشمال وسلسلة بحيرات سانت لورانس العظمى إلى الجنوب.
CASE_0247,575096,endpoint,9,1663854,0.5562,0.5562,0,ar,أونتاريو ، أكبر مقاطعة في كندا ، هي موطن لثلاث مناطق مختلفة من التضاريس: Hudson Bay Lowlands (أصفر) ، و Canadian Shield (أخضر غامق) ، و Great Lakes / St. Lawrence Lowlands (أخضر فاتح): المنطقة الشمالية من أونتاريو ، Hudson Bay Lowlands ، هي منطقة منخفضة بالقرب من Hudson Bay و James Bay المغطاة بغابا
CASE_0247,575096,endpoint,10,1485726,0.5562,0.5562,0,ar,بالطريقة التي تم بها صياغة السؤال ، لا تزال كيبيك أكبر مقاطعة في كندا من حيث الكتلة الأرضية.). من حيث كتلة اليابسة ، تعد كيبيك الأكبر بمساحة 1.5 مليون كيلومتر مربع - حوالي 15٪ من إجمالي مساحة كندا. أونتاريو هي الأكبر من حيث عدد السكان. يعيش أكثر من 13 مليون شخص في أونتاريو ، أي حوالي ثلث سكان البلاد
CASE_0247,575096,mixed,1,7276444,0.6825,0.6825,0,ar,تقع معظم حدود كندا مع الولايات المتحدة في أي من مناطق المناخ الرئيسية الست في كندا؟ الصيف القاري الدافئ أين توجد غالبية النفط الكندي؟
CASE_0247,575096,mixed,2,7276443,0.6734,0.6734,0,ar,أي من مناطق كندا لديها غطاء نباتي محدود ودرجات حرارة متجمدة معظم أيام السنة؟ - 935218
CASE_0247,575096,mixed,3,7546575,0.6629,0.6629,0,ar,أكبر منطقة مناخية في كندا هي القطب الشمالي. وهي تغطي البر الرئيسي لنونافوت ، والأقاليم الشمالية الغربية ، وطرف يوكون ، شمال كيبيك ، وحول أجزاء من خليج هدسون ، في شمال أونتاريو. جزء كبير من الأرض الواقعة شمال البر الرئيسي هي أيضًا أرض قاحلة ، تكاد تكون غير صالحة للسكن.
CASE_0247,575096,mixed,4,7546570,0.6629,0.6629,0,ar,أكبر منطقة مناخية في كندا هي القطب الشمالي. وهي تغطي البر الرئيسي لنونافوت ، والأقاليم الشمالية الغربية ، وطرف يوكون ، شمال كيبيك ، وحول أجزاء من خليج هدسون ، في شمال أونتاريو. جزء كبير من الأرض الواقعة شمال البر الرئيسي هي أيضًا أرض قاحلة ، تكاد تكون غير صالحة للسكن.
CASE_0247,575096,mixed,5,7546569,0.6479,0.6479,1,ar,المناطق المناخية الخمس الرئيسية في كندا هي المنطقة الشمالية ومنطقة المحيط الهادئ ومنطقة البراري والمنطقة الأساسية ومنطقة المحيط الأطلسي. تعديل طفيف؟
CASE_0247,575096,mixed,6,3652674,0.6351,0.6351,0,ar,المناطق المناخية الثمانية في كندا هي المنطقة القطبية الشمالية ، ومنطقة تايغا ، ومنطقة كورديليران ، والمنطقة البحرية للمحيط الهادئ (الغرب) ، والمنطقة الشمالية ، ومنطقة البراري ، والمنطقة الجنوبية الشرقية ، والمنطقة البحرية الأطلسية ( الشرق). تورنتو على الميزانية: أشياء يجب رؤيتها دون إنفاق المال مثل
CASE_0247,575096,mixed,7,7546571,0.6246,0.6246,0,ar,المناطق المناخية الخمس الرئيسية في كندا هي المنطقة الشمالية ومنطقة المحيط الهادئ ومنطقة البراري والمنطقة الأساسية ومنطقة المحيط الأطلسي. الذهاب تسجيل الدخول التسجيل
CASE_0247,575096,mixed,8,6177913,0.6165,0.6165,0,ar,البحيرات العظمى / شارع. تعتبر منطقة Lawrence Lowlands أكثر مناطق التضاريس كثافة سكانية في كندا بسبب هذا وتعد موطنًا للعديد من أكبر مدن البلاد ، مثل تورنتو وهاملتون. يقع جزء كبير من الصناعة الكندية أيضًا في هذه المنطقة نظرًا لقربها من طرق النقل.انتاريو ، أكبر مقاطعة في كندا ، هي موطن لثلاث مناطق مختل
CASE_0247,575096,mixed,9,2802233,0.6149,0.6149,0,ar,مناخ كيبيك كيبيك هو أحد المقاطعات في كندا التي يتحدث بها الفرنسية. إنها ثاني أكثر المناطق كثافة سكانية في كندا. مونتريال هي واحدة من أكبر المدن الكندية. لأن المقاطعة كبيرة جدًا ، فهناك اختلافات في درجات الحرارة. الجزء الجنوبي ، وهو أكثر المناطق كثافة سكانية ، له مناخ قاري. هذا النوع من المناخ له أرب
CASE_0247,575096,mixed,10,3952528,0.6124,0.6124,0,ar,مناخ كيبيك (كندا) كيبيك هي واحدة من المقاطعات في كندا التي يتحدث بها الفرنسية. إنها ثاني أكثر المناطق كثافة سكانية في كندا. مونتريال هي واحدة من أكبر مدن كندا. لأن المقاطعة كبيرة جدًا ، فهناك اختلافات في درجات الحرارة.
CASE_0247,613694,endpoint,1,2289829,0.4912,0.4912,0,ar,MacDill Air Force Base (AFB) (IATA: MCF، ICAO: KMCF، FAA LID: MCF) هي قاعدة نشطة للقوات الجوية الأمريكية تقع على بعد حوالي 4 أميال (6.4 كم) جنوب-جنوب غرب وسط مدينة تامبا ، فلوريدا.
CASE_0247,613694,endpoint,2,3105152,0.4837,0.4837,0,ar,من مجموعة MacDill AFB الصحفية. MacDill Air Force Base (AFB) (IATA: MCF ، ICAO: KMCF ، FAA معرف الموقع: MCF) هي قاعدة نشطة للقوات الجوية الأمريكية تقع على بعد حوالي 6.4 كم (4 أميال) جنوب غرب وسط مدينة تامبا ، فلوريدا.
CASE_0247,613694,endpoint,3,7117587,0.4822,0.4822,0,ar,مقاطعة باربور هي إحدى مقاطعات ولاية ألاباما الأمريكية. اعتبارًا من تعداد 2010 ، كان عدد السكان 27457. [1] مقرها مقاطعة كلايتون. اسمها تكريما لجيمس باربور ، الذي شغل منصب حاكم ولاية فرجينيا.
CASE_0247,613694,endpoint,4,1906363,0.4798,0.4798,0,ar,سجن الولايات المتحدة ، مرفق الإدارة القصوى (ADX) هو سجن أمريكي اتحادي فائق السرعة للنزلاء الذكور يقع في مقاطعة فريمونت ، كولورادو. [2] [3] ومن المعروف بشكل غير رسمي باسم ADX Florence ، أو Florence ADMAX ، أو Alcatraz of the Rockies. [4] إنه جزء من مجمع فلورنسا الإصلاحي الفيدرالي ، الذي تديره ...
CASE_0247,613694,endpoint,5,7552306,0.4778,0.4778,0,ar,AFB: American Foundation for the Blind: AFB: Air Force Base: AFB: American Foulbrood (مرض نحل العسل) AFB: Air Force Board (مجموعة اكتساب القوات الجوية) AFB: Acid Fast Bacillus: AFB: Acid-Fast Bacteria: AFB: Arbeitsstelle Friedensforschung Bonn (الألمانية: وحدة معلومات أبحاث السلام في بون) AFB: تنظير
CASE_0247,613694,endpoint,6,461769,0.4775,0.4775,0,ar,دليل لاكلاند AFB (قاعدة سان أنطونيو المشتركة). Lackland AFB هي جزء من قاعدة سان أنطونيو المشتركة (JBSA) الواقعة في سان أنطونيو ، تكساس. تشرف مجموعة دعم المهام رقم 802 على العمليات الأساسية وتدعم جميع الوحدات المتمركزة في لاكلاند ، بما في ذلك جناح التدريب السابع والثلاثين.
CASE_0247,613694,endpoint,7,7117590,0.4739,0.4739,0,ar,<p> <b> مقاطعة باربور </ b> هي <a href=/pages/w/108685255832479> مقاطعة </a> في <a href=/pages/w/109424399076333> الولايات المتحدة حالة </a> <a href=/pages/w/104037882965264> ألاباما </a>. اعتبارًا من <a href=/pages/w/104097652960274> تعداد 2010 </a> ، كان عدد السكان 27457. <a href=/pages/w/10789244
CASE_0247,613694,endpoint,8,4765259,0.473,0.473,0,ar,نظرة عامة على التثبيت. يقع Dyess AFB في مدينة أبيلين في مقاطعة تايلور ، تكساس في الولايات المتحدة الأمريكية. . أبيلين هي مدينة عسكرية صديقة في غرب وسط تكساس تقع على بعد حوالي 183 ميلاً غرب دالاس و 250 ميلاً شمال سان أنطونيو. إنها مركز منطقة مكونة من 22 مقاطعة تسمى The Big Country ، وتعتبر المركز الا
CASE_0247,613694,endpoint,9,8675562,0.4721,0.4721,0,ar,يقع Food Court at MacDill AFB في البورصة الرئيسية (BX).
CASE_0247,613694,endpoint,10,461766,0.4719,0.4719,0,ar,الموقع الرسمي Lackland AFB (Joint Base San Antonio). Lackland AFB هي جزء من قاعدة سان أنطونيو المشتركة (JBSA) الواقعة في سان أنطونيو ، تكساس. تشرف مجموعة دعم المهام رقم 802 على العمليات الأساسية وتدعم جميع الوحدات المتمركزة في لاكلاند ، بما في ذلك جناح التدريب السابع والثلاثين.
CASE_0247,613694,mixed,1,4448236,0.5696,0.5696,0,ar,يقع Tinker AFB في أوكلاهوما سيتي ، أوكلاهوما. Tinker AFB هي موطن لجناح الاتصالات الاستراتيجية البحرية I ، جناح القاعدة الجوية 72d ، جناح التحكم الجوي 552d ومركز Oklahoma City Air Logistics. هناك أكثر من 8600 في الخدمة الفعلية ، إلى جانب 26000 من المعالين والاحتياط والمدنيين في القاعدة. الهاتف الرئيس
CASE_0247,613694,mixed,2,4448237,0.5575,0.5575,0,ar,يقع Tinker AFB في ميدويست سيتي ، أوكلاهوما. الوحدة المضيفة هي 72 جناح القاعدة الجوية. تستدعي العديد من الوحدات الرئيسية Tinker home بما في ذلك مقر مركز Oklahoma City Air Logistics التابع لقيادة القوات الجوية ، وجناح الصيانة 76 ، ومجموعة هندسة الفضاء الإلكتروني 38 وفرعًا محليًا لوكالة أنظمة معلومات ا
CASE_0247,613694,mixed,3,4448235,0.5428,0.5428,0,ar,TINKER AIR FORCE BASE. قاعدة تينكر الجوية (AFB) ، التي تقع على بعد تسعة أميال جنوب شرق وسط مدينة أوكلاهوما سيتي ، هي واحدة من أكبر وأهم المنشآت العسكرية في الولايات المتحدة.
CASE_0247,613694,mixed,4,4448232,0.5399,0.5399,0,ar,المصلح AFB. يقع Tinker Air Force Base في قلب أوكلاهوما حوالي خمسة أميال من وسط مدينة مترو أوكلاهوما. ابتداءً من يوليو 1941 ، بدأ مشروع بناء ضخم في Midwest Air Depot الجديد جنوب شرق شارع 29th. حصل المستودع على اسم جديد ، وهو مستودع Oklahoma City Air وتم تفعيل التثبيت رسميًا.
CASE_0247,613694,mixed,5,7510407,0.5274,0.5274,1,ar,Tinker AFB ، أوكلاهوما. تعرف على التثبيت. نظرة عامة على التثبيت. تقع قاعدة Tinker الجوية ومركز Oklahoma City Air Logistics في قلب أوكلاهوما ، أوكلاهوما سيتي (مقاطعة أوكلاهوما) ، على بعد خمسة أميال فقط من وسط مدينة أوكلاهوما سيتي (OKC). منطقة مترو OKC صديقة للجيش وتكلفة المعيشة معقولة. تاريخ.
CASE_0247,613694,mixed,6,4765259,0.527,0.527,0,ar,نظرة عامة على التثبيت. يقع Dyess AFB في مدينة أبيلين في مقاطعة تايلور ، تكساس في الولايات المتحدة الأمريكية. . أبيلين هي مدينة عسكرية صديقة في غرب وسط تكساس تقع على بعد حوالي 183 ميلاً غرب دالاس و 250 ميلاً شمال سان أنطونيو. إنها مركز منطقة مكونة من 22 مقاطعة تسمى The Big Country ، وتعتبر المركز الا
CASE_0247,613694,mixed,7,1642951,0.5254,0.5254,0,ar,مقاطعة بيكنز ، ألاباما. مقاطعة بيكنز هي إحدى مقاطعات ولاية ألاباما الأمريكية. اعتبارًا من تعداد عام 2010 ، كان عدد السكان 19746. [1] مقر المقاطعة هو كارولتون. إنه حظر ، أو مقاطعة جافة ، على الرغم من أن مجتمعات Carrollton و Aliceville صوتت لتصبح رطبة في 2011 و 2012 ، على التوالي.
CASE_0247,613694,mixed,8,4644694,0.5244,0.5244,0,ar,مقاطعة بيكر هي مقاطعة تقع في ولاية فلوريدا الأمريكية. اعتبارًا من تعداد 2010 ، كان عدد السكان 27115. مقرها في مقاطعة ماكليني بولاية فلوريدا. تأسست المقاطعة في عام 1861 وسميت على اسم جيمس ماكنير بيكر ، القاضي والسيناتور الكونفدرالي.
CASE_0247,613694,mixed,9,4988591,0.5238,0.5238,0,ar,يقع Dyess AFB في مدينة أبيلين في مقاطعة تايلور ، تكساس في الولايات المتحدة الأمريكية. . أبيلين هي مدينة عسكرية صديقة في غرب وسط تكساس تقع على بعد حوالي 183 ميلاً غرب دالاس و 250 ميلاً شمال سان أنطونيو. إنها مركز منطقة مكونة من 22 مقاطعة تسمى The Big Country ، وتعتبر المركز الاقتصادي لهذا الجزء من ول
CASE_0247,613694,mixed,10,7116821,0.5209,0.5209,0,ar,مقاطعة كارتر هي مقاطعة تقع في ولاية تينيسي الأمريكية. اعتبارًا من تعداد 2010 ، كان عدد السكان 57424. مقرها مقاطعة إليزابيثتون. تم تسمية المقاطعة على شرف لاندون كارتر (1760-1800) ، وهو مستوطن مبكر نشط في ولاية فرانكلين المفقودة 1784-1788 عن ولاية كارولينا الشمالية.
CASE_0247,765583,endpoint,1,7919988,0.4968,0.4968,0,ar,بروش من قماش ليبرتي أوف لندن بروش ليبرتي أوف لندن من القماش بروش زهرة ديزي بروش أرجواني زهرة ليبرتي أوف لندن. إيما فلورنس باريس. 13.50 دولارًا أمريكيًا. حبات قماش ليبرتي أوف لندن. نزوة. 15.00 دولارًا أمريكيًا. أزرار ليبرتي أوف لندن مغطاة بنسيج 23 مم (مقاس 36) مجموعة من 5 أزرار ملابس.
CASE_0247,765583,endpoint,2,2410443,0.4931,0.4931,0,ar,قبل أن تحصل المستعمرات الثلاثة عشر على الحرية ، كانت صناعة النسيج في بريطانيا العظمى هي المستفيد الأول من محاصيل القطن والتبغ المربحة.
CASE_0247,765583,endpoint,3,7919992,0.4928,0.4928,0,ar,حسب الطلب: قميص مناسب حسب الطلب من قماش Liberty of London.
CASE_0247,765583,endpoint,4,3034324,0.4814,0.4814,0,ar,الوصف: من Liberty Of London المشهورة عالميًا ، يتميز هذا التريكو الرائع من قماش الفسكوز المرن بمقبض فائق النعومة ، وستارة مرنة وأربعة اتجاهات. مع امتداد 50٪ عبر الحبيبات و 25٪ من التمدد العمودي ، فإن حياكة الجيرسيه هذه مثالية ...
CASE_0247,765583,endpoint,5,675910,0.4793,0.4793,0,ar,"""حملة من أجل الحرية. مع إقرار البرلمان البريطاني لإلغاء قانون تجارة الرقيق في عام 1807 ، تحول انتباه النشطاء المناهضين لتجارة الرقيق إلى العبودية نفسها ، لأنه على الرغم من حظر تجارة الرقيق ، لم يتم فعل أي شيء لتحرير القوى العاملة المستعبدة الحالية في الإمبراطورية البريطانية في أغسطس 1833 ، صدر قانون"
CASE_0247,765583,endpoint,6,2384580,0.4768,0.4768,0,ar,بذل رجال الأعمال في رابطة مكافحة قانون الذرة جهودًا مبكرة لكسب التأييد لصالح التجارة الحرة. يمتلك أعضاء العصبة مصانع نسيج ، ويعتقدون أن إلغاء حظر استيراد قانون الذرة سيسمح للمملكة المتحدة في ثلاثينيات القرن التاسع عشر ببيع الملابس القطنية للدول المصدرة للقمح.
CASE_0247,765583,endpoint,7,7123337,0.4731,0.4731,0,ar,شكوى من خطاب افتتاحية لندن تايمز بشأن إعلان التحرر
CASE_0247,765583,endpoint,8,2523917,0.4723,0.4723,0,ar,كانت تصميمات بيزلي المختلفة من بين العديد من المطبوعات والملابس الجميلة التي عُرضت في Liberty of London ، وهو معرض في متحف الأزياء والمنسوجات عرض منسوجات شركة ومتجر التصميم المؤثر.
CASE_0247,765583,endpoint,9,4699114,0.4709,0.4709,0,ar,لندن ، موسيقى البوب. 378000 ، هو مركز تصنيع رئيسي في جنوب غرب أونتاريو ، تأسس عام 1793 ، الملقب بـ Forest City ، يوجد في لندن وفرة من الحدائق الحضرية والغابات. كيلومتر إلى الغرب عند حدود أونتاريو وميتشيغان في سارنيا. الحد الأقصى للسرعة على 401 في معظم الأجزاء هو 100 كم / ساعة ، لكن يتوقع أن يسافر مع
CASE_0247,765583,endpoint,10,5309241,0.4704,0.4704,0,ar,استفد إلى أقصى حد من وقت التوقف اللطيف والرائع من خلال دليلنا لأفضل الأحداث والأنشطة في عطلة نهاية الأسبوع. ليس لديك خطط لعطلة نهاية الأسبوع؟ سوف تكافح من أجل ساعة مجانية بمجرد التحقق من أدلةنا للأشياء التي يمكنك القيام بها في العاصمة أيام الجمعة والسبت والأحد. من مجموعتنا المختارة من أفضل العروض ال
CASE_0247,765583,mixed,1,7919992,0.5624,0.5624,0,ar,حسب الطلب: قميص مناسب حسب الطلب من قماش Liberty of London.
CASE_0247,765583,mixed,2,7919988,0.5605,0.5605,0,ar,بروش من قماش ليبرتي أوف لندن بروش ليبرتي أوف لندن من القماش بروش زهرة ديزي بروش أرجواني زهرة ليبرتي أوف لندن. إيما فلورنس باريس. 13.50 دولارًا أمريكيًا. حبات قماش ليبرتي أوف لندن. نزوة. 15.00 دولارًا أمريكيًا. أزرار ليبرتي أوف لندن مغطاة بنسيج 23 مم (مقاس 36) مجموعة من 5 أزرار ملابس.
CASE_0247,765583,mixed,3,3034324,0.553,0.553,0,ar,الوصف: من Liberty Of London المشهورة عالميًا ، يتميز هذا التريكو الرائع من قماش الفسكوز المرن بمقبض فائق النعومة ، وستارة مرنة وأربعة اتجاهات. مع امتداد 50٪ عبر الحبيبات و 25٪ من التمدد العمودي ، فإن حياكة الجيرسيه هذه مثالية ...
CASE_0247,765583,mixed,4,7919995,0.5314,0.5314,0,ar,ليبرتي أوف لندن تانا لاون أبل فيروزي / أخضر من ليبرتي أوف لندن الشهير عالميًا ، هذا القماش القطني الرائع منسوج بدقة وخفيف الوزن وناعم للغاية.
CASE_0247,765583,mixed,5,7919991,0.5166,0.5166,1,ar,الوصف: من ليبرتي أوف لندن الشهير عالميًا ، نسيج العشب القطني الرائع هذا منسوج بدقة وخفيف الوزن وناعم للغاية. هذا النسيج الرائع مثالي جدًا للبلوزات والفساتين والملابس الداخلية والسترات والقمصان وغيرها.
CASE_0247,765583,mixed,6,7919994,0.5129,0.5129,0,ar,مغناطيس الثلاجة ليبرتي أوف لندن من القماش. علبة هدية المغناطيس من 6. اختيار الألوان الخاصة بك. أحب الحرية على ثلاجتك.
CASE_0247,765583,mixed,7,2523922,0.5118,0.5118,0,ar,الآن أصبحت تصميمات بيزلي المختلفة من بين العديد من المطبوعات والملابس الجميلة التي عُرضت في Liberty of London ، وهو معرض هذا الخريف في متحف الأزياء والمنسوجات الذي يعرض منسوجات شركة ومتجر التصميم المؤثر.
CASE_0247,765583,mixed,8,2523917,0.5104,0.5104,0,ar,كانت تصميمات بيزلي المختلفة من بين العديد من المطبوعات والملابس الجميلة التي عُرضت في Liberty of London ، وهو معرض في متحف الأزياء والمنسوجات عرض منسوجات شركة ومتجر التصميم المؤثر.
CASE_0247,765583,mixed,9,7919989,0.5054,0.5054,0,ar,تونك قماش ليبرتي أوف لندن مصنوع يدويًا ومناسب لمقاسات الصدر من 38 إلى 43.
CASE_0247,765583,mixed,10,7919993,0.5044,0.5044,0,ar,الوصف: من ليبرتي أوف لندن الشهير عالميًا ، نسيج العشب القطني الرائع هذا منسوج بدقة وخفيف الوزن وناعم للغاية. هذا النسيج الرائع مثالي جدًا للبلوزات والفساتين والملابس الداخلية والسترات والقمصان وغيرها. تشمل الألوان الفيروز والأزرق والأزرق المخضر ...
CASE_0247,780215,endpoint,1,8623146,0.6725,0.6725,0,ar,ستيفيا (/ â € / أو / Ã † stÃ⠀ € viÃ⠀ ™) هو محلي وبديل للسكر يتم استخراجه من أوراق الأنواع النباتية Stevia rebaudiana. مركبات ستيفيا النشطة هي ستيفيول جليكوسيدات (بشكل رئيسي ستيفيوسيد وريبوديوسايد) ، والتي تحتوي على ما يصل إلى 150 مرة من حلاوة السكر ، وهي مستقرة الحرارة ، ومستقرة لدرجة الحموضة ، وغير
CASE_0247,780215,endpoint,2,7193058,0.651,0.651,0,ar,ستيفيا هو مُحلي وبديل للسكر يُستخرج من أوراق نبات Stevia rebaudiana. مركبات ستيفيا النشطة هي ستيفيول جليكوسيدات (بشكل رئيسي ستيفيوسيد وريبوديوسايد) ، والتي تحتوي على ما يصل إلى 150 مرة من حلاوة السكر ، وهي مستقرة الحرارة ، ومستقرة لدرجة الحموضة ، وغير قابلة للتخمير. اسم المنتج مستخلص أوراق ستيفيا ال
CASE_0247,780215,endpoint,3,3579933,0.6484,0.6484,0,ar,"""ستيفيا (/ à€ ¹Ã،Ë † الحادي iÃ⠀ ¹Ã، والسادس à€ ° Ã، """"¢، à€ ¹Ã،Ë † الحادي à€ ° Ã، € º السادس à€ ° Ã،Â"""" ¢ /) هو مُحلي وبديل للسكر يتم استخراجه من أوراق الأنواع النباتية Stevia rebaudiana. مركبات ستيفيا النشطة هي ستيفيول جليكوسيدات (بشكل رئيسي ستيفيوسيد وريبوديوسايد) ، والتي تحتوي على ما يصل إلى 150"
CASE_0247,780215,endpoint,4,5861328,0.6473,0.6473,0,ar,نظرًا لطلبات المستهلكين للحصول على المزيد من المنتجات العضوية والأقل معالجة ، فإن المحليات الطبيعية مثل ستيفيا ورحيق الأغاف وكحوليات السكر قد سلطت الضوء مؤخرًا. ستيفيا. ستيفيا هو نبات أصلي في أمريكا الوسطى والجنوبية تم استهلاكه خارج الولايات المتحدة لأكثر من 200 عام. جليكوسيدات ستيفيول هي أحلى جزء م
CASE_0247,780215,endpoint,5,3579929,0.6467,0.6467,0,ar,Steviol ، لبنة البناء الأساسية لجليكوسيدات ستيفيا الحلوة. ستيفيا (/ â € / أو / Ã † stÃ⠀ € viÃ⠀ € /) هو محلي وبديل للسكر يتم استخراجه من أوراق الأنواع النباتية Stevia rebaudiana. مركبات ستيفيا النشطة هي ستيفيول جليكوسيدات (بشكل رئيسي ستيفيوسيد وريبوديوسايد) ، والتي تحتوي على ما يصل إلى 150 مرة من حلا
CASE_0247,780215,endpoint,6,5975720,0.6363,0.6363,0,ar,ستيفيا هو مُحلي صحي. في الواقع لا يعتبر مُحليًا صناعيًا لأنه عشب من أمريكا الجنوبية. إنها مادة مضافة غذائية صحية معروفة بخصائصها الطبية العديدة.
CASE_0247,780215,endpoint,7,8640217,0.6361,0.6361,0,ar,ستيفيا. ما هو: هذا المُحلي الطبيعي الخالي من السعرات الحرارية ، والمصنوع من نبات في أمريكا الجنوبية ، موجود منذ قرون. إنه الآن في المشروبات الغازية والمشروبات الرياضية ، بالإضافة إلى عبوات الطاولة (الخضراء عادةً) ، والقطرات السائلة ، والأقراص القابلة للذوبان ، والمنتجات القابلة للملعقة ، بالإضافة إل
CASE_0247,780215,endpoint,8,1742841,0.6322,0.6322,0,ar,أربعة آثار جانبية صحية لستيفيا. ستيفيا هو مُحلي عالي الكثافة مصنوع من نبات ستيفيا ريبوديانا. تعتبر Steviol Glycosides التي يتم الحصول عليها من أوراق هذا النبات حلوة جدًا ويتم استخدام النبات بشكل عام وتنقيته في مجموعة متنوعة من الأشكال. كما هو الحال مع العديد من المحليات غير الغذائية ، فإن هذا المُحل
CASE_0247,780215,endpoint,9,8251968,0.6274,0.6274,0,ar,صورة الائتمان Wavebreakmedia Ltd / Lightwavemedia / Getty Images. ستيفيا هو مُحلي منخفض السعرات الحرارية بشكل طبيعي ولا يرفع مستوى السكر في الدم عند تناوله. تُعرف أيضًا باسم Sweetleaf ، وهي مصنوعة من نبات Stevia rebaudiana ، وهو مواطن من أمريكا الجنوبية.
CASE_0247,780215,endpoint,10,137872,0.6253,0.6253,0,ar,مسحوق مستخلص ستيفيا العضوي النقي والمركز - ليس مثل العلامات التجارية الأخرى التي تحتوي على مواد مالئة. متوفر في 16 أونصة بسعر مخفض. يتم تخفيف معظم منتجات ستيفيا التجارية باستخدام مواد مالئة أو مواد تحلية أخرى. هذا هو مستخلص ستيفيا النقي وهو أكثر فعالية! لا توجد فلاتر أو إضافات أو كحول سكر أو مواد را
CASE_0247,780215,mixed,1,3051407,0.7242,0.7242,0,ar,Stevia In The Raw هو مُحلي طبيعي 100٪ وأحدث عضو في خط منتجاتنا الطبيعي بالكامل In The Raw. لا تستخدم مكونات إضافية لتغيير النكهة اللذيذة بشكل طبيعي لمستخلص ستيفيا ولديها أعلى محتوى Reb-A من محليات ستيفيا ذات العلامات التجارية المتوفرة اليوم.
CASE_0247,780215,mixed,2,3051410,0.7162,0.7162,0,ar,Stevia In The Raw عبارة عن مُحلي من نوع zerocalorie مصنوع مباشرةً من الأوراق الخضراء المورقة لنبات ستيفيا ، وهو محصول موطنه أمريكا الجنوبية. تستمد Stevia In The Raw حلاوتها من مستخلص (Rebiana أو Reb-A) الذي يتم عزله وتنقيته من أوراق نبات ستيفيا.
CASE_0247,780215,mixed,3,3051403,0.7067,0.7067,0,ar,ما هو Stevia In The RawÃ⠀ šÃ'®؟ Stevia In The RawÃ⠀ šÃ'® عبارة عن مُحلي خالٍ من السعرات الحرارية ، والذي يتكون من مستخلص ستيفيا وعامل تكتل (سكر العنب أو مالتوديكسترين). تُستخرج الستيفيا من أحلى جزء من أوراق نبات الستيفيا (ستيفيا ريبوديانا بيرتوني).
CASE_0247,780215,mixed,4,8665454,0.6893,0.6893,0,ar,لماذا يسمى المنتج In The Raw؟ Stevia Extract In The Raw هو منتج طبيعي 100٪ مصنوع من مستخلص ريب أ. نقاوتها وصحتها تجعلها تكملة مثالية خالية من السعرات الحرارية لـ Sugar In The Raw وأحدث عضو في خط إنتاجنا الطبيعي 100٪ في خط المنتجات الخام. الحجم (مثل كوب القياس). كوب واحد من مستخلص ستيفيا في الكوب الخ
CASE_0247,780215,mixed,5,2128552,0.6864,0.6864,1,ar,ما هذا؟ ما هو Stevia In The RawÃ⠀ šÃ'®؟ Stevia In The RawÃ⠀ šÃ'® عبارة عن مُحلي خالٍ من السعرات الحرارية ، والذي يتكون من مستخلص ستيفيا وعامل تكتل (سكر العنب أو مالتوديكسترين). تُستخرج الستيفيا من أحلى جزء من أوراق نبات الستيفيا (ستيفيا ريبوديانا بيرتوني).
CASE_0247,780215,mixed,6,37269,0.6785,0.6785,0,ar,Stevia In The RawÃ⠀ šÃ'® عبارة عن مُحلي خالٍ من السعرات الحرارية ، والذي يتكون من مستخلص ستيفيا وعامل تكتل (سكر العنب أو مالتوديكسترين). تُستخرج الستيفيا من أحلى جزء من أوراق نبات الستيفيا (ستيفيا ريبوديانا بيرتوني).
CASE_0247,780215,mixed,7,8623146,0.6772,0.6772,0,ar,ستيفيا (/ â € / أو / Ã † stÃ⠀ € viÃ⠀ ™) هو محلي وبديل للسكر يتم استخراجه من أوراق الأنواع النباتية Stevia rebaudiana. مركبات ستيفيا النشطة هي ستيفيول جليكوسيدات (بشكل رئيسي ستيفيوسيد وريبوديوسايد) ، والتي تحتوي على ما يصل إلى 150 مرة من حلاوة السكر ، وهي مستقرة الحرارة ، ومستقرة لدرجة الحموضة ، وغير
CASE_0247,780215,mixed,8,8665459,0.6754,0.6754,0,ar,تستمد Stevia In The Raw حلاوتها من مستخلص (Rebiana أو Reb-A) الذي يتم عزله وتنقيته من أوراق نبات ستيفيا. مستخلص ستيفيا الطبيعي أحلى من 300 إلى 400 مرة من السكر ، مما يسمح بكمية صغيرة من Stevia In The Raw لتوفير تأثير تحلية كبير. خط المنتجات الخام.
CASE_0247,780215,mixed,9,5861328,0.6725,0.6725,0,ar,نظرًا لطلبات المستهلكين للحصول على المزيد من المنتجات العضوية والأقل معالجة ، فإن المحليات الطبيعية مثل ستيفيا ورحيق الأغاف وكحوليات السكر قد سلطت الضوء مؤخرًا. ستيفيا. ستيفيا هو نبات أصلي في أمريكا الوسطى والجنوبية تم استهلاكه خارج الولايات المتحدة لأكثر من 200 عام. جليكوسيدات ستيفيول هي أحلى جزء م
CASE_0247,780215,mixed,10,8665456,0.6706,0.6706,0,ar,Stevia In The Raw مصنوع من أوراق نبات ستيفيا ، وهو مُحلي ممتاز متعدد الاستخدامات وطبيعي 100٪ وخالي من السعرات الحرارية. المنتجات.
CASE_0247,934795,endpoint,1,3631398,0.738,0.738,0,ar,يتراوح متوسط ​​هذا النوع من البناء بين 140 و 150 دولارًا للقدم المربع. يتوافق هذا أيضًا مع بياناتنا الخاصة بالمشاريع المماثلة التي أكملناها في المناطق الوسطى والغربية من البلاد. بالنسبة للكنيسة: عميد ، نحن في المرحلة الأولى لإعادة بناء كنيستنا ونبحث عن إضافة 3-4000 قدم مربع من مساحة الحرم.
CASE_0247,934795,endpoint,2,538230,0.7341,0.7341,0,ar,قال Gehlen إن البناء التجاري ، سواء كان يتضمن كنيسة أو مبنى مكاتب ، قياسي إلى حد ما بحوالي 70 دولارًا للقدم المربع للإطار الخشبي و 110 دولارات للقدم المربع للصلب والخرسانة ، بما في ذلك السباكة الأساسية والأسلاك والتركيبات والتشطيبات. هذا المشروع ، الذي يشمل أقل من 19000 قدم ، هو 4.3 مليون دولار ، أو
CASE_0247,934795,endpoint,3,2184486,0.734,0.734,0,ar,يتراوح متوسط ​​تكلفة القدم المربع من 150 دولارًا أمريكيًا / قدم مربع .... 1. 0. إذا كنت تستأجر عامل بناء لبناء المبنى بأكمله ، فإن متوسط ​​تكلفة القدم المربع يتراوح من 150 دولارًا أمريكيًا / قدم مربع. اعتمادًا على التصميم ومدى تعقيد البناء وخبرة المنشئ. يبدو أن التكلفة تنخفض في مكان ما بين 160 دولار
CASE_0247,934795,endpoint,4,100934,0.7246,0.7246,0,ar,تعتمد الإجابة على المنطقة التي ستبني فيها وجودة ونوع المواد المستخدمة. في المتوسط ​​، تبلغ تكلفة القدم المربع لبناء منزل متوسط ​​125 دولارًا لكل قدم مربع. هناك بعض البنائين الذين يبنون ما يسمى منازل الصيغة. هذا منزل مبني على ملكيتك ، مبني على تصميمات محددة في مجموعة صغيرة من الخيارات والتخطيطات ، با
CASE_0247,934795,endpoint,5,5088142,0.7244,0.7244,0,ar,لنفترض أن المؤسسة التي تبلغ مساحتها 28 قدمًا تبلغ 15000 دولارًا أمريكيًا. ستكون تكلفة القدم المربع (للمنزل الجاهز) 15000 دولار / 1400 = 10.71 دولار / سادس للمنزل الأصغر و 15000/2800 دولار = 5.36 دولار للمنزل الأكبر. إذن هذا مجرد مثال واحد يوضح كيف تتأثر تكاليف القدم المربعة للبناء الجديد بالعديد من
CASE_0247,934795,endpoint,6,4333618,0.7225,0.7225,0,ar,مرحبًا يا ميسي ، تتراوح تكلفة البناء للقدم المربع من حوالي 180 دولارًا إلى 200 دولار للقدم المربع وهذا يعتمد بشكل كبير على جودة البناء. بعض الأشياء التي تدخل في تكاليف البناء ليست فقط العمالة والمواد ، ولكن تكاليف التصاريح والنفقات العامة للمقاول.
CASE_0247,934795,endpoint,7,538231,0.7223,0.7223,0,ar,1 إذا كان المصلين يخططون لشراء كنيسة فولاذية مسبقة الصنع وإقامتها ، فقد تكلف المواد في مكان ما حوالي 5 دولارات إلى 15 دولارًا للقدم المربع. 2 ومع ذلك ، فكلما زاد حجم مبنى الكنيسة الفولاذي ، ستكون تكاليف المواد الأقل. على سبيل المثال ، يمكن شراء المواد الخاصة بكنيسة تبلغ مساحتها 30 ألف قدم مربع مقابل
CASE_0247,934795,endpoint,8,6161241,0.7218,0.7218,0,ar,تعتمد الإجابة على المنطقة التي ستبني فيها وجودة ونوع المواد المستخدمة. في المتوسط ​​، تبلغ تكلفة القدم المربع لبناء منزل متوسط ​​125 دولارًا لكل قدم مربع. هناك بعض البنائين الذين يبنون ما يسمى منازل الصيغة ، وهو منزل مبني على ملكيتك ، مبني على تصميمات محددة في مجموعة صغيرة من الاختيارات والتخطيطات ،
CASE_0247,934795,endpoint,9,4798499,0.7213,0.7213,0,ar,لنفترض أن المؤسسة التي تبلغ مساحتها 28 قدمًا تبلغ 15000 دولارًا أمريكيًا. ستكون تكلفة القدم المربع (للمنزل الجاهز) 15000 دولار / 1400 = 10.71 دولار / سادس للمنزل الأصغر و 15000/2800 دولار = 5.36 دولار للمنزل الأكبر. إذن هذا مجرد مثال واحد يوضح كيف تتأثر تكاليف القدم المربعة للبناء الجديد بالعديد من
CASE_0247,934795,endpoint,10,5604452,0.7205,0.7205,0,ar,بشكل عام ، نجد أن سعر سعر القدم المربع يكون قريبًا: 1 ​​$ 140 - 160 $ ​​للقدم المربع لبناء منزل خاص بك (بناء ذاتي ) 2 170 دولارًا - 200 دولار للقدم المربع لاستئجار منشئ منزل مخصص.
CASE_0247,934795,mixed,1,3631398,0.7433,0.7433,0,ar,يتراوح متوسط ​​هذا النوع من البناء بين 140 و 150 دولارًا للقدم المربع. يتوافق هذا أيضًا مع بياناتنا الخاصة بالمشاريع المماثلة التي أكملناها في المناطق الوسطى والغربية من البلاد. بالنسبة للكنيسة: عميد ، نحن في المرحلة الأولى لإعادة بناء كنيستنا ونبحث عن إضافة 3-4000 قدم مربع من مساحة الحرم.
CASE_0247,934795,mixed,2,538230,0.7386,0.7386,0,ar,قال Gehlen إن البناء التجاري ، سواء كان يتضمن كنيسة أو مبنى مكاتب ، قياسي إلى حد ما بحوالي 70 دولارًا للقدم المربع للإطار الخشبي و 110 دولارات للقدم المربع للصلب والخرسانة ، بما في ذلك السباكة الأساسية والأسلاك والتركيبات والتشطيبات. هذا المشروع ، الذي يشمل أقل من 19000 قدم ، هو 4.3 مليون دولار ، أو
CASE_0247,934795,mixed,3,538231,0.7313,0.7313,0,ar,1 إذا كان المصلين يخططون لشراء كنيسة فولاذية مسبقة الصنع وإقامتها ، فقد تكلف المواد في مكان ما حوالي 5 دولارات إلى 15 دولارًا للقدم المربع. 2 ومع ذلك ، فكلما زاد حجم مبنى الكنيسة الفولاذي ، ستكون تكاليف المواد الأقل. على سبيل المثال ، يمكن شراء المواد الخاصة بكنيسة تبلغ مساحتها 30 ألف قدم مربع مقابل
CASE_0247,934795,mixed,4,538224,0.7291,0.7291,0,ar,1 ومع ذلك ، فكلما زاد حجم مبنى الكنيسة الفولاذي ، ستكون تكاليف المواد الأقل. 2 على سبيل المثال ، يمكن شراء المواد الخاصة بكنيسة تبلغ مساحتها 30 ألف قدم مربع مقابل أقل من 8 دولارات إلى 10 دولارات للقدم المربع. على سبيل المثال ، يمكن شراء المواد الخاصة بكنيسة تبلغ مساحتها 30 ألف قدم مربع مقابل مبلغ ضئ
CASE_0247,934795,mixed,5,7781139,0.7196,0.7196,1,ar,"""تبلغ تكلفة هذا المشروع ، الذي يشمل أقل من 19000 قدم ، 4.3 مليون دولار ، أو حوالي 239 دولارًا للقدم المربع. في كل حالة تقريبًا ، عندما يتم فحص تكاليف بناء الكنيسة ، ستكلف الكنيسة الكاثوليكية أكثر Ã''¬Ã' أكثر من ٥٠ ٪ للقدم المربع أكثر من نظيرتها. الكنيسة البروتستانتية. قال الأب جوزيف ميتشل ، راعي أبر"
CASE_0247,934795,mixed,6,5110816,0.7184,0.7184,0,ar,قال Gehlen إن البناء التجاري ، سواء كان يتضمن كنيسة أو مبنى مكاتب ، قياسي إلى حد ما بحوالي 70 دولارًا للقدم المربع للإطار الخشبي و 110 دولارات للقدم المربع للصلب والخرسانة ، بما في ذلك السباكة الأساسية والأسلاك والتركيبات والتشطيبات. في الحالة ، عندما يتم فحص تكاليف بناء الكنيسة ، ستكلف الكنيسة الكا
CASE_0247,934795,mixed,7,5956839,0.7159,0.7159,0,ar,سيبدأ البناء الجديد بين 250 دولارًا للقدم المربع و 500 دولار للقدم المربع: وهذا يعني ما بين 275000 دولار إلى 550 ألف دولار غير شامل تكلفة الأرض. 0 تصويتات 10 مايو 2012.
CASE_0247,934795,mixed,8,6152989,0.7119,0.7119,0,ar,سيبدأ البناء الجديد بين 250 دولارًا للقدم المربع و 500 دولار للقدم المربع: وهذا يعني ما بين 275000 دولار إلى 550 ألف دولار غير شامل تكلفة الأرض. 0 تصويتات 10 مايو 2012. إلغاء.
CASE_0247,934795,mixed,9,5110815,0.7089,0.7089,0,ar,"""تبلغ تكلفة هذا المشروع ، الذي يشمل أقل من 19000 قدم ، 4.3 مليون دولار ، أو حوالي 239 دولارًا للقدم المربع. في كل حالة تقريبًا ، عندما يتم فحص تكاليف بناء الكنيسة ، ستكلف الكنيسة الكاثوليكية أكثر Ã''¬Ã' أكثر من ٥٠ ٪ للقدم المربع أكثر من نظيرتها. الكنيسة البروتستانتية. - قال الأب جوزيف ميتشل ، راعي أ"
CASE_0247,934795,mixed,10,1770239,0.7044,0.7044,0,ar,سيبدأ البناء الجديد بين 250 دولارًا للقدم المربع و 500 دولار للقدم المربع: وهذا يعني ما بين 275000 دولار إلى 550 ألف دولار غير شامل تكلفة الأرض. 0 تصويتات 10 مايو 2012.Cancel.ew سيتراوح سعر البناء بين 250 دولارًا للقدم المربع و 500 دولار للقدم المربع: سيعني ذلك ما بين 275 ألف دولار و 550 ألف دولار غ
CASE_0247,994792,endpoint,1,3940089,0.6073,0.6073,0,ar,في أكتوبر 1962 ، اقتربت الولايات المتحدة والاتحاد السوفيتي من حرب نووية عندما أصر الرئيس كينيدي على أن يقوم نيكيتا خروتشوف بإزالة 42 صاروخًا كان قد نشرها سراً في كوبا. فعل السوفييت ذلك في النهاية ، وتم تجنب الحرب النووية ، وانتهت الأزمة.
CASE_0247,994792,endpoint,2,7923228,0.6001,0.6001,0,ar,نعوم تشومسكي: في الواقع ، اقتربت الحرب النووية بشكل غير سار عدة مرات منذ عام 1945. هناك عشرات المرات التي كان فيها تهديد كبير بحرب نووية. كانت هناك مرة واحدة في عام 1962 عندما كانت قريبة جدًا ، علاوة على ذلك ، لم تكن الولايات المتحدة وحدها. اقتربت الهند وباكستان من حرب نووية عدة مرات ، ولا تزال القض
CASE_0247,994792,endpoint,3,385712,0.5976,0.5976,0,ar,أدت أزمة الصواريخ الكوبية في أكتوبر 1962 إلى اقتراب العالم من مواجهة نووية بين الولايات المتحدة والاتحاد السوفيتي. كادت المواقف السياسية التي تبناها الطرفان أن تمنع التوصل إلى قرار ، ولكن في اللحظة الأخيرة ، تم التوصل إلى حل وسط وتم تجنب الحرب النووية. في أكتوبر 1962 ، في ذروة الحرب الباردة ، بدا أن
CASE_0247,994792,endpoint,4,6661001,0.5959,0.5959,0,ar,في أكتوبر 1962 ، في ذروة الحرب الباردة ، بدا أن الولايات المتحدة والاتحاد السوفيتي ينزلقان بلا هوادة نحو صراع نووي ... ثلاثة عشر يومًا: مذكرات عن أزمة الصواريخ الكوبية بقلم روبرت ف. كينيدي. أدت أزمة الصواريخ في أكتوبر 1962 إلى اقتراب العالم من مواجهة نووية بين الولايات المتحدة والاتحاد السوفيتي. كاد
CASE_0247,994792,endpoint,5,1472189,0.5892,0.5892,0,ar,دقيقة واحدة إلى منتصف الليل: كينيدي وخروتشوف وكاسترو على شفا حرب نووية لمايكل دوبس. في أكتوبر 1962 ، في ذروة الحرب الباردة ، بدا أن الولايات المتحدة والاتحاد السوفيتي ينزلقان بلا هوادة نحو صراع نووي ... قاذفات الحلوى لأندريه تشيرني.
CASE_0247,994792,endpoint,6,2864030,0.589,0.589,0,ar,في الواقع ، قد لا يكون ذلك بعيد الاحتمال. كانت أزمة الصواريخ الكوبية قريبة جدًا من التحول إلى أسلحة نووية. إذا افترضنا حدثًا واحدًا من هذا القبيل كل 69 عامًا واحتمال واحد من كل ثلاثة أنه قد يؤدي إلى أن يصبح حربًا نووية ، فإن فرصة حدوث مثل هذه الكارثة تزداد إلى حوالي واحد من 200 كل عام. والأسوأ من ذل
CASE_0247,994792,endpoint,7,5295397,0.5822,0.5822,0,ar,في أكتوبر 1962 ، كانت الولايات المتحدة والاتحاد السوفيتي على شفا حرب نووية بسبب وضع الصواريخ السوفيتية في كوبا. لمدة 13 يومًا متوترًا ، علق السلام الهش بخيط رفيع فقط عندما فرضت الولايات المتحدة حصارًا بحريًا على كوبا لإعادة السفن السوفيتية.
CASE_0247,994792,endpoint,8,7274663,0.5809,0.5809,0,ar,كشفت دراسة جديدة كيف كادت عاصفة شمسية قوية أن تسببت في اندلاع الحرب الباردة وتحولت إلى صراع نووي بين الولايات المتحدة والاتحاد السوفيتي. كشفت دراسة جديدة كيف كادت عاصفة شمسية قوية أن تسببت في اندلاع الحرب الباردة وتحولت إلى صراع نووي بين الولايات المتحدة والاتحاد السوفيتي.
CASE_0247,994792,endpoint,9,1598231,0.5774,0.5774,0,ar,في عام 1995 ، كادت روسيا تطلق صواريخها على الولايات المتحدة عندما اعتقدت أنها تتعرض للهجوم. وكلما طالت مدة بقاء آلاف الأسلحة النووية في أيدي بشر غير معصوم من الخطأ ، زاد خطر وقوع كارثة تتجاوز التجربة التاريخية.
CASE_0247,994792,endpoint,10,2864037,0.5737,0.5737,0,ar,ما الحدث الذي أدى إلى أكبر تهديد بحرب نووية؟ المساعدة العسكرية الأمريكية لفيتنام الجنوبية ب. اندلاع الحرب في الشرق الأوسط ج. أطلق الاتحاد السوفيتي حصارًا بحريًا أمريكيًا سبوتنيك د على كوبا. الإجابات. الجواب الصحيح من بين جميع الخيارات الأخرى هو الحصار البحري الأمريكي لكوبا. نتج عن هذا الحدث أكبر تهد
CASE_0247,994792,mixed,1,7923228,0.6011,0.6011,0,ar,نعوم تشومسكي: في الواقع ، اقتربت الحرب النووية بشكل غير سار عدة مرات منذ عام 1945. هناك عشرات المرات التي كان فيها تهديد كبير بحرب نووية. كانت هناك مرة واحدة في عام 1962 عندما كانت قريبة جدًا ، علاوة على ذلك ، لم تكن الولايات المتحدة وحدها. اقتربت الهند وباكستان من حرب نووية عدة مرات ، ولا تزال القض
CASE_0247,994792,mixed,2,3940089,0.5886,0.5886,0,ar,في أكتوبر 1962 ، اقتربت الولايات المتحدة والاتحاد السوفيتي من حرب نووية عندما أصر الرئيس كينيدي على أن يقوم نيكيتا خروتشوف بإزالة 42 صاروخًا كان قد نشرها سراً في كوبا. فعل السوفييت ذلك في النهاية ، وتم تجنب الحرب النووية ، وانتهت الأزمة.
CASE_0247,994792,mixed,3,6661001,0.5831,0.5831,0,ar,في أكتوبر 1962 ، في ذروة الحرب الباردة ، بدا أن الولايات المتحدة والاتحاد السوفيتي ينزلقان بلا هوادة نحو صراع نووي ... ثلاثة عشر يومًا: مذكرات عن أزمة الصواريخ الكوبية بقلم روبرت ف. كينيدي. أدت أزمة الصواريخ في أكتوبر 1962 إلى اقتراب العالم من مواجهة نووية بين الولايات المتحدة والاتحاد السوفيتي. كاد
CASE_0247,994792,mixed,4,385712,0.5822,0.5822,0,ar,أدت أزمة الصواريخ الكوبية في أكتوبر 1962 إلى اقتراب العالم من مواجهة نووية بين الولايات المتحدة والاتحاد السوفيتي. كادت المواقف السياسية التي تبناها الطرفان أن تمنع التوصل إلى قرار ، ولكن في اللحظة الأخيرة ، تم التوصل إلى حل وسط وتم تجنب الحرب النووية. في أكتوبر 1962 ، في ذروة الحرب الباردة ، بدا أن
CASE_0247,994792,mixed,5,7274662,0.5778,0.5778,1,ar,دراسة جديدة تشير إلى أن العاصفة الشمسية في عام 1967 تسببت في حرب نووية تقريبًا. الشمس كما تراه في 23 مايو 1967. اندلع توهج قوي من المنطقة المضيئة في المركز العلوي للقرص الشمسي.
CASE_0247,994792,mixed,6,1472189,0.5769,0.5769,0,ar,دقيقة واحدة إلى منتصف الليل: كينيدي وخروتشوف وكاسترو على شفا حرب نووية لمايكل دوبس. في أكتوبر 1962 ، في ذروة الحرب الباردة ، بدا أن الولايات المتحدة والاتحاد السوفيتي ينزلقان بلا هوادة نحو صراع نووي ... قاذفات الحلوى لأندريه تشيرني.
CASE_0247,994792,mixed,7,2864030,0.5736,0.5736,0,ar,في الواقع ، قد لا يكون ذلك بعيد الاحتمال. كانت أزمة الصواريخ الكوبية قريبة جدًا من التحول إلى أسلحة نووية. إذا افترضنا حدثًا واحدًا من هذا القبيل كل 69 عامًا واحتمال واحد من كل ثلاثة أنه قد يؤدي إلى أن يصبح حربًا نووية ، فإن فرصة حدوث مثل هذه الكارثة تزداد إلى حوالي واحد من 200 كل عام. والأسوأ من ذل
CASE_0247,994792,mixed,8,5295397,0.573,0.573,0,ar,في أكتوبر 1962 ، كانت الولايات المتحدة والاتحاد السوفيتي على شفا حرب نووية بسبب وضع الصواريخ السوفيتية في كوبا. لمدة 13 يومًا متوترًا ، علق السلام الهش بخيط رفيع فقط عندما فرضت الولايات المتحدة حصارًا بحريًا على كوبا لإعادة السفن السوفيتية.
CASE_0247,994792,mixed,9,5069741,0.5672,0.5672,0,ar,آثار أزمة الصواريخ الكوبية. اقترب العالم كما نعرفه اليوم من حرب نووية في عام 1962 ، في أكتوبر. جمعت الولايات المتحدة الأمريكية والاتحاد السوفيتي صواريخهما في كوبا.في ذلك الوقت كان الرئيس جون كينيدي يذكر مرارًا وتكرارًا أن هناك فجوة صاروخية ضخمة بين الاتحاد السوفيتي والولايات المتحدة الأمريكية. ورأى
CASE_0247,994792,mixed,10,7274663,0.5661,0.5661,0,ar,كشفت دراسة جديدة كيف كادت عاصفة شمسية قوية أن تسببت في اندلاع الحرب الباردة وتحولت إلى صراع نووي بين الولايات المتحدة والاتحاد السوفيتي. كشفت دراسة جديدة كيف كادت عاصفة شمسية قوية أن تسببت في اندلاع الحرب الباردة وتحولت إلى صراع نووي بين الولايات المتحدة والاتحاد السوفيتي.
CASE_0247,1087589,endpoint,1,6284209,0.7294,0.7294,0,ar,مفتاح تشغيل / إيقاف. لافتات النيون مصنوعة من أنابيب زجاجية مثنية بأحرف أو أشكال ومليئة بغاز خامل. عندما يضرب التيار الكهربائي الأقطاب الكهربائية في الأنابيب ، تتدفق الإلكترونات عبر الغاز ، مما يجعل ذراته تتوهج. يحدد نوع الغاز في الأنابيب لون الضوء. في أنبوب زجاجي صافٍ ، يعطي غاز الأرجون ضوءًا أزرقًا
CASE_0247,1087589,endpoint,2,1223745,0.6966,0.6966,0,ar,في صناعة اللافتات ، إشارات النيون هي إشارات كهربائية مضاءة بأنابيب تفريغ الغاز المضيئة الطويلة التي تحتوي على نيون نادر أو غازات أخرى. إنها الاستخدام الأكثر شيوعًا لإضاءة النيون ، والتي تم عرضها لأول مرة في شكل حديث في ديسمبر 1910 بواسطة جورج كلود في معرض باريس للسيارات.
CASE_0247,1087589,endpoint,3,7100719,0.6951,0.6951,0,ar,علامة النيون هي شاشة عرض ضوئية مصنوعة من أنابيب زجاجية مملوءة بالغاز وثنيها على شكل حروف أو تصميمات زخرفية. عندما يمر تيار كهربائي عالي الجهد عبر الغاز ، فإن الأنابيب تنبعث منها الضوء. على الرغم من استخدام غاز النيون في الأصل في هذه العلامات ، إلا أن العديد من الغازات الأخرى تستخدم أيضًا. تنتج هذه ا
CASE_0247,1087589,endpoint,4,3731778,0.691,0.691,0,ar,أكبر استخدام لغاز النيون في اللافتات الإعلانية. يستخدم النيون أيضًا لعمل مؤشرات الجهد العالي ويتم دمجه مع الهيليوم لصنع ليزر الهيليوم نيون ، ويستخدم النيون السائل كمبرد مبرد ، وأكبر استخدام لغاز النيون هو في اللافتات الإعلانية. يستخدم النيون أيضًا في صنع مؤشرات الجهد العالي ويتم دمجه مع الهيليوم لصن
CASE_0247,1087589,endpoint,5,7100724,0.6847,0.6847,1,ar,تعتبر الغازات النادرة والنيون والأرجون والهيليوم والزينون والكريبتون مناسبة بشكل مثالي للاستخدام في العلامات. الغازان الأكثر استخدامًا في إشارات النيون هما النيون والأرجون. في حين أن النيون شديد السطوع ، يكون ضوء الأرجون ضعيفًا بسبب مقاومته المنخفضة. غاز النيون يعطي ...
CASE_0247,1087589,endpoint,6,3963652,0.6784,0.6784,0,ar,بعد الاشتباه في وجود غاز آخر يجب اكتشافه ، لجأ الباحثون إلى الأرجون الصلب ، مما سمح للغاز المتصلب بالتبخر تحت ضغط منخفض للغاية. هذه المرة ، وجدوا الغاز الذي يجلس فوق الأرجون في الجدول الدوري: النيون. الاستخدام الأكثر شيوعًا للنيون هو في لافتات النيون ، والتي لها تاريخ يمتد لقرن من الزمان. طور المهند
CASE_0247,1087589,endpoint,7,7100722,0.6781,0.6781,0,ar,تشتهر إشارات النيون بالإعلان بسبب ألوانها الجذابة. كان النيون أول غاز خامل يستخدم في اللافتات ، لذلك لا يزال يُشار إلى جميع أنواع الإضاءة من هذا النوع باسم إضاءة النيون على الرغم من وجود عدد من الغازات الخاملة الأخرى المستخدمة الآن. تنتج الغازات الخاملة المختلفة ألوانًا مختلفة ، بما في ذلك اللون الأ
CASE_0247,1087589,endpoint,8,5008792,0.6777,0.6777,0,ar,الاستخدامات: يستخدم النيون مصابيح التوهج وأنابيب الإلكترون والعلامات ودراسات البلازما وأنابيب بدء التشغيل الفلوريسنت والتبريد المبرد وأشعة الليزر الغازية. النيون هو غاز أحادي عديم اللون والرائحة والمذاق ، ينتمي إلى عناصر المجموعة السابعة ، تسمى الغازات النبيلة. النيون ، الذي اشتق اسمه من الكلمة اليو
CASE_0247,1087589,endpoint,9,1916600,0.6761,0.6761,0,ar,تحتوي ذرات النيون على 10 إلكترونات و 10 بروتونات مع غلاف خارجي كامل من 8 إلكترونات. الخصائص والخصائص. في ظل الظروف القياسية ، يكون عنصر النيون غازًا عديم اللون عديم الرائحة. إنه غاز خامل تمامًا ، مما يعني أنه لن يتحد مع عناصر أو مواد أخرى لتكوين مركب. يتم استخدام eon في إشارات الإضاءة التي غالبًا ما
CASE_0247,1087589,endpoint,10,1373687,0.6745,0.6745,0,ar,أكبر استخدام لغاز النيون في اللافتات الإعلانية. يستخدم النيون أيضًا في صنع مؤشرات الجهد العالي ويتم دمجه مع الهيليوم لصنع ليزر الهيليوم نيون. يستخدم النيون السائل كمبرد مبرد.
CASE_0247,1087589,mixed,1,7100724,0.7101,0.7101,1,ar,تعتبر الغازات النادرة والنيون والأرجون والهيليوم والزينون والكريبتون مناسبة بشكل مثالي للاستخدام في العلامات. الغازان الأكثر استخدامًا في إشارات النيون هما النيون والأرجون. في حين أن النيون شديد السطوع ، يكون ضوء الأرجون ضعيفًا بسبب مقاومته المنخفضة. غاز النيون يعطي ...
CASE_0247,1087589,mixed,2,6284209,0.7098,0.7098,0,ar,مفتاح تشغيل / إيقاف. لافتات النيون مصنوعة من أنابيب زجاجية مثنية بأحرف أو أشكال ومليئة بغاز خامل. عندما يضرب التيار الكهربائي الأقطاب الكهربائية في الأنابيب ، تتدفق الإلكترونات عبر الغاز ، مما يجعل ذراته تتوهج. يحدد نوع الغاز في الأنابيب لون الضوء. في أنبوب زجاجي صافٍ ، يعطي غاز الأرجون ضوءًا أزرقًا
CASE_0247,1087589,mixed,3,7100719,0.6981,0.6981,0,ar,علامة النيون هي شاشة عرض ضوئية مصنوعة من أنابيب زجاجية مملوءة بالغاز وثنيها على شكل حروف أو تصميمات زخرفية. عندما يمر تيار كهربائي عالي الجهد عبر الغاز ، فإن الأنابيب تنبعث منها الضوء. على الرغم من استخدام غاز النيون في الأصل في هذه العلامات ، إلا أن العديد من الغازات الأخرى تستخدم أيضًا. تنتج هذه ا
CASE_0247,1087589,mixed,4,7100722,0.6937,0.6937,0,ar,تشتهر إشارات النيون بالإعلان بسبب ألوانها الجذابة. كان النيون أول غاز خامل يستخدم في اللافتات ، لذلك لا يزال يُشار إلى جميع أنواع الإضاءة من هذا النوع باسم إضاءة النيون على الرغم من وجود عدد من الغازات الخاملة الأخرى المستخدمة الآن. تنتج الغازات الخاملة المختلفة ألوانًا مختلفة ، بما في ذلك اللون الأ
CASE_0247,1087589,mixed,5,1223745,0.6866,0.6866,0,ar,في صناعة اللافتات ، إشارات النيون هي إشارات كهربائية مضاءة بأنابيب تفريغ الغاز المضيئة الطويلة التي تحتوي على نيون نادر أو غازات أخرى. إنها الاستخدام الأكثر شيوعًا لإضاءة النيون ، والتي تم عرضها لأول مرة في شكل حديث في ديسمبر 1910 بواسطة جورج كلود في معرض باريس للسيارات.
CASE_0247,1087589,mixed,6,6794925,0.6855,0.6855,0,ar,الاستخدامات والخصائص. تعكس صور لاس فيغاس ورمز àdollaràالنيون استخدام الغاز في إضاءة النيون للإعلان. غاز عديم اللون والرائحة. لن يتفاعل النيون مع أي مادة أخرى. أكبر استخدام للنيون هو صنع لافتات للإعلان. في أنبوب التفريغ المفرغ ، يتوهج النيون باللون البرتقالي المحمر. فقط العلامات الحمراء تحتوي في الوا
CASE_0247,1087589,mixed,7,3731778,0.6847,0.6847,0,ar,أكبر استخدام لغاز النيون في اللافتات الإعلانية. يستخدم النيون أيضًا لعمل مؤشرات الجهد العالي ويتم دمجه مع الهيليوم لصنع ليزر الهيليوم نيون ، ويستخدم النيون السائل كمبرد مبرد ، وأكبر استخدام لغاز النيون هو في اللافتات الإعلانية. يستخدم النيون أيضًا في صنع مؤشرات الجهد العالي ويتم دمجه مع الهيليوم لصن
CASE_0247,1087589,mixed,8,2301923,0.6833,0.6833,0,ar,الاستخدامات والخصائص. تعكس صور لاس فيغاس ورمز àdollaràالنيون استخدام الغاز في إضاءة النيون للإعلان. غاز عديم اللون والرائحة. لن يتفاعل النيون مع أي مادة أخرى. أكبر استخدام للنيون هو صنع لافتات للإعلان. في أنبوب التفريغ المفرغ ، يتوهج النيون باللون البرتقالي المحمر. فقط العلامات الحمراء تحتوي في الوا
CASE_0247,1087589,mixed,9,7100725,0.683,0.683,0,ar,النيون أو الأرجون هما الغازات الأكثر استخدامًا ؛ يستخدم الفنانون الكريبتون والزينون والهيليوم لأغراض خاصة ولكن لا يتم استخدامها بمفردها في العلامات العادية. غالبًا ما يتم استخدام مزيج مختلط مسبقًا من الأرجون والهيليوم بدلاً من الأرجون النقي عند تركيب أنبوب في مناخ بارد ، نظرًا لأن الهيليوم يزيد انخف
CASE_0247,1087589,mixed,10,861003,0.677,0.677,0,ar,ملخص الدرس. تم اكتشاف النيون عام 1898 وهو غاز نبيل. يحتوي على الرمز الكيميائي Ne والرقم الكيميائي 10. يوجد في الهواء ولكن فقط 0.0018٪ من الهواء نيون. للنيون مجموعة متنوعة من الاستخدامات بما في ذلك اللافتات الإعلانية والليزر والمبردات المبردة. لإلغاء قفل هذا الدرس ، يجب أن تكون عضوًا في Study.com. يح
CASE_0247,1000864,endpoint,1,2434210,0.5837,0.5837,0,ar,كنت أتحدث في الشهرين الماضيين عن قوة الشفاء للطين. كما رأيت ، هناك استخدامات لا حصر لها للطين داخليًا وخارجيًا. أنا متحمس جدًا اليوم للحديث عن أحد المنتجات التي نستخدمها هنا في المركز الصحي ونوصي بمجموعة متنوعة من المشاكل.
CASE_0247,1000864,endpoint,2,7262315,0.5824,0.5824,1,ar,طين Aztec Secret الهندي العلاجي هو طين البنتونيت من وادي الموت بكاليفورنيا ، حيث يتم تجفيفه بالشمس لمدة تصل إلى ستة أشهر في درجات حرارة تصل أحيانًا إلى 134 درجة. علاجات للوجه ، حب الشباب ، لفائف الجسم ، حمامات الطين ، نقع القدمين ، الطين المبرد لحزم الركبة ولدغ الحشرات. استمتع بفوائد الطين في منزلك.
CASE_0247,1000864,endpoint,3,7262321,0.5776,0.5776,0,ar,طين الشفاء الهندي الأزتك تاريخ موجز - أقوى وجه في العالم يستخدم الطين مع خل التفاح يمكن أن يعود إلى القس الفرنسي الجنوبي في القرن السادس عشر ، كنيب ، و العلاجات الطبيعية باستخدام عبوات الطين والكمادات. على مر التاريخ ، تم توثيق استخدام الطين ، وخاصة الطين الأخضر أو ​​البنتونيت ، بشكل جيد.
CASE_0247,1000864,endpoint,4,6422520,0.5718,0.5718,0,ar,1 1/4 كوب من بذور الكتان الكاملة (الحمراء أو الذهبية) (اشترِ من متاجر الأطعمة الصحية أو أمازون). حزمة واحدة سوف تدوم طويلا. 2 2 كوب ماء. أضف الزيوت الأساسية أو هلام الصبار للحصول على فوائد إضافية (اختياري) استخدمت بضع قطرات من إكليل الجبل.
CASE_0247,1000864,endpoint,5,4405779,0.5675,0.5675,0,ar,إخلاء المسؤولية: أنا لست طبيباً ، استشر طبيبك أولاً للتأكد من أنه يمكنك تناول أي شاي موصى به ، Medecine. أنا أشارك رحلتي الشخصية في العيش مع الأورام الليفية. اشتريت DANDELION ROOT على العنوان التالي: The Herb Shoppe: 394 Atlantic Ave، Brooklyn، http://www.theherbshoppe.net تعريفات WikiPedia:
CASE_0247,1000864,endpoint,6,7262323,0.5661,0.5661,0,ar,100٪ كالسيوم طبيعي بنتونايت (أخضر) طين - مجفف في الشمس - بدون إضافات 0 بدون عطور اتجاهات اخلط طين Aztec secert الهندي العلاجي مع أجزاء متساوية من خل التفاح أو الماء.من الأفضل استخدام الزجاج أو الفخار أو وعاء خشبي. حرك الخليط حتى يصبح معجونًا ناعمًا - أضف المزيد من الطين أو السائل حسب الحاجة.
CASE_0247,1000864,endpoint,7,8603250,0.5639,0.5639,0,ar,أنا فقط أخلط لي مع الماء كما يقولون وأشربه بسرعة. أفضل علامة تجارية وجدتها كانت مسحوق سيلليوم Source Naturals. أعتقد أنه يبدو أنه يساعد إلى حد ما. لقد مزجته مع طين البنتونيت السائل من Great Plains من قبل ، وربما ساعدني في مغفرة سابقة ، لكنه يميل إلى الإمساك قليلاً.
CASE_0247,1000864,endpoint,8,4071763,0.5637,0.5637,0,ar,حيث لشراء زيت بذور الكتان. يمكن شراء زيت الكتان من العديد من المتاجر المحلية مثل محلات البقالة أو متاجر الأطعمة الصحية أو الصيدليات. وبالطبع يمكنك شراء زيت الكتان عبر الإنترنت. ولكن قبل الشراء ، يرجى قراءة القسم التالي: هناك بعض الأشياء التي يجب أن تعرفها قبل شراء زيت بذور الكتان.
CASE_0247,1000864,endpoint,9,396306,0.5621,0.5621,0,ar,اشترِ كانا من أزاريوس. 1 Ethno Vape Kanna (Sceletium Tortuosum) 2 Gold Rush. 3 كنا (سكليتيوم تورتوسوم) 4 بذور كنا (سكليتيوم تورتوسوم). 5 Kanna (Sceletium Tortuosum) من مستخلص ET2. 6 مستخلص كنا (سكليتيوم تورتوسوم) 10x. 7 Kanna (Sceletium Tortuosum) مستخلص UB40. 8 Kanna (Sceletium Tortuosum) مستخلص جا
CASE_0247,1000864,endpoint,10,4374386,0.5611,0.5611,0,ar,المكان الوحيد لشراء هذا العلاج المضاد للفطريات هو عبر الإنترنت. لن تحصل على أفضل سعر عند الطلب عبر الإنترنت فحسب ، بل يمكنك شراء Zetaclear في المملكة المتحدة أو كندا أو أستراليا أو جنوب إفريقيا أو نيوزيلندا أو سنغافورة أو أينما كنت في العالم وشحنها إلى باب منزلك.
CASE_0247,1000864,mixed,1,7262315,0.6234,0.6234,1,ar,طين Aztec Secret الهندي العلاجي هو طين البنتونيت من وادي الموت بكاليفورنيا ، حيث يتم تجفيفه بالشمس لمدة تصل إلى ستة أشهر في درجات حرارة تصل أحيانًا إلى 134 درجة. علاجات للوجه ، حب الشباب ، لفائف الجسم ، حمامات الطين ، نقع القدمين ، الطين المبرد لحزم الركبة ولدغ الحشرات. استمتع بفوائد الطين في منزلك.
CASE_0247,1000864,mixed,2,7262314,0.5884,0.5884,0,ar,اعثر على صفقات رائعة على eBay لـ Aztec Secret Indian healing Clay و Derma e Microdermabrasion Scrub 2 oz. تسوق مع الثقة.
CASE_0247,1000864,mixed,3,7262323,0.5817,0.5817,0,ar,100٪ كالسيوم طبيعي بنتونايت (أخضر) طين - مجفف في الشمس - بدون إضافات 0 بدون عطور اتجاهات اخلط طين Aztec secert الهندي العلاجي مع أجزاء متساوية من خل التفاح أو الماء.من الأفضل استخدام الزجاج أو الفخار أو وعاء خشبي. حرك الخليط حتى يصبح معجونًا ناعمًا - أضف المزيد من الطين أو السائل حسب الحاجة.
CASE_0247,1000864,mixed,4,4405779,0.5715,0.5715,0,ar,إخلاء المسؤولية: أنا لست طبيباً ، استشر طبيبك أولاً للتأكد من أنه يمكنك تناول أي شاي موصى به ، Medecine. أنا أشارك رحلتي الشخصية في العيش مع الأورام الليفية. اشتريت DANDELION ROOT على العنوان التالي: The Herb Shoppe: 394 Atlantic Ave، Brooklyn، http://www.theherbshoppe.net تعريفات WikiPedia:
CASE_0247,1000864,mixed,5,4374386,0.5705,0.5705,0,ar,المكان الوحيد لشراء هذا العلاج المضاد للفطريات هو عبر الإنترنت. لن تحصل على أفضل سعر عند الطلب عبر الإنترنت فحسب ، بل يمكنك شراء Zetaclear في المملكة المتحدة أو كندا أو أستراليا أو جنوب إفريقيا أو نيوزيلندا أو سنغافورة أو أينما كنت في العالم وشحنها إلى باب منزلك.
CASE_0247,1000864,mixed,6,7262321,0.5669,0.5669,0,ar,طين الشفاء الهندي الأزتك تاريخ موجز - أقوى وجه في العالم يستخدم الطين مع خل التفاح يمكن أن يعود إلى القس الفرنسي الجنوبي في القرن السادس عشر ، كنيب ، و العلاجات الطبيعية باستخدام عبوات الطين والكمادات. على مر التاريخ ، تم توثيق استخدام الطين ، وخاصة الطين الأخضر أو ​​البنتونيت ، بشكل جيد.
CASE_0247,1000864,mixed,7,4188629,0.566,0.566,0,ar,يمكنك إحضارهم إلى أي من مواقع متاجر التوفير المحلية للبرنامج: 7361 Airline Highway in Baton Rouge ؛ 57960 شارع Plaquemine في Plaquemine ؛ و 218 E. شارع بايو نارسيس في غونزاليس. قدر مدير الأعمال أرنولد ماكدوفي أن جيش الخلاص المحلي باع حوالي 2000 رطل من الخرز العام الماضي.
CASE_0247,1000864,mixed,8,5372219,0.5652,0.5652,0,ar,إذا كنت خارج منطقتنا ، فتأكد من وجود شبكة من المنتجين / الموردين لتجمعات الصخر الزيتي والطين والأردواز (ESCS) المستعدين والقدرة على مساعدتك في مشروعك. انقر هنا للعثور عليهم.
CASE_0247,1000864,mixed,9,8335286,0.5617,0.5617,0,ar,كان هناك شيء ما: علاج فعال للغاية وغير مكلف للغاية لحصوات الكلى ، وقد غير حياتي. بعد ساعات على الإنترنت ، وجدت موقعًا إلكترونيًا يسمى EarthClinic ، واكتشفت عشبًا من أمريكا الجنوبية يُدعى Chanca Piedra ، والذي يترجم حرفيًا إلى à⠓break-stoneà€à .
CASE_0247,1000864,mixed,10,7266264,0.5567,0.5567,0,ar,الإجابة: أفضل الأماكن للعثور على الأخشاب الطافية هي على شواطئ شمال كاليفورنيا مثل هذه. ومع ذلك ، يجب أن تكون قادرًا على العثور على الكثير في منطقة الخليج وعلى الساحل الأوسط. ضع في اعتبارك أن الأخشاب الطافية يتم غسلها في اتجاه مجرى النهر من مناطق الغابات ثم تقذف على الساحل. لذلك من المرجح أن تجده حيث
CASE_0247,1007959,endpoint,1,7250989,0.7476,0.7476,0,ar,ما هو الفرق بين العاصفة الثلجية والأعاصير؟ العاصفة الثلجية هي عاصفة شتوية تنتج رياحًا تصل سرعتها إلى 35 ميلًا في الساعة على الأقل ، وتهب ثلوجًا ، وتكون الرؤية لمسافة 1/4 ميل أو أقل. الإعصار هو عمليا أي نظام ضغط جوي منخفض بمقياس كبير مع دوران مغلق.
CASE_0247,1007959,endpoint,2,7250988,0.7448,0.7448,1,ar,يكمن الفرق بين العاصفة الثلجية والعواصف الشتوية في وجود الرياح وقوتها. العواصف الثلجية هي عواصف ثلجية ضخمة مصحوبة برياح قوية.
CASE_0247,1007959,endpoint,3,7250991,0.7421,0.7421,0,ar,ما هو الفرق بين عاصفة ثلجية وعاصفة ثلجية؟ يكمن الفرق بين العواصف الثلجية والعواصف الثلجية بين قوة ووجود الرياح ومقدار الرياح الموجودة ومدى قوتها. العواصف الثلجية هي عواصف ثلجية ضخمة أو عواصف شتوية مصحوبة برياح قوية وقوية.
CASE_0247,1007959,endpoint,4,8546115,0.7357,0.7357,0,ar,العاصفة الثلجية هي عاصفة شتوية كبيرة. يجلب درجات حرارة منخفضة ورياحًا قوية وكثيرًا من تساقط الثلوج. تبدأ العواصف الثلجية عندما يلامس نظام الضغط العالي نظام الضغط المنخفض. العاصفة الثلجية هي عاصفة ثلجية شديدة عادة ما تكون ذات درجات حرارة شديدة البرودة ورياح شديدة. هاتان الحالتان تخلقان هبوب ثلج.
CASE_0247,1007959,endpoint,5,300604,0.7347,0.7347,0,ar,عاصفة ثلجية معتدلة. العاصفة الشتوية هي حدث تتشكل فيه أنواع مختلفة من الأمطار التي تحدث فقط في درجات حرارة منخفضة ، مثل الثلج أو الصقيع ، أو عاصفة ممطرة حيث تكون درجات حرارة الأرض منخفضة بما يكفي للسماح بتكوين الجليد (أي المطر المتجمد).
CASE_0247,1007959,endpoint,6,3623894,0.729,0.729,0,ar,عواصف الشتاء. العاصفة الشتوية عبارة عن مزيج من الثلوج الكثيفة والثلوج العاصفة و / أو قشعريرة رياح خطيرة. عاصفة شتوية تهدد الحياة. العواصف الثلجية عبارة عن عواصف شتوية خطيرة تتكون من مزيج من تساقط الثلوج والرياح مما يؤدي إلى ضعف الرؤية. في حين أن تساقط الثلوج بغزارة والبرد الشديد غالبًا ما يصاحب العو
CASE_0247,1007959,endpoint,7,7579157,0.7282,0.7282,0,ar,بحكم التعريف ، فإن العاصفة الثلجية هي عاصفة شتوية تجلب مزيجًا من الرياح ، والثلوج المتساقطة أو المتساقطة ، والرياح الباردة القارسة أو درجات الحرارة إلى المنطقة المحذرة على مدى عدة ساعات. الرؤية في حالة العاصفة الثلجية أقل من ميل ، وظروف البياض شائعة في المناطق المفتوحة.
CASE_0247,1007959,endpoint,8,7250992,0.7217,0.7217,0,ar,ما هو الفرق بين العواصف الثلجية والأعاصير؟ العاصفة الثلجية هي عاصفة تتساقط فيها كميات كبيرة من الثلوج المتساقطة أو العاصفة ، والرياح التي لا تقل سرعتها عن 35 ميلاً في الساعة ، والرؤية أقل من 1/4 ميل. تؤثر العاصفة الثلجية عادة على مساحة كبيرة إلى حد ما.
CASE_0247,1007959,endpoint,9,8556130,0.7215,0.7215,0,ar,العاصفة الثلجية هي عاصفة شتوية قوية تتميز بعواصف ثلجية ورياح لا تقل سرعتها عن 35 ميلاً في الساعة ورؤية أقل من 1/4 ميل. لكي تعتبر عاصفة ثلجية ، يجب أن تستمر هذه الظروف لمدة 3 ساعات على الأقل. الإعصار هو إعصار استوائي شديد مع رياح مستمرة لا تقل سرعتها عن 74 ميلاً في الساعة.
CASE_0247,1007959,endpoint,10,7250986,0.7169,0.7169,0,ar,في الولايات المتحدة ، تُعرِّف دائرة الأرصاد الجوية الوطنية العاصفة الثلجية بأنها عاصفة ثلجية شديدة تتميز بالرياح القوية التي تسبب هبوب ثلوج تؤدي إلى انخفاض مستوى الرؤية. الفرق بين العاصفة الثلجية والعاصفة الثلجية هو قوة الرياح ، وليس كمية الثلج.
CASE_0247,1007959,mixed,1,7250988,0.7195,0.7195,1,ar,يكمن الفرق بين العاصفة الثلجية والعواصف الشتوية في وجود الرياح وقوتها. العواصف الثلجية هي عواصف ثلجية ضخمة مصحوبة برياح قوية.
CASE_0247,1007959,mixed,2,7250989,0.7156,0.7156,0,ar,ما هو الفرق بين العاصفة الثلجية والأعاصير؟ العاصفة الثلجية هي عاصفة شتوية تنتج رياحًا تصل سرعتها إلى 35 ميلًا في الساعة على الأقل ، وتهب ثلوجًا ، وتكون الرؤية لمسافة 1/4 ميل أو أقل. الإعصار هو عمليا أي نظام ضغط جوي منخفض بمقياس كبير مع دوران مغلق.
CASE_0247,1007959,mixed,3,7250991,0.7089,0.7089,0,ar,ما هو الفرق بين عاصفة ثلجية وعاصفة ثلجية؟ يكمن الفرق بين العواصف الثلجية والعواصف الثلجية بين قوة ووجود الرياح ومقدار الرياح الموجودة ومدى قوتها. العواصف الثلجية هي عواصف ثلجية ضخمة أو عواصف شتوية مصحوبة برياح قوية وقوية.
CASE_0247,1007959,mixed,4,7250992,0.6926,0.6926,0,ar,ما هو الفرق بين العواصف الثلجية والأعاصير؟ العاصفة الثلجية هي عاصفة تتساقط فيها كميات كبيرة من الثلوج المتساقطة أو العاصفة ، والرياح التي لا تقل سرعتها عن 35 ميلاً في الساعة ، والرؤية أقل من 1/4 ميل. تؤثر العاصفة الثلجية عادة على مساحة كبيرة إلى حد ما.
CASE_0247,1007959,mixed,5,300604,0.6893,0.6893,0,ar,عاصفة ثلجية معتدلة. العاصفة الشتوية هي حدث تتشكل فيه أنواع مختلفة من الأمطار التي تحدث فقط في درجات حرارة منخفضة ، مثل الثلج أو الصقيع ، أو عاصفة ممطرة حيث تكون درجات حرارة الأرض منخفضة بما يكفي للسماح بتكوين الجليد (أي المطر المتجمد).
CASE_0247,1007959,mixed,6,3623894,0.6869,0.6869,0,ar,عواصف الشتاء. العاصفة الشتوية عبارة عن مزيج من الثلوج الكثيفة والثلوج العاصفة و / أو قشعريرة رياح خطيرة. عاصفة شتوية تهدد الحياة. العواصف الثلجية عبارة عن عواصف شتوية خطيرة تتكون من مزيج من تساقط الثلوج والرياح مما يؤدي إلى ضعف الرؤية. في حين أن تساقط الثلوج بغزارة والبرد الشديد غالبًا ما يصاحب العو
CASE_0247,1007959,mixed,7,7250986,0.6806,0.6806,0,ar,في الولايات المتحدة ، تُعرِّف دائرة الأرصاد الجوية الوطنية العاصفة الثلجية بأنها عاصفة ثلجية شديدة تتميز بالرياح القوية التي تسبب هبوب ثلوج تؤدي إلى انخفاض مستوى الرؤية. الفرق بين العاصفة الثلجية والعاصفة الثلجية هو قوة الرياح ، وليس كمية الثلج.
CASE_0247,1007959,mixed,8,8546115,0.6719,0.6719,0,ar,العاصفة الثلجية هي عاصفة شتوية كبيرة. يجلب درجات حرارة منخفضة ورياحًا قوية وكثيرًا من تساقط الثلوج. تبدأ العواصف الثلجية عندما يلامس نظام الضغط العالي نظام الضغط المنخفض. العاصفة الثلجية هي عاصفة ثلجية شديدة عادة ما تكون ذات درجات حرارة شديدة البرودة ورياح شديدة. هاتان الحالتان تخلقان هبوب ثلج.
CASE_0247,1007959,mixed,9,8556130,0.6669,0.6669,0,ar,العاصفة الثلجية هي عاصفة شتوية قوية تتميز بعواصف ثلجية ورياح لا تقل سرعتها عن 35 ميلاً في الساعة ورؤية أقل من 1/4 ميل. لكي تعتبر عاصفة ثلجية ، يجب أن تستمر هذه الظروف لمدة 3 ساعات على الأقل. الإعصار هو إعصار استوائي شديد مع رياح مستمرة لا تقل سرعتها عن 74 ميلاً في الساعة.
CASE_0247,1007959,mixed,10,7579157,0.6661,0.6661,0,ar,بحكم التعريف ، فإن العاصفة الثلجية هي عاصفة شتوية تجلب مزيجًا من الرياح ، والثلوج المتساقطة أو المتساقطة ، والرياح الباردة القارسة أو درجات الحرارة إلى المنطقة المحذرة على مدى عدة ساعات. الرؤية في حالة العاصفة الثلجية أقل من ميل ، وظروف البياض شائعة في المناطق المفتوحة.
CASE_0247,1009961,endpoint,1,7248027,0.6621,0.6621,0,ar,يمكن أن يكون نبات أذن الحملان غازيًا. أذن الحملان هي عينة نباتية رائعة. وهو أيضا عشب. كان يُنظر إلى المسكوكة ذات مرة على أنها ذات قيمة طبية ، ولكنها تستخدم اليوم بشكل أساسي كنبات للزينة. ينمو جيدًا في المناطق من أربعة إلى تسعة في الولايات المتحدة. إنه نبات أصلي في جنوب آسيا. المصنع هو نبات شعبي شديد
CASE_0247,1009961,endpoint,2,7248023,0.6486,0.6486,1,ar,نصائح زراعة لأذن الحمل. الأوراق الناعمة والفضية لأذن الضأن (Stachys byzantina) تطلب عمليا أن يتم مسكها أثناء مرورك بها في الحديقة. موطنها الأصلي تركيا وإيران والقوقاز ، تتميز أذن الحمل بأزهار معمرة من الأوراق منخفضة النمو متجمعة لتشكل أكوامًا من أوراق الشجر. يُزرع في الغالب لأوراقه المخملية الفضية ا
CASE_0247,1009961,endpoint,3,5526700,0.6061,0.6061,0,ar,تعود أصول نباتات أذن الفيل إلى آسيا الاستوائية ، وقد اشتق اسمها من أوراقها الضخمة التي يبلغ عرضها قدمين وطولها 3 أقدام والتي تتخذ شكل قلب. تنمو النباتات من 4 إلى 8 أقدام في الارتفاع وتعمل بشكل جيد في تكساس. إذا كنت تعيش في المناطق الأكثر دفئًا في الولاية ، فقم بتنمية أذن الفيل في الظل. يستطيع البستا
CASE_0247,1009961,endpoint,4,2264911,0.5773,0.5773,0,ar,ملخص. آذان الفيل (Colocasia esculenta) هي نباتات استوائية تزدهر في ضوء الشمس أو الظل وتحتاج إلى بيئة رطبة. في المناطق الشمالية ، مثل منطقة USDA Plant Hardiness Zone 6 ، تنمو آذان الفيل من الدرنات أو الديدان ، التي يتم حفرها كل خريف وتزرع مرة أخرى في الربيع ، ومن الممكن إحضار النبات إلى المنزل لفصل ا
CASE_0247,1009961,endpoint,5,4890729,0.5762,0.5762,0,ar,يجب أن ترسو الحملان في المفصل الملموس الثالث أو إلى طرف الفرج في النعاج وبنفس الطول في wethers لتقليل مخاطر الطيران. الحملان ذات الذيل القصير لديها معدلات أعلى من هبوط المستقيم وسرطان الفرج. لا يعني إرساء الذيل بطول أقصر بالضرورة عددًا أقل من الضربات الجوية.
CASE_0247,1009961,endpoint,6,1789999,0.5762,0.5762,0,ar,مواد لم تنسبه الى مصدر يجوز الطعن وإزالتها. (مايو 2012) يحدث نمو شعر الإنسان في كل مكان على الجسم باستثناء باطن القدمين والشفتين وراحتَي اليدين وبعض المناطق التناسلية الخارجية والسرة والأنسجة الندبية ، وبصرف النظر عن الرموش ، الجفون.
CASE_0247,1009961,endpoint,7,6472730,0.5709,0.5709,0,ar,تنمو أذن الفيل في تربة التأصيص القياسية. عند الزراعة ، اضبط قاعدة مستوى السيقان مع التربة. اترك مسافة بوصة واحدة بين التربة وأعلى الأصيص لسقيها بسهولة. ضع الحاوية في منطقة مشمسة بالكامل أو مظللة جزئيًا.
CASE_0247,1009961,endpoint,8,6633570,0.5705,0.5705,0,ar,يمكن زراعة آذان الفيل في الداخل أو احتواؤها في الحدائق الخارجية. تنمو نباتات أذن الفيل في العديد من الأنواع بأحجام وأشكال وألوان مختلفة. توجد الأنواع الغازية في أجزاء معينة من البلاد ، ومعرفة الأنواع التي لديها القدرة على الانتشار العدواني يساعد عند اختيار صنف معين. تأتي أنواع Alocasia من أذن الفيل
CASE_0247,1009961,endpoint,9,5442885,0.5702,0.5702,0,ar,توصي Susun Weed باستخدام زيت لسان الحمل على الرضع والأطفال الصغار بدلاً من المستحضرات أو الفازلين. يعتبر الزيت النباتي الطبيعي المشبع بجوهر الشفاء اللطيف من لسان الحمل أكثر صحة بكثير عند وضعه على بشرة الطفل الرقيقة أكثر من المستحضرات المحملة بالمواد الكيميائية أو المنتجات البترولية. النمو والموئل -
CASE_0247,1009961,endpoint,10,2355938,0.5664,0.5664,0,ar,يحدث نمو شعر الإنسان في كل مكان من الجسم باستثناء الهالة ، وباطن القدمين ، والشفتين ، وراحتَي اليدين ، وبصرف النظر عن الرموش ، الجفون.
CASE_0247,1009961,mixed,1,7248023,0.6302,0.6302,1,ar,نصائح زراعة لأذن الحمل. الأوراق الناعمة والفضية لأذن الضأن (Stachys byzantina) تطلب عمليا أن يتم مسكها أثناء مرورك بها في الحديقة. موطنها الأصلي تركيا وإيران والقوقاز ، تتميز أذن الحمل بأزهار معمرة من الأوراق منخفضة النمو متجمعة لتشكل أكوامًا من أوراق الشجر. يُزرع في الغالب لأوراقه المخملية الفضية ا
CASE_0247,1009961,mixed,2,5526700,0.6017,0.6017,0,ar,تعود أصول نباتات أذن الفيل إلى آسيا الاستوائية ، وقد اشتق اسمها من أوراقها الضخمة التي يبلغ عرضها قدمين وطولها 3 أقدام والتي تتخذ شكل قلب. تنمو النباتات من 4 إلى 8 أقدام في الارتفاع وتعمل بشكل جيد في تكساس. إذا كنت تعيش في المناطق الأكثر دفئًا في الولاية ، فقم بتنمية أذن الفيل في الظل. يستطيع البستا
CASE_0247,1009961,mixed,3,5136211,0.5952,0.5952,0,ar,تعتبر معظم نباتات Taro / Elephant Ear نباتات استوائية ، وبالتالي فهي حساسة للصقيع. تحتاج غالبية هذه النباتات إلى النمو في المناطق 10-11 بدرجات حرارة دافئة ومناخ رطب. هناك بعض آذان الفيلة المزخرفة والتي تعتبر استثناءات ويمكن أن تنمو بسهولة في المناطق السفلية. وتختلف عن باقي نباتات القلقاس الخاصة بي م
CASE_0247,1009961,mixed,4,7248027,0.5937,0.5937,0,ar,يمكن أن يكون نبات أذن الحملان غازيًا. أذن الحملان هي عينة نباتية رائعة. وهو أيضا عشب. كان يُنظر إلى المسكوكة ذات مرة على أنها ذات قيمة طبية ، ولكنها تستخدم اليوم بشكل أساسي كنبات للزينة. ينمو جيدًا في المناطق من أربعة إلى تسعة في الولايات المتحدة. إنه نبات أصلي في جنوب آسيا. المصنع هو نبات شعبي شديد
CASE_0247,1009961,mixed,5,2264911,0.591,0.591,0,ar,ملخص. آذان الفيل (Colocasia esculenta) هي نباتات استوائية تزدهر في ضوء الشمس أو الظل وتحتاج إلى بيئة رطبة. في المناطق الشمالية ، مثل منطقة USDA Plant Hardiness Zone 6 ، تنمو آذان الفيل من الدرنات أو الديدان ، التي يتم حفرها كل خريف وتزرع مرة أخرى في الربيع ، ومن الممكن إحضار النبات إلى المنزل لفصل ا
CASE_0247,1009961,mixed,6,7248024,0.5887,0.5887,0,ar,لم تنجو My Lambs Ear في الشتاء الماضي في حديقة My Zone 4 أيضًا. إذا قمت بإعادة الزراعة ، فستحتاج إلى التأكد من أنها تزرع في تربة جيدة التصريف. قم بتعديل التربة الطينية بالسماد.
CASE_0247,1009961,mixed,7,6472730,0.581,0.581,0,ar,تنمو أذن الفيل في تربة التأصيص القياسية. عند الزراعة ، اضبط قاعدة مستوى السيقان مع التربة. اترك مسافة بوصة واحدة بين التربة وأعلى الأصيص لسقيها بسهولة. ضع الحاوية في منطقة مشمسة بالكامل أو مظللة جزئيًا.
CASE_0247,1009961,mixed,8,6472731,0.5728,0.5728,0,ar,يمكنك زراعة أذن الفيل في حاويات خارجية على مدار العام في مناطق وزارة الزراعة الأمريكية من 10 إلى 11. في المناطق الأكثر برودة ، أحضر الأواني إلى الداخل أو إلى الشرفة المحمية أو الدفيئة قبل الصقيع الأول. إذا أحضرت أذن الفيل إلى الداخل ، احتفظ بها في غرفة مشرقة من 60 إلى 70 درجة فهرنهايت.
CASE_0247,1009961,mixed,9,6633570,0.5679,0.5679,0,ar,يمكن زراعة آذان الفيل في الداخل أو احتواؤها في الحدائق الخارجية. تنمو نباتات أذن الفيل في العديد من الأنواع بأحجام وأشكال وألوان مختلفة. توجد الأنواع الغازية في أجزاء معينة من البلاد ، ومعرفة الأنواع التي لديها القدرة على الانتشار العدواني يساعد عند اختيار صنف معين. تأتي أنواع Alocasia من أذن الفيل
CASE_0247,1009961,mixed,10,2264912,0.5667,0.5667,0,ar,) ، وخلق نسيج وتوازن في المناظر الطبيعية. أنها تعمل بشكل جيد على قدم المساواة في المزارعون وأسرة الحديقة. تنمو بصيلات أذن الفيل ، وهي عبارة عن درنات حقًا في المناطق المزروعة بوزارة الزراعة الأمريكية من 8 إلى 11 ، والتي يتراوح ارتفاعها بين 1 و 6 أقدام اعتمادًا على التنوع. ازرع آذان الفيل في الربيع ،
CASE_0247,1025348,endpoint,1,2753017,0.5959,0.5959,0,ar,الثغومايزر هو الترتيب المميز لأربعة إلى عشرة أشواك على ذيول الديناصورات الستيجوصورات. يُعتقد أن هذه المسامير كانت بمثابة إجراء دفاعي ضد الحيوانات المفترسة. صاغ الاسم رسام الكاريكاتير غاري لارسون في فيلم فكاهي عام 1982 ، واستخدم في البحث والتعليم منذ ذلك الحين.
CASE_0247,1025348,endpoint,2,2753018,0.5582,0.5582,1,ar,مصطلح thagomizer صاغه غاري لارسون في فكاهة ، في عام 1982 فار سايد فكاهي ، حيث يتم تعليم مجموعة من رجال الكهوف في قاعة محاضرات حديثة من قبل أستاذهم في الكهف أن المسامير على ذيل ستيجوصور سميت بهذا الاسم على اسم الراحل. ثاغ سيمونز.
CASE_0247,1025348,endpoint,3,2349812,0.5573,0.5573,0,ar,من Wiktionary ، Creative Commons Attribution / Share-Alike License. صاغها غاري لارسون عام 1982. يظهر شريطه الهزلي رجل الكهف يلقي محاضرة يوضح هذا الجزء من الديناصور ، مع التسمية التوضيحية الآن هذه النهاية تسمى thagomizer ... بعد الراحل ثاغ سيمونز. انظر -ize ، -er.
CASE_0247,1025348,endpoint,4,2804547,0.5435,0.5435,0,ar,صاغ غاري لارسون مصطلح thagomizer في صورة فكاهية ، في فيلم فكاهي فار سايد عام 1982 ، حيث يتم تعليم مجموعة من رجال الكهوف في قاعة محاضرات حديثة زائفة من قبل أستاذهم في الكهف أن المسامير على ذيل ستيجوسور سميت بهذا الاسم بعد الراحل ثاغ سيمونز.
CASE_0247,1025348,endpoint,5,2804549,0.5361,0.5361,0,ar,لم يكن لترتيب المسامير في الأصل اسم مميز ؛ صاغ المصطلح Thagomizer في عام 1982 من قبل رسام الكاريكاتير غاري لارسون في شريطه الهزلي The Far Side ، وبعد ذلك تم اعتماده تدريجياً كمصطلح غير رسمي في الدوائر العلمية والبحث والتعليم.
CASE_0247,1025348,endpoint,6,2753019,0.5307,0.5307,0,ar,لم يكن لترتيب المسامير في الأصل اسم مميز ؛ تمت صياغة مصطلح Thagomizer في عام 1982 من قبل رسام الكاريكاتير غاري لارسون في كتابه الكوميدي The Far Side ، وبعد ذلك تم اعتماده تدريجيًا كمصطلح غير رسمي في الدوائر العلمية والبحث والتعليم.
CASE_0247,1025348,endpoint,7,2349814,0.5299,0.5299,0,ar,أعلى تعريف. ثاغومايزر. مصطلح صاغه غاري لارسون وهو الأكثر استخدامًا لوصف ترتيب المسامير عند طرف ذيل ستيجوصور. يمكن استخدامها لوصف أي ترتيب من هذا القبيل. مدرس العصر الحجري القديم: هذه النهاية تسمى 'Thagomizer' ... بعد الراحل Thag Simmons ..
CASE_0247,1025348,endpoint,8,2753016,0.5281,0.5281,0,ar,تعريفات الثغوميزر. ها هي كل المعاني والترجمات الممكنة لكلمة ثغوميزر. Wiktionary (0.00 / 0 votes) قيم هذا التعريف: thagomizer (اسم) ترتيب من المسامير الموجودة على ذيول ستيجوصورات مختلفة.
CASE_0247,1025348,endpoint,9,2753022,0.5227,0.5227,0,ar,الأصل: صاغه غاري لارسون عام 1982. يظهر شريطه الهزلي رجل الكهف يلقي محاضرة يوضح هذا الجزء من الديناصور ، مع التسمية التوضيحية الآن هذه النهاية تسمى thagomizer ... بعد الراحل ثاغ سيمونز.
CASE_0247,1025348,endpoint,10,2804548,0.5198,0.5198,0,ar,صاغها غاري لارسون عام 1982. يظهر شريطه الهزلي رجل الكهف يلقي محاضرة يوضح هذا الجزء من الديناصور ، مع التسمية التوضيحية الآن هذه النهاية تسمى thagomizer ... بعد الراحل ثاغ سيمونز.
CASE_0247,1025348,mixed,1,2753018,0.6334,0.6334,1,ar,مصطلح thagomizer صاغه غاري لارسون في فكاهة ، في عام 1982 فار سايد فكاهي ، حيث يتم تعليم مجموعة من رجال الكهوف في قاعة محاضرات حديثة من قبل أستاذهم في الكهف أن المسامير على ذيل ستيجوصور سميت بهذا الاسم على اسم الراحل. ثاغ سيمونز.
CASE_0247,1025348,mixed,2,2804549,0.6189,0.6189,0,ar,لم يكن لترتيب المسامير في الأصل اسم مميز ؛ صاغ المصطلح Thagomizer في عام 1982 من قبل رسام الكاريكاتير غاري لارسون في شريطه الهزلي The Far Side ، وبعد ذلك تم اعتماده تدريجياً كمصطلح غير رسمي في الدوائر العلمية والبحث والتعليم.
CASE_0247,1025348,mixed,3,2804547,0.6122,0.6122,0,ar,صاغ غاري لارسون مصطلح thagomizer في صورة فكاهية ، في فيلم فكاهي فار سايد عام 1982 ، حيث يتم تعليم مجموعة من رجال الكهوف في قاعة محاضرات حديثة زائفة من قبل أستاذهم في الكهف أن المسامير على ذيل ستيجوسور سميت بهذا الاسم بعد الراحل ثاغ سيمونز.
CASE_0247,1025348,mixed,4,2753019,0.611,0.611,0,ar,لم يكن لترتيب المسامير في الأصل اسم مميز ؛ تمت صياغة مصطلح Thagomizer في عام 1982 من قبل رسام الكاريكاتير غاري لارسون في كتابه الكوميدي The Far Side ، وبعد ذلك تم اعتماده تدريجيًا كمصطلح غير رسمي في الدوائر العلمية والبحث والتعليم.
CASE_0247,1025348,mixed,5,2753017,0.6049,0.6049,0,ar,الثغومايزر هو الترتيب المميز لأربعة إلى عشرة أشواك على ذيول الديناصورات الستيجوصورات. يُعتقد أن هذه المسامير كانت بمثابة إجراء دفاعي ضد الحيوانات المفترسة. صاغ الاسم رسام الكاريكاتير غاري لارسون في فيلم فكاهي عام 1982 ، واستخدم في البحث والتعليم منذ ذلك الحين.
CASE_0247,1025348,mixed,6,2349812,0.591,0.591,0,ar,من Wiktionary ، Creative Commons Attribution / Share-Alike License. صاغها غاري لارسون عام 1982. يظهر شريطه الهزلي رجل الكهف يلقي محاضرة يوضح هذا الجزء من الديناصور ، مع التسمية التوضيحية الآن هذه النهاية تسمى thagomizer ... بعد الراحل ثاغ سيمونز. انظر -ize ، -er.
CASE_0247,1025348,mixed,7,4195914,0.5849,0.5849,0,ar,هذا الكارتون بعيد الجانب هو مصدر مصطلح Thagomizer. صاغ جاري لارسون مصطلح thagomizer في فيلم فكاهي فار سايد عام 1982 ، حيث قام أستاذهم في الكهف بتعليم مجموعة من رجال الكهوف في قاعة محاضرات حديثة زائفة أن المسامير سميت على اسم الراحل ثاج سيمونز.
CASE_0247,1025348,mixed,8,2349814,0.5833,0.5833,0,ar,أعلى تعريف. ثاغومايزر. مصطلح صاغه غاري لارسون وهو الأكثر استخدامًا لوصف ترتيب المسامير عند طرف ذيل ستيجوصور. يمكن استخدامها لوصف أي ترتيب من هذا القبيل. مدرس العصر الحجري القديم: هذه النهاية تسمى 'Thagomizer' ... بعد الراحل Thag Simmons ..
CASE_0247,1025348,mixed,9,2349810,0.5824,0.5824,0,ar,يُعتقد أن ترتيب الذيل كان سلاحًا دفاعيًا ضد الحيوانات المفترسة. صاغ جاري لارسون مصطلح thagomizer في فيلم فكاهي فار سايد عام 1982 ، حيث يتم تعليم مجموعة من رجال الكهوف في قاعة محاضرات حديثة زائفة من قبل أستاذهم الكهف أن المسامير سميت باسم الراحل ثاج سيمونز.
CASE_0247,1025348,mixed,10,3239210,0.5699,0.5699,0,ar,مصطلح thagomizer يأتي من عام 1982 Far Side Strip يظهر رجل الكهف يحاضر في فصل دراسي عن تشريح الديناصورات ، والنكتة هي أن الميزة التشريحية قد سميت لزميله الكهف الذي يفترض أنه مات نتيجة الاتصال به. (شرف المرح ، أن يصبح اسم الشيء الذي قتلك.
CASE_0247,1034839,endpoint,1,7210139,0.6289,0.6289,0,ar,"الأصل: التعبير الأصلي كان الدليل على البودنج موجود في الأكل حيث كلمة àتعني حقًا à""testࢠ(كما هو الحال في فئة الهندسة). تشير مصادر مختلفة إلى تواريخ مختلفة لظهور هذه العبارة: القرن الرابع عشر وفقًا لقاموس أكسفورد للاقتباسات"
CASE_0247,1034839,endpoint,2,7210146,0.6184,0.6184,1,ar,"""الأصل: التعبير الأصلي كان الدليل على البودنج موجود في الأكل حيث كلمة àتعني حقًا à""testࢠ(كما هو الحال في فئة الهندسة). تشير مصادر مختلفة إلى تواريخ مختلفة لظهور هذه العبارة: 1 القرن الرابع عشر وفقًا لقاموس أكسفورد للاقتباسات. طبعت عام 1605 مثالاً مطبوعًا على أنه """"ويليام كامديني"""" بقايا عمل أعظم يتع"
CASE_0247,1034839,endpoint,3,6089406,0.5639,0.5639,0,ar,اعتاد طلابه أن يقولوا إن الدليل موجود في بودنغ ، مما يعني أن البودينغ لديه الدليل. لا أتوقع من أي شخص أن يعرف ذلك إلا إذا نشأوا في هارلم في الستينيات. إنه أحد المصطلحات العديدة التي تمت إضافتها إلى اللغة بنسبة 5 بالمائة.
CASE_0247,1034839,endpoint,4,7210138,0.5493,0.5493,0,ar,الإجابات. 1 بينما يقال عادة أن الدليل موجود في الحلوى ، هذا في الواقع تحريف للتعبير الأصلي ، والدليل على البودينج في الأكل .. هذا مجرد مثل تقليدي بدون أي مؤلف أصلي معروف ، لكنه شاع بقلم سيرفانتس في دون كيشوت ، 1605.
CASE_0247,1034839,endpoint,5,7210140,0.5423,0.5423,0,ar,أضف إلى ذلك الطبيعة المخفية لمكونات البودينغ - سواء في بودنغ الدم أو أحد البودينغ الحلوة التقليدية المليئة بالفواكه المجففة والمكسرات والمغلفة بقشرة زلابية - ويصبح المنطق وراء التعبير أقل غموضًا. مهما كانت أصولها الفعلية ، نجد التعبير مطبوعًا منذ القرن السابع عشر.
CASE_0247,1034839,endpoint,6,7210143,0.532,0.532,0,ar,فيلم HBO المصنوع للتلفزيون ࢠ⠔Game Changeàعلى سارة بالين كان جيد جدا هذا يظهر حقا أن والدليل في الحلوى. هل قال أحدهم ذلك حقًا؟ نعم في NPRàفي قطاع الوسائط. ماذا يعني ذلك؟ لاختبار شيء ما بشكل كامل ، تحتاج إلى تجربته بنفسك. الأصل: التعبير الأصلي كان الدليل على البودنج موجود في الأكل حيث كلمة àتعني حقًا
CASE_0247,1034839,endpoint,7,6089400,0.5259,0.5259,0,ar,التعبير الكامل عن هذا المثل ، الذي يعود تاريخه إلى حوالي 1600 ، هو الدليل على البودنج في الأكل ، لكنه أصبح معروفًا جدًا لدرجة أنه غالبًا ما يتم اختصاره. http: //www.answers.com/Proof٪20of٪20the٪ ... http: //www.word-detective.com/081100.htm ...
CASE_0247,1034839,endpoint,8,5624220,0.5212,0.5212,0,ar,"""أصل الماندالا هو المركز ، نقطة. يبدو أنه رمز خالٍ من الأبعاد. إنها تعني """"بذرة"""" ، """"نطفة"""" ، """"قطرة"""" ، نقطة البداية البارزة. إنه مركز التجمع الذي يتم فيه استخلاص الطاقات الخارجية ، وفي عملية سحب القوى ، تتكشف طاقات المحب نفسه ويتم سحبها أيضًا."""
CASE_0247,1034839,endpoint,9,1924991,0.5135,0.5135,0,ar,العبارة المصدر هي صفة: إنها تؤهل الطريقة. تعبر الجملة عن فكرة أن الطريقة السهلة والفوز في الشطرنج لا يمكن أن تتطابق. إنه مشابه للكلب البودل المصغر الذي يبلغ وزنه عشرين كيلوغرامًا غير موجود ، حيث ربما تكون العبارة صفة أكثر وضوحًا.
CASE_0247,1034839,endpoint,10,568022,0.5121,0.5121,0,ar,الإجابة عن طريق Ssarve2. أصوات الثقة 130. الأصل يعني: 1 البداية: المكان الذي يبدأ فيه الشيء ، حيث ينبثق إلى الوجود ؛ بداية عصر النهضة الإيطالية ؛ كان المشتري هو أصل الإشعاع. بيتسبرغ هي مصدر نهر أوهايو. جذر الشيوعية الروسي. كلمة وثنية مشتقة من الكلمة اللاتينية باغانوس ، وتعني ريفي ، ريفي .. وهي مشابه
CASE_0247,1034839,mixed,1,7210146,0.6929,0.6929,1,ar,"""الأصل: التعبير الأصلي كان الدليل على البودنج موجود في الأكل حيث كلمة àتعني حقًا à""testࢠ(كما هو الحال في فئة الهندسة). تشير مصادر مختلفة إلى تواريخ مختلفة لظهور هذه العبارة: 1 القرن الرابع عشر وفقًا لقاموس أكسفورد للاقتباسات. طبعت عام 1605 مثالاً مطبوعًا على أنه """"ويليام كامديني"""" بقايا عمل أعظم يتع"
CASE_0247,1034839,mixed,2,7210139,0.684,0.684,0,ar,"الأصل: التعبير الأصلي كان الدليل على البودنج موجود في الأكل حيث كلمة àتعني حقًا à""testࢠ(كما هو الحال في فئة الهندسة). تشير مصادر مختلفة إلى تواريخ مختلفة لظهور هذه العبارة: القرن الرابع عشر وفقًا لقاموس أكسفورد للاقتباسات"
CASE_0247,1034839,mixed,3,7210138,0.6395,0.6395,0,ar,الإجابات. 1 بينما يقال عادة أن الدليل موجود في الحلوى ، هذا في الواقع تحريف للتعبير الأصلي ، والدليل على البودينج في الأكل .. هذا مجرد مثل تقليدي بدون أي مؤلف أصلي معروف ، لكنه شاع بقلم سيرفانتس في دون كيشوت ، 1605.
CASE_0247,1034839,mixed,4,5426069,0.6199,0.6199,0,ar,العبارة الأصلية هي الدليل على البودينغ في الأكل! مما يعني أنه عليك أن تأكل البودنج لتعرف ما بداخلها. النسخة الحديثة من The proof في الحلوى. يشير إلى أن هناك الكثير من الأدلة التي لن أذهب إليها في هذه اللحظة ويجب أن تأخذ كلامي من أجلها ، أو يمكنك الاطلاع على جميع الأدلة بنفسك.
CASE_0247,1034839,mixed,5,7210141,0.6053,0.6053,0,ar,تقييم السائل. 1 بينما يقال عادة أن الدليل موجود في الحلوى ، هذا في الواقع تحريف للتعبير الأصلي ، والدليل على البودينج في الأكل .. هذا مجرد مثل تقليدي بدون أي مؤلف أصلي معروف ، لكنه شاع بقلم سيرفانتس في دون كيشوت ، 1605.
CASE_0247,1034839,mixed,6,6089400,0.6022,0.6022,0,ar,التعبير الكامل عن هذا المثل ، الذي يعود تاريخه إلى حوالي 1600 ، هو الدليل على البودنج في الأكل ، لكنه أصبح معروفًا جدًا لدرجة أنه غالبًا ما يتم اختصاره. http: //www.answers.com/Proof٪20of٪20the٪ ... http: //www.word-detective.com/081100.htm ...
CASE_0247,1034839,mixed,7,7210143,0.6002,0.6002,0,ar,فيلم HBO المصنوع للتلفزيون ࢠ⠔Game Changeàعلى سارة بالين كان جيد جدا هذا يظهر حقا أن والدليل في الحلوى. هل قال أحدهم ذلك حقًا؟ نعم في NPRàفي قطاع الوسائط. ماذا يعني ذلك؟ لاختبار شيء ما بشكل كامل ، تحتاج إلى تجربته بنفسك. الأصل: التعبير الأصلي كان الدليل على البودنج موجود في الأكل حيث كلمة àتعني حقًا
CASE_0247,1034839,mixed,8,5426068,0.5938,0.5938,0,ar,المثل إثبات البودينغ في الأكل يعود إلى القرن الرابع عشر على الأقل. تُنسب هذه العبارة على نطاق واسع إلى المؤلف الإسباني سرفانتس في روايته The Ingenious Gentleman Don Quixote. غالبًا ما يتم ذكر العبارة بشكل غير صحيح لأن الدليل موجود في الحلوى.
CASE_0247,1034839,mixed,9,582907,0.5889,0.5889,0,ar,في تعليق هذا الأسبوع على Morning Edition ، قال فرانك ديفورد إن الدليل موجود في الحلوى .. كتب أحد المستمعين ليقول إن الاحتفاظ بالإثبات في الحلوى سيكون أمرًا فوضويًا. والمثل الاصلي: حجة البودينغ في الاكل. وما كان يعنيه هو أنه كان عليك تجربة الطعام لمعرفة ما إذا كان جيدًا.
CASE_0247,1034839,mixed,10,2951286,0.5847,0.5847,0,ar,المثل إثبات البودينغ في الأكل يعود إلى القرن الرابع عشر على الأقل. 1 تُنسب هذه العبارة على نطاق واسع إلى المؤلف الإسباني سرفانتس في روايته The Ingenious Gentleman Don Quixote. غالبًا ما يتم ذكر العبارة بشكل غير صحيح لأن الدليل موجود في الحلوى ..
CASE_0247,1068924,endpoint,1,5221753,0.7471,0.7471,0,ar,يحدث نزيف نقص فيتامين ك عندما لا يستطيع الأطفال التوقف عن النزيف لأن دمهم لا يحتوي على ما يكفي من فيتامين ك لتكوين جلطة ، مما يمنع النزيف وفقدان الدم بشكل كبير. يحدث نزيف فيتامين ك عندما لا يستطيع الأطفال وقف النزيف لأن دمهم لا يحتوي على ما يكفي من فيتامين K لتكوين جلطة ، مما يمنع النزيف وفقدان الدم
CASE_0247,1068924,endpoint,2,7963231,0.7355,0.7355,1,ar,نزيف نقص فيتامين ك (VKDB) هو مشكلة نزيف تحدث عند بعض الأطفال حديثي الولادة خلال الأيام القليلة الأولى من الحياة. كان يسمى VKDB سابقًا بالمرض النزفي لحديثي الولادة. يولد الأطفال عادةً بمستويات منخفضة من فيتامين ك ، وهو عامل أساسي في تخثر الدم. نقص فيتامين K هو السبب الرئيسي لـ VKDB. قد يؤدي نقص فيتام
CASE_0247,1068924,endpoint,3,6927865,0.72,0.72,0,ar,بداية نزيف نقص فيتامين ك في الأطفال حديثي الولادة. عادةً ما يحدث نزيف الدم الناجم عن نقص فيتامين ك في وقت مبكر خلال الـ 24 ساعة الأولى بعد الولادة. يظهر عند الأطفال المولودين لأمهات يتناولن أدوية مضادة للاختلاج أو السل. يمكن أن تحدث مضاعفات نزفية خطيرة في هذا النوع من النزيف.
CASE_0247,1068924,endpoint,4,6700454,0.7181,0.7181,0,ar,هؤلاء الأطفال ليس لديهم ما يكفي من فيتامين K لتجلط الدم. إذا كان طفلك يعاني من نقص فيتامين ك ، فقد يصاب بكدمات أو ينزف من تلقاء نفسه. يمكن أن يحدث هذا خلال الأسابيع الـ 12 الأولى من الولادة. علامات الإنذار المبكر هي نزيف من الأنف أو الفم ، أو نزيف من جذع السرة أو أسفلها (نيس 2006).
CASE_0247,1068924,endpoint,5,7407152,0.7124,0.7124,0,ar,أسباب نقص فيتامين ك. الأسباب الأكثر شيوعًا لنقص فيتامين K هي عدم كفاية المدخول الغذائي ، وعدم كفاية الامتصاص ، وانخفاض تخزين الفيتامين بسبب أمراض الكبد ، ولكن قد يكون أيضًا بسبب انخفاض الإنتاج في الأمعاء. ترتبط أوجه القصور عند الأطفال حديثي الولادة بمرض نزفي لحديثي الولادة (يُسمى أيضًا نزيف نقص فيتا
CASE_0247,1068924,endpoint,6,7295046,0.7116,0.7116,0,ar,عادة ما يكون لدى الأطفال حديثي الولادة مستويات منخفضة من فيتامين ك في أجسامهم. هذا الفيتامين ضروري لتجلط الدم. يمكن أن يتسبب انخفاض مستويات فيتامين ك في حدوث مشكلة نزيف نادرة ولكنها خطيرة. تظهر الأبحاث أن حقن فيتامين ك تمنع حدوث نزيف خطير عند الأطفال حديثي الولادة. ربما يشعر الأطفال حديثو الولادة با
CASE_0247,1068924,endpoint,7,3926473,0.6998,0.6998,0,ar,يحدث نزيف نقص فيتامين K أو VKDB عندما لا يستطيع الأطفال إيقاف النزيف لأن دمهم لا يحتوي على ما يكفي من فيتامين K لتكوين جلطة. يمكن أن يحدث النزيف في أي مكان داخل الجسم أو خارجه. عندما يحدث النزيف داخل الجسم ، قد يكون من الصعب ملاحظة ذلك.
CASE_0247,1068924,endpoint,8,3934919,0.697,0.697,0,ar,يعتبر النزيف المتأخر الناتج عن نقص فيتامين ك ، والذي يمكن أن يحدث بشكل عام حتى عمر ستة أشهر ، نادرًا ولكنه أكثر فتكًا ؛ يحدث النزف دائمًا تقريبًا في أدمغة الأطفال ولكن يمكن أن يحدث أيضًا في الأمعاء ويؤثر على أربعة إلى سبعة من كل 100000 رضيع بدون حقنة.
CASE_0247,1068924,endpoint,9,4961034,0.6942,0.6942,0,ar,وافق طبيب واحد: لا !!!: فيتامين K ضروري لصحة جيدة وقد يعاني طفلك من مشاكل النزيف إذا كنت تعاني من نقص. في حين أن نقص فيتامين ك يزيد من النزيف ، فإن تناول فيتامين ك لا يزيد من خطر الإصابة بالجلطات. انظر http://bit.ly/1nzsOh0 لمزيد من المعلومات عن K. يجب أن تأخذ شكل L-5-MTHF من الفولات.
CASE_0247,1068924,endpoint,10,3725359,0.6935,0.6935,0,ar,إذا لم يتجلط الدم بشكل صحيح ، يمكن أن يحدث نزيف لا يمكن السيطرة عليه. يولد جميع الأطفال بمستويات منخفضة من فيتامين ك. على الرغم من أن مخازن فيتامين ك هذه تستهلك بسرعة في الأيام القليلة الأولى من حياة الطفل ، (NHS 2008) عادة ما يكون هناك ما يكفي لوقف النزيف.
CASE_0247,1068924,mixed,1,7963231,0.7277,0.7277,1,ar,نزيف نقص فيتامين ك (VKDB) هو مشكلة نزيف تحدث عند بعض الأطفال حديثي الولادة خلال الأيام القليلة الأولى من الحياة. كان يسمى VKDB سابقًا بالمرض النزفي لحديثي الولادة. يولد الأطفال عادةً بمستويات منخفضة من فيتامين ك ، وهو عامل أساسي في تخثر الدم. نقص فيتامين K هو السبب الرئيسي لـ VKDB. قد يؤدي نقص فيتام
CASE_0247,1068924,mixed,2,7407152,0.7171,0.7171,0,ar,أسباب نقص فيتامين ك. الأسباب الأكثر شيوعًا لنقص فيتامين K هي عدم كفاية المدخول الغذائي ، وعدم كفاية الامتصاص ، وانخفاض تخزين الفيتامين بسبب أمراض الكبد ، ولكن قد يكون أيضًا بسبب انخفاض الإنتاج في الأمعاء. ترتبط أوجه القصور عند الأطفال حديثي الولادة بمرض نزفي لحديثي الولادة (يُسمى أيضًا نزيف نقص فيتا
CASE_0247,1068924,mixed,3,5221753,0.7096,0.7096,0,ar,يحدث نزيف نقص فيتامين ك عندما لا يستطيع الأطفال التوقف عن النزيف لأن دمهم لا يحتوي على ما يكفي من فيتامين ك لتكوين جلطة ، مما يمنع النزيف وفقدان الدم بشكل كبير. يحدث نزيف فيتامين ك عندما لا يستطيع الأطفال وقف النزيف لأن دمهم لا يحتوي على ما يكفي من فيتامين K لتكوين جلطة ، مما يمنع النزيف وفقدان الدم
CASE_0247,1068924,mixed,4,6700454,0.7039,0.7039,0,ar,هؤلاء الأطفال ليس لديهم ما يكفي من فيتامين K لتجلط الدم. إذا كان طفلك يعاني من نقص فيتامين ك ، فقد يصاب بكدمات أو ينزف من تلقاء نفسه. يمكن أن يحدث هذا خلال الأسابيع الـ 12 الأولى من الولادة. علامات الإنذار المبكر هي نزيف من الأنف أو الفم ، أو نزيف من جذع السرة أو أسفلها (نيس 2006).
CASE_0247,1068924,mixed,5,6927865,0.696,0.696,0,ar,بداية نزيف نقص فيتامين ك في الأطفال حديثي الولادة. عادةً ما يحدث نزيف الدم الناجم عن نقص فيتامين ك في وقت مبكر خلال الـ 24 ساعة الأولى بعد الولادة. يظهر عند الأطفال المولودين لأمهات يتناولن أدوية مضادة للاختلاج أو السل. يمكن أن تحدث مضاعفات نزفية خطيرة في هذا النوع من النزيف.
CASE_0247,1068924,mixed,6,4513272,0.6943,0.6943,0,ar,1 يحتاج جميع الأطفال إلى فيتامين ك لإنتاج عوامل التخثر. لدى طفلين مستويات منخفضة من فيتامين ك في أجسامهما عند الولادة. 3 بدون فيتامين K ، يكون الأطفال معرضين لخطر الإصابة باضطراب نزيف نادر يسمى VKDB (نزيف نقص فيتامين K) أو HDN (مرض نزفي لحديثي الولادة).
CASE_0247,1068924,mixed,7,7295046,0.693,0.693,0,ar,عادة ما يكون لدى الأطفال حديثي الولادة مستويات منخفضة من فيتامين ك في أجسامهم. هذا الفيتامين ضروري لتجلط الدم. يمكن أن يتسبب انخفاض مستويات فيتامين ك في حدوث مشكلة نزيف نادرة ولكنها خطيرة. تظهر الأبحاث أن حقن فيتامين ك تمنع حدوث نزيف خطير عند الأطفال حديثي الولادة. ربما يشعر الأطفال حديثو الولادة با
CASE_0247,1068924,mixed,8,3926473,0.6878,0.6878,0,ar,يحدث نزيف نقص فيتامين K أو VKDB عندما لا يستطيع الأطفال إيقاف النزيف لأن دمهم لا يحتوي على ما يكفي من فيتامين K لتكوين جلطة. يمكن أن يحدث النزيف في أي مكان داخل الجسم أو خارجه. عندما يحدث النزيف داخل الجسم ، قد يكون من الصعب ملاحظة ذلك.
CASE_0247,1068924,mixed,9,4961034,0.6814,0.6814,0,ar,وافق طبيب واحد: لا !!!: فيتامين K ضروري لصحة جيدة وقد يعاني طفلك من مشاكل النزيف إذا كنت تعاني من نقص. في حين أن نقص فيتامين ك يزيد من النزيف ، فإن تناول فيتامين ك لا يزيد من خطر الإصابة بالجلطات. انظر http://bit.ly/1nzsOh0 لمزيد من المعلومات عن K. يجب أن تأخذ شكل L-5-MTHF من الفولات.
CASE_0247,1068924,mixed,10,7407153,0.6808,0.6808,0,ar,1 قد يتسبب سوء الامتصاص ، خاصةً ضعف امتصاص الدهون بسبب أمراض مثل التليف الكيسي أو الداء البطني أو التهاب البنكرياس المزمن أو داء كرون ، في نقص فيتامين ك. ترتبط أوجه القصور عند الأطفال حديثي الولادة بمرض نزفي لحديثي الولادة (يُسمى أيضًا نزيف نقص فيتامين K أو VKDB). 2 يمكن أن يسبب هذا نزيفًا وكدمات ،
CASE_0247,1079340,endpoint,1,7150404,0.7314,0.7314,0,ar,الغرض من استدعاء جدول الأعمال هو التأكد من حضور كل شخص من المقرر أن يحضر إلى المحكمة. في بعض المحاكم ، يتم استبدال استدعاء جدول الإجراءات بإجراءات تسجيل الوصول مع المحضر أو ​​أي عضو آخر من موظفي المحكمة. المدعى عليه الذي يفشل في المثول أمام نداء قاعدة البيانات يخضع لإلغاء الكفالة وإعادة القبض عليه.
CASE_0247,1079340,endpoint,2,7150401,0.723,0.723,1,ar,إجراءات المحكمة في المحاكمة أو جلسة الاستماع. نداء Docket. عندما يتم استدعاء جدول الأعمال ، يقوم القاضي ببساطة باستدعاء كل قضية بالترتيب الذي تم تحديدها به. الغرض من نداء قاعدة البيانات هو تمكين القاضي من تحديد عدد القضايا الجاهزة للاستماع إليها. تساعد هذه المعلومات القاضي في تخطيط تسلسل الجلسات.
CASE_0247,1079340,endpoint,3,7150407,0.7172,0.7172,0,ar,إجراءات المحكمة في المحاكمة أو جلسة الاستماع. عندما يتم استدعاء جدول الأعمال ، يقوم القاضي ببساطة باستدعاء كل قضية بالترتيب الذي تم تحديدها به. الغرض من نداء قاعدة البيانات هو تمكين القاضي من تحديد عدد القضايا الجاهزة للاستماع إليها. تساعد هذه المعلومات القاضي في تخطيط تسلسل الجلسات.
CASE_0247,1079340,endpoint,4,503952,0.6573,0.6573,0,ar,يشير الجدول فقط إلى قائمة الانتظار التي تجلس فيها جميع القضايا في محكمة معينة حتى تصبح جاهزة للمحاكمة. كما يشير إلى نشاط الحالة المعينة ، لذا فإن رقم القضية فلان موجود في جدول المحاكمة 12/12/2013. تشمل إدخالات جدولها جميع الأنشطة في هذه الحالة.
CASE_0247,1079340,endpoint,5,6541590,0.6524,0.6524,0,ar,إذا تلقيت إشعارًا بجلسة استماع أو استدعاء للمثول أمام المحكمة ولا يمكنك الحضور ، يجب أن تطلب من المحكمة إعادة جدولة موعد الجلسة. لتحريك موعد المحكمة ، يجب عليك تقديم طلب للمتابعة ، وهو طلب رسمي مكتوب إلى المحكمة لتأجيل جلسة استماع إلى تاريخ لاحق. إذا وافقت المحكمة على طلبك ، فستصدر أمرًا يؤجل الجلسة
CASE_0247,1079340,endpoint,6,1653905,0.647,0.647,0,ar,استدعاء القضية. عندما يحين وقت الاستماع إلى قضيتك من قبل المحكمة ، سوف ينادي كاتب العمدة اسم القضية وستبدأ جلسة الاستماع. سيحدث هذا سواء كانت الجلسة الأولى أو الدليل. إذا كنت تمثل نفسك ، فسيتعين عليك الذهاب إلى مقدمة المحكمة عند النظر في قضيتك.
CASE_0247,1079340,endpoint,7,8376374,0.6454,0.6454,0,ar,الاستدعاء أو الإشعار للمثول هو أمر من المحكمة. إذا لم تظهر كما أمر ، فقد انتهكت أمر المحكمة ويمكن للقاضي أن يتهمك بجريمة عدم الحضور أو ازدراء المحكمة. بالإضافة إلى اتهامك بارتكاب جريمة ، يمكن للمحكمة أن تتخذ إجراءات مختلفة إذا فشلت في المثول. 1 أمر مقعد.
CASE_0247,1079340,endpoint,8,7713150,0.6415,0.6415,0,ar,الاستدعاء هو ورقة تصدرها المحكمة لإبلاغ الشخص بأنه تم تقديم شكوى ضدها. قد يتم تقديمها من قبل شريف أو شخص مخول آخر لخدمة العملية ، يسمى خادم المعالجة.
CASE_0247,1079340,endpoint,9,8250433,0.6404,0.6404,0,ar,أفضل إجابة: أمر الاستدعاء هو دعوة إلى قاعة المحكمة. التعريف القانوني هو أمر قضائي يأمر شخص معين تم تقديمه للمثول أمامه (كما في المحكمة أو أمام لجنة من الكونغرس) تحت عقوبة (كتهمة ازدراء) لعدم الامتثال .. آمل أن يساعد هذا. مصادر):
CASE_0247,1079340,endpoint,10,8469799,0.635,0.635,0,ar,الاستدعاء هو مستند المحكمة الذي يتطلب من المدعى عليه الرد على الشكوى ويحدد التاريخ الذي ستستمع فيه المحكمة إلى القضية. في بعض الولايات الأخرى ، كما أشرنا في وقت سابق ، يتم دمج الوثيقتين ويطلق عليهما ببساطة استدعاء أو شكوى. احذر من الرسائل المزيفة.
CASE_0247,1079340,mixed,1,7150401,0.7207,0.7207,1,ar,إجراءات المحكمة في المحاكمة أو جلسة الاستماع. نداء Docket. عندما يتم استدعاء جدول الأعمال ، يقوم القاضي ببساطة باستدعاء كل قضية بالترتيب الذي تم تحديدها به. الغرض من نداء قاعدة البيانات هو تمكين القاضي من تحديد عدد القضايا الجاهزة للاستماع إليها. تساعد هذه المعلومات القاضي في تخطيط تسلسل الجلسات.
CASE_0247,1079340,mixed,2,7150407,0.6884,0.6884,0,ar,إجراءات المحكمة في المحاكمة أو جلسة الاستماع. عندما يتم استدعاء جدول الأعمال ، يقوم القاضي ببساطة باستدعاء كل قضية بالترتيب الذي تم تحديدها به. الغرض من نداء قاعدة البيانات هو تمكين القاضي من تحديد عدد القضايا الجاهزة للاستماع إليها. تساعد هذه المعلومات القاضي في تخطيط تسلسل الجلسات.
CASE_0247,1079340,mixed,3,7150404,0.6708,0.6708,0,ar,الغرض من استدعاء جدول الأعمال هو التأكد من حضور كل شخص من المقرر أن يحضر إلى المحكمة. في بعض المحاكم ، يتم استبدال استدعاء جدول الإجراءات بإجراءات تسجيل الوصول مع المحضر أو ​​أي عضو آخر من موظفي المحكمة. المدعى عليه الذي يفشل في المثول أمام نداء قاعدة البيانات يخضع لإلغاء الكفالة وإعادة القبض عليه.
CASE_0247,1079340,mixed,4,1312897,0.6626,0.6626,0,ar,ماذا يحدث في جلسة قاضي الصلح؟ عندما يتم استدعاء اسمك في تاريخ الجلسة ، ستظهر أنت ومحاميك أمام المحكمة. سيقرأ المدعي العام التهم والأدلة ضدك ، ويطلب من المحكمة إصدار شكوى جنائية.
CASE_0247,1079340,mixed,5,1653905,0.6506,0.6506,0,ar,استدعاء القضية. عندما يحين وقت الاستماع إلى قضيتك من قبل المحكمة ، سوف ينادي كاتب العمدة اسم القضية وستبدأ جلسة الاستماع. سيحدث هذا سواء كانت الجلسة الأولى أو الدليل. إذا كنت تمثل نفسك ، فسيتعين عليك الذهاب إلى مقدمة المحكمة عند النظر في قضيتك.
CASE_0247,1079340,mixed,6,7646417,0.6417,0.6417,0,ar,في جلسة الاستدعاء ، سيشرح لك القاضي أو القاضي (المدعى عليه) التهم ، وحقوقك الدستورية ، والعواقب المحتملة إذا اعترفت بالذنب أو أدين بعد المحاكمة بالتهمة. سوف تقدم إقرارًا بالذنب أو غير مذنب ، أو قد تقف صامتًا.
CASE_0247,1079340,mixed,7,5272954,0.6385,0.6385,0,ar,عندما يستخدمون تعبير Docket Sounding ، فهذا يعني أن جدول أعمال المحكمة أو جدول أعمال المحكمة يتم فتحه عن طريق السبر ثم ضبطه ويقوم القاضي بتوجيه كتلة السبر للإشارة إلى إغلاق جدول الأعمال أو Cloisturing.
CASE_0247,1079340,mixed,8,8250433,0.6376,0.6376,0,ar,أفضل إجابة: أمر الاستدعاء هو دعوة إلى قاعة المحكمة. التعريف القانوني هو أمر قضائي يأمر شخص معين تم تقديمه للمثول أمامه (كما في المحكمة أو أمام لجنة من الكونغرس) تحت عقوبة (كتهمة ازدراء) لعدم الامتثال .. آمل أن يساعد هذا. مصادر):
CASE_0247,1079340,mixed,9,8450751,0.6365,0.6365,0,ar,تنزيل المقال بصيغة PDF. بعد مراحل الاعتقال والحجز والكفالة الأولية من الإجراءات الجنائية ، تتم المرحلة الأولى من الإجراءات في قاعة المحكمة - الاستدعاء. أثناء المحاكمة النموذجية ، يتم استدعاء الشخص المتهم بارتكاب جريمة أمام قاضي محكمة الجنايات ، الذي: 1 يقرأ التهمة (التهم) الجنائية ضد الشخص (يسمى الآ
CASE_0247,1079340,mixed,10,7073236,0.6359,0.6359,0,ar,Docket (court) جدول (محكمة) في الولايات المتحدة هو الملخص الرسمي للإجراءات في محكمة قانونية. في المملكة المتحدة في العصر الحديث هي وثيقة رسمية تتعلق بتسليم شيء ما ، مع معاني مماثلة لهذين الاثنين في مكان آخر. في أواخر القرن التاسع عشر ، أشار المصطلح إلى كتاب كبير في الأوراق يسجل فيه الكتبة جميع الإيد
CASE_0247,1083663,endpoint,1,2155192,0.7305,0.7305,0,ar,"""ما هو رمز لبس قلبك على كمك؟ إجابة . `` لبس قلبك على ساعديك '' يعني بدلاً من الاحتفاظ بسرية قلب (حب شخص أو غيره دون تواصل) ، يظهر الشخص وينقل الكلام اللفظي ࢠÂ لمن حولهم كم يحبون و لذا احترم الآخرين ، """"لبس قلبك على كمك."""""""
CASE_0247,1083663,endpoint,2,7135416,0.7249,0.7249,1,ar,"""إجابة . `` لبس قلبك على ساعديك '' يعني بدلاً من الاحتفاظ بسرية قلب (حب شخص أو غيره دون تواصل) ، يظهر الشخص وينقله لفظيًا - ى لمن حولهم كم يحبون والاحترام وهكذا فإن الآخرين """"يلبسون قلبك على كمك"""". يمكنك القيام بذلك من خلال إظهار مشاعرك ظاهريًا."""
CASE_0247,1083663,endpoint,3,7135409,0.7196,0.7196,0,ar,"""أجاب في الأصل: ماذا يعني القول """"لبس قلبك على كمك؟"""" أنت لا تخفي عواطفك. يبدو الأمر كما لو كانت مثبتة بشكل بارز على ملابسك ليراها العالم بأسره."""
CASE_0247,1083663,endpoint,4,741807,0.7005,0.7005,0,ar,ارتداء قلبك على كمك يعني أنك لا تخفي عواطفك. يمكن للجميع أن يرى على الفور ما تشعر به حيال شيء ما.
CASE_0247,1083663,endpoint,5,741803,0.696,0.696,0,ar,إن ارتداء قلبك على كمك ليس شيئًا تريد القيام به. هذا المصطلح يعني أن الشخص شديد الحساسية ويمكن أن يتأذى بسهولة من خلال الأشياء الصغيرة. أو يعني ذلك أن الشخص لا يتحكم في عواطفه ويظهر أو يتصرف بمشاعره بسهولة شديدة.
CASE_0247,1083663,endpoint,6,5072960,0.6826,0.6826,0,ar,ارتدي شيئًا على كمك. لجعل مشاعرك أو معتقداتك معروفة للجميع يشعر بعض الناس بالحاجة إلى ارتداء حب الوطن على جعبتهم. ملاحظات الاستخدام: غالبًا ما تُستخدم في شكل ارتداء قلبك على كمك (لإعلام الآخرين بمشاعرك): لا أحب ارتداء قلبي على كمي.
CASE_0247,1083663,endpoint,7,1166682,0.6826,0.6826,0,ar,ارتدي شيئًا على كمك. لجعل مشاعرك أو معتقداتك معروفة للجميع يشعر بعض الناس بالحاجة إلى ارتداء حب الوطن على جعبتهم. ملاحظات الاستخدام: غالبًا ما تُستخدم في شكل ارتداء قلبك على كمك (لإعلام الآخرين بمشاعرك): لا أحب ارتداء قلبي على كمي.
CASE_0247,1083663,endpoint,8,7135417,0.6644,0.6644,0,ar,ماذا تعني عبارة لبس القلب على الكم؟ سأكون ممتنًا لو أمكنك أيضًا إخباري بمصدر نفس الشيء.
CASE_0247,1083663,endpoint,9,741804,0.6536,0.6536,0,ar,"""إن ارتداء قلبك على خدك هو عكس ارتداء قلبك على كمك. الشخص الذي يضع قلبه على خده يحافظ على عواطفه الحقيقية مخفية ، عادة لمنع نفسه من التعرض للأذى و / أو إيذاء الآخرين. هذا المصطلح مأخوذ من أغنية """"How to be a Heartbreaker"""" لمارينا وذا دايموندز. القاعدة الثالثة ، ارتدي قلبك على خدك."""
CASE_0247,1083663,endpoint,10,5072961,0.6484,0.6484,0,ar,دبوس (واحد) القلب على كم (واحد). لإظهار أو الكشف عن عواطف المرء أو مشاعره. كنت أعلم أن جوش كان معجبًا بي لأنه دائمًا ما يدق قلبه على كمه. نشأت مع أب لم يُظهر أي عاطفة أبدًا ، فقد حرصت دائمًا على تثبيت قلبي على كمي.
CASE_0247,1083663,mixed,1,7135416,0.7364,0.7364,1,ar,"""إجابة . `` لبس قلبك على ساعديك '' يعني بدلاً من الاحتفاظ بسرية قلب (حب شخص أو غيره دون تواصل) ، يظهر الشخص وينقله لفظيًا - ى لمن حولهم كم يحبون والاحترام وهكذا فإن الآخرين """"يلبسون قلبك على كمك"""". يمكنك القيام بذلك من خلال إظهار مشاعرك ظاهريًا."""
CASE_0247,1083663,mixed,2,741807,0.7234,0.7234,0,ar,ارتداء قلبك على كمك يعني أنك لا تخفي عواطفك. يمكن للجميع أن يرى على الفور ما تشعر به حيال شيء ما.
CASE_0247,1083663,mixed,3,7135409,0.7227,0.7227,0,ar,"""أجاب في الأصل: ماذا يعني القول """"لبس قلبك على كمك؟"""" أنت لا تخفي عواطفك. يبدو الأمر كما لو كانت مثبتة بشكل بارز على ملابسك ليراها العالم بأسره."""
CASE_0247,1083663,mixed,4,2155192,0.7225,0.7225,0,ar,"""ما هو رمز لبس قلبك على كمك؟ إجابة . `` لبس قلبك على ساعديك '' يعني بدلاً من الاحتفاظ بسرية قلب (حب شخص أو غيره دون تواصل) ، يظهر الشخص وينقل الكلام اللفظي ࢠÂ لمن حولهم كم يحبون و لذا احترم الآخرين ، """"لبس قلبك على كمك."""""""
CASE_0247,1083663,mixed,5,741803,0.7061,0.7061,0,ar,إن ارتداء قلبك على كمك ليس شيئًا تريد القيام به. هذا المصطلح يعني أن الشخص شديد الحساسية ويمكن أن يتأذى بسهولة من خلال الأشياء الصغيرة. أو يعني ذلك أن الشخص لا يتحكم في عواطفه ويظهر أو يتصرف بمشاعره بسهولة شديدة.
CASE_0247,1083663,mixed,6,5072960,0.7025,0.7025,0,ar,ارتدي شيئًا على كمك. لجعل مشاعرك أو معتقداتك معروفة للجميع يشعر بعض الناس بالحاجة إلى ارتداء حب الوطن على جعبتهم. ملاحظات الاستخدام: غالبًا ما تُستخدم في شكل ارتداء قلبك على كمك (لإعلام الآخرين بمشاعرك): لا أحب ارتداء قلبي على كمي.
CASE_0247,1083663,mixed,7,1166682,0.7025,0.7025,0,ar,ارتدي شيئًا على كمك. لجعل مشاعرك أو معتقداتك معروفة للجميع يشعر بعض الناس بالحاجة إلى ارتداء حب الوطن على جعبتهم. ملاحظات الاستخدام: غالبًا ما تُستخدم في شكل ارتداء قلبك على كمك (لإعلام الآخرين بمشاعرك): لا أحب ارتداء قلبي على كمي.
CASE_0247,1083663,mixed,8,741810,0.7025,0.7025,0,ar,"""مع الوقت سيأتي التغيير. في الواقع ، يعني """"ارتداء قلبك على جعبتك"""" إظهار مشاعر المرء بانفتاح وبشكل اعتيادي بدلاً من إبقائها خاصة. إنه ليس شيئًا يجب أن تكون حريصًا جدًا على القيام به في الواقع ، لأنه يمكن أن يؤدي بك إلى الشعور بالضعف والتعرض."""
CASE_0247,1083663,mixed,9,741804,0.6977,0.6977,0,ar,"""إن ارتداء قلبك على خدك هو عكس ارتداء قلبك على كمك. الشخص الذي يضع قلبه على خده يحافظ على عواطفه الحقيقية مخفية ، عادة لمنع نفسه من التعرض للأذى و / أو إيذاء الآخرين. هذا المصطلح مأخوذ من أغنية """"How to be a Heartbreaker"""" لمارينا وذا دايموندز. القاعدة الثالثة ، ارتدي قلبك على خدك."""
CASE_0247,1083663,mixed,10,361860,0.6915,0.6915,0,ar,ضع قلبك على جعبتك المعنى اعرض عواطف المرء بصراحة. الأصل قد تكون هذه العبارة مشتقة من العادة في مباريات المبارزة في العصور الوسطى. يقال إن الفرسان ارتدوا ألوان السيدة التي كانوا يدعمونها ، في ملابس أو شرائط مربوطة بأذرعهم.
CASE_0247,1083948,endpoint,1,5854722,0.7648,0.7648,0,ar,تشتت ، في علم الأحياء ، أو انتشار ، أو نثر ، الكائنات الحية على مدى فترات داخل منطقة معينة أو فوق الأرض. 1 التخصصات الأكثر ارتباطًا بدراسة التشتت هي النظاميات والتطور. يهتم علم اللاهوت النظامي بالعلاقات بين الكائنات الحية ويتضمن تصنيف الحياة إلى مجموعات مرتبة ، مما يوفر المعلومات التفصيلية الضرورية
CASE_0247,1083948,endpoint,2,7132812,0.7533,0.7533,1,ar,مادة الاحياء. مسرد مصطلحات علم الأحياء. معنى وتعريف التشتت: توزيع الأفراد داخل حدود السكان الجغرافية. بالنسبة لمصطلح التشتت قد توجد أيضًا تعريفات ومعاني أخرى ، فإن المعنى والتعريف الموضحين أعلاه يدلان على عدم استخدامهما للأغراض الطبية والقانونية أو الخاصة.
CASE_0247,1083948,endpoint,3,4059556,0.7212,0.7212,0,ar,التشتت. في علم الأحياء ، وهو عكس الاستيعاب في عملية التمثيل الغذائي ، والذي يتكون من تحلل المركبات العضوية وتحويل البروتين والأحماض النووية والدهون والكربوهيدرات (بما في ذلك تلك التي يتم تناولها) إلى مواد بسيطة.
CASE_0247,1083948,endpoint,4,107853,0.6898,0.6898,0,ar,ماذا يعني التشتت من الناحية العلمية؟ التشتت هو فصل الضوء الأبيض أو الضوء المركب إلى ألوانه الخاصة ، كما هو الحال في تكوين الطيف بواسطة المنشور. يحدث هذا في أقواس قزح عندما يذهب الضوء المنبعث من الشمس إلى قطرة المطر ، وينكسر الضوء من خلالها.
CASE_0247,1083948,endpoint,5,7132816,0.6895,0.6895,0,ar,تعريف التشتت: فعل أو نتيجة التشتت ؛ على وجه الخصوص: عملية أو نتيجة انتشار الكائنات الحية من تشتت في جملة فعل أو نتيجة التشتت ؛ خاصة: عملية أو نتيجة انتشار الكائنات الحية من مكان إلى آخر
CASE_0247,1083948,endpoint,6,1619718,0.6763,0.6763,0,ar,التعريف الطبي للتشتت. 1.: فعل أو عملية التشتت: حالة التفريق. 2.: فصل الضوء إلى ألوان عن طريق الانكسار أو الانعراج مع تكوين الطيف. أيضًا: فصل الإشعاع إلى مكونات وفقًا لبعض الخصائص المتغيرة (مثل الطاقة). 3 ..: تشتت قيم توزيع التردد من المتوسط. 4.: فصل الضوء إلى ألوان عن طريق الانكسار أو الانعراج مع تك
CASE_0247,1083948,endpoint,7,7200600,0.6752,0.6752,0,ar,في الفيزياء ، يصف مصطلح التشتت تباين الكمية مع التردد ، وهو تذبذب الإلكترونات في حالة تشتت لندن. عادة ما تكون قوى التشتت ذات الحجم النسبي هي المهيمنة على قوى فان دير فال الثلاث (التوجيه ، الاستقراء ، التشتت) بين الذرات والجزيئات ، باستثناء الجزيئات الصغيرة وذات القطبية العالية ، مثل الماء.
CASE_0247,1083948,endpoint,8,674166,0.6743,0.6743,0,ar,في علم الأحياء ، نطاق أو توزيع الأنواع هي المنطقة الجغرافية التي يمكن أن توجد فيها تلك الأنواع ، وضمن هذا النطاق ، يكون التشتت هو تباين في الكثافة المحلية ، وغالبًا ما يكون المصطلح مؤهلاً: 1 في بعض الأحيان يتم التمييز بين النوع الطبيعي. أو مستوطنة أو محلية حيث نشأت وعاشت تاريخياً ، والنطاق الذي رسخ
CASE_0247,1083948,endpoint,9,6343733,0.6719,0.6719,0,ar,التشتت - العملية الفيزيائية التي تنحرف فيها الجسيمات عشوائياً نتيجة الاصطدامات. الانقراض - تقليل شدة الإشعاع نتيجة الامتصاص والإشعاع.
CASE_0247,1083948,endpoint,10,6343731,0.6633,0.6633,0,ar,Freebase (2.00 / 2 votes) قيم هذا التعريف: التشتت هو عملية فيزيائية عامة حيث يتم إجبار بعض أشكال الإشعاع ، مثل الضوء أو الصوت أو الجسيمات المتحركة ، على الانحراف عن مسار مستقيم بواسطة واحد أو أكثر من عدم الانتظام الموضعي في الوسيط الذي يمرون من خلاله.
CASE_0247,1083948,mixed,1,7132812,0.7084,0.7084,1,ar,مادة الاحياء. مسرد مصطلحات علم الأحياء. معنى وتعريف التشتت: توزيع الأفراد داخل حدود السكان الجغرافية. بالنسبة لمصطلح التشتت قد توجد أيضًا تعريفات ومعاني أخرى ، فإن المعنى والتعريف الموضحين أعلاه يدلان على عدم استخدامهما للأغراض الطبية والقانونية أو الخاصة.
CASE_0247,1083948,mixed,2,5854722,0.7038,0.7038,0,ar,تشتت ، في علم الأحياء ، أو انتشار ، أو نثر ، الكائنات الحية على مدى فترات داخل منطقة معينة أو فوق الأرض. 1 التخصصات الأكثر ارتباطًا بدراسة التشتت هي النظاميات والتطور. يهتم علم اللاهوت النظامي بالعلاقات بين الكائنات الحية ويتضمن تصنيف الحياة إلى مجموعات مرتبة ، مما يوفر المعلومات التفصيلية الضرورية
CASE_0247,1083948,mixed,3,4059556,0.6682,0.6682,0,ar,التشتت. في علم الأحياء ، وهو عكس الاستيعاب في عملية التمثيل الغذائي ، والذي يتكون من تحلل المركبات العضوية وتحويل البروتين والأحماض النووية والدهون والكربوهيدرات (بما في ذلك تلك التي يتم تناولها) إلى مواد بسيطة.
CASE_0247,1083948,mixed,4,6284797,0.6673,0.6673,0,ar,تشتت. Diserpsion هو الانتشار الزمني للنبضة في الدليل الموجي البصري (الألياف الضوئية ، على سبيل المثال). التشتت هو ما يتسبب في فصل الموجة إلى مكونات طيفية ذات أطوال موجية مختلفة ، وهناك ثلاثة أنواع من التشتت: التشتت اللوني ، أو النموذجي ، أو الدليل الموجي. الانقلاب هو ما يجعل الموجة تنفصل إلى مكونات
CASE_0247,1083948,mixed,5,1002163,0.6518,0.6518,0,ar,التجزئة (التكاثر) التجزئة أو التفتت النسيلي في الكائنات متعددة الخلايا أو المستعمرة هو شكل من أشكال التكاثر اللاجنسي أو الاستنساخ الذي ينقسم فيه الكائن الحي إلى أجزاء. تتطور كل جزء من هذه الأجزاء إلى أفراد ناضجين ومتكاملين النمو مستنسخات من الكائن الحي الأصلي. قد يكون الانقسام أو لا يكون مقصودًا - ق
CASE_0247,1083948,mixed,6,674166,0.6479,0.6479,0,ar,في علم الأحياء ، نطاق أو توزيع الأنواع هي المنطقة الجغرافية التي يمكن أن توجد فيها تلك الأنواع ، وضمن هذا النطاق ، يكون التشتت هو تباين في الكثافة المحلية ، وغالبًا ما يكون المصطلح مؤهلاً: 1 في بعض الأحيان يتم التمييز بين النوع الطبيعي. أو مستوطنة أو محلية حيث نشأت وعاشت تاريخياً ، والنطاق الذي رسخ
CASE_0247,1083948,mixed,7,7132814,0.6446,0.6446,0,ar,نطاق التشتت [عدل] يشير نطاق التشتت إلى المسافة التي يمكن أن يتحركها النوع من العشائر الموجودة أو الكائن الأصلي. يعتمد النظام البيئي بشكل حاسم على قدرة الأفراد والسكان على الانتشار من بقعة موطن إلى أخرى. [en.wikipedia.org/wiki/Biological_dispersal] فرضية التشتت: تسبب تشتت العناكب بين الجزر في نسبة مت
CASE_0247,1083948,mixed,8,7132818,0.6423,0.6423,0,ar,"""التشتت البيولوجي. تشتت الرياح لبذور الهندباء. يشير التشتت البيولوجي إلى حركة الأفراد (الحيوانات والنباتات والفطريات والبكتيريا ، وما إلى ذلك) من موقع ولادتهم إلى موقع تكاثرهم (""""التشتت عند الولادة"""") ، وكذلك الانتقال من موقع تكاثر إلى آخر (""""تربية تشتيت انتشار'). يستخدم التشتت أيضًا لوصف حركة التكا"
CASE_0247,1083948,mixed,9,6343733,0.6345,0.6345,0,ar,التشتت - العملية الفيزيائية التي تنحرف فيها الجسيمات عشوائياً نتيجة الاصطدامات. الانقراض - تقليل شدة الإشعاع نتيجة الامتصاص والإشعاع.
CASE_0247,1083948,mixed,10,6375729,0.6338,0.6338,0,ar,"""تشتت الرياح لبذور الهندباء. يشير التشتت البيولوجي إلى حركة الأفراد (الحيوانات والنباتات والفطريات والبكتيريا ، وما إلى ذلك) من موقع ولادتهم إلى موقع تكاثرهم (""""التشتت عند الولادة"""") ، وكذلك الانتقال من موقع تكاثر إلى آخر (""""تربية تشتيت انتشار'). يستخدم التشتت أيضًا لوصف حركة التكاثر مثل البذور والج"
CASE_0247,1000000,endpoint,1,5824768,0.7049,0.7049,0,ar,ما هو الأنسولين. الأنسولين هو هرمون يحدث بشكل طبيعي في الجسم ويمكن أيضًا إعطاؤه عن طريق الحقن كعلاج لمرض السكري. يتكون الأنسولين الطبيعي من خلايا بيتا في جزر لانجرهانز الموجودة في البنكرياس. يساعد خلايا الجسم على امتصاص الجلوكوز (السكر) الموجود في الكربوهيدرات التي نتناولها بحيث يمكن استخدامها كطاقة
CASE_0247,1000000,endpoint,2,7229918,0.7001,0.7001,0,ar,(الجواب رقم 1). الأنسولين هو هرمون متعدد الببتيد ينتجه الجسم وينظم عملية التمثيل الغذائي للكربوهيدرات والدهون في الجسم ، وينتج هذا الأنسولين في جسم الإنسان عن طريق البنكرياس ، ويسمى الأنسولين المنتج داخل جسم الإنسان بالأنسولين الداخلي. مما يعني أنه يأتي من جسدك. الخارجية مثل إعطاء الأنسولين لشخص مصا
CASE_0247,1000000,endpoint,3,796014,0.6907,0.6907,0,ar,الأنسولين هو هرمون طبيعي ينتج في البنكرياس. عندما تأكل ، يفرز البنكرياس الأنسولين لمساعدة جسمك على إنتاج الطاقة من السكريات (الجلوكوز). كما أنه يساعدك على تخزين الطاقة. الأنسولين هو جزء حيوي من عملية التمثيل الغذائي. بدونها ، سيتوقف جسمك عن العمل.
CASE_0247,1000000,endpoint,4,3792209,0.6847,0.6847,0,ar,الأنسولين هو هرمون يأتي من البنكرياس ، وهي غدة تقع خلف المعدة وتحتها. 1 يفرز البنكرياس الأنسولين في مجرى الدم. 2 الأنسولين يدور ، مما يسمح للسكر بالدخول إلى خلاياك. 3 الأنسولين يخفض كمية السكر في مجرى الدم.
CASE_0247,1000000,endpoint,5,6210553,0.6837,0.6837,0,ar,الأنسولين (من اللاتينية ، إنسولا التي تعني الجزيرة) هو هرمون ببتيد تنتجه خلايا بيتا في البنكرياس. ينظم عملية التمثيل الغذائي للكربوهيدرات والدهون عن طريق تعزيز امتصاص الجلوكوز من الدم إلى عضلات الهيكل العظمي والأنسجة الدهنية والتسبب في تخزين الدهون بدلاً من استخدامها للحصول على الطاقة ، كما يمنع الأ
CASE_0247,1000000,endpoint,6,807259,0.682,0.682,0,ar,الأنسولين (من اللاتينية ، إنسولا التي تعني الجزيرة) هو هرمون ببتيد تنتجه خلايا بيتا في جزر البنكرياس ، ويعتبر الهرمون الابتنائي الرئيسي للجسم. [5] ينظم عملية التمثيل الغذائي للكربوهيدرات والدهون والبروتينات عن طريق تعزيز امتصاص الجلوكوز من الدم إلى الدهون والكبد والهيكل العظمي ...
CASE_0247,1000000,endpoint,7,3950022,0.681,0.681,0,ar,الأنسولين هو هرمون طبيعي ينتج في البنكرياس. عندما تأكل ، يفرز البنكرياس الأنسولين لمساعدة جسمك على إنتاج الطاقة من السكريات (الجلوكوز). كما أنه يساعدك على تخزين الطاقة. الأنسولين هو جزء حيوي من عملية التمثيل الغذائي. بدونها ، سيتوقف جسمك عن العمل. في مرض السكري من النوع 1 ، لم يعد البنكرياس قادرًا ع
CASE_0247,1000000,endpoint,8,1072976,0.6794,0.6794,0,ar,الأنسولين هو هرمون طبيعي ينتجه البنكرياس ويساعد الجسم على استخدام أو تخزين الجلوكوز (السكر) الذي يحصل عليه من الطعام. بالنسبة للأشخاص المصابين بداء السكري ، إما أن البنكرياس لا ينتج كمية كافية من الأنسولين لتلبية متطلبات الجسم ، أو أن الجسم لا يستطيع استخدام الأنسولين المصنوع بشكل صحيح.
CASE_0247,1000000,endpoint,9,8167380,0.6789,0.6789,0,ar,حيث يتم إنتاج الأنسولين الأنسولين هو هرمون يتكون من بروتين صغير متعدد الببتيد يفرزه البنكرياس ، والذي يعمل كغدة صماء وغدة خارجية. الغدد الصماء هي نظام الغدد التي تفرز الهرمونات لتنظيم وظائف الجسم ، بينما تساعد الغدد الصماء في الهضم.
CASE_0247,1000000,endpoint,10,5593661,0.6782,0.6782,0,ar,الأنسولين هو هرمون يأتي من غدة تقع خلف وتحت المعدة (البنكرياس). 1 يفرز البنكرياس الأنسولين في مجرى الدم. 2 يدور الأنسولين ، مما يسمح للسكر بالدخول إلى خلاياك. يقلل الأنسولين من كمية السكر في مجرى الدم.
CASE_0247,1000000,mixed,1,5824768,0.6691,0.6691,0,ar,ما هو الأنسولين. الأنسولين هو هرمون يحدث بشكل طبيعي في الجسم ويمكن أيضًا إعطاؤه عن طريق الحقن كعلاج لمرض السكري. يتكون الأنسولين الطبيعي من خلايا بيتا في جزر لانجرهانز الموجودة في البنكرياس. يساعد خلايا الجسم على امتصاص الجلوكوز (السكر) الموجود في الكربوهيدرات التي نتناولها بحيث يمكن استخدامها كطاقة
CASE_0247,1000000,mixed,2,7229918,0.6564,0.6564,0,ar,(الجواب رقم 1). الأنسولين هو هرمون متعدد الببتيد ينتجه الجسم وينظم عملية التمثيل الغذائي للكربوهيدرات والدهون في الجسم ، وينتج هذا الأنسولين في جسم الإنسان عن طريق البنكرياس ، ويسمى الأنسولين المنتج داخل جسم الإنسان بالأنسولين الداخلي. مما يعني أنه يأتي من جسدك. الخارجية مثل إعطاء الأنسولين لشخص مصا
CASE_0247,1000000,mixed,3,796014,0.6543,0.6543,0,ar,الأنسولين هو هرمون طبيعي ينتج في البنكرياس. عندما تأكل ، يفرز البنكرياس الأنسولين لمساعدة جسمك على إنتاج الطاقة من السكريات (الجلوكوز). كما أنه يساعدك على تخزين الطاقة. الأنسولين هو جزء حيوي من عملية التمثيل الغذائي. بدونها ، سيتوقف جسمك عن العمل.
CASE_0247,1000000,mixed,4,807259,0.6537,0.6537,0,ar,الأنسولين (من اللاتينية ، إنسولا التي تعني الجزيرة) هو هرمون ببتيد تنتجه خلايا بيتا في جزر البنكرياس ، ويعتبر الهرمون الابتنائي الرئيسي للجسم. [5] ينظم عملية التمثيل الغذائي للكربوهيدرات والدهون والبروتينات عن طريق تعزيز امتصاص الجلوكوز من الدم إلى الدهون والكبد والهيكل العظمي ...
CASE_0247,1000000,mixed,5,6210553,0.6536,0.6536,0,ar,الأنسولين (من اللاتينية ، إنسولا التي تعني الجزيرة) هو هرمون ببتيد تنتجه خلايا بيتا في البنكرياس. ينظم عملية التمثيل الغذائي للكربوهيدرات والدهون عن طريق تعزيز امتصاص الجلوكوز من الدم إلى عضلات الهيكل العظمي والأنسجة الدهنية والتسبب في تخزين الدهون بدلاً من استخدامها للحصول على الطاقة ، كما يمنع الأ
CASE_0247,1000000,mixed,6,3792209,0.6516,0.6516,0,ar,الأنسولين هو هرمون يأتي من البنكرياس ، وهي غدة تقع خلف المعدة وتحتها. 1 يفرز البنكرياس الأنسولين في مجرى الدم. 2 الأنسولين يدور ، مما يسمح للسكر بالدخول إلى خلاياك. 3 الأنسولين يخفض كمية السكر في مجرى الدم.
CASE_0247,1000000,mixed,7,3950022,0.6477,0.6477,0,ar,الأنسولين هو هرمون طبيعي ينتج في البنكرياس. عندما تأكل ، يفرز البنكرياس الأنسولين لمساعدة جسمك على إنتاج الطاقة من السكريات (الجلوكوز). كما أنه يساعدك على تخزين الطاقة. الأنسولين هو جزء حيوي من عملية التمثيل الغذائي. بدونها ، سيتوقف جسمك عن العمل. في مرض السكري من النوع 1 ، لم يعد البنكرياس قادرًا ع
CASE_0247,1000000,mixed,8,7229922,0.6473,0.6473,0,ar,الأنسولين الداخلي هو الأنسولين الذي يصنعه البنكرياس مما يعني أنه يأتي من جسمك. قد يكون الأمر الخارجي مثل إعطاء الأنسولين لشخص مصاب بالسكري من النوع الأول ولم يعد يصنع الأنسولين وسيحتاج إلى الأنسولين الخارجي للحفاظ على نسبة السكر في الدم تحت السيطرة. مما يعني أنه يأتي من جسدك. الخارجية مثل إعطاء الأن
CASE_0247,1000000,mixed,9,5004612,0.6468,0.6468,0,ar,يتم إنتاج الأنسولين في البنكرياس. لنكون أكثر تحديدًا ، يتم إنتاجه بواسطة خلايا بيتا في جزر لانجرهانز في البنكرياس. عندما نأكل ، ترتفع مستويات الجلوكوز ويتحرر الأنسولين في مجرى الدم. يعمل الأنسولين كمفتاح ، حيث يفتح الخلايا حتى تتمكن من امتصاص السكر واستخدامه كمصدر للطاقة. السكر هو أحد أهم مصادر الطا
CASE_0247,1000000,mixed,10,3639913,0.6462,0.6462,0,ar,الأنسولين (من اللاتينية ، إنسولا التي تعني الجزيرة) هو هرمون ببتيد تنتجه خلايا بيتا في البنكرياس ، وينظم عملية التمثيل الغذائي للكربوهيدرات والدهون عن طريق تعزيز امتصاص الجلوكوز من الدم إلى عضلات الهيكل العظمي والأنسجة الدهنية ومن خلال التسبب في زيادة الدهون. يتم تخزينه بدلاً من استخدامه للحصول على
CASE_0247,1000004,endpoint,1,4537048,0.71,0.71,0,ar,نورا ... معنى اسم نورا هو الشرف. أصل اسم نورا إنجليزي. هذه هي الثقافة التي نشأ فيها الاسم ، أو اللغة في حالة الكلمة. كان اسم نورا في الأصل ضئيلًا من الأسماء Honora و Eleanora. الاختلاف الأكثر شيوعًا لاسم نورا هو نورا.
CASE_0247,1000004,endpoint,2,5951085,0.7067,0.7067,0,ar,نورا هو اسم من أصول إنجليزية ومشتق من الأسماء Honora و Eleanora. معنى اسم نورا شرف. الاختلاف الأكثر شيوعًا لاسم نورا هو نورا. تشمل الألقاب Nor و Nory و No-No و Rah.
CASE_0247,1000004,endpoint,3,5951082,0.7037,0.7037,0,ar,نورا هو اسم من أصول إنجليزية ومشتق من الأسماء Honora و Eleanora. معنى اسم نورا شرف. الاختلاف الأكثر شيوعًا لاسم نورا هو نورا. تشمل الألقاب Nor و Nory و No-No و Rah. احتلت نورا المرتبة 186 في عام 2013 وفقًا لإدارة الضمان الاجتماعي.
CASE_0247,1000004,endpoint,4,5951083,0.703,0.703,0,ar,نورا هو اسم من أصول إنجليزية ومشتق من الأسماء Honora و Eleanora. معنى اسم نورا شرف. الاختلاف الأكثر شيوعًا لاسم نورا هو نورا.
CASE_0247,1000004,endpoint,5,5951081,0.703,0.703,0,ar,نورا هو اسم من أصول إنجليزية ومشتق من الأسماء Honora و Eleanora. معنى اسم نورا شرف. الاختلاف الأكثر شيوعًا لاسم نورا هو نورا.
CASE_0247,1000004,endpoint,6,7264265,0.6986,0.6986,0,ar,نورا ، نورا ، نورا ، نورما نورا أو نورا هو اسم شخصي إيطالي ، إنجليزي ، أيرلندي ، ألباني ، إسكندنافي ، عربي ، وبلطيقي. ينشأ بشكل أساسي كشكل قصير من Honora (أيضًا Honoria) ، وهو اسم أنجلو نورمان شائع ، مشتق في النهاية من الكلمة اللاتينية Honor (بهذا المعنى). في المجر ، نشأ اسم Nóra كشكل قصير من Eleonó
CASE_0247,1000004,endpoint,7,7264267,0.697,0.697,0,ar,اسم نورا من أصل أيرلندي. معنى كلمة نورا مشرفة. تستخدم نورا بشكل عام كاسم فتاة. يتكون من 4 أحرف ومقطعين ويتم نطقه No-ra.
CASE_0247,1000004,endpoint,8,4537042,0.6963,0.6963,0,ar,الاستعمال: نورا ، من أصل عبري ، هو الاسم الأول المشهور للغاية. غالبًا ما يستخدم كاسم فتاة (أنثى). الأشخاص الذين يحملون اسم نورا هم بشكل عام من أرمينيا وبلجيكا وفرنسا وألمانيا واليونان والمجر وأيرلندا وإيطاليا ولوكسمبورغ وهولندا وإسبانيا والمملكة المتحدة والولايات المتحدة الأمريكية. للحصول على بديل آ
CASE_0247,1000004,endpoint,9,8298052,0.6943,0.6943,0,ar,نورا (الاسم) لاستخدامات أخرى ، انظر نورا. نورا أو نورا هو الاسم الشخصي للمرأة الإيطالية والإنجليزية والأيرلندية والألبانية والاسكندنافية والبلطيقية. ينشأ بشكل أساسي كشكل قصير من Honora (أيضًا Honoria) ، وهو اسم أنجلو نورمان شائع ، مشتق في النهاية من الكلمة اللاتينية Honor (بهذا المعنى).
CASE_0247,1000004,endpoint,10,5921505,0.6917,0.6917,0,ar,اسم نورا من أصل أيرلندي. معنى كلمة نورا شريفة. تستخدم نورا بشكل عام كاسم فتاة. يتكون من 5 أحرف ومقطعين لفظي وينطق نو راه.
CASE_0247,1000004,mixed,1,5951085,0.689,0.689,0,ar,نورا هو اسم من أصول إنجليزية ومشتق من الأسماء Honora و Eleanora. معنى اسم نورا شرف. الاختلاف الأكثر شيوعًا لاسم نورا هو نورا. تشمل الألقاب Nor و Nory و No-No و Rah.
CASE_0247,1000004,mixed,2,7264265,0.6882,0.6882,0,ar,نورا ، نورا ، نورا ، نورما نورا أو نورا هو اسم شخصي إيطالي ، إنجليزي ، أيرلندي ، ألباني ، إسكندنافي ، عربي ، وبلطيقي. ينشأ بشكل أساسي كشكل قصير من Honora (أيضًا Honoria) ، وهو اسم أنجلو نورمان شائع ، مشتق في النهاية من الكلمة اللاتينية Honor (بهذا المعنى). في المجر ، نشأ اسم Nóra كشكل قصير من Eleonó
CASE_0247,1000004,mixed,3,5951082,0.6867,0.6867,0,ar,نورا هو اسم من أصول إنجليزية ومشتق من الأسماء Honora و Eleanora. معنى اسم نورا شرف. الاختلاف الأكثر شيوعًا لاسم نورا هو نورا. تشمل الألقاب Nor و Nory و No-No و Rah. احتلت نورا المرتبة 186 في عام 2013 وفقًا لإدارة الضمان الاجتماعي.
CASE_0247,1000004,mixed,4,7264267,0.6796,0.6796,0,ar,اسم نورا من أصل أيرلندي. معنى كلمة نورا مشرفة. تستخدم نورا بشكل عام كاسم فتاة. يتكون من 4 أحرف ومقطعين ويتم نطقه No-ra.
CASE_0247,1000004,mixed,5,5951087,0.6795,0.6795,0,ar,ملاحظات: Norah هو اسم من أصول إنجليزية ومشتق من الاسمين Honora و Eleanora. معنى اسم نورا شرف. الاختلاف الأكثر شيوعًا لاسم نورا هو نورا. تشمل الألقاب Nor و Nory و No-No و Rah.
CASE_0247,1000004,mixed,6,4537048,0.678,0.678,0,ar,نورا ... معنى اسم نورا هو الشرف. أصل اسم نورا إنجليزي. هذه هي الثقافة التي نشأ فيها الاسم ، أو اللغة في حالة الكلمة. كان اسم نورا في الأصل ضئيلًا من الأسماء Honora و Eleanora. الاختلاف الأكثر شيوعًا لاسم نورا هو نورا.
CASE_0247,1000004,mixed,7,5921505,0.6736,0.6736,0,ar,اسم نورا من أصل أيرلندي. معنى كلمة نورا شريفة. تستخدم نورا بشكل عام كاسم فتاة. يتكون من 5 أحرف ومقطعين لفظي وينطق نو راه.
CASE_0247,1000004,mixed,8,8298052,0.6713,0.6713,0,ar,نورا (الاسم) لاستخدامات أخرى ، انظر نورا. نورا أو نورا هو الاسم الشخصي للمرأة الإيطالية والإنجليزية والأيرلندية والألبانية والاسكندنافية والبلطيقية. ينشأ بشكل أساسي كشكل قصير من Honora (أيضًا Honoria) ، وهو اسم أنجلو نورمان شائع ، مشتق في النهاية من الكلمة اللاتينية Honor (بهذا المعنى).
CASE_0247,1000004,mixed,9,4537042,0.6713,0.6713,0,ar,الاستعمال: نورا ، من أصل عبري ، هو الاسم الأول المشهور للغاية. غالبًا ما يستخدم كاسم فتاة (أنثى). الأشخاص الذين يحملون اسم نورا هم بشكل عام من أرمينيا وبلجيكا وفرنسا وألمانيا واليونان والمجر وأيرلندا وإيطاليا ولوكسمبورغ وهولندا وإسبانيا والمملكة المتحدة والولايات المتحدة الأمريكية. للحصول على بديل آ
CASE_0247,1000004,mixed,10,5951083,0.6705,0.6705,0,ar,نورا هو اسم من أصول إنجليزية ومشتق من الأسماء Honora و Eleanora. معنى اسم نورا شرف. الاختلاف الأكثر شيوعًا لاسم نورا هو نورا.
CASE_0247,1000006,endpoint,1,1859816,0.683,0.683,0,ar,خام الحديد هو المصدر الرئيسي للحديد في صناعات الحديد والصلب في العالم وهو أرخص المعادن وأكثرها استخدامًا. كان أول استخدام معروف لخام الحديد من الولايات المتحدة عندما تم شحن عدة براميل خام من فيرجينيا وماريلاند إلى إنجلترا للاختبار في عام 1608.
CASE_0247,1000006,endpoint,2,8398783,0.6776,0.6776,0,ar,خام الحديد هو المادة الخام المستخدمة في صناعة الحديد الخام ، وهو أحد المواد الخام الرئيسية في صناعة الصلب ، ويستخدم 98٪ من خام الحديد المستخرج في صناعة الصلب. في الواقع ، قيل إن خام الحديد جزء لا يتجزأ من الاقتصاد العالمي أكثر من أي سلعة أخرى ، ربما باستثناء النفط ، حاليًا يتم استخراج خام الحديد الم
CASE_0247,1000006,endpoint,3,3368646,0.6689,0.6689,0,ar,يتكون خام الحديد من الصخور والمعادن التي يمكن استخراج الحديد منها. غالبًا ما يوجد الخام في شكل الهيماتيت والمغنتيت ، على الرغم من أن أنواع الجيوثايت والليمونيت والسيدريت شائعة أيضًا. يستخدم ما يقرب من 98 في المائة من خام الحديد المنتج في العالم في صناعة الصلب. الهيماتيت. خام الهيماتيت له الصيغة الكي
CASE_0247,1000006,endpoint,4,7936840,0.6566,0.6566,0,ar,يتكون خام الحديد من الصخور والمعادن التي يمكن استخراج الحديد منها. غالبًا ما يوجد الخام في شكل الهيماتيت والمغنتيت ، على الرغم من أن أنواع الجيوثايت والليمونايت والسيدريت شائعة أيضًا ، ويستخدم ما يقرب من 98 في المائة من خام الحديد المنتج في العالم في صناعة الصلب. خام الهيماتيت له الصيغة الكيميائية F
CASE_0247,1000006,endpoint,5,1892941,0.6476,0.6476,0,ar,يمثل أكبر عشرة منتجين لخام الحديد أكثر من 90٪ من إجمالي إنتاج خام الحديد في العالم. يقدم موقع Mining-technology.com لمحة عن أكبر عشر دول منتجة لخام الحديد بناءً على أحدث بيانات الإنتاج والاحتياطي.
CASE_0247,1000006,endpoint,6,6448659,0.6476,0.6476,0,ar,انقر هنا لملف PDF للحصول على ورقة عمل قابلة للطباعة. يمكن العثور على خام الحديد في جميع أنحاء العالم ، على شكل صخور ومعادن أخرى. لكي تكون مجدية اقتصاديًا للتعدين ، يجب أن يحتوي خام الحديد على 20٪ على الأقل من الحديد. يحتوي خام المغنتيت على أعلى نسبة من الحديد بنسبة 65٪. يحتوي خام الهيماتيت أيضًا على
CASE_0247,1000006,endpoint,7,4575852,0.6471,0.6471,0,ar,الإشتراك. خام الحديد هو مادة معدنية تنتج الحديد المعدني (Fe) عند تسخينها في وجود مادة اختزال. يتكون دائمًا تقريبًا من أكاسيد الحديد ، وأشكالها الأساسية هي المغنتيت (الحديد خام الحديد هو مصدر الحديد الأساسي لصناعات الحديد والصلب في العالم.
CASE_0247,1000006,endpoint,8,811524,0.6452,0.6452,0,ar,يمكن العثور على خام الحديد في جميع أنحاء العالم ، على شكل صخور ومعادن أخرى. لكي تكون مجدية اقتصاديًا للتعدين ، يجب أن يحتوي خام الحديد على 20٪ على الأقل من الحديد. خام المغنتيت àيحتوي على أعلى نسبة من الحديد ، بنسبة 65 ٪. يحتوي خام الهيماتيت أيضًا على نسبة عالية من الحديد بنسبة 60 ٪.
CASE_0247,1000006,endpoint,9,4575850,0.6432,0.6432,0,ar,خام الحديد هو مادة معدنية تنتج الحديد المعدني (Fe) عند تسخينها في وجود مادة اختزال. يتكون دائمًا تقريبًا من أكاسيد الحديد ، وأشكالها الأساسية هي المغنتيت (الحديد خام الحديد هو مصدر الحديد الأساسي لصناعات الحديد والصلب في العالم.
CASE_0247,1000006,endpoint,10,7264254,0.643,0.643,0,ar,في الماضي ، كانت الهند رائدة على مستوى العالم ، لكنها الآن رابع أكبر منتج. 95 ٪ من خام الحديد في البلاد يأتي من أوريسا وتشهاتيسجاره وجارخاند وماديا براديش وغوا وكارناتاكا. توجد أكبر الودائع في البلاد في ولاية أوريسا.
CASE_0247,1000006,mixed,1,7264254,0.6391,0.6391,0,ar,في الماضي ، كانت الهند رائدة على مستوى العالم ، لكنها الآن رابع أكبر منتج. 95 ٪ من خام الحديد في البلاد يأتي من أوريسا وتشهاتيسجاره وجارخاند وماديا براديش وغوا وكارناتاكا. توجد أكبر الودائع في البلاد في ولاية أوريسا.
CASE_0247,1000006,mixed,2,1859816,0.6342,0.6342,0,ar,خام الحديد هو المصدر الرئيسي للحديد في صناعات الحديد والصلب في العالم وهو أرخص المعادن وأكثرها استخدامًا. كان أول استخدام معروف لخام الحديد من الولايات المتحدة عندما تم شحن عدة براميل خام من فيرجينيا وماريلاند إلى إنجلترا للاختبار في عام 1608.
CASE_0247,1000006,mixed,3,2298308,0.6262,0.6262,0,ar,تحدث معظم موارد خام الحديد المهمة في العالم في الصخور الرسوبية الغنية بالحديد والمعروفة باسم تكوينات الحديد النطاقات (BIFs) والتي تعود إلى عصر ما قبل الكمبري (أي أكبر من 600 مليون سنة). تحدث BIFs في جميع القارات.الموارد الأسترالية. على الرغم من وجود موارد خام الحديد في جميع الولايات والأقاليم الأستر
CASE_0247,1000006,mixed,4,3368646,0.6149,0.6149,0,ar,يتكون خام الحديد من الصخور والمعادن التي يمكن استخراج الحديد منها. غالبًا ما يوجد الخام في شكل الهيماتيت والمغنتيت ، على الرغم من أن أنواع الجيوثايت والليمونيت والسيدريت شائعة أيضًا. يستخدم ما يقرب من 98 في المائة من خام الحديد المنتج في العالم في صناعة الصلب. الهيماتيت. خام الهيماتيت له الصيغة الكي
CASE_0247,1000006,mixed,5,8398783,0.6146,0.6146,0,ar,خام الحديد هو المادة الخام المستخدمة في صناعة الحديد الخام ، وهو أحد المواد الخام الرئيسية في صناعة الصلب ، ويستخدم 98٪ من خام الحديد المستخرج في صناعة الصلب. في الواقع ، قيل إن خام الحديد جزء لا يتجزأ من الاقتصاد العالمي أكثر من أي سلعة أخرى ، ربما باستثناء النفط ، حاليًا يتم استخراج خام الحديد الم
CASE_0247,1000006,mixed,6,1503871,0.614,0.614,0,ar,كما هو الحال مع معظم المعادن الأخرى ، يُستخرج الحديد من تحت سطح الأرض. ما يقرب من 10٪ من القشرة الأرضية مكونة من الحديد مما يجعلها واحدة من أكثر العناصر وفرة. يأتي الحديد من خام الحديد وهو مزيج من عنصر الحديد والمعادن الأخرى والصخور ، ثم يتم تكرير هذا الخام لاستخراج الحديد النقي. يتم ذلك من خلال عمل
CASE_0247,1000006,mixed,7,6042881,0.613,0.613,0,ar,من أين تأتي المعادن؟ تأتي معظم المعادن النقية ، مثل الألومنيوم والفضة والنحاس ، من قشرة الأرض. توجد في خامات مواد صلبة تسمى المعادن ، تحدث عادة في الصخور ، والتي يجب استخراج المعدن النقي منها. يمكن تحسين خصائص المعادن النقية عن طريق مزجها مع معادن أخرى لصنع السبائك.
CASE_0247,1000006,mixed,8,1892932,0.6092,0.6092,0,ar,تأتي أستراليا كثاني أكبر منتج لخام الحديد ولديها أكبر رواسب في العالم. يوجد المعدن بشكل رئيسي في غرب أستراليا في مناطق بيلبارا ، والتي تمثل 95 ٪ من خام الحديد في أستراليا. تشكل المنطقة ثلاثة من أكبر 11 عملية تعدين في العالم.
CASE_0247,1000006,mixed,9,1985234,0.6084,0.6084,0,ar,يعتبر تعدين خام الحديد من أهم الصناعات في العالم ، حيث يرتبط استخدامه بمجموعة متنوعة من التجارة المختلفة من خلال صناعة الصلب. تتم غالبية عمليات التعدين في الصين وأستراليا والبرازيل ، ولكن يمكن العثور عليها في كل قارة تقريبًا.
CASE_0247,1000006,mixed,10,811524,0.6067,0.6067,0,ar,يمكن العثور على خام الحديد في جميع أنحاء العالم ، على شكل صخور ومعادن أخرى. لكي تكون مجدية اقتصاديًا للتعدين ، يجب أن يحتوي خام الحديد على 20٪ على الأقل من الحديد. خام المغنتيت àيحتوي على أعلى نسبة من الحديد ، بنسبة 65 ٪. يحتوي خام الهيماتيت أيضًا على نسبة عالية من الحديد بنسبة 60 ٪.
CASE_0247,1000459,endpoint,1,2648041,0.6836,0.6836,0,ar,عنكبوت الارملة السوداء. عناكب الأرملة السوداء (أنواع Latrodectus) هي عناكب خجولة وغير عدوانية شائعة في شرق واشنطن. توجد مجموعات قليلة من الأرامل السود في غرب واشنطن. الأرامل السود البالغات لديهن سم خطير ، لكن غالبًا ما يحاولن الهروب بدلاً من العض.
CASE_0247,1000459,endpoint,2,2648038,0.6786,0.6786,0,ar,تعيش عناكب الأرملة السوداء في أماكن دافئة في جميع أنحاء العالم. إنهم يحبون بناء شبكاتهم في أماكن آمنة تحت شيء مثل الصندوق المقلوب الموجود على الأرض. غالبًا ما توجد تحت مقاعد المراحيض الخارجية.
CASE_0247,1000459,endpoint,3,5399273,0.6736,0.6736,0,ar,أفضل إجابة: لقد وجدت أراملًا سودًا في ساوث داكوتا ، وايومنغ ، تكساس ، جورجيا ، تقريبًا في كل مكان عشت فيه. هذا هو عنوان URL لعناكب الأرملة السوداء في ويكيبيديا: http://en.wikipedia.org/wiki/Black_widow .. يذكر أنها موجودة في ولاية نيويورك! مع ارتفاع درجة حرارة المناخ ، قد تتنوع مناطق الأرامل السود ت
CASE_0247,1000459,endpoint,4,7603169,0.6734,0.6734,0,ar,عنكبوت الأرملة السوداء. تنتشر أنواع عديدة من عناكب الأرملة السوداء في أمريكا الشمالية ، ولكن في غرب الولايات المتحدة ، النوع الوحيد هو الأرملة السوداء الغربية ، Latrodectus hesperus. يتراوح موطنها من كولومبيا البريطانية إلى المكسيك وعبر جبال روكي إلى الأجزاء الغربية من السهول الكبرى.
CASE_0247,1000459,endpoint,5,5399272,0.6672,0.6672,0,ar,بلغ عن سوء معاملة. الأرامل السوداء هي في المقام الأول الأرملة السوداء الجنوبية التي توجد في (وهي من السكان الأصليين) جنوب شرق الولايات المتحدة ، بدءًا من فلوريدا إلى نيويورك ، وغربًا إلى تكساس وأوكلاهوما وأريزونا ، حيث تتفشى بشكل خاص. إجابة: لقد وجدت الأرامل السود في ساوث داكوتا ، وايومنغ ، تكساس ،
CASE_0247,1000459,endpoint,6,2648045,0.6648,0.6648,0,ar,تم التصويت على الثقة 20. تعيش عناكب الأرملة السوداء في الغالب في نيو إنجلاند ، وقد شوهد بعضها في ولايات أخرى مجاورة. لدغات عنكبوت الأرملة السوداء ليست شائعة جدًا ، وإذا تعرضت للدغة ، فستعرف ، لأن الألم مؤلم.
CASE_0247,1000459,endpoint,7,5399275,0.6532,0.6532,0,ar,هذه هي العناكب التي لا تريد أن تجدها في منزلك! عنكبوت الارملة السوداء. تنتشر عناكب الأرملة السوداء بشكل أكثر شيوعًا في المناطق الجنوبية والغربية من الولايات المتحدة. في الواقع ، غالبًا ما توجد في جميع أنحاء أمريكا الشمالية. يمكن التعرف عليها من خلال نمط اللون الأحمر على الجانب السفلي من بطنها. تعد ع
CASE_0247,1000459,endpoint,8,5399270,0.6518,0.6518,0,ar,عفوًا ، اعتقدت أنك كنت تسأل أين يمكن العثور على عناكب الأرملة السوداء ، وليس في أي ولاية - ومع ذلك ، بما أنني هنا - أعتقد أنه يمكن العثور عليها في أي من الولايات المتحدة ، ولا سيما الساحل الشرقي ، أعلى وأسفل المنطقة بأكملها ، أنا في AL وهم في كل مكان هنا. الإجابة: لقد وجدت أرامل سود في ساوث داكوتا ،
CASE_0247,1000459,endpoint,9,7651470,0.6502,0.6502,0,ar,الأرامل السوداء. الصور مقدمة من جامعة ولاية أوهايو وجامعة ميسوري. توجد عناكب الأرملة السوداء في جميع أنحاء أمريكا الشمالية ، ولكنها أكثر شيوعًا في المناطق الجنوبية والغربية من الولايات المتحدة. يتم التعرف عليهم من خلال نمط اللون الأحمر على الجانب السفلي من البطن.
CASE_0247,1000459,endpoint,10,7603166,0.6471,0.6471,0,ar,لكن العنكبوت البني (Loxosceles reclusa) يحدث تقريبًا في الربع الجنوبي الشرقي من البلاد ، وهو الأكثر شيوعًا وانتشارًا بين العناكب البنية. تنتشر ثلاثة أنواع من عناكب الأرملة السوداء في الولايات المتحدة. تعيش الأرملة السوداء (Latrodectus mactans) في النصف الجنوبي من البلاد.
CASE_0247,1000459,mixed,1,5399273,0.6638,0.6638,0,ar,أفضل إجابة: لقد وجدت أراملًا سودًا في ساوث داكوتا ، وايومنغ ، تكساس ، جورجيا ، تقريبًا في كل مكان عشت فيه. هذا هو عنوان URL لعناكب الأرملة السوداء في ويكيبيديا: http://en.wikipedia.org/wiki/Black_widow .. يذكر أنها موجودة في ولاية نيويورك! مع ارتفاع درجة حرارة المناخ ، قد تتنوع مناطق الأرامل السود ت
CASE_0247,1000459,mixed,2,5399272,0.6493,0.6493,0,ar,بلغ عن سوء معاملة. الأرامل السوداء هي في المقام الأول الأرملة السوداء الجنوبية التي توجد في (وهي من السكان الأصليين) جنوب شرق الولايات المتحدة ، بدءًا من فلوريدا إلى نيويورك ، وغربًا إلى تكساس وأوكلاهوما وأريزونا ، حيث تتفشى بشكل خاص. إجابة: لقد وجدت الأرامل السود في ساوث داكوتا ، وايومنغ ، تكساس ،
CASE_0247,1000459,mixed,3,1000742,0.6479,0.6479,0,ar,5 Black Widow Spider (Latrodectus mactans) الأرملة السوداء مسؤولة عن أكثر من 2500 زيارة لمراكز مكافحة السموم كل عام في الولايات المتحدة وهي أحد الأنواع التي يمكن العثور عليها من الولايات المتحدة وأجزاء من كندا عبر أمريكا اللاتينية وجزر الهند الغربية.
CASE_0247,1000459,mixed,4,3143674,0.6455,0.6455,0,ar,يعود موطن الدببة السوداء الأمريكية إلى أمريكا الشمالية ويمكن العثور عليها في جميع أنحاء الولايات المتحدة وكندا وشمال المكسيك. نطاق المنزل هو المنطقة التي يسكنها الحيوان ، والتي تحتوي على إمدادات من الغذاء ومصدر للمياه والمأوى. يتجول ذكور الدببة السوداء عبر مسافات كبيرة ، وعادة ما تعيش داخل نطاق منزل
CASE_0247,1000459,mixed,5,2648041,0.6427,0.6427,0,ar,عنكبوت الارملة السوداء. عناكب الأرملة السوداء (أنواع Latrodectus) هي عناكب خجولة وغير عدوانية شائعة في شرق واشنطن. توجد مجموعات قليلة من الأرامل السود في غرب واشنطن. الأرامل السود البالغات لديهن سم خطير ، لكن غالبًا ما يحاولن الهروب بدلاً من العض.
CASE_0247,1000459,mixed,6,7603169,0.6409,0.6409,0,ar,عنكبوت الأرملة السوداء. تنتشر أنواع عديدة من عناكب الأرملة السوداء في أمريكا الشمالية ، ولكن في غرب الولايات المتحدة ، النوع الوحيد هو الأرملة السوداء الغربية ، Latrodectus hesperus. يتراوح موطنها من كولومبيا البريطانية إلى المكسيك وعبر جبال روكي إلى الأجزاء الغربية من السهول الكبرى.
CASE_0247,1000459,mixed,7,2648038,0.6378,0.6378,0,ar,تعيش عناكب الأرملة السوداء في أماكن دافئة في جميع أنحاء العالم. إنهم يحبون بناء شبكاتهم في أماكن آمنة تحت شيء مثل الصندوق المقلوب الموجود على الأرض. غالبًا ما توجد تحت مقاعد المراحيض الخارجية.
CASE_0247,1000459,mixed,8,5209458,0.6375,0.6375,0,ar,تعيش عناكب المتشرد في شمال الولايات المتحدة وكذلك كندا. يمكن العثور عليها في أي مكان في واشنطن وأوريغون وأيداهو ومونتانا ووايومنغ ويوتا وكولورادو وجنوب كولومبيا البريطانية. نشعر أنه من المحتمل أن هناك هوبوس في شمال كاليفورنيا ، وتظهر المناطق الحمراء في الخرائط مناطق بها Hobo Spiders . تعيش عناكب الن
CASE_0247,1000459,mixed,9,2648045,0.6357,0.6357,0,ar,تم التصويت على الثقة 20. تعيش عناكب الأرملة السوداء في الغالب في نيو إنجلاند ، وقد شوهد بعضها في ولايات أخرى مجاورة. لدغات عنكبوت الأرملة السوداء ليست شائعة جدًا ، وإذا تعرضت للدغة ، فستعرف ، لأن الألم مؤلم.
CASE_0247,1000459,mixed,10,2248880,0.6351,0.6351,0,ar,الدببة السوداء الأمريكية (Ursus americanus ، الشكل 1) هي الدببة الأكثر شيوعًا والأكثر انتشارًا في أمريكا الشمالية. في واشنطن ، تعيش الدببة السوداء في مجموعة متنوعة من الموائل الحرجية ، من الغابات المطيرة الساحلية إلى الغابات الجافة في المنحدرات الشرقية لكاسكاديس.
CASE_0247,1000574,endpoint,1,7262868,0.5917,0.5917,1,ar,خوفًا من الانفصال عن عائلته ، فر هينسون مع زوجته وأطفاله شمالًا في صيف عام 1830. بعد المرور عبر أوهايو ونيويورك ، استقروا في دريسدن ، أونتاريو ، كندا. أصبح هينسون واعظًا وزعيمًا في المجتمع الأفرو-كندي ، وسافر مرة أخرى إلى الولايات المتحدة لمساعدة العبيد الآخرين على الهروب. خدم هينسون أيضًا كقائد للم
CASE_0247,1000574,endpoint,2,7262863,0.557,0.557,0,ar,جوشيا هينسون طور مجتمعه الكندي من أصل أفريقي. لذلك يمكن للسود الحصول على مكان آمن يذهبون إليه. ساعد السكك الحديدية تحت الأرض في قيادة أكثر من 200 عبد إلى الحرية. ماري جوزيف أنجيليك قصتها هي رمز للمقاومة والحرية للسود. كانت رمزًا لمقاومة السود.
CASE_0247,1000574,endpoint,3,7262862,0.5504,0.5504,0,ar,تعرف على الوزير جوشيا هينسون الذي قاد العبيد إلى الحرية عبر مترو الأنفاق وطور مجتمعه الأفرو-كندي على Biography.com. أصبح العبد والوزير الهارب يوشيا هينسون متورطًا في مترو الأنفاق للسكك الحديدية ، وقاد العبيد إلى الحرية وطور مجتمعه الأفرو-كندي. الملخص ولد يوشيا هينسون في العبودية في 15 يونيو 1789 في
CASE_0247,1000574,endpoint,4,502012,0.5195,0.5195,0,ar,منذ النقل القسري للسكان الهنود الأمريكيين إلى محميات في الغرب الأمريكي خلال ثلاثينيات القرن التاسع عشر ، كان معظم أحفاد ماهيكان موجودون في مقاطعة شاوانو ، ويسكونسن ، حيث شكلوا بعد عقود في نهاية المطاف مجتمع ستوكبريدج - مونسي المعترف به فيدراليًا مع أعضاء مسجلين في لينيب. الناس ولديهم ...
CASE_0247,1000574,endpoint,5,7881038,0.5026,0.5026,0,ar,تاريخنا نمت الفكرة التي أصبحت موطنًا للإنسانية في البداية من التربة الخصبة لمزرعة كوينونيا ، وهي مزرعة مجتمعية خارج أميريكوس ، جورجيا ، أسسها المزارع والعالم الكتابي كلارنس جوردان. في المزرعة ، طور الأردن ومؤسسا Habitatà، ميلارد وليندا فولر ، مفهوم الإسكان المشترك '¬Ã'
CASE_0247,1000574,endpoint,6,2325175,0.5017,0.5017,0,ar,تشمل المجتمعات القريبة سان جاسينتو (إلى الشمال) ، وينشستر (إلى الغرب) ، ومركز الجبل (إلى الشرق). تأسست في عام 1887 على أرض كان يسكنها أفراد قبيلة Cahuilla الهندية ، وتم دمجها كمدينة في عام 1910. في ذلك الوقت ، كان عدد سكان المدينة أقل من 1000 نسمة ولكن تلا ذلك النمو مع تطور هيميت إلى مركز تجاري رئيس
CASE_0247,1000574,endpoint,7,7262866,0.4997,0.4997,0,ar,يوشيا هينسون وزوجته نانسي تظهر هذه الصورة ليوشيا هينسون وزوجته نانسي على موقع متحف كندا الافتراضي. من منتصف الليل إلى الفجر: المسارات الأخيرة للسكك الحديدية تحت الأرض انظر الصفحة 21 للحصول على وصف لهروب يوشيا هينسون من العبودية في الولايات المتحدة وتأسيسه لمستوطنة تسمى Dawn في جنوب غرب أونتاريو. يفح
CASE_0247,1000574,endpoint,8,7262867,0.4996,0.4996,0,ar,وُلد يوشيا هينسون (1789-1883) في العبودية في مقاطعة تشارلز بولاية ماريلاند في مزرعة يملكها فرانسيس نيومان. عندما كان طفلاً ، تم بيعه إلى إسحاق رايلي ، الذي عيّنه لاحقًا مشرفًا على المزرعة في سن مبكرة بشكل غير عادي بسبب قوة هينسون وذكائه.
CASE_0247,1000574,endpoint,9,7881040,0.4988,0.4988,0,ar,تاريخنا . نشأت الفكرة التي أصبحت موطنًا للإنسانية في البداية من التربة الخصبة لمزرعة كوينونيا ، وهي مزرعة مجتمعية خارج أميريكوس ، جورجيا ، أسسها المزارع والعالم التوراتي كلارنس جوردان. في المزرعة ، طور الأردن ومؤسسا Habitatà، ميلارد وليندا فولر ، مفهوم الإسكان المشترك '¬Ã'
CASE_0247,1000574,endpoint,10,8533992,0.4985,0.4985,0,ar,أسس أحد أعضاء الشعب الجرماني الذي هاجر إلى إنجلترا من جنوب جوتلاند في القرن الخامس الميلادي ممالك نورثمبريا وإيست أنجليا وميرسيا ، وشكلوا مع الجوت والساكسون الشعوب الأنجلو ساكسونية. [من اللاتينية الإنجليزية ، الزوايا ، من أصل جرماني.]
CASE_0247,1000574,mixed,1,7262868,0.605,0.605,1,ar,خوفًا من الانفصال عن عائلته ، فر هينسون مع زوجته وأطفاله شمالًا في صيف عام 1830. بعد المرور عبر أوهايو ونيويورك ، استقروا في دريسدن ، أونتاريو ، كندا. أصبح هينسون واعظًا وزعيمًا في المجتمع الأفرو-كندي ، وسافر مرة أخرى إلى الولايات المتحدة لمساعدة العبيد الآخرين على الهروب. خدم هينسون أيضًا كقائد للم
CASE_0247,1000574,mixed,2,7262863,0.5822,0.5822,0,ar,جوشيا هينسون طور مجتمعه الكندي من أصل أفريقي. لذلك يمكن للسود الحصول على مكان آمن يذهبون إليه. ساعد السكك الحديدية تحت الأرض في قيادة أكثر من 200 عبد إلى الحرية. ماري جوزيف أنجيليك قصتها هي رمز للمقاومة والحرية للسود. كانت رمزًا لمقاومة السود.
CASE_0247,1000574,mixed,3,7262862,0.5518,0.5518,0,ar,تعرف على الوزير جوشيا هينسون الذي قاد العبيد إلى الحرية عبر مترو الأنفاق وطور مجتمعه الأفرو-كندي على Biography.com. أصبح العبد والوزير الهارب يوشيا هينسون متورطًا في مترو الأنفاق للسكك الحديدية ، وقاد العبيد إلى الحرية وطور مجتمعه الأفرو-كندي. الملخص ولد يوشيا هينسون في العبودية في 15 يونيو 1789 في
CASE_0247,1000574,mixed,4,502012,0.5252,0.5252,0,ar,منذ النقل القسري للسكان الهنود الأمريكيين إلى محميات في الغرب الأمريكي خلال ثلاثينيات القرن التاسع عشر ، كان معظم أحفاد ماهيكان موجودون في مقاطعة شاوانو ، ويسكونسن ، حيث شكلوا بعد عقود في نهاية المطاف مجتمع ستوكبريدج - مونسي المعترف به فيدراليًا مع أعضاء مسجلين في لينيب. الناس ولديهم ...
CASE_0247,1000574,mixed,5,7881038,0.5203,0.5203,0,ar,تاريخنا نمت الفكرة التي أصبحت موطنًا للإنسانية في البداية من التربة الخصبة لمزرعة كوينونيا ، وهي مزرعة مجتمعية خارج أميريكوس ، جورجيا ، أسسها المزارع والعالم الكتابي كلارنس جوردان. في المزرعة ، طور الأردن ومؤسسا Habitatà، ميلارد وليندا فولر ، مفهوم الإسكان المشترك '¬Ã'
CASE_0247,1000574,mixed,6,7881044,0.518,0.518,0,ar,نشأ المفهوم الذي نشأ في Habitat for Humanity International في مزرعة كوينونيا ، وهي مجتمع مسيحي صغير متعدد الأعراق خارج أميريكوس ، جورجيا. تأسست مزرعة كوينونيا في عام 1942 من قبل المزارع والعالم التوراتي كلارنس جوردان. زار The Fullers كوينونيا لأول مرة في عام 1965.
CASE_0247,1000574,mixed,7,7881040,0.5174,0.5174,0,ar,تاريخنا . نشأت الفكرة التي أصبحت موطنًا للإنسانية في البداية من التربة الخصبة لمزرعة كوينونيا ، وهي مزرعة مجتمعية خارج أميريكوس ، جورجيا ، أسسها المزارع والعالم التوراتي كلارنس جوردان. في المزرعة ، طور الأردن ومؤسسا Habitatà، ميلارد وليندا فولر ، مفهوم الإسكان المشترك '¬Ã'
CASE_0247,1000574,mixed,8,2592688,0.5136,0.5136,0,ar,Horsefly ، المعروف سابقًا باسم Harper's Camp ، هو مجتمع غير مدمج في منطقة Cariboo في كولومبيا البريطانية ، كندا. تقع بين جبال كاريبو وبحيرة كويسنيل ، وفي عام 1887 ، شهدت المنطقة طفرة ثانية عندما بنى ثاديوس هاربر أول مناجم هيدروليكية وشغلها ، وأصبحت المدينة تُعرف باسم معسكر هاربر. كان أحد هذه المناجم
CASE_0247,1000574,mixed,9,7262870,0.5099,0.5099,0,ar,أسس المعهد البريطاني الأمريكي في عام 1842 ، وهو مجتمع من أصل أفريقي كندي ومدرسة صناعية تهدف إلى أن تكون ملجأ للعبيد الهاربين. قام هينسون بعدة رحلات إلى إنجلترا ، حيث استقبله المجتمع الراقي ، وتزوج من أرملة بوسطن بعد وفاة زوجته الأولى. توفي هينسون في دريسدن ، أونتاريو ، عام 1883.
CASE_0247,1000574,mixed,10,5000758,0.5096,0.5096,0,ar,بدأ المجتمع في البداية كمعسكر راحة في سلاح الجو خلال الحرب العالمية الثانية على شواطئ بحيرة هافاسو. في عام 1958 ، اشترى روبرت ب.
CASE_0247,1000678,endpoint,1,5521834,0.5982,0.5982,0,ar,اكتشف الكابتن جيمس كوك من البحرية البريطانية هاواي في 18 يناير 1778 خلال موسم هاواي الذي سيأتي فيه الإله لونو. وعندما الكابتن. جاء الطباخ ، فقد ظن العياديون أنه كان وحيدًا أحد الآلهة.
CASE_0247,1000678,endpoint,2,4011355,0.5748,0.5748,0,ar,يعتقد معظم علماء الأنثروبولوجيا أن الطهي تم اكتشافه منذ ما بين 250000 و 300000 عام ، على الأرجح عن طريق الصدفة. لكونهم زبالين في الغالب ، كانوا يصادفون نباتات وحيوانات مفردة بالقرب من مواقع الحرائق البرية السابقة ويأكلونها.
CASE_0247,1000678,endpoint,3,4496677,0.5618,0.5618,0,ar,نشأ في الجليل ، حيث شاهد يسوع عندما كان صبيًا يستخدم غدائه في إطعام 5000. أُجبر على الهجرة إلى روما لأن الرومان أحبوا خبزه كثيرًا. قام هو وزوجته هيلينا برعاية أربعة أطفال انفصلوا عن والديهم في حريق 18 يوليو ، 64 م.
CASE_0247,1000678,endpoint,4,7007346,0.5579,0.5579,0,ar,خمسة طهاة من جورجيا يطبخون في مطعم جيمس بيرد هاوس. نُشر في: 7 أكتوبر 2015. في عالم الطهي ، يشبه الطهي في The James Beard House في مدينة نيويورك الغناء في دار الأوبرا متروبوليتان أو العزف على آلة موسيقية في قاعة كارنيجي. باختصار ، itàsà(المزيد). 1 Unicoi Preserves Sweep مهرجان Jekyll Island Shrimp &
CASE_0247,1000678,endpoint,5,2311210,0.5564,0.5564,0,ar,إذن ما حدث هو أن البشر الأوائل اكتشفوا الطبخ. إذا كنت تعتقد أن الكاتب البريطاني تشارلز لامب ، فإن البشر الذين يأكلون اللحوم النيئة كانوا يحتفظون بالخنازير في منازلهم حتى يوم واحد أحرق منزل ، وخنزير بداخله ، واكتشفنا لحم خنزير مشوي.
CASE_0247,1000678,endpoint,6,4505990,0.5531,0.5531,0,ar,بدأ الشيف بول ، باعتباره واحدًا من 13 طفلاً ، حبه للطهي في مطبخ والدته في منطقة كاجون بجنوب لويزيانا. صقل مهاراته وصقل حرفته في مطبخ قصر القائد المشهور عالميًا قبل الانطلاق بمفرده.
CASE_0247,1000678,endpoint,7,2019527,0.5499,0.5499,0,ar,جيمس مارتن نت وورث: جيمس مارتن هو طاهٍ إنجليزي وشخصية تلفزيونية تبلغ قيمتها الصافية 5 ملايين دولار ، ولد جيمس مارتن عام 1972 في مالتون ، نورث ريدنج أوف يوركشاير ، إنجلترا ، ودرس في كلية سكاربورو التقنية قبل أن ينزل في العمل في الطبخ في بعض أفضل مطابخ فرنسا: بعد عودته إلى إنجلترا ، قام مارتن بالطهي ف
CASE_0247,1000678,endpoint,8,5977227,0.5455,0.5455,0,ar,كان مستوحى من سندويشات التاكو والبوريتو الشهيرة التي اكتشفها في منطقة Mission في سان فرانسيسكو أثناء عمله هناك لدى الشيف Jeremiah Tower ، وبعد الحصول على قرض بقيمة 85000 دولار من والدته ، افتتح أول Chipotle في متجر آيس كريم سابق بالقرب من الجامعة في حرم دنفر.
CASE_0247,1000678,endpoint,9,3950422,0.5406,0.5406,0,ar,الرجل الذي اكتشفها كان جيمس دبليو مارشال ، نجار بنى الطاحونة. لم يستغرق الأمر وقتًا طويلاً حتى انتشرت الأخبار ، وسرعان ما نزل آلاف الأشخاص إلى تلك المنطقة من كاليفورنيا ، على أمل أن يحالفهم الحظ أيضًا ويجدون الذهب. كان اندفاع الذهب مستمراً في أواخر عام 1848 واستمر حتى عام 1849.
CASE_0247,1000678,endpoint,10,8113527,0.5324,0.5324,0,ar,جوس فرايد تشيكن. في ممفيس ، يعتبر طعام الروح عميقاً في التقاليد مثل موسيقى البلوز. يتم تمرير الوصفات السرية مثل إرث رجل ميت. عندما سألنا جوس فاندربيلت من جوس فرايد تشيكن في ميسون ، تينيسي (حوالي 40 ميلاً خارج ممفيس) ، عن وصفته للدجاج المقلي ، أجاب ببساطة أنني لا أقول. هذه الوصفة ليست دقيقة ولكننا نع
CASE_0247,1000678,mixed,1,5521834,0.6244,0.6244,0,ar,اكتشف الكابتن جيمس كوك من البحرية البريطانية هاواي في 18 يناير 1778 خلال موسم هاواي الذي سيأتي فيه الإله لونو. وعندما الكابتن. جاء الطباخ ، فقد ظن العياديون أنه كان وحيدًا أحد الآلهة.
CASE_0247,1000678,mixed,2,576850,0.6228,0.6228,0,ar,جيمس كوك (1728-1779) اشتهر ب: اكتشاف جزر هاواي. قبطان إنجليزي طاف حول المحيط الأطلسي إلى المحيط الهادئ. أجرى اتصالات مع سكان جزر هاواي وأستراليا ونيوزيلندا وحول المحيط الهندي إلى المحيط الأطلسي. مات أثناء خدمته في التاج في هاواي.
CASE_0247,1000678,mixed,3,4075458,0.6097,0.6097,0,ar,المهنة: Explorer؛ ولد: 27 أكتوبر 1728 في مارتون ، إنجلترا ؛ مات: قُتل على يد السكان الأصليين في جزر هاواي في 14 فبراير 1779 ؛ أكثر ما يشتهر به: استكشاف جنوب المحيط الهادئ ؛ السيرة الذاتية: كان جيمس كوك ملاحًا ومستكشفًا بريطانيًا أبحر ورسم خرائط لمعظم جنوب المحيط الهادئ. أين نشأ الكابتن كوك؟ ولد جيمس
CASE_0247,1000678,mixed,4,4075461,0.5938,0.5938,0,ar,المهنة: مستكشف ، ملاح ، رسام خرائط ، كابتن البحرية الملكية جيمس كوك ولد في 7 نوفمبر 1728 في قرية مارتون في يوركشاير ، إنجلترا. كان لديه 7 أشقاء آخرين وكان جزءًا من عائلة تعمل بالزراعة. عندما أتت فرصة عمل لوالده ، انتقل كوك وعائلته إلى Great Ayton. بعد التحاقه بالمدرسة لمدة خمس سنوات دفع أجرها رئيس و
CASE_0247,1000678,mixed,5,6734961,0.5922,0.5922,0,ar,ولد جيمس كوك عام 1728 في مارتون بإنجلترا. كان والده عامل مزرعة اسكتلنديًا مهاجرًا سمح لجيمس بالتدرب على قوارب تحمل الفحم في سن الثامنة عشرة ، وأثناء عمله في بحر الشمال ، أمضى كوك وقت فراغه في تعلم الرياضيات والملاحة. أدى ذلك إلى تعيينه في منصب رفيق البحرية الملكية ، حيث قامت البحرية الملكية بترقية ج
CASE_0247,1000678,mixed,6,6734958,0.5886,0.5886,0,ar,"""لأن اهتماماتي بعيدة وواسعة. كان جيمس كوك قبطانًا بحريًا إنجليزيًا. خلافًا للرأي السائد ، لم يكتشف أستراليا ولا نيوزيلندا ، لكنه اشتهر لعدة أسباب: 1 في رحلته الأولى ، مغادرته في عام 1768 ، أمر """"إنديفور"""" في رحلة استكشافية لرسم خريطة عبور كوكب الزهرة. لا يبدو أن هناك أي سجل عن وجود حيوان أليف للكابت"
CASE_0247,1000678,mixed,7,4075463,0.5778,0.5778,0,ar,كابتن جيمس كوك عرض تقديمي باور بوينت PPT. طبخ الكابتن جيمس. المستكشف البريطاني. حياته. ولد جيمس كوك في 27 أكتوبر 1728 في مين كليفلاند في نورث ريدنج أوف يوركشاير. كان مسقط رأسه كوخًا من القش.
CASE_0247,1000678,mixed,8,4823212,0.5738,0.5738,0,ar,انطلق الكابتن جيمس كوك جنوبًا من إفريقيا واستدار بعد أن واجه كميات كبيرة من الجليد العائم (جاء على بعد 75 ميلًا من القارة القطبية الجنوبية). ثم أبحر إلى نيوزيلندا لفصل الشتاء وفي الصيف انتقل جنوبًا مرة أخرى متجاوزًا دائرة القطب الجنوبي (66.5 درجة جنوبًا).
CASE_0247,1000678,mixed,9,3579256,0.5735,0.5735,0,ar,في عام 1769 ، أبحر المستكشف البريطاني الأسطوري ، جيمس كوك ، في مياه نيوزيلندا ورسم خرائط لمعظم الخط الساحلي. بعد انتشار أخبار هذه الجزر البكر في المناطق البعيدة من العالم ، سرعان ما وصلت مجموعة قوية من التجار وصائدي الحيتان.
CASE_0247,1000678,mixed,10,8441717,0.5733,0.5733,0,ar,حتى قبل أن يستكشف الكابتن البريطاني جيمس كوك الساحل الشمالي الغربي لأمريكا الشمالية عن طريق البحر في عام 1778 ، كان المستكشفون يأملون في العثور على ممر إلى المحيط الهادئ عبر الممرات المائية للقارة الأمريكية.
CASE_0247,1000951,endpoint,1,7287454,0.6715,0.6715,0,ar,الجدول الزمني لتاريخ مقدونيا. تقع مقدونيا في وسط جنوب البلقان ، شمال هيلاس القديمة (اليونان) ، شرق إليريا ، وغرب تراقيا. اسم مقدونيا هو أقدم اسم موجود لبلد في قارة أوروبا.
CASE_0247,1000951,endpoint,2,7961624,0.6617,0.6617,0,ar,مقدونيا (mÃ⠀ žÃ'Æ'sÃ⠀ € ™ dÃ⠀ '´nÃ⠀ € € ™ €) ، المقدونية Makedonija ، رسميا جمهورية مقدونيا ، جمهورية (2005 تقديرات عدد السكان 2.045.000) ، 9،930 ميل مربع (25720 كيلومتر مربع) ، جنوب شرق أوروبا. تحدها صربيا وكوسوفو من الشمال وألبانيا من الغرب واليونان من الجنوب وبلغاريا من الشرق. العاصمة وأكبر مدينة
CASE_0247,1000951,endpoint,3,3375942,0.6548,0.6548,0,ar,الجدول الزمني لتاريخ مقدونيا. تقع مقدونيا في وسط جنوب البلقان ، شمال هيلاس القديمة (اليونان) ، شرق إليريا ، وغرب تراقيا. اسم مقدونيا هو الاسم الأقدم الباقي لبلد في قارة أوروبا. تقع مقدونيا في وسط جنوب البلقان ، شمال هيلاس القديمة (اليونان) ، شرق إليريا ، وغرب تراقيا. اسم مقدونيا هو أقدم اسم موجود لب
CASE_0247,1000951,endpoint,4,7961617,0.6527,0.6527,0,ar,الجدول الزمني لتاريخ مقدونيا. تقع مقدونيا في وسط جنوب البلقان ، شمال هيلاس القديمة (اليونان) ، شرق إليريا ، وغرب تراقيا ، اسم مقدونيا هو أقدم اسم موجود لدولة في قارة أوروبا. مقدونيا. تقع مقدونيا في وسط جنوب البلقان ، شمال هيلاس القديمة (اليونان) ، شرق إليريا ، وغرب تراقيا.
CASE_0247,1000951,endpoint,5,2756581,0.6524,0.6524,0,ar,جغرافيا جمهورية مقدونيا. جمهورية مقدونيا هي دولة تقع في جنوب شرق أوروبا بإحداثيات جغرافية 41à ° 50à²N 22Ã⠀ šÃ' ° 00à²EÂ¿ / ï» Ã'Â¿41.833Ã⠀ šÃ' ° شمالاً 22.000Ã⠀ šÃ' ° شرقًا »/ 41.833 ؛ 22.000 ، تحدها كوسوفو وصربيا من الشمال ، بلغاريا من الشرق ، اليونان من الجنوب وألبانيا من الغرب ، الدولة هي جزء من
CASE_0247,1000951,endpoint,6,7926668,0.6499,0.6499,0,ar,خريطة مقدونيا. تقع منطقة مقدونيا على الجانب الشمالي من البلاد. هذه هي أكبر محافظة في اليونان وكما ترون على خريطتنا لمقدونيا ، فهي تغطي كل الجزء الشمالي تقريبًا.
CASE_0247,1000951,endpoint,7,6671442,0.6457,0.6457,0,ar,هذه الصفحة تفاصيل رمز الهاتف مقدونيا. سيسمح لك رمز البلد المقدوني 389 بالاتصال بمقدونيا من دولة أخرى. يتم طلب رمز هاتف مقدونيا 389 بعد IDD. الاتصال الدولي بمقدونيا 389 متبوع برمز المنطقة. يوضح جدول رمز منطقة مقدونيا أدناه رموز مدينة مقدونيا المختلفة. يتم اتباع رموز البلدان في مقدونيا بواسطة رموز الم
CASE_0247,1000951,endpoint,8,3375943,0.6427,0.6427,0,ar,جمهورية مقدونيا ¨Ã⠀ ¹Ã'Ë doʊniÃ⠀ ° -mas-I-doh-nee ؛ €: MACEDONIAN ، à ¼Ã Ã' ° à ºÃ µÃ ´Ã ¾Ã ½Ã ¸Ã⠀ ˜Ã'˜Ã Ã' °. tr، [makedonija])، makÃ⠀ Ã'â € â € 'Ë † dÃ⠀ â € â € â € A € a رسميا جمهورية (مقدونيا: مقدونيا Ã⠀ ˜Ã'˜Ã' Â¿Ã⠀ ˜Ã'Æ'à ± à »Ãƒ ¸Ã ºÃ Ã' ° (à ¼Ã Ã' ° à ºÃ µÃ ´Ã ¾Ã ½Ã ¸Ã⠀ '˜Ã ° à مساعدة) ، معلو
CASE_0247,1000951,endpoint,9,3375937,0.6419,0.6419,0,ar,[makÃ⠀ Ã'â € â € dÃ⠀ â € nija]) ، رسميا جمهورية مقدونيا (المقدونية: Ã⠀ ˜Ã'€Ã â € ˜Ã'Æ'à ± à »Ãƒ ¸Ã ºÃ Ã' ° à ¼Ã Ã' ° à ºÃ µÃ ´Ã à '¾Ã ½Ã ° (helpÃ⠀ šÃ' المعلومات) ، tr. جمهورية مقدونيا) ، هي دولة تقع في وسط شبه جزيرة البلقان في جنوب شرق أوروبا. وهي إحدى الدول التي خلفت يوغوسلافيا السابقة ، والتي أعلن
CASE_0247,1000951,endpoint,10,6671447,0.6372,0.6372,0,ar,نأمل أن يساعدك دليل الهاتف الدولي المرجعي السريع لرموز الاتصال بالدول في العثور على رمز دولة مقدونيا وإجراء مكالمتك الدولية. لا تنسَ مشاركة دفتر هاتف مقدونيا الخاص بنا مع أصدقائك ووضع إشارة مرجعية عليه لمساعدتك في جميع مكالماتك الدولية المستقبلية! أو طرق الاتصال بمقدونيا: مقدونيا على ويكيبيديا عملة
CASE_0247,1000951,mixed,1,7961624,0.6612,0.6612,0,ar,مقدونيا (mÃ⠀ žÃ'Æ'sÃ⠀ € ™ dÃ⠀ '´nÃ⠀ € € ™ €) ، المقدونية Makedonija ، رسميا جمهورية مقدونيا ، جمهورية (2005 تقديرات عدد السكان 2.045.000) ، 9،930 ميل مربع (25720 كيلومتر مربع) ، جنوب شرق أوروبا. تحدها صربيا وكوسوفو من الشمال وألبانيا من الغرب واليونان من الجنوب وبلغاريا من الشرق. العاصمة وأكبر مدينة
CASE_0247,1000951,mixed,2,7287454,0.6598,0.6598,0,ar,الجدول الزمني لتاريخ مقدونيا. تقع مقدونيا في وسط جنوب البلقان ، شمال هيلاس القديمة (اليونان) ، شرق إليريا ، وغرب تراقيا. اسم مقدونيا هو أقدم اسم موجود لبلد في قارة أوروبا.
CASE_0247,1000951,mixed,3,2756581,0.6507,0.6507,0,ar,جغرافيا جمهورية مقدونيا. جمهورية مقدونيا هي دولة تقع في جنوب شرق أوروبا بإحداثيات جغرافية 41à ° 50à²N 22Ã⠀ šÃ' ° 00à²EÂ¿ / ï» Ã'Â¿41.833Ã⠀ šÃ' ° شمالاً 22.000Ã⠀ šÃ' ° شرقًا »/ 41.833 ؛ 22.000 ، تحدها كوسوفو وصربيا من الشمال ، بلغاريا من الشرق ، اليونان من الجنوب وألبانيا من الغرب ، الدولة هي جزء من
CASE_0247,1000951,mixed,4,3375942,0.6421,0.6421,0,ar,الجدول الزمني لتاريخ مقدونيا. تقع مقدونيا في وسط جنوب البلقان ، شمال هيلاس القديمة (اليونان) ، شرق إليريا ، وغرب تراقيا. اسم مقدونيا هو الاسم الأقدم الباقي لبلد في قارة أوروبا. تقع مقدونيا في وسط جنوب البلقان ، شمال هيلاس القديمة (اليونان) ، شرق إليريا ، وغرب تراقيا. اسم مقدونيا هو أقدم اسم موجود لب
CASE_0247,1000951,mixed,5,7926668,0.6412,0.6412,0,ar,خريطة مقدونيا. تقع منطقة مقدونيا على الجانب الشمالي من البلاد. هذه هي أكبر محافظة في اليونان وكما ترون على خريطتنا لمقدونيا ، فهي تغطي كل الجزء الشمالي تقريبًا.
CASE_0247,1000951,mixed,6,7961617,0.6402,0.6402,0,ar,الجدول الزمني لتاريخ مقدونيا. تقع مقدونيا في وسط جنوب البلقان ، شمال هيلاس القديمة (اليونان) ، شرق إليريا ، وغرب تراقيا ، اسم مقدونيا هو أقدم اسم موجود لدولة في قارة أوروبا. مقدونيا. تقع مقدونيا في وسط جنوب البلقان ، شمال هيلاس القديمة (اليونان) ، شرق إليريا ، وغرب تراقيا.
CASE_0247,1000951,mixed,7,3375943,0.6398,0.6398,0,ar,جمهورية مقدونيا ¨Ã⠀ ¹Ã'Ë doʊniÃ⠀ ° -mas-I-doh-nee ؛ €: MACEDONIAN ، à ¼Ã Ã' ° à ºÃ µÃ ´Ã ¾Ã ½Ã ¸Ã⠀ ˜Ã'˜Ã Ã' °. tr، [makedonija])، makÃ⠀ Ã'â € â € 'Ë † dÃ⠀ â € â € â € A € a رسميا جمهورية (مقدونيا: مقدونيا Ã⠀ ˜Ã'˜Ã' Â¿Ã⠀ ˜Ã'Æ'à ± à »Ãƒ ¸Ã ºÃ Ã' ° (à ¼Ã Ã' ° à ºÃ µÃ ´Ã ¾Ã ½Ã ¸Ã⠀ '˜Ã ° à مساعدة) ، معلو
CASE_0247,1000951,mixed,8,7961622,0.6367,0.6367,0,ar,[makÃ⠀ Ã'â € â € dÃ⠀ â € nija]) ، رسميا جمهورية مقدونيا (المقدونية: Ã⠀ €Ã µÃ â € ˜Ã'Æ'à ± à »Ãƒ ¸Ã ºÃ Ã' ° à ¼Ã Ã' ° à ºÃ µÃ ´Ã à '¾Ã ½Ã ° (helpÃ⠀ šÃ' المعلومات) ، tr. جمهورية مقدونيا) ، هي دولة تقع في وسط شبه جزيرة البلقان في جنوب شرق أوروبا. وهي واحدة من الدول التي خلفت يوغوسلافيا السابقة ، والتي
CASE_0247,1000951,mixed,9,3375937,0.6366,0.6366,0,ar,[makÃ⠀ Ã'â € â € dÃ⠀ â € nija]) ، رسميا جمهورية مقدونيا (المقدونية: Ã⠀ ˜Ã'€Ã â € ˜Ã'Æ'à ± à »Ãƒ ¸Ã ºÃ Ã' ° à ¼Ã Ã' ° à ºÃ µÃ ´Ã à '¾Ã ½Ã ° (helpÃ⠀ šÃ' المعلومات) ، tr. جمهورية مقدونيا) ، هي دولة تقع في وسط شبه جزيرة البلقان في جنوب شرق أوروبا. وهي إحدى الدول التي خلفت يوغوسلافيا السابقة ، والتي أعلن
CASE_0247,1000951,mixed,10,7961623,0.6279,0.6279,0,ar,تقع جمهورية مقدونيا اليوغوسلافية السابقة (يشار إليها عمومًا باسم مقدونيا) في جنوب شرق أوروبا ، وهي دولة غير ساحلية تمامًا ، وتغطي مساحة 25333 كيلومترًا مربعًا (9781 ميلًا مربعًا). جمهورية يوغوسلافيا الاتحادية) في الغالب من قبل مقاطعة كوسوفو إلى الشرق من قبل بلغاريا ، في الجنوب من اليونان ، ومن الغرب
CASE_0247,1000959,endpoint,1,4189443,0.7903,0.7903,0,ar,في الخلايا الحيوانية ، يوجد غشاء البلازما في الطبقة الخارجية للخلية وفي الخلية النباتية يوجد أسفل جدار الخلية مباشرةً. تم العثور على غشاء البلازما داخل جدار الخلية في النباتات والحدود الخارجية في الحيوانات.
CASE_0247,1000959,endpoint,2,7405708,0.7773,0.7773,0,ar,يُعرف غشاء البلازما أيضًا باسم غشاء سطح الخلية لأنه يحدث على سطح الخلية ، أي أنه يحيط السيتوبلازم ويفصله عن محيط الخلية. يقع غشاء البلازما في الخلية النباتية بين السيتوبلازم وجدار الخلية ، وعادة ما يتم ضغطه على الجدار.
CASE_0247,1000959,endpoint,3,835593,0.7652,0.7652,0,ar,المقال الرئيسي: غشاء الخلية. غشاء الخلية ، أو غشاء البلازما ، هو غشاء بيولوجي يحيط بسيتوبلازم الخلية. في الحيوانات ، غشاء البلازما هو الحد الخارجي للخلية ، بينما في النباتات وبدائيات النوى عادة ما يكون مغطى بجدار خلوي.
CASE_0247,1000959,endpoint,4,6665386,0.7633,0.7633,0,ar,غشاء البلازما: يوجد غشاء البلازما في الخلايا الحيوانية والخلايا النباتية وحتى في الخلايا حقيقية النواة. وهو عبارة عن حاجز رقيق مزدوج الطبقات يحيط بالخلية يتحكم في دخول وخروج مواد معينة. يشير أيضًا إلى كيان رفيع وسلس يتمكن من أن يكون مرنًا للغاية ومستقرًا.
CASE_0247,1000959,endpoint,5,368249,0.7626,0.7626,0,ar,غشاء الخلية ، أو غشاء البلازما ، هو غشاء بيولوجي يحيط بسيتوبلازم الخلية. في الحيوانات ، غشاء البلازما هو الحد الخارجي للخلية ، بينما في النباتات وبدائيات النوى عادة ما يكون مغطى بجدار خلوي.
CASE_0247,1000959,endpoint,6,4189449,0.7607,0.7607,0,ar,تم العثور على غشاء البلازما في كل من الخلية الحيوانية والخلية النباتية.
CASE_0247,1000959,endpoint,7,7839648,0.7583,0.7583,0,ar,غشاء الخلية ، الذي يُطلق عليه أيضًا غشاء البلازما أو غشاء البلازما ، عبارة عن طبقة ثنائية شحمية شبه منفذة تشترك فيها جميع الخلايا الحية. يحتوي على مجموعة متنوعة من الجزيئات البيولوجية ، في المقام الأول البروتينات والدهون ، والتي تشارك في مجموعة واسعة من العمليات الخلوية.في أبسط الحالات ، كما هو موضح
CASE_0247,1000959,endpoint,8,4016411,0.7572,0.7572,0,ar,غشاء الخلية أو غشاء البلازما هو الهيكل الذي يمنع السيتوبلازم من الانسكاب خارج الخلية. يتكون هذا الغشاء من الدهون الفوسفورية ، والتي تشكل طبقة ثنائية للدهون تفصل محتويات الخلية عن السائل خارج الخلية.
CASE_0247,1000959,endpoint,9,7843251,0.7559,0.7559,0,ar,للإجابة على سؤالك بوضوح ، فإن البلازما - غشاء موجود على السطح الخارجي للخلية ؛ تطوق الخلية. أين توجد خلايا البلازما في العقدة؟ في النخاع.
CASE_0247,1000959,endpoint,10,3074454,0.7547,0.7547,0,ar,غشاء الخلية. غشاء الخلية أو غشاء البلازما أو غشاء البلازما عبارة عن طبقة ثنائية للدهون قابلة للاختراق بشكل انتقائي مغلفة ببروتينات تشتمل على الطبقة الخارجية للخلية. يعمل غشاء البلازما بين الآلات الموجودة داخل الخلية والسائل الخارجي الذي يغمر الخلايا.
CASE_0247,1000959,mixed,1,4189443,0.7402,0.7402,0,ar,في الخلايا الحيوانية ، يوجد غشاء البلازما في الطبقة الخارجية للخلية وفي الخلية النباتية يوجد أسفل جدار الخلية مباشرةً. تم العثور على غشاء البلازما داخل جدار الخلية في النباتات والحدود الخارجية في الحيوانات.
CASE_0247,1000959,mixed,2,7843251,0.7251,0.7251,0,ar,للإجابة على سؤالك بوضوح ، فإن البلازما - غشاء موجود على السطح الخارجي للخلية ؛ تطوق الخلية. أين توجد خلايا البلازما في العقدة؟ في النخاع.
CASE_0247,1000959,mixed,3,4189449,0.7221,0.7221,0,ar,تم العثور على غشاء البلازما في كل من الخلية الحيوانية والخلية النباتية.
CASE_0247,1000959,mixed,4,7405708,0.7208,0.7208,0,ar,يُعرف غشاء البلازما أيضًا باسم غشاء سطح الخلية لأنه يحدث على سطح الخلية ، أي أنه يحيط السيتوبلازم ويفصله عن محيط الخلية. يقع غشاء البلازما في الخلية النباتية بين السيتوبلازم وجدار الخلية ، وعادة ما يتم ضغطه على الجدار.
CASE_0247,1000959,mixed,5,6665386,0.7204,0.7204,0,ar,غشاء البلازما: يوجد غشاء البلازما في الخلايا الحيوانية والخلايا النباتية وحتى في الخلايا حقيقية النواة. وهو عبارة عن حاجز رقيق مزدوج الطبقات يحيط بالخلية يتحكم في دخول وخروج مواد معينة. يشير أيضًا إلى كيان رفيع وسلس يتمكن من أن يكون مرنًا للغاية ومستقرًا.
CASE_0247,1000959,mixed,6,6222841,0.714,0.714,0,ar,توجد جدران الخلايا في الخلايا النباتية وغائبة في الخلايا الحيوانية. غشاء البلازما: يوجد غشاء البلازما في الخلايا الحيوانية والخلايا النباتية وحتى في الخلايا حقيقية النواة. وهو عبارة عن حاجز رقيق مزدوج الطبقات يحيط بالخلية يتحكم في دخول وخروج مواد معينة ، ويشير أيضًا إلى كيان رفيع مائع قادر على أن يك
CASE_0247,1000959,mixed,7,3715341,0.7096,0.7096,0,ar,10.0 الخلايا الدموية راجع أيضًا Giemsa (انظر 5.6) 10.1 METHYL GREEN - PYRONIN TECHNIQUE FOR PLASMA CELLS (Pappenheim 1890، Unna 1902) توجد خلايا البلازما في الأغشية المصلية وفي بطانة الجهاز التنفسي والأمعاء والأنسجة اللمفاوية. تتواجد بكثرة في مناطق الالتهاب المزمن. المبدأ. يمكن استخدام تقنية methyl
CASE_0247,1000959,mixed,8,4279518,0.7082,0.7082,0,ar,توجد جدران الخلايا في الخلايا النباتية وغائبة في الخلايا الحيوانية. غشاء البلازما: يوجد غشاء البلازما في الخلايا الحيوانية والخلايا النباتية وحتى في الخلايا حقيقية النواة. إنه حاجز رقيق مزدوج الطبقات يحيط بالخلية يتحكم في دخول وخروج مواد معينة. يشير أيضًا إلى كيان رفيع وسلس يتمكن من أن يكون مرنًا لل
CASE_0247,1000959,mixed,9,7839648,0.7066,0.7066,0,ar,غشاء الخلية ، الذي يُطلق عليه أيضًا غشاء البلازما أو غشاء البلازما ، عبارة عن طبقة ثنائية شحمية شبه منفذة تشترك فيها جميع الخلايا الحية. يحتوي على مجموعة متنوعة من الجزيئات البيولوجية ، في المقام الأول البروتينات والدهون ، والتي تشارك في مجموعة واسعة من العمليات الخلوية.في أبسط الحالات ، كما هو موضح
CASE_0247,1000959,mixed,10,835593,0.7064,0.7064,0,ar,المقال الرئيسي: غشاء الخلية. غشاء الخلية ، أو غشاء البلازما ، هو غشاء بيولوجي يحيط بسيتوبلازم الخلية. في الحيوانات ، غشاء البلازما هو الحد الخارجي للخلية ، بينما في النباتات وبدائيات النوى عادة ما يكون مغطى بجدار خلوي.
CASE_0247,1001108,endpoint,1,2348260,0.7206,0.7206,0,ar,أثناء الطور الصاعد ، تنفصل الكروموتيدات الشقيقة وتتحرك الكروموسومات نحو الأطراف المتقابلة للأقطاب.
CASE_0247,1001108,endpoint,2,8363050,0.6684,0.6684,0,ar,في الطور الفوقي تصطف الكروموسومات على طول منتصف الخلية. في الطور الصاعد ، تبدأ الكروموسومات في التحرك والانتقال إلى نهايات متقابلة للخلية بسبب عمل ألياف المغزل. ثم في الطور البعيد ، تكون الكروموسومات في الواقع على جوانب فردية من الخلية وتتفكك ألياف المغزل. لذلك ، خلال مرحلة الطور.
CASE_0247,1001108,endpoint,3,4361465,0.6679,0.6679,0,ar,في أي مرحلة من مراحل الانقسام يتكثف الكروماتين ليشكل الكروموسومات؟ في أي مرحلة من مراحل الانقسام تصطف الكروموسومات في منتصف الخلية؟
CASE_0247,1001108,endpoint,4,921404,0.6666,0.6666,0,ar,مع تقدم الانقسام الفتيلي ، تلتصق الأنابيب الدقيقة بالكروموسومات ، والتي قامت بالفعل بتكرار الحمض النووي الخاص بها ومحاذاة مركز الخلية. ثم تقصر أنابيب المغزل وتتحرك نحو أقطاب الخلية. أثناء تحركهم ، يسحبون نسخة واحدة من كل كروموسوم معهم إلى أقطاب متقابلة من الخلية.
CASE_0247,1001108,endpoint,5,5612270,0.6608,0.6608,0,ar,تتحرك على طول الأنابيب الدقيقة باتجاه أقطاب الخلية المعاكسة. القطبين يتحركان بعيدًا عن بعضهما البعض. بنهاية الطور الصاعد ، يكون لكل من قطبي الخلية مجموعة كاملة من الكروموسومات. TELOPHASE: تصبح الأنابيب الدقيقة أطول ، وتبدأ نوى الابنة في التكون عند قطبي الخلية.
CASE_0247,1001108,endpoint,6,4697652,0.6597,0.6597,0,ar,أولاً ، يمر عبر الطور البيني: تقوم الخلية بعمل نسخة من الحمض النووي الخاص بها وتبدأ الكروموسومات في الظهور. ثم تتكثف الكروموسومات من خلال عملية تسمى الطور Prophase. التالي هو الطور: المريكزات تصنع الألياف وتصطف الكروموسومات في مركز الخلية.
CASE_0247,1001108,endpoint,7,7908705,0.6562,0.6562,0,ar,يبدأ تكرار الكروموسوم من الأصل المتصل بجدار الخلية ، بالقرب من نقطة المنتصف للخلية. يحدث النسخ المتماثل بشكل ثنائي الاتجاه حول الكروموسوم ، حيث تستطيل الخلية.
CASE_0247,1001108,endpoint,8,1009456,0.6555,0.6555,0,ar,أثناء الطور ، تتكثف الكروموسومات في النواة. تتحرك أزواج المريكزات إلى جوانب متقابلة من النواة. تبدأ ألياف المغزل في تشكيل جسر بين نهايات الخلية.
CASE_0247,1001108,endpoint,9,4695321,0.6549,0.6549,0,ar,Anaphase ، تنفصل الكروموسومات المزدوجة (الكروماتيدات الشقيقة) وتبدأ في التحرك إلى نهايات متقابلة (أقطاب) من الخلية. ألياف المغزل غير المتصلة بالكروماتيدات تطيل الخلية وتطيلها. في نهاية الطور الصاعد ، يحتوي كل قطب على مجموعة كاملة من الكروموسومات.
CASE_0247,1001108,endpoint,10,7105237,0.6545,0.6545,0,ar,في الطور الأول من الانقسام الاختزالي ، تحدث الأحداث التالية: 1 تنتقل الكروموسومات إلى أقطاب الخلية المعاكسة. على غرار الانقسام ، تتفاعل الأنابيب الدقيقة مثل ألياف kinetochore لسحب الكروموسومات إلى أقطاب الخلية. 2 على عكس الانقسام الفتيلي ، تظل الكروماتيدات الشقيقة معًا بعد انتقال الكروموسومات المتجا
CASE_0247,1001108,mixed,1,2348260,0.7169,0.7169,0,ar,أثناء الطور الصاعد ، تنفصل الكروموتيدات الشقيقة وتتحرك الكروموسومات نحو الأطراف المتقابلة للأقطاب.
CASE_0247,1001108,mixed,2,8363050,0.6942,0.6942,0,ar,في الطور الفوقي تصطف الكروموسومات على طول منتصف الخلية. في الطور الصاعد ، تبدأ الكروموسومات في التحرك والانتقال إلى نهايات متقابلة للخلية بسبب عمل ألياف المغزل. ثم في الطور البعيد ، تكون الكروموسومات في الواقع على جوانب فردية من الخلية وتتفكك ألياف المغزل. لذلك ، خلال مرحلة الطور.
CASE_0247,1001108,mixed,3,4697652,0.6894,0.6894,0,ar,أولاً ، يمر عبر الطور البيني: تقوم الخلية بعمل نسخة من الحمض النووي الخاص بها وتبدأ الكروموسومات في الظهور. ثم تتكثف الكروموسومات من خلال عملية تسمى الطور Prophase. التالي هو الطور: المريكزات تصنع الألياف وتصطف الكروموسومات في مركز الخلية.
CASE_0247,1001108,mixed,4,4361465,0.689,0.689,0,ar,في أي مرحلة من مراحل الانقسام يتكثف الكروماتين ليشكل الكروموسومات؟ في أي مرحلة من مراحل الانقسام تصطف الكروموسومات في منتصف الخلية؟
CASE_0247,1001108,mixed,5,2599717,0.6887,0.6887,0,ar,"""نذير: خلال الطور الأولي تختفي النواة في النواة. تصبح ألياف الكروماتين ملفوفة بإحكام وتتكثف في الكروموسومات. تصطف الكروموسومات في أزواج وتتصل في السنترومير. في السيتوبلازم ، تبدأ ألياف المغزل بالتشكل وتتكون من الأنابيب الدقيقة. تتحرك الجسيمات المركزية بعيدًا عن بعضها البعض ، مدفوعة بالأنابيب الدقيقة"
CASE_0247,1001108,mixed,6,4009962,0.6823,0.6823,0,ar,Prophase هي المرحلة التالية وهي المكان الذي تتحرك فيه الجسيمات المركزية نحو أقطاب (أي من طرفي) الخلية. يبدأون في إنتاج ألياف المغزل. ينهار الغشاء النووي ، مما سيسمح للكروموسومات بالتحرك نحو القطبين أثناء الطور.
CASE_0247,1001108,mixed,7,5612270,0.6821,0.6821,0,ar,تتحرك على طول الأنابيب الدقيقة باتجاه أقطاب الخلية المعاكسة. القطبين يتحركان بعيدًا عن بعضهما البعض. بنهاية الطور الصاعد ، يكون لكل من قطبي الخلية مجموعة كاملة من الكروموسومات. TELOPHASE: تصبح الأنابيب الدقيقة أطول ، وتبدأ نوى الابنة في التكون عند قطبي الخلية.
CASE_0247,1001108,mixed,8,1009456,0.6814,0.6814,0,ar,أثناء الطور ، تتكثف الكروموسومات في النواة. تتحرك أزواج المريكزات إلى جوانب متقابلة من النواة. تبدأ ألياف المغزل في تشكيل جسر بين نهايات الخلية.
CASE_0247,1001108,mixed,9,4695321,0.679,0.679,0,ar,Anaphase ، تنفصل الكروموسومات المزدوجة (الكروماتيدات الشقيقة) وتبدأ في التحرك إلى نهايات متقابلة (أقطاب) من الخلية. ألياف المغزل غير المتصلة بالكروماتيدات تطيل الخلية وتطيلها. في نهاية الطور الصاعد ، يحتوي كل قطب على مجموعة كاملة من الكروموسومات.
CASE_0247,1001108,mixed,10,1960742,0.6773,0.6773,0,ar,تصطف أزواج الكروموسوم بجانب بعضها البعض في وسط الخلية. تنفصل الأزواج عن بعضها البعض وتتحرك إلى طرفي نقيض للخلية. تتكون خليتان ، يحتوي كل منهما على نصف عدد الكروموسومات. كل كروموسوم لا يزال مزدوج الشريطة.
CASE_0247,1002145,endpoint,1,4816321,0.6927,0.6927,0,ar,على طول ساحل الخليج ، يبدأ عدد قليل من الطيور الطنانة في الظهور في أواخر فبراير ، ولكن ليس هناك الكثير من المشاهدات حتى الجزء الأول من شهر مارس ، لذلك يكون شهر مارس هو الوقت الذي يجب أن تضع فيه علفًا للطيور الطنانة. حول الجزء الأول من أبريل ، بدأت هجرة الطيور الطنانة في الوصول إلى فرجينيا وكنتاكي وم
CASE_0247,1002145,endpoint,2,2587020,0.6862,0.6862,0,ar,ج: هذا يعتمد على مكان وجودك. في أمريكا الشمالية ، يمكن أن تبدأ الطيور الطنانة في الوصول في وقت مبكر من فبراير وتنتهي في أواخر أكتوبر. في الأجزاء الجنوبية من الولايات المتحدة والمكسيك وأمريكا الوسطى وأمريكا الجنوبية ، تعيش الطيور الطنانة طوال العام.
CASE_0247,1002145,endpoint,3,2585142,0.6815,0.6815,0,ar,تعيش الطيور الطنانة في الأمريكتين فقط. من بين 338 نوعًا معروفًا ، يوجد 16 نوعًا في الولايات المتحدة و 3 في فلوريدا. يمكن رؤية الطيور الطنانة ذات الذقن السوداء والحمراء أحيانًا في فلوريدا خلال فصل الشتاء. الطائر الطنان ذو الياقوت الأحمر (الشكل 1) هو إلى حد بعيد الطائر الأكثر شيوعًا في الولاية.
CASE_0247,1002145,endpoint,4,4495107,0.6768,0.6768,0,ar,حدائق الطائر الطنان. الطيور الطنانة هي طيور ذات ألوان زاهية من العجب دائمًا رؤيتها ، ومن السهل جذبها إلى حديقتك. هذه المخلوقات الرائعة لها ريش مذهل ونمط حياة عالي الطاقة. تعيش ثلاثة أنواع من الطيور الطنانة في فلوريدا خلال معظم أوقات العام ، ويمكن رؤية نوعين آخرين هنا في فصل الشتاء.
CASE_0247,1002145,endpoint,5,4840448,0.6727,0.6727,0,ar,سوف تهاجر الطيور الطنانة شمالًا في الربيع وتبدأ في الوصول في فبراير إلى جنوب الولايات المتحدة وإلى أقصى الشمال مثل ألاسكا في مايو. ثم يهاجرون جنوبًا إلى المكسيك وأمريكا الوسطى في الخريف * بدءًا من أغسطس وحتى أكتوبر.
CASE_0247,1002145,endpoint,6,4816323,0.6713,0.6713,0,ar,حول الجزء الأول من أبريل ، بدأت هجرة الطيور الطنانة في الوصول إلى فرجينيا وكنتاكي وميسوري. بحلول منتصف أبريل ، كانت هجرة الطيور الطنانة إلى أوهايو وإنديانا وإلينوي وبحلول نهاية أبريل يمكن العثور على الطيور الطنانة في أقصى الشمال مثل البحيرات الكبرى وفي ولايات نيو إنجلاند.
CASE_0247,1002145,endpoint,7,2585146,0.6696,0.6696,0,ar,يبدأ التعشيش في فلوريدا في أبريل. العش عبارة عن هيكل بحجم الجوز من أسفل ، مزين بالأشنات والطحالب ومربوط بشبكات العنكبوت أو ألياف نباتية دقيقة. كثيرًا ما تُبنى الأعشاش فوق الماء. تضع الأنثى بيضتين يقل طولهما عن 1.2 سم. بعد 20 يومًا من الحضانة و 4 أسابيع من النمو ، تغادر الطيور الطنانة الصغيرة العش.
CASE_0247,1002145,endpoint,8,6306897,0.6629,0.6629,0,ar,تعيش الطيور الطنانة في الأمريكتين فقط. من بين 338 نوعًا معروفًا ، يوجد 16 نوعًا في الولايات المتحدة و 3 في فلوريدا. يمكن رؤية الطيور الطنانة ذات الذقن السوداء والحمراء أحيانًا في فلوريدا خلال فصل الشتاء. يعتبر الطائر الطنان ذو الياقوت الأحمر (الشكل 1) أكثر أنواع الطائر شيوعًا في الولاية ، حيث يعيش ا
CASE_0247,1002145,endpoint,9,3073060,0.6619,0.6619,0,ar,كل ما تريد أن تعرف عنه. هجرة الطيور الطنانة. كما تشير الخريطة ، فإن الهجرة تضرب الولايات الجنوبية في الأول من مارس. تزور هذه المخلوقات الرائعة الولايات الأمريكية الوسطى خلال أواخر مارس وأوائل أبريل.
CASE_0247,1002145,endpoint,10,6234661,0.6586,0.6586,0,ar,على طول ساحل الخليج ، يبدأ عدد قليل من الطيور الطنانة في الظهور في أواخر فبراير ، ولكن ليس هناك الكثير من المشاهدات حتى الجزء الأول من شهر مارس ، لذلك يكون شهر مارس هو الوقت الذي يجب أن تضع فيه علفًا للطيور الطنانة. في الجزء الأول من شهر أبريل ، بدأت هجرة الطيور الطنانة في الوصول إلى فرجينيا وكنتاكي
CASE_0247,1002145,mixed,1,2587020,0.6583,0.6583,0,ar,ج: هذا يعتمد على مكان وجودك. في أمريكا الشمالية ، يمكن أن تبدأ الطيور الطنانة في الوصول في وقت مبكر من فبراير وتنتهي في أواخر أكتوبر. في الأجزاء الجنوبية من الولايات المتحدة والمكسيك وأمريكا الوسطى وأمريكا الجنوبية ، تعيش الطيور الطنانة طوال العام.
CASE_0247,1002145,mixed,2,4816321,0.6541,0.6541,0,ar,على طول ساحل الخليج ، يبدأ عدد قليل من الطيور الطنانة في الظهور في أواخر فبراير ، ولكن ليس هناك الكثير من المشاهدات حتى الجزء الأول من شهر مارس ، لذلك يكون شهر مارس هو الوقت الذي يجب أن تضع فيه علفًا للطيور الطنانة. حول الجزء الأول من أبريل ، بدأت هجرة الطيور الطنانة في الوصول إلى فرجينيا وكنتاكي وم
CASE_0247,1002145,mixed,3,2585146,0.6525,0.6525,0,ar,يبدأ التعشيش في فلوريدا في أبريل. العش عبارة عن هيكل بحجم الجوز من أسفل ، مزين بالأشنات والطحالب ومربوط بشبكات العنكبوت أو ألياف نباتية دقيقة. كثيرًا ما تُبنى الأعشاش فوق الماء. تضع الأنثى بيضتين يقل طولهما عن 1.2 سم. بعد 20 يومًا من الحضانة و 4 أسابيع من النمو ، تغادر الطيور الطنانة الصغيرة العش.
CASE_0247,1002145,mixed,4,5129440,0.6495,0.6495,0,ar,عادةً ما تقضي الطيور الطنانة ذات الحلق الياقوتي الشتاء في أمريكا الوسطى. من مارس إلى مايو ، هاجروا شمالًا ، وبعضهم عبر الثلثين الشرقيين من تكساس ، وبعضهم عبر كوبا وفلوريدا ، وبعضهم على ما يبدو عبر خليج المكسيك.أريزونا ونيو مكسيكو وتكساس قد تشهد سقوط المهاجرين في أواخر أكتوبر. هجرة Rufous Hummingbird
CASE_0247,1002145,mixed,5,4495110,0.645,0.645,0,ar,روابط floridahummingbird.net المهمة: 1 تم إنشاء Floridahummingbirds.net لتعزيز فهمنا لأنواع الطيور الطنانة الموجودة في ولاية فلوريدا. نأمل في تحسين فهمنا لتوزيع الشتاء وكذلك نطاق تكاثرهم من خلال إنشاء قاعدة بيانات للتقارير.
CASE_0247,1002145,mixed,6,5129444,0.6425,0.6425,0,ar,هجرة الطائر الطنان أسود الذقن. في الربيع ، يمكن رؤية الطيور الطنانة ذات الذقن الأسود وهي تعود إلى تكساس ونيو مكسيكو وأريزونا من منتصف مارس وحتى مايو. يصلون إلى جنوب كاليفورنيا بحلول أواخر مارس. قد يكون هذا قبل مايو قبل أن تصل الأنواع إلى الولايات الشمالية الغربية وكولومبيا البريطانية ، وقد تشهد أريز
CASE_0247,1002145,mixed,7,4840448,0.6315,0.6315,0,ar,سوف تهاجر الطيور الطنانة شمالًا في الربيع وتبدأ في الوصول في فبراير إلى جنوب الولايات المتحدة وإلى أقصى الشمال مثل ألاسكا في مايو. ثم يهاجرون جنوبًا إلى المكسيك وأمريكا الوسطى في الخريف * بدءًا من أغسطس وحتى أكتوبر.
CASE_0247,1002145,mixed,8,4816323,0.6288,0.6288,0,ar,حول الجزء الأول من أبريل ، بدأت هجرة الطيور الطنانة في الوصول إلى فرجينيا وكنتاكي وميسوري. بحلول منتصف أبريل ، كانت هجرة الطيور الطنانة إلى أوهايو وإنديانا وإلينوي وبحلول نهاية أبريل يمكن العثور على الطيور الطنانة في أقصى الشمال مثل البحيرات الكبرى وفي ولايات نيو إنجلاند.
CASE_0247,1002145,mixed,9,4965935,0.6231,0.6231,0,ar,قد تشهد أريزونا ونيو مكسيكو وتكساس سقوط المهاجرين في أواخر أكتوبر. هجرة Rufous Hummingbird - في الربيع تهاجر Rufous Hummingbirds أعلى ساحل المحيط الهادئ ، مروراً بكاليفورنيا من فبراير إلى مايو.
CASE_0247,1002145,mixed,10,3327835,0.6189,0.6189,0,ar,Rufous Hummingbirds Selasphorus rufus - أصلي / شائع ... مثل الطائر الطنان روبي الحلق ، يصلون عادةً في الأسبوع الأول من شهر مايو (مع وصول البعض في وقت مبكر من منتصف أبريل). عادة ما يكون الذكور أول من يظهر ليخاطب مناطق التغذية الخاصة بهم. يغادر معظمهم في نهاية سبتمبر.
CASE_0247,1002238,endpoint,1,7260660,0.6456,0.6456,1,ar,يجب أن تكون الفهود مدرجة في قائمة الأنواع المهددة بالانقراض. ظهر أول واحد بعد تحليل أكثر من 20000 ملاحظة جماعية من السياح ومليوني قطعة من البيانات العلمية بين عامي 2010 و 2016.
CASE_0247,1002238,endpoint,2,5149359,0.6277,0.6277,0,ar,تُدرج USFWS الفهد على أنه مهدد بالانقراض ، وتحدده القائمة الحمراء للاتحاد الدولي لحفظ الطبيعة (IUCN) على أنها معرضة للخطر - تواجه خطرًا كبيرًا للانقراض في البرية. لدى الفهود ثلاثة تهديدات رئيسية: فقدان الموائل ، والتعدي البشري ، ونضوب قاعدة الفريسة البرية ، والمنافسة مع الحيوانات المفترسة الأخرى الت
CASE_0247,1002238,endpoint,3,5727790,0.5962,0.5962,0,ar,جواب سريع. الفهود معرضة للخطر بشكل رئيسي بسبب الصيد الجائر وفقدان الموائل. تم تقدير فرائهم كسلعة ثمينة للغاية في الستينيات والسبعينيات من القرن الماضي ، وقام مربو الماشية بإبعادهم عن بيئتهم الطبيعية. أكمل القراءة.
CASE_0247,1002238,endpoint,4,1602861,0.5933,0.5933,0,ar,كان النمو السكاني البشري هو التهديد الرئيسي لسلسلة الفهود ولا يزال يقلل من جودة الموائل الموجودة. تمت حماية النمر من الصيد القانوني في فلوريدا منذ عام 1958. وقد تم إدراجه في القائمة الفيدرالية للأنواع المهددة بالانقراض منذ عام 1967 وفي قائمة الولاية المهددة بالانقراض منذ عام 1973. يعتمد مستقبل هذا ا
CASE_0247,1002238,endpoint,5,6577772,0.5867,0.5867,0,ar,اليوم ، تم إدراج الفهد من قبل IUCN كنوع معرض للانقراض في بيئته الطبيعية في المستقبل القريب. أدى فقدان الموائل إلى جانب زيادة المنتزهات الطبيعية التي تضم عددًا كبيرًا من الحيوانات المفترسة المتنافسة إلى انخفاض حاد في أعداد الفهود في العالم.
CASE_0247,1002238,endpoint,6,7260659,0.5786,0.5786,0,ar,يبذل العلماء قصارى جهدهم لإدراج الفهود في قائمة الأنواع المهددة بالانقراض. اجتمعت مجموعة من الباحثين لمطالبة الاتحاد الدولي للحفاظ على الطبيعة بإدراج الفهد على أنه مهدد بالانقراض. هؤلاء العلماء هم جزء من مبادرة القطط الكبيرة لجمعية ناشيونال جيوغرافيك.
CASE_0247,1002238,endpoint,7,504703,0.5756,0.5756,0,ar,اليوم ، تم إدراج الفهد من قبل IUCN كنوع معرض للانقراض في بيئته الطبيعية في المستقبل القريب. أدى فقدان الموائل إلى جانب زيادة المنتزهات الطبيعية التي تضم عددًا كبيرًا من الحيوانات المفترسة المنافسة إلى انخفاض حاد في أعداد الفهود في العالم. فريسة (مثل المنافسة) من قبل الحيوانات المفترسة الكبيرة الأخرى
CASE_0247,1002238,endpoint,8,3284409,0.5703,0.5703,0,ar,قد تكون الفهود سريعة ولكن السؤال الذي يطرحه علماء الأحياء البرية هو ، هل هي سريعة بما يكفي لتجاوز الانقراض؟ الفهود اليوم من الأنواع المهددة بالانقراض. مثل كل القطط المرقطة والمخططة ، تعرضت الفهود منذ فترة طويلة لضغوط من تجارة الفراء. لكن الصيد الجائر ليس هو المشكلة الرئيسية التي تواجه الفهود ، فقد ي
CASE_0247,1002238,endpoint,9,7452001,0.5596,0.5596,0,ar,حقائق الفهد. يمكن القول إن الفهد هو واحد من أجمل القطط الكبيرة ورياضيها ولكنه أيضًا واحد من أكثر القطط المهددة بالانقراض. كان عدد الفهود المقدرة في عام 1900 حوالي 100،000 ، واليوم توجد الفهود في 23٪ فقط من مجموعتها الأفريقية التاريخية وهي منقرضة في نطاقها الآسيوي باستثناء عدد قليل من السكان يبلغ حوا
CASE_0247,1002238,endpoint,10,5360134,0.5592,0.5592,0,ar,قد تكون الفهود سريعة ولكن السؤال الذي يطرحه علماء الأحياء البرية هو ، هل هي سريعة بما يكفي لتجاوز الانقراض؟ الفهود اليوم من الأنواع المهددة بالانقراض. مثل كل القطط المرقطة والمخططة ، تعرضت الفهود منذ فترة طويلة لضغوط من تجارة الفراء. لكن الصيد الجائر ليس هو المشكلة الأساسية التي تواجه الفهود. يؤدي ف
CASE_0247,1002238,mixed,1,5149359,0.6196,0.6196,0,ar,تُدرج USFWS الفهد على أنه مهدد بالانقراض ، وتحدده القائمة الحمراء للاتحاد الدولي لحفظ الطبيعة (IUCN) على أنها معرضة للخطر - تواجه خطرًا كبيرًا للانقراض في البرية. لدى الفهود ثلاثة تهديدات رئيسية: فقدان الموائل ، والتعدي البشري ، ونضوب قاعدة الفريسة البرية ، والمنافسة مع الحيوانات المفترسة الأخرى الت
CASE_0247,1002238,mixed,2,7260660,0.6196,0.6196,1,ar,يجب أن تكون الفهود مدرجة في قائمة الأنواع المهددة بالانقراض. ظهر أول واحد بعد تحليل أكثر من 20000 ملاحظة جماعية من السياح ومليوني قطعة من البيانات العلمية بين عامي 2010 و 2016.
CASE_0247,1002238,mixed,3,1602861,0.6172,0.6172,0,ar,كان النمو السكاني البشري هو التهديد الرئيسي لسلسلة الفهود ولا يزال يقلل من جودة الموائل الموجودة. تمت حماية النمر من الصيد القانوني في فلوريدا منذ عام 1958. وقد تم إدراجه في القائمة الفيدرالية للأنواع المهددة بالانقراض منذ عام 1967 وفي قائمة الولاية المهددة بالانقراض منذ عام 1973. يعتمد مستقبل هذا ا
CASE_0247,1002238,mixed,4,8760062,0.6133,0.6133,0,ar,https://news.nationalgeographic.com/2017/12/animals-cheetahs-africa-endangered-species.html يكافح العلماء لإدراج الفهود على أنها مهددة بالانقراض في واحدة من أكثر الدراسات شمولاً من نوعها ، يقدم 17 من دعاة الحفاظ على البيئة دليلًا قاطعًا على أن القطط الكبيرة على وشك الانقراض بشكل خطير.
CASE_0247,1002238,mixed,5,126586,0.596,0.596,0,ar,تم وضع صقور الشاهين على القائمة الفيدرالية للأنواع المهددة بالانقراض في عام 1970. بدأ مشروع ترميم صقور الشاهين في الغرب الأوسط في محاولة لإعادة الشاهين إلى الغرب الأوسط.
CASE_0247,1002238,mixed,6,5727790,0.5947,0.5947,0,ar,جواب سريع. الفهود معرضة للخطر بشكل رئيسي بسبب الصيد الجائر وفقدان الموائل. تم تقدير فرائهم كسلعة ثمينة للغاية في الستينيات والسبعينيات من القرن الماضي ، وقام مربو الماشية بإبعادهم عن بيئتهم الطبيعية. أكمل القراءة.
CASE_0247,1002238,mixed,7,4059794,0.5902,0.5902,0,ar,"""فراشة Fender الزرقاء المهددة بالانقراض والنبات المضيف لها ، الترمس Kincaid المهدد. رصيد الصورة: USFWS. أقر الكونجرس قانون الحفاظ على الأنواع المهددة بالانقراض في عام 1966 ، مما وفر وسيلة لإدراج أنواع الحيوانات المحلية على أنها مهددة بالانقراض ومنحها حماية محدودة. 1 حددت """"مهددة بالانقراض"""" و """"مهدد"
CASE_0247,1002238,mixed,8,7260659,0.5844,0.5844,0,ar,يبذل العلماء قصارى جهدهم لإدراج الفهود في قائمة الأنواع المهددة بالانقراض. اجتمعت مجموعة من الباحثين لمطالبة الاتحاد الدولي للحفاظ على الطبيعة بإدراج الفهد على أنه مهدد بالانقراض. هؤلاء العلماء هم جزء من مبادرة القطط الكبيرة لجمعية ناشيونال جيوغرافيك.
CASE_0247,1002238,mixed,9,5149352,0.5818,0.5818,0,ar,"""الفهود مدرجة حاليًا على أنها """"معرضة للخطر"""" في القائمة الحمراء للاتحاد الدولي للحفاظ على الطبيعة ، والتي تراقب أعداد الحيوانات. لكن Panthera دعا القطط إلى أن تكون مدرجة في قائمة """"¢"""" المهددة بالانقراض ¢ في أقرب وقت ممكن ، مشيرة إلى الخسائر الأخيرة في المناطق التي كانت موطنًا للقطط. معظم الحيوانات"
CASE_0247,1002238,mixed,10,6577772,0.5798,0.5798,0,ar,اليوم ، تم إدراج الفهد من قبل IUCN كنوع معرض للانقراض في بيئته الطبيعية في المستقبل القريب. أدى فقدان الموائل إلى جانب زيادة المنتزهات الطبيعية التي تضم عددًا كبيرًا من الحيوانات المفترسة المتنافسة إلى انخفاض حاد في أعداد الفهود في العالم.
CASE_0247,1002426,endpoint,1,2332642,0.6798,0.6798,0,ar,سيبدأ إنتاج Shazam في أوائل عام 2018 وقد يتم طرحه في دور العرض بحلول عام 2019 ، وفقًا لصحيفة The Hollywood Reporter. ويصف التقرير ديفيد ف. ساندبرج بأنه مخرج الفيلم. سيبدأ الإنتاج قبل Batgirl و Flash والتكملة لكل من Suicide Squad و Wonder Woman.
CASE_0247,1002426,endpoint,2,2309383,0.6556,0.6556,0,ar,أعلنت شركة وارنر براذرز يوم الجمعة أن فيلم Shazam قد حدد تاريخ إطلاقه في 5 أبريل 2019 ، وسيكون Shazam ، الذي سيصبح بطل Zachary Levi البطل الفخري ، أول فيلم يتم إصداره من Warner Bros. و DC Films بعد شهر ديسمبر. 2018 أكوامان.
CASE_0247,1002426,endpoint,3,7260311,0.6529,0.6529,0,ar,سيبدأ إنتاج Shazam في أوائل عام 2018 وقد يتم طرحه في دور العرض بحلول عام 2019 ، وفقًا لصحيفة The Hollywood Reporter. ويصف التقرير ديفيد ف. ساندبرج بأنه مخرج الفيلم. الانتاج...
CASE_0247,1002426,endpoint,4,7260301,0.6498,0.6498,0,ar,أكدت شركة Warner Bros. أن فيلم Shazam من بطولة زاكاري ليفي سيُعرض في دور العرض في 5 أبريل 2019. أكدت شركة Warner Bros. أن فيلم Shazam من بطولة زاكاري ليفي سيُعرض في دور العرض في 5 أبريل 2019. تأتي هذه الأخبار بعد شهرين فقط من الإعلان عن ليفي للعب الدور الفخري لفيلم الأبطال الخارقين دي سي كوميكس المر
CASE_0247,1002426,endpoint,5,2332751,0.6497,0.6497,0,ar,أعلنت شركة Warner Bros. يوم الجمعة أن فيلم Shazam قد حدد موعد إطلاقه في 5 أبريل 2019. سيكون فيلم Shazam ، الذي سينجم عنه Zachary Levi باعتباره البطل الفخري ، أول فيلم يتم إصداره من Warner Bros. و DC Films بعد شهر ديسمبر من فيلم Aquaman لعام 2018. من إخراج Lights Out و Annabelle: Creation Helper Davi
CASE_0247,1002426,endpoint,6,2332643,0.6488,0.6488,0,ar,بعد سنوات من التطوير ، DCàÂ⠀ ™ s Shazam! الفيلم له تاريخ إطلاقه رسميًا. الفيلم من بطولة Zachary Levi (Chuck) في دور Captain Marvel سيصدر في 5 أبريل 2019. كما ورد أن الفيلم قد اختار مارك سترونج (امتياز Kingsman) باعتباره الشرير الذي لم يتم التعرف عليه بعد ولديه David F. Samberg ( إطفاء الأنوار) ​​كمخ
CASE_0247,1002426,endpoint,7,7260322,0.6481,0.6481,0,ar,شزام! أكد المخرج David F. Sandberg أن الفيلم سيُعرض في دور العرض في أبريل من عام 2019 ، وسيصل قبل Wonder Woman 2. Screen Rant You Are Reading: Shazam!
CASE_0247,1002426,endpoint,8,7260308,0.6474,0.6474,0,ar,شزام! تم تعيينه رسميًا في دور العرض في الخامس من أبريل 2019 بعد أشهر من التكهنات. سيكون الفيلم هو أول فيلم يتم إصداره من Warner Bros. و DC Films بعد شهر ديسمبر من عام 2018 Aquaman. شزام! من إخراج ديفيد ف. ساندبرج (إطفاء الأنوار ، أنابيل: الخلق). هذه أخبار مثيرة لـ DC و Shazam! المشجعين ، ومن المتوقع
CASE_0247,1002426,endpoint,9,2309385,0.646,0.646,0,ar,أعلنت شركة Warner Bros. يوم الجمعة أن فيلم Shazam يحصل على تاريخ إصدار أبريل 2019 بواسطة Brandon Davis - 12 يناير 2018 ، ذكرت تقارير أن فيلم Shazam قد حدد تاريخ إطلاقه في 5 أبريل 2019. سيكون فيلم Shazam ، الذي سينجم عنه Zachary Levi باعتباره البطل الفخري ، أول فيلم يتم إصداره من Warner Bros. و DC Fi
CASE_0247,1002426,endpoint,10,8196725,0.6444,0.6444,0,ar,أعلنت شركة Warner Bros. يوم الجمعة أن فيلم Shazam يحصل على تاريخ إصدار أبريل 2019 بواسطة Brandon Davis - 12 يناير 2018 ، ذكرت تقارير أن فيلم Shazam قد حدد تاريخ إطلاقه في 5 أبريل 2019. سيكون فيلم Shazam ، الذي سينجم عنه Zachary Levi باعتباره البطل الفخري ، أول فيلم يتم إصداره من Warner Bros. و DC Fi
CASE_0247,1002426,mixed,1,2332642,0.6751,0.6751,0,ar,سيبدأ إنتاج Shazam في أوائل عام 2018 وقد يتم طرحه في دور العرض بحلول عام 2019 ، وفقًا لصحيفة The Hollywood Reporter. ويصف التقرير ديفيد ف. ساندبرج بأنه مخرج الفيلم. سيبدأ الإنتاج قبل Batgirl و Flash والتكملة لكل من Suicide Squad و Wonder Woman.
CASE_0247,1002426,mixed,2,2309383,0.6614,0.6614,0,ar,أعلنت شركة وارنر براذرز يوم الجمعة أن فيلم Shazam قد حدد تاريخ إطلاقه في 5 أبريل 2019 ، وسيكون Shazam ، الذي سيصبح بطل Zachary Levi البطل الفخري ، أول فيلم يتم إصداره من Warner Bros. و DC Films بعد شهر ديسمبر. 2018 أكوامان.
CASE_0247,1002426,mixed,3,2309385,0.6581,0.6581,0,ar,أعلنت شركة Warner Bros. يوم الجمعة أن فيلم Shazam يحصل على تاريخ إصدار أبريل 2019 بواسطة Brandon Davis - 12 يناير 2018 ، ذكرت تقارير أن فيلم Shazam قد حدد تاريخ إطلاقه في 5 أبريل 2019. سيكون فيلم Shazam ، الذي سينجم عنه Zachary Levi باعتباره البطل الفخري ، أول فيلم يتم إصداره من Warner Bros. و DC Fi
CASE_0247,1002426,mixed,4,2332751,0.6565,0.6565,0,ar,أعلنت شركة Warner Bros. يوم الجمعة أن فيلم Shazam قد حدد موعد إطلاقه في 5 أبريل 2019. سيكون فيلم Shazam ، الذي سينجم عنه Zachary Levi باعتباره البطل الفخري ، أول فيلم يتم إصداره من Warner Bros. و DC Films بعد شهر ديسمبر من فيلم Aquaman لعام 2018. من إخراج Lights Out و Annabelle: Creation Helper Davi
CASE_0247,1002426,mixed,5,8196725,0.655,0.655,0,ar,أعلنت شركة Warner Bros. يوم الجمعة أن فيلم Shazam يحصل على تاريخ إصدار أبريل 2019 بواسطة Brandon Davis - 12 يناير 2018 ، ذكرت تقارير أن فيلم Shazam قد حدد تاريخ إطلاقه في 5 أبريل 2019. سيكون فيلم Shazam ، الذي سينجم عنه Zachary Levi باعتباره البطل الفخري ، أول فيلم يتم إصداره من Warner Bros. و DC Fi
CASE_0247,1002426,mixed,6,7260311,0.6465,0.6465,0,ar,سيبدأ إنتاج Shazam في أوائل عام 2018 وقد يتم طرحه في دور العرض بحلول عام 2019 ، وفقًا لصحيفة The Hollywood Reporter. ويصف التقرير ديفيد ف. ساندبرج بأنه مخرج الفيلم. الانتاج...
CASE_0247,1002426,mixed,7,2332643,0.6447,0.6447,0,ar,بعد سنوات من التطوير ، DCàÂ⠀ ™ s Shazam! الفيلم له تاريخ إطلاقه رسميًا. الفيلم من بطولة Zachary Levi (Chuck) في دور Captain Marvel سيصدر في 5 أبريل 2019. كما ورد أن الفيلم قد اختار مارك سترونج (امتياز Kingsman) باعتباره الشرير الذي لم يتم التعرف عليه بعد ولديه David F. Samberg ( إطفاء الأنوار) ​​كمخ
CASE_0247,1002426,mixed,8,8199430,0.6414,0.6414,0,ar,تاريخ إصدار فيلم Shazam. على الرغم من أنه تم الإعلان عن هذا على ما يبدو منذ زمن بعيد ، فقد أكدت شركة Warner Bros. مرة أخرى أن كل شيء في الموعد المحدد وسيتم افتتاح Shazam في 5 أبريل 2019. يمكن العثور على التقويم الكامل لأفلام DC superhero هنا. طاقم فيلم Shazam
CASE_0247,1002426,mixed,9,7260301,0.6406,0.6406,0,ar,أكدت شركة Warner Bros. أن فيلم Shazam من بطولة زاكاري ليفي سيُعرض في دور العرض في 5 أبريل 2019. أكدت شركة Warner Bros. أن فيلم Shazam من بطولة زاكاري ليفي سيُعرض في دور العرض في 5 أبريل 2019. تأتي هذه الأخبار بعد شهرين فقط من الإعلان عن ليفي للعب الدور الفخري لفيلم الأبطال الخارقين دي سي كوميكس المر
CASE_0247,1002426,mixed,10,2622854,0.6404,0.6404,0,ar,Shazam (خدمة) Shazam هو تطبيق جوال لأجهزة Macintosh وأجهزة الكمبيوتر الشخصية والهواتف الذكية ، يمكنه تحديد الموسيقى والأفلام والإعلانات والبرامج التلفزيونية ، بناءً على عينة قصيرة يتم تشغيلها واستخدام الميكروفون على الجهاز. تأسست Shazam Entertainment Limited في عام 1999 على يد كريس بارتون وفيليب إنغ
CASE_0247,1002584,endpoint,1,7259822,0.639,0.639,1,ar,في عام 1933 ، صدر أول كتاب هزلي حقيقي. كان يطلق عليه Funnies on Parade ، وظهر بنفس تنسيق 8 × 11 الذي طُبعت به الكتب المصورة اليوم. كان هناك 10000 نسخة مطبوعة ، تم منحها جميعها مع كوبونات لمنتجات Proctor & Gamble.
CASE_0247,1002584,endpoint,2,2554473,0.6389,0.6389,0,ar,صدر أول كتاب هزلي حديث ، الشهير Funnies ، في الولايات المتحدة في عام 1933 وكان إعادة طبع لمقاطع فكاهية في الصحف السابقة ، والتي أنشأت العديد من أجهزة سرد القصص المستخدمة في الرسوم الهزلية.
CASE_0247,1002584,endpoint,3,2144462,0.6232,0.6232,0,ar,يبدأ هذا الكتاب الهزلي ما يسمى الآن بالعصر البلاتيني للكاريكاتير. في عام 1899 ، صدر كتاب فكاهي Funny Folks ، حيث أخذ أول طعنة قريبة في تنسيق العديد من الكتب المصورة من العصر البلاتيني. كان الكتاب بغلاف مقوى ، بعرض 16 × 12 ارتفاعًا. تم إنشاء Funny Folks بواسطة F.M Howarth ، ولكن نشره E.P. Dutton. كان
CASE_0247,1002584,endpoint,4,7900863,0.6166,0.6166,0,ar,يبدأ هذا الكتاب الهزلي ما يسمى الآن بالعصر البلاتيني للكاريكاتير. في عام 1899 ، صدر كتاب فكاهي Funny Folks ، حيث أخذ أول طعنة قريبة في تنسيق العديد من الكتب المصورة من العصر البلاتيني. كان الكتاب بغلاف مقوى ، بعرض 16 × 12. تم إنشاء Funny Folks بواسطة F.M Howarth ، ولكن نشره E.P. Dutton. كانت عبارة ع
CASE_0247,1002584,endpoint,5,7900864,0.5963,0.5963,0,ar,تعتبر مغامرات ميكي ماوس أول كتاب هزلي حقيقي لميكي ماوس. صدر في عام 1931 ، ويتألف من 32 صفحة و 5 -1/2 × 8 1/2. تم نشره من قبل شركة David McKay Co. مع طباعة 50000 نسخة.
CASE_0247,1002584,endpoint,6,2144460,0.582,0.582,0,ar,في عام 1922 صدر أول كتاب هزلي شهري. كان غلافًا بتاريخ يناير وكان سعره 10 سنتات. تم إجراؤها بتنسيق 8 × 9. كان العنوان كاريكاتير شهريًا واستمر 12 إصدارًا. تم تخصيص كل عدد لشخصية كوميدية شهيرة تم الترويج لها بواسطة King Features.
CASE_0247,1002584,endpoint,7,2534501,0.5817,0.5817,0,ar,نُشر لأول مرة في عام 1927 ، كان Fantastic Beasts and Where to Find Them من أكثر الكتب مبيعًا. أصبح كتابًا مدرسيًا معتمدًا في مدرسة هوجورتس للسحر والشعوذة ، وبحلول منتصف التسعينيات ، كان في نسخته الثانية والخمسين. في مرحلة ما ، قام سكاماندر بتأليف مختارات من الوحوش للأطفال للقراء الأصغر سنًا.
CASE_0247,1002584,endpoint,8,1599345,0.5779,0.5779,0,ar,إن تحديد كتاب فكاهي ليس سهلاً مثل مجرد النظر إلى الغلاف. أسهل طريقة للعثور على العنوان الدقيق ورقم الإصدار وتاريخ النشر لكتابك الهزلي هي البحث عن الدلائل ، وهي كتلة صغيرة موجودة عادة داخل الغلاف الأمامي أو في الصفحة الأولى.
CASE_0247,1002584,endpoint,9,2257236,0.5718,0.5718,0,ar,في عام 1901 ظهر The Blackberries وهو أول كتاب هزلي معروف بالألوان. استخدم تنسيق 9 × 12 وكان كتابًا بغلاف مقوى. ثم بدأ استخدام التنسيق الأكثر استخدامًا وهو 17 عرضًا × 11 ارتفاعًا في عدد من الكتب المصورة. من بينهم أطفال Katzenjammer و Little Nemo و Happy Hooligan.
CASE_0247,1002584,endpoint,10,5442569,0.5678,0.5678,0,ar,قدم The Flash كتابه الهزلي لأول مرة في يناير 1940 في Flash Comics # 1. كان الأصل عالم أبحاث يدعى جاي جاريك اكتسب قدراته عن طريق استنشاق أبخرة مشعة. الشخص الثاني ، Barry Allen تم تقديمه في أكتوبر 1956 في Showcase # 4.
CASE_0247,1002584,mixed,1,7259822,0.6742,0.6742,1,ar,في عام 1933 ، صدر أول كتاب هزلي حقيقي. كان يطلق عليه Funnies on Parade ، وظهر بنفس تنسيق 8 × 11 الذي طُبعت به الكتب المصورة اليوم. كان هناك 10000 نسخة مطبوعة ، تم منحها جميعها مع كوبونات لمنتجات Proctor & Gamble.
CASE_0247,1002584,mixed,2,2554473,0.6616,0.6616,0,ar,صدر أول كتاب هزلي حديث ، الشهير Funnies ، في الولايات المتحدة في عام 1933 وكان إعادة طبع لمقاطع فكاهية في الصحف السابقة ، والتي أنشأت العديد من أجهزة سرد القصص المستخدمة في الرسوم الهزلية.
CASE_0247,1002584,mixed,3,4334697,0.6611,0.6611,0,ar,ما هو أول كتاب مصور لأعجوبة؟ أول كتاب هزلي من تأليف Marvel Comics هو Marvel Comics رقم 1 (أكتوبر 1939). تُظهر الشعلة البشرية وأول ظهور متاح بشكل عام لبيل إيفريت المناهض له - نامور شبه البحري. بعد الكوميديا ​​، تغيرت السلسلة إلى Marvel Mystery Comics.
CASE_0247,1002584,mixed,4,7900864,0.6559,0.6559,0,ar,تعتبر مغامرات ميكي ماوس أول كتاب هزلي حقيقي لميكي ماوس. صدر في عام 1931 ، ويتألف من 32 صفحة و 5 -1/2 × 8 1/2. تم نشره من قبل شركة David McKay Co. مع طباعة 50000 نسخة.
CASE_0247,1002584,mixed,5,4334704,0.6489,0.6489,0,ar,إذا أجبت بأنه من عنوان أول كتاب هزلي نشروه ، فستكون على حق جزئيًا فقط. قام مارتن جودمان بالفعل بنشر كتابه الهزلي الأول في عام 1939 وكان يسمى Marvel Comics ، وتغير إلى Marvel Mystery Comics لإصداره الثاني. أظهر الكتاب ما سيصبح من أكثر الشخصيات شهرة في الشركة في الأربعينيات ، الشعلة البشرية و Sub-Mari
CASE_0247,1002584,mixed,6,2144462,0.6481,0.6481,0,ar,يبدأ هذا الكتاب الهزلي ما يسمى الآن بالعصر البلاتيني للكاريكاتير. في عام 1899 ، صدر كتاب فكاهي Funny Folks ، حيث أخذ أول طعنة قريبة في تنسيق العديد من الكتب المصورة من العصر البلاتيني. كان الكتاب بغلاف مقوى ، بعرض 16 × 12 ارتفاعًا. تم إنشاء Funny Folks بواسطة F.M Howarth ، ولكن نشره E.P. Dutton. كان
CASE_0247,1002584,mixed,7,4398442,0.6471,0.6471,0,ar,ومع ذلك ، يتفق معظم مؤرخي القصص المصورة على أن أول رواية مصورة حقيقية كانت Will Eisnerà- A Contract With God and Other Tenement Stories - التي نُشرت في عام 1978. [2] ، تحدث كتاب Eisneràââ للجيل الذي نشأ لأول مرة مع كاريكاتير الأبطال الخارقين في الأربعينيات والخمسينيات من القرن الماضي.
CASE_0247,1002584,mixed,8,7900863,0.6422,0.6422,0,ar,يبدأ هذا الكتاب الهزلي ما يسمى الآن بالعصر البلاتيني للكاريكاتير. في عام 1899 ، صدر كتاب فكاهي Funny Folks ، حيث أخذ أول طعنة قريبة في تنسيق العديد من الكتب المصورة من العصر البلاتيني. كان الكتاب بغلاف مقوى ، بعرض 16 × 12. تم إنشاء Funny Folks بواسطة F.M Howarth ، ولكن نشره E.P. Dutton. كانت عبارة ع
CASE_0247,1002584,mixed,9,2144460,0.6417,0.6417,0,ar,في عام 1922 صدر أول كتاب هزلي شهري. كان غلافًا بتاريخ يناير وكان سعره 10 سنتات. تم إجراؤها بتنسيق 8 × 9. كان العنوان كاريكاتير شهريًا واستمر 12 إصدارًا. تم تخصيص كل عدد لشخصية كوميدية شهيرة تم الترويج لها بواسطة King Features.
CASE_0247,1002584,mixed,10,8218894,0.6349,0.6349,0,ar,نُشر أول كتاب عن ميكي ماوس في عام 1930 ، كما كان أول كتاب فكاهي لصحيفة ميكي ماوس. في عام 1934 ، أخبر والت ديزني رساميه في إحدى الليالي أنهم بصدد إنتاج فيلم رسوم متحركة ، ثم أخبرهم قصة سنو وايت والأقزام السبعة.
CASE_0247,100307,endpoint,1,7379136,0.7845,0.7845,1,ar,في تحليل التكلفة الوحيد لبرنامج الوقاية من السمنة في المدرسة في كندا ، قدّر Ohinmaa وآخرون تكاليف تنفيذ وصيانة البرنامج على مستوى مجلس المدرسة بمبلغ 344،514 دولارًا ، أو 7،830 دولارًا لكل مدرسة و 23 دولارًا لكل طالب [21 ].
CASE_0247,100307,endpoint,2,2027127,0.7097,0.7097,0,ar,تأتي السمنة في مرحلة الطفولة بتكلفة تقديرية تبلغ 19000 دولار لكل طفل عند مقارنة التكاليف الطبية مدى الحياة بتكاليف طفل ذو وزن طبيعي ، وفقًا لتحليل أجراه باحثون في معهد ديوك للصحة العالمية وكلية الطب العليا في Duke-NUS في سنغافورة. التقدير ، الذي يأخذ في الاعتبار إمكانية زيادة الوزن الطبيعي للأطفال ف
CASE_0247,100307,endpoint,3,5057832,0.6963,0.6963,0,ar,تأتي السمنة في مرحلة الطفولة بتكلفة تقديرية تبلغ 19 ألف دولار لكل طفل عند مقارنة التكاليف الطبية مدى الحياة بتكاليف الطفل ذي الوزن الطبيعي ، وفقًا لتحليل أجراه باحثون في معهد ديوك للصحة العالمية وكلية الطب العليا في Duke-NUS في سنغافورة.
CASE_0247,100307,endpoint,4,7379137,0.682,0.682,0,ar,تم تحديد المدارس كإطار رئيسي لاستراتيجيات الصحة العامة للوقاية من السمنة لدى الأطفال [10]. أظهرت الأبحاث أن برامج الوقاية من السمنة المدرسية المصممة جيدًا والمنفذة جيدًا كانت فعالة في تقليل مؤشر كتلة الجسم (BMI) و / أو نسبة الدهون في الجسم (PBF) [11].
CASE_0247,100307,endpoint,5,7379140,0.6763,0.6763,0,ar,الهدف من هذه الدراسة هو تقييم التكلفة والفعالية من حيث التكلفة لبرنامج التدخل الشامل لسمنة الأطفال. افترضنا أن التدخل المتكامل الذي يجمع بين التثقيف الغذائي والنشاط البدني (PA) أكثر فعالية من حيث التكلفة من نفس كثافة التدخل الفردي.
CASE_0247,100307,endpoint,6,2027130,0.6724,0.6724,0,ar,يشارك. 12. السمنة مشكلة صحية كبيرة ، واتضح أنها مكلفة للغاية - خاصة عندما يتعلق الأمر بالأطفال. وفقًا للباحثين الطبيين في جامعة ديوك ، فإن السمنة لدى الأطفال تأتي بسعر تقديري قدره 19000 دولار لكل طفل عند مقارنة التكاليف الطبية مدى الحياة بتكاليف طفل يتمتع بوزن صحي ، وعند تقسيمها حسب عدد السكان ، فإن
CASE_0247,100307,endpoint,7,5057829,0.6719,0.6719,0,ar,على مدى العمر ، تكلف السمنة لدى الأطفال 19000 دولار لكل طفل. https://www.sciencedaily.com/releases/2014/04/140407090220.htm. تأتي السمنة في مرحلة الطفولة بسعر يقدر بـ 19000 دولار لكل طفل عند مقارنة التكاليف الطبية مدى الحياة بتكاليف طفل وزن طبيعي ، وفقًا لتحليل. عند ضرب عدد الأشخاص الذين يعانون من ا
CASE_0247,100307,endpoint,8,2131763,0.6549,0.6549,0,ar,يتطلب كل برنامج من المرضى التسجيل في الاستشارة الغذائية والخضوع لسلسلة من. اختبارات ما قبل الجراحة ستختلف التكلفة من برنامج إلى آخر. أنا. برنامج علاج السمنة بالمركز الطبي بجامعة ولاية أوهايو. 1. 1700 دولار للجراحة + تكلفة الاستشارات الغذائية. ثانيا. برنامج جبل الكرمل لجراحة السمنة.
CASE_0247,100307,endpoint,9,7379135,0.6533,0.6533,0,ar,فحصت غالبية الدراسات المختارة تكاليف الرعاية الصحية لدى البالغين (ن = 8) ، في حين قام عدد قليل بتقييم تكاليف الرعاية الصحية للمراهقين (ن = 1) والأطفال (ن = 1). كانت هناك دراسة واحدة فقط قيمت تكاليف برنامج الوقاية من السمنة لدى الأطفال [21].
CASE_0247,100307,endpoint,10,7368292,0.6531,0.6531,0,ar,وجدت مراجعة كوكرين الأخيرة لـ 55 دراسة للوقاية من السمنة لدى الأطفال أن زيادة جلسات النشاط البدني وتطوير مهارات النشاط البدني خلال الأسبوع الدراسي كانت من بين الاستراتيجيات الواعدة للوقاية من السمنة.
CASE_0247,100307,mixed,1,7379136,0.7616,0.7616,1,ar,في تحليل التكلفة الوحيد لبرنامج الوقاية من السمنة في المدرسة في كندا ، قدّر Ohinmaa وآخرون تكاليف تنفيذ وصيانة البرنامج على مستوى مجلس المدرسة بمبلغ 344،514 دولارًا ، أو 7،830 دولارًا لكل مدرسة و 23 دولارًا لكل طالب [21 ].
CASE_0247,100307,mixed,2,2027127,0.6931,0.6931,0,ar,تأتي السمنة في مرحلة الطفولة بتكلفة تقديرية تبلغ 19000 دولار لكل طفل عند مقارنة التكاليف الطبية مدى الحياة بتكاليف طفل ذو وزن طبيعي ، وفقًا لتحليل أجراه باحثون في معهد ديوك للصحة العالمية وكلية الطب العليا في Duke-NUS في سنغافورة. التقدير ، الذي يأخذ في الاعتبار إمكانية زيادة الوزن الطبيعي للأطفال ف
CASE_0247,100307,mixed,3,5057832,0.6843,0.6843,0,ar,تأتي السمنة في مرحلة الطفولة بتكلفة تقديرية تبلغ 19 ألف دولار لكل طفل عند مقارنة التكاليف الطبية مدى الحياة بتكاليف الطفل ذي الوزن الطبيعي ، وفقًا لتحليل أجراه باحثون في معهد ديوك للصحة العالمية وكلية الطب العليا في Duke-NUS في سنغافورة.
CASE_0247,100307,mixed,4,7379140,0.6752,0.6752,0,ar,الهدف من هذه الدراسة هو تقييم التكلفة والفعالية من حيث التكلفة لبرنامج التدخل الشامل لسمنة الأطفال. افترضنا أن التدخل المتكامل الذي يجمع بين التثقيف الغذائي والنشاط البدني (PA) أكثر فعالية من حيث التكلفة من نفس كثافة التدخل الفردي.
CASE_0247,100307,mixed,5,7379137,0.6707,0.6707,0,ar,تم تحديد المدارس كإطار رئيسي لاستراتيجيات الصحة العامة للوقاية من السمنة لدى الأطفال [10]. أظهرت الأبحاث أن برامج الوقاية من السمنة المدرسية المصممة جيدًا والمنفذة جيدًا كانت فعالة في تقليل مؤشر كتلة الجسم (BMI) و / أو نسبة الدهون في الجسم (PBF) [11].
CASE_0247,100307,mixed,6,2027130,0.6591,0.6591,0,ar,يشارك. 12. السمنة مشكلة صحية كبيرة ، واتضح أنها مكلفة للغاية - خاصة عندما يتعلق الأمر بالأطفال. وفقًا للباحثين الطبيين في جامعة ديوك ، فإن السمنة لدى الأطفال تأتي بسعر تقديري قدره 19000 دولار لكل طفل عند مقارنة التكاليف الطبية مدى الحياة بتكاليف طفل يتمتع بوزن صحي ، وعند تقسيمها حسب عدد السكان ، فإن
CASE_0247,100307,mixed,7,5057829,0.6549,0.6549,0,ar,على مدى العمر ، تكلف السمنة لدى الأطفال 19000 دولار لكل طفل. https://www.sciencedaily.com/releases/2014/04/140407090220.htm. تأتي السمنة في مرحلة الطفولة بسعر يقدر بـ 19000 دولار لكل طفل عند مقارنة التكاليف الطبية مدى الحياة بتكاليف طفل وزن طبيعي ، وفقًا لتحليل. عند ضرب عدد الأشخاص الذين يعانون من ا
CASE_0247,100307,mixed,8,2131763,0.6512,0.6512,0,ar,يتطلب كل برنامج من المرضى التسجيل في الاستشارة الغذائية والخضوع لسلسلة من. اختبارات ما قبل الجراحة ستختلف التكلفة من برنامج إلى آخر. أنا. برنامج علاج السمنة بالمركز الطبي بجامعة ولاية أوهايو. 1. 1700 دولار للجراحة + تكلفة الاستشارات الغذائية. ثانيا. برنامج جبل الكرمل لجراحة السمنة.
CASE_0247,100307,mixed,9,7379135,0.6452,0.6452,0,ar,فحصت غالبية الدراسات المختارة تكاليف الرعاية الصحية لدى البالغين (ن = 8) ، في حين قام عدد قليل بتقييم تكاليف الرعاية الصحية للمراهقين (ن = 1) والأطفال (ن = 1). كانت هناك دراسة واحدة فقط قيمت تكاليف برنامج الوقاية من السمنة لدى الأطفال [21].
CASE_0247,100307,mixed,10,1625305,0.6432,0.6432,0,ar,تكاليف الرعاية الطبية للسمنة في الولايات المتحدة مرتفعة. في عام 2008 ، قدرت هذه التكاليف بنحو 147 مليار دولار. 15- وتتراوح التكاليف الإنتاجية السنوية على الصعيد الوطني للتغيب المرتبط بالبدانة بين 3.38 مليار دولار (79 دولاراً لكل فرد يعاني من السمنة المفرطة) و 6.38 مليار دولار (132 دولاراً لكل فرد يع
CASE_0247,1003277,endpoint,1,7237200,0.6487,0.6487,0,ar,كما هو مفصل أعلاه ، فهم يستخدمون موارد أقل ، وأقل كثافة في العمل ، ويزيد من طاقتهم بشكل جيد. زراعة عشب برمودا. أفضل وقت لزراعة برمودا في منطقة فينيكس هو منتصف شهر أبريل. أولاً ، استخدم آلة الحراثة المزودة بالطاقة لتحويل التربة إلى عمق لا يقل عن 3 بوصات. العمل في بعض السماد العضوي أثناء الحرث والانتب
CASE_0247,1003277,endpoint,2,1821341,0.6387,0.6387,0,ar,قد لا تتحول بذور برمودا المتوفرة عادة إلى نسيج ناعم مثل بعض الأحمق المتوفرة. يمكن وضع نبتة برمودا في أي وقت ، ولكن شهر مايو هو أفضل شهر لغصن أو سد أو نبتة عشب برمودا. هناك العديد من أنواع عشب برمودا. جاءت برمودا المشتركة إلى أمريكا في منتصف عام 1700 من شرق إفريقيا.
CASE_0247,1003277,endpoint,3,4286326,0.6316,0.6316,0,ar,التحضير لزراعة عشب برمودا. Bermudagrass هو عشب عشبي دافئ للموسم ويفضل زراعته في الربيع إلى أواخر الربيع أو أوائل الصيف. قم بزراعة بذور Bermudagrass عندما تكون درجات حرارة التربة أعلى من 65 درجة فهرنهايت (18 درجة مئوية) - يتم الوصول إلى درجة حرارة التربة هذه عندما تكون درجات حرارة الهواء في النهار 80
CASE_0247,1003277,endpoint,4,3658855,0.6306,0.6306,0,ar,قد لا تتحول بذور برمودا المتوفرة عادة إلى نسيج ناعم مثل بعض الأحمق المتوفرة. يمكن وضع نبتة برمودا في أي وقت ، ولكن شهر مايو هو أفضل شهر لغصن أو سد أو نبتة عشب برمودا. هناك العديد من أنواع عشب برمودا. جاءت برمودا المشتركة إلى أمريكا في منتصف عام 1700 من شرق إفريقيا. منذ ذلك الحين ، تم إنتاج الكثير من
CASE_0247,1003277,endpoint,5,6320985,0.6303,0.6303,0,ar,الأفضل التالي هو التوصيل أو التدوير ، والأخير ، بالنسبة لأولئك الذين لديهم الكثير من الصبر ، البذر. قد لا تتحول بذور برمودا المتوفرة عادة إلى نسيج ناعم مثل بعض الأحمق المتوفرة. يمكن وضع نبتة برمودا في أي وقت ، ولكن شهر مايو هو أفضل شهر لغصن أو سد أو نبتة عشب برمودا. هناك العديد من أنواع عشب برمودا.
CASE_0247,1003277,endpoint,6,3241326,0.6286,0.6286,0,ar,المناخ والإنبات. تنبت بذور عشب برمودا بشكل أفضل إذا كانت في تربة ذات درجة حموضة تتراوح بين 6 و 7. ينمو العشب بشكل أفضل عندما تتراوح درجة حرارة التربة بين 75 و 95 درجة فهرنهايت ودرجة حرارة الهواء بين 75 و 95 درجة فهرنهايت. تغطية في أربعة إلى ستة أسابيع.يمكنك زراعة عشب برمودا الشائع من البذور في مناطق
CASE_0247,1003277,endpoint,7,3531749,0.625,0.625,0,ar,التحضير لزراعة عشب برمودا. Bermudagrass هو عشب عشبي دافئ للموسم ويفضل زراعته في الربيع إلى أواخر الربيع أو أوائل الصيف. قم بزراعة بذور Bermudagrass عندما تكون درجات حرارة التربة أعلى من 65 درجة فهرنهايت (18 درجة مئوية) - يتم الوصول إلى درجة حرارة التربة هذه عندما تكون درجات حرارة الهواء في النهار 80
CASE_0247,1003277,endpoint,8,4695670,0.6249,0.6249,0,ar,زراعة عشب البرمودا متى تزرع: عشب برمودا هو عشب عشبي دافئ للموسم. قم بزراعة بذور عشب برمودا في فصلي الربيع والصيف عندما تكون درجات حرارة التربة أعلى من 65 درجة فهرنهايت (18 درجة مئوية) ، قم بزراعة 2 إلى 3 أرطال من بذور عشب برمودا (البذور المغلفة) لكل 1000 قدم مربع ( 1 كجم / 100 متر مربع) لتطبيقات الع
CASE_0247,1003277,endpoint,9,1283126,0.6247,0.6247,0,ar,إطار زمني. عادة ما ينبت عشب برمودا ما بين ثلاثة أيام إلى أسبوع من الزراعة ، لكن الأمر سيستغرق حوالي 10 أسابيع حتى تبدو العشب خصبة. إذا كانت ظروف الزراعة الخاصة بك ليست مثالية ، فقد يستغرق الأمر وقتًا أطول لإنشاء تاريخ عشبي صالح للاستخدام. نشأ عشب برمودا في إفريقيا وتم جلبه إلى أمريكا في القرن الخامس
CASE_0247,1003277,endpoint,10,6371764,0.6243,0.6243,0,ar,تنبت بذور عشب برمودا في غضون 10 إلى 30 يومًا ، اعتمادًا على التربة والظروف الجوية. درجات حرارة التربة بين 65 و 70 درجة فهرنهايت سرعة الإنبات. أانيت ريتشفورد بستاني متعطش ومعلم وعشاق الطبيعة مع أكثر من أربع سنوات من الخبرة في الكتابة عبر الإنترنت. ريتشفورد حاصل على بكالوريوس العلوم في التعليم الثانوي
CASE_0247,1003277,mixed,1,2285392,0.6789,0.6789,0,ar,أفضل وقت ودرجة حرارة لزراعة عشب برمودا. أفضل وقت لزراعة Bermuda Grass Seed هو في أواخر الربيع / أوائل الصيف بعد أن تكون درجات حرارة التربة 65-70 درجة أو أعلى وكل مخاطر التجمد أو الصقيع قد تجاوزت.
CASE_0247,1003277,mixed,2,1263638,0.6758,0.6758,0,ar,أفضل وقت ودرجة حرارة لزراعة عشب برمودا. أفضل وقت لزراعة Bermuda Grass Seed هو في أواخر الربيع / أوائل الصيف بعد أن تكون درجات حرارة التربة 65-70 درجة أو أعلى وكل مخاطر التجمد أو الصقيع قد تجاوزت. يستغرق هذا عمومًا 80 درجة مئوية من درجات الحرارة اليومية المتسقة لتحقيق هذا المستوى من درجة الحرارة في ا
CASE_0247,1003277,mixed,3,4286326,0.6745,0.6745,0,ar,التحضير لزراعة عشب برمودا. Bermudagrass هو عشب عشبي دافئ للموسم ويفضل زراعته في الربيع إلى أواخر الربيع أو أوائل الصيف. قم بزراعة بذور Bermudagrass عندما تكون درجات حرارة التربة أعلى من 65 درجة فهرنهايت (18 درجة مئوية) - يتم الوصول إلى درجة حرارة التربة هذه عندما تكون درجات حرارة الهواء في النهار 80
CASE_0247,1003277,mixed,4,3531749,0.6732,0.6732,0,ar,التحضير لزراعة عشب برمودا. Bermudagrass هو عشب عشبي دافئ للموسم ويفضل زراعته في الربيع إلى أواخر الربيع أو أوائل الصيف. قم بزراعة بذور Bermudagrass عندما تكون درجات حرارة التربة أعلى من 65 درجة فهرنهايت (18 درجة مئوية) - يتم الوصول إلى درجة حرارة التربة هذه عندما تكون درجات حرارة الهواء في النهار 80
CASE_0247,1003277,mixed,5,7237200,0.6699,0.6699,0,ar,كما هو مفصل أعلاه ، فهم يستخدمون موارد أقل ، وأقل كثافة في العمل ، ويزيد من طاقتهم بشكل جيد. زراعة عشب برمودا. أفضل وقت لزراعة برمودا في منطقة فينيكس هو منتصف شهر أبريل. أولاً ، استخدم آلة الحراثة المزودة بالطاقة لتحويل التربة إلى عمق لا يقل عن 3 بوصات. العمل في بعض السماد العضوي أثناء الحرث والانتب
CASE_0247,1003277,mixed,6,4695673,0.6645,0.6645,0,ar,أفضل وقت لزراعة بذور Bermuda Grass Seed هو في أواخر الربيع / أوائل الصيف بعد أن تكون درجة حرارة التربة 65-70 درجة أو أعلى وكل خطر التجمد أو الصقيع قد مضى. 55 & # 176 فهرنهايت لعدة أسابيع. ضع ذلك في الاعتبار عند اتخاذ قرار بشأن وقت غصن أو توصيل أو نقع العشب الدافئ مثل برمودا.
CASE_0247,1003277,mixed,7,3531750,0.653,0.653,0,ar,أفضل وقت لزراعة Bermuda Grass Seed هو في أواخر الربيع / أوائل الصيف بعد أن تكون درجات حرارة التربة 65-70 درجة أو أعلى وكل مخاطر التجمد أو الصقيع قد تجاوزت.
CASE_0247,1003277,mixed,8,1821341,0.6313,0.6313,0,ar,قد لا تتحول بذور برمودا المتوفرة عادة إلى نسيج ناعم مثل بعض الأحمق المتوفرة. يمكن وضع نبتة برمودا في أي وقت ، ولكن شهر مايو هو أفضل شهر لغصن أو سد أو نبتة عشب برمودا. هناك العديد من أنواع عشب برمودا. جاءت برمودا المشتركة إلى أمريكا في منتصف عام 1700 من شرق إفريقيا.
CASE_0247,1003277,mixed,9,1930589,0.6312,0.6312,0,ar,الزمان: من الأفضل أن تزرع برمودا في أواخر الربيع / أوائل الصيف. لا تزرع التربة حتى تصل درجة حرارة التربة إلى 65/70 درجة أو أعلى في الربيع وتنتهي جميع مخاطر التجمد / الصقيع. إذا زرعت في وقت مبكر جدًا ، فأنت تخاطر بقتل البذور أو عدم إنباتها.
CASE_0247,1003277,mixed,10,3588398,0.6309,0.6309,0,ar,أفضل وقت لزراعة Bermuda Grass Seed هو في أواخر الربيع / أوائل الصيف بعد أن تكون درجة حرارة التربة 65-70 درجة أو أعلى وكل مخاطر التجمد أو الصقيع قد انقضت. أفضل وقت لزراعة Bermuda Grass Seed هو في أواخر الربيع / أوائل الصيف بعد درجات حرارة التربة 65-70 + درجة أو أعلى وجميع مخاطر التجمد أو الصقيع قد مض
CASE_0247,1003482,endpoint,1,4191403,0.6857,0.6857,0,ar,جيكو الاتحاد الائتماني الاتحادي رقم أبا. رقم التوجيه 255076928 هو رقم مكون من 9 أرقام تم تصميمه وتخصيصه إلى Geico Federal Credit Union من قبل American Bankers Association (ABA) لتحديد المؤسسة المالية التي تم سحب الدفعة بناءً عليها.
CASE_0247,1003482,endpoint,2,8167472,0.684,0.684,0,ar,رقم أبا للتوجيه المصرفي. رقم التوجيه 301071712 هو رقم مكون من 9 أرقام تم تصميمه وتخصيصه لـ Bankliberty بواسطة American Bankers Association (ABA) لتحديد المؤسسة المالية التي تم سحب الدفعة بناءً عليها. تُعرف أرقام توجيه Bankliberty أيضًا باسم أرقام ABA ، أو أرقام عبور التوجيه (RTN) ، أو تحقق من أرقام
CASE_0247,1003482,endpoint,3,6078696,0.6784,0.6784,0,ar,بلدي الاتحاد الائتماني الفيدرالي الاتحاد رقم أبا. رقم التوجيه 316386434 عبارة عن رقم مكون من 9 أرقام تم تصميمه وتخصيصه إلى My Community Federal Credit Union بواسطة American Bankers Association (ABA) لتحديد المؤسسة المالية التي تم سحب الدفعة بناءً عليها.
CASE_0247,1003482,endpoint,4,2010553,0.6711,0.6711,0,ar,رقم أبا لاتحاد الائتمان البحري في المحيط الهادئ. رقم التوجيه 322274925 هو رقم مكون من 9 أرقام تم تصميمه وتخصيصه لاتحاد التسليف والائتمان البحري من قبل جمعية المصرفيين الأمريكية (ABA) لتحديد المؤسسة المالية التي تم سحب الدفعة بناءً عليها.
CASE_0247,1003482,endpoint,5,7010715,0.6708,0.6708,0,ar,برج إتحاد الائتمان الإتحادي رقم أبا. رقم التوجيه 255077370 هو رقم مكون من 9 أرقام تم تصميمه وتخصيصه إلى Tower Federal Credit Union من قبل American Bankers Association (ABA) لتحديد المؤسسة المالية التي تم سحب المدفوعات عليها.
CASE_0247,1003482,endpoint,6,1094852,0.6707,0.6707,0,ar,رقم ABA (المعروف أيضًا باسم رقم التوجيه أو رقم التحويل التوجيهي) هو سلسلة من تسعة أحرف رقمية تستخدمها البنوك لتحديد مؤسسات مالية معينة داخل الولايات المتحدة. يُستخدم رقم ABA في التعاملات السلكية ومعاملات غرفة المقاصة التلقائية الإلكترونية (ACH) مثل التحويل الإلكتروني للأموال ، والإيداع المباشر ، وال
CASE_0247,1003482,endpoint,7,6668493,0.6688,0.6688,0,ar,https://www.paypal-prepaid.com/faq.shtml. رقم توجيه ABA لبنك Bancorp هو 031101169. ملاحظة: رقم حساب بطاقتك ليس هو الرقم المكون من 16 رقمًا على البطاقة. هناك 3 طرق لمعرفة رقم حساب بطاقتك: إذا كانت بطاقة PayPal مسبقة الدفع الخاصة بك مرتبطة بحساب PayPal الخاص بك ، فقم بتسجيل الدخول إلى مركز الحساب الخا
CASE_0247,1003482,endpoint,8,5437773,0.6655,0.6655,0,ar,من الأسئلة الشائعة: https://www.paypal-prepaid.com/faq.shtml. رقم توجيه ABA لبنك Bancorp هو 031101169. ملاحظة: رقم حساب بطاقتك ليس هو الرقم المكون من 16 رقمًا على البطاقة. هناك 3 طرق لمعرفة رقم حساب بطاقتك: إذا كانت بطاقة PayPal مسبقة الدفع الخاصة بك مرتبطة بحساب PayPal الخاص بك ، فقم بتسجيل الدخول
CASE_0247,1003482,endpoint,9,8408469,0.6648,0.6648,0,ar,جمعية المصرفيين الأمريكية. رقم توجيه ABA هو رقم مكون من تسعة أرقام يحدد المؤسسة المالية المرتبطة بحساب العميل المصرفي. للحصول على رقم توجيه ، انظر إلى الزاوية اليسرى السفلية للشيك الحالي أو قسيمة الإيداع من البنك. ما هو بنك ابا.
CASE_0247,1003482,endpoint,10,1829160,0.6646,0.6646,0,ar,رقم توجيه ABA لبنك Bancorp هو 031101169. ملاحظة: رقم حساب بطاقتك ليس هو الرقم المكون من 16 رقمًا على البطاقة. هناك 3 طرق لمعرفة رقم حساب بطاقتك: إذا كانت بطاقة PayPal مسبقة الدفع الخاصة بك مرتبطة بحساب PayPal الخاص بك ، فقم بتسجيل الدخول إلى مركز الحساب الخاص بك على الإنترنت. من القائمة الرئيسية ، ح
CASE_0247,1003482,mixed,1,1094852,0.7253,0.7253,0,ar,رقم ABA (المعروف أيضًا باسم رقم التوجيه أو رقم التحويل التوجيهي) هو سلسلة من تسعة أحرف رقمية تستخدمها البنوك لتحديد مؤسسات مالية معينة داخل الولايات المتحدة. يُستخدم رقم ABA في التعاملات السلكية ومعاملات غرفة المقاصة التلقائية الإلكترونية (ACH) مثل التحويل الإلكتروني للأموال ، والإيداع المباشر ، وال
CASE_0247,1003482,mixed,2,7431838,0.7055,0.7055,0,ar,رقم التوجيه الذي يشار إليه أحيانًا باسم aba هو تسلسل من تسعة أرقام تستخدمها البنوك لتحديد الضمانات المالية المحددة ضمن هذا الرقم يثبت البنك ما هو رقم الحساب المصرفي المستخدم لـ [ࢠ€ ¦]
CASE_0247,1003482,mixed,3,43743,0.7025,0.7025,0,ar,إذا كنت تعيد ترتيب الشيكات ، أو تُعد إيداعًا مباشرًا أو دفعًا آليًا ، أو تقوم بإعداد تحويل إلكتروني ، فمن المحتمل أن يُطلب منك تقديم رقم ABA إلى مؤسستك المالية. تعمل أرقام ABA على تسريع معالجة عمليات الخصم والائتمان بين المؤسسات المالية.
CASE_0247,1003482,mixed,4,7209809,0.6999,0.6999,0,ar,في بعض الحالات ، يكون الرقم في مكان آخر ، ولكن إذا كنت تعمل بشيك شخصي ، فيجب أن تنظر إلى أسفل اليسار. تعمل أرقام ABA كعنوان للبنك الذي تتعامل معه. باستخدام هذا الرقم ، يمكن للمصارف الأخرى الاتصال بالمصرف الذي تتعامل معه وتحصيل الأموال من حسابك عند كتابة شيك.
CASE_0247,1003482,mixed,5,3804936,0.6974,0.6974,0,ar,رقم عبور التوجيه رقم عبور التوجيه aba هو رمز مكون من تسعة أرقام يُستخدم في الولايات المتحدة ويظهر في الجزء السفلي من الأدوات القابلة للتداول مثل الشيكات لتحديد المؤسسة المالية التي تم السحب عليها
CASE_0247,1003482,mixed,6,1773733,0.6955,0.6955,0,ar,تم التحديث في 11 أغسطس 2016. رقم توجيه ABA هو رمز مكون من تسعة أرقام يحدد البنوك في الولايات المتحدة. يساعد هذا الرمز البنوك الأخرى في تحويل الأموال من وإلى حسابك لإجراء معاملات مثل الإيداع المباشر ودفع الفواتير تلقائيًا.
CASE_0247,1003482,mixed,7,3808618,0.6955,0.6955,0,ar,"""رقم توجيه العبور / ABA هو رقم تعريف مكون من 9 أرقام مخصص لمؤسسة مالية من قبل جمعية المصرفيين الأمريكية ، ويحدد هذا الرقم المؤسسة المالية التي يتم سحب المدفوعات بناءً عليها. ¬Ã'Å تحقق من أرقام التوجيه """"أرقام عبور التوجيه"""" ¢. قد تختلف أرقام التوجيه بناءً على مكان فتح الحساب أو نوع المعاملة التي يتم"
CASE_0247,1003482,mixed,8,1221820,0.695,0.695,0,ar,رقم ABA أو رقم عبور ABA عبارة عن ترميز رقمي مطبوع على أداة قابلة للتداول لشيك ، مما يسهل مقاصة الشيكات بين البنوك ، وقد يكون ذلك داخل فرع أو معاملة بين البنوك. تتم إدارة النظام من قبل نفس المنظمة التي يرمز إليها اختصار ABA ، وهي جمعية المصرفيين الأمريكية.
CASE_0247,1003482,mixed,9,2204632,0.6947,0.6947,0,ar,إذا كان لديك حساب تجاري ، فسيتبع رقم ABA رقم التحقق المكون من ستة أرقام في الجزء السفلي من الشيك. يُعرف رقم ABA أيضًا باسم رقم التوجيه والعبور أو RTN أو رقم البنك. تم تأسيسه من قبل جمعية المصرفيين الأمريكيين للتعرف على بنك صاحب الحساب 036076150. وجد شخصان هذا مفيدًا.
CASE_0247,1003482,mixed,10,7257370,0.6932,0.6932,0,ar,رقم توجيه ABA هو رمز للمدفوعات الإلكترونية من وإلى الحساب المصرفي. تعرف على مكان العثور على هذا الرمز المكون من تسعة أرقام وكيفية استخدامه. رقم توجيه ABA هو رمز للمدفوعات الإلكترونية من وإلى الحساب المصرفي.
CASE_0247,1004199,endpoint,1,7762537,0.7757,0.7757,1,ar,أثناء إطلاق النار الأول ، كان توباك موجودًا ، أين أطلق النار على جسده؟ سمعت أنه كان مرتين في الفخذ ومرتين في الرأس ومرتين في اليد. لكن كيف نجا؟ أي معلومة موضع تقدير.
CASE_0247,1004199,endpoint,2,5246999,0.6731,0.6731,0,ar,في 7 سبتمبر 1996 ، تم إطلاق النار على توباك أربع مرات في إطلاق نار من سيارة مسرعة في لاس فيجاس ، نيفادا. في 13 سبتمبر 1996 ، بعد ستة أيام من إطلاق النار ، توفي توباك بسبب فشل تنفسي وسكتة قلبية في المركز الطبي الجامعي ، لاس فيغاس.
CASE_0247,1004199,endpoint,3,4944315,0.6498,0.6498,0,ar,تصويت الثقة 1.9K. في 7 سبتمبر / أيلول 1996 ، في حوالي الساعة 11:15 مساءً ، أصيب توباك شاكور بأربع طلقة من اثنتي عشرة أو ثلاثة عشر رصاصة أُطلقت من سيارة إلى أخرى في منتصف الشارع ، وأصيبته بعيار ناري في صدره ، وحوضه ، و يده اليمنى وفخذه. يبدو أن إحدى الجولات ارتدت في الرئة اليمنى لشاكور.
CASE_0247,1004199,endpoint,4,5160701,0.6358,0.6358,0,ar,توباك للرماية. في 7 سبتمبر 1996 ، غادر توباك مباراة ملاكمة مايك تايسون في لاس فيجاس ، نيفادا. تشاجر مع أحد أعضاء عائلة كريبس في بهو الفندق قبل مغادرته في سيارته. عندما توقفت عند إشارة حمراء ، توقفت سيارة حتى شاكور وأطلقت 12 طلقة على مغني الراب.
CASE_0247,1004199,endpoint,5,7762536,0.6288,0.6288,0,ar,تم إطلاق النار على توباك عدة مرات. في سبتمبر 1996 ، تم إطلاق النار على 2Pac أربع مرات في منطقة العاصمة نيفادا في لاس فيغاس. تم نقله إلى المركز الطبي الجامعي ، حيث توفي متأثراً بفشل في التنفس وسكتة قلبية.
CASE_0247,1004199,endpoint,6,7022736,0.6255,0.6255,0,ar,توباك (يسار) وسوج نايت في لوس أنجلوس عام 1996 الائتمان: AP. وبينما كانوا ينتظرون تغيير الأضواء ، توقفت سيارة كاديلاك بيضاء بجانبها ، أطلقت منها 14 طلقة. أصيب توباك ست مرات برصاصة اخترقت رئته. توفي بعد ستة أيام ، عن عمر يناهز 25 عامًا ، متأثرًا بجروح أصيب بها في الهجوم. بعد عشرين عامًا ، لم تتم إدانة
CASE_0247,1004199,endpoint,7,5799665,0.6188,0.6188,0,ar,تم إطلاق النار على توباك عدة مرات. في سبتمبر 1996 ، تم إطلاق النار على 2Pac أربع مرات في منطقة العاصمة نيفادا في لاس فيغاس. تم نقله إلى المركز الطبي الجامعي ، حيث توفي متأثراً بفشل في التنفس وسكتة قلبية. BrainIsForLovers.
CASE_0247,1004199,endpoint,8,2354099,0.6153,0.6153,0,ar,في 7 سبتمبر / أيلول 1996 ، في حوالي الساعة 11:15 مساءً ، أصيب توباك شاكور بأربع طلقة من اثنتي عشرة أو ثلاثة عشر رصاصة أُطلقت من سيارة إلى أخرى في منتصف الشارع ، وأصيبته بعيار ناري في صدره ، وحوضه ، و يده اليمنى وفخذه. يبدو أن إحدى الجولات ارتدت في الرئة اليمنى لشاكور.
CASE_0247,1004199,endpoint,9,5382092,0.6075,0.6075,0,ar,EDT) في المركز الطبي الجامعي في لاس فيجاس ، حيث كان يتشبث بالحياة منذ تعرضه للتفجير أربع مرات في صدره في 7 سبتمبر بالقرب من قطاع مضاء بالنيون. وقال متحدث باسم المستشفى إنه توفي بسبب فشل في التنفس وسكتة قلبية. أصيب توباك شاكور بجروح خطيرة بعد إطلاق النار من سيارة مارة عام 1996.
CASE_0247,1004199,endpoint,10,4507440,0.6057,0.6057,0,ar,بينما نجا توباك من إطلاق النار ، الذي وقع في 30 نوفمبر 1994 ، في استوديوهات التسجيل الرباعي في مانهاتن ، وتركه برصاصتين في رأسه ، حرض الحادث مباشرة الساحل الشرقي المميت. - عداء الراب في West Cost ، مما أدى إلى مقتل كل من توباك ومنافسته في الساحل الشرقي بيجي سمولز بالرصاص.
CASE_0247,1004199,mixed,1,7762537,0.7371,0.7371,1,ar,أثناء إطلاق النار الأول ، كان توباك موجودًا ، أين أطلق النار على جسده؟ سمعت أنه كان مرتين في الفخذ ومرتين في الرأس ومرتين في اليد. لكن كيف نجا؟ أي معلومة موضع تقدير.
CASE_0247,1004199,mixed,2,5246999,0.6572,0.6572,0,ar,في 7 سبتمبر 1996 ، تم إطلاق النار على توباك أربع مرات في إطلاق نار من سيارة مسرعة في لاس فيجاس ، نيفادا. في 13 سبتمبر 1996 ، بعد ستة أيام من إطلاق النار ، توفي توباك بسبب فشل تنفسي وسكتة قلبية في المركز الطبي الجامعي ، لاس فيغاس.
CASE_0247,1004199,mixed,3,7762536,0.6479,0.6479,0,ar,تم إطلاق النار على توباك عدة مرات. في سبتمبر 1996 ، تم إطلاق النار على 2Pac أربع مرات في منطقة العاصمة نيفادا في لاس فيغاس. تم نقله إلى المركز الطبي الجامعي ، حيث توفي متأثراً بفشل في التنفس وسكتة قلبية.
CASE_0247,1004199,mixed,4,4944315,0.6385,0.6385,0,ar,تصويت الثقة 1.9K. في 7 سبتمبر / أيلول 1996 ، في حوالي الساعة 11:15 مساءً ، أصيب توباك شاكور بأربع طلقة من اثنتي عشرة أو ثلاثة عشر رصاصة أُطلقت من سيارة إلى أخرى في منتصف الشارع ، وأصيبته بعيار ناري في صدره ، وحوضه ، و يده اليمنى وفخذه. يبدو أن إحدى الجولات ارتدت في الرئة اليمنى لشاكور.
CASE_0247,1004199,mixed,5,5799665,0.6376,0.6376,0,ar,تم إطلاق النار على توباك عدة مرات. في سبتمبر 1996 ، تم إطلاق النار على 2Pac أربع مرات في منطقة العاصمة نيفادا في لاس فيغاس. تم نقله إلى المركز الطبي الجامعي ، حيث توفي متأثراً بفشل في التنفس وسكتة قلبية. BrainIsForLovers.
CASE_0247,1004199,mixed,6,5382092,0.631,0.631,0,ar,EDT) في المركز الطبي الجامعي في لاس فيجاس ، حيث كان يتشبث بالحياة منذ تعرضه للتفجير أربع مرات في صدره في 7 سبتمبر بالقرب من قطاع مضاء بالنيون. وقال متحدث باسم المستشفى إنه توفي بسبب فشل في التنفس وسكتة قلبية. أصيب توباك شاكور بجروح خطيرة بعد إطلاق النار من سيارة مارة عام 1996.
CASE_0247,1004199,mixed,7,5160701,0.6274,0.6274,0,ar,توباك للرماية. في 7 سبتمبر 1996 ، غادر توباك مباراة ملاكمة مايك تايسون في لاس فيجاس ، نيفادا. تشاجر مع أحد أعضاء عائلة كريبس في بهو الفندق قبل مغادرته في سيارته. عندما توقفت عند إشارة حمراء ، توقفت سيارة حتى شاكور وأطلقت 12 طلقة على مغني الراب.
CASE_0247,1004199,mixed,8,7022733,0.6168,0.6168,0,ar,تم إطلاق النار على شكور أربع مرات بواسطة غلوك عيار 40 ، مرتين في الصدر ، مرة في اليد ومرة ​​في الفخذ. وتوفي متأثرا بجراحه بعد ستة أيام في المركز الطبي الجامعي بجنوب نيفادا. وُلد توباك شاكور ، واسمه الحقيقي ليسان باريش كروكس ، في إيست هارلم ، مدينة نيويورك عام 1971.
CASE_0247,1004199,mixed,9,2445468,0.6108,0.6108,0,ar,أصيب توباك شاكور بالرصاص خارج استوديو كواد في مانهاتن في عام 1994 - قبل عامين من إطلاق النار عليه في لاس فيغاس. سرقة 1994 في استوديو التسجيل في وسط المدينة هبطت شاكور في مستشفى مانهاتن بخمس طلقات نارية.
CASE_0247,1004199,mixed,10,4507440,0.6099,0.6099,0,ar,بينما نجا توباك من إطلاق النار ، الذي وقع في 30 نوفمبر 1994 ، في استوديوهات التسجيل الرباعي في مانهاتن ، وتركه برصاصتين في رأسه ، حرض الحادث مباشرة الساحل الشرقي المميت. - عداء الراب في West Cost ، مما أدى إلى مقتل كل من توباك ومنافسته في الساحل الشرقي بيجي سمولز بالرصاص.
CASE_0247,1004322,endpoint,1,2485718,0.7197,0.7197,0,ar,حجم الرحم. حوالي 12 أسبوعًا من الحمل ، يمكن الشعور بأعلى الرحم (قاع الرحم) فوق حافة الحوض. في الأسبوع العشرين ، سيكون قاع السرة على ارتفاع يقارب السرة.
CASE_0247,1004322,endpoint,2,4040542,0.7143,0.7143,0,ar,عندما تقوم بقياس الرحم ، فإنك تتحقق لمعرفة مكان الجزء العلوي من الرحم. علامات صحية. 1 يتطابق ارتفاع الرحم مع عمر الحمل للجنين ، أي عدد أسابيع أو شهور الحمل (الحمل). 2 يرتفع الجزء العلوي من الرحم في بطن الأم بحوالي إصبعين أو 4 سم كل شهر. حوالي ثمانية إلى تسعة أشهر (36-40 أسبوعًا) ، أعلى الرحم يكاد يص
CASE_0247,1004322,endpoint,3,4040543,0.7135,0.7135,0,ar,1 يتطابق ارتفاع الرحم مع عمر الحمل للجنين ، أي عدد أسابيع أو شهور الحمل (الحمل). 2 يرتفع الجزء العلوي من الرحم في بطن الأم بحوالي إصبعين أو 4 سم كل شهر. حوالي ثمانية إلى تسعة أشهر (36-40 أسبوعًا) ، أعلى الرحم يكاد يصل إلى أسفل ضلوع الأم. قد ينخفض ​​الأطفال في الأسابيع التي تسبق الولادة مباشرة. يمكنك
CASE_0247,1004322,endpoint,4,6241481,0.7135,0.7135,0,ar,في حوالي خمسة أشهر (20-22 أسبوعًا) ، يكون الجزء العلوي من الرحم عادةً عند سرة بطن الأم (السرة أو السرة). في حوالي ثمانية إلى تسعة أشهر (36-40 أسبوعًا) ، يكون الجزء العلوي من الرحم تقريبًا يصل إلى أسفل ضلوع الأم. قد ينخفض ​​الأطفال في الأسابيع التي تسبق الولادة مباشرة ، يمكنك إلقاء نظرة على الشكل 7.1
CASE_0247,1004322,endpoint,5,8803450,0.7076,0.7076,0,ar,20 اسبوع بطن الحامل. بدءًا من الأسبوع العشرين من الحمل تقريبًا ، سيقيس طبيبك ارتفاع قاع الرحم في كل زيارة قبل الولادة. ارتفاع قاع الرحم هو المسافة من عظم العانة إلى أعلى الرحم. بالسنتيمتر ، يجب أن يتطابق ارتفاع قاع الرحم مع أسبوع الحمل ، أي يزيد أو يزيد عن سنتيمترين.
CASE_0247,1004322,endpoint,6,4764891,0.7073,0.7073,0,ar,أثناء الحمل ، سيتغير موضع عنق الرحم ، لكن هذا يحدث في أوقات مختلفة بالنسبة للنساء المختلفات. يرتفع عنق الرحم قليلاً ويصبح أكثر ليونة في وقت مبكر من اليوم الثاني عشر بعد الإباضة أو بعد ذلك بقليل ، عندما يصبح اختبار الحمل المنزلي إيجابيًا. بالنسبة لبعض النساء ، يحدث هذا قبل أن يتوقعن الدورة الشهرية مب
CASE_0247,1004322,endpoint,7,5662281,0.7061,0.7061,0,ar,أثناء الحمل ، سيتغير موضع عنق الرحم ، لكن هذا يحدث في أوقات مختلفة بالنسبة للنساء المختلفات. يرتفع عنق الرحم قليلاً ويصبح أكثر ليونة في وقت مبكر من اليوم الثاني عشر بعد الإباضة أو بعد ذلك بقليل ، عندما يصبح اختبار الحمل المنزلي إيجابيًا. عنق رحم المرأة هو عنق الرحم الذي يمتد إلى المهبل. يظل هذا الأن
CASE_0247,1004322,endpoint,8,2556748,0.705,0.705,0,ar,حمل. ينتج عن هذا التغييرات الأكثر ديناميكية في حجم الرحم. مع تقدم الحمل بعد 12 أسبوعًا ، يبدأ الرحم في الخروج من الحوض. في الأسبوع العشرين ، يكون قاع الرحم أو الجزء العلوي منه محسوسًا على مستوى زر البطن.
CASE_0247,1004322,endpoint,9,441422,0.7001,0.7001,0,ar,أثناء الحمل ، سيتغير موضع عنق الرحم ، لكن هذا يحدث في أوقات مختلفة بالنسبة للنساء المختلفات. يرتفع عنق الرحم قليلاً ويصبح أكثر ليونة في وقت مبكر من اليوم الثاني عشر بعد الإباضة أو بعد ذلك بقليل ، عندما يصبح اختبار الحمل المنزلي إيجابيًا.
CASE_0247,1004322,endpoint,10,3355190,0.699,0.699,0,ar,بعد حوالي 20 أسبوعًا ، يرتبط ارتفاع قاع الرحم (أعلى الرحم) ، المقاس بالسنتيمتر من أعلى عظم العانة ، بأسبوع الحمل الحالي.
CASE_0247,1004322,mixed,1,4040542,0.7124,0.7124,0,ar,عندما تقوم بقياس الرحم ، فإنك تتحقق لمعرفة مكان الجزء العلوي من الرحم. علامات صحية. 1 يتطابق ارتفاع الرحم مع عمر الحمل للجنين ، أي عدد أسابيع أو شهور الحمل (الحمل). 2 يرتفع الجزء العلوي من الرحم في بطن الأم بحوالي إصبعين أو 4 سم كل شهر. حوالي ثمانية إلى تسعة أشهر (36-40 أسبوعًا) ، أعلى الرحم يكاد يص
CASE_0247,1004322,mixed,2,4040543,0.7117,0.7117,0,ar,1 يتطابق ارتفاع الرحم مع عمر الحمل للجنين ، أي عدد أسابيع أو شهور الحمل (الحمل). 2 يرتفع الجزء العلوي من الرحم في بطن الأم بحوالي إصبعين أو 4 سم كل شهر. حوالي ثمانية إلى تسعة أشهر (36-40 أسبوعًا) ، أعلى الرحم يكاد يصل إلى أسفل ضلوع الأم. قد ينخفض ​​الأطفال في الأسابيع التي تسبق الولادة مباشرة. يمكنك
CASE_0247,1004322,mixed,3,6241481,0.7067,0.7067,0,ar,في حوالي خمسة أشهر (20-22 أسبوعًا) ، يكون الجزء العلوي من الرحم عادةً عند سرة بطن الأم (السرة أو السرة). في حوالي ثمانية إلى تسعة أشهر (36-40 أسبوعًا) ، يكون الجزء العلوي من الرحم تقريبًا يصل إلى أسفل ضلوع الأم. قد ينخفض ​​الأطفال في الأسابيع التي تسبق الولادة مباشرة ، يمكنك إلقاء نظرة على الشكل 7.1
CASE_0247,1004322,mixed,4,4764891,0.7057,0.7057,0,ar,أثناء الحمل ، سيتغير موضع عنق الرحم ، لكن هذا يحدث في أوقات مختلفة بالنسبة للنساء المختلفات. يرتفع عنق الرحم قليلاً ويصبح أكثر ليونة في وقت مبكر من اليوم الثاني عشر بعد الإباضة أو بعد ذلك بقليل ، عندما يصبح اختبار الحمل المنزلي إيجابيًا. بالنسبة لبعض النساء ، يحدث هذا قبل أن يتوقعن الدورة الشهرية مب
CASE_0247,1004322,mixed,5,8803450,0.7013,0.7013,0,ar,20 اسبوع بطن الحامل. بدءًا من الأسبوع العشرين من الحمل تقريبًا ، سيقيس طبيبك ارتفاع قاع الرحم في كل زيارة قبل الولادة. ارتفاع قاع الرحم هو المسافة من عظم العانة إلى أعلى الرحم. بالسنتيمتر ، يجب أن يتطابق ارتفاع قاع الرحم مع أسبوع الحمل ، أي يزيد أو يزيد عن سنتيمترين.
CASE_0247,1004322,mixed,6,2485718,0.6984,0.6984,0,ar,حجم الرحم. حوالي 12 أسبوعًا من الحمل ، يمكن الشعور بأعلى الرحم (قاع الرحم) فوق حافة الحوض. في الأسبوع العشرين ، سيكون قاع السرة على ارتفاع يقارب السرة.
CASE_0247,1004322,mixed,7,441422,0.6974,0.6974,0,ar,أثناء الحمل ، سيتغير موضع عنق الرحم ، لكن هذا يحدث في أوقات مختلفة بالنسبة للنساء المختلفات. يرتفع عنق الرحم قليلاً ويصبح أكثر ليونة في وقت مبكر من اليوم الثاني عشر بعد الإباضة أو بعد ذلك بقليل ، عندما يصبح اختبار الحمل المنزلي إيجابيًا.
CASE_0247,1004322,mixed,8,3352308,0.6968,0.6968,0,ar,تغييرات عنق الرحم أثناء الحمل. عندما يكون الحمل لا يزال حديثًا (حوالي 12 أسبوعًا) يرتفع موضع عنق الرحم ، لكنه لا يرتفع إلى موضعه الأولي قبل الانغراس. يلين عنق الرحم (أو ينضج كما يشير إليه بعض الناس). يمكن للمرأة أن تشعر بهذه التغييرات بنفسها باستخدام إصبعها.
CASE_0247,1004322,mixed,9,2556748,0.6941,0.6941,0,ar,حمل. ينتج عن هذا التغييرات الأكثر ديناميكية في حجم الرحم. مع تقدم الحمل بعد 12 أسبوعًا ، يبدأ الرحم في الخروج من الحوض. في الأسبوع العشرين ، يكون قاع الرحم أو الجزء العلوي منه محسوسًا على مستوى زر البطن.
CASE_0247,1004322,mixed,10,5662281,0.6934,0.6934,0,ar,أثناء الحمل ، سيتغير موضع عنق الرحم ، لكن هذا يحدث في أوقات مختلفة بالنسبة للنساء المختلفات. يرتفع عنق الرحم قليلاً ويصبح أكثر ليونة في وقت مبكر من اليوم الثاني عشر بعد الإباضة أو بعد ذلك بقليل ، عندما يصبح اختبار الحمل المنزلي إيجابيًا. عنق رحم المرأة هو عنق الرحم الذي يمتد إلى المهبل. يظل هذا الأن
CASE_0247,1004949,endpoint,1,7256206,0.6575,0.6575,0,ar,عذرًا ، Netflix. ديزني تطلق خدمة البث الخاصة بها. ومن المقرر إطلاق الخدمة في عام 2019. مع وجود خدمات بث جديدة قيد الإعداد ، تحاول Disney أن تهيئ نفسها لمستقبل تم تأطيره إلى حد كبير بواسطة Netflix: توفير الأشياء التي تريد مشاهدتها ، عندما تريد مشاهدتها. تطلق The Magic Kingdom خدمة البث المباشر الخاصة
CASE_0247,1004949,endpoint,2,7256199,0.625,0.625,0,ar,وفي الوقت نفسه ، حول خدمة ESPN ، تقول Disney إنها ستطلق: يقول Iger إنها ستكون متاحة في Ã'Ã' early أوائل عام 2018 وسيشمل أكثر من 10،000 ساعة من رياضات. لن يكون هذا الإصدار المباشر للمستهلك لقناة ESPN الحقيقية التي يستخدمها الأشخاص تخمين منذ سنوات.
CASE_0247,1004949,endpoint,3,2816376,0.6183,0.6183,0,ar,هذه الخدمة هي خليفة لخدمة TV Everywhere الأصلية لقناة ديزني ، قناة Watch Disney ، والتي تم إطلاقها في يونيو 2012 ؛ في سبتمبر 2017 ، استبدلت Disney التطبيقات المنفصلة لقناة Disney و Junior و XD بتطبيق جديد يُعرف باسم DisneyNow.
CASE_0247,1004949,endpoint,4,4410810,0.6083,0.6083,0,ar,Disney Infinity هي لعبة فيديو رمل ومغامرة تم تطويرها بواسطة Avalanche Software ونشرتها Disney Interactive Studios. [2] تم الإعلان عنه في 15 يناير 2013 وتم تطويره لحوالي 100 مليون دولار.
CASE_0247,1004949,endpoint,5,3805912,0.5974,0.5974,0,ar,المطالبة: ستتوفر مجموعة أفلام ديزني بأكملها للعرض عبر Netflix بدءًا من سبتمبر 2016. ما هو صحيح: بدءًا من سبتمبر 2016 ، ستكون Netflix هي المنفذ المنزلي الحصري للتلفزيون المدفوع في الولايات المتحدة لأفلام Disney الجديدة.
CASE_0247,1004949,endpoint,6,7256201,0.5964,0.5964,0,ar,الثلاثاء 8 أغسطس ، 2017. أعلنت شركة ديزني عن إطلاق خدمة البث ESPN الخاصة بها بدءًا من عام 2018 ، حسبما أعلنت الشركة الإعلامية في أحدث مكالمة أرباح لها. يبدو أن خدمة البث المباشر ستسمح للمستهلكين بالدفع مقابل محتوى ESPN دون شراء كابل أكبر أو حزمة قمر صناعي.
CASE_0247,1004949,endpoint,7,7256207,0.5941,0.5941,0,ar,ستطلق ديزني خدمة اشتراك بالفيديو خالية من الإعلانات على غرار Netflix في عام 2019. تم الإعلان أمس من قبل الرئيس التنفيذي لشركة Disney Bob Iger أثناء مكالمة مع أحد المستثمرين. أصبحت الخدمة التي لم تحمل عنوانًا ممكنًا بعد انتهاء صلاحية عقد بث ديزني - Ã'â ؟؟ - لمدة ثلاث سنوات مع Netflix ، والذي ينتهي في
CASE_0247,1004949,endpoint,8,5451699,0.5916,0.5916,0,ar,Disney Springs هو مجمع للتسوق وتناول الطعام والترفيه في الهواء الطلق في Walt Disney World Resort في Bay Lake ، فلوريدا ، بالقرب من أورلاندو. تم افتتاح المجمع في 22 مارس 1975 ، وتم توسيعه وإعادة تسميته في أوقات أخرى على مر السنين ، حتى 2013 ، عندما تم الإعلان عن خطط لتجديد وتوسيع المجمع لمدة ثلاث سنو
CASE_0247,1004949,endpoint,9,3034099,0.5906,0.5906,0,ar,البناء والتطوير. تم الإعلان عن العرض لأول مرة كجزء من توسعة Disney California Adventure Park في خريف عام 2007. بدأ بناء المعرض المائي مع تجفيف البحيرة في 3 نوفمبر 2008. بدأ البناء على المنصة في 5 يناير 2009. The تمت إعادة تعبئة المياه في خليج الجنة في نوفمبر 2009.
CASE_0247,1004949,endpoint,10,878249,0.5857,0.5857,0,ar,المطالبة: ستتوفر مجموعة أفلام ديزني بأكملها للعرض عبر Netflix اعتبارًا من سبتمبر 2016. في الغالب خطأ. ما هو صحيح: اعتبارًا من سبتمبر 2016 ، ستكون Netflix هي المنفذ المنزلي الحصري للتلفزيون المدفوع في الولايات المتحدة لأفلام Disney الجديدة. الخطأ الخطأ: لن تقوم Netflix ببث مجموعة أفلام ديزني بالكامل
CASE_0247,1004949,mixed,1,7256206,0.7111,0.7111,0,ar,عذرًا ، Netflix. ديزني تطلق خدمة البث الخاصة بها. ومن المقرر إطلاق الخدمة في عام 2019. مع وجود خدمات بث جديدة قيد الإعداد ، تحاول Disney أن تهيئ نفسها لمستقبل تم تأطيره إلى حد كبير بواسطة Netflix: توفير الأشياء التي تريد مشاهدتها ، عندما تريد مشاهدتها. تطلق The Magic Kingdom خدمة البث المباشر الخاصة
CASE_0247,1004949,mixed,2,7256201,0.6635,0.6635,0,ar,الثلاثاء 8 أغسطس ، 2017. أعلنت شركة ديزني عن إطلاق خدمة البث ESPN الخاصة بها بدءًا من عام 2018 ، حسبما أعلنت الشركة الإعلامية في أحدث مكالمة أرباح لها. يبدو أن خدمة البث المباشر ستسمح للمستهلكين بالدفع مقابل محتوى ESPN دون شراء كابل أكبر أو حزمة قمر صناعي.
CASE_0247,1004949,mixed,3,7256207,0.6603,0.6603,0,ar,ستطلق ديزني خدمة اشتراك بالفيديو خالية من الإعلانات على غرار Netflix في عام 2019. تم الإعلان أمس من قبل الرئيس التنفيذي لشركة Disney Bob Iger أثناء مكالمة مع أحد المستثمرين. أصبحت الخدمة التي لم تحمل عنوانًا ممكنًا بعد انتهاء صلاحية عقد بث ديزني - Ã'â ؟؟ - لمدة ثلاث سنوات مع Netflix ، والذي ينتهي في
CASE_0247,1004949,mixed,4,3805912,0.6555,0.6555,0,ar,المطالبة: ستتوفر مجموعة أفلام ديزني بأكملها للعرض عبر Netflix بدءًا من سبتمبر 2016. ما هو صحيح: بدءًا من سبتمبر 2016 ، ستكون Netflix هي المنفذ المنزلي الحصري للتلفزيون المدفوع في الولايات المتحدة لأفلام Disney الجديدة.
CASE_0247,1004949,mixed,5,2816376,0.6512,0.6512,0,ar,هذه الخدمة هي خليفة لخدمة TV Everywhere الأصلية لقناة ديزني ، قناة Watch Disney ، والتي تم إطلاقها في يونيو 2012 ؛ في سبتمبر 2017 ، استبدلت Disney التطبيقات المنفصلة لقناة Disney و Junior و XD بتطبيق جديد يُعرف باسم DisneyNow.
CASE_0247,1004949,mixed,6,7256199,0.649,0.649,0,ar,وفي الوقت نفسه ، حول خدمة ESPN ، تقول Disney إنها ستطلق: يقول Iger إنها ستكون متاحة في Ã'Ã' early أوائل عام 2018 وسيشمل أكثر من 10،000 ساعة من رياضات. لن يكون هذا الإصدار المباشر للمستهلك لقناة ESPN الحقيقية التي يستخدمها الأشخاص تخمين منذ سنوات.
CASE_0247,1004949,mixed,7,878249,0.6443,0.6443,0,ar,المطالبة: ستتوفر مجموعة أفلام ديزني بأكملها للعرض عبر Netflix اعتبارًا من سبتمبر 2016. في الغالب خطأ. ما هو صحيح: اعتبارًا من سبتمبر 2016 ، ستكون Netflix هي المنفذ المنزلي الحصري للتلفزيون المدفوع في الولايات المتحدة لأفلام Disney الجديدة. الخطأ الخطأ: لن تقوم Netflix ببث مجموعة أفلام ديزني بالكامل
CASE_0247,1004949,mixed,8,7255222,0.6438,0.6438,0,ar,ستسحب Disney أفلامها من Netflix وتبدأ خدمات البث الخاصة بها والتي أعلنت ديزني خلال تقرير أرباحها الأخير أنها تعتزم سحب جميع أفلامها من Netflix كما ستطلق خدمة بث فيديو ESPN في أوائل عام 2018 ، بما في ذلك محتوى MLB و NHL و MLS.
CASE_0247,1004949,mixed,9,3805913,0.6402,0.6402,0,ar,المطالبة: ستتوفر مجموعة أفلام ديزني بأكملها للعرض عبر Netflix اعتبارًا من سبتمبر 2016. في الغالب خطأ. ما هو صحيح: اعتبارًا من سبتمبر 2016 ، ستكون Netflix هي المنفذ المنزلي الحصري للتلفزيون المدفوع في الولايات المتحدة لأفلام Disney الجديدة. الخطأ الخطأ: لن تقوم Netflix ببث مجموعة أفلام ديزني بالكامل
CASE_0247,1004949,mixed,10,4410810,0.6282,0.6282,0,ar,Disney Infinity هي لعبة فيديو رمل ومغامرة تم تطويرها بواسطة Avalanche Software ونشرتها Disney Interactive Studios. [2] تم الإعلان عنه في 15 يناير 2013 وتم تطويره لحوالي 100 مليون دولار.
CASE_0247,1005163,endpoint,1,4935401,0.6557,0.6557,0,ar,التعديل يحد من تدخل الحكومة عندما يتعلق الأمر بحقوق الإنسان.
CASE_0247,1005163,endpoint,2,3424607,0.655,0.655,0,ar,ثالثًا ، منع الدول من حرمان الأشخاص من الحياة أو الحرية أو الممتلكات دون اتباع الإجراءات القانونية الواجبة. من المحتمل أن يكون لهذا البند في التعديل الرابع عشر التأثيرات الأكثر شمولاً حيث تمت كتابة وثيقة الحقوق (التعديلات العشرة الأولى للدستور) ، فهي تنطبق فقط على الحكومة الفيدرالية ، ولأكثر من 100
CASE_0247,1005163,endpoint,3,7098399,0.6485,0.6485,0,ar,تضمن التعديل ثلاثة قيود جديدة على سلطة الدولة: يجب ألا تنتهك الدول امتيازات أو حصانات المواطنين أو تحرم أي شخص من الحياة أو الحرية أو الممتلكات دون اتباع الإجراءات القانونية الواجبة ، ويجب أن تضمن كل الأشخاص على قدم المساواة في الحماية-
CASE_0247,1005163,endpoint,4,5088018,0.6448,0.6448,0,ar,في عام 1868 ، أقر الكونجرس التعديل الرابع عشر للدستور. يحتوي هذا التعديل على بند يمنع الدول من سن أي قانون يحد من الحقوق الممنوحة للمواطنين في الدستور.
CASE_0247,1005163,endpoint,5,8552590,0.64,0.64,0,ar,ما هو التعديل الذي ينص على أن حق مواطني الولايات المتحدة في التصويت لا يجوز أن تنكره الولايات المتحدة أو أي ولاية أو تنتقص منها بسبب العرق أو اللون أو حالة العبودية السابقة ..
CASE_0247,1005163,endpoint,6,4465879,0.6386,0.6386,0,ar,ما هو التعديل الذي يعني ضمناً أن جميع الصلاحيات غير الممنوحة للحكومة الفيدرالية محفوظة للولايات؟ - 643659
CASE_0247,1005163,endpoint,7,4465876,0.6214,0.6214,0,ar,ما هو التعديل الذي قال إن الولايات لا يمكنها أن تحرم أي شخص من الحماية المتساوية للقوانين؟ 14 ما هو التعديل الذي منح المرأة حق التصويت وفي أي سنة تم إقراره؟
CASE_0247,1005163,endpoint,8,3180224,0.6196,0.6196,0,ar,ينص التعديل الأول على أن الكونجرس لا يصدر أي قانون يحترم إنشاء ديانة أو يحظر ممارستها بحرية. إنه يحمي حرية التعبير ، والصحافة ، والتجمع ، والحق في تقديم التماس إلى الحكومة من أجل تعويض المظالم ، ويعطي التعديل الثاني للمواطنين الحق في حمل السلاح. يحظر التعديل الثالث الحكومة من إيواء القوات في منازل خ
CASE_0247,1005163,endpoint,9,25297,0.6195,0.6195,0,ar,ينص التعديل الأول على أن الكونجرس لا يصدر أي قانون يحترم إنشاء ديانة أو يحظر ممارستها بحرية. إنه يحمي حرية التعبير ، والصحافة ، والتجمع ، والحق في تقديم التماس إلى الحكومة من أجل إنصاف المظالم. التعديل الثاني يعطي المواطنين الحق في حمل السلاح. يحظر التعديل الثالث الحكومة من إيواء القوات في منازل خاص
CASE_0247,1005163,endpoint,10,2734145,0.6192,0.6192,0,ar,حول التعديل الأول. لا يجوز للكونغرس أن يضع أي قانون يحترم إنشاء ديانة أو يحظر ممارستها بحرية ؛ أو تقييد حرية الكلام أو حرية الصحافة ؛ أو حق الشعب في التجمع السلمي ، وتقديم التماس إلى الحكومة من أجل إنصاف المظالم. - وثيقة الحقوق - التعديلات العشرة الأولى للدستور - - دخل حيز التنفيذ في 15 ديسمبر 1791
CASE_0247,1005163,mixed,1,8552590,0.659,0.659,0,ar,ما هو التعديل الذي ينص على أن حق مواطني الولايات المتحدة في التصويت لا يجوز أن تنكره الولايات المتحدة أو أي ولاية أو تنتقص منها بسبب العرق أو اللون أو حالة العبودية السابقة ..
CASE_0247,1005163,mixed,2,3424607,0.654,0.654,0,ar,ثالثًا ، منع الدول من حرمان الأشخاص من الحياة أو الحرية أو الممتلكات دون اتباع الإجراءات القانونية الواجبة. من المحتمل أن يكون لهذا البند في التعديل الرابع عشر التأثيرات الأكثر شمولاً حيث تمت كتابة وثيقة الحقوق (التعديلات العشرة الأولى للدستور) ، فهي تنطبق فقط على الحكومة الفيدرالية ، ولأكثر من 100
CASE_0247,1005163,mixed,3,5088018,0.6477,0.6477,0,ar,في عام 1868 ، أقر الكونجرس التعديل الرابع عشر للدستور. يحتوي هذا التعديل على بند يمنع الدول من سن أي قانون يحد من الحقوق الممنوحة للمواطنين في الدستور.
CASE_0247,1005163,mixed,4,4465879,0.64,0.64,0,ar,ما هو التعديل الذي يعني ضمناً أن جميع الصلاحيات غير الممنوحة للحكومة الفيدرالية محفوظة للولايات؟ - 643659
CASE_0247,1005163,mixed,5,4935401,0.6397,0.6397,0,ar,التعديل يحد من تدخل الحكومة عندما يتعلق الأمر بحقوق الإنسان.
CASE_0247,1005163,mixed,6,7098399,0.6322,0.6322,0,ar,تضمن التعديل ثلاثة قيود جديدة على سلطة الدولة: يجب ألا تنتهك الدول امتيازات أو حصانات المواطنين أو تحرم أي شخص من الحياة أو الحرية أو الممتلكات دون اتباع الإجراءات القانونية الواجبة ، ويجب أن تضمن كل الأشخاص على قدم المساواة في الحماية-
CASE_0247,1005163,mixed,7,3180224,0.6312,0.6312,0,ar,ينص التعديل الأول على أن الكونجرس لا يصدر أي قانون يحترم إنشاء ديانة أو يحظر ممارستها بحرية. إنه يحمي حرية التعبير ، والصحافة ، والتجمع ، والحق في تقديم التماس إلى الحكومة من أجل تعويض المظالم ، ويعطي التعديل الثاني للمواطنين الحق في حمل السلاح. يحظر التعديل الثالث الحكومة من إيواء القوات في منازل خ
CASE_0247,1005163,mixed,8,5858280,0.627,0.627,0,ar,ينص التعديل الأول على أن الكونجرس لا يصدر أي قانون يحترم إنشاء ديانة أو يحظر ممارستها بحرية. إنه يحمي حرية التعبير ، والصحافة ، والتجمع ، والحق في تقديم التماس إلى الحكومة من أجل إنصاف المظالم ، ويعطي التعديل الثاني للمواطنين الحق في حمل السلاح. يحظر التعديل الثالث الحكومة من إيواء القوات في منازل خ
CASE_0247,1005163,mixed,9,4465876,0.6251,0.6251,0,ar,ما هو التعديل الذي قال إن الولايات لا يمكنها أن تحرم أي شخص من الحماية المتساوية للقوانين؟ 14 ما هو التعديل الذي منح المرأة حق التصويت وفي أي سنة تم إقراره؟
CASE_0247,1005163,mixed,10,7883168,0.6251,0.6251,0,ar,"""في عام 1868 ، تمت إضافة التعديل الرابع عشر إلى دستور الولايات المتحدة ، وحظر على الدول حرمان الناس من """"الحرية"""" دون """"الحرية"""". منذ ذلك الحين ، فسرت المحكمة العليا الأمريكية هذا الأمر تدريجياً لتطبيق معظم وثيقة الحقوق على حكومات الولايات."""
