nDCG@1,nDCG@1_std,nDCG@1_stderr,nDCG@1_ci90_low,nDCG@1_ci90_high,nDCG@1_ci95_low,nDCG@1_ci95_high,nDCG@3,nDCG@3_std,nDCG@3_stderr,nDCG@3_ci90_low,nDCG@3_ci90_high,nDCG@3_ci95_low,nDCG@3_ci95_high,nDCG@5,nDCG@5_std,nDCG@5_stderr,nDCG@5_ci90_low,nDCG@5_ci90_high,nDCG@5_ci95_low,nDCG@5_ci95_high,nDCG@10,nDCG@10_std,nDCG@10_stderr,nDCG@10_ci90_low,nDCG@10_ci90_high,nDCG@10_ci95_low,nDCG@10_ci95_high,nDCG@100,nDCG@100_std,nDCG@100_stderr,nDCG@100_ci90_low,nDCG@100_ci90_high,nDCG@100_ci95_low,nDCG@100_ci95_high,RR@1,RR@3,RR@5,RR@10,RR@100,P@1,P@3,P@5,P@10,P@100,R@1,R@3,R@5,R@10,R@100,AP
0.7264150943396226,0.4459486681601078,0.011576250627650875,0.7073619545360229,0.7454682341432223,0.7037075272943001,0.7491226613849451,0.7921733408740808,0.3652623310999638,0.009481737678685202,0.7765675217376555,0.807779160010506,0.7735742969374693,0.8107723848106922,0.813609706271886,0.33012179080135917,0.00856953470392116,0.7995052653766959,0.8277141471670761,0.7968000076833202,0.8304194048604518,0.8295432072091478,0.2982444760971167,0.00774204084487386,0.8168007233663895,0.842285691051906,0.8143566915394992,0.8447297228787963,0.8416250346655687,0.26898308273348076,0.0069824529203504175,0.8301327427359418,0.8531173265951956,0.8279285000163495,0.8553215693147879,0.7250673854447439,0.7796495956873319,0.7909703504043137,0.7971599174260905,0.7995619326382787,0.7264150943396226,0.29402515723269995,0.188140161725063,0.0993261455525582,0.010539083557951294,0.7066486972147349,0.8392857142857143,0.8903301886792453,0.9376684636118598,0.9913522012578615,0.7956522638683631
