{
  "nDCG@1": 0.6778975741239892,
  "nDCG@1_std": 0.4674395042235344,
  "nDCG@1_stderr": 0.012134124935235227,
  "nDCG@1_ci90_low": 0.6579262391709296,
  "nDCG@1_ci90_high": 0.6978689090770488,
  "nDCG@1_ci95_low": 0.6540957004115255,
  "nDCG@1_ci95_high": 0.7016994478364529,
  "nDCG@3": 0.7507227703174219,
  "nDCG@3_std": 0.389093615698708,
  "nDCG@3_stderr": 0.010100367003069441,
  "nDCG@3_ci90_low": 0.734098760457314,
  "nDCG@3_ci90_high": 0.7673467801775297,
  "nDCG@3_ci95_low": 0.7309102448044782,
  "nDCG@3_ci95_high": 0.7705352958303655,
  "nDCG@5": 0.773853921043421,
  "nDCG@5_std": 0.35729345208570207,
  "nDCG@5_stderr": 0.009274875886562076,
  "nDCG@5_ci90_low": 0.7585885719583206,
  "nDCG@5_ci90_high": 0.7891192701285213,
  "nDCG@5_ci95_low": 0.7556606499399003,
  "nDCG@5_ci95_high": 0.7920471921469416,
  "nDCG@10": 0.7937459652201707,
  "nDCG@10_std": 0.32287334767236536,
  "nDCG@10_stderr": 0.008381374495555248,
  "nDCG@10_ci90_low": 0.7799512137806414,
  "nDCG@10_ci90_high": 0.8075407166597001,
  "nDCG@10_ci95_low": 0.7773053550941961,
  "nDCG@10_ci95_high": 0.8101865753461454,
  "nDCG@100": 0.8096813573155051,
  "nDCG@100_std": 0.28849445363566817,
  "nDCG@100_stderr": 0.007488942872623765,
  "nDCG@100_ci90_low": 0.7973554428097799,
  "nDCG@100_ci90_high": 0.8220072718212302,
  "nDCG@100_ci95_low": 0.7949913097475557,
  "nDCG@100_ci95_high": 0.8243714048834544,
  "RR@1": 0.6799191374663073,
  "RR@3": 0.740341419586703,
  "RR@5": 0.75210017969452,
  "RR@10": 0.7599051255722417,
  "RR@100": 0.7630423002532175,
  "P@1": 0.6778975741239892,
  "P@3": 0.27987421383647415,
  "P@5": 0.18045822102425474,
  "P@10": 0.09683288409703271,
  "P@100": 0.01049191374663054,
  "R@1": 0.6590296495956873,
  "R@3": 0.8018867924528302,
  "R@5": 0.8569743935309974,
  "R@10": 0.9164420485175202,
  "R@100": 0.9866352201257861,
  "AP": 0.7556095997379093
}