nDCG@1,nDCG@1_std,nDCG@1_stderr,nDCG@1_ci90_low,nDCG@1_ci90_high,nDCG@1_ci95_low,nDCG@1_ci95_high,nDCG@3,nDCG@3_std,nDCG@3_stderr,nDCG@3_ci90_low,nDCG@3_ci90_high,nDCG@3_ci95_low,nDCG@3_ci95_high,nDCG@5,nDCG@5_std,nDCG@5_stderr,nDCG@5_ci90_low,nDCG@5_ci90_high,nDCG@5_ci95_low,nDCG@5_ci95_high,nDCG@10,nDCG@10_std,nDCG@10_stderr,nDCG@10_ci90_low,nDCG@10_ci90_high,nDCG@10_ci95_low,nDCG@10_ci95_high,nDCG@100,nDCG@100_std,nDCG@100_stderr,nDCG@100_ci90_low,nDCG@100_ci90_high,nDCG@100_ci95_low,nDCG@100_ci95_high,RR@1,RR@3,RR@5,RR@10,RR@100,P@1,P@3,P@5,P@10,P@100,R@1,R@3,R@5,R@10,R@100,AP
0.6907008086253369,0.46236052636940345,0.012002281239380531,0.6709464728069835,0.7104551444436903,0.6671575548805485,0.7142440623701253,0.7614574407879872,0.38319696071051734,0.009947297466412422,0.7450853652868878,0.7778295162890865,0.7419451711072672,0.7809697104687071,0.787402929797285,0.34538381276478797,0.008965717053926368,0.7726464195970008,0.8021594399975692,0.7698160938121402,0.8049897657824298,0.8039614197831009,0.3150983883493598,0.008179546607798023,0.7904988531834988,0.817423986382703,0.7879167081600419,0.8200061314061599,0.8197334096667405,0.2801125770417367,0.007271360197510685,0.8077656105181473,0.8317012088153336,0.8054701646397823,0.8339966546936987,0.6900269541778976,0.7502246181491465,0.7635669362084463,0.7701653617421811,0.7734756507890251,0.6907008086253369,0.2834681042228172,0.18396226415093922,0.09743935309972808,0.010525606469002507,0.6704851752021563,0.8108715184186882,0.8728099730458221,0.9225067385444744,0.9900044923629828,0.7671580469202103
