{
  "nDCG@1": 0.7264150943396226,
  "nDCG@1_std": 0.4459486681601078,
  "nDCG@1_stderr": 0.011576250627650875,
  "nDCG@1_ci90_low": 0.7073619545360229,
  "nDCG@1_ci90_high": 0.7454682341432223,
  "nDCG@1_ci95_low": 0.7037075272943001,
  "nDCG@1_ci95_high": 0.7491226613849451,
  "nDCG@3": 0.7921733408740808,
  "nDCG@3_std": 0.3652623310999638,
  "nDCG@3_stderr": 0.009481737678685202,
  "nDCG@3_ci90_low": 0.7765675217376555,
  "nDCG@3_ci90_high": 0.807779160010506,
  "nDCG@3_ci95_low": 0.7735742969374693,
  "nDCG@3_ci95_high": 0.8107723848106922,
  "nDCG@5": 0.813609706271886,
  "nDCG@5_std": 0.33012179080135917,
  "nDCG@5_stderr": 0.00856953470392116,
  "nDCG@5_ci90_low": 0.7995052653766959,
  "nDCG@5_ci90_high": 0.8277141471670761,
  "nDCG@5_ci95_low": 0.7968000076833202,
  "nDCG@5_ci95_high": 0.8304194048604518,
  "nDCG@10": 0.8295432072091478,
  "nDCG@10_std": 0.2982444760971167,
  "nDCG@10_stderr": 0.00774204084487386,
  "nDCG@10_ci90_low": 0.8168007233663895,
  "nDCG@10_ci90_high": 0.842285691051906,
  "nDCG@10_ci95_low": 0.8143566915394992,
  "nDCG@10_ci95_high": 0.8447297228787963,
  "nDCG@100": 0.8416250346655687,
  "nDCG@100_std": 0.26898308273348076,
  "nDCG@100_stderr": 0.0069824529203504175,
  "nDCG@100_ci90_low": 0.8301327427359418,
  "nDCG@100_ci90_high": 0.8531173265951956,
  "nDCG@100_ci95_low": 0.8279285000163495,
  "nDCG@100_ci95_high": 0.8553215693147879,
  "RR@1": 0.7250673854447439,
  "RR@3": 0.7796495956873319,
  "RR@5": 0.7909703504043137,
  "RR@10": 0.7971599174260905,
  "RR@100": 0.7995619326382787,
  "P@1": 0.7264150943396226,
  "P@3": 0.29402515723269995,
  "P@5": 0.188140161725063,
  "P@10": 0.0993261455525582,
  "P@100": 0.010539083557951294,
  "R@1": 0.7066486972147349,
  "R@3": 0.8392857142857143,
  "R@5": 0.8903301886792453,
  "R@10": 0.9376684636118598,
  "R@100": 0.9913522012578615,
  "AP": 0.7956522638683631
}