case_id,qid,condition,rank,docid,retrieval_score_raw,score,rel,doc_lang,snippet
CASE_0245,1006509,endpoint,1,843122,0.6072,0.6072,0,ar,"""كانت موسيقى البلوز في يوم من الأيام طريقة حياة ، ومجموعة متنوعة من الموسيقى ، وحركة شعرية ، وحالة ذهنية ، وتقليد فولكلوري ، وموقف أخلاقي ، وحتى نوع من الأسلوب النقدي التلقائي البديهي (Garon ، 1978). يصور البلوز البعد """"العلماني"""" للتجربة السوداء."""
CASE_0245,1006509,endpoint,2,4944902,0.5997,0.5997,0,ar,مودي بلوز هي فرقة موسيقى الروك الإنجليزية. برزوا في البداية وهم يعزفون موسيقى الإيقاع والبلوز ، لكن ألبومهم الثاني ، أيام المستقبل مرت ، الذي تم إصداره في عام 1967 ، كان عبارة عن اندماج موسيقى الروك مع الموسيقى الكلاسيكية وجعلهم روادًا في تطوير موسيقى الروك التقدمي.
CASE_0245,1006509,endpoint,3,5024507,0.5938,0.5938,0,ar,موسيقى البلوز هي نوع موسيقي بدأ في أواخر القرن التاسع عشر (ستينيات القرن التاسع عشر - زمن الحرب الأهلية) يغنيه الأمريكيون الأفارقة المستعبدون. جنبا إلى جنب مع الروحانيات ، (أغاني العمل - بدايات bࢠ€Â¦lues) يعتبر البلوز هو الجذر الموسيقي للأميركيين الأفارقة.
CASE_0245,1006509,endpoint,4,8221646,0.5885,0.5885,0,ar,Next (Sound) Soul music هي نوع موسيقي يجمع بين موسيقى الإيقاع والبلوز وموسيقى الإنجيل ، وقد نشأت في أواخر الخمسينيات من القرن الماضي في الولايات المتحدة. نشأ الإيقاع والبلوز (مزيج من موسيقى البلوز والجاز) في الأربعينيات من القرن الماضي كمجموعات صغيرة من الموسيقيين الأمريكيين من أصل أفريقي في الغالب
CASE_0245,1006509,endpoint,5,2665944,0.585,0.585,0,ar,غالبًا ما سخر البلوز من الخرافات القديمة. كانت موسيقى البلوز هي الموسيقى التصويرية للتقدم الاجتماعي والتسامح ، وقد تحدت طغيان الكنيسة ، ولهذا السبب ، تم شيطنتها. كانت موسيقى البلوز ، البوهيمية الأصل ، مكروهة من قبل البرجوازية. لقد كان تهديدًا للحكمة الفيكتورية. بحلول العشرينات من القرن الماضي في ذرو
CASE_0245,1006509,endpoint,6,7976810,0.583,0.583,0,ar,البلوز كشكل موسيقي يضم الثلثين والسابع بالارض ، ربما عام 1895 (على الرغم من رسميًا عام 1912 ، في WC Handy's Memphis Blues) ؛ بمعنى الاكتئاب ، يعود انخفاض الروح المعنوية إلى عام 1741 ، من الصفة. أزرق منخفض الروح ، أواخر 14 ج.
CASE_0245,1006509,endpoint,7,4450179,0.5793,0.5793,0,ar,البلوز: أسلوب حزين للموسيقى العلمانية الأفريقية الأمريكية ، يعتمد على شكل موسيقي / شعري بسيط. دلتا. بدأ البلوز في أوائل القرن العشرين. موسيقى البلوز الكلاسيكية في أواخر عشرينيات القرن الماضي ؛ الإيقاع والبلوز في الأربعينيات. آلة نحاسية: أداة معدنية قوية ذات فوهة وأنبوب يجب نفخها.
CASE_0245,1006509,endpoint,8,2550361,0.5787,0.5787,0,ar,موسيقى البلوز ، موسيقى شعبية علمانية أنشأها الأمريكيون السود في أوائل القرن العشرين. منذ نشأتها في الجنوب ، أصبحت أشكال البلوز البسيطة ولكن التعبيرية بحلول الستينيات من القرن الماضي أحد أهم التأثيرات على تطور الموسيقى الشعبية في جميع أنحاء الولايات المتحدة. ميسيسيبي جون هيرت ، ج. 1965.
CASE_0245,1006509,endpoint,9,2989964,0.5777,0.5777,0,ar,كان Boogie Woogie أول موسيقى بيانو حصرية تصدر حتى الآن من موسيقى البلوز. كان Boogie Woogie ، وهو مصطلح يستخدم لوصف عزف البيانو البلوز الذي ازدهر تقريبًا بين عامي 1920 و 1945 ، موسيقى شائعة للغاية في المساكن. يصف كلا المصطلحين ظاهرة حدثت في المساكن المزدحمة في شيكاغو وديترويت ونيويورك ، وفي كل مدينة
CASE_0245,1006509,endpoint,10,5024498,0.5771,0.5771,0,ar,موسيقى البلوز هي نوع من الأغاني الشعبية التي نشأت بين الأمريكيين السود في بداية القرن العشرين. موسيقى البلوز لها صوت حزن من الاستخدام المتكرر لنوتات البلوز. ࢠÂâ موسيقى البلوز هي أيضًا حالة من الاكتئاب وهو الاسم الذي يطلق على كل من الشكل الموسيقي ونوع الموسيقى الذي تم إنشاؤه في أعماق الجنوب للولايات
CASE_0245,1006509,mixed,1,7253087,0.6263,0.6263,1,ar,استمع مجانًا إلى The Moody Blues - مرت أيام المستقبل (يبدأ اليوم ، الفجر: الفجر شعور والمزيد). 7 مسارات (41:19). Days of Future Passed هو الألبوم الثاني والألبوم المفاهيمي الأول لفرقة الروك الإنجليزية The Moody Blues ، الذي صدر في ديسمبر 1967 في تسجيلات ديرام.
CASE_0245,1006509,mixed,2,7253090,0.623,0.623,0,ar,مرت أيام المستقبل. Days of Future Passed هو الألبوم الثاني والألبوم المفاهيمي الأول لفرقة الروك الإنجليزية The Moody Blues ، صدر في نوفمبر 1967 بواسطة Deram Records. مع اندماجها بين العناصر الأوركسترالية والصخرية ، تم الاستشهاد بها كأحد الأمثلة الأولى على الصخور التقدمية.
CASE_0245,1006509,mixed,3,7253093,0.6224,0.6224,0,ar,16 فبراير 2017. لوس أنجلوس ، كاليفورنيا (16 فبراير 2017) ¢ سيطلق The Moody Blues جولة حية خاصة للاحتفال بالذكرى الخمسين لألبومهم الشهير ، DAYS OF FUTURE PASSED ، الذي صدر في الأصل عام 1967.
CASE_0245,1006509,mixed,4,2514865,0.6082,0.6082,0,ar,Days of Future Passed هو عنوان ألبوم مفاهيمي مذهل أصدره Moody Blues في عام 1967. المفهوم عبارة عن سلسلة من الأغاني التي تأخذ المستمع خلال يوم عمل واحد. *** SPOILERS SPOILERS SPOILERS ***.
CASE_0245,1006509,mixed,5,7253085,0.5798,0.5798,0,ar,تم تقديمه منذ عام واحد بواسطة 7thHanyou. فضولي حقًا ، لأنني لست مهتمًا بالكتب المصورة. شاهدت واستمتعت بأول فيلمين من أفلام X-Men ، لكنني توقفت عن الاهتمام بعد الفيلم الثالث. Days of Future Passed هو عنوان الألبوم المؤثر Moody Blues لعام 1967 ، والذي يمكن القول أنه أول ألبوم موسيقى روك تقدمي حسن الني
CASE_0245,1006509,mixed,6,4944902,0.5765,0.5765,0,ar,مودي بلوز هي فرقة موسيقى الروك الإنجليزية. برزوا في البداية وهم يعزفون موسيقى الإيقاع والبلوز ، لكن ألبومهم الثاني ، أيام المستقبل مرت ، الذي تم إصداره في عام 1967 ، كان عبارة عن اندماج موسيقى الروك مع الموسيقى الكلاسيكية وجعلهم روادًا في تطوير موسيقى الروك التقدمي.
CASE_0245,1006509,mixed,7,7976810,0.5539,0.5539,0,ar,البلوز كشكل موسيقي يضم الثلثين والسابع بالارض ، ربما عام 1895 (على الرغم من رسميًا عام 1912 ، في WC Handy's Memphis Blues) ؛ بمعنى الاكتئاب ، يعود انخفاض الروح المعنوية إلى عام 1741 ، من الصفة. أزرق منخفض الروح ، أواخر 14 ج.
CASE_0245,1006509,mixed,8,687245,0.5466,0.5466,0,ar,البلوز الصيف. Summertime Blues هي أغنية شارك في كتابتها وتسجيلها فنان موسيقى الروكابيلي الأمريكي إيدي كوكران. كتبه كوكران ومديره جيري كيبهارت. في الأصل عبارة عن جانب B واحد ، تم إصداره في أغسطس 1958 [1] وبلغ ذروته في المرتبة 8 على Billboard Hot 100 في 29 سبتمبر 1958 ورقم 18 على مخطط الفردي في المملك
CASE_0245,1006509,mixed,9,7253091,0.5421,0.5421,0,ar,أغنية The Moody Blues Nights In White Satin هي جزء من الألبوم التاريخي 1967 Days of Future Passed. ومع ذلك ، تمت كتابة الأغنية قبل أن تفكر الفرقة في القيام بأيام المستقبل.
CASE_0245,1006509,mixed,10,6982409,0.5415,0.5415,0,ar,احصل على ورقة MusicPlay @ Amazon Music. من الصعب جدًا أن نقول وداعًا للأمس بواسطة Boyz II Men Songfacts. كُتب هذا لفيلم Cooley High لعام 1975 ، والذي يدور حول مدرسة ثانوية يغلب عليها السود. في الفيلم ، يتم استخدامه لعكس المشاعر القوية التي يشعر بها العديد من الطلاب عند انتهاء المدرسة الثانوية ويجب ع
CASE_0245,1095542,endpoint,1,1015891,0.6965,0.6965,0,ar,أبرد متوسط ​​درجة حرارة في طائر الفينيق هو كانون الأول (ديسمبر) عند 54 درجة مئوية ، وأعلى معدل لهطول الأمطار شهريًا في طائر الفينيق يحدث في أغسطس مع 1 5 بوصات ، وتستند معلومات طقس طائر الفينيق إلى متوسط ​​3 سنوات سابقة من البيانات
CASE_0245,1095542,endpoint,2,1015886,0.6937,0.6937,0,ar,متوسطات الطقس السنوية لطائر الفينيق في يوليو هو أكثر الشهور سخونة في طائر الفينيق بمتوسط ​​درجة حرارة 33 درجة مئوية و 91 درجة فهرنهايت والأبرد هو يناير عند 12 درجة مئوية و 54 فهرنهايت مع أكثر ساعات سطوع الشمس اليومية في 14 يونيو ، ويكون الشهر الأكثر رطوبة في أغسطس بمتوسط ​​32 ملم من المطر
CASE_0245,1095542,endpoint,3,1015890,0.6799,0.6799,0,ar,أعلى متوسط ​​درجة حرارة في طائر الفينيق هو يوليو عند 96 درجة مئوية ، وأبرد متوسط ​​درجة حرارة في طائر الفينيق هو ديسمبر عند 54 درجة مئوية ، ويحدث أكبر هطول شهري في طائر الفينيق في أغسطس مع 1 5 بوصات
CASE_0245,1095542,endpoint,4,1015884,0.6746,0.6746,0,ar,أعلى متوسط ​​درجة حرارة في طائر الفينيق هو يوليو عند 96 درجة مئوية ، وأبرد متوسط ​​درجة حرارة في طائر الفينيق هو ديسمبر عند 54 درجة 2 درجة ، ويحدث أكبر هطول شهري في طائر الفينيق في أغسطس مع 1 5 بوصات ، وتستند معلومات الطقس عن طائر الفينيق إلى متوسط ​​الثلاثة السابقة 7 سنوات من البيانات
CASE_0245,1095542,endpoint,5,1532462,0.6684,0.6684,0,ar,متوسطات الطقس السنوية لطائر الفينيق في يوليو هو أكثر الشهور سخونة في طائر الفينيق بمتوسط ​​درجة حرارة 33 درجة مئوية و 91 درجة فهرنهايت والأبرد هو يناير عند 12 درجة مئوية و 54 فهرنهايت مع أكثر ساعات سطوع الشمس اليومية في 14 يونيو ، ويكون الشهر الأكثر رطوبة في أغسطس بمتوسط ​​32 ملم من بيانات الطقس الم
CASE_0245,1095542,endpoint,6,1532464,0.6562,0.6562,0,ar,أعلى متوسط ​​درجة حرارة في طائر الفينيق هو يوليو عند 96 درجة مئوية ، وأبرد متوسط ​​درجة حرارة في طائر الفينيق هو ديسمبر عند 54 درجة 2 درجة ، ويحدث أكبر هطول شهري في طائر الفينيق في أغسطس مع 1 5 بوصات ، وتستند معلومات الطقس عن طائر الفينيق على متوسط ​​3 7 السابقة سنوات من البيانات مؤشر تلوث فينيكس من
CASE_0245,1095542,endpoint,7,5165752,0.6558,0.6558,0,ar,تبدأ قصة طائر الفينيق في الأساطير المصرية القديمة وتطورت فيما بعد في التقاليد الفينيقية والهندية واليونانية. طائر الفينيق هو طائر ناري مقدس مع ريش جميل من الذهب والأحمر أو الأرجواني والأزرق. يعيش طائر الفينيق لمدة 500-1000 عام ثم يبني لنفسه عشًا من أغصان المر.
CASE_0245,1095542,endpoint,8,1015888,0.6394,0.6394,0,ar,يوليو هو الشهر الأكثر سخونة في طائر الفينيق بمتوسط ​​درجة حرارة 33 درجة مئوية 91 فهرنهايت وأبرد شهر يناير عند 12 درجة مئوية و 54 فهرنهايت مع أكثر ساعات سطوع الشمس اليومية في 14 يونيو ، ويكون شهر أغسطس الأكثر رطوبة بمتوسط ​​32 ملم من طقس تحميل الأمطار البيانات
CASE_0245,1095542,endpoint,9,1015885,0.6383,0.6383,0,ar,يوليو هو الشهر الأكثر سخونة في طائر الفينيق بمتوسط ​​درجة حرارة 33 درجة مئوية 91 فهرنهايت وأبرد شهر يناير عند 12 درجة مئوية و 54 فهرنهايت مع أكثر ساعات سطوع الشمس اليومية في 14 يونيو ، ويكون شهر أغسطس الأكثر رطوبة بمتوسط ​​32 ملم من الأمطار
CASE_0245,1095542,endpoint,10,1532463,0.6302,0.6302,0,ar,يوليو هو الشهر الأكثر سخونة في طائر الفينيق بمتوسط ​​درجة حرارة 33 درجة مئوية 91 فهرنهايت وأبردها هو يناير عند 12 درجة مئوية و 54 فهرنهايت مع أكثر ساعات سطوع الشمس اليومية عند 14 في يونيو ، أما الشهر الأكثر رطوبة فهو أغسطس بمتوسط ​​32 ملم من بيانات الطقس المحملة بالمطر أكثر الشهور سخونة في طائر الفي
CASE_0245,1095542,mixed,1,7580351,0.6774,0.6774,1,ar,في الأسبوع الماضي فقط ، سقط أكثر من 3.5 بوصات في بعض أجزاء من فينيكس فيما وصفه المسؤولون بحدث استمر 100 عام. إذن ، ما مقدار المطر الذي تحصل عليه Phoenix رسميًا كل عام؟ وفقًا لـ 120 عامًا من البيانات من National Weather Service ، فإن Phoenix تحصل على حوالي 7.57 بوصة من الأمطار سنويًا. لقد قمنا بتجميع
CASE_0245,1095542,mixed,2,1513002,0.6649,0.6649,0,ar,تواجه فينيكس بعض الاختلافات الموسمية في هطول الأمطار الشهرية. تستمر فترة هطول الأمطار من العام لمدة 267 يومًا ، من 10 يوليو إلى 3 أبريل ، مع هطول أمطار متدرج لمدة 31 يومًا لا يقل عن 0.5 بوصة. تسقط معظم الأمطار خلال الـ 31 يومًا التي تركزت حول 19 فبراير ، بمتوسط ​​تراكم إجمالي يبلغ 1.1 بوصة.
CASE_0245,1095542,mixed,3,1015886,0.6528,0.6528,0,ar,متوسطات الطقس السنوية لطائر الفينيق في يوليو هو أكثر الشهور سخونة في طائر الفينيق بمتوسط ​​درجة حرارة 33 درجة مئوية و 91 درجة فهرنهايت والأبرد هو يناير عند 12 درجة مئوية و 54 فهرنهايت مع أكثر ساعات سطوع الشمس اليومية في 14 يونيو ، ويكون الشهر الأكثر رطوبة في أغسطس بمتوسط ​​32 ملم من المطر
CASE_0245,1095542,mixed,4,7606031,0.6404,0.6404,0,ar,يكون طقس واحد من كل أربع سنوات أكثر جفافاً ، بينما يكون طقس واحد من كل أربعة أكثر رطوبة. تصل أشعة الشمس إلى الأرض في فينيكس خلال 80 بالمائة من ساعات النهار في المتوسط ​​في فبراير ، أي ما مجموعه 246 ساعة في الشهر. عادة في 13 يومًا من هذا الشهر ، تكون السماء صافية بشكل أساسي ، مع غطاء سحابة بنسبة 30 ف
CASE_0245,1095542,mixed,5,1015891,0.6384,0.6384,0,ar,أبرد متوسط ​​درجة حرارة في طائر الفينيق هو كانون الأول (ديسمبر) عند 54 درجة مئوية ، وأعلى معدل لهطول الأمطار شهريًا في طائر الفينيق يحدث في أغسطس مع 1 5 بوصات ، وتستند معلومات طقس طائر الفينيق إلى متوسط ​​3 سنوات سابقة من البيانات
CASE_0245,1095542,mixed,6,1532462,0.6318,0.6318,0,ar,متوسطات الطقس السنوية لطائر الفينيق في يوليو هو أكثر الشهور سخونة في طائر الفينيق بمتوسط ​​درجة حرارة 33 درجة مئوية و 91 درجة فهرنهايت والأبرد هو يناير عند 12 درجة مئوية و 54 فهرنهايت مع أكثر ساعات سطوع الشمس اليومية في 14 يونيو ، ويكون الشهر الأكثر رطوبة في أغسطس بمتوسط ​​32 ملم من بيانات الطقس الم
CASE_0245,1095542,mixed,7,5845101,0.63,0.63,0,ar,مقياس هطول الأمطار ، بالسنتيمتر في السنة ، هو متوسط ​​إجمالي هطول الأمطار لسنة نموذجية. على سبيل المثال ، فينيكس ، أريزونا ، وهي صحراء شبه استوائية ، يبلغ متوسط ​​درجة الحرارة فيها 29.2 درجة مئوية (84.6 درجة فهرنهايت) وتتلقى متوسط ​​21 سم (8.3 بوصة) من الأمطار سنويًا. انقر على الصورة لعرض أكبر. ضع ف
CASE_0245,1095542,mixed,8,3976479,0.6243,0.6243,0,ar,تشهد سان فرانسيسكو تباينًا موسميًا كبيرًا في هطول الأمطار شهريًا. تستمر فترة الأمطار من العام لمدة 7.4 شهرًا ، من 4 أكتوبر إلى 15 مايو ، مع هطول أمطار متدرج لمدة 31 يومًا لا يقل عن 0.5 بوصة.
CASE_0245,1095542,mixed,9,3400232,0.6242,0.6242,0,ar,ظلال المطر. يستمر ظل المطر عبر البراري ، حيث يتراوح هطول الأمطار السنوي بين 350-500 ملم ، ويزداد بمعدل حوالي 40 ملم كل 100 كيلومتر إلى الشرق. يرتفع من 500 ملم في السنة في وينيبيج إلى 1500 ملم في هاليفاكس.
CASE_0245,1095542,mixed,10,8251201,0.6227,0.6227,0,ar,نصف الوقت ، يتلقى فينيكس 0.3 إلى 1.6 بوصة (7 إلى 41 ملم) من الأمطار في مارس. يكون طقس واحد من كل أربع سنوات أكثر جفافاً ، بينما يكون طقس واحد من كل أربعة أكثر رطوبة. تصل أشعة الشمس إلى الأرض في فينيكس خلال 84 في المائة من ساعات النهار في المتوسط ​​في مارس ، أي ما مجموعه 312 ساعة في الشهر. عادة في 14
CASE_0245,1098102,endpoint,1,730069,0.7912,0.7912,0,ar,يستغرق البريد ذو الأولوية من 1 إلى 3 أيام عمل للتسليم ، اعتبارًا من 2014. يعتمد وقت العبور الدقيق لحزمة بريد الأولوية للوصول إلى المستلم المقصود على موقع الأصل الذي يتم إرسال الطرد منه بالبريد ، وعنوان الوجهة حيث يتم إرسال الحزمة أرسلت.
CASE_0245,1098102,endpoint,2,4131937,0.7902,0.7902,0,ar,يستغرق البريد ذو الأولوية من خدمة بريد الولايات المتحدة من يومين إلى ثلاثة أيام للتسليم في أي مكان في الولايات المتحدة وفقًا لموقع ويب خدمة البريد بالولايات المتحدة ، تتم معظم عمليات تسليم البريد ذات الأولوية ... قراءة المزيد Ã⠀ šÃ' ». http://www.answerbag.com/q_view/2033342.
CASE_0245,1098102,endpoint,3,5564699,0.7874,0.7874,0,ar,جواب سريع. وفقًا لخدمة بريد الولايات المتحدة ، يستغرق البريد ذي الأولوية من يوم إلى ثلاثة أيام للوصول إلى وجهته. يختلف طول الوقت بسبب المسافة بناءً على نقطة الشحن ونقطة الاستلام. أكمل القراءة.
CASE_0245,1098102,endpoint,4,8730830,0.7825,0.7825,0,ar,يتم تسليم بريد الدرجة الأولى في غضون 2 إلى 3 أيام. يتم تسليم البريد ذو الأولوية في غضون 1 إلى 3 أيام. البريد السريع يسلم بين عشية وضحاها. كما أنها تأتي مع مرافق أخرى مثل التتبع والتوقيع عند التسليم.
CASE_0245,1098102,endpoint,5,1302967,0.7818,0.7818,0,ar,يتم تسليم معظم طرود البريد ذات الأولوية في غضون 2-3 أيام عمل. ومع ذلك ، في بعض الحالات النادرة ، قد يستغرق التسليم ما يصل إلى 5 أيام عمل.
CASE_0245,1098102,endpoint,6,2658387,0.7817,0.7817,0,ar,وفقًا لخدمة بريد الولايات المتحدة ، يستغرق البريد ذي الأولوية من يوم إلى ثلاثة أيام للوصول إلى وجهته. يختلف طول الوقت بسبب المسافة بناءً على نقطة الشحن و ... وفقًا لخدمة بريد الولايات المتحدة ، يستغرق البريد ذي الأولوية من 1 إلى 3 أيام للوصول إلى وجهته. يختلف طول الوقت بسبب المسافة بناءً على نقطة ال
CASE_0245,1098102,endpoint,7,8277728,0.7812,0.7812,0,ar,يعتمد الوقت الذي يستغرقه تسليم البريد إلى حد كبير على نوع البريد والمسافة بين المرسل والمستلم. عندما يستغرق وصول بريد الدرجة الأولى العادي حوالي 3 أيام ، فإن البريد ذي الأولوية سيستغرق يومين فقط وسيصل البريد السريع إلى المستلم بين عشية وضحاها. يقدم لك البريد السريع ضمانًا لاسترداد الأموال إذا لم يتم
CASE_0245,1098102,endpoint,8,4577738,0.7788,0.7788,0,ar,أفضل إجابة: عادةً ما يستغرق الشحن ذي الأولوية من يومين إلى ثلاثة أيام عمل ، ومع ذلك ، لا يتم تشغيل البريد خلال العطلات. من أجل الحصول عليها بحلول اليوم الرابع ، ستحتاج إلى الترقية إلى الشحن السريع.
CASE_0245,1098102,endpoint,9,870223,0.7778,0.7778,0,ar,وفقًا لخدمة بريد الولايات المتحدة ، يستغرق البريد ذي الأولوية من يوم إلى ثلاثة أيام للوصول إلى وجهته. يختلف طول الوقت بسبب المسافة بناءً على نقطة الشحن ونقطة الاستلام. أكمل القراءة.
CASE_0245,1098102,endpoint,10,2658386,0.7761,0.7761,0,ar,ج: وفقًا لخدمة بريد الولايات المتحدة ، يستغرق البريد ذي الأولوية من يوم إلى ثلاثة أيام للوصول إلى وجهته. يختلف طول الوقت بسبب المسافة بناءً على نقطة الشحن ونقطة الاستلام. يمكن تسليم البريد ذي الأولوية في مكتب البريد أو استلامه في عنوان المنزل أو العمل دون أي رسوم إضافية. تقدم USPS خدمة بسعر موحد لا
CASE_0245,1098102,mixed,1,7361145,0.7863,0.7863,1,ar,يتم تسليم بريد الأولوية ، المستخدم للحزم ، في غضون يوم إلى ثلاثة أيام عمل ، اعتمادًا على نقطة البداية والوجهة. تضمن خدمة Priority Mail Express تسليم الرسائل والطرود بين عشية وضحاها إلى معظم عناوين الولايات المتحدة. عادةً ما يستغرق البريد القياسي ، المخصص للحزم غير العاجلة ، من يومين إلى ثمانية أيام
CASE_0245,1098102,mixed,2,8009372,0.7847,0.7847,0,ar,يتم تسليم بريد الأولوية ، المستخدم للحزم ، في غضون يوم إلى ثلاثة أيام عمل ، اعتمادًا على نقطة البداية والوجهة. تضمن خدمة Priority Mail Express تسليم الرسائل والطرود بين عشية وضحاها إلى معظم عناوين الولايات المتحدة. عادةً ما يستغرق البريد القياسي ، المخصص للحزم غير العاجلة ، من يومين إلى ثمانية أيام
CASE_0245,1098102,mixed,3,4131937,0.7809,0.7809,0,ar,يستغرق البريد ذو الأولوية من خدمة بريد الولايات المتحدة من يومين إلى ثلاثة أيام للتسليم في أي مكان في الولايات المتحدة وفقًا لموقع ويب خدمة البريد بالولايات المتحدة ، تتم معظم عمليات تسليم البريد ذات الأولوية ... قراءة المزيد Ã⠀ šÃ' ». http://www.answerbag.com/q_view/2033342.
CASE_0245,1098102,mixed,4,5564699,0.7794,0.7794,0,ar,جواب سريع. وفقًا لخدمة بريد الولايات المتحدة ، يستغرق البريد ذي الأولوية من يوم إلى ثلاثة أيام للوصول إلى وجهته. يختلف طول الوقت بسبب المسافة بناءً على نقطة الشحن ونقطة الاستلام. أكمل القراءة.
CASE_0245,1098102,mixed,5,4481428,0.7758,0.7758,0,ar,أوقات تسليم البريد ذات الأولوية. _Priority Mail_ هي خدمة USPS لتسليم البريد الذي يتراوح وزنه بين 13 أوقية و 70 رطلاً ، والتي تم تحديدها على أنها مهمة من قبل المرسل ، بحيث يحاول الناقل تسليمه في أسرع وقت ممكن. يستغرق هذا بشكل عام ما بين يوم إلى ثلاثة أيام. يعرض موقع الويب USPS خريطة لمختلف المناطق ال
CASE_0245,1098102,mixed,6,4577738,0.7756,0.7756,0,ar,أفضل إجابة: عادةً ما يستغرق الشحن ذي الأولوية من يومين إلى ثلاثة أيام عمل ، ومع ذلك ، لا يتم تشغيل البريد خلال العطلات. من أجل الحصول عليها بحلول اليوم الرابع ، ستحتاج إلى الترقية إلى الشحن السريع.
CASE_0245,1098102,mixed,7,8730830,0.7739,0.7739,0,ar,يتم تسليم بريد الدرجة الأولى في غضون 2 إلى 3 أيام. يتم تسليم البريد ذو الأولوية في غضون 1 إلى 3 أيام. البريد السريع يسلم بين عشية وضحاها. كما أنها تأتي مع مرافق أخرى مثل التتبع والتوقيع عند التسليم.
CASE_0245,1098102,mixed,8,1302967,0.7738,0.7738,0,ar,يتم تسليم معظم طرود البريد ذات الأولوية في غضون 2-3 أيام عمل. ومع ذلك ، في بعض الحالات النادرة ، قد يستغرق التسليم ما يصل إلى 5 أيام عمل.
CASE_0245,1098102,mixed,9,730069,0.7737,0.7737,0,ar,يستغرق البريد ذو الأولوية من 1 إلى 3 أيام عمل للتسليم ، اعتبارًا من 2014. يعتمد وقت العبور الدقيق لحزمة بريد الأولوية للوصول إلى المستلم المقصود على موقع الأصل الذي يتم إرسال الطرد منه بالبريد ، وعنوان الوجهة حيث يتم إرسال الحزمة أرسلت.
CASE_0245,1098102,mixed,10,870223,0.7721,0.7721,0,ar,وفقًا لخدمة بريد الولايات المتحدة ، يستغرق البريد ذي الأولوية من يوم إلى ثلاثة أيام للوصول إلى وجهته. يختلف طول الوقت بسبب المسافة بناءً على نقطة الشحن ونقطة الاستلام. أكمل القراءة.
CASE_0245,1098249,endpoint,1,6658573,0.7215,0.7215,0,ar,يمكن أن تظهر المواد الأفيونية في اختبار البول لمدة تصل إلى 3 إلى 5 أيام حسب عملية التمثيل الغذائي لديك. 10 أشخاص وجدوا هذا مفيدًا.
CASE_0245,1098249,endpoint,2,1417229,0.7172,0.7172,0,ar,إجابة An8thgwiz. صوت الثقة 2.1K. يمكن أن تظهر المواد الأفيونية في اختبار البول لمدة تصل إلى 3 إلى 5 أيام حسب عملية التمثيل الغذائي لديك. يمكن أن تظهر المواد الأفيونية في اختبار البول لمدة تصل إلى 3 إلى 5 أيام حسب عملية التمثيل الغذائي لديك.
CASE_0245,1098249,endpoint,3,2888709,0.7163,0.7163,0,ar,بالنسبة لاختبار البول ، يتراوح وقت اكتشاف المواد الأفيونية من 2 إلى 5 أيام ، اعتمادًا على عدد مرات استخدام الأفيون وكميته. فيما يتعلق باختبارات عقار الشعر ، يمكن اكتشاف المواد الأفيونية لمدة تصل إلى 3 أشهر ، حسب طول عينة الشعر المأخوذة. تبقى المواد الأفيونية عادةً في مجرى دم الشخص لمدة 6-12 ساعة بعد
CASE_0245,1098249,endpoint,4,3328649,0.7102,0.7102,0,ar,ما هي مدة الكشف عن فيكودين عن طريق تحليل البول؟ من 3 إلى 5 أيام حسب التمثيل الغذائي الخاص بك ، وكمية المياه التي تشربها ، والتعرق كثيرًا ... إلخ. لأكون آمنًا ، سأنتظر 7 أيام على الأقل. يجب أن يتم تطهيرك تمامًا بحلول ذلك الوقت غير الصائب بالطبع كنت تتناول جرعات ضخمة (أكثر من 100 ملغ) في اليوم. في هذه
CASE_0245,1098249,endpoint,5,4891654,0.7067,0.7067,0,ar,أي مادة أفيونية بشكل عام تستغرق حوالي 2-3 أيام فقط للخروج من النظام لتحليل البول ولكن لتحليل الدم سوف يستغرق 5-7 أيام وهذا يدخل في مزيد من الفحص لمقدار الأفيون الذي تتناوله يوميًا.
CASE_0245,1098249,endpoint,6,1417223,0.7022,0.7022,0,ar,ستبقى المواد الأفيونية في البول لمدة 1-7 أيام ، حسب حجمك وكمية / تكرار الاستخدام. ومع ذلك ، فإنها ستبقى عند مستويات يمكن اكتشافها في دمك لمدة تصل إلى 20 يومًا ، مرة أخرى ، اعتمادًا على الحجم والتردد والحجم. السؤال والجواب مقفولان ولا يمكن تعديلهما.
CASE_0245,1098249,endpoint,7,1385830,0.7018,0.7018,0,ar,ستبقى المواد الأفيونية في البول لمدة 1-7 أيام ، حسب حجمك وكمية / تكرار الاستخدام. ومع ذلك ، فإنها ستبقى عند مستويات يمكن اكتشافها في دمك لمدة تصل إلى 20 يومًا ، مرة أخرى ، اعتمادًا على الحجم والتردد والحجم. 29 شخصًا وجدوا هذا مفيدًا.
CASE_0245,1098249,endpoint,8,2108655,0.7013,0.7013,0,ar,بالنسبة لاختبار البول ، يتراوح وقت اكتشاف المواد الأفيونية من 2 إلى 5 أيام ، اعتمادًا على عدد مرات استخدام الأفيون وكميته. فيما يتعلق باختبارات عقار الشعر ، يمكن اكتشاف المواد الأفيونية لمدة تصل إلى 3 أشهر ، اعتمادًا على طول عينة الشعر المأخوذة. ما هي مدة بقاء الأدوية في النظام. الوصف: ما هي مدة بقا
CASE_0245,1098249,endpoint,9,2231133,0.7003,0.7003,0,ar,ستبقى المواد الأفيونية في البول لمدة 1-7 أيام ، حسب حجمك وكمية / تكرار الاستخدام. ومع ذلك ، فإنها ستبقى عند مستويات يمكن اكتشافها في دمك لمدة تصل إلى 20 يومًا ، مرة أخرى ، اعتمادًا على الحجم والتردد والحجم.
CASE_0245,1098249,endpoint,10,3447134,0.698,0.698,0,ar,ستبقى المواد الأفيونية في البول لمدة 1-7 أيام ، حسب حجمك وكمية / تكرار الاستخدام. ومع ذلك ، فإنها ستبقى في مستويات يمكن اكتشافها في دمك لمدة تصل إلى 20 يومًا ، مرة أخرى ، اعتمادًا على الحجم والتكرار وحجمك ، اعتمادًا على عدد المرات التي تم تناولها وكميتها ، ولكن بشكل عام ، حوالي 10-12 يومًا ، الأيام
CASE_0245,1098249,mixed,1,7353071,0.7318,0.7318,1,ar,كم من الوقت تبقى المواد الأفيونية في نظامك. لكي تفهم بدقة المدة التي ستبقى فيها هذه الأدوية في نظامك ، يجب أن تنظر إلى الدواء المحدد الذي تستخدمه. بمجرد أن تعرف عمر النصف لدوائك ، ستتمكن من مضاعفته بمقدار 5.5 وسيكون لديك تقدير جيد. عادة ، قد يستغرق الأمر من 24.75 إلى 25 ساعة حتى تتم إزالة Oxycontin
CASE_0245,1098249,mixed,2,7427034,0.7284,0.7284,0,ar,عادة ، قد يستغرق الأمر من 24.75 إلى 25 ساعة حتى تتم إزالة Oxycontin من نظامك تمامًا. كإجراء احترازي ، عادة ما يكون من المسؤول القول إن غالبية المواد الأفيونية ستغادر الجسم ، في غضون 5 إلى 7 أيام على الأقل! ما هي المدة التي تبقى فيها المواد الأفيونية في البول؟ عندما يتعلق الأمر بالبول ، فإن الأدوية ع
CASE_0245,1098249,mixed,3,3447134,0.7238,0.7238,0,ar,ستبقى المواد الأفيونية في البول لمدة 1-7 أيام ، حسب حجمك وكمية / تكرار الاستخدام. ومع ذلك ، فإنها ستبقى في مستويات يمكن اكتشافها في دمك لمدة تصل إلى 20 يومًا ، مرة أخرى ، اعتمادًا على الحجم والتكرار وحجمك ، اعتمادًا على عدد المرات التي تم تناولها وكميتها ، ولكن بشكل عام ، حوالي 10-12 يومًا ، الأيام
CASE_0245,1098249,mixed,4,108485,0.7187,0.7187,0,ar,خبير: nurse_Dan رد منذ 8 سنوات. إذا كنت تخضع لاختبار عقار ، فإن الفاليوم ليس دواءً جيدًا في نظامك. لها نصف عمر طويل جدًا ويمكن أن تبقى في نظامك لمدة تصل إلى 30 يومًا. اسأل سؤال الصحة الخاص بك. الزبون: تم الرد منذ 8 سنوات. أخطأوا في التحدث بالمعلومات. إذا كنت تتناول دواء الفاليوم لعدة مرات من أشهر إل
CASE_0245,1098249,mixed,5,5771948,0.7184,0.7184,0,ar,خبير: nurse_Dan رد منذ 8 سنوات. إذا كنت تخضع لاختبار عقار ، فإن الفاليوم ليس دواءً جيدًا في نظامك. لها نصف عمر طويل جدًا ويمكن أن تبقى في نظامك لمدة تصل إلى 30 يومًا. اسأل سؤال الصحة الخاص بك. العميل: تم الرد منذ 8 سنوات. إذا كنت تتناول دواء الفاليوم لعدة مرات من أشهر إلى سنوات ، فإن وقت تنظيف البول
CASE_0245,1098249,mixed,6,1385830,0.7171,0.7171,0,ar,ستبقى المواد الأفيونية في البول لمدة 1-7 أيام ، حسب حجمك وكمية / تكرار الاستخدام. ومع ذلك ، فإنها ستبقى عند مستويات يمكن اكتشافها في دمك لمدة تصل إلى 20 يومًا ، مرة أخرى ، اعتمادًا على الحجم والتردد والحجم. 29 شخصًا وجدوا هذا مفيدًا.
CASE_0245,1098249,mixed,7,1417223,0.7167,0.7167,0,ar,ستبقى المواد الأفيونية في البول لمدة 1-7 أيام ، حسب حجمك وكمية / تكرار الاستخدام. ومع ذلك ، فإنها ستبقى عند مستويات يمكن اكتشافها في دمك لمدة تصل إلى 20 يومًا ، مرة أخرى ، اعتمادًا على الحجم والتردد والحجم. السؤال والجواب مقفولان ولا يمكن تعديلهما.
CASE_0245,1098249,mixed,8,3447135,0.7149,0.7149,0,ar,ستبقى المواد الأفيونية في البول لمدة 1-7 أيام ، حسب حجمك وكمية / تكرار الاستخدام. ومع ذلك ، فإنها ستبقى في مستويات يمكن اكتشافها في دمك لمدة تصل إلى 20 يومًا ، مرة أخرى ، اعتمادًا على الحجم والتكرار والحجم ، وجد 29 شخصًا هذا مفيدًا ، بمتوسط ​​72 ساعة ، اعتمادًا على حالة صحتك و كم تستهلك على أساس يوم
CASE_0245,1098249,mixed,9,2231133,0.7134,0.7134,0,ar,ستبقى المواد الأفيونية في البول لمدة 1-7 أيام ، حسب حجمك وكمية / تكرار الاستخدام. ومع ذلك ، فإنها ستبقى عند مستويات يمكن اكتشافها في دمك لمدة تصل إلى 20 يومًا ، مرة أخرى ، اعتمادًا على الحجم والتردد والحجم.
CASE_0245,1098249,mixed,10,7479106,0.7124,0.7124,0,ar,تسمح لهم هذه الخاصية أيضًا بالدخول إلى الدماغ بسهولة. يمكن الكشف عن هذه المخدرات في اللعاب والدم بعد استخدامها لمدة 6-12 ساعة. في البول لمدة 2-5 أيام وفي الشعر لمدة تصل إلى 90 يومًا. في الواقع ، تعتمد مدة بقاء المواد الأفيونية في نظامك بشكل كبير على نوع المواد الأفيونية وتكرارها وكميتها ، وما إلى ذل
CASE_0245,1098725,endpoint,1,2534414,0.7386,0.7386,0,ar,يوم واحد على كوكب الزهرة يساوي عام واحد على الأرض. لا على محمل الجد ، هذا صحيح ، يستغرق الأمر حوالي عام واحد حتى يقوم الزهرة بالدوران الكامل (لا أعني ثورة ، لكن الدوران مثل تدوير كرة سلة.) في الواقع ، يدور الزهرة في حوالي 243 يومًا أرضيًا وهذا فقط حوالي 8 أشهر ، لا سنة. يوم واحد على كوكب الزهرة يبلغ
CASE_0245,1098725,endpoint,2,6123143,0.7349,0.7349,0,ar,اليوم على كوكب الزهرة هو 243 يومًا من أيام الأرض. يعتبر يوم الزهرة في الواقع أطول من عامه. يستغرق الأمر فقط 224.7 يومًا من أيام الأرض لكي يدور الكوكب حول الشمس. نقيس اليوم على الأرض على أنه فترة 24 ساعة ، ولكن في الواقع يستغرق الكوكب 23 ساعة و 56 دقيقة و 4 ثوانٍ للدوران حول محوره ، ويسمى هذا القياس
CASE_0245,1098725,endpoint,3,1156029,0.7297,0.7297,0,ar,اليوم على كوكب الزهرة هو 243 يومًا من أيام الأرض. يعتبر يوم الزهرة في الواقع أطول من عامه. يستغرق الأمر فقط 224.7 يومًا من أيام الأرض لكي يدور الكوكب حول الشمس. نقيس اليوم على الأرض على أنه فترة 24 ساعة ، لكن في الواقع يستغرق الكوكب 23 ساعة و 56 دقيقة و 4 ثوانٍ للدوران حول محوره.
CASE_0245,1098725,endpoint,4,5084038,0.7274,0.7274,0,ar,اليوم على كوكب الزهرة هو 243 يومًا من أيام الأرض. يعتبر يوم الزهرة في الواقع أطول من عامه. يستغرق الأمر فقط 224.7 يومًا من أيام الأرض لكي يدور الكوكب حول الشمس. نقيس اليوم على الأرض على أنه فترة 24 ساعة ، ولكن في الواقع يستغرق الكوكب 23 ساعة و 56 دقيقة و 4 ثوانٍ للدوران حول محوره ، ويعتقد بعض علماء
CASE_0245,1098725,endpoint,5,6328627,0.7269,0.7269,0,ar,يوم الزهرة أطول من سنة الزهرة. يبلغ طول سنة كوكب الزهرة حوالي 225 يومًا من أيام الأرض ، بينما يبلغ طول يوم كوكب الزهرة حوالي 243 يومًا من أيام الأرض. ومع ذلك ، نظرًا لسفره حول الشمس ، هناك شروقان للشمس في كل يوم من أيام الزهرة (إذا كان بإمكانك رؤيتهما) ، يفصل بينهما حوالي 117 يومًا على الأرض.
CASE_0245,1098725,endpoint,6,5442611,0.7265,0.7265,0,ar,لا على محمل الجد ، هذا صحيح ، يستغرق الزهرة حوالي عام واحدًا للقيام بدوران كامل (لا أعني ثورة ، لكن الدوران - - مثل تدوير كرة سلة.) في الواقع ، يدور الزهرة حوالي 243 أيام الأرض وهذا فقط حوالي 8 أشهر وليس سنة. يوم واحد على كوكب الزهرة يبلغ طوله حوالي 243 يومًا من أيام الأرض. هناك 24 ساعة في اليوم على
CASE_0245,1098725,endpoint,7,7417687,0.7221,0.7221,0,ar,تدور الزهرة حول الشمس في حوالي 225 يومًا من أيام الأرض. (224.70069 يومًا) كما قد يبدو غريبًا ، تدور الزهرة ببطء شديد لدرجة أن يومًا على كوكب الزهرة أطول من عامه. يستغرق كوكب الزهرة حوالي 243 يومًا من أيام الأرض ليدور مرة واحدة على محوره ، كما أن الدوران البطيء أيضًا في اتجاه رجعي (في اتجاه عقارب الس
CASE_0245,1098725,endpoint,8,6108141,0.7216,0.7216,0,ar,اليوم على كوكب الزهرة هو 243 يومًا من أيام الأرض. يعتبر يوم الزهرة في الواقع أطول من عامه. يستغرق الأمر فقط 224.7 يومًا من أيام الأرض لكي يدور الكوكب حول الشمس. نقيس اليوم على الأرض على أنه فترة 24 ساعة ، ولكن في الواقع يستغرق الكوكب 23 ساعة و 56 دقيقة و 4 ثوانٍ للدوران حول محوره ، ويعتقد بعض علماء
CASE_0245,1098725,endpoint,9,5496057,0.718,0.718,0,ar,يستغرق كوكب الزهرة 224.7 يومًا من أيام الأرض لإكمال مدار واحد حول الشمس. إذن ، السنة على كوكب الزهرة تساوي 0.62 سنة على الأرض. إحدى الحقائق المثيرة للاهتمام حول كوكب الزهرة هي أن اليوم على كوكب الزهرة هو في الواقع أطول من عام على كوكب الزهرة ، ويستمر يوم الزهرة 243 يومًا ، والسنة 224 يومًا. هذا يعني
CASE_0245,1098725,endpoint,10,5844638,0.7172,0.7172,0,ar,يوم واحد على كوكب الزهرة يساوي عام واحد على الأرض. لا على محمل الجد ، هذا صحيح ، يستغرق الزهرة حوالي عام واحدًا لتقوم بدوران كامل (لا أعني ثورة ، لكن الدوران ࢠ- مثل تدوير كرة سلة.) في الواقع ، يدور الزهرة حوالي 243 يومًا من أيام الأرض وهذا فقط حوالي 8 أشهر وليس سنة.
CASE_0245,1098725,mixed,1,7318057,0.7425,0.7425,1,ar,قد يبدو أن يومًا على سطح كوكب الزهرة (اليوم الشمسي) يستغرق 117 يومًا على الأرض A تستغرق سنة على كوكب الزهرة 225 يومًا أرضيًا. http://space-facts.com/venus/ يستمر اليوم الشمسي على كوكب الزهرة 117 يومًا أرضيًا ، مقابل 225 يومًا أرضيًا لإكمال مدار ، لذلك هناك نسبة 1.92 لديك.
CASE_0245,1098725,mixed,2,2534414,0.7314,0.7314,0,ar,يوم واحد على كوكب الزهرة يساوي عام واحد على الأرض. لا على محمل الجد ، هذا صحيح ، يستغرق الأمر حوالي عام واحد حتى يقوم الزهرة بالدوران الكامل (لا أعني ثورة ، لكن الدوران مثل تدوير كرة سلة.) في الواقع ، يدور الزهرة في حوالي 243 يومًا أرضيًا وهذا فقط حوالي 8 أشهر ، لا سنة. يوم واحد على كوكب الزهرة يبلغ
CASE_0245,1098725,mixed,3,6123143,0.7308,0.7308,0,ar,اليوم على كوكب الزهرة هو 243 يومًا من أيام الأرض. يعتبر يوم الزهرة في الواقع أطول من عامه. يستغرق الأمر فقط 224.7 يومًا من أيام الأرض لكي يدور الكوكب حول الشمس. نقيس اليوم على الأرض على أنه فترة 24 ساعة ، ولكن في الواقع يستغرق الكوكب 23 ساعة و 56 دقيقة و 4 ثوانٍ للدوران حول محوره ، ويسمى هذا القياس
CASE_0245,1098725,mixed,4,5084038,0.7308,0.7308,0,ar,اليوم على كوكب الزهرة هو 243 يومًا من أيام الأرض. يعتبر يوم الزهرة في الواقع أطول من عامه. يستغرق الأمر فقط 224.7 يومًا من أيام الأرض لكي يدور الكوكب حول الشمس. نقيس اليوم على الأرض على أنه فترة 24 ساعة ، ولكن في الواقع يستغرق الكوكب 23 ساعة و 56 دقيقة و 4 ثوانٍ للدوران حول محوره ، ويعتقد بعض علماء
CASE_0245,1098725,mixed,5,6108141,0.7257,0.7257,0,ar,اليوم على كوكب الزهرة هو 243 يومًا من أيام الأرض. يعتبر يوم الزهرة في الواقع أطول من عامه. يستغرق الأمر فقط 224.7 يومًا من أيام الأرض لكي يدور الكوكب حول الشمس. نقيس اليوم على الأرض على أنه فترة 24 ساعة ، ولكن في الواقع يستغرق الكوكب 23 ساعة و 56 دقيقة و 4 ثوانٍ للدوران حول محوره ، ويعتقد بعض علماء
CASE_0245,1098725,mixed,6,5844639,0.7204,0.7204,0,ar,يوم واحد على كوكب الزهرة يبلغ طوله حوالي 243 يومًا من أيام الأرض. هناك 24 ساعة في اليوم على الأرض ، 243 × 24 = 5832 ساعة. هذه هي فترة الدوران ، والمعروفة باسم اليوم الفلكي.
CASE_0245,1098725,mixed,7,1156029,0.7193,0.7193,0,ar,اليوم على كوكب الزهرة هو 243 يومًا من أيام الأرض. يعتبر يوم الزهرة في الواقع أطول من عامه. يستغرق الأمر فقط 224.7 يومًا من أيام الأرض لكي يدور الكوكب حول الشمس. نقيس اليوم على الأرض على أنه فترة 24 ساعة ، لكن في الواقع يستغرق الكوكب 23 ساعة و 56 دقيقة و 4 ثوانٍ للدوران حول محوره.
CASE_0245,1098725,mixed,8,5496057,0.717,0.717,0,ar,يستغرق كوكب الزهرة 224.7 يومًا من أيام الأرض لإكمال مدار واحد حول الشمس. إذن ، السنة على كوكب الزهرة تساوي 0.62 سنة على الأرض. إحدى الحقائق المثيرة للاهتمام حول كوكب الزهرة هي أن اليوم على كوكب الزهرة هو في الواقع أطول من عام على كوكب الزهرة ، ويستمر يوم الزهرة 243 يومًا ، والسنة 224 يومًا. هذا يعني
CASE_0245,1098725,mixed,9,5844636,0.7135,0.7135,0,ar,يوم واحد على كوكب الزهرة يبلغ طوله حوالي 243 يومًا من أيام الأرض. هناك 24 ساعة في اليوم على الأرض ، 243 × 24 = 5832 ساعة. هذه هي فترة الدوران ، والمعروفة باسم اليوم الفلكي. لكن الأمر أكثر تعقيدًا من ذلك لأنك تتجاهل اليوم الشمسي.
CASE_0245,1098725,mixed,10,5844635,0.7131,0.7131,0,ar,يوم واحد على كوكب الزهرة يبلغ طوله حوالي 243 يومًا من أيام الأرض. هناك 24 ساعة في اليوم على الأرض ، 243 × 24 = 5832 ساعة. هذه هي فترة الدوران ، والمعروفة باسم اليوم الفلكي. لكن الأمر أكثر تعقيدًا من ذلك لأنك تتجاهل اليوم الشمسي. يعتمد اليوم الشمسي على حركة الكوكب حول الشمس بالإضافة إلى دورانه.
CASE_0245,168175,endpoint,1,6289229,0.659,0.659,0,ar,في القانون ، يعد التدخل إجراءً للسماح لأحد غير الأطراف ، يسمى المتدخل (المتدخل المكتوب أيضًا) بالانضمام إلى التقاضي الجاري ، إما كمسألة حق أو وفقًا لتقدير المحكمة ، دون إذن من المتقاضين الأصليين. المحاكم الفدرالية ، التدخل تحكمه القاعدة 24 من القواعد الاتحادية للإجراءات المدنية. 1 القاعدة 24 (أ) تحك
CASE_0245,168175,endpoint,2,1993253,0.6566,0.6566,0,ar,التدخل (القانون) في القانون ، التدخل هو إجراء للسماح لشخص غير طرف ، يسمى المتدخل (المتدخل أيضًا) بالانضمام إلى التقاضي الجاري ، إما على سبيل الحق أو وفقًا لتقدير المحكمة ، دون إذن من المتقاضين الأصليين.
CASE_0245,168175,endpoint,3,6289233,0.6353,0.6353,0,ar,يحدث التدخل القانوني عندما يكون لدى الإدارة أو الوكالة التزام قانوني بالمشاركة. يمكن أن يرتبط هذا الالتزام بالتدخلات التي قد تحدث: 1 قبل تدخل المحكمة. 2 أثناء تدخل المحكمة. 3 نتيجة لتدخل المحكمة. n التدخل هو أي تدخل بين وكالة أو عامل مع عميل. يمكن أن يكون طوعيًا (حيث يسعى العميل أو يوافق على التدخل)
CASE_0245,168175,endpoint,4,1946867,0.6288,0.6288,0,ar,التدخل هو مصطلح لسياسة النشاط غير الدفاعي (الاستباقي) الذي تقوم به دولة قومية ، أو ولاية قضائية جغرافية سياسية أخرى ذات طبيعة أقل أو أكبر ، للتلاعب بالاقتصاد أو المجتمع.
CASE_0245,168175,endpoint,5,6289234,0.6282,0.6282,0,ar,يعني التدخل بأمر من المحكمة تقديم طلب من خلال المحكمة للتدخل القانوني ، على سبيل المثال أمر حماية الطفل من خلال إدارة سلامة الطفل أو أمر العنف المنزلي لتوفير الحماية لأي شخص ضد المزيد من العنف المنزلي. n التدخل هو أي تدخل بين وكالة أو عامل مع العميل. يمكن أن يكون طوعيًا (حيث يسعى العميل أو يوافق على
CASE_0245,168175,endpoint,6,8100649,0.627,0.627,0,ar,التدخل - (قانون) إجراء يسمح لأي شخص بالدخول في دعوى قضائية جارية بالفعل ؛ قبول شخص ليس طرفًا أصليًا في الدعوى حتى يتمكن هذا الشخص من حماية بعض الحقوق أو المصالح التي يُزعم أنها تتأثر بالإجراءات ؛ الغرض من التدخل هو منع الازدواجية غير الضرورية في الدعاوى القضائية
CASE_0245,168175,endpoint,7,7698787,0.618,0.618,0,ar,"""دخل هذا حيز التنفيذ في الأول من أكتوبر 2012 بموجب لوائح الصحة والسلامة (الرسوم) لعام 2012. تغطي سياسة مسئولية إدارة شركات التأمين الخاصة بنا رسوم تكاليف التدخل كمعيار تحت غطاء كل من أعضاء مجلس الإدارة والمسئولية والكيان تحت ¢ ۈ """"تغطية تكلفة التحقيق"""". هذا جديد نسبيًا ولا يتوفر على نطاق واسع بموجب"
CASE_0245,168175,endpoint,8,6495444,0.6176,0.6176,0,ar,التدخل: التدخل هو العملية التي يتم من خلالها السماح لطرف ثالث بالانضمام إلى دعوى قضائية. يجوز للطرف الثالث أن يصبح مدعيًا مشاركًا أو مدعى عليه مشتركًا أو يتخذ موقفًا مستقلاً في الدعوى. هناك نوعان من التدخل: التدخل الصحيح والتدخل المسموح به. في هذه الحالة ، تسمح القاعدة 14 لجون باستدعاء سوزان في الدع
CASE_0245,168175,endpoint,9,551851,0.6125,0.6125,0,ar,Freebase (0.00 / 0 votes) قيم هذا التعريف: التدخل. التدخل هو مصطلح لسياسة النشاط غير الدفاعي التي تقوم بها دولة قومية ، أو ولاية جغرافية سياسية أخرى ذات طبيعة أقل أو أكبر ، للتلاعب بالاقتصاد أو المجتمع. أكثر تطبيقات المصطلح شيوعًا هي التدخل الاقتصادي والتدخل الأجنبي.
CASE_0245,168175,endpoint,10,551859,0.6115,0.6115,0,ar,Freebase (0.00 / 0 votes) قيم هذا التعريف: التدخل هو مصطلح لسياسة النشاط غير الدفاعي الذي تقوم به دولة قومية ، أو ولاية جغرافية سياسية أخرى ذات طبيعة أقل أو أكبر ، للتلاعب بالاقتصاد أو المجتمع.
CASE_0245,168175,mixed,1,7985490,0.6499,0.6499,1,ar,أعتقد أن على المتفرجين واجبًا أخلاقيًا للتدخل إذا كان بإمكانهم القيام بذلك بأمان ، وبالتأكيد طلب المساعدة من تطبيق القانون. لكن هذه حالة يكون فيها التشريع سيئًا للغاية ، وستكون القوانين الناتجة عنها غير قابلة للتنفيذ فعليًا على أي حال.
CASE_0245,168175,mixed,2,1203537,0.6414,0.6414,0,ar,لا ، إنه تدخل مناسب للأطفال الذين خالفوا القانون. ويهدف إلى جعل الأطفال يفهمون تأثير جرائمهم على الآخرين والتأكد من أنهم يصححون الأخطاء التي ارتكبوها.
CASE_0245,168175,mixed,3,2473093,0.6386,0.6386,0,ar,من المسؤول عن إجراء تحقيق عند اكتشاف خطأ في الدفع؟
CASE_0245,168175,mixed,4,8727537,0.6337,0.6337,0,ar,هل يمكن تحميل المؤسسة المسؤولية عن الإصابات التي تحدث بسبب الأنشطة التي يتم تنفيذها في المبنى من قبل زبائن مخمورين؟
CASE_0245,168175,mixed,5,1993253,0.6294,0.6294,0,ar,التدخل (القانون) في القانون ، التدخل هو إجراء للسماح لشخص غير طرف ، يسمى المتدخل (المتدخل أيضًا) بالانضمام إلى التقاضي الجاري ، إما على سبيل الحق أو وفقًا لتقدير المحكمة ، دون إذن من المتقاضين الأصليين.
CASE_0245,168175,mixed,6,6289229,0.6289,0.6289,0,ar,في القانون ، يعد التدخل إجراءً للسماح لأحد غير الأطراف ، يسمى المتدخل (المتدخل المكتوب أيضًا) بالانضمام إلى التقاضي الجاري ، إما كمسألة حق أو وفقًا لتقدير المحكمة ، دون إذن من المتقاضين الأصليين. المحاكم الفدرالية ، التدخل تحكمه القاعدة 24 من القواعد الاتحادية للإجراءات المدنية. 1 القاعدة 24 (أ) تحك
CASE_0245,168175,mixed,7,6289233,0.6256,0.6256,0,ar,يحدث التدخل القانوني عندما يكون لدى الإدارة أو الوكالة التزام قانوني بالمشاركة. يمكن أن يرتبط هذا الالتزام بالتدخلات التي قد تحدث: 1 قبل تدخل المحكمة. 2 أثناء تدخل المحكمة. 3 نتيجة لتدخل المحكمة. n التدخل هو أي تدخل بين وكالة أو عامل مع عميل. يمكن أن يكون طوعيًا (حيث يسعى العميل أو يوافق على التدخل)
CASE_0245,168175,mixed,8,1946867,0.6223,0.6223,0,ar,التدخل هو مصطلح لسياسة النشاط غير الدفاعي (الاستباقي) الذي تقوم به دولة قومية ، أو ولاية قضائية جغرافية سياسية أخرى ذات طبيعة أقل أو أكبر ، للتلاعب بالاقتصاد أو المجتمع.
CASE_0245,168175,mixed,9,5486574,0.6207,0.6207,0,ar,يفرض القانون على مستوى المدينة أو المدينة أو المحافظة. تشمل المسؤوليات تخطيط خدمة الشرطة ، والتطوير التنظيمي ، وإدارة شؤون الموظفين ، والشرطة المجتمعية ، والعلاقات المجتمعية. قد يشارك أيضًا في المهام الإدارية والمالية / المتعلقة بالميزانية والعمليات / علاقات العمل.
CASE_0245,168175,mixed,10,6289234,0.6206,0.6206,0,ar,يعني التدخل بأمر من المحكمة تقديم طلب من خلال المحكمة للتدخل القانوني ، على سبيل المثال أمر حماية الطفل من خلال إدارة سلامة الطفل أو أمر العنف المنزلي لتوفير الحماية لأي شخص ضد المزيد من العنف المنزلي. n التدخل هو أي تدخل بين وكالة أو عامل مع العميل. يمكن أن يكون طوعيًا (حيث يسعى العميل أو يوافق على
CASE_0245,21765,endpoint,1,1924420,0.6866,0.6866,0,ar,الكتب المصورة. في تعريفه الأوسع ، الكتاب المصور هو كتاب تلعب فيه الرسوم التوضيحية دورًا مهمًا في سرد ​​القصة. تقليديا ، الكتب المصورة (تسمى أيضًا كتب القصص المصورة) عبارة عن كتب مكونة من 32 صفحة للأعمار من 4 إلى 8 سنوات (قد يختلف هذا العمر قليلاً حسب الناشر).
CASE_0245,21765,endpoint,2,5547332,0.6834,0.6834,0,ar,بقلم لورا باكس ، كتاب الأطفال. * الكتب المصورة - في أوسع تعريف لها ، الكتاب المصور هو كتاب تلعب فيه الرسوم التوضيحية دورًا مهمًا في سرد ​​القصة. 1. كتب الأطفال - بالنسبة للرضع والأطفال الصغار ، تكون هذه الكتب عمومًا عبارة عن تهويدات أو أغاني أطفال أو كتب بلا كلمات.
CASE_0245,21765,endpoint,3,5903214,0.6743,0.6743,0,ar,الكتب المصورة - تقليديًا ، الكتب المصورة (وتسمى أيضًا كتب القصص المصورة) هي كتب مكونة من 32 صفحة للأعمار من 4 إلى 8 سنوات (قد يختلف هذا العمر قليلاً حسب الناشر). يصل طول المخطوطات إلى 1500 كلمة ، ويبلغ متوسط ​​طولها 1000 كلمة.
CASE_0245,21765,endpoint,4,7583158,0.6734,0.6734,0,ar,الرواية المصورة هي صيغة وليست نوع. يمكن أن تكون الروايات المصورة خيالًا أو غير خيالي أو تاريخي أو خيال أو أي شيء بينهما. تشبه الروايات المصورة الكتب المصورة لأنها تستخدم الفن المتسلسل لرواية قصة. على عكس الكتب المصورة ، تعتبر الروايات المصورة عمومًا قصصًا قائمة بذاتها ذات حبكات أكثر تعقيدًا. تعتبر م
CASE_0245,21765,endpoint,5,2066247,0.6698,0.6698,0,ar,الرواية المصورة هي صيغة وليست نوع. يمكن أن تكون الروايات المصورة خيالًا أو غير خيالي أو تاريخي أو خيال أو أي شيء بينهما. تشبه الروايات المصورة الكتب المصورة لأنها تستخدم الفن المتسلسل لرواية قصة. على عكس الكتب المصورة ، تعتبر الروايات المصورة عمومًا قصصًا قائمة بذاتها ذات حبكات أكثر تعقيدًا.
CASE_0245,21765,endpoint,6,3049843,0.6698,0.6698,0,ar,تستخدم كل من الكتب المصورة والروايات المصورة مجموعة من الرسوم التوضيحية والكلمات لرواية قصة. يمكن أن تكون هذه القصة أي شيء ، سواء كانت خيالية أو غير خيالية ، حكاية بطل خارق أو قصة نهاية العالم من الزومبي. الفرق ليس في المحتوى ، ولكن في العرض. الكتب المصورة هي قصص متسلسلة. معظمها قصير نسبيًا ، وتحكي
CASE_0245,21765,endpoint,7,7353503,0.6654,0.6654,0,ar,تعتبر الكتب المصورة للبالغين من المنشورات السرية لنوع الكتاب الهزلي. ومع ذلك ، هناك العديد من الكتب المصورة للبالغين للاختيار من بينها. العديد من المكتبات السائدة وحتى متاجر الكتب المصورة لا تحمل هذا النوع. بدلا من ذلك ، يتم تنزيل معظمها من الإنترنت.
CASE_0245,21765,endpoint,8,879902,0.6621,0.6621,0,ar,ما يحتاج المعلمون لمعرفته حول الأدب الواقعي الجديد. الكتب المصورة للأطفال هي نوع من الأنواع المتفجرة من حيث الجودة والكمية. تكشف الكتب الواقعية الحديثة عن التركيز على المرئي والتركيز على الدقة وأسلوب الكتابة الجذاب. يتم تضمين الاقتراحات لاختيار واستخدام الكتب المصورة في الفصل الدراسي.
CASE_0245,21765,endpoint,9,2220252,0.6589,0.6589,0,ar,ما يحتاج المعلمون لمعرفته حول الأدب الواقعي الجديد. بقلم: شارون روث جيل. الكتب المصورة للأطفال هي نوع من الأنواع المتفجرة من حيث الجودة والكمية. تكشف الكتب الواقعية الحديثة عن التركيز على المرئي والتركيز على الدقة وأسلوب الكتابة الجذاب. يتم تضمين الاقتراحات لاختيار واستخدام الكتب المصورة في الفصل ال
CASE_0245,21765,endpoint,10,5708736,0.6544,0.6544,0,ar,تغطي الكتب المصورة مجموعة واسعة من الموضوعات والأساليب. تعد قائمة الفائزين بميدالية Caldecott ، المتوفرة من مكتبتك ، مكانًا جيدًا لبدء البحث. يمكن أن يصل طول الكتب غير الخيالية في تنسيق الكتاب المصور إلى 10 أو 48 صفحة أو ما يصل إلى 2000 كلمة نصية. 4. الكتب المصورة المبكرة - مصطلح يشير إلى الكتب المص
CASE_0245,21765,mixed,1,7353502,0.7104,0.7104,1,ar,بصرف النظر عن الأبطال الخارقين ، فإن الأنواع الرئيسية للكتب المصورة هي: البديل / الباطني ، والمانجا ، والخيال العلمي ، والخيال ، والحركة / المغامرة ، والرعب ، والفكاهة ، والرومانسية ، والأطفال ، والبالغون. تحظى كاريكاتير الأبطال الخارقين بشعبية كبيرة في الولايات المتحدة.
CASE_0245,21765,mixed,2,3049843,0.6736,0.6736,0,ar,تستخدم كل من الكتب المصورة والروايات المصورة مجموعة من الرسوم التوضيحية والكلمات لرواية قصة. يمكن أن تكون هذه القصة أي شيء ، سواء كانت خيالية أو غير خيالية ، حكاية بطل خارق أو قصة نهاية العالم من الزومبي. الفرق ليس في المحتوى ، ولكن في العرض. الكتب المصورة هي قصص متسلسلة. معظمها قصير نسبيًا ، وتحكي
CASE_0245,21765,mixed,3,7583158,0.6731,0.6731,0,ar,الرواية المصورة هي صيغة وليست نوع. يمكن أن تكون الروايات المصورة خيالًا أو غير خيالي أو تاريخي أو خيال أو أي شيء بينهما. تشبه الروايات المصورة الكتب المصورة لأنها تستخدم الفن المتسلسل لرواية قصة. على عكس الكتب المصورة ، تعتبر الروايات المصورة عمومًا قصصًا قائمة بذاتها ذات حبكات أكثر تعقيدًا. تعتبر م
CASE_0245,21765,mixed,4,2066247,0.6679,0.6679,0,ar,الرواية المصورة هي صيغة وليست نوع. يمكن أن تكون الروايات المصورة خيالًا أو غير خيالي أو تاريخي أو خيال أو أي شيء بينهما. تشبه الروايات المصورة الكتب المصورة لأنها تستخدم الفن المتسلسل لرواية قصة. على عكس الكتب المصورة ، تعتبر الروايات المصورة عمومًا قصصًا قائمة بذاتها ذات حبكات أكثر تعقيدًا.
CASE_0245,21765,mixed,5,5141313,0.6632,0.6632,0,ar,"""من المهم أن تتذكر أنه ليست كل الروايات المصورة تدور حول أبطال خارقين. إن استبعاد الروايات المصورة لأنك لا تحب كاريكاتير السبانديكس هو ما يعادل استبعاد جميع الكتب الصوتية لأنك لا تحب كتابات ستيفن كينج. لذا ، فإن """"الروايات المصورة"""" هي مصطلح غير دقيق يستخدم لوصف تنسيق يستخدم مزيجًا من الكلمات والفن"
CASE_0245,21765,mixed,6,7822368,0.6581,0.6581,0,ar,الرواية المصورة هي كتاب يتكون من محتوى كاريكاتير. على الرغم من أن كلمة رواية تشير عادةً إلى أعمال خيالية طويلة ، إلا أن مصطلح الرواية المصورة يطبق على نطاق واسع ويتضمن الأعمال الروائية والواقعية والعمل المختار. ويتميز عن مصطلح الكتاب الهزلي الذي يستخدم للدوريات المصورة.
CASE_0245,21765,mixed,7,3761754,0.6563,0.6563,0,ar,عادة ما تأتي المانجا قبل الأنيمي. إنها كتب هزلية أو رسوم متحركة مطبوعة ، كلها في كتاب واحد. أنواع المانجا هي مغامرات الأكشن ، والرومانسية ، والرياضة والألعاب ، والدراما التاريخية ، والكوميديا ​​، والخيال العلمي والخيال ، والغموض ، والرعب ، والجنس ، والأعمال والتجارة ، وأكثر من ذلك ، الجنس هو كتابك ا
CASE_0245,21765,mixed,8,4398441,0.6538,0.6538,0,ar,التجارة ذات الأغلفة الورقية هي ابن عم الرواية المصورة. تم تعريف الروايات المصورة على أنها قصة متطورة يتم سردها بين غلافين ، عادةً ما يكون كتابًا من 64 أو 128 أو 176 صفحة ، بدلاً من مجموعة من القصص المصورة في شكل كتاب [غلاف عادي] أو كتب هزلية كلاسيكية (وينر). هناك ستة أنواع أساسية من الروايات المصورة
CASE_0245,21765,mixed,9,7583155,0.6518,0.6518,0,ar,الروايات المصورة هي ، ببساطة ، رسوم هزلية بطول الكتاب. في بعض الأحيان يروون قصة واحدة مستمرة من الصفحة الأولى إلى الصفحة الأخيرة ؛ في بعض الأحيان تكون مجموعات من القصص القصيرة أو القصص المصورة الفردية. الرسوم الهزلية عبارة عن فن بصري متسلسل ، عادةً ما يكون مصحوبًا بنص ، وغالبًا ما يتم سرده في سلسلة
CASE_0245,21765,mixed,10,7624999,0.6507,0.6507,0,ar,Post 1. بينما يمكنك شراء الكتب المصورة عبر الإنترنت ، هناك أيضًا عدد متزايد من الكتب المصورة التي يتم نشرها كإصدارات مطبوعة أو مجموعات من webcomics أو رسوم هزلية رسمها فنانون مستقلون ونشرت على مواقع الويب.
CASE_0245,577167,endpoint,1,957816,0.6519,0.6519,0,ar,شكرا على البصيرة !! أعتقد أن Provigil ، مما قرأته ، يستخدم لإيقاظك ، لكنها ليست مشكلة في أن تكون مستيقظًا ؛ إنه أشبه بالطاقة والتحفيز بالإضافة إلى القدرة على التحمل الجسدي. نعم ، الأدوية النفسية تكلف الكثير. آخذ Abilify وقمت بتوفير 400 دولار + سعره السخيف من خلال التأمين الخاص بي.
CASE_0245,577167,endpoint,2,4779309,0.6514,0.6514,0,ar,بيجاماتي ، استيقظت للتو. ملابسي لهذا اليوم! تي شيرت جميل أو بدون أكمام مع تنورة جميلة وحذاء مسطح أو كعب جميل. أنا أرتدي ملابسي لهذا اليوم أيضًا ، قميصًا جميلًا أو جينزًا أو شورتًا وحافي القدمين لأنني لا أتجول في المنزل بأحذية. أحذية الجري ، بغطاء علوي ، شورت صوفي.
CASE_0245,577167,endpoint,3,7709483,0.6434,0.6434,0,ar,يجب دائمًا إخضاع المجوهرات التي يتم ارتداؤها في الجنازة أو الاستيقاظ. يجب أن تكون الأحذية قريبة من الأصابع دائمًا ولا يُسمح أبدًا بارتداء الصنادل. بشكل عام ، يجب أن تكون ملابس الاستيقاظ صامتة ومحترمة ومن غير المرجح أن تلفت الانتباه. تعلم المزيد عن الملابس
CASE_0245,577167,endpoint,4,22727,0.6415,0.6415,0,ar,الاستيقاظ. 1 1. لا تضغط على زر الغفوة. استيقظ بمجرد انطلاق المنبه. 2 2. ابحث عن الضوء على الفور. أدمغة الإنسان سلكية للاستجابة للضوء كإشارة إلى الاستيقاظ من النوم. 3 3. تناولي كمية معتدلة من القهوة. الكافيين منبه قوي.
CASE_0245,577167,endpoint,5,3827063,0.6413,0.6413,0,ar,الاستيقاظ أسهل. 1 1. ضع المنبه بعيدًا عن سريرك. عندما يكون الأمر بعيد المنال ، تضطر للنهوض من السرير. 2 2. تجنب غفوة المنبه. بمجرد رنين المنبه ، انهض من السرير لبدء صباحك. 3 3. أيقظي حواسك. بمجرد خروجك من السرير ، امنح نفسك ذلك الاستيقاظ الذي تستحقه كثيرًا.
CASE_0245,577167,endpoint,6,2498678,0.6408,0.6408,0,ar,عليك أن تبقى مستيقظًا حتى الساعة 3 صباحًا على الأقل الساعة 4 مساءً. ليس عليك فقط ارتداء التنورة / العلامة / السترة المذكورة ، ولكن عليك أيضًا ترك زملائك في الغرفة في المطبخ لطهي شطائر البرغر بالجبن وشرب غينيس ، أثناء ركوب الحافلة لمشاهدة المزيد من الناس يشربون غينيس.
CASE_0245,577167,endpoint,7,7037897,0.6261,0.6261,0,ar,يحب الكثير من الناس منبهات الراديو. من الرائع دائمًا أن يكون لديك أغنيتك المفضلة لإيقاظك في الصباح. يحتاج الكثير من الناس إلى حوالي ساعة للنهوض وارتداء ملابسهم وتناول وجبة الإفطار. إذا كنت تستحم في الصباح ، فاحتفظ بما لا يقل عن 30 دقيقة إلى ساعة للاستحمام وتجفيف الشعر.
CASE_0245,577167,endpoint,8,1988009,0.6255,0.6255,0,ar,بعض النصائح لإيقاظ أمريت فيلا: الوقت الذي تنام فيه: للاستيقاظ 2 صباحًا على سبيل المثال ، يُقترح أن تنام على الأقل من الساعة 8:30 مساءً إلى 9 مساءً على الأكثر. جسمك يحتاج للراحة. إذا لم تمنح جسدك الراحة ، فسيجد جسدك صعوبة في الاستيقاظ في الصباح. يتطلب جسد الجميع قدرًا مختلفًا من النوم.
CASE_0245,577167,endpoint,9,4594717,0.6251,0.6251,0,ar,لقد قرأت أنها تستغرق 14 ساعة. من لا ضوء. لذلك يتعين على المرء تغطيتها كل يوم في حوالي الساعة 6:00 مساءً. وأزل القماش الغامق الساعة 8:00 صباحًا. (إذا كان هذا هو وقت استيقاظك المعتاد!) لمدة 5-6 أسابيع.
CASE_0245,577167,endpoint,10,4316588,0.6231,0.6231,0,ar,هل تحتاج إلى منبه لتستيقظ في وقت معين ، أو يمكنك فقط تدريب جسدك على الاستيقاظ في وقت معين.
CASE_0245,577167,mixed,1,7709487,0.6577,0.6577,1,ar,من الأفضل التحوط من ارتداء الملابس الرسمية إذا لم تكن قواعد اللباس المناسبة للاستيقاظ معروفة. قد يكون الجينز مقبولًا في بعض الأحيان اعتمادًا على المتوفى وعائلته ودائرته الاجتماعية ، ولكن يجب دائمًا ارتداؤه مع حذاء مناسب وقميص محترم.
CASE_0245,577167,mixed,2,7709483,0.6478,0.6478,0,ar,يجب دائمًا إخضاع المجوهرات التي يتم ارتداؤها في الجنازة أو الاستيقاظ. يجب أن تكون الأحذية قريبة من الأصابع دائمًا ولا يُسمح أبدًا بارتداء الصنادل. بشكل عام ، يجب أن تكون ملابس الاستيقاظ صامتة ومحترمة ومن غير المرجح أن تلفت الانتباه. تعلم المزيد عن الملابس
CASE_0245,577167,mixed,3,7709486,0.646,0.646,0,ar,ارتدِ ما تشعر بالراحة فيه. تذكر أن كل العيون ستكون على المتوفى. طالما أن المتوفى يبدو جيدًا ، فلن ينتبه لك أحد. zdude_4u Ã⠀ šÃ' · 1 منذ عقد
CASE_0245,577167,mixed,4,7709488,0.6434,0.6434,0,ar,ما الذي من المفترض أن ترتديه أثناء مشاهدة الجنازة / الاستيقاظ؟ أنا ذاهب إلى جداتي veiwing ، ثم إعلان جنازته ، لكن ليس لدي أدنى فكرة عما يفترض أن أرتديه !!!! أي واحد؟ مثل هل يمكنك ارتداء فستان؟ أم أسود أم أبيض؟ الألوان؟ لا أدري!! نصائح؟ يساعد؟ 1 يتابع
CASE_0245,577167,mixed,5,4779309,0.6424,0.6424,0,ar,بيجاماتي ، استيقظت للتو. ملابسي لهذا اليوم! تي شيرت جميل أو بدون أكمام مع تنورة جميلة وحذاء مسطح أو كعب جميل. أنا أرتدي ملابسي لهذا اليوم أيضًا ، قميصًا جميلًا أو جينزًا أو شورتًا وحافي القدمين لأنني لا أتجول في المنزل بأحذية. أحذية الجري ، بغطاء علوي ، شورت صوفي.
CASE_0245,577167,mixed,6,3600904,0.6314,0.6314,0,ar,نوصي بما يلي: 1 بدلة زرقاء داكنة أو فحمية أو بدلة رمادية - 2 أو 3 أزرار أحادية الصدر مع طية صدر مدببة أو مزدوجة الصدر. 2 لا ترتدي حلة سوداء - تلك المخصصة للجنازات فقط. 3 ارتدِ قميصًا صلبًا أو مخططًا أبيض أو أزرق فاتح مع أساور وأزرار أكمام فرنسية أو سوار أسطواني.
CASE_0245,577167,mixed,7,2498678,0.621,0.621,0,ar,عليك أن تبقى مستيقظًا حتى الساعة 3 صباحًا على الأقل الساعة 4 مساءً. ليس عليك فقط ارتداء التنورة / العلامة / السترة المذكورة ، ولكن عليك أيضًا ترك زملائك في الغرفة في المطبخ لطهي شطائر البرغر بالجبن وشرب غينيس ، أثناء ركوب الحافلة لمشاهدة المزيد من الناس يشربون غينيس.
CASE_0245,577167,mixed,8,7709490,0.6141,0.6141,0,ar,ج: هناك بعض المرونة في ملابس الاستيقاظ بناءً على مكان إقامة الاستيقاظ ، لكن القاعدة العامة فيما يتعلق بالألوان هي الحفاظ على درجات اللون الكئيبة مثل الأسود والأزرق الداكن أو الرمادي الفحمي ، وفقًا لموقع جنازة المنزل iMortuary.
CASE_0245,577167,mixed,9,4470754,0.6131,0.6131,0,ar,1 ماذا ترتدي إذا كنت تحضر خدمة الاستيقاظ والجنازة والمقابر: في أعقاب ذلك ، يمكنك ارتداء اللون الأسود في الغالب مع مجموعة من الألوان. يمكن للأطفال عادة ارتداء نفس الشيء ، ولكن يجب أن يرتدي المراهقون والبالغون ملابس مختلفة لكلا الحدثين .3 بعض الألوان مقبولة ، مثل درجات اللون الأزرق ، ولكن تجنب الألوان
CASE_0245,577167,mixed,10,4343031,0.6113,0.6113,0,ar,خذ ملابس مريحة ذات طبقات مثل الصوف والقمصان ومعدات السباحة والسراويل الطويلة والقمصان طويلة الأكمام. قم بتضمين قمة خارجية دافئة لليالي الباردة والارتفاعات الباردة بالإضافة إلى قبعة دافئة وقفازات (خاصة إذا ذهبت إلى السخانات).
CASE_0245,661945,endpoint,1,2410283,0.6818,0.6818,0,ar,تجنب. 1 الأطعمة المحفزة (الأطعمة التي سببت لك مشاكل من قبل). 2 بعض الأطعمة الغنية بالألياف. 3 مكسرات وبذور وفشار. 4 أطعمة غنية بالدهون. 5 الكافيين. 6 الكحول. 7 أطعمة حارة. 8 الفواكه والخضروات النيئة (خاصة ذات القشرة). 9 برقوق. 10 فاصوليا. 11 منتجات الألبان كما هو مسموح به. 12 حصة طعام كبيرة.
CASE_0245,661945,endpoint,2,6442472,0.6738,0.6738,0,ar,وتجنب. هذه الأشياء ... أثناء تناولك الطعام لتقليل الأعراض ، تذكر أن هناك بالفعل بعض الأطعمة التي يمكن أن تجعلك تشعر بالسوء وتزيد من الطاقة التي يحتاجها جسمك للشفاء. . تشمل الأشياء التي يجب تجنبها الكحول والأطعمة السكرية مثل الآيس كريم والبسكويت والأطعمة الغنية بالدهون مثل البرغر والبطاطا المقلية.
CASE_0245,661945,endpoint,3,5964712,0.6654,0.6654,0,ar,1 تجنب الأطعمة التي تؤثر عليك أكثر. تشمل الجناة الشائعة الفاصوليا والبازلاء والعدس والملفوف والبصل والبروكلي والقرنبيط وخبز القمح الكامل والفطر والبيرة وغيرها من المشروبات الغازية. إذا كانت منتجات الألبان مشكلة ، جرب الأصناف منخفضة اللاكتوز أو الخالية من اللاكتوز. قلل من تناول الأطعمة الدهنية.
CASE_0245,661945,endpoint,4,7156567,0.6632,0.6632,0,ar,بصرف النظر عن الأطعمة التي تساعد على تحسين بصرك بشكل طبيعي ، يجب عليك أيضًا تجنب الأطعمة التالية أو تقليصها قدر الإمكان لمنع فقدان البصر: الأطعمة السكرية ذات المؤشر الجلايسيمي المرتفع مثل المعكرونة والخبز والحبوب
CASE_0245,661945,endpoint,5,1488817,0.6624,0.6624,0,ar,بالإضافة إلى ذلك ، يجب عليك أنت وشريكك التقليل من بعض الأطعمة التي تسبب ضعف الخصوبة ، بما في ذلك الكربوهيدرات المكررة (الخبز الأبيض والمعكرونة والسكر) وانسداد الشرايين والأطعمة المعبأة المليئة بالدهون المشبعة.
CASE_0245,661945,endpoint,6,6616135,0.6619,0.6619,0,ar,1 تجنب الأطعمة التي تحتوي على نسبة عالية من السكريات مثل المعجنات والحلوى والفطائر والحلوى. استخدم مجموعة متنوعة من الفواكه والخضروات في خطة التغذية الخاصة بك. ابدأ بمحاولة تناول 5 حصص من الخضار والفاكهة كل يوم.
CASE_0245,661945,endpoint,7,8292335,0.661,0.661,0,ar,المواد التي تعزز نمو الخلايا السيئة: السكر / الجلوكوز: الكعك والفطائر وكعكة الجبن والخبز وغيرها من مصادر السكر المكرر. الدقيق الأبيض: الخبز الأبيض والمعكرونة البيضاء وما شابه. اللحوم الحمراء: المكواة جيدة في تعزيز نمو السرطان. الكالسيوم: يعزز سرطان البروستاتا. ميثيونين. الأسبارتات: في أي شكل من أشكا
CASE_0245,661945,endpoint,8,7335342,0.6608,0.6608,0,ar,النبأ السيئ هو أن الأطعمة التي ربما تشتهيها مثل السكر والملح والقهوة والكحول ؟؟؟ € لن يؤدي إلا إلى تفاقم الأعراض الخاصة بك وجعلها أسوأ. ميجا حزين الوجه! إليك سبب تجنب هذه الأشياء. يؤدي تناول السكر إلى ارتفاع معدل السكر في الدم ، مما يجعلك أكثر تهيجًا. يتسبب الملح في احتباس الماء بشكل أكبر ، لذلك إذا
CASE_0245,661945,endpoint,9,2962538,0.6606,0.6606,0,ar,يجب أن تتجنب الأطعمة التالية وكأن حياتك تعتمد عليها (إنها كذلك). 1 السكر: السكر المضاف يسبب الإدمان ومسببًا للسمنة وسببًا رئيسيًا لأمراض مثل السمنة والسكري وأمراض القلب والأوعية الدموية (1 ، 2 ، 3 ، 4 ، 5 ، 6). الحبوب: تجنب الحبوب إذا كنت بحاجة إلى إنقاص الوزن ، بما في ذلك الخبز والمعكرونة. حبوب الغ
CASE_0245,661945,endpoint,10,2089868,0.6604,0.6604,0,ar,1 تجنب الأطعمة التي تحتوي على نسبة عالية من الدهون والسعرات الحرارية. 2 تجنب الأطعمة التي تحتوي على نسبة عالية من السكريات مثل المعجنات والحلوى والفطائر والحلوى. 3 استخدم مجموعة متنوعة من الفواكه والخضروات في خطة التغذية الخاصة بك.
CASE_0245,661945,mixed,1,7606339,0.7153,0.7153,1,ar,لقد أخبرناك أيضًا عن طرق الوقاية من الكوليسترول السيئ ، وكذلك الأطعمة الجيدة التي تزيد من نسبة الكوليسترول الجيد. الآن دعنا نخبرك عن الأطعمة التي يجب تجنبها إذا كنت تتطلع إلى خفض مستويات الكوليسترول الضار أو الكوليسترول السيئ. ربما تعلم بالفعل أن الزبدة والوجبات السريعة عالية الدهون تؤدي إلى زيادة م
CASE_0245,661945,mixed,2,3143526,0.7053,0.7053,0,ar,جواب سريع. يجب على الأشخاص الذين يحاولون خفض مستويات الكوليسترول الضار LDL تجنب الأطعمة التي تحتوي على الدهون المتحولة والدهون المشبعة. وتشمل هذه الأطعمة مثل الزبدة واللحوم الدهنية والبيض والحليب وزيت جوز الهند وزيت النخيل. أكمل القراءة.
CASE_0245,661945,mixed,3,5113764,0.7017,0.7017,0,ar,أي طعام يخفض HDL يميل إلى زيادة الدهون الثلاثية. الأطعمة التي تحتوي على نسبة عالية من الكوليسترول والدهون المشبعة ترفع مستويات الدهون الثلاثية ، لذا قلل من تناول اللحوم الحمراء الدهنية ، وجلود الدواجن ، والزبدة ، وشحم الخنزير ، ومنتجات الألبان عالية الدسم ، والمحار ، والكربوهيدرات المكررة ترفع نسبة
CASE_0245,661945,mixed,4,6453631,0.6961,0.6961,0,ar,تجنب الدهون المتحولة ، التي تخفض HDL وترفع LDL. تشمل الأطعمة التي قد تحتوي على دهون متحولة السمن وبعض أنواع السمن النباتي والكيك والبسكويت ونودلز الرامين والوجبات السريعة المقلية والأطعمة المجمدة والكعك المحلى والسلع المخبوزة والحلوى والبسكويت ورقائق البطاطس وحبوب الإفطار وألواح الطاقة والتغميس وخلط
CASE_0245,661945,mixed,5,5622167,0.6961,0.6961,0,ar,أي طعام يخفض HDL يميل إلى زيادة الدهون الثلاثية. الأطعمة التي تحتوي على نسبة عالية من الكوليسترول والدهون المشبعة ترفع مستويات الدهون الثلاثية ، لذا قلل من تناول اللحوم الحمراء الدهنية وجلد الدواجن والزبدة وشحم الخنزير ومنتجات الألبان عالية الدسم والمحار.
CASE_0245,661945,mixed,6,2410283,0.6901,0.6901,0,ar,تجنب. 1 الأطعمة المحفزة (الأطعمة التي سببت لك مشاكل من قبل). 2 بعض الأطعمة الغنية بالألياف. 3 مكسرات وبذور وفشار. 4 أطعمة غنية بالدهون. 5 الكافيين. 6 الكحول. 7 أطعمة حارة. 8 الفواكه والخضروات النيئة (خاصة ذات القشرة). 9 برقوق. 10 فاصوليا. 11 منتجات الألبان كما هو مسموح به. 12 حصة طعام كبيرة.
CASE_0245,661945,mixed,7,8801016,0.6896,0.6896,0,ar,1 قلل من تناولك للأطعمة المليئة بالدهون المشبعة والدهون المتحولة وأطعمة الكوليسترول الغذائية التي تحتوي على الكثير من الدهون المشبعة وتشمل زبدة اللحم الدهني مثل اللحوم الحمراء الكاملة الدسم ومنتجات الألبان قليلة الدسم وزيت النخيل وزيت جوز الهند
CASE_0245,661945,mixed,8,6804644,0.689,0.689,0,ar,أي طعام يخفض HDL يميل إلى زيادة الدهون الثلاثية. الأطعمة التي تحتوي على نسبة عالية من الكوليسترول والدهون المشبعة ترفع مستويات الدهون الثلاثية ، لذا قلل من تناول اللحوم الحمراء الدهنية ، وجلود الدواجن ، والزبدة ، وشحم الخنزير ، ومنتجات الألبان عالية الدسم ، والمحار ، فالأغذية التي تحتوي على نسبة عال
CASE_0245,661945,mixed,9,886753,0.6838,0.6838,0,ar,6 نصائح حول النظام الغذائي ونمط الحياة لخفض مستويات LDL. 1. قلل من تناول الأطعمة المليئة بالدهون المشبعة والدهون المتحولة والكوليسترول الغذائي. تشمل الأطعمة التي تحتوي على الكثير من الدهون المشبعة الزبدة واللحوم الدهنية مثل اللحوم الحمراء ومنتجات الألبان كاملة الدسم وقليلة الدسم وزيت النخيل وزيت جوز
CASE_0245,661945,mixed,10,666793,0.6824,0.6824,0,ar,تجنب اللحوم مثل الكبد والكلى والخبز الحلو التي تحتوي على مستويات عالية من البيورين وتساهم في ارتفاع مستويات حمض البوليك في الدم. مأكولات بحرية مختارة. تجنب الأنواع التالية من المأكولات البحرية ، التي تحتوي على نسبة أعلى من البيورينات أكثر من غيرها: الأنشوجة ، والرنجة ، والسردين ، وبلح البحر ، والاسك
CASE_0245,694560,endpoint,1,1617626,0.7647,0.7647,0,ar,تعريف الكتائب: مجموعة من المشاة المدججين بالسلاح في اليونان القديمة تشكلت في صفوف وملفات عميقة ؛ على نطاق واسع: مجموعة من كتيبة في جملة مجموعة من المشاة المدججين بالسلاح في اليونان القديمة تشكلت في صفوف وملفات عميقة قريبة ؛ على نطاق واسع: مجموعة من القوات في مصفوفة قريبة
CASE_0245,694560,endpoint,2,2655781,0.7529,0.7529,0,ar,الكتائب (اليونانية القديمة: Ã' ، اليونانية: à Îà ' ³ÃŽÂ³ÃŽÂ ± ، phÃ⠀ žÃ 'لانجا ؛ كتائب الجمع أو الكتائب ؛ اليونانية القديمة والحديثة: à ⠀ άΠΠ± γγεà Ââ كان تشكيلًا عسكريًا جماعيًا مستطيل الشكل ، يتكون عادة بالكامل من مشاة ثقيلين مسلحين بالرماح ، والحراب ، والساريسا ، أو أسلحة مماثلة.
CASE_0245,694560,endpoint,3,1617622,0.6968,0.6968,0,ar,يشير المعنى الأصلي للكتائب إلى تشكيل عسكري تم استخدامه في الحروب القديمة ويتألف من كتلة ضيقة من الجنود يقفون جنبًا إلى جنب ، وعمق عدة صفوف ، وغالبًا ما تكون الدروع مرتبطة. تأتي كلمة الكتائب من اليونانيين ، على الرغم من أنهم لم يكونوا الوحيدين الذين استخدموا هذا التشكيل. المصطلح اليوناني يعني حرفيا ا
CASE_0245,694560,endpoint,4,6922837,0.6835,0.6835,0,ar,"""الكتيبة ، هي تشكيل عسكري يضم أعدادًا كبيرة من الرجال بـ """"رماح"""" طويلة تتحرك في كتلة صلبة (تعريف مبسط). من الواضح أن ليونيداس لا يمكن أن يكون هذا. إذا كان السؤال عنى هل كان ليونيداس مقاتلاً في كتيبة؟ الجواب هو أنه غير معروف."""
CASE_0245,694560,endpoint,5,6733899,0.676,0.676,0,ar,كتيبة. الكتيبة هي وحدة عسكرية تتكون من 300 إلى 1200 جندي تتكون عادة من سريتين إلى سبع سرايا ويقودها إما مقدم أو عقيد. عدة كتائب تشكل فوجًا أو لواءًا. rinceton WordNet (0.00 / 0 votes) صنف هذا التعريف: كتيبة (اسم). وحدة عسكرية تتكون عادة من مقر وثلاث شركات أو أكثر. كتيبة ، عدد كبير ، تعدد ، تعدد ، حز
CASE_0245,694560,endpoint,6,622964,0.6733,0.6733,0,ar,كتيبة. ن. 1. (عسكرية) وحدة عسكرية تتألف من ثلاث سرايا أو أكثر أو تشكيلات من نفس الحجم. 2. (العسكرية) (عادة الجمع) أي مجموعة كبيرة. [C16: من باتيلون الفرنسية ، من المعارك الإيطالية القديمة ، من سرية الجنود ، معركة].
CASE_0245,694560,endpoint,7,3292112,0.6705,0.6705,0,ar,الكتيبة هي وحدة عسكرية. يختلف استخدام مصطلح الكتيبة حسب الجنسية وفرع الخدمة. تتكون الكتيبة عادة من 300 إلى 800 جندي وتنقسم إلى عدد من السرايا. عادة ما يقود كتيبة مقدم. في بعض البلدان ، ترتبط كلمة كتيبة بالمشاة. تم استخدام المصطلح لأول مرة في اللغة الإيطالية باعتباره معركة في موعد لا يتجاوز القرن الس
CASE_0245,694560,endpoint,8,7199157,0.6697,0.6697,0,ar,كتيبة كتيبة وحدة عسكرية. يختلف استخدام مصطلح الكتيبة حسب الجنسية وفرع الخدمة. تتكون الكتيبة عادة من 300 إلى 800 جندي وتنقسم إلى عدد من السرايا. عادة ما يقود كتيبة مقدم. في بعض البلدان ، ترتبط كلمة كتيبة بالمشاة.
CASE_0245,694560,endpoint,9,622961,0.6696,0.6696,0,ar,كتيبة. الكتيبة هي وحدة عسكرية تتكون من 300 إلى 1200 جندي تتكون عادة من سريتين إلى سبع سرايا ويقودها إما مقدم أو عقيد. عدة كتائب تشكل فوج أو لواء.
CASE_0245,694560,endpoint,10,7502633,0.6692,0.6692,0,ar,على الرغم من ظهورها في أشكال مختلفة من النماذج الأولية في الإصدارات السابقة ، ظهرت الكتائب لأول مرة في شكلها الكامل في Uncanny X-Men # 312. مصطلح الكتائب هو تشكيل عسكري مستطيل الشكل ، يتكون عادة بالكامل من مشاة ثقيلة مسلحين بالرماح أو الحراب أو أسلحة مماثلة ، لا سيما في الحرب اليونانية القديمة.
CASE_0245,694560,mixed,1,7502630,0.6911,0.6911,1,ar,في النصوص اليونانية ، قد يتم نشر الكتائب للمعركة ، أو في المسيرة ، أو حتى في المعسكرات ، وبالتالي تصف كتلة المشاة أو الفرسان التي ستنتشر في الصف أثناء المعركة. ساروا إلى الأمام ككيان واحد. كلمة phalanx مشتقة من الكلمة اليونانية phalangos ، والتي تعني إصبع.
CASE_0245,694560,mixed,2,2655781,0.6794,0.6794,0,ar,الكتائب (اليونانية القديمة: Ã' ، اليونانية: à Îà ' ³ÃŽÂ³ÃŽÂ ± ، phÃ⠀ žÃ 'لانجا ؛ كتائب الجمع أو الكتائب ؛ اليونانية القديمة والحديثة: à ⠀ άΠΠ± γγεà Ââ كان تشكيلًا عسكريًا جماعيًا مستطيل الشكل ، يتكون عادة بالكامل من مشاة ثقيلين مسلحين بالرماح ، والحراب ، والساريسا ، أو أسلحة مماثلة.
CASE_0245,694560,mixed,3,1617626,0.6559,0.6559,0,ar,تعريف الكتائب: مجموعة من المشاة المدججين بالسلاح في اليونان القديمة تشكلت في صفوف وملفات عميقة ؛ على نطاق واسع: مجموعة من كتيبة في جملة مجموعة من المشاة المدججين بالسلاح في اليونان القديمة تشكلت في صفوف وملفات عميقة قريبة ؛ على نطاق واسع: مجموعة من القوات في مصفوفة قريبة
CASE_0245,694560,mixed,4,6265911,0.6244,0.6244,0,ar,Cyclops - (الأساطير اليونانية) أحد سلالة العمالقة الذين لديهم عين واحدة في منتصف جبينهم. الأساطير اليونانية - أساطير الإغريق القدماء. عملاق - شخصية خيالية ذات حجم وقوة خارقة ؛ يظهر في الحكايات الشعبية والخرافية.
CASE_0245,694560,mixed,5,1617623,0.6163,0.6163,0,ar,"play \ fÃ⠀ Ã'â ""-lan- (â € ¹Ã'ŹÂÅ) jÃ⠀ â z ، fÃ⠀ - ، â € ¹Ã'Ëâ € '-â € '، البريطانية عادة fa- \. 1 1: تشكلت مجموعة من المشاة مدججين بالسلاح في اليونان القديمة في صفوف وملفات عميقة ؛ على نطاق واسع: مجموعة من القوات في مجموعة متقاربة. 2 2 كتائب الجمع: إحدى العظام الرقمية ليد أو قدم الفقاريات."
CASE_0245,694560,mixed,6,7502633,0.613,0.613,0,ar,على الرغم من ظهورها في أشكال مختلفة من النماذج الأولية في الإصدارات السابقة ، ظهرت الكتائب لأول مرة في شكلها الكامل في Uncanny X-Men # 312. مصطلح الكتائب هو تشكيل عسكري مستطيل الشكل ، يتكون عادة بالكامل من مشاة ثقيلة مسلحين بالرماح أو الحراب أو أسلحة مماثلة ، لا سيما في الحرب اليونانية القديمة.
CASE_0245,694560,mixed,7,8644553,0.6117,0.6117,0,ar,قام القادة العسكريون اليونانيون بتدريب جنود الهوبلايت المدججين بالسلاح للقتال في تشكيل ضخم يسمى كتيبة: يقفون جنبًا إلى جنب ، ويتم حماية الرجال بواسطة درع جيرانهم. لعبت هذه التقنية المخيفة دورًا مهمًا في الحروب الفارسية وساعدت الإغريق في بناء إمبراطوريتهم.
CASE_0245,694560,mixed,8,7502639,0.611,0.611,0,ar,كتيبة من الشرطة. تركز هذه المقالة على استخدام تشكيل الكتائب العسكرية في اليونان القديمة والعالم الهلنستي والدول القديمة الأخرى التي تأثرت بشدة بالحضارة اليونانية. أقدم تصوير معروف لتشكيل يشبه الكتائب يحدث في شاهدة سومرية من القرن الخامس والعشرين قبل الميلاد. يبدو أن القوات هنا قد تم تجهيزها بالحراب
CASE_0245,694560,mixed,9,6262739,0.6074,0.6074,0,ar,Cyclops - (الأساطير اليونانية) أحد سلالة العمالقة الذين لديهم عين واحدة في منتصف جبينهم الأساطير اليونانية - أساطير الإغريق القدماء. عملاق - شخصية خيالية ذات حجم وقوة خارقة ؛ يظهر في الفولكلور والحكايات الخيالية .yclops - (الأساطير اليونانية) أحد سلالة العمالقة الذين لديهم عين واحدة في منتصف جبينهم.
CASE_0245,694560,mixed,10,1275993,0.6068,0.6068,0,ar,اسم. 1. Cyclops - (الأساطير اليونانية) أحد سلالة العمالقة الذين لديهم عين واحدة في منتصف جبينهم. الأساطير اليونانية - أساطير الإغريق القدماء. عملاق - شخصية خيالية بحجم وقوة خارقة ؛ يظهر في الحكايات الشعبية والخرافية.
CASE_0245,801907,endpoint,1,3302201,0.539,0.539,0,ar,الخشب النسغ. Xylem sap (يُنطق / zaÃ⠀ ªlà m /) يتكون أساسًا من محلول مائي من الهرمونات والعناصر المعدنية والمواد المغذية الأخرى. يتميز نقل النسغ في نسيج الخشب بالحركة من الجذور نحو الأوراق.
CASE_0245,801907,endpoint,2,7636149,0.5359,0.5359,0,ar,التنظيم: أصول الجدول الدوري - أصول الجدول الدوري هو مفهوم مرتبط بالجدول الدوري. تعرف على الجدول الدوري في HowStuffWorks.
CASE_0245,801907,endpoint,3,4730070,0.5195,0.5195,0,ar,جدول أو مخطط أو رسم تخطيطي أو قائمة بأسلاف الحيوان ، تُستخدم في علم الوراثة في تحليل الوراثة المندلية ، وفي التنبؤ بالإنتاجية وجودة السلالة في النسل. تحليل النسب.
CASE_0245,801907,endpoint,4,5048670,0.5187,0.5187,0,ar,جدول الدالة الأسية: الرسم البياني للدالة y = f (x) هو مجموعة كل الأزواج المرتبة (x ، y). الرسوم البيانية مهمة جدًا لإعطاء تمثيل مرئي للعلاقة بين متغيرين في المعادلة. من أسهل الطرق لرسم وظائف الرسم البياني هو استخدام الجدول.
CASE_0245,801907,endpoint,5,5712201,0.5095,0.5095,0,ar,يعرض مخطط النسب شجرة عائلة ، ويظهر أفراد العائلة المتأثرين بسمة وراثية. يوضح هذا الرسم البياني أربعة أجيال من عائلة مكونة من أربعة أفراد مصابين بشكل من أشكال عمى الألوان. تمثل المربعات الذكور.
CASE_0245,801907,endpoint,6,984348,0.5095,0.5095,0,ar,يحتوي الجدول على جميع النويدات الموجودة داخل ENSDF و DDEP (موقع الويب LNHB) وبطاقات المحفظة النووية التي تم الإبلاغ عن نصف عمر أو وفرة طبيعية لها. لا يتم تضمين النويدات التي لا يُعرف عنها سوى عرض المستوى. يتم عرض حالات عدم اليقين بخط مائل ، ويتم التعبير عنها من حيث الرقم (الأرقام) الأخير من القيمة ا
CASE_0245,801907,endpoint,7,83803,0.5093,0.5093,0,ar,النقطة التي يتقاطع فيها كلا الخطين تسمى الأصل. يتم تمثيل كل نقطة على الرسم البياني بواسطة زوج مرتب ، حيث تكون x دائمًا هي القيمة الأولى و y دائمًا هي القيمة الثانية في الزوج المرتب (x ، y). هذا لأن x هو المتغير المستقل ، مما يعني أنه المتغير الذي يتم تغييره.
CASE_0245,801907,endpoint,8,210625,0.5066,0.5066,0,ar,في المخطط النسيجي ، يتم رسم نقاط البيانات على مسافات متساوية في اتجاه عقارب الساعة حول المخطط. يتم تمثيل قيمة النقطة على أنها المسافة من مركز الرسم البياني ، حيث يمثل المركز الحد الأدنى للقيمة وحافة المخطط هي القيمة القصوى. يتم رسم كل سلسلة كدائرة كاملة واحدة من المخطط.
CASE_0245,801907,endpoint,9,3313689,0.5061,0.5061,0,ar,يشير الجدول إلى السنة التي يتم فيها إنشاء سلسلة سجلات مع تواريخ التخلص المقابلة بناءً على متطلبات الاحتفاظ. تصبح السجلات مؤهلة للتخلص اعتبارًا من 31 ديسمبر من العام المشار إليه في الجدول (الجداول).
CASE_0245,801907,endpoint,10,843266,0.5059,0.5059,0,ar,يمثل الرسم البياني التالي الحمض النووي الذي يعد جزءًا من تسلسل تشفير RNA لوحدة النسخ. الخصلة السفلية هي خصلة القالب. أعط التسلسل الموجود على جزيء الحمض النووي الريبي المنسوخ من هذا الحمض النووي وقم بتسمية نهايات 5 ² و 3 Ã' ² من RNA.
CASE_0245,801907,mixed,1,7802357,0.6118,0.6118,1,ar,جدول DRAW SAP - سجل معلومات المستند. DRAW هو جدول SAP قياسي يُستخدم لتخزين معلومات سجل معلومات المستند. يتوفر هذا ضمن أنظمة R / 3 SAP اعتمادًا على الإصدار ومستوى الإصدار. يوجد أدناه الوثائق القياسية المتاحة وبعض التفاصيل عن الحقول التي يتكون منها هذا الجدول.
CASE_0245,801907,mixed,2,3606464,0.5664,0.5664,0,ar,عند الارتباط بورقة عمل Excel أو نطاق مسمى ، يقوم Access بإنشاء جدول جديد مرتبط بالخلايا المصدر. تظهر أي تغييرات تجريها على الخلايا المصدر في Excel في الجدول المرتبط. ومع ذلك ، لا يمكنك تحرير محتويات الجدول المقابل في Access. عند الارتباط بملف Excel ، يقوم Access بإنشاء جدول جديد ، يُشار إليه غالبًا
CASE_0245,801907,mixed,3,6486943,0.5663,0.5663,0,ar,ما هي الطريقة التي تتشابه بها العناصر الموجودة في نفس العمود من الجدول الدوري؟ - 2539862
CASE_0245,801907,mixed,4,7802358,0.5651,0.5651,0,ar,يمكنك أيضًا عرض هذه المعلومات إذا أدخلت اسم الجدول DRAW في معاملة SAP ذات الصلة مثل SE11 أو SE80. ضمن قسم التعليقات أدناه ، توجد أيضًا فرصة لك لطرح سؤال أو إضافة تلميحات مفيدة وتلميحات ولقطات شاشة خاصة بعنصر قاموس جدول SAP هذا.
CASE_0245,801907,mixed,5,8385731,0.5614,0.5614,0,ar,لم أكن أعلم أن BSEG كانت في الواقع نتيجة لضم العديد من الجداول الأخرى. (0) موصل SAP: إحضار البيانات من BKPF و BSEG باستخدام JOIN sdesland 10 ديسمبر 2009 9:46 صباحًا (ردًا على Jesper Bagge) مرحبًا jesper. لذلك قلت إنها صلة بالجدول لتبسيطها. BSEG عبارة عن طاولة عنقودية / بلياردو. http://help.sap.com/s
CASE_0245,801907,mixed,6,2387505,0.5607,0.5607,0,ar,الجدول المرتبط هو جدول تم إنشاؤه في ورقة عمل في نافذة Excel ، ولكنه مرتبط بجدول في نافذة PowerPivot. تتمثل ميزة إنشاء البيانات والحفاظ عليها في Excel ، بدلاً من استيرادها أو لصقها فيها ، في أنه يمكنك الاستمرار في تعديل القيم في ورقة عمل Excel ، أثناء استخدام البيانات للتحليل في PowerPivot. في هذه ال
CASE_0245,801907,mixed,7,6902536,0.5575,0.5575,0,ar,تحتوي الآلة الحاسبة للرسوم البيانية على أمر drawinv الذي سيرسم معكوس دالة s لاستخدام هذه الميزة ، ضع دالة البداية الأصلية في y1
CASE_0245,801907,mixed,8,5048670,0.5564,0.5564,0,ar,جدول الدالة الأسية: الرسم البياني للدالة y = f (x) هو مجموعة كل الأزواج المرتبة (x ، y). الرسوم البيانية مهمة جدًا لإعطاء تمثيل مرئي للعلاقة بين متغيرين في المعادلة. من أسهل الطرق لرسم وظائف الرسم البياني هو استخدام الجدول.
CASE_0245,801907,mixed,9,984348,0.5508,0.5508,0,ar,يحتوي الجدول على جميع النويدات الموجودة داخل ENSDF و DDEP (موقع الويب LNHB) وبطاقات المحفظة النووية التي تم الإبلاغ عن نصف عمر أو وفرة طبيعية لها. لا يتم تضمين النويدات التي لا يُعرف عنها سوى عرض المستوى. يتم عرض حالات عدم اليقين بخط مائل ، ويتم التعبير عنها من حيث الرقم (الأرقام) الأخير من القيمة ا
CASE_0245,801907,mixed,10,7636149,0.5507,0.5507,0,ar,التنظيم: أصول الجدول الدوري - أصول الجدول الدوري هو مفهوم مرتبط بالجدول الدوري. تعرف على الجدول الدوري في HowStuffWorks.
CASE_0245,842272,endpoint,1,5027095,0.7494,0.7494,0,ar,يعتبر اللبن الرائب مثاليًا للخبز لأنه لا يحتوي على دهون وهو يشبه إلى حد كبير الحليب كامل الدسم في الفطائر والكعك. إذا كنت ستقوم باستبدال اللبن باللبن في وصفاتك ، فستحتاج إلى تغيير كمية صودا الخبز ومسحوق الخبز أيضًا. هذا بسبب المحتوى الحمضي العالي في اللبن الرائب. ستحتاج عادة إلى كمية أقل من صودا الخ
CASE_0245,842272,endpoint,2,2367531,0.7372,0.7372,0,ar,يحتوي اللبن الرائب أيضًا على نسبة دهون أقل بكثير من الحليب العادي والقشدة. اللبن الخاثر ، كما يطلق عليه في الولايات المتحدة هذه الأيام ، هو منتج حليب مبستر. تُضاف مزرعة بكتيريا حمض اللاكتيك إلى الحليب قليل الدسم لتخثر الحليب وتحمضه. تضيف العديد من مصانع الألبان أيضًا بقعًا صفراء صغيرة من الزبدة لمحا
CASE_0245,842272,endpoint,3,4131279,0.7041,0.7041,0,ar,يُصنع اللبن الرائب عن طريق إضافة الخل وعصير الليمون إلى الحليب العادي لجعله حامضًا. الحليب الفاسد هو الحليب الذي تم تركه للتو وأصبح فاسدًا ، مثل الحليب الموجود في كوب الشرب للأطفال. لصنع اللبن منزلي الصنع ، تقول الوصفة إنه يجب إضافة 1-2 كوب من اللبن الذي لديك بالفعل إلى الحليب العادي وتركه خارجًا. إ
CASE_0245,842272,endpoint,4,6568470,0.6991,0.6991,0,ar,بوتين اللبن الرائب اليوم ، ربما يضاف الملح لتعزيز النكهة. اللبن هو منتج ألبان مخمر ينتج من حليب البقر مع طعم حامض مميز. هناك طريقتان لصنع هذا المنتج. في الأصل ، كان اللبن الرائب هو السائل المتبقي من الزبدة المخضرة من الكريمة.
CASE_0245,842272,endpoint,5,2365590,0.6949,0.6949,0,ar,الفوائد الصحية لللبن الرائب. يمكن وصف اللبن الرائب ، المعروف أيضًا باسم اللبن ، بأنه منتج ألبان مصنوع من الحليب المخمر. بمعنى آخر ، عندما يُخثّر الحليب بمخثرة ، أو بمادة حمضية صالحة للأكل مثل عصير الليمون أو الخل ، ويتم تصريف الجزء السائل ، يُعرف ما تبقى باسم اللبن الرائب. تعتمد جودة الزبادي على الم
CASE_0245,842272,endpoint,6,7480805,0.6938,0.6938,0,ar,يساعد الحمض الموجود في اللبن الرائب صودا الخبز على أداء وظيفتها في وصفات مثل البسكويت والفطائر. لاستبدال الحليب العادي في تلك الوصفات ، فإن الطريقة الأكثر شيوعًا هي استخدام الحليب المجفف ، والذي وصفناه سابقًا في هذا المنشور.
CASE_0245,842272,endpoint,7,2367528,0.693,0.693,0,ar,اللبن هو جزء مهم من الخبز. الحليب الحمضي الممزوج بصودا الخبز في الوصفة هو حلم الخباز. شاهد عندما يتم دمج صودا الخبز مع الأحماض اللبنية في اللبن الرائب ، تطلق الصودا ثاني أكسيد الكربون الذي عند تسخينه ، يطلق فقاعات صغيرة تتمدد وترفع وتفتيح أي شيء تريده. 'إعادة الخبز.
CASE_0245,842272,endpoint,8,890448,0.6915,0.6915,0,ar,يحتوي اللبن الرائب على حمض اللاكتيك الذي يساعد على تقشير البشرة لإزالة الشوائب والبقع البنية دون تجفيف بشرتك. 1 ضعي اللبن على البقع البنية باستخدام كرة قطنية. 2 اتركيه لبضع دقائق قبل غسل المنطقة بالماء.
CASE_0245,842272,endpoint,9,8236975,0.6911,0.6911,0,ar,ابحث عن وصفات تحتوي على اللبن الرائب (الإنترنت يجعل هذا الأمر سهلاً للغاية!) جرب خبز الزنجبيل بالحليب الرائب كبداية. استخدمه بدلاً من اللبن في خبز الذرة. أضفه إلى خليط البانكيك. يُضاف إلى عجينة الخبز المخبوزة في آلة الخبز أو المصنوعة يدويًا. 2. استخدم اللبن الرائب لعمل الحلويات.
CASE_0245,842272,endpoint,10,7684241,0.691,0.691,0,ar,تدعو الإرشادات الموجودة على الملصق إلى إضافة مسحوق اللبن الرائب إلى المكونات الجافة الأخرى في الوصفة. ربع كوب من المسحوق يساوي كوبًا واحدًا من اللبن السائل. ثم يتم خلط الماء بكمية مماثلة. في الخبز ، يضيف اللبن الرائب حموضة ، مما يؤثر على التخمير في الوصفة.
CASE_0245,842272,mixed,1,7871035,0.6849,0.6849,1,ar,الغرض من اللبن في الخبز. يتم استخدام اللبن ، المصنوع عن طريق إضافة المزرعة إلى الحليب ، مثل الزبادي ، بشكل شائع في المخبوزات ، بما في ذلك الخبز السريع ، مثل البسكويت والكعك. يمتلك اللبن الزبدي طعمًا منعشًا واضحًا وملمسًا سميكًا ، والذي يأتي من وجود حمض اللاكتيك.
CASE_0245,842272,mixed,2,5027095,0.6823,0.6823,0,ar,يعتبر اللبن الرائب مثاليًا للخبز لأنه لا يحتوي على دهون وهو يشبه إلى حد كبير الحليب كامل الدسم في الفطائر والكعك. إذا كنت ستقوم باستبدال اللبن باللبن في وصفاتك ، فستحتاج إلى تغيير كمية صودا الخبز ومسحوق الخبز أيضًا. هذا بسبب المحتوى الحمضي العالي في اللبن الرائب. ستحتاج عادة إلى كمية أقل من صودا الخ
CASE_0245,842272,mixed,3,7480805,0.6801,0.6801,0,ar,يساعد الحمض الموجود في اللبن الرائب صودا الخبز على أداء وظيفتها في وصفات مثل البسكويت والفطائر. لاستبدال الحليب العادي في تلك الوصفات ، فإن الطريقة الأكثر شيوعًا هي استخدام الحليب المجفف ، والذي وصفناه سابقًا في هذا المنشور.
CASE_0245,842272,mixed,4,7240175,0.6786,0.6786,0,ar,وظيفتها المركزية هي تخمير سكر اللبن اللاكتوز إلى حمض اللاكتيك. يساهم هذا وما ينتج عنه من انخفاض في درجة الحموضة في العمر الافتراضي للجبن وسلامته ويعطي الرائب نكهة حادة وطازجة.
CASE_0245,842272,mixed,5,2367531,0.6758,0.6758,0,ar,يحتوي اللبن الرائب أيضًا على نسبة دهون أقل بكثير من الحليب العادي والقشدة. اللبن الخاثر ، كما يطلق عليه في الولايات المتحدة هذه الأيام ، هو منتج حليب مبستر. تُضاف مزرعة بكتيريا حمض اللاكتيك إلى الحليب قليل الدسم لتخثر الحليب وتحمضه. تضيف العديد من مصانع الألبان أيضًا بقعًا صفراء صغيرة من الزبدة لمحا
CASE_0245,842272,mixed,6,7062518,0.674,0.674,0,ar,تقوم البكتيريا المستخدمة في صنع اللبن بتحويل اللاكتوز الموجود في الحليب إلى حمض اللاكتيك ، مما يعطي اللبن الرائب طعمه المميز. يحتوي الحليب العادي على سكر اللاكتوز الذي يسبب أعراض عدم تحمل اللاكتوز إذا كنت تفتقر إلى الإنزيم اللازم لهضمه.
CASE_0245,842272,mixed,7,2367528,0.6654,0.6654,0,ar,اللبن هو جزء مهم من الخبز. الحليب الحمضي الممزوج بصودا الخبز في الوصفة هو حلم الخباز. شاهد عندما يتم دمج صودا الخبز مع الأحماض اللبنية في اللبن الرائب ، تطلق الصودا ثاني أكسيد الكربون الذي عند تسخينه ، يطلق فقاعات صغيرة تتمدد وترفع وتفتيح أي شيء تريده. 'إعادة الخبز.
CASE_0245,842272,mixed,8,3343814,0.6642,0.6642,0,ar,حتى تصويت 8 ضد تصويت. ليست هناك حاجة ماسة للحليب أو مسحوق الحليب في وصفات الخبز. هناك العديد من الصيغ التي تتجاهلها: أقل مكونات للرغيف هي الماء والدقيق والخميرة ؛ ربما يكون الملح ضروريًا للرغيف اللذيذ. الحليب (أو مسحوق الحليب) هو وسيلة لتعزيز العجين من أجل: 1 صنع رغيفًا أكثر ليونة (نظرًا لأن دهن الل
CASE_0245,842272,mixed,9,7684241,0.6597,0.6597,0,ar,تدعو الإرشادات الموجودة على الملصق إلى إضافة مسحوق اللبن الرائب إلى المكونات الجافة الأخرى في الوصفة. ربع كوب من المسحوق يساوي كوبًا واحدًا من اللبن السائل. ثم يتم خلط الماء بكمية مماثلة. في الخبز ، يضيف اللبن الرائب حموضة ، مما يؤثر على التخمير في الوصفة.
CASE_0245,842272,mixed,10,2035081,0.6578,0.6578,0,ar,تبقى الزبدة في المنخل بينما يصرف اللبن الرائب في الوعاء. يمكن استخدام اللبن الرائب في صنع خبز الصودا أو كمشروب يروي العطش (لن يكون طعمه حامضًا). ضع الزبدة مرة أخرى في وعاء نظيف واضرب بالمضرب لمدة 30 ثانية أخرى إلى دقيقة واحدة لطرد المزيد من اللبن.
CASE_0245,952452,endpoint,1,7035633,0.6789,0.6789,0,ar,الرجال البالغين (الذين تتراوح أعمارهم بين 18 و 64 عامًا) جرعة البدء الموصى بها لجميع المرضى هي 30 مجم ، يتم تناولها حسب الحاجة قبل 1 إلى 3 ساعات تقريبًا من النشاط الجنسي. لا ينبغي أن يبدأ العلاج مع بريليجي بجرعة 60 ملغ. بريليجي غير مخصص للاستخدام اليومي المستمر. يجب أن تؤخذ بريليجي فقط عند توقع النش
CASE_0245,952452,endpoint,2,8740663,0.677,0.677,0,ar,يعتبر القذف المبكر مشكلة لأن له عددًا من النتائج السلبية مثل الإشباع الجنسي غير المرضي للشريك الآخر ، وتدني احترام الذات ، وصعوبة التعامل مع الآخرين ، والضيق الشخصي ، وعدم الرضا الجنسي. كيف تأخذ بريليجي. يجب استخدام بريليجي من قبل الرجال الذين تتراوح أعمارهم بين 18-64 عامًا.
CASE_0245,952452,endpoint,3,7811189,0.6677,0.6677,0,ar,الرجال البالغين (الذين تتراوح أعمارهم بين 18 و 64 عامًا) جرعة البدء الموصى بها لجميع المرضى هي 30 مجم ، يتم تناولها حسب الحاجة قبل 1 إلى 3 ساعات تقريبًا من النشاط الجنسي. لا ينبغي أن يبدأ العلاج مع بريليجي بجرعة 60 ملغ. بريليجي غير مخصص للاستخدام اليومي المستمر.
CASE_0245,952452,endpoint,4,8740664,0.6674,0.6674,0,ar,جرعة البدء الموصى بها لجميع المرضى هي 30 مجم ، يتم تناولها حسب الحاجة قبل 1 إلى 3 ساعات تقريبًا من النشاط الجنسي. لا ينبغي أن يبدأ العلاج مع بريليجي بجرعة 60 ملغ. بريليجي غير مخصص للاستخدام اليومي المستمر. يجب أن تؤخذ بريليجي فقط عند توقع النشاط الجنسي.
CASE_0245,952452,endpoint,5,7811188,0.6648,0.6648,0,ar,يجب أخذ قرص بريليجي واحد قبل النشاط الجنسي بساعة إلى ثلاث ساعات. يمكن تناول الجهاز اللوحي مع الطعام أو بدونه. يجب ابتلاعها كاملة لتجنب طعم المر من الجهاز اللوحي. يجب تناول القرص بكوب كامل من الماء.
CASE_0245,952452,endpoint,6,8740669,0.6622,0.6622,0,ar,يمكن تناول دواء سرعة القذف مع الطعام أو بدون طعام. يجب أخذ قرص بريليجي واحد قبل 1-3 ساعات من ممارسة الجماع. تجدر الإشارة والتأكيد على أن بريليجي غير موصوف للاستخدام اليومي المستمر. يجب استخدامه عندما تتوقع نشاطًا جنسيًا.
CASE_0245,952452,endpoint,7,8740671,0.6571,0.6571,0,ar,بريليجي (دابوكستين) بريليجي هو مثبط انتقائي لاسترداد السيروتونين (SSRI). هو قرص يتم تناوله من قبل الرجال لزيادة الوقت الذي يستغرقه القذف. Priligy يؤخر التفاعلات الكيميائية التي تسبب القذف عن طريق زيادة مستويات السيروتونين في الدماغ.
CASE_0245,952452,endpoint,8,7811192,0.6565,0.6565,0,ar,الجرعة الموصى بها من بريليجي هي 30 ملغ. إذا لم يكن هذا فعالًا بما يكفي ، فقد يزيد طبيبك من جرعتك إلى 60 مجم ، ولكن يجب أن يتم ذلك فقط إذا لم تكن قد عانيت من أي آثار جانبية مع الجرعة المنخفضة (انظر أدناه). سيناقش طبيبك علاجك معك بعد أربعة أسابيع أو ست جرعات من العلاج.
CASE_0245,952452,endpoint,9,1192262,0.642,0.642,0,ar,جرعة البدء الموصى بها لجميع المرضى هي 30 مجم ، يتم تناولها حسب الحاجة قبل 1 إلى 3 ساعات تقريبًا من النشاط الجنسي. لا ينبغي أن يبدأ العلاج مع بريليجي بجرعة 60 ملغ. بريليجي غير مخصص للاستخدام اليومي المستمر ، وفي حالة المرضى الذين تم التحقق من كونهم مستقلبات واسعة النطاق لـ CYP2D6 ، يُنصح بجرعة قصوى ت
CASE_0245,952452,endpoint,10,7811191,0.6284,0.6284,0,ar,يجب عليك استشارة الطبيب قبل استخدام بريليجي إذا كان لديك مشاكل صحية سابقة مثل: 1 تشوهات في ضربات القلب ، ارتفاع أو انخفاض ضغط الدم. 2 ـ خطر الإصابة بنوبة قلبية أو مشاكل في القلب. 3 مشاكل نفسية 4 نوبات مشاكل في الكلى؛ مشاكل الكبد 1 ارتفاع ضغط العين أو الجلوكوما. عدم تحمل اللاكتوز.
CASE_0245,952452,mixed,1,7811186,0.6744,0.6744,1,ar,يجب تناول أقراص Priligy قبل بدء ممارسة الجنس بفترة تتراوح من ساعة إلى ثلاث ساعات. يجب عدم تجاوز الحد الأقصى للجرعة مطلقًا ، ويوصى بأن يبدأ الرجال في استخدام Priligy بالجرعة الدنيا ، مع زيادة جرعتهم فقط إذا كانت النتائج لا تزال غير مرضية.
CASE_0245,952452,mixed,2,8740663,0.6741,0.6741,0,ar,يعتبر القذف المبكر مشكلة لأن له عددًا من النتائج السلبية مثل الإشباع الجنسي غير المرضي للشريك الآخر ، وتدني احترام الذات ، وصعوبة التعامل مع الآخرين ، والضيق الشخصي ، وعدم الرضا الجنسي. كيف تأخذ بريليجي. يجب استخدام بريليجي من قبل الرجال الذين تتراوح أعمارهم بين 18-64 عامًا.
CASE_0245,952452,mixed,3,7035633,0.6632,0.6632,0,ar,الرجال البالغين (الذين تتراوح أعمارهم بين 18 و 64 عامًا) جرعة البدء الموصى بها لجميع المرضى هي 30 مجم ، يتم تناولها حسب الحاجة قبل 1 إلى 3 ساعات تقريبًا من النشاط الجنسي. لا ينبغي أن يبدأ العلاج مع بريليجي بجرعة 60 ملغ. بريليجي غير مخصص للاستخدام اليومي المستمر. يجب أن تؤخذ بريليجي فقط عند توقع النش
CASE_0245,952452,mixed,4,7811188,0.6603,0.6603,0,ar,يجب أخذ قرص بريليجي واحد قبل النشاط الجنسي بساعة إلى ثلاث ساعات. يمكن تناول الجهاز اللوحي مع الطعام أو بدونه. يجب ابتلاعها كاملة لتجنب طعم المر من الجهاز اللوحي. يجب تناول القرص بكوب كامل من الماء.
CASE_0245,952452,mixed,5,8740666,0.6577,0.6577,0,ar,ما هو بريليجي (دابوكستين)؟ Priligy عبارة عن قرص يؤخذ لتمديد الوقت الذي يمكن للرجل أن يستمر فيه قبل القذف أثناء ممارسة الجنس. Priligy (dapoxetine 30mg) عبارة عن قرص يؤخذ ما بين ساعة و 3 ساعات قبل ممارسة الجنس ويساعد على زيادة الفترة الزمنية بين الرجل الذي يبدأ نشاطه الجنسي وعندما ينزل.
CASE_0245,952452,mixed,6,7811189,0.6522,0.6522,0,ar,الرجال البالغين (الذين تتراوح أعمارهم بين 18 و 64 عامًا) جرعة البدء الموصى بها لجميع المرضى هي 30 مجم ، يتم تناولها حسب الحاجة قبل 1 إلى 3 ساعات تقريبًا من النشاط الجنسي. لا ينبغي أن يبدأ العلاج مع بريليجي بجرعة 60 ملغ. بريليجي غير مخصص للاستخدام اليومي المستمر.
CASE_0245,952452,mixed,7,8740664,0.6474,0.6474,0,ar,جرعة البدء الموصى بها لجميع المرضى هي 30 مجم ، يتم تناولها حسب الحاجة قبل 1 إلى 3 ساعات تقريبًا من النشاط الجنسي. لا ينبغي أن يبدأ العلاج مع بريليجي بجرعة 60 ملغ. بريليجي غير مخصص للاستخدام اليومي المستمر. يجب أن تؤخذ بريليجي فقط عند توقع النشاط الجنسي.
CASE_0245,952452,mixed,8,8740669,0.6461,0.6461,0,ar,يمكن تناول دواء سرعة القذف مع الطعام أو بدون طعام. يجب أخذ قرص بريليجي واحد قبل 1-3 ساعات من ممارسة الجماع. تجدر الإشارة والتأكيد على أن بريليجي غير موصوف للاستخدام اليومي المستمر. يجب استخدامه عندما تتوقع نشاطًا جنسيًا.
CASE_0245,952452,mixed,9,8740671,0.6441,0.6441,0,ar,بريليجي (دابوكستين) بريليجي هو مثبط انتقائي لاسترداد السيروتونين (SSRI). هو قرص يتم تناوله من قبل الرجال لزيادة الوقت الذي يستغرقه القذف. Priligy يؤخر التفاعلات الكيميائية التي تسبب القذف عن طريق زيادة مستويات السيروتونين في الدماغ.
CASE_0245,952452,mixed,10,1192262,0.6284,0.6284,0,ar,جرعة البدء الموصى بها لجميع المرضى هي 30 مجم ، يتم تناولها حسب الحاجة قبل 1 إلى 3 ساعات تقريبًا من النشاط الجنسي. لا ينبغي أن يبدأ العلاج مع بريليجي بجرعة 60 ملغ. بريليجي غير مخصص للاستخدام اليومي المستمر ، وفي حالة المرضى الذين تم التحقق من كونهم مستقلبات واسعة النطاق لـ CYP2D6 ، يُنصح بجرعة قصوى ت
CASE_0245,961097,endpoint,1,3720808,0.7416,0.7416,0,ar,تأسس الدوري الاميركي للمحترفين في يونيو 1946 ، مع لعب موسمه الأول في عام 1946 - 47. ظهر واتارو ميساكا لأول مرة في عام 1947 - 48 كأول لاعب غير أبيض وأول لاعب من أصل آسيوي يلعب في الدوري. ظهر الأمريكيون من أصل أفريقي لأول مرة في الدوري الاميركي للمحترفين في عام 1950. كان تشاك كوبر أول لاعب أسود يتم تج
CASE_0245,961097,endpoint,2,2370636,0.7365,0.7365,0,ar,مع احتفالها بالذكرى الخمسين لتأسيسها ، يخرج الدوري الاميركي للمحترفين عن موسم 1996-97 مع فريق نيويورك نيكس ضد تورونتو رابتورز في SkyDome في تورونتو. كانت تورنتو. كان أيضًا موقع المباراة الأولى للدوري في 1 نوفمبر 1946 ، حيث استضافت عائلة هسكي فريق نيويورك نيكربوكرز في حدائق مابل ليف. استقطبت المسابقة
CASE_0245,961097,endpoint,3,5626407,0.736,0.736,0,ar,بقلم سام غولدابير. 1 مع احتفالها بالذكرى الخمسين لتأسيسها ، يخرج الدوري الاميركي للمحترفين عن موسم 1996-97 مع فريق نيويورك نيكس ضد تورونتو رابتورز في SkyDome في تورونتو. 2 أيضًا موقع اللعبة الأولى للدوري في 1 نوفمبر 1946 ، حيث استضافت عائلة هسكي فريق نيويورك نيكربوكرز في حدائق مابل ليف.
CASE_0245,961097,endpoint,4,6086541,0.728,0.728,0,ar,الدوري الاميركي للمحترفين هو واحد من أربع بطولات رياضية محترفة كبرى في أمريكا الشمالية. لاعبو الدوري الاميركي للمحترفين هم أفضل الرياضيين أجرا في العالم ، بمتوسط ​​الراتب السنوي لكل لاعب. تأسس الدوري في مدينة نيويورك في 6 يونيو 1946 باسم اتحاد كرة السلة الأمريكية (BAA) ، واعتمد الاتحاد اسم الرابطة ا
CASE_0245,961097,endpoint,5,3091376,0.7276,0.7276,0,ar,متى كانت أول مباراة كرة سلة في الدوري الاميركي للمحترفين؟ تم لعب أول مباراة لكرة السلة في الدوري الاميركي للمحترفين في 1 نوفمبر 1946 في تورنتو ، أونتاريو ، كندا بين نيويورك كنيكربوكرز وتورنتو هسكي. كانت النتيجة 96-78 ، مع فوز نيكربوكرز.
CASE_0245,961097,endpoint,6,4078246,0.7252,0.7252,0,ar,إن Answers.com تجعل العالم أفضل إجابة واحدة في كل مرة. كانت أول فرق الدوري الاميركي للمحترفين هي فيلادلفيا ووريورز ونيويورك نيكس وبوسطن سلتكس ، الذين كانوا أول 3 فرق في الدوري الاميركي للمحترفين في عام 1946. ومع ذلك ، فإن الفريق الأقدم هو فريق ديترويتشا بيستونز ، تأسست في عام 1941 ، لكنها لم تنضم إل
CASE_0245,961097,endpoint,7,7486420,0.7187,0.7187,0,ar,نشأت الدوري الاميركي للمحترفين في عام 1946 مع 11 فريقًا ، ومن خلال سلسلة من التوسعات والتخفيضات والانتقالات للفريق يتكون حاليًا من 30 فريقًا. الولايات المتحدة هي موطن لـ 29 فريقًا وواحد يقع في كندا.
CASE_0245,961097,endpoint,8,8453620,0.716,0.716,0,ar,في 1 نوفمبر 1947 خلال المباراة الافتتاحية التي لعبت بين نيويورك نيكربوكرز وتورونتو هاسكي ، سجل أوزي شيكتمان من نيكس النقاط الأولى على الإطلاق في تاريخ الدوري الاميركي للمحترفين حول الدوري الاميركي للمحترفين ، الدوري الاميركي للمحترفين هو الدوري الممتاز لكرة السلة للمحترفين في الولايات المتحدة وكندا
CASE_0245,961097,endpoint,9,3613689,0.7117,0.7117,0,ar,الدوري الاميركي للمحترفين هو واحد من أربع بطولات رياضية احترافية كبرى في الولايات المتحدة وكندا. لاعبو الدوري الاميركي للمحترفين هم أفضل الرياضيين أجرا في العالم من خلال متوسط ​​الراتب السنوي لكل لاعب. تأسس الدوري في مدينة نيويورك في 6 يونيو 1946 باسم اتحاد كرة السلة الأمريكية (BAA).
CASE_0245,961097,endpoint,10,3749044,0.7082,0.7082,0,ar,الدوري الاميركي للمحترفين هو واحد من أربع بطولات رياضية محترفة كبرى في أمريكا الشمالية. لاعبو الدوري الاميركي للمحترفين هم أفضل الرياضيين أجرا في العالم ، بمتوسط ​​الراتب السنوي لكل لاعب. تأسس الدوري في مدينة نيويورك في 6 يونيو 1946 باسم اتحاد كرة السلة الأمريكية (BAA).
CASE_0245,961097,mixed,1,7829355,0.7219,0.7219,1,ar,بقلم سام ليرد. تم لعب أول لعبة NBA على الإطلاق في 1 نوفمبر 1946 - قبل 66 عامًا اليوم. مجموعة من الرجال البيض كانوا يرتدون سراويل قصيرة ، ويمارسون نسج الرجال الثلاثة ويرفعون الطلقات الثابتة بكلتا اليدين من محكمة مجردة من خط من ثلاث نقاط.
CASE_0245,961097,mixed,2,4078248,0.7192,0.7192,0,ar,لم يكن هناك فريق NBA الأول. بدأ الدوري الاميركي للمحترفين بـ 11 فريقًا في عام 1946 باسم اتحاد كرة السلة الأمريكي. كانت المباراة الأولى في 1 نوفمبر بين نيويورك نيكس و فريق تورنتو هسكي (فاز نيكس 68-66).
CASE_0245,961097,mixed,3,7784076,0.7178,0.7178,0,ar,الإجابة عام 1949 عندما بدأت الدوري الاميركي للمحترفين. بدأت في عام 1946 باسم BAA (رابطة كرة السلة الأمريكية) ثم اندمجت مع NBL (دوري كرة السلة الوطني) à€Â¦ وأصبحت تعرف باسم NBA في عام 1950.
CASE_0245,961097,mixed,4,3091376,0.7162,0.7162,0,ar,متى كانت أول مباراة كرة سلة في الدوري الاميركي للمحترفين؟ تم لعب أول مباراة لكرة السلة في الدوري الاميركي للمحترفين في 1 نوفمبر 1946 في تورنتو ، أونتاريو ، كندا بين نيويورك كنيكربوكرز وتورنتو هسكي. كانت النتيجة 96-78 ، مع فوز نيكربوكرز.
CASE_0245,961097,mixed,5,5626407,0.7035,0.7035,0,ar,بقلم سام غولدابير. 1 مع احتفالها بالذكرى الخمسين لتأسيسها ، يخرج الدوري الاميركي للمحترفين عن موسم 1996-97 مع فريق نيويورك نيكس ضد تورونتو رابتورز في SkyDome في تورونتو. 2 أيضًا موقع اللعبة الأولى للدوري في 1 نوفمبر 1946 ، حيث استضافت عائلة هسكي فريق نيويورك نيكربوكرز في حدائق مابل ليف.
CASE_0245,961097,mixed,6,2370636,0.7027,0.7027,0,ar,مع احتفالها بالذكرى الخمسين لتأسيسها ، يخرج الدوري الاميركي للمحترفين عن موسم 1996-97 مع فريق نيويورك نيكس ضد تورونتو رابتورز في SkyDome في تورونتو. كانت تورنتو. كان أيضًا موقع المباراة الأولى للدوري في 1 نوفمبر 1946 ، حيث استضافت عائلة هسكي فريق نيويورك نيكربوكرز في حدائق مابل ليف. استقطبت المسابقة
CASE_0245,961097,mixed,7,5856346,0.6891,0.6891,0,ar,تم لعب أول مباراة رسمية في صالة YMCA للألعاب الرياضية في ألباني ، نيويورك ، في 20 يناير 1892 ، مع تسعة لاعبين. انتهت اللعبة عند 1 درجة مئوية ؛ تم إطلاق اللقطة من 25 قدمًا (7.6 م) ، في ملعب يبلغ حجمه نصف مساحة ملعب كرة السلة أو اتحاد كرة السلة الوطني (NBA) حاليًا. في ذلك الوقت ، كانت كرة القدم تُلعب
CASE_0245,961097,mixed,8,4078246,0.6865,0.6865,0,ar,إن Answers.com تجعل العالم أفضل إجابة واحدة في كل مرة. كانت أول فرق الدوري الاميركي للمحترفين هي فيلادلفيا ووريورز ونيويورك نيكس وبوسطن سلتكس ، الذين كانوا أول 3 فرق في الدوري الاميركي للمحترفين في عام 1946. ومع ذلك ، فإن الفريق الأقدم هو فريق ديترويتشا بيستونز ، تأسست في عام 1941 ، لكنها لم تنضم إل
CASE_0245,961097,mixed,9,3769507,0.678,0.678,0,ar,تم لعب أطول لعبة في تاريخ الدوري الاميركي للمحترفين في 6 يناير 1951 بين أولمبي إنديانابوليس وروتشستر رويالز. بعد 78 دقيقة من اللعب وسجل 6 مرات إضافية ، انتهت أطول لعبة كرة سلة بنتيجة منخفضة نسبيًا من 75-73 لصالح الأولمبيين.
CASE_0245,961097,mixed,10,8453620,0.6758,0.6758,0,ar,في 1 نوفمبر 1947 خلال المباراة الافتتاحية التي لعبت بين نيويورك نيكربوكرز وتورونتو هاسكي ، سجل أوزي شيكتمان من نيكس النقاط الأولى على الإطلاق في تاريخ الدوري الاميركي للمحترفين حول الدوري الاميركي للمحترفين ، الدوري الاميركي للمحترفين هو الدوري الممتاز لكرة السلة للمحترفين في الولايات المتحدة وكندا
CASE_0245,991138,endpoint,1,86922,0.6434,0.6434,0,ar,موقع. 1 يقع هذا المنتجع في أقصى الطرف الشرقي لجمهورية الدومينيكان في بونتا كانا ، ويوفر 12 مسبحًا مختلفًا في الهواء الطلق مع إطلالات رائعة على البحر الكاريبي وبحيرة منعزلة. يقع على بعد 35 كم من مطار بونتا كانا الدولي.
CASE_0245,991138,endpoint,2,1756972,0.6171,0.6171,0,ar,دليل مدينة بونتا كانا. يقع منتجع بونتا كانا على شاطئ البحر داخل منطقة بلدية بونتا كانا-بيوفارو-فيرون-ماكاو في لا ألتاجراسيا ، وهي المقاطعة الواقعة في أقصى شرق جمهورية الدومينيكان.
CASE_0245,991138,endpoint,3,1756978,0.6063,0.6063,0,ar,دليل مدينة بونتا كانا. حول بونتا كانا. يقع منتجع بونتا كانا على شاطئ البحر داخل منطقة بلدية بونتا كانا-بيوفارو-فيرون-ماكاو في لا ألتاجراسيا ، وهي المقاطعة الواقعة في أقصى شرق جمهورية الدومينيكان.
CASE_0245,991138,endpoint,4,3933487,0.6027,0.6027,0,ar,تقع بونتا كانا على الساحل الشرقي لجمهورية الدومينيكان وهي واحدة من أشهر وجهات العطلات في منطقة البحر الكاريبي. يشتهر هذا المنتجع بمناخه الاستوائي وأشعة الشمس المشرقة ودرجات الحرارة الحارقة التي يتمتع بها طوال العام.
CASE_0245,991138,endpoint,5,1756976,0.5956,0.5956,0,ar,بونتا كانا. بونتا كانا هي مدينة منتجع داخل منطقة بلدية بونتا كانا-بيوفارو-فيرون-ماكاو ، في بلدية هيجوي ، في مقاطعة لا ألتاجراسيا ، المقاطعة الواقعة في أقصى شرق جمهورية الدومينيكان. تحتوي المنطقة على شواطئ وبالنيريوس التي تطل على البحر الكاريبي والمحيط الأطلسي ، وقد كانت وجهة سياحية شهيرة.
CASE_0245,991138,endpoint,6,7748432,0.5894,0.5894,0,ar,توجد أخطاء في النموذج. احصل على لمحة عامة عن هذا الفندق من فئة 5 نجوم مع مسابح وشاطئ خاص ومنتجع صحي كامل الخدمات. موقع المنشأة استمتع بالإقامة في إيدن روك آت كاب كانا في بونتا كانا (كاب كانا) لتكون على مقربة من Cap Cana Golf Club وملعب بونتا إيسبادا للجولف. تقع هذه المنشأة السياحية التي تحمل تصنيف 5
CASE_0245,991138,endpoint,7,833260,0.5853,0.5853,0,ar,منتجع وسبا جراند بالاديوم بونتا كانا. يقع منتجع وسبا جراند بالاديوم بونتا كانا الشامل كليًا على الشواطئ الخلابة لشاطئ بافارو ، ويوفر مكانًا مثاليًا لتكوين الذكريات. استمتع بغرف فسيحة مع ديكور أنيق ومطاعم متخصصة ونادي للأطفال لكل الأعمار وعلاجات سبا فاخرة مهدئة في مركز صحي. استفد من عرض Stay at 1، Pl
CASE_0245,991138,endpoint,8,3147748,0.5833,0.5833,0,ar,امتياز بونتا كانا. بونتا كانا ، جمهورية الدومينيكان. مع موقعه المطل على المحيط في جمهورية الدومينيكان والاختيار المتميز للخدمات والأنشطة ، يعد Excellence Punta Cana منتجعًا فاخرًا وشاملًا ومثاليًا ببساطة ... INITIAL - متاح: | معلق: | | غير معروف: $ / nt *.
CASE_0245,991138,endpoint,9,4285075,0.5812,0.5812,0,ar,موقع عظيم! يقع منتجع Fontana Village في غابة Nantahala الوطنية في سد فونتانا بولاية نورث كارولينا. يتميز المنتجع بإطلالات على الجبل والبحيرة ومرسى وملعب غولف صغير ، ويوفر طرقًا خلابة وترفيهية للاسترخاء.
CASE_0245,991138,endpoint,10,4285071,0.58,0.58,0,ar,موقع عظيم! 9.2. يقع منتجع Fontana Village في غابة Nantahala الوطنية في سد فونتانا بولاية نورث كارولينا. يتميز المنتجع بإطلالات على الجبل والبحيرة ومرسى وملعب غولف صغير ، ويوفر طرقًا خلابة وترفيهية للاسترخاء.
CASE_0245,991138,mixed,1,7748425,0.6295,0.6295,1,ar,الموقع ومواقف السيارات. يقع Eden Roc في مجتمع حصري تبلغ مساحته 30000 فدان في Cap Cana. يقع في الطرف الشرقي من جمهورية الدومينيكان ، على بعد 10 أميال جنوب غرب مطار بونتا كانا الدولي ، ويتميز المجتمع بشواطئ خاصة ومرسى وغابات مطيرة استوائية وملعب جاك نيكلاوس للجولف. يمكن لضيوف المنتجع الوصول الكامل إلى
CASE_0245,991138,mixed,2,7748430,0.6253,0.6253,0,ar,يقع هذا المنتجع في Cap Cana على الشاطئ ، على بُعد ميل واحد (2 كم) من ملعب Punta Espada للغولف ونادي Cap Cana للغولف. تقع حديقة سكيب بارك في كاب كانا على بعد ٢ ٫ ٥ ميل (٤ كم). اقضِ يومك في الاسترخاء في Eden Roc على الشاطئ الرملي الأبيض الخاص في Cap Cana ، أو مارس التأرجح على ملعب الجولف ، أو دلل نفسك
CASE_0245,991138,mixed,3,7748433,0.6168,0.6168,0,ar,يحصل أعضاء Orbitz Platinum على ترقيات مجانية للغرفة ويحصل أعضاء Platinum و Gold على امتيازات أخرى عند توفرها عند تسجيل الوصول. يقع Eden Roc at Cap Cana في Cap Cana على بعد 1.6 كم من المعالم السياحية مثل ملعب Punta Espada للغولف ونادي Cap Cana للغولف. يحتوي هذا المنتجع ذو الـ 5 نجوم والمكون من 34 غرف
CASE_0245,991138,mixed,4,86922,0.614,0.614,0,ar,موقع. 1 يقع هذا المنتجع في أقصى الطرف الشرقي لجمهورية الدومينيكان في بونتا كانا ، ويوفر 12 مسبحًا مختلفًا في الهواء الطلق مع إطلالات رائعة على البحر الكاريبي وبحيرة منعزلة. يقع على بعد 35 كم من مطار بونتا كانا الدولي.
CASE_0245,991138,mixed,5,7748432,0.6135,0.6135,0,ar,توجد أخطاء في النموذج. احصل على لمحة عامة عن هذا الفندق من فئة 5 نجوم مع مسابح وشاطئ خاص ومنتجع صحي كامل الخدمات. موقع المنشأة استمتع بالإقامة في إيدن روك آت كاب كانا في بونتا كانا (كاب كانا) لتكون على مقربة من Cap Cana Golf Club وملعب بونتا إيسبادا للجولف. تقع هذه المنشأة السياحية التي تحمل تصنيف 5
CASE_0245,991138,mixed,6,3147748,0.6074,0.6074,0,ar,امتياز بونتا كانا. بونتا كانا ، جمهورية الدومينيكان. مع موقعه المطل على المحيط في جمهورية الدومينيكان والاختيار المتميز للخدمات والأنشطة ، يعد Excellence Punta Cana منتجعًا فاخرًا وشاملًا ومثاليًا ببساطة ... INITIAL - متاح: | معلق: | | غير معروف: $ / nt *.
CASE_0245,991138,mixed,7,3901598,0.5983,0.5983,0,ar,أسرار رويال بيتش بونتا كانا ، بونتا كانا. Secrets Royal Beach Punta Cana هو منتجع شامل كليًا للبالغين فقط (18 عامًا فما فوق) ، يقع على شاطئ بافارو ذو الرمال البيضاء الخلابة المرصعة بالنخيل ، بونتا كانا. يوفر هذا المنتجع جميع امتيازات ملاذ Unlimited-Luxury في بيئة رائعة على شاطئ البحر ، وهو الخيار ال
CASE_0245,991138,mixed,8,3147746,0.5968,0.5968,0,ar,مرحبًا بكم في منتجع وسبا دريمز بونتا كانا. يقع منتجع Dreams Punta Cana Resort & Spa في مكان مثالي على الساحل الشرقي لجمهورية الدومينيكان ، وهو منعزل في جنة استوائية خصبة حيث تقبّل النباتات المحيط. الشاطئ الذهبي البكر في Uvero Alto ، والشعاب المرجانية القريبة ، والمحيط الاستوائي الجميل يغمر الضيوف في
CASE_0245,991138,mixed,9,833260,0.5957,0.5957,0,ar,منتجع وسبا جراند بالاديوم بونتا كانا. يقع منتجع وسبا جراند بالاديوم بونتا كانا الشامل كليًا على الشواطئ الخلابة لشاطئ بافارو ، ويوفر مكانًا مثاليًا لتكوين الذكريات. استمتع بغرف فسيحة مع ديكور أنيق ومطاعم متخصصة ونادي للأطفال لكل الأعمار وعلاجات سبا فاخرة مهدئة في مركز صحي. استفد من عرض Stay at 1، Pl
CASE_0245,991138,mixed,10,3933487,0.5864,0.5864,0,ar,تقع بونتا كانا على الساحل الشرقي لجمهورية الدومينيكان وهي واحدة من أشهر وجهات العطلات في منطقة البحر الكاريبي. يشتهر هذا المنتجع بمناخه الاستوائي وأشعة الشمس المشرقة ودرجات الحرارة الحارقة التي يتمتع بها طوال العام.
CASE_0245,1039346,endpoint,1,7698584,0.5436,0.5436,0,ar,لحم الضأن والضأن ولحم الضأن هي لحوم الأغنام الداجنة في مختلف الأعمار. الخروف في عامه الأول يسمى الحمل ، ويطلق على لحمه أيضًا لحم الضأن. لحوم الخراف الصغيرة التي مضى عليها أكثر من عام واحد ؛ خارج الولايات المتحدة ، هذا أيضًا مصطلح للحيوان الحي. لحم الخروف البالغ هو لحم الضأن ، وهو مصطلح يستخدم فقط لل
CASE_0245,1039346,endpoint,2,6306638,0.5291,0.5291,0,ar,لحم الضأن والضأن (المملكة المتحدة والهند وجنوب إفريقيا وكندا ونيوزيلندا وأستراليا) هي مصطلحات لحوم الأغنام الداجنة (الأنواع Ovis aries) في مختلف الأعمار. يسمى لحمها أيضًا لحم الضأن. لحم الخروف الصغير الذي يزيد عمره عن عام واحد هو لحم الضأن ؛ خارج أمريكا الشمالية ، هذا أيضًا مصطلح للحيوان الحي. يتم أ
CASE_0245,1039346,endpoint,3,8784636,0.5276,0.5276,0,ar,لحم الضأن والضأن (المملكة المتحدة والهند وجنوب إفريقيا وكندا ونيوزيلندا وأستراليا) هي مصطلحات لحوم الأغنام الداجنة (الأنواع Ovis aries) في مختلف الأعمار. يُطلق على لحمها أيضًا اسم lamb. تختلف تعريفات ساق الضأن ، ولكنها تشمل بشكل عام: 1 قطعة من لحم الضأن مقطوعة من ذراع الكتف ، وتحتوي على عظم الساق وج
CASE_0245,1039346,endpoint,4,2808386,0.5249,0.5249,0,ar,مصطلحات لحم الضأن أو لحم الضأن هي أسماء للحيوانات أو لحوم الأغنام الداجنة. يُعرف لحم الخروف الذي يبلغ من العمر عامًا أو أقل عمومًا باسم لحم الضأن ، في حين أن لحم الخروف الأكبر سنًا هو لحم الضأن. غالبًا ما يطلق على الحمل الصغير جدًا لحم الضأن الذي يتغذى على الحليب أو لحم الضأن ******. الإجابة: يشار إ
CASE_0245,1039346,endpoint,5,5447897,0.5229,0.5229,0,ar,الحيوان الصغير كالعجل أو الضأن يسمن للذبح. أصل السمنة. 1520-1530.
CASE_0245,1039346,endpoint,6,5351942,0.5221,0.5221,0,ar,التعريف: لحم الضأن هو خروف أكبر سنًا وناضجًا. الحمل خروف صغير. تنتج الأغنام الأكبر سناً نكهة أكثر ثراءً ، لكنها قد تكون قاسية إذا لم يتم طهيها بشكل صحيح. أفضل طريقة لطهي أي قطعة من لحم الضأن طويلة جدًا وبطيئة. يحظى بشعبية كبيرة في الطبخ الشرق أوسطي والبريطاني. النطق: mut-tun.
CASE_0245,1039346,endpoint,7,8599577,0.5202,0.5202,0,ar,ما هو الخروف؟ ما هي أوقات طهي لحم الضأن؟ كيف تربى الحملان؟ ما هي أوقات التخزين المقترحة للحمل؟
CASE_0245,1039346,endpoint,8,2808382,0.5173,0.5173,0,ar,لحم الضأن ولحم الضأن (المملكة المتحدة والهند وجنوب إفريقيا وكندا ونيوزيلندا وأستراليا) هي مصطلحات لحوم الأغنام الداجنة (الأنواع Ovis aries) في مختلف الأعمار. يسمى لحم الضأن أيضًا لحم الضأن ، حيث يتم أخذ لحم الضأن من الحيوان الذي يتراوح عمره بين شهر وسنة ، ويتراوح وزن الذبيحة (الذبيحة باللغة الإنجليز
CASE_0245,1039346,endpoint,9,4958335,0.5171,0.5171,0,ar,يتم تطبيق مصطلح لحم الضأن على لحم الماعز في معظم هذه البلدان ، ويزداد عدد الماعز. على سبيل المثال ، يُصنع لحم الضأن بالكاري دائمًا من لحم الماعز. تشير التقديرات إلى أن أكثر من ثلث الماعز يتم ذبحها كل عام وبيعها كضأن. خارج أمريكا الشمالية ، هذا أيضًا مصطلح للحيوان الحي. لحم الخروف البالغ هو لحم الضأن
CASE_0245,1039346,endpoint,10,1225644,0.513,0.513,0,ar,لحم الضأن. لحم الضأن هو لحم خروف يزيد عمره عن عام واحد ويفضل أن يكون عمره 3 سنوات. إنه لون أحمر كثيف ويحتوي على كمية كبيرة من الدهون. نكهته قوية جدًا وقد تضطر إلى اكتساب الطعم قبل الاستمتاع بلحم الضأن. يعتبر لحم الضأن أكثر شيوعًا في الشرق الأوسط وأوروبا منه في الولايات المتحدة. تميل نكهة لحم الضأن ا
CASE_0245,1039346,mixed,1,7842364,0.5549,0.5549,1,ar,نسخة من الحمل للذبح. Lamb to the Slaughter بقلم رولد دال شخصية ديناميكية تناقض متناقض شخصيات ثابتة لفظية سخرية درامية سخرية بطل الرواية مؤامرة العرض الشخصية الرئيسية التي تشارك في الصراع: البطل في The Lamb to the Slaughter هي ماري مالوني. كلي العلم - الراوي هو شخص خارجي يعرف كل شيء ويمكنه الدخول في
CASE_0245,1039346,mixed,2,5447897,0.5217,0.5217,0,ar,الحيوان الصغير كالعجل أو الضأن يسمن للذبح. أصل السمنة. 1520-1530.
CASE_0245,1039346,mixed,3,8823953,0.5155,0.5155,0,ar,لدى Brainly الملايين من الإجابات عالية الجودة ، يتم الإشراف عليها جميعًا بعناية من قبل أعضاء المجتمع الأكثر ثقة لدينا ، ولكن الإجابات المعتمدة هي الأفضل من الأفضل. يُعتقد أن العم سام الأصلي كان صموئيل ويلسون ، لكن هذا ليس متأكدًا بنسبة 100٪ ، وقد يكون هناك مصدر آخر تم نسيانه. كان ويلسون تاجر لحوم من
CASE_0245,1039346,mixed,4,7187251,0.5079,0.5079,0,ar,لآلئ قبل الخنازير (كاريكاتير) لآلئ قبل الخنازير هو شريط فكاهي أمريكي كتبه ورسمه ستيفان باستيس. يسرد الحياة اليومية لخمسة حيوانات مجسمة: خنزير ، جرذ ، حمار وحشي ، عنزة ، وأخوية من التماسيح ، [1] بالإضافة إلى عدد من الشخصيات الداعمة.
CASE_0245,1039346,mixed,5,8319240,0.5076,0.5076,0,ar,How to Cook Rack of Lamb هذا عرض لوصفة من لحم الضأن أنتوني بوردان من كتاب الطبخ Les Halles.
CASE_0245,1039346,mixed,6,8599577,0.5075,0.5075,0,ar,ما هو الخروف؟ ما هي أوقات طهي لحم الضأن؟ كيف تربى الحملان؟ ما هي أوقات التخزين المقترحة للحمل؟
CASE_0245,1039346,mixed,7,7842369,0.5036,0.5036,1,ar,books.google.com - Lamb to the Slaughter هي قصة قصيرة وحادة وتقشعر لها الأبدان من رولد دال ، سيد الحكاية المروعة. في Lamb to the Slaughter ، يروي رولد دال ، أحد المؤلفين المفضلين في العالم ، قصة ملتوية عن الجانب المظلم من الطبيعة البشرية.
CASE_0245,1039346,mixed,8,6727874,0.4983,0.4983,0,ar,ما هو اسم الكلب ذو الرؤوس الثلاثة في الأساطير اليونانية واسم إله الجحيم؟
CASE_0245,1039346,mixed,9,4492877,0.4977,0.4977,0,ar,"""عن وليام بليك. """"The Lamb"""" هي قصيدة قصيرة كتبها وليام بليك ، الشاعر الإنجليزي الذي عاش من 1757 إلى 1827 وكتب في بداية الحركة الرومانسية ، وتركزت هذه الحركة على الروحانية البشرية والتعبير مع التركيز على الطبيعة. باركك فيك! يوفر المقطع الثاني هذا الإجابة المقترحة في المقطع الأول. يصف بليك الرب يسوع"
CASE_0245,1039346,mixed,10,7842368,0.4963,0.4963,0,ar,نسخة من الحمل للذبح. البطلة في The Lamb to the Slaughter هي ماري مالوني. كلي العلم - الراوي هو شخص خارجي يعرف كل شيء ويمكنه الدخول في عقول أكثر من شخصية. الشخصيات التي لا تتغير في القصة: أحداث القصة: السيد مالوني يصل إلى المنزل وينقل بعض الأخبار السيئة للسيدة مالوني.
CASE_0245,808716,endpoint,1,3035721,0.707,0.707,0,ar,العلاجات القياسية لسرطان الجلد. 1 الجراحة. 2 العلاج الإشعاعي. 3 العلاج الكيميائي. 4 العلاج الضوئي الديناميكي (علاج للسرطان يستخدم دواء ونوع معين من ضوء الليزر لقتل الخلايا السرطانية) 5 العلاج البيولوجي (علاج يستخدم الجهاز المناعي للمريض لمحاربة السرطان )
CASE_0245,808716,endpoint,2,7238658,0.6944,0.6944,0,ar,المزيد في سرطان الجلد. العلاج الشائع لسرطان الخلايا القاعدية - وهو أكثر أنواع سرطان الجلد شيوعًا في جميع أنحاء العالم - هو كريم موضعي (يوضع على الجلد فقط) ، مثل Efudex ( فلورويوراسيل). إذا وصف طبيبك Efudex ، فستزودك هذه المقدمة بالمعلومات التي تحتاجها لاستخدامها بشكل فعال وآمن.
CASE_0245,808716,endpoint,3,5636502,0.6944,0.6944,0,ar,بقلم تيموثي ديتشيارا ، دكتوراه. تم التحديث في 12 أغسطس 2016. العلاج الشائع لسرطان الخلايا القاعدية - وهو النوع الأكثر شيوعًا من سرطان الجلد في جميع أنحاء العالم - هو علاج موضعي (يوضع على الجلد فقط) كريم ، مثل إيميكويمود وديكلوفيناك وفلورويوراسيل (إيفوديكس ، كاراك).
CASE_0245,808716,endpoint,4,7637815,0.6944,0.6944,0,ar,العلاج البديل لسرطان الجلد. في حين أن أفضل علاج لسرطان الجلد يعتمد على مرحلة السرطان بالإضافة إلى الصحة العامة للفرد ، فإن الطرق البديلة توفر خيارات علاج آمنة وطبيعية. يقدم شاي الباذنجان والجذور الدموية والإيسياك مكونات طبيعية لعلاج خلايا الجلد المصابة والقضاء عليها. الباذنجان
CASE_0245,808716,endpoint,5,1192842,0.6914,0.6914,0,ar,العلاج البديل لسرطان الجلد. في حين أن أفضل علاج لسرطان الجلد يعتمد على مرحلة السرطان بالإضافة إلى الصحة العامة للفرد ، فإن الطرق البديلة توفر خيارات علاج آمنة وطبيعية.
CASE_0245,808716,endpoint,6,2896149,0.6889,0.6889,0,ar,علاجات سرطان الجلد: النجم الجديد. لقد أوصينا لسنوات كريم Raspberry Skin Cream كأحد أفضل الكريمات التي يمكن استخدامها لسرطان الجلد. أفضل لأنه لا يسبب أي ألم أو مشاكل أخرى عند استخدامه. ولكن يوجد الآن علاج أقوى بكثير يعمل على تغيير توصيتنا.
CASE_0245,808716,endpoint,7,712249,0.6859,0.6859,0,ar,علاجات وأدوية سرطان الجلد. الأنواع الثلاثة الأساسية لسرطان الجلد هي سرطان الخلايا القاعدية وسرطان الخلايا الحرشفية وسرطان الجلد. بالإضافة إلى الجراحة ، هناك العديد من الخيارات العلاجية الأخرى ، وهي ضرورية للإصابة بسرطان الجلد في مراحله المبكرة. يمكن أن يعتمد البقاء على قيد الحياة على المدى الطويل عل
CASE_0245,808716,endpoint,8,7727815,0.6837,0.6837,1,ar,خيارات العلاج. تشمل علاجات سرطان الجلد ما يلي: 1 الجراحة. 2 يتم قطع الورم الميلانيني بالكامل ، جنبًا إلى جنب مع حافة (هامش) الجلد الطبيعي المظهر. 3 العلاج الكيميائي ، الذي يستخدم الأدوية لوقف أو إبطاء نمو الخلايا السرطانية. 4 العلاج المناعي ، الذي يستخدم الأدوية لمساعدة جهاز المناعة في الجسم على محا
CASE_0245,808716,endpoint,9,1192834,0.6773,0.6773,0,ar,في حين أن أفضل علاج لسرطان الجلد يعتمد على مرحلة السرطان بالإضافة إلى الصحة العامة للفرد ، فإن الطرق البديلة توفر خيارات علاج آمنة وطبيعية. يقدم شاي الباذنجان والجذور الدموية والإيسياك مكونات طبيعية لعلاج خلايا الجلد المصابة والقضاء عليها.
CASE_0245,808716,endpoint,10,2896157,0.6771,0.6771,0,ar,بالنسبة للبشرة ، فهو من أفضل الأدوية لعلاج سرطان الجلد لأنه يقتل الخلايا السرطانية كما يفعل اليود. يستخدم الدكتور توليو سيمونسيني ، أخصائي الأورام في روما ، اليود لعلاج سرطان الجلد. يمكن تطبيق كلاهما موضعيًا. يمكن استخدام كلاهما على مدار الساعة تقريبًا لإحداث تأثير كبير.
CASE_0245,808716,mixed,1,7727815,0.6733,0.6733,1,ar,خيارات العلاج. تشمل علاجات سرطان الجلد ما يلي: 1 الجراحة. 2 يتم قطع الورم الميلانيني بالكامل ، جنبًا إلى جنب مع حافة (هامش) الجلد الطبيعي المظهر. 3 العلاج الكيميائي ، الذي يستخدم الأدوية لوقف أو إبطاء نمو الخلايا السرطانية. 4 العلاج المناعي ، الذي يستخدم الأدوية لمساعدة جهاز المناعة في الجسم على محا
CASE_0245,808716,mixed,2,2896149,0.6693,0.6693,0,ar,علاجات سرطان الجلد: النجم الجديد. لقد أوصينا لسنوات كريم Raspberry Skin Cream كأحد أفضل الكريمات التي يمكن استخدامها لسرطان الجلد. أفضل لأنه لا يسبب أي ألم أو مشاكل أخرى عند استخدامه. ولكن يوجد الآن علاج أقوى بكثير يعمل على تغيير توصيتنا.
CASE_0245,808716,mixed,3,3035721,0.6656,0.6656,0,ar,العلاجات القياسية لسرطان الجلد. 1 الجراحة. 2 العلاج الإشعاعي. 3 العلاج الكيميائي. 4 العلاج الضوئي الديناميكي (علاج للسرطان يستخدم دواء ونوع معين من ضوء الليزر لقتل الخلايا السرطانية) 5 العلاج البيولوجي (علاج يستخدم الجهاز المناعي للمريض لمحاربة السرطان )
CASE_0245,808716,mixed,4,712249,0.6601,0.6601,0,ar,علاجات وأدوية سرطان الجلد. الأنواع الثلاثة الأساسية لسرطان الجلد هي سرطان الخلايا القاعدية وسرطان الخلايا الحرشفية وسرطان الجلد. بالإضافة إلى الجراحة ، هناك العديد من الخيارات العلاجية الأخرى ، وهي ضرورية للإصابة بسرطان الجلد في مراحله المبكرة. يمكن أن يعتمد البقاء على قيد الحياة على المدى الطويل عل
CASE_0245,808716,mixed,5,8124823,0.6583,0.6583,0,ar,لا تعتبر الحلاقة الصغيرة أو الخزعة التي قد تكون كافية لتشخيص أنواع أخرى من سرطان الجلد هي الأفضل لعلاج سرطان الجلد. لتشخيص الورم الميلانيني ، فإن أفضل خزعة هي التي تزيل كل أو معظم الورم في وقت الخزعة مثل الخزعة الاستئصالية التي يتم فيها قطع كل الورم المرئي في البداية.
CASE_0245,808716,mixed,6,392901,0.6555,0.6555,0,ar,تم تشخيص جدتي مع كيس شبكية في عينها اليمنى. ما هو أفضل علاج أو شيء تفعله؟
CASE_0245,808716,mixed,7,712246,0.6534,0.6534,0,ar,نادرًا ما تستخدم الأدوية لعلاج سرطان الجلد غير الميلانيني. الجراحة هي العلاج الأكثر شيوعًا والأكثر فعالية. ولكن عندما تكون الجراحة غير ممكنة ، فقد يقترح طبيبك الأدوية. يمكن أيضًا استخدام الأدوية عندما يكون سرطان الجلد كبيرًا جدًا لإجراء الجراحة أو عندما تستمر سرطانات الجلد الجديدة في الظهور. تشمل ال
CASE_0245,808716,mixed,8,6179674,0.6532,0.6532,0,ar,سرطان الجلد هو أكثر أنواع السرطانات شيوعًا في الولايات المتحدة ، وعند اكتشافه وعلاجه مبكرًا ، يمكن علاج 99٪ من الحالات. تتخصص الدكتورة أليسا هيرمان في العلاج الأكثر فعالية لمعظم أنواع سرطان الجلد - جراحة موس - في عيادتها في ميامي.
CASE_0245,808716,mixed,9,5636502,0.6516,0.6516,0,ar,بقلم تيموثي ديتشيارا ، دكتوراه. تم التحديث في 12 أغسطس 2016. العلاج الشائع لسرطان الخلايا القاعدية - وهو النوع الأكثر شيوعًا من سرطان الجلد في جميع أنحاء العالم - هو علاج موضعي (يوضع على الجلد فقط) كريم ، مثل إيميكويمود وديكلوفيناك وفلورويوراسيل (إيفوديكس ، كاراك).
CASE_0245,808716,mixed,10,6179668,0.6495,0.6495,0,ar,أسئلة وأجوبة جراحة موس. سرطان الجلد هو أكثر أنواع السرطانات شيوعًا في الولايات المتحدة ، وعند اكتشافه وعلاجه مبكرًا ، يمكن علاج 99٪ من الحالات. تتخصص الدكتورة أليسا هيرمان في العلاج الأكثر فعالية لمعظم أنواع سرطان الجلد - جراحة موس - في عيادتها في ميامي.
CASE_0245,901355,endpoint,1,2007588,0.7366,0.7366,0,ar,ظروف النمو براعم بروكسل هي محصول طقس بارد ينمو بشكل أفضل في حوالي 60 درجة فهرنهايت -65 درجة فهرنهايت ، وهي واحدة من آخر المحاصيل المتبقية في الحديقة ويمكنها حتى البقاء على قيد الحياة خلال فصل الشتاء إذا كانت الظروف مواتية.
CASE_0245,901355,endpoint,2,6421853,0.7318,0.7318,0,ar,تؤثر درجة حرارة الفرن على سرعة تحميص براعم بروكسل. عند 500 درجة ، قد يستغرق الأمر أقل من 15 دقيقة (على الرغم من أن 20 عادة ما تكون أكثر شبهاً به). عند 300 درجة ، قد يحتاجون إلى 40 دقيقة أو حتى أكثر. لذا اختبرها مبكرًا وفي كثير من الأحيان لتحديد موعد نضج كرنب بروكسل.
CASE_0245,901355,endpoint,3,7834332,0.7284,0.7284,0,ar,1 تؤثر درجة حرارة الفرن على سرعة تحميص براعم بروكسل. 2 عند 500 درجة ، قد يستغرق الأمر أقل من 15 دقيقة (على الرغم من أن 20 عادة ما تكون أكثر شبهاً به). 3 عند 300 درجة ، قد يحتاجون إلى 40 دقيقة أو حتى أكثر. 4 لذا اختبر مبكرًا ومتكررًا لتحديد موعد نضج كرنب بروكسل.
CASE_0245,901355,endpoint,4,1072470,0.719,0.719,0,ar,يُسخن الفرن على حرارة 400 درجة فهرنهايت ، يُقطع الجزء السفلي من كل براعم بروكسل (حوالي 1/4 أو أقل) ثم يُقطع إلى نصفين بالطول. قلبي جميع المكونات وضعيها في طبقة واحدة على طبق للخبز. تحمص لمدة 25 دقيقة أو حتى يتحول لون براعم بروكسل إلى البني قليلاً ويصبح طريًا في جميع الأنحاء. قدميها ساخنة أو باردة.
CASE_0245,901355,endpoint,5,6611351,0.7138,0.7138,0,ar,يُسخن الفرن إلى 400 درجة فهرنهايت. قم بقطع الأطراف البنية من براعم بروكسل وازل أي أوراق خارجية صفراء. اخلطيهم في وعاء مع زيت الزيتون والملح والفلفل. اسكبيها في صينية واشويها لمدة 35 إلى 40 دقيقة ، حتى تصبح مقرمشة من الخارج وطرية من الداخل ، رجّي المقلاة من وقت لآخر لتحمير البراعم بالتساوي ، ازيلي ال
CASE_0245,901355,endpoint,6,1136062,0.7117,0.7117,0,ar,جاهز خلال. 1 يُسخن الفرن مسبقًا إلى 400 درجة فهرنهايت (205 درجة مئوية). 2 ضع براعم بروكسل المقطعة وزيت الزيتون وملح الكوشر والفلفل في كيس بلاستيكي كبير قابل لإعادة الغلق. 3 تحمص في فرن مسخن مسبقًا لمدة 30 إلى 45 دقيقة ، رج المقلاة كل 5 إلى 7 دقائق لتحمير متساوٍ. يُسكب على صينية خبز ، ويوضع على رف ال
CASE_0245,901355,endpoint,7,1354516,0.7104,0.7104,1,ar,يُسخن الفرن إلى 400 درجة فهرنهايت. قم بقطع الأطراف البنية من براعم بروكسل وازل أي أوراق خارجية صفراء. اخلطيهم في وعاء مع زيت الزيتون والملح والفلفل. اسكبيها على صينية وقلّبيها لمدة 35 إلى 40 دقيقة ، حتى تنضج من الخارج وتنضج من الداخل. هز المقلاة من وقت لآخر لتحمير البراعم بالتساوي. رشي المزيد من ملح
CASE_0245,901355,endpoint,8,6061232,0.7075,0.7075,0,ar,يُسخن الفرن إلى 400 درجة فهرنهايت. قم بقطع الأطراف البنية من براعم بروكسل وازل أي أوراق خارجية صفراء. اخلطيهم في وعاء مع زيت الزيتون والملح والفلفل. اسكبيها على صينية وقلّبيها لمدة 35 إلى 40 دقيقة ، حتى تنضج من الخارج وتنضج من الداخل ، رجّي المقلاة من وقت لآخر لتحمير البراعم بالتساوي. * أكره * كرنب
CASE_0245,901355,endpoint,9,5741645,0.7063,0.7063,0,ar,يُسخن الفرن إلى 400 درجة فهرنهايت. قم بقطع الأطراف البنية من براعم بروكسل وازل أي أوراق خارجية صفراء. اخلطيهم في وعاء مع زيت الزيتون والملح والفلفل. اسكبيها على صينية وشويها لمدة 35 إلى 40 دقيقة ، حتى تصبح مقرمشة من الخارج وطرية من الداخل. رجّي المقلاة من وقت لآخر لتحمير البراعم بالتساوي ، رشي المزي
CASE_0245,901355,endpoint,10,3270719,0.7058,0.7058,0,ar,تفحم بروكسل براعم. تُتبّل براعم بروكسل ببساطة بالملح والفلفل وزيت الزيتون ، ثم تُحمص ببطء في فرن شديد السخونة حتى يصبح لونها بنيًا داكنًا. إنها مزيج مثالي من الحلويات والمالحة ، وتصنع بقايا طعام خفيفة مثالية مباشرة من الثلاجة في اليوم التالي!
CASE_0245,901355,mixed,1,1354516,0.6941,0.6941,1,ar,يُسخن الفرن إلى 400 درجة فهرنهايت. قم بقطع الأطراف البنية من براعم بروكسل وازل أي أوراق خارجية صفراء. اخلطيهم في وعاء مع زيت الزيتون والملح والفلفل. اسكبيها على صينية وقلّبيها لمدة 35 إلى 40 دقيقة ، حتى تنضج من الخارج وتنضج من الداخل. هز المقلاة من وقت لآخر لتحمير البراعم بالتساوي. رشي المزيد من ملح
CASE_0245,901355,mixed,2,6421853,0.6925,0.6925,0,ar,تؤثر درجة حرارة الفرن على سرعة تحميص براعم بروكسل. عند 500 درجة ، قد يستغرق الأمر أقل من 15 دقيقة (على الرغم من أن 20 عادة ما تكون أكثر شبهاً به). عند 300 درجة ، قد يحتاجون إلى 40 دقيقة أو حتى أكثر. لذا اختبرها مبكرًا وفي كثير من الأحيان لتحديد موعد نضج كرنب بروكسل.
CASE_0245,901355,mixed,3,1072470,0.6916,0.6916,0,ar,يُسخن الفرن على حرارة 400 درجة فهرنهايت ، يُقطع الجزء السفلي من كل براعم بروكسل (حوالي 1/4 أو أقل) ثم يُقطع إلى نصفين بالطول. قلبي جميع المكونات وضعيها في طبقة واحدة على طبق للخبز. تحمص لمدة 25 دقيقة أو حتى يتحول لون براعم بروكسل إلى البني قليلاً ويصبح طريًا في جميع الأنحاء. قدميها ساخنة أو باردة.
CASE_0245,901355,mixed,4,7834332,0.6904,0.6904,0,ar,1 تؤثر درجة حرارة الفرن على سرعة تحميص براعم بروكسل. 2 عند 500 درجة ، قد يستغرق الأمر أقل من 15 دقيقة (على الرغم من أن 20 عادة ما تكون أكثر شبهاً به). 3 عند 300 درجة ، قد يحتاجون إلى 40 دقيقة أو حتى أكثر. 4 لذا اختبر مبكرًا ومتكررًا لتحديد موعد نضج كرنب بروكسل.
CASE_0245,901355,mixed,5,6236393,0.6901,0.6901,0,ar,الاتجاهات. يُسخن الفرن إلى 400 درجة فهرنهايت. قم بقطع الأطراف البنية من براعم بروكسل وازل أي أوراق خارجية صفراء. نخلطهم في وعاء مع زيت الزيتون والملح والفلفل ، ثم نسكبهم في صينية ويشوىوا لمدة 35 إلى 40 دقيقة ، حتى تنضج من الخارج وتنضج من الداخل ، ثم رج المقلاة من وقت لآخر لتحمير البراعم بالتساوي. رش
CASE_0245,901355,mixed,6,6611351,0.6891,0.6891,0,ar,يُسخن الفرن إلى 400 درجة فهرنهايت. قم بقطع الأطراف البنية من براعم بروكسل وازل أي أوراق خارجية صفراء. اخلطيهم في وعاء مع زيت الزيتون والملح والفلفل. اسكبيها في صينية واشويها لمدة 35 إلى 40 دقيقة ، حتى تصبح مقرمشة من الخارج وطرية من الداخل ، رجّي المقلاة من وقت لآخر لتحمير البراعم بالتساوي ، ازيلي ال
CASE_0245,901355,mixed,7,6678753,0.6881,0.6881,0,ar,الاتجاهات. يُسخن الفرن إلى 400 درجة فهرنهايت. قم بقطع الأطراف البنية من براعم بروكسل وازل أي أوراق خارجية صفراء. نخلطهم في وعاء مع زيت الزيتون والملح والفلفل ، ثم نسكبهم في صينية ويشوىوا لمدة 35 إلى 40 دقيقة ، حتى تنضج من الخارج وتنضج من الداخل ، ثم رج المقلاة من وقت لآخر لتحمير البراعم بالتساوي ، ر
CASE_0245,901355,mixed,8,5741645,0.6874,0.6874,0,ar,يُسخن الفرن إلى 400 درجة فهرنهايت. قم بقطع الأطراف البنية من براعم بروكسل وازل أي أوراق خارجية صفراء. اخلطيهم في وعاء مع زيت الزيتون والملح والفلفل. اسكبيها على صينية وشويها لمدة 35 إلى 40 دقيقة ، حتى تصبح مقرمشة من الخارج وطرية من الداخل. رجّي المقلاة من وقت لآخر لتحمير البراعم بالتساوي ، رشي المزي
CASE_0245,901355,mixed,9,839688,0.6854,0.6854,0,ar,يُسخن الفرن إلى 400 درجة فهرنهايت. قم بقطع الأطراف البنية من براعم بروكسل وازل أي أوراق خارجية صفراء. اخلطيهم في وعاء مع زيت الزيتون والملح والفلفل. اسكبيها على صينية وقلّبيها لمدة 35 إلى 40 دقيقة ، حتى تنضج من الخارج وتنضج من الداخل.
CASE_0245,901355,mixed,10,1136054,0.68,0.68,0,ar,يُسخن الفرن إلى 400 درجة فهرنهايت. قم بقطع الأطراف البنية من براعم بروكسل وازل أي أوراق خارجية صفراء. اخلطيهم في وعاء مع زيت الزيتون والملح والفلفل. اسكبيها على صينية وشويها لمدة 35 إلى 40 دقيقة ، حتى تصبح مقرمشة من الخارج وطرية من الداخل. رجّي المقلاة من وقت لآخر لتحمير البراعم بالتساوي ، رشي المزي
CASE_0245,1021241,endpoint,1,1827901,0.6271,0.6271,0,ar,الحجم: 49 المشاهدات: 422. وفقًا لـ ________ ، يواجه المراهقون أزمة بين ارتباك الهوية والأدوار. يجب أن يوازنوا. الرغبة في تجربة ذوات مختلفة مع الحاجة إلى اختيار نفس واحدة. إريك إريكسون. يستيقظ باتريك ذات صباح قبل المدرسة الثانوية ليجد أنه طور بثرة هائلة.
CASE_0245,1021241,endpoint,2,6128744,0.6194,0.6194,0,ar,تجادل نظرية Marcia's في تحقيق الهوية بأن جزأين مختلفين يشكلان هوية المراهق: الأزمة (أي الوقت الذي يكون فيه المرء ¢ يتم إعادة تقييم القيم والخيارات) والالتزام. لقد عرّف الأزمة بأنها وقت الاضطرابات حيث يتم إعادة النظر في القيم أو الخيارات القديمة.
CASE_0245,1021241,endpoint,3,1947627,0.6146,0.6146,0,ar,إريك إريكسون والهوية الذاتية. 17 تشرين الثاني (نوفمبر) 2010. وفقًا لإريك إريكسون ، المنظر التنموي البارز في الخمسينيات من القرن الماضي ، يجب على الشباب حل أزمتين من أزمات الحياة خلال فترة المراهقة. على عكس العديد من المنظرين التنمويين الآخرين في عصره ، فإن نظرية إريكسون النفسية والاجتماعية للتنمية ا
CASE_0245,1021241,endpoint,4,5148730,0.6137,0.6137,0,ar,"""""""أعتقد أن اتساع نطاق النتائج مساهمة مهمة ،"""" أضافت. قال ييب إن غالبية الدراسات في التحليل التلوي فحصت طلاب المدارس الإعدادية والثانوية لأن معظم النظريات النفسية تدعم فكرة أن الهوية العرقية والعرقية تبدأ في التبلور خلال فترة المراهقة."""
CASE_0245,1021241,endpoint,5,53876,0.6106,0.6106,0,ar,63 - حددت مارسيا ما لا يقل عن ثلاثة جوانب لنمو المراهقين الصغار مهمة لتشكيل الهوية. هم إحساس راسخ بالصناعة ، وموقف انعكاس ذاتي تجاه المستقبل ، و. أ) الثقة في دعم الوالدين.
CASE_0245,1021241,endpoint,6,7890994,0.6045,0.6045,1,ar,إريك إريكسون والهوية الذاتية. وفقًا لإريك إريكسون ، المُنظِّر التنموي البارز في الخمسينيات من القرن الماضي ، يجب على الشباب حل أزمتين من أزمات الحياة خلال فترة المراهقة. على عكس العديد من المنظرين التنمويين الآخرين في عصره ، فإن نظرية إريكسون النفسية والاجتماعية للتنمية البشرية تغطي كامل العمر ، بما
CASE_0245,1021241,endpoint,7,1257009,0.5952,0.5952,0,ar,يضع إريكسون قدرًا كبيرًا من التركيز على فترة المراهقة ، حيث يشعر أنها كانت مرحلة حاسمة لتطوير هوية الشخص. مثل فرويد والعديد من الآخرين ، أكد إريك إريكسون أن الشخصية تتطور بترتيب محدد مسبقًا ، وتبني على كل مرحلة سابقة. وهذا ما يسمى بالمبدأ اللاجيني.
CASE_0245,1021241,endpoint,8,6128741,0.5946,0.5946,0,ar,أفضل إجابة: يعد تحقيق الهوية أمرًا بالغ الأهمية في تنمية احترام الذات ، وهو أمر يعاني منه الكثير من المراهقين حقًا.
CASE_0245,1021241,endpoint,9,6128743,0.5907,0.5907,0,ar,قام المراهقون في مرحلة تحقيق الهوية باستكشاف وفحص القيم والمعتقدات المختلفة ، وفي النهاية اختاروا القيم والمعتقدات الأكثر أهمية بالنسبة لهم. إنهم قادرون على تحديد من يريدون أن يكونوا والغرض من حياتهم.
CASE_0245,1021241,endpoint,10,6128739,0.5881,0.5881,0,ar,أفضل إجابة: يعد تحقيق الهوية أمرًا بالغ الأهمية في تنمية احترام الذات ، وهو أمر يعاني منه الكثير من المراهقين حقًا. تدور أحداث المراهقة حول الاستكشاف واكتشاف الذات ، وغالبًا ما تكون مؤلمة وصعبة للغاية.
CASE_0245,1021241,mixed,1,7890994,0.6293,0.6293,1,ar,إريك إريكسون والهوية الذاتية. وفقًا لإريك إريكسون ، المُنظِّر التنموي البارز في الخمسينيات من القرن الماضي ، يجب على الشباب حل أزمتين من أزمات الحياة خلال فترة المراهقة. على عكس العديد من المنظرين التنمويين الآخرين في عصره ، فإن نظرية إريكسون النفسية والاجتماعية للتنمية البشرية تغطي كامل العمر ، بما
CASE_0245,1021241,mixed,2,1947627,0.6278,0.6278,0,ar,إريك إريكسون والهوية الذاتية. 17 تشرين الثاني (نوفمبر) 2010. وفقًا لإريك إريكسون ، المنظر التنموي البارز في الخمسينيات من القرن الماضي ، يجب على الشباب حل أزمتين من أزمات الحياة خلال فترة المراهقة. على عكس العديد من المنظرين التنمويين الآخرين في عصره ، فإن نظرية إريكسون النفسية والاجتماعية للتنمية ا
CASE_0245,1021241,mixed,3,5148730,0.6095,0.6095,0,ar,"""""""أعتقد أن اتساع نطاق النتائج مساهمة مهمة ،"""" أضافت. قال ييب إن غالبية الدراسات في التحليل التلوي فحصت طلاب المدارس الإعدادية والثانوية لأن معظم النظريات النفسية تدعم فكرة أن الهوية العرقية والعرقية تبدأ في التبلور خلال فترة المراهقة."""
CASE_0245,1021241,mixed,4,1827901,0.6076,0.6076,0,ar,الحجم: 49 المشاهدات: 422. وفقًا لـ ________ ، يواجه المراهقون أزمة بين ارتباك الهوية والأدوار. يجب أن يوازنوا. الرغبة في تجربة ذوات مختلفة مع الحاجة إلى اختيار نفس واحدة. إريك إريكسون. يستيقظ باتريك ذات صباح قبل المدرسة الثانوية ليجد أنه طور بثرة هائلة.
CASE_0245,1021241,mixed,5,6128744,0.6002,0.6002,0,ar,تجادل نظرية Marcia's في تحقيق الهوية بأن جزأين مختلفين يشكلان هوية المراهق: الأزمة (أي الوقت الذي يكون فيه المرء ¢ يتم إعادة تقييم القيم والخيارات) والالتزام. لقد عرّف الأزمة بأنها وقت الاضطرابات حيث يتم إعادة النظر في القيم أو الخيارات القديمة.
CASE_0245,1021241,mixed,6,7175074,0.5997,0.5997,0,ar,المراهقين الأنانية. يصف التمركز حول الذات لدى المراهقين ميل المراهقين إلى اختلاف تصوراتهم بين ما يعتقدون أن الآخرين يفكرون فيه وما يعتقده الآخرون بشأنهم بالفعل. هذا أحد مكونات نظريات ديفيد إلكيند حول نمو الطفل والتي تستند إلى نظرية بياجيه للمراحل الإدراكية التنموية.
CASE_0245,1021241,mixed,7,1257009,0.5902,0.5902,0,ar,يضع إريكسون قدرًا كبيرًا من التركيز على فترة المراهقة ، حيث يشعر أنها كانت مرحلة حاسمة لتطوير هوية الشخص. مثل فرويد والعديد من الآخرين ، أكد إريك إريكسون أن الشخصية تتطور بترتيب محدد مسبقًا ، وتبني على كل مرحلة سابقة. وهذا ما يسمى بالمبدأ اللاجيني.
CASE_0245,1021241,mixed,8,2805199,0.5873,0.5873,0,ar,وفقًا لإريك إريكسون ، المُنظِّر التنموي البارز في الخمسينيات من القرن الماضي ، يجب على الشباب حل أزمتين من أزمات الحياة خلال فترة المراهقة. على عكس العديد من المنظرين التنمويين الآخرين في عصره ، فإن نظرية إريكسون النفسية والاجتماعية للتنمية البشرية تغطي كامل العمر ، بما في ذلك مرحلة البلوغ. استخدم إ
CASE_0245,1021241,mixed,9,7278807,0.5865,0.5865,0,ar,وصفت نظرية جي ستانلي هول التنموية المراهقة بأنها فترة مضطربة للغاية بالنسبة للشباب والتي كانت مشحونة بالصراع وتقلبات المزاج. كان يعتقد أنه كان وقت التمرد ، والتعبير عن المشاعر ، والمثالية ، والعاطفة ، والطموح ، وكذلك المعاناة.
CASE_0245,1021241,mixed,10,2805201,0.5814,0.5814,0,ar,وفقًا لنظرية إريكسون ، فإن الطريقة التي يحل بها الشخص الأزمة ستحدد هويته الشخصية وتطوره المستقبلي. في هذه المقالة ، نقتصر مناقشتنا على أزمات المراهقة ، ولكن يمكن العثور على معلومات أكثر اكتمالاً حول نظرية إريكسون في مقالة مقدمة إلى تنمية الطفل. تحدث الأزمة الأولى عادةً خلال فترة المراهقة المبكرة إلى
CASE_0245,1017605,endpoint,1,7237414,0.6884,0.6884,0,ar,التوقيت المحلي الحالي: تالاهاسي ، فلوريدا في المنطقة الزمنية الشرقية: الوقت الحالي في تالاهاسي ، فلوريدا هو: الجمعة 16/2/2018 9:03 ص EST تالاهاسي ، فلوريدا في المنطقة الزمنية الشرقية
CASE_0245,1017605,endpoint,2,4678141,0.685,0.685,0,ar,تالاهاسي هي عاصمة ولاية فلوريدا وأكبر مدن جاكسونفيل وميامي وتامبا وسانت بطرسبرغ وهياليه وأورلاندو. يقع الجزء الشرقي من فلوريدا (الذي يشمل جميع البلدات والمدن الرئيسية) في المنطقة الزمنية الشرقية ، والتي تتخلف 5 ساعات عن توقيت غرينتش (GMT-5).
CASE_0245,1017605,endpoint,3,186634,0.6541,0.6541,0,ar,أصبحت تالاهاسي عاصمة فلوريدا ، ثم إقليم فلوريدا ، في عام 1824. في عام 2015 ، كان عدد السكان 189907 نسمة ، مما جعلها سابع أكبر مدينة في ولاية فلوريدا الأمريكية ، والمدينة رقم 126 في الولايات المتحدة. [6] بلغ عدد سكان منطقة تالاهاسي الحضرية 377،924 اعتبارًا من عام 2015.
CASE_0245,1017605,endpoint,4,428566,0.6476,0.6476,0,ar,اختصار البريد الأمريكي هو FL. تالاهاسي هي عاصمة ولاية فلوريدا وأكبر مدن جاكسونفيل وميامي وتامبا وسانت بطرسبرغ وهياليه وأورلاندو. يقع الجزء الشرقي من فلوريدا (الذي يشمل جميع البلدات والمدن الرئيسية) في المنطقة الزمنية الشرقية ، والتي تتخلف 5 ساعات عن توقيت غرينتش (GMT-5). يقع الجزء الغربي من منطقة فل
CASE_0245,1017605,endpoint,5,2071691,0.6458,0.6458,0,ar,تالاهاسي هي عاصمة ولاية فلوريدا الأمريكية. إنه مقر المقاطعة وبلدية مدمجة فقط في مقاطعة ليون وهي أكبر مدينة رقم 126 في الولايات المتحدة. أصبحت تالاهاسي عاصمة فلوريدا ، ثم إقليم فلوريدا ، في عام 1824. في عام 2010 ، كان عدد السكان 181.376 نسمة ، وبلغت منطقة تالاهاسي الحضرية 375751 اعتبارًا من عام 2014.
CASE_0245,1017605,endpoint,6,3333343,0.6457,0.6457,0,ar,فلوريدا لديها منطقتان زمنيتان. يتم استخدام المنطقة الزمنية للعاصمة تالاهاسي هنا. الشمس: ࢠ⠀ â € 07:08 صباحا â € Ã'â € 08:05 مساء (12h 57m) مزيد من المعلومات.
CASE_0245,1017605,endpoint,7,186632,0.643,0.643,0,ar,تالاهاسي هي عاصمة ولاية فلوريدا الأمريكية. إنه مقر المقاطعة وبلدية مدمجة فقط في مقاطعة ليون. أصبحت تالاهاسي عاصمة فلوريدا ، ثم إقليم فلوريدا ، في عام 1824. في عام 2015 ، كان عدد السكان 189907 نسمة ، مما يجعلها سابع أكبر مدينة في ولاية فلوريدا الأمريكية ، والمدينة رقم 126 في الولايات المتحدة.
CASE_0245,1017605,endpoint,8,4678138,0.6378,0.6378,0,ar,مدن في فلوريدا. توقيت تالاهاسي. EDTE - التوقيت الصيفي الشرقي. 12 مارس 2017 الأحد 12 مارس 2017 الساعة 3:00:00 صباحًا بالتوقيت المحلي. 05 نوفمبر 2017 الأحد 05 نوفمبر 2017 الساعة 2:00:00 صباحًا بالتوقيت المحلي ، يتغير الوقت إلى 1:00:00 صباحًا. بدأت UTC-4: 00DST في 12 مارس 2017 ، تحركت الساعات إلى الأما
CASE_0245,1017605,endpoint,9,1221982,0.6353,0.6353,0,ar,بلغ عدد سكان منطقة تالاهاسي الحضرية 377.924 اعتبارًا من عام 2015. تالاهاسي هي أكبر مدينة في منطقة شمال غرب فلوريدا بالإضافة إلى المركز الرئيسي للتجارة والزراعة في مناطق فلوريدا بيج بيند وجنوب غرب جورجيا.
CASE_0245,1017605,endpoint,10,1221989,0.634,0.634,0,ar,تالاهاسي ، فلوريدا. تالاهاسي هي عاصمة ولاية فلوريدا الأمريكية. إنه مقر المقاطعة وبلدية مدمجة فقط في مقاطعة ليون. أصبحت تالاهاسي عاصمة فلوريدا ، ثم إقليم فلوريدا ، في عام 1824. في عام 2015 ، كان عدد السكان 189907 نسمة ، مما جعل المدينة 126 أكبر مدينة في الولايات المتحدة.
CASE_0245,1017605,mixed,1,7237414,0.7331,0.7331,0,ar,التوقيت المحلي الحالي: تالاهاسي ، فلوريدا في المنطقة الزمنية الشرقية: الوقت الحالي في تالاهاسي ، فلوريدا هو: الجمعة 16/2/2018 9:03 ص EST تالاهاسي ، فلوريدا في المنطقة الزمنية الشرقية
CASE_0245,1017605,mixed,2,7237410,0.7319,0.7319,1,ar,التوقيت المحلي الحالي في Tallahassee والأحوال الجوية في Tallahassee، Leon County، Florida، الولايات المتحدة الأمريكية، Eastern Time Zone. تحقق من المناطق الزمنية الرسمية ، والوقت الفعلي الدقيق وتواريخ تحويل التوقيت الصيفي في 2016 لتلاهاسي ، فلوريدا ، الولايات المتحدة الأمريكية - تغيير وقت الخريف 201
CASE_0245,1017605,mixed,3,7237407,0.7252,0.7252,0,ar,الوقت والتاريخ الحاليين لتلاهاسي. المنطقة الزمنية هي التوقيت الرسمي الشرقي (EST). يمكنك أيضًا العثور على القطعة على مدار الساعة بالتوقيت المحلي لـ Tallahassee، Florida الصفحة الرئيسية »أمريكا الشمالية» الولايات المتحدة »Florida» Tallahassee
CASE_0245,1017605,mixed,4,4678138,0.7151,0.7151,0,ar,مدن في فلوريدا. توقيت تالاهاسي. EDTE - التوقيت الصيفي الشرقي. 12 مارس 2017 الأحد 12 مارس 2017 الساعة 3:00:00 صباحًا بالتوقيت المحلي. 05 نوفمبر 2017 الأحد 05 نوفمبر 2017 الساعة 2:00:00 صباحًا بالتوقيت المحلي ، يتغير الوقت إلى 1:00:00 صباحًا. بدأت UTC-4: 00DST في 12 مارس 2017 ، تحركت الساعات إلى الأما
CASE_0245,1017605,mixed,5,4678141,0.7123,0.7123,0,ar,تالاهاسي هي عاصمة ولاية فلوريدا وأكبر مدن جاكسونفيل وميامي وتامبا وسانت بطرسبرغ وهياليه وأورلاندو. يقع الجزء الشرقي من فلوريدا (الذي يشمل جميع البلدات والمدن الرئيسية) في المنطقة الزمنية الشرقية ، والتي تتخلف 5 ساعات عن توقيت غرينتش (GMT-5).
CASE_0245,1017605,mixed,6,3333343,0.6939,0.6939,0,ar,فلوريدا لديها منطقتان زمنيتان. يتم استخدام المنطقة الزمنية للعاصمة تالاهاسي هنا. الشمس: ࢠ⠀ â € 07:08 صباحا â € Ã'â € 08:05 مساء (12h 57m) مزيد من المعلومات.
CASE_0245,1017605,mixed,7,428566,0.6914,0.6914,0,ar,اختصار البريد الأمريكي هو FL. تالاهاسي هي عاصمة ولاية فلوريدا وأكبر مدن جاكسونفيل وميامي وتامبا وسانت بطرسبرغ وهياليه وأورلاندو. يقع الجزء الشرقي من فلوريدا (الذي يشمل جميع البلدات والمدن الرئيسية) في المنطقة الزمنية الشرقية ، والتي تتخلف 5 ساعات عن توقيت غرينتش (GMT-5). يقع الجزء الغربي من منطقة فل
CASE_0245,1017605,mixed,8,1227951,0.668,0.668,0,ar,المناطق الزمنية في فلوريدا تقع فلوريدا عمومًا في المنطقة الزمنية الشرقية ، مع منطقة الحدود الشمالية الغربية في المنطقة الزمنية الوسطى. تشمل المدن في المنطقة الزمنية الشرقية ميامي ديد ، كوينسي ، تالاهاسي ، كروفوردفيل ، جاكسونفيل ، ليك سيتي ، غينزفيل ، دايتونا بيتش ، أورلاندو ، تامبا ، فورت مايرز وكي
CASE_0245,1017605,mixed,9,7237344,0.6646,0.6646,0,ar,فلوريدا هي صفة إسبانية تعني منمق لأنه اكتشفها المستكشفون الإسبان خلال موسم عيد الفصح ، أو باسكوا فلوريدا بالإسبانية. اختصار البريد الأمريكي هو FL. تالاهاسي هي عاصمة ولاية فلوريدا وأكبر مدن جاكسونفيل وميامي وتامبا وسانت بطرسبرغ وهياليه وأورلاندو. يقع الجزء الشرقي من فلوريدا (الذي يشمل جميع البلدات وا
CASE_0245,1017605,mixed,10,1395555,0.6624,0.6624,0,ar,المناخ تالاهاسي - فلوريدا. Ã⠀ šÃ' ° C | Ã⠀ šÃ' درجة فهرنهايت. بيانات المناخ لـ tallahassee Municipality ap ، خط الطول: -84.3533 ، خط العرض: 30.3931. متوسط ​​حالة الطقس Tallahassee، FL - 32310 - 1981-2010 الأعراف. يناير: يناير ، فبراير: فبراير ، مارس: مارس ، أبريل: أبريل ، مايو: مايو ، يونيو: يونيو ،
CASE_0245,1096479,endpoint,1,6391834,0.6739,0.6739,0,ar,اعتبارًا من مايو 2009 ، كشف مكتب إحصاءات العمل أن متوسط ​​الراتب لمقدمي الرعاية الصحية المنزلية كان 9.85 دولارًا في الساعة أو 20،480 دولارًا في السنة ، مع 10 في المائة الأدنى 7.67 دولارًا أو 15،950 دولارًا وأعلى 10 في المائة يكسبون 14.13 دولارًا أو 29390 دولارًا. نوع الصناعة يؤثر على الدخل.
CASE_0245,1096479,endpoint,2,7498263,0.6671,0.6671,0,ar,وفقًا لمسح Genworth Financial لتكلفة الرعاية لعام 2015 ، فإن متوسط ​​معدل الرعاية المنزلية بالساعة في ولاية ميسوري هو 19.00 دولارًا. عادةً ما يكون المعدل الأساسي الشهري للرعاية المنزلية في ولاية ميسوري أعلى عند مقارنته بالولايات المجاورة. ميسوري هي أيضا أقل تكلفة مقارنة بالمعدل الوطني. هذه التكلفة ه
CASE_0245,1096479,endpoint,3,7498259,0.6644,0.6644,0,ar,كم هو ربح ممرضة مسجلة (RN) في Joplin ، MO؟ في جوبلين ، تحصل الممرضة المسجلة (RN) على ما يقرب من 23.31 دولارًا للساعة في المتوسط. هذا هو 24 ٪ أقل من المعدل الوطني للممرضات المسجلة (RN) وهو 28 دولارًا. أظهر المزيد...
CASE_0245,1096479,endpoint,4,293150,0.6513,0.6513,0,ar,في المتوسط ​​، يكلف هذا النوع من الرعاية 1.50 دولارًا أمريكيًا إلى 2.50 دولارًا أمريكيًا للساعة أكثر من الرعاية المنزلية غير الطبية. الرعاية النهارية للبالغين متوسط ​​تكلفة الرعاية النهارية غير السكنية للبالغين في ميسيسيبي في عام 2017 هو 67 دولارًا على مستوى الولاية ، على الرغم من أن النطاق السعري ي
CASE_0245,1096479,endpoint,5,293146,0.6498,0.6498,0,ar,يمكن لسكان ميسيسيبي أن يتوقعوا دفع متوسط ​​سعر الساعة 18 دولارًا للرعاية المنزلية في جميع أنحاء الولاية. بغض النظر عن موقعك الجغرافي داخل الولاية ، فإن متوسط ​​الساعة ثابت إلى حد ما. كما هو الحال مع تكلفة المعيشة بمساعدة ، تقدم منطقة جولفبورت بيلوكسي أفضل سعر للساعة بسعر 16.50 دولارًا.
CASE_0245,1096479,endpoint,6,8521969,0.6472,0.6472,0,ar,اعتبارًا من فبراير 2018 ، بلغ متوسط ​​أجر مساعد الصحة المنزلية 10.30 دولارًا في الساعة أو 22395 دولارًا سنويًا.
CASE_0245,1096479,endpoint,7,3672259,0.6463,0.6463,0,ar,راتب ممرضة ميسيسيبي. وفقًا لمسح الرواتب الوطني لعام 2011 الذي أجرته المجلة التي تمت مراجعتها من قبل الزملاء ، Advance for NPs & PAs ، تمتعت الممرضات الممارسين في ولاية ميسيسيبي بواحدة من أكثر الزيادات الدراماتيكية في متوسط ​​الرواتب في البلاد ، من 87000 دولار في عام 2010 إلى 96914 دولارًا في عام 201
CASE_0245,1096479,endpoint,8,96066,0.646,0.646,0,ar,انقر هنا لمعرفة المزيد عن الخدمات المرتبطة بالرعاية طويلة الأمد. في عام 2011 في ولاية ميسوري ، بلغ متوسط ​​التكلفة السنوية لغرفة شبه خاصة في دار لرعاية المسنين ما يقرب من 51000 دولار. كانت تكلفة الإقامة في مرفق معيشية مساعدة تقترب من 3500 دولار شهريًا ، ويبلغ متوسط ​​الأجر بالساعة لمساعد الصحة المنز
CASE_0245,1096479,endpoint,9,3137974,0.6455,0.6455,0,ar,الشيء الذي نحقق فيه في هذه المقالة هو خدمات الرعاية الصحية المنزلية. حتى عام 2010 (أحدث الإحصاءات من مكتب إحصاءات العمل حول هذه المهنة) بلغ متوسط ​​راتب مساعد العلاج الطبيعي للعامل الماهر في خدمات الرعاية الصحية المنزلية 59،520 دولارًا.
CASE_0245,1096479,endpoint,10,7204482,0.6444,0.6444,0,ar,متوسط ​​راتب مساعد ممرضة معتمدة في جاكسون بولاية ميسيسيبي هو 29406 دولارًا أو ما يعادل 14 دولارًا في الساعة. تستند تقديرات الرواتب إلى بيانات مسح الرواتب التي تم جمعها مباشرة من أصحاب العمل والموظفين المجهولين في جاكسون ، ميسيسيبي.
CASE_0245,1096479,mixed,1,7498259,0.731,0.731,0,ar,كم هو ربح ممرضة مسجلة (RN) في Joplin ، MO؟ في جوبلين ، تحصل الممرضة المسجلة (RN) على ما يقرب من 23.31 دولارًا للساعة في المتوسط. هذا هو 24 ٪ أقل من المعدل الوطني للممرضات المسجلة (RN) وهو 28 دولارًا. أظهر المزيد...
CASE_0245,1096479,mixed,2,7498257,0.6897,0.6897,1,ar,كم تدفع Joplin Health and Rehab؟ تدفع شركة Joplin Health and Rehab لموظفيها ما معدله 14.20 دولارًا في الساعة. يحقق موظفو Joplin Health and Rehab مع المسمى الوظيفي مساعد العلاج المهني المعتمد (COTA) أقصى استفادة بمتوسط ​​سعر للساعة يبلغ 26.02 دولارًا أمريكيًا ، بينما يحصل الموظفون الذين يحملون لقب مس
CASE_0245,1096479,mixed,3,7375774,0.6653,0.6653,0,ar,متوسط ​​راتب المعلم في Joplin R-VIII هو 37،035 دولارًا. لمعرفة كيف تصبح مدرسًا في Joplin R-VIII ، اقرأ مقال كيف تصبح مدرسًا في Missouri. للحصول على معلومات حول متوسط ​​الراتب ، اقرأ مقال متوسط ​​راتب المعلم في ولاية ميسوري. طاقم العمل: 1097. مدرسون متفرغون: 537. نسبة التلاميذ إلى المدرسين: 13 إلى 1.
CASE_0245,1096479,mixed,4,3672259,0.664,0.664,0,ar,راتب ممرضة ميسيسيبي. وفقًا لمسح الرواتب الوطني لعام 2011 الذي أجرته المجلة التي تمت مراجعتها من قبل الزملاء ، Advance for NPs & PAs ، تمتعت الممرضات الممارسين في ولاية ميسيسيبي بواحدة من أكثر الزيادات الدراماتيكية في متوسط ​​الرواتب في البلاد ، من 87000 دولار في عام 2010 إلى 96914 دولارًا في عام 201
CASE_0245,1096479,mixed,5,2483671,0.6616,0.6616,0,ar,متوسط ​​الراتب لممرض ممارس ، والذي تستخدمه ValuePenguin كأساس للتصنيفات ، هو 88،130 دولارًا في الولايات المتحدة اعتبارًا من مايو 2012. ويتراوح متوسط ​​رواتب الممرضات الممارسين على نطاق واسع ، بدءًا من 19،910 دولارًا في سان خوان / كاجواس / غواينابو ، منطقة العاصمة في بورتوريكو إلى 124،600 دولار في مو
CASE_0245,1096479,mixed,6,6391834,0.6584,0.6584,0,ar,اعتبارًا من مايو 2009 ، كشف مكتب إحصاءات العمل أن متوسط ​​الراتب لمقدمي الرعاية الصحية المنزلية كان 9.85 دولارًا في الساعة أو 20،480 دولارًا في السنة ، مع 10 في المائة الأدنى 7.67 دولارًا أو 15،950 دولارًا وأعلى 10 في المائة يكسبون 14.13 دولارًا أو 29390 دولارًا. نوع الصناعة يؤثر على الدخل.
CASE_0245,1096479,mixed,7,8359411,0.6555,0.6555,0,ar,على سبيل المثال ، متوسط ​​الأجر السنوي المتوقع لممرضة موظفين نموذجية - RN - الرعاية المنزلية في الولايات المتحدة هو 75791 دولارًا ، لذلك من المتوقع أن يقوم 50٪ من الأشخاص الذين يؤدون وظيفة ممرضة الموظفين - RN - الرعاية المنزلية في الولايات المتحدة أقل من 75791 دولارًا أمريكيًا. المصدر: بيانات الموار
CASE_0245,1096479,mixed,8,6241912,0.6519,0.6519,0,ar,توقعات الرواتب. حصل مساعدو الصحة المنزلية على راتب متوسط ​​قدره 21،020 دولارًا في عام 2013 ، أو ما يقرب من 10 دولارات في الساعة ، وفقًا لـ BLS. حصل أعلى أجور على حوالي 29،480 دولارًا ، في حين أن أقل أجور حصلوا على حوالي 16،690 دولارًا. في المناطق الحضرية في ووتربري ، كونيتيكت ، أوكلاند ، كاليفورنيا
CASE_0245,1096479,mixed,9,8359413,0.65,0.65,0,ar,على سبيل المثال ، متوسط ​​الأجر السنوي المتوقع لممرضة موظفين نموذجية - RN - الرعاية المنزلية في الولايات المتحدة هو 75791 دولارًا ، لذلك من المتوقع أن يقوم 50٪ من الأشخاص الذين يؤدون وظيفة ممرضة الموظفين - RN - الرعاية المنزلية في الولايات المتحدة أقل من 75791 دولارًا أمريكيًا. النسبة المئوية.
CASE_0245,1096479,mixed,10,6626508,0.6495,0.6495,0,ar,على سبيل المثال ، متوسط ​​الأجر السنوي المتوقع لممرضة موظفين نموذجية - RN - Hospice في الولايات المتحدة هو 68،249 دولارًا ، لذلك من المتوقع أن يكون 50٪ من الأشخاص الذين يؤدون وظيفة ممرضة الموظفين - RN - Hospice في الولايات المتحدة أقل من 68249 دولارًا. المصدر: بيانات الموارد البشرية الواردة حتى 31 م
CASE_0245,1097223,endpoint,1,844002,0.572,0.572,0,ar,123006800 هو رقم التوجيه لآبار أوريغون فارجو. يمكنك أيضًا العثور على رقم التوجيه للولايات الأخرى بالذهاب إلى www.wellsfargo.com وفي الزاوية العلوية للحفر ࢠ€¦ ht في شريط البحث ، اكتب أرقام التوجيه ويجب أن تكون هي النتيجة الأولى. + 4 آخرين وجدوا هذا مفيدًا. ماري كيرك أرتس.
CASE_0245,1097223,endpoint,2,1879405,0.5616,0.5616,0,ar,123006800 هو رقم التوجيه لآبار أوريغون فارجو. يمكنك أيضًا العثور على رقم التوجيه للولايات الأخرى بالذهاب إلى www.wellsfargo.com وفي الزاوية العلوية للحفر ࢠ€¦ ht في شريط البحث ، اكتب أرقام التوجيه ويجب أن تكون هي النتيجة الأولى.
CASE_0245,1097223,endpoint,3,1106924,0.5504,0.5504,0,ar,لقد اتصلت بويلز فارجو وليس لديهم أي فكرة عما أتحدث عنه. اعتدت الحصول على الرمز من زميل في العمل لكنه ترك الشركة منذ ذلك الحين. عملت بشكل جيد عندما كان لدي الرمز. رقم الهاتف هو 1-866-537-4645 ولكني أحتاج إلى رمز للتحقق من الأموال. تحديث: ما 800 #. لا يوجد واحد للآبار فارجو. إذا كان هناك ما هو. التحقق
CASE_0245,1097223,endpoint,4,2007731,0.5503,0.5503,0,ar,رقم أفوجادرو ، وهو عدد الجزيئات في 18 جرامًا من الماء ، هو 602.000.000.000.000.000.000.000 أو 6.02 × 10 23. عند ضرب الأعداد الكبيرة معًا باستخدام التدوين الأسي ، تتم إضافة الأس. على سبيل المثال ، 1000 × 1000 = 1،000،000. أو (1 × 10 3) × (1 × 10 3) = 1 × 10 6.
CASE_0245,1097223,endpoint,5,120854,0.5457,0.5457,0,ar,Argo عبارة عن مجموعة عالمية من 3800 عوامة حرة الانجراف تقيس درجة حرارة وملوحة 2000 متر العلوي من المحيط. يسمح هذا ، لأول مرة ، بالمراقبة المستمرة لدرجة الحرارة والملوحة والسرعة في الجزء العلوي من المحيط ، مع نقل جميع البيانات وإتاحتها للجمهور في غضون ساعات بعد جمعها.
CASE_0245,1097223,endpoint,6,6006807,0.5443,0.5443,0,ar,رقم Armstrong هو رقم مكون من n رقم يساوي مجموع الأس n من أرقامه. هناك تسعة أرقام أرمسترونج من رقم واحد ، وهي 1 €Ââ 9 ؛ لا توجد أرقام أرمسترونج ذات رقمين ؛ وهناك أربعة أرقام أرمسترونج المكونة من ثلاثة أرقام: 153 ، 370 ، 371 ، و 407.
CASE_0245,1097223,endpoint,7,5561985,0.5436,0.5436,0,ar,1 âffà€Âº ، الأبجدية اللاتينية digraph ؛ يتم استخدامه في قواعد الإملاء الإنجليزية لتمثيل نفس الصوت مثل حرف à، وهو ضمد مطبعي. 2 255 (رقم) (سداسي عشري: FF16) ، العدد الطبيعي الذي يلي 254 وما يسبقه 256. فيمتوفاراد (fF) ، 1à'10ࢠÃ'Ë † Ã' € 15 فاراد أو وحدة السعة.
CASE_0245,1097223,endpoint,8,4653607,0.5427,0.5427,0,ar,"""Avogadro هو رقم حاسبة. عدد الجزيئات في مول مادة ما ، حوالي 6.0225 """"10 23"""" يسمى رقم أفوجادرو. رقم أفوجادرو هو عدد الجسيمات الموجودة في مول واحد من مادة ما. إنه عدد الذرات في 12 جرامًا من الكربون -12 بالضبط. تذكر: أمبير واحد = 1 كولوم / ثانية أو أمبير واحد = 1 كولوم."""
CASE_0245,1097223,endpoint,9,3308523,0.542,0.542,0,ar,إذن ، هناك ستة أعشار وأربع مائة وتسعة آلاف وخمسة عشرة. جزء من الألف من الرقم 0.6495. الرقم العشري هو رقم كسري ويشار إليه بالأرقام بعد فترة تسمى الفاصلة العشرية. تحتوي الأجزاء على رقم واحد بعد الفاصلة العشرية.
CASE_0245,1097223,endpoint,10,7507806,0.5417,0.5417,0,ar,SQL> التصريح عن رقم 2 var (6،2) ؛ 3 ابدأ 4 dbms_output.put_line ('-------') ؛ 5 فار: = 65.2 ؛ 6 dbms_output.put_line (lpad (to_char (var، 'FM9999.00')، 7)) ؛ 7 فار: = 165.2 ؛ 8 dbms_output.put_line (lpad (to_char (var، 'FM9999.00')، 7)) ؛ 9 فار: = 3165.2 ؛ 10 dbms_output.put_line (lpad (to_char (var
CASE_0245,1097223,mixed,1,6570149,0.6777,0.6777,0,ar,تتكون أرقام حسابات Wells Fargo من 10 أرقام. يمكن العثور على رقم الحساب في كشف الحساب الخاص بك ، أو على الجانب الأيمن من أرقام التوجيه أسفل الشيكات الخاصة بك.
CASE_0245,1097223,mixed,2,7431837,0.6593,0.6593,1,ar,هناك عشرة أرقام لحساب بنك Wells Fargo. إذا كان الشخص غير متأكد من رقم حسابه ، فيمكنه الاتصال بالبنك للحصول على المساعدة.
CASE_0245,1097223,mixed,3,8377236,0.6474,0.6474,0,ar,تتكون أرقام حسابات Wells Fargo من 10 أرقام. يمكن العثور على رقم الحساب في كشف الحساب الخاص بك ، أو على الجانب الأيمن من أرقام التوجيه في الجزء السفلي من الشيكات الخاصة بك. إذا لم يكن لديك حق الوصول إلى البيان أو الشيك ، فإن أفضل رهان لك هو زيارة أحد المواقع المصرفية القريبة من Wells Fargo.
CASE_0245,1097223,mixed,4,1143259,0.6377,0.6377,0,ar,رقم توجيه Wells Fargo هو تشفير رقم فريد مكون من 9 أرقام للإيداع المصرفي المباشر. رقم التوجيه ضروري لتحديد التحويلات البرقية. تحتاج كل من التحويلات البرقية الدولية أو المحلية إلى رقم توجيه. بعض الولايات (ولا سيما الأكبر منها) لديها أكثر من 1 nubmer للتوجيه.
CASE_0245,1097223,mixed,5,1662647,0.6285,0.6285,0,ar,اعثر على رقم توجيه Wells Fargo الخاص بك رقم توجيه Wells Fargo هو رقم فريد مكون من 9 أرقام لتشفير الإيداع المصرفي المباشر. رقم التوجيه ضروري لتحديد التحويلات البرقية.
CASE_0245,1097223,mixed,6,2087436,0.6275,0.6275,0,ar,رقم توجيه Wells Fargo هو رمز مكون من تسعة أرقام يلعب دورًا أساسيًا في البنك يمكن تأسيسه على الجانب الخلفي من الشيك وهو مختلف تمامًا عن رقم الحساب. يُطلق على رقم التوجيه بدلاً من ذلك رقم العبور أو أرقام ABA أو رموز SWIFT التي يستخدمها العملاء لتحويل الأموال أو الاحتفاظ بالحساب.
CASE_0245,1097223,mixed,7,2995300,0.6274,0.6274,0,ar,ابحث عن رقم توجيه Wells Fargo الخاص بك. رقم توجيه Wells Fargo هو تشفير رقم فريد مكون من 9 أرقام للإيداع المصرفي المباشر. رقم التوجيه ضروري لتحديد التحويلات البرقية. تحتاج كل من التحويلات البرقية الدولية أو المحلية إلى رقم توجيه. بعض الولايات (ولا سيما الأكبر منها) لديها أكثر من 1 nubmer للتوجيه.
CASE_0245,1097223,mixed,8,52660,0.6274,0.6274,0,ar,أصبح العثور على رقم حسابك الآن أسهل من أي وقت مضى. من موقع ويب Wells Fargo ، ما عليك سوى النقر فوق الحساب الذي ترغب في استرداد الأرقام الخاصة به. بمجرد ظهور ملخص الحساب على الشاشة ، انقر فوق آخر أربعة أرقام من رقم الحساب. ستظهر نافذة منبثقة مع الحساب وأرقام التوجيه ، بسيطة مثل 1 ، 2 ، 3! * تحديث إعص
CASE_0245,1097223,mixed,9,6565132,0.6256,0.6256,0,ar,رقم توجيه Wells Fargo هو رمز بنك مكون من 9 أرقام يظهر في الزاوية اليسرى السفلية للشيك الذي رسمه هذا البنك. يستخدم هذا الرمز لإنتاج فرز وتجميع وشحن الشيكات الورقية مرة أخرى للتحقق من حساب الكاتب.
CASE_0245,1097223,mixed,10,4469480,0.6224,0.6224,0,ar,تحديث 2017: أصبح العثور على رقم حسابك الآن أسهل من أي وقت مضى. من موقع ويب Wells Fargo ، ما عليك سوى النقر فوق الحساب الذي ترغب في استرداد الأرقام الخاصة به. بمجرد ظهور ملخص الحساب على الشاشة ، انقر فوق آخر أربعة أرقام من رقم الحساب. ستظهر نافذة منبثقة مع الحساب وأرقام التوجيه ، بسيطة مثل 1 ، 2 ، 3!
CASE_0245,1098510,endpoint,1,8292564,0.6412,0.6412,0,ar,أفضل إجابة: يكون وقت تنظيف الأسلاك المنزلية عمومًا أقل من دقيقتين ، ولكن العوامل التي تؤثر على الوقت هي. 1) ما هو الوقت الذي يستغرقه البنك الأصلي لإرساله. 2) هل يرسلونه عبر نظام الاحتياطي الفيدرالي أو يستخدمون البنوك المراسلة.
CASE_0245,1098510,endpoint,2,8712248,0.6332,0.6332,0,ar,اعتمادًا على الوقت من اليوم وعدد الرحلات الدولية التي تهبط في نفس الوقت تقريبًا ، يمكن أن تكون خطوط المعالجة طويلة. اسمح بساعتين على الأقل للمطالبة بالأمتعة وتخليص الجمارك والخضوع للفحص الأمني ​​والوصول إلى البوابة التالية.
CASE_0245,1098510,endpoint,3,3907299,0.6299,0.6299,0,ar,التصنيف الأحدث الأقدم. أفضل إجابة: يكون وقت تنظيف الأسلاك المنزلية عمومًا أقل من دقيقتين ، ولكن العوامل التي تؤثر على الوقت هي. 1) ما هو الوقت الذي يستغرقه البنك الأصلي لإرساله. 2) هل يرسلونه عبر نظام الاحتياطي الفيدرالي أو يستخدمون البنوك المراسلة.
CASE_0245,1098510,endpoint,4,5569895,0.6142,0.6142,0,ar,بلغ عن سوء معاملة. يعتمد ذلك على كيفية تحويل الأموال. إذا كنت تستخدم حوالة مصرفية ، فقد يستغرق الأمر ما يصل إلى 3-5 أيام عمل (لا يشمل ذلك عطلات نهاية الأسبوع والعطلات الرسمية). في معظم الحالات ، يمكن أن تستغرق الأسلاك المحلية (داخل الولايات المتحدة) من 24 إلى 28 ساعة ، لكن الإفصاحات تشير إلى 3-5 أيا
CASE_0245,1098510,endpoint,5,5569892,0.6065,0.6065,0,ar,يعتمد ذلك على كيفية تحويل الأموال. إذا كنت تستخدم حوالة مصرفية ، فقد يستغرق الأمر ما يصل إلى 3-5 أيام عمل (لا يشمل ذلك عطلات نهاية الأسبوع والعطلات الرسمية). في معظم الحالات ، يمكن أن تستغرق الأسلاك المحلية (داخل الولايات المتحدة) من 24 إلى 28 ساعة ، لكن الإفصاحات تشير إلى 3-5 أيام عمل في حالة حدوث
CASE_0245,1098510,endpoint,6,1789791,0.6041,0.6041,0,ar,ذلك يعتمد على المسافة. لا تعطي الخدمة الدولية لحزمة USPS First Class إطارًا زمنيًا محددًا ولكن الأولوية للبريد الدولي (وهي درجة واحدة فوق هذه الخدمة) تستغرق من 6 إلى 10 أيام عمل. أفترض بعد ذلك أن الأمر سيستغرق أكثر من 7 أيام عمل. استشر خدمات البريد الدولية للحصول على مزيد من المعلومات.
CASE_0245,1098510,endpoint,7,5567182,0.6036,0.6036,0,ar,أرسل حوالات دولية من أي مكان يمكنك فيه تسجيل الدخول إلى الخدمات المصرفية عبر الإنترنت. 1 تصل الأسلاك الدولية عمومًا إلى البنك المتلقي في غضون يومي عمل إذا تم إرسالها بحلول الساعة 5 مساءً. ET. 2 الأسلاك الدولية متاحة لأكثر من 200 دولة. 3 إرسال السلك آمن ومريح.
CASE_0245,1098510,endpoint,8,5567179,0.6035,0.6035,0,ar,أرسل حوالات دولية من أي مكان يمكنك فيه تسجيل الدخول إلى الخدمات المصرفية عبر الإنترنت. 1 تصل الأسلاك الدولية عمومًا إلى البنك المتلقي في غضون يومي عمل إذا تم إرسالها بحلول الساعة 5 مساءً. 2 الأسلاك الدولية متاحة لأكثر من 200 دولة. 3 إرسال السلك آمن ومريح.
CASE_0245,1098510,endpoint,9,3348390,0.6027,0.6027,0,ar,يعالج مركز خدمة الإنترنت في نيويورك ، أو مركز الخدمة الدولية ، معظم الرسائل والحزم الدولية الواردة بسرعة ، ويصدرها في غضون ثلاثة أيام. خلال الأوقات المزدحمة ، مثل موسم العطلات الشتوية ، تستغرق العناصر ما يصل إلى 10 أيام للتنقل عبر المنشأة.
CASE_0245,1098510,endpoint,10,7985629,0.6022,0.6022,0,ar,علاج الأوقات والمتانة. مثلما يختلف تكوين السدادات الخارجية ، تختلف أوقات علاجها أيضًا. بشكل عام ، يمكن طلاء منتجات اللاتكس بعد ساعة إلى أربع ساعات من التطبيق ، ولكن يستغرق العلاج حوالي يوم. تستغرق السيليكونات والسيليكونات المعدلة بين عشية وضحاها ويومين ، بينما تحتاج البولي يوريثان من ثلاثة إلى عشرة
CASE_0245,1098510,mixed,1,5569892,0.7095,0.7095,0,ar,يعتمد ذلك على كيفية تحويل الأموال. إذا كنت تستخدم حوالة مصرفية ، فقد يستغرق الأمر ما يصل إلى 3-5 أيام عمل (لا يشمل ذلك عطلات نهاية الأسبوع والعطلات الرسمية). في معظم الحالات ، يمكن أن تستغرق الأسلاك المحلية (داخل الولايات المتحدة) من 24 إلى 28 ساعة ، لكن الإفصاحات تشير إلى 3-5 أيام عمل في حالة حدوث
CASE_0245,1098510,mixed,2,7333284,0.706,0.706,1,ar,مرحبًا ، Deja وشكرًا لإسقاط TD Helps بسؤالك اليوم. بالنسبة للتحويلات البنكية المحلية ، يجب استلام الأموال في غضون 24 ساعة عمل. بالنسبة إلى الحوالات المصرفية الدولية ، قد يستغرق استلامها من 3 إلى 5 أيام عمل. نقوم دائمًا بنشر جميع التحويلات الواردة في يوم تلقيها المصرفي. يمكن استلام الحوالات المصرفية
CASE_0245,1098510,mixed,3,5569895,0.7044,0.7044,0,ar,بلغ عن سوء معاملة. يعتمد ذلك على كيفية تحويل الأموال. إذا كنت تستخدم حوالة مصرفية ، فقد يستغرق الأمر ما يصل إلى 3-5 أيام عمل (لا يشمل ذلك عطلات نهاية الأسبوع والعطلات الرسمية). في معظم الحالات ، يمكن أن تستغرق الأسلاك المحلية (داخل الولايات المتحدة) من 24 إلى 28 ساعة ، لكن الإفصاحات تشير إلى 3-5 أيا
CASE_0245,1098510,mixed,4,6373963,0.6961,0.6961,0,ar,إذا فاتك الموعد النهائي في نفس اليوم ، فسيصل التحويل عادةً في اليوم التالي. قد تستغرق معالجة المعاملات البرقية الدولية ما يصل إلى 15 يومًا ، ولكن غالبًا ما يتلقاها الأشخاص في وقت أقرب. عندما يكون الوقت جوهريًا ، يكون مقدم الخدمة المتخصص للتحويلات الدولية ، مثل Western Union ، بديلاً.
CASE_0245,1098510,mixed,5,8712248,0.6941,0.6941,0,ar,اعتمادًا على الوقت من اليوم وعدد الرحلات الدولية التي تهبط في نفس الوقت تقريبًا ، يمكن أن تكون خطوط المعالجة طويلة. اسمح بساعتين على الأقل للمطالبة بالأمتعة وتخليص الجمارك والخضوع للفحص الأمني ​​والوصول إلى البوابة التالية.
CASE_0245,1098510,mixed,6,1934504,0.6874,0.6874,0,ar,لكن التحويلات البرقية الدولية قد تستغرق وقتًا أطول. إذا كنت ترسل الأموال إلى بلد آخر ، فقد يستغرق الأمر ما يصل إلى خمسة أيام حتى يتلقى المستلم أمواله. لمعرفة بالضبط المدة التي ستستغرقها لتلقي الأموال من التحويل البنكي ، ستحتاج إلى مراجعة البنك أو الاتحاد الائتماني الذي تتعامل معه .
CASE_0245,1098510,mixed,7,7333286,0.6874,0.6874,0,ar,اعتمادًا على نوع السلك ، في أي مكان من لحظة إلى يومين. يتم الانتهاء من معظم التحويلات البرقية المحلية في غضون ساعات ، في حين أن التحويلات البرقية الدولية يمكن أن تستغرق يومًا أو يومين اعتمادًا على البلدين حيث تم إجراء التحويل البنكي من وإلى المكان الذي يتم إرساله إليه.
CASE_0245,1098510,mixed,8,5686599,0.6842,0.6842,0,ar,تعتمد الإجابة على هذا السؤال بشكل كبير على البنك الذي تستخدمه وأين ترسل الأموال إليه (ومنه). تميل التحويلات بين البلدان المتقدمة إلى أن تكون سريعة نسبيًا مقارنة بالتحويلات إلى الدول النامية أو بينها. اقرأ أدناه للحصول على مزيد من التفاصيل ، بما في ذلك طرق تسريع عملك. الإجابة المختصرة هي أن التحويل ا
CASE_0245,1098510,mixed,9,3039850,0.6815,0.6815,0,ar,كيف يمكنني تتبع حوالة مصرفية دولية بين الحسابات المصرفية ، إذا كنت لا أعمل في أحد البنوك ولكن لدي نسخة من التحويل البنكي / SWIFT؟ كم من الوقت سيستغرق وصول التحويل الإلكتروني الدولي إلى حسابي المصرفي في SBI India؟
CASE_0245,1098510,mixed,10,3201218,0.6792,0.6792,0,ar,ما هي المدة التي تستغرقها التحويلات البنكية؟ عادة ما تحدث عمليات النقل بسرعة. قد تستغرق التحويلات الإلكترونية عبر خدمة تحويل الأموال غير المصرفية عدة دقائق فقط. بشكل عام ، يمكن أن تستغرق التحويلات البنكية بضعة أيام. يمكن إتمام العديد من التحويلات البرقية المحلية في غضون 24 ساعة (خاصة إذا حدثت التحوي
CASE_0245,231109,endpoint,1,8414887,0.6983,0.6983,0,ar,رد من Dinah S | ممثل الملكية |. يقع Hilton Garden Inn Denver Tech Center على بعد 19.2 كم جنوب وسط المدينة ومركز المؤتمرات في جنوب شرق دنفر. يبعد فندق Hilton Garden Inn DTC مسافة 35 ميلاً عن المطار.
CASE_0245,231109,endpoint,2,7542307,0.6832,0.6832,0,ar,يوفر فندق حياة ريجنسي دنفر موقعًا متميزًا في وسط المدينة بجوار مركز المؤتمرات وعلى بُعد مبنى واحد من مول 16 ستريت.
CASE_0245,231109,endpoint,3,5112840,0.6748,0.6748,0,ar,المسافة بين مطار دنفر ومركز المؤتمرات 26 ميل. يستغرق السفر من مطار دنفر ومركز المؤتمرات 35 دقيقة. انقر أدناه لمشاهدة خريطة من مطار دنفر إلى مركز المؤتمرات! * قد تختلف الأجرة الفعلية باختلاف حركة المرور وظروف الطريق وما إلى ذلك.
CASE_0245,231109,endpoint,4,4606485,0.6579,0.6579,0,ar,يقع مركز مؤتمرات كولورادو على بعد 600 متر من فندق شيراتون داون تاون دنفر ، في حين يقع مركز بيبسي على بعد 1.8 كم. يعتبر مطار دنفر الدولي المطار الأقرب لمكان الإقامة ، حيث يقع على بعد 29 كم. هذه المنطقة المفضلة من دنفر لدى ضيوفنا بناءً على التقييمات المستقلة.
CASE_0245,231109,endpoint,5,4436862,0.6566,0.6566,0,ar,فندق مركز المؤتمرات في دنفر. يقع فندق حياة ريجنسي دنفر في قلب وسط مدينة دنفر بالقرب من مول شارع 16 مع سهولة الوصول إلى مجموعة رائعة من الفنون والترفيه. يوفر فندق مركز المؤتمرات في كولورادو أماكن إقامة ترحيبية وخدمة شخصية ومجموعة واسعة من وسائل الراحة ، مما يجعل إقامتك منتجة وممتعة.
CASE_0245,231109,endpoint,6,5112837,0.6417,0.6417,0,ar,يستغرق السفر من مطار دنفر ومركز المؤتمرات 35 دقيقة. انقر أدناه لمشاهدة خريطة من مطار دنفر إلى مركز المؤتمرات! * قد تختلف الأجرة الفعلية باختلاف حركة المرور وظروف الطريق وما إلى ذلك. وعادة ما تكون الرسوم المدفوعة مسبقًا من المطار ومحطة السكك الحديدية وما إلى ذلك أعلى.
CASE_0245,231109,endpoint,7,8414889,0.6356,0.6356,0,ar,يقدم فندق Hilton Garden Inn Denver Tech Center ما يفوق توقعاتك. يقع بشكل استثنائي في قلب مركز دنفر للتكنولوجيا ، قبالة I-25 ومخرج بيلفيو ، ويتميز بمدخل رائع ولوبي ، و 180 غرفة وجناحًا أنيقًا وأكثر من 6000 قدم مربع من مساحة المؤتمرات والمآدب.
CASE_0245,231109,endpoint,8,7623263,0.6318,0.6318,0,ar,استمتع بموقعنا المركزي بين 16th Street Mall و 14th Street Streetscape في فندق Hilton Garden Inn Denver Downtown. يقع فندقنا في وسط مدينة دنفر بجوار مركز مؤتمرات كولورادو ، ويُعد قاعدة منزلية مثالية أثناء حضور مؤتمر أو معرض. استقل حافلة النقل المجانية من شارع 16 إلى مركز بيبسي وملعب كوورز ومناطق الجذ
CASE_0245,231109,endpoint,9,1803198,0.6237,0.6237,0,ar,جراند حياة DFW. يقع على بعد 0.5 أميال من مطار دالاس فورت وورث الدولي DFW. المزيد من معلومات الفندق وحجوزات الحجز. حدد المسافة بين Grand Hyatt DFW ومطار دالاس فورت وورث الدولي DFW.
CASE_0245,231109,endpoint,10,5320761,0.6191,0.6191,0,ar,يقع الفندق على بعد 10.4 كم من مركز مؤتمرات أورلاندو ، في حين تقع يونيفرسال ستوديوز على بعد 11.4 كم. يقع SeaWorld على بعد 11 كم من فندق ومركز مؤتمرات فلوريدا. تحتوي هذه المنشأة أيضًا على أحد المواقع الأعلى تصنيفًا في أورلاندو! الضيوف أكثر سعادة به مقارنة بالممتلكات الأخرى في المنطقة.
CASE_0245,231109,mixed,1,8414887,0.7354,0.7354,0,ar,رد من Dinah S | ممثل الملكية |. يقع Hilton Garden Inn Denver Tech Center على بعد 19.2 كم جنوب وسط المدينة ومركز المؤتمرات في جنوب شرق دنفر. يبعد فندق Hilton Garden Inn DTC مسافة 35 ميلاً عن المطار.
CASE_0245,231109,mixed,2,7542305,0.6803,0.6803,1,ar,المنطقة: المطار المفضل لـ Hyatt Regency Denver at Colorado Convention Center هو Denver ، CO (DEN- مطار دنفر الدولي) - 29.8 كم / 18.5 ميل. تُحسب المسافات في خط مستقيم من موقع العقار إلى نقطة الاهتمام أو المطار وقد لا تعكس مسافة السفر الفعلية. \\\\ن.
CASE_0245,231109,mixed,3,4606485,0.6751,0.6751,0,ar,يقع مركز مؤتمرات كولورادو على بعد 600 متر من فندق شيراتون داون تاون دنفر ، في حين يقع مركز بيبسي على بعد 1.8 كم. يعتبر مطار دنفر الدولي المطار الأقرب لمكان الإقامة ، حيث يقع على بعد 29 كم. هذه المنطقة المفضلة من دنفر لدى ضيوفنا بناءً على التقييمات المستقلة.
CASE_0245,231109,mixed,4,8414889,0.6742,0.6742,0,ar,يقدم فندق Hilton Garden Inn Denver Tech Center ما يفوق توقعاتك. يقع بشكل استثنائي في قلب مركز دنفر للتكنولوجيا ، قبالة I-25 ومخرج بيلفيو ، ويتميز بمدخل رائع ولوبي ، و 180 غرفة وجناحًا أنيقًا وأكثر من 6000 قدم مربع من مساحة المؤتمرات والمآدب.
CASE_0245,231109,mixed,5,5112840,0.6632,0.6632,0,ar,المسافة بين مطار دنفر ومركز المؤتمرات 26 ميل. يستغرق السفر من مطار دنفر ومركز المؤتمرات 35 دقيقة. انقر أدناه لمشاهدة خريطة من مطار دنفر إلى مركز المؤتمرات! * قد تختلف الأجرة الفعلية باختلاف حركة المرور وظروف الطريق وما إلى ذلك.
CASE_0245,231109,mixed,6,7623263,0.6602,0.6602,0,ar,استمتع بموقعنا المركزي بين 16th Street Mall و 14th Street Streetscape في فندق Hilton Garden Inn Denver Downtown. يقع فندقنا في وسط مدينة دنفر بجوار مركز مؤتمرات كولورادو ، ويُعد قاعدة منزلية مثالية أثناء حضور مؤتمر أو معرض. استقل حافلة النقل المجانية من شارع 16 إلى مركز بيبسي وملعب كوورز ومناطق الجذ
CASE_0245,231109,mixed,7,4188717,0.6592,0.6592,0,ar,(عرض على الخريطة) 1 فندق شيراتون دنفر داون تاون (0.18 أميال) 2 فنادق فانتاج (0.22 ميل) 3 كراون بلازا دنفر (0.23 ميل) Hyatt Regency Denver at Colorado Convention Center (0.53 ميل) Hilton Garden Inn - Denver Cherry Creek (0.53 ميل) ميل) هوليداي إن آند سويتس مطار دنفر (0.53 ميل) فندق وسبا براون بالاس (
CASE_0245,231109,mixed,8,8414895,0.6468,0.6468,0,ar,لمحة سريعة. تمتع بإقامة مريحة في فندق Denver Tech Center. يقع فندق Hilton Garden Inn Denver Tech Center في قلب مركز دنفر للتكنولوجيا ، قبالة الطريق السريع 25 مباشرةً عند مخرج بيلفيو ، ويوفر موقعًا مثاليًا للمسافرين من رجال الأعمال والمصطافين.
CASE_0245,231109,mixed,9,3124802,0.644,0.644,0,ar,يقع مركز مؤتمرات واشنطن على بعد 2.5 كم من فندق Dupont Circle. يقع National Mall على بعد 3 كم ، في حين يقع مركز JFK للفنون المسرحية على بعد 3 كم من الفندق. هذه المنطقة المفضلة من واشنطن العاصمة لدى ضيوفنا بناءً على التقييمات المستقلة.
CASE_0245,231109,mixed,10,3653935,0.6401,0.6401,0,ar,15 دقيقة من المطار. يقع Hyatt Place Denver Airport قبالة الطريق السريع I-70 وعلى مسافة قصيرة بالسيارة من I-225 في Aurora ، على بعد 12 ميلاً (19.3 كم) شرق وسط مدينة دنفر. يقع مطار دنفر على بعد 15 دقيقة بالحافلة المكوكية المجانية. المنطقة المحلية لديها خيار من المطاعم الجيدة على بعد مسافة سير.
CASE_0245,250636,endpoint,1,6405974,0.6349,0.6349,0,ar,سيستفيد عداء 10K من الجري لمسافة 8 أميال و 10 أميال وحتى 14 ميلاً أو أكثر. سوف يستفيد عداء 5K من الجري لمسافة 6 أميال و 8 أميال وما يصل إلى 12 ميلًا أو نحو ذلك. تم التأكيد على المدى الطويل باعتباره لبنة بناء التدريب لأكثر من 30 عامًا. لقد جعله آرثر ليديارد والعديد من الأشخاص الآخرين المكون الأساسي ل
CASE_0245,250636,endpoint,2,5682668,0.6135,0.6135,0,ar,إذا نظرت إلى نتائج أي سباق محلي 10 كيلومترات ، فستجد متوسط ​​الوقت عادة ما بين 60 إلى 65 دقيقة ، لكنني أقول إن غالبية هؤلاء الأشخاص ليسوا عدائين عاديين ، مما يعني أنهم لا يركضون 5 أو 6 أيام من الأسبوع وإذا قاموا بعدد الأميال ، فمن المحتمل ألا يتجاوز 20 أسبوعًا. سيحدد عداء متوسط ​​على أنه شخص يركض من
CASE_0245,250636,endpoint,3,5173932,0.607,0.607,0,ar,يتراوح طول الكاردينال من 8 إلى 9 بوصات ويبلغ طول جناحيه 10 1/2 إلى 12 بوصة.
CASE_0245,250636,endpoint,4,5682663,0.6067,0.6067,0,ar,كم من الوقت سيستغرق سباق 10 كيلومترات لعداء يبلغ متوسط ​​سرعته 125 مترًا في الدقيقة؟ إذا كان هناك 1000 متر في الكيلومتر وسافر العداء 125 مترًا في الدقيقة ، فهذا يعني أن العداء يمكنه السفر كيلومترًا واحدًا في 8 دقائق (1000/125 = 8). سيجري العداء 10 كيلومترات ، وسيستغرق الأمر (10 * 8) أو 80 دقيقة لإنه
CASE_0245,250636,endpoint,5,7778466,0.6059,0.6059,0,ar,يبلغ طول عداء الطريق حوالي 52 سم - 62 سم ​​(20 × 24 بوصة) ، ويبلغ طوله 43 سم - 61 سم ( 17 بوصة (24 بوصة) جناحيها ويزن 221 × 538 جم (7.8 × 19.0 أونصة). يبلغ ارتفاعه حوالي 25 قدمًا و 30 سم (9.8 قدمًا 11.8 بوصة) وهو أكبر الوقواق في الأمريكتين.
CASE_0245,250636,endpoint,6,1881526,0.6026,0.6026,0,ar,سيستفيد عداء 10K من الجري لمسافة 8 أميال و 10 أميال وحتى 14 ميلاً أو أكثر. سوف يستفيد عداء 5K من الجري لمسافة 6 أميال و 8 أميال وما يصل إلى 12 ميلًا أو نحو ذلك. تم التأكيد على المدى الطويل باعتباره لبنة بناء التدريب لأكثر من 30 عامًا.
CASE_0245,250636,endpoint,7,5321682,0.5944,0.5944,0,ar,يبلغ طول عداء الطريق حوالي 52 سم - 62 سم ​​(20 × 24 بوصة) ، ويبلغ طوله 43 سم - 61 سم ( 17 بوصة (24 بوصة) جناحيها ويزن 221 × 538 جم (7.8 × 19.0 أونصة). يبلغ ارتفاعه حوالي 25 قدمًا و 30 سم (9.8 قدمًا 11.8 بوصة) وهو أكبر الوقواق في الأمريكتين. البالغ لديه قمة كثيفة ومنقار طويل وسميك داكن.
CASE_0245,250636,endpoint,8,385697,0.5875,0.5875,0,ar,سباق 10 كيلومترات أو 10 كيلومترات يترجم إلى 6.2 ميل. يبدأ العديد من العدائين بسباق 5 كيلومترات ، ثم يتقدمون إلى حلبة سباق 10 كيلومترات. بالنسبة لأولئك الذين يصلون إلى مستوى التحدي ، سيتأرجح متوسط ​​وقت الجري 10 آلاف بناءً على مستوى اللياقة البدنية والعمر والجنس ، وبمجرد اكتمال تحدي 5 كيلومترات ، ينت
CASE_0245,250636,endpoint,9,4466518,0.5843,0.5843,0,ar,وفقًا لـ Jacobsen Rugs ، هناك ميل طفيف لزيادة عرض العداء مع زيادة طول العداء .. تلاحظ الشركة أيضًا أنه من الشائع تثبيت عداء لا يقل عرضه عن 32 بوصة إذا كان طول العداء نفسه من 18 إلى 20 قدمًا .
CASE_0245,250636,endpoint,10,1597750,0.584,0.584,0,ar,في صيغته ، العداء الذي يقطع 40 ميلاً أسبوعياً سيقطع مسافة طويلة من 8 إلى 10 أميال ؛ عداء بمتوسط ​​80 ميلا في الأسبوع سيقطع 16 إلى 20 ميلا. تعمل هذه الإرشادات على توسيع نطاق التشغيل إلى مستوى قدرتك الحالي وحمل التدريب.
CASE_0245,250636,mixed,1,5682668,0.7263,0.7263,0,ar,إذا نظرت إلى نتائج أي سباق محلي 10 كيلومترات ، فستجد متوسط ​​الوقت عادة ما بين 60 إلى 65 دقيقة ، لكنني أقول إن غالبية هؤلاء الأشخاص ليسوا عدائين عاديين ، مما يعني أنهم لا يركضون 5 أو 6 أيام من الأسبوع وإذا قاموا بعدد الأميال ، فمن المحتمل ألا يتجاوز 20 أسبوعًا. سيحدد عداء متوسط ​​على أنه شخص يركض من
CASE_0245,250636,mixed,2,7397316,0.7107,0.7107,1,ar,متوسط ​​الوقت. متوسط ​​الوقت الذي يستغرقه المتسابقون لإكمال سباق 10 كيلومترات يقع بشكل عام بين 50 و 70 دقيقة. كان متوسط ​​الوقت للمتسابقين الأمريكيين 10K في عام 2012 55:52 للرجال و 1:04:37 للسيدات ، وفقًا لـ Running USA. تتطلب النهاية 1:02 في سباق 10 كيلومترات ، على سبيل المثال ، سرعة 10 دقائق لكل م
CASE_0245,250636,mixed,3,7397317,0.707,0.707,0,ar,متوسط ​​الوقت الذي يستغرقه المتسابقون لإكمال سباق 10 كيلومترات يقع بشكل عام بين 50 و 70 دقيقة. متوسط ​​الوقت للمتسابقين الأمريكيين 10K في عام 2012 كان 55:52 للرجال و 1:04:37 للسيدات ، وفقًا لـ Running USA ، على سبيل المثال ، تتطلب النهاية 1:02 في سباق 10K سرعة 10 دقائق لكل ميل يمكن للعدائين الذين يت
CASE_0245,250636,mixed,4,4585399,0.6884,0.6884,0,ar,متوسط ​​الوقت. متوسط ​​الوقت الذي يستغرقه المتسابقون لإكمال سباق 10 كيلومترات يقع بشكل عام بين 50 و 70 دقيقة. كان متوسط ​​الوقت للمتسابقين الأمريكيين 10K في عام 2012 55:52 للرجال و 1:04:37 للسيدات ، وفقًا لـ Running USA. تتطلب النهاية 1:02 في سباق 10 كيلومترات ، على سبيل المثال ، سرعة 10 دقائق لكل م
CASE_0245,250636,mixed,5,5682663,0.6865,0.6865,0,ar,كم من الوقت سيستغرق سباق 10 كيلومترات لعداء يبلغ متوسط ​​سرعته 125 مترًا في الدقيقة؟ إذا كان هناك 1000 متر في الكيلومتر وسافر العداء 125 مترًا في الدقيقة ، فهذا يعني أن العداء يمكنه السفر كيلومترًا واحدًا في 8 دقائق (1000/125 = 8). سيجري العداء 10 كيلومترات ، وسيستغرق الأمر (10 * 8) أو 80 دقيقة لإنه
CASE_0245,250636,mixed,6,4585400,0.6863,0.6863,0,ar,متوسط ​​الوقت الذي يستغرقه المتسابقون لإكمال سباق 10 كيلومترات يقع بشكل عام بين 50 و 70 دقيقة. متوسط ​​الوقت للمتسابقين الأمريكيين 10K في عام 2012 كان 55:52 للرجال و 1:04:37 للسيدات ، وفقًا لـ Running USA ، على سبيل المثال ، تتطلب النهاية 1:02 في سباق 10K سرعة 10 دقائق لكل ميل يمكن للعدائين الذين يت
CASE_0245,250636,mixed,7,385696,0.6821,0.6821,0,ar,متوسط ​​الوقت الذي يستغرقه المتسابقون لإكمال سباق 10 كيلومترات يقع بشكل عام بين 50 و 70 دقيقة. متوسط ​​الوقت للمتسابقين الأمريكيين 10K في عام 2012 كان 55:52 للرجال و 1:04:37 للسيدات ، وفقًا لـ Running USA ، على سبيل المثال ، تتطلب النهاية 1:02 في سباق 10K سرعة 10 دقائق لكل ميل يمكن للعدائين الذين يت
CASE_0245,250636,mixed,8,4764405,0.6821,0.6821,0,ar,سباق 10 كيلومترات أو 10 كيلومترات يترجم إلى 6.2 ميل. يبدأ العديد من العدائين بسباق 5 كيلومترات ، ثم يتقدمون إلى حلبة سباق 10 كيلومترات. بالنسبة لأولئك الذين يواجهون التحدي ، سيتقلب متوسط ​​وقت الجري 10 آلاف بناءً على مستوى اللياقة البدنية والعمر والجنس.وش كلارك من Cool Running يقول إن الرجل الذي يتم
CASE_0245,250636,mixed,9,6360177,0.6782,0.6782,0,ar,متوسط ​​الوقت الذي يستغرقه المتسابقون لإكمال سباق 10 كيلومترات يقع بشكل عام بين 50 و 70 دقيقة. متوسط ​​الوقت للمتسابقين الأمريكيين 10K في عام 2012 كان 55:52 للرجال و 1:04:37 للسيدات ، وفقًا لـ Running USA ، على سبيل المثال ، تتطلب النهاية 1:02 في سباق 10K سرعة 10 دقائق لكل ميل يمكن للعدائين الذين يت
CASE_0245,250636,mixed,10,4585402,0.6781,0.6781,0,ar,مسافة 10 كيلومترات يبلغ طولها 6.2 ميل. إن معدل سرعة 10K الخاص بك فردي للغاية وينتج عن مستوى لياقتك وتاريخك التدريبي والتركيب الجيني وقدرتك الرياضية الفطرية. سرعة الميل بعشر دقائق هي هدف واقعي إذا كنت عداءًا مبتدئًا وكنت تتدرب لفترة من الوقت. إذا تمكنت من الجري لمسافة ميل في عشر دقائق ، فقد تتمكن من
CASE_0245,300312,endpoint,1,6618368,0.7423,0.7423,0,ar,ملاءمة. التصنيف الأحدث الأقدم. أفضل إجابة: لقد عدت عدد الكلمات في مقال نموذجي لي ، وكانوا يقاربون أربعمائة كلمة عند تباعدها عن بعضها ، وحوالي ثمانمائة عندما تكون متباعدة. إذاً ، فثلاث صفحات تحتوي على مسافة مزدوجة ، حوالي 1200 كلمة ، وثلاث صفحات بمسافة واحدة حوالي 2400 كلمة. لكن ربما يجب أن تخطط لكتا
CASE_0245,300312,endpoint,2,777037,0.7379,0.7379,0,ar,1 25000 كلمة في 50 صفحة متباعدة عن بعضها ، و 100 صفحة متباعدة. 2 30000 كلمة 60 صفحة متباعدة ، 120 صفحة متباعدة. 3 40000 كلمة هي 80 صفحة متباعدة ، 160 صفحة متباعدة. 50000 كلمة هي 100 صفحة متباعدة ، 200 صفحة متباعدة.
CASE_0245,300312,endpoint,3,4406069,0.7361,0.7361,0,ar,500 كلمة في صفحة واحدة متباعدة ، صفحتان متباعدتان. 1000 كلمة هي صفحتان متباعدتان عن بعضهما البعض و 4 صفحات متباعدة عن بعضها البعض. 1500 كلمة هي 3 صفحات متباعدة ، 6 صفحات متباعدة. 2000 كلمة هي 4 صفحات متباعدة ، 8 صفحات متباعدة.
CASE_0245,300312,endpoint,4,24187,0.7337,0.7337,0,ar,استخدم المعلومات الواردة أدناه كمرجع عام ، ولكن لا تفترض أنها ستكون كذلك في جميع الأوقات. 1500 كلمة في صفحة واحدة متباعدة ، صفحتان متباعدتان. 1000 كلمة هي صفحتان متباعدتان عن بعضهما البعض و 4 صفحات متباعدة عن بعضها البعض.
CASE_0245,300312,endpoint,5,777041,0.7315,0.7315,0,ar,1 4000 كلمة هي 8 صفحات متباعدة ، 16 صفحة متباعدة. 2 5000 كلمة عبارة عن 10 صفحات متباعدة ، 20 صفحة متباعدة. 3 7500 كلمة عبارة عن 15 صفحة متباعدة ، 30 صفحة متباعدة. 10000 كلمة هي 20 صفحة متباعدة ، 40 صفحة متباعدة.
CASE_0245,300312,endpoint,6,777039,0.7296,0.7296,0,ar,2000 كلمة تتكون من 4 صفحات بمسافة واحدة ، و 8 صفحات ذات تباعد مزدوج. 2 2500 كلمة في 5 صفحات متباعدة ، 10 صفحات متباعدة. 3 3000 كلمة تتكون من 6 صفحات بمسافة واحدة ، و 12 صفحة متباعدة. 4000 كلمة هي 8 صفحات متباعدة ، 16 صفحة متباعدة.
CASE_0245,300312,endpoint,7,8335957,0.7266,0.7266,0,ar,يُطلب مني عادةً إنشاء نص بعدد كلمات معين ، ما زلت أضيع أحيانًا. لذلك أخذت صفحة من نص عادي مع القليل من التنسيق والإحصاءات هي Ã'. فقط لكي تضع في اعتبارك ، فإن متوسط ​​الصفحة الواحدة المتباعدة تحتوي عادة على حوالي 3000 حرف أو 500 كلمة. اعتمادًا على تنسيق النص ، قد يتضمن عدد كلمات الصفحة من 200 (طباعة
CASE_0245,300312,endpoint,8,8805371,0.7257,0.7257,0,ar,كم عدد الصفحات. القائمة أدناه تقريبية ، وستختلف الصفحات الفعلية اعتمادًا على عدد من العوامل المذكورة سابقًا في هذه المقالة. استخدم المعلومات الواردة أدناه كمرجع عام ، ولكن لا تفترض أنها ستكون كذلك في جميع الأوقات. 500 كلمة في صفحة واحدة متباعدة ، صفحتان متباعدتان. 1000 كلمة هي صفحتان متباعدتان عن بع
CASE_0245,300312,endpoint,9,5989055,0.7215,0.7215,0,ar,هذا يعتمد على عدد الكلمات التي تحتاجها. تحتوي صفحة واحدة متباعدة على 550 كلمة ، وصفحة واحدة ذات تباعد مزدوج بها 275 كلمة. لدينا آلة حاسبة ستحسب السعر من أجلك. يجب عليك فقط تحديد عدد الصفحات لجسم مقالتك. يتم توفير صفحات العنوان والمراجع مجانًا.
CASE_0245,300312,endpoint,10,7422923,0.7214,0.7214,0,ar,450 كلمة مكتوبة بطريقة متباعدة يجب أن تشغل صفحة واحدة فقط. هذا إذا كان حجم الخط 14 أو أصغر.
CASE_0245,300312,mixed,1,3175026,0.7311,0.7311,0,ar,جواب سريع. يختلف عدد الكلمات في الصفحة ذات المسافات المزدوجة وفقًا لعدد من العوامل ، بما في ذلك الهوامش والخط. في المتوسط ​​، يوجد حوالي 275 كلمة في الصفحة ذات المسافات المزدوجة. يفترض هذا هوامش 1 بوصة ، وحجم خط 12 نقطة ، وخط Arial ، وحجم صفحة 8.5 × 11 بوصة. أكمل القراءة.
CASE_0245,300312,mixed,2,7343719,0.7306,0.7306,1,ar,جواب سريع. يختلف عدد الكلمات في الصفحة ذات المسافات المزدوجة وفقًا لعدد من العوامل ، بما في ذلك الهوامش والخط. في المتوسط ​​، يوجد حوالي 275 كلمة في الصفحة ذات المسافات المزدوجة. يفترض هذا هوامش 1 بوصة ، وحجم خط 12 نقطة ، وخط Arial ، وحجم صفحة 8.5 × 11 بوصة.
CASE_0245,300312,mixed,3,6716398,0.7258,0.7258,0,ar,يختلف عدد الكلمات في الصفحة ذات المسافات المزدوجة وفقًا لعدد من العوامل ، بما في ذلك الهوامش والخط. في المتوسط ​​، يوجد حوالي 275 كلمة في الصفحة ذات المسافات المزدوجة. يفترض هذا هوامش 1 بوصة ، وحجم خط 12 نقطة ، وخط Arial ، وحجم صفحة 8.5 × 11 بوصة.
CASE_0245,300312,mixed,4,6258098,0.7233,0.7233,0,ar,يختلف عدد الكلمات في الصفحة ذات المسافات المزدوجة وفقًا لعدد من العوامل ، بما في ذلك الهوامش والخط. في المتوسط ​​، يوجد حوالي 275 كلمة في الصفحة ذات المسافات المزدوجة. يفترض هذا هوامش 1 بوصة ، وحجم خط 12 نقطة ، وخط Arial ، وحجم صفحة 8.5 × 11 بوصة. تعرف أكثر.
CASE_0245,300312,mixed,5,7343713,0.7211,0.7211,0,ar,ج: يختلف عدد الكلمات الموجودة في الصفحة ذات المسافات المزدوجة وفقًا لعدد من العوامل ، بما في ذلك الهوامش والخط. في المتوسط ​​، يوجد حوالي 275 كلمة في الصفحة ذات المسافات المزدوجة. يفترض هذا هوامش 1 بوصة ، وحجم خط 12 نقطة ، وخط Arial ، وحجم صفحة 8.5 × 11 بوصة. أكمل القراءة
CASE_0245,300312,mixed,6,6258101,0.7199,0.7199,0,ar,في المتوسط ​​، يوجد حوالي 275 كلمة في الصفحة ذات المسافات المزدوجة. يفترض هذا هوامش 1 بوصة ، وحجم خط 12 نقطة ، وخط Arial ، وحجم صفحة 8.5 × 11 بوصة.
CASE_0245,300312,mixed,7,7522818,0.7194,0.7194,0,ar,جواب سريع. يختلف عدد الكلمات التي يتم احتواؤها في الصفحة ذات المسافات المزدوجة وفقًا للخط وحجم الخط وعرض الهامش. بافتراض أن حجم الخط هو Arial 12 ، فإن ما يقرب من 261 إلى 287 كلمة تتلاءم مع صفحة واحدة مزدوجة المسافات. استمر في التعلم.
CASE_0245,300312,mixed,8,6618368,0.718,0.718,0,ar,ملاءمة. التصنيف الأحدث الأقدم. أفضل إجابة: لقد عدت عدد الكلمات في مقال نموذجي لي ، وكانوا يقاربون أربعمائة كلمة عند تباعدها عن بعضها ، وحوالي ثمانمائة عندما تكون متباعدة. إذاً ، فثلاث صفحات تحتوي على مسافة مزدوجة ، حوالي 1200 كلمة ، وثلاث صفحات بمسافة واحدة حوالي 2400 كلمة. لكن ربما يجب أن تخطط لكتا
CASE_0245,300312,mixed,9,3092725,0.7178,0.7178,0,ar,كم عدد الكلمات في صفحة مكتوبة ذات مسافات مزدوجة؟ يختلف عدد الكلمات في الصفحة ذات المسافات المزدوجة وفقًا لعدد من العوامل ، بما في ذلك الهوامش والخط. في المتوسط ​​، يوجد حوالي 275 كلمة في الصفحة ذات المسافات المزدوجة. يفترض هذا هوامش 1 بوصة ، وحجم خط 12 نقطة ، وخط Arial ، وحجم صفحة 8.5 × 11 بوصة.
CASE_0245,300312,mixed,10,6258097,0.7174,0.7174,0,ar,ج: يختلف عدد الكلمات الموجودة في الصفحة ذات المسافات المزدوجة وفقًا لعدد من العوامل ، بما في ذلك الهوامش والخط. في المتوسط ​​، يوجد حوالي 275 كلمة في الصفحة ذات المسافات المزدوجة. يفترض هذا هوامش 1 بوصة ، وحجم خط 12 نقطة ، وخط Arial ، وحجم صفحة 8.5 × 11 بوصة.
CASE_0245,786157,endpoint,1,4221375,0.6411,0.6411,0,ar,يعني الترخيص المسبق لهذه الأدوية أنه يجب استيفاء معايير سريرية معينة قبل توفير التغطية. في حالة الأدوية التي تتطلب علاجًا تدريجيًا ، على سبيل المثال ، قد تكون هناك حاجة إلى علاج سابق بواحد أو أكثر من الأدوية الوصفة. يتم تحديد الأدوية التي يجب أن تفي بالمعايير السريرية في قائمة الوصفات باستخدام (PA)
CASE_0245,786157,endpoint,2,8562717,0.6308,0.6308,0,ar,قائمة التصاريح المسبقة قائمة التصاريح المسبقة قائمة التصريح المسبق Ã' هي قائمة بالخدمات الطبية والجراحية المحددة والأدوية التي تتطلب وصفة طبية والتي تتطلب إذنًا مسبقًا بموجب المنفعة الطبية . تتضمن القائمة أدناه معدات وخدمات وأدوية وإجراءات محددة تتطلب المراجعة و / أو الوثائق التكميلية قبل إذن الدفع.
CASE_0245,786157,endpoint,3,4367794,0.6295,0.6295,0,ar,ما هو التفويض المسبق؟ إنه برنامج جودة وأمان يعزز الاستخدام السليم لبعض الأدوية. إذا وصف طبيبك دواءً مضمنًا في برنامج التصريح المسبق الخاص بنا ، فيجب أن تحصل على موافقة مسبقة قبل أن تغطي خطتك الدواء الخاص بك. يرجى ملاحظة: لا تتضمن جميع خطط المزايا الإذن المسبق. تحقق من مواد خطتك لمعرفة ما إذا كانت هذ
CASE_0245,786157,endpoint,4,5364079,0.6237,0.6237,0,ar,على سبيل المثال ، قد تملي خطة الجزء د من برنامج Medicare أنها ستغطي 90 حبة فقط من دواء معين خلال فترة 30 يومًا. شرط الإذن المسبق هو إجراء يتطلب من عامل الرعاية الصحية الحصول على موافقة رسمية من خطة قبل أن تغطي دواءً معينًا.
CASE_0245,786157,endpoint,5,6860602,0.6145,0.6145,0,ar,2004 قائمة التصريح المسبق. قائمة التصاريح المسبقة من ESI قائمة التفويضات المسبقة سوف تحتاج بعض الأدوية المدرجة في خطة منافع الصيدلة إلى تصريح مسبق. هذا يعني أن Express Scripts سوف تحتاج إلى التأكد من أن هذه الوصفات تلبي شروط الخطة الخاصة بالتغطية. تتطلب الأدوية التالية تصريحًا مسبقًا: 1. Amevive عن
CASE_0245,786157,endpoint,6,7431513,0.6132,0.6132,0,ar,برنامج الترخيص المسبق للأدوية. وفقًا للقانون الفيدرالي ، قد تتطلب برامج Medicaid التابعة للولاية ، كشرط للتغطية أو الدفع مقابل دواء خارجي مغطى ، الموافقة المسبقة على الدواء قبل الاستغناء عن أي مؤشر مقبول طبيًا. أقرت الجمعية التشريعية لعام 2003 مشروع قانون مجلس النواب رقم 1430.
CASE_0245,786157,endpoint,7,3737911,0.6014,0.6014,0,ar,يبدأ التصريح المسبق من قبل الطبيب الذي يصف الدواء نيابة عن. عضو. يتوفر مزيد من المعلومات حول الأدوية التي تتطلب تصاريح مسبقة ، بالإضافة إلى عملية الترخيص المسبق على موقع ويب Navitus ، www.navitus.com.
CASE_0245,786157,endpoint,8,7219048,0.5993,0.5993,0,ar,مزايا الترخيص المسبق. 1 يمنع الإجراءات غير الضرورية التي يتعين القيام بها للمرضى. 2 لتدابير السلامة. 3 إنه إجراء لتوفير التكلفة. 4 تتطلب العقاقير الطبية الجديدة إذنًا مسبقًا ، وبالتالي تمنع التفاعلات الدوائية الخطيرة المحتملة.
CASE_0245,786157,endpoint,9,4911555,0.5991,0.5991,0,ar,ما هو التفويض المسبق؟ التفويض المسبق هو عملية الحصول على موافقة خطية من Arise Health Plan لخدمات أو منتجات معينة قبل تقديم الخدمات. التفويض المسبق هو نموذج مكتوب يقدمه إلينا مزود مشارك. لا تزال الخدمات خاضعة لجميع أحكام الخطة بما في ذلك ، على سبيل المثال لا الحصر ، الضرورة الطبية واستثناءات الخطة.
CASE_0245,786157,endpoint,10,1055875,0.597,0.597,0,ar,الإذن المسبق هو عملية فحص روتينية ضرورية لبعض الأدوية قبل الصيدلي. يمكن الاستغناء عن الأدوية الخاصة بك. إذا قيل لك أنك بحاجة إلى إذن مسبق ، فهذا يعني الصيدلي الخاص بك. يحتاج إلى مزيد من المعلومات السريرية من طبيبك قبل ملء الوصفة الطبية الخاصة بك.
CASE_0245,786157,mixed,1,7645184,0.66,0.66,0,ar,الصفحة الرئيسية »التعليم» التعليم قبل الترخيص. يشير التعليم قبل الترخيص إلى الساعات المؤهلة التي يجب إكمالها لتصبح مؤهلاً لأخذ امتحان مندوب مبيعات العقارات الأولي أو امتحان ترخيص الوسيط. 1) Real Estate 101 هي دورة مدتها 90 ساعة وتشمل: 1 مبادئ وممارسات العقارات. يشير التعليم قبل الترخيص إلى الساعات ا
CASE_0245,786157,mixed,2,7834912,0.6579,0.6579,1,ar,فئات الترخيص المسبق: تتضمن دورة الترخيص المسبق للوسيط الكتاب المدرسي والمواد الدراسية المطلوبة عبر الإنترنت. تعتبر دورة الترخيص المسبق للوسيط الخطوة الأولى للحصول على ترخيص العقارات الخاص بك. تفي هذه الدورة بالمتطلبات التي وضعتها لجنة العقارات في ولاية كارولينا الشمالية للتأهل لاجتياز امتحان الترخيص
CASE_0245,786157,mixed,3,1914487,0.6335,0.6335,0,ar,الدورات العقارية - متطلبات الترخيص المسبق وما بعد الترخيص. المدربون - يحق فقط للمدرسين العقاريين المعتمدين من قبل المفوضية توجيه دورات Prelicense الخاصة بمندوب المبيعات أو Broker's Prelicense أو دورات Prelicense الخاصة بمدير جمعية المجتمع.
CASE_0245,786157,mixed,4,5830059,0.6302,0.6302,0,ar,الآن بعد أن أصبحت على دراية بالخطوات المطلوبة للحصول على الرخصة العقارية الخاصة بك ، نوصي بشدة بدورة ما قبل الترخيص الخاصة بمساعد المبيعات عبر الإنترنت لمدة 63 ساعة ، حيث إنك على دراية بالخطوات المطلوبة للحصول على ترخيص العقار الخاص بك ، نوصي بشدة دورة الترخيص المسبق لمساعد المبيعات عبر الإنترنت وال
CASE_0245,786157,mixed,5,6356140,0.6291,0.6291,0,ar,1. أكمل دورة الترخيص المسبق. إذا كنت ترغب في بيع التأمين كمنتج تأمين في كاليفورنيا ، فيجب عليك اجتياز اختبار الترخيص. للتحضير لامتحان الترخيص ، يجب أن تأخذ دورة تأمين معتمدة من الدولة. يتم توفير دورات الترخيص المسبق للتأمين من قبل A.D. Banker & Company في العديد من الأشكال المختلفة: الفصول الدراسية
CASE_0245,786157,mixed,6,6985396,0.6273,0.6273,0,ar,تفاصيل. احصل على الميزة التنافسية التي تحتاجها للسيطرة على الأعمال العقارية من خلال هذه الدورة التدريبية المتطورة ، المصممة لتناسب جدولك المزدحم. 1 149 دولارًا (القيمة 299 دولارًا) لفئة الترخيص المسبق للعقارات في ألاباما لمدة 60 ساعة. احصل على الميزة التنافسية التي تحتاجها للسيطرة على الأعمال العقار
CASE_0245,786157,mixed,7,4926164,0.6272,0.6272,0,ar,هناك دورة للترخيص المسبق مدتها ستة أسابيع (تختلف حسب الولاية) ستحتاج إلى اجتياز امتحان ترخيص رسمي واجتيازه. بعد ذلك ، إذا كنت ترغب في الحصول على تعيين سمسار عقارات (بدلاً من مجرد تسمية نفسك بوكيل عقارات) ، فهناك اعتمادات تحرير مستمرة تأخذها كل ندوات سنوية ، وما إلى ذلك.
CASE_0245,786157,mixed,8,1199260,0.6236,0.6236,0,ar,يُطلب من منتجي التأمين المقيمين إكمال 24 ساعة من دورات التعليم المسبق للترخيص ، والتي تتضمن ما لا يقل عن 3 ساعات من الأخلاق. يمكن الحصول على قائمة الدورات المعتمدة في Sircon. الغرض الأساسي من الترخيص المسبق للتعليم هو تقديم نظرة عامة على سوق التأمين.
CASE_0245,786157,mixed,9,7834918,0.6207,0.6207,0,ar,للبدء ، قم بالتسجيل في إحدى حزم تدريب Oregon Real Estate Pre-License التدريبية. تتوفر دورة الترخيص المسبق عبر الإنترنت عبر الإنترنت ، ويمكنك البدء في التعرف على العقارات بمجرد إكمال التسجيل. تتوفر الكتب المدرسية في حزم مختارة للطلاب الذين يفضلون القراءة على الورق.
CASE_0245,786157,mixed,10,5070005,0.6206,0.6206,0,ar,مؤهلات مساعد مبيعات العقارات: إكمال دورة الترخيص المسبق المعتمدة من قبل اللجنة لشركاء المبيعات (الدورة الأولى) والتي تتكون من 63 ساعة وتغطي الموضوعات المطلوبة من قبل لجنة فلوريدا العقارية (FREC) بنجاح. يمكن أن تكون هذه الدورة التدريبية عبر الإنترنت أو مقررة في الفصل الدراسي.
CASE_0245,828588,endpoint,1,2806212,0.5844,0.5844,0,ar,"""Linguine هي معكرونة إيطالية كلاسيكية يُقال إنها في الأصل من منطقة كامبانيا في البلاد. يمكن تهجئة المصطلح linguine أو linguini. الترجمة الإيطالية هي """"ألسنة صغيرة"""". هذا النوع من المعكرونة أصبح الآن شائعًا في الأطباق في جميع أنحاء العالم. معكرونة اللينجويني عريضة ومسطحة ورقيقة. بعض الأنواع لها سمك م"
CASE_0245,828588,endpoint,2,2806211,0.5369,0.5369,0,ar,نوع من المعكرونة في شرائح طويلة رفيعة ومسطحة. أصل اللينجويني. 1945-1950. 1945-50 ؛ <الإيطالية ، صيغة الجمع linguina ، تصغير لغة اللسان ؛ انظر -ine1. تعاريف القاموس البريطاني للينجويني.
CASE_0245,828588,endpoint,3,1693549,0.5313,0.5313,0,ar,لينجويني بصلصة الجوز. 1 1/4 كوب زيت زيتون بكر ممتاز. 2 3 فصوص من الثوم (شرائح رقيقة) 3 1/2 كوب بقسماط خبز محمص قاسي. 4 1 كوب جوز مفروم خشناً. 5 1 ملعقة كبيرة من رقائق الفلفل الأحمر الحار. 6 1 باوند لينجويني. 7 1/2 كوب بقدونس إيطالي مفروم خشناً. 8 1/2 كوب كاسيوكافالو مبشور طازجًا.
CASE_0245,828588,endpoint,4,943852,0.5288,0.5288,0,ar,تعريف LANGOSTINO. : أي من القشريات العديدة الصالحة للأكل (حسب جنس Pleuroncodes) التي تشبه أو تشبه الكركند الصغير أو الروبيان الكبير ؛ على وجه التحديد: لانجوستين. أي من القشريات العديدة الصالحة للأكل (حسب جنس Pleuroncodes) التي تشبه أو تشبه الكركند الصغير أو الروبيان الكبير ؛ على وجه التحديد: لانجوست
CASE_0245,828588,endpoint,5,2093972,0.5281,0.5281,0,ar,"تاريخ عائلة ليني اسم ليني يعني الإنجليزية: من اسم شخصي أنثوي قديم باللغة الإنجليزية Lindgifu ، Lindgeofu ، يتكون من عناصر lind ، أي à(إحساس منقول) + gifu ، geofu ¢ ""¢."
CASE_0245,828588,endpoint,6,1107210,0.5183,0.5183,0,ar,اسم Longin من أصل بولندي. معنى لونجين طويل. يستخدم Longin بشكل عام كاسم صبي. يتكون من 6 أحرف ومقطعين وضوحا Lon-gin.
CASE_0245,828588,endpoint,7,3451835,0.5076,0.5076,0,ar,المعكرونة المختارة للقذف بالمأكولات البحرية ، اللينجويني عبارة عن معكرونة رفيعة ومسطحة. يعتمد مقدار الوقت الذي يستغرقه طهي اللينجويني بشكل كبير على ما إذا كانت طازجة أو مجففة ، وبدرجة أقل على الشركة المصنعة. تُطهى المعكرونة الطازجة بعد دقيقتين من عودة الماء ليغلي. عندما تكون جاهزًا لطهي اللينجويني ا
CASE_0245,828588,endpoint,8,1927577,0.5016,0.5016,0,ar,نظرة عامة على إدخال القاموس: ماذا يعني اللجنين؟ ࢠLIGNIN (اسم) للاسم LIGNIN معنى واحد: 1. بوليمر معقد. المكون الرئيسي للخشب بخلاف الكربوهيدرات ؛ يرتبط بألياف السليلوز لتقوية وتقوية جدران خلايا النباتات.
CASE_0245,828588,endpoint,9,2538723,0.5003,0.5003,0,ar,لأنهم يقولون إن المعنى الآخر للكلمة السنسكريتية ¢ Lingaàهو الجنس بشكل عام والقضيب (العضو التناسلي الذكري) بشكل خاص. إنهم يعتقدون أن قاعدة اللينجام تتوافق مع اليوني التي تعني المهبل أو العضو التناسلي الأنثوي. أو يقولون أن المعنى الآخر للكلمة السنسكريتية Ã'Lingaà⠂هو الجنس بشكل عام والقضيب (العضو التنا
CASE_0245,828588,endpoint,10,8540751,0.5,0.5,0,ar,لينجويني الروبيان والفطر مع صلصة الأعشاب والجبن الكريمي. يتم غمر الجمبري المطبوخ وشرائح الفطر الطازج في الثوم المقلي والجبن الكريمي والبقدونس الطازج ورشة من الريحان. يُمزج مع linguini الساخن ويُقدم كمقبلات أنيقة أو طبق رئيسي.
CASE_0245,828588,mixed,1,2806212,0.6723,0.6723,0,ar,"""Linguine هي معكرونة إيطالية كلاسيكية يُقال إنها في الأصل من منطقة كامبانيا في البلاد. يمكن تهجئة المصطلح linguine أو linguini. الترجمة الإيطالية هي """"ألسنة صغيرة"""". هذا النوع من المعكرونة أصبح الآن شائعًا في الأطباق في جميع أنحاء العالم. معكرونة اللينجويني عريضة ومسطحة ورقيقة. بعض الأنواع لها سمك م"
CASE_0245,828588,mixed,2,2806207,0.5957,0.5957,1,ar,Linguine (/ lÃ⠀ â € â ؟؟؟؟؟؟؟؟؟؟؟؟؟؟؟؟؟؟؟؟؟؟؟؟؟؟؟؟؟؟؟؟؟؟؟؟؟؟؟؟؟؟؟؟؟؟؟؟؟؟؟؟؟؟؟؟؟؟؟؟؟؟؟؟؟؟؟؟؟؟؟؟؟؟؟؟؟؟؟؟ †) هو شكل من أشكال المعكرونة مثل فيتوتشيني و trenette ، ولكن الإهليلجية في المقطع بدلا من مسطحة. يبلغ عرضه حوالي 4 مليمترات (0.16 بوصة) ، وهو أعرض من السباغيتي ولكن ليس بعرض الفيتوتشيني. اسم lingui
CASE_0245,828588,mixed,3,2093972,0.5822,0.5822,0,ar,"تاريخ عائلة ليني اسم ليني يعني الإنجليزية: من اسم شخصي أنثوي قديم باللغة الإنجليزية Lindgifu ، Lindgeofu ، يتكون من عناصر lind ، أي à(إحساس منقول) + gifu ، geofu ¢ ""¢."
CASE_0245,828588,mixed,4,2806211,0.5792,0.5792,0,ar,نوع من المعكرونة في شرائح طويلة رفيعة ومسطحة. أصل اللينجويني. 1945-1950. 1945-50 ؛ <الإيطالية ، صيغة الجمع linguina ، تصغير لغة اللسان ؛ انظر -ine1. تعاريف القاموس البريطاني للينجويني.
CASE_0245,828588,mixed,5,1927577,0.5615,0.5615,0,ar,نظرة عامة على إدخال القاموس: ماذا يعني اللجنين؟ ࢠLIGNIN (اسم) للاسم LIGNIN معنى واحد: 1. بوليمر معقد. المكون الرئيسي للخشب بخلاف الكربوهيدرات ؛ يرتبط بألياف السليلوز لتقوية وتقوية جدران خلايا النباتات.
CASE_0245,828588,mixed,6,8540751,0.5603,0.5603,0,ar,لينجويني الروبيان والفطر مع صلصة الأعشاب والجبن الكريمي. يتم غمر الجمبري المطبوخ وشرائح الفطر الطازج في الثوم المقلي والجبن الكريمي والبقدونس الطازج ورشة من الريحان. يُمزج مع linguini الساخن ويُقدم كمقبلات أنيقة أو طبق رئيسي.
CASE_0245,828588,mixed,7,4729673,0.5528,0.5528,0,ar,اسم ليني هو اسم طفل انجليزي. معنى اسم ليني في اللغة الإنجليزية: اختصار ليونارد. اسم ليني هو اسم طفل أمريكي. في أمريكا ، معنى اسم ليني هو: اختصار ليونارد.
CASE_0245,828588,mixed,8,1107210,0.5522,0.5522,0,ar,اسم Longin من أصل بولندي. معنى لونجين طويل. يستخدم Longin بشكل عام كاسم صبي. يتكون من 6 أحرف ومقطعين وضوحا Lon-gin.
CASE_0245,828588,mixed,9,4428755,0.5505,0.5505,0,ar,معنى ليني. الاسم الألماني. في الألمانية ، اسم ليني يعني ضآلة ليونارد: هاردي أسد أو أسد جريء. القديس ليونارد هو شفيع السجناء. مشاهير حملة الموسيقى: الملحن / قائد الأوركسترا ليونارد بيرنشتاين ؛ فنان / عالم عصر النهضة الإيطالي ليوناردو دافنشي (في شكل إيطالي) .. أصول أخرى لاسم ليني تشمل الألمانية والاسك
CASE_0245,828588,mixed,10,6909998,0.5431,0.5431,0,ar,معنى اسم نانديني في قاموس المعاني. إنجليزي؟
CASE_0245,830040,endpoint,1,5290422,0.7282,0.7282,0,ar,احفظ صيغة حجم الأسطوانة. لحساب حجم الأسطوانة ، يجب أن تعرف ارتفاعها ونصف قطر قاعدتها الدائرية (المسافة من مركز الدائرة إلى حافتها) في الأعلى والأسفل. الصيغة هي V = Ã €r2h ، حيث V هو الحجم ، و r هو نصف قطر القاعدة الدائرية ، و h الارتفاع ، و ÃA هو ثابت pi.
CASE_0245,830040,endpoint,2,3877753,0.7247,0.7247,0,ar,ستكون صفحة المعادلات الرياضية مفيدة لهذا السؤال. يجب عليك استخدام الصيغة المناسبة لحجم الأسطوانة ومعرفة أن نصف قطرها هو نصف القطر الموضح. بمجرد حساب الحجم ، تتم قسمة هذه الإجابة على 8000.
CASE_0245,830040,endpoint,3,7748646,0.7168,0.7168,0,ar,أوجد حجم الأسطوانة الموضح. تقريب لأدق سنتيمتر مكعب. حل. صيغة حجم الأسطوانة هي V = Bh أو V = Ã'Ã'r2h. نصف قطر الأسطوانة 8 سم وارتفاعها 15 سم. عوّض بـ 8 عن r و 15 عن h في الصيغة V = Ã €r2h.
CASE_0245,830040,endpoint,4,4840094,0.7164,0.7164,0,ar,صيغة حجم الاسطوانة هي pi * r ^ 2 * h. ثانيًا ، نظرنا إلى المخاريط ونحن نتغذى على الآيس كريم. صيغة حجم المخروط هي 1/3 * pi * r ^ 2 * h. أخيرًا ، نظرنا إلى الكرات ، مثل كرة السلة والكواكب. صيغة حجم الكرة هي 4/3 * pi * r ^ 3.
CASE_0245,830040,endpoint,5,4859632,0.7123,0.7123,0,ar,حجم صيغة الأسطوانة قاعدة إيجاد حجم الأسطوانة هي: الحجم = مساحة القاعدة (B) مضروبًا في الارتفاع (h) أو V = Bh وهذا يبدو بسيطًا بما فيه الكفاية ، وطالما أنت افهم أن B تساوي مساحة 1 من القواعد الدائرية. يمكنك أن ترى من هذا الرسم التخطيطي ، لقد حصلنا على ارتفاع (h) للأسطوانة - 6 '، وقطر القاعدة - 18'. ب
CASE_0245,830040,endpoint,6,7748642,0.7109,0.7109,0,ar,أوجد حجم الأسطوانة الموضح. تقريب لأدق سنتيمتر مكعب. الحل صيغة حجم الأسطوانة هي V = B h أو V = € r 2 h. نصف قطر الأسطوانة 8 سم وارتفاعها 15 سم. عوّض بـ 8 عن r و 15 عن h في الصيغة V = Ã € r 2 h.
CASE_0245,830040,endpoint,7,2247999,0.7073,0.7073,0,ar,صيغة حجم الأسطوانة هي Pi (R ^ 2) h. 3.14 * (1.5 ^ 2) * 600 بوصة = 4241. يبلغ حجم مقطع خمسين قدمًا من خرطوم 3 بوصات 4241 بوصة مكعبة تقريبًا. 4241 بوصة مكعبة تم تحويلها إلى جالونات سائلة أمريكية تبلغ حوالي 18.36 جالونًا لكل 50 قدمًا بطول 3 بوصات.
CASE_0245,830040,endpoint,8,1729733,0.7041,0.7041,0,ar,حجم الاسطوانة هو ساعة ، ومساحة سطحها 2 س + 2 ². تعرف على كيفية استخدام هذه الصيغ لحل مشكلة كمثال. حجم الاسطوانة هو ساعة ، ومساحة سطحها 2 س + 2 ². تعرف على كيفية استخدام هذه الصيغ لحل مشكلة كمثال. تم إنشاؤها بواسطة سال خان. لنجد حجم بعض الأشكال الأكثر صلابة ، وإذا كان لدينا وقت ، فقد نتمكن من حل بعض
CASE_0245,830040,endpoint,9,3557696,0.7031,0.7031,0,ar,"حجم آلة حاسبة الاسطوانة. سيساعدك الحجم التالي لآلة حاسبة الأسطوانة في إيجاد حجم أي أسطوانة عند إعطاء نصف القطر والارتفاع. فقط أدخل قيم نصف القطر والارتفاع واضغط على زر الحساب. تذكر أن صيغة الحصول على حجم الأسطوانات هي pi 'Ã'â € ""r 2 'Ã'â €"" h. مع pi = 3.141592653589793. لذلك ، يعتمد الحجم على حجم r"
CASE_0245,830040,endpoint,10,6325939,0.7019,0.7019,0,ar,وبالتالي فإن حجم الاسطوانة هو. الحجم = pi * (r) * h. وبالمثل ، فإن صيغة حجم الأسطوانة هي. الحجم = (1/3) * باي * (ص) * ح. أي أن حجم المخروط يساوي 1/3 حجم الأسطوانة التي لها نفس نصف القطر والارتفاع. الآن ، أعطيت حجمًا للأسطوانة ، لكن لا الطول ولا نصف القطر. يمكنك أن تكتب (للأسطوانة). 1353 سم = باي * (
CASE_0245,830040,mixed,1,7748643,0.6976,0.6976,0,ar,ما هي صيغة إيجاد مساحة الدائرة ولإيجاد حجم الأسطوانة؟ مساحة الدائرة = (pi) r2 [Areacircle = pi time the radius square.] حجم الأسطوانة = (pi) r2h [Volumecylinder = pi في مربع نصف القطر مضروبًا في الارتفاع.] (هذا ap ࢠÂ⠂ ¬Ã'¦ تطوى على أسطوانة دائرية قائمة. صيغة لإيجاد حجم نصف أسطوانة؟ V = (باي * نصف قط
CASE_0245,830040,mixed,2,2377847,0.6931,0.6931,1,ar,Areabase = pi r2 ثم اضرب ذلك في ارتفاع (h) الأسطوانة للحصول على الحجم. Volumecylinder = pi r2 h حجم الأسطوانة يساوي pi في مربع نصف قطر القاعدة مضروبًا في ارتفاع الأسطوانة. استخدم الرابط أدناه للحصول على مزيد من المعلومات وعرض مختلف قليلاً. لاحظ أيضًا أن هناك بعض الاختلافات في الموضوع فيما يتعلق بشكل
CASE_0245,830040,mixed,3,7829607,0.6916,0.6916,0,ar,Areabase = pi r2 ثم اضرب ذلك في ارتفاع (h) الأسطوانة للحصول على الحجم. Volumecylinder = pi r2 h حجم الأسطوانة يساوي pi في مربع نصف قطر القاعدة مضروبًا في ارتفاع الأسطوانة. استخدم الرابط أدناه للحصول على مزيد من المعلومات وعرض مختلف قليلاً.
CASE_0245,830040,mixed,4,5290422,0.6888,0.6888,0,ar,احفظ صيغة حجم الأسطوانة. لحساب حجم الأسطوانة ، يجب أن تعرف ارتفاعها ونصف قطر قاعدتها الدائرية (المسافة من مركز الدائرة إلى حافتها) في الأعلى والأسفل. الصيغة هي V = Ã €r2h ، حيث V هو الحجم ، و r هو نصف قطر القاعدة الدائرية ، و h الارتفاع ، و ÃA هو ثابت pi.
CASE_0245,830040,mixed,5,4859629,0.6842,0.6842,0,ar,Areabase = pi r2 ثم اضرب ذلك في ارتفاع (h) الأسطوانة للحصول على الحجم. Volumecylinder = pi r2 h حجم الأسطوانة هو pi في مربع نصف قطر القاعدة مضروبًا في ارتفاع الأسطوانة ، استخدم الرابط أدناه لمزيد من المعلومات وعرض مختلف قليلاً. القاعدة ضرب الارتفاع. إذا كنت تعرف نصف قطر القاعدة ، فسيكون Pi في مربع ن
CASE_0245,830040,mixed,6,5132252,0.6758,0.6758,0,ar,على سبيل المثال ، يمكن العثور على حجم الأسطوانة من خلال المعادلة V = pi * r ^ 2 * h ، حيث r هو نصف قطر نهاية الأسطوانة و h هو ارتفاع الأسطوانة. حجم الكرة هو V = (4/3) * pi * r ^ 3 ، حيث r هو نصف قطر الكرة. أسئلة ذات صلة.
CASE_0245,830040,mixed,7,3877753,0.6751,0.6751,0,ar,ستكون صفحة المعادلات الرياضية مفيدة لهذا السؤال. يجب عليك استخدام الصيغة المناسبة لحجم الأسطوانة ومعرفة أن نصف قطرها هو نصف القطر الموضح. بمجرد حساب الحجم ، تتم قسمة هذه الإجابة على 8000.
CASE_0245,830040,mixed,8,2321340,0.6746,0.6746,0,ar,تريد استخدام معادلة بالصيغة: الكتلة = الكثافة * الحجم. يمكن حساب حجم الأسطوانة باستخدام: V = pi * radius ^ 2 * length. (حيث pi ~ = 3.1416). وتكون كثافة الفولاذ ثابتة إلى حد ما ، عند 7850 كجم / م ^ 3. تريد استخدام معادلة بالصيغة: الكتلة = الكثافة * الحجم. يمكن حساب حجم الأسطوانة باستخدام: V = pi * ra
CASE_0245,830040,mixed,9,4840094,0.6726,0.6726,0,ar,صيغة حجم الاسطوانة هي pi * r ^ 2 * h. ثانيًا ، نظرنا إلى المخاريط ونحن نتغذى على الآيس كريم. صيغة حجم المخروط هي 1/3 * pi * r ^ 2 * h. أخيرًا ، نظرنا إلى الكرات ، مثل كرة السلة والكواكب. صيغة حجم الكرة هي 4/3 * pi * r ^ 3.
CASE_0245,830040,mixed,10,7968176,0.6707,0.6707,0,ar,عادة ما يكتب علماء الرياضيات هذا كـ. V = B ࢠح. إيجاد حجم الأسطوانة هو نفس الصيغة بالضبط! بمعنى آخر: الحجم = (مساحة القاعدة) ࢠارتفاع. الحجم = (مساحة الدائرة) àارتفاع. الحجم = (Ã' ح. مثال 1. نصف قطر هذه الأسطوانة 4 سم وارتفاعها 10 سم. أوجد حجمها. V = B ࢠح. V = (Ã' ح. V = (3.14 à4 4) à10. V = 502.4 سم
CASE_0245,837740,endpoint,1,199077,0.5497,0.5497,0,ar,(رويترز) - أجرى دوري البيسبول الأمريكي العديد من التغييرات على القواعد يوم الجمعة بهدف تسريع وتيرة اللعب وسط مخاوف متزايدة من أن مبارياته تطول أكثر من اللازم ، وقال MLB إن جميع القواعد الجديدة ستطبق من خلال نظام تحذير وغرامة. مع الانضباط الناتج عن المخالفين الصارخين. أعلن MLB أيضًا عن العديد من التغ
CASE_0245,837740,endpoint,2,6137437,0.5459,0.5459,0,ar,لا ، في القواعد الرسمية للبيسبول ، تنص القاعدة 4.17 على ما يلي: تُفقد اللعبة للفريق الخصم عندما يكون الفريق غير قادر أو يرفض وضع تسعة لاعبين في الملعب.
CASE_0245,837740,endpoint,3,5541599,0.5435,0.5435,0,ar,MLB للسماح للاعبين بتشغيل القواعد أثناء حمل المضرب. مدينة نيويورك ، نيويورك -. خلال مؤتمر صحفي صباح اليوم ، أعلن مفوض دوري البيسبول براعم سيليج تغييرًا رئيسيًا آخر في قواعد اللعب في لعبة البيسبول الاحترافية.
CASE_0245,837740,endpoint,4,3409264,0.5391,0.5391,0,ar,بقلم رونالد بلوم ، أسوشيتد برس. على عكس الرياضات الأخرى ، يمكن للبيسبول منع حركات الامتياز والمبيعات بسبب إعفاء فريد لمكافحة الاحتكار أنشأته المحكمة العليا الأمريكية في عام 1922 ، قام بالتيمور ، آخر فريق متبقٍ من الدوري الفيدرالي الذي عمل في 1914-15 ، بمقاضاة أصحاب الدوريات الرئيسية ، بدعوى أنهم انت
CASE_0245,837740,endpoint,5,7054328,0.5382,0.5382,0,ar,القاعدة على الكرات (BB) ، والمعروفة أيضًا باسم المشي ، تحدث في لعبة البيسبول عندما يتلقى الضارب أربعة نغمات يسميها الحكم الكرات ، ومن ثم يحق له الوصول إلى القاعدة الأولى دون إمكانية الاستدعاء. تم تحديد القاعدة على الكرات في القسم 2.00 من القواعد الرسمية للبيسبول ، ومزيد من التفاصيل مذكورة في 6.08 (أ
CASE_0245,837740,endpoint,6,2489027,0.5354,0.5354,0,ar,البيسبول هي لعبة مضرب وكرة يتم لعبها بين فريقين يتكون كل منهما من تسعة لاعبين ، يتناوبون على الضرب والميدان. يحاول فريق الضرب إحراز نقاط عن طريق ضرب الكرة التي يرميها الرامي بمضرب يتأرجح بواسطة الضرب ، ثم يركض عكس اتجاه عقارب الساعة حول سلسلة من أربع قواعد: الأولى ، والثانية ، والثالثة ، واللوحة الر
CASE_0245,837740,endpoint,7,4040934,0.5343,0.5343,0,ar,أحد الاستثناءات الملحوظة لقاعدة الضارب المعينة من قبل NFHS في لعبة البيسبول للشباب هي لعبة البيسبول الأمريكية. تتبع قواعد الفيلق بالضبط تلك المنصوص عليها في قواعد البيسبول الرسمية ، والتي تسمح لـ DH فقط بمضرب الرامي. قبل عام 1995 ، لم يكن استخدام DH مسموحًا به في لعبة Legion للبيسبول.
CASE_0245,837740,endpoint,8,12502,0.5342,0.5342,0,ar,البيسبول هي لعبة مضرب وكرة يتم لعبها بين فريقين يتكون كل منهما من تسعة لاعبين ، يتناوبون على الضرب والميدان. يحاول فريق الضرب إحراز نقاط عن طريق ضرب الكرة التي يرميها الرامي بمضرب يتأرجح بواسطة الضرب ، ثم يركض عكس اتجاه عقارب الساعة حول سلسلة من أربع قواعد: الأولى ، والثانية ، والثالثة ، واللوحة الر
CASE_0245,837740,endpoint,9,5132560,0.5338,0.5338,0,ar,وفقًا لقواعد لعبة البيسبول ، فإن الرمي هو فعل غير قانوني من قبل الرامي مع عداء أو عداء في القاعدة ، مما يمنح جميع العدائين حق التقدم في قاعدة واحدة ..
CASE_0245,837740,endpoint,10,1199798,0.5332,0.5332,0,ar,قواعد البيسبول الرسمية - سيتم استخدام قاعدة الضارب المعين (DH) (الرامي فقط) في. لعبة البطولة على النحو المبين في القواعد الرسمية للبيسبول. 11. لا يسمح الفيلق الأمريكي بأي نوع من قواعد العودة أثناء اللعب بالدورة.
CASE_0245,837740,mixed,1,6800754,0.6645,0.6645,0,ar,(يوليو 2013) On-Base plus Slugging (OPS) هو إحصاء بيسبول قياسى يتم حسابه كمجموع النسبة المئوية للقاعدة ومتوسط ​​التباطؤ للاعب. يتم تمثيل قدرة اللاعب على الوصول إلى القاعدة والضرب من أجل القوة ، وهما مهارتان هجوميتان مهمتان.
CASE_0245,837740,mixed,2,7889461,0.6549,0.6549,1,ar,(يوليو 2013) (تعرف على كيفية ووقت إزالة رسالة القالب هذه) (تعرف على كيفية ووقت إزالة رسالة القالب هذه) On-Base plus slugging (OPS) هي إحصائية بيسبول قياس السابر محسوبة كمجموع النسبة المئوية للاعب على القاعدة ومتوسط ​​الضربات.
CASE_0245,837740,mixed,3,1856472,0.6545,0.6545,0,ar,على قاعدة بالإضافة إلى تباطؤ. الضرب على القاعدة بالإضافة إلى الضرب البطيء (OPS) هو إحصاء قياس السبيرميتر للبيسبول محسوبًا كمجموع النسبة المئوية للقاعدة ومتوسط ​​البطء للاعب. [1] يتم تمثيل قدرة اللاعب على الوصول إلى القاعدة والضرب من أجل القوة ، وهما مهارتان هجوميتان مهمتان.
CASE_0245,837740,mixed,4,7889462,0.652,0.652,0,ar,يجب إزالة البيانات التي تتكون فقط من البحث الأصلي. (يوليو 2013) (تعرف على كيفية ووقت إزالة رسالة القالب هذه) تعد طريقة On-Base plus slugging (OPS) عبارة عن إحصائية للبيسبول قياسها يتم حسابها على أنها مجموع النسبة المئوية الأساسية للاعب ومتوسط ​​التباطؤ. يتم تمثيل قدرة اللاعب على الوصول إلى القاعدة و
CASE_0245,837740,mixed,5,4305533,0.6494,0.6494,0,ar,ما هي نسبة تباطؤ On-base Plus - OPS؟ إحصائية بيسبول تمثل مجموع النسبة المئوية للضارب على القاعدة (OBP) ، والتي تقيس قدرة اللاعب على الوصول إلى القاعدة ، ونسبة الضرب (SLG) ، والتي تقيس قدرة اللاعب على الضرب بقوة للحصول على زوجي وثلاثة أضعاف و يدير المنزل. النسبة المئوية للتباطؤ الزائد على القاعدة هي
CASE_0245,837740,mixed,6,7889463,0.6402,0.6402,0,ar,ما هو OPS في لعبة البيسبول؟ ج: نسبة الضرب على القاعدة بالإضافة إلى النسبة المئوية البطيئة ، أو OPS ، هي إحصائية للبيسبول يتم حسابها من خلال الجمع بين النسبة المئوية للضارب على القاعدة ومتوسط ​​الضرب. الإحصاء هو شكل من أشكال قياس السيف ، وهو تحليل رياضي لنشاط اللعبة. أكمل القراءة.
CASE_0245,837740,mixed,7,1856469,0.6303,0.6303,0,ar,"""الضرب البطيء على القاعدة بالإضافة إلى (OPS) هو إحصاء بيسبول قياسى يتم حسابه كمجموع النسبة المئوية للاعب على القاعدة ومتوسط ​​التباطؤ. يقيس المقياس قدرة اللاعب على الحصول على قاعدة وضرب من أجل القوة ¢ """"تركيبة هجومية قاتلة ¢ Ã'"""""""
CASE_0245,837740,mixed,8,6951136,0.6235,0.6235,0,ar,ستيف كونولي. OPS هي إحصائية الضرب التي تعني On-Base Plus Slugging .. يتم حسابها عن طريق جمع النسبة المئوية الأساسية للاعب (OBP) ونسبة البطء (SLG) معًا ، معبرًا عنها كعدد عشري. الغرض منه هو إعطاء صورة شاملة للقيمة الهجومية للاعب.
CASE_0245,837740,mixed,9,6800757,0.622,0.622,0,ar,إحصائية بيسبول تمثل مجموع النسبة المئوية للضارب على القاعدة (OBP) ، والتي تقيس قدرة اللاعب على الوصول إلى القاعدة ، ونسبة الضرب (SLG) ، والتي تقيس قدرة اللاعب على الضرب بقوة للحصول على زوجي وثلاثة أضعاف و يدير المنزل. تعد النسبة المئوية للتباطؤ على القاعدة نوعًا من مقاييس Sabermetrics.
CASE_0245,837740,mixed,10,695952,0.6212,0.6212,0,ar,SLG = (1B + 2 * 2B + 3 * 3B + 4 * HR) / AB. نحن لا نوفر OPS + على الموقع ، ولكن يمكن العثور على الحساب في Baseball-Reference. لماذا OPS: بشكل عام ، تعتبر OPS أفضل من شيء مثل متوسط ​​الضرب أو RBI لأنها تلتقط قدرة اللاعب على الوصول إلى القاعدة وقدرته على الوصول إلى قواعد إضافية. بالنسبة للجزء الأكبر ،
CASE_0245,142153,endpoint,1,7741061,0.7108,0.7108,0,ar,تحدث معظم صحارى العالم عند خطوط العرض المنخفضة بالقرب من خط الاستواء ، على الرغم من وجود صحارى على خطوط العرض العالية أيضًا. توجد الصحاري الساخنة والباردة ، وتوجد الصحاري في جميع القارات السبع. ما يقرب من خمس الأرض عبارة عن صحراء. تشمل التصنيفات الصحراوية الساخنة والجافة وشبه الجافة والساحلية والبار
CASE_0245,142153,endpoint,2,2647264,0.7106,0.7106,0,ar,هناك 23 صحراء في العالم. أين كل الصحارى؟ توجد صحارى في جميع أنحاء العالم باستثناء أوروبا. في أمريكا الشمالية ، سترى صحراء تشيهواهونا في المكسيك ، وصحراء سونوران في أريزونا ، وصحراء موهافي في كاليفورنيا ، وصحراء الحوض العظيم في ولاية أيداهو. تقع الصحراء الكبرى وصحراء كالاهاري وصحراء ناميب في إفريقيا.
CASE_0245,142153,endpoint,3,3143838,0.708,0.708,0,ar,تغطي الصحاري أكثر من خُمس مساحة الأرض ، وتوجد في كل قارة. المكان الذي يتلقى أقل من 10 بوصات (25 سم) من المطر سنويًا يعتبر صحراء.
CASE_0245,142153,endpoint,4,643101,0.706,0.706,0,ar,توجد الصحارى في كل قارة. من أي وقت مضى في أوروبا عدد قليل من البقع الصغيرة من الصحراء. القارة القطبية الجنوبية بأكملها صحراء ما عدا مباشرة على طول بعض خطوط الساحل.
CASE_0245,142153,endpoint,5,2972884,0.7049,0.7049,1,ar,يقدر العلماء أن حوالي خمس مساحة سطح الأرض هي صحراء. يمكن العثور على الصحاري في كل القارات باستثناء أوروبا. هناك نوعان مختلفان: حار وجاف (مثل الصحراء العربية والصحراء) وبارد وجاف (مثل القارة القطبية الجنوبية وصحراء جوبي).
CASE_0245,142153,endpoint,6,5846730,0.7043,0.7043,0,ar,الصحاري ، مثل الغابات والأراضي العشبية ، تحدث في جميع أنحاء العالم. تم العثور على مجموعات متناظرة من الصحاري حول مدار السرطان ومدار الجدي - خطي العرض اللذين يحددان المنطقة التي تكون فيها زاوية الشمس عند الظهيرة الشمسية أقرب ما يكون إلى تسعين درجة في الإعتدال. بعض الصحاري الشهيرة هي صحاري جوبي وتاكلا
CASE_0245,142153,endpoint,7,11409,0.7005,0.7005,0,ar,الصحاري ، مثل الغابات والأراضي العشبية ، تحدث في جميع أنحاء العالم. تم العثور على مجموعات متناظرة من الصحاري حول مدار السرطان ومدار الجدي - خطي العرض اللذين يحددان المنطقة التي تكون فيها زاوية الشمس عند الظهيرة الشمسية أقرب ما يكون إلى تسعين درجة في الإعتدال. بعض الصحاري الشهيرة هي صحاري جوبي وتاكلا
CASE_0245,142153,endpoint,8,4129540,0.699,0.699,0,ar,يمكن العثور على شبه الصحاري في صحراء تابيرناس (وبعض الهضبة الإسبانية) ، والساحل ، والسهوب الأوراسية ، ومعظم آسيا الوسطى ، وغرب الولايات المتحدة ، ومعظم شمال المكسيك ، وأجزاء من أمريكا الجنوبية (خاصة في الأرجنتين) و المناطق النائية الأسترالية.
CASE_0245,142153,endpoint,9,2474582,0.6984,0.6984,0,ar,يقدر العلماء أن حوالي خمس مساحة سطح الأرض هي صحراء. يمكن العثور على الصحاري في كل القارات باستثناء أوروبا. هناك نوعان مختلفان: حار وجاف (مثل الصحراء العربية والصحراء) وبارد وجاف (مثل القارة القطبية الجنوبية وصحراء جوبي) ويقدر العلماء أن حوالي خمس مساحة سطح الأرض صحراء. يمكن العثور على الصحاري في كل
CASE_0245,142153,endpoint,10,3153824,0.6958,0.6958,0,ar,الصحارى ، بلاد مفتوحة مع فرشاة مبعثرة. الأكثر شيوعًا في صحراء سونوران وأنواع أخرى من البلاد ذات الفرشاة ، بما في ذلك شبارال وتكساس ، في المناطق التي بها مزيج من الأرض المفتوحة والغطاء المنخفض الكثيف. في حدود النطاق ، توجد في الأراضي العشبية الجافة ، وحواف الغابات ، والتلال الجيرية مع العرعر المتناثر
CASE_0245,142153,mixed,1,2972884,0.7264,0.7264,1,ar,يقدر العلماء أن حوالي خمس مساحة سطح الأرض هي صحراء. يمكن العثور على الصحاري في كل القارات باستثناء أوروبا. هناك نوعان مختلفان: حار وجاف (مثل الصحراء العربية والصحراء) وبارد وجاف (مثل القارة القطبية الجنوبية وصحراء جوبي).
CASE_0245,142153,mixed,2,2647264,0.7207,0.7207,0,ar,هناك 23 صحراء في العالم. أين كل الصحارى؟ توجد صحارى في جميع أنحاء العالم باستثناء أوروبا. في أمريكا الشمالية ، سترى صحراء تشيهواهونا في المكسيك ، وصحراء سونوران في أريزونا ، وصحراء موهافي في كاليفورنيا ، وصحراء الحوض العظيم في ولاية أيداهو. تقع الصحراء الكبرى وصحراء كالاهاري وصحراء ناميب في إفريقيا.
CASE_0245,142153,mixed,3,7741061,0.7194,0.7194,0,ar,تحدث معظم صحارى العالم عند خطوط العرض المنخفضة بالقرب من خط الاستواء ، على الرغم من وجود صحارى على خطوط العرض العالية أيضًا. توجد الصحاري الساخنة والباردة ، وتوجد الصحاري في جميع القارات السبع. ما يقرب من خمس الأرض عبارة عن صحراء. تشمل التصنيفات الصحراوية الساخنة والجافة وشبه الجافة والساحلية والبار
CASE_0245,142153,mixed,4,2474582,0.7169,0.7169,0,ar,يقدر العلماء أن حوالي خمس مساحة سطح الأرض هي صحراء. يمكن العثور على الصحاري في كل القارات باستثناء أوروبا. هناك نوعان مختلفان: حار وجاف (مثل الصحراء العربية والصحراء) وبارد وجاف (مثل القارة القطبية الجنوبية وصحراء جوبي) ويقدر العلماء أن حوالي خمس مساحة سطح الأرض صحراء. يمكن العثور على الصحاري في كل
CASE_0245,142153,mixed,5,3765750,0.7132,0.7132,0,ar,"""لا توجد """"الصحراء"""". هناك حوالي 28 صحراء رئيسية تقع في جميع أنحاء العالم وعدد من الصحارى الصغيرة الأخرى ، والصحراء ليست كيانًا واحدًا ، فهي كثيرة. تقع الصحراء عبر جنوب غرب الولايات المتحدة ، في وسط وشمال المكسيك ، في غرب وجنوب وسط أمريكا الجنوبية ، في أستراليا ، في آسيا وعبر الكثير من إفريقيا ، أكب"
CASE_0245,142153,mixed,6,408066,0.7127,0.7127,0,ar,0 الأصوات. حسنًا ، في البداية ، الصحراء هي أكبر صحراء في العالم (خارج القطبين). تمتد على مساحة واسعة من شمال إفريقيا تقسم القارة عمليا إلى نصفين. على الرغم من أنه مكان حار وجاف جدًا - - يتلقى أقل من 3 بوصات من المطر سنويًا - إلا أنه مليء بالواحات. الأصوات. تعد الصحراء من أكبر الصحاري في العالم وتحتل
CASE_0245,142153,mixed,7,408062,0.708,0.708,0,ar,تغطي الصحراء كل أو جزء من الجزائر وتشاد ومصر وليبيا ومالي وموريتانيا والمغرب والنيجر والسودان وتونس والصحراء الغربية. كلمة صحراء تعني صحراء في اللغة العربية. تعد الصحراء واحدة من أكثر الأماكن حرارة على وجه الأرض ، وهي أيضًا أكبر صحراء حارة في العالم. ومع ذلك ، فهي ثاني أكبر صحراء ، حيث أن القارة الق
CASE_0245,142153,mixed,8,3143838,0.7063,0.7063,0,ar,تغطي الصحاري أكثر من خُمس مساحة الأرض ، وتوجد في كل قارة. المكان الذي يتلقى أقل من 10 بوصات (25 سم) من المطر سنويًا يعتبر صحراء.
CASE_0245,142153,mixed,9,8127305,0.7049,0.7049,0,ar,أمريكا الجنوبية: صحارى باتاغونيا والأرجنتينية ، منطقة أتاكاما. شبه الجزيرة العربية: تمتد إلى سوريا وإسرائيل. أفريقيا: الصحراء ، كالاهاري ، داناكيل. الصحاري الباردة في القطب الجنوبي وآسيا الوسطى. العوامل الحيوية: توجد العديد من النباتات والحيوانات في الصحراء ، خلافًا للرأي السائد بأن الصحاري مقفرة ول
CASE_0245,142153,mixed,10,5846730,0.7045,0.7045,0,ar,الصحاري ، مثل الغابات والأراضي العشبية ، تحدث في جميع أنحاء العالم. تم العثور على مجموعات متناظرة من الصحاري حول مدار السرطان ومدار الجدي - خطي العرض اللذين يحددان المنطقة التي تكون فيها زاوية الشمس عند الظهيرة الشمسية أقرب ما يكون إلى تسعين درجة في الإعتدال. بعض الصحاري الشهيرة هي صحاري جوبي وتاكلا
CASE_0245,697983,endpoint,1,2929354,0.5546,0.5546,0,ar,إذا كان حكام مجلس الإدارة المدار ذ.
CASE_0245,697983,endpoint,2,813538,0.5541,0.5541,0,ar,أصدر مجلس إدارة وكالة مياه الصحراء قرارًا يلتزم بالإدارة المستدامة لموارد المياه الجوفية ضمن ولايتها ويدعو جميع العملاء إلى تحقيق تخفيضات إضافية في الحفاظ على المياه.
CASE_0245,697983,endpoint,3,7429070,0.5461,0.5461,0,ar,أبلغت شركة Nectar Lifesciences Ltd BSE أن مجلس إدارة الشركة في اجتماعه المنعقد في 29 مايو 2015 ، أوصى بنسبة 10 ٪ من الأرباح النهائية ، أي Re. 0.10 / - لكل سهم من حقوق المساهمين لأعضاء الشركة من أرباح الشركة للسنة المالية 2014-2015 ، مع مراعاة ...
CASE_0245,697983,endpoint,4,7475434,0.5417,0.5417,0,ar,الهدف من قرار مجلس الإدارة هو معالجة قضية محددة يحتاج المجلس لاتخاذ قرار بشأنها. يتم توثيق القرار الرسمي بناءً على قرار مجلس الإدارة أو قرار مجلس الإدارة. يمكن أن يكون هذا أي شيء من إعادة تصميم الشعار إلى تبديل البائعين الحراس. الهدف من قرار مجلس الإدارة هو معالجة مشكلة معينة يحتاج المجلس لاتخاذ قرا
CASE_0245,697983,endpoint,5,7535285,0.5414,0.5414,1,ar,بشكل عام ، فإن القرار الصادر عن مجلس الإدارة في أي منظمة لديها مجلس إدارة ، هو الإعلان عن خطة عمل أو عدم اتخاذ إجراء بشأن مسألة مهمة. على سبيل المثال ، قد يقرر مجلس الإدارة في مستشفى كبير إنشاء جناح خاص لسرطان الأطفال.
CASE_0245,697983,endpoint,6,4217063,0.5399,0.5399,0,ar,شهادة قرار الشركة. _____________________________________ ، إحدى شركات كاليفورنيا. تم عقد اجتماع مجلس الإدارة حسب الأصول وبشكل منتظم في يوم _____ من. ________________ ، 2011 ، التي حضرها جميع أعضاء مجلس إدارة. مديرو الشركة المذكورة: تم إعطاء الإخطار المناسب والسليم والغرض والدعوة للاجتماع المذكور.
CASE_0245,697983,endpoint,7,4553042,0.5288,0.5288,0,ar,أبلغت Mirza International Ltd BSE أن مجلس إدارة الشركة في اجتماعه المنعقد في 24 مايو 2014 ، من بين أمور أخرى ، أوصى بتوزيع أرباح Re. 0.50 (25٪) لكل سهم من حقوق الملكية بقيمة روبية. 2 / - كل للسنة المنتهية في 31 مارس 2014 مجمعةً إلى روبية.
CASE_0245,697983,endpoint,8,1649080,0.5244,0.5244,0,ar,يتألف مجلس الإدارة مما لا يقل عن خمسة مديرين مع تحديد العدد في كل اجتماع سنوي بتصويت المساهمين.
CASE_0245,697983,endpoint,9,6414448,0.5204,0.5204,0,ar,غالبية أعضاء مجلس الإدارة يصوتون على إقالة الرئيس التنفيذي. يصوت المساهمون (51٪ منهم الرئيس التنفيذي) لمجلس إدارة جديد ، لتحل محل سابقيها. مجلس الإدارة الجديد يعيد تعيين الرئيس التنفيذي القديم.
CASE_0245,697983,endpoint,10,4329924,0.5197,0.5197,0,ar,أعلنت شركة AbbVie أن مجلس إدارتها قد وافق على خطة إعادة شراء الأسهم يوم الأحد ، 9 أبريل 2017 ، والتي تسمح للشركة بإعادة شراء 5،000،000،000.00 دولارًا من الأسهم ، وفقًا لـ EventVestor. يسمح ترخيص إعادة الشراء هذا للشركة بإعادة شراء ما يصل إلى 5٪ من أسهمها من خلال عمليات الشراء في السوق المفتوحة.
CASE_0245,697983,mixed,1,7535285,0.6226,0.6226,1,ar,بشكل عام ، فإن القرار الصادر عن مجلس الإدارة في أي منظمة لديها مجلس إدارة ، هو الإعلان عن خطة عمل أو عدم اتخاذ إجراء بشأن مسألة مهمة. على سبيل المثال ، قد يقرر مجلس الإدارة في مستشفى كبير إنشاء جناح خاص لسرطان الأطفال.
CASE_0245,697983,mixed,2,7475434,0.6065,0.6065,0,ar,الهدف من قرار مجلس الإدارة هو معالجة قضية محددة يحتاج المجلس لاتخاذ قرار بشأنها. يتم توثيق القرار الرسمي بناءً على قرار مجلس الإدارة أو قرار مجلس الإدارة. يمكن أن يكون هذا أي شيء من إعادة تصميم الشعار إلى تبديل البائعين الحراس. الهدف من قرار مجلس الإدارة هو معالجة مشكلة معينة يحتاج المجلس لاتخاذ قرا
CASE_0245,697983,mixed,3,2929354,0.5974,0.5974,0,ar,إذا كان حكام مجلس الإدارة المدار ذ.
CASE_0245,697983,mixed,4,7535290,0.5738,0.5738,0,ar,الإجابة: لا تعيش الشركة إلا من خلال إجراءات مجلس إدارتها ، حيث تقوم بإصدار أصوات أو قرارات لتمكين المسؤولين والموظفين الآخرين من إدارة الأعمال. قرار مجلس الإدارة هو الوثائق التي تثبت أن الشركة تدار وفقًا للقوانين والميثاق واللوائح ، وفي حدود الاختصاص العادي لأعضاء مجلس الإدارة.
CASE_0245,697983,mixed,5,6812288,0.5722,0.5722,0,ar,ومن ثم فإن إحدى المسؤوليات المهمة لمجلس الإدارة هي تقييم امتثال الشركة لجميع القوانين واللوائح والقواعد والمعايير غير الملزمة المعمول بها والتي قررت الشركة الالتزام بها.
CASE_0245,697983,mixed,6,229852,0.57,0.57,0,ar,وجدت هذا مفيدًا. فوتوديسك / فوتوديسك / جيتي إيماجيس. قرار الشركة هو سجل رسمي للإجراءات التي اتخذها مجلس إدارة الشركة ، وعادة ما يكون في شكل وثيقة موقعة. قرار الشركة هو سجل رسمي للإجراءات التي يتخذها مجلس إدارة الشركة ، وعادة ما يكون ذلك في شكل وثيقة موقعة. يقرأ الآخرون.
CASE_0245,697983,mixed,7,229854,0.5687,0.5687,0,ar,نصائح. هناك نوعان من قرارات الشركات - تلك التي توثق للسجلات الداخلية تفاصيل القرارات التي يتخذها مجلس الإدارة وتلك التي تطلبها البنوك والكيانات الخارجية الأخرى لمعاملات تجارية محددة. عادة ما تكون مطلوبة لفتح حسابات مصرفية وتنفيذ العقود وتأجير المعدات أو المرافق. الخطوة 1. حدد ، في أعلى الصفحة ، الهي
CASE_0245,697983,mixed,8,566233,0.5682,0.5682,0,ar,مجلس الإدارة مجلس الإدارة هو هيئة صنع السياسات للبنك. وتتكون من المحافظ والنائب الأول للمحافظ وأربعة نواب للمحافظ ، وهي مسؤولة عن السياسة النقدية والقرارات الهادفة إلى تعزيز نظام مالي سليم ومستقر والتوجه الاستراتيجي للبنك. وتتكون من المحافظ ونائب المحافظ الأول و أربعة نواب محافظ. وهي مسؤولة عن السيا
CASE_0245,697983,mixed,9,1876829,0.5677,0.5677,0,ar,مجلس الإدارة هو الهيئة الإدارية للشركة. يجب أن يتم التصديق على جميع القرارات الرئيسية من قبل مجلس الإدارة. ستحتاج إلى موافقة مجلس الإدارة لبيع شركتك. ستحتاج إلى موافقة مجلس الإدارة لتعيين أو فصل رئيس تنفيذي. ستحتاج إلى موافقة مجلس الإدارة للقيام بعملية استحواذ كبيرة. ستحتاج إلى موافقة مجلس الإدارة ل
CASE_0245,697983,mixed,10,8107628,0.567,0.567,0,ar,يحدد مجلس الإدارة الأسلوب ، ويبلغ أهمية الضوابط الداخلية ، ويراجع ويعتمد سياسات وإجراءات الرقابة الداخلية ، ويوفر التمويل لتنفيذ الضوابط. يجب على مجلس الإدارة التأكد من أن الضوابط الداخلية تظل أولوية عليا للإدارة. الإدارة مسؤولة عن تقييم فعالية الضوابط الداخلية على أساس مستمر. حتى أفضل الضوابط الداخ
CASE_0245,820161,endpoint,1,5958263,0.6935,0.6935,0,ar,يبلغ الارتفاع الإجمالي للبيت الأبيض (إلى أعلى السطح) 70 قدمًا في الجنوب و 60 قدمًا و 4 بوصات في الشمال ؛ تبلغ الواجهة (درجة العشب إلى الحاجز) 60 قدمًا في الجنوب (العشب على ارتفاع 54 قدمًا فوق مستوى سطح البحر) و 50 قدمًا و 4 بوصات في الشمال. يحيط سور البيت الأبيض 18 فدانا من الأرض.
CASE_0245,820161,endpoint,2,1693676,0.6786,0.6786,0,ar,يبلغ الارتفاع الإجمالي للبيت الأبيض (إلى أعلى السطح) 70 قدمًا في الجنوب و 60 قدمًا و 4 بوصات في الشمال ؛ يبلغ ارتفاع façade (درجة العشب إلى الحاجز) 60 قدمًا في الجنوب (العشب على ارتفاع 54 قدمًا فوق مستوى سطح البحر) و 50 قدمًا و 4 بوصات في الشمال.
CASE_0245,820161,endpoint,3,5979702,0.6765,0.6765,0,ar,يبلغ طول البيت الأبيض 168 قدمًا (51.2 مترًا). يبلغ عرض البيت الأبيض 85 قدما و 6 بوصات (26.1 مترا) بدون أروقة. 152 قدما مع أروقة. يبلغ الارتفاع الإجمالي للبيت الأبيض (إلى أعلى السطح) 70 قدمًا في الجنوب و 60 قدمًا و 4 بوصات في الشمال ؛ يبلغ ارتفاع fa'§ade (درجة العشب إلى الحاجز) 60 قدمًا في الجنوب (ال
CASE_0245,820161,endpoint,4,5979704,0.6745,0.6745,0,ar,يبلغ طول البيت الأبيض 168 قدمًا (51.2 مترًا) ويبلغ عرض البيت الأبيض 85 قدمًا و 6 بوصات (26.1 مترًا) بدون أروقة ؛ 152 قدما مع أروقة. يبلغ الارتفاع الإجمالي للبيت الأبيض (إلى أعلى السطح) 70 قدمًا في الجنوب و 60 قدمًا و 4 بوصات في الشمال ؛ يبلغ ارتفاع fa'§ade (درجة العشب إلى الحاجز) 60 قدمًا في الجنوب
CASE_0245,820161,endpoint,5,7927399,0.6676,0.6676,0,ar,أفضل إجابة: يبلغ طول البيت الأبيض 168 قدمًا (51.2 مترًا). يبلغ عرض البيت الأبيض 85 قدمًا و 6 بوصات (26.1 مترًا) بدون أروقة ؛ 152 قدما مع أروقة. يبلغ الارتفاع الإجمالي للبيت الأبيض (إلى أعلى السطح) 70 قدمًا في الجنوب و 60 قدمًا و 4 بوصات في الشمال ؛ يبلغ ارتفاع façade (درجة العشب إلى الحاجز) 60 قدمًا
CASE_0245,820161,endpoint,6,6346386,0.6546,0.6546,0,ar,وفقًا لخدمة المتنزهات الوطنية ، يبلغ الارتفاع الرسمي لنصب واشنطن 555 قدمًا و 5 بوصات (169.294 م).
CASE_0245,820161,endpoint,7,8682706,0.6479,0.6479,0,ar,نصب واشنطن لا يبلغ ارتفاعه 666 قدمًا. يحتاج الناس إلى إعادة التحقق من الحقائق قبل الجري بالمعلومات. يبلغ عمق الأساس في الواقع 36 قدمًا و 10 بوصات كما ورد في Wikipedia.org ويبلغ الارتفاع الرسمي 555 قدمًا 5-1 / 8 بوصات كما ورد في موقع National Park Service على الويب ، وبالتالي فإن الارتفاع الإجمالي سي
CASE_0245,820161,endpoint,8,6346388,0.6452,0.6452,0,ar,يبلغ ارتفاع قاعدة المسلة في نصب واشنطن 55 قدمًا و 1 بوصة (16.8 مترًا). يتناقص التدريجي إلى الحد الأقصى ، الذي يبلغ طوله 0.91 مترًا. قمة الألومنيوم لها قاعدة مربعة من 5.6 بوصة (14 سم). يبلغ الارتفاع الرسمي 555 قدمًا و 5 بوصات (169.294 م).
CASE_0245,820161,endpoint,9,1825302,0.6447,0.6447,0,ar,يبلغ ارتفاع نصب واشنطن التذكاري ، الذي يبلغ ارتفاعه 555 قدمًا ، 267 قدمًا عن مبنى الكابيتول الأمريكي. نظرًا لأن قاعدة النصب التذكاري لواشنطن هي 30 قدمًا فوق مستوى سطح البحر ، وقاعدة مبنى الكابيتول ترتفع 88 قدمًا فوق مستوى سطح البحر ، فإن الجزء العلوي من نصب واشنطن أعلى بـ 209 أقدام من قمة مبنى الكاب
CASE_0245,820161,endpoint,10,4682832,0.6441,0.6441,0,ar,كم كان ارتفاع نصب واشنطن التذكاري عام 1822؟ لم يبدأ بناء النصب التذكاري لواشنطن حتى عام 1848. من 1854 إلى 1876 ، كان النصب قد اكتمل ثلثه فقط ، ويبلغ ارتفاعه حوالي 152 قدمًا (46 مترًا). كان المارون المستخدم لإكمال المظهر الخارجي للنصب أكثر قتامة قليلاً فوق هذه النقطة.
CASE_0245,820161,mixed,1,7829059,0.7007,0.7007,1,ar,الارتفاع الأساسي لـ White Pass هو 4500 قدم (1،370 م) فوق مستوى سطح البحر ، مع ارتفاع يصل إلى 6500 قدم (1980 م) ، مما يؤدي إلى انخفاض عمودي بمقدار 2000 قدم (610 م). تقع على الجانب الجنوبي من الطريق السريع بين الشرق والغرب ، وتواجه المنحدرات الشمال بشكل أساسي.
CASE_0245,820161,mixed,2,7829057,0.6866,0.6866,0,ar,منطقة White Pass للتزلج هي منطقة تزلج في شمال غرب الولايات المتحدة ، في سلسلة Cascade في White Pass ، واشنطن. تقع على بعد 50 ميلاً (80 كم) غرب ياكيما في الولايات المتحدة 12 ، وتبعد 110 ميلاً (180 كم) شرق تاكوما. [1] عندما يطير الغراب ، يقع الممر على بعد 25 ميلاً (40 كم) جنوب شرق قمة جبل رينييه و 30
CASE_0245,820161,mixed,3,5958263,0.6866,0.6866,0,ar,يبلغ الارتفاع الإجمالي للبيت الأبيض (إلى أعلى السطح) 70 قدمًا في الجنوب و 60 قدمًا و 4 بوصات في الشمال ؛ تبلغ الواجهة (درجة العشب إلى الحاجز) 60 قدمًا في الجنوب (العشب على ارتفاع 54 قدمًا فوق مستوى سطح البحر) و 50 قدمًا و 4 بوصات في الشمال. يحيط سور البيت الأبيض 18 فدانا من الأرض.
CASE_0245,820161,mixed,4,4905632,0.6814,0.6814,0,ar,قائمة مع Go Northwest! White Pass ، ارتفاع 4500 قدم ، على الطريق السريع 12 ، هو أقصى الجنوب يمر عبر جبال كاسكيد في ولاية واشنطن. يقع على واحد من أربعة ممرات لواشنطن بين الشرق والغرب ، الثلاثة الآخرون هم Stevens Pass على طريق الولايات المتحدة السريع 2 ، وممر Snoqualmie على I-90 وممر North Cascades عل
CASE_0245,820161,mixed,5,1693676,0.6677,0.6677,0,ar,يبلغ الارتفاع الإجمالي للبيت الأبيض (إلى أعلى السطح) 70 قدمًا في الجنوب و 60 قدمًا و 4 بوصات في الشمال ؛ يبلغ ارتفاع façade (درجة العشب إلى الحاجز) 60 قدمًا في الجنوب (العشب على ارتفاع 54 قدمًا فوق مستوى سطح البحر) و 50 قدمًا و 4 بوصات في الشمال.
CASE_0245,820161,mixed,6,5979702,0.6648,0.6648,0,ar,يبلغ طول البيت الأبيض 168 قدمًا (51.2 مترًا). يبلغ عرض البيت الأبيض 85 قدما و 6 بوصات (26.1 مترا) بدون أروقة. 152 قدما مع أروقة. يبلغ الارتفاع الإجمالي للبيت الأبيض (إلى أعلى السطح) 70 قدمًا في الجنوب و 60 قدمًا و 4 بوصات في الشمال ؛ يبلغ ارتفاع fa'§ade (درجة العشب إلى الحاجز) 60 قدمًا في الجنوب (ال
CASE_0245,820161,mixed,7,5979704,0.6633,0.6633,0,ar,يبلغ طول البيت الأبيض 168 قدمًا (51.2 مترًا) ويبلغ عرض البيت الأبيض 85 قدمًا و 6 بوصات (26.1 مترًا) بدون أروقة ؛ 152 قدما مع أروقة. يبلغ الارتفاع الإجمالي للبيت الأبيض (إلى أعلى السطح) 70 قدمًا في الجنوب و 60 قدمًا و 4 بوصات في الشمال ؛ يبلغ ارتفاع fa'§ade (درجة العشب إلى الحاجز) 60 قدمًا في الجنوب
CASE_0245,820161,mixed,8,6346386,0.6604,0.6604,0,ar,وفقًا لخدمة المتنزهات الوطنية ، يبلغ الارتفاع الرسمي لنصب واشنطن 555 قدمًا و 5 بوصات (169.294 م).
CASE_0245,820161,mixed,9,7927399,0.6553,0.6553,0,ar,أفضل إجابة: يبلغ طول البيت الأبيض 168 قدمًا (51.2 مترًا). يبلغ عرض البيت الأبيض 85 قدمًا و 6 بوصات (26.1 مترًا) بدون أروقة ؛ 152 قدما مع أروقة. يبلغ الارتفاع الإجمالي للبيت الأبيض (إلى أعلى السطح) 70 قدمًا في الجنوب و 60 قدمًا و 4 بوصات في الشمال ؛ يبلغ ارتفاع façade (درجة العشب إلى الحاجز) 60 قدمًا
CASE_0245,820161,mixed,10,8682706,0.6551,0.6551,0,ar,نصب واشنطن لا يبلغ ارتفاعه 666 قدمًا. يحتاج الناس إلى إعادة التحقق من الحقائق قبل الجري بالمعلومات. يبلغ عمق الأساس في الواقع 36 قدمًا و 10 بوصات كما ورد في Wikipedia.org ويبلغ الارتفاع الرسمي 555 قدمًا 5-1 / 8 بوصات كما ورد في موقع National Park Service على الويب ، وبالتالي فإن الارتفاع الإجمالي سي
CASE_0245,912961,endpoint,1,2052278,0.6589,0.6589,0,ar,باختصار ، التأمين التكميلي هو تأمين يساعدك على دفع فواتيرك الطبية في حالة الإصابة أو المرض المغطاة ؛ إنه تأمين يُدفع مباشرة إلى حامل الوثيقة (نفسك) بدلاً من مقدمي الرعاية الصحية.
CASE_0245,912961,endpoint,2,2208018,0.6291,0.6291,0,ar,ما هي خطة التأمين الصحي التكميلي؟ خطة التأمين الصحي التكميلي هي خطة رعاية صحية تغطي أي شيء يتجاوز الحد الأدنى من التغطية الطبية الأساسية. يمكن أن توفر الخطط الصحية التكميلية تغطيات طبية إضافية ، أو يمكن شراؤها أيضًا للمساهمة في دفع التكاليف التي لا تغطيها خطة التأمين الصحي الأساسية ، مثل التأمين الم
CASE_0245,912961,endpoint,3,5344991,0.6281,0.6281,0,ar,معلومات عامة عن التأمين التكميلي للرعاية الطبية. التأمين التكميلي Medicare (Medigap) هو تأمين صحي تبيعه شركات التأمين الخاصة لتغطية بعض الفجوات في النفقات التي لا يغطيها Medicare.
CASE_0245,912961,endpoint,4,3739308,0.6264,0.6264,0,ar,نصيحة للدكتور مايك: التأمين التكميلي هو مجرد ملحق أو إضافة. انها ليست بديلا عن التأمين الصحي العادي! يعد Medigap أحد أكثر أنواع التأمين التكميلي شيوعًا ، والذي يمكن بيعه بواسطة شركات التأمين الخاصة للأشخاص المسجلين في Medicare.
CASE_0245,912961,endpoint,5,8629556,0.6194,0.6194,0,ar,تأمين الأسنان التكميلي. التأمين التكميلي للأسنان هو بوليصة تأمين فردية أو عائلية يتم شراؤها لتغطية جزء من تكاليف طب الأسنان بشكل عام أعلى أو أكثر من خطة طب الأسنان الأساسية. لا يغطي التأمين التكميلي للأسنان عادة إجراءات العناية بالأسنان بأكملها.
CASE_0245,912961,endpoint,6,4306300,0.6128,0.6128,0,ar,ما هو التأمين التكميلي Medicare (Medigap)؟ التأمين التكميلي من Medicare ، المعروف أيضًا باسم Medigap ، هو تأمين صحي خاص يساعد في دفع النفقات الصحية (المدفوعات المشتركة والتأمين المشترك والخصومات) التي لا يغطيها برنامج Medicare الأصلي. إنه يسد الثغرات في تغطية Medicare ويوفر على المرضى الفواتير المرت
CASE_0245,912961,endpoint,7,1364633,0.6127,0.6127,0,ar,يُعرف أحيانًا أيضًا باسم التأمين التكميلي أو المزايا المدفوعة للموظفين ؛ يتم تقديم مزايا الموظفين الطوعية من قبل صاحب العمل من خلال مكان العمل حيث يمكن للموظفين اختيار شرائها بالإضافة إلى مزايا الموظفين الأساسية التي قد يحصلون عليها كجزء من حزمة المزايا. عادة ما تكون خيارات الدفع مرنة.
CASE_0245,912961,endpoint,8,2128752,0.6087,0.6087,0,ar,SSI ، أو دخل الضمان التكميلي ، هو برنامج قائم على الاحتياجات يوفر فحصًا شهريًا للأشخاص المكفوفين أو كبار السن أو ذوي الإعاقة.
CASE_0245,912961,endpoint,9,847224,0.6082,0.6082,0,ar,خطة التأمين الصحي التكميلي هي خطة رعاية صحية تغطي أي شيء يتجاوز الحد الأدنى من التغطية الطبية الأساسية. يمكن أن توفر الخطط الصحية التكميلية تغطيات طبية إضافية ، أو يمكن شراؤها أيضًا للمساهمة في دفع التكاليف التي لا تغطيها خطة التأمين الصحي الأساسية ، مثل التأمين المشترك ، والدفع المشترك ، والخصومات.
CASE_0245,912961,endpoint,10,7908999,0.6076,0.6076,0,ar,يعد التأمين التكميلي الأجل على الحياة خيارًا شائعًا للعديد من الأشخاص ، وخاصة أولئك الذين لديهم عائلات أو التزامات مالية كبيرة. غالبًا ما يتم شراء التأمين على الحياة لمدة محددة من خلال صاحب العمل ، مع توفر التغطية بمضاعفات الراتب السنوي للموظف.
CASE_0245,912961,mixed,1,7850830,0.6194,0.6194,1,ar,خطط التأمين التكميلي للرعاية الطبية هيومانا. قد تختلف المنتجات حسب العمر والجنس والدولة. وهي تشمل عادةً الخطط A و B و C و F و High Deductible F و K و L و N. Humanaà- خطط التأمين التكميلي Medicare متوفرة في جميع أنحاء البلاد بالإضافة إلى واشنطن العاصمة وبورتوريكو. ملاحظة: خطط التأمين التكميلي Medicar
CASE_0245,912961,mixed,2,2052278,0.6149,0.6149,0,ar,باختصار ، التأمين التكميلي هو تأمين يساعدك على دفع فواتيرك الطبية في حالة الإصابة أو المرض المغطاة ؛ إنه تأمين يُدفع مباشرة إلى حامل الوثيقة (نفسك) بدلاً من مقدمي الرعاية الصحية.
CASE_0245,912961,mixed,3,7850829,0.6146,0.6146,0,ar,التأمين الصحي هيومانا. تأمين المكملات الطبية. Humana Health Insurance هي شركة من قائمة Fortune 100 تتمتع بتاريخ يصل إلى ما يقرب من 50 عامًا في مجال الصحة ، وتلتزم Humana بتقديم مزايا قيمة وبرامج صحية متميزة وخدمة عملاء موثوقة.
CASE_0245,912961,mixed,4,3739308,0.6123,0.6123,0,ar,نصيحة للدكتور مايك: التأمين التكميلي هو مجرد ملحق أو إضافة. انها ليست بديلا عن التأمين الصحي العادي! يعد Medigap أحد أكثر أنواع التأمين التكميلي شيوعًا ، والذي يمكن بيعه بواسطة شركات التأمين الخاصة للأشخاص المسجلين في Medicare.
CASE_0245,912961,mixed,5,7850833,0.609,0.609,0,ar,بالنسبة لأولئك الأشخاص الذين يفضلون برنامج Medicare الأصلي بالإضافة إلى التأمين التكميلي لبعض النفقات الطبية التي لا يغطيها Medicare ، ضع في اعتبارك مجموعة سياسات Humana الخاصة بتكملة Medicare. بينما قد يختلف عرض منتجات Humana إلى حد ما حسب الولاية ، إلا أنها تقدم عادةً الخطط A و B و C و F و High De
CASE_0245,912961,mixed,6,2227664,0.6016,0.6016,0,ar,خطط الحياة والتكميلية. يتم التأمين على الحياة الفردية للسرطان ، والسرطان النقدي ، والأمراض الحرجة ، وتعويض المستشفى ، والصندوق التذكاري ، و Junior Estate Builder وخطط الحوادث من قبل شركة Humana Insurance Company أو Humana Insurance Company of Kentucky أو ​​Humana Health Insurance Company of Florida،
CASE_0245,912961,mixed,7,5344991,0.5954,0.5954,0,ar,معلومات عامة عن التأمين التكميلي للرعاية الطبية. التأمين التكميلي Medicare (Medigap) هو تأمين صحي تبيعه شركات التأمين الخاصة لتغطية بعض الفجوات في النفقات التي لا يغطيها Medicare.
CASE_0245,912961,mixed,8,8518257,0.595,0.595,0,ar,Humana Gold Plus â € ® هي خطة منظمة الصيانة الصحية لميزة Medicare (HMO) التي تتضمن جميع مزايا برنامج Original Medicare وقد تشمل تغطية الأدوية الموصوفة والعديد من الإضافات. والتكاليف من الجيب أقل ويمكن التنبؤ بها أكثر من الأنواع الأخرى من الخطط.
CASE_0245,912961,mixed,9,8133893,0.5944,0.5944,0,ar,يضيف؛ لتقف على الموت العرضي وتقطيع أوصال. AD & D التكميلي ؛ هو نوع من التأمين يدفع مزايا نقدية محددة بوضوح إذا تسبب حادث في الوفاة أو العمى أو فقدان طرف أو أكثر. يمكن أن يساعدك فهم فوائدها وتكاليفها في تحديد ما إذا كنت ستشتري AD & D التكميلي ؛ التأمين هو الاستخدام الحكيم لأموالك.
CASE_0245,912961,mixed,10,2208018,0.5924,0.5924,0,ar,ما هي خطة التأمين الصحي التكميلي؟ خطة التأمين الصحي التكميلي هي خطة رعاية صحية تغطي أي شيء يتجاوز الحد الأدنى من التغطية الطبية الأساسية. يمكن أن توفر الخطط الصحية التكميلية تغطيات طبية إضافية ، أو يمكن شراؤها أيضًا للمساهمة في دفع التكاليف التي لا تغطيها خطة التأمين الصحي الأساسية ، مثل التأمين الم
CASE_0245,942651,endpoint,1,3486294,0.7605,0.7605,0,ar,اخترع المهندس الإنجليزي جورج كايلي أحزمة المقاعد في القرن التاسع عشر ، ولكن لم يكن مطلوبًا تركيبها في السيارات الجديدة في الولايات المتحدة قبل عام 1959. تحرير شارك على:
CASE_0245,942651,endpoint,2,2438048,0.7469,0.7469,0,ar,أحزمة المقاعد - تاريخ أحزمة المقاعد. على الرغم من أن أحزمة المقاعد تعتبر معيارًا في سيارات اليوم ، إلا أنها تعد اختراعًا جديدًا نسبيًا. صممت أحزمة المقاعد لأول مرة من قبل إدوارد كالغور في منتصف القرن التاسع عشر ، وكانت تستخدم فقط من حين لآخر من قبل الناس ، مثل الرسامين أو رجال الإطفاء ، الذين كانوا
CASE_0245,942651,endpoint,3,2438053,0.7433,0.7433,0,ar,أحزمة المقاعد - تاريخ أحزمة المقاعد. أحزمة المقاعد. على الرغم من أن أحزمة المقاعد تعتبر معيارًا في سيارات اليوم ، إلا أنها تعد اختراعًا جديدًا نسبيًا. صممت أحزمة المقاعد لأول مرة من قبل إدوارد كالغور في منتصف القرن التاسع عشر ، وكانت تستخدم فقط من حين لآخر من قبل الناس ، مثل الرسامين أو رجال الإطفاء
CASE_0245,942651,endpoint,4,7761566,0.7426,0.7426,0,ar,في بعض الماركات والموديلات ، نعم فعلوا .. كانت مع ذلك إضافات للمصنع يجب عليك دفع ثمنها .... أفاد مركز سلامة المرور في جامعة كاليفورنيا في بيركلي أن أحزمة المقاعد تظهر أولاً في أمريكا السيارات في أوائل القرن العشرين ، كانت تحظى بشعبية كبيرة لأنها منعت الركاب من السقوط أثناء الركوب الوعرة ، وليس كإجرا
CASE_0245,942651,endpoint,5,7761568,0.7384,0.7384,1,ar,السيارات المبكرة لم يكن بها أحزمة أمان. في الثلاثينيات من القرن الماضي ، بدأ الأطباء في تركيب أحزمة الأمان في سياراتهم ، مدركين أن الحوادث تتزايد جنبًا إلى جنب مع سرعة السيارات وشعبيتها. في عام 1955 ، كانت كاليفورنيا أول ولاية تطلب من السيارات تركيب أحزمة المقاعد قبل البيع. أصبح هذا قانونًا أمريكيًا
CASE_0245,942651,endpoint,6,2438049,0.7294,0.7294,0,ar,تم اختراع أحزمة المقاعد في عام 1885 ولكن أول استخدام حديث لحزام الأمان كان من قبل ناش في عام 1949 عندما تم تقديمه كخيار. عرضته فورد أيضًا كخيار في عام 1955. صنع Saabàâ معدات قياسية في ذلك الوقت في عام 1958. كانت فولفو في عام 1959 هي أول سيارة مزودة بنظام حزام الأمان الحديث المكون من 3 نقاط.
CASE_0245,942651,endpoint,7,6098362,0.7259,0.7259,0,ar,لم يبدأ استخدام أحزمة المقاعد في السيارات بشكل جدي حتى منتصف الخمسينيات وأواخرها.
CASE_0245,942651,endpoint,8,2438054,0.7246,0.7246,0,ar,1849 - بدأت أحزمة المقاعد في الظهور لأول مرة (Sorta) ويؤكد لنا الإنترنت أن هذا هو الوقت الذي عرضت فيه فولفو أول سيارة مزودة بأحزمة أمان مدمجة. إذا كان هذا صحيحًا ، فمن المثير للاهتمام أنهم لم يقدموا العالم - أول 3- نقطة أحزمة المقاعد الأمامية حتى بعد 110 سنوات à¢. 1885 - - - أول براءة اختراع حزام ال
CASE_0245,942651,endpoint,9,7761567,0.7214,0.7214,0,ar,تطور أحزمة المقاعد .. وتثبيتات أحزمة المقاعد إلزاميًا لأحزمة المقاعد في عام 1968. لم يتم تثبيت أحزمة المقاعد الأولى في السيارات من قبل شركات تصنيع السيارات. لم تكن السيارات المبكرة تسير بسرعة كبيرة ، وكان هناك عدد قليل نسبيًا من السيارات على الطريق. مع ازدياد عدد المركبات ، ازداد حجم الخطر.
CASE_0245,942651,endpoint,10,4588233,0.7192,0.7192,0,ar,1849 - بدأت أحزمة المقاعد لأول مرة (سورتا). ويؤكد لنا الإنترنت أن هذا حدث عندما قدمت فولفو أول سيارة بها أحزمة أمان مدمجة. إذا كان هذا صحيحًا ، فمن المثير للاهتمام أنهم لم يقدموا العالم - أول 3- نقطة أحزمة المقاعد الأمامية حتى بعد 110 سنوات à¢.
CASE_0245,942651,mixed,1,7761568,0.7432,0.7432,1,ar,السيارات المبكرة لم يكن بها أحزمة أمان. في الثلاثينيات من القرن الماضي ، بدأ الأطباء في تركيب أحزمة الأمان في سياراتهم ، مدركين أن الحوادث تتزايد جنبًا إلى جنب مع سرعة السيارات وشعبيتها. في عام 1955 ، كانت كاليفورنيا أول ولاية تطلب من السيارات تركيب أحزمة المقاعد قبل البيع. أصبح هذا قانونًا أمريكيًا
CASE_0245,942651,mixed,2,7824905,0.7246,0.7246,0,ar,في أي عام بدأوا في تثبيت أحزمة الأمان في جميع السيارات. طلب الدكاترة حزام الأمان الأول في الثلاثينيات. شوهدوا بانتظام في الخمسينيات من القرن الماضي ، لكن لم يكن ذلك حتى 1966-1968 عندما جعلهم التشريع إلزاميًا.
CASE_0245,942651,mixed,3,2438054,0.7243,0.7243,0,ar,1849 - بدأت أحزمة المقاعد في الظهور لأول مرة (Sorta) ويؤكد لنا الإنترنت أن هذا هو الوقت الذي عرضت فيه فولفو أول سيارة مزودة بأحزمة أمان مدمجة. إذا كان هذا صحيحًا ، فمن المثير للاهتمام أنهم لم يقدموا العالم - أول 3- نقطة أحزمة المقاعد الأمامية حتى بعد 110 سنوات à¢. 1885 - - - أول براءة اختراع حزام ال
CASE_0245,942651,mixed,4,2438049,0.7105,0.7105,0,ar,تم اختراع أحزمة المقاعد في عام 1885 ولكن أول استخدام حديث لحزام الأمان كان من قبل ناش في عام 1949 عندما تم تقديمه كخيار. عرضته فورد أيضًا كخيار في عام 1955. صنع Saabàâ معدات قياسية في ذلك الوقت في عام 1958. كانت فولفو في عام 1959 هي أول سيارة مزودة بنظام حزام الأمان الحديث المكون من 3 نقاط.
CASE_0245,942651,mixed,5,3486300,0.7088,0.7088,0,ar,الإجابة: ابتداءً من عام 1967 ، كان يلزم تزويد جميع السيارات الجديدة وتلك المصنعة منذ 1 يناير 1965 بأحزمة أمان أمامية. في السبعينيات ، أجريت حملات إعلانية وطنية لتشجيع الناس على ارتداء أحزمة المقاعد. تم تقديم المقترحات الأولى بشأن الاستخدام الإجباري لأحزمة الأمان في عام 1973. وفي 31 يناير 1983 ، أصبح
CASE_0245,942651,mixed,6,4543983,0.7086,0.7086,0,ar,عرض مصنعو السيارات الأمريكيون ناش (في عام 1949) وفورد (في عام 1955) أحزمة المقاعد كخيارات ، بينما قدمت ساب السويدية أحزمة الأمان لأول مرة كمعيار عام 1958. [5] بعد تقديم Saab GT 750 في معرض نيويورك للسيارات في عام 1958 مع أحزمة الأمان المجهزة بشكل قياسي ، أصبحت هذه الممارسة شائعة.
CASE_0245,942651,mixed,7,5966688,0.7018,0.7018,0,ar,عرض مصنعو السيارات الأمريكيون ناش (في عام 1949) وفورد (في عام 1955) أحزمة المقاعد كخيارات ، بينما قدمت ساب السويدية أحزمة الأمان لأول مرة كمعيار عام 1958. بعد تقديم Saab GT 750 في معرض نيويورك للسيارات عام 1958 بأحزمة أمان أصبحت هذه الممارسة شائعة. قدم جلين شيرين من ماسون بولاية ميشيغان طلب براءة اخ
CASE_0245,942651,mixed,8,7761566,0.701,0.701,0,ar,في بعض الماركات والموديلات ، نعم فعلوا .. كانت مع ذلك إضافات للمصنع يجب عليك دفع ثمنها .... أفاد مركز سلامة المرور في جامعة كاليفورنيا في بيركلي أن أحزمة المقاعد تظهر أولاً في أمريكا السيارات في أوائل القرن العشرين ، كانت تحظى بشعبية كبيرة لأنها منعت الركاب من السقوط أثناء الركوب الوعرة ، وليس كإجرا
CASE_0245,942651,mixed,9,4079743,0.7004,0.7004,0,ar,صنع سيارة وسابقها لمدة عامين على حلبة سباقات الدراج. تم اختراع أحزمة المقاعد في عام 1885 ولكن أول استخدام حديث لحزام الأمان كان بواسطة ناش في عام 1949 عندما تم تقديمه كخيار. كما عرضتها شركة فورد كخيار في عام 1955 ، حيث صنعت صعب ، ثم معدات قياسية في عام 1958 ، وصنعت سيارة وتسابق بها لمدة عامين على حل
CASE_0245,942651,mixed,10,4079739,0.6982,0.6982,0,ar,اخترع المهندس الإنجليزي جورج كايلي أحزمة المقاعد في منتصف القرن التاسع عشر ، على الرغم من أن إدوارد ج. تم وضع قانون الحزام في عام 1970 ، في ولاية فيكتوريا ، أستراليا ، مما يجعل ارتداء حزام الأمان إلزاميًا للسائقين وركاب المقاعد الأمامية.
CASE_0245,1065227,endpoint,1,6776232,0.7713,0.7713,0,ar,لون نبتون الأزرق هو النتيجة. من الميثان في الغلاف الجوي. أورانوس هو اللون الأزرق والأخضر أيضًا. ناتج عن غاز الميثان الموجود في الغلاف الجوي ، لكن نبتون لون أزرق أكثر إشراقًا وإشراقًا ، لذلك يجب أن يكون هناك مكون غير معروف. يسبب اللون الأكثر كثافة.
CASE_0245,1065227,endpoint,2,7058479,0.7511,0.7511,0,ar,يظهر نبتون باللون الأزرق بسبب غاز الميثان في غلافه الجوي. أورانوس أزرق أيضًا ، على الرغم من أن اللون أفتح (أقرب إلى الزبرجد).
CASE_0245,1065227,endpoint,3,2345939,0.7451,0.7451,0,ar,نبتون وأورانوس ليسا أزرق. إنه وهم ناتج عن أسطح الكواكب. نظرًا لأننا بعيدون جدًا ، فإننا نلتقط الوهم البصري لذلك. تقريبا مثل المريخ ، والذي هو في الواقع ليس أحمر ، على الرغم من لون ريفي شاحب. نبتون لونه أزرق بسبب السحب الكبيرة لجزيئات الميثان. من ناحية أخرى ، يمتص أورانوس الضوء الأحمر للشمس ، ونتيجة
CASE_0245,1065227,endpoint,4,7942417,0.7448,0.7448,1,ar,يظهر أورانوس ونبتون باللون الأزرق بسبب. أ. تمتص أجواءها الضوء الأزرق بكفاءة عالية. ب. كلاهما لهما كتل صغيرة جدًا بالنسبة لكواكب المشتري. ج. أسطحها مغطاة بالماء وغيومها رقيقة جدا د. تمتص أجواءها الضوء الأحمر بكفاءة عالية. ه. سرعات الرياح عالية جدًا وتظهر تحولًا قويًا باللون الأزرق.
CASE_0245,1065227,endpoint,5,7942413,0.7438,0.7438,0,ar,نبتون وأورانوس ليسا أزرق. إنه وهم ناتج عن أسطح الكواكب. نظرًا لأننا بعيدون جدًا ، فإننا نلتقط الوهم البصري لذلك. تقريبا مثل المريخ ، والذي هو في الواقع ليس أحمر ، على الرغم من لون ريفي شاحب. نبتون لونه أزرق بسبب السحب الكبيرة لجزيئات الميثان.
CASE_0245,1065227,endpoint,6,7058481,0.7437,0.7437,0,ar,لون نبتون أزرق سماوي لامع. خلال تحليقها في عام 1989 ، كشفت وكالة ناسا الفضائية فوييجر 2 عن اللون الأزرق الساطع ، الذي يختلف عن اللون الأزرق الباهت لأورانوس. فلماذا يمتلك نبتون هذا اللون؟ تأتي الإجابة على لون نبتون من قمم السحابة. يتكون الغلاف الجوي العلوي لنبتون [ࢠ€¦]
CASE_0245,1065227,endpoint,7,6691480,0.7415,0.7415,0,ar,بقلم فريزر كاين في 27 نوفمبر 2008. لون نبتون أزرق سماوي لامع. خلال تحليقها في عام 1989 ، كشفت فوييجر 2 التابعة لناسا عن اللون الأزرق الساطع ، الذي يختلف عن اللون الأزرق الباهت لأورانوس. بواسطة فريزر كاين في 27 نوفمبر 2008. لون نبتون هو أزرق سماوي لامع. خلال تحليقها في عام 1989 ، كشفت وكالة ناسا الفض
CASE_0245,1065227,endpoint,8,8413203,0.736,0.736,0,ar,بقلم فريزر كاين في 27 نوفمبر 2008. لون نبتون أزرق سماوي لامع. أثناء تحليقها في عام 1989 ، كشفت فوييجر 2 التابعة لناسا عن اللون الأزرق الساطع ، الذي يختلف عن اللون الأزرق الباهت لأورانوس. تأتي الإجابة على لون نبتون من قمم السحابة. يتكون الغلاف الجوي العلوي لنبتون من 80٪ هيدروجين ، و 19٪ هيليوم مع نسب
CASE_0245,1065227,endpoint,9,8217258,0.7341,0.7341,0,ar,يحتوي كل من أورانوس ونبتون على غاز الميثان في غلافهما الجوي الذي يمتص الضوء الأحمر ، مما يسمح بانعكاس درجات اللون الأزرق. نبتون هو لون أزرق أكثر بكثير من أورانوس ، لكن أورانوس يحتوي على كمية أكبر من الميثان في غلافه الجوي.
CASE_0245,1065227,endpoint,10,7942420,0.7292,0.7292,0,ar,"""""""الآن"""". بلغ عن سوء معاملة. أورانوس ونبتون لونهما أزرق بسبب تركيبتهما الجوية من الميثان والهيدروجين والجليد والهيليوم. يشار إليهم باسم عمالقة الجليد ، لا يمتلكون سطحًا صلبًا. المصدر (المصادر): Trekkie باهتمام علمي. المنطق Ã⠀ šÃ' · 7 سنوات."""
CASE_0245,1065227,mixed,1,7942417,0.7215,0.7215,1,ar,يظهر أورانوس ونبتون باللون الأزرق بسبب. أ. تمتص أجواءها الضوء الأزرق بكفاءة عالية. ب. كلاهما لهما كتل صغيرة جدًا بالنسبة لكواكب المشتري. ج. أسطحها مغطاة بالماء وغيومها رقيقة جدا د. تمتص أجواءها الضوء الأحمر بكفاءة عالية. ه. سرعات الرياح عالية جدًا وتظهر تحولًا قويًا باللون الأزرق.
CASE_0245,1065227,mixed,2,7942420,0.7137,0.7137,0,ar,"""""""الآن"""". بلغ عن سوء معاملة. أورانوس ونبتون لونهما أزرق بسبب تركيبتهما الجوية من الميثان والهيدروجين والجليد والهيليوم. يشار إليهم باسم عمالقة الجليد ، لا يمتلكون سطحًا صلبًا. المصدر (المصادر): Trekkie باهتمام علمي. المنطق Ã⠀ šÃ' · 7 سنوات."""
CASE_0245,1065227,mixed,3,6776232,0.7131,0.7131,0,ar,لون نبتون الأزرق هو النتيجة. من الميثان في الغلاف الجوي. أورانوس هو اللون الأزرق والأخضر أيضًا. ناتج عن غاز الميثان الموجود في الغلاف الجوي ، لكن نبتون لون أزرق أكثر إشراقًا وإشراقًا ، لذلك يجب أن يكون هناك مكون غير معروف. يسبب اللون الأكثر كثافة.
CASE_0245,1065227,mixed,4,7942413,0.7102,0.7102,0,ar,نبتون وأورانوس ليسا أزرق. إنه وهم ناتج عن أسطح الكواكب. نظرًا لأننا بعيدون جدًا ، فإننا نلتقط الوهم البصري لذلك. تقريبا مثل المريخ ، والذي هو في الواقع ليس أحمر ، على الرغم من لون ريفي شاحب. نبتون لونه أزرق بسبب السحب الكبيرة لجزيئات الميثان.
CASE_0245,1065227,mixed,5,7058479,0.7049,0.7049,0,ar,يظهر نبتون باللون الأزرق بسبب غاز الميثان في غلافه الجوي. أورانوس أزرق أيضًا ، على الرغم من أن اللون أفتح (أقرب إلى الزبرجد).
CASE_0245,1065227,mixed,6,2345939,0.7048,0.7048,0,ar,نبتون وأورانوس ليسا أزرق. إنه وهم ناتج عن أسطح الكواكب. نظرًا لأننا بعيدون جدًا ، فإننا نلتقط الوهم البصري لذلك. تقريبا مثل المريخ ، والذي هو في الواقع ليس أحمر ، على الرغم من لون ريفي شاحب. نبتون لونه أزرق بسبب السحب الكبيرة لجزيئات الميثان. من ناحية أخرى ، يمتص أورانوس الضوء الأحمر للشمس ، ونتيجة
CASE_0245,1065227,mixed,7,7058472,0.7021,0.7021,0,ar,احصل على إجابة كاملة خطوة بخطوة لما يعطي neptune و uranus لونهما الأزرق إلى الأزرق والأخضر. أنت مشترك في الإصدار التجريبي المجاني من StudySoup. يرجى تأكيد اشتراكك لمدة شهر واحد لمواصلة الوصول إلى مواد دراسية عالية الجودة.
CASE_0245,1065227,mixed,8,7565734,0.6991,0.6991,0,ar,نبتون: أزرق شاحب. كما في حالة أورانوس ، يرجع اللون إلى غاز الميثان. سيبدو نبتون أغمق من أورانوس بسبب الإضاءة الخافتة (مسافة أكبر من الشمس). تظهر بعض صور Neptune من Voyager 2 flyby (في عام 1989) لونًا أزرق داكنًا ، ولكن تم تحسين الألوان في تلك الصور.
CASE_0245,1065227,mixed,9,8217258,0.6933,0.6933,0,ar,يحتوي كل من أورانوس ونبتون على غاز الميثان في غلافهما الجوي الذي يمتص الضوء الأحمر ، مما يسمح بانعكاس درجات اللون الأزرق. نبتون هو لون أزرق أكثر بكثير من أورانوس ، لكن أورانوس يحتوي على كمية أكبر من الميثان في غلافه الجوي.
CASE_0245,1065227,mixed,10,1761259,0.6887,0.6887,0,ar,يتميز أورانوس بمظهر مزرق لأن غلافه الجوي يتكون من الهيدروجين والهيليوم والميثان. يمتص الميثان الموجود في الغلاف الجوي العلوي الضوء الأحمر من الشمس ولكن r àيعكس الضوء الأزرق من الشمس مرة أخرى إلى الفضاء. 2 وجد الناس هذا مفيدًا. ونبتون ناتج عن غاز الميثان في الغلاف الجوي.
CASE_0245,1097066,endpoint,1,394575,0.5752,0.5752,0,ar,بورت شارلوت هو مكان مخصص للتعداد السكاني (CDP) في مقاطعة شارلوت ، فلوريدا ، الولايات المتحدة. كان عدد السكان 46451 في تعداد عام 2000.. وهي جزء من منطقة بونتا جوردا متروبوليتان الإحصائية. كان أول من أطلق على منزل منطقة بورت شارلوت هم البدو الهنود البدو وهم يطاردون لعبة كبيرة مثل الماموث الصوفي جنوبًا
CASE_0245,1097066,endpoint,2,7444218,0.5709,0.5709,0,ar,1134 LIVE OAK، PORT CHARLOTTE، FL قائمة الأسعار: 219،900 دولار | السرير: 3 | حمام: 2.00. منزل رائع لعربة 3 أسرّة / 2 حمام يقع في Gated Heritage Oak Park. تعتبر الشرفة الأمامية التي تم فحصها هي المكان المثالي لتناول قهوة الصباح أو يمكنك الاسترخاء على اللاناي المغطى بالبلاط على الظهر المحاط بالمناظر ا
CASE_0245,1097066,endpoint,3,7444217,0.5596,0.5596,0,ar,منازل هيريتاج أوك بارك للبيع. منطقة HERITAGE OAK PARK في بورت شارلوت ، فلوريدا
CASE_0245,1097066,endpoint,4,7444223,0.5573,0.5573,1,ar,Heritage Oak Park ، Port Charlotte ، FL Real Estate & Homes for Sale Homes للبيع في Heritage Oak Park ، Port Charlotte ، FL يبلغ متوسط ​​سعر القائمة 184،900 دولارًا وسعر القدم المربع 139 دولارًا. هناك 10 منازل نشطة للبيع في حي هيريتيج أوك بارك ، والتي تقضي في المتوسط ​​أيامًا في السوق. بعض الأحياء ا
CASE_0245,1097066,endpoint,5,225920,0.5567,0.5567,0,ar,1383 نورثفيو سانت بورت شارلوت فلوريدا 33954 منزل للبيع 2249003 دولار دينار بحريني - 2 باوند - 1،688 قدم مربع. 383 شارع نورثفيو ، بورت شارلوت ، فلوريدا. 2 37 Meadowlark Ln Placida FL 33946 منزل للبيع 299،0003 دولار أمريكي 2 ba â € 1،800 sqft. 37 Meadowlark Ln، Placida، FL. 3 9 Ships Ln Placida FL 339
CASE_0245,1097066,endpoint,6,1748745,0.554,0.554,0,ar,تحتوي فلل بوردووك على 532 مكان إقامة منفصل ، تتراوح من الاستوديوهات إلى الفيلات الكبرى.
CASE_0245,1097066,endpoint,7,1094289,0.5453,0.5453,0,ar,171 منازل للبيع في بارتو ، فلوريدا. تصفح الصور ، وشاهد العقارات الجديدة ، واحصل على معلومات عن المنزل المفتوح ، وابحث عن الأحياء في Trulia.
CASE_0245,1097066,endpoint,8,2428543,0.5429,0.5429,0,ar,335 منازل للبيع في فورت والتون بيتش ، فلوريدا. تصفح الصور ، وشاهد العقارات الجديدة ، واحصل على معلومات عن المنزل المفتوح ، وابحث عن الأحياء في Trulia.
CASE_0245,1097066,endpoint,9,7444221,0.5413,0.5413,0,ar,1435 Winding Oak Drive ، بورت شارلوت ، فلوريدا 33948 $ 179،000.00. فيلا جميلة مصانة جيدًا تقع في مجتمع مسور شهير في Heritage Oak Park. تحتوي الفيلا على غرفتي نوم وحمامين كاملين وغرفة دن / إضافية ومرآب كبير لسيارتين! منظر حديقة الصداقة من lanai المفروض.
CASE_0245,1097066,endpoint,10,7442290,0.5411,0.5411,0,ar,0 شجرة 40 شجرة لكل فدان 100 شجرة لكل فدان 200 شجرة لكل فدان 300 شجرة لكل فدان 460 شجرة لكل فدان تضيف أشجار البلوط إلى قيمة أراضي الرانشيت ، إلى حد ما. هذه النقطة ، وفقًا للمثمنين العقاريين الذين شاهدوا نسخًا كبيرة من الصور الموضحة أعلاه ، كانت حوالي 40 شجرة لكل فدان.
CASE_0245,1097066,mixed,1,7444223,0.7161,0.7161,1,ar,Heritage Oak Park ، Port Charlotte ، FL Real Estate & Homes for Sale Homes للبيع في Heritage Oak Park ، Port Charlotte ، FL يبلغ متوسط ​​سعر القائمة 184،900 دولارًا وسعر القدم المربع 139 دولارًا. هناك 10 منازل نشطة للبيع في حي هيريتيج أوك بارك ، والتي تقضي في المتوسط ​​أيامًا في السوق. بعض الأحياء ا
CASE_0245,1097066,mixed,2,7444218,0.6852,0.6852,0,ar,1134 LIVE OAK، PORT CHARLOTTE، FL قائمة الأسعار: 219،900 دولار | السرير: 3 | حمام: 2.00. منزل رائع لعربة 3 أسرّة / 2 حمام يقع في Gated Heritage Oak Park. تعتبر الشرفة الأمامية التي تم فحصها هي المكان المثالي لتناول قهوة الصباح أو يمكنك الاسترخاء على اللاناي المغطى بالبلاط على الظهر المحاط بالمناظر ا
CASE_0245,1097066,mixed,3,7444224,0.6127,0.6127,0,ar,مفروشة جزئياً - تعال وتحقق من هذه الفيلا المشهورة التي تم صيانتها جيدًا في المجتمع المسور الجميل في Heritage Oak Park! هذا المنزل به 2 غرف نوم ، 2 حمامات كاملة و مكتب / دن مع باب مزدوج. (المزيد عن 1537 RED OAK LN PORT CHARLOTTE) بإذن من: RE / MAX PALM REALTY. عرض الصفحة الرئيسية الكاملة للبيع التفاص
CASE_0245,1097066,mixed,4,7444217,0.6113,0.6113,0,ar,منازل هيريتاج أوك بارك للبيع. منطقة HERITAGE OAK PARK في بورت شارلوت ، فلوريدا
CASE_0245,1097066,mixed,5,7444216,0.6065,0.6065,0,ar,1286 GREEN OAK، PORT CHARLOTTE، FL قائمة الأسعار: 189،500 $ | السرير: 2 | حمام: 2.00. فيلا جاهزة للسكن مكونة من غرفتي نوم / 2 حمام في مجتمع مسور في هيريتيج أوك بارك. تقودك الشوارع التي تصطف على جانبيها الأشجار إلى الفيلا. يحتوي المنزل على مرآب ملحق به سيارتين وشرفة أمامية مغطاة.
CASE_0245,1097066,mixed,6,7444221,0.6062,0.6062,0,ar,1435 Winding Oak Drive ، بورت شارلوت ، فلوريدا 33948 $ 179،000.00. فيلا جميلة مصانة جيدًا تقع في مجتمع مسور شهير في Heritage Oak Park. تحتوي الفيلا على غرفتي نوم وحمامين كاملين وغرفة دن / إضافية ومرآب كبير لسيارتين! منظر حديقة الصداقة من lanai المفروض.
CASE_0245,1097066,mixed,7,3757531,0.5879,0.5879,0,ar,يتكون مجتمع فورست بارك من ما يقرب من 2900 [1] من العقارات السكنية الخاصة (منازل الأسرة الواحدة والدوبلكس) ، بالإضافة إلى الشقق والمجمعات السكنية والعقارات التجارية والمتنزهات والمدارس المملوكة للمدينة ، في حوالي 1.4 ميل مربع (3.6 كم 2) من منطقة نورثلاند في شمال شرق كولومبوس ، أوهايو.
CASE_0245,1097066,mixed,8,8056921,0.5831,0.5831,0,ar,تقدم خمسة أحياء ساحرة داخل باركلاند باي منازل فسيحة لعائلة واحدة مع تصميمات من ثلاث أو أربع أو خمس غرف نوم لتلائم احتياجات وأسلوب عائلتك بشكل مثالي. مركز الترحيب المؤقت يقع في 11825 Heron Bay Boulevard، Coral Springs FL 33076. الأسعار من 674،990 دولارًا أمريكيًا - 919،990 دولارًا أمريكيًا ؛ لقطات مر
CASE_0245,1097066,mixed,9,7531226,0.569,0.569,0,ar,يوجد حاليًا 199 قوائم للبيع في الرموز البريدية لـ Charlotte County FL ، بما في ذلك الشقق والمنازل المملوكة للبنوك والمبيعات القصيرة والمنازل المستقلة والدوبلكس والأراضي والقوائم الفاخرة. إذا كنت تبحث عن استئجار في Placida FL ، تحقق من قائمتنا الواسعة من الشقق الفاخرة والمنازل السكنية. نجعل من السهل
CASE_0245,1097066,mixed,10,3456478,0.5674,0.5674,0,ar,يقع Patrick Family Housing في قاعدة باتريك للقوات الجوية ، على بعد دقائق فقط من شاطئ ساتلايت وشاطئ كوكوا بفلوريدا ، ويتكون من ثلاثة مجتمعات متميزة وحيوية تضم 616 منزلاً عائليًا جديدًا تم تجديده وتقليديًا. لماذا تختار باتريك؟
CASE_0245,1097386,endpoint,1,2238819,0.7209,0.7209,0,ar,يعد تأمين أصحاب المنازل أحد أكثر أشكال التأمين الشخصي شيوعًا في السوق. تشتمل سياسة مالكي المنازل النموذجية على قسمين رئيسيين: القسم الأول يغطي ممتلكاتك ، والقسم الثاني يوفر تغطية المسؤولية الشخصية (لتغطيتك في حالة الدعاوى القضائية الناشئة عن أشياء تحدث على الممتلكات الخاصة بك). يجب أن يحصل أي شخص يم
CASE_0245,1097386,endpoint,2,5098351,0.7021,0.7021,0,ar,بصفتك مالكًا للمنزل ، يمكنك عادةً شراء ثلاثة أنواع مختلفة من بوالص التأمين على المنزل. أصحاب المنازل 1 (HO1): مع هذه السياسة ، تتم تغطية الممتلكات الخاصة بك ضد 11 خطرًا أساسيًا. أصحاب المنازل 2 (HO2): تحمي هذه السياسة ممتلكاتك من 18 خطرًا (بما في ذلك 11 خطرًا من أصحاب المنازل 1).
CASE_0245,1097386,endpoint,3,5610236,0.6957,0.6957,0,ar,بصفتك مالكًا للمنزل ، يمكنك عادةً شراء ثلاثة أنواع مختلفة من بوالص التأمين على المنزل. هم: 1 أصحاب المنازل 1 (HO1): مع هذه السياسة ، تتم تغطية الممتلكات الخاصة بك ضد 11 خطرًا أساسيًا. أصحاب المنازل 2 (HO2): تحمي هذه السياسة ممتلكاتك من 18 خطرًا (بما في ذلك 11 خطرًا من أصحاب المنازل 1).
CASE_0245,1097386,endpoint,4,7418684,0.6948,0.6948,1,ar,توفر تغطية أصحاب المنازل الحماية المالية ضد الخسارة بسبب الكوارث والسرقة والحوادث. تتضمن معظم السياسات القياسية أربعة أنواع أساسية من التغطية: تغطية هيكل منزلك ؛ تغطية متعلقاتك الشخصية ؛ حماية المسؤولية ؛ تغطية نفقات المعيشة الإضافية
CASE_0245,1097386,endpoint,5,6721746,0.6917,0.6917,0,ar,في مالكي المنازل ، هناك ثلاث فجوات تغطية من النوع 1. غالبية مالكي المنازل عملاء التأمين. أصحاب المنازل ¢ فجوات السياسة من المرجح أن تحصل على الوكيل المعين (اكتب فجوات) مقدمة ماهرة ومن المرجح أن يؤدي شرح فجوات التغطية الثلاثة الشائعة التالية إلى إضافة عميل جديد.
CASE_0245,1097386,endpoint,6,8600936,0.6889,0.6889,0,ar,التغطية الأساسية. توفر سياسة أصحاب المنازل النموذجية تغطية شاملة ضد الأضرار التي تلحق بمنزلك وممتلكاتك الشخصية. هناك عدة أنواع قياسية من سياسات مالكي المنازل ، يشار إليها باسم النماذج ، والتي تقدمها معظم شركات التأمين.
CASE_0245,1097386,endpoint,7,7185407,0.6789,0.6789,0,ar,أنواع التغطية المقدمة. مثل سياسة أصحاب المنازل ، تساعد سياسة المالك عادةً على حماية المبنى نفسه (وغيرها من الهياكل الموجودة في العقار ، مثل السقائف أو الأسوار) إذا كان هناك ضرر ناتج عن حريق أو إضاءة أو رياح أو بَرَد أو أي خسارة أخرى مغطاة. لشراء التأمين على المنازل ، يجب أن تعيش في المنزل. إذا كنت ت
CASE_0245,1097386,endpoint,8,258126,0.678,0.678,0,ar,تتضمن معظم سياسات التأمين القياسية لأصحاب المنازل أربعة أنواع أساسية من التغطية: 1 تغطية هيكل منزلك. 2 تغطية متعلقاتك الشخصية. 3 حماية المسؤولية. نفقات المعيشة الإضافية إذا كنت غير قادر مؤقتًا على العيش في منزلك بسبب كارثة مؤمن عليها.
CASE_0245,1097386,endpoint,9,5610238,0.6753,0.6753,0,ar,1 أصحاب المنازل 2 (HO2): تحمي هذه السياسة ممتلكاتك من 18 خطرًا (بما في ذلك 11 خطرًا من أصحاب المنازل 1). أصحاب المنازل 3 (HO3): مع هذه السياسة ، فإن الممتلكات الخاصة بك محمية ضد معظم المخاطر المعروفة ، بما في ذلك بعض المخاطر التي لا يغطيها أصحاب المنازل 2.
CASE_0245,1097386,endpoint,10,5610239,0.6751,0.6751,0,ar,1 أصحاب المنازل 2 (HO2): تحمي هذه السياسة ممتلكاتك من 18 خطرًا (بما في ذلك 11 خطرًا من أصحاب المنازل 1). 2 أصحاب المنازل 3 (HO3): مع هذه السياسة ، فإن ممتلكاتك محمية ضد معظم المخاطر المعروفة ، بما في ذلك بعض المخاطر التي لا يغطيها أصحاب المنازل 2. 3 المنزل. تأمين.
CASE_0245,1097386,mixed,1,7418684,0.7004,0.7004,1,ar,توفر تغطية أصحاب المنازل الحماية المالية ضد الخسارة بسبب الكوارث والسرقة والحوادث. تتضمن معظم السياسات القياسية أربعة أنواع أساسية من التغطية: تغطية هيكل منزلك ؛ تغطية متعلقاتك الشخصية ؛ حماية المسؤولية ؛ تغطية نفقات المعيشة الإضافية
CASE_0245,1097386,mixed,2,5098351,0.6875,0.6875,0,ar,بصفتك مالكًا للمنزل ، يمكنك عادةً شراء ثلاثة أنواع مختلفة من بوالص التأمين على المنزل. أصحاب المنازل 1 (HO1): مع هذه السياسة ، تتم تغطية الممتلكات الخاصة بك ضد 11 خطرًا أساسيًا. أصحاب المنازل 2 (HO2): تحمي هذه السياسة ممتلكاتك من 18 خطرًا (بما في ذلك 11 خطرًا من أصحاب المنازل 1).
CASE_0245,1097386,mixed,3,258126,0.6857,0.6857,0,ar,تتضمن معظم سياسات التأمين القياسية لأصحاب المنازل أربعة أنواع أساسية من التغطية: 1 تغطية هيكل منزلك. 2 تغطية متعلقاتك الشخصية. 3 حماية المسؤولية. نفقات المعيشة الإضافية إذا كنت غير قادر مؤقتًا على العيش في منزلك بسبب كارثة مؤمن عليها.
CASE_0245,1097386,mixed,4,5610236,0.6826,0.6826,0,ar,بصفتك مالكًا للمنزل ، يمكنك عادةً شراء ثلاثة أنواع مختلفة من بوالص التأمين على المنزل. هم: 1 أصحاب المنازل 1 (HO1): مع هذه السياسة ، تتم تغطية الممتلكات الخاصة بك ضد 11 خطرًا أساسيًا. أصحاب المنازل 2 (HO2): تحمي هذه السياسة ممتلكاتك من 18 خطرًا (بما في ذلك 11 خطرًا من أصحاب المنازل 1).
CASE_0245,1097386,mixed,5,2238819,0.6741,0.6741,0,ar,يعد تأمين أصحاب المنازل أحد أكثر أشكال التأمين الشخصي شيوعًا في السوق. تشتمل سياسة مالكي المنازل النموذجية على قسمين رئيسيين: القسم الأول يغطي ممتلكاتك ، والقسم الثاني يوفر تغطية المسؤولية الشخصية (لتغطيتك في حالة الدعاوى القضائية الناشئة عن أشياء تحدث على الممتلكات الخاصة بك). يجب أن يحصل أي شخص يم
CASE_0245,1097386,mixed,6,534350,0.6733,0.6733,0,ar,تتضمن معظم سياسات التأمين القياسية لأصحاب المنازل أربعة أنواع أساسية من التغطية: تغطية هيكل منزلك. تغطية متعلقاتك الشخصية.
CASE_0245,1097386,mixed,7,2533339,0.6606,0.6606,0,ar,تتضمن بوليصة التأمين القياسية لأصحاب المنازل أربعة أنواع أساسية من التغطية. وهي تشمل: 1 تغطية هيكل منزلك. 2 تغطية متعلقاتك الشخصية. 3 حماية المسؤولية.
CASE_0245,1097386,mixed,8,2824374,0.6536,0.6536,0,ar,بواسطة مايك هوير. سقسقة. في معظم الولايات ، تعد التغطية الواسعة التي توفرها بوليصة تأمين أصحاب المنازل HO2 هي المستوى الأساسي لحماية التأمين المتاح للمنزل أو الممتلكات الأخرى. توفر السياسة نفس الحماية ضد المخاطر الـ 11 الموضحة في سياسات HO1 ، ولكن مع ما يصل إلى عدة مخاطر إضافية محمية ضدها.
CASE_0245,1097386,mixed,9,6721746,0.6535,0.6535,0,ar,في مالكي المنازل ، هناك ثلاث فجوات تغطية من النوع 1. غالبية مالكي المنازل عملاء التأمين. أصحاب المنازل ¢ فجوات السياسة من المرجح أن تحصل على الوكيل المعين (اكتب فجوات) مقدمة ماهرة ومن المرجح أن يؤدي شرح فجوات التغطية الثلاثة الشائعة التالية إلى إضافة عميل جديد.
CASE_0245,1097386,mixed,10,272613,0.653,0.653,0,ar,تتضمن بوليصة التأمين القياسية لأصحاب المنازل أربعة أنواع أساسية من التغطية. وهي تشمل: 1 تغطية هيكل منزلك. 2 تغطية متعلقاتك الشخصية .3 حماية المسؤولية. يغطي التأمين القياسي لأصحاب المنازل أيضًا الأشجار والنباتات والشجيرات. بشكل عام ، يتم تغطيتك بنسبة 5 ٪ من التأمين على المنزل - ما يصل إلى حوالي 500 د
CASE_0245,231877,endpoint,1,7680300,0.6654,0.6654,0,ar,راجع الاتجاهات من هاميلتون إلى نياجرا على البحيرة كم ستكون المسافة إذا كان بإمكان المرء الطيران من هاملتون إلى نياجرا أون ذا ليك مثل طائر في خط ثابت؟ تحقق من مسافة الرحلة بين هاميلتون ونياجرا على البحيرة ، حيث يعد وقت السفر نقطة مهمة يجب معرفتها بمسافة القيادة. ومن ثم قد ترغب أيضًا في معرفة وقت السف
CASE_0245,231877,endpoint,2,6713857,0.6605,0.6605,0,ar,مسافة القيادة إلى شلالات نياجرا عبر أسرع طريق هي 103 كم (64 ميل). ومع ذلك ، فهي تبعد مسافة ما عن الطريق السريع الرئيسي ، لذا من الضروري وجود خريطة أو اتجاهات جيدة. يخدم هاميلتون من قبل WestJet و Air Transat و Sunquest و Flyglobespan ؛ انظر داخل هاميلتون: الوصول والمغادرة لمزيد من المعلومات.
CASE_0245,231877,endpoint,3,7680296,0.6296,0.6296,0,ar,المسافة بالسيارة من هاميلتون ، كندا إلى شلالات نياجرا ، نيويورك. المسافة الإجمالية بالسيارة من هاميلتون ، كندا إلى شلالات نياجرا ، نيويورك هي 45 ميلاً أو 72 كيلومترًا. تبدأ رحلتك في هاميلتون ، كندا. ينتهي في شلالات نياجرا ، نيويورك.
CASE_0245,231877,endpoint,4,7680302,0.62,0.62,1,ar,المسافة من نياجرا أون ذا ليك ، أونتاريو إلى هاميلتون ، أونتاريو. المسافة Ã⠀ Ã'ÂÃ'Â »أونتاريو â €» Niagara on the Lake â ؟؟؟؟؟؟؟؟؟؟؟؟؟؟؟؟؟؟؟؟؟؟؟؟؟؟؟؟؟؟؟؟؟؟؟؟؟؟؟؟؟؟؟؟؟؟؟؟؟؟؟؟؟؟؟؟؟؟؟؟؟؟؟؟؟؟؟؟؟؟؟ هناك 46 ميلا أو 74 كيلومترا من Niagara on the Lake إلى هاميلتون. تستغرق كل من Niagara on the Lake و Hamilton
CASE_0245,231877,endpoint,5,1477574,0.6151,0.6151,0,ar,تبلغ المسافة بين بار هاربور وشلالات نياجرا في خط مستقيم 543 ميلاً أو 873.69 كيلومترًا.
CASE_0245,231877,endpoint,6,5575707,0.6116,0.6116,0,ar,هناك ما يقرب من 382.56 ميلا بين شلالات نياجرا ، نيويورك وبالتيمور ، ماريلاند. الوقت المقدر للقيادة بين المدينتين هو 6 ساعات و 42 دقيقة.
CASE_0245,231877,endpoint,7,7680305,0.5977,0.5977,0,ar,ينتهي في Niagara-on-the-Lake ، أونتاريو ، كندا ، ألا يمكنك الشعور بمسافة الجولة على الخريطة الصغيرة؟ كم تبعد هاملتون عن نياجرا أون ذا ليك؟
CASE_0245,231877,endpoint,8,5747249,0.5931,0.5931,0,ar,تقع شلالات نياجرا على الحدود الأمريكية الكندية في أقصى غرب ولاية نيويورك ، على بعد حوالي 400 ميل (ما يقرب من 700 كيلومتر) من مدينة نيويورك ، على مسافة 7 إلى 8 ساعات عن طريق البر. أقرب مطار هو مطار بوفالو نياجرا الدولي (نيويورك) ، على بعد حوالي 25 ميلاً (42 كم).
CASE_0245,231877,endpoint,9,1732494,0.5907,0.5907,0,ar,نهر نياجرا. نهر نياجرا ، بطول 55 كم ، ينطلق من بحيرة إيري ويتدفق شمالًا عبر شلالات نياجرا إلى بحيرة أونتاريو. نهر نياجرا ، بطول 55 كم ، ينطلق من بحيرة إيري ويتدفق شمالًا عبر شلالات نياجرا إلى بحيرة أونتاريو. الاسم من أصل أصلي ويصف إما النهر ، على العنق أو عند العنق ، حيث يكون العنق بين بحيرات إيري و
CASE_0245,231877,endpoint,10,4910186,0.5879,0.5879,0,ar,فيما يلي بعض الأرقام ... 1 يبلغ طول نهر نياجرا حوالي 58 كيلومترًا (36 ميلًا) وهو المنفذ الطبيعي من بحيرة إيري إلى بحيرة أونتاريو. 2 يبلغ الارتفاع بين البحيرتين حوالي 99 مترًا (326 قدمًا) ، نصفها يقع في الشلالات نفسها.
CASE_0245,231877,mixed,1,7680302,0.7458,0.7458,1,ar,المسافة من نياجرا أون ذا ليك ، أونتاريو إلى هاميلتون ، أونتاريو. المسافة Ã⠀ Ã'ÂÃ'Â »أونتاريو â €» Niagara on the Lake â ؟؟؟؟؟؟؟؟؟؟؟؟؟؟؟؟؟؟؟؟؟؟؟؟؟؟؟؟؟؟؟؟؟؟؟؟؟؟؟؟؟؟؟؟؟؟؟؟؟؟؟؟؟؟؟؟؟؟؟؟؟؟؟؟؟؟؟؟؟؟؟ هناك 46 ميلا أو 74 كيلومترا من Niagara on the Lake إلى هاميلتون. تستغرق كل من Niagara on the Lake و Hamilton
CASE_0245,231877,mixed,2,7680305,0.7042,0.7042,0,ar,ينتهي في Niagara-on-the-Lake ، أونتاريو ، كندا ، ألا يمكنك الشعور بمسافة الجولة على الخريطة الصغيرة؟ كم تبعد هاملتون عن نياجرا أون ذا ليك؟
CASE_0245,231877,mixed,3,7680300,0.6958,0.6958,0,ar,راجع الاتجاهات من هاميلتون إلى نياجرا على البحيرة كم ستكون المسافة إذا كان بإمكان المرء الطيران من هاملتون إلى نياجرا أون ذا ليك مثل طائر في خط ثابت؟ تحقق من مسافة الرحلة بين هاميلتون ونياجرا على البحيرة ، حيث يعد وقت السفر نقطة مهمة يجب معرفتها بمسافة القيادة. ومن ثم قد ترغب أيضًا في معرفة وقت السف
CASE_0245,231877,mixed,4,7680296,0.6713,0.6713,0,ar,المسافة بالسيارة من هاميلتون ، كندا إلى شلالات نياجرا ، نيويورك. المسافة الإجمالية بالسيارة من هاميلتون ، كندا إلى شلالات نياجرا ، نيويورك هي 45 ميلاً أو 72 كيلومترًا. تبدأ رحلتك في هاميلتون ، كندا. ينتهي في شلالات نياجرا ، نيويورك.
CASE_0245,231877,mixed,5,6713857,0.6582,0.6582,0,ar,مسافة القيادة إلى شلالات نياجرا عبر أسرع طريق هي 103 كم (64 ميل). ومع ذلك ، فهي تبعد مسافة ما عن الطريق السريع الرئيسي ، لذا من الضروري وجود خريطة أو اتجاهات جيدة. يخدم هاميلتون من قبل WestJet و Air Transat و Sunquest و Flyglobespan ؛ انظر داخل هاميلتون: الوصول والمغادرة لمزيد من المعلومات.
CASE_0245,231877,mixed,6,7680299,0.6322,0.6322,0,ar,بالسيارة [عدل]. تقع Niagara on the Lake على بعد حوالي ساعة ونصف من تورنتو (حسب حركة المرور) و 45 دقيقة من بوفالو. من مطار تورنتو: اسلك طريق QEW شرقًا (QEW Niagara). بمجرد عبور سانت كاثرينز ، اخرج من طريق نياجرا ستون (HWY # 55).
CASE_0245,231877,mixed,7,5575707,0.6307,0.6307,0,ar,هناك ما يقرب من 382.56 ميلا بين شلالات نياجرا ، نيويورك وبالتيمور ، ماريلاند. الوقت المقدر للقيادة بين المدينتين هو 6 ساعات و 42 دقيقة.
CASE_0245,231877,mixed,8,4519838,0.6006,0.6006,0,ar,مسافة القيادة من مدينة نيويورك إلى شلالات نياجرا في أونتاريو هي 410 أميال. يبدأ سفرك في مدينة نيويورك ، نيويورك ، الولايات المتحدة. ينتهي في شلالات نياجرا أونتاريو.
CASE_0245,231877,mixed,9,4571297,0.5974,0.5974,0,ar,1 تاورانجا ، نيوزيلندا ، 12.394 ميل. 2 Whitianga، نيوزيلندا، 12.393 ميل. 3 Whakatane، نيوزيلندا، 12.370 ميل. 4 روتوروا ، نيوزيلندا ، 12.363 ميل. Hamilton، New Zealand، 12.363 mi.
CASE_0245,231877,mixed,10,1153898,0.5922,0.5922,0,ar,تقع Niagara-on-the-Lake على بعد 16 كم من Great Wolf Lodge ، ويبعد بوفالو 30 كم عن مكان الإقامة. يعتبر مطار بيلي بيشوب تورنتو سيتي المطار الأقرب لـ Great Wolf Lodge ، حيث يقع على بعد 63 كم. أحب الأزواج تحديدًا الموقع à¢Ã' ، وقيّموه 8.3 لرحلة لشخصين. تم تصنيف هذه المنشأة أيضًا على أنها الأفضل قيمة في
CASE_0245,264827,endpoint,1,6786307,0.717,0.717,0,ar,تستغرق الرحلة بدون توقف من القاهرة إلى باريس ما بين 4 ساعات إلى 5 ساعات و 15 دقيقة حسب سرعة إبحار الطائرة والحالة الفنية وسرعة الطقس / الرياح .. أسرع رحلة بموقف واحد بين القاهرة وباريس تستغرق ما يقرب من 7 ساعات. ومع ذلك ، قد تستغرق بعض شركات الطيران ما يصل إلى 30 ساعة بناءً على وجهة التوقف ومدة الان
CASE_0245,264827,endpoint,2,7071071,0.7131,0.7131,0,ar,كم تستغرق الرحلة من فيلادلفيا بنسلفانيا إلى القاهرة مصر؟ مدة الرحلة للرحلات الجوية بين الأماكن المذكورة أعلاه هي 11 ساعة و 55 دقيقة وهذا وقت سفر تقريبي (محسوب في الظروف المثالية. سرعة السفر 500 ميل في الساعة و 30 دقيقة للإقلاع والهبوط ).
CASE_0245,264827,endpoint,3,7071068,0.7121,0.7121,0,ar,يبلغ إجمالي زمن الرحلة المباشرة بين جوهانسبرج بجنوب إفريقيا والقاهرة بمصر حوالي 7 ساعات و 50 دقيقة. لا يشمل هذا مقدار الوقت الذي قد تقضيه في الانتظار في مطار جوي لرحلة متصلة. مسافة الرحلة 6244.56 كم.
CASE_0245,264827,endpoint,4,7071066,0.7115,0.7115,1,ar,وقت الطيران من شيكاغو ، إلينوي إلى القاهرة ، مصر. إجمالي مدة الرحلة من شيكاغو إلى القاهرة ، مصر هي 12 ساعة و 47 دقيقة. يفترض هذا متوسط ​​سرعة طيران لطائرة تجارية تبلغ 500 ميل في الساعة ، أي ما يعادل 805 كم / ساعة أو 434 عقدة. كما أنه يضيف 30 دقيقة إضافية للإقلاع والهبوط. قد يختلف وقتك المحدد اعتمادً
CASE_0245,264827,endpoint,5,6246491,0.7101,0.7101,0,ar,تستغرق الرحلة من القاهرة إلى طوكيو 14 ساعة و 40 دقيقة. مدة الرحلة الواحدة من مطار القاهرة الدولي إلى NRT عبر PEK هي 14 ساعة و 40 دقيقة (تديرها مصر للطيران).
CASE_0245,264827,endpoint,6,6786303,0.707,0.707,0,ar,تستغرق الرحلة من القاهرة إلى باريس 4 ساعات و 45 دقيقة. مدة الرحلة بدون توقف من CAI إلى CDG هي 4 ساعات و 45 دقيقة (تديرها الخطوط الجوية الفرنسية).
CASE_0245,264827,endpoint,7,632138,0.7028,0.7028,0,ar,وقت الطيران من دبي ، الإمارات العربية المتحدة إلى القاهرة ، مصر. مدة الرحلة الإجمالية من دبي ، الإمارات العربية المتحدة إلى القاهرة ، مصر هي 3 ساعات و 31 دقيقة. يفترض هذا متوسط ​​سرعة طيران لطائرة تجارية تبلغ 500 ميل في الساعة ، أي ما يعادل 805 كم / ساعة أو 434 عقدة. كما أنه يضيف 30 دقيقة إضافية للإ
CASE_0245,264827,endpoint,8,6246492,0.7021,0.7021,0,ar,هناك عدد قليل جدًا من الرحلات بدون توقف من القاهرة إلى طوكيو. لذلك ، سيتعين عليك القيام برحلات متصلة. في مثل هذه الحالات ، يعتمد وقت الرحلة على وجهة التوقف التي تحددها شركة الطيران الخاصة بك أو الوجهة التي تختارها أثناء حجز تذكرتك. تستغرق أسرع رحلة وقفة واحدة بين القاهرة وطوكيو ما يقرب من 15 ساعة. و
CASE_0245,264827,endpoint,9,6786302,0.7005,0.7005,0,ar,وقت الطيران من القاهرة ، مصر إلى باريس ، فرنسا. إجمالي مدة الرحلة من القاهرة ، مصر إلى باريس ، فرنسا 4 ساعات و 30 دقيقة. يفترض هذا متوسط ​​سرعة طيران لطائرة تجارية تبلغ 500 ميل في الساعة ، أي ما يعادل 805 كم / ساعة أو 434 عقدة. كما أنه يضيف 30 دقيقة إضافية للإقلاع والهبوط. قد يختلف وقتك المحدد اعتما
CASE_0245,264827,endpoint,10,2577289,0.6987,0.6987,0,ar,تستغرق أسرع رحلة وقفة واحدة بين القاهرة ودبي ما يقرب من 5 ساعات. ومع ذلك ، قد تستغرق بعض شركات الطيران ما يصل إلى 28 ساعة بناءً على وجهة التوقف ومدة الانتظار. هذا هو متوسط ​​زمن الرحلة بدون توقف من القاهرة إلى دبي. بشكل جيد ، تستغرق رحلات الربط والرحلات المباشرة مع التوقف وقتًا أطول من الرحلات بدون
CASE_0245,264827,mixed,1,7071066,0.746,0.746,1,ar,وقت الطيران من شيكاغو ، إلينوي إلى القاهرة ، مصر. إجمالي مدة الرحلة من شيكاغو إلى القاهرة ، مصر هي 12 ساعة و 47 دقيقة. يفترض هذا متوسط ​​سرعة طيران لطائرة تجارية تبلغ 500 ميل في الساعة ، أي ما يعادل 805 كم / ساعة أو 434 عقدة. كما أنه يضيف 30 دقيقة إضافية للإقلاع والهبوط. قد يختلف وقتك المحدد اعتمادً
CASE_0245,264827,mixed,2,6786303,0.732,0.732,0,ar,تستغرق الرحلة من القاهرة إلى باريس 4 ساعات و 45 دقيقة. مدة الرحلة بدون توقف من CAI إلى CDG هي 4 ساعات و 45 دقيقة (تديرها الخطوط الجوية الفرنسية).
CASE_0245,264827,mixed,3,6246491,0.704,0.704,0,ar,تستغرق الرحلة من القاهرة إلى طوكيو 14 ساعة و 40 دقيقة. مدة الرحلة الواحدة من مطار القاهرة الدولي إلى NRT عبر PEK هي 14 ساعة و 40 دقيقة (تديرها مصر للطيران).
CASE_0245,264827,mixed,4,6246492,0.698,0.698,0,ar,هناك عدد قليل جدًا من الرحلات بدون توقف من القاهرة إلى طوكيو. لذلك ، سيتعين عليك القيام برحلات متصلة. في مثل هذه الحالات ، يعتمد وقت الرحلة على وجهة التوقف التي تحددها شركة الطيران الخاصة بك أو الوجهة التي تختارها أثناء حجز تذكرتك. تستغرق أسرع رحلة وقفة واحدة بين القاهرة وطوكيو ما يقرب من 15 ساعة. و
CASE_0245,264827,mixed,5,632138,0.6943,0.6943,0,ar,وقت الطيران من دبي ، الإمارات العربية المتحدة إلى القاهرة ، مصر. مدة الرحلة الإجمالية من دبي ، الإمارات العربية المتحدة إلى القاهرة ، مصر هي 3 ساعات و 31 دقيقة. يفترض هذا متوسط ​​سرعة طيران لطائرة تجارية تبلغ 500 ميل في الساعة ، أي ما يعادل 805 كم / ساعة أو 434 عقدة. كما أنه يضيف 30 دقيقة إضافية للإ
CASE_0245,264827,mixed,6,7071068,0.694,0.694,0,ar,يبلغ إجمالي زمن الرحلة المباشرة بين جوهانسبرج بجنوب إفريقيا والقاهرة بمصر حوالي 7 ساعات و 50 دقيقة. لا يشمل هذا مقدار الوقت الذي قد تقضيه في الانتظار في مطار جوي لرحلة متصلة. مسافة الرحلة 6244.56 كم.
CASE_0245,264827,mixed,7,6786307,0.6934,0.6934,0,ar,تستغرق الرحلة بدون توقف من القاهرة إلى باريس ما بين 4 ساعات إلى 5 ساعات و 15 دقيقة حسب سرعة إبحار الطائرة والحالة الفنية وسرعة الطقس / الرياح .. أسرع رحلة بموقف واحد بين القاهرة وباريس تستغرق ما يقرب من 7 ساعات. ومع ذلك ، قد تستغرق بعض شركات الطيران ما يصل إلى 30 ساعة بناءً على وجهة التوقف ومدة الان
CASE_0245,264827,mixed,8,6786302,0.6929,0.6929,0,ar,وقت الطيران من القاهرة ، مصر إلى باريس ، فرنسا. إجمالي مدة الرحلة من القاهرة ، مصر إلى باريس ، فرنسا 4 ساعات و 30 دقيقة. يفترض هذا متوسط ​​سرعة طيران لطائرة تجارية تبلغ 500 ميل في الساعة ، أي ما يعادل 805 كم / ساعة أو 434 عقدة. كما أنه يضيف 30 دقيقة إضافية للإقلاع والهبوط. قد يختلف وقتك المحدد اعتما
CASE_0245,264827,mixed,9,5589803,0.6906,0.6906,0,ar,بلغ عن سوء معاملة. يعتمد ذلك على المكان الذي تسافر منه في الولايات المتحدة الأمريكية وإلى أين أنت ذاهب في مصر. الرحلات المباشرة الوحيدة من الولايات المتحدة الأمريكية إلى مصر هي رحلات نيويورك - القاهرة التي تقدمها مصر للطيران. هذه الرحلات بدون توقف وتستغرق 10 ساعات و 15 دقيقة. المصدر (المصادر): دليل
CASE_0245,264827,mixed,10,632141,0.6843,0.6843,0,ar,يعتمد حساب وقت الرحلة على مسافة الرحلة بالخط المستقيم من دبي ، الإمارات العربية المتحدة إلى القاهرة ، مصر (كما يطير الغراب) ، والتي تبلغ حوالي 1507 ميلاً أو 2 × 425 كيلومترًا . تبدأ رحلتك في دبي ، الإمارات العربية المتحدة.
CASE_0245,898631,endpoint,1,7947473,0.6301,0.6301,0,ar,على الرغم من أن مرافق الركاب تقع داخل هوبوكين ، إلا أن جزءًا كبيرًا من البنية التحتية التي تدعمها يقع على خط مدينة جيرسي سيتي ، والذي يمر عبر ساحة السكك الحديدية في قطري شمال غربي من النهر إلى تقاطع شارع جروف وشارع نيوارك.
CASE_0245,898631,endpoint,2,7947478,0.6214,0.6214,0,ar,Hoboken Terminal هي واحدة من مراكز النقل الرئيسية في منطقة نيويورك الحضرية. يقع المرفق متعدد الوسائط في هوبوكين ، مقاطعة هدسون ، نيو جيرسي ، الولايات المتحدة.
CASE_0245,898631,endpoint,3,5898533,0.617,0.617,0,ar,يمكنك التغيير إلى قطار PATH لخفض مانهاتن في هوبوكين. جميع خطوط السكك الحديدية الشمالية New Jersey NJ Transit ومحطة Amtrak عند Secaucus Junction. الوصول إلى محطة سكة حديد Secaucus Junction عن طريق التاكسي أو الحافلة فقط. لا يوجد موقف سيارات للركاب في المحطة.
CASE_0245,898631,endpoint,4,7947471,0.6142,0.6142,1,ar,انعطف يسارًا عند 14th Street ، وانطلق لمسافة 0.2 ميل حتى نهايته في شارع Hudson Street. انعطف يمينًا في شارع Hudson Street وتابع مسافة 1.2 ميل إلى Hudson Place. تقع محطة PATH Hoboken على يسارك في Hudson Place في River Road. من NJ Turnpike I 95 South اتبع اللافتات المؤدية إلى Lincoln Tunnel. اخرج عند
CASE_0245,898631,endpoint,5,3200919,0.6128,0.6128,0,ar,العنوان: 95 شارع واشنطن / طريق كارلوس بيكري ، هوبوكين ، نيوجيرسي. يقع مخبز كارلو دراج في هوبوكين ، نيو جيرسي ، على الجانب الآخر من نهر هدسون. يمكن الوصول إلى المخبز بواسطة قطار PATH أو الحافلة من مانهاتن. قطار المسار - قطار مسار مباشر إلى هوبوكين ، نيو جيرسي يغادر من شارع 33.
CASE_0245,898631,endpoint,6,7947474,0.6125,0.6125,0,ar,محطة هوبوكين بعد وقت قصير من بنائها. حتى افتتاح أنفاق نورث ريفر وأنابيب سكك حديد هدسون ومانهاتن في حوالي عام 1910 ، كان السفر إلى مانهاتن من معظم الولايات المتحدة القارية يتطلب النقل إلى عبارة في نهر هدسون ، في ذلك الوقت كان يُطلق عليه غالبًا نهر الشمال.
CASE_0245,898631,endpoint,7,3833546,0.6062,0.6062,0,ar,الصفحة الرئيسية <منطقة نيويورك <نيو جيرسي ترانزيت <خط وادي باسكاك <شارع أندرسون. Anderson Street (Hackensack) هي المحطة الشمالية المفتوحة حاليًا (كانت هناك أربع محطات ذات أسماء شوارع) في مدينة نيوجيرسي هذه. كان للمحطة منزل محطة حائط بلون الكريم مع سقف بني متدلي.
CASE_0245,898631,endpoint,8,1597340,0.6002,0.6002,0,ar,ربما تكون أفضل محطة قطار PATH للوصول إلى مدينة نيويورك هي محطة هوبوكين. يوفر Hoboken إطلالات جميلة على أفق مانهاتن ، بالإضافة إلى عدد من المطاعم والبارات المحلية. تحتوي محطة جورنال سكوير على فندق رامادا قريب وهو الأفضل للمسافرين ذوي التفكير الاقتصادي. PATH للوصول إلى مطار نيوارك
CASE_0245,898631,endpoint,9,3399204,0.5929,0.5929,0,ar,هناك الكثير منتشرة في جميع أنحاء العالم. يقع مقرهم الرئيسي في هوبوكين ، نيوجيرسي التي تقع عبر نهر هدسون من مدينة نيويورك.
CASE_0245,898631,endpoint,10,8489069,0.5899,0.5899,0,ar,ࢠHoboken Train Station to NYC Holland Tunnel NJ Newport Path Station ࢠÂ⠬ ¢ Newport Light Rail Station ࢠ€Â Newport PATH Subway Station - Town Square Pl، Jersey City، NJ 07310
CASE_0245,898631,mixed,1,7947471,0.6634,0.6634,1,ar,انعطف يسارًا عند 14th Street ، وانطلق لمسافة 0.2 ميل حتى نهايته في شارع Hudson Street. انعطف يمينًا في شارع Hudson Street وتابع مسافة 1.2 ميل إلى Hudson Place. تقع محطة PATH Hoboken على يسارك في Hudson Place في River Road. من NJ Turnpike I 95 South اتبع اللافتات المؤدية إلى Lincoln Tunnel. اخرج عند
CASE_0245,898631,mixed,2,7947478,0.6534,0.6534,0,ar,Hoboken Terminal هي واحدة من مراكز النقل الرئيسية في منطقة نيويورك الحضرية. يقع المرفق متعدد الوسائط في هوبوكين ، مقاطعة هدسون ، نيو جيرسي ، الولايات المتحدة.
CASE_0245,898631,mixed,3,8489069,0.6391,0.6391,0,ar,ࢠHoboken Train Station to NYC Holland Tunnel NJ Newport Path Station ࢠÂ⠬ ¢ Newport Light Rail Station ࢠ€Â Newport PATH Subway Station - Town Square Pl، Jersey City، NJ 07310
CASE_0245,898631,mixed,4,5898533,0.6124,0.6124,0,ar,يمكنك التغيير إلى قطار PATH لخفض مانهاتن في هوبوكين. جميع خطوط السكك الحديدية الشمالية New Jersey NJ Transit ومحطة Amtrak عند Secaucus Junction. الوصول إلى محطة سكة حديد Secaucus Junction عن طريق التاكسي أو الحافلة فقط. لا يوجد موقف سيارات للركاب في المحطة.
CASE_0245,898631,mixed,5,4242079,0.6094,0.6094,0,ar,في Trenton ، يمكن للركاب الاتصال بـ SEPTA و Amtrak. \\ n \\ t \\ t \\ t. \\ n \\ t \\ tAt Hoboken Terminal في NJ TRANSIT ، يمكن إجراء النقل إلى قطارات PATH بين هوبوكين وجيرسي سيتي ونيوارك ووسط مانهاتن ؛ إلى خدمة العبارات المتجهة إلى مانهاتن ؛ وإلى نظام Hudson-Bergen للسكك الحديدية الخفيفة NJ TRANSIT
CASE_0245,898631,mixed,6,7947473,0.6064,0.6064,0,ar,على الرغم من أن مرافق الركاب تقع داخل هوبوكين ، إلا أن جزءًا كبيرًا من البنية التحتية التي تدعمها يقع على خط مدينة جيرسي سيتي ، والذي يمر عبر ساحة السكك الحديدية في قطري شمال غربي من النهر إلى تقاطع شارع جروف وشارع نيوارك.
CASE_0245,898631,mixed,7,6947577,0.6013,0.6013,0,ar,في الشمال ، يتصل Hoboken بـ Weehawken من خلال جسرين ، وإلى Jersey City في الجنوب من خلال شارع Newark Street و Marin Boulevard. هوبوكين مزدحمة باللافتات الشاذة أو التي عفا عليها الزمن ، أكثر بكثير من فدان مقابل فدان ، من شقيقها الأكبر عبر النهر - كان آن إس زورن لديه عمل من نوع ما في 413 فيرست ستريت.
CASE_0245,898631,mixed,8,6947581,0.6013,0.6013,0,ar,عدد الطرود المملوكة لشركة New Jersey Transit (NJ Transit) القريبة من نهر Hudson في الجزء الجنوبي الشرقي من مدينة Hoboken. يمتد مجمع NJ Transit Terminal إلى مدينة Jersey City ، حيث يوجد â € Ã'Â ± 30 فدانًا إضافيًا من ساحات السكك الحديدية ووسائل النقل العابر. وفقًا للخرائط الضريبية الرسمية لـ Hoboken
CASE_0245,898631,mixed,9,56223,0.601,0.601,0,ar,تتوفر خدمة New Jersey Transit في محطة Hazlet التي توفر السفر على خط North Jersey Coast Line إلى Hoboken Terminal و Newark Penn Station و New York Penn Station في وسط مانهاتن. يوفر New Jersey Transit خدمة الحافلات المحلية على طريق 817.
CASE_0245,898631,mixed,10,4669631,0.5979,0.5979,0,ar,إنها المحطة الغربية لخط Port Jervis ، حيث تنقل القطارات الركاب المتجهين إلى مدينة نيويورك هناك عبر Hoboken و Secaucus Junction. إنها المحطة الأكثر بعدًا على الشبكة من وسط مدينة نيويورك ، حيث يستغرق السفر إلى محطة غراند سنترال حوالي 2.5 ساعة. تقع بالقرب من الولايات المتحدة 6 و 209 قليلاً في وسط مدينة
CASE_0245,1006791,endpoint,1,7883590,0.5301,0.5301,0,ar,اختار دونالد ترامب عضو الكونجرس آنذاك توم برايس ليكون السكرتير الثالث والعشرين لقسم الصحة والخدمات الإنسانية. تم تأكيد السعر من قبل مجلس الشيوخ الأمريكي في 10 فبراير 2017 واستقال في 29 سبتمبر 2017.
CASE_0245,1006791,endpoint,2,2581919,0.5269,0.5269,0,ar,في عام 1742 ، بعد الإدلاء بصوته في قضية سياسية للغاية ، استقال من منصبه لدحض مزاعم النفوذ السياسي.
CASE_0245,1006791,endpoint,3,7211221,0.5231,0.5231,0,ar,دبي ، الإمارات العربية المتحدة (CNN) - عندما استقال سكرتير موظفي البيت الأبيض ، روب بورتر ، الأربعاء الماضي ، بعد يوم واحد من نشر اتهامات بالعنف المنزلي ضده ، بدا الأمر وكأنه بداية ونهاية عروض بري أخرى
CASE_0245,1006791,endpoint,4,7194553,0.5215,0.5215,0,ar,"""تنتهي ولاية الأمين العام بان كي مون بنهاية العام ، ولم يظهر إجماع واضح على خليفته. """"واشنطن بوست"""". ملخص: اختصار السكرتير. هناك نوعان من الاختصارات الشائعة للسكرتير: ثانية. و secy. إذا كنت تريد عمل أيٍّ من هاتين الجمع ، فما عليك سوى إضافة ࢠÂ"""
CASE_0245,1006791,endpoint,5,44654,0.52,0.52,0,ar,شارك Summerfield Township MI ارتباطًا. 16 سبتمبر ، الساعة 3:59 صباحًا. استقال المتحدث باسم Finkbeiner مستشهداً بإساءة استخدام المرشح العمدة السابق Carty Finkbeiner - السكرتير الصحفي - استقال الليلة ، قائلاً إنه لا يمكن أن يأخذ السيد Finkbeiner - - الغضب.
CASE_0245,1006791,endpoint,6,4153845,0.5198,0.5198,0,ar,السكرتير هو عضو في مكتب الرئيس. كان المكتب سابقًا وزير الصحة والتعليم والرعاية الاجتماعية. في عام 1979 ، تمت إعادة تسمية وزارة الصحة والتعليم والرعاية الاجتماعية باسم وزارة الصحة والخدمات الإنسانية ، وتم نقل وظائفها التعليمية إلى إدارة التعليم الجديدة.
CASE_0245,1006791,endpoint,7,3642132,0.5191,0.5191,0,ar,جاي كارني يستقيل من منصب السكرتير الصحفي. أعلن الرئيس أوباما أن السكرتير الصحفي للبيت الأبيض ، جاي كارني ، سيغادر منصبه ، في ظهور مفاجئ في غرفة المؤتمر الصحفي يوم الجمعة. تاريخ النشر 30 مايو 2014.
CASE_0245,1006791,endpoint,8,8509194,0.5126,0.5126,0,ar,تحصل جميع مناصب سكرتير مجلس الوزراء على راتب سنوي قدره 176،461 دولارًا. راتب السكرتير الصحفي: 176461 دولارًا. سيقدم السكرتير الصحفي إحاطات يومية لوسائل الإعلام حول أنشطة الرئيس وجدول أعماله. شون سبايسر يستقيل: سارة هوكابي ساندرز السكرتيرة الصحفية الجديدة. راتب مستشار الأمن القومي: 176.461 دولار
CASE_0245,1006791,endpoint,9,3300304,0.5101,0.5101,0,ar,انقر للتوسيع ... قبل الحرب الأهلية الأمريكية ، كان صمويل كوبر نائبًا عامًا برتبة عقيد ، واستقال في 7 مارس 1861 وفقًا للسجل الرسمي لجيش الولايات المتحدة ، الصادر في سبتمبر 1861.
CASE_0245,1006791,endpoint,10,3136601,0.5094,0.5094,0,ar,"""استمر في قراءة القصة الرئيسية. استقال رئيس بال شميت من منصبه الاحتفالي إلى حد كبير يوم الاثنين وسط عاصفة من الانتقادات لما أسماه """"ادعاءات لا أساس لها"""" من السرقة الأدبية في عام 1992. أطروحة الدكتوراه."""
CASE_0245,1006791,mixed,1,5260335,0.6124,0.6124,0,ar,استقال سكرتير HHS المؤكّد سابقًا ، توم برايس ، وهو ممثل جمهوري سابق ، بعد تعثر جهود تغيير نظام قانون الرعاية بأسعار معقولة ، وبعد أن واجه برايس انتقادات بشأن نفقات سفره. (ذات صلة: مرشح HHS يدعم مبيعات التغطية الصحية بين الولايات) أكد مجلس الشيوخ السعر في 10 فبراير 2017 ، بتصويت 52-47. كل جمهوري شارك
CASE_0245,1006791,mixed,2,7883590,0.5824,0.5824,0,ar,اختار دونالد ترامب عضو الكونجرس آنذاك توم برايس ليكون السكرتير الثالث والعشرين لقسم الصحة والخدمات الإنسانية. تم تأكيد السعر من قبل مجلس الشيوخ الأمريكي في 10 فبراير 2017 واستقال في 29 سبتمبر 2017.
CASE_0245,1006791,mixed,3,7252662,0.5575,0.5575,1,ar,استقالة وزير الصحة والخدمات البشرية في HHS توم برايس في 29 سبتمبر 2017 - استقال توم برايس ، وزير الصحة والخدمات الإنسانية في الرئيس دونالد ترامب ، بعد ظهر يوم الجمعة في أعقاب الكشف عن أنه استخدم رحلات الطيران العارض على حساب دافعي الضرائب. جاء الإعلان بعد فترة وجيزة من إخبار ترامب للصحفيين بأنه يعتب
CASE_0245,1006791,mixed,4,7211221,0.5543,0.5543,0,ar,دبي ، الإمارات العربية المتحدة (CNN) - عندما استقال سكرتير موظفي البيت الأبيض ، روب بورتر ، الأربعاء الماضي ، بعد يوم واحد من نشر اتهامات بالعنف المنزلي ضده ، بدا الأمر وكأنه بداية ونهاية عروض بري أخرى
CASE_0245,1006791,mixed,5,230576,0.5502,0.5502,0,ar,سكرتير HHS توماس إي برايس ، العضو المنتدب الدكتور توماس إي برايس ، أدى اليمين الدستورية بصفته وزير الصحة والخدمات الإنسانية الثالث والعشرين (HHS) في 10 فبراير 2017. إنه يجلب إلى الإدارة مدى الحياة من الخدمة والتفاني في تعزيز جودة الرعاية الصحية في أمريكا - كطبيب وصانع سياسات. قراءة المزيد حول سكرتير
CASE_0245,1006791,mixed,6,7252661,0.5442,0.5442,0,ar,سيتم استبدال السعر في الوقت الحالي من قبل دون رايت ، الذي تم الإعلان عنه كسكرتير بالإنابة. كان رايت يشغل منصب نائب مساعد وزير الصحة ومدير مكتب الوقاية من الأمراض وتعزيز الصحة. في خطاب استقالة من أربع صفحات إلى ترامب ، قال برايس إنه يأسف لأن الأحداث الأخيرة خلقت تشتيت الانتباه عن أهداف الإدارة.
CASE_0245,1006791,mixed,7,4618603,0.5439,0.5439,0,ar,"""وقد أوضح عاطفته في المؤتمر الصحفي ، واصفًا رئيسه بـ """"الرئيس الذي أحبه وأحترمه"""". روبرت جيبس ​​يستقيل: خلف خروج السكرتير الصحفي للبيت الأبيض هوارد كورتز في 4 يناير 2011. شوطًا طويلاً حتى أمرها رئيسها ، الرئيس أوباما ، بالتنحي."""
CASE_0245,1006791,mixed,8,7252664,0.5434,0.5434,0,ar,واشنطن - استقال توم برايس ، وزير الصحة والخدمات الإنسانية ، تحت الضغط يوم الجمعة بعد أن جمع ما لا يقل عن 400 ألف دولار في فواتير السفر للرحلات الجوية المستأجرة وتقويض الرئيس ترامب ¢ ​​Ã'Ã' - الوعد بتجفيف مستنقع رأس المال الفاسد والمخول.
CASE_0245,1006791,mixed,9,7252658,0.5408,0.5408,0,ar,رئيس مجلس النواب بول ريان ، R-Wis. صدر بيان عن استقالة سكرتير HHS توم برايس يوم الجمعة ، مشيرًا إليه على أنه رجل طيب. (تصوير رود لامكي / غيتي إيماجز) قال رئيس مجلس النواب بول ريان في بيان إن توم برايس رجل طيب.
CASE_0245,1006791,mixed,10,5167231,0.5384,0.5384,0,ar,"""نص الوثيقة. خطاب الأستقالة. 26 فبراير 1939. عزيزتي السيدة هنري م. روبرت جونيور: أخشى أنني لم أكن أبدًا عضوًا مفيدًا جدًا في """"بنات الثورة الأمريكية"""" ، لذلك أعلم أنه لن يحدث فرقًا كبيرًا بالنسبة لك سواء كنت الاستقالة ، أو ما إذا كنت لا تزال عضوًا في منظمتك."""
CASE_0245,1011140,endpoint,1,1952449,0.6054,0.6054,0,ar,اختيار الأسلاك. لتطبيقات الفولاذ الطري للأغراض العامة ، يمكن استخدام سلك ذو قلب متدفق مع التعيين E71T-11 أو E71T-GS في أي موضع ، وهو متوفر في مجموعة واسعة من الأحجام ويوفر خصائص لحام ممتازة لكل من المواد الرقيقة والسميكة.
CASE_0245,1011140,endpoint,2,2797924,0.6033,0.6033,0,ar,الفولاذ الطري المجلفن هو المادة القياسية والأكثر شيوعًا المستخدمة في تصنيع مجاري الهواء. لأغراض العزل ، عادة ما يتم تبطين مجاري الهواء المعدنية بغطاء من الألياف الزجاجية (بطانة مجرى الهواء) أو ملفوفة من الخارج ببطانيات من الألياف الزجاجية (غلاف مجرى الهواء). تكييف الهواء (HVAC) لتوصيل الهواء وإزالته
CASE_0245,1011140,endpoint,3,7246357,0.5991,0.5991,1,ar,بالنسبة للحام الفولاذ الطري من طراز mig ، استخدم سلك e70s6 و 75/25 أرجون / c02 ، إذا كنت بحاجة إلى اللحام بالخارج ، فاحصل على بعض Hobart Fabshield 21b. تيج لحام الصلب. يستخدم لحام Tig على نطاق واسع في لحام الأنابيب ، والفضاء ، والطيران ، والغرسات الطبية الحيوية
CASE_0245,1011140,endpoint,4,770357,0.599,0.599,0,ar,الفولاذ الطري المجلفن هو المادة القياسية والأكثر شيوعًا المستخدمة في تصنيع مجاري الهواء لأن طلاء الزنك لهذا المعدن يمنع الصدأ ويتجنب تكلفة الطلاء. لأغراض العزل ، عادةً ما يتم تبطين القنوات المعدنية ببطانيات من الألياف الزجاجية (بطانة مجرى الهواء) أو ملفوفة خارجيًا ببطانيات من الألياف الزجاجية (غلاف
CASE_0245,1011140,endpoint,5,7246362,0.5901,0.5901,0,ar,بالنسبة للحام الفولاذ الطري من طراز mig ، استخدم سلك e70s6 و 75/25 أرجون / c02 ، إذا كنت بحاجة إلى اللحام بالخارج ، فاحصل على بعض Hobart Fabshield 21b. يستخدم لحام Tig اللحام بالفولاذ Tig على نطاق واسع في لحام الأنابيب ، والفضاء ، والطيران ، والغرسات الطبية الحيوية ، وتصنيع سيارات السباق ، والمروحيا
CASE_0245,1011140,endpoint,6,7246358,0.5898,0.5898,0,ar,إذا كنت تستخدم سلك قلب التدفق ، فلا داعي لحجب الغاز. ولكن باستخدام سلك قلب التدفق ، يمكنك فقط لحام الفولاذ الطري. يمكن استخدام سلك Flux core في أي ماكينة لحام MIG ، كل ما عليك فعله هو عكس polatity أكثر مما لو كنت تقوم باللحام بغاز التدريع.
CASE_0245,1011140,endpoint,7,3477733,0.5825,0.5825,0,ar,الفولاذ الطري المجلفن هو المادة القياسية والأكثر شيوعًا المستخدمة في تصنيع مجاري الهواء. لأغراض العزل ، عادةً ما يتم تبطين مجاري الهواء المعدنية بغطاء من الألياف الزجاجية (بطانة مجرى الهواء) أو ملفوفة من الخارج ببطانيات من الألياف الزجاجية (غلاف مجاري الهواء). تعتبر القناة التي تحتوي على أقل من 0.75
CASE_0245,1011140,endpoint,8,5066357,0.5773,0.5773,0,ar,يسمى المعدن الموجود في السلك الكهربائي بالموصل. تُستخدم العديد من المواد لنقل الطاقة الكهربائية ، ولكن أكثرها استخدامًا هي النحاس والفولاذ المغطى بالنحاس وسبائك النحاس عالية القوة والألمنيوم.
CASE_0245,1011140,endpoint,9,2585015,0.5771,0.5771,0,ar,قد يكون السلك خيطًا واحدًا عاديًا أو سلكًا شائكًا ، أو شبكة منسوجة ، وقادر على توتر أعلى بكثير من الفولاذ الطري. يسمح باستخدام مسافات أوسع ولا يتم شدها بسهولة بواسطة الحيوانات أو الأشجار أو الفروع المتساقطة. يمكن عزله وكهربة.
CASE_0245,1011140,endpoint,10,181757,0.5711,0.5711,0,ar,¢ ¢ - وفر 23 - 32٪ من قائمة! لتقطيع كتل الطين وتقطيعها ، وقطع الأواني عن العجلة. يتم تثبيت الأسلاك الملتوية القوية للغاية المصنوعة من الفولاذ المقاوم للصدأ بإحكام بمقابض تبديل من الخشب الصلب. قاطع طين السلك - مقابض تبديل من الخشب الصلب 3 سم (8 سم) ، مثبتة بإحكام حتى 18 (46 سم) من الأسلاك الملتوية ال
CASE_0245,1011140,mixed,1,7246357,0.6127,0.6127,1,ar,بالنسبة للحام الفولاذ الطري من طراز mig ، استخدم سلك e70s6 و 75/25 أرجون / c02 ، إذا كنت بحاجة إلى اللحام بالخارج ، فاحصل على بعض Hobart Fabshield 21b. تيج لحام الصلب. يستخدم لحام Tig على نطاق واسع في لحام الأنابيب ، والفضاء ، والطيران ، والغرسات الطبية الحيوية
CASE_0245,1011140,mixed,2,1925617,0.6106,0.6106,0,ar,ما هي المتطلبات الكهربائية لسياط الأسلاك التي تربط الطاقة من تركيبات إلى أخرى.
CASE_0245,1011140,mixed,3,5066358,0.6068,0.6068,0,ar,يسمى المعدن الموجود في السلك الكهربائي بالموصل. تُستخدم العديد من المواد لنقل الطاقة الكهربائية ، ولكن أكثرها استخدامًا هي النحاس والفولاذ المغطى بالنحاس وسبائك النحاس عالية القوة والألمنيوم. كنت أفكر في النحاس. الفضة هي أفضل موصل كهربائي لكن تكلفتها تمنع استخدامها في الأسلاك العادية. النحاس هو ثاني
CASE_0245,1011140,mixed,4,5066357,0.6017,0.6017,0,ar,يسمى المعدن الموجود في السلك الكهربائي بالموصل. تُستخدم العديد من المواد لنقل الطاقة الكهربائية ، ولكن أكثرها استخدامًا هي النحاس والفولاذ المغطى بالنحاس وسبائك النحاس عالية القوة والألمنيوم.
CASE_0245,1011140,mixed,5,7246362,0.5978,0.5978,0,ar,بالنسبة للحام الفولاذ الطري من طراز mig ، استخدم سلك e70s6 و 75/25 أرجون / c02 ، إذا كنت بحاجة إلى اللحام بالخارج ، فاحصل على بعض Hobart Fabshield 21b. يستخدم لحام Tig اللحام بالفولاذ Tig على نطاق واسع في لحام الأنابيب ، والفضاء ، والطيران ، والغرسات الطبية الحيوية ، وتصنيع سيارات السباق ، والمروحيا
CASE_0245,1011140,mixed,6,2585015,0.5946,0.5946,0,ar,قد يكون السلك خيطًا واحدًا عاديًا أو سلكًا شائكًا ، أو شبكة منسوجة ، وقادر على توتر أعلى بكثير من الفولاذ الطري. يسمح باستخدام مسافات أوسع ولا يتم شدها بسهولة بواسطة الحيوانات أو الأشجار أو الفروع المتساقطة. يمكن عزله وكهربة.
CASE_0245,1011140,mixed,7,3562104,0.5886,0.5886,0,ar,يتم سحب الأسلاك الكهربائية من المعدن أو النحاس أو الألومنيوم الذي ينقل الكهرباء عبر دائرة كهربائية. يمكن تمرير السلك في الأعلى ، تحت الأرض ، من خلال القناة أو الثني أو الفتح. السلك محمي بالتصميم مع سترة حسب الاستخدام. يمكن أن يكون أيضًا مرنًا كما هو الحال في استخدام أسلاك التمديد.
CASE_0245,1011140,mixed,8,1087556,0.587,0.587,0,ar,الفولاذ المجلفن لمقاومة الطقس والتآكل. يستخدم سلك شد بطول 170 قدمًا لتطبيق التوتر على الجزء السفلي من سياج ربط السلسلة. يتم توصيل سلك الشد بالعمود الطرفي باستخدام أحزمة شد ومسمار النقل مقاس 5/16 بوصة × 1-1 / 4 بوصة. نسج الأسلاك من خلال الجزء السفلي من نسيج رابط السلسلة و / أو اربطها بحلقات الخنازير.
CASE_0245,1011140,mixed,9,7144915,0.5862,0.5862,0,ar,سلك THHN. يستخدم سلك البناء بشكل عام لنقل التيار الكهربائي إلى جميع الاستخدامات الخارجية للطاقة في المبنى أو المسكن. يستخدم هذا المنتج في تشييد كل مبنى صناعي وسكني وتجاري تقريبًا. النوع الأكثر شيوعًا هو سلك THHN. يرمز THHN إلى النايلون المطلي بالحرارة العالية المقاومة للحرارة. يمكن أن تأتي THHN في م
CASE_0245,1011140,mixed,10,8212929,0.5856,0.5856,0,ar,ما هو العنصر الذي يعتبر من أفضل موصلات الكهرباء ويستخدم في أواني الطهي؟
CASE_0245,1017830,endpoint,1,1930589,0.7703,0.7703,0,ar,الزمان: من الأفضل أن تزرع برمودا في أواخر الربيع / أوائل الصيف. لا تزرع التربة حتى تصل درجة حرارة التربة إلى 65/70 درجة أو أعلى في الربيع وتنتهي جميع مخاطر التجمد / الصقيع. إذا زرعت في وقت مبكر جدًا ، فأنت تخاطر بقتل البذور أو عدم إنباتها.
CASE_0245,1017830,endpoint,2,4695670,0.7548,0.7548,0,ar,زراعة عشب البرمودا متى تزرع: عشب برمودا هو عشب عشبي دافئ للموسم. قم بزراعة بذور عشب برمودا في فصلي الربيع والصيف عندما تكون درجات حرارة التربة أعلى من 65 درجة فهرنهايت (18 درجة مئوية) ، قم بزراعة 2 إلى 3 أرطال من بذور عشب برمودا (البذور المغلفة) لكل 1000 قدم مربع ( 1 كجم / 100 متر مربع) لتطبيقات الع
CASE_0245,1017830,endpoint,3,6275127,0.7402,0.7402,0,ar,زراعة عشب البرمودا متى تزرع: عشب برمودا هو عشب عشبي دافئ للموسم. ازرع بذور عشب برمودا في فصلي الربيع والصيف عندما تكون درجات حرارة التربة أعلى من 65 درجة فهرنهايت (18 درجة مئوية) معدل البذر لتطبيقات العشب الجديد: ازرع 2 إلى 3 أرطال من بذور عشب برمودا (البذور المغلفة ) لكل 1000 قدم مربع (1 كجم / 100
CASE_0245,1017830,endpoint,4,1821341,0.7331,0.7331,0,ar,قد لا تتحول بذور برمودا المتوفرة عادة إلى نسيج ناعم مثل بعض الأحمق المتوفرة. يمكن وضع نبتة برمودا في أي وقت ، ولكن شهر مايو هو أفضل شهر لغصن أو سد أو نبتة عشب برمودا. هناك العديد من أنواع عشب برمودا. جاءت برمودا المشتركة إلى أمريكا في منتصف عام 1700 من شرق إفريقيا.
CASE_0245,1017830,endpoint,5,5947254,0.732,0.732,0,ar,متى تزرع: عشب برمودا هو عشب عشبي دافئ. ازرع بذور عشب برمودا في فصلي الربيع والصيف. عندما تكون درجات حرارة التربة أعلى من 65 درجة فهرنهايت (18 درجة مئوية). درجة حرارة التربة المثلى للإنبات والجذر. يتراوح نمو عشب برمودا من 75 إلى 80 درجة فهرنهايت (24 إلى 27 درجة مئوية) - درجات الحرارة المرتفعة لا بأس
CASE_0245,1017830,endpoint,6,6320985,0.7319,0.7319,0,ar,الأفضل التالي هو التوصيل أو التدوير ، والأخير ، بالنسبة لأولئك الذين لديهم الكثير من الصبر ، البذر. قد لا تتحول بذور برمودا المتوفرة عادة إلى نسيج ناعم مثل بعض الأحمق المتوفرة. يمكن وضع نبتة برمودا في أي وقت ، ولكن شهر مايو هو أفضل شهر لغصن أو سد أو نبتة عشب برمودا. هناك العديد من أنواع عشب برمودا.
CASE_0245,1017830,endpoint,7,4695673,0.7252,0.7252,0,ar,أفضل وقت لزراعة بذور Bermuda Grass Seed هو في أواخر الربيع / أوائل الصيف بعد أن تكون درجة حرارة التربة 65-70 درجة أو أعلى وكل خطر التجمد أو الصقيع قد مضى. 55 & # 176 فهرنهايت لعدة أسابيع. ضع ذلك في الاعتبار عند اتخاذ قرار بشأن وقت غصن أو توصيل أو نقع العشب الدافئ مثل برمودا.
CASE_0245,1017830,endpoint,8,6270567,0.7243,0.7243,0,ar,زراعة عشب البرمودا متى تزرع: عشب برمودا هو عشب عشبي دافئ للموسم. قم بزراعة بذور عشب برمودا في فصلي الربيع والصيف عندما تكون درجات حرارة التربة أعلى من 65 درجة فهرنهايت (18 درجة مئوية) درجة حرارة التربة المثلى للإنبات والجذر. يتراوح نمو عشب برمودا من 75 إلى 80 درجة فهرنهايت (24 درجة إلى 27 درجة مئوية
CASE_0245,1017830,endpoint,9,3658855,0.722,0.722,0,ar,قد لا تتحول بذور برمودا المتوفرة عادة إلى نسيج ناعم مثل بعض الأحمق المتوفرة. يمكن وضع نبتة برمودا في أي وقت ، ولكن شهر مايو هو أفضل شهر لغصن أو سد أو نبتة عشب برمودا. هناك العديد من أنواع عشب برمودا. جاءت برمودا المشتركة إلى أمريكا في منتصف عام 1700 من شرق إفريقيا. منذ ذلك الحين ، تم إنتاج الكثير من
CASE_0245,1017830,endpoint,10,1263642,0.7204,0.7204,0,ar,برمودا هو عشب دافئ الموسم ولا ينبغي عمومًا زراعته في أواخر الخريف. يحب الطقس الحار وينمو بشكل أفضل عندما تكون درجات الحرارة 90-100 درجة. وبالتالي ، فإن الطقس الحار / أشهر الصيف ممتازة للإنبات السريع لبذور برمودا ، بشرط توفر كمية كافية من الماء للحفاظ على رطوبة التربة.
CASE_0245,1017830,mixed,1,4695673,0.756,0.756,0,ar,أفضل وقت لزراعة بذور Bermuda Grass Seed هو في أواخر الربيع / أوائل الصيف بعد أن تكون درجة حرارة التربة 65-70 درجة أو أعلى وكل خطر التجمد أو الصقيع قد مضى. 55 & # 176 فهرنهايت لعدة أسابيع. ضع ذلك في الاعتبار عند اتخاذ قرار بشأن وقت غصن أو توصيل أو نقع العشب الدافئ مثل برمودا.
CASE_0245,1017830,mixed,2,2285392,0.741,0.741,0,ar,أفضل وقت ودرجة حرارة لزراعة عشب برمودا. أفضل وقت لزراعة Bermuda Grass Seed هو في أواخر الربيع / أوائل الصيف بعد أن تكون درجات حرارة التربة 65-70 درجة أو أعلى وكل مخاطر التجمد أو الصقيع قد تجاوزت.
CASE_0245,1017830,mixed,3,1263638,0.7331,0.7331,1,ar,أفضل وقت ودرجة حرارة لزراعة عشب برمودا. أفضل وقت لزراعة Bermuda Grass Seed هو في أواخر الربيع / أوائل الصيف بعد أن تكون درجات حرارة التربة 65-70 درجة أو أعلى وكل مخاطر التجمد أو الصقيع قد تجاوزت. يستغرق هذا عمومًا 80 درجة مئوية من درجات الحرارة اليومية المتسقة لتحقيق هذا المستوى من درجة الحرارة في ا
CASE_0245,1017830,mixed,4,3531749,0.7253,0.7253,0,ar,التحضير لزراعة عشب برمودا. Bermudagrass هو عشب عشبي دافئ للموسم ويفضل زراعته في الربيع إلى أواخر الربيع أو أوائل الصيف. قم بزراعة بذور Bermudagrass عندما تكون درجات حرارة التربة أعلى من 65 درجة فهرنهايت (18 درجة مئوية) - يتم الوصول إلى درجة حرارة التربة هذه عندما تكون درجات حرارة الهواء في النهار 80
CASE_0245,1017830,mixed,5,3531750,0.722,0.722,0,ar,أفضل وقت لزراعة Bermuda Grass Seed هو في أواخر الربيع / أوائل الصيف بعد أن تكون درجات حرارة التربة 65-70 درجة أو أعلى وكل مخاطر التجمد أو الصقيع قد تجاوزت.
CASE_0245,1017830,mixed,6,4286326,0.7217,0.7217,0,ar,التحضير لزراعة عشب برمودا. Bermudagrass هو عشب عشبي دافئ للموسم ويفضل زراعته في الربيع إلى أواخر الربيع أو أوائل الصيف. قم بزراعة بذور Bermudagrass عندما تكون درجات حرارة التربة أعلى من 65 درجة فهرنهايت (18 درجة مئوية) - يتم الوصول إلى درجة حرارة التربة هذه عندما تكون درجات حرارة الهواء في النهار 80
CASE_0245,1017830,mixed,7,1930589,0.7185,0.7185,0,ar,الزمان: من الأفضل أن تزرع برمودا في أواخر الربيع / أوائل الصيف. لا تزرع التربة حتى تصل درجة حرارة التربة إلى 65/70 درجة أو أعلى في الربيع وتنتهي جميع مخاطر التجمد / الصقيع. إذا زرعت في وقت مبكر جدًا ، فأنت تخاطر بقتل البذور أو عدم إنباتها.
CASE_0245,1017830,mixed,8,3588398,0.704,0.704,0,ar,أفضل وقت لزراعة Bermuda Grass Seed هو في أواخر الربيع / أوائل الصيف بعد أن تكون درجة حرارة التربة 65-70 درجة أو أعلى وكل مخاطر التجمد أو الصقيع قد انقضت. أفضل وقت لزراعة Bermuda Grass Seed هو في أواخر الربيع / أوائل الصيف بعد درجات حرارة التربة 65-70 + درجة أو أعلى وجميع مخاطر التجمد أو الصقيع قد مض
CASE_0245,1017830,mixed,9,4695670,0.6982,0.6982,0,ar,زراعة عشب البرمودا متى تزرع: عشب برمودا هو عشب عشبي دافئ للموسم. قم بزراعة بذور عشب برمودا في فصلي الربيع والصيف عندما تكون درجات حرارة التربة أعلى من 65 درجة فهرنهايت (18 درجة مئوية) ، قم بزراعة 2 إلى 3 أرطال من بذور عشب برمودا (البذور المغلفة) لكل 1000 قدم مربع ( 1 كجم / 100 متر مربع) لتطبيقات الع
CASE_0245,1017830,mixed,10,1263642,0.6923,0.6923,0,ar,برمودا هو عشب دافئ الموسم ولا ينبغي عمومًا زراعته في أواخر الخريف. يحب الطقس الحار وينمو بشكل أفضل عندما تكون درجات الحرارة 90-100 درجة. وبالتالي ، فإن الطقس الحار / أشهر الصيف ممتازة للإنبات السريع لبذور برمودا ، بشرط توفر كمية كافية من الماء للحفاظ على رطوبة التربة.
CASE_0245,1058425,endpoint,1,4451376,0.5853,0.5853,0,ar,الكثير من الأسباب لماذا. أنت الوحيد الذي عرفني حقًا على الإطلاق. لذا ألق نظرة علي الآن ، حسنًا ، هناك مساحة فارغة فقط. ولم يتبق شيء هنا يذكرني ، فقط ذكرى وجهك. ألقي نظرة الآن علي ، لأن هناك مساحة فارغة فقط.
CASE_0245,1058425,endpoint,2,4451380,0.5742,0.5742,0,ar,لأننا شاركنا الضحك والألم بل وتقاسمنا الدموع. أنت الوحيد الذي عرفني حقًا على الإطلاق. لذا ألق نظرة علي الآن ، أوه هناك مساحة فارغة فقط. ولم يتبق شيء هنا يذكرني ، فقط ذكرى وجهك. ألق نظرة علي الآن ، حسنًا ، هناك مساحة فارغة فقط. وعودتك إلي ضد الصعاب وهذا ما علي مواجهته. أتمنى أن أجعلك تستدير ،
CASE_0245,1058425,endpoint,3,7854161,0.5686,0.5686,1,ar,. Just One Look هي أغنية شارك في كتابتها مغني R & B الأمريكيين Doris Troy و Gregory Carroll. حقق التسجيل لدوريس تروي نجاحًا كبيرًا في عام 1963. وسجل هوليز وآن موراي وليندا رونشتات نسخًا ناجحة خاصة بهم. كانت هناك أيضًا العديد من الإصدارات الأخرى لهذه الأغنية.
CASE_0245,1058425,endpoint,4,1669759,0.547,0.547,0,ar,لا ينطبق مصطلح عجب الضربة الواحدة على هذه القائمة من المؤلفين الموهوبين الذين أكملوا ، لعدد من الأسباب ، رواية واحدة فقط في حياتهم. هؤلاء المؤلفون ذوو الرواية الواحدة هم من الحائزين على جائزة بوليتسر ونوبل ، ومؤلفو الروايات الكلاسيكية الخالدة ومبدعو بعض أكثر الشخصيات التي لا تنسى في الأدب. فيما يلي
CASE_0245,1058425,endpoint,5,7477308,0.5424,0.5424,0,ar,[الآية 1]. استمع أنا هنا فقط لأركلها بغض النظر عما إذا كنت ستتعامل مع كل النقاد في عملي.
CASE_0245,1058425,endpoint,6,7854155,0.5422,0.5422,0,ar,لذلك كما ترى ، أنا أهتم حقًا بدونك ، أنا لا شيء ، أوه ، أوه ، أوه ، أوه ، نظرة واحدة فقط وأنا أعلم أنني سأفهمك يومًا ما ، أوه ، أوه ، أوه ، نظرة واحدة فقط ، هذا كل ما يتطلبه الأمر نظرة واحدة فقط ، هذا كل ما استغرقته نظرة واحدة فقط ، هذا كل ما استغرقته أعرف أن دوريس تروي تغنيها وقد سمعت نسخة هوليز ال
CASE_0245,1058425,endpoint,7,7854158,0.5398,0.5398,0,ar,كلمات الأغاني: نظرة واحدة فقط ووقعت في حبك بشدة ، أوه ، أوه ، أوه ، أوه ، لقد اكتشفت كم هو شعور جيد أن يكون لديك حبك ، أوه ، أوه ، أوه ، قل أنك سوف تكون لي إلى الأبد ودائمًا ، أوه ، أوه ، أوه ، نظرة واحدة فقط وعرفت أنك كنت الوحيد الذي أملكه أوه أوه أوه أوه! ظننت أنني أحلم لكن ... أظهر المزيد كلمات ا
CASE_0245,1058425,endpoint,8,7136637,0.5387,0.5387,0,ar,الشيء الوحيد الذي يجب ألا ترسله لأي شخص على الإطلاق إليك تلميحًا: إنه حرف واحد بالقرب من منتصف الأبجدية.
CASE_0245,1058425,endpoint,9,3070504,0.5385,0.5385,0,ar,بالأمس فقط ، أبلغوني أنك رحلت. سوزان ، الخطط التي وضعوها تضع حدا لك. خرجت هذا الصباح وكتبت هذه الأغنية ، ولا أتذكر لمن أرسلها. رأيت حريقًا ورأيت مطرًا. لقد رأيت أيامًا مشمسة اعتقدت أنها لن تنتهي أبدًا. لقد رأيت أوقاتًا وحيدة لم أجد فيها صديقًا ، لكنني اعتقدت دائمًا أنني سأراك مرة أخرى. ألن تنظر إلي
CASE_0245,1058425,endpoint,10,8381097,0.5383,0.5383,0,ar,كل ما تقوله هو تعال ورؤيتي لمرة واحدة. تعال وشاهدني لمرة واحدة. أنت لا تأتي إليّ أبدًا ، لن تأتي إليّ أبدًا. لقد كنت مستيقظًا لمدة يومين كاملين أفكر في ما فعلته لإبقائك مستمراً. اعجبني من خلال رسائل البريد الصوتي التي تركتها لي
CASE_0245,1058425,mixed,1,7854161,0.5801,0.5801,1,ar,. Just One Look هي أغنية شارك في كتابتها مغني R & B الأمريكيين Doris Troy و Gregory Carroll. حقق التسجيل لدوريس تروي نجاحًا كبيرًا في عام 1963. وسجل هوليز وآن موراي وليندا رونشتات نسخًا ناجحة خاصة بهم. كانت هناك أيضًا العديد من الإصدارات الأخرى لهذه الأغنية.
CASE_0245,1058425,mixed,2,4451376,0.5525,0.5525,0,ar,الكثير من الأسباب لماذا. أنت الوحيد الذي عرفني حقًا على الإطلاق. لذا ألق نظرة علي الآن ، حسنًا ، هناك مساحة فارغة فقط. ولم يتبق شيء هنا يذكرني ، فقط ذكرى وجهك. ألقي نظرة الآن علي ، لأن هناك مساحة فارغة فقط.
CASE_0245,1058425,mixed,3,6224657,0.5521,0.5521,0,ar,من ويكيبيديا، الموسوعة الحرة. للاستخدامات الأخرى ، انظر لدي فقط عيون من أجلك (توضيح). I Only Have Eyes for You هي أغنية حب رومانسية شهيرة من تأليف الملحن هاري وارين والشاعر الغنائي Al Dubin ، كُتبت في عام 1934 عن فيلم Dames حيث قدمها ديك باول وروبي كيلر. كانت النسخة الجديدة من أغنية Art Garfunkel هي
CASE_0245,1058425,mixed,4,7854158,0.5385,0.5385,0,ar,كلمات الأغاني: نظرة واحدة فقط ووقعت في حبك بشدة ، أوه ، أوه ، أوه ، أوه ، لقد اكتشفت كم هو شعور جيد أن يكون لديك حبك ، أوه ، أوه ، أوه ، قل أنك سوف تكون لي إلى الأبد ودائمًا ، أوه ، أوه ، أوه ، نظرة واحدة فقط وعرفت أنك كنت الوحيد الذي أملكه أوه أوه أوه أوه! ظننت أنني أحلم لكن ... أظهر المزيد كلمات ا
CASE_0245,1058425,mixed,5,4451380,0.5355,0.5355,0,ar,لأننا شاركنا الضحك والألم بل وتقاسمنا الدموع. أنت الوحيد الذي عرفني حقًا على الإطلاق. لذا ألق نظرة علي الآن ، أوه هناك مساحة فارغة فقط. ولم يتبق شيء هنا يذكرني ، فقط ذكرى وجهك. ألق نظرة علي الآن ، حسنًا ، هناك مساحة فارغة فقط. وعودتك إلي ضد الصعاب وهذا ما علي مواجهته. أتمنى أن أجعلك تستدير ،
CASE_0245,1058425,mixed,6,7854155,0.5303,0.5303,0,ar,لذلك كما ترى ، أنا أهتم حقًا بدونك ، أنا لا شيء ، أوه ، أوه ، أوه ، أوه ، نظرة واحدة فقط وأنا أعلم أنني سأفهمك يومًا ما ، أوه ، أوه ، أوه ، نظرة واحدة فقط ، هذا كل ما يتطلبه الأمر نظرة واحدة فقط ، هذا كل ما استغرقته نظرة واحدة فقط ، هذا كل ما استغرقته أعرف أن دوريس تروي تغنيها وقد سمعت نسخة هوليز ال
CASE_0245,1058425,mixed,7,6224661,0.5296,0.5296,0,ar,من عام 1959 الروح الذهبية الصلبة. انقر هنا HD SOUND VERSION http: //www.youtube.com/watch؟ v = Pn8SFd ... The Flamingos-I ليس لدي سوى عيون لك. تمت كتابة الأغنية بواسطة Harry Warren في عام 1934 ، كلمات Al Dubin ، من أجل فيلم Dames بطولة ديك باول وروبي كيلر ، وظهر لاحقًا في فيلم A Bronx Tale. لمزيد من
CASE_0245,1058425,mixed,8,3070504,0.519,0.519,0,ar,بالأمس فقط ، أبلغوني أنك رحلت. سوزان ، الخطط التي وضعوها تضع حدا لك. خرجت هذا الصباح وكتبت هذه الأغنية ، ولا أتذكر لمن أرسلها. رأيت حريقًا ورأيت مطرًا. لقد رأيت أيامًا مشمسة اعتقدت أنها لن تنتهي أبدًا. لقد رأيت أوقاتًا وحيدة لم أجد فيها صديقًا ، لكنني اعتقدت دائمًا أنني سأراك مرة أخرى. ألن تنظر إلي
CASE_0245,1058425,mixed,9,3710906,0.5185,0.5185,0,ar,Look At Me هو المسار رقم 6 في الألبوم Play On. كتبه Lazarides ، Kostas / Collins ، Jim. Look At Me هو المسار رقم 6 في الألبوم Play On. كتبه Lazarides، Kostas / Collins، Jim.ubmit Corrections Cancel. أراهن بحياتي كما أراهن بقلبي. لقد كنت الشخص الوحيد ، حبيبي. لم أكن متأكدا من أي شيء من قبل. أنت تقود
CASE_0245,1058425,mixed,10,1669759,0.5128,0.5128,0,ar,لا ينطبق مصطلح عجب الضربة الواحدة على هذه القائمة من المؤلفين الموهوبين الذين أكملوا ، لعدد من الأسباب ، رواية واحدة فقط في حياتهم. هؤلاء المؤلفون ذوو الرواية الواحدة هم من الحائزين على جائزة بوليتسر ونوبل ، ومؤلفو الروايات الكلاسيكية الخالدة ومبدعو بعض أكثر الشخصيات التي لا تنسى في الأدب. فيما يلي
CASE_0245,1059045,endpoint,1,4489799,0.5187,0.5187,0,ar,أين تقع الكاميرون؟ الكاميرون بلد متوسط ​​عدد السكان ويقع في القارة / المنطقة من أفريقيا. تشمل البلدان القريبة من الكاميرون نيجيريا وغينيا الاستوائية والجابون والكونغو. تشمل أكبر مدنها وبلداتها دوالا وياوندي وغاروا وكوسري.
CASE_0245,1059045,endpoint,2,474979,0.5171,0.5171,0,ar,الكاميرون (/ kÃÆ'mÃ⠰ Ã'â € à ruÃ⠀ ¹Ã n / ؛ الفرنسية: الكاميرون) ، رسميًا جمهورية الكاميرون (بالفرنسية: RÃƒÆ 'Ã' © publique du Cameroun) ، هي دولة تقع في غرب إفريقيا. تحدها نيجيريا من الغرب. تشاد إلى الشمال الشرقي؛ جمهورية أفريقيا الوسطى من الشرق؛ وغينيا الاستوائية والجابون وجمهورية الكونغو من الجنوب
CASE_0245,1059045,endpoint,3,413810,0.5146,0.5146,0,ar,الكاميرون (/ kÃÆ'mÃ⠰ Ã'â € à ruÃ⠀ ¹Ã n / ؛ الفرنسية: الكاميرون) ، رسميًا جمهورية الكاميرون (بالفرنسية: RÃƒÆ 'Ã' © publique du Cameroun) ، هي دولة تقع في وسط إفريقيا. تحدها نيجيريا من الغرب. تشاد إلى الشمال الشرقي؛ جمهورية أفريقيا الوسطى من الشرق؛ وغينيا الاستوائية والجابون وجمهورية الكونغو من الجنوب
CASE_0245,1059045,endpoint,4,1475306,0.5113,0.5113,0,ar,الكاميرون بلد يقع في غرب وسط إفريقيا. تحدها نيجيريا من الغرب. تشاد إلى الشمال الشرقي ؛ جمهورية أفريقيا الوسطى من الشرق؛ وغينيا الاستوائية والجابون وجمهورية الكونغو من الجنوب.
CASE_0245,1059045,endpoint,5,4918692,0.511,0.511,0,ar,الكاميرون هي دولة تقع في وسط إفريقيا على خليج غينيا ، تحدها نيجيريا وتشاد وجمهورية إفريقيا الوسطى وجمهورية الكونغو وغينيا الاستوائية والجابون. إنه ما يقرب من ضعف حجم ولاية أوريغون. جبل الكاميرون (13،350 قدمًا ؛ 4069 م) ، بالقرب من الساحل ، هو أعلى ارتفاع في البلاد.
CASE_0245,1059045,endpoint,6,6701754,0.508,0.508,0,ar,الكاميرون (/ kÃÆ'mÃ⠰ Ã'â € à ruÃ⠀ ¹Ã n / ؛ الفرنسية: الكاميرون) ، رسميًا جمهورية الكاميرون (بالفرنسية: RÃƒÆ 'Ã' © publique du Cameroun) ، هي دولة تقع في وسط إفريقيا. تحدها نيجيريا من الغرب. تشاد إلى الشمال الشرقي؛ جمهورية أفريقيا الوسطى من الشرق؛ وغينيا الاستوائية والجابون وجمهورية الكونغو من الجنوب
CASE_0245,1059045,endpoint,7,1775548,0.5075,0.5075,0,ar,يساعد عملنا في منع إدراج موقع التراث العالمي للأمم المتحدة هذا كموقع تراث عالمي في خطر. تتمتع الكاميرون ، التي تعد أكبر بقليل من ولاية كاليفورنيا ، بظروف زراعية مواتية وموارد نفطية وفيرة ، مما يجعل ناتجها المحلي الإجمالي أحد أعلى 10 بلدان في إفريقيا جنوب الصحراء.
CASE_0245,1059045,endpoint,8,6804877,0.5074,0.5074,0,ar,نظرة عامة على البلد. الكاميرون من البلدان ذات الدخل المتوسط ​​الأدنى ويبلغ عدد سكانها 23.3 مليون نسمة. تقع في وسط إفريقيا ، وتشترك في الحدود مع نيجيريا وتشاد وجمهورية إفريقيا الوسطى وغينيا الاستوائية والجابون.
CASE_0245,1059045,endpoint,9,1775551,0.5061,0.5061,0,ar,تكرس الكاميرون موارد كبيرة للعديد من مشاريع البنية التحتية الكبيرة قيد الإنشاء ، بما في ذلك ميناء بحري عميق في كريبي ومشروع لوم بانغار للطاقة الكهرومائية. يواصل قطاع الطاقة في الكاميرون تنويعه ، حيث افتتح مؤخرًا محطة لتوليد الكهرباء تعمل بالغاز الطبيعي. لا يزال النفط يمثل سلعة التصدير الرئيسية في ال
CASE_0245,1059045,endpoint,10,7827758,0.5025,0.5025,0,ar,الكاميرون (/ kÃÆ'mÃ⠰ Ã'â € à ruÃ⠀ ¹Ã n / ؛ الفرنسية: الكاميرون) ، رسميًا جمهورية الكاميرون (بالفرنسية: RÃƒÆ 'Ã' © publique du Cameroun) ، هي دولة تقع في وسط إفريقيا. تحدها نيجيريا من الغرب. تشاد إلى الشمال الشرقي؛ جمهورية أفريقيا الوسطى من الشرق؛ وغينيا الاستوائية والغابون وجمهورية الكونغو من الجنوب
CASE_0245,1059045,mixed,1,1775548,0.5919,0.5919,0,ar,يساعد عملنا في منع إدراج موقع التراث العالمي للأمم المتحدة هذا كموقع تراث عالمي في خطر. تتمتع الكاميرون ، التي تعد أكبر بقليل من ولاية كاليفورنيا ، بظروف زراعية مواتية وموارد نفطية وفيرة ، مما يجعل ناتجها المحلي الإجمالي أحد أعلى 10 بلدان في إفريقيا جنوب الصحراء.
CASE_0245,1059045,mixed,2,1775551,0.5901,0.5901,0,ar,تكرس الكاميرون موارد كبيرة للعديد من مشاريع البنية التحتية الكبيرة قيد الإنشاء ، بما في ذلك ميناء بحري عميق في كريبي ومشروع لوم بانغار للطاقة الكهرومائية. يواصل قطاع الطاقة في الكاميرون تنويعه ، حيث افتتح مؤخرًا محطة لتوليد الكهرباء تعمل بالغاز الطبيعي. لا يزال النفط يمثل سلعة التصدير الرئيسية في ال
CASE_0245,1059045,mixed,3,7170234,0.5624,0.5624,1,ar,يعد تلوث الهواء مشكلة بيئية كبيرة في الكاميرون. المصادر الرئيسية للتلوث هي المواد الكيميائية الصناعية وانبعاثات المركبات. تمتلك الكاميرون 273 كيلومترًا مكعبًا من موارد المياه المتجددة. يحصل حوالي 84٪ من سكان الحضر و 41٪ من سكان الريف على مياه شرب آمنة.
CASE_0245,1059045,mixed,4,6804877,0.5594,0.5594,0,ar,نظرة عامة على البلد. الكاميرون من البلدان ذات الدخل المتوسط ​​الأدنى ويبلغ عدد سكانها 23.3 مليون نسمة. تقع في وسط إفريقيا ، وتشترك في الحدود مع نيجيريا وتشاد وجمهورية إفريقيا الوسطى وغينيا الاستوائية والجابون.
CASE_0245,1059045,mixed,5,413810,0.5533,0.5533,0,ar,الكاميرون (/ kÃÆ'mÃ⠰ Ã'â € à ruÃ⠀ ¹Ã n / ؛ الفرنسية: الكاميرون) ، رسميًا جمهورية الكاميرون (بالفرنسية: RÃƒÆ 'Ã' © publique du Cameroun) ، هي دولة تقع في وسط إفريقيا. تحدها نيجيريا من الغرب. تشاد إلى الشمال الشرقي؛ جمهورية أفريقيا الوسطى من الشرق؛ وغينيا الاستوائية والجابون وجمهورية الكونغو من الجنوب
CASE_0245,1059045,mixed,6,6240864,0.5528,0.5528,0,ar,ملاحظة: يتم حساب بيانات الاستطلاعات من استطلاعات الرأي المضافة على هذا الموقع. نسبة عالية من الزوار حاصلين على درجة البكالوريوس / الماجستير. ينتج عن هذا متوسط ​​راتب أعلى من الإحصائيات لجميع السكان. يتم عرض جميع الاستطلاعات ديناميكيًا وتتغير باستمرار مع الإدخالات الجديدة. ملخص. الكاميرون. الكاميرون
CASE_0245,1059045,mixed,7,474979,0.5523,0.5523,0,ar,الكاميرون (/ kÃÆ'mÃ⠰ Ã'â € à ruÃ⠀ ¹Ã n / ؛ الفرنسية: الكاميرون) ، رسميًا جمهورية الكاميرون (بالفرنسية: RÃƒÆ 'Ã' © publique du Cameroun) ، هي دولة تقع في غرب إفريقيا. تحدها نيجيريا من الغرب. تشاد إلى الشمال الشرقي؛ جمهورية أفريقيا الوسطى من الشرق؛ وغينيا الاستوائية والجابون وجمهورية الكونغو من الجنوب
CASE_0245,1059045,mixed,8,6701754,0.5501,0.5501,0,ar,الكاميرون (/ kÃÆ'mÃ⠰ Ã'â € à ruÃ⠀ ¹Ã n / ؛ الفرنسية: الكاميرون) ، رسميًا جمهورية الكاميرون (بالفرنسية: RÃƒÆ 'Ã' © publique du Cameroun) ، هي دولة تقع في وسط إفريقيا. تحدها نيجيريا من الغرب. تشاد إلى الشمال الشرقي؛ جمهورية أفريقيا الوسطى من الشرق؛ وغينيا الاستوائية والجابون وجمهورية الكونغو من الجنوب
CASE_0245,1059045,mixed,9,4918692,0.5472,0.5472,0,ar,الكاميرون هي دولة تقع في وسط إفريقيا على خليج غينيا ، تحدها نيجيريا وتشاد وجمهورية إفريقيا الوسطى وجمهورية الكونغو وغينيا الاستوائية والجابون. إنه ما يقرب من ضعف حجم ولاية أوريغون. جبل الكاميرون (13،350 قدمًا ؛ 4069 م) ، بالقرب من الساحل ، هو أعلى ارتفاع في البلاد.
CASE_0245,1059045,mixed,10,7827758,0.5462,0.5462,0,ar,الكاميرون (/ kÃÆ'mÃ⠰ Ã'â € à ruÃ⠀ ¹Ã n / ؛ الفرنسية: الكاميرون) ، رسميًا جمهورية الكاميرون (بالفرنسية: RÃƒÆ 'Ã' © publique du Cameroun) ، هي دولة تقع في وسط إفريقيا. تحدها نيجيريا من الغرب. تشاد إلى الشمال الشرقي؛ جمهورية أفريقيا الوسطى من الشرق؛ وغينيا الاستوائية والغابون وجمهورية الكونغو من الجنوب
CASE_0245,1099340,endpoint,1,7263859,0.6674,0.6674,0,ar,في المستشفيات التي نفذتها بالكامل ، يتم استدعاء فرق الاستجابة السريعة حوالي 10 مرات شهريًا لكل 100 سرير مشغول. يختلف تكوين فرق الاستجابة السريعة ، وحتى الاسم نفسه ، من مستشفى إلى آخر ، ويطلق عليه البعض اسم فريق الطوارئ الطبية أو فريق التقييم السريع. تقوم الممرضات بجانب السرير بالاتصال بالفرق عن طريق
CASE_0245,1099340,endpoint,2,3909526,0.6245,0.6245,0,ar,أفضل إجابة: الأصوات التي يسمعها طبيبك / ممرضتك باستخدام سماعة الطبيب ناتجة عن الإغلاق السريع والقوي للصمامات التي تتحكم في حركة الدم بين غرف القلب ومن القلب إلى الرئتين وفي الدورة الدموية الرئيسية.
CASE_0245,1099340,endpoint,3,5661850,0.6222,0.6222,0,ar,تصرف بسرعة. يعد FAST طريقة سهلة لتذكر وتحديد الأعراض الأكثر شيوعًا للسكتة الدماغية. التعرف على السكتة الدماغية والاتصال بالرقم 9-1-1 سيحدد مدى سرعة تلقي الشخص للمساعدة والعلاج. من المرجح أن يؤدي الوصول إلى المستشفى بسرعة إلى تعافي أفضل. استخدم FAST لتذكر علامات التحذير من السكتة الدماغية.
CASE_0245,1099340,endpoint,4,6495205,0.6209,0.6209,0,ar,تصرف بسرعة. يعد FAST طريقة سهلة لتذكر وتحديد الأعراض الأكثر شيوعًا للسكتة الدماغية. التعرف على السكتة الدماغية والاتصال بالرقم 9-1-1 سيحدد مدى سرعة تلقي الشخص للمساعدة والعلاج. من المرجح أن يؤدي الوصول إلى المستشفى بسرعة إلى تعافي أفضل.
CASE_0245,1099340,endpoint,5,4453658,0.6203,0.6203,0,ar,(إذا كنت تعتقد أن حالتك طارئة ، فاتصل برقم 911 أو خدمات الطوارئ المحلية ï¬à 'أولاً). نصيحة الممرضة سريعة. وكلما حصلت على إجابات أسرع ، زادت سرعة حصولك على الراحة. سترد الممرضات على مكالمتك في غضون ثوان ويقدمون لك النصيحة التي تحتاجها في أي وقت ليلاً أو نهارًا.
CASE_0245,1099340,endpoint,6,8380628,0.613,0.613,0,ar,تبدأ الأعراض عادة في أقرب وقت بعد تناول الطعام ببضع دقائق وبعد ساعتين من تناول الطعام. طويل). تسمى هذه الموجة الثانية رد فعل ثنائي الطور. يجب أن يبقى رد الفعل الشديد في المستشفى لمدة أربع إلى ست ساعات للمراقبة.
CASE_0245,1099340,endpoint,7,5549716,0.6119,0.6119,0,ar,التسمع الفوري [عدل] التسمع الفوري هو مصطلح طبي قديم للاستماع (تسمع) للأصوات الداخلية للجسم ، ووضع الأذن مباشرة على الجسم. إنه يعارض التوسط في التسمع ، باستخدام أداة (وسيط) ، أي سماعة الطبيب.
CASE_0245,1099340,endpoint,8,7263864,0.6116,0.6116,0,ar,يمكن أن يؤدي عدم معرفة متى تتدهور حالة المريض إلى الفشل في الإنقاذ ويصبح مساهمًا رئيسيًا في الوفيات داخل المستشفى. فريق الاستجابة السريعة هو فريق من الأطباء الذين يجلبون خبرة الرعاية الحرجة إلى السرير (أو في أي مكان تحتاجه).
CASE_0245,1099340,endpoint,9,1476859,0.6107,0.6107,0,ar,معلومة. عادة ما يتم التسمع باستخدام أداة تسمى سماعة الطبيب. يستمع مقدمو الرعاية الصحية بشكل روتيني إلى رئتي المريض وقلبه وأمعائه لتقييم تواتر الأصوات وشدتها ومدتها وعددها وجودتها. يستخدم مقدمو الرعاية الصحية أيضًا التسمع للاستماع إلى أصوات قلب الأطفال الذين لم يولدوا بعد. يمكن إجراء ذلك باستخدام سما
CASE_0245,1099340,endpoint,10,8210986,0.6086,0.6086,0,ar,عادةً ما يتلقى المرضى الذين يعانون من آلام في الصدر والذين يصلون بسيارة الإسعاف علاجًا أسرع في المستشفى أيضًا. من الأفضل الاتصال بخدمة EMS للانتقال السريع إلى غرفة الطوارئ. مشاهدة الرسوم المتحركة لنوبة قلبية.
CASE_0245,1099340,mixed,1,7263859,0.6603,0.6603,0,ar,في المستشفيات التي نفذتها بالكامل ، يتم استدعاء فرق الاستجابة السريعة حوالي 10 مرات شهريًا لكل 100 سرير مشغول. يختلف تكوين فرق الاستجابة السريعة ، وحتى الاسم نفسه ، من مستشفى إلى آخر ، ويطلق عليه البعض اسم فريق الطوارئ الطبية أو فريق التقييم السريع. تقوم الممرضات بجانب السرير بالاتصال بالفرق عن طريق
CASE_0245,1099340,mixed,2,7263864,0.6442,0.6442,0,ar,يمكن أن يؤدي عدم معرفة متى تتدهور حالة المريض إلى الفشل في الإنقاذ ويصبح مساهمًا رئيسيًا في الوفيات داخل المستشفى. فريق الاستجابة السريعة هو فريق من الأطباء الذين يجلبون خبرة الرعاية الحرجة إلى السرير (أو في أي مكان تحتاجه).
CASE_0245,1099340,mixed,3,7263857,0.6305,0.6305,1,ar,فريق الاستجابة السريعة - المعروف من قبل البعض باسم فريق الطوارئ الطبية - هو فريق من الأطباء الذين يجلبون خبرة الرعاية الحرجة إلى السرير. ببساطة ، الغرض من فريق الاستجابة السريعة هو تقديم خبرة الرعاية الحرجة إلى سرير المريض (أو في أي مكان تحتاجه).
CASE_0245,1099340,mixed,4,5661850,0.6278,0.6278,0,ar,تصرف بسرعة. يعد FAST طريقة سهلة لتذكر وتحديد الأعراض الأكثر شيوعًا للسكتة الدماغية. التعرف على السكتة الدماغية والاتصال بالرقم 9-1-1 سيحدد مدى سرعة تلقي الشخص للمساعدة والعلاج. من المرجح أن يؤدي الوصول إلى المستشفى بسرعة إلى تعافي أفضل. استخدم FAST لتذكر علامات التحذير من السكتة الدماغية.
CASE_0245,1099340,mixed,5,8380628,0.6259,0.6259,0,ar,تبدأ الأعراض عادة في أقرب وقت بعد تناول الطعام ببضع دقائق وبعد ساعتين من تناول الطعام. طويل). تسمى هذه الموجة الثانية رد فعل ثنائي الطور. يجب أن يبقى رد الفعل الشديد في المستشفى لمدة أربع إلى ست ساعات للمراقبة.
CASE_0245,1099340,mixed,6,6495205,0.6255,0.6255,0,ar,تصرف بسرعة. يعد FAST طريقة سهلة لتذكر وتحديد الأعراض الأكثر شيوعًا للسكتة الدماغية. التعرف على السكتة الدماغية والاتصال بالرقم 9-1-1 سيحدد مدى سرعة تلقي الشخص للمساعدة والعلاج. من المرجح أن يؤدي الوصول إلى المستشفى بسرعة إلى تعافي أفضل.
CASE_0245,1099340,mixed,7,3419905,0.6167,0.6167,0,ar,قد يكون مثل هذا السلوك هو أول علامة على حالة طبية طارئة تسمى الارتباك المفاجئ أو الهذيان. 1 يجب على كبار السن الذين لديهم أي من هذه الأعراض مراجعة طبيب الرعاية الأولية على الفور. 2 إذا لاحظت أيًا من هذه الأعراض في المستشفى ، فأخبر أحد الموظفين على الفور.
CASE_0245,1099340,mixed,8,1293764,0.6148,0.6148,0,ar,: استجابة جهازية شديدة لحالة (مثل الصدمة ، أو العدوى ، أو الحرق) التي تثير تفاعلًا التهابيًا حادًا يشير إلى وجود مجموعتين أو أكثر من مجموعة الأعراض بما في ذلك ارتفاع درجة حرارة الجسم أو انخفاضها بشكل غير طبيعي ، ومعدل ضربات القلب أكبر من 90 نبضة في الدقيقة ، معدل التنفس أكبر من 20 نفسًا في الدقيقة أ
CASE_0245,1099340,mixed,9,4309494,0.6109,0.6109,0,ar,يمكن أن يحدث رد فعل تحسسي حاد ومفاجئ في غضون ثوانٍ بعد التعرض لمسببات الحساسية. يُعرف هذا النوع من التفاعل باسم الحساسية المفرطة وينتج عنه أعراض تهدد الحياة ، بما في ذلك تورم مجرى الهواء ، وعدم القدرة على التنفس ، وانخفاض مفاجئ وشديد في ضغط الدم. إذا واجهت هذا النوع من الحساسية ، فاطلب المساعدة الطا
CASE_0245,1099340,mixed,10,7179317,0.607,0.607,0,ar,فرط الحساسية الفورية بوساطة الأجسام المضادة التي تحدث في غضون دقائق عندما يتعرض الفرد الحساس لمولد الضد ؛ تشمل المظاهر السريرية الحساسية المفرطة الجهازية والحساسية الاستشرائية (التهاب الأنف التحسسي والربو والتهاب الجلد والشرى والوذمة الوعائية).
CASE_0245,259763,endpoint,1,2231488,0.8157,0.8157,0,ar,جواب سريع. يجب أن يجلس ماء الصنبور ويخضع لممارسات التهوية لمدة لا تقل عن 12 ساعة قبل أن يتم وضع الأسماك في الماء. والسبب في ذلك أن مياه الصنبور تحتوي على الكلور وأن الكلور ضار بالأسماك. أكمل القراءة.
CASE_0245,259763,endpoint,2,1112541,0.7707,0.7707,0,ar,يجب أن يظل ماء الصنبور لمدة ساعة على الأقل قبل إضافة أي سمكة إلى الوعاء. يجب أن يكون الماء بدرجة حرارة الغرفة.
CASE_0245,259763,endpoint,3,1112540,0.7224,0.7224,0,ar,تركه لمدة 30 دقيقة سيفي بالغرض أو يمكنك اللعب بدرجة حرارة الماء حتى تصبح كما هي. ومع ذلك ، إذا لم يكن لديك أي مزيل الكلور من ماء الصنبور ، اترك الماء يجلس لمدة 48 ساعة (أو 24 ساعة على الأقل) للتخلص من الكلور والمواد الكيميائية الضارة الأخرى في ماء الصنبور. 31 شخصًا وجدوا هذا مفيدًا.
CASE_0245,259763,endpoint,4,2231485,0.7212,0.7212,0,ar,أفضل إجابة: إذا كنت قلقًا بشأن الكلور أو الكلورامين من ماء الصنبور ، فيمكنك ترك الماء يجلس لمدة 12 إلى 24 ساعة حتى تتبدد الغازات. أو يمكنك إضافة أي من منتجات إزالة الكلور التجارية المتاحة. مع هذه المضافة ، يمكنك إضافة الصنبور مباشرة في الخزان.
CASE_0245,259763,endpoint,5,1128656,0.7202,0.7202,0,ar,إن تركه لمدة 30 دقيقة سيفي بالغرض أو يمكنك اللعب بدرجة حرارة الماء حتى تصبح كما هي. <br /> ومع ذلك ، إذا لم يكن لديك أي مزيل الكلور من ماء الصنبور ، اترك الماء يجلس لمدة 48 ساعة (أو 24 على الأقل) ساعات) للتخلص من الكلور والمواد الكيميائية الضارة الأخرى في ماء الصنبور.
CASE_0245,259763,endpoint,6,2231493,0.7179,0.7179,0,ar,إن تركه لمدة 30 دقيقة سيفي بالغرض أو يمكنك اللعب بدرجة حرارة الماء حتى تصبح كما هي. ومع ذلك ، إذا لم يكن لديك أي مزيل الكلور من ماء الصنبور ، اترك الماء يجلس لمدة 48 ساعة (أو 24 ساعة على الأقل) للتخلص من الكلور والمواد الكيميائية الضارة الأخرى في ماء الصنبور. 31 شخصًا وجدوا هذا مفيدًا.
CASE_0245,259763,endpoint,7,7862115,0.7169,0.7169,0,ar,حسنًا عندما أقوم بتنظيف حوض السمك الخاص بي ، أستخدم ماء الصنبور ، مع dechlorinater بالطبع. يستغرق الأمر بضع ساعات فقط بالنسبة لي ، ولكن فقط لأكون آمنًا ، سأنتظر حوالي 24 ساعة قبل إعادة السمك إلى الوعاء. شخص مادن لاعب Ã⠀ šÃ' · 10 سنوات.
CASE_0245,259763,endpoint,8,8476617,0.7151,0.7151,0,ar,لماذا يُقال على ظهر زجاجات التكييف الانتظار 24 ساعة ب ... إذا كان من المفترض أن يكون التكييف في الماء لمدة 24 ساعة ثم يضاف ... لم تنتظر 48 ساعة لوضع السمك في الخزان . أنا قلق ، الرجاء المساعدة! سوف تكون مياه الصنبور آمنة للأسماك بعد الجلوس لمدة 24 ساعة.
CASE_0245,259763,endpoint,9,1128658,0.7142,0.7142,0,ar,تركه لمدة 30 دقيقة سيفي بالغرض أو يمكنك اللعب بدرجة حرارة الماء حتى تصبح كما هي. ومع ذلك ، إذا لم يكن لديك أي مزيل الكلور من ماء الصنبور ، اترك الماء يجلس لمدة 48 ساعة (أو 24 ساعة على الأقل) للتخلص من الكلور والمواد الكيميائية الضارة الأخرى في ماء الصنبور. فقط تأكد من أن درجات الحرارة هي نفسها <i> إ
CASE_0245,259763,endpoint,10,1672154,0.7017,0.7017,0,ar,ضع كل المحار في وعاء واملأه بماء الصنبور البارد. لقد سمعنا أيضًا أن إضافة دقيق الذرة أو الفلفل الأسود إلى الماء سيشجع المحار على بصق المزيد من الرمل. دع المحار يجلس لمدة 20 دقيقة إلى ساعة. خلال هذا الوقت ، سوف يبصقون الرمل من داخل قذائفهم.
CASE_0245,259763,mixed,1,2231488,0.779,0.779,0,ar,جواب سريع. يجب أن يجلس ماء الصنبور ويخضع لممارسات التهوية لمدة لا تقل عن 12 ساعة قبل أن يتم وضع الأسماك في الماء. والسبب في ذلك أن مياه الصنبور تحتوي على الكلور وأن الكلور ضار بالأسماك. أكمل القراءة.
CASE_0245,259763,mixed,2,1112541,0.7416,0.7416,0,ar,يجب أن يظل ماء الصنبور لمدة ساعة على الأقل قبل إضافة أي سمكة إلى الوعاء. يجب أن يكون الماء بدرجة حرارة الغرفة.
CASE_0245,259763,mixed,3,7862114,0.7004,0.7004,1,ar,لقد قمت مؤخرًا بتنظيف وتغيير المياه في حوض السمك الذهبي الخاص بنا. عادةً ما أستخدم مياه الينابيع في الخزان ، لكنني ملأتها الليلة الماضية بماء المدينة الصنبور. لقد سمعت أنه إذا تُركت تلك المياه لتستقر لمدة 24 ساعة تقريبًا قبل إضافة الأسماك ، فإن الكلور سيختفي بما يكفي ليكون آمنًا للأسماك. يكون...
CASE_0245,259763,mixed,4,8476617,0.6994,0.6994,0,ar,لماذا يُقال على ظهر زجاجات التكييف الانتظار 24 ساعة ب ... إذا كان من المفترض أن يكون التكييف في الماء لمدة 24 ساعة ثم يضاف ... لم تنتظر 48 ساعة لوضع السمك في الخزان . أنا قلق ، الرجاء المساعدة! سوف تكون مياه الصنبور آمنة للأسماك بعد الجلوس لمدة 24 ساعة.
CASE_0245,259763,mixed,5,1128661,0.6992,0.6992,0,ar,ضع السمك في وعاء أو كيس مملوء بمياه خزان الحجر الصحي. اترك الكيس أو الوعاء على سطح ماء الخزان الرئيسي لمدة 15-20 دقيقة. بعد ذلك ، استخدم كوبًا نظيفًا لغرف بعض ماء الخزان الرئيسي في الكيس أو الوعاء. يجب أن يكون هناك 50٪ ماء خزان رئيسي و 50٪ ماء خزان حجر في الكيس.
CASE_0245,259763,mixed,6,7862115,0.6943,0.6943,0,ar,حسنًا عندما أقوم بتنظيف حوض السمك الخاص بي ، أستخدم ماء الصنبور ، مع dechlorinater بالطبع. يستغرق الأمر بضع ساعات فقط بالنسبة لي ، ولكن فقط لأكون آمنًا ، سأنتظر حوالي 24 ساعة قبل إعادة السمك إلى الوعاء. شخص مادن لاعب Ã⠀ šÃ' · 10 سنوات.
CASE_0245,259763,mixed,7,6456912,0.6824,0.6824,0,ar,عندما تحصل على سمكتك الجديدة للمنزل ، ضع الكيس في وعاء طفو لمدة 15 دقيقة. ثم افتح الكيس وأضف حوالي نصف كوب من الماء من الوعاء إلى الكيس كل 10 دقائق. عندما يكون هناك ضعف كمية الماء في الكيس ، انتظر عشر دقائق أخرى ، ثم حرر السمكة. ثم اجلس واسترخي واستمتع.
CASE_0245,259763,mixed,8,1128654,0.6811,0.6811,0,ar,تبلغ إجابة سؤالك حوالي 6 أسابيع. إذا أضفت سمكًا قبل نهاية دورة النيتروجين المكتملة ، فسيكون ذلك بمثابة جحيم لك ولسمكك. يتغير الماء يوميًا وأحيانًا مرتين في اليوم. أعلم أنه من الصعب انتظار الأسماك ولكنك ستكون سعيدًا عندما تفعل ذلك ، وإلا فسوف ينتهي بك الأمر بأسماك مريضة أو ميتة.
CASE_0245,259763,mixed,9,1112540,0.6774,0.6774,0,ar,تركه لمدة 30 دقيقة سيفي بالغرض أو يمكنك اللعب بدرجة حرارة الماء حتى تصبح كما هي. ومع ذلك ، إذا لم يكن لديك أي مزيل الكلور من ماء الصنبور ، اترك الماء يجلس لمدة 48 ساعة (أو 24 ساعة على الأقل) للتخلص من الكلور والمواد الكيميائية الضارة الأخرى في ماء الصنبور. 31 شخصًا وجدوا هذا مفيدًا.
CASE_0245,259763,mixed,10,1128656,0.6773,0.6773,0,ar,إن تركه لمدة 30 دقيقة سيفي بالغرض أو يمكنك اللعب بدرجة حرارة الماء حتى تصبح كما هي. <br /> ومع ذلك ، إذا لم يكن لديك أي مزيل الكلور من ماء الصنبور ، اترك الماء يجلس لمدة 48 ساعة (أو 24 على الأقل) ساعات) للتخلص من الكلور والمواد الكيميائية الضارة الأخرى في ماء الصنبور.
CASE_0245,264594,endpoint,1,2903167,0.6973,0.6973,0,ar,عادة ما تكون لعبة Super Bowl مدتها 4 ساعات وستنتهي في حوالي الساعة 10:00 مساءً بتوقيت شرق الولايات المتحدة.
CASE_0245,264594,endpoint,2,2903165,0.6973,0.6973,0,ar,عادة ما تكون لعبة Super Bowl مدتها 4 ساعات وستنتهي في حوالي الساعة 10:00 مساءً بتوقيت شرق الولايات المتحدة.
CASE_0245,264594,endpoint,3,7320812,0.6938,0.6938,1,ar,ما هي المدة التي تستغرقها لعبة Super Bowl عادة؟ تستغرق لعبة Super Bowl عادةً أربع ساعات. تستغرق اللعبة نفسها حوالي ثلاث ساعات ونصف ، مع عرض مدته 30 دقيقة بين الشوطين. وبينما تستمر لعبة NFL النموذجية عادة حوالي ثلاث ساعات ، فإن Super Bowl أطول بكثير بسبب التركيز على الإعلان. المزيد عن Super Bowl LI د
CASE_0245,264594,endpoint,4,6677058,0.6935,0.6935,0,ar,تستغرق لعبة Super Bowl عادةً أربع ساعات. تستغرق اللعبة نفسها حوالي ثلاث ساعات ونصف ، مع عرض مدته 30 دقيقة بين الشوطين.
CASE_0245,264594,endpoint,5,7728746,0.6882,0.6882,0,ar,ما هي المدة التي تستغرقها لعبة Super Bowl عادة؟ تستغرق لعبة كرة القدم التقليدية حوالي 3 ساعات. ومع ذلك ، فإن Super Bowl تستغرق حوالي 4 ساعات من البداية إلى النهاية. أصبحت اللعبة أطول بسبب عرض الشوط الأول المطول والتركيز على الفواصل الإعلانية والإعلانية. اللعبة أطول بسبب طول نصف الوقت الذي يتم عرضه و
CASE_0245,264594,endpoint,6,6013769,0.6847,0.6847,0,ar,تستغرق لعبة كرة القدم التقليدية حوالي 3 ساعات. ومع ذلك ، فإن Super Bowl تستغرق حوالي 4 ساعات من البداية إلى النهاية. اللعبة أطول بسبب طول نصف الوقت الذي يتم عرضه والتركيز على الإعلانات والفواصل التجارية. ما هي المدة التي مرت على سوبر بولز؟
CASE_0245,264594,endpoint,7,6013763,0.6802,0.6802,0,ar,طول أرباع سوبر بول. لا يختلف طول الأرباع في Super Bowl عن الطول في مباراة الموسم العادي العادية ، وهذا هو أربعة ربع ساعة أو ساعة واحدة من كرة القدم. عادة ما تستمر لعبة NFL العادية لفترة أطول قليلاً من 3 ساعات. بالطبع يحتوي Super Bowl على عدد قليل من الإعلانات التجارية الإضافية وعرض أطول بين الشوطين.
CASE_0245,264594,endpoint,8,4779769,0.6788,0.6788,0,ar,صوت الثقة 43.4K. عادة ما تكون لعبة Super Bowl مدتها 4 ساعات وستنتهي في حوالي الساعة 10:00 مساءً بتوقيت شرق الولايات المتحدة. عادة ما تكون لعبة Super Bowl مدتها 4 ساعات وستنتهي في حوالي الساعة 10:00 مساءً بتوقيت شرق الولايات المتحدة.
CASE_0245,264594,endpoint,9,6013770,0.6786,0.6786,0,ar,طول أرباع Super Bowl لا يختلف طول الأرباع في Super Bowl عن الطول في لعبة الموسم العادي ، وهذا هو أربعة أرباع 15 دقيقة أو ساعة واحدة من كرة القدم. عادة ما تستمر لعبة NFL العادية لفترة أطول قليلاً من 3 ساعات. بالطبع يحتوي Super Bowl على عدد قليل من الإعلانات التجارية الإضافية وعرض أطول بين الشوطين. نص
CASE_0245,264594,endpoint,10,6013766,0.6777,0.6777,0,ar,طول أرباع سوبر بول. لا يختلف طول الأرباع في Super Bowl عن الطول في مباراة الموسم العادي العادية ، وهذا هو أربعة ربع ساعة أو ساعة واحدة من كرة القدم. عادة ما تستمر لعبة NFL العادية لفترة أطول قليلاً من 3 ساعات. بالطبع يحتوي Super Bowl على عدد قليل من الإعلانات التجارية الإضافية وعرض أطول بين الشوطين.
CASE_0245,264594,mixed,1,7320812,0.7788,0.7788,1,ar,ما هي المدة التي تستغرقها لعبة Super Bowl عادة؟ تستغرق لعبة Super Bowl عادةً أربع ساعات. تستغرق اللعبة نفسها حوالي ثلاث ساعات ونصف ، مع عرض مدته 30 دقيقة بين الشوطين. وبينما تستمر لعبة NFL النموذجية عادة حوالي ثلاث ساعات ، فإن Super Bowl أطول بكثير بسبب التركيز على الإعلان. المزيد عن Super Bowl LI د
CASE_0245,264594,mixed,2,6677058,0.7748,0.7748,0,ar,تستغرق لعبة Super Bowl عادةً أربع ساعات. تستغرق اللعبة نفسها حوالي ثلاث ساعات ونصف ، مع عرض مدته 30 دقيقة بين الشوطين.
CASE_0245,264594,mixed,3,2903167,0.772,0.772,0,ar,عادة ما تكون لعبة Super Bowl مدتها 4 ساعات وستنتهي في حوالي الساعة 10:00 مساءً بتوقيت شرق الولايات المتحدة.
CASE_0245,264594,mixed,4,2903165,0.772,0.772,0,ar,عادة ما تكون لعبة Super Bowl مدتها 4 ساعات وستنتهي في حوالي الساعة 10:00 مساءً بتوقيت شرق الولايات المتحدة.
CASE_0245,264594,mixed,5,7728746,0.7591,0.7591,0,ar,ما هي المدة التي تستغرقها لعبة Super Bowl عادة؟ تستغرق لعبة كرة القدم التقليدية حوالي 3 ساعات. ومع ذلك ، فإن Super Bowl تستغرق حوالي 4 ساعات من البداية إلى النهاية. أصبحت اللعبة أطول بسبب عرض الشوط الأول المطول والتركيز على الفواصل الإعلانية والإعلانية. اللعبة أطول بسبب طول نصف الوقت الذي يتم عرضه و
CASE_0245,264594,mixed,6,7455534,0.7555,0.7555,0,ar,الى متى سوف يستمر؟ من المعروف أن ألعاب Super Bowl طويلة ، وتستمر في المتوسط ​​ثلاث ساعات و 44 دقيقة ، وفقًا لـ The Verge. تستمر لعبة NFL العادية لفترة أطول قليلاً من ثلاث ساعات ، لكن Super Bowl عادة ما تكون أطول بسبب بريقها وإعلاناتها الشهيرة وعرضها الرائع بين الشوطين.
CASE_0245,264594,mixed,7,6013770,0.749,0.749,0,ar,طول أرباع Super Bowl لا يختلف طول الأرباع في Super Bowl عن الطول في لعبة الموسم العادي ، وهذا هو أربعة أرباع 15 دقيقة أو ساعة واحدة من كرة القدم. عادة ما تستمر لعبة NFL العادية لفترة أطول قليلاً من 3 ساعات. بالطبع يحتوي Super Bowl على عدد قليل من الإعلانات التجارية الإضافية وعرض أطول بين الشوطين. نص
CASE_0245,264594,mixed,8,4779769,0.7481,0.7481,0,ar,صوت الثقة 43.4K. عادة ما تكون لعبة Super Bowl مدتها 4 ساعات وستنتهي في حوالي الساعة 10:00 مساءً بتوقيت شرق الولايات المتحدة. عادة ما تكون لعبة Super Bowl مدتها 4 ساعات وستنتهي في حوالي الساعة 10:00 مساءً بتوقيت شرق الولايات المتحدة.
CASE_0245,264594,mixed,9,6013767,0.7422,0.7422,0,ar,كان متوسط ​​طول بث Super Bowl على مدار العقدين الماضيين 3 ساعات و 35 دقيقة ، وفقًا لـ Bloomberg في عام 2012. ولكن إذا سمحت لنفسك فور انتهاء المباراة ، فيجب أن يظل الوقت الملتزم به حوالي 3 ساعات و 20 دقيقة. من المفترض أن تكون مدة مباراة كرة القدم 60 دقيقة ومقسمة إلى أربعة أرباع مدة كل منها 15 دقيقة.
CASE_0245,264594,mixed,10,6013769,0.7368,0.7368,0,ar,تستغرق لعبة كرة القدم التقليدية حوالي 3 ساعات. ومع ذلك ، فإن Super Bowl تستغرق حوالي 4 ساعات من البداية إلى النهاية. اللعبة أطول بسبب طول نصف الوقت الذي يتم عرضه والتركيز على الإعلانات والفواصل التجارية. ما هي المدة التي مرت على سوبر بولز؟
CASE_0245,290091,endpoint,1,167233,0.6221,0.6221,0,ar,كانت سوناتا ضوء القمر لبيتهوفن واحدة من سوناتات البيانو التي كتبها بيتهوفن. كانت الأداة الوحيدة المستخدمة هي البيانو. إنها سوناتا بيانو ، للبيانو المنفرد ، أصوات الثقة 371. عزف بيتهوفن على البيانو بشكل أساسي. يمكنه أيضًا العزف على أدوات لوحة المفاتيح الأخرى مثل الأرغن والقيثارة بشكل جيد. كما أنه يعز
CASE_0245,290091,endpoint,2,5436436,0.6015,0.6015,0,ar,4 حركات ، تكون الأولى منها عادةً حركة سريعة في شكل سوناتا ، والثانية حركة بطيئة ، والثالثة إما حركة دقيقة وثلاثية أو ثلاثية شبيهة بحركة (شيرزو) في ثلاثة أمتار بسيطة ، وتنتهي بحركة رابعة ، حركة سريعة في شكل روندو و / أو سوناتا.
CASE_0245,290091,endpoint,3,4981827,0.5862,0.5862,0,ar,قام بيتهوفن ، خاصة في فترته السابقة ، بتوسيع المخطط في بعض الأحيان إلى أربع حركات. تكون معظم الحركات الأولى للسوناتا الكلاسيكية في شكل سوناتا ، وعادة ما تكون سريعة ؛ توفر الحركة الثانية بشكل عام تباينًا مع سرعة أبطأ ؛ والحركة الأخيرة في معظم الحالات تكون سريعة مرة أخرى.
CASE_0245,290091,endpoint,4,3150314,0.5857,0.5857,0,ar,ضوء القمر سوناتا لودفيج فان بيتهوفن. يُعتقد أن قطعة البيانو هذه مستوحاة من حب بيتهوفن لتلميذه البالغة من العمر 17 عامًا ، الكونتيسة جوليتا غويشياردي التي تم تكريس العمل لها. قام بيتهوفن بترجمة عمل Sonata شبه أونا فانتازيا (سوناتا بأسلوب فانتازيا). كان تفضيل الملحن المجري فرانز ليزت هو منتصف الحركات
CASE_0245,290091,endpoint,5,4319066,0.5854,0.5854,0,ar,هذه القطعة هي واحدة من أكثر مؤلفات بيتهوفن شهرة للبيانو ، وكانت مفضلة حتى في أيامه. كتب بيتهوفن سوناتا ضوء القمر في أوائل الثلاثينيات من عمره ، وفعل ذلك بعد أن أنهى بعض الأعمال التي كلفت بها. لا يوجد دليل على أنه تم تكليفه بكتابة هذه السوناتة.
CASE_0245,290091,endpoint,6,8007405,0.576,0.576,0,ar,"""الحركة الأكثر شهرة في أي من 32 بيانو سوناتا هي حركة افتتاح ضوء القمر - سوناتا التي ألفها للمرأة التي أراد أن يتزوجها ، جوليتا جيكياردي [انظر الفصل 6 ، بيتهوفني """"النساء"""". لأول مرة وضع الحركة البطيئة أولاً (شيء لم يفعله هايدن أو موتسارت)."""
CASE_0245,290091,endpoint,7,8415816,0.5629,0.5629,0,ar,الحركات التي تعلمتها راتاتا. 1 الشمس / القمر. 2 أوميغا روبي / ألفا سافير. 3 حركات تم تعلمها عن طريق رفع المستوى يتعلم Rattata الحركات التالية في Pokà© mon Sun / Moon بالمستويات المحددة. الحركات التي تم تعلمها عن طريق رفع المستوى يتعلم Rattata الحركات التالية في Pokà© mon Omega Ruby / Alpha Sapphire
CASE_0245,290091,endpoint,8,3150319,0.562,0.562,0,ar,ضوء القمر سوناتا لودفيج فان بيتهوفن Songfacts. يُعتقد أن قطعة البيانو هذه مستوحاة من حب بيتهوفن لتلميذه البالغة من العمر 17 عامًا ، الكونتيسة جوليتا غويشياردي التي تم تكريس العمل لها.
CASE_0245,290091,endpoint,9,1481873,0.5524,0.5524,0,ar,سوناتا ضوء القمر لبيتهوفن - العمق والنعمة. بيتهوفن مونلايت سوناتا هي واحدة من أشهر المقطوعات الموسيقية الكلاسيكية في العالم. عميقة ، قاتمة ، وشرسة ، السوناتا هي شهادة على عبقرية بيتهوفن. إنها واحدة من المفضلة لدي جميع سوناتات بيتهوفن البيانو.
CASE_0245,290091,endpoint,10,2846430,0.5517,0.5517,0,ar,"""1 قام بيتهوفن بتأليف سوناتا بيانو رقم 14 (ضوء القمر) في عام 1802. 2 تم الانتهاء من السيمفونية الثالثة ، المعروفة باسم """"Eroica"""" ، في عام 1804. 3 واستمرت في إعادة تعريف السيمفونية كنوع موسيقي. 4 يعد الرسم الافتتاحي للسيمفونية الخامسة من عام 1808 أحد أشهر المقتطفات الموسيقية في التاريخ."""
CASE_0245,290091,mixed,1,167233,0.6206,0.6206,0,ar,كانت سوناتا ضوء القمر لبيتهوفن واحدة من سوناتات البيانو التي كتبها بيتهوفن. كانت الأداة الوحيدة المستخدمة هي البيانو. إنها سوناتا بيانو ، للبيانو المنفرد ، أصوات الثقة 371. عزف بيتهوفن على البيانو بشكل أساسي. يمكنه أيضًا العزف على أدوات لوحة المفاتيح الأخرى مثل الأرغن والقيثارة بشكل جيد. كما أنه يعز
CASE_0245,290091,mixed,2,4981827,0.6028,0.6028,0,ar,قام بيتهوفن ، خاصة في فترته السابقة ، بتوسيع المخطط في بعض الأحيان إلى أربع حركات. تكون معظم الحركات الأولى للسوناتا الكلاسيكية في شكل سوناتا ، وعادة ما تكون سريعة ؛ توفر الحركة الثانية بشكل عام تباينًا مع سرعة أبطأ ؛ والحركة الأخيرة في معظم الحالات تكون سريعة مرة أخرى.
CASE_0245,290091,mixed,3,8007412,0.6022,0.6022,1,ar,تشتهر السوناتا ، التي تتكون من ثلاث حركات ، مثل معظم سوناتات الفترة الكلاسيكية ، بالحركة الأولى ، Adagio sostenuto (يوجد حوالي 10 أضعاف تسجيلاتها للقطعة بأكملها). وهكذا ، استعارة فكرة هذا الشكل الخطابي الباروكي ، بدأ بيتهوفن سوناتا الخاصة به.
CASE_0245,290091,mixed,4,3150314,0.5909,0.5909,0,ar,ضوء القمر سوناتا لودفيج فان بيتهوفن. يُعتقد أن قطعة البيانو هذه مستوحاة من حب بيتهوفن لتلميذه البالغة من العمر 17 عامًا ، الكونتيسة جوليتا غويشياردي التي تم تكريس العمل لها. قام بيتهوفن بترجمة عمل Sonata شبه أونا فانتازيا (سوناتا بأسلوب فانتازيا). كان تفضيل الملحن المجري فرانز ليزت هو منتصف الحركات
CASE_0245,290091,mixed,5,5436436,0.589,0.589,0,ar,4 حركات ، تكون الأولى منها عادةً حركة سريعة في شكل سوناتا ، والثانية حركة بطيئة ، والثالثة إما حركة دقيقة وثلاثية أو ثلاثية شبيهة بحركة (شيرزو) في ثلاثة أمتار بسيطة ، وتنتهي بحركة رابعة ، حركة سريعة في شكل روندو و / أو سوناتا.
CASE_0245,290091,mixed,6,1481873,0.5871,0.5871,0,ar,سوناتا ضوء القمر لبيتهوفن - العمق والنعمة. بيتهوفن مونلايت سوناتا هي واحدة من أشهر المقطوعات الموسيقية الكلاسيكية في العالم. عميقة ، قاتمة ، وشرسة ، السوناتا هي شهادة على عبقرية بيتهوفن. إنها واحدة من المفضلة لدي جميع سوناتات بيتهوفن البيانو.
CASE_0245,290091,mixed,7,4319067,0.5845,0.5845,0,ar,سوناتا البيانو رقم 14 (المرجع 27 رقم 2) والمعروفة باسم Moonlight Sonata هي واحدة من أشهر مقطوعات البيانو لبيتهوفن. تم الانتهاء منه في عام 1801 وتم تكريسه في عام 1802 للكونتيسة جوليتا جويتشياردي. [مقتبس من ويكيبيديا]. ها هي محاولتي للعب الحركة الأولى لهذه التحفة الفنية. لقد اخترت إيقاعًا بطيئًا للغاي
CASE_0245,290091,mixed,8,2846430,0.5815,0.5815,0,ar,"""1 قام بيتهوفن بتأليف سوناتا بيانو رقم 14 (ضوء القمر) في عام 1802. 2 تم الانتهاء من السيمفونية الثالثة ، المعروفة باسم """"Eroica"""" ، في عام 1804. 3 واستمرت في إعادة تعريف السيمفونية كنوع موسيقي. 4 يعد الرسم الافتتاحي للسيمفونية الخامسة من عام 1808 أحد أشهر المقتطفات الموسيقية في التاريخ."""
CASE_0245,290091,mixed,9,4319066,0.5793,0.5793,0,ar,هذه القطعة هي واحدة من أكثر مؤلفات بيتهوفن شهرة للبيانو ، وكانت مفضلة حتى في أيامه. كتب بيتهوفن سوناتا ضوء القمر في أوائل الثلاثينيات من عمره ، وفعل ذلك بعد أن أنهى بعض الأعمال التي كلفت بها. لا يوجد دليل على أنه تم تكليفه بكتابة هذه السوناتة.
CASE_0245,290091,mixed,10,1591490,0.5779,0.5779,0,ar,بترشان سونيت. السوناتة الإيطالية الأصلية حيث يقسم مخطط السوناتة 14 سطراً للقصيدة إلى جزأين ، ثماني (أول ثمانية أسطر) ومجموعة (آخر ستة أسطر). مخطط القافية للثمانية هو عادة أباابا.
CASE_0245,300674,endpoint,1,2495763,0.7273,0.7273,0,ar,كان ويليام برادفورد حاكم مستعمرة بليموث لمدة 30 عامًا. تأسست المستعمرة من قبل أناس يطلق عليهم المتشددون. كانوا من أوائل الأشخاص من إنجلترا الذين استقروا فيما يعرف الآن بالولايات المتحدة. ساعد برادفورد في جعل بليموث أول مستعمرة دائمة في نيو إنجلاند.
CASE_0245,300674,endpoint,2,7067029,0.7183,0.7183,0,ar,كان ويليام برادفورد (حوالي 1590 - حوالي 1657) زعيمًا انفصاليًا إنجليزيًا في ليدن بهولندا وفي مستعمرة بليموث. هاجر إلى العالم الجديد في ماي فلاور في عام 1620 ، ووقع اتفاقية ماي فلاور ، ثم شغل منصب حاكم مستعمرة بليموث خمس مرات غطت حوالي ثلاثين عامًا بين عامي 1621 و 1657.
CASE_0245,300674,endpoint,3,7067032,0.7088,0.7088,1,ar,http://en.wikipedia.org/wiki/William_Bradford_(Plymouth_Colony_governor) كان ويليام برادفورد (حوالي 1590 ¢ 1657) قائدًا انفصاليًا إنجليزيًا في ليدن بهولندا وفي مستعمرة بليموث. أحد الموقعين على اتفاقية ماي فلاور. شغل منصب حاكم مستعمرة بليموث خمس مرات غطت حوالي ثلاثين عامًا بين عامي 1621 و 1657.
CASE_0245,300674,endpoint,4,2021163,0.6968,0.6968,0,ar,أصبح وليام برادفورد حاكمًا عام 1621 بعد وفاة جون كارفر. في 22 مارس 1621 ، وقع حجاج مستعمرة بليموث معاهدة سلام مع ماساويت في وامبانواغ. تم تسليم براءة اختراع مستعمرة بليموث من قبل برادفورد إلى الأحرار في عام 1640 ، مطروحًا منه احتياطيًا صغيرًا من ثلاثة قطع من الأرض.
CASE_0245,300674,endpoint,5,3289523,0.6938,0.6938,0,ar,كان ويليام برادفورد (1590-1657) مؤسسًا وحاكمًا قديمًا لمستوطنة بليموث كولوني. ولد في إنجلترا ، وهاجر مع المصلين الانفصاليين إلى هولندا عندما كان مراهقًا. كان برادفورد من بين ركاب رحلة ماي فلاور عبر المحيط الأطلسي ، ووقع اتفاقية ماي فلاور عند وصوله إلى ماساتشوستس في عام 1620. وبصفته حاكم مستعمرة بليم
CASE_0245,300674,endpoint,6,4107182,0.6889,0.6889,0,ar,كان الرجل الذي تقدم للأمام في مستعمرة بليموث هو ويليام برادفورد. بعد وفاة الحاكم الأول الذي تم انتخابه بموجب اتفاق ماي فلاور من الشتاء القاسي ، تم انتخاب برادفورد حاكمًا لمدة ثلاثين عامًا. في مايو من عام 1621 ، أجرى أول مراسم زواج للمستعمرة.
CASE_0245,300674,endpoint,7,4882206,0.6849,0.6849,0,ar,كان ويليام برادفورد (1590-1657) مؤسسًا وحاكمًا قديمًا لمستوطنة بليموث كولوني. ولد في إنجلترا ، وهاجر مع المصلين الانفصاليين إلى هولندا عندما كان مراهقًا ، ووصل الحجاج إلى ما أصبح يعرف باسم بليموث ، ماساتشوستس ، في عام 1621 مع عدد كبير من المستوطنين غير الانفصاليين. قبل النزول من الطائرة ، وضع المصلي
CASE_0245,300674,endpoint,8,4309131,0.6846,0.6846,0,ar,كان ويليام برادفورد ، زعيم الجماعة الانفصالية ، أحد واضعي ميثاق ماي فلاور ، وسيشغل منصب حاكم بليموث لمدة 30 عامًا بعد تأسيسها. احتفظ برادفورد أيضًا بمجلة ضخمة تؤرخ رحلة السفينة وتأسيس مستعمرة بليموث.
CASE_0245,300674,endpoint,9,4917597,0.6829,0.6829,0,ar,كان ويليام برادفورد زعيمًا للمستوطنين الانفصاليين في مستعمرة بليموث في ماساتشوستس ، وانتُخب ثلاثين مرة ليكون الحاكم بعد وفاة جون كارفر. كان ثاني موقع ومهندس رئيسي لميثاق ماي فلاور في مرفأ بروفينستاون.
CASE_0245,300674,endpoint,10,4917604,0.6756,0.6756,0,ar,ويليام برادفورد (حاكم مستعمرة بليموث) ويليام برادفورد (ج .19 مارس 1590 - 9 مايو 1657) كان انفصاليًا إنجليزيًا في الأصل من West Riding of Yorkshire ، وانتقل لاحقًا إلى Leiden في هولندا ، ثم في عام 1620 هاجرت إلى مستعمرة بليموث على ماي فلاور.
CASE_0245,300674,mixed,1,7067032,0.7035,0.7035,1,ar,http://en.wikipedia.org/wiki/William_Bradford_(Plymouth_Colony_governor) كان ويليام برادفورد (حوالي 1590 ¢ 1657) قائدًا انفصاليًا إنجليزيًا في ليدن بهولندا وفي مستعمرة بليموث. أحد الموقعين على اتفاقية ماي فلاور. شغل منصب حاكم مستعمرة بليموث خمس مرات غطت حوالي ثلاثين عامًا بين عامي 1621 و 1657.
CASE_0245,300674,mixed,2,2495763,0.6808,0.6808,0,ar,كان ويليام برادفورد حاكم مستعمرة بليموث لمدة 30 عامًا. تأسست المستعمرة من قبل أناس يطلق عليهم المتشددون. كانوا من أوائل الأشخاص من إنجلترا الذين استقروا فيما يعرف الآن بالولايات المتحدة. ساعد برادفورد في جعل بليموث أول مستعمرة دائمة في نيو إنجلاند.
CASE_0245,300674,mixed,3,7067029,0.6765,0.6765,0,ar,كان ويليام برادفورد (حوالي 1590 - حوالي 1657) زعيمًا انفصاليًا إنجليزيًا في ليدن بهولندا وفي مستعمرة بليموث. هاجر إلى العالم الجديد في ماي فلاور في عام 1620 ، ووقع اتفاقية ماي فلاور ، ثم شغل منصب حاكم مستعمرة بليموث خمس مرات غطت حوالي ثلاثين عامًا بين عامي 1621 و 1657.
CASE_0245,300674,mixed,4,2021163,0.6589,0.6589,0,ar,أصبح وليام برادفورد حاكمًا عام 1621 بعد وفاة جون كارفر. في 22 مارس 1621 ، وقع حجاج مستعمرة بليموث معاهدة سلام مع ماساويت في وامبانواغ. تم تسليم براءة اختراع مستعمرة بليموث من قبل برادفورد إلى الأحرار في عام 1640 ، مطروحًا منه احتياطيًا صغيرًا من ثلاثة قطع من الأرض.
CASE_0245,300674,mixed,5,3289523,0.6571,0.6571,0,ar,كان ويليام برادفورد (1590-1657) مؤسسًا وحاكمًا قديمًا لمستوطنة بليموث كولوني. ولد في إنجلترا ، وهاجر مع المصلين الانفصاليين إلى هولندا عندما كان مراهقًا. كان برادفورد من بين ركاب رحلة ماي فلاور عبر المحيط الأطلسي ، ووقع اتفاقية ماي فلاور عند وصوله إلى ماساتشوستس في عام 1620. وبصفته حاكم مستعمرة بليم
CASE_0245,300674,mixed,6,4917597,0.6488,0.6488,0,ar,كان ويليام برادفورد زعيمًا للمستوطنين الانفصاليين في مستعمرة بليموث في ماساتشوستس ، وانتُخب ثلاثين مرة ليكون الحاكم بعد وفاة جون كارفر. كان ثاني موقع ومهندس رئيسي لميثاق ماي فلاور في مرفأ بروفينستاون.
CASE_0245,300674,mixed,7,4107182,0.6431,0.6431,0,ar,كان الرجل الذي تقدم للأمام في مستعمرة بليموث هو ويليام برادفورد. بعد وفاة الحاكم الأول الذي تم انتخابه بموجب اتفاق ماي فلاور من الشتاء القاسي ، تم انتخاب برادفورد حاكمًا لمدة ثلاثين عامًا. في مايو من عام 1621 ، أجرى أول مراسم زواج للمستعمرة.
CASE_0245,300674,mixed,8,4309131,0.6402,0.6402,0,ar,كان ويليام برادفورد ، زعيم الجماعة الانفصالية ، أحد واضعي ميثاق ماي فلاور ، وسيشغل منصب حاكم بليموث لمدة 30 عامًا بعد تأسيسها. احتفظ برادفورد أيضًا بمجلة ضخمة تؤرخ رحلة السفينة وتأسيس مستعمرة بليموث.
CASE_0245,300674,mixed,9,4882206,0.639,0.639,0,ar,كان ويليام برادفورد (1590-1657) مؤسسًا وحاكمًا قديمًا لمستوطنة بليموث كولوني. ولد في إنجلترا ، وهاجر مع المصلين الانفصاليين إلى هولندا عندما كان مراهقًا ، ووصل الحجاج إلى ما أصبح يعرف باسم بليموث ، ماساتشوستس ، في عام 1621 مع عدد كبير من المستوطنين غير الانفصاليين. قبل النزول من الطائرة ، وضع المصلي
CASE_0245,300674,mixed,10,5111832,0.6371,0.6371,0,ar,كان برادفورد حاكمًا لمستعمرة بليموث لمدة 30 عامًا ، ويُنسب إليه الفضل في تأسيس ما نسميه الآن عيد الشكر. لم يتم ذكر قصة الحجاج القادمين إلى الشاطئ في بليموث روك في الروايات المعاصرة عن الهبوط ، ولكن تم وصفها لأول مرة في عام 1771.
CASE_0245,333486,endpoint,1,4248922,0.6812,0.6812,0,ar,ما هو الحد الأدنى لسن قيادة شاحنة الشركة حيث يمكن أن تتاح لي الفرصة للعمل لدى EDF ولكني أبلغ 18 عامًا فقط.
CASE_0245,333486,endpoint,2,7075222,0.6671,0.6671,0,ar,تذهب معظم الوظائف المتاحة للشباب في ولاية أيداهو للشباب الذين تبلغ أعمارهم 16 عامًا أو أكثر. بالنسبة لأولئك الذين تتراوح أعمارهم بين 14 و 16 عامًا ، يتم تطبيق قواعد خاصة. تعتبر أنواع معينة من الوظائف الزراعية وغير الزراعية خطرة للغاية بالنسبة للمراهقين الذين تقل أعمارهم عن 16 عامًا.
CASE_0245,333486,endpoint,3,7075218,0.6602,0.6602,1,ar,تم التحديث في 25 آذار (مارس) 2017. تنص قوانين عمالة الأطفال الفيدرالية على أن الحد الأدنى لسن العمل هو 14 عامًا (مع بعض الاستثناءات). قوانين الولاية ، ومع ذلك ، قد تختلف. في ولاية أيداهو ، قد يعمل الأطفال البالغون من العمر 14 عامًا ولا يحتاجون إلى شهادة خاصة.
CASE_0245,333486,endpoint,4,1292544,0.6504,0.6504,0,ar,كم يجب أن يكون عمر القاصر لكي يعمل؟ في معظم الحالات ، يجب ألا يقل عمر القاصر عن 14 عامًا للعمل في وظائف غير زراعية. توجد قوانين عمل الأطفال في ولاية أيداهو في أقسام كود أيداهو 44-1301 حتى 44-1308.
CASE_0245,333486,endpoint,5,5641083,0.6466,0.6466,0,ar,كم يجب أن يكون عمرك للعمل في Hy-Vee؟ الحد الأدنى لسن العمل في هذه الشركة هو 14 عامًا. قد تتطلب بعض المتاجر أن يكون عمر جميع الموظفين 16 عامًا على الأقل. لا يوجد حد أقصى لسن العمل ؛ يمكن لجميع المتقدمين الذين تزيد أعمارهم عن 16 عامًا التقديم عبر الإنترنت. ابحث عن المدارس واحصل على معلومات عن البرنامج
CASE_0245,333486,endpoint,6,1788531,0.6447,0.6447,0,ar,في ولاية إلينوي ، يجب أن يكون عمرك 15 عامًا فقط للحصول على تصريح عمل. في سن 16 هو الوقت الذي يبدأ فيه معظم المراهقين العمل لأنهم في هذا الوقت في سن القيادة القانونية. جعل العالم أفضل ، إجابة واحدة في كل مرة.
CASE_0245,333486,endpoint,7,3150623,0.6445,0.6445,0,ar,1 للتسجيل ، لا يمكن أن يكون عمرك أقل من 17 عامًا (18 لحاملي GED) أو أكبر من 39 عامًا. للانضمام كمسؤول ، لا يمكن أن يكون عمرك أقل من 18 عامًا أو أكبر من 34 عامًا.
CASE_0245,333486,endpoint,8,7863153,0.6439,0.6439,0,ar,كم يجب أن يكون عمرك للعمل كصراف في محل بقالة؟ في ولاية إلينوي ، يجب أن يكون عمرك 15 عامًا فقط للحصول على تصريح عمل. في سن 16 هو الوقت الذي يبدأ فيه معظم المراهقين العمل لأنهم في هذا الوقت في سن القيادة القانونية.
CASE_0245,333486,endpoint,9,4114586,0.6437,0.6437,0,ar,كم يجب أن يكون عمرك للحصول على تصريح عمل في إلينوي؟ يُطلب من الأطفال الذين تتراوح أعمارهم بين 14 و 15 عامًا الحصول على تصريح عمل في إلينوي. يسمح تصريح العمل لهم بالعمل ، ولكن هناك قيود على ساعات العمل.
CASE_0245,333486,endpoint,10,6082397,0.6435,0.6435,0,ar,سيكون لكل متجر سياسة توظيف خاصة به وتختلف حسب الولاية. عليك أن تسألهم ؛ نحن المعلقين هنا في الفضاء الإلكتروني ليس لدينا الإجابة النهائية التي تحتاجها. معظم الأماكن يجب أن يكون عمرك 15 عامًا على الأقل ...... ولكن إذا تحدثت إلى المدير أولاً ، يمكنك الحصول على واحد في الساعة 14.
CASE_0245,333486,mixed,1,7075218,0.6982,0.6982,1,ar,تم التحديث في 25 آذار (مارس) 2017. تنص قوانين عمالة الأطفال الفيدرالية على أن الحد الأدنى لسن العمل هو 14 عامًا (مع بعض الاستثناءات). قوانين الولاية ، ومع ذلك ، قد تختلف. في ولاية أيداهو ، قد يعمل الأطفال البالغون من العمر 14 عامًا ولا يحتاجون إلى شهادة خاصة.
CASE_0245,333486,mixed,2,7075222,0.6927,0.6927,0,ar,تذهب معظم الوظائف المتاحة للشباب في ولاية أيداهو للشباب الذين تبلغ أعمارهم 16 عامًا أو أكثر. بالنسبة لأولئك الذين تتراوح أعمارهم بين 14 و 16 عامًا ، يتم تطبيق قواعد خاصة. تعتبر أنواع معينة من الوظائف الزراعية وغير الزراعية خطرة للغاية بالنسبة للمراهقين الذين تقل أعمارهم عن 16 عامًا.
CASE_0245,333486,mixed,3,1788531,0.6831,0.6831,0,ar,في ولاية إلينوي ، يجب أن يكون عمرك 15 عامًا فقط للحصول على تصريح عمل. في سن 16 هو الوقت الذي يبدأ فيه معظم المراهقين العمل لأنهم في هذا الوقت في سن القيادة القانونية. جعل العالم أفضل ، إجابة واحدة في كل مرة.
CASE_0245,333486,mixed,4,3268342,0.6789,0.6789,0,ar,تصاريح العمل / شهادات العمر يتطلب قانون ولاية أيوا تصاريح عمل لمن تتراوح أعمارهم بين 14 و 15 عامًا يسمح قانون ولاية آيوا لأصحاب العمل بطلب شهادات عمر لمن تتراوح أعمارهم بين 16 و 17 عامًا (توصي الولاية) القانون الفيدرالي ࢠ€Â⠀ لا توجد تصاريح عمل مطلوبة ؛ التوصية بأن يحتفظ أصحاب العمل بتصاريح العمل وشه
CASE_0245,333486,mixed,5,7863153,0.6748,0.6748,0,ar,كم يجب أن يكون عمرك للعمل كصراف في محل بقالة؟ في ولاية إلينوي ، يجب أن يكون عمرك 15 عامًا فقط للحصول على تصريح عمل. في سن 16 هو الوقت الذي يبدأ فيه معظم المراهقين العمل لأنهم في هذا الوقت في سن القيادة القانونية.
CASE_0245,333486,mixed,6,8422422,0.6745,0.6745,0,ar,شهادة العمر اللازمة للعمل: سيتم تزويد الأطفال الذين تتراوح أعمارهم بين 18 و 21 عامًا بشهادة عمر عند الطلب ، ومع ذلك ، فهي غير مطلوبة بموجب قانون ولاية إنديانا. مكان الحصول على شهادة العمر اللازمة للعمل: يمكن لمن تتراوح أعمارهم بين 18 و 21 عامًا فما فوق الحصول على شهادة العمر المقدمة من المدرسة.
CASE_0245,333486,mixed,7,1292544,0.6742,0.6742,0,ar,كم يجب أن يكون عمر القاصر لكي يعمل؟ في معظم الحالات ، يجب ألا يقل عمر القاصر عن 14 عامًا للعمل في وظائف غير زراعية. توجد قوانين عمل الأطفال في ولاية أيداهو في أقسام كود أيداهو 44-1301 حتى 44-1308.
CASE_0245,333486,mixed,8,8293902,0.6735,0.6735,0,ar,كم يجب أن يكون عمرك للعمل في حفظ الكثير؟
CASE_0245,333486,mixed,9,4114586,0.6717,0.6717,0,ar,كم يجب أن يكون عمرك للحصول على تصريح عمل في إلينوي؟ يُطلب من الأطفال الذين تتراوح أعمارهم بين 14 و 15 عامًا الحصول على تصريح عمل في إلينوي. يسمح تصريح العمل لهم بالعمل ، ولكن هناك قيود على ساعات العمل.
CASE_0245,333486,mixed,10,7726592,0.6693,0.6693,0,ar,يجب أن يكون عمرك 14 عامًا للحصول على وظيفة في ولاية أريزونا. أي سن أقل من 14 لا يمكنك الحصول على عمل.
CASE_0245,409071,endpoint,1,7679446,0.6958,0.6958,0,ar,تمت الموافقة على جامعة ECPI في فيرجينيا بيتش من قبل إدارة الطيران الفيدرالية كعمليات فنية معتمدة في مبادرة التدريب الجماعي التابعة لإدارة الطيران الفيدرالية. تنطبق هذه الموافقة على برامج الزمالة في تكنولوجيا هندسة الإلكترونيات وبرامج درجة البكالوريوس في حرم فيرجينيا بيتش ، فيرجينيا.
CASE_0245,409071,endpoint,2,7679450,0.6757,0.6757,0,ar,جامعة ECPI مخولة بموجب القانون الفيدرالي لتسجيل الطلاب الأجانب غير المهاجرين في المواقع التالية: ECPI University ¢ ¢ Ã' Newport News، VA؛ فرجينيا الشمالية ، فيرجينيا ؛ رالي ، نورث كارولاينا ؛ وفيرجينيا بيتش ، فيرجينيا.
CASE_0245,409071,endpoint,3,7679443,0.6531,0.6531,1,ar,تمتلك جامعة ECPI اعتمادًا برنامجيًا للتكنولوجيا الجراحية مع مكتب اعتماد مدارس التعليم الصحي (7777 Leesburg Pike ، Suite 314N ، Falls Church ، Virginia 22043 ، الهاتف 703.917.9503) في حرم Northern Virginia و Richmond ، فيرجينيا.
CASE_0245,409071,endpoint,4,5401423,0.642,0.642,0,ar,جامعة ECPI معترف بها من قبل لجنة كليات الرابطة الجنوبية للكليات والمدارس لمنح درجات الزمالة والبكالوريا والماجستير وبرامج الدبلومات.
CASE_0245,409071,endpoint,5,7679447,0.6275,0.6275,0,ar,الاعتمادات. تم اعتماد جامعة ECPI من قبل الرابطة الجنوبية للكليات والمدارس في الكليات لمنح درجات الزمالة والبكالوريا والماجستير وبرامج الدبلوم.
CASE_0245,409071,endpoint,6,7679445,0.6146,0.6146,0,ar,تم اعتماد AAS في فنون الطهي ودبلومة فنون الطهي المقدمة في كلية فنون الطهي بجامعة ECPI في نورفولك بولاية فيرجينيا (فيرجينيا بيتش) من قبل American Culinary Federation Inc. ، 180 Center Place Way، St. 940) 824-4468 ، www.acfchefs.org.
CASE_0245,409071,endpoint,7,4632458,0.6096,0.6096,0,ar,شهادة CPI للممرضات والممرضات (RN) ومتخصصي الموارد البشرية ومساعدي التمريض المعتمدين (CNA) والعاملين في مجال الصحة العقلية والممرضات النفسية وفنيي الطب النفسي وفنيي الطوارئ الطبية (EMT) وموظفي الإصلاحيات والمزيد. فرجينيا ، واشنطن ، فيرجينيا الغربية ، ويسكونسن ، وايومنغ.
CASE_0245,409071,endpoint,8,8566484,0.6028,0.6028,0,ar,الجواب نعم ، جامعة ديفراي معتمدة. تم اعتماد المدرسة من قبل الرابطة الشمالية المركزية للكليات والمدارس ، والتي تعد واحدة من وكالات الاعتماد الإقليمية الست. فيما يلي قائمة مختصرة بوكالات الاعتماد الإقليمية الست: رابطة الولايات الوسطى للكليات والمدارس.
CASE_0245,409071,endpoint,9,8578112,0.6,0.6,0,ar,يتم ترتيبها في 6 حرم جامعي. تعتبر ثاني أكبر كلية مجتمع متعددة الحرم الجامعية في الولايات المتحدة الأمريكية. إنه جزء من نظام كلية مجتمع فرجينيا. حرم الكلية هو الإسكندرية ، أنانديل ، لودون ، ماناساس ، إم إي سي (سبرينغفيلد) ، وودبريدج. يبلغ قوام الكلية 75000 طالب و 2600 من أعضاء هيئة التدريس والموظفين.
CASE_0245,409071,endpoint,10,259116,0.5962,0.5962,0,ar,موجود وهو بديل لـ. تقع جامعة ولاية فرجينيا في إتريك ، مقاطعة تشيسترفيلد ، فيرجينيا. تأسست الجامعة في 6 مارس 1882. تضم الجامعة حاليًا أكثر من ستة آلاف طالب مسجلين. تقع جامعة ولاية فرجينيا في إتريك ، مقاطعة تشيسترفيلد ، فيرجينيا. تأسست الجامعة في 6 مارس 1882. تضم الجامعة حاليًا أكثر من ستة آلاف طالب م
CASE_0245,409071,mixed,1,7679443,0.6817,0.6817,1,ar,تمتلك جامعة ECPI اعتمادًا برنامجيًا للتكنولوجيا الجراحية مع مكتب اعتماد مدارس التعليم الصحي (7777 Leesburg Pike ، Suite 314N ، Falls Church ، Virginia 22043 ، الهاتف 703.917.9503) في حرم Northern Virginia و Richmond ، فيرجينيا.
CASE_0245,409071,mixed,2,7679450,0.6807,0.6807,0,ar,جامعة ECPI مخولة بموجب القانون الفيدرالي لتسجيل الطلاب الأجانب غير المهاجرين في المواقع التالية: ECPI University ¢ ¢ Ã' Newport News، VA؛ فرجينيا الشمالية ، فيرجينيا ؛ رالي ، نورث كارولاينا ؛ وفيرجينيا بيتش ، فيرجينيا.
CASE_0245,409071,mixed,3,7679446,0.6682,0.6682,0,ar,تمت الموافقة على جامعة ECPI في فيرجينيا بيتش من قبل إدارة الطيران الفيدرالية كعمليات فنية معتمدة في مبادرة التدريب الجماعي التابعة لإدارة الطيران الفيدرالية. تنطبق هذه الموافقة على برامج الزمالة في تكنولوجيا هندسة الإلكترونيات وبرامج درجة البكالوريوس في حرم فيرجينيا بيتش ، فيرجينيا.
CASE_0245,409071,mixed,4,5401424,0.64,0.64,0,ar,كما يقدم قسم الخدمات المهنية بالجامعة الكثير من المساعدة للطلاب وأصحاب العمل على حد سواء ، بالإضافة إلى المساعدة في التدريب الداخلي / التدريب الخارجي والبحث عن الوظائف والمقابلات في الموقع وتوجيهات صاحب العمل. ECPI University، 5555 Greenwich Road Virginia Beach، VA 23462، Main Campus T: (757) 671-71
CASE_0245,409071,mixed,5,5401423,0.636,0.636,0,ar,جامعة ECPI معترف بها من قبل لجنة كليات الرابطة الجنوبية للكليات والمدارس لمنح درجات الزمالة والبكالوريا والماجستير وبرامج الدبلومات.
CASE_0245,409071,mixed,6,7679447,0.6264,0.6264,0,ar,الاعتمادات. تم اعتماد جامعة ECPI من قبل الرابطة الجنوبية للكليات والمدارس في الكليات لمنح درجات الزمالة والبكالوريا والماجستير وبرامج الدبلوم.
CASE_0245,409071,mixed,7,4632458,0.6104,0.6104,0,ar,شهادة CPI للممرضات والممرضات (RN) ومتخصصي الموارد البشرية ومساعدي التمريض المعتمدين (CNA) والعاملين في مجال الصحة العقلية والممرضات النفسية وفنيي الطب النفسي وفنيي الطوارئ الطبية (EMT) وموظفي الإصلاحيات والمزيد. فرجينيا ، واشنطن ، فيرجينيا الغربية ، ويسكونسن ، وايومنغ.
CASE_0245,409071,mixed,8,7679445,0.6025,0.6025,0,ar,تم اعتماد AAS في فنون الطهي ودبلومة فنون الطهي المقدمة في كلية فنون الطهي بجامعة ECPI في نورفولك بولاية فيرجينيا (فيرجينيا بيتش) من قبل American Culinary Federation Inc. ، 180 Center Place Way، St. 940) 824-4468 ، www.acfchefs.org.
CASE_0245,409071,mixed,9,7089661,0.5982,0.5982,0,ar,معهد Virginia Polytechnic وجامعة الولاية ، المعروفة باسم Virginia Tech ، والمعروفة تقليديا باسم VPI منذ عام 1896 ، هي جامعة بحثية عامة ، منحة الأرض ، مع حرم جامعي رئيسي في Blacksburg ، فيرجينيا ، ومرافق تعليمية في ست مناطق
CASE_0245,409071,mixed,10,5401432,0.5944,0.5944,0,ar,ألفريد دريفوس هو مؤسس جامعة ECPI. تأسست ECPI في عام 1966 في نورفولك ، فيرجينيا. كانوا من بين المؤسسات الأولى في المنطقة التي تقدم دروسًا في المجال المتنامي لبرمجة الكمبيوتر.
CASE_0245,482808,endpoint,1,3119010,0.7054,0.7054,0,ar,الكب. الكب هو الحركة الطبيعية التي تقوم بها القدم لامتصاص تأثير المشي أو الجري. يحدث ذلك بمجرد أن يضرب الكعب الأرض ويشتت القدم الصدمة ، ويمتد ويسطح القوس بينما تتدحرج القدم إلى الداخل. نسير أو نركض. قدر معقول من الكب ضروري لكي تعمل القدم بشكل صحيح. ومع ذلك ، عندما يظل قوس القدم مسطحًا وتتدحرج القدم
CASE_0245,482808,endpoint,2,7499925,0.7032,0.7032,0,ar,يشير المصطلحان الفعليان (الكب) والاستلقاء إلى الحركة في جميع مستويات الحركة الثلاثة ، لذا فهي حركة معقدة مع كبح للقدم. هذا يعني أنه لا يوجد مستوى حركة واحد يحدث بدون حدوث شيء في المستويين الأخريين. بهذا المعنى ، فإن الكب والاستلقاء لهما حركة في المستويات الإكليلية والسهمية والعرضية. كبح تفاصيل القدم
CASE_0245,482808,endpoint,3,3119018,0.6994,0.6994,0,ar,يحدث الكب عندما ينتقل الوزن من الكعب إلى مقدمة القدم وتدحرج القدم إلى الداخل. أو لصياغة الأمر بشكل أكثر تقنيًا ؛ الكب هو حركة المفصل تحت عظم الكاحل (بين الكاحل والعقدة) إلى انقلاب وانثناء ظهري واختطاف (قلب النعل للخارج وللأعلى وللجانبين). أو أكثر من الكبريات. الكب هو حركة المفصل تحت الكاحل (بين الكا
CASE_0245,482808,endpoint,4,7965759,0.6982,0.6982,0,ar,يحدث الكب عندما ينتقل الوزن من الكعب إلى مقدمة القدم عند المشي أو الجري وتدحرج القدم إلى الداخل بشكل طبيعي. كمية معينة من هذا أمر طبيعي ولكن في كثير من الناس تتدحرج القدم أكثر من اللازم أو أكثر من الكبابات. عند الوقوف ، يحدث الكب عندما تتدحرج القدم إلى الداخل ويتم تسطيح قوس القدم ، مما يؤدي إلى تكثي
CASE_0245,482808,endpoint,5,3826462,0.6969,0.6969,0,ar,الكب هو عملية تحدث بشكل طبيعي عند رمي شيء ما. سواء كانت لعبة البيسبول أو الكرة اللينة أو كرة القدم أو الضربات أو العصا ، يحدث الكب. حتى عند تأرجح مضرب التنس يحدث تقلب. والسبب في ذلك هو أنها طريقة الجسم الطبيعية لإبطاء الذراع بغض النظر عن النشاط. وغيرهم من الجناة الذين يعتقدون أنهم يعرفون فيزياء النط
CASE_0245,482808,endpoint,6,4938273,0.6932,0.6932,0,ar,حقوق الخصوصية الخاصة بك | معلومات عنا. الكب. الكب هو الحركة الداخلية للقدم أثناء تدحرجها لتوزيع قوة تأثير الأرض أثناء الجري. تتدحرج القدم إلى الداخل بنحو خمسة عشر بالمائة ، وتتلامس تمامًا مع الأرض ، ويمكنها أن تدعم وزن جسمك دون أي مشكلة.
CASE_0245,482808,endpoint,7,3119019,0.6902,0.6902,0,ar,حقوق الخصوصية الخاصة بك | معلومات عنا. الكب. الكب هو الحركة الداخلية للقدم أثناء تدحرجها لتوزيع قوة تأثير الأرض أثناء الجري. تتدحرج القدم نحو الداخل حوالي خمسة عشر بالمائة ، وتتلامس تمامًا مع الأرض ، ويمكن أن تدعم وزن جسمك دون أي مشكلة ، وعلى الرغم من أن الكب هو حركة طبيعية للقدم ، إلا أن حجم قوس ال
CASE_0245,482808,endpoint,8,3030874,0.6876,0.6876,0,ar,كمية معينة من هذا أمر طبيعي ولكن كثير من الناس تتدحرج القدم أكثر من اللازم أو أكثر من الكبابات. عند الوقوف ، يحدث الكب عندما تتدحرج القدم إلى الداخل ويتسطح قوس القدم. يعتبر الكب جزءًا طبيعيًا من دورة المشي التي تساعد على امتصاص الصدمات عند القدم ، أما الحركة المعاكسة للكب فهي الاستلقاء ، ويحدث التأر
CASE_0245,482808,endpoint,9,758089,0.6801,0.6801,0,ar,الكب هو حركة عبور نصف القطر فوق عظم الزند. ينتج عن هذه الحركة أن يتحول السطح الظهري لليد إلى الأمام أو الانبطاح. الاستلقاء هو الإجراء المعاكس ، حيث يكون نصف القطر غير متقاطع ويعود السطح الراحي لليد إلى الوضع التشريحي ، أو الاستلقاء (للأمام).
CASE_0245,482808,endpoint,10,1965229,0.6769,0.6769,0,ar,يشير الكب إلى التدحرج الداخلي للقدم أثناء الحركة العادية ويحدث عندما تضرب الحافة الخارجية للكعب الأرض وتتدحرج القدم إلى الداخل وتتسطح للخارج. مطلوب قدر معتدل من الكب حتى تعمل القدم بشكل صحيح ، ولكن يمكن أن يحدث الضرر والإصابة أثناء الكب المفرط. عندما يحدث الكب المفرط ، يتسطح قوس القدم ويطيل العضلات
CASE_0245,482808,mixed,1,7499925,0.7039,0.7039,0,ar,يشير المصطلحان الفعليان (الكب) والاستلقاء إلى الحركة في جميع مستويات الحركة الثلاثة ، لذا فهي حركة معقدة مع كبح للقدم. هذا يعني أنه لا يوجد مستوى حركة واحد يحدث بدون حدوث شيء في المستويين الأخريين. بهذا المعنى ، فإن الكب والاستلقاء لهما حركة في المستويات الإكليلية والسهمية والعرضية. كبح تفاصيل القدم
CASE_0245,482808,mixed,2,6481635,0.6979,0.6979,0,ar,بهذه الطريقة ، يصف الكب حركة تدحرج طفيفة للداخل تقوم بها القدم أثناء ارتطامها بالأرض أثناء المشي العادي أو المشي السريع. Pronation هي كلمة طنانة تساعد العدائين على شراء الحذاء المثالي وتقييم خطواتهم. الكب جزء طبيعي من المشي أو الجري السريع.
CASE_0245,482808,mixed,3,7499926,0.6782,0.6782,1,ar,وتجدر الإشارة إلى أن عملية المشي تحدث في المستوى السهمي. لا تحدث حركات Triplaner بالتوازي مع أي من مستويات الجسم الأساسية الثلاثة المذكورة. إنها مجرد حركة واحدة تتكون من مكونات من مستويات الجسم الثلاثة. يمكن إثبات ذلك في الطرف السفلي من خلال إجراءات الكب والاستلقاء التي هي حركات ثلاثية. الكب هو حركة
CASE_0245,482808,mixed,4,6231324,0.676,0.676,0,ar,وندبرونسيون. غالبًا ما يستخدم مصطلح Underpronation من قبل العدائين والركض وعشاق الرياضة لوصف دورة المشي عندما يكون هناك نقص في الكب. الكب هو حركة التدحرج الطبيعية للقدم أثناء انتقالها من الكعب إلى إصبع القدم ، وهي مهمة لامتصاص الصدمات وتوزيع الوزن بشكل صحيح ، ويمكن أن يحدث الانكسار بسبب تشوهات هيكلي
CASE_0245,482808,mixed,5,3119019,0.6563,0.6563,0,ar,حقوق الخصوصية الخاصة بك | معلومات عنا. الكب. الكب هو الحركة الداخلية للقدم أثناء تدحرجها لتوزيع قوة تأثير الأرض أثناء الجري. تتدحرج القدم نحو الداخل حوالي خمسة عشر بالمائة ، وتتلامس تمامًا مع الأرض ، ويمكن أن تدعم وزن جسمك دون أي مشكلة ، وعلى الرغم من أن الكب هو حركة طبيعية للقدم ، إلا أن حجم قوس ال
CASE_0245,482808,mixed,6,3119010,0.6541,0.6541,0,ar,الكب. الكب هو الحركة الطبيعية التي تقوم بها القدم لامتصاص تأثير المشي أو الجري. يحدث ذلك بمجرد أن يضرب الكعب الأرض ويشتت القدم الصدمة ، ويمتد ويسطح القوس بينما تتدحرج القدم إلى الداخل. نسير أو نركض. قدر معقول من الكب ضروري لكي تعمل القدم بشكل صحيح. ومع ذلك ، عندما يظل قوس القدم مسطحًا وتتدحرج القدم
CASE_0245,482808,mixed,7,3085453,0.6517,0.6517,0,ar,تحدث الحركات جنبًا إلى جنب في المستوى الأمامي ، مثل رفع ذراعيك أو ساقيك إلى الجانب كما هو الحال في قفزة النجوم. مثال. تحدث حركات الالتواء أو الدوران في المستوى المستعرض ، مثل التواء رأسك من جانب إلى آخر. مثال. تحدث الحركات الأمامية إلى الخلفية في المستوى السهمي ، مثل المشي والدفع والسحب والقرفصاء.
CASE_0245,482808,mixed,8,7380837,0.6504,0.6504,0,ar,في هذا الفيديو ، يصف أخصائي معالجة القدم تريفور تيلوتسون Pronation and Supination وهي حركات طبيعية للقدم. يمكن أن يحدث خلل في القدم وإما أن تفرط في الاستلقاء أو تفرط في الكب أثناء دورة المشي أو في وضع مريح.
CASE_0245,482808,mixed,9,1603052,0.6496,0.6496,0,ar,كما هو الحال مع الاستلقاء ، عندما يكون الكب مفرطًا ، يشار إليه باسم الإفراط في الكلام. يحدث الكب عندما تضرب القدم الأرض وتتدحرج لامتصاص الصدمة. يحدث الاستلقاء عندما تستعد القدم للأصابع لتوفير منصة صلبة للرافعة المالية. عندما تتدحرج القدم تصبح رافعة صلبة.
CASE_0245,482808,mixed,10,2387214,0.6493,0.6493,0,ar,التبديد والتقريب والانثناء الجانبي كلها حركات تحدث في المستوى الأمامي. يمكنك أداء تمارين خاصة للمستوى الأمامي للحركة في روتينك.
CASE_0245,645472,endpoint,1,7453184,0.6349,0.6349,0,ar,يرمز PFB إلى. 1 12. PFB. التهاب جريبات الجريبات الكاذب. طبي. 2 7. PFB. خماسي فلورو بنزيل. طبي. 3 4. PFB. بيرفلوبرون. طبي. 4 1. PFB. عامل برودين ب. طبي. 5 1. PFB. نسبة البق الذي يتغذى. طبي.
CASE_0245,645472,endpoint,2,440532,0.5663,0.5663,0,ar,يمكن لـ FBC الوقوف لعدد من الأشياء. من الناحية الطبية ، فهي تعني تعداد الدم الكامل. كما أنها تمثل رمز فلوريدا للبناء ، وكنيسة فلوريدا المعمدانية.
CASE_0245,645472,endpoint,3,440530,0.5663,0.5663,0,ar,يمكن لـ FBC الوقوف لعدد من الأشياء. من الناحية الطبية ، فهي تعني تعداد الدم الكامل. كما أنها تمثل رمز فلوريدا للبناء ، وكنيسة فلوريدا المعمدانية.
CASE_0245,645472,endpoint,4,1333006,0.5663,0.5663,0,ar,بروتين ألفا فيتوبروتين (أ ف ب) هو بروتين ينتجه الكبد في المقام الأول عند الطفل النامي (الجنين) وجزء من الجنين النامي مشابه لتجويف الصفار في بيض الطيور (أنسجة الكيس المحي). ترتفع مستويات الـ AFP عادةً عند ولادة الطفل ثم تنخفض بسرعة. يمكن أن يؤدي تلف الكبد وأنواع معينة من السرطان إلى زيادة تركيزات الـ
CASE_0245,645472,endpoint,5,2055386,0.566,0.566,0,ar,AFP هو بروتين موجود في مرضى الكبد. يعتبر AFP أيضًا علامة على الورم ويمكن استخدامه لمعرفة ما إذا كان المريض مصابًا بسرطان الكبد. (يسمى سرطان الكبد أيضًا سرطان الخلايا الكبدية).
CASE_0245,645472,endpoint,6,308846,0.5646,0.5646,0,ar,الإغلاق غير الجراحي للثقبة البيضوية غير الجراحية (PFO) Foramen Ovale (PFO) هي عيب خلقي في القلب ، يتميز بإغلاق غير كامل للثقبة البيضوية ، وهي فتحة في الحاجز (الجدار) بين الغرف العلوية اليمنى واليسرى للقلب. تسمح الثقبة البيضوية للدم بتجاوز رئتي الجنين.
CASE_0245,645472,endpoint,7,5540612,0.5618,0.5618,0,ar,ما هو اختبار ألفا فيتوبروتين (أ ف ب)؟ اختبار alpha-fetoprotein (AFP) هو اختبار دم يقيس كمية الـ AFP الموجودة في الدم. عادة ما يكون جزءًا مما يسمى بالشاشة الثلاثية أو الشاشة الرباعية في الثلث الثاني من الحمل. ينتج كيس الصفار والكبد للجنين الذي لم يولد بعد. ثم يدور من خلال دم الأم والجنين. الأفراد غير
CASE_0245,645472,endpoint,8,5900641,0.5602,0.5602,0,ar,فيما يلي جميع المعاني والترجمات الممكنة لكلمة PFP. Freebase (0.00 / 0 votes) قيم هذا التعريف: ثنائي الفوسفات فركتوز-6-فوسفات 1-فوسفوتيرانسفيراز المعروف أيضًا باسم PFP هو إنزيم لاستقلاب الكربوهيدرات في النباتات وبعض البكتيريا.
CASE_0245,645472,endpoint,9,2935562,0.5571,0.5571,0,ar,يتحقق اختبار الدم ألفا فيتوبروتين (أ ف ب) من مستوى ألفا فيتو بروتين في دم المرأة الحامل. الـ AFP عبارة عن مادة تُصنع في كبد الطفل النامي. يمكن أن تساعد كمية الـ AFP في دم المرأة الحامل في إيجاد مشاكل معينة مع طفلها. طبيعي. القيم العادية المدرجة هنا - والتي تسمى النطاق المرجعي - هي مجرد دليل.
CASE_0245,645472,endpoint,10,3938604,0.5565,0.5565,0,ar,إن سماع أن طفلهم يعاني من عيب خلقي مثل الثقبة البيضوية الواضحة (PFO) يمكن أن يكون مؤلمًا لكل من الوالدين وعائلتهما. ومع ذلك ، يجب على الوالد أن يدرك أن الثقبة البيضوية الواضحة (PFO) هي حالة قلبية ليست خبيثة وأنها ليست عيبًا قلبيًا يهدد الحياة. الثقبة البيضوية الواضحة (PFO) هي بالأحرى عيب في القلب لا
CASE_0245,645472,mixed,1,7453184,0.6339,0.6339,0,ar,يرمز PFB إلى. 1 12. PFB. التهاب جريبات الجريبات الكاذب. طبي. 2 7. PFB. خماسي فلورو بنزيل. طبي. 3 4. PFB. بيرفلوبرون. طبي. 4 1. PFB. عامل برودين ب. طبي. 5 1. PFB. نسبة البق الذي يتغذى. طبي.
CASE_0245,645472,mixed,2,5900641,0.5568,0.5568,0,ar,فيما يلي جميع المعاني والترجمات الممكنة لكلمة PFP. Freebase (0.00 / 0 votes) قيم هذا التعريف: ثنائي الفوسفات فركتوز-6-فوسفات 1-فوسفوتيرانسفيراز المعروف أيضًا باسم PFP هو إنزيم لاستقلاب الكربوهيدرات في النباتات وبعض البكتيريا.
CASE_0245,645472,mixed,3,7453182,0.5552,0.5552,1,ar,ما هو موقف PFB الطب والعلوم؟ قفز للحصول على معنى PFB. الاختصار الطبي والعلمي / الاختصار / عامية PFB تعني الحزمة المسبقة التشكيل. بواسطة AcronymAndSlang.com
CASE_0245,645472,mixed,4,3938598,0.5529,0.5529,0,ar,إذا تم تشخيص إصابة طفلك أو إصابتك بالثقبة البيضوية الواضحة (PFO) ، فيمكنك الاسترخاء في كلتا الحالتين لأن الثقبة البيضوية الواضحة (PFO) هي حالة قلبية لا تؤثر على جودة حياة المرء على عكس أمراض القلب الأخرى.
CASE_0245,645472,mixed,5,3390763,0.5529,0.5529,0,ar,يرمز PCP إلى phencylidine ، وهو دواء اصطناعي بلوري. في وقت من الأوقات ، تم استخدامه كمخدر ولكن الآثار الجانبية الشديدة تسببت في عدم استخدامه. بالإضافة إلى الألم المميت ، هناك قائمة طويلة من علامات الاستخدام ، والتي يمكن أن يكون معظمها مزعجًا وبعضها قد يكون خطيرًا تمامًا إذا لم تكن أعراض تعاطي عقار ب
CASE_0245,645472,mixed,6,308846,0.5516,0.5516,0,ar,الإغلاق غير الجراحي للثقبة البيضوية غير الجراحية (PFO) Foramen Ovale (PFO) هي عيب خلقي في القلب ، يتميز بإغلاق غير كامل للثقبة البيضوية ، وهي فتحة في الحاجز (الجدار) بين الغرف العلوية اليمنى واليسرى للقلب. تسمح الثقبة البيضوية للدم بتجاوز رئتي الجنين.
CASE_0245,645472,mixed,7,7407035,0.5507,0.5507,0,ar,مطبات. BUMPS المعروفة باسم Pseudofolliculities barbae (PFB) هي مشكلة شائعة للأشخاص الملونين بما في ذلك الأفارقة والكاريبيين والأفرو الأمريكيين والأسبان. هذه المشكلة هي المكان الذي ينحني فيه الشعر مرة أخرى إلى الجلد بسبب طبيعة الشعر المجعد الكثيف.
CASE_0245,645472,mixed,8,3938604,0.5483,0.5483,0,ar,إن سماع أن طفلهم يعاني من عيب خلقي مثل الثقبة البيضوية الواضحة (PFO) يمكن أن يكون مؤلمًا لكل من الوالدين وعائلتهما. ومع ذلك ، يجب على الوالد أن يدرك أن الثقبة البيضوية الواضحة (PFO) هي حالة قلبية ليست خبيثة وأنها ليست عيبًا قلبيًا يهدد الحياة. الثقبة البيضوية الواضحة (PFO) هي بالأحرى عيب في القلب لا
CASE_0245,645472,mixed,9,2935562,0.5469,0.5469,0,ar,يتحقق اختبار الدم ألفا فيتوبروتين (أ ف ب) من مستوى ألفا فيتو بروتين في دم المرأة الحامل. الـ AFP عبارة عن مادة تُصنع في كبد الطفل النامي. يمكن أن تساعد كمية الـ AFP في دم المرأة الحامل في إيجاد مشاكل معينة مع طفلها. طبيعي. القيم العادية المدرجة هنا - والتي تسمى النطاق المرجعي - هي مجرد دليل.
CASE_0245,645472,mixed,10,4169689,0.5469,0.5469,0,ar,يتحقق اختبار الدم ألفا فيتوبروتين (أ ف ب) من مستوى ألفا فيتو بروتين في دم المرأة الحامل. الـ AFP عبارة عن مادة تُصنع في كبد الجنين (الجنين). يمكن أن تساعد كمية الـ AFP في دم المرأة الحامل في معرفة ما إذا كان الطفل يعاني من مشاكل مثل السنسنة المشقوقة وانعدام الدماغ.
CASE_0245,665972,endpoint,1,2869059,0.6979,0.6979,0,ar,أسباب وجود الماء في الرئتين. رئتيك: حيث يجب أن يلتقي الماء والهواء ، لا يختلطان. مصدر الصورة امرأة صينية تحمل صورة بالأشعة السينية بواسطة Allen Penton من Fotolia.com. يتكون جسمك من أكثر من 60 في المائة من الماء ، وتتكون رئتيك من ما يقرب من 90 في المائة من الماء ، وفقًا للمسح الجيولوجي الأمريكي.
CASE_0245,665972,endpoint,2,5124930,0.6947,0.6947,0,ar,يمكن أن ينتهي الماء الذي يتم ابتلاعه عن غير قصد أثناء السباحة في رئتيك. في بعض الحالات ، قد يؤدي ابتلاع الكثير من الماء إلى غرق ثانوي ، والذي يمكن أن يحدث بعد خروج الشخص من الماء لفترة طويلة. الأعراض والعلاج. قد يكون تحديد ما إذا كان قد تم ابتلاع الكثير من الماء ودخوله إلى الرئتين أمرًا صعبًا. إذا ك
CASE_0245,665972,endpoint,3,1288520,0.6945,0.6945,0,ar,يحدث الماء في الرئة ، المعروف علميًا باسم الوذمة الرئوية ، عندما تمتلئ الرئتان بالسوائل ، مما يمنع دخول الأكسجين وإخراج ثاني أكسيد الكربون. يحدث تراكم السوائل في الرئة عادة عندما تكون لديك مشكلة في الجهاز القلبي الوعائي ، مثل قصور القلب ، ولكن يمكن أن يحدث أيضًا عند وجود إصابة في الرئة مثل الالتهابا
CASE_0245,665972,endpoint,4,5124923,0.6869,0.6869,0,ar,بينما نادرًا ، يمكن أن يدخل الماء إلى رئتيك أثناء السباحة. قد يسبب هذا الألم وعدم الراحة أثناء التنفس. قد تتسرب المياه المتبقية في رئتيك بعد السباحة في النهاية إلى المساحات الهوائية في رئتيك. يُعرف هذا باسم الوذمة الرئوية. قد يوصي الطبيب بإجراء عملية لشفط الماء من رئتيك. يتم إدخال أنبوب في رئتيك ويت
CASE_0245,665972,endpoint,5,2919197,0.6846,0.6846,0,ar,عندما تصل إلى رئتيك ، تبدأ خلايا جهازك المناعي في محاربة البكتيريا وهذا يتسبب في تراكم الكثير من السوائل في أنسجة الرئة. السوائل في رئتيك سيئة للغاية لأنك لا تستطيع تبادل الغازات / التنفس.
CASE_0245,665972,endpoint,6,4548353,0.682,0.682,0,ar,بلغ عن سوء معاملة. إذا استنشقت البخار في رئتيك ، فقد يتكثف البخار في الماء. هذا يبدو وكأنه مشكلة لم تتم مناقشتها وأعتقد أنها موضوع السؤال الأصلي !!! Resty Ã⠀ šÃ' · منذ 5 أشهر.
CASE_0245,665972,endpoint,7,7141977,0.6801,0.6801,0,ar,عندما لا يستطيع قلبك أن يمتلئ ويفرغ بشكل صحيح ، يتراكم الدم في عروقك. هذا يتسبب في تسرب السوائل إلى رئتيك.
CASE_0245,665972,endpoint,8,8015813,0.6788,0.6788,0,ar,املأهم بقدر ما تستطيع. هذا ما سيشعر به الغواص قبل تلف الرئة مباشرة. إنه غير مريح ويمكنك أن تشعر به. إذا كنت بالقرب من السطح حيث يكون تغير الضغط أسرع ، ورئتيك ممتلئة ، فقد يستغرق الأمر أقل من أربعة (4 أقدام) من الماء لتسبب الضرر.
CASE_0245,665972,endpoint,9,2901620,0.6742,0.6742,0,ar,التصنيف الأحدث الأقدم. أفضل إجابة: الإجابة أعلاه ليست مزحة. إذا كنت تشرب الكثير ، فإن جسدك يقنع نفسه بأن هناك الكثير وسوف تغرق. لست متأكدًا تمامًا من كيفية حدوث ذلك ، لكنني أعتقد أن رئتيك تمتلئ بالماء.
CASE_0245,665972,endpoint,10,2869062,0.6722,0.6722,0,ar,زيادة المياه. مثل الكثير من الهواء في الإطارات ، يؤدي وجود الكثير من الماء في الدم إلى زيادة الضغط في الأوعية الدموية. عند نقطة معينة ، خاصةً إذا كان قلبك الأيسر ضعيفًا ، فإن الماء الزائد يخرج من دمك إلى المساحات الهوائية في رئتيك ، والتي تسمى الحويصلات الهوائية.
CASE_0245,665972,mixed,1,1288520,0.7115,0.7115,0,ar,يحدث الماء في الرئة ، المعروف علميًا باسم الوذمة الرئوية ، عندما تمتلئ الرئتان بالسوائل ، مما يمنع دخول الأكسجين وإخراج ثاني أكسيد الكربون. يحدث تراكم السوائل في الرئة عادة عندما تكون لديك مشكلة في الجهاز القلبي الوعائي ، مثل قصور القلب ، ولكن يمكن أن يحدث أيضًا عند وجود إصابة في الرئة مثل الالتهابا
CASE_0245,665972,mixed,2,2869059,0.7029,0.7029,0,ar,أسباب وجود الماء في الرئتين. رئتيك: حيث يجب أن يلتقي الماء والهواء ، لا يختلطان. مصدر الصورة امرأة صينية تحمل صورة بالأشعة السينية بواسطة Allen Penton من Fotolia.com. يتكون جسمك من أكثر من 60 في المائة من الماء ، وتتكون رئتيك من ما يقرب من 90 في المائة من الماء ، وفقًا للمسح الجيولوجي الأمريكي.
CASE_0245,665972,mixed,3,7488681,0.701,0.701,1,ar,، ممرض. إذا دخل الماء إلى الرئتين ، فسيواجه الشخص صعوبة في التنفس (ضيق التنفس) بسبب وجود اضطراب في ضغط الرئة الطبيعي مع وجود السائل. عادة ما يخضع المرضى لإجراء بسيط (بزل الصدر) لإزالة السائل في الرئتين.
CASE_0245,665972,mixed,4,5124930,0.7002,0.7002,0,ar,يمكن أن ينتهي الماء الذي يتم ابتلاعه عن غير قصد أثناء السباحة في رئتيك. في بعض الحالات ، قد يؤدي ابتلاع الكثير من الماء إلى غرق ثانوي ، والذي يمكن أن يحدث بعد خروج الشخص من الماء لفترة طويلة. الأعراض والعلاج. قد يكون تحديد ما إذا كان قد تم ابتلاع الكثير من الماء ودخوله إلى الرئتين أمرًا صعبًا. إذا ك
CASE_0245,665972,mixed,5,2919197,0.6978,0.6978,0,ar,عندما تصل إلى رئتيك ، تبدأ خلايا جهازك المناعي في محاربة البكتيريا وهذا يتسبب في تراكم الكثير من السوائل في أنسجة الرئة. السوائل في رئتيك سيئة للغاية لأنك لا تستطيع تبادل الغازات / التنفس.
CASE_0245,665972,mixed,6,5124928,0.6955,0.6955,0,ar,"عندما يتنفس الشخص الماء في رئتيه وتوقف عن التنفس ، يجب على شخص آخر إجراء إنعاش فم إلى فم لإخراج الماء. عندما ينجح هذا ، يبدو أن معظم الناس يتقيأون الماء ثم يتمكنون من التنفس بشكل طبيعي ، مع بعض السعال المتبقي. Å ""سائل. ¢. عادة ما تكون الطريقة التي يحصل بها الناس على الماء في رئتيهم محددة للغاية. يجب"
CASE_0245,665972,mixed,7,4548353,0.6922,0.6922,0,ar,بلغ عن سوء معاملة. إذا استنشقت البخار في رئتيك ، فقد يتكثف البخار في الماء. هذا يبدو وكأنه مشكلة لم تتم مناقشتها وأعتقد أنها موضوع السؤال الأصلي !!! Resty Ã⠀ šÃ' · منذ 5 أشهر.
CASE_0245,665972,mixed,8,6020098,0.6909,0.6909,0,ar,احتباس الماء المرتبط بالقلب هو نتيجة للتغيرات في ضغط الدم. عادةً ما تبدأ الساقين والقدمين و / أو الكاحلين في الانتفاخ. كما تتراكم السوائل في الرئتين ، مما يتسبب في إصابة المريض بسعال مزمن. قد يطلب الطبيب إجراء اختبارات الدم ، أو تصوير الصدر بالأشعة السينية ، أو مخطط كهربية القلب (ECG) لتحديد ما إذا
CASE_0245,665972,mixed,9,8383323,0.6893,0.6893,0,ar,في الوقت نفسه ، إذا بقي الشخص تحت الماء ، يبدأ جسده في تراكم ثاني أكسيد الكربون. هذا الغاز هو ما يحفزك على الشعور بالحاجة إلى التنفس. في النهاية ، تتنفس الضحية بشكل لا إرادي. عندما يصل الماء إلى مجرى الهواء ، تكون الاستجابة الأولى هي السعال أو ابتلاع الماء.
CASE_0245,665972,mixed,10,7661486,0.6892,0.6892,0,ar,هل تساءلت يومًا عما يحدث لجسمك إذا لم تحصل على كمية كافية من الماء؟ تتكون أجسامنا في الغالب من الماء بالوزن ، لذا في حلقة اليوم من برنامج SciShow يشرح هانك ما يحدث لجسمك عندما يبدأ في الانغلاق عندما تذهب بدون H2O اللذيذ.
CASE_0245,723781,endpoint,1,178739,0.6872,0.6872,0,ar,اختبار الدم البيكربونات. يوجد ثاني أكسيد الكربون في ثلاثة أشكال في ثاني أكسيد الكربون المذاب في الدم وحمض الكربونيك والبيكربونات. البيكربونات هو الشكل السائد ويستخدم لتحديد مستوى ثاني أكسيد الكربون في الدم. لقياس مستوى البيكربونات في الدم يتم أخذ عينة من الدم.
CASE_0245,723781,endpoint,2,7821660,0.6824,0.6824,0,ar,يأخذ شكل بيكربونات في الدم ، لذلك يسمى هذا الجزء من الاختبار أحيانًا اختبار بيكربونات. يساعد البيكربونات دمك على البقاء عند درجة الحموضة الصحيحة. قد يطلب طبيبك لوحة إلكتروليت كجزء من الفحص الصحي المنتظم ، وقد يستخدم طبيبك هذا الاختبار للتحقق من حالة طبية أو تشخيصها ، حيث تساعد الكربونات دمك على البق
CASE_0245,723781,endpoint,3,7475238,0.6776,0.6776,1,ar,يقيس هذا الاختبار كمية البيكربونات ، وهو شكل من أشكال ثاني أكسيد الكربون ، في الدم. البيكربونات ، المعروف أيضًا باسم HCO 3 ، هو منتج ثانوي لعملية التمثيل الغذائي في الجسم. يجلب دمك البيكربونات إلى رئتيك ، ثم يتم زفيره على شكل ثاني أكسيد الكربون. تساعد الكلى أيضًا في تنظيم البيكربونات. يتم إفراز البي
CASE_0245,723781,endpoint,4,5166397,0.6726,0.6726,0,ar,يقيس هذا الاختبار كمية البيكربونات ، وهو شكل من أشكال ثاني أكسيد الكربون ، في الدم. البيكربونات ، المعروف أيضًا باسم HCO 3 ، هو منتج ثانوي لعملية التمثيل الغذائي في الجسم. يقوم دمك بإحضار البيكربونات إلى رئتيك ، ثم يتم زفيرها على شكل ثاني أكسيد الكربون ، كما تساعد الكلى أيضًا في تنظيم البيكربونات ،
CASE_0245,723781,endpoint,5,6263103,0.6706,0.6706,0,ar,يقيس هذا الاختبار كمية البيكربونات ، وهو شكل من أشكال ثاني أكسيد الكربون ، في الدم. البيكربونات ، المعروف أيضًا باسم HCO 3 ، هو منتج ثانوي لعملية التمثيل الغذائي في الجسم. يقوم دمك بإحضار البيكربونات إلى رئتيك ، ثم يتم زفيرها على شكل ثاني أكسيد الكربون ، كما تساعد الكلى أيضًا في تنظيم البيكربونات ،
CASE_0245,723781,endpoint,6,7475239,0.6685,0.6685,0,ar,قد تخضع لاختبار البيكربونات لمراقبة المشكلات التي تؤثر على مستويات الأس الهيدروجيني في الدم. يمكنك أيضًا إجراء هذا الاختبار إذا كنت تعاني من مرض كلوي أو فشل كبدي أو حالات أخرى متعلقة بعملية التمثيل الغذائي.
CASE_0245,723781,endpoint,7,8829646,0.6641,0.6641,0,ar,بيكربونات. أي ملح يحتوي على HCO 3 أنيون. بيكربونات الدم (بيكربونات البلازما) بيكربونات بلازما الدم ، معلمة مهمة للتوازن الحمضي القاعدي المقاسة في تحليل غازات الدم. بيكربونات صودا بيكربونات الصوديوم.
CASE_0245,723781,endpoint,8,2229024,0.6622,0.6622,0,ar,يستخدم هذا الاختبار لتحديد كمية البيكربونات المسماة HCO3 في الدم. يقيس الاختبار في الواقع مستوى ثاني أكسيد الكربون في الدم ، والذي يسمى CO2. أثناء الاختبارات المعملية ، يتم تحويل HCO3 إلى CO2 ، يعتبر HCO3 مهمًا في معادلة الأحماض. القيمة الطبيعية لثاني أكسيد الكربون في الدم هي 23 إلى 29 ملي مكافئ / ل
CASE_0245,723781,endpoint,9,1763504,0.6613,0.6613,0,ar,نطاق المصل الطبيعي للبيكربونات هو 22-30 مليمول / لتر. عادة ما يتم إجراء اختبار البيكربونات جنبًا إلى جنب مع اختبارات شوارد الدم الأخرى. قد تكون الاضطرابات في مستوى البيكربونات الطبيعي بسبب الأمراض التي تتداخل مع وظائف الجهاز التنفسي أو أمراض الكلى أو حالات التمثيل الغذائي أو أسباب أخرى. يعمل أيون ال
CASE_0245,723781,endpoint,10,1567485,0.6589,0.6589,0,ar,يقيس اختبار ثاني أكسيد الكربون (البيكربونات) مستوى البيكربونات في الدم. القيم العادية المدرجة هنا - والتي تسمى النطاق المرجعي - هي مجرد دليل.
CASE_0245,723781,mixed,1,7475238,0.6923,0.6923,1,ar,يقيس هذا الاختبار كمية البيكربونات ، وهو شكل من أشكال ثاني أكسيد الكربون ، في الدم. البيكربونات ، المعروف أيضًا باسم HCO 3 ، هو منتج ثانوي لعملية التمثيل الغذائي في الجسم. يجلب دمك البيكربونات إلى رئتيك ، ثم يتم زفيره على شكل ثاني أكسيد الكربون. تساعد الكلى أيضًا في تنظيم البيكربونات. يتم إفراز البي
CASE_0245,723781,mixed,2,178739,0.6882,0.6882,0,ar,اختبار الدم البيكربونات. يوجد ثاني أكسيد الكربون في ثلاثة أشكال في ثاني أكسيد الكربون المذاب في الدم وحمض الكربونيك والبيكربونات. البيكربونات هو الشكل السائد ويستخدم لتحديد مستوى ثاني أكسيد الكربون في الدم. لقياس مستوى البيكربونات في الدم يتم أخذ عينة من الدم.
CASE_0245,723781,mixed,3,5166397,0.6854,0.6854,0,ar,يقيس هذا الاختبار كمية البيكربونات ، وهو شكل من أشكال ثاني أكسيد الكربون ، في الدم. البيكربونات ، المعروف أيضًا باسم HCO 3 ، هو منتج ثانوي لعملية التمثيل الغذائي في الجسم. يقوم دمك بإحضار البيكربونات إلى رئتيك ، ثم يتم زفيرها على شكل ثاني أكسيد الكربون ، كما تساعد الكلى أيضًا في تنظيم البيكربونات ،
CASE_0245,723781,mixed,4,2229024,0.6846,0.6846,0,ar,يستخدم هذا الاختبار لتحديد كمية البيكربونات المسماة HCO3 في الدم. يقيس الاختبار في الواقع مستوى ثاني أكسيد الكربون في الدم ، والذي يسمى CO2. أثناء الاختبارات المعملية ، يتم تحويل HCO3 إلى CO2 ، يعتبر HCO3 مهمًا في معادلة الأحماض. القيمة الطبيعية لثاني أكسيد الكربون في الدم هي 23 إلى 29 ملي مكافئ / ل
CASE_0245,723781,mixed,5,2833093,0.6821,0.6821,0,ar,يستخدم هذا الاختبار لتحديد كمية البيكربونات المسماة HCO3 في الدم. يقيس الاختبار في الواقع مستوى ثاني أكسيد الكربون في الدم ، والذي يسمى CO2. أثناء الاختبارات المعملية ، يتم تحويل HCO3 إلى CO2 ، يعتبر HCO3 مهمًا في معادلة الأحماض. القيمة الطبيعية لثاني أكسيد الكربون في الدم هي 23 إلى 29 ملي مكافئ / ل
CASE_0245,723781,mixed,6,7821660,0.6818,0.6818,0,ar,يأخذ شكل بيكربونات في الدم ، لذلك يسمى هذا الجزء من الاختبار أحيانًا اختبار بيكربونات. يساعد البيكربونات دمك على البقاء عند درجة الحموضة الصحيحة. قد يطلب طبيبك لوحة إلكتروليت كجزء من الفحص الصحي المنتظم ، وقد يستخدم طبيبك هذا الاختبار للتحقق من حالة طبية أو تشخيصها ، حيث تساعد الكربونات دمك على البق
CASE_0245,723781,mixed,7,6263103,0.6809,0.6809,0,ar,يقيس هذا الاختبار كمية البيكربونات ، وهو شكل من أشكال ثاني أكسيد الكربون ، في الدم. البيكربونات ، المعروف أيضًا باسم HCO 3 ، هو منتج ثانوي لعملية التمثيل الغذائي في الجسم. يقوم دمك بإحضار البيكربونات إلى رئتيك ، ثم يتم زفيرها على شكل ثاني أكسيد الكربون ، كما تساعد الكلى أيضًا في تنظيم البيكربونات ،
CASE_0245,723781,mixed,8,5719242,0.6803,0.6803,0,ar,يتم أيضًا قياس ثاني أكسيد الكربون (CO2) في هذا الاختبار. ثاني أكسيد الكربون هو منتج نفايات ينتج عندما يكسر الجسم الطعام للحصول على الطاقة (التمثيل الغذائي). يأخذ شكل بيكربونات في الدم ، لذلك يسمى هذا الجزء من الاختبار أحيانًا اختبار بيكربونات. يساعد البيكربونات دمك على البقاء عند درجة الحموضة الصحيح
CASE_0245,723781,mixed,9,5958882,0.6791,0.6791,0,ar,نظرة عامة والوصف. يستخدم هذا الاختبار لتحديد كمية البيكربونات المسماة HCO3 في الدم. يقيس الاختبار في الواقع مستوى ثاني أكسيد الكربون في الدم ، والذي يسمى CO2 ، وأثناء الاختبارات المعملية ، يتم تحويل HCO3 إلى CO2 ، ويعتبر HCO3 مهمًا في تحييد الأحماض ، حيث يكون معظم ثاني أكسيد الكربون في الدم على شكل
CASE_0245,723781,mixed,10,2833092,0.6746,0.6746,0,ar,نظرة عامة والوصف. يستخدم هذا الاختبار لتحديد كمية البيكربونات المسماة HCO3 في الدم. يقيس الاختبار في الواقع مستوى ثاني أكسيد الكربون في الدم ، والذي يسمى CO2. أثناء الاختبارات المعملية ، يتم تحويل HCO3 إلى CO2. HCO3 مهم في معادلة الأحماض ، والقيمة الطبيعية لثاني أكسيد الكربون في الدم هي 23 إلى 29 مل
CASE_0245,911056,endpoint,1,4757271,0.6873,0.6873,0,ar,للاستخدامات الأخرى ، انظر Shanghainese (توضيح). لغة شنغهاي ، والمعروفة أيضًا بلهجة شنغهاي أو لغة Hu أو لهجة Hu ، هي مجموعة متنوعة من لغة Wu الصينية المستخدمة في المناطق المركزية لمدينة شنغهاي والمناطق المحيطة بها. تم تصنيفها كجزء من عائلة اللغة الصينية التبتية.
CASE_0245,911056,endpoint,2,3247208,0.6832,0.6832,0,ar,شنغهاي ، الصين ، آسيا. الصورة مجاملة من الأسرار التايوانية. في شنغهاي وفي جميع أنحاء البر الرئيسي للصين ، الماندرين الصينية هي اللغة الرسمية. يتم التحدث باللهجات الإقليمية في مناطق مختلفة في جميع أنحاء الصين ، وفي شنغهاي ، ستسمع الناس يتحدثون شنغهاي. إذا كنت قد أمضيت بعض الوقت في الدراسة لغة الماندر
CASE_0245,911056,endpoint,3,6873155,0.6804,0.6804,0,ar,يتم التحدث بها في مقاطعة قوانغدونغ وهونغ كونغ ومعظم الصينيين الأجانب في الخارج. معظم المدن أو المقاطعات الكبيرة لها لغتها الخاصة: شنغهاي ، نانجينغ ، سوتشو ، سيتشوان ... كلهم ​​مختلفون ، وإذا تحدث كل شخص بلهجته الخاصة ، فلن يتمكنوا من فهم بعضهم البعض. الصينية الشائعة الأخرى تحدث في أمريكا. هناك الكثي
CASE_0245,911056,endpoint,4,7910943,0.6729,0.6729,0,ar,بشكل عام ، يتحدثون لغة الماندرين. لكن سكان شنغهاي الأصليين يتحدثون بلهجة شنغهاي الخاصة بهم. يمكن لمعظم الناس في المدينة فهم اللغة الإنجليزية بطريقة ما. من ناحية أخرى ، يتحدث الكانتونية سكان غوانغدونغ وهونغ كونغ ، وكلاهما يقع في أقصى الجنوب. سيسكو منذ 7 سنوات.
CASE_0245,911056,endpoint,5,4739593,0.6718,0.6718,0,ar,الفصحى الصينية (Putonghua / Guoyu / Huayu) هي شكل موحد من الصينية المنطوقة على أساس لهجة بكين من الماندرين. إنها اللغة الرسمية للصين وتايوان ، بالإضافة إلى واحدة من أربع لغات رسمية لسنغافورة ، وعادة ما يتم وصف أنواع الصينية من قبل المتحدثين الأصليين على أنها لهجات للغة صينية واحدة ، لكن اللغويين يلا
CASE_0245,911056,endpoint,6,272635,0.67,0.67,0,ar,الصينية (æ ± Ã'â € ° 诠/ æ¼ ¢ 語 ؛ HÃÆ'Ã'Â nyÃ⠀ ¡Ã'â € أو â € â € ؛ ZhÃâ ؟؟؟ أصناف ، تشكل فرعًا من عائلة اللغة الصينية التبتية. يتحدث الصينية من قبل غالبية الهان والعديد من المجموعات العرقية الأخرى في الصين.
CASE_0245,911056,endpoint,7,4694889,0.6688,0.6688,0,ar,لهجة Wu-a من الصينية المحكية في دلتا اليانغتسي. لهجة شنغهاي ، لهجة وو. الصينية - أي من اللغات الصينية التبتية المستخدمة في الصين ؛ تعتبر لهجات لغة واحدة (على الرغم من أنها غير مفهومة بشكل متبادل) لأنها تشترك في نظام كتابة إيديوغرامي.
CASE_0245,911056,endpoint,8,6873157,0.6683,0.6683,0,ar,الفصحى الصينية (Putonghua / Guoyu / Huayu) هي شكل موحد من الصينية المنطوقة على أساس لهجة بكين من الماندرين. إنها اللغة الرسمية للصين وتايوان ، بالإضافة إلى واحدة من أربع لغات رسمية لسنغافورة ، وهي إحدى اللغات الرسمية الست للأمم المتحدة ، وعادة ما يصف المتحدثون الأصليون أنواع الصينية على أنها لهجات ص
CASE_0245,911056,endpoint,9,3247212,0.6678,0.6678,0,ar,الفصحى الصينية (Putonghua / Guoyu / Huayu) هي شكل موحد من الصينية المنطوقة على أساس لهجة بكين من الماندرين. هي اللغة الرسمية للصين وتايوان ، بالإضافة إلى واحدة من أربع لغات رسمية لسنغافورة ، وهي واحدة من اللغات الرسمية الست للأمم المتحدة ، وفي نان ، وهي جزء من مجموعة مين ، يتم التحدث بها على نطاق وا
CASE_0245,911056,endpoint,10,2444616,0.6678,0.6678,0,ar,الصينية القياسية. اللغة الصينية القياسية ، والمعروفة أيضًا باسم Modern Standard Mandarin ، أو Standard Mandarin ، أو ببساطة لغة Mandarin ، هي مجموعة قياسية من اللغة الصينية هي اللغة الرسمية الوحيدة لكل من الصين وتايوان ، وأيضًا إحدى اللغات الرسمية الأربع في سنغافورة. يعتمد نطقها على لهجة بكين ، ومفر
CASE_0245,911056,mixed,1,6873155,0.6811,0.6811,0,ar,يتم التحدث بها في مقاطعة قوانغدونغ وهونغ كونغ ومعظم الصينيين الأجانب في الخارج. معظم المدن أو المقاطعات الكبيرة لها لغتها الخاصة: شنغهاي ، نانجينغ ، سوتشو ، سيتشوان ... كلهم ​​مختلفون ، وإذا تحدث كل شخص بلهجته الخاصة ، فلن يتمكنوا من فهم بعضهم البعض. الصينية الشائعة الأخرى تحدث في أمريكا. هناك الكثي
CASE_0245,911056,mixed,2,2444616,0.6712,0.6712,0,ar,الصينية القياسية. اللغة الصينية القياسية ، والمعروفة أيضًا باسم Modern Standard Mandarin ، أو Standard Mandarin ، أو ببساطة لغة Mandarin ، هي مجموعة قياسية من اللغة الصينية هي اللغة الرسمية الوحيدة لكل من الصين وتايوان ، وأيضًا إحدى اللغات الرسمية الأربع في سنغافورة. يعتمد نطقها على لهجة بكين ، ومفر
CASE_0245,911056,mixed,3,7910936,0.667,0.667,1,ar,يتحدثون لهجة شنغهاي / لهجة وو في شنغهاي. لهجة وو ، مثل الكانتونية ، غير مفهومة (غير مفهومة) لمتحدثي لغة الماندرين. والسبب هو أن اللغة الصينية الحديثة (الماندرين) قد تأثرت بشدة باللغات Altaic بينما احتفظت Shanghainese و Cantonese بشكل أو بآخر بنطقها الأصلي.
CASE_0245,911056,mixed,4,6132204,0.667,0.667,0,ar,الفصحى الصينية (Putonghua / Guoyu / Huayu) هي شكل موحد من الصينية المنطوقة على أساس لهجة بكين من الماندرين. إنها اللغة الرسمية للصين وتايوان ، بالإضافة إلى واحدة من أربع لغات رسمية لسنغافورة ، وهي واحدة من اللغات الرسمية الست للأمم المتحدة ، وهناك ما بين 7 و 13 مجموعة إقليمية رئيسية للصينية (اعتمادً
CASE_0245,911056,mixed,5,6126767,0.6667,0.6667,0,ar,"اللغة الصينية. تتكون الصينية (æ¼ ¢ 語) من سبع لهجات رئيسية ، الماندرين (ॠ®˜è © Ã' ±) ، الكانتونية (ॠ »Ã' £ ॠ · žè © Ã' ±، ॠ» Ã' £ ॠºŠ""è © Ã' ±) ، هاكا (ॠ® ¢ ॠ®¶è © Ã' ±) ، وو (ॠà '³à¨Ã'ªÂž) و Min (à© Ã'â € Ã' © 語) و Xiang (湘語) و Gan ( è´Â⠀) (الشكل). تنوع لغة الماندرين بناءً على الخطاب في العاصمة بكين"
CASE_0245,911056,mixed,6,4739593,0.6663,0.6663,0,ar,الفصحى الصينية (Putonghua / Guoyu / Huayu) هي شكل موحد من الصينية المنطوقة على أساس لهجة بكين من الماندرين. إنها اللغة الرسمية للصين وتايوان ، بالإضافة إلى واحدة من أربع لغات رسمية لسنغافورة ، وعادة ما يتم وصف أنواع الصينية من قبل المتحدثين الأصليين على أنها لهجات للغة صينية واحدة ، لكن اللغويين يلا
CASE_0245,911056,mixed,7,6873157,0.664,0.664,0,ar,الفصحى الصينية (Putonghua / Guoyu / Huayu) هي شكل موحد من الصينية المنطوقة على أساس لهجة بكين من الماندرين. إنها اللغة الرسمية للصين وتايوان ، بالإضافة إلى واحدة من أربع لغات رسمية لسنغافورة ، وهي إحدى اللغات الرسمية الست للأمم المتحدة ، وعادة ما يصف المتحدثون الأصليون أنواع الصينية على أنها لهجات ص
CASE_0245,911056,mixed,8,7910943,0.6629,0.6629,0,ar,بشكل عام ، يتحدثون لغة الماندرين. لكن سكان شنغهاي الأصليين يتحدثون بلهجة شنغهاي الخاصة بهم. يمكن لمعظم الناس في المدينة فهم اللغة الإنجليزية بطريقة ما. من ناحية أخرى ، يتحدث الكانتونية سكان غوانغدونغ وهونغ كونغ ، وكلاهما يقع في أقصى الجنوب. سيسكو منذ 7 سنوات.
CASE_0245,911056,mixed,9,3247208,0.6618,0.6618,0,ar,شنغهاي ، الصين ، آسيا. الصورة مجاملة من الأسرار التايوانية. في شنغهاي وفي جميع أنحاء البر الرئيسي للصين ، الماندرين الصينية هي اللغة الرسمية. يتم التحدث باللهجات الإقليمية في مناطق مختلفة في جميع أنحاء الصين ، وفي شنغهاي ، ستسمع الناس يتحدثون شنغهاي. إذا كنت قد أمضيت بعض الوقت في الدراسة لغة الماندر
CASE_0245,911056,mixed,10,4470885,0.6607,0.6607,0,ar,الصينية (æ ± Ã' 诠/ æ¼ ¢ 語 ؛ هاني nyÃ⠀ ¡â € أو ؛ â ؟؟؟؟؟؟؟؟؟؟؟؟؟؟؟؟؟؟؟؟؟؟؟؟؟؟؟؟؟؟؟؟؟؟؟؟؟؟؟؟؟؟؟؟؟؟؟؟؟؟؟؟؟؟؟؟؟؟؟؟؟؟؟؟؟؟؟؟؟؟؟؟؟؟؟؟؟؟؟ مجموعة من الأنواع اللغوية ذات الصلة ولكن في كثير من الحالات غير مفهومة بشكل متبادل ، تشكل فرعًا من التبت الصيني. اللغة الصينية الأسرة يتحدث بها الغالبية هان والعديد من ال
CASE_0245,935362,endpoint,1,3757515,0.5879,0.5879,0,ar,للمسلسل التلفزيوني الكوري الجنوبي ، انظر Glass Castle. القلعة الزجاجية هي مذكرات عام 2005 بقلم جانيت وولز. يروي الكتاب أسوار التنشئة غير التقليدية التي تعاني من الفقر وأشقائها على أيدي والديهم الذين يعانون من اختلال وظيفي عميق. أمضت المذكرات إجمالي 261 أسبوعًا في قائمة New York Times Best Seller.
CASE_0245,935362,endpoint,2,3757516,0.5688,0.5688,0,ar,تمت إضافته إلى تسجيلات الوصول الخاصة بك. القلعة الزجاجية (2017) فتاة صغيرة تبلغ من العمر في عائلة مختلة من البدو غير الملتزمين بأم فنانة غريبة الأطوار وأب مدمن على الكحول من شأنه أن يحرك خيال الأطفال بأمل لإلهاء فقرهم.
CASE_0245,935362,endpoint,3,7957524,0.5672,0.5672,1,ar,أجاب عليه جيل د # 170087. The Glass Castle هي رواية عن سيرتها الذاتية تمتد عبر السنوات من 1957 إلى 2005 تقريبًا. وتدور أحداثها في عدد من الأماكن المحلية ، والتي تشمل نيفادا (بليث ، باتل ماونتن ، لاس فيغاس) ، كاليفورنيا ، أريزونا ، فيرجينيا الغربية ، ومدينة نيويورك. تسجيل الدخول باستخدام الفيسبوك. تس
CASE_0245,935362,endpoint,4,3757517,0.5671,0.5671,0,ar,القلعة الزجاجية (2017) PG-13 | دراما | 2017 (الولايات المتحدة الأمريكية) فتاة صغيرة تبلغ من العمر في عائلة مختلة من البدو غير الملتزمين بأم فنانة غريبة الأطوار وأب مدمن على الكحول من شأنه أن يحرك خيال الأطفال بأمل لإلهاء فقرهم.
CASE_0245,935362,endpoint,5,4947478,0.555,0.555,0,ar,أقيمت القلعة لأول مرة في القرن الثاني عشر في موقع حصن دون كرودا ، وهو حصن صخري داخلي تم إنشاؤه منذ حوالي 2500 عام أو أكثر على نتوء صخري على ضفاف نهر أوبيغ.
CASE_0245,935362,endpoint,6,3823954,0.5548,0.5548,0,ar,القلعة (من اللاتينية: castellum) هي نوع من الهياكل المحصنة التي شيدها النبلاء في أوروبا والشرق الأوسط خلال العصور الوسطى ، ويناقش العلماء نطاق كلمة القلعة ، لكنهم يعتبرونها عادةً المقر المحصن الخاص بالسيدة. أو نبيل.بعض القلاع الحقيقية بنيت في الأمريكتين من قبل المستعمرات الإسبانية والفرنسية. سميت ال
CASE_0245,935362,endpoint,7,5893483,0.5507,0.5507,0,ar,في مقطع فيديو This Day in History ، تعلم أنه في 14 يوليو 1789 ، أنشأ الثوار عطلة صيفية في فرنسا عندما اقتحموا الباستيل. كانت القلعة رمزًا مكروهًا للنظام الملكي الذي احتجز سجناء سياسيين. في مقطع فيديو في هذا اليوم في التاريخ ، تعلم أنه في 14 يوليو 1789 ، أنشأ الثوار عطلة صيفية في فرنسا عندما اقتحموا
CASE_0245,935362,endpoint,8,4707849,0.5495,0.5495,0,ar,القلعة الزجاجية ، بواسطة جانيت وولز. لم تتمكن جانيت وولز من العيش في القلعة الزجاجية التي استحضرها والدها كمقر عائلي مثالي ، لكن ذلك لم يتسبب في رميها بالحجارة. تعتبر مذكراتها تقييمًا صريحًا ودافئًا لسنوات نشأتها.
CASE_0245,935362,endpoint,9,2307428,0.5493,0.5493,0,ar,كجزء من الأيام التراثية المفتوحة ، قم بزيارة القلعة مجانًا يوم السبت 12 سبتمبر 11 صباحًا - 4 مساءً أو يوم الجمعة 11 سبتمبر ، انتقل إلى Tattershall Village Hall في الساعة 3 مساءً واستمع إلى حديث رائع حول الزجاج الملون الباقي من القرن الخامس عشر من كنيسة Holy Trinity التي بنيت من أجل اللورد كرومويل في
CASE_0245,935362,endpoint,10,7957527,0.5489,0.5489,0,ar,للمسلسل التلفزيوني الكوري الجنوبي ، انظر Glass Castle. القلعة الزجاجية هي مذكرات عام 2005 بقلم جانيت وولز. يروي الكتاب أسوار التنشئة غير التقليدية التي تعاني من الفقر وأشقائها على أيدي والديهم الذين يعانون من اختلال وظيفي عميق.
CASE_0245,935362,mixed,1,7957524,0.571,0.571,1,ar,أجاب عليه جيل د # 170087. The Glass Castle هي رواية عن سيرتها الذاتية تمتد عبر السنوات من 1957 إلى 2005 تقريبًا. وتدور أحداثها في عدد من الأماكن المحلية ، والتي تشمل نيفادا (بليث ، باتل ماونتن ، لاس فيغاس) ، كاليفورنيا ، أريزونا ، فيرجينيا الغربية ، ومدينة نيويورك. تسجيل الدخول باستخدام الفيسبوك. تس
CASE_0245,935362,mixed,2,2307428,0.5391,0.5391,0,ar,كجزء من الأيام التراثية المفتوحة ، قم بزيارة القلعة مجانًا يوم السبت 12 سبتمبر 11 صباحًا - 4 مساءً أو يوم الجمعة 11 سبتمبر ، انتقل إلى Tattershall Village Hall في الساعة 3 مساءً واستمع إلى حديث رائع حول الزجاج الملون الباقي من القرن الخامس عشر من كنيسة Holy Trinity التي بنيت من أجل اللورد كرومويل في
CASE_0245,935362,mixed,3,4204073,0.5288,0.5288,0,ar,إذا كنت تحب زجاج البحر ، فستكون على يقين من أنك تحب Glass Beach في Fort Bragg ، كاليفورنيا. شيء واحد مهم يجب تذكره هو أن معظم زجاج البحر يقع على طول الشاطئ في الخلجان جنوب شارع إلم. أيضًا ، من الأفضل زيارة Glass Beach قبل ساعات قليلة من انخفاض المد وبعده. تحقق من أوقات المد والجزر في Fort Bragg هنا.
CASE_0245,935362,mixed,4,1701755,0.5286,0.5286,0,ar,تم وضع الحجر في برج القلعة عام 1446. القلعة موقع سياحي شهير في أيرلندا ، تجذب الزوار من جميع أنحاء العالم لتقبيل الحجر والتجول في القلعة وحدائقها. أصبحت كلمة blarney تعني الحديث الذكي أو الإطراء أو الإقناع. أو هو حاج من حجر Blarney .. مرددًا القوة المفترضة للحجر ، أضاف الشاعر الأيرلندي في أوائل القر
CASE_0245,935362,mixed,5,3757515,0.527,0.527,0,ar,للمسلسل التلفزيوني الكوري الجنوبي ، انظر Glass Castle. القلعة الزجاجية هي مذكرات عام 2005 بقلم جانيت وولز. يروي الكتاب أسوار التنشئة غير التقليدية التي تعاني من الفقر وأشقائها على أيدي والديهم الذين يعانون من اختلال وظيفي عميق. أمضت المذكرات إجمالي 261 أسبوعًا في قائمة New York Times Best Seller.
CASE_0245,935362,mixed,6,2853030,0.5233,0.5233,0,ar,The Burg هي قلعة جميلة تقع في Old Town Graz. شيدت القلعة للإمبراطور ماكسيميليان الأول في عام 1499. وظلت مقرًا للمحكمة النمساوية الداخلية حتى عام 1619. يحتوي البرج على درج حلزوني مزدوج غير عادي يسمى Wendeltreppe.
CASE_0245,935362,mixed,7,4947478,0.5231,0.5231,0,ar,أقيمت القلعة لأول مرة في القرن الثاني عشر في موقع حصن دون كرودا ، وهو حصن صخري داخلي تم إنشاؤه منذ حوالي 2500 عام أو أكثر على نتوء صخري على ضفاف نهر أوبيغ.
CASE_0245,935362,mixed,8,4229109,0.5203,0.5203,0,ar,يأتي عالمنا في عهد الحديد والزجاج. ستكون العديد من القدرات الخارقة ، المجهزة بذكاء ذكي وبطل الحضارة ، البوابة إلى جزيرة الفردوس الجميلة. 1 لنكولن إن ، هولبورن ، لندن ، إنجلترا ، المملكة المتحدة. بورن وودز ، فارنام ، ساري ، إنجلترا ، المملكة المتحدة.
CASE_0245,935362,mixed,9,8038075,0.5193,0.5193,0,ar,يشار إليها أيضًا باسم شظية الزجاج ، وهي ناطحة سحاب مكونة من 87 طابقًا تقع في قلب لندن. بدأ البناء في عام 2009 واكتمل بعد ثلاث سنوات في عام 2012 ، مما جعله أطول مبنى في أوروبا الغربية. صممه المهندس المعماري رينزو بيانو ، The Shard هو ثاني أطول مبنى قائم بذاته في المملكة المتحدة.
CASE_0245,935362,mixed,10,3757517,0.5182,0.5182,0,ar,القلعة الزجاجية (2017) PG-13 | دراما | 2017 (الولايات المتحدة الأمريكية) فتاة صغيرة تبلغ من العمر في عائلة مختلة من البدو غير الملتزمين بأم فنانة غريبة الأطوار وأب مدمن على الكحول من شأنه أن يحرك خيال الأطفال بأمل لإلهاء فقرهم.
CASE_0245,939744,endpoint,1,3017760,0.7085,0.7085,0,ar,ميتاليكا هي فرقة أمريكية لموسيقى الهيفي ميتال ، تأسست عام 1981 على يد عازف الدرامز لارس أولريش وعازف الجيتار الإيقاعي جيمس هيتفيلد. بصرف النظر عن أولريش ، تضمنت التشكيلة الأصلية لبعض حفلات عام 1982 جيمس هيتفيلد (الغيتار الإيقاعي والغناء الرئيسي) وديف موستين (الغيتار الرئيسي وغناء الدعم) ورون ماكجوفن
CASE_0245,939744,endpoint,2,33233,0.7018,0.7018,0,ar,ميتاليكا هي فرقة أمريكية لموسيقى الهيفي ميتال تم تشكيلها في لوس أنجلوس ، كاليفورنيا. تم تشكيل الفرقة في عام 1981 عندما رد المغني / عازف الجيتار جيمس هيتفيلد على إعلان نشره عازف الدرامز لارس أولريش في إحدى الصحف المحلية. تضم التشكيلة الحالية لفريق Metallica الأعضاء المؤسسين Hetfield و Ulrich وعازف ال
CASE_0245,939744,endpoint,3,7658956,0.6878,0.6878,1,ar,تم إصدار Metallica في 12 أغسطس 1991 ، وكان أول ألبوم للفرقة يظهر لأول مرة في المركز الأول على Billboard 200 ، حيث بيع 597000 نسخة في الأسبوع الأول. تم اعتماده من البلاتين في أسبوعين وقضى أربعة أسابيع متتالية على قمة Billboard 200.
CASE_0245,939744,endpoint,4,33236,0.686,0.686,0,ar,ميتاليكا هي فرقة أمريكية لموسيقى الهيفي ميتال من ولاية كاليفورنيا بالولايات المتحدة الأمريكية. تم تشكيل Metallica في عام 1981 ، وتعتبر واحدة من الفرق التأسيسية لمعدن ثراش ميتال. تم تشكيل الفرقة بعد أن رد الأعضاء المختلفون على إعلان في إحدى الصحف وضعه عازف الدرامز لارس أولريش الذي كان يبحث عن أشخاص ي
CASE_0245,939744,endpoint,5,60168,0.6679,0.6679,0,ar,تم إصدار Metallica في 12 أغسطس 1991 ، وكان أول ألبوم للفرقة يظهر لأول مرة في المركز الأول على مخطط Billboard 200 الأمريكي. بحلول فبراير 2016 ، أمضى الألبوم 363 أسبوعًا على مخطط ألبوم Billboard ، مما يجعله واحدًا من أطول عشرة أقراص قيد التشغيل على الإطلاق.
CASE_0245,939744,endpoint,6,4300851,0.665,0.665,0,ar,من أجل الألبوم الخامس الذي يحمل اسم Metallica ، انظر Metallica (الألبوم). ميتاليكا هي فرقة أمريكية لموسيقى الهيفي ميتال مقرها في سان رافائيل ، كاليفورنيا. تم تشكيل الفرقة في عام 1981 في لوس أنجلوس عندما رد المغني / عازف الجيتار جيمس هيتفيلد على إعلان نشره عازف الدرامز لارس أولريش في إحدى الصحف المحل
CASE_0245,939744,endpoint,7,8314944,0.6639,0.6639,0,ar,من أجل الألبوم الخامس الذي يحمل اسم Metallica ، انظر Metallica (الألبوم). ميتاليكا هي فرقة أمريكية لموسيقى الهيفي ميتال مقرها في سان رافائيل ، كاليفورنيا. تم تشكيل الفرقة في عام 1981 في لوس أنجلوس عندما رد المغني / عازف الجيتار جيمس هيتفيلد على إعلان نشره عازف الدرامز لارس أولريش في إحدى الصحف المحل
CASE_0245,939744,endpoint,8,8314949,0.6523,0.6523,0,ar,العشرة الأوائل. 1 Metallica Metallica هي فرقة أمريكية من Thrash Metal تم تشكيلها في عام 1981. كانت التشكيلة الأصلية جيمس هيتفيلد (المغني وعازف الجيتار الإيقاعي) ، ديف موستين (غيتار رئيسي) ، لارس أولريش (طبول) ، رون ماكجوفني (باسيست). دخلت المجموعة في التيار الرئيسي من ألبومها الذاتي والأغنية المنفرد
CASE_0245,939744,endpoint,9,4974346,0.6471,0.6471,0,ar,ولدت Metallica ، وهي واحدة من أكبر الأعمال مبيعًا في التاريخ الأمريكي ، في 28 أكتوبر 1981 عندما اجتمع عازف الدرامز لارس أولريش وعازف / مغني الجيتار جيمس هيتفيلد عبر إعلان صحيفة Ulrich's LA Recycler .
CASE_0245,939744,endpoint,10,3865461,0.637,0.637,0,ar,Metallica هي فرقة ثراش ميتال / هيفي ميتال أمريكية. اجتمعت الفرقة في لوس أنجلوس عام 1981 وساعدت في ابتكار النوع الفرعي من موسيقى الهيفي ميتال. يشتهرون بالعديد من أغانيهم ، بما في ذلك Master of Puppets و The Unforgiven و One و Enter Sandman و Nothing Else Matters ..
CASE_0245,939744,mixed,1,7658956,0.7286,0.7286,1,ar,تم إصدار Metallica في 12 أغسطس 1991 ، وكان أول ألبوم للفرقة يظهر لأول مرة في المركز الأول على Billboard 200 ، حيث بيع 597000 نسخة في الأسبوع الأول. تم اعتماده من البلاتين في أسبوعين وقضى أربعة أسابيع متتالية على قمة Billboard 200.
CASE_0245,939744,mixed,2,60168,0.7133,0.7133,0,ar,تم إصدار Metallica في 12 أغسطس 1991 ، وكان أول ألبوم للفرقة يظهر لأول مرة في المركز الأول على مخطط Billboard 200 الأمريكي. بحلول فبراير 2016 ، أمضى الألبوم 363 أسبوعًا على مخطط ألبوم Billboard ، مما يجعله واحدًا من أطول عشرة أقراص قيد التشغيل على الإطلاق.
CASE_0245,939744,mixed,3,33233,0.705,0.705,0,ar,ميتاليكا هي فرقة أمريكية لموسيقى الهيفي ميتال تم تشكيلها في لوس أنجلوس ، كاليفورنيا. تم تشكيل الفرقة في عام 1981 عندما رد المغني / عازف الجيتار جيمس هيتفيلد على إعلان نشره عازف الدرامز لارس أولريش في إحدى الصحف المحلية. تضم التشكيلة الحالية لفريق Metallica الأعضاء المؤسسين Hetfield و Ulrich وعازف ال
CASE_0245,939744,mixed,4,33236,0.7005,0.7005,0,ar,ميتاليكا هي فرقة أمريكية لموسيقى الهيفي ميتال من ولاية كاليفورنيا بالولايات المتحدة الأمريكية. تم تشكيل Metallica في عام 1981 ، وتعتبر واحدة من الفرق التأسيسية لمعدن ثراش ميتال. تم تشكيل الفرقة بعد أن رد الأعضاء المختلفون على إعلان في إحدى الصحف وضعه عازف الدرامز لارس أولريش الذي كان يبحث عن أشخاص ي
CASE_0245,939744,mixed,5,8314949,0.6966,0.6966,0,ar,العشرة الأوائل. 1 Metallica Metallica هي فرقة أمريكية من Thrash Metal تم تشكيلها في عام 1981. كانت التشكيلة الأصلية جيمس هيتفيلد (المغني وعازف الجيتار الإيقاعي) ، ديف موستين (غيتار رئيسي) ، لارس أولريش (طبول) ، رون ماكجوفني (باسيست). دخلت المجموعة في التيار الرئيسي من ألبومها الذاتي والأغنية المنفرد
CASE_0245,939744,mixed,6,4974346,0.6914,0.6914,0,ar,ولدت Metallica ، وهي واحدة من أكبر الأعمال مبيعًا في التاريخ الأمريكي ، في 28 أكتوبر 1981 عندما اجتمع عازف الدرامز لارس أولريش وعازف / مغني الجيتار جيمس هيتفيلد عبر إعلان صحيفة Ulrich's LA Recycler .
CASE_0245,939744,mixed,7,3865461,0.6853,0.6853,0,ar,Metallica هي فرقة ثراش ميتال / هيفي ميتال أمريكية. اجتمعت الفرقة في لوس أنجلوس عام 1981 وساعدت في ابتكار النوع الفرعي من موسيقى الهيفي ميتال. يشتهرون بالعديد من أغانيهم ، بما في ذلك Master of Puppets و The Unforgiven و One و Enter Sandman و Nothing Else Matters ..
CASE_0245,939744,mixed,8,7830980,0.6811,0.6811,0,ar,تم تشكيل Metallica في عام 1981 عندما رد المنشد / عازف الجيتار جيمس هيتفيلد على إعلان نشره عازف الطبول لارس أولريش في إحدى الصحف المحلية. تتألف التشكيلة الحالية للفرقة من الأعضاء المؤسسين Hetfield و Ulrich ، وعازف الجيتار الرئيسي منذ فترة طويلة كيرك هاميت وعازف الجيتار روبرت تروجيلو.
CASE_0245,939744,mixed,9,3017760,0.6786,0.6786,0,ar,ميتاليكا هي فرقة أمريكية لموسيقى الهيفي ميتال ، تأسست عام 1981 على يد عازف الدرامز لارس أولريش وعازف الجيتار الإيقاعي جيمس هيتفيلد. بصرف النظر عن أولريش ، تضمنت التشكيلة الأصلية لبعض حفلات عام 1982 جيمس هيتفيلد (الغيتار الإيقاعي والغناء الرئيسي) وديف موستين (الغيتار الرئيسي وغناء الدعم) ورون ماكجوفن
CASE_0245,939744,mixed,10,8314944,0.6745,0.6745,0,ar,من أجل الألبوم الخامس الذي يحمل اسم Metallica ، انظر Metallica (الألبوم). ميتاليكا هي فرقة أمريكية لموسيقى الهيفي ميتال مقرها في سان رافائيل ، كاليفورنيا. تم تشكيل الفرقة في عام 1981 في لوس أنجلوس عندما رد المغني / عازف الجيتار جيمس هيتفيلد على إعلان نشره عازف الدرامز لارس أولريش في إحدى الصحف المحل
CASE_0245,960302,endpoint,1,4176577,0.7602,0.7602,0,ar,كانت معركة ليكسينغتون وكونكورد أول نزاع مسلح بين القوات البريطانية والمستعمرات الـ13 في أمريكا الشمالية. تم القتال في 19 أبريل 1775 في مدن ليكسينغتون وكونكورد ولينكولن ومينوتومي بالقرب من بوسطن في ماساتشوستس.
CASE_0245,960302,endpoint,2,7821740,0.7551,0.7551,0,ar,ليكسينغتون وكونكورد ، 19 أبريل 1775. 02 في 19 أبريل 1775 ، خاضت معارك ليكسينغتون وكونكورد. على الرغم من صغر حجم هذه المعارك ، إلا أنها كانت ذات أهمية معقدة وحاسمة في إطلاق المزيد من التمردات والقرارات وتحولات الرأي التي أدت إلى الثورة الأمريكية.
CASE_0245,960302,endpoint,3,7821734,0.7465,0.7465,1,ar,books.google.com - 02 في 19 أبريل 1775 خاضت معركتا ليكسينغتون وكونكورد. على الرغم من صغر حجم هذه المعارك ، إلا أنها كانت ذات أهمية معقدة وحاسمة في إطلاق المزيد من التمردات والقرارات وتحولات الرأي التي أدت إلى الثورة الأمريكية.
CASE_0245,960302,endpoint,4,1170679,0.7386,0.7386,0,ar,معارك ليكسينغتون وكونكورد. كانت معارك ليكسينغتون وكونكورد أول اشتباكات عسكرية في الحرب الثورية الأمريكية. دارت المعارك في 19 أبريل 1775 في مقاطعة ميدلسكس ، مقاطعة ماساتشوستس باي ، داخل مدن ليكسينغتون ، وكونكورد ، ولينكولن ، ومينوتومي (أرلينغتون الحالية) ، وكامبريدج.
CASE_0245,960302,endpoint,5,1170678,0.7386,0.7386,0,ar,معارك ليكسينغتون وكونكورد. كانت معارك ليكسينغتون وكونكورد أول اشتباكات عسكرية في الحرب الثورية الأمريكية. دارت المعارك في 19 أبريل 1775 في مقاطعة ميدلسكس ، مقاطعة ماساتشوستس باي ، داخل مدن ليكسينغتون ، وكونكورد ، ولينكولن ، ومينوتومي (أرلينغتون الحالية) ، وكامبريدج.
CASE_0245,960302,endpoint,6,452669,0.7383,0.7383,0,ar,19 أبريل 1775 وقعت معركة ليكسينغتون وكونكورد في 19 أبريل 1775 ، عندما بدأت الحرب الثورية الأمريكية.
CASE_0245,960302,endpoint,7,497134,0.7361,0.7361,0,ar,لكسنجتون وكونكورد اندلعت معارك ليكسينغتون وكونكورد في 19 أبريل 1775 الحرب الثورية الأمريكية (1775-1783). كانت التوترات تتصاعد لسنوات عديدة بين سكان المستعمرات الأمريكية الثلاثة عشر والسلطات البريطانية ، لا سيما في ماساتشوستس.
CASE_0245,960302,endpoint,8,925736,0.7354,0.7354,0,ar,اندلعت معركتا ليكسينغتون وكونكورد في 19 أبريل 1775 الحرب الثورية الأمريكية (1775-1783). كانت التوترات تتصاعد لسنوات عديدة بين سكان المستعمرات الأمريكية الثلاثة عشر والسلطات البريطانية ، لا سيما في ماساتشوستس.
CASE_0245,960302,endpoint,9,4176580,0.7312,0.7312,0,ar,معارك ليكسينغتون وكونكورد. كانت معارك ليكسينغتون وكونكورد أول اشتباكات عسكرية في الحرب الثورية الأمريكية. قاتلوا في 19 أبريل 1775 ، في مقاطعة ميدلسكس ، مقاطعة ماساتشوستس باي ، داخل مدن ليكسينغتون ، وكونكورد ، ولينكولن ، ومينوتومي (أرلينغتون الحالية) ، وكامبريدج ، بالقرب من بوسطن.
CASE_0245,960302,endpoint,10,4176578,0.7277,0.7277,0,ar,أبريل 19 1775. كانت معركتا ليكسينغتون وكونكورد أول اشتباكات عسكرية في الحرب الثورية الأمريكية. قاتلوا في 19 أبريل 1775 ، في مقاطعة ميدلسكس ، مقاطعة ماساتشوستس باي ، داخل مدن ليكسينغتون ، وكونكورد ، ولينكولن ، ومينوتومي (أرلينغتون الحالية) ، وكامبريدج ، بالقرب من بوسطن.
CASE_0245,960302,mixed,1,7821734,0.7012,0.7012,1,ar,books.google.com - 02 في 19 أبريل 1775 خاضت معركتا ليكسينغتون وكونكورد. على الرغم من صغر حجم هذه المعارك ، إلا أنها كانت ذات أهمية معقدة وحاسمة في إطلاق المزيد من التمردات والقرارات وتحولات الرأي التي أدت إلى الثورة الأمريكية.
CASE_0245,960302,mixed,2,4176577,0.7009,0.7009,0,ar,كانت معركة ليكسينغتون وكونكورد أول نزاع مسلح بين القوات البريطانية والمستعمرات الـ13 في أمريكا الشمالية. تم القتال في 19 أبريل 1775 في مدن ليكسينغتون وكونكورد ولينكولن ومينوتومي بالقرب من بوسطن في ماساتشوستس.
CASE_0245,960302,mixed,3,7821740,0.6938,0.6938,0,ar,ليكسينغتون وكونكورد ، 19 أبريل 1775. 02 في 19 أبريل 1775 ، خاضت معارك ليكسينغتون وكونكورد. على الرغم من صغر حجم هذه المعارك ، إلا أنها كانت ذات أهمية معقدة وحاسمة في إطلاق المزيد من التمردات والقرارات وتحولات الرأي التي أدت إلى الثورة الأمريكية.
CASE_0245,960302,mixed,4,925734,0.6844,0.6844,0,ar,معارك ليكسينغتون وكونكورد. تعيد Battle of Lexington التوجيه هنا. لمعارك الحرب الأهلية الأمريكية ، انظر معركة ليكسينغتون (توضيح). كانت معارك ليكسينغتون وكونكورد أول اشتباكات عسكرية في الحرب الثورية الأمريكية. دارت المعارك في 19 أبريل 1775 ، في مقاطعة ميدلسكس ، مقاطعة ماساتشوستس باي ، داخل مدن ليكسينغ
CASE_0245,960302,mixed,5,452669,0.6804,0.6804,0,ar,19 أبريل 1775 وقعت معركة ليكسينغتون وكونكورد في 19 أبريل 1775 ، عندما بدأت الحرب الثورية الأمريكية.
CASE_0245,960302,mixed,6,4176578,0.6792,0.6792,0,ar,أبريل 19 1775. كانت معركتا ليكسينغتون وكونكورد أول اشتباكات عسكرية في الحرب الثورية الأمريكية. قاتلوا في 19 أبريل 1775 ، في مقاطعة ميدلسكس ، مقاطعة ماساتشوستس باي ، داخل مدن ليكسينغتون ، وكونكورد ، ولينكولن ، ومينوتومي (أرلينغتون الحالية) ، وكامبريدج ، بالقرب من بوسطن.
CASE_0245,960302,mixed,7,925736,0.6783,0.6783,0,ar,اندلعت معركتا ليكسينغتون وكونكورد في 19 أبريل 1775 الحرب الثورية الأمريكية (1775-1783). كانت التوترات تتصاعد لسنوات عديدة بين سكان المستعمرات الأمريكية الثلاثة عشر والسلطات البريطانية ، لا سيما في ماساتشوستس.
CASE_0245,960302,mixed,8,4176580,0.6711,0.6711,0,ar,معارك ليكسينغتون وكونكورد. كانت معارك ليكسينغتون وكونكورد أول اشتباكات عسكرية في الحرب الثورية الأمريكية. قاتلوا في 19 أبريل 1775 ، في مقاطعة ميدلسكس ، مقاطعة ماساتشوستس باي ، داخل مدن ليكسينغتون ، وكونكورد ، ولينكولن ، ومينوتومي (أرلينغتون الحالية) ، وكامبريدج ، بالقرب من بوسطن.
CASE_0245,960302,mixed,9,1170679,0.6702,0.6702,0,ar,معارك ليكسينغتون وكونكورد. كانت معارك ليكسينغتون وكونكورد أول اشتباكات عسكرية في الحرب الثورية الأمريكية. دارت المعارك في 19 أبريل 1775 في مقاطعة ميدلسكس ، مقاطعة ماساتشوستس باي ، داخل مدن ليكسينغتون ، وكونكورد ، ولينكولن ، ومينوتومي (أرلينغتون الحالية) ، وكامبريدج.
CASE_0245,960302,mixed,10,1170678,0.6702,0.6702,0,ar,معارك ليكسينغتون وكونكورد. كانت معارك ليكسينغتون وكونكورد أول اشتباكات عسكرية في الحرب الثورية الأمريكية. دارت المعارك في 19 أبريل 1775 في مقاطعة ميدلسكس ، مقاطعة ماساتشوستس باي ، داخل مدن ليكسينغتون ، وكونكورد ، ولينكولن ، ومينوتومي (أرلينغتون الحالية) ، وكامبريدج.
CASE_0245,994085,endpoint,1,2387468,0.6529,0.6529,0,ar,حد التناسب هو النقطة التي يظل فيها الضغط متناسبًا بشكل مباشر مع الإجهاد بينما الحد المرن هو النقطة التي تظل فيها المادة مرنة أي. ࢠÂ إذا تمت إزالة الضغط ضمن الحد المرن ، فستستعيد المادة شكلها وحجمها الأصليين.
CASE_0245,994085,endpoint,2,2387467,0.6051,0.6051,0,ar,"""يظهر الإجهاد () كدالة للإجهاد () 1: الحد المرن (التناسب) 2: مقاومة الخضوع المعادلة (قوة إثبات 0.2٪). تُعرف العلاقة بين الإجهاد والانفعال الذي تعرضه مادة معينة باسم إجهاد تلك المادة المعينة - """"منحنى الإجهاد"""". إنه فريد لكل مادة ويتم العثور عليه عن طريق تسجيل مقدار التشوه (الانفعال) على فترات متميزة"
CASE_0245,994085,endpoint,3,7275848,0.6029,0.6029,1,ar,غالبًا ما يتم أخذ إجهاد تعسفي يبلغ 0.05 مم / مم كخط فاصل بين هاتين الفئتين. رسم تخطيطي للإجهاد والانفعال لفولاذ هيكلي متوسط ​​الكربون. الحد التناسبي (قانون هوك) من الأصل O إلى النقطة التي تسمى الحد التناسبي ، يكون منحنى الإجهاد والانفعال خطًا مستقيمًا. لاحظ السير روبرت هوك هذه العلاقة الخطية بين الا
CASE_0245,994085,endpoint,4,3437585,0.6013,0.6013,0,ar,إجهاد القص: الإجهاد (القوة لكل وحدة مساحة) الذي يعمل بالتوازي مع مستوى (خطأ) ويميل إلى التسبب في انزلاق الصخور على جانبي الطائرة بعضها ببعض. الإجهاد: نتيجة الإجهاد الذي يتعرض له الجسم ، مما يتسبب في تشوه شكله و / أو تغيير حجمه. الاستجابة المرنة: تشوه الجسم بما يتناسب مع الضغط المطبق واستعادته بمجرد
CASE_0245,994085,endpoint,5,7275855,0.5989,0.5989,0,ar,أعلى وحدة إجهاد يتناسب فيها الضغط مع التشوه. إنه يتوافق مع تلك النقطة على مخطط تشوه الإجهاد حيث ينحرف المنحنى عن خط مستقيم. ديف. حد المرونة. الحد الأقصى من إجهاد الوحدة الذي قد تتعرض له المادة ولا يزال بإمكانها العودة إلى حجمها وشكلها الأصليين عند إزالة الضغط. بالنسبة للعديد من المعادن ، لا يوجد فرق
CASE_0245,994085,endpoint,6,7275852,0.5941,0.5941,0,ar,معامل المرونة (أو معامل يونغ). وفقًا لقانون هوك ، ضمن الحد المرن للمادة ، تكون نسبة الضغط إلى الإجهاد الناتج في مادة ثابتة. يسمى هذا الثابت معامل مرونة المادة. حيث يتم إعطاء الإجهاد كقوة لكل وحدة مساحة ويتم إعطاء الإجهاد على أنه الاستطالة لكل وحدة طول.
CASE_0245,994085,endpoint,7,6321344,0.5923,0.5923,0,ar,فيما يلي جميع المعاني والترجمات الممكنة لكلمة مرن. Wiktionary (0.00 / 0 votes) قيم هذا التعريف: الحد المرن (اسم) مستوى الضغط الذي يخضع عنده مادة صلبة لتغير في الضغط أكبر مما توقعه قانون هوك ؛ غالبًا ما يتبعه عنق وكسر. الدلالات الكلدانية. القيمة العددية للحد المرن في علم الأعداد الكلدانية هي: 6.
CASE_0245,994085,endpoint,8,5339589,0.5901,0.5901,0,ar,لذا ، الإجهاد = k * إجهاد [هنا ، k ثابت] أو ، إجهاد / إجهاد = k الآن ، إذا حدث الإجهاد والانفعال ࢠ€¦ بسبب القوة المحورية ، فإن k يُعرف باسم معامل المرونة ويشار إليه بواسطة E. إذا حدث الإجهاد والانفعال بسبب قوة القص ، فإن k يُعرف بمعامل الصلابة ويُشار إليه بواسطة G ، ومعامل الصلابة ، G ، هو ، للمواد
CASE_0245,994085,endpoint,9,8349436,0.5888,0.5888,0,ar,يُعرَّف معامل المرونة لجسم ما على أنه ميل إجهاده - منحنى إجهاده في منطقة التشوه المرن: المادة الأكثر صلابة سيكون لها معامل مرونة أعلى. معامل المرونة له الشكل. أين.
CASE_0245,994085,endpoint,10,2940012,0.5866,0.5866,0,ar,متعلق بمعامل المرونة لمعامل الصلابة n الفيزياء العامة نسبة الإجهاد المطبق على جسم أو مادة إلى الإجهاد الناتج داخل حد المرونة يسمى أيضًا معامل المرونة انظر أيضًا معامل الكتلة معامل الحجم الصغير للصلابة
CASE_0245,994085,mixed,1,7275848,0.618,0.618,1,ar,غالبًا ما يتم أخذ إجهاد تعسفي يبلغ 0.05 مم / مم كخط فاصل بين هاتين الفئتين. رسم تخطيطي للإجهاد والانفعال لفولاذ هيكلي متوسط ​​الكربون. الحد التناسبي (قانون هوك) من الأصل O إلى النقطة التي تسمى الحد التناسبي ، يكون منحنى الإجهاد والانفعال خطًا مستقيمًا. لاحظ السير روبرت هوك هذه العلاقة الخطية بين الا
CASE_0245,994085,mixed,2,7275852,0.6047,0.6047,0,ar,معامل المرونة (أو معامل يونغ). وفقًا لقانون هوك ، ضمن الحد المرن للمادة ، تكون نسبة الضغط إلى الإجهاد الناتج في مادة ثابتة. يسمى هذا الثابت معامل مرونة المادة. حيث يتم إعطاء الإجهاد كقوة لكل وحدة مساحة ويتم إعطاء الإجهاد على أنه الاستطالة لكل وحدة طول.
CASE_0245,994085,mixed,3,2456701,0.6016,0.6016,0,ar,"أي قانون ينص على أن الجهد المستحث يتناسب طرديا مع التدفق المغناطيسي؟ ألف قانون أومه ب. قانون فاراداي ج. قانون أمبير د. GaussàÂââ ""لو E. قانون اديسون â € ق."
CASE_0245,994085,mixed,4,2387468,0.6007,0.6007,0,ar,حد التناسب هو النقطة التي يظل فيها الضغط متناسبًا بشكل مباشر مع الإجهاد بينما الحد المرن هو النقطة التي تظل فيها المادة مرنة أي. ࢠÂ إذا تمت إزالة الضغط ضمن الحد المرن ، فستستعيد المادة شكلها وحجمها الأصليين.
CASE_0245,994085,mixed,5,2387467,0.5985,0.5985,0,ar,"""يظهر الإجهاد () كدالة للإجهاد () 1: الحد المرن (التناسب) 2: مقاومة الخضوع المعادلة (قوة إثبات 0.2٪). تُعرف العلاقة بين الإجهاد والانفعال الذي تعرضه مادة معينة باسم إجهاد تلك المادة المعينة - """"منحنى الإجهاد"""". إنه فريد لكل مادة ويتم العثور عليه عن طريق تسجيل مقدار التشوه (الانفعال) على فترات متميزة"
CASE_0245,994085,mixed,6,7382639,0.5942,0.5942,0,ar,الرسم البياني للإجهاد والانفعال لمادة مطيلة (مثل النحاس) 1 L = حد التناسب ، ينطبق قانون Hooke حتى هذه النقطة. 2 E = الحد المرن ، بعد هذه النقطة تكون المادة ممتدة بشكل دائم ولن تعود إلى طولها الأصلي.
CASE_0245,994085,mixed,7,6090926,0.5879,0.5879,0,ar,قانون هوك. عند دراسة الينابيع والمرونة ، لاحظ عالم الفيزياء في القرن السابع عشر روبرت هوك أن منحنى الإجهاد مقابل الانفعال للعديد من المواد له منطقة خطية. ضمن حدود معينة ، فإن القوة المطلوبة لتمديد جسم مرن مثل الزنبرك المعدني تتناسب طرديًا مع امتداد الزنبرك.
CASE_0245,994085,mixed,8,2869553,0.587,0.587,0,ar,ينص هذا القانون على أنه عند الضغط المستمر ، يزداد حجم كتلة معينة من الغاز المثالي أو ينقص بنفس عامل درجة حرارته (بالكلفن) ؛ بمعنى آخر ، درجة الحرارة والحجم متناسبان بشكل مباشر. هذه العلاقة حسب الحساب هي: $ \ frac {V_1} {T_1} = \ frac {V_2} {T_2} $.
CASE_0245,994085,mixed,9,3279372,0.5843,0.5843,0,ar,ينص القانون على أن قوة الجذب أو التنافر بين قطبين مغناطيسيين تتناسب طرديًا مع ناتج نقاط قوة القطبين وتتناسب عكسًا مع مربع المسافة بينهما.
CASE_0245,994085,mixed,10,7820488,0.5838,0.5838,0,ar,طور روبرت هوك قانون المرونة ، المعروف باسم قانون هوك ، والذي ينص على أن الإجهاد يتناسب طرديًا مع الإجهاد. وهو أيضًا منشئ كلمة خلية في علم الأحياء.
CASE_0245,998093,endpoint,1,4260578,0.5099,0.5099,0,ar,جعلهم نطاطات في الحديقة لأن الأطفال يريدون الذهاب إلى ديزني لاند ومغامرة كاليفورنيا. #disney #disneyland #mickey #tickets #california #adventure # kids #family #mouse #fun #disneyworld #child by gotkush127 أبريل 29، 2013
CASE_0245,998093,endpoint,2,4287933,0.508,0.508,0,ar,تم تصوير Trailer Park Boys بشكل أساسي في نوفا سكوتيا وتم تصوير الموسم 1 إلى 4 في حديقة مقطورات حقيقية في Lower Sackville وتم تصويره من الموسم الخامس إلى السابع في حديقة مقطورات مزيفة صنعها المخرج ويقع بالقرب من بحيرة بيسيت نوفا سكوتيا كندا . تارا تانر. + 14 آخرين وجدوا هذا مفيدًا.
CASE_0245,998093,endpoint,3,2450075,0.496,0.496,0,ar,يجب على الأطفال الذين تقل أعمارهم عن عامين الجلوس في لفات أو في المقاعد. منتزه Disney's Animal Kingdom Theme Park في منتجع Walt Disney World Resort 0. Animal Kingdom Disney Theme Park هي واحدة من أكبر حدائق الحيوانات في العالم ، حيث تضم حيوانات حقيقية وألعاب ركوب وتجارب مثيرة للاختيار من بينها.
CASE_0245,998093,endpoint,4,660524,0.496,0.496,0,ar,حديقة المقطورات هي منطقة يتم فيها وضع المنازل المتنقلة للسكن. في الولايات المتحدة ، يتراوح حجم المقطورات من دمى أحادية المحور إلى 6 محاور ، وارتفاع 13 قدمًا و 6 بوصات (4115 ملم) وشبه مقطورات طويلة 53 قدمًا و 0 بوصة (16154 ملم) شائعة.
CASE_0245,998093,endpoint,5,4475358,0.4948,0.4948,0,ar,اتصل بالرقم 831-623-4881 للحصول على معلومات. الموقع-الاتجاهات تقع الحديقة في الشارع الثاني ، بين شارعي واشنطن وماريبوسا في مدينة سان خوان باوتيستا ، على بعد 3 أميال شرق الطريق السريع 101 ، و 7 أميال غرب هوليستر ، و 15 دقيقة جنوب جيلروي.
CASE_0245,998093,endpoint,6,2858428,0.4944,0.4944,0,ar,ذهبنا مع أولاد أحفادنا بعمر 3 و 5 سنوات وقضينا وقتًا رائعًا. كانت حديقة الحيوان مجرد الحجم المناسب لهم. لقد أحبوا عرض الحيوانات في الساعة 11:00 صباحًا وركوب الدوامة. حتى أنهم تمكنوا من لمس بعض الحيوانات بعد العرض.
CASE_0245,998093,endpoint,7,3385914,0.4943,0.4943,0,ar,حديقة مقطورة. اسم. تعريف حديقة المقطورات لمتعلمي اللغة الإنجليزية. : قطعة أرض كبيرة حيث يمكن إيقاف المقطورات (بمعنى 2 أ) وتوصيلها بالكهرباء والمياه.
CASE_0245,998093,endpoint,8,5041776,0.4942,0.4942,0,ar,"""الأطفال المفقودون """"الأطفال المفقودون"""" توجد منطقة الأطفال المفقودين عند زاوية شارع فرونت وأوك في ساحة تود. يقع في ساحة انتظار سيارات Centennial Bank. الشرطة موجودة في هذا الموقع لمساعدة الوالدين والأطفال. سيتم إحضار جميع الأطفال الذين تم العثور عليهم من قبل موظفي Toad Suck Daze إلى هذا الموقع."""
CASE_0245,998093,endpoint,9,2882872,0.4936,0.4936,0,ar,يقع مستشفى الأطفال المرضى ، المعروف أيضًا باسم SickKids ، في وسط مدينة تورونتو في 555 University Avenue ، بين شارعي Gerrard و Elm ، ويحتوي المستشفى على مدخلين رئيسيين - 555 University Avenue و 170 شارع إليزابيث (مبنى الأتريوم الأحدث خلف مبنى جامعة 555 الأقدم). تتوقف 505 دونداس و 506 كارلتون في شارع
CASE_0245,998093,endpoint,10,3749270,0.4897,0.4897,0,ar,مقالات ذات صلة. Sesame Place (sesameplace.com) في لانغورن بولاية بنسلفانيا ، هي الحديقة الترفيهية الوحيدة في أمريكا حيث يمكن للعائلات أن تتجول مع Honkers و Big Bird و Cookie Monster و Elmo. الحديقة التي تبلغ مساحتها 14 فدانًا تثير الحشود الصغيرة وحشود الأطفال الصغار بمناطق الجذب بما في ذلك قلعة The
CASE_0245,998093,mixed,1,4287933,0.6599,0.6599,0,ar,تم تصوير Trailer Park Boys بشكل أساسي في نوفا سكوتيا وتم تصوير الموسم 1 إلى 4 في حديقة مقطورات حقيقية في Lower Sackville وتم تصويره من الموسم الخامس إلى السابع في حديقة مقطورات مزيفة صنعها المخرج ويقع بالقرب من بحيرة بيسيت نوفا سكوتيا كندا . تارا تانر. + 14 آخرين وجدوا هذا مفيدًا.
CASE_0245,998093,mixed,2,4364332,0.6476,0.6476,0,ar,Trailer Park Boys هي الكوميديا ​​الكندية الأسطورية التي تدور حول مغامرات السكان الذين يعيشون في Sunnyvale Trailer Park. احصل على Rum and Coke ، ولف مفصلًا من ستة أوراق ، وشاهد حلقات الويب الحصرية لـ SwearNet ولقطات من وراء الكواليس! مقطورة بارك بويز بودكاست انضم إلى ريكي وجوليان وبابلز في أكثر بودكا
CASE_0245,998093,mixed,3,7841677,0.6263,0.6263,1,ar,Trailer Park Boys هي الكوميديا ​​الكندية الأسطورية التي تدور حول مغامرات السكان الذين يعيشون في Sunnyvale Trailer Park. احصل على Rum and Coke ، ولف مفصلًا من ستة أوراق ، وشاهد حلقات الويب الحصرية لـ SwearNet ولقطات من وراء الكواليس!
CASE_0245,998093,mixed,4,7841672,0.6061,0.6061,0,ar,مقطورة بارك بويز بودكاست انضم إلى ريكي وجوليان وبابلز في أكثر بودكاست كوميدي شنيع على الأنابيب العالمية! الموسم 11: On Set احصل على وصول حصري إلى حديقة المقطورات الأكثر شهرة في العالم ، واكتشف ما يدور وراء كواليس Trailer Park Boys Season 11! الموسم 10: On Set احصل على وصول حصري إلى Sunnyvale Trailer
CASE_0245,998093,mixed,5,4671270,0.5836,0.5836,0,ar,مقطورة بارك بويز: الفيلم. Trailer Park Boys: The Movie ، المعروف أيضًا باسم Trailer Park Boys: The Big Dirty و Trailer Park Boys ببساطة ، هو فيلم كوميدي كوميدي كوميدي مظلمة لعام 2006 يستند إلى المسلسل التلفزيوني Trailer Park Boys.
CASE_0245,998093,mixed,6,4287939,0.5708,0.5708,0,ar,منظور العالم الحقيقي. منذ البداية ، كان طاقم الفيلم نقطة مركزية في عالم Trailer Park Boys. على الرغم من عدم رؤيتهم أو سماعهم معظم الوقت ، إلا أن وجودهم هو الرابط الذي يربط فكرة العرض معًا ، منذ فيلم مايك كلاتنبرغ المستقل ، مقطورة بارك بويز. عندما تم عرض المسلسل التلفزيوني لأول مرة في Showcase في عام
CASE_0245,998093,mixed,7,4364328,0.5692,0.5692,0,ar,مقطورة بارك بويز حقيقية للغاية ، توضح الاعتقالات الأخيرة. لم يبدأ الموسم الجديد من Trailer Park Boys بعد ، ولكن يبدو أن Ricky و Julian و Bubbles لا يزالون يقدمون الكثير من الإلهام لبعض سكان Maritimes. ألقت شرطة الخيالة الملكية الكندية القبض على رجلين ليلة الأحد بالقرب من هاليفاكس بعد أن أوقفتا سيارة
CASE_0245,998093,mixed,8,7841676,0.568,0.568,0,ar,Trailer Park Boys 7.5 انضم إلى Ricky و Julian و Bubbles لخوض مغامرة مثيرة خارج Sunnyvale Trailer Park! الموسم 9: On Set Go وراء كواليس Trailer Park Boys الموسم التاسع ¢ لا تنتهي بعد أن الكاميرات تتوقف عن الدوران!
CASE_0245,998093,mixed,9,8705721,0.5672,0.5672,0,ar,مقطورة بارك بويز هي سلسلة تدور حول الحب والأصدقاء والعائلة - أو ربما تدور حول كل ما يمكن أن يحدث بشكل خاطئ مع الحب والأصدقاء والعائلة. في مركز ترايلر بارك بويز يوجد ريكي (روب ويلز) وجوليان (جون بول تريمبلاي) ، وهما شابان تشكلت حياتهما من خلال تجاربهما التي نشأت في حديقة ترايلرز.
CASE_0245,998093,mixed,10,4287936,0.5574,0.5574,0,ar,احصل على وصول حصري إلى Sunnyvale Trailer Park مع بدء التصوير في Trailer Park Boys Season 10! اللحاق بالأولاد في مجموعة مقطورة بارك بويز الموسم 10! فقاعات يعطينا جولة في كوخه ويلتقي بمخرج هوليوود مشهور جدا ... اللعنة المقدسة !!
CASE_0245,998641,endpoint,1,2920168,0.5433,0.5433,0,ar,لونغ جون سيلفر. Long John Silver's هو مطعم يقع في South Bend ، إنديانا في 920 East Ireland Road. يقدم هذا المطعم البلطي المشوي ، والروبيان بالثوم ، ولغس لوبستر لانجوستينو والمزيد ، وسلطة الكرنب ، و 3 تندرز دجاج وأكثر ، وأعواد الخبز ، وخضروات متنوعة.
CASE_0245,998641,endpoint,2,7267615,0.5192,0.5192,0,ar,لونج جون سيلفر جولدسبورو - ساعات والمواقع. جميع المتاجر> مواقع وساعات Long John Silver's> مواقع وساعات عمل في Goldsboro NC في Long John Silver's وساعات عمل ورقم هاتف وخريطة واتجاهات القيادة.
CASE_0245,998641,endpoint,3,7267611,0.5029,0.5029,1,ar,يقع Long John Silver في مكان قريب في 214 N Berkeley Blvd ، Goldsboro ، NC: احصل على قائمة المطعم والمواقع والساعات وأرقام الهواتف واتجاهات القيادة والمزيد. المنزل جميع القوائم
CASE_0245,998641,endpoint,4,4168148,0.4921,0.4921,0,ar,التقليد يقول أن اللقب الفضي المدرج على قبر في مقبرة كالتون ، إدنبرة ، اقترح على روبرت لويس ستيفنسون اسم لونغ جون سيلفر في الكتاب الشهير جزيرة الكنز.
CASE_0245,998641,endpoint,5,6748125,0.4826,0.4826,0,ar,يقول التقليد أن اللقب الفضي المدرج على قبر في مقبرة كالتون ، إدنبرة ، اقترح على روبرت لويس ستيفنسون اسم لونج جون سيلفر في كتاب Treasure Island الشهير. تشمل الأمثلة الأولى لتسجيلات اللقب: Radolfus Silberer of Oberschwaben ، ألمانيا ، في عام 1249 ، بينما تم تسجيل كل من توماس أتى سيلور وتوماس ديل سيلفر
CASE_0245,998641,endpoint,6,5367169,0.4825,0.4825,0,ar,ولد JOHN5 YOUNG (ANDREW LAMONT4 ، JOHN3 LAMONT ، SIR ، GILBERT2 ، JOHN أو MCGORRIE1) WFT Est. 1665-1676 في مقاطعة أنتريم ، أيرلندا ، وتوفي عام 1747 في مقاطعة أوغوستا ، فيرجينيا. تزوج من مؤسسة ANNIE HOUSTON WFT. 1692-1695 في مقاطعة أنتريم ، أيرلندا.
CASE_0245,998641,endpoint,7,7267619,0.4755,0.4755,0,ar,احصل على تعليقات وساعات واتجاهات وكوبونات والمزيد لـ Long John Silver's في 214 N Berkeley Blvd ، Goldsboro ، NC. ابحث عن مطاعم الوجبات السريعة الأخرى في Goldsboro على YP.com. ابدأ البحث بكتابة اسم الشركة أدناه.
CASE_0245,998641,endpoint,8,7547402,0.475,0.475,0,ar,يقع Longmont في مقاطعة بولدر. مقارنة بالمدن الأخرى في المقاطعة ، يوجد في Longmont أكبر عدد من الأشخاص الذين يعيشون ويعملون في المدينة. ولد رائد الفضاء فانس براند في لونجمونت وتخرج من مدرسة لونجمونت الثانوية. سمي مطار بلدية لونغمونت فانس براند باسمه. يقع أول متجر يحمل اسم JCPenney في Longmont. بعثة ا
CASE_0245,998641,endpoint,9,1545212,0.4733,0.4733,0,ar,أسعار Long John SilverÃÂ. لونج جون سيلفر (المعروف أيضًا باسم LJS) هو أحد مطاعم المأكولات البحرية السريعة التي يقع مقرها في الولايات المتحدة. يوجد أكثر من 1200 مطعم في لونج جون سيلفر حول العالم.
CASE_0245,998641,endpoint,10,1545214,0.4713,0.4713,0,ar,أسعار Long John SilverÃÂ. لونج جون سيلفر (المعروف أيضًا باسم LJS) هو أحد مطاعم المأكولات البحرية السريعة التي يقع مقرها في الولايات المتحدة.
CASE_0245,998641,mixed,1,7267611,0.6695,0.6695,1,ar,يقع Long John Silver في مكان قريب في 214 N Berkeley Blvd ، Goldsboro ، NC: احصل على قائمة المطعم والمواقع والساعات وأرقام الهواتف واتجاهات القيادة والمزيد. المنزل جميع القوائم
CASE_0245,998641,mixed,2,7267615,0.649,0.649,0,ar,لونج جون سيلفر جولدسبورو - ساعات والمواقع. جميع المتاجر> مواقع وساعات Long John Silver's> مواقع وساعات عمل في Goldsboro NC في Long John Silver's وساعات عمل ورقم هاتف وخريطة واتجاهات القيادة.
CASE_0245,998641,mixed,3,7267619,0.6408,0.6408,0,ar,احصل على تعليقات وساعات واتجاهات وكوبونات والمزيد لـ Long John Silver's في 214 N Berkeley Blvd ، Goldsboro ، NC. ابحث عن مطاعم الوجبات السريعة الأخرى في Goldsboro على YP.com. ابدأ البحث بكتابة اسم الشركة أدناه.
CASE_0245,998641,mixed,4,2920168,0.6294,0.6294,0,ar,لونغ جون سيلفر. Long John Silver's هو مطعم يقع في South Bend ، إنديانا في 920 East Ireland Road. يقدم هذا المطعم البلطي المشوي ، والروبيان بالثوم ، ولغس لوبستر لانجوستينو والمزيد ، وسلطة الكرنب ، و 3 تندرز دجاج وأكثر ، وأعواد الخبز ، وخضروات متنوعة.
CASE_0245,998641,mixed,5,7267618,0.599,0.599,0,ar,Long John Silver's ، 214 North Berkeley Blvd. ، Goldsboro ، North Carolina مواقع وساعات من العمل. أوقات الفتح والإغلاق للمحلات القريبة. العنوان ورقم الهاتف والاتجاهات والمزيد.
CASE_0245,998641,mixed,6,7267613,0.5629,0.5629,0,ar,Long John Silver's في ولاية كارولينا الشمالية - المواقع والساعات.
CASE_0245,998641,mixed,7,1545214,0.561,0.561,0,ar,أسعار Long John SilverÃÂ. لونج جون سيلفر (المعروف أيضًا باسم LJS) هو أحد مطاعم المأكولات البحرية السريعة التي يقع مقرها في الولايات المتحدة.
CASE_0245,998641,mixed,8,1545212,0.5605,0.5605,0,ar,أسعار Long John SilverÃÂ. لونج جون سيلفر (المعروف أيضًا باسم LJS) هو أحد مطاعم المأكولات البحرية السريعة التي يقع مقرها في الولايات المتحدة. يوجد أكثر من 1200 مطعم في لونج جون سيلفر حول العالم.
CASE_0245,998641,mixed,9,7809728,0.5503,0.5503,0,ar,يتضمن خيار 2 طبق جانبي و 2 Hushpuppies. تأسست Long John Silveràفي عام 1969 في ليكسينغتون ، كنتاكي. حاليا ، يقع مقرها الرئيسي في لويزفيل ، كنتاكي. تم استعارة اسم Long John Silveràمن رواية Treasure Island ، حيث الشخصية الرئيسية هي قرصان يُدعى Long John Silver. أسعار Long John Silveràهي صفقة جيدة جدًا
CASE_0245,998641,mixed,10,1545219,0.5396,0.5396,0,ar,أريد أن أرى أسعار الأشياء التي تبيعها Long John Silver.
CASE_0245,1034050,endpoint,1,1984171,0.7129,0.7129,0,ar,جلسة العصف الذهني للاحتيال. بموجب معايير التدقيق المقبولة عمومًا ، يجب أن تعقد فرق ارتباط التدقيق جلسة عصف ذهني للاحتيال في بداية التدقيق. تم تصميم هذه الجلسة ، التي يقودها الشريك المسؤول عن التدقيق ، لتوفير وقت لفريق التدقيق للنظر في كيفية قيام الشركة بالاحتيال ، علاوة على ذلك ، يتم استخدام اجتماع
CASE_0245,1034050,endpoint,2,7211507,0.6641,0.6641,0,ar,شك. يتطلب من المدققين إكمال جلسة العصف الذهني للاحتيال كجزء من مرحلة التخطيط للتدقيق. بصرف النظر عن تحديد الغرض من جلسة العصف الذهني ، يوفر المعيار القليل من الإرشادات بشأن أفضل طريقة لإجراء جلسة عصف ذهني مناسبة. ربما كنتيجة ل
CASE_0245,1034050,endpoint,3,310063,0.6299,0.6299,0,ar,يجب أن يكون الهدف من جلسة العصف الذهني هو توليد أكبر عدد ممكن من الأفكار خلال فترة زمنية محددة. تستمر جلسة العصف الذهني الفعالة في أي مكان من 15 إلى 45 دقيقة ، وعادة ما تكون 30 دقيقة مثالية. أفضل عدد من المشاركين في جلسة العصف الذهني هو ما بين أربعة إلى سبعة أشخاص. أي أقل من أربعة ، فإنك تخاطر بعدم
CASE_0245,1034050,endpoint,4,7211514,0.6138,0.6138,0,ar,الغرض من العصف الذهني لمخاطر الاحتيال على النحو المبين في PCAOB AS 2110 هو مساعدة أعضاء فريق التدقيق على النظر في كيفية وأين قد تكون البيانات المالية للكيان عرضة لتحريف جوهري بسبب الاحتيال وتعزيزها. أهمية العقلية المناسبة للمحترفين
CASE_0245,1034050,endpoint,5,8588558,0.606,0.606,0,ar,تحديد أهداف العميل كانت الأهداف التالية لتنفيذ إدارة المشاريع داخل مؤسستنا هي جلسة العصف الذهني في 3 يونيو لتحديد نطاق المشروع - أهداف العصف الذهني. باستخدام العصف الذهني التوربيني ، استغرقت الجلسة 45 دقيقة مع 15 مشاركًا.
CASE_0245,1034050,endpoint,6,7211510,0.6051,0.6051,0,ar,يتطلب جلسات عصف ذهني لمناقشة كيف وأين قد تكون البيانات المالية للكيان عرضة لتحريف جوهري بسبب الاحتيال. هذا المطلب هو مفهوم جديد في معايير التدقيق وله هدفان أساسيان.
CASE_0245,1034050,endpoint,7,60091,0.6008,0.6008,0,ar,أبسط سبب لعقد اجتماع العصف الذهني هو زيادة حجم الأفكار الممكنة. من خلال توزيع مشكلة على 5 أو 10 أشخاص ، من الناحية النظرية ، يجب أن تكون قادرًا على الحصول على مجموعة أكبر من الأفكار المختلفة بشكل أسرع بكثير مما يمكن لأي شخص بمفرده.
CASE_0245,1034050,endpoint,8,8588560,0.5979,0.5979,0,ar,تحديد أهداف العميل. كانت الأهداف التالية لتنفيذ إدارة المشاريع داخل مؤسستنا هي جلسة العصف الذهني في 3 يونيو لتحديد نطاق المشروع - أهداف العصف الذهني. باستخدام العصف الذهني التوربيني ، استغرقت الجلسة 45 دقيقة مع 15 مشاركًا. قامت ليزا بتوثيق النتائج. أنشأ براين صفحة الويب.
CASE_0245,1034050,endpoint,9,60093,0.5964,0.5964,0,ar,من المهم فقط معرفة ما هي هذه القيمة قبل أن تحصل على مجموعة من الأشخاص في غرفة وتخاطر بإضاعة وقتهم. العصف الذهني (يُعرّف تقريبًا على أنه أي نشاط جماعي يتضمن السعي وراء أفكار جديدة) أمر شائع لسببين ، أحدهما جيد والآخر سيئ.
CASE_0245,1034050,endpoint,10,3519549,0.5949,0.5949,0,ar,عملية احتيال يتم من خلالها خداع مستخدم البريد الإلكتروني للكشف عن معلومات شخصية أو سرية يمكن للمخادع استخدامها بشكل غير قانوني. ما هو هدفه؟ س كيف يتم إنجاز التصيد؟
CASE_0245,1034050,mixed,1,1984171,0.6866,0.6866,0,ar,جلسة العصف الذهني للاحتيال. بموجب معايير التدقيق المقبولة عمومًا ، يجب أن تعقد فرق ارتباط التدقيق جلسة عصف ذهني للاحتيال في بداية التدقيق. تم تصميم هذه الجلسة ، التي يقودها الشريك المسؤول عن التدقيق ، لتوفير وقت لفريق التدقيق للنظر في كيفية قيام الشركة بالاحتيال ، علاوة على ذلك ، يتم استخدام اجتماع
CASE_0245,1034050,mixed,2,7211507,0.6319,0.6319,0,ar,شك. يتطلب من المدققين إكمال جلسة العصف الذهني للاحتيال كجزء من مرحلة التخطيط للتدقيق. بصرف النظر عن تحديد الغرض من جلسة العصف الذهني ، يوفر المعيار القليل من الإرشادات بشأن أفضل طريقة لإجراء جلسة عصف ذهني مناسبة. ربما كنتيجة ل
CASE_0245,1034050,mixed,3,7211514,0.6013,0.6013,0,ar,الغرض من العصف الذهني لمخاطر الاحتيال على النحو المبين في PCAOB AS 2110 هو مساعدة أعضاء فريق التدقيق على النظر في كيفية وأين قد تكون البيانات المالية للكيان عرضة لتحريف جوهري بسبب الاحتيال وتعزيزها. أهمية العقلية المناسبة للمحترفين
CASE_0245,1034050,mixed,4,7211513,0.5969,0.5969,1,ar,الغرض من العصف الذهني لمخاطر الاحتيال كما هو موضح في PCAOB AS 2110 هو مساعدة فريق التدقيق. يأخذ الأعضاء في الاعتبار كيف وأين يمكن أن تكون البيانات المالية للكيان عرضة للتأثر بالجوهرية. التحريف بسبب الاحتيال ولتعزيز أهمية العقلية المناسبة للمهنيين. شك.
CASE_0245,1034050,mixed,5,7211510,0.5957,0.5957,0,ar,يتطلب جلسات عصف ذهني لمناقشة كيف وأين قد تكون البيانات المالية للكيان عرضة لتحريف جوهري بسبب الاحتيال. هذا المطلب هو مفهوم جديد في معايير التدقيق وله هدفان أساسيان.
CASE_0245,1034050,mixed,6,60091,0.5878,0.5878,0,ar,أبسط سبب لعقد اجتماع العصف الذهني هو زيادة حجم الأفكار الممكنة. من خلال توزيع مشكلة على 5 أو 10 أشخاص ، من الناحية النظرية ، يجب أن تكون قادرًا على الحصول على مجموعة أكبر من الأفكار المختلفة بشكل أسرع بكثير مما يمكن لأي شخص بمفرده.
CASE_0245,1034050,mixed,7,310063,0.5878,0.5878,0,ar,يجب أن يكون الهدف من جلسة العصف الذهني هو توليد أكبر عدد ممكن من الأفكار خلال فترة زمنية محددة. تستمر جلسة العصف الذهني الفعالة في أي مكان من 15 إلى 45 دقيقة ، وعادة ما تكون 30 دقيقة مثالية. أفضل عدد من المشاركين في جلسة العصف الذهني هو ما بين أربعة إلى سبعة أشخاص. أي أقل من أربعة ، فإنك تخاطر بعدم
CASE_0245,1034050,mixed,8,3519549,0.5859,0.5859,0,ar,عملية احتيال يتم من خلالها خداع مستخدم البريد الإلكتروني للكشف عن معلومات شخصية أو سرية يمكن للمخادع استخدامها بشكل غير قانوني. ما هو هدفه؟ س كيف يتم إنجاز التصيد؟
CASE_0245,1034050,mixed,9,8588558,0.5847,0.5847,0,ar,تحديد أهداف العميل كانت الأهداف التالية لتنفيذ إدارة المشاريع داخل مؤسستنا هي جلسة العصف الذهني في 3 يونيو لتحديد نطاق المشروع - أهداف العصف الذهني. باستخدام العصف الذهني التوربيني ، استغرقت الجلسة 45 دقيقة مع 15 مشاركًا.
CASE_0245,1034050,mixed,10,7211509,0.5825,0.5825,0,ar,"""جلسة عصف ذهني بين أعضاء فريق التدقيق بهدف تحديد """"كيف وأين يعتقدون أن البيانات المالية للمنشأة قد تكون عرضة لتحريف جوهري بسبب الاحتيال ،"""
CASE_0245,169305,endpoint,1,361238,0.6859,0.6859,0,ar,تحتوي أجهزة الكشف عن الحركة ، مثل كاشفات الحركة PIR ، على مستشعر يكتشف اضطرابًا في طيف الأشعة تحت الحمراء. بمجرد اكتشافها ، يمكن للإشارة تنشيط إنذار أو كاميرا يمكنها التقاط صورة أو مقطع فيديو للمحرك.
CASE_0245,169305,endpoint,2,3448518,0.6796,0.6796,0,ar,ما هي كاميرا الحركة؟ كاميرا الحركة هي كاميرا فيديو مدمجة مصممة لالتقاط المنظور من وجهة نظر المستخدم. فهي بشكل عام سهلة الاستخدام ومتينة ويمكنها تصوير مقاطع الفيديو والصور الثابتة.
CASE_0245,169305,endpoint,3,110005,0.6641,0.6641,0,ar,مستشعر كشف الحركة هو جهاز بسيط إلى حد ما يقوم بمسح طيف الأشعة تحت الحمراء للضوء ويلتقط موجات الحرارة من الأجسام المتحركة. 1 بمجرد اكتشاف شيء ما يتحرك في المنطقة ، تتيح لك معظم مصابيح مستشعر الحركة ضبط مدة بقائها (دقيقة واحدة ، 5 دقائق ، إلخ). يحتوي كاشف مستشعر الحركة الخارجي الجيد على مجال رؤية لا ي
CASE_0245,169305,endpoint,4,4685212,0.6634,0.6634,0,ar,رد: هل يمكن الكشف عن الحركة من خلال النافذة؟ يقوم مستشعر الحركة المستخدم في كاميراتنا في الواقع باكتشاف التغيرات الطفيفة في الحرارة. يتم عزل معظم الزجاج المستخدم في المنازل اليوم بطريقة أو أكثر ، ويهدف إلى تقليل حركة الحرارة عبر الزجاج.
CASE_0245,169305,endpoint,5,4479573,0.6625,0.6625,0,ar,كاميرا كشف الحركة للرؤية الليلية. HD 1080P مفتاح السيارة سلسلة ميني جاسوس كاميرا خفية DVR الحركة Dectect الأشعة تحت الحمراء للرؤية الليلية. تحت ستار مظهر مفتاح السيارة ، إنها في الواقع كاميرا خفية مناسبة للغاية للتجسس.
CASE_0245,169305,endpoint,6,8002231,0.662,0.662,0,ar,كثير منا على دراية بأجهزة استشعار الحركة ، حيث أصبحت جزءًا شائعًا في معظم أنظمة أمان المنزل. تشبه هذه المستشعرات إلى حد كبير أجهزة كشف الحركة التي تفتح أبواب محل البقالة أو تتسبب في تنشيط الأحواض والمراحيض في المطار دون لمس. نرى أجهزة استشعار الحركة في كل مكان. ولكن كيف تعمل؟ هناك نوعان أساسيان من أ
CASE_0245,169305,endpoint,7,7994288,0.6606,0.6606,0,ar,ما هو كاشف الحركة؟ أجهزة استشعار وكاشفات الحركة موجودة منذ السبعينيات وهي مصممة لتوفير أمان فعال لأصحاب المنازل. على الرغم من أن التطورات التكنولوجية قد حسنت أداء أجهزة الكشف عن الحركة ، إلا أن الغرض الأساسي والنظام الأساسي لهذا الجهاز لا يزالان كما هو.
CASE_0245,169305,endpoint,8,153553,0.6581,0.6581,0,ar,توجد عدة أنواع من أجهزة الكشف عن الحركة ، بما في ذلك أجهزة استشعار المدخل وأجهزة استشعار الممرات. تعمل معظم مستشعرات الحركة بالبطارية ، لكن بعضها يعمل بالكهرباء. غالبًا ما تحصل مستشعرات الحركة التي تعمل بالكهرباء على عصيرها من بنية موجودة ، مثل تركيبات الإضاءة.
CASE_0245,169305,endpoint,9,8839909,0.6566,0.6566,0,ar,13 مايو 2016 الساعة 12:20 مساءً. لقد وجدت أيضًا في العديد من الكاميرات أن اكتشاف الحركة يمكن أن يسبب مشاكل. تستخدم الكاميرا كل وقت تشغيل وحدة المعالجة المركزية المحدود الخاص بها ، ولا يمكنها المواكبة ثم تبدأ في فقدان الأشياء. لقد وجدت أن تسجيل الكاميرا باستمرار بدلاً من الحركة يقلل من هذه المشكلات.
CASE_0245,169305,endpoint,10,308522,0.6546,0.6546,0,ar,قد يكون كاشف الحركة من بين أجهزة الاستشعار الخاصة بجهاز الإنذار ضد السرقة الذي يتم استخدامه لتنبيه مالك المنزل أو خدمة الأمن عندما يكتشف حركة دخيل محتمل. قد يقوم هذا الكاشف أيضًا بتشغيل كاميرا أمنية لتسجيل الاقتحام المحتمل.
CASE_0245,169305,mixed,1,3448518,0.6892,0.6892,0,ar,ما هي كاميرا الحركة؟ كاميرا الحركة هي كاميرا فيديو مدمجة مصممة لالتقاط المنظور من وجهة نظر المستخدم. فهي بشكل عام سهلة الاستخدام ومتينة ويمكنها تصوير مقاطع الفيديو والصور الثابتة.
CASE_0245,169305,mixed,2,361238,0.6621,0.6621,0,ar,تحتوي أجهزة الكشف عن الحركة ، مثل كاشفات الحركة PIR ، على مستشعر يكتشف اضطرابًا في طيف الأشعة تحت الحمراء. بمجرد اكتشافها ، يمكن للإشارة تنشيط إنذار أو كاميرا يمكنها التقاط صورة أو مقطع فيديو للمحرك.
CASE_0245,169305,mixed,3,7721692,0.661,0.661,0,ar,استنادًا إلى عصا تحكم الحركة المحمولة باليد ، يستخدم PlayStation Move مستشعرات تعمل بالقصور الذاتي في العصا لاكتشاف حركتها ، ويتم تتبع موضع العصا باستخدام كاميرا ويب PlayStation (PlayStation Eye لجهاز PlayStation 3 ، وكاميرا PlayStation لجهاز PlayStation 4). تتميز وحدة التحكم في الحركة بدوار في الرأ
CASE_0245,169305,mixed,4,7994286,0.6608,0.6608,1,ar,يوجد داخل هذا الجسم كاميرا الرؤية الليلية بدقة 1080 بكسل من Canary ، جنبًا إلى جنب مع مستشعر الحركة الذي يخبرها بوقت بدء التسجيل ؛ أجهزة استشعار درجة الحرارة والرطوبة وجودة الهواء ؛ صفارة إنذار 90 ديسيبل ؛ وراديو Wi-Fi لإرسال كل شيء إلى جهاز Android أو iOS الخاص بك عن طريق السحابة.
CASE_0245,169305,mixed,5,4479573,0.6598,0.6598,0,ar,كاميرا كشف الحركة للرؤية الليلية. HD 1080P مفتاح السيارة سلسلة ميني جاسوس كاميرا خفية DVR الحركة Dectect الأشعة تحت الحمراء للرؤية الليلية. تحت ستار مظهر مفتاح السيارة ، إنها في الواقع كاميرا خفية مناسبة للغاية للتجسس.
CASE_0245,169305,mixed,6,4685212,0.6591,0.6591,0,ar,رد: هل يمكن الكشف عن الحركة من خلال النافذة؟ يقوم مستشعر الحركة المستخدم في كاميراتنا في الواقع باكتشاف التغيرات الطفيفة في الحرارة. يتم عزل معظم الزجاج المستخدم في المنازل اليوم بطريقة أو أكثر ، ويهدف إلى تقليل حركة الحرارة عبر الزجاج.
CASE_0245,169305,mixed,7,8839909,0.6579,0.6579,0,ar,13 مايو 2016 الساعة 12:20 مساءً. لقد وجدت أيضًا في العديد من الكاميرات أن اكتشاف الحركة يمكن أن يسبب مشاكل. تستخدم الكاميرا كل وقت تشغيل وحدة المعالجة المركزية المحدود الخاص بها ، ولا يمكنها المواكبة ثم تبدأ في فقدان الأشياء. لقد وجدت أن تسجيل الكاميرا باستمرار بدلاً من الحركة يقلل من هذه المشكلات.
CASE_0245,169305,mixed,8,7401611,0.6564,0.6564,0,ar,لا يوجد صوت في مقطع الفيديو لأن كاميرا Arlo لا تحتوي على ميكروفون. اكتشف مستشعر الحركة الحركة وبدأ في تسجيل الحركة على مسافة 12 قدمًا. ليس سيئًا بالنظر إلى أنه بمجرد تشغيل اكتشاف الحركة ، هناك تأخير بسيط حتى تستيقظ الكاميرا وبدء التسجيل.
CASE_0245,169305,mixed,9,110005,0.6533,0.6533,0,ar,مستشعر كشف الحركة هو جهاز بسيط إلى حد ما يقوم بمسح طيف الأشعة تحت الحمراء للضوء ويلتقط موجات الحرارة من الأجسام المتحركة. 1 بمجرد اكتشاف شيء ما يتحرك في المنطقة ، تتيح لك معظم مصابيح مستشعر الحركة ضبط مدة بقائها (دقيقة واحدة ، 5 دقائق ، إلخ). يحتوي كاشف مستشعر الحركة الخارجي الجيد على مجال رؤية لا ي
CASE_0245,169305,mixed,10,2301522,0.6515,0.6515,0,ar,يضمن لك نظام كاميرا الأمان بدقة 720 بكسل الحصول على رؤية واضحة لمنزلك أو عملك ، بأقل قدر من التشويه أو الضبابية. كشف الحركة. يشتمل نظام Blink ™ الغني بالميزات على كاميرا تعمل بالحركة ؛ عند التسلح ، تؤدي أي حركة يتم اكتشافها إلى تسجيل مقطع فيديو قصير. تنبيهات فورية.
CASE_0245,66161,endpoint,1,7299466,0.6315,0.6315,0,ar,يوجد قدر ضغط كويزنارت 1000 واط في الفولاذ المصقول المقاوم للصدأ ، ويبلغ قياسه 12-1 / 5 في 12-1 / 5 في 13-1 / 5 بوصات. يزن 14.2 رطلاً عندما يكون فارغًا. على الرغم من أنه في نطاق طاقة 1000 واط ، لا يزال طباخ Cuisinart الكهربائي يحافظ على الطاقة بسبب فترات الطهي القصيرة. تتميز بسعة ستة كوارتات وستانلس
CASE_0245,66161,endpoint,2,7540806,0.6128,0.6128,0,ar,لم أستخدم قدر الضغط حتى الآن. لقد ألقيت نظرة على الرابط الخاص بك إلى قدور الضغط في أمازون. يقول الوصف أن قدر الضغط الكهربائي Cuisinart به إعدادات للون البني ، والطهي على نار هادئة ، والقلي. ومع ذلك ، فإن قدر الضغط الذي يثير اهتمامي هو طباخ فاجور 670040230 3 في 1 في أمازون.
CASE_0245,66161,endpoint,3,4149005,0.6113,0.6113,0,ar,إذا كنت تبحث عن أفضل قدر ضغط كهربائي أقل من 100 دولار ، فهذا هو أفضل قدر لك. بسعر حوالي 100 دولار ، فإن قدر الضغط الكهربائي Cuisinart هو نموذج عالي الجودة يمنحك الأداء الدقيق الذي تدفعه مقابل الكفاءة والفعالية. لا يمكن أن يكون طهي اللحوم والمقبلات والخضروات وحتى الحلويات أسهل من استخدام قدر الضغط ال
CASE_0245,66161,endpoint,4,7540807,0.5997,0.5997,0,ar,ادعاء غير آمن حسب الموقع: يتمتع قدر الضغط الكهربائي Elite هذا بميزة فريدة: يمكن استخدامه كمعلّب ضغط / تعليمات متضمنة. يمكن لمعلبات الضغط هذه استيعاب ما يصل إلى 3 × 24 أونصة. الجرار أو 4 × 16 أونصة. الجرار في وقت واحد .. يبدو أن هذا الأمر أضافه الموقع نفسه ، وليس الشركة المصنعة.
CASE_0245,66161,endpoint,5,8123403,0.5895,0.5895,0,ar,نظرة عامة على قدر الضغط كوسوري الكهربائي. تقدم كوسوري سعتين مختلفتين لأواني الضغط. حجم 6 كوارت وحجم صغير 2 كوارت. يوفر كلا الحجمين نفس الوظائف السبع: قدر الضغط ، والطهي البطيء ، وطهي الأرز ، وطهي Sautà© ، وصانع الزبادي ، والبخار ، والتدفئة.
CASE_0245,66161,endpoint,6,7540811,0.5732,0.5732,0,ar,ادعاء غير آمن حسب الموقع: يتمتع قدر الضغط الكهربائي Elite هذا بميزة فريدة: يمكن استخدامه كمعلّب ضغط / تعليمات متضمنة. يبدو أن هذا قد تمت إضافته عند المطالبة من قبل الموقع نفسه ، وليس الشركة المصنعة. إذا كانت تحتوي على 4 مكاييل فقط ، فلا يمكن استخدامها كمعلب.
CASE_0245,66161,endpoint,7,2419822,0.5603,0.5603,0,ar,إلى حد بعيد أفضل قدر ضغط متاح. مجموعة الميزات والمتانة وجودة البناء لا تقبل المنافسة. هذا قدر ضغط رائع ، لكنه يكلف أكثر من ضعف كوزينارت. تعد سعة الطهي التي تبلغ 6 لترات والبناء المتين المصنوع من الفولاذ المقاوم للصدأ قيمة كبيرة للسعر.
CASE_0245,66161,endpoint,8,8123402,0.5594,0.5594,0,ar,تتم مقارنة قدرتي الضغط هذه المرة هما قدر الضغط الكهربائي من آيكوك وآلة الطهي بالضغط الكهربائي كوسوري. أولاً ، سأقدم لك نظرة عامة على كلا قدر الضغط ، ثم سأقارن بينهما حتى تتمكن من تحديد أيهما سيكون الأحدث بالإضافة إلى مطبخك. نظرة عامة على قدر الضغط Cosori Electric Pressure Cooker مقابل Aicok Electric
CASE_0245,66161,endpoint,9,1712658,0.5563,0.5563,0,ar,كما يتم استخدام المحلل الكهربائي للقطب الكهربي السائل (على سبيل المثال ، يستخدم الزئبق ككاثود في طريقة واحدة لإنتاج الكلور وهيدروكسيد الصوديوم). تعمل بعض المحلل الكهربائي تحت ضغط ، على سبيل المثال ، يتم فصل الماء عند ضغوط تصل إلى 4 ميغا نيوتن / م 2 (40 كيلوغرام قوة / سم 2). على سبيل المثال ، يتم فصل
CASE_0245,66161,endpoint,10,405385,0.5554,0.5554,0,ar,اشرح أن الطلاب سوف ينشئون رسمًا بيانيًا واحدًا لتمثيل بيانات الضغط والدرجة المئوية ، وواحد لملاحظات الضغط والفهرنهايت. 11. اطلب من الطلاب رسم بياني لبياناتهم عن طريق وضع علامة على المحور السيني على الرسم البياني الخاص بهم مع عدد اهتزازات زجاجة الصودا ، والتي تمثل الضغط.
CASE_0245,66161,mixed,1,7299466,0.6654,0.6654,0,ar,يوجد قدر ضغط كويزنارت 1000 واط في الفولاذ المصقول المقاوم للصدأ ، ويبلغ قياسه 12-1 / 5 في 12-1 / 5 في 13-1 / 5 بوصات. يزن 14.2 رطلاً عندما يكون فارغًا. على الرغم من أنه في نطاق طاقة 1000 واط ، لا يزال طباخ Cuisinart الكهربائي يحافظ على الطاقة بسبب فترات الطهي القصيرة. تتميز بسعة ستة كوارتات وستانلس
CASE_0245,66161,mixed,2,4149005,0.6162,0.6162,0,ar,إذا كنت تبحث عن أفضل قدر ضغط كهربائي أقل من 100 دولار ، فهذا هو أفضل قدر لك. بسعر حوالي 100 دولار ، فإن قدر الضغط الكهربائي Cuisinart هو نموذج عالي الجودة يمنحك الأداء الدقيق الذي تدفعه مقابل الكفاءة والفعالية. لا يمكن أن يكون طهي اللحوم والمقبلات والخضروات وحتى الحلويات أسهل من استخدام قدر الضغط ال
CASE_0245,66161,mixed,3,7540806,0.6149,0.6149,0,ar,لم أستخدم قدر الضغط حتى الآن. لقد ألقيت نظرة على الرابط الخاص بك إلى قدور الضغط في أمازون. يقول الوصف أن قدر الضغط الكهربائي Cuisinart به إعدادات للون البني ، والطهي على نار هادئة ، والقلي. ومع ذلك ، فإن قدر الضغط الذي يثير اهتمامي هو طباخ فاجور 670040230 3 في 1 في أمازون.
CASE_0245,66161,mixed,4,7540805,0.6016,0.6016,1,ar,نظرة عامة على منتج Cuisinart CPC-600AMZ. يعتبر كوزينارت CPC-600AMZ 6-Quart Electric Pressure Cooker أداة مساعدة للمطبخ ضرورية لأي شخص يرغب في تناول الطعام الصحي دون كل متاعب الانتظار لساعات حتى ينتهي الطهي البطيء. عادةً ما يكون سعره حوالي 100 دولار (انظر أقل سعر) ، يقدم هذا المعلب قيمة جيدة جدًا مقا
CASE_0245,66161,mixed,5,8123403,0.5817,0.5817,0,ar,نظرة عامة على قدر الضغط كوسوري الكهربائي. تقدم كوسوري سعتين مختلفتين لأواني الضغط. حجم 6 كوارت وحجم صغير 2 كوارت. يوفر كلا الحجمين نفس الوظائف السبع: قدر الضغط ، والطهي البطيء ، وطهي الأرز ، وطهي Sautà© ، وصانع الزبادي ، والبخار ، والتدفئة.
CASE_0245,66161,mixed,6,8123400,0.5794,0.5794,0,ar,بالنسبة للأشخاص الذين يبحثون عن قدر ضغط كهربائي صغير ، فإن قدر الضغط الكهربائي الصغير COSORI 7 في 1 سعة 2 لتر هو الخيار الأمثل. إنه سهل الاستخدام وسهل التخزين ويمكنك طهي وجبات سريعة في وعاء واحد مباشرة من الصندوق. توجه إلى Amazon.co.uk للتحقق من أسعار قدر الضغط الكهربائي الصغير COSORI 7-in-1 2 لتر ا
CASE_0245,66161,mixed,7,7540807,0.574,0.574,0,ar,ادعاء غير آمن حسب الموقع: يتمتع قدر الضغط الكهربائي Elite هذا بميزة فريدة: يمكن استخدامه كمعلّب ضغط / تعليمات متضمنة. يمكن لمعلبات الضغط هذه استيعاب ما يصل إلى 3 × 24 أونصة. الجرار أو 4 × 16 أونصة. الجرار في وقت واحد .. يبدو أن هذا الأمر أضافه الموقع نفسه ، وليس الشركة المصنعة.
CASE_0245,66161,mixed,8,7540811,0.5673,0.5673,0,ar,ادعاء غير آمن حسب الموقع: يتمتع قدر الضغط الكهربائي Elite هذا بميزة فريدة: يمكن استخدامه كمعلّب ضغط / تعليمات متضمنة. يبدو أن هذا قد تمت إضافته عند المطالبة من قبل الموقع نفسه ، وليس الشركة المصنعة. إذا كانت تحتوي على 4 مكاييل فقط ، فلا يمكن استخدامها كمعلب.
CASE_0245,66161,mixed,9,2419822,0.5611,0.5611,0,ar,إلى حد بعيد أفضل قدر ضغط متاح. مجموعة الميزات والمتانة وجودة البناء لا تقبل المنافسة. هذا قدر ضغط رائع ، لكنه يكلف أكثر من ضعف كوزينارت. تعد سعة الطهي التي تبلغ 6 لترات والبناء المتين المصنوع من الفولاذ المقاوم للصدأ قيمة كبيرة للسعر.
CASE_0245,66161,mixed,10,6492335,0.5598,0.5598,0,ar,تنبيه: جهاز تسخين ذوبان الشمع الكهربائي Tarts® يستخدم الكهرباء. يوجد خطر حدوث صدمة كهربائية إذا تم إدخال معدن أو أي جسم غريب آخر في أي جزء من جهاز تسخين تذويب الشمع الكهربائي Tarts® أو تم استخدامه بشكل غير صحيح. استخدم فقط في مأخذ كهربائي يعمل بشكل صحيح بجهد 120 فولت. ® يستخدم جهاز تسخين تذويب الشمع
CASE_0245,765583,endpoint,1,7919988,0.4968,0.4968,0,ar,بروش من قماش ليبرتي أوف لندن بروش ليبرتي أوف لندن من القماش بروش زهرة ديزي بروش أرجواني زهرة ليبرتي أوف لندن. إيما فلورنس باريس. 13.50 دولارًا أمريكيًا. حبات قماش ليبرتي أوف لندن. نزوة. 15.00 دولارًا أمريكيًا. أزرار ليبرتي أوف لندن مغطاة بنسيج 23 مم (مقاس 36) مجموعة من 5 أزرار ملابس.
CASE_0245,765583,endpoint,2,2410443,0.4931,0.4931,0,ar,قبل أن تحصل المستعمرات الثلاثة عشر على الحرية ، كانت صناعة النسيج في بريطانيا العظمى هي المستفيد الأول من محاصيل القطن والتبغ المربحة.
CASE_0245,765583,endpoint,3,7919992,0.4928,0.4928,0,ar,حسب الطلب: قميص مناسب حسب الطلب من قماش Liberty of London.
CASE_0245,765583,endpoint,4,3034324,0.4814,0.4814,0,ar,الوصف: من Liberty Of London المشهورة عالميًا ، يتميز هذا التريكو الرائع من قماش الفسكوز المرن بمقبض فائق النعومة ، وستارة مرنة وأربعة اتجاهات. مع امتداد 50٪ عبر الحبيبات و 25٪ من التمدد العمودي ، فإن حياكة الجيرسيه هذه مثالية ...
CASE_0245,765583,endpoint,5,675910,0.4793,0.4793,0,ar,"""حملة من أجل الحرية. مع إقرار البرلمان البريطاني لإلغاء قانون تجارة الرقيق في عام 1807 ، تحول انتباه النشطاء المناهضين لتجارة الرقيق إلى العبودية نفسها ، لأنه على الرغم من حظر تجارة الرقيق ، لم يتم فعل أي شيء لتحرير القوى العاملة المستعبدة الحالية في الإمبراطورية البريطانية في أغسطس 1833 ، صدر قانون"
CASE_0245,765583,endpoint,6,2384580,0.4768,0.4768,0,ar,بذل رجال الأعمال في رابطة مكافحة قانون الذرة جهودًا مبكرة لكسب التأييد لصالح التجارة الحرة. يمتلك أعضاء العصبة مصانع نسيج ، ويعتقدون أن إلغاء حظر استيراد قانون الذرة سيسمح للمملكة المتحدة في ثلاثينيات القرن التاسع عشر ببيع الملابس القطنية للدول المصدرة للقمح.
CASE_0245,765583,endpoint,7,7123337,0.4731,0.4731,0,ar,شكوى من خطاب افتتاحية لندن تايمز بشأن إعلان التحرر
CASE_0245,765583,endpoint,8,2523917,0.4723,0.4723,0,ar,كانت تصميمات بيزلي المختلفة من بين العديد من المطبوعات والملابس الجميلة التي عُرضت في Liberty of London ، وهو معرض في متحف الأزياء والمنسوجات عرض منسوجات شركة ومتجر التصميم المؤثر.
CASE_0245,765583,endpoint,9,4699114,0.4709,0.4709,0,ar,لندن ، موسيقى البوب. 378000 ، هو مركز تصنيع رئيسي في جنوب غرب أونتاريو ، تأسس عام 1793 ، الملقب بـ Forest City ، يوجد في لندن وفرة من الحدائق الحضرية والغابات. كيلومتر إلى الغرب عند حدود أونتاريو وميتشيغان في سارنيا. الحد الأقصى للسرعة على 401 في معظم الأجزاء هو 100 كم / ساعة ، لكن يتوقع أن يسافر مع
CASE_0245,765583,endpoint,10,5309241,0.4704,0.4704,0,ar,استفد إلى أقصى حد من وقت التوقف اللطيف والرائع من خلال دليلنا لأفضل الأحداث والأنشطة في عطلة نهاية الأسبوع. ليس لديك خطط لعطلة نهاية الأسبوع؟ سوف تكافح من أجل ساعة مجانية بمجرد التحقق من أدلةنا للأشياء التي يمكنك القيام بها في العاصمة أيام الجمعة والسبت والأحد. من مجموعتنا المختارة من أفضل العروض ال
CASE_0245,765583,mixed,1,3034324,0.5872,0.5872,0,ar,الوصف: من Liberty Of London المشهورة عالميًا ، يتميز هذا التريكو الرائع من قماش الفسكوز المرن بمقبض فائق النعومة ، وستارة مرنة وأربعة اتجاهات. مع امتداد 50٪ عبر الحبيبات و 25٪ من التمدد العمودي ، فإن حياكة الجيرسيه هذه مثالية ...
CASE_0245,765583,mixed,2,7919992,0.5802,0.5802,0,ar,حسب الطلب: قميص مناسب حسب الطلب من قماش Liberty of London.
CASE_0245,765583,mixed,3,7919988,0.5778,0.5778,0,ar,بروش من قماش ليبرتي أوف لندن بروش ليبرتي أوف لندن من القماش بروش زهرة ديزي بروش أرجواني زهرة ليبرتي أوف لندن. إيما فلورنس باريس. 13.50 دولارًا أمريكيًا. حبات قماش ليبرتي أوف لندن. نزوة. 15.00 دولارًا أمريكيًا. أزرار ليبرتي أوف لندن مغطاة بنسيج 23 مم (مقاس 36) مجموعة من 5 أزرار ملابس.
CASE_0245,765583,mixed,4,7919991,0.5559,0.5559,1,ar,الوصف: من ليبرتي أوف لندن الشهير عالميًا ، نسيج العشب القطني الرائع هذا منسوج بدقة وخفيف الوزن وناعم للغاية. هذا النسيج الرائع مثالي جدًا للبلوزات والفساتين والملابس الداخلية والسترات والقمصان وغيرها.
CASE_0245,765583,mixed,5,7919993,0.5417,0.5417,0,ar,الوصف: من ليبرتي أوف لندن الشهير عالميًا ، نسيج العشب القطني الرائع هذا منسوج بدقة وخفيف الوزن وناعم للغاية. هذا النسيج الرائع مثالي جدًا للبلوزات والفساتين والملابس الداخلية والسترات والقمصان وغيرها. تشمل الألوان الفيروز والأزرق والأزرق المخضر ...
CASE_0245,765583,mixed,6,5275691,0.5351,0.5351,0,ar,عند التخطيط لما ترتديه في لندن ، احزمي الجوارب الضيقة ، واللباس الداخلي ، والجوارب حتى الركبة لمزيد من الدفء. لا تنسى الصوف الشتوي الأساسي إما القبعة والوشاح والقفازات. ارتدِ طماق أو لباس ضيق تحت الجينز لمزيد من الدفء. هذه الجوارب هي خيار شائع لدى قراء TFG وهي مبطنة بالصوف. إذا كنت قد استمتعت بهذا ا
CASE_0245,765583,mixed,7,7919995,0.5348,0.5348,0,ar,ليبرتي أوف لندن تانا لاون أبل فيروزي / أخضر من ليبرتي أوف لندن الشهير عالميًا ، هذا القماش القطني الرائع منسوج بدقة وخفيف الوزن وناعم للغاية.
CASE_0245,765583,mixed,8,7919990,0.5333,0.5333,0,ar,الوصف: من ليبرتي أوف لندن الشهير عالميًا ، نسيج العشب القطني الرائع هذا منسوج بدقة وخفيف الوزن وناعم للغاية. هذا النسيج الرائع مثالي جدًا للبلوزات والفساتين والملابس الداخلية والسترات والقمصان وغيرها. تشمل الألوان الأزرق المخضر والأرجواني ...
CASE_0245,765583,mixed,9,7919994,0.5327,0.5327,0,ar,مغناطيس الثلاجة ليبرتي أوف لندن من القماش. علبة هدية المغناطيس من 6. اختيار الألوان الخاصة بك. أحب الحرية على ثلاجتك.
CASE_0245,765583,mixed,10,7919996,0.531,0.531,0,ar,تجولت حول وحول قسم النسيج والخردوات: تاريخ موجز لحشيش تانا كما هو منشور على الحائط في قسم قماش ليبرتي. وبعد ذلك ، بالطبع ، ألهمتني الخياطة! إذن ، إليك قائمة العشرة الأوائل لبعض البرامج التعليمية المجانية لخياطة النسيج في Liberty. بالطبع يمكن صنع أي من هذه الأقمشة بأقمشة أخرى ، لكن بالنسبة لي ، جميعه
CASE_0245,865426,endpoint,1,7753780,0.7206,0.7206,0,ar,تلعب البروتينات دورًا مهمًا في دعم الأداء الأمثل للجسم والصحة. توجد البروتينات في دم الأشخاص الأصحاء. ومع ذلك ، لا ينبغي أن يكون لديك الكثير من البروتين في البول. الرحلان الكهربي لبروتين البول (UPEP) هو اختبار يمكن لطبيبك استخدامه لتحديد ما إذا كان هناك بروتين في البول. يمكن أن يساعد طبيبك أيضًا في
CASE_0245,865426,endpoint,2,2061167,0.6207,0.6207,0,ar,نظرة عامة على الاختبار. يقيس اختبار الرحلان الكهربائي لبروتين المصل (SPEP) بروتينات معينة في الدم للمساعدة في تحديد بعض الأمراض. البروتينات هي مواد تتكون من كتل بناء أصغر تسمى الأحماض الأمينية. تحمل البروتينات شحنة كهربائية موجبة أو سالبة ، وتتحرك في سائل عند وضعها في مجال كهربائي.
CASE_0245,865426,endpoint,3,939303,0.6197,0.6197,0,ar,قد تعني الكميات العالية من البروتين في البول أن لديك مشكلة صحية. سيستخدم مقدم الرعاية الصحية نتائج هذا الاختبار ، جنبًا إلى جنب مع نتائج الاختبارات الأخرى ، لتشخيص مشكلتك الصحية أو تتبع تغييراتها.
CASE_0245,865426,endpoint,4,3031099,0.6192,0.6192,0,ar,ما هي النتائج غير الطبيعية لاختبار مصل البروتين الكهربائي الذي قد يعنيه. تؤدي البروتينات المختلفة في الجسم وظائف مختلفة. هذا يعني أن المستويات العالية أو المنخفضة من أنواع البروتين الخمسة التي تم فحصها أثناء الاختبار يمكن أن تشير إلى مشاكل وأمراض مختلفة ، أحدها هو اختبار سرطان يسمى المايلوما المتعدد
CASE_0245,865426,endpoint,5,5705126,0.6186,0.6186,0,ar,يقيس اختبار البروتين في البول كمية الألبومين في البول ، مقارنة بكمية الكرياتينين في البول. وهذا ما يسمى نسبة البول الزلال إلى الكرياتينين (UACR). يمكن أن يكون UACR أكثر من 30 مجم / جم علامة على مرض الكلى. عندما يزداد تلف الكلى سوءًا وتتسرب كميات كبيرة من البروتين عبر البول ، فقد تلاحظ الأعراض التالي
CASE_0245,865426,endpoint,6,3559498,0.6173,0.6173,0,ar,يقيس اختبار البروتين في البول كمية الألبومين في البول ، مقارنة بكمية الكرياتينين في البول. وهذا ما يسمى نسبة البول الزلال إلى الكرياتينين (UACR). يمكن أن يكون UACR أكثر من 30 مجم / جم علامة على مرض الكلى. عندما يزداد تلف الكلى سوءًا وتتسرب كميات كبيرة من البروتين عبر البول ، فقد تلاحظ الأعراض التالي
CASE_0245,865426,endpoint,7,8120615,0.6149,0.6149,0,ar,يقيس اختبار الرحلان الكهربائي لبروتين المصل (SPEP) بروتينات معينة في الدم للمساعدة في تحديد بعض الأمراض. البروتينات هي مواد تتكون من كتل بناء أصغر تسمى الأحماض الأمينية. تحمل البروتينات شحنة كهربائية موجبة أو سالبة ، وتتحرك في سائل عند وضعها في مجال كهربائي.
CASE_0245,865426,endpoint,8,4562330,0.6149,0.6149,0,ar,يقيس اختبار الرحلان الكهربائي لبروتين المصل (SPEP) بروتينات معينة في الدم للمساعدة في تحديد بعض الأمراض. البروتينات هي مواد تتكون من كتل بناء أصغر تسمى الأحماض الأمينية. تحمل البروتينات شحنة كهربائية موجبة أو سالبة ، وتتحرك في سائل عند وضعها في مجال كهربائي.
CASE_0245,865426,endpoint,9,27388,0.6128,0.6128,0,ar,يقيس اختبار البروتين في البول كمية الألبومين في البول ، مقارنة بكمية الكرياتينين في البول. وهذا ما يسمى نسبة البول الزلال إلى الكرياتينين (UACR). يمكن أن يكون UACR أكثر من 30 مجم / جم علامة على مرض الكلى.
CASE_0245,865426,endpoint,10,346595,0.6061,0.6061,0,ar,تفسير البروتين البولي: نسبة الكرياتينين (UPC) في عينات البول. مع بيلة دموية متزامنة يمكن أن تكون مربكة ، لأن الدم قد يزيد البروتين. يقاس المستوى في البول. كانت أهداف هذه التجربة هي: تحديد ما إذا كان تلوث الدم البولي يؤثر على مستوى UPC.
CASE_0245,865426,mixed,1,7753780,0.6874,0.6874,0,ar,تلعب البروتينات دورًا مهمًا في دعم الأداء الأمثل للجسم والصحة. توجد البروتينات في دم الأشخاص الأصحاء. ومع ذلك ، لا ينبغي أن يكون لديك الكثير من البروتين في البول. الرحلان الكهربي لبروتين البول (UPEP) هو اختبار يمكن لطبيبك استخدامه لتحديد ما إذا كان هناك بروتين في البول. يمكن أن يساعد طبيبك أيضًا في
CASE_0245,865426,mixed,2,3031099,0.5947,0.5947,0,ar,ما هي النتائج غير الطبيعية لاختبار مصل البروتين الكهربائي الذي قد يعنيه. تؤدي البروتينات المختلفة في الجسم وظائف مختلفة. هذا يعني أن المستويات العالية أو المنخفضة من أنواع البروتين الخمسة التي تم فحصها أثناء الاختبار يمكن أن تشير إلى مشاكل وأمراض مختلفة ، أحدها هو اختبار سرطان يسمى المايلوما المتعدد
CASE_0245,865426,mixed,3,2061167,0.5853,0.5853,0,ar,نظرة عامة على الاختبار. يقيس اختبار الرحلان الكهربائي لبروتين المصل (SPEP) بروتينات معينة في الدم للمساعدة في تحديد بعض الأمراض. البروتينات هي مواد تتكون من كتل بناء أصغر تسمى الأحماض الأمينية. تحمل البروتينات شحنة كهربائية موجبة أو سالبة ، وتتحرك في سائل عند وضعها في مجال كهربائي.
CASE_0245,865426,mixed,4,7753779,0.5834,0.5834,1,ar,يُعرف أيضًا باسم: التحليل الكهربائي لبروتين البول و UPEP. الرحلان الكهربي لبروتين البول هو اختبار يقدر كمية البروتينات المعينة الموجودة في البول. هناك حاجة إلى عينة بول نظيفة. تُستخدم طريقة التنظيف النظيف لمنع الجراثيم من القضيب أو المهبل من الدخول إلى عينة البول.
CASE_0245,865426,mixed,5,8120615,0.5799,0.5799,0,ar,يقيس اختبار الرحلان الكهربائي لبروتين المصل (SPEP) بروتينات معينة في الدم للمساعدة في تحديد بعض الأمراض. البروتينات هي مواد تتكون من كتل بناء أصغر تسمى الأحماض الأمينية. تحمل البروتينات شحنة كهربائية موجبة أو سالبة ، وتتحرك في سائل عند وضعها في مجال كهربائي.
CASE_0245,865426,mixed,6,4562330,0.5799,0.5799,0,ar,يقيس اختبار الرحلان الكهربائي لبروتين المصل (SPEP) بروتينات معينة في الدم للمساعدة في تحديد بعض الأمراض. البروتينات هي مواد تتكون من كتل بناء أصغر تسمى الأحماض الأمينية. تحمل البروتينات شحنة كهربائية موجبة أو سالبة ، وتتحرك في سائل عند وضعها في مجال كهربائي.
CASE_0245,865426,mixed,7,5705126,0.5787,0.5787,0,ar,يقيس اختبار البروتين في البول كمية الألبومين في البول ، مقارنة بكمية الكرياتينين في البول. وهذا ما يسمى نسبة البول الزلال إلى الكرياتينين (UACR). يمكن أن يكون UACR أكثر من 30 مجم / جم علامة على مرض الكلى. عندما يزداد تلف الكلى سوءًا وتتسرب كميات كبيرة من البروتين عبر البول ، فقد تلاحظ الأعراض التالي
CASE_0245,865426,mixed,8,3559498,0.5781,0.5781,0,ar,يقيس اختبار البروتين في البول كمية الألبومين في البول ، مقارنة بكمية الكرياتينين في البول. وهذا ما يسمى نسبة البول الزلال إلى الكرياتينين (UACR). يمكن أن يكون UACR أكثر من 30 مجم / جم علامة على مرض الكلى. عندما يزداد تلف الكلى سوءًا وتتسرب كميات كبيرة من البروتين عبر البول ، فقد تلاحظ الأعراض التالي
CASE_0245,865426,mixed,9,7000351,0.5778,0.5778,0,ar,هناك علاقة بين شدة البيلة البروتينية والتشخيص. ومع ذلك ، لا داعي للذعر إذا كان مستوى قطتك أعلى من 0.4 لأن نسبة UPC ليست دقيقة دائمًا - على سبيل المثال ، قد يعطي الدم في البول أو العدوى أو الالتهاب نتيجة إيجابية خاطئة.
CASE_0245,865426,mixed,10,5831768,0.5754,0.5754,0,ar,نسبة عالية من P / C في البول: تعني نسبة إنشاء البروتين الخاص بك أنك تسكب البروتين (p) في البول. لديك الآن وظيفة جيدة في الكلى. قم بزيارة الطبيب للحصول على بول لمدة 24 ساعة من أجل تصفية الكرياتينين والبروتين لتحديد كمية p لديك.
CASE_0245,279718,endpoint,1,3808028,0.5915,0.5915,0,ar,"ملحوظة: أضع 3 طبقات من Watco على أسطح العمل الخلفية و 2 فقط في المقدمة. أعتقد بصدق أن الجزيرة يمكن أن تستخدم حوالي 4 أو 5 بسبب استخدامها المستمر. ¢ ""بعد استخدام أسطح كتل الجزار الخاصة بنا على مدى السنوات الأربع الماضية ، لا يمكنني تخيل وجود نوع آخر من مواد كونترتوب."
CASE_0245,279718,endpoint,2,6789879,0.5344,0.5344,0,ar,افهم كيف يعمل سطح السفينة. يتكون سطح التارو من 78 بطاقة: 22 أركانا رئيسية و 56 أركانا صغيرة. يجب أن تحفظ كل بطاقة وأن تكون قادرًا على التعرف عليها بالإضافة إلى إعطاء معنيين إلهيين لكل بطاقة.
CASE_0245,279718,endpoint,3,818056,0.5267,0.5267,0,ar,وينقسم التصويرية سطح السفينة 78 بطاقة إلى قسمين ࢠÃ،â،¬Ã،â € أركانا الرئيسية (22 بطاقات) والقاصر أركانا (56 بطاقات).
CASE_0245,279718,endpoint,4,7463932,0.5226,0.5226,0,ar,سقوط 22 كتلة سيتركك مع نصف قلب. سقوط 23 كتلة سيقتلك.
CASE_0245,279718,endpoint,5,8570002,0.5205,0.5205,0,ar,الطبقة الخارجية النهائية هي الطبقة النهائية ، والتي يوجد منها نوعان موصى بهما: 1 أكريليك فينيش ، تشطيب أساسه أكريليك من 1 إلى 4 مم (0.039 إلى 0.157 بوصة) بسمك. 2 طبقة ملونة ، وهي عبارة عن رمل ملون ، وأسمنت ، ونهاية مختلطة من الجير عادة بسمك 3 مم (0.12 بوصة).
CASE_0245,279718,endpoint,6,4588441,0.5199,0.5199,0,ar,الطبقة الأخيرة. تقسم بعض أنظمة حل طبقات مكعب روبيك حل الطبقة الأخيرة إلى أربع مراحل: توجيه الحواف ، وحواف المكان ، وزوايا الاتجاه ، وزوايا المكان. من الممكن تجميع مرحلتين أو مرحلتين معًا لتسريع العملية.
CASE_0245,279718,endpoint,7,8314094,0.5164,0.5164,0,ar,يبلغ ارتفاع عالم Minecraft 128 كتلة ، من حجر الأساس في الأسفل إلى أعلى موضع يُسمح لك بوضع الكتل فيه. مستوى سطح البحر يقترب من مستوى 64. تم العثور على حجر الأساس في طبقات 0à¢Ã'Ã'4 ، لذلك إذا كنت تقف على أعلى مستوى من الصخر الصخري ، فأنت تقف على الطبقة 4.
CASE_0245,279718,endpoint,8,5649480,0.5112,0.5112,0,ar,يمكن أن يتراوح العرض والارتفاع من 200 كتلة إلى حدود عالم كبير. هناك منزلقان آخران ، يحدد Surface Level مستوى سطح الأوساخ ويضبط مستوى Bedrock المستوى الذي تتوقف فيه الأوساخ ويبدأ الحجر. ستنتقل الطبقة الحجرية بعد ذلك إلى طبقة الجحيم.
CASE_0245,279718,endpoint,9,3034223,0.5084,0.5084,0,ar,"تحتوي نسخة Funakoshiàالتي تسمى شوتوكان كاراتيه على 20 مستوى. هناك 10 مستويات أولية ، تليها 10 مستويات للحزام الأسود. تبدأ المستويات الأولية - أو ¢ €Š""kyuà€à باليابانية - بمستويين من الحزام الأبيض ، يليهما الأصفر والبرتقالي والأخضر والأزرق والأرجواني ، ثم ثلاثة مستويات من الحزام البني."
CASE_0245,279718,endpoint,10,8704016,0.5057,0.5057,0,ar,هذه الطبقات (وأعماقها) هي كما يلي: الوشاح العلوي (بدءًا من Moho ، أو قاعدة القشرة على بعد حوالي 7 إلى 35 كم نزولاً إلى 410 كم) ، [9] منطقة الانتقال (410-660 كم) ، الوشاح السفلي (660-2891 كم) ، وحدود شاذة لوى الوشاح بسمك متغير (متوسط ​​سمكه 200 كم تقريبًا). [4] [10] [11] [12] الجزء العلوي من الوشاح ه
CASE_0245,279718,mixed,1,3808028,0.6417,0.6417,0,ar,"ملحوظة: أضع 3 طبقات من Watco على أسطح العمل الخلفية و 2 فقط في المقدمة. أعتقد بصدق أن الجزيرة يمكن أن تستخدم حوالي 4 أو 5 بسبب استخدامها المستمر. ¢ ""بعد استخدام أسطح كتل الجزار الخاصة بنا على مدى السنوات الأربع الماضية ، لا يمكنني تخيل وجود نوع آخر من مواد كونترتوب."
CASE_0245,279718,mixed,2,8570002,0.5819,0.5819,0,ar,الطبقة الخارجية النهائية هي الطبقة النهائية ، والتي يوجد منها نوعان موصى بهما: 1 أكريليك فينيش ، تشطيب أساسه أكريليك من 1 إلى 4 مم (0.039 إلى 0.157 بوصة) بسمك. 2 طبقة ملونة ، وهي عبارة عن رمل ملون ، وأسمنت ، ونهاية مختلطة من الجير عادة بسمك 3 مم (0.12 بوصة).
CASE_0245,279718,mixed,3,7354717,0.5762,0.5762,0,ar,حاصل على تصنيف 2 من 5 بواسطة DRester من مشاكل Watco Butcher Block Oil لقد حاولت استخدام عدد قليل من العلب الصغيرة من زيت كتلة جزار Watco. بعد الاحتكاك بـ 5 طبقات ، يوفر المنتج لمسة نهائية متينة للغاية. ومع ذلك ، بعد بضعة أسابيع ، يتحول المنتج المتبقي في العلبة إلى هلام.
CASE_0245,279718,mixed,4,2468702,0.5721,0.5721,0,ar,تم تصميم Watcoâ € šÃ'® Butcher Block Oil & Finish خصيصًا للاستخدام. على كتل جزارة خشبية وألواح تقطيع وسلطانيات. سهل. لتطبيقه وصيانته ، فهو غير سام وآمن للتلامس مع الطعام. عندما يجف بالكامل (يفي بالمعايير الحكومية 21 CFR 175.300). يوفر الجزار بلوك النفط والتشطيب لمعانًا غنيًا.
CASE_0245,279718,mixed,5,7354712,0.5648,0.5648,1,ar,تم صنفرة جميع الألواح في النهاية بـ 220 وتم تشطيبها بطبقتين من زيت الجزار WATCO والتشطيب على جميع الأسطح. لقد استخدمت أحد الألواح وغسلتها جيدًا وشطفها وجففها. بعد ذلك ، يبدو الجزء العلوي من اللوحة باهتًا ويكون الجزء العلوي الآن خشنًا عند اللمس.
CASE_0245,279718,mixed,6,7133048,0.5645,0.5645,0,ar,الطبقة الخارجية النهائية هي الطبقة النهائية ، والتي يوجد منها نوعان موصى بهما: 1 Color Coat عبارة عن رمل ملون وأسمنت وتشطيب مختلط من الجير ويبلغ سمكه عادةً 3 مم (0.12 بوصة). 2 أكريليك فينيش هو طلاء أساسه أكريليك بسماكة تتراوح من 1 إلى 4 مم (0.039 إلى 0.157 بوصة).
CASE_0245,279718,mixed,7,4588441,0.562,0.562,0,ar,الطبقة الأخيرة. تقسم بعض أنظمة حل طبقات مكعب روبيك حل الطبقة الأخيرة إلى أربع مراحل: توجيه الحواف ، وحواف المكان ، وزوايا الاتجاه ، وزوايا المكان. من الممكن تجميع مرحلتين أو مرحلتين معًا لتسريع العملية.
CASE_0245,279718,mixed,8,5649480,0.556,0.556,0,ar,يمكن أن يتراوح العرض والارتفاع من 200 كتلة إلى حدود عالم كبير. هناك منزلقان آخران ، يحدد Surface Level مستوى سطح الأوساخ ويضبط مستوى Bedrock المستوى الذي تتوقف فيه الأوساخ ويبدأ الحجر. ستنتقل الطبقة الحجرية بعد ذلك إلى طبقة الجحيم.
CASE_0245,279718,mixed,9,5659839,0.5466,0.5466,0,ar,كمية التجميع في الستارة النهائية. 1.5 مرة الامتلاء جيد للأقمشة السميكة ، والامتلاء مرتين متوسط ​​للستائر ، والشفاف عمومًا يكون امتلاء 3 مرات. قريب
CASE_0245,279718,mixed,10,818056,0.5381,0.5381,0,ar,وينقسم التصويرية سطح السفينة 78 بطاقة إلى قسمين ࢠÃ،â،¬Ã،â € أركانا الرئيسية (22 بطاقات) والقاصر أركانا (56 بطاقات).
CASE_0245,468762,endpoint,1,1337162,0.6818,0.6818,0,ar,سفن ومتحف حفلة شاي بوسطن. يقع متحف Boston Tea Party على جسر شارع الكونجرس في بوسطن. يتميز بإعادة تمثيل الفيلم الوثائقي وعدد من المعروضات التفاعلية. يضم المتحف سفينتين طبق الأصل من تلك الفترة ، إليانور وبيفر.
CASE_0245,468762,endpoint,2,6978865,0.6777,0.6777,0,ar,أقيم حفل شاي بوسطن في 16 ديسمبر 1773. أقيم حفل شاي بوسطن في 3 سفن بريطانية في ميناء بوسطن. أقيم حفل شاي بوسطن لأن المستعمرين لم يرغبوا في دفع ضرائب على الشاي البريطاني. كانوا خائفين من أن يستولي البريطانيون على أمريكا ، وأرادوا أن يحكموا بلدهم. ظنوا أن الشاي سيخرج كل المستعمرين من العمل. كان تأثير ح
CASE_0245,468762,endpoint,3,1413460,0.6724,0.6724,0,ar,في ليلة حفل شاي بوسطن ، رست ثلاث سفن أبحرت من لندن محملة بشحن شاي شركة الهند الشرقية البريطانية في ميناء بوسطن. كانت السفن الثلاث هي بيفر ودارتماوث وإلينور.
CASE_0245,468762,endpoint,4,7247113,0.6698,0.6698,0,ar,حدث حفل شاي بوسطن في 3 سفن بريطانية في ميناء بوسطن. * لماذا أقيم حفل شاي بوسطن؟ أقيم حفل شاي بوسطن لأن المستعمرين لم يرغبوا في دفع ضرائب على الشاي البريطاني.
CASE_0245,468762,endpoint,5,7411533,0.6683,0.6683,0,ar,أقيم حفل شاي بوسطن في 16 ديسمبر 1773 كجزء من الاحتجاج على الضرائب البريطانية. خلال الليل ، كان أبناء الحرية متنكرين في هيئة هنود الموهوك وذهبوا على متن ثلاث سفن (دارتموث وإليانور وبيفر). ألقى هؤلاء المستعمرون / الوطنيون الشاي في ميناء بوسطن.
CASE_0245,468762,endpoint,6,7411537,0.664,0.664,0,ar,كانت هناك ثلاث سفن تمت مداهمتها خلال حفل شاي بوسطن: دارتموث وإليانور والقندس. ونادرا ما يذكر أن السفن كانت كلها سفن أمريكية. ؟؟؟؟؟؟؟؟؟؟؟؟؟؟؟؟؟؟؟؟؟؟؟؟؟؟؟؟؟؟؟؟؟؟؟؟؟؟؟؟؟؟؟؟؟؟؟؟؟؟؟؟؟؟؟؟؟؟؟؟؟؟؟؟؟؟؟؟؟؟؟؟؟؟؟؟؟؟؟؟؟؟؟؟؟؟؟؟؟؟؟؟؟؟؟؟؟؟؟؟
CASE_0245,468762,endpoint,7,6978866,0.6634,0.6634,0,ar,حدث حفل شاي بوسطن في 3 سفن بريطانية في ميناء بوسطن. * لماذا أقيم حفل شاي بوسطن؟ *. أقيم حفل شاي بوسطن لأن المستعمرين لم يرغبوا في دفع ضرائب على الشاي البريطاني.
CASE_0245,468762,endpoint,8,2990928,0.6599,0.6599,0,ar,* متى كانت حفلة شاي بوسطن؟ * أقيم حفل شاي بوسطن في 16 ديسمبر 1773. * أين أقيم حفل شاي بوسطن؟ * أقيم حفل شاي بوسطن في 3 سفن بريطانية في ميناء بوسطن.
CASE_0245,468762,endpoint,9,3791342,0.6573,0.6573,0,ar,كانت هناك ثلاث سفن تمت مداهمتها خلال حفل شاي بوسطن: دارتموث وإليانور والقندس. ونادرا ما يذكر أن السفن كانت كلها سفن أمريكية. ¢ ينتمي الشاي فقط إلى شركة شاي الهند الشرقية.
CASE_0245,468762,endpoint,10,6592340,0.6557,0.6557,0,ar,حفلة شاي بوسطن. ن. 1. (مصطلحات تاريخية) تاريخ الولايات المتحدة غارة عام 1773 قام بها مواطنو بوسطن (متنكرين بزي هنود) على ثلاث سفن بريطانية في الميناء احتجاجًا على الضرائب على الشاي والاحتكار الممنوح لشركة الهند الشرقية.
CASE_0245,468762,mixed,1,1337162,0.6951,0.6951,0,ar,سفن ومتحف حفلة شاي بوسطن. يقع متحف Boston Tea Party على جسر شارع الكونجرس في بوسطن. يتميز بإعادة تمثيل الفيلم الوثائقي وعدد من المعروضات التفاعلية. يضم المتحف سفينتين طبق الأصل من تلك الفترة ، إليانور وبيفر.
CASE_0245,468762,mixed,2,2690500,0.656,0.656,0,ar,يقع متحف Boston Tea Party على جسر شارع الكونجرس في بوسطن. يتميز بإعادة تمثيل الفيلم الوثائقي وعدد من المعروضات التفاعلية. يضم المتحف سفينتين طبق الأصل من تلك الفترة ، إليانور وبيفر.
CASE_0245,468762,mixed,3,7411537,0.6537,0.6537,0,ar,كانت هناك ثلاث سفن تمت مداهمتها خلال حفل شاي بوسطن: دارتموث وإليانور والقندس. ونادرا ما يذكر أن السفن كانت كلها سفن أمريكية. ؟؟؟؟؟؟؟؟؟؟؟؟؟؟؟؟؟؟؟؟؟؟؟؟؟؟؟؟؟؟؟؟؟؟؟؟؟؟؟؟؟؟؟؟؟؟؟؟؟؟؟؟؟؟؟؟؟؟؟؟؟؟؟؟؟؟؟؟؟؟؟؟؟؟؟؟؟؟؟؟؟؟؟؟؟؟؟؟؟؟؟؟؟؟؟؟؟؟؟؟
CASE_0245,468762,mixed,4,7411533,0.644,0.644,0,ar,أقيم حفل شاي بوسطن في 16 ديسمبر 1773 كجزء من الاحتجاج على الضرائب البريطانية. خلال الليل ، كان أبناء الحرية متنكرين في هيئة هنود الموهوك وذهبوا على متن ثلاث سفن (دارتموث وإليانور وبيفر). ألقى هؤلاء المستعمرون / الوطنيون الشاي في ميناء بوسطن.
CASE_0245,468762,mixed,5,7411535,0.6365,0.6365,1,ar,جعل العالم أفضل ، إجابة واحدة في كل مرة. شارك في حفل شاي بوسطن ثلاث سفن. كانت أسماء السفن هي Dartmouth و Eleanor و Beaver.
CASE_0245,468762,mixed,6,3791342,0.6357,0.6357,0,ar,كانت هناك ثلاث سفن تمت مداهمتها خلال حفل شاي بوسطن: دارتموث وإليانور والقندس. ونادرا ما يذكر أن السفن كانت كلها سفن أمريكية. ¢ ينتمي الشاي فقط إلى شركة شاي الهند الشرقية.
CASE_0245,468762,mixed,7,6592340,0.6331,0.6331,0,ar,حفلة شاي بوسطن. ن. 1. (مصطلحات تاريخية) تاريخ الولايات المتحدة غارة عام 1773 قام بها مواطنو بوسطن (متنكرين بزي هنود) على ثلاث سفن بريطانية في الميناء احتجاجًا على الضرائب على الشاي والاحتكار الممنوح لشركة الهند الشرقية.
CASE_0245,468762,mixed,8,1413460,0.6306,0.6306,0,ar,في ليلة حفل شاي بوسطن ، رست ثلاث سفن أبحرت من لندن محملة بشحن شاي شركة الهند الشرقية البريطانية في ميناء بوسطن. كانت السفن الثلاث هي بيفر ودارتماوث وإلينور.
CASE_0245,468762,mixed,9,7902396,0.6277,0.6277,0,ar,دفعت هذه السياسة حوالي ستين رجلاً ، بما في ذلك بعض أعضاء أبناء الحرية ، إلى ركوب السفن ليلة 16 ديسمبر ، 1 773 (متنكرين بزي الأمريكيين الأصليين) وإلقاء صناديق الشاي في الماء. أصبح الحدث معروفًا باسم حفلة شاي بوسطن.
CASE_0245,468762,mixed,10,6978865,0.6277,0.6277,0,ar,أقيم حفل شاي بوسطن في 16 ديسمبر 1773. أقيم حفل شاي بوسطن في 3 سفن بريطانية في ميناء بوسطن. أقيم حفل شاي بوسطن لأن المستعمرين لم يرغبوا في دفع ضرائب على الشاي البريطاني. كانوا خائفين من أن يستولي البريطانيون على أمريكا ، وأرادوا أن يحكموا بلدهم. ظنوا أن الشاي سيخرج كل المستعمرين من العمل. كان تأثير ح
CASE_0245,511837,endpoint,1,3632713,0.7901,0.7901,0,ar,تعد معرفة كيفية طهي السلمون في الفرن أمرًا ضروريًا لإتقان تقنيات الطهي الأساسية لوجبات أيام الأسبوع. سخني الفرن إلى 450 درجة فهرنهايت للفيليه ، أو 350 درجة فهرنهايت للأسماك المسلوقة. يمكن خبز فيليه على درجة حرارة منخفضة ، إذا رغبت في ذلك ، مع زيادة وقت الطهي. اخبزي فيليه السلمون أو شرائح اللحم بدون
CASE_0245,511837,endpoint,2,24276,0.7876,0.7876,0,ar,قد يكون طهي السلمون في الفرن أمرًا صعبًا - والمفتاح هو كم من الوقت نخبزه. تعد معرفة كيفية طهي السلمون في الفرن أمرًا ضروريًا لإتقان تقنيات الطهي الأساسية لوجبات أيام الأسبوع. سخني الفرن إلى 450 درجة فهرنهايت للفيليه ، أو 350 درجة فهرنهايت للأسماك المسلوقة. يمكن خبز فيليه على درجة حرارة منخفضة ، إذا
CASE_0245,511837,endpoint,3,6218029,0.7844,0.7844,0,ar,أصوات الثقة 105. إذا كنت تطلب درجة حرارة الفرن ، فسأقول إن 350 درجة فهرنهايت جيدة. إذا كان لديك مقياس حرارة للحوم ، فأنا أطبخ السلمون إلى حوالي 160 درجة فهرنهايت ، لذا فهو لا يزال رطبًا جدًا وغير مطهو أكثر من اللازم. واو .... هذا ليس دجاجًا ، ما عليك سوى استخدام ورقة من ورق القصدير وإنشاء خيمة فوق ا
CASE_0245,511837,endpoint,4,4481937,0.7839,0.7839,0,ar,سخني الفرن إلى 350 درجة فهرنهايت / 177 درجة مئوية. على الرغم من أنك ستلف السلمون بورق زبدة ، فإن الفرن لا يحتاج إلى الكثير من حيث الحرارة. يعد طهي السلمون أو أي نوع آخر من الأسماك ، في ورق البرشمان ، طريقة فعالة جدًا للخبز ، كما أن درجة حرارة الفرن تتراوح بين 325 درجة فهرنهايت / 175 درجة مئوية و 375
CASE_0245,511837,endpoint,5,6133322,0.7839,0.7839,0,ar,إذا كنت تطلب درجة حرارة الفرن ، فسأقول أن 350 درجة فهرنهايت جيدة. إذا كان لديك مقياس حرارة للحوم ، فأنا أطبخ السلمون إلى حوالي 160 درجة فهرنهايت ، لذا فهو لا يزال رطبًا جدًا وغير مطبوخ أكثر من اللازم ، ما عليك سوى استخدام ورقة من ورق القصدير وإنشاء خيمة فوق السلمون. أطبخ شرائح اللحم على درجة 275 فهر
CASE_0245,511837,endpoint,6,2393807,0.7759,0.7759,0,ar,أعد تسخين بقايا السلمون في الفرن على حرارة 350 درجة فهرنهايت لمدة 15 إلى 17 دقيقة. يجب أن تصل درجة حرارة السلمون الداخلية إلى 145 درجة فهرنهايت في الجزء السميك من السلمون.
CASE_0245,511837,endpoint,7,4665916,0.7743,0.7743,0,ar,ما عليك سوى استخدام قطعة من ورق القصدير وإنشاء خيمة فوق السلمون. أطبخ شرائح اللحم على درجة 275 فهرنهايت في الفرن أو على جانب جلد الشواية لأسفل حتى درجة الحرارة الداخلية 135-140. فقط عندما تبدأ الدهن في الخروج من الجزء العلوي من السلمون ، أصوات الثقة 105. إذا كنت تطلب درجة حرارة الفرن ، فسأقول إن 350
CASE_0245,511837,endpoint,8,7109619,0.7722,0.7722,0,ar,ما عليك سوى استخدام قطعة من ورق القصدير وإنشاء خيمة فوق السلمون. أطبخ شرائح اللحم على درجة 275 فهرنهايت في الفرن أو على جانب جلد الشواية لأسفل حتى درجة الحرارة الداخلية 135-140. فقط عندما تبدأ الدهون في الخروج من الجزء العلوي من السلمون ، لا تحصل على أفضل من ذلك بكثير ، إذا كنت تطلب درجة حرارة الفرن
CASE_0245,511837,endpoint,9,4665919,0.7709,0.7709,0,ar,ما عليك سوى استخدام قطعة من ورق القصدير وإنشاء خيمة فوق السلمون. أقوم بطهي شرائح اللحم على درجة 275 فهرنهايت في الفرن أو على جانب جلد الشواية لأسفل حتى درجة الحرارة الداخلية 135-140 ، فقط عندما تبدأ الدهون في الخروج من الجزء العلوي من السلمون ، إذا كنت تطلب درجة حرارة الفرن ، فسأقول عند 350 فهرنهايت
CASE_0245,511837,endpoint,10,4769968,0.7688,0.7688,0,ar,1 سخني الفرن إلى 375 درجة فهرنهايت (190 درجة مئوية). توضع فيليه في ورق ألومنيوم ، وتُغطّى بالتتبيلة ، وتُغلق. ضعي السلمون في طبق زجاجي واخبزيه لمدة 35 إلى 45 دقيقة حتى يتقشر بسهولة بالشوكة.
CASE_0245,511837,mixed,1,4481937,0.7692,0.7692,0,ar,سخني الفرن إلى 350 درجة فهرنهايت / 177 درجة مئوية. على الرغم من أنك ستلف السلمون بورق زبدة ، فإن الفرن لا يحتاج إلى الكثير من حيث الحرارة. يعد طهي السلمون أو أي نوع آخر من الأسماك ، في ورق البرشمان ، طريقة فعالة جدًا للخبز ، كما أن درجة حرارة الفرن تتراوح بين 325 درجة فهرنهايت / 175 درجة مئوية و 375
CASE_0245,511837,mixed,2,6218029,0.7647,0.7647,0,ar,أصوات الثقة 105. إذا كنت تطلب درجة حرارة الفرن ، فسأقول إن 350 درجة فهرنهايت جيدة. إذا كان لديك مقياس حرارة للحوم ، فأنا أطبخ السلمون إلى حوالي 160 درجة فهرنهايت ، لذا فهو لا يزال رطبًا جدًا وغير مطهو أكثر من اللازم. واو .... هذا ليس دجاجًا ، ما عليك سوى استخدام ورقة من ورق القصدير وإنشاء خيمة فوق ا
CASE_0245,511837,mixed,3,6133322,0.7565,0.7565,0,ar,إذا كنت تطلب درجة حرارة الفرن ، فسأقول أن 350 درجة فهرنهايت جيدة. إذا كان لديك مقياس حرارة للحوم ، فأنا أطبخ السلمون إلى حوالي 160 درجة فهرنهايت ، لذا فهو لا يزال رطبًا جدًا وغير مطبوخ أكثر من اللازم ، ما عليك سوى استخدام ورقة من ورق القصدير وإنشاء خيمة فوق السلمون. أطبخ شرائح اللحم على درجة 275 فهر
CASE_0245,511837,mixed,4,3485345,0.7538,0.7538,0,ar,إذا كنت تطلب درجة حرارة الفرن ، فسأقول أن 350 درجة فهرنهايت جيدة. إذا كان لديك مقياس حرارة للحوم ، فأنا أطبخ سمك السلمون إلى حوالي 160 درجة فهرنهايت ، لذا فهو لا يزال رطبًا جدًا وغير مطبوخ أكثر من اللازم. واو .... هذا ليس دجاج.
CASE_0245,511837,mixed,5,24284,0.7531,0.7531,1,ar,سخني الفرن إلى 350 درجة فهرنهايت / 177 درجة مئوية. على الرغم من أنك ستلف السلمون بورق زبدة ، فإن الفرن لا يحتاج إلى الكثير من حيث الحرارة. يعد طهي السلمون أو أي نوع آخر من الأسماك ، في ورق البرشمان ، طريقة فعالة جدًا للخبز ، كما أنه يكاد يكون خداعًا.
CASE_0245,511837,mixed,6,4665916,0.7524,0.7524,0,ar,ما عليك سوى استخدام قطعة من ورق القصدير وإنشاء خيمة فوق السلمون. أطبخ شرائح اللحم على درجة 275 فهرنهايت في الفرن أو على جانب جلد الشواية لأسفل حتى درجة الحرارة الداخلية 135-140. فقط عندما تبدأ الدهن في الخروج من الجزء العلوي من السلمون ، أصوات الثقة 105. إذا كنت تطلب درجة حرارة الفرن ، فسأقول إن 350
CASE_0245,511837,mixed,7,7109619,0.7462,0.7462,0,ar,ما عليك سوى استخدام قطعة من ورق القصدير وإنشاء خيمة فوق السلمون. أطبخ شرائح اللحم على درجة 275 فهرنهايت في الفرن أو على جانب جلد الشواية لأسفل حتى درجة الحرارة الداخلية 135-140. فقط عندما تبدأ الدهون في الخروج من الجزء العلوي من السلمون ، لا تحصل على أفضل من ذلك بكثير ، إذا كنت تطلب درجة حرارة الفرن
CASE_0245,511837,mixed,8,3632713,0.7435,0.7435,0,ar,تعد معرفة كيفية طهي السلمون في الفرن أمرًا ضروريًا لإتقان تقنيات الطهي الأساسية لوجبات أيام الأسبوع. سخني الفرن إلى 450 درجة فهرنهايت للفيليه ، أو 350 درجة فهرنهايت للأسماك المسلوقة. يمكن خبز فيليه على درجة حرارة منخفضة ، إذا رغبت في ذلك ، مع زيادة وقت الطهي. اخبزي فيليه السلمون أو شرائح اللحم بدون
CASE_0245,511837,mixed,9,4665919,0.7434,0.7434,0,ar,ما عليك سوى استخدام قطعة من ورق القصدير وإنشاء خيمة فوق السلمون. أقوم بطهي شرائح اللحم على درجة 275 فهرنهايت في الفرن أو على جانب جلد الشواية لأسفل حتى درجة الحرارة الداخلية 135-140 ، فقط عندما تبدأ الدهون في الخروج من الجزء العلوي من السلمون ، إذا كنت تطلب درجة حرارة الفرن ، فسأقول عند 350 فهرنهايت
CASE_0245,511837,mixed,10,282605,0.7424,0.7424,0,ar,1. سخن الفرن إلى 350 درجة فهرنهايت / 177 درجة مئوية. على الرغم من أنك ستلف السلمون بورق زبدة ، فإن الفرن لا يحتاج إلى الكثير من حيث الحرارة. يعد طهي السلمون أو أي نوع آخر من الأسماك ، في ورق البرشمان ، طريقة فعالة جدًا للخبز ، كما أنه يكاد يكون خداعًا.
CASE_0245,575096,endpoint,1,7276443,0.6059,0.6059,0,ar,أي من مناطق كندا لديها غطاء نباتي محدود ودرجات حرارة متجمدة معظم أيام السنة؟ - 935218
CASE_0245,575096,endpoint,2,7276444,0.5855,0.5855,0,ar,تقع معظم حدود كندا مع الولايات المتحدة في أي من مناطق المناخ الرئيسية الست في كندا؟ الصيف القاري الدافئ أين توجد غالبية النفط الكندي؟
CASE_0245,575096,endpoint,3,6177913,0.5799,0.5799,0,ar,البحيرات العظمى / شارع. تعتبر منطقة Lawrence Lowlands أكثر مناطق التضاريس كثافة سكانية في كندا بسبب هذا وتعد موطنًا للعديد من أكبر مدن البلاد ، مثل تورنتو وهاملتون. يقع جزء كبير من الصناعة الكندية أيضًا في هذه المنطقة نظرًا لقربها من طرق النقل.انتاريو ، أكبر مقاطعة في كندا ، هي موطن لثلاث مناطق مختل
CASE_0245,575096,endpoint,4,7546575,0.5797,0.5797,0,ar,أكبر منطقة مناخية في كندا هي القطب الشمالي. وهي تغطي البر الرئيسي لنونافوت ، والأقاليم الشمالية الغربية ، وطرف يوكون ، شمال كيبيك ، وحول أجزاء من خليج هدسون ، في شمال أونتاريو. جزء كبير من الأرض الواقعة شمال البر الرئيسي هي أيضًا أرض قاحلة ، تكاد تكون غير صالحة للسكن.
CASE_0245,575096,endpoint,5,7546570,0.5797,0.5797,0,ar,أكبر منطقة مناخية في كندا هي القطب الشمالي. وهي تغطي البر الرئيسي لنونافوت ، والأقاليم الشمالية الغربية ، وطرف يوكون ، شمال كيبيك ، وحول أجزاء من خليج هدسون ، في شمال أونتاريو. جزء كبير من الأرض الواقعة شمال البر الرئيسي هي أيضًا أرض قاحلة ، تكاد تكون غير صالحة للسكن.
CASE_0245,575096,endpoint,6,2881432,0.5642,0.5642,0,ar,أونتاريو ، ثاني أكبر مقاطعة في كندا من حيث المساحة ، بعد كيبيك. وهي تحتل قطاع البر الرئيسي الكندي الواقع بين خليجي هدسون وجيمس في الشمال وسلسلة بحيرات سانت لورانس العظمى إلى الجنوب. يحدها من الشرق مقاطعة كيبيك ومن الجنوب الولايات المتحدة ومن الغرب مقاطعة مانيتوبا. تعد أونتاريو ، المقاطعة الكندية الأ
CASE_0245,575096,endpoint,7,5001738,0.5579,0.5579,0,ar,أكبر مقاطعة في كندا أكبر مقاطعة في كندا هي مقاطعة كيبيك الفرنسية. أكبر إقليم في كندا أكبر إقليم في كندا هو نونافوت.
CASE_0245,575096,endpoint,8,413796,0.5565,0.5565,0,ar,الوسطى (GMT ࢠÃ،Ë † Ã، € ™ 6 ساعات) الشرقية (GMT ࢠÃ،Ë † Ã، € ™ 5 ساعات) أونتاريو، ثاني أكبر مقاطعة في كندا في المنطقة، بعد كيبيك. وهي تحتل قطاع البر الرئيسي الكندي الواقع بين خليجي هدسون وجيمس في الشمال وسلسلة بحيرات سانت لورانس العظمى إلى الجنوب.
CASE_0245,575096,endpoint,9,1663854,0.5562,0.5562,0,ar,أونتاريو ، أكبر مقاطعة في كندا ، هي موطن لثلاث مناطق مختلفة من التضاريس: Hudson Bay Lowlands (أصفر) ، و Canadian Shield (أخضر غامق) ، و Great Lakes / St. Lawrence Lowlands (أخضر فاتح): المنطقة الشمالية من أونتاريو ، Hudson Bay Lowlands ، هي منطقة منخفضة بالقرب من Hudson Bay و James Bay المغطاة بغابا
CASE_0245,575096,endpoint,10,1485726,0.5562,0.5562,0,ar,بالطريقة التي تم بها صياغة السؤال ، لا تزال كيبيك أكبر مقاطعة في كندا من حيث الكتلة الأرضية.). من حيث كتلة اليابسة ، تعد كيبيك الأكبر بمساحة 1.5 مليون كيلومتر مربع - حوالي 15٪ من إجمالي مساحة كندا. أونتاريو هي الأكبر من حيث عدد السكان. يعيش أكثر من 13 مليون شخص في أونتاريو ، أي حوالي ثلث سكان البلاد
CASE_0245,575096,mixed,1,7276444,0.6823,0.6823,0,ar,تقع معظم حدود كندا مع الولايات المتحدة في أي من مناطق المناخ الرئيسية الست في كندا؟ الصيف القاري الدافئ أين توجد غالبية النفط الكندي؟
CASE_0245,575096,mixed,2,7276443,0.678,0.678,0,ar,أي من مناطق كندا لديها غطاء نباتي محدود ودرجات حرارة متجمدة معظم أيام السنة؟ - 935218
CASE_0245,575096,mixed,3,7546575,0.6616,0.6616,0,ar,أكبر منطقة مناخية في كندا هي القطب الشمالي. وهي تغطي البر الرئيسي لنونافوت ، والأقاليم الشمالية الغربية ، وطرف يوكون ، شمال كيبيك ، وحول أجزاء من خليج هدسون ، في شمال أونتاريو. جزء كبير من الأرض الواقعة شمال البر الرئيسي هي أيضًا أرض قاحلة ، تكاد تكون غير صالحة للسكن.
CASE_0245,575096,mixed,4,7546570,0.6616,0.6616,0,ar,أكبر منطقة مناخية في كندا هي القطب الشمالي. وهي تغطي البر الرئيسي لنونافوت ، والأقاليم الشمالية الغربية ، وطرف يوكون ، شمال كيبيك ، وحول أجزاء من خليج هدسون ، في شمال أونتاريو. جزء كبير من الأرض الواقعة شمال البر الرئيسي هي أيضًا أرض قاحلة ، تكاد تكون غير صالحة للسكن.
CASE_0245,575096,mixed,5,7546569,0.6512,0.6512,1,ar,المناطق المناخية الخمس الرئيسية في كندا هي المنطقة الشمالية ومنطقة المحيط الهادئ ومنطقة البراري والمنطقة الأساسية ومنطقة المحيط الأطلسي. تعديل طفيف؟
CASE_0245,575096,mixed,6,3652674,0.6357,0.6357,0,ar,المناطق المناخية الثمانية في كندا هي المنطقة القطبية الشمالية ، ومنطقة تايغا ، ومنطقة كورديليران ، والمنطقة البحرية للمحيط الهادئ (الغرب) ، والمنطقة الشمالية ، ومنطقة البراري ، والمنطقة الجنوبية الشرقية ، والمنطقة البحرية الأطلسية ( الشرق). تورنتو على الميزانية: أشياء يجب رؤيتها دون إنفاق المال مثل
CASE_0245,575096,mixed,7,7546571,0.6276,0.6276,0,ar,المناطق المناخية الخمس الرئيسية في كندا هي المنطقة الشمالية ومنطقة المحيط الهادئ ومنطقة البراري والمنطقة الأساسية ومنطقة المحيط الأطلسي. الذهاب تسجيل الدخول التسجيل
CASE_0245,575096,mixed,8,6177913,0.6206,0.6206,0,ar,البحيرات العظمى / شارع. تعتبر منطقة Lawrence Lowlands أكثر مناطق التضاريس كثافة سكانية في كندا بسبب هذا وتعد موطنًا للعديد من أكبر مدن البلاد ، مثل تورنتو وهاملتون. يقع جزء كبير من الصناعة الكندية أيضًا في هذه المنطقة نظرًا لقربها من طرق النقل.انتاريو ، أكبر مقاطعة في كندا ، هي موطن لثلاث مناطق مختل
CASE_0245,575096,mixed,9,2802233,0.6152,0.6152,0,ar,مناخ كيبيك كيبيك هو أحد المقاطعات في كندا التي يتحدث بها الفرنسية. إنها ثاني أكثر المناطق كثافة سكانية في كندا. مونتريال هي واحدة من أكبر المدن الكندية. لأن المقاطعة كبيرة جدًا ، فهناك اختلافات في درجات الحرارة. الجزء الجنوبي ، وهو أكثر المناطق كثافة سكانية ، له مناخ قاري. هذا النوع من المناخ له أرب
CASE_0245,575096,mixed,10,3952528,0.6148,0.6148,0,ar,مناخ كيبيك (كندا) كيبيك هي واحدة من المقاطعات في كندا التي يتحدث بها الفرنسية. إنها ثاني أكثر المناطق كثافة سكانية في كندا. مونتريال هي واحدة من أكبر مدن كندا. لأن المقاطعة كبيرة جدًا ، فهناك اختلافات في درجات الحرارة.
CASE_0245,780215,endpoint,1,8623146,0.6725,0.6725,0,ar,ستيفيا (/ â € / أو / Ã † stÃ⠀ € viÃ⠀ ™) هو محلي وبديل للسكر يتم استخراجه من أوراق الأنواع النباتية Stevia rebaudiana. مركبات ستيفيا النشطة هي ستيفيول جليكوسيدات (بشكل رئيسي ستيفيوسيد وريبوديوسايد) ، والتي تحتوي على ما يصل إلى 150 مرة من حلاوة السكر ، وهي مستقرة الحرارة ، ومستقرة لدرجة الحموضة ، وغير
CASE_0245,780215,endpoint,2,7193058,0.651,0.651,0,ar,ستيفيا هو مُحلي وبديل للسكر يُستخرج من أوراق نبات Stevia rebaudiana. مركبات ستيفيا النشطة هي ستيفيول جليكوسيدات (بشكل رئيسي ستيفيوسيد وريبوديوسايد) ، والتي تحتوي على ما يصل إلى 150 مرة من حلاوة السكر ، وهي مستقرة الحرارة ، ومستقرة لدرجة الحموضة ، وغير قابلة للتخمير. اسم المنتج مستخلص أوراق ستيفيا ال
CASE_0245,780215,endpoint,3,3579933,0.6484,0.6484,0,ar,"""ستيفيا (/ à€ ¹Ã،Ë † الحادي iÃ⠀ ¹Ã، والسادس à€ ° Ã، """"¢، à€ ¹Ã،Ë † الحادي à€ ° Ã، € º السادس à€ ° Ã،Â"""" ¢ /) هو مُحلي وبديل للسكر يتم استخراجه من أوراق الأنواع النباتية Stevia rebaudiana. مركبات ستيفيا النشطة هي ستيفيول جليكوسيدات (بشكل رئيسي ستيفيوسيد وريبوديوسايد) ، والتي تحتوي على ما يصل إلى 150"
CASE_0245,780215,endpoint,4,5861328,0.6473,0.6473,0,ar,نظرًا لطلبات المستهلكين للحصول على المزيد من المنتجات العضوية والأقل معالجة ، فإن المحليات الطبيعية مثل ستيفيا ورحيق الأغاف وكحوليات السكر قد سلطت الضوء مؤخرًا. ستيفيا. ستيفيا هو نبات أصلي في أمريكا الوسطى والجنوبية تم استهلاكه خارج الولايات المتحدة لأكثر من 200 عام. جليكوسيدات ستيفيول هي أحلى جزء م
CASE_0245,780215,endpoint,5,3579929,0.6467,0.6467,0,ar,Steviol ، لبنة البناء الأساسية لجليكوسيدات ستيفيا الحلوة. ستيفيا (/ â € / أو / Ã † stÃ⠀ € viÃ⠀ € /) هو محلي وبديل للسكر يتم استخراجه من أوراق الأنواع النباتية Stevia rebaudiana. مركبات ستيفيا النشطة هي ستيفيول جليكوسيدات (بشكل رئيسي ستيفيوسيد وريبوديوسايد) ، والتي تحتوي على ما يصل إلى 150 مرة من حلا
CASE_0245,780215,endpoint,6,5975720,0.6363,0.6363,0,ar,ستيفيا هو مُحلي صحي. في الواقع لا يعتبر مُحليًا صناعيًا لأنه عشب من أمريكا الجنوبية. إنها مادة مضافة غذائية صحية معروفة بخصائصها الطبية العديدة.
CASE_0245,780215,endpoint,7,8640217,0.6361,0.6361,0,ar,ستيفيا. ما هو: هذا المُحلي الطبيعي الخالي من السعرات الحرارية ، والمصنوع من نبات في أمريكا الجنوبية ، موجود منذ قرون. إنه الآن في المشروبات الغازية والمشروبات الرياضية ، بالإضافة إلى عبوات الطاولة (الخضراء عادةً) ، والقطرات السائلة ، والأقراص القابلة للذوبان ، والمنتجات القابلة للملعقة ، بالإضافة إل
CASE_0245,780215,endpoint,8,1742841,0.6322,0.6322,0,ar,أربعة آثار جانبية صحية لستيفيا. ستيفيا هو مُحلي عالي الكثافة مصنوع من نبات ستيفيا ريبوديانا. تعتبر Steviol Glycosides التي يتم الحصول عليها من أوراق هذا النبات حلوة جدًا ويتم استخدام النبات بشكل عام وتنقيته في مجموعة متنوعة من الأشكال. كما هو الحال مع العديد من المحليات غير الغذائية ، فإن هذا المُحل
CASE_0245,780215,endpoint,9,8251968,0.6274,0.6274,0,ar,صورة الائتمان Wavebreakmedia Ltd / Lightwavemedia / Getty Images. ستيفيا هو مُحلي منخفض السعرات الحرارية بشكل طبيعي ولا يرفع مستوى السكر في الدم عند تناوله. تُعرف أيضًا باسم Sweetleaf ، وهي مصنوعة من نبات Stevia rebaudiana ، وهو مواطن من أمريكا الجنوبية.
CASE_0245,780215,endpoint,10,137872,0.6253,0.6253,0,ar,مسحوق مستخلص ستيفيا العضوي النقي والمركز - ليس مثل العلامات التجارية الأخرى التي تحتوي على مواد مالئة. متوفر في 16 أونصة بسعر مخفض. يتم تخفيف معظم منتجات ستيفيا التجارية باستخدام مواد مالئة أو مواد تحلية أخرى. هذا هو مستخلص ستيفيا النقي وهو أكثر فعالية! لا توجد فلاتر أو إضافات أو كحول سكر أو مواد را
CASE_0245,780215,mixed,1,8623146,0.6956,0.6956,0,ar,ستيفيا (/ â € / أو / Ã † stÃ⠀ € viÃ⠀ ™) هو محلي وبديل للسكر يتم استخراجه من أوراق الأنواع النباتية Stevia rebaudiana. مركبات ستيفيا النشطة هي ستيفيول جليكوسيدات (بشكل رئيسي ستيفيوسيد وريبوديوسايد) ، والتي تحتوي على ما يصل إلى 150 مرة من حلاوة السكر ، وهي مستقرة الحرارة ، ومستقرة لدرجة الحموضة ، وغير
CASE_0245,780215,mixed,2,3051407,0.6911,0.6911,0,ar,Stevia In The Raw هو مُحلي طبيعي 100٪ وأحدث عضو في خط منتجاتنا الطبيعي بالكامل In The Raw. لا تستخدم مكونات إضافية لتغيير النكهة اللذيذة بشكل طبيعي لمستخلص ستيفيا ولديها أعلى محتوى Reb-A من محليات ستيفيا ذات العلامات التجارية المتوفرة اليوم.
CASE_0245,780215,mixed,3,3051410,0.6892,0.6892,0,ar,Stevia In The Raw عبارة عن مُحلي من نوع zerocalorie مصنوع مباشرةً من الأوراق الخضراء المورقة لنبات ستيفيا ، وهو محصول موطنه أمريكا الجنوبية. تستمد Stevia In The Raw حلاوتها من مستخلص (Rebiana أو Reb-A) الذي يتم عزله وتنقيته من أوراق نبات ستيفيا.
CASE_0245,780215,mixed,4,3051403,0.6892,0.6892,0,ar,ما هو Stevia In The RawÃ⠀ šÃ'®؟ Stevia In The RawÃ⠀ šÃ'® عبارة عن مُحلي خالٍ من السعرات الحرارية ، والذي يتكون من مستخلص ستيفيا وعامل تكتل (سكر العنب أو مالتوديكسترين). تُستخرج الستيفيا من أحلى جزء من أوراق نبات الستيفيا (ستيفيا ريبوديانا بيرتوني).
CASE_0245,780215,mixed,5,2128552,0.6743,0.6743,1,ar,ما هذا؟ ما هو Stevia In The RawÃ⠀ šÃ'®؟ Stevia In The RawÃ⠀ šÃ'® عبارة عن مُحلي خالٍ من السعرات الحرارية ، والذي يتكون من مستخلص ستيفيا وعامل تكتل (سكر العنب أو مالتوديكسترين). تُستخرج الستيفيا من أحلى جزء من أوراق نبات الستيفيا (ستيفيا ريبوديانا بيرتوني).
CASE_0245,780215,mixed,6,3579929,0.6737,0.6737,0,ar,Steviol ، لبنة البناء الأساسية لجليكوسيدات ستيفيا الحلوة. ستيفيا (/ â € / أو / Ã † stÃ⠀ € viÃ⠀ € /) هو محلي وبديل للسكر يتم استخراجه من أوراق الأنواع النباتية Stevia rebaudiana. مركبات ستيفيا النشطة هي ستيفيول جليكوسيدات (بشكل رئيسي ستيفيوسيد وريبوديوسايد) ، والتي تحتوي على ما يصل إلى 150 مرة من حلا
CASE_0245,780215,mixed,7,3579933,0.6717,0.6717,0,ar,"""ستيفيا (/ à€ ¹Ã،Ë † الحادي iÃ⠀ ¹Ã، والسادس à€ ° Ã، """"¢، à€ ¹Ã،Ë † الحادي à€ ° Ã، € º السادس à€ ° Ã،Â"""" ¢ /) هو مُحلي وبديل للسكر يتم استخراجه من أوراق الأنواع النباتية Stevia rebaudiana. مركبات ستيفيا النشطة هي ستيفيول جليكوسيدات (بشكل رئيسي ستيفيوسيد وريبوديوسايد) ، والتي تحتوي على ما يصل إلى 150"
CASE_0245,780215,mixed,8,6791949,0.6709,0.6709,0,ar,"ستيفيا (اسمان تجاريان: Pure Via و Truvia) هو بديل نباتي للسكر ولا يحتوي على سعرات حرارية. مصطلح à⠓ستيفيا"" يشير إلى Stevia rebaudiana ، وهو نبات في أمريكا الجنوبية. فقط أجزاء معينة من النبات حلوة."
CASE_0245,780215,mixed,9,6791951,0.6705,0.6705,0,ar,"ستيفيا (اسمان تجاريان: Pure Via و Truvia) هو بديل نباتي للسكر ولا يحتوي على سعرات حرارية. مصطلح à⠓ستيفيا"" يشير إلى Stevia rebaudiana ، وهو نبات في أمريكا الجنوبية."
CASE_0245,780215,mixed,10,7193058,0.6699,0.6699,0,ar,ستيفيا هو مُحلي وبديل للسكر يُستخرج من أوراق نبات Stevia rebaudiana. مركبات ستيفيا النشطة هي ستيفيول جليكوسيدات (بشكل رئيسي ستيفيوسيد وريبوديوسايد) ، والتي تحتوي على ما يصل إلى 150 مرة من حلاوة السكر ، وهي مستقرة الحرارة ، ومستقرة لدرجة الحموضة ، وغير قابلة للتخمير. اسم المنتج مستخلص أوراق ستيفيا ال
CASE_0245,841961,endpoint,1,8164683,0.7759,0.7759,0,ar,هيئة المحلفين الكبرى هي هيئة معينة تحدد ما إذا كان المدعي العام قد جمع أدلة كافية لتبرير المحاكمة في قضية معينة. تستخدم هيئة المحلفين الكبرى فقط في حالات خاصة ، وهي بمثابة قناة تمرر من خلالها القضايا المعقولة إلى نظام المحاكمة التقليدي. يتمثل دور هيئة المحلفين الكبرى في تحديد ما إذا كانت الأدلة التي
CASE_0245,841961,endpoint,2,6853708,0.77,0.77,0,ar,قانون هيئة المحلفين الكبرى والتعريف القانوني. الغرض من هيئة المحلفين الكبرى هو التحقيق في الجرائم المزعومة ، وفحص الأدلة ، وإصدار لوائح اتهام إذا كانوا يعتقدون أن هناك أدلة كافية لبدء المحاكمة. هم مجموعة محايدة من المواطنين الذين يجب عليهم تحديد ما إذا كان سببًا معقولًا أو سببًا محتملًا للاعتقاد بوج
CASE_0245,841961,endpoint,3,4017952,0.7657,0.7657,0,ar,هيئة المحلفين الكبرى. هيئة المحلفين الكبرى هي هيئة فريدة من المحلفين يتمثل دورها في تحديد ما إذا كانت هناك أدلة كافية لملاحقة جريمة ما. بدلاً من تحديد الذنب أو البراءة مثل هيئة المحلفين الابتدائية ، تحدد هيئة المحلفين الكبرى فقط ما إذا كان ينبغي للتهم الجنائية أن تمضي قدمًا في نظام المحاكم أم لا.
CASE_0245,841961,endpoint,4,3699883,0.7614,0.7614,0,ar,الغرض من هيئة المحلفين الكبرى ليس تحديد الذنب أو البراءة ، ولكن تحديد ما إذا كان هناك سبب محتمل لملاحقة شخص ما بارتكاب جريمة جنائية. تعمل هيئة المحلفين الكبرى في سرية ولا تنطبق قواعد الإثبات العادية. يدير المدعي العام الإجراءات ولا يوجد قاضٍ.
CASE_0245,841961,endpoint,5,157806,0.7595,0.7595,0,ar,هيئة المحلفين الكبرى هي هيئة قانونية مخولة لإجراء الإجراءات الرسمية والتحقيق في السلوك الإجرامي المحتمل ، وتحديد ما إذا كان ينبغي توجيه التهم الجنائية. يجوز لهيئة المحلفين الكبرى إلزام تقديم المستندات وإجبار الشهود على المثول أمامها بشهادة محلفة.
CASE_0245,841961,endpoint,6,7601860,0.7586,0.7586,0,ar,تعديل 5 - حقوق الأشخاص 1277. 14 هيئة المحلفين الكبرى - هي هيئة تحقيق كبرى ، وهي هيئة تتمتع بصلاحيات التحقيق و. محاكم التفتيش ، التي يجب ألا تكون تحقيقاتها محدودة بالأسئلة. الملاءمة أو التنبؤات حول ما إذا كان سيتم العثور على أي فرد معين بشكل صحيح.
CASE_0245,841961,endpoint,7,3916255,0.749,0.749,0,ar,دعوة إلى. هيئة المحلفين الكبرى. هيئة المحلفين الكبرى هي الوسيلة التي يعمل بها الأشخاص الذين يتطوعون من كل مناحي الحياة لضمان استجابة المؤسسات الحكومية وإنصافهم لمن يخضعون للحكم. كما أنه يحمي آراء الأقليات أو القضايا التي لا تحظى بشعبية من الاضطهاد أو المقاضاة.
CASE_0245,841961,endpoint,8,5258814,0.7487,0.7487,0,ar,إجابة ويكي. هيئة المحلفين الكبرى مكلفة بتحديد ما إذا كان هناك سبب محتمل لمتابعة الاتهامات ضد المدعى عليه أم لا. ࢠ€ÂŠ(أو ÃÂ) مكلفة بإجراء - الفصل في الوقائع أثناء المحاكمة ، مما يؤدي إلى صدور حكم في الأمر. وجهات النظر Ã⠀ šÃ' · عرض التصويتات المؤيدة.
CASE_0245,841961,endpoint,9,157805,0.7485,0.7485,0,ar,تتكون هيئة المحلفين الكبرى من مجموعة من الأفراد هدفهم الرئيسي هو تحديد ما إذا كان سيتم إصدار لائحة اتهام ضد فرد. تُعرف عملية تحديد إصدار لائحة اتهام من عدمه باسم تحقيق هيئة المحلفين الكبرى. أثناء تحقيق هيئة المحلفين الكبرى ، لا تتخذ هيئة المحلفين الكبرى أي قرار أو استنتاج بشأن ذنب أو براءة فرد. إنه
CASE_0245,841961,endpoint,10,4660307,0.7482,0.7482,0,ar,ما هي هيئة المحلفين الكبرى. هيئة المحلفين الكبرى هي مجموعة من المواطنين ، يتم اختيارهم عادة من نفس المجموعة التي ينتمي إليها أعضاء هيئة المحلفين ، والتي تؤدي اليمين من قبل المحكمة للنظر في القضية. تتألف هيئة المحلفين الكبرى مما لا يقل عن 12 ولا يزيد عن 23 شخصًا ؛ وفي المحاكم الاتحادية ، يجب ألا يقل
CASE_0245,841961,mixed,1,3699883,0.7373,0.7373,0,ar,الغرض من هيئة المحلفين الكبرى ليس تحديد الذنب أو البراءة ، ولكن تحديد ما إذا كان هناك سبب محتمل لملاحقة شخص ما بارتكاب جريمة جنائية. تعمل هيئة المحلفين الكبرى في سرية ولا تنطبق قواعد الإثبات العادية. يدير المدعي العام الإجراءات ولا يوجد قاضٍ.
CASE_0245,841961,mixed,2,8164683,0.729,0.729,0,ar,هيئة المحلفين الكبرى هي هيئة معينة تحدد ما إذا كان المدعي العام قد جمع أدلة كافية لتبرير المحاكمة في قضية معينة. تستخدم هيئة المحلفين الكبرى فقط في حالات خاصة ، وهي بمثابة قناة تمرر من خلالها القضايا المعقولة إلى نظام المحاكمة التقليدي. يتمثل دور هيئة المحلفين الكبرى في تحديد ما إذا كانت الأدلة التي
CASE_0245,841961,mixed,3,6853708,0.7271,0.7271,0,ar,قانون هيئة المحلفين الكبرى والتعريف القانوني. الغرض من هيئة المحلفين الكبرى هو التحقيق في الجرائم المزعومة ، وفحص الأدلة ، وإصدار لوائح اتهام إذا كانوا يعتقدون أن هناك أدلة كافية لبدء المحاكمة. هم مجموعة محايدة من المواطنين الذين يجب عليهم تحديد ما إذا كان سببًا معقولًا أو سببًا محتملًا للاعتقاد بوج
CASE_0245,841961,mixed,4,4017948,0.7225,0.7225,0,ar,لفيلم 1976 ، انظر Grand Jury (فيلم 1976). هيئة المحلفين الكبرى هي هيئة قانونية مخولة لإجراء الإجراءات الرسمية والتحقيق في السلوك الإجرامي المحتمل ، وتحديد ما إذا كان ينبغي توجيه التهم الجنائية. يجوز لهيئة المحلفين الكبرى إلزام تقديم المستندات وإجبار الشهود على المثول أمامها بشهادة محلفة.
CASE_0245,841961,mixed,5,3916260,0.7179,0.7179,1,ar,الغرض من هيئة المحلفين الكبرى ، من الناحية النظرية ، هو حماية المواطنين من الملاحقات القضائية غير العادلة وغير المبررة من قبل الحكومة. في إنجلترا في العصور الوسطى ، كان يُنظر إليه على أنه حماية ضد التاج.
CASE_0245,841961,mixed,6,157805,0.7073,0.7073,0,ar,تتكون هيئة المحلفين الكبرى من مجموعة من الأفراد هدفهم الرئيسي هو تحديد ما إذا كان سيتم إصدار لائحة اتهام ضد فرد. تُعرف عملية تحديد إصدار لائحة اتهام من عدمه باسم تحقيق هيئة المحلفين الكبرى. أثناء تحقيق هيئة المحلفين الكبرى ، لا تتخذ هيئة المحلفين الكبرى أي قرار أو استنتاج بشأن ذنب أو براءة فرد. إنه
CASE_0245,841961,mixed,7,4239753,0.7039,0.7039,0,ar,تلعب هيئة المحلفين الكبرى دورًا مهمًا في العملية الجنائية ، ولكن ليس دورًا يتضمن إثبات ذنب أو معاقبة أحد الأطراف. بدلاً من ذلك ، سيعمل المدعي العام مع هيئة محلفين كبرى لتقرير ما إذا كان سيتم توجيه تهم جنائية أو لائحة اتهام ضد مدعى عليه محتمل - عادةً ما تكون مخصصة للجنايات الجسيمة. التجربة. إذا كان ل
CASE_0245,841961,mixed,8,7601860,0.7038,0.7038,0,ar,تعديل 5 - حقوق الأشخاص 1277. 14 هيئة المحلفين الكبرى - هي هيئة تحقيق كبرى ، وهي هيئة تتمتع بصلاحيات التحقيق و. محاكم التفتيش ، التي يجب ألا تكون تحقيقاتها محدودة بالأسئلة. الملاءمة أو التنبؤات حول ما إذا كان سيتم العثور على أي فرد معين بشكل صحيح.
CASE_0245,841961,mixed,9,4017952,0.7027,0.7027,0,ar,هيئة المحلفين الكبرى. هيئة المحلفين الكبرى هي هيئة فريدة من المحلفين يتمثل دورها في تحديد ما إذا كانت هناك أدلة كافية لملاحقة جريمة ما. بدلاً من تحديد الذنب أو البراءة مثل هيئة المحلفين الابتدائية ، تحدد هيئة المحلفين الكبرى فقط ما إذا كان ينبغي للتهم الجنائية أن تمضي قدمًا في نظام المحاكم أم لا.
CASE_0245,841961,mixed,10,2260552,0.7006,0.7006,0,ar,هيئة المحلفين الكبرى. لجنة من المواطنين يتم تشكيلها من قبل محكمة لتقرير ما إذا كان من المناسب للحكومة توجيه الاتهام (المضي قدمًا في مقاضاة) شخص مشتبه في ارتكابه جريمة. مؤسسة أمريكية منذ أيام الاستعمار ، ولعبت هيئة المحلفين الكبرى دورًا مهمًا في القانون الجنائي منذ فترة طويلة.
CASE_0245,863112,endpoint,1,4351748,0.5925,0.5925,0,ar,تعمل عملية مضيف الخدمة كقذيفة لتحميل الخدمات من ملفات DLL. يتم تنظيم الخدمات في مجموعات ذات صلة ويتم تشغيل كل مجموعة داخل مثيل مختلف لعملية مضيف الخدمة. بهذه الطريقة ، لا تؤثر مشكلة في حالة واحدة على حالات أخرى.
CASE_0245,863112,endpoint,2,2670312,0.5893,0.5893,0,ar,تقبل Shell تعليماتك أو أوامرك باللغة الإنجليزية (في الغالب) وإذا كان الأمر صالحًا ، يتم تمريره إلى kernel. شل هو برنامج مستخدم أو بيئته المقدمة لتفاعل المستخدم. شل هو مترجم لغة أوامر ينفذ أوامر القراءة من جهاز الإدخال القياسي (لوحة المفاتيح) أو من ملف. لا يعد شل جزءًا من نواة النظام ، ولكنه يستخدم ن
CASE_0245,863112,endpoint,3,632412,0.5889,0.5889,0,ar,بدلاً من ذلك ، يجب أن تعمل عملية المضيف لمهام Windows كمضيف لتلك الخدمة. سترى عملية مضيف منفصلة لإدخال مهام Windows قيد التشغيل لكل خدمة تستند إلى DLL يتم تحميلها في Windows ، أو ربما لمجموعة من الخدمات المستندة إلى DLL. ما إذا كان يتم تجميع الخدمات المستندة إلى DLL وكيفية تجميعها أمر متروك لمطور ال
CASE_0245,863112,endpoint,4,4844208,0.5832,0.5832,0,ar,قد تستخدم عملية Windows Shell Experience Host قدرًا كبيرًا من الذاكرة أو وحدة المعالجة المركزية عند تشغيلها. لمعرفة ما إذا كانت هذه هي الحالة على جهازك الذي يعمل بنظام Windows 10 ، استخدم اختصار لوحة المفاتيح Ctrl-Shift-Esc لفتح إدارة المهام. انقر فوق رابط المزيد من التفاصيل في الجزء السفلي الأيسر م
CASE_0245,863112,endpoint,5,2316385,0.5747,0.5747,0,ar,2) تجربة Windows Shell. Windows Shell Experience Host هو أحد تطبيقات Windows الموجود في C: \ Windows \ SystemApps \ ShellExperienceHost_ * الذي يتعامل مع تجربة مستخدم Windows مثل قائمة البدء ومركز الإجراءات وواجهة مستخدم الانتقال السريع وواجهة المستخدم للاتصال السريع والإشعارات والساعة المتحركة والب
CASE_0245,863112,endpoint,6,7911081,0.5747,0.5747,0,ar,قد تستخدم عملية Windows Shell Experience Host قدرًا كبيرًا من الذاكرة أو وحدة المعالجة المركزية عند تشغيلها. لمعرفة ما إذا كانت هذه هي الحالة على جهازك الذي يعمل بنظام Windows 10 ، استخدم اختصار لوحة المفاتيح Ctrl-Shift-Esc لفتح إدارة المهام. انقر فوق رابط المزيد من التفاصيل في الجزء السفلي الأيسر م
CASE_0245,863112,endpoint,7,7078217,0.574,0.574,0,ar,إذن ما هي عملية مضيف الخدمة؟ إليك الإجابة ، وفقًا لمايكروسوفت: Svchost.exe هو اسم عملية مضيف عام للخدمات التي يتم تشغيلها من مكتبات الارتباط الديناميكي. لكن هذا لا يساعدنا كثيرًا حقًا.
CASE_0245,863112,endpoint,8,5398965,0.5713,0.5713,0,ar,يعد مضيف البرامج النصية (WSH) من Microsoft® Windows® Script Host (WSH) مضيفًا لبرمجة نصية مستقلة عن اللغة لمحركات البرمجة النصية المتوافقة مع Windows Script. إنه يجلب البرمجة النصية البسيطة والقوية والمرنة إلى نظام التشغيل Windows 32 بت ، مما يسمح لك بتشغيل البرامج النصية من كل من سطح مكتب Windows و
CASE_0245,863112,endpoint,9,3508428,0.5676,0.5676,0,ar,"""الشريحة 1 من 4. سيكون العديد من مستخدمي Windows قد صادفوا عملية المضيف في وقتهم مع النظام. يظهر عدة مرات في """"إدارة المهام"""" وأي محاولة لمعرفة المزيد عنها من داخل Windows تؤدي إلى فراغ. تحاول هذه المقالة إلقاء بعض الضوء على هذه العملية الغامضة وما تفعله."""
CASE_0245,863112,endpoint,10,4844210,0.5675,0.5675,0,ar,اسم العملية هو ShellExperienceHost.exe وعلى يمينه ستجد استخدام وحدة المعالجة المركزية والذاكرة. قد يكون الاستخدام أمرًا طبيعيًا ، كما كان الحال على كمبيوتر Windows 10 الذي اختبرناه عليه ، أو مرتفعًا جدًا. يعني الارتفاع الشديد أنك ستشاهد استخدامًا ثابتًا أو أعلى من المعتاد لوحدة المعالجة المركزية وال
CASE_0245,863112,mixed,1,4844208,0.6983,0.6983,0,ar,قد تستخدم عملية Windows Shell Experience Host قدرًا كبيرًا من الذاكرة أو وحدة المعالجة المركزية عند تشغيلها. لمعرفة ما إذا كانت هذه هي الحالة على جهازك الذي يعمل بنظام Windows 10 ، استخدم اختصار لوحة المفاتيح Ctrl-Shift-Esc لفتح إدارة المهام. انقر فوق رابط المزيد من التفاصيل في الجزء السفلي الأيسر م
CASE_0245,863112,mixed,2,2316385,0.6961,0.6961,0,ar,2) تجربة Windows Shell. Windows Shell Experience Host هو أحد تطبيقات Windows الموجود في C: \ Windows \ SystemApps \ ShellExperienceHost_ * الذي يتعامل مع تجربة مستخدم Windows مثل قائمة البدء ومركز الإجراءات وواجهة مستخدم الانتقال السريع وواجهة المستخدم للاتصال السريع والإشعارات والساعة المتحركة والب
CASE_0245,863112,mixed,3,7911081,0.6882,0.6882,0,ar,قد تستخدم عملية Windows Shell Experience Host قدرًا كبيرًا من الذاكرة أو وحدة المعالجة المركزية عند تشغيلها. لمعرفة ما إذا كانت هذه هي الحالة على جهازك الذي يعمل بنظام Windows 10 ، استخدم اختصار لوحة المفاتيح Ctrl-Shift-Esc لفتح إدارة المهام. انقر فوق رابط المزيد من التفاصيل في الجزء السفلي الأيسر م
CASE_0245,863112,mixed,4,4844210,0.6694,0.6694,0,ar,اسم العملية هو ShellExperienceHost.exe وعلى يمينه ستجد استخدام وحدة المعالجة المركزية والذاكرة. قد يكون الاستخدام أمرًا طبيعيًا ، كما كان الحال على كمبيوتر Windows 10 الذي اختبرناه عليه ، أو مرتفعًا جدًا. يعني الارتفاع الشديد أنك ستشاهد استخدامًا ثابتًا أو أعلى من المعتاد لوحدة المعالجة المركزية وال
CASE_0245,863112,mixed,5,7911082,0.6329,0.6329,1,ar,يمكنك أيضًا التحقق من معظم أنواع الملفات الموزعة باسم shellexperiencehost.exe. غالبًا ما تنتمي هذه الملفات إلى منتج نظام التشغيل Microsoft® Windows®. وغالبًا ما تم تطويره بواسطة شركة Microsoft Corporation. غالبًا ما تحتوي هذه الملفات على وصف لـ Windows Shell Experience Host. تصنيف Agregate هو 5 (5)
CASE_0245,863112,mixed,6,7034233,0.6324,0.6324,0,ar,"""5 إجابات 5. conhost.exe هي عملية المضيف الجديدة لنوافذ وحدة التحكم. في السابق تم التعامل مع هذه بواسطة csrss.exe وهي عملية تشغيل خادم العميل """"عملية تشغيل خادم العميل"""" ، وهي عملية تعمل بامتيازات على مستوى النظام. بدءًا من Windows Vista ، أجرت Microsoft بعض التحسينات والتغييرات الجوهرية للغاية فيما"
CASE_0245,863112,mixed,7,4252459,0.626,0.626,0,ar,"""conhost.exe هي عملية المضيف الجديدة لإطارات وحدة التحكم. في السابق تم التعامل مع هذه بواسطة csrss.exe وهي عملية تشغيل خادم العميل """"عملية تشغيل خادم العميل"""" ، وهي عملية تعمل بامتيازات على مستوى النظام. بدءًا من Windows Vista ، أجرت Microsoft بعض التحسينات والتغييرات الجوهرية للغاية فيما يتعلق بالأ"
CASE_0245,863112,mixed,8,5398965,0.6238,0.6238,0,ar,يعد مضيف البرامج النصية (WSH) من Microsoft® Windows® Script Host (WSH) مضيفًا لبرمجة نصية مستقلة عن اللغة لمحركات البرمجة النصية المتوافقة مع Windows Script. إنه يجلب البرمجة النصية البسيطة والقوية والمرنة إلى نظام التشغيل Windows 32 بت ، مما يسمح لك بتشغيل البرامج النصية من كل من سطح مكتب Windows و
CASE_0245,863112,mixed,9,3535134,0.6213,0.6213,0,ar,ملخص. يتيح Windows Script Host (WSH) تشغيل البرامج النصية مباشرة في Windows بالنقر المزدوج فوق ملف البرنامج النصي أو عن طريق كتابة اسم ملف البرنامج النصي في موجه الأوامر. مثل Microsoft Internet Explorer ، يعمل WSH كوحدة تحكم في محركات البرمجة النصية لـ ActiveX. يتيح مضيف البرامج النصية (WSH) تشغيل ا
CASE_0245,863112,mixed,10,5951184,0.6181,0.6181,0,ar,حول wshom.ocx (من Microsoft) àMicrosoft Windows šÃ'® Script Host (WSH) هو مضيف برمجة نصية مستقل عن اللغة لمحركات البرمجة النصية المتوافقة مع Windows Script. إنه يجلب البرمجة النصية البسيطة والقوية والمرنة إلى Windows 32 بت. (ملاحظة ، البرامج المدرجة أدناه مخصصة لجميع إصدارات Microsoft â € šÃ'® Windo
CASE_0245,910818,endpoint,1,8191774,0.7203,0.7203,0,ar,باتافيا ، نيويورك (أسوشيتد برس) à بافالو بيلز هول أوف فيم قورتربك يقول جيم كيلي إنه قد تم تشخيص إصابته بسرطان في عظم فكه العلوي وسيخضع لعملية جراحية في 7 يونيو. كيلي يعاني من الحرشفية سرطان الخلايا ، لكنه خضع مؤخرًا لاختبارات لإثبات أن السرطان معزول في فكه ولم ينتشر إلى أجزاء أخرى من جسده. قال كيلي
CASE_0245,910818,endpoint,2,8071966,0.7099,0.7099,0,ar,المزيد عن نوع السرطان الذي يعاني منه جيم كيلي. بيتر أوسترو تاريخ النشر: 3 أبريل 2014 ، 6:19 مساءً التحديث: 18 مايو 2015 ، الساعة 11:21 صباحًا. انقر للمشاركة على Twitter (يفتح في نافذة جديدة) انقر للمشاركة على Google+ (يفتح في نافذة جديدة) شارك على Facebook (يفتح في نافذة جديدة) انقر للمشاركة على Pin
CASE_0245,910818,endpoint,3,151700,0.691,0.691,0,ar,المزيد من جراحة السرطان لجيم كيلي. بوفالو ، نيويورك - من المتوقع أن يخضع جيم كيلي لعملية جراحية بعد عودة سرطان الفم. وتقول زوجته جيل إن السرطان عنيف وبدأ في الانتشار. تقول زوجة جيم كيلي إن سرطانه عدواني وبدأ في الانتشار. خضع نجم بيلز السابق لعملية جراحية في يونيو 2013 لإزالة الخلايا السرطانية في فكه
CASE_0245,910818,endpoint,4,5994333,0.6835,0.6835,0,ar,تقول زوجة جيم كيلي إن سرطانه عدواني وبدأ في الانتشار. خضع نجم بيلز السابق لعملية جراحية في يونيو 2013 لإزالة الخلايا السرطانية في فكه. AP Photo / بيل ويبرت. يتم علاج نجم Buffalo Bills السابق البالغ من العمر 54 عامًا في مدينة نيويورك.
CASE_0245,910818,endpoint,5,8071963,0.6816,0.6816,0,ar,تستمر المحنة لجيم كيلي. تم تشخيص فريق Buffalo Bills Hall-of-Fame بمرض السرطان مرة أخرى ، بعد تسعة أشهر من خضوعه لعملية جراحية لإزالة السرطان من فمه وفكه. تم العثور على التكرار هذا الأسبوع ، خلال زيارة متابعة قام بها كيلي لأطبائه في مركز مقاطعة إيري الطبي.
CASE_0245,910818,endpoint,6,7772691,0.6777,0.6777,0,ar,يبدأ جيم كيلي العلاج الكيميائي اليوم. يسبب السرطان ألما شديدا. كان جيم كيلي يعاني من قدر كبير من الألم منذ شهور. الآن نعرف السبب ، حيث بدأ العلاج الكيميائي اليوم. داخل الملعب وخارجه ، لم يكن جيم كيلي أبدًا من يشكو من الألم. بعد أول عملية جراحية له لإزالة السرطان قبل أقل من عام ، كان Hall of Famer لا
CASE_0245,910818,endpoint,7,8191771,0.6764,0.6764,0,ar,سامح ، جيم كيلي لتقليله من الآثار طويلة المدى لجراحات الرباط الصليبي الأمامي المزدوجة. عاد جيم كيلي من سرطان مزدوج في فكه العلوي. تم تشخيص إصابته بسرطان الخلايا الحرشفية لأول مرة في عام 2013. وأزيلت الجراحة فكه العلوي وعصب V2 وأعادت بنائه. أُعلن أنه خالٍ من السرطان. في مارس 2014 ، عاد السرطان.
CASE_0245,910818,endpoint,8,8071965,0.6749,0.6749,0,ar,Hall of Fame QB Jim Kelly يكافح سرطان الفك. يقول فريق Buffalo Bills Hall of Fame ، جيم كيلي ، إنه تم تشخيص إصابته بسرطان في عظم فكه العلوي وسيخضع لعملية جراحية في 7 يونيو.
CASE_0245,910818,endpoint,9,8191770,0.6628,0.6628,0,ar,أعلن لاعب فريق Buffalo Bills السابق جيم كيلي علنًا أنه سيخضع لعملية جراحية قريبًا لعلاج السرطان في فكه العلوي. قاد كيلي بيلز إلى أربع مباريات في Super Bowl وتم إدخاله في قاعة مشاهير Pro Football في عام 2002.
CASE_0245,910818,endpoint,10,8071969,0.6569,0.6569,0,ar,تلقى لاعب فريق Bills السابق Jim Kelly تشخيصًا إيجابيًا من الأطباء بعد خضوعه لعملية جراحية لإزالة السرطان من فكه. قال جيم روغاش / غيتي إيماجز إنني واثق للغاية من طريقي إلى الشفاء. أخطط لمواجهة هذا التحدي بشكل مباشر ، كما نفعل نحن كيليز دائمًا. نشرت زوجة كيلي ، جيل كيلي ، تحديثات على حسابها على Twitte
CASE_0245,910818,mixed,1,8191774,0.6997,0.6997,0,ar,باتافيا ، نيويورك (أسوشيتد برس) à بافالو بيلز هول أوف فيم قورتربك يقول جيم كيلي إنه قد تم تشخيص إصابته بسرطان في عظم فكه العلوي وسيخضع لعملية جراحية في 7 يونيو. كيلي يعاني من الحرشفية سرطان الخلايا ، لكنه خضع مؤخرًا لاختبارات لإثبات أن السرطان معزول في فكه ولم ينتشر إلى أجزاء أخرى من جسده. قال كيلي
CASE_0245,910818,mixed,2,8715367,0.6977,0.6977,0,ar,جواب سريع. اعتبارًا من ديسمبر 2014 ، أصبح Jim Kelly خاليًا من السرطان. تم تشخيص إصابة لاعب الوسط في Hall of Fame بسرطان عظم الفك العلوي الناتج عن سرطان الخلايا الحرشفية في عام 2013. استمر في التعلم.
CASE_0245,910818,mixed,3,8715368,0.6976,0.6976,0,ar,عودة سرطان HOF QB Jim Kelly. تم تشخيص لاعب الوسط السابق في فريق Buffalo Bills Jim Kelly بتكرار الإصابة بالسرطان. يُظهر اختبار المتابعة أن Hall of Fame QB Jim Kelly قد عانى من تكرار الإصابة بالسرطان في فكه. ومن المقرر أن يسافر إلى مدينة نيويورك الأسبوع المقبل لتلقي العلاج.
CASE_0245,910818,mixed,4,8071965,0.6908,0.6908,0,ar,Hall of Fame QB Jim Kelly يكافح سرطان الفك. يقول فريق Buffalo Bills Hall of Fame ، جيم كيلي ، إنه تم تشخيص إصابته بسرطان في عظم فكه العلوي وسيخضع لعملية جراحية في 7 يونيو.
CASE_0245,910818,mixed,5,7772693,0.6847,0.6847,1,ar,اعتبارًا من ديسمبر 2014 ، أصبح Jim Kelly خاليًا من السرطان. تم تشخيص إصابة لاعب الوسط في Hall of Fame بسرطان عظم الفك العلوي الناتج عن سرطان الخلايا الحرشفية في عام 2013.
CASE_0245,910818,mixed,6,8071966,0.6809,0.6809,0,ar,المزيد عن نوع السرطان الذي يعاني منه جيم كيلي. بيتر أوسترو تاريخ النشر: 3 أبريل 2014 ، 6:19 مساءً التحديث: 18 مايو 2015 ، الساعة 11:21 صباحًا. انقر للمشاركة على Twitter (يفتح في نافذة جديدة) انقر للمشاركة على Google+ (يفتح في نافذة جديدة) شارك على Facebook (يفتح في نافذة جديدة) انقر للمشاركة على Pin
CASE_0245,910818,mixed,7,8071969,0.6719,0.6719,0,ar,تلقى لاعب فريق Bills السابق Jim Kelly تشخيصًا إيجابيًا من الأطباء بعد خضوعه لعملية جراحية لإزالة السرطان من فكه. قال جيم روغاش / غيتي إيماجز إنني واثق للغاية من طريقي إلى الشفاء. أخطط لمواجهة هذا التحدي بشكل مباشر ، كما نفعل نحن كيليز دائمًا. نشرت زوجة كيلي ، جيل كيلي ، تحديثات على حسابها على Twitte
CASE_0245,910818,mixed,8,8191771,0.6657,0.6657,0,ar,سامح ، جيم كيلي لتقليله من الآثار طويلة المدى لجراحات الرباط الصليبي الأمامي المزدوجة. عاد جيم كيلي من سرطان مزدوج في فكه العلوي. تم تشخيص إصابته بسرطان الخلايا الحرشفية لأول مرة في عام 2013. وأزيلت الجراحة فكه العلوي وعصب V2 وأعادت بنائه. أُعلن أنه خالٍ من السرطان. في مارس 2014 ، عاد السرطان.
CASE_0245,910818,mixed,9,5994333,0.6618,0.6618,0,ar,تقول زوجة جيم كيلي إن سرطانه عدواني وبدأ في الانتشار. خضع نجم بيلز السابق لعملية جراحية في يونيو 2013 لإزالة الخلايا السرطانية في فكه. AP Photo / بيل ويبرت. يتم علاج نجم Buffalo Bills السابق البالغ من العمر 54 عامًا في مدينة نيويورك.
CASE_0245,910818,mixed,10,151700,0.658,0.658,0,ar,المزيد من جراحة السرطان لجيم كيلي. بوفالو ، نيويورك - من المتوقع أن يخضع جيم كيلي لعملية جراحية بعد عودة سرطان الفم. وتقول زوجته جيل إن السرطان عنيف وبدأ في الانتشار. تقول زوجة جيم كيلي إن سرطانه عدواني وبدأ في الانتشار. خضع نجم بيلز السابق لعملية جراحية في يونيو 2013 لإزالة الخلايا السرطانية في فكه
CASE_0245,934795,endpoint,1,3631398,0.738,0.738,0,ar,يتراوح متوسط ​​هذا النوع من البناء بين 140 و 150 دولارًا للقدم المربع. يتوافق هذا أيضًا مع بياناتنا الخاصة بالمشاريع المماثلة التي أكملناها في المناطق الوسطى والغربية من البلاد. بالنسبة للكنيسة: عميد ، نحن في المرحلة الأولى لإعادة بناء كنيستنا ونبحث عن إضافة 3-4000 قدم مربع من مساحة الحرم.
CASE_0245,934795,endpoint,2,538230,0.7341,0.7341,0,ar,قال Gehlen إن البناء التجاري ، سواء كان يتضمن كنيسة أو مبنى مكاتب ، قياسي إلى حد ما بحوالي 70 دولارًا للقدم المربع للإطار الخشبي و 110 دولارات للقدم المربع للصلب والخرسانة ، بما في ذلك السباكة الأساسية والأسلاك والتركيبات والتشطيبات. هذا المشروع ، الذي يشمل أقل من 19000 قدم ، هو 4.3 مليون دولار ، أو
CASE_0245,934795,endpoint,3,2184486,0.734,0.734,0,ar,يتراوح متوسط ​​تكلفة القدم المربع من 150 دولارًا أمريكيًا / قدم مربع .... 1. 0. إذا كنت تستأجر عامل بناء لبناء المبنى بأكمله ، فإن متوسط ​​تكلفة القدم المربع يتراوح من 150 دولارًا أمريكيًا / قدم مربع. اعتمادًا على التصميم ومدى تعقيد البناء وخبرة المنشئ. يبدو أن التكلفة تنخفض في مكان ما بين 160 دولار
CASE_0245,934795,endpoint,4,100934,0.7246,0.7246,0,ar,تعتمد الإجابة على المنطقة التي ستبني فيها وجودة ونوع المواد المستخدمة. في المتوسط ​​، تبلغ تكلفة القدم المربع لبناء منزل متوسط ​​125 دولارًا لكل قدم مربع. هناك بعض البنائين الذين يبنون ما يسمى منازل الصيغة. هذا منزل مبني على ملكيتك ، مبني على تصميمات محددة في مجموعة صغيرة من الخيارات والتخطيطات ، با
CASE_0245,934795,endpoint,5,5088142,0.7244,0.7244,0,ar,لنفترض أن المؤسسة التي تبلغ مساحتها 28 قدمًا تبلغ 15000 دولارًا أمريكيًا. ستكون تكلفة القدم المربع (للمنزل الجاهز) 15000 دولار / 1400 = 10.71 دولار / سادس للمنزل الأصغر و 15000/2800 دولار = 5.36 دولار للمنزل الأكبر. إذن هذا مجرد مثال واحد يوضح كيف تتأثر تكاليف القدم المربعة للبناء الجديد بالعديد من
CASE_0245,934795,endpoint,6,4333618,0.7225,0.7225,0,ar,مرحبًا يا ميسي ، تتراوح تكلفة البناء للقدم المربع من حوالي 180 دولارًا إلى 200 دولار للقدم المربع وهذا يعتمد بشكل كبير على جودة البناء. بعض الأشياء التي تدخل في تكاليف البناء ليست فقط العمالة والمواد ، ولكن تكاليف التصاريح والنفقات العامة للمقاول.
CASE_0245,934795,endpoint,7,538231,0.7223,0.7223,0,ar,1 إذا كان المصلين يخططون لشراء كنيسة فولاذية مسبقة الصنع وإقامتها ، فقد تكلف المواد في مكان ما حوالي 5 دولارات إلى 15 دولارًا للقدم المربع. 2 ومع ذلك ، فكلما زاد حجم مبنى الكنيسة الفولاذي ، ستكون تكاليف المواد الأقل. على سبيل المثال ، يمكن شراء المواد الخاصة بكنيسة تبلغ مساحتها 30 ألف قدم مربع مقابل
CASE_0245,934795,endpoint,8,6161241,0.7218,0.7218,0,ar,تعتمد الإجابة على المنطقة التي ستبني فيها وجودة ونوع المواد المستخدمة. في المتوسط ​​، تبلغ تكلفة القدم المربع لبناء منزل متوسط ​​125 دولارًا لكل قدم مربع. هناك بعض البنائين الذين يبنون ما يسمى منازل الصيغة ، وهو منزل مبني على ملكيتك ، مبني على تصميمات محددة في مجموعة صغيرة من الاختيارات والتخطيطات ،
CASE_0245,934795,endpoint,9,4798499,0.7213,0.7213,0,ar,لنفترض أن المؤسسة التي تبلغ مساحتها 28 قدمًا تبلغ 15000 دولارًا أمريكيًا. ستكون تكلفة القدم المربع (للمنزل الجاهز) 15000 دولار / 1400 = 10.71 دولار / سادس للمنزل الأصغر و 15000/2800 دولار = 5.36 دولار للمنزل الأكبر. إذن هذا مجرد مثال واحد يوضح كيف تتأثر تكاليف القدم المربعة للبناء الجديد بالعديد من
CASE_0245,934795,endpoint,10,5604452,0.7205,0.7205,0,ar,بشكل عام ، نجد أن سعر سعر القدم المربع يكون قريبًا: 1 ​​$ 140 - 160 $ ​​للقدم المربع لبناء منزل خاص بك (بناء ذاتي ) 2 170 دولارًا - 200 دولار للقدم المربع لاستئجار منشئ منزل مخصص.
CASE_0245,934795,mixed,1,3631398,0.7436,0.7436,0,ar,يتراوح متوسط ​​هذا النوع من البناء بين 140 و 150 دولارًا للقدم المربع. يتوافق هذا أيضًا مع بياناتنا الخاصة بالمشاريع المماثلة التي أكملناها في المناطق الوسطى والغربية من البلاد. بالنسبة للكنيسة: عميد ، نحن في المرحلة الأولى لإعادة بناء كنيستنا ونبحث عن إضافة 3-4000 قدم مربع من مساحة الحرم.
CASE_0245,934795,mixed,2,538230,0.7326,0.7326,0,ar,قال Gehlen إن البناء التجاري ، سواء كان يتضمن كنيسة أو مبنى مكاتب ، قياسي إلى حد ما بحوالي 70 دولارًا للقدم المربع للإطار الخشبي و 110 دولارات للقدم المربع للصلب والخرسانة ، بما في ذلك السباكة الأساسية والأسلاك والتركيبات والتشطيبات. هذا المشروع ، الذي يشمل أقل من 19000 قدم ، هو 4.3 مليون دولار ، أو
CASE_0245,934795,mixed,3,538231,0.7247,0.7247,0,ar,1 إذا كان المصلين يخططون لشراء كنيسة فولاذية مسبقة الصنع وإقامتها ، فقد تكلف المواد في مكان ما حوالي 5 دولارات إلى 15 دولارًا للقدم المربع. 2 ومع ذلك ، فكلما زاد حجم مبنى الكنيسة الفولاذي ، ستكون تكاليف المواد الأقل. على سبيل المثال ، يمكن شراء المواد الخاصة بكنيسة تبلغ مساحتها 30 ألف قدم مربع مقابل
CASE_0245,934795,mixed,4,538224,0.723,0.723,0,ar,1 ومع ذلك ، فكلما زاد حجم مبنى الكنيسة الفولاذي ، ستكون تكاليف المواد الأقل. 2 على سبيل المثال ، يمكن شراء المواد الخاصة بكنيسة تبلغ مساحتها 30 ألف قدم مربع مقابل أقل من 8 دولارات إلى 10 دولارات للقدم المربع. على سبيل المثال ، يمكن شراء المواد الخاصة بكنيسة تبلغ مساحتها 30 ألف قدم مربع مقابل مبلغ ضئ
CASE_0245,934795,mixed,5,7781139,0.7167,0.7167,1,ar,"""تبلغ تكلفة هذا المشروع ، الذي يشمل أقل من 19000 قدم ، 4.3 مليون دولار ، أو حوالي 239 دولارًا للقدم المربع. في كل حالة تقريبًا ، عندما يتم فحص تكاليف بناء الكنيسة ، ستكلف الكنيسة الكاثوليكية أكثر Ã''¬Ã' أكثر من ٥٠ ٪ للقدم المربع أكثر من نظيرتها. الكنيسة البروتستانتية. قال الأب جوزيف ميتشل ، راعي أبر"
CASE_0245,934795,mixed,6,5110816,0.7111,0.7111,0,ar,قال Gehlen إن البناء التجاري ، سواء كان يتضمن كنيسة أو مبنى مكاتب ، قياسي إلى حد ما بحوالي 70 دولارًا للقدم المربع للإطار الخشبي و 110 دولارات للقدم المربع للصلب والخرسانة ، بما في ذلك السباكة الأساسية والأسلاك والتركيبات والتشطيبات. في الحالة ، عندما يتم فحص تكاليف بناء الكنيسة ، ستكلف الكنيسة الكا
CASE_0245,934795,mixed,7,5110815,0.7084,0.7084,0,ar,"""تبلغ تكلفة هذا المشروع ، الذي يشمل أقل من 19000 قدم ، 4.3 مليون دولار ، أو حوالي 239 دولارًا للقدم المربع. في كل حالة تقريبًا ، عندما يتم فحص تكاليف بناء الكنيسة ، ستكلف الكنيسة الكاثوليكية أكثر Ã''¬Ã' أكثر من ٥٠ ٪ للقدم المربع أكثر من نظيرتها. الكنيسة البروتستانتية. - قال الأب جوزيف ميتشل ، راعي أ"
CASE_0245,934795,mixed,8,5956839,0.7019,0.7019,0,ar,سيبدأ البناء الجديد بين 250 دولارًا للقدم المربع و 500 دولار للقدم المربع: وهذا يعني ما بين 275000 دولار إلى 550 ألف دولار غير شامل تكلفة الأرض. 0 تصويتات 10 مايو 2012.
CASE_0245,934795,mixed,9,4333618,0.6983,0.6983,0,ar,مرحبًا يا ميسي ، تتراوح تكلفة البناء للقدم المربع من حوالي 180 دولارًا إلى 200 دولار للقدم المربع وهذا يعتمد بشكل كبير على جودة البناء. بعض الأشياء التي تدخل في تكاليف البناء ليست فقط العمالة والمواد ، ولكن تكاليف التصاريح والنفقات العامة للمقاول.
CASE_0245,934795,mixed,10,6152989,0.698,0.698,0,ar,سيبدأ البناء الجديد بين 250 دولارًا للقدم المربع و 500 دولار للقدم المربع: وهذا يعني ما بين 275000 دولار إلى 550 ألف دولار غير شامل تكلفة الأرض. 0 تصويتات 10 مايو 2012. إلغاء.
CASE_0245,1000864,endpoint,1,2434210,0.5837,0.5837,0,ar,كنت أتحدث في الشهرين الماضيين عن قوة الشفاء للطين. كما رأيت ، هناك استخدامات لا حصر لها للطين داخليًا وخارجيًا. أنا متحمس جدًا اليوم للحديث عن أحد المنتجات التي نستخدمها هنا في المركز الصحي ونوصي بمجموعة متنوعة من المشاكل.
CASE_0245,1000864,endpoint,2,7262315,0.5824,0.5824,1,ar,طين Aztec Secret الهندي العلاجي هو طين البنتونيت من وادي الموت بكاليفورنيا ، حيث يتم تجفيفه بالشمس لمدة تصل إلى ستة أشهر في درجات حرارة تصل أحيانًا إلى 134 درجة. علاجات للوجه ، حب الشباب ، لفائف الجسم ، حمامات الطين ، نقع القدمين ، الطين المبرد لحزم الركبة ولدغ الحشرات. استمتع بفوائد الطين في منزلك.
CASE_0245,1000864,endpoint,3,7262321,0.5776,0.5776,0,ar,طين الشفاء الهندي الأزتك تاريخ موجز - أقوى وجه في العالم يستخدم الطين مع خل التفاح يمكن أن يعود إلى القس الفرنسي الجنوبي في القرن السادس عشر ، كنيب ، و العلاجات الطبيعية باستخدام عبوات الطين والكمادات. على مر التاريخ ، تم توثيق استخدام الطين ، وخاصة الطين الأخضر أو ​​البنتونيت ، بشكل جيد.
CASE_0245,1000864,endpoint,4,6422520,0.5718,0.5718,0,ar,1 1/4 كوب من بذور الكتان الكاملة (الحمراء أو الذهبية) (اشترِ من متاجر الأطعمة الصحية أو أمازون). حزمة واحدة سوف تدوم طويلا. 2 2 كوب ماء. أضف الزيوت الأساسية أو هلام الصبار للحصول على فوائد إضافية (اختياري) استخدمت بضع قطرات من إكليل الجبل.
CASE_0245,1000864,endpoint,5,4405779,0.5675,0.5675,0,ar,إخلاء المسؤولية: أنا لست طبيباً ، استشر طبيبك أولاً للتأكد من أنه يمكنك تناول أي شاي موصى به ، Medecine. أنا أشارك رحلتي الشخصية في العيش مع الأورام الليفية. اشتريت DANDELION ROOT على العنوان التالي: The Herb Shoppe: 394 Atlantic Ave، Brooklyn، http://www.theherbshoppe.net تعريفات WikiPedia:
CASE_0245,1000864,endpoint,6,7262323,0.5661,0.5661,0,ar,100٪ كالسيوم طبيعي بنتونايت (أخضر) طين - مجفف في الشمس - بدون إضافات 0 بدون عطور اتجاهات اخلط طين Aztec secert الهندي العلاجي مع أجزاء متساوية من خل التفاح أو الماء.من الأفضل استخدام الزجاج أو الفخار أو وعاء خشبي. حرك الخليط حتى يصبح معجونًا ناعمًا - أضف المزيد من الطين أو السائل حسب الحاجة.
CASE_0245,1000864,endpoint,7,8603250,0.5639,0.5639,0,ar,أنا فقط أخلط لي مع الماء كما يقولون وأشربه بسرعة. أفضل علامة تجارية وجدتها كانت مسحوق سيلليوم Source Naturals. أعتقد أنه يبدو أنه يساعد إلى حد ما. لقد مزجته مع طين البنتونيت السائل من Great Plains من قبل ، وربما ساعدني في مغفرة سابقة ، لكنه يميل إلى الإمساك قليلاً.
CASE_0245,1000864,endpoint,8,4071763,0.5637,0.5637,0,ar,حيث لشراء زيت بذور الكتان. يمكن شراء زيت الكتان من العديد من المتاجر المحلية مثل محلات البقالة أو متاجر الأطعمة الصحية أو الصيدليات. وبالطبع يمكنك شراء زيت الكتان عبر الإنترنت. ولكن قبل الشراء ، يرجى قراءة القسم التالي: هناك بعض الأشياء التي يجب أن تعرفها قبل شراء زيت بذور الكتان.
CASE_0245,1000864,endpoint,9,396306,0.5621,0.5621,0,ar,اشترِ كانا من أزاريوس. 1 Ethno Vape Kanna (Sceletium Tortuosum) 2 Gold Rush. 3 كنا (سكليتيوم تورتوسوم) 4 بذور كنا (سكليتيوم تورتوسوم). 5 Kanna (Sceletium Tortuosum) من مستخلص ET2. 6 مستخلص كنا (سكليتيوم تورتوسوم) 10x. 7 Kanna (Sceletium Tortuosum) مستخلص UB40. 8 Kanna (Sceletium Tortuosum) مستخلص جا
CASE_0245,1000864,endpoint,10,4374386,0.5611,0.5611,0,ar,المكان الوحيد لشراء هذا العلاج المضاد للفطريات هو عبر الإنترنت. لن تحصل على أفضل سعر عند الطلب عبر الإنترنت فحسب ، بل يمكنك شراء Zetaclear في المملكة المتحدة أو كندا أو أستراليا أو جنوب إفريقيا أو نيوزيلندا أو سنغافورة أو أينما كنت في العالم وشحنها إلى باب منزلك.
CASE_0245,1000864,mixed,1,7262315,0.6083,0.6083,1,ar,طين Aztec Secret الهندي العلاجي هو طين البنتونيت من وادي الموت بكاليفورنيا ، حيث يتم تجفيفه بالشمس لمدة تصل إلى ستة أشهر في درجات حرارة تصل أحيانًا إلى 134 درجة. علاجات للوجه ، حب الشباب ، لفائف الجسم ، حمامات الطين ، نقع القدمين ، الطين المبرد لحزم الركبة ولدغ الحشرات. استمتع بفوائد الطين في منزلك.
CASE_0245,1000864,mixed,2,2912160,0.5681,0.5681,0,ar,إذا كان لديك فرصة لزيارتها شخصيًا (كما فعلت) ، فافعل ذلك! في غضون ذلك ، تحقق من قسم الأبحاث وابحث عن Aztec. تعرف على المزيد حول فخار الأزتك القديم
CASE_0245,1000864,mixed,3,6580497,0.5681,0.5681,0,ar,أجاب Pokemoncloud: لقد وجدت أحمالًا في البرية بالقرب من بداية اللعبة. المناطق العشبية في طريقك إلى طريق النصر من المدينة الثانية ، لذا نعم الطريق 22 ، جرب أوقاتًا مختلفة خلال اليوم ستصطدم بها قريبًا. (إذا كنت تحاول الحصول على رفاهية ، فلا تزعج نفسك أثناء القصة ستحصل على واحدة على أي حال). أتمنى أن ي
CASE_0245,1000864,mixed,4,1177781,0.5646,0.5646,0,ar,وفقًا لـ Dimmit (المرجع السابق ، ص 162) ، تم العثور على Soaptree Yucca بشكل أساسي في الصحراء العشبية من وسط أريزونا إلى غرب تكساس وشمال المكسيك ويمتد نطاقها إلى الهامش العلوي لمرتفعات أريزونا ، من 1500 إلى 6000 '.
CASE_0245,1000864,mixed,5,2978526,0.5641,0.5641,0,ar,غالبًا ما يشير مصطلح Aztec حصريًا إلى شعب Mexica في Tenochtitlan (الآن موقع مكسيكو سيتي) ، الواقعين على جزيرة في بحيرة Texcoco ، والذين أشاروا إلى أنفسهم باسم MÃ⠀ xihcah Tenochcah [meÃ⠀ â € 'Ë † ÃÅ'iÊÂ⠀ kaÊ⠀ teÃ⠀ ¹Ã'Ë notà ¡ÊkaÊ⠀] أو CÃ⠀ ¦Ã lhuah Mexihcah [ € ¹Ã'Ë † koÃ⠂lwaÊ⠀ meÃ⠀ iaa'i âa â ؟؟؟؟؟؟؟
CASE_0245,1000864,mixed,6,8670930,0.5615,0.5615,0,ar,أطلال الأزتك. إذا كنت تبحث عن استكشاف أطلال الأزتك وترغب في العثور على أفضل الأماكن لعرض تاريخ الأزتك ، فيمكنك استكشاف خريطتنا التفاعلية أعلاه أو التنقل بشكل أكبر باستخدام الروابط أدناه. هناك مجموعة كبيرة من مواقع Aztec Ruins ومواقع Aztec ويمكنك التخطيط لبعض الأشياء الرائعة لمشاهدتها في رحلاتك. بمجر
CASE_0245,1000864,mixed,7,4188629,0.5598,0.5598,0,ar,يمكنك إحضارهم إلى أي من مواقع متاجر التوفير المحلية للبرنامج: 7361 Airline Highway in Baton Rouge ؛ 57960 شارع Plaquemine في Plaquemine ؛ و 218 E. شارع بايو نارسيس في غونزاليس. قدر مدير الأعمال أرنولد ماكدوفي أن جيش الخلاص المحلي باع حوالي 2000 رطل من الخرز العام الماضي.
CASE_0245,1000864,mixed,8,5969208,0.559,0.559,0,ar,Ghost Mushroom هو عشب يمكن أن يجمعه المعالجون بالأعشاب. يتطلب 245 في Herbalism لجمع. بقدر ما يذهب أزيروث ، لا يمكن العثور على Ghost Mushrooms إلا في المناطق النائية (في الكهف أسفل صخرة Skulk وفي الكهف بالقرب من المذبح في Jintha'Alor) و Razorfen Downs و Maraudon و Dire Maul. ينموون حصريًا تحت الأرض.
CASE_0245,1000864,mixed,9,7266264,0.5589,0.5589,0,ar,الإجابة: أفضل الأماكن للعثور على الأخشاب الطافية هي على شواطئ شمال كاليفورنيا مثل هذه. ومع ذلك ، يجب أن تكون قادرًا على العثور على الكثير في منطقة الخليج وعلى الساحل الأوسط. ضع في اعتبارك أن الأخشاب الطافية يتم غسلها في اتجاه مجرى النهر من مناطق الغابات ثم تقذف على الساحل. لذلك من المرجح أن تجده حيث
CASE_0245,1000864,mixed,10,3275046,0.5576,0.5576,0,ar,ابحث عنها في مركز الحديقة / متجر البقالة المحلي الخاص بك ، أو اطلبها عبر الإنترنت من شركة البذور الإقليمية ، التي انضمت إلى هذا الجهد وجمعت مجموعة رائعة من النباتات والبذور الصديقة للكوكتيل. فيما يلي النباتات الموجودة في مجموعة Heart of Agave Tequila Garden الخاصة بنا: Sage âGroweràâââ ؟؟ s Friendà€
CASE_0245,1007959,endpoint,1,7250989,0.7476,0.7476,0,ar,ما هو الفرق بين العاصفة الثلجية والأعاصير؟ العاصفة الثلجية هي عاصفة شتوية تنتج رياحًا تصل سرعتها إلى 35 ميلًا في الساعة على الأقل ، وتهب ثلوجًا ، وتكون الرؤية لمسافة 1/4 ميل أو أقل. الإعصار هو عمليا أي نظام ضغط جوي منخفض بمقياس كبير مع دوران مغلق.
CASE_0245,1007959,endpoint,2,7250988,0.7448,0.7448,1,ar,يكمن الفرق بين العاصفة الثلجية والعواصف الشتوية في وجود الرياح وقوتها. العواصف الثلجية هي عواصف ثلجية ضخمة مصحوبة برياح قوية.
CASE_0245,1007959,endpoint,3,7250991,0.7421,0.7421,0,ar,ما هو الفرق بين عاصفة ثلجية وعاصفة ثلجية؟ يكمن الفرق بين العواصف الثلجية والعواصف الثلجية بين قوة ووجود الرياح ومقدار الرياح الموجودة ومدى قوتها. العواصف الثلجية هي عواصف ثلجية ضخمة أو عواصف شتوية مصحوبة برياح قوية وقوية.
CASE_0245,1007959,endpoint,4,8546115,0.7357,0.7357,0,ar,العاصفة الثلجية هي عاصفة شتوية كبيرة. يجلب درجات حرارة منخفضة ورياحًا قوية وكثيرًا من تساقط الثلوج. تبدأ العواصف الثلجية عندما يلامس نظام الضغط العالي نظام الضغط المنخفض. العاصفة الثلجية هي عاصفة ثلجية شديدة عادة ما تكون ذات درجات حرارة شديدة البرودة ورياح شديدة. هاتان الحالتان تخلقان هبوب ثلج.
CASE_0245,1007959,endpoint,5,300604,0.7347,0.7347,0,ar,عاصفة ثلجية معتدلة. العاصفة الشتوية هي حدث تتشكل فيه أنواع مختلفة من الأمطار التي تحدث فقط في درجات حرارة منخفضة ، مثل الثلج أو الصقيع ، أو عاصفة ممطرة حيث تكون درجات حرارة الأرض منخفضة بما يكفي للسماح بتكوين الجليد (أي المطر المتجمد).
CASE_0245,1007959,endpoint,6,3623894,0.729,0.729,0,ar,عواصف الشتاء. العاصفة الشتوية عبارة عن مزيج من الثلوج الكثيفة والثلوج العاصفة و / أو قشعريرة رياح خطيرة. عاصفة شتوية تهدد الحياة. العواصف الثلجية عبارة عن عواصف شتوية خطيرة تتكون من مزيج من تساقط الثلوج والرياح مما يؤدي إلى ضعف الرؤية. في حين أن تساقط الثلوج بغزارة والبرد الشديد غالبًا ما يصاحب العو
CASE_0245,1007959,endpoint,7,7579157,0.7282,0.7282,0,ar,بحكم التعريف ، فإن العاصفة الثلجية هي عاصفة شتوية تجلب مزيجًا من الرياح ، والثلوج المتساقطة أو المتساقطة ، والرياح الباردة القارسة أو درجات الحرارة إلى المنطقة المحذرة على مدى عدة ساعات. الرؤية في حالة العاصفة الثلجية أقل من ميل ، وظروف البياض شائعة في المناطق المفتوحة.
CASE_0245,1007959,endpoint,8,7250992,0.7217,0.7217,0,ar,ما هو الفرق بين العواصف الثلجية والأعاصير؟ العاصفة الثلجية هي عاصفة تتساقط فيها كميات كبيرة من الثلوج المتساقطة أو العاصفة ، والرياح التي لا تقل سرعتها عن 35 ميلاً في الساعة ، والرؤية أقل من 1/4 ميل. تؤثر العاصفة الثلجية عادة على مساحة كبيرة إلى حد ما.
CASE_0245,1007959,endpoint,9,8556130,0.7215,0.7215,0,ar,العاصفة الثلجية هي عاصفة شتوية قوية تتميز بعواصف ثلجية ورياح لا تقل سرعتها عن 35 ميلاً في الساعة ورؤية أقل من 1/4 ميل. لكي تعتبر عاصفة ثلجية ، يجب أن تستمر هذه الظروف لمدة 3 ساعات على الأقل. الإعصار هو إعصار استوائي شديد مع رياح مستمرة لا تقل سرعتها عن 74 ميلاً في الساعة.
CASE_0245,1007959,endpoint,10,7250986,0.7169,0.7169,0,ar,في الولايات المتحدة ، تُعرِّف دائرة الأرصاد الجوية الوطنية العاصفة الثلجية بأنها عاصفة ثلجية شديدة تتميز بالرياح القوية التي تسبب هبوب ثلوج تؤدي إلى انخفاض مستوى الرؤية. الفرق بين العاصفة الثلجية والعاصفة الثلجية هو قوة الرياح ، وليس كمية الثلج.
CASE_0245,1007959,mixed,1,7250988,0.7239,0.7239,1,ar,يكمن الفرق بين العاصفة الثلجية والعواصف الشتوية في وجود الرياح وقوتها. العواصف الثلجية هي عواصف ثلجية ضخمة مصحوبة برياح قوية.
CASE_0245,1007959,mixed,2,7250991,0.7111,0.7111,0,ar,ما هو الفرق بين عاصفة ثلجية وعاصفة ثلجية؟ يكمن الفرق بين العواصف الثلجية والعواصف الثلجية بين قوة ووجود الرياح ومقدار الرياح الموجودة ومدى قوتها. العواصف الثلجية هي عواصف ثلجية ضخمة أو عواصف شتوية مصحوبة برياح قوية وقوية.
CASE_0245,1007959,mixed,3,7250989,0.7023,0.7023,0,ar,ما هو الفرق بين العاصفة الثلجية والأعاصير؟ العاصفة الثلجية هي عاصفة شتوية تنتج رياحًا تصل سرعتها إلى 35 ميلًا في الساعة على الأقل ، وتهب ثلوجًا ، وتكون الرؤية لمسافة 1/4 ميل أو أقل. الإعصار هو عمليا أي نظام ضغط جوي منخفض بمقياس كبير مع دوران مغلق.
CASE_0245,1007959,mixed,4,3623894,0.6921,0.6921,0,ar,عواصف الشتاء. العاصفة الشتوية عبارة عن مزيج من الثلوج الكثيفة والثلوج العاصفة و / أو قشعريرة رياح خطيرة. عاصفة شتوية تهدد الحياة. العواصف الثلجية عبارة عن عواصف شتوية خطيرة تتكون من مزيج من تساقط الثلوج والرياح مما يؤدي إلى ضعف الرؤية. في حين أن تساقط الثلوج بغزارة والبرد الشديد غالبًا ما يصاحب العو
CASE_0245,1007959,mixed,5,7250992,0.6826,0.6826,0,ar,ما هو الفرق بين العواصف الثلجية والأعاصير؟ العاصفة الثلجية هي عاصفة تتساقط فيها كميات كبيرة من الثلوج المتساقطة أو العاصفة ، والرياح التي لا تقل سرعتها عن 35 ميلاً في الساعة ، والرؤية أقل من 1/4 ميل. تؤثر العاصفة الثلجية عادة على مساحة كبيرة إلى حد ما.
CASE_0245,1007959,mixed,6,300604,0.6772,0.6772,0,ar,عاصفة ثلجية معتدلة. العاصفة الشتوية هي حدث تتشكل فيه أنواع مختلفة من الأمطار التي تحدث فقط في درجات حرارة منخفضة ، مثل الثلج أو الصقيع ، أو عاصفة ممطرة حيث تكون درجات حرارة الأرض منخفضة بما يكفي للسماح بتكوين الجليد (أي المطر المتجمد).
CASE_0245,1007959,mixed,7,8546115,0.6693,0.6693,0,ar,العاصفة الثلجية هي عاصفة شتوية كبيرة. يجلب درجات حرارة منخفضة ورياحًا قوية وكثيرًا من تساقط الثلوج. تبدأ العواصف الثلجية عندما يلامس نظام الضغط العالي نظام الضغط المنخفض. العاصفة الثلجية هي عاصفة ثلجية شديدة عادة ما تكون ذات درجات حرارة شديدة البرودة ورياح شديدة. هاتان الحالتان تخلقان هبوب ثلج.
CASE_0245,1007959,mixed,8,8556130,0.667,0.667,0,ar,العاصفة الثلجية هي عاصفة شتوية قوية تتميز بعواصف ثلجية ورياح لا تقل سرعتها عن 35 ميلاً في الساعة ورؤية أقل من 1/4 ميل. لكي تعتبر عاصفة ثلجية ، يجب أن تستمر هذه الظروف لمدة 3 ساعات على الأقل. الإعصار هو إعصار استوائي شديد مع رياح مستمرة لا تقل سرعتها عن 74 ميلاً في الساعة.
CASE_0245,1007959,mixed,9,8556137,0.667,0.667,0,ar,غالبًا ما ينتج عنها هطول الأمطار وقد تنتج رياحًا قوية. العاصفة الثلجية هي عاصفة شتوية تنتج رياحًا لا تقل سرعتها عن 35 ميلًا في الساعة ، وتهب ثلوجًا ، ورؤية تبلغ 1/4 ميل أو أقل. العديد من العواصف الثلجية تكون في منتصف خطوط العرض أو الأعاصير القطبية. الإعصار هو إعصار استوائي قوي مع رياح لا تقل سرعتها
CASE_0245,1007959,mixed,10,7250986,0.6664,0.6664,0,ar,في الولايات المتحدة ، تُعرِّف دائرة الأرصاد الجوية الوطنية العاصفة الثلجية بأنها عاصفة ثلجية شديدة تتميز بالرياح القوية التي تسبب هبوب ثلوج تؤدي إلى انخفاض مستوى الرؤية. الفرق بين العاصفة الثلجية والعاصفة الثلجية هو قوة الرياح ، وليس كمية الثلج.
CASE_0245,1009961,endpoint,1,7248027,0.6621,0.6621,0,ar,يمكن أن يكون نبات أذن الحملان غازيًا. أذن الحملان هي عينة نباتية رائعة. وهو أيضا عشب. كان يُنظر إلى المسكوكة ذات مرة على أنها ذات قيمة طبية ، ولكنها تستخدم اليوم بشكل أساسي كنبات للزينة. ينمو جيدًا في المناطق من أربعة إلى تسعة في الولايات المتحدة. إنه نبات أصلي في جنوب آسيا. المصنع هو نبات شعبي شديد
CASE_0245,1009961,endpoint,2,7248023,0.6486,0.6486,1,ar,نصائح زراعة لأذن الحمل. الأوراق الناعمة والفضية لأذن الضأن (Stachys byzantina) تطلب عمليا أن يتم مسكها أثناء مرورك بها في الحديقة. موطنها الأصلي تركيا وإيران والقوقاز ، تتميز أذن الحمل بأزهار معمرة من الأوراق منخفضة النمو متجمعة لتشكل أكوامًا من أوراق الشجر. يُزرع في الغالب لأوراقه المخملية الفضية ا
CASE_0245,1009961,endpoint,3,5526700,0.6061,0.6061,0,ar,تعود أصول نباتات أذن الفيل إلى آسيا الاستوائية ، وقد اشتق اسمها من أوراقها الضخمة التي يبلغ عرضها قدمين وطولها 3 أقدام والتي تتخذ شكل قلب. تنمو النباتات من 4 إلى 8 أقدام في الارتفاع وتعمل بشكل جيد في تكساس. إذا كنت تعيش في المناطق الأكثر دفئًا في الولاية ، فقم بتنمية أذن الفيل في الظل. يستطيع البستا
CASE_0245,1009961,endpoint,4,2264911,0.5773,0.5773,0,ar,ملخص. آذان الفيل (Colocasia esculenta) هي نباتات استوائية تزدهر في ضوء الشمس أو الظل وتحتاج إلى بيئة رطبة. في المناطق الشمالية ، مثل منطقة USDA Plant Hardiness Zone 6 ، تنمو آذان الفيل من الدرنات أو الديدان ، التي يتم حفرها كل خريف وتزرع مرة أخرى في الربيع ، ومن الممكن إحضار النبات إلى المنزل لفصل ا
CASE_0245,1009961,endpoint,5,4890729,0.5762,0.5762,0,ar,يجب أن ترسو الحملان في المفصل الملموس الثالث أو إلى طرف الفرج في النعاج وبنفس الطول في wethers لتقليل مخاطر الطيران. الحملان ذات الذيل القصير لديها معدلات أعلى من هبوط المستقيم وسرطان الفرج. لا يعني إرساء الذيل بطول أقصر بالضرورة عددًا أقل من الضربات الجوية.
CASE_0245,1009961,endpoint,6,1789999,0.5762,0.5762,0,ar,مواد لم تنسبه الى مصدر يجوز الطعن وإزالتها. (مايو 2012) يحدث نمو شعر الإنسان في كل مكان على الجسم باستثناء باطن القدمين والشفتين وراحتَي اليدين وبعض المناطق التناسلية الخارجية والسرة والأنسجة الندبية ، وبصرف النظر عن الرموش ، الجفون.
CASE_0245,1009961,endpoint,7,6472730,0.5709,0.5709,0,ar,تنمو أذن الفيل في تربة التأصيص القياسية. عند الزراعة ، اضبط قاعدة مستوى السيقان مع التربة. اترك مسافة بوصة واحدة بين التربة وأعلى الأصيص لسقيها بسهولة. ضع الحاوية في منطقة مشمسة بالكامل أو مظللة جزئيًا.
CASE_0245,1009961,endpoint,8,6633570,0.5705,0.5705,0,ar,يمكن زراعة آذان الفيل في الداخل أو احتواؤها في الحدائق الخارجية. تنمو نباتات أذن الفيل في العديد من الأنواع بأحجام وأشكال وألوان مختلفة. توجد الأنواع الغازية في أجزاء معينة من البلاد ، ومعرفة الأنواع التي لديها القدرة على الانتشار العدواني يساعد عند اختيار صنف معين. تأتي أنواع Alocasia من أذن الفيل
CASE_0245,1009961,endpoint,9,5442885,0.5702,0.5702,0,ar,توصي Susun Weed باستخدام زيت لسان الحمل على الرضع والأطفال الصغار بدلاً من المستحضرات أو الفازلين. يعتبر الزيت النباتي الطبيعي المشبع بجوهر الشفاء اللطيف من لسان الحمل أكثر صحة بكثير عند وضعه على بشرة الطفل الرقيقة أكثر من المستحضرات المحملة بالمواد الكيميائية أو المنتجات البترولية. النمو والموئل -
CASE_0245,1009961,endpoint,10,2355938,0.5664,0.5664,0,ar,يحدث نمو شعر الإنسان في كل مكان من الجسم باستثناء الهالة ، وباطن القدمين ، والشفتين ، وراحتَي اليدين ، وبصرف النظر عن الرموش ، الجفون.
CASE_0245,1009961,mixed,1,7248023,0.5994,0.5994,1,ar,نصائح زراعة لأذن الحمل. الأوراق الناعمة والفضية لأذن الضأن (Stachys byzantina) تطلب عمليا أن يتم مسكها أثناء مرورك بها في الحديقة. موطنها الأصلي تركيا وإيران والقوقاز ، تتميز أذن الحمل بأزهار معمرة من الأوراق منخفضة النمو متجمعة لتشكل أكوامًا من أوراق الشجر. يُزرع في الغالب لأوراقه المخملية الفضية ا
CASE_0245,1009961,mixed,2,8822378,0.5893,0.5893,0,ar,ينمو في: المنطقة 9B - 25 درجة إلى 30 درجة فهرنهايت من خلال المنطقة 11 - فوق 40 درجة فهرنهايت - التعرض لأشعة الشمس: شمس كاملة / معظمها ، شمس الصباح / ظلال المساء، ظل الصباح / شمس المساء. تصريف التربة: مصفوف بشكل جيد ، جاف بشكل معتدل. مقاومة: مقاومة الغزلان ، الجفاف ، الحشرات ، المرض ، العفن ، الحرارة
CASE_0245,1009961,mixed,3,7702840,0.5808,0.5808,0,ar,أردت أن أعرف ما إذا كان بإمكاني زراعة الهليون هنا في هذه المنطقة. شارلوت من وادي السلام يقول: 27 مارس 2013 الساعة 10:41 صباحًا. Page ، يبدو أنك شرق سلسلة Cascade Range ، لذا لن تواجه مشكلة في زراعة الهليون.
CASE_0245,1009961,mixed,4,5136211,0.5785,0.5785,0,ar,تعتبر معظم نباتات Taro / Elephant Ear نباتات استوائية ، وبالتالي فهي حساسة للصقيع. تحتاج غالبية هذه النباتات إلى النمو في المناطق 10-11 بدرجات حرارة دافئة ومناخ رطب. هناك بعض آذان الفيلة المزخرفة والتي تعتبر استثناءات ويمكن أن تنمو بسهولة في المناطق السفلية. وتختلف عن باقي نباتات القلقاس الخاصة بي م
CASE_0245,1009961,mixed,5,4634203,0.5758,0.5758,0,ar,حاويات. يمكنك دائمًا زراعة الخزامى في أصص ونقله لمتابعة أشعة الشمس أو حتى إحضاره إلى الداخل لفصل الشتاء. على الرغم من أن اللافندر يحتوي على نظام جذر كبير ومنتشر ، إلا أنه يفضل النمو في مساحة ضيقة. سيكون القدر الذي يمكن أن يستوعب كرة الجذر ببضع بوصات لتجنيبها خيارًا جيدًا ، مثل العديد من النباتات الم
CASE_0245,1009961,mixed,6,2264911,0.5669,0.5669,0,ar,ملخص. آذان الفيل (Colocasia esculenta) هي نباتات استوائية تزدهر في ضوء الشمس أو الظل وتحتاج إلى بيئة رطبة. في المناطق الشمالية ، مثل منطقة USDA Plant Hardiness Zone 6 ، تنمو آذان الفيل من الدرنات أو الديدان ، التي يتم حفرها كل خريف وتزرع مرة أخرى في الربيع ، ومن الممكن إحضار النبات إلى المنزل لفصل ا
CASE_0245,1009961,mixed,7,6521396,0.5666,0.5666,0,ar,"""إذا كان الأمر كذلك ، فهو مجرد حوذان مختلفة تخبرك - نحن هنا مرة أخرى !. غالبًا ما تزدهر الحوذان في مراعي الألبان ، لأن الماشية لن تأكلها. كما أنها تعمل بشكل جيد في الأماكن الرطبة أو المستنقعات ، وهي من أوائل المستعمرين لمناطق النفايات وجوانب الطرق ، وتأتي بأشكال أوراق مختلفة ، وارتفاعات متفاوتة ، وب"
CASE_0245,1009961,mixed,8,5526700,0.5656,0.5656,0,ar,تعود أصول نباتات أذن الفيل إلى آسيا الاستوائية ، وقد اشتق اسمها من أوراقها الضخمة التي يبلغ عرضها قدمين وطولها 3 أقدام والتي تتخذ شكل قلب. تنمو النباتات من 4 إلى 8 أقدام في الارتفاع وتعمل بشكل جيد في تكساس. إذا كنت تعيش في المناطق الأكثر دفئًا في الولاية ، فقم بتنمية أذن الفيل في الظل. يستطيع البستا
CASE_0245,1009961,mixed,9,7024244,0.5619,0.5619,0,ar,إذا كنت تعيش في المناطق 9 أو 10 ، يمكنك زراعة ليمون لشبونة في مكان مشمس في حديقتك مباشرةً. يتمتع هذا التنوع بمقاومة فائقة للرياح والطقس الحار جدًا والبرد أيضًا ، لذلك من السهل أن ينمو في أي مكان حيث تنخفض قيعان الشتاء بدرجة أو درجتين تحت درجة التجمد لفترات قصيرة فقط.
CASE_0245,1009961,mixed,10,7248024,0.5612,0.5612,0,ar,لم تنجو My Lambs Ear في الشتاء الماضي في حديقة My Zone 4 أيضًا. إذا قمت بإعادة الزراعة ، فستحتاج إلى التأكد من أنها تزرع في تربة جيدة التصريف. قم بتعديل التربة الطينية بالسماد.
CASE_0245,1025348,endpoint,1,2753017,0.5959,0.5959,0,ar,الثغومايزر هو الترتيب المميز لأربعة إلى عشرة أشواك على ذيول الديناصورات الستيجوصورات. يُعتقد أن هذه المسامير كانت بمثابة إجراء دفاعي ضد الحيوانات المفترسة. صاغ الاسم رسام الكاريكاتير غاري لارسون في فيلم فكاهي عام 1982 ، واستخدم في البحث والتعليم منذ ذلك الحين.
CASE_0245,1025348,endpoint,2,2753018,0.5582,0.5582,1,ar,مصطلح thagomizer صاغه غاري لارسون في فكاهة ، في عام 1982 فار سايد فكاهي ، حيث يتم تعليم مجموعة من رجال الكهوف في قاعة محاضرات حديثة من قبل أستاذهم في الكهف أن المسامير على ذيل ستيجوصور سميت بهذا الاسم على اسم الراحل. ثاغ سيمونز.
CASE_0245,1025348,endpoint,3,2349812,0.5573,0.5573,0,ar,من Wiktionary ، Creative Commons Attribution / Share-Alike License. صاغها غاري لارسون عام 1982. يظهر شريطه الهزلي رجل الكهف يلقي محاضرة يوضح هذا الجزء من الديناصور ، مع التسمية التوضيحية الآن هذه النهاية تسمى thagomizer ... بعد الراحل ثاغ سيمونز. انظر -ize ، -er.
CASE_0245,1025348,endpoint,4,2804547,0.5435,0.5435,0,ar,صاغ غاري لارسون مصطلح thagomizer في صورة فكاهية ، في فيلم فكاهي فار سايد عام 1982 ، حيث يتم تعليم مجموعة من رجال الكهوف في قاعة محاضرات حديثة زائفة من قبل أستاذهم في الكهف أن المسامير على ذيل ستيجوسور سميت بهذا الاسم بعد الراحل ثاغ سيمونز.
CASE_0245,1025348,endpoint,5,2804549,0.5361,0.5361,0,ar,لم يكن لترتيب المسامير في الأصل اسم مميز ؛ صاغ المصطلح Thagomizer في عام 1982 من قبل رسام الكاريكاتير غاري لارسون في شريطه الهزلي The Far Side ، وبعد ذلك تم اعتماده تدريجياً كمصطلح غير رسمي في الدوائر العلمية والبحث والتعليم.
CASE_0245,1025348,endpoint,6,2753019,0.5307,0.5307,0,ar,لم يكن لترتيب المسامير في الأصل اسم مميز ؛ تمت صياغة مصطلح Thagomizer في عام 1982 من قبل رسام الكاريكاتير غاري لارسون في كتابه الكوميدي The Far Side ، وبعد ذلك تم اعتماده تدريجيًا كمصطلح غير رسمي في الدوائر العلمية والبحث والتعليم.
CASE_0245,1025348,endpoint,7,2349814,0.5299,0.5299,0,ar,أعلى تعريف. ثاغومايزر. مصطلح صاغه غاري لارسون وهو الأكثر استخدامًا لوصف ترتيب المسامير عند طرف ذيل ستيجوصور. يمكن استخدامها لوصف أي ترتيب من هذا القبيل. مدرس العصر الحجري القديم: هذه النهاية تسمى 'Thagomizer' ... بعد الراحل Thag Simmons ..
CASE_0245,1025348,endpoint,8,2753016,0.5281,0.5281,0,ar,تعريفات الثغوميزر. ها هي كل المعاني والترجمات الممكنة لكلمة ثغوميزر. Wiktionary (0.00 / 0 votes) قيم هذا التعريف: thagomizer (اسم) ترتيب من المسامير الموجودة على ذيول ستيجوصورات مختلفة.
CASE_0245,1025348,endpoint,9,2753022,0.5227,0.5227,0,ar,الأصل: صاغه غاري لارسون عام 1982. يظهر شريطه الهزلي رجل الكهف يلقي محاضرة يوضح هذا الجزء من الديناصور ، مع التسمية التوضيحية الآن هذه النهاية تسمى thagomizer ... بعد الراحل ثاغ سيمونز.
CASE_0245,1025348,endpoint,10,2804548,0.5198,0.5198,0,ar,صاغها غاري لارسون عام 1982. يظهر شريطه الهزلي رجل الكهف يلقي محاضرة يوضح هذا الجزء من الديناصور ، مع التسمية التوضيحية الآن هذه النهاية تسمى thagomizer ... بعد الراحل ثاغ سيمونز.
CASE_0245,1025348,mixed,1,2753018,0.6332,0.6332,1,ar,مصطلح thagomizer صاغه غاري لارسون في فكاهة ، في عام 1982 فار سايد فكاهي ، حيث يتم تعليم مجموعة من رجال الكهوف في قاعة محاضرات حديثة من قبل أستاذهم في الكهف أن المسامير على ذيل ستيجوصور سميت بهذا الاسم على اسم الراحل. ثاغ سيمونز.
CASE_0245,1025348,mixed,2,2804549,0.6159,0.6159,0,ar,لم يكن لترتيب المسامير في الأصل اسم مميز ؛ صاغ المصطلح Thagomizer في عام 1982 من قبل رسام الكاريكاتير غاري لارسون في شريطه الهزلي The Far Side ، وبعد ذلك تم اعتماده تدريجياً كمصطلح غير رسمي في الدوائر العلمية والبحث والتعليم.
CASE_0245,1025348,mixed,3,2804547,0.6093,0.6093,0,ar,صاغ غاري لارسون مصطلح thagomizer في صورة فكاهية ، في فيلم فكاهي فار سايد عام 1982 ، حيث يتم تعليم مجموعة من رجال الكهوف في قاعة محاضرات حديثة زائفة من قبل أستاذهم في الكهف أن المسامير على ذيل ستيجوسور سميت بهذا الاسم بعد الراحل ثاغ سيمونز.
CASE_0245,1025348,mixed,4,2753019,0.6075,0.6075,0,ar,لم يكن لترتيب المسامير في الأصل اسم مميز ؛ تمت صياغة مصطلح Thagomizer في عام 1982 من قبل رسام الكاريكاتير غاري لارسون في كتابه الكوميدي The Far Side ، وبعد ذلك تم اعتماده تدريجيًا كمصطلح غير رسمي في الدوائر العلمية والبحث والتعليم.
CASE_0245,1025348,mixed,5,2753017,0.6021,0.6021,0,ar,الثغومايزر هو الترتيب المميز لأربعة إلى عشرة أشواك على ذيول الديناصورات الستيجوصورات. يُعتقد أن هذه المسامير كانت بمثابة إجراء دفاعي ضد الحيوانات المفترسة. صاغ الاسم رسام الكاريكاتير غاري لارسون في فيلم فكاهي عام 1982 ، واستخدم في البحث والتعليم منذ ذلك الحين.
CASE_0245,1025348,mixed,6,2349812,0.5859,0.5859,0,ar,من Wiktionary ، Creative Commons Attribution / Share-Alike License. صاغها غاري لارسون عام 1982. يظهر شريطه الهزلي رجل الكهف يلقي محاضرة يوضح هذا الجزء من الديناصور ، مع التسمية التوضيحية الآن هذه النهاية تسمى thagomizer ... بعد الراحل ثاغ سيمونز. انظر -ize ، -er.
CASE_0245,1025348,mixed,7,2349814,0.5851,0.5851,0,ar,أعلى تعريف. ثاغومايزر. مصطلح صاغه غاري لارسون وهو الأكثر استخدامًا لوصف ترتيب المسامير عند طرف ذيل ستيجوصور. يمكن استخدامها لوصف أي ترتيب من هذا القبيل. مدرس العصر الحجري القديم: هذه النهاية تسمى 'Thagomizer' ... بعد الراحل Thag Simmons ..
CASE_0245,1025348,mixed,8,4195914,0.5816,0.5816,0,ar,هذا الكارتون بعيد الجانب هو مصدر مصطلح Thagomizer. صاغ جاري لارسون مصطلح thagomizer في فيلم فكاهي فار سايد عام 1982 ، حيث قام أستاذهم في الكهف بتعليم مجموعة من رجال الكهوف في قاعة محاضرات حديثة زائفة أن المسامير سميت على اسم الراحل ثاج سيمونز.
CASE_0245,1025348,mixed,9,2349810,0.5798,0.5798,0,ar,يُعتقد أن ترتيب الذيل كان سلاحًا دفاعيًا ضد الحيوانات المفترسة. صاغ جاري لارسون مصطلح thagomizer في فيلم فكاهي فار سايد عام 1982 ، حيث يتم تعليم مجموعة من رجال الكهوف في قاعة محاضرات حديثة زائفة من قبل أستاذهم الكهف أن المسامير سميت باسم الراحل ثاج سيمونز.
CASE_0245,1025348,mixed,10,3239210,0.5629,0.5629,0,ar,مصطلح thagomizer يأتي من عام 1982 Far Side Strip يظهر رجل الكهف يحاضر في فصل دراسي عن تشريح الديناصورات ، والنكتة هي أن الميزة التشريحية قد سميت لزميله الكهف الذي يفترض أنه مات نتيجة الاتصال به. (شرف المرح ، أن يصبح اسم الشيء الذي قتلك.
CASE_0245,1034839,endpoint,1,7210139,0.6289,0.6289,0,ar,"الأصل: التعبير الأصلي كان الدليل على البودنج موجود في الأكل حيث كلمة àتعني حقًا à""testࢠ(كما هو الحال في فئة الهندسة). تشير مصادر مختلفة إلى تواريخ مختلفة لظهور هذه العبارة: القرن الرابع عشر وفقًا لقاموس أكسفورد للاقتباسات"
CASE_0245,1034839,endpoint,2,7210146,0.6184,0.6184,1,ar,"""الأصل: التعبير الأصلي كان الدليل على البودنج موجود في الأكل حيث كلمة àتعني حقًا à""testࢠ(كما هو الحال في فئة الهندسة). تشير مصادر مختلفة إلى تواريخ مختلفة لظهور هذه العبارة: 1 القرن الرابع عشر وفقًا لقاموس أكسفورد للاقتباسات. طبعت عام 1605 مثالاً مطبوعًا على أنه """"ويليام كامديني"""" بقايا عمل أعظم يتع"
CASE_0245,1034839,endpoint,3,6089406,0.5639,0.5639,0,ar,اعتاد طلابه أن يقولوا إن الدليل موجود في بودنغ ، مما يعني أن البودينغ لديه الدليل. لا أتوقع من أي شخص أن يعرف ذلك إلا إذا نشأوا في هارلم في الستينيات. إنه أحد المصطلحات العديدة التي تمت إضافتها إلى اللغة بنسبة 5 بالمائة.
CASE_0245,1034839,endpoint,4,7210138,0.5493,0.5493,0,ar,الإجابات. 1 بينما يقال عادة أن الدليل موجود في الحلوى ، هذا في الواقع تحريف للتعبير الأصلي ، والدليل على البودينج في الأكل .. هذا مجرد مثل تقليدي بدون أي مؤلف أصلي معروف ، لكنه شاع بقلم سيرفانتس في دون كيشوت ، 1605.
CASE_0245,1034839,endpoint,5,7210140,0.5423,0.5423,0,ar,أضف إلى ذلك الطبيعة المخفية لمكونات البودينغ - سواء في بودنغ الدم أو أحد البودينغ الحلوة التقليدية المليئة بالفواكه المجففة والمكسرات والمغلفة بقشرة زلابية - ويصبح المنطق وراء التعبير أقل غموضًا. مهما كانت أصولها الفعلية ، نجد التعبير مطبوعًا منذ القرن السابع عشر.
CASE_0245,1034839,endpoint,6,7210143,0.532,0.532,0,ar,فيلم HBO المصنوع للتلفزيون ࢠ⠔Game Changeàعلى سارة بالين كان جيد جدا هذا يظهر حقا أن والدليل في الحلوى. هل قال أحدهم ذلك حقًا؟ نعم في NPRàفي قطاع الوسائط. ماذا يعني ذلك؟ لاختبار شيء ما بشكل كامل ، تحتاج إلى تجربته بنفسك. الأصل: التعبير الأصلي كان الدليل على البودنج موجود في الأكل حيث كلمة àتعني حقًا
CASE_0245,1034839,endpoint,7,6089400,0.5259,0.5259,0,ar,التعبير الكامل عن هذا المثل ، الذي يعود تاريخه إلى حوالي 1600 ، هو الدليل على البودنج في الأكل ، لكنه أصبح معروفًا جدًا لدرجة أنه غالبًا ما يتم اختصاره. http: //www.answers.com/Proof٪20of٪20the٪ ... http: //www.word-detective.com/081100.htm ...
CASE_0245,1034839,endpoint,8,5624220,0.5212,0.5212,0,ar,"""أصل الماندالا هو المركز ، نقطة. يبدو أنه رمز خالٍ من الأبعاد. إنها تعني """"بذرة"""" ، """"نطفة"""" ، """"قطرة"""" ، نقطة البداية البارزة. إنه مركز التجمع الذي يتم فيه استخلاص الطاقات الخارجية ، وفي عملية سحب القوى ، تتكشف طاقات المحب نفسه ويتم سحبها أيضًا."""
CASE_0245,1034839,endpoint,9,1924991,0.5135,0.5135,0,ar,العبارة المصدر هي صفة: إنها تؤهل الطريقة. تعبر الجملة عن فكرة أن الطريقة السهلة والفوز في الشطرنج لا يمكن أن تتطابق. إنه مشابه للكلب البودل المصغر الذي يبلغ وزنه عشرين كيلوغرامًا غير موجود ، حيث ربما تكون العبارة صفة أكثر وضوحًا.
CASE_0245,1034839,endpoint,10,568022,0.5121,0.5121,0,ar,الإجابة عن طريق Ssarve2. أصوات الثقة 130. الأصل يعني: 1 البداية: المكان الذي يبدأ فيه الشيء ، حيث ينبثق إلى الوجود ؛ بداية عصر النهضة الإيطالية ؛ كان المشتري هو أصل الإشعاع. بيتسبرغ هي مصدر نهر أوهايو. جذر الشيوعية الروسي. كلمة وثنية مشتقة من الكلمة اللاتينية باغانوس ، وتعني ريفي ، ريفي .. وهي مشابه
CASE_0245,1034839,mixed,1,7210146,0.7052,0.7052,1,ar,"""الأصل: التعبير الأصلي كان الدليل على البودنج موجود في الأكل حيث كلمة àتعني حقًا à""testࢠ(كما هو الحال في فئة الهندسة). تشير مصادر مختلفة إلى تواريخ مختلفة لظهور هذه العبارة: 1 القرن الرابع عشر وفقًا لقاموس أكسفورد للاقتباسات. طبعت عام 1605 مثالاً مطبوعًا على أنه """"ويليام كامديني"""" بقايا عمل أعظم يتع"
CASE_0245,1034839,mixed,2,7210139,0.7015,0.7015,0,ar,"الأصل: التعبير الأصلي كان الدليل على البودنج موجود في الأكل حيث كلمة àتعني حقًا à""testࢠ(كما هو الحال في فئة الهندسة). تشير مصادر مختلفة إلى تواريخ مختلفة لظهور هذه العبارة: القرن الرابع عشر وفقًا لقاموس أكسفورد للاقتباسات"
CASE_0245,1034839,mixed,3,7210138,0.6533,0.6533,0,ar,الإجابات. 1 بينما يقال عادة أن الدليل موجود في الحلوى ، هذا في الواقع تحريف للتعبير الأصلي ، والدليل على البودينج في الأكل .. هذا مجرد مثل تقليدي بدون أي مؤلف أصلي معروف ، لكنه شاع بقلم سيرفانتس في دون كيشوت ، 1605.
CASE_0245,1034839,mixed,4,7210141,0.6157,0.6157,0,ar,تقييم السائل. 1 بينما يقال عادة أن الدليل موجود في الحلوى ، هذا في الواقع تحريف للتعبير الأصلي ، والدليل على البودينج في الأكل .. هذا مجرد مثل تقليدي بدون أي مؤلف أصلي معروف ، لكنه شاع بقلم سيرفانتس في دون كيشوت ، 1605.
CASE_0245,1034839,mixed,5,5426069,0.6116,0.6116,0,ar,العبارة الأصلية هي الدليل على البودينغ في الأكل! مما يعني أنه عليك أن تأكل البودنج لتعرف ما بداخلها. النسخة الحديثة من The proof في الحلوى. يشير إلى أن هناك الكثير من الأدلة التي لن أذهب إليها في هذه اللحظة ويجب أن تأخذ كلامي من أجلها ، أو يمكنك الاطلاع على جميع الأدلة بنفسك.
CASE_0245,1034839,mixed,6,6089400,0.6107,0.6107,0,ar,التعبير الكامل عن هذا المثل ، الذي يعود تاريخه إلى حوالي 1600 ، هو الدليل على البودنج في الأكل ، لكنه أصبح معروفًا جدًا لدرجة أنه غالبًا ما يتم اختصاره. http: //www.answers.com/Proof٪20of٪20the٪ ... http: //www.word-detective.com/081100.htm ...
CASE_0245,1034839,mixed,7,7210143,0.609,0.609,0,ar,فيلم HBO المصنوع للتلفزيون ࢠ⠔Game Changeàعلى سارة بالين كان جيد جدا هذا يظهر حقا أن والدليل في الحلوى. هل قال أحدهم ذلك حقًا؟ نعم في NPRàفي قطاع الوسائط. ماذا يعني ذلك؟ لاختبار شيء ما بشكل كامل ، تحتاج إلى تجربته بنفسك. الأصل: التعبير الأصلي كان الدليل على البودنج موجود في الأكل حيث كلمة àتعني حقًا
CASE_0245,1034839,mixed,8,5426070,0.5965,0.5965,0,ar,"""صوت الثقة 18.1 ألف. """"إثبات البودينغ"""" هو مثل إنجليزي قديم يمكن إرجاعه إلى القرن الرابع عشر على الأقل. بشكل كامل ، يكون الأمر أكثر منطقية: """"الدليل على الحلوى في الأكل"""". هذا يعني حرفيًا أنك لا تعرف مدى جودة الحلوى حتى تتذوقها ، وتستخدم للإشارة إلى أنه يجب عليك اختبار شيء ما بنفسك قبل أن تصدق الإشا"
CASE_0245,1034839,mixed,9,7210140,0.5959,0.5959,0,ar,أضف إلى ذلك الطبيعة المخفية لمكونات البودينغ - سواء في بودنغ الدم أو أحد البودينغ الحلوة التقليدية المليئة بالفواكه المجففة والمكسرات والمغلفة بقشرة زلابية - ويصبح المنطق وراء التعبير أقل غموضًا. مهما كانت أصولها الفعلية ، نجد التعبير مطبوعًا منذ القرن السابع عشر.
CASE_0245,1034839,mixed,10,582910,0.594,0.594,0,ar,الدليل على جودة الحلوى في أكلها). (تعريف إثبات البودنج (موجود في الأكل) من قاموس Cambridge Advanced Learner & Thesaurus & Thesaurus © مطبعة جامعة كامبريدج).
CASE_0245,1068924,endpoint,1,5221753,0.7471,0.7471,0,ar,يحدث نزيف نقص فيتامين ك عندما لا يستطيع الأطفال التوقف عن النزيف لأن دمهم لا يحتوي على ما يكفي من فيتامين ك لتكوين جلطة ، مما يمنع النزيف وفقدان الدم بشكل كبير. يحدث نزيف فيتامين ك عندما لا يستطيع الأطفال وقف النزيف لأن دمهم لا يحتوي على ما يكفي من فيتامين K لتكوين جلطة ، مما يمنع النزيف وفقدان الدم
CASE_0245,1068924,endpoint,2,7963231,0.7355,0.7355,1,ar,نزيف نقص فيتامين ك (VKDB) هو مشكلة نزيف تحدث عند بعض الأطفال حديثي الولادة خلال الأيام القليلة الأولى من الحياة. كان يسمى VKDB سابقًا بالمرض النزفي لحديثي الولادة. يولد الأطفال عادةً بمستويات منخفضة من فيتامين ك ، وهو عامل أساسي في تخثر الدم. نقص فيتامين K هو السبب الرئيسي لـ VKDB. قد يؤدي نقص فيتام
CASE_0245,1068924,endpoint,3,6927865,0.72,0.72,0,ar,بداية نزيف نقص فيتامين ك في الأطفال حديثي الولادة. عادةً ما يحدث نزيف الدم الناجم عن نقص فيتامين ك في وقت مبكر خلال الـ 24 ساعة الأولى بعد الولادة. يظهر عند الأطفال المولودين لأمهات يتناولن أدوية مضادة للاختلاج أو السل. يمكن أن تحدث مضاعفات نزفية خطيرة في هذا النوع من النزيف.
CASE_0245,1068924,endpoint,4,6700454,0.7181,0.7181,0,ar,هؤلاء الأطفال ليس لديهم ما يكفي من فيتامين K لتجلط الدم. إذا كان طفلك يعاني من نقص فيتامين ك ، فقد يصاب بكدمات أو ينزف من تلقاء نفسه. يمكن أن يحدث هذا خلال الأسابيع الـ 12 الأولى من الولادة. علامات الإنذار المبكر هي نزيف من الأنف أو الفم ، أو نزيف من جذع السرة أو أسفلها (نيس 2006).
CASE_0245,1068924,endpoint,5,7407152,0.7124,0.7124,0,ar,أسباب نقص فيتامين ك. الأسباب الأكثر شيوعًا لنقص فيتامين K هي عدم كفاية المدخول الغذائي ، وعدم كفاية الامتصاص ، وانخفاض تخزين الفيتامين بسبب أمراض الكبد ، ولكن قد يكون أيضًا بسبب انخفاض الإنتاج في الأمعاء. ترتبط أوجه القصور عند الأطفال حديثي الولادة بمرض نزفي لحديثي الولادة (يُسمى أيضًا نزيف نقص فيتا
CASE_0245,1068924,endpoint,6,7295046,0.7116,0.7116,0,ar,عادة ما يكون لدى الأطفال حديثي الولادة مستويات منخفضة من فيتامين ك في أجسامهم. هذا الفيتامين ضروري لتجلط الدم. يمكن أن يتسبب انخفاض مستويات فيتامين ك في حدوث مشكلة نزيف نادرة ولكنها خطيرة. تظهر الأبحاث أن حقن فيتامين ك تمنع حدوث نزيف خطير عند الأطفال حديثي الولادة. ربما يشعر الأطفال حديثو الولادة با
CASE_0245,1068924,endpoint,7,3926473,0.6998,0.6998,0,ar,يحدث نزيف نقص فيتامين K أو VKDB عندما لا يستطيع الأطفال إيقاف النزيف لأن دمهم لا يحتوي على ما يكفي من فيتامين K لتكوين جلطة. يمكن أن يحدث النزيف في أي مكان داخل الجسم أو خارجه. عندما يحدث النزيف داخل الجسم ، قد يكون من الصعب ملاحظة ذلك.
CASE_0245,1068924,endpoint,8,3934919,0.697,0.697,0,ar,يعتبر النزيف المتأخر الناتج عن نقص فيتامين ك ، والذي يمكن أن يحدث بشكل عام حتى عمر ستة أشهر ، نادرًا ولكنه أكثر فتكًا ؛ يحدث النزف دائمًا تقريبًا في أدمغة الأطفال ولكن يمكن أن يحدث أيضًا في الأمعاء ويؤثر على أربعة إلى سبعة من كل 100000 رضيع بدون حقنة.
CASE_0245,1068924,endpoint,9,4961034,0.6942,0.6942,0,ar,وافق طبيب واحد: لا !!!: فيتامين K ضروري لصحة جيدة وقد يعاني طفلك من مشاكل النزيف إذا كنت تعاني من نقص. في حين أن نقص فيتامين ك يزيد من النزيف ، فإن تناول فيتامين ك لا يزيد من خطر الإصابة بالجلطات. انظر http://bit.ly/1nzsOh0 لمزيد من المعلومات عن K. يجب أن تأخذ شكل L-5-MTHF من الفولات.
CASE_0245,1068924,endpoint,10,3725359,0.6935,0.6935,0,ar,إذا لم يتجلط الدم بشكل صحيح ، يمكن أن يحدث نزيف لا يمكن السيطرة عليه. يولد جميع الأطفال بمستويات منخفضة من فيتامين ك. على الرغم من أن مخازن فيتامين ك هذه تستهلك بسرعة في الأيام القليلة الأولى من حياة الطفل ، (NHS 2008) عادة ما يكون هناك ما يكفي لوقف النزيف.
CASE_0245,1068924,mixed,1,7963231,0.7059,0.7059,1,ar,نزيف نقص فيتامين ك (VKDB) هو مشكلة نزيف تحدث عند بعض الأطفال حديثي الولادة خلال الأيام القليلة الأولى من الحياة. كان يسمى VKDB سابقًا بالمرض النزفي لحديثي الولادة. يولد الأطفال عادةً بمستويات منخفضة من فيتامين ك ، وهو عامل أساسي في تخثر الدم. نقص فيتامين K هو السبب الرئيسي لـ VKDB. قد يؤدي نقص فيتام
CASE_0245,1068924,mixed,2,7407152,0.7052,0.7052,0,ar,أسباب نقص فيتامين ك. الأسباب الأكثر شيوعًا لنقص فيتامين K هي عدم كفاية المدخول الغذائي ، وعدم كفاية الامتصاص ، وانخفاض تخزين الفيتامين بسبب أمراض الكبد ، ولكن قد يكون أيضًا بسبب انخفاض الإنتاج في الأمعاء. ترتبط أوجه القصور عند الأطفال حديثي الولادة بمرض نزفي لحديثي الولادة (يُسمى أيضًا نزيف نقص فيتا
CASE_0245,1068924,mixed,3,6700454,0.6955,0.6955,0,ar,هؤلاء الأطفال ليس لديهم ما يكفي من فيتامين K لتجلط الدم. إذا كان طفلك يعاني من نقص فيتامين ك ، فقد يصاب بكدمات أو ينزف من تلقاء نفسه. يمكن أن يحدث هذا خلال الأسابيع الـ 12 الأولى من الولادة. علامات الإنذار المبكر هي نزيف من الأنف أو الفم ، أو نزيف من جذع السرة أو أسفلها (نيس 2006).
CASE_0245,1068924,mixed,4,5221753,0.6925,0.6925,0,ar,يحدث نزيف نقص فيتامين ك عندما لا يستطيع الأطفال التوقف عن النزيف لأن دمهم لا يحتوي على ما يكفي من فيتامين ك لتكوين جلطة ، مما يمنع النزيف وفقدان الدم بشكل كبير. يحدث نزيف فيتامين ك عندما لا يستطيع الأطفال وقف النزيف لأن دمهم لا يحتوي على ما يكفي من فيتامين K لتكوين جلطة ، مما يمنع النزيف وفقدان الدم
CASE_0245,1068924,mixed,5,4513272,0.6842,0.6842,0,ar,1 يحتاج جميع الأطفال إلى فيتامين ك لإنتاج عوامل التخثر. لدى طفلين مستويات منخفضة من فيتامين ك في أجسامهما عند الولادة. 3 بدون فيتامين K ، يكون الأطفال معرضين لخطر الإصابة باضطراب نزيف نادر يسمى VKDB (نزيف نقص فيتامين K) أو HDN (مرض نزفي لحديثي الولادة).
CASE_0245,1068924,mixed,6,7295046,0.681,0.681,0,ar,عادة ما يكون لدى الأطفال حديثي الولادة مستويات منخفضة من فيتامين ك في أجسامهم. هذا الفيتامين ضروري لتجلط الدم. يمكن أن يتسبب انخفاض مستويات فيتامين ك في حدوث مشكلة نزيف نادرة ولكنها خطيرة. تظهر الأبحاث أن حقن فيتامين ك تمنع حدوث نزيف خطير عند الأطفال حديثي الولادة. ربما يشعر الأطفال حديثو الولادة با
CASE_0245,1068924,mixed,7,6927865,0.6805,0.6805,0,ar,بداية نزيف نقص فيتامين ك في الأطفال حديثي الولادة. عادةً ما يحدث نزيف الدم الناجم عن نقص فيتامين ك في وقت مبكر خلال الـ 24 ساعة الأولى بعد الولادة. يظهر عند الأطفال المولودين لأمهات يتناولن أدوية مضادة للاختلاج أو السل. يمكن أن تحدث مضاعفات نزفية خطيرة في هذا النوع من النزيف.
CASE_0245,1068924,mixed,8,4961034,0.6795,0.6795,0,ar,وافق طبيب واحد: لا !!!: فيتامين K ضروري لصحة جيدة وقد يعاني طفلك من مشاكل النزيف إذا كنت تعاني من نقص. في حين أن نقص فيتامين ك يزيد من النزيف ، فإن تناول فيتامين ك لا يزيد من خطر الإصابة بالجلطات. انظر http://bit.ly/1nzsOh0 لمزيد من المعلومات عن K. يجب أن تأخذ شكل L-5-MTHF من الفولات.
CASE_0245,1068924,mixed,9,6666029,0.6684,0.6684,0,ar,الأساس المنطقي لحقن فيتامين ك لحديثي الولادة عند الولادة هو أن الأطفال حديثي الولادة يولدون ولديهم نقص في فيتامين ك. ويستند هذا النقص الملحوظ على مقارنة مستويات حديثي الولادة مع القيم الطبيعية للبالغين. يمكن أن يؤدي انخفاض مستويات فيتامين ك إلى انخفاض قدرة الدم على التخثر ، مما قد يجعل المولود أكثر
CASE_0245,1068924,mixed,10,4513270,0.6684,0.6684,0,ar,يولد الأطفال بكميات قليلة جدًا من فيتامين K في أجسامهم مما قد يؤدي إلى مشاكل نزيف خطيرة. تظهر الأبحاث أن جرعة واحدة من فيتامين K عند الولادة تحمي طفلك من الإصابة بنزيف خطير يمكن أن يؤدي إلى تلف في الدماغ وحتى الموت.
CASE_0245,1079340,endpoint,1,7150404,0.7314,0.7314,0,ar,الغرض من استدعاء جدول الأعمال هو التأكد من حضور كل شخص من المقرر أن يحضر إلى المحكمة. في بعض المحاكم ، يتم استبدال استدعاء جدول الإجراءات بإجراءات تسجيل الوصول مع المحضر أو ​​أي عضو آخر من موظفي المحكمة. المدعى عليه الذي يفشل في المثول أمام نداء قاعدة البيانات يخضع لإلغاء الكفالة وإعادة القبض عليه.
CASE_0245,1079340,endpoint,2,7150401,0.723,0.723,1,ar,إجراءات المحكمة في المحاكمة أو جلسة الاستماع. نداء Docket. عندما يتم استدعاء جدول الأعمال ، يقوم القاضي ببساطة باستدعاء كل قضية بالترتيب الذي تم تحديدها به. الغرض من نداء قاعدة البيانات هو تمكين القاضي من تحديد عدد القضايا الجاهزة للاستماع إليها. تساعد هذه المعلومات القاضي في تخطيط تسلسل الجلسات.
CASE_0245,1079340,endpoint,3,7150407,0.7172,0.7172,0,ar,إجراءات المحكمة في المحاكمة أو جلسة الاستماع. عندما يتم استدعاء جدول الأعمال ، يقوم القاضي ببساطة باستدعاء كل قضية بالترتيب الذي تم تحديدها به. الغرض من نداء قاعدة البيانات هو تمكين القاضي من تحديد عدد القضايا الجاهزة للاستماع إليها. تساعد هذه المعلومات القاضي في تخطيط تسلسل الجلسات.
CASE_0245,1079340,endpoint,4,503952,0.6573,0.6573,0,ar,يشير الجدول فقط إلى قائمة الانتظار التي تجلس فيها جميع القضايا في محكمة معينة حتى تصبح جاهزة للمحاكمة. كما يشير إلى نشاط الحالة المعينة ، لذا فإن رقم القضية فلان موجود في جدول المحاكمة 12/12/2013. تشمل إدخالات جدولها جميع الأنشطة في هذه الحالة.
CASE_0245,1079340,endpoint,5,6541590,0.6524,0.6524,0,ar,إذا تلقيت إشعارًا بجلسة استماع أو استدعاء للمثول أمام المحكمة ولا يمكنك الحضور ، يجب أن تطلب من المحكمة إعادة جدولة موعد الجلسة. لتحريك موعد المحكمة ، يجب عليك تقديم طلب للمتابعة ، وهو طلب رسمي مكتوب إلى المحكمة لتأجيل جلسة استماع إلى تاريخ لاحق. إذا وافقت المحكمة على طلبك ، فستصدر أمرًا يؤجل الجلسة
CASE_0245,1079340,endpoint,6,1653905,0.647,0.647,0,ar,استدعاء القضية. عندما يحين وقت الاستماع إلى قضيتك من قبل المحكمة ، سوف ينادي كاتب العمدة اسم القضية وستبدأ جلسة الاستماع. سيحدث هذا سواء كانت الجلسة الأولى أو الدليل. إذا كنت تمثل نفسك ، فسيتعين عليك الذهاب إلى مقدمة المحكمة عند النظر في قضيتك.
CASE_0245,1079340,endpoint,7,8376374,0.6454,0.6454,0,ar,الاستدعاء أو الإشعار للمثول هو أمر من المحكمة. إذا لم تظهر كما أمر ، فقد انتهكت أمر المحكمة ويمكن للقاضي أن يتهمك بجريمة عدم الحضور أو ازدراء المحكمة. بالإضافة إلى اتهامك بارتكاب جريمة ، يمكن للمحكمة أن تتخذ إجراءات مختلفة إذا فشلت في المثول. 1 أمر مقعد.
CASE_0245,1079340,endpoint,8,7713150,0.6415,0.6415,0,ar,الاستدعاء هو ورقة تصدرها المحكمة لإبلاغ الشخص بأنه تم تقديم شكوى ضدها. قد يتم تقديمها من قبل شريف أو شخص مخول آخر لخدمة العملية ، يسمى خادم المعالجة.
CASE_0245,1079340,endpoint,9,8250433,0.6404,0.6404,0,ar,أفضل إجابة: أمر الاستدعاء هو دعوة إلى قاعة المحكمة. التعريف القانوني هو أمر قضائي يأمر شخص معين تم تقديمه للمثول أمامه (كما في المحكمة أو أمام لجنة من الكونغرس) تحت عقوبة (كتهمة ازدراء) لعدم الامتثال .. آمل أن يساعد هذا. مصادر):
CASE_0245,1079340,endpoint,10,8469799,0.635,0.635,0,ar,الاستدعاء هو مستند المحكمة الذي يتطلب من المدعى عليه الرد على الشكوى ويحدد التاريخ الذي ستستمع فيه المحكمة إلى القضية. في بعض الولايات الأخرى ، كما أشرنا في وقت سابق ، يتم دمج الوثيقتين ويطلق عليهما ببساطة استدعاء أو شكوى. احذر من الرسائل المزيفة.
CASE_0245,1079340,mixed,1,7150401,0.6922,0.6922,1,ar,إجراءات المحكمة في المحاكمة أو جلسة الاستماع. نداء Docket. عندما يتم استدعاء جدول الأعمال ، يقوم القاضي ببساطة باستدعاء كل قضية بالترتيب الذي تم تحديدها به. الغرض من نداء قاعدة البيانات هو تمكين القاضي من تحديد عدد القضايا الجاهزة للاستماع إليها. تساعد هذه المعلومات القاضي في تخطيط تسلسل الجلسات.
CASE_0245,1079340,mixed,2,7150407,0.6867,0.6867,0,ar,إجراءات المحكمة في المحاكمة أو جلسة الاستماع. عندما يتم استدعاء جدول الأعمال ، يقوم القاضي ببساطة باستدعاء كل قضية بالترتيب الذي تم تحديدها به. الغرض من نداء قاعدة البيانات هو تمكين القاضي من تحديد عدد القضايا الجاهزة للاستماع إليها. تساعد هذه المعلومات القاضي في تخطيط تسلسل الجلسات.
CASE_0245,1079340,mixed,3,7150404,0.6764,0.6764,0,ar,الغرض من استدعاء جدول الأعمال هو التأكد من حضور كل شخص من المقرر أن يحضر إلى المحكمة. في بعض المحاكم ، يتم استبدال استدعاء جدول الإجراءات بإجراءات تسجيل الوصول مع المحضر أو ​​أي عضو آخر من موظفي المحكمة. المدعى عليه الذي يفشل في المثول أمام نداء قاعدة البيانات يخضع لإلغاء الكفالة وإعادة القبض عليه.
CASE_0245,1079340,mixed,4,1312897,0.6735,0.6735,0,ar,ماذا يحدث في جلسة قاضي الصلح؟ عندما يتم استدعاء اسمك في تاريخ الجلسة ، ستظهر أنت ومحاميك أمام المحكمة. سيقرأ المدعي العام التهم والأدلة ضدك ، ويطلب من المحكمة إصدار شكوى جنائية.
CASE_0245,1079340,mixed,5,7150402,0.6673,0.6673,0,ar,كاتب يستدعي القضية. تبدأ محاكمتك عندما يتصل الموظف بقضيتك ، عادةً بالقول ، الولاية [أو الأشخاص] مقابل [اسمك]. بافتراض أنك قد أدليت أنت وشهودك اليمين بالفعل ، يجب أن تأتي الآن إلى مقدمة قاعة المحكمة وتجلس على أحد طاولتين (عادة ما يكون أبعد واحد عن صندوق هيئة المحلفين).
CASE_0245,1079340,mixed,6,6486230,0.6538,0.6538,0,ar,ما يحدث في الواقع في جلسة الاستماع المستعجلة هو أن القاضي قد راجع القضية وقد طُلب منه من خلال اقتراح لمنح الحكم الموجز للمدعي ضدك والقاضي إما أن يمنح أو لن يمنح الحكم الموجز على المرافعات (الأوراق المقدمة) وقد يأخذ شهادة أو يسألك أو يسألك المفتاح الجانبي الآخر ...
CASE_0245,1079340,mixed,7,7150399,0.6502,0.6502,0,ar,بعد أخذ المنصة ، فإن أول شيء يفعله القاضي هو الاتصال من خلال جدول الأعمال. والغرض من ذلك هو تمكين القاضي من تحديد عدد القضايا التي سيتم الاستماع إليها بالفعل والمدة التي ستستغرقها كل واحدة.
CASE_0245,1079340,mixed,8,7646417,0.6501,0.6501,0,ar,في جلسة الاستدعاء ، سيشرح لك القاضي أو القاضي (المدعى عليه) التهم ، وحقوقك الدستورية ، والعواقب المحتملة إذا اعترفت بالذنب أو أدين بعد المحاكمة بالتهمة. سوف تقدم إقرارًا بالذنب أو غير مذنب ، أو قد تقف صامتًا.
CASE_0245,1079340,mixed,9,8450751,0.6482,0.6482,0,ar,تنزيل المقال بصيغة PDF. بعد مراحل الاعتقال والحجز والكفالة الأولية من الإجراءات الجنائية ، تتم المرحلة الأولى من الإجراءات في قاعة المحكمة - الاستدعاء. أثناء المحاكمة النموذجية ، يتم استدعاء الشخص المتهم بارتكاب جريمة أمام قاضي محكمة الجنايات ، الذي: 1 يقرأ التهمة (التهم) الجنائية ضد الشخص (يسمى الآ
CASE_0245,1079340,mixed,10,3288051,0.6454,0.6454,0,ar,ثم يتم تسجيل التسوية في المحضر من خلال جلسة استماع. خلال هذه الجلسة ، يؤدي العامل القسم ، ويحذف مراسل المحكمة جميع الكلمات لإنشاء سجل. سيقرأ القاضي من خلال الأمر. ثم القاضي وكلا المحامين لديهم الفرصة لطرح أسئلة على العامل المصاب.
CASE_0245,1083663,endpoint,1,2155192,0.7305,0.7305,0,ar,"""ما هو رمز لبس قلبك على كمك؟ إجابة . `` لبس قلبك على ساعديك '' يعني بدلاً من الاحتفاظ بسرية قلب (حب شخص أو غيره دون تواصل) ، يظهر الشخص وينقل الكلام اللفظي ࢠÂ لمن حولهم كم يحبون و لذا احترم الآخرين ، """"لبس قلبك على كمك."""""""
CASE_0245,1083663,endpoint,2,7135416,0.7249,0.7249,1,ar,"""إجابة . `` لبس قلبك على ساعديك '' يعني بدلاً من الاحتفاظ بسرية قلب (حب شخص أو غيره دون تواصل) ، يظهر الشخص وينقله لفظيًا - ى لمن حولهم كم يحبون والاحترام وهكذا فإن الآخرين """"يلبسون قلبك على كمك"""". يمكنك القيام بذلك من خلال إظهار مشاعرك ظاهريًا."""
CASE_0245,1083663,endpoint,3,7135409,0.7196,0.7196,0,ar,"""أجاب في الأصل: ماذا يعني القول """"لبس قلبك على كمك؟"""" أنت لا تخفي عواطفك. يبدو الأمر كما لو كانت مثبتة بشكل بارز على ملابسك ليراها العالم بأسره."""
CASE_0245,1083663,endpoint,4,741807,0.7005,0.7005,0,ar,ارتداء قلبك على كمك يعني أنك لا تخفي عواطفك. يمكن للجميع أن يرى على الفور ما تشعر به حيال شيء ما.
CASE_0245,1083663,endpoint,5,741803,0.696,0.696,0,ar,إن ارتداء قلبك على كمك ليس شيئًا تريد القيام به. هذا المصطلح يعني أن الشخص شديد الحساسية ويمكن أن يتأذى بسهولة من خلال الأشياء الصغيرة. أو يعني ذلك أن الشخص لا يتحكم في عواطفه ويظهر أو يتصرف بمشاعره بسهولة شديدة.
CASE_0245,1083663,endpoint,6,5072960,0.6826,0.6826,0,ar,ارتدي شيئًا على كمك. لجعل مشاعرك أو معتقداتك معروفة للجميع يشعر بعض الناس بالحاجة إلى ارتداء حب الوطن على جعبتهم. ملاحظات الاستخدام: غالبًا ما تُستخدم في شكل ارتداء قلبك على كمك (لإعلام الآخرين بمشاعرك): لا أحب ارتداء قلبي على كمي.
CASE_0245,1083663,endpoint,7,1166682,0.6826,0.6826,0,ar,ارتدي شيئًا على كمك. لجعل مشاعرك أو معتقداتك معروفة للجميع يشعر بعض الناس بالحاجة إلى ارتداء حب الوطن على جعبتهم. ملاحظات الاستخدام: غالبًا ما تُستخدم في شكل ارتداء قلبك على كمك (لإعلام الآخرين بمشاعرك): لا أحب ارتداء قلبي على كمي.
CASE_0245,1083663,endpoint,8,7135417,0.6644,0.6644,0,ar,ماذا تعني عبارة لبس القلب على الكم؟ سأكون ممتنًا لو أمكنك أيضًا إخباري بمصدر نفس الشيء.
CASE_0245,1083663,endpoint,9,741804,0.6536,0.6536,0,ar,"""إن ارتداء قلبك على خدك هو عكس ارتداء قلبك على كمك. الشخص الذي يضع قلبه على خده يحافظ على عواطفه الحقيقية مخفية ، عادة لمنع نفسه من التعرض للأذى و / أو إيذاء الآخرين. هذا المصطلح مأخوذ من أغنية """"How to be a Heartbreaker"""" لمارينا وذا دايموندز. القاعدة الثالثة ، ارتدي قلبك على خدك."""
CASE_0245,1083663,endpoint,10,5072961,0.6484,0.6484,0,ar,دبوس (واحد) القلب على كم (واحد). لإظهار أو الكشف عن عواطف المرء أو مشاعره. كنت أعلم أن جوش كان معجبًا بي لأنه دائمًا ما يدق قلبه على كمه. نشأت مع أب لم يُظهر أي عاطفة أبدًا ، فقد حرصت دائمًا على تثبيت قلبي على كمي.
CASE_0245,1083663,mixed,1,7135416,0.7438,0.7438,1,ar,"""إجابة . `` لبس قلبك على ساعديك '' يعني بدلاً من الاحتفاظ بسرية قلب (حب شخص أو غيره دون تواصل) ، يظهر الشخص وينقله لفظيًا - ى لمن حولهم كم يحبون والاحترام وهكذا فإن الآخرين """"يلبسون قلبك على كمك"""". يمكنك القيام بذلك من خلال إظهار مشاعرك ظاهريًا."""
CASE_0245,1083663,mixed,2,2155192,0.7372,0.7372,0,ar,"""ما هو رمز لبس قلبك على كمك؟ إجابة . `` لبس قلبك على ساعديك '' يعني بدلاً من الاحتفاظ بسرية قلب (حب شخص أو غيره دون تواصل) ، يظهر الشخص وينقل الكلام اللفظي ࢠÂ لمن حولهم كم يحبون و لذا احترم الآخرين ، """"لبس قلبك على كمك."""""""
CASE_0245,1083663,mixed,3,741807,0.7325,0.7325,0,ar,ارتداء قلبك على كمك يعني أنك لا تخفي عواطفك. يمكن للجميع أن يرى على الفور ما تشعر به حيال شيء ما.
CASE_0245,1083663,mixed,4,7135409,0.7287,0.7287,0,ar,"""أجاب في الأصل: ماذا يعني القول """"لبس قلبك على كمك؟"""" أنت لا تخفي عواطفك. يبدو الأمر كما لو كانت مثبتة بشكل بارز على ملابسك ليراها العالم بأسره."""
CASE_0245,1083663,mixed,5,741803,0.7174,0.7174,0,ar,إن ارتداء قلبك على كمك ليس شيئًا تريد القيام به. هذا المصطلح يعني أن الشخص شديد الحساسية ويمكن أن يتأذى بسهولة من خلال الأشياء الصغيرة. أو يعني ذلك أن الشخص لا يتحكم في عواطفه ويظهر أو يتصرف بمشاعره بسهولة شديدة.
CASE_0245,1083663,mixed,6,5072960,0.7146,0.7146,0,ar,ارتدي شيئًا على كمك. لجعل مشاعرك أو معتقداتك معروفة للجميع يشعر بعض الناس بالحاجة إلى ارتداء حب الوطن على جعبتهم. ملاحظات الاستخدام: غالبًا ما تُستخدم في شكل ارتداء قلبك على كمك (لإعلام الآخرين بمشاعرك): لا أحب ارتداء قلبي على كمي.
CASE_0245,1083663,mixed,7,1166682,0.7146,0.7146,0,ar,ارتدي شيئًا على كمك. لجعل مشاعرك أو معتقداتك معروفة للجميع يشعر بعض الناس بالحاجة إلى ارتداء حب الوطن على جعبتهم. ملاحظات الاستخدام: غالبًا ما تُستخدم في شكل ارتداء قلبك على كمك (لإعلام الآخرين بمشاعرك): لا أحب ارتداء قلبي على كمي.
CASE_0245,1083663,mixed,8,741810,0.7145,0.7145,0,ar,"""مع الوقت سيأتي التغيير. في الواقع ، يعني """"ارتداء قلبك على جعبتك"""" إظهار مشاعر المرء بانفتاح وبشكل اعتيادي بدلاً من إبقائها خاصة. إنه ليس شيئًا يجب أن تكون حريصًا جدًا على القيام به في الواقع ، لأنه يمكن أن يؤدي بك إلى الشعور بالضعف والتعرض."""
CASE_0245,1083663,mixed,9,741804,0.7071,0.7071,0,ar,"""إن ارتداء قلبك على خدك هو عكس ارتداء قلبك على كمك. الشخص الذي يضع قلبه على خده يحافظ على عواطفه الحقيقية مخفية ، عادة لمنع نفسه من التعرض للأذى و / أو إيذاء الآخرين. هذا المصطلح مأخوذ من أغنية """"How to be a Heartbreaker"""" لمارينا وذا دايموندز. القاعدة الثالثة ، ارتدي قلبك على خدك."""
CASE_0245,1083663,mixed,10,361860,0.6874,0.6874,0,ar,ضع قلبك على جعبتك المعنى اعرض عواطف المرء بصراحة. الأصل قد تكون هذه العبارة مشتقة من العادة في مباريات المبارزة في العصور الوسطى. يقال إن الفرسان ارتدوا ألوان السيدة التي كانوا يدعمونها ، في ملابس أو شرائط مربوطة بأذرعهم.
CASE_0245,1085327,endpoint,1,2190706,0.701,0.701,0,ar,ريدجواي هي قرية في مقاطعة أيوا ، ويسكونسن ، الولايات المتحدة. إنها رابع أكثر المجتمعات اكتظاظًا بالسكان في مقاطعة أيوا. كان عدد السكان 653 في تعداد 2010. تقع القرية داخل بلدة ريدجواي. وهي جزء من منطقة ماديسون متروبوليتان الإحصائية.
CASE_0245,1085327,endpoint,2,7119970,0.6846,0.6846,1,ar,Ridgway هي إحدى البلديات في ومقر مقاطعة Elk County ، بنسلفانيا ، الولايات المتحدة. تأسست ريدجواي على يد تاجر الشحن في فيلادلفيا جاكوب ريدجواي وجيمس جيليس. حصل جاكوب ريدجواي على ثروة كبيرة في فيلادلفيا وخارجها في لندن. كان يرسل باستمرار مبالغ مالية لاستثمارها في الممتلكات. في أوائل القرن التاسع عشر ك
CASE_0245,1085327,endpoint,3,443010,0.635,0.635,0,ar,بلغ عدد سكان مدينة ريدجواي 475 نسمة اعتبارًا من 1 يوليو 2015. تصنف ريدجواي في الربع الأدنى من حيث الكثافة السكانية عند مقارنتها بالمدن والبلدات والأماكن المخصصة للإحصاء (CDPs) في ميسوري. انظر تصنيفات الأقران أدناه. تقع نقطة الإحداثيات الأساسية لـ Ridgeway عند خط العرض 40.3778 وخط الطول -93.9378 في م
CASE_0245,1085327,endpoint,4,443011,0.6336,0.6336,0,ar,يقع Ridgeway في شمال غرب ولاية ميسوري. ريدجواي جزء من مقاطعة هاريسون. ريدجواي 1.22 ميلا مربعا من مساحة الأرض و 0.01 ميلا مربعا من مساحة المياه. اعتبارًا من عام 2010 ، بلغ إجمالي عدد سكان Ridgeway 464 ، والذي تقلص بنسبة 12.45 ٪ منذ عام 2000. معدل النمو السكاني أقل بكثير من متوسط ​​معدل الولاية البالغ
CASE_0245,1085327,endpoint,5,8227807,0.6304,0.6304,0,ar,معلومات عن شقق ريدجواي. سجل اليوم! شقق Ridgeway عبارة عن مجتمع سكني من 24 وحدة سكنية بأسعار معقولة في ماديسونفيل بولاية تينيسي. يقع المجتمع في منطقة الكونغرس الثالثة بولاية تينيسي. الائتمان الضريبي للإسكان منخفض الدخل
CASE_0245,1085327,endpoint,6,2190708,0.6244,0.6244,0,ar,تغطي بلدة ريدجواي ، الواقعة في مقاطعة آيوا بولاية ويسكونسن ، 48.75 ميلاً من الطرق بطول أميال من المناظر الطبيعية الرائعة عبر الغابات العميقة ، وآفاق واسعة من التلال العالية والمنحدرات الصخرية فوق جداول صافية عميقة.
CASE_0245,1085327,endpoint,7,238181,0.619,0.619,0,ar,حول بلدة ريدجواي ، مقاطعة هنري ، عمليات البحث عن السجلات العامة بولاية فيرجينيا. ابحث في Town of Ridgeway ، والسجلات العامة باستخدام أفضل مصادر البحث الموجودة على الإنترنت. هذا الرمز البريدي لهذه المدينة هو 24148 ويبلغ إجمالي عدد سكانها 742. ابحث عن المعلومات المسجلة لـ Ridgeway ، بما في ذلك التركيب
CASE_0245,1085327,endpoint,8,8227808,0.612,0.612,0,ar,شقق Ridgeway مصنفة تحت فئة الشقق وتعمل منذ 10 سنوات أو أكثر. مع دخل سنوي يصل إلى 500000 دولار ، توظف هذه الشركة ما يصل إلى 4 شركاء. شقق ريدجواي هي شركة عامة وتعتبر صغيرة. تقع شقق Ridgeway في ماديسونفيل بولاية تينيسي.
CASE_0245,1085327,endpoint,9,8227799,0.6087,0.6087,0,ar,نظرة عامة على شقق ريدجواي. تقع شقق Ridgeway في ماديسونفيل بولاية تينيسي ، وهي مملوكة لشركة Ridgeway Apartments Ltd. هذا المشروع السكني منخفض الدخل (LIH) قيد الخدمة منذ عام 2011 ويحتوي على إجمالي 24 وحدة منخفضة الدخل ، وهو أقل قليلاً من العقارات الأخرى في LIH. تم تخصيص 5 من هذه الوحدات بإيجارات أقل م
CASE_0245,1085327,endpoint,10,6120890,0.5943,0.5943,0,ar,ريدجوود ، نيوجيرسي. مواضيع دعائية. ريدجوود هي قرية في مقاطعة بيرغن ، نيو جيرسي ، الولايات المتحدة. اعتبارًا من تعداد الولايات المتحدة لعام 2010 ، كان عدد سكان القرية 24958. Ridgewood هو مجتمع غرف نوم ثري في الضواحي في مدينة نيويورك ، يقع على بعد حوالي 20 ميلاً (32 كم) شمال غرب وسط مانهاتن.
CASE_0245,1085327,mixed,1,7119970,0.722,0.722,1,ar,Ridgway هي إحدى البلديات في ومقر مقاطعة Elk County ، بنسلفانيا ، الولايات المتحدة. تأسست ريدجواي على يد تاجر الشحن في فيلادلفيا جاكوب ريدجواي وجيمس جيليس. حصل جاكوب ريدجواي على ثروة كبيرة في فيلادلفيا وخارجها في لندن. كان يرسل باستمرار مبالغ مالية لاستثمارها في الممتلكات. في أوائل القرن التاسع عشر ك
CASE_0245,1085327,mixed,2,2190706,0.6575,0.6575,0,ar,ريدجواي هي قرية في مقاطعة أيوا ، ويسكونسن ، الولايات المتحدة. إنها رابع أكثر المجتمعات اكتظاظًا بالسكان في مقاطعة أيوا. كان عدد السكان 653 في تعداد 2010. تقع القرية داخل بلدة ريدجواي. وهي جزء من منطقة ماديسون متروبوليتان الإحصائية.
CASE_0245,1085327,mixed,3,443011,0.6568,0.6568,0,ar,يقع Ridgeway في شمال غرب ولاية ميسوري. ريدجواي جزء من مقاطعة هاريسون. ريدجواي 1.22 ميلا مربعا من مساحة الأرض و 0.01 ميلا مربعا من مساحة المياه. اعتبارًا من عام 2010 ، بلغ إجمالي عدد سكان Ridgeway 464 ، والذي تقلص بنسبة 12.45 ٪ منذ عام 2000. معدل النمو السكاني أقل بكثير من متوسط ​​معدل الولاية البالغ
CASE_0245,1085327,mixed,4,8227807,0.6468,0.6468,0,ar,معلومات عن شقق ريدجواي. سجل اليوم! شقق Ridgeway عبارة عن مجتمع سكني من 24 وحدة سكنية بأسعار معقولة في ماديسونفيل بولاية تينيسي. يقع المجتمع في منطقة الكونغرس الثالثة بولاية تينيسي. الائتمان الضريبي للإسكان منخفض الدخل
CASE_0245,1085327,mixed,5,8227799,0.6336,0.6336,0,ar,نظرة عامة على شقق ريدجواي. تقع شقق Ridgeway في ماديسونفيل بولاية تينيسي ، وهي مملوكة لشركة Ridgeway Apartments Ltd. هذا المشروع السكني منخفض الدخل (LIH) قيد الخدمة منذ عام 2011 ويحتوي على إجمالي 24 وحدة منخفضة الدخل ، وهو أقل قليلاً من العقارات الأخرى في LIH. تم تخصيص 5 من هذه الوحدات بإيجارات أقل م
CASE_0245,1085327,mixed,6,238181,0.6311,0.6311,0,ar,حول بلدة ريدجواي ، مقاطعة هنري ، عمليات البحث عن السجلات العامة بولاية فيرجينيا. ابحث في Town of Ridgeway ، والسجلات العامة باستخدام أفضل مصادر البحث الموجودة على الإنترنت. هذا الرمز البريدي لهذه المدينة هو 24148 ويبلغ إجمالي عدد سكانها 742. ابحث عن المعلومات المسجلة لـ Ridgeway ، بما في ذلك التركيب
CASE_0245,1085327,mixed,7,8227808,0.6291,0.6291,0,ar,شقق Ridgeway مصنفة تحت فئة الشقق وتعمل منذ 10 سنوات أو أكثر. مع دخل سنوي يصل إلى 500000 دولار ، توظف هذه الشركة ما يصل إلى 4 شركاء. شقق ريدجواي هي شركة عامة وتعتبر صغيرة. تقع شقق Ridgeway في ماديسونفيل بولاية تينيسي.
CASE_0245,1085327,mixed,8,443010,0.6213,0.6213,0,ar,بلغ عدد سكان مدينة ريدجواي 475 نسمة اعتبارًا من 1 يوليو 2015. تصنف ريدجواي في الربع الأدنى من حيث الكثافة السكانية عند مقارنتها بالمدن والبلدات والأماكن المخصصة للإحصاء (CDPs) في ميسوري. انظر تصنيفات الأقران أدناه. تقع نقطة الإحداثيات الأساسية لـ Ridgeway عند خط العرض 40.3778 وخط الطول -93.9378 في م
CASE_0245,1085327,mixed,9,6120890,0.6124,0.6124,0,ar,ريدجوود ، نيوجيرسي. مواضيع دعائية. ريدجوود هي قرية في مقاطعة بيرغن ، نيو جيرسي ، الولايات المتحدة. اعتبارًا من تعداد الولايات المتحدة لعام 2010 ، كان عدد سكان القرية 24958. Ridgewood هو مجتمع غرف نوم ثري في الضواحي في مدينة نيويورك ، يقع على بعد حوالي 20 ميلاً (32 كم) شمال غرب وسط مانهاتن.
CASE_0245,1085327,mixed,10,2190708,0.6048,0.6048,0,ar,تغطي بلدة ريدجواي ، الواقعة في مقاطعة آيوا بولاية ويسكونسن ، 48.75 ميلاً من الطرق بطول أميال من المناظر الطبيعية الرائعة عبر الغابات العميقة ، وآفاق واسعة من التلال العالية والمنحدرات الصخرية فوق جداول صافية عميقة.
CASE_0245,1086836,endpoint,1,7107107,0.7542,0.7542,0,ar,قد لا تفكر في الشتاء باعتباره موسمًا للربو التحسسي ، لكن كل هذا يتوقف على مسببات الحساسية والربو لديك. هناك بالتأكيد بعض المواد المسببة للحساسية ، وكذلك المهيجات ، التي من المرجح أن تسبب مشاكل خلال أشهر الشتاء عندما يفرض عليك الطقس البارد البقاء في المنزل لساعات أكثر كل يوم. يمكن أن تشمل أعراض حساسي
CASE_0245,1086836,endpoint,2,7107100,0.7365,0.7365,1,ar,يمكن أن تشمل أعراض حساسية الشتاء والربو الشائعة ما يلي: العطس. احتقان الأنف. سيلان الأنف. حكة ، دامعة ، حرقان في العين. حكة في الفم أو الحلق. صفير. يسعل.
CASE_0245,1086836,endpoint,3,1369805,0.7259,0.7259,0,ar,أعراض الحساسية الموسمية. تتراوح أعراض الحساسية الموسمية من خفيفة إلى شديدة. الأكثر شيوعًا تشمل: العطس. سيلان أو انسداد الأنف. عيون دامعة وحكة. حكة في الجيوب الأنفية أو الحلق أو قنوات الأذن. احتقان الاذن.
CASE_0245,1086836,endpoint,4,4184456,0.6888,0.6888,0,ar,الحساسية الموسمية ، التي تحدث في أوقات مختلفة من العام ، شائعة جدًا. تشمل الأعراض الأكثر شيوعًا سيلان الأنف واحمرار العينين ودموعها والعطس وحكة الجلد. تسبب بعض أنواع الحساسية الموسمية أعراضًا أكثر إشكالية ، مثل ضيق وألم في الصدر (Jupiterimages / Polka Dot / Getty Images) وتشمل الأعراض الأكثر شيوعًا
CASE_0245,1086836,endpoint,5,8539580,0.6838,0.6838,0,ar,يعتقد أكثر من نصف الأمريكيين الذين شملهم الاستطلاع أن أعراض الحساسية المنبهة ، مثل الدموع وحكة في العين والأذنين والحلق كانت أيضًا أعراضًا للبرد. ومع ذلك ، فإن أعراض البرد والحساسية الموسمية التي تتداخل تشمل سيلان الأنف ، وانسداد الأنف ، والعطس ، والتعب ، والسعال. أفضل طريقة للتمييز بين الاثنين هي م
CASE_0245,1086836,endpoint,6,36681,0.6819,0.6819,0,ar,1 خصائص أعراض الحساسية: الحساسية لا تسبب حمى أو آلام في الجسم. 2 الأعراض التالية أكثر شيوعًا عند المصابين بالحساسية (على الرغم من أنها قد تترافق أحيانًا مع نزلات البرد أيضًا): حكة ، عيون دامعة ؛ المخاط الصافي الذي لا يتحول إلى اللون الأصفر ؛ والأعراض التي تظهر عند تغير الفصول.
CASE_0245,1086836,endpoint,7,1324973,0.6796,0.6796,0,ar,خلال فصل الشتاء ، يكون هناك عدد أقل من حبوب اللقاح (إن وجدت) التي تطفو حولها ، لكن رفع الحرارة في الداخل يمكن أن يتسبب في غبار المنزل ، وهو أحد مسببات الحساسية الشتوية. إذا كان لديك حساسية من الغبار ، يمكن أن تكون الحساسية في الشتاء بنفس السوء كما في الربيع والخريف.
CASE_0245,1086836,endpoint,8,1007807,0.6794,0.6794,0,ar,يوضح الجدول التالي بعض الاختلافات. الحساسية. نزلات البرد. أعراض. يمكن أن تشمل أعراض الحساسية سيلان أو انسداد الأنف ، والعطاس ، والصفير ، وحكة العينين الدامعة. يمكن أن تشمل علامات البرد الحمى والأوجاع والآلام واحتقان الأنف والعطس ودموع العيون. تبدأ الأعراض على الفور ، وعادة ما تستغرق أعراض البرودة بض
CASE_0245,1086836,endpoint,9,6012885,0.6777,0.6777,0,ar,علامات وأعراض الحساسية المفرطة. الجلد الدافئ المتورد ، الحكة ، الشرى ، تورم الوجه ، اللسان ، اليدين ، إلخ ، صرير ، صفير ، تورم في الحلق ، سعال وعطس ، انخفاض ضغط الدم ، عدم انتظام دقات القلب ، غثيان ، قيء ، تقلصات في البطن ، صداع ، دوار ، AMS. îà 'à ÃÂ.
CASE_0245,1086836,endpoint,10,5657001,0.6757,0.6757,0,ar,موسم الحساسية يمكن أن يؤثر على تفكيرك !!! جورج لوسيوك ، دكتوراه في الطب ، FRCPC ، فانكوفر ، كولومبيا البريطانية بالنسبة للأشخاص الذين يعانون من الحساسية الموسمية ، قد تكون الفترة من أوائل الربيع إلى أواخر الخريف صعبة ، ويمكن أن تسبب أعراض التهاب الأنف التحسسي ، مثل سيلان الأنف والعيون الدامعة والحكة
CASE_0245,1086836,mixed,1,7107100,0.7372,0.7372,1,ar,يمكن أن تشمل أعراض حساسية الشتاء والربو الشائعة ما يلي: العطس. احتقان الأنف. سيلان الأنف. حكة ، دامعة ، حرقان في العين. حكة في الفم أو الحلق. صفير. يسعل.
CASE_0245,1086836,mixed,2,7107107,0.7361,0.7361,0,ar,قد لا تفكر في الشتاء باعتباره موسمًا للربو التحسسي ، لكن كل هذا يتوقف على مسببات الحساسية والربو لديك. هناك بالتأكيد بعض المواد المسببة للحساسية ، وكذلك المهيجات ، التي من المرجح أن تسبب مشاكل خلال أشهر الشتاء عندما يفرض عليك الطقس البارد البقاء في المنزل لساعات أكثر كل يوم. يمكن أن تشمل أعراض حساسي
CASE_0245,1086836,mixed,3,1369805,0.7143,0.7143,0,ar,أعراض الحساسية الموسمية. تتراوح أعراض الحساسية الموسمية من خفيفة إلى شديدة. الأكثر شيوعًا تشمل: العطس. سيلان أو انسداد الأنف. عيون دامعة وحكة. حكة في الجيوب الأنفية أو الحلق أو قنوات الأذن. احتقان الاذن.
CASE_0245,1086836,mixed,4,6629466,0.6848,0.6848,0,ar,تشمل العلامات والأعراض الشائعة المرتبطة بالحساسية الموسمية والبيئية ما يلي: 1 العطس الانتيابي. 2 احتقان الأنف. 3 التنقيط الأنفي الخلفي. 4 احتقان الجيوب الأنفية. 5 عيون دامعة. 6 نزيف في الأنف. 7 اضطرابات النوم.
CASE_0245,1086836,mixed,5,5074774,0.683,0.683,0,ar,هناك أعراض أكثر من تلك المذكورة هنا ، ولكن بعض الأعراض الأكثر شيوعًا تشمل ما يلي: 1 برودة القدمين وأصابع القدمين - ليس فقط في فصل الشتاء. 2 برودة اليدين والأصابع. 3 الشعور بالخدر في أجزاء معينة من الجسم وخاصة الأطراف. الشعور بالتعب أو نقص الطاقة معظم الوقت.
CASE_0245,1086836,mixed,6,4184456,0.6801,0.6801,0,ar,الحساسية الموسمية ، التي تحدث في أوقات مختلفة من العام ، شائعة جدًا. تشمل الأعراض الأكثر شيوعًا سيلان الأنف واحمرار العينين ودموعها والعطس وحكة الجلد. تسبب بعض أنواع الحساسية الموسمية أعراضًا أكثر إشكالية ، مثل ضيق وألم في الصدر (Jupiterimages / Polka Dot / Getty Images) وتشمل الأعراض الأكثر شيوعًا
CASE_0245,1086836,mixed,7,8539580,0.6791,0.6791,0,ar,يعتقد أكثر من نصف الأمريكيين الذين شملهم الاستطلاع أن أعراض الحساسية المنبهة ، مثل الدموع وحكة في العين والأذنين والحلق كانت أيضًا أعراضًا للبرد. ومع ذلك ، فإن أعراض البرد والحساسية الموسمية التي تتداخل تشمل سيلان الأنف ، وانسداد الأنف ، والعطس ، والتعب ، والسعال. أفضل طريقة للتمييز بين الاثنين هي م
CASE_0245,1086836,mixed,8,1007807,0.6787,0.6787,0,ar,يوضح الجدول التالي بعض الاختلافات. الحساسية. نزلات البرد. أعراض. يمكن أن تشمل أعراض الحساسية سيلان أو انسداد الأنف ، والعطاس ، والصفير ، وحكة العينين الدامعة. يمكن أن تشمل علامات البرد الحمى والأوجاع والآلام واحتقان الأنف والعطس ودموع العيون. تبدأ الأعراض على الفور ، وعادة ما تستغرق أعراض البرودة بض
CASE_0245,1086836,mixed,9,8539581,0.6759,0.6759,0,ar,تميل نزلات البرد إلى الحدوث في الشتاء ، وغالبًا ما تستغرق عدة أيام لتظهر بعد التعرض للفيروس. مع الحساسية الموسمية ، فإن ظهور الأعراض - العطس وانسداد الأنف وحكة العين - يحدث مباشرة بعد التعرض لحبوب اللقاح في الربيع أو الصيف أو الخريف . إذا كانت الأعراض تميل إلى الظهور في نفس الوقت من كل عام ، فقد تكو
CASE_0245,1086836,mixed,10,8539576,0.6722,0.6722,0,ar,مع الحساسية الموسمية ، فإن ظهور الأعراض - العطس وانسداد الأنف وحكة العين - يحدث مباشرة بعد التعرض لحبوب اللقاح في الربيع أو الصيف أو الخريف . إذا كانت الأعراض تميل إلى الظهور في نفس الوقت من كل عام ، فقد تكون حساسية موسمية وليست نزلة برد. [9 أغرب أنواع الحساسية]
CASE_0245,1089521,endpoint,1,7084114,0.765,0.765,0,ar,احصل على رقم هاتف توم سكوت هوندا في نامبا ، معرف 83687 ، تجار السيارات - السيارات الجديدة ، مراجعات توم سكوت هوندا
CASE_0245,1089521,endpoint,2,7084111,0.7313,0.7313,1,ar,يقع Tom Scott Honda في العنوان 603 11th Ave N في Nampa ، Idaho 83687. ويمكن الاتصال بهم عبر الهاتف على 3248 466 (208) لمعرفة الأسعار والساعات والاتجاهات. توم سكوت هوندا متخصص في السيارات الفاخرة والتجارية بدون ائتمان. توم سكوت هوندا يبلغ حجم مبيعاتها السنوية 5 مليون يورو.
CASE_0245,1089521,endpoint,3,7084109,0.7038,0.7038,0,ar,قم بزيارتنا في Tom Scott Honda الواقع في 603 11th Avenue North، Nampa، Idaho 83687 وانضم إلى الآلاف الذين يعتمدون علينا بالفعل لتلبية احتياجاتهم من السيارات. هل تحتاج إلى مساعدة للوصول إلى توم سكوت هوندا؟ انقر هنا للحصول على الاتجاهات إلى وكالتنا في 603 11th Avenue North ، Nampa ، ID 83687.
CASE_0245,1089521,endpoint,4,602435,0.6795,0.6795,0,ar,مرحبًا بكم في توم سكوت تويوتا. توم سكوت تويوتا في نامبا ، ID يتعامل مع احتياجات كل عميل على حدة باهتمام بالغ. نحن نعلم أن لديك توقعات عالية ، وبصفتنا تاجر سيارات ، فإننا نتمتع بالتحدي المتمثل في تلبية هذه المعايير وتجاوزها في كل مرة. اسمح لنا بإظهار التزامنا بالتميز! يتوق موظفو المبيعات ذوي الخبرة ل
CASE_0245,1089521,endpoint,5,7084108,0.6709,0.6709,0,ar,TOM SCOTT HONDA - صور ومراجعات 603 11th Ave N ، Nampa ، ID 83687 - رقم الهاتف في IndexUsedCars.com. وكلاء السيارات المستعملة المحليون. البحث عن تجار السيارات المستعملة على الإنترنت.
CASE_0245,1089521,endpoint,6,7084106,0.6703,0.6703,0,ar,ابحث عن Tom Scott Honda في نامبا بالعنوان ورقم الهاتف من Yahoo US Local. يتضمن تعليقات Tom Scott Honda ، والخرائط والاتجاهات إلى Tom Scott Honda في Nampa والمزيد من Yahoo US Local ابحث عن Tom Scott Honda في Nampa بالعنوان ورقم الهاتف من Yahoo US Local. يتضمن تعليقات Tom Scott Honda ، والخرائط والاتج
CASE_0245,1089521,endpoint,7,7084115,0.642,0.642,0,ar,عن توم سكوت هوندا توم سكوت هوندا في نامبا | سيارات هوندا الجديدة والمستعملة | Serving Boise و Caldwell و Meridian ابحث في وكلاء Tom Scott Honda عبر الإنترنت وتصفح مجموعتنا الشاملة من سيارات وشاحنات وسيارات الدفع الرباعي هوندا 2011 و 2012 الجديدة.
CASE_0245,1089521,endpoint,8,2528546,0.6129,0.6129,0,ar,في Sam Boswell Honda ، لدينا طريقة أسهل لبيع سيارتك أو المتاجرة بها. اتصل بفريق العمل لدينا اليوم على (334) 347-1288 للتعرف على أحدث عروض هوندا الخاصة ، أو تحديد موعد لاختبار القيادة ، أو معرفة المزيد عن المركبات على موقعنا الإلكتروني ، أو طلب كتيب ، أو مناقشة استبدالك أو حتى التحدث عن تمويل سيارتك
CASE_0245,1089521,endpoint,9,1188078,0.6079,0.6079,0,ar,رقم هاتف هوندا. تم التصويت على الرقم والخطوات أدناه رقم 1 من قبل أكثر من 9440 عميل هوندا. 800-999-1009. دعم هاتف Honda. اقرأ الخطوات الأساسية والتلميحات أدناه. إنهم يتصلون بك بدلاً من ذلك. حر. أفضل رقم بالنسبة لي استهدف مشكلتك بالضبط. المزيد من أرقام الهواتف والأدوات. لا انتظار في الانتظار.
CASE_0245,1089521,endpoint,10,1770467,0.5989,0.5989,0,ar,المقر الرئيسي لمكتب شركة هوندا للتمويل. 20800 مادرونا. تورانس ، كاليفورنيا 90503 الولايات المتحدة الأمريكية. رقم هاتف الشركة: 1-310-972-2200. رقم الفاكس: 1-310-972-2244. رقم خدمة العملاء: 1-800-445-1358. رعاية هوندا: 1-800-999-5901.
CASE_0245,1089521,mixed,1,7084111,0.807,0.807,1,ar,يقع Tom Scott Honda في العنوان 603 11th Ave N في Nampa ، Idaho 83687. ويمكن الاتصال بهم عبر الهاتف على 3248 466 (208) لمعرفة الأسعار والساعات والاتجاهات. توم سكوت هوندا متخصص في السيارات الفاخرة والتجارية بدون ائتمان. توم سكوت هوندا يبلغ حجم مبيعاتها السنوية 5 مليون يورو.
CASE_0245,1089521,mixed,2,7084109,0.7973,0.7973,0,ar,قم بزيارتنا في Tom Scott Honda الواقع في 603 11th Avenue North، Nampa، Idaho 83687 وانضم إلى الآلاف الذين يعتمدون علينا بالفعل لتلبية احتياجاتهم من السيارات. هل تحتاج إلى مساعدة للوصول إلى توم سكوت هوندا؟ انقر هنا للحصول على الاتجاهات إلى وكالتنا في 603 11th Avenue North ، Nampa ، ID 83687.
CASE_0245,1089521,mixed,3,7084114,0.7693,0.7693,0,ar,احصل على رقم هاتف توم سكوت هوندا في نامبا ، معرف 83687 ، تجار السيارات - السيارات الجديدة ، مراجعات توم سكوت هوندا
CASE_0245,1089521,mixed,4,7084106,0.7329,0.7329,0,ar,ابحث عن Tom Scott Honda في نامبا بالعنوان ورقم الهاتف من Yahoo US Local. يتضمن تعليقات Tom Scott Honda ، والخرائط والاتجاهات إلى Tom Scott Honda في Nampa والمزيد من Yahoo US Local ابحث عن Tom Scott Honda في Nampa بالعنوان ورقم الهاتف من Yahoo US Local. يتضمن تعليقات Tom Scott Honda ، والخرائط والاتج
CASE_0245,1089521,mixed,5,7084108,0.7271,0.7271,0,ar,TOM SCOTT HONDA - صور ومراجعات 603 11th Ave N ، Nampa ، ID 83687 - رقم الهاتف في IndexUsedCars.com. وكلاء السيارات المستعملة المحليون. البحث عن تجار السيارات المستعملة على الإنترنت.
CASE_0245,1089521,mixed,6,602435,0.688,0.688,0,ar,مرحبًا بكم في توم سكوت تويوتا. توم سكوت تويوتا في نامبا ، ID يتعامل مع احتياجات كل عميل على حدة باهتمام بالغ. نحن نعلم أن لديك توقعات عالية ، وبصفتنا تاجر سيارات ، فإننا نتمتع بالتحدي المتمثل في تلبية هذه المعايير وتجاوزها في كل مرة. اسمح لنا بإظهار التزامنا بالتميز! يتوق موظفو المبيعات ذوي الخبرة ل
CASE_0245,1089521,mixed,7,7084115,0.6707,0.6707,0,ar,عن توم سكوت هوندا توم سكوت هوندا في نامبا | سيارات هوندا الجديدة والمستعملة | Serving Boise و Caldwell و Meridian ابحث في وكلاء Tom Scott Honda عبر الإنترنت وتصفح مجموعتنا الشاملة من سيارات وشاحنات وسيارات الدفع الرباعي هوندا 2011 و 2012 الجديدة.
CASE_0245,1089521,mixed,8,6572186,0.6301,0.6301,0,ar,Honda Auto، M / C، P / E & Marine Customer Relations 180 Honda Blvd Markham، ON L6C 0H9 الرقم المجاني: 1-888-9-HONDA-9 (1-888-946-6329) الساعات: 8:00 صباحًا حتى 7:30 مساءً من الإثنين إلى الجمعة (EST) Honda Financial Services الرقم المجاني: 1-800-387-5399 الساعات: 8:00 صباحًا إلى 8:00 مساءً من الاثني
CASE_0245,1089521,mixed,9,2528546,0.6293,0.6293,0,ar,في Sam Boswell Honda ، لدينا طريقة أسهل لبيع سيارتك أو المتاجرة بها. اتصل بفريق العمل لدينا اليوم على (334) 347-1288 للتعرف على أحدث عروض هوندا الخاصة ، أو تحديد موعد لاختبار القيادة ، أو معرفة المزيد عن المركبات على موقعنا الإلكتروني ، أو طلب كتيب ، أو مناقشة استبدالك أو حتى التحدث عن تمويل سيارتك
CASE_0245,1089521,mixed,10,1188078,0.6292,0.6292,0,ar,رقم هاتف هوندا. تم التصويت على الرقم والخطوات أدناه رقم 1 من قبل أكثر من 9440 عميل هوندا. 800-999-1009. دعم هاتف Honda. اقرأ الخطوات الأساسية والتلميحات أدناه. إنهم يتصلون بك بدلاً من ذلك. حر. أفضل رقم بالنسبة لي استهدف مشكلتك بالضبط. المزيد من أرقام الهواتف والأدوات. لا انتظار في الانتظار.
CASE_0245,1091108,endpoint,1,1064955,0.7317,0.7317,0,ar,المستقبل الحسي عبارة عن بنية تتفاعل مع منبه مادي في البيئة ، سواء كان داخليًا أو خارجيًا. إنها نهاية عصبية حسية تتلقى المعلومات وتجري عملية توليد نبضات عصبية تنتقل إلى الدماغ للتفسير والإدراك.
CASE_0245,1091108,endpoint,2,2770277,0.7253,0.7253,1,ar,ماذا يعني الشعور بشيء ما؟ المستقبلات الحسية هي خلايا عصبية متخصصة تستجيب لأنواع معينة من المنبهات. عندما يتم الكشف عن المعلومات الحسية بواسطة المستقبل الحسي ، يكون الإحساس قد حدث. على سبيل المثال ، يتسبب الضوء الذي يدخل العين في حدوث تغيرات كيميائية في الخلايا التي تبطن مؤخرة العين. تنقل هذه الخلايا
CASE_0245,1091108,endpoint,3,3970196,0.7162,0.7162,0,ar,المستقبلات الحسية. . . المستقبل الحسي عبارة عن بنية تتفاعل مع منبه مادي في البيئة ، سواء كان داخليًا أو خارجيًا. إنها نهاية عصبية حسية تتلقى المعلومات وتجري عملية توليد نبضات عصبية تنتقل إلى الدماغ للتفسير والإدراك.
CASE_0245,1091108,endpoint,4,3431300,0.7148,0.7148,0,ar,المستقبل الحسي هو نهاية عصبية حسية تستجيب لمنبه في البيئة الداخلية أو الخارجية للكائن الحي. يبدأ المستقبل الحسي استنباط الأثر الحسي عن طريق إنشاء إمكانات متدرجة أو جهود فعلية في نفس الخلية أو في خلية مجاورة. أجاب.
CASE_0245,1091108,endpoint,5,1304077,0.7061,0.7061,0,ar,في النظام الحسي ، المستقبل الحسي هو نهاية عصبية حسية تستجيب لمحفز في البيئة الداخلية أو الخارجية للكائن الحي ، واستجابة للمنبهات ، يبدأ المستقبل الحسي التنبيغ الحسي عن طريق إنشاء إمكانات متدرجة أو إمكانات فعلية في نفس الخلية أو في المستقبلات المجاورة ، تستجيب المستقبلات الأخرى مثل المستقبلات الميكان
CASE_0245,1091108,endpoint,6,1565596,0.6998,0.6998,0,ar,في النظام الحسي ، المستقبل الحسي هو نهاية عصبية حسية تستجيب لمحفز في البيئة الداخلية أو الخارجية للكائن الحي ، واستجابة للمنبهات ، يبدأ المستقبل الحسي التنبيغ الحسي عن طريق إنشاء إمكانات متدرجة أو إمكانات فعلية في نفس الخلية أو في المستقبلات المجاورة تستجيب المستقبلات الحسية لطرائق تحفيز معينة. يتم
CASE_0245,1091108,endpoint,7,6802419,0.686,0.686,0,ar,يشار إليه بالشريط الحسي ، وهو يمتد لأعلى / لأسفل في المنطقة الزمنية.
CASE_0245,1091108,endpoint,8,6675063,0.6823,0.6823,0,ar,المستقبل الحسي هو نهاية عصبية حسية تستجيب لمنبه في البيئة الداخلية أو الخارجية للكائن الحي. يبدأ المستقبل الحسي التخريب الحسي عن طريق إنشاء إمكانات متدرجة أو جهود فعل في نفس الخلية أو في خلية مجاورة. أجاب. في Science. في أذن الثدييات ، توجد المستقبلات الحسية (خلايا الشعر) للسمع في القوقعة وللتوازن ف
CASE_0245,1091108,endpoint,9,8578284,0.6809,0.6809,0,ar,في النظام الحسي ، المستقبلات الحسية هي بنية تتعرف على المحفز في البيئة الداخلية أو الخارجية للكائن الحي. استجابةً للمنبهات ، يبدأ المستقبل الحسي التنبيغ الحسي عن طريق إنشاء إمكانات متدرجة أو إمكانات فعلية في نفس الخلية أو في خلية مجاورة.
CASE_0245,1091108,endpoint,10,1544932,0.6807,0.6807,0,ar,في النظام الحسي ، المستقبل الحسي هو نهاية عصبية حسية تستجيب لمحفز في البيئة الداخلية أو الخارجية للكائن الحي ، واستجابة للمنبهات ، يبدأ المستقبل الحسي التنبيغ الحسي عن طريق إنشاء إمكانات متدرجة أو إمكانات فعلية في نفس الخلية أو في مكان مجاور ، فإن وظائف المستقبلات الحسية هي المكون الأول في الجهاز ال
CASE_0245,1091108,mixed,1,2770277,0.7142,0.7142,1,ar,ماذا يعني الشعور بشيء ما؟ المستقبلات الحسية هي خلايا عصبية متخصصة تستجيب لأنواع معينة من المنبهات. عندما يتم الكشف عن المعلومات الحسية بواسطة المستقبل الحسي ، يكون الإحساس قد حدث. على سبيل المثال ، يتسبب الضوء الذي يدخل العين في حدوث تغيرات كيميائية في الخلايا التي تبطن مؤخرة العين. تنقل هذه الخلايا
CASE_0245,1091108,mixed,2,1064955,0.7007,0.7007,0,ar,المستقبل الحسي عبارة عن بنية تتفاعل مع منبه مادي في البيئة ، سواء كان داخليًا أو خارجيًا. إنها نهاية عصبية حسية تتلقى المعلومات وتجري عملية توليد نبضات عصبية تنتقل إلى الدماغ للتفسير والإدراك.
CASE_0245,1091108,mixed,3,5195115,0.6947,0.6947,0,ar,يشير إلى قدرة الدماغ على تنظيم المعلومات الحسية التي تأتي من محيطنا ومن أجسادنا ، واستخدام هذه المعلومات للتكيف والتفاعل مع البيئة. الطريقة التي نتعلم بها عن العالم هي من خلال التكامل الحسي.
CASE_0245,1091108,mixed,4,7236255,0.6912,0.6912,0,ar,يُطلق على نوع المعالجة التي تتضمن البدء بإدراك ما يحدث ثم تطبيق هذا الإطار على المعلومات في العالم من أعلى إلى أسفل.
CASE_0245,1091108,mixed,5,5249404,0.6875,0.6875,0,ar,تعريف. يشير إلى العملية التي يستخدمها الدماغ لدمج (أو ربط) نتائج العديد من العمليات الحسية في إدراك واحد. يحدث هذا ، على سبيل المثال ، عندما يتم الجمع بين أحاسيس اللون والشكل والحدود والملمس لإنتاج إدراك وجه الشخص. لا أحد يعرف بالضبط كيف يفعل الدماغ هذا.
CASE_0245,1091108,mixed,6,3970196,0.6871,0.6871,0,ar,المستقبلات الحسية. . . المستقبل الحسي عبارة عن بنية تتفاعل مع منبه مادي في البيئة ، سواء كان داخليًا أو خارجيًا. إنها نهاية عصبية حسية تتلقى المعلومات وتجري عملية توليد نبضات عصبية تنتقل إلى الدماغ للتفسير والإدراك.
CASE_0245,1091108,mixed,7,3832028,0.6861,0.6861,0,ar,إحساس. تعريف. العملية التي من خلالها تنتج محاكاة المستقبلات الحسية نبضات عصبية يفسرها الدماغ على أنها صوت ، أو صورة بصرية ، أو رائحة ، أو طعم ، أو ألم ، أو أي صورة حسية أخرى. يمثل الإحساس السلسلة الأولى من الخطوات في معالجة المعلومات الواردة. يشير إلى العملية التي يستخدمها الدماغ لدمج (أو ربط) نتائج
CASE_0245,1091108,mixed,8,5207147,0.6855,0.6855,0,ar,لذلك عندما تلتقط صديقًا ، يسجل الإحساس عادة إحساسًا واضحًا ، على الفور ، العملية التي ينتج من خلالها تحفيز المستقبلات الحسية نبضات عصبية يفسرها الدماغ على أنها صوت ، أو صورة بصرية ، أو رائحة ، أو طعم ، أو ألم. ، أو صورة حسية أخرى.
CASE_0245,1091108,mixed,9,937632,0.6855,0.6855,0,ar,الإحساس: في الطب وعلم وظائف الأعضاء ، يشير الإحساس إلى تسجيل نبضة عصبية واردة (واردة) في ذلك الجزء من الدماغ المسمى الحسي ، القادر على مثل هذا الإدراك. لذلك فإن إدراك المنبه نتيجة إدراكه للمستقبلات الحسية.
CASE_0245,1091108,mixed,10,1952196,0.684,0.684,0,ar,الإحساس هو العملية التي من خلالها أعضاء حواسنا. والمستقبلات تكتشف وتستجيب للحواس. المعلومات التي تحفزهم. المعلومات. في هذه المرحلة هي مجرد بيانات حسية خام. إنها. لا معنى له حتى يتم إرساله إلى الحواس ذات الصلة. منطقة في الدماغ للمعالجة.
CASE_0245,1091983,endpoint,1,7869805,0.7468,0.7468,0,ar,لم تكتمل العملية بنجاح لأن الملف يحتوي على فيروس أو برنامج غير مرغوب فيه. أشعر بالإحباط لأنني بقيت بدون نسخ احتياطي على الإطلاق ، بينما لا يمكنني إكمال عملية النسخ الاحتياطي.
CASE_0245,1091983,endpoint,2,7869800,0.7389,0.7389,1,ar,لم تكتمل العملية بنجاح لأن الملف يحتوي على فيروس أو خطأ في برنامج غير مرغوب فيه. بواسطة Michael2000 ، 29 يوليو 2016 في منتجات Emsisoft الأخرى
CASE_0245,1091983,endpoint,3,7869808,0.709,0.709,0,ar,لم تكتمل العملية بنجاح لأن الملف يحتوي على فيروس أو برنامج غير مرغوب فيه. (self.AskTechnology) تم تقديمه منذ 7 أشهر بواسطة xBitter_
CASE_0245,1091983,endpoint,4,7869806,0.7072,0.7072,0,ar,أرشيفات العلامات: لم تكتمل العملية بنجاح لأن الملف يحتوي على فيروس أو برنامج غير مرغوب فيه. لم تكتمل عملية إصلاح خطأ Windows بنجاح لأن الملف يحتوي على فيروس أو برنامج غير مرغوب فيه. أكواد خطأ النظام واسعة جدًا. يمكن أن يحدث كل واحد في واحد من عدة مئات من المواقع في النظام. وبالتالي لا يمكن أن تكون أ
CASE_0245,1091983,endpoint,5,8636063,0.6397,0.6397,0,ar,"""قد يكون هذا بسبب عدم إمكانية وصول العمال إلى الملف الذي يحتوي على """"Q"""". استخدم addAttachedFiles (تجمع ، ملفات) لتحديد الملفات المطلوب إرفاقها. راجع الوثائق الخاصة بـ """"allel.Pool / addAttachedFiles """"لمزيد من التفاصيل. ناتج عن: دالة غير محددة أو متغير """"Q"""". هيكل الكود الخاص بي هو كما يلي: (يمكنك"
CASE_0245,1091983,endpoint,6,49653,0.6364,0.6364,0,ar,لدي ملف XML مرفق (مرفق بصيغة txt) محفوظ كملف يعتقد Excel أن هناك مشكلة فيه.
CASE_0245,1091983,endpoint,7,6235184,0.6304,0.6304,0,ar,كما أعلم أن لديك مشكلتين في هذا. إما أن ملف dll تالف أو تم حظر بعض البرامج بسبب مخاوف أمنية. تحقق من نشاط العملية واكتشف ما إذا كانت هناك أي عملية أخرى تقاطع أم لا. أعتقد أن برنامج مكافحة الفيروسات الخاص بك قد يقطع حصول البرنامج على هذا الملف. الآراء. الإجابة مطلوبة من قبل.
CASE_0245,1091983,endpoint,8,5277870,0.6201,0.6201,0,ar,إذا كنت قادرًا على إنهاء العملية من مدير المهام ، فإن العملية ليست العملية الشرعية. علاوة على ذلك ، لن يتم تشغيل أكثر من نسخة واحدة من هذه العملية في وقت معين. رسالة الخطأ lsass.exe.
CASE_0245,1091983,endpoint,9,7869802,0.6177,0.6177,0,ar,أستخدم النسخ الاحتياطية المجدولة لبعض الوقت الآن. فجأة ، لم أتمكن من نسخ ملفاتي احتياطيًا: لم تكتمل العملية بنجاح لأن الملف يحتوي على فيروس أو برنامج غير مرغوب فيه. الخطأ: 0x800700E1. لدي برنامج Avast لمكافحة الفيروسات قيد التشغيل وقمت أيضًا بفحص نظامي باستخدام ماسح أمان Microsoft. كلاهما يشير إلى ع
CASE_0245,1091983,endpoint,10,253660,0.6173,0.6173,0,ar,إجابة ماتلاب واضحة ، لم تحدد الوظيفة أو حددتها بشكل غير صحيح. هذا يعني أن اسم ملف * .m الخاص بك ليس هو نفسه اسم وظيفتك ، أو أنك تستخدم اسم دالة غير معرّف. إذا لم تكن هذه هي مشكلتك ، هل يمكنك من فضلك إرسال البرنامج النصي الخاص بك.
CASE_0245,1091983,mixed,1,7869800,0.739,0.739,1,ar,لم تكتمل العملية بنجاح لأن الملف يحتوي على فيروس أو خطأ في برنامج غير مرغوب فيه. بواسطة Michael2000 ، 29 يوليو 2016 في منتجات Emsisoft الأخرى
CASE_0245,1091983,mixed,2,7869805,0.7386,0.7386,0,ar,لم تكتمل العملية بنجاح لأن الملف يحتوي على فيروس أو برنامج غير مرغوب فيه. أشعر بالإحباط لأنني بقيت بدون نسخ احتياطي على الإطلاق ، بينما لا يمكنني إكمال عملية النسخ الاحتياطي.
CASE_0245,1091983,mixed,3,7869808,0.7097,0.7097,0,ar,لم تكتمل العملية بنجاح لأن الملف يحتوي على فيروس أو برنامج غير مرغوب فيه. (self.AskTechnology) تم تقديمه منذ 7 أشهر بواسطة xBitter_
CASE_0245,1091983,mixed,4,7869806,0.7094,0.7094,0,ar,أرشيفات العلامات: لم تكتمل العملية بنجاح لأن الملف يحتوي على فيروس أو برنامج غير مرغوب فيه. لم تكتمل عملية إصلاح خطأ Windows بنجاح لأن الملف يحتوي على فيروس أو برنامج غير مرغوب فيه. أكواد خطأ النظام واسعة جدًا. يمكن أن يحدث كل واحد في واحد من عدة مئات من المواقع في النظام. وبالتالي لا يمكن أن تكون أ
CASE_0245,1091983,mixed,5,49653,0.6383,0.6383,0,ar,لدي ملف XML مرفق (مرفق بصيغة txt) محفوظ كملف يعتقد Excel أن هناك مشكلة فيه.
CASE_0245,1091983,mixed,6,8636063,0.638,0.638,0,ar,"""قد يكون هذا بسبب عدم إمكانية وصول العمال إلى الملف الذي يحتوي على """"Q"""". استخدم addAttachedFiles (تجمع ، ملفات) لتحديد الملفات المطلوب إرفاقها. راجع الوثائق الخاصة بـ """"allel.Pool / addAttachedFiles """"لمزيد من التفاصيل. ناتج عن: دالة غير محددة أو متغير """"Q"""". هيكل الكود الخاص بي هو كما يلي: (يمكنك"
CASE_0245,1091983,mixed,7,6235184,0.6364,0.6364,0,ar,كما أعلم أن لديك مشكلتين في هذا. إما أن ملف dll تالف أو تم حظر بعض البرامج بسبب مخاوف أمنية. تحقق من نشاط العملية واكتشف ما إذا كانت هناك أي عملية أخرى تقاطع أم لا. أعتقد أن برنامج مكافحة الفيروسات الخاص بك قد يقطع حصول البرنامج على هذا الملف. الآراء. الإجابة مطلوبة من قبل.
CASE_0245,1091983,mixed,8,6553136,0.6321,0.6321,0,ar,"""خطأ في التنفيذ: """"اسم الوظيفة ليس اسم دالة مضمنًا معترفًا به""""."""
CASE_0245,1091983,mixed,9,7384065,0.6307,0.6307,0,ar,وقد نجحت. يحدث هذا لأنه عندما قمت بإنشاء المشروع ، فمن المحتمل أنك قمت بتعيين اسم مختلف للحزمة وعندما تحاول Java العثور على حزمة R ، فهي ببساطة غير موجودة لأن الدليل الذي تبحث عنه ، حسنًا ... لا يوجد أي منهما . آمل أن يساعدك هذا يا رفاق @ karan9982 و @ amitkumar1983.
CASE_0245,1091983,mixed,10,5277870,0.6297,0.6297,0,ar,إذا كنت قادرًا على إنهاء العملية من مدير المهام ، فإن العملية ليست العملية الشرعية. علاوة على ذلك ، لن يتم تشغيل أكثر من نسخة واحدة من هذه العملية في وقت معين. رسالة الخطأ lsass.exe.
CASE_0245,1097469,endpoint,1,7411774,0.8005,0.8005,0,ar,السعرات الحرارية لكل حصة من سلطة الدجاج بالتفاح والجوز 137 سعرة حرارية من صدور الدجاج (المطبوخة) ، بدون جلد ، محمصة ، (4 أونصات) 102 سعرة حرارية من الجوز ، (0.13 كوب ، مفروم) 62 سعرة حرارية من الجبن الأزرق ، (0.13 كوب ، مفتت ، وليس معبأة) 55 سعرة حرارية من التفاح الطازج مع الجلد (0.50 كبير (3-1 / 4
CASE_0245,1097469,endpoint,2,7411777,0.7854,0.7854,1,ar,السعرات الحرارية لكل حصة من سلطة الدجاج مع العنب والتفاح والجوز 85 سعرة حرارية من الدجاج المشوي ، (0.08 دجاجة منزوعة العظام والجلد) 31 سعرة حرارية من الجوز ، (0.04 كوب ، مفروم) 12 سعرة حرارية من هيلمنز ، مايونيز خفيف ، 1 ملعقة كبيرة ، (0.33 حصة) 5 سعرات حرارية من العنب ، (0.08 كوب ، بدون بذور) 2 سعر
CASE_0245,1097469,endpoint,3,7411778,0.7621,0.7621,0,ar,السعرات الحرارية والدهون والبروتينات والألياف والكربوهيدرات في سلطة الدجاج المشوي والتوت البري والتفاح والجوز من كارلز جونيور ؛ 2000 سعر حراري بدون خطة وجبات السمك ؛ معلومات عن المكونات الخاصة بالسعرات الحرارية من وصفاتنا: السعرات الحرارية في المخفوق ويقدم سلطة التفاح والجوز مع خل البلسميك
CASE_0245,1097469,endpoint,4,5534889,0.736,0.736,0,ar,السعرات الحرارية في سلطة دجاج التفاح - 3 أونصة دجاج ، 1/2 تفاحة ، 1 ساق سيقان ، 3 ملاعق كبيرة قد = حصتين. السعرات الحرارية في زهور البروكلي مع الجزر في مهروس جذور الكرفس. 2 12 سعرة حرارية ، 0 جرام دهون ، 2 جرام كربوهيدرات ، 1 جرام بروتين ، 1 جرام ألياف. 3 سعرات حرارية بالفلفل الحار ، ثلاث حبات من ال
CASE_0245,1097469,endpoint,5,5455071,0.731,0.731,0,ar,هناك 350 سعرة حرارية في حصة واحدة من سلطة دجاج وينديز بالتفاح البقان (نصف الحجم). توزيع السعرات الحرارية: 45٪ دهون ، 35٪ كربوهيدرات ، 20٪ بروتين.
CASE_0245,1097469,endpoint,6,3968759,0.7295,0.7295,0,ar,خطة وجبات إنقاص الوزن 2400 سعرة حرارية ؛ معلومات المكونات الخاصة بالسعرات الحرارية من وصفاتنا: السعرات الحرارية في سلطة الدجاج محلية الصنع السعرات الحرارية: 237 ، الدهون: 5 جرام ، الكربوهيدرات: 34 جرام ، البروتين: 15 جرام ، الألياف: 2 جرام.
CASE_0245,1097469,endpoint,7,6707006,0.7278,0.7278,0,ar,هناك 350 سعرة حرارية في حصة واحدة من سلطة دجاج وينديز بالتفاح البقان (نصف الحجم). توزيع السعرات الحرارية: 45٪ دهون ، 35٪ كربوهيدرات ، 20٪ بروتين.
CASE_0245,1097469,endpoint,8,3849023,0.724,0.724,0,ar,هناك 590 سعرة حرارية في حصة واحدة من سلطة وينديز بالدجاج والتفاح البقان. توزيع السعرات الحرارية: 39٪ دهون ، 36٪ كربوهيدرات ، 25٪ بروتين.
CASE_0245,1097469,endpoint,9,8287075,0.7207,0.7207,0,ar,السعرات الحرارية لكل حصة من سلطة الدجاج المشوي ، بدون تتبيلة ، 103 سعرات حرارية من صدور الدجاج (المطبوخة) ، بدون جلد ، محمصة ، (3 أونصات) 54 سعرة حرارية من الفاصوليا الحمراء ، (0.25 كوب) 45 سعرة حرارية من الخضار ، سلطة الخضار المشكلة ، (3 حصص) 36 سعرة حرارية من اليوسفي ، (اليوسفي) ، المعلب ، (0.50 ك
CASE_0245,1097469,endpoint,10,2500020,0.7185,0.7185,0,ar,تحتوي سلطة الحديقة الصغيرة على 45 سعرة حرارية و 1 جرام من الدهون. تعتبر سلطة الدجاج المشوي بالتفاح والجوز خيارًا مغذيًا آخر يحتوي على 330 سعرة حرارية و 8 جرامات من الدهون و 60 في المائة من فيتامين أ الذي تحتاجه كل يوم. تناول سلطتك مع واحدة من تتبيلات السلطة الخفيفة من ستيك آند شيك للحفاظ على نسبة ال
CASE_0245,1097469,mixed,1,7411777,0.7343,0.7343,1,ar,السعرات الحرارية لكل حصة من سلطة الدجاج مع العنب والتفاح والجوز 85 سعرة حرارية من الدجاج المشوي ، (0.08 دجاجة منزوعة العظام والجلد) 31 سعرة حرارية من الجوز ، (0.04 كوب ، مفروم) 12 سعرة حرارية من هيلمنز ، مايونيز خفيف ، 1 ملعقة كبيرة ، (0.33 حصة) 5 سعرات حرارية من العنب ، (0.08 كوب ، بدون بذور) 2 سعر
CASE_0245,1097469,mixed,2,7411774,0.7303,0.7303,0,ar,السعرات الحرارية لكل حصة من سلطة الدجاج بالتفاح والجوز 137 سعرة حرارية من صدور الدجاج (المطبوخة) ، بدون جلد ، محمصة ، (4 أونصات) 102 سعرة حرارية من الجوز ، (0.13 كوب ، مفروم) 62 سعرة حرارية من الجبن الأزرق ، (0.13 كوب ، مفتت ، وليس معبأة) 55 سعرة حرارية من التفاح الطازج مع الجلد (0.50 كبير (3-1 / 4
CASE_0245,1097469,mixed,3,5501386,0.7088,0.7088,0,ar,معلومات المكونات الخاصة بالسعرات الحرارية من وصفاتنا: 1 سعرات حرارية في سلطة الهندباء والتفاح والجوز السعرات الحرارية: 364 ، الدهون: 29 جرام ، الكربوهيدرات: 21 جرام ، البروتين: 10 جرام ، الألياف: 11 جرام. 2 سعرة حرارية في Burgy's Endive مع صلصة البيكون الساخنة السعرات الحرارية: 194 ، الدهون: 10 جم ،
CASE_0245,1097469,mixed,4,5534889,0.7056,0.7056,0,ar,السعرات الحرارية في سلطة دجاج التفاح - 3 أونصة دجاج ، 1/2 تفاحة ، 1 ساق سيقان ، 3 ملاعق كبيرة قد = حصتين. السعرات الحرارية في زهور البروكلي مع الجزر في مهروس جذور الكرفس. 2 12 سعرة حرارية ، 0 جرام دهون ، 2 جرام كربوهيدرات ، 1 جرام بروتين ، 1 جرام ألياف. 3 سعرات حرارية بالفلفل الحار ، ثلاث حبات من ال
CASE_0245,1097469,mixed,5,3849023,0.6969,0.6969,0,ar,هناك 590 سعرة حرارية في حصة واحدة من سلطة وينديز بالدجاج والتفاح البقان. توزيع السعرات الحرارية: 39٪ دهون ، 36٪ كربوهيدرات ، 25٪ بروتين.
CASE_0245,1097469,mixed,6,4296468,0.696,0.696,0,ar,1177 سعرة حرارية ، 7 جم دهون ، 26 جم كربوهيدرات ، 9 جم بروتين ، 11 جم ألياف. 2 سعرة حرارية في سلطة قلوب النخيل والسبانخ والبصل الأحمر مع خل الحمضيات. 314 سعرة حرارية ، 8 جم دهون ، 29 جم كربوهيدرات ، 4 جم بروتين ، 5 جم ألياف. 4 سعرة حرارية في هارتس أوف بالم سالاد.
CASE_0245,1097469,mixed,7,5455071,0.6959,0.6959,0,ar,هناك 350 سعرة حرارية في حصة واحدة من سلطة دجاج وينديز بالتفاح البقان (نصف الحجم). توزيع السعرات الحرارية: 45٪ دهون ، 35٪ كربوهيدرات ، 20٪ بروتين.
CASE_0245,1097469,mixed,8,6707006,0.6932,0.6932,0,ar,هناك 350 سعرة حرارية في حصة واحدة من سلطة دجاج وينديز بالتفاح البقان (نصف الحجم). توزيع السعرات الحرارية: 45٪ دهون ، 35٪ كربوهيدرات ، 20٪ بروتين.
CASE_0245,1097469,mixed,9,1750669,0.6931,0.6931,0,ar,السعرات الحرارية في التفاح والخيار وعصير البرتقال السعرات الحرارية: 86 ، الدهون: 1 جرام ، الكربوهيدرات: 21 جرام ، البروتين: 1 جرام ، الألياف: 3 جرام. السعرات الحرارية في سلطة تفاح الجدة السعرات الحرارية: 283 ، الدهون: 19 جم ، الكربوهيدرات: 17 جم ، البروتين: 6 جم ، الألياف: 4 جم. السعرات الحرارية في
CASE_0245,1097469,mixed,10,7577321,0.6928,0.6928,0,ar,معلومات المكونات الخاصة بالسعرات الحرارية من وصفاتنا: 1 سعرات حرارية في تتبيلة سلطة الخل وزيت الزيتون السعرات الحرارية: 24 ، الدهون: 2 جرام ، الكربوهيدرات: 1 جرام ، البروتين: 0 جرام ، الألياف: 0 جرام. 2 سعرة حرارية في سوت صدور الدجاج مع صلصة الخل البلسميك السعرات الحرارية: 383 ، الدهون: 9 جم ، الكرب
CASE_0245,1101296,endpoint,1,7994495,0.6748,0.6748,0,ar,ديفيد تيت يفعل ذلك مرة أخرى! أحب الأحذية. ديفيد تيت هو المفضل لدي لأنه يصنع أحذية جميلة بمقاسي الكبير للغاية 13 قدم امرأة. من الصعب العثور على أدوات قدم جميلة ذات نوعية جيدة تناسبها بشكل صحيح ولا يخيب ظنك ديفيد تيت أبدًا.
CASE_0245,1101296,endpoint,2,7994487,0.6479,0.6479,1,ar,David Tate Leather Flats - حصل نادين على تصنيف 4.0 من 5 في 1. حصل على تقييم 4 من 5 من قبل princessq من Run Big هذه علامة تجارية جديدة بالنسبة لي ، والجودة عالية جدًا. كنت بحاجة إلى حذاء أبيض مغلق الأصابع بعرض واسع للعمل. أنا 8 واط حقيقي (كلاركس ، إسحاق ، وآخرون). حجمها 1/2 حجم كبير ، وهو ما يعني بال
CASE_0245,1101296,endpoint,3,2780304,0.6318,0.6318,0,ar,أعتقد أن كيت ترتدي مقاس 38.5 في حذاء جيمي تشو! أنا بنفس الطريقة ... بينيت ، لكن الأمر يعتمد أيضًا على الحذاء! يختلف كل حذاء ، وتتراوح مقاساتي بين 36 و 38 !!
CASE_0245,1101296,endpoint,4,513378,0.6041,0.6041,0,ar,صندل SAS مريح بما يكفي للتنزه فيه. للإجابة على السؤال الأصلي. . Tevas تعمل في الحجم الحقيقي. أرتدي 6 إلى 6 1/2 في كل شيء من الصنادل إلى أحذية اللباس إلى أحذية الجري إلى أحذية المشي لمسافات طويلة ؛ لديها عدة أزواج من Tevas وكلها بحجم 6.
CASE_0245,1101296,endpoint,5,7776803,0.6032,0.6032,0,ar,يعمل هذا الحذاء بمقاس كامل أكبر من أحذية الرمي الأخرى التي تقبلها شركة Asics. متوفر في عرض متوسط ​​وعريض. الأحجام المتوفرة - 6D، 6EE، 6.5EE، 7EE، 7.5EE، 8EE، 8.5EE، 9D، 9EE، 9.5D & 10D فقط! هذه تعمل بحجم واحد كبير مقارنة بالعلامات التجارية الأخرى.
CASE_0245,1101296,endpoint,6,2233666,0.5996,0.5996,0,ar,شراء رائع! أنا الحجم الحقيقي 8 لكنني عادة ما أضطر إلى زيادة الحجم بنصف الحجم في Keen لأنهم يركضون أصغر قليلاً من المعتاد باستثناء Newport H2's ، أرتدي مقاس 8 وهو مناسب تمامًا. هذه الأحذية مريحة للغاية ويمكنك المشي فيها لساعات. أنا الحجم الحقيقي 8 لكنني عادة ما أضطر إلى زيادة الحجم بنصف الحجم في Keen
CASE_0245,1101296,endpoint,7,4747066,0.5965,0.5965,0,ar,جرب مقاس 8 أو 7 1/2. أنا مقاس 11 إمرأة و مقاس 10 رجال. لكني أعتقد أن الزلاجات يجب أن تكون أكثر راحة من الأحذية ، لذا من المحتمل أن تكون 7 1/2 مفيدة لك.
CASE_0245,1101296,endpoint,8,7838378,0.5941,0.5941,0,ar,[ࢠ€Â⠀ œ] A_kind_guy 1 point2 نقطة 3 نقاط منذ عامين (0 أطفال) لدي زميل 6'2 يرتدي مقاس 8 UK ، وهو مقاس 9 US على ما أعتقد. من المحتمل أن يكون لدى والدك قدمًا متوسطة ، ولا يتغير حجم الحذاء كثيرًا إلا إذا كان الشخص طويل القامة أو قصيرًا بشكل ملحوظ.
CASE_0245,1101296,endpoint,9,4446388,0.5936,0.5936,0,ar,يجب أن تتناسب الأحذية اللاتينية ذات الأصابع المفتوحة بحيث تصل أصابع قدميك إلى حافة الحذاء أو تتدلى قليلاً (ربع أو نصف بوصة - سنتيمتر أو نحو ذلك). لا أريد الدخول في أرقام المقاسات ، لأنك تحتاج حقًا إلى تجربة الحذاء ومعرفة ما يشعر به. لكن ، حتى الآن ، كنت دائمًا قادرًا على شراء أحذية الرقص الخاصة بي ب
CASE_0245,1101296,endpoint,10,7741255,0.593,0.593,0,ar,توضيح للإجابة بواسطة tar_heel_v-ga في 12 ديسمبر 2002 16:24 PST أنا آسف لأنك كنت مرتبكًا بشأن الرسم البياني ، ومع ذلك ، سألت عن الحجم XW ، وليس EW. EW للأحذية النسائية يعادل 2E و XW. في أحذية الرجال ، EW يعادل 4E. أتمنى أن يساعدك هذا.
CASE_0245,1101296,mixed,1,7994487,0.6774,0.6774,1,ar,David Tate Leather Flats - حصل نادين على تصنيف 4.0 من 5 في 1. حصل على تقييم 4 من 5 من قبل princessq من Run Big هذه علامة تجارية جديدة بالنسبة لي ، والجودة عالية جدًا. كنت بحاجة إلى حذاء أبيض مغلق الأصابع بعرض واسع للعمل. أنا 8 واط حقيقي (كلاركس ، إسحاق ، وآخرون). حجمها 1/2 حجم كبير ، وهو ما يعني بال
CASE_0245,1101296,mixed,2,7994495,0.671,0.671,0,ar,ديفيد تيت يفعل ذلك مرة أخرى! أحب الأحذية. ديفيد تيت هو المفضل لدي لأنه يصنع أحذية جميلة بمقاسي الكبير للغاية 13 قدم امرأة. من الصعب العثور على أدوات قدم جميلة ذات نوعية جيدة تناسبها بشكل صحيح ولا يخيب ظنك ديفيد تيت أبدًا.
CASE_0245,1101296,mixed,3,513378,0.6383,0.6383,0,ar,صندل SAS مريح بما يكفي للتنزه فيه. للإجابة على السؤال الأصلي. . Tevas تعمل في الحجم الحقيقي. أرتدي 6 إلى 6 1/2 في كل شيء من الصنادل إلى أحذية اللباس إلى أحذية الجري إلى أحذية المشي لمسافات طويلة ؛ لديها عدة أزواج من Tevas وكلها بحجم 6.
CASE_0245,1101296,mixed,4,7994494,0.6343,0.6343,0,ar,حذاء الباليه المسطح من David Tate للسيدات بنقشة جلد الثعبان ذو الحواف المنحنية من David Tate مقاس 8.5 Sz يتميز هذا الحذاء المسطح المصنوع من الجلد David Tate بنسيج جلد الثعبان مع لمعان خفيف وقوس على الأصابع المستديرة. مقاس 8.5 للسيدات.
CASE_0245,1101296,mixed,5,1134095,0.6238,0.6238,0,ar,215-788-0888. تتوافق معظم أحذية الرجال مع شكل القدمين ولديها صندوق أصابع قدم واسع بمساحة أفقية ورأسية كافية وكعب منخفض (يبلغ ارتفاعه حوالي نصف بوصة تقريبًا).
CASE_0245,1101296,mixed,6,7838378,0.6228,0.6228,0,ar,[ࢠ€Â⠀ œ] A_kind_guy 1 point2 نقطة 3 نقاط منذ عامين (0 أطفال) لدي زميل 6'2 يرتدي مقاس 8 UK ، وهو مقاس 9 US على ما أعتقد. من المحتمل أن يكون لدى والدك قدمًا متوسطة ، ولا يتغير حجم الحذاء كثيرًا إلا إذا كان الشخص طويل القامة أو قصيرًا بشكل ملحوظ.
CASE_0245,1101296,mixed,7,4747066,0.619,0.619,0,ar,جرب مقاس 8 أو 7 1/2. أنا مقاس 11 إمرأة و مقاس 10 رجال. لكني أعتقد أن الزلاجات يجب أن تكون أكثر راحة من الأحذية ، لذا من المحتمل أن تكون 7 1/2 مفيدة لك.
CASE_0245,1101296,mixed,8,7776803,0.6185,0.6185,0,ar,يعمل هذا الحذاء بمقاس كامل أكبر من أحذية الرمي الأخرى التي تقبلها شركة Asics. متوفر في عرض متوسط ​​وعريض. الأحجام المتوفرة - 6D، 6EE، 6.5EE، 7EE، 7.5EE، 8EE، 8.5EE، 9D، 9EE، 9.5D & 10D فقط! هذه تعمل بحجم واحد كبير مقارنة بالعلامات التجارية الأخرى.
CASE_0245,1101296,mixed,9,5010885,0.6066,0.6066,0,ar,ليدي 22 سبتمبر 2010 الساعة 6:21 مساءً. أنا 6'0 لوليتا أعشق الموضة ولكن لدي مشكلة مع التنانير والقمصان اللوليتا كونها الحجم المناسب لي. أنا طويل ونحيف ، لذا فأنا أنسجم مع العلامة التجارية ، لكنني لم أعتقد أبدًا أنها تبدو مناسبة لي.
CASE_0245,1101296,mixed,10,5125981,0.606,0.606,0,ar,أحذية للشراء: كعب منخفض ومريح. الحذاء المثالي له كعب سميك منخفض - مثل الوتد. يجب أن يضع ارتفاع الحذاء قدمك في زاوية طبيعية مريحة. تأكد أيضًا من أن الحذاء مزود بنعال مطاطية تعمل كامتصاص الصدمات وتمنعك من الانزلاق.
CASE_0245,144491,endpoint,1,7330708,0.6863,0.6863,0,ar,"""هل مارك والبرج يغني حقًا أم أنه يغني الشفاه في فيلم """"نجم الروك"""" لا ، لقد كان يتزامن مع شفتيه في فيلم Rock Star."""
CASE_0245,144491,endpoint,2,7330707,0.678,0.678,1,ar,"""هل هو صوت مارك والبرج الفعلي الذي يقوم بكل الغناء في فيلم Rock Star؟ لا ، غناء شخصية Wahlberg ، غناها Mike Matijevic ، قائد ... هل يستطيع Mark Wahlberg أن يغني بالطريقة التي قام بها في فيلم Rock Star من عام 2001؟ لم يغني مارك والبرغ في الواقع في فيلم Rock Star. بدلاً من ذلك ، كان صوت ... هل يغني ما"
CASE_0245,144491,endpoint,3,7330705,0.6431,0.6431,0,ar,مارك والبرج لا يغني في هذا الفيلم. قام بالغناء ميليجينكو ماتيجيفيتش وجيف سكوت سوتو. تشا تشا! مالوري فورنيس. استغرق Wahlberg ستة أشهر من الدروس الصوتية ، وعلى الرغم من زيادة صوته ، إلا أنه قام بالغناء الخاص به في Rock Star.
CASE_0245,144491,endpoint,4,7885982,0.6428,0.6428,0,ar,قبل أن يبدأ التمثيل ، اشتهر مارك والبرغ باسم ماركي مارك ، مغني الراب الذي كان يرتدي ملابس داخلية وشهرة مع مجموعته Funky Bunch. في تقليد ويل سميث وآيس كيوب ، حقق Wahlberg انتقالًا ناجحًا من الموسيقى إلى الفيلم ، وحصل على خصوصية ¢ €Â¦. كامل مارك والبيرج بيو.
CASE_0245,144491,endpoint,5,7330706,0.6425,0.6425,0,ar,مارك والبرج لا يغني في هذا الفيلم. قام بالغناء ميليجينكو ماتيجيفيتش وجيف سكوت سوتو. تشا تشا! استغرق Wahlberg ستة أشهر من الدروس الصوتية ، وعلى الرغم من زيادة صوته ، إلا أنه قام بالغناء الخاص به في Rock Star.
CASE_0245,144491,endpoint,6,7885979,0.6333,0.6333,0,ar,قبل أن يبدأ التمثيل ، اشتهر مارك والبرغ باسم ماركي مارك ، مغني الراب الذي كان يرتدي ملابس داخلية وشهرة مع مجموعته Funky Bunch. في تقليد ويل سميث وآيس كيوب ، حقق Wahlberg انتقالًا ناجحًا من الموسيقى إلى الفيلم ، وحصل على خصوصية ¢ €Â¦.
CASE_0245,144491,endpoint,7,8184059,0.6299,0.6299,0,ar,مارك والبرج. مارك روبرت مايكل والبرج (مواليد 5 يونيو 1971) [1] هو ممثل ومنتج ورجل أعمال أمريكي وعارض أزياء سابق ومغني راب سابق. كان Wahlberg معروفًا باسم Marky Mark في بداية مسيرته المهنية كرجل أول في مجموعة Marky Mark و Funky Bunch ، حيث أصدر ألبومات Music for the People and You Gotta Believe.
CASE_0245,144491,endpoint,8,2651582,0.6116,0.6116,0,ar,مارك روبرت مايكل والبرغ (مواليد 5 يونيو 1971) هو ممثل ومنتج ورجل أعمال أمريكي وعارض أزياء ومغني راب سابق. كان معروفًا باسم ماركي مارك في سنواته الأولى ، باعتباره رائدًا مع فرقة ماركي مارك وفانكي بانش ، وأصدر ألبومات موسيقى للناس وأنت يجب أن تصدق.
CASE_0245,144491,endpoint,9,7869446,0.5893,0.5893,0,ar,تمت تغطية الأغنية من قبل الفرقة الخيالية ستيل دراغون في فيلم Rock Star عام 2001 ، مع Miljenko Matijevic على الغناء ، و Zakk Wylde على الغيتار ، و Jeff Pilson على Bass و Jason Bonham على الطبول. بالنسبة للفيلم ، أدى ماتيجيفيتش غناء شخصية كريس إيزي كول ، شخصية مارك والبيرج.
CASE_0245,144491,endpoint,10,7885984,0.5827,0.5827,0,ar,قبل أن يبدأ التمثيل ، اشتهر مارك والبرغ باسم ماركي مارك ، مغني الراب الذي كان يرتدي ملابس داخلية وشهرة مع مجموعته Funky Bunch.
CASE_0245,144491,mixed,1,7330707,0.76,0.76,1,ar,"""هل هو صوت مارك والبرج الفعلي الذي يقوم بكل الغناء في فيلم Rock Star؟ لا ، غناء شخصية Wahlberg ، غناها Mike Matijevic ، قائد ... هل يستطيع Mark Wahlberg أن يغني بالطريقة التي قام بها في فيلم Rock Star من عام 2001؟ لم يغني مارك والبرغ في الواقع في فيلم Rock Star. بدلاً من ذلك ، كان صوت ... هل يغني ما"
CASE_0245,144491,mixed,2,7330706,0.7261,0.7261,0,ar,مارك والبرج لا يغني في هذا الفيلم. قام بالغناء ميليجينكو ماتيجيفيتش وجيف سكوت سوتو. تشا تشا! استغرق Wahlberg ستة أشهر من الدروس الصوتية ، وعلى الرغم من زيادة صوته ، إلا أنه قام بالغناء الخاص به في Rock Star.
CASE_0245,144491,mixed,3,7330705,0.7091,0.7091,0,ar,مارك والبرج لا يغني في هذا الفيلم. قام بالغناء ميليجينكو ماتيجيفيتش وجيف سكوت سوتو. تشا تشا! مالوري فورنيس. استغرق Wahlberg ستة أشهر من الدروس الصوتية ، وعلى الرغم من زيادة صوته ، إلا أنه قام بالغناء الخاص به في Rock Star.
CASE_0245,144491,mixed,4,7330708,0.6998,0.6998,0,ar,"""هل مارك والبرج يغني حقًا أم أنه يغني الشفاه في فيلم """"نجم الروك"""" لا ، لقد كان يتزامن مع شفتيه في فيلم Rock Star."""
CASE_0245,144491,mixed,5,7885979,0.6553,0.6553,0,ar,قبل أن يبدأ التمثيل ، اشتهر مارك والبرغ باسم ماركي مارك ، مغني الراب الذي كان يرتدي ملابس داخلية وشهرة مع مجموعته Funky Bunch. في تقليد ويل سميث وآيس كيوب ، حقق Wahlberg انتقالًا ناجحًا من الموسيقى إلى الفيلم ، وحصل على خصوصية ¢ €Â¦.
CASE_0245,144491,mixed,6,7885982,0.6548,0.6548,0,ar,قبل أن يبدأ التمثيل ، اشتهر مارك والبرغ باسم ماركي مارك ، مغني الراب الذي كان يرتدي ملابس داخلية وشهرة مع مجموعته Funky Bunch. في تقليد ويل سميث وآيس كيوب ، حقق Wahlberg انتقالًا ناجحًا من الموسيقى إلى الفيلم ، وحصل على خصوصية ¢ €Â¦. كامل مارك والبيرج بيو.
CASE_0245,144491,mixed,7,4290383,0.6436,0.6436,0,ar,غنى جميع أغاني Steel Dragon الأخرى في الألبوم. كذب مارك والبرغ ، أو في أحسن الأحوال ، غذى عمدا الخداع بأنه ذلك الصوت المذهل. حقيقة أن معسكر Wahlberg يحاول سرقة المجد لنجمهم بعيدًا عن نجم موسيقى الروك الذي ينبغي أن يكون هو الحقيقة.
CASE_0245,144491,mixed,8,2824135,0.642,0.642,0,ar,ملخص سريع للفيلم الناجح الحالي Rock Star ، الذي يقوم ببطولته مارك وولبيرج وجنيفر أنيستون ذو الشعر الطويل والمظهر من الثمانينيات: يلعب Wahlberg دور المغني الرئيسي لفرقة الغلاف التي شكلها لتكريم مجموعته المفضلة ، Steel Dragon. من خلال تقلبات القدر ، أصبح المغني الرئيسي لـ Steel Dragon الحقيقي.
CASE_0245,144491,mixed,9,7869446,0.6418,0.6418,0,ar,تمت تغطية الأغنية من قبل الفرقة الخيالية ستيل دراغون في فيلم Rock Star عام 2001 ، مع Miljenko Matijevic على الغناء ، و Zakk Wylde على الغيتار ، و Jeff Pilson على Bass و Jason Bonham على الطبول. بالنسبة للفيلم ، أدى ماتيجيفيتش غناء شخصية كريس إيزي كول ، شخصية مارك والبيرج.
CASE_0245,144491,mixed,10,8184059,0.6338,0.6338,0,ar,مارك والبرج. مارك روبرت مايكل والبرج (مواليد 5 يونيو 1971) [1] هو ممثل ومنتج ورجل أعمال أمريكي وعارض أزياء سابق ومغني راب سابق. كان Wahlberg معروفًا باسم Marky Mark في بداية مسيرته المهنية كرجل أول في مجموعة Marky Mark و Funky Bunch ، حيث أصدر ألبومات Music for the People and You Gotta Believe.
CASE_0245,212796,endpoint,1,1923004,0.5746,0.5746,0,ar,التعريف القانوني للتنبيه الكهرماني. : نشرة يتم نشرها على نطاق واسع تنبه الجمهور إلى طفل مختطف أو مفقود مؤخرًا.
CASE_0245,212796,endpoint,2,7637191,0.551,0.551,1,ar,لم أكن أعلم أنه تم تسمية تنبيه كهرماني على اسم فتاة. سمعت أن هناك طفلة مفقودة ، وكانت والدتها شرطية تحاول العثور عليها. كان اسمها Amber ، وقد تأسسوا بعد عدة أشهر. أن بعض سبب ذلك هو تنبيه كهرماني. مفيد جدا.
CASE_0245,212796,endpoint,3,8447360,0.5211,0.5211,0,ar,وفقًا لقاموس أكسفورد الإنجليزي ، نشأت كلمة تلميح كمصطلح عامي ، وأصلها غير واضح. وفقًا لقاموس علم أصل الكلمة على الإنترنت ، بدأ معنى إعطاء هدية صغيرة من المال حوالي عام 1600 ، وتم توثيق المعنى الذي يمنح إكرامية لأول مرة في عام 1706.
CASE_0245,212796,endpoint,4,1556750,0.5209,0.5209,0,ar,تعريف التنبيه هو إعلام أو إبلاغ. إذا أخطرت المستأجر بأن الإيجار آخذ في الارتفاع ، فهذا مثال على العلم. تعريف قاموسك ومثال الاستخدام.
CASE_0245,212796,endpoint,5,6840952,0.5152,0.5152,0,ar,تنبيه المعنى. التعريف: احترس ؛ إشعار مسبق؛ ليكون مسؤولا عن. كمداخلة ، هذه العبارة تعني احترس. انتباه! لا تفوت التمريرة. كاسم ، فهذا يعني تحذيرًا أو إشعارًا مسبقًا. إذا استطعت ، أعطني تنبيهًا قبل أن تصل إلى هنا. باعتباره فعلًا أصليًا ، فهذا يعني أن شخصًا ما يتصرف كرأس (أو مسؤول) لشيء ما. يرأس السيد س
CASE_0245,212796,endpoint,6,6840951,0.5132,0.5132,0,ar,تخيل أن صديقك بجوارك وهو يقرأ كتابًا ، أو ينظر إلى شيء في يديه ، أو بطريقة أخرى يبحث في أي مكان آخر غير الأمام. ترى مشكلة قادمة وتقول تنبيه! يعني مهلا ، انتباه ، انظر إلى الأمام! هذا هو المعنى الحرفي لإعطاء تنبيه لشخص ما.
CASE_0245,212796,endpoint,7,8419982,0.5122,0.5122,0,ar,بدأت تنبيهات AMBER في عام 1996 - سميت على اسم Amber Hagerman ، البالغ من العمر 9 سنوات والذي تم اختطافه وقتله في أرلينغتون ، تكساس ، في العام نفسه ، انخفض عدد التنبيهات في عامي 2010 و 2011 ولكنه عاد الآن تقريبًا إلى مستويات 2009. عندما يتم اختطاف طفل ، تحدد الشرطة ما إذا كانت الحالة تفي بمعايير AMBE
CASE_0245,212796,endpoint,8,6840953,0.5077,0.5077,0,ar,تنبيه كصفة تعني أن تكون مدركًا. تنبيه لأن الاسم يعطي شخصًا ما معلومات جديدة ، مما يجعله أكثر وعياً بالموقف. إن رفع رأسك وعينيك مفتوحتين يعني حرفيًا أنك أكثر وعيًا بمحيطك (على عكس وضعية العبث بهاتفك لأسفل). لذا فإن شاشة العرض الخاصة بالطيار تساعده على إبقاء عينيه مفتوحتين والسماء بدلاً من التحكم في ا
CASE_0245,212796,endpoint,9,8501512,0.5077,0.5077,0,ar,التنبيه هو مصطلح لاتيني يعني السماح للموقّع بالحذر. تحذير ضمني هو تحذير ضمني للموقّعين على الاتفاقيات أو العقود التي ، ما لم يتم النص عليها صراحةً في المستند ، فإنهم مسؤولون عن العواقب والالتزامات المترتبة على ذلك.
CASE_0245,212796,endpoint,10,714192,0.4987,0.4987,0,ar,توفر هذه الصفحة جميع المعاني والترجمات الممكنة لكلمة تنبيه. Princeton WordNet (0.00 / 0 votes) قيم هذا التعريف: Wiktionary (0.00 / 0 votes) قيم هذا التعريف: الصوت الناتج عن بوق السيارة أو أي صوت مشابه. نغمة قصيرة منتجة إلكترونيًا. صوت (شيء يصدر صوتًا). بدأ سائقي السيارات في الازدحام المروري يشعرون ب
CASE_0245,212796,mixed,1,7637191,0.5646,0.5646,1,ar,لم أكن أعلم أنه تم تسمية تنبيه كهرماني على اسم فتاة. سمعت أن هناك طفلة مفقودة ، وكانت والدتها شرطية تحاول العثور عليها. كان اسمها Amber ، وقد تأسسوا بعد عدة أشهر. أن بعض سبب ذلك هو تنبيه كهرماني. مفيد جدا.
CASE_0245,212796,mixed,2,1946624,0.5538,0.5538,0,ar,تنبيه AMBER أو طوارئ اختطاف الأطفال هو نظام تنبيه لاختطاف الأطفال. نشأت في الولايات المتحدة في عام 1996. AMBER هو اختصار مبدع رسميًا لـ America's Missing: Broadcast Emergency Response ، ولكن تم تسميته على اسم Amber Hagerman ، البالغ من العمر 9 سنوات والذي تم اختطافه وقتله في أرلينغتون ، تكساس في عام
CASE_0245,212796,mixed,3,6935967,0.543,0.543,0,ar,تنبيه العنبر. تنبيه AMBER أو حالة طوارئ اختطاف الأطفال (نفس الرمز: CAE) هو نظام تنبيه باختطاف طفل. نشأت في الولايات المتحدة في عام 1996. AMBER هو الاسم الخلفي الرسمي لـ Missing America: Broadcast Emergency Response ، ولكن تم تسميته على اسم Amber Hagerman ، وهو طفل يبلغ من العمر 9 سنوات تم اختطافه وق
CASE_0245,212796,mixed,4,1064678,0.5402,0.5402,0,ar,أصل الأسماء. اشتق الاسم الإنجليزي الشائع hornbeam من صلابة الأخشاب (التي تشبه القرن) والشعاع الإنجليزي القديم ، وهو شجرة (مشابه لـ Baum الألمانية).
CASE_0245,212796,mixed,5,1922996,0.5386,0.5386,0,ar,أصل وعلم أصل الكلمة من تنبيه العنبر. من برنامج AMBER للتنبيه التابع لوزارة العدل الأمريكية الذي يصدر مثل هذه النشرات ، في الأصل من Amber Hagerman - 1996 ضحية أمريكية للاختطاف ، تمت قراءته لاحقًا على أنه اختصار للاستجابة الطارئة للبث المفقود في أمريكا. أول استخدام معروف: 1997.
CASE_0245,212796,mixed,6,5788699,0.5385,0.5385,0,ar,اشتق الاسم الإنجليزي الشائع hornbeam من صلابة الأخشاب (التي تشبه القرن) والشعاع الإنجليزي القديم ، وهو شجرة (مشابه لـ Baum الألمانية).
CASE_0245,212796,mixed,7,3259965,0.5367,0.5367,0,ar,هل تعرف كيف يبدو صوت إنذار الدخان وإنذار أول أكسيد الكربون؟ ماهو الفرق؟ ماذا يجب أن تفعل إذا تم تنشيط أي منهما؟
CASE_0245,212796,mixed,8,8419982,0.531,0.531,0,ar,بدأت تنبيهات AMBER في عام 1996 - سميت على اسم Amber Hagerman ، البالغ من العمر 9 سنوات والذي تم اختطافه وقتله في أرلينغتون ، تكساس ، في العام نفسه ، انخفض عدد التنبيهات في عامي 2010 و 2011 ولكنه عاد الآن تقريبًا إلى مستويات 2009. عندما يتم اختطاف طفل ، تحدد الشرطة ما إذا كانت الحالة تفي بمعايير AMBE
CASE_0245,212796,mixed,9,8220470,0.53,0.53,0,ar,أكثر من 160 عامًا من الأمن. يصعب تصديقه: تم تسجيل براءة اختراع أول نظام إنذار كهرومغناطيسي في العالم في 21 يونيو 1853 باسم رجل يُدعى أوغسطس راسل بوب ، مخترع من سومرفيل في بوسطن.
CASE_0245,212796,mixed,10,916332,0.529,0.529,0,ar,"""مشتق من اللاتينية mirandus بمعنى رائع ، رائع. ابتكر شكسبير الاسم للبطلة في مسرحيته """"العاصفة"""" (1611). لم يصبح اسمًا شائعًا للغة الإنجليزية حتى القرن العشرين. هذا أيضًا اسم أحد أقمار أورانوس ، وقد ابتكره شكسبير للبطلة في مسرحيته The Tempest (1611). لم يصبح اسمًا شائعًا للغة الإنجليزية حتى القرن الع"
CASE_0245,235089,endpoint,1,7314284,0.7047,0.7047,0,ar,يُعتقد أن ما يقرب من خُمس البلاد قد غير عادات الإنفاق بعد فوز ترامب في نوفمبر. بقلم أندرو سورجيل ، مراسل اقتصادي | 23 مارس 2017 ، الساعة 5:04 مساءً. يشير تقرير جديد إلى أن ملايين الأمريكيين عدلوا إنفاقهم في أعقاب فوز الرئيس دونالد ترامب بالرئاسة.
CASE_0245,235089,endpoint,2,7314292,0.693,0.693,1,ar,يبدو أن شيئًا من هذا القبيل يحدث في أمريكا - وفي جميع أنحاء العالم. في الشهرين الماضيين منذ تنصيب دونالد ترامب كرئيس ، كان الناس يتخذون قراراتهم بناءً على تصوراتهم حول كيفية تغيير اتجاه البلاد. خذ الاقتصاد.
CASE_0245,235089,endpoint,3,7314285,0.688,0.688,0,ar,يُعتقد أن ما يقرب من خُمس البلاد قد غير عادات الإنفاق بعد فوز ترامب في نوفمبر. بقلم أندرو سورجيل ، مراسل اقتصادي | 23 مارس 2017 ، الساعة 5:04 مساءً. 1 من كل 5 أمريكيين يعدل الإنفاق بعد فوز ترامب في الانتخابات.
CASE_0245,235089,endpoint,4,4135698,0.6831,0.6831,0,ar,مع دونالد ترامب كرئيس ، إليكم ما سيحدث للاقتصاد الأمريكي. ملاحظة المحرر: نُشرت هذه القصة في الأصل في أكتوبر 2015. مع تنصيب دونالد ترامب كرئيس للولايات المتحدة رقم 45 ، يجدر إلقاء نظرة على الشكل الذي قد يبدو عليه الاقتصاد الأمريكي بموجب سياساته المقترحة. تحقق أيضًا من محفظة Donald Trump Stock Portfol
CASE_0245,235089,endpoint,5,6389911,0.6708,0.6708,0,ar,ومع ذلك ، فإن انتصار ترامب قد غير المزاج الاقتصادي ، ليس فقط في أمريكا ولكن في جميع أنحاء العالم. فجأة من المتوقع أن يرتفع النمو والتضخم وأسعار الفائدة وعوائد الاستثمار في الولايات المتحدة ، مع انتشار الآثار في البلدان الأخرى. هنا نلقي نظرة على العواقب المحتملة لسعر البنك البريطاني وأسعار الفائدة ال
CASE_0245,235089,endpoint,6,7314287,0.6674,0.6674,0,ar,يمكن أن يكون دونالد ترامب مفيدًا جدًا للاقتصاد الأمريكي. من بين الأشياء الأولى التي تحدث عنها ترامب في خطاب النصر إعادة بناء البنية التحتية الوطنية. دونالد ترامب لديه القدرة على أن يكون قوة هائلة لصالح الاقتصاد. قصة الاقتصاد الأمريكي في السنوات الثماني الماضية هي قصة توتر بين سياسة نقدية عدوانية وسي
CASE_0245,235089,endpoint,7,8093388,0.657,0.657,0,ar,والسياسة الاقتصادية المميزة للسيد ترامب حتى الآن - تخفيض الضرائب البالغ 1.5 تريليون دولار - من المرجح لتوسيع العجز التجاري في السنوات المقبلة من خلال تشجيع المزيد من الاستثمار في الولايات المتحدة ، كما يقول العديد من الاقتصاديين.
CASE_0245,235089,endpoint,8,7985445,0.6544,0.6544,0,ar,لدى الرئيس دونالد ترامب خطة ضريبية تعد بتبسيط الإيداعات الضريبية للأسر وتنمية الاقتصاد الوطني. ولكن كيف ستؤثر عليك وعلى عملك واستثماراتك؟ قد يتساءل البعض أيضًا كيف سيبدو قانون الضرائب الجديد بعد تمرير العملية التشريعية الشبيهة بالنقانق في الكابيتول هيل. ألقى معدل البنوك نظرة فاحصة على خطة ترامب الضر
CASE_0245,235089,endpoint,9,6992460,0.652,0.652,0,ar,70 + تنبؤات نفسية - الرئيس دونالد ترامب. كانت هذه التوقعات: ¢ تم النشر في 23 ديسمبر 2016 2:10 مساءً. CDT. سيكون عام 2017 عامًا للتغيير الاقتصادي الكبير نحو الأفضل ، حيث ينشر رئيسنا الجديد ، دونالد ترامب ، جناحي نفوذه حول واشنطن العاصمة ويدفع باتجاه الإصلاح الاقتصادي.
CASE_0245,235089,endpoint,10,4514692,0.6475,0.6475,0,ar,منذ أن أصبح رئيسًا ، قدم دونالد ترامب العديد من الادعاءات التي يبدو أنها تنسب الفضل إلى التحسينات التي طرأت على الاقتصاد الأمريكي ، فضلاً عن المكاسب في سوق الأسهم. يمكن أن يكون هذا أمرًا خطيرًا على أي قائد أن يفعله ، خاصة إذا بدأ الاقتصاد أو الأسواق في التحول في اتجاه سلبي.
CASE_0245,235089,mixed,1,7314292,0.6945,0.6945,1,ar,يبدو أن شيئًا من هذا القبيل يحدث في أمريكا - وفي جميع أنحاء العالم. في الشهرين الماضيين منذ تنصيب دونالد ترامب كرئيس ، كان الناس يتخذون قراراتهم بناءً على تصوراتهم حول كيفية تغيير اتجاه البلاد. خذ الاقتصاد.
CASE_0245,235089,mixed,2,7314284,0.6917,0.6917,0,ar,يُعتقد أن ما يقرب من خُمس البلاد قد غير عادات الإنفاق بعد فوز ترامب في نوفمبر. بقلم أندرو سورجيل ، مراسل اقتصادي | 23 مارس 2017 ، الساعة 5:04 مساءً. يشير تقرير جديد إلى أن ملايين الأمريكيين عدلوا إنفاقهم في أعقاب فوز الرئيس دونالد ترامب بالرئاسة.
CASE_0245,235089,mixed,3,4135698,0.6789,0.6789,0,ar,مع دونالد ترامب كرئيس ، إليكم ما سيحدث للاقتصاد الأمريكي. ملاحظة المحرر: نُشرت هذه القصة في الأصل في أكتوبر 2015. مع تنصيب دونالد ترامب كرئيس للولايات المتحدة رقم 45 ، يجدر إلقاء نظرة على الشكل الذي قد يبدو عليه الاقتصاد الأمريكي بموجب سياساته المقترحة. تحقق أيضًا من محفظة Donald Trump Stock Portfol
CASE_0245,235089,mixed,4,7314285,0.6748,0.6748,0,ar,يُعتقد أن ما يقرب من خُمس البلاد قد غير عادات الإنفاق بعد فوز ترامب في نوفمبر. بقلم أندرو سورجيل ، مراسل اقتصادي | 23 مارس 2017 ، الساعة 5:04 مساءً. 1 من كل 5 أمريكيين يعدل الإنفاق بعد فوز ترامب في الانتخابات.
CASE_0245,235089,mixed,5,7314287,0.6645,0.6645,0,ar,يمكن أن يكون دونالد ترامب مفيدًا جدًا للاقتصاد الأمريكي. من بين الأشياء الأولى التي تحدث عنها ترامب في خطاب النصر إعادة بناء البنية التحتية الوطنية. دونالد ترامب لديه القدرة على أن يكون قوة هائلة لصالح الاقتصاد. قصة الاقتصاد الأمريكي في السنوات الثماني الماضية هي قصة توتر بين سياسة نقدية عدوانية وسي
CASE_0245,235089,mixed,6,6389911,0.6621,0.6621,0,ar,ومع ذلك ، فإن انتصار ترامب قد غير المزاج الاقتصادي ، ليس فقط في أمريكا ولكن في جميع أنحاء العالم. فجأة من المتوقع أن يرتفع النمو والتضخم وأسعار الفائدة وعوائد الاستثمار في الولايات المتحدة ، مع انتشار الآثار في البلدان الأخرى. هنا نلقي نظرة على العواقب المحتملة لسعر البنك البريطاني وأسعار الفائدة ال
CASE_0245,235089,mixed,7,6992460,0.6548,0.6548,0,ar,70 + تنبؤات نفسية - الرئيس دونالد ترامب. كانت هذه التوقعات: ¢ تم النشر في 23 ديسمبر 2016 2:10 مساءً. CDT. سيكون عام 2017 عامًا للتغيير الاقتصادي الكبير نحو الأفضل ، حيث ينشر رئيسنا الجديد ، دونالد ترامب ، جناحي نفوذه حول واشنطن العاصمة ويدفع باتجاه الإصلاح الاقتصادي.
CASE_0245,235089,mixed,8,8093388,0.6458,0.6458,0,ar,والسياسة الاقتصادية المميزة للسيد ترامب حتى الآن - تخفيض الضرائب البالغ 1.5 تريليون دولار - من المرجح لتوسيع العجز التجاري في السنوات المقبلة من خلال تشجيع المزيد من الاستثمار في الولايات المتحدة ، كما يقول العديد من الاقتصاديين.
CASE_0245,235089,mixed,9,4514692,0.6458,0.6458,0,ar,منذ أن أصبح رئيسًا ، قدم دونالد ترامب العديد من الادعاءات التي يبدو أنها تنسب الفضل إلى التحسينات التي طرأت على الاقتصاد الأمريكي ، فضلاً عن المكاسب في سوق الأسهم. يمكن أن يكون هذا أمرًا خطيرًا على أي قائد أن يفعله ، خاصة إذا بدأ الاقتصاد أو الأسواق في التحول في اتجاه سلبي.
CASE_0245,235089,mixed,10,7799905,0.6457,0.6457,0,ar,هل حقق دونالد ترامب وعوده الاقتصادية الخمسة الكبرى؟ كيف تم تأخير عام واحد بعد الانتخابات
CASE_0245,242107,endpoint,1,6979331,0.805,0.805,0,ar,تقول مصادر أخرى أنه يمكنك الاحتفاظ بالسجق الطازج المطبوخ في الثلاجة لمدة تصل إلى سبعة أيام إذا تم حفظه عند 40 درجة فهرنهايت وهو الإعداد الطبيعي في كل من ثلاجات المطعم والمنزلية ، بينما يقول آخر ما يصل إلى خمسة أيام للنقانق الإيطالية المطبوخة أو النقانق المدخنة قليلاً أو الإفطار سجق
CASE_0245,242107,endpoint,2,92150,0.8034,0.8034,1,ar,تقول مصادر أخرى أنه يمكنك الاحتفاظ بالسجق الطازج المطبوخ في الثلاجة لمدة تصل إلى سبعة أيام إذا تم حفظه عند 40 درجة فهرنهايت (وهو الإعداد الطبيعي في كل من ثلاجات المطعم والمنزل). آخر يقول ما يصل إلى خمسة أيام للنقانق الإيطالية المطبوخة ، أو النقانق المدخنة قليلاً ، أو نقانق الإفطار.
CASE_0245,242107,endpoint,3,6591469,0.791,0.791,0,ar,تقول مصادر أخرى أنه يمكنك الاحتفاظ بالسجق الطازج المطبوخ في الثلاجة لمدة تصل إلى سبعة أيام إذا تم حفظه عند 40 درجة فهرنهايت (وهو الإعداد الطبيعي في كل من ثلاجات المطعم والمنزل). آخر يقول ما يصل إلى خمسة أيام للنقانق الإيطالية المطبوخة ، أو النقانق المدخنة قليلاً ، أو نقانق الإفطار. من الناحية الفنية
CASE_0245,242107,endpoint,4,1846880,0.7868,0.7868,0,ar,تقول مصادر أخرى أنه يمكنك الاحتفاظ بالسجق الطازج المطبوخ في الثلاجة لمدة تصل إلى سبعة أيام إذا تم حفظه عند 40 درجة فهرنهايت (وهو الإعداد الطبيعي في كل من ثلاجات المطعم والمنزل). آخر يقول ما يصل إلى خمسة أيام للنقانق الإيطالية المطبوخة ، أو النقانق المدخنة قليلاً ، أو نقانق الإفطار. تذكر أنه يتعين عل
CASE_0245,242107,endpoint,5,4516724,0.7834,0.7834,0,ar,تقول مصادر أخرى أنه يمكنك الاحتفاظ بالسجق الطازج المطبوخ في الثلاجة لمدة تصل إلى سبعة أيام إذا تم حفظه عند 40 درجة فهرنهايت (وهو الإعداد الطبيعي في كل من ثلاجات المطعم والمنزل). آخر يقول ما يصل إلى خمسة أيام للنقانق الإيطالية المطبوخة ، أو النقانق المدخنة قليلاً ، أو نقانق الإفطار. يمكن أيضًا الاحتف
CASE_0245,242107,endpoint,6,3586369,0.7763,0.7763,0,ar,بمجرد طهيه ، يوصون بالقدرة على الاحتفاظ به في الثلاجة لمدة ثلاثة إلى أربعة أيام فقط (أو شهرين إلى ثلاثة أشهر في الفريزر). تقول مصادر أخرى أنه يمكنك الاحتفاظ بالسجق الطازج المطبوخ في الثلاجة لمدة تصل إلى سبعة أيام إذا تم حفظه عند 40 درجة فهرنهايت (وهو الإعداد الطبيعي في كل من ثلاجات المطعم والمنزل).
CASE_0245,242107,endpoint,7,8390782,0.7579,0.7579,0,ar,وفقًا لوزارة الزراعة الأمريكية ، يمكن الاحتفاظ بالسجق الطازج غير المطبوخ في الثلاجة لمدة يوم إلى يومين فقط على الرغم من أنه يمكن حفظه في الثلاجة لمدة شهر إلى شهرين. بمجرد طهيه ، يوصون بالقدرة على الاحتفاظ به في الثلاجة لمدة ثلاثة إلى أربعة أيام فقط (أو شهرين إلى ثلاثة أشهر في الفريزر).
CASE_0245,242107,endpoint,8,3968773,0.7533,0.7533,0,ar,إذا كنت تتساءل عن المدة التي يمكنك خلالها الاحتفاظ بالسجق المطبوخ في الثلاجة ، فقد وصلت إلى المكان الصحيح. يمكن الاحتفاظ بالنقانق المطبوخة في الثلاجة لفترة أطول من النقانق النيئة ، لذلك من الأفضل المضي قدمًا وطهيها. وفقًا لوزارة الزراعة الأمريكية ، يمكن الاحتفاظ بالسجق الطازج غير المطبوخ في الثلاجة
CASE_0245,242107,endpoint,9,3346337,0.7458,0.7458,0,ar,تقول مصادر أخرى أنه يمكنك الاحتفاظ بالسجق الطازج المطبوخ في الثلاجة لمدة تصل إلى سبعة أيام إذا تم حفظه عند 40 درجة فهرنهايت (وهو الإعداد الطبيعي في كل من ثلاجات المطعم والمنزل).
CASE_0245,242107,endpoint,10,1460640,0.7443,0.7443,0,ar,يمكن الاحتفاظ بالنقانق المطبوخة في الثلاجة لفترة أطول من النقانق النيئة ، لذلك من الأفضل المضي قدمًا وطهيها. وفقًا لوزارة الزراعة الأمريكية ، يمكن الاحتفاظ بالسجق الطازج غير المطبوخ في الثلاجة لمدة يوم إلى يومين فقط على الرغم من أنه يمكن حفظه في الثلاجة لمدة شهر إلى شهرين. بمجرد طهيه ، يوصون بالقدرة
CASE_0245,242107,mixed,1,92150,0.7572,0.7572,1,ar,تقول مصادر أخرى أنه يمكنك الاحتفاظ بالسجق الطازج المطبوخ في الثلاجة لمدة تصل إلى سبعة أيام إذا تم حفظه عند 40 درجة فهرنهايت (وهو الإعداد الطبيعي في كل من ثلاجات المطعم والمنزل). آخر يقول ما يصل إلى خمسة أيام للنقانق الإيطالية المطبوخة ، أو النقانق المدخنة قليلاً ، أو نقانق الإفطار.
CASE_0245,242107,mixed,2,6979331,0.7546,0.7546,0,ar,تقول مصادر أخرى أنه يمكنك الاحتفاظ بالسجق الطازج المطبوخ في الثلاجة لمدة تصل إلى سبعة أيام إذا تم حفظه عند 40 درجة فهرنهايت وهو الإعداد الطبيعي في كل من ثلاجات المطعم والمنزلية ، بينما يقول آخر ما يصل إلى خمسة أيام للنقانق الإيطالية المطبوخة أو النقانق المدخنة قليلاً أو الإفطار سجق
CASE_0245,242107,mixed,3,4516724,0.7526,0.7526,0,ar,تقول مصادر أخرى أنه يمكنك الاحتفاظ بالسجق الطازج المطبوخ في الثلاجة لمدة تصل إلى سبعة أيام إذا تم حفظه عند 40 درجة فهرنهايت (وهو الإعداد الطبيعي في كل من ثلاجات المطعم والمنزل). آخر يقول ما يصل إلى خمسة أيام للنقانق الإيطالية المطبوخة ، أو النقانق المدخنة قليلاً ، أو نقانق الإفطار. يمكن أيضًا الاحتف
CASE_0245,242107,mixed,4,6591469,0.7523,0.7523,0,ar,تقول مصادر أخرى أنه يمكنك الاحتفاظ بالسجق الطازج المطبوخ في الثلاجة لمدة تصل إلى سبعة أيام إذا تم حفظه عند 40 درجة فهرنهايت (وهو الإعداد الطبيعي في كل من ثلاجات المطعم والمنزل). آخر يقول ما يصل إلى خمسة أيام للنقانق الإيطالية المطبوخة ، أو النقانق المدخنة قليلاً ، أو نقانق الإفطار. من الناحية الفنية
CASE_0245,242107,mixed,5,5729775,0.7484,0.7484,0,ar,تبقى النقانق الإيطالية المخزنة بشكل صحيح ومطبوخة لمدة 3 إلى 4 أيام في الثلاجة. لزيادة العمر الافتراضي للنقانق الإيطالية المطبوخة ، قم بتجميدها ؛ التجميد في حاويات محكمة الغلق أو أكياس الفريزر شديدة التحمل ، أو لفها بإحكام بورق الألمنيوم شديد التحمل أو غلاف الفريزر.
CASE_0245,242107,mixed,6,1846880,0.744,0.744,0,ar,تقول مصادر أخرى أنه يمكنك الاحتفاظ بالسجق الطازج المطبوخ في الثلاجة لمدة تصل إلى سبعة أيام إذا تم حفظه عند 40 درجة فهرنهايت (وهو الإعداد الطبيعي في كل من ثلاجات المطعم والمنزل). آخر يقول ما يصل إلى خمسة أيام للنقانق الإيطالية المطبوخة ، أو النقانق المدخنة قليلاً ، أو نقانق الإفطار. تذكر أنه يتعين عل
CASE_0245,242107,mixed,7,5815389,0.7429,0.7429,0,ar,عادة ما تبقى النقانق الإيطالية المطبوخة جيدة لمدة 3 إلى 4 أيام في الثلاجة و 4 أشهر في الفريزر.
CASE_0245,242107,mixed,8,6243136,0.7309,0.7309,0,ar,أجاب عليها المجتمع. جعل العالم أفضل ، إجابة واحدة في كل مرة. يمكن الاحتفاظ بـ Prosciutto في الثلاجة لمدة أربعين يومًا وفقًا للموقع الإلكتروني لاتحاد منتجي prosciutto di Parma. إذا تم إغلاق ثلاجتك وفتحها لفترة وجيزة فقط لاسترداد العناصر وظلت أقل من 41 درجة ، يمكنك تخزينها لمدة تصل إلى 7 أيام. إذا حدث
CASE_0245,242107,mixed,9,4516727,0.7274,0.7274,0,ar,اللحوم لا تدوم طويلا في الثلاجة. فقط حوالي 3 إلى 4 أيام إذا كانت نيئة. ثم تزيد من يوم إلى يومين إذا تم طهيها ووضعها في وعاء محكم الإغلاق. يجب دائمًا تغطية اللحوم عند تخزينها في الثلاجة ، ويمكن تخزين النقانق الإيطالية المطبوخة في الفريزر لمدة تصل إلى 2 الشهور. يمكن تجنب التلف من خلال التأكد من أن الط
CASE_0245,242107,mixed,10,5729779,0.7247,0.7247,0,ar,ما هي مدة بقاء النقانق الإيطالية المطبوخة في الفريزر؟ عند تخزينها بشكل صحيح ، ستحافظ على أفضل جودة لمدة تتراوح من شهر إلى شهرين ، ولكنها ستظل آمنة بعد ذلك الوقت. وقت المجمد المعروض هو لأفضل جودة فقط - النقانق الإيطالية المطبوخة التي تم تجميدها باستمرار عند 0 درجة مئوية ستبقى آمنة إلى أجل غير مسمى.
CASE_0245,248385,endpoint,1,701946,0.789,0.789,0,ar,إيصالات وكشوفات بطاقات الائتمان. المدة الزمنية للاحتفاظ بها ولماذا: من 45 يومًا إلى سبع سنوات. 1 احتفظ بإيصالاتك الأصلية حتى تحصل على كشف حسابك الشهري ؛ تمزيق الإيصالات إذا تطابق الاثنان. 2 - الاحتفاظ بالكشوف لمدة سبع سنوات إذا تم توثيق النفقات المتعلقة بالضرائب.
CASE_0245,248385,endpoint,2,5581,0.7881,0.7881,1,ar,إيصالات وكشوفات بطاقات الائتمان. المدة الزمنية للاحتفاظ بها ولماذا: من 45 يومًا إلى سبع سنوات. احتفظ بإيصالاتك الأصلية حتى تحصل على كشف حسابك الشهري ؛ تمزيق الإيصالات إذا تطابق الاثنان. احتفظ بالكشوف لمدة سبع سنوات إذا تم توثيق النفقات المتعلقة بالضرائب.
CASE_0245,248385,endpoint,3,1440694,0.7867,0.7867,0,ar,إيصالات وكشوفات بطاقات الائتمان. المدة الزمنية للاحتفاظ بها ولماذا: من 45 يومًا إلى سبع سنوات. 1 احتفظ بإيصالاتك الأصلية حتى تحصل على كشف حسابك الشهري ؛ تمزيق الإيصالات إذا تطابق الاثنان. احتفظ بالكشوف لمدة سبع سنوات إذا تم توثيق النفقات المتعلقة بالضرائب.
CASE_0245,248385,endpoint,4,1223875,0.7825,0.7825,0,ar,إيصالات وكشوفات بطاقات الائتمان - من 45 يومًا إلى 7 سنوات. احتفظ بإيصالاتك الأصلية حتى تحصل على كشف حسابك الشهري ؛ تمزيق الإيصالات إذا تطابق الاثنان. احتفظ بالكشوف لمدة سبع سنوات إذا تم توثيق النفقات المتعلقة بالضرائب.
CASE_0245,248385,endpoint,5,313287,0.7737,0.7737,0,ar,إيصالات وكشوفات بطاقات الائتمان. المدة الزمنية للاحتفاظ بها ولماذا: من 45 يومًا إلى سبع سنوات. 1 احتفظ بإيصالاتك الأصلية حتى تحصل على كشف حسابك الشهري ؛ تمزيق الإيصالات في حالة تطابق الاثنين .2 احتفظ بالكشوف لمدة سبع سنوات إذا تم توثيق المصروفات المتعلقة بالضرائب ، إيصالات بطاقة الائتمان وكشوفها. ال
CASE_0245,248385,endpoint,6,3198897,0.772,0.772,0,ar,1 إيصالات وكشوفات بطاقات الائتمان - من 45 يومًا إلى 7 سنوات. 2 احتفظ بإيصالاتك الأصلية حتى تحصل على كشف حسابك الشهري ؛ تمزيق الإيصالات إذا تطابق الاثنان. 3 الاحتفاظ بالكشوف لمدة سبع سنوات إذا تم توثيق النفقات المتعلقة بالضرائب. إيصالات وكشوفات بطاقات الائتمان - من 45 يومًا إلى 7 سنوات. 2 احتفظ بإيصا
CASE_0245,248385,endpoint,7,7599321,0.7626,0.7626,0,ar,1 إيصالات وكشوفات بطاقات الائتمان - من 45 يومًا إلى سبع سنوات ؛ احتفظ بالإيصالات الأصلية حتى تحصل على كشف حسابك الشهري ، ثم قم بتمزيق الإيصالات إذا تطابق الاثنان ؛ الاحتفاظ بالكشوف لمدة سبع سنوات إذا كانت النفقات المتعلقة بالضرائب مستندات.
CASE_0245,248385,endpoint,8,3338179,0.7616,0.7616,0,ar,إيصالات وكشوفات بطاقات الائتمان. المدة الزمنية للاحتفاظ بها ولماذا: من 45 يومًا إلى سبع سنوات. 1 احتفظ بإيصالاتك الأصلية حتى تحصل على كشف حسابك الشهري ؛ تمزيق الإيصالات إذا تطابق الاثنان مع المدة الزمنية للاحتفاظ بها ، والسبب في ذلك: من ست سنوات إلى نهائي. 1 احتفظ بجميع السجلات التي توثق سعر الشراء
CASE_0245,248385,endpoint,9,4992816,0.7609,0.7609,0,ar,إيصالات وكشوفات بطاقات الائتمان. المدة الزمنية للاحتفاظ بها ولماذا: من 45 يومًا إلى سبع سنوات. 1 احتفظ بإيصالاتك الأصلية حتى تحصل على كشف حسابك الشهري ؛ تمزيق الإيصالات في حالة تطابق الاثنين .2 احتفظ بالكشوف لمدة سبع سنوات إذا تم توثيق النفقات المتعلقة بالضرائب. المدة الزمنية للاحتفاظ بها ، والسبب ف
CASE_0245,248385,endpoint,10,5990166,0.7527,0.7527,0,ar,إيصالات وكشوفات بطاقات الائتمان. المدة الزمنية للاحتفاظ بها ولماذا: من 45 يومًا إلى سبع سنوات. 1 احتفظ بإيصالاتك الأصلية حتى تحصل على كشف حسابك الشهري ؛ تمزيق الإيصالات في حالة تطابق الاثنين .2 احتفظ بالكشوف لمدة سبع سنوات إذا تم توثيق النفقات المتعلقة بالضرائب. المدة الزمنية للاحتفاظ بها ، والسبب ف
CASE_0245,248385,mixed,1,1440694,0.7871,0.7871,0,ar,إيصالات وكشوفات بطاقات الائتمان. المدة الزمنية للاحتفاظ بها ولماذا: من 45 يومًا إلى سبع سنوات. 1 احتفظ بإيصالاتك الأصلية حتى تحصل على كشف حسابك الشهري ؛ تمزيق الإيصالات إذا تطابق الاثنان. احتفظ بالكشوف لمدة سبع سنوات إذا تم توثيق النفقات المتعلقة بالضرائب.
CASE_0245,248385,mixed,2,5581,0.7871,0.7871,1,ar,إيصالات وكشوفات بطاقات الائتمان. المدة الزمنية للاحتفاظ بها ولماذا: من 45 يومًا إلى سبع سنوات. احتفظ بإيصالاتك الأصلية حتى تحصل على كشف حسابك الشهري ؛ تمزيق الإيصالات إذا تطابق الاثنان. احتفظ بالكشوف لمدة سبع سنوات إذا تم توثيق النفقات المتعلقة بالضرائب.
CASE_0245,248385,mixed,3,701946,0.7842,0.7842,0,ar,إيصالات وكشوفات بطاقات الائتمان. المدة الزمنية للاحتفاظ بها ولماذا: من 45 يومًا إلى سبع سنوات. 1 احتفظ بإيصالاتك الأصلية حتى تحصل على كشف حسابك الشهري ؛ تمزيق الإيصالات إذا تطابق الاثنان. 2 - الاحتفاظ بالكشوف لمدة سبع سنوات إذا تم توثيق النفقات المتعلقة بالضرائب.
CASE_0245,248385,mixed,4,1223875,0.7796,0.7796,0,ar,إيصالات وكشوفات بطاقات الائتمان - من 45 يومًا إلى 7 سنوات. احتفظ بإيصالاتك الأصلية حتى تحصل على كشف حسابك الشهري ؛ تمزيق الإيصالات إذا تطابق الاثنان. احتفظ بالكشوف لمدة سبع سنوات إذا تم توثيق النفقات المتعلقة بالضرائب.
CASE_0245,248385,mixed,5,3338179,0.7698,0.7698,0,ar,إيصالات وكشوفات بطاقات الائتمان. المدة الزمنية للاحتفاظ بها ولماذا: من 45 يومًا إلى سبع سنوات. 1 احتفظ بإيصالاتك الأصلية حتى تحصل على كشف حسابك الشهري ؛ تمزيق الإيصالات إذا تطابق الاثنان مع المدة الزمنية للاحتفاظ بها ، والسبب في ذلك: من ست سنوات إلى نهائي. 1 احتفظ بجميع السجلات التي توثق سعر الشراء
CASE_0245,248385,mixed,6,313287,0.7693,0.7693,0,ar,إيصالات وكشوفات بطاقات الائتمان. المدة الزمنية للاحتفاظ بها ولماذا: من 45 يومًا إلى سبع سنوات. 1 احتفظ بإيصالاتك الأصلية حتى تحصل على كشف حسابك الشهري ؛ تمزيق الإيصالات في حالة تطابق الاثنين .2 احتفظ بالكشوف لمدة سبع سنوات إذا تم توثيق المصروفات المتعلقة بالضرائب ، إيصالات بطاقة الائتمان وكشوفها. ال
CASE_0245,248385,mixed,7,4992816,0.7645,0.7645,0,ar,إيصالات وكشوفات بطاقات الائتمان. المدة الزمنية للاحتفاظ بها ولماذا: من 45 يومًا إلى سبع سنوات. 1 احتفظ بإيصالاتك الأصلية حتى تحصل على كشف حسابك الشهري ؛ تمزيق الإيصالات في حالة تطابق الاثنين .2 احتفظ بالكشوف لمدة سبع سنوات إذا تم توثيق النفقات المتعلقة بالضرائب. المدة الزمنية للاحتفاظ بها ، والسبب ف
CASE_0245,248385,mixed,8,7599321,0.7642,0.7642,0,ar,1 إيصالات وكشوفات بطاقات الائتمان - من 45 يومًا إلى سبع سنوات ؛ احتفظ بالإيصالات الأصلية حتى تحصل على كشف حسابك الشهري ، ثم قم بتمزيق الإيصالات إذا تطابق الاثنان ؛ الاحتفاظ بالكشوف لمدة سبع سنوات إذا كانت النفقات المتعلقة بالضرائب مستندات.
CASE_0245,248385,mixed,9,2910438,0.7615,0.7615,0,ar,Crystal àÂÂ⠀ خصم خصم بطاقة الائتمان لديها القدرة على البقاء في تقارير الائتمان الخاصة بك لمدة تصل إلى 7.5 سنوات من تاريخ آخر دفع. ابدأ بتحديد التاريخ الدقيق لآخر مرة دفعت فيها هذه الحسابات. قم أيضًا بنشر ما تعرضه تقارير الائتمان على أنه التواريخ التي ستتوقف فيها هذه الحسابات عن العمل.
CASE_0245,248385,mixed,10,3198897,0.7615,0.7615,0,ar,1 إيصالات وكشوفات بطاقات الائتمان - من 45 يومًا إلى 7 سنوات. 2 احتفظ بإيصالاتك الأصلية حتى تحصل على كشف حسابك الشهري ؛ تمزيق الإيصالات إذا تطابق الاثنان. 3 الاحتفاظ بالكشوف لمدة سبع سنوات إذا تم توثيق النفقات المتعلقة بالضرائب. إيصالات وكشوفات بطاقات الائتمان - من 45 يومًا إلى 7 سنوات. 2 احتفظ بإيصا
CASE_0245,576452,endpoint,1,8050455,0.7412,0.7412,0,ar,ما طريقتان يمكن أن يتشكل المعدن؟ عن طريق تبلور الصهارة والحمم البركانية وتبلور المواد المذابة في الماء (محلول مائي) تتكون العديد من المعادن من ----- و -----
CASE_0245,576452,endpoint,2,2663619,0.7188,0.7188,1,ar,بشكل عام ، يمكن أن تتكون المعادن بطريقتين: من خلال بلورة المواد المنصهرة ، ومن خلال بلورة المواد الذائبة في الماء.
CASE_0245,576452,endpoint,3,8284259,0.7113,0.7113,0,ar,يتم تحديد شكل المعادن خلال هذه العملية العامة من خلال العناصر الموجودة كأشكال معدنية. كما تؤثر درجة الحرارة والضغط على تكوين المعادن. هناك خمس طرق يمكن أن يتشكل بها المعدن: 1. يتبخر الماء 2. يبرد الماء الساخن 3. يبرد الصخور المنصهرة 4. الحرارة والضغط يسببان التغيرات 5. الكائنات الحية تنتج المعادن ال
CASE_0245,576452,endpoint,4,6184828,0.6978,0.6978,0,ar,تتمثل إحدى طريقتين لتكوين المعادن في: 1. تبلور الصهارة (تبرد داخل القشرة) أو الحمم البركانية (تبرد وتتصلب على السطح) 2. تبلور المواد الذائبة في الماء. عندما تبرد هذه السوائل إلى الحالة الصلبة ، فإنها تشكل بلورات. إحدى الطريقتين لتكوين المعادن هي: 1. تبلور الصهارة (تبرد داخل القشرة) أو الحمم (تبرد وت
CASE_0245,576452,endpoint,5,2663617,0.6921,0.6921,0,ar,1 4. طريقتان يمكن أن تشكل بها المعادن تبلور المواد المنصهرة (الصهارة أو تبريد الحمم البركانية) ، بلورة المواد المذابة في الماء (التبخر).
CASE_0245,576452,endpoint,6,7081576,0.6907,0.6907,0,ar,يمكن أن تتكون المعادن من خلال أي من العمليات التالية: الترسيب من سائل مثل H 2 O أو CO 2. يمكن أن يحدث هذا داخل الأرض عن طريق العمليات الحرارية المائية ، والتطور ، والتحول ، وعلى سطح الأرض أو بالقرب منه نتيجة التبخر أو التجوية أو النشاط البيولوجي. التسامي من بخار.
CASE_0245,576452,endpoint,7,7081580,0.6896,0.6896,0,ar,يمكن أن تتكون المعادن من خلال أي من العمليات التالية: ترسيب من سائل مثل H2O أو CO2. يمكن أن يحدث هذا داخل الأرض عن طريق العمليات الحرارية المائية ، والتطور ، والتحول ، وعلى سطح الأرض أو بالقرب منه نتيجة للتبخر أو التجوية أو النشاط البيولوجي.
CASE_0245,576452,endpoint,8,7860114,0.6824,0.6824,0,ar,سؤال: أي مما يلي ليس طريقة تتشكل بها المعادن ... أي مما يلي ليس طريقة تتشكل بها المعادن؟ أ. تصلب من ذوبان. ب. الترسيب من محلول. جيم انتشار الحالة الصلبة. د- التمعدن الأحيائي. E. كل ما سبق هو طرق تتشكل بها المعادن. يتم تحديد الصلابة المعدنية من خلال مقاومة المعدن للكسر. أ. صحيح. ب. خطأ -
CASE_0245,576452,endpoint,9,5317801,0.6819,0.6819,0,ar,هناك أربع طرق يمكن من خلالها تكوين المعادن. من الصخور المنصهرة ، من المحلول ، داخل الخلايا الحية وعن طريق إعادة التبلور.
CASE_0245,576452,endpoint,10,6710784,0.6816,0.6816,0,ar,لم يتم ذكر طريقتين يمكن أن تتشكل بهما المعادن: إعادة التبلور والجفاف. بعض المعادن غير مستقرة. يحتوي الأراجونيت المعدني على نفس التركيب الكيميائي للكالسيت المعدني ، لكن له بنية بلورية مختلفة (لذا فهي معادن منفصلة). تعلم أن الطرق الأساسية للشجرة التي تتكون منها المعادن هي تصلب الذوبان ؛ هطول من المحلو
CASE_0245,576452,mixed,1,2663619,0.7453,0.7453,1,ar,بشكل عام ، يمكن أن تتكون المعادن بطريقتين: من خلال بلورة المواد المنصهرة ، ومن خلال بلورة المواد الذائبة في الماء.
CASE_0245,576452,mixed,2,8050455,0.7384,0.7384,0,ar,ما طريقتان يمكن أن يتشكل المعدن؟ عن طريق تبلور الصهارة والحمم البركانية وتبلور المواد المذابة في الماء (محلول مائي) تتكون العديد من المعادن من ----- و -----
CASE_0245,576452,mixed,3,6184828,0.7213,0.7213,0,ar,تتمثل إحدى طريقتين لتكوين المعادن في: 1. تبلور الصهارة (تبرد داخل القشرة) أو الحمم البركانية (تبرد وتتصلب على السطح) 2. تبلور المواد الذائبة في الماء. عندما تبرد هذه السوائل إلى الحالة الصلبة ، فإنها تشكل بلورات. إحدى الطريقتين لتكوين المعادن هي: 1. تبلور الصهارة (تبرد داخل القشرة) أو الحمم (تبرد وت
CASE_0245,576452,mixed,4,8284259,0.7196,0.7196,0,ar,يتم تحديد شكل المعادن خلال هذه العملية العامة من خلال العناصر الموجودة كأشكال معدنية. كما تؤثر درجة الحرارة والضغط على تكوين المعادن. هناك خمس طرق يمكن أن يتشكل بها المعدن: 1. يتبخر الماء 2. يبرد الماء الساخن 3. يبرد الصخور المنصهرة 4. الحرارة والضغط يسببان التغيرات 5. الكائنات الحية تنتج المعادن ال
CASE_0245,576452,mixed,5,6710784,0.7176,0.7176,0,ar,لم يتم ذكر طريقتين يمكن أن تتشكل بهما المعادن: إعادة التبلور والجفاف. بعض المعادن غير مستقرة. يحتوي الأراجونيت المعدني على نفس التركيب الكيميائي للكالسيت المعدني ، لكن له بنية بلورية مختلفة (لذا فهي معادن منفصلة). تعلم أن الطرق الأساسية للشجرة التي تتكون منها المعادن هي تصلب الذوبان ؛ هطول من المحلو
CASE_0245,576452,mixed,6,7948450,0.705,0.705,0,ar,تتمثل إحدى طريقتين لتكوين المعادن في: 1. تبلور الصهارة (تبرد داخل القشرة) أو الحمم (تبرد. وتتصلب على السطح) 2. تبلور المواد المذابة في الماء. عندما تبرد هذه السوائل إلى الحالة الصلبة ، فإنها تشكل بلورات. يعتمد حجم هذه البلورات على عدة عوامل:
CASE_0245,576452,mixed,7,2663617,0.705,0.705,0,ar,1 4. طريقتان يمكن أن تشكل بها المعادن تبلور المواد المنصهرة (الصهارة أو تبريد الحمم البركانية) ، بلورة المواد المذابة في الماء (التبخر).
CASE_0245,576452,mixed,8,7081580,0.7045,0.7045,0,ar,يمكن أن تتكون المعادن من خلال أي من العمليات التالية: ترسيب من سائل مثل H2O أو CO2. يمكن أن يحدث هذا داخل الأرض عن طريق العمليات الحرارية المائية ، والتطور ، والتحول ، وعلى سطح الأرض أو بالقرب منه نتيجة للتبخر أو التجوية أو النشاط البيولوجي.
CASE_0245,576452,mixed,9,7081576,0.7022,0.7022,0,ar,يمكن أن تتكون المعادن من خلال أي من العمليات التالية: الترسيب من سائل مثل H 2 O أو CO 2. يمكن أن يحدث هذا داخل الأرض عن طريق العمليات الحرارية المائية ، والتطور ، والتحول ، وعلى سطح الأرض أو بالقرب منه نتيجة التبخر أو التجوية أو النشاط البيولوجي. التسامي من بخار.
CASE_0245,576452,mixed,10,5421512,0.7021,0.7021,0,ar,تتكون المعادن بعدة طرق. تتشكل المعادن داخل الأرض أو على سطح الأرض من خلال العمليات الطبيعية. تتطور المعادن عندما تتحد ذرات عنصر أو أكثر معًا وتبدأ البلورات في النمو. تذكر أن كل نوع من المعادن له تركيبته الكيميائية الخاصة. لذلك ، فإن أنواع المعادن التي تتكون في منطقة ما تعتمد جزئيًا على العناصر الموج
CASE_0245,634126,endpoint,1,7472817,0.5279,0.5279,0,ar,CEB هو برنامج غير ربحي ذاتي الدعم تابع لجامعة كاليفورنيا. مهمتنا هي جعل البحث القانوني الخاص بك فعالاً ودقيقًا قدر الإمكان حتى تتمكن من قضاء وقتك الثمين في القيام بما تفعله بشكل أفضل - خدمة العملاء.
CASE_0245,634126,endpoint,2,7472819,0.5231,0.5231,1,ar,2 معاني اختصار CEB واختصار CEB في الشركة. احصل على تعريف CEB في قاموس الشركة من خلال قاموس جميع الاختصارات. أعلى تعريف: المجلس التنفيذي للشركة في الشركة.
CASE_0245,634126,endpoint,3,5856966,0.5186,0.5186,0,ar,ESIS هو مسؤول تابع لجهة خارجية وشركة تابعة مملوكة بالكامل لشركة Chubb Inc.. نحن نقدم أفضل الخدمات والمنتجات المبتكرة التي تعد جزءًا لا يتجزأ من برامج إدارة المخاطر لعملائنا. تتوفر مجموعة عروضنا على أساس مجمعة أو غير مجمعة.
CASE_0245,634126,endpoint,4,3467618,0.5176,0.5176,0,ar,أعلنت شركة MERGER WITH ACE LIMITED (ACE) TO FORM CHUBB LIMITED (CB) ACE Limited (NYSE: ACE) اليوم أنها أكملت استحواذها على Chubb ، مما أدى إلى إنشاء أكبر شركة للتأمين على الممتلكات والتأمين ضد الحوادث في العالم. تلقى المستثمرون 0.6019 من سهم ACE العادي و 62.93 دولارًا أمريكيًا نقدًا لكل سهم من Chubb
CASE_0245,634126,endpoint,5,7472816,0.517,0.517,0,ar,CEB هو برنامج دعم ذاتي تابع لجامعة كاليفورنيا ويشترك في رعايته نقابة المحامين بولاية كاليفورنيا. شركة CEB هي المصدر الذي يستعين به المحامون للحصول على معلومات حول القانون وممارسة القانون في كاليفورنيا.
CASE_0245,634126,endpoint,6,6257444,0.5167,0.5167,0,ar,تستهدف شركة المجلس التنفيذي للشركة (المدرجة في بورصة نيويورك تحت الرمز NYSE: CEB) معدلات نمو سنوية طويلة الأجل تتراوح بين 8٪ -13٪ ، من خلال زيادة حسابات العملاء وتوسيع النطاق الجغرافي.
CASE_0245,634126,endpoint,7,1061682,0.499,0.499,0,ar,موقف INC مدمج لـ Incorporated. هذا يعني أن الشركة تعمل من الناحية القانونية وأن هذه الشروط محددة فيما يتعلق بحماية المالكين والرئيس التنفيذي و / أو الأعضاء. في الشركات ، عادةً ما يكون المساهمون والمديرون والمسؤولون غير مسؤولين عن ديون والتزامات شركاتهم.
CASE_0245,634126,endpoint,8,7139991,0.4987,0.4987,0,ar,موقف INC مدمج لـ Incorporated. هذا يعني أن الشركة تعمل من الناحية القانونية في مجال الأعمال وأن هذه الشروط محددة فيما يتعلق بحماية المالكين والرئيس التنفيذي و / أو أعضاء مجلس الإدارة. في الشركات ، عادةً ما يكون المساهمون والمديرون والمسؤولون غير مسؤولين عن ديون والتزامات شركاتهم.
CASE_0245,634126,endpoint,9,3345704,0.4972,0.4972,0,ar,برنامج Customer Engagement and Commerce (CEC) - - خط جديد من الأعمال من SAP و hybris - يستعد لتغيير وجه تفاعلات العملاء للشركات في جميع أنحاء العالم.
CASE_0245,634126,endpoint,10,7362079,0.4967,0.4967,0,ar,مينيابوليس ، 24 يناير 2013 / PRNewswire / - JAB Beech Inc. (JAB) ، عضو في Joh. أعلنت مجموعة Benckiser اليوم عن إتمامها بنجاح لاستحواذها المعلن سابقًا على شركة Caribou Coffee Company، Inc. (Nasdaq: CBOU) (كاريبو) مقابل 16 دولارًا للسهم الواحد ، أو ما يقرب من 340 مليون دولار في المجموع. استحوذت JAB عل
CASE_0245,634126,mixed,1,7472819,0.6001,0.6001,1,ar,2 معاني اختصار CEB واختصار CEB في الشركة. احصل على تعريف CEB في قاموس الشركة من خلال قاموس جميع الاختصارات. أعلى تعريف: المجلس التنفيذي للشركة في الشركة.
CASE_0245,634126,mixed,2,7472817,0.5705,0.5705,0,ar,CEB هو برنامج غير ربحي ذاتي الدعم تابع لجامعة كاليفورنيا. مهمتنا هي جعل البحث القانوني الخاص بك فعالاً ودقيقًا قدر الإمكان حتى تتمكن من قضاء وقتك الثمين في القيام بما تفعله بشكل أفضل - خدمة العملاء.
CASE_0245,634126,mixed,3,7472816,0.5655,0.5655,0,ar,CEB هو برنامج دعم ذاتي تابع لجامعة كاليفورنيا ويشترك في رعايته نقابة المحامين بولاية كاليفورنيا. شركة CEB هي المصدر الذي يستعين به المحامون للحصول على معلومات حول القانون وممارسة القانون في كاليفورنيا.
CASE_0245,634126,mixed,4,6257444,0.5583,0.5583,0,ar,تستهدف شركة المجلس التنفيذي للشركة (المدرجة في بورصة نيويورك تحت الرمز NYSE: CEB) معدلات نمو سنوية طويلة الأجل تتراوح بين 8٪ -13٪ ، من خلال زيادة حسابات العملاء وتوسيع النطاق الجغرافي.
CASE_0245,634126,mixed,5,3467618,0.5507,0.5507,0,ar,أعلنت شركة MERGER WITH ACE LIMITED (ACE) TO FORM CHUBB LIMITED (CB) ACE Limited (NYSE: ACE) اليوم أنها أكملت استحواذها على Chubb ، مما أدى إلى إنشاء أكبر شركة للتأمين على الممتلكات والتأمين ضد الحوادث في العالم. تلقى المستثمرون 0.6019 من سهم ACE العادي و 62.93 دولارًا أمريكيًا نقدًا لكل سهم من Chubb
CASE_0245,634126,mixed,6,3345704,0.5485,0.5485,0,ar,برنامج Customer Engagement and Commerce (CEC) - - خط جديد من الأعمال من SAP و hybris - يستعد لتغيير وجه تفاعلات العملاء للشركات في جميع أنحاء العالم.
CASE_0245,634126,mixed,7,7020578,0.5471,0.5471,0,ar,ما هو سيماب. CeMAP الذي يرمز إلى شهادة في مشورة وممارسة الرهن العقاري هو مؤهل قياسي في الصناعة يحمله مستشاري الرهن العقاري في المملكة المتحدة ويعتبر مؤهلًا قياسيًا في صناعة الخدمات المالية.
CASE_0245,634126,mixed,8,5856966,0.5358,0.5358,0,ar,ESIS هو مسؤول تابع لجهة خارجية وشركة تابعة مملوكة بالكامل لشركة Chubb Inc.. نحن نقدم أفضل الخدمات والمنتجات المبتكرة التي تعد جزءًا لا يتجزأ من برامج إدارة المخاطر لعملائنا. تتوفر مجموعة عروضنا على أساس مجمعة أو غير مجمعة.
CASE_0245,634126,mixed,9,7472818,0.5349,0.5349,0,ar,CEB: مكتب تعليم الائتمان: CEB: Cercle Edouard Branco (المدرسة الفرنسية لفنون الدفاع عن النفس) CEB: مركز التميز في الأعمال: CEB: Compagnie EuropÃÆ'Ã'Â © enne de Bijouterie (الفرنسية: European Jewelry Company) CEB: Compagnie des Eaux du Blavet (بالفرنسية: Blavet Water Company) CEB: Cellule ÃÆ'Ã'â € °
CASE_0245,634126,mixed,10,3542371,0.5347,0.5347,0,ar,CEEB لتقف على مجلس امتحانات دخول الكلية. رمز CEEB هو رقم معرف موحد يتم تخصيصه لمدرسة ثانوية أو كلية أو جامعة. يتم إصدار رموز CEEB بواسطة خدمة الاختبارات التعليمية (ETS). يتم استخدام هذه الرموز المكونة من 4 إلى 6 أرقام في الغالب في امتحانات القبول في الكلية مثل SAT و ACT ، ما عليك سوى البحث في قائمة
CASE_0245,1000000,endpoint,1,5824768,0.7049,0.7049,0,ar,ما هو الأنسولين. الأنسولين هو هرمون يحدث بشكل طبيعي في الجسم ويمكن أيضًا إعطاؤه عن طريق الحقن كعلاج لمرض السكري. يتكون الأنسولين الطبيعي من خلايا بيتا في جزر لانجرهانز الموجودة في البنكرياس. يساعد خلايا الجسم على امتصاص الجلوكوز (السكر) الموجود في الكربوهيدرات التي نتناولها بحيث يمكن استخدامها كطاقة
CASE_0245,1000000,endpoint,2,7229918,0.7001,0.7001,0,ar,(الجواب رقم 1). الأنسولين هو هرمون متعدد الببتيد ينتجه الجسم وينظم عملية التمثيل الغذائي للكربوهيدرات والدهون في الجسم ، وينتج هذا الأنسولين في جسم الإنسان عن طريق البنكرياس ، ويسمى الأنسولين المنتج داخل جسم الإنسان بالأنسولين الداخلي. مما يعني أنه يأتي من جسدك. الخارجية مثل إعطاء الأنسولين لشخص مصا
CASE_0245,1000000,endpoint,3,796014,0.6907,0.6907,0,ar,الأنسولين هو هرمون طبيعي ينتج في البنكرياس. عندما تأكل ، يفرز البنكرياس الأنسولين لمساعدة جسمك على إنتاج الطاقة من السكريات (الجلوكوز). كما أنه يساعدك على تخزين الطاقة. الأنسولين هو جزء حيوي من عملية التمثيل الغذائي. بدونها ، سيتوقف جسمك عن العمل.
CASE_0245,1000000,endpoint,4,3792209,0.6847,0.6847,0,ar,الأنسولين هو هرمون يأتي من البنكرياس ، وهي غدة تقع خلف المعدة وتحتها. 1 يفرز البنكرياس الأنسولين في مجرى الدم. 2 الأنسولين يدور ، مما يسمح للسكر بالدخول إلى خلاياك. 3 الأنسولين يخفض كمية السكر في مجرى الدم.
CASE_0245,1000000,endpoint,5,6210553,0.6837,0.6837,0,ar,الأنسولين (من اللاتينية ، إنسولا التي تعني الجزيرة) هو هرمون ببتيد تنتجه خلايا بيتا في البنكرياس. ينظم عملية التمثيل الغذائي للكربوهيدرات والدهون عن طريق تعزيز امتصاص الجلوكوز من الدم إلى عضلات الهيكل العظمي والأنسجة الدهنية والتسبب في تخزين الدهون بدلاً من استخدامها للحصول على الطاقة ، كما يمنع الأ
CASE_0245,1000000,endpoint,6,807259,0.682,0.682,0,ar,الأنسولين (من اللاتينية ، إنسولا التي تعني الجزيرة) هو هرمون ببتيد تنتجه خلايا بيتا في جزر البنكرياس ، ويعتبر الهرمون الابتنائي الرئيسي للجسم. [5] ينظم عملية التمثيل الغذائي للكربوهيدرات والدهون والبروتينات عن طريق تعزيز امتصاص الجلوكوز من الدم إلى الدهون والكبد والهيكل العظمي ...
CASE_0245,1000000,endpoint,7,3950022,0.681,0.681,0,ar,الأنسولين هو هرمون طبيعي ينتج في البنكرياس. عندما تأكل ، يفرز البنكرياس الأنسولين لمساعدة جسمك على إنتاج الطاقة من السكريات (الجلوكوز). كما أنه يساعدك على تخزين الطاقة. الأنسولين هو جزء حيوي من عملية التمثيل الغذائي. بدونها ، سيتوقف جسمك عن العمل. في مرض السكري من النوع 1 ، لم يعد البنكرياس قادرًا ع
CASE_0245,1000000,endpoint,8,1072976,0.6794,0.6794,0,ar,الأنسولين هو هرمون طبيعي ينتجه البنكرياس ويساعد الجسم على استخدام أو تخزين الجلوكوز (السكر) الذي يحصل عليه من الطعام. بالنسبة للأشخاص المصابين بداء السكري ، إما أن البنكرياس لا ينتج كمية كافية من الأنسولين لتلبية متطلبات الجسم ، أو أن الجسم لا يستطيع استخدام الأنسولين المصنوع بشكل صحيح.
CASE_0245,1000000,endpoint,9,8167380,0.6789,0.6789,0,ar,حيث يتم إنتاج الأنسولين الأنسولين هو هرمون يتكون من بروتين صغير متعدد الببتيد يفرزه البنكرياس ، والذي يعمل كغدة صماء وغدة خارجية. الغدد الصماء هي نظام الغدد التي تفرز الهرمونات لتنظيم وظائف الجسم ، بينما تساعد الغدد الصماء في الهضم.
CASE_0245,1000000,endpoint,10,5593661,0.6782,0.6782,0,ar,الأنسولين هو هرمون يأتي من غدة تقع خلف وتحت المعدة (البنكرياس). 1 يفرز البنكرياس الأنسولين في مجرى الدم. 2 يدور الأنسولين ، مما يسمح للسكر بالدخول إلى خلاياك. يقلل الأنسولين من كمية السكر في مجرى الدم.
CASE_0245,1000000,mixed,1,5824768,0.6895,0.6895,0,ar,ما هو الأنسولين. الأنسولين هو هرمون يحدث بشكل طبيعي في الجسم ويمكن أيضًا إعطاؤه عن طريق الحقن كعلاج لمرض السكري. يتكون الأنسولين الطبيعي من خلايا بيتا في جزر لانجرهانز الموجودة في البنكرياس. يساعد خلايا الجسم على امتصاص الجلوكوز (السكر) الموجود في الكربوهيدرات التي نتناولها بحيث يمكن استخدامها كطاقة
CASE_0245,1000000,mixed,2,6210553,0.68,0.68,0,ar,الأنسولين (من اللاتينية ، إنسولا التي تعني الجزيرة) هو هرمون ببتيد تنتجه خلايا بيتا في البنكرياس. ينظم عملية التمثيل الغذائي للكربوهيدرات والدهون عن طريق تعزيز امتصاص الجلوكوز من الدم إلى عضلات الهيكل العظمي والأنسجة الدهنية والتسبب في تخزين الدهون بدلاً من استخدامها للحصول على الطاقة ، كما يمنع الأ
CASE_0245,1000000,mixed,3,1883752,0.6772,0.6772,0,ar,"""يتم تصنيع الأنسولين بكميات كبيرة فقط في خلايا بيتا في البنكرياس. يتم إفرازه في المقام الأول استجابة لتركيزات الدم المرتفعة من الجلوكوز. وهكذا يمكن للأنسولين أن ينظم جلوكوز الدم ويستشعر الجسم ويستجيب لارتفاع نسبة الجلوكوز في الدم عن طريق إفراز الأنسولين ، وينتج الأنسولين في جزر لانجرهانز في البنكريا"
CASE_0245,1000000,mixed,4,8167380,0.6749,0.6749,0,ar,حيث يتم إنتاج الأنسولين الأنسولين هو هرمون يتكون من بروتين صغير متعدد الببتيد يفرزه البنكرياس ، والذي يعمل كغدة صماء وغدة خارجية. الغدد الصماء هي نظام الغدد التي تفرز الهرمونات لتنظيم وظائف الجسم ، بينما تساعد الغدد الصماء في الهضم.
CASE_0245,1000000,mixed,5,796014,0.6748,0.6748,0,ar,الأنسولين هو هرمون طبيعي ينتج في البنكرياس. عندما تأكل ، يفرز البنكرياس الأنسولين لمساعدة جسمك على إنتاج الطاقة من السكريات (الجلوكوز). كما أنه يساعدك على تخزين الطاقة. الأنسولين هو جزء حيوي من عملية التمثيل الغذائي. بدونها ، سيتوقف جسمك عن العمل.
CASE_0245,1000000,mixed,6,7229918,0.6745,0.6745,0,ar,(الجواب رقم 1). الأنسولين هو هرمون متعدد الببتيد ينتجه الجسم وينظم عملية التمثيل الغذائي للكربوهيدرات والدهون في الجسم ، وينتج هذا الأنسولين في جسم الإنسان عن طريق البنكرياس ، ويسمى الأنسولين المنتج داخل جسم الإنسان بالأنسولين الداخلي. مما يعني أنه يأتي من جسدك. الخارجية مثل إعطاء الأنسولين لشخص مصا
CASE_0245,1000000,mixed,7,5588230,0.6737,0.6737,0,ar,خلفية. الأنسولين هو هرمون ينظم كمية الجلوكوز (السكر) في الدم وهو ضروري لكي يعمل الجسم بشكل طبيعي. يتم إنتاج الأنسولين بواسطة خلايا في البنكرياس تسمى جزر لانجرهانز.
CASE_0245,1000000,mixed,8,5004612,0.6736,0.6736,0,ar,يتم إنتاج الأنسولين في البنكرياس. لنكون أكثر تحديدًا ، يتم إنتاجه بواسطة خلايا بيتا في جزر لانجرهانز في البنكرياس. عندما نأكل ، ترتفع مستويات الجلوكوز ويتحرر الأنسولين في مجرى الدم. يعمل الأنسولين كمفتاح ، حيث يفتح الخلايا حتى تتمكن من امتصاص السكر واستخدامه كمصدر للطاقة. السكر هو أحد أهم مصادر الطا
CASE_0245,1000000,mixed,9,3950022,0.6717,0.6717,0,ar,الأنسولين هو هرمون طبيعي ينتج في البنكرياس. عندما تأكل ، يفرز البنكرياس الأنسولين لمساعدة جسمك على إنتاج الطاقة من السكريات (الجلوكوز). كما أنه يساعدك على تخزين الطاقة. الأنسولين هو جزء حيوي من عملية التمثيل الغذائي. بدونها ، سيتوقف جسمك عن العمل. في مرض السكري من النوع 1 ، لم يعد البنكرياس قادرًا ع
CASE_0245,1000000,mixed,10,1883747,0.6702,0.6702,0,ar,"""الأنسولين هو هرمون مهم لعملية التمثيل الغذائي والاستفادة من الطاقة من العناصر الغذائية التي يتم تناولها - وخاصة الجلوكوز. يتم إنتاج الأنسولين في جزر لانجرهانز في البنكرياس. يأتي اسم الأنسولين من الكلمة اللاتينية """"إنسولا"""" التي تعني الجزيرة من الخلايا التي تنتج الهرمون في البنكرياس."""
CASE_0245,1000004,endpoint,1,4537048,0.71,0.71,0,ar,نورا ... معنى اسم نورا هو الشرف. أصل اسم نورا إنجليزي. هذه هي الثقافة التي نشأ فيها الاسم ، أو اللغة في حالة الكلمة. كان اسم نورا في الأصل ضئيلًا من الأسماء Honora و Eleanora. الاختلاف الأكثر شيوعًا لاسم نورا هو نورا.
CASE_0245,1000004,endpoint,2,5951085,0.7067,0.7067,0,ar,نورا هو اسم من أصول إنجليزية ومشتق من الأسماء Honora و Eleanora. معنى اسم نورا شرف. الاختلاف الأكثر شيوعًا لاسم نورا هو نورا. تشمل الألقاب Nor و Nory و No-No و Rah.
CASE_0245,1000004,endpoint,3,5951082,0.7037,0.7037,0,ar,نورا هو اسم من أصول إنجليزية ومشتق من الأسماء Honora و Eleanora. معنى اسم نورا شرف. الاختلاف الأكثر شيوعًا لاسم نورا هو نورا. تشمل الألقاب Nor و Nory و No-No و Rah. احتلت نورا المرتبة 186 في عام 2013 وفقًا لإدارة الضمان الاجتماعي.
CASE_0245,1000004,endpoint,4,5951083,0.703,0.703,0,ar,نورا هو اسم من أصول إنجليزية ومشتق من الأسماء Honora و Eleanora. معنى اسم نورا شرف. الاختلاف الأكثر شيوعًا لاسم نورا هو نورا.
CASE_0245,1000004,endpoint,5,5951081,0.703,0.703,0,ar,نورا هو اسم من أصول إنجليزية ومشتق من الأسماء Honora و Eleanora. معنى اسم نورا شرف. الاختلاف الأكثر شيوعًا لاسم نورا هو نورا.
CASE_0245,1000004,endpoint,6,7264265,0.6986,0.6986,0,ar,نورا ، نورا ، نورا ، نورما نورا أو نورا هو اسم شخصي إيطالي ، إنجليزي ، أيرلندي ، ألباني ، إسكندنافي ، عربي ، وبلطيقي. ينشأ بشكل أساسي كشكل قصير من Honora (أيضًا Honoria) ، وهو اسم أنجلو نورمان شائع ، مشتق في النهاية من الكلمة اللاتينية Honor (بهذا المعنى). في المجر ، نشأ اسم Nóra كشكل قصير من Eleonó
CASE_0245,1000004,endpoint,7,7264267,0.697,0.697,0,ar,اسم نورا من أصل أيرلندي. معنى كلمة نورا مشرفة. تستخدم نورا بشكل عام كاسم فتاة. يتكون من 4 أحرف ومقطعين ويتم نطقه No-ra.
CASE_0245,1000004,endpoint,8,4537042,0.6963,0.6963,0,ar,الاستعمال: نورا ، من أصل عبري ، هو الاسم الأول المشهور للغاية. غالبًا ما يستخدم كاسم فتاة (أنثى). الأشخاص الذين يحملون اسم نورا هم بشكل عام من أرمينيا وبلجيكا وفرنسا وألمانيا واليونان والمجر وأيرلندا وإيطاليا ولوكسمبورغ وهولندا وإسبانيا والمملكة المتحدة والولايات المتحدة الأمريكية. للحصول على بديل آ
CASE_0245,1000004,endpoint,9,8298052,0.6943,0.6943,0,ar,نورا (الاسم) لاستخدامات أخرى ، انظر نورا. نورا أو نورا هو الاسم الشخصي للمرأة الإيطالية والإنجليزية والأيرلندية والألبانية والاسكندنافية والبلطيقية. ينشأ بشكل أساسي كشكل قصير من Honora (أيضًا Honoria) ، وهو اسم أنجلو نورمان شائع ، مشتق في النهاية من الكلمة اللاتينية Honor (بهذا المعنى).
CASE_0245,1000004,endpoint,10,5921505,0.6917,0.6917,0,ar,اسم نورا من أصل أيرلندي. معنى كلمة نورا شريفة. تستخدم نورا بشكل عام كاسم فتاة. يتكون من 5 أحرف ومقطعين لفظي وينطق نو راه.
CASE_0245,1000004,mixed,1,7264265,0.6967,0.6967,0,ar,نورا ، نورا ، نورا ، نورما نورا أو نورا هو اسم شخصي إيطالي ، إنجليزي ، أيرلندي ، ألباني ، إسكندنافي ، عربي ، وبلطيقي. ينشأ بشكل أساسي كشكل قصير من Honora (أيضًا Honoria) ، وهو اسم أنجلو نورمان شائع ، مشتق في النهاية من الكلمة اللاتينية Honor (بهذا المعنى). في المجر ، نشأ اسم Nóra كشكل قصير من Eleonó
CASE_0245,1000004,mixed,2,5951085,0.695,0.695,0,ar,نورا هو اسم من أصول إنجليزية ومشتق من الأسماء Honora و Eleanora. معنى اسم نورا شرف. الاختلاف الأكثر شيوعًا لاسم نورا هو نورا. تشمل الألقاب Nor و Nory و No-No و Rah.
CASE_0245,1000004,mixed,3,5951082,0.6927,0.6927,0,ar,نورا هو اسم من أصول إنجليزية ومشتق من الأسماء Honora و Eleanora. معنى اسم نورا شرف. الاختلاف الأكثر شيوعًا لاسم نورا هو نورا. تشمل الألقاب Nor و Nory و No-No و Rah. احتلت نورا المرتبة 186 في عام 2013 وفقًا لإدارة الضمان الاجتماعي.
CASE_0245,1000004,mixed,4,5951087,0.6858,0.6858,0,ar,ملاحظات: Norah هو اسم من أصول إنجليزية ومشتق من الاسمين Honora و Eleanora. معنى اسم نورا شرف. الاختلاف الأكثر شيوعًا لاسم نورا هو نورا. تشمل الألقاب Nor و Nory و No-No و Rah.
CASE_0245,1000004,mixed,5,7264267,0.6849,0.6849,0,ar,اسم نورا من أصل أيرلندي. معنى كلمة نورا مشرفة. تستخدم نورا بشكل عام كاسم فتاة. يتكون من 4 أحرف ومقطعين ويتم نطقه No-ra.
CASE_0245,1000004,mixed,6,4537048,0.6837,0.6837,0,ar,نورا ... معنى اسم نورا هو الشرف. أصل اسم نورا إنجليزي. هذه هي الثقافة التي نشأ فيها الاسم ، أو اللغة في حالة الكلمة. كان اسم نورا في الأصل ضئيلًا من الأسماء Honora و Eleanora. الاختلاف الأكثر شيوعًا لاسم نورا هو نورا.
CASE_0245,1000004,mixed,7,4537042,0.6798,0.6798,0,ar,الاستعمال: نورا ، من أصل عبري ، هو الاسم الأول المشهور للغاية. غالبًا ما يستخدم كاسم فتاة (أنثى). الأشخاص الذين يحملون اسم نورا هم بشكل عام من أرمينيا وبلجيكا وفرنسا وألمانيا واليونان والمجر وأيرلندا وإيطاليا ولوكسمبورغ وهولندا وإسبانيا والمملكة المتحدة والولايات المتحدة الأمريكية. للحصول على بديل آ
CASE_0245,1000004,mixed,8,8298052,0.6795,0.6795,0,ar,نورا (الاسم) لاستخدامات أخرى ، انظر نورا. نورا أو نورا هو الاسم الشخصي للمرأة الإيطالية والإنجليزية والأيرلندية والألبانية والاسكندنافية والبلطيقية. ينشأ بشكل أساسي كشكل قصير من Honora (أيضًا Honoria) ، وهو اسم أنجلو نورمان شائع ، مشتق في النهاية من الكلمة اللاتينية Honor (بهذا المعنى).
CASE_0245,1000004,mixed,9,5921505,0.6779,0.6779,0,ar,اسم نورا من أصل أيرلندي. معنى كلمة نورا شريفة. تستخدم نورا بشكل عام كاسم فتاة. يتكون من 5 أحرف ومقطعين لفظي وينطق نو راه.
CASE_0245,1000004,mixed,10,5951083,0.6755,0.6755,0,ar,نورا هو اسم من أصول إنجليزية ومشتق من الأسماء Honora و Eleanora. معنى اسم نورا شرف. الاختلاف الأكثر شيوعًا لاسم نورا هو نورا.
CASE_0245,1000006,endpoint,1,1859816,0.683,0.683,0,ar,خام الحديد هو المصدر الرئيسي للحديد في صناعات الحديد والصلب في العالم وهو أرخص المعادن وأكثرها استخدامًا. كان أول استخدام معروف لخام الحديد من الولايات المتحدة عندما تم شحن عدة براميل خام من فيرجينيا وماريلاند إلى إنجلترا للاختبار في عام 1608.
CASE_0245,1000006,endpoint,2,8398783,0.6776,0.6776,0,ar,خام الحديد هو المادة الخام المستخدمة في صناعة الحديد الخام ، وهو أحد المواد الخام الرئيسية في صناعة الصلب ، ويستخدم 98٪ من خام الحديد المستخرج في صناعة الصلب. في الواقع ، قيل إن خام الحديد جزء لا يتجزأ من الاقتصاد العالمي أكثر من أي سلعة أخرى ، ربما باستثناء النفط ، حاليًا يتم استخراج خام الحديد الم
CASE_0245,1000006,endpoint,3,3368646,0.6689,0.6689,0,ar,يتكون خام الحديد من الصخور والمعادن التي يمكن استخراج الحديد منها. غالبًا ما يوجد الخام في شكل الهيماتيت والمغنتيت ، على الرغم من أن أنواع الجيوثايت والليمونيت والسيدريت شائعة أيضًا. يستخدم ما يقرب من 98 في المائة من خام الحديد المنتج في العالم في صناعة الصلب. الهيماتيت. خام الهيماتيت له الصيغة الكي
CASE_0245,1000006,endpoint,4,7936840,0.6566,0.6566,0,ar,يتكون خام الحديد من الصخور والمعادن التي يمكن استخراج الحديد منها. غالبًا ما يوجد الخام في شكل الهيماتيت والمغنتيت ، على الرغم من أن أنواع الجيوثايت والليمونايت والسيدريت شائعة أيضًا ، ويستخدم ما يقرب من 98 في المائة من خام الحديد المنتج في العالم في صناعة الصلب. خام الهيماتيت له الصيغة الكيميائية F
CASE_0245,1000006,endpoint,5,1892941,0.6476,0.6476,0,ar,يمثل أكبر عشرة منتجين لخام الحديد أكثر من 90٪ من إجمالي إنتاج خام الحديد في العالم. يقدم موقع Mining-technology.com لمحة عن أكبر عشر دول منتجة لخام الحديد بناءً على أحدث بيانات الإنتاج والاحتياطي.
CASE_0245,1000006,endpoint,6,6448659,0.6476,0.6476,0,ar,انقر هنا لملف PDF للحصول على ورقة عمل قابلة للطباعة. يمكن العثور على خام الحديد في جميع أنحاء العالم ، على شكل صخور ومعادن أخرى. لكي تكون مجدية اقتصاديًا للتعدين ، يجب أن يحتوي خام الحديد على 20٪ على الأقل من الحديد. يحتوي خام المغنتيت على أعلى نسبة من الحديد بنسبة 65٪. يحتوي خام الهيماتيت أيضًا على
CASE_0245,1000006,endpoint,7,4575852,0.6471,0.6471,0,ar,الإشتراك. خام الحديد هو مادة معدنية تنتج الحديد المعدني (Fe) عند تسخينها في وجود مادة اختزال. يتكون دائمًا تقريبًا من أكاسيد الحديد ، وأشكالها الأساسية هي المغنتيت (الحديد خام الحديد هو مصدر الحديد الأساسي لصناعات الحديد والصلب في العالم.
CASE_0245,1000006,endpoint,8,811524,0.6452,0.6452,0,ar,يمكن العثور على خام الحديد في جميع أنحاء العالم ، على شكل صخور ومعادن أخرى. لكي تكون مجدية اقتصاديًا للتعدين ، يجب أن يحتوي خام الحديد على 20٪ على الأقل من الحديد. خام المغنتيت àيحتوي على أعلى نسبة من الحديد ، بنسبة 65 ٪. يحتوي خام الهيماتيت أيضًا على نسبة عالية من الحديد بنسبة 60 ٪.
CASE_0245,1000006,endpoint,9,4575850,0.6432,0.6432,0,ar,خام الحديد هو مادة معدنية تنتج الحديد المعدني (Fe) عند تسخينها في وجود مادة اختزال. يتكون دائمًا تقريبًا من أكاسيد الحديد ، وأشكالها الأساسية هي المغنتيت (الحديد خام الحديد هو مصدر الحديد الأساسي لصناعات الحديد والصلب في العالم.
CASE_0245,1000006,endpoint,10,7264254,0.643,0.643,0,ar,في الماضي ، كانت الهند رائدة على مستوى العالم ، لكنها الآن رابع أكبر منتج. 95 ٪ من خام الحديد في البلاد يأتي من أوريسا وتشهاتيسجاره وجارخاند وماديا براديش وغوا وكارناتاكا. توجد أكبر الودائع في البلاد في ولاية أوريسا.
CASE_0245,1000006,mixed,1,1503871,0.6177,0.6177,0,ar,كما هو الحال مع معظم المعادن الأخرى ، يُستخرج الحديد من تحت سطح الأرض. ما يقرب من 10٪ من القشرة الأرضية مكونة من الحديد مما يجعلها واحدة من أكثر العناصر وفرة. يأتي الحديد من خام الحديد وهو مزيج من عنصر الحديد والمعادن الأخرى والصخور ، ثم يتم تكرير هذا الخام لاستخراج الحديد النقي. يتم ذلك من خلال عمل
CASE_0245,1000006,mixed,2,1859816,0.6176,0.6176,0,ar,خام الحديد هو المصدر الرئيسي للحديد في صناعات الحديد والصلب في العالم وهو أرخص المعادن وأكثرها استخدامًا. كان أول استخدام معروف لخام الحديد من الولايات المتحدة عندما تم شحن عدة براميل خام من فيرجينيا وماريلاند إلى إنجلترا للاختبار في عام 1608.
CASE_0245,1000006,mixed,3,7264254,0.6153,0.6153,0,ar,في الماضي ، كانت الهند رائدة على مستوى العالم ، لكنها الآن رابع أكبر منتج. 95 ٪ من خام الحديد في البلاد يأتي من أوريسا وتشهاتيسجاره وجارخاند وماديا براديش وغوا وكارناتاكا. توجد أكبر الودائع في البلاد في ولاية أوريسا.
CASE_0245,1000006,mixed,4,811524,0.6152,0.6152,0,ar,يمكن العثور على خام الحديد في جميع أنحاء العالم ، على شكل صخور ومعادن أخرى. لكي تكون مجدية اقتصاديًا للتعدين ، يجب أن يحتوي خام الحديد على 20٪ على الأقل من الحديد. خام المغنتيت àيحتوي على أعلى نسبة من الحديد ، بنسبة 65 ٪. يحتوي خام الهيماتيت أيضًا على نسبة عالية من الحديد بنسبة 60 ٪.
CASE_0245,1000006,mixed,5,3368646,0.6142,0.6142,0,ar,يتكون خام الحديد من الصخور والمعادن التي يمكن استخراج الحديد منها. غالبًا ما يوجد الخام في شكل الهيماتيت والمغنتيت ، على الرغم من أن أنواع الجيوثايت والليمونيت والسيدريت شائعة أيضًا. يستخدم ما يقرب من 98 في المائة من خام الحديد المنتج في العالم في صناعة الصلب. الهيماتيت. خام الهيماتيت له الصيغة الكي
CASE_0245,1000006,mixed,6,2298308,0.611,0.611,0,ar,تحدث معظم موارد خام الحديد المهمة في العالم في الصخور الرسوبية الغنية بالحديد والمعروفة باسم تكوينات الحديد النطاقات (BIFs) والتي تعود إلى عصر ما قبل الكمبري (أي أكبر من 600 مليون سنة). تحدث BIFs في جميع القارات.الموارد الأسترالية. على الرغم من وجود موارد خام الحديد في جميع الولايات والأقاليم الأستر
CASE_0245,1000006,mixed,7,6349512,0.6103,0.6103,0,ar,تحتوي المعادن الأخرى ، مثل المغنتيت ، على تركيزات أعلى من الحديد ، لكن الهيماتيت أكثر وفرة بكثير لدرجة أنه أهم خام الحديد من الناحية الاقتصادية. في أمريكا الشمالية ، يأتي أكثر من 90٪ من الحديد لدينا من رواسب الهيماتيت وبدون الهيماتيت لا يمكن لمجتمعنا القائم على الصلب أن يوجد.
CASE_0245,1000006,mixed,8,6131404,0.607,0.607,0,ar,يتم الحصول على الحديد بشكل أساسي من معادن الهيماتيت (Fe 2 O 3) والمغنتيت (Fe 3 O 4). تعد معادن التاكونيت والليمونيت (FeO (OH) - šÃ' · nH 2 O) والسيدريت (FeCO 3) مصادر مهمة أخرى.
CASE_0245,1000006,mixed,9,7936840,0.6052,0.6052,0,ar,يتكون خام الحديد من الصخور والمعادن التي يمكن استخراج الحديد منها. غالبًا ما يوجد الخام في شكل الهيماتيت والمغنتيت ، على الرغم من أن أنواع الجيوثايت والليمونايت والسيدريت شائعة أيضًا ، ويستخدم ما يقرب من 98 في المائة من خام الحديد المنتج في العالم في صناعة الصلب. خام الهيماتيت له الصيغة الكيميائية F
CASE_0245,1000006,mixed,10,6448659,0.6031,0.6031,0,ar,انقر هنا لملف PDF للحصول على ورقة عمل قابلة للطباعة. يمكن العثور على خام الحديد في جميع أنحاء العالم ، على شكل صخور ومعادن أخرى. لكي تكون مجدية اقتصاديًا للتعدين ، يجب أن يحتوي خام الحديد على 20٪ على الأقل من الحديد. يحتوي خام المغنتيت على أعلى نسبة من الحديد بنسبة 65٪. يحتوي خام الهيماتيت أيضًا على
CASE_0245,1000459,endpoint,1,2648041,0.6836,0.6836,0,ar,عنكبوت الارملة السوداء. عناكب الأرملة السوداء (أنواع Latrodectus) هي عناكب خجولة وغير عدوانية شائعة في شرق واشنطن. توجد مجموعات قليلة من الأرامل السود في غرب واشنطن. الأرامل السود البالغات لديهن سم خطير ، لكن غالبًا ما يحاولن الهروب بدلاً من العض.
CASE_0245,1000459,endpoint,2,2648038,0.6786,0.6786,0,ar,تعيش عناكب الأرملة السوداء في أماكن دافئة في جميع أنحاء العالم. إنهم يحبون بناء شبكاتهم في أماكن آمنة تحت شيء مثل الصندوق المقلوب الموجود على الأرض. غالبًا ما توجد تحت مقاعد المراحيض الخارجية.
CASE_0245,1000459,endpoint,3,5399273,0.6736,0.6736,0,ar,أفضل إجابة: لقد وجدت أراملًا سودًا في ساوث داكوتا ، وايومنغ ، تكساس ، جورجيا ، تقريبًا في كل مكان عشت فيه. هذا هو عنوان URL لعناكب الأرملة السوداء في ويكيبيديا: http://en.wikipedia.org/wiki/Black_widow .. يذكر أنها موجودة في ولاية نيويورك! مع ارتفاع درجة حرارة المناخ ، قد تتنوع مناطق الأرامل السود ت
CASE_0245,1000459,endpoint,4,7603169,0.6734,0.6734,0,ar,عنكبوت الأرملة السوداء. تنتشر أنواع عديدة من عناكب الأرملة السوداء في أمريكا الشمالية ، ولكن في غرب الولايات المتحدة ، النوع الوحيد هو الأرملة السوداء الغربية ، Latrodectus hesperus. يتراوح موطنها من كولومبيا البريطانية إلى المكسيك وعبر جبال روكي إلى الأجزاء الغربية من السهول الكبرى.
CASE_0245,1000459,endpoint,5,5399272,0.6672,0.6672,0,ar,بلغ عن سوء معاملة. الأرامل السوداء هي في المقام الأول الأرملة السوداء الجنوبية التي توجد في (وهي من السكان الأصليين) جنوب شرق الولايات المتحدة ، بدءًا من فلوريدا إلى نيويورك ، وغربًا إلى تكساس وأوكلاهوما وأريزونا ، حيث تتفشى بشكل خاص. إجابة: لقد وجدت الأرامل السود في ساوث داكوتا ، وايومنغ ، تكساس ،
CASE_0245,1000459,endpoint,6,2648045,0.6648,0.6648,0,ar,تم التصويت على الثقة 20. تعيش عناكب الأرملة السوداء في الغالب في نيو إنجلاند ، وقد شوهد بعضها في ولايات أخرى مجاورة. لدغات عنكبوت الأرملة السوداء ليست شائعة جدًا ، وإذا تعرضت للدغة ، فستعرف ، لأن الألم مؤلم.
CASE_0245,1000459,endpoint,7,5399275,0.6532,0.6532,0,ar,هذه هي العناكب التي لا تريد أن تجدها في منزلك! عنكبوت الارملة السوداء. تنتشر عناكب الأرملة السوداء بشكل أكثر شيوعًا في المناطق الجنوبية والغربية من الولايات المتحدة. في الواقع ، غالبًا ما توجد في جميع أنحاء أمريكا الشمالية. يمكن التعرف عليها من خلال نمط اللون الأحمر على الجانب السفلي من بطنها. تعد ع
CASE_0245,1000459,endpoint,8,5399270,0.6518,0.6518,0,ar,عفوًا ، اعتقدت أنك كنت تسأل أين يمكن العثور على عناكب الأرملة السوداء ، وليس في أي ولاية - ومع ذلك ، بما أنني هنا - أعتقد أنه يمكن العثور عليها في أي من الولايات المتحدة ، ولا سيما الساحل الشرقي ، أعلى وأسفل المنطقة بأكملها ، أنا في AL وهم في كل مكان هنا. الإجابة: لقد وجدت أرامل سود في ساوث داكوتا ،
CASE_0245,1000459,endpoint,9,7651470,0.6502,0.6502,0,ar,الأرامل السوداء. الصور مقدمة من جامعة ولاية أوهايو وجامعة ميسوري. توجد عناكب الأرملة السوداء في جميع أنحاء أمريكا الشمالية ، ولكنها أكثر شيوعًا في المناطق الجنوبية والغربية من الولايات المتحدة. يتم التعرف عليهم من خلال نمط اللون الأحمر على الجانب السفلي من البطن.
CASE_0245,1000459,endpoint,10,7603166,0.6471,0.6471,0,ar,لكن العنكبوت البني (Loxosceles reclusa) يحدث تقريبًا في الربع الجنوبي الشرقي من البلاد ، وهو الأكثر شيوعًا وانتشارًا بين العناكب البنية. تنتشر ثلاثة أنواع من عناكب الأرملة السوداء في الولايات المتحدة. تعيش الأرملة السوداء (Latrodectus mactans) في النصف الجنوبي من البلاد.
CASE_0245,1000459,mixed,1,3143674,0.6491,0.6491,0,ar,يعود موطن الدببة السوداء الأمريكية إلى أمريكا الشمالية ويمكن العثور عليها في جميع أنحاء الولايات المتحدة وكندا وشمال المكسيك. نطاق المنزل هو المنطقة التي يسكنها الحيوان ، والتي تحتوي على إمدادات من الغذاء ومصدر للمياه والمأوى. يتجول ذكور الدببة السوداء عبر مسافات كبيرة ، وعادة ما تعيش داخل نطاق منزل
CASE_0245,1000459,mixed,2,2248880,0.649,0.649,0,ar,الدببة السوداء الأمريكية (Ursus americanus ، الشكل 1) هي الدببة الأكثر شيوعًا والأكثر انتشارًا في أمريكا الشمالية. في واشنطن ، تعيش الدببة السوداء في مجموعة متنوعة من الموائل الحرجية ، من الغابات المطيرة الساحلية إلى الغابات الجافة في المنحدرات الشرقية لكاسكاديس.
CASE_0245,1000459,mixed,3,5399273,0.646,0.646,0,ar,أفضل إجابة: لقد وجدت أراملًا سودًا في ساوث داكوتا ، وايومنغ ، تكساس ، جورجيا ، تقريبًا في كل مكان عشت فيه. هذا هو عنوان URL لعناكب الأرملة السوداء في ويكيبيديا: http://en.wikipedia.org/wiki/Black_widow .. يذكر أنها موجودة في ولاية نيويورك! مع ارتفاع درجة حرارة المناخ ، قد تتنوع مناطق الأرامل السود ت
CASE_0245,1000459,mixed,4,5487414,0.6405,0.6405,0,ar,تعيش السناجب في شرق ووسط غرب الولايات المتحدة والمقاطعات الشرقية لكندا ، ولكن بعض المدن والبلدات معروفة بكثرة أعدادها من السناجب البيضاء ، بما في ذلك بريفارد ، نورث كارولينا ؛ ماريونفيل ، ميسوري ؛ أولني ، إلينوي ؛ كنتون ، تينيسي ؛ وإكستر ، أونتاريو.
CASE_0245,1000459,mixed,5,5209458,0.6386,0.6386,0,ar,تعيش عناكب المتشرد في شمال الولايات المتحدة وكذلك كندا. يمكن العثور عليها في أي مكان في واشنطن وأوريغون وأيداهو ومونتانا ووايومنغ ويوتا وكولورادو وجنوب كولومبيا البريطانية. نشعر أنه من المحتمل أن هناك هوبوس في شمال كاليفورنيا ، وتظهر المناطق الحمراء في الخرائط مناطق بها Hobo Spiders . تعيش عناكب الن
CASE_0245,1000459,mixed,6,7786238,0.6379,0.6379,0,ar,في واشنطن ، تعيش الدببة السوداء في مجموعة متنوعة من الموائل الحرجية ، من الغابات المطيرة الساحلية إلى الغابات الجافة في المنحدرات الشرقية لكاسكاديس. بشكل عام ، ترتبط الدببة السوداء ارتباطًا وثيقًا بغطاء الغابات ، ولكنها تستخدم أحيانًا بلدًا مفتوحًا نسبيًا ، مثل قطع الأشجار الصافية وأطراف الموائل الم
CASE_0245,1000459,mixed,7,5173508,0.6347,0.6347,0,ar,يعيش في ولاية بنسلفانيا الدب الأسود ، Ursus americanus. تتراوح الأنواع عبر الكثير من الغابات الشمالية. أمريكا من المكسيك إلى ألاسكا ومن فلوريدا إلى. شمال كندا. في مناطق مختلفة ، تظهر الدببة السوداء. أنماط الحياة المختلفة ، وأزمنة دنينج ، وتسامح الإنسان.
CASE_0245,1000459,mixed,8,8066514,0.6346,0.6346,0,ar,أين تعيش بلاك بيرز؟ تشير المعلومات التاريخية إلى أن موطن الدب الأسود شمل معظم أمريكا الشمالية بما في ذلك ألاسكا ، وكندا ، وتقريبًا جميع الدول الـ 48 الأدنى في الولايات المتحدة ، والمكسيك. اليوم تقع أراضي نطاق موطنهم في الغالب في ألاسكا وكندا. يتم تقليل أراضيهم بشكل كبير في المكسيك.
CASE_0245,1000459,mixed,9,5399272,0.6309,0.6309,0,ar,بلغ عن سوء معاملة. الأرامل السوداء هي في المقام الأول الأرملة السوداء الجنوبية التي توجد في (وهي من السكان الأصليين) جنوب شرق الولايات المتحدة ، بدءًا من فلوريدا إلى نيويورك ، وغربًا إلى تكساس وأوكلاهوما وأريزونا ، حيث تتفشى بشكل خاص. إجابة: لقد وجدت الأرامل السود في ساوث داكوتا ، وايومنغ ، تكساس ،
CASE_0245,1000459,mixed,10,3333523,0.6216,0.6216,0,ar,يعيش الذئاب في أمريكا الشمالية ، من ألاسكا وكندا إلى المكسيك ، وجنوبًا إلى بنما في أمريكا الوسطى. ومع ذلك ، فهي مكتظة بالسكان بشكل خاص في الولايات الجنوبية الغربية من الولايات المتحدة ، وتفترس الماشية بشكل روتيني. يعيش البعض في أماكن ثلجية (مثل ألاسكا) ويعيش البعض الآخر في الصحاري (كما هو الحال في أ
CASE_0245,1000574,endpoint,1,7262868,0.5917,0.5917,1,ar,خوفًا من الانفصال عن عائلته ، فر هينسون مع زوجته وأطفاله شمالًا في صيف عام 1830. بعد المرور عبر أوهايو ونيويورك ، استقروا في دريسدن ، أونتاريو ، كندا. أصبح هينسون واعظًا وزعيمًا في المجتمع الأفرو-كندي ، وسافر مرة أخرى إلى الولايات المتحدة لمساعدة العبيد الآخرين على الهروب. خدم هينسون أيضًا كقائد للم
CASE_0245,1000574,endpoint,2,7262863,0.557,0.557,0,ar,جوشيا هينسون طور مجتمعه الكندي من أصل أفريقي. لذلك يمكن للسود الحصول على مكان آمن يذهبون إليه. ساعد السكك الحديدية تحت الأرض في قيادة أكثر من 200 عبد إلى الحرية. ماري جوزيف أنجيليك قصتها هي رمز للمقاومة والحرية للسود. كانت رمزًا لمقاومة السود.
CASE_0245,1000574,endpoint,3,7262862,0.5504,0.5504,0,ar,تعرف على الوزير جوشيا هينسون الذي قاد العبيد إلى الحرية عبر مترو الأنفاق وطور مجتمعه الأفرو-كندي على Biography.com. أصبح العبد والوزير الهارب يوشيا هينسون متورطًا في مترو الأنفاق للسكك الحديدية ، وقاد العبيد إلى الحرية وطور مجتمعه الأفرو-كندي. الملخص ولد يوشيا هينسون في العبودية في 15 يونيو 1789 في
CASE_0245,1000574,endpoint,4,502012,0.5195,0.5195,0,ar,منذ النقل القسري للسكان الهنود الأمريكيين إلى محميات في الغرب الأمريكي خلال ثلاثينيات القرن التاسع عشر ، كان معظم أحفاد ماهيكان موجودون في مقاطعة شاوانو ، ويسكونسن ، حيث شكلوا بعد عقود في نهاية المطاف مجتمع ستوكبريدج - مونسي المعترف به فيدراليًا مع أعضاء مسجلين في لينيب. الناس ولديهم ...
CASE_0245,1000574,endpoint,5,7881038,0.5026,0.5026,0,ar,تاريخنا نمت الفكرة التي أصبحت موطنًا للإنسانية في البداية من التربة الخصبة لمزرعة كوينونيا ، وهي مزرعة مجتمعية خارج أميريكوس ، جورجيا ، أسسها المزارع والعالم الكتابي كلارنس جوردان. في المزرعة ، طور الأردن ومؤسسا Habitatà، ميلارد وليندا فولر ، مفهوم الإسكان المشترك '¬Ã'
CASE_0245,1000574,endpoint,6,2325175,0.5017,0.5017,0,ar,تشمل المجتمعات القريبة سان جاسينتو (إلى الشمال) ، وينشستر (إلى الغرب) ، ومركز الجبل (إلى الشرق). تأسست في عام 1887 على أرض كان يسكنها أفراد قبيلة Cahuilla الهندية ، وتم دمجها كمدينة في عام 1910. في ذلك الوقت ، كان عدد سكان المدينة أقل من 1000 نسمة ولكن تلا ذلك النمو مع تطور هيميت إلى مركز تجاري رئيس
CASE_0245,1000574,endpoint,7,7262866,0.4997,0.4997,0,ar,يوشيا هينسون وزوجته نانسي تظهر هذه الصورة ليوشيا هينسون وزوجته نانسي على موقع متحف كندا الافتراضي. من منتصف الليل إلى الفجر: المسارات الأخيرة للسكك الحديدية تحت الأرض انظر الصفحة 21 للحصول على وصف لهروب يوشيا هينسون من العبودية في الولايات المتحدة وتأسيسه لمستوطنة تسمى Dawn في جنوب غرب أونتاريو. يفح
CASE_0245,1000574,endpoint,8,7262867,0.4996,0.4996,0,ar,وُلد يوشيا هينسون (1789-1883) في العبودية في مقاطعة تشارلز بولاية ماريلاند في مزرعة يملكها فرانسيس نيومان. عندما كان طفلاً ، تم بيعه إلى إسحاق رايلي ، الذي عيّنه لاحقًا مشرفًا على المزرعة في سن مبكرة بشكل غير عادي بسبب قوة هينسون وذكائه.
CASE_0245,1000574,endpoint,9,7881040,0.4988,0.4988,0,ar,تاريخنا . نشأت الفكرة التي أصبحت موطنًا للإنسانية في البداية من التربة الخصبة لمزرعة كوينونيا ، وهي مزرعة مجتمعية خارج أميريكوس ، جورجيا ، أسسها المزارع والعالم التوراتي كلارنس جوردان. في المزرعة ، طور الأردن ومؤسسا Habitatà، ميلارد وليندا فولر ، مفهوم الإسكان المشترك '¬Ã'
CASE_0245,1000574,endpoint,10,8533992,0.4985,0.4985,0,ar,أسس أحد أعضاء الشعب الجرماني الذي هاجر إلى إنجلترا من جنوب جوتلاند في القرن الخامس الميلادي ممالك نورثمبريا وإيست أنجليا وميرسيا ، وشكلوا مع الجوت والساكسون الشعوب الأنجلو ساكسونية. [من اللاتينية الإنجليزية ، الزوايا ، من أصل جرماني.]
CASE_0245,1000574,mixed,1,7262868,0.6189,0.6189,1,ar,خوفًا من الانفصال عن عائلته ، فر هينسون مع زوجته وأطفاله شمالًا في صيف عام 1830. بعد المرور عبر أوهايو ونيويورك ، استقروا في دريسدن ، أونتاريو ، كندا. أصبح هينسون واعظًا وزعيمًا في المجتمع الأفرو-كندي ، وسافر مرة أخرى إلى الولايات المتحدة لمساعدة العبيد الآخرين على الهروب. خدم هينسون أيضًا كقائد للم
CASE_0245,1000574,mixed,2,7262863,0.5835,0.5835,0,ar,جوشيا هينسون طور مجتمعه الكندي من أصل أفريقي. لذلك يمكن للسود الحصول على مكان آمن يذهبون إليه. ساعد السكك الحديدية تحت الأرض في قيادة أكثر من 200 عبد إلى الحرية. ماري جوزيف أنجيليك قصتها هي رمز للمقاومة والحرية للسود. كانت رمزًا لمقاومة السود.
CASE_0245,1000574,mixed,3,7262862,0.5694,0.5694,0,ar,تعرف على الوزير جوشيا هينسون الذي قاد العبيد إلى الحرية عبر مترو الأنفاق وطور مجتمعه الأفرو-كندي على Biography.com. أصبح العبد والوزير الهارب يوشيا هينسون متورطًا في مترو الأنفاق للسكك الحديدية ، وقاد العبيد إلى الحرية وطور مجتمعه الأفرو-كندي. الملخص ولد يوشيا هينسون في العبودية في 15 يونيو 1789 في
CASE_0245,1000574,mixed,4,7262870,0.5284,0.5284,0,ar,أسس المعهد البريطاني الأمريكي في عام 1842 ، وهو مجتمع من أصل أفريقي كندي ومدرسة صناعية تهدف إلى أن تكون ملجأ للعبيد الهاربين. قام هينسون بعدة رحلات إلى إنجلترا ، حيث استقبله المجتمع الراقي ، وتزوج من أرملة بوسطن بعد وفاة زوجته الأولى. توفي هينسون في دريسدن ، أونتاريو ، عام 1883.
CASE_0245,1000574,mixed,5,7262866,0.5219,0.5219,0,ar,يوشيا هينسون وزوجته نانسي تظهر هذه الصورة ليوشيا هينسون وزوجته نانسي على موقع متحف كندا الافتراضي. من منتصف الليل إلى الفجر: المسارات الأخيرة للسكك الحديدية تحت الأرض انظر الصفحة 21 للحصول على وصف لهروب يوشيا هينسون من العبودية في الولايات المتحدة وتأسيسه لمستوطنة تسمى Dawn في جنوب غرب أونتاريو. يفح
CASE_0245,1000574,mixed,6,7881038,0.5181,0.5181,0,ar,تاريخنا نمت الفكرة التي أصبحت موطنًا للإنسانية في البداية من التربة الخصبة لمزرعة كوينونيا ، وهي مزرعة مجتمعية خارج أميريكوس ، جورجيا ، أسسها المزارع والعالم الكتابي كلارنس جوردان. في المزرعة ، طور الأردن ومؤسسا Habitatà، ميلارد وليندا فولر ، مفهوم الإسكان المشترك '¬Ã'
CASE_0245,1000574,mixed,7,551616,0.5169,0.5169,0,ar,سرعان ما جلب إعلان في إحدى المجلات البريطانية طفلًا سويديًا مولودًا في الحضانة ، هيرمان ستينسون وزوجته وأربعة أبناء صغار إلى كندا لتأسيس هذه الحضانة الجديدة في ربيع عام 1914. وقد أكملت الابنة بيتي المولودة في كندا بعد بضع سنوات أسرة.
CASE_0245,1000574,mixed,8,8189460,0.5167,0.5167,0,ar,المزيد من سكان وقادة دور التسوية. 1 كانت أميليا إيرهارت عاملة منزل في مستوطنة دينيسون هاوس في بوسطن في عامي 1926 و 1927. 2 جون لوفجوي إليوت ، مؤسس Hudson Guild في مدينة نيويورك. 3 لوسي فلاور أوف هال هاوس شاركت في مجموعة متنوعة من الحركات.
CASE_0245,1000574,mixed,9,502012,0.5166,0.5166,0,ar,منذ النقل القسري للسكان الهنود الأمريكيين إلى محميات في الغرب الأمريكي خلال ثلاثينيات القرن التاسع عشر ، كان معظم أحفاد ماهيكان موجودون في مقاطعة شاوانو ، ويسكونسن ، حيث شكلوا بعد عقود في نهاية المطاف مجتمع ستوكبريدج - مونسي المعترف به فيدراليًا مع أعضاء مسجلين في لينيب. الناس ولديهم ...
CASE_0245,1000574,mixed,10,7881040,0.5154,0.5154,0,ar,تاريخنا . نشأت الفكرة التي أصبحت موطنًا للإنسانية في البداية من التربة الخصبة لمزرعة كوينونيا ، وهي مزرعة مجتمعية خارج أميريكوس ، جورجيا ، أسسها المزارع والعالم التوراتي كلارنس جوردان. في المزرعة ، طور الأردن ومؤسسا Habitatà، ميلارد وليندا فولر ، مفهوم الإسكان المشترك '¬Ã'
CASE_0245,1000678,endpoint,1,5521834,0.5982,0.5982,0,ar,اكتشف الكابتن جيمس كوك من البحرية البريطانية هاواي في 18 يناير 1778 خلال موسم هاواي الذي سيأتي فيه الإله لونو. وعندما الكابتن. جاء الطباخ ، فقد ظن العياديون أنه كان وحيدًا أحد الآلهة.
CASE_0245,1000678,endpoint,2,4011355,0.5748,0.5748,0,ar,يعتقد معظم علماء الأنثروبولوجيا أن الطهي تم اكتشافه منذ ما بين 250000 و 300000 عام ، على الأرجح عن طريق الصدفة. لكونهم زبالين في الغالب ، كانوا يصادفون نباتات وحيوانات مفردة بالقرب من مواقع الحرائق البرية السابقة ويأكلونها.
CASE_0245,1000678,endpoint,3,4496677,0.5618,0.5618,0,ar,نشأ في الجليل ، حيث شاهد يسوع عندما كان صبيًا يستخدم غدائه في إطعام 5000. أُجبر على الهجرة إلى روما لأن الرومان أحبوا خبزه كثيرًا. قام هو وزوجته هيلينا برعاية أربعة أطفال انفصلوا عن والديهم في حريق 18 يوليو ، 64 م.
CASE_0245,1000678,endpoint,4,7007346,0.5579,0.5579,0,ar,خمسة طهاة من جورجيا يطبخون في مطعم جيمس بيرد هاوس. نُشر في: 7 أكتوبر 2015. في عالم الطهي ، يشبه الطهي في The James Beard House في مدينة نيويورك الغناء في دار الأوبرا متروبوليتان أو العزف على آلة موسيقية في قاعة كارنيجي. باختصار ، itàsà(المزيد). 1 Unicoi Preserves Sweep مهرجان Jekyll Island Shrimp &
CASE_0245,1000678,endpoint,5,2311210,0.5564,0.5564,0,ar,إذن ما حدث هو أن البشر الأوائل اكتشفوا الطبخ. إذا كنت تعتقد أن الكاتب البريطاني تشارلز لامب ، فإن البشر الذين يأكلون اللحوم النيئة كانوا يحتفظون بالخنازير في منازلهم حتى يوم واحد أحرق منزل ، وخنزير بداخله ، واكتشفنا لحم خنزير مشوي.
CASE_0245,1000678,endpoint,6,4505990,0.5531,0.5531,0,ar,بدأ الشيف بول ، باعتباره واحدًا من 13 طفلاً ، حبه للطهي في مطبخ والدته في منطقة كاجون بجنوب لويزيانا. صقل مهاراته وصقل حرفته في مطبخ قصر القائد المشهور عالميًا قبل الانطلاق بمفرده.
CASE_0245,1000678,endpoint,7,2019527,0.5499,0.5499,0,ar,جيمس مارتن نت وورث: جيمس مارتن هو طاهٍ إنجليزي وشخصية تلفزيونية تبلغ قيمتها الصافية 5 ملايين دولار ، ولد جيمس مارتن عام 1972 في مالتون ، نورث ريدنج أوف يوركشاير ، إنجلترا ، ودرس في كلية سكاربورو التقنية قبل أن ينزل في العمل في الطبخ في بعض أفضل مطابخ فرنسا: بعد عودته إلى إنجلترا ، قام مارتن بالطهي ف
CASE_0245,1000678,endpoint,8,5977227,0.5455,0.5455,0,ar,كان مستوحى من سندويشات التاكو والبوريتو الشهيرة التي اكتشفها في منطقة Mission في سان فرانسيسكو أثناء عمله هناك لدى الشيف Jeremiah Tower ، وبعد الحصول على قرض بقيمة 85000 دولار من والدته ، افتتح أول Chipotle في متجر آيس كريم سابق بالقرب من الجامعة في حرم دنفر.
CASE_0245,1000678,endpoint,9,3950422,0.5406,0.5406,0,ar,الرجل الذي اكتشفها كان جيمس دبليو مارشال ، نجار بنى الطاحونة. لم يستغرق الأمر وقتًا طويلاً حتى انتشرت الأخبار ، وسرعان ما نزل آلاف الأشخاص إلى تلك المنطقة من كاليفورنيا ، على أمل أن يحالفهم الحظ أيضًا ويجدون الذهب. كان اندفاع الذهب مستمراً في أواخر عام 1848 واستمر حتى عام 1849.
CASE_0245,1000678,endpoint,10,8113527,0.5324,0.5324,0,ar,جوس فرايد تشيكن. في ممفيس ، يعتبر طعام الروح عميقاً في التقاليد مثل موسيقى البلوز. يتم تمرير الوصفات السرية مثل إرث رجل ميت. عندما سألنا جوس فاندربيلت من جوس فرايد تشيكن في ميسون ، تينيسي (حوالي 40 ميلاً خارج ممفيس) ، عن وصفته للدجاج المقلي ، أجاب ببساطة أنني لا أقول. هذه الوصفة ليست دقيقة ولكننا نع
CASE_0245,1000678,mixed,1,5521834,0.621,0.621,0,ar,اكتشف الكابتن جيمس كوك من البحرية البريطانية هاواي في 18 يناير 1778 خلال موسم هاواي الذي سيأتي فيه الإله لونو. وعندما الكابتن. جاء الطباخ ، فقد ظن العياديون أنه كان وحيدًا أحد الآلهة.
CASE_0245,1000678,mixed,2,6734961,0.5955,0.5955,0,ar,ولد جيمس كوك عام 1728 في مارتون بإنجلترا. كان والده عامل مزرعة اسكتلنديًا مهاجرًا سمح لجيمس بالتدرب على قوارب تحمل الفحم في سن الثامنة عشرة ، وأثناء عمله في بحر الشمال ، أمضى كوك وقت فراغه في تعلم الرياضيات والملاحة. أدى ذلك إلى تعيينه في منصب رفيق البحرية الملكية ، حيث قامت البحرية الملكية بترقية ج
CASE_0245,1000678,mixed,3,576850,0.5908,0.5908,0,ar,جيمس كوك (1728-1779) اشتهر ب: اكتشاف جزر هاواي. قبطان إنجليزي طاف حول المحيط الأطلسي إلى المحيط الهادئ. أجرى اتصالات مع سكان جزر هاواي وأستراليا ونيوزيلندا وحول المحيط الهندي إلى المحيط الأطلسي. مات أثناء خدمته في التاج في هاواي.
CASE_0245,1000678,mixed,4,4075458,0.5828,0.5828,0,ar,المهنة: Explorer؛ ولد: 27 أكتوبر 1728 في مارتون ، إنجلترا ؛ مات: قُتل على يد السكان الأصليين في جزر هاواي في 14 فبراير 1779 ؛ أكثر ما يشتهر به: استكشاف جنوب المحيط الهادئ ؛ السيرة الذاتية: كان جيمس كوك ملاحًا ومستكشفًا بريطانيًا أبحر ورسم خرائط لمعظم جنوب المحيط الهادئ. أين نشأ الكابتن كوك؟ ولد جيمس
CASE_0245,1000678,mixed,5,8775162,0.5776,0.5776,0,ar,جيمس كوك 1728-1779 ولد جيمس كوك في قرية مارتون في يوركشاير في 27 أكتوبر 1728. جاءت تجربته الأولى في البحر في سن 18 عندما وقع على متن سفينة فحم على متن منجم ويتبي يحمل الفحم إلى لندن. أخبار مهمة مثل تحديد كوك لهذا ، مثل ختان الرأس في بوفيت ، يمكن أن يثبت وجود قارة جنوبية. في 23 نوفمبر 1772 ، أبحر كوك
CASE_0245,1000678,mixed,6,4075461,0.5757,0.5757,0,ar,المهنة: مستكشف ، ملاح ، رسام خرائط ، كابتن البحرية الملكية جيمس كوك ولد في 7 نوفمبر 1728 في قرية مارتون في يوركشاير ، إنجلترا. كان لديه 7 أشقاء آخرين وكان جزءًا من عائلة تعمل بالزراعة. عندما أتت فرصة عمل لوالده ، انتقل كوك وعائلته إلى Great Ayton. بعد التحاقه بالمدرسة لمدة خمس سنوات دفع أجرها رئيس و
CASE_0245,1000678,mixed,7,6734958,0.566,0.566,0,ar,"""لأن اهتماماتي بعيدة وواسعة. كان جيمس كوك قبطانًا بحريًا إنجليزيًا. خلافًا للرأي السائد ، لم يكتشف أستراليا ولا نيوزيلندا ، لكنه اشتهر لعدة أسباب: 1 في رحلته الأولى ، مغادرته في عام 1768 ، أمر """"إنديفور"""" في رحلة استكشافية لرسم خريطة عبور كوكب الزهرة. لا يبدو أن هناك أي سجل عن وجود حيوان أليف للكابت"
CASE_0245,1000678,mixed,8,739571,0.5612,0.5612,0,ar,ساعدت رحلات كوك في إرشاد أجيال من المستكشفين ، وقدمت أول خريطة دقيقة للمحيط الهادئ. توفي في 14 فبراير 1779 ، في خليج كيلاكيكوا ، هاواي. الحياة المبكرة والوظيفة. ولد جيمس كوك في مارتون إن كليفلاند ، يوركشاير ، إنجلترا ، في 27 أكتوبر 1728 ، لأب مزارع اسكتلندي. عندما كان مراهقًا ، كان كوك يعمل في الزرا
CASE_0245,1000678,mixed,9,6734962,0.5561,0.5561,0,ar,وُلد جيمس كوك في 27 أكتوبر 1728 في قرية مارتون في يوركشاير وتم تعميده في 3 نوفمبر في كنيسة سانت كوثبيرت المحلية ، حيث يمكن رؤية اسمه في سجل الكنيسة. وقد انضم إلى البحرية التجارية البريطانية عندما كان مراهقًا و التحق بالبحرية الملكية في عام 1755. وشاهد العمل في حرب السنوات السبع ، وبعد ذلك قام بمسح و
CASE_0245,1000678,mixed,10,739573,0.5558,0.5558,0,ar,ولد جيمس كوك في 27 أكتوبر 1728 ، في مارتون إن كليفلاند ، يوركشاير ، إنجلترا ، وكان قبطانًا بحريًا وملاحًا ومستكشفًا ، اكتشف في عام 1770 نيوزيلندا والحاجز المرجاني العظيم في أستراليا على متن سفينته إتش إم بي إنديفور. . ونفى فيما بعد وجود تيرا أوستراليس ، وهي قارة جنوبية أسطورية.
CASE_0245,1000951,endpoint,1,7287454,0.6715,0.6715,0,ar,الجدول الزمني لتاريخ مقدونيا. تقع مقدونيا في وسط جنوب البلقان ، شمال هيلاس القديمة (اليونان) ، شرق إليريا ، وغرب تراقيا. اسم مقدونيا هو أقدم اسم موجود لبلد في قارة أوروبا.
CASE_0245,1000951,endpoint,2,7961624,0.6617,0.6617,0,ar,مقدونيا (mÃ⠀ žÃ'Æ'sÃ⠀ € ™ dÃ⠀ '´nÃ⠀ € € ™ €) ، المقدونية Makedonija ، رسميا جمهورية مقدونيا ، جمهورية (2005 تقديرات عدد السكان 2.045.000) ، 9،930 ميل مربع (25720 كيلومتر مربع) ، جنوب شرق أوروبا. تحدها صربيا وكوسوفو من الشمال وألبانيا من الغرب واليونان من الجنوب وبلغاريا من الشرق. العاصمة وأكبر مدينة
CASE_0245,1000951,endpoint,3,3375942,0.6548,0.6548,0,ar,الجدول الزمني لتاريخ مقدونيا. تقع مقدونيا في وسط جنوب البلقان ، شمال هيلاس القديمة (اليونان) ، شرق إليريا ، وغرب تراقيا. اسم مقدونيا هو الاسم الأقدم الباقي لبلد في قارة أوروبا. تقع مقدونيا في وسط جنوب البلقان ، شمال هيلاس القديمة (اليونان) ، شرق إليريا ، وغرب تراقيا. اسم مقدونيا هو أقدم اسم موجود لب
CASE_0245,1000951,endpoint,4,7961617,0.6527,0.6527,0,ar,الجدول الزمني لتاريخ مقدونيا. تقع مقدونيا في وسط جنوب البلقان ، شمال هيلاس القديمة (اليونان) ، شرق إليريا ، وغرب تراقيا ، اسم مقدونيا هو أقدم اسم موجود لدولة في قارة أوروبا. مقدونيا. تقع مقدونيا في وسط جنوب البلقان ، شمال هيلاس القديمة (اليونان) ، شرق إليريا ، وغرب تراقيا.
CASE_0245,1000951,endpoint,5,2756581,0.6524,0.6524,0,ar,جغرافيا جمهورية مقدونيا. جمهورية مقدونيا هي دولة تقع في جنوب شرق أوروبا بإحداثيات جغرافية 41à ° 50à²N 22Ã⠀ šÃ' ° 00à²EÂ¿ / ï» Ã'Â¿41.833Ã⠀ šÃ' ° شمالاً 22.000Ã⠀ šÃ' ° شرقًا »/ 41.833 ؛ 22.000 ، تحدها كوسوفو وصربيا من الشمال ، بلغاريا من الشرق ، اليونان من الجنوب وألبانيا من الغرب ، الدولة هي جزء من
CASE_0245,1000951,endpoint,6,7926668,0.6499,0.6499,0,ar,خريطة مقدونيا. تقع منطقة مقدونيا على الجانب الشمالي من البلاد. هذه هي أكبر محافظة في اليونان وكما ترون على خريطتنا لمقدونيا ، فهي تغطي كل الجزء الشمالي تقريبًا.
CASE_0245,1000951,endpoint,7,6671442,0.6457,0.6457,0,ar,هذه الصفحة تفاصيل رمز الهاتف مقدونيا. سيسمح لك رمز البلد المقدوني 389 بالاتصال بمقدونيا من دولة أخرى. يتم طلب رمز هاتف مقدونيا 389 بعد IDD. الاتصال الدولي بمقدونيا 389 متبوع برمز المنطقة. يوضح جدول رمز منطقة مقدونيا أدناه رموز مدينة مقدونيا المختلفة. يتم اتباع رموز البلدان في مقدونيا بواسطة رموز الم
CASE_0245,1000951,endpoint,8,3375943,0.6427,0.6427,0,ar,جمهورية مقدونيا ¨Ã⠀ ¹Ã'Ë doʊniÃ⠀ ° -mas-I-doh-nee ؛ €: MACEDONIAN ، à ¼Ã Ã' ° à ºÃ µÃ ´Ã ¾Ã ½Ã ¸Ã⠀ ˜Ã'˜Ã Ã' °. tr، [makedonija])، makÃ⠀ Ã'â € â € 'Ë † dÃ⠀ â € â € â € A € a رسميا جمهورية (مقدونيا: مقدونيا Ã⠀ ˜Ã'˜Ã' Â¿Ã⠀ ˜Ã'Æ'à ± à »Ãƒ ¸Ã ºÃ Ã' ° (à ¼Ã Ã' ° à ºÃ µÃ ´Ã ¾Ã ½Ã ¸Ã⠀ '˜Ã ° à مساعدة) ، معلو
CASE_0245,1000951,endpoint,9,3375937,0.6419,0.6419,0,ar,[makÃ⠀ Ã'â € â € dÃ⠀ â € nija]) ، رسميا جمهورية مقدونيا (المقدونية: Ã⠀ ˜Ã'€Ã â € ˜Ã'Æ'à ± à »Ãƒ ¸Ã ºÃ Ã' ° à ¼Ã Ã' ° à ºÃ µÃ ´Ã à '¾Ã ½Ã ° (helpÃ⠀ šÃ' المعلومات) ، tr. جمهورية مقدونيا) ، هي دولة تقع في وسط شبه جزيرة البلقان في جنوب شرق أوروبا. وهي إحدى الدول التي خلفت يوغوسلافيا السابقة ، والتي أعلن
CASE_0245,1000951,endpoint,10,6671447,0.6372,0.6372,0,ar,نأمل أن يساعدك دليل الهاتف الدولي المرجعي السريع لرموز الاتصال بالدول في العثور على رمز دولة مقدونيا وإجراء مكالمتك الدولية. لا تنسَ مشاركة دفتر هاتف مقدونيا الخاص بنا مع أصدقائك ووضع إشارة مرجعية عليه لمساعدتك في جميع مكالماتك الدولية المستقبلية! أو طرق الاتصال بمقدونيا: مقدونيا على ويكيبيديا عملة
CASE_0245,1000951,mixed,1,7961624,0.6577,0.6577,0,ar,مقدونيا (mÃ⠀ žÃ'Æ'sÃ⠀ € ™ dÃ⠀ '´nÃ⠀ € € ™ €) ، المقدونية Makedonija ، رسميا جمهورية مقدونيا ، جمهورية (2005 تقديرات عدد السكان 2.045.000) ، 9،930 ميل مربع (25720 كيلومتر مربع) ، جنوب شرق أوروبا. تحدها صربيا وكوسوفو من الشمال وألبانيا من الغرب واليونان من الجنوب وبلغاريا من الشرق. العاصمة وأكبر مدينة
CASE_0245,1000951,mixed,2,7287454,0.6507,0.6507,0,ar,الجدول الزمني لتاريخ مقدونيا. تقع مقدونيا في وسط جنوب البلقان ، شمال هيلاس القديمة (اليونان) ، شرق إليريا ، وغرب تراقيا. اسم مقدونيا هو أقدم اسم موجود لبلد في قارة أوروبا.
CASE_0245,1000951,mixed,3,7926668,0.6449,0.6449,0,ar,خريطة مقدونيا. تقع منطقة مقدونيا على الجانب الشمالي من البلاد. هذه هي أكبر محافظة في اليونان وكما ترون على خريطتنا لمقدونيا ، فهي تغطي كل الجزء الشمالي تقريبًا.
CASE_0245,1000951,mixed,4,3375943,0.6407,0.6407,0,ar,جمهورية مقدونيا ¨Ã⠀ ¹Ã'Ë doʊniÃ⠀ ° -mas-I-doh-nee ؛ €: MACEDONIAN ، à ¼Ã Ã' ° à ºÃ µÃ ´Ã ¾Ã ½Ã ¸Ã⠀ ˜Ã'˜Ã Ã' °. tr، [makedonija])، makÃ⠀ Ã'â € â € 'Ë † dÃ⠀ â € â € â € A € a رسميا جمهورية (مقدونيا: مقدونيا Ã⠀ ˜Ã'˜Ã' Â¿Ã⠀ ˜Ã'Æ'à ± à »Ãƒ ¸Ã ºÃ Ã' ° (à ¼Ã Ã' ° à ºÃ µÃ ´Ã ¾Ã ½Ã ¸Ã⠀ '˜Ã ° à مساعدة) ، معلو
CASE_0245,1000951,mixed,5,2756581,0.6358,0.6358,0,ar,جغرافيا جمهورية مقدونيا. جمهورية مقدونيا هي دولة تقع في جنوب شرق أوروبا بإحداثيات جغرافية 41à ° 50à²N 22Ã⠀ šÃ' ° 00à²EÂ¿ / ï» Ã'Â¿41.833Ã⠀ šÃ' ° شمالاً 22.000Ã⠀ šÃ' ° شرقًا »/ 41.833 ؛ 22.000 ، تحدها كوسوفو وصربيا من الشمال ، بلغاريا من الشرق ، اليونان من الجنوب وألبانيا من الغرب ، الدولة هي جزء من
CASE_0245,1000951,mixed,6,3375942,0.6335,0.6335,0,ar,الجدول الزمني لتاريخ مقدونيا. تقع مقدونيا في وسط جنوب البلقان ، شمال هيلاس القديمة (اليونان) ، شرق إليريا ، وغرب تراقيا. اسم مقدونيا هو الاسم الأقدم الباقي لبلد في قارة أوروبا. تقع مقدونيا في وسط جنوب البلقان ، شمال هيلاس القديمة (اليونان) ، شرق إليريا ، وغرب تراقيا. اسم مقدونيا هو أقدم اسم موجود لب
CASE_0245,1000951,mixed,7,7961617,0.6323,0.6323,0,ar,الجدول الزمني لتاريخ مقدونيا. تقع مقدونيا في وسط جنوب البلقان ، شمال هيلاس القديمة (اليونان) ، شرق إليريا ، وغرب تراقيا ، اسم مقدونيا هو أقدم اسم موجود لدولة في قارة أوروبا. مقدونيا. تقع مقدونيا في وسط جنوب البلقان ، شمال هيلاس القديمة (اليونان) ، شرق إليريا ، وغرب تراقيا.
CASE_0245,1000951,mixed,8,3375937,0.6311,0.6311,0,ar,[makÃ⠀ Ã'â € â € dÃ⠀ â € nija]) ، رسميا جمهورية مقدونيا (المقدونية: Ã⠀ ˜Ã'€Ã â € ˜Ã'Æ'à ± à »Ãƒ ¸Ã ºÃ Ã' ° à ¼Ã Ã' ° à ºÃ µÃ ´Ã à '¾Ã ½Ã ° (helpÃ⠀ šÃ' المعلومات) ، tr. جمهورية مقدونيا) ، هي دولة تقع في وسط شبه جزيرة البلقان في جنوب شرق أوروبا. وهي إحدى الدول التي خلفت يوغوسلافيا السابقة ، والتي أعلن
CASE_0245,1000951,mixed,9,7961622,0.6307,0.6307,0,ar,[makÃ⠀ Ã'â € â € dÃ⠀ â € nija]) ، رسميا جمهورية مقدونيا (المقدونية: Ã⠀ €Ã µÃ â € ˜Ã'Æ'à ± à »Ãƒ ¸Ã ºÃ Ã' ° à ¼Ã Ã' ° à ºÃ µÃ ´Ã à '¾Ã ½Ã ° (helpÃ⠀ šÃ' المعلومات) ، tr. جمهورية مقدونيا) ، هي دولة تقع في وسط شبه جزيرة البلقان في جنوب شرق أوروبا. وهي واحدة من الدول التي خلفت يوغوسلافيا السابقة ، والتي
CASE_0245,1000951,mixed,10,6671442,0.6272,0.6272,0,ar,هذه الصفحة تفاصيل رمز الهاتف مقدونيا. سيسمح لك رمز البلد المقدوني 389 بالاتصال بمقدونيا من دولة أخرى. يتم طلب رمز هاتف مقدونيا 389 بعد IDD. الاتصال الدولي بمقدونيا 389 متبوع برمز المنطقة. يوضح جدول رمز منطقة مقدونيا أدناه رموز مدينة مقدونيا المختلفة. يتم اتباع رموز البلدان في مقدونيا بواسطة رموز الم
CASE_0245,1000959,endpoint,1,4189443,0.7903,0.7903,0,ar,في الخلايا الحيوانية ، يوجد غشاء البلازما في الطبقة الخارجية للخلية وفي الخلية النباتية يوجد أسفل جدار الخلية مباشرةً. تم العثور على غشاء البلازما داخل جدار الخلية في النباتات والحدود الخارجية في الحيوانات.
CASE_0245,1000959,endpoint,2,7405708,0.7773,0.7773,0,ar,يُعرف غشاء البلازما أيضًا باسم غشاء سطح الخلية لأنه يحدث على سطح الخلية ، أي أنه يحيط السيتوبلازم ويفصله عن محيط الخلية. يقع غشاء البلازما في الخلية النباتية بين السيتوبلازم وجدار الخلية ، وعادة ما يتم ضغطه على الجدار.
CASE_0245,1000959,endpoint,3,835593,0.7652,0.7652,0,ar,المقال الرئيسي: غشاء الخلية. غشاء الخلية ، أو غشاء البلازما ، هو غشاء بيولوجي يحيط بسيتوبلازم الخلية. في الحيوانات ، غشاء البلازما هو الحد الخارجي للخلية ، بينما في النباتات وبدائيات النوى عادة ما يكون مغطى بجدار خلوي.
CASE_0245,1000959,endpoint,4,6665386,0.7633,0.7633,0,ar,غشاء البلازما: يوجد غشاء البلازما في الخلايا الحيوانية والخلايا النباتية وحتى في الخلايا حقيقية النواة. وهو عبارة عن حاجز رقيق مزدوج الطبقات يحيط بالخلية يتحكم في دخول وخروج مواد معينة. يشير أيضًا إلى كيان رفيع وسلس يتمكن من أن يكون مرنًا للغاية ومستقرًا.
CASE_0245,1000959,endpoint,5,368249,0.7626,0.7626,0,ar,غشاء الخلية ، أو غشاء البلازما ، هو غشاء بيولوجي يحيط بسيتوبلازم الخلية. في الحيوانات ، غشاء البلازما هو الحد الخارجي للخلية ، بينما في النباتات وبدائيات النوى عادة ما يكون مغطى بجدار خلوي.
CASE_0245,1000959,endpoint,6,4189449,0.7607,0.7607,0,ar,تم العثور على غشاء البلازما في كل من الخلية الحيوانية والخلية النباتية.
CASE_0245,1000959,endpoint,7,7839648,0.7583,0.7583,0,ar,غشاء الخلية ، الذي يُطلق عليه أيضًا غشاء البلازما أو غشاء البلازما ، عبارة عن طبقة ثنائية شحمية شبه منفذة تشترك فيها جميع الخلايا الحية. يحتوي على مجموعة متنوعة من الجزيئات البيولوجية ، في المقام الأول البروتينات والدهون ، والتي تشارك في مجموعة واسعة من العمليات الخلوية.في أبسط الحالات ، كما هو موضح
CASE_0245,1000959,endpoint,8,4016411,0.7572,0.7572,0,ar,غشاء الخلية أو غشاء البلازما هو الهيكل الذي يمنع السيتوبلازم من الانسكاب خارج الخلية. يتكون هذا الغشاء من الدهون الفوسفورية ، والتي تشكل طبقة ثنائية للدهون تفصل محتويات الخلية عن السائل خارج الخلية.
CASE_0245,1000959,endpoint,9,7843251,0.7559,0.7559,0,ar,للإجابة على سؤالك بوضوح ، فإن البلازما - غشاء موجود على السطح الخارجي للخلية ؛ تطوق الخلية. أين توجد خلايا البلازما في العقدة؟ في النخاع.
CASE_0245,1000959,endpoint,10,3074454,0.7547,0.7547,0,ar,غشاء الخلية. غشاء الخلية أو غشاء البلازما أو غشاء البلازما عبارة عن طبقة ثنائية للدهون قابلة للاختراق بشكل انتقائي مغلفة ببروتينات تشتمل على الطبقة الخارجية للخلية. يعمل غشاء البلازما بين الآلات الموجودة داخل الخلية والسائل الخارجي الذي يغمر الخلايا.
CASE_0245,1000959,mixed,1,4189443,0.7282,0.7282,0,ar,في الخلايا الحيوانية ، يوجد غشاء البلازما في الطبقة الخارجية للخلية وفي الخلية النباتية يوجد أسفل جدار الخلية مباشرةً. تم العثور على غشاء البلازما داخل جدار الخلية في النباتات والحدود الخارجية في الحيوانات.
CASE_0245,1000959,mixed,2,7843251,0.7237,0.7237,0,ar,للإجابة على سؤالك بوضوح ، فإن البلازما - غشاء موجود على السطح الخارجي للخلية ؛ تطوق الخلية. أين توجد خلايا البلازما في العقدة؟ في النخاع.
CASE_0245,1000959,mixed,3,7405708,0.7148,0.7148,0,ar,يُعرف غشاء البلازما أيضًا باسم غشاء سطح الخلية لأنه يحدث على سطح الخلية ، أي أنه يحيط السيتوبلازم ويفصله عن محيط الخلية. يقع غشاء البلازما في الخلية النباتية بين السيتوبلازم وجدار الخلية ، وعادة ما يتم ضغطه على الجدار.
CASE_0245,1000959,mixed,4,6665386,0.707,0.707,0,ar,غشاء البلازما: يوجد غشاء البلازما في الخلايا الحيوانية والخلايا النباتية وحتى في الخلايا حقيقية النواة. وهو عبارة عن حاجز رقيق مزدوج الطبقات يحيط بالخلية يتحكم في دخول وخروج مواد معينة. يشير أيضًا إلى كيان رفيع وسلس يتمكن من أن يكون مرنًا للغاية ومستقرًا.
CASE_0245,1000959,mixed,5,3715341,0.707,0.707,0,ar,10.0 الخلايا الدموية راجع أيضًا Giemsa (انظر 5.6) 10.1 METHYL GREEN - PYRONIN TECHNIQUE FOR PLASMA CELLS (Pappenheim 1890، Unna 1902) توجد خلايا البلازما في الأغشية المصلية وفي بطانة الجهاز التنفسي والأمعاء والأنسجة اللمفاوية. تتواجد بكثرة في مناطق الالتهاب المزمن. المبدأ. يمكن استخدام تقنية methyl
CASE_0245,1000959,mixed,6,4189449,0.7035,0.7035,0,ar,تم العثور على غشاء البلازما في كل من الخلية الحيوانية والخلية النباتية.
CASE_0245,1000959,mixed,7,7843249,0.702,0.702,0,ar,توجد البلازما في الدم (الجزء السائل - خلايا الدم الحمراء والبيضاء والصفائح الدموية هي الجزء الخلوي). وإليك درس قواعد إضافي! ࢠ€Â¦ أين - تستخدم عند طرح سؤال نوع الموقع. على سبيل المثال. أين توجد البلازما؟ أين جوربي؟ نحن - تقلص من نحن - صيغة الجمع الماضي الفعل هي. على سبيل المثال.
CASE_0245,1000959,mixed,8,6222841,0.6992,0.6992,0,ar,توجد جدران الخلايا في الخلايا النباتية وغائبة في الخلايا الحيوانية. غشاء البلازما: يوجد غشاء البلازما في الخلايا الحيوانية والخلايا النباتية وحتى في الخلايا حقيقية النواة. وهو عبارة عن حاجز رقيق مزدوج الطبقات يحيط بالخلية يتحكم في دخول وخروج مواد معينة ، ويشير أيضًا إلى كيان رفيع مائع قادر على أن يك
CASE_0245,1000959,mixed,9,2593110,0.6981,0.6981,0,ar,نموذج الغشاء: The Bubble Lab. غشاء البلازما في الخلية عبارة عن طبقة ثنائية من الفوسفوليبيد مع جزيئات بروتينية مضمنة فيها. تنقل جزيئات البروتين الأخرى. الجزيئات من خلال الغشاء وإلى داخل الخلية أو خارجها. جميع الأغشية في الخلية (الغلاف النووي ، الإندوبلازم ، الشبكة ، الأغشية في البلاستيدات الخضراء وال
CASE_0245,1000959,mixed,10,835593,0.6972,0.6972,0,ar,المقال الرئيسي: غشاء الخلية. غشاء الخلية ، أو غشاء البلازما ، هو غشاء بيولوجي يحيط بسيتوبلازم الخلية. في الحيوانات ، غشاء البلازما هو الحد الخارجي للخلية ، بينما في النباتات وبدائيات النوى عادة ما يكون مغطى بجدار خلوي.
CASE_0245,1001108,endpoint,1,2348260,0.7206,0.7206,0,ar,أثناء الطور الصاعد ، تنفصل الكروموتيدات الشقيقة وتتحرك الكروموسومات نحو الأطراف المتقابلة للأقطاب.
CASE_0245,1001108,endpoint,2,8363050,0.6684,0.6684,0,ar,في الطور الفوقي تصطف الكروموسومات على طول منتصف الخلية. في الطور الصاعد ، تبدأ الكروموسومات في التحرك والانتقال إلى نهايات متقابلة للخلية بسبب عمل ألياف المغزل. ثم في الطور البعيد ، تكون الكروموسومات في الواقع على جوانب فردية من الخلية وتتفكك ألياف المغزل. لذلك ، خلال مرحلة الطور.
CASE_0245,1001108,endpoint,3,4361465,0.6679,0.6679,0,ar,في أي مرحلة من مراحل الانقسام يتكثف الكروماتين ليشكل الكروموسومات؟ في أي مرحلة من مراحل الانقسام تصطف الكروموسومات في منتصف الخلية؟
CASE_0245,1001108,endpoint,4,921404,0.6666,0.6666,0,ar,مع تقدم الانقسام الفتيلي ، تلتصق الأنابيب الدقيقة بالكروموسومات ، والتي قامت بالفعل بتكرار الحمض النووي الخاص بها ومحاذاة مركز الخلية. ثم تقصر أنابيب المغزل وتتحرك نحو أقطاب الخلية. أثناء تحركهم ، يسحبون نسخة واحدة من كل كروموسوم معهم إلى أقطاب متقابلة من الخلية.
CASE_0245,1001108,endpoint,5,5612270,0.6608,0.6608,0,ar,تتحرك على طول الأنابيب الدقيقة باتجاه أقطاب الخلية المعاكسة. القطبين يتحركان بعيدًا عن بعضهما البعض. بنهاية الطور الصاعد ، يكون لكل من قطبي الخلية مجموعة كاملة من الكروموسومات. TELOPHASE: تصبح الأنابيب الدقيقة أطول ، وتبدأ نوى الابنة في التكون عند قطبي الخلية.
CASE_0245,1001108,endpoint,6,4697652,0.6597,0.6597,0,ar,أولاً ، يمر عبر الطور البيني: تقوم الخلية بعمل نسخة من الحمض النووي الخاص بها وتبدأ الكروموسومات في الظهور. ثم تتكثف الكروموسومات من خلال عملية تسمى الطور Prophase. التالي هو الطور: المريكزات تصنع الألياف وتصطف الكروموسومات في مركز الخلية.
CASE_0245,1001108,endpoint,7,7908705,0.6562,0.6562,0,ar,يبدأ تكرار الكروموسوم من الأصل المتصل بجدار الخلية ، بالقرب من نقطة المنتصف للخلية. يحدث النسخ المتماثل بشكل ثنائي الاتجاه حول الكروموسوم ، حيث تستطيل الخلية.
CASE_0245,1001108,endpoint,8,1009456,0.6555,0.6555,0,ar,أثناء الطور ، تتكثف الكروموسومات في النواة. تتحرك أزواج المريكزات إلى جوانب متقابلة من النواة. تبدأ ألياف المغزل في تشكيل جسر بين نهايات الخلية.
CASE_0245,1001108,endpoint,9,4695321,0.6549,0.6549,0,ar,Anaphase ، تنفصل الكروموسومات المزدوجة (الكروماتيدات الشقيقة) وتبدأ في التحرك إلى نهايات متقابلة (أقطاب) من الخلية. ألياف المغزل غير المتصلة بالكروماتيدات تطيل الخلية وتطيلها. في نهاية الطور الصاعد ، يحتوي كل قطب على مجموعة كاملة من الكروموسومات.
CASE_0245,1001108,endpoint,10,7105237,0.6545,0.6545,0,ar,في الطور الأول من الانقسام الاختزالي ، تحدث الأحداث التالية: 1 تنتقل الكروموسومات إلى أقطاب الخلية المعاكسة. على غرار الانقسام ، تتفاعل الأنابيب الدقيقة مثل ألياف kinetochore لسحب الكروموسومات إلى أقطاب الخلية. 2 على عكس الانقسام الفتيلي ، تظل الكروماتيدات الشقيقة معًا بعد انتقال الكروموسومات المتجا
CASE_0245,1001108,mixed,1,2348260,0.6917,0.6917,0,ar,أثناء الطور الصاعد ، تنفصل الكروموتيدات الشقيقة وتتحرك الكروموسومات نحو الأطراف المتقابلة للأقطاب.
CASE_0245,1001108,mixed,2,8363050,0.6834,0.6834,0,ar,في الطور الفوقي تصطف الكروموسومات على طول منتصف الخلية. في الطور الصاعد ، تبدأ الكروموسومات في التحرك والانتقال إلى نهايات متقابلة للخلية بسبب عمل ألياف المغزل. ثم في الطور البعيد ، تكون الكروموسومات في الواقع على جوانب فردية من الخلية وتتفكك ألياف المغزل. لذلك ، خلال مرحلة الطور.
CASE_0245,1001108,mixed,3,2599717,0.6732,0.6732,0,ar,"""نذير: خلال الطور الأولي تختفي النواة في النواة. تصبح ألياف الكروماتين ملفوفة بإحكام وتتكثف في الكروموسومات. تصطف الكروموسومات في أزواج وتتصل في السنترومير. في السيتوبلازم ، تبدأ ألياف المغزل بالتشكل وتتكون من الأنابيب الدقيقة. تتحرك الجسيمات المركزية بعيدًا عن بعضها البعض ، مدفوعة بالأنابيب الدقيقة"
CASE_0245,1001108,mixed,4,4361465,0.6726,0.6726,0,ar,في أي مرحلة من مراحل الانقسام يتكثف الكروماتين ليشكل الكروموسومات؟ في أي مرحلة من مراحل الانقسام تصطف الكروموسومات في منتصف الخلية؟
CASE_0245,1001108,mixed,5,4697652,0.6676,0.6676,0,ar,أولاً ، يمر عبر الطور البيني: تقوم الخلية بعمل نسخة من الحمض النووي الخاص بها وتبدأ الكروموسومات في الظهور. ثم تتكثف الكروموسومات من خلال عملية تسمى الطور Prophase. التالي هو الطور: المريكزات تصنع الألياف وتصطف الكروموسومات في مركز الخلية.
CASE_0245,1001108,mixed,6,5612270,0.6647,0.6647,0,ar,تتحرك على طول الأنابيب الدقيقة باتجاه أقطاب الخلية المعاكسة. القطبين يتحركان بعيدًا عن بعضهما البعض. بنهاية الطور الصاعد ، يكون لكل من قطبي الخلية مجموعة كاملة من الكروموسومات. TELOPHASE: تصبح الأنابيب الدقيقة أطول ، وتبدأ نوى الابنة في التكون عند قطبي الخلية.
CASE_0245,1001108,mixed,7,1521389,0.6611,0.6611,0,ar,ثم تلتصق الكروموسومات المضاعفة بالمغزل ، وتصطف عند خط استواء الخلية ، وتتحرك بعيدًا عندما تتراجع الأنابيب الدقيقة للمغزل نحو القطبين المعاكسين للخلية. ثم تُحاط كل مجموعة من الكروموسومات بغشاء نووي ، وتنقسم الخلية الأم إلى خليتين كاملتين. أثناء التحريك الخلوي ، يقرص غشاء الخلية عند خط استواء الخلية ،
CASE_0245,1001108,mixed,8,571163,0.661,0.661,0,ar,المراحل الأربع هي: Prophase و Metaphase و Anaphase و Telophase. في الطور الأولي ، تهاجر الكروموسومات نحو مركز الخلية. في الطور الاستباقي ، تصطف الكروموسومات على طول المستوى المركزي للخلية المعروفة باسم لوحة الطور.
CASE_0245,1001108,mixed,9,4695321,0.6604,0.6604,0,ar,Anaphase ، تنفصل الكروموسومات المزدوجة (الكروماتيدات الشقيقة) وتبدأ في التحرك إلى نهايات متقابلة (أقطاب) من الخلية. ألياف المغزل غير المتصلة بالكروماتيدات تطيل الخلية وتطيلها. في نهاية الطور الصاعد ، يحتوي كل قطب على مجموعة كاملة من الكروموسومات.
CASE_0245,1001108,mixed,10,1960742,0.6598,0.6598,0,ar,تصطف أزواج الكروموسوم بجانب بعضها البعض في وسط الخلية. تنفصل الأزواج عن بعضها البعض وتتحرك إلى طرفي نقيض للخلية. تتكون خليتان ، يحتوي كل منهما على نصف عدد الكروموسومات. كل كروموسوم لا يزال مزدوج الشريطة.
CASE_0245,1002145,endpoint,1,4816321,0.6927,0.6927,0,ar,على طول ساحل الخليج ، يبدأ عدد قليل من الطيور الطنانة في الظهور في أواخر فبراير ، ولكن ليس هناك الكثير من المشاهدات حتى الجزء الأول من شهر مارس ، لذلك يكون شهر مارس هو الوقت الذي يجب أن تضع فيه علفًا للطيور الطنانة. حول الجزء الأول من أبريل ، بدأت هجرة الطيور الطنانة في الوصول إلى فرجينيا وكنتاكي وم
CASE_0245,1002145,endpoint,2,2587020,0.6862,0.6862,0,ar,ج: هذا يعتمد على مكان وجودك. في أمريكا الشمالية ، يمكن أن تبدأ الطيور الطنانة في الوصول في وقت مبكر من فبراير وتنتهي في أواخر أكتوبر. في الأجزاء الجنوبية من الولايات المتحدة والمكسيك وأمريكا الوسطى وأمريكا الجنوبية ، تعيش الطيور الطنانة طوال العام.
CASE_0245,1002145,endpoint,3,2585142,0.6815,0.6815,0,ar,تعيش الطيور الطنانة في الأمريكتين فقط. من بين 338 نوعًا معروفًا ، يوجد 16 نوعًا في الولايات المتحدة و 3 في فلوريدا. يمكن رؤية الطيور الطنانة ذات الذقن السوداء والحمراء أحيانًا في فلوريدا خلال فصل الشتاء. الطائر الطنان ذو الياقوت الأحمر (الشكل 1) هو إلى حد بعيد الطائر الأكثر شيوعًا في الولاية.
CASE_0245,1002145,endpoint,4,4495107,0.6768,0.6768,0,ar,حدائق الطائر الطنان. الطيور الطنانة هي طيور ذات ألوان زاهية من العجب دائمًا رؤيتها ، ومن السهل جذبها إلى حديقتك. هذه المخلوقات الرائعة لها ريش مذهل ونمط حياة عالي الطاقة. تعيش ثلاثة أنواع من الطيور الطنانة في فلوريدا خلال معظم أوقات العام ، ويمكن رؤية نوعين آخرين هنا في فصل الشتاء.
CASE_0245,1002145,endpoint,5,4840448,0.6727,0.6727,0,ar,سوف تهاجر الطيور الطنانة شمالًا في الربيع وتبدأ في الوصول في فبراير إلى جنوب الولايات المتحدة وإلى أقصى الشمال مثل ألاسكا في مايو. ثم يهاجرون جنوبًا إلى المكسيك وأمريكا الوسطى في الخريف * بدءًا من أغسطس وحتى أكتوبر.
CASE_0245,1002145,endpoint,6,4816323,0.6713,0.6713,0,ar,حول الجزء الأول من أبريل ، بدأت هجرة الطيور الطنانة في الوصول إلى فرجينيا وكنتاكي وميسوري. بحلول منتصف أبريل ، كانت هجرة الطيور الطنانة إلى أوهايو وإنديانا وإلينوي وبحلول نهاية أبريل يمكن العثور على الطيور الطنانة في أقصى الشمال مثل البحيرات الكبرى وفي ولايات نيو إنجلاند.
CASE_0245,1002145,endpoint,7,2585146,0.6696,0.6696,0,ar,يبدأ التعشيش في فلوريدا في أبريل. العش عبارة عن هيكل بحجم الجوز من أسفل ، مزين بالأشنات والطحالب ومربوط بشبكات العنكبوت أو ألياف نباتية دقيقة. كثيرًا ما تُبنى الأعشاش فوق الماء. تضع الأنثى بيضتين يقل طولهما عن 1.2 سم. بعد 20 يومًا من الحضانة و 4 أسابيع من النمو ، تغادر الطيور الطنانة الصغيرة العش.
CASE_0245,1002145,endpoint,8,6306897,0.6629,0.6629,0,ar,تعيش الطيور الطنانة في الأمريكتين فقط. من بين 338 نوعًا معروفًا ، يوجد 16 نوعًا في الولايات المتحدة و 3 في فلوريدا. يمكن رؤية الطيور الطنانة ذات الذقن السوداء والحمراء أحيانًا في فلوريدا خلال فصل الشتاء. يعتبر الطائر الطنان ذو الياقوت الأحمر (الشكل 1) أكثر أنواع الطائر شيوعًا في الولاية ، حيث يعيش ا
CASE_0245,1002145,endpoint,9,3073060,0.6619,0.6619,0,ar,كل ما تريد أن تعرف عنه. هجرة الطيور الطنانة. كما تشير الخريطة ، فإن الهجرة تضرب الولايات الجنوبية في الأول من مارس. تزور هذه المخلوقات الرائعة الولايات الأمريكية الوسطى خلال أواخر مارس وأوائل أبريل.
CASE_0245,1002145,endpoint,10,6234661,0.6586,0.6586,0,ar,على طول ساحل الخليج ، يبدأ عدد قليل من الطيور الطنانة في الظهور في أواخر فبراير ، ولكن ليس هناك الكثير من المشاهدات حتى الجزء الأول من شهر مارس ، لذلك يكون شهر مارس هو الوقت الذي يجب أن تضع فيه علفًا للطيور الطنانة. في الجزء الأول من شهر أبريل ، بدأت هجرة الطيور الطنانة في الوصول إلى فرجينيا وكنتاكي
CASE_0245,1002145,mixed,1,2585146,0.6394,0.6394,0,ar,يبدأ التعشيش في فلوريدا في أبريل. العش عبارة عن هيكل بحجم الجوز من أسفل ، مزين بالأشنات والطحالب ومربوط بشبكات العنكبوت أو ألياف نباتية دقيقة. كثيرًا ما تُبنى الأعشاش فوق الماء. تضع الأنثى بيضتين يقل طولهما عن 1.2 سم. بعد 20 يومًا من الحضانة و 4 أسابيع من النمو ، تغادر الطيور الطنانة الصغيرة العش.
CASE_0245,1002145,mixed,2,4213652,0.6213,0.6213,0,ar,من المعروف أن أنواع الطيور الطنانة التالية تحدث في ولاية كارولينا الشمالية (مع الصور ومساعدة الهوية): طائر الطنان روبي الحلق (Archilochus colubris) - المربيون الأصليون - شائع خلال الصيف ، نادر في الشتاء. يصلون عادة في شهر مارس لموسم التكاثر ويغادرون في سبتمبر أو أكتوبر للعودة إلى مناطقهم الشتوية ، و
CASE_0245,1002145,mixed,3,4816321,0.6186,0.6186,0,ar,على طول ساحل الخليج ، يبدأ عدد قليل من الطيور الطنانة في الظهور في أواخر فبراير ، ولكن ليس هناك الكثير من المشاهدات حتى الجزء الأول من شهر مارس ، لذلك يكون شهر مارس هو الوقت الذي يجب أن تضع فيه علفًا للطيور الطنانة. حول الجزء الأول من أبريل ، بدأت هجرة الطيور الطنانة في الوصول إلى فرجينيا وكنتاكي وم
CASE_0245,1002145,mixed,4,937548,0.6165,0.6165,0,ar,تحدث معظم ولادات الدلافين على طول مياه تكساس الساحلية في شهر مارس. تحدث ذروة ولادة الدلافين في Indian River Lagoon في فلوريدا في أبريل وأغسطس. أظهرت الدلافين قارورة الأنف في المحيط الهادئ على طول ساحل جنوب كاليفورنيا ذروة ولادة في الخريف.
CASE_0245,1002145,mixed,5,2587020,0.6132,0.6132,0,ar,ج: هذا يعتمد على مكان وجودك. في أمريكا الشمالية ، يمكن أن تبدأ الطيور الطنانة في الوصول في وقت مبكر من فبراير وتنتهي في أواخر أكتوبر. في الأجزاء الجنوبية من الولايات المتحدة والمكسيك وأمريكا الوسطى وأمريكا الجنوبية ، تعيش الطيور الطنانة طوال العام.
CASE_0245,1002145,mixed,6,3627947,0.6091,0.6091,0,ar,يمكنك رؤية خراف البحر في مياه فلوريدا في أي وقت من العام ، ولكن يتم رصد خراف البحر بشكل أكثر شيوعًا من نوفمبر إلى مارس ، عندما يتجمعون في أماكن بها مياه أكثر دفئًا. الاقتراحات هنا لعرض الشتاء على خراف البحر.
CASE_0245,1002145,mixed,7,3145813,0.6063,0.6063,0,ar,1 الطيور الطنانة روبي الحلق ، Archilochus colubris ، تصل في أوقات مختلفة في أجزاء مختلفة من أمريكا الشمالية ، وعادة ما تظهر في ولايات ساحل الخليج قبل ظهورها في كندا. 2 تعطيك الخريطة أدناه تقديرًا لموعد توقع وصول الوافدين الأوائل في ربيع نموذجي.
CASE_0245,1002145,mixed,8,4840448,0.6046,0.6046,0,ar,سوف تهاجر الطيور الطنانة شمالًا في الربيع وتبدأ في الوصول في فبراير إلى جنوب الولايات المتحدة وإلى أقصى الشمال مثل ألاسكا في مايو. ثم يهاجرون جنوبًا إلى المكسيك وأمريكا الوسطى في الخريف * بدءًا من أغسطس وحتى أكتوبر.
CASE_0245,1002145,mixed,9,4495113,0.6021,0.6021,0,ar,يمتلك بستاني فلوريدا مجموعة متنوعة من الشجيرات المزهرة التي يمكن أن تضيف إلى مناظرها الطبيعية لجذب الطيور الطنانة. تنمو الفرشاة الزجاجية (كاليستيمون) على مستوى الولاية كشجيرة أو شجرة صغيرة ، يصل ارتفاعها الأقصى إلى 30 قدمًا. تتفتح الأزهار الحمراء في الربيع طوال الصيف وتجذب الفراشات وكذلك الطيور الطن
CASE_0245,1002145,mixed,10,2715148,0.6018,0.6018,0,ar,في شهر يوليو من كل عام ، تغمر المناطق الساحلية في فلوريدا بصائدي الكركند الذين يحاولون الحصول على حصتهم من مكافأة هذا العام عندما يبدأ موسم سرطان البحر الصغير الرسمي. هناك نوعان من مواسم فلوريدا لوبستر ، الموسم الصغير ليومين وموسم الكركند العادي لمدة 8 أشهر. دائمًا ما يكون موسم ميني جراد البحر هو آخ
CASE_0245,1002426,endpoint,1,2332642,0.6798,0.6798,0,ar,سيبدأ إنتاج Shazam في أوائل عام 2018 وقد يتم طرحه في دور العرض بحلول عام 2019 ، وفقًا لصحيفة The Hollywood Reporter. ويصف التقرير ديفيد ف. ساندبرج بأنه مخرج الفيلم. سيبدأ الإنتاج قبل Batgirl و Flash والتكملة لكل من Suicide Squad و Wonder Woman.
CASE_0245,1002426,endpoint,2,2309383,0.6556,0.6556,0,ar,أعلنت شركة وارنر براذرز يوم الجمعة أن فيلم Shazam قد حدد تاريخ إطلاقه في 5 أبريل 2019 ، وسيكون Shazam ، الذي سيصبح بطل Zachary Levi البطل الفخري ، أول فيلم يتم إصداره من Warner Bros. و DC Films بعد شهر ديسمبر. 2018 أكوامان.
CASE_0245,1002426,endpoint,3,7260311,0.6529,0.6529,0,ar,سيبدأ إنتاج Shazam في أوائل عام 2018 وقد يتم طرحه في دور العرض بحلول عام 2019 ، وفقًا لصحيفة The Hollywood Reporter. ويصف التقرير ديفيد ف. ساندبرج بأنه مخرج الفيلم. الانتاج...
CASE_0245,1002426,endpoint,4,7260301,0.6498,0.6498,0,ar,أكدت شركة Warner Bros. أن فيلم Shazam من بطولة زاكاري ليفي سيُعرض في دور العرض في 5 أبريل 2019. أكدت شركة Warner Bros. أن فيلم Shazam من بطولة زاكاري ليفي سيُعرض في دور العرض في 5 أبريل 2019. تأتي هذه الأخبار بعد شهرين فقط من الإعلان عن ليفي للعب الدور الفخري لفيلم الأبطال الخارقين دي سي كوميكس المر
CASE_0245,1002426,endpoint,5,2332751,0.6497,0.6497,0,ar,أعلنت شركة Warner Bros. يوم الجمعة أن فيلم Shazam قد حدد موعد إطلاقه في 5 أبريل 2019. سيكون فيلم Shazam ، الذي سينجم عنه Zachary Levi باعتباره البطل الفخري ، أول فيلم يتم إصداره من Warner Bros. و DC Films بعد شهر ديسمبر من فيلم Aquaman لعام 2018. من إخراج Lights Out و Annabelle: Creation Helper Davi
CASE_0245,1002426,endpoint,6,2332643,0.6488,0.6488,0,ar,بعد سنوات من التطوير ، DCàÂ⠀ ™ s Shazam! الفيلم له تاريخ إطلاقه رسميًا. الفيلم من بطولة Zachary Levi (Chuck) في دور Captain Marvel سيصدر في 5 أبريل 2019. كما ورد أن الفيلم قد اختار مارك سترونج (امتياز Kingsman) باعتباره الشرير الذي لم يتم التعرف عليه بعد ولديه David F. Samberg ( إطفاء الأنوار) ​​كمخ
CASE_0245,1002426,endpoint,7,7260322,0.6481,0.6481,0,ar,شزام! أكد المخرج David F. Sandberg أن الفيلم سيُعرض في دور العرض في أبريل من عام 2019 ، وسيصل قبل Wonder Woman 2. Screen Rant You Are Reading: Shazam!
CASE_0245,1002426,endpoint,8,7260308,0.6474,0.6474,0,ar,شزام! تم تعيينه رسميًا في دور العرض في الخامس من أبريل 2019 بعد أشهر من التكهنات. سيكون الفيلم هو أول فيلم يتم إصداره من Warner Bros. و DC Films بعد شهر ديسمبر من عام 2018 Aquaman. شزام! من إخراج ديفيد ف. ساندبرج (إطفاء الأنوار ، أنابيل: الخلق). هذه أخبار مثيرة لـ DC و Shazam! المشجعين ، ومن المتوقع
CASE_0245,1002426,endpoint,9,2309385,0.646,0.646,0,ar,أعلنت شركة Warner Bros. يوم الجمعة أن فيلم Shazam يحصل على تاريخ إصدار أبريل 2019 بواسطة Brandon Davis - 12 يناير 2018 ، ذكرت تقارير أن فيلم Shazam قد حدد تاريخ إطلاقه في 5 أبريل 2019. سيكون فيلم Shazam ، الذي سينجم عنه Zachary Levi باعتباره البطل الفخري ، أول فيلم يتم إصداره من Warner Bros. و DC Fi
CASE_0245,1002426,endpoint,10,8196725,0.6444,0.6444,0,ar,أعلنت شركة Warner Bros. يوم الجمعة أن فيلم Shazam يحصل على تاريخ إصدار أبريل 2019 بواسطة Brandon Davis - 12 يناير 2018 ، ذكرت تقارير أن فيلم Shazam قد حدد تاريخ إطلاقه في 5 أبريل 2019. سيكون فيلم Shazam ، الذي سينجم عنه Zachary Levi باعتباره البطل الفخري ، أول فيلم يتم إصداره من Warner Bros. و DC Fi
CASE_0245,1002426,mixed,1,2332642,0.6704,0.6704,0,ar,سيبدأ إنتاج Shazam في أوائل عام 2018 وقد يتم طرحه في دور العرض بحلول عام 2019 ، وفقًا لصحيفة The Hollywood Reporter. ويصف التقرير ديفيد ف. ساندبرج بأنه مخرج الفيلم. سيبدأ الإنتاج قبل Batgirl و Flash والتكملة لكل من Suicide Squad و Wonder Woman.
CASE_0245,1002426,mixed,2,2309383,0.657,0.657,0,ar,أعلنت شركة وارنر براذرز يوم الجمعة أن فيلم Shazam قد حدد تاريخ إطلاقه في 5 أبريل 2019 ، وسيكون Shazam ، الذي سيصبح بطل Zachary Levi البطل الفخري ، أول فيلم يتم إصداره من Warner Bros. و DC Films بعد شهر ديسمبر. 2018 أكوامان.
CASE_0245,1002426,mixed,3,2309385,0.6553,0.6553,0,ar,أعلنت شركة Warner Bros. يوم الجمعة أن فيلم Shazam يحصل على تاريخ إصدار أبريل 2019 بواسطة Brandon Davis - 12 يناير 2018 ، ذكرت تقارير أن فيلم Shazam قد حدد تاريخ إطلاقه في 5 أبريل 2019. سيكون فيلم Shazam ، الذي سينجم عنه Zachary Levi باعتباره البطل الفخري ، أول فيلم يتم إصداره من Warner Bros. و DC Fi
CASE_0245,1002426,mixed,4,2332751,0.6518,0.6518,0,ar,أعلنت شركة Warner Bros. يوم الجمعة أن فيلم Shazam قد حدد موعد إطلاقه في 5 أبريل 2019. سيكون فيلم Shazam ، الذي سينجم عنه Zachary Levi باعتباره البطل الفخري ، أول فيلم يتم إصداره من Warner Bros. و DC Films بعد شهر ديسمبر من فيلم Aquaman لعام 2018. من إخراج Lights Out و Annabelle: Creation Helper Davi
CASE_0245,1002426,mixed,5,8196725,0.6517,0.6517,0,ar,أعلنت شركة Warner Bros. يوم الجمعة أن فيلم Shazam يحصل على تاريخ إصدار أبريل 2019 بواسطة Brandon Davis - 12 يناير 2018 ، ذكرت تقارير أن فيلم Shazam قد حدد تاريخ إطلاقه في 5 أبريل 2019. سيكون فيلم Shazam ، الذي سينجم عنه Zachary Levi باعتباره البطل الفخري ، أول فيلم يتم إصداره من Warner Bros. و DC Fi
CASE_0245,1002426,mixed,6,2332643,0.649,0.649,0,ar,بعد سنوات من التطوير ، DCàÂ⠀ ™ s Shazam! الفيلم له تاريخ إطلاقه رسميًا. الفيلم من بطولة Zachary Levi (Chuck) في دور Captain Marvel سيصدر في 5 أبريل 2019. كما ورد أن الفيلم قد اختار مارك سترونج (امتياز Kingsman) باعتباره الشرير الذي لم يتم التعرف عليه بعد ولديه David F. Samberg ( إطفاء الأنوار) ​​كمخ
CASE_0245,1002426,mixed,7,7260311,0.6478,0.6478,0,ar,سيبدأ إنتاج Shazam في أوائل عام 2018 وقد يتم طرحه في دور العرض بحلول عام 2019 ، وفقًا لصحيفة The Hollywood Reporter. ويصف التقرير ديفيد ف. ساندبرج بأنه مخرج الفيلم. الانتاج...
CASE_0245,1002426,mixed,8,2622854,0.6464,0.6464,0,ar,Shazam (خدمة) Shazam هو تطبيق جوال لأجهزة Macintosh وأجهزة الكمبيوتر الشخصية والهواتف الذكية ، يمكنه تحديد الموسيقى والأفلام والإعلانات والبرامج التلفزيونية ، بناءً على عينة قصيرة يتم تشغيلها واستخدام الميكروفون على الجهاز. تأسست Shazam Entertainment Limited في عام 1999 على يد كريس بارتون وفيليب إنغ
CASE_0245,1002426,mixed,9,8199430,0.6424,0.6424,0,ar,تاريخ إصدار فيلم Shazam. على الرغم من أنه تم الإعلان عن هذا على ما يبدو منذ زمن بعيد ، فقد أكدت شركة Warner Bros. مرة أخرى أن كل شيء في الموعد المحدد وسيتم افتتاح Shazam في 5 أبريل 2019. يمكن العثور على التقويم الكامل لأفلام DC superhero هنا. طاقم فيلم Shazam
CASE_0245,1002426,mixed,10,7260307,0.6414,0.6414,0,ar,وبحسب ما ورد حددت شركة Warner Bros. و DC تاريخًا رسميًا للإصدار الخامس من أبريل 2019 لـ Shazam! مرت DCEU بالعديد من التغييرات في الجدولة مؤخرًا ، ولم يكن من الواضح ما إذا كان الفيلم سيحتفظ بهذا المكان الأصلي أم سيتم نقله إلى أسفل.
CASE_0245,1002584,endpoint,1,7259822,0.639,0.639,1,ar,في عام 1933 ، صدر أول كتاب هزلي حقيقي. كان يطلق عليه Funnies on Parade ، وظهر بنفس تنسيق 8 × 11 الذي طُبعت به الكتب المصورة اليوم. كان هناك 10000 نسخة مطبوعة ، تم منحها جميعها مع كوبونات لمنتجات Proctor & Gamble.
CASE_0245,1002584,endpoint,2,2554473,0.6389,0.6389,0,ar,صدر أول كتاب هزلي حديث ، الشهير Funnies ، في الولايات المتحدة في عام 1933 وكان إعادة طبع لمقاطع فكاهية في الصحف السابقة ، والتي أنشأت العديد من أجهزة سرد القصص المستخدمة في الرسوم الهزلية.
CASE_0245,1002584,endpoint,3,2144462,0.6232,0.6232,0,ar,يبدأ هذا الكتاب الهزلي ما يسمى الآن بالعصر البلاتيني للكاريكاتير. في عام 1899 ، صدر كتاب فكاهي Funny Folks ، حيث أخذ أول طعنة قريبة في تنسيق العديد من الكتب المصورة من العصر البلاتيني. كان الكتاب بغلاف مقوى ، بعرض 16 × 12 ارتفاعًا. تم إنشاء Funny Folks بواسطة F.M Howarth ، ولكن نشره E.P. Dutton. كان
CASE_0245,1002584,endpoint,4,7900863,0.6166,0.6166,0,ar,يبدأ هذا الكتاب الهزلي ما يسمى الآن بالعصر البلاتيني للكاريكاتير. في عام 1899 ، صدر كتاب فكاهي Funny Folks ، حيث أخذ أول طعنة قريبة في تنسيق العديد من الكتب المصورة من العصر البلاتيني. كان الكتاب بغلاف مقوى ، بعرض 16 × 12. تم إنشاء Funny Folks بواسطة F.M Howarth ، ولكن نشره E.P. Dutton. كانت عبارة ع
CASE_0245,1002584,endpoint,5,7900864,0.5963,0.5963,0,ar,تعتبر مغامرات ميكي ماوس أول كتاب هزلي حقيقي لميكي ماوس. صدر في عام 1931 ، ويتألف من 32 صفحة و 5 -1/2 × 8 1/2. تم نشره من قبل شركة David McKay Co. مع طباعة 50000 نسخة.
CASE_0245,1002584,endpoint,6,2144460,0.582,0.582,0,ar,في عام 1922 صدر أول كتاب هزلي شهري. كان غلافًا بتاريخ يناير وكان سعره 10 سنتات. تم إجراؤها بتنسيق 8 × 9. كان العنوان كاريكاتير شهريًا واستمر 12 إصدارًا. تم تخصيص كل عدد لشخصية كوميدية شهيرة تم الترويج لها بواسطة King Features.
CASE_0245,1002584,endpoint,7,2534501,0.5817,0.5817,0,ar,نُشر لأول مرة في عام 1927 ، كان Fantastic Beasts and Where to Find Them من أكثر الكتب مبيعًا. أصبح كتابًا مدرسيًا معتمدًا في مدرسة هوجورتس للسحر والشعوذة ، وبحلول منتصف التسعينيات ، كان في نسخته الثانية والخمسين. في مرحلة ما ، قام سكاماندر بتأليف مختارات من الوحوش للأطفال للقراء الأصغر سنًا.
CASE_0245,1002584,endpoint,8,1599345,0.5779,0.5779,0,ar,إن تحديد كتاب فكاهي ليس سهلاً مثل مجرد النظر إلى الغلاف. أسهل طريقة للعثور على العنوان الدقيق ورقم الإصدار وتاريخ النشر لكتابك الهزلي هي البحث عن الدلائل ، وهي كتلة صغيرة موجودة عادة داخل الغلاف الأمامي أو في الصفحة الأولى.
CASE_0245,1002584,endpoint,9,2257236,0.5718,0.5718,0,ar,في عام 1901 ظهر The Blackberries وهو أول كتاب هزلي معروف بالألوان. استخدم تنسيق 9 × 12 وكان كتابًا بغلاف مقوى. ثم بدأ استخدام التنسيق الأكثر استخدامًا وهو 17 عرضًا × 11 ارتفاعًا في عدد من الكتب المصورة. من بينهم أطفال Katzenjammer و Little Nemo و Happy Hooligan.
CASE_0245,1002584,endpoint,10,5442569,0.5678,0.5678,0,ar,قدم The Flash كتابه الهزلي لأول مرة في يناير 1940 في Flash Comics # 1. كان الأصل عالم أبحاث يدعى جاي جاريك اكتسب قدراته عن طريق استنشاق أبخرة مشعة. الشخص الثاني ، Barry Allen تم تقديمه في أكتوبر 1956 في Showcase # 4.
CASE_0245,1002584,mixed,1,7259822,0.6692,0.6692,1,ar,في عام 1933 ، صدر أول كتاب هزلي حقيقي. كان يطلق عليه Funnies on Parade ، وظهر بنفس تنسيق 8 × 11 الذي طُبعت به الكتب المصورة اليوم. كان هناك 10000 نسخة مطبوعة ، تم منحها جميعها مع كوبونات لمنتجات Proctor & Gamble.
CASE_0245,1002584,mixed,2,4334697,0.6565,0.6565,0,ar,ما هو أول كتاب مصور لأعجوبة؟ أول كتاب هزلي من تأليف Marvel Comics هو Marvel Comics رقم 1 (أكتوبر 1939). تُظهر الشعلة البشرية وأول ظهور متاح بشكل عام لبيل إيفريت المناهض له - نامور شبه البحري. بعد الكوميديا ​​، تغيرت السلسلة إلى Marvel Mystery Comics.
CASE_0245,1002584,mixed,3,2554473,0.6556,0.6556,0,ar,صدر أول كتاب هزلي حديث ، الشهير Funnies ، في الولايات المتحدة في عام 1933 وكان إعادة طبع لمقاطع فكاهية في الصحف السابقة ، والتي أنشأت العديد من أجهزة سرد القصص المستخدمة في الرسوم الهزلية.
CASE_0245,1002584,mixed,4,7900864,0.6467,0.6467,0,ar,تعتبر مغامرات ميكي ماوس أول كتاب هزلي حقيقي لميكي ماوس. صدر في عام 1931 ، ويتألف من 32 صفحة و 5 -1/2 × 8 1/2. تم نشره من قبل شركة David McKay Co. مع طباعة 50000 نسخة.
CASE_0245,1002584,mixed,5,4334704,0.6438,0.6438,0,ar,إذا أجبت بأنه من عنوان أول كتاب هزلي نشروه ، فستكون على حق جزئيًا فقط. قام مارتن جودمان بالفعل بنشر كتابه الهزلي الأول في عام 1939 وكان يسمى Marvel Comics ، وتغير إلى Marvel Mystery Comics لإصداره الثاني. أظهر الكتاب ما سيصبح من أكثر الشخصيات شهرة في الشركة في الأربعينيات ، الشعلة البشرية و Sub-Mari
CASE_0245,1002584,mixed,6,2144462,0.6406,0.6406,0,ar,يبدأ هذا الكتاب الهزلي ما يسمى الآن بالعصر البلاتيني للكاريكاتير. في عام 1899 ، صدر كتاب فكاهي Funny Folks ، حيث أخذ أول طعنة قريبة في تنسيق العديد من الكتب المصورة من العصر البلاتيني. كان الكتاب بغلاف مقوى ، بعرض 16 × 12 ارتفاعًا. تم إنشاء Funny Folks بواسطة F.M Howarth ، ولكن نشره E.P. Dutton. كان
CASE_0245,1002584,mixed,7,4398442,0.64,0.64,0,ar,ومع ذلك ، يتفق معظم مؤرخي القصص المصورة على أن أول رواية مصورة حقيقية كانت Will Eisnerà- A Contract With God and Other Tenement Stories - التي نُشرت في عام 1978. [2] ، تحدث كتاب Eisneràââ للجيل الذي نشأ لأول مرة مع كاريكاتير الأبطال الخارقين في الأربعينيات والخمسينيات من القرن الماضي.
CASE_0245,1002584,mixed,8,2144460,0.6361,0.6361,0,ar,في عام 1922 صدر أول كتاب هزلي شهري. كان غلافًا بتاريخ يناير وكان سعره 10 سنتات. تم إجراؤها بتنسيق 8 × 9. كان العنوان كاريكاتير شهريًا واستمر 12 إصدارًا. تم تخصيص كل عدد لشخصية كوميدية شهيرة تم الترويج لها بواسطة King Features.
CASE_0245,1002584,mixed,9,7900863,0.6355,0.6355,0,ar,يبدأ هذا الكتاب الهزلي ما يسمى الآن بالعصر البلاتيني للكاريكاتير. في عام 1899 ، صدر كتاب فكاهي Funny Folks ، حيث أخذ أول طعنة قريبة في تنسيق العديد من الكتب المصورة من العصر البلاتيني. كان الكتاب بغلاف مقوى ، بعرض 16 × 12. تم إنشاء Funny Folks بواسطة F.M Howarth ، ولكن نشره E.P. Dutton. كانت عبارة ع
CASE_0245,1002584,mixed,10,2534501,0.6308,0.6308,0,ar,نُشر لأول مرة في عام 1927 ، كان Fantastic Beasts and Where to Find Them من أكثر الكتب مبيعًا. أصبح كتابًا مدرسيًا معتمدًا في مدرسة هوجورتس للسحر والشعوذة ، وبحلول منتصف التسعينيات ، كان في نسخته الثانية والخمسين. في مرحلة ما ، قام سكاماندر بتأليف مختارات من الوحوش للأطفال للقراء الأصغر سنًا.
CASE_0245,100307,endpoint,1,7379136,0.7845,0.7845,1,ar,في تحليل التكلفة الوحيد لبرنامج الوقاية من السمنة في المدرسة في كندا ، قدّر Ohinmaa وآخرون تكاليف تنفيذ وصيانة البرنامج على مستوى مجلس المدرسة بمبلغ 344،514 دولارًا ، أو 7،830 دولارًا لكل مدرسة و 23 دولارًا لكل طالب [21 ].
CASE_0245,100307,endpoint,2,2027127,0.7097,0.7097,0,ar,تأتي السمنة في مرحلة الطفولة بتكلفة تقديرية تبلغ 19000 دولار لكل طفل عند مقارنة التكاليف الطبية مدى الحياة بتكاليف طفل ذو وزن طبيعي ، وفقًا لتحليل أجراه باحثون في معهد ديوك للصحة العالمية وكلية الطب العليا في Duke-NUS في سنغافورة. التقدير ، الذي يأخذ في الاعتبار إمكانية زيادة الوزن الطبيعي للأطفال ف
CASE_0245,100307,endpoint,3,5057832,0.6963,0.6963,0,ar,تأتي السمنة في مرحلة الطفولة بتكلفة تقديرية تبلغ 19 ألف دولار لكل طفل عند مقارنة التكاليف الطبية مدى الحياة بتكاليف الطفل ذي الوزن الطبيعي ، وفقًا لتحليل أجراه باحثون في معهد ديوك للصحة العالمية وكلية الطب العليا في Duke-NUS في سنغافورة.
CASE_0245,100307,endpoint,4,7379137,0.682,0.682,0,ar,تم تحديد المدارس كإطار رئيسي لاستراتيجيات الصحة العامة للوقاية من السمنة لدى الأطفال [10]. أظهرت الأبحاث أن برامج الوقاية من السمنة المدرسية المصممة جيدًا والمنفذة جيدًا كانت فعالة في تقليل مؤشر كتلة الجسم (BMI) و / أو نسبة الدهون في الجسم (PBF) [11].
CASE_0245,100307,endpoint,5,7379140,0.6763,0.6763,0,ar,الهدف من هذه الدراسة هو تقييم التكلفة والفعالية من حيث التكلفة لبرنامج التدخل الشامل لسمنة الأطفال. افترضنا أن التدخل المتكامل الذي يجمع بين التثقيف الغذائي والنشاط البدني (PA) أكثر فعالية من حيث التكلفة من نفس كثافة التدخل الفردي.
CASE_0245,100307,endpoint,6,2027130,0.6724,0.6724,0,ar,يشارك. 12. السمنة مشكلة صحية كبيرة ، واتضح أنها مكلفة للغاية - خاصة عندما يتعلق الأمر بالأطفال. وفقًا للباحثين الطبيين في جامعة ديوك ، فإن السمنة لدى الأطفال تأتي بسعر تقديري قدره 19000 دولار لكل طفل عند مقارنة التكاليف الطبية مدى الحياة بتكاليف طفل يتمتع بوزن صحي ، وعند تقسيمها حسب عدد السكان ، فإن
CASE_0245,100307,endpoint,7,5057829,0.6719,0.6719,0,ar,على مدى العمر ، تكلف السمنة لدى الأطفال 19000 دولار لكل طفل. https://www.sciencedaily.com/releases/2014/04/140407090220.htm. تأتي السمنة في مرحلة الطفولة بسعر يقدر بـ 19000 دولار لكل طفل عند مقارنة التكاليف الطبية مدى الحياة بتكاليف طفل وزن طبيعي ، وفقًا لتحليل. عند ضرب عدد الأشخاص الذين يعانون من ا
CASE_0245,100307,endpoint,8,2131763,0.6549,0.6549,0,ar,يتطلب كل برنامج من المرضى التسجيل في الاستشارة الغذائية والخضوع لسلسلة من. اختبارات ما قبل الجراحة ستختلف التكلفة من برنامج إلى آخر. أنا. برنامج علاج السمنة بالمركز الطبي بجامعة ولاية أوهايو. 1. 1700 دولار للجراحة + تكلفة الاستشارات الغذائية. ثانيا. برنامج جبل الكرمل لجراحة السمنة.
CASE_0245,100307,endpoint,9,7379135,0.6533,0.6533,0,ar,فحصت غالبية الدراسات المختارة تكاليف الرعاية الصحية لدى البالغين (ن = 8) ، في حين قام عدد قليل بتقييم تكاليف الرعاية الصحية للمراهقين (ن = 1) والأطفال (ن = 1). كانت هناك دراسة واحدة فقط قيمت تكاليف برنامج الوقاية من السمنة لدى الأطفال [21].
CASE_0245,100307,endpoint,10,7368292,0.6531,0.6531,0,ar,وجدت مراجعة كوكرين الأخيرة لـ 55 دراسة للوقاية من السمنة لدى الأطفال أن زيادة جلسات النشاط البدني وتطوير مهارات النشاط البدني خلال الأسبوع الدراسي كانت من بين الاستراتيجيات الواعدة للوقاية من السمنة.
CASE_0245,100307,mixed,1,7379136,0.7532,0.7532,1,ar,في تحليل التكلفة الوحيد لبرنامج الوقاية من السمنة في المدرسة في كندا ، قدّر Ohinmaa وآخرون تكاليف تنفيذ وصيانة البرنامج على مستوى مجلس المدرسة بمبلغ 344،514 دولارًا ، أو 7،830 دولارًا لكل مدرسة و 23 دولارًا لكل طالب [21 ].
CASE_0245,100307,mixed,2,2027127,0.6924,0.6924,0,ar,تأتي السمنة في مرحلة الطفولة بتكلفة تقديرية تبلغ 19000 دولار لكل طفل عند مقارنة التكاليف الطبية مدى الحياة بتكاليف طفل ذو وزن طبيعي ، وفقًا لتحليل أجراه باحثون في معهد ديوك للصحة العالمية وكلية الطب العليا في Duke-NUS في سنغافورة. التقدير ، الذي يأخذ في الاعتبار إمكانية زيادة الوزن الطبيعي للأطفال ف
CASE_0245,100307,mixed,3,7379140,0.6877,0.6877,0,ar,الهدف من هذه الدراسة هو تقييم التكلفة والفعالية من حيث التكلفة لبرنامج التدخل الشامل لسمنة الأطفال. افترضنا أن التدخل المتكامل الذي يجمع بين التثقيف الغذائي والنشاط البدني (PA) أكثر فعالية من حيث التكلفة من نفس كثافة التدخل الفردي.
CASE_0245,100307,mixed,4,7379137,0.6873,0.6873,0,ar,تم تحديد المدارس كإطار رئيسي لاستراتيجيات الصحة العامة للوقاية من السمنة لدى الأطفال [10]. أظهرت الأبحاث أن برامج الوقاية من السمنة المدرسية المصممة جيدًا والمنفذة جيدًا كانت فعالة في تقليل مؤشر كتلة الجسم (BMI) و / أو نسبة الدهون في الجسم (PBF) [11].
CASE_0245,100307,mixed,5,5057832,0.6746,0.6746,0,ar,تأتي السمنة في مرحلة الطفولة بتكلفة تقديرية تبلغ 19 ألف دولار لكل طفل عند مقارنة التكاليف الطبية مدى الحياة بتكاليف الطفل ذي الوزن الطبيعي ، وفقًا لتحليل أجراه باحثون في معهد ديوك للصحة العالمية وكلية الطب العليا في Duke-NUS في سنغافورة.
CASE_0245,100307,mixed,6,2027130,0.6637,0.6637,0,ar,يشارك. 12. السمنة مشكلة صحية كبيرة ، واتضح أنها مكلفة للغاية - خاصة عندما يتعلق الأمر بالأطفال. وفقًا للباحثين الطبيين في جامعة ديوك ، فإن السمنة لدى الأطفال تأتي بسعر تقديري قدره 19000 دولار لكل طفل عند مقارنة التكاليف الطبية مدى الحياة بتكاليف طفل يتمتع بوزن صحي ، وعند تقسيمها حسب عدد السكان ، فإن
CASE_0245,100307,mixed,7,7368292,0.6566,0.6566,0,ar,وجدت مراجعة كوكرين الأخيرة لـ 55 دراسة للوقاية من السمنة لدى الأطفال أن زيادة جلسات النشاط البدني وتطوير مهارات النشاط البدني خلال الأسبوع الدراسي كانت من بين الاستراتيجيات الواعدة للوقاية من السمنة.
CASE_0245,100307,mixed,8,5057829,0.6556,0.6556,0,ar,على مدى العمر ، تكلف السمنة لدى الأطفال 19000 دولار لكل طفل. https://www.sciencedaily.com/releases/2014/04/140407090220.htm. تأتي السمنة في مرحلة الطفولة بسعر يقدر بـ 19000 دولار لكل طفل عند مقارنة التكاليف الطبية مدى الحياة بتكاليف طفل وزن طبيعي ، وفقًا لتحليل. عند ضرب عدد الأشخاص الذين يعانون من ا
CASE_0245,100307,mixed,9,7379135,0.6544,0.6544,0,ar,فحصت غالبية الدراسات المختارة تكاليف الرعاية الصحية لدى البالغين (ن = 8) ، في حين قام عدد قليل بتقييم تكاليف الرعاية الصحية للمراهقين (ن = 1) والأطفال (ن = 1). كانت هناك دراسة واحدة فقط قيمت تكاليف برنامج الوقاية من السمنة لدى الأطفال [21].
CASE_0245,100307,mixed,10,2131763,0.654,0.654,0,ar,يتطلب كل برنامج من المرضى التسجيل في الاستشارة الغذائية والخضوع لسلسلة من. اختبارات ما قبل الجراحة ستختلف التكلفة من برنامج إلى آخر. أنا. برنامج علاج السمنة بالمركز الطبي بجامعة ولاية أوهايو. 1. 1700 دولار للجراحة + تكلفة الاستشارات الغذائية. ثانيا. برنامج جبل الكرمل لجراحة السمنة.
CASE_0245,1003277,endpoint,1,7237200,0.6487,0.6487,0,ar,كما هو مفصل أعلاه ، فهم يستخدمون موارد أقل ، وأقل كثافة في العمل ، ويزيد من طاقتهم بشكل جيد. زراعة عشب برمودا. أفضل وقت لزراعة برمودا في منطقة فينيكس هو منتصف شهر أبريل. أولاً ، استخدم آلة الحراثة المزودة بالطاقة لتحويل التربة إلى عمق لا يقل عن 3 بوصات. العمل في بعض السماد العضوي أثناء الحرث والانتب
CASE_0245,1003277,endpoint,2,1821341,0.6387,0.6387,0,ar,قد لا تتحول بذور برمودا المتوفرة عادة إلى نسيج ناعم مثل بعض الأحمق المتوفرة. يمكن وضع نبتة برمودا في أي وقت ، ولكن شهر مايو هو أفضل شهر لغصن أو سد أو نبتة عشب برمودا. هناك العديد من أنواع عشب برمودا. جاءت برمودا المشتركة إلى أمريكا في منتصف عام 1700 من شرق إفريقيا.
CASE_0245,1003277,endpoint,3,4286326,0.6316,0.6316,0,ar,التحضير لزراعة عشب برمودا. Bermudagrass هو عشب عشبي دافئ للموسم ويفضل زراعته في الربيع إلى أواخر الربيع أو أوائل الصيف. قم بزراعة بذور Bermudagrass عندما تكون درجات حرارة التربة أعلى من 65 درجة فهرنهايت (18 درجة مئوية) - يتم الوصول إلى درجة حرارة التربة هذه عندما تكون درجات حرارة الهواء في النهار 80
CASE_0245,1003277,endpoint,4,3658855,0.6306,0.6306,0,ar,قد لا تتحول بذور برمودا المتوفرة عادة إلى نسيج ناعم مثل بعض الأحمق المتوفرة. يمكن وضع نبتة برمودا في أي وقت ، ولكن شهر مايو هو أفضل شهر لغصن أو سد أو نبتة عشب برمودا. هناك العديد من أنواع عشب برمودا. جاءت برمودا المشتركة إلى أمريكا في منتصف عام 1700 من شرق إفريقيا. منذ ذلك الحين ، تم إنتاج الكثير من
CASE_0245,1003277,endpoint,5,6320985,0.6303,0.6303,0,ar,الأفضل التالي هو التوصيل أو التدوير ، والأخير ، بالنسبة لأولئك الذين لديهم الكثير من الصبر ، البذر. قد لا تتحول بذور برمودا المتوفرة عادة إلى نسيج ناعم مثل بعض الأحمق المتوفرة. يمكن وضع نبتة برمودا في أي وقت ، ولكن شهر مايو هو أفضل شهر لغصن أو سد أو نبتة عشب برمودا. هناك العديد من أنواع عشب برمودا.
CASE_0245,1003277,endpoint,6,3241326,0.6286,0.6286,0,ar,المناخ والإنبات. تنبت بذور عشب برمودا بشكل أفضل إذا كانت في تربة ذات درجة حموضة تتراوح بين 6 و 7. ينمو العشب بشكل أفضل عندما تتراوح درجة حرارة التربة بين 75 و 95 درجة فهرنهايت ودرجة حرارة الهواء بين 75 و 95 درجة فهرنهايت. تغطية في أربعة إلى ستة أسابيع.يمكنك زراعة عشب برمودا الشائع من البذور في مناطق
CASE_0245,1003277,endpoint,7,3531749,0.625,0.625,0,ar,التحضير لزراعة عشب برمودا. Bermudagrass هو عشب عشبي دافئ للموسم ويفضل زراعته في الربيع إلى أواخر الربيع أو أوائل الصيف. قم بزراعة بذور Bermudagrass عندما تكون درجات حرارة التربة أعلى من 65 درجة فهرنهايت (18 درجة مئوية) - يتم الوصول إلى درجة حرارة التربة هذه عندما تكون درجات حرارة الهواء في النهار 80
CASE_0245,1003277,endpoint,8,4695670,0.6249,0.6249,0,ar,زراعة عشب البرمودا متى تزرع: عشب برمودا هو عشب عشبي دافئ للموسم. قم بزراعة بذور عشب برمودا في فصلي الربيع والصيف عندما تكون درجات حرارة التربة أعلى من 65 درجة فهرنهايت (18 درجة مئوية) ، قم بزراعة 2 إلى 3 أرطال من بذور عشب برمودا (البذور المغلفة) لكل 1000 قدم مربع ( 1 كجم / 100 متر مربع) لتطبيقات الع
CASE_0245,1003277,endpoint,9,1283126,0.6247,0.6247,0,ar,إطار زمني. عادة ما ينبت عشب برمودا ما بين ثلاثة أيام إلى أسبوع من الزراعة ، لكن الأمر سيستغرق حوالي 10 أسابيع حتى تبدو العشب خصبة. إذا كانت ظروف الزراعة الخاصة بك ليست مثالية ، فقد يستغرق الأمر وقتًا أطول لإنشاء تاريخ عشبي صالح للاستخدام. نشأ عشب برمودا في إفريقيا وتم جلبه إلى أمريكا في القرن الخامس
CASE_0245,1003277,endpoint,10,6371764,0.6243,0.6243,0,ar,تنبت بذور عشب برمودا في غضون 10 إلى 30 يومًا ، اعتمادًا على التربة والظروف الجوية. درجات حرارة التربة بين 65 و 70 درجة فهرنهايت سرعة الإنبات. أانيت ريتشفورد بستاني متعطش ومعلم وعشاق الطبيعة مع أكثر من أربع سنوات من الخبرة في الكتابة عبر الإنترنت. ريتشفورد حاصل على بكالوريوس العلوم في التعليم الثانوي
CASE_0245,1003277,mixed,1,4286326,0.6986,0.6986,0,ar,التحضير لزراعة عشب برمودا. Bermudagrass هو عشب عشبي دافئ للموسم ويفضل زراعته في الربيع إلى أواخر الربيع أو أوائل الصيف. قم بزراعة بذور Bermudagrass عندما تكون درجات حرارة التربة أعلى من 65 درجة فهرنهايت (18 درجة مئوية) - يتم الوصول إلى درجة حرارة التربة هذه عندما تكون درجات حرارة الهواء في النهار 80
CASE_0245,1003277,mixed,2,3531749,0.6977,0.6977,0,ar,التحضير لزراعة عشب برمودا. Bermudagrass هو عشب عشبي دافئ للموسم ويفضل زراعته في الربيع إلى أواخر الربيع أو أوائل الصيف. قم بزراعة بذور Bermudagrass عندما تكون درجات حرارة التربة أعلى من 65 درجة فهرنهايت (18 درجة مئوية) - يتم الوصول إلى درجة حرارة التربة هذه عندما تكون درجات حرارة الهواء في النهار 80
CASE_0245,1003277,mixed,3,2285392,0.6697,0.6697,0,ar,أفضل وقت ودرجة حرارة لزراعة عشب برمودا. أفضل وقت لزراعة Bermuda Grass Seed هو في أواخر الربيع / أوائل الصيف بعد أن تكون درجات حرارة التربة 65-70 درجة أو أعلى وكل مخاطر التجمد أو الصقيع قد تجاوزت.
CASE_0245,1003277,mixed,4,1263638,0.6685,0.6685,0,ar,أفضل وقت ودرجة حرارة لزراعة عشب برمودا. أفضل وقت لزراعة Bermuda Grass Seed هو في أواخر الربيع / أوائل الصيف بعد أن تكون درجات حرارة التربة 65-70 درجة أو أعلى وكل مخاطر التجمد أو الصقيع قد تجاوزت. يستغرق هذا عمومًا 80 درجة مئوية من درجات الحرارة اليومية المتسقة لتحقيق هذا المستوى من درجة الحرارة في ا
CASE_0245,1003277,mixed,5,7237200,0.6592,0.6592,0,ar,كما هو مفصل أعلاه ، فهم يستخدمون موارد أقل ، وأقل كثافة في العمل ، ويزيد من طاقتهم بشكل جيد. زراعة عشب برمودا. أفضل وقت لزراعة برمودا في منطقة فينيكس هو منتصف شهر أبريل. أولاً ، استخدم آلة الحراثة المزودة بالطاقة لتحويل التربة إلى عمق لا يقل عن 3 بوصات. العمل في بعض السماد العضوي أثناء الحرث والانتب
CASE_0245,1003277,mixed,6,4695673,0.6545,0.6545,0,ar,أفضل وقت لزراعة بذور Bermuda Grass Seed هو في أواخر الربيع / أوائل الصيف بعد أن تكون درجة حرارة التربة 65-70 درجة أو أعلى وكل خطر التجمد أو الصقيع قد مضى. 55 & # 176 فهرنهايت لعدة أسابيع. ضع ذلك في الاعتبار عند اتخاذ قرار بشأن وقت غصن أو توصيل أو نقع العشب الدافئ مثل برمودا.
CASE_0245,1003277,mixed,7,6323752,0.6515,0.6515,0,ar,ازرع 2 إلى 3 أرطال من بذور عشب برمودا (البذور المطلية) لكل 1000 قدم مربع (1 كجم / 100 متر مربع) لتطبيقات العشب الجديدة. قد تكون هناك حاجة إلى المزيد من البذور عند إنشاء الحوامل في وقت مبكر أو متأخر من الموسم لضمان التغطية الكاملة. Bermudagrass هو عشب عشبي دافئ للموسم ويفضل زراعته في الربيع إلى أواخر
CASE_0245,1003277,mixed,8,3531750,0.6438,0.6438,0,ar,أفضل وقت لزراعة Bermuda Grass Seed هو في أواخر الربيع / أوائل الصيف بعد أن تكون درجات حرارة التربة 65-70 درجة أو أعلى وكل مخاطر التجمد أو الصقيع قد تجاوزت.
CASE_0245,1003277,mixed,9,1930589,0.6357,0.6357,0,ar,الزمان: من الأفضل أن تزرع برمودا في أواخر الربيع / أوائل الصيف. لا تزرع التربة حتى تصل درجة حرارة التربة إلى 65/70 درجة أو أعلى في الربيع وتنتهي جميع مخاطر التجمد / الصقيع. إذا زرعت في وقت مبكر جدًا ، فأنت تخاطر بقتل البذور أو عدم إنباتها.
CASE_0245,1003277,mixed,10,8676548,0.6353,0.6353,0,ar,يجب أن يتم أول تطبيق للأسمدة على البرمودا في الربيع عندما يكون العشب أخضر بنسبة 50٪ أو عندما تكون درجة حرارة التربة أعلى من 65 درجة فهرنهايت. قم بزيارة www.georgiaweather.net لتحديد درجة حرارة التربة المحلية. قم بتخصيب عشبة البرمودا كل ستة أسابيع بعد ذلك حتى منتصف سبتمبر ، ويجب أن يتم أول تطبيق للأس
CASE_0245,1003482,endpoint,1,4191403,0.6857,0.6857,0,ar,جيكو الاتحاد الائتماني الاتحادي رقم أبا. رقم التوجيه 255076928 هو رقم مكون من 9 أرقام تم تصميمه وتخصيصه إلى Geico Federal Credit Union من قبل American Bankers Association (ABA) لتحديد المؤسسة المالية التي تم سحب الدفعة بناءً عليها.
CASE_0245,1003482,endpoint,2,8167472,0.684,0.684,0,ar,رقم أبا للتوجيه المصرفي. رقم التوجيه 301071712 هو رقم مكون من 9 أرقام تم تصميمه وتخصيصه لـ Bankliberty بواسطة American Bankers Association (ABA) لتحديد المؤسسة المالية التي تم سحب الدفعة بناءً عليها. تُعرف أرقام توجيه Bankliberty أيضًا باسم أرقام ABA ، أو أرقام عبور التوجيه (RTN) ، أو تحقق من أرقام
CASE_0245,1003482,endpoint,3,6078696,0.6784,0.6784,0,ar,بلدي الاتحاد الائتماني الفيدرالي الاتحاد رقم أبا. رقم التوجيه 316386434 عبارة عن رقم مكون من 9 أرقام تم تصميمه وتخصيصه إلى My Community Federal Credit Union بواسطة American Bankers Association (ABA) لتحديد المؤسسة المالية التي تم سحب الدفعة بناءً عليها.
CASE_0245,1003482,endpoint,4,2010553,0.6711,0.6711,0,ar,رقم أبا لاتحاد الائتمان البحري في المحيط الهادئ. رقم التوجيه 322274925 هو رقم مكون من 9 أرقام تم تصميمه وتخصيصه لاتحاد التسليف والائتمان البحري من قبل جمعية المصرفيين الأمريكية (ABA) لتحديد المؤسسة المالية التي تم سحب الدفعة بناءً عليها.
CASE_0245,1003482,endpoint,5,7010715,0.6708,0.6708,0,ar,برج إتحاد الائتمان الإتحادي رقم أبا. رقم التوجيه 255077370 هو رقم مكون من 9 أرقام تم تصميمه وتخصيصه إلى Tower Federal Credit Union من قبل American Bankers Association (ABA) لتحديد المؤسسة المالية التي تم سحب المدفوعات عليها.
CASE_0245,1003482,endpoint,6,1094852,0.6707,0.6707,0,ar,رقم ABA (المعروف أيضًا باسم رقم التوجيه أو رقم التحويل التوجيهي) هو سلسلة من تسعة أحرف رقمية تستخدمها البنوك لتحديد مؤسسات مالية معينة داخل الولايات المتحدة. يُستخدم رقم ABA في التعاملات السلكية ومعاملات غرفة المقاصة التلقائية الإلكترونية (ACH) مثل التحويل الإلكتروني للأموال ، والإيداع المباشر ، وال
CASE_0245,1003482,endpoint,7,6668493,0.6688,0.6688,0,ar,https://www.paypal-prepaid.com/faq.shtml. رقم توجيه ABA لبنك Bancorp هو 031101169. ملاحظة: رقم حساب بطاقتك ليس هو الرقم المكون من 16 رقمًا على البطاقة. هناك 3 طرق لمعرفة رقم حساب بطاقتك: إذا كانت بطاقة PayPal مسبقة الدفع الخاصة بك مرتبطة بحساب PayPal الخاص بك ، فقم بتسجيل الدخول إلى مركز الحساب الخا
CASE_0245,1003482,endpoint,8,5437773,0.6655,0.6655,0,ar,من الأسئلة الشائعة: https://www.paypal-prepaid.com/faq.shtml. رقم توجيه ABA لبنك Bancorp هو 031101169. ملاحظة: رقم حساب بطاقتك ليس هو الرقم المكون من 16 رقمًا على البطاقة. هناك 3 طرق لمعرفة رقم حساب بطاقتك: إذا كانت بطاقة PayPal مسبقة الدفع الخاصة بك مرتبطة بحساب PayPal الخاص بك ، فقم بتسجيل الدخول
CASE_0245,1003482,endpoint,9,8408469,0.6648,0.6648,0,ar,جمعية المصرفيين الأمريكية. رقم توجيه ABA هو رقم مكون من تسعة أرقام يحدد المؤسسة المالية المرتبطة بحساب العميل المصرفي. للحصول على رقم توجيه ، انظر إلى الزاوية اليسرى السفلية للشيك الحالي أو قسيمة الإيداع من البنك. ما هو بنك ابا.
CASE_0245,1003482,endpoint,10,1829160,0.6646,0.6646,0,ar,رقم توجيه ABA لبنك Bancorp هو 031101169. ملاحظة: رقم حساب بطاقتك ليس هو الرقم المكون من 16 رقمًا على البطاقة. هناك 3 طرق لمعرفة رقم حساب بطاقتك: إذا كانت بطاقة PayPal مسبقة الدفع الخاصة بك مرتبطة بحساب PayPal الخاص بك ، فقم بتسجيل الدخول إلى مركز الحساب الخاص بك على الإنترنت. من القائمة الرئيسية ، ح
CASE_0245,1003482,mixed,1,1094852,0.7458,0.7458,0,ar,رقم ABA (المعروف أيضًا باسم رقم التوجيه أو رقم التحويل التوجيهي) هو سلسلة من تسعة أحرف رقمية تستخدمها البنوك لتحديد مؤسسات مالية معينة داخل الولايات المتحدة. يُستخدم رقم ABA في التعاملات السلكية ومعاملات غرفة المقاصة التلقائية الإلكترونية (ACH) مثل التحويل الإلكتروني للأموال ، والإيداع المباشر ، وال
CASE_0245,1003482,mixed,2,7431838,0.7256,0.7256,0,ar,رقم التوجيه الذي يشار إليه أحيانًا باسم aba هو تسلسل من تسعة أرقام تستخدمها البنوك لتحديد الضمانات المالية المحددة ضمن هذا الرقم يثبت البنك ما هو رقم الحساب المصرفي المستخدم لـ [ࢠ€ ¦]
CASE_0245,1003482,mixed,3,43743,0.7082,0.7082,0,ar,إذا كنت تعيد ترتيب الشيكات ، أو تُعد إيداعًا مباشرًا أو دفعًا آليًا ، أو تقوم بإعداد تحويل إلكتروني ، فمن المحتمل أن يُطلب منك تقديم رقم ABA إلى مؤسستك المالية. تعمل أرقام ABA على تسريع معالجة عمليات الخصم والائتمان بين المؤسسات المالية.
CASE_0245,1003482,mixed,4,3804936,0.7059,0.7059,0,ar,رقم عبور التوجيه رقم عبور التوجيه aba هو رمز مكون من تسعة أرقام يُستخدم في الولايات المتحدة ويظهر في الجزء السفلي من الأدوات القابلة للتداول مثل الشيكات لتحديد المؤسسة المالية التي تم السحب عليها
CASE_0245,1003482,mixed,5,1221820,0.7047,0.7047,0,ar,رقم ABA أو رقم عبور ABA عبارة عن ترميز رقمي مطبوع على أداة قابلة للتداول لشيك ، مما يسهل مقاصة الشيكات بين البنوك ، وقد يكون ذلك داخل فرع أو معاملة بين البنوك. تتم إدارة النظام من قبل نفس المنظمة التي يرمز إليها اختصار ABA ، وهي جمعية المصرفيين الأمريكية.
CASE_0245,1003482,mixed,6,8167472,0.7047,0.7047,0,ar,رقم أبا للتوجيه المصرفي. رقم التوجيه 301071712 هو رقم مكون من 9 أرقام تم تصميمه وتخصيصه لـ Bankliberty بواسطة American Bankers Association (ABA) لتحديد المؤسسة المالية التي تم سحب الدفعة بناءً عليها. تُعرف أرقام توجيه Bankliberty أيضًا باسم أرقام ABA ، أو أرقام عبور التوجيه (RTN) ، أو تحقق من أرقام
CASE_0245,1003482,mixed,7,7209809,0.7044,0.7044,0,ar,في بعض الحالات ، يكون الرقم في مكان آخر ، ولكن إذا كنت تعمل بشيك شخصي ، فيجب أن تنظر إلى أسفل اليسار. تعمل أرقام ABA كعنوان للبنك الذي تتعامل معه. باستخدام هذا الرقم ، يمكن للمصارف الأخرى الاتصال بالمصرف الذي تتعامل معه وتحصيل الأموال من حسابك عند كتابة شيك.
CASE_0245,1003482,mixed,8,3808618,0.7036,0.7036,0,ar,"""رقم توجيه العبور / ABA هو رقم تعريف مكون من 9 أرقام مخصص لمؤسسة مالية من قبل جمعية المصرفيين الأمريكية ، ويحدد هذا الرقم المؤسسة المالية التي يتم سحب المدفوعات بناءً عليها. ¬Ã'Å تحقق من أرقام التوجيه """"أرقام عبور التوجيه"""" ¢. قد تختلف أرقام التوجيه بناءً على مكان فتح الحساب أو نوع المعاملة التي يتم"
CASE_0245,1003482,mixed,9,2204632,0.7036,0.7036,0,ar,إذا كان لديك حساب تجاري ، فسيتبع رقم ABA رقم التحقق المكون من ستة أرقام في الجزء السفلي من الشيك. يُعرف رقم ABA أيضًا باسم رقم التوجيه والعبور أو RTN أو رقم البنك. تم تأسيسه من قبل جمعية المصرفيين الأمريكيين للتعرف على بنك صاحب الحساب 036076150. وجد شخصان هذا مفيدًا.
CASE_0245,1003482,mixed,10,7257370,0.7033,0.7033,0,ar,رقم توجيه ABA هو رمز للمدفوعات الإلكترونية من وإلى الحساب المصرفي. تعرف على مكان العثور على هذا الرمز المكون من تسعة أرقام وكيفية استخدامه. رقم توجيه ABA هو رمز للمدفوعات الإلكترونية من وإلى الحساب المصرفي.
CASE_0245,1004199,endpoint,1,7762537,0.7757,0.7757,1,ar,أثناء إطلاق النار الأول ، كان توباك موجودًا ، أين أطلق النار على جسده؟ سمعت أنه كان مرتين في الفخذ ومرتين في الرأس ومرتين في اليد. لكن كيف نجا؟ أي معلومة موضع تقدير.
CASE_0245,1004199,endpoint,2,5246999,0.6731,0.6731,0,ar,في 7 سبتمبر 1996 ، تم إطلاق النار على توباك أربع مرات في إطلاق نار من سيارة مسرعة في لاس فيجاس ، نيفادا. في 13 سبتمبر 1996 ، بعد ستة أيام من إطلاق النار ، توفي توباك بسبب فشل تنفسي وسكتة قلبية في المركز الطبي الجامعي ، لاس فيغاس.
CASE_0245,1004199,endpoint,3,4944315,0.6498,0.6498,0,ar,تصويت الثقة 1.9K. في 7 سبتمبر / أيلول 1996 ، في حوالي الساعة 11:15 مساءً ، أصيب توباك شاكور بأربع طلقة من اثنتي عشرة أو ثلاثة عشر رصاصة أُطلقت من سيارة إلى أخرى في منتصف الشارع ، وأصيبته بعيار ناري في صدره ، وحوضه ، و يده اليمنى وفخذه. يبدو أن إحدى الجولات ارتدت في الرئة اليمنى لشاكور.
CASE_0245,1004199,endpoint,4,5160701,0.6358,0.6358,0,ar,توباك للرماية. في 7 سبتمبر 1996 ، غادر توباك مباراة ملاكمة مايك تايسون في لاس فيجاس ، نيفادا. تشاجر مع أحد أعضاء عائلة كريبس في بهو الفندق قبل مغادرته في سيارته. عندما توقفت عند إشارة حمراء ، توقفت سيارة حتى شاكور وأطلقت 12 طلقة على مغني الراب.
CASE_0245,1004199,endpoint,5,7762536,0.6288,0.6288,0,ar,تم إطلاق النار على توباك عدة مرات. في سبتمبر 1996 ، تم إطلاق النار على 2Pac أربع مرات في منطقة العاصمة نيفادا في لاس فيغاس. تم نقله إلى المركز الطبي الجامعي ، حيث توفي متأثراً بفشل في التنفس وسكتة قلبية.
CASE_0245,1004199,endpoint,6,7022736,0.6255,0.6255,0,ar,توباك (يسار) وسوج نايت في لوس أنجلوس عام 1996 الائتمان: AP. وبينما كانوا ينتظرون تغيير الأضواء ، توقفت سيارة كاديلاك بيضاء بجانبها ، أطلقت منها 14 طلقة. أصيب توباك ست مرات برصاصة اخترقت رئته. توفي بعد ستة أيام ، عن عمر يناهز 25 عامًا ، متأثرًا بجروح أصيب بها في الهجوم. بعد عشرين عامًا ، لم تتم إدانة
CASE_0245,1004199,endpoint,7,5799665,0.6188,0.6188,0,ar,تم إطلاق النار على توباك عدة مرات. في سبتمبر 1996 ، تم إطلاق النار على 2Pac أربع مرات في منطقة العاصمة نيفادا في لاس فيغاس. تم نقله إلى المركز الطبي الجامعي ، حيث توفي متأثراً بفشل في التنفس وسكتة قلبية. BrainIsForLovers.
CASE_0245,1004199,endpoint,8,2354099,0.6153,0.6153,0,ar,في 7 سبتمبر / أيلول 1996 ، في حوالي الساعة 11:15 مساءً ، أصيب توباك شاكور بأربع طلقة من اثنتي عشرة أو ثلاثة عشر رصاصة أُطلقت من سيارة إلى أخرى في منتصف الشارع ، وأصيبته بعيار ناري في صدره ، وحوضه ، و يده اليمنى وفخذه. يبدو أن إحدى الجولات ارتدت في الرئة اليمنى لشاكور.
CASE_0245,1004199,endpoint,9,5382092,0.6075,0.6075,0,ar,EDT) في المركز الطبي الجامعي في لاس فيجاس ، حيث كان يتشبث بالحياة منذ تعرضه للتفجير أربع مرات في صدره في 7 سبتمبر بالقرب من قطاع مضاء بالنيون. وقال متحدث باسم المستشفى إنه توفي بسبب فشل في التنفس وسكتة قلبية. أصيب توباك شاكور بجروح خطيرة بعد إطلاق النار من سيارة مارة عام 1996.
CASE_0245,1004199,endpoint,10,4507440,0.6057,0.6057,0,ar,بينما نجا توباك من إطلاق النار ، الذي وقع في 30 نوفمبر 1994 ، في استوديوهات التسجيل الرباعي في مانهاتن ، وتركه برصاصتين في رأسه ، حرض الحادث مباشرة الساحل الشرقي المميت. - عداء الراب في West Cost ، مما أدى إلى مقتل كل من توباك ومنافسته في الساحل الشرقي بيجي سمولز بالرصاص.
CASE_0245,1004199,mixed,1,7762537,0.7516,0.7516,1,ar,أثناء إطلاق النار الأول ، كان توباك موجودًا ، أين أطلق النار على جسده؟ سمعت أنه كان مرتين في الفخذ ومرتين في الرأس ومرتين في اليد. لكن كيف نجا؟ أي معلومة موضع تقدير.
CASE_0245,1004199,mixed,2,5246999,0.6732,0.6732,0,ar,في 7 سبتمبر 1996 ، تم إطلاق النار على توباك أربع مرات في إطلاق نار من سيارة مسرعة في لاس فيجاس ، نيفادا. في 13 سبتمبر 1996 ، بعد ستة أيام من إطلاق النار ، توفي توباك بسبب فشل تنفسي وسكتة قلبية في المركز الطبي الجامعي ، لاس فيغاس.
CASE_0245,1004199,mixed,3,7762536,0.6595,0.6595,0,ar,تم إطلاق النار على توباك عدة مرات. في سبتمبر 1996 ، تم إطلاق النار على 2Pac أربع مرات في منطقة العاصمة نيفادا في لاس فيغاس. تم نقله إلى المركز الطبي الجامعي ، حيث توفي متأثراً بفشل في التنفس وسكتة قلبية.
CASE_0245,1004199,mixed,4,5799665,0.6527,0.6527,0,ar,تم إطلاق النار على توباك عدة مرات. في سبتمبر 1996 ، تم إطلاق النار على 2Pac أربع مرات في منطقة العاصمة نيفادا في لاس فيغاس. تم نقله إلى المركز الطبي الجامعي ، حيث توفي متأثراً بفشل في التنفس وسكتة قلبية. BrainIsForLovers.
CASE_0245,1004199,mixed,5,4944315,0.6479,0.6479,0,ar,تصويت الثقة 1.9K. في 7 سبتمبر / أيلول 1996 ، في حوالي الساعة 11:15 مساءً ، أصيب توباك شاكور بأربع طلقة من اثنتي عشرة أو ثلاثة عشر رصاصة أُطلقت من سيارة إلى أخرى في منتصف الشارع ، وأصيبته بعيار ناري في صدره ، وحوضه ، و يده اليمنى وفخذه. يبدو أن إحدى الجولات ارتدت في الرئة اليمنى لشاكور.
CASE_0245,1004199,mixed,6,5160701,0.6438,0.6438,0,ar,توباك للرماية. في 7 سبتمبر 1996 ، غادر توباك مباراة ملاكمة مايك تايسون في لاس فيجاس ، نيفادا. تشاجر مع أحد أعضاء عائلة كريبس في بهو الفندق قبل مغادرته في سيارته. عندما توقفت عند إشارة حمراء ، توقفت سيارة حتى شاكور وأطلقت 12 طلقة على مغني الراب.
CASE_0245,1004199,mixed,7,5382092,0.6426,0.6426,0,ar,EDT) في المركز الطبي الجامعي في لاس فيجاس ، حيث كان يتشبث بالحياة منذ تعرضه للتفجير أربع مرات في صدره في 7 سبتمبر بالقرب من قطاع مضاء بالنيون. وقال متحدث باسم المستشفى إنه توفي بسبب فشل في التنفس وسكتة قلبية. أصيب توباك شاكور بجروح خطيرة بعد إطلاق النار من سيارة مارة عام 1996.
CASE_0245,1004199,mixed,8,6113580,0.63,0.63,0,ar,في نهاية عام 1994 ، في طريقه لزيارة Biggie في استوديو تسجيل في نيويورك ، تعرض توباك للسرقة وإطلاق النار عليه في بهو الطابق السفلي. لم يتم التأكد من هوية المسؤول عن الجريمة ، لكن توباك كان مصرا على أن بيغي هي المسؤولة.
CASE_0245,1004199,mixed,9,7022736,0.6271,0.6271,0,ar,توباك (يسار) وسوج نايت في لوس أنجلوس عام 1996 الائتمان: AP. وبينما كانوا ينتظرون تغيير الأضواء ، توقفت سيارة كاديلاك بيضاء بجانبها ، أطلقت منها 14 طلقة. أصيب توباك ست مرات برصاصة اخترقت رئته. توفي بعد ستة أيام ، عن عمر يناهز 25 عامًا ، متأثرًا بجروح أصيب بها في الهجوم. بعد عشرين عامًا ، لم تتم إدانة
CASE_0245,1004199,mixed,10,4916816,0.6234,0.6234,0,ar,مات توباك شاكور (2Pac) لمدة 15 عامًا لكن شريطه الجنسي ظهر للتو! [PICS] توباك شاكور (2Pac) كان ممثلًا عالميًا ومغني راب توفي في 13 سبتمبر 1996 بعد إطلاق النار عليه. بعد أكثر من 15 عامًا على وفاته ، ظهر شريط جنسي! استمرت الشائعات منذ يومين ، لكن TMZ حصلت على دليل فوتوغرافي على وجود شريط جنسي من Tupac!
CASE_0245,1004322,endpoint,1,2485718,0.7197,0.7197,0,ar,حجم الرحم. حوالي 12 أسبوعًا من الحمل ، يمكن الشعور بأعلى الرحم (قاع الرحم) فوق حافة الحوض. في الأسبوع العشرين ، سيكون قاع السرة على ارتفاع يقارب السرة.
CASE_0245,1004322,endpoint,2,4040542,0.7143,0.7143,0,ar,عندما تقوم بقياس الرحم ، فإنك تتحقق لمعرفة مكان الجزء العلوي من الرحم. علامات صحية. 1 يتطابق ارتفاع الرحم مع عمر الحمل للجنين ، أي عدد أسابيع أو شهور الحمل (الحمل). 2 يرتفع الجزء العلوي من الرحم في بطن الأم بحوالي إصبعين أو 4 سم كل شهر. حوالي ثمانية إلى تسعة أشهر (36-40 أسبوعًا) ، أعلى الرحم يكاد يص
CASE_0245,1004322,endpoint,3,4040543,0.7135,0.7135,0,ar,1 يتطابق ارتفاع الرحم مع عمر الحمل للجنين ، أي عدد أسابيع أو شهور الحمل (الحمل). 2 يرتفع الجزء العلوي من الرحم في بطن الأم بحوالي إصبعين أو 4 سم كل شهر. حوالي ثمانية إلى تسعة أشهر (36-40 أسبوعًا) ، أعلى الرحم يكاد يصل إلى أسفل ضلوع الأم. قد ينخفض ​​الأطفال في الأسابيع التي تسبق الولادة مباشرة. يمكنك
CASE_0245,1004322,endpoint,4,6241481,0.7135,0.7135,0,ar,في حوالي خمسة أشهر (20-22 أسبوعًا) ، يكون الجزء العلوي من الرحم عادةً عند سرة بطن الأم (السرة أو السرة). في حوالي ثمانية إلى تسعة أشهر (36-40 أسبوعًا) ، يكون الجزء العلوي من الرحم تقريبًا يصل إلى أسفل ضلوع الأم. قد ينخفض ​​الأطفال في الأسابيع التي تسبق الولادة مباشرة ، يمكنك إلقاء نظرة على الشكل 7.1
CASE_0245,1004322,endpoint,5,8803450,0.7076,0.7076,0,ar,20 اسبوع بطن الحامل. بدءًا من الأسبوع العشرين من الحمل تقريبًا ، سيقيس طبيبك ارتفاع قاع الرحم في كل زيارة قبل الولادة. ارتفاع قاع الرحم هو المسافة من عظم العانة إلى أعلى الرحم. بالسنتيمتر ، يجب أن يتطابق ارتفاع قاع الرحم مع أسبوع الحمل ، أي يزيد أو يزيد عن سنتيمترين.
CASE_0245,1004322,endpoint,6,4764891,0.7073,0.7073,0,ar,أثناء الحمل ، سيتغير موضع عنق الرحم ، لكن هذا يحدث في أوقات مختلفة بالنسبة للنساء المختلفات. يرتفع عنق الرحم قليلاً ويصبح أكثر ليونة في وقت مبكر من اليوم الثاني عشر بعد الإباضة أو بعد ذلك بقليل ، عندما يصبح اختبار الحمل المنزلي إيجابيًا. بالنسبة لبعض النساء ، يحدث هذا قبل أن يتوقعن الدورة الشهرية مب
CASE_0245,1004322,endpoint,7,5662281,0.7061,0.7061,0,ar,أثناء الحمل ، سيتغير موضع عنق الرحم ، لكن هذا يحدث في أوقات مختلفة بالنسبة للنساء المختلفات. يرتفع عنق الرحم قليلاً ويصبح أكثر ليونة في وقت مبكر من اليوم الثاني عشر بعد الإباضة أو بعد ذلك بقليل ، عندما يصبح اختبار الحمل المنزلي إيجابيًا. عنق رحم المرأة هو عنق الرحم الذي يمتد إلى المهبل. يظل هذا الأن
CASE_0245,1004322,endpoint,8,2556748,0.705,0.705,0,ar,حمل. ينتج عن هذا التغييرات الأكثر ديناميكية في حجم الرحم. مع تقدم الحمل بعد 12 أسبوعًا ، يبدأ الرحم في الخروج من الحوض. في الأسبوع العشرين ، يكون قاع الرحم أو الجزء العلوي منه محسوسًا على مستوى زر البطن.
CASE_0245,1004322,endpoint,9,441422,0.7001,0.7001,0,ar,أثناء الحمل ، سيتغير موضع عنق الرحم ، لكن هذا يحدث في أوقات مختلفة بالنسبة للنساء المختلفات. يرتفع عنق الرحم قليلاً ويصبح أكثر ليونة في وقت مبكر من اليوم الثاني عشر بعد الإباضة أو بعد ذلك بقليل ، عندما يصبح اختبار الحمل المنزلي إيجابيًا.
CASE_0245,1004322,endpoint,10,3355190,0.699,0.699,0,ar,بعد حوالي 20 أسبوعًا ، يرتبط ارتفاع قاع الرحم (أعلى الرحم) ، المقاس بالسنتيمتر من أعلى عظم العانة ، بأسبوع الحمل الحالي.
CASE_0245,1004322,mixed,1,2485718,0.6979,0.6979,0,ar,حجم الرحم. حوالي 12 أسبوعًا من الحمل ، يمكن الشعور بأعلى الرحم (قاع الرحم) فوق حافة الحوض. في الأسبوع العشرين ، سيكون قاع السرة على ارتفاع يقارب السرة.
CASE_0245,1004322,mixed,2,4764891,0.6967,0.6967,0,ar,أثناء الحمل ، سيتغير موضع عنق الرحم ، لكن هذا يحدث في أوقات مختلفة بالنسبة للنساء المختلفات. يرتفع عنق الرحم قليلاً ويصبح أكثر ليونة في وقت مبكر من اليوم الثاني عشر بعد الإباضة أو بعد ذلك بقليل ، عندما يصبح اختبار الحمل المنزلي إيجابيًا. بالنسبة لبعض النساء ، يحدث هذا قبل أن يتوقعن الدورة الشهرية مب
CASE_0245,1004322,mixed,3,6241481,0.6948,0.6948,0,ar,في حوالي خمسة أشهر (20-22 أسبوعًا) ، يكون الجزء العلوي من الرحم عادةً عند سرة بطن الأم (السرة أو السرة). في حوالي ثمانية إلى تسعة أشهر (36-40 أسبوعًا) ، يكون الجزء العلوي من الرحم تقريبًا يصل إلى أسفل ضلوع الأم. قد ينخفض ​​الأطفال في الأسابيع التي تسبق الولادة مباشرة ، يمكنك إلقاء نظرة على الشكل 7.1
CASE_0245,1004322,mixed,4,4040542,0.6925,0.6925,0,ar,عندما تقوم بقياس الرحم ، فإنك تتحقق لمعرفة مكان الجزء العلوي من الرحم. علامات صحية. 1 يتطابق ارتفاع الرحم مع عمر الحمل للجنين ، أي عدد أسابيع أو شهور الحمل (الحمل). 2 يرتفع الجزء العلوي من الرحم في بطن الأم بحوالي إصبعين أو 4 سم كل شهر. حوالي ثمانية إلى تسعة أشهر (36-40 أسبوعًا) ، أعلى الرحم يكاد يص
CASE_0245,1004322,mixed,5,8803450,0.6922,0.6922,0,ar,20 اسبوع بطن الحامل. بدءًا من الأسبوع العشرين من الحمل تقريبًا ، سيقيس طبيبك ارتفاع قاع الرحم في كل زيارة قبل الولادة. ارتفاع قاع الرحم هو المسافة من عظم العانة إلى أعلى الرحم. بالسنتيمتر ، يجب أن يتطابق ارتفاع قاع الرحم مع أسبوع الحمل ، أي يزيد أو يزيد عن سنتيمترين.
CASE_0245,1004322,mixed,6,4040543,0.6912,0.6912,0,ar,1 يتطابق ارتفاع الرحم مع عمر الحمل للجنين ، أي عدد أسابيع أو شهور الحمل (الحمل). 2 يرتفع الجزء العلوي من الرحم في بطن الأم بحوالي إصبعين أو 4 سم كل شهر. حوالي ثمانية إلى تسعة أشهر (36-40 أسبوعًا) ، أعلى الرحم يكاد يصل إلى أسفل ضلوع الأم. قد ينخفض ​​الأطفال في الأسابيع التي تسبق الولادة مباشرة. يمكنك
CASE_0245,1004322,mixed,7,3053814,0.6906,0.6906,0,ar,تحدث الكثير من التغييرات أثناء الحمل. كما ذكرنا ، يتطور الرحم خارج الحوض مع نمو الطفل. يجب أن تكوني قادرة على الشعور بقاعك في الأسبوع 12 فقط من الحمل وبحلول الوقت الذي تصلين فيه إلى 24 أسبوعًا ، يجب أن تبدأ عضلات عضلات الرحم في التمدد لأعلى.
CASE_0245,1004322,mixed,8,441422,0.6896,0.6896,0,ar,أثناء الحمل ، سيتغير موضع عنق الرحم ، لكن هذا يحدث في أوقات مختلفة بالنسبة للنساء المختلفات. يرتفع عنق الرحم قليلاً ويصبح أكثر ليونة في وقت مبكر من اليوم الثاني عشر بعد الإباضة أو بعد ذلك بقليل ، عندما يصبح اختبار الحمل المنزلي إيجابيًا.
CASE_0245,1004322,mixed,9,2556748,0.6885,0.6885,0,ar,حمل. ينتج عن هذا التغييرات الأكثر ديناميكية في حجم الرحم. مع تقدم الحمل بعد 12 أسبوعًا ، يبدأ الرحم في الخروج من الحوض. في الأسبوع العشرين ، يكون قاع الرحم أو الجزء العلوي منه محسوسًا على مستوى زر البطن.
CASE_0245,1004322,mixed,10,5662281,0.6881,0.6881,0,ar,أثناء الحمل ، سيتغير موضع عنق الرحم ، لكن هذا يحدث في أوقات مختلفة بالنسبة للنساء المختلفات. يرتفع عنق الرحم قليلاً ويصبح أكثر ليونة في وقت مبكر من اليوم الثاني عشر بعد الإباضة أو بعد ذلك بقليل ، عندما يصبح اختبار الحمل المنزلي إيجابيًا. عنق رحم المرأة هو عنق الرحم الذي يمتد إلى المهبل. يظل هذا الأن
CASE_0245,1004949,endpoint,1,7256206,0.6575,0.6575,0,ar,عذرًا ، Netflix. ديزني تطلق خدمة البث الخاصة بها. ومن المقرر إطلاق الخدمة في عام 2019. مع وجود خدمات بث جديدة قيد الإعداد ، تحاول Disney أن تهيئ نفسها لمستقبل تم تأطيره إلى حد كبير بواسطة Netflix: توفير الأشياء التي تريد مشاهدتها ، عندما تريد مشاهدتها. تطلق The Magic Kingdom خدمة البث المباشر الخاصة
CASE_0245,1004949,endpoint,2,7256199,0.625,0.625,0,ar,وفي الوقت نفسه ، حول خدمة ESPN ، تقول Disney إنها ستطلق: يقول Iger إنها ستكون متاحة في Ã'Ã' early أوائل عام 2018 وسيشمل أكثر من 10،000 ساعة من رياضات. لن يكون هذا الإصدار المباشر للمستهلك لقناة ESPN الحقيقية التي يستخدمها الأشخاص تخمين منذ سنوات.
CASE_0245,1004949,endpoint,3,2816376,0.6183,0.6183,0,ar,هذه الخدمة هي خليفة لخدمة TV Everywhere الأصلية لقناة ديزني ، قناة Watch Disney ، والتي تم إطلاقها في يونيو 2012 ؛ في سبتمبر 2017 ، استبدلت Disney التطبيقات المنفصلة لقناة Disney و Junior و XD بتطبيق جديد يُعرف باسم DisneyNow.
CASE_0245,1004949,endpoint,4,4410810,0.6083,0.6083,0,ar,Disney Infinity هي لعبة فيديو رمل ومغامرة تم تطويرها بواسطة Avalanche Software ونشرتها Disney Interactive Studios. [2] تم الإعلان عنه في 15 يناير 2013 وتم تطويره لحوالي 100 مليون دولار.
CASE_0245,1004949,endpoint,5,3805912,0.5974,0.5974,0,ar,المطالبة: ستتوفر مجموعة أفلام ديزني بأكملها للعرض عبر Netflix بدءًا من سبتمبر 2016. ما هو صحيح: بدءًا من سبتمبر 2016 ، ستكون Netflix هي المنفذ المنزلي الحصري للتلفزيون المدفوع في الولايات المتحدة لأفلام Disney الجديدة.
CASE_0245,1004949,endpoint,6,7256201,0.5964,0.5964,0,ar,الثلاثاء 8 أغسطس ، 2017. أعلنت شركة ديزني عن إطلاق خدمة البث ESPN الخاصة بها بدءًا من عام 2018 ، حسبما أعلنت الشركة الإعلامية في أحدث مكالمة أرباح لها. يبدو أن خدمة البث المباشر ستسمح للمستهلكين بالدفع مقابل محتوى ESPN دون شراء كابل أكبر أو حزمة قمر صناعي.
CASE_0245,1004949,endpoint,7,7256207,0.5941,0.5941,0,ar,ستطلق ديزني خدمة اشتراك بالفيديو خالية من الإعلانات على غرار Netflix في عام 2019. تم الإعلان أمس من قبل الرئيس التنفيذي لشركة Disney Bob Iger أثناء مكالمة مع أحد المستثمرين. أصبحت الخدمة التي لم تحمل عنوانًا ممكنًا بعد انتهاء صلاحية عقد بث ديزني - Ã'â ؟؟ - لمدة ثلاث سنوات مع Netflix ، والذي ينتهي في
CASE_0245,1004949,endpoint,8,5451699,0.5916,0.5916,0,ar,Disney Springs هو مجمع للتسوق وتناول الطعام والترفيه في الهواء الطلق في Walt Disney World Resort في Bay Lake ، فلوريدا ، بالقرب من أورلاندو. تم افتتاح المجمع في 22 مارس 1975 ، وتم توسيعه وإعادة تسميته في أوقات أخرى على مر السنين ، حتى 2013 ، عندما تم الإعلان عن خطط لتجديد وتوسيع المجمع لمدة ثلاث سنو
CASE_0245,1004949,endpoint,9,3034099,0.5906,0.5906,0,ar,البناء والتطوير. تم الإعلان عن العرض لأول مرة كجزء من توسعة Disney California Adventure Park في خريف عام 2007. بدأ بناء المعرض المائي مع تجفيف البحيرة في 3 نوفمبر 2008. بدأ البناء على المنصة في 5 يناير 2009. The تمت إعادة تعبئة المياه في خليج الجنة في نوفمبر 2009.
CASE_0245,1004949,endpoint,10,878249,0.5857,0.5857,0,ar,المطالبة: ستتوفر مجموعة أفلام ديزني بأكملها للعرض عبر Netflix اعتبارًا من سبتمبر 2016. في الغالب خطأ. ما هو صحيح: اعتبارًا من سبتمبر 2016 ، ستكون Netflix هي المنفذ المنزلي الحصري للتلفزيون المدفوع في الولايات المتحدة لأفلام Disney الجديدة. الخطأ الخطأ: لن تقوم Netflix ببث مجموعة أفلام ديزني بالكامل
CASE_0245,1004949,mixed,1,7256206,0.6955,0.6955,0,ar,عذرًا ، Netflix. ديزني تطلق خدمة البث الخاصة بها. ومن المقرر إطلاق الخدمة في عام 2019. مع وجود خدمات بث جديدة قيد الإعداد ، تحاول Disney أن تهيئ نفسها لمستقبل تم تأطيره إلى حد كبير بواسطة Netflix: توفير الأشياء التي تريد مشاهدتها ، عندما تريد مشاهدتها. تطلق The Magic Kingdom خدمة البث المباشر الخاصة
CASE_0245,1004949,mixed,2,7256199,0.646,0.646,0,ar,وفي الوقت نفسه ، حول خدمة ESPN ، تقول Disney إنها ستطلق: يقول Iger إنها ستكون متاحة في Ã'Ã' early أوائل عام 2018 وسيشمل أكثر من 10،000 ساعة من رياضات. لن يكون هذا الإصدار المباشر للمستهلك لقناة ESPN الحقيقية التي يستخدمها الأشخاص تخمين منذ سنوات.
CASE_0245,1004949,mixed,3,2816376,0.6454,0.6454,0,ar,هذه الخدمة هي خليفة لخدمة TV Everywhere الأصلية لقناة ديزني ، قناة Watch Disney ، والتي تم إطلاقها في يونيو 2012 ؛ في سبتمبر 2017 ، استبدلت Disney التطبيقات المنفصلة لقناة Disney و Junior و XD بتطبيق جديد يُعرف باسم DisneyNow.
CASE_0245,1004949,mixed,4,7256207,0.6337,0.6337,0,ar,ستطلق ديزني خدمة اشتراك بالفيديو خالية من الإعلانات على غرار Netflix في عام 2019. تم الإعلان أمس من قبل الرئيس التنفيذي لشركة Disney Bob Iger أثناء مكالمة مع أحد المستثمرين. أصبحت الخدمة التي لم تحمل عنوانًا ممكنًا بعد انتهاء صلاحية عقد بث ديزني - Ã'â ؟؟ - لمدة ثلاث سنوات مع Netflix ، والذي ينتهي في
CASE_0245,1004949,mixed,5,3805912,0.6311,0.6311,0,ar,المطالبة: ستتوفر مجموعة أفلام ديزني بأكملها للعرض عبر Netflix بدءًا من سبتمبر 2016. ما هو صحيح: بدءًا من سبتمبر 2016 ، ستكون Netflix هي المنفذ المنزلي الحصري للتلفزيون المدفوع في الولايات المتحدة لأفلام Disney الجديدة.
CASE_0245,1004949,mixed,6,7256201,0.6277,0.6277,0,ar,الثلاثاء 8 أغسطس ، 2017. أعلنت شركة ديزني عن إطلاق خدمة البث ESPN الخاصة بها بدءًا من عام 2018 ، حسبما أعلنت الشركة الإعلامية في أحدث مكالمة أرباح لها. يبدو أن خدمة البث المباشر ستسمح للمستهلكين بالدفع مقابل محتوى ESPN دون شراء كابل أكبر أو حزمة قمر صناعي.
CASE_0245,1004949,mixed,7,878249,0.6227,0.6227,0,ar,المطالبة: ستتوفر مجموعة أفلام ديزني بأكملها للعرض عبر Netflix اعتبارًا من سبتمبر 2016. في الغالب خطأ. ما هو صحيح: اعتبارًا من سبتمبر 2016 ، ستكون Netflix هي المنفذ المنزلي الحصري للتلفزيون المدفوع في الولايات المتحدة لأفلام Disney الجديدة. الخطأ الخطأ: لن تقوم Netflix ببث مجموعة أفلام ديزني بالكامل
CASE_0245,1004949,mixed,8,7255222,0.62,0.62,0,ar,ستسحب Disney أفلامها من Netflix وتبدأ خدمات البث الخاصة بها والتي أعلنت ديزني خلال تقرير أرباحها الأخير أنها تعتزم سحب جميع أفلامها من Netflix كما ستطلق خدمة بث فيديو ESPN في أوائل عام 2018 ، بما في ذلك محتوى MLB و NHL و MLS.
CASE_0245,1004949,mixed,9,6593613,0.6163,0.6163,0,ar,المصدر: Netflix. سيبدأ هذا الاختيار القديم في التغيير بشكل كبير في 10 أبريل. وذلك عندما تنتقل شركتا Disney و Netflix إلى المستوى التالي مع إطلاق سلسلة Marvel's Daredevil. Daredevil هو أول جزء من محتوى حصري من Disney يصل إلى خوادم Netflix. وهي مجرد بداية لشراكة ضخمة بين أكبر خدمة بث في العالم و The H
CASE_0245,1004949,mixed,10,3805913,0.616,0.616,0,ar,المطالبة: ستتوفر مجموعة أفلام ديزني بأكملها للعرض عبر Netflix اعتبارًا من سبتمبر 2016. في الغالب خطأ. ما هو صحيح: اعتبارًا من سبتمبر 2016 ، ستكون Netflix هي المنفذ المنزلي الحصري للتلفزيون المدفوع في الولايات المتحدة لأفلام Disney الجديدة. الخطأ الخطأ: لن تقوم Netflix ببث مجموعة أفلام ديزني بالكامل
CASE_0245,1005163,endpoint,1,4935401,0.6557,0.6557,0,ar,التعديل يحد من تدخل الحكومة عندما يتعلق الأمر بحقوق الإنسان.
CASE_0245,1005163,endpoint,2,3424607,0.655,0.655,0,ar,ثالثًا ، منع الدول من حرمان الأشخاص من الحياة أو الحرية أو الممتلكات دون اتباع الإجراءات القانونية الواجبة. من المحتمل أن يكون لهذا البند في التعديل الرابع عشر التأثيرات الأكثر شمولاً حيث تمت كتابة وثيقة الحقوق (التعديلات العشرة الأولى للدستور) ، فهي تنطبق فقط على الحكومة الفيدرالية ، ولأكثر من 100
CASE_0245,1005163,endpoint,3,7098399,0.6485,0.6485,0,ar,تضمن التعديل ثلاثة قيود جديدة على سلطة الدولة: يجب ألا تنتهك الدول امتيازات أو حصانات المواطنين أو تحرم أي شخص من الحياة أو الحرية أو الممتلكات دون اتباع الإجراءات القانونية الواجبة ، ويجب أن تضمن كل الأشخاص على قدم المساواة في الحماية-
CASE_0245,1005163,endpoint,4,5088018,0.6448,0.6448,0,ar,في عام 1868 ، أقر الكونجرس التعديل الرابع عشر للدستور. يحتوي هذا التعديل على بند يمنع الدول من سن أي قانون يحد من الحقوق الممنوحة للمواطنين في الدستور.
CASE_0245,1005163,endpoint,5,8552590,0.64,0.64,0,ar,ما هو التعديل الذي ينص على أن حق مواطني الولايات المتحدة في التصويت لا يجوز أن تنكره الولايات المتحدة أو أي ولاية أو تنتقص منها بسبب العرق أو اللون أو حالة العبودية السابقة ..
CASE_0245,1005163,endpoint,6,4465879,0.6386,0.6386,0,ar,ما هو التعديل الذي يعني ضمناً أن جميع الصلاحيات غير الممنوحة للحكومة الفيدرالية محفوظة للولايات؟ - 643659
CASE_0245,1005163,endpoint,7,4465876,0.6214,0.6214,0,ar,ما هو التعديل الذي قال إن الولايات لا يمكنها أن تحرم أي شخص من الحماية المتساوية للقوانين؟ 14 ما هو التعديل الذي منح المرأة حق التصويت وفي أي سنة تم إقراره؟
CASE_0245,1005163,endpoint,8,3180224,0.6196,0.6196,0,ar,ينص التعديل الأول على أن الكونجرس لا يصدر أي قانون يحترم إنشاء ديانة أو يحظر ممارستها بحرية. إنه يحمي حرية التعبير ، والصحافة ، والتجمع ، والحق في تقديم التماس إلى الحكومة من أجل تعويض المظالم ، ويعطي التعديل الثاني للمواطنين الحق في حمل السلاح. يحظر التعديل الثالث الحكومة من إيواء القوات في منازل خ
CASE_0245,1005163,endpoint,9,25297,0.6195,0.6195,0,ar,ينص التعديل الأول على أن الكونجرس لا يصدر أي قانون يحترم إنشاء ديانة أو يحظر ممارستها بحرية. إنه يحمي حرية التعبير ، والصحافة ، والتجمع ، والحق في تقديم التماس إلى الحكومة من أجل إنصاف المظالم. التعديل الثاني يعطي المواطنين الحق في حمل السلاح. يحظر التعديل الثالث الحكومة من إيواء القوات في منازل خاص
CASE_0245,1005163,endpoint,10,2734145,0.6192,0.6192,0,ar,حول التعديل الأول. لا يجوز للكونغرس أن يضع أي قانون يحترم إنشاء ديانة أو يحظر ممارستها بحرية ؛ أو تقييد حرية الكلام أو حرية الصحافة ؛ أو حق الشعب في التجمع السلمي ، وتقديم التماس إلى الحكومة من أجل إنصاف المظالم. - وثيقة الحقوق - التعديلات العشرة الأولى للدستور - - دخل حيز التنفيذ في 15 ديسمبر 1791
CASE_0245,1005163,mixed,1,8552590,0.6687,0.6687,0,ar,ما هو التعديل الذي ينص على أن حق مواطني الولايات المتحدة في التصويت لا يجوز أن تنكره الولايات المتحدة أو أي ولاية أو تنتقص منها بسبب العرق أو اللون أو حالة العبودية السابقة ..
CASE_0245,1005163,mixed,2,3424607,0.6625,0.6625,0,ar,ثالثًا ، منع الدول من حرمان الأشخاص من الحياة أو الحرية أو الممتلكات دون اتباع الإجراءات القانونية الواجبة. من المحتمل أن يكون لهذا البند في التعديل الرابع عشر التأثيرات الأكثر شمولاً حيث تمت كتابة وثيقة الحقوق (التعديلات العشرة الأولى للدستور) ، فهي تنطبق فقط على الحكومة الفيدرالية ، ولأكثر من 100
CASE_0245,1005163,mixed,3,5088018,0.662,0.662,0,ar,في عام 1868 ، أقر الكونجرس التعديل الرابع عشر للدستور. يحتوي هذا التعديل على بند يمنع الدول من سن أي قانون يحد من الحقوق الممنوحة للمواطنين في الدستور.
CASE_0245,1005163,mixed,4,7098399,0.6612,0.6612,0,ar,تضمن التعديل ثلاثة قيود جديدة على سلطة الدولة: يجب ألا تنتهك الدول امتيازات أو حصانات المواطنين أو تحرم أي شخص من الحياة أو الحرية أو الممتلكات دون اتباع الإجراءات القانونية الواجبة ، ويجب أن تضمن كل الأشخاص على قدم المساواة في الحماية-
CASE_0245,1005163,mixed,5,4935401,0.6564,0.6564,0,ar,التعديل يحد من تدخل الحكومة عندما يتعلق الأمر بحقوق الإنسان.
CASE_0245,1005163,mixed,6,4465879,0.6508,0.6508,0,ar,ما هو التعديل الذي يعني ضمناً أن جميع الصلاحيات غير الممنوحة للحكومة الفيدرالية محفوظة للولايات؟ - 643659
CASE_0245,1005163,mixed,7,4465876,0.6436,0.6436,0,ar,ما هو التعديل الذي قال إن الولايات لا يمكنها أن تحرم أي شخص من الحماية المتساوية للقوانين؟ 14 ما هو التعديل الذي منح المرأة حق التصويت وفي أي سنة تم إقراره؟
CASE_0245,1005163,mixed,8,7883168,0.6414,0.6414,0,ar,"""في عام 1868 ، تمت إضافة التعديل الرابع عشر إلى دستور الولايات المتحدة ، وحظر على الدول حرمان الناس من """"الحرية"""" دون """"الحرية"""". منذ ذلك الحين ، فسرت المحكمة العليا الأمريكية هذا الأمر تدريجياً لتطبيق معظم وثيقة الحقوق على حكومات الولايات."""
CASE_0245,1005163,mixed,9,2372801,0.631,0.631,0,ar,التعديل الخامس عشر لدستور الولايات المتحدة. التعديل الخامس عشر (التعديل الخامس عشر) لدستور الولايات المتحدة يحظر على الحكومات الفيدرالية وحكومات الولايات حرمان أي مواطن من حق التصويت بناءً على عرقه أو لونه أو حالة العبودية السابقة لذلك المواطن. تم التصديق عليه في 3 فبراير 1870 ، كثالث وآخر تعديلات إ
CASE_0245,1005163,mixed,10,5858280,0.6305,0.6305,0,ar,ينص التعديل الأول على أن الكونجرس لا يصدر أي قانون يحترم إنشاء ديانة أو يحظر ممارستها بحرية. إنه يحمي حرية التعبير ، والصحافة ، والتجمع ، والحق في تقديم التماس إلى الحكومة من أجل إنصاف المظالم ، ويعطي التعديل الثاني للمواطنين الحق في حمل السلاح. يحظر التعديل الثالث الحكومة من إيواء القوات في منازل خ
CASE_0245,1005476,endpoint,1,3383858,0.6749,0.6749,0,ar,بلاد الباسك (الباسك: Euskadi ، الإسبانية: Pais Vasco) هي منطقة تقع في شمال إسبانيا ، على الحدود مع المحيط الأطلسي وفرنسا. يتم تعريفه رسميًا على أنه مجتمع مستقل من ثلاث مقاطعات داخل إسبانيا ، ويشمل ثقافيًا مقاطعة رابعة وجزءًا من Pyrenees-Pyrà© nà© es atlantiques In. فرنسا
CASE_0245,1005476,endpoint,2,5203584,0.6692,0.6692,0,ar,بلاد الباسك (الباسك: Euskadi ، الإسبانية: Pais Vasco) هي منطقة تقع في شمال إسبانيا ، على الحدود مع المحيط الأطلسي وفرنسا ، وتُعرَّف رسميًا بأنها مجتمع مستقل من ثلاث مقاطعات داخل إسبانيا ، وتشمل ثقافيًا مقاطعة رابعة و جزء من Pyrenees-PyrÃÆ'Ã'Â © nÃÆ'Ã'Â © es atlantiques In. طائرة فرنسية [عدل]. 1 بلبا
CASE_0245,1005476,endpoint,3,5154593,0.6578,0.6578,0,ar,بلاد الباسك (الباسك: Euskadi ، الإسبانية: Pais Vasco) هي منطقة تقع في شمال إسبانيا ، على الحدود مع المحيط الأطلسي وفرنسا ، وتُعرَّف رسميًا بأنها مجتمع مستقل من ثلاث مقاطعات داخل إسبانيا ، وتشمل ثقافيًا مقاطعة رابعة و جزء من Pyrenees-PyrÃÆ'Ã'Â © nÃÆ'Ã'Â © es atlantiques In. فرنسا اللغات الرسمية للمنط
CASE_0245,1005476,endpoint,4,3383857,0.652,0.652,0,ar,بلاد الباسك (الباسك: Euskadi ، الإسبانية: Pais Vasco) هي منطقة تقع في شمال إسبانيا ، على الحدود مع المحيط الأطلسي وفرنسا.
CASE_0245,1005476,endpoint,5,2972052,0.6504,0.6504,0,ar,أفضل إجابة: الرابط أدناه به الاقتباس التالي. تذكر أنهم جزء من إسبانيا وهي عضو في الاتحاد الأوروبي.
CASE_0245,1005476,endpoint,6,432883,0.65,0.65,0,ar,بلاد الباسك (/ Ʀ ºkadi] ؛ الإسبانية: PaÃÆ's Vasco [paÃ⠀ ¹Ã'Ë â € ¹Ã'Ë ²asko] ؛ الفرنسية: Pays basque) هو مجتمع مستقل في شمال إسبانيا. وهي تشمل مقاطعات الباسك Ãà 'lava و Biscay و Gipuzkoa. تم منح إقليم الباسك أو مجتمع الباسك المتمتع بالحكم الذاتي حالة الجنسية داخل إسبانيا ، التي ينسبها الدستور الإسبا
CASE_0245,1005476,endpoint,7,3894405,0.6417,0.6417,0,ar,إسبانيا [1] (الإسبانية: إسبانيا) espaàa هي دولة متنوعة تشترك في شبه الجزيرة الأيبيرية مع البرتغال في الطرف الغربي من البحر الأبيض المتوسط. البحر هو البلد الذي يحتوي على ثاني أكبر عدد من مواقع التراث العالمي لليونسكو ، والمواقع بعد إيطاليا وأكبر عدد من مواقع التراث العالمي. يجب أن يؤخذ citiest في الا
CASE_0245,1005476,endpoint,8,6847013,0.6401,0.6401,0,ar,إسبانيا والبرتغال وأندورا هي الدول الواقعة في شبه الجزيرة الأيبيرية. المملكة المتحدة موجودة أيضًا عبر أراضيها في جبل طارق ، ومع ذلك ، فهي عادة لا يتم تضمينها لأن جبل طارق هو مجرد إقليم.
CASE_0245,1005476,endpoint,9,5203585,0.6393,0.6393,0,ar,بلاد الباسك بشكل عام. إقليم الباسك هو منطقة مقسمة بين دولتين ، فرنسا وإسبانيا ، وتتألف من 20664 كيلومتر مربع في الطرف الغربي لجبال البرانس على خليج Biscay.uskadi ، المجتمع المتمتع بالحكم الذاتي في بلاد الباسك. يتكون من المقاطعات الشمالية الثلاث بيزكايا ، جيبوزكوا ، وعربا وجدت في إسبانيا. يتكون Euska
CASE_0245,1005476,endpoint,10,3733084,0.6382,0.6382,0,ar,دول البحر الأبيض المتوسط ​​هي الدول الأوروبية على حوض البحر الأبيض المتوسط: البرتغال وإسبانيا وفرنسا وموناكو وإيطاليا وسلوفينيا وكرواتيا والبوسنة والهرسك والجبل الأسود وألبانيا واليونان وتركيا وقبرص ومالطا وإقليم جبل طارق البريطاني.
CASE_0245,1005476,mixed,1,3383858,0.719,0.719,0,ar,بلاد الباسك (الباسك: Euskadi ، الإسبانية: Pais Vasco) هي منطقة تقع في شمال إسبانيا ، على الحدود مع المحيط الأطلسي وفرنسا. يتم تعريفه رسميًا على أنه مجتمع مستقل من ثلاث مقاطعات داخل إسبانيا ، ويشمل ثقافيًا مقاطعة رابعة وجزءًا من Pyrenees-Pyrà© nà© es atlantiques In. فرنسا
CASE_0245,1005476,mixed,2,5203584,0.7112,0.7112,0,ar,بلاد الباسك (الباسك: Euskadi ، الإسبانية: Pais Vasco) هي منطقة تقع في شمال إسبانيا ، على الحدود مع المحيط الأطلسي وفرنسا ، وتُعرَّف رسميًا بأنها مجتمع مستقل من ثلاث مقاطعات داخل إسبانيا ، وتشمل ثقافيًا مقاطعة رابعة و جزء من Pyrenees-PyrÃÆ'Ã'Â © nÃÆ'Ã'Â © es atlantiques In. طائرة فرنسية [عدل]. 1 بلبا
CASE_0245,1005476,mixed,3,432883,0.71,0.71,0,ar,بلاد الباسك (/ Ʀ ºkadi] ؛ الإسبانية: PaÃÆ's Vasco [paÃ⠀ ¹Ã'Ë â € ¹Ã'Ë ²asko] ؛ الفرنسية: Pays basque) هو مجتمع مستقل في شمال إسبانيا. وهي تشمل مقاطعات الباسك Ãà 'lava و Biscay و Gipuzkoa. تم منح إقليم الباسك أو مجتمع الباسك المتمتع بالحكم الذاتي حالة الجنسية داخل إسبانيا ، التي ينسبها الدستور الإسبا
CASE_0245,1005476,mixed,4,5154593,0.7026,0.7026,0,ar,بلاد الباسك (الباسك: Euskadi ، الإسبانية: Pais Vasco) هي منطقة تقع في شمال إسبانيا ، على الحدود مع المحيط الأطلسي وفرنسا ، وتُعرَّف رسميًا بأنها مجتمع مستقل من ثلاث مقاطعات داخل إسبانيا ، وتشمل ثقافيًا مقاطعة رابعة و جزء من Pyrenees-PyrÃÆ'Ã'Â © nÃÆ'Ã'Â © es atlantiques In. فرنسا اللغات الرسمية للمنط
CASE_0245,1005476,mixed,5,3383857,0.6886,0.6886,0,ar,بلاد الباسك (الباسك: Euskadi ، الإسبانية: Pais Vasco) هي منطقة تقع في شمال إسبانيا ، على الحدود مع المحيط الأطلسي وفرنسا.
CASE_0245,1005476,mixed,6,5203585,0.6814,0.6814,0,ar,بلاد الباسك بشكل عام. إقليم الباسك هو منطقة مقسمة بين دولتين ، فرنسا وإسبانيا ، وتتألف من 20664 كيلومتر مربع في الطرف الغربي لجبال البرانس على خليج Biscay.uskadi ، المجتمع المتمتع بالحكم الذاتي في بلاد الباسك. يتكون من المقاطعات الشمالية الثلاث بيزكايا ، جيبوزكوا ، وعربا وجدت في إسبانيا. يتكون Euska
CASE_0245,1005476,mixed,7,5154595,0.6751,0.6751,0,ar,"بلاد الباسك الاسبانية. متداخلة بين دولتين على ساحل المحيط الأطلسي - تمتد على بعد حوالي 100 ميل من بلباو ، إسبانيا ، شمالًا إلى بايون ، فرنسا - تقع المدينة القديمة ذات الروح الحرة أرض الباسك. بلاد الباسك. ࢠ⠀ ""²à"" سان سيباستيان (سيباستيان) إسبانيا تسترخي في مدينة راقية مع منتزه على شاطئ البحر يلتف حول"
CASE_0245,1005476,mixed,8,5154594,0.6682,0.6682,0,ar,إسبانيا. قلعة Navarrese (castillo de Olite) حيث أقام ملوك Navarre ذات مرة (منطقة Navarra المتمتعة بالحكم الذاتي هي شرق منطقة Basque فقط). إقليم الباسك (بالإسبانية: Pa s Vasco ؛ Basque Euskadi) ، منطقة تتمتع بالحكم الذاتي في شمال وسط إسبانيا ، تضم مقاطعات الحمم البركانية ، Guip zcoa ، و Vizcaya. يحد
CASE_0245,1005476,mixed,9,4295733,0.6657,0.6657,0,ar,المناطق الفرنسية. بلاد الباسك. بلاد الباسك هي منطقة تقع بين الجنوب الغربي من فرنسا والشمال الغربي لإسبانيا. وهي مقسمة إلى 7 مقاطعات: 4 في إسبانيا (ألافا ، بيسكاي ، غويبوزكوا ونافارا) و 3 في فرنسا (لابورد ، سولي وباس نافارا).
CASE_0245,1005476,mixed,10,6810897,0.6622,0.6622,0,ar,بلاد الباسك الاسبانية. متداخلة بين دولتين على ساحل المحيط الأطلسي - تمتد على بعد حوالي 100 ميل من بلباو ، إسبانيا ، شمالًا إلى بايون ، فرنسا - تقع المدينة القديمة ذات الروح الحرة أرض الباسك.
