{
  "nDCG@1": 0.6549865229110512,
  "nDCG@1_std": 0.47553291944054815,
  "nDCG@1_stderr": 0.012344219526104499,
  "nDCG@1_ci90_low": 0.6346693971021639,
  "nDCG@1_ci90_high": 0.6753036487199385,
  "nDCG@1_ci95_low": 0.6307725350209082,
  "nDCG@1_ci95_high": 0.6792005108011941,
  "nDCG@3": 0.7364760136291592,
  "nDCG@3_std": 0.3928525806573693,
  "nDCG@3_stderr": 0.010197944871485448,
  "nDCG@3_ci90_low": 0.7196914021348549,
  "nDCG@3_ci90_high": 0.7532606251234634,
  "nDCG@3_ci95_low": 0.7164720827933294,
  "nDCG@3_ci95_high": 0.7564799444649889,
  "nDCG@5": 0.7553893413498635,
  "nDCG@5_std": 0.36743689177309724,
  "nDCG@5_stderr": 0.009538186461145043,
  "nDCG@5_ci90_low": 0.7396906141917874,
  "nDCG@5_ci90_high": 0.7710880685079395,
  "nDCG@5_ci95_low": 0.7366795694622458,
  "nDCG@5_ci95_high": 0.7740991132374812,
  "nDCG@10": 0.7741409559657112,
  "nDCG@10_std": 0.3373889601709893,
  "nDCG@10_stderr": 0.008758181021273143,
  "nDCG@10_ci90_low": 0.7597260255369448,
  "nDCG@10_ci90_high": 0.7885558863944776,
  "nDCG@10_ci95_low": 0.7569612153802235,
  "nDCG@10_ci95_high": 0.7913206965511989,
  "nDCG@100": 0.7929443692254217,
  "nDCG@100_std": 0.3002181489624521,
  "nDCG@100_stderr": 0.007793274839675058,
  "nDCG@100_ci90_low": 0.7801175602849231,
  "nDCG@100_ci90_high": 0.8057711781659203,
  "nDCG@100_ci95_low": 0.7776573547492625,
  "nDCG@100_ci95_high": 0.8082313837015809,
  "RR@1": 0.6543126684636119,
  "RR@3": 0.7220350404312674,
  "RR@5": 0.7319070080862545,
  "RR@10": 0.7391137744405943,
  "RR@100": 0.742646608503175,
  "P@1": 0.6549865229110512,
  "P@3": 0.2783018867924491,
  "P@5": 0.17722371967654596,
  "P@10": 0.0948787061994587,
  "P@100": 0.010438005390835394,
  "R@1": 0.6352762803234502,
  "R@3": 0.7950359389038635,
  "R@5": 0.8399034141958669,
  "R@10": 0.8963387241689127,
  "R@100": 0.9812443845462713,
  "AP": 0.7364104591213906
}