nDCG@1,nDCG@1_std,nDCG@1_stderr,nDCG@1_ci90_low,nDCG@1_ci90_high,nDCG@1_ci95_low,nDCG@1_ci95_high,nDCG@3,nDCG@3_std,nDCG@3_stderr,nDCG@3_ci90_low,nDCG@3_ci90_high,nDCG@3_ci95_low,nDCG@3_ci95_high,nDCG@5,nDCG@5_std,nDCG@5_stderr,nDCG@5_ci90_low,nDCG@5_ci90_high,nDCG@5_ci95_low,nDCG@5_ci95_high,nDCG@10,nDCG@10_std,nDCG@10_stderr,nDCG@10_ci90_low,nDCG@10_ci90_high,nDCG@10_ci95_low,nDCG@10_ci95_high,nDCG@100,nDCG@100_std,nDCG@100_stderr,nDCG@100_ci90_low,nDCG@100_ci90_high,nDCG@100_ci95_low,nDCG@100_ci95_high,RR@1,RR@3,RR@5,RR@10,RR@100,P@1,P@3,P@5,P@10,P@100,R@1,R@3,R@5,R@10,R@100,AP
0.7284366576819407,0.44491581559985566,0.011549439111096245,0.7094276464645035,0.7474456688993778,0.705781683166733,0.7510916321971484,0.7916178628703375,0.3659656609677003,0.009499995212352522,0.7759819939921936,0.8072537317484815,0.7729830055963021,0.810252720144373,0.8146964288005513,0.32933444738352813,0.008549096287157975,0.8006256271227968,0.8287672304783057,0.7979268214931677,0.8314660361079348,0.8318097366399071,0.29446767583342826,0.007643999995007843,0.8192286164440709,0.8443908568357433,0.8168155344613119,0.8468039388185022,0.8431823253828078,0.2666632913043357,0.006922234135308507,0.831789146453332,0.8545755043122836,0.8296039137893785,0.8567607369762371,0.727088948787062,0.7809973045822107,0.7923180592991925,0.7994371176143419,0.8017481460561945,0.7284366576819407,0.29267744833782133,0.18827493261455092,0.09966307277627784,0.010539083557951294,0.7076594788858939,0.8362533692722371,0.8910040431266847,0.941711590296496,0.9913522012578615,0.797173688686473
