{
  "nDCG@1": 0.6650943396226415,
  "nDCG@1_std": 0.4721165715967826,
  "nDCG@1_stderr": 0.012255535554844234,
  "nDCG@1_ci90_low": 0.644923177144811,
  "nDCG@1_ci90_high": 0.6852655021004721,
  "nDCG@1_ci95_low": 0.6410543110987919,
  "nDCG@1_ci95_high": 0.6891343681464912,
  "nDCG@3": 0.7374141697837678,
  "nDCG@3_std": 0.39750457164730935,
  "nDCG@3_stderr": 0.010318704540618007,
  "nDCG@3_ci90_low": 0.7204308021522111,
  "nDCG@3_ci90_high": 0.7543975374153246,
  "nDCG@3_ci95_low": 0.7171733610181662,
  "nDCG@3_ci95_high": 0.7576549785493695,
  "nDCG@5": 0.7588251001901992,
  "nDCG@5_std": 0.36870416192329425,
  "nDCG@5_stderr": 0.009571083155134842,
  "nDCG@5_ci90_low": 0.7430722289633892,
  "nDCG@5_ci90_high": 0.7745779714170092,
  "nDCG@5_ci95_low": 0.7400507993019259,
  "nDCG@5_ci95_high": 0.7775994010784726,
  "nDCG@10": 0.780540405727321,
  "nDCG@10_std": 0.3329256187731906,
  "nDCG@10_stderr": 0.008642318451549901,
  "nDCG@10_ci90_low": 0.7663161713891928,
  "nDCG@10_ci90_high": 0.7947646400654491,
  "nDCG@10_ci95_low": 0.7635879370932326,
  "nDCG@10_ci95_high": 0.7974928743614094,
  "nDCG@100": 0.7986023059154829,
  "nDCG@100_std": 0.2965823267585411,
  "nDCG@100_stderr": 0.007698893597897384,
  "nDCG@100_ci90_low": 0.7859308373396903,
  "nDCG@100_ci90_high": 0.8112737744912755,
  "nDCG@100_ci95_low": 0.7835004263715588,
  "nDCG@100_ci95_high": 0.8137041854594069,
  "RR@1": 0.6637466307277629,
  "RR@3": 0.7254043126684643,
  "RR@5": 0.7366913746630739,
  "RR@10": 0.7452905061395633,
  "RR@100": 0.74869158751668,
  "P@1": 0.6650943396226415,
  "P@3": 0.2762803234501312,
  "P@5": 0.17695417789757023,
  "P@10": 0.095552560646898,
  "P@100": 0.010464959568732966,
  "R@1": 0.6460579514824798,
  "R@3": 0.7886343216531897,
  "R@5": 0.8395664869721472,
  "R@10": 0.9042565139263251,
  "R@100": 0.984613656783468,
  "AP": 0.7425362801971871
}