{
  "nDCG@1": 0.621967654986523,
  "nDCG@1_std": 0.48505921004949115,
  "nDCG@1_stderr": 0.01259150970884223,
  "nDCG@1_ci90_low": 0.6012435187754501,
  "nDCG@1_ci90_high": 0.6426917911975958,
  "nDCG@1_ci95_low": 0.5972685913508053,
  "nDCG@1_ci95_high": 0.6466667186222406,
  "nDCG@3": 0.6993931048088702,
  "nDCG@3_std": 0.414398767397605,
  "nDCG@3_stderr": 0.010757256011048235,
  "nDCG@3_ci90_low": 0.6816879333095549,
  "nDCG@3_ci90_high": 0.7170982763081855,
  "nDCG@3_ci95_low": 0.6782920488667058,
  "nDCG@3_ci95_high": 0.7204941607510346,
  "nDCG@5": 0.7240015618034611,
  "nDCG@5_std": 0.38525760807391357,
  "nDCG@5_stderr": 0.010000789206688947,
  "nDCG@5_ci90_low": 0.7075414452225157,
  "nDCG@5_ci90_high": 0.7404616783844065,
  "nDCG@5_ci95_low": 0.7043843646019255,
  "nDCG@5_ci95_high": 0.7436187590049966,
  "nDCG@10": 0.7446357268991932,
  "nDCG@10_std": 0.35512435067893244,
  "nDCG@10_stderr": 0.009218568819595927,
  "nDCG@10_ci90_low": 0.7294630525887971,
  "nDCG@10_ci90_high": 0.7598084012095894,
  "nDCG@10_ci95_low": 0.7265529057625388,
  "nDCG@10_ci95_high": 0.7627185480358476,
  "nDCG@100": 0.7675765423607438,
  "nDCG@100_std": 0.3130777558065774,
  "nDCG@100_stderr": 0.008127093600508764,
  "nDCG@100_ci90_low": 0.7542003072093063,
  "nDCG@100_ci90_high": 0.7809527775121813,
  "nDCG@100_ci95_low": 0.7516347207163195,
  "nDCG@100_ci95_high": 0.783518364005168,
  "RR@1": 0.6212938005390836,
  "RR@3": 0.685871518418689,
  "RR@5": 0.6989442946990131,
  "RR@10": 0.7069907050870669,
  "RR@100": 0.7115441655568258,
  "P@1": 0.621967654986523,
  "P@3": 0.26392632524707693,
  "P@5": 0.17142857142856782,
  "P@10": 0.09245283018867713,
  "P@100": 0.010397574123989032,
  "R@1": 0.604840521114106,
  "R@3": 0.755503144654088,
  "R@5": 0.8137353998203054,
  "R@10": 0.8756738544474394,
  "R@100": 0.9785489667565138,
  "AP": 0.7050779266324788
}