nDCG@1,nDCG@1_std,nDCG@1_stderr,nDCG@1_ci90_low,nDCG@1_ci90_high,nDCG@1_ci95_low,nDCG@1_ci95_high,nDCG@3,nDCG@3_std,nDCG@3_stderr,nDCG@3_ci90_low,nDCG@3_ci90_high,nDCG@3_ci95_low,nDCG@3_ci95_high,nDCG@5,nDCG@5_std,nDCG@5_stderr,nDCG@5_ci90_low,nDCG@5_ci90_high,nDCG@5_ci95_low,nDCG@5_ci95_high,nDCG@10,nDCG@10_std,nDCG@10_stderr,nDCG@10_ci90_low,nDCG@10_ci90_high,nDCG@10_ci95_low,nDCG@10_ci95_high,nDCG@100,nDCG@100_std,nDCG@100_stderr,nDCG@100_ci90_low,nDCG@100_ci90_high,nDCG@100_ci95_low,nDCG@100_ci95_high,RR@1,RR@3,RR@5,RR@10,RR@100,P@1,P@3,P@5,P@10,P@100,R@1,R@3,R@5,R@10,R@100,AP
0.6078167115902965,0.4884017766607902,0.0126782784147376,0.5869497643485042,0.6286836588320888,0.5829474455056228,0.6326859776749701,0.6837045600110225,0.4223385019742643,0.010963361251267125,0.6656601636553651,0.70174895636668,0.6621992152614369,0.7052099047606082,0.7107707413765338,0.3912320505744204,0.01015587800655397,0.6940553669680892,0.7274861157849785,0.6908493274269174,0.7306921553261503,0.731468614974336,0.36262130494922296,0.009413180055761257,0.7159756335792649,0.7469615963694072,0.7130040512653117,0.7499331786833603,0.7556139404061166,0.3201556188907656,0.008310825771542728,0.7419353038249134,0.7692925769873199,0.7393117161817611,0.7719161646304722,0.6064690026954178,0.6711590296495962,0.6857479784366588,0.6936344820947253,0.6983164302149437,0.6078167115902965,0.2576370170709766,0.16859838274932262,0.09123989218328635,0.010343665768193885,0.5910265049415993,0.7379829290206648,0.8022798742138364,0.8646675651392631,0.9738319856244384,0.6913732181614413
