{
  "nDCG@1": 0.6495956873315364,
  "nDCG@1_std": 0.4772573910068516,
  "nDCG@1_stderr": 0.012388984577504135,
  "nDCG@1_ci90_low": 0.6292048835408857,
  "nDCG@1_ci90_high": 0.6699864911221871,
  "nDCG@1_ci95_low": 0.6252938898872779,
  "nDCG@1_ci95_high": 0.6738974847757949,
  "nDCG@3": 0.7291826834033521,
  "nDCG@3_std": 0.39839035043610127,
  "nDCG@3_stderr": 0.01034169821229331,
  "nDCG@3_ci90_low": 0.7121614709068975,
  "nDCG@3_ci90_high": 0.7462038958998067,
  "nDCG@3_ci95_low": 0.7088967710581909,
  "nDCG@3_ci95_high": 0.7494685957485133,
  "nDCG@5": 0.7496303779604074,
  "nDCG@5_std": 0.37184390141666857,
  "nDCG@5_stderr": 0.009652586731389015,
  "nDCG@5_ci90_low": 0.7337433614837395,
  "nDCG@5_ci90_high": 0.7655173944370753,
  "nDCG@5_ci95_low": 0.7306962025167401,
  "nDCG@5_ci95_high": 0.7685645534040748,
  "nDCG@10": 0.768176245706638,
  "nDCG@10_std": 0.3426905118674755,
  "nDCG@10_stderr": 0.008895802446194492,
  "nDCG@10_ci90_low": 0.7535348066842572,
  "nDCG@10_ci90_high": 0.7828176847290188,
  "nDCG@10_ci95_low": 0.7507265517628661,
  "nDCG@10_ci95_high": 0.7856259396504099,
  "nDCG@100": 0.7876739902291936,
  "nDCG@100_std": 0.3049601403657647,
  "nDCG@100_stderr": 0.007916370803130663,
  "nDCG@100_ci90_low": 0.7746445798872208,
  "nDCG@100_ci90_high": 0.8007034005711664,
  "nDCG@100_ci95_low": 0.7721455150302939,
  "nDCG@100_ci95_high": 0.8032024654280933,
  "RR@1": 0.6469002695417789,
  "RR@3": 0.7143980233602881,
  "RR@5": 0.7251460017969463,
  "RR@10": 0.7322241475206442,
  "RR@100": 0.7359250273429504,
  "P@1": 0.6495956873315364,
  "P@3": 0.275157232704399,
  "P@5": 0.1760107816711552,
  "P@10": 0.09413746630727543,
  "P@100": 0.010404312668463426,
  "R@1": 0.6305592991913747,
  "R@3": 0.7859389038634322,
  "R@5": 0.8338387241689127,
  "R@10": 0.8899371069182389,
  "R@100": 0.9778751123090744,
  "AP": 0.7307932383208542
}