nDCG@1,nDCG@1_std,nDCG@1_stderr,nDCG@1_ci90_low,nDCG@1_ci90_high,nDCG@1_ci95_low,nDCG@1_ci95_high,nDCG@3,nDCG@3_std,nDCG@3_stderr,nDCG@3_ci90_low,nDCG@3_ci90_high,nDCG@3_ci95_low,nDCG@3_ci95_high,nDCG@5,nDCG@5_std,nDCG@5_stderr,nDCG@5_ci90_low,nDCG@5_ci90_high,nDCG@5_ci95_low,nDCG@5_ci95_high,nDCG@10,nDCG@10_std,nDCG@10_stderr,nDCG@10_ci90_low,nDCG@10_ci90_high,nDCG@10_ci95_low,nDCG@10_ci95_high,nDCG@100,nDCG@100_std,nDCG@100_stderr,nDCG@100_ci90_low,nDCG@100_ci90_high,nDCG@100_ci95_low,nDCG@100_ci95_high,RR@1,RR@3,RR@5,RR@10,RR@100,P@1,P@3,P@5,P@10,P@100,R@1,R@3,R@5,R@10,R@100,AP
0.6495956873315364,0.4772573910068516,0.012388984577504135,0.6292048835408857,0.6699864911221871,0.6252938898872779,0.6738974847757949,0.7291826834033521,0.39839035043610127,0.01034169821229331,0.7121614709068975,0.7462038958998067,0.7088967710581909,0.7494685957485133,0.7496303779604074,0.37184390141666857,0.009652586731389015,0.7337433614837395,0.7655173944370753,0.7306962025167401,0.7685645534040748,0.768176245706638,0.3426905118674755,0.008895802446194492,0.7535348066842572,0.7828176847290188,0.7507265517628661,0.7856259396504099,0.7876739902291936,0.3049601403657647,0.007916370803130663,0.7746445798872208,0.8007034005711664,0.7721455150302939,0.8032024654280933,0.6469002695417789,0.7143980233602881,0.7251460017969463,0.7322241475206442,0.7359250273429504,0.6495956873315364,0.275157232704399,0.1760107816711552,0.09413746630727543,0.010404312668463426,0.6305592991913747,0.7859389038634322,0.8338387241689127,0.8899371069182389,0.9778751123090744,0.7307932383208542
