nDCG@1,nDCG@1_std,nDCG@1_stderr,nDCG@1_ci90_low,nDCG@1_ci90_high,nDCG@1_ci95_low,nDCG@1_ci95_high,nDCG@3,nDCG@3_std,nDCG@3_stderr,nDCG@3_ci90_low,nDCG@3_ci90_high,nDCG@3_ci95_low,nDCG@3_ci95_high,nDCG@5,nDCG@5_std,nDCG@5_stderr,nDCG@5_ci90_low,nDCG@5_ci90_high,nDCG@5_ci95_low,nDCG@5_ci95_high,nDCG@10,nDCG@10_std,nDCG@10_stderr,nDCG@10_ci90_low,nDCG@10_ci90_high,nDCG@10_ci95_low,nDCG@10_ci95_high,nDCG@100,nDCG@100_std,nDCG@100_stderr,nDCG@100_ci90_low,nDCG@100_ci90_high,nDCG@100_ci95_low,nDCG@100_ci95_high,RR@1,RR@3,RR@5,RR@10,RR@100,P@1,P@3,P@5,P@10,P@100,R@1,R@3,R@5,R@10,R@100,AP
0.621967654986523,0.48505921004949115,0.01259150970884223,0.6012435187754501,0.6426917911975958,0.5972685913508053,0.6466667186222406,0.6993931048088702,0.414398767397605,0.010757256011048235,0.6816879333095549,0.7170982763081855,0.6782920488667058,0.7204941607510346,0.7240015618034611,0.38525760807391357,0.010000789206688947,0.7075414452225157,0.7404616783844065,0.7043843646019255,0.7436187590049966,0.7446357268991932,0.35512435067893244,0.009218568819595927,0.7294630525887971,0.7598084012095894,0.7265529057625388,0.7627185480358476,0.7675765423607438,0.3130777558065774,0.008127093600508764,0.7542003072093063,0.7809527775121813,0.7516347207163195,0.783518364005168,0.6212938005390836,0.685871518418689,0.6989442946990131,0.7069907050870669,0.7115441655568258,0.621967654986523,0.26392632524707693,0.17142857142856782,0.09245283018867713,0.010397574123989032,0.604840521114106,0.755503144654088,0.8137353998203054,0.8756738544474394,0.9785489667565138,0.7050779266324788
