nDCG@1,nDCG@1_std,nDCG@1_stderr,nDCG@1_ci90_low,nDCG@1_ci90_high,nDCG@1_ci95_low,nDCG@1_ci95_high,nDCG@3,nDCG@3_std,nDCG@3_stderr,nDCG@3_ci90_low,nDCG@3_ci90_high,nDCG@3_ci95_low,nDCG@3_ci95_high,nDCG@5,nDCG@5_std,nDCG@5_stderr,nDCG@5_ci90_low,nDCG@5_ci90_high,nDCG@5_ci95_low,nDCG@5_ci95_high,nDCG@10,nDCG@10_std,nDCG@10_stderr,nDCG@10_ci90_low,nDCG@10_ci90_high,nDCG@10_ci95_low,nDCG@10_ci95_high,nDCG@100,nDCG@100_std,nDCG@100_stderr,nDCG@100_ci90_low,nDCG@100_ci90_high,nDCG@100_ci95_low,nDCG@100_ci95_high,RR@1,RR@3,RR@5,RR@10,RR@100,P@1,P@3,P@5,P@10,P@100,R@1,R@3,R@5,R@10,R@100,AP
0.6650943396226415,0.4721165715967826,0.012255535554844234,0.644923177144811,0.6852655021004721,0.6410543110987919,0.6891343681464912,0.7374141697837678,0.39750457164730935,0.010318704540618007,0.7204308021522111,0.7543975374153246,0.7171733610181662,0.7576549785493695,0.7588251001901992,0.36870416192329425,0.009571083155134842,0.7430722289633892,0.7745779714170092,0.7400507993019259,0.7775994010784726,0.780540405727321,0.3329256187731906,0.008642318451549901,0.7663161713891928,0.7947646400654491,0.7635879370932326,0.7974928743614094,0.7986023059154829,0.2965823267585411,0.007698893597897384,0.7859308373396903,0.8112737744912755,0.7835004263715588,0.8137041854594069,0.6637466307277629,0.7254043126684643,0.7366913746630739,0.7452905061395633,0.74869158751668,0.6650943396226415,0.2762803234501312,0.17695417789757023,0.095552560646898,0.010464959568732966,0.6460579514824798,0.7886343216531897,0.8395664869721472,0.9042565139263251,0.984613656783468,0.7425362801971871
