nDCG@1,nDCG@1_std,nDCG@1_stderr,nDCG@1_ci90_low,nDCG@1_ci90_high,nDCG@1_ci95_low,nDCG@1_ci95_high,nDCG@3,nDCG@3_std,nDCG@3_stderr,nDCG@3_ci90_low,nDCG@3_ci90_high,nDCG@3_ci95_low,nDCG@3_ci95_high,nDCG@5,nDCG@5_std,nDCG@5_stderr,nDCG@5_ci90_low,nDCG@5_ci90_high,nDCG@5_ci95_low,nDCG@5_ci95_high,nDCG@10,nDCG@10_std,nDCG@10_stderr,nDCG@10_ci90_low,nDCG@10_ci90_high,nDCG@10_ci95_low,nDCG@10_ci95_high,nDCG@100,nDCG@100_std,nDCG@100_stderr,nDCG@100_ci90_low,nDCG@100_ci90_high,nDCG@100_ci95_low,nDCG@100_ci95_high,RR@1,RR@3,RR@5,RR@10,RR@100,P@1,P@3,P@5,P@10,P@100,R@1,R@3,R@5,R@10,R@100,AP
0.7149595687331537,0.4515858753489182,0.011722585235010291,0.6956655794678583,0.734253557998449,0.6919649568566033,0.7379541806097041,0.783282368101755,0.37100167252825184,0.00963072355879925,0.767431335822156,0.799133400381354,0.7643910786903076,0.8021736575132024,0.8021031671358215,0.3421050728517375,0.008880605206562968,0.7874867409730134,0.8167195932986296,0.7846832835640721,0.8195230507075709,0.8191659149229692,0.3094704394177888,0.008033452332821748,0.8059438022263761,0.8323880276195623,0.803407776703568,0.8349240531423704,0.8333274880894206,0.276477491875507,0.007176998088277919,0.8215149978156266,0.8451399783632145,0.8192493404649688,0.8474056357138724,0.7149595687331537,0.7711141060197668,0.7806491464510342,0.7876641851709242,0.7904497698701829,0.7149595687331537,0.29110512129379623,0.1850404312668422,0.09818059299191137,0.0105323450134769,0.6951931716082659,0.8310309973045822,0.8758423180592992,0.9265498652291105,0.9903414195867025,0.7859263071660861
