{
  "nDCG@1": 0.6078167115902965,
  "nDCG@1_std": 0.4884017766607902,
  "nDCG@1_stderr": 0.0126782784147376,
  "nDCG@1_ci90_low": 0.5869497643485042,
  "nDCG@1_ci90_high": 0.6286836588320888,
  "nDCG@1_ci95_low": 0.5829474455056228,
  "nDCG@1_ci95_high": 0.6326859776749701,
  "nDCG@3": 0.6837045600110225,
  "nDCG@3_std": 0.4223385019742643,
  "nDCG@3_stderr": 0.010963361251267125,
  "nDCG@3_ci90_low": 0.6656601636553651,
  "nDCG@3_ci90_high": 0.70174895636668,
  "nDCG@3_ci95_low": 0.6621992152614369,
  "nDCG@3_ci95_high": 0.7052099047606082,
  "nDCG@5": 0.7107707413765338,
  "nDCG@5_std": 0.3912320505744204,
  "nDCG@5_stderr": 0.01015587800655397,
  "nDCG@5_ci90_low": 0.6940553669680892,
  "nDCG@5_ci90_high": 0.7274861157849785,
  "nDCG@5_ci95_low": 0.6908493274269174,
  "nDCG@5_ci95_high": 0.7306921553261503,
  "nDCG@10": 0.731468614974336,
  "nDCG@10_std": 0.36262130494922296,
  "nDCG@10_stderr": 0.009413180055761257,
  "nDCG@10_ci90_low": 0.7159756335792649,
  "nDCG@10_ci90_high": 0.7469615963694072,
  "nDCG@10_ci95_low": 0.7130040512653117,
  "nDCG@10_ci95_high": 0.7499331786833603,
  "nDCG@100": 0.7556139404061166,
  "nDCG@100_std": 0.3201556188907656,
  "nDCG@100_stderr": 0.008310825771542728,
  "nDCG@100_ci90_low": 0.7419353038249134,
  "nDCG@100_ci90_high": 0.7692925769873199,
  "nDCG@100_ci95_low": 0.7393117161817611,
  "nDCG@100_ci95_high": 0.7719161646304722,
  "RR@1": 0.6064690026954178,
  "RR@3": 0.6711590296495962,
  "RR@5": 0.6857479784366588,
  "RR@10": 0.6936344820947253,
  "RR@100": 0.6983164302149437,
  "P@1": 0.6078167115902965,
  "P@3": 0.2576370170709766,
  "P@5": 0.16859838274932262,
  "P@10": 0.09123989218328635,
  "P@100": 0.010343665768193885,
  "R@1": 0.5910265049415993,
  "R@3": 0.7379829290206648,
  "R@5": 0.8022798742138364,
  "R@10": 0.8646675651392631,
  "R@100": 0.9738319856244384,
  "AP": 0.6913732181614413
}