{
  "nDCG@1": 0.648921832884097,
  "nDCG@1_std": 0.47746822959385116,
  "nDCG@1_stderr": 0.012394457674520338,
  "nDCG@1_ci90_low": 0.6285220210228746,
  "nDCG@1_ci90_high": 0.6693216447453194,
  "nDCG@1_ci95_low": 0.6246092996047707,
  "nDCG@1_ci95_high": 0.6732343661634232,
  "nDCG@3": 0.7247494716208798,
  "nDCG@3_std": 0.4033217743566034,
  "nDCG@3_stderr": 0.010469711598879832,
  "nDCG@3_ci90_low": 0.707517564225894,
  "nDCG@3_ci90_high": 0.7419813790158656,
  "nDCG@3_ci95_low": 0.7042124527083065,
  "nDCG@3_ci95_high": 0.7452864905334531,
  "nDCG@5": 0.7480264878902249,
  "nDCG@5_std": 0.3731564580026294,
  "nDCG@5_stderr": 0.009686659002676977,
  "nDCG@5_ci90_low": 0.7320833924835859,
  "nDCG@5_ci90_high": 0.7639695832968638,
  "nDCG@5_ci95_low": 0.7290254774747221,
  "nDCG@5_ci95_high": 0.7670274983057276,
  "nDCG@10": 0.7688434838408525,
  "nDCG@10_std": 0.34014870939410025,
  "nDCG@10_stderr": 0.008829820541597323,
  "nDCG@10_ci90_low": 0.7543106432320025,
  "nDCG@10_ci90_high": 0.7833763244497026,
  "nDCG@10_ci95_low": 0.7515232176859745,
  "nDCG@10_ci95_high": 0.7861637499957306,
  "nDCG@100": 0.7885382040417459,
  "nDCG@100_std": 0.30160532287293296,
  "nDCG@100_stderr": 0.007829284080196211,
  "nDCG@100_ci90_low": 0.7756521281489379,
  "nDCG@100_ci90_high": 0.8014242799345539,
  "nDCG@100_ci95_low": 0.7731805551028677,
  "nDCG@100_ci95_high": 0.8038958529806242,
  "RR@1": 0.6495956873315364,
  "RR@3": 0.7128256963162629,
  "RR@5": 0.7250898472596595,
  "RR@10": 0.733360340991743,
  "RR@100": 0.7373110018938488,
  "P@1": 0.648921832884097,
  "P@3": 0.27223719676549535,
  "P@5": 0.1753369272237159,
  "P@10": 0.09447439353099507,
  "P@100": 0.010431266846361,
  "R@1": 0.6305592991913747,
  "R@3": 0.7772911051212938,
  "R@5": 0.8322663971248876,
  "R@10": 0.894991015274034,
  "R@100": 0.9819182389937106,
  "AP": 0.7303819049820307
}