nDCG@1,nDCG@1_std,nDCG@1_stderr,nDCG@1_ci90_low,nDCG@1_ci90_high,nDCG@1_ci95_low,nDCG@1_ci95_high,nDCG@3,nDCG@3_std,nDCG@3_stderr,nDCG@3_ci90_low,nDCG@3_ci90_high,nDCG@3_ci95_low,nDCG@3_ci95_high,nDCG@5,nDCG@5_std,nDCG@5_stderr,nDCG@5_ci90_low,nDCG@5_ci90_high,nDCG@5_ci95_low,nDCG@5_ci95_high,nDCG@10,nDCG@10_std,nDCG@10_stderr,nDCG@10_ci90_low,nDCG@10_ci90_high,nDCG@10_ci95_low,nDCG@10_ci95_high,nDCG@100,nDCG@100_std,nDCG@100_stderr,nDCG@100_ci90_low,nDCG@100_ci90_high,nDCG@100_ci95_low,nDCG@100_ci95_high,RR@1,RR@3,RR@5,RR@10,RR@100,P@1,P@3,P@5,P@10,P@100,R@1,R@3,R@5,R@10,R@100,AP
0.6644204851752021,0.47235183066588454,0.012261642575989938,0.6442392712626355,0.6846016990877688,0.6403684773329554,0.6884724930174488,0.7419570730333206,0.3913889871478194,0.010159951877014906,0.7252349935157754,0.7586791525508658,0.7220276679223513,0.7618864781442899,0.7623644279722234,0.36312668037529144,0.009426298948160603,0.7468498544313882,0.7778790015130586,0.7438741307041824,0.7808547252402643,0.7816399545022513,0.3310826375323416,0.008594477042281543,0.7674944614672022,0.7957854475373004,0.764781329897931,0.7984985791065716,0.7991513453835208,0.2960822154204139,0.007685911354412329,0.7865012440455361,0.8118014467215056,0.7840749313528979,0.8142277594141438,0.6630727762803235,0.7275381850853554,0.7389600179694528,0.746259573011595,0.7495884907956211,0.6644204851752021,0.2796495956873278,0.17830188679244882,0.09561994609164193,0.01045148247978418,0.6447102425876011,0.7982367475292005,0.8464734950584006,0.904424977538185,0.98259209344115,0.7435102371319694
