{
  "nDCG@1": 0.7149595687331537,
  "nDCG@1_std": 0.4515858753489182,
  "nDCG@1_stderr": 0.011722585235010291,
  "nDCG@1_ci90_low": 0.6956655794678583,
  "nDCG@1_ci90_high": 0.734253557998449,
  "nDCG@1_ci95_low": 0.6919649568566033,
  "nDCG@1_ci95_high": 0.7379541806097041,
  "nDCG@3": 0.783282368101755,
  "nDCG@3_std": 0.37100167252825184,
  "nDCG@3_stderr": 0.00963072355879925,
  "nDCG@3_ci90_low": 0.767431335822156,
  "nDCG@3_ci90_high": 0.799133400381354,
  "nDCG@3_ci95_low": 0.7643910786903076,
  "nDCG@3_ci95_high": 0.8021736575132024,
  "nDCG@5": 0.8021031671358215,
  "nDCG@5_std": 0.3421050728517375,
  "nDCG@5_stderr": 0.008880605206562968,
  "nDCG@5_ci90_low": 0.7874867409730134,
  "nDCG@5_ci90_high": 0.8167195932986296,
  "nDCG@5_ci95_low": 0.7846832835640721,
  "nDCG@5_ci95_high": 0.8195230507075709,
  "nDCG@10": 0.8191659149229692,
  "nDCG@10_std": 0.3094704394177888,
  "nDCG@10_stderr": 0.008033452332821748,
  "nDCG@10_ci90_low": 0.8059438022263761,
  "nDCG@10_ci90_high": 0.8323880276195623,
  "nDCG@10_ci95_low": 0.803407776703568,
  "nDCG@10_ci95_high": 0.8349240531423704,
  "nDCG@100": 0.8333274880894206,
  "nDCG@100_std": 0.276477491875507,
  "nDCG@100_stderr": 0.007176998088277919,
  "nDCG@100_ci90_low": 0.8215149978156266,
  "nDCG@100_ci90_high": 0.8451399783632145,
  "nDCG@100_ci95_low": 0.8192493404649688,
  "nDCG@100_ci95_high": 0.8474056357138724,
  "RR@1": 0.7149595687331537,
  "RR@3": 0.7711141060197668,
  "RR@5": 0.7806491464510342,
  "RR@10": 0.7876641851709242,
  "RR@100": 0.7904497698701829,
  "P@1": 0.7149595687331537,
  "P@3": 0.29110512129379623,
  "P@5": 0.1850404312668422,
  "P@10": 0.09818059299191137,
  "P@100": 0.0105323450134769,
  "R@1": 0.6951931716082659,
  "R@3": 0.8310309973045822,
  "R@5": 0.8758423180592992,
  "R@10": 0.9265498652291105,
  "R@100": 0.9903414195867025,
  "AP": 0.7859263071660861
}