nDCG@1,nDCG@1_std,nDCG@1_stderr,nDCG@1_ci90_low,nDCG@1_ci90_high,nDCG@1_ci95_low,nDCG@1_ci95_high,nDCG@3,nDCG@3_std,nDCG@3_stderr,nDCG@3_ci90_low,nDCG@3_ci90_high,nDCG@3_ci95_low,nDCG@3_ci95_high,nDCG@5,nDCG@5_std,nDCG@5_stderr,nDCG@5_ci90_low,nDCG@5_ci90_high,nDCG@5_ci95_low,nDCG@5_ci95_high,nDCG@10,nDCG@10_std,nDCG@10_stderr,nDCG@10_ci90_low,nDCG@10_ci90_high,nDCG@10_ci95_low,nDCG@10_ci95_high,nDCG@100,nDCG@100_std,nDCG@100_stderr,nDCG@100_ci90_low,nDCG@100_ci90_high,nDCG@100_ci95_low,nDCG@100_ci95_high,RR@1,RR@3,RR@5,RR@10,RR@100,P@1,P@3,P@5,P@10,P@100,R@1,R@3,R@5,R@10,R@100,AP
0.6030997304582211,0.4894199170297039,0.012704708021834087,0.5821892832080788,0.6240101777083633,0.5781786209836254,0.6280208399328168,0.6839035422380702,0.4215213863469338,0.01094214998645323,0.6658940571163614,0.7019130273597789,0.6624398047612855,0.7053672797148548,0.7078936813414696,0.3950078680938769,0.010253893345650822,0.6910169852738127,0.7247703774091264,0.6877800039418294,0.7280073587411098,0.7301868682787261,0.36367066243734814,0.009440420018895708,0.7146490531250799,0.7457246834323724,0.7116688716138094,0.7487048649436429,0.7546115844597957,0.3201706221639239,0.008311215237108422,0.7409323068643201,0.7682908620552713,0.738308596273452,0.7709145726461394,0.6030997304582211,0.6692497753818515,0.6819519317160836,0.690578338253541,0.6956679325439127,0.6030997304582211,0.2596585804132945,0.16859838274932273,0.09171159029649392,0.01035714285714267,0.5873203054806828,0.7415206648697213,0.7982929020664868,0.8663522012578615,0.974168912848158,0.6900164505112654
