{
  "nDCG@1": 0.7203504043126685,
  "nDCG@1_std": 0.44897832457007786,
  "nDCG@1_stderr": 0.011654896589443254,
  "nDCG@1_ci90_low": 0.7011678225547421,
  "nDCG@1_ci90_high": 0.7395329860705949,
  "nDCG@1_ci95_low": 0.6974885681082127,
  "nDCG@1_ci95_high": 0.7432122405171243,
  "nDCG@3": 0.7938807007965111,
  "nDCG@3_std": 0.35922336971766117,
  "nDCG@3_stderr": 0.009324974052098606,
  "nDCG@3_ci90_low": 0.7785328960543441,
  "nDCG@3_ci90_high": 0.8092285055386781,
  "nDCG@3_ci95_low": 0.7755891588893115,
  "nDCG@3_ci95_high": 0.8121722427037107,
  "nDCG@5": 0.8118224417458424,
  "nDCG@5_std": 0.3305973183539809,
  "nDCG@5_stderr": 0.008581878784131589,
  "nDCG@5_ci90_low": 0.7976976839541405,
  "nDCG@5_ci90_high": 0.8259471995375443,
  "nDCG@5_ci95_low": 0.7949885294426631,
  "nDCG@5_ci95_high": 0.8286563540490217,
  "nDCG@10": 0.8279420969876572,
  "nDCG@10_std": 0.29847284837402915,
  "nDCG@10_stderr": 0.007747969093801821,
  "nDCG@10_ci90_low": 0.815189855948096,
  "nDCG@10_ci90_high": 0.8406943380272184,
  "nDCG@10_ci95_low": 0.8127439526729211,
  "nDCG@10_ci95_high": 0.8431402413023933,
  "nDCG@100": 0.8406322592027563,
  "nDCG@100_std": 0.26769051194580207,
  "nDCG@100_stderr": 0.00694889945453588,
  "nDCG@100_ci90_low": 0.8291951923106328,
  "nDCG@100_ci90_high": 0.8520693260948798,
  "nDCG@100_ci95_low": 0.8270015418547596,
  "nDCG@100_ci95_high": 0.854262976550753,
  "RR@1": 0.7203504043126685,
  "RR@3": 0.7809973045822103,
  "RR@5": 0.7902628032345017,
  "RR@10": 0.7966451675009625,
  "RR@100": 0.7992771453223213,
  "P@1": 0.7203504043126685,
  "P@3": 0.2964959568733108,
  "P@5": 0.18773584905659954,
  "P@10": 0.09912398921832642,
  "P@100": 0.010539083557951294,
  "R@1": 0.6998539982030549,
  "R@3": 0.8450696316262355,
  "R@5": 0.8872416891284814,
  "R@10": 0.9359276729559748,
  "R@100": 0.9905660377358491,
  "AP": 0.7940529448103212
}