{
  "nDCG@1": 0.7762803234501348,
  "nDCG@1_std": 0.41687682777817997,
  "nDCG@1_stderr": 0.010821583253361442,
  "nDCG@1_ci90_low": 0.7584692769157674,
  "nDCG@1_ci90_high": 0.7940913699845021,
  "nDCG@1_ci95_low": 0.7550530854465541,
  "nDCG@1_ci95_high": 0.7975075614537154,
  "nDCG@3": 0.8391556189400112,
  "nDCG@3_std": 0.3253499197107199,
  "nDCG@3_stderr": 0.008445663102429463,
  "nDCG@3_ci90_low": 0.8252550560547943,
  "nDCG@3_ci90_high": 0.8530561818252281,
  "nDCG@3_ci95_low": 0.8225889025385419,
  "nDCG@3_ci95_high": 0.8557223353414806,
  "nDCG@5": 0.8548913406830135,
  "nDCG@5_std": 0.2950580134589622,
  "nDCG@5_stderr": 0.007659324396213723,
  "nDCG@5_ci90_low": 0.8422849983346883,
  "nDCG@5_ci90_high": 0.8674976830313388,
  "nDCG@5_ci95_low": 0.8398670786967134,
  "nDCG@5_ci95_high": 0.8699156026693137,
  "nDCG@10": 0.8679295358840134,
  "nDCG@10_std": 0.2639211889284026,
  "nDCG@10_stderr": 0.0068510527043123244,
  "nDCG@10_ci90_low": 0.85665351317375,
  "nDCG@10_ci90_high": 0.8792055585942768,
  "nDCG@10_ci95_low": 0.8544907512880221,
  "nDCG@10_ci95_high": 0.8813683204800048,
  "nDCG@100": 0.8767122524656522,
  "nDCG@100_std": 0.23893122007880951,
  "nDCG@100_stderr": 0.006202345435438466,
  "nDCG@100_ci90_low": 0.8665039252194057,
  "nDCG@100_ci90_high": 0.8869205797118987,
  "nDCG@100_ci95_low": 0.864545949286533,
  "nDCG@100_ci95_high": 0.8888785556447714,
  "RR@1": 0.7769541778975741,
  "RR@3": 0.8283917340521115,
  "RR@5": 0.8365790655884998,
  "RR@10": 0.8417150665297568,
  "RR@100": 0.8437161321941679,
  "P@1": 0.7762803234501348,
  "P@3": 0.3099730458220973,
  "P@5": 0.19447439353099263,
  "P@10": 0.10154986522910796,
  "P@100": 0.01057277628032326,
  "R@1": 0.7554469901168015,
  "R@3": 0.8824685534591196,
  "R@5": 0.9195867026055704,
  "R@10": 0.9585017969451931,
  "R@100": 0.9939353099730458,
  "AP": 0.8391982701366564
}