nDCG@1,nDCG@1_std,nDCG@1_stderr,nDCG@1_ci90_low,nDCG@1_ci90_high,nDCG@1_ci95_low,nDCG@1_ci95_high,nDCG@3,nDCG@3_std,nDCG@3_stderr,nDCG@3_ci90_low,nDCG@3_ci90_high,nDCG@3_ci95_low,nDCG@3_ci95_high,nDCG@5,nDCG@5_std,nDCG@5_stderr,nDCG@5_ci90_low,nDCG@5_ci90_high,nDCG@5_ci95_low,nDCG@5_ci95_high,nDCG@10,nDCG@10_std,nDCG@10_stderr,nDCG@10_ci90_low,nDCG@10_ci90_high,nDCG@10_ci95_low,nDCG@10_ci95_high,nDCG@100,nDCG@100_std,nDCG@100_stderr,nDCG@100_ci90_low,nDCG@100_ci90_high,nDCG@100_ci95_low,nDCG@100_ci95_high,RR@1,RR@3,RR@5,RR@10,RR@100,P@1,P@3,P@5,P@10,P@100,R@1,R@3,R@5,R@10,R@100,AP
0.6462264150943396,0.4783011546658006,0.01241607933206833,0.6257910165412515,0.6666618136474278,0.621871469530225,0.6705813606584543,0.7286146886564597,0.39841062773011593,0.010342224584618925,0.7115926098133933,0.7456367674995261,0.7083277437978139,0.7489016335151055,0.7506152600058303,0.3696044513184713,0.009594453503383631,0.7348239239490193,0.7664065960626414,0.7317951166624477,0.769435403349213,0.7713489010908317,0.3363843675093292,0.008732103095134117,0.7569768918451405,0.7857209103365228,0.7542203140502396,0.7884774881314237,0.7894495127528989,0.2999191359701401,0.007785512849143258,0.7766354791310689,0.8022635463747289,0.7741777239250152,0.8047213015807826,0.6455525606469003,0.7134995507637021,0.7249213836477995,0.733049619218757,0.7367684780791209,0.6462264150943396,0.27583108715183835,0.17708894878705816,0.09548517520215412,0.010438005390835394,0.6274146451033243,0.7870058400718777,0.8393980233602875,0.9017295597484276,0.9815813117699909,0.7313312192130502
