nDCG@1,nDCG@1_std,nDCG@1_stderr,nDCG@1_ci90_low,nDCG@1_ci90_high,nDCG@1_ci95_low,nDCG@1_ci95_high,nDCG@3,nDCG@3_std,nDCG@3_stderr,nDCG@3_ci90_low,nDCG@3_ci90_high,nDCG@3_ci95_low,nDCG@3_ci95_high,nDCG@5,nDCG@5_std,nDCG@5_stderr,nDCG@5_ci90_low,nDCG@5_ci90_high,nDCG@5_ci95_low,nDCG@5_ci95_high,nDCG@10,nDCG@10_std,nDCG@10_stderr,nDCG@10_ci90_low,nDCG@10_ci90_high,nDCG@10_ci95_low,nDCG@10_ci95_high,nDCG@100,nDCG@100_std,nDCG@100_stderr,nDCG@100_ci90_low,nDCG@100_ci90_high,nDCG@100_ci95_low,nDCG@100_ci95_high,RR@1,RR@3,RR@5,RR@10,RR@100,P@1,P@3,P@5,P@10,P@100,R@1,R@3,R@5,R@10,R@100,AP
0.7311320754716981,0.44352059472534183,0.011513220981796881,0.7121826750128012,0.750081475930595,0.7085481451681073,0.753716005775289,0.7900773447078098,0.3684933734592532,0.009565611359245812,0.7743334794100699,0.8058212100055496,0.7713137771023587,0.8088409123132608,0.8131114698306837,0.33152334166764386,0.008605917151619574,0.7989471477282969,0.8272757919330705,0.796230404709295,0.8299925349520725,0.829253615975812,0.29965160394854234,0.007778568063893164,0.8164510126493801,0.842056219302244,0.8139954497949973,0.8445117821566268,0.8407691871814325,0.2721276607192127,0.007064082097608004,0.8291425432775467,0.8523958310853182,0.826912531602298,0.8546258427605669,0.7311320754716981,0.7815588499550765,0.7933849955076379,0.799549426688915,0.8018917476927548,0.7311320754716981,0.2913297394429427,0.18733153638813582,0.09912398921832642,0.010485175202156147,0.7097371967654986,0.8331648697214734,0.8881401617250674,0.9362084456424079,0.9859613656783467,0.7953977841970911
