nDCG@1,nDCG@1_std,nDCG@1_stderr,nDCG@1_ci90_low,nDCG@1_ci90_high,nDCG@1_ci95_low,nDCG@1_ci95_high,nDCG@3,nDCG@3_std,nDCG@3_stderr,nDCG@3_ci90_low,nDCG@3_ci90_high,nDCG@3_ci95_low,nDCG@3_ci95_high,nDCG@5,nDCG@5_std,nDCG@5_stderr,nDCG@5_ci90_low,nDCG@5_ci90_high,nDCG@5_ci95_low,nDCG@5_ci95_high,nDCG@10,nDCG@10_std,nDCG@10_stderr,nDCG@10_ci90_low,nDCG@10_ci90_high,nDCG@10_ci95_low,nDCG@10_ci95_high,nDCG@100,nDCG@100_std,nDCG@100_stderr,nDCG@100_ci90_low,nDCG@100_ci90_high,nDCG@100_ci95_low,nDCG@100_ci95_high,RR@1,RR@3,RR@5,RR@10,RR@100,P@1,P@3,P@5,P@10,P@100,R@1,R@3,R@5,R@10,R@100,AP
0.7136118598382749,0.45222536617791026,0.011739185589802335,0.6942905483517513,0.7329331713247985,0.6905846852882355,0.7366390343883144,0.7869052450678581,0.3648312597802395,0.009470547624780322,0.7713178434370932,0.802492646698623,0.7683281511483513,0.8054823389873649,0.8090201541123896,0.3294854034663534,0.008553014911818889,0.7949429028417657,0.8230974053830135,0.7922428601683673,0.8257974480564119,0.8229797101848257,0.30185331200006593,0.007835721557183121,0.8100830389660387,0.8358763814036128,0.8076094337169673,0.8383499866526842,0.8354217012048406,0.2723959618724117,0.00707104684851966,0.8237835941444385,0.8470598082652427,0.8215513838146962,0.849292018594985,0.7136118598382749,0.7742587601078169,0.7852425876010789,0.7907866448466182,0.7933545943416273,0.7136118598382749,0.2935759209344071,0.1880053908355752,0.0986522911051189,0.010485175202156147,0.6939016172506739,0.8386680143755615,0.8912848158131176,0.9330076370170709,0.9862982929020664,0.788397345780852
