nDCG@1,nDCG@1_std,nDCG@1_stderr,nDCG@1_ci90_low,nDCG@1_ci90_high,nDCG@1_ci95_low,nDCG@1_ci95_high,nDCG@3,nDCG@3_std,nDCG@3_stderr,nDCG@3_ci90_low,nDCG@3_ci90_high,nDCG@3_ci95_low,nDCG@3_ci95_high,nDCG@5,nDCG@5_std,nDCG@5_stderr,nDCG@5_ci90_low,nDCG@5_ci90_high,nDCG@5_ci95_low,nDCG@5_ci95_high,nDCG@10,nDCG@10_std,nDCG@10_stderr,nDCG@10_ci90_low,nDCG@10_ci90_high,nDCG@10_ci95_low,nDCG@10_ci95_high,nDCG@100,nDCG@100_std,nDCG@100_stderr,nDCG@100_ci90_low,nDCG@100_ci90_high,nDCG@100_ci95_low,nDCG@100_ci95_high,RR@1,RR@3,RR@5,RR@10,RR@100,P@1,P@3,P@5,P@10,P@100,R@1,R@3,R@5,R@10,R@100,AP
0.6859838274932615,0.46427930040816834,0.012052090131651058,0.6661475121274347,0.7058201428590882,0.6623428703730827,0.7096247846134403,0.7673021390307009,0.3772918235457823,0.009794007743423304,0.7511823602892787,0.7834219177721231,0.7480905570919879,0.7865137209694139,0.7874340636388455,0.3473821387971195,0.009017591013055949,0.7725921750352032,0.8022759522424878,0.7697454735156185,0.8051226537620725,0.8026774294320214,0.3194998209040591,0.00829380210402838,0.7890268117947364,0.8163280470693063,0.7864085982365379,0.8189462606275049,0.8179466728467751,0.2856985673789958,0.0074163652816486,0.8057402124745113,0.8301531332190389,0.8033989909346902,0.83249435475886,0.6846361185983828,0.751347708894879,0.7619272237196771,0.7682242865699741,0.7714020437786495,0.6859838274932615,0.2879604672057462,0.1836927223719636,0.09676549865228883,0.010417789757412213,0.6673966756513926,0.8226078167115903,0.8700584007187779,0.9152628032345014,0.9809074573225516,0.7680984755420887
