{
  "nDCG@1": 0.7311320754716981,
  "nDCG@1_std": 0.44352059472534183,
  "nDCG@1_stderr": 0.011513220981796881,
  "nDCG@1_ci90_low": 0.7121826750128012,
  "nDCG@1_ci90_high": 0.750081475930595,
  "nDCG@1_ci95_low": 0.7085481451681073,
  "nDCG@1_ci95_high": 0.753716005775289,
  "nDCG@3": 0.7977578590071988,
  "nDCG@3_std": 0.3586605808553968,
  "nDCG@3_stderr": 0.009310364781155154,
  "nDCG@3_ci90_low": 0.782434099397663,
  "nDCG@3_ci90_high": 0.8130816186167346,
  "nDCG@3_ci95_low": 0.7794949741332737,
  "nDCG@3_ci95_high": 0.8160207438811238,
  "nDCG@5": 0.8176495627855322,
  "nDCG@5_std": 0.32585109330531026,
  "nDCG@5_stderr": 0.00845867292071836,
  "nDCG@5_ci90_low": 0.8037275872776407,
  "nDCG@5_ci90_high": 0.8315715382934238,
  "nDCG@5_ci95_low": 0.8010573267809941,
  "nDCG@5_ci95_high": 0.8342417987900704,
  "nDCG@10": 0.8321647195291858,
  "nDCG@10_std": 0.29695823835545493,
  "nDCG@10_stderr": 0.00770865177674265,
  "nDCG@10_ci90_low": 0.8194771901447818,
  "nDCG@10_ci90_high": 0.8448522489135898,
  "nDCG@10_ci95_low": 0.8170436986840325,
  "nDCG@10_ci95_high": 0.8472857403743391,
  "nDCG@100": 0.8445313706854924,
  "nDCG@100_std": 0.2666623176317335,
  "nDCG@100_stderr": 0.006922208860027119,
  "nDCG@100_ci90_low": 0.8331382333561413,
  "nDCG@100_ci90_high": 0.8559245080148435,
  "nDCG@100_ci95_low": 0.8309530086711683,
  "nDCG@100_ci95_high": 0.8581097326998166,
  "RR@1": 0.7318059299191375,
  "RR@3": 0.7868373764600181,
  "RR@5": 0.7967430368373771,
  "RR@10": 0.8024988769092548,
  "RR@100": 0.8052173875235469,
  "P@1": 0.7311320754716981,
  "P@3": 0.2960467205750179,
  "P@5": 0.18840970350403877,
  "P@10": 0.0990566037735825,
  "P@100": 0.010505390835579326,
  "R@1": 0.7102425876010782,
  "R@3": 0.8460804132973944,
  "R@5": 0.8933063791554356,
  "R@10": 0.9357030548068284,
  "R@100": 0.9879829290206648,
  "AP": 0.7995851283539811
}