nDCG@1,nDCG@1_std,nDCG@1_stderr,nDCG@1_ci90_low,nDCG@1_ci90_high,nDCG@1_ci95_low,nDCG@1_ci95_high,nDCG@3,nDCG@3_std,nDCG@3_stderr,nDCG@3_ci90_low,nDCG@3_ci90_high,nDCG@3_ci95_low,nDCG@3_ci95_high,nDCG@5,nDCG@5_std,nDCG@5_stderr,nDCG@5_ci90_low,nDCG@5_ci90_high,nDCG@5_ci95_low,nDCG@5_ci95_high,nDCG@10,nDCG@10_std,nDCG@10_stderr,nDCG@10_ci90_low,nDCG@10_ci90_high,nDCG@10_ci95_low,nDCG@10_ci95_high,nDCG@100,nDCG@100_std,nDCG@100_stderr,nDCG@100_ci90_low,nDCG@100_ci90_high,nDCG@100_ci95_low,nDCG@100_ci95_high,RR@1,RR@3,RR@5,RR@10,RR@100,P@1,P@3,P@5,P@10,P@100,R@1,R@3,R@5,R@10,R@100,AP
0.13005390835579514,0.33647612174407304,0.00873448491639154,0.1156779789139313,0.14442983779765897,0.11292064921819754,0.14718716749339272,0.19871047737486044,0.3570590860898605,0.009268792048443095,0.18345514156797527,0.21396581318174562,0.1805291401147251,0.2168918146349958,0.22305109200238143,0.35691864915111443,0.009265146487156832,0.20780175635833686,0.238300427646426,0.2048769057473503,0.24122527825741258,0.25463151019750424,0.35003435488804696,0.009086439112353874,0.23967630576274102,0.26958671463226747,0.23680787005842696,0.2724551503365815,0.31826419828814356,0.31711899557245077,0.008231998957820839,0.30471530132215974,0.3318130952541274,0.3021165979757206,0.3344117986005665,0.13005390835579514,0.18396226415094355,0.19804582210242577,0.21117020707654133,0.22309861785882862,0.13005390835579514,0.08557951482479736,0.06361185983827547,0.041981132075472105,0.007452830188679119,0.12601078167115903,0.2502246181491464,0.3085130278526505,0.4052111410601976,0.7093441150044922,0.21827193793794292
