{
  "nDCG@1": 0.1408355795148248,
  "nDCG@1_std": 0.34796912369651967,
  "nDCG@1_stderr": 0.009032828381827871,
  "nDCG@1_ci90_low": 0.1259686120037893,
  "nDCG@1_ci90_high": 0.1557025470258603,
  "nDCG@1_ci95_low": 0.12311710030366146,
  "nDCG@1_ci95_high": 0.15855405872598816,
  "nDCG@3": 0.2267666253062245,
  "nDCG@3_std": 0.3693094430184706,
  "nDCG@3_stderr": 0.009586795469484493,
  "nDCG@3_ci90_low": 0.21098789346775612,
  "nDCG@3_ci90_high": 0.24254535714469286,
  "nDCG@3_ci95_low": 0.2079615036934343,
  "nDCG@3_ci95_high": 0.24557174691901468,
  "nDCG@5": 0.2526267156608092,
  "nDCG@5_std": 0.36702272484213494,
  "nDCG@5_stderr": 0.009527435223307994,
  "nDCG@5_ci90_low": 0.23694568376902955,
  "nDCG@5_ci90_high": 0.26830774755258885,
  "nDCG@5_ci95_low": 0.23393803302409474,
  "nDCG@5_ci95_high": 0.27131539829752366,
  "nDCG@10": 0.284040426505728,
  "nDCG@10_std": 0.3582190230162706,
  "nDCG@10_stderr": 0.009298902510770049,
  "nDCG@10_ci90_low": 0.26873553243799314,
  "nDCG@10_ci90_high": 0.2993453205734629,
  "nDCG@10_ci95_low": 0.26580002561920385,
  "nDCG@10_ci95_high": 0.3022808273922522,
  "nDCG@100": 0.34948532563750523,
  "nDCG@100_std": 0.31902143907343017,
  "nDCG@100_stderr": 0.008281383930452657,
  "nDCG@100_ci90_low": 0.3358551468456508,
  "nDCG@100_ci90_high": 0.36311550442935964,
  "nDCG@100_ci95_low": 0.33324085349558075,
  "nDCG@100_ci95_high": 0.3657297977794297,
  "RR@1": 0.14150943396226415,
  "RR@3": 0.2087825696316262,
  "RR@5": 0.2232367475292001,
  "RR@10": 0.23637824626705997,
  "RR@100": 0.248418240337227,
  "P@1": 0.1408355795148248,
  "P@3": 0.0999550763701706,
  "P@5": 0.07291105121293867,
  "P@10": 0.04642857142857166,
  "P@100": 0.008005390835579376,
  "R@1": 0.13757861635220126,
  "R@3": 0.2898135669362084,
  "R@5": 0.35214510332434856,
  "R@10": 0.4471585804132974,
  "R@100": 0.7622416891284814,
  "AP": 0.24317252320319546
}