{
  "nDCG@1": 0.13005390835579514,
  "nDCG@3": 0.19871047737486044,
  "nDCG@5": 0.22305109200238143,
  "nDCG@10": 0.25463151019750424,
  "nDCG@100": 0.31826419828814356,
  "RR@1": 0.13005390835579514,
  "RR@3": 0.18396226415094355,
  "RR@5": 0.19804582210242577,
  "RR@10": 0.21117020707654133,
  "RR@100": 0.22309861785882862,
  "P@1": 0.13005390835579514,
  "P@3": 0.08557951482479736,
  "P@5": 0.06361185983827547,
  "P@10": 0.041981132075472105,
  "P@100": 0.007452830188679119,
  "R@1": 0.12601078167115903,
  "R@3": 0.2502246181491464,
  "R@5": 0.3085130278526505,
  "R@10": 0.4052111410601976,
  "R@100": 0.7093441150044922,
  "AP": 0.21827193793794292
}