nDCG@1,nDCG@1_std,nDCG@1_stderr,nDCG@1_ci90_low,nDCG@1_ci90_high,nDCG@1_ci95_low,nDCG@1_ci95_high,nDCG@3,nDCG@3_std,nDCG@3_stderr,nDCG@3_ci90_low,nDCG@3_ci90_high,nDCG@3_ci95_low,nDCG@3_ci95_high,nDCG@5,nDCG@5_std,nDCG@5_stderr,nDCG@5_ci90_low,nDCG@5_ci90_high,nDCG@5_ci95_low,nDCG@5_ci95_high,nDCG@10,nDCG@10_std,nDCG@10_stderr,nDCG@10_ci90_low,nDCG@10_ci90_high,nDCG@10_ci95_low,nDCG@10_ci95_high,nDCG@100,nDCG@100_std,nDCG@100_stderr,nDCG@100_ci90_low,nDCG@100_ci90_high,nDCG@100_ci95_low,nDCG@100_ci95_high,RR@1,RR@3,RR@5,RR@10,RR@100,P@1,P@3,P@5,P@10,P@100,R@1,R@3,R@5,R@10,R@100,AP
0.1421832884097035,0.3493557563110541,0.009068823571006376,0.12725707707320721,0.1571094997461998,0.12439420229844182,0.1599723745209652,0.22805243157164648,0.3706333055219778,0.009621161227768689,0.21221713775831197,0.243887725384981,0.20917989929322697,0.246924963850066,0.25665839419423575,0.36778921586631774,0.00954733233890292,0.24094461400274214,0.27237217438572936,0.23793068207371754,0.27538610631475396,0.2871035762671012,0.35890146879538787,0.00931661792050866,0.2717695247295357,0.3024376278046667,0.26882842545442964,0.30537872707977276,0.3518945358207471,0.31955506172483256,0.00829523608428622,0.3382415580215058,0.3655475136199884,0.3356228917799052,0.368166179861589,0.14150943396226415,0.20900718778077265,0.22504492362982909,0.23766766140418402,0.24961168403902814,0.1421832884097035,0.10017969451931706,0.07452830188679314,0.04703504043126704,0.008039083557951344,0.13926325247079963,0.2909928122192273,0.35989442946990113,0.45288634321653193,0.7652740341419586,0.24530394689094995
