{
  "nDCG@1": 0.14285714285714285,
  "nDCG@3": 0.22086945123245097,
  "nDCG@5": 0.24622416499984062,
  "nDCG@10": 0.27992563970006723,
  "nDCG@100": 0.3460048940234083,
  "RR@1": 0.14285714285714285,
  "RR@3": 0.20350404312668469,
  "RR@5": 0.21839622641509412,
  "RR@10": 0.23269023018012225,
  "RR@100": 0.24483563969640967,
  "P@1": 0.14285714285714285,
  "P@3": 0.09478885893980209,
  "P@5": 0.07008086253369336,
  "P@10": 0.04588948787062022,
  "P@100": 0.007978436657681803,
  "R@1": 0.1390386343216532,
  "R@3": 0.27852650494159925,
  "R@5": 0.33917340521114103,
  "R@10": 0.44210467205750226,
  "R@100": 0.7599955076370172,
  "AP": 0.24005716056921242
}