nDCG@1,nDCG@1_std,nDCG@1_stderr,nDCG@1_ci90_low,nDCG@1_ci90_high,nDCG@1_ci95_low,nDCG@1_ci95_high,nDCG@3,nDCG@3_std,nDCG@3_stderr,nDCG@3_ci90_low,nDCG@3_ci90_high,nDCG@3_ci95_low,nDCG@3_ci95_high,nDCG@5,nDCG@5_std,nDCG@5_stderr,nDCG@5_ci90_low,nDCG@5_ci90_high,nDCG@5_ci95_low,nDCG@5_ci95_high,nDCG@10,nDCG@10_std,nDCG@10_stderr,nDCG@10_ci90_low,nDCG@10_ci90_high,nDCG@10_ci95_low,nDCG@10_ci95_high,nDCG@100,nDCG@100_std,nDCG@100_stderr,nDCG@100_ci90_low,nDCG@100_ci90_high,nDCG@100_ci95_low,nDCG@100_ci95_high,RR@1,RR@3,RR@5,RR@10,RR@100,P@1,P@3,P@5,P@10,P@100,R@1,R@3,R@5,R@10,R@100,AP
0.1078167115902965,0.31025333453223336,0.008053775277382533,0.09456114972985988,0.12107227345073313,0.09201870859593352,0.12361471458465949,0.1618885983265959,0.33189830313379187,0.008615650666299076,0.14770825600989845,0.17606894064329337,0.14498844028434,0.17878875636885183,0.18316034821451352,0.3337825890403295,0.008664564291264536,0.16889949985447403,0.197421196574553,0.16616424292179985,0.2001564535072272,0.21083689410674208,0.3308613889030094,0.008588733714030915,0.19670085391092537,0.2249729343025588,0.1939895354135971,0.22768425279988708,0.2700335293835421,0.3070028960627659,0.007969398098888967,0.2569168423824862,0.283150216384598,0.2544010377018973,0.28566602106518685,0.10714285714285714,0.15026954177897586,0.16196091644204855,0.17345708723741055,0.1843576750251478,0.1078167115902965,0.069856244384546,0.052560646900269924,0.035107816711590606,0.006570080862533586,0.1034366576819407,0.20316711590296496,0.25505390835579517,0.340633423180593,0.6286500449236299,0.18031176629657705
