{
  "nDCG@1": 0.14555256064690028,
  "nDCG@3": 0.22781858199381388,
  "nDCG@5": 0.2559628249697499,
  "nDCG@10": 0.2881197609234881,
  "nDCG@100": 0.3533522838630632,
  "RR@1": 0.14622641509433962,
  "RR@3": 0.21035489667565135,
  "RR@5": 0.2264600179694517,
  "RR@10": 0.23987052368117032,
  "RR@100": 0.25159487514672757,
  "P@1": 0.14555256064690028,
  "P@3": 0.09905660377358477,
  "P@5": 0.07385444743935378,
  "P@10": 0.04716981132075491,
  "P@100": 0.008079514824797704,
  "R@1": 0.1417340521114106,
  "R@3": 0.2882973944294699,
  "R@5": 0.3561882300089847,
  "R@10": 0.45490790655885,
  "R@100": 0.7696540880503143,
  "AP": 0.2462453865056369
}