{
  "nDCG@1": 0.1421832884097035,
  "nDCG@1_std": 0.3493557563110541,
  "nDCG@1_stderr": 0.009068823571006376,
  "nDCG@1_ci90_low": 0.12725707707320721,
  "nDCG@1_ci90_high": 0.1571094997461998,
  "nDCG@1_ci95_low": 0.12439420229844182,
  "nDCG@1_ci95_high": 0.1599723745209652,
  "nDCG@3": 0.22805243157164648,
  "nDCG@3_std": 0.3706333055219778,
  "nDCG@3_stderr": 0.009621161227768689,
  "nDCG@3_ci90_low": 0.21221713775831197,
  "nDCG@3_ci90_high": 0.243887725384981,
  "nDCG@3_ci95_low": 0.20917989929322697,
  "nDCG@3_ci95_high": 0.246924963850066,
  "nDCG@5": 0.25665839419423575,
  "nDCG@5_std": 0.36778921586631774,
  "nDCG@5_stderr": 0.00954733233890292,
  "nDCG@5_ci90_low": 0.24094461400274214,
  "nDCG@5_ci90_high": 0.27237217438572936,
  "nDCG@5_ci95_low": 0.23793068207371754,
  "nDCG@5_ci95_high": 0.27538610631475396,
  "nDCG@10": 0.2871035762671012,
  "nDCG@10_std": 0.35890146879538787,
  "nDCG@10_stderr": 0.00931661792050866,
  "nDCG@10_ci90_low": 0.2717695247295357,
  "nDCG@10_ci90_high": 0.3024376278046667,
  "nDCG@10_ci95_low": 0.26882842545442964,
  "nDCG@10_ci95_high": 0.30537872707977276,
  "nDCG@100": 0.3518945358207471,
  "nDCG@100_std": 0.31955506172483256,
  "nDCG@100_stderr": 0.00829523608428622,
  "nDCG@100_ci90_low": 0.3382415580215058,
  "nDCG@100_ci90_high": 0.3655475136199884,
  "nDCG@100_ci95_low": 0.3356228917799052,
  "nDCG@100_ci95_high": 0.368166179861589,
  "RR@1": 0.14150943396226415,
  "RR@3": 0.20900718778077265,
  "RR@5": 0.22504492362982909,
  "RR@10": 0.23766766140418402,
  "RR@100": 0.24961168403902814,
  "P@1": 0.1421832884097035,
  "P@3": 0.10017969451931706,
  "P@5": 0.07452830188679314,
  "P@10": 0.04703504043126704,
  "P@100": 0.008039083557951344,
  "R@1": 0.13926325247079963,
  "R@3": 0.2909928122192273,
  "R@5": 0.35989442946990113,
  "R@10": 0.45288634321653193,
  "R@100": 0.7652740341419586,
  "AP": 0.24530394689094995
}