nDCG@1,nDCG@3,nDCG@5,nDCG@10,nDCG@100,RR@1,RR@3,RR@5,RR@10,RR@100,P@1,P@3,P@5,P@10,P@100,R@1,R@3,R@5,R@10,R@100,AP
0.1421832884097035,0.22805243157164648,0.25665839419423575,0.2871035762671012,0.3518945358207471,0.14150943396226415,0.20900718778077265,0.22504492362982909,0.23766766140418402,0.24961168403902814,0.1421832884097035,0.10017969451931706,0.07452830188679314,0.04703504043126704,0.008039083557951344,0.13926325247079963,0.2909928122192273,0.35989442946990113,0.45288634321653193,0.7652740341419586,0.24530394689094995
