nDCG@1,nDCG@3,nDCG@5,nDCG@10,nDCG@100,RR@1,RR@3,RR@5,RR@10,RR@100,P@1,P@3,P@5,P@10,P@100,R@1,R@3,R@5,R@10,R@100,AP
0.1408355795148248,0.2267666253062245,0.2526267156608092,0.284040426505728,0.34948532563750523,0.14150943396226415,0.2087825696316262,0.2232367475292001,0.23637824626705997,0.248418240337227,0.1408355795148248,0.0999550763701706,0.07291105121293867,0.04642857142857166,0.008005390835579376,0.13757861635220126,0.2898135669362084,0.35214510332434856,0.4471585804132974,0.7622416891284814,0.24317252320319546
