{
  "nDCG@1": 0.14555256064690028,
  "nDCG@1_std": 0.3527759551206797,
  "nDCG@1_stderr": 0.009157607508359462,
  "nDCG@1_ci90_low": 0.130480221446978,
  "nDCG@1_ci90_high": 0.16062489984682257,
  "nDCG@1_ci95_low": 0.12758931907936527,
  "nDCG@1_ci95_high": 0.1635158022144353,
  "nDCG@3": 0.22781858199381388,
  "nDCG@3_std": 0.37215812146081867,
  "nDCG@3_stderr": 0.009660743477317466,
  "nDCG@3_ci90_low": 0.21191814047776875,
  "nDCG@3_ci90_high": 0.24371902350985902,
  "nDCG@3_ci95_low": 0.208868406563536,
  "nDCG@3_ci95_high": 0.24676875742409177,
  "nDCG@5": 0.2559628249697499,
  "nDCG@5_std": 0.3693544724698461,
  "nDCG@5_stderr": 0.009587964375800324,
  "nDCG@5_ci90_low": 0.2401821692496925,
  "nDCG@5_ci90_high": 0.27174348068980736,
  "nDCG@5_ci95_low": 0.23715541047134503,
  "nDCG@5_ci95_high": 0.2747702394681548,
  "nDCG@10": 0.2881197609234881,
  "nDCG@10_std": 0.35958290981613783,
  "nDCG@10_stderr": 0.009334307248019627,
  "nDCG@10_ci90_low": 0.27275659484435477,
  "nDCG@10_ci90_high": 0.30348292700262147,
  "nDCG@10_ci95_low": 0.2698099113466517,
  "nDCG@10_ci95_high": 0.3064296105003245,
  "nDCG@100": 0.3533522838630632,
  "nDCG@100_std": 0.3200899989283973,
  "nDCG@100_stderr": 0.00830912236219365,
  "nDCG@100_ci90_low": 0.3396764508922442,
  "nDCG@100_ci90_high": 0.36702811683388226,
  "nDCG@100_ci95_low": 0.3370534009867179,
  "nDCG@100_ci95_high": 0.36965116673940857,
  "RR@1": 0.14622641509433962,
  "RR@3": 0.21035489667565135,
  "RR@5": 0.2264600179694517,
  "RR@10": 0.23987052368117032,
  "RR@100": 0.25159487514672757,
  "P@1": 0.14555256064690028,
  "P@3": 0.09905660377358477,
  "P@5": 0.07385444743935378,
  "P@10": 0.04716981132075491,
  "P@100": 0.008079514824797704,
  "R@1": 0.1417340521114106,
  "R@3": 0.2882973944294699,
  "R@5": 0.3561882300089847,
  "R@10": 0.45490790655885,
  "R@100": 0.7696540880503143,
  "AP": 0.2462453865056369
}