nDCG@1,nDCG@3,nDCG@5,nDCG@10,nDCG@100,RR@1,RR@3,RR@5,RR@10,RR@100,P@1,P@3,P@5,P@10,P@100,R@1,R@3,R@5,R@10,R@100,AP
0.14555256064690028,0.22781858199381388,0.2559628249697499,0.2881197609234881,0.3533522838630632,0.14622641509433962,0.21035489667565135,0.2264600179694517,0.23987052368117032,0.25159487514672757,0.14555256064690028,0.09905660377358477,0.07385444743935378,0.04716981132075491,0.008079514824797704,0.1417340521114106,0.2882973944294699,0.3561882300089847,0.45490790655885,0.7696540880503143,0.2462453865056369
