{
  "nDCG@1": 0.09703504043126684,
  "nDCG@1_std": 0.296105257954326,
  "nDCG@1_stderr": 0.007686509508789071,
  "nDCG@1_ci90_low": 0.08438395460190141,
  "nDCG@1_ci90_high": 0.10968612626063227,
  "nDCG@1_ci95_low": 0.08195745308200642,
  "nDCG@1_ci95_high": 0.11211262778052727,
  "nDCG@3": 0.1416551281424645,
  "nDCG@3_std": 0.3163968850491276,
  "nDCG@3_stderr": 0.008213253902625714,
  "nDCG@3_ci90_low": 0.12813708332099158,
  "nDCG@3_ci90_high": 0.15517317296393743,
  "nDCG@3_ci95_low": 0.12554429747258838,
  "nDCG@3_ci95_high": 0.15776595881234062,
  "nDCG@5": 0.1589517962954247,
  "nDCG@5_std": 0.31936782787037954,
  "nDCG@5_stderr": 0.00829037573559615,
  "nDCG@5_ci90_low": 0.14530681805545909,
  "nDCG@5_ci90_high": 0.1725967745353903,
  "nDCG@5_ci95_low": 0.14268968614403396,
  "nDCG@5_ci95_high": 0.17521390644681542,
  "nDCG@10": 0.18541433376344554,
  "nDCG@10_std": 0.31849810677223134,
  "nDCG@10_stderr": 0.008267798900800661,
  "nDCG@10_ci90_low": 0.1718065143241588,
  "nDCG@10_ci90_high": 0.19902215320273228,
  "nDCG@10_ci95_low": 0.1691965095390168,
  "nDCG@10_ci95_high": 0.2016321579878743,
  "nDCG@100": 0.24237911138537221,
  "nDCG@100_std": 0.2999725888738202,
  "nDCG@100_stderr": 0.007786900417385877,
  "nDCG@100_ci90_low": 0.22956279399027543,
  "nDCG@100_ci90_high": 0.255195428780469,
  "nDCG@100_ci95_low": 0.22710460075231056,
  "nDCG@100_ci95_high": 0.25765362201843384,
  "RR@1": 0.09703504043126684,
  "RR@3": 0.13196316262354002,
  "RR@5": 0.14153189577717878,
  "RR@10": 0.15275986180635764,
  "RR@100": 0.16344800846463525,
  "P@1": 0.09703504043126684,
  "P@3": 0.06109613656783454,
  "P@5": 0.045148247978436924,
  "P@10": 0.03086253369272263,
  "P@100": 0.006004043126684542,
  "R@1": 0.09332884097035041,
  "R@3": 0.1765498652291105,
  "R@5": 0.21866576819407008,
  "R@10": 0.29952830188679247,
  "R@100": 0.5740678346810422,
  "AP": 0.15991709421857406
}