nDCG@1,nDCG@1_std,nDCG@1_stderr,nDCG@1_ci90_low,nDCG@1_ci90_high,nDCG@1_ci95_low,nDCG@1_ci95_high,nDCG@3,nDCG@3_std,nDCG@3_stderr,nDCG@3_ci90_low,nDCG@3_ci90_high,nDCG@3_ci95_low,nDCG@3_ci95_high,nDCG@5,nDCG@5_std,nDCG@5_stderr,nDCG@5_ci90_low,nDCG@5_ci90_high,nDCG@5_ci95_low,nDCG@5_ci95_high,nDCG@10,nDCG@10_std,nDCG@10_stderr,nDCG@10_ci90_low,nDCG@10_ci90_high,nDCG@10_ci95_low,nDCG@10_ci95_high,nDCG@100,nDCG@100_std,nDCG@100_stderr,nDCG@100_ci90_low,nDCG@100_ci90_high,nDCG@100_ci95_low,nDCG@100_ci95_high,RR@1,RR@3,RR@5,RR@10,RR@100,P@1,P@3,P@5,P@10,P@100,R@1,R@3,R@5,R@10,R@100,AP
0.09703504043126684,0.296105257954326,0.007686509508789071,0.08438395460190141,0.10968612626063227,0.08195745308200642,0.11211262778052727,0.1416551281424645,0.3163968850491276,0.008213253902625714,0.12813708332099158,0.15517317296393743,0.12554429747258838,0.15776595881234062,0.1589517962954247,0.31936782787037954,0.00829037573559615,0.14530681805545909,0.1725967745353903,0.14268968614403396,0.17521390644681542,0.18541433376344554,0.31849810677223134,0.008267798900800661,0.1718065143241588,0.19902215320273228,0.1691965095390168,0.2016321579878743,0.24237911138537221,0.2999725888738202,0.007786900417385877,0.22956279399027543,0.255195428780469,0.22710460075231056,0.25765362201843384,0.09703504043126684,0.13196316262354002,0.14153189577717878,0.15275986180635764,0.16344800846463525,0.09703504043126684,0.06109613656783454,0.045148247978436924,0.03086253369272263,0.006004043126684542,0.09332884097035041,0.1765498652291105,0.21866576819407008,0.29952830188679247,0.5740678346810422,0.15991709421857406
