nDCG@1,nDCG@3,nDCG@5,nDCG@10,nDCG@100,RR@1,RR@3,RR@5,RR@10,RR@100,P@1,P@3,P@5,P@10,P@100,R@1,R@3,R@5,R@10,R@100,AP
0.13005390835579514,0.19871047737486044,0.22305109200238143,0.25463151019750424,0.31826419828814356,0.13005390835579514,0.18396226415094355,0.19804582210242577,0.21117020707654133,0.22309861785882862,0.13005390835579514,0.08557951482479736,0.06361185983827547,0.041981132075472105,0.007452830188679119,0.12601078167115903,0.2502246181491464,0.3085130278526505,0.4052111410601976,0.7093441150044922,0.21827193793794292
