nDCG@1,nDCG@3,nDCG@5,nDCG@10,nDCG@100,RR@1,RR@3,RR@5,RR@10,RR@100,P@1,P@3,P@5,P@10,P@100,R@1,R@3,R@5,R@10,R@100,AP
0.09703504043126684,0.1416551281424645,0.1589517962954247,0.18541433376344554,0.24237911138537221,0.09703504043126684,0.13196316262354002,0.14153189577717878,0.15275986180635764,0.16344800846463525,0.09703504043126684,0.06109613656783454,0.045148247978436924,0.03086253369272263,0.006004043126684542,0.09332884097035041,0.1765498652291105,0.21866576819407008,0.29952830188679247,0.5740678346810422,0.15991709421857406
