nDCG@1,nDCG@1_std,nDCG@1_stderr,nDCG@1_ci90_low,nDCG@1_ci90_high,nDCG@1_ci95_low,nDCG@1_ci95_high,nDCG@3,nDCG@3_std,nDCG@3_stderr,nDCG@3_ci90_low,nDCG@3_ci90_high,nDCG@3_ci95_low,nDCG@3_ci95_high,nDCG@5,nDCG@5_std,nDCG@5_stderr,nDCG@5_ci90_low,nDCG@5_ci90_high,nDCG@5_ci95_low,nDCG@5_ci95_high,nDCG@10,nDCG@10_std,nDCG@10_stderr,nDCG@10_ci90_low,nDCG@10_ci90_high,nDCG@10_ci95_low,nDCG@10_ci95_high,nDCG@100,nDCG@100_std,nDCG@100_stderr,nDCG@100_ci90_low,nDCG@100_ci90_high,nDCG@100_ci95_low,nDCG@100_ci95_high,RR@1,RR@3,RR@5,RR@10,RR@100,P@1,P@3,P@5,P@10,P@100,R@1,R@3,R@5,R@10,R@100,AP
0.7675202156334232,0.42255562134608265,0.010968997389333547,0.7494665428609029,0.7855738884059436,0.7460038152331665,0.7890366160336799,0.837316880520861,0.3212813324685175,0.00834004784000359,0.8235901478700715,0.8510436131716504,0.8209573353123525,0.8536764257293694,0.8548182746464118,0.28571954281952255,0.0074169097769546735,0.8426109180992531,0.8670256311935705,0.8402695246714397,0.8693670246213839,0.8675584453082467,0.2562580654816336,0.006652127931251725,0.8566098292543725,0.8785070613621209,0.8545098645672461,0.8806070260492472,0.8751294820090467,0.23460007520941856,0.006089914516607394,0.8651062027618145,0.885152761256279,0.8631837193753461,0.8870752446427473,0.7675202156334232,0.8254716981132079,0.8349730458221031,0.8395319920421,0.8410901370536374,0.7675202156334232,0.3101976639712434,0.19568733153638337,0.10222371967654721,0.010599730458220833,0.7467991913746631,0.8857255166217433,0.9273360287511231,0.9641172506738546,0.9959568733153639,0.8356996964089612
