{
  "nDCG@1": 0.7628032345013477,
  "nDCG@1_std": 0.42550730386238844,
  "nDCG@1_stderr": 0.011045619249699197,
  "nDCG@1_ci90_low": 0.7446234512061274,
  "nDCG@1_ci90_high": 0.780983017796568,
  "nDCG@1_ci95_low": 0.7411365353482949,
  "nDCG@1_ci95_high": 0.7844699336544004,
  "nDCG@3": 0.8329511687221086,
  "nDCG@3_std": 0.32496093132968423,
  "nDCG@3_stderr": 0.008435565467182134,
  "nDCG@3_ci90_low": 0.8190672253506049,
  "nDCG@3_ci90_high": 0.8468351120936123,
  "nDCG@3_ci95_low": 0.816404259487636,
  "nDCG@3_ci95_high": 0.8494980779565813,
  "nDCG@5": 0.8513724061631708,
  "nDCG@5_std": 0.2886905816950213,
  "nDCG@5_stderr": 0.00749403410336912,
  "nDCG@5_ci90_low": 0.8390381120936055,
  "nDCG@5_ci90_high": 0.8637067002327361,
  "nDCG@5_ci95_low": 0.8366723718156318,
  "nDCG@5_ci95_high": 0.8660724405107098,
  "nDCG@10": 0.8639442676547383,
  "nDCG@10_std": 0.2599706670360818,
  "nDCG@10_stderr": 0.006748502265661595,
  "nDCG@10_ci90_low": 0.8528370308413408,
  "nDCG@10_ci90_high": 0.8750515044681358,
  "nDCG@10_ci95_low": 0.8507066424009286,
  "nDCG@10_ci95_high": 0.877181892908548,
  "nDCG@100": 0.8719445148524189,
  "nDCG@100_std": 0.23738709516806747,
  "nDCG@100_stderr": 0.006162261949953694,
  "nDCG@100_ci90_low": 0.8618021602839694,
  "nDCG@100_ci90_high": 0.8820868694208683,
  "nDCG@100_ci95_low": 0.8598568380319829,
  "nDCG@100_ci95_high": 0.8840321916728549,
  "RR@1": 0.7628032345013477,
  "RR@3": 0.8212039532794253,
  "RR@5": 0.8309411500449242,
  "RR@10": 0.8353880545929067,
  "RR@100": 0.837103908711415,
  "P@1": 0.7628032345013477,
  "P@3": 0.30862533692721816,
  "P@5": 0.1952830188679198,
  "P@10": 0.10208894878705937,
  "P@100": 0.010599730458220833,
  "R@1": 0.7420822102425876,
  "R@3": 0.8821316262353999,
  "R@5": 0.9256513926325247,
  "R@10": 0.9623203054806828,
  "R@100": 0.9959568733153639,
  "AP": 0.8315998928281196
}