nDCG@1,nDCG@1_std,nDCG@1_stderr,nDCG@1_ci90_low,nDCG@1_ci90_high,nDCG@1_ci95_low,nDCG@1_ci95_high,nDCG@3,nDCG@3_std,nDCG@3_stderr,nDCG@3_ci90_low,nDCG@3_ci90_high,nDCG@3_ci95_low,nDCG@3_ci95_high,nDCG@5,nDCG@5_std,nDCG@5_stderr,nDCG@5_ci90_low,nDCG@5_ci90_high,nDCG@5_ci95_low,nDCG@5_ci95_high,nDCG@10,nDCG@10_std,nDCG@10_stderr,nDCG@10_ci90_low,nDCG@10_ci90_high,nDCG@10_ci95_low,nDCG@10_ci95_high,nDCG@100,nDCG@100_std,nDCG@100_stderr,nDCG@100_ci90_low,nDCG@100_ci90_high,nDCG@100_ci95_low,nDCG@100_ci95_high,RR@1,RR@3,RR@5,RR@10,RR@100,P@1,P@3,P@5,P@10,P@100,R@1,R@3,R@5,R@10,R@100,AP
0.706199460916442,0.4556552305377001,0.011828220432336091,0.6867316086062311,0.725667313226653,0.6829976387433305,0.7294012830895535,0.7739001690348811,0.3778147011126428,0.009807580968760039,0.7577580503693985,0.7900422877003638,0.754661962333603,0.7931383757361592,0.7931271960265938,0.34860978873510196,0.009049459217582132,0.7782328561262701,0.8080215359269174,0.7753760943515553,0.8108782977016322,0.8110510220415109,0.31729747321927887,0.008236632006686395,0.7974944996248875,0.8246075444581343,0.794894333702997,0.8272077103800248,0.8250788619382681,0.28584809928231136,0.0074202469364515,0.81286601282115,0.8372917110553861,0.8105235659083208,0.8396341579682154,0.706199460916442,0.7632524707996406,0.7735624438454634,0.780038933812519,0.7830714593316043,0.706199460916442,0.2872866127583066,0.18261455525606055,0.09750673854447203,0.010417789757412211,0.6871630727762803,0.820024707996406,0.8660714285714286,0.9190813117699911,0.9792228212039532,0.7774878341598299
