{
  "nDCG@1": 0.738544474393531,
  "nDCG@1_std": 0.43957563676200273,
  "nDCG@1_stderr": 0.011410814975546035,
  "nDCG@1_ci90_low": 0.7197636221128468,
  "nDCG@1_ci90_high": 0.7573253266742151,
  "nDCG@1_ci95_low": 0.7161614201185941,
  "nDCG@1_ci95_high": 0.7609275286684679,
  "nDCG@3": 0.8110265940644658,
  "nDCG@3_std": 0.34410219841037054,
  "nDCG@3_stderr": 0.00893244800294805,
  "nDCG@3_ci90_low": 0.7963248407884924,
  "nDCG@3_ci90_high": 0.8257283473404391,
  "nDCG@3_ci95_low": 0.7935050174823802,
  "nDCG@3_ci95_high": 0.8285481706465513,
  "nDCG@5": 0.8308110091638591,
  "nDCG@5_std": 0.3103170052553345,
  "nDCG@5_stderr": 0.008055428087001415,
  "nDCG@5_ci90_low": 0.8175527269742113,
  "nDCG@5_ci90_high": 0.8440692913535068,
  "nDCG@5_ci95_low": 0.8150097640761412,
  "nDCG@5_ci95_high": 0.8466122542515769,
  "nDCG@10": 0.8465740287319247,
  "nDCG@10_std": 0.27644084994300033,
  "nDCG@10_stderr": 0.0071760469111033605,
  "nDCG@10_ci90_low": 0.8347631039832967,
  "nDCG@10_ci90_high": 0.8583849534805527,
  "nDCG@10_ci95_low": 0.8324977469032436,
  "nDCG@10_ci95_high": 0.8606503105606057,
  "nDCG@100": 0.8552635307737537,
  "nDCG@100_std": 0.25370904969232094,
  "nDCG@100_stderr": 0.00658595877830265,
  "nDCG@100_ci90_low": 0.8444238213220581,
  "nDCG@100_ci90_high": 0.8661032402254494,
  "nDCG@100_ci95_low": 0.842344745121444,
  "nDCG@100_ci95_high": 0.8681823164260635,
  "RR@1": 0.738544474393531,
  "RR@3": 0.7989667565139263,
  "RR@5": 0.8089061096136573,
  "RR@10": 0.8150988854661362,
  "RR@100": 0.816764090591776,
  "P@1": 0.738544474393531,
  "P@3": 0.3016621743036787,
  "P@5": 0.19177897574123534,
  "P@10": 0.10114555256064431,
  "P@100": 0.01055256064690008,
  "R@1": 0.7184973045822103,
  "R@3": 0.8616913746630728,
  "R@5": 0.907906558849955,
  "R@10": 0.9541778975741242,
  "R@100": 0.9923629829290206,
  "AP": 0.8115776784170303
}