{
  "nDCG@1": 0.7715633423180593,
  "nDCG@1_std": 0.41996690381579094,
  "nDCG@1_stderr": 0.01090179763053958,
  "nDCG@1_ci90_low": 0.7536202724030835,
  "nDCG@1_ci90_high": 0.7895064122330352,
  "nDCG@1_ci95_low": 0.7501787586067571,
  "nDCG@1_ci95_high": 0.7929479260293616,
  "nDCG@3": 0.8419950380015496,
  "nDCG@3_std": 0.31577784088626987,
  "nDCG@3_stderr": 0.008197184316840446,
  "nDCG@3_ci90_low": 0.8285034418182757,
  "nDCG@3_ci90_high": 0.8554866341848235,
  "nDCG@3_ci95_low": 0.8259157288673025,
  "nDCG@3_ci95_high": 0.8580743471357968,
  "nDCG@5": 0.8589533920966866,
  "nDCG@5_std": 0.28194882061044946,
  "nDCG@5_stderr": 0.007319026705525009,
  "nDCG@5_ci90_low": 0.8469071395117989,
  "nDCG@5_ci90_high": 0.8709996446815744,
  "nDCG@5_ci95_low": 0.8445966461201233,
  "nDCG@5_ci95_high": 0.87331013807325,
  "nDCG@10": 0.8705928467380094,
  "nDCG@10_std": 0.253630976716986,
  "nDCG@10_stderr": 0.0065839321048439025,
  "nDCG@10_ci90_low": 0.8597564729512011,
  "nDCG@10_ci90_high": 0.8814292205248178,
  "nDCG@10_ci95_low": 0.8576780365372447,
  "nDCG@10_ci95_high": 0.8835076569387741,
  "nDCG@100": 0.8781166736755209,
  "nDCG@100_std": 0.23198065344092372,
  "nDCG@100_stderr": 0.006021917715503071,
  "nDCG@100_ci90_low": 0.868205309123237,
  "nDCG@100_ci90_high": 0.8880280382278049,
  "nDCG@100_ci95_low": 0.8663042911810042,
  "nDCG@100_ci95_high": 0.8899290561700377,
  "RR@1": 0.7715633423180593,
  "RR@3": 0.8303009883198564,
  "RR@5": 0.8388926325247084,
  "RR@10": 0.8433745668078552,
  "RR@100": 0.8447945201427065,
  "P@1": 0.7715633423180593,
  "P@3": 0.31176999101526837,
  "P@5": 0.19636118598382268,
  "P@10": 0.10215633423180329,
  "P@100": 0.010606469002695226,
  "R@1": 0.7505053908355795,
  "R@3": 0.8904424977538185,
  "R@5": 0.9303122192273136,
  "R@10": 0.9642857142857144,
  "R@100": 0.9966307277628033,
  "AP": 0.8395947375552807
}