nDCG@1,nDCG@1_std,nDCG@1_stderr,nDCG@1_ci90_low,nDCG@1_ci90_high,nDCG@1_ci95_low,nDCG@1_ci95_high,nDCG@3,nDCG@3_std,nDCG@3_stderr,nDCG@3_ci90_low,nDCG@3_ci90_high,nDCG@3_ci95_low,nDCG@3_ci95_high,nDCG@5,nDCG@5_std,nDCG@5_stderr,nDCG@5_ci90_low,nDCG@5_ci90_high,nDCG@5_ci95_low,nDCG@5_ci95_high,nDCG@10,nDCG@10_std,nDCG@10_stderr,nDCG@10_ci90_low,nDCG@10_ci90_high,nDCG@10_ci95_low,nDCG@10_ci95_high,nDCG@100,nDCG@100_std,nDCG@100_stderr,nDCG@100_ci90_low,nDCG@100_ci90_high,nDCG@100_ci95_low,nDCG@100_ci95_high,RR@1,RR@3,RR@5,RR@10,RR@100,P@1,P@3,P@5,P@10,P@100,R@1,R@3,R@5,R@10,R@100,AP
0.7210242587601078,0.4486467575939729,0.011646289539598079,0.7018558431885634,0.7401926743316521,0.6981793058426252,0.7438692116775903,0.7867120963997177,0.36891706862223833,0.009576609937662192,0.7709501287423324,0.8024740640571031,0.7679269543687617,0.8054972384306738,0.8051502148365048,0.3405332010824923,0.008839801448519724,0.790600946834963,0.8196994828380467,0.7878103704848165,0.8224900591881932,0.8251274293306303,0.3028342456792856,0.007861185326738932,0.8121888477578886,0.8380660109033721,0.8097072040258804,0.8405476546353803,0.8372121126415472,0.27413925674820316,0.007116300528687208,0.8254995233742032,0.8489247019088911,0.8232530272202409,0.8511711980628535,0.7210242587601078,0.776841868823001,0.7864106019766401,0.7939633872416892,0.7964688209646229,0.7210242587601078,0.291105121293796,0.18450134770889068,0.09905660377358246,0.010491913746630539,0.7016509433962265,0.831480233602875,0.8750561545372866,0.9341307277628034,0.9866352201257861,0.7908650003488866
