{
  "nDCG@1": 0.6098382749326146,
  "nDCG@1_std": 0.4879508124854888,
  "nDCG@1_stderr": 0.012666571968031705,
  "nDCG@1_ci90_low": 0.5889905951179768,
  "nDCG@1_ci90_high": 0.6306859547472523,
  "nDCG@1_ci95_low": 0.5849919718030451,
  "nDCG@1_ci95_high": 0.634684578062184,
  "nDCG@3": 0.6870395585616222,
  "nDCG@3_std": 0.4207252061271167,
  "nDCG@3_stderr": 0.01092148217774016,
  "nDCG@3_ci90_low": 0.6690640902093763,
  "nDCG@3_ci90_high": 0.7050150269138682,
  "nDCG@3_ci95_low": 0.66561636233322,
  "nDCG@3_ci95_high": 0.7084627547900245,
  "nDCG@5": 0.7130977677109038,
  "nDCG@5_std": 0.38990495480258813,
  "nDCG@5_stderr": 0.01012142831680602,
  "nDCG@5_ci90_low": 0.696439093418591,
  "nDCG@5_ci90_high": 0.7297564420032167,
  "nDCG@5_ci95_low": 0.693243929063931,
  "nDCG@5_ci95_high": 0.7329516063578767,
  "nDCG@10": 0.7350423270253881,
  "nDCG@10_std": 0.35846612284335133,
  "nDCG@10_stderr": 0.009305316902677838,
  "nDCG@10_ci90_low": 0.719726875626985,
  "nDCG@10_ci90_high": 0.7503577784237911,
  "nDCG@10_ci95_low": 0.7167893438927649,
  "nDCG@10_ci95_high": 0.7532953101580112,
  "nDCG@100": 0.7560756932665731,
  "nDCG@100_std": 0.3214630073166746,
  "nDCG@100_stderr": 0.008344763884080331,
  "nDCG@100_ci90_low": 0.7423411985648394,
  "nDCG@100_ci90_high": 0.7698101879683068,
  "nDCG@100_ci95_low": 0.7397068972314796,
  "nDCG@100_ci95_high": 0.7724444893016665,
  "RR@1": 0.6098382749326146,
  "RR@3": 0.673405211141061,
  "RR@5": 0.6874213836478004,
  "RR@10": 0.6962472724939041,
  "RR@100": 0.7002695197982826,
  "P@1": 0.6098382749326146,
  "P@3": 0.2605570530098803,
  "P@5": 0.17008086253368923,
  "P@10": 0.09225067385444535,
  "P@100": 0.010276280323449951,
  "R@1": 0.5911388140161725,
  "R@3": 0.7434299191374663,
  "R@5": 0.8061545372866127,
  "R@10": 0.8721361185983828,
  "R@100": 0.9675426774483378,
  "AP": 0.6931883489029393
}