nDCG@1,nDCG@1_std,nDCG@1_stderr,nDCG@1_ci90_low,nDCG@1_ci90_high,nDCG@1_ci95_low,nDCG@1_ci95_high,nDCG@3,nDCG@3_std,nDCG@3_stderr,nDCG@3_ci90_low,nDCG@3_ci90_high,nDCG@3_ci95_low,nDCG@3_ci95_high,nDCG@5,nDCG@5_std,nDCG@5_stderr,nDCG@5_ci90_low,nDCG@5_ci90_high,nDCG@5_ci95_low,nDCG@5_ci95_high,nDCG@10,nDCG@10_std,nDCG@10_stderr,nDCG@10_ci90_low,nDCG@10_ci90_high,nDCG@10_ci95_low,nDCG@10_ci95_high,nDCG@100,nDCG@100_std,nDCG@100_stderr,nDCG@100_ci90_low,nDCG@100_ci90_high,nDCG@100_ci95_low,nDCG@100_ci95_high,RR@1,RR@3,RR@5,RR@10,RR@100,P@1,P@3,P@5,P@10,P@100,R@1,R@3,R@5,R@10,R@100,AP
0.5491913746630728,0.49774205586874226,0.012920739982095995,0.5279253643490932,0.5704573849770523,0.5238465044753268,0.5745362448508188,0.6235910414012849,0.444568731329507,0.011540429252362844,0.6045968593460332,0.6425852234565365,0.6009537403088319,0.6462283424937378,0.6492662980885981,0.4204090799077487,0.010913275949968533,0.6313043362169928,0.6672282599602035,0.6278591989086537,0.6706733972685426,0.6735406436749874,0.3921891870077008,0.010180724030384971,0.6567843756490114,0.6902969117009635,0.6535704926368179,0.693510794713157,0.7046970459986936,0.3453752039184658,0.008965493579410677,0.6899409036110394,0.7194531883863479,0.6871106483733177,0.7222834436240696,0.5491913746630728,0.6119721473495066,0.6251460017969465,0.6351222564497506,0.6416152080119085,0.5491913746630728,0.2365229110512113,0.15525606469002412,0.08584905660377182,0.010087601078166936,0.5328504043126685,0.6772237196765498,0.7387129380053908,0.8113769092542676,0.9496855345911949,0.633834618355752
