{
  "nDCG@1": 0.5491913746630728,
  "nDCG@1_std": 0.49774205586874226,
  "nDCG@1_stderr": 0.012920739982095995,
  "nDCG@1_ci90_low": 0.5279253643490932,
  "nDCG@1_ci90_high": 0.5704573849770523,
  "nDCG@1_ci95_low": 0.5238465044753268,
  "nDCG@1_ci95_high": 0.5745362448508188,
  "nDCG@3": 0.6235910414012849,
  "nDCG@3_std": 0.444568731329507,
  "nDCG@3_stderr": 0.011540429252362844,
  "nDCG@3_ci90_low": 0.6045968593460332,
  "nDCG@3_ci90_high": 0.6425852234565365,
  "nDCG@3_ci95_low": 0.6009537403088319,
  "nDCG@3_ci95_high": 0.6462283424937378,
  "nDCG@5": 0.6492662980885981,
  "nDCG@5_std": 0.4204090799077487,
  "nDCG@5_stderr": 0.010913275949968533,
  "nDCG@5_ci90_low": 0.6313043362169928,
  "nDCG@5_ci90_high": 0.6672282599602035,
  "nDCG@5_ci95_low": 0.6278591989086537,
  "nDCG@5_ci95_high": 0.6706733972685426,
  "nDCG@10": 0.6735406436749874,
  "nDCG@10_std": 0.3921891870077008,
  "nDCG@10_stderr": 0.010180724030384971,
  "nDCG@10_ci90_low": 0.6567843756490114,
  "nDCG@10_ci90_high": 0.6902969117009635,
  "nDCG@10_ci95_low": 0.6535704926368179,
  "nDCG@10_ci95_high": 0.693510794713157,
  "nDCG@100": 0.7046970459986936,
  "nDCG@100_std": 0.3453752039184658,
  "nDCG@100_stderr": 0.008965493579410677,
  "nDCG@100_ci90_low": 0.6899409036110394,
  "nDCG@100_ci90_high": 0.7194531883863479,
  "nDCG@100_ci95_low": 0.6871106483733177,
  "nDCG@100_ci95_high": 0.7222834436240696,
  "RR@1": 0.5491913746630728,
  "RR@3": 0.6119721473495066,
  "RR@5": 0.6251460017969465,
  "RR@10": 0.6351222564497506,
  "RR@100": 0.6416152080119085,
  "P@1": 0.5491913746630728,
  "P@3": 0.2365229110512113,
  "P@5": 0.15525606469002412,
  "P@10": 0.08584905660377182,
  "P@100": 0.010087601078166936,
  "R@1": 0.5328504043126685,
  "R@3": 0.6772237196765498,
  "R@5": 0.7387129380053908,
  "R@10": 0.8113769092542676,
  "R@100": 0.9496855345911949,
  "AP": 0.633834618355752
}