{
  "nDCG@1": 0.6084905660377359,
  "nDCG@1_std": 0.48825243218787273,
  "nDCG@1_stderr": 0.012674401625385407,
  "nDCG@1_ci90_low": 0.5876299995328412,
  "nDCG@1_ci90_high": 0.6293511325426305,
  "nDCG@1_ci95_low": 0.5836289045270273,
  "nDCG@1_ci95_high": 0.6333522275484444,
  "nDCG@3": 0.688801564646532,
  "nDCG@3_std": 0.419128038422743,
  "nDCG@3_stderr": 0.010880021769939185,
  "nDCG@3_ci90_low": 0.6708943352234138,
  "nDCG@3_ci90_high": 0.7067087940696501,
  "nDCG@3_ci95_low": 0.6674596956993151,
  "nDCG@3_ci95_high": 0.7101434335937489,
  "nDCG@5": 0.712798242943949,
  "nDCG@5_std": 0.3903418529738769,
  "nDCG@5_stderr": 0.010132769628240963,
  "nDCG@5_ci90_low": 0.6961209021939655,
  "nDCG@5_ci90_high": 0.7294755836939325,
  "nDCG@5_ci95_low": 0.6929221575784077,
  "nDCG@5_ci95_high": 0.7326743283094903,
  "nDCG@10": 0.7343441672312657,
  "nDCG@10_std": 0.3606188112728926,
  "nDCG@10_stderr": 0.009361197909983968,
  "nDCG@10_ci90_low": 0.7189367423019832,
  "nDCG@10_ci90_high": 0.7497515921605482,
  "nDCG@10_ci95_low": 0.7159815698754559,
  "nDCG@10_ci95_high": 0.7527067645870755,
  "nDCG@100": 0.7562008473672845,
  "nDCG@100_std": 0.3219684246012628,
  "nDCG@100_stderr": 0.00835788386307271,
  "nDCG@100_ci90_low": 0.7424447587313832,
  "nDCG@100_ci90_high": 0.7699569360031859,
  "nDCG@100_ci95_low": 0.7398063156417516,
  "nDCG@100_ci95_high": 0.7725953790928175,
  "RR@1": 0.6078167115902965,
  "RR@3": 0.6746406109613666,
  "RR@5": 0.6878481581311785,
  "RR@10": 0.696322680015403,
  "RR@100": 0.7005179020342754,
  "P@1": 0.6084905660377359,
  "P@3": 0.2619047619047589,
  "P@5": 0.1695417789757378,
  "P@10": 0.09184636118598179,
  "P@100": 0.010276280323449951,
  "R@1": 0.5897911051212938,
  "R@3": 0.745788409703504,
  "R@5": 0.8034591194968553,
  "R@10": 0.867756064690027,
  "R@100": 0.9664195867026054,
  "AP": 0.6937358214589185
}