nDCG@1,nDCG@1_std,nDCG@1_stderr,nDCG@1_ci90_low,nDCG@1_ci90_high,nDCG@1_ci95_low,nDCG@1_ci95_high,nDCG@3,nDCG@3_std,nDCG@3_stderr,nDCG@3_ci90_low,nDCG@3_ci90_high,nDCG@3_ci95_low,nDCG@3_ci95_high,nDCG@5,nDCG@5_std,nDCG@5_stderr,nDCG@5_ci90_low,nDCG@5_ci90_high,nDCG@5_ci95_low,nDCG@5_ci95_high,nDCG@10,nDCG@10_std,nDCG@10_stderr,nDCG@10_ci90_low,nDCG@10_ci90_high,nDCG@10_ci95_low,nDCG@10_ci95_high,nDCG@100,nDCG@100_std,nDCG@100_stderr,nDCG@100_ci90_low,nDCG@100_ci90_high,nDCG@100_ci95_low,nDCG@100_ci95_high,RR@1,RR@3,RR@5,RR@10,RR@100,P@1,P@3,P@5,P@10,P@100,R@1,R@3,R@5,R@10,R@100,AP
0.5950134770889488,0.4910549144605093,0.012747150440403601,0.5740331746360627,0.6159937795418349,0.5700091140553009,0.6200178401225968,0.6684473633744925,0.4286957011649125,0.011128385919744039,0.650131355926378,0.686763370822607,0.6466183120255853,0.6902764147233997,0.6952494020673881,0.3986224652136582,0.010347723611697385,0.6782182724759335,0.7122805316588426,0.6749516705101742,0.7155471336246019,0.7177892937171838,0.3688102704971826,0.009573837596470304,0.7020318890056098,0.7335466984287579,0.6990095898134342,0.7365689976209334,0.7399816633638607,0.3320562426412469,0.008619750571630894,0.7257945730877435,0.7541687536399779,0.7230734630911628,0.7568898636365586,0.5950134770889488,0.6563342318059305,0.6714285714285724,0.6801196893851883,0.6843550855236444,0.5950134770889488,0.25426774483378,0.16630727762802905,0.09056603773584707,0.010161725067385264,0.5753032345013477,0.7233827493261455,0.7876235399820305,0.8552897574123989,0.9556379155435758,0.6756908114951212
