{
  "nDCG@1": 0.5950134770889488,
  "nDCG@1_std": 0.4910549144605093,
  "nDCG@1_stderr": 0.012747150440403601,
  "nDCG@1_ci90_low": 0.5740331746360627,
  "nDCG@1_ci90_high": 0.6159937795418349,
  "nDCG@1_ci95_low": 0.5700091140553009,
  "nDCG@1_ci95_high": 0.6200178401225968,
  "nDCG@3": 0.6683774781929291,
  "nDCG@3_std": 0.42887785375209037,
  "nDCG@3_stderr": 0.011133114365307843,
  "nDCG@3_ci90_low": 0.6500536882824891,
  "nDCG@3_ci90_high": 0.6867012681033692,
  "nDCG@3_ci95_low": 0.646539151691115,
  "nDCG@3_ci95_high": 0.6902158046947433,
  "nDCG@5": 0.6952861769907179,
  "nDCG@5_std": 0.39864119907388723,
  "nDCG@5_stderr": 0.01034820991847823,
  "nDCG@5_ci90_low": 0.6782542469958011,
  "nDCG@5_ci90_high": 0.7123181069856348,
  "nDCG@5_ci95_low": 0.6749874915111863,
  "nDCG@5_ci95_high": 0.7155848624702495,
  "nDCG@10": 0.7179197564180835,
  "nDCG@10_std": 0.36874166443247264,
  "nDCG@10_stderr": 0.009572056671766712,
  "nDCG@10_ci90_low": 0.7021652828980022,
  "nDCG@10_ci90_high": 0.7336742299381648,
  "nDCG@10_ci95_low": 0.6991435459137436,
  "nDCG@10_ci95_high": 0.7366959669224233,
  "nDCG@100": 0.7399936307122955,
  "nDCG@100_std": 0.33209688618982225,
  "nDCG@100_stderr": 0.008620805625582836,
  "nDCG@100_ci90_low": 0.7258048039421188,
  "nDCG@100_ci90_high": 0.7541824574824723,
  "nDCG@100_ci95_low": 0.723083360882785,
  "nDCG@100_ci95_high": 0.756903900541806,
  "RR@1": 0.5950134770889488,
  "RR@3": 0.6562219227313573,
  "RR@5": 0.6714847259658591,
  "RR@10": 0.6801638108073421,
  "RR@100": 0.6843985242480537,
  "P@1": 0.5950134770889488,
  "P@3": 0.2540431266846335,
  "P@5": 0.16630727762802905,
  "P@10": 0.09063342318059102,
  "P@100": 0.010161725067385264,
  "R@1": 0.5753032345013477,
  "R@3": 0.723158131176999,
  "R@5": 0.7876235399820305,
  "R@10": 0.8556266846361186,
  "R@100": 0.9556379155435758,
  "AP": 0.6757287172277368
}