nDCG@1,nDCG@1_std,nDCG@1_stderr,nDCG@1_ci90_low,nDCG@1_ci90_high,nDCG@1_ci95_low,nDCG@1_ci95_high,nDCG@3,nDCG@3_std,nDCG@3_stderr,nDCG@3_ci90_low,nDCG@3_ci90_high,nDCG@3_ci95_low,nDCG@3_ci95_high,nDCG@5,nDCG@5_std,nDCG@5_stderr,nDCG@5_ci90_low,nDCG@5_ci90_high,nDCG@5_ci95_low,nDCG@5_ci95_high,nDCG@10,nDCG@10_std,nDCG@10_stderr,nDCG@10_ci90_low,nDCG@10_ci90_high,nDCG@10_ci95_low,nDCG@10_ci95_high,nDCG@100,nDCG@100_std,nDCG@100_stderr,nDCG@100_ci90_low,nDCG@100_ci90_high,nDCG@100_ci95_low,nDCG@100_ci95_high,RR@1,RR@3,RR@5,RR@10,RR@100,P@1,P@3,P@5,P@10,P@100,R@1,R@3,R@5,R@10,R@100,AP
0.5309973045822103,0.4992064667238326,0.012958754193799599,0.5096687273704148,0.5523258817940058,0.5055778670506239,0.5564167421137967,0.6070258823766681,0.446287155724699,0.011585037327021944,0.5879582807048077,0.6260934840485285,0.5843010796501658,0.6297506851031704,0.6341619778158013,0.4208990020712176,0.010925993695658316,0.6161790840384859,0.6521448715931167,0.6127299319521503,0.6555940236794523,0.6595705983713064,0.39279885573420037,0.010196550241968735,0.6427882822722913,0.6763529144703214,0.639569403191802,0.6795717935508108,0.6862334465631765,0.35502946989693857,0.009216105837215825,0.6710648260305648,0.7014020670957882,0.6681554567263381,0.7043114364000149,0.5309973045822103,0.5949011680143763,0.6102650494159939,0.6199182817781208,0.6247699994171192,0.5309973045822103,0.23292902066486812,0.1537735849056577,0.08524258760107645,0.009885444743935136,0.5133086253369272,0.6639150943396226,0.7295035938903863,0.8068845462713388,0.9291329739442946,0.6152372026639943
