nDCG@1,nDCG@1_std,nDCG@1_stderr,nDCG@1_ci90_low,nDCG@1_ci90_high,nDCG@1_ci95_low,nDCG@1_ci95_high,nDCG@3,nDCG@3_std,nDCG@3_stderr,nDCG@3_ci90_low,nDCG@3_ci90_high,nDCG@3_ci95_low,nDCG@3_ci95_high,nDCG@5,nDCG@5_std,nDCG@5_stderr,nDCG@5_ci90_low,nDCG@5_ci90_high,nDCG@5_ci95_low,nDCG@5_ci95_high,nDCG@10,nDCG@10_std,nDCG@10_stderr,nDCG@10_ci90_low,nDCG@10_ci90_high,nDCG@10_ci95_low,nDCG@10_ci95_high,nDCG@100,nDCG@100_std,nDCG@100_stderr,nDCG@100_ci90_low,nDCG@100_ci90_high,nDCG@100_ci95_low,nDCG@100_ci95_high,RR@1,RR@3,RR@5,RR@10,RR@100,P@1,P@3,P@5,P@10,P@100,R@1,R@3,R@5,R@10,R@100,AP
0.5768194070080862,0.49423008474762176,0.01282957375423641,0.5557034455260339,0.5979353684901385,0.5516533652940816,0.6019854487220908,0.6507921014462512,0.4364270906509392,0.011329082790887282,0.6321457706778292,0.6694384322146733,0.6285693701569334,0.6730148327355691,0.6787687765949266,0.40689066997310336,0.010562355513012335,0.661384388271124,0.6961531649187293,0.6580500306310678,0.6994875225587854,0.7027809793355975,0.3760530955723711,0.009761851967425916,0.6867141251994968,0.7188478334716981,0.6836324730388035,0.7219294856323915,0.7287002655068807,0.3344546751709818,0.008682010777928347,0.7144107022925953,0.7429898287211661,0.7116699377980872,0.7457305932156743,0.5768194070080862,0.6387017070979342,0.6537286612758327,0.6634597077824852,0.6688363572788589,0.5768194070080862,0.24640610961365458,0.16239892183288096,0.0892183288409684,0.010181940700808445,0.559467654986523,0.7048517520215634,0.7724056603773585,0.8437219227313566,0.9577717879604671,0.6611046339007572
