{
  "nDCG@1": 0.5768194070080862,
  "nDCG@1_std": 0.49423008474762176,
  "nDCG@1_stderr": 0.01282957375423641,
  "nDCG@1_ci90_low": 0.5557034455260339,
  "nDCG@1_ci90_high": 0.5979353684901385,
  "nDCG@1_ci95_low": 0.5516533652940816,
  "nDCG@1_ci95_high": 0.6019854487220908,
  "nDCG@3": 0.6507921014462512,
  "nDCG@3_std": 0.4364270906509392,
  "nDCG@3_stderr": 0.011329082790887282,
  "nDCG@3_ci90_low": 0.6321457706778292,
  "nDCG@3_ci90_high": 0.6694384322146733,
  "nDCG@3_ci95_low": 0.6285693701569334,
  "nDCG@3_ci95_high": 0.6730148327355691,
  "nDCG@5": 0.6787687765949266,
  "nDCG@5_std": 0.40689066997310336,
  "nDCG@5_stderr": 0.010562355513012335,
  "nDCG@5_ci90_low": 0.661384388271124,
  "nDCG@5_ci90_high": 0.6961531649187293,
  "nDCG@5_ci95_low": 0.6580500306310678,
  "nDCG@5_ci95_high": 0.6994875225587854,
  "nDCG@10": 0.7027809793355975,
  "nDCG@10_std": 0.3760530955723711,
  "nDCG@10_stderr": 0.009761851967425916,
  "nDCG@10_ci90_low": 0.6867141251994968,
  "nDCG@10_ci90_high": 0.7188478334716981,
  "nDCG@10_ci95_low": 0.6836324730388035,
  "nDCG@10_ci95_high": 0.7219294856323915,
  "nDCG@100": 0.7287002655068807,
  "nDCG@100_std": 0.3344546751709818,
  "nDCG@100_stderr": 0.008682010777928347,
  "nDCG@100_ci90_low": 0.7144107022925953,
  "nDCG@100_ci90_high": 0.7429898287211661,
  "nDCG@100_ci95_low": 0.7116699377980872,
  "nDCG@100_ci95_high": 0.7457305932156743,
  "RR@1": 0.5768194070080862,
  "RR@3": 0.6387017070979342,
  "RR@5": 0.6537286612758327,
  "RR@10": 0.6634597077824852,
  "RR@100": 0.6688363572788589,
  "P@1": 0.5768194070080862,
  "P@3": 0.24640610961365458,
  "P@5": 0.16239892183288096,
  "P@10": 0.0892183288409684,
  "P@100": 0.010181940700808445,
  "R@1": 0.559467654986523,
  "R@3": 0.7048517520215634,
  "R@5": 0.7724056603773585,
  "R@10": 0.8437219227313566,
  "R@100": 0.9577717879604671,
  "AP": 0.6611046339007572
}