nDCG@1,nDCG@1_std,nDCG@1_stderr,nDCG@1_ci90_low,nDCG@1_ci90_high,nDCG@1_ci95_low,nDCG@1_ci95_high,nDCG@3,nDCG@3_std,nDCG@3_stderr,nDCG@3_ci90_low,nDCG@3_ci90_high,nDCG@3_ci95_low,nDCG@3_ci95_high,nDCG@5,nDCG@5_std,nDCG@5_stderr,nDCG@5_ci90_low,nDCG@5_ci90_high,nDCG@5_ci95_low,nDCG@5_ci95_high,nDCG@10,nDCG@10_std,nDCG@10_stderr,nDCG@10_ci90_low,nDCG@10_ci90_high,nDCG@10_ci95_low,nDCG@10_ci95_high,nDCG@100,nDCG@100_std,nDCG@100_stderr,nDCG@100_ci90_low,nDCG@100_ci90_high,nDCG@100_ci95_low,nDCG@100_ci95_high,RR@1,RR@3,RR@5,RR@10,RR@100,P@1,P@3,P@5,P@10,P@100,R@1,R@3,R@5,R@10,R@100,AP
0.5505390835579514,0.49760692913439025,0.012917232266847493,0.5292788465285327,0.5717993205873702,0.5252010939813587,0.5758770731345442,0.6240223612942762,0.4444378859756029,0.011537032676213156,0.6050337696017695,0.643010952986783,0.60139172280642,0.6466529997821325,0.6494198189183137,0.4207750380621088,0.010922775750319061,0.6314422214985497,0.6673974163380777,0.6279940852633293,0.670845552573298,0.674379743886281,0.3914759756690276,0.010162209986513,0.6576539477874918,0.6911055399850702,0.6544459093469525,0.6943135784256095,0.7050496026925172,0.3453620044221289,0.008965150937558229,0.6902940242528395,0.7198051811321948,0.6874638771813764,0.722635328203658,0.5505390835579514,0.6124213836477994,0.6255952380952394,0.6357190989603397,0.642099449430471,0.5505390835579514,0.23674752920035774,0.15525606469002412,0.08605121293800361,0.010087601078166936,0.5338611859838275,0.6775606469002695,0.7382075471698113,0.8130615453728661,0.9496855345911949,0.6342564266000631
