nDCG@1,nDCG@1_std,nDCG@1_stderr,nDCG@1_ci90_low,nDCG@1_ci90_high,nDCG@1_ci95_low,nDCG@1_ci95_high,nDCG@3,nDCG@3_std,nDCG@3_stderr,nDCG@3_ci90_low,nDCG@3_ci90_high,nDCG@3_ci95_low,nDCG@3_ci95_high,nDCG@5,nDCG@5_std,nDCG@5_stderr,nDCG@5_ci90_low,nDCG@5_ci90_high,nDCG@5_ci95_low,nDCG@5_ci95_high,nDCG@10,nDCG@10_std,nDCG@10_stderr,nDCG@10_ci90_low,nDCG@10_ci90_high,nDCG@10_ci95_low,nDCG@10_ci95_high,nDCG@100,nDCG@100_std,nDCG@100_stderr,nDCG@100_ci90_low,nDCG@100_ci90_high,nDCG@100_ci95_low,nDCG@100_ci95_high,RR@1,RR@3,RR@5,RR@10,RR@100,P@1,P@3,P@5,P@10,P@100,R@1,R@3,R@5,R@10,R@100,AP
0.6084905660377359,0.48825243218787273,0.012674401625385407,0.5876299995328412,0.6293511325426305,0.5836289045270273,0.6333522275484444,0.688801564646532,0.419128038422743,0.010880021769939185,0.6708943352234138,0.7067087940696501,0.6674596956993151,0.7101434335937489,0.712798242943949,0.3903418529738769,0.010132769628240963,0.6961209021939655,0.7294755836939325,0.6929221575784077,0.7326743283094903,0.7343441672312657,0.3606188112728926,0.009361197909983968,0.7189367423019832,0.7497515921605482,0.7159815698754559,0.7527067645870755,0.7562008473672845,0.3219684246012628,0.00835788386307271,0.7424447587313832,0.7699569360031859,0.7398063156417516,0.7725953790928175,0.6078167115902965,0.6746406109613666,0.6878481581311785,0.696322680015403,0.7005179020342754,0.6084905660377359,0.2619047619047589,0.1695417789757378,0.09184636118598179,0.010276280323449951,0.5897911051212938,0.745788409703504,0.8034591194968553,0.867756064690027,0.9664195867026054,0.6937358214589185
