{
  "nDCG@1": 0.7695417789757413,
  "nDCG@1_std": 0.4212681048809121,
  "nDCG@1_stderr": 0.010935575127193972,
  "nDCG@1_ci90_low": 0.7515431152949882,
  "nDCG@1_ci90_high": 0.7875404426564944,
  "nDCG@1_ci95_low": 0.7480909385121819,
  "nDCG@1_ci95_high": 0.7909926194393007,
  "nDCG@3": 0.8368194632078624,
  "nDCG@3_std": 0.32432640013723363,
  "nDCG@3_stderr": 0.008419093858139827,
  "nDCG@3_ci90_low": 0.8229626301573052,
  "nDCG@3_ci90_high": 0.8506762962584196,
  "nDCG@3_ci95_low": 0.8203048641037336,
  "nDCG@3_ci95_high": 0.8533340623119912,
  "nDCG@5": 0.852688054141245,
  "nDCG@5_std": 0.2931876705992305,
  "nDCG@5_stderr": 0.007610772714709165,
  "nDCG@5_ci90_low": 0.8401616221201199,
  "nDCG@5_ci90_high": 0.8652144861623702,
  "nDCG@5_ci95_low": 0.8377590294298096,
  "nDCG@5_ci95_high": 0.8676170788526805,
  "nDCG@10": 0.8660073058974888,
  "nDCG@10_std": 0.26133763416573774,
  "nDCG@10_stderr": 0.006783986964288336,
  "nDCG@10_ci90_low": 0.8548416654657203,
  "nDCG@10_ci90_high": 0.8771729463292572,
  "nDCG@10_ci95_low": 0.852700075103935,
  "nDCG@10_ci95_high": 0.8793145366910425,
  "nDCG@100": 0.8740886076144051,
  "nDCG@100_std": 0.23849451598113533,
  "nDCG@100_stderr": 0.006191009161903542,
  "nDCG@100_ci90_low": 0.8638989385340414,
  "nDCG@100_ci90_high": 0.8842782766947688,
  "nDCG@100_ci95_low": 0.8619445412716864,
  "nDCG@100_ci95_high": 0.8862326739571238,
  "RR@1": 0.7702156334231806,
  "RR@3": 0.8246855345911951,
  "RR@5": 0.8331761006289313,
  "RR@10": 0.8384757519359946,
  "RR@100": 0.8402209297810712,
  "P@1": 0.7695417789757413,
  "P@3": 0.3101976639712438,
  "P@5": 0.19487870619945624,
  "P@10": 0.10181940700808369,
  "P@100": 0.010579514824797654,
  "R@1": 0.7471922731356695,
  "R@3": 0.8841531895777178,
  "R@5": 0.9217767295597483,
  "R@10": 0.9610287511230906,
  "R@100": 0.9947214734950584,
  "AP": 0.835371409998105
}