nDCG@1,nDCG@1_std,nDCG@1_stderr,nDCG@1_ci90_low,nDCG@1_ci90_high,nDCG@1_ci95_low,nDCG@1_ci95_high,nDCG@3,nDCG@3_std,nDCG@3_stderr,nDCG@3_ci90_low,nDCG@3_ci90_high,nDCG@3_ci95_low,nDCG@3_ci95_high,nDCG@5,nDCG@5_std,nDCG@5_stderr,nDCG@5_ci90_low,nDCG@5_ci90_high,nDCG@5_ci95_low,nDCG@5_ci95_high,nDCG@10,nDCG@10_std,nDCG@10_stderr,nDCG@10_ci90_low,nDCG@10_ci90_high,nDCG@10_ci95_low,nDCG@10_ci95_high,nDCG@100,nDCG@100_std,nDCG@100_stderr,nDCG@100_ci90_low,nDCG@100_ci90_high,nDCG@100_ci95_low,nDCG@100_ci95_high,RR@1,RR@3,RR@5,RR@10,RR@100,P@1,P@3,P@5,P@10,P@100,R@1,R@3,R@5,R@10,R@100,AP
0.7702156334231806,0.42083589794462256,0.010924355594151886,0.7522354357672622,0.788195831079099,0.748786800801967,0.7916444660443941,0.8369556222353525,0.3236697342639409,0.008402047661412242,0.8231268452091349,0.85078439926157,0.82047446035261,0.853436784118095,0.8563846291677428,0.28525025948869986,0.007404727788665762,0.8441973227329582,0.8685719356025274,0.8418597749535583,0.8709094833819273,0.8678263355714494,0.2571561769855122,0.006675441744259329,0.8568393477378966,0.8788133234050022,0.8547320232728849,0.8809206478700139,0.8755091655384023,0.23565934949385697,0.00611741190694758,0.8654406288378514,0.8855777022389532,0.863509464988635,0.8875088660881696,0.7688679245283019,0.8245732255166222,0.8349168912848164,0.8393779681683998,0.8409722392751025,0.7702156334231806,0.3097484276729509,0.1964959568733106,0.10195417789757152,0.010586253369272047,0.7468553459119498,0.8834793351302784,0.9295260557053009,0.9637241689128481,0.9953953279424976,0.8367601750808747
