nDCG@1,nDCG@1_std,nDCG@1_stderr,nDCG@1_ci90_low,nDCG@1_ci90_high,nDCG@1_ci95_low,nDCG@1_ci95_high,nDCG@3,nDCG@3_std,nDCG@3_stderr,nDCG@3_ci90_low,nDCG@3_ci90_high,nDCG@3_ci95_low,nDCG@3_ci95_high,nDCG@5,nDCG@5_std,nDCG@5_stderr,nDCG@5_ci90_low,nDCG@5_ci90_high,nDCG@5_ci95_low,nDCG@5_ci95_high,nDCG@10,nDCG@10_std,nDCG@10_stderr,nDCG@10_ci90_low,nDCG@10_ci90_high,nDCG@10_ci95_low,nDCG@10_ci95_high,nDCG@100,nDCG@100_std,nDCG@100_stderr,nDCG@100_ci90_low,nDCG@100_ci90_high,nDCG@100_ci95_low,nDCG@100_ci95_high,RR@1,RR@3,RR@5,RR@10,RR@100,P@1,P@3,P@5,P@10,P@100,R@1,R@3,R@5,R@10,R@100,AP
0.7526954177897575,0.43159071475563254,0.01120353672809806,0.7342557209966228,0.7711351145828921,0.730718953252064,0.7746718823274509,0.8215757015621815,0.33595159282340226,0.008720868824045781,0.8072221825984066,0.8359292205259564,0.8044691512735698,0.8386822518507933,0.8390562687301095,0.30496895309908517,0.00791659957028912,0.8260264818644424,0.8520860555957767,0.8235273447895788,0.8545851926706403,0.8528361507929002,0.27416406663842696,0.007116944561347873,0.8411225015239446,0.8645498000618558,0.8388758020597245,0.866796499526076,0.8626670446746124,0.2476307648863067,0.006428174366498104,0.8520870297089501,0.8732470596402747,0.8500577633881808,0.875276325961044,0.7533692722371967,0.8089622641509432,0.8177897574123991,0.823301458948359,0.8254481555167177,0.7526954177897575,0.30548068283916835,0.1929919137466262,0.10107816711590044,0.010586253369272047,0.7304582210242587,0.8717991913746631,0.9130166217430368,0.9537848158131176,0.9953953279424976,0.820570063748786
