{
  "nDCG@1": 0.7318059299191375,
  "nDCG@1_std": 0.4431685399023132,
  "nDCG@1_stderr": 0.011504082093944906,
  "nDCG@1_ci90_low": 0.7128715709890994,
  "nDCG@1_ci90_high": 0.7507402888491757,
  "nDCG@1_ci95_low": 0.7092399261372931,
  "nDCG@1_ci95_high": 0.7543719337009819,
  "nDCG@3": 0.8038827018125322,
  "nDCG@3_std": 0.3518781795544726,
  "nDCG@3_stderr": 0.009134302415859302,
  "nDCG@3_ci90_low": 0.7888487200393643,
  "nDCG@3_ci90_high": 0.8189166835857,
  "nDCG@3_ci95_low": 0.7859651746967197,
  "nDCG@3_ci95_high": 0.8218002289283447,
  "nDCG@5": 0.8234406352038445,
  "nDCG@5_std": 0.31888617280415144,
  "nDCG@5_stderr": 0.008277872593057933,
  "nDCG@5_ci90_low": 0.8098162356581753,
  "nDCG@5_ci90_high": 0.8370650347495137,
  "nDCG@5_ci95_low": 0.8072030507781481,
  "nDCG@5_ci95_high": 0.8396782196295408,
  "nDCG@10": 0.8371382796504706,
  "nDCG@10_std": 0.290355934514085,
  "nDCG@10_stderr": 0.00753726450855563,
  "nDCG@10_ci90_low": 0.8247328334453583,
  "nDCG@10_ci90_high": 0.8495437258555829,
  "nDCG@10_ci95_low": 0.8223534460569802,
  "nDCG@10_ci95_high": 0.851923113243961,
  "nDCG@100": 0.8494008118832429,
  "nDCG@100_std": 0.2592723924491168,
  "nDCG@100_stderr": 0.006730375960544515,
  "nDCG@100_ci90_low": 0.8383234088248864,
  "nDCG@100_ci90_high": 0.8604782149415994,
  "nDCG@100_ci95_low": 0.8361987425535375,
  "nDCG@100_ci95_high": 0.8626028812129483,
  "RR@1": 0.7338274932614556,
  "RR@3": 0.7927897574123989,
  "RR@5": 0.8025943396226419,
  "RR@10": 0.8077592200402174,
  "RR@100": 0.8103835217755126,
  "P@1": 0.7318059299191375,
  "P@3": 0.29964061096136096,
  "P@5": 0.19043126684635675,
  "P@10": 0.09979784366576575,
  "P@100": 0.01057277628032326,
  "R@1": 0.7099618149146452,
  "R@3": 0.8536612758310871,
  "R@5": 0.900213387241689,
  "R@10": 0.9416554357592093,
  "R@100": 0.994047619047619,
  "AP": 0.8043071454289672
}