{
  "nDCG@1": 0.6226415094339622,
  "nDCG@1_std": 0.48488915757472434,
  "nDCG@1_stderr": 0.012587095366546121,
  "nDCG@1_ci90_low": 0.6019246387083746,
  "nDCG@1_ci90_high": 0.6433583801595498,
  "nDCG@1_ci95_low": 0.5979511048172029,
  "nDCG@1_ci95_high": 0.6473319140507215,
  "nDCG@3": 0.7086709843183162,
  "nDCG@3_std": 0.40758417973455613,
  "nDCG@3_stderr": 0.010580358129422027,
  "nDCG@3_ci90_low": 0.6912569658164606,
  "nDCG@3_ci90_high": 0.7260850028201719,
  "nDCG@3_ci95_low": 0.6879169250537814,
  "nDCG@3_ci95_high": 0.729425043582851,
  "nDCG@5": 0.7288867801280454,
  "nDCG@5_std": 0.3827277836233333,
  "nDCG@5_stderr": 0.009935118236070952,
  "nDCG@5_ci90_low": 0.7125347502000647,
  "nDCG@5_ci90_high": 0.7452388100560261,
  "nDCG@5_ci95_low": 0.7093984007982201,
  "nDCG@5_ci95_high": 0.7483751594578707,
  "nDCG@10": 0.749341155480866,
  "nDCG@10_std": 0.3528290639539165,
  "nDCG@10_stderr": 0.009158986144978398,
  "nDCG@10_ci90_low": 0.7342665472080734,
  "nDCG@10_ci90_high": 0.7644157637536586,
  "nDCG@10_ci95_low": 0.7313752096281126,
  "nDCG@10_ci95_high": 0.7673071013336193,
  "nDCG@100": 0.7724493507627026,
  "nDCG@100_std": 0.30898339161944544,
  "nDCG@100_stderr": 0.008020809201932872,
  "nDCG@100_ci90_low": 0.7592480471646794,
  "nDCG@100_ci90_high": 0.7856506543607258,
  "nDCG@100_ci95_low": 0.7567160128652326,
  "nDCG@100_ci95_high": 0.7881826886601726,
  "RR@1": 0.6192722371967655,
  "RR@3": 0.6911500449236303,
  "RR@5": 0.7014937106918248,
  "RR@10": 0.709508032772858,
  "RR@100": 0.7141800538767565,
  "P@1": 0.6226415094339622,
  "P@3": 0.26909254267744503,
  "P@5": 0.17250673854447077,
  "P@10": 0.09299191374662864,
  "P@100": 0.010438005390835394,
  "R@1": 0.6057951482479784,
  "R@3": 0.7700471698113207,
  "R@5": 0.8181154537286612,
  "R@10": 0.8788185085354896,
  "R@100": 0.9824797843665768,
  "AP": 0.7104238596586414
}