nDCG@1,nDCG@1_std,nDCG@1_stderr,nDCG@1_ci90_low,nDCG@1_ci90_high,nDCG@1_ci95_low,nDCG@1_ci95_high,nDCG@3,nDCG@3_std,nDCG@3_stderr,nDCG@3_ci90_low,nDCG@3_ci90_high,nDCG@3_ci95_low,nDCG@3_ci95_high,nDCG@5,nDCG@5_std,nDCG@5_stderr,nDCG@5_ci90_low,nDCG@5_ci90_high,nDCG@5_ci95_low,nDCG@5_ci95_high,nDCG@10,nDCG@10_std,nDCG@10_stderr,nDCG@10_ci90_low,nDCG@10_ci90_high,nDCG@10_ci95_low,nDCG@10_ci95_high,nDCG@100,nDCG@100_std,nDCG@100_stderr,nDCG@100_ci90_low,nDCG@100_ci90_high,nDCG@100_ci95_low,nDCG@100_ci95_high,RR@1,RR@3,RR@5,RR@10,RR@100,P@1,P@3,P@5,P@10,P@100,R@1,R@3,R@5,R@10,R@100,AP
0.6226415094339622,0.48488915757472434,0.012587095366546121,0.6019246387083746,0.6433583801595498,0.5979511048172029,0.6473319140507215,0.7086709843183162,0.40758417973455613,0.010580358129422027,0.6912569658164606,0.7260850028201719,0.6879169250537814,0.729425043582851,0.7288867801280454,0.3827277836233333,0.009935118236070952,0.7125347502000647,0.7452388100560261,0.7093984007982201,0.7483751594578707,0.749341155480866,0.3528290639539165,0.009158986144978398,0.7342665472080734,0.7644157637536586,0.7313752096281126,0.7673071013336193,0.7724493507627026,0.30898339161944544,0.008020809201932872,0.7592480471646794,0.7856506543607258,0.7567160128652326,0.7881826886601726,0.6192722371967655,0.6911500449236303,0.7014937106918248,0.709508032772858,0.7141800538767565,0.6226415094339622,0.26909254267744503,0.17250673854447077,0.09299191374662864,0.010438005390835394,0.6057951482479784,0.7700471698113207,0.8181154537286612,0.8788185085354896,0.9824797843665768,0.7104238596586414
