nDCG@1,nDCG@1_std,nDCG@1_stderr,nDCG@1_ci90_low,nDCG@1_ci90_high,nDCG@1_ci95_low,nDCG@1_ci95_high,nDCG@3,nDCG@3_std,nDCG@3_stderr,nDCG@3_ci90_low,nDCG@3_ci90_high,nDCG@3_ci95_low,nDCG@3_ci95_high,nDCG@5,nDCG@5_std,nDCG@5_stderr,nDCG@5_ci90_low,nDCG@5_ci90_high,nDCG@5_ci95_low,nDCG@5_ci95_high,nDCG@10,nDCG@10_std,nDCG@10_stderr,nDCG@10_ci90_low,nDCG@10_ci90_high,nDCG@10_ci95_low,nDCG@10_ci95_high,nDCG@100,nDCG@100_std,nDCG@100_stderr,nDCG@100_ci90_low,nDCG@100_ci90_high,nDCG@100_ci95_low,nDCG@100_ci95_high,RR@1,RR@3,RR@5,RR@10,RR@100,P@1,P@3,P@5,P@10,P@100,R@1,R@3,R@5,R@10,R@100,AP
0.7513477088948787,0.4323775046516642,0.011223960776151266,0.7328743965335062,0.7698210212562512,0.7293311812611603,0.7733642365285971,0.8177433116445082,0.3420364976720763,0.008878825083595296,0.8031298153536303,0.8323568079353861,0.8003269198995115,0.8351597033895048,0.8360432802639288,0.3091675912849601,0.008025590787002572,0.8228341067422363,0.8492524537856213,0.8203005629769616,0.851785997550896,0.8477145193999246,0.28479961459468583,0.007393029630089124,0.8355464667510137,0.8598825720488354,0.8332126118831407,0.8622164269167085,0.8598167674658206,0.2529570025931495,0.006566436608318994,0.8490091891976949,0.8706243457339463,0.8469362758171596,0.8726972591144816,0.7520215633423181,0.8067160826594789,0.8160489667565142,0.8203180486030892,0.8230261140855412,0.7513477088948787,0.30368373764599693,0.19191374663072325,0.09999999999999754,0.01057277628032326,0.7289982030548069,0.8651168014375561,0.9084681042228211,0.9433400718778077,0.994047619047619,0.8177661905341407
