nDCG@1,nDCG@1_std,nDCG@1_stderr,nDCG@1_ci90_low,nDCG@1_ci90_high,nDCG@1_ci95_low,nDCG@1_ci95_high,nDCG@3,nDCG@3_std,nDCG@3_stderr,nDCG@3_ci90_low,nDCG@3_ci90_high,nDCG@3_ci95_low,nDCG@3_ci95_high,nDCG@5,nDCG@5_std,nDCG@5_stderr,nDCG@5_ci90_low,nDCG@5_ci90_high,nDCG@5_ci95_low,nDCG@5_ci95_high,nDCG@10,nDCG@10_std,nDCG@10_stderr,nDCG@10_ci90_low,nDCG@10_ci90_high,nDCG@10_ci95_low,nDCG@10_ci95_high,nDCG@100,nDCG@100_std,nDCG@100_stderr,nDCG@100_ci90_low,nDCG@100_ci90_high,nDCG@100_ci95_low,nDCG@100_ci95_high,RR@1,RR@3,RR@5,RR@10,RR@100,P@1,P@3,P@5,P@10,P@100,R@1,R@3,R@5,R@10,R@100,AP
0.7688679245283019,0.42169879132983157,0.010946755190350557,0.750850859785479,0.7868849892711247,0.747395153645139,0.7903406954114648,0.836769001663755,0.32401621936633684,0.008411041966520566,0.8229254210747797,0.8506125822527303,0.820270196867703,0.853267806459807,0.8551257478281016,0.28781475137880524,0.007471298681174358,0.8428288735753235,0.8674226220808796,0.8404703104870025,0.8697811851692007,0.8676505081954389,0.25715151687935467,0.006675320773930943,0.8566637194647435,0.8786372969261342,0.854556433188026,0.8807445832028518,0.875028323963961,0.23637445066356294,0.006135975008388822,0.8649292345932647,0.8851274133346574,0.862992210685746,0.887064437242176,0.7695417789757413,0.8251347708894881,0.8346698113207556,0.839683074487657,0.8411346896597929,0.7688679245283019,0.3099730458220973,0.196091644204847,0.10208894878705939,0.010586253369272047,0.7461814914645104,0.8838162623539981,0.9271675651392631,0.964734950584007,0.9953953279424976,0.83627968459255
