nDCG@1,nDCG@1_std,nDCG@1_stderr,nDCG@1_ci90_low,nDCG@1_ci90_high,nDCG@1_ci95_low,nDCG@1_ci95_high,nDCG@3,nDCG@3_std,nDCG@3_stderr,nDCG@3_ci90_low,nDCG@3_ci90_high,nDCG@3_ci95_low,nDCG@3_ci95_high,nDCG@5,nDCG@5_std,nDCG@5_stderr,nDCG@5_ci90_low,nDCG@5_ci90_high,nDCG@5_ci95_low,nDCG@5_ci95_high,nDCG@10,nDCG@10_std,nDCG@10_stderr,nDCG@10_ci90_low,nDCG@10_ci90_high,nDCG@10_ci95_low,nDCG@10_ci95_high,nDCG@100,nDCG@100_std,nDCG@100_stderr,nDCG@100_ci90_low,nDCG@100_ci90_high,nDCG@100_ci95_low,nDCG@100_ci95_high,RR@1,RR@3,RR@5,RR@10,RR@100,P@1,P@3,P@5,P@10,P@100,R@1,R@3,R@5,R@10,R@100,AP
0.7452830188679245,0.43584888311090025,0.011314073271011587,0.7266613919945524,0.7639046457412966,0.7230897297261428,0.7674763080097061,0.8130786095361212,0.34372325450795344,0.008922611109373955,0.798393046623896,0.8277641724483464,0.795576328659315,0.8305808904129274,0.8295162663644625,0.3153647241475219,0.008186460340634943,0.8160423205780629,0.8429902121508621,0.8134579930056587,0.8455745397232663,0.8429780429091798,0.28732930728430545,0.007458697180363002,0.8307019092367863,0.8552541765815732,0.8283473242299125,0.857608761588447,0.8551302710798508,0.2565927627969597,0.006660816240654246,0.844167355095971,0.8660931870637307,0.8420646476559804,0.8681958945037213,0.7452830188679245,0.8017744833782571,0.8100628930817615,0.8150464745646689,0.8175749985061574,0.7452830188679245,0.30233602875111837,0.19016172506738097,0.09966307277627784,0.010566037735848867,0.7232704402515724,0.8628144654088049,0.9018980233602875,0.9419923629829289,0.9933737646001796,0.8117646055616068
