nDCG@1,nDCG@1_std,nDCG@1_stderr,nDCG@1_ci90_low,nDCG@1_ci90_high,nDCG@1_ci95_low,nDCG@1_ci95_high,nDCG@3,nDCG@3_std,nDCG@3_stderr,nDCG@3_ci90_low,nDCG@3_ci90_high,nDCG@3_ci95_low,nDCG@3_ci95_high,nDCG@5,nDCG@5_std,nDCG@5_stderr,nDCG@5_ci90_low,nDCG@5_ci90_high,nDCG@5_ci95_low,nDCG@5_ci95_high,nDCG@10,nDCG@10_std,nDCG@10_stderr,nDCG@10_ci90_low,nDCG@10_ci90_high,nDCG@10_ci95_low,nDCG@10_ci95_high,nDCG@100,nDCG@100_std,nDCG@100_stderr,nDCG@100_ci90_low,nDCG@100_ci90_high,nDCG@100_ci95_low,nDCG@100_ci95_high,RR@1,RR@3,RR@5,RR@10,RR@100,P@1,P@3,P@5,P@10,P@100,R@1,R@3,R@5,R@10,R@100,AP
0.5653638814016172,0.4958762539933454,0.012872306178671382,0.5441775874014556,0.5865501754017788,0.5401140172632304,0.590613745540004,0.6468032578629824,0.43585101173447416,0.011314128527326368,0.6281815400442494,0.6654249756817154,0.6246098603323526,0.6689966553936123,0.6735965484780015,0.40822300521021443,0.010596941212502105,0.6561552361821134,0.6910378607738897,0.6528099604195619,0.6943831365364412,0.6983022089705527,0.37735842683224463,0.009795736678594014,0.6821795846062619,0.7144248333348435,0.6790872356132734,0.717517182327832,0.7248407787520352,0.3337313552101648,0.00866323432730019,0.7105821193554315,0.739099438148639,0.7078472822699684,0.7418342752341021,0.5633423180592992,0.6302785265049422,0.6448000898472607,0.654267210028666,0.6594189576354395,0.5653638814016172,0.2464061096136545,0.16199460916441735,0.08921832884096843,0.01025606469002677,0.5498652291105122,0.7051886792452831,0.7692610062893082,0.8437780772686432,0.965633423180593,0.6553389032113386
