nDCG@1,nDCG@1_std,nDCG@1_stderr,nDCG@1_ci90_low,nDCG@1_ci90_high,nDCG@1_ci95_low,nDCG@1_ci95_high,nDCG@3,nDCG@3_std,nDCG@3_stderr,nDCG@3_ci90_low,nDCG@3_ci90_high,nDCG@3_ci95_low,nDCG@3_ci95_high,nDCG@5,nDCG@5_std,nDCG@5_stderr,nDCG@5_ci90_low,nDCG@5_ci90_high,nDCG@5_ci95_low,nDCG@5_ci95_high,nDCG@10,nDCG@10_std,nDCG@10_stderr,nDCG@10_ci90_low,nDCG@10_ci90_high,nDCG@10_ci95_low,nDCG@10_ci95_high,nDCG@100,nDCG@100_std,nDCG@100_stderr,nDCG@100_ci90_low,nDCG@100_ci90_high,nDCG@100_ci95_low,nDCG@100_ci95_high,RR@1,RR@3,RR@5,RR@10,RR@100,P@1,P@3,P@5,P@10,P@100,R@1,R@3,R@5,R@10,R@100,AP
0.7318059299191375,0.4431685399023132,0.011504082093944906,0.7128715709890994,0.7507402888491757,0.7092399261372931,0.7543719337009819,0.8038827018125322,0.3518781795544726,0.009134302415859302,0.7888487200393643,0.8189166835857,0.7859651746967197,0.8218002289283447,0.8234406352038445,0.31888617280415144,0.008277872593057933,0.8098162356581753,0.8370650347495137,0.8072030507781481,0.8396782196295408,0.8371382796504706,0.290355934514085,0.00753726450855563,0.8247328334453583,0.8495437258555829,0.8223534460569802,0.851923113243961,0.8494008118832429,0.2592723924491168,0.006730375960544515,0.8383234088248864,0.8604782149415994,0.8361987425535375,0.8626028812129483,0.7338274932614556,0.7927897574123989,0.8025943396226419,0.8077592200402174,0.8103835217755126,0.7318059299191375,0.29964061096136096,0.19043126684635675,0.09979784366576575,0.01057277628032326,0.7099618149146452,0.8536612758310871,0.900213387241689,0.9416554357592093,0.994047619047619,0.8043071454289672
