{
  "nDCG@1": 0.7513477088948787,
  "nDCG@1_std": 0.4323775046516642,
  "nDCG@1_stderr": 0.011223960776151266,
  "nDCG@1_ci90_low": 0.7328743965335062,
  "nDCG@1_ci90_high": 0.7698210212562512,
  "nDCG@1_ci95_low": 0.7293311812611603,
  "nDCG@1_ci95_high": 0.7733642365285971,
  "nDCG@3": 0.8177433116445082,
  "nDCG@3_std": 0.3420364976720763,
  "nDCG@3_stderr": 0.008878825083595296,
  "nDCG@3_ci90_low": 0.8031298153536303,
  "nDCG@3_ci90_high": 0.8323568079353861,
  "nDCG@3_ci95_low": 0.8003269198995115,
  "nDCG@3_ci95_high": 0.8351597033895048,
  "nDCG@5": 0.8360432802639288,
  "nDCG@5_std": 0.3091675912849601,
  "nDCG@5_stderr": 0.008025590787002572,
  "nDCG@5_ci90_low": 0.8228341067422363,
  "nDCG@5_ci90_high": 0.8492524537856213,
  "nDCG@5_ci95_low": 0.8203005629769616,
  "nDCG@5_ci95_high": 0.851785997550896,
  "nDCG@10": 0.8477145193999246,
  "nDCG@10_std": 0.28479961459468583,
  "nDCG@10_stderr": 0.007393029630089124,
  "nDCG@10_ci90_low": 0.8355464667510137,
  "nDCG@10_ci90_high": 0.8598825720488354,
  "nDCG@10_ci95_low": 0.8332126118831407,
  "nDCG@10_ci95_high": 0.8622164269167085,
  "nDCG@100": 0.8598167674658206,
  "nDCG@100_std": 0.2529570025931495,
  "nDCG@100_stderr": 0.006566436608318994,
  "nDCG@100_ci90_low": 0.8490091891976949,
  "nDCG@100_ci90_high": 0.8706243457339463,
  "nDCG@100_ci95_low": 0.8469362758171596,
  "nDCG@100_ci95_high": 0.8726972591144816,
  "RR@1": 0.7520215633423181,
  "RR@3": 0.8067160826594789,
  "RR@5": 0.8160489667565142,
  "RR@10": 0.8203180486030892,
  "RR@100": 0.8230261140855412,
  "P@1": 0.7513477088948787,
  "P@3": 0.30368373764599693,
  "P@5": 0.19191374663072325,
  "P@10": 0.09999999999999754,
  "P@100": 0.01057277628032326,
  "R@1": 0.7289982030548069,
  "R@3": 0.8651168014375561,
  "R@5": 0.9084681042228211,
  "R@10": 0.9433400718778077,
  "R@100": 0.994047619047619,
  "AP": 0.8177661905341407
}