nDCG@1,nDCG@1_std,nDCG@1_stderr,nDCG@1_ci90_low,nDCG@1_ci90_high,nDCG@1_ci95_low,nDCG@1_ci95_high,nDCG@3,nDCG@3_std,nDCG@3_stderr,nDCG@3_ci90_low,nDCG@3_ci90_high,nDCG@3_ci95_low,nDCG@3_ci95_high,nDCG@5,nDCG@5_std,nDCG@5_stderr,nDCG@5_ci90_low,nDCG@5_ci90_high,nDCG@5_ci95_low,nDCG@5_ci95_high,nDCG@10,nDCG@10_std,nDCG@10_stderr,nDCG@10_ci90_low,nDCG@10_ci90_high,nDCG@10_ci95_low,nDCG@10_ci95_high,nDCG@100,nDCG@100_std,nDCG@100_stderr,nDCG@100_ci90_low,nDCG@100_ci90_high,nDCG@100_ci95_low,nDCG@100_ci95_high,RR@1,RR@3,RR@5,RR@10,RR@100,P@1,P@3,P@5,P@10,P@100,R@1,R@3,R@5,R@10,R@100,AP
0.7695417789757413,0.4212681048809121,0.010935575127193972,0.7515431152949882,0.7875404426564944,0.7480909385121819,0.7909926194393007,0.8368194632078624,0.32432640013723363,0.008419093858139827,0.8229626301573052,0.8506762962584196,0.8203048641037336,0.8533340623119912,0.852688054141245,0.2931876705992305,0.007610772714709165,0.8401616221201199,0.8652144861623702,0.8377590294298096,0.8676170788526805,0.8660073058974888,0.26133763416573774,0.006783986964288336,0.8548416654657203,0.8771729463292572,0.852700075103935,0.8793145366910425,0.8740886076144051,0.23849451598113533,0.006191009161903542,0.8638989385340414,0.8842782766947688,0.8619445412716864,0.8862326739571238,0.7702156334231806,0.8246855345911951,0.8331761006289313,0.8384757519359946,0.8402209297810712,0.7695417789757413,0.3101976639712438,0.19487870619945624,0.10181940700808369,0.010579514824797654,0.7471922731356695,0.8841531895777178,0.9217767295597483,0.9610287511230906,0.9947214734950584,0.835371409998105
