nDCG@1,nDCG@1_std,nDCG@1_stderr,nDCG@1_ci90_low,nDCG@1_ci90_high,nDCG@1_ci95_low,nDCG@1_ci95_high,nDCG@3,nDCG@3_std,nDCG@3_stderr,nDCG@3_ci90_low,nDCG@3_ci90_high,nDCG@3_ci95_low,nDCG@3_ci95_high,nDCG@5,nDCG@5_std,nDCG@5_stderr,nDCG@5_ci90_low,nDCG@5_ci90_high,nDCG@5_ci95_low,nDCG@5_ci95_high,nDCG@10,nDCG@10_std,nDCG@10_stderr,nDCG@10_ci90_low,nDCG@10_ci90_high,nDCG@10_ci95_low,nDCG@10_ci95_high,nDCG@100,nDCG@100_std,nDCG@100_stderr,nDCG@100_ci90_low,nDCG@100_ci90_high,nDCG@100_ci95_low,nDCG@100_ci95_high,RR@1,RR@3,RR@5,RR@10,RR@100,P@1,P@3,P@5,P@10,P@100,R@1,R@3,R@5,R@10,R@100,AP
0.6778975741239892,0.4674395042235344,0.012134124935235227,0.6579262391709296,0.6978689090770488,0.6540957004115255,0.7016994478364529,0.7469836997336216,0.39397902751246866,0.010227185974877819,0.7301509608404845,0.7638164386267586,0.7269224105753851,0.767044988891858,0.7692484019520044,0.3642507368613232,0.009455478000663724,0.7536858031407634,0.7848110007632454,0.7507008680784039,0.7877959358256049,0.7885138048484579,0.331731271640783,0.008611314744782012,0.7743405989459156,0.8026870107510002,0.7716221519977117,0.8054054576992041,0.8058147174621476,0.2950990869304678,0.0076603906104088645,0.793206620251322,0.8184228146729732,0.7907883640274935,0.8208410708968017,0.6792452830188679,0.7359613656783467,0.7474168912848164,0.7551001689984173,0.7587697935668843,0.6778975741239892,0.278751123090742,0.17924528301886403,0.0960916442048495,0.010438005390835394,0.6580750224618148,0.7965521114106021,0.8490004492362981,0.9067273135669361,0.9821990116801439,0.7525211482128255
