{
  "nDCG@1": 0.72911051212938,
  "nDCG@1_std": 0.44456895401339364,
  "nDCG@1_stderr": 0.011540435032948517,
  "nDCG@1_ci90_low": 0.710116320559968,
  "nDCG@1_ci90_high": 0.7481047036987921,
  "nDCG@1_ci95_low": 0.706473199697933,
  "nDCG@1_ci95_high": 0.7517478245608271,
  "nDCG@3": 0.801153668755709,
  "nDCG@3_std": 0.3537116573107445,
  "nDCG@3_stderr": 0.009181897126960012,
  "nDCG@3_ci90_low": 0.7860413517154775,
  "nDCG@3_ci90_high": 0.8162659857959406,
  "nDCG@3_ci95_low": 0.7831427815245979,
  "nDCG@3_ci95_high": 0.8191645559868201,
  "nDCG@5": 0.8192435491016811,
  "nDCG@5_std": 0.3235016006278351,
  "nDCG@5_stderr": 0.008397683129685914,
  "nDCG@5_ci90_low": 0.8054219555786403,
  "nDCG@5_ci90_high": 0.8330651426247219,
  "nDCG@5_ci95_low": 0.8027709485312309,
  "nDCG@5_ci95_high": 0.8357161496721313,
  "nDCG@10": 0.8320901842833035,
  "nDCG@10_std": 0.29737220179835455,
  "nDCG@10_stderr": 0.0077193977322927865,
  "nDCG@10_ci90_low": 0.8193849683266228,
  "nDCG@10_ci90_high": 0.8447954002399842,
  "nDCG@10_ci95_low": 0.8169480845487956,
  "nDCG@10_ci95_high": 0.8472322840178114,
  "nDCG@100": 0.8442368896035973,
  "nDCG@100_std": 0.267725025655314,
  "nDCG@100_stderr": 0.006949795385794175,
  "nDCG@100_ci90_low": 0.832798348114554,
  "nDCG@100_ci90_high": 0.8556754310926407,
  "nDCG@100_ci95_low": 0.8306044148282806,
  "nDCG@100_ci95_high": 0.857869364378914,
  "RR@1": 0.72911051212938,
  "RR@3": 0.7879604672057503,
  "RR@5": 0.7975628930817615,
  "RR@10": 0.802639798057588,
  "RR@100": 0.8051313534266958,
  "P@1": 0.72911051212938,
  "P@3": 0.2989667565139218,
  "P@5": 0.18921832884096595,
  "P@10": 0.09892183288409465,
  "P@100": 0.010478436657681754,
  "R@1": 0.707097933513028,
  "R@3": 0.8526504941599281,
  "R@5": 0.89588948787062,
  "R@10": 0.93401841868823,
  "R@100": 0.9857367475292005,
  "AP": 0.7998467898659487
}