{
  "nDCG@1": 0.7890835579514824,
  "nDCG@1_std": 0.40809670693468386,
  "nDCG@1_stderr": 0.010593662672625723,
  "nDCG@1_ci90_low": 0.7716476417445894,
  "nDCG@1_ci90_high": 0.8065194741583754,
  "nDCG@1_ci95_low": 0.7683034009618273,
  "nDCG@1_ci95_high": 0.8098637149411376,
  "nDCG@3": 0.8481322317393949,
  "nDCG@3_std": 0.31582287243245305,
  "nDCG@3_stderr": 0.008198353277534773,
  "nDCG@3_ci90_low": 0.8346387115850314,
  "nDCG@3_ci90_high": 0.8616257518937583,
  "nDCG@3_ci95_low": 0.8320506296128661,
  "nDCG@3_ci95_high": 0.8642138338659237,
  "nDCG@5": 0.863474212785108,
  "nDCG@5_std": 0.28468690170772765,
  "nDCG@5_stderr": 0.007390103749328503,
  "nDCG@5_ci90_low": 0.8513109757899847,
  "nDCG@5_ci90_high": 0.8756374497802314,
  "nDCG@5_ci95_low": 0.8489780445733612,
  "nDCG@5_ci95_high": 0.8779703809968549,
  "nDCG@10": 0.8759837361278859,
  "nDCG@10_std": 0.2535461078278963,
  "nDCG@10_stderr": 0.006581729018254036,
  "nDCG@10_ci90_low": 0.8651509883611204,
  "nDCG@10_ci90_high": 0.8868164838946515,
  "nDCG@10_ci95_low": 0.8630732474244743,
  "nDCG@10_ci95_high": 0.8888942248312975,
  "nDCG@100": 0.88360685106472,
  "nDCG@100_std": 0.23185244936560784,
  "nDCG@100_stderr": 0.006018589703529258,
  "nDCG@100_ci90_low": 0.8737009640266542,
  "nDCG@100_ci90_high": 0.8935127381027859,
  "nDCG@100_ci95_low": 0.8718009966817183,
  "nDCG@100_ci95_high": 0.8954127054477218,
  "RR@1": 0.7890835579514824,
  "RR@3": 0.8387241689128481,
  "RR@5": 0.8461365678346814,
  "RR@10": 0.8510744234800841,
  "RR@100": 0.852595485261446,
  "P@1": 0.7890835579514824,
  "P@3": 0.31266846361185463,
  "P@5": 0.19622641509433492,
  "P@10": 0.10215633423180333,
  "P@100": 0.010592991913746441,
  "R@1": 0.7667340521114107,
  "R@3": 0.8905548068283917,
  "R@5": 0.9268867924528302,
  "R@10": 0.9639487870619946,
  "R@100": 0.9956199460916442,
  "AP": 0.8474831756266302
}