nDCG@1,nDCG@1_std,nDCG@1_stderr,nDCG@1_ci90_low,nDCG@1_ci90_high,nDCG@1_ci95_low,nDCG@1_ci95_high,nDCG@3,nDCG@3_std,nDCG@3_stderr,nDCG@3_ci90_low,nDCG@3_ci90_high,nDCG@3_ci95_low,nDCG@3_ci95_high,nDCG@5,nDCG@5_std,nDCG@5_stderr,nDCG@5_ci90_low,nDCG@5_ci90_high,nDCG@5_ci95_low,nDCG@5_ci95_high,nDCG@10,nDCG@10_std,nDCG@10_stderr,nDCG@10_ci90_low,nDCG@10_ci90_high,nDCG@10_ci95_low,nDCG@10_ci95_high,nDCG@100,nDCG@100_std,nDCG@100_stderr,nDCG@100_ci90_low,nDCG@100_ci90_high,nDCG@100_ci95_low,nDCG@100_ci95_high,RR@1,RR@3,RR@5,RR@10,RR@100,P@1,P@3,P@5,P@10,P@100,R@1,R@3,R@5,R@10,R@100,AP
0.7951482479784366,0.4037293006499118,0.010480290454352505,0.7778989290381443,0.812397566918729,0.7745904779541576,0.8157060180027157,0.8534889542844851,0.30995490205176035,0.00804602835618723,0.840246142940371,0.8667317656285992,0.8377061473789159,0.8692717611900543,0.867469219750474,0.2813130027684083,0.007302521696723508,0.8554501324585874,0.8794883070423606,0.8531448494200502,0.8817935900808977,0.880556431018438,0.2481228965806218,0.006440949468750807,0.8699553897449446,0.8911574722919313,0.8679220905396785,0.8931907714971974,0.8876537784602346,0.22747179064319184,0.005904873469115736,0.8779350548986613,0.897372502021808,0.876070985852599,0.8992365710678702,0.7951482479784366,0.8443396226415094,0.8511118598382755,0.8562187139006553,0.8576464400974279,0.7951482479784366,0.31401617250673325,0.19649595687331062,0.10249326145552298,0.010599730458220834,0.7717879604672059,0.8949348607367474,0.9282345013477089,0.9669811320754716,0.9962938005390836,0.8524176682910877
