nDCG@1,nDCG@1_std,nDCG@1_stderr,nDCG@1_ci90_low,nDCG@1_ci90_high,nDCG@1_ci95_low,nDCG@1_ci95_high,nDCG@3,nDCG@3_std,nDCG@3_stderr,nDCG@3_ci90_low,nDCG@3_ci90_high,nDCG@3_ci95_low,nDCG@3_ci95_high,nDCG@5,nDCG@5_std,nDCG@5_stderr,nDCG@5_ci90_low,nDCG@5_ci90_high,nDCG@5_ci95_low,nDCG@5_ci95_high,nDCG@10,nDCG@10_std,nDCG@10_stderr,nDCG@10_ci90_low,nDCG@10_ci90_high,nDCG@10_ci95_low,nDCG@10_ci95_high,nDCG@100,nDCG@100_std,nDCG@100_stderr,nDCG@100_ci90_low,nDCG@100_ci90_high,nDCG@100_ci95_low,nDCG@100_ci95_high,RR@1,RR@3,RR@5,RR@10,RR@100,P@1,P@3,P@5,P@10,P@100,R@1,R@3,R@5,R@10,R@100,AP
0.7904312668463612,0.407138033448099,0.010568776748878989,0.7730363099275434,0.8078262237651791,0.7696999252115339,0.8111626084811886,0.8512998671021129,0.31161437319534724,0.008089106080685823,0.8379861549168117,0.8646135792874141,0.8354325604436725,0.8671671737605533,0.8654056843770287,0.28256486012554854,0.007335018294540728,0.8533331115274025,0.8774782572266548,0.8510175698605628,0.8797937988934946,0.8789423153507495,0.24796380303271073,0.006436819606021406,0.8683480713430103,0.8895365593584887,0.866316075865812,0.891568554835687,0.8860388892791786,0.2277646225803912,0.005912475007451496,0.87630765448428,0.8957701240740772,0.8744411857606653,0.8976365927976919,0.7904312668463612,0.8415318957771789,0.8485399820305484,0.8539225281307494,0.8552098042001988,0.7904312668463612,0.31356693620844034,0.19622641509433486,0.10249326145552295,0.010606469002695228,0.7670709793351304,0.8937556154537286,0.9268867924528302,0.9673180592991913,0.996967654986523,0.8502164378793177
