nDCG@1,nDCG@1_std,nDCG@1_stderr,nDCG@1_ci90_low,nDCG@1_ci90_high,nDCG@1_ci95_low,nDCG@1_ci95_high,nDCG@3,nDCG@3_std,nDCG@3_stderr,nDCG@3_ci90_low,nDCG@3_ci90_high,nDCG@3_ci95_low,nDCG@3_ci95_high,nDCG@5,nDCG@5_std,nDCG@5_stderr,nDCG@5_ci90_low,nDCG@5_ci90_high,nDCG@5_ci95_low,nDCG@5_ci95_high,nDCG@10,nDCG@10_std,nDCG@10_stderr,nDCG@10_ci90_low,nDCG@10_ci90_high,nDCG@10_ci95_low,nDCG@10_ci95_high,nDCG@100,nDCG@100_std,nDCG@100_stderr,nDCG@100_ci90_low,nDCG@100_ci90_high,nDCG@100_ci95_low,nDCG@100_ci95_high,RR@1,RR@3,RR@5,RR@10,RR@100,P@1,P@3,P@5,P@10,P@100,R@1,R@3,R@5,R@10,R@100,AP
0.7890835579514824,0.40809670693468386,0.010593662672625723,0.7716476417445894,0.8065194741583754,0.7683034009618273,0.8098637149411376,0.8481322317393949,0.31582287243245305,0.008198353277534773,0.8346387115850314,0.8616257518937583,0.8320506296128661,0.8642138338659237,0.863474212785108,0.28468690170772765,0.007390103749328503,0.8513109757899847,0.8756374497802314,0.8489780445733612,0.8779703809968549,0.8759837361278859,0.2535461078278963,0.006581729018254036,0.8651509883611204,0.8868164838946515,0.8630732474244743,0.8888942248312975,0.88360685106472,0.23185244936560784,0.006018589703529258,0.8737009640266542,0.8935127381027859,0.8718009966817183,0.8954127054477218,0.7890835579514824,0.8387241689128481,0.8461365678346814,0.8510744234800841,0.852595485261446,0.7890835579514824,0.31266846361185463,0.19622641509433492,0.10215633423180333,0.010592991913746441,0.7667340521114107,0.8905548068283917,0.9268867924528302,0.9639487870619946,0.9956199460916442,0.8474831756266302
