{
  "nDCG@1": 0.7931266846361186,
  "nDCG@1_std": 0.4052004259054239,
  "nDCG@1_stderr": 0.010518478963206533,
  "nDCG@1_ci90_low": 0.7758145119255088,
  "nDCG@1_ci90_high": 0.8104388573467284,
  "nDCG@1_ci95_low": 0.7724940053728245,
  "nDCG@1_ci95_high": 0.8137593638994126,
  "nDCG@3": 0.8515786975169836,
  "nDCG@3_std": 0.3133096248591647,
  "nDCG@3_stderr": 0.008133112621210454,
  "nDCG@3_ci90_low": 0.838192555769136,
  "nDCG@3_ci90_high": 0.8649648392648311,
  "nDCG@3_ci95_low": 0.8356250691727455,
  "nDCG@3_ci95_high": 0.8675323258612216,
  "nDCG@5": 0.8671060505328211,
  "nDCG@5_std": 0.28112408385758686,
  "nDCG@5_stderr": 0.007297617606149598,
  "nDCG@5_ci90_low": 0.8550950347941791,
  "nDCG@5_ci90_high": 0.879117066271463,
  "nDCG@5_ci95_low": 0.8527912998943931,
  "nDCG@5_ci95_high": 0.8814208011712491,
  "nDCG@10": 0.880537619560376,
  "nDCG@10_std": 0.24675033504718696,
  "nDCG@10_stderr": 0.006405319546637866,
  "nDCG@10_ci90_low": 0.8699952209259413,
  "nDCG@10_ci90_high": 0.8910800181948108,
  "nDCG@10_ci95_low": 0.8679731694866556,
  "nDCG@10_ci95_high": 0.8931020696340964,
  "nDCG@100": 0.887229783735095,
  "nDCG@100_std": 0.22717516136132004,
  "nDCG@100_stderr": 0.0058971733566238315,
  "nDCG@100_ci90_low": 0.8775237336482529,
  "nDCG@100_ci90_high": 0.8969358338219371,
  "nDCG@100_ci95_low": 0.875662095397943,
  "nDCG@100_ci95_high": 0.8987974720722469,
  "RR@1": 0.7931266846361186,
  "RR@3": 0.8423180592991912,
  "RR@5": 0.8502695417789758,
  "RR@10": 0.8554681149189237,
  "RR@100": 0.8567038093931745,
  "P@1": 0.7931266846361186,
  "P@3": 0.3131176999101475,
  "P@5": 0.1966307277627985,
  "P@10": 0.10269541778975477,
  "P@100": 0.010606469002695228,
  "R@1": 0.7697663971248878,
  "R@3": 0.8920709793351302,
  "R@5": 0.9285714285714286,
  "R@10": 0.9686657681940701,
  "R@100": 0.996967654986523,
  "AP": 0.8518253206079873
}