{
  "nDCG@1": 0.7742587601078167,
  "nDCG@1_std": 0.4182104609404206,
  "nDCG@1_stderr": 0.010856202645308816,
  "nDCG@1_ci90_low": 0.7563907341475622,
  "nDCG@1_ci90_high": 0.7921267860680712,
  "nDCG@1_ci95_low": 0.7529636139197126,
  "nDCG@1_ci95_high": 0.7955539062959208,
  "nDCG@3": 0.8384721070540043,
  "nDCG@3_std": 0.32262767224827144,
  "nDCG@3_stderr": 0.00837499707930665,
  "nDCG@3_ci90_low": 0.82468785208758,
  "nDCG@3_ci90_high": 0.8522563620204286,
  "nDCG@3_ci95_low": 0.822044006643973,
  "nDCG@3_ci95_high": 0.8549002074640356,
  "nDCG@5": 0.8532748916849328,
  "nDCG@5_std": 0.29458038240019735,
  "nDCG@5_stderr": 0.007646925711704529,
  "nDCG@5_ci90_low": 0.8406889561053389,
  "nDCG@5_ci90_high": 0.8658608272645266,
  "nDCG@5_ci95_low": 0.8382749505231226,
  "nDCG@5_ci95_high": 0.8682748328467429,
  "nDCG@10": 0.8669009032109845,
  "nDCG@10_std": 0.2624585916486466,
  "nDCG@10_stderr": 0.00681308557067869,
  "nDCG@10_ci90_low": 0.8556873699136002,
  "nDCG@10_ci90_high": 0.8781144365083687,
  "nDCG@10_ci95_low": 0.8535365936121433,
  "nDCG@10_ci95_high": 0.8802652128098256,
  "nDCG@100": 0.8751986818929781,
  "nDCG@100_std": 0.23921658102585439,
  "nDCG@100_stderr": 0.006209753036532925,
  "nDCG@100_ci90_low": 0.8649781626111751,
  "nDCG@100_ci90_high": 0.8854192011747811,
  "nDCG@100_ci95_low": 0.8630178482234689,
  "nDCG@100_ci95_high": 0.8873795155624873,
  "RR@1": 0.7735849056603774,
  "RR@3": 0.8274932614555257,
  "RR@5": 0.8347035040431272,
  "RR@10": 0.8400315000213925,
  "RR@100": 0.8417759747768664,
  "P@1": 0.7742587601078167,
  "P@3": 0.31019766397124376,
  "P@5": 0.19460916442048054,
  "P@10": 0.10168463611859582,
  "P@100": 0.01057277628032326,
  "R@1": 0.7522461814914646,
  "R@3": 0.8840408805031446,
  "R@5": 0.918800539083558,
  "R@10": 0.9588948787061995,
  "R@100": 0.9939353099730458,
  "AP": 0.8370518283862132
}