nDCG@1,nDCG@1_std,nDCG@1_stderr,nDCG@1_ci90_low,nDCG@1_ci90_high,nDCG@1_ci95_low,nDCG@1_ci95_high,nDCG@3,nDCG@3_std,nDCG@3_stderr,nDCG@3_ci90_low,nDCG@3_ci90_high,nDCG@3_ci95_low,nDCG@3_ci95_high,nDCG@5,nDCG@5_std,nDCG@5_stderr,nDCG@5_ci90_low,nDCG@5_ci90_high,nDCG@5_ci95_low,nDCG@5_ci95_high,nDCG@10,nDCG@10_std,nDCG@10_stderr,nDCG@10_ci90_low,nDCG@10_ci90_high,nDCG@10_ci95_low,nDCG@10_ci95_high,nDCG@100,nDCG@100_std,nDCG@100_stderr,nDCG@100_ci90_low,nDCG@100_ci90_high,nDCG@100_ci95_low,nDCG@100_ci95_high,RR@1,RR@3,RR@5,RR@10,RR@100,P@1,P@3,P@5,P@10,P@100,R@1,R@3,R@5,R@10,R@100,AP
0.7742587601078167,0.4182104609404206,0.010856202645308816,0.7563907341475622,0.7921267860680712,0.7529636139197126,0.7955539062959208,0.8384721070540043,0.32262767224827144,0.00837499707930665,0.82468785208758,0.8522563620204286,0.822044006643973,0.8549002074640356,0.8532748916849328,0.29458038240019735,0.007646925711704529,0.8406889561053389,0.8658608272645266,0.8382749505231226,0.8682748328467429,0.8669009032109845,0.2624585916486466,0.00681308557067869,0.8556873699136002,0.8781144365083687,0.8535365936121433,0.8802652128098256,0.8751986818929781,0.23921658102585439,0.006209753036532925,0.8649781626111751,0.8854192011747811,0.8630178482234689,0.8873795155624873,0.7735849056603774,0.8274932614555257,0.8347035040431272,0.8400315000213925,0.8417759747768664,0.7742587601078167,0.31019766397124376,0.19460916442048054,0.10168463611859582,0.01057277628032326,0.7522461814914646,0.8840408805031446,0.918800539083558,0.9588948787061995,0.9939353099730458,0.8370518283862132
