nDCG@1,nDCG@1_std,nDCG@1_stderr,nDCG@1_ci90_low,nDCG@1_ci90_high,nDCG@1_ci95_low,nDCG@1_ci95_high,nDCG@3,nDCG@3_std,nDCG@3_stderr,nDCG@3_ci90_low,nDCG@3_ci90_high,nDCG@3_ci95_low,nDCG@3_ci95_high,nDCG@5,nDCG@5_std,nDCG@5_stderr,nDCG@5_ci90_low,nDCG@5_ci90_high,nDCG@5_ci95_low,nDCG@5_ci95_high,nDCG@10,nDCG@10_std,nDCG@10_stderr,nDCG@10_ci90_low,nDCG@10_ci90_high,nDCG@10_ci95_low,nDCG@10_ci95_high,nDCG@100,nDCG@100_std,nDCG@100_stderr,nDCG@100_ci90_low,nDCG@100_ci90_high,nDCG@100_ci95_low,nDCG@100_ci95_high,RR@1,RR@3,RR@5,RR@10,RR@100,P@1,P@3,P@5,P@10,P@100,R@1,R@3,R@5,R@10,R@100,AP
0.7931266846361186,0.4052004259054239,0.010518478963206533,0.7758145119255088,0.8104388573467284,0.7724940053728245,0.8137593638994126,0.8515786975169836,0.3133096248591647,0.008133112621210454,0.838192555769136,0.8649648392648311,0.8356250691727455,0.8675323258612216,0.8671060505328211,0.28112408385758686,0.007297617606149598,0.8550950347941791,0.879117066271463,0.8527912998943931,0.8814208011712491,0.880537619560376,0.24675033504718696,0.006405319546637866,0.8699952209259413,0.8910800181948108,0.8679731694866556,0.8931020696340964,0.887229783735095,0.22717516136132004,0.0058971733566238315,0.8775237336482529,0.8969358338219371,0.875662095397943,0.8987974720722469,0.7931266846361186,0.8423180592991912,0.8502695417789758,0.8554681149189237,0.8567038093931745,0.7931266846361186,0.3131176999101475,0.1966307277627985,0.10269541778975477,0.010606469002695228,0.7697663971248878,0.8920709793351302,0.9285714285714286,0.9686657681940701,0.996967654986523,0.8518253206079873
