{
  "nDCG@1": 0.795822102425876,
  "nDCG@1_std": 0.40323547918763886,
  "nDCG@1_stderr": 0.010467471487909191,
  "nDCG@1_ci90_low": 0.7785938819886861,
  "nDCG@1_ci90_high": 0.813050322863066,
  "nDCG@1_ci95_low": 0.775289477636382,
  "nDCG@1_ci95_high": 0.8163547272153701,
  "nDCG@3": 0.8521182104165141,
  "nDCG@3_std": 0.3143440845724477,
  "nDCG@3_stderr": 0.008159965857379046,
  "nDCG@3_ci90_low": 0.8386878714169522,
  "nDCG@3_ci90_high": 0.8655485494160761,
  "nDCG@3_ci95_low": 0.8361119077064303,
  "nDCG@3_ci95_high": 0.868124513126598,
  "nDCG@5": 0.8691482332518773,
  "nDCG@5_std": 0.2784278686010449,
  "nDCG@5_stderr": 0.0072276273454216075,
  "nDCG@5_ci90_low": 0.8572524132070254,
  "nDCG@5_ci90_high": 0.8810440532967292,
  "nDCG@5_ci95_low": 0.8549707730530848,
  "nDCG@5_ci95_high": 0.8833256934506698,
  "nDCG@10": 0.8812887792825362,
  "nDCG@10_std": 0.24755458466944646,
  "nDCG@10_stderr": 0.006426196826601234,
  "nDCG@10_ci90_low": 0.8707120191137278,
  "nDCG@10_ci90_high": 0.8918655394513447,
  "nDCG@10_ci95_low": 0.8686833770689788,
  "nDCG@10_ci95_high": 0.8938941814960937,
  "nDCG@100": 0.8884778453955555,
  "nDCG@100_std": 0.22620864224671017,
  "nDCG@100_stderr": 0.00587208377052124,
  "nDCG@100_ci90_low": 0.8788130898009461,
  "nDCG@100_ci90_high": 0.898142600990165,
  "nDCG@100_ci95_low": 0.8769593719101625,
  "nDCG@100_ci95_high": 0.8999963188809486,
  "RR@1": 0.7951482479784366,
  "RR@3": 0.8431042228212041,
  "RR@5": 0.8517295597484283,
  "RR@10": 0.8564369143883973,
  "RR@100": 0.8578788944407528,
  "P@1": 0.795822102425876,
  "P@3": 0.312893081761001,
  "P@5": 0.19716981132074995,
  "P@10": 0.10256064690026691,
  "P@100": 0.010613207547169622,
  "R@1": 0.7724618149146452,
  "R@3": 0.8907232704402516,
  "R@5": 0.931266846361186,
  "R@10": 0.9673180592991913,
  "R@100": 0.9976415094339622,
  "AP": 0.8533098679921655
}