{
  "nDCG@1": 0.7951482479784366,
  "nDCG@1_std": 0.4037293006499118,
  "nDCG@1_stderr": 0.010480290454352505,
  "nDCG@1_ci90_low": 0.7778989290381443,
  "nDCG@1_ci90_high": 0.812397566918729,
  "nDCG@1_ci95_low": 0.7745904779541576,
  "nDCG@1_ci95_high": 0.8157060180027157,
  "nDCG@3": 0.8534889542844851,
  "nDCG@3_std": 0.30995490205176035,
  "nDCG@3_stderr": 0.00804602835618723,
  "nDCG@3_ci90_low": 0.840246142940371,
  "nDCG@3_ci90_high": 0.8667317656285992,
  "nDCG@3_ci95_low": 0.8377061473789159,
  "nDCG@3_ci95_high": 0.8692717611900543,
  "nDCG@5": 0.867469219750474,
  "nDCG@5_std": 0.2813130027684083,
  "nDCG@5_stderr": 0.007302521696723508,
  "nDCG@5_ci90_low": 0.8554501324585874,
  "nDCG@5_ci90_high": 0.8794883070423606,
  "nDCG@5_ci95_low": 0.8531448494200502,
  "nDCG@5_ci95_high": 0.8817935900808977,
  "nDCG@10": 0.880556431018438,
  "nDCG@10_std": 0.2481228965806218,
  "nDCG@10_stderr": 0.006440949468750807,
  "nDCG@10_ci90_low": 0.8699553897449446,
  "nDCG@10_ci90_high": 0.8911574722919313,
  "nDCG@10_ci95_low": 0.8679220905396785,
  "nDCG@10_ci95_high": 0.8931907714971974,
  "nDCG@100": 0.8876537784602346,
  "nDCG@100_std": 0.22747179064319184,
  "nDCG@100_stderr": 0.005904873469115736,
  "nDCG@100_ci90_low": 0.8779350548986613,
  "nDCG@100_ci90_high": 0.897372502021808,
  "nDCG@100_ci95_low": 0.876070985852599,
  "nDCG@100_ci95_high": 0.8992365710678702,
  "RR@1": 0.7951482479784366,
  "RR@3": 0.8443396226415094,
  "RR@5": 0.8511118598382755,
  "RR@10": 0.8562187139006553,
  "RR@100": 0.8576464400974279,
  "P@1": 0.7951482479784366,
  "P@3": 0.31401617250673325,
  "P@5": 0.19649595687331062,
  "P@10": 0.10249326145552298,
  "P@100": 0.010599730458220834,
  "R@1": 0.7717879604672059,
  "R@3": 0.8949348607367474,
  "R@5": 0.9282345013477089,
  "R@10": 0.9669811320754716,
  "R@100": 0.9962938005390836,
  "AP": 0.8524176682910877
}