nDCG@1,nDCG@1_std,nDCG@1_stderr,nDCG@1_ci90_low,nDCG@1_ci90_high,nDCG@1_ci95_low,nDCG@1_ci95_high,nDCG@3,nDCG@3_std,nDCG@3_stderr,nDCG@3_ci90_low,nDCG@3_ci90_high,nDCG@3_ci95_low,nDCG@3_ci95_high,nDCG@5,nDCG@5_std,nDCG@5_stderr,nDCG@5_ci90_low,nDCG@5_ci90_high,nDCG@5_ci95_low,nDCG@5_ci95_high,nDCG@10,nDCG@10_std,nDCG@10_stderr,nDCG@10_ci90_low,nDCG@10_ci90_high,nDCG@10_ci95_low,nDCG@10_ci95_high,nDCG@100,nDCG@100_std,nDCG@100_stderr,nDCG@100_ci90_low,nDCG@100_ci90_high,nDCG@100_ci95_low,nDCG@100_ci95_high,RR@1,RR@3,RR@5,RR@10,RR@100,P@1,P@3,P@5,P@10,P@100,R@1,R@3,R@5,R@10,R@100,AP
0.8018867924528302,0.39871228747917037,0.010350055281532397,0.7848518252085145,0.818921759697146,0.7815844871738814,0.8221890977317791,0.8614092887492604,0.3012851465994777,0.007820972718258889,0.848536892375499,0.8742816851230217,0.8460679430863304,0.8767506344121904,0.8752520117712598,0.27201451492119644,0.0070611449790362515,0.8636302020172699,0.8868738215252496,0.8614011175408586,0.889102906001661,0.8878286467567372,0.23797551485054158,0.006177536563838442,0.8776611519798426,0.8979961415336318,0.8757110077896584,0.8999462857238161,0.8939802309340524,0.21935486137459465,0.005694168483880843,0.884608302865262,0.9033521590028428,0.8828107498322663,0.9051497120358386,0.8018867924528302,0.8514150943396224,0.8580862533692725,0.8632543426175501,0.8644954396609451,0.8018867924528302,0.31693620844563714,0.19824797843665284,0.10309973045821837,0.010619946091644015,0.7792003593890388,0.9032457322551661,0.9356469002695418,0.9727088948787062,0.9979784366576819,0.8601185521115098
