nDCG@1,nDCG@1_std,nDCG@1_stderr,nDCG@1_ci90_low,nDCG@1_ci90_high,nDCG@1_ci95_low,nDCG@1_ci95_high,nDCG@3,nDCG@3_std,nDCG@3_stderr,nDCG@3_ci90_low,nDCG@3_ci90_high,nDCG@3_ci95_low,nDCG@3_ci95_high,nDCG@5,nDCG@5_std,nDCG@5_stderr,nDCG@5_ci90_low,nDCG@5_ci90_high,nDCG@5_ci95_low,nDCG@5_ci95_high,nDCG@10,nDCG@10_std,nDCG@10_stderr,nDCG@10_ci90_low,nDCG@10_ci90_high,nDCG@10_ci95_low,nDCG@10_ci95_high,nDCG@100,nDCG@100_std,nDCG@100_stderr,nDCG@100_ci90_low,nDCG@100_ci90_high,nDCG@100_ci95_low,nDCG@100_ci95_high,RR@1,RR@3,RR@5,RR@10,RR@100,P@1,P@3,P@5,P@10,P@100,R@1,R@3,R@5,R@10,R@100,AP
0.8315363881401617,0.3744036364187915,0.009719034141238229,0.8155400070833577,0.8475327691969657,0.8124718717888316,0.8506009044914918,0.8826959992521939,0.2802510395806256,0.007274954505930378,0.8707222842969186,0.8946697142074692,0.8684257037559562,0.8969662947484316,0.8971928297269587,0.24461458312998702,0.006349878189286136,0.8867416810115608,0.9076439784423566,0.8847371314745007,0.9096485279794166,0.9059546082773715,0.21946873078483153,0.005697124386489911,0.8965778151423808,0.9153314014123622,0.8947793289807436,0.9171298875739994,0.9113062597761431,0.20134524831992345,0.005226662222929222,0.9027037917368111,0.9199087278154751,0.9010538225520447,0.9215586970002415,0.8315363881401617,0.875,0.8823113207547174,0.8854768322423309,0.8866940523957477,0.8315363881401617,0.3221024258760053,0.2014824797843615,0.10377358490565769,0.010626684636118407,0.8078391734052113,0.9181266846361186,0.9524932614555256,0.9779874213836477,0.9986522911051213,0.8822161913021428
