nDCG@1,nDCG@1_std,nDCG@1_stderr,nDCG@1_ci90_low,nDCG@1_ci90_high,nDCG@1_ci95_low,nDCG@1_ci95_high,nDCG@3,nDCG@3_std,nDCG@3_stderr,nDCG@3_ci90_low,nDCG@3_ci90_high,nDCG@3_ci95_low,nDCG@3_ci95_high,nDCG@5,nDCG@5_std,nDCG@5_stderr,nDCG@5_ci90_low,nDCG@5_ci90_high,nDCG@5_ci95_low,nDCG@5_ci95_high,nDCG@10,nDCG@10_std,nDCG@10_stderr,nDCG@10_ci90_low,nDCG@10_ci90_high,nDCG@10_ci95_low,nDCG@10_ci95_high,nDCG@100,nDCG@100_std,nDCG@100_stderr,nDCG@100_ci90_low,nDCG@100_ci90_high,nDCG@100_ci95_low,nDCG@100_ci95_high,RR@1,RR@3,RR@5,RR@10,RR@100,P@1,P@3,P@5,P@10,P@100,R@1,R@3,R@5,R@10,R@100,AP
0.8295148247978437,0.3761852482226634,0.009765282479298962,0.8134423244448099,0.8455873251508774,0.8103595893293288,0.8486700602663585,0.883925349762429,0.27589337851641843,0.007161835260978386,0.872137815709578,0.8957128838152799,0.8698769450079767,0.8979737545168812,0.8979106344248972,0.24123979950866786,0.006262273171480689,0.8876036732107406,0.9082175956390537,0.8856267791014937,0.9101944897483006,0.9062876882292445,0.2166135845828367,0.005623008483982021,0.8970328811066143,0.9155424953518748,0.8952577920864077,0.9173175843720814,0.9109799794327313,0.2006877850227576,0.005209595326109293,0.9024056014876434,0.9195543573778193,0.900761020034594,0.9211989388308687,0.8295148247978437,0.8752246181491464,0.8821653189577722,0.8850687759380483,0.8861195623347811,0.8295148247978437,0.3236747529200304,0.20215633423180082,0.10404312668463342,0.010626684636118407,0.8058176100628932,0.9221698113207547,0.9555256064690026,0.9803459119496855,0.9986522911051213,0.8816843845231602
