{
  "nDCG@1": 0.8200808625336927,
  "nDCG@1_std": 0.3842495732232496,
  "nDCG@1_stderr": 0.009974621925775567,
  "nDCG@1_ci90_low": 0.8036638142032163,
  "nDCG@1_ci90_high": 0.8364979108641691,
  "nDCG@1_ci95_low": 0.8005149941522429,
  "nDCG@1_ci95_high": 0.8396467309151425,
  "nDCG@3": 0.8779624774107696,
  "nDCG@3_std": 0.2821291343368408,
  "nDCG@3_stderr": 0.00732370741664121,
  "nDCG@3_ci90_low": 0.8659085209288131,
  "nDCG@3_ci90_high": 0.8900164338927261,
  "nDCG@3_ci95_low": 0.8635965499155169,
  "nDCG@3_ci95_high": 0.8923284049060223,
  "nDCG@5": 0.891480541790032,
  "nDCG@5_std": 0.24976932593313228,
  "nDCG@5_stderr": 0.006483688645221538,
  "nDCG@5_ci90_low": 0.8808091568853769,
  "nDCG@5_ci90_high": 0.9021519266946871,
  "nDCG@5_ci95_low": 0.8787623656423339,
  "nDCG@5_ci95_high": 0.9041987179377301,
  "nDCG@10": 0.9006157240061293,
  "nDCG@10_std": 0.22381898571264122,
  "nDCG@10_stderr": 0.00581005137772025,
  "nDCG@10_ci90_low": 0.8910530663956086,
  "nDCG@10_ci90_high": 0.9101783816166501,
  "nDCG@10_ci95_low": 0.8892189310858707,
  "nDCG@10_ci95_high": 0.912012516926388,
  "nDCG@100": 0.9062778433196342,
  "nDCG@100_std": 0.2052619145206256,
  "nDCG@100_stderr": 0.005328333811615072,
  "nDCG@100_ci90_low": 0.8975080358665668,
  "nDCG@100_ci90_high": 0.9150476507727017,
  "nDCG@100_ci95_low": 0.8958259706746083,
  "nDCG@100_ci95_high": 0.9167297159646601,
  "RR@1": 0.8200808625336927,
  "RR@3": 0.8685983827493261,
  "RR@5": 0.8752358490566043,
  "RR@10": 0.8786717045308692,
  "RR@100": 0.8798873600591837,
  "P@1": 0.8200808625336927,
  "P@3": 0.32210242587600524,
  "P@5": 0.20094339622641008,
  "P@10": 0.10350404312668195,
  "P@100": 0.010626684636118407,
  "R@1": 0.796720575022462,
  "R@3": 0.917621293800539,
  "R@5": 0.9497978436657682,
  "R@10": 0.9764150943396226,
  "R@100": 0.9986522911051213,
  "AP": 0.8756822795406272
}