nDCG@1,nDCG@1_std,nDCG@1_stderr,nDCG@1_ci90_low,nDCG@1_ci90_high,nDCG@1_ci95_low,nDCG@1_ci95_high,nDCG@3,nDCG@3_std,nDCG@3_stderr,nDCG@3_ci90_low,nDCG@3_ci90_high,nDCG@3_ci95_low,nDCG@3_ci95_high,nDCG@5,nDCG@5_std,nDCG@5_stderr,nDCG@5_ci90_low,nDCG@5_ci90_high,nDCG@5_ci95_low,nDCG@5_ci95_high,nDCG@10,nDCG@10_std,nDCG@10_stderr,nDCG@10_ci90_low,nDCG@10_ci90_high,nDCG@10_ci95_low,nDCG@10_ci95_high,nDCG@100,nDCG@100_std,nDCG@100_stderr,nDCG@100_ci90_low,nDCG@100_ci90_high,nDCG@100_ci95_low,nDCG@100_ci95_high,RR@1,RR@3,RR@5,RR@10,RR@100,P@1,P@3,P@5,P@10,P@100,R@1,R@3,R@5,R@10,R@100,AP
0.7836927223719676,0.41186496215897694,0.01069148170432134,0.7660958076046341,0.8012896371393011,0.762720687001999,0.8046647577419362,0.8471240218641771,0.31428768309526994,0.008158501747982164,0.833696092615572,0.8605519511127823,0.8311205910997138,0.8631274526286404,0.8620867139049051,0.2844211852112395,0.007383206092762022,0.8499348296369389,0.8742385981728713,0.8476040758942551,0.8765693519155551,0.8753629247476431,0.25125554766193503,0.006522269038996151,0.8646280410764262,0.88609780841886,0.8625690706532202,0.888156778842066,0.8826536777868877,0.23033455939517822,0.005979187243162267,0.8728126425397968,0.8924947130339786,0.8709251138875939,0.8943822416861816,0.7836927223719676,0.8364779874213839,0.8439240790655891,0.8491509968767385,0.8507049170223787,0.7836927223719676,0.3131176999101475,0.19636118598382277,0.10242587601077907,0.010599730458220834,0.7613432165318958,0.8921271338724168,0.9272237196765498,0.9663072776280324,0.9959568733153639,0.8458175603993725
