{
  "nDCG@1": 0.8295148247978437,
  "nDCG@1_std": 0.3761852482226634,
  "nDCG@1_stderr": 0.009765282479298962,
  "nDCG@1_ci90_low": 0.8134423244448099,
  "nDCG@1_ci90_high": 0.8455873251508774,
  "nDCG@1_ci95_low": 0.8103595893293288,
  "nDCG@1_ci95_high": 0.8486700602663585,
  "nDCG@3": 0.883925349762429,
  "nDCG@3_std": 0.27589337851641843,
  "nDCG@3_stderr": 0.007161835260978386,
  "nDCG@3_ci90_low": 0.872137815709578,
  "nDCG@3_ci90_high": 0.8957128838152799,
  "nDCG@3_ci95_low": 0.8698769450079767,
  "nDCG@3_ci95_high": 0.8979737545168812,
  "nDCG@5": 0.8979106344248972,
  "nDCG@5_std": 0.24123979950866786,
  "nDCG@5_stderr": 0.006262273171480689,
  "nDCG@5_ci90_low": 0.8876036732107406,
  "nDCG@5_ci90_high": 0.9082175956390537,
  "nDCG@5_ci95_low": 0.8856267791014937,
  "nDCG@5_ci95_high": 0.9101944897483006,
  "nDCG@10": 0.9062876882292445,
  "nDCG@10_std": 0.2166135845828367,
  "nDCG@10_stderr": 0.005623008483982021,
  "nDCG@10_ci90_low": 0.8970328811066143,
  "nDCG@10_ci90_high": 0.9155424953518748,
  "nDCG@10_ci95_low": 0.8952577920864077,
  "nDCG@10_ci95_high": 0.9173175843720814,
  "nDCG@100": 0.9109799794327313,
  "nDCG@100_std": 0.2006877850227576,
  "nDCG@100_stderr": 0.005209595326109293,
  "nDCG@100_ci90_low": 0.9024056014876434,
  "nDCG@100_ci90_high": 0.9195543573778193,
  "nDCG@100_ci95_low": 0.900761020034594,
  "nDCG@100_ci95_high": 0.9211989388308687,
  "RR@1": 0.8295148247978437,
  "RR@3": 0.8752246181491464,
  "RR@5": 0.8821653189577722,
  "RR@10": 0.8850687759380483,
  "RR@100": 0.8861195623347811,
  "P@1": 0.8295148247978437,
  "P@3": 0.3236747529200304,
  "P@5": 0.20215633423180082,
  "P@10": 0.10404312668463342,
  "P@100": 0.010626684636118407,
  "R@1": 0.8058176100628932,
  "R@3": 0.9221698113207547,
  "R@5": 0.9555256064690026,
  "R@10": 0.9803459119496855,
  "R@100": 0.9986522911051213,
  "AP": 0.8816843845231602
}