nDCG@1,nDCG@1_std,nDCG@1_stderr,nDCG@1_ci90_low,nDCG@1_ci90_high,nDCG@1_ci95_low,nDCG@1_ci95_high,nDCG@3,nDCG@3_std,nDCG@3_stderr,nDCG@3_ci90_low,nDCG@3_ci90_high,nDCG@3_ci95_low,nDCG@3_ci95_high,nDCG@5,nDCG@5_std,nDCG@5_stderr,nDCG@5_ci90_low,nDCG@5_ci90_high,nDCG@5_ci95_low,nDCG@5_ci95_high,nDCG@10,nDCG@10_std,nDCG@10_stderr,nDCG@10_ci90_low,nDCG@10_ci90_high,nDCG@10_ci95_low,nDCG@10_ci95_high,nDCG@100,nDCG@100_std,nDCG@100_stderr,nDCG@100_ci90_low,nDCG@100_ci90_high,nDCG@100_ci95_low,nDCG@100_ci95_high,RR@1,RR@3,RR@5,RR@10,RR@100,P@1,P@3,P@5,P@10,P@100,R@1,R@3,R@5,R@10,R@100,AP
0.8113207547169812,0.3913855010929531,0.010159861383539501,0.7945988241409969,0.8280426852929654,0.7913915271148381,0.8312499823191243,0.8709997407971115,0.2896641170338924,0.007519305821578626,0.8586238524674001,0.8833756291268229,0.8562501343338633,0.8857493472603597,0.8836155147271844,0.2611425482313512,0.006778922785759212,0.8724582093345067,0.894772820119862,0.8703182176485421,0.8969128118058266,0.8946892743642078,0.23081060010504864,0.005991544644271146,0.8848279002959812,0.9045506484324343,0.8829364706204934,0.9064420781079221,0.9006035865980573,0.2116865355998633,0.005495108665115123,0.8915592874549195,0.909647885741195,0.8898245742521786,0.9113825989439359,0.8113207547169812,0.8608490566037738,0.8671159029649601,0.8713764279296631,0.8726588163916518,0.8113207547169812,0.32030548068283377,0.1994609164420436,0.10336927223719408,0.010626684636118407,0.78829739442947,0.9126796945193171,0.9423854447439353,0.9747304582210242,0.9986522911051213,0.868429958776343
