{
  "nDCG@1": 0.14150943396226415,
  "nDCG@3": 0.22247406273730677,
  "nDCG@5": 0.2565110350424053,
  "nDCG@10": 0.28683835908571764,
  "nDCG@100": 0.3492977225422225,
  "RR@1": 0.14150943396226415,
  "RR@3": 0.20462713387241702,
  "RR@5": 0.22393306379155423,
  "RR@10": 0.23653681598425516,
  "RR@100": 0.24808967365598156,
  "P@1": 0.14150943396226415,
  "P@3": 0.09591194968553439,
  "P@5": 0.07466307277628102,
  "P@10": 0.04710242587601099,
  "P@100": 0.007964959568733018,
  "R@1": 0.1385893980233603,
  "R@3": 0.2813342318059299,
  "R@5": 0.3634321653189577,
  "R@10": 0.4570979335130278,
  "R@100": 0.7573000898472597,
  "AP": 0.24458022069996138
}