nDCG@1,nDCG@3,nDCG@5,nDCG@10,nDCG@100,RR@1,RR@3,RR@5,RR@10,RR@100,P@1,P@3,P@5,P@10,P@100,R@1,R@3,R@5,R@10,R@100,AP
0.1765498652291105,0.2663668658412953,0.3020984613920376,0.3360331273969149,0.40000379321259477,0.1765498652291105,0.24842767295597454,0.26823899371069126,0.2823444786719716,0.2943386221726707,0.1765498652291105,0.11433063791554388,0.08625336927223806,0.0541778975741238,0.008699460916441897,0.17042902066486973,0.3318171608265948,0.41840745732255163,0.5210579514824798,0.8253032345013477,0.28877568976221385
