{
  "nDCG@1": 0.1711590296495957,
  "nDCG@1_std": 0.3767748347601861,
  "nDCG@1_stderr": 0.009780587383231539,
  "nDCG@1_ci90_low": 0.15506133923427948,
  "nDCG@1_ci90_high": 0.18725672006491192,
  "nDCG@1_ci95_low": 0.1519737726185431,
  "nDCG@1_ci95_high": 0.1903442866806483,
  "nDCG@3": 0.2615013955366787,
  "nDCG@3_std": 0.3896044090952771,
  "nDCG@3_stderr": 0.010113626538975287,
  "nDCG@3_ci90_low": 0.2448555620482243,
  "nDCG@3_ci90_high": 0.2781472290251331,
  "nDCG@3_ci95_low": 0.24166286058335093,
  "nDCG@3_ci95_high": 0.2813399304900065,
  "nDCG@5": 0.2993357285313339,
  "nDCG@5_std": 0.3825093679907246,
  "nDCG@5_stderr": 0.00992944844875102,
  "nDCG@5_ci90_low": 0.28299303040290885,
  "nDCG@5_ci90_high": 0.3156784266597589,
  "nDCG@5_ci95_low": 0.2798584708573747,
  "nDCG@5_ci95_high": 0.3188129862052931,
  "nDCG@10": 0.3333834001699019,
  "nDCG@10_std": 0.369168915497189,
  "nDCG@10_stderr": 0.00958314755679277,
  "nDCG@10_ci90_low": 0.31761067236440954,
  "nDCG@10_ci90_high": 0.3491561279753943,
  "nDCG@10_ci95_low": 0.31458543417465035,
  "nDCG@10_ci95_high": 0.3521813661651535,
  "nDCG@100": 0.39691147291861917,
  "nDCG@100_std": 0.3241261456779692,
  "nDCG@100_stderr": 0.008413895511389933,
  "nDCG@100_ci90_low": 0.3830631957321806,
  "nDCG@100_ci90_high": 0.4107597501050577,
  "nDCG@100_ci95_low": 0.3804070707090761,
  "nDCG@100_ci95_high": 0.41341587512816225,
  "RR@1": 0.1711590296495957,
  "RR@3": 0.24337376460017943,
  "RR@5": 0.264398023360287,
  "RR@10": 0.2784532366405678,
  "RR@100": 0.2904184275705988,
  "P@1": 0.1711590296495957,
  "P@3": 0.11253369272237222,
  "P@5": 0.08625336927223806,
  "P@10": 0.0541778975741238,
  "P@100": 0.00868598382749311,
  "R@1": 0.1653751123090746,
  "R@3": 0.3267632524707997,
  "R@5": 0.41840745732255163,
  "R@10": 0.5217318059299192,
  "R@100": 0.823955525606469,
  "AP": 0.28511419994405063
}