nDCG@1,nDCG@1_std,nDCG@1_stderr,nDCG@1_ci90_low,nDCG@1_ci90_high,nDCG@1_ci95_low,nDCG@1_ci95_high,nDCG@3,nDCG@3_std,nDCG@3_stderr,nDCG@3_ci90_low,nDCG@3_ci90_high,nDCG@3_ci95_low,nDCG@3_ci95_high,nDCG@5,nDCG@5_std,nDCG@5_stderr,nDCG@5_ci90_low,nDCG@5_ci90_high,nDCG@5_ci95_low,nDCG@5_ci95_high,nDCG@10,nDCG@10_std,nDCG@10_stderr,nDCG@10_ci90_low,nDCG@10_ci90_high,nDCG@10_ci95_low,nDCG@10_ci95_high,nDCG@100,nDCG@100_std,nDCG@100_stderr,nDCG@100_ci90_low,nDCG@100_ci90_high,nDCG@100_ci95_low,nDCG@100_ci95_high,RR@1,RR@3,RR@5,RR@10,RR@100,P@1,P@3,P@5,P@10,P@100,R@1,R@3,R@5,R@10,R@100,AP
0.16913746630727763,0.3749996592103404,0.009734506122000565,0.15311562019948383,0.18515931241507144,0.15004260066136282,0.18823233195319244,0.2552727490003285,0.38822530741672473,0.010077826843154232,0.23868583757838285,0.2718596604222741,0.2355044374741885,0.27504106052646843,0.29357358043084614,0.3818962522458314,0.00991353275702819,0.2772570776491892,0.30989008321250305,0.2741275424193229,0.31301961844236936,0.3296276340356298,0.3677918084003198,0.009547399637732384,0.31391374307822,0.34534152499303955,0.31089978990408906,0.3483554781671705,0.39151766604981575,0.3240985230606326,0.00841317846397145,0.3776705690386472,0.4053647630609843,0.37501467037532915,0.40802066172430235,0.16913746630727763,0.2378706199460916,0.2593328840970347,0.2742344264749925,0.2854156153000142,0.16913746630727763,0.10938903863432181,0.08463611859838359,0.05384097035040415,0.00864555256064675,0.16357816711590298,0.3176662174303684,0.40964734950584003,0.520159478885894,0.8192946990116803,0.2801826834264338
