nDCG@1,nDCG@3,nDCG@5,nDCG@10,nDCG@100,RR@1,RR@3,RR@5,RR@10,RR@100,P@1,P@3,P@5,P@10,P@100,R@1,R@3,R@5,R@10,R@100,AP
0.16913746630727763,0.2552727490003285,0.29357358043084614,0.3296276340356298,0.39151766604981575,0.16913746630727763,0.2378706199460916,0.2593328840970347,0.2742344264749925,0.2854156153000142,0.16913746630727763,0.10938903863432181,0.08463611859838359,0.05384097035040415,0.00864555256064675,0.16357816711590298,0.3176662174303684,0.40964734950584003,0.520159478885894,0.8192946990116803,0.2801826834264338
