nDCG@1,nDCG@3,nDCG@5,nDCG@10,nDCG@100,RR@1,RR@3,RR@5,RR@10,RR@100,P@1,P@3,P@5,P@10,P@100,R@1,R@3,R@5,R@10,R@100,AP
0.14150943396226415,0.22247406273730677,0.2565110350424053,0.28683835908571764,0.3492977225422225,0.14150943396226415,0.20462713387241702,0.22393306379155423,0.23653681598425516,0.24808967365598156,0.14150943396226415,0.09591194968553439,0.07466307277628102,0.04710242587601099,0.007964959568733018,0.1385893980233603,0.2813342318059299,0.3634321653189577,0.4570979335130278,0.7573000898472597,0.24458022069996138
