{
  "nDCG@1": 0.1765498652291105,
  "nDCG@3": 0.2663668658412953,
  "nDCG@5": 0.3020984613920376,
  "nDCG@10": 0.3360331273969149,
  "nDCG@100": 0.40000379321259477,
  "RR@1": 0.1765498652291105,
  "RR@3": 0.24842767295597454,
  "RR@5": 0.26823899371069126,
  "RR@10": 0.2823444786719716,
  "RR@100": 0.2943386221726707,
  "P@1": 0.1765498652291105,
  "P@3": 0.11433063791554388,
  "P@5": 0.08625336927223806,
  "P@10": 0.0541778975741238,
  "P@100": 0.008699460916441897,
  "R@1": 0.17042902066486973,
  "R@3": 0.3318171608265948,
  "R@5": 0.41840745732255163,
  "R@10": 0.5210579514824798,
  "R@100": 0.8253032345013477,
  "AP": 0.28877568976221385
}