{
  "nDCG@1": 0.14622641509433962,
  "nDCG@3": 0.21376872793954219,
  "nDCG@5": 0.23818033547966072,
  "nDCG@10": 0.2622157794480784,
  "nDCG@100": 0.32818240667556664,
  "RR@1": 0.14622641509433962,
  "RR@3": 0.1993486073674755,
  "RR@5": 0.21312893081760992,
  "RR@10": 0.2231501091002436,
  "RR@100": 0.23585154489675242,
  "P@1": 0.14622641509433962,
  "P@3": 0.09052111410601939,
  "P@5": 0.06671159029649654,
  "P@10": 0.04097035040431307,
  "P@100": 0.007459568733153511,
  "R@1": 0.14229559748427675,
  "R@3": 0.26482479784366575,
  "R@5": 0.32434860736747534,
  "R@10": 0.39779874213836475,
  "R@100": 0.71170260557053,
  "AP": 0.23155469041646956
}