{
  "nDCG@1": 0.14150943396226415,
  "nDCG@1_std": 0.34866378094505684,
  "nDCG@1_stderr": 0.009050860785518094,
  "nDCG@1_ci90_low": 0.12661278724683375,
  "nDCG@1_ci90_high": 0.15640608067769454,
  "nDCG@1_ci95_low": 0.12375558302074055,
  "nDCG@1_ci95_high": 0.15926328490378774,
  "nDCG@3": 0.22247406273730677,
  "nDCG@3_std": 0.37050248134078084,
  "nDCG@3_stderr": 0.009617765201235093,
  "nDCG@3_ci90_low": 0.20664435838211398,
  "nDCG@3_ci90_high": 0.23830376709249956,
  "nDCG@3_ci95_low": 0.20360819198537627,
  "nDCG@3_ci95_high": 0.24133993348923727,
  "nDCG@5": 0.2565110350424053,
  "nDCG@5_std": 0.367205694099242,
  "nDCG@5_stderr": 0.009532184868566863,
  "nDCG@5_ci90_low": 0.2408221857961086,
  "nDCG@5_ci90_high": 0.272199884288702,
  "nDCG@5_ci95_low": 0.23781303566820594,
  "nDCG@5_ci95_high": 0.27520903441660466,
  "nDCG@10": 0.28683835908571764,
  "nDCG@10_std": 0.3579726143984158,
  "nDCG@10_stderr": 0.009292506061759742,
  "nDCG@10_ci90_low": 0.2715439928167632,
  "nDCG@10_ci90_high": 0.30213272535467206,
  "nDCG@10_ci95_low": 0.2686105052491344,
  "nDCG@10_ci95_high": 0.3050662129223009,
  "nDCG@100": 0.3492977225422225,
  "nDCG@100_std": 0.32036366727776233,
  "nDCG@100_stderr": 0.00831622643857575,
  "nDCG@100_ci90_low": 0.3356101971016361,
  "nDCG@100_ci90_high": 0.36298524798280896,
  "nDCG@100_ci95_low": 0.3329849045589129,
  "nDCG@100_ci95_high": 0.36561054052553216,
  "RR@1": 0.14150943396226415,
  "RR@3": 0.20462713387241702,
  "RR@5": 0.22393306379155423,
  "RR@10": 0.23653681598425516,
  "RR@100": 0.24808967365598156,
  "P@1": 0.14150943396226415,
  "P@3": 0.09591194968553439,
  "P@5": 0.07466307277628102,
  "P@10": 0.04710242587601099,
  "P@100": 0.007964959568733018,
  "R@1": 0.1385893980233603,
  "R@3": 0.2813342318059299,
  "R@5": 0.3634321653189577,
  "R@10": 0.4570979335130278,
  "R@100": 0.7573000898472597,
  "AP": 0.24458022069996138
}