nDCG@1,nDCG@1_std,nDCG@1_stderr,nDCG@1_ci90_low,nDCG@1_ci90_high,nDCG@1_ci95_low,nDCG@1_ci95_high,nDCG@3,nDCG@3_std,nDCG@3_stderr,nDCG@3_ci90_low,nDCG@3_ci90_high,nDCG@3_ci95_low,nDCG@3_ci95_high,nDCG@5,nDCG@5_std,nDCG@5_stderr,nDCG@5_ci90_low,nDCG@5_ci90_high,nDCG@5_ci95_low,nDCG@5_ci95_high,nDCG@10,nDCG@10_std,nDCG@10_stderr,nDCG@10_ci90_low,nDCG@10_ci90_high,nDCG@10_ci95_low,nDCG@10_ci95_high,nDCG@100,nDCG@100_std,nDCG@100_stderr,nDCG@100_ci90_low,nDCG@100_ci90_high,nDCG@100_ci95_low,nDCG@100_ci95_high,RR@1,RR@3,RR@5,RR@10,RR@100,P@1,P@3,P@5,P@10,P@100,R@1,R@3,R@5,R@10,R@100,AP
0.15431266846361186,0.3613699853325957,0.00938069741699223,0.1388731496513374,0.1697521872758863,0.1359118215590506,0.17271351536817312,0.2389762244588469,0.37862329043574167,0.009828570901744152,0.22279955884543798,0.25515289007225583,0.219696844641519,0.2582556042761748,0.27390036617543323,0.37426998942862255,0.00971556483823479,0.25790969518117635,0.2898910371696901,0.2548426550871442,0.29295807726372225,0.30940990000729784,0.3620411740265015,0.00939812060735886,0.29394170468372816,0.32487809533086753,0.2909748763838559,0.3278449236307398,0.3708166087391375,0.32185405701370784,0.008354915028424816,0.35706540645404344,0.3845678110242316,0.35442790057547985,0.3872053169027952,0.15431266846361186,0.22091194968553454,0.24075696316262318,0.2557093120266974,0.2672262848209786,0.15431266846361186,0.10354896675651394,0.07951482479784443,0.05101078167115903,0.008274932614555114,0.15021338724168914,0.3014937106918239,0.38505166217430364,0.49286837376460013,0.7861073674752921,0.2625852257061673
