nDCG@1,nDCG@3,nDCG@5,nDCG@10,nDCG@100,RR@1,RR@3,RR@5,RR@10,RR@100,P@1,P@3,P@5,P@10,P@100,R@1,R@3,R@5,R@10,R@100,AP
0.14622641509433962,0.21376872793954219,0.23818033547966072,0.2622157794480784,0.32818240667556664,0.14622641509433962,0.1993486073674755,0.21312893081760992,0.2231501091002436,0.23585154489675242,0.14622641509433962,0.09052111410601939,0.06671159029649654,0.04097035040431307,0.007459568733153511,0.14229559748427675,0.26482479784366575,0.32434860736747534,0.39779874213836475,0.71170260557053,0.23155469041646956
