nDCG@1,nDCG@1_std,nDCG@1_stderr,nDCG@1_ci90_low,nDCG@1_ci90_high,nDCG@1_ci95_low,nDCG@1_ci95_high,nDCG@3,nDCG@3_std,nDCG@3_stderr,nDCG@3_ci90_low,nDCG@3_ci90_high,nDCG@3_ci95_low,nDCG@3_ci95_high,nDCG@5,nDCG@5_std,nDCG@5_stderr,nDCG@5_ci90_low,nDCG@5_ci90_high,nDCG@5_ci95_low,nDCG@5_ci95_high,nDCG@10,nDCG@10_std,nDCG@10_stderr,nDCG@10_ci90_low,nDCG@10_ci90_high,nDCG@10_ci95_low,nDCG@10_ci95_high,nDCG@100,nDCG@100_std,nDCG@100_stderr,nDCG@100_ci90_low,nDCG@100_ci90_high,nDCG@100_ci95_low,nDCG@100_ci95_high,RR@1,RR@3,RR@5,RR@10,RR@100,P@1,P@3,P@5,P@10,P@100,R@1,R@3,R@5,R@10,R@100,AP
0.1765498652291105,0.381415837822522,0.00990106181997547,0.1602538881353287,0.1928458423228923,0.15712828977013138,0.19597144068808964,0.2663668658412953,0.3922953795175658,0.010183480650589823,0.2496060607443938,0.28312767093819685,0.24639130751365584,0.2863424241689348,0.3020984613920376,0.38533602664703726,0.010002824851419288,0.28563499438055256,0.31856192840352265,0.2824772711412254,0.3217196516428498,0.3360331273969149,0.3718815081302847,0.009653562953033311,0.320144504174845,0.35192175061898473,0.3170970370311235,0.35496921776270624,0.40000379321259477,0.32651336214806825,0.008475864563286285,0.3860535222937074,0.41395406413148217,0.38337783468521336,0.4166297517399762,0.1765498652291105,0.24842767295597454,0.26823899371069126,0.2823444786719716,0.2943386221726707,0.1765498652291105,0.11433063791554388,0.08625336927223806,0.0541778975741238,0.008699460916441897,0.17042902066486973,0.3318171608265948,0.41840745732255163,0.5210579514824798,0.8253032345013477,0.28877568976221385
