nDCG@1,nDCG@3,nDCG@5,nDCG@10,nDCG@100,RR@1,RR@3,RR@5,RR@10,RR@100,P@1,P@3,P@5,P@10,P@100,R@1,R@3,R@5,R@10,R@100,AP
0.14285714285714285,0.21492148642335188,0.24196340341571945,0.26944019793890234,0.3343478885415424,0.14285714285714285,0.19957322551662188,0.21517295597484262,0.22649879134043535,0.23887282639617496,0.14285714285714285,0.09141958670260522,0.06846361185983889,0.04292452830188722,0.007628032345013347,0.13960017969451932,0.26785714285714285,0.33277178796046725,0.41700359389038627,0.7267520215633423,0.23479915668672974
