{
  "nDCG@1": 0.16913746630727763,
  "nDCG@1_std": 0.3749996592103404,
  "nDCG@1_stderr": 0.009734506122000565,
  "nDCG@1_ci90_low": 0.15311562019948383,
  "nDCG@1_ci90_high": 0.18515931241507144,
  "nDCG@1_ci95_low": 0.15004260066136282,
  "nDCG@1_ci95_high": 0.18823233195319244,
  "nDCG@3": 0.2552727490003285,
  "nDCG@3_std": 0.38822530741672473,
  "nDCG@3_stderr": 0.010077826843154232,
  "nDCG@3_ci90_low": 0.23868583757838285,
  "nDCG@3_ci90_high": 0.2718596604222741,
  "nDCG@3_ci95_low": 0.2355044374741885,
  "nDCG@3_ci95_high": 0.27504106052646843,
  "nDCG@5": 0.29357358043084614,
  "nDCG@5_std": 0.3818962522458314,
  "nDCG@5_stderr": 0.00991353275702819,
  "nDCG@5_ci90_low": 0.2772570776491892,
  "nDCG@5_ci90_high": 0.30989008321250305,
  "nDCG@5_ci95_low": 0.2741275424193229,
  "nDCG@5_ci95_high": 0.31301961844236936,
  "nDCG@10": 0.3296276340356298,
  "nDCG@10_std": 0.3677918084003198,
  "nDCG@10_stderr": 0.009547399637732384,
  "nDCG@10_ci90_low": 0.31391374307822,
  "nDCG@10_ci90_high": 0.34534152499303955,
  "nDCG@10_ci95_low": 0.31089978990408906,
  "nDCG@10_ci95_high": 0.3483554781671705,
  "nDCG@100": 0.39151766604981575,
  "nDCG@100_std": 0.3240985230606326,
  "nDCG@100_stderr": 0.00841317846397145,
  "nDCG@100_ci90_low": 0.3776705690386472,
  "nDCG@100_ci90_high": 0.4053647630609843,
  "nDCG@100_ci95_low": 0.37501467037532915,
  "nDCG@100_ci95_high": 0.40802066172430235,
  "RR@1": 0.16913746630727763,
  "RR@3": 0.2378706199460916,
  "RR@5": 0.2593328840970347,
  "RR@10": 0.2742344264749925,
  "RR@100": 0.2854156153000142,
  "P@1": 0.16913746630727763,
  "P@3": 0.10938903863432181,
  "P@5": 0.08463611859838359,
  "P@10": 0.05384097035040415,
  "P@100": 0.00864555256064675,
  "R@1": 0.16357816711590298,
  "R@3": 0.3176662174303684,
  "R@5": 0.40964734950584003,
  "R@10": 0.520159478885894,
  "R@100": 0.8192946990116803,
  "AP": 0.2801826834264338
}