nDCG@1,nDCG@1_std,nDCG@1_stderr,nDCG@1_ci90_low,nDCG@1_ci90_high,nDCG@1_ci95_low,nDCG@1_ci95_high,nDCG@3,nDCG@3_std,nDCG@3_stderr,nDCG@3_ci90_low,nDCG@3_ci90_high,nDCG@3_ci95_low,nDCG@3_ci95_high,nDCG@5,nDCG@5_std,nDCG@5_stderr,nDCG@5_ci90_low,nDCG@5_ci90_high,nDCG@5_ci95_low,nDCG@5_ci95_high,nDCG@10,nDCG@10_std,nDCG@10_stderr,nDCG@10_ci90_low,nDCG@10_ci90_high,nDCG@10_ci95_low,nDCG@10_ci95_high,nDCG@100,nDCG@100_std,nDCG@100_stderr,nDCG@100_ci90_low,nDCG@100_ci90_high,nDCG@100_ci95_low,nDCG@100_ci95_high,RR@1,RR@3,RR@5,RR@10,RR@100,P@1,P@3,P@5,P@10,P@100,R@1,R@3,R@5,R@10,R@100,AP
0.14285714285714285,0.3500450656992924,0.009086717151160257,0.12790148080337851,0.15781280491090718,0.12503295732689876,0.16068132838738694,0.21492148642335188,0.368901861937429,0.009576215191793134,0.19916016847099383,0.23068280437570993,0.19613711871204176,0.233705854134662,0.24196340341571945,0.3669483175414651,0.009525503706022306,0.2262855505730172,0.2576412562584217,0.2232785095755398,0.2606482972558991,0.26944019793890234,0.36011598704851105,0.009348145243480646,0.25405425615538935,0.28482613972241533,0.25110320423571525,0.2877771916420894,0.3343478885415424,0.32450435135385725,0.008423713241558169,0.32048345253205607,0.34821232455102874,0.31782422821698453,0.3508715488661003,0.14285714285714285,0.19957322551662188,0.21517295597484262,0.22649879134043535,0.23887282639617496,0.14285714285714285,0.09141958670260522,0.06846361185983889,0.04292452830188722,0.007628032345013347,0.13960017969451932,0.26785714285714285,0.33277178796046725,0.41700359389038627,0.7267520215633423,0.23479915668672974
