{
  "nDCG@1": 0.14285714285714285,
  "nDCG@3": 0.21492148642335188,
  "nDCG@5": 0.24196340341571945,
  "nDCG@10": 0.26944019793890234,
  "nDCG@100": 0.3343478885415424,
  "RR@1": 0.14285714285714285,
  "RR@3": 0.19957322551662188,
  "RR@5": 0.21517295597484262,
  "RR@10": 0.22649879134043535,
  "RR@100": 0.23887282639617496,
  "P@1": 0.14285714285714285,
  "P@3": 0.09141958670260522,
  "P@5": 0.06846361185983889,
  "P@10": 0.04292452830188722,
  "P@100": 0.007628032345013347,
  "R@1": 0.13960017969451932,
  "R@3": 0.26785714285714285,
  "R@5": 0.33277178796046725,
  "R@10": 0.41700359389038627,
  "R@100": 0.7267520215633423,
  "AP": 0.23479915668672974
}