{
  "nDCG@1": 0.14285714285714285,
  "nDCG@1_std": 0.3500450656992924,
  "nDCG@1_stderr": 0.009086717151160257,
  "nDCG@1_ci90_low": 0.12790148080337851,
  "nDCG@1_ci90_high": 0.15781280491090718,
  "nDCG@1_ci95_low": 0.12503295732689876,
  "nDCG@1_ci95_high": 0.16068132838738694,
  "nDCG@3": 0.21492148642335188,
  "nDCG@3_std": 0.368901861937429,
  "nDCG@3_stderr": 0.009576215191793134,
  "nDCG@3_ci90_low": 0.19916016847099383,
  "nDCG@3_ci90_high": 0.23068280437570993,
  "nDCG@3_ci95_low": 0.19613711871204176,
  "nDCG@3_ci95_high": 0.233705854134662,
  "nDCG@5": 0.24196340341571945,
  "nDCG@5_std": 0.3669483175414651,
  "nDCG@5_stderr": 0.009525503706022306,
  "nDCG@5_ci90_low": 0.2262855505730172,
  "nDCG@5_ci90_high": 0.2576412562584217,
  "nDCG@5_ci95_low": 0.2232785095755398,
  "nDCG@5_ci95_high": 0.2606482972558991,
  "nDCG@10": 0.26944019793890234,
  "nDCG@10_std": 0.36011598704851105,
  "nDCG@10_stderr": 0.009348145243480646,
  "nDCG@10_ci90_low": 0.25405425615538935,
  "nDCG@10_ci90_high": 0.28482613972241533,
  "nDCG@10_ci95_low": 0.25110320423571525,
  "nDCG@10_ci95_high": 0.2877771916420894,
  "nDCG@100": 0.3343478885415424,
  "nDCG@100_std": 0.32450435135385725,
  "nDCG@100_stderr": 0.008423713241558169,
  "nDCG@100_ci90_low": 0.32048345253205607,
  "nDCG@100_ci90_high": 0.34821232455102874,
  "nDCG@100_ci95_low": 0.31782422821698453,
  "nDCG@100_ci95_high": 0.3508715488661003,
  "RR@1": 0.14285714285714285,
  "RR@3": 0.19957322551662188,
  "RR@5": 0.21517295597484262,
  "RR@10": 0.22649879134043535,
  "RR@100": 0.23887282639617496,
  "P@1": 0.14285714285714285,
  "P@3": 0.09141958670260522,
  "P@5": 0.06846361185983889,
  "P@10": 0.04292452830188722,
  "P@100": 0.007628032345013347,
  "R@1": 0.13960017969451932,
  "R@3": 0.26785714285714285,
  "R@5": 0.33277178796046725,
  "R@10": 0.41700359389038627,
  "R@100": 0.7267520215633423,
  "AP": 0.23479915668672974
}