{
  "nDCG@1": 0.16913746630727763,
  "nDCG@3": 0.2552727490003285,
  "nDCG@5": 0.29357358043084614,
  "nDCG@10": 0.3296276340356298,
  "nDCG@100": 0.39151766604981575,
  "RR@1": 0.16913746630727763,
  "RR@3": 0.2378706199460916,
  "RR@5": 0.2593328840970347,
  "RR@10": 0.2742344264749925,
  "RR@100": 0.2854156153000142,
  "P@1": 0.16913746630727763,
  "P@3": 0.10938903863432181,
  "P@5": 0.08463611859838359,
  "P@10": 0.05384097035040415,
  "P@100": 0.00864555256064675,
  "R@1": 0.16357816711590298,
  "R@3": 0.3176662174303684,
  "R@5": 0.40964734950584003,
  "R@10": 0.520159478885894,
  "R@100": 0.8192946990116803,
  "AP": 0.2801826834264338
}