{
  "nDCG@1": 0.1765498652291105,
  "nDCG@1_std": 0.381415837822522,
  "nDCG@1_stderr": 0.00990106181997547,
  "nDCG@1_ci90_low": 0.1602538881353287,
  "nDCG@1_ci90_high": 0.1928458423228923,
  "nDCG@1_ci95_low": 0.15712828977013138,
  "nDCG@1_ci95_high": 0.19597144068808964,
  "nDCG@3": 0.2663668658412953,
  "nDCG@3_std": 0.3922953795175658,
  "nDCG@3_stderr": 0.010183480650589823,
  "nDCG@3_ci90_low": 0.2496060607443938,
  "nDCG@3_ci90_high": 0.28312767093819685,
  "nDCG@3_ci95_low": 0.24639130751365584,
  "nDCG@3_ci95_high": 0.2863424241689348,
  "nDCG@5": 0.3020984613920376,
  "nDCG@5_std": 0.38533602664703726,
  "nDCG@5_stderr": 0.010002824851419288,
  "nDCG@5_ci90_low": 0.28563499438055256,
  "nDCG@5_ci90_high": 0.31856192840352265,
  "nDCG@5_ci95_low": 0.2824772711412254,
  "nDCG@5_ci95_high": 0.3217196516428498,
  "nDCG@10": 0.3360331273969149,
  "nDCG@10_std": 0.3718815081302847,
  "nDCG@10_stderr": 0.009653562953033311,
  "nDCG@10_ci90_low": 0.320144504174845,
  "nDCG@10_ci90_high": 0.35192175061898473,
  "nDCG@10_ci95_low": 0.3170970370311235,
  "nDCG@10_ci95_high": 0.35496921776270624,
  "nDCG@100": 0.40000379321259477,
  "nDCG@100_std": 0.32651336214806825,
  "nDCG@100_stderr": 0.008475864563286285,
  "nDCG@100_ci90_low": 0.3860535222937074,
  "nDCG@100_ci90_high": 0.41395406413148217,
  "nDCG@100_ci95_low": 0.38337783468521336,
  "nDCG@100_ci95_high": 0.4166297517399762,
  "RR@1": 0.1765498652291105,
  "RR@3": 0.24842767295597454,
  "RR@5": 0.26823899371069126,
  "RR@10": 0.2823444786719716,
  "RR@100": 0.2943386221726707,
  "P@1": 0.1765498652291105,
  "P@3": 0.11433063791554388,
  "P@5": 0.08625336927223806,
  "P@10": 0.0541778975741238,
  "P@100": 0.008699460916441897,
  "R@1": 0.17042902066486973,
  "R@3": 0.3318171608265948,
  "R@5": 0.41840745732255163,
  "R@10": 0.5210579514824798,
  "R@100": 0.8253032345013477,
  "AP": 0.28877568976221385
}