{
  "nDCG@1": 0.1711590296495957,
  "nDCG@3": 0.2615013955366787,
  "nDCG@5": 0.2993357285313339,
  "nDCG@10": 0.3333834001699019,
  "nDCG@100": 0.39691147291861917,
  "RR@1": 0.1711590296495957,
  "RR@3": 0.24337376460017943,
  "RR@5": 0.264398023360287,
  "RR@10": 0.2784532366405678,
  "RR@100": 0.2904184275705988,
  "P@1": 0.1711590296495957,
  "P@3": 0.11253369272237222,
  "P@5": 0.08625336927223806,
  "P@10": 0.0541778975741238,
  "P@100": 0.00868598382749311,
  "R@1": 0.1653751123090746,
  "R@3": 0.3267632524707997,
  "R@5": 0.41840745732255163,
  "R@10": 0.5217318059299192,
  "R@100": 0.823955525606469,
  "AP": 0.28511419994405063
}