{
  "nDCG@1": 0.14150943396226415,
  "nDCG@1_std": 0.34866378094505684,
  "nDCG@1_stderr": 0.009050860785518094,
  "nDCG@1_ci90_low": 0.12661278724683375,
  "nDCG@1_ci90_high": 0.15640608067769454,
  "nDCG@1_ci95_low": 0.12375558302074055,
  "nDCG@1_ci95_high": 0.15926328490378774,
  "nDCG@3": 0.21427429634369374,
  "nDCG@3_std": 0.3664778385884725,
  "nDCG@3_stderr": 0.0095132906809283,
  "nDCG@3_ci90_low": 0.19861654469627704,
  "nDCG@3_ci90_high": 0.22993204799111044,
  "nDCG@3_ci95_low": 0.19561335914500955,
  "nDCG@3_ci95_high": 0.23293523354237794,
  "nDCG@5": 0.2418949885834388,
  "nDCG@5_std": 0.3650022650342172,
  "nDCG@5_stderr": 0.009474986699992404,
  "nDCG@5_ci90_low": 0.22630028075973327,
  "nDCG@5_ci90_high": 0.2574896964071443,
  "nDCG@5_ci95_low": 0.2233091871297537,
  "nDCG@5_ci95_high": 0.26048079003712393,
  "nDCG@10": 0.2721230580642724,
  "nDCG@10_std": 0.3571614765251061,
  "nDCG@10_stderr": 0.009271449971708496,
  "nDCG@10_ci90_low": 0.25686334762995455,
  "nDCG@10_ci90_high": 0.28738276849859024,
  "nDCG@10_ci95_low": 0.2539365071151205,
  "nDCG@10_ci95_high": 0.2903096090134243,
  "nDCG@100": 0.33328095910276834,
  "nDCG@100_std": 0.32344557525209544,
  "nDCG@100_stderr": 0.00839622878339591,
  "nDCG@100_ci90_low": 0.3194617592617648,
  "nDCG@100_ci90_high": 0.3471001589437719,
  "nDCG@100_ci95_low": 0.31681121132697065,
  "nDCG@100_ci95_high": 0.349750706878566,
  "RR@1": 0.14150943396226415,
  "RR@3": 0.19889937106918237,
  "RR@5": 0.21392632524707955,
  "RR@10": 0.22669212339023612,
  "RR@100": 0.2382622242736045,
  "P@1": 0.14150943396226415,
  "P@3": 0.09209344115004459,
  "P@5": 0.0692722371967661,
  "P@10": 0.04440700808625372,
  "P@100": 0.0075741239892182,
  "R@1": 0.13707322551662174,
  "R@3": 0.2694856244384546,
  "R@5": 0.3365902964959569,
  "R@10": 0.42890835579514824,
  "R@100": 0.7200134770889488,
  "AP": 0.2332173704824208
}