nDCG@1,nDCG@3,nDCG@5,nDCG@10,nDCG@100,RR@1,RR@3,RR@5,RR@10,RR@100,P@1,P@3,P@5,P@10,P@100,R@1,R@3,R@5,R@10,R@100,AP
0.14016172506738545,0.2088262946976095,0.2380781453875293,0.2675906022561199,0.3309200730666352,0.13881401617250674,0.1931716082659479,0.209445193171608,0.2216973109998714,0.23339406570369214,0.14016172506738545,0.08849955076370129,0.06778975741239951,0.04359838274932654,0.007621293800538953,0.1370170709793351,0.2585354896675651,0.32945867026055703,0.4202044025157232,0.726190476190476,0.23045257130954136
