nDCG@1,nDCG@3,nDCG@5,nDCG@10,nDCG@100,RR@1,RR@3,RR@5,RR@10,RR@100,P@1,P@3,P@5,P@10,P@100,R@1,R@3,R@5,R@10,R@100,AP
0.14555256064690028,0.21956442370141782,0.24644072662750485,0.27736163840246214,0.34003217751946047,0.14487870619946092,0.20395327942497748,0.2187780772686429,0.23192358704488056,0.24378366265799695,0.14555256064690028,0.0936657681940698,0.06994609164420547,0.04487870619946124,0.007695417789757281,0.1412848158131177,0.2738656783468104,0.3389487870619946,0.4329514824797844,0.7309636118598383,0.23909612642243486
