{
  "nDCG@1": 0.10107816711590296,
  "nDCG@1_std": 0.3015338121565214,
  "nDCG@1_stderr": 0.007827427754491375,
  "nDCG@1_ci90_low": 0.08819514651572057,
  "nDCG@1_ci90_high": 0.11396118771608536,
  "nDCG@1_ci95_low": 0.08572415948039276,
  "nDCG@1_ci95_high": 0.11643217475141317,
  "nDCG@3": 0.16056998067991957,
  "nDCG@3_std": 0.32838502352687404,
  "nDCG@3_stderr": 0.008524450471840611,
  "nDCG@3_ci90_low": 0.146539743100155,
  "nDCG@3_ci90_high": 0.17460021825968414,
  "nDCG@3_ci95_low": 0.1438487177390936,
  "nDCG@3_ci95_high": 0.17729124362074553,
  "nDCG@5": 0.1852950032592507,
  "nDCG@5_std": 0.3309342828171956,
  "nDCG@5_stderr": 0.008590625945760929,
  "nDCG@5_ci90_low": 0.1711558486737363,
  "nDCG@5_ci90_high": 0.1994341578447651,
  "nDCG@5_ci95_low": 0.16844393283073847,
  "nDCG@5_ci95_high": 0.2021460736877629,
  "nDCG@10": 0.21457670374501114,
  "nDCG@10_std": 0.32823188529250524,
  "nDCG@10_stderr": 0.008520475201348061,
  "nDCG@10_ci90_low": 0.20055300899045725,
  "nDCG@10_ci90_high": 0.22860039849956504,
  "nDCG@10_ci95_low": 0.1978632385552996,
  "nDCG@10_ci95_high": 0.23129016893472268,
  "nDCG@100": 0.2778981219914256,
  "nDCG@100_std": 0.3009510812318263,
  "nDCG@100_stderr": 0.007812300813400632,
  "nDCG@100_ci90_low": 0.26503999854772964,
  "nDCG@100_ci90_high": 0.2907562454351216,
  "nDCG@100_ci95_low": 0.262573786832787,
  "nDCG@100_ci95_high": 0.29322245715006423,
  "RR@1": 0.10040431266846361,
  "RR@3": 0.14813566936208458,
  "RR@5": 0.16181491464510336,
  "RR@10": 0.17435475762632086,
  "RR@100": 0.18590322445913815,
  "P@1": 0.10107816711590296,
  "P@3": 0.069856244384546,
  "P@5": 0.05431266846361226,
  "P@10": 0.03659029649595721,
  "P@100": 0.006913746630727647,
  "R@1": 0.09793351302785264,
  "R@3": 0.20339173405211144,
  "R@5": 0.26291554357592095,
  "R@10": 0.351639712488769,
  "R@100": 0.659928122192273,
  "AP": 0.18209227776412787
}