nDCG@1,nDCG@1_std,nDCG@1_stderr,nDCG@1_ci90_low,nDCG@1_ci90_high,nDCG@1_ci95_low,nDCG@1_ci95_high,nDCG@3,nDCG@3_std,nDCG@3_stderr,nDCG@3_ci90_low,nDCG@3_ci90_high,nDCG@3_ci95_low,nDCG@3_ci95_high,nDCG@5,nDCG@5_std,nDCG@5_stderr,nDCG@5_ci90_low,nDCG@5_ci90_high,nDCG@5_ci95_low,nDCG@5_ci95_high,nDCG@10,nDCG@10_std,nDCG@10_stderr,nDCG@10_ci90_low,nDCG@10_ci90_high,nDCG@10_ci95_low,nDCG@10_ci95_high,nDCG@100,nDCG@100_std,nDCG@100_stderr,nDCG@100_ci90_low,nDCG@100_ci90_high,nDCG@100_ci95_low,nDCG@100_ci95_high,RR@1,RR@3,RR@5,RR@10,RR@100,P@1,P@3,P@5,P@10,P@100,R@1,R@3,R@5,R@10,R@100,AP
0.14757412398921832,0.3547968817130988,0.00921006814879696,0.13241544077787196,0.16273280720056468,0.1295079774701328,0.16564027050830385,0.22556175633777215,0.37360548872109756,0.009698315259344246,0.20959947611084795,0.24152403656469634,0.206537881418184,0.2445856312573603,0.25219611659922736,0.37131723225374447,0.009638915081122587,0.23633160204241682,0.2680606311560379,0.2332887589850136,0.2711034742134411,0.283420342694621,0.3624017627036412,0.009407481023025724,0.2679367412336017,0.2989039441556403,0.26496695800824394,0.3018737273809981,0.34573288286635223,0.32643024142095045,0.008473706856720106,0.33178616327735416,0.3596796024553503,0.3291111568204617,0.36235460891224275,0.14892183288409702,0.20945642407906545,0.22418014375561504,0.23723874770033757,0.2490507429554284,0.14757412398921832,0.09658580413297375,0.07142857142857208,0.046024258760108086,0.007789757412398788,0.14398023360287512,0.2827942497753818,0.3473158131176999,0.44339622641509435,0.7400044923629828,0.24386757203086656
