nDCG@1,nDCG@3,nDCG@5,nDCG@10,nDCG@100,RR@1,RR@3,RR@5,RR@10,RR@100,P@1,P@3,P@5,P@10,P@100,R@1,R@3,R@5,R@10,R@100,AP
0.14757412398921832,0.22556175633777215,0.25219611659922736,0.283420342694621,0.34573288286635223,0.14892183288409702,0.20945642407906545,0.22418014375561504,0.23723874770033757,0.2490507429554284,0.14757412398921832,0.09658580413297375,0.07142857142857208,0.046024258760108086,0.007789757412398788,0.14398023360287512,0.2827942497753818,0.3473158131176999,0.44339622641509435,0.7400044923629828,0.24386757203086656
