{
  "nDCG@1": 0.10107816711590296,
  "nDCG@3": 0.16056998067991957,
  "nDCG@5": 0.1852950032592507,
  "nDCG@10": 0.21457670374501114,
  "nDCG@100": 0.2778981219914256,
  "RR@1": 0.10040431266846361,
  "RR@3": 0.14813566936208458,
  "RR@5": 0.16181491464510336,
  "RR@10": 0.17435475762632086,
  "RR@100": 0.18590322445913815,
  "P@1": 0.10107816711590296,
  "P@3": 0.069856244384546,
  "P@5": 0.05431266846361226,
  "P@10": 0.03659029649595721,
  "P@100": 0.006913746630727647,
  "R@1": 0.09793351302785264,
  "R@3": 0.20339173405211144,
  "R@5": 0.26291554357592095,
  "R@10": 0.351639712488769,
  "R@100": 0.659928122192273,
  "AP": 0.18209227776412787
}