{
  "nDCG@1": 0.14555256064690028,
  "nDCG@1_std": 0.3527759551206797,
  "nDCG@1_stderr": 0.009157607508359462,
  "nDCG@1_ci90_low": 0.130480221446978,
  "nDCG@1_ci90_high": 0.16062489984682257,
  "nDCG@1_ci95_low": 0.12758931907936527,
  "nDCG@1_ci95_high": 0.1635158022144353,
  "nDCG@3": 0.21956442370141782,
  "nDCG@3_std": 0.37059742848729327,
  "nDCG@3_stderr": 0.00962022990635226,
  "nDCG@3_ci90_low": 0.203730662733019,
  "nDCG@3_ci90_high": 0.23539818466981663,
  "nDCG@3_ci95_low": 0.20069371827041071,
  "nDCG@3_ci95_high": 0.23843512913242493,
  "nDCG@5": 0.24644072662750485,
  "nDCG@5_std": 0.3687802659539363,
  "nDCG@5_stderr": 0.009573058717336028,
  "nDCG@5_ci90_low": 0.2306846038588943,
  "nDCG@5_ci90_high": 0.26219684939611543,
  "nDCG@5_ci95_low": 0.22766255054573584,
  "nDCG@5_ci95_high": 0.26521890270927384,
  "nDCG@10": 0.27736163840246214,
  "nDCG@10_std": 0.36067224163823236,
  "nDCG@10_stderr": 0.009362584893160423,
  "nDCG@10_ci90_low": 0.26195193066286254,
  "nDCG@10_ci90_high": 0.29277134614206174,
  "nDCG@10_ci95_low": 0.2589963203891196,
  "nDCG@10_ci95_high": 0.29572695641580465,
  "nDCG@100": 0.34003217751946047,
  "nDCG@100_std": 0.3254619720530957,
  "nDCG@100_stderr": 0.008448571836307085,
  "nDCG@100_ci90_low": 0.3261268272021981,
  "nDCG@100_ci90_high": 0.35393752783672283,
  "nDCG@100_ci95_low": 0.323459755447678,
  "nDCG@100_ci95_high": 0.3566045995912429,
  "RR@1": 0.14487870619946092,
  "RR@3": 0.20395327942497748,
  "RR@5": 0.2187780772686429,
  "RR@10": 0.23192358704488056,
  "RR@100": 0.24378366265799695,
  "P@1": 0.14555256064690028,
  "P@3": 0.0936657681940698,
  "P@5": 0.06994609164420547,
  "P@10": 0.04487870619946124,
  "P@100": 0.007695417789757281,
  "R@1": 0.1412848158131177,
  "R@3": 0.2738656783468104,
  "R@5": 0.3389487870619946,
  "R@10": 0.4329514824797844,
  "R@100": 0.7309636118598383,
  "AP": 0.23909612642243486
}