{
  "nDCG@1": 0.14150943396226415,
  "nDCG@3": 0.21427429634369374,
  "nDCG@5": 0.2418949885834388,
  "nDCG@10": 0.2721230580642724,
  "nDCG@100": 0.33328095910276834,
  "RR@1": 0.14150943396226415,
  "RR@3": 0.19889937106918237,
  "RR@5": 0.21392632524707955,
  "RR@10": 0.22669212339023612,
  "RR@100": 0.2382622242736045,
  "P@1": 0.14150943396226415,
  "P@3": 0.09209344115004459,
  "P@5": 0.0692722371967661,
  "P@10": 0.04440700808625372,
  "P@100": 0.0075741239892182,
  "R@1": 0.13707322551662174,
  "R@3": 0.2694856244384546,
  "R@5": 0.3365902964959569,
  "R@10": 0.42890835579514824,
  "R@100": 0.7200134770889488,
  "AP": 0.2332173704824208
}