nDCG@1,nDCG@1_std,nDCG@1_stderr,nDCG@1_ci90_low,nDCG@1_ci90_high,nDCG@1_ci95_low,nDCG@1_ci95_high,nDCG@3,nDCG@3_std,nDCG@3_stderr,nDCG@3_ci90_low,nDCG@3_ci90_high,nDCG@3_ci95_low,nDCG@3_ci95_high,nDCG@5,nDCG@5_std,nDCG@5_stderr,nDCG@5_ci90_low,nDCG@5_ci90_high,nDCG@5_ci95_low,nDCG@5_ci95_high,nDCG@10,nDCG@10_std,nDCG@10_stderr,nDCG@10_ci90_low,nDCG@10_ci90_high,nDCG@10_ci95_low,nDCG@10_ci95_high,nDCG@100,nDCG@100_std,nDCG@100_stderr,nDCG@100_ci90_low,nDCG@100_ci90_high,nDCG@100_ci95_low,nDCG@100_ci95_high,RR@1,RR@3,RR@5,RR@10,RR@100,P@1,P@3,P@5,P@10,P@100,R@1,R@3,R@5,R@10,R@100,AP
0.14150943396226415,0.34866378094505684,0.009050860785518094,0.12661278724683375,0.15640608067769454,0.12375558302074055,0.15926328490378774,0.21427429634369374,0.3664778385884725,0.0095132906809283,0.19861654469627704,0.22993204799111044,0.19561335914500955,0.23293523354237794,0.2418949885834388,0.3650022650342172,0.009474986699992404,0.22630028075973327,0.2574896964071443,0.2233091871297537,0.26048079003712393,0.2721230580642724,0.3571614765251061,0.009271449971708496,0.25686334762995455,0.28738276849859024,0.2539365071151205,0.2903096090134243,0.33328095910276834,0.32344557525209544,0.00839622878339591,0.3194617592617648,0.3471001589437719,0.31681121132697065,0.349750706878566,0.14150943396226415,0.19889937106918237,0.21392632524707955,0.22669212339023612,0.2382622242736045,0.14150943396226415,0.09209344115004459,0.0692722371967661,0.04440700808625372,0.0075741239892182,0.13707322551662174,0.2694856244384546,0.3365902964959569,0.42890835579514824,0.7200134770889488,0.2332173704824208
