{
  "nDCG@1": 0.14757412398921832,
  "nDCG@3": 0.22556175633777215,
  "nDCG@5": 0.25219611659922736,
  "nDCG@10": 0.283420342694621,
  "nDCG@100": 0.34573288286635223,
  "RR@1": 0.14892183288409702,
  "RR@3": 0.20945642407906545,
  "RR@5": 0.22418014375561504,
  "RR@10": 0.23723874770033757,
  "RR@100": 0.2490507429554284,
  "P@1": 0.14757412398921832,
  "P@3": 0.09658580413297375,
  "P@5": 0.07142857142857208,
  "P@10": 0.046024258760108086,
  "P@100": 0.007789757412398788,
  "R@1": 0.14398023360287512,
  "R@3": 0.2827942497753818,
  "R@5": 0.3473158131176999,
  "R@10": 0.44339622641509435,
  "R@100": 0.7400044923629828,
  "AP": 0.24386757203086656
}