nDCG@1,nDCG@1_std,nDCG@1_stderr,nDCG@1_ci90_low,nDCG@1_ci90_high,nDCG@1_ci95_low,nDCG@1_ci95_high,nDCG@3,nDCG@3_std,nDCG@3_stderr,nDCG@3_ci90_low,nDCG@3_ci90_high,nDCG@3_ci95_low,nDCG@3_ci95_high,nDCG@5,nDCG@5_std,nDCG@5_stderr,nDCG@5_ci90_low,nDCG@5_ci90_high,nDCG@5_ci95_low,nDCG@5_ci95_high,nDCG@10,nDCG@10_std,nDCG@10_stderr,nDCG@10_ci90_low,nDCG@10_ci90_high,nDCG@10_ci95_low,nDCG@10_ci95_high,nDCG@100,nDCG@100_std,nDCG@100_stderr,nDCG@100_ci90_low,nDCG@100_ci90_high,nDCG@100_ci95_low,nDCG@100_ci95_high,RR@1,RR@3,RR@5,RR@10,RR@100,P@1,P@3,P@5,P@10,P@100,R@1,R@3,R@5,R@10,R@100,AP
0.10107816711590296,0.3015338121565214,0.007827427754491375,0.08819514651572057,0.11396118771608536,0.08572415948039276,0.11643217475141317,0.16056998067991957,0.32838502352687404,0.008524450471840611,0.146539743100155,0.17460021825968414,0.1438487177390936,0.17729124362074553,0.1852950032592507,0.3309342828171956,0.008590625945760929,0.1711558486737363,0.1994341578447651,0.16844393283073847,0.2021460736877629,0.21457670374501114,0.32823188529250524,0.008520475201348061,0.20055300899045725,0.22860039849956504,0.1978632385552996,0.23129016893472268,0.2778981219914256,0.3009510812318263,0.007812300813400632,0.26503999854772964,0.2907562454351216,0.262573786832787,0.29322245715006423,0.10040431266846361,0.14813566936208458,0.16181491464510336,0.17435475762632086,0.18590322445913815,0.10107816711590296,0.069856244384546,0.05431266846361226,0.03659029649595721,0.006913746630727647,0.09793351302785264,0.20339173405211144,0.26291554357592095,0.351639712488769,0.659928122192273,0.18209227776412787
