{
  "nDCG@1": 0.14555256064690028,
  "nDCG@3": 0.21956442370141782,
  "nDCG@5": 0.24644072662750485,
  "nDCG@10": 0.27736163840246214,
  "nDCG@100": 0.34003217751946047,
  "RR@1": 0.14487870619946092,
  "RR@3": 0.20395327942497748,
  "RR@5": 0.2187780772686429,
  "RR@10": 0.23192358704488056,
  "RR@100": 0.24378366265799695,
  "P@1": 0.14555256064690028,
  "P@3": 0.0936657681940698,
  "P@5": 0.06994609164420547,
  "P@10": 0.04487870619946124,
  "P@100": 0.007695417789757281,
  "R@1": 0.1412848158131177,
  "R@3": 0.2738656783468104,
  "R@5": 0.3389487870619946,
  "R@10": 0.4329514824797844,
  "R@100": 0.7309636118598383,
  "AP": 0.23909612642243486
}