nDCG@1,nDCG@3,nDCG@5,nDCG@10,nDCG@100,RR@1,RR@3,RR@5,RR@10,RR@100,P@1,P@3,P@5,P@10,P@100,R@1,R@3,R@5,R@10,R@100,AP
0.14622641509433962,0.2214621817848224,0.24866436185500437,0.28014345032699156,0.34369897804963434,0.14622641509433962,0.20496406109613646,0.22029424977538148,0.2335483249903732,0.24538220918649206,0.14622641509433962,0.09456424079065562,0.07061994609164483,0.04555256064690056,0.007816711590296361,0.1427448337825696,0.27639263252470797,0.3425988319856244,0.4387353998203054,0.7426999101527403,0.24122086917057975
