nDCG@1,nDCG@1_std,nDCG@1_stderr,nDCG@1_ci90_low,nDCG@1_ci90_high,nDCG@1_ci95_low,nDCG@1_ci95_high,nDCG@3,nDCG@3_std,nDCG@3_stderr,nDCG@3_ci90_low,nDCG@3_ci90_high,nDCG@3_ci95_low,nDCG@3_ci95_high,nDCG@5,nDCG@5_std,nDCG@5_stderr,nDCG@5_ci90_low,nDCG@5_ci90_high,nDCG@5_ci95_low,nDCG@5_ci95_high,nDCG@10,nDCG@10_std,nDCG@10_stderr,nDCG@10_ci90_low,nDCG@10_ci90_high,nDCG@10_ci95_low,nDCG@10_ci95_high,nDCG@100,nDCG@100_std,nDCG@100_stderr,nDCG@100_ci90_low,nDCG@100_ci90_high,nDCG@100_ci95_low,nDCG@100_ci95_high,RR@1,RR@3,RR@5,RR@10,RR@100,P@1,P@3,P@5,P@10,P@100,R@1,R@3,R@5,R@10,R@100,AP
0.14016172506738545,0.34727176847151325,0.009014725942158115,0.1253245520316864,0.15499889810308448,0.12247875496670241,0.15784469516806848,0.2088262946976095,0.36710309400014857,0.009529521502699156,0.19314182903662533,0.22451076035859366,0.1901335196884444,0.22751906970677457,0.2380781453875293,0.36578775504355876,0.009495377004668433,0.222449877533195,0.2537064132418636,0.21945234702764388,0.25670394374741473,0.2675906022561199,0.35833558430485546,0.009301928291059308,0.25228072811178504,0.2829004764004548,0.2493442661051485,0.28583693840709135,0.3309200730666352,0.3235549978133408,0.00839906925155679,0.3170961981508844,0.34474394798238595,0.3144447535281591,0.34739539260511126,0.13881401617250674,0.1931716082659479,0.209445193171608,0.2216973109998714,0.23339406570369214,0.14016172506738545,0.08849955076370129,0.06778975741239951,0.04359838274932654,0.007621293800538953,0.1370170709793351,0.2585354896675651,0.32945867026055703,0.4202044025157232,0.726190476190476,0.23045257130954136
