nDCG@1,nDCG@1_std,nDCG@1_stderr,nDCG@1_ci90_low,nDCG@1_ci90_high,nDCG@1_ci95_low,nDCG@1_ci95_high,nDCG@3,nDCG@3_std,nDCG@3_stderr,nDCG@3_ci90_low,nDCG@3_ci90_high,nDCG@3_ci95_low,nDCG@3_ci95_high,nDCG@5,nDCG@5_std,nDCG@5_stderr,nDCG@5_ci90_low,nDCG@5_ci90_high,nDCG@5_ci95_low,nDCG@5_ci95_high,nDCG@10,nDCG@10_std,nDCG@10_stderr,nDCG@10_ci90_low,nDCG@10_ci90_high,nDCG@10_ci95_low,nDCG@10_ci95_high,nDCG@100,nDCG@100_std,nDCG@100_stderr,nDCG@100_ci90_low,nDCG@100_ci90_high,nDCG@100_ci95_low,nDCG@100_ci95_high,RR@1,RR@3,RR@5,RR@10,RR@100,P@1,P@3,P@5,P@10,P@100,R@1,R@3,R@5,R@10,R@100,AP
0.11725067385444744,0.3218271994267219,0.008354217840204733,0.1035006190587309,0.131000728650164,0.10086333327073943,0.13363801443815546,0.17955626359286522,0.3451430164625118,0.008959466293369415,0.16481004140539282,0.19430248578033762,0.1619816888803032,0.19713083830542724,0.20359872329400405,0.346168879850499,0.008986096380051965,0.18880867113248698,0.21838877545552113,0.18597191193779833,0.22122553465020978,0.2349480579255861,0.34139197473997823,0.008862094101915232,0.2203620988523493,0.24953401699882288,0.21756448508719864,0.2523316307639736,0.2979702734314372,0.3114069938496853,0.008083722781100502,0.28466542152075375,0.3112751253421207,0.28211352646457494,0.3138270203982995,0.11657681940700809,0.16610512129380064,0.17978436657681937,0.19297479998288616,0.20448806976571046,0.11725067385444744,0.0772686433063788,0.05849056603773631,0.03928571428571466,0.007163072776280203,0.11410601976639712,0.2252920035938904,0.2830188679245283,0.37825696316262347,0.6843553459119497,0.20063680068544823
