nDCG@1,nDCG@1_std,nDCG@1_stderr,nDCG@1_ci90_low,nDCG@1_ci90_high,nDCG@1_ci95_low,nDCG@1_ci95_high,nDCG@3,nDCG@3_std,nDCG@3_stderr,nDCG@3_ci90_low,nDCG@3_ci90_high,nDCG@3_ci95_low,nDCG@3_ci95_high,nDCG@5,nDCG@5_std,nDCG@5_stderr,nDCG@5_ci90_low,nDCG@5_ci90_high,nDCG@5_ci95_low,nDCG@5_ci95_high,nDCG@10,nDCG@10_std,nDCG@10_stderr,nDCG@10_ci90_low,nDCG@10_ci90_high,nDCG@10_ci95_low,nDCG@10_ci95_high,nDCG@100,nDCG@100_std,nDCG@100_stderr,nDCG@100_ci90_low,nDCG@100_ci90_high,nDCG@100_ci95_low,nDCG@100_ci95_high,RR@1,RR@3,RR@5,RR@10,RR@100,P@1,P@3,P@5,P@10,P@100,R@1,R@3,R@5,R@10,R@100,AP
0.14622641509433962,0.35345216678356567,0.009175161088504023,0.13112518477696442,0.16132764541171482,0.1282287410399106,0.16422408914876863,0.2214621817848224,0.37256179839463316,0.009671222408396504,0.20554449318720802,0.2373798703824368,0.20249145125102316,0.24043291231862166,0.24866436185500437,0.37037274092120576,0.009614397307751444,0.2328402006542794,0.26448852305572934,0.22980509744475922,0.26752362626524956,0.28014345032699156,0.36174766390937935,0.009390501464349475,0.2646877952119584,0.2955991054420247,0.26172337214713737,0.29856352850684575,0.34369897804963434,0.32517008601582503,0.00844099485231003,0.32980609855215887,0.3575918575471098,0.32714141872380037,0.3602565373754683,0.14622641509433962,0.20496406109613646,0.22029424977538148,0.2335483249903732,0.24538220918649206,0.14622641509433962,0.09456424079065562,0.07061994609164483,0.04555256064690056,0.007816711590296361,0.1427448337825696,0.27639263252470797,0.3425988319856244,0.4387353998203054,0.7426999101527403,0.24122086917057975
