{
  "nDCG@1": 0.5539083557951483,
  "nDCG@1_std": 0.4972529605418405,
  "nDCG@1_stderr": 0.012908043700014053,
  "nDCG@1_ci90_low": 0.5326632420603181,
  "nDCG@1_ci90_high": 0.5751534695299785,
  "nDCG@1_ci95_low": 0.5285883901888488,
  "nDCG@1_ci95_high": 0.5792283214014478,
  "nDCG@3": 0.6291955453256476,
  "nDCG@3_std": 0.4413541101749772,
  "nDCG@3_stderr": 0.01145698184503832,
  "nDCG@3_ci90_low": 0.6103387078363649,
  "nDCG@3_ci90_high": 0.6480523828149303,
  "nDCG@3_ci95_low": 0.6067219317394114,
  "nDCG@3_ci95_high": 0.6516691589118838,
  "nDCG@5": 0.6574987489211814,
  "nDCG@5_std": 0.41349000937354563,
  "nDCG@5_stderr": 0.01073366582814713,
  "nDCG@5_ci90_low": 0.6398324040737126,
  "nDCG@5_ci90_high": 0.6751650937686503,
  "nDCG@5_ci95_low": 0.6364439666540668,
  "nDCG@5_ci95_high": 0.6785535311882961,
  "nDCG@10": 0.6802140192414922,
  "nDCG@10_std": 0.38626144150057135,
  "nDCG@10_stderr": 0.01002684742406932,
  "nDCG@10_ci90_low": 0.6637110139157579,
  "nDCG@10_ci90_high": 0.6967170245672264,
  "nDCG@10_ci95_low": 0.6605457071550703,
  "nDCG@10_ci95_high": 0.699882331327914,
  "nDCG@100": 0.706905263913927,
  "nDCG@100_std": 0.346680758869873,
  "nDCG@100_stderr": 0.008999384097321662,
  "nDCG@100_ci90_low": 0.6920933417408706,
  "nDCG@100_ci90_high": 0.7217171860869835,
  "nDCG@100_ci95_low": 0.6892523878377627,
  "nDCG@100_ci95_high": 0.7245581399900914,
  "RR@1": 0.5532345013477089,
  "RR@3": 0.6165768194070087,
  "RR@5": 0.6324460916442058,
  "RR@10": 0.6417942176870755,
  "RR@100": 0.6467299689444427,
  "P@1": 0.5539083557951483,
  "P@3": 0.24011680143755415,
  "P@5": 0.15849056603773293,
  "P@10": 0.08665768194069902,
  "P@100": 0.009999999999999823,
  "R@1": 0.5358827493261455,
  "R@3": 0.6844115004492363,
  "R@5": 0.7520777178796046,
  "R@10": 0.8206985624438455,
  "R@100": 0.9402515723270439,
  "AP": 0.6382008636609102
}