nDCG@1,nDCG@1_std,nDCG@1_stderr,nDCG@1_ci90_low,nDCG@1_ci90_high,nDCG@1_ci95_low,nDCG@1_ci95_high,nDCG@3,nDCG@3_std,nDCG@3_stderr,nDCG@3_ci90_low,nDCG@3_ci90_high,nDCG@3_ci95_low,nDCG@3_ci95_high,nDCG@5,nDCG@5_std,nDCG@5_stderr,nDCG@5_ci90_low,nDCG@5_ci90_high,nDCG@5_ci95_low,nDCG@5_ci95_high,nDCG@10,nDCG@10_std,nDCG@10_stderr,nDCG@10_ci90_low,nDCG@10_ci90_high,nDCG@10_ci95_low,nDCG@10_ci95_high,nDCG@100,nDCG@100_std,nDCG@100_stderr,nDCG@100_ci90_low,nDCG@100_ci90_high,nDCG@100_ci95_low,nDCG@100_ci95_high,RR@1,RR@3,RR@5,RR@10,RR@100,P@1,P@3,P@5,P@10,P@100,R@1,R@3,R@5,R@10,R@100,AP
0.6084905660377359,0.48825243218787273,0.012674401625385407,0.5876299995328412,0.6293511325426305,0.5836289045270273,0.6333522275484444,0.688801564646532,0.419128038422743,0.010880021769939185,0.6708943352234138,0.7067087940696501,0.6674596956993151,0.7101434335937489,0.7127687121145427,0.3903648679699627,0.010133367067771354,0.6960903880497311,0.7294470361793544,0.6928914548325815,0.732645969396504,0.7343240872369199,0.3606478544406942,0.009361951833055158,0.7189154214394031,0.7497327530344366,0.7159600110120672,0.7526881634617726,0.7561553437330442,0.3220423644982476,0.008359803247163282,0.74239609601787,0.7699145914482183,0.7397570470110263,0.772553640455062,0.6078167115902965,0.6745283018867935,0.6877358490566052,0.6961983378256971,0.700374282222107,0.6084905660377359,0.2619047619047589,0.1695417789757378,0.09184636118598179,0.010276280323449951,0.5897911051212938,0.745788409703504,0.8034591194968553,0.867756064690027,0.9664195867026054,0.6936987043766936
