nDCG@1,nDCG@1_std,nDCG@1_stderr,nDCG@1_ci90_low,nDCG@1_ci90_high,nDCG@1_ci95_low,nDCG@1_ci95_high,nDCG@3,nDCG@3_std,nDCG@3_stderr,nDCG@3_ci90_low,nDCG@3_ci90_high,nDCG@3_ci95_low,nDCG@3_ci95_high,nDCG@5,nDCG@5_std,nDCG@5_stderr,nDCG@5_ci90_low,nDCG@5_ci90_high,nDCG@5_ci95_low,nDCG@5_ci95_high,nDCG@10,nDCG@10_std,nDCG@10_stderr,nDCG@10_ci90_low,nDCG@10_ci90_high,nDCG@10_ci95_low,nDCG@10_ci95_high,nDCG@100,nDCG@100_std,nDCG@100_stderr,nDCG@100_ci90_low,nDCG@100_ci90_high,nDCG@100_ci95_low,nDCG@100_ci95_high,RR@1,RR@3,RR@5,RR@10,RR@100,P@1,P@3,P@5,P@10,P@100,R@1,R@3,R@5,R@10,R@100,AP
0.578167115902965,0.4940185817423404,0.012824083409780983,0.5570601908787299,0.5992740409272,0.5530118438559998,0.6033223879499302,0.651251387360194,0.43646865622929343,0.011330161779539712,0.6326032807040254,0.6698994940163625,0.6290265395645949,0.673476235155793,0.6788846410183731,0.40755472640523877,0.010579593559088399,0.6614718809088869,0.6962974011278593,0.6581320815081776,0.6996372005285686,0.7034048952423068,0.3760636831754138,0.009762126807906713,0.6873375887512707,0.7194722017333428,0.6842558498280692,0.7225539406565443,0.7294309809072566,0.33421819787535884,0.008675872133197832,0.7151515211763888,0.7437104406381243,0.7124126945485745,0.7464492672659386,0.578167115902965,0.6392632524708002,0.6543238993710708,0.6642450690968222,0.6695718949558737,0.578167115902965,0.2461814914645081,0.16212938005390523,0.0892183288409684,0.010188679245282838,0.5604784366576819,0.7045148247978437,0.7710579514824798,0.8437219227313566,0.9584456424079065,0.661887262455576
