{
  "nDCG@1": 0.5505390835579514,
  "nDCG@1_std": 0.49760692913439025,
  "nDCG@1_stderr": 0.012917232266847493,
  "nDCG@1_ci90_low": 0.5292788465285327,
  "nDCG@1_ci90_high": 0.5717993205873702,
  "nDCG@1_ci95_low": 0.5252010939813587,
  "nDCG@1_ci95_high": 0.5758770731345442,
  "nDCG@3": 0.6240223612942762,
  "nDCG@3_std": 0.4444378859756029,
  "nDCG@3_stderr": 0.011537032676213156,
  "nDCG@3_ci90_low": 0.6050337696017695,
  "nDCG@3_ci90_high": 0.643010952986783,
  "nDCG@3_ci95_low": 0.60139172280642,
  "nDCG@3_ci95_high": 0.6466529997821325,
  "nDCG@5": 0.6494198189183137,
  "nDCG@5_std": 0.4207750380621088,
  "nDCG@5_stderr": 0.010922775750319061,
  "nDCG@5_ci90_low": 0.6314422214985497,
  "nDCG@5_ci90_high": 0.6673974163380777,
  "nDCG@5_ci95_low": 0.6279940852633293,
  "nDCG@5_ci95_high": 0.670845552573298,
  "nDCG@10": 0.674379743886281,
  "nDCG@10_std": 0.3914759756690276,
  "nDCG@10_stderr": 0.010162209986513,
  "nDCG@10_ci90_low": 0.6576539477874918,
  "nDCG@10_ci90_high": 0.6911055399850702,
  "nDCG@10_ci95_low": 0.6544459093469525,
  "nDCG@10_ci95_high": 0.6943135784256095,
  "nDCG@100": 0.7050496026925172,
  "nDCG@100_std": 0.3453620044221289,
  "nDCG@100_stderr": 0.008965150937558229,
  "nDCG@100_ci90_low": 0.6902940242528395,
  "nDCG@100_ci90_high": 0.7198051811321948,
  "nDCG@100_ci95_low": 0.6874638771813764,
  "nDCG@100_ci95_high": 0.722635328203658,
  "RR@1": 0.5505390835579514,
  "RR@3": 0.6124213836477994,
  "RR@5": 0.6255952380952394,
  "RR@10": 0.6357190989603397,
  "RR@100": 0.642099449430471,
  "P@1": 0.5505390835579514,
  "P@3": 0.23674752920035774,
  "P@5": 0.15525606469002412,
  "P@10": 0.08605121293800361,
  "P@100": 0.010087601078166936,
  "R@1": 0.5338611859838275,
  "R@3": 0.6775606469002695,
  "R@5": 0.7382075471698113,
  "R@10": 0.8130615453728661,
  "R@100": 0.9496855345911949,
  "AP": 0.6342564266000631
}