{
  "nDCG@1": 0.610512129380054,
  "nDCG@1_std": 0.48779853544385243,
  "nDCG@1_stderr": 0.012662619052988607,
  "nDCG@1_ci90_low": 0.5896709555962003,
  "nDCG@1_ci90_high": 0.6313533031639076,
  "nDCG@1_ci95_low": 0.5856735801499336,
  "nDCG@1_ci95_high": 0.6353506786101742,
  "nDCG@3": 0.6872882581885956,
  "nDCG@3_std": 0.4208010918580285,
  "nDCG@3_stderr": 0.010923452073162703,
  "nDCG@3_ci90_low": 0.6693095476213967,
  "nDCG@3_ci90_high": 0.7052669687557945,
  "nDCG@3_ci95_low": 0.6658611978824519,
  "nDCG@3_ci95_high": 0.7087153184947393,
  "nDCG@5": 0.7128546331979648,
  "nDCG@5_std": 0.39064180783405983,
  "nDCG@5_stderr": 0.010140556068444464,
  "nDCG@5_ci90_low": 0.6961644768880438,
  "nDCG@5_ci90_high": 0.7295447895078858,
  "nDCG@5_ci95_low": 0.6929632742245299,
  "nDCG@5_ci95_high": 0.7327459921713998,
  "nDCG@10": 0.7352587734436458,
  "nDCG@10_std": 0.3585625204076604,
  "nDCG@10_stderr": 0.009307819258765011,
  "nDCG@10_ci90_low": 0.7199392034629918,
  "nDCG@10_ci90_high": 0.7505783434242997,
  "nDCG@10_ci95_low": 0.7170008817771243,
  "nDCG@10_ci95_high": 0.7535166651101672,
  "nDCG@100": 0.7562998104359041,
  "nDCG@100_std": 0.32154095310457165,
  "nDCG@100_stderr": 0.008346787255917698,
  "nDCG@100_ci90_low": 0.7425619855033615,
  "nDCG@100_ci90_high": 0.7700376353684467,
  "nDCG@100_ci95_low": 0.7399270454256103,
  "nDCG@100_ci95_high": 0.7726725754461979,
  "RR@1": 0.610512129380054,
  "RR@3": 0.6737421383647807,
  "RR@5": 0.6876235399820321,
  "RR@10": 0.6966272515295434,
  "RR@100": 0.7005943178309304,
  "P@1": 0.610512129380054,
  "P@3": 0.2605570530098803,
  "P@5": 0.1698113207547135,
  "P@10": 0.09225067385444535,
  "P@100": 0.010276280323449951,
  "R@1": 0.5918126684636119,
  "R@3": 0.7434299191374663,
  "R@5": 0.804806828391734,
  "R@10": 0.8721361185983828,
  "R@100": 0.9675426774483378,
  "AP": 0.693501253478603
}