{
  "nDCG@1": 0.578167115902965,
  "nDCG@1_std": 0.4940185817423404,
  "nDCG@1_stderr": 0.012824083409780983,
  "nDCG@1_ci90_low": 0.5570601908787299,
  "nDCG@1_ci90_high": 0.5992740409272,
  "nDCG@1_ci95_low": 0.5530118438559998,
  "nDCG@1_ci95_high": 0.6033223879499302,
  "nDCG@3": 0.651251387360194,
  "nDCG@3_std": 0.43646865622929343,
  "nDCG@3_stderr": 0.011330161779539712,
  "nDCG@3_ci90_low": 0.6326032807040254,
  "nDCG@3_ci90_high": 0.6698994940163625,
  "nDCG@3_ci95_low": 0.6290265395645949,
  "nDCG@3_ci95_high": 0.673476235155793,
  "nDCG@5": 0.6788846410183731,
  "nDCG@5_std": 0.40755472640523877,
  "nDCG@5_stderr": 0.010579593559088399,
  "nDCG@5_ci90_low": 0.6614718809088869,
  "nDCG@5_ci90_high": 0.6962974011278593,
  "nDCG@5_ci95_low": 0.6581320815081776,
  "nDCG@5_ci95_high": 0.6996372005285686,
  "nDCG@10": 0.7034048952423068,
  "nDCG@10_std": 0.3760636831754138,
  "nDCG@10_stderr": 0.009762126807906713,
  "nDCG@10_ci90_low": 0.6873375887512707,
  "nDCG@10_ci90_high": 0.7194722017333428,
  "nDCG@10_ci95_low": 0.6842558498280692,
  "nDCG@10_ci95_high": 0.7225539406565443,
  "nDCG@100": 0.7294309809072566,
  "nDCG@100_std": 0.33421819787535884,
  "nDCG@100_stderr": 0.008675872133197832,
  "nDCG@100_ci90_low": 0.7151515211763888,
  "nDCG@100_ci90_high": 0.7437104406381243,
  "nDCG@100_ci95_low": 0.7124126945485745,
  "nDCG@100_ci95_high": 0.7464492672659386,
  "RR@1": 0.578167115902965,
  "RR@3": 0.6392632524708002,
  "RR@5": 0.6543238993710708,
  "RR@10": 0.6642450690968222,
  "RR@100": 0.6695718949558737,
  "P@1": 0.578167115902965,
  "P@3": 0.2461814914645081,
  "P@5": 0.16212938005390523,
  "P@10": 0.0892183288409684,
  "P@100": 0.010188679245282838,
  "R@1": 0.5604784366576819,
  "R@3": 0.7045148247978437,
  "R@5": 0.7710579514824798,
  "R@10": 0.8437219227313566,
  "R@100": 0.9584456424079065,
  "AP": 0.661887262455576
}