nDCG@1,nDCG@1_std,nDCG@1_stderr,nDCG@1_ci90_low,nDCG@1_ci90_high,nDCG@1_ci95_low,nDCG@1_ci95_high,nDCG@3,nDCG@3_std,nDCG@3_stderr,nDCG@3_ci90_low,nDCG@3_ci90_high,nDCG@3_ci95_low,nDCG@3_ci95_high,nDCG@5,nDCG@5_std,nDCG@5_stderr,nDCG@5_ci90_low,nDCG@5_ci90_high,nDCG@5_ci95_low,nDCG@5_ci95_high,nDCG@10,nDCG@10_std,nDCG@10_stderr,nDCG@10_ci90_low,nDCG@10_ci90_high,nDCG@10_ci95_low,nDCG@10_ci95_high,nDCG@100,nDCG@100_std,nDCG@100_stderr,nDCG@100_ci90_low,nDCG@100_ci90_high,nDCG@100_ci95_low,nDCG@100_ci95_high,RR@1,RR@3,RR@5,RR@10,RR@100,P@1,P@3,P@5,P@10,P@100,R@1,R@3,R@5,R@10,R@100,AP
0.715633423180593,0.45126427972595107,0.011714237028595453,0.696353174075998,0.734913672285188,0.6926551868528252,0.7386116595083607,0.7820415505602446,0.3695811501869761,0.009593848636148107,0.7662512100433861,0.7978318910771031,0.7632225937032076,0.8008605074172817,0.8009012780434714,0.3399593317734491,0.008824904543509537,0.786376528586226,0.8154260275007169,0.7835906549379505,0.8182119011489923,0.8192695986531472,0.30565749677153037,0.007934473273451403,0.8062103937853901,0.8323288035209043,0.8037056142836433,0.8348335830226511,0.8330615004713442,0.2738694695042172,0.007109297200780859,0.8213604378536886,0.8447625630889998,0.8191161525323272,0.8470068484103612,0.715633423180593,0.7706648697214739,0.7807389937106927,0.7879783831771707,0.7906304369108135,0.715633423180593,0.2904312668463569,0.18436657681940277,0.09845013477088707,0.010539083557951294,0.6949685534591196,0.8308625336927223,0.8759546271338723,0.9309299191374663,0.9916891284815812,0.7840710421512168
