{
  "nDCG@1": 0.7021563342318059,
  "nDCG@1_std": 0.4574645741863603,
  "nDCG@1_stderr": 0.011875188653218677,
  "nDCG@1_ci90_low": 0.6826111777833566,
  "nDCG@1_ci90_high": 0.7217014906802552,
  "nDCG@1_ci95_low": 0.6788623808446256,
  "nDCG@1_ci95_high": 0.7254502876189862,
  "nDCG@3": 0.7732547885479306,
  "nDCG@3_std": 0.37335732903456464,
  "nDCG@3_stderr": 0.009691873354855919,
  "nDCG@3_ci90_low": 0.7573031109341293,
  "nDCG@3_ci90_high": 0.789206466161732,
  "nDCG@3_ci95_low": 0.7542435498421541,
  "nDCG@3_ci95_high": 0.7922660272537071,
  "nDCG@5": 0.7922235155988406,
  "nDCG@5_std": 0.3447816629327042,
  "nDCG@5_stderr": 0.008950086023116567,
  "nDCG@5_ci90_low": 0.7774927322271188,
  "nDCG@5_ci90_high": 0.8069542989705625,
  "nDCG@5_ci95_low": 0.774667340895273,
  "nDCG@5_ci95_high": 0.8097796903024083,
  "nDCG@10": 0.8122474828892643,
  "nDCG@10_std": 0.30810787332300393,
  "nDCG@10_stderr": 0.007998081879367886,
  "nDCG@10_ci90_low": 0.7990835857769955,
  "nDCG@10_ci90_high": 0.8254113800015331,
  "nDCG@10_ci95_low": 0.7965587261102846,
  "nDCG@10_ci95_high": 0.827936239668244,
  "nDCG@100": 0.8266006298825636,
  "nDCG@100_std": 0.27619006767402643,
  "nDCG@100_stderr": 0.0071695369277669585,
  "nDCG@100_ci90_low": 0.814800419796793,
  "nDCG@100_ci90_high": 0.8384008399683341,
  "nDCG@100_ci95_low": 0.8125371178087738,
  "nDCG@100_ci95_high": 0.8406641419563533,
  "RR@1": 0.7021563342318059,
  "RR@3": 0.762129380053909,
  "RR@5": 0.7726078167115912,
  "RR@10": 0.7801277114619437,
  "RR@100": 0.7827710367890203,
  "P@1": 0.7021563342318059,
  "P@3": 0.28773584905659966,
  "P@5": 0.18288409703503625,
  "P@10": 0.09811320754716737,
  "P@100": 0.010539083557951294,
  "R@1": 0.6818283917340522,
  "R@3": 0.8240116801437556,
  "R@5": 0.8686545372866127,
  "R@10": 0.9282345013477089,
  "R@100": 0.9913522012578615,
  "AP": 0.7755121852841091
}