{
  "nDCG@1": 0.7035040431266847,
  "nDCG@1_std": 0.456866234125312,
  "nDCG@1_stderr": 0.011859656519137335,
  "nDCG@1_ci90_low": 0.6839844507344759,
  "nDCG@1_ci90_high": 0.7230236355188935,
  "nDCG@1_ci95_low": 0.680240557028729,
  "nDCG@1_ci95_high": 0.7267675292246404,
  "nDCG@3": 0.7661613217219997,
  "nDCG@3_std": 0.3834478499407594,
  "nDCG@3_stderr": 0.009953810226324999,
  "nDCG@3_ci90_low": 0.7497785269881269,
  "nDCG@3_ci90_high": 0.7825441164558725,
  "nDCG@3_ci95_low": 0.746636276839954,
  "nDCG@3_ci95_high": 0.7856863666040453,
  "nDCG@5": 0.785249156996148,
  "nDCG@5_std": 0.35552275460712973,
  "nDCG@5_stderr": 0.009228910870269339,
  "nDCG@5_ci90_low": 0.7700594608931459,
  "nDCG@5_ci90_high": 0.80043885309915,
  "nDCG@5_ci95_low": 0.767146049255773,
  "nDCG@5_ci95_high": 0.8033522647365229,
  "nDCG@10": 0.8069795745801043,
  "nDCG@10_std": 0.31742294071665544,
  "nDCG@10_stderr": 0.008239888980636441,
  "nDCG@10_ci90_low": 0.7934176915694506,
  "nDCG@10_ci90_high": 0.8205414575907579,
  "nDCG@10_ci95_low": 0.7908164974757702,
  "nDCG@10_ci95_high": 0.8231426516844383,
  "nDCG@100": 0.8222015038797149,
  "nDCG@100_std": 0.28357622006370875,
  "nDCG@100_stderr": 0.007361271890424783,
  "nDCG@100_ci90_low": 0.8100857207153837,
  "nDCG@100_ci90_high": 0.8343172870440462,
  "nDCG@100_ci95_low": 0.8077618912307454,
  "nDCG@100_ci95_high": 0.8366411165286844,
  "RR@1": 0.704177897574124,
  "RR@3": 0.7571877807726864,
  "RR@5": 0.7676662174303689,
  "RR@10": 0.7758268087109059,
  "RR@100": 0.7788894910807995,
  "P@1": 0.7035040431266847,
  "P@3": 0.28369272237196375,
  "P@5": 0.18005390835579108,
  "P@10": 0.09750673854447203,
  "P@100": 0.01051212938005372,
  "R@1": 0.682839173405211,
  "R@3": 0.8107030548068284,
  "R@5": 0.8560759209344114,
  "R@10": 0.920822102425876,
  "R@100": 0.9889937106918238,
  "AP": 0.771374212410438
}