{
  "nDCG@1": 0.715633423180593,
  "nDCG@1_std": 0.45126427972595107,
  "nDCG@1_stderr": 0.011714237028595453,
  "nDCG@1_ci90_low": 0.696353174075998,
  "nDCG@1_ci90_high": 0.734913672285188,
  "nDCG@1_ci95_low": 0.6926551868528252,
  "nDCG@1_ci95_high": 0.7386116595083607,
  "nDCG@3": 0.7820415505602446,
  "nDCG@3_std": 0.3695811501869761,
  "nDCG@3_stderr": 0.009593848636148107,
  "nDCG@3_ci90_low": 0.7662512100433861,
  "nDCG@3_ci90_high": 0.7978318910771031,
  "nDCG@3_ci95_low": 0.7632225937032076,
  "nDCG@3_ci95_high": 0.8008605074172817,
  "nDCG@5": 0.8009012780434714,
  "nDCG@5_std": 0.3399593317734491,
  "nDCG@5_stderr": 0.008824904543509537,
  "nDCG@5_ci90_low": 0.786376528586226,
  "nDCG@5_ci90_high": 0.8154260275007169,
  "nDCG@5_ci95_low": 0.7835906549379505,
  "nDCG@5_ci95_high": 0.8182119011489923,
  "nDCG@10": 0.8192695986531472,
  "nDCG@10_std": 0.30565749677153037,
  "nDCG@10_stderr": 0.007934473273451403,
  "nDCG@10_ci90_low": 0.8062103937853901,
  "nDCG@10_ci90_high": 0.8323288035209043,
  "nDCG@10_ci95_low": 0.8037056142836433,
  "nDCG@10_ci95_high": 0.8348335830226511,
  "nDCG@100": 0.8330615004713442,
  "nDCG@100_std": 0.2738694695042172,
  "nDCG@100_stderr": 0.007109297200780859,
  "nDCG@100_ci90_low": 0.8213604378536886,
  "nDCG@100_ci90_high": 0.8447625630889998,
  "nDCG@100_ci95_low": 0.8191161525323272,
  "nDCG@100_ci95_high": 0.8470068484103612,
  "RR@1": 0.715633423180593,
  "RR@3": 0.7706648697214739,
  "RR@5": 0.7807389937106927,
  "RR@10": 0.7879783831771707,
  "RR@100": 0.7906304369108135,
  "P@1": 0.715633423180593,
  "P@3": 0.2904312668463569,
  "P@5": 0.18436657681940277,
  "P@10": 0.09845013477088707,
  "P@100": 0.010539083557951294,
  "R@1": 0.6949685534591196,
  "R@3": 0.8308625336927223,
  "R@5": 0.8759546271338723,
  "R@10": 0.9309299191374663,
  "R@100": 0.9916891284815812,
  "AP": 0.7840710421512168
}