{
  "nDCG@1": 0.6307277628032345,
  "nDCG@1_std": 0.4827704480110675,
  "nDCG@1_stderr": 0.012532096406649493,
  "nDCG@1_ci90_low": 0.61010141386278,
  "nDCG@1_ci90_high": 0.651354111743689,
  "nDCG@1_ci95_low": 0.6061452422164125,
  "nDCG@1_ci95_high": 0.6553102833900565,
  "nDCG@3": 0.7119970616876561,
  "nDCG@3_std": 0.4066266176219523,
  "nDCG@3_stderr": 0.010555501055506369,
  "nDCG@3_ci90_low": 0.6946239549904647,
  "nDCG@3_ci90_high": 0.7293701683848475,
  "nDCG@3_ci95_low": 0.6912917611871328,
  "nDCG@3_ci95_high": 0.7327023621881794,
  "nDCG@5": 0.7338778339625088,
  "nDCG@5_std": 0.3790092951342144,
  "nDCG@5_stderr": 0.009838591084451294,
  "nDCG@5_ci90_low": 0.7176846763131102,
  "nDCG@5_ci90_high": 0.7500709916119075,
  "nDCG@5_ci95_low": 0.7145787989063694,
  "nDCG@5_ci95_high": 0.7531768690186482,
  "nDCG@10": 0.7564600314793098,
  "nDCG@10_std": 0.3451905306734941,
  "nDCG@10_stderr": 0.008960699700830806,
  "nDCG@10_ci90_low": 0.7417117792489891,
  "nDCG@10_ci90_high": 0.7712082837096306,
  "nDCG@10_ci95_low": 0.7388830373579491,
  "nDCG@10_ci95_high": 0.7740370256006706,
  "nDCG@100": 0.7776445733366718,
  "nDCG@100_std": 0.30466876693651346,
  "nDCG@100_stderr": 0.007908807125774776,
  "nDCG@100_ci90_low": 0.7646276119133278,
  "nDCG@100_ci90_high": 0.7906615347600158,
  "nDCG@100_ci95_low": 0.7621309347818802,
  "nDCG@100_ci95_high": 0.7931582118914634,
  "RR@1": 0.6307277628032345,
  "RR@3": 0.6985624438454635,
  "RR@5": 0.7101527403414207,
  "RR@10": 0.7190251572327049,
  "RR@100": 0.7229685556324204,
  "P@1": 0.6307277628032345,
  "P@3": 0.2688679245282986,
  "P@5": 0.17277628032344647,
  "P@10": 0.09400269541778755,
  "P@100": 0.010458221024258573,
  "R@1": 0.6132075471698113,
  "R@3": 0.7697663971248876,
  "R@5": 0.8226639712488769,
  "R@10": 0.8899932614555256,
  "R@100": 0.9842767295597483,
  "AP": 0.7157134790192426
}