nDCG@1,nDCG@1_std,nDCG@1_stderr,nDCG@1_ci90_low,nDCG@1_ci90_high,nDCG@1_ci95_low,nDCG@1_ci95_high,nDCG@3,nDCG@3_std,nDCG@3_stderr,nDCG@3_ci90_low,nDCG@3_ci90_high,nDCG@3_ci95_low,nDCG@3_ci95_high,nDCG@5,nDCG@5_std,nDCG@5_stderr,nDCG@5_ci90_low,nDCG@5_ci90_high,nDCG@5_ci95_low,nDCG@5_ci95_high,nDCG@10,nDCG@10_std,nDCG@10_stderr,nDCG@10_ci90_low,nDCG@10_ci90_high,nDCG@10_ci95_low,nDCG@10_ci95_high,nDCG@100,nDCG@100_std,nDCG@100_stderr,nDCG@100_ci90_low,nDCG@100_ci90_high,nDCG@100_ci95_low,nDCG@100_ci95_high,RR@1,RR@3,RR@5,RR@10,RR@100,P@1,P@3,P@5,P@10,P@100,R@1,R@3,R@5,R@10,R@100,AP
0.6704851752021563,0.4701954735287672,0.012205666333780302,0.65039609156586,0.6905742588384527,0.6465429683925413,0.6944273820117713,0.7344917856869593,0.40217522180440646,0.01043994857759587,0.7173088647059463,0.7516747066679722,0.7140131488726158,0.7549704225013028,0.7566108553152129,0.373027712475667,0.009683316935318743,0.7406732605562929,0.7725484500741329,0.737616400581774,0.7756053100486517,0.7773732504460154,0.34042572094511386,0.008837011403170066,0.7628285745292352,0.7919179263627955,0.7600388789493882,0.7947076219426426,0.7956989011715938,0.3038560364109917,0.00788770969253207,0.7827166636288914,0.8086811387142963,0.7802266466015872,0.8111711557416004,0.6711590296495957,0.7256289308176106,0.7370507637017079,0.7449476960595561,0.7486063625371687,0.6704851752021563,0.27291105121293463,0.17547169811320373,0.09474393530997081,0.010397574123989032,0.6504941599281221,0.7811096136567833,0.8339510332434861,0.8965633423180593,0.9779874213836479,0.7408836888691676
