nDCG@1,nDCG@1_std,nDCG@1_stderr,nDCG@1_ci90_low,nDCG@1_ci90_high,nDCG@1_ci95_low,nDCG@1_ci95_high,nDCG@3,nDCG@3_std,nDCG@3_stderr,nDCG@3_ci90_low,nDCG@3_ci90_high,nDCG@3_ci95_low,nDCG@3_ci95_high,nDCG@5,nDCG@5_std,nDCG@5_stderr,nDCG@5_ci90_low,nDCG@5_ci90_high,nDCG@5_ci95_low,nDCG@5_ci95_high,nDCG@10,nDCG@10_std,nDCG@10_stderr,nDCG@10_ci90_low,nDCG@10_ci90_high,nDCG@10_ci95_low,nDCG@10_ci95_high,nDCG@100,nDCG@100_std,nDCG@100_stderr,nDCG@100_ci90_low,nDCG@100_ci90_high,nDCG@100_ci95_low,nDCG@100_ci95_high,RR@1,RR@3,RR@5,RR@10,RR@100,P@1,P@3,P@5,P@10,P@100,R@1,R@3,R@5,R@10,R@100,AP
0.6630727762803235,0.4728191146004984,0.012273772662539323,0.6428715976795093,0.6832739548811376,0.6389969744859202,0.6871485780747267,0.7378727115535292,0.39499596887359784,0.010253584457283037,0.720996523879604,0.7547488992274544,0.7177596400584729,0.7579857830485854,0.7591241165039263,0.3663652937732326,0.0095103691630921,0.7434711733294395,0.7747770596784131,0.7404689100521198,0.7777793229557328,0.7807938942129135,0.3307639296271098,0.00858620379728409,0.7666620179609348,0.7949257704648921,0.7639514981156896,0.7976362903101373,0.7993445270764516,0.29294563556094994,0.007604489798167741,0.7868284359930868,0.8118606181598165,0.7844278267136497,0.8142612274392536,0.6630727762803235,0.7256289308176106,0.737118149146452,0.7455167287040607,0.7491899827992281,0.6630727762803235,0.27628032345013115,0.17708894878705814,0.09588948787061764,0.010505390835579326,0.6440363881401617,0.7913297394429469,0.8422057502246181,0.907345013477089,0.9889937106918238,0.7418422808156844
