nDCG@1,nDCG@1_std,nDCG@1_stderr,nDCG@1_ci90_low,nDCG@1_ci90_high,nDCG@1_ci95_low,nDCG@1_ci95_high,nDCG@3,nDCG@3_std,nDCG@3_stderr,nDCG@3_ci90_low,nDCG@3_ci90_high,nDCG@3_ci95_low,nDCG@3_ci95_high,nDCG@5,nDCG@5_std,nDCG@5_stderr,nDCG@5_ci90_low,nDCG@5_ci90_high,nDCG@5_ci95_low,nDCG@5_ci95_high,nDCG@10,nDCG@10_std,nDCG@10_stderr,nDCG@10_ci90_low,nDCG@10_ci90_high,nDCG@10_ci95_low,nDCG@10_ci95_high,nDCG@100,nDCG@100_std,nDCG@100_stderr,nDCG@100_ci90_low,nDCG@100_ci90_high,nDCG@100_ci95_low,nDCG@100_ci95_high,RR@1,RR@3,RR@5,RR@10,RR@100,P@1,P@3,P@5,P@10,P@100,R@1,R@3,R@5,R@10,R@100,AP
0.6516172506738545,0.4766185955626693,0.01237240227400233,0.6312537393941425,0.6719807619535664,0.6273479804943075,0.6758865208534014,0.7233839180781769,0.4063465572571642,0.01054823105067143,0.7060227769493677,0.7407450592069862,0.7026928781640489,0.7440749579923049,0.7461482989691264,0.3772280159011968,0.009792351379499785,0.7300312464068804,0.7622653515313723,0.7269399660957675,0.7653566318424853,0.7652872025427088,0.3477196211070968,0.009026351617317454,0.7504308950202707,0.7801435100651468,0.7475814279255533,0.7829929771598643,0.7835938135509839,0.3126223172489791,0.008115271004625687,0.7702370369945135,0.7969505901074543,0.7676751826958143,0.7995124444061535,0.6522911051212938,0.7112533692722378,0.7234164420485187,0.7306598425533741,0.7341705062079442,0.6516172506738545,0.27133872416890936,0.17479784366576454,0.09400269541778764,0.010323450134770705,0.6320754716981132,0.7757749326145552,0.8302448337825697,0.8877470799640611,0.9696765498652291,0.7280404495969212
