{
  "nDCG@1": 0.7257412398921833,
  "nDCG@1_std": 0.4462903848886338,
  "nDCG@1_stderr": 0.011585121151941033,
  "nDCG@1_ci90_low": 0.7066735002544172,
  "nDCG@1_ci90_high": 0.7448089795299494,
  "nDCG@1_ci95_low": 0.703016272737661,
  "nDCG@1_ci95_high": 0.7484662070467056,
  "nDCG@3": 0.7944167292168727,
  "nDCG@3_std": 0.35967116633637974,
  "nDCG@3_stderr": 0.009336598273132584,
  "nDCG@3_ci90_low": 0.779049792381285,
  "nDCG@3_ci90_high": 0.8097836660524603,
  "nDCG@3_ci95_low": 0.7761023856455619,
  "nDCG@3_ci95_high": 0.8127310727881835,
  "nDCG@5": 0.8149049479623017,
  "nDCG@5_std": 0.3273757514123542,
  "nDCG@5_stderr": 0.008498251073157832,
  "nDCG@5_ci90_low": 0.800917831495057,
  "nDCG@5_ci90_high": 0.8288920644295464,
  "nDCG@5_ci95_low": 0.798235076842651,
  "nDCG@5_ci95_high": 0.8315748190819524,
  "nDCG@10": 0.8298267241719443,
  "nDCG@10_std": 0.2978501459655566,
  "nDCG@10_stderr": 0.0077318045446920294,
  "nDCG@10_ci90_low": 0.8171010880689862,
  "nDCG@10_ci90_high": 0.8425523602749023,
  "nDCG@10_ci95_low": 0.8146602876695626,
  "nDCG@10_ci95_high": 0.844993160674326,
  "nDCG@100": 0.8422156081883194,
  "nDCG@100_std": 0.2674305815916558,
  "nDCG@100_stderr": 0.006942151998740696,
  "nDCG@100_ci90_low": 0.8307896468106426,
  "nDCG@100_ci90_high": 0.8536415695659962,
  "nDCG@100_ci95_low": 0.8285981264128568,
  "nDCG@100_ci95_high": 0.855833089963782,
  "RR@1": 0.7257412398921833,
  "RR@3": 0.7829065588499553,
  "RR@5": 0.7930143755615457,
  "RR@10": 0.7988183480939548,
  "RR@100": 0.8014662932096156,
  "P@1": 0.7257412398921833,
  "P@3": 0.2953728661275784,
  "P@5": 0.18854447439352667,
  "P@10": 0.09939353099730217,
  "P@100": 0.0105323450134769,
  "R@1": 0.7044025157232705,
  "R@3": 0.8443957771787961,
  "R@5": 0.8924640610961365,
  "R@10": 0.9368823000898472,
  "R@100": 0.9898921832884097,
  "AP": 0.7961271449369721
}