nDCG@1,nDCG@1_std,nDCG@1_stderr,nDCG@1_ci90_low,nDCG@1_ci90_high,nDCG@1_ci95_low,nDCG@1_ci95_high,nDCG@3,nDCG@3_std,nDCG@3_stderr,nDCG@3_ci90_low,nDCG@3_ci90_high,nDCG@3_ci95_low,nDCG@3_ci95_high,nDCG@5,nDCG@5_std,nDCG@5_stderr,nDCG@5_ci90_low,nDCG@5_ci90_high,nDCG@5_ci95_low,nDCG@5_ci95_high,nDCG@10,nDCG@10_std,nDCG@10_stderr,nDCG@10_ci90_low,nDCG@10_ci90_high,nDCG@10_ci95_low,nDCG@10_ci95_high,nDCG@100,nDCG@100_std,nDCG@100_stderr,nDCG@100_ci90_low,nDCG@100_ci90_high,nDCG@100_ci95_low,nDCG@100_ci95_high,RR@1,RR@3,RR@5,RR@10,RR@100,P@1,P@3,P@5,P@10,P@100,R@1,R@3,R@5,R@10,R@100,AP
0.612533692722372,0.4873358245366811,0.012650607676316797,0.5917122882443431,0.633355097200401,0.5877187045872776,0.6373486808574664,0.691060900034485,0.4199064672714617,0.010900228776018473,0.6731204122685558,0.7090013878004141,0.6696793937331635,0.7124424063358064,0.7119593364147766,0.39590463455318414,0.010277172243041059,0.695044326034419,0.7288743467951342,0.6917999959468224,0.7321186768827308,0.7307345737282311,0.37001956572868683,0.009605229336556607,0.7149255019241086,0.7465436455323536,0.7118932928885973,0.749575854567865,0.7522033981192648,0.3331110799648531,0.00864713278420672,0.737971239958811,0.7664355562797187,0.7352414858591615,0.7691653103793682,0.6118598382749326,0.6765498652291111,0.6875673854447449,0.6949995721559071,0.6989530952784359,0.612533692722372,0.26100628930817305,0.16752021563341984,0.09022911051212741,0.010128032345013298,0.5943396226415094,0.7472484276729559,0.7976752021563343,0.8539982030548068,0.9518194070080862,0.6936626206603067
