{
  "nDCG@1": 0.7749326145552561,
  "nDCG@1_std": 0.4177674772463883,
  "nDCG@1_stderr": 0.010844703361574573,
  "nDCG@1_ci90_low": 0.7570835150563989,
  "nDCG@1_ci90_high": 0.7927817140541132,
  "nDCG@1_ci95_low": 0.7536600249586397,
  "nDCG@1_ci95_high": 0.7962052041518725,
  "nDCG@3": 0.838934885333989,
  "nDCG@3_std": 0.3244922216583837,
  "nDCG@3_stderr": 0.008423398370352437,
  "nDCG@3_ci90_low": 0.8250709675652781,
  "nDCG@3_ci90_high": 0.8527988031026998,
  "nDCG@3_ci95_low": 0.8224118426497401,
  "nDCG@3_ci95_high": 0.8554579280182378,
  "nDCG@5": 0.8556659823215802,
  "nDCG@5_std": 0.29229834223197276,
  "nDCG@5_stderr": 0.007587686900567976,
  "nDCG@5_ci90_low": 0.8431775468209572,
  "nDCG@5_ci90_high": 0.8681544178222032,
  "nDCG@5_ci95_low": 0.8407822419331323,
  "nDCG@5_ci95_high": 0.8705497227100281,
  "nDCG@10": 0.8681034125550021,
  "nDCG@10_std": 0.2626805300259692,
  "nDCG@10_stderr": 0.0068188468038950165,
  "nDCG@10_ci90_low": 0.8568803969489289,
  "nDCG@10_ci90_high": 0.8793264281610753,
  "nDCG@10_ci95_low": 0.8547278019232332,
  "nDCG@10_ci95_high": 0.8814790231867711,
  "nDCG@100": 0.8766615889503518,
  "nDCG@100_std": 0.23830057003193117,
  "nDCG@100_stderr": 0.006185974575915275,
  "nDCG@100_ci90_low": 0.8664802062032556,
  "nDCG@100_ci90_high": 0.8868429716974481,
  "nDCG@100_ci95_low": 0.8645273982748549,
  "nDCG@100_ci95_high": 0.8887957796258488,
  "RR@1": 0.7756064690026954,
  "RR@3": 0.8281671159029651,
  "RR@5": 0.8367587601078171,
  "RR@10": 0.8416131861549653,
  "RR@100": 0.8435741738318228,
  "P@1": 0.7749326145552561,
  "P@3": 0.30974842767295085,
  "P@5": 0.1948787061994562,
  "P@10": 0.10161725067385188,
  "P@100": 0.010566037735848867,
  "R@1": 0.7537623539982031,
  "R@3": 0.8828054806828393,
  "R@5": 0.9219451931716082,
  "R@10": 0.9591756513926324,
  "R@100": 0.9932614555256065,
  "AP": 0.8391052232457289
}