nDCG@1,nDCG@1_std,nDCG@1_stderr,nDCG@1_ci90_low,nDCG@1_ci90_high,nDCG@1_ci95_low,nDCG@1_ci95_high,nDCG@3,nDCG@3_std,nDCG@3_stderr,nDCG@3_ci90_low,nDCG@3_ci90_high,nDCG@3_ci95_low,nDCG@3_ci95_high,nDCG@5,nDCG@5_std,nDCG@5_stderr,nDCG@5_ci90_low,nDCG@5_ci90_high,nDCG@5_ci95_low,nDCG@5_ci95_high,nDCG@10,nDCG@10_std,nDCG@10_stderr,nDCG@10_ci90_low,nDCG@10_ci90_high,nDCG@10_ci95_low,nDCG@10_ci95_high,nDCG@100,nDCG@100_std,nDCG@100_stderr,nDCG@100_ci90_low,nDCG@100_ci90_high,nDCG@100_ci95_low,nDCG@100_ci95_high,RR@1,RR@3,RR@5,RR@10,RR@100,P@1,P@3,P@5,P@10,P@100,R@1,R@3,R@5,R@10,R@100,AP
0.7675202156334232,0.42255562134608265,0.010968997389333547,0.7494665428609029,0.7855738884059436,0.7460038152331665,0.7890366160336799,0.8316348246397941,0.33000824002864054,0.008566587072729934,0.8175352351970286,0.8457344140825596,0.8148309080211469,0.8484387412584413,0.847568012963914,0.2996859782833652,0.0077794603771648005,0.8347639409953406,0.8603720849324875,0.832308096452695,0.8628279294751331,0.8590591517231358,0.27444781380451244,0.007124310270775918,0.8473333793673536,0.870784924078918,0.8450843546727931,0.8730339487734786,0.8693458417112185,0.2462225271691303,0.00639161833679943,0.8588259936482017,0.8798656897742354,0.8568082674499711,0.881883415972466,0.7675202156334232,0.8205300988319858,0.8288185085354903,0.8330445385701453,0.8354302406113254,0.7675202156334232,0.3084007187780721,0.1935309973045776,0.10080862533692471,0.010552560646900081,0.7448337825696317,0.8778077268643305,0.9162174303683737,0.9503593890386343,0.9919137466307277,0.8301362483772304
