nDCG@1,nDCG@1_std,nDCG@1_stderr,nDCG@1_ci90_low,nDCG@1_ci90_high,nDCG@1_ci95_low,nDCG@1_ci95_high,nDCG@3,nDCG@3_std,nDCG@3_stderr,nDCG@3_ci90_low,nDCG@3_ci90_high,nDCG@3_ci95_low,nDCG@3_ci95_high,nDCG@5,nDCG@5_std,nDCG@5_stderr,nDCG@5_ci90_low,nDCG@5_ci90_high,nDCG@5_ci95_low,nDCG@5_ci95_high,nDCG@10,nDCG@10_std,nDCG@10_stderr,nDCG@10_ci90_low,nDCG@10_ci90_high,nDCG@10_ci95_low,nDCG@10_ci95_high,nDCG@100,nDCG@100_std,nDCG@100_stderr,nDCG@100_ci90_low,nDCG@100_ci90_high,nDCG@100_ci95_low,nDCG@100_ci95_high,RR@1,RR@3,RR@5,RR@10,RR@100,P@1,P@3,P@5,P@10,P@100,R@1,R@3,R@5,R@10,R@100,AP
0.7257412398921833,0.4462903848886338,0.011585121151941033,0.7066735002544172,0.7448089795299494,0.703016272737661,0.7484662070467056,0.7944167292168727,0.35967116633637974,0.009336598273132584,0.779049792381285,0.8097836660524603,0.7761023856455619,0.8127310727881835,0.8149049479623017,0.3273757514123542,0.008498251073157832,0.800917831495057,0.8288920644295464,0.798235076842651,0.8315748190819524,0.8298267241719443,0.2978501459655566,0.0077318045446920294,0.8171010880689862,0.8425523602749023,0.8146602876695626,0.844993160674326,0.8422156081883194,0.2674305815916558,0.006942151998740696,0.8307896468106426,0.8536415695659962,0.8285981264128568,0.855833089963782,0.7257412398921833,0.7829065588499553,0.7930143755615457,0.7988183480939548,0.8014662932096156,0.7257412398921833,0.2953728661275784,0.18854447439352667,0.09939353099730217,0.0105323450134769,0.7044025157232705,0.8443957771787961,0.8924640610961365,0.9368823000898472,0.9898921832884097,0.7961271449369721
