{
  "nDCG@1": 0.6516172506738545,
  "nDCG@1_std": 0.4766185955626693,
  "nDCG@1_stderr": 0.01237240227400233,
  "nDCG@1_ci90_low": 0.6312537393941425,
  "nDCG@1_ci90_high": 0.6719807619535664,
  "nDCG@1_ci95_low": 0.6273479804943075,
  "nDCG@1_ci95_high": 0.6758865208534014,
  "nDCG@3": 0.7233839180781769,
  "nDCG@3_std": 0.4063465572571642,
  "nDCG@3_stderr": 0.01054823105067143,
  "nDCG@3_ci90_low": 0.7060227769493677,
  "nDCG@3_ci90_high": 0.7407450592069862,
  "nDCG@3_ci95_low": 0.7026928781640489,
  "nDCG@3_ci95_high": 0.7440749579923049,
  "nDCG@5": 0.7461482989691264,
  "nDCG@5_std": 0.3772280159011968,
  "nDCG@5_stderr": 0.009792351379499785,
  "nDCG@5_ci90_low": 0.7300312464068804,
  "nDCG@5_ci90_high": 0.7622653515313723,
  "nDCG@5_ci95_low": 0.7269399660957675,
  "nDCG@5_ci95_high": 0.7653566318424853,
  "nDCG@10": 0.7652872025427088,
  "nDCG@10_std": 0.3477196211070968,
  "nDCG@10_stderr": 0.009026351617317454,
  "nDCG@10_ci90_low": 0.7504308950202707,
  "nDCG@10_ci90_high": 0.7801435100651468,
  "nDCG@10_ci95_low": 0.7475814279255533,
  "nDCG@10_ci95_high": 0.7829929771598643,
  "nDCG@100": 0.7835938135509839,
  "nDCG@100_std": 0.3126223172489791,
  "nDCG@100_stderr": 0.008115271004625687,
  "nDCG@100_ci90_low": 0.7702370369945135,
  "nDCG@100_ci90_high": 0.7969505901074543,
  "nDCG@100_ci95_low": 0.7676751826958143,
  "nDCG@100_ci95_high": 0.7995124444061535,
  "RR@1": 0.6522911051212938,
  "RR@3": 0.7112533692722378,
  "RR@5": 0.7234164420485187,
  "RR@10": 0.7306598425533741,
  "RR@100": 0.7341705062079442,
  "P@1": 0.6516172506738545,
  "P@3": 0.27133872416890936,
  "P@5": 0.17479784366576454,
  "P@10": 0.09400269541778764,
  "P@100": 0.010323450134770705,
  "R@1": 0.6320754716981132,
  "R@3": 0.7757749326145552,
  "R@5": 0.8302448337825697,
  "R@10": 0.8877470799640611,
  "R@100": 0.9696765498652291,
  "AP": 0.7280404495969212
}