nDCG@1,nDCG@1_std,nDCG@1_stderr,nDCG@1_ci90_low,nDCG@1_ci90_high,nDCG@1_ci95_low,nDCG@1_ci95_high,nDCG@3,nDCG@3_std,nDCG@3_stderr,nDCG@3_ci90_low,nDCG@3_ci90_high,nDCG@3_ci95_low,nDCG@3_ci95_high,nDCG@5,nDCG@5_std,nDCG@5_stderr,nDCG@5_ci90_low,nDCG@5_ci90_high,nDCG@5_ci95_low,nDCG@5_ci95_high,nDCG@10,nDCG@10_std,nDCG@10_stderr,nDCG@10_ci90_low,nDCG@10_ci90_high,nDCG@10_ci95_low,nDCG@10_ci95_high,nDCG@100,nDCG@100_std,nDCG@100_stderr,nDCG@100_ci90_low,nDCG@100_ci90_high,nDCG@100_ci95_low,nDCG@100_ci95_high,RR@1,RR@3,RR@5,RR@10,RR@100,P@1,P@3,P@5,P@10,P@100,R@1,R@3,R@5,R@10,R@100,AP
0.7749326145552561,0.4177674772463883,0.010844703361574573,0.7570835150563989,0.7927817140541132,0.7536600249586397,0.7962052041518725,0.838934885333989,0.3244922216583837,0.008423398370352437,0.8250709675652781,0.8527988031026998,0.8224118426497401,0.8554579280182378,0.8556659823215802,0.29229834223197276,0.007587686900567976,0.8431775468209572,0.8681544178222032,0.8407822419331323,0.8705497227100281,0.8681034125550021,0.2626805300259692,0.0068188468038950165,0.8568803969489289,0.8793264281610753,0.8547278019232332,0.8814790231867711,0.8766615889503518,0.23830057003193117,0.006185974575915275,0.8664802062032556,0.8868429716974481,0.8645273982748549,0.8887957796258488,0.7756064690026954,0.8281671159029651,0.8367587601078171,0.8416131861549653,0.8435741738318228,0.7749326145552561,0.30974842767295085,0.1948787061994562,0.10161725067385188,0.010566037735848867,0.7537623539982031,0.8828054806828393,0.9219451931716082,0.9591756513926324,0.9932614555256065,0.8391052232457289
