nDCG@1,nDCG@1_std,nDCG@1_stderr,nDCG@1_ci90_low,nDCG@1_ci90_high,nDCG@1_ci95_low,nDCG@1_ci95_high,nDCG@3,nDCG@3_std,nDCG@3_stderr,nDCG@3_ci90_low,nDCG@3_ci90_high,nDCG@3_ci95_low,nDCG@3_ci95_high,nDCG@5,nDCG@5_std,nDCG@5_stderr,nDCG@5_ci90_low,nDCG@5_ci90_high,nDCG@5_ci95_low,nDCG@5_ci95_high,nDCG@10,nDCG@10_std,nDCG@10_stderr,nDCG@10_ci90_low,nDCG@10_ci90_high,nDCG@10_ci95_low,nDCG@10_ci95_high,nDCG@100,nDCG@100_std,nDCG@100_stderr,nDCG@100_ci90_low,nDCG@100_ci90_high,nDCG@100_ci95_low,nDCG@100_ci95_high,RR@1,RR@3,RR@5,RR@10,RR@100,P@1,P@3,P@5,P@10,P@100,R@1,R@3,R@5,R@10,R@100,AP
0.6893530997304582,0.4629144670020279,0.012016660821726985,0.6695750968197468,0.7091311026411696,0.6657816395014878,0.7129245599594286,0.7654030612350735,0.378732715467059,0.009831411434024905,0.7492217204413836,0.7815844020287634,0.7461181095292919,0.7846880129408551,0.7892429070356126,0.34344257857349786,0.008915325125146638,0.77456933599196,0.8039164780792653,0.7717549180898172,0.806730895981408,0.8060191138190221,0.31268672238996253,0.008116942878782885,0.7926595855553648,0.8193786420826795,0.7900972034741682,0.821941024163876,0.8205825028395906,0.27963309230938094,0.007258913394032646,0.8086351896578621,0.832529816021319,0.8063436730256032,0.8348213326535779,0.6886792452830188,0.7525831087151847,0.7642744833782579,0.770678507251958,0.7736929684960351,0.6893530997304582,0.28706199460916015,0.18504043126684208,0.0982479784366553,0.010525606469002505,0.6701482479784366,0.8183400718778077,0.8755615453728661,0.9262129380053908,0.9903414195867026,0.7684360524134858
