{
  "nDCG@1": 0.7021563342318059,
  "nDCG@1_std": 0.4574645741863603,
  "nDCG@1_stderr": 0.011875188653218677,
  "nDCG@1_ci90_low": 0.6826111777833566,
  "nDCG@1_ci90_high": 0.7217014906802552,
  "nDCG@1_ci95_low": 0.6788623808446256,
  "nDCG@1_ci95_high": 0.7254502876189862,
  "nDCG@3": 0.775744348726732,
  "nDCG@3_std": 0.37286850094562685,
  "nDCG@3_stderr": 0.009679184009925871,
  "nDCG@3_ci90_low": 0.7598135562743482,
  "nDCG@3_ci90_high": 0.7916751411791159,
  "nDCG@3_ci95_low": 0.7567580009947283,
  "nDCG@3_ci95_high": 0.7947306964587357,
  "nDCG@5": 0.7953094829335355,
  "nDCG@5_std": 0.34361377659581316,
  "nDCG@5_stderr": 0.008919769204375434,
  "nDCG@5_ci90_low": 0.7806285974609224,
  "nDCG@5_ci90_high": 0.8099903684061487,
  "nDCG@5_ci95_low": 0.7778127766378582,
  "nDCG@5_ci95_high": 0.8128061892292129,
  "nDCG@10": 0.8129156547415481,
  "nDCG@10_std": 0.310039013961846,
  "nDCG@10_stderr": 0.008048211792581242,
  "nDCG@10_ci90_low": 0.7996692497192903,
  "nDCG@10_ci90_high": 0.826162059763806,
  "nDCG@10_ci95_low": 0.7971285648837606,
  "nDCG@10_ci95_high": 0.8287027445993357,
  "nDCG@100": 0.8272351349812213,
  "nDCG@100_std": 0.27740701764850223,
  "nDCG@100_stderr": 0.007201127375080028,
  "nDCG@100_ci90_low": 0.8153829307543012,
  "nDCG@100_ci90_high": 0.8390873392081413,
  "nDCG@100_ci95_low": 0.8131096561944234,
  "nDCG@100_ci95_high": 0.8413606137680191,
  "RR@1": 0.7021563342318059,
  "RR@3": 0.7634770889487874,
  "RR@5": 0.7730458221024266,
  "RR@10": 0.7799530975912381,
  "RR@100": 0.7828326636874594,
  "P@1": 0.7021563342318059,
  "P@3": 0.28998203054806376,
  "P@5": 0.18463611859837858,
  "P@10": 0.09818059299191134,
  "P@100": 0.010518867924528113,
  "R@1": 0.6817722371967655,
  "R@3": 0.8264824797843666,
  "R@5": 0.8733153638814015,
  "R@10": 0.9271114106019765,
  "R@100": 0.9896675651392631,
  "AP": 0.7774161004402714
}