{
  "nDCG@1": 0.704177897574124,
  "nDCG@1_std": 0.4565652772057831,
  "nDCG@1_stderr": 0.011851844066769293,
  "nDCG@1_ci90_low": 0.6846711635547998,
  "nDCG@1_ci90_high": 0.7236846315934481,
  "nDCG@1_ci95_low": 0.6809297361086112,
  "nDCG@1_ci95_high": 0.7274260590396368,
  "nDCG@3": 0.7779193142303977,
  "nDCG@3_std": 0.3717821011700079,
  "nDCG@3_stderr": 0.00965098247691922,
  "nDCG@3_ci90_low": 0.7620349381669065,
  "nDCG@3_ci90_high": 0.793803690293889,
  "nDCG@3_ci95_low": 0.7589882856360084,
  "nDCG@3_ci95_high": 0.7968503428247871,
  "nDCG@5": 0.7981975323113344,
  "nDCG@5_std": 0.3405567143920465,
  "nDCG@5_stderr": 0.008840411823623226,
  "nDCG@5_ci90_low": 0.7836472597045405,
  "nDCG@5_ci90_high": 0.8127478049181283,
  "nDCG@5_ci95_low": 0.7808564906692598,
  "nDCG@5_ci95_high": 0.815538573953409,
  "nDCG@10": 0.8152961605293566,
  "nDCG@10_std": 0.3080301250765507,
  "nDCG@10_stderr": 0.007996063635450898,
  "nDCG@10_ci90_low": 0.802135585207946,
  "nDCG@10_ci90_high": 0.8284567358507672,
  "nDCG@10_ci95_low": 0.7996113626668286,
  "nDCG@10_ci95_high": 0.8309809583918846,
  "nDCG@100": 0.829395827968321,
  "nDCG@100_std": 0.2753178615846671,
  "nDCG@100_stderr": 0.007146895585813759,
  "nDCG@100_ci90_low": 0.8176328828543837,
  "nDCG@100_ci90_high": 0.8411587730822583,
  "nDCG@100_ci95_low": 0.8153767283564705,
  "nDCG@100_ci95_high": 0.8434149275801716,
  "RR@1": 0.704177897574124,
  "RR@3": 0.7650494159928126,
  "RR@5": 0.7756289308176106,
  "RR@10": 0.7822508877764944,
  "RR@100": 0.7851635935881764,
  "P@1": 0.704177897574124,
  "P@3": 0.2911051212937961,
  "P@5": 0.18557951482479357,
  "P@10": 0.09845013477088707,
  "P@100": 0.010518867924528113,
  "R@1": 0.6837938005390836,
  "R@3": 0.828728661275831,
  "R@5": 0.8771900269541777,
  "R@10": 0.9286837376460019,
  "R@100": 0.9901168014375561,
  "AP": 0.7799719594642339
}