{
  "nDCG@1": 0.6502695417789758,
  "nDCG@1_std": 0.4770455067368672,
  "nDCG@1_stderr": 0.01238348433591015,
  "nDCG@1_ci90_low": 0.6298877907356621,
  "nDCG@1_ci90_high": 0.6706512928222894,
  "nDCG@1_ci95_low": 0.6259785334156364,
  "nDCG@1_ci95_high": 0.6745605501423152,
  "nDCG@3": 0.7302755197118587,
  "nDCG@3_std": 0.3991898833615973,
  "nDCG@3_stderr": 0.010362453052909355,
  "nDCG@3_ci90_low": 0.7132201472017193,
  "nDCG@3_ci90_high": 0.747330892221998,
  "nDCG@3_ci95_low": 0.709948895399588,
  "nDCG@3_ci95_high": 0.7506021440241293,
  "nDCG@5": 0.7494339252941995,
  "nDCG@5_std": 0.37473627431341633,
  "nDCG@5_stderr": 0.009727668990743035,
  "nDCG@5_ci90_low": 0.7334233322960606,
  "nDCG@5_ci90_high": 0.7654445182923384,
  "nDCG@5_ci95_low": 0.7303524711250592,
  "nDCG@5_ci95_high": 0.7685153794633398,
  "nDCG@10": 0.7699352706974103,
  "nDCG@10_std": 0.3417610859140945,
  "nDCG@10_stderr": 0.00887167575058046,
  "nDCG@10_ci90_low": 0.7553335413633663,
  "nDCG@10_ci90_high": 0.7845370000314543,
  "nDCG@10_ci95_low": 0.7525329028332007,
  "nDCG@10_ci95_high": 0.7873376385616199,
  "nDCG@100": 0.7913780607641053,
  "nDCG@100_std": 0.29915394171373794,
  "nDCG@100_stderr": 0.007765649395962656,
  "nDCG@100_ci90_low": 0.7785967200376355,
  "nDCG@100_ci90_high": 0.8041594014905752,
  "nDCG@100_ci95_low": 0.7761452353890146,
  "nDCG@100_ci95_high": 0.8066108861391961,
  "RR@1": 0.6495956873315364,
  "RR@3": 0.7168688230008989,
  "RR@5": 0.72647124887691,
  "RR@10": 0.7347609955932061,
  "RR@100": 0.7393247332752534,
  "P@1": 0.6502695417789758,
  "P@3": 0.2756064690026918,
  "P@5": 0.1757412398921795,
  "P@10": 0.09454177897573901,
  "P@100": 0.010478436657681752,
  "R@1": 0.6306154537286613,
  "R@3": 0.7852088948787062,
  "R@5": 0.8312556154537286,
  "R@10": 0.8928009883198561,
  "R@100": 0.9856244384546272,
  "AP": 0.7331527407803792
}