{
  "nDCG@1": 0.543800539083558,
  "nDCG@1_std": 0.49824571882904234,
  "nDCG@1_stderr": 0.012933814421098928,
  "nDCG@1_ci90_low": 0.522513009788849,
  "nDCG@1_ci90_high": 0.565088068378267,
  "nDCG@1_ci95_low": 0.5184300225350179,
  "nDCG@1_ci95_high": 0.569171055632098,
  "nDCG@3": 0.6308074188619546,
  "nDCG@3_std": 0.4382506765799758,
  "nDCG@3_stderr": 0.011376420722947225,
  "nDCG@3_ci90_low": 0.6120831754544094,
  "nDCG@3_ci90_high": 0.6495316622694998,
  "nDCG@3_ci95_low": 0.6084918311460947,
  "nDCG@3_ci95_high": 0.6531230065778144,
  "nDCG@5": 0.6550834213553294,
  "nDCG@5_std": 0.41462761525604436,
  "nDCG@5_stderr": 0.010763196605457508,
  "nDCG@5_ci90_low": 0.6373684723400085,
  "nDCG@5_ci90_high": 0.6727983703706503,
  "nDCG@5_ci95_low": 0.6339707125516145,
  "nDCG@5_ci95_high": 0.6761961301590442,
  "nDCG@10": 0.681265607324118,
  "nDCG@10_std": 0.38291096898845145,
  "nDCG@10_stderr": 0.009939873491214272,
  "nDCG@10_ci90_low": 0.6649057508084137,
  "nDCG@10_ci90_high": 0.6976254638398223,
  "nDCG@10_ci95_low": 0.6617679002526554,
  "nDCG@10_ci95_high": 0.7007633143955806,
  "nDCG@100": 0.7097269029825768,
  "nDCG@100_std": 0.33865607117174495,
  "nDCG@100_stderr": 0.008791073583949292,
  "nDCG@100_ci90_low": 0.6952578352847303,
  "nDCG@100_ci90_high": 0.7241959706804233,
  "nDCG@100_ci95_low": 0.6924826415002733,
  "nDCG@100_ci95_high": 0.7269711644648803,
  "RR@1": 0.543800539083558,
  "RR@3": 0.6153414195867029,
  "RR@5": 0.6283468104222828,
  "RR@10": 0.6385805737389297,
  "RR@100": 0.6440842281333106,
  "P@1": 0.543800539083558,
  "P@3": 0.24258760107816527,
  "P@5": 0.15822102425875714,
  "P@10": 0.08766846361185796,
  "P@100": 0.010188679245282837,
  "R@1": 0.5276841868823001,
  "R@3": 0.6921046720575024,
  "R@5": 0.7496630727762803,
  "R@10": 0.829177897574124,
  "R@100": 0.9586702605570531,
  "AP": 0.6377991146072481
}