nDCG@1,nDCG@1_std,nDCG@1_stderr,nDCG@1_ci90_low,nDCG@1_ci90_high,nDCG@1_ci95_low,nDCG@1_ci95_high,nDCG@3,nDCG@3_std,nDCG@3_stderr,nDCG@3_ci90_low,nDCG@3_ci90_high,nDCG@3_ci95_low,nDCG@3_ci95_high,nDCG@5,nDCG@5_std,nDCG@5_stderr,nDCG@5_ci90_low,nDCG@5_ci90_high,nDCG@5_ci95_low,nDCG@5_ci95_high,nDCG@10,nDCG@10_std,nDCG@10_stderr,nDCG@10_ci90_low,nDCG@10_ci90_high,nDCG@10_ci95_low,nDCG@10_ci95_high,nDCG@100,nDCG@100_std,nDCG@100_stderr,nDCG@100_ci90_low,nDCG@100_ci90_high,nDCG@100_ci95_low,nDCG@100_ci95_high,RR@1,RR@3,RR@5,RR@10,RR@100,P@1,P@3,P@5,P@10,P@100,R@1,R@3,R@5,R@10,R@100,AP
0.7021563342318059,0.4574645741863603,0.011875188653218677,0.6826111777833566,0.7217014906802552,0.6788623808446256,0.7254502876189862,0.7761996343350954,0.3720967239996496,0.009659149678638065,0.7603018160232322,0.7920974526469586,0.7572525852443841,0.7951466834258067,0.7952785050038603,0.3435979566353158,0.008919358538662736,0.7805982954384548,0.8099587145692658,0.7777826042556356,0.812774405752085,0.8130794644306856,0.30960268575244626,0.00803688527661974,0.7998517015144985,0.8263072273468727,0.7973145922691849,0.8288443365921863,0.8272156400125114,0.2773849186388527,0.00720055371337277,0.815364379964934,0.8390669000600887,0.81309128650039,0.8413399935246327,0.7021563342318059,0.763814016172507,0.7732142857142865,0.7801365357463743,0.783015821224733,0.7021563342318059,0.2904312668463567,0.18463611859837858,0.09824797843665528,0.010518867924528113,0.6817722371967655,0.8274932614555256,0.8733153638814015,0.9277852650494159,0.9896675651392631,0.7773640432703597
