nDCG@1,nDCG@1_std,nDCG@1_stderr,nDCG@1_ci90_low,nDCG@1_ci90_high,nDCG@1_ci95_low,nDCG@1_ci95_high,nDCG@3,nDCG@3_std,nDCG@3_stderr,nDCG@3_ci90_low,nDCG@3_ci90_high,nDCG@3_ci95_low,nDCG@3_ci95_high,nDCG@5,nDCG@5_std,nDCG@5_stderr,nDCG@5_ci90_low,nDCG@5_ci90_high,nDCG@5_ci95_low,nDCG@5_ci95_high,nDCG@10,nDCG@10_std,nDCG@10_stderr,nDCG@10_ci90_low,nDCG@10_ci90_high,nDCG@10_ci95_low,nDCG@10_ci95_high,nDCG@100,nDCG@100_std,nDCG@100_stderr,nDCG@100_ci90_low,nDCG@100_ci90_high,nDCG@100_ci95_low,nDCG@100_ci95_high,RR@1,RR@3,RR@5,RR@10,RR@100,P@1,P@3,P@5,P@10,P@100,R@1,R@3,R@5,R@10,R@100,AP
0.7021563342318059,0.4574645741863603,0.011875188653218677,0.6826111777833566,0.7217014906802552,0.6788623808446256,0.7254502876189862,0.775744348726732,0.37286850094562685,0.009679184009925871,0.7598135562743482,0.7916751411791159,0.7567580009947283,0.7947306964587357,0.7953094829335355,0.34361377659581316,0.008919769204375434,0.7806285974609224,0.8099903684061487,0.7778127766378582,0.8128061892292129,0.8129156547415481,0.310039013961846,0.008048211792581242,0.7996692497192903,0.826162059763806,0.7971285648837606,0.8287027445993357,0.8272351349812213,0.27740701764850223,0.007201127375080028,0.8153829307543012,0.8390873392081413,0.8131096561944234,0.8413606137680191,0.7021563342318059,0.7634770889487874,0.7730458221024266,0.7799530975912381,0.7828326636874594,0.7021563342318059,0.28998203054806376,0.18463611859837858,0.09818059299191134,0.010518867924528113,0.6817722371967655,0.8264824797843666,0.8733153638814015,0.9271114106019765,0.9896675651392631,0.7774161004402714
