{
  "nDCG@1": 0.6502695417789758,
  "nDCG@1_std": 0.4770455067368672,
  "nDCG@1_stderr": 0.01238348433591015,
  "nDCG@1_ci90_low": 0.6298877907356621,
  "nDCG@1_ci90_high": 0.6706512928222894,
  "nDCG@1_ci95_low": 0.6259785334156364,
  "nDCG@1_ci95_high": 0.6745605501423152,
  "nDCG@3": 0.7304821056932487,
  "nDCG@3_std": 0.39889091736575516,
  "nDCG@3_stderr": 0.010354692282345127,
  "nDCG@3_ci90_low": 0.7134395064938556,
  "nDCG@3_ci90_high": 0.7475247048926418,
  "nDCG@3_ci95_low": 0.710170704636208,
  "nDCG@3_ci95_high": 0.7507935067502893,
  "nDCG@5": 0.7494625677967671,
  "nDCG@5_std": 0.37470077370928345,
  "nDCG@5_stderr": 0.009726747440976846,
  "nDCG@5_ci90_low": 0.7334534915605829,
  "nDCG@5_ci90_high": 0.7654716440329513,
  "nDCG@5_ci95_low": 0.7303829213073129,
  "nDCG@5_ci95_high": 0.7685422142862214,
  "nDCG@10": 0.7697570848422517,
  "nDCG@10_std": 0.34209263420227864,
  "nDCG@10_stderr": 0.008880282315311383,
  "nDCG@10_ci90_low": 0.7551411901202664,
  "nDCG@10_ci90_high": 0.784372979564237,
  "nDCG@10_ci95_low": 0.7523378346426519,
  "nDCG@10_ci95_high": 0.7871763350418515,
  "nDCG@100": 0.7913865793014326,
  "nDCG@100_std": 0.29915406232317776,
  "nDCG@100_stderr": 0.007765652526827716,
  "nDCG@100_ci90_low": 0.7786052334219291,
  "nDCG@100_ci90_high": 0.8041679251809362,
  "nDCG@100_ci95_low": 0.7761537477849468,
  "nDCG@100_ci95_high": 0.8066194108179184,
  "RR@1": 0.6495956873315364,
  "RR@3": 0.7168688230008989,
  "RR@5": 0.7264375561545382,
  "RR@10": 0.7348040474051257,
  "RR@100": 0.739305334160328,
  "P@1": 0.6502695417789758,
  "P@3": 0.27583108715183824,
  "P@5": 0.1757412398921795,
  "P@10": 0.09447439353099507,
  "P@100": 0.010478436657681752,
  "R@1": 0.6306154537286613,
  "R@3": 0.7855458221024259,
  "R@5": 0.8312556154537286,
  "R@10": 0.8921271338724168,
  "R@100": 0.9856244384546272,
  "AP": 0.7331617132761885
}