nDCG@1,nDCG@1_std,nDCG@1_stderr,nDCG@1_ci90_low,nDCG@1_ci90_high,nDCG@1_ci95_low,nDCG@1_ci95_high,nDCG@3,nDCG@3_std,nDCG@3_stderr,nDCG@3_ci90_low,nDCG@3_ci90_high,nDCG@3_ci95_low,nDCG@3_ci95_high,nDCG@5,nDCG@5_std,nDCG@5_stderr,nDCG@5_ci90_low,nDCG@5_ci90_high,nDCG@5_ci95_low,nDCG@5_ci95_high,nDCG@10,nDCG@10_std,nDCG@10_stderr,nDCG@10_ci90_low,nDCG@10_ci90_high,nDCG@10_ci95_low,nDCG@10_ci95_high,nDCG@100,nDCG@100_std,nDCG@100_stderr,nDCG@100_ci90_low,nDCG@100_ci90_high,nDCG@100_ci95_low,nDCG@100_ci95_high,RR@1,RR@3,RR@5,RR@10,RR@100,P@1,P@3,P@5,P@10,P@100,R@1,R@3,R@5,R@10,R@100,AP
0.6900269541778976,0.46263807067532614,0.012009485930581638,0.6702607602896811,0.7097931480661142,0.6664695679636463,0.7135843403921489,0.7659886880857666,0.3783060972790192,0.009820336977658797,0.7498255745378559,0.7821518016336773,0.7467254596450138,0.7852519165265194,0.7892776380875807,0.3438697723896259,0.00892641452407339,0.7745858152044607,0.8039694609707007,0.7717678965659538,0.8067873796092075,0.8062865258027148,0.3126814772781859,0.008116806722465283,0.7929272216362576,0.8196458299691719,0.7903648825373161,0.8222081690681134,0.8208532799963411,0.27960524256092967,0.007258190450584201,0.8089071566940508,0.8327994032986313,0.8066158682828556,0.8350906917098265,0.6886792452830188,0.7525831087151847,0.7644092542677459,0.770649627775639,0.7737195831809027,0.6900269541778976,0.2872866127583066,0.18490566037735423,0.0982479784366553,0.010525606469002505,0.670822102425876,0.8190139263252469,0.8748876909254267,0.9262129380053908,0.9903414195867026,0.7688003187727944
