nDCG@1,nDCG@1_std,nDCG@1_stderr,nDCG@1_ci90_low,nDCG@1_ci90_high,nDCG@1_ci95_low,nDCG@1_ci95_high,nDCG@3,nDCG@3_std,nDCG@3_stderr,nDCG@3_ci90_low,nDCG@3_ci90_high,nDCG@3_ci95_low,nDCG@3_ci95_high,nDCG@5,nDCG@5_std,nDCG@5_stderr,nDCG@5_ci90_low,nDCG@5_ci90_high,nDCG@5_ci95_low,nDCG@5_ci95_high,nDCG@10,nDCG@10_std,nDCG@10_stderr,nDCG@10_ci90_low,nDCG@10_ci90_high,nDCG@10_ci95_low,nDCG@10_ci95_high,nDCG@100,nDCG@100_std,nDCG@100_stderr,nDCG@100_ci90_low,nDCG@100_ci90_high,nDCG@100_ci95_low,nDCG@100_ci95_high,RR@1,RR@3,RR@5,RR@10,RR@100,P@1,P@3,P@5,P@10,P@100,R@1,R@3,R@5,R@10,R@100,AP
0.6502695417789758,0.4770455067368672,0.01238348433591015,0.6298877907356621,0.6706512928222894,0.6259785334156364,0.6745605501423152,0.7304821056932487,0.39889091736575516,0.010354692282345127,0.7134395064938556,0.7475247048926418,0.710170704636208,0.7507935067502893,0.7494625677967671,0.37470077370928345,0.009726747440976846,0.7334534915605829,0.7654716440329513,0.7303829213073129,0.7685422142862214,0.7697570848422517,0.34209263420227864,0.008880282315311383,0.7551411901202664,0.784372979564237,0.7523378346426519,0.7871763350418515,0.7913865793014326,0.29915406232317776,0.007765652526827716,0.7786052334219291,0.8041679251809362,0.7761537477849468,0.8066194108179184,0.6495956873315364,0.7168688230008989,0.7264375561545382,0.7348040474051257,0.739305334160328,0.6502695417789758,0.27583108715183824,0.1757412398921795,0.09447439353099507,0.010478436657681752,0.6306154537286613,0.7855458221024259,0.8312556154537286,0.8921271338724168,0.9856244384546272,0.7331617132761885
