{
  "nDCG@1": 0.6900269541778976,
  "nDCG@1_std": 0.46263807067532614,
  "nDCG@1_stderr": 0.012009485930581638,
  "nDCG@1_ci90_low": 0.6702607602896811,
  "nDCG@1_ci90_high": 0.7097931480661142,
  "nDCG@1_ci95_low": 0.6664695679636463,
  "nDCG@1_ci95_high": 0.7135843403921489,
  "nDCG@3": 0.7659886880857666,
  "nDCG@3_std": 0.3783060972790192,
  "nDCG@3_stderr": 0.009820336977658797,
  "nDCG@3_ci90_low": 0.7498255745378559,
  "nDCG@3_ci90_high": 0.7821518016336773,
  "nDCG@3_ci95_low": 0.7467254596450138,
  "nDCG@3_ci95_high": 0.7852519165265194,
  "nDCG@5": 0.7892776380875807,
  "nDCG@5_std": 0.3438697723896259,
  "nDCG@5_stderr": 0.00892641452407339,
  "nDCG@5_ci90_low": 0.7745858152044607,
  "nDCG@5_ci90_high": 0.8039694609707007,
  "nDCG@5_ci95_low": 0.7717678965659538,
  "nDCG@5_ci95_high": 0.8067873796092075,
  "nDCG@10": 0.8062865258027148,
  "nDCG@10_std": 0.3126814772781859,
  "nDCG@10_stderr": 0.008116806722465283,
  "nDCG@10_ci90_low": 0.7929272216362576,
  "nDCG@10_ci90_high": 0.8196458299691719,
  "nDCG@10_ci95_low": 0.7903648825373161,
  "nDCG@10_ci95_high": 0.8222081690681134,
  "nDCG@100": 0.8208532799963411,
  "nDCG@100_std": 0.27960524256092967,
  "nDCG@100_stderr": 0.007258190450584201,
  "nDCG@100_ci90_low": 0.8089071566940508,
  "nDCG@100_ci90_high": 0.8327994032986313,
  "nDCG@100_ci95_low": 0.8066158682828556,
  "nDCG@100_ci95_high": 0.8350906917098265,
  "RR@1": 0.6886792452830188,
  "RR@3": 0.7525831087151847,
  "RR@5": 0.7644092542677459,
  "RR@10": 0.770649627775639,
  "RR@100": 0.7737195831809027,
  "P@1": 0.6900269541778976,
  "P@3": 0.2872866127583066,
  "P@5": 0.18490566037735423,
  "P@10": 0.0982479784366553,
  "P@100": 0.010525606469002505,
  "R@1": 0.670822102425876,
  "R@3": 0.8190139263252469,
  "R@5": 0.8748876909254267,
  "R@10": 0.9262129380053908,
  "R@100": 0.9903414195867026,
  "AP": 0.7688003187727944
}