nDCG@1,nDCG@1_std,nDCG@1_stderr,nDCG@1_ci90_low,nDCG@1_ci90_high,nDCG@1_ci95_low,nDCG@1_ci95_high,nDCG@3,nDCG@3_std,nDCG@3_stderr,nDCG@3_ci90_low,nDCG@3_ci90_high,nDCG@3_ci95_low,nDCG@3_ci95_high,nDCG@5,nDCG@5_std,nDCG@5_stderr,nDCG@5_ci90_low,nDCG@5_ci90_high,nDCG@5_ci95_low,nDCG@5_ci95_high,nDCG@10,nDCG@10_std,nDCG@10_stderr,nDCG@10_ci90_low,nDCG@10_ci90_high,nDCG@10_ci95_low,nDCG@10_ci95_high,nDCG@100,nDCG@100_std,nDCG@100_stderr,nDCG@100_ci90_low,nDCG@100_ci90_high,nDCG@100_ci95_low,nDCG@100_ci95_high,RR@1,RR@3,RR@5,RR@10,RR@100,P@1,P@3,P@5,P@10,P@100,R@1,R@3,R@5,R@10,R@100,AP
0.16442048517520216,0.3707816474500946,0.009625011992354564,0.14857885345865826,0.18026211689174607,0.1455403993720861,0.18330057097831823,0.23709640964850348,0.38291537778030715,0.009939987937748439,0.22073636476733563,0.2534564545296713,0.2175984780827351,0.2565943412142718,0.2722769260955748,0.37848822252600667,0.009825064713506622,0.2561060312534472,0.2884478209377024,0.253004423894069,0.2915494282970806,0.30176441680609795,0.3694925555743745,0.009591548834594786,0.2859778614906769,0.317550972121519,0.2829499711590928,0.3205788624531031,0.3675414025599111,0.32813098733069956,0.008517856020762769,0.3535220186669191,0.38156078645290303,0.3508330750629342,0.38424973005688795,0.16442048517520216,0.2219227313566936,0.24156558849955034,0.25387065203439835,0.2660867441144391,0.16442048517520216,0.0999550763701706,0.07762803234501421,0.048247978436657825,0.008200808625336786,0.1601527403414196,0.2916666666666667,0.3765723270440251,0.4664195867026055,0.7838050314465408,0.2607854480590567
