nDCG@1,nDCG@1_std,nDCG@1_stderr,nDCG@1_ci90_low,nDCG@1_ci90_high,nDCG@1_ci95_low,nDCG@1_ci95_high,nDCG@3,nDCG@3_std,nDCG@3_stderr,nDCG@3_ci90_low,nDCG@3_ci90_high,nDCG@3_ci95_low,nDCG@3_ci95_high,nDCG@5,nDCG@5_std,nDCG@5_stderr,nDCG@5_ci90_low,nDCG@5_ci90_high,nDCG@5_ci95_low,nDCG@5_ci95_high,nDCG@10,nDCG@10_std,nDCG@10_stderr,nDCG@10_ci90_low,nDCG@10_ci90_high,nDCG@10_ci95_low,nDCG@10_ci95_high,nDCG@100,nDCG@100_std,nDCG@100_stderr,nDCG@100_ci90_low,nDCG@100_ci90_high,nDCG@100_ci95_low,nDCG@100_ci95_high,RR@1,RR@3,RR@5,RR@10,RR@100,P@1,P@3,P@5,P@10,P@100,R@1,R@3,R@5,R@10,R@100,AP
0.13746630727762804,0.3444550391299843,0.008941607291658884,0.12274947889539432,0.15218313565986175,0.11992676415618722,0.15500585039906886,0.2064282261638253,0.3640228507136081,0.009449562371020959,0.19087536377953596,0.22198108854811466,0.18789229618176526,0.22496415614588536,0.23549816086601305,0.3630190180091333,0.00942350417238752,0.21998818719565727,0.25100813453636883,0.21701334573206588,0.2539829759999602,0.26439844074887686,0.3558283915225467,0.009236844809277446,0.24919568632034472,0.279601195177409,0.24627977007212856,0.2825171114256252,0.3230245341009045,0.325186804366281,0.00844142883906406,0.30913094031254473,0.33691812788926423,0.30646612348188146,0.3395829447199275,0.13611859838274934,0.19081311769991033,0.2075584007187778,0.21975623582766424,0.23067855945159202,0.13746630727762804,0.08805031446540836,0.06725067385444804,0.04285714285714328,0.007284366576819284,0.13420934411500451,0.25673854447439354,0.32670709793351305,0.41453279424977535,0.6977201257861634,0.22684137920304634
