{
  "nDCG@1": 0.16172506738544473,
  "nDCG@1_std": 0.36832252993856635,
  "nDCG@1_stderr": 0.009561176482420771,
  "nDCG@1_ci90_low": 0.14598850137059682,
  "nDCG@1_ci90_high": 0.17746163340029264,
  "nDCG@1_ci95_low": 0.14297019907876327,
  "nDCG@1_ci95_high": 0.1804799356921262,
  "nDCG@3": 0.23934218318913877,
  "nDCG@3_std": 0.3817392889444944,
  "nDCG@3_stderr": 0.009909458192744552,
  "nDCG@3_ci90_low": 0.22303238665853253,
  "nDCG@3_ci90_high": 0.255651979719745,
  "nDCG@3_ci95_low": 0.21990413769994657,
  "nDCG@3_ci95_high": 0.258780228678331,
  "nDCG@5": 0.2747767701361026,
  "nDCG@5_std": 0.3773826498592681,
  "nDCG@5_stderr": 0.00979636547704506,
  "nDCG@5_ci90_low": 0.2586531108439079,
  "nDCG@5_ci90_high": 0.29090042942829725,
  "nDCG@5_ci95_low": 0.25556056334984495,
  "nDCG@5_ci95_high": 0.2939929769223602,
  "nDCG@10": 0.3045371380965386,
  "nDCG@10_std": 0.3677911317249621,
  "nDCG@10_stderr": 0.009547382072115322,
  "nDCG@10_ci90_low": 0.28882327605005764,
  "nDCG@10_ci90_high": 0.32025100014301955,
  "nDCG@10_ci95_low": 0.28580932842109597,
  "nDCG@10_ci95_high": 0.3232649477719812,
  "nDCG@100": 0.369571275174313,
  "nDCG@100_std": 0.32625620487052354,
  "nDCG@100_stderr": 0.008469189092972932,
  "nDCG@100_ci90_low": 0.3556319912902805,
  "nDCG@100_ci90_high": 0.38351055905834547,
  "nDCG@100_ci95_low": 0.35295841101527026,
  "nDCG@100_ci95_high": 0.3861841393333557,
  "RR@1": 0.16172506738544473,
  "RR@3": 0.2234950584007188,
  "RR@5": 0.24296945193171576,
  "RR@10": 0.2553983228511529,
  "RR@100": 0.26735418800279515,
  "P@1": 0.16172506738544473,
  "P@3": 0.10197663971248871,
  "P@5": 0.07884097035040506,
  "P@10": 0.048989218328841067,
  "P@100": 0.00824797843665754,
  "R@1": 0.15734501347708896,
  "R@3": 0.2973944294699012,
  "R@5": 0.38297394429469894,
  "R@10": 0.47349505840071876,
  "R@100": 0.786668912848158,
  "AP": 0.26198596034102645
}