{
  "nDCG@1": 0.13746630727762804,
  "nDCG@1_std": 0.3444550391299843,
  "nDCG@1_stderr": 0.008941607291658884,
  "nDCG@1_ci90_low": 0.12274947889539432,
  "nDCG@1_ci90_high": 0.15218313565986175,
  "nDCG@1_ci95_low": 0.11992676415618722,
  "nDCG@1_ci95_high": 0.15500585039906886,
  "nDCG@3": 0.2064282261638253,
  "nDCG@3_std": 0.3640228507136081,
  "nDCG@3_stderr": 0.009449562371020959,
  "nDCG@3_ci90_low": 0.19087536377953596,
  "nDCG@3_ci90_high": 0.22198108854811466,
  "nDCG@3_ci95_low": 0.18789229618176526,
  "nDCG@3_ci95_high": 0.22496415614588536,
  "nDCG@5": 0.23549816086601305,
  "nDCG@5_std": 0.3630190180091333,
  "nDCG@5_stderr": 0.00942350417238752,
  "nDCG@5_ci90_low": 0.21998818719565727,
  "nDCG@5_ci90_high": 0.25100813453636883,
  "nDCG@5_ci95_low": 0.21701334573206588,
  "nDCG@5_ci95_high": 0.2539829759999602,
  "nDCG@10": 0.26439844074887686,
  "nDCG@10_std": 0.3558283915225467,
  "nDCG@10_stderr": 0.009236844809277446,
  "nDCG@10_ci90_low": 0.24919568632034472,
  "nDCG@10_ci90_high": 0.279601195177409,
  "nDCG@10_ci95_low": 0.24627977007212856,
  "nDCG@10_ci95_high": 0.2825171114256252,
  "nDCG@100": 0.3230245341009045,
  "nDCG@100_std": 0.325186804366281,
  "nDCG@100_stderr": 0.00844142883906406,
  "nDCG@100_ci90_low": 0.30913094031254473,
  "nDCG@100_ci90_high": 0.33691812788926423,
  "nDCG@100_ci95_low": 0.30646612348188146,
  "nDCG@100_ci95_high": 0.3395829447199275,
  "RR@1": 0.13611859838274934,
  "RR@3": 0.19081311769991033,
  "RR@5": 0.2075584007187778,
  "RR@10": 0.21975623582766424,
  "RR@100": 0.23067855945159202,
  "P@1": 0.13746630727762804,
  "P@3": 0.08805031446540836,
  "P@5": 0.06725067385444804,
  "P@10": 0.04285714285714328,
  "P@100": 0.007284366576819284,
  "R@1": 0.13420934411500451,
  "R@3": 0.25673854447439354,
  "R@5": 0.32670709793351305,
  "R@10": 0.41453279424977535,
  "R@100": 0.6977201257861634,
  "AP": 0.22684137920304634
}