nDCG@1,nDCG@1_std,nDCG@1_stderr,nDCG@1_ci90_low,nDCG@1_ci90_high,nDCG@1_ci95_low,nDCG@1_ci95_high,nDCG@3,nDCG@3_std,nDCG@3_stderr,nDCG@3_ci90_low,nDCG@3_ci90_high,nDCG@3_ci95_low,nDCG@3_ci95_high,nDCG@5,nDCG@5_std,nDCG@5_stderr,nDCG@5_ci90_low,nDCG@5_ci90_high,nDCG@5_ci95_low,nDCG@5_ci95_high,nDCG@10,nDCG@10_std,nDCG@10_stderr,nDCG@10_ci90_low,nDCG@10_ci90_high,nDCG@10_ci95_low,nDCG@10_ci95_high,nDCG@100,nDCG@100_std,nDCG@100_stderr,nDCG@100_ci90_low,nDCG@100_ci90_high,nDCG@100_ci95_low,nDCG@100_ci95_high,RR@1,RR@3,RR@5,RR@10,RR@100,P@1,P@3,P@5,P@10,P@100,R@1,R@3,R@5,R@10,R@100,AP
0.1522911051212938,0.3594239512019637,0.00933018088799551,0.13693473054287586,0.16764747969971172,0.13398934966749554,0.17059286057509204,0.2298096594110907,0.37562288761694207,0.009750684325341452,0.21376118589344373,0.24585813292873765,0.21068305916916094,0.24893625965302044,0.2637785239668634,0.3720548561545944,0.009658062843533032,0.24788249445708005,0.27967455347664677,0.24483360677375934,0.28272344115996745,0.29285885393133276,0.3628252163192037,0.009418473331183435,0.2773571604307724,0.3083605474318931,0.2743839071189701,0.31133380074369543,0.35430694098915316,0.3262671175566855,0.008469472372191039,0.34036719086102146,0.36824669111728486,0.3376935211595359,0.37092036081877044,0.1509433962264151,0.2130503144654087,0.2315813117699905,0.24392354426047105,0.25528777923764945,0.1522911051212938,0.09883198562443832,0.0762803234501355,0.047439353099730644,0.007884097035040295,0.14836028751123093,0.28796046720575025,0.37005840071877805,0.4582210242587601,0.7531446540880502,0.25080379285595195
