nDCG@1,nDCG@1_std,nDCG@1_stderr,nDCG@1_ci90_low,nDCG@1_ci90_high,nDCG@1_ci95_low,nDCG@1_ci95_high,nDCG@3,nDCG@3_std,nDCG@3_stderr,nDCG@3_ci90_low,nDCG@3_ci90_high,nDCG@3_ci95_low,nDCG@3_ci95_high,nDCG@5,nDCG@5_std,nDCG@5_stderr,nDCG@5_ci90_low,nDCG@5_ci90_high,nDCG@5_ci95_low,nDCG@5_ci95_high,nDCG@10,nDCG@10_std,nDCG@10_stderr,nDCG@10_ci90_low,nDCG@10_ci90_high,nDCG@10_ci95_low,nDCG@10_ci95_high,nDCG@100,nDCG@100_std,nDCG@100_stderr,nDCG@100_ci90_low,nDCG@100_ci90_high,nDCG@100_ci95_low,nDCG@100_ci95_high,RR@1,RR@3,RR@5,RR@10,RR@100,P@1,P@3,P@5,P@10,P@100,R@1,R@3,R@5,R@10,R@100,AP
0.1623989218328841,0.36894069337053376,0.00957722320557128,0.14663594480903072,0.17816189885673747,0.1436125768371158,0.18118526682865238,0.24227380192177286,0.38294248347751625,0.009940691566589005,0.2259125989507277,0.25863500489281804,0.22277449014235967,0.26177311370118606,0.2774756638339021,0.37837605080268827,0.009822152880654139,0.26130956152436624,0.29364176614343795,0.25820887338154974,0.29674245428625445,0.3054753267470202,0.36898285319301244,0.009578317620032577,0.28971054844636274,0.3212401050476777,0.2866868349862453,0.3242638185077951,0.36879302364312383,0.32897263414277617,0.00853970408340361,0.3547376804222525,0.38284836686399515,0.35204183975307246,0.3855442075331752,0.16037735849056603,0.22461814914645106,0.24402515723270402,0.2556475420356818,0.26749342205063664,0.1623989218328841,0.10332434860736746,0.07951482479784443,0.048921832884097134,0.008119946091644063,0.1584681042228212,0.3014375561545373,0.38690476190476186,0.4723719676549865,0.7757187780772685,0.2633307105758472
