{
  "nDCG@1": 0.15498652291105122,
  "nDCG@1_std": 0.3620138284041158,
  "nDCG@1_stderr": 0.009397410750371033,
  "nDCG@1_ci90_low": 0.13951949592815288,
  "nDCG@1_ci90_high": 0.17045354989394956,
  "nDCG@1_ci95_low": 0.13655289171816923,
  "nDCG@1_ci95_high": 0.17342015410393322,
  "nDCG@3": 0.22894100735497583,
  "nDCG@3_std": 0.37834308155726426,
  "nDCG@3_stderr": 0.009821297041685929,
  "nDCG@3_ci90_low": 0.21277631365519067,
  "nDCG@3_ci90_high": 0.24510570105476098,
  "nDCG@3_ci95_low": 0.20967589568631398,
  "nDCG@3_ci95_high": 0.24820611902363768,
  "nDCG@5": 0.2598102508570811,
  "nDCG@5_std": 0.3749746501252057,
  "nDCG@5_stderr": 0.009733856918497654,
  "nDCG@5_ci90_low": 0.24378947326149383,
  "nDCG@5_ci90_high": 0.2758310284526683,
  "nDCG@5_ci95_low": 0.24071665866597844,
  "nDCG@5_ci95_high": 0.2789038430481838,
  "nDCG@10": 0.29794990352015044,
  "nDCG@10_std": 0.36317654243827474,
  "nDCG@10_stderr": 0.009427593302823188,
  "nDCG@10_ci90_low": 0.28243319962457997,
  "nDCG@10_ci90_high": 0.3134666074157209,
  "nDCG@10_ci95_low": 0.2794570672914195,
  "nDCG@10_ci95_high": 0.3164427397488814,
  "nDCG@100": 0.35663680190079433,
  "nDCG@100_std": 0.3272155377046043,
  "nDCG@100_stderr": 0.00849409213252785,
  "nDCG@100_ci90_low": 0.3426565305580901,
  "nDCG@100_ci90_high": 0.3706170732434986,
  "nDCG@100_ci95_low": 0.3399750888131551,
  "nDCG@100_ci95_high": 0.3732985149884336,
  "RR@1": 0.15498652291105122,
  "RR@3": 0.21260107816711582,
  "RR@5": 0.2301212938005386,
  "RR@10": 0.24603147862918706,
  "RR@100": 0.2568001982733552,
  "P@1": 0.15498652291105122,
  "P@3": 0.09703504043126668,
  "P@5": 0.07398921832884164,
  "P@10": 0.04912398921832894,
  "P@100": 0.007964959568733016,
  "R@1": 0.15184186882300088,
  "R@3": 0.28408580413297396,
  "R@5": 0.3584344115004492,
  "R@10": 0.4747304582210243,
  "R@100": 0.7569070080862533,
  "AP": 0.25258161931930034
}