{
  "nDCG@1": 0.13140161725067384,
  "nDCG@1_std": 0.33795294736084847,
  "nDCG@1_stderr": 0.00877282139925102,
  "nDCG@1_ci90_low": 0.11696259049077551,
  "nDCG@1_ci90_high": 0.14584064401057217,
  "nDCG@1_ci95_low": 0.11419315861344428,
  "nDCG@1_ci95_high": 0.1486100758879034,
  "nDCG@3": 0.19681270123240352,
  "nDCG@3_std": 0.35801250405510043,
  "nDCG@3_stderr": 0.009293541545653298,
  "nDCG@3_ci90_low": 0.18151663067939178,
  "nDCG@3_ci90_high": 0.21210877178541526,
  "nDCG@3_ci95_low": 0.17858281622694758,
  "nDCG@3_ci95_high": 0.21504258623785946,
  "nDCG@5": 0.2255417728317579,
  "nDCG@5_std": 0.35705933946004487,
  "nDCG@5_stderr": 0.009268798625605368,
  "nDCG@5_ci90_low": 0.21028642619964125,
  "nDCG@5_ci90_high": 0.24079711946387453,
  "nDCG@5_ci95_low": 0.2073604226700918,
  "nDCG@5_ci95_high": 0.24372312299342397,
  "nDCG@10": 0.2587357543179489,
  "nDCG@10_std": 0.34989162504876525,
  "nDCG@10_stderr": 0.009082734030335386,
  "nDCG@10_ci90_low": 0.24378664801011404,
  "nDCG@10_ci90_high": 0.27368486062578373,
  "nDCG@10_ci95_low": 0.24091938193775567,
  "nDCG@10_ci95_high": 0.27655212669814205,
  "nDCG@100": 0.31468288794076255,
  "nDCG@100_std": 0.32089346999072293,
  "nDCG@100_stderr": 0.008329979431748138,
  "nDCG@100_ci90_low": 0.3009727266995132,
  "nDCG@100_ci90_high": 0.3283930491820119,
  "nDCG@100_ci95_low": 0.2983430925686091,
  "nDCG@100_ci95_high": 0.331022683312916,
  "RR@1": 0.13140161725067384,
  "RR@3": 0.18250224618149163,
  "RR@5": 0.19928122192273115,
  "RR@10": 0.212862063064219,
  "RR@100": 0.22275164824285348,
  "P@1": 0.13140161725067384,
  "P@3": 0.08445642407906515,
  "P@5": 0.06536388140161781,
  "P@10": 0.04319407008086295,
  "P@100": 0.007243935309972924,
  "R@1": 0.12780772686433065,
  "R@3": 0.24528301886792453,
  "R@5": 0.3145777178796047,
  "R@10": 0.41700359389038627,
  "R@100": 0.6908692722371967,
  "AP": 0.2181873686684678
}