nDCG@1,nDCG@1_std,nDCG@1_stderr,nDCG@1_ci90_low,nDCG@1_ci90_high,nDCG@1_ci95_low,nDCG@1_ci95_high,nDCG@3,nDCG@3_std,nDCG@3_stderr,nDCG@3_ci90_low,nDCG@3_ci90_high,nDCG@3_ci95_low,nDCG@3_ci95_high,nDCG@5,nDCG@5_std,nDCG@5_stderr,nDCG@5_ci90_low,nDCG@5_ci90_high,nDCG@5_ci95_low,nDCG@5_ci95_high,nDCG@10,nDCG@10_std,nDCG@10_stderr,nDCG@10_ci90_low,nDCG@10_ci90_high,nDCG@10_ci95_low,nDCG@10_ci95_high,nDCG@100,nDCG@100_std,nDCG@100_stderr,nDCG@100_ci90_low,nDCG@100_ci90_high,nDCG@100_ci95_low,nDCG@100_ci95_high,RR@1,RR@3,RR@5,RR@10,RR@100,P@1,P@3,P@5,P@10,P@100,R@1,R@3,R@5,R@10,R@100,AP
0.15768194070080863,0.3645653670629918,0.00946364539375085,0.14210589932622608,0.17325798207539117,0.13911838595550477,0.17624549544611248,0.22943150527908912,0.38004429002114626,0.009865458213035605,0.21319412751270242,0.24566888304547582,0.2100797686062288,0.24878324195194945,0.26102103855574316,0.37640924410772186,0.009771097122754894,0.2449389679870811,0.2771031091244052,0.24185439728664862,0.2801876798248377,0.29837705863671843,0.3650343424471081,0.009475819388141567,0.28278098030677307,0.3139731369666638,0.27978962381117717,0.3169644934622597,0.3581959575369247,0.32835236960230396,0.008523602818193927,0.3441671150948394,0.37222479997901,0.3414763573237497,0.37491555775009966,0.15768194070080863,0.21451033243486062,0.2328391734052107,0.2482977153125398,0.25916449031944594,0.15768194070080863,0.09658580413297375,0.07385444743935378,0.048854447439353216,0.007985175202156197,0.15436882300089846,0.28161500449236293,0.35764824797843664,0.47102425876010784,0.7596024258760108,0.2541881083984185
