nDCG@1,nDCG@1_std,nDCG@1_stderr,nDCG@1_ci90_low,nDCG@1_ci90_high,nDCG@1_ci95_low,nDCG@1_ci95_high,nDCG@3,nDCG@3_std,nDCG@3_stderr,nDCG@3_ci90_low,nDCG@3_ci90_high,nDCG@3_ci95_low,nDCG@3_ci95_high,nDCG@5,nDCG@5_std,nDCG@5_stderr,nDCG@5_ci90_low,nDCG@5_ci90_high,nDCG@5_ci95_low,nDCG@5_ci95_high,nDCG@10,nDCG@10_std,nDCG@10_stderr,nDCG@10_ci90_low,nDCG@10_ci90_high,nDCG@10_ci95_low,nDCG@10_ci95_high,nDCG@100,nDCG@100_std,nDCG@100_stderr,nDCG@100_ci90_low,nDCG@100_ci90_high,nDCG@100_ci95_low,nDCG@100_ci95_high,RR@1,RR@3,RR@5,RR@10,RR@100,P@1,P@3,P@5,P@10,P@100,R@1,R@3,R@5,R@10,R@100,AP
0.13679245283018868,0.34374394576949846,0.008923148227761225,0.12210600588460471,0.15147889977577264,0.11928911836080042,0.15429578729957694,0.20415521497267322,0.3628987617787238,0.009420382476187596,0.18865037924516567,0.21966005070018077,0.18567652324845818,0.22263390669688826,0.23452975931061942,0.36112407004164954,0.009374313774110394,0.21910074721975212,0.24995877140148673,0.2161414343359468,0.25291808428529206,0.2664220139944165,0.35366301800676364,0.009180634513539593,0.2513117750665886,0.28153225292224443,0.24841360346148852,0.2844304245273445,0.32619339172105366,0.3214682207645509,0.008344899218444037,0.3124586742749587,0.3399281091671486,0.30982433021882094,0.3425624532232864,0.13679245283018868,0.18879155435759223,0.20671608265947852,0.2200190925426772,0.23083835941537323,0.13679245283018868,0.087376460017969,0.06805929919137525,0.044137466307277995,0.007513477088948659,0.13319856244384548,0.25449236298292904,0.3280548068283918,0.42508984725965854,0.7156895777178796,0.22636305674945634
