{
  "nDCG@1": 0.14487870619946092,
  "nDCG@1_std": 0.35209715427223415,
  "nDCG@1_stderr": 0.009139986716306673,
  "nDCG@1_ci90_low": 0.12983536873984564,
  "nDCG@1_ci90_high": 0.1599220436590762,
  "nDCG@1_ci95_low": 0.12695002895934074,
  "nDCG@1_ci95_high": 0.1628073834395811,
  "nDCG@3": 0.21876092026397878,
  "nDCG@3_std": 0.37029561965336916,
  "nDCG@3_stderr": 0.0096123953393884,
  "nDCG@3_ci90_low": 0.20294005406647467,
  "nDCG@3_ci90_high": 0.2345817864614829,
  "nDCG@3_ci95_low": 0.19990558284462978,
  "nDCG@3_ci95_high": 0.23761625768332778,
  "nDCG@5": 0.24853016959376073,
  "nDCG@5_std": 0.3676305943502719,
  "nDCG@5_stderr": 0.009543214729510205,
  "nDCG@5_ci90_low": 0.23282316650047788,
  "nDCG@5_ci90_high": 0.2642371726870436,
  "nDCG@5_ci95_low": 0.22981053443134913,
  "nDCG@5_ci95_high": 0.2672498047561723,
  "nDCG@10": 0.28633094162173567,
  "nDCG@10_std": 0.35736829055087127,
  "nDCG@10_stderr": 0.00927681859632049,
  "nDCG@10_ci90_low": 0.27106239506607116,
  "nDCG@10_ci90_high": 0.3015994881774002,
  "nDCG@10_ci95_low": 0.26813385976691845,
  "nDCG@10_ci95_high": 0.3045280234765529,
  "nDCG@100": 0.3456841361423441,
  "nDCG@100_std": 0.32228408756041993,
  "nDCG@100_stderr": 0.008366078065208452,
  "nDCG@100_ci90_low": 0.33191456081857695,
  "nDCG@100_ci90_high": 0.35945371146611127,
  "nDCG@100_ci95_low": 0.32927353095741874,
  "nDCG@100_ci95_high": 0.3620947413272695,
  "RR@1": 0.14285714285714285,
  "RR@3": 0.20148247978436654,
  "RR@5": 0.21900269541778938,
  "RR@10": 0.2348815941470926,
  "RR@100": 0.24536382183352035,
  "P@1": 0.14487870619946092,
  "P@3": 0.09389038634321627,
  "P@5": 0.07142857142857208,
  "P@10": 0.04764150943396244,
  "P@100": 0.00787061994609151,
  "R@1": 0.14128481581311772,
  "R@3": 0.2735287511230907,
  "R@5": 0.3451819407008086,
  "R@10": 0.45945642407906556,
  "R@100": 0.7487084456424079,
  "AP": 0.24151250102573682
}