{
  "nDCG@1": 0.15768194070080863,
  "nDCG@1_std": 0.3645653670629918,
  "nDCG@1_stderr": 0.00946364539375085,
  "nDCG@1_ci90_low": 0.14210589932622608,
  "nDCG@1_ci90_high": 0.17325798207539117,
  "nDCG@1_ci95_low": 0.13911838595550477,
  "nDCG@1_ci95_high": 0.17624549544611248,
  "nDCG@3": 0.22943150527908912,
  "nDCG@3_std": 0.38004429002114626,
  "nDCG@3_stderr": 0.009865458213035605,
  "nDCG@3_ci90_low": 0.21319412751270242,
  "nDCG@3_ci90_high": 0.24566888304547582,
  "nDCG@3_ci95_low": 0.2100797686062288,
  "nDCG@3_ci95_high": 0.24878324195194945,
  "nDCG@5": 0.26102103855574316,
  "nDCG@5_std": 0.37640924410772186,
  "nDCG@5_stderr": 0.009771097122754894,
  "nDCG@5_ci90_low": 0.2449389679870811,
  "nDCG@5_ci90_high": 0.2771031091244052,
  "nDCG@5_ci95_low": 0.24185439728664862,
  "nDCG@5_ci95_high": 0.2801876798248377,
  "nDCG@10": 0.29837705863671843,
  "nDCG@10_std": 0.3650343424471081,
  "nDCG@10_stderr": 0.009475819388141567,
  "nDCG@10_ci90_low": 0.28278098030677307,
  "nDCG@10_ci90_high": 0.3139731369666638,
  "nDCG@10_ci95_low": 0.27978962381117717,
  "nDCG@10_ci95_high": 0.3169644934622597,
  "nDCG@100": 0.3581959575369247,
  "nDCG@100_std": 0.32835236960230396,
  "nDCG@100_stderr": 0.008523602818193927,
  "nDCG@100_ci90_low": 0.3441671150948394,
  "nDCG@100_ci90_high": 0.37222479997901,
  "nDCG@100_ci95_low": 0.3414763573237497,
  "nDCG@100_ci95_high": 0.37491555775009966,
  "RR@1": 0.15768194070080863,
  "RR@3": 0.21451033243486062,
  "RR@5": 0.2328391734052107,
  "RR@10": 0.2482977153125398,
  "RR@100": 0.25916449031944594,
  "P@1": 0.15768194070080863,
  "P@3": 0.09658580413297375,
  "P@5": 0.07385444743935378,
  "P@10": 0.048854447439353216,
  "P@100": 0.007985175202156197,
  "R@1": 0.15436882300089846,
  "R@3": 0.28161500449236293,
  "R@5": 0.35764824797843664,
  "R@10": 0.47102425876010784,
  "R@100": 0.7596024258760108,
  "AP": 0.2541881083984185
}