nDCG@1,nDCG@1_std,nDCG@1_stderr,nDCG@1_ci90_low,nDCG@1_ci90_high,nDCG@1_ci95_low,nDCG@1_ci95_high,nDCG@3,nDCG@3_std,nDCG@3_stderr,nDCG@3_ci90_low,nDCG@3_ci90_high,nDCG@3_ci95_low,nDCG@3_ci95_high,nDCG@5,nDCG@5_std,nDCG@5_stderr,nDCG@5_ci90_low,nDCG@5_ci90_high,nDCG@5_ci95_low,nDCG@5_ci95_high,nDCG@10,nDCG@10_std,nDCG@10_stderr,nDCG@10_ci90_low,nDCG@10_ci90_high,nDCG@10_ci95_low,nDCG@10_ci95_high,nDCG@100,nDCG@100_std,nDCG@100_stderr,nDCG@100_ci90_low,nDCG@100_ci90_high,nDCG@100_ci95_low,nDCG@100_ci95_high,RR@1,RR@3,RR@5,RR@10,RR@100,P@1,P@3,P@5,P@10,P@100,R@1,R@3,R@5,R@10,R@100,AP
0.15498652291105122,0.3620138284041158,0.009397410750371033,0.13951949592815288,0.17045354989394956,0.13655289171816923,0.17342015410393322,0.22894100735497583,0.37834308155726426,0.009821297041685929,0.21277631365519067,0.24510570105476098,0.20967589568631398,0.24820611902363768,0.2598102508570811,0.3749746501252057,0.009733856918497654,0.24378947326149383,0.2758310284526683,0.24071665866597844,0.2789038430481838,0.29794990352015044,0.36317654243827474,0.009427593302823188,0.28243319962457997,0.3134666074157209,0.2794570672914195,0.3164427397488814,0.35663680190079433,0.3272155377046043,0.00849409213252785,0.3426565305580901,0.3706170732434986,0.3399750888131551,0.3732985149884336,0.15498652291105122,0.21260107816711582,0.2301212938005386,0.24603147862918706,0.2568001982733552,0.15498652291105122,0.09703504043126668,0.07398921832884164,0.04912398921832894,0.007964959568733016,0.15184186882300088,0.28408580413297396,0.3584344115004492,0.4747304582210243,0.7569070080862533,0.25258161931930034
