{
  "nDCG@1": 0.8005390835579514,
  "nDCG@1_std": 0.39972982171243276,
  "nDCG@1_stderr": 0.010376469154131363,
  "nDCG@1_ci90_low": 0.7834606422024083,
  "nDCG@1_ci90_high": 0.8176175249134946,
  "nDCG@1_ci95_low": 0.7801849657533187,
  "nDCG@1_ci95_high": 0.8208932013625841,
  "nDCG@3": 0.8644037408536306,
  "nDCG@3_std": 0.2953511774480643,
  "nDCG@3_stderr": 0.007666934554187396,
  "nDCG@3_ci90_low": 0.8517848730850752,
  "nDCG@3_ci90_high": 0.877022608622186,
  "nDCG@3_ci95_low": 0.8493645510484735,
  "nDCG@3_ci95_high": 0.8794429306587876,
  "nDCG@5": 0.8786822434062592,
  "nDCG@5_std": 0.26362466164735204,
  "nDCG@5_stderr": 0.006843355239629809,
  "nDCG@5_ci90_low": 0.8674188898127458,
  "nDCG@5_ci90_high": 0.8899455969997726,
  "nDCG@5_ci95_low": 0.8652585578869014,
  "nDCG@5_ci95_high": 0.892105928925617,
  "nDCG@10": 0.8894338622527902,
  "nDCG@10_std": 0.235088461421974,
  "nDCG@10_stderr": 0.006102592390998088,
  "nDCG@10_ci90_low": 0.879389716723292,
  "nDCG@10_ci90_high": 0.8994780077822884,
  "nDCG@10_ci95_low": 0.8774632311455243,
  "nDCG@10_ci95_high": 0.9014044933600561,
  "nDCG@100": 0.8955097659096871,
  "nDCG@100_std": 0.21568217049026558,
  "nDCG@100_stderr": 0.005598830178846108,
  "nDCG@100_ci90_low": 0.8862947534185646,
  "nDCG@100_ci90_high": 0.9047247784008097,
  "nDCG@100_ci95_low": 0.8845272970818399,
  "nDCG@100_ci95_high": 0.9064922347375344,
  "RR@1": 0.8005390835579514,
  "RR@3": 0.8536612758310871,
  "RR@5": 0.8608041329739446,
  "RR@10": 0.864905553416335,
  "RR@100": 0.8660918556741942,
  "P@1": 0.8005390835579514,
  "P@3": 0.3185085354896622,
  "P@5": 0.19905660377357992,
  "P@10": 0.10323450134770623,
  "P@100": 0.010626684636118407,
  "R@1": 0.7786949685534592,
  "R@3": 0.9083557951482479,
  "R@5": 0.9419923629829289,
  "R@10": 0.9732142857142857,
  "R@100": 0.9986522911051213,
  "AP": 0.861699616916616
}