{
  "nDCG@1": 0.784366576819407,
  "nDCG@1_std": 0.4113996835813681,
  "nDCG@1_stderr": 0.010679403674246041,
  "nDCG@1_ci90_low": 0.7667895410615196,
  "nDCG@1_ci90_high": 0.8019436125772944,
  "nDCG@1_ci95_low": 0.7634182332894418,
  "nDCG@1_ci95_high": 0.8053149203493722,
  "nDCG@3": 0.8496993573641392,
  "nDCG@3_std": 0.31182922897275694,
  "nDCG@3_stderr": 0.008094683458769169,
  "nDCG@3_ci90_low": 0.8363764654739597,
  "nDCG@3_ci90_high": 0.8630222492543186,
  "nDCG@3_ci95_low": 0.8338211103165487,
  "nDCG@3_ci95_high": 0.8655776044117296,
  "nDCG@5": 0.8653999518104865,
  "nDCG@5_std": 0.27875038194935586,
  "nDCG@5_stderr": 0.00723599937479937,
  "nDCG@5_ci90_low": 0.853490352395154,
  "nDCG@5_ci90_high": 0.8773095512258189,
  "nDCG@5_ci95_low": 0.8512060693326231,
  "nDCG@5_ci95_high": 0.8795938342883498,
  "nDCG@10": 0.8784150851397519,
  "nDCG@10_std": 0.24677016561821874,
  "nDCG@10_stderr": 0.006405834322612644,
  "nDCG@10_ci90_low": 0.8678718392449276,
  "nDCG@10_ci90_high": 0.8889583310345761,
  "nDCG@10_ci95_low": 0.8658496252995417,
  "nDCG@10_ci95_high": 0.890980544979962,
  "nDCG@100": 0.885351683446865,
  "nDCG@100_std": 0.22616924126201027,
  "nDCG@100_stderr": 0.005871060971920351,
  "nDCG@100_ci90_low": 0.8756886112578209,
  "nDCG@100_ci90_high": 0.895014755635909,
  "nDCG@100_ci95_low": 0.8738352162473196,
  "nDCG@100_ci95_high": 0.8968681506464103,
  "RR@1": 0.784366576819407,
  "RR@3": 0.8393980233602877,
  "RR@5": 0.8479896675651396,
  "RR@10": 0.8526355196166517,
  "RR@100": 0.8540159087530613,
  "P@1": 0.784366576819407,
  "P@3": 0.31289308176100095,
  "P@5": 0.19622641509433475,
  "P@10": 0.10262803234501085,
  "P@100": 0.010613207547169622,
  "R@1": 0.7622978436657682,
  "R@3": 0.8928009883198561,
  "R@5": 0.9298629829290206,
  "R@10": 0.9677111410601976,
  "R@100": 0.9973045822102425,
  "AP": 0.8489054965426707
}