{
  "nDCG@1": 0.7924528301886793,
  "nDCG@1_std": 0.4056873754425544,
  "nDCG@1_stderr": 0.010531119543361417,
  "nDCG@1_ci90_low": 0.7751198525777062,
  "nDCG@1_ci90_high": 0.8097858077996524,
  "nDCG@1_ci95_low": 0.7717953556068844,
  "nDCG@1_ci95_high": 0.8131103047704742,
  "nDCG@3": 0.8569390888540355,
  "nDCG@3_std": 0.3036905504671903,
  "nDCG@3_stderr": 0.00788341389147339,
  "nDCG@3_ci90_low": 0.8439639216919573,
  "nDCG@3_ci90_high": 0.8699142560161136,
  "nDCG@3_ci95_low": 0.8414752607766551,
  "nDCG@3_ci95_high": 0.8724029169314158,
  "nDCG@5": 0.8723573724701575,
  "nDCG@5_std": 0.27057801148240773,
  "nDCG@5_stderr": 0.0070238552077639,
  "nDCG@5_ci90_low": 0.8607969372706887,
  "nDCG@5_ci90_high": 0.8839178076696264,
  "nDCG@5_ci95_low": 0.8585796245466658,
  "nDCG@5_ci95_high": 0.8861351203936493,
  "nDCG@10": 0.8835350554363197,
  "nDCG@10_std": 0.24183200578542344,
  "nDCG@10_stderr": 0.006277646080455336,
  "nDCG@10_ci90_low": 0.8732027922316221,
  "nDCG@10_ci90_high": 0.8938673186410173,
  "nDCG@10_ci95_low": 0.8712210451540741,
  "nDCG@10_ci95_high": 0.8958490657185654,
  "nDCG@100": 0.8902006553601391,
  "nDCG@100_std": 0.22141364841601438,
  "nDCG@100_stderr": 0.00574761193260503,
  "nDCG@100_ci90_low": 0.8807407656936881,
  "nDCG@100_ci90_high": 0.8996605450265902,
  "nDCG@100_ci95_low": 0.878926341464552,
  "nDCG@100_ci95_high": 0.9014749692557263,
  "RR@1": 0.7924528301886793,
  "RR@3": 0.846473495058401,
  "RR@5": 0.8543912848158136,
  "RR@10": 0.8585493946006078,
  "RR@100": 0.8598784634025761,
  "P@1": 0.7924528301886793,
  "P@3": 0.3158131176999047,
  "P@5": 0.19797843665767703,
  "P@10": 0.10289757412398656,
  "P@100": 0.010619946091644015,
  "R@1": 0.7707210242587601,
  "R@3": 0.9007749326145552,
  "R@5": 0.9372753818508535,
  "R@10": 0.9697327044025157,
  "R@100": 0.9979784366576819,
  "AP": 0.8549805775232877
}