{
  "nDCG@1": 0.8066037735849056,
  "nDCG@1_std": 0.3950940574605485,
  "nDCG@1_stderr": 0.010256130710130788,
  "nDCG@1_ci90_low": 0.7897233950798518,
  "nDCG@1_ci90_high": 0.8234841520899595,
  "nDCG@1_ci95_low": 0.7864857074496059,
  "nDCG@1_ci95_high": 0.8267218397202054,
  "nDCG@3": 0.8707069831885054,
  "nDCG@3_std": 0.2866712507646197,
  "nDCG@3_stderr": 0.00744161488425374,
  "nDCG@3_ci90_low": 0.8584589649557655,
  "nDCG@3_ci90_high": 0.8829550014212453,
  "nDCG@3_ci95_low": 0.8561097725419048,
  "nDCG@3_ci95_high": 0.885304193835106,
  "nDCG@5": 0.8849478137474969,
  "nDCG@5_std": 0.2549078352867374,
  "nDCG@5_stderr": 0.006617077701803504,
  "nDCG@5_ci90_low": 0.8740568862270957,
  "nDCG@5_ci90_high": 0.8958387412678981,
  "nDCG@5_ci95_low": 0.8719679863067443,
  "nDCG@5_ci95_high": 0.8979276411882494,
  "nDCG@10": 0.8940933664360564,
  "nDCG@10_std": 0.22949197140271485,
  "nDCG@10_stderr": 0.005957314748695924,
  "nDCG@10_ci90_low": 0.8842883307287409,
  "nDCG@10_ci90_high": 0.9038984021433719,
  "nDCG@10_ci95_low": 0.8824077068544487,
  "nDCG@10_ci95_high": 0.9057790260176641,
  "nDCG@100": 0.9000746700232793,
  "nDCG@100_std": 0.20993024211425865,
  "nDCG@100_stderr": 0.005449517557849453,
  "nDCG@100_ci90_low": 0.891105408452191,
  "nDCG@100_ci90_high": 0.9090439315943677,
  "nDCG@100_ci95_low": 0.8893850875937186,
  "nDCG@100_ci95_high": 0.9107642524528401,
  "RR@1": 0.807277628032345,
  "RR@3": 0.8607367475292002,
  "RR@5": 0.8674415992812222,
  "RR@10": 0.8710806806999528,
  "RR@100": 0.8722749164978851,
  "P@1": 0.8066037735849056,
  "P@3": 0.3203054806828337,
  "P@5": 0.20040431266845857,
  "P@10": 0.10330188679245016,
  "P@100": 0.010626684636118407,
  "R@1": 0.784085804132974,
  "R@3": 0.9140835579514824,
  "R@5": 0.9475516621743035,
  "R@10": 0.9738881401617251,
  "R@100": 0.9986522911051213,
  "AP": 0.8674528339521179
}