{
  "nDCG@1": 0.648921832884097,
  "nDCG@1_std": 0.47746822959385116,
  "nDCG@1_stderr": 0.012394457674520338,
  "nDCG@1_ci90_low": 0.6285220210228746,
  "nDCG@1_ci90_high": 0.6693216447453194,
  "nDCG@1_ci95_low": 0.6246092996047707,
  "nDCG@1_ci95_high": 0.6732343661634232,
  "nDCG@3": 0.7248954070565317,
  "nDCG@3_std": 0.40249793134453665,
  "nDCG@3_stderr": 0.010448325699859502,
  "nDCG@3_ci90_low": 0.7076986983227502,
  "nDCG@3_ci90_high": 0.7420921157903131,
  "nDCG@3_ci95_low": 0.7044003379730912,
  "nDCG@3_ci95_high": 0.7453904761399721,
  "nDCG@5": 0.745391969871155,
  "nDCG@5_std": 0.37710957476187335,
  "nDCG@5_stderr": 0.009789276800716784,
  "nDCG@5_ci90_low": 0.72927997770206,
  "nDCG@5_ci90_high": 0.76150396204025,
  "nDCG@5_ci95_low": 0.7261896679836564,
  "nDCG@5_ci95_high": 0.7645942717586536,
  "nDCG@10": 0.7649256603504725,
  "nDCG@10_std": 0.3460264193894998,
  "nDCG@10_stderr": 0.00898239829074527,
  "nDCG@10_ci90_low": 0.750141694806707,
  "nDCG@10_ci90_high": 0.779709625894238,
  "nDCG@10_ci95_low": 0.7473061030364927,
  "nDCG@10_ci95_high": 0.7825452176644523,
  "nDCG@100": 0.7856672792486948,
  "nDCG@100_std": 0.3062207253339815,
  "nDCG@100_stderr": 0.007949093958442987,
  "nDCG@100_ci90_low": 0.7725840104621328,
  "nDCG@100_ci90_high": 0.7987505480352569,
  "nDCG@100_ci95_low": 0.77007461545652,
  "nDCG@100_ci95_high": 0.8012599430408697,
  "RR@1": 0.648921832884097,
  "RR@3": 0.7120395327942506,
  "RR@5": 0.7227538185085363,
  "RR@10": 0.7305812262011729,
  "RR@100": 0.7346947206146006,
  "P@1": 0.648921832884097,
  "P@3": 0.2717879604672023,
  "P@5": 0.17439353099730084,
  "P@10": 0.0936657681940679,
  "P@100": 0.01039757412398903,
  "R@1": 0.6308962264150944,
  "R@3": 0.7799303683737645,
  "R@5": 0.8280548068283918,
  "R@10": 0.886904761904762,
  "R@100": 0.978380503144654,
  "AP": 0.7280942040699276
}