{
  "nDCG@1": 0.7088948787061995,
  "nDCG@1_std": 0.45442500150924925,
  "nDCG@1_stderr": 0.01179628527795719,
  "nDCG@1_ci90_low": 0.6894795878842115,
  "nDCG@1_ci90_high": 0.7283101695281875,
  "nDCG@1_ci95_low": 0.6857556994113814,
  "nDCG@1_ci95_high": 0.7320340580010176,
  "nDCG@3": 0.7801496102619999,
  "nDCG@3_std": 0.3707914532081049,
  "nDCG@3_stderr": 0.009625266537149572,
  "nDCG@3_ci90_low": 0.7643075595948198,
  "nDCG@3_ci90_high": 0.7959916609291801,
  "nDCG@3_ci95_low": 0.7612690251527454,
  "nDCG@3_ci95_high": 0.7990301953712544,
  "nDCG@5": 0.7994503988554768,
  "nDCG@5_std": 0.34036177284226726,
  "nDCG@5_stderr": 0.00883535139313176,
  "nDCG@5_ci90_low": 0.7849084551189468,
  "nDCG@5_ci90_high": 0.8139923425920067,
  "nDCG@5_ci95_low": 0.7821192835762945,
  "nDCG@5_ci95_high": 0.816781514134659,
  "nDCG@10": 0.8148626894516898,
  "nDCG@10_std": 0.31170118358346655,
  "nDCG@10_stderr": 0.00809135956607933,
  "nDCG@10_ci90_low": 0.801545268295874,
  "nDCG@10_ci90_high": 0.8281801106075056,
  "nDCG@10_ci95_low": 0.7989909624353715,
  "nDCG@10_ci95_high": 0.8307344164680082,
  "nDCG@100": 0.8300881121582265,
  "nDCG@100_std": 0.27674529780107665,
  "nDCG@100_stderr": 0.0071839499837208515,
  "nDCG@100_ci90_low": 0.8182641798864978,
  "nDCG@100_ci90_high": 0.8419120444299553,
  "nDCG@100_ci95_low": 0.815996327939601,
  "nDCG@100_ci95_high": 0.8441798963768521,
  "RR@1": 0.7088948787061995,
  "RR@3": 0.7674079065588502,
  "RR@5": 0.7773809523809534,
  "RR@10": 0.7833247764514614,
  "RR@100": 0.7865745562556491,
  "P@1": 0.7088948787061995,
  "P@3": 0.29155435759208886,
  "P@5": 0.18530997304581784,
  "P@10": 0.0978436657681917,
  "P@100": 0.010505390835579326,
  "R@1": 0.6891846361185984,
  "R@3": 0.8307502246181491,
  "R@5": 0.8776954177897572,
  "R@10": 0.9234052111410601,
  "R@100": 0.9891060197663972,
  "AP": 0.7814347347212708
}