{
  "nDCG@1": 0.7115902964959568,
  "nDCG@1_std": 0.45317539046686334,
  "nDCG@1_stderr": 0.01176384699156557,
  "nDCG@1_ci90_low": 0.6922283952579963,
  "nDCG@1_ci90_high": 0.7309521977339174,
  "nDCG@1_ci95_low": 0.6885147470055345,
  "nDCG@1_ci95_high": 0.7346658459863792,
  "nDCG@3": 0.7817311608478374,
  "nDCG@3_std": 0.3698854305669368,
  "nDCG@3_stderr": 0.009601747361250334,
  "nDCG@3_ci90_low": 0.7659278199633743,
  "nDCG@3_ci90_high": 0.7975345017323006,
  "nDCG@3_ci95_low": 0.7628967101287893,
  "nDCG@3_ci95_high": 0.8005656115668855,
  "nDCG@5": 0.8008078536393574,
  "nDCG@5_std": 0.34046747684550255,
  "nDCG@5_stderr": 0.008838095332336345,
  "nDCG@5_ci90_low": 0.786261393703329,
  "nDCG@5_ci90_high": 0.8153543135753857,
  "nDCG@5_ci95_low": 0.7834713559453104,
  "nDCG@5_ci95_high": 0.8181443513334044,
  "nDCG@10": 0.819862767322751,
  "nDCG@10_std": 0.3044246847144738,
  "nDCG@10_stderr": 0.00790247106699083,
  "nDCG@10_ci90_low": 0.8068562343030152,
  "nDCG@10_ci90_high": 0.8328693003424867,
  "nDCG@10_ci95_low": 0.8043615573585512,
  "nDCG@10_ci95_high": 0.8353639772869508,
  "nDCG@100": 0.8330108555079041,
  "nDCG@100_std": 0.27342976285368553,
  "nDCG@100_stderr": 0.0070978829848573075,
  "nDCG@100_ci90_low": 0.8213285793400875,
  "nDCG@100_ci90_high": 0.8446931316757207,
  "nDCG@100_ci95_low": 0.8190878972943423,
  "nDCG@100_ci95_high": 0.8469338137214659,
  "RR@1": 0.7115902964959568,
  "RR@3": 0.770327942497754,
  "RR@5": 0.7800988319856251,
  "RR@10": 0.7874844906516069,
  "RR@100": 0.7900283592143154,
  "P@1": 0.7115902964959568,
  "P@3": 0.2911051212937961,
  "P@5": 0.18504043126684214,
  "P@10": 0.09878706199460671,
  "P@100": 0.010539083557951292,
  "R@1": 0.6915431266846361,
  "R@3": 0.8307502246181491,
  "R@5": 0.875842318059299,
  "R@10": 0.932839173405211,
  "R@100": 0.9913522012578615,
  "AP": 0.7843378510725236
}