nDCG@1,nDCG@1_std,nDCG@1_stderr,nDCG@1_ci90_low,nDCG@1_ci90_high,nDCG@1_ci95_low,nDCG@1_ci95_high,nDCG@3,nDCG@3_std,nDCG@3_stderr,nDCG@3_ci90_low,nDCG@3_ci90_high,nDCG@3_ci95_low,nDCG@3_ci95_high,nDCG@5,nDCG@5_std,nDCG@5_stderr,nDCG@5_ci90_low,nDCG@5_ci90_high,nDCG@5_ci95_low,nDCG@5_ci95_high,nDCG@10,nDCG@10_std,nDCG@10_stderr,nDCG@10_ci90_low,nDCG@10_ci90_high,nDCG@10_ci95_low,nDCG@10_ci95_high,nDCG@100,nDCG@100_std,nDCG@100_stderr,nDCG@100_ci90_low,nDCG@100_ci90_high,nDCG@100_ci95_low,nDCG@100_ci95_high,RR@1,RR@3,RR@5,RR@10,RR@100,P@1,P@3,P@5,P@10,P@100,R@1,R@3,R@5,R@10,R@100,AP
0.648921832884097,0.47746822959385116,0.012394457674520338,0.6285220210228746,0.6693216447453194,0.6246092996047707,0.6732343661634232,0.7248954070565317,0.40249793134453665,0.010448325699859502,0.7076986983227502,0.7420921157903131,0.7044003379730912,0.7453904761399721,0.745391969871155,0.37710957476187335,0.009789276800716784,0.72927997770206,0.76150396204025,0.7261896679836564,0.7645942717586536,0.7649256603504725,0.3460264193894998,0.00898239829074527,0.750141694806707,0.779709625894238,0.7473061030364927,0.7825452176644523,0.7856672792486948,0.3062207253339815,0.007949093958442987,0.7725840104621328,0.7987505480352569,0.77007461545652,0.8012599430408697,0.648921832884097,0.7120395327942506,0.7227538185085363,0.7305812262011729,0.7346947206146006,0.648921832884097,0.2717879604672023,0.17439353099730084,0.0936657681940679,0.01039757412398903,0.6308962264150944,0.7799303683737645,0.8280548068283918,0.886904761904762,0.978380503144654,0.7280942040699276
