{
  "nDCG@1": 0.6994609164420486,
  "nDCG@1_std": 0.45864702427322274,
  "nDCG@1_stderr": 0.01190588352807206,
  "nDCG@1_ci90_low": 0.6798652398588296,
  "nDCG@1_ci90_high": 0.7190565930252675,
  "nDCG@1_ci95_low": 0.6761067530653734,
  "nDCG@1_ci95_high": 0.7228150798187237,
  "nDCG@3": 0.7702117206473594,
  "nDCG@3_std": 0.3763845360519841,
  "nDCG@3_stderr": 0.009770455733585773,
  "nDCG@3_ci90_low": 0.7541307057294344,
  "nDCG@3_ci90_high": 0.7862927355652845,
  "nDCG@3_ci95_low": 0.751046337504754,
  "nDCG@3_ci95_high": 0.7893771037899648,
  "nDCG@5": 0.7940492088847327,
  "nDCG@5_std": 0.3406292118459081,
  "nDCG@5_stderr": 0.008842293763756004,
  "nDCG@5_ci90_low": 0.7794958388269934,
  "nDCG@5_ci90_high": 0.8086025789424721,
  "nDCG@5_ci95_low": 0.776704475694927,
  "nDCG@5_ci95_high": 0.8113939420745385,
  "nDCG@10": 0.810561918846898,
  "nDCG@10_std": 0.30962153331361486,
  "nDCG@10_stderr": 0.008037374534929913,
  "nDCG@10_ci90_low": 0.7973333506693803,
  "nDCG@10_ci90_high": 0.8237904870244157,
  "nDCG@10_ci95_low": 0.794796086973463,
  "nDCG@10_ci95_high": 0.8263277507203329,
  "nDCG@100": 0.8250368725572705,
  "nDCG@100_std": 0.2769860046727846,
  "nDCG@100_stderr": 0.007190198422775924,
  "nDCG@100_ci90_low": 0.8132026560936476,
  "nDCG@100_ci90_high": 0.8368710890208935,
  "nDCG@100_ci95_low": 0.8109328316198389,
  "nDCG@100_ci95_high": 0.8391409134947022,
  "RR@1": 0.6994609164420486,
  "RR@3": 0.7585354896675653,
  "RR@5": 0.7707322551662182,
  "RR@10": 0.7771635541008857,
  "RR@100": 0.7799470017211714,
  "P@1": 0.6994609164420486,
  "P@3": 0.287960467205746,
  "P@5": 0.18544474393530572,
  "P@10": 0.09818059299191134,
  "P@100": 0.010545822102425686,
  "R@1": 0.6789645103324349,
  "R@3": 0.822214734950584,
  "R@5": 0.8785377358490565,
  "R@10": 0.9277852650494159,
  "R@100": 0.9920260557053009,
  "AP": 0.7737618366803733
}