{
  "nDCG@1": 0.6853099730458221,
  "nDCG@1_std": 0.46454885155062575,
  "nDCG@1_stderr": 0.012059087330667104,
  "nDCG@1_ci90_low": 0.6654621411177357,
  "nDCG@1_ci90_high": 0.7051578049739085,
  "nDCG@1_ci95_low": 0.6616552904655703,
  "nDCG@1_ci95_high": 0.7089646556260739,
  "nDCG@3": 0.7581309902224507,
  "nDCG@3_std": 0.38421672761146125,
  "nDCG@3_stderr": 0.009973769296176629,
  "nDCG@3_ci90_low": 0.7417153452194826,
  "nDCG@3_ci90_high": 0.7745466352254188,
  "nDCG@3_ci95_low": 0.7385667943293052,
  "nDCG@3_ci95_high": 0.7776951861155962,
  "nDCG@5": 0.779685874321225,
  "nDCG@5_std": 0.35446822608830925,
  "nDCG@5_stderr": 0.00920153667386634,
  "nDCG@5_ci90_low": 0.7645412329088871,
  "nDCG@5_ci90_high": 0.794830515733563,
  "nDCG@5_ci95_low": 0.7616364628440122,
  "nDCG@5_ci95_high": 0.7977352857984379,
  "nDCG@10": 0.7968447173102593,
  "nDCG@10_std": 0.3237317624190818,
  "nDCG@10_stderr": 0.008403657832091403,
  "nDCG@10_ci90_low": 0.783013290133484,
  "nDCG@10_ci90_high": 0.8106761444870346,
  "nDCG@10_ci95_low": 0.78036039697321,
  "nDCG@10_ci95_high": 0.8133290376473086,
  "nDCG@100": 0.8139404412041076,
  "nDCG@100_std": 0.28667457762905674,
  "nDCG@100_stderr": 0.0074417012453515015,
  "nDCG@100_ci90_low": 0.8016922808312117,
  "nDCG@100_ci90_high": 0.8261886015770035,
  "nDCG@100_ci95_low": 0.7993430611546078,
  "nDCG@100_ci95_high": 0.8285378212536073,
  "RR@1": 0.6853099730458221,
  "RR@3": 0.7450584007187787,
  "RR@5": 0.7560759209344124,
  "RR@10": 0.7627024237367909,
  "RR@100": 0.7661380859315874,
  "P@1": 0.6853099730458221,
  "P@3": 0.2832434860736708,
  "P@5": 0.18207547169810914,
  "P@10": 0.09669811320754483,
  "P@100": 0.01051212938005372,
  "R@1": 0.6672843665768194,
  "R@3": 0.8119384546271338,
  "R@5": 0.8617475292003594,
  "R@10": 0.9143081761006289,
  "R@100": 0.989836028751123,
  "AP": 0.760984708922895
}