nDCG@1,nDCG@1_std,nDCG@1_stderr,nDCG@1_ci90_low,nDCG@1_ci90_high,nDCG@1_ci95_low,nDCG@1_ci95_high,nDCG@3,nDCG@3_std,nDCG@3_stderr,nDCG@3_ci90_low,nDCG@3_ci90_high,nDCG@3_ci95_low,nDCG@3_ci95_high,nDCG@5,nDCG@5_std,nDCG@5_stderr,nDCG@5_ci90_low,nDCG@5_ci90_high,nDCG@5_ci95_low,nDCG@5_ci95_high,nDCG@10,nDCG@10_std,nDCG@10_stderr,nDCG@10_ci90_low,nDCG@10_ci90_high,nDCG@10_ci95_low,nDCG@10_ci95_high,nDCG@100,nDCG@100_std,nDCG@100_stderr,nDCG@100_ci90_low,nDCG@100_ci90_high,nDCG@100_ci95_low,nDCG@100_ci95_high,RR@1,RR@3,RR@5,RR@10,RR@100,P@1,P@3,P@5,P@10,P@100,R@1,R@3,R@5,R@10,R@100,AP
0.6617250673854448,0.47328209689543,0.01228579108408637,0.6415041078837742,0.6819460268871154,0.6376256906770356,0.685824444093854,0.7377407552034626,0.3950387295864674,0.01025469447008168,0.7208627405797143,0.7546187698272109,0.7176255063462486,0.7578560040606767,0.7573855627831934,0.3695045990827522,0.009591861468494986,0.7415984929093371,0.7731726326570496,0.7385705038844993,0.7762006216818874,0.7759709928725449,0.33913413296493244,0.008803483449766976,0.7614815000028553,0.7904604857422345,0.758702388632889,0.7932395971122008,0.7958032634103943,0.29991321253628755,0.00778535908446192,0.7829894828670493,0.8086170439537393,0.7805317762019143,0.8110747506188744,0.6617250673854448,0.725179694519318,0.7352875112309083,0.7427750502716814,0.7468010790249272,0.6617250673854448,0.2765049415992775,0.17668463611859456,0.09447439353099507,0.010411051212937818,0.643699460916442,0.7923966756513925,0.8390049415992813,0.894148697214735,0.9797282120395326,0.7401138052205254
