nDCG@1,nDCG@1_std,nDCG@1_stderr,nDCG@1_ci90_low,nDCG@1_ci90_high,nDCG@1_ci95_low,nDCG@1_ci95_high,nDCG@3,nDCG@3_std,nDCG@3_stderr,nDCG@3_ci90_low,nDCG@3_ci90_high,nDCG@3_ci95_low,nDCG@3_ci95_high,nDCG@5,nDCG@5_std,nDCG@5_stderr,nDCG@5_ci90_low,nDCG@5_ci90_high,nDCG@5_ci95_low,nDCG@5_ci95_high,nDCG@10,nDCG@10_std,nDCG@10_stderr,nDCG@10_ci90_low,nDCG@10_ci90_high,nDCG@10_ci95_low,nDCG@10_ci95_high,nDCG@100,nDCG@100_std,nDCG@100_stderr,nDCG@100_ci90_low,nDCG@100_ci90_high,nDCG@100_ci95_low,nDCG@100_ci95_high,RR@1,RR@3,RR@5,RR@10,RR@100,P@1,P@3,P@5,P@10,P@100,R@1,R@3,R@5,R@10,R@100,AP
0.6853099730458221,0.46454885155062575,0.012059087330667104,0.6654621411177357,0.7051578049739085,0.6616552904655703,0.7089646556260739,0.7581309902224507,0.38421672761146125,0.009973769296176629,0.7417153452194826,0.7745466352254188,0.7385667943293052,0.7776951861155962,0.779685874321225,0.35446822608830925,0.00920153667386634,0.7645412329088871,0.794830515733563,0.7616364628440122,0.7977352857984379,0.7968447173102593,0.3237317624190818,0.008403657832091403,0.783013290133484,0.8106761444870346,0.78036039697321,0.8133290376473086,0.8139404412041076,0.28667457762905674,0.0074417012453515015,0.8016922808312117,0.8261886015770035,0.7993430611546078,0.8285378212536073,0.6853099730458221,0.7450584007187787,0.7560759209344124,0.7627024237367909,0.7661380859315874,0.6853099730458221,0.2832434860736708,0.18207547169810914,0.09669811320754483,0.01051212938005372,0.6672843665768194,0.8119384546271338,0.8617475292003594,0.9143081761006289,0.989836028751123,0.760984708922895
