nDCG@1,nDCG@1_std,nDCG@1_stderr,nDCG@1_ci90_low,nDCG@1_ci90_high,nDCG@1_ci95_low,nDCG@1_ci95_high,nDCG@3,nDCG@3_std,nDCG@3_stderr,nDCG@3_ci90_low,nDCG@3_ci90_high,nDCG@3_ci95_low,nDCG@3_ci95_high,nDCG@5,nDCG@5_std,nDCG@5_stderr,nDCG@5_ci90_low,nDCG@5_ci90_high,nDCG@5_ci95_low,nDCG@5_ci95_high,nDCG@10,nDCG@10_std,nDCG@10_stderr,nDCG@10_ci90_low,nDCG@10_ci90_high,nDCG@10_ci95_low,nDCG@10_ci95_high,nDCG@100,nDCG@100_std,nDCG@100_stderr,nDCG@100_ci90_low,nDCG@100_ci90_high,nDCG@100_ci95_low,nDCG@100_ci95_high,RR@1,RR@3,RR@5,RR@10,RR@100,P@1,P@3,P@5,P@10,P@100,R@1,R@3,R@5,R@10,R@100,AP
0.7088948787061995,0.45442500150924925,0.01179628527795719,0.6894795878842115,0.7283101695281875,0.6857556994113814,0.7320340580010176,0.7801496102619999,0.3707914532081049,0.009625266537149572,0.7643075595948198,0.7959916609291801,0.7612690251527454,0.7990301953712544,0.7994503988554768,0.34036177284226726,0.00883535139313176,0.7849084551189468,0.8139923425920067,0.7821192835762945,0.816781514134659,0.8148626894516898,0.31170118358346655,0.00809135956607933,0.801545268295874,0.8281801106075056,0.7989909624353715,0.8307344164680082,0.8300881121582265,0.27674529780107665,0.0071839499837208515,0.8182641798864978,0.8419120444299553,0.815996327939601,0.8441798963768521,0.7088948787061995,0.7674079065588502,0.7773809523809534,0.7833247764514614,0.7865745562556491,0.7088948787061995,0.29155435759208886,0.18530997304581784,0.0978436657681917,0.010505390835579326,0.6891846361185984,0.8307502246181491,0.8776954177897572,0.9234052111410601,0.9891060197663972,0.7814347347212708
