nDCG@1,nDCG@1_std,nDCG@1_stderr,nDCG@1_ci90_low,nDCG@1_ci90_high,nDCG@1_ci95_low,nDCG@1_ci95_high,nDCG@3,nDCG@3_std,nDCG@3_stderr,nDCG@3_ci90_low,nDCG@3_ci90_high,nDCG@3_ci95_low,nDCG@3_ci95_high,nDCG@5,nDCG@5_std,nDCG@5_stderr,nDCG@5_ci90_low,nDCG@5_ci90_high,nDCG@5_ci95_low,nDCG@5_ci95_high,nDCG@10,nDCG@10_std,nDCG@10_stderr,nDCG@10_ci90_low,nDCG@10_ci90_high,nDCG@10_ci95_low,nDCG@10_ci95_high,nDCG@100,nDCG@100_std,nDCG@100_stderr,nDCG@100_ci90_low,nDCG@100_ci90_high,nDCG@100_ci95_low,nDCG@100_ci95_high,RR@1,RR@3,RR@5,RR@10,RR@100,P@1,P@3,P@5,P@10,P@100,R@1,R@3,R@5,R@10,R@100,AP
0.6994609164420486,0.45864702427322274,0.01190588352807206,0.6798652398588296,0.7190565930252675,0.6761067530653734,0.7228150798187237,0.7702117206473594,0.3763845360519841,0.009770455733585773,0.7541307057294344,0.7862927355652845,0.751046337504754,0.7893771037899648,0.7940492088847327,0.3406292118459081,0.008842293763756004,0.7794958388269934,0.8086025789424721,0.776704475694927,0.8113939420745385,0.810561918846898,0.30962153331361486,0.008037374534929913,0.7973333506693803,0.8237904870244157,0.794796086973463,0.8263277507203329,0.8250368725572705,0.2769860046727846,0.007190198422775924,0.8132026560936476,0.8368710890208935,0.8109328316198389,0.8391409134947022,0.6994609164420486,0.7585354896675653,0.7707322551662182,0.7771635541008857,0.7799470017211714,0.6994609164420486,0.287960467205746,0.18544474393530572,0.09818059299191134,0.010545822102425686,0.6789645103324349,0.822214734950584,0.8785377358490565,0.9277852650494159,0.9920260557053009,0.7737618366803733
