{
  "nDCG@1": 0.14353099730458221,
  "nDCG@1_std": 0.3507317248284827,
  "nDCG@1_stderr": 0.009104541934017142,
  "nDCG@1_ci90_low": 0.1285459977657664,
  "nDCG@1_ci90_high": 0.15851599684339804,
  "nDCG@1_ci95_low": 0.12567184730571956,
  "nDCG@1_ci95_high": 0.16139014730344486,
  "nDCG@3": 0.23164029070697148,
  "nDCG@3_std": 0.3721929009727377,
  "nDCG@3_stderr": 0.009661646308462458,
  "nDCG@3_ci90_low": 0.2157383632376088,
  "nDCG@3_ci90_high": 0.24754221817633415,
  "nDCG@3_ci95_low": 0.212688344314798,
  "nDCG@3_ci95_high": 0.25059223709914497,
  "nDCG@5": 0.25703098803019936,
  "nDCG@5_std": 0.3693134724045549,
  "nDCG@5_stderr": 0.009586900067135565,
  "nDCG@5_ci90_low": 0.24125208403636453,
  "nDCG@5_ci90_high": 0.27280989202403416,
  "nDCG@5_ci95_low": 0.23822566124232694,
  "nDCG@5_ci95_high": 0.2758363148180718,
  "nDCG@10": 0.2905057326709628,
  "nDCG@10_std": 0.35942935020558614,
  "nDCG@10_stderr": 0.009330321039146383,
  "nDCG@10_ci90_low": 0.27514912742032144,
  "nDCG@10_ci90_high": 0.30586233792160417,
  "nDCG@10_ci95_low": 0.2722037023015846,
  "nDCG@10_ci95_high": 0.308807763040341,
  "nDCG@100": 0.35434934812179625,
  "nDCG@100_std": 0.3203559029196199,
  "nDCG@100_stderr": 0.00831602488588093,
  "nDCG@100_ci90_low": 0.3406621544131147,
  "nDCG@100_ci90_high": 0.3680365418304778,
  "nDCG@100_ci95_low": 0.33803692549718073,
  "nDCG@100_ci95_high": 0.37066177074641177,
  "RR@1": 0.14353099730458221,
  "RR@3": 0.2127133872416891,
  "RR@5": 0.22703279424977513,
  "RR@10": 0.2410422816925509,
  "RR@100": 0.2527391255094238,
  "P@1": 0.14353099730458221,
  "P@3": 0.1015274034141958,
  "P@5": 0.07398921832884164,
  "P@10": 0.047574123989218495,
  "P@100": 0.008059299191374523,
  "R@1": 0.14027403414195866,
  "R@3": 0.29604672057502246,
  "R@5": 0.35753593890386337,
  "R@10": 0.45928796046720577,
  "R@100": 0.7659478885893979,
  "AP": 0.2485493598750745
}