nDCG@1,nDCG@1_std,nDCG@1_stderr,nDCG@1_ci90_low,nDCG@1_ci90_high,nDCG@1_ci95_low,nDCG@1_ci95_high,nDCG@3,nDCG@3_std,nDCG@3_stderr,nDCG@3_ci90_low,nDCG@3_ci90_high,nDCG@3_ci95_low,nDCG@3_ci95_high,nDCG@5,nDCG@5_std,nDCG@5_stderr,nDCG@5_ci90_low,nDCG@5_ci90_high,nDCG@5_ci95_low,nDCG@5_ci95_high,nDCG@10,nDCG@10_std,nDCG@10_stderr,nDCG@10_ci90_low,nDCG@10_ci90_high,nDCG@10_ci95_low,nDCG@10_ci95_high,nDCG@100,nDCG@100_std,nDCG@100_stderr,nDCG@100_ci90_low,nDCG@100_ci90_high,nDCG@100_ci95_low,nDCG@100_ci95_high,RR@1,RR@3,RR@5,RR@10,RR@100,P@1,P@3,P@5,P@10,P@100,R@1,R@3,R@5,R@10,R@100,AP
0.14487870619946092,0.35209715427223415,0.009139986716306673,0.12983536873984564,0.1599220436590762,0.12695002895934074,0.1628073834395811,0.2216137405206634,0.3712027521908602,0.009635943326760621,0.20575411712016434,0.23747336392116247,0.20271221219553356,0.24051526884579325,0.24601313392648919,0.36909441357441,0.009581213583239514,0.23024358921280016,0.2617826786401782,0.2272189615459007,0.26480730630707766,0.28004680579311836,0.35962625072499743,0.009335432321955734,0.26468178797531045,0.29541182361092627,0.2617347493107253,0.2983588622755114,0.342228051327685,0.3234088383386367,0.008395275140638685,0.328410421069905,0.35604568158546507,0.3257601741840586,0.35869592847131143,0.14487870619946092,0.20429020664869726,0.21817160826594761,0.23248780644333178,0.24391334487143035,0.14487870619946092,0.09523809523809501,0.06940700808625398,0.04561994609164449,0.007789757412398788,0.14162174303683736,0.27953728661275834,0.33849955076370175,0.4424415992812219,0.7431491464510334,0.24027829903404277
