{
  "nDCG@1": 0.14285714285714285,
  "nDCG@1_std": 0.3500450656992924,
  "nDCG@1_stderr": 0.009086717151160257,
  "nDCG@1_ci90_low": 0.12790148080337851,
  "nDCG@1_ci90_high": 0.15781280491090718,
  "nDCG@1_ci95_low": 0.12503295732689876,
  "nDCG@1_ci95_high": 0.16068132838738694,
  "nDCG@3": 0.2135320111702549,
  "nDCG@3_std": 0.36754763769858106,
  "nDCG@3_stderr": 0.00954106128212989,
  "nDCG@3_ci90_low": 0.19782855239674504,
  "nDCG@3_ci90_high": 0.22923546994376473,
  "nDCG@3_ci95_low": 0.19481660013466467,
  "nDCG@3_ci95_high": 0.2322474222058451,
  "nDCG@5": 0.23637367032003515,
  "nDCG@5_std": 0.3659955106818598,
  "nDCG@5_stderr": 0.009500770072323963,
  "nDCG@5_ci90_low": 0.22073652611399455,
  "nDCG@5_ci90_high": 0.2520108145260757,
  "nDCG@5_ci95_low": 0.21773729310786785,
  "nDCG@5_ci95_high": 0.25501004753220247,
  "nDCG@10": 0.2622030605531614,
  "nDCG@10_std": 0.3599751473804294,
  "nDCG@10_stderr": 0.009344489227861729,
  "nDCG@10_ci90_low": 0.24682313613908446,
  "nDCG@10_ci90_high": 0.2775829849672383,
  "nDCG@10_ci95_low": 0.2438732383619306,
  "nDCG@10_ci95_high": 0.2805328827443922,
  "nDCG@100": 0.3254779552529469,
  "nDCG@100_std": 0.32653403837262374,
  "nDCG@100_stderr": 0.008476401291332756,
  "nDCG@100_ci90_low": 0.3115268009431556,
  "nDCG@100_ci90_high": 0.33942910956273825,
  "nDCG@100_ci95_low": 0.3088509438986622,
  "nDCG@100_ci95_high": 0.34210496660723166,
  "RR@1": 0.14285714285714285,
  "RR@3": 0.19811320754716988,
  "RR@5": 0.2109501347708893,
  "RR@10": 0.22159516322252157,
  "RR@100": 0.23361260676103818,
  "P@1": 0.14285714285714285,
  "P@3": 0.09141958670260524,
  "P@5": 0.06644204851752078,
  "P@10": 0.041442048517520626,
  "P@100": 0.007392183288409577,
  "R@1": 0.13892632524707996,
  "R@3": 0.26718328840970357,
  "R@5": 0.3230008984725966,
  "R@10": 0.4025157232704402,
  "R@100": 0.7049640610961366,
  "AP": 0.22959979581930168
}