nDCG@1,nDCG@1_std,nDCG@1_stderr,nDCG@1_ci90_low,nDCG@1_ci90_high,nDCG@1_ci95_low,nDCG@1_ci95_high,nDCG@3,nDCG@3_std,nDCG@3_stderr,nDCG@3_ci90_low,nDCG@3_ci90_high,nDCG@3_ci95_low,nDCG@3_ci95_high,nDCG@5,nDCG@5_std,nDCG@5_stderr,nDCG@5_ci90_low,nDCG@5_ci90_high,nDCG@5_ci95_low,nDCG@5_ci95_high,nDCG@10,nDCG@10_std,nDCG@10_stderr,nDCG@10_ci90_low,nDCG@10_ci90_high,nDCG@10_ci95_low,nDCG@10_ci95_high,nDCG@100,nDCG@100_std,nDCG@100_stderr,nDCG@100_ci90_low,nDCG@100_ci90_high,nDCG@100_ci95_low,nDCG@100_ci95_high,RR@1,RR@3,RR@5,RR@10,RR@100,P@1,P@3,P@5,P@10,P@100,R@1,R@3,R@5,R@10,R@100,AP
0.14150943396226415,0.34866378094505684,0.009050860785518094,0.12661278724683375,0.15640608067769454,0.12375558302074055,0.15926328490378774,0.21539256071000934,0.36797176635989687,0.009552071113602241,0.1996709810556544,0.23111414036436428,0.19665555317531438,0.2341295682447043,0.24098316738001666,0.3661597928394746,0.009505034624650233,0.2253390042250706,0.25662733053496267,0.22233842497164016,0.2596279097883931,0.2681521542212447,0.3591365345170078,0.009322719922603808,0.25280805950970686,0.2834962489327826,0.2498650339353695,0.2864392745071199,0.33070858714675927,0.3250644650060587,0.00843825306750855,0.31682022030288937,0.3445969539906292,0.3141564060097885,0.34726076828373004,0.14150943396226415,0.19923629829290215,0.2137241689128479,0.22488876053566065,0.23660381928070243,0.14150943396226415,0.09254267744833752,0.068328840970351,0.04285714285714328,0.007520215633423053,0.1382524707996406,0.2704402515723271,0.33243486073674755,0.41666666666666663,0.7167565139263253,0.23280896391133218
