nDCG@1,nDCG@1_std,nDCG@1_stderr,nDCG@1_ci90_low,nDCG@1_ci90_high,nDCG@1_ci95_low,nDCG@1_ci95_high,nDCG@3,nDCG@3_std,nDCG@3_stderr,nDCG@3_ci90_low,nDCG@3_ci90_high,nDCG@3_ci95_low,nDCG@3_ci95_high,nDCG@5,nDCG@5_std,nDCG@5_stderr,nDCG@5_ci90_low,nDCG@5_ci90_high,nDCG@5_ci95_low,nDCG@5_ci95_high,nDCG@10,nDCG@10_std,nDCG@10_stderr,nDCG@10_ci90_low,nDCG@10_ci90_high,nDCG@10_ci95_low,nDCG@10_ci95_high,nDCG@100,nDCG@100_std,nDCG@100_stderr,nDCG@100_ci90_low,nDCG@100_ci90_high,nDCG@100_ci95_low,nDCG@100_ci95_high,RR@1,RR@3,RR@5,RR@10,RR@100,P@1,P@3,P@5,P@10,P@100,R@1,R@3,R@5,R@10,R@100,AP
0.14420485175202155,0.35141574923428,0.009122298322862543,0.12919062729661052,0.15921907620743259,0.1263108714438335,0.1620988320602096,0.22996344265550808,0.3718855663535864,0.009653668299261245,0.21407464604600276,0.2458522392650134,0.2110271456462524,0.24889973966476375,0.25522492896068316,0.3692868703695465,0.009586209512714283,0.23944716153777737,0.2710026963835889,0.23642095674013344,0.27402890118123285,0.2888106283770482,0.359627440905582,0.00933546321750431,0.27344555970882023,0.30417569704527614,0.2704985112910311,0.3071227454630653,0.35237216094692114,0.32105253554635377,0.00833410856783415,0.33865520363588675,0.36608911825795554,0.3360242660063039,0.36872005588753837,0.14420485175202155,0.21181491464510327,0.2259995507637014,0.23994058315149935,0.2515221489212664,0.14420485175202155,0.10085354896675643,0.07331536388140228,0.047371967654986705,0.008018867924528163,0.14094788858939802,0.2928459119496855,0.35382973944294693,0.45591868823000903,0.7622416891284814,0.2471963622256294
