{
  "nDCG@1": 0.14285714285714285,
  "nDCG@3": 0.2135320111702549,
  "nDCG@5": 0.23637367032003515,
  "nDCG@10": 0.2622030605531614,
  "nDCG@100": 0.3254779552529469,
  "RR@1": 0.14285714285714285,
  "RR@3": 0.19811320754716988,
  "RR@5": 0.2109501347708893,
  "RR@10": 0.22159516322252157,
  "RR@100": 0.23361260676103818,
  "P@1": 0.14285714285714285,
  "P@3": 0.09141958670260524,
  "P@5": 0.06644204851752078,
  "P@10": 0.041442048517520626,
  "P@100": 0.007392183288409577,
  "R@1": 0.13892632524707996,
  "R@3": 0.26718328840970357,
  "R@5": 0.3230008984725966,
  "R@10": 0.4025157232704402,
  "R@100": 0.7049640610961366,
  "AP": 0.22959979581930168
}