nDCG@1,nDCG@3,nDCG@5,nDCG@10,nDCG@100,RR@1,RR@3,RR@5,RR@10,RR@100,P@1,P@3,P@5,P@10,P@100,R@1,R@3,R@5,R@10,R@100,AP
0.14757412398921832,0.2321503571840609,0.2617587491716066,0.29182814003467306,0.35627957883965605,0.14757412398921832,0.21406109613656785,0.2305031446540877,0.2431060946391131,0.2550073739461557,0.14757412398921832,0.10062893081760997,0.07547169811320825,0.047371967654986705,0.008066037735848916,0.14409254267744834,0.2940251572327044,0.3659591194968553,0.45827717879604674,0.7672394429469902,0.2508635968603825
