{
  "nDCG@1": 0.14555256064690028,
  "nDCG@1_std": 0.3527759551206797,
  "nDCG@1_stderr": 0.009157607508359462,
  "nDCG@1_ci90_low": 0.130480221446978,
  "nDCG@1_ci90_high": 0.16062489984682257,
  "nDCG@1_ci95_low": 0.12758931907936527,
  "nDCG@1_ci95_high": 0.1635158022144353,
  "nDCG@3": 0.22866508581413786,
  "nDCG@3_std": 0.3731838180006061,
  "nDCG@3_stderr": 0.009687369232836553,
  "nDCG@3_ci90_low": 0.212720821452631,
  "nDCG@3_ci90_high": 0.24460935017564472,
  "nDCG@3_ci95_low": 0.20966268223607454,
  "nDCG@3_ci95_high": 0.24766748939220118,
  "nDCG@5": 0.2584973417337958,
  "nDCG@5_std": 0.36990488943359034,
  "nDCG@5_stderr": 0.009602252488260223,
  "nDCG@5_ci90_low": 0.24269316946999858,
  "nDCG@5_ci90_high": 0.274301513997593,
  "nDCG@5_ci95_low": 0.23966190017532887,
  "nDCG@5_ci95_high": 0.27733278329226274,
  "nDCG@10": 0.2895196919965529,
  "nDCG@10_std": 0.36039345784098087,
  "nDCG@10_stderr": 0.009355348026367599,
  "nDCG@10_ci90_low": 0.2741218952840362,
  "nDCG@10_ci90_high": 0.30491748870906965,
  "nDCG@10_ci95_low": 0.27116856956718505,
  "nDCG@10_ci95_high": 0.3078708144259208,
  "nDCG@100": 0.35204136252305246,
  "nDCG@100_std": 0.32281453709890623,
  "nDCG@100_stderr": 0.008379847849134871,
  "nDCG@100_ci90_low": 0.3382491237630265,
  "nDCG@100_ci90_high": 0.3658336012830784,
  "nDCG@100_ci95_low": 0.3356037470131293,
  "nDCG@100_ci95_high": 0.36847897803297563,
  "RR@1": 0.14555256064690028,
  "RR@3": 0.21080413297394435,
  "RR@5": 0.22761680143755592,
  "RR@10": 0.2405614918923543,
  "RR@100": 0.25226078746460817,
  "P@1": 0.14555256064690028,
  "P@3": 0.09883198562443832,
  "P@5": 0.07439353099730527,
  "P@10": 0.04723719676549884,
  "P@100": 0.007938005390835442,
  "R@1": 0.1421832884097035,
  "R@3": 0.2893081761006289,
  "R@5": 0.3616352201257862,
  "R@10": 0.45715408805031443,
  "R@100": 0.7549415992812221,
  "AP": 0.24813589037747702
}