{
  "nDCG@1": 0.14757412398921832,
  "nDCG@3": 0.2321503571840609,
  "nDCG@5": 0.2617587491716066,
  "nDCG@10": 0.29182814003467306,
  "nDCG@100": 0.35627957883965605,
  "RR@1": 0.14757412398921832,
  "RR@3": 0.21406109613656785,
  "RR@5": 0.2305031446540877,
  "RR@10": 0.2431060946391131,
  "RR@100": 0.2550073739461557,
  "P@1": 0.14757412398921832,
  "P@3": 0.10062893081760997,
  "P@5": 0.07547169811320825,
  "P@10": 0.047371967654986705,
  "P@100": 0.008066037735848916,
  "R@1": 0.14409254267744834,
  "R@3": 0.2940251572327044,
  "R@5": 0.3659591194968553,
  "R@10": 0.45827717879604674,
  "R@100": 0.7672394429469902,
  "AP": 0.2508635968603825
}