{
  "nDCG@1": 0.14420485175202155,
  "nDCG@3": 0.22996344265550808,
  "nDCG@5": 0.25522492896068316,
  "nDCG@10": 0.2888106283770482,
  "nDCG@100": 0.35237216094692114,
  "RR@1": 0.14420485175202155,
  "RR@3": 0.21181491464510327,
  "RR@5": 0.2259995507637014,
  "RR@10": 0.23994058315149935,
  "RR@100": 0.2515221489212664,
  "P@1": 0.14420485175202155,
  "P@3": 0.10085354896675643,
  "P@5": 0.07331536388140228,
  "P@10": 0.047371967654986705,
  "P@100": 0.008018867924528163,
  "R@1": 0.14094788858939802,
  "R@3": 0.2928459119496855,
  "R@5": 0.35382973944294693,
  "R@10": 0.45591868823000903,
  "R@100": 0.7622416891284814,
  "AP": 0.2471963622256294
}