nDCG@1,nDCG@1_std,nDCG@1_stderr,nDCG@1_ci90_low,nDCG@1_ci90_high,nDCG@1_ci95_low,nDCG@1_ci95_high,nDCG@3,nDCG@3_std,nDCG@3_stderr,nDCG@3_ci90_low,nDCG@3_ci90_high,nDCG@3_ci95_low,nDCG@3_ci95_high,nDCG@5,nDCG@5_std,nDCG@5_stderr,nDCG@5_ci90_low,nDCG@5_ci90_high,nDCG@5_ci95_low,nDCG@5_ci95_high,nDCG@10,nDCG@10_std,nDCG@10_stderr,nDCG@10_ci90_low,nDCG@10_ci90_high,nDCG@10_ci95_low,nDCG@10_ci95_high,nDCG@100,nDCG@100_std,nDCG@100_stderr,nDCG@100_ci90_low,nDCG@100_ci90_high,nDCG@100_ci95_low,nDCG@100_ci95_high,RR@1,RR@3,RR@5,RR@10,RR@100,P@1,P@3,P@5,P@10,P@100,R@1,R@3,R@5,R@10,R@100,AP
0.14555256064690028,0.3527759551206797,0.009157607508359462,0.130480221446978,0.16062489984682257,0.12758931907936527,0.1635158022144353,0.22866508581413786,0.3731838180006061,0.009687369232836553,0.212720821452631,0.24460935017564472,0.20966268223607454,0.24766748939220118,0.2584973417337958,0.36990488943359034,0.009602252488260223,0.24269316946999858,0.274301513997593,0.23966190017532887,0.27733278329226274,0.2895196919965529,0.36039345784098087,0.009355348026367599,0.2741218952840362,0.30491748870906965,0.27116856956718505,0.3078708144259208,0.35204136252305246,0.32281453709890623,0.008379847849134871,0.3382491237630265,0.3658336012830784,0.3356037470131293,0.36847897803297563,0.14555256064690028,0.21080413297394435,0.22761680143755592,0.2405614918923543,0.25226078746460817,0.14555256064690028,0.09883198562443832,0.07439353099730527,0.04723719676549884,0.007938005390835442,0.1421832884097035,0.2893081761006289,0.3616352201257862,0.45715408805031443,0.7549415992812221,0.24813589037747702
