nDCG@1,nDCG@3,nDCG@5,nDCG@10,nDCG@100,RR@1,RR@3,RR@5,RR@10,RR@100,P@1,P@3,P@5,P@10,P@100,R@1,R@3,R@5,R@10,R@100,AP
0.14285714285714285,0.2135320111702549,0.23637367032003515,0.2622030605531614,0.3254779552529469,0.14285714285714285,0.19811320754716988,0.2109501347708893,0.22159516322252157,0.23361260676103818,0.14285714285714285,0.09141958670260524,0.06644204851752078,0.041442048517520626,0.007392183288409577,0.13892632524707996,0.26718328840970357,0.3230008984725966,0.4025157232704402,0.7049640610961366,0.22959979581930168
