nDCG@1,nDCG@3,nDCG@5,nDCG@10,nDCG@100,RR@1,RR@3,RR@5,RR@10,RR@100,P@1,P@3,P@5,P@10,P@100,R@1,R@3,R@5,R@10,R@100,AP
0.14487870619946092,0.2216137405206634,0.24601313392648919,0.28004680579311836,0.342228051327685,0.14487870619946092,0.20429020664869726,0.21817160826594761,0.23248780644333178,0.24391334487143035,0.14487870619946092,0.09523809523809501,0.06940700808625398,0.04561994609164449,0.007789757412398788,0.14162174303683736,0.27953728661275834,0.33849955076370175,0.4424415992812219,0.7431491464510334,0.24027829903404277
