nDCG@1,nDCG@1_std,nDCG@1_stderr,nDCG@1_ci90_low,nDCG@1_ci90_high,nDCG@1_ci95_low,nDCG@1_ci95_high,nDCG@3,nDCG@3_std,nDCG@3_stderr,nDCG@3_ci90_low,nDCG@3_ci90_high,nDCG@3_ci95_low,nDCG@3_ci95_high,nDCG@5,nDCG@5_std,nDCG@5_stderr,nDCG@5_ci90_low,nDCG@5_ci90_high,nDCG@5_ci95_low,nDCG@5_ci95_high,nDCG@10,nDCG@10_std,nDCG@10_stderr,nDCG@10_ci90_low,nDCG@10_ci90_high,nDCG@10_ci95_low,nDCG@10_ci95_high,nDCG@100,nDCG@100_std,nDCG@100_stderr,nDCG@100_ci90_low,nDCG@100_ci90_high,nDCG@100_ci95_low,nDCG@100_ci95_high,RR@1,RR@3,RR@5,RR@10,RR@100,P@1,P@3,P@5,P@10,P@100,R@1,R@3,R@5,R@10,R@100,AP
0.1610512129380054,0.3677020915414396,0.009545070704117205,0.14534115512996243,0.17676127074604836,0.1423279371609269,0.1797744887150839,0.25367201883145785,0.3845649709691538,0.009982809243318295,0.2372414951443417,0.270102542518574,0.2340900904951917,0.273253947167724,0.28944144559842466,0.3785549220016243,0.00982679614562339,0.2732677010237505,0.30561519017309885,0.2701655470804309,0.30871734411641844,0.3220163390263722,0.3662393185965658,0.00950709901044432,0.3063687781364938,0.3376638999162506,0.3033675471912569,0.34066513086148753,0.3873920443191677,0.320899774283229,0.008330143083027514,0.37368161372726194,0.4011024749110734,0.3710519279344068,0.4037321607039286,0.1610512129380054,0.2342767295597482,0.25439128481581247,0.2681130471056342,0.2801517718619846,0.1610512129380054,0.10983827493261472,0.08396226415094422,0.05235849056603766,0.008611859838274782,0.15633423180592992,0.32047394429469905,0.40661500449236293,0.5053346810422282,0.8190139263252472,0.2753984385834616
