{
  "nDCG@1": 0.1778975741239892,
  "nDCG@3": 0.2662986036543416,
  "nDCG@5": 0.30167455599947096,
  "nDCG@10": 0.33607507345198806,
  "nDCG@100": 0.4009396432012372,
  "RR@1": 0.1778975741239892,
  "RR@3": 0.24853998203054783,
  "RR@5": 0.26811545372866075,
  "RR@10": 0.28251107046592183,
  "RR@100": 0.29473597335966845,
  "P@1": 0.1778975741239892,
  "P@3": 0.1136567834681045,
  "P@5": 0.08571428571428656,
  "P@10": 0.05397574123989201,
  "P@100": 0.008719676549865076,
  "R@1": 0.1724505840071878,
  "R@3": 0.3301325247079964,
  "R@5": 0.415599730458221,
  "R@10": 0.5193733153638814,
  "R@100": 0.8276617250673854,
  "AP": 0.2897470261433297
}