nDCG@1,nDCG@3,nDCG@5,nDCG@10,nDCG@100,RR@1,RR@3,RR@5,RR@10,RR@100,P@1,P@3,P@5,P@10,P@100,R@1,R@3,R@5,R@10,R@100,AP
0.14757412398921832,0.23318041989955587,0.26472548765548753,0.2965438947751521,0.36179376547449327,0.14757412398921832,0.21540880503144644,0.23309748427672908,0.24664008685235084,0.2587556140652904,0.14757412398921832,0.10152740341419582,0.07681940700808697,0.048517520215633554,0.008194070080862391,0.14398023360287512,0.2950359389038635,0.37101302785265045,0.4670372866127583,0.7799865229110512,0.2541346221051973
