nDCG@1,nDCG@3,nDCG@5,nDCG@10,nDCG@100,RR@1,RR@3,RR@5,RR@10,RR@100,P@1,P@3,P@5,P@10,P@100,R@1,R@3,R@5,R@10,R@100,AP
0.15566037735849056,0.24838446326967514,0.27835780048007347,0.31191678710161597,0.37685017513502733,0.15566037735849056,0.2287735849056602,0.24582210242587563,0.259914484661789,0.2718299215981313,0.15566037735849056,0.10804132973944307,0.0796495956873323,0.05060646900269544,0.008416442048517374,0.15195417789757412,0.3145777178796047,0.3866801437556154,0.4882637017070979,0.7999775381850854,0.26753595691651905
