{
  "nDCG@1": 0.15566037735849056,
  "nDCG@1_std": 0.36265527548943227,
  "nDCG@1_stderr": 0.009414061887047001,
  "nDCG@1_ci90_low": 0.14016594457338727,
  "nDCG@1_ci90_high": 0.17115481014359385,
  "nDCG@1_ci95_low": 0.13719408388015775,
  "nDCG@1_ci95_high": 0.17412667083682337,
  "nDCG@3": 0.24838446326967514,
  "nDCG@3_std": 0.3817551380901081,
  "nDCG@3_stderr": 0.009909869616065122,
  "nDCG@3_ci90_low": 0.2320739895849283,
  "nDCG@3_ci90_high": 0.264694936954422,
  "nDCG@3_ci95_low": 0.22894561074693326,
  "nDCG@3_ci95_high": 0.267823315792417,
  "nDCG@5": 0.27835780048007347,
  "nDCG@5_std": 0.3770874430603496,
  "nDCG@5_stderr": 0.009788702290370757,
  "nDCG@5_ci90_low": 0.2622467538870802,
  "nDCG@5_ci90_high": 0.29446884707306675,
  "nDCG@5_ci95_low": 0.2591566255319113,
  "nDCG@5_ci95_high": 0.2975589754282356,
  "nDCG@10": 0.31191678710161597,
  "nDCG@10_std": 0.3655557420237021,
  "nDCG@10_stderr": 0.009489354246762642,
  "nDCG@10_ci90_low": 0.2962984319946878,
  "nDCG@10_ci90_high": 0.3275351422085441,
  "nDCG@10_ci95_low": 0.29330280277231285,
  "nDCG@10_ci95_high": 0.3305307714309191,
  "nDCG@100": 0.37685017513502733,
  "nDCG@100_std": 0.32217578492692034,
  "nDCG@100_stderr": 0.008363266668923317,
  "nDCG@100_ci90_low": 0.36308522703713725,
  "nDCG@100_ci90_high": 0.3906151232329174,
  "nDCG@100_ci95_low": 0.360445084686409,
  "nDCG@100_ci95_high": 0.39325526558364565,
  "RR@1": 0.15566037735849056,
  "RR@3": 0.2287735849056602,
  "RR@5": 0.24582210242587563,
  "RR@10": 0.259914484661789,
  "RR@100": 0.2718299215981313,
  "P@1": 0.15566037735849056,
  "P@3": 0.10804132973944307,
  "P@5": 0.0796495956873323,
  "P@10": 0.05060646900269544,
  "P@100": 0.008416442048517374,
  "R@1": 0.15195417789757412,
  "R@3": 0.3145777178796047,
  "R@5": 0.3866801437556154,
  "R@10": 0.4882637017070979,
  "R@100": 0.7999775381850854,
  "AP": 0.26753595691651905
}