{
  "nDCG@1": 0.1610512129380054,
  "nDCG@1_std": 0.3677020915414396,
  "nDCG@1_stderr": 0.009545070704117205,
  "nDCG@1_ci90_low": 0.14534115512996243,
  "nDCG@1_ci90_high": 0.17676127074604836,
  "nDCG@1_ci95_low": 0.1423279371609269,
  "nDCG@1_ci95_high": 0.1797744887150839,
  "nDCG@3": 0.25367201883145785,
  "nDCG@3_std": 0.3845649709691538,
  "nDCG@3_stderr": 0.009982809243318295,
  "nDCG@3_ci90_low": 0.2372414951443417,
  "nDCG@3_ci90_high": 0.270102542518574,
  "nDCG@3_ci95_low": 0.2340900904951917,
  "nDCG@3_ci95_high": 0.273253947167724,
  "nDCG@5": 0.28944144559842466,
  "nDCG@5_std": 0.3785549220016243,
  "nDCG@5_stderr": 0.00982679614562339,
  "nDCG@5_ci90_low": 0.2732677010237505,
  "nDCG@5_ci90_high": 0.30561519017309885,
  "nDCG@5_ci95_low": 0.2701655470804309,
  "nDCG@5_ci95_high": 0.30871734411641844,
  "nDCG@10": 0.3220163390263722,
  "nDCG@10_std": 0.3662393185965658,
  "nDCG@10_stderr": 0.00950709901044432,
  "nDCG@10_ci90_low": 0.3063687781364938,
  "nDCG@10_ci90_high": 0.3376638999162506,
  "nDCG@10_ci95_low": 0.3033675471912569,
  "nDCG@10_ci95_high": 0.34066513086148753,
  "nDCG@100": 0.3873920443191677,
  "nDCG@100_std": 0.320899774283229,
  "nDCG@100_stderr": 0.008330143083027514,
  "nDCG@100_ci90_low": 0.37368161372726194,
  "nDCG@100_ci90_high": 0.4011024749110734,
  "nDCG@100_ci95_low": 0.3710519279344068,
  "nDCG@100_ci95_high": 0.4037321607039286,
  "RR@1": 0.1610512129380054,
  "RR@3": 0.2342767295597482,
  "RR@5": 0.25439128481581247,
  "RR@10": 0.2681130471056342,
  "RR@100": 0.2801517718619846,
  "P@1": 0.1610512129380054,
  "P@3": 0.10983827493261472,
  "P@5": 0.08396226415094422,
  "P@10": 0.05235849056603766,
  "P@100": 0.008611859838274782,
  "R@1": 0.15633423180592992,
  "R@3": 0.32047394429469905,
  "R@5": 0.40661500449236293,
  "R@10": 0.5053346810422282,
  "R@100": 0.8190139263252472,
  "AP": 0.2753984385834616
}