nDCG@1,nDCG@1_std,nDCG@1_stderr,nDCG@1_ci90_low,nDCG@1_ci90_high,nDCG@1_ci95_low,nDCG@1_ci95_high,nDCG@3,nDCG@3_std,nDCG@3_stderr,nDCG@3_ci90_low,nDCG@3_ci90_high,nDCG@3_ci95_low,nDCG@3_ci95_high,nDCG@5,nDCG@5_std,nDCG@5_stderr,nDCG@5_ci90_low,nDCG@5_ci90_high,nDCG@5_ci95_low,nDCG@5_ci95_high,nDCG@10,nDCG@10_std,nDCG@10_stderr,nDCG@10_ci90_low,nDCG@10_ci90_high,nDCG@10_ci95_low,nDCG@10_ci95_high,nDCG@100,nDCG@100_std,nDCG@100_stderr,nDCG@100_ci90_low,nDCG@100_ci90_high,nDCG@100_ci95_low,nDCG@100_ci95_high,RR@1,RR@3,RR@5,RR@10,RR@100,P@1,P@3,P@5,P@10,P@100,R@1,R@3,R@5,R@10,R@100,AP
0.1650943396226415,0.37139082401445983,0.00964082542804589,0.14922668086066698,0.18096199838461602,0.14618323473893297,0.18400544450635004,0.2592491198083318,0.3874316097371656,0.0100572234779753,0.24269611908941133,0.2758021205272523,0.2395212231203988,0.27897701649626483,0.2991451646571099,0.37986038842983805,0.00986068436558677,0.28291564407918335,0.3153746852350364,0.2798027921959011,0.3184875371183187,0.3318438683711462,0.36695977945465885,0.009525801242463777,0.3161655258186408,0.3475222109236516,0.3131583908939229,0.35052934584836953,0.3951561882754593,0.32155334762935617,0.008347109001749809,0.38141783378731897,0.4088945427635996,0.3787827921398305,0.41152958441108806,0.1650943396226415,0.24067834681042208,0.2629492362982923,0.27631267915971375,0.28797563582585195,0.1650943396226415,0.11163522012578639,0.08692722371967737,0.05411051212937988,0.008692722371967504,0.15953504043126684,0.32507861635220126,0.4217767295597484,0.5217318059299192,0.8260893980233603,0.282717261061617
