nDCG@1,nDCG@1_std,nDCG@1_stderr,nDCG@1_ci90_low,nDCG@1_ci90_high,nDCG@1_ci95_low,nDCG@1_ci95_high,nDCG@3,nDCG@3_std,nDCG@3_stderr,nDCG@3_ci90_low,nDCG@3_ci90_high,nDCG@3_ci95_low,nDCG@3_ci95_high,nDCG@5,nDCG@5_std,nDCG@5_stderr,nDCG@5_ci90_low,nDCG@5_ci90_high,nDCG@5_ci95_low,nDCG@5_ci95_high,nDCG@10,nDCG@10_std,nDCG@10_stderr,nDCG@10_ci90_low,nDCG@10_ci90_high,nDCG@10_ci95_low,nDCG@10_ci95_high,nDCG@100,nDCG@100_std,nDCG@100_stderr,nDCG@100_ci90_low,nDCG@100_ci90_high,nDCG@100_ci95_low,nDCG@100_ci95_high,RR@1,RR@3,RR@5,RR@10,RR@100,P@1,P@3,P@5,P@10,P@100,R@1,R@3,R@5,R@10,R@100,AP
0.1778975741239892,0.38255541419518796,0.009930643748661924,0.16155290867323827,0.19424223957474016,0.15841797179166534,0.19737717645631309,0.2662986036543416,0.3937156727282685,0.010220349625307653,0.24947711658429444,0.28312009072438876,0.2462507244395491,0.2863464828691341,0.30167455599947096,0.3870740536758641,0.010047941785093158,0.2851368318496043,0.3182122801493376,0.28196486595462084,0.3213842460443211,0.33607507345198806,0.3733672953330982,0.009692132067075266,0.32012297002846274,0.3520271768755134,0.31706332726539976,0.35508681963857636,0.4009396432012372,0.32741082757969225,0.008499161605093801,0.38695102810608356,0.41492825829639085,0.3842679860140895,0.4176113003883849,0.1778975741239892,0.24853998203054783,0.26811545372866075,0.28251107046592183,0.29473597335966845,0.1778975741239892,0.1136567834681045,0.08571428571428656,0.05397574123989201,0.008719676549865076,0.1724505840071878,0.3301325247079964,0.415599730458221,0.5193733153638814,0.8276617250673854,0.2897470261433297
