nDCG@1,nDCG@3,nDCG@5,nDCG@10,nDCG@100,RR@1,RR@3,RR@5,RR@10,RR@100,P@1,P@3,P@5,P@10,P@100,R@1,R@3,R@5,R@10,R@100,AP
0.1752021563342318,0.2655303565376306,0.30123827474134857,0.3357725592932727,0.4003887492570146,0.1752021563342318,0.2471922731356692,0.26710467205750177,0.28152783125828906,0.29366076607251135,0.1752021563342318,0.1136567834681045,0.08584905660377444,0.05411051212937987,0.00872641509433947,0.17009209344115006,0.3304694519317161,0.41672282120395326,0.5207210242587601,0.8286725067385444,0.28877413845685435
