nDCG@1,nDCG@3,nDCG@5,nDCG@10,nDCG@100,RR@1,RR@3,RR@5,RR@10,RR@100,P@1,P@3,P@5,P@10,P@100,R@1,R@3,R@5,R@10,R@100,AP
0.14487870619946092,0.2305730352215732,0.2590513038308798,0.290681893431124,0.35509854202433516,0.14487870619946092,0.21260107816711574,0.2285377358490561,0.24179903093312752,0.25370622639496127,0.14487870619946092,0.1010781671159029,0.07506738544474463,0.047574123989218516,0.008052560646900131,0.1416217430368374,0.29284591194968557,0.3619159928122192,0.45760332434860734,0.7666217430368373,0.24926692726733327
