nDCG@1,nDCG@1_std,nDCG@1_stderr,nDCG@1_ci90_low,nDCG@1_ci90_high,nDCG@1_ci95_low,nDCG@1_ci95_high,nDCG@3,nDCG@3_std,nDCG@3_stderr,nDCG@3_ci90_low,nDCG@3_ci90_high,nDCG@3_ci95_low,nDCG@3_ci95_high,nDCG@5,nDCG@5_std,nDCG@5_stderr,nDCG@5_ci90_low,nDCG@5_ci90_high,nDCG@5_ci95_low,nDCG@5_ci95_high,nDCG@10,nDCG@10_std,nDCG@10_stderr,nDCG@10_ci90_low,nDCG@10_ci90_high,nDCG@10_ci95_low,nDCG@10_ci95_high,nDCG@100,nDCG@100_std,nDCG@100_stderr,nDCG@100_ci90_low,nDCG@100_ci90_high,nDCG@100_ci95_low,nDCG@100_ci95_high,RR@1,RR@3,RR@5,RR@10,RR@100,P@1,P@3,P@5,P@10,P@100,R@1,R@3,R@5,R@10,R@100,AP
0.14757412398921832,0.3547968817130988,0.00921006814879696,0.13241544077787196,0.16273280720056468,0.1295079774701328,0.16564027050830385,0.23318041989955587,0.37459948601013204,0.009724118143314153,0.2171756711764469,0.24918516862266485,0.21410593094814037,0.25225490885097135,0.26472548765548753,0.3708970276932111,0.009628007114231047,0.24887892632246617,0.2805720489885089,0.24583952672639098,0.2836114485845841,0.2965438947751521,0.36096033680736583,0.00937006347112381,0.28112187818046186,0.3119659113698423,0.2781639070456839,0.3149238825046203,0.36179376547449327,0.3199261706595288,0.008304869592232164,0.34812493206020034,0.3754625988887862,0.34550322468248373,0.3780843062665028,0.14757412398921832,0.21540880503144644,0.23309748427672908,0.24664008685235084,0.2587556140652904,0.14757412398921832,0.10152740341419582,0.07681940700808697,0.048517520215633554,0.008194070080862391,0.14398023360287512,0.2950359389038635,0.37101302785265045,0.4670372866127583,0.7799865229110512,0.2541346221051973
