{
  "nDCG@1": 0.1752021563342318,
  "nDCG@3": 0.2655303565376306,
  "nDCG@5": 0.30123827474134857,
  "nDCG@10": 0.3357725592932727,
  "nDCG@100": 0.4003887492570146,
  "RR@1": 0.1752021563342318,
  "RR@3": 0.2471922731356692,
  "RR@5": 0.26710467205750177,
  "RR@10": 0.28152783125828906,
  "RR@100": 0.29366076607251135,
  "P@1": 0.1752021563342318,
  "P@3": 0.1136567834681045,
  "P@5": 0.08584905660377444,
  "P@10": 0.05411051212937987,
  "P@100": 0.00872641509433947,
  "R@1": 0.17009209344115006,
  "R@3": 0.3304694519317161,
  "R@5": 0.41672282120395326,
  "R@10": 0.5207210242587601,
  "R@100": 0.8286725067385444,
  "AP": 0.28877413845685435
}