nDCG@1,nDCG@3,nDCG@5,nDCG@10,nDCG@100,RR@1,RR@3,RR@5,RR@10,RR@100,P@1,P@3,P@5,P@10,P@100,R@1,R@3,R@5,R@10,R@100,AP
0.1778975741239892,0.2662986036543416,0.30167455599947096,0.33607507345198806,0.4009396432012372,0.1778975741239892,0.24853998203054783,0.26811545372866075,0.28251107046592183,0.29473597335966845,0.1778975741239892,0.1136567834681045,0.08571428571428656,0.05397574123989201,0.008719676549865076,0.1724505840071878,0.3301325247079964,0.415599730458221,0.5193733153638814,0.8276617250673854,0.2897470261433297
