{
  "nDCG@1": 0.1610512129380054,
  "nDCG@3": 0.25367201883145785,
  "nDCG@5": 0.28944144559842466,
  "nDCG@10": 0.3220163390263722,
  "nDCG@100": 0.3873920443191677,
  "RR@1": 0.1610512129380054,
  "RR@3": 0.2342767295597482,
  "RR@5": 0.25439128481581247,
  "RR@10": 0.2681130471056342,
  "RR@100": 0.2801517718619846,
  "P@1": 0.1610512129380054,
  "P@3": 0.10983827493261472,
  "P@5": 0.08396226415094422,
  "P@10": 0.05235849056603766,
  "P@100": 0.008611859838274782,
  "R@1": 0.15633423180592992,
  "R@3": 0.32047394429469905,
  "R@5": 0.40661500449236293,
  "R@10": 0.5053346810422282,
  "R@100": 0.8190139263252472,
  "AP": 0.2753984385834616
}