{
  "nDCG@1": 0.14757412398921832,
  "nDCG@1_std": 0.3547968817130988,
  "nDCG@1_stderr": 0.00921006814879696,
  "nDCG@1_ci90_low": 0.13241544077787196,
  "nDCG@1_ci90_high": 0.16273280720056468,
  "nDCG@1_ci95_low": 0.1295079774701328,
  "nDCG@1_ci95_high": 0.16564027050830385,
  "nDCG@3": 0.23318041989955587,
  "nDCG@3_std": 0.37459948601013204,
  "nDCG@3_stderr": 0.009724118143314153,
  "nDCG@3_ci90_low": 0.2171756711764469,
  "nDCG@3_ci90_high": 0.24918516862266485,
  "nDCG@3_ci95_low": 0.21410593094814037,
  "nDCG@3_ci95_high": 0.25225490885097135,
  "nDCG@5": 0.26472548765548753,
  "nDCG@5_std": 0.3708970276932111,
  "nDCG@5_stderr": 0.009628007114231047,
  "nDCG@5_ci90_low": 0.24887892632246617,
  "nDCG@5_ci90_high": 0.2805720489885089,
  "nDCG@5_ci95_low": 0.24583952672639098,
  "nDCG@5_ci95_high": 0.2836114485845841,
  "nDCG@10": 0.2965438947751521,
  "nDCG@10_std": 0.36096033680736583,
  "nDCG@10_stderr": 0.00937006347112381,
  "nDCG@10_ci90_low": 0.28112187818046186,
  "nDCG@10_ci90_high": 0.3119659113698423,
  "nDCG@10_ci95_low": 0.2781639070456839,
  "nDCG@10_ci95_high": 0.3149238825046203,
  "nDCG@100": 0.36179376547449327,
  "nDCG@100_std": 0.3199261706595288,
  "nDCG@100_stderr": 0.008304869592232164,
  "nDCG@100_ci90_low": 0.34812493206020034,
  "nDCG@100_ci90_high": 0.3754625988887862,
  "nDCG@100_ci95_low": 0.34550322468248373,
  "nDCG@100_ci95_high": 0.3780843062665028,
  "RR@1": 0.14757412398921832,
  "RR@3": 0.21540880503144644,
  "RR@5": 0.23309748427672908,
  "RR@10": 0.24664008685235084,
  "RR@100": 0.2587556140652904,
  "P@1": 0.14757412398921832,
  "P@3": 0.10152740341419582,
  "P@5": 0.07681940700808697,
  "P@10": 0.048517520215633554,
  "P@100": 0.008194070080862391,
  "R@1": 0.14398023360287512,
  "R@3": 0.2950359389038635,
  "R@5": 0.37101302785265045,
  "R@10": 0.4670372866127583,
  "R@100": 0.7799865229110512,
  "AP": 0.2541346221051973
}