{
  "nDCG@1": 0.1650943396226415,
  "nDCG@3": 0.2592491198083318,
  "nDCG@5": 0.2991451646571099,
  "nDCG@10": 0.3318438683711462,
  "nDCG@100": 0.3951561882754593,
  "RR@1": 0.1650943396226415,
  "RR@3": 0.24067834681042208,
  "RR@5": 0.2629492362982923,
  "RR@10": 0.27631267915971375,
  "RR@100": 0.28797563582585195,
  "P@1": 0.1650943396226415,
  "P@3": 0.11163522012578639,
  "P@5": 0.08692722371967737,
  "P@10": 0.05411051212937988,
  "P@100": 0.008692722371967504,
  "R@1": 0.15953504043126684,
  "R@3": 0.32507861635220126,
  "R@5": 0.4217767295597484,
  "R@10": 0.5217318059299192,
  "R@100": 0.8260893980233603,
  "AP": 0.282717261061617
}