nDCG@1,nDCG@3,nDCG@5,nDCG@10,nDCG@100,RR@1,RR@3,RR@5,RR@10,RR@100,P@1,P@3,P@5,P@10,P@100,R@1,R@3,R@5,R@10,R@100,AP
0.1650943396226415,0.2592491198083318,0.2991451646571099,0.3318438683711462,0.3951561882754593,0.1650943396226415,0.24067834681042208,0.2629492362982923,0.27631267915971375,0.28797563582585195,0.1650943396226415,0.11163522012578639,0.08692722371967737,0.05411051212937988,0.008692722371967504,0.15953504043126684,0.32507861635220126,0.4217767295597484,0.5217318059299192,0.8260893980233603,0.282717261061617
