nDCG@1,nDCG@1_std,nDCG@1_stderr,nDCG@1_ci90_low,nDCG@1_ci90_high,nDCG@1_ci95_low,nDCG@1_ci95_high,nDCG@3,nDCG@3_std,nDCG@3_stderr,nDCG@3_ci90_low,nDCG@3_ci90_high,nDCG@3_ci95_low,nDCG@3_ci95_high,nDCG@5,nDCG@5_std,nDCG@5_stderr,nDCG@5_ci90_low,nDCG@5_ci90_high,nDCG@5_ci95_low,nDCG@5_ci95_high,nDCG@10,nDCG@10_std,nDCG@10_stderr,nDCG@10_ci90_low,nDCG@10_ci90_high,nDCG@10_ci95_low,nDCG@10_ci95_high,nDCG@100,nDCG@100_std,nDCG@100_stderr,nDCG@100_ci90_low,nDCG@100_ci90_high,nDCG@100_ci95_low,nDCG@100_ci95_high,RR@1,RR@3,RR@5,RR@10,RR@100,P@1,P@3,P@5,P@10,P@100,R@1,R@3,R@5,R@10,R@100,AP
0.6442048517520216,0.4789149357254043,0.012432012294500513,0.6237432294266197,0.6646664740774234,0.6198186526478535,0.6685910508561896,0.7277128543082,0.3972306132842951,0.010311592935856682,0.7107411915372327,0.7446845170791673,0.7074859954169671,0.7479397131994329,0.7521870267566411,0.36621813694098854,0.009506549162062257,0.7365403708521877,0.7678336826610944,0.733539313484819,0.7708347400284631,0.7677942121421722,0.3412121443614944,0.00885742593788554,0.7532159363149833,0.7823724879693612,0.7504197962105496,0.785168628073795,0.7878019763873397,0.3015095072425124,0.0078267968303601,0.7749199942136795,0.8006839585609999,0.7724492063504677,0.8031547464242118,0.6435309973045822,0.7132749326145559,0.7255727762803246,0.7316425469558899,0.7356597657611228,0.6442048517520216,0.2756064690026919,0.17843665768193692,0.09440700808625122,0.01041105121293782,0.6238207547169812,0.7870619946091644,0.8446203953279424,0.8913971248876909,0.9805705300988319,0.7299971543247833
