nDCG@1,nDCG@1_std,nDCG@1_stderr,nDCG@1_ci90_low,nDCG@1_ci90_high,nDCG@1_ci95_low,nDCG@1_ci95_high,nDCG@3,nDCG@3_std,nDCG@3_stderr,nDCG@3_ci90_low,nDCG@3_ci90_high,nDCG@3_ci95_low,nDCG@3_ci95_high,nDCG@5,nDCG@5_std,nDCG@5_stderr,nDCG@5_ci90_low,nDCG@5_ci90_high,nDCG@5_ci95_low,nDCG@5_ci95_high,nDCG@10,nDCG@10_std,nDCG@10_stderr,nDCG@10_ci90_low,nDCG@10_ci90_high,nDCG@10_ci95_low,nDCG@10_ci95_high,nDCG@100,nDCG@100_std,nDCG@100_stderr,nDCG@100_ci90_low,nDCG@100_ci90_high,nDCG@100_ci95_low,nDCG@100_ci95_high,RR@1,RR@3,RR@5,RR@10,RR@100,P@1,P@3,P@5,P@10,P@100,R@1,R@3,R@5,R@10,R@100,AP
0.6590296495956873,0.47419520684824956,0.012309494237429226,0.6387696775061804,0.6792896216851942,0.6348837776133738,0.6831755215780009,0.735438914877584,0.3982297654428509,0.01033752963357196,0.7184245633688287,0.7524532663863392,0.7151611794701761,0.7557166502849918,0.7550774096994661,0.37339094781864945,0.00969274605500764,0.7391242957243995,0.7710305236745327,0.7360644591356932,0.7740903602632391,0.7728277430816979,0.34471039611684706,0.00894823602875466,0.7581000045819598,0.787555481581436,0.7552751972621582,0.7903802889012376,0.792474355371363,0.3057281014977449,0.007936306080822547,0.7794121339193768,0.8055365768233492,0.7769067758312292,0.8080419349114968,0.6590296495956873,0.7221473495058406,0.7318845462713397,0.7389073396654264,0.7432120749203871,0.6590296495956873,0.2769541778975707,0.1766846361185947,0.09433962264150729,0.010350404312668279,0.6396563342318059,0.7890835579514824,0.8352987421383649,0.8883647798742138,0.9733265947888589,0.7382061817336468
