nDCG@1,nDCG@1_std,nDCG@1_stderr,nDCG@1_ci90_low,nDCG@1_ci90_high,nDCG@1_ci95_low,nDCG@1_ci95_high,nDCG@3,nDCG@3_std,nDCG@3_stderr,nDCG@3_ci90_low,nDCG@3_ci90_high,nDCG@3_ci95_low,nDCG@3_ci95_high,nDCG@5,nDCG@5_std,nDCG@5_stderr,nDCG@5_ci90_low,nDCG@5_ci90_high,nDCG@5_ci95_low,nDCG@5_ci95_high,nDCG@10,nDCG@10_std,nDCG@10_stderr,nDCG@10_ci90_low,nDCG@10_ci90_high,nDCG@10_ci95_low,nDCG@10_ci95_high,nDCG@100,nDCG@100_std,nDCG@100_stderr,nDCG@100_ci90_low,nDCG@100_ci90_high,nDCG@100_ci95_low,nDCG@100_ci95_high,RR@1,RR@3,RR@5,RR@10,RR@100,P@1,P@3,P@5,P@10,P@100,R@1,R@3,R@5,R@10,R@100,AP
0.6617250673854448,0.47328209689543,0.01228579108408637,0.6415041078837742,0.6819460268871154,0.6376256906770356,0.685824444093854,0.7410221888138567,0.39299352348136063,0.010201603564898356,0.7242315555427842,0.7578128220849293,0.721011081213404,0.7610332964143095,0.7592867147932456,0.3700326743903116,0.009605569620457416,0.7434770829220563,0.7750963466644349,0.7404447664646517,0.7781286631218395,0.7771722825874625,0.3407418467084657,0.008845217619104102,0.7626141002095251,0.7917304649653999,0.7598218140655977,0.7945227511093274,0.7965974402842417,0.3010897705165666,0.00781590100784935,0.7837333913461557,0.8094614892223277,0.7812660431104956,0.8119288374579878,0.6617250673854448,0.7274258760107821,0.736219676549866,0.7433537094082919,0.7474915962012684,0.6617250673854448,0.2794249775381815,0.1776280323450098,0.09487870619945876,0.010404312668463426,0.6420148247978437,0.796832884097035,0.8396787960467207,0.8929694519317162,0.978380503144654,0.7421505379291137
