{
  "nDCG@1": 0.6617250673854448,
  "nDCG@1_std": 0.47328209689543,
  "nDCG@1_stderr": 0.01228579108408637,
  "nDCG@1_ci90_low": 0.6415041078837742,
  "nDCG@1_ci90_high": 0.6819460268871154,
  "nDCG@1_ci95_low": 0.6376256906770356,
  "nDCG@1_ci95_high": 0.685824444093854,
  "nDCG@3": 0.7410221888138567,
  "nDCG@3_std": 0.39299352348136063,
  "nDCG@3_stderr": 0.010201603564898356,
  "nDCG@3_ci90_low": 0.7242315555427842,
  "nDCG@3_ci90_high": 0.7578128220849293,
  "nDCG@3_ci95_low": 0.721011081213404,
  "nDCG@3_ci95_high": 0.7610332964143095,
  "nDCG@5": 0.7592867147932456,
  "nDCG@5_std": 0.3700326743903116,
  "nDCG@5_stderr": 0.009605569620457416,
  "nDCG@5_ci90_low": 0.7434770829220563,
  "nDCG@5_ci90_high": 0.7750963466644349,
  "nDCG@5_ci95_low": 0.7404447664646517,
  "nDCG@5_ci95_high": 0.7781286631218395,
  "nDCG@10": 0.7771722825874625,
  "nDCG@10_std": 0.3407418467084657,
  "nDCG@10_stderr": 0.008845217619104102,
  "nDCG@10_ci90_low": 0.7626141002095251,
  "nDCG@10_ci90_high": 0.7917304649653999,
  "nDCG@10_ci95_low": 0.7598218140655977,
  "nDCG@10_ci95_high": 0.7945227511093274,
  "nDCG@100": 0.7965974402842417,
  "nDCG@100_std": 0.3010897705165666,
  "nDCG@100_stderr": 0.00781590100784935,
  "nDCG@100_ci90_low": 0.7837333913461557,
  "nDCG@100_ci90_high": 0.8094614892223277,
  "nDCG@100_ci95_low": 0.7812660431104956,
  "nDCG@100_ci95_high": 0.8119288374579878,
  "RR@1": 0.6617250673854448,
  "RR@3": 0.7274258760107821,
  "RR@5": 0.736219676549866,
  "RR@10": 0.7433537094082919,
  "RR@100": 0.7474915962012684,
  "P@1": 0.6617250673854448,
  "P@3": 0.2794249775381815,
  "P@5": 0.1776280323450098,
  "P@10": 0.09487870619945876,
  "P@100": 0.010404312668463426,
  "R@1": 0.6420148247978437,
  "R@3": 0.796832884097035,
  "R@5": 0.8396787960467207,
  "R@10": 0.8929694519317162,
  "R@100": 0.978380503144654,
  "AP": 0.7421505379291137
}