{
  "nDCG@1": 0.6543126684636119,
  "nDCG@1_std": 0.4757521630519113,
  "nDCG@1_stderr": 0.012349910806681977,
  "nDCG@1_ci90_low": 0.6339861754798082,
  "nDCG@1_ci90_high": 0.6746391614474156,
  "nDCG@1_ci95_low": 0.6300875167571831,
  "nDCG@1_ci95_high": 0.6785378201700407,
  "nDCG@3": 0.7398313327266952,
  "nDCG@3_std": 0.39031569749362605,
  "nDCG@3_stderr": 0.010132090665803605,
  "nDCG@3_ci90_low": 0.7231551094686058,
  "nDCG@3_ci90_high": 0.7565075559847846,
  "nDCG@3_ci95_low": 0.7199565791900477,
  "nDCG@3_ci95_high": 0.7597060862633427,
  "nDCG@5": 0.7606022079098761,
  "nDCG@5_std": 0.3639664798185767,
  "nDCG@5_stderr": 0.009448099055497042,
  "nDCG@5_ci90_low": 0.7450517539699225,
  "nDCG@5_ci90_high": 0.7761526618498297,
  "nDCG@5_ci95_low": 0.7420691483162032,
  "nDCG@5_ci95_high": 0.779135267503549,
  "nDCG@10": 0.7784508599718208,
  "nDCG@10_std": 0.3342831350594093,
  "nDCG@10_stderr": 0.008677557818504896,
  "nDCG@10_ci90_low": 0.7641686258022463,
  "nDCG@10_ci90_high": 0.7927330941413954,
  "nDCG@10_ci95_low": 0.7614292670319875,
  "nDCG@10_ci95_high": 0.7954724529116541,
  "nDCG@100": 0.7967793008243766,
  "nDCG@100_std": 0.29598224842874593,
  "nDCG@100_stderr": 0.007683316340607678,
  "nDCG@100_ci90_low": 0.7841334705722903,
  "nDCG@100_ci90_high": 0.809425131076463,
  "nDCG@100_ci95_low": 0.7817079770817794,
  "nDCG@100_ci95_high": 0.8118506245669739,
  "RR@1": 0.6543126684636119,
  "RR@3": 0.724730458221025,
  "RR@5": 0.7346024258760119,
  "RR@10": 0.7417431437984006,
  "RR@100": 0.7455971072541668,
  "P@1": 0.6543126684636119,
  "P@3": 0.28009883198562074,
  "P@5": 0.17951482479783987,
  "P@10": 0.09568733153638594,
  "P@100": 0.010444743935309786,
  "R@1": 0.6352762803234502,
  "R@3": 0.799584456424079,
  "R@5": 0.8479896675651392,
  "R@10": 0.9015610961365679,
  "R@100": 0.9829290206648696,
  "AP": 0.740733548695869
}