{
  "nDCG@1": 0.10444743935309973,
  "nDCG@1_std": 0.30594320613663945,
  "nDCG@1_stderr": 0.007941889919028158,
  "nDCG@1_ci90_low": 0.09137602756363772,
  "nDCG@1_ci90_high": 0.11751885114256175,
  "nDCG@1_ci95_low": 0.08886890675186675,
  "nDCG@1_ci95_high": 0.12002597195433272,
  "nDCG@3": 0.16031832028706186,
  "nDCG@3_std": 0.329608501644306,
  "nDCG@3_stderr": 0.008556210381301207,
  "nDCG@3_ci90_low": 0.14623580965148963,
  "nDCG@3_ci90_high": 0.1744008309226341,
  "nDCG@3_ci95_low": 0.14353475822222528,
  "nDCG@3_ci95_high": 0.17710188235189844,
  "nDCG@5": 0.18313562466859856,
  "nDCG@5_std": 0.3321409963570186,
  "nDCG@5_stderr": 0.008621950668470395,
  "nDCG@5_ci90_low": 0.16894491329321415,
  "nDCG@5_ci90_high": 0.19732633604398297,
  "nDCG@5_ci95_low": 0.166223108763137,
  "nDCG@5_ci95_high": 0.20004814057406012,
  "nDCG@10": 0.21510323139379495,
  "nDCG@10_std": 0.3286875538388677,
  "nDCG@10_stderr": 0.008532303767441985,
  "nDCG@10_ci90_low": 0.20106006821801273,
  "nDCG@10_ci90_high": 0.22914639456957717,
  "nDCG@10_ci95_low": 0.19836656370387268,
  "nDCG@10_ci95_high": 0.23183989908371722,
  "nDCG@100": 0.2746360483747682,
  "nDCG@100_std": 0.3034436393923871,
  "nDCG@100_stderr": 0.007877004399330591,
  "nDCG@100_ci90_low": 0.2616714304789244,
  "nDCG@100_ci90_high": 0.287600666270612,
  "nDCG@100_ci95_low": 0.2591847929322798,
  "nDCG@100_ci95_high": 0.29008730381725656,
  "RR@1": 0.10444743935309973,
  "RR@3": 0.14791105121293813,
  "RR@5": 0.16051212938005396,
  "RR@10": 0.17367822915329645,
  "RR@100": 0.18467628647339057,
  "P@1": 0.10444743935309973,
  "P@3": 0.06985624438454603,
  "P@5": 0.053234501347709275,
  "P@10": 0.03699460916442082,
  "P@100": 0.006792452830188566,
  "R@1": 0.10113432165318957,
  "R@3": 0.2033355795148248,
  "R@5": 0.25859164420485176,
  "R@10": 0.35674977538185093,
  "R@100": 0.6456087151841869,
  "AP": 0.18126395246070895
}