nDCG@1,nDCG@1_std,nDCG@1_stderr,nDCG@1_ci90_low,nDCG@1_ci90_high,nDCG@1_ci95_low,nDCG@1_ci95_high,nDCG@3,nDCG@3_std,nDCG@3_stderr,nDCG@3_ci90_low,nDCG@3_ci90_high,nDCG@3_ci95_low,nDCG@3_ci95_high,nDCG@5,nDCG@5_std,nDCG@5_stderr,nDCG@5_ci90_low,nDCG@5_ci90_high,nDCG@5_ci95_low,nDCG@5_ci95_high,nDCG@10,nDCG@10_std,nDCG@10_stderr,nDCG@10_ci90_low,nDCG@10_ci90_high,nDCG@10_ci95_low,nDCG@10_ci95_high,nDCG@100,nDCG@100_std,nDCG@100_stderr,nDCG@100_ci90_low,nDCG@100_ci90_high,nDCG@100_ci95_low,nDCG@100_ci95_high,RR@1,RR@3,RR@5,RR@10,RR@100,P@1,P@3,P@5,P@10,P@100,R@1,R@3,R@5,R@10,R@100,AP
0.10444743935309973,0.30594320613663945,0.007941889919028158,0.09137602756363772,0.11751885114256175,0.08886890675186675,0.12002597195433272,0.16031832028706186,0.329608501644306,0.008556210381301207,0.14623580965148963,0.1744008309226341,0.14353475822222528,0.17710188235189844,0.18313562466859856,0.3321409963570186,0.008621950668470395,0.16894491329321415,0.19732633604398297,0.166223108763137,0.20004814057406012,0.21510323139379495,0.3286875538388677,0.008532303767441985,0.20106006821801273,0.22914639456957717,0.19836656370387268,0.23183989908371722,0.2746360483747682,0.3034436393923871,0.007877004399330591,0.2616714304789244,0.287600666270612,0.2591847929322798,0.29008730381725656,0.10444743935309973,0.14791105121293813,0.16051212938005396,0.17367822915329645,0.18467628647339057,0.10444743935309973,0.06985624438454603,0.053234501347709275,0.03699460916442082,0.006792452830188566,0.10113432165318957,0.2033355795148248,0.25859164420485176,0.35674977538185093,0.6456087151841869,0.18126395246070895
