{
  "nDCG@1": 0.1792452830188679,
  "nDCG@1_std": 0.38368686898328475,
  "nDCG@1_stderr": 0.00996001485151756,
  "nDCG@1_ci90_low": 0.1628522762055382,
  "nDCG@1_ci90_high": 0.19563828983219764,
  "nDCG@1_ci95_low": 0.1597080673617516,
  "nDCG@1_ci95_high": 0.19878249867598421,
  "nDCG@3": 0.2681832976577871,
  "nDCG@3_std": 0.3941679298242838,
  "nDCG@3_stderr": 0.010232089634562994,
  "nDCG@3_ci90_low": 0.2513424879205973,
  "nDCG@3_ci90_high": 0.28502410739497686,
  "nDCG@3_ci95_low": 0.24811238965277113,
  "nDCG@3_ci95_high": 0.288254205662803,
  "nDCG@5": 0.3034820815989535,
  "nDCG@5_std": 0.38734827966394036,
  "nDCG@5_stderr": 0.010055060337054942,
  "nDCG@5_ci90_low": 0.28693264115422684,
  "nDCG@5_ci90_high": 0.3200315220436802,
  "nDCG@5_ci95_low": 0.2837584280523499,
  "nDCG@5_ci95_high": 0.3232057351455571,
  "nDCG@10": 0.33648615222536127,
  "nDCG@10_std": 0.37422869702587935,
  "nDCG@10_stderr": 0.00971449294086789,
  "nDCG@10_ci90_low": 0.3204972454474334,
  "nDCG@10_ci90_high": 0.3524750590032891,
  "nDCG@10_ci95_low": 0.31743054373333657,
  "nDCG@10_ci95_high": 0.35554176071738597,
  "nDCG@100": 0.40146282358640983,
  "nDCG@100_std": 0.32815811525432126,
  "nDCG@100_stderr": 0.008518560226572259,
  "nDCG@100_ci90_low": 0.38744228065391795,
  "nDCG@100_ci90_high": 0.4154833665189017,
  "nDCG@100_ci95_low": 0.3847531147440262,
  "nDCG@100_ci95_high": 0.4181725324287935,
  "RR@1": 0.1792452830188679,
  "RR@3": 0.24955076370170678,
  "RR@5": 0.2690588499550758,
  "RR@10": 0.2829295554699863,
  "RR@100": 0.29529015388677854,
  "P@1": 0.1792452830188679,
  "P@3": 0.11477987421383679,
  "P@5": 0.0863881401617259,
  "P@10": 0.053840970350404145,
  "P@100": 0.008712938005390683,
  "R@1": 0.1737982929020665,
  "R@3": 0.33350179694519316,
  "R@5": 0.4189690026954178,
  "R@10": 0.518699460916442,
  "R@100": 0.8266509433962265,
  "AP": 0.2899637047495412
}