{
  "nDCG@1": 0.15902964959568733,
  "nDCG@3": 0.24819111222968981,
  "nDCG@5": 0.2849638817618206,
  "nDCG@10": 0.3186158508904905,
  "nDCG@100": 0.38055980823945074,
  "RR@1": 0.158355795148248,
  "RR@3": 0.2292228212039531,
  "RR@5": 0.24940476190476138,
  "RR@10": 0.26363298464039664,
  "RR@100": 0.2752202858624987,
  "P@1": 0.15902964959568733,
  "P@3": 0.10736747529200372,
  "P@5": 0.0830188679245291,
  "P@10": 0.05235849056603766,
  "P@100": 0.008423180592991767,
  "R@1": 0.15380727762803234,
  "R@3": 0.3129492362982929,
  "R@5": 0.4011118598382749,
  "R@10": 0.5035377358490566,
  "R@100": 0.7989667565139262,
  "AP": 0.27061892085862943
}