nDCG@1,nDCG@3,nDCG@5,nDCG@10,nDCG@100,RR@1,RR@3,RR@5,RR@10,RR@100,P@1,P@3,P@5,P@10,P@100,R@1,R@3,R@5,R@10,R@100,AP
0.14150943396226415,0.21714167125400563,0.25155167696017283,0.28666586649117015,0.34885475326908444,0.14150943396226415,0.20035938903863426,0.21990116801437523,0.23474762546528027,0.24644079542283404,0.14150943396226415,0.0938903863432163,0.07345013477089016,0.04804582210242603,0.008005390835579378,0.13673629829290207,0.27251796945193174,0.3557389937106919,0.4624326145552561,0.7592093441150044,0.24221204328502505
