nDCG@1,nDCG@3,nDCG@5,nDCG@10,nDCG@100,RR@1,RR@3,RR@5,RR@10,RR@100,P@1,P@3,P@5,P@10,P@100,R@1,R@3,R@5,R@10,R@100,AP
0.1792452830188679,0.2681832976577871,0.3034820815989535,0.33648615222536127,0.40146282358640983,0.1792452830188679,0.24955076370170678,0.2690588499550758,0.2829295554699863,0.29529015388677854,0.1792452830188679,0.11477987421383679,0.0863881401617259,0.053840970350404145,0.008712938005390683,0.1737982929020665,0.33350179694519316,0.4189690026954178,0.518699460916442,0.8266509433962265,0.2899637047495412
