{
  "nDCG@1": 0.1192722371967655,
  "nDCG@3": 0.18230794265283815,
  "nDCG@5": 0.207923812073641,
  "nDCG@10": 0.24282127964017644,
  "nDCG@100": 0.3024744679931398,
  "RR@1": 0.1192722371967655,
  "RR@3": 0.16801437556154555,
  "RR@5": 0.18253593890386335,
  "RR@10": 0.1969254053822785,
  "RR@100": 0.20796587170940728,
  "P@1": 0.1192722371967655,
  "P@3": 0.0790655884995504,
  "P@5": 0.06037735849056651,
  "P@10": 0.04144204851752062,
  "P@100": 0.007230458221024137,
  "R@1": 0.11528526504941598,
  "R@3": 0.2306266846361186,
  "R@5": 0.29205974842767296,
  "R@10": 0.39920260557053017,
  "R@100": 0.6880615453728661,
  "AP": 0.20418646966486356
}