{
  "nDCG@1": 0.1192722371967655,
  "nDCG@1_std": 0.32421783468292087,
  "nDCG@1_stderr": 0.008416275639366321,
  "nDCG@1_ci90_low": 0.10542004260109462,
  "nDCG@1_ci90_high": 0.13312443179243638,
  "nDCG@1_ci95_low": 0.10276316621169757,
  "nDCG@1_ci95_high": 0.13578130818183343,
  "nDCG@3": 0.18230794265283815,
  "nDCG@3_std": 0.3459212365591029,
  "nDCG@3_stderr": 0.008979667880513473,
  "nDCG@3_ci90_low": 0.16752847104148139,
  "nDCG@3_ci90_high": 0.1970874142641949,
  "nDCG@3_ci95_low": 0.16469374121576483,
  "nDCG@3_ci95_high": 0.19992214408991146,
  "nDCG@5": 0.207923812073641,
  "nDCG@5_std": 0.34715845521422856,
  "nDCG@5_stderr": 0.009011784476560349,
  "nDCG@5_ci90_low": 0.19309148034252877,
  "nDCG@5_ci90_high": 0.22275614380475323,
  "nDCG@5_ci95_low": 0.1902466118486648,
  "nDCG@5_ci95_high": 0.2256010122986172,
  "nDCG@10": 0.24282127964017644,
  "nDCG@10_std": 0.3408683692455128,
  "nDCG@10_stderr": 0.00884850198051939,
  "nDCG@10_ci90_low": 0.22825769159167922,
  "nDCG@10_ci90_high": 0.2573848676886737,
  "nDCG@10_ci95_low": 0.22546436863020058,
  "nDCG@10_ci95_high": 0.2601781906501523,
  "nDCG@100": 0.3024744679931398,
  "nDCG@100_std": 0.3114779548722947,
  "nDCG@100_stderr": 0.008085564837465217,
  "nDCG@100_ci90_low": 0.28916658427547737,
  "nDCG@100_ci90_high": 0.31578235171080227,
  "nDCG@100_ci95_low": 0.2866141077131463,
  "nDCG@100_ci95_high": 0.3183348282731333,
  "RR@1": 0.1192722371967655,
  "RR@3": 0.16801437556154555,
  "RR@5": 0.18253593890386335,
  "RR@10": 0.1969254053822785,
  "RR@100": 0.20796587170940728,
  "P@1": 0.1192722371967655,
  "P@3": 0.0790655884995504,
  "P@5": 0.06037735849056651,
  "P@10": 0.04144204851752062,
  "P@100": 0.007230458221024137,
  "R@1": 0.11528526504941598,
  "R@3": 0.2306266846361186,
  "R@5": 0.29205974842767296,
  "R@10": 0.39920260557053017,
  "R@100": 0.6880615453728661,
  "AP": 0.20418646966486356
}