nDCG@1,nDCG@1_std,nDCG@1_stderr,nDCG@1_ci90_low,nDCG@1_ci90_high,nDCG@1_ci95_low,nDCG@1_ci95_high,nDCG@3,nDCG@3_std,nDCG@3_stderr,nDCG@3_ci90_low,nDCG@3_ci90_high,nDCG@3_ci95_low,nDCG@3_ci95_high,nDCG@5,nDCG@5_std,nDCG@5_stderr,nDCG@5_ci90_low,nDCG@5_ci90_high,nDCG@5_ci95_low,nDCG@5_ci95_high,nDCG@10,nDCG@10_std,nDCG@10_stderr,nDCG@10_ci90_low,nDCG@10_ci90_high,nDCG@10_ci95_low,nDCG@10_ci95_high,nDCG@100,nDCG@100_std,nDCG@100_stderr,nDCG@100_ci90_low,nDCG@100_ci90_high,nDCG@100_ci95_low,nDCG@100_ci95_high,RR@1,RR@3,RR@5,RR@10,RR@100,P@1,P@3,P@5,P@10,P@100,R@1,R@3,R@5,R@10,R@100,AP
0.1792452830188679,0.38368686898328475,0.00996001485151756,0.1628522762055382,0.19563828983219764,0.1597080673617516,0.19878249867598421,0.2681832976577871,0.3941679298242838,0.010232089634562994,0.2513424879205973,0.28502410739497686,0.24811238965277113,0.288254205662803,0.3034820815989535,0.38734827966394036,0.010055060337054942,0.28693264115422684,0.3200315220436802,0.2837584280523499,0.3232057351455571,0.33648615222536127,0.37422869702587935,0.00971449294086789,0.3204972454474334,0.3524750590032891,0.31743054373333657,0.35554176071738597,0.40146282358640983,0.32815811525432126,0.008518560226572259,0.38744228065391795,0.4154833665189017,0.3847531147440262,0.4181725324287935,0.1792452830188679,0.24955076370170678,0.2690588499550758,0.2829295554699863,0.29529015388677854,0.1792452830188679,0.11477987421383679,0.0863881401617259,0.053840970350404145,0.008712938005390683,0.1737982929020665,0.33350179694519316,0.4189690026954178,0.518699460916442,0.8266509433962265,0.2899637047495412
