nDCG@1,nDCG@1_std,nDCG@1_stderr,nDCG@1_ci90_low,nDCG@1_ci90_high,nDCG@1_ci95_low,nDCG@1_ci95_high,nDCG@3,nDCG@3_std,nDCG@3_stderr,nDCG@3_ci90_low,nDCG@3_ci90_high,nDCG@3_ci95_low,nDCG@3_ci95_high,nDCG@5,nDCG@5_std,nDCG@5_stderr,nDCG@5_ci90_low,nDCG@5_ci90_high,nDCG@5_ci95_low,nDCG@5_ci95_high,nDCG@10,nDCG@10_std,nDCG@10_stderr,nDCG@10_ci90_low,nDCG@10_ci90_high,nDCG@10_ci95_low,nDCG@10_ci95_high,nDCG@100,nDCG@100_std,nDCG@100_stderr,nDCG@100_ci90_low,nDCG@100_ci90_high,nDCG@100_ci95_low,nDCG@100_ci95_high,RR@1,RR@3,RR@5,RR@10,RR@100,P@1,P@3,P@5,P@10,P@100,R@1,R@3,R@5,R@10,R@100,AP
0.16913746630727763,0.3749996592103404,0.009734506122000565,0.15311562019948383,0.18515931241507144,0.15004260066136282,0.18823233195319244,0.2619902704661823,0.3892527406458927,0.010104497680883374,0.24535946199878753,0.278621078933577,0.24216964236057548,0.2818108985717891,0.2982316970973842,0.38248205826639914,0.009928739523630404,0.28189016577588716,0.3145732284188812,0.27875583002606696,0.3177075641687014,0.33233666037589754,0.369355999623267,0.009588004018727883,0.3165559394082686,0.3481173813435265,0.31352916811531695,0.35114415263647814,0.3953476325503546,0.32441996847549576,0.008421522771178191,0.38148680179612127,0.40920846330458793,0.37882826897563515,0.41186699612507405,0.16913746630727763,0.24258760107816682,0.26256738544474323,0.2770095302271847,0.2886323691156069,0.16913746630727763,0.11298292902066513,0.0859838274932623,0.054043126684635956,0.008659029649595536,0.16391509433962265,0.3287848158131177,0.41694743935309975,0.5197102425876011,0.8213724168912847,0.28347555842220273
