{
  "nDCG@1": 0.14150943396226415,
  "nDCG@1_std": 0.34866378094505684,
  "nDCG@1_stderr": 0.009050860785518094,
  "nDCG@1_ci90_low": 0.12661278724683375,
  "nDCG@1_ci90_high": 0.15640608067769454,
  "nDCG@1_ci95_low": 0.12375558302074055,
  "nDCG@1_ci95_high": 0.15926328490378774,
  "nDCG@3": 0.21714167125400563,
  "nDCG@3_std": 0.36856652619284774,
  "nDCG@3_stderr": 0.009567510309592905,
  "nDCG@3_ci90_low": 0.20139468050851875,
  "nDCG@3_ci90_high": 0.2328886619994925,
  "nDCG@3_ci95_low": 0.19837437873418376,
  "nDCG@3_ci95_high": 0.2359089637738275,
  "nDCG@5": 0.25155167696017283,
  "nDCG@5_std": 0.36595686291556984,
  "nDCG@5_stderr": 0.00949976682629877,
  "nDCG@5_ci90_low": 0.23591618397846992,
  "nDCG@5_ci90_high": 0.26718716994187575,
  "nDCG@5_ci95_low": 0.2329172676802068,
  "nDCG@5_ci95_high": 0.27018608624013885,
  "nDCG@10": 0.28666586649117015,
  "nDCG@10_std": 0.35562019917774046,
  "nDCG@10_stderr": 0.009231440405285887,
  "nDCG@10_ci90_low": 0.27147200707261304,
  "nDCG@10_ci90_high": 0.30185972590972726,
  "nDCG@10_ci95_low": 0.2685577969036627,
  "nDCG@10_ci95_high": 0.3047739360786776,
  "nDCG@100": 0.34885475326908444,
  "nDCG@100_std": 0.31845084926624345,
  "nDCG@100_stderr": 0.0082665721570689,
  "nDCG@100_ci90_low": 0.3352489529049349,
  "nDCG@100_ci90_high": 0.362460553633234,
  "nDCG@100_ci95_low": 0.3326393353821161,
  "nDCG@100_ci95_high": 0.3650701711560528,
  "RR@1": 0.14150943396226415,
  "RR@3": 0.20035938903863426,
  "RR@5": 0.21990116801437523,
  "RR@10": 0.23474762546528027,
  "RR@100": 0.24644079542283404,
  "P@1": 0.14150943396226415,
  "P@3": 0.0938903863432163,
  "P@5": 0.07345013477089016,
  "P@10": 0.04804582210242603,
  "P@100": 0.008005390835579378,
  "R@1": 0.13673629829290207,
  "R@3": 0.27251796945193174,
  "R@5": 0.3557389937106919,
  "R@10": 0.4624326145552561,
  "R@100": 0.7592093441150044,
  "AP": 0.24221204328502505
}