nDCG@1,nDCG@3,nDCG@5,nDCG@10,nDCG@100,RR@1,RR@3,RR@5,RR@10,RR@100,P@1,P@3,P@5,P@10,P@100,R@1,R@3,R@5,R@10,R@100,AP
0.1192722371967655,0.18230794265283815,0.207923812073641,0.24282127964017644,0.3024744679931398,0.1192722371967655,0.16801437556154555,0.18253593890386335,0.1969254053822785,0.20796587170940728,0.1192722371967655,0.0790655884995504,0.06037735849056651,0.04144204851752062,0.007230458221024137,0.11528526504941598,0.2306266846361186,0.29205974842767296,0.39920260557053017,0.6880615453728661,0.20418646966486356
