nDCG@1,nDCG@3,nDCG@5,nDCG@10,nDCG@100,RR@1,RR@3,RR@5,RR@10,RR@100,P@1,P@3,P@5,P@10,P@100,R@1,R@3,R@5,R@10,R@100,AP
0.16913746630727763,0.2619902704661823,0.2982316970973842,0.33233666037589754,0.3953476325503546,0.16913746630727763,0.24258760107816682,0.26256738544474323,0.2770095302271847,0.2886323691156069,0.16913746630727763,0.11298292902066513,0.0859838274932623,0.054043126684635956,0.008659029649595536,0.16391509433962265,0.3287848158131177,0.41694743935309975,0.5197102425876011,0.8213724168912847,0.28347555842220273
