nDCG@1,nDCG@3,nDCG@5,nDCG@10,nDCG@100,RR@1,RR@3,RR@5,RR@10,RR@100,P@1,P@3,P@5,P@10,P@100,R@1,R@3,R@5,R@10,R@100,AP
0.15902964959568733,0.24819111222968981,0.2849638817618206,0.3186158508904905,0.38055980823945074,0.158355795148248,0.2292228212039531,0.24940476190476138,0.26363298464039664,0.2752202858624987,0.15902964959568733,0.10736747529200372,0.0830188679245291,0.05235849056603766,0.008423180592991767,0.15380727762803234,0.3129492362982929,0.4011118598382749,0.5035377358490566,0.7989667565139262,0.27061892085862943
