nDCG@1,nDCG@1_std,nDCG@1_stderr,nDCG@1_ci90_low,nDCG@1_ci90_high,nDCG@1_ci95_low,nDCG@1_ci95_high,nDCG@3,nDCG@3_std,nDCG@3_stderr,nDCG@3_ci90_low,nDCG@3_ci90_high,nDCG@3_ci95_low,nDCG@3_ci95_high,nDCG@5,nDCG@5_std,nDCG@5_stderr,nDCG@5_ci90_low,nDCG@5_ci90_high,nDCG@5_ci95_low,nDCG@5_ci95_high,nDCG@10,nDCG@10_std,nDCG@10_stderr,nDCG@10_ci90_low,nDCG@10_ci90_high,nDCG@10_ci95_low,nDCG@10_ci95_high,nDCG@100,nDCG@100_std,nDCG@100_stderr,nDCG@100_ci90_low,nDCG@100_ci90_high,nDCG@100_ci95_low,nDCG@100_ci95_high,RR@1,RR@3,RR@5,RR@10,RR@100,P@1,P@3,P@5,P@10,P@100,R@1,R@3,R@5,R@10,R@100,AP
0.17857142857142858,0.38312215227800445,0.009945355536262919,0.16220254925774924,0.1949403078851079,0.15906296811275175,0.1980798890301054,0.2672211577287544,0.39403367593699046,0.01022860457729518,0.2503860839837682,0.28405623147374054,0.24715708588979177,0.287285229567717,0.30311847504320244,0.3871657643035819,0.010050322474368588,0.28657683256027155,0.3196601175261333,0.2834041151218029,0.32283283496460197,0.336275928690428,0.3738173336675292,0.009703814480149663,0.32030459739626393,0.35224725998459205,0.3172412666922638,0.35531059068859216,0.40090986094999825,0.3280863999893414,0.008516698591051156,0.38689238204946175,0.41492733985053476,0.38420380382653196,0.41761591807346454,0.1778975741239892,0.2484276729559746,0.2682053009883193,0.2821391135070377,0.2943644266347894,0.17857142857142858,0.11410601976639742,0.08625336927223803,0.05390835579514808,0.008699460916441897,0.17312443845462713,0.33148023360287515,0.4182951482479784,0.5190363881401617,0.8256401617250674,0.2894851414293935
