nDCG@1,nDCG@1_std,nDCG@1_stderr,nDCG@1_ci90_low,nDCG@1_ci90_high,nDCG@1_ci95_low,nDCG@1_ci95_high,nDCG@3,nDCG@3_std,nDCG@3_stderr,nDCG@3_ci90_low,nDCG@3_ci90_high,nDCG@3_ci95_low,nDCG@3_ci95_high,nDCG@5,nDCG@5_std,nDCG@5_stderr,nDCG@5_ci90_low,nDCG@5_ci90_high,nDCG@5_ci95_low,nDCG@5_ci95_high,nDCG@10,nDCG@10_std,nDCG@10_stderr,nDCG@10_ci90_low,nDCG@10_ci90_high,nDCG@10_ci95_low,nDCG@10_ci95_high,nDCG@100,nDCG@100_std,nDCG@100_stderr,nDCG@100_ci90_low,nDCG@100_ci90_high,nDCG@100_ci95_low,nDCG@100_ci95_high,RR@1,RR@3,RR@5,RR@10,RR@100,P@1,P@3,P@5,P@10,P@100,R@1,R@3,R@5,R@10,R@100,AP
0.1192722371967655,0.32421783468292087,0.008416275639366321,0.10542004260109462,0.13312443179243638,0.10276316621169757,0.13578130818183343,0.18230794265283815,0.3459212365591029,0.008979667880513473,0.16752847104148139,0.1970874142641949,0.16469374121576483,0.19992214408991146,0.207923812073641,0.34715845521422856,0.009011784476560349,0.19309148034252877,0.22275614380475323,0.1902466118486648,0.2256010122986172,0.24282127964017644,0.3408683692455128,0.00884850198051939,0.22825769159167922,0.2573848676886737,0.22546436863020058,0.2601781906501523,0.3024744679931398,0.3114779548722947,0.008085564837465217,0.28916658427547737,0.31578235171080227,0.2866141077131463,0.3183348282731333,0.1192722371967655,0.16801437556154555,0.18253593890386335,0.1969254053822785,0.20796587170940728,0.1192722371967655,0.0790655884995504,0.06037735849056651,0.04144204851752062,0.007230458221024137,0.11528526504941598,0.2306266846361186,0.29205974842767296,0.39920260557053017,0.6880615453728661,0.20418646966486356
