{
  "nDCG@1": 0.16913746630727763,
  "nDCG@1_std": 0.3749996592103404,
  "nDCG@1_stderr": 0.009734506122000565,
  "nDCG@1_ci90_low": 0.15311562019948383,
  "nDCG@1_ci90_high": 0.18515931241507144,
  "nDCG@1_ci95_low": 0.15004260066136282,
  "nDCG@1_ci95_high": 0.18823233195319244,
  "nDCG@3": 0.2619902704661823,
  "nDCG@3_std": 0.3892527406458927,
  "nDCG@3_stderr": 0.010104497680883374,
  "nDCG@3_ci90_low": 0.24535946199878753,
  "nDCG@3_ci90_high": 0.278621078933577,
  "nDCG@3_ci95_low": 0.24216964236057548,
  "nDCG@3_ci95_high": 0.2818108985717891,
  "nDCG@5": 0.2982316970973842,
  "nDCG@5_std": 0.38248205826639914,
  "nDCG@5_stderr": 0.009928739523630404,
  "nDCG@5_ci90_low": 0.28189016577588716,
  "nDCG@5_ci90_high": 0.3145732284188812,
  "nDCG@5_ci95_low": 0.27875583002606696,
  "nDCG@5_ci95_high": 0.3177075641687014,
  "nDCG@10": 0.33233666037589754,
  "nDCG@10_std": 0.369355999623267,
  "nDCG@10_stderr": 0.009588004018727883,
  "nDCG@10_ci90_low": 0.3165559394082686,
  "nDCG@10_ci90_high": 0.3481173813435265,
  "nDCG@10_ci95_low": 0.31352916811531695,
  "nDCG@10_ci95_high": 0.35114415263647814,
  "nDCG@100": 0.3953476325503546,
  "nDCG@100_std": 0.32441996847549576,
  "nDCG@100_stderr": 0.008421522771178191,
  "nDCG@100_ci90_low": 0.38148680179612127,
  "nDCG@100_ci90_high": 0.40920846330458793,
  "nDCG@100_ci95_low": 0.37882826897563515,
  "nDCG@100_ci95_high": 0.41186699612507405,
  "RR@1": 0.16913746630727763,
  "RR@3": 0.24258760107816682,
  "RR@5": 0.26256738544474323,
  "RR@10": 0.2770095302271847,
  "RR@100": 0.2886323691156069,
  "P@1": 0.16913746630727763,
  "P@3": 0.11298292902066513,
  "P@5": 0.0859838274932623,
  "P@10": 0.054043126684635956,
  "P@100": 0.008659029649595536,
  "R@1": 0.16391509433962265,
  "R@3": 0.3287848158131177,
  "R@5": 0.41694743935309975,
  "R@10": 0.5197102425876011,
  "R@100": 0.8213724168912847,
  "AP": 0.28347555842220273
}