nDCG@1,nDCG@1_std,nDCG@1_stderr,nDCG@1_ci90_low,nDCG@1_ci90_high,nDCG@1_ci95_low,nDCG@1_ci95_high,nDCG@3,nDCG@3_std,nDCG@3_stderr,nDCG@3_ci90_low,nDCG@3_ci90_high,nDCG@3_ci95_low,nDCG@3_ci95_high,nDCG@5,nDCG@5_std,nDCG@5_stderr,nDCG@5_ci90_low,nDCG@5_ci90_high,nDCG@5_ci95_low,nDCG@5_ci95_high,nDCG@10,nDCG@10_std,nDCG@10_stderr,nDCG@10_ci90_low,nDCG@10_ci90_high,nDCG@10_ci95_low,nDCG@10_ci95_high,nDCG@100,nDCG@100_std,nDCG@100_stderr,nDCG@100_ci90_low,nDCG@100_ci90_high,nDCG@100_ci95_low,nDCG@100_ci95_high,RR@1,RR@3,RR@5,RR@10,RR@100,P@1,P@3,P@5,P@10,P@100,R@1,R@3,R@5,R@10,R@100,AP
0.14420485175202155,0.35141574923428,0.009122298322862543,0.12919062729661052,0.15921907620743259,0.1263108714438335,0.1620988320602096,0.22328442349960118,0.3718163580044574,0.009651871740033144,0.20739858381416734,0.239170263185035,0.20435165055788992,0.24221719644131243,0.25086470014741735,0.3693036011961033,0.009586643823331752,0.23508621790058637,0.26664318239424833,0.23205987599839945,0.26966952429643526,0.28204992598081285,0.3602082693740662,0.009350540773292487,0.2666600414384674,0.2974398105231583,0.2637082332904009,0.3003916186712248,0.3446318015850975,0.3235927413153335,0.008400049024050416,0.3308063140796666,0.3584572890905284,0.328154560159276,0.36110904301091895,0.14420485175202155,0.20496406109613666,0.22110287511230886,0.2341542591879517,0.2458669858320763,0.14420485175202155,0.0956873315363879,0.07129380053908421,0.045687331536388424,0.007803234501347575,0.1412848158131177,0.2813342318059299,0.3479335130278526,0.4439577717879604,0.7437106918238993,0.24184021051548413
