nDCG@1,nDCG@1_std,nDCG@1_stderr,nDCG@1_ci90_low,nDCG@1_ci90_high,nDCG@1_ci95_low,nDCG@1_ci95_high,nDCG@3,nDCG@3_std,nDCG@3_stderr,nDCG@3_ci90_low,nDCG@3_ci90_high,nDCG@3_ci95_low,nDCG@3_ci95_high,nDCG@5,nDCG@5_std,nDCG@5_stderr,nDCG@5_ci90_low,nDCG@5_ci90_high,nDCG@5_ci95_low,nDCG@5_ci95_high,nDCG@10,nDCG@10_std,nDCG@10_stderr,nDCG@10_ci90_low,nDCG@10_ci90_high,nDCG@10_ci95_low,nDCG@10_ci95_high,nDCG@100,nDCG@100_std,nDCG@100_stderr,nDCG@100_ci90_low,nDCG@100_ci90_high,nDCG@100_ci95_low,nDCG@100_ci95_high,RR@1,RR@3,RR@5,RR@10,RR@100,P@1,P@3,P@5,P@10,P@100,R@1,R@3,R@5,R@10,R@100,AP
0.14420485175202155,0.35141574923428,0.009122298322862543,0.12919062729661052,0.15921907620743259,0.1263108714438335,0.1620988320602096,0.21263958788373946,0.36817590665810734,0.009557370331705162,0.1969092863429454,0.2283698894245335,0.19389218558875204,0.23138699017872688,0.23517878045668542,0.3667187281031771,0.009519543861159333,0.2195107368139594,0.2508468240994114,0.21650557723907077,0.25385198367430006,0.26087287079017096,0.36101917386118726,0.009371590804940143,0.24544834038460492,0.27629740119573704,0.24248988709627953,0.27925585448406237,0.32515103954270946,0.3273022968636101,0.00849634428807983,0.3111670614182525,0.3391350176671664,0.3084849087057628,0.34181717037965614,0.14420485175202155,0.19755166217430384,0.21032120395327927,0.2211042121251014,0.2334464858432498,0.14420485175202155,0.09029649595687293,0.06563342318059356,0.04090296495956913,0.00737870619946079,0.14027403414195866,0.2644878706199461,0.31929469901168017,0.39779874213836475,0.7036163522012577,0.22875728205308057
