{
  "nDCG@1": 0.14420485175202155,
  "nDCG@1_std": 0.35141574923428,
  "nDCG@1_stderr": 0.009122298322862543,
  "nDCG@1_ci90_low": 0.12919062729661052,
  "nDCG@1_ci90_high": 0.15921907620743259,
  "nDCG@1_ci95_low": 0.1263108714438335,
  "nDCG@1_ci95_high": 0.1620988320602096,
  "nDCG@3": 0.22328442349960118,
  "nDCG@3_std": 0.3718163580044574,
  "nDCG@3_stderr": 0.009651871740033144,
  "nDCG@3_ci90_low": 0.20739858381416734,
  "nDCG@3_ci90_high": 0.239170263185035,
  "nDCG@3_ci95_low": 0.20435165055788992,
  "nDCG@3_ci95_high": 0.24221719644131243,
  "nDCG@5": 0.25086470014741735,
  "nDCG@5_std": 0.3693036011961033,
  "nDCG@5_stderr": 0.009586643823331752,
  "nDCG@5_ci90_low": 0.23508621790058637,
  "nDCG@5_ci90_high": 0.26664318239424833,
  "nDCG@5_ci95_low": 0.23205987599839945,
  "nDCG@5_ci95_high": 0.26966952429643526,
  "nDCG@10": 0.28204992598081285,
  "nDCG@10_std": 0.3602082693740662,
  "nDCG@10_stderr": 0.009350540773292487,
  "nDCG@10_ci90_low": 0.2666600414384674,
  "nDCG@10_ci90_high": 0.2974398105231583,
  "nDCG@10_ci95_low": 0.2637082332904009,
  "nDCG@10_ci95_high": 0.3003916186712248,
  "nDCG@100": 0.3446318015850975,
  "nDCG@100_std": 0.3235927413153335,
  "nDCG@100_stderr": 0.008400049024050416,
  "nDCG@100_ci90_low": 0.3308063140796666,
  "nDCG@100_ci90_high": 0.3584572890905284,
  "nDCG@100_ci95_low": 0.328154560159276,
  "nDCG@100_ci95_high": 0.36110904301091895,
  "RR@1": 0.14420485175202155,
  "RR@3": 0.20496406109613666,
  "RR@5": 0.22110287511230886,
  "RR@10": 0.2341542591879517,
  "RR@100": 0.2458669858320763,
  "P@1": 0.14420485175202155,
  "P@3": 0.0956873315363879,
  "P@5": 0.07129380053908421,
  "P@10": 0.045687331536388424,
  "P@100": 0.007803234501347575,
  "R@1": 0.1412848158131177,
  "R@3": 0.2813342318059299,
  "R@5": 0.3479335130278526,
  "R@10": 0.4439577717879604,
  "R@100": 0.7437106918238993,
  "AP": 0.24184021051548413
}