nDCG@1,nDCG@3,nDCG@5,nDCG@10,nDCG@100,RR@1,RR@3,RR@5,RR@10,RR@100,P@1,P@3,P@5,P@10,P@100,R@1,R@3,R@5,R@10,R@100,AP
0.14420485175202155,0.2223647445035169,0.25395885296892506,0.28450438464509664,0.34778981653759783,0.14420485175202155,0.2053009883198563,0.22305705300988296,0.23561588157275487,0.24768445636070038,0.14420485175202155,0.0956873315363879,0.07291105121293867,0.04622641509433989,0.007890835579514689,0.14128481581311772,0.2806603773584906,0.35601976639712485,0.4500224618149146,0.7523584905660378,0.243328918139323
