nDCG@1,nDCG@3,nDCG@5,nDCG@10,nDCG@100,RR@1,RR@3,RR@5,RR@10,RR@100,P@1,P@3,P@5,P@10,P@100,R@1,R@3,R@5,R@10,R@100,AP
0.14420485175202155,0.21263958788373946,0.23517878045668542,0.26087287079017096,0.32515103954270946,0.14420485175202155,0.19755166217430384,0.21032120395327927,0.2211042121251014,0.2334464858432498,0.14420485175202155,0.09029649595687293,0.06563342318059356,0.04090296495956913,0.00737870619946079,0.14027403414195866,0.2644878706199461,0.31929469901168017,0.39779874213836475,0.7036163522012577,0.22875728205308057
