nDCG@1,nDCG@1_std,nDCG@1_stderr,nDCG@1_ci90_low,nDCG@1_ci90_high,nDCG@1_ci95_low,nDCG@1_ci95_high,nDCG@3,nDCG@3_std,nDCG@3_stderr,nDCG@3_ci90_low,nDCG@3_ci90_high,nDCG@3_ci95_low,nDCG@3_ci95_high,nDCG@5,nDCG@5_std,nDCG@5_stderr,nDCG@5_ci90_low,nDCG@5_ci90_high,nDCG@5_ci95_low,nDCG@5_ci95_high,nDCG@10,nDCG@10_std,nDCG@10_stderr,nDCG@10_ci90_low,nDCG@10_ci90_high,nDCG@10_ci95_low,nDCG@10_ci95_high,nDCG@100,nDCG@100_std,nDCG@100_stderr,nDCG@100_ci90_low,nDCG@100_ci90_high,nDCG@100_ci95_low,nDCG@100_ci95_high,RR@1,RR@3,RR@5,RR@10,RR@100,P@1,P@3,P@5,P@10,P@100,R@1,R@3,R@5,R@10,R@100,AP
0.1320754716981132,0.3386869329260304,0.00879187471517341,0.11760508543299439,0.14654585796323202,0.1148296387449104,0.14932130465131602,0.20136797630958528,0.3601870806969565,0.009349990742640524,0.18597899705265952,0.21675695556651103,0.1830273625400008,0.21970859007916976,0.22767196880541624,0.3596209966707752,0.00933529593350381,0.21230717546687414,0.24303676214395833,0.2093601798578249,0.24598375775300757,0.2584497626618038,0.35289204567516447,0.00916062106900034,0.24337246349737798,0.27352706182622966,0.24048060979945504,0.27641891552415254,0.316225543009101,0.3226355987691449,0.008375202841536224,0.3024409493823753,0.3300101366358267,0.29979703898309995,0.33265404703510204,0.1320754716981132,0.1866576819407009,0.2014824797843665,0.2146293265733965,0.22528532327811054,0.1320754716981132,0.0858041329739438,0.06469002695417844,0.04198113207547211,0.0072035040431265625,0.1289308176100629,0.2512353998203055,0.3146900269541779,0.4080188679245283,0.68766846361186,0.22092728611051662
