{
  "nDCG@1": 0.1320754716981132,
  "nDCG@3": 0.20136797630958528,
  "nDCG@5": 0.22767196880541624,
  "nDCG@10": 0.2584497626618038,
  "nDCG@100": 0.316225543009101,
  "RR@1": 0.1320754716981132,
  "RR@3": 0.1866576819407009,
  "RR@5": 0.2014824797843665,
  "RR@10": 0.2146293265733965,
  "RR@100": 0.22528532327811054,
  "P@1": 0.1320754716981132,
  "P@3": 0.0858041329739438,
  "P@5": 0.06469002695417844,
  "P@10": 0.04198113207547211,
  "P@100": 0.0072035040431265625,
  "R@1": 0.1289308176100629,
  "R@3": 0.2512353998203055,
  "R@5": 0.3146900269541779,
  "R@10": 0.4080188679245283,
  "R@100": 0.68766846361186,
  "AP": 0.22092728611051662
}