{
  "nDCG@1": 0.12601078167115903,
  "nDCG@3": 0.19223280987009778,
  "nDCG@5": 0.21779391725835087,
  "nDCG@10": 0.2476297934197521,
  "nDCG@100": 0.30254163184462035,
  "RR@1": 0.12533692722371967,
  "RR@3": 0.1780098831985625,
  "RR@5": 0.1921271338724168,
  "RR@10": 0.2046945193171607,
  "RR@100": 0.2147177696501205,
  "P@1": 0.12601078167115903,
  "P@3": 0.0819856244384542,
  "P@5": 0.06199460916442099,
  "P@10": 0.04049865229110552,
  "P@100": 0.00690026954177886,
  "R@1": 0.12252920035938902,
  "R@3": 0.2397798742138365,
  "R@5": 0.30199910152740345,
  "R@10": 0.3931379155435759,
  "R@100": 0.660826594788859,
  "AP": 0.2108986831434362
}