nDCG@1,nDCG@1_std,nDCG@1_stderr,nDCG@1_ci90_low,nDCG@1_ci90_high,nDCG@1_ci95_low,nDCG@1_ci95_high,nDCG@3,nDCG@3_std,nDCG@3_stderr,nDCG@3_ci90_low,nDCG@3_ci90_high,nDCG@3_ci95_low,nDCG@3_ci95_high,nDCG@5,nDCG@5_std,nDCG@5_stderr,nDCG@5_ci90_low,nDCG@5_ci90_high,nDCG@5_ci95_low,nDCG@5_ci95_high,nDCG@10,nDCG@10_std,nDCG@10_stderr,nDCG@10_ci90_low,nDCG@10_ci90_high,nDCG@10_ci95_low,nDCG@10_ci95_high,nDCG@100,nDCG@100_std,nDCG@100_stderr,nDCG@100_ci90_low,nDCG@100_ci90_high,nDCG@100_ci95_low,nDCG@100_ci95_high,RR@1,RR@3,RR@5,RR@10,RR@100,P@1,P@3,P@5,P@10,P@100,R@1,R@3,R@5,R@10,R@100,AP
0.12601078167115903,0.33197338386950576,0.008617599665087477,0.11182723153289767,0.1401943318094204,0.109106800541266,0.1429147628010521,0.19223280987009778,0.354168604053663,0.009193758873383289,0.1771009697977389,0.20736464994245665,0.1741986550534061,0.21026696468678946,0.21779391725835087,0.35441374939285963,0.009200122529313575,0.20265160336074395,0.2329362311559578,0.19974727971747344,0.2358405547992283,0.2476297934197521,0.3484910959848698,0.009046378107305379,0.23274052466264591,0.2625190621768583,0.22988473554252298,0.26537485129698124,0.30254163184462035,0.3213329642992825,0.008341388135548739,0.2888126932258347,0.316270570463406,0.28617945755939866,0.31890380612984204,0.12533692722371967,0.1780098831985625,0.1921271338724168,0.2046945193171607,0.2147177696501205,0.12601078167115903,0.0819856244384542,0.06199460916442099,0.04049865229110552,0.00690026954177886,0.12252920035938902,0.2397798742138365,0.30199910152740345,0.3931379155435759,0.660826594788859,0.2108986831434362
