nDCG@1,nDCG@3,nDCG@5,nDCG@10,nDCG@100,RR@1,RR@3,RR@5,RR@10,RR@100,P@1,P@3,P@5,P@10,P@100,R@1,R@3,R@5,R@10,R@100,AP
0.14420485175202155,0.21674662916238485,0.24087980102932915,0.2672674541432293,0.3326141060525783,0.14150943396226415,0.19946091644204866,0.21340970350404295,0.2244732169597396,0.23698702663175744,0.14420485175202155,0.09231805929919105,0.06752021563342378,0.04204851752021605,0.007553908355795018,0.14061096136567833,0.27088948787061995,0.3290655884995508,0.4095911949685534,0.720125786163522,0.23362855287056863
