{
  "nDCG@1": 0.1421832884097035,
  "nDCG@3": 0.2189559123576258,
  "nDCG@5": 0.24501315123492723,
  "nDCG@10": 0.2769977376260489,
  "nDCG@100": 0.339653498807059,
  "RR@1": 0.1421832884097035,
  "RR@3": 0.2023809523809524,
  "RR@5": 0.21663297394429448,
  "RR@10": 0.23023199845976103,
  "RR@100": 0.24186669713674835,
  "P@1": 0.1421832884097035,
  "P@3": 0.09389038634321623,
  "P@5": 0.06927223719676612,
  "P@10": 0.04487870619946126,
  "P@100": 0.007722371967654854,
  "R@1": 0.13903863432165317,
  "R@3": 0.27504492362982924,
  "R@5": 0.33782569631626236,
  "R@10": 0.4355345911949685,
  "R@100": 0.737533692722372,
  "AP": 0.23756572338485213
}