nDCG@1,nDCG@1_std,nDCG@1_stderr,nDCG@1_ci90_low,nDCG@1_ci90_high,nDCG@1_ci95_low,nDCG@1_ci95_high,nDCG@3,nDCG@3_std,nDCG@3_stderr,nDCG@3_ci90_low,nDCG@3_ci90_high,nDCG@3_ci95_low,nDCG@3_ci95_high,nDCG@5,nDCG@5_std,nDCG@5_stderr,nDCG@5_ci90_low,nDCG@5_ci90_high,nDCG@5_ci95_low,nDCG@5_ci95_high,nDCG@10,nDCG@10_std,nDCG@10_stderr,nDCG@10_ci90_low,nDCG@10_ci90_high,nDCG@10_ci95_low,nDCG@10_ci95_high,nDCG@100,nDCG@100_std,nDCG@100_stderr,nDCG@100_ci90_low,nDCG@100_ci90_high,nDCG@100_ci95_low,nDCG@100_ci95_high,RR@1,RR@3,RR@5,RR@10,RR@100,P@1,P@3,P@5,P@10,P@100,R@1,R@3,R@5,R@10,R@100,AP
0.1421832884097035,0.3493557563110541,0.009068823571006376,0.12725707707320721,0.1571094997461998,0.12439420229844182,0.1599723745209652,0.2189559123576258,0.3694550526045471,0.00959057530600506,0.2031709593551573,0.23474086536009428,0.20014337635014323,0.23776844836510835,0.24501315123492723,0.36773411328423006,0.009545901947142565,0.22930172529914736,0.2607245771707071,0.2262882449206967,0.26373805754915775,0.2769977376260489,0.35903966914671903,0.009320205422878472,0.26165778148375457,0.29233769376834323,0.2587155496946065,0.29527992555749133,0.339653498807059,0.3229397587695223,0.008383098441740173,0.32585590995594177,0.3534510876581762,0.3232095070487376,0.35609749056538037,0.1421832884097035,0.2023809523809524,0.21663297394429448,0.23023199845976103,0.24186669713674835,0.1421832884097035,0.09389038634321623,0.06927223719676612,0.04487870619946126,0.007722371967654854,0.13903863432165317,0.27504492362982924,0.33782569631626236,0.4355345911949685,0.737533692722372,0.23756572338485213
