{
  "nDCG@1": 0.14420485175202155,
  "nDCG@3": 0.21263958788373946,
  "nDCG@5": 0.23517878045668542,
  "nDCG@10": 0.26087287079017096,
  "nDCG@100": 0.32515103954270946,
  "RR@1": 0.14420485175202155,
  "RR@3": 0.19755166217430384,
  "RR@5": 0.21032120395327927,
  "RR@10": 0.2211042121251014,
  "RR@100": 0.2334464858432498,
  "P@1": 0.14420485175202155,
  "P@3": 0.09029649595687293,
  "P@5": 0.06563342318059356,
  "P@10": 0.04090296495956913,
  "P@100": 0.00737870619946079,
  "R@1": 0.14027403414195866,
  "R@3": 0.2644878706199461,
  "R@5": 0.31929469901168017,
  "R@10": 0.39779874213836475,
  "R@100": 0.7036163522012577,
  "AP": 0.22875728205308057
}