nDCG@1,nDCG@3,nDCG@5,nDCG@10,nDCG@100,RR@1,RR@3,RR@5,RR@10,RR@100,P@1,P@3,P@5,P@10,P@100,R@1,R@3,R@5,R@10,R@100,AP
0.1320754716981132,0.20136797630958528,0.22767196880541624,0.2584497626618038,0.316225543009101,0.1320754716981132,0.1866576819407009,0.2014824797843665,0.2146293265733965,0.22528532327811054,0.1320754716981132,0.0858041329739438,0.06469002695417844,0.04198113207547211,0.0072035040431265625,0.1289308176100629,0.2512353998203055,0.3146900269541779,0.4080188679245283,0.68766846361186,0.22092728611051662
