nDCG@1,nDCG@3,nDCG@5,nDCG@10,nDCG@100,RR@1,RR@3,RR@5,RR@10,RR@100,P@1,P@3,P@5,P@10,P@100,R@1,R@3,R@5,R@10,R@100,AP
0.12601078167115903,0.19223280987009778,0.21779391725835087,0.2476297934197521,0.30254163184462035,0.12533692722371967,0.1780098831985625,0.1921271338724168,0.2046945193171607,0.2147177696501205,0.12601078167115903,0.0819856244384542,0.06199460916442099,0.04049865229110552,0.00690026954177886,0.12252920035938902,0.2397798742138365,0.30199910152740345,0.3931379155435759,0.660826594788859,0.2108986831434362
