{
  "nDCG@1": 0.14555256064690028,
  "nDCG@1_std": 0.3527759551206797,
  "nDCG@1_stderr": 0.009157607508359462,
  "nDCG@1_ci90_low": 0.130480221446978,
  "nDCG@1_ci90_high": 0.16062489984682257,
  "nDCG@1_ci95_low": 0.12758931907936527,
  "nDCG@1_ci95_high": 0.1635158022144353,
  "nDCG@3": 0.22225348193367825,
  "nDCG@3_std": 0.3710468621888041,
  "nDCG@3_stderr": 0.009631896623938093,
  "nDCG@3_ci90_low": 0.20640051892755912,
  "nDCG@3_ci90_high": 0.23810644493979738,
  "nDCG@3_ci95_low": 0.20335989147881495,
  "nDCG@3_ci95_high": 0.24114707238854155,
  "nDCG@5": 0.258662911737942,
  "nDCG@5_std": 0.3679058410174659,
  "nDCG@5_stderr": 0.00955035977698172,
  "nDCG@5_ci90_low": 0.2429441487413228,
  "nDCG@5_ci90_high": 0.27438167473456115,
  "nDCG@5_ci95_low": 0.2399292611011147,
  "nDCG@5_ci95_high": 0.27739656237476923,
  "nDCG@10": 0.29029390887257156,
  "nDCG@10_std": 0.35848278840656295,
  "nDCG@10_stderr": 0.009305749519143282,
  "nDCG@10_ci90_low": 0.2749777454386172,
  "nDCG@10_ci90_high": 0.3056100723065259,
  "nDCG@10_ci95_low": 0.2720400771346693,
  "nDCG@10_ci95_high": 0.3085477406104738,
  "nDCG@100": 0.3505720642211804,
  "nDCG@100_std": 0.3222628793633065,
  "nDCG@100_stderr": 0.00836552752784244,
  "nDCG@100_ci90_low": 0.3368033950168244,
  "nDCG@100_ci90_high": 0.36434073342553647,
  "nDCG@100_ci95_low": 0.33416253895103504,
  "nDCG@100_ci95_high": 0.3669815894913258,
  "RR@1": 0.14555256064690028,
  "RR@3": 0.20608715184186874,
  "RR@5": 0.2264712488769089,
  "RR@10": 0.23953573567791875,
  "RR@100": 0.2508744302760273,
  "P@1": 0.14555256064690028,
  "P@3": 0.0956873315363879,
  "P@5": 0.075741239892184,
  "P@10": 0.0479784366576821,
  "P@100": 0.007897574123989082,
  "R@1": 0.14162174303683736,
  "R@3": 0.27880727762803237,
  "R@5": 0.3670822102425876,
  "R@10": 0.46378032345013476,
  "R@100": 0.7515161725067385,
  "AP": 0.24663557418153614
}