{
  "nDCG@1": 0.16576819407008087,
  "nDCG@1_std": 0.3719977815343258,
  "nDCG@1_stderr": 0.009656581260212169,
  "nDCG@1_ci90_low": 0.14987460307126715,
  "nDCG@1_ci90_high": 0.18166178506889458,
  "nDCG@1_ci95_low": 0.1468261830988334,
  "nDCG@1_ci95_high": 0.18471020504132832,
  "nDCG@3": 0.23926646216336264,
  "nDCG@3_std": 0.3840222500875801,
  "nDCG@3_stderr": 0.009968720911197297,
  "nDCG@3_ci90_low": 0.22285912620516968,
  "nDCG@3_ci90_high": 0.2556737981215556,
  "nDCG@3_ci95_low": 0.21971216900505558,
  "nDCG@3_ci95_high": 0.2588207553216697,
  "nDCG@5": 0.2706085318840013,
  "nDCG@5_std": 0.37988201474557226,
  "nDCG@5_stderr": 0.009861245756771378,
  "nDCG@5_ci90_low": 0.25437808732256156,
  "nDCG@5_ci90_high": 0.28683897644544104,
  "nDCG@5_ci95_low": 0.2512650582175428,
  "nDCG@5_ci95_high": 0.2899520055504598,
  "nDCG@10": 0.3031944332736716,
  "nDCG@10_std": 0.3698378869175034,
  "nDCG@10_stderr": 0.00960051318960483,
  "nDCG@10_ci90_low": 0.28739312368981346,
  "nDCG@10_ci90_high": 0.3189957428575298,
  "nDCG@10_ci95_low": 0.28436240346241887,
  "nDCG@10_ci95_high": 0.3220264630849244,
  "nDCG@100": 0.367337037948368,
  "nDCG@100_std": 0.32941447399491086,
  "nDCG@100_stderr": 0.008551173674481657,
  "nDCG@100_ci90_low": 0.3532628171367007,
  "nDCG@100_ci90_high": 0.38141125876003523,
  "nDCG@100_ci95_low": 0.35056335571090136,
  "nDCG@100_ci95_high": 0.3841107201858346,
  "RR@1": 0.16576819407008087,
  "RR@3": 0.22383198562443826,
  "RR@5": 0.24125112309074526,
  "RR@10": 0.25483276643990893,
  "RR@100": 0.2666079296264299,
  "P@1": 0.16576819407008087,
  "P@3": 0.10130278526504935,
  "P@5": 0.07654986522911124,
  "P@10": 0.048719676549865344,
  "P@100": 0.008180592991913605,
  "R@1": 0.16183737646001797,
  "R@3": 0.2946990116801438,
  "R@5": 0.3708445642407906,
  "R@10": 0.4702942497753818,
  "R@100": 0.7807726864330636,
  "AP": 0.26199456170782404
}