{
  "nDCG@1": 0.14892183288409702,
  "nDCG@3": 0.23494324509326345,
  "nDCG@5": 0.2701806759366867,
  "nDCG@10": 0.3026399426975862,
  "nDCG@100": 0.36222802270339277,
  "RR@1": 0.14892183288409702,
  "RR@3": 0.21574573225516605,
  "RR@5": 0.23542228212039484,
  "RR@10": 0.24881300004278403,
  "RR@100": 0.25963992238491257,
  "P@1": 0.14892183288409702,
  "P@3": 0.10287511230907456,
  "P@5": 0.07951482479784443,
  "P@10": 0.05033692722371972,
  "P@100": 0.008126684636118457,
  "R@1": 0.1456648697214735,
  "R@3": 0.29980907457322553,
  "R@5": 0.38538858939802334,
  "R@10": 0.4850067385444744,
  "R@100": 0.7722371967654986,
  "AP": 0.2557374757103853
}