nDCG@1,nDCG@3,nDCG@5,nDCG@10,nDCG@100,RR@1,RR@3,RR@5,RR@10,RR@100,P@1,P@3,P@5,P@10,P@100,R@1,R@3,R@5,R@10,R@100,AP
0.17048517520215634,0.24629181171786027,0.2793852949080749,0.3112993553878961,0.3745670843448861,0.17048517520215634,0.23057053009883177,0.2488656783468099,0.26208178239849367,0.27378277019576774,0.17048517520215634,0.1046720575022462,0.07938005390835656,0.04986522911051218,0.00826819407008072,0.16565588499550762,0.3044699011680144,0.38454627133872415,0.4820867026055705,0.7863319856244384,0.26862066860654193
