nDCG@1,nDCG@1_std,nDCG@1_stderr,nDCG@1_ci90_low,nDCG@1_ci90_high,nDCG@1_ci95_low,nDCG@1_ci95_high,nDCG@3,nDCG@3_std,nDCG@3_stderr,nDCG@3_ci90_low,nDCG@3_ci90_high,nDCG@3_ci95_low,nDCG@3_ci95_high,nDCG@5,nDCG@5_std,nDCG@5_stderr,nDCG@5_ci90_low,nDCG@5_ci90_high,nDCG@5_ci95_low,nDCG@5_ci95_high,nDCG@10,nDCG@10_std,nDCG@10_stderr,nDCG@10_ci90_low,nDCG@10_ci90_high,nDCG@10_ci95_low,nDCG@10_ci95_high,nDCG@100,nDCG@100_std,nDCG@100_stderr,nDCG@100_ci90_low,nDCG@100_ci90_high,nDCG@100_ci95_low,nDCG@100_ci95_high,RR@1,RR@3,RR@5,RR@10,RR@100,P@1,P@3,P@5,P@10,P@100,R@1,R@3,R@5,R@10,R@100,AP
0.14555256064690028,0.3527759551206797,0.009157607508359462,0.130480221446978,0.16062489984682257,0.12758931907936527,0.1635158022144353,0.22225348193367825,0.3710468621888041,0.009631896623938093,0.20640051892755912,0.23810644493979738,0.20335989147881495,0.24114707238854155,0.258662911737942,0.3679058410174659,0.00955035977698172,0.2429441487413228,0.27438167473456115,0.2399292611011147,0.27739656237476923,0.29029390887257156,0.35848278840656295,0.009305749519143282,0.2749777454386172,0.3056100723065259,0.2720400771346693,0.3085477406104738,0.3505720642211804,0.3222628793633065,0.00836552752784244,0.3368033950168244,0.36434073342553647,0.33416253895103504,0.3669815894913258,0.14555256064690028,0.20608715184186874,0.2264712488769089,0.23953573567791875,0.2508744302760273,0.14555256064690028,0.0956873315363879,0.075741239892184,0.0479784366576821,0.007897574123989082,0.14162174303683736,0.27880727762803237,0.3670822102425876,0.46378032345013476,0.7515161725067385,0.24663557418153614
