nDCG@1,nDCG@3,nDCG@5,nDCG@10,nDCG@100,RR@1,RR@3,RR@5,RR@10,RR@100,P@1,P@3,P@5,P@10,P@100,R@1,R@3,R@5,R@10,R@100,AP
0.1623989218328841,0.24654748030317092,0.27834635340857,0.3115562441669157,0.373123456495415,0.1623989218328841,0.22911051212937983,0.24656334231805874,0.26056133145081894,0.2717720071107123,0.1623989218328841,0.10624438454627141,0.0796495956873323,0.05040431266846363,0.008234501347708752,0.1584681042228212,0.3091868823000899,0.38634321653189574,0.4879267744833782,0.7831873315363881,0.26681714258035183
