nDCG@1,nDCG@1_std,nDCG@1_stderr,nDCG@1_ci90_low,nDCG@1_ci90_high,nDCG@1_ci95_low,nDCG@1_ci95_high,nDCG@3,nDCG@3_std,nDCG@3_stderr,nDCG@3_ci90_low,nDCG@3_ci90_high,nDCG@3_ci95_low,nDCG@3_ci95_high,nDCG@5,nDCG@5_std,nDCG@5_stderr,nDCG@5_ci90_low,nDCG@5_ci90_high,nDCG@5_ci95_low,nDCG@5_ci95_high,nDCG@10,nDCG@10_std,nDCG@10_stderr,nDCG@10_ci90_low,nDCG@10_ci90_high,nDCG@10_ci95_low,nDCG@10_ci95_high,nDCG@100,nDCG@100_std,nDCG@100_stderr,nDCG@100_ci90_low,nDCG@100_ci90_high,nDCG@100_ci95_low,nDCG@100_ci95_high,RR@1,RR@3,RR@5,RR@10,RR@100,P@1,P@3,P@5,P@10,P@100,R@1,R@3,R@5,R@10,R@100,AP
0.1664420485175202,0.37260253085394857,0.009672279770356259,0.15052261962713828,0.18236147740790212,0.14746924389960125,0.18541485313543915,0.24085017751614657,0.3844175502201196,0.009978982391349934,0.2244259523748987,0.25727440265739443,0.22127575579842548,0.2604245992338676,0.27315155034332855,0.38003663021960016,0.00986525937449479,0.25691449984167014,0.28938860084498697,0.2538002037051731,0.292502896981484,0.3065739125138454,0.3694822582021618,0.009591281528130944,0.2907877971532586,0.32236002787443224,0.2877599912058206,0.32538783382187025,0.3693570646881076,0.32949067252153064,0.008553151689676202,0.35527958829730266,0.3834345410789125,0.3525795024454397,0.3861346269307755,0.1664420485175202,0.22506738544474383,0.24329514824797802,0.25709632909767655,0.268563981842428,0.1664420485175202,0.10220125786163517,0.07735849056603847,0.049460916442048586,0.008194070080862393,0.16251123090745734,0.2973944294699012,0.37556154537286607,0.47736972147349505,0.7809411500449235,0.26394172795730997
