{
  "nDCG@1": 0.1664420485175202,
  "nDCG@3": 0.24085017751614657,
  "nDCG@5": 0.27315155034332855,
  "nDCG@10": 0.3065739125138454,
  "nDCG@100": 0.3693570646881076,
  "RR@1": 0.1664420485175202,
  "RR@3": 0.22506738544474383,
  "RR@5": 0.24329514824797802,
  "RR@10": 0.25709632909767655,
  "RR@100": 0.268563981842428,
  "P@1": 0.1664420485175202,
  "P@3": 0.10220125786163517,
  "P@5": 0.07735849056603847,
  "P@10": 0.049460916442048586,
  "P@100": 0.008194070080862393,
  "R@1": 0.16251123090745734,
  "R@3": 0.2973944294699012,
  "R@5": 0.37556154537286607,
  "R@10": 0.47736972147349505,
  "R@100": 0.7809411500449235,
  "AP": 0.26394172795730997
}