{
  "nDCG@1": 0.17048517520215634,
  "nDCG@3": 0.24629181171786027,
  "nDCG@5": 0.2793852949080749,
  "nDCG@10": 0.3112993553878961,
  "nDCG@100": 0.3745670843448861,
  "RR@1": 0.17048517520215634,
  "RR@3": 0.23057053009883177,
  "RR@5": 0.2488656783468099,
  "RR@10": 0.26208178239849367,
  "RR@100": 0.27378277019576774,
  "P@1": 0.17048517520215634,
  "P@3": 0.1046720575022462,
  "P@5": 0.07938005390835656,
  "P@10": 0.04986522911051218,
  "P@100": 0.00826819407008072,
  "R@1": 0.16565588499550762,
  "R@3": 0.3044699011680144,
  "R@5": 0.38454627133872415,
  "R@10": 0.4820867026055705,
  "R@100": 0.7863319856244384,
  "AP": 0.26862066860654193
}