nDCG@1,nDCG@1_std,nDCG@1_stderr,nDCG@1_ci90_low,nDCG@1_ci90_high,nDCG@1_ci95_low,nDCG@1_ci95_high,nDCG@3,nDCG@3_std,nDCG@3_stderr,nDCG@3_ci90_low,nDCG@3_ci90_high,nDCG@3_ci95_low,nDCG@3_ci95_high,nDCG@5,nDCG@5_std,nDCG@5_stderr,nDCG@5_ci90_low,nDCG@5_ci90_high,nDCG@5_ci95_low,nDCG@5_ci95_high,nDCG@10,nDCG@10_std,nDCG@10_stderr,nDCG@10_ci90_low,nDCG@10_ci90_high,nDCG@10_ci95_low,nDCG@10_ci95_high,nDCG@100,nDCG@100_std,nDCG@100_stderr,nDCG@100_ci90_low,nDCG@100_ci90_high,nDCG@100_ci95_low,nDCG@100_ci95_high,RR@1,RR@3,RR@5,RR@10,RR@100,P@1,P@3,P@5,P@10,P@100,R@1,R@3,R@5,R@10,R@100,AP
0.17048517520215634,0.3761852482226634,0.009765282479298962,0.15441267484912258,0.1865576755551901,0.15132993973364156,0.1896404106706711,0.24629181171786027,0.38645805668652844,0.010031951299991255,0.2297804060158204,0.26280321741990015,0.2266134880475141,0.26597013538820646,0.2793852949080749,0.3818205364759192,0.009911567273573365,0.2630720270797937,0.2956985627363561,0.25994311231993206,0.29882747749621774,0.3112993553878961,0.3708976056827814,0.009628022118092713,0.2954527693602924,0.3271459414154998,0.29241336502775095,0.33018534574804126,0.3745670843448861,0.33014060719259425,0.008570023153100174,0.36046183952009964,0.3886723291696726,0.3577564276315493,0.3913777410582229,0.17048517520215634,0.23057053009883177,0.2488656783468099,0.26208178239849367,0.27378277019576774,0.17048517520215634,0.1046720575022462,0.07938005390835656,0.04986522911051218,0.00826819407008072,0.16565588499550762,0.3044699011680144,0.38454627133872415,0.4820867026055705,0.7863319856244384,0.26862066860654193
