nDCG@1,nDCG@1_std,nDCG@1_stderr,nDCG@1_ci90_low,nDCG@1_ci90_high,nDCG@1_ci95_low,nDCG@1_ci95_high,nDCG@3,nDCG@3_std,nDCG@3_stderr,nDCG@3_ci90_low,nDCG@3_ci90_high,nDCG@3_ci95_low,nDCG@3_ci95_high,nDCG@5,nDCG@5_std,nDCG@5_stderr,nDCG@5_ci90_low,nDCG@5_ci90_high,nDCG@5_ci95_low,nDCG@5_ci95_high,nDCG@10,nDCG@10_std,nDCG@10_stderr,nDCG@10_ci90_low,nDCG@10_ci90_high,nDCG@10_ci95_low,nDCG@10_ci95_high,nDCG@100,nDCG@100_std,nDCG@100_stderr,nDCG@100_ci90_low,nDCG@100_ci90_high,nDCG@100_ci95_low,nDCG@100_ci95_high,RR@1,RR@3,RR@5,RR@10,RR@100,P@1,P@3,P@5,P@10,P@100,R@1,R@3,R@5,R@10,R@100,AP
0.1623989218328841,0.36894069337053376,0.00957722320557128,0.14663594480903072,0.17816189885673747,0.1436125768371158,0.18118526682865238,0.24654748030317092,0.3830210713851734,0.009942731607024814,0.23018291966677462,0.2629120409395672,0.2270441668520195,0.26605079375432233,0.27834635340857,0.37859404286759785,0.009827811672704452,0.26217093739639225,0.29452176942074776,0.25906846286828666,0.29762424394885334,0.3115562441669157,0.36683633724135467,0.00952259684226871,0.2958831756782559,0.3272293126555755,0.29287705232867944,0.3302354360051519,0.373123456495415,0.32716313991039,0.008492731953562265,0.359145423846466,0.387101489144364,0.3564644114871089,0.3897825015037211,0.1623989218328841,0.22911051212937983,0.24656334231805874,0.26056133145081894,0.2717720071107123,0.1623989218328841,0.10624438454627141,0.0796495956873323,0.05040431266846363,0.008234501347708752,0.1584681042228212,0.3091868823000899,0.38634321653189574,0.4879267744833782,0.7831873315363881,0.26681714258035183
