nDCG@1,nDCG@3,nDCG@5,nDCG@10,nDCG@100,RR@1,RR@3,RR@5,RR@10,RR@100,P@1,P@3,P@5,P@10,P@100,R@1,R@3,R@5,R@10,R@100,AP
0.14622641509433962,0.2272273397298053,0.2628849722834063,0.2950033930972992,0.35495621407424105,0.14622641509433962,0.20979335130278515,0.22960467205750176,0.24286623454413178,0.254040628058017,0.14622641509433962,0.0983827493261454,0.07722371967655059,0.048854447439353216,0.007985175202156197,0.1426325247079964,0.2873427672955975,0.3741576819407008,0.47254043126684636,0.7594339622641509,0.24997807410071107
