nDCG@1,nDCG@1_std,nDCG@1_stderr,nDCG@1_ci90_low,nDCG@1_ci90_high,nDCG@1_ci95_low,nDCG@1_ci95_high,nDCG@3,nDCG@3_std,nDCG@3_stderr,nDCG@3_ci90_low,nDCG@3_ci90_high,nDCG@3_ci95_low,nDCG@3_ci95_high,nDCG@5,nDCG@5_std,nDCG@5_stderr,nDCG@5_ci90_low,nDCG@5_ci90_high,nDCG@5_ci95_low,nDCG@5_ci95_high,nDCG@10,nDCG@10_std,nDCG@10_stderr,nDCG@10_ci90_low,nDCG@10_ci90_high,nDCG@10_ci95_low,nDCG@10_ci95_high,nDCG@100,nDCG@100_std,nDCG@100_stderr,nDCG@100_ci90_low,nDCG@100_ci90_high,nDCG@100_ci95_low,nDCG@100_ci95_high,RR@1,RR@3,RR@5,RR@10,RR@100,P@1,P@3,P@5,P@10,P@100,R@1,R@3,R@5,R@10,R@100,AP
0.16576819407008087,0.3719977815343258,0.009656581260212169,0.14987460307126715,0.18166178506889458,0.1468261830988334,0.18471020504132832,0.23926646216336264,0.3840222500875801,0.009968720911197297,0.22285912620516968,0.2556737981215556,0.21971216900505558,0.2588207553216697,0.2706085318840013,0.37988201474557226,0.009861245756771378,0.25437808732256156,0.28683897644544104,0.2512650582175428,0.2899520055504598,0.3031944332736716,0.3698378869175034,0.00960051318960483,0.28739312368981346,0.3189957428575298,0.28436240346241887,0.3220264630849244,0.367337037948368,0.32941447399491086,0.008551173674481657,0.3532628171367007,0.38141125876003523,0.35056335571090136,0.3841107201858346,0.16576819407008087,0.22383198562443826,0.24125112309074526,0.25483276643990893,0.2666079296264299,0.16576819407008087,0.10130278526504935,0.07654986522911124,0.048719676549865344,0.008180592991913605,0.16183737646001797,0.2946990116801438,0.3708445642407906,0.4702942497753818,0.7807726864330636,0.26199456170782404
