nDCG@1,nDCG@3,nDCG@5,nDCG@10,nDCG@100,RR@1,RR@3,RR@5,RR@10,RR@100,P@1,P@3,P@5,P@10,P@100,R@1,R@3,R@5,R@10,R@100,AP
0.1664420485175202,0.24085017751614657,0.27315155034332855,0.3065739125138454,0.3693570646881076,0.1664420485175202,0.22506738544474383,0.24329514824797802,0.25709632909767655,0.268563981842428,0.1664420485175202,0.10220125786163517,0.07735849056603847,0.049460916442048586,0.008194070080862393,0.16251123090745734,0.2973944294699012,0.37556154537286607,0.47736972147349505,0.7809411500449235,0.26394172795730997
