nDCG@1,nDCG@3,nDCG@5,nDCG@10,nDCG@100,RR@1,RR@3,RR@5,RR@10,RR@100,P@1,P@3,P@5,P@10,P@100,R@1,R@3,R@5,R@10,R@100,AP
0.16576819407008087,0.23926646216336264,0.2706085318840013,0.3031944332736716,0.367337037948368,0.16576819407008087,0.22383198562443826,0.24125112309074526,0.25483276643990893,0.2666079296264299,0.16576819407008087,0.10130278526504935,0.07654986522911124,0.048719676549865344,0.008180592991913605,0.16183737646001797,0.2946990116801438,0.3708445642407906,0.4702942497753818,0.7807726864330636,0.26199456170782404
