{
  "nDCG@1": 0.14892183288409702,
  "nDCG@1_std": 0.3561314157086241,
  "nDCG@1_stderr": 0.00924471092521125,
  "nDCG@1_ci90_low": 0.13370613175879587,
  "nDCG@1_ci90_high": 0.16413753400939818,
  "nDCG@1_ci95_low": 0.13078773231033816,
  "nDCG@1_ci95_high": 0.16705593345785588,
  "nDCG@3": 0.23494324509326345,
  "nDCG@3_std": 0.3748712208385514,
  "nDCG@3_stderr": 0.009731172027993352,
  "nDCG@3_ci90_low": 0.2189268865099956,
  "nDCG@3_ci90_high": 0.2509596036765313,
  "nDCG@3_ci95_low": 0.21585491948916696,
  "nDCG@3_ci95_high": 0.25403157069735993,
  "nDCG@5": 0.2701806759366867,
  "nDCG@5_std": 0.37040091194795677,
  "nDCG@5_stderr": 0.009615128591169005,
  "nDCG@5_ci90_low": 0.2543553111299205,
  "nDCG@5_ci90_high": 0.2860060407434529,
  "nDCG@5_ci95_low": 0.25131997706654885,
  "nDCG@5_ci95_high": 0.28904137480682457,
  "nDCG@10": 0.3026399426975862,
  "nDCG@10_std": 0.3595399732775845,
  "nDCG@10_stderr": 0.009333192671013651,
  "nDCG@10_ci90_low": 0.2872786110804216,
  "nDCG@10_ci90_high": 0.31800127431475084,
  "nDCG@10_ci95_low": 0.28433227943589656,
  "nDCG@10_ci95_high": 0.32094760595927585,
  "nDCG@100": 0.36222802270339277,
  "nDCG@100_std": 0.3215398069677463,
  "nDCG@100_stderr": 0.008346757503688145,
  "nDCG@100_ci90_low": 0.34849024673950224,
  "nDCG@100_ci90_high": 0.3759657986672833,
  "nDCG@100_ci95_low": 0.3458553160540284,
  "nDCG@100_ci95_high": 0.3786007293527571,
  "RR@1": 0.14892183288409702,
  "RR@3": 0.21574573225516605,
  "RR@5": 0.23542228212039484,
  "RR@10": 0.24881300004278403,
  "RR@100": 0.25963992238491257,
  "P@1": 0.14892183288409702,
  "P@3": 0.10287511230907456,
  "P@5": 0.07951482479784443,
  "P@10": 0.05033692722371972,
  "P@100": 0.008126684636118457,
  "R@1": 0.1456648697214735,
  "R@3": 0.29980907457322553,
  "R@5": 0.38538858939802334,
  "R@10": 0.4850067385444744,
  "R@100": 0.7722371967654986,
  "AP": 0.2557374757103853
}