{
  "nDCG@1": 0.1623989218328841,
  "nDCG@3": 0.24654748030317092,
  "nDCG@5": 0.27834635340857,
  "nDCG@10": 0.3115562441669157,
  "nDCG@100": 0.373123456495415,
  "RR@1": 0.1623989218328841,
  "RR@3": 0.22911051212937983,
  "RR@5": 0.24656334231805874,
  "RR@10": 0.26056133145081894,
  "RR@100": 0.2717720071107123,
  "P@1": 0.1623989218328841,
  "P@3": 0.10624438454627141,
  "P@5": 0.0796495956873323,
  "P@10": 0.05040431266846363,
  "P@100": 0.008234501347708752,
  "R@1": 0.1584681042228212,
  "R@3": 0.3091868823000899,
  "R@5": 0.38634321653189574,
  "R@10": 0.4879267744833782,
  "R@100": 0.7831873315363881,
  "AP": 0.26681714258035183
}