{
  "nDCG@1": 0.13005390835579514,
  "nDCG@1_std": 0.33647612174407304,
  "nDCG@1_stderr": 0.00873448491639154,
  "nDCG@1_ci90_low": 0.1156779789139313,
  "nDCG@1_ci90_high": 0.14442983779765897,
  "nDCG@1_ci95_low": 0.11292064921819754,
  "nDCG@1_ci95_high": 0.14718716749339272,
  "nDCG@3": 0.19960125960771405,
  "nDCG@3_std": 0.3572168898831796,
  "nDCG@3_stderr": 0.00927288843081148,
  "nDCG@3_ci90_low": 0.18433918163979035,
  "nDCG@3_ci90_high": 0.21486333757563775,
  "nDCG@3_ci95_low": 0.18141188702765818,
  "nDCG@3_ci95_high": 0.21779063218776992,
  "nDCG@5": 0.23149645039071065,
  "nDCG@5_std": 0.3567771637594531,
  "nDCG@5_stderr": 0.009261473709388979,
  "nDCG@5_ci90_low": 0.21625315970461742,
  "nDCG@5_ci90_high": 0.24673974107680388,
  "nDCG@5_ci95_low": 0.213329468527679,
  "nDCG@5_ci95_high": 0.2496634322537423,
  "nDCG@10": 0.2643320110113159,
  "nDCG@10_std": 0.3490319328430039,
  "nDCG@10_stderr": 0.009060417532614714,
  "nDCG@10_ci90_low": 0.249419635020116,
  "nDCG@10_ci90_high": 0.27924438700251586,
  "nDCG@10_ci95_low": 0.2465594138900134,
  "nDCG@10_ci95_high": 0.28210460813261845,
  "nDCG@100": 0.3299689060557709,
  "nDCG@100_std": 0.31268536069459796,
  "nDCG@100_stderr": 0.00811690753093246,
  "nDCG@100_ci90_low": 0.3166094359704959,
  "nDCG@100_ci90_high": 0.3433283761410459,
  "nDCG@100_ci95_low": 0.31404706504802016,
  "nDCG@100_ci95_high": 0.34589074706352163,
  "RR@1": 0.13005390835579514,
  "RR@3": 0.18497304582210247,
  "RR@5": 0.20262803234501323,
  "RR@10": 0.2163735934625419,
  "RR@100": 0.22835094954888002,
  "P@1": 0.13005390835579514,
  "P@3": 0.08647798742138316,
  "P@5": 0.06778975741239952,
  "P@10": 0.04440700808625372,
  "P@100": 0.007830188679245148,
  "R@1": 0.1267969451931716,
  "R@3": 0.2515161725067386,
  "R@5": 0.3282232704402516,
  "R@10": 0.4286275831087151,
  "R@100": 0.7457322551662173,
  "AP": 0.22466256528785467
}