nDCG@1,nDCG@1_std,nDCG@1_stderr,nDCG@1_ci90_low,nDCG@1_ci90_high,nDCG@1_ci95_low,nDCG@1_ci95_high,nDCG@3,nDCG@3_std,nDCG@3_stderr,nDCG@3_ci90_low,nDCG@3_ci90_high,nDCG@3_ci95_low,nDCG@3_ci95_high,nDCG@5,nDCG@5_std,nDCG@5_stderr,nDCG@5_ci90_low,nDCG@5_ci90_high,nDCG@5_ci95_low,nDCG@5_ci95_high,nDCG@10,nDCG@10_std,nDCG@10_stderr,nDCG@10_ci90_low,nDCG@10_ci90_high,nDCG@10_ci95_low,nDCG@10_ci95_high,nDCG@100,nDCG@100_std,nDCG@100_stderr,nDCG@100_ci90_low,nDCG@100_ci90_high,nDCG@100_ci95_low,nDCG@100_ci95_high,RR@1,RR@3,RR@5,RR@10,RR@100,P@1,P@3,P@5,P@10,P@100,R@1,R@3,R@5,R@10,R@100,AP
0.13274932614555257,0.3394179925516408,0.008810852077488985,0.11824770538586964,0.14725094690523552,0.11546626786430658,0.15003238442679856,0.2039406723851024,0.3599994534982091,0.009345120183241334,0.1885597094930723,0.21932163527713253,0.18560961253393787,0.22227173223626695,0.23868530288267764,0.3588957597399671,0.009316469720814128,0.22335149526428677,0.2540191105010685,0.22041044277332683,0.25696016299202845,0.26899406754258465,0.3510581580329937,0.009113015717791847,0.25399512115758194,0.28399301392758736,0.2511182956667965,0.2868698394183728,0.3343286368844053,0.31417874073893565,0.008155673745319671,0.3209053621938109,0.3477519115749997,0.31833075343073614,0.35032652033807443,0.13274932614555257,0.1889038634321654,0.20800763701707076,0.22039666495529003,0.23242868318176935,0.13274932614555257,0.08872416891284775,0.07048517520215697,0.0450134770889491,0.007863881401617116,0.12960467205750223,0.25679469901168017,0.3406895777178796,0.4346922731356693,0.7489330637915542,0.228959248899589
