{
  "nDCG@1": 0.13814016172506738,
  "nDCG@1_std": 0.3451633510946396,
  "nDCG@1_stderr": 0.008959994154118285,
  "nDCG@1_ci90_low": 0.12339307074121447,
  "nDCG@1_ci90_high": 0.15288725270892028,
  "nDCG@1_ci95_low": 0.12056455157938187,
  "nDCG@1_ci95_high": 0.1557157718707529,
  "nDCG@3": 0.20837973578553426,
  "nDCG@3_std": 0.36384588001262447,
  "nDCG@3_stderr": 0.009444968440520413,
  "nDCG@3_ci90_low": 0.19283443446768084,
  "nDCG@3_ci90_high": 0.22392503710338768,
  "nDCG@3_ci95_low": 0.18985281709635288,
  "nDCG@3_ci95_high": 0.22690665447471564,
  "nDCG@5": 0.24326083559708717,
  "nDCG@5_std": 0.36243743383324767,
  "nDCG@5_stderr": 0.009408406999412646,
  "nDCG@5_ci90_low": 0.22777571008841876,
  "nDCG@5_ci90_high": 0.25874596110575554,
  "nDCG@5_ci95_low": 0.22480563454792002,
  "nDCG@5_ci95_high": 0.2617160366462543,
  "nDCG@10": 0.2753474510830736,
  "nDCG@10_std": 0.3537679575765599,
  "nDCG@10_stderr": 0.009183358609040832,
  "nDCG@10_ci90_low": 0.26023272861613683,
  "nDCG@10_ci90_high": 0.2904621735500104,
  "nDCG@10_ci95_low": 0.2573336970599931,
  "nDCG@10_ci95_high": 0.29336120510615415,
  "nDCG@100": 0.3422560654784904,
  "nDCG@100_std": 0.31495955202936754,
  "nDCG@100_stderr": 0.008175942596504341,
  "nDCG@100_ci90_low": 0.32879943065535383,
  "nDCG@100_ci90_high": 0.355712700301627,
  "nDCG@100_ci95_low": 0.32621842335752804,
  "nDCG@100_ci95_high": 0.3582937075994528,
  "RR@1": 0.13814016172506738,
  "RR@3": 0.19395777178796056,
  "RR@5": 0.2133310871518417,
  "RR@10": 0.22655868951354102,
  "RR@100": 0.23915316500080736,
  "P@1": 0.13814016172506738,
  "P@3": 0.08962264150943355,
  "P@5": 0.07115902964959632,
  "P@10": 0.04582210242587629,
  "P@100": 0.008005390835579376,
  "R@1": 0.13443396226415094,
  "R@3": 0.2603885893980234,
  "R@5": 0.34450808625336926,
  "R@10": 0.4434523809523809,
  "R@100": 0.7620732255166216,
  "AP": 0.2350135909308669
}