nDCG@1,nDCG@1_std,nDCG@1_stderr,nDCG@1_ci90_low,nDCG@1_ci90_high,nDCG@1_ci95_low,nDCG@1_ci95_high,nDCG@3,nDCG@3_std,nDCG@3_stderr,nDCG@3_ci90_low,nDCG@3_ci90_high,nDCG@3_ci95_low,nDCG@3_ci95_high,nDCG@5,nDCG@5_std,nDCG@5_stderr,nDCG@5_ci90_low,nDCG@5_ci90_high,nDCG@5_ci95_low,nDCG@5_ci95_high,nDCG@10,nDCG@10_std,nDCG@10_stderr,nDCG@10_ci90_low,nDCG@10_ci90_high,nDCG@10_ci95_low,nDCG@10_ci95_high,nDCG@100,nDCG@100_std,nDCG@100_stderr,nDCG@100_ci90_low,nDCG@100_ci90_high,nDCG@100_ci95_low,nDCG@100_ci95_high,RR@1,RR@3,RR@5,RR@10,RR@100,P@1,P@3,P@5,P@10,P@100,R@1,R@3,R@5,R@10,R@100,AP
0.14757412398921832,0.3547968817130988,0.00921006814879696,0.13241544077787196,0.16273280720056468,0.1295079774701328,0.16564027050830385,0.21273128190060217,0.3719111577823575,0.009654332619651743,0.19684139189828068,0.22862117190292366,0.19379368178377807,0.23166888201742628,0.2416577891217386,0.3699161242667619,0.009602544129998027,0.2258531368501235,0.2574624413933537,0.2228217754890719,0.2604938027544053,0.27112810028233797,0.36261590551512,0.009413039893435667,0.25563534957788253,0.2866208509867934,0.2526638115108136,0.28959238905386236,0.3374353914051948,0.3260691406011989,0.008464333146493454,0.32350409983491984,0.35136668297546975,0.32083205250038144,0.35403873031000815,0.14757412398921832,0.19912398921832897,0.21549865229110501,0.22787217088093084,0.24037458965265687,0.14757412398921832,0.08872416891284773,0.06792452830188739,0.04353099730458261,0.007722371967654855,0.14471024258760107,0.259714734950584,0.3299640610961366,0.4195867026055705,0.73624213836478,0.23675126309669944
