{
  "nDCG@1": 0.15363881401617252,
  "nDCG@1_std": 0.36072373344533837,
  "nDCG@1_stderr": 0.009363921553872492,
  "nDCG@1_ci90_low": 0.13822690629108228,
  "nDCG@1_ci90_high": 0.16905072174126276,
  "nDCG@1_ci95_low": 0.13527087405607777,
  "nDCG@1_ci95_high": 0.17200675397626727,
  "nDCG@3": 0.219994600308106,
  "nDCG@3_std": 0.3744976831665239,
  "nDCG@3_stderr": 0.009721475473167658,
  "nDCG@3_ci90_low": 0.20399420110759942,
  "nDCG@3_ci90_high": 0.23599499950861258,
  "nDCG@3_ci95_low": 0.2009252951257242,
  "nDCG@3_ci95_high": 0.23906390549048778,
  "nDCG@5": 0.25295361012007267,
  "nDCG@5_std": 0.37176173315750527,
  "nDCG@5_stderr": 0.009650453749658996,
  "nDCG@5_ci90_low": 0.23707010427913716,
  "nDCG@5_ci90_high": 0.2688371159610082,
  "nDCG@5_ci95_low": 0.23402361865852508,
  "nDCG@5_ci95_high": 0.2718836015816202,
  "nDCG@10": 0.2827868598340583,
  "nDCG@10_std": 0.3634672113242732,
  "nDCG@10_stderr": 0.009435138691147501,
  "nDCG@10_ci90_low": 0.2672577371214425,
  "nDCG@10_ci90_high": 0.29831598254667413,
  "nDCG@10_ci95_low": 0.264279222836342,
  "nDCG@10_ci95_high": 0.30129449683177467,
  "nDCG@100": 0.34813810863205175,
  "nDCG@100_std": 0.32578741287280905,
  "nDCG@100_stderr": 0.00845701985905601,
  "nDCG@100_ci90_low": 0.334218853868205,
  "nDCG@100_ci90_high": 0.3620573633958985,
  "nDCG@100_ci95_low": 0.33154911521526803,
  "nDCG@100_ci95_high": 0.36472710204883546,
  "RR@1": 0.15363881401617252,
  "RR@3": 0.20631176999101536,
  "RR@5": 0.22474168912848141,
  "RR@10": 0.23712403200273804,
  "RR@100": 0.24958023197687176,
  "P@1": 0.15363881401617252,
  "P@3": 0.09276729559748396,
  "P@5": 0.07196765498652356,
  "P@10": 0.04575471698113235,
  "P@100": 0.007884097035040297,
  "R@1": 0.14931491464510332,
  "R@3": 0.270159478885894,
  "R@5": 0.3500112309074574,
  "R@10": 0.4410377358490566,
  "R@100": 0.7514038634321655,
  "AP": 0.2452007747713689
}