nDCG@1,nDCG@1_std,nDCG@1_stderr,nDCG@1_ci90_low,nDCG@1_ci90_high,nDCG@1_ci95_low,nDCG@1_ci95_high,nDCG@3,nDCG@3_std,nDCG@3_stderr,nDCG@3_ci90_low,nDCG@3_ci90_high,nDCG@3_ci95_low,nDCG@3_ci95_high,nDCG@5,nDCG@5_std,nDCG@5_stderr,nDCG@5_ci90_low,nDCG@5_ci90_high,nDCG@5_ci95_low,nDCG@5_ci95_high,nDCG@10,nDCG@10_std,nDCG@10_stderr,nDCG@10_ci90_low,nDCG@10_ci90_high,nDCG@10_ci95_low,nDCG@10_ci95_high,nDCG@100,nDCG@100_std,nDCG@100_stderr,nDCG@100_ci90_low,nDCG@100_ci90_high,nDCG@100_ci95_low,nDCG@100_ci95_high,RR@1,RR@3,RR@5,RR@10,RR@100,P@1,P@3,P@5,P@10,P@100,R@1,R@3,R@5,R@10,R@100,AP
0.13611859838274934,0.34303005371587486,0.008904616513409591,0.12146265244787248,0.15077454431762619,0.11865161507399502,0.15358558169150366,0.21109533941598144,0.3641388978935009,0.009452574805713529,0.1955375189203663,0.22665315991159657,0.19255350034772833,0.22963717848423454,0.2412433968322024,0.3629303421744537,0.00942120226241411,0.22573721183349424,0.25674958183091057,0.22276309704408997,0.2597236966203148,0.2719169147620785,0.35495632736509797,0.00921420715169307,0.25675141924134426,0.2870824102828128,0.2538426493201407,0.2899911802040163,0.34166899224121244,0.3150258529030553,0.008177663681430568,0.3282095247157815,0.35512845976664337,0.32562797410044797,0.3577100103819769,0.13611859838274934,0.19553009883198572,0.2118710691823897,0.22477083600735864,0.23796413217113124,0.13611859838274934,0.09164420485175168,0.07008086253369335,0.04474393530997337,0.00801212938005377,0.1334231805929919,0.26566711590296493,0.33866801437556154,0.43233378256963156,0.7645440251572326,0.23444970462283235
