{
  "nDCG@1": 0.1509433962264151,
  "nDCG@1_std": 0.3581143761935126,
  "nDCG@1_stderr": 0.009296186014603277,
  "nDCG@1_ci90_low": 0.1356429731901831,
  "nDCG@1_ci90_high": 0.16624381926264709,
  "nDCG@1_ci95_low": 0.13270832392345563,
  "nDCG@1_ci95_high": 0.16917846852937454,
  "nDCG@3": 0.21517399975780674,
  "nDCG@3_std": 0.37393660492184283,
  "nDCG@3_stderr": 0.009706910607644125,
  "nDCG@3_ci90_low": 0.1991975726038605,
  "nDCG@3_ci90_high": 0.23115042691175297,
  "nDCG@3_ci95_low": 0.19613326450458593,
  "nDCG@3_ci95_high": 0.23421473501102755,
  "nDCG@5": 0.2429104057737823,
  "nDCG@5_std": 0.37186667650612293,
  "nDCG@5_stderr": 0.009653177943253552,
  "nDCG@5_ci90_low": 0.22702241623228792,
  "nDCG@5_ci90_high": 0.2587983953152767,
  "nDCG@5_ci95_low": 0.2239750706296658,
  "nDCG@5_ci95_high": 0.26184574091789886,
  "nDCG@10": 0.27621591124109923,
  "nDCG@10_std": 0.3635400984788396,
  "nDCG@10_stderr": 0.009437030747406528,
  "nDCG@10_ci90_low": 0.2606836744275902,
  "nDCG@10_ci90_high": 0.29174814805460825,
  "nDCG@10_ci95_low": 0.2577045628522134,
  "nDCG@10_ci95_high": 0.2947272596299851,
  "nDCG@100": 0.3419141570548446,
  "nDCG@100_std": 0.3266195210163939,
  "nDCG@100_stderr": 0.008478620310200287,
  "nDCG@100_ci90_low": 0.32795935050236524,
  "nDCG@100_ci90_high": 0.355868963607324,
  "nDCG@100_ci95_low": 0.32528279295101,
  "nDCG@100_ci95_high": 0.35854552115867927,
  "RR@1": 0.1509433962264151,
  "RR@3": 0.20193171608265956,
  "RR@5": 0.21786837376460003,
  "RR@10": 0.23189203354297677,
  "RR@100": 0.2443126964943351,
  "P@1": 0.1509433962264151,
  "P@3": 0.0893980233602871,
  "P@5": 0.06778975741239951,
  "P@10": 0.04447439353099765,
  "P@100": 0.007783018867924396,
  "R@1": 0.14774258760107817,
  "R@3": 0.26173629829290207,
  "R@5": 0.3286163522012579,
  "R@10": 0.4293575920934411,
  "R@100": 0.742475292003594,
  "AP": 0.24037954487725943
}