{
  "nDCG@1": 0.13611859838274934,
  "nDCG@1_std": 0.34303005371587486,
  "nDCG@1_stderr": 0.008904616513409591,
  "nDCG@1_ci90_low": 0.12146265244787248,
  "nDCG@1_ci90_high": 0.15077454431762619,
  "nDCG@1_ci95_low": 0.11865161507399502,
  "nDCG@1_ci95_high": 0.15358558169150366,
  "nDCG@3": 0.21109533941598144,
  "nDCG@3_std": 0.3641388978935009,
  "nDCG@3_stderr": 0.009452574805713529,
  "nDCG@3_ci90_low": 0.1955375189203663,
  "nDCG@3_ci90_high": 0.22665315991159657,
  "nDCG@3_ci95_low": 0.19255350034772833,
  "nDCG@3_ci95_high": 0.22963717848423454,
  "nDCG@5": 0.2412433968322024,
  "nDCG@5_std": 0.3629303421744537,
  "nDCG@5_stderr": 0.00942120226241411,
  "nDCG@5_ci90_low": 0.22573721183349424,
  "nDCG@5_ci90_high": 0.25674958183091057,
  "nDCG@5_ci95_low": 0.22276309704408997,
  "nDCG@5_ci95_high": 0.2597236966203148,
  "nDCG@10": 0.2719169147620785,
  "nDCG@10_std": 0.35495632736509797,
  "nDCG@10_stderr": 0.00921420715169307,
  "nDCG@10_ci90_low": 0.25675141924134426,
  "nDCG@10_ci90_high": 0.2870824102828128,
  "nDCG@10_ci95_low": 0.2538426493201407,
  "nDCG@10_ci95_high": 0.2899911802040163,
  "nDCG@100": 0.34166899224121244,
  "nDCG@100_std": 0.3150258529030553,
  "nDCG@100_stderr": 0.008177663681430568,
  "nDCG@100_ci90_low": 0.3282095247157815,
  "nDCG@100_ci90_high": 0.35512845976664337,
  "nDCG@100_ci95_low": 0.32562797410044797,
  "nDCG@100_ci95_high": 0.3577100103819769,
  "RR@1": 0.13611859838274934,
  "RR@3": 0.19553009883198572,
  "RR@5": 0.2118710691823897,
  "RR@10": 0.22477083600735864,
  "RR@100": 0.23796413217113124,
  "P@1": 0.13611859838274934,
  "P@3": 0.09164420485175168,
  "P@5": 0.07008086253369335,
  "P@10": 0.04474393530997337,
  "P@100": 0.00801212938005377,
  "R@1": 0.1334231805929919,
  "R@3": 0.26566711590296493,
  "R@5": 0.33866801437556154,
  "R@10": 0.43233378256963156,
  "R@100": 0.7645440251572326,
  "AP": 0.23444970462283235
}