{
  "nDCG@1": 0.14757412398921832,
  "nDCG@1_std": 0.3547968817130988,
  "nDCG@1_stderr": 0.00921006814879696,
  "nDCG@1_ci90_low": 0.13241544077787196,
  "nDCG@1_ci90_high": 0.16273280720056468,
  "nDCG@1_ci95_low": 0.1295079774701328,
  "nDCG@1_ci95_high": 0.16564027050830385,
  "nDCG@3": 0.21273128190060217,
  "nDCG@3_std": 0.3719111577823575,
  "nDCG@3_stderr": 0.009654332619651743,
  "nDCG@3_ci90_low": 0.19684139189828068,
  "nDCG@3_ci90_high": 0.22862117190292366,
  "nDCG@3_ci95_low": 0.19379368178377807,
  "nDCG@3_ci95_high": 0.23166888201742628,
  "nDCG@5": 0.2416577891217386,
  "nDCG@5_std": 0.3699161242667619,
  "nDCG@5_stderr": 0.009602544129998027,
  "nDCG@5_ci90_low": 0.2258531368501235,
  "nDCG@5_ci90_high": 0.2574624413933537,
  "nDCG@5_ci95_low": 0.2228217754890719,
  "nDCG@5_ci95_high": 0.2604938027544053,
  "nDCG@10": 0.27112810028233797,
  "nDCG@10_std": 0.36261590551512,
  "nDCG@10_stderr": 0.009413039893435667,
  "nDCG@10_ci90_low": 0.25563534957788253,
  "nDCG@10_ci90_high": 0.2866208509867934,
  "nDCG@10_ci95_low": 0.2526638115108136,
  "nDCG@10_ci95_high": 0.28959238905386236,
  "nDCG@100": 0.3374353914051948,
  "nDCG@100_std": 0.3260691406011989,
  "nDCG@100_stderr": 0.008464333146493454,
  "nDCG@100_ci90_low": 0.32350409983491984,
  "nDCG@100_ci90_high": 0.35136668297546975,
  "nDCG@100_ci95_low": 0.32083205250038144,
  "nDCG@100_ci95_high": 0.35403873031000815,
  "RR@1": 0.14757412398921832,
  "RR@3": 0.19912398921832897,
  "RR@5": 0.21549865229110501,
  "RR@10": 0.22787217088093084,
  "RR@100": 0.24037458965265687,
  "P@1": 0.14757412398921832,
  "P@3": 0.08872416891284773,
  "P@5": 0.06792452830188739,
  "P@10": 0.04353099730458261,
  "P@100": 0.007722371967654855,
  "R@1": 0.14471024258760107,
  "R@3": 0.259714734950584,
  "R@5": 0.3299640610961366,
  "R@10": 0.4195867026055705,
  "R@100": 0.73624213836478,
  "AP": 0.23675126309669944
}