nDCG@1,nDCG@1_std,nDCG@1_stderr,nDCG@1_ci90_low,nDCG@1_ci90_high,nDCG@1_ci95_low,nDCG@1_ci95_high,nDCG@3,nDCG@3_std,nDCG@3_stderr,nDCG@3_ci90_low,nDCG@3_ci90_high,nDCG@3_ci95_low,nDCG@3_ci95_high,nDCG@5,nDCG@5_std,nDCG@5_stderr,nDCG@5_ci90_low,nDCG@5_ci90_high,nDCG@5_ci95_low,nDCG@5_ci95_high,nDCG@10,nDCG@10_std,nDCG@10_stderr,nDCG@10_ci90_low,nDCG@10_ci90_high,nDCG@10_ci95_low,nDCG@10_ci95_high,nDCG@100,nDCG@100_std,nDCG@100_stderr,nDCG@100_ci90_low,nDCG@100_ci90_high,nDCG@100_ci95_low,nDCG@100_ci95_high,RR@1,RR@3,RR@5,RR@10,RR@100,P@1,P@3,P@5,P@10,P@100,R@1,R@3,R@5,R@10,R@100,AP
0.1509433962264151,0.3581143761935126,0.009296186014603277,0.1356429731901831,0.16624381926264709,0.13270832392345563,0.16917846852937454,0.21517399975780674,0.37393660492184283,0.009706910607644125,0.1991975726038605,0.23115042691175297,0.19613326450458593,0.23421473501102755,0.2429104057737823,0.37186667650612293,0.009653177943253552,0.22702241623228792,0.2587983953152767,0.2239750706296658,0.26184574091789886,0.27621591124109923,0.3635400984788396,0.009437030747406528,0.2606836744275902,0.29174814805460825,0.2577045628522134,0.2947272596299851,0.3419141570548446,0.3266195210163939,0.008478620310200287,0.32795935050236524,0.355868963607324,0.32528279295101,0.35854552115867927,0.1509433962264151,0.20193171608265956,0.21786837376460003,0.23189203354297677,0.2443126964943351,0.1509433962264151,0.0893980233602871,0.06778975741239951,0.04447439353099765,0.007783018867924396,0.14774258760107817,0.26173629829290207,0.3286163522012579,0.4293575920934411,0.742475292003594,0.24037954487725943
