nDCG@1,nDCG@1_std,nDCG@1_stderr,nDCG@1_ci90_low,nDCG@1_ci90_high,nDCG@1_ci95_low,nDCG@1_ci95_high,nDCG@3,nDCG@3_std,nDCG@3_stderr,nDCG@3_ci90_low,nDCG@3_ci90_high,nDCG@3_ci95_low,nDCG@3_ci95_high,nDCG@5,nDCG@5_std,nDCG@5_stderr,nDCG@5_ci90_low,nDCG@5_ci90_high,nDCG@5_ci95_low,nDCG@5_ci95_high,nDCG@10,nDCG@10_std,nDCG@10_stderr,nDCG@10_ci90_low,nDCG@10_ci90_high,nDCG@10_ci95_low,nDCG@10_ci95_high,nDCG@100,nDCG@100_std,nDCG@100_stderr,nDCG@100_ci90_low,nDCG@100_ci90_high,nDCG@100_ci95_low,nDCG@100_ci95_high,RR@1,RR@3,RR@5,RR@10,RR@100,P@1,P@3,P@5,P@10,P@100,R@1,R@3,R@5,R@10,R@100,AP
0.13005390835579514,0.33647612174407304,0.00873448491639154,0.1156779789139313,0.14442983779765897,0.11292064921819754,0.14718716749339272,0.19960125960771405,0.3572168898831796,0.00927288843081148,0.18433918163979035,0.21486333757563775,0.18141188702765818,0.21779063218776992,0.23149645039071065,0.3567771637594531,0.009261473709388979,0.21625315970461742,0.24673974107680388,0.213329468527679,0.2496634322537423,0.2643320110113159,0.3490319328430039,0.009060417532614714,0.249419635020116,0.27924438700251586,0.2465594138900134,0.28210460813261845,0.3299689060557709,0.31268536069459796,0.00811690753093246,0.3166094359704959,0.3433283761410459,0.31404706504802016,0.34589074706352163,0.13005390835579514,0.18497304582210247,0.20262803234501323,0.2163735934625419,0.22835094954888002,0.13005390835579514,0.08647798742138316,0.06778975741239952,0.04440700808625372,0.007830188679245148,0.1267969451931716,0.2515161725067386,0.3282232704402516,0.4286275831087151,0.7457322551662173,0.22466256528785467
