nDCG@1,nDCG@1_std,nDCG@1_stderr,nDCG@1_ci90_low,nDCG@1_ci90_high,nDCG@1_ci95_low,nDCG@1_ci95_high,nDCG@3,nDCG@3_std,nDCG@3_stderr,nDCG@3_ci90_low,nDCG@3_ci90_high,nDCG@3_ci95_low,nDCG@3_ci95_high,nDCG@5,nDCG@5_std,nDCG@5_stderr,nDCG@5_ci90_low,nDCG@5_ci90_high,nDCG@5_ci95_low,nDCG@5_ci95_high,nDCG@10,nDCG@10_std,nDCG@10_stderr,nDCG@10_ci90_low,nDCG@10_ci90_high,nDCG@10_ci95_low,nDCG@10_ci95_high,nDCG@100,nDCG@100_std,nDCG@100_stderr,nDCG@100_ci90_low,nDCG@100_ci90_high,nDCG@100_ci95_low,nDCG@100_ci95_high,RR@1,RR@3,RR@5,RR@10,RR@100,P@1,P@3,P@5,P@10,P@100,R@1,R@3,R@5,R@10,R@100,AP
0.15363881401617252,0.36072373344533837,0.009363921553872492,0.13822690629108228,0.16905072174126276,0.13527087405607777,0.17200675397626727,0.219994600308106,0.3744976831665239,0.009721475473167658,0.20399420110759942,0.23599499950861258,0.2009252951257242,0.23906390549048778,0.25295361012007267,0.37176173315750527,0.009650453749658996,0.23707010427913716,0.2688371159610082,0.23402361865852508,0.2718836015816202,0.2827868598340583,0.3634672113242732,0.009435138691147501,0.2672577371214425,0.29831598254667413,0.264279222836342,0.30129449683177467,0.34813810863205175,0.32578741287280905,0.00845701985905601,0.334218853868205,0.3620573633958985,0.33154911521526803,0.36472710204883546,0.15363881401617252,0.20631176999101536,0.22474168912848141,0.23712403200273804,0.24958023197687176,0.15363881401617252,0.09276729559748396,0.07196765498652356,0.04575471698113235,0.007884097035040297,0.14931491464510332,0.270159478885894,0.3500112309074574,0.4410377358490566,0.7514038634321655,0.2452007747713689
