nDCG@1,nDCG@1_std,nDCG@1_stderr,nDCG@1_ci90_low,nDCG@1_ci90_high,nDCG@1_ci95_low,nDCG@1_ci95_high,nDCG@3,nDCG@3_std,nDCG@3_stderr,nDCG@3_ci90_low,nDCG@3_ci90_high,nDCG@3_ci95_low,nDCG@3_ci95_high,nDCG@5,nDCG@5_std,nDCG@5_stderr,nDCG@5_ci90_low,nDCG@5_ci90_high,nDCG@5_ci95_low,nDCG@5_ci95_high,nDCG@10,nDCG@10_std,nDCG@10_stderr,nDCG@10_ci90_low,nDCG@10_ci90_high,nDCG@10_ci95_low,nDCG@10_ci95_high,nDCG@100,nDCG@100_std,nDCG@100_stderr,nDCG@100_ci90_low,nDCG@100_ci90_high,nDCG@100_ci95_low,nDCG@100_ci95_high,RR@1,RR@3,RR@5,RR@10,RR@100,P@1,P@3,P@5,P@10,P@100,R@1,R@3,R@5,R@10,R@100,AP
0.1421832884097035,0.3493557563110541,0.009068823571006376,0.12725707707320721,0.1571094997461998,0.12439420229844182,0.1599723745209652,0.21553942688794092,0.36753695176873274,0.009540783889212397,0.19983642467037543,0.2312424291055064,0.19682455997656453,0.2342542937993173,0.24291747271204936,0.36605483444050124,0.00950231004036791,0.22727779390068809,0.25855715152341063,0.22427807475260123,0.26155687067149747,0.2743863435266637,0.3576824217521349,0.00928497303600252,0.25910437572743084,0.28966831132589654,0.25617326620908804,0.29259942084423934,0.3359560328899146,0.3232517734845424,0.00839119794017682,0.32214511322202294,0.34976695255780627,0.319496153439654,0.3524159123401752,0.1421832884097035,0.19979784366576822,0.2148921832884095,0.22824680186539997,0.239821877010649,0.1421832884097035,0.09254267744833751,0.06954177897574186,0.04487870619946124,0.00763477088948774,0.138196316262354,0.27083333333333337,0.33726415094339623,0.433288409703504,0.7264150943396226,0.23582069725422383
