nDCG@1,nDCG@1_std,nDCG@1_stderr,nDCG@1_ci90_low,nDCG@1_ci90_high,nDCG@1_ci95_low,nDCG@1_ci95_high,nDCG@3,nDCG@3_std,nDCG@3_stderr,nDCG@3_ci90_low,nDCG@3_ci90_high,nDCG@3_ci95_low,nDCG@3_ci95_high,nDCG@5,nDCG@5_std,nDCG@5_stderr,nDCG@5_ci90_low,nDCG@5_ci90_high,nDCG@5_ci95_low,nDCG@5_ci95_high,nDCG@10,nDCG@10_std,nDCG@10_stderr,nDCG@10_ci90_low,nDCG@10_ci90_high,nDCG@10_ci95_low,nDCG@10_ci95_high,nDCG@100,nDCG@100_std,nDCG@100_stderr,nDCG@100_ci90_low,nDCG@100_ci90_high,nDCG@100_ci95_low,nDCG@100_ci95_high,RR@1,RR@3,RR@5,RR@10,RR@100,P@1,P@3,P@5,P@10,P@100,R@1,R@3,R@5,R@10,R@100,AP
0.14487870619946092,0.35209715427223415,0.009139986716306673,0.12983536873984564,0.1599220436590762,0.12695002895934074,0.1628073834395811,0.2176082113496205,0.3714484686889468,0.009642321809236945,0.20173808972113164,0.23347833297810935,0.19869417121707242,0.23652225148216857,0.24713301666264248,0.3691360236032977,0.009582293725770302,0.2313616941620595,0.2629043391632254,0.2283367255123655,0.26592930781291946,0.27968083829920504,0.3601758099117226,0.009349698167633683,0.26429234058614764,0.29506933601226243,0.26134079843448815,0.2980208781639219,0.34304354628749373,0.3236048838050088,0.00840036422737708,0.32921753999465553,0.35686955258033193,0.3265656865698865,0.35952140600510096,0.14487870619946092,0.20181940700808637,0.21846361185983806,0.23189604458135443,0.2437196245443933,0.14487870619946092,0.09209344115004459,0.06994609164420547,0.04582210242587628,0.007823450134770756,0.1421832884097035,0.2703840970350404,0.3420372866127583,0.4420485175202156,0.7451707097933514,0.24054901328208905
