nDCG@1,nDCG@1_std,nDCG@1_stderr,nDCG@1_ci90_low,nDCG@1_ci90_high,nDCG@1_ci95_low,nDCG@1_ci95_high,nDCG@3,nDCG@3_std,nDCG@3_stderr,nDCG@3_ci90_low,nDCG@3_ci90_high,nDCG@3_ci95_low,nDCG@3_ci95_high,nDCG@5,nDCG@5_std,nDCG@5_stderr,nDCG@5_ci90_low,nDCG@5_ci90_high,nDCG@5_ci95_low,nDCG@5_ci95_high,nDCG@10,nDCG@10_std,nDCG@10_stderr,nDCG@10_ci90_low,nDCG@10_ci90_high,nDCG@10_ci95_low,nDCG@10_ci95_high,nDCG@100,nDCG@100_std,nDCG@100_stderr,nDCG@100_ci90_low,nDCG@100_ci90_high,nDCG@100_ci95_low,nDCG@100_ci95_high,RR@1,RR@3,RR@5,RR@10,RR@100,P@1,P@3,P@5,P@10,P@100,R@1,R@3,R@5,R@10,R@100,AP
0.14353099730458221,0.3507317248284827,0.009104541934017142,0.1285459977657664,0.15851599684339804,0.12567184730571956,0.16139014730344486,0.2138351962704407,0.37005730638995205,0.009606209035308623,0.19802451199800808,0.22964588054287333,0.1949919936881104,0.232678398852771,0.24382171099685235,0.36785828268968956,0.009549125224305418,0.2281049799279698,0.2595384420657349,0.2250904820152371,0.2625529399784676,0.2718856662950507,0.3607301635041447,0.009364088469882355,0.2564734838459437,0.28729784874415765,0.2535173989183677,0.29025393367173363,0.3382746123935001,0.32359504813419554,0.008400108906084395,0.3244490263293215,0.3521001984576787,0.3217972535051819,0.3547519712818183,0.14353099730458221,0.19856244384546282,0.21561096136567817,0.22738603302956392,0.23985159283083862,0.14353099730458221,0.09007187780772648,0.0692722371967661,0.04380053908355833,0.007762803234501216,0.14066711590296496,0.2648809523809524,0.33748876909254266,0.42295597484276726,0.7407345013477089,0.2365431079834523
