{
  "nDCG@1": 0.14016172506738545,
  "nDCG@1_std": 0.34727176847151325,
  "nDCG@1_stderr": 0.009014725942158115,
  "nDCG@1_ci90_low": 0.1253245520316864,
  "nDCG@1_ci90_high": 0.15499889810308448,
  "nDCG@1_ci95_low": 0.12247875496670241,
  "nDCG@1_ci95_high": 0.15784469516806848,
  "nDCG@3": 0.219016394364318,
  "nDCG@3_std": 0.36794789460751526,
  "nDCG@3_stderr": 0.009551451433786556,
  "nDCG@3_ci90_low": 0.20329583462967118,
  "nDCG@3_ci90_high": 0.2347369540989648,
  "nDCG@3_ci95_low": 0.20028060237180625,
  "nDCG@3_ci95_high": 0.23775218635682974,
  "nDCG@5": 0.2454255818804099,
  "nDCG@5_std": 0.3662819453770432,
  "nDCG@5_stderr": 0.009508205546531293,
  "nDCG@5_ci90_low": 0.22977619976296473,
  "nDCG@5_ci90_high": 0.26107496399785507,
  "nDCG@5_ci95_low": 0.22677461950293237,
  "nDCG@5_ci95_high": 0.2640765442578874,
  "nDCG@10": 0.27583074164088317,
  "nDCG@10_std": 0.3581958067805571,
  "nDCG@10_stderr": 0.00929829984731921,
  "nDCG@10_ci90_low": 0.26052683948593186,
  "nDCG@10_ci90_high": 0.2911346437958345,
  "nDCG@10_ci95_low": 0.257591522917838,
  "nDCG@10_ci95_high": 0.29406996036392835,
  "nDCG@100": 0.33940159314473656,
  "nDCG@100_std": 0.32226173267871977,
  "nDCG@100_stderr": 0.00836549776139371,
  "nDCG@100_ci90_low": 0.32563297293243565,
  "nDCG@100_ci90_high": 0.35317021335703747,
  "nDCG@100_ci95_low": 0.32299212626341256,
  "nDCG@100_ci95_high": 0.35581106002606055,
  "RR@1": 0.14016172506738545,
  "RR@3": 0.202156334231806,
  "RR@5": 0.21688005390835566,
  "RR@10": 0.22987287682368515,
  "RR@100": 0.24196440903752048,
  "P@1": 0.14016172506738545,
  "P@3": 0.09456424079065562,
  "P@5": 0.07035040431266909,
  "P@10": 0.04487870619946124,
  "P@100": 0.007722371967654854,
  "R@1": 0.13668014375561546,
  "R@3": 0.2768980233602875,
  "R@5": 0.340633423180593,
  "R@10": 0.4326145552560647,
  "R@100": 0.7348944294699012,
  "AP": 0.23801391478129882
}