{
  "nDCG@1": 0.14487870619946092,
  "nDCG@1_std": 0.35209715427223415,
  "nDCG@1_stderr": 0.009139986716306673,
  "nDCG@1_ci90_low": 0.12983536873984564,
  "nDCG@1_ci90_high": 0.1599220436590762,
  "nDCG@1_ci95_low": 0.12695002895934074,
  "nDCG@1_ci95_high": 0.1628073834395811,
  "nDCG@3": 0.22317949454133404,
  "nDCG@3_std": 0.3722126580078494,
  "nDCG@3_stderr": 0.009662159175539864,
  "nDCG@3_ci90_low": 0.20727672295340133,
  "nDCG@3_ci90_high": 0.23908226612926675,
  "nDCG@3_ci95_low": 0.2042265421270969,
  "nDCG@3_ci95_high": 0.24213244695557118,
  "nDCG@5": 0.2473497816589026,
  "nDCG@5_std": 0.37033851456908473,
  "nDCG@5_stderr": 0.009613508835919344,
  "nDCG@5_ci90_low": 0.23152708277776393,
  "nDCG@5_ci90_high": 0.2631724805400413,
  "nDCG@5_ci95_low": 0.2284922600438287,
  "nDCG@5_ci95_high": 0.26620730327397646,
  "nDCG@10": 0.2806016378253238,
  "nDCG@10_std": 0.36136621268696856,
  "nDCG@10_stderr": 0.009380599483991356,
  "nDCG@10_ci90_low": 0.2651622801991896,
  "nDCG@10_ci90_high": 0.29604099545145807,
  "nDCG@10_ci95_low": 0.26220098302270084,
  "nDCG@10_ci95_high": 0.2990022926279468,
  "nDCG@100": 0.34413336054566684,
  "nDCG@100_std": 0.3245160433098601,
  "nDCG@100_stderr": 0.008424016749613425,
  "nDCG@100_ci90_low": 0.3302684249978071,
  "nDCG@100_ci90_high": 0.35799829609352657,
  "nDCG@100_ci95_low": 0.3276091048703572,
  "nDCG@100_ci95_high": 0.3606576162209765,
  "RR@1": 0.14487870619946092,
  "RR@3": 0.2064240790655885,
  "RR@5": 0.22003593890386322,
  "RR@10": 0.234061737902708,
  "RR@100": 0.2459112985620473,
  "P@1": 0.14487870619946092,
  "P@3": 0.0956873315363879,
  "P@5": 0.06967654986522973,
  "P@10": 0.04555256064690056,
  "P@100": 0.007809973045821969,
  "R@1": 0.1417340521114106,
  "R@3": 0.27976190476190477,
  "R@5": 0.33793800539083557,
  "R@10": 0.4393530997304582,
  "R@100": 0.7441037735849056,
  "AP": 0.24219864222451443
}