nDCG@1,nDCG@1_std,nDCG@1_stderr,nDCG@1_ci90_low,nDCG@1_ci90_high,nDCG@1_ci95_low,nDCG@1_ci95_high,nDCG@3,nDCG@3_std,nDCG@3_stderr,nDCG@3_ci90_low,nDCG@3_ci90_high,nDCG@3_ci95_low,nDCG@3_ci95_high,nDCG@5,nDCG@5_std,nDCG@5_stderr,nDCG@5_ci90_low,nDCG@5_ci90_high,nDCG@5_ci95_low,nDCG@5_ci95_high,nDCG@10,nDCG@10_std,nDCG@10_stderr,nDCG@10_ci90_low,nDCG@10_ci90_high,nDCG@10_ci95_low,nDCG@10_ci95_high,nDCG@100,nDCG@100_std,nDCG@100_stderr,nDCG@100_ci90_low,nDCG@100_ci90_high,nDCG@100_ci95_low,nDCG@100_ci95_high,RR@1,RR@3,RR@5,RR@10,RR@100,P@1,P@3,P@5,P@10,P@100,R@1,R@3,R@5,R@10,R@100,AP
0.14487870619946092,0.35209715427223415,0.009139986716306673,0.12983536873984564,0.1599220436590762,0.12695002895934074,0.1628073834395811,0.22317949454133404,0.3722126580078494,0.009662159175539864,0.20727672295340133,0.23908226612926675,0.2042265421270969,0.24213244695557118,0.2473497816589026,0.37033851456908473,0.009613508835919344,0.23152708277776393,0.2631724805400413,0.2284922600438287,0.26620730327397646,0.2806016378253238,0.36136621268696856,0.009380599483991356,0.2651622801991896,0.29604099545145807,0.26220098302270084,0.2990022926279468,0.34413336054566684,0.3245160433098601,0.008424016749613425,0.3302684249978071,0.35799829609352657,0.3276091048703572,0.3606576162209765,0.14487870619946092,0.2064240790655885,0.22003593890386322,0.234061737902708,0.2459112985620473,0.14487870619946092,0.0956873315363879,0.06967654986522973,0.04555256064690056,0.007809973045821969,0.1417340521114106,0.27976190476190477,0.33793800539083557,0.4393530997304582,0.7441037735849056,0.24219864222451443
