{
  "nDCG@1": 0.14487870619946092,
  "nDCG@1_std": 0.35209715427223415,
  "nDCG@1_stderr": 0.009139986716306673,
  "nDCG@1_ci90_low": 0.12983536873984564,
  "nDCG@1_ci90_high": 0.1599220436590762,
  "nDCG@1_ci95_low": 0.12695002895934074,
  "nDCG@1_ci95_high": 0.1628073834395811,
  "nDCG@3": 0.2176082113496205,
  "nDCG@3_std": 0.3714484686889468,
  "nDCG@3_stderr": 0.009642321809236945,
  "nDCG@3_ci90_low": 0.20173808972113164,
  "nDCG@3_ci90_high": 0.23347833297810935,
  "nDCG@3_ci95_low": 0.19869417121707242,
  "nDCG@3_ci95_high": 0.23652225148216857,
  "nDCG@5": 0.24713301666264248,
  "nDCG@5_std": 0.3691360236032977,
  "nDCG@5_stderr": 0.009582293725770302,
  "nDCG@5_ci90_low": 0.2313616941620595,
  "nDCG@5_ci90_high": 0.2629043391632254,
  "nDCG@5_ci95_low": 0.2283367255123655,
  "nDCG@5_ci95_high": 0.26592930781291946,
  "nDCG@10": 0.27968083829920504,
  "nDCG@10_std": 0.3601758099117226,
  "nDCG@10_stderr": 0.009349698167633683,
  "nDCG@10_ci90_low": 0.26429234058614764,
  "nDCG@10_ci90_high": 0.29506933601226243,
  "nDCG@10_ci95_low": 0.26134079843448815,
  "nDCG@10_ci95_high": 0.2980208781639219,
  "nDCG@100": 0.34304354628749373,
  "nDCG@100_std": 0.3236048838050088,
  "nDCG@100_stderr": 0.00840036422737708,
  "nDCG@100_ci90_low": 0.32921753999465553,
  "nDCG@100_ci90_high": 0.35686955258033193,
  "nDCG@100_ci95_low": 0.3265656865698865,
  "nDCG@100_ci95_high": 0.35952140600510096,
  "RR@1": 0.14487870619946092,
  "RR@3": 0.20181940700808637,
  "RR@5": 0.21846361185983806,
  "RR@10": 0.23189604458135443,
  "RR@100": 0.2437196245443933,
  "P@1": 0.14487870619946092,
  "P@3": 0.09209344115004459,
  "P@5": 0.06994609164420547,
  "P@10": 0.04582210242587628,
  "P@100": 0.007823450134770756,
  "R@1": 0.1421832884097035,
  "R@3": 0.2703840970350404,
  "R@5": 0.3420372866127583,
  "R@10": 0.4420485175202156,
  "R@100": 0.7451707097933514,
  "AP": 0.24054901328208905
}