nDCG@1,nDCG@1_std,nDCG@1_stderr,nDCG@1_ci90_low,nDCG@1_ci90_high,nDCG@1_ci95_low,nDCG@1_ci95_high,nDCG@3,nDCG@3_std,nDCG@3_stderr,nDCG@3_ci90_low,nDCG@3_ci90_high,nDCG@3_ci95_low,nDCG@3_ci95_high,nDCG@5,nDCG@5_std,nDCG@5_stderr,nDCG@5_ci90_low,nDCG@5_ci90_high,nDCG@5_ci95_low,nDCG@5_ci95_high,nDCG@10,nDCG@10_std,nDCG@10_stderr,nDCG@10_ci90_low,nDCG@10_ci90_high,nDCG@10_ci95_low,nDCG@10_ci95_high,nDCG@100,nDCG@100_std,nDCG@100_stderr,nDCG@100_ci90_low,nDCG@100_ci90_high,nDCG@100_ci95_low,nDCG@100_ci95_high,RR@1,RR@3,RR@5,RR@10,RR@100,P@1,P@3,P@5,P@10,P@100,R@1,R@3,R@5,R@10,R@100,AP
0.14892183288409702,0.3561314157086241,0.00924471092521125,0.13370613175879587,0.16413753400939818,0.13078773231033816,0.16705593345785588,0.21248565183692866,0.37275076038087945,0.009676127617152728,0.19655988984567377,0.22841141382818356,0.19350529941774647,0.23146600425611086,0.24391180904941265,0.3705550171188198,0.009619128962082292,0.22807986010511097,0.2597437579937143,0.22504326319205573,0.26278035490676954,0.27105973739932154,0.3638201263034664,0.009444299907540967,0.25551553640770763,0.28660393839093545,0.25253413008097525,0.28958534471766784,0.33712514361393514,0.32750886718988753,0.00850170658656833,0.3231323397801828,0.3511179474476875,0.320448494280425,0.3538017929474453,0.14892183288409702,0.19901168014375573,0.21690251572327032,0.2284075108030633,0.24087342659739738,0.14892183288409702,0.08805031446540836,0.06873315363881462,0.04319407008086295,0.007661725067385314,0.1460579514824798,0.2584793351302785,0.33445642407906556,0.4165543575920934,0.7317497753818509,0.23746732391604886
