{
  "nDCG@1": 0.1495956873315364,
  "nDCG@1_std": 0.35679490059031793,
  "nDCG@1_stderr": 0.009261934134577102,
  "nDCG@1_ci90_low": 0.13435163884002235,
  "nDCG@1_ci90_high": 0.16483973582305042,
  "nDCG@1_ci95_low": 0.13142780231461104,
  "nDCG@1_ci95_high": 0.16776357234846173,
  "nDCG@3": 0.22364728672066764,
  "nDCG@3_std": 0.3747809077058063,
  "nDCG@3_stderr": 0.00972882761587987,
  "nDCG@3_ci90_low": 0.20763478676254465,
  "nDCG@3_ci90_high": 0.23965978667879062,
  "nDCG@3_ci95_low": 0.20456355983311256,
  "nDCG@3_ci95_high": 0.24273101360822272,
  "nDCG@5": 0.2502923125639933,
  "nDCG@5_std": 0.3725266438865962,
  "nDCG@5_stderr": 0.009670309842837317,
  "nDCG@5_ci90_low": 0.23437612594139123,
  "nDCG@5_ci90_high": 0.2662084991865954,
  "nDCG@5_ci95_low": 0.23132337208677498,
  "nDCG@5_ci95_high": 0.2692612530412116,
  "nDCG@10": 0.28129709435373756,
  "nDCG@10_std": 0.36417702056437184,
  "nDCG@10_stderr": 0.009453564420940811,
  "nDCG@10_ci90_low": 0.2657376450684665,
  "nDCG@10_ci90_high": 0.29685654363900865,
  "nDCG@10_ci95_low": 0.26275331409097813,
  "nDCG@10_ci95_high": 0.299840874616497,
  "nDCG@100": 0.34641012695229545,
  "nDCG@100_std": 0.32630111473730905,
  "nDCG@100_stderr": 0.008470354895027479,
  "nDCG@100_ci90_low": 0.3324689242959209,
  "nDCG@100_ci90_high": 0.36035132960867,
  "nDCG@100_ci95_low": 0.32979497599684804,
  "nDCG@100_ci95_high": 0.36302527790774286,
  "RR@1": 0.1495956873315364,
  "RR@3": 0.20743486073674763,
  "RR@5": 0.22249550763701692,
  "RR@10": 0.23547816925512333,
  "RR@100": 0.24783896798905172,
  "P@1": 0.1495956873315364,
  "P@3": 0.09478885893980209,
  "P@5": 0.07021563342318121,
  "P@10": 0.04528301886792483,
  "P@100": 0.007843665768193937,
  "R@1": 0.14678796046720577,
  "R@3": 0.2781895777178796,
  "R@5": 0.342374213836478,
  "R@10": 0.4366576819407008,
  "R@100": 0.7470238095238096,
  "AP": 0.24445787182638304
}