{
  "nDCG@1": 0.14892183288409702,
  "nDCG@1_std": 0.3561314157086241,
  "nDCG@1_stderr": 0.00924471092521125,
  "nDCG@1_ci90_low": 0.13370613175879587,
  "nDCG@1_ci90_high": 0.16413753400939818,
  "nDCG@1_ci95_low": 0.13078773231033816,
  "nDCG@1_ci95_high": 0.16705593345785588,
  "nDCG@3": 0.21248565183692866,
  "nDCG@3_std": 0.37275076038087945,
  "nDCG@3_stderr": 0.009676127617152728,
  "nDCG@3_ci90_low": 0.19655988984567377,
  "nDCG@3_ci90_high": 0.22841141382818356,
  "nDCG@3_ci95_low": 0.19350529941774647,
  "nDCG@3_ci95_high": 0.23146600425611086,
  "nDCG@5": 0.24391180904941265,
  "nDCG@5_std": 0.3705550171188198,
  "nDCG@5_stderr": 0.009619128962082292,
  "nDCG@5_ci90_low": 0.22807986010511097,
  "nDCG@5_ci90_high": 0.2597437579937143,
  "nDCG@5_ci95_low": 0.22504326319205573,
  "nDCG@5_ci95_high": 0.26278035490676954,
  "nDCG@10": 0.27105973739932154,
  "nDCG@10_std": 0.3638201263034664,
  "nDCG@10_stderr": 0.009444299907540967,
  "nDCG@10_ci90_low": 0.25551553640770763,
  "nDCG@10_ci90_high": 0.28660393839093545,
  "nDCG@10_ci95_low": 0.25253413008097525,
  "nDCG@10_ci95_high": 0.28958534471766784,
  "nDCG@100": 0.33712514361393514,
  "nDCG@100_std": 0.32750886718988753,
  "nDCG@100_stderr": 0.00850170658656833,
  "nDCG@100_ci90_low": 0.3231323397801828,
  "nDCG@100_ci90_high": 0.3511179474476875,
  "nDCG@100_ci95_low": 0.320448494280425,
  "nDCG@100_ci95_high": 0.3538017929474453,
  "RR@1": 0.14892183288409702,
  "RR@3": 0.19901168014375573,
  "RR@5": 0.21690251572327032,
  "RR@10": 0.2284075108030633,
  "RR@100": 0.24087342659739738,
  "P@1": 0.14892183288409702,
  "P@3": 0.08805031446540836,
  "P@5": 0.06873315363881462,
  "P@10": 0.04319407008086295,
  "P@100": 0.007661725067385314,
  "R@1": 0.1460579514824798,
  "R@3": 0.2584793351302785,
  "R@5": 0.33445642407906556,
  "R@10": 0.4165543575920934,
  "R@100": 0.7317497753818509,
  "AP": 0.23746732391604886
}