nDCG@1,nDCG@1_std,nDCG@1_stderr,nDCG@1_ci90_low,nDCG@1_ci90_high,nDCG@1_ci95_low,nDCG@1_ci95_high,nDCG@3,nDCG@3_std,nDCG@3_stderr,nDCG@3_ci90_low,nDCG@3_ci90_high,nDCG@3_ci95_low,nDCG@3_ci95_high,nDCG@5,nDCG@5_std,nDCG@5_stderr,nDCG@5_ci90_low,nDCG@5_ci90_high,nDCG@5_ci95_low,nDCG@5_ci95_high,nDCG@10,nDCG@10_std,nDCG@10_stderr,nDCG@10_ci90_low,nDCG@10_ci90_high,nDCG@10_ci95_low,nDCG@10_ci95_high,nDCG@100,nDCG@100_std,nDCG@100_stderr,nDCG@100_ci90_low,nDCG@100_ci90_high,nDCG@100_ci95_low,nDCG@100_ci95_high,RR@1,RR@3,RR@5,RR@10,RR@100,P@1,P@3,P@5,P@10,P@100,R@1,R@3,R@5,R@10,R@100,AP
0.14016172506738545,0.34727176847151325,0.009014725942158115,0.1253245520316864,0.15499889810308448,0.12247875496670241,0.15784469516806848,0.219016394364318,0.36794789460751526,0.009551451433786556,0.20329583462967118,0.2347369540989648,0.20028060237180625,0.23775218635682974,0.2454255818804099,0.3662819453770432,0.009508205546531293,0.22977619976296473,0.26107496399785507,0.22677461950293237,0.2640765442578874,0.27583074164088317,0.3581958067805571,0.00929829984731921,0.26052683948593186,0.2911346437958345,0.257591522917838,0.29406996036392835,0.33940159314473656,0.32226173267871977,0.00836549776139371,0.32563297293243565,0.35317021335703747,0.32299212626341256,0.35581106002606055,0.14016172506738545,0.202156334231806,0.21688005390835566,0.22987287682368515,0.24196440903752048,0.14016172506738545,0.09456424079065562,0.07035040431266909,0.04487870619946124,0.007722371967654854,0.13668014375561546,0.2768980233602875,0.340633423180593,0.4326145552560647,0.7348944294699012,0.23801391478129882
