nDCG@1,nDCG@1_std,nDCG@1_stderr,nDCG@1_ci90_low,nDCG@1_ci90_high,nDCG@1_ci95_low,nDCG@1_ci95_high,nDCG@3,nDCG@3_std,nDCG@3_stderr,nDCG@3_ci90_low,nDCG@3_ci90_high,nDCG@3_ci95_low,nDCG@3_ci95_high,nDCG@5,nDCG@5_std,nDCG@5_stderr,nDCG@5_ci90_low,nDCG@5_ci90_high,nDCG@5_ci95_low,nDCG@5_ci95_high,nDCG@10,nDCG@10_std,nDCG@10_stderr,nDCG@10_ci90_low,nDCG@10_ci90_high,nDCG@10_ci95_low,nDCG@10_ci95_high,nDCG@100,nDCG@100_std,nDCG@100_stderr,nDCG@100_ci90_low,nDCG@100_ci90_high,nDCG@100_ci95_low,nDCG@100_ci95_high,RR@1,RR@3,RR@5,RR@10,RR@100,P@1,P@3,P@5,P@10,P@100,R@1,R@3,R@5,R@10,R@100,AP
0.6698113207547169,0.47043942039348274,0.012211998878863189,0.6497118144979489,0.689910827011485,0.6458566922468628,0.6937659492625711,0.7444079521538557,0.3934183366567715,0.010212631165471253,0.7275991687560994,0.761216735551612,0.7243752131990541,0.7644406911086573,0.7675468385183071,0.3618201797722698,0.00939238388235683,0.7520880851658034,0.7830055918708108,0.7491230678533397,0.7859706091832744,0.7888060133676392,0.3254266979415515,0.008447656165995548,0.7749021701354445,0.802709856599834,0.772235387442611,0.8053766392926675,0.8050733298032368,0.29134515892944435,0.0075629434948982464,0.7926256190227849,0.8175210405836886,0.7902381252111574,0.8199085343953161,0.6704851752021563,0.7322551662174309,0.7441823899371077,0.7526146622170888,0.7560049615314487,0.6698113207547169,0.2785265049415954,0.17924528301886392,0.09676549865228877,0.010471698113207358,0.6499887690925427,0.7958782569631624,0.8511904761904764,0.9146451033243486,0.9849505840071877,0.7501991278735415
