{
  "nDCG@1": 0.7088948787061995,
  "nDCG@1_std": 0.45442500150924925,
  "nDCG@1_stderr": 0.01179628527795719,
  "nDCG@1_ci90_low": 0.6894795878842115,
  "nDCG@1_ci90_high": 0.7283101695281875,
  "nDCG@1_ci95_low": 0.6857556994113814,
  "nDCG@1_ci95_high": 0.7320340580010176,
  "nDCG@3": 0.7866843429227898,
  "nDCG@3_std": 0.36268308693274687,
  "nDCG@3_stderr": 0.009414783836143642,
  "nDCG@3_ci90_low": 0.7711887218948338,
  "nDCG@3_ci90_high": 0.8021799639507458,
  "nDCG@3_ci95_low": 0.7682166332944407,
  "nDCG@3_ci95_high": 0.8051520525511389,
  "nDCG@5": 0.8030907567168288,
  "nDCG@5_std": 0.33676021132064776,
  "nDCG@5_stderr": 0.008741859514353006,
  "nDCG@5_ci90_low": 0.7887026895586634,
  "nDCG@5_ci90_high": 0.8174788238749943,
  "nDCG@5_ci95_low": 0.785943031826629,
  "nDCG@5_ci95_high": 0.8202384816070287,
  "nDCG@10": 0.8191968670180302,
  "nDCG@10_std": 0.3058079441978637,
  "nDCG@10_stderr": 0.00793837869404769,
  "nDCG@10_ci90_low": 0.8061312342897329,
  "nDCG@10_ci90_high": 0.8322624997463275,
  "nDCG@10_ci95_low": 0.8036252219125175,
  "nDCG@10_ci95_high": 0.8347685121235429,
  "nDCG@100": 0.8328542096558387,
  "nDCG@100_std": 0.27403657715915186,
  "nDCG@100_stderr": 0.0071136350993630075,
  "nDCG@100_ci90_low": 0.8211460073700126,
  "nDCG@100_ci90_high": 0.8445624119416647,
  "nDCG@100_ci95_low": 0.8189003526471705,
  "nDCG@100_ci95_high": 0.8468080666645068,
  "RR@1": 0.7088948787061995,
  "RR@3": 0.7715633423180596,
  "RR@5": 0.7800202156334237,
  "RR@10": 0.7866501946690629,
  "RR@100": 0.7893114934915799,
  "P@1": 0.7088948787061995,
  "P@3": 0.29447439353099264,
  "P@5": 0.18584905660376927,
  "P@10": 0.0983153638813992,
  "P@100": 0.01051212938005372,
  "R@1": 0.6899707996406109,
  "R@3": 0.8423180592991916,
  "R@5": 0.8816262353998204,
  "R@10": 0.9290206648697216,
  "R@100": 0.9886567834681042,
  "AP": 0.7849424131537494
}