{
  "nDCG@1": 0.15902964959568733,
  "nDCG@3": 0.2324663961425818,
  "nDCG@5": 0.26639484282227066,
  "nDCG@10": 0.29990893552377174,
  "nDCG@100": 0.36096392315990017,
  "RR@1": 0.1597035040431267,
  "RR@3": 0.2172057502246181,
  "RR@5": 0.2365790655884992,
  "RR@10": 0.25050084499208464,
  "RR@100": 0.261397214366035,
  "P@1": 0.15902964959568733,
  "P@3": 0.09770889487870607,
  "P@5": 0.075741239892184,
  "P@10": 0.04865229110512142,
  "P@100": 0.008025606469002558,
  "R@1": 0.1553796046720575,
  "R@3": 0.2849842767295598,
  "R@5": 0.36607142857142855,
  "R@10": 0.4686096136567835,
  "R@100": 0.76375786163522,
  "AP": 0.2570912200107782
}