nDCG@1,nDCG@1_std,nDCG@1_stderr,nDCG@1_ci90_low,nDCG@1_ci90_high,nDCG@1_ci95_low,nDCG@1_ci95_high,nDCG@3,nDCG@3_std,nDCG@3_stderr,nDCG@3_ci90_low,nDCG@3_ci90_high,nDCG@3_ci95_low,nDCG@3_ci95_high,nDCG@5,nDCG@5_std,nDCG@5_stderr,nDCG@5_ci90_low,nDCG@5_ci90_high,nDCG@5_ci95_low,nDCG@5_ci95_high,nDCG@10,nDCG@10_std,nDCG@10_stderr,nDCG@10_ci90_low,nDCG@10_ci90_high,nDCG@10_ci95_low,nDCG@10_ci95_high,nDCG@100,nDCG@100_std,nDCG@100_stderr,nDCG@100_ci90_low,nDCG@100_ci90_high,nDCG@100_ci95_low,nDCG@100_ci95_high,RR@1,RR@3,RR@5,RR@10,RR@100,P@1,P@3,P@5,P@10,P@100,R@1,R@3,R@5,R@10,R@100,AP
0.15902964959568733,0.36582701059747114,0.00949639602807418,0.14339970454931242,0.17465959464206224,0.14040185235524455,0.1776574468361301,0.2324663961425818,0.3819144502972657,0.009914005154905746,0.21614911584987284,0.24878367643529076,0.21301943149195737,0.25191336079320625,0.26639484282227066,0.3781435296208662,0.00981611693152099,0.2502386749713415,0.2825510106731998,0.24713989227594935,0.285649793368592,0.29990893552377174,0.3674011215720249,0.009537257912991008,0.28421173664616933,0.31560613440137414,0.2812009850436323,0.3186168860039112,0.36096392315990017,0.3298467291000464,0.008562394457924683,0.3468712342653862,0.37505661205441415,0.34416823062734503,0.3777596156924553,0.1597035040431267,0.2172057502246181,0.2365790655884992,0.25050084499208464,0.261397214366035,0.15902964959568733,0.09770889487870607,0.075741239892184,0.04865229110512142,0.008025606469002558,0.1553796046720575,0.2849842767295598,0.36607142857142855,0.4686096136567835,0.76375786163522,0.2570912200107782
