{
  "nDCG@1": 0.15161725067385445,
  "nDCG@3": 0.22698949773326685,
  "nDCG@5": 0.25705088395809306,
  "nDCG@10": 0.28945694568648633,
  "nDCG@100": 0.35105064385618434,
  "RR@1": 0.15161725067385445,
  "RR@3": 0.21035489667565133,
  "RR@5": 0.22747079964061065,
  "RR@10": 0.2410388054592904,
  "RR@100": 0.25235039947245513,
  "P@1": 0.15161725067385445,
  "P@3": 0.09703504043126668,
  "P@5": 0.07318059299191443,
  "P@10": 0.047035040431267064,
  "P@100": 0.007877358490565901,
  "R@1": 0.14796720575022462,
  "R@3": 0.2829627133872417,
  "R@5": 0.3546159029649596,
  "R@10": 0.4527740341419587,
  "R@100": 0.7489330637915542,
  "AP": 0.24837901441734328
}