nDCG@1,nDCG@1_std,nDCG@1_stderr,nDCG@1_ci90_low,nDCG@1_ci90_high,nDCG@1_ci95_low,nDCG@1_ci95_high,nDCG@3,nDCG@3_std,nDCG@3_stderr,nDCG@3_ci90_low,nDCG@3_ci90_high,nDCG@3_ci95_low,nDCG@3_ci95_high,nDCG@5,nDCG@5_std,nDCG@5_stderr,nDCG@5_ci90_low,nDCG@5_ci90_high,nDCG@5_ci95_low,nDCG@5_ci95_high,nDCG@10,nDCG@10_std,nDCG@10_stderr,nDCG@10_ci90_low,nDCG@10_ci90_high,nDCG@10_ci95_low,nDCG@10_ci95_high,nDCG@100,nDCG@100_std,nDCG@100_stderr,nDCG@100_ci90_low,nDCG@100_ci90_high,nDCG@100_ci95_low,nDCG@100_ci95_high,RR@1,RR@3,RR@5,RR@10,RR@100,P@1,P@3,P@5,P@10,P@100,R@1,R@3,R@5,R@10,R@100,AP
0.15768194070080863,0.3645653670629918,0.00946364539375085,0.14210589932622608,0.17325798207539117,0.13911838595550477,0.17624549544611248,0.23375817299555787,0.37995658410611755,0.00986318148092182,0.21752454246103878,0.24999180353007697,0.21441090228052628,0.25310544371058946,0.26232753773639383,0.3773092323838554,0.009794459654342787,0.2462070152030303,0.2784480602697574,0.24311506934507776,0.2815400061277099,0.2948683345448701,0.36722554676203323,0.009532700218015144,0.2791786370943144,0.3105580319954258,0.2761693242792755,0.3135673448104647,0.35637257867042965,0.33055821540513464,0.008580863722155977,0.34224949155072276,0.37049566579013654,0.33954065747720535,0.37320449986365395,0.15768194070080863,0.21686882300089838,0.23310871518418655,0.2469625743379109,0.2581803707804218,0.15768194070080863,0.09973045822102417,0.07412398921832954,0.04750673854447458,0.007904312668463476,0.1540318957771788,0.2907120395327943,0.35899595687331537,0.4574910152740342,0.7519654088050314,0.25408261557917977
