{
  "nDCG@1": 0.15902964959568733,
  "nDCG@1_std": 0.36582701059747114,
  "nDCG@1_stderr": 0.00949639602807418,
  "nDCG@1_ci90_low": 0.14339970454931242,
  "nDCG@1_ci90_high": 0.17465959464206224,
  "nDCG@1_ci95_low": 0.14040185235524455,
  "nDCG@1_ci95_high": 0.1776574468361301,
  "nDCG@3": 0.2323805277977532,
  "nDCG@3_std": 0.3811326751938636,
  "nDCG@3_stderr": 0.009893711284382984,
  "nDCG@3_ci90_low": 0.21609664881645874,
  "nDCG@3_ci90_high": 0.24866440677904766,
  "nDCG@3_ci95_low": 0.21297337089147772,
  "nDCG@3_ci95_high": 0.2517876847040287,
  "nDCG@5": 0.26252024587467687,
  "nDCG@5_std": 0.3781082913975725,
  "nDCG@5_stderr": 0.009815202192822019,
  "nDCG@5_ci90_low": 0.24636558357549118,
  "nDCG@5_ci90_high": 0.2786749081738626,
  "nDCG@5_ci95_low": 0.24326708964769125,
  "nDCG@5_ci95_high": 0.2817734021016625,
  "nDCG@10": 0.29702602849027715,
  "nDCG@10_std": 0.36735945432569655,
  "nDCG@10_stderr": 0.009536176285169467,
  "nDCG@10_ci90_low": 0.2813306098441817,
  "nDCG@10_ci90_high": 0.3127214471363726,
  "nDCG@10_ci95_low": 0.2783201996933204,
  "nDCG@10_ci95_high": 0.3157318572872339,
  "nDCG@100": 0.3596569328879139,
  "nDCG@100_std": 0.32920519077756233,
  "nDCG@100_stderr": 0.008545740952849852,
  "nDCG@100_ci90_low": 0.3455916536937093,
  "nDCG@100_ci90_high": 0.3737222120821185,
  "nDCG@100_ci95_low": 0.34289390728657765,
  "nDCG@100_ci95_high": 0.37641995848925014,
  "RR@1": 0.15902964959568733,
  "RR@3": 0.2169811320754717,
  "RR@5": 0.2336253369272234,
  "RR@10": 0.2479428721174003,
  "RR@100": 0.2593443779600364,
  "P@1": 0.15902964959568733,
  "P@3": 0.0979335130278525,
  "P@5": 0.07412398921832952,
  "P@10": 0.04811320754716997,
  "P@100": 0.008072776280323312,
  "R@1": 0.15504267744833783,
  "R@3": 0.28543351302785264,
  "R@5": 0.3584344115004493,
  "R@10": 0.46378032345013476,
  "R@100": 0.7662848158131176,
  "AP": 0.25521123249098815
}