{
  "nDCG@1": 0.15768194070080863,
  "nDCG@3": 0.23375817299555787,
  "nDCG@5": 0.26232753773639383,
  "nDCG@10": 0.2948683345448701,
  "nDCG@100": 0.35637257867042965,
  "RR@1": 0.15768194070080863,
  "RR@3": 0.21686882300089838,
  "RR@5": 0.23310871518418655,
  "RR@10": 0.2469625743379109,
  "RR@100": 0.2581803707804218,
  "P@1": 0.15768194070080863,
  "P@3": 0.09973045822102417,
  "P@5": 0.07412398921832954,
  "P@10": 0.04750673854447458,
  "P@100": 0.007904312668463476,
  "R@1": 0.1540318957771788,
  "R@3": 0.2907120395327943,
  "R@5": 0.35899595687331537,
  "R@10": 0.4574910152740342,
  "R@100": 0.7519654088050314,
  "AP": 0.25408261557917977
}