{
  "nDCG@1": 0.15161725067385445,
  "nDCG@1_std": 0.3587703944768248,
  "nDCG@1_stderr": 0.009313215400732572,
  "nDCG@1_ci90_low": 0.13628879928154006,
  "nDCG@1_ci90_high": 0.16694570206616885,
  "nDCG@1_ci95_low": 0.1333487741245885,
  "nDCG@1_ci95_high": 0.1698857272231204,
  "nDCG@3": 0.22698949773326685,
  "nDCG@3_std": 0.375790024696928,
  "nDCG@3_stderr": 0.009755022987759873,
  "nDCG@3_ci90_low": 0.21093388329026524,
  "nDCG@3_ci90_high": 0.24304511217626845,
  "nDCG@3_ci95_low": 0.20785438692337152,
  "nDCG@3_ci95_high": 0.24612460854316218,
  "nDCG@5": 0.25705088395809306,
  "nDCG@5_std": 0.37349653821248846,
  "nDCG@5_stderr": 0.009695487045059244,
  "nDCG@5_ci90_low": 0.24109325863748526,
  "nDCG@5_ci90_high": 0.27300850927870085,
  "nDCG@5_ci95_low": 0.23803255676441037,
  "nDCG@5_ci95_high": 0.27606921115177574,
  "nDCG@10": 0.28945694568648633,
  "nDCG@10_std": 0.3639611409302637,
  "nDCG@10_stderr": 0.009447960464861847,
  "nDCG@10_ci90_low": 0.2739067198503319,
  "nDCG@10_ci90_high": 0.3050071715226408,
  "nDCG@10_ci95_low": 0.27092415794734054,
  "nDCG@10_ci95_high": 0.30798973342563213,
  "nDCG@100": 0.35105064385618434,
  "nDCG@100_std": 0.32756334523883157,
  "nDCG@100_stderr": 0.008503120766256058,
  "nDCG@100_ci90_low": 0.337055512449873,
  "nDCG@100_ci90_high": 0.3650457752624957,
  "nDCG@100_ci95_low": 0.3343712205174193,
  "nDCG@100_ci95_high": 0.3677300671949494,
  "RR@1": 0.15161725067385445,
  "RR@3": 0.21035489667565133,
  "RR@5": 0.22747079964061065,
  "RR@10": 0.2410388054592904,
  "RR@100": 0.25235039947245513,
  "P@1": 0.15161725067385445,
  "P@3": 0.09703504043126668,
  "P@5": 0.07318059299191443,
  "P@10": 0.047035040431267064,
  "P@100": 0.007877358490565901,
  "R@1": 0.14796720575022462,
  "R@3": 0.2829627133872417,
  "R@5": 0.3546159029649596,
  "R@10": 0.4527740341419587,
  "R@100": 0.7489330637915542,
  "AP": 0.24837901441734328
}