nDCG@1,nDCG@1_std,nDCG@1_stderr,nDCG@1_ci90_low,nDCG@1_ci90_high,nDCG@1_ci95_low,nDCG@1_ci95_high,nDCG@3,nDCG@3_std,nDCG@3_stderr,nDCG@3_ci90_low,nDCG@3_ci90_high,nDCG@3_ci95_low,nDCG@3_ci95_high,nDCG@5,nDCG@5_std,nDCG@5_stderr,nDCG@5_ci90_low,nDCG@5_ci90_high,nDCG@5_ci95_low,nDCG@5_ci95_high,nDCG@10,nDCG@10_std,nDCG@10_stderr,nDCG@10_ci90_low,nDCG@10_ci90_high,nDCG@10_ci95_low,nDCG@10_ci95_high,nDCG@100,nDCG@100_std,nDCG@100_stderr,nDCG@100_ci90_low,nDCG@100_ci90_high,nDCG@100_ci95_low,nDCG@100_ci95_high,RR@1,RR@3,RR@5,RR@10,RR@100,P@1,P@3,P@5,P@10,P@100,R@1,R@3,R@5,R@10,R@100,AP
0.15161725067385445,0.3587703944768248,0.009313215400732572,0.13628879928154006,0.16694570206616885,0.1333487741245885,0.1698857272231204,0.22698949773326685,0.375790024696928,0.009755022987759873,0.21093388329026524,0.24304511217626845,0.20785438692337152,0.24612460854316218,0.25705088395809306,0.37349653821248846,0.009695487045059244,0.24109325863748526,0.27300850927870085,0.23803255676441037,0.27606921115177574,0.28945694568648633,0.3639611409302637,0.009447960464861847,0.2739067198503319,0.3050071715226408,0.27092415794734054,0.30798973342563213,0.35105064385618434,0.32756334523883157,0.008503120766256058,0.337055512449873,0.3650457752624957,0.3343712205174193,0.3677300671949494,0.15161725067385445,0.21035489667565133,0.22747079964061065,0.2410388054592904,0.25235039947245513,0.15161725067385445,0.09703504043126668,0.07318059299191443,0.047035040431267064,0.007877358490565901,0.14796720575022462,0.2829627133872417,0.3546159029649596,0.4527740341419587,0.7489330637915542,0.24837901441734328
