nDCG@1,nDCG@3,nDCG@5,nDCG@10,nDCG@100,RR@1,RR@3,RR@5,RR@10,RR@100,P@1,P@3,P@5,P@10,P@100,R@1,R@3,R@5,R@10,R@100,AP
0.1334231805929919,0.1982615332649418,0.22420890725452428,0.25621026153948356,0.31817653824374587,0.1334231805929919,0.18407457322551676,0.19849505840071857,0.2119232126812987,0.22335584691251628,0.1334231805929919,0.08400718778077225,0.06374663072776333,0.041981132075472105,0.007419137466307153,0.13095238095238096,0.24550763701707096,0.30823225516621744,0.405604222821204,0.7046271338724168,0.22028042753238916
