nDCG@1,nDCG@3,nDCG@5,nDCG@10,nDCG@100,RR@1,RR@3,RR@5,RR@10,RR@100,P@1,P@3,P@5,P@10,P@100,R@1,R@3,R@5,R@10,R@100,AP
0.15161725067385445,0.22698949773326685,0.25705088395809306,0.28945694568648633,0.35105064385618434,0.15161725067385445,0.21035489667565133,0.22747079964061065,0.2410388054592904,0.25235039947245513,0.15161725067385445,0.09703504043126668,0.07318059299191443,0.047035040431267064,0.007877358490565901,0.14796720575022462,0.2829627133872417,0.3546159029649596,0.4527740341419587,0.7489330637915542,0.24837901441734328
