nDCG@1,nDCG@3,nDCG@5,nDCG@10,nDCG@100,RR@1,RR@3,RR@5,RR@10,RR@100,P@1,P@3,P@5,P@10,P@100,R@1,R@3,R@5,R@10,R@100,AP
0.15902964959568733,0.2324663961425818,0.26639484282227066,0.29990893552377174,0.36096392315990017,0.1597035040431267,0.2172057502246181,0.2365790655884992,0.25050084499208464,0.261397214366035,0.15902964959568733,0.09770889487870607,0.075741239892184,0.04865229110512142,0.008025606469002558,0.1553796046720575,0.2849842767295598,0.36607142857142855,0.4686096136567835,0.76375786163522,0.2570912200107782
