{
  "nDCG@1": 0.13679245283018868,
  "nDCG@1_std": 0.34374394576949846,
  "nDCG@1_stderr": 0.008923148227761225,
  "nDCG@1_ci90_low": 0.12210600588460471,
  "nDCG@1_ci90_high": 0.15147889977577264,
  "nDCG@1_ci95_low": 0.11928911836080042,
  "nDCG@1_ci95_high": 0.15429578729957694,
  "nDCG@3": 0.20674772365558927,
  "nDCG@3_std": 0.364908809181581,
  "nDCG@3_stderr": 0.009472560706935399,
  "nDCG@3_ci90_low": 0.19115700872961588,
  "nDCG@3_ci90_high": 0.22233843858156266,
  "nDCG@3_ci95_low": 0.18816668094476188,
  "nDCG@3_ci95_high": 0.22532876636641666,
  "nDCG@5": 0.23350807221937267,
  "nDCG@5_std": 0.3638731918200546,
  "nDCG@5_stderr": 0.009445677419715732,
  "nDCG@5_ci90_low": 0.21796160400559061,
  "nDCG@5_ci90_high": 0.24905454043315473,
  "nDCG@5_ci95_low": 0.21497976282147832,
  "nDCG@5_ci95_high": 0.25203638161726705,
  "nDCG@10": 0.26749092493248605,
  "nDCG@10_std": 0.3557104016074485,
  "nDCG@10_stderr": 0.009233781943691712,
  "nDCG@10_ci90_low": 0.25229321161856705,
  "nDCG@10_ci90_high": 0.28268863824640506,
  "nDCG@10_ci95_low": 0.24937826226540133,
  "nDCG@10_ci95_high": 0.2856035875995708,
  "nDCG@100": 0.32826864414891804,
  "nDCG@100_std": 0.32253883803237826,
  "nDCG@100_stderr": 0.008372691057961786,
  "nDCG@100_ci90_low": 0.31448818462097267,
  "nDCG@100_ci90_high": 0.3420491036768634,
  "nDCG@100_ci95_low": 0.3118450671494435,
  "nDCG@100_ci95_high": 0.3446922211483926,
  "RR@1": 0.13679245283018868,
  "RR@3": 0.1909254267744835,
  "RR@5": 0.2056154537286611,
  "RR@10": 0.21985357035896108,
  "RR@100": 0.23098629819438807,
  "P@1": 0.13679245283018868,
  "P@3": 0.08827493261455484,
  "P@5": 0.06671159029649654,
  "P@10": 0.04420485175202192,
  "P@100": 0.0075943396226413815,
  "R@1": 0.1346585804132974,
  "R@3": 0.25780548068283915,
  "R@5": 0.3233939802336029,
  "R@10": 0.427504492362983,
  "R@100": 0.7213050314465408,
  "AP": 0.22808262161139034
}