nDCG@1,nDCG@1_std,nDCG@1_stderr,nDCG@1_ci90_low,nDCG@1_ci90_high,nDCG@1_ci95_low,nDCG@1_ci95_high,nDCG@3,nDCG@3_std,nDCG@3_stderr,nDCG@3_ci90_low,nDCG@3_ci90_high,nDCG@3_ci95_low,nDCG@3_ci95_high,nDCG@5,nDCG@5_std,nDCG@5_stderr,nDCG@5_ci90_low,nDCG@5_ci90_high,nDCG@5_ci95_low,nDCG@5_ci95_high,nDCG@10,nDCG@10_std,nDCG@10_stderr,nDCG@10_ci90_low,nDCG@10_ci90_high,nDCG@10_ci95_low,nDCG@10_ci95_high,nDCG@100,nDCG@100_std,nDCG@100_stderr,nDCG@100_ci90_low,nDCG@100_ci90_high,nDCG@100_ci95_low,nDCG@100_ci95_high,RR@1,RR@3,RR@5,RR@10,RR@100,P@1,P@3,P@5,P@10,P@100,R@1,R@3,R@5,R@10,R@100,AP
0.1334231805929919,0.3401461451034205,0.008829753975927975,0.11889044954336317,0.14795591164262065,0.11610304501099519,0.15074331617498862,0.1982615332649418,0.3608643181918058,0.009367570952056025,0.1828436190619317,0.21367944746795192,0.1798864347734198,0.2166366317564638,0.22420890725452428,0.3606022251165205,0.009360767354817372,0.2088021909681389,0.23961562354090965,0.20584715446062196,0.2425706600484266,0.25621026153948356,0.3539193148550069,0.009187287648221173,0.24108907233860977,0.27133145074035736,0.23818880045100846,0.2742317226279587,0.31817653824374587,0.3219354625553894,0.008357028210995522,0.30442185790999465,0.3319312185774971,0.30178368493530455,0.3345693915521872,0.1334231805929919,0.18407457322551676,0.19849505840071857,0.2119232126812987,0.22335584691251628,0.1334231805929919,0.08400718778077225,0.06374663072776333,0.041981132075472105,0.007419137466307153,0.13095238095238096,0.24550763701707096,0.30823225516621744,0.405604222821204,0.7046271338724168,0.22028042753238916
