nDCG@1,nDCG@3,nDCG@5,nDCG@10,nDCG@100,RR@1,RR@3,RR@5,RR@10,RR@100,P@1,P@3,P@5,P@10,P@100,R@1,R@3,R@5,R@10,R@100,AP
0.1522911051212938,0.22257550721640557,0.2499492515393207,0.2870906974427855,0.3496271649092628,0.15161725067385445,0.20732255166217436,0.2222821203953278,0.23809470329012103,0.249168969526578,0.1522911051212938,0.0932165318957769,0.07008086253369335,0.04683288409703526,0.007964959568733018,0.14897798742138366,0.27263027852650495,0.338892632524708,0.45142632524708004,0.7558400718778077,0.24612597033414868
