{
  "nDCG@1": 0.15902964959568733,
  "nDCG@3": 0.2323805277977532,
  "nDCG@5": 0.26252024587467687,
  "nDCG@10": 0.29702602849027715,
  "nDCG@100": 0.3596569328879139,
  "RR@1": 0.15902964959568733,
  "RR@3": 0.2169811320754717,
  "RR@5": 0.2336253369272234,
  "RR@10": 0.2479428721174003,
  "RR@100": 0.2593443779600364,
  "P@1": 0.15902964959568733,
  "P@3": 0.0979335130278525,
  "P@5": 0.07412398921832952,
  "P@10": 0.04811320754716997,
  "P@100": 0.008072776280323312,
  "R@1": 0.15504267744833783,
  "R@3": 0.28543351302785264,
  "R@5": 0.3584344115004493,
  "R@10": 0.46378032345013476,
  "R@100": 0.7662848158131176,
  "AP": 0.25521123249098815
}