{
  "nDCG@1": 0.15902964959568733,
  "nDCG@1_std": 0.36582701059747114,
  "nDCG@1_stderr": 0.00949639602807418,
  "nDCG@1_ci90_low": 0.14339970454931242,
  "nDCG@1_ci90_high": 0.17465959464206224,
  "nDCG@1_ci95_low": 0.14040185235524455,
  "nDCG@1_ci95_high": 0.1776574468361301,
  "nDCG@3": 0.2324663961425818,
  "nDCG@3_std": 0.3819144502972657,
  "nDCG@3_stderr": 0.009914005154905746,
  "nDCG@3_ci90_low": 0.21614911584987284,
  "nDCG@3_ci90_high": 0.24878367643529076,
  "nDCG@3_ci95_low": 0.21301943149195737,
  "nDCG@3_ci95_high": 0.25191336079320625,
  "nDCG@5": 0.26639484282227066,
  "nDCG@5_std": 0.3781435296208662,
  "nDCG@5_stderr": 0.00981611693152099,
  "nDCG@5_ci90_low": 0.2502386749713415,
  "nDCG@5_ci90_high": 0.2825510106731998,
  "nDCG@5_ci95_low": 0.24713989227594935,
  "nDCG@5_ci95_high": 0.285649793368592,
  "nDCG@10": 0.29990893552377174,
  "nDCG@10_std": 0.3674011215720249,
  "nDCG@10_stderr": 0.009537257912991008,
  "nDCG@10_ci90_low": 0.28421173664616933,
  "nDCG@10_ci90_high": 0.31560613440137414,
  "nDCG@10_ci95_low": 0.2812009850436323,
  "nDCG@10_ci95_high": 0.3186168860039112,
  "nDCG@100": 0.36096392315990017,
  "nDCG@100_std": 0.3298467291000464,
  "nDCG@100_stderr": 0.008562394457924683,
  "nDCG@100_ci90_low": 0.3468712342653862,
  "nDCG@100_ci90_high": 0.37505661205441415,
  "nDCG@100_ci95_low": 0.34416823062734503,
  "nDCG@100_ci95_high": 0.3777596156924553,
  "RR@1": 0.1597035040431267,
  "RR@3": 0.2172057502246181,
  "RR@5": 0.2365790655884992,
  "RR@10": 0.25050084499208464,
  "RR@100": 0.261397214366035,
  "P@1": 0.15902964959568733,
  "P@3": 0.09770889487870607,
  "P@5": 0.075741239892184,
  "P@10": 0.04865229110512142,
  "P@100": 0.008025606469002558,
  "R@1": 0.1553796046720575,
  "R@3": 0.2849842767295598,
  "R@5": 0.36607142857142855,
  "R@10": 0.4686096136567835,
  "R@100": 0.76375786163522,
  "AP": 0.2570912200107782
}