{
  "nDCG@1": 0.1522911051212938,
  "nDCG@1_std": 0.3594239512019637,
  "nDCG@1_stderr": 0.00933018088799551,
  "nDCG@1_ci90_low": 0.13693473054287586,
  "nDCG@1_ci90_high": 0.16764747969971172,
  "nDCG@1_ci95_low": 0.13398934966749554,
  "nDCG@1_ci95_high": 0.17059286057509204,
  "nDCG@3": 0.22257550721640557,
  "nDCG@3_std": 0.3765496738933599,
  "nDCG@3_stderr": 0.009774742498355724,
  "nDCG@3_ci90_low": 0.20648743679051915,
  "nDCG@3_ci90_high": 0.23866357764229199,
  "nDCG@3_ci95_low": 0.20340171530644086,
  "nDCG@3_ci95_high": 0.24174929912637028,
  "nDCG@5": 0.2499492515393207,
  "nDCG@5_std": 0.37449191849963287,
  "nDCG@5_stderr": 0.009721325829871287,
  "nDCG@5_ci90_low": 0.23394909863398672,
  "nDCG@5_ci90_high": 0.2659494044446547,
  "nDCG@5_ci95_low": 0.23088023989197842,
  "nDCG@5_ci95_high": 0.269018263186663,
  "nDCG@10": 0.2870906974427855,
  "nDCG@10_std": 0.3641265774957124,
  "nDCG@10_stderr": 0.009452254984122357,
  "nDCG@10_ci90_low": 0.271533403335695,
  "nDCG@10_ci90_high": 0.302647991549876,
  "nDCG@10_ci95_low": 0.26854948572534376,
  "nDCG@10_ci95_high": 0.3056319091602272,
  "nDCG@100": 0.3496271649092628,
  "nDCG@100_std": 0.3272518421216719,
  "nDCG@100_stderr": 0.008495034548238158,
  "nDCG@100_ci90_low": 0.3356453424617269,
  "nDCG@100_ci90_high": 0.36360898735679875,
  "nDCG@100_ci95_low": 0.33296360321203355,
  "nDCG@100_ci95_high": 0.3662907266064921,
  "RR@1": 0.15161725067385445,
  "RR@3": 0.20732255166217436,
  "RR@5": 0.2222821203953278,
  "RR@10": 0.23809470329012103,
  "RR@100": 0.249168969526578,
  "P@1": 0.1522911051212938,
  "P@3": 0.0932165318957769,
  "P@5": 0.07008086253369335,
  "P@10": 0.04683288409703526,
  "P@100": 0.007964959568733018,
  "R@1": 0.14897798742138366,
  "R@3": 0.27263027852650495,
  "R@5": 0.338892632524708,
  "R@10": 0.45142632524708004,
  "R@100": 0.7558400718778077,
  "AP": 0.24612597033414868
}