nDCG@1,nDCG@1_std,nDCG@1_stderr,nDCG@1_ci90_low,nDCG@1_ci90_high,nDCG@1_ci95_low,nDCG@1_ci95_high,nDCG@3,nDCG@3_std,nDCG@3_stderr,nDCG@3_ci90_low,nDCG@3_ci90_high,nDCG@3_ci95_low,nDCG@3_ci95_high,nDCG@5,nDCG@5_std,nDCG@5_stderr,nDCG@5_ci90_low,nDCG@5_ci90_high,nDCG@5_ci95_low,nDCG@5_ci95_high,nDCG@10,nDCG@10_std,nDCG@10_stderr,nDCG@10_ci90_low,nDCG@10_ci90_high,nDCG@10_ci95_low,nDCG@10_ci95_high,nDCG@100,nDCG@100_std,nDCG@100_stderr,nDCG@100_ci90_low,nDCG@100_ci90_high,nDCG@100_ci95_low,nDCG@100_ci95_high,RR@1,RR@3,RR@5,RR@10,RR@100,P@1,P@3,P@5,P@10,P@100,R@1,R@3,R@5,R@10,R@100,AP
0.15902964959568733,0.36582701059747114,0.00949639602807418,0.14339970454931242,0.17465959464206224,0.14040185235524455,0.1776574468361301,0.2323805277977532,0.3811326751938636,0.009893711284382984,0.21609664881645874,0.24866440677904766,0.21297337089147772,0.2517876847040287,0.26252024587467687,0.3781082913975725,0.009815202192822019,0.24636558357549118,0.2786749081738626,0.24326708964769125,0.2817734021016625,0.29702602849027715,0.36735945432569655,0.009536176285169467,0.2813306098441817,0.3127214471363726,0.2783201996933204,0.3157318572872339,0.3596569328879139,0.32920519077756233,0.008545740952849852,0.3455916536937093,0.3737222120821185,0.34289390728657765,0.37641995848925014,0.15902964959568733,0.2169811320754717,0.2336253369272234,0.2479428721174003,0.2593443779600364,0.15902964959568733,0.0979335130278525,0.07412398921832952,0.04811320754716997,0.008072776280323312,0.15504267744833783,0.28543351302785264,0.3584344115004493,0.46378032345013476,0.7662848158131176,0.25521123249098815
