nDCG@1,nDCG@1_std,nDCG@1_stderr,nDCG@1_ci90_low,nDCG@1_ci90_high,nDCG@1_ci95_low,nDCG@1_ci95_high,nDCG@3,nDCG@3_std,nDCG@3_stderr,nDCG@3_ci90_low,nDCG@3_ci90_high,nDCG@3_ci95_low,nDCG@3_ci95_high,nDCG@5,nDCG@5_std,nDCG@5_stderr,nDCG@5_ci90_low,nDCG@5_ci90_high,nDCG@5_ci95_low,nDCG@5_ci95_high,nDCG@10,nDCG@10_std,nDCG@10_stderr,nDCG@10_ci90_low,nDCG@10_ci90_high,nDCG@10_ci95_low,nDCG@10_ci95_high,nDCG@100,nDCG@100_std,nDCG@100_stderr,nDCG@100_ci90_low,nDCG@100_ci90_high,nDCG@100_ci95_low,nDCG@100_ci95_high,RR@1,RR@3,RR@5,RR@10,RR@100,P@1,P@3,P@5,P@10,P@100,R@1,R@3,R@5,R@10,R@100,AP
0.671832884097035,0.4697042975580219,0.012192916040875322,0.6517647859353167,0.6919009822587533,0.647915687814602,0.6957500803794681,0.7409774718619323,0.396894620267213,0.010302870991712459,0.7240201643797787,0.7579347793440859,0.7207677216302985,0.7611872220935662,0.7632642893193572,0.3676488536097168,0.00954368871626855,0.7475565060999124,0.778972072538802,0.7445437244011516,0.7819848542375628,0.7825627547829839,0.3346938747004335,0.008688220088328069,0.7682629717779446,0.7968625377880232,0.7655202471087817,0.799605262457186,0.7997292299157827,0.2996803462189437,0.007779314176057029,0.7869253985769463,0.812533061254619,0.7844696001875267,0.8149888596440387,0.671832884097035,0.7295597484276736,0.7410489667565149,0.748939481452959,0.7523459927037399,0.671832884097035,0.2771787960467169,0.178301886792449,0.09541778975741018,0.010397574123989032,0.6513364779874213,0.7912735849056604,0.8437780772686432,0.9018980233602875,0.9782681940700808,0.7456680903141312
