{
  "nDCG@1": 0.6132075471698113,
  "nDCG@1_std": 0.48717962453772073,
  "nDCG@1_stderr": 0.012646552926375587,
  "nDCG@1_ci90_low": 0.5923928163307681,
  "nDCG@1_ci90_high": 0.6340222780088545,
  "nDCG@1_ci95_low": 0.5884005126899291,
  "nDCG@1_ci95_high": 0.6380145816496935,
  "nDCG@3": 0.6949308355738999,
  "nDCG@3_std": 0.41607112624993725,
  "nDCG@3_stderr": 0.010800668283796671,
  "nDCG@3_ci90_low": 0.677154212606534,
  "nDCG@3_ci90_high": 0.7127074585412658,
  "nDCG@3_ci95_low": 0.673744623640756,
  "nDCG@3_ci95_high": 0.7161170475070437,
  "nDCG@5": 0.7205978095585431,
  "nDCG@5_std": 0.3860680578528515,
  "nDCG@5_stderr": 0.010021827434700295,
  "nDCG@5_ci90_low": 0.7041030665417669,
  "nDCG@5_ci90_high": 0.7370925525753194,
  "nDCG@5_ci95_low": 0.7009393445071269,
  "nDCG@5_ci95_high": 0.7402562746099594,
  "nDCG@10": 0.7445130238400073,
  "nDCG@10_std": 0.3508344173465318,
  "nDCG@10_stderr": 0.009107207698961403,
  "nDCG@10_ci90_low": 0.7295236367672826,
  "nDCG@10_ci90_high": 0.759502410912732,
  "nDCG@10_ci95_low": 0.726648644770166,
  "nDCG@10_ci95_high": 0.7623774029098486,
  "nDCG@100": 0.7650471859560126,
  "nDCG@100_std": 0.31279634428401765,
  "nDCG@100_stderr": 0.008119788521365686,
  "nDCG@100_ci90_low": 0.7516829741011213,
  "nDCG@100_ci90_high": 0.778411397810904,
  "nDCG@100_ci95_low": 0.7491196936985158,
  "nDCG@100_ci95_high": 0.7809746782135094,
  "RR@1": 0.6132075471698113,
  "RR@3": 0.6802560646900275,
  "RR@5": 0.693800539083559,
  "RR@10": 0.7032735421212515,
  "RR@100": 0.7072921243073004,
  "P@1": 0.6132075471698113,
  "P@3": 0.263027852650491,
  "P@5": 0.17129380053908005,
  "P@10": 0.093598382749324,
  "P@100": 0.010377358490565853,
  "R@1": 0.596866576819407,
  "R@3": 0.7528638814016172,
  "R@5": 0.8136792452830188,
  "R@10": 0.8856132075471698,
  "R@100": 0.9772012578616351,
  "AP": 0.7020027372714832
}