{
  "nDCG@1": 0.6590296495956873,
  "nDCG@1_std": 0.47419520684824956,
  "nDCG@1_stderr": 0.012309494237429226,
  "nDCG@1_ci90_low": 0.6387696775061804,
  "nDCG@1_ci90_high": 0.6792896216851942,
  "nDCG@1_ci95_low": 0.6348837776133738,
  "nDCG@1_ci95_high": 0.6831755215780009,
  "nDCG@3": 0.7385247886760683,
  "nDCG@3_std": 0.3945122424591784,
  "nDCG@3_stderr": 0.01024102754522489,
  "nDCG@3_ci90_low": 0.7216692681947118,
  "nDCG@3_ci90_high": 0.7553803091574248,
  "nDCG@3_ci95_low": 0.7184363483791102,
  "nDCG@3_ci95_high": 0.7586132289730264,
  "nDCG@5": 0.7590293687342626,
  "nDCG@5_std": 0.36677906907024,
  "nDCG@5_stderr": 0.009521110234618225,
  "nDCG@5_ci90_low": 0.743358747026025,
  "nDCG@5_ci90_high": 0.7746999904425003,
  "nDCG@5_ci95_low": 0.7403530929734317,
  "nDCG@5_ci95_high": 0.7777056444950936,
  "nDCG@10": 0.779457234345151,
  "nDCG@10_std": 0.3331686224606153,
  "nDCG@10_stderr": 0.008648626512970239,
  "nDCG@10_ci90_low": 0.7652226176837649,
  "nDCG@10_ci90_high": 0.7936918510065372,
  "nDCG@10_ci95_low": 0.7624923920391169,
  "nDCG@10_ci95_high": 0.7964220766511851,
  "nDCG@100": 0.7979561156842787,
  "nDCG@100_std": 0.29567802772861373,
  "nDCG@100_stderr": 0.007675419164716606,
  "nDCG@100_ci90_low": 0.7853232832499787,
  "nDCG@100_ci90_high": 0.8105889481185787,
  "nDCG@100_ci95_low": 0.7829002827648144,
  "nDCG@100_ci95_high": 0.813011948603743,
  "RR@1": 0.6583557951482479,
  "RR@3": 0.7238319856244388,
  "RR@5": 0.7345799640610969,
  "RR@10": 0.7427956402686864,
  "RR@100": 0.7464501684238306,
  "P@1": 0.6590296495956873,
  "P@3": 0.27785265049415625,
  "P@5": 0.17735849056603387,
  "P@10": 0.09548517520215406,
  "P@100": 0.01047169811320736,
  "R@1": 0.6408917340521113,
  "R@3": 0.794362084456424,
  "R@5": 0.8432165318957772,
  "R@10": 0.9042565139263251,
  "R@100": 0.984613656783468,
  "AP": 0.7417087958514057
}