{
  "nDCG@1": 0.6684636118598383,
  "nDCG@1_std": 0.4709240403828907,
  "nDCG@1_stderr": 0.012224578986972273,
  "nDCG@1_ci90_low": 0.6483434002325443,
  "nDCG@1_ci90_high": 0.6885838234871322,
  "nDCG@1_ci95_low": 0.6444843066533265,
  "nDCG@1_ci95_high": 0.6924429170663501,
  "nDCG@3": 0.7475978580011275,
  "nDCG@3_std": 0.388892869580392,
  "nDCG@3_stderr": 0.010095155893486488,
  "nDCG@3_ci90_low": 0.7309824250112525,
  "nDCG@3_ci90_high": 0.7642132909910025,
  "nDCG@3_ci95_low": 0.7277955544178951,
  "nDCG@3_ci95_high": 0.76740016158436,
  "nDCG@5": 0.7668654577819897,
  "nDCG@5_std": 0.3623061320578035,
  "nDCG@5_stderr": 0.009404998575150121,
  "nDCG@5_ci90_low": 0.751385942136659,
  "nDCG@5_ci90_high": 0.7823449734273203,
  "nDCG@5_ci95_low": 0.7484169425782615,
  "nDCG@5_ci95_high": 0.7853139729857178,
  "nDCG@10": 0.7892784339915454,
  "nDCG@10_std": 0.32390353211715234,
  "nDCG@10_stderr": 0.00840811675128339,
  "nDCG@10_ci90_low": 0.7754396679609847,
  "nDCG@10_ci90_high": 0.8031172000221061,
  "nDCG@10_ci95_low": 0.772785367195063,
  "nDCG@10_ci95_high": 0.8057715007880278,
  "nDCG@100": 0.8052145639784779,
  "nDCG@100_std": 0.29037205342166494,
  "nDCG@100_stderr": 0.00753768293454793,
  "nDCG@100_ci90_low": 0.7928084290936552,
  "nDCG@100_ci90_high": 0.8176206988633006,
  "nDCG@100_ci95_low": 0.7904289096152427,
  "nDCG@100_ci95_high": 0.8200002183417131,
  "RR@1": 0.6677897574123989,
  "RR@3": 0.7325920934411505,
  "RR@5": 0.742834681042229,
  "RR@10": 0.7518512279125489,
  "RR@100": 0.7548161560383778,
  "P@1": 0.6684636118598383,
  "P@3": 0.2809973045822064,
  "P@5": 0.17884097035040036,
  "P@10": 0.09683288409703274,
  "P@100": 0.010498652291104934,
  "R@1": 0.649651841868823,
  "R@3": 0.8041329739442946,
  "R@5": 0.8499550763701706,
  "R@10": 0.9167228212039532,
  "R@100": 0.9873090745732254,
  "AP": 0.7501126580414178
}