nDCG@1,nDCG@1_std,nDCG@1_stderr,nDCG@1_ci90_low,nDCG@1_ci90_high,nDCG@1_ci95_low,nDCG@1_ci95_high,nDCG@3,nDCG@3_std,nDCG@3_stderr,nDCG@3_ci90_low,nDCG@3_ci90_high,nDCG@3_ci95_low,nDCG@3_ci95_high,nDCG@5,nDCG@5_std,nDCG@5_stderr,nDCG@5_ci90_low,nDCG@5_ci90_high,nDCG@5_ci95_low,nDCG@5_ci95_high,nDCG@10,nDCG@10_std,nDCG@10_stderr,nDCG@10_ci90_low,nDCG@10_ci90_high,nDCG@10_ci95_low,nDCG@10_ci95_high,nDCG@100,nDCG@100_std,nDCG@100_stderr,nDCG@100_ci90_low,nDCG@100_ci90_high,nDCG@100_ci95_low,nDCG@100_ci95_high,RR@1,RR@3,RR@5,RR@10,RR@100,P@1,P@3,P@5,P@10,P@100,R@1,R@3,R@5,R@10,R@100,AP
0.6563342318059299,0.4750912594457717,0.012332754603890843,0.6360359759034396,0.6766324877084201,0.6321427331049216,0.6805257305069381,0.7373686133415936,0.3946382108838231,0.01024429752259891,0.7205077108641086,0.7542295158190787,0.7172737587717551,0.7574634679114322,0.7599259691439982,0.36443115212938276,0.009460161347670295,0.7443556620973246,0.7754962761906719,0.7413692485812383,0.7784826897067582,0.7801109842181347,0.33050670345212757,0.008579526538482372,0.7659900979446513,0.7942318704916181,0.7632816859974857,0.7969402824387838,0.7978983338540538,0.29376267822814134,0.007625699169030793,0.7853473346539595,0.8104493330541482,0.7829400299335585,0.8128566377745492,0.6556603773584906,0.7219227313566938,0.7340858041329745,0.7421905082787833,0.7456943191711765,0.6563342318059299,0.2778526504941562,0.17870619946091257,0.09595687331536162,0.010485175202156147,0.6383086253369272,0.7944743935309974,0.8474842767295596,0.9083557951482479,0.9866352201257861,0.7409600693580275
