nDCG@1,nDCG@1_std,nDCG@1_stderr,nDCG@1_ci90_low,nDCG@1_ci90_high,nDCG@1_ci95_low,nDCG@1_ci95_high,nDCG@3,nDCG@3_std,nDCG@3_stderr,nDCG@3_ci90_low,nDCG@3_ci90_high,nDCG@3_ci95_low,nDCG@3_ci95_high,nDCG@5,nDCG@5_std,nDCG@5_stderr,nDCG@5_ci90_low,nDCG@5_ci90_high,nDCG@5_ci95_low,nDCG@5_ci95_high,nDCG@10,nDCG@10_std,nDCG@10_stderr,nDCG@10_ci90_low,nDCG@10_ci90_high,nDCG@10_ci95_low,nDCG@10_ci95_high,nDCG@100,nDCG@100_std,nDCG@100_stderr,nDCG@100_ci90_low,nDCG@100_ci90_high,nDCG@100_ci95_low,nDCG@100_ci95_high,RR@1,RR@3,RR@5,RR@10,RR@100,P@1,P@3,P@5,P@10,P@100,R@1,R@3,R@5,R@10,R@100,AP
0.6320754716981132,0.48240323836790533,0.01252256411926836,0.6114648117756285,0.6526861316205979,0.6075116493117504,0.656639294084476,0.7235656775157239,0.3961440500812679,0.010283387160485893,0.706640438116079,0.7404909169153687,0.703394146083778,0.7437372089476697,0.7419817367619728,0.37280154489950074,0.009677445917570554,0.7260538050041007,0.7579096685198449,0.7229987984109473,0.7609646751129983,0.7628107696707849,0.339696433377932,0.008818080041199283,0.7482972525374403,0.7773242868041295,0.7455135332695385,0.7801080060720312,0.7841630167045137,0.29788874297396195,0.007732806473108189,0.7714357315458467,0.7968903018631808,0.7689946148545064,0.7993314185545211,0.6320754716981132,0.7063117699910157,0.7161837376460026,0.7245339173405212,0.7289001632891636,0.6320754716981132,0.27583108715183824,0.1753369272237159,0.0944743935309951,0.010505390835579326,0.6136006289308176,0.7893643306379154,0.8327717879604671,0.8949348607367474,0.9879829290206648,0.7228216474405408
