{
  "nDCG@1": 0.6401617250673854,
  "nDCG@1_std": 0.48011459156016534,
  "nDCG@1_stderr": 0.01246315380831513,
  "nDCG@1_ci90_low": 0.6196488474922925,
  "nDCG@1_ci90_high": 0.6606746026424783,
  "nDCG@1_ci95_low": 0.6157144398624078,
  "nDCG@1_ci95_high": 0.6646090102723631,
  "nDCG@3": 0.7202003694660022,
  "nDCG@3_std": 0.40408026266193553,
  "nDCG@3_stderr": 0.010489400974244252,
  "nDCG@3_ci90_low": 0.7029360556871593,
  "nDCG@3_ci90_high": 0.737464683244845,
  "nDCG@3_ci95_low": 0.6996247285655721,
  "nDCG@3_ci95_high": 0.7407760103664323,
  "nDCG@5": 0.7432383233561003,
  "nDCG@5_std": 0.3749363689774246,
  "nDCG@5_stderr": 0.009732863189414761,
  "nDCG@5_ci90_low": 0.727219181321089,
  "nDCG@5_ci90_high": 0.7592574653911116,
  "nDCG@5_ci95_low": 0.7241466804290988,
  "nDCG@5_ci95_high": 0.7623299662831018,
  "nDCG@10": 0.7620542339787585,
  "nDCG@10_std": 0.34583865717844675,
  "nDCG@10_stderr": 0.008977524226601252,
  "nDCG@10_ci90_low": 0.7472782905682842,
  "nDCG@10_ci90_high": 0.7768301773892328,
  "nDCG@10_ci95_low": 0.7444442374579832,
  "nDCG@10_ci95_high": 0.7796642304995338,
  "nDCG@100": 0.7833013167609224,
  "nDCG@100_std": 0.30464224524701455,
  "nDCG@100_stderr": 0.007908118657019002,
  "nDCG@100_ci90_low": 0.7702854884757487,
  "nDCG@100_ci90_high": 0.7963171450460961,
  "nDCG@100_ci95_low": 0.7677890286822853,
  "nDCG@100_ci95_high": 0.7988136048395595,
  "RR@1": 0.6401617250673854,
  "RR@3": 0.7066486972147357,
  "RR@5": 0.718306379155437,
  "RR@10": 0.7258171822188001,
  "RR@100": 0.7300593693864994,
  "P@1": 0.6401617250673854,
  "P@3": 0.271114106019763,
  "P@5": 0.17520215633422806,
  "P@10": 0.09373315363881186,
  "P@100": 0.010444743935309786,
  "R@1": 0.6220238095238094,
  "R@3": 0.7764487870619946,
  "R@5": 0.8315363881401617,
  "R@10": 0.8878593890386343,
  "R@100": 0.9822551662174303,
  "AP": 0.7241203844422632
}