nDCG@1,nDCG@1_std,nDCG@1_stderr,nDCG@1_ci90_low,nDCG@1_ci90_high,nDCG@1_ci95_low,nDCG@1_ci95_high,nDCG@3,nDCG@3_std,nDCG@3_stderr,nDCG@3_ci90_low,nDCG@3_ci90_high,nDCG@3_ci95_low,nDCG@3_ci95_high,nDCG@5,nDCG@5_std,nDCG@5_stderr,nDCG@5_ci90_low,nDCG@5_ci90_high,nDCG@5_ci95_low,nDCG@5_ci95_high,nDCG@10,nDCG@10_std,nDCG@10_stderr,nDCG@10_ci90_low,nDCG@10_ci90_high,nDCG@10_ci95_low,nDCG@10_ci95_high,nDCG@100,nDCG@100_std,nDCG@100_stderr,nDCG@100_ci90_low,nDCG@100_ci90_high,nDCG@100_ci95_low,nDCG@100_ci95_high,RR@1,RR@3,RR@5,RR@10,RR@100,P@1,P@3,P@5,P@10,P@100,R@1,R@3,R@5,R@10,R@100,AP
0.5977088948787062,0.49052534228573397,0.01273340343170432,0.5767512183767478,0.6186665713806645,0.5727314974949695,0.6226862922624428,0.6831233224358522,0.4183665213626349,0.010860253772018227,0.665248628800023,0.7009980160716813,0.6618202296997402,0.7044264151719641,0.7061040403009131,0.3928028390001544,0.010196653642400876,0.6893215540170123,0.7228865265848139,0.6861026422947492,0.7261054383070771,0.7296427081516748,0.35958984299860064,0.009334487224468863,0.7142792458525856,0.7450061704507639,0.7113325055393505,0.7479529107639991,0.7542944514216128,0.31587090962382547,0.008199600260890661,0.7407988788800838,0.7677900239631418,0.7382104032562871,0.7703784995869385,0.5977088948787062,0.6682389937106926,0.6802336028751136,0.6896338724168922,0.6943795412593876,0.5977088948787062,0.25988319856244085,0.16805929919137125,0.09177897574123783,0.010417789757412213,0.5804132973944294,0.7445530098831985,0.7987421383647798,0.8696653189577718,0.9805705300988319,0.6878128558286962
