{
  "nDCG@1": 0.6522911051212938,
  "nDCG@1_std": 0.4764035658423021,
  "nDCG@1_stderr": 0.01236682038058479,
  "nDCG@1_ci90_low": 0.6319367809781664,
  "nDCG@1_ci90_high": 0.6726454292644213,
  "nDCG@1_ci95_low": 0.628032784188018,
  "nDCG@1_ci95_high": 0.6765494260545697,
  "nDCG@3": 0.7341458340490379,
  "nDCG@3_std": 0.39638181631736696,
  "nDCG@3_stderr": 0.01028955926444403,
  "nDCG@3_ci90_low": 0.7172104360960428,
  "nDCG@3_ci90_high": 0.7510812320020329,
  "nDCG@3_ci95_low": 0.7139621956345337,
  "nDCG@3_ci95_high": 0.7543294724635421,
  "nDCG@5": 0.7557842687280613,
  "nDCG@5_std": 0.3673995211222507,
  "nDCG@5_stderr": 0.009537216367384919,
  "nDCG@5_ci90_low": 0.7400871382296144,
  "nDCG@5_ci90_high": 0.7714813992265082,
  "nDCG@5_ci95_low": 0.737076399742325,
  "nDCG@5_ci95_high": 0.7744921377137975,
  "nDCG@10": 0.7754305046258116,
  "nDCG@10_std": 0.33570562773101276,
  "nDCG@10_stderr": 0.00871448388838289,
  "nDCG@10_ci90_low": 0.7610874945112086,
  "nDCG@10_ci90_high": 0.7897735147404147,
  "nDCG@10_ci95_low": 0.7583364788029625,
  "nDCG@10_ci95_high": 0.7925245304486608,
  "nDCG@100": 0.7949337778966686,
  "nDCG@100_std": 0.2963122450756366,
  "nDCG@100_stderr": 0.007691882626737541,
  "nDCG@100_ci90_low": 0.782273848550456,
  "nDCG@100_ci90_high": 0.8075937072428813,
  "nDCG@100_ci95_low": 0.7798456508277717,
  "nDCG@100_ci95_high": 0.8100219049655656,
  "RR@1": 0.6516172506738545,
  "RR@3": 0.7192273135669366,
  "RR@5": 0.730682839173406,
  "RR@10": 0.7384027510375223,
  "RR@100": 0.7423914116650455,
  "P@1": 0.6522911051212938,
  "P@3": 0.27628032345013115,
  "P@5": 0.17722371967654596,
  "P@10": 0.09514824797843442,
  "P@100": 0.010478436657681754,
  "R@1": 0.6346024258760108,
  "R@3": 0.7904874213836477,
  "R@5": 0.8418688230008984,
  "R@10": 0.9004941599281221,
  "R@100": 0.9852875112309074,
  "AP": 0.7376822460935978
}