nDCG@1,nDCG@1_std,nDCG@1_stderr,nDCG@1_ci90_low,nDCG@1_ci90_high,nDCG@1_ci95_low,nDCG@1_ci95_high,nDCG@3,nDCG@3_std,nDCG@3_stderr,nDCG@3_ci90_low,nDCG@3_ci90_high,nDCG@3_ci95_low,nDCG@3_ci95_high,nDCG@5,nDCG@5_std,nDCG@5_stderr,nDCG@5_ci90_low,nDCG@5_ci90_high,nDCG@5_ci95_low,nDCG@5_ci95_high,nDCG@10,nDCG@10_std,nDCG@10_stderr,nDCG@10_ci90_low,nDCG@10_ci90_high,nDCG@10_ci95_low,nDCG@10_ci95_high,nDCG@100,nDCG@100_std,nDCG@100_stderr,nDCG@100_ci90_low,nDCG@100_ci90_high,nDCG@100_ci95_low,nDCG@100_ci95_high,RR@1,RR@3,RR@5,RR@10,RR@100,P@1,P@3,P@5,P@10,P@100,R@1,R@3,R@5,R@10,R@100,AP
0.6367924528301887,0.48108604664037447,0.012488371525700414,0.6162380698739216,0.6573468357864558,0.6122957014356238,0.6612892042247536,0.7194074463225368,0.40355960969782706,0.010475885496717621,0.7021653774216869,0.7366495152233867,0.6988583169085938,0.7399565757364799,0.7406903719428429,0.37661498948548194,0.009776438006646886,0.7245995109107793,0.7567812329749065,0.721513254183306,0.7598674897023798,0.7607498282239482,0.3458648237515153,0.008978203476993808,0.7459727668476396,0.7755268896002568,0.7431384993094363,0.7783611571384601,0.7818071042262613,0.30515703733093874,0.007921481993676613,0.7687692814689766,0.794844926983546,0.7662686030953275,0.7973456053571951,0.637466307277628,0.7053009883198571,0.716284815813119,0.7239929619646603,0.7282404587663255,0.6367924528301887,0.27156334231805584,0.17439353099730087,0.09380053908355578,0.010444743935309786,0.6194407008086253,0.7770103324348607,0.8278301886792453,0.8880278526504941,0.9819182389937106,0.7223143933458597
