nDCG@1,nDCG@1_std,nDCG@1_stderr,nDCG@1_ci90_low,nDCG@1_ci90_high,nDCG@1_ci95_low,nDCG@1_ci95_high,nDCG@3,nDCG@3_std,nDCG@3_stderr,nDCG@3_ci90_low,nDCG@3_ci90_high,nDCG@3_ci95_low,nDCG@3_ci95_high,nDCG@5,nDCG@5_std,nDCG@5_stderr,nDCG@5_ci90_low,nDCG@5_ci90_high,nDCG@5_ci95_low,nDCG@5_ci95_high,nDCG@10,nDCG@10_std,nDCG@10_stderr,nDCG@10_ci90_low,nDCG@10_ci90_high,nDCG@10_ci95_low,nDCG@10_ci95_high,nDCG@100,nDCG@100_std,nDCG@100_stderr,nDCG@100_ci90_low,nDCG@100_ci90_high,nDCG@100_ci95_low,nDCG@100_ci95_high,RR@1,RR@3,RR@5,RR@10,RR@100,P@1,P@3,P@5,P@10,P@100,R@1,R@3,R@5,R@10,R@100,AP
0.6590296495956873,0.47419520684824956,0.012309494237429226,0.6387696775061804,0.6792896216851942,0.6348837776133738,0.6831755215780009,0.7385247886760683,0.3945122424591784,0.01024102754522489,0.7216692681947118,0.7553803091574248,0.7184363483791102,0.7586132289730264,0.7590293687342626,0.36677906907024,0.009521110234618225,0.743358747026025,0.7746999904425003,0.7403530929734317,0.7777056444950936,0.779457234345151,0.3331686224606153,0.008648626512970239,0.7652226176837649,0.7936918510065372,0.7624923920391169,0.7964220766511851,0.7979561156842787,0.29567802772861373,0.007675419164716606,0.7853232832499787,0.8105889481185787,0.7829002827648144,0.813011948603743,0.6583557951482479,0.7238319856244388,0.7345799640610969,0.7427956402686864,0.7464501684238306,0.6590296495956873,0.27785265049415625,0.17735849056603387,0.09548517520215406,0.01047169811320736,0.6408917340521113,0.794362084456424,0.8432165318957772,0.9042565139263251,0.984613656783468,0.7417087958514057
