{
  "nDCG@1": 0.5977088948787062,
  "nDCG@1_std": 0.49052534228573397,
  "nDCG@1_stderr": 0.01273340343170432,
  "nDCG@1_ci90_low": 0.5767512183767478,
  "nDCG@1_ci90_high": 0.6186665713806645,
  "nDCG@1_ci95_low": 0.5727314974949695,
  "nDCG@1_ci95_high": 0.6226862922624428,
  "nDCG@3": 0.6831233224358522,
  "nDCG@3_std": 0.4183665213626349,
  "nDCG@3_stderr": 0.010860253772018227,
  "nDCG@3_ci90_low": 0.665248628800023,
  "nDCG@3_ci90_high": 0.7009980160716813,
  "nDCG@3_ci95_low": 0.6618202296997402,
  "nDCG@3_ci95_high": 0.7044264151719641,
  "nDCG@5": 0.7061040403009131,
  "nDCG@5_std": 0.3928028390001544,
  "nDCG@5_stderr": 0.010196653642400876,
  "nDCG@5_ci90_low": 0.6893215540170123,
  "nDCG@5_ci90_high": 0.7228865265848139,
  "nDCG@5_ci95_low": 0.6861026422947492,
  "nDCG@5_ci95_high": 0.7261054383070771,
  "nDCG@10": 0.7296427081516748,
  "nDCG@10_std": 0.35958984299860064,
  "nDCG@10_stderr": 0.009334487224468863,
  "nDCG@10_ci90_low": 0.7142792458525856,
  "nDCG@10_ci90_high": 0.7450061704507639,
  "nDCG@10_ci95_low": 0.7113325055393505,
  "nDCG@10_ci95_high": 0.7479529107639991,
  "nDCG@100": 0.7542944514216128,
  "nDCG@100_std": 0.31587090962382547,
  "nDCG@100_stderr": 0.008199600260890661,
  "nDCG@100_ci90_low": 0.7407988788800838,
  "nDCG@100_ci90_high": 0.7677900239631418,
  "nDCG@100_ci95_low": 0.7382104032562871,
  "nDCG@100_ci95_high": 0.7703784995869385,
  "RR@1": 0.5977088948787062,
  "RR@3": 0.6682389937106926,
  "RR@5": 0.6802336028751136,
  "RR@10": 0.6896338724168922,
  "RR@100": 0.6943795412593876,
  "P@1": 0.5977088948787062,
  "P@3": 0.25988319856244085,
  "P@5": 0.16805929919137125,
  "P@10": 0.09177897574123783,
  "P@100": 0.010417789757412213,
  "R@1": 0.5804132973944294,
  "R@3": 0.7445530098831985,
  "R@5": 0.7987421383647798,
  "R@10": 0.8696653189577718,
  "R@100": 0.9805705300988319,
  "AP": 0.6878128558286962
}