{
  "nDCG@1": 0.6367924528301887,
  "nDCG@1_std": 0.48108604664037447,
  "nDCG@1_stderr": 0.012488371525700414,
  "nDCG@1_ci90_low": 0.6162380698739216,
  "nDCG@1_ci90_high": 0.6573468357864558,
  "nDCG@1_ci95_low": 0.6122957014356238,
  "nDCG@1_ci95_high": 0.6612892042247536,
  "nDCG@3": 0.7194074463225368,
  "nDCG@3_std": 0.40355960969782706,
  "nDCG@3_stderr": 0.010475885496717621,
  "nDCG@3_ci90_low": 0.7021653774216869,
  "nDCG@3_ci90_high": 0.7366495152233867,
  "nDCG@3_ci95_low": 0.6988583169085938,
  "nDCG@3_ci95_high": 0.7399565757364799,
  "nDCG@5": 0.7406903719428429,
  "nDCG@5_std": 0.37661498948548194,
  "nDCG@5_stderr": 0.009776438006646886,
  "nDCG@5_ci90_low": 0.7245995109107793,
  "nDCG@5_ci90_high": 0.7567812329749065,
  "nDCG@5_ci95_low": 0.721513254183306,
  "nDCG@5_ci95_high": 0.7598674897023798,
  "nDCG@10": 0.7607498282239482,
  "nDCG@10_std": 0.3458648237515153,
  "nDCG@10_stderr": 0.008978203476993808,
  "nDCG@10_ci90_low": 0.7459727668476396,
  "nDCG@10_ci90_high": 0.7755268896002568,
  "nDCG@10_ci95_low": 0.7431384993094363,
  "nDCG@10_ci95_high": 0.7783611571384601,
  "nDCG@100": 0.7818071042262613,
  "nDCG@100_std": 0.30515703733093874,
  "nDCG@100_stderr": 0.007921481993676613,
  "nDCG@100_ci90_low": 0.7687692814689766,
  "nDCG@100_ci90_high": 0.794844926983546,
  "nDCG@100_ci95_low": 0.7662686030953275,
  "nDCG@100_ci95_high": 0.7973456053571951,
  "RR@1": 0.637466307277628,
  "RR@3": 0.7053009883198571,
  "RR@5": 0.716284815813119,
  "RR@10": 0.7239929619646603,
  "RR@100": 0.7282404587663255,
  "P@1": 0.6367924528301887,
  "P@3": 0.27156334231805584,
  "P@5": 0.17439353099730087,
  "P@10": 0.09380053908355578,
  "P@100": 0.010444743935309786,
  "R@1": 0.6194407008086253,
  "R@3": 0.7770103324348607,
  "R@5": 0.8278301886792453,
  "R@10": 0.8880278526504941,
  "R@100": 0.9819182389937106,
  "AP": 0.7223143933458597
}