nDCG@1,nDCG@1_std,nDCG@1_stderr,nDCG@1_ci90_low,nDCG@1_ci90_high,nDCG@1_ci95_low,nDCG@1_ci95_high,nDCG@3,nDCG@3_std,nDCG@3_stderr,nDCG@3_ci90_low,nDCG@3_ci90_high,nDCG@3_ci95_low,nDCG@3_ci95_high,nDCG@5,nDCG@5_std,nDCG@5_stderr,nDCG@5_ci90_low,nDCG@5_ci90_high,nDCG@5_ci95_low,nDCG@5_ci95_high,nDCG@10,nDCG@10_std,nDCG@10_stderr,nDCG@10_ci90_low,nDCG@10_ci90_high,nDCG@10_ci95_low,nDCG@10_ci95_high,nDCG@100,nDCG@100_std,nDCG@100_stderr,nDCG@100_ci90_low,nDCG@100_ci90_high,nDCG@100_ci95_low,nDCG@100_ci95_high,RR@1,RR@3,RR@5,RR@10,RR@100,P@1,P@3,P@5,P@10,P@100,R@1,R@3,R@5,R@10,R@100,AP
0.6132075471698113,0.48717962453772073,0.012646552926375587,0.5923928163307681,0.6340222780088545,0.5884005126899291,0.6380145816496935,0.6949308355738999,0.41607112624993725,0.010800668283796671,0.677154212606534,0.7127074585412658,0.673744623640756,0.7161170475070437,0.7205978095585431,0.3860680578528515,0.010021827434700295,0.7041030665417669,0.7370925525753194,0.7009393445071269,0.7402562746099594,0.7445130238400073,0.3508344173465318,0.009107207698961403,0.7295236367672826,0.759502410912732,0.726648644770166,0.7623774029098486,0.7650471859560126,0.31279634428401765,0.008119788521365686,0.7516829741011213,0.778411397810904,0.7491196936985158,0.7809746782135094,0.6132075471698113,0.6802560646900275,0.693800539083559,0.7032735421212515,0.7072921243073004,0.6132075471698113,0.263027852650491,0.17129380053908005,0.093598382749324,0.010377358490565853,0.596866576819407,0.7528638814016172,0.8136792452830188,0.8856132075471698,0.9772012578616351,0.7020027372714832
