nDCG@1,nDCG@1_std,nDCG@1_stderr,nDCG@1_ci90_low,nDCG@1_ci90_high,nDCG@1_ci95_low,nDCG@1_ci95_high,nDCG@3,nDCG@3_std,nDCG@3_stderr,nDCG@3_ci90_low,nDCG@3_ci90_high,nDCG@3_ci95_low,nDCG@3_ci95_high,nDCG@5,nDCG@5_std,nDCG@5_stderr,nDCG@5_ci90_low,nDCG@5_ci90_high,nDCG@5_ci95_low,nDCG@5_ci95_high,nDCG@10,nDCG@10_std,nDCG@10_stderr,nDCG@10_ci90_low,nDCG@10_ci90_high,nDCG@10_ci95_low,nDCG@10_ci95_high,nDCG@100,nDCG@100_std,nDCG@100_stderr,nDCG@100_ci90_low,nDCG@100_ci90_high,nDCG@100_ci95_low,nDCG@100_ci95_high,RR@1,RR@3,RR@5,RR@10,RR@100,P@1,P@3,P@5,P@10,P@100,R@1,R@3,R@5,R@10,R@100,AP
0.6684636118598383,0.4709240403828907,0.012224578986972273,0.6483434002325443,0.6885838234871322,0.6444843066533265,0.6924429170663501,0.7475978580011275,0.388892869580392,0.010095155893486488,0.7309824250112525,0.7642132909910025,0.7277955544178951,0.76740016158436,0.7668654577819897,0.3623061320578035,0.009404998575150121,0.751385942136659,0.7823449734273203,0.7484169425782615,0.7853139729857178,0.7892784339915454,0.32390353211715234,0.00840811675128339,0.7754396679609847,0.8031172000221061,0.772785367195063,0.8057715007880278,0.8052145639784779,0.29037205342166494,0.00753768293454793,0.7928084290936552,0.8176206988633006,0.7904289096152427,0.8200002183417131,0.6677897574123989,0.7325920934411505,0.742834681042229,0.7518512279125489,0.7548161560383778,0.6684636118598383,0.2809973045822064,0.17884097035040036,0.09683288409703274,0.010498652291104934,0.649651841868823,0.8041329739442946,0.8499550763701706,0.9167228212039532,0.9873090745732254,0.7501126580414178
