nDCG@1,nDCG@1_std,nDCG@1_stderr,nDCG@1_ci90_low,nDCG@1_ci90_high,nDCG@1_ci95_low,nDCG@1_ci95_high,nDCG@3,nDCG@3_std,nDCG@3_stderr,nDCG@3_ci90_low,nDCG@3_ci90_high,nDCG@3_ci95_low,nDCG@3_ci95_high,nDCG@5,nDCG@5_std,nDCG@5_stderr,nDCG@5_ci90_low,nDCG@5_ci90_high,nDCG@5_ci95_low,nDCG@5_ci95_high,nDCG@10,nDCG@10_std,nDCG@10_stderr,nDCG@10_ci90_low,nDCG@10_ci90_high,nDCG@10_ci95_low,nDCG@10_ci95_high,nDCG@100,nDCG@100_std,nDCG@100_stderr,nDCG@100_ci90_low,nDCG@100_ci90_high,nDCG@100_ci95_low,nDCG@100_ci95_high,RR@1,RR@3,RR@5,RR@10,RR@100,P@1,P@3,P@5,P@10,P@100,R@1,R@3,R@5,R@10,R@100,AP
0.6293800539083558,0.48313361658005194,0.012541523792971769,0.6087381886046713,0.6500219192120403,0.6047790408913108,0.6539810669254008,0.7101243324828448,0.4087304366207549,0.0106101134755991,0.6926613401993347,0.7275873247663549,0.6893119061753006,0.730936758790389,0.7319049772730971,0.3822655575137848,0.009923119444118386,0.7155726959379812,0.748237258608213,0.712440134352554,0.7513698201936402,0.7513573318826829,0.3531129270002169,0.00916635486250694,0.7362705955720861,0.7664440681932798,0.7333769318121782,0.7693377319531877,0.773824811175347,0.3112317709823355,0.008079174222100414,0.7605274456549742,0.7871221766957197,0.75797698650222,0.7896726358484739,0.6293800539083558,0.6963162623539989,0.7074348607367487,0.7149750780815476,0.7195718906353737,0.6293800539083558,0.26819407008085927,0.17264150943395865,0.09272237196765286,0.010397574123989032,0.6113544474393531,0.7673517520215634,0.8194070080862533,0.8782569631626235,0.9782120395327941,0.7134072932328251
