nDCG@1,nDCG@1_std,nDCG@1_stderr,nDCG@1_ci90_low,nDCG@1_ci90_high,nDCG@1_ci95_low,nDCG@1_ci95_high,nDCG@3,nDCG@3_std,nDCG@3_stderr,nDCG@3_ci90_low,nDCG@3_ci90_high,nDCG@3_ci95_low,nDCG@3_ci95_high,nDCG@5,nDCG@5_std,nDCG@5_stderr,nDCG@5_ci90_low,nDCG@5_ci90_high,nDCG@5_ci95_low,nDCG@5_ci95_high,nDCG@10,nDCG@10_std,nDCG@10_stderr,nDCG@10_ci90_low,nDCG@10_ci90_high,nDCG@10_ci95_low,nDCG@10_ci95_high,nDCG@100,nDCG@100_std,nDCG@100_stderr,nDCG@100_ci90_low,nDCG@100_ci90_high,nDCG@100_ci95_low,nDCG@100_ci95_high,RR@1,RR@3,RR@5,RR@10,RR@100,P@1,P@3,P@5,P@10,P@100,R@1,R@3,R@5,R@10,R@100,AP
0.6401617250673854,0.48011459156016534,0.01246315380831513,0.6196488474922925,0.6606746026424783,0.6157144398624078,0.6646090102723631,0.7202003694660022,0.40408026266193553,0.010489400974244252,0.7029360556871593,0.737464683244845,0.6996247285655721,0.7407760103664323,0.7432383233561003,0.3749363689774246,0.009732863189414761,0.727219181321089,0.7592574653911116,0.7241466804290988,0.7623299662831018,0.7620542339787585,0.34583865717844675,0.008977524226601252,0.7472782905682842,0.7768301773892328,0.7444442374579832,0.7796642304995338,0.7833013167609224,0.30464224524701455,0.007908118657019002,0.7702854884757487,0.7963171450460961,0.7677890286822853,0.7988136048395595,0.6401617250673854,0.7066486972147357,0.718306379155437,0.7258171822188001,0.7300593693864994,0.6401617250673854,0.271114106019763,0.17520215633422806,0.09373315363881186,0.010444743935309786,0.6220238095238094,0.7764487870619946,0.8315363881401617,0.8878593890386343,0.9822551662174303,0.7241203844422632
