{
  "nDCG@1": 0.7479784366576819,
  "nDCG@1_std": 0.43431993585648626,
  "nDCG@1_stderr": 0.011274383777854047,
  "nDCG@1_ci90_low": 0.7294221339973204,
  "nDCG@1_ci90_high": 0.7665347393180435,
  "nDCG@1_ci95_low": 0.7258630010330587,
  "nDCG@1_ci95_high": 0.7700938722823052,
  "nDCG@3": 0.8208606563245651,
  "nDCG@3_std": 0.3346221155932092,
  "nDCG@3_stderr": 0.008686357314719007,
  "nDCG@3_ci90_low": 0.8065639392246393,
  "nDCG@3_ci90_high": 0.8351573734244908,
  "nDCG@3_ci95_low": 0.8038218026017137,
  "nDCG@3_ci95_high": 0.8378995100474165,
  "nDCG@5": 0.8401688224028292,
  "nDCG@5_std": 0.2987672256733089,
  "nDCG@5_stderr": 0.007755610747738389,
  "nDCG@5_ci90_low": 0.827404004104407,
  "nDCG@5_ci90_high": 0.8529336407012514,
  "nDCG@5_ci95_low": 0.8249556884878605,
  "nDCG@5_ci95_high": 0.8553819563177979,
  "nDCG@10": 0.8545218532692729,
  "nDCG@10_std": 0.26674824815324655,
  "nDCG@10_stderr": 0.006924439505221563,
  "nDCG@10_ci90_low": 0.8431250445616743,
  "nDCG@10_ci90_high": 0.8659186619768715,
  "nDCG@10_ci95_low": 0.8409391156996038,
  "nDCG@10_ci95_high": 0.868104590838942,
  "nDCG@100": 0.8630763224156197,
  "nDCG@100_std": 0.24328728443369296,
  "nDCG@100_stderr": 0.0063154232318816264,
  "nDCG@100_ci90_low": 0.8526818824862935,
  "nDCG@100_ci90_high": 0.8734707623449459,
  "nDCG@100_ci95_low": 0.8506882097986557,
  "nDCG@100_ci95_high": 0.8754644350325838,
  "RR@1": 0.7479784366576819,
  "RR@3": 0.808288409703504,
  "RR@5": 0.8183288409703506,
  "RR@10": 0.8236351773413769,
  "RR@100": 0.8253678394194786,
  "P@1": 0.7479784366576819,
  "P@3": 0.30525606469002203,
  "P@5": 0.19366576819406542,
  "P@10": 0.10175202156333975,
  "P@100": 0.010606469002695228,
  "R@1": 0.7265835579514824,
  "R@3": 0.8730345911949686,
  "R@5": 0.9186882300089847,
  "R@10": 0.9615341419586703,
  "R@100": 0.9974168912848157,
  "AP": 0.8198545842533971
}