nDCG@1,nDCG@1_std,nDCG@1_stderr,nDCG@1_ci90_low,nDCG@1_ci90_high,nDCG@1_ci95_low,nDCG@1_ci95_high,nDCG@3,nDCG@3_std,nDCG@3_stderr,nDCG@3_ci90_low,nDCG@3_ci90_high,nDCG@3_ci95_low,nDCG@3_ci95_high,nDCG@5,nDCG@5_std,nDCG@5_stderr,nDCG@5_ci90_low,nDCG@5_ci90_high,nDCG@5_ci95_low,nDCG@5_ci95_high,nDCG@10,nDCG@10_std,nDCG@10_stderr,nDCG@10_ci90_low,nDCG@10_ci90_high,nDCG@10_ci95_low,nDCG@10_ci95_high,nDCG@100,nDCG@100_std,nDCG@100_stderr,nDCG@100_ci90_low,nDCG@100_ci90_high,nDCG@100_ci95_low,nDCG@100_ci95_high,RR@1,RR@3,RR@5,RR@10,RR@100,P@1,P@3,P@5,P@10,P@100,R@1,R@3,R@5,R@10,R@100,AP
0.7311320754716981,0.44352059472534183,0.011513220981796881,0.7121826750128012,0.750081475930595,0.7085481451681073,0.753716005775289,0.8080545207989632,0.3443379060225147,0.008938566667690976,0.7933426969242695,0.822766344673657,0.7905209420588089,0.8255880995391176,0.8287168295793355,0.3077140828424252,0.007987859587827537,0.8155697571502992,0.8418639020083717,0.813048124488763,0.844385534669908,0.8423201925634098,0.2792159042933812,0.007248083732735549,0.8303907037237206,0.8542496814030991,0.8281026058330332,0.8565377792937865,0.8532012797246749,0.25071062000065175,0.006508123421728179,0.84248967806696,0.8639128813823898,0.8404351731767454,0.8659673862726043,0.7304582210242587,0.7941374663072781,0.8047169811320761,0.8099449685534595,0.8122661917471854,0.7311320754716981,0.30188679245282546,0.19204851752021113,0.10067385444743683,0.010599730458220834,0.710411051212938,0.8623090745732254,0.9118935309973046,0.9517632524707997,0.9967430368373763,0.8074373044111071
