{
  "nDCG@1": 0.7378706199460916,
  "nDCG@1_std": 0.4399408952816506,
  "nDCG@1_stderr": 0.011420296614284352,
  "nDCG@1_ci90_low": 0.7190741620091152,
  "nDCG@1_ci90_high": 0.756667077883068,
  "nDCG@1_ci95_low": 0.715468966821296,
  "nDCG@1_ci95_high": 0.7602722730708872,
  "nDCG@3": 0.8120134201924324,
  "nDCG@3_std": 0.3420110684754384,
  "nDCG@3_stderr": 0.008878164974541143,
  "nDCG@3_ci90_low": 0.7974010103630089,
  "nDCG@3_ci90_high": 0.8266258300218559,
  "nDCG@3_ci95_low": 0.7945983232941944,
  "nDCG@3_ci95_high": 0.8294285170906703,
  "nDCG@5": 0.8329768285265413,
  "nDCG@5_std": 0.305044628986607,
  "nDCG@5_stderr": 0.007918564018448674,
  "nDCG@5_ci90_low": 0.8199438084114721,
  "nDCG@5_ci90_high": 0.8460098486416106,
  "nDCG@5_ci95_low": 0.8174440511934291,
  "nDCG@5_ci95_high": 0.8485096058596535,
  "nDCG@10": 0.8465398511000023,
  "nDCG@10_std": 0.27540211202534287,
  "nDCG@10_stderr": 0.0071490826182827125,
  "nDCG@10_ci90_low": 0.8347733063892071,
  "nDCG@10_ci90_high": 0.8583063958107975,
  "nDCG@10_ci95_low": 0.8325164614819989,
  "nDCG@10_ci95_high": 0.8605632407180057,
  "nDCG@100": 0.8565720440775464,
  "nDCG@100_std": 0.2492424290447896,
  "nDCG@100_stderr": 0.006470011083497787,
  "nDCG@100_ci90_low": 0.8459231708223084,
  "nDCG@100_ci90_high": 0.8672209173327844,
  "nDCG@100_ci95_low": 0.8438806973550093,
  "nDCG@100_ci95_high": 0.8692633908000835,
  "RR@1": 0.7378706199460916,
  "RR@3": 0.7994159928122192,
  "RR@5": 0.8102987421383651,
  "RR@10": 0.8156885081076456,
  "RR@100": 0.8175514904145246,
  "P@1": 0.7378706199460916,
  "P@3": 0.3018867924528255,
  "P@5": 0.19245283018867465,
  "P@10": 0.10080862533692467,
  "P@100": 0.010592991913746441,
  "R@1": 0.7163634321653191,
  "R@3": 0.8644429469901169,
  "R@5": 0.9131850853548966,
  "R@10": 0.9535601976639712,
  "R@100": 0.9959568733153639,
  "AP": 0.8120047742549801
}