{
  "nDCG@1": 0.7783018867924528,
  "nDCG@1_std": 0.41552907297646824,
  "nDCG@1_stderr": 0.010786597281918574,
  "nDCG@1_ci90_low": 0.7605484230304793,
  "nDCG@1_ci90_high": 0.7960553505544263,
  "nDCG@1_ci95_low": 0.7571432760428717,
  "nDCG@1_ci95_high": 0.799460497542034,
  "nDCG@3": 0.8488842285285582,
  "nDCG@3_std": 0.3074125710113836,
  "nDCG@3_stderr": 0.00798003273067436,
  "nDCG@3_ci90_low": 0.8357500381809798,
  "nDCG@3_ci90_high": 0.8620184188761365,
  "nDCG@3_ci95_low": 0.8332308763263496,
  "nDCG@3_ci95_high": 0.8645375807307667,
  "nDCG@5": 0.8663584628351453,
  "nDCG@5_std": 0.27044291971425805,
  "nDCG@5_stderr": 0.007020348400192783,
  "nDCG@5_ci90_low": 0.8548037994263077,
  "nDCG@5_ci90_high": 0.8779131262439829,
  "nDCG@5_ci95_low": 0.8525875937423387,
  "nDCG@5_ci95_high": 0.8801293319279518,
  "nDCG@10": 0.8764824248903249,
  "nDCG@10_std": 0.24517623751026119,
  "nDCG@10_stderr": 0.006364458010544482,
  "nDCG@10_ci90_low": 0.8660072795129955,
  "nDCG@10_ci90_high": 0.8869575702676543,
  "nDCG@10_ci95_low": 0.8639981273720614,
  "nDCG@10_ci95_high": 0.8889667224085884,
  "nDCG@100": 0.8831463663587107,
  "nDCG@100_std": 0.22528149693954508,
  "nDCG@100_stderr": 0.005848016277533145,
  "nDCG@100_ci90_low": 0.8735212230119156,
  "nDCG@100_ci90_high": 0.8927715097055058,
  "nDCG@100_ci95_low": 0.8716751028230862,
  "nDCG@100_ci95_high": 0.8946176298943351,
  "RR@1": 0.7783018867924528,
  "RR@3": 0.8363656783468103,
  "RR@5": 0.845496406109614,
  "RR@10": 0.8490694390963934,
  "RR@100": 0.8504394579147627,
  "P@1": 0.7783018867924528,
  "P@3": 0.31491464510331907,
  "P@5": 0.1985175202156285,
  "P@10": 0.10283018867924262,
  "P@100": 0.010613207547169622,
  "R@1": 0.756233153638814,
  "R@3": 0.8989779874213836,
  "R@5": 0.9401392632524707,
  "R@10": 0.9699011680143755,
  "R@100": 0.9976415094339622,
  "AP": 0.8455127469243212
}