{
  "nDCG@1": 0.7506738544474394,
  "nDCG@1_std": 0.43276878827330173,
  "nDCG@1_stderr": 0.011234117992875915,
  "nDCG@1_ci90_low": 0.7321838245082867,
  "nDCG@1_ci90_high": 0.7691638843865921,
  "nDCG@1_ci95_low": 0.728637402773789,
  "nDCG@1_ci95_high": 0.7727103061210898,
  "nDCG@3": 0.8232487359061635,
  "nDCG@3_std": 0.3331448346936164,
  "nDCG@3_stderr": 0.00864800901330646,
  "nDCG@3_ci90_low": 0.8090151355762133,
  "nDCG@3_ci90_high": 0.8374823362361138,
  "nDCG@3_ci95_low": 0.8062851048658032,
  "nDCG@3_ci95_high": 0.8402123669465239,
  "nDCG@5": 0.8417897541033442,
  "nDCG@5_std": 0.2985807698954055,
  "nDCG@5_stderr": 0.007750770596909173,
  "nDCG@5_ci90_low": 0.8290329021209069,
  "nDCG@5_ci90_high": 0.8545466060857816,
  "nDCG@5_ci95_low": 0.8265861144584116,
  "nDCG@5_ci95_high": 0.8569933937482769,
  "nDCG@10": 0.8563707372720178,
  "nDCG@10_std": 0.26541569685217775,
  "nDCG@10_stderr": 0.006889848196990912,
  "nDCG@10_ci90_low": 0.8450308617678292,
  "nDCG@10_ci90_high": 0.8677106127762065,
  "nDCG@10_ci95_low": 0.842855852798839,
  "nDCG@10_ci95_high": 0.8698856217451967,
  "nDCG@100": 0.8647481926043354,
  "nDCG@100_std": 0.24262029072902117,
  "nDCG@100_stderr": 0.006298108938009638,
  "nDCG@100_ci90_low": 0.8543822499555498,
  "nDCG@100_ci90_high": 0.8751141352531211,
  "nDCG@100_ci95_low": 0.8523940430987091,
  "nDCG@100_ci95_high": 0.8771023421099617,
  "RR@1": 0.7513477088948787,
  "RR@3": 0.8106469002695419,
  "RR@5": 0.8205188679245287,
  "RR@10": 0.8261511680143758,
  "RR@100": 0.8277866642608706,
  "P@1": 0.7506738544474394,
  "P@3": 0.30570530098831494,
  "P@5": 0.19366576819406542,
  "P@10": 0.10175202156333972,
  "P@100": 0.010599730458220834,
  "R@1": 0.728829739442947,
  "R@3": 0.8750561545372867,
  "R@5": 0.918351302785265,
  "R@10": 0.9615341419586703,
  "R@100": 0.9962938005390836,
  "AP": 0.822377827929198
}