nDCG@1,nDCG@1_std,nDCG@1_stderr,nDCG@1_ci90_low,nDCG@1_ci90_high,nDCG@1_ci95_low,nDCG@1_ci95_high,nDCG@3,nDCG@3_std,nDCG@3_stderr,nDCG@3_ci90_low,nDCG@3_ci90_high,nDCG@3_ci95_low,nDCG@3_ci95_high,nDCG@5,nDCG@5_std,nDCG@5_stderr,nDCG@5_ci90_low,nDCG@5_ci90_high,nDCG@5_ci95_low,nDCG@5_ci95_high,nDCG@10,nDCG@10_std,nDCG@10_stderr,nDCG@10_ci90_low,nDCG@10_ci90_high,nDCG@10_ci95_low,nDCG@10_ci95_high,nDCG@100,nDCG@100_std,nDCG@100_stderr,nDCG@100_ci90_low,nDCG@100_ci90_high,nDCG@100_ci95_low,nDCG@100_ci95_high,RR@1,RR@3,RR@5,RR@10,RR@100,P@1,P@3,P@5,P@10,P@100,R@1,R@3,R@5,R@10,R@100,AP
0.7466307277628033,0.43508716981741286,0.011294300179125914,0.7280416450607837,0.7652198104648228,0.724476224824269,0.7687852307013375,0.8190051883126626,0.33640662479413713,0.008732680865459771,0.8046322281253286,0.8333781484999965,0.8018754679380724,0.8361349086872527,0.8381087012313561,0.3012536280473546,0.00782015453741242,0.8252376514865296,0.8509797509761825,0.8227689604832663,0.8534484419794458,0.8520003712394262,0.2704848107592289,0.007021435837537619,0.8404439180372932,0.8635568244415591,0.8382273690676798,0.8657733734111726,0.8613837620131758,0.24560606510083777,0.006375615778849347,0.8508902522684664,0.8718772717578852,0.8488775778081076,0.873889946218244,0.7466307277628033,0.8061545372866129,0.8164308176100633,0.8216767210028666,0.8235487735566223,0.7466307277628033,0.30435759209343644,0.1929919137466261,0.10121293800538826,0.010599730458220834,0.724786612758311,0.87168688230009,0.9163297394429469,0.9572663971248876,0.9962938005390836,0.8180480214540278
