{
  "nDCG@1": 0.7466307277628033,
  "nDCG@1_std": 0.43508716981741286,
  "nDCG@1_stderr": 0.011294300179125914,
  "nDCG@1_ci90_low": 0.7280416450607837,
  "nDCG@1_ci90_high": 0.7652198104648228,
  "nDCG@1_ci95_low": 0.724476224824269,
  "nDCG@1_ci95_high": 0.7687852307013375,
  "nDCG@3": 0.8190051883126626,
  "nDCG@3_std": 0.33640662479413713,
  "nDCG@3_stderr": 0.008732680865459771,
  "nDCG@3_ci90_low": 0.8046322281253286,
  "nDCG@3_ci90_high": 0.8333781484999965,
  "nDCG@3_ci95_low": 0.8018754679380724,
  "nDCG@3_ci95_high": 0.8361349086872527,
  "nDCG@5": 0.8381087012313561,
  "nDCG@5_std": 0.3012536280473546,
  "nDCG@5_stderr": 0.00782015453741242,
  "nDCG@5_ci90_low": 0.8252376514865296,
  "nDCG@5_ci90_high": 0.8509797509761825,
  "nDCG@5_ci95_low": 0.8227689604832663,
  "nDCG@5_ci95_high": 0.8534484419794458,
  "nDCG@10": 0.8520003712394262,
  "nDCG@10_std": 0.2704848107592289,
  "nDCG@10_stderr": 0.007021435837537619,
  "nDCG@10_ci90_low": 0.8404439180372932,
  "nDCG@10_ci90_high": 0.8635568244415591,
  "nDCG@10_ci95_low": 0.8382273690676798,
  "nDCG@10_ci95_high": 0.8657733734111726,
  "nDCG@100": 0.8613837620131758,
  "nDCG@100_std": 0.24560606510083777,
  "nDCG@100_stderr": 0.006375615778849347,
  "nDCG@100_ci90_low": 0.8508902522684664,
  "nDCG@100_ci90_high": 0.8718772717578852,
  "nDCG@100_ci95_low": 0.8488775778081076,
  "nDCG@100_ci95_high": 0.873889946218244,
  "RR@1": 0.7466307277628033,
  "RR@3": 0.8061545372866129,
  "RR@5": 0.8164308176100633,
  "RR@10": 0.8216767210028666,
  "RR@100": 0.8235487735566223,
  "P@1": 0.7466307277628033,
  "P@3": 0.30435759209343644,
  "P@5": 0.1929919137466261,
  "P@10": 0.10121293800538826,
  "P@100": 0.010599730458220834,
  "R@1": 0.724786612758311,
  "R@3": 0.87168688230009,
  "R@5": 0.9163297394429469,
  "R@10": 0.9572663971248876,
  "R@100": 0.9962938005390836,
  "AP": 0.8180480214540278
}