nDCG@1,nDCG@1_std,nDCG@1_stderr,nDCG@1_ci90_low,nDCG@1_ci90_high,nDCG@1_ci95_low,nDCG@1_ci95_high,nDCG@3,nDCG@3_std,nDCG@3_stderr,nDCG@3_ci90_low,nDCG@3_ci90_high,nDCG@3_ci95_low,nDCG@3_ci95_high,nDCG@5,nDCG@5_std,nDCG@5_stderr,nDCG@5_ci90_low,nDCG@5_ci90_high,nDCG@5_ci95_low,nDCG@5_ci95_high,nDCG@10,nDCG@10_std,nDCG@10_stderr,nDCG@10_ci90_low,nDCG@10_ci90_high,nDCG@10_ci95_low,nDCG@10_ci95_high,nDCG@100,nDCG@100_std,nDCG@100_stderr,nDCG@100_ci90_low,nDCG@100_ci90_high,nDCG@100_ci95_low,nDCG@100_ci95_high,RR@1,RR@3,RR@5,RR@10,RR@100,P@1,P@3,P@5,P@10,P@100,R@1,R@3,R@5,R@10,R@100,AP
0.7479784366576819,0.43431993585648626,0.011274383777854047,0.7294221339973204,0.7665347393180435,0.7258630010330587,0.7700938722823052,0.8208606563245651,0.3346221155932092,0.008686357314719007,0.8065639392246393,0.8351573734244908,0.8038218026017137,0.8378995100474165,0.8401688224028292,0.2987672256733089,0.007755610747738389,0.827404004104407,0.8529336407012514,0.8249556884878605,0.8553819563177979,0.8545218532692729,0.26674824815324655,0.006924439505221563,0.8431250445616743,0.8659186619768715,0.8409391156996038,0.868104590838942,0.8630763224156197,0.24328728443369296,0.0063154232318816264,0.8526818824862935,0.8734707623449459,0.8506882097986557,0.8754644350325838,0.7479784366576819,0.808288409703504,0.8183288409703506,0.8236351773413769,0.8253678394194786,0.7479784366576819,0.30525606469002203,0.19366576819406542,0.10175202156333975,0.010606469002695228,0.7265835579514824,0.8730345911949686,0.9186882300089847,0.9615341419586703,0.9974168912848157,0.8198545842533971
