{
  "nDCG@1": 0.7311320754716981,
  "nDCG@1_std": 0.44352059472534183,
  "nDCG@1_stderr": 0.011513220981796881,
  "nDCG@1_ci90_low": 0.7121826750128012,
  "nDCG@1_ci90_high": 0.750081475930595,
  "nDCG@1_ci95_low": 0.7085481451681073,
  "nDCG@1_ci95_high": 0.753716005775289,
  "nDCG@3": 0.8080545207989632,
  "nDCG@3_std": 0.3443379060225147,
  "nDCG@3_stderr": 0.008938566667690976,
  "nDCG@3_ci90_low": 0.7933426969242695,
  "nDCG@3_ci90_high": 0.822766344673657,
  "nDCG@3_ci95_low": 0.7905209420588089,
  "nDCG@3_ci95_high": 0.8255880995391176,
  "nDCG@5": 0.8287168295793355,
  "nDCG@5_std": 0.3077140828424252,
  "nDCG@5_stderr": 0.007987859587827537,
  "nDCG@5_ci90_low": 0.8155697571502992,
  "nDCG@5_ci90_high": 0.8418639020083717,
  "nDCG@5_ci95_low": 0.813048124488763,
  "nDCG@5_ci95_high": 0.844385534669908,
  "nDCG@10": 0.8423201925634098,
  "nDCG@10_std": 0.2792159042933812,
  "nDCG@10_stderr": 0.007248083732735549,
  "nDCG@10_ci90_low": 0.8303907037237206,
  "nDCG@10_ci90_high": 0.8542496814030991,
  "nDCG@10_ci95_low": 0.8281026058330332,
  "nDCG@10_ci95_high": 0.8565377792937865,
  "nDCG@100": 0.8532012797246749,
  "nDCG@100_std": 0.25071062000065175,
  "nDCG@100_stderr": 0.006508123421728179,
  "nDCG@100_ci90_low": 0.84248967806696,
  "nDCG@100_ci90_high": 0.8639128813823898,
  "nDCG@100_ci95_low": 0.8404351731767454,
  "nDCG@100_ci95_high": 0.8659673862726043,
  "RR@1": 0.7304582210242587,
  "RR@3": 0.7941374663072781,
  "RR@5": 0.8047169811320761,
  "RR@10": 0.8099449685534595,
  "RR@100": 0.8122661917471854,
  "P@1": 0.7311320754716981,
  "P@3": 0.30188679245282546,
  "P@5": 0.19204851752021113,
  "P@10": 0.10067385444743683,
  "P@100": 0.010599730458220834,
  "R@1": 0.710411051212938,
  "R@3": 0.8623090745732254,
  "R@5": 0.9118935309973046,
  "R@10": 0.9517632524707997,
  "R@100": 0.9967430368373763,
  "AP": 0.8074373044111071
}