nDCG@1,nDCG@1_std,nDCG@1_stderr,nDCG@1_ci90_low,nDCG@1_ci90_high,nDCG@1_ci95_low,nDCG@1_ci95_high,nDCG@3,nDCG@3_std,nDCG@3_stderr,nDCG@3_ci90_low,nDCG@3_ci90_high,nDCG@3_ci95_low,nDCG@3_ci95_high,nDCG@5,nDCG@5_std,nDCG@5_stderr,nDCG@5_ci90_low,nDCG@5_ci90_high,nDCG@5_ci95_low,nDCG@5_ci95_high,nDCG@10,nDCG@10_std,nDCG@10_stderr,nDCG@10_ci90_low,nDCG@10_ci90_high,nDCG@10_ci95_low,nDCG@10_ci95_high,nDCG@100,nDCG@100_std,nDCG@100_stderr,nDCG@100_ci90_low,nDCG@100_ci90_high,nDCG@100_ci95_low,nDCG@100_ci95_high,RR@1,RR@3,RR@5,RR@10,RR@100,P@1,P@3,P@5,P@10,P@100,R@1,R@3,R@5,R@10,R@100,AP
0.7378706199460916,0.4399408952816506,0.011420296614284352,0.7190741620091152,0.756667077883068,0.715468966821296,0.7602722730708872,0.8120134201924324,0.3420110684754384,0.008878164974541143,0.7974010103630089,0.8266258300218559,0.7945983232941944,0.8294285170906703,0.8329768285265413,0.305044628986607,0.007918564018448674,0.8199438084114721,0.8460098486416106,0.8174440511934291,0.8485096058596535,0.8465398511000023,0.27540211202534287,0.0071490826182827125,0.8347733063892071,0.8583063958107975,0.8325164614819989,0.8605632407180057,0.8565720440775464,0.2492424290447896,0.006470011083497787,0.8459231708223084,0.8672209173327844,0.8438806973550093,0.8692633908000835,0.7378706199460916,0.7994159928122192,0.8102987421383651,0.8156885081076456,0.8175514904145246,0.7378706199460916,0.3018867924528255,0.19245283018867465,0.10080862533692467,0.010592991913746441,0.7163634321653191,0.8644429469901169,0.9131850853548966,0.9535601976639712,0.9959568733153639,0.8120047742549801
