nDCG@1,nDCG@1_std,nDCG@1_stderr,nDCG@1_ci90_low,nDCG@1_ci90_high,nDCG@1_ci95_low,nDCG@1_ci95_high,nDCG@3,nDCG@3_std,nDCG@3_stderr,nDCG@3_ci90_low,nDCG@3_ci90_high,nDCG@3_ci95_low,nDCG@3_ci95_high,nDCG@5,nDCG@5_std,nDCG@5_stderr,nDCG@5_ci90_low,nDCG@5_ci90_high,nDCG@5_ci95_low,nDCG@5_ci95_high,nDCG@10,nDCG@10_std,nDCG@10_stderr,nDCG@10_ci90_low,nDCG@10_ci90_high,nDCG@10_ci95_low,nDCG@10_ci95_high,nDCG@100,nDCG@100_std,nDCG@100_stderr,nDCG@100_ci90_low,nDCG@100_ci90_high,nDCG@100_ci95_low,nDCG@100_ci95_high,RR@1,RR@3,RR@5,RR@10,RR@100,P@1,P@3,P@5,P@10,P@100,R@1,R@3,R@5,R@10,R@100,AP
0.7095687331536388,0.454114422020187,0.011788223036130063,0.690166711828451,0.7289707544788265,0.686445368469502,0.7326920978377756,0.7908692440482326,0.35760714379803027,0.009283018917679783,0.7755904924967119,0.8061479955997533,0.772659999860593,0.8090784882358721,0.8108764960646614,0.32379395795308075,0.008405272347709226,0.7970424115860729,0.8247105805432499,0.7943890087504261,0.8273639833788967,0.8259113289899332,0.2947804948149508,0.007652120371162641,0.813316843615067,0.8385058143647995,0.8109011981663995,0.840921459813467,0.8387766023550899,0.26312342176025416,0.00683034370047316,0.827534664216596,0.8500185404935837,0.8253784398143947,0.852174764895785,0.7095687331536388,0.7752695417789763,0.7860849056603784,0.7918538484576227,0.7945717237798082,0.7095687331536388,0.2964959568733109,0.18854447439352656,0.09946091644204608,0.010579514824797654,0.6901954177897575,0.8479335130278528,0.896170260557053,0.9400831087151843,0.9947214734950584,0.7900275668155725
