nDCG@1,nDCG@1_std,nDCG@1_stderr,nDCG@1_ci90_low,nDCG@1_ci90_high,nDCG@1_ci95_low,nDCG@1_ci95_high,nDCG@3,nDCG@3_std,nDCG@3_stderr,nDCG@3_ci90_low,nDCG@3_ci90_high,nDCG@3_ci95_low,nDCG@3_ci95_high,nDCG@5,nDCG@5_std,nDCG@5_stderr,nDCG@5_ci90_low,nDCG@5_ci90_high,nDCG@5_ci95_low,nDCG@5_ci95_high,nDCG@10,nDCG@10_std,nDCG@10_stderr,nDCG@10_ci90_low,nDCG@10_ci90_high,nDCG@10_ci95_low,nDCG@10_ci95_high,nDCG@100,nDCG@100_std,nDCG@100_stderr,nDCG@100_ci90_low,nDCG@100_ci90_high,nDCG@100_ci95_low,nDCG@100_ci95_high,RR@1,RR@3,RR@5,RR@10,RR@100,P@1,P@3,P@5,P@10,P@100,R@1,R@3,R@5,R@10,R@100,AP
0.6974393530997305,0.4595214825750034,0.011928583334546668,0.6778063153189885,0.7170723908804725,0.6740406625791624,0.7208380436202986,0.778765302224312,0.36785821397393587,0.00954912344053333,0.7630485740913073,0.7944820303573166,0.7600340767416814,0.7974965277069425,0.7987988217858877,0.3357979903534286,0.00871688150259738,0.7844518654817719,0.8131457780900034,0.7817000928871226,0.8158975506846528,0.8160220678210428,0.3029789539958699,0.007864941767469201,0.8030773035910056,0.82896683205108,0.8005944740139618,0.8314496616281238,0.8293860277978983,0.27153368008460027,0.007048663128598379,0.8177847616939252,0.8409872939018713,0.8155596175273545,0.843212438068442,0.6974393530997305,0.7634770889487876,0.7744272237196776,0.7810874192444281,0.7837240831269707,0.6974393530997305,0.29200359389038205,0.1858490566037693,0.09871967654986281,0.010545822102425688,0.6788522012578616,0.8350179694519316,0.8829177897574124,0.9341307277628033,0.9916891284815812,0.779050117652905
