nDCG@1,nDCG@1_std,nDCG@1_stderr,nDCG@1_ci90_low,nDCG@1_ci90_high,nDCG@1_ci95_low,nDCG@1_ci95_high,nDCG@3,nDCG@3_std,nDCG@3_stderr,nDCG@3_ci90_low,nDCG@3_ci90_high,nDCG@3_ci95_low,nDCG@3_ci95_high,nDCG@5,nDCG@5_std,nDCG@5_stderr,nDCG@5_ci90_low,nDCG@5_ci90_high,nDCG@5_ci95_low,nDCG@5_ci95_high,nDCG@10,nDCG@10_std,nDCG@10_stderr,nDCG@10_ci90_low,nDCG@10_ci90_high,nDCG@10_ci95_low,nDCG@10_ci95_high,nDCG@100,nDCG@100_std,nDCG@100_stderr,nDCG@100_ci90_low,nDCG@100_ci90_high,nDCG@100_ci95_low,nDCG@100_ci95_high,RR@1,RR@3,RR@5,RR@10,RR@100,P@1,P@3,P@5,P@10,P@100,R@1,R@3,R@5,R@10,R@100,AP
0.738544474393531,0.43957563676200273,0.011410814975546035,0.7197636221128468,0.7573253266742151,0.7161614201185941,0.7609275286684679,0.8095561555684734,0.34499221199547525,0.008955551604458274,0.7948163764960916,0.8242959346408552,0.7919892597723214,0.8271230513646254,0.8285965659232504,0.31115354599491307,0.00807714360260449,0.8153025425624756,0.8418905892840252,0.8127527244420766,0.8444404074044242,0.8417602231388165,0.2835390342141632,0.007360306593867407,0.8296460287384858,0.8538744175391472,0.8273225039817037,0.8561979422959293,0.8528925788429711,0.2559913743578744,0.006645204974621887,0.841955357157167,0.8638298005287752,0.8398575779307839,0.8659275797551583,0.738544474393531,0.798180592991914,0.8082210242587606,0.813082937577547,0.8152788397307156,0.738544474393531,0.30143755615453216,0.19110512129379595,0.09999999999999748,0.010559299191374473,0.717654986522911,0.8602313566936209,0.9056603773584907,0.944912398921833,0.9922506738544474,0.8083705893524875
