{
  "nDCG@1": 0.7580862533692723,
  "nDCG@1_std": 0.428386680839496,
  "nDCG@1_stderr": 0.011120364151788504,
  "nDCG@1_ci90_low": 0.7397834488027508,
  "nDCG@1_ci90_high": 0.7763890579357937,
  "nDCG@1_ci95_low": 0.7362729372389198,
  "nDCG@1_ci95_high": 0.7798995694996247,
  "nDCG@3": 0.8216733323337985,
  "nDCG@3_std": 0.33840608584043524,
  "nDCG@3_stderr": 0.008784584288083878,
  "nDCG@3_ci90_low": 0.8072149452496781,
  "nDCG@3_ci90_high": 0.8361317194179189,
  "nDCG@3_ci95_low": 0.804441800026569,
  "nDCG@3_ci95_high": 0.838904864641028,
  "nDCG@5": 0.8363917471262036,
  "nDCG@5_std": 0.3125803692782597,
  "nDCG@5_stderr": 0.00811418208956205,
  "nDCG@5_ci90_low": 0.823036762795179,
  "nDCG@5_ci90_high": 0.8497467314572281,
  "nDCG@5_ci95_low": 0.8204752522486151,
  "nDCG@5_ci95_high": 0.8523082420037921,
  "nDCG@10": 0.8525916039139164,
  "nDCG@10_std": 0.2772452612064273,
  "nDCG@10_stderr": 0.007196928387062366,
  "nDCG@10_ci90_low": 0.840746310724802,
  "nDCG@10_ci90_high": 0.8644368971030308,
  "nDCG@10_ci95_low": 0.8384743617146806,
  "nDCG@10_ci95_high": 0.8667088461131522,
  "nDCG@100": 0.8620630785590694,
  "nDCG@100_std": 0.2527878931073521,
  "nDCG@100_stderr": 0.006562046744796853,
  "nDCG@100_ci90_low": 0.8512627254872612,
  "nDCG@100_ci90_high": 0.8728634316308775,
  "nDCG@100_ci95_low": 0.8491911979126625,
  "nDCG@100_ci95_high": 0.8749349592054763,
  "RR@1": 0.7580862533692723,
  "RR@3": 0.8117699910152743,
  "RR@5": 0.819553009883199,
  "RR@10": 0.8256981880802635,
  "RR@100": 0.8274835380750107,
  "P@1": 0.7580862533692723,
  "P@3": 0.3036837376459965,
  "P@5": 0.1904312668463566,
  "P@10": 0.10067385444743679,
  "P@100": 0.010545822102425686,
  "R@1": 0.7357367475292005,
  "R@3": 0.8675314465408804,
  "R@5": 0.9018418688230009,
  "R@10": 0.9503032345013479,
  "R@100": 0.991576819407008,
  "AP": 0.8209546248497332
}