nDCG@1,nDCG@1_std,nDCG@1_stderr,nDCG@1_ci90_low,nDCG@1_ci90_high,nDCG@1_ci95_low,nDCG@1_ci95_high,nDCG@3,nDCG@3_std,nDCG@3_stderr,nDCG@3_ci90_low,nDCG@3_ci90_high,nDCG@3_ci95_low,nDCG@3_ci95_high,nDCG@5,nDCG@5_std,nDCG@5_stderr,nDCG@5_ci90_low,nDCG@5_ci90_high,nDCG@5_ci95_low,nDCG@5_ci95_high,nDCG@10,nDCG@10_std,nDCG@10_stderr,nDCG@10_ci90_low,nDCG@10_ci90_high,nDCG@10_ci95_low,nDCG@10_ci95_high,nDCG@100,nDCG@100_std,nDCG@100_stderr,nDCG@100_ci90_low,nDCG@100_ci90_high,nDCG@100_ci95_low,nDCG@100_ci95_high,RR@1,RR@3,RR@5,RR@10,RR@100,P@1,P@3,P@5,P@10,P@100,R@1,R@3,R@5,R@10,R@100,AP
0.7580862533692723,0.428386680839496,0.011120364151788504,0.7397834488027508,0.7763890579357937,0.7362729372389198,0.7798995694996247,0.8216733323337985,0.33840608584043524,0.008784584288083878,0.8072149452496781,0.8361317194179189,0.804441800026569,0.838904864641028,0.8363917471262036,0.3125803692782597,0.00811418208956205,0.823036762795179,0.8497467314572281,0.8204752522486151,0.8523082420037921,0.8525916039139164,0.2772452612064273,0.007196928387062366,0.840746310724802,0.8644368971030308,0.8384743617146806,0.8667088461131522,0.8620630785590694,0.2527878931073521,0.006562046744796853,0.8512627254872612,0.8728634316308775,0.8491911979126625,0.8749349592054763,0.7580862533692723,0.8117699910152743,0.819553009883199,0.8256981880802635,0.8274835380750107,0.7580862533692723,0.3036837376459965,0.1904312668463566,0.10067385444743679,0.010545822102425686,0.7357367475292005,0.8675314465408804,0.9018418688230009,0.9503032345013479,0.991576819407008,0.8209546248497332
