nDCG@1,nDCG@1_std,nDCG@1_stderr,nDCG@1_ci90_low,nDCG@1_ci90_high,nDCG@1_ci95_low,nDCG@1_ci95_high,nDCG@3,nDCG@3_std,nDCG@3_stderr,nDCG@3_ci90_low,nDCG@3_ci90_high,nDCG@3_ci95_low,nDCG@3_ci95_high,nDCG@5,nDCG@5_std,nDCG@5_stderr,nDCG@5_ci90_low,nDCG@5_ci90_high,nDCG@5_ci95_low,nDCG@5_ci95_high,nDCG@10,nDCG@10_std,nDCG@10_stderr,nDCG@10_ci90_low,nDCG@10_ci90_high,nDCG@10_ci95_low,nDCG@10_ci95_high,nDCG@100,nDCG@100_std,nDCG@100_stderr,nDCG@100_ci90_low,nDCG@100_ci90_high,nDCG@100_ci95_low,nDCG@100_ci95_high,RR@1,RR@3,RR@5,RR@10,RR@100,P@1,P@3,P@5,P@10,P@100,R@1,R@3,R@5,R@10,R@100,AP
0.717654986522911,0.4502920602789963,0.011688999469238098,0.6984162754570302,0.7368936975887919,0.6947262553060467,0.7405837177397754,0.7907076648498061,0.36070449139610417,0.009363422055162374,0.7752965792405341,0.8061187504590782,0.7723407046888549,0.8090746250107574,0.8093780694566248,0.33073681572689145,0.008585499955504013,0.7952473516449967,0.8235087872682529,0.7925370539907406,0.8262190849225091,0.8244273980568666,0.30207166796418883,0.007841389795586339,0.8115213975878577,0.8373333985258755,0.8090460029714427,0.8398087931422905,0.83629042399187,0.274126262091389,0.007115963204203828,0.8245783899207418,0.8480024580629982,0.8223320002544343,0.8502488477293058,0.717654986522911,0.7788634321653191,0.7886006289308184,0.7939529585419077,0.7964051885668602,0.717654986522911,0.29447439353099253,0.18692722371967216,0.09871967654986277,0.010464959568732965,0.6959793351302787,0.8415880503144655,0.8861185983827492,0.9315476190476191,0.9839398023360286,0.7901544279609682
