{
  "nDCG@1": 0.7378706199460916,
  "nDCG@1_std": 0.4399408952816506,
  "nDCG@1_stderr": 0.011420296614284352,
  "nDCG@1_ci90_low": 0.7190741620091152,
  "nDCG@1_ci90_high": 0.756667077883068,
  "nDCG@1_ci95_low": 0.715468966821296,
  "nDCG@1_ci95_high": 0.7602722730708872,
  "nDCG@3": 0.8059960781413068,
  "nDCG@3_std": 0.35004849298449786,
  "nDCG@3_stderr": 0.00908680611905128,
  "nDCG@3_ci90_low": 0.7910402696569131,
  "nDCG@3_ci90_high": 0.8209518866257005,
  "nDCG@3_ci95_low": 0.7881717180947694,
  "nDCG@3_ci95_high": 0.8238204381878442,
  "nDCG@5": 0.8216842323474071,
  "nDCG@5_std": 0.3240450693121239,
  "nDCG@5_stderr": 0.008411790873798175,
  "nDCG@5_ci90_low": 0.8078394191456006,
  "nDCG@5_ci90_high": 0.8355290455492135,
  "nDCG@5_ci95_low": 0.8051839585211168,
  "nDCG@5_ci95_high": 0.8381845061736973,
  "nDCG@10": 0.8379252826742958,
  "nDCG@10_std": 0.2910762054806175,
  "nDCG@10_stderr": 0.007555961811235784,
  "nDCG@10_ci90_low": 0.8254890629196661,
  "nDCG@10_ci90_high": 0.8503615024289255,
  "nDCG@10_ci95_low": 0.8231037731079164,
  "nDCG@10_ci95_high": 0.8527467922406752,
  "nDCG@100": 0.8483929388584445,
  "nDCG@100_std": 0.2654164672902362,
  "nDCG@100_stderr": 0.006889868196566411,
  "nDCG@100_ci90_low": 0.8370530304373192,
  "nDCG@100_ci90_high": 0.8597328472795698,
  "nDCG@100_ci95_low": 0.8348780151548001,
  "nDCG@100_ci95_high": 0.8619078625620888,
  "RR@1": 0.7378706199460916,
  "RR@3": 0.7948113207547173,
  "RR@5": 0.8030997304582216,
  "RR@10": 0.8091085333504473,
  "RR@100": 0.8111855561728311,
  "P@1": 0.7378706199460916,
  "P@3": 0.29896675651392135,
  "P@5": 0.1882749326145508,
  "P@10": 0.09973045822102175,
  "P@100": 0.010491913746630539,
  "R@1": 0.7155211141060198,
  "R@3": 0.8547282120395326,
  "R@5": 0.8917340521114105,
  "R@10": 0.9405323450134773,
  "R@100": 0.9866352201257861,
  "AP": 0.8048973957071374
}