nDCG@1,nDCG@1_std,nDCG@1_stderr,nDCG@1_ci90_low,nDCG@1_ci90_high,nDCG@1_ci95_low,nDCG@1_ci95_high,nDCG@3,nDCG@3_std,nDCG@3_stderr,nDCG@3_ci90_low,nDCG@3_ci90_high,nDCG@3_ci95_low,nDCG@3_ci95_high,nDCG@5,nDCG@5_std,nDCG@5_stderr,nDCG@5_ci90_low,nDCG@5_ci90_high,nDCG@5_ci95_low,nDCG@5_ci95_high,nDCG@10,nDCG@10_std,nDCG@10_stderr,nDCG@10_ci90_low,nDCG@10_ci90_high,nDCG@10_ci95_low,nDCG@10_ci95_high,nDCG@100,nDCG@100_std,nDCG@100_stderr,nDCG@100_ci90_low,nDCG@100_ci90_high,nDCG@100_ci95_low,nDCG@100_ci95_high,RR@1,RR@3,RR@5,RR@10,RR@100,P@1,P@3,P@5,P@10,P@100,R@1,R@3,R@5,R@10,R@100,AP
0.7749326145552561,0.4177674772463883,0.010844703361574573,0.7570835150563989,0.7927817140541132,0.7536600249586397,0.7962052041518725,0.8338994383629704,0.3299550826104162,0.00856520717490756,0.819802120068867,0.8479967566570739,0.8170982285034739,0.8507006482224669,0.8506024672816634,0.2985235672607686,0.007749285690500885,0.8378480592796047,0.8633568752837222,0.8354017403770391,0.8658031941862878,0.86417288561988,0.26704033000717103,0.006932021572365678,0.8527635977262354,0.8755821735135246,0.8505752753333397,0.8777704959064204,0.8726691668984145,0.24386895895090285,0.00633052275000043,0.8622498749475712,0.8830884588492577,0.8602514355965184,0.8850868982003105,0.7749326145552561,0.824797843665768,0.833524258760108,0.8386867325546569,0.8402658140492221,0.7749326145552561,0.30682839173404663,0.19339622641508963,0.10128032345013217,0.010566037735848867,0.7525831087151843,0.8761792452830188,0.9155435759209345,0.9560309973045824,0.9932614555256065,0.8341982563217101
