{
  "nDCG@1": 0.717654986522911,
  "nDCG@1_std": 0.4502920602789963,
  "nDCG@1_stderr": 0.011688999469238098,
  "nDCG@1_ci90_low": 0.6984162754570302,
  "nDCG@1_ci90_high": 0.7368936975887919,
  "nDCG@1_ci95_low": 0.6947262553060467,
  "nDCG@1_ci95_high": 0.7405837177397754,
  "nDCG@3": 0.7907076648498061,
  "nDCG@3_std": 0.36070449139610417,
  "nDCG@3_stderr": 0.009363422055162374,
  "nDCG@3_ci90_low": 0.7752965792405341,
  "nDCG@3_ci90_high": 0.8061187504590782,
  "nDCG@3_ci95_low": 0.7723407046888549,
  "nDCG@3_ci95_high": 0.8090746250107574,
  "nDCG@5": 0.8093780694566248,
  "nDCG@5_std": 0.33073681572689145,
  "nDCG@5_stderr": 0.008585499955504013,
  "nDCG@5_ci90_low": 0.7952473516449967,
  "nDCG@5_ci90_high": 0.8235087872682529,
  "nDCG@5_ci95_low": 0.7925370539907406,
  "nDCG@5_ci95_high": 0.8262190849225091,
  "nDCG@10": 0.8244273980568666,
  "nDCG@10_std": 0.30207166796418883,
  "nDCG@10_stderr": 0.007841389795586339,
  "nDCG@10_ci90_low": 0.8115213975878577,
  "nDCG@10_ci90_high": 0.8373333985258755,
  "nDCG@10_ci95_low": 0.8090460029714427,
  "nDCG@10_ci95_high": 0.8398087931422905,
  "nDCG@100": 0.83629042399187,
  "nDCG@100_std": 0.274126262091389,
  "nDCG@100_stderr": 0.007115963204203828,
  "nDCG@100_ci90_low": 0.8245783899207418,
  "nDCG@100_ci90_high": 0.8480024580629982,
  "nDCG@100_ci95_low": 0.8223320002544343,
  "nDCG@100_ci95_high": 0.8502488477293058,
  "RR@1": 0.717654986522911,
  "RR@3": 0.7788634321653191,
  "RR@5": 0.7886006289308184,
  "RR@10": 0.7939529585419077,
  "RR@100": 0.7964051885668602,
  "P@1": 0.717654986522911,
  "P@3": 0.29447439353099253,
  "P@5": 0.18692722371967216,
  "P@10": 0.09871967654986277,
  "P@100": 0.010464959568732965,
  "R@1": 0.6959793351302787,
  "R@3": 0.8415880503144655,
  "R@5": 0.8861185983827492,
  "R@10": 0.9315476190476191,
  "R@100": 0.9839398023360286,
  "AP": 0.7901544279609682
}