nDCG@1,nDCG@1_std,nDCG@1_stderr,nDCG@1_ci90_low,nDCG@1_ci90_high,nDCG@1_ci95_low,nDCG@1_ci95_high,nDCG@3,nDCG@3_std,nDCG@3_stderr,nDCG@3_ci90_low,nDCG@3_ci90_high,nDCG@3_ci95_low,nDCG@3_ci95_high,nDCG@5,nDCG@5_std,nDCG@5_stderr,nDCG@5_ci90_low,nDCG@5_ci90_high,nDCG@5_ci95_low,nDCG@5_ci95_high,nDCG@10,nDCG@10_std,nDCG@10_stderr,nDCG@10_ci90_low,nDCG@10_ci90_high,nDCG@10_ci95_low,nDCG@10_ci95_high,nDCG@100,nDCG@100_std,nDCG@100_stderr,nDCG@100_ci90_low,nDCG@100_ci90_high,nDCG@100_ci95_low,nDCG@100_ci95_high,RR@1,RR@3,RR@5,RR@10,RR@100,P@1,P@3,P@5,P@10,P@100,R@1,R@3,R@5,R@10,R@100,AP
0.7378706199460916,0.4399408952816506,0.011420296614284352,0.7190741620091152,0.756667077883068,0.715468966821296,0.7602722730708872,0.8059960781413068,0.35004849298449786,0.00908680611905128,0.7910402696569131,0.8209518866257005,0.7881717180947694,0.8238204381878442,0.8216842323474071,0.3240450693121239,0.008411790873798175,0.8078394191456006,0.8355290455492135,0.8051839585211168,0.8381845061736973,0.8379252826742958,0.2910762054806175,0.007555961811235784,0.8254890629196661,0.8503615024289255,0.8231037731079164,0.8527467922406752,0.8483929388584445,0.2654164672902362,0.006889868196566411,0.8370530304373192,0.8597328472795698,0.8348780151548001,0.8619078625620888,0.7378706199460916,0.7948113207547173,0.8030997304582216,0.8091085333504473,0.8111855561728311,0.7378706199460916,0.29896675651392135,0.1882749326145508,0.09973045822102175,0.010491913746630539,0.7155211141060198,0.8547282120395326,0.8917340521114105,0.9405323450134773,0.9866352201257861,0.8048973957071374
