{
  "nDCG@1": 0.7297843665768194,
  "nDCG@1_std": 0.44422079870513526,
  "nDCG@1_stderr": 0.011531397371456278,
  "nDCG@1_ci90_low": 0.7108050499296467,
  "nDCG@1_ci90_high": 0.7487636832239922,
  "nDCG@1_ci95_low": 0.7071647821050434,
  "nDCG@1_ci95_high": 0.7524039510485955,
  "nDCG@3": 0.7846561917422993,
  "nDCG@3_std": 0.3749188090781408,
  "nDCG@3_stderr": 0.009732407357141632,
  "nDCG@3_ci90_low": 0.7686377999533137,
  "nDCG@3_ci90_high": 0.8006745835312848,
  "nDCG@3_ci95_low": 0.7655654429598906,
  "nDCG@3_ci95_high": 0.803746940524708,
  "nDCG@5": 0.8068985020053423,
  "nDCG@5_std": 0.3402652322225145,
  "nDCG@5_stderr": 0.008832845323510297,
  "nDCG@5_ci90_low": 0.7923606829631016,
  "nDCG@5_ci90_high": 0.821436321047583,
  "nDCG@5_ci95_low": 0.7895723025443969,
  "nDCG@5_ci95_high": 0.8242247014662877,
  "nDCG@10": 0.8256864854985667,
  "nDCG@10_std": 0.30409551320955425,
  "nDCG@10_stderr": 0.007893926200479285,
  "nDCG@10_ci90_low": 0.8126940163187981,
  "nDCG@10_ci90_high": 0.8386789546783353,
  "nDCG@10_ci95_low": 0.8102020368446949,
  "nDCG@10_ci95_high": 0.8411709341524385,
  "nDCG@100": 0.8378220298720568,
  "nDCG@100_std": 0.2757184210073233,
  "nDCG@100_stderr": 0.00715729359033537,
  "nDCG@100_ci90_low": 0.8260419708720953,
  "nDCG@100_ci90_high": 0.8496020888720183,
  "nDCG@100_ci95_low": 0.8237825338993804,
  "nDCG@100_ci95_high": 0.8518615258447332,
  "RR@1": 0.7297843665768194,
  "RR@3": 0.7766172506738548,
  "RR@5": 0.7881401617250683,
  "RR@10": 0.7957049801052498,
  "RR@100": 0.79813698135628,
  "P@1": 0.7297843665768194,
  "P@3": 0.2886343216531854,
  "P@5": 0.18504043126684216,
  "P@10": 0.09878706199460677,
  "P@100": 0.010485175202156147,
  "R@1": 0.7085579514824798,
  "R@3": 0.8250786163522011,
  "R@5": 0.878032345013477,
  "R@10": 0.9331761006289307,
  "R@100": 0.9859613656783467,
  "AP": 0.7920105497018302
}