nDCG@1,nDCG@1_std,nDCG@1_stderr,nDCG@1_ci90_low,nDCG@1_ci90_high,nDCG@1_ci95_low,nDCG@1_ci95_high,nDCG@3,nDCG@3_std,nDCG@3_stderr,nDCG@3_ci90_low,nDCG@3_ci90_high,nDCG@3_ci95_low,nDCG@3_ci95_high,nDCG@5,nDCG@5_std,nDCG@5_stderr,nDCG@5_ci90_low,nDCG@5_ci90_high,nDCG@5_ci95_low,nDCG@5_ci95_high,nDCG@10,nDCG@10_std,nDCG@10_stderr,nDCG@10_ci90_low,nDCG@10_ci90_high,nDCG@10_ci95_low,nDCG@10_ci95_high,nDCG@100,nDCG@100_std,nDCG@100_stderr,nDCG@100_ci90_low,nDCG@100_ci90_high,nDCG@100_ci95_low,nDCG@100_ci95_high,RR@1,RR@3,RR@5,RR@10,RR@100,P@1,P@3,P@5,P@10,P@100,R@1,R@3,R@5,R@10,R@100,AP
0.7419137466307277,0.437729202043945,0.011362883918476126,0.7232117832028044,0.760615710058651,0.7196247122355409,0.7642027810259145,0.810615234016794,0.34678474000590065,0.009002083313121925,0.7957988692536747,0.8254315987799133,0.7929570632536256,0.8282734047799625,0.8272443729343764,0.31863628902676805,0.008271385933401097,0.8136306496635457,0.840858096205207,0.8110195125126599,0.8434692333560928,0.8427931368578949,0.2855724496113318,0.007413091427522963,0.8305920648624345,0.8549942088533553,0.8282518768231903,0.8573343968925995,0.8531922046800163,0.25899685773442327,0.006723223435732476,0.8421265738318146,0.8642578355282181,0.8400041654920155,0.8663802438680172,0.7419137466307277,0.7991913746630728,0.8073113207547175,0.8135821781542808,0.8157413365871037,0.7419137466307277,0.3012129380053861,0.18989218328840532,0.10006738544474149,0.010518867924528113,0.7203504043126685,0.8592205750224617,0.8992587601078167,0.945473944294699,0.9893306379155434,0.8100668416791994
