{
  "nDCG@1": 0.7216981132075472,
  "nDCG@1_std": 0.44831393185289614,
  "nDCG@1_stderr": 0.011637649813842346,
  "nDCG@1_ci90_low": 0.7025439176030702,
  "nDCG@1_ci90_high": 0.7408523088120241,
  "nDCG@1_ci95_low": 0.6988701076729575,
  "nDCG@1_ci95_high": 0.7445261187421368,
  "nDCG@3": 0.791671241175351,
  "nDCG@3_std": 0.3621034933323021,
  "nDCG@3_stderr": 0.009399738335932568,
  "nDCG@3_ci90_low": 0.7762003832618228,
  "nDCG@3_ci90_high": 0.8071420990888792,
  "nDCG@3_ci95_low": 0.7732330442723016,
  "nDCG@3_ci95_high": 0.8101094380784005,
  "nDCG@5": 0.8105878968222345,
  "nDCG@5_std": 0.33226692771140154,
  "nDCG@5_stderr": 0.008625219683548365,
  "nDCG@5_ci90_low": 0.796391805034547,
  "nDCG@5_ci90_high": 0.8247839886099221,
  "nDCG@5_ci95_low": 0.7936689685314988,
  "nDCG@5_ci95_high": 0.8275068251129702,
  "nDCG@10": 0.8264599905966409,
  "nDCG@10_std": 0.30091015637218727,
  "nDCG@10_stderr": 0.00781123845697733,
  "nDCG@10_ci90_low": 0.8136036156660089,
  "nDCG@10_ci90_high": 0.8393163655272728,
  "nDCG@10_ci95_low": 0.8111377393190864,
  "nDCG@10_ci95_high": 0.8417822418741954,
  "nDCG@100": 0.8380716830859755,
  "nDCG@100_std": 0.273073583721038,
  "nDCG@100_stderr": 0.007088637035262081,
  "nDCG@100_ci90_low": 0.8264046246579886,
  "nDCG@100_ci90_high": 0.8497387415139623,
  "nDCG@100_ci95_low": 0.8241668614027191,
  "nDCG@100_ci95_high": 0.8519765047692318,
  "RR@1": 0.7216981132075472,
  "RR@3": 0.7794249775381857,
  "RR@5": 0.7891621743036847,
  "RR@10": 0.7956482907628464,
  "RR@100": 0.7979266103757507,
  "P@1": 0.7216981132075472,
  "P@3": 0.2951482479784323,
  "P@5": 0.18719676549864805,
  "P@10": 0.09892183288409463,
  "P@100": 0.010464959568732966,
  "R@1": 0.6997978436657682,
  "R@3": 0.8422057502246181,
  "R@5": 0.886455525606469,
  "R@10": 0.9335130278526504,
  "R@100": 0.9843890386343217,
  "AP": 0.7924991157600265
}