nDCG@1,nDCG@1_std,nDCG@1_stderr,nDCG@1_ci90_low,nDCG@1_ci90_high,nDCG@1_ci95_low,nDCG@1_ci95_high,nDCG@3,nDCG@3_std,nDCG@3_stderr,nDCG@3_ci90_low,nDCG@3_ci90_high,nDCG@3_ci95_low,nDCG@3_ci95_high,nDCG@5,nDCG@5_std,nDCG@5_stderr,nDCG@5_ci90_low,nDCG@5_ci90_high,nDCG@5_ci95_low,nDCG@5_ci95_high,nDCG@10,nDCG@10_std,nDCG@10_stderr,nDCG@10_ci90_low,nDCG@10_ci90_high,nDCG@10_ci95_low,nDCG@10_ci95_high,nDCG@100,nDCG@100_std,nDCG@100_stderr,nDCG@100_ci90_low,nDCG@100_ci90_high,nDCG@100_ci95_low,nDCG@100_ci95_high,RR@1,RR@3,RR@5,RR@10,RR@100,P@1,P@3,P@5,P@10,P@100,R@1,R@3,R@5,R@10,R@100,AP
0.7419137466307277,0.437729202043945,0.011362883918476126,0.7232117832028044,0.760615710058651,0.7196247122355409,0.7642027810259145,0.8027803349219261,0.35747562068045413,0.0092796047476618,0.7875072026905772,0.8180534671532751,0.7845777878503979,0.8209828819934544,0.8237668294206608,0.32184021092632625,0.00835455560190516,0.810016218709121,0.8375174401322006,0.8073788262954525,0.8401548325458691,0.8382496727130201,0.29243820709967905,0.007591317611629971,0.8257552614912699,0.8507440839347703,0.8233588104491468,0.8531405349768933,0.850010034477235,0.2630992689779421,0.006829716725483969,0.8387691282654424,0.8612509406890276,0.8366131017886794,0.8634069671657906,0.7419137466307277,0.7930143755615453,0.8039645103324354,0.809705643263595,0.8121438336973689,0.7419137466307277,0.2967205750224573,0.1890835579514781,0.09946091644204608,0.010525606469002507,0.7201819407008087,0.8470350404312669,0.8970125786163521,0.939240790655885,0.9900044923629828,0.8062371414464595
