nDCG@1,nDCG@1_std,nDCG@1_stderr,nDCG@1_ci90_low,nDCG@1_ci90_high,nDCG@1_ci95_low,nDCG@1_ci95_high,nDCG@3,nDCG@3_std,nDCG@3_stderr,nDCG@3_ci90_low,nDCG@3_ci90_high,nDCG@3_ci95_low,nDCG@3_ci95_high,nDCG@5,nDCG@5_std,nDCG@5_stderr,nDCG@5_ci90_low,nDCG@5_ci90_high,nDCG@5_ci95_low,nDCG@5_ci95_high,nDCG@10,nDCG@10_std,nDCG@10_stderr,nDCG@10_ci90_low,nDCG@10_ci90_high,nDCG@10_ci95_low,nDCG@10_ci95_high,nDCG@100,nDCG@100_std,nDCG@100_stderr,nDCG@100_ci90_low,nDCG@100_ci90_high,nDCG@100_ci95_low,nDCG@100_ci95_high,RR@1,RR@3,RR@5,RR@10,RR@100,P@1,P@3,P@5,P@10,P@100,R@1,R@3,R@5,R@10,R@100,AP
0.7216981132075472,0.44831393185289614,0.011637649813842346,0.7025439176030702,0.7408523088120241,0.6988701076729575,0.7445261187421368,0.791671241175351,0.3621034933323021,0.009399738335932568,0.7762003832618228,0.8071420990888792,0.7732330442723016,0.8101094380784005,0.8105878968222345,0.33226692771140154,0.008625219683548365,0.796391805034547,0.8247839886099221,0.7936689685314988,0.8275068251129702,0.8264599905966409,0.30091015637218727,0.00781123845697733,0.8136036156660089,0.8393163655272728,0.8111377393190864,0.8417822418741954,0.8380716830859755,0.273073583721038,0.007088637035262081,0.8264046246579886,0.8497387415139623,0.8241668614027191,0.8519765047692318,0.7216981132075472,0.7794249775381857,0.7891621743036847,0.7956482907628464,0.7979266103757507,0.7216981132075472,0.2951482479784323,0.18719676549864805,0.09892183288409463,0.010464959568732966,0.6997978436657682,0.8422057502246181,0.886455525606469,0.9335130278526504,0.9843890386343217,0.7924991157600265
