{
  "nDCG@1": 0.7419137466307277,
  "nDCG@1_std": 0.437729202043945,
  "nDCG@1_stderr": 0.011362883918476126,
  "nDCG@1_ci90_low": 0.7232117832028044,
  "nDCG@1_ci90_high": 0.760615710058651,
  "nDCG@1_ci95_low": 0.7196247122355409,
  "nDCG@1_ci95_high": 0.7642027810259145,
  "nDCG@3": 0.810615234016794,
  "nDCG@3_std": 0.34678474000590065,
  "nDCG@3_stderr": 0.009002083313121925,
  "nDCG@3_ci90_low": 0.7957988692536747,
  "nDCG@3_ci90_high": 0.8254315987799133,
  "nDCG@3_ci95_low": 0.7929570632536256,
  "nDCG@3_ci95_high": 0.8282734047799625,
  "nDCG@5": 0.8272443729343764,
  "nDCG@5_std": 0.31863628902676805,
  "nDCG@5_stderr": 0.008271385933401097,
  "nDCG@5_ci90_low": 0.8136306496635457,
  "nDCG@5_ci90_high": 0.840858096205207,
  "nDCG@5_ci95_low": 0.8110195125126599,
  "nDCG@5_ci95_high": 0.8434692333560928,
  "nDCG@10": 0.8427931368578949,
  "nDCG@10_std": 0.2855724496113318,
  "nDCG@10_stderr": 0.007413091427522963,
  "nDCG@10_ci90_low": 0.8305920648624345,
  "nDCG@10_ci90_high": 0.8549942088533553,
  "nDCG@10_ci95_low": 0.8282518768231903,
  "nDCG@10_ci95_high": 0.8573343968925995,
  "nDCG@100": 0.8531922046800163,
  "nDCG@100_std": 0.25899685773442327,
  "nDCG@100_stderr": 0.006723223435732476,
  "nDCG@100_ci90_low": 0.8421265738318146,
  "nDCG@100_ci90_high": 0.8642578355282181,
  "nDCG@100_ci95_low": 0.8400041654920155,
  "nDCG@100_ci95_high": 0.8663802438680172,
  "RR@1": 0.7419137466307277,
  "RR@3": 0.7991913746630728,
  "RR@5": 0.8073113207547175,
  "RR@10": 0.8135821781542808,
  "RR@100": 0.8157413365871037,
  "P@1": 0.7419137466307277,
  "P@3": 0.3012129380053861,
  "P@5": 0.18989218328840532,
  "P@10": 0.10006738544474149,
  "P@100": 0.010518867924528113,
  "R@1": 0.7203504043126685,
  "R@3": 0.8592205750224617,
  "R@5": 0.8992587601078167,
  "R@10": 0.945473944294699,
  "R@100": 0.9893306379155434,
  "AP": 0.8100668416791994
}