{
  "nDCG@1": 0.7311320754716981,
  "nDCG@1_std": 0.44352059472534183,
  "nDCG@1_stderr": 0.011513220981796881,
  "nDCG@1_ci90_low": 0.7121826750128012,
  "nDCG@1_ci90_high": 0.750081475930595,
  "nDCG@1_ci95_low": 0.7085481451681073,
  "nDCG@1_ci95_high": 0.753716005775289,
  "nDCG@3": 0.7902537999013023,
  "nDCG@3_std": 0.3683856859350155,
  "nDCG@3_stderr": 0.009562815930401524,
  "nDCG@3_ci90_low": 0.7745145355489198,
  "nDCG@3_ci90_high": 0.8059930642536848,
  "nDCG@3_ci95_low": 0.7714957157109865,
  "nDCG@3_ci95_high": 0.8090118840916181,
  "nDCG@5": 0.8135781383382418,
  "nDCG@5_std": 0.33086682323630445,
  "nDCG@5_stderr": 0.008588874782294394,
  "nDCG@5_ci90_low": 0.7994418659607427,
  "nDCG@5_ci90_high": 0.8277144107157408,
  "nDCG@5_ci95_low": 0.7967305029305409,
  "nDCG@5_ci95_high": 0.8304257737459426,
  "nDCG@10": 0.8295157698557154,
  "nDCG@10_std": 0.29936325446866313,
  "nDCG@10_stderr": 0.007771082884351746,
  "nDCG@10_ci90_low": 0.816725486249791,
  "nDCG@10_ci90_high": 0.8423060534616398,
  "nDCG@10_ci95_low": 0.8142722863404501,
  "nDCG@10_ci95_high": 0.8447592533709807,
  "nDCG@100": 0.8412410385396316,
  "nDCG@100_std": 0.2712633172959386,
  "nDCG@100_stderr": 0.007041644860296669,
  "nDCG@100_ci90_low": 0.8296513236754712,
  "nDCG@100_ci90_high": 0.852830753403792,
  "nDCG@100_ci95_low": 0.8274283950579324,
  "nDCG@100_ci95_high": 0.8550536820213308,
  "RR@1": 0.7311320754716981,
  "RR@3": 0.7814465408805034,
  "RR@5": 0.7934411500449245,
  "RR@10": 0.7996464938176533,
  "RR@100": 0.8020635595885535,
  "P@1": 0.7311320754716981,
  "P@3": 0.2913297394429427,
  "P@5": 0.1874663072776237,
  "P@10": 0.09912398921832642,
  "P@100": 0.01049191374663054,
  "R@1": 0.7097371967654986,
  "R@3": 0.8331648697214734,
  "R@5": 0.8888140161725068,
  "R@10": 0.9362084456424079,
  "R@100": 0.9866352201257861,
  "AP": 0.7958537261206131
}