nDCG@1,nDCG@3,nDCG@5,nDCG@10,nDCG@100,RR@1,RR@3,RR@5,RR@10,RR@100,P@1,P@3,P@5,P@10,P@100,R@1,R@3,R@5,R@10,R@100,AP
0.09164420485175202,0.13570375665487952,0.15658266362671044,0.179975017762751,0.23314922718978326,0.09097035040431267,0.1258984725965858,0.13782569631626226,0.14784847901424703,0.15764558757255753,0.09164420485175202,0.05705300988319847,0.04460916442048544,0.029716981132075708,0.005707547169811231,0.08984725965858043,0.16666666666666666,0.21658805031446543,0.2879043126684636,0.546552111410602,0.15531647972948584
