{
  "nDCG@1": 0.12870619946091644,
  "nDCG@1_std": 0.3349873598957566,
  "nDCG@1_stderr": 0.008695838584399786,
  "nDCG@1_ci90_low": 0.1143938773121235,
  "nDCG@1_ci90_high": 0.14301852160970938,
  "nDCG@1_ci95_low": 0.11164874761213672,
  "nDCG@1_ci95_high": 0.14576365130969615,
  "nDCG@3": 0.2043788912855273,
  "nDCG@3_std": 0.3577665467977371,
  "nDCG@3_stderr": 0.009287156813377552,
  "nDCG@3_ci90_low": 0.18909332924693625,
  "nDCG@3_ci90_high": 0.21966445332411835,
  "nDCG@3_ci95_low": 0.18616153034687685,
  "nDCG@3_ci95_high": 0.22259625222417775,
  "nDCG@5": 0.23246582245010305,
  "nDCG@5_std": 0.35687131569512537,
  "nDCG@5_stderr": 0.009263917771861275,
  "nDCG@5_ci90_low": 0.2172185091261566,
  "nDCG@5_ci90_high": 0.24771313577404952,
  "nDCG@5_ci95_low": 0.21429404639988267,
  "nDCG@5_ci95_high": 0.2506375985003234,
  "nDCG@10": 0.2645911693520264,
  "nDCG@10_std": 0.34894181523503953,
  "nDCG@10_stderr": 0.009058078196071646,
  "nDCG@10_ci90_low": 0.2496826436321826,
  "nDCG@10_ci90_high": 0.2794996950718702,
  "nDCG@10_ci95_low": 0.24682316099120447,
  "nDCG@10_ci95_high": 0.28235917771284835,
  "nDCG@100": 0.32826080548286085,
  "nDCG@100_std": 0.314021244643483,
  "nDCG@100_stderr": 0.008151585350389918,
  "nDCG@100_ci90_low": 0.3148442598069254,
  "nDCG@100_ci90_high": 0.3416773511587963,
  "nDCG@100_ci95_low": 0.31227094168123287,
  "nDCG@100_ci95_high": 0.34425066928448883,
  "RR@1": 0.1293800539083558,
  "RR@3": 0.18823000898472603,
  "RR@5": 0.20356019766397104,
  "RR@10": 0.21723329268814434,
  "RR@100": 0.22880634993723528,
  "P@1": 0.12870619946091644,
  "P@3": 0.08984725965858004,
  "P@5": 0.06819407008086313,
  "P@10": 0.044272237196765866,
  "P@100": 0.007722371967654854,
  "R@1": 0.12533692722371967,
  "R@3": 0.26117475292003595,
  "R@5": 0.3292340521114106,
  "R@10": 0.4279537286612758,
  "R@100": 0.7349505840071877,
  "AP": 0.2239949336253807
}