nDCG@1,nDCG@3,nDCG@5,nDCG@10,nDCG@100,RR@1,RR@3,RR@5,RR@10,RR@100,P@1,P@3,P@5,P@10,P@100,R@1,R@3,R@5,R@10,R@100,AP
0.13140161725067384,0.20978337672231576,0.2355962389489231,0.27007462933225856,0.33627164219271904,0.1320754716981132,0.19305929919137474,0.20717654986522896,0.22148980661446938,0.23346058894026223,0.13140161725067384,0.09209344115004461,0.06846361185983887,0.045148247978436966,0.007958221024258623,0.12848158131176998,0.26757637017070984,0.33024483378256964,0.436039982030548,0.7568508535489666,0.22918121311288872
