{
  "nDCG@1": 0.12735849056603774,
  "nDCG@3": 0.20068376199906968,
  "nDCG@5": 0.23155477366280444,
  "nDCG@10": 0.26430210715818786,
  "nDCG@100": 0.3302840925255514,
  "RR@1": 0.1280323450134771,
  "RR@3": 0.1859838274932615,
  "RR@5": 0.20279649595687307,
  "RR@10": 0.21615245154665608,
  "RR@100": 0.22815191921217748,
  "P@1": 0.12735849056603774,
  "P@3": 0.08760107816711545,
  "P@5": 0.06805929919137525,
  "P@10": 0.04454177897574158,
  "P@100": 0.00787061994609151,
  "R@1": 0.12443845462713386,
  "R@3": 0.2544362084456424,
  "R@5": 0.3292340521114106,
  "R@10": 0.42997529200359386,
  "R@100": 0.7489330637915542,
  "AP": 0.2235410850776372
}