{
  "nDCG@1": 0.13140161725067384,
  "nDCG@1_std": 0.33795294736084847,
  "nDCG@1_stderr": 0.00877282139925102,
  "nDCG@1_ci90_low": 0.11696259049077551,
  "nDCG@1_ci90_high": 0.14584064401057217,
  "nDCG@1_ci95_low": 0.11419315861344428,
  "nDCG@1_ci95_high": 0.1486100758879034,
  "nDCG@3": 0.20978337672231576,
  "nDCG@3_std": 0.36124866877835743,
  "nDCG@3_stderr": 0.009377548196157152,
  "nDCG@3_ci90_low": 0.1943490411551846,
  "nDCG@3_ci90_high": 0.22521771228944693,
  "nDCG@3_ci95_low": 0.19138870721884516,
  "nDCG@3_ci95_high": 0.22817804622578636,
  "nDCG@5": 0.2355962389489231,
  "nDCG@5_std": 0.36031694653561663,
  "nDCG@5_stderr": 0.0093533618918414,
  "nDCG@5_ci90_low": 0.2202017111790039,
  "nDCG@5_ci90_high": 0.2509907667188423,
  "nDCG@5_ci95_low": 0.21724901245135259,
  "nDCG@5_ci95_high": 0.2539434654464936,
  "nDCG@10": 0.27007462933225856,
  "nDCG@10_std": 0.35170689657905624,
  "nDCG@10_stderr": 0.009129856131357882,
  "nDCG@10_ci90_low": 0.2550479656176692,
  "nDCG@10_ci90_high": 0.28510129304684795,
  "nDCG@10_ci95_low": 0.2521658238921134,
  "nDCG@10_ci95_high": 0.28798343477240373,
  "nDCG@100": 0.33627164219271904,
  "nDCG@100_std": 0.3137639199085411,
  "nDCG@100_stderr": 0.008144905533099125,
  "nDCG@100_ci90_low": 0.3228660907062494,
  "nDCG@100_ci90_high": 0.3496771936791887,
  "nDCG@100_ci95_low": 0.3202948812863082,
  "nDCG@100_ci95_high": 0.3522484030991299,
  "RR@1": 0.1320754716981132,
  "RR@3": 0.19305929919137474,
  "RR@5": 0.20717654986522896,
  "RR@10": 0.22148980661446938,
  "RR@100": 0.23346058894026223,
  "P@1": 0.13140161725067384,
  "P@3": 0.09209344115004461,
  "P@5": 0.06846361185983887,
  "P@10": 0.045148247978436966,
  "P@100": 0.007958221024258623,
  "R@1": 0.12848158131176998,
  "R@3": 0.26757637017070984,
  "R@5": 0.33024483378256964,
  "R@10": 0.436039982030548,
  "R@100": 0.7568508535489666,
  "AP": 0.22918121311288872
}