{
  "nDCG@1": 0.12668463611859837,
  "nDCG@3": 0.19678748343331284,
  "nDCG@5": 0.22781203427411262,
  "nDCG@10": 0.2607931603787652,
  "nDCG@100": 0.32608510141481273,
  "RR@1": 0.12735849056603774,
  "RR@3": 0.1822776280323451,
  "RR@5": 0.19942722371967636,
  "RR@10": 0.21305860394472223,
  "RR@100": 0.22515672059082092,
  "P@1": 0.12668463611859837,
  "P@3": 0.08557951482479736,
  "P@5": 0.06684636118598442,
  "P@10": 0.04400269541779013,
  "P@100": 0.007762803234501215,
  "R@1": 0.12342767295597484,
  "R@3": 0.24915768194070084,
  "R@5": 0.3238432165318958,
  "R@10": 0.4249213836477987,
  "R@100": 0.7393306379155434,
  "AP": 0.22049255777505372
}