{
  "nDCG@1": 0.10040431266846361,
  "nDCG@3": 0.14929539816770238,
  "nDCG@5": 0.17410551466256846,
  "nDCG@10": 0.1994868815447325,
  "nDCG@100": 0.25725095189048935,
  "RR@1": 0.09973045822102426,
  "RR@3": 0.13870170709793353,
  "RR@5": 0.152717879604672,
  "RR@10": 0.16319177041885918,
  "RR@100": 0.17406687607324356,
  "P@1": 0.10040431266846361,
  "P@3": 0.06356693620844547,
  "P@5": 0.05053908355795183,
  "P@10": 0.03335579514824827,
  "P@100": 0.0063072776280322426,
  "R@1": 0.09827044025157232,
  "R@3": 0.1844676549865229,
  "R@5": 0.244777628032345,
  "R@10": 0.3224955076370171,
  "R@100": 0.6021451033243487,
  "AP": 0.1709997108555774
}