nDCG@1,nDCG@3,nDCG@5,nDCG@10,nDCG@100,RR@1,RR@3,RR@5,RR@10,RR@100,P@1,P@3,P@5,P@10,P@100,R@1,R@3,R@5,R@10,R@100,AP
0.10040431266846361,0.14929539816770238,0.17410551466256846,0.1994868815447325,0.25725095189048935,0.09973045822102426,0.13870170709793353,0.152717879604672,0.16319177041885918,0.17406687607324356,0.10040431266846361,0.06356693620844547,0.05053908355795183,0.03335579514824827,0.0063072776280322426,0.09827044025157232,0.1844676549865229,0.244777628032345,0.3224955076370171,0.6021451033243487,0.1709997108555774
