{
  "nDCG@1": 0.10040431266846361,
  "nDCG@1_std": 0.30063963886370965,
  "nDCG@1_stderr": 0.007804216172349315,
  "nDCG@1_ci90_low": 0.08755949558804253,
  "nDCG@1_ci90_high": 0.1132491297488847,
  "nDCG@1_ci95_low": 0.0850958360580385,
  "nDCG@1_ci95_high": 0.11571278927888873,
  "nDCG@3": 0.14929539816770238,
  "nDCG@3_std": 0.32444861715119455,
  "nDCG@3_stderr": 0.008422266453744635,
  "nDCG@3_ci90_low": 0.13543334339989468,
  "nDCG@3_ci90_high": 0.16315745293551007,
  "nDCG@3_ci95_low": 0.13277457581135482,
  "nDCG@3_ci95_high": 0.16581622052404993,
  "nDCG@5": 0.17410551466256846,
  "nDCG@5_std": 0.3275578803439359,
  "nDCG@5_stderr": 0.008502978904652956,
  "nDCG@5_ci90_low": 0.16011061674368265,
  "nDCG@5_ci90_high": 0.18810041258145427,
  "nDCG@5_ci95_low": 0.15742636959454642,
  "nDCG@5_ci95_high": 0.1907846597305905,
  "nDCG@10": 0.1994868815447325,
  "nDCG@10_std": 0.3256546688320956,
  "nDCG@10_stderr": 0.008453573995452547,
  "nDCG@10_ci90_low": 0.18557329826495195,
  "nDCG@10_ci90_high": 0.21340046482451303,
  "nDCG@10_ci95_low": 0.18290464741308537,
  "nDCG@10_ci95_high": 0.2160691156763796,
  "nDCG@100": 0.25725095189048935,
  "nDCG@100_std": 0.30397077253149724,
  "nDCG@100_stderr": 0.007890688093818694,
  "nDCG@100_ci90_low": 0.24426381225142335,
  "nDCG@100_ci90_high": 0.27023809152955536,
  "nDCG@100_ci95_low": 0.2417728549930247,
  "nDCG@100_ci95_high": 0.272729048787954,
  "RR@1": 0.09973045822102426,
  "RR@3": 0.13870170709793353,
  "RR@5": 0.152717879604672,
  "RR@10": 0.16319177041885918,
  "RR@100": 0.17406687607324356,
  "P@1": 0.10040431266846361,
  "P@3": 0.06356693620844547,
  "P@5": 0.05053908355795183,
  "P@10": 0.03335579514824827,
  "P@100": 0.0063072776280322426,
  "R@1": 0.09827044025157232,
  "R@3": 0.1844676549865229,
  "R@5": 0.244777628032345,
  "R@10": 0.3224955076370171,
  "R@100": 0.6021451033243487,
  "AP": 0.1709997108555774
}