nDCG@1,nDCG@1_std,nDCG@1_stderr,nDCG@1_ci90_low,nDCG@1_ci90_high,nDCG@1_ci95_low,nDCG@1_ci95_high,nDCG@3,nDCG@3_std,nDCG@3_stderr,nDCG@3_ci90_low,nDCG@3_ci90_high,nDCG@3_ci95_low,nDCG@3_ci95_high,nDCG@5,nDCG@5_std,nDCG@5_stderr,nDCG@5_ci90_low,nDCG@5_ci90_high,nDCG@5_ci95_low,nDCG@5_ci95_high,nDCG@10,nDCG@10_std,nDCG@10_stderr,nDCG@10_ci90_low,nDCG@10_ci90_high,nDCG@10_ci95_low,nDCG@10_ci95_high,nDCG@100,nDCG@100_std,nDCG@100_stderr,nDCG@100_ci90_low,nDCG@100_ci90_high,nDCG@100_ci95_low,nDCG@100_ci95_high,RR@1,RR@3,RR@5,RR@10,RR@100,P@1,P@3,P@5,P@10,P@100,R@1,R@3,R@5,R@10,R@100,AP
0.12870619946091644,0.3349873598957566,0.008695838584399786,0.1143938773121235,0.14301852160970938,0.11164874761213672,0.14576365130969615,0.2043788912855273,0.3577665467977371,0.009287156813377552,0.18909332924693625,0.21966445332411835,0.18616153034687685,0.22259625222417775,0.23246582245010305,0.35687131569512537,0.009263917771861275,0.2172185091261566,0.24771313577404952,0.21429404639988267,0.2506375985003234,0.2645911693520264,0.34894181523503953,0.009058078196071646,0.2496826436321826,0.2794996950718702,0.24682316099120447,0.28235917771284835,0.32826080548286085,0.314021244643483,0.008151585350389918,0.3148442598069254,0.3416773511587963,0.31227094168123287,0.34425066928448883,0.1293800539083558,0.18823000898472603,0.20356019766397104,0.21723329268814434,0.22880634993723528,0.12870619946091644,0.08984725965858004,0.06819407008086313,0.044272237196765866,0.007722371967654854,0.12533692722371967,0.26117475292003595,0.3292340521114106,0.4279537286612758,0.7349505840071877,0.2239949336253807
