nDCG@1,nDCG@1_std,nDCG@1_stderr,nDCG@1_ci90_low,nDCG@1_ci90_high,nDCG@1_ci95_low,nDCG@1_ci95_high,nDCG@3,nDCG@3_std,nDCG@3_stderr,nDCG@3_ci90_low,nDCG@3_ci90_high,nDCG@3_ci95_low,nDCG@3_ci95_high,nDCG@5,nDCG@5_std,nDCG@5_stderr,nDCG@5_ci90_low,nDCG@5_ci90_high,nDCG@5_ci95_low,nDCG@5_ci95_high,nDCG@10,nDCG@10_std,nDCG@10_stderr,nDCG@10_ci90_low,nDCG@10_ci90_high,nDCG@10_ci95_low,nDCG@10_ci95_high,nDCG@100,nDCG@100_std,nDCG@100_stderr,nDCG@100_ci90_low,nDCG@100_ci90_high,nDCG@100_ci95_low,nDCG@100_ci95_high,RR@1,RR@3,RR@5,RR@10,RR@100,P@1,P@3,P@5,P@10,P@100,R@1,R@3,R@5,R@10,R@100,AP
0.10040431266846361,0.30063963886370965,0.007804216172349315,0.08755949558804253,0.1132491297488847,0.0850958360580385,0.11571278927888873,0.14929539816770238,0.32444861715119455,0.008422266453744635,0.13543334339989468,0.16315745293551007,0.13277457581135482,0.16581622052404993,0.17410551466256846,0.3275578803439359,0.008502978904652956,0.16011061674368265,0.18810041258145427,0.15742636959454642,0.1907846597305905,0.1994868815447325,0.3256546688320956,0.008453573995452547,0.18557329826495195,0.21340046482451303,0.18290464741308537,0.2160691156763796,0.25725095189048935,0.30397077253149724,0.007890688093818694,0.24426381225142335,0.27023809152955536,0.2417728549930247,0.272729048787954,0.09973045822102426,0.13870170709793353,0.152717879604672,0.16319177041885918,0.17406687607324356,0.10040431266846361,0.06356693620844547,0.05053908355795183,0.03335579514824827,0.0063072776280322426,0.09827044025157232,0.1844676549865229,0.244777628032345,0.3224955076370171,0.6021451033243487,0.1709997108555774
