nDCG@1,nDCG@3,nDCG@5,nDCG@10,nDCG@100,RR@1,RR@3,RR@5,RR@10,RR@100,P@1,P@3,P@5,P@10,P@100,R@1,R@3,R@5,R@10,R@100,AP
0.12735849056603774,0.20068376199906968,0.23155477366280444,0.26430210715818786,0.3302840925255514,0.1280323450134771,0.1859838274932615,0.20279649595687307,0.21615245154665608,0.22815191921217748,0.12735849056603774,0.08760107816711545,0.06805929919137525,0.04454177897574158,0.00787061994609151,0.12443845462713386,0.2544362084456424,0.3292340521114106,0.42997529200359386,0.7489330637915542,0.2235410850776372
