{
  "nDCG@1": 0.1192722371967655,
  "nDCG@3": 0.18299886148581598,
  "nDCG@5": 0.21325811580673512,
  "nDCG@10": 0.24126153915170848,
  "nDCG@100": 0.3028450085257531,
  "RR@1": 0.11859838274932614,
  "RR@3": 0.16947439353099739,
  "RR@5": 0.1859501347708894,
  "RR@10": 0.19794875497368752,
  "RR@100": 0.20921370937140796,
  "P@1": 0.1192722371967655,
  "P@3": 0.07929020664869685,
  "P@5": 0.0625336927223725,
  "P@10": 0.04022911051212977,
  "P@100": 0.00719676549865217,
  "R@1": 0.11590296495956873,
  "R@3": 0.22984052111410605,
  "R@5": 0.30329065588499554,
  "R@10": 0.3888701707097933,
  "R@100": 0.6867699910152741,
  "AP": 0.20522292663752265
}