nDCG@1,nDCG@3,nDCG@5,nDCG@10,nDCG@100,RR@1,RR@3,RR@5,RR@10,RR@100,P@1,P@3,P@5,P@10,P@100,R@1,R@3,R@5,R@10,R@100,AP
0.12870619946091644,0.2043788912855273,0.23246582245010305,0.2645911693520264,0.32826080548286085,0.1293800539083558,0.18823000898472603,0.20356019766397104,0.21723329268814434,0.22880634993723528,0.12870619946091644,0.08984725965858004,0.06819407008086313,0.044272237196765866,0.007722371967654854,0.12533692722371967,0.26117475292003595,0.3292340521114106,0.4279537286612758,0.7349505840071877,0.2239949336253807
