nDCG@1,nDCG@3,nDCG@5,nDCG@10,nDCG@100,RR@1,RR@3,RR@5,RR@10,RR@100,P@1,P@3,P@5,P@10,P@100,R@1,R@3,R@5,R@10,R@100,AP
0.1192722371967655,0.18299886148581598,0.21325811580673512,0.24126153915170848,0.3028450085257531,0.11859838274932614,0.16947439353099739,0.1859501347708894,0.19794875497368752,0.20921370937140796,0.1192722371967655,0.07929020664869685,0.0625336927223725,0.04022911051212977,0.00719676549865217,0.11590296495956873,0.22984052111410605,0.30329065588499554,0.3888701707097933,0.6867699910152741,0.20522292663752265
