{
  "nDCG@1": 0.12735849056603774,
  "nDCG@1_std": 0.33348650195753826,
  "nDCG@1_stderr": 0.008656878253559474,
  "nDCG@1_ci90_low": 0.11311029251529447,
  "nDCG@1_ci90_high": 0.141606688616781,
  "nDCG@1_ci95_low": 0.11037746193519969,
  "nDCG@1_ci95_high": 0.14433951919687577,
  "nDCG@3": 0.20068376199906968,
  "nDCG@3_std": 0.3564730454345283,
  "nDCG@3_stderr": 0.009253579191025875,
  "nDCG@3_ci90_low": 0.1854534647567859,
  "nDCG@3_ci90_high": 0.21591405924135346,
  "nDCG@3_ci95_low": 0.18253226574625733,
  "nDCG@3_ci95_high": 0.21883525825188202,
  "nDCG@5": 0.23155477366280444,
  "nDCG@5_std": 0.3560353483935281,
  "nDCG@5_stderr": 0.009242217141966496,
  "nDCG@5_ci90_low": 0.21634317700986921,
  "nDCG@5_ci90_high": 0.24676637031573967,
  "nDCG@5_ci95_low": 0.21342556480675695,
  "nDCG@5_ci95_high": 0.24968398251885193,
  "nDCG@10": 0.26430210715818786,
  "nDCG@10_std": 0.34818653273227174,
  "nDCG@10_stderr": 0.009038472039195356,
  "nDCG@10_ci90_low": 0.24942585085440894,
  "nDCG@10_ci90_high": 0.2791783634619668,
  "nDCG@10_ci95_low": 0.24657255754675633,
  "nDCG@10_ci95_high": 0.2820316567696194,
  "nDCG@100": 0.3302840925255514,
  "nDCG@100_std": 0.3113814143531736,
  "nDCG@100_stderr": 0.008083058770456026,
  "nDCG@100_ci90_low": 0.3169803334978788,
  "nDCG@100_ci90_high": 0.343587851553224,
  "nDCG@100_ci95_low": 0.3144286480586706,
  "nDCG@100_ci95_high": 0.3461395369924322,
  "RR@1": 0.1280323450134771,
  "RR@3": 0.1859838274932615,
  "RR@5": 0.20279649595687307,
  "RR@10": 0.21615245154665608,
  "RR@100": 0.22815191921217748,
  "P@1": 0.12735849056603774,
  "P@3": 0.08760107816711545,
  "P@5": 0.06805929919137525,
  "P@10": 0.04454177897574158,
  "P@100": 0.00787061994609151,
  "R@1": 0.12443845462713386,
  "R@3": 0.2544362084456424,
  "R@5": 0.3292340521114106,
  "R@10": 0.42997529200359386,
  "R@100": 0.7489330637915542,
  "AP": 0.2235410850776372
}