{
  "nDCG@1": 0.7479784366576819,
  "nDCG@1_std": 0.43431993585648626,
  "nDCG@1_stderr": 0.011274383777854047,
  "nDCG@1_ci90_low": 0.7294221339973204,
  "nDCG@1_ci90_high": 0.7665347393180435,
  "nDCG@1_ci95_low": 0.7258630010330587,
  "nDCG@1_ci95_high": 0.7700938722823052,
  "nDCG@3": 0.820091478465574,
  "nDCG@3_std": 0.33689314310748486,
  "nDCG@3_stderr": 0.008745310251603005,
  "nDCG@3_ci90_low": 0.8056977318018963,
  "nDCG@3_ci90_high": 0.8344852251292516,
  "nDCG@3_ci95_low": 0.8029369847302634,
  "nDCG@3_ci95_high": 0.8372459722008845,
  "nDCG@5": 0.8379564025778916,
  "nDCG@5_std": 0.30549889878882186,
  "nDCG@5_stderr": 0.007930356274953686,
  "nDCG@5_ci90_low": 0.8249039738028843,
  "nDCG@5_ci90_high": 0.851008831352899,
  "nDCG@5_ci95_low": 0.8224004939681842,
  "nDCG@5_ci95_high": 0.8535123111875991,
  "nDCG@10": 0.852443179481018,
  "nDCG@10_std": 0.2725122666793561,
  "nDCG@10_stderr": 0.00707406597087727,
  "nDCG@10_ci90_low": 0.8408001033021841,
  "nDCG@10_ci90_high": 0.8640862556598519,
  "nDCG@10_ci95_low": 0.8385669398863914,
  "nDCG@10_ci95_high": 0.8663194190756446,
  "nDCG@100": 0.8604948212083404,
  "nDCG@100_std": 0.25066585086406556,
  "nDCG@100_stderr": 0.006506961272847583,
  "nDCG@100_ci90_low": 0.8497851323102751,
  "nDCG@100_ci90_high": 0.8712045101064058,
  "nDCG@100_ci95_low": 0.8477309942908778,
  "nDCG@100_ci95_high": 0.873258648125803,
  "RR@1": 0.7479784366576819,
  "RR@3": 0.8071653189577719,
  "RR@5": 0.815925426774484,
  "RR@10": 0.8216205664655803,
  "RR@100": 0.8231800263528424,
  "P@1": 0.7479784366576819,
  "P@3": 0.30570530098831483,
  "P@5": 0.19353099730457773,
  "P@10": 0.10154986522910796,
  "P@100": 0.010559299191374475,
  "R@1": 0.7261343216531897,
  "R@3": 0.8711814914645103,
  "R@5": 0.9132412398921833,
  "R@10": 0.9570417789757413,
  "R@100": 0.9925876010781671,
  "AP": 0.8185664970476388
}