nDCG@1,nDCG@1_std,nDCG@1_stderr,nDCG@1_ci90_low,nDCG@1_ci90_high,nDCG@1_ci95_low,nDCG@1_ci95_high,nDCG@3,nDCG@3_std,nDCG@3_stderr,nDCG@3_ci90_low,nDCG@3_ci90_high,nDCG@3_ci95_low,nDCG@3_ci95_high,nDCG@5,nDCG@5_std,nDCG@5_stderr,nDCG@5_ci90_low,nDCG@5_ci90_high,nDCG@5_ci95_low,nDCG@5_ci95_high,nDCG@10,nDCG@10_std,nDCG@10_stderr,nDCG@10_ci90_low,nDCG@10_ci90_high,nDCG@10_ci95_low,nDCG@10_ci95_high,nDCG@100,nDCG@100_std,nDCG@100_stderr,nDCG@100_ci90_low,nDCG@100_ci90_high,nDCG@100_ci95_low,nDCG@100_ci95_high,RR@1,RR@3,RR@5,RR@10,RR@100,P@1,P@3,P@5,P@10,P@100,R@1,R@3,R@5,R@10,R@100,AP
0.16913746630727763,0.3749996592103404,0.009734506122000565,0.15311562019948383,0.18515931241507144,0.15004260066136282,0.18823233195319244,0.2544059223106684,0.3884193922758886,0.010082865035065385,0.23781071862053266,0.2710011260008041,0.23462772804405488,0.27418411657728187,0.29113465218417867,0.3827046951464895,0.009934518889075126,0.2747836087104887,0.30748569565786865,0.27164744851239064,0.3106218558559667,0.32499439664939433,0.37005055415844973,0.009606033756112277,0.3091840008657946,0.34080479243299405,0.3061515378885854,0.34383725541020327,0.3890190383655476,0.32569861884369367,0.008454714880907922,0.3751035773232012,0.40293449940789394,0.3724345663130224,0.40560351041807274,0.16913746630727763,0.2368598382749325,0.2573113207547165,0.2713098446925937,0.2828064507541741,0.16913746630727763,0.1089398023360289,0.08369272237196847,0.05276280323450124,0.008605121293800389,0.16442048517520216,0.3163185085354897,0.4044811320754717,0.5079177897574124,0.8176662174303683,0.2783038262975971
