nDCG@1,nDCG@1_std,nDCG@1_stderr,nDCG@1_ci90_low,nDCG@1_ci90_high,nDCG@1_ci95_low,nDCG@1_ci95_high,nDCG@3,nDCG@3_std,nDCG@3_stderr,nDCG@3_ci90_low,nDCG@3_ci90_high,nDCG@3_ci95_low,nDCG@3_ci95_high,nDCG@5,nDCG@5_std,nDCG@5_stderr,nDCG@5_ci90_low,nDCG@5_ci90_high,nDCG@5_ci95_low,nDCG@5_ci95_high,nDCG@10,nDCG@10_std,nDCG@10_stderr,nDCG@10_ci90_low,nDCG@10_ci90_high,nDCG@10_ci95_low,nDCG@10_ci95_high,nDCG@100,nDCG@100_std,nDCG@100_stderr,nDCG@100_ci90_low,nDCG@100_ci90_high,nDCG@100_ci95_low,nDCG@100_ci95_high,RR@1,RR@3,RR@5,RR@10,RR@100,P@1,P@3,P@5,P@10,P@100,R@1,R@3,R@5,R@10,R@100,AP
0.1792452830188679,0.38368686898328475,0.00996001485151756,0.1628522762055382,0.19563828983219764,0.1597080673617516,0.19878249867598421,0.2690822490408453,0.3945167785764506,0.010241145296962184,0.2522265347540517,0.28593796332763893,0.24899357776621095,0.2891709203154797,0.30475983878429597,0.3875602438103702,0.010060562652138137,0.28820134217951404,0.3213183353890779,0.2850253920894896,0.3244942854791023,0.339160461705327,0.37371157689100365,0.00970106917101872,0.3231936488653981,0.3551272745452559,0.3201311848092271,0.3581897386014269,0.40257895057543075,0.3282235996026029,0.008520260115555052,0.38855560982666126,0.41660229132420024,0.3858659072904639,0.4192919938603976,0.1792452830188679,0.2508984725965856,0.27067610062893027,0.28491742608993254,0.29675822617685704,0.1792452830188679,0.11500449236298325,0.08665768194070163,0.054582210242587394,0.00870619946091629,0.1737982929020665,0.33417565139263256,0.4203167115902965,0.5247641509433962,0.826987870619946,0.29173656698268857
