{
  "nDCG@1": 0.15700808625336926,
  "nDCG@1_std": 0.3639310323307161,
  "nDCG@1_stderr": 0.00944717888456058,
  "nDCG@1_ci90_low": 0.1414591468059798,
  "nDCG@1_ci90_high": 0.17255702570075873,
  "nDCG@1_ci95_low": 0.13847683163471844,
  "nDCG@1_ci95_high": 0.17553934087202008,
  "nDCG@3": 0.23894754023963963,
  "nDCG@3_std": 0.3800499903337197,
  "nDCG@3_stderr": 0.009865606185777129,
  "nDCG@3_ci90_low": 0.2227099189276161,
  "nDCG@3_ci90_high": 0.25518516155166315,
  "nDCG@3_ci95_low": 0.21959551330864158,
  "nDCG@3_ci95_high": 0.2582995671706377,
  "nDCG@5": 0.27077464219826924,
  "nDCG@5_std": 0.3762425334587572,
  "nDCG@5_stderr": 0.009766769529934233,
  "nDCG@5_ci90_low": 0.25469969433571277,
  "nDCG@5_ci90_high": 0.2868495900608257,
  "nDCG@5_ci95_low": 0.25161648978340573,
  "nDCG@5_ci95_high": 0.28993279461313276,
  "nDCG@10": 0.3026038141520752,
  "nDCG@10_std": 0.3662288595971768,
  "nDCG@10_stderr": 0.009506827508348034,
  "nDCG@10_ci90_low": 0.286956700122546,
  "nDCG@10_ci90_high": 0.31825092818160444,
  "nDCG@10_ci95_low": 0.2839555548859456,
  "nDCG@10_ci95_high": 0.32125207341820483,
  "nDCG@100": 0.36529773103537105,
  "nDCG@100_std": 0.3270023124225532,
  "nDCG@100_stderr": 0.0084885570799951,
  "nDCG@100_ci90_low": 0.3513265697346933,
  "nDCG@100_ci90_high": 0.3792688923360488,
  "nDCG@100_ci95_low": 0.3486468753125669,
  "nDCG@100_ci95_high": 0.3819485867581752,
  "RR@1": 0.15700808625336926,
  "RR@3": 0.22158580413297382,
  "RR@5": 0.23977987421383604,
  "RR@10": 0.25287939075001037,
  "RR@100": 0.264334327127528,
  "P@1": 0.15700808625336926,
  "P@3": 0.10265049415992811,
  "P@5": 0.07749326145552635,
  "P@10": 0.048921832884097155,
  "P@100": 0.008133423180592852,
  "R@1": 0.1522349505840072,
  "R@3": 0.2990229110512129,
  "R@5": 0.3753930817610062,
  "R@10": 0.471866576819407,
  "R@100": 0.7738656783468103,
  "AP": 0.26023116782485717
}