nDCG@1,nDCG@1_std,nDCG@1_stderr,nDCG@1_ci90_low,nDCG@1_ci90_high,nDCG@1_ci95_low,nDCG@1_ci95_high,nDCG@3,nDCG@3_std,nDCG@3_stderr,nDCG@3_ci90_low,nDCG@3_ci90_high,nDCG@3_ci95_low,nDCG@3_ci95_high,nDCG@5,nDCG@5_std,nDCG@5_stderr,nDCG@5_ci90_low,nDCG@5_ci90_high,nDCG@5_ci95_low,nDCG@5_ci95_high,nDCG@10,nDCG@10_std,nDCG@10_stderr,nDCG@10_ci90_low,nDCG@10_ci90_high,nDCG@10_ci95_low,nDCG@10_ci95_high,nDCG@100,nDCG@100_std,nDCG@100_stderr,nDCG@100_ci90_low,nDCG@100_ci90_high,nDCG@100_ci95_low,nDCG@100_ci95_high,RR@1,RR@3,RR@5,RR@10,RR@100,P@1,P@3,P@5,P@10,P@100,R@1,R@3,R@5,R@10,R@100,AP
0.1765498652291105,0.381415837822522,0.00990106181997547,0.1602538881353287,0.1928458423228923,0.15712828977013138,0.19597144068808964,0.2680809224364088,0.39286378705864944,0.010198235775168126,0.2512958321490382,0.28486601272377937,0.2480764209741223,0.2880854238986953,0.3042266689727477,0.3859178218354318,0.010017927502005964,0.2877383447840739,0.3207149931614215,0.28457585389246437,0.323877484053031,0.33722281201176424,0.37267615185159864,0.009674190876232572,0.32130023766707144,0.35314538635645704,0.31824625863561495,0.3561993653879135,0.4014201443405887,0.3267116058146751,0.008481010712459583,0.3874614034686221,0.4153788852125553,0.3847840913075563,0.4180561973736211,0.1765498652291105,0.24910152740341387,0.2692160826594783,0.2829327643006885,0.2950016623965828,0.1765498652291105,0.11522911051212971,0.08706199460916522,0.054312668463611664,0.008712938005390683,0.1711028751123091,0.3351864330637916,0.42233827493261455,0.5224056603773585,0.8276617250673854,0.2900645851577002
