{
  "nDCG@1": 0.15161725067385445,
  "nDCG@1_std": 0.3587703944768248,
  "nDCG@1_stderr": 0.009313215400732572,
  "nDCG@1_ci90_low": 0.13628879928154006,
  "nDCG@1_ci90_high": 0.16694570206616885,
  "nDCG@1_ci95_low": 0.1333487741245885,
  "nDCG@1_ci95_high": 0.1698857272231204,
  "nDCG@3": 0.23153966533667042,
  "nDCG@3_std": 0.3759189787916503,
  "nDCG@3_stderr": 0.009758370469267388,
  "nDCG@3_ci90_low": 0.21547854133490024,
  "nDCG@3_ci90_high": 0.2476007893384406,
  "nDCG@3_ci95_low": 0.21239798822450592,
  "nDCG@3_ci95_high": 0.25068134244883494,
  "nDCG@5": 0.2629619207163726,
  "nDCG@5_std": 0.37302355031635914,
  "nDCG@5_stderr": 0.00968320889104652,
  "nDCG@5_ci90_low": 0.24702450378554996,
  "nDCG@5_ci90_high": 0.2788993376471952,
  "nDCG@5_ci95_low": 0.2439676779187871,
  "nDCG@5_ci95_high": 0.2819561635139581,
  "nDCG@10": 0.29604728002287467,
  "nDCG@10_std": 0.3629588975701564,
  "nDCG@10_stderr": 0.009421943523552506,
  "nDCG@10_ci90_low": 0.28053987499597643,
  "nDCG@10_ci90_high": 0.3115546850497729,
  "nDCG@10_ci95_low": 0.27756552620292246,
  "nDCG@10_ci95_high": 0.3145290338428269,
  "nDCG@100": 0.356527959063669,
  "nDCG@100_std": 0.3258280440054993,
  "nDCG@100_stderr": 0.008458074590707633,
  "nDCG@100_ci90_low": 0.34260696833623094,
  "nDCG@100_ci90_high": 0.3704489497911071,
  "nDCG@100_ci95_low": 0.3399368967222858,
  "nDCG@100_ci95_high": 0.37311902140505226,
  "RR@1": 0.15161725067385445,
  "RR@3": 0.21439802336028738,
  "RR@5": 0.2319519317160823,
  "RR@10": 0.24571433919479704,
  "RR@100": 0.2565183667735182,
  "P@1": 0.15161725067385445,
  "P@3": 0.09995507637017062,
  "P@5": 0.07560646900269613,
  "P@10": 0.04845013477088963,
  "P@100": 0.007998652291104984,
  "R@1": 0.14729335130278526,
  "R@3": 0.2909366576819407,
  "R@5": 0.366296046720575,
  "R@10": 0.46647574123989216,
  "R@100": 0.7603885893980232,
  "AP": 0.2528236097470736
}