nDCG@1,nDCG@1_std,nDCG@1_stderr,nDCG@1_ci90_low,nDCG@1_ci90_high,nDCG@1_ci95_low,nDCG@1_ci95_high,nDCG@3,nDCG@3_std,nDCG@3_stderr,nDCG@3_ci90_low,nDCG@3_ci90_high,nDCG@3_ci95_low,nDCG@3_ci95_high,nDCG@5,nDCG@5_std,nDCG@5_stderr,nDCG@5_ci90_low,nDCG@5_ci90_high,nDCG@5_ci95_low,nDCG@5_ci95_high,nDCG@10,nDCG@10_std,nDCG@10_stderr,nDCG@10_ci90_low,nDCG@10_ci90_high,nDCG@10_ci95_low,nDCG@10_ci95_high,nDCG@100,nDCG@100_std,nDCG@100_stderr,nDCG@100_ci90_low,nDCG@100_ci90_high,nDCG@100_ci95_low,nDCG@100_ci95_high,RR@1,RR@3,RR@5,RR@10,RR@100,P@1,P@3,P@5,P@10,P@100,R@1,R@3,R@5,R@10,R@100,AP
0.16307277628032346,0.3695565932534578,0.009593211169916337,0.147283484957511,0.17886206760313592,0.14425506985467937,0.18189048270596755,0.2467829111559403,0.38513225802198514,0.009997535281470828,0.23032815015117286,0.26323767216070776,0.22717209673993932,0.2663937255719413,0.28013187985612614,0.3807326455839464,0.009883327033114807,0.26386509212462683,0.29639866758762545,0.26074509233277715,0.29951866737947513,0.31458377989174674,0.36888850116495925,0.009575868363420875,0.2988230327778818,0.3303445270056117,0.29580009250680217,0.3333674672766913,0.37773709688332596,0.32724438851505,0.008494841062250878,0.3637555928908481,0.39171860087580385,0.36107391472142036,0.39440027904523156,0.16307277628032346,0.22922282120395307,0.24785489667565094,0.2621999743293542,0.27395260653682296,0.16307277628032346,0.10579514824797849,0.08005390835579591,0.05087601078167117,0.008342318059299048,0.15897349505840072,0.30744609164420483,0.3867362982929021,0.4915206648697215,0.7934074573225516,0.27037664336860606
