{
  "nDCG@1": 0.16307277628032346,
  "nDCG@1_std": 0.3695565932534578,
  "nDCG@1_stderr": 0.009593211169916337,
  "nDCG@1_ci90_low": 0.147283484957511,
  "nDCG@1_ci90_high": 0.17886206760313592,
  "nDCG@1_ci95_low": 0.14425506985467937,
  "nDCG@1_ci95_high": 0.18189048270596755,
  "nDCG@3": 0.2467829111559403,
  "nDCG@3_std": 0.38513225802198514,
  "nDCG@3_stderr": 0.009997535281470828,
  "nDCG@3_ci90_low": 0.23032815015117286,
  "nDCG@3_ci90_high": 0.26323767216070776,
  "nDCG@3_ci95_low": 0.22717209673993932,
  "nDCG@3_ci95_high": 0.2663937255719413,
  "nDCG@5": 0.28013187985612614,
  "nDCG@5_std": 0.3807326455839464,
  "nDCG@5_stderr": 0.009883327033114807,
  "nDCG@5_ci90_low": 0.26386509212462683,
  "nDCG@5_ci90_high": 0.29639866758762545,
  "nDCG@5_ci95_low": 0.26074509233277715,
  "nDCG@5_ci95_high": 0.29951866737947513,
  "nDCG@10": 0.31458377989174674,
  "nDCG@10_std": 0.36888850116495925,
  "nDCG@10_stderr": 0.009575868363420875,
  "nDCG@10_ci90_low": 0.2988230327778818,
  "nDCG@10_ci90_high": 0.3303445270056117,
  "nDCG@10_ci95_low": 0.29580009250680217,
  "nDCG@10_ci95_high": 0.3333674672766913,
  "nDCG@100": 0.37773709688332596,
  "nDCG@100_std": 0.32724438851505,
  "nDCG@100_stderr": 0.008494841062250878,
  "nDCG@100_ci90_low": 0.3637555928908481,
  "nDCG@100_ci90_high": 0.39171860087580385,
  "nDCG@100_ci95_low": 0.36107391472142036,
  "nDCG@100_ci95_high": 0.39440027904523156,
  "RR@1": 0.16307277628032346,
  "RR@3": 0.22922282120395307,
  "RR@5": 0.24785489667565094,
  "RR@10": 0.2621999743293542,
  "RR@100": 0.27395260653682296,
  "P@1": 0.16307277628032346,
  "P@3": 0.10579514824797849,
  "P@5": 0.08005390835579591,
  "P@10": 0.05087601078167117,
  "P@100": 0.008342318059299048,
  "R@1": 0.15897349505840072,
  "R@3": 0.30744609164420483,
  "R@5": 0.3867362982929021,
  "R@10": 0.4915206648697215,
  "R@100": 0.7934074573225516,
  "AP": 0.27037664336860606
}