nDCG@1,nDCG@1_std,nDCG@1_stderr,nDCG@1_ci90_low,nDCG@1_ci90_high,nDCG@1_ci95_low,nDCG@1_ci95_high,nDCG@3,nDCG@3_std,nDCG@3_stderr,nDCG@3_ci90_low,nDCG@3_ci90_high,nDCG@3_ci95_low,nDCG@3_ci95_high,nDCG@5,nDCG@5_std,nDCG@5_stderr,nDCG@5_ci90_low,nDCG@5_ci90_high,nDCG@5_ci95_low,nDCG@5_ci95_high,nDCG@10,nDCG@10_std,nDCG@10_stderr,nDCG@10_ci90_low,nDCG@10_ci90_high,nDCG@10_ci95_low,nDCG@10_ci95_high,nDCG@100,nDCG@100_std,nDCG@100_stderr,nDCG@100_ci90_low,nDCG@100_ci90_high,nDCG@100_ci95_low,nDCG@100_ci95_high,RR@1,RR@3,RR@5,RR@10,RR@100,P@1,P@3,P@5,P@10,P@100,R@1,R@3,R@5,R@10,R@100,AP
0.15161725067385445,0.3587703944768248,0.009313215400732572,0.13628879928154006,0.16694570206616885,0.1333487741245885,0.1698857272231204,0.23153966533667042,0.3759189787916503,0.009758370469267388,0.21547854133490024,0.2476007893384406,0.21239798822450592,0.25068134244883494,0.2629619207163726,0.37302355031635914,0.00968320889104652,0.24702450378554996,0.2788993376471952,0.2439676779187871,0.2819561635139581,0.29604728002287467,0.3629588975701564,0.009421943523552506,0.28053987499597643,0.3115546850497729,0.27756552620292246,0.3145290338428269,0.356527959063669,0.3258280440054993,0.008458074590707633,0.34260696833623094,0.3704489497911071,0.3399368967222858,0.37311902140505226,0.15161725067385445,0.21439802336028738,0.2319519317160823,0.24571433919479704,0.2565183667735182,0.15161725067385445,0.09995507637017062,0.07560646900269613,0.04845013477088963,0.007998652291104984,0.14729335130278526,0.2909366576819407,0.366296046720575,0.46647574123989216,0.7603885893980232,0.2528236097470736
