{
  "nDCG@1": 0.16913746630727763,
  "nDCG@1_std": 0.3749996592103404,
  "nDCG@1_stderr": 0.009734506122000565,
  "nDCG@1_ci90_low": 0.15311562019948383,
  "nDCG@1_ci90_high": 0.18515931241507144,
  "nDCG@1_ci95_low": 0.15004260066136282,
  "nDCG@1_ci95_high": 0.18823233195319244,
  "nDCG@3": 0.2544059223106684,
  "nDCG@3_std": 0.3884193922758886,
  "nDCG@3_stderr": 0.010082865035065385,
  "nDCG@3_ci90_low": 0.23781071862053266,
  "nDCG@3_ci90_high": 0.2710011260008041,
  "nDCG@3_ci95_low": 0.23462772804405488,
  "nDCG@3_ci95_high": 0.27418411657728187,
  "nDCG@5": 0.29113465218417867,
  "nDCG@5_std": 0.3827046951464895,
  "nDCG@5_stderr": 0.009934518889075126,
  "nDCG@5_ci90_low": 0.2747836087104887,
  "nDCG@5_ci90_high": 0.30748569565786865,
  "nDCG@5_ci95_low": 0.27164744851239064,
  "nDCG@5_ci95_high": 0.3106218558559667,
  "nDCG@10": 0.32499439664939433,
  "nDCG@10_std": 0.37005055415844973,
  "nDCG@10_stderr": 0.009606033756112277,
  "nDCG@10_ci90_low": 0.3091840008657946,
  "nDCG@10_ci90_high": 0.34080479243299405,
  "nDCG@10_ci95_low": 0.3061515378885854,
  "nDCG@10_ci95_high": 0.34383725541020327,
  "nDCG@100": 0.3890190383655476,
  "nDCG@100_std": 0.32569861884369367,
  "nDCG@100_stderr": 0.008454714880907922,
  "nDCG@100_ci90_low": 0.3751035773232012,
  "nDCG@100_ci90_high": 0.40293449940789394,
  "nDCG@100_ci95_low": 0.3724345663130224,
  "nDCG@100_ci95_high": 0.40560351041807274,
  "RR@1": 0.16913746630727763,
  "RR@3": 0.2368598382749325,
  "RR@5": 0.2573113207547165,
  "RR@10": 0.2713098446925937,
  "RR@100": 0.2828064507541741,
  "P@1": 0.16913746630727763,
  "P@3": 0.1089398023360289,
  "P@5": 0.08369272237196847,
  "P@10": 0.05276280323450124,
  "P@100": 0.008605121293800389,
  "R@1": 0.16442048517520216,
  "R@3": 0.3163185085354897,
  "R@5": 0.4044811320754717,
  "R@10": 0.5079177897574124,
  "R@100": 0.8176662174303683,
  "AP": 0.2783038262975971
}