nDCG@1,nDCG@1_std,nDCG@1_stderr,nDCG@1_ci90_low,nDCG@1_ci90_high,nDCG@1_ci95_low,nDCG@1_ci95_high,nDCG@3,nDCG@3_std,nDCG@3_stderr,nDCG@3_ci90_low,nDCG@3_ci90_high,nDCG@3_ci95_low,nDCG@3_ci95_high,nDCG@5,nDCG@5_std,nDCG@5_stderr,nDCG@5_ci90_low,nDCG@5_ci90_high,nDCG@5_ci95_low,nDCG@5_ci95_high,nDCG@10,nDCG@10_std,nDCG@10_stderr,nDCG@10_ci90_low,nDCG@10_ci90_high,nDCG@10_ci95_low,nDCG@10_ci95_high,nDCG@100,nDCG@100_std,nDCG@100_stderr,nDCG@100_ci90_low,nDCG@100_ci90_high,nDCG@100_ci95_low,nDCG@100_ci95_high,RR@1,RR@3,RR@5,RR@10,RR@100,P@1,P@3,P@5,P@10,P@100,R@1,R@3,R@5,R@10,R@100,AP
0.6293800539083558,0.48313361658005194,0.012541523792971769,0.6087381886046713,0.6500219192120403,0.6047790408913108,0.6539810669254008,0.7101243324828445,0.4087304366207549,0.0106101134755991,0.6926613401993343,0.7275873247663546,0.6893119061753002,0.7309367587903887,0.7319049772730964,0.3822655575137848,0.009923119444118386,0.7155726959379806,0.7482372586082123,0.7124401343525534,0.7513698201936395,0.7511706070464479,0.35343727092523286,0.009174774411288266,0.7360700131540506,0.7662712009388452,0.7331736914844776,0.7691675226084181,0.7738307559502784,0.31122345313967886,0.00807895830166349,0.7605337458094152,0.7871277660911415,0.7579833548191044,0.7896781570814524,0.6293800539083558,0.6963162623539985,0.7074348607367481,0.714975078081547,0.7195698663058799,0.6293800539083558,0.26819407008085927,0.1726415094339586,0.09265498652290892,0.01039757412398903,0.6113544474393531,0.7673517520215634,0.8194070080862533,0.8775831087151842,0.9782120395327941,0.7134134375469522
