{
  "nDCG@1": 0.637466307277628,
  "nDCG@1_std": 0.48089380237997864,
  "nDCG@1_stderr": 0.012483381113352617,
  "nDCG@1_ci90_low": 0.616920137950039,
  "nDCG@1_ci90_high": 0.658012476605217,
  "nDCG@1_ci95_low": 0.6129793449008216,
  "nDCG@1_ci95_high": 0.6619532696544344,
  "nDCG@3": 0.722497888144863,
  "nDCG@3_std": 0.4017221381570343,
  "nDCG@3_stderr": 0.01042818711213638,
  "nDCG@3_ci90_low": 0.7053343251453679,
  "nDCG@3_ci90_high": 0.7396614511443582,
  "nDCG@3_ci95_low": 0.7020423222084803,
  "nDCG@3_ci95_high": 0.7429534540812458,
  "nDCG@5": 0.7446148276904914,
  "nDCG@5_std": 0.3728677980318201,
  "nDCG@5_stderr": 0.009679165763192608,
  "nDCG@5_ci90_low": 0.728684065270073,
  "nDCG@5_ci90_high": 0.7605455901109097,
  "nDCG@5_ci95_low": 0.7256285157506394,
  "nDCG@5_ci95_high": 0.7636011396303434,
  "nDCG@10": 0.7630673557811247,
  "nDCG@10_std": 0.344623114654673,
  "nDCG@10_stderr": 0.008945970314887986,
  "nDCG@10_ci90_low": 0.7483433463785223,
  "nDCG@10_ci90_high": 0.7777913651837272,
  "nDCG@10_ci95_low": 0.7455192543064069,
  "nDCG@10_ci95_high": 0.7806154572558426,
  "nDCG@100": 0.7842760454451431,
  "nDCG@100_std": 0.303052843947308,
  "nDCG@100_stderr": 0.007866859855037983,
  "nDCG@100_ci90_low": 0.7713281242697546,
  "nDCG@100_ci90_high": 0.7972239666205315,
  "nDCG@100_ci95_low": 0.7688446891847888,
  "nDCG@100_ci95_high": 0.7997074017054974,
  "RR@1": 0.6381401617250674,
  "RR@3": 0.7073225516621748,
  "RR@5": 0.7189802336028761,
  "RR@10": 0.7259554293415482,
  "RR@100": 0.7303044137621945,
  "P@1": 0.637466307277628,
  "P@3": 0.27313566936208095,
  "P@5": 0.17560646900269153,
  "P@10": 0.09400269541778758,
  "P@100": 0.010444743935309786,
  "R@1": 0.6204514824797843,
  "R@3": 0.7817273135669364,
  "R@5": 0.8340071877807725,
  "R@10": 0.8888140161725068,
  "R@100": 0.98259209344115,
  "AP": 0.7252759127622098
}