nDCG@1,nDCG@1_std,nDCG@1_stderr,nDCG@1_ci90_low,nDCG@1_ci90_high,nDCG@1_ci95_low,nDCG@1_ci95_high,nDCG@3,nDCG@3_std,nDCG@3_stderr,nDCG@3_ci90_low,nDCG@3_ci90_high,nDCG@3_ci95_low,nDCG@3_ci95_high,nDCG@5,nDCG@5_std,nDCG@5_stderr,nDCG@5_ci90_low,nDCG@5_ci90_high,nDCG@5_ci95_low,nDCG@5_ci95_high,nDCG@10,nDCG@10_std,nDCG@10_stderr,nDCG@10_ci90_low,nDCG@10_ci90_high,nDCG@10_ci95_low,nDCG@10_ci95_high,nDCG@100,nDCG@100_std,nDCG@100_stderr,nDCG@100_ci90_low,nDCG@100_ci90_high,nDCG@100_ci95_low,nDCG@100_ci95_high,RR@1,RR@3,RR@5,RR@10,RR@100,P@1,P@3,P@5,P@10,P@100,R@1,R@3,R@5,R@10,R@100,AP
0.6637466307277629,0.47258601113290716,0.012267721598020743,0.6435554114636927,0.683937849991833,0.6396826984892003,0.6878105629663254,0.7361194321649072,0.39860371659832455,0.010347236921893111,0.7190891036073261,0.7531497607224882,0.7158226552813365,0.7564162090484778,0.7568243927101914,0.3710844350512804,0.009632871966850582,0.740969824404959,0.7726789610154239,0.7379288890568937,0.7757198963634891,0.7746512883968798,0.3429024348402783,0.008901303692463584,0.7600007949735854,0.7893017818201742,0.7571908034014534,0.7921117733923062,0.7925944918328991,0.30705090301712357,0.00797064429733106,0.7794757537365531,0.8057132299292451,0.7769595556521167,0.8082294280136815,0.6637466307277629,0.7228212039532801,0.733636567834682,0.7403494416634585,0.7439657474769751,0.6637466307277629,0.27650494159927785,0.1772237196765461,0.09467654986522694,0.010336927223719492,0.6443733153638814,0.7895327942497753,0.8387241689128482,0.8926325247079965,0.9733265947888589,0.7388640509000037
