{
  "nDCG@1": 0.6516172506738545,
  "nDCG@1_std": 0.4766185955626693,
  "nDCG@1_stderr": 0.01237240227400233,
  "nDCG@1_ci90_low": 0.6312537393941425,
  "nDCG@1_ci90_high": 0.6719807619535664,
  "nDCG@1_ci95_low": 0.6273479804943075,
  "nDCG@1_ci95_high": 0.6758865208534014,
  "nDCG@3": 0.7358190471413392,
  "nDCG@3_std": 0.39430096952670723,
  "nDCG@3_stderr": 0.010235543173162035,
  "nDCG@3_ci90_low": 0.718972553287948,
  "nDCG@3_ci90_high": 0.7526655409947304,
  "nDCG@3_ci95_low": 0.7157413647961847,
  "nDCG@3_ci95_high": 0.7558967294864937,
  "nDCG@5": 0.7567860909097448,
  "nDCG@5_std": 0.36571151238888916,
  "nDCG@5_stderr": 0.00949339784396679,
  "nDCG@5_ci90_low": 0.7411610805199174,
  "nDCG@5_ci90_high": 0.7724111012995722,
  "nDCG@5_ci95_low": 0.7381641748020472,
  "nDCG@5_ci95_high": 0.7754080070174424,
  "nDCG@10": 0.7742717797990206,
  "nDCG@10_std": 0.33765418381877205,
  "nDCG@10_stderr": 0.00876506588412469,
  "nDCG@10_ci90_low": 0.7598455177000392,
  "nDCG@10_ci90_high": 0.7886980418980021,
  "nDCG@10_ci95_low": 0.7570785341081384,
  "nDCG@10_ci95_high": 0.7914650254899028,
  "nDCG@100": 0.7919735697344316,
  "nDCG@100_std": 0.30238221959888,
  "nDCG@100_stderr": 0.00784945131435002,
  "nDCG@100_ci90_low": 0.7790543009586993,
  "nDCG@100_ci90_high": 0.8048928385101638,
  "nDCG@100_ci95_low": 0.7765763614566623,
  "nDCG@100_ci95_high": 0.8073707780122008,
  "RR@1": 0.6516172506738545,
  "RR@3": 0.7206873315363888,
  "RR@5": 0.7318059299191387,
  "RR@10": 0.7387180186540032,
  "RR@100": 0.7421118290089678,
  "P@1": 0.6516172506738545,
  "P@3": 0.27852650494159553,
  "P@5": 0.1780323450134733,
  "P@10": 0.09494609164420267,
  "P@100": 0.01037061994609146,
  "R@1": 0.6331424079065588,
  "R@3": 0.7942497753818507,
  "R@5": 0.8440588499550763,
  "R@10": 0.8955525606469003,
  "R@100": 0.9746743036837375,
  "AP": 0.7367566075044228
}