{
  "nDCG@1": 0.621967654986523,
  "nDCG@1_std": 0.48505921004949115,
  "nDCG@1_stderr": 0.01259150970884223,
  "nDCG@1_ci90_low": 0.6012435187754501,
  "nDCG@1_ci90_high": 0.6426917911975958,
  "nDCG@1_ci95_low": 0.5972685913508053,
  "nDCG@1_ci95_high": 0.6466667186222406,
  "nDCG@3": 0.6958313942149155,
  "nDCG@3_std": 0.42025535362653166,
  "nDCG@3_stderr": 0.010909285414540393,
  "nDCG@3_ci90_low": 0.6778760002927999,
  "nDCG@3_ci90_high": 0.713786788137031,
  "nDCG@3_ci95_low": 0.6744321227292475,
  "nDCG@3_ci95_high": 0.7172306657005835,
  "nDCG@5": 0.7183020089618596,
  "nDCG@5_std": 0.394301894654322,
  "nDCG@5_stderr": 0.010235567188278338,
  "nDCG@5_ci90_low": 0.7014554755824264,
  "nDCG@5_ci90_high": 0.7351485423412928,
  "nDCG@5_ci95_low": 0.6982242795094955,
  "nDCG@5_ci95_high": 0.7383797384142237,
  "nDCG@10": 0.7405808787906246,
  "nDCG@10_std": 0.3622582611240725,
  "nDCG@10_stderr": 0.009403755907627567,
  "nDCG@10_ci90_low": 0.725103408429108,
  "nDCG@10_ci90_high": 0.7560583491521412,
  "nDCG@10_ci95_low": 0.7221348011599062,
  "nDCG@10_ci95_high": 0.759026956421343,
  "nDCG@100": 0.7606237938892959,
  "nDCG@100_std": 0.3264071804277832,
  "nDCG@100_stderr": 0.008473108223164974,
  "nDCG@100_ci90_low": 0.7466780595803496,
  "nDCG@100_ci90_high": 0.7745695281982422,
  "nDCG@100_ci95_low": 0.7440032421019823,
  "nDCG@100_ci95_high": 0.7772443456766095,
  "RR@1": 0.621967654986523,
  "RR@3": 0.6823899371069189,
  "RR@5": 0.6942497753818521,
  "RR@10": 0.7031807534334498,
  "RR@100": 0.7070220641888264,
  "P@1": 0.621967654986523,
  "P@3": 0.2623539982030521,
  "P@5": 0.1695417789757379,
  "P@10": 0.0920485175202136,
  "P@100": 0.010202156334231624,
  "R@1": 0.6049528301886793,
  "R@3": 0.7485399820305481,
  "R@5": 0.8016621743036838,
  "R@10": 0.8688791554357592,
  "R@100": 0.9601864330637915,
  "AP": 0.702066872950575
}