nDCG@1,nDCG@1_std,nDCG@1_stderr,nDCG@1_ci90_low,nDCG@1_ci90_high,nDCG@1_ci95_low,nDCG@1_ci95_high,nDCG@3,nDCG@3_std,nDCG@3_stderr,nDCG@3_ci90_low,nDCG@3_ci90_high,nDCG@3_ci95_low,nDCG@3_ci95_high,nDCG@5,nDCG@5_std,nDCG@5_stderr,nDCG@5_ci90_low,nDCG@5_ci90_high,nDCG@5_ci95_low,nDCG@5_ci95_high,nDCG@10,nDCG@10_std,nDCG@10_stderr,nDCG@10_ci90_low,nDCG@10_ci90_high,nDCG@10_ci95_low,nDCG@10_ci95_high,nDCG@100,nDCG@100_std,nDCG@100_stderr,nDCG@100_ci90_low,nDCG@100_ci90_high,nDCG@100_ci95_low,nDCG@100_ci95_high,RR@1,RR@3,RR@5,RR@10,RR@100,P@1,P@3,P@5,P@10,P@100,R@1,R@3,R@5,R@10,R@100,AP
0.15296495956873316,0.36007505977253396,0.009347082824332333,0.1375807664015221,0.16834915273594422,0.13463004986966937,0.17129986926779694,0.2301999389938982,0.37687808361746766,0.009783267590022696,0.21409783727510065,0.24630204071269576,0.2110094245632468,0.2493904534245496,0.2603743220087007,0.37441861493522094,0.009719422964151262,0.24437730099535465,0.27637134302204674,0.24130904295598732,0.2794396010614141,0.2917543788309255,0.3650729817010509,0.009476822413197238,0.27615664964033215,0.3073521080215188,0.273164976506629,0.31034378115522193,0.3541240976609773,0.32763518670970615,0.00850498567791895,0.3401258968305685,0.3681222984913861,0.33744101617693006,0.37080717914502453,0.15296495956873316,0.2137241689128481,0.23053683737645972,0.24357458392161863,0.2548489768932721,0.15296495956873316,0.09838274932614542,0.07412398921832952,0.04723719676549884,0.00795148247978423,0.14897798742138366,0.2872304582210243,0.35933288409703507,0.4546832884097035,0.7563454627133871,0.25147861924943604
