nDCG@1,nDCG@1_std,nDCG@1_stderr,nDCG@1_ci90_low,nDCG@1_ci90_high,nDCG@1_ci95_low,nDCG@1_ci95_high,nDCG@3,nDCG@3_std,nDCG@3_stderr,nDCG@3_ci90_low,nDCG@3_ci90_high,nDCG@3_ci95_low,nDCG@3_ci95_high,nDCG@5,nDCG@5_std,nDCG@5_stderr,nDCG@5_ci90_low,nDCG@5_ci90_high,nDCG@5_ci95_low,nDCG@5_ci95_high,nDCG@10,nDCG@10_std,nDCG@10_stderr,nDCG@10_ci90_low,nDCG@10_ci90_high,nDCG@10_ci95_low,nDCG@10_ci95_high,nDCG@100,nDCG@100_std,nDCG@100_stderr,nDCG@100_ci90_low,nDCG@100_ci90_high,nDCG@100_ci95_low,nDCG@100_ci95_high,RR@1,RR@3,RR@5,RR@10,RR@100,P@1,P@3,P@5,P@10,P@100,R@1,R@3,R@5,R@10,R@100,AP
0.14892183288409702,0.3561314157086241,0.00924471092521125,0.13370613175879587,0.16413753400939818,0.13078773231033816,0.16705593345785588,0.2285505591960277,0.37582588652487403,0.009755953914429037,0.2124934125577977,0.24460770583425773,0.20941362231304236,0.24768749607901305,0.2569894174813165,0.37292626156210135,0.00968068340082096,0.24105615720880127,0.27292267775383167,0.2380001285967434,0.27597870636588956,0.2886549899271223,0.36370560960928633,0.009441327202277942,0.27311568165689054,0.30419429819735405,0.2701352137631141,0.3071747660911305,0.35432386423083256,0.32464747399571536,0.008427428520223485,0.3404533133119428,0.36819441514972234,0.337792916146006,0.37085481231565914,0.14824797843665768,0.21091644204851756,0.2269204851752019,0.2401879305181191,0.25271584027354843,0.14892183288409702,0.09770889487870604,0.0731805929919144,0.046630727762803456,0.007998652291104982,0.14532794249775383,0.2859389038634321,0.354559748427673,0.4508086253369272,0.7619609164420486,0.2499601589341195
