nDCG@1,nDCG@1_std,nDCG@1_stderr,nDCG@1_ci90_low,nDCG@1_ci90_high,nDCG@1_ci95_low,nDCG@1_ci95_high,nDCG@3,nDCG@3_std,nDCG@3_stderr,nDCG@3_ci90_low,nDCG@3_ci90_high,nDCG@3_ci95_low,nDCG@3_ci95_high,nDCG@5,nDCG@5_std,nDCG@5_stderr,nDCG@5_ci90_low,nDCG@5_ci90_high,nDCG@5_ci95_low,nDCG@5_ci95_high,nDCG@10,nDCG@10_std,nDCG@10_stderr,nDCG@10_ci90_low,nDCG@10_ci90_high,nDCG@10_ci95_low,nDCG@10_ci95_high,nDCG@100,nDCG@100_std,nDCG@100_stderr,nDCG@100_ci90_low,nDCG@100_ci90_high,nDCG@100_ci95_low,nDCG@100_ci95_high,RR@1,RR@3,RR@5,RR@10,RR@100,P@1,P@3,P@5,P@10,P@100,R@1,R@3,R@5,R@10,R@100,AP
0.158355795148248,0.3651973557656661,0.009480051003047064,0.1427527520804974,0.17395883821599858,0.1397600597353864,0.17695153056110957,0.23921036943219295,0.38060188684128893,0.009879932705281057,0.22294916836297624,0.2554715705014097,0.21983024010322294,0.25859049876116297,0.2679150471348282,0.3774819035199018,0.009798941973698693,0.2517871472337763,0.2840429470358801,0.2486937863831386,0.28713630788651784,0.30263341066217553,0.36654876248813073,0.00951513177362922,0.28697262879385654,0.3182941925304945,0.2839688620406492,0.32129795928370186,0.36543088855020056,0.3270287053671703,0.008489242206700267,0.35145859961197273,0.3794031774884284,0.3487786889068912,0.38208308819350995,0.158355795148248,0.22158580413297393,0.23715184186882274,0.25180256064690026,0.2633657386255848,0.158355795148248,0.10309973045822103,0.07641509433962335,0.049326145552560714,0.008160377358490425,0.15425651392632525,0.300033692722372,0.3689914645103324,0.4748989218328841,0.7755503144654087,0.2598363281927312
