nDCG@1,nDCG@1_std,nDCG@1_stderr,nDCG@1_ci90_low,nDCG@1_ci90_high,nDCG@1_ci95_low,nDCG@1_ci95_high,nDCG@3,nDCG@3_std,nDCG@3_stderr,nDCG@3_ci90_low,nDCG@3_ci90_high,nDCG@3_ci95_low,nDCG@3_ci95_high,nDCG@5,nDCG@5_std,nDCG@5_stderr,nDCG@5_ci90_low,nDCG@5_ci90_high,nDCG@5_ci95_low,nDCG@5_ci95_high,nDCG@10,nDCG@10_std,nDCG@10_stderr,nDCG@10_ci90_low,nDCG@10_ci90_high,nDCG@10_ci95_low,nDCG@10_ci95_high,nDCG@100,nDCG@100_std,nDCG@100_stderr,nDCG@100_ci90_low,nDCG@100_ci90_high,nDCG@100_ci95_low,nDCG@100_ci95_high,RR@1,RR@3,RR@5,RR@10,RR@100,P@1,P@3,P@5,P@10,P@100,R@1,R@3,R@5,R@10,R@100,AP
0.15633423180592992,0.363294339279894,0.009430651156471135,0.1408124950448033,0.17185596856705654,0.13783539739877673,0.17483306621308312,0.23352311533898443,0.38019227335901956,0.009869299669082567,0.2172794149901428,0.24976681568782605,0.21416384340073086,0.252882387277238,0.26126844798238597,0.377174659812663,0.009790966324453145,0.24515367505698343,0.2773832209077885,0.24206283198440792,0.280474063980364,0.2937991038393054,0.36735023476839396,0.009535936957386627,0.2781040790984433,0.3094941285801675,0.27509374449933,0.3125044631792808,0.35957410776722104,0.3276092238361254,0.008504311715301627,0.3455770161995937,0.3735711993348484,0.34289234830459603,0.37625586722984605,0.15566037735849056,0.2163072776280324,0.23190700808625317,0.24573653360715336,0.2581013634382508,0.15633423180592992,0.09905660377358479,0.07371967654986589,0.047102425876010975,0.008059299191374523,0.15240341419586703,0.28998203054806826,0.3565813117699911,0.455188679245283,0.7676886792452831,0.25524969174411766
