nDCG@1,nDCG@1_std,nDCG@1_stderr,nDCG@1_ci90_low,nDCG@1_ci90_high,nDCG@1_ci95_low,nDCG@1_ci95_high,nDCG@3,nDCG@3_std,nDCG@3_stderr,nDCG@3_ci90_low,nDCG@3_ci90_high,nDCG@3_ci95_low,nDCG@3_ci95_high,nDCG@5,nDCG@5_std,nDCG@5_stderr,nDCG@5_ci90_low,nDCG@5_ci90_high,nDCG@5_ci95_low,nDCG@5_ci95_high,nDCG@10,nDCG@10_std,nDCG@10_stderr,nDCG@10_ci90_low,nDCG@10_ci90_high,nDCG@10_ci95_low,nDCG@10_ci95_high,nDCG@100,nDCG@100_std,nDCG@100_stderr,nDCG@100_ci90_low,nDCG@100_ci90_high,nDCG@100_ci95_low,nDCG@100_ci95_high,RR@1,RR@3,RR@5,RR@10,RR@100,P@1,P@3,P@5,P@10,P@100,R@1,R@3,R@5,R@10,R@100,AP
0.15902964959568733,0.36582701059747114,0.00949639602807418,0.14339970454931242,0.17465959464206224,0.14040185235524455,0.1776574468361301,0.2421086035008369,0.38292134590401855,0.00994014286252071,0.2257483036318116,0.2584689033698622,0.22261036804007123,0.2616068389616026,0.26879484573993934,0.3798369413432553,0.009860075709545953,0.25256632693789094,0.28502336454198773,0.24945366719706377,0.2881360242828149,0.29964265330466044,0.3698660661109923,0.009601244685020341,0.28384013976583744,0.31544516684348345,0.28080918861766724,0.31847611799165365,0.3663947401263207,0.3282261164200841,0.008520325448881568,0.35237129184662047,0.3804181884060209,0.3496815686857929,0.3831079115668484,0.15902964959568733,0.22360736747529195,0.2386006289308174,0.25160468275360454,0.2642029008196987,0.15902964959568733,0.10354896675651395,0.0756064690026961,0.04770889487870636,0.008173854447439212,0.15509883198562444,0.302785265049416,0.36635220125786166,0.46057951482479786,0.7778526504941601,0.2612010166123711
