{
  "nDCG@1": 0.15902964959568733,
  "nDCG@1_std": 0.36582701059747114,
  "nDCG@1_stderr": 0.00949639602807418,
  "nDCG@1_ci90_low": 0.14339970454931242,
  "nDCG@1_ci90_high": 0.17465959464206224,
  "nDCG@1_ci95_low": 0.14040185235524455,
  "nDCG@1_ci95_high": 0.1776574468361301,
  "nDCG@3": 0.2421086035008369,
  "nDCG@3_std": 0.38292134590401855,
  "nDCG@3_stderr": 0.00994014286252071,
  "nDCG@3_ci90_low": 0.2257483036318116,
  "nDCG@3_ci90_high": 0.2584689033698622,
  "nDCG@3_ci95_low": 0.22261036804007123,
  "nDCG@3_ci95_high": 0.2616068389616026,
  "nDCG@5": 0.26879484573993934,
  "nDCG@5_std": 0.3798369413432553,
  "nDCG@5_stderr": 0.009860075709545953,
  "nDCG@5_ci90_low": 0.25256632693789094,
  "nDCG@5_ci90_high": 0.28502336454198773,
  "nDCG@5_ci95_low": 0.24945366719706377,
  "nDCG@5_ci95_high": 0.2881360242828149,
  "nDCG@10": 0.29964265330466044,
  "nDCG@10_std": 0.3698660661109923,
  "nDCG@10_stderr": 0.009601244685020341,
  "nDCG@10_ci90_low": 0.28384013976583744,
  "nDCG@10_ci90_high": 0.31544516684348345,
  "nDCG@10_ci95_low": 0.28080918861766724,
  "nDCG@10_ci95_high": 0.31847611799165365,
  "nDCG@100": 0.3663947401263207,
  "nDCG@100_std": 0.3282261164200841,
  "nDCG@100_stderr": 0.008520325448881568,
  "nDCG@100_ci90_low": 0.35237129184662047,
  "nDCG@100_ci90_high": 0.3804181884060209,
  "nDCG@100_ci95_low": 0.3496815686857929,
  "nDCG@100_ci95_high": 0.3831079115668484,
  "RR@1": 0.15902964959568733,
  "RR@3": 0.22360736747529195,
  "RR@5": 0.2386006289308174,
  "RR@10": 0.25160468275360454,
  "RR@100": 0.2642029008196987,
  "P@1": 0.15902964959568733,
  "P@3": 0.10354896675651395,
  "P@5": 0.0756064690026961,
  "P@10": 0.04770889487870636,
  "P@100": 0.008173854447439212,
  "R@1": 0.15509883198562444,
  "R@3": 0.302785265049416,
  "R@5": 0.36635220125786166,
  "R@10": 0.46057951482479786,
  "R@100": 0.7778526504941601,
  "AP": 0.2612010166123711
}