{
  "nDCG@1": 0.158355795148248,
  "nDCG@1_std": 0.3651973557656661,
  "nDCG@1_stderr": 0.009480051003047064,
  "nDCG@1_ci90_low": 0.1427527520804974,
  "nDCG@1_ci90_high": 0.17395883821599858,
  "nDCG@1_ci95_low": 0.1397600597353864,
  "nDCG@1_ci95_high": 0.17695153056110957,
  "nDCG@3": 0.23921036943219295,
  "nDCG@3_std": 0.38060188684128893,
  "nDCG@3_stderr": 0.009879932705281057,
  "nDCG@3_ci90_low": 0.22294916836297624,
  "nDCG@3_ci90_high": 0.2554715705014097,
  "nDCG@3_ci95_low": 0.21983024010322294,
  "nDCG@3_ci95_high": 0.25859049876116297,
  "nDCG@5": 0.2679150471348282,
  "nDCG@5_std": 0.3774819035199018,
  "nDCG@5_stderr": 0.009798941973698693,
  "nDCG@5_ci90_low": 0.2517871472337763,
  "nDCG@5_ci90_high": 0.2840429470358801,
  "nDCG@5_ci95_low": 0.2486937863831386,
  "nDCG@5_ci95_high": 0.28713630788651784,
  "nDCG@10": 0.30263341066217553,
  "nDCG@10_std": 0.36654876248813073,
  "nDCG@10_stderr": 0.00951513177362922,
  "nDCG@10_ci90_low": 0.28697262879385654,
  "nDCG@10_ci90_high": 0.3182941925304945,
  "nDCG@10_ci95_low": 0.2839688620406492,
  "nDCG@10_ci95_high": 0.32129795928370186,
  "nDCG@100": 0.36543088855020056,
  "nDCG@100_std": 0.3270287053671703,
  "nDCG@100_stderr": 0.008489242206700267,
  "nDCG@100_ci90_low": 0.35145859961197273,
  "nDCG@100_ci90_high": 0.3794031774884284,
  "nDCG@100_ci95_low": 0.3487786889068912,
  "nDCG@100_ci95_high": 0.38208308819350995,
  "RR@1": 0.158355795148248,
  "RR@3": 0.22158580413297393,
  "RR@5": 0.23715184186882274,
  "RR@10": 0.25180256064690026,
  "RR@100": 0.2633657386255848,
  "P@1": 0.158355795148248,
  "P@3": 0.10309973045822103,
  "P@5": 0.07641509433962335,
  "P@10": 0.049326145552560714,
  "P@100": 0.008160377358490425,
  "R@1": 0.15425651392632525,
  "R@3": 0.300033692722372,
  "R@5": 0.3689914645103324,
  "R@10": 0.4748989218328841,
  "R@100": 0.7755503144654087,
  "AP": 0.2598363281927312
}