nDCG@1,nDCG@1_std,nDCG@1_stderr,nDCG@1_ci90_low,nDCG@1_ci90_high,nDCG@1_ci95_low,nDCG@1_ci95_high,nDCG@3,nDCG@3_std,nDCG@3_stderr,nDCG@3_ci90_low,nDCG@3_ci90_high,nDCG@3_ci95_low,nDCG@3_ci95_high,nDCG@5,nDCG@5_std,nDCG@5_stderr,nDCG@5_ci90_low,nDCG@5_ci90_high,nDCG@5_ci95_low,nDCG@5_ci95_high,nDCG@10,nDCG@10_std,nDCG@10_stderr,nDCG@10_ci90_low,nDCG@10_ci90_high,nDCG@10_ci95_low,nDCG@10_ci95_high,nDCG@100,nDCG@100_std,nDCG@100_stderr,nDCG@100_ci90_low,nDCG@100_ci90_high,nDCG@100_ci95_low,nDCG@100_ci95_high,RR@1,RR@3,RR@5,RR@10,RR@100,P@1,P@3,P@5,P@10,P@100,R@1,R@3,R@5,R@10,R@100,AP
0.6960916442048517,0.4600985935681216,0.01194356438948259,0.6764339493789852,0.7157493390307182,0.6726635673725745,0.7195197210371289,0.77517235367426,0.3699958720774737,0.009604614280016896,0.75936429418048,0.7909804131680399,0.7563322793079533,0.7940124280405666,0.7925956678853029,0.3435444191236911,0.008917968774107311,0.7779177457080354,0.8072735900625704,0.7751024932504662,0.8100888425201396,0.8081341195273305,0.31593803537286386,0.008201342758514082,0.7946356790407394,0.8216325600139216,0.7920466533398072,0.8242215857148538,0.8232035809912592,0.2815138013389767,0.007307734167899089,0.8111759145881193,0.8352312473943991,0.8088689860602719,0.8375381759222466,0.6960916442048517,0.7608939802336032,0.7697551662174311,0.7756086082231636,0.7787978212086875,0.6960916442048517,0.2908805031446495,0.1839622641509392,0.09730458221024027,0.010471698113207358,0.6766060197663971,0.8313117699910152,0.8729222821203954,0.9185759209344115,0.984613656783468,0.773648075854408
