nDCG@1,nDCG@1_std,nDCG@1_stderr,nDCG@1_ci90_low,nDCG@1_ci90_high,nDCG@1_ci95_low,nDCG@1_ci95_high,nDCG@3,nDCG@3_std,nDCG@3_stderr,nDCG@3_ci90_low,nDCG@3_ci90_high,nDCG@3_ci95_low,nDCG@3_ci95_high,nDCG@5,nDCG@5_std,nDCG@5_stderr,nDCG@5_ci90_low,nDCG@5_ci90_high,nDCG@5_ci95_low,nDCG@5_ci95_high,nDCG@10,nDCG@10_std,nDCG@10_stderr,nDCG@10_ci90_low,nDCG@10_ci90_high,nDCG@10_ci95_low,nDCG@10_ci95_high,nDCG@100,nDCG@100_std,nDCG@100_stderr,nDCG@100_ci90_low,nDCG@100_ci90_high,nDCG@100_ci95_low,nDCG@100_ci95_high,RR@1,RR@3,RR@5,RR@10,RR@100,P@1,P@3,P@5,P@10,P@100,R@1,R@3,R@5,R@10,R@100,AP
0.7048517520215634,0.4562631258869491,0.01184400060934015,0.6853579274057886,0.7243455766373381,0.6816189760069334,0.7280845280361933,0.7789522520242217,0.3692700290506992,0.009585772333859863,0.76317520414602,0.7947292999024234,0.7601491373583731,0.7977553666900703,0.799683796859909,0.33781697680614653,0.008769291779517643,0.7852505794367637,0.8141170142830543,0.7824822618009016,0.8168853319189163,0.8133867792381999,0.31248447246222943,0.008111692732252518,0.8000358920949752,0.8267376663814247,0.7974751673965635,0.8292983910798363,0.8280912898721263,0.27832344495107386,0.00722491664253173,0.8161999313237286,0.8399826484205241,0.8139191468930098,0.8422634328512428,0.7048517520215634,0.7659478885893986,0.776257861635221,0.7816342574765761,0.7846554106980224,0.7048517520215634,0.29110512129379595,0.1858490566037693,0.09764150943395991,0.010491913746630539,0.6846922731356694,0.8323225516621742,0.881682389937107,0.9220013477088951,0.9866352201257861,0.7793791300339388
