{
  "nDCG@1": 0.6731805929919138,
  "nDCG@1_std": 0.4692087337997418,
  "nDCG@1_stderr": 0.012180051846681179,
  "nDCG@1_ci90_low": 0.6531336677728282,
  "nDCG@1_ci90_high": 0.6932275182109994,
  "nDCG@1_ci95_low": 0.6492886306614349,
  "nDCG@1_ci95_high": 0.6970725553223927,
  "nDCG@3": 0.7551945363016923,
  "nDCG@3_std": 0.3838937811138471,
  "nDCG@3_stderr": 0.009965386022803198,
  "nDCG@3_ci90_low": 0.7387926891754922,
  "nDCG@3_ci90_high": 0.7715963834278924,
  "nDCG@3_ci95_low": 0.735646784743445,
  "nDCG@3_ci95_high": 0.7747422878599396,
  "nDCG@5": 0.7770378240469388,
  "nDCG@5_std": 0.3512926980389356,
  "nDCG@5_stderr": 0.009119104072987966,
  "nDCG@5_ci90_low": 0.762028856949146,
  "nDCG@5_ci90_high": 0.7920467911447315,
  "nDCG@5_ci95_low": 0.7591501094672253,
  "nDCG@5_ci95_high": 0.7949255386266523,
  "nDCG@10": 0.7919590405403334,
  "nDCG@10_std": 0.3255507044812297,
  "nDCG@10_stderr": 0.008450875215373372,
  "nDCG@10_ci90_low": 0.7780498991334702,
  "nDCG@10_ci90_high": 0.8058681819471966,
  "nDCG@10_ci95_low": 0.7753821002409952,
  "nDCG@10_ci95_high": 0.8085359808396716,
  "nDCG@100": 0.8086491244942643,
  "nDCG@100_std": 0.28979917855442916,
  "nDCG@100_stderr": 0.007522811843960833,
  "nDCG@100_ci90_low": 0.7962674656662498,
  "nDCG@100_ci90_high": 0.8210307833222787,
  "nDCG@100_ci95_low": 0.79389264074053,
  "nDCG@100_ci95_high": 0.8234056082479986,
  "RR@1": 0.6731805929919138,
  "RR@3": 0.7397798742138372,
  "RR@5": 0.7516734052111421,
  "RR@10": 0.7573664056817704,
  "RR@100": 0.760734509350736,
  "P@1": 0.6731805929919138,
  "P@3": 0.2854896675651351,
  "P@5": 0.18247978436657264,
  "P@10": 0.09622641509433733,
  "P@100": 0.010458221024258571,
  "R@1": 0.65285265049416,
  "R@3": 0.8126684636118598,
  "R@5": 0.8656221922731356,
  "R@10": 0.9104335130278526,
  "R@100": 0.9839398023360286,
  "AP": 0.7554705215466658
}