{
  "nDCG@1": 0.7048517520215634,
  "nDCG@1_std": 0.4562631258869491,
  "nDCG@1_stderr": 0.01184400060934015,
  "nDCG@1_ci90_low": 0.6853579274057886,
  "nDCG@1_ci90_high": 0.7243455766373381,
  "nDCG@1_ci95_low": 0.6816189760069334,
  "nDCG@1_ci95_high": 0.7280845280361933,
  "nDCG@3": 0.7789522520242217,
  "nDCG@3_std": 0.3692700290506992,
  "nDCG@3_stderr": 0.009585772333859863,
  "nDCG@3_ci90_low": 0.76317520414602,
  "nDCG@3_ci90_high": 0.7947292999024234,
  "nDCG@3_ci95_low": 0.7601491373583731,
  "nDCG@3_ci95_high": 0.7977553666900703,
  "nDCG@5": 0.799683796859909,
  "nDCG@5_std": 0.33781697680614653,
  "nDCG@5_stderr": 0.008769291779517643,
  "nDCG@5_ci90_low": 0.7852505794367637,
  "nDCG@5_ci90_high": 0.8141170142830543,
  "nDCG@5_ci95_low": 0.7824822618009016,
  "nDCG@5_ci95_high": 0.8168853319189163,
  "nDCG@10": 0.8133867792381999,
  "nDCG@10_std": 0.31248447246222943,
  "nDCG@10_stderr": 0.008111692732252518,
  "nDCG@10_ci90_low": 0.8000358920949752,
  "nDCG@10_ci90_high": 0.8267376663814247,
  "nDCG@10_ci95_low": 0.7974751673965635,
  "nDCG@10_ci95_high": 0.8292983910798363,
  "nDCG@100": 0.8280912898721263,
  "nDCG@100_std": 0.27832344495107386,
  "nDCG@100_stderr": 0.00722491664253173,
  "nDCG@100_ci90_low": 0.8161999313237286,
  "nDCG@100_ci90_high": 0.8399826484205241,
  "nDCG@100_ci95_low": 0.8139191468930098,
  "nDCG@100_ci95_high": 0.8422634328512428,
  "RR@1": 0.7048517520215634,
  "RR@3": 0.7659478885893986,
  "RR@5": 0.776257861635221,
  "RR@10": 0.7816342574765761,
  "RR@100": 0.7846554106980224,
  "P@1": 0.7048517520215634,
  "P@3": 0.29110512129379595,
  "P@5": 0.1858490566037693,
  "P@10": 0.09764150943395991,
  "P@100": 0.010491913746630539,
  "R@1": 0.6846922731356694,
  "R@3": 0.8323225516621742,
  "R@5": 0.881682389937107,
  "R@10": 0.9220013477088951,
  "R@100": 0.9866352201257861,
  "AP": 0.7793791300339388
}