nDCG@1,nDCG@1_std,nDCG@1_stderr,nDCG@1_ci90_low,nDCG@1_ci90_high,nDCG@1_ci95_low,nDCG@1_ci95_high,nDCG@3,nDCG@3_std,nDCG@3_stderr,nDCG@3_ci90_low,nDCG@3_ci90_high,nDCG@3_ci95_low,nDCG@3_ci95_high,nDCG@5,nDCG@5_std,nDCG@5_stderr,nDCG@5_ci90_low,nDCG@5_ci90_high,nDCG@5_ci95_low,nDCG@5_ci95_high,nDCG@10,nDCG@10_std,nDCG@10_stderr,nDCG@10_ci90_low,nDCG@10_ci90_high,nDCG@10_ci95_low,nDCG@10_ci95_high,nDCG@100,nDCG@100_std,nDCG@100_stderr,nDCG@100_ci90_low,nDCG@100_ci90_high,nDCG@100_ci95_low,nDCG@100_ci95_high,RR@1,RR@3,RR@5,RR@10,RR@100,P@1,P@3,P@5,P@10,P@100,R@1,R@3,R@5,R@10,R@100,AP
0.6543126684636119,0.4757521630519113,0.012349910806681977,0.6339861754798082,0.6746391614474156,0.6300875167571831,0.6785378201700407,0.7306415043880755,0.40046965468357354,0.01039567426114931,0.7135314536971158,0.7477515550790352,0.7102497145193826,0.7510332942567685,0.7547539619822049,0.36791505302104,0.009550598908679538,0.7390348054030851,0.7704731185613247,0.7360198422730299,0.77348808169138,0.772257467125815,0.3399719978536067,0.0088252333385679,0.7577321765107788,0.7867827577408512,0.7549461990674443,0.7895687351841857,0.7903224593718179,0.3042032750509166,0.007896723558500006,0.7773253860714956,0.8033195326721402,0.7748325235186059,0.8058123952250299,0.6543126684636119,0.7176549865229119,0.7305256064690042,0.7372136118598392,0.7408101602605108,0.6543126684636119,0.2749326145552524,0.1774932614555216,0.09467654986522689,0.010377358490565852,0.6339847259658581,0.7848719676549866,0.8430480682839174,0.8959456424079065,0.976190476190476,0.7343439049351973
