{
  "nDCG@1": 0.6960916442048517,
  "nDCG@1_std": 0.4600985935681216,
  "nDCG@1_stderr": 0.01194356438948259,
  "nDCG@1_ci90_low": 0.6764339493789852,
  "nDCG@1_ci90_high": 0.7157493390307182,
  "nDCG@1_ci95_low": 0.6726635673725745,
  "nDCG@1_ci95_high": 0.7195197210371289,
  "nDCG@3": 0.77517235367426,
  "nDCG@3_std": 0.3699958720774737,
  "nDCG@3_stderr": 0.009604614280016896,
  "nDCG@3_ci90_low": 0.75936429418048,
  "nDCG@3_ci90_high": 0.7909804131680399,
  "nDCG@3_ci95_low": 0.7563322793079533,
  "nDCG@3_ci95_high": 0.7940124280405666,
  "nDCG@5": 0.7925956678853029,
  "nDCG@5_std": 0.3435444191236911,
  "nDCG@5_stderr": 0.008917968774107311,
  "nDCG@5_ci90_low": 0.7779177457080354,
  "nDCG@5_ci90_high": 0.8072735900625704,
  "nDCG@5_ci95_low": 0.7751024932504662,
  "nDCG@5_ci95_high": 0.8100888425201396,
  "nDCG@10": 0.8081341195273305,
  "nDCG@10_std": 0.31593803537286386,
  "nDCG@10_stderr": 0.008201342758514082,
  "nDCG@10_ci90_low": 0.7946356790407394,
  "nDCG@10_ci90_high": 0.8216325600139216,
  "nDCG@10_ci95_low": 0.7920466533398072,
  "nDCG@10_ci95_high": 0.8242215857148538,
  "nDCG@100": 0.8232035809912592,
  "nDCG@100_std": 0.2815138013389767,
  "nDCG@100_stderr": 0.007307734167899089,
  "nDCG@100_ci90_low": 0.8111759145881193,
  "nDCG@100_ci90_high": 0.8352312473943991,
  "nDCG@100_ci95_low": 0.8088689860602719,
  "nDCG@100_ci95_high": 0.8375381759222466,
  "RR@1": 0.6960916442048517,
  "RR@3": 0.7608939802336032,
  "RR@5": 0.7697551662174311,
  "RR@10": 0.7756086082231636,
  "RR@100": 0.7787978212086875,
  "P@1": 0.6960916442048517,
  "P@3": 0.2908805031446495,
  "P@5": 0.1839622641509392,
  "P@10": 0.09730458221024027,
  "P@100": 0.010471698113207358,
  "R@1": 0.6766060197663971,
  "R@3": 0.8313117699910152,
  "R@5": 0.8729222821203954,
  "R@10": 0.9185759209344115,
  "R@100": 0.984613656783468,
  "AP": 0.773648075854408
}