{
  "nDCG@1": 0.6954177897574124,
  "nDCG@1_std": 0.46038539732821854,
  "nDCG@1_stderr": 0.011951009444137722,
  "nDCG@1_ci90_low": 0.6757478412518569,
  "nDCG@1_ci90_high": 0.7150877382629679,
  "nDCG@1_ci95_low": 0.6719751089671547,
  "nDCG@1_ci95_high": 0.7188604705476701,
  "nDCG@3": 0.7759861729697982,
  "nDCG@3_std": 0.36979210330663365,
  "nDCG@3_stderr": 0.009599324706283972,
  "nDCG@3_ci90_low": 0.7601868194889647,
  "nDCG@3_ci90_high": 0.7917855264506317,
  "nDCG@3_ci95_low": 0.7571564744457263,
  "nDCG@3_ci95_high": 0.7948158714938701,
  "nDCG@5": 0.7921082813540047,
  "nDCG@5_std": 0.3446610830954502,
  "nDCG@5_stderr": 0.008946955926501519,
  "nDCG@5_ci90_low": 0.7773826497512212,
  "nDCG@5_ci90_high": 0.8068339129567882,
  "nDCG@5_ci95_low": 0.7745582465381287,
  "nDCG@5_ci95_high": 0.8096583161698807,
  "nDCG@10": 0.8088390685239024,
  "nDCG@10_std": 0.3141478755554981,
  "nDCG@10_stderr": 0.0081548725250792,
  "nDCG@10_ci90_low": 0.7954171125470908,
  "nDCG@10_ci90_high": 0.822261024500714,
  "nDCG@10_ci95_low": 0.7928427567157439,
  "nDCG@10_ci95_high": 0.8248353803320609,
  "nDCG@100": 0.8233706335778722,
  "nDCG@100_std": 0.28099794724816396,
  "nDCG@100_stderr": 0.0072943432629162695,
  "nDCG@100_ci90_low": 0.8113650070210471,
  "nDCG@100_ci90_high": 0.8353762601346973,
  "nDCG@100_ci95_low": 0.8090623057762409,
  "nDCG@100_ci95_high": 0.8376789613795035,
  "RR@1": 0.6954177897574124,
  "RR@3": 0.7606693620844568,
  "RR@5": 0.7690588499550775,
  "RR@10": 0.7755374791426012,
  "RR@100": 0.7785551917754581,
  "P@1": 0.6954177897574124,
  "P@3": 0.29200359389038183,
  "P@5": 0.18382749326145129,
  "P@10": 0.09764150943395991,
  "P@100": 0.010478436657681752,
  "R@1": 0.6750898472596586,
  "R@3": 0.8329964061096136,
  "R@5": 0.8723607367475291,
  "R@10": 0.9223382749326147,
  "R@100": 0.9859613656783467,
  "AP": 0.7736616017986426
}