nDCG@1,nDCG@1_std,nDCG@1_stderr,nDCG@1_ci90_low,nDCG@1_ci90_high,nDCG@1_ci95_low,nDCG@1_ci95_high,nDCG@3,nDCG@3_std,nDCG@3_stderr,nDCG@3_ci90_low,nDCG@3_ci90_high,nDCG@3_ci95_low,nDCG@3_ci95_high,nDCG@5,nDCG@5_std,nDCG@5_stderr,nDCG@5_ci90_low,nDCG@5_ci90_high,nDCG@5_ci95_low,nDCG@5_ci95_high,nDCG@10,nDCG@10_std,nDCG@10_stderr,nDCG@10_ci90_low,nDCG@10_ci90_high,nDCG@10_ci95_low,nDCG@10_ci95_high,nDCG@100,nDCG@100_std,nDCG@100_stderr,nDCG@100_ci90_low,nDCG@100_ci90_high,nDCG@100_ci95_low,nDCG@100_ci95_high,RR@1,RR@3,RR@5,RR@10,RR@100,P@1,P@3,P@5,P@10,P@100,R@1,R@3,R@5,R@10,R@100,AP
0.692722371967655,0.4615209848227128,0.011980487826706122,0.6730039055297978,0.7124408384055121,0.6692218674164845,0.7162228765188254,0.7737542178254819,0.37030590535491886,0.009612662342896925,0.7579329121717722,0.7895755234791917,0.7548983566614191,0.7926100789895447,0.7883321678011898,0.3481722624553256,0.00903810160126326,0.773456521194448,0.8032078144079315,0.7706033448278079,0.8060609907745716,0.8056034866246063,0.31803804625358467,0.008255856324786894,0.7920153232533959,0.8191916499958168,0.7894090885382468,0.8217978847109659,0.8210533300971857,0.2833179009388277,0.007354566260057332,0.8089485836075924,0.8331580765867791,0.8066268709774588,0.8354797892169127,0.692722371967655,0.7593216531895782,0.7668688230008992,0.773415372438284,0.7766193272125914,0.692722371967655,0.29065588499550304,0.18221024258759694,0.09703504043126453,0.010464959568732965,0.6735736747529201,0.8303009883198561,0.8651729559748428,0.9158805031446542,0.9839398023360286,0.771162078216101
