nDCG@1,nDCG@1_std,nDCG@1_stderr,nDCG@1_ci90_low,nDCG@1_ci90_high,nDCG@1_ci95_low,nDCG@1_ci95_high,nDCG@3,nDCG@3_std,nDCG@3_stderr,nDCG@3_ci90_low,nDCG@3_ci90_high,nDCG@3_ci95_low,nDCG@3_ci95_high,nDCG@5,nDCG@5_std,nDCG@5_stderr,nDCG@5_ci90_low,nDCG@5_ci90_high,nDCG@5_ci95_low,nDCG@5_ci95_high,nDCG@10,nDCG@10_std,nDCG@10_stderr,nDCG@10_ci90_low,nDCG@10_ci90_high,nDCG@10_ci95_low,nDCG@10_ci95_high,nDCG@100,nDCG@100_std,nDCG@100_stderr,nDCG@100_ci90_low,nDCG@100_ci90_high,nDCG@100_ci95_low,nDCG@100_ci95_high,RR@1,RR@3,RR@5,RR@10,RR@100,P@1,P@3,P@5,P@10,P@100,R@1,R@3,R@5,R@10,R@100,AP
0.6731805929919138,0.4692087337997418,0.012180051846681179,0.6531336677728282,0.6932275182109994,0.6492886306614349,0.6970725553223927,0.7551945363016923,0.3838937811138471,0.009965386022803198,0.7387926891754922,0.7715963834278924,0.735646784743445,0.7747422878599396,0.7770378240469388,0.3512926980389356,0.009119104072987966,0.762028856949146,0.7920467911447315,0.7591501094672253,0.7949255386266523,0.7919590405403334,0.3255507044812297,0.008450875215373372,0.7780498991334702,0.8058681819471966,0.7753821002409952,0.8085359808396716,0.8086491244942643,0.28979917855442916,0.007522811843960833,0.7962674656662498,0.8210307833222787,0.79389264074053,0.8234056082479986,0.6731805929919138,0.7397798742138372,0.7516734052111421,0.7573664056817704,0.760734509350736,0.6731805929919138,0.2854896675651351,0.18247978436657264,0.09622641509433733,0.010458221024258571,0.65285265049416,0.8126684636118598,0.8656221922731356,0.9104335130278526,0.9839398023360286,0.7554705215466658
