{
  "nDCG@1": 0.6543126684636119,
  "nDCG@1_std": 0.4757521630519113,
  "nDCG@1_stderr": 0.012349910806681977,
  "nDCG@1_ci90_low": 0.6339861754798082,
  "nDCG@1_ci90_high": 0.6746391614474156,
  "nDCG@1_ci95_low": 0.6300875167571831,
  "nDCG@1_ci95_high": 0.6785378201700407,
  "nDCG@3": 0.7306415043880755,
  "nDCG@3_std": 0.40046965468357354,
  "nDCG@3_stderr": 0.01039567426114931,
  "nDCG@3_ci90_low": 0.7135314536971158,
  "nDCG@3_ci90_high": 0.7477515550790352,
  "nDCG@3_ci95_low": 0.7102497145193826,
  "nDCG@3_ci95_high": 0.7510332942567685,
  "nDCG@5": 0.7547539619822049,
  "nDCG@5_std": 0.36791505302104,
  "nDCG@5_stderr": 0.009550598908679538,
  "nDCG@5_ci90_low": 0.7390348054030851,
  "nDCG@5_ci90_high": 0.7704731185613247,
  "nDCG@5_ci95_low": 0.7360198422730299,
  "nDCG@5_ci95_high": 0.77348808169138,
  "nDCG@10": 0.772257467125815,
  "nDCG@10_std": 0.3399719978536067,
  "nDCG@10_stderr": 0.0088252333385679,
  "nDCG@10_ci90_low": 0.7577321765107788,
  "nDCG@10_ci90_high": 0.7867827577408512,
  "nDCG@10_ci95_low": 0.7549461990674443,
  "nDCG@10_ci95_high": 0.7895687351841857,
  "nDCG@100": 0.7903224593718179,
  "nDCG@100_std": 0.3042032750509166,
  "nDCG@100_stderr": 0.007896723558500006,
  "nDCG@100_ci90_low": 0.7773253860714956,
  "nDCG@100_ci90_high": 0.8033195326721402,
  "nDCG@100_ci95_low": 0.7748325235186059,
  "nDCG@100_ci95_high": 0.8058123952250299,
  "RR@1": 0.6543126684636119,
  "RR@3": 0.7176549865229119,
  "RR@5": 0.7305256064690042,
  "RR@10": 0.7372136118598392,
  "RR@100": 0.7408101602605108,
  "P@1": 0.6543126684636119,
  "P@3": 0.2749326145552524,
  "P@5": 0.1774932614555216,
  "P@10": 0.09467654986522689,
  "P@100": 0.010377358490565852,
  "R@1": 0.6339847259658581,
  "R@3": 0.7848719676549866,
  "R@5": 0.8430480682839174,
  "R@10": 0.8959456424079065,
  "R@100": 0.976190476190476,
  "AP": 0.7343439049351973
}