nDCG@1,nDCG@1_std,nDCG@1_stderr,nDCG@1_ci90_low,nDCG@1_ci90_high,nDCG@1_ci95_low,nDCG@1_ci95_high,nDCG@3,nDCG@3_std,nDCG@3_stderr,nDCG@3_ci90_low,nDCG@3_ci90_high,nDCG@3_ci95_low,nDCG@3_ci95_high,nDCG@5,nDCG@5_std,nDCG@5_stderr,nDCG@5_ci90_low,nDCG@5_ci90_high,nDCG@5_ci95_low,nDCG@5_ci95_high,nDCG@10,nDCG@10_std,nDCG@10_stderr,nDCG@10_ci90_low,nDCG@10_ci90_high,nDCG@10_ci95_low,nDCG@10_ci95_high,nDCG@100,nDCG@100_std,nDCG@100_stderr,nDCG@100_ci90_low,nDCG@100_ci90_high,nDCG@100_ci95_low,nDCG@100_ci95_high,RR@1,RR@3,RR@5,RR@10,RR@100,P@1,P@3,P@5,P@10,P@100,R@1,R@3,R@5,R@10,R@100,AP
0.644878706199461,0.4787113786658277,0.012426728216518156,0.6244257808416498,0.6653316315572722,0.6205028721572561,0.6692545402416659,0.7179827587536896,0.4093268336957284,0.010625595172275031,0.7004942854279447,0.7354712320794344,0.6971399640931655,0.7388255534142136,0.7423786763248619,0.37810917232004687,0.009815225060430052,0.7262239763882972,0.7585333762614266,0.7231254752415787,0.7616318774081451,0.7600207663285574,0.350820957998063,0.009106858311683709,0.7450319543059817,0.7750095783511332,0.7421570726045408,0.7778844600525741,0.7804577114164902,0.3123563706314503,0.008108367374414633,0.7671122974190897,0.7938031254138908,0.764552622480109,0.7963628003528714,0.644878706199461,0.7055256064690034,0.7184973045822117,0.725505658238139,0.7296299581526243,0.644878706199461,0.26976639712488437,0.1746630727762765,0.09312668463611642,0.01033692722371949,0.6252246181491464,0.7697102425876011,0.8285601976639714,0.8821316262353998,0.9721473495058399,0.7233992072797337
