nDCG@1,nDCG@1_std,nDCG@1_stderr,nDCG@1_ci90_low,nDCG@1_ci90_high,nDCG@1_ci95_low,nDCG@1_ci95_high,nDCG@3,nDCG@3_std,nDCG@3_stderr,nDCG@3_ci90_low,nDCG@3_ci90_high,nDCG@3_ci95_low,nDCG@3_ci95_high,nDCG@5,nDCG@5_std,nDCG@5_stderr,nDCG@5_ci90_low,nDCG@5_ci90_high,nDCG@5_ci95_low,nDCG@5_ci95_high,nDCG@10,nDCG@10_std,nDCG@10_stderr,nDCG@10_ci90_low,nDCG@10_ci90_high,nDCG@10_ci95_low,nDCG@10_ci95_high,nDCG@100,nDCG@100_std,nDCG@100_stderr,nDCG@100_ci90_low,nDCG@100_ci90_high,nDCG@100_ci95_low,nDCG@100_ci95_high,RR@1,RR@3,RR@5,RR@10,RR@100,P@1,P@3,P@5,P@10,P@100,R@1,R@3,R@5,R@10,R@100,AP
0.16711590296495957,0.37320508270797,0.009687921237135577,0.1511707300696433,0.18306107586027584,0.14811241659463192,0.1861193893352872,0.25401580338003305,0.38837125854071836,0.010081615545557377,0.23742265620189285,0.27060895055817324,0.23424006006819653,0.27379154669186956,0.2869237166775472,0.3827079723012184,0.009934603959773159,0.27057253318754665,0.3032749001675477,0.26743634613406286,0.3064110872210315,0.32369223726100665,0.3690916353606704,0.009581141464404225,0.3079228112463935,0.33946166327561983,0.30489820634619497,0.34248626817581834,0.385879683352024,0.3259884212524244,0.008462237776603081,0.37195184051284047,0.3998075261912075,0.3692804546512655,0.40247891205278247,0.16711590296495957,0.23528751123090733,0.2533805031446535,0.26885910024387094,0.27998193292574564,0.16711590296495957,0.10871518418688247,0.08194070080862613,0.052897574123989106,0.00852425876010767,0.16273584905660377,0.31716082659478884,0.3975179694519317,0.5091531895777179,0.8110399820305481,0.2762344967159167
