nDCG@1,nDCG@1_std,nDCG@1_stderr,nDCG@1_ci90_low,nDCG@1_ci90_high,nDCG@1_ci95_low,nDCG@1_ci95_high,nDCG@3,nDCG@3_std,nDCG@3_stderr,nDCG@3_ci90_low,nDCG@3_ci90_high,nDCG@3_ci95_low,nDCG@3_ci95_high,nDCG@5,nDCG@5_std,nDCG@5_stderr,nDCG@5_ci90_low,nDCG@5_ci90_high,nDCG@5_ci95_low,nDCG@5_ci95_high,nDCG@10,nDCG@10_std,nDCG@10_stderr,nDCG@10_ci90_low,nDCG@10_ci90_high,nDCG@10_ci95_low,nDCG@10_ci95_high,nDCG@100,nDCG@100_std,nDCG@100_stderr,nDCG@100_ci90_low,nDCG@100_ci90_high,nDCG@100_ci95_low,nDCG@100_ci95_high,RR@1,RR@3,RR@5,RR@10,RR@100,P@1,P@3,P@5,P@10,P@100,R@1,R@3,R@5,R@10,R@100,AP
0.17722371967654987,0.38198664573772795,0.009915879255161304,0.1609033548364064,0.19354408451669336,0.1577730788566223,0.19667436049647744,0.2661101656031631,0.39312007608904,0.010204888706908362,0.2493141253767641,0.2829062058295621,0.2460926139834121,0.2861277172229141,0.3026411177221732,0.3861764850610464,0.010024642064783392,0.2861417421570708,0.3191404932872757,0.28297713159114535,0.3223051038532011,0.33733194834513475,0.37240134933126273,0.009667057358239025,0.3214211149276207,0.3532427817626488,0.3183693878275817,0.3562945088626878,0.4004043320103848,0.3271254445310743,0.00849175343027109,0.38642790989507636,0.4143807541256932,0.3837472064390323,0.41706145758173724,0.17722371967654987,0.24786612758310844,0.2680143755615447,0.2823944829504125,0.2941795199183616,0.17722371967654987,0.11388140161725097,0.0863881401617259,0.054582210242587394,0.008699460916441897,0.17177672955974843,0.33114330637915546,0.41964285714285715,0.5247641509433962,0.8259770889487871,0.28929412404224647
