{
  "nDCG@1": 0.16576819407008087,
  "nDCG@1_std": 0.3719977815343258,
  "nDCG@1_stderr": 0.009656581260212169,
  "nDCG@1_ci90_low": 0.14987460307126715,
  "nDCG@1_ci90_high": 0.18166178506889458,
  "nDCG@1_ci95_low": 0.1468261830988334,
  "nDCG@1_ci95_high": 0.18471020504132832,
  "nDCG@3": 0.24813373361909666,
  "nDCG@3_std": 0.38657268211412477,
  "nDCG@3_stderr": 0.010034926827833128,
  "nDCG@3_ci90_low": 0.23161743055004358,
  "nDCG@3_ci90_high": 0.26465003668814974,
  "nDCG@3_ci95_low": 0.2284495732577408,
  "nDCG@3_ci95_high": 0.2678178939804525,
  "nDCG@5": 0.2799794680665845,
  "nDCG@5_std": 0.381858492235041,
  "nDCG@5_stderr": 0.009912552555987527,
  "nDCG@5_ci90_low": 0.26366457857994546,
  "nDCG@5_ci90_high": 0.2962943575532236,
  "nDCG@5_ci95_low": 0.2605353527830295,
  "nDCG@5_ci95_high": 0.2994235833501396,
  "nDCG@10": 0.31599812610286265,
  "nDCG@10_std": 0.3691518923512065,
  "nDCG@10_stderr": 0.009582705657941098,
  "nDCG@10_ci90_low": 0.3002261256106318,
  "nDCG@10_ci90_high": 0.33177012659509353,
  "nDCG@10_ci95_low": 0.29720102692089323,
  "nDCG@10_ci95_high": 0.3347952252848321,
  "nDCG@100": 0.37734629591960067,
  "nDCG@100_std": 0.32860542741239956,
  "nDCG@100_stderr": 0.008530171871634623,
  "nDCG@100_ci90_low": 0.36330664159225057,
  "nDCG@100_ci90_high": 0.3913859502469508,
  "nDCG@100_ci95_low": 0.36061381008169047,
  "nDCG@100_ci95_high": 0.3940787817575109,
  "RR@1": 0.16576819407008087,
  "RR@3": 0.23124438454627116,
  "RR@5": 0.24893306379155392,
  "RR@10": 0.26395493732083986,
  "RR@100": 0.27496607890990826,
  "P@1": 0.16576819407008087,
  "P@3": 0.10579514824797853,
  "P@5": 0.07924528301886868,
  "P@10": 0.051280323450134745,
  "P@100": 0.008322102425875867,
  "R@1": 0.16071428571428573,
  "R@3": 0.30738993710691825,
  "R@5": 0.3843778077268643,
  "R@10": 0.49410377358490565,
  "R@100": 0.7913858939802335,
  "AP": 0.2707505462209489
}