nDCG@1,nDCG@1_std,nDCG@1_stderr,nDCG@1_ci90_low,nDCG@1_ci90_high,nDCG@1_ci95_low,nDCG@1_ci95_high,nDCG@3,nDCG@3_std,nDCG@3_stderr,nDCG@3_ci90_low,nDCG@3_ci90_high,nDCG@3_ci95_low,nDCG@3_ci95_high,nDCG@5,nDCG@5_std,nDCG@5_stderr,nDCG@5_ci90_low,nDCG@5_ci90_high,nDCG@5_ci95_low,nDCG@5_ci95_high,nDCG@10,nDCG@10_std,nDCG@10_stderr,nDCG@10_ci90_low,nDCG@10_ci90_high,nDCG@10_ci95_low,nDCG@10_ci95_high,nDCG@100,nDCG@100_std,nDCG@100_stderr,nDCG@100_ci90_low,nDCG@100_ci90_high,nDCG@100_ci95_low,nDCG@100_ci95_high,RR@1,RR@3,RR@5,RR@10,RR@100,P@1,P@3,P@5,P@10,P@100,R@1,R@3,R@5,R@10,R@100,AP
0.17452830188679244,0.37969108518566486,0.009856289472347804,0.1583060147835027,0.19075058899008218,0.1551945502939538,0.1938620534796311,0.263492286318763,0.3935001737895022,0.010214755551587367,0.24668000643263854,0.2803045662048874,0.2434553802426961,0.2835291923948298,0.30293184221094066,0.385830532800121,0.010015661591550457,0.28644724744296446,0.31941643697891686,0.2832854718611009,0.3225782125607804,0.33611746826669947,0.3720354391808021,0.009657558804007637,0.3202222683463793,0.35201266818701965,0.31717353977984275,0.3550613967535562,0.3994832233138449,0.3269329064751051,0.008486755391370211,0.38551502737961924,0.41345141924807055,0.3828359017202299,0.4161305449074599,0.17452830188679244,0.24550763701707076,0.2674415992812214,0.28155644333204966,0.29332028152691725,0.17452830188679244,0.11185983827493284,0.08692722371967736,0.05424528301886773,0.00866576819406993,0.16964285714285715,0.32575247079964065,0.4209905660377358,0.5217318059299192,0.8237309074573225,0.2887658108628722
