nDCG@1,nDCG@1_std,nDCG@1_stderr,nDCG@1_ci90_low,nDCG@1_ci90_high,nDCG@1_ci95_low,nDCG@1_ci95_high,nDCG@3,nDCG@3_std,nDCG@3_stderr,nDCG@3_ci90_low,nDCG@3_ci90_high,nDCG@3_ci95_low,nDCG@3_ci95_high,nDCG@5,nDCG@5_std,nDCG@5_stderr,nDCG@5_ci90_low,nDCG@5_ci90_high,nDCG@5_ci95_low,nDCG@5_ci95_high,nDCG@10,nDCG@10_std,nDCG@10_stderr,nDCG@10_ci90_low,nDCG@10_ci90_high,nDCG@10_ci95_low,nDCG@10_ci95_high,nDCG@100,nDCG@100_std,nDCG@100_stderr,nDCG@100_ci90_low,nDCG@100_ci90_high,nDCG@100_ci95_low,nDCG@100_ci95_high,RR@1,RR@3,RR@5,RR@10,RR@100,P@1,P@3,P@5,P@10,P@100,R@1,R@3,R@5,R@10,R@100,AP
0.16576819407008087,0.3719977815343258,0.009656581260212169,0.14987460307126715,0.18166178506889458,0.1468261830988334,0.18471020504132832,0.24813373361909666,0.38657268211412477,0.010034926827833128,0.23161743055004358,0.26465003668814974,0.2284495732577408,0.2678178939804525,0.2799794680665845,0.381858492235041,0.009912552555987527,0.26366457857994546,0.2962943575532236,0.2605353527830295,0.2994235833501396,0.31599812610286265,0.3691518923512065,0.009582705657941098,0.3002261256106318,0.33177012659509353,0.29720102692089323,0.3347952252848321,0.37734629591960067,0.32860542741239956,0.008530171871634623,0.36330664159225057,0.3913859502469508,0.36061381008169047,0.3940787817575109,0.16576819407008087,0.23124438454627116,0.24893306379155392,0.26395493732083986,0.27496607890990826,0.16576819407008087,0.10579514824797853,0.07924528301886868,0.051280323450134745,0.008322102425875867,0.16071428571428573,0.30738993710691825,0.3843778077268643,0.49410377358490565,0.7913858939802335,0.2707505462209489
