nDCG@1,nDCG@1_std,nDCG@1_stderr,nDCG@1_ci90_low,nDCG@1_ci90_high,nDCG@1_ci95_low,nDCG@1_ci95_high,nDCG@3,nDCG@3_std,nDCG@3_stderr,nDCG@3_ci90_low,nDCG@3_ci90_high,nDCG@3_ci95_low,nDCG@3_ci95_high,nDCG@5,nDCG@5_std,nDCG@5_stderr,nDCG@5_ci90_low,nDCG@5_ci90_high,nDCG@5_ci95_low,nDCG@5_ci95_high,nDCG@10,nDCG@10_std,nDCG@10_stderr,nDCG@10_ci90_low,nDCG@10_ci90_high,nDCG@10_ci95_low,nDCG@10_ci95_high,nDCG@100,nDCG@100_std,nDCG@100_stderr,nDCG@100_ci90_low,nDCG@100_ci90_high,nDCG@100_ci95_low,nDCG@100_ci95_high,RR@1,RR@3,RR@5,RR@10,RR@100,P@1,P@3,P@5,P@10,P@100,R@1,R@3,R@5,R@10,R@100,AP
0.16172506738544473,0.36832252993856635,0.009561176482420771,0.14598850137059682,0.17746163340029264,0.14297019907876327,0.1804799356921262,0.2397668142963202,0.38330704140740224,0.009950155018923261,0.22339003560165357,0.2561435929909869,0.22024893934086046,0.25928468925178,0.2711214731062805,0.37926207145231494,0.009845152830723885,0.2549175155983518,0.2873254306142092,0.2518095667588904,0.2904333794536706,0.307353925834467,0.3674109076753292,0.009537511947575269,0.291656308845975,0.32305154282295906,0.28864547704900057,0.3260623746199335,0.368918177270757,0.32834964248992415,0.008523532025883842,0.3548894513444439,0.3829469031970701,0.3521987159212935,0.3856376386202205,0.16172506738544473,0.2239442946990115,0.24136343216531853,0.2566377337098358,0.26807797518554344,0.16172506738544473,0.10197663971248876,0.07681940700808697,0.05000000000000005,0.008160377358490425,0.1566711590296496,0.29593441150044925,0.37191150044923627,0.48130053908355797,0.7758872416891284,0.26386958205547645
