nDCG@1,nDCG@1_std,nDCG@1_stderr,nDCG@1_ci90_low,nDCG@1_ci90_high,nDCG@1_ci95_low,nDCG@1_ci95_high,nDCG@3,nDCG@3_std,nDCG@3_stderr,nDCG@3_ci90_low,nDCG@3_ci90_high,nDCG@3_ci95_low,nDCG@3_ci95_high,nDCG@5,nDCG@5_std,nDCG@5_stderr,nDCG@5_ci90_low,nDCG@5_ci90_high,nDCG@5_ci95_low,nDCG@5_ci95_high,nDCG@10,nDCG@10_std,nDCG@10_stderr,nDCG@10_ci90_low,nDCG@10_ci90_high,nDCG@10_ci95_low,nDCG@10_ci95_high,nDCG@100,nDCG@100_std,nDCG@100_stderr,nDCG@100_ci90_low,nDCG@100_ci90_high,nDCG@100_ci95_low,nDCG@100_ci95_high,RR@1,RR@3,RR@5,RR@10,RR@100,P@1,P@3,P@5,P@10,P@100,R@1,R@3,R@5,R@10,R@100,AP
0.1752021563342318,0.3802680668497028,0.00987126717006808,0.15895521771139748,0.19144909495706613,0.15583902501508046,0.19456528765338316,0.26398551672808446,0.39260897693269436,0.010191621233874194,0.2472113131936068,0.28075972026256213,0.24399399011791,0.2839770433382589,0.3012264428771066,0.3858995239986708,0.010017452513830391,0.2847389004628091,0.3177139852914041,0.28157655951696214,0.32087632623725104,0.3358424965073056,0.37188390283814,0.009653625116551877,0.3199537709714341,0.351731222043177,0.3169062842037374,0.35477870881087376,0.39948241133838114,0.32675515562969126,0.008482141209329311,0.3855218098022324,0.4134430128745299,0.3828441407623558,0.4161206819144065,0.1752021563342318,0.24618149146451,0.26666666666666605,0.2814577717879601,0.29345613406126586,0.1752021563342318,0.11275831087151868,0.0859838274932623,0.0541778975741238,0.008659029649595536,0.17009209344115006,0.327437106918239,0.4172843665768194,0.5213948787061995,0.8230570530098831,0.2886574010818297
