{
  "nDCG@1": 0.1752021563342318,
  "nDCG@1_std": 0.3802680668497028,
  "nDCG@1_stderr": 0.00987126717006808,
  "nDCG@1_ci90_low": 0.15895521771139748,
  "nDCG@1_ci90_high": 0.19144909495706613,
  "nDCG@1_ci95_low": 0.15583902501508046,
  "nDCG@1_ci95_high": 0.19456528765338316,
  "nDCG@3": 0.26398551672808446,
  "nDCG@3_std": 0.39260897693269436,
  "nDCG@3_stderr": 0.010191621233874194,
  "nDCG@3_ci90_low": 0.2472113131936068,
  "nDCG@3_ci90_high": 0.28075972026256213,
  "nDCG@3_ci95_low": 0.24399399011791,
  "nDCG@3_ci95_high": 0.2839770433382589,
  "nDCG@5": 0.3012264428771066,
  "nDCG@5_std": 0.3858995239986708,
  "nDCG@5_stderr": 0.010017452513830391,
  "nDCG@5_ci90_low": 0.2847389004628091,
  "nDCG@5_ci90_high": 0.3177139852914041,
  "nDCG@5_ci95_low": 0.28157655951696214,
  "nDCG@5_ci95_high": 0.32087632623725104,
  "nDCG@10": 0.3358424965073056,
  "nDCG@10_std": 0.37188390283814,
  "nDCG@10_stderr": 0.009653625116551877,
  "nDCG@10_ci90_low": 0.3199537709714341,
  "nDCG@10_ci90_high": 0.351731222043177,
  "nDCG@10_ci95_low": 0.3169062842037374,
  "nDCG@10_ci95_high": 0.35477870881087376,
  "nDCG@100": 0.39948241133838114,
  "nDCG@100_std": 0.32675515562969126,
  "nDCG@100_stderr": 0.008482141209329311,
  "nDCG@100_ci90_low": 0.3855218098022324,
  "nDCG@100_ci90_high": 0.4134430128745299,
  "nDCG@100_ci95_low": 0.3828441407623558,
  "nDCG@100_ci95_high": 0.4161206819144065,
  "RR@1": 0.1752021563342318,
  "RR@3": 0.24618149146451,
  "RR@5": 0.26666666666666605,
  "RR@10": 0.2814577717879601,
  "RR@100": 0.29345613406126586,
  "P@1": 0.1752021563342318,
  "P@3": 0.11275831087151868,
  "P@5": 0.0859838274932623,
  "P@10": 0.0541778975741238,
  "P@100": 0.008659029649595536,
  "R@1": 0.17009209344115006,
  "R@3": 0.327437106918239,
  "R@5": 0.4172843665768194,
  "R@10": 0.5213948787061995,
  "R@100": 0.8230570530098831,
  "AP": 0.2886574010818297
}