{
  "nDCG@1": 0.17452830188679244,
  "nDCG@1_std": 0.37969108518566486,
  "nDCG@1_stderr": 0.009856289472347804,
  "nDCG@1_ci90_low": 0.1583060147835027,
  "nDCG@1_ci90_high": 0.19075058899008218,
  "nDCG@1_ci95_low": 0.1551945502939538,
  "nDCG@1_ci95_high": 0.1938620534796311,
  "nDCG@3": 0.263492286318763,
  "nDCG@3_std": 0.3935001737895022,
  "nDCG@3_stderr": 0.010214755551587367,
  "nDCG@3_ci90_low": 0.24668000643263854,
  "nDCG@3_ci90_high": 0.2803045662048874,
  "nDCG@3_ci95_low": 0.2434553802426961,
  "nDCG@3_ci95_high": 0.2835291923948298,
  "nDCG@5": 0.30293184221094066,
  "nDCG@5_std": 0.385830532800121,
  "nDCG@5_stderr": 0.010015661591550457,
  "nDCG@5_ci90_low": 0.28644724744296446,
  "nDCG@5_ci90_high": 0.31941643697891686,
  "nDCG@5_ci95_low": 0.2832854718611009,
  "nDCG@5_ci95_high": 0.3225782125607804,
  "nDCG@10": 0.33611746826669947,
  "nDCG@10_std": 0.3720354391808021,
  "nDCG@10_stderr": 0.009657558804007637,
  "nDCG@10_ci90_low": 0.3202222683463793,
  "nDCG@10_ci90_high": 0.35201266818701965,
  "nDCG@10_ci95_low": 0.31717353977984275,
  "nDCG@10_ci95_high": 0.3550613967535562,
  "nDCG@100": 0.3994832233138449,
  "nDCG@100_std": 0.3269329064751051,
  "nDCG@100_stderr": 0.008486755391370211,
  "nDCG@100_ci90_low": 0.38551502737961924,
  "nDCG@100_ci90_high": 0.41345141924807055,
  "nDCG@100_ci95_low": 0.3828359017202299,
  "nDCG@100_ci95_high": 0.4161305449074599,
  "RR@1": 0.17452830188679244,
  "RR@3": 0.24550763701707076,
  "RR@5": 0.2674415992812214,
  "RR@10": 0.28155644333204966,
  "RR@100": 0.29332028152691725,
  "P@1": 0.17452830188679244,
  "P@3": 0.11185983827493284,
  "P@5": 0.08692722371967736,
  "P@10": 0.05424528301886773,
  "P@100": 0.00866576819406993,
  "R@1": 0.16964285714285715,
  "R@3": 0.32575247079964065,
  "R@5": 0.4209905660377358,
  "R@10": 0.5217318059299192,
  "R@100": 0.8237309074573225,
  "AP": 0.2887658108628722
}