{
  "nDCG@1": 0.16711590296495957,
  "nDCG@1_std": 0.37320508270797,
  "nDCG@1_stderr": 0.009687921237135577,
  "nDCG@1_ci90_low": 0.1511707300696433,
  "nDCG@1_ci90_high": 0.18306107586027584,
  "nDCG@1_ci95_low": 0.14811241659463192,
  "nDCG@1_ci95_high": 0.1861193893352872,
  "nDCG@3": 0.25401580338003305,
  "nDCG@3_std": 0.38837125854071836,
  "nDCG@3_stderr": 0.010081615545557377,
  "nDCG@3_ci90_low": 0.23742265620189285,
  "nDCG@3_ci90_high": 0.27060895055817324,
  "nDCG@3_ci95_low": 0.23424006006819653,
  "nDCG@3_ci95_high": 0.27379154669186956,
  "nDCG@5": 0.2869237166775472,
  "nDCG@5_std": 0.3827079723012184,
  "nDCG@5_stderr": 0.009934603959773159,
  "nDCG@5_ci90_low": 0.27057253318754665,
  "nDCG@5_ci90_high": 0.3032749001675477,
  "nDCG@5_ci95_low": 0.26743634613406286,
  "nDCG@5_ci95_high": 0.3064110872210315,
  "nDCG@10": 0.32369223726100665,
  "nDCG@10_std": 0.3690916353606704,
  "nDCG@10_stderr": 0.009581141464404225,
  "nDCG@10_ci90_low": 0.3079228112463935,
  "nDCG@10_ci90_high": 0.33946166327561983,
  "nDCG@10_ci95_low": 0.30489820634619497,
  "nDCG@10_ci95_high": 0.34248626817581834,
  "nDCG@100": 0.385879683352024,
  "nDCG@100_std": 0.3259884212524244,
  "nDCG@100_stderr": 0.008462237776603081,
  "nDCG@100_ci90_low": 0.37195184051284047,
  "nDCG@100_ci90_high": 0.3998075261912075,
  "nDCG@100_ci95_low": 0.3692804546512655,
  "nDCG@100_ci95_high": 0.40247891205278247,
  "RR@1": 0.16711590296495957,
  "RR@3": 0.23528751123090733,
  "RR@5": 0.2533805031446535,
  "RR@10": 0.26885910024387094,
  "RR@100": 0.27998193292574564,
  "P@1": 0.16711590296495957,
  "P@3": 0.10871518418688247,
  "P@5": 0.08194070080862613,
  "P@10": 0.052897574123989106,
  "P@100": 0.00852425876010767,
  "R@1": 0.16273584905660377,
  "R@3": 0.31716082659478884,
  "R@5": 0.3975179694519317,
  "R@10": 0.5091531895777179,
  "R@100": 0.8110399820305481,
  "AP": 0.2762344967159167
}