{
  "nDCG@1": 0.16172506738544473,
  "nDCG@1_std": 0.36832252993856635,
  "nDCG@1_stderr": 0.009561176482420771,
  "nDCG@1_ci90_low": 0.14598850137059682,
  "nDCG@1_ci90_high": 0.17746163340029264,
  "nDCG@1_ci95_low": 0.14297019907876327,
  "nDCG@1_ci95_high": 0.1804799356921262,
  "nDCG@3": 0.2397668142963202,
  "nDCG@3_std": 0.38330704140740224,
  "nDCG@3_stderr": 0.009950155018923261,
  "nDCG@3_ci90_low": 0.22339003560165357,
  "nDCG@3_ci90_high": 0.2561435929909869,
  "nDCG@3_ci95_low": 0.22024893934086046,
  "nDCG@3_ci95_high": 0.25928468925178,
  "nDCG@5": 0.2711214731062805,
  "nDCG@5_std": 0.37926207145231494,
  "nDCG@5_stderr": 0.009845152830723885,
  "nDCG@5_ci90_low": 0.2549175155983518,
  "nDCG@5_ci90_high": 0.2873254306142092,
  "nDCG@5_ci95_low": 0.2518095667588904,
  "nDCG@5_ci95_high": 0.2904333794536706,
  "nDCG@10": 0.307353925834467,
  "nDCG@10_std": 0.3674109076753292,
  "nDCG@10_stderr": 0.009537511947575269,
  "nDCG@10_ci90_low": 0.291656308845975,
  "nDCG@10_ci90_high": 0.32305154282295906,
  "nDCG@10_ci95_low": 0.28864547704900057,
  "nDCG@10_ci95_high": 0.3260623746199335,
  "nDCG@100": 0.368918177270757,
  "nDCG@100_std": 0.32834964248992415,
  "nDCG@100_stderr": 0.008523532025883842,
  "nDCG@100_ci90_low": 0.3548894513444439,
  "nDCG@100_ci90_high": 0.3829469031970701,
  "nDCG@100_ci95_low": 0.3521987159212935,
  "nDCG@100_ci95_high": 0.3856376386202205,
  "RR@1": 0.16172506738544473,
  "RR@3": 0.2239442946990115,
  "RR@5": 0.24136343216531853,
  "RR@10": 0.2566377337098358,
  "RR@100": 0.26807797518554344,
  "P@1": 0.16172506738544473,
  "P@3": 0.10197663971248876,
  "P@5": 0.07681940700808697,
  "P@10": 0.05000000000000005,
  "P@100": 0.008160377358490425,
  "R@1": 0.1566711590296496,
  "R@3": 0.29593441150044925,
  "R@5": 0.37191150044923627,
  "R@10": 0.48130053908355797,
  "R@100": 0.7758872416891284,
  "AP": 0.26386958205547645
}