{
  "nDCG@1": 0.738544474393531,
  "nDCG@1_std": 0.43957563676200273,
  "nDCG@1_stderr": 0.011410814975546035,
  "nDCG@1_ci90_low": 0.7197636221128468,
  "nDCG@1_ci90_high": 0.7573253266742151,
  "nDCG@1_ci95_low": 0.7161614201185941,
  "nDCG@1_ci95_high": 0.7609275286684679,
  "nDCG@3": 0.8063395232893908,
  "nDCG@3_std": 0.35218782212798155,
  "nDCG@3_stderr": 0.009142340336570489,
  "nDCG@3_ci90_low": 0.791292312049104,
  "nDCG@3_ci90_high": 0.8213867345296777,
  "nDCG@3_ci95_low": 0.7884062292703446,
  "nDCG@3_ci95_high": 0.824272817308437,
  "nDCG@5": 0.8270322847629847,
  "nDCG@5_std": 0.3163257995954085,
  "nDCG@5_stderr": 0.008211408616190333,
  "nDCG@5_ci90_low": 0.8135172770648051,
  "nDCG@5_ci90_high": 0.8405472924611643,
  "nDCG@5_ci95_low": 0.8109250737422331,
  "nDCG@5_ci95_high": 0.8431394957837364,
  "nDCG@10": 0.8409679910706986,
  "nDCG@10_std": 0.28696326221619384,
  "nDCG@10_stderr": 0.0074491951238439,
  "nDCG@10_ci90_low": 0.8287074966598504,
  "nDCG@10_ci90_high": 0.8532284854815468,
  "nDCG@10_ci95_low": 0.8263559112920924,
  "nDCG@10_ci95_high": 0.8555800708493049,
  "nDCG@100": 0.8519700513679908,
  "nDCG@100_std": 0.25900044156562085,
  "nDCG@100_stderr": 0.006723316467354975,
  "nDCG@100_ci90_low": 0.840904267400738,
  "nDCG@100_ci90_high": 0.8630358353352435,
  "nDCG@100_ci95_low": 0.8387818296924235,
  "nDCG@100_ci95_high": 0.865158273043558,
  "RR@1": 0.738544474393531,
  "RR@3": 0.7944743935309975,
  "RR@5": 0.8053908355795155,
  "RR@10": 0.8106364715697603,
  "RR@100": 0.8129666702929306,
  "P@1": 0.738544474393531,
  "P@3": 0.29986522911050756,
  "P@5": 0.19083557951482036,
  "P@10": 0.10013477088948537,
  "P@100": 0.010539083557951294,
  "R@1": 0.7172057502246183,
  "R@3": 0.8541666666666666,
  "R@5": 0.903414195867026,
  "R@10": 0.9449685534591195,
  "R@100": 0.991464510332435,
  "AP": 0.8081784588750459
}