nDCG@1,nDCG@1_std,nDCG@1_stderr,nDCG@1_ci90_low,nDCG@1_ci90_high,nDCG@1_ci95_low,nDCG@1_ci95_high,nDCG@3,nDCG@3_std,nDCG@3_stderr,nDCG@3_ci90_low,nDCG@3_ci90_high,nDCG@3_ci95_low,nDCG@3_ci95_high,nDCG@5,nDCG@5_std,nDCG@5_stderr,nDCG@5_ci90_low,nDCG@5_ci90_high,nDCG@5_ci95_low,nDCG@5_ci95_high,nDCG@10,nDCG@10_std,nDCG@10_stderr,nDCG@10_ci90_low,nDCG@10_ci90_high,nDCG@10_ci95_low,nDCG@10_ci95_high,nDCG@100,nDCG@100_std,nDCG@100_stderr,nDCG@100_ci90_low,nDCG@100_ci90_high,nDCG@100_ci95_low,nDCG@100_ci95_high,RR@1,RR@3,RR@5,RR@10,RR@100,P@1,P@3,P@5,P@10,P@100,R@1,R@3,R@5,R@10,R@100,AP
0.7398921832884097,0.43884110143157945,0.011391747388429053,0.721142714001645,0.7586416525751744,0.7175465313233206,0.7622378352534988,0.8128813258190606,0.3440494705565737,0.00893107925606261,0.7981818253386256,0.8275808262994956,0.7953624341228391,0.830400217515282,0.8303426663404674,0.3134827695735116,0.008137607234046508,0.8169491269913167,0.843736205689618,0.8143802215213964,0.8463051111595383,0.8428557160184654,0.2868923347922553,0.007447353939657223,0.8305982519790943,0.8551131800578365,0.8282472478421565,0.8574641841947743,0.8540397575527485,0.2580999638761295,0.006699941231229329,0.8430124464603643,0.8650670686451327,0.8408973879201783,0.8671821271853187,0.7405660377358491,0.7999775381850854,0.8087376460017971,0.8138789949942241,0.816245309857986,0.7398921832884097,0.3027852650494113,0.19110512129379603,0.09986522911050968,0.010518867924528113,0.7190026954177897,0.8641060197663971,0.9049865229110512,0.9419362084456424,0.9894429469901169,0.811487505196475
