nDCG@1,nDCG@1_std,nDCG@1_stderr,nDCG@1_ci90_low,nDCG@1_ci90_high,nDCG@1_ci95_low,nDCG@1_ci95_high,nDCG@3,nDCG@3_std,nDCG@3_stderr,nDCG@3_ci90_low,nDCG@3_ci90_high,nDCG@3_ci95_low,nDCG@3_ci95_high,nDCG@5,nDCG@5_std,nDCG@5_stderr,nDCG@5_ci90_low,nDCG@5_ci90_high,nDCG@5_ci95_low,nDCG@5_ci95_high,nDCG@10,nDCG@10_std,nDCG@10_stderr,nDCG@10_ci90_low,nDCG@10_ci90_high,nDCG@10_ci95_low,nDCG@10_ci95_high,nDCG@100,nDCG@100_std,nDCG@100_stderr,nDCG@100_ci90_low,nDCG@100_ci90_high,nDCG@100_ci95_low,nDCG@100_ci95_high,RR@1,RR@3,RR@5,RR@10,RR@100,P@1,P@3,P@5,P@10,P@100,R@1,R@3,R@5,R@10,R@100,AP
0.6967654986522911,0.4598106227151051,0.011936089038604807,0.6771201073701139,0.7164108899344683,0.6733520852060016,0.7201789120985805,0.7707298373050594,0.3768937876214047,0.00978367524565307,0.7546270646332938,0.786832609976825,0.7515385232314272,0.7899211513786916,0.791894048119298,0.34565364023728423,0.008972721426112811,0.7771260095505638,0.8066620866880322,0.7742934726034407,0.8094946236351552,0.8095232544635572,0.3130017698237859,0.008125121102677093,0.7961502658103304,0.822896243116784,0.7935853020016689,0.8254612069254456,0.8250624351804903,0.27741355217301245,0.007201297002884445,0.8132099517662603,0.8369149185947202,0.8109366236577432,0.8391882467032373,0.6960916442048517,0.7584231805929924,0.7684973045822109,0.7756524622427586,0.7789077959235814,0.6967654986522911,0.28796046720574603,0.1840970350404272,0.09791105121293564,0.010539083557951294,0.6772237196765498,0.8215970350404312,0.8717430368373763,0.9241913746630728,0.991464510332435,0.7742662376146433
