nDCG@1,nDCG@1_std,nDCG@1_stderr,nDCG@1_ci90_low,nDCG@1_ci90_high,nDCG@1_ci95_low,nDCG@1_ci95_high,nDCG@3,nDCG@3_std,nDCG@3_stderr,nDCG@3_ci90_low,nDCG@3_ci90_high,nDCG@3_ci95_low,nDCG@3_ci95_high,nDCG@5,nDCG@5_std,nDCG@5_stderr,nDCG@5_ci90_low,nDCG@5_ci90_high,nDCG@5_ci95_low,nDCG@5_ci95_high,nDCG@10,nDCG@10_std,nDCG@10_stderr,nDCG@10_ci90_low,nDCG@10_ci90_high,nDCG@10_ci95_low,nDCG@10_ci95_high,nDCG@100,nDCG@100_std,nDCG@100_stderr,nDCG@100_ci90_low,nDCG@100_ci90_high,nDCG@100_ci95_low,nDCG@100_ci95_high,RR@1,RR@3,RR@5,RR@10,RR@100,P@1,P@3,P@5,P@10,P@100,R@1,R@3,R@5,R@10,R@100,AP
0.7473045822102425,0.4347042447424003,0.01128435993946056,0.7287318599674181,0.765877304453067,0.7251695776970541,0.7694395867234309,0.8137437711200716,0.3464880716184464,0.008994382185499679,0.798940081502468,0.8285474607376752,0.7961007066186307,0.8313868356215124,0.8344296714927174,0.30925759386065893,0.008027927137456812,0.821216652614418,0.8476426903710168,0.8186823713026767,0.8501769716827581,0.847842620571093,0.2803186389355542,0.00727670929775014,0.8358660174359619,0.8598192237062242,0.8335688829367935,0.8621163582053926,0.8574215049752748,0.2553008605150333,0.0066272801283843805,0.8465137854670156,0.868329224483534,0.8444216648125226,0.870421345138027,0.7493261455525606,0.8030098831985625,0.8141284815813121,0.8192676913532707,0.8211920797872789,0.7473045822102425,0.3018867924528255,0.19204851752021107,0.10060646900269289,0.010525606469002507,0.726078167115903,0.8609052111410601,0.9097035040431267,0.9493486073674753,0.9901168014375562,0.8153584889702943
