nDCG@1,nDCG@3,nDCG@5,nDCG@10,nDCG@100,RR@1,RR@3,RR@5,RR@10,RR@100,P@1,P@3,P@5,P@10,P@100,R@1,R@3,R@5,R@10,R@100,AP
0.1179245283018868,0.18195614960623063,0.2067655576365379,0.23450912088770548,0.2913291650988629,0.1179245283018868,0.1683513027852652,0.1826033243486073,0.19421073460830857,0.20435924065074823,0.1179245283018868,0.07816711590296457,0.05956873315363929,0.03854447439353136,0.006792452830188566,0.11433063791554357,0.2292228212039533,0.28902740341419586,0.3728099730458221,0.6521787960467206,0.19997246878769054
