nDCG@1,nDCG@3,nDCG@5,nDCG@10,nDCG@100,RR@1,RR@3,RR@5,RR@10,RR@100,P@1,P@3,P@5,P@10,P@100,R@1,R@3,R@5,R@10,R@100,AP
0.10107816711590296,0.14721700815930652,0.17196005471977688,0.19494055808374777,0.24711520344292146,0.09973045822102426,0.1380278526504942,0.15170709793351303,0.1612581825182903,0.17091639095353167,0.10107816711590296,0.06244384546271323,0.04973045822102459,0.03214285714285741,0.005889487870619852,0.09714734950584009,0.18171608265947886,0.24118373764600182,0.31148921832884097,0.5640161725067385,0.1670512737351909
