{
  "nDCG@1": 0.12466307277628032,
  "nDCG@1_std": 0.33044783721430887,
  "nDCG@1_stderr": 0.008577998447087216,
  "nDCG@1_ci90_low": 0.11054470156055797,
  "nDCG@1_ci90_high": 0.13878144399200268,
  "nDCG@1_ci95_low": 0.10783677200609454,
  "nDCG@1_ci95_high": 0.1414893735464661,
  "nDCG@3": 0.19488357833643488,
  "nDCG@3_std": 0.35346795792896907,
  "nDCG@3_stderr": 0.009175571006214151,
  "nDCG@3_ci90_low": 0.17978167334297582,
  "nDCG@3_ci90_high": 0.20998548332989395,
  "nDCG@3_ci95_low": 0.17688510020180884,
  "nDCG@3_ci95_high": 0.21288205647106093,
  "nDCG@5": 0.2220145141611636,
  "nDCG@5_std": 0.3532260152475941,
  "nDCG@5_stderr": 0.009169290487138541,
  "nDCG@5_ci90_low": 0.2069229461595196,
  "nDCG@5_ci90_high": 0.23710608216280762,
  "nDCG@5_ci95_low": 0.20402835567238628,
  "nDCG@5_ci95_high": 0.24000067264994093,
  "nDCG@10": 0.25289265724192006,
  "nDCG@10_std": 0.34653158505906284,
  "nDCG@10_stderr": 0.008995511738137039,
  "nDCG@10_ci90_low": 0.23808710851422918,
  "nDCG@10_ci90_high": 0.2676982059696109,
  "nDCG@10_ci95_low": 0.23524737704965942,
  "nDCG@10_ci95_high": 0.2705379374341807,
  "nDCG@100": 0.31409991930252185,
  "nDCG@100_std": 0.3147800524799992,
  "nDCG@100_stderr": 0.008171283020370587,
  "nDCG@100_ci90_low": 0.3006509535907718,
  "nDCG@100_ci90_high": 0.3275488850142719,
  "nDCG@100_ci95_low": 0.2980714172426089,
  "nDCG@100_ci95_high": 0.3301284213624348,
  "RR@1": 0.12398921832884097,
  "RR@3": 0.1800314465408806,
  "RR@5": 0.19505840071877797,
  "RR@10": 0.20838708124759325,
  "RR@100": 0.21937609805600528,
  "P@1": 0.12466307277628032,
  "P@3": 0.08423180592991866,
  "P@5": 0.06428571428571483,
  "P@10": 0.04184636118598424,
  "P@100": 0.00733827493261443,
  "R@1": 0.12073225516621743,
  "R@3": 0.2460691823899371,
  "R@5": 0.3119384546271339,
  "R@10": 0.40560422282120395,
  "R@100": 0.7062556154537287,
  "AP": 0.21463587937893913
}