nDCG@1,nDCG@3,nDCG@5,nDCG@10,nDCG@100,RR@1,RR@3,RR@5,RR@10,RR@100,P@1,P@3,P@5,P@10,P@100,R@1,R@3,R@5,R@10,R@100,AP
0.1280323450134771,0.19375076720336548,0.22037283507357608,0.25042788343620376,0.3111123060927952,0.1280323450134771,0.1798068283917342,0.19453054806828385,0.20713911350703787,0.21829899251016166,0.1280323450134771,0.08355795148247933,0.06374663072776335,0.04130727762803275,0.007250673854447317,0.12376460017969451,0.24404761904761907,0.3084568733153639,0.4011118598382749,0.6956985624438455,0.21315228875167017
