nDCG@1,nDCG@3,nDCG@5,nDCG@10,nDCG@100,RR@1,RR@3,RR@5,RR@10,RR@100,P@1,P@3,P@5,P@10,P@100,R@1,R@3,R@5,R@10,R@100,AP
0.12668463611859837,0.19099108753223373,0.2180762878914635,0.2448121515211813,0.30678753488225363,0.12668463611859837,0.1774483378256965,0.1921046720575023,0.20343692508449926,0.2149331987735805,0.12668463611859837,0.0819856244384542,0.06307277628032398,0.039959568733154024,0.007169811320754596,0.12275381850853548,0.2393306379155436,0.3054245283018868,0.38797169811320753,0.687949236298293,0.2101667360035944
