nDCG@1,nDCG@1_std,nDCG@1_stderr,nDCG@1_ci90_low,nDCG@1_ci90_high,nDCG@1_ci95_low,nDCG@1_ci95_high,nDCG@3,nDCG@3_std,nDCG@3_stderr,nDCG@3_ci90_low,nDCG@3_ci90_high,nDCG@3_ci95_low,nDCG@3_ci95_high,nDCG@5,nDCG@5_std,nDCG@5_stderr,nDCG@5_ci90_low,nDCG@5_ci90_high,nDCG@5_ci95_low,nDCG@5_ci95_high,nDCG@10,nDCG@10_std,nDCG@10_stderr,nDCG@10_ci90_low,nDCG@10_ci90_high,nDCG@10_ci95_low,nDCG@10_ci95_high,nDCG@100,nDCG@100_std,nDCG@100_stderr,nDCG@100_ci90_low,nDCG@100_ci90_high,nDCG@100_ci95_low,nDCG@100_ci95_high,RR@1,RR@3,RR@5,RR@10,RR@100,P@1,P@3,P@5,P@10,P@100,R@1,R@3,R@5,R@10,R@100,AP
0.13005390835579514,0.33647612174407304,0.00873448491639154,0.1156779789139313,0.14442983779765897,0.11292064921819754,0.14718716749339272,0.19606496129782156,0.3562993244152064,0.009249069618058076,0.18084208627944892,0.2112878363161942,0.17792231086511157,0.21420761173053154,0.22660804182439748,0.3559537868770227,0.009240099910491106,0.21139992988413778,0.24181615376465718,0.208482986055323,0.24473309759347195,0.2571903844810582,0.3489112738674299,0.009057285381671238,0.24228316363997823,0.2720976053221381,0.23942393127714592,0.2749568376849705,0.3174585609748347,0.31710167830573666,0.008231549423975394,0.3039104038884094,0.33100671806126003,0.3013118424522298,0.3336052794974396,0.1307277628032345,0.1825022461814916,0.19951707097933505,0.21234570872374087,0.2232768242858045,0.13005390835579514,0.08423180592991866,0.06576819407008143,0.04265498652291148,0.007371967654986397,0.12646001796945192,0.24573225516621744,0.31968778077268645,0.41357816711590295,0.7086141060197665,0.2179065524001036
