nDCG@1,nDCG@1_std,nDCG@1_stderr,nDCG@1_ci90_low,nDCG@1_ci90_high,nDCG@1_ci95_low,nDCG@1_ci95_high,nDCG@3,nDCG@3_std,nDCG@3_stderr,nDCG@3_ci90_low,nDCG@3_ci90_high,nDCG@3_ci95_low,nDCG@3_ci95_high,nDCG@5,nDCG@5_std,nDCG@5_stderr,nDCG@5_ci90_low,nDCG@5_ci90_high,nDCG@5_ci95_low,nDCG@5_ci95_high,nDCG@10,nDCG@10_std,nDCG@10_stderr,nDCG@10_ci90_low,nDCG@10_ci90_high,nDCG@10_ci95_low,nDCG@10_ci95_high,nDCG@100,nDCG@100_std,nDCG@100_stderr,nDCG@100_ci90_low,nDCG@100_ci90_high,nDCG@100_ci95_low,nDCG@100_ci95_high,RR@1,RR@3,RR@5,RR@10,RR@100,P@1,P@3,P@5,P@10,P@100,R@1,R@3,R@5,R@10,R@100,AP
0.09097035040431267,0.2876638794655476,0.0074673822414465536,0.0786799221482625,0.10326077866036285,0.07632259541396413,0.10561810539466121,0.13517583764309227,0.3097441387839329,0.008040557214359315,0.12194203115154104,0.1484096441346435,0.11940376273736206,0.15094791254882248,0.15368267461966273,0.31351260871003195,0.008138381819436115,0.1402878603945446,0.16707748884478085,0.13771871040107006,0.1696466388382554,0.17485211721917124,0.31311427384953344,0.00812804156167083,0.16147432183574412,0.18822991260259836,0.1589084360873934,0.19079579835094906,0.22441191891040696,0.29898848148812573,0.007761354262514905,0.21163764746575275,0.23718619035506117,0.2091875187183803,0.23963631910243363,0.09097035040431267,0.12668463611859843,0.1367924528301886,0.14571621101270688,0.15483475484203554,0.09097035040431267,0.05795148247978427,0.044070080862533945,0.028840970350404536,0.005417789757412314,0.08771338724168914,0.16823899371069181,0.2132187780772686,0.27847035040431267,0.5178571428571428,0.15068357437859414
