nDCG@1,nDCG@1_std,nDCG@1_stderr,nDCG@1_ci90_low,nDCG@1_ci90_high,nDCG@1_ci95_low,nDCG@1_ci95_high,nDCG@3,nDCG@3_std,nDCG@3_stderr,nDCG@3_ci90_low,nDCG@3_ci90_high,nDCG@3_ci95_low,nDCG@3_ci95_high,nDCG@5,nDCG@5_std,nDCG@5_stderr,nDCG@5_ci90_low,nDCG@5_ci90_high,nDCG@5_ci95_low,nDCG@5_ci95_high,nDCG@10,nDCG@10_std,nDCG@10_stderr,nDCG@10_ci90_low,nDCG@10_ci90_high,nDCG@10_ci95_low,nDCG@10_ci95_high,nDCG@100,nDCG@100_std,nDCG@100_stderr,nDCG@100_ci90_low,nDCG@100_ci90_high,nDCG@100_ci95_low,nDCG@100_ci95_high,RR@1,RR@3,RR@5,RR@10,RR@100,P@1,P@3,P@5,P@10,P@100,R@1,R@3,R@5,R@10,R@100,AP
0.1179245283018868,0.3226274545169263,0.008374991427282548,0.10414028263802591,0.13170877396574768,0.10149643897866768,0.13435261762510592,0.18195614960623063,0.3459859241960407,0.00898134708790026,0.16717391421805797,0.1967383849944033,0.1643386542948672,0.19957364491759408,0.2067655576365379,0.34639383607902624,0.008991935952782222,0.19196589422875449,0.2215652210443213,0.18912729157936262,0.22440382369371317,0.23450912088770548,0.3421192034447288,0.008880972018480267,0.2198920909958519,0.24912615077955905,0.21708851779056976,0.2519297239848412,0.2913291650988629,0.3159026498587071,0.008200424196334814,0.2778322364570117,0.3048260937407141,0.2752435007306801,0.30741482946704574,0.1179245283018868,0.1683513027852652,0.1826033243486073,0.19421073460830857,0.20435924065074823,0.1179245283018868,0.07816711590296457,0.05956873315363929,0.03854447439353136,0.006792452830188566,0.11433063791554357,0.2292228212039533,0.28902740341419586,0.3728099730458221,0.6521787960467206,0.19997246878769054
