{
  "nDCG@1": 0.13005390835579514,
  "nDCG@1_std": 0.33647612174407304,
  "nDCG@1_stderr": 0.00873448491639154,
  "nDCG@1_ci90_low": 0.1156779789139313,
  "nDCG@1_ci90_high": 0.14442983779765897,
  "nDCG@1_ci95_low": 0.11292064921819754,
  "nDCG@1_ci95_high": 0.14718716749339272,
  "nDCG@3": 0.19606496129782156,
  "nDCG@3_std": 0.3562993244152064,
  "nDCG@3_stderr": 0.009249069618058076,
  "nDCG@3_ci90_low": 0.18084208627944892,
  "nDCG@3_ci90_high": 0.2112878363161942,
  "nDCG@3_ci95_low": 0.17792231086511157,
  "nDCG@3_ci95_high": 0.21420761173053154,
  "nDCG@5": 0.22660804182439748,
  "nDCG@5_std": 0.3559537868770227,
  "nDCG@5_stderr": 0.009240099910491106,
  "nDCG@5_ci90_low": 0.21139992988413778,
  "nDCG@5_ci90_high": 0.24181615376465718,
  "nDCG@5_ci95_low": 0.208482986055323,
  "nDCG@5_ci95_high": 0.24473309759347195,
  "nDCG@10": 0.2571903844810582,
  "nDCG@10_std": 0.3489112738674299,
  "nDCG@10_stderr": 0.009057285381671238,
  "nDCG@10_ci90_low": 0.24228316363997823,
  "nDCG@10_ci90_high": 0.2720976053221381,
  "nDCG@10_ci95_low": 0.23942393127714592,
  "nDCG@10_ci95_high": 0.2749568376849705,
  "nDCG@100": 0.3174585609748347,
  "nDCG@100_std": 0.31710167830573666,
  "nDCG@100_stderr": 0.008231549423975394,
  "nDCG@100_ci90_low": 0.3039104038884094,
  "nDCG@100_ci90_high": 0.33100671806126003,
  "nDCG@100_ci95_low": 0.3013118424522298,
  "nDCG@100_ci95_high": 0.3336052794974396,
  "RR@1": 0.1307277628032345,
  "RR@3": 0.1825022461814916,
  "RR@5": 0.19951707097933505,
  "RR@10": 0.21234570872374087,
  "RR@100": 0.2232768242858045,
  "P@1": 0.13005390835579514,
  "P@3": 0.08423180592991866,
  "P@5": 0.06576819407008143,
  "P@10": 0.04265498652291148,
  "P@100": 0.007371967654986397,
  "R@1": 0.12646001796945192,
  "R@3": 0.24573225516621744,
  "R@5": 0.31968778077268645,
  "R@10": 0.41357816711590295,
  "R@100": 0.7086141060197665,
  "AP": 0.2179065524001036
}