nDCG@1,nDCG@1_std,nDCG@1_stderr,nDCG@1_ci90_low,nDCG@1_ci90_high,nDCG@1_ci95_low,nDCG@1_ci95_high,nDCG@3,nDCG@3_std,nDCG@3_stderr,nDCG@3_ci90_low,nDCG@3_ci90_high,nDCG@3_ci95_low,nDCG@3_ci95_high,nDCG@5,nDCG@5_std,nDCG@5_stderr,nDCG@5_ci90_low,nDCG@5_ci90_high,nDCG@5_ci95_low,nDCG@5_ci95_high,nDCG@10,nDCG@10_std,nDCG@10_stderr,nDCG@10_ci90_low,nDCG@10_ci90_high,nDCG@10_ci95_low,nDCG@10_ci95_high,nDCG@100,nDCG@100_std,nDCG@100_stderr,nDCG@100_ci90_low,nDCG@100_ci90_high,nDCG@100_ci95_low,nDCG@100_ci95_high,RR@1,RR@3,RR@5,RR@10,RR@100,P@1,P@3,P@5,P@10,P@100,R@1,R@3,R@5,R@10,R@100,AP
0.10107816711590296,0.3015338121565214,0.007827427754491375,0.08819514651572057,0.11396118771608536,0.08572415948039276,0.11643217475141317,0.14721700815930652,0.32169700588580863,0.008350838184277221,0.1334725158776497,0.16096150044096336,0.130836296990081,0.16359771932853204,0.17196005471977688,0.3251483185450652,0.008440429796923532,0.15806810523665768,0.18585200420289608,0.15540360378676246,0.1885165056527913,0.19494055808374777,0.32388194863120134,0.008407556471904559,0.18110271420679952,0.20877840196069603,0.1784485903116359,0.21143252585585964,0.24711520344292146,0.3057861138093977,0.007937812005398918,0.23405050341713698,0.2601799034687059,0.23154466993397832,0.2626857369518646,0.09973045822102426,0.1380278526504942,0.15170709793351303,0.1612581825182903,0.17091639095353167,0.10107816711590296,0.06244384546271323,0.04973045822102459,0.03214285714285741,0.005889487870619852,0.09714734950584009,0.18171608265947886,0.24118373764600182,0.31148921832884097,0.5640161725067385,0.1670512737351909
