{
  "nDCG@1": 0.09097035040431267,
  "nDCG@3": 0.13517583764309227,
  "nDCG@5": 0.15368267461966273,
  "nDCG@10": 0.17485211721917124,
  "nDCG@100": 0.22441191891040696,
  "RR@1": 0.09097035040431267,
  "RR@3": 0.12668463611859843,
  "RR@5": 0.1367924528301886,
  "RR@10": 0.14571621101270688,
  "RR@100": 0.15483475484203554,
  "P@1": 0.09097035040431267,
  "P@3": 0.05795148247978427,
  "P@5": 0.044070080862533945,
  "P@10": 0.028840970350404536,
  "P@100": 0.005417789757412314,
  "R@1": 0.08771338724168914,
  "R@3": 0.16823899371069181,
  "R@5": 0.2132187780772686,
  "R@10": 0.27847035040431267,
  "R@100": 0.5178571428571428,
  "AP": 0.15068357437859414
}