{
  "nDCG@1": 0.09097035040431267,
  "nDCG@1_std": 0.2876638794655476,
  "nDCG@1_stderr": 0.0074673822414465536,
  "nDCG@1_ci90_low": 0.0786799221482625,
  "nDCG@1_ci90_high": 0.10326077866036285,
  "nDCG@1_ci95_low": 0.07632259541396413,
  "nDCG@1_ci95_high": 0.10561810539466121,
  "nDCG@3": 0.13517583764309227,
  "nDCG@3_std": 0.3097441387839329,
  "nDCG@3_stderr": 0.008040557214359315,
  "nDCG@3_ci90_low": 0.12194203115154104,
  "nDCG@3_ci90_high": 0.1484096441346435,
  "nDCG@3_ci95_low": 0.11940376273736206,
  "nDCG@3_ci95_high": 0.15094791254882248,
  "nDCG@5": 0.15368267461966273,
  "nDCG@5_std": 0.31351260871003195,
  "nDCG@5_stderr": 0.008138381819436115,
  "nDCG@5_ci90_low": 0.1402878603945446,
  "nDCG@5_ci90_high": 0.16707748884478085,
  "nDCG@5_ci95_low": 0.13771871040107006,
  "nDCG@5_ci95_high": 0.1696466388382554,
  "nDCG@10": 0.17485211721917124,
  "nDCG@10_std": 0.31311427384953344,
  "nDCG@10_stderr": 0.00812804156167083,
  "nDCG@10_ci90_low": 0.16147432183574412,
  "nDCG@10_ci90_high": 0.18822991260259836,
  "nDCG@10_ci95_low": 0.1589084360873934,
  "nDCG@10_ci95_high": 0.19079579835094906,
  "nDCG@100": 0.22441191891040696,
  "nDCG@100_std": 0.29898848148812573,
  "nDCG@100_stderr": 0.007761354262514905,
  "nDCG@100_ci90_low": 0.21163764746575275,
  "nDCG@100_ci90_high": 0.23718619035506117,
  "nDCG@100_ci95_low": 0.2091875187183803,
  "nDCG@100_ci95_high": 0.23963631910243363,
  "RR@1": 0.09097035040431267,
  "RR@3": 0.12668463611859843,
  "RR@5": 0.1367924528301886,
  "RR@10": 0.14571621101270688,
  "RR@100": 0.15483475484203554,
  "P@1": 0.09097035040431267,
  "P@3": 0.05795148247978427,
  "P@5": 0.044070080862533945,
  "P@10": 0.028840970350404536,
  "P@100": 0.005417789757412314,
  "R@1": 0.08771338724168914,
  "R@3": 0.16823899371069181,
  "R@5": 0.2132187780772686,
  "R@10": 0.27847035040431267,
  "R@100": 0.5178571428571428,
  "AP": 0.15068357437859414
}