{
  "nDCG@1": 0.1179245283018868,
  "nDCG@3": 0.18195614960623063,
  "nDCG@5": 0.2067655576365379,
  "nDCG@10": 0.23450912088770548,
  "nDCG@100": 0.2913291650988629,
  "RR@1": 0.1179245283018868,
  "RR@3": 0.1683513027852652,
  "RR@5": 0.1826033243486073,
  "RR@10": 0.19421073460830857,
  "RR@100": 0.20435924065074823,
  "P@1": 0.1179245283018868,
  "P@3": 0.07816711590296457,
  "P@5": 0.05956873315363929,
  "P@10": 0.03854447439353136,
  "P@100": 0.006792452830188566,
  "R@1": 0.11433063791554357,
  "R@3": 0.2292228212039533,
  "R@5": 0.28902740341419586,
  "R@10": 0.3728099730458221,
  "R@100": 0.6521787960467206,
  "AP": 0.19997246878769054
}