{
  "nDCG@1": 0.17318059299191374,
  "nDCG@1_std": 0.37853088230835946,
  "nDCG@1_stderr": 0.009826172106279592,
  "nDCG@1_ci90_low": 0.1570078755122155,
  "nDCG@1_ci90_high": 0.18935331047161197,
  "nDCG@1_ci95_low": 0.15390591856760055,
  "nDCG@1_ci95_high": 0.19245526741622693,
  "nDCG@3": 0.2469682199021887,
  "nDCG@3_std": 0.38941098505182026,
  "nDCG@3_stderr": 0.010108605500985178,
  "nDCG@3_ci90_low": 0.23033065044859857,
  "nDCG@3_ci90_high": 0.26360578935577883,
  "nDCG@3_ci95_low": 0.22713953404080484,
  "nDCG@3_ci95_high": 0.26679690576357257,
  "nDCG@5": 0.2783867310720573,
  "nDCG@5_std": 0.38489632723094613,
  "nDCG@5_stderr": 0.009991410823292456,
  "nDCG@5_ci90_low": 0.26194205020132005,
  "nDCG@5_ci90_high": 0.29483141194279455,
  "nDCG@5_ci95_low": 0.25878793017832485,
  "nDCG@5_ci95_high": 0.29798553196578975,
  "nDCG@10": 0.31164149854051265,
  "nDCG@10_std": 0.37423639626363314,
  "nDCG@10_stderr": 0.009714692803121651,
  "nDCG@10_ci90_low": 0.29565226281294604,
  "nDCG@10_ci90_high": 0.32763073426807926,
  "nDCG@10_ci95_low": 0.2925854980057037,
  "nDCG@10_ci95_high": 0.3306974990753216,
  "nDCG@100": 0.37645732747246896,
  "nDCG@100_std": 0.33207591640550227,
  "nDCG@100_stderr": 0.008620261277104574,
  "nDCG@100_ci90_low": 0.3622693966355258,
  "nDCG@100_ci90_high": 0.3906452583094121,
  "nDCG@100_ci95_low": 0.35954812541783343,
  "nDCG@100_ci95_high": 0.3933665295271045,
  "RR@1": 0.17318059299191374,
  "RR@3": 0.23158131176999106,
  "RR@5": 0.24903414195866996,
  "RR@10": 0.26301983057373873,
  "RR@100": 0.27483487618395225,
  "P@1": 0.17318059299191374,
  "P@3": 0.10354896675651391,
  "P@5": 0.07776280323450208,
  "P@10": 0.04959568733153645,
  "P@100": 0.00830862533692708,
  "R@1": 0.16913746630727763,
  "R@3": 0.3022237196765499,
  "R@5": 0.37825696316262347,
  "R@10": 0.478099730458221,
  "R@100": 0.7913858939802335,
  "AP": 0.27056809708135704
}