nDCG@1,nDCG@1_std,nDCG@1_stderr,nDCG@1_ci90_low,nDCG@1_ci90_high,nDCG@1_ci95_low,nDCG@1_ci95_high,nDCG@3,nDCG@3_std,nDCG@3_stderr,nDCG@3_ci90_low,nDCG@3_ci90_high,nDCG@3_ci95_low,nDCG@3_ci95_high,nDCG@5,nDCG@5_std,nDCG@5_stderr,nDCG@5_ci90_low,nDCG@5_ci90_high,nDCG@5_ci95_low,nDCG@5_ci95_high,nDCG@10,nDCG@10_std,nDCG@10_stderr,nDCG@10_ci90_low,nDCG@10_ci90_high,nDCG@10_ci95_low,nDCG@10_ci95_high,nDCG@100,nDCG@100_std,nDCG@100_stderr,nDCG@100_ci90_low,nDCG@100_ci90_high,nDCG@100_ci95_low,nDCG@100_ci95_high,RR@1,RR@3,RR@5,RR@10,RR@100,P@1,P@3,P@5,P@10,P@100,R@1,R@3,R@5,R@10,R@100,AP
0.17452830188679244,0.37969108518566486,0.009856289472347804,0.1583060147835027,0.19075058899008218,0.1551945502939538,0.1938620534796311,0.24914247509447224,0.39036705932312266,0.01013342395246505,0.23246405740418055,0.2658208927847639,0.22926510622949184,0.26901984395945266,0.27905938085544013,0.38594152471666726,0.010018542798145118,0.26257004396207145,0.2955487177488088,0.2594073588318397,0.2987114028790406,0.3124905807132794,0.3749039920691339,0.009732022726752393,0.29647282198043734,0.32850833944612146,0.2934005864083464,0.3315805750182124,0.37604990623485873,0.3342395254267014,0.008676425768845258,0.36176953528517497,0.3903302771845425,0.3590305338839166,0.3930692785858009,0.1738544474393531,0.23349056603773585,0.2502021563342314,0.26396402900782934,0.27571361071682354,0.17452830188679244,0.10489667565139268,0.07789757412398995,0.049595687331536464,0.00824797843665754,0.17059748427672958,0.3046383647798742,0.37696540880503143,0.4791666666666667,0.7838050314465408,0.271503203611618
