{
  "nDCG@1": 0.17452830188679244,
  "nDCG@1_std": 0.37969108518566486,
  "nDCG@1_stderr": 0.009856289472347804,
  "nDCG@1_ci90_low": 0.1583060147835027,
  "nDCG@1_ci90_high": 0.19075058899008218,
  "nDCG@1_ci95_low": 0.1551945502939538,
  "nDCG@1_ci95_high": 0.1938620534796311,
  "nDCG@3": 0.24914247509447224,
  "nDCG@3_std": 0.39036705932312266,
  "nDCG@3_stderr": 0.01013342395246505,
  "nDCG@3_ci90_low": 0.23246405740418055,
  "nDCG@3_ci90_high": 0.2658208927847639,
  "nDCG@3_ci95_low": 0.22926510622949184,
  "nDCG@3_ci95_high": 0.26901984395945266,
  "nDCG@5": 0.27905938085544013,
  "nDCG@5_std": 0.38594152471666726,
  "nDCG@5_stderr": 0.010018542798145118,
  "nDCG@5_ci90_low": 0.26257004396207145,
  "nDCG@5_ci90_high": 0.2955487177488088,
  "nDCG@5_ci95_low": 0.2594073588318397,
  "nDCG@5_ci95_high": 0.2987114028790406,
  "nDCG@10": 0.3124905807132794,
  "nDCG@10_std": 0.3749039920691339,
  "nDCG@10_stderr": 0.009732022726752393,
  "nDCG@10_ci90_low": 0.29647282198043734,
  "nDCG@10_ci90_high": 0.32850833944612146,
  "nDCG@10_ci95_low": 0.2934005864083464,
  "nDCG@10_ci95_high": 0.3315805750182124,
  "nDCG@100": 0.37604990623485873,
  "nDCG@100_std": 0.3342395254267014,
  "nDCG@100_stderr": 0.008676425768845258,
  "nDCG@100_ci90_low": 0.36176953528517497,
  "nDCG@100_ci90_high": 0.3903302771845425,
  "nDCG@100_ci95_low": 0.3590305338839166,
  "nDCG@100_ci95_high": 0.3930692785858009,
  "RR@1": 0.1738544474393531,
  "RR@3": 0.23349056603773585,
  "RR@5": 0.2502021563342314,
  "RR@10": 0.26396402900782934,
  "RR@100": 0.27571361071682354,
  "P@1": 0.17452830188679244,
  "P@3": 0.10489667565139268,
  "P@5": 0.07789757412398995,
  "P@10": 0.049595687331536464,
  "P@100": 0.00824797843665754,
  "R@1": 0.17059748427672958,
  "R@3": 0.3046383647798742,
  "R@5": 0.37696540880503143,
  "R@10": 0.4791666666666667,
  "R@100": 0.7838050314465408,
  "AP": 0.271503203611618
}