nDCG@1,nDCG@1_std,nDCG@1_stderr,nDCG@1_ci90_low,nDCG@1_ci90_high,nDCG@1_ci95_low,nDCG@1_ci95_high,nDCG@3,nDCG@3_std,nDCG@3_stderr,nDCG@3_ci90_low,nDCG@3_ci90_high,nDCG@3_ci95_low,nDCG@3_ci95_high,nDCG@5,nDCG@5_std,nDCG@5_stderr,nDCG@5_ci90_low,nDCG@5_ci90_high,nDCG@5_ci95_low,nDCG@5_ci95_high,nDCG@10,nDCG@10_std,nDCG@10_stderr,nDCG@10_ci90_low,nDCG@10_ci90_high,nDCG@10_ci95_low,nDCG@10_ci95_high,nDCG@100,nDCG@100_std,nDCG@100_stderr,nDCG@100_ci90_low,nDCG@100_ci90_high,nDCG@100_ci95_low,nDCG@100_ci95_high,RR@1,RR@3,RR@5,RR@10,RR@100,P@1,P@3,P@5,P@10,P@100,R@1,R@3,R@5,R@10,R@100,AP
0.1637466307277628,0.3701702408858123,0.009609140668749709,0.14793112133331077,0.17956214012221483,0.14489767755613922,0.18259558389938638,0.23942948004360548,0.3839298213361584,0.009966321580359348,0.2230260931002845,0.2558328669869264,0.21987989332848276,0.2589790667587282,0.2725994859402127,0.3798540954372148,0.009860521007637738,0.25637023423015554,0.2888287376502699,0.25325743391622485,0.2919415379642006,0.30296450459980934,0.36978708566263335,0.009599194454735631,0.28716536549762395,0.3187636437019947,0.2841350615726044,0.3217939476270143,0.3630887120189248,0.3328969950370422,0.008641575416381927,0.3488657006288296,0.37731172340902,0.3461377008965504,0.3800397231412992,0.1637466307277628,0.22259658580413286,0.2418014375561541,0.2544394172763441,0.26532286559025864,0.1637466307277628,0.10152740341419582,0.07776280323450209,0.048584905660377486,0.007958221024258623,0.1597596585804133,0.2959905660377358,0.3753930817610062,0.46827268643306386,0.7576931716082659,0.26158085181183555
