{
  "nDCG@1": 0.16846361185983827,
  "nDCG@1_std": 0.3744036364187915,
  "nDCG@1_stderr": 0.009719034141238229,
  "nDCG@1_ci90_low": 0.1524672308030342,
  "nDCG@1_ci90_high": 0.18445999291664233,
  "nDCG@1_ci95_low": 0.14939909550850813,
  "nDCG@1_ci95_high": 0.1875281282111684,
  "nDCG@3": 0.23868501204416823,
  "nDCG@3_std": 0.38585945755548107,
  "nDCG@3_stderr": 0.010016412440787822,
  "nDCG@3_ci90_low": 0.22219918146712472,
  "nDCG@3_ci90_high": 0.2551708426212117,
  "nDCG@3_ci95_low": 0.21903716885481017,
  "nDCG@3_ci95_high": 0.2583328552335263,
  "nDCG@5": 0.2738237759467166,
  "nDCG@5_std": 0.38136178787711805,
  "nDCG@5_stderr": 0.009899658753301928,
  "nDCG@5_ci90_low": 0.25753010813478644,
  "nDCG@5_ci90_high": 0.29011744375864673,
  "nDCG@5_ci95_low": 0.25440495269409363,
  "nDCG@5_ci95_high": 0.29324259919933954,
  "nDCG@10": 0.30561987792935075,
  "nDCG@10_std": 0.3717901939037207,
  "nDCG@10_stderr": 0.009651192553819122,
  "nDCG@10_ci90_low": 0.28973515610412093,
  "nDCG@10_ci90_high": 0.32150459975458057,
  "nDCG@10_ci95_low": 0.2866884372554857,
  "nDCG@10_ci95_high": 0.3245513186032158,
  "nDCG@100": 0.3714510009188669,
  "nDCG@100_std": 0.32967506102589883,
  "nDCG@100_stderr": 0.008557938176758293,
  "nDCG@100_ci90_low": 0.3573656465362599,
  "nDCG@100_ci90_high": 0.3855363553014739,
  "nDCG@100_ci95_low": 0.35466404967108633,
  "nDCG@100_ci95_high": 0.38823795216664747,
  "RR@1": 0.16846361185983827,
  "RR@3": 0.22439353099730458,
  "RR@5": 0.24400269541778935,
  "RR@10": 0.25742790827022605,
  "RR@100": 0.26959747054515487,
  "P@1": 0.16846361185983827,
  "P@3": 0.09950584007187768,
  "P@5": 0.07735849056603847,
  "P@10": 0.048787061994609277,
  "P@100": 0.008274932614555114,
  "R@1": 0.1645327942497754,
  "R@3": 0.29076819407008087,
  "R@5": 0.37556154537286607,
  "R@10": 0.47102425876010784,
  "R@100": 0.7888589398023359,
  "AP": 0.26514432583247965
}