nDCG@1,nDCG@1_std,nDCG@1_stderr,nDCG@1_ci90_low,nDCG@1_ci90_high,nDCG@1_ci95_low,nDCG@1_ci95_high,nDCG@3,nDCG@3_std,nDCG@3_stderr,nDCG@3_ci90_low,nDCG@3_ci90_high,nDCG@3_ci95_low,nDCG@3_ci95_high,nDCG@5,nDCG@5_std,nDCG@5_stderr,nDCG@5_ci90_low,nDCG@5_ci90_high,nDCG@5_ci95_low,nDCG@5_ci95_high,nDCG@10,nDCG@10_std,nDCG@10_stderr,nDCG@10_ci90_low,nDCG@10_ci90_high,nDCG@10_ci95_low,nDCG@10_ci95_high,nDCG@100,nDCG@100_std,nDCG@100_stderr,nDCG@100_ci90_low,nDCG@100_ci90_high,nDCG@100_ci95_low,nDCG@100_ci95_high,RR@1,RR@3,RR@5,RR@10,RR@100,P@1,P@3,P@5,P@10,P@100,R@1,R@3,R@5,R@10,R@100,AP
0.17318059299191374,0.37853088230835946,0.009826172106279592,0.1570078755122155,0.18935331047161197,0.15390591856760055,0.19245526741622693,0.2469682199021887,0.38941098505182026,0.010108605500985178,0.23033065044859857,0.26360578935577883,0.22713953404080484,0.26679690576357257,0.2783867310720573,0.38489632723094613,0.009991410823292456,0.26194205020132005,0.29483141194279455,0.25878793017832485,0.29798553196578975,0.31164149854051265,0.37423639626363314,0.009714692803121651,0.29565226281294604,0.32763073426807926,0.2925854980057037,0.3306974990753216,0.37645732747246896,0.33207591640550227,0.008620261277104574,0.3622693966355258,0.3906452583094121,0.35954812541783343,0.3933665295271045,0.17318059299191374,0.23158131176999106,0.24903414195866996,0.26301983057373873,0.27483487618395225,0.17318059299191374,0.10354896675651391,0.07776280323450208,0.04959568733153645,0.00830862533692708,0.16913746630727763,0.3022237196765499,0.37825696316262347,0.478099730458221,0.7913858939802335,0.27056809708135704
