nDCG@1,nDCG@1_std,nDCG@1_stderr,nDCG@1_ci90_low,nDCG@1_ci90_high,nDCG@1_ci95_low,nDCG@1_ci95_high,nDCG@3,nDCG@3_std,nDCG@3_stderr,nDCG@3_ci90_low,nDCG@3_ci90_high,nDCG@3_ci95_low,nDCG@3_ci95_high,nDCG@5,nDCG@5_std,nDCG@5_stderr,nDCG@5_ci90_low,nDCG@5_ci90_high,nDCG@5_ci95_low,nDCG@5_ci95_high,nDCG@10,nDCG@10_std,nDCG@10_stderr,nDCG@10_ci90_low,nDCG@10_ci90_high,nDCG@10_ci95_low,nDCG@10_ci95_high,nDCG@100,nDCG@100_std,nDCG@100_stderr,nDCG@100_ci90_low,nDCG@100_ci90_high,nDCG@100_ci95_low,nDCG@100_ci95_high,RR@1,RR@3,RR@5,RR@10,RR@100,P@1,P@3,P@5,P@10,P@100,R@1,R@3,R@5,R@10,R@100,AP
0.16846361185983827,0.3744036364187915,0.009719034141238229,0.1524672308030342,0.18445999291664233,0.14939909550850813,0.1875281282111684,0.23868501204416823,0.38585945755548107,0.010016412440787822,0.22219918146712472,0.2551708426212117,0.21903716885481017,0.2583328552335263,0.2738237759467166,0.38136178787711805,0.009899658753301928,0.25753010813478644,0.29011744375864673,0.25440495269409363,0.29324259919933954,0.30561987792935075,0.3717901939037207,0.009651192553819122,0.28973515610412093,0.32150459975458057,0.2866884372554857,0.3245513186032158,0.3714510009188669,0.32967506102589883,0.008557938176758293,0.3573656465362599,0.3855363553014739,0.35466404967108633,0.38823795216664747,0.16846361185983827,0.22439353099730458,0.24400269541778935,0.25742790827022605,0.26959747054515487,0.16846361185983827,0.09950584007187768,0.07735849056603847,0.048787061994609277,0.008274932614555114,0.1645327942497754,0.29076819407008087,0.37556154537286607,0.47102425876010784,0.7888589398023359,0.26514432583247965
