{
  "nDCG@1": 0.17183288409703504,
  "nDCG@1_std": 0.377362296029653,
  "nDCG@1_stderr": 0.009795837117954249,
  "nDCG@1_ci90_low": 0.1557100944214328,
  "nDCG@1_ci90_high": 0.18795567377263728,
  "nDCG@1_ci95_low": 0.15261771372143096,
  "nDCG@1_ci95_high": 0.19104805447263912,
  "nDCG@3": 0.23976693098060936,
  "nDCG@3_std": 0.38750511965324147,
  "nDCG@3_stderr": 0.010059131700317622,
  "nDCG@3_ci90_low": 0.22321078955333398,
  "nDCG@3_ci90_high": 0.25632307240788477,
  "nDCG@3_ci95_low": 0.2200352911906851,
  "nDCG@3_ci95_high": 0.2594985707705336,
  "nDCG@5": 0.2736791679833158,
  "nDCG@5_std": 0.3830139742069031,
  "nDCG@5_stderr": 0.00994254737345653,
  "nDCG@5_ci90_low": 0.2573149105735899,
  "nDCG@5_ci90_high": 0.29004342539304173,
  "nDCG@5_ci95_low": 0.25417621591826756,
  "nDCG@5_ci95_high": 0.2931821200483641,
  "nDCG@10": 0.30464210304325784,
  "nDCG@10_std": 0.37348315092167783,
  "nDCG@10_stderr": 0.009695139528305155,
  "nDCG@10_ci90_low": 0.2886850496941383,
  "nDCG@10_ci90_high": 0.3205991563923774,
  "nDCG@10_ci95_low": 0.2856244575262464,
  "nDCG@10_ci95_high": 0.3236597485602693,
  "nDCG@100": 0.3699978863954278,
  "nDCG@100_std": 0.33243518646273373,
  "nDCG@100_stderr": 0.008629587463104145,
  "nDCG@100_ci90_low": 0.3557946057590202,
  "nDCG@100_ci90_high": 0.3842011670318354,
  "nDCG@100_ci95_low": 0.35307039042157146,
  "nDCG@100_ci95_high": 0.38692538236928414,
  "RR@1": 0.17183288409703504,
  "RR@3": 0.2258535489667564,
  "RR@5": 0.24478885893980187,
  "RR@10": 0.2577688465323233,
  "RR@100": 0.2697074404311245,
  "P@1": 0.17183288409703504,
  "P@3": 0.09973045822102414,
  "P@5": 0.07681940700808698,
  "P@10": 0.04831536388140175,
  "P@100": 0.00820754716981118,
  "R@1": 0.16790206648697217,
  "R@3": 0.29076819407008087,
  "R@5": 0.37286612758310866,
  "R@10": 0.46647574123989216,
  "R@100": 0.7824573225516621,
  "AP": 0.2652429958680069
}