{
  "nDCG@1": 0.15498652291105122,
  "nDCG@1_std": 0.3620138284041158,
  "nDCG@1_stderr": 0.009397410750371033,
  "nDCG@1_ci90_low": 0.13951949592815288,
  "nDCG@1_ci90_high": 0.17045354989394956,
  "nDCG@1_ci95_low": 0.13655289171816923,
  "nDCG@1_ci95_high": 0.17342015410393322,
  "nDCG@3": 0.22929951509622423,
  "nDCG@3_std": 0.37815731766091004,
  "nDCG@3_stderr": 0.009816474851206836,
  "nDCG@3_ci90_low": 0.21314275815181116,
  "nDCG@3_ci90_high": 0.2454562720406373,
  "nDCG@3_ci95_low": 0.2100438624672058,
  "nDCG@3_ci95_high": 0.24855516772524266,
  "nDCG@5": 0.26440030979255913,
  "nDCG@5_std": 0.37486791833426764,
  "nDCG@5_stderr": 0.009731086299253662,
  "nDCG@5_ci90_low": 0.24838409230866057,
  "nDCG@5_ci90_high": 0.2804165272764577,
  "nDCG@5_ci95_low": 0.24531215235095039,
  "nDCG@5_ci95_high": 0.2834884672341679,
  "nDCG@10": 0.29475688083146995,
  "nDCG@10_std": 0.3654758849616873,
  "nDCG@10_stderr": 0.009487281260721254,
  "nDCG@10_ci90_low": 0.2791419376144644,
  "nDCG@10_ci90_high": 0.3103718240484755,
  "nDCG@10_ci95_low": 0.276146962798849,
  "nDCG@10_ci95_high": 0.3133667988640909,
  "nDCG@100": 0.35498757744139614,
  "nDCG@100_std": 0.32912342796772576,
  "nDCG@100_stderr": 0.008543618496059939,
  "nDCG@100_ci90_low": 0.340925791560117,
  "nDCG@100_ci90_high": 0.3690493633226753,
  "nDCG@100_ci95_low": 0.3382287151768265,
  "nDCG@100_ci95_high": 0.37174643970596577,
  "RR@1": 0.15498652291105122,
  "RR@3": 0.21327493261455518,
  "RR@5": 0.232985175202156,
  "RR@10": 0.24577076113464233,
  "RR@100": 0.2566915005634464,
  "P@1": 0.15498652291105122,
  "P@3": 0.09748427672955959,
  "P@5": 0.07601078167115975,
  "P@10": 0.04777628032345031,
  "P@100": 0.007890835579514689,
  "R@1": 0.1513364779874214,
  "R@3": 0.2841981132075472,
  "R@5": 0.36798068283917335,
  "R@10": 0.4605233602875113,
  "R@100": 0.7509546271338723,
  "AP": 0.25326154352304886
}