nDCG@1,nDCG@1_std,nDCG@1_stderr,nDCG@1_ci90_low,nDCG@1_ci90_high,nDCG@1_ci95_low,nDCG@1_ci95_high,nDCG@3,nDCG@3_std,nDCG@3_stderr,nDCG@3_ci90_low,nDCG@3_ci90_high,nDCG@3_ci95_low,nDCG@3_ci95_high,nDCG@5,nDCG@5_std,nDCG@5_stderr,nDCG@5_ci90_low,nDCG@5_ci90_high,nDCG@5_ci95_low,nDCG@5_ci95_high,nDCG@10,nDCG@10_std,nDCG@10_stderr,nDCG@10_ci90_low,nDCG@10_ci90_high,nDCG@10_ci95_low,nDCG@10_ci95_high,nDCG@100,nDCG@100_std,nDCG@100_stderr,nDCG@100_ci90_low,nDCG@100_ci90_high,nDCG@100_ci95_low,nDCG@100_ci95_high,RR@1,RR@3,RR@5,RR@10,RR@100,P@1,P@3,P@5,P@10,P@100,R@1,R@3,R@5,R@10,R@100,AP
0.17183288409703504,0.377362296029653,0.009795837117954249,0.1557100944214328,0.18795567377263728,0.15261771372143096,0.19104805447263912,0.23976693098060936,0.38750511965324147,0.010059131700317622,0.22321078955333398,0.25632307240788477,0.2200352911906851,0.2594985707705336,0.2736791679833158,0.3830139742069031,0.00994254737345653,0.2573149105735899,0.29004342539304173,0.25417621591826756,0.2931821200483641,0.30464210304325784,0.37348315092167783,0.009695139528305155,0.2886850496941383,0.3205991563923774,0.2856244575262464,0.3236597485602693,0.3699978863954278,0.33243518646273373,0.008629587463104145,0.3557946057590202,0.3842011670318354,0.35307039042157146,0.38692538236928414,0.17183288409703504,0.2258535489667564,0.24478885893980187,0.2577688465323233,0.2697074404311245,0.17183288409703504,0.09973045822102414,0.07681940700808698,0.04831536388140175,0.00820754716981118,0.16790206648697217,0.29076819407008087,0.37286612758310866,0.46647574123989216,0.7824573225516621,0.2652429958680069
