nDCG@1,nDCG@1_std,nDCG@1_stderr,nDCG@1_ci90_low,nDCG@1_ci90_high,nDCG@1_ci95_low,nDCG@1_ci95_high,nDCG@3,nDCG@3_std,nDCG@3_stderr,nDCG@3_ci90_low,nDCG@3_ci90_high,nDCG@3_ci95_low,nDCG@3_ci95_high,nDCG@5,nDCG@5_std,nDCG@5_stderr,nDCG@5_ci90_low,nDCG@5_ci90_high,nDCG@5_ci95_low,nDCG@5_ci95_high,nDCG@10,nDCG@10_std,nDCG@10_stderr,nDCG@10_ci90_low,nDCG@10_ci90_high,nDCG@10_ci95_low,nDCG@10_ci95_high,nDCG@100,nDCG@100_std,nDCG@100_stderr,nDCG@100_ci90_low,nDCG@100_ci90_high,nDCG@100_ci95_low,nDCG@100_ci95_high,RR@1,RR@3,RR@5,RR@10,RR@100,P@1,P@3,P@5,P@10,P@100,R@1,R@3,R@5,R@10,R@100,AP
0.1752021563342318,0.3802680668497028,0.00987126717006808,0.15895521771139748,0.19144909495706613,0.15583902501508046,0.19456528765338316,0.258207242811291,0.3905442627568854,0.01013802392440752,0.24152125411106426,0.2748932315115177,0.2383208508027514,0.27809363481983057,0.2935873339069651,0.3847940281837132,0.009988755272341662,0.27714702375911116,0.3100276440548191,0.27399374204880017,0.31318092576513007,0.3280493490200159,0.37160541689489074,0.009646395981663704,0.3121725217854264,0.3439261762546054,0.3091273171337895,0.34697138090624235,0.3913544371216624,0.32811973563215197,0.008517563941221615,0.3773355339570609,0.40537334028626393,0.37464668255766503,0.40806219168565977,0.17587601078167117,0.24247529200359358,0.2619833782569626,0.2762920891627089,0.2879065931845411,0.1752021563342318,0.10961365678346827,0.0835579514824806,0.052964959568733046,0.008564690026954029,0.16896900269541779,0.3187893081761006,0.4044811320754717,0.5096024258760108,0.8121069182389936,0.2810430491275322
