nDCG@1,nDCG@1_std,nDCG@1_stderr,nDCG@1_ci90_low,nDCG@1_ci90_high,nDCG@1_ci95_low,nDCG@1_ci95_high,nDCG@3,nDCG@3_std,nDCG@3_stderr,nDCG@3_ci90_low,nDCG@3_ci90_high,nDCG@3_ci95_low,nDCG@3_ci95_high,nDCG@5,nDCG@5_std,nDCG@5_stderr,nDCG@5_ci90_low,nDCG@5_ci90_high,nDCG@5_ci95_low,nDCG@5_ci95_high,nDCG@10,nDCG@10_std,nDCG@10_stderr,nDCG@10_ci90_low,nDCG@10_ci90_high,nDCG@10_ci95_low,nDCG@10_ci95_high,nDCG@100,nDCG@100_std,nDCG@100_stderr,nDCG@100_ci90_low,nDCG@100_ci90_high,nDCG@100_ci95_low,nDCG@100_ci95_high,RR@1,RR@3,RR@5,RR@10,RR@100,P@1,P@3,P@5,P@10,P@100,R@1,R@3,R@5,R@10,R@100,AP
0.1765498652291105,0.381415837822522,0.00990106181997547,0.1602538881353287,0.1928458423228923,0.15712828977013138,0.19597144068808964,0.2625925907915232,0.3924394534918038,0.01018722062461325,0.24582563013957864,0.27935955144346775,0.24260969626206705,0.2825754853209793,0.30068040885959,0.385487613126132,0.010006759840351992,0.28421046532157906,0.317150352397601,0.2810514998725578,0.32030931784662225,0.33499340040837516,0.3723240943254701,0.009665051918211619,0.31908586770803105,0.3509009331087193,0.31603477369161326,0.35395202712513707,0.39868685882048843,0.32719359964531963,0.008493522648883887,0.38470752478052866,0.4126661928604482,0.3820262628119832,0.41534745482899366,0.1765498652291105,0.24663072776280295,0.26762129380053856,0.2820072840456936,0.2938533760369292,0.1765498652291105,0.11118598382749349,0.08557951482479868,0.053908355795148084,0.00866576819406993,0.16997978436657682,0.3230570530098832,0.414588948787062,0.518699460916442,0.8227201257861634,0.2872477870410146
