{
  "nDCG@1": 0.1610512129380054,
  "nDCG@1_std": 0.3677020915414396,
  "nDCG@1_stderr": 0.009545070704117205,
  "nDCG@1_ci90_low": 0.14534115512996243,
  "nDCG@1_ci90_high": 0.17676127074604836,
  "nDCG@1_ci95_low": 0.1423279371609269,
  "nDCG@1_ci95_high": 0.1797744887150839,
  "nDCG@3": 0.23794079270685928,
  "nDCG@3_std": 0.3822265528676252,
  "nDCG@3_stderr": 0.009922106933953371,
  "nDCG@3_ci90_low": 0.22161017784375983,
  "nDCG@3_ci90_high": 0.2542714075699587,
  "nDCG@3_ci95_low": 0.2184779358907291,
  "nDCG@3_ci95_high": 0.25740364952298944,
  "nDCG@5": 0.27212274976481826,
  "nDCG@5_std": 0.37759540606264325,
  "nDCG@5_stderr": 0.009801888352902093,
  "nDCG@5_ci90_low": 0.25599000047196563,
  "nDCG@5_ci90_high": 0.2882554990576709,
  "nDCG@5_ci95_low": 0.25289570949906537,
  "nDCG@5_ci95_high": 0.29134979003057115,
  "nDCG@10": 0.30491694321041474,
  "nDCG@10_std": 0.3667241512180666,
  "nDCG@10_stderr": 0.009519684638207513,
  "nDCG@10_ci90_low": 0.28924866786531234,
  "nDCG@10_ci90_high": 0.32058521855551714,
  "nDCG@10_ci95_low": 0.2862434638494819,
  "nDCG@10_ci95_high": 0.32359042257134757,
  "nDCG@100": 0.3703448007937678,
  "nDCG@100_std": 0.3251931957724076,
  "nDCG@100_stderr": 0.00844159475170035,
  "nDCG@100_ci90_low": 0.35645093393282556,
  "nDCG@100_ci90_high": 0.38423866765471004,
  "nDCG@100_ci95_low": 0.35378606472633894,
  "nDCG@100_ci95_high": 0.38690353686119666,
  "RR@1": 0.16172506738544473,
  "RR@3": 0.2230458221024258,
  "RR@5": 0.2420822102425871,
  "RR@10": 0.255770814615154,
  "RR@100": 0.2679013588504756,
  "P@1": 0.1610512129380054,
  "P@3": 0.1010781671159029,
  "P@5": 0.07776280323450208,
  "P@10": 0.04952830188679253,
  "P@100": 0.008301886792452686,
  "R@1": 0.15622192273135668,
  "R@3": 0.2927336028751123,
  "R@5": 0.3759546271338724,
  "R@10": 0.4765835579514825,
  "R@100": 0.7891958670260556,
  "AP": 0.2617897219615327
}