{
  "nDCG@1": 0.1334231805929919,
  "nDCG@1_std": 0.3401461451034205,
  "nDCG@1_stderr": 0.008829753975927975,
  "nDCG@1_ci90_low": 0.11889044954336317,
  "nDCG@1_ci90_high": 0.14795591164262065,
  "nDCG@1_ci95_low": 0.11610304501099519,
  "nDCG@1_ci95_high": 0.15074331617498862,
  "nDCG@3": 0.19937890300708233,
  "nDCG@3_std": 0.3602627951114862,
  "nDCG@3_stderr": 0.00935195619091137,
  "nDCG@3_ci90_low": 0.1839866888546895,
  "nDCG@3_ci90_high": 0.21477111715947517,
  "nDCG@3_ci95_low": 0.18103443388313312,
  "nDCG@3_ci95_high": 0.21772337213103155,
  "nDCG@5": 0.22653385706349335,
  "nDCG@5_std": 0.35976954539844563,
  "nDCG@5_stderr": 0.00933915206633862,
  "nDCG@5_ci90_low": 0.21116271698623887,
  "nDCG@5_ci90_high": 0.24190499714074784,
  "nDCG@5_ci95_low": 0.2082145040610367,
  "nDCG@5_ci95_high": 0.24485321006595,
  "nDCG@10": 0.25596762591470706,
  "nDCG@10_std": 0.353279110558416,
  "nDCG@10_stderr": 0.009170668772733077,
  "nDCG@10_ci90_low": 0.2408737894179374,
  "nDCG@10_ci90_high": 0.2710614624114767,
  "nDCG@10_ci95_low": 0.2379787638292686,
  "nDCG@10_ci95_high": 0.27395648800014555,
  "nDCG@100": 0.3191520871021456,
  "nDCG@100_std": 0.3210042193920535,
  "nDCG@100_stderr": 0.00833285434296147,
  "nDCG@100_ci90_low": 0.30543719409695713,
  "nDCG@100_ci90_high": 0.33286698010733407,
  "nDCG@100_ci95_low": 0.3028066524050305,
  "nDCG@100_ci95_high": 0.3354975217992607,
  "RR@1": 0.1334231805929919,
  "RR@3": 0.18620844564240804,
  "RR@5": 0.20194294699011672,
  "RR@10": 0.2140405061395626,
  "RR@100": 0.22584600711225422,
  "P@1": 0.1334231805929919,
  "P@3": 0.08490566037735803,
  "P@5": 0.0644204851752027,
  "P@10": 0.041846361185984234,
  "P@100": 0.00741239892183276,
  "R@1": 0.12960467205750223,
  "R@3": 0.24646226415094338,
  "R@5": 0.31148921832884097,
  "R@10": 0.40133647798742134,
  "R@100": 0.7044025157232704,
  "AP": 0.2208358594901224
}