nDCG@1,nDCG@1_std,nDCG@1_stderr,nDCG@1_ci90_low,nDCG@1_ci90_high,nDCG@1_ci95_low,nDCG@1_ci95_high,nDCG@3,nDCG@3_std,nDCG@3_stderr,nDCG@3_ci90_low,nDCG@3_ci90_high,nDCG@3_ci95_low,nDCG@3_ci95_high,nDCG@5,nDCG@5_std,nDCG@5_stderr,nDCG@5_ci90_low,nDCG@5_ci90_high,nDCG@5_ci95_low,nDCG@5_ci95_high,nDCG@10,nDCG@10_std,nDCG@10_stderr,nDCG@10_ci90_low,nDCG@10_ci90_high,nDCG@10_ci95_low,nDCG@10_ci95_high,nDCG@100,nDCG@100_std,nDCG@100_stderr,nDCG@100_ci90_low,nDCG@100_ci90_high,nDCG@100_ci95_low,nDCG@100_ci95_high,RR@1,RR@3,RR@5,RR@10,RR@100,P@1,P@3,P@5,P@10,P@100,R@1,R@3,R@5,R@10,R@100,AP
0.17722371967654987,0.38198664573772795,0.009915879255161304,0.1609033548364064,0.19354408451669336,0.1577730788566223,0.19667436049647744,0.26556195984014397,0.39313538225706207,0.010205286035232951,0.2487652656583012,0.28235865402198673,0.24554362883509284,0.2855802908451951,0.3025603102496571,0.386256172517178,0.010026710648075423,0.286057530041037,0.31906309045827724,0.2828922664582258,0.32222835404108846,0.337083436215636,0.37239763249234187,0.009666960873908063,0.3211727615999228,0.35299411083134924,0.3181210649583612,0.35604580747291087,0.4010185502483013,0.3268053337552702,0.00848344376856808,0.38705580485365493,0.41498129564294767,0.3843777246177772,0.4176593758788254,0.1765498652291105,0.2478661275831084,0.26814914645103266,0.2824907478714755,0.2944731488670832,0.17722371967654987,0.11343216531895804,0.08625336927223803,0.054312668463611664,0.00872641509433947,0.17143980233602876,0.3291217430368374,0.4182951482479784,0.5230795148247979,0.8279986522911051,0.28897040684041
