{
  "nDCG@1": 0.17722371967654987,
  "nDCG@1_std": 0.38198664573772795,
  "nDCG@1_stderr": 0.009915879255161304,
  "nDCG@1_ci90_low": 0.1609033548364064,
  "nDCG@1_ci90_high": 0.19354408451669336,
  "nDCG@1_ci95_low": 0.1577730788566223,
  "nDCG@1_ci95_high": 0.19667436049647744,
  "nDCG@3": 0.2667960029082884,
  "nDCG@3_std": 0.39312465999918117,
  "nDCG@3_stderr": 0.010205007699286717,
  "nDCG@3_ci90_low": 0.2499997668345038,
  "nDCG@3_ci90_high": 0.28359223898207303,
  "nDCG@3_ci95_low": 0.24677821787726323,
  "nDCG@3_ci95_high": 0.2868137879393136,
  "nDCG@5": 0.3017809668644925,
  "nDCG@5_std": 0.38658463353699696,
  "nDCG@5_stderr": 0.010035237071312712,
  "nDCG@5_ci90_low": 0.285264153171354,
  "nDCG@5_ci90_high": 0.318297780557631,
  "nDCG@5_ci95_low": 0.28209619794041285,
  "nDCG@5_ci95_high": 0.3214657357885722,
  "nDCG@10": 0.3364785973547526,
  "nDCG@10_std": 0.37275963155750463,
  "nDCG@10_stderr": 0.009676357901423783,
  "nDCG@10_ci90_low": 0.32055245634281543,
  "nDCG@10_ci90_high": 0.3524047383666898,
  "nDCG@10_ci95_low": 0.3174977932180245,
  "nDCG@10_ci95_high": 0.3554594014914807,
  "nDCG@100": 0.4003792171488702,
  "nDCG@100_std": 0.3272216585876231,
  "nDCG@100_stderr": 0.00849425102273416,
  "nDCG@100_ci90_low": 0.3863986842916729,
  "nDCG@100_ci90_high": 0.4143597500060675,
  "nDCG@100_ci95_low": 0.38371719238777735,
  "nDCG@100_ci95_high": 0.41704124190996306,
  "RR@1": 0.17722371967654987,
  "RR@3": 0.24831536388140132,
  "RR@5": 0.26778975741239835,
  "RR@10": 0.28205087066273016,
  "RR@100": 0.2941193898447066,
  "P@1": 0.17722371967654987,
  "P@3": 0.11433063791554388,
  "P@5": 0.08584905660377443,
  "P@10": 0.05424528301886773,
  "P@100": 0.00870619946091629,
  "R@1": 0.17177672955974843,
  "R@3": 0.3321540880503145,
  "R@5": 0.41661051212938005,
  "R@10": 0.5220687331536388,
  "R@100": 0.8263140161725068,
  "AP": 0.28861888952665005
}