{
  "nDCG@1": 0.1752021563342318,
  "nDCG@1_std": 0.3802680668497028,
  "nDCG@1_stderr": 0.00987126717006808,
  "nDCG@1_ci90_low": 0.15895521771139748,
  "nDCG@1_ci90_high": 0.19144909495706613,
  "nDCG@1_ci95_low": 0.15583902501508046,
  "nDCG@1_ci95_high": 0.19456528765338316,
  "nDCG@3": 0.258207242811291,
  "nDCG@3_std": 0.3905442627568854,
  "nDCG@3_stderr": 0.01013802392440752,
  "nDCG@3_ci90_low": 0.24152125411106426,
  "nDCG@3_ci90_high": 0.2748932315115177,
  "nDCG@3_ci95_low": 0.2383208508027514,
  "nDCG@3_ci95_high": 0.27809363481983057,
  "nDCG@5": 0.2935873339069651,
  "nDCG@5_std": 0.3847940281837132,
  "nDCG@5_stderr": 0.009988755272341662,
  "nDCG@5_ci90_low": 0.27714702375911116,
  "nDCG@5_ci90_high": 0.3100276440548191,
  "nDCG@5_ci95_low": 0.27399374204880017,
  "nDCG@5_ci95_high": 0.31318092576513007,
  "nDCG@10": 0.3280493490200159,
  "nDCG@10_std": 0.37160541689489074,
  "nDCG@10_stderr": 0.009646395981663704,
  "nDCG@10_ci90_low": 0.3121725217854264,
  "nDCG@10_ci90_high": 0.3439261762546054,
  "nDCG@10_ci95_low": 0.3091273171337895,
  "nDCG@10_ci95_high": 0.34697138090624235,
  "nDCG@100": 0.3913544371216624,
  "nDCG@100_std": 0.32811973563215197,
  "nDCG@100_stderr": 0.008517563941221615,
  "nDCG@100_ci90_low": 0.3773355339570609,
  "nDCG@100_ci90_high": 0.40537334028626393,
  "nDCG@100_ci95_low": 0.37464668255766503,
  "nDCG@100_ci95_high": 0.40806219168565977,
  "RR@1": 0.17587601078167117,
  "RR@3": 0.24247529200359358,
  "RR@5": 0.2619833782569626,
  "RR@10": 0.2762920891627089,
  "RR@100": 0.2879065931845411,
  "P@1": 0.1752021563342318,
  "P@3": 0.10961365678346827,
  "P@5": 0.0835579514824806,
  "P@10": 0.052964959568733046,
  "P@100": 0.008564690026954029,
  "R@1": 0.16896900269541779,
  "R@3": 0.3187893081761006,
  "R@5": 0.4044811320754717,
  "R@10": 0.5096024258760108,
  "R@100": 0.8121069182389936,
  "AP": 0.2810430491275322
}