nDCG@1,nDCG@1_std,nDCG@1_stderr,nDCG@1_ci90_low,nDCG@1_ci90_high,nDCG@1_ci95_low,nDCG@1_ci95_high,nDCG@3,nDCG@3_std,nDCG@3_stderr,nDCG@3_ci90_low,nDCG@3_ci90_high,nDCG@3_ci95_low,nDCG@3_ci95_high,nDCG@5,nDCG@5_std,nDCG@5_stderr,nDCG@5_ci90_low,nDCG@5_ci90_high,nDCG@5_ci95_low,nDCG@5_ci95_high,nDCG@10,nDCG@10_std,nDCG@10_stderr,nDCG@10_ci90_low,nDCG@10_ci90_high,nDCG@10_ci95_low,nDCG@10_ci95_high,nDCG@100,nDCG@100_std,nDCG@100_stderr,nDCG@100_ci90_low,nDCG@100_ci90_high,nDCG@100_ci95_low,nDCG@100_ci95_high,RR@1,RR@3,RR@5,RR@10,RR@100,P@1,P@3,P@5,P@10,P@100,R@1,R@3,R@5,R@10,R@100,AP
0.1334231805929919,0.3401461451034205,0.008829753975927975,0.11889044954336317,0.14795591164262065,0.11610304501099519,0.15074331617498862,0.19937890300708233,0.3602627951114862,0.00935195619091137,0.1839866888546895,0.21477111715947517,0.18103443388313312,0.21772337213103155,0.22653385706349335,0.35976954539844563,0.00933915206633862,0.21116271698623887,0.24190499714074784,0.2082145040610367,0.24485321006595,0.25596762591470706,0.353279110558416,0.009170668772733077,0.2408737894179374,0.2710614624114767,0.2379787638292686,0.27395648800014555,0.3191520871021456,0.3210042193920535,0.00833285434296147,0.30543719409695713,0.33286698010733407,0.3028066524050305,0.3354975217992607,0.1334231805929919,0.18620844564240804,0.20194294699011672,0.2140405061395626,0.22584600711225422,0.1334231805929919,0.08490566037735803,0.0644204851752027,0.041846361185984234,0.00741239892183276,0.12960467205750223,0.24646226415094338,0.31148921832884097,0.40133647798742134,0.7044025157232704,0.2208358594901224
