nDCG@1,nDCG@1_std,nDCG@1_stderr,nDCG@1_ci90_low,nDCG@1_ci90_high,nDCG@1_ci95_low,nDCG@1_ci95_high,nDCG@3,nDCG@3_std,nDCG@3_stderr,nDCG@3_ci90_low,nDCG@3_ci90_high,nDCG@3_ci95_low,nDCG@3_ci95_high,nDCG@5,nDCG@5_std,nDCG@5_stderr,nDCG@5_ci90_low,nDCG@5_ci90_high,nDCG@5_ci95_low,nDCG@5_ci95_high,nDCG@10,nDCG@10_std,nDCG@10_stderr,nDCG@10_ci90_low,nDCG@10_ci90_high,nDCG@10_ci95_low,nDCG@10_ci95_high,nDCG@100,nDCG@100_std,nDCG@100_stderr,nDCG@100_ci90_low,nDCG@100_ci90_high,nDCG@100_ci95_low,nDCG@100_ci95_high,RR@1,RR@3,RR@5,RR@10,RR@100,P@1,P@3,P@5,P@10,P@100,R@1,R@3,R@5,R@10,R@100,AP
0.6657681940700808,0.47188023231236836,0.012249400492706192,0.6456071291791443,0.6859292589610173,0.6417401998688549,0.6897961882713067,0.7386388119623473,0.39470264031952496,0.010245970027415573,0.7217751567396842,0.7555024671850104,0.718540676665745,0.7587369472589496,0.7602066141948917,0.3665233108298094,0.009514471081498816,0.7445469197477017,0.7758663086420816,0.741543361563866,0.7788698668259173,0.7790584358305039,0.3360216768947829,0.008722688115890862,0.7647019225274577,0.7934149491335502,0.7619483168828439,0.796168554778164,0.79795724593948,0.29820717343849507,0.007741072516103952,0.7852163558513858,0.8106981360275742,0.78277262970957,0.8131418621693901,0.6644204851752021,0.7277628032345017,0.7386792452830195,0.7461381722500321,0.7498786238319817,0.6657681940700808,0.27605570530098483,0.17722371967654604,0.09487870619945868,0.010424528301886607,0.6437556154537286,0.7902066486972147,0.8415318957771788,0.8969002695417789,0.9802336028751122,0.7425252859540415
