{
  "nDCG@1": 0.6098382749326146,
  "nDCG@1_std": 0.4879508124854888,
  "nDCG@1_stderr": 0.012666571968031705,
  "nDCG@1_ci90_low": 0.5889905951179768,
  "nDCG@1_ci90_high": 0.6306859547472523,
  "nDCG@1_ci95_low": 0.5849919718030451,
  "nDCG@1_ci95_high": 0.634684578062184,
  "nDCG@3": 0.6796324041422148,
  "nDCG@3_std": 0.42578726742220124,
  "nDCG@3_stderr": 0.011052886741602186,
  "nDCG@3_ci90_low": 0.6614406594146013,
  "nDCG@3_ci90_high": 0.6978241488698284,
  "nDCG@3_ci95_low": 0.6579514493320459,
  "nDCG@3_ci95_high": 0.7013133589523838,
  "nDCG@5": 0.7023816978100532,
  "nDCG@5_std": 0.4011597065200863,
  "nDCG@5_stderr": 0.0104135871143001,
  "nDCG@5_ci90_low": 0.6852421646807513,
  "nDCG@5_ci90_high": 0.7195212309393552,
  "nDCG@5_ci95_low": 0.6819547707171434,
  "nDCG@5_ci95_high": 0.722808624902963,
  "nDCG@10": 0.724256732287685,
  "nDCG@10_std": 0.3714607444818594,
  "nDCG@10_stderr": 0.009642640472943232,
  "nDCG@10_ci90_low": 0.7083860861764131,
  "nDCG@10_ci90_high": 0.7401273783989568,
  "nDCG@10_ci95_low": 0.7053420670755919,
  "nDCG@10_ci95_high": 0.743171397499778,
  "nDCG@100": 0.7489949324120828,
  "nDCG@100_std": 0.3300457573616301,
  "nDCG@100_stderr": 0.00856756097416877,
  "nDCG@100_ci90_low": 0.7348937400426993,
  "nDCG@100_ci90_high": 0.7630961247814664,
  "nDCG@100_ci95_low": 0.7321891054225452,
  "nDCG@100_ci95_high": 0.7658007594016204,
  "RR@1": 0.6098382749326146,
  "RR@3": 0.6695867026055711,
  "RR@5": 0.6814802336028758,
  "RR@10": 0.6902542463526293,
  "RR@100": 0.6950347513889463,
  "P@1": 0.6098382749326146,
  "P@3": 0.2551662174303659,
  "P@5": 0.16509433962263823,
  "P@10": 0.08962264150943197,
  "P@100": 0.010229110512129198,
  "R@1": 0.5892857142857143,
  "R@3": 0.7307951482479784,
  "R@5": 0.7848719676549866,
  "R@10": 0.8502920035938905,
  "R@100": 0.9613656783468105,
  "AP": 0.6866547944807349
}