{
  "nDCG@1": 0.7203504043126685,
  "nDCG@1_std": 0.44897832457007786,
  "nDCG@1_stderr": 0.011654896589443254,
  "nDCG@1_ci90_low": 0.7011678225547421,
  "nDCG@1_ci90_high": 0.7395329860705949,
  "nDCG@1_ci95_low": 0.6974885681082127,
  "nDCG@1_ci95_high": 0.7432122405171243,
  "nDCG@3": 0.7948618934521093,
  "nDCG@3_std": 0.35739115394824783,
  "nDCG@3_stderr": 0.009277412100544469,
  "nDCG@3_ci90_low": 0.7795923700586658,
  "nDCG@3_ci90_high": 0.8101314168455529,
  "nDCG@3_ci95_low": 0.7766636474002311,
  "nDCG@3_ci95_high": 0.8130601395039876,
  "nDCG@5": 0.8140514848464208,
  "nDCG@5_std": 0.32595262454125307,
  "nDCG@5_stderr": 0.008461308540281164,
  "nDCG@5_ci90_low": 0.8001251714203539,
  "nDCG@5_ci90_high": 0.8279777982724876,
  "nDCG@5_ci95_low": 0.7974540789030264,
  "nDCG@5_ci95_high": 0.8306488907898151,
  "nDCG@10": 0.8272914238636438,
  "nDCG@10_std": 0.2996947562053947,
  "nDCG@10_stderr": 0.007779688240667169,
  "nDCG@10_ci90_low": 0.8144869768586872,
  "nDCG@10_ci90_high": 0.8400958708686005,
  "nDCG@10_ci95_low": 0.8120310603833738,
  "nDCG@10_ci95_high": 0.8425517873439139,
  "nDCG@100": 0.8390651723756757,
  "nDCG@100_std": 0.27132490666616227,
  "nDCG@100_stderr": 0.007043243640686909,
  "nDCG@100_ci90_low": 0.8274728261080263,
  "nDCG@100_ci90_high": 0.8506575186433251,
  "nDCG@100_ci95_low": 0.8252493927824608,
  "nDCG@100_ci95_high": 0.8528809519688906,
  "RR@1": 0.7203504043126685,
  "RR@3": 0.7809973045822107,
  "RR@5": 0.7908355795148259,
  "RR@10": 0.7961855025028887,
  "RR@100": 0.7985546557544757,
  "P@1": 0.7203504043126685,
  "P@3": 0.2973944294698967,
  "P@5": 0.1886792452830145,
  "P@10": 0.09885444743935069,
  "P@100": 0.010458221024258573,
  "R@1": 0.6987870619946092,
  "R@3": 0.848607367475292,
  "R@5": 0.8938679245283019,
  "R@10": 0.932839173405211,
  "R@100": 0.9837151841868824,
  "AP": 0.7936836425762247
}