nDCG@1,nDCG@1_std,nDCG@1_stderr,nDCG@1_ci90_low,nDCG@1_ci90_high,nDCG@1_ci95_low,nDCG@1_ci95_high,nDCG@3,nDCG@3_std,nDCG@3_stderr,nDCG@3_ci90_low,nDCG@3_ci90_high,nDCG@3_ci95_low,nDCG@3_ci95_high,nDCG@5,nDCG@5_std,nDCG@5_stderr,nDCG@5_ci90_low,nDCG@5_ci90_high,nDCG@5_ci95_low,nDCG@5_ci95_high,nDCG@10,nDCG@10_std,nDCG@10_stderr,nDCG@10_ci90_low,nDCG@10_ci90_high,nDCG@10_ci95_low,nDCG@10_ci95_high,nDCG@100,nDCG@100_std,nDCG@100_stderr,nDCG@100_ci90_low,nDCG@100_ci90_high,nDCG@100_ci95_low,nDCG@100_ci95_high,RR@1,RR@3,RR@5,RR@10,RR@100,P@1,P@3,P@5,P@10,P@100,R@1,R@3,R@5,R@10,R@100,AP
0.72911051212938,0.44456895401339364,0.011540435032948517,0.710116320559968,0.7481047036987921,0.706473199697933,0.7517478245608271,0.801153668755709,0.3537116573107445,0.009181897126960012,0.7860413517154775,0.8162659857959406,0.7831427815245979,0.8191645559868201,0.8192435491016811,0.3235016006278351,0.008397683129685914,0.8054219555786403,0.8330651426247219,0.8027709485312309,0.8357161496721313,0.8320901842833035,0.29737220179835455,0.0077193977322927865,0.8193849683266228,0.8447954002399842,0.8169480845487956,0.8472322840178114,0.8442368896035973,0.267725025655314,0.006949795385794175,0.832798348114554,0.8556754310926407,0.8306044148282806,0.857869364378914,0.72911051212938,0.7879604672057503,0.7975628930817615,0.802639798057588,0.8051313534266958,0.72911051212938,0.2989667565139218,0.18921832884096595,0.09892183288409465,0.010478436657681754,0.707097933513028,0.8526504941599281,0.89588948787062,0.93401841868823,0.9857367475292005,0.7998467898659487
