{
  "nDCG@1": 0.623989218328841,
  "nDCG@1_std": 0.4845460603254005,
  "nDCG@1_stderr": 0.01257818900572164,
  "nDCG@1_ci90_low": 0.6032870064201181,
  "nDCG@1_ci90_high": 0.6446914302375639,
  "nDCG@1_ci95_low": 0.5993162841169698,
  "nDCG@1_ci95_high": 0.6486621525407122,
  "nDCG@3": 0.6948030425039862,
  "nDCG@3_std": 0.4193151909021021,
  "nDCG@3_stderr": 0.010884880006237068,
  "nDCG@3_ci90_low": 0.6768878169983401,
  "nDCG@3_ci90_high": 0.7127182680096322,
  "nDCG@3_ci95_low": 0.6734516438109124,
  "nDCG@3_ci95_high": 0.71615444119706,
  "nDCG@5": 0.7149335651092652,
  "nDCG@5_std": 0.3964018428809458,
  "nDCG@5_stderr": 0.010290079128131829,
  "nDCG@5_ci90_low": 0.6979973115221066,
  "nDCG@5_ci90_high": 0.7318698186964238,
  "nDCG@5_ci95_low": 0.694748906948392,
  "nDCG@5_ci95_high": 0.7351182232701384,
  "nDCG@10": 0.7382172564752462,
  "nDCG@10_std": 0.36337410880882937,
  "nDCG@10_stderr": 0.009432721870266997,
  "nDCG@10_ci90_low": 0.7226921115640444,
  "nDCG@10_ci90_high": 0.7537424013864479,
  "nDCG@10_ci95_low": 0.7197143602285679,
  "nDCG@10_ci95_high": 0.7567201527219244,
  "nDCG@100": 0.761628906462748,
  "nDCG@100_std": 0.32248825726505703,
  "nDCG@100_stderr": 0.008371378046664175,
  "nDCG@100_ci90_low": 0.7478506079961532,
  "nDCG@100_ci90_high": 0.7754072049293427,
  "nDCG@100_ci95_low": 0.745207905020164,
  "nDCG@100_ci95_high": 0.7780499079053319,
  "RR@1": 0.6226415094339622,
  "RR@3": 0.6834007187780778,
  "RR@5": 0.6940813117699918,
  "RR@10": 0.7034743614426906,
  "RR@100": 0.7078714190397684,
  "P@1": 0.623989218328841,
  "P@3": 0.26055705300988047,
  "P@5": 0.16684636118598045,
  "P@10": 0.09110512129379848,
  "P@100": 0.01030997304582192,
  "R@1": 0.6034366576819407,
  "R@3": 0.7458445642407907,
  "R@5": 0.7936320754716981,
  "R@10": 0.8630952380952382,
  "R@100": 0.9694519317160826,
  "AP": 0.7006362496073937
}