{
  "nDCG@1": 0.6516172506738545,
  "nDCG@1_std": 0.4766185955626693,
  "nDCG@1_stderr": 0.01237240227400233,
  "nDCG@1_ci90_low": 0.6312537393941425,
  "nDCG@1_ci90_high": 0.6719807619535664,
  "nDCG@1_ci95_low": 0.6273479804943075,
  "nDCG@1_ci95_high": 0.6758865208534014,
  "nDCG@3": 0.7309346870847299,
  "nDCG@3_std": 0.39520783380356606,
  "nDCG@3_stderr": 0.010259084196835216,
  "nDCG@3_ci90_low": 0.714049447489769,
  "nDCG@3_ci90_high": 0.7478199266796908,
  "nDCG@3_ci95_low": 0.7108108274935422,
  "nDCG@3_ci95_high": 0.7510585466759175,
  "nDCG@5": 0.7513577537075081,
  "nDCG@5_std": 0.36924806866317317,
  "nDCG@5_stderr": 0.009585202270603634,
  "nDCG@5_ci90_low": 0.7355816440860242,
  "nDCG@5_ci90_high": 0.767133863328992,
  "nDCG@5_ci95_low": 0.7325557572577407,
  "nDCG@5_ci95_high": 0.7701597501572756,
  "nDCG@10": 0.7711754383929833,
  "nDCG@10_std": 0.33777509526317023,
  "nDCG@10_stderr": 0.008768204588832297,
  "nDCG@10_ci90_low": 0.756744010357161,
  "nDCG@10_ci90_high": 0.7856068664288056,
  "nDCG@10_ci95_low": 0.7539760359290771,
  "nDCG@10_ci95_high": 0.7883748408568895,
  "nDCG@100": 0.7897166927186575,
  "nDCG@100_std": 0.30103728765217974,
  "nDCG@100_stderr": 0.007814538620572119,
  "nDCG@100_ci90_low": 0.7768548861089466,
  "nDCG@100_ci90_high": 0.8025784993283684,
  "nDCG@100_ci95_low": 0.7743879679559912,
  "nDCG@100_ci95_high": 0.8050454174813239,
  "RR@1": 0.6509433962264151,
  "RR@3": 0.7174303683737651,
  "RR@5": 0.7282457322551672,
  "RR@10": 0.736061374235229,
  "RR@100": 0.7395737173985689,
  "P@1": 0.6516172506738545,
  "P@3": 0.27538185085354555,
  "P@5": 0.176280323450131,
  "P@10": 0.09487870619945868,
  "P@100": 0.010417789757412213,
  "R@1": 0.6296046720575021,
  "R@3": 0.788690476190476,
  "R@5": 0.8369272237196765,
  "R@10": 0.8963948787061995,
  "R@100": 0.9795597484276729,
  "AP": 0.7319674719826991
}