nDCG@1,nDCG@1_std,nDCG@1_stderr,nDCG@1_ci90_low,nDCG@1_ci90_high,nDCG@1_ci95_low,nDCG@1_ci95_high,nDCG@3,nDCG@3_std,nDCG@3_stderr,nDCG@3_ci90_low,nDCG@3_ci90_high,nDCG@3_ci95_low,nDCG@3_ci95_high,nDCG@5,nDCG@5_std,nDCG@5_stderr,nDCG@5_ci90_low,nDCG@5_ci90_high,nDCG@5_ci95_low,nDCG@5_ci95_high,nDCG@10,nDCG@10_std,nDCG@10_stderr,nDCG@10_ci90_low,nDCG@10_ci90_high,nDCG@10_ci95_low,nDCG@10_ci95_high,nDCG@100,nDCG@100_std,nDCG@100_stderr,nDCG@100_ci90_low,nDCG@100_ci90_high,nDCG@100_ci95_low,nDCG@100_ci95_high,RR@1,RR@3,RR@5,RR@10,RR@100,P@1,P@3,P@5,P@10,P@100,R@1,R@3,R@5,R@10,R@100,AP
0.6340970350404312,0.48184482665096606,0.012508068473356072,0.6135102332372111,0.6546838368436514,0.6095616468044688,0.6586324232763937,0.7140002927869707,0.4054760299576283,0.010525633287930672,0.6966763449037637,0.7313242406701778,0.6933535798513277,0.7346470057226138,0.7330194830174558,0.3822760447079009,0.009923391678113319,0.7166867536173721,0.7493522124175395,0.7135541060922604,0.7524848599426511,0.7544252129613849,0.3499849137214638,0.009085155683617443,0.7394721208985744,0.7693783050241954,0.7366040903510842,0.7722463355716855,0.776833714543907,0.3084813152783567,0.008007775949512505,0.7636538621383682,0.7900135669494459,0.7611259422170759,0.7925414868707382,0.6354447439353099,0.7022686433063796,0.7124101527403419,0.7209889616223847,0.7252477540127241,0.6340970350404312,0.26931716082659174,0.1715633423180557,0.09285714285714072,0.01041105121293782,0.6132075471698113,0.7707771787960468,0.815532345013477,0.879211590296496,0.9788858939802335,0.7164672197669054
