nDCG@1,nDCG@1_std,nDCG@1_stderr,nDCG@1_ci90_low,nDCG@1_ci90_high,nDCG@1_ci95_low,nDCG@1_ci95_high,nDCG@3,nDCG@3_std,nDCG@3_stderr,nDCG@3_ci90_low,nDCG@3_ci90_high,nDCG@3_ci95_low,nDCG@3_ci95_high,nDCG@5,nDCG@5_std,nDCG@5_stderr,nDCG@5_ci90_low,nDCG@5_ci90_high,nDCG@5_ci95_low,nDCG@5_ci95_high,nDCG@10,nDCG@10_std,nDCG@10_stderr,nDCG@10_ci90_low,nDCG@10_ci90_high,nDCG@10_ci95_low,nDCG@10_ci95_high,nDCG@100,nDCG@100_std,nDCG@100_stderr,nDCG@100_ci90_low,nDCG@100_ci90_high,nDCG@100_ci95_low,nDCG@100_ci95_high,RR@1,RR@3,RR@5,RR@10,RR@100,P@1,P@3,P@5,P@10,P@100,R@1,R@3,R@5,R@10,R@100,AP
0.7203504043126685,0.44897832457007786,0.011654896589443254,0.7011678225547421,0.7395329860705949,0.6974885681082127,0.7432122405171243,0.7948618934521093,0.35739115394824783,0.009277412100544469,0.7795923700586658,0.8101314168455529,0.7766636474002311,0.8130601395039876,0.8140514848464208,0.32595262454125307,0.008461308540281164,0.8001251714203539,0.8279777982724876,0.7974540789030264,0.8306488907898151,0.8272914238636438,0.2996947562053947,0.007779688240667169,0.8144869768586872,0.8400958708686005,0.8120310603833738,0.8425517873439139,0.8390651723756757,0.27132490666616227,0.007043243640686909,0.8274728261080263,0.8506575186433251,0.8252493927824608,0.8528809519688906,0.7203504043126685,0.7809973045822107,0.7908355795148259,0.7961855025028887,0.7985546557544757,0.7203504043126685,0.2973944294698967,0.1886792452830145,0.09885444743935069,0.010458221024258573,0.6987870619946092,0.848607367475292,0.8938679245283019,0.932839173405211,0.9837151841868824,0.7936836425762247
