nDCG@1,nDCG@1_std,nDCG@1_stderr,nDCG@1_ci90_low,nDCG@1_ci90_high,nDCG@1_ci95_low,nDCG@1_ci95_high,nDCG@3,nDCG@3_std,nDCG@3_stderr,nDCG@3_ci90_low,nDCG@3_ci90_high,nDCG@3_ci95_low,nDCG@3_ci95_high,nDCG@5,nDCG@5_std,nDCG@5_stderr,nDCG@5_ci90_low,nDCG@5_ci90_high,nDCG@5_ci95_low,nDCG@5_ci95_high,nDCG@10,nDCG@10_std,nDCG@10_stderr,nDCG@10_ci90_low,nDCG@10_ci90_high,nDCG@10_ci95_low,nDCG@10_ci95_high,nDCG@100,nDCG@100_std,nDCG@100_stderr,nDCG@100_ci90_low,nDCG@100_ci90_high,nDCG@100_ci95_low,nDCG@100_ci95_high,RR@1,RR@3,RR@5,RR@10,RR@100,P@1,P@3,P@5,P@10,P@100,R@1,R@3,R@5,R@10,R@100,AP
0.6516172506738545,0.4766185955626693,0.01237240227400233,0.6312537393941425,0.6719807619535664,0.6273479804943075,0.6758865208534014,0.7309346870847299,0.39520783380356606,0.010259084196835216,0.714049447489769,0.7478199266796908,0.7108108274935422,0.7510585466759175,0.7513577537075081,0.36924806866317317,0.009585202270603634,0.7355816440860242,0.767133863328992,0.7325557572577407,0.7701597501572756,0.7711754383929833,0.33777509526317023,0.008768204588832297,0.756744010357161,0.7856068664288056,0.7539760359290771,0.7883748408568895,0.7897166927186575,0.30103728765217974,0.007814538620572119,0.7768548861089466,0.8025784993283684,0.7743879679559912,0.8050454174813239,0.6509433962264151,0.7174303683737651,0.7282457322551672,0.736061374235229,0.7395737173985689,0.6516172506738545,0.27538185085354555,0.176280323450131,0.09487870619945868,0.010417789757412213,0.6296046720575021,0.788690476190476,0.8369272237196765,0.8963948787061995,0.9795597484276729,0.7319674719826991
