{
  "nDCG@1": 0.6657681940700808,
  "nDCG@1_std": 0.47188023231236836,
  "nDCG@1_stderr": 0.012249400492706192,
  "nDCG@1_ci90_low": 0.6456071291791443,
  "nDCG@1_ci90_high": 0.6859292589610173,
  "nDCG@1_ci95_low": 0.6417401998688549,
  "nDCG@1_ci95_high": 0.6897961882713067,
  "nDCG@3": 0.7386388119623473,
  "nDCG@3_std": 0.39470264031952496,
  "nDCG@3_stderr": 0.010245970027415573,
  "nDCG@3_ci90_low": 0.7217751567396842,
  "nDCG@3_ci90_high": 0.7555024671850104,
  "nDCG@3_ci95_low": 0.718540676665745,
  "nDCG@3_ci95_high": 0.7587369472589496,
  "nDCG@5": 0.7602066141948917,
  "nDCG@5_std": 0.3665233108298094,
  "nDCG@5_stderr": 0.009514471081498816,
  "nDCG@5_ci90_low": 0.7445469197477017,
  "nDCG@5_ci90_high": 0.7758663086420816,
  "nDCG@5_ci95_low": 0.741543361563866,
  "nDCG@5_ci95_high": 0.7788698668259173,
  "nDCG@10": 0.7790584358305039,
  "nDCG@10_std": 0.3360216768947829,
  "nDCG@10_stderr": 0.008722688115890862,
  "nDCG@10_ci90_low": 0.7647019225274577,
  "nDCG@10_ci90_high": 0.7934149491335502,
  "nDCG@10_ci95_low": 0.7619483168828439,
  "nDCG@10_ci95_high": 0.796168554778164,
  "nDCG@100": 0.79795724593948,
  "nDCG@100_std": 0.29820717343849507,
  "nDCG@100_stderr": 0.007741072516103952,
  "nDCG@100_ci90_low": 0.7852163558513858,
  "nDCG@100_ci90_high": 0.8106981360275742,
  "nDCG@100_ci95_low": 0.78277262970957,
  "nDCG@100_ci95_high": 0.8131418621693901,
  "RR@1": 0.6644204851752021,
  "RR@3": 0.7277628032345017,
  "RR@5": 0.7386792452830195,
  "RR@10": 0.7461381722500321,
  "RR@100": 0.7498786238319817,
  "P@1": 0.6657681940700808,
  "P@3": 0.27605570530098483,
  "P@5": 0.17722371967654604,
  "P@10": 0.09487870619945868,
  "P@100": 0.010424528301886607,
  "R@1": 0.6437556154537286,
  "R@3": 0.7902066486972147,
  "R@5": 0.8415318957771788,
  "R@10": 0.8969002695417789,
  "R@100": 0.9802336028751122,
  "AP": 0.7425252859540415
}