nDCG@1,nDCG@1_std,nDCG@1_stderr,nDCG@1_ci90_low,nDCG@1_ci90_high,nDCG@1_ci95_low,nDCG@1_ci95_high,nDCG@3,nDCG@3_std,nDCG@3_stderr,nDCG@3_ci90_low,nDCG@3_ci90_high,nDCG@3_ci95_low,nDCG@3_ci95_high,nDCG@5,nDCG@5_std,nDCG@5_stderr,nDCG@5_ci90_low,nDCG@5_ci90_high,nDCG@5_ci95_low,nDCG@5_ci95_high,nDCG@10,nDCG@10_std,nDCG@10_stderr,nDCG@10_ci90_low,nDCG@10_ci90_high,nDCG@10_ci95_low,nDCG@10_ci95_high,nDCG@100,nDCG@100_std,nDCG@100_stderr,nDCG@100_ci90_low,nDCG@100_ci90_high,nDCG@100_ci95_low,nDCG@100_ci95_high,RR@1,RR@3,RR@5,RR@10,RR@100,P@1,P@3,P@5,P@10,P@100,R@1,R@3,R@5,R@10,R@100,AP
0.6637466307277629,0.47258601113290716,0.012267721598020743,0.6435554114636927,0.683937849991833,0.6396826984892003,0.6878105629663254,0.7349944970718352,0.3978287398478745,0.010327119527819872,0.7179972793662985,0.7519917147773718,0.7147371817626023,0.7552518123810681,0.7562269216499795,0.3702623547780923,0.009611531826251582,0.7404074766930002,0.7720463666069588,0.7373732780677008,0.7750805652322582,0.7769683554647925,0.33697936231287984,0.008747548390657636,0.7625709250888595,0.7913657858407255,0.7598094714744439,0.7941272394551411,0.7953667370972635,0.3005665131611701,0.007802317923693448,0.7825250443096886,0.8082084298848383,0.7800619840247962,0.8106714901697307,0.6644204851752021,0.7255166217430372,0.7360624438454635,0.7444663714542422,0.7481332105779556,0.6637466307277629,0.2747079964061062,0.1761455525606431,0.09494609164420262,0.01041105121293782,0.6420709793351302,0.7857142857142857,0.8361410601976639,0.897911051212938,0.9788858939802335,0.7395986598408459
