{
  "nDCG@1": 0.6778975741239892,
  "nDCG@1_std": 0.4674395042235344,
  "nDCG@1_stderr": 0.012134124935235227,
  "nDCG@1_ci90_low": 0.6579262391709296,
  "nDCG@1_ci90_high": 0.6978689090770488,
  "nDCG@1_ci95_low": 0.6540957004115255,
  "nDCG@1_ci95_high": 0.7016994478364529,
  "nDCG@3": 0.7469836997336216,
  "nDCG@3_std": 0.39397902751246866,
  "nDCG@3_stderr": 0.010227185974877819,
  "nDCG@3_ci90_low": 0.7301509608404845,
  "nDCG@3_ci90_high": 0.7638164386267586,
  "nDCG@3_ci95_low": 0.7269224105753851,
  "nDCG@3_ci95_high": 0.767044988891858,
  "nDCG@5": 0.7692484019520044,
  "nDCG@5_std": 0.3642507368613232,
  "nDCG@5_stderr": 0.009455478000663724,
  "nDCG@5_ci90_low": 0.7536858031407634,
  "nDCG@5_ci90_high": 0.7848110007632454,
  "nDCG@5_ci95_low": 0.7507008680784039,
  "nDCG@5_ci95_high": 0.7877959358256049,
  "nDCG@10": 0.7885138048484579,
  "nDCG@10_std": 0.331731271640783,
  "nDCG@10_stderr": 0.008611314744782012,
  "nDCG@10_ci90_low": 0.7743405989459156,
  "nDCG@10_ci90_high": 0.8026870107510002,
  "nDCG@10_ci95_low": 0.7716221519977117,
  "nDCG@10_ci95_high": 0.8054054576992041,
  "nDCG@100": 0.8058147174621476,
  "nDCG@100_std": 0.2950990869304678,
  "nDCG@100_stderr": 0.0076603906104088645,
  "nDCG@100_ci90_low": 0.793206620251322,
  "nDCG@100_ci90_high": 0.8184228146729732,
  "nDCG@100_ci95_low": 0.7907883640274935,
  "nDCG@100_ci95_high": 0.8208410708968017,
  "RR@1": 0.6792452830188679,
  "RR@3": 0.7359613656783467,
  "RR@5": 0.7474168912848164,
  "RR@10": 0.7551001689984173,
  "RR@100": 0.7587697935668843,
  "P@1": 0.6778975741239892,
  "P@3": 0.278751123090742,
  "P@5": 0.17924528301886403,
  "P@10": 0.0960916442048495,
  "P@100": 0.010438005390835394,
  "R@1": 0.6580750224618148,
  "R@3": 0.7965521114106021,
  "R@5": 0.8490004492362981,
  "R@10": 0.9067273135669361,
  "R@100": 0.9821990116801439,
  "AP": 0.7525211482128255
}