{
  "nDCG@1": 0.15700808625336926,
  "nDCG@1_std": 0.3639310323307161,
  "nDCG@1_stderr": 0.00944717888456058,
  "nDCG@1_ci90_low": 0.1414591468059798,
  "nDCG@1_ci90_high": 0.17255702570075873,
  "nDCG@1_ci95_low": 0.13847683163471844,
  "nDCG@1_ci95_high": 0.17553934087202008,
  "nDCG@3": 0.23315603926831507,
  "nDCG@3_std": 0.37946066921996396,
  "nDCG@3_stderr": 0.009850308171902238,
  "nDCG@3_ci90_low": 0.21694359667835372,
  "nDCG@3_ci90_high": 0.24936848185827643,
  "nDCG@3_ci95_low": 0.21383402038455943,
  "nDCG@3_ci95_high": 0.25247805815207075,
  "nDCG@5": 0.2646908093738559,
  "nDCG@5_std": 0.3759498613564234,
  "nDCG@5_stderr": 0.009759172140704849,
  "nDCG@5_ci90_low": 0.2486283659156861,
  "nDCG@5_ci90_high": 0.28075325283202573,
  "nDCG@5_ci95_low": 0.24554755973112863,
  "nDCG@5_ci95_high": 0.2838340590165832,
  "nDCG@10": 0.2980566144309414,
  "nDCG@10_std": 0.36559787036910507,
  "nDCG@10_stderr": 0.009490447844119766,
  "nDCG@10_ci90_low": 0.28243645939206596,
  "nDCG@10_ci90_high": 0.3136767694698168,
  "nDCG@10_ci95_low": 0.2794404849394345,
  "nDCG@10_ci95_high": 0.31667274392244826,
  "nDCG@100": 0.3624659842750437,
  "nDCG@100_std": 0.32561728538502605,
  "nDCG@100_stderr": 0.008452603569519023,
  "nDCG@100_ci90_low": 0.3485539982016104,
  "nDCG@100_ci90_high": 0.3763779703484769,
  "nDCG@100_ci95_low": 0.3458856536968576,
  "nDCG@100_ci95_high": 0.37904631485322976,
  "RR@1": 0.15700808625336926,
  "RR@3": 0.2172057502246182,
  "RR@5": 0.2349281221922729,
  "RR@10": 0.24870470200658873,
  "RR@100": 0.2604486455441663,
  "P@1": 0.15700808625336926,
  "P@3": 0.09905660377358477,
  "P@5": 0.0752021563342325,
  "P@10": 0.048517520215633554,
  "P@100": 0.008180592991913605,
  "R@1": 0.1530772686433064,
  "R@3": 0.28891509433962265,
  "R@5": 0.36494833782569625,
  "R@10": 0.4672619047619047,
  "R@100": 0.7777403414195866,
  "AP": 0.256382416477499
}