nDCG@1,nDCG@1_std,nDCG@1_stderr,nDCG@1_ci90_low,nDCG@1_ci90_high,nDCG@1_ci95_low,nDCG@1_ci95_high,nDCG@3,nDCG@3_std,nDCG@3_stderr,nDCG@3_ci90_low,nDCG@3_ci90_high,nDCG@3_ci95_low,nDCG@3_ci95_high,nDCG@5,nDCG@5_std,nDCG@5_stderr,nDCG@5_ci90_low,nDCG@5_ci90_high,nDCG@5_ci95_low,nDCG@5_ci95_high,nDCG@10,nDCG@10_std,nDCG@10_stderr,nDCG@10_ci90_low,nDCG@10_ci90_high,nDCG@10_ci95_low,nDCG@10_ci95_high,nDCG@100,nDCG@100_std,nDCG@100_stderr,nDCG@100_ci90_low,nDCG@100_ci90_high,nDCG@100_ci95_low,nDCG@100_ci95_high,RR@1,RR@3,RR@5,RR@10,RR@100,P@1,P@3,P@5,P@10,P@100,R@1,R@3,R@5,R@10,R@100,AP
0.1664420485175202,0.37260253085394857,0.009672279770356259,0.15052261962713828,0.18236147740790212,0.14746924389960125,0.18541485313543915,0.2418771289486689,0.3853537566014869,0.010003285098104569,0.22541290442555761,0.25834135347178017,0.22225503589410792,0.26149922200322984,0.2755713163731692,0.3809463123890122,0.009888873547013942,0.25929539973558946,0.2918472330107489,0.25617364900277095,0.2949689837435674,0.30876332116337024,0.3694997069064002,0.009591734473924515,0.2929764603075617,0.3245501820191788,0.2899485113727696,0.32757813095397087,0.373115410335746,0.32853250425857666,0.00852827888088146,0.35907887164735597,0.3871519490241361,0.3563866377220762,0.38984418294941586,0.1664420485175202,0.22663971248876894,0.24510332434860685,0.2590184186882296,0.2711500266108686,0.1664420485175202,0.10242587601078165,0.0785714285714293,0.04986522911051218,0.00826819407008072,0.16138814016172506,0.2973944294699012,0.3789869721473495,0.4806266846361186,0.7852088948787062,0.2666888668519842
