nDCG@1,nDCG@1_std,nDCG@1_stderr,nDCG@1_ci90_low,nDCG@1_ci90_high,nDCG@1_ci95_low,nDCG@1_ci95_high,nDCG@3,nDCG@3_std,nDCG@3_stderr,nDCG@3_ci90_low,nDCG@3_ci90_high,nDCG@3_ci95_low,nDCG@3_ci95_high,nDCG@5,nDCG@5_std,nDCG@5_stderr,nDCG@5_ci90_low,nDCG@5_ci90_high,nDCG@5_ci95_low,nDCG@5_ci95_high,nDCG@10,nDCG@10_std,nDCG@10_stderr,nDCG@10_ci90_low,nDCG@10_ci90_high,nDCG@10_ci95_low,nDCG@10_ci95_high,nDCG@100,nDCG@100_std,nDCG@100_stderr,nDCG@100_ci90_low,nDCG@100_ci90_high,nDCG@100_ci95_low,nDCG@100_ci95_high,RR@1,RR@3,RR@5,RR@10,RR@100,P@1,P@3,P@5,P@10,P@100,R@1,R@3,R@5,R@10,R@100,AP
0.1597035040431267,0.36645434358882595,0.009512680781126319,0.14404675621867194,0.17536025186758145,0.14104376320249398,0.1783632448837594,0.2321970027353814,0.38129656637169335,0.009897965687379735,0.21590612150977787,0.24848788396098495,0.21278150054146538,0.25161250492929743,0.26229577689199773,0.3780174466307838,0.00981284398017639,0.24614499593200112,0.27844655785199435,0.24304724645219314,0.28154430733180236,0.29391345394726415,0.36866137469057075,0.009569972453915093,0.27816241080333703,0.30966449709119126,0.2751413317715313,0.312685576122997,0.3588844589680082,0.3291337691639851,0.008543886940139349,0.34482223125951406,0.3729466866765023,0.3421250701329515,0.37564384780306487,0.1597035040431267,0.2172057502246181,0.23411949685534558,0.24744630556625138,0.2590466815909391,0.1597035040431267,0.09748427672955957,0.07371967654986589,0.047102425876010996,0.008099730458220884,0.15610961365678347,0.28470350404312667,0.35753593890386337,0.4532232704402515,0.7686433063791553,0.25510868474537496
