nDCG@1,nDCG@1_std,nDCG@1_stderr,nDCG@1_ci90_low,nDCG@1_ci90_high,nDCG@1_ci95_low,nDCG@1_ci95_high,nDCG@3,nDCG@3_std,nDCG@3_stderr,nDCG@3_ci90_low,nDCG@3_ci90_high,nDCG@3_ci95_low,nDCG@3_ci95_high,nDCG@5,nDCG@5_std,nDCG@5_stderr,nDCG@5_ci90_low,nDCG@5_ci90_high,nDCG@5_ci95_low,nDCG@5_ci95_high,nDCG@10,nDCG@10_std,nDCG@10_stderr,nDCG@10_ci90_low,nDCG@10_ci90_high,nDCG@10_ci95_low,nDCG@10_ci95_high,nDCG@100,nDCG@100_std,nDCG@100_stderr,nDCG@100_ci90_low,nDCG@100_ci90_high,nDCG@100_ci95_low,nDCG@100_ci95_high,RR@1,RR@3,RR@5,RR@10,RR@100,P@1,P@3,P@5,P@10,P@100,R@1,R@3,R@5,R@10,R@100,AP
0.16307277628032346,0.3695565932534578,0.009593211169916337,0.147283484957511,0.17886206760313592,0.14425506985467937,0.18189048270596755,0.24070076777350458,0.3826253946048121,0.009932460349581883,0.224353112412427,0.25704842313458215,0.22121760206055674,0.2601839334864524,0.27160544544922743,0.37866183974891754,0.009829571592053842,0.25542713281788637,0.2877837580805685,0.2523241027129002,0.2908867881855547,0.3044335941279736,0.3681033677224988,0.00955548731475989,0.2887063918104311,0.3201607964455161,0.285689885492955,0.3231773027629922,0.3693130620968649,0.3272535436790662,0.008495078718467289,0.35533116695035427,0.3832949572433755,0.352649413756864,0.38597671043686577,0.16307277628032346,0.22416891284815804,0.2414195867026052,0.2549752920035935,0.2674070305233879,0.16307277628032346,0.10287511230907456,0.07735849056603847,0.0492587601078168,0.008227762803234359,0.1580188679245283,0.29975292003593895,0.37426999101527403,0.47422506738544473,0.7802672955974842,0.26299477980728936
