nDCG@1,nDCG@1_std,nDCG@1_stderr,nDCG@1_ci90_low,nDCG@1_ci90_high,nDCG@1_ci95_low,nDCG@1_ci95_high,nDCG@3,nDCG@3_std,nDCG@3_stderr,nDCG@3_ci90_low,nDCG@3_ci90_high,nDCG@3_ci95_low,nDCG@3_ci95_high,nDCG@5,nDCG@5_std,nDCG@5_stderr,nDCG@5_ci90_low,nDCG@5_ci90_high,nDCG@5_ci95_low,nDCG@5_ci95_high,nDCG@10,nDCG@10_std,nDCG@10_stderr,nDCG@10_ci90_low,nDCG@10_ci90_high,nDCG@10_ci95_low,nDCG@10_ci95_high,nDCG@100,nDCG@100_std,nDCG@100_stderr,nDCG@100_ci90_low,nDCG@100_ci90_high,nDCG@100_ci95_low,nDCG@100_ci95_high,RR@1,RR@3,RR@5,RR@10,RR@100,P@1,P@3,P@5,P@10,P@100,R@1,R@3,R@5,R@10,R@100,AP
0.16442048517520216,0.3707816474500946,0.009625011992354564,0.14857885345865826,0.18026211689174607,0.1455403993720861,0.18330057097831823,0.23760344268039726,0.38342741975446726,0.009953279885113615,0.22122152082545296,0.25398536453534154,0.21807943809706337,0.25712744726373116,0.26835399751520184,0.37983117636619934,0.009859926058198102,0.2521257250215778,0.28458227000882586,0.24901311252315927,0.2876948825072444,0.3019378646771752,0.36884216059586816,0.00957466542218497,0.28617909746235365,0.31769663189199676,0.28315653693955034,0.32071919241480007,0.3647494370220111,0.3304529752278996,0.008578131823274436,0.35063084628485447,0.3788680277591678,0.34792287462577637,0.3815759994182459,0.16442048517520216,0.223158131176999,0.24017295597484242,0.25421292730928824,0.26619587774728415,0.16442048517520216,0.10040431266846356,0.0756064690026961,0.04858490566037748,0.008045822102425737,0.15824348607367475,0.2912174303683738,0.3655098831985624,0.4681603773584906,0.7648809523809523,0.2614230188688652
