nDCG@1,nDCG@1_std,nDCG@1_stderr,nDCG@1_ci90_low,nDCG@1_ci90_high,nDCG@1_ci95_low,nDCG@1_ci95_high,nDCG@3,nDCG@3_std,nDCG@3_stderr,nDCG@3_ci90_low,nDCG@3_ci90_high,nDCG@3_ci95_low,nDCG@3_ci95_high,nDCG@5,nDCG@5_std,nDCG@5_stderr,nDCG@5_ci90_low,nDCG@5_ci90_high,nDCG@5_ci95_low,nDCG@5_ci95_high,nDCG@10,nDCG@10_std,nDCG@10_stderr,nDCG@10_ci90_low,nDCG@10_ci90_high,nDCG@10_ci95_low,nDCG@10_ci95_high,nDCG@100,nDCG@100_std,nDCG@100_stderr,nDCG@100_ci90_low,nDCG@100_ci90_high,nDCG@100_ci95_low,nDCG@100_ci95_high,RR@1,RR@3,RR@5,RR@10,RR@100,P@1,P@3,P@5,P@10,P@100,R@1,R@3,R@5,R@10,R@100,AP
0.15700808625336926,0.3639310323307161,0.00944717888456058,0.1414591468059798,0.17255702570075873,0.13847683163471844,0.17553934087202008,0.23315603926831507,0.37946066921996396,0.009850308171902238,0.21694359667835372,0.24936848185827643,0.21383402038455943,0.25247805815207075,0.2646908093738559,0.3759498613564234,0.009759172140704849,0.2486283659156861,0.28075325283202573,0.24554755973112863,0.2838340590165832,0.2980566144309414,0.36559787036910507,0.009490447844119766,0.28243645939206596,0.3136767694698168,0.2794404849394345,0.31667274392244826,0.3624659842750437,0.32561728538502605,0.008452603569519023,0.3485539982016104,0.3763779703484769,0.3458856536968576,0.37904631485322976,0.15700808625336926,0.2172057502246182,0.2349281221922729,0.24870470200658873,0.2604486455441663,0.15700808625336926,0.09905660377358477,0.0752021563342325,0.048517520215633554,0.008180592991913605,0.1530772686433064,0.28891509433962265,0.36494833782569625,0.4672619047619047,0.7777403414195866,0.256382416477499
