nDCG@1,nDCG@1_std,nDCG@1_stderr,nDCG@1_ci90_low,nDCG@1_ci90_high,nDCG@1_ci95_low,nDCG@1_ci95_high,nDCG@3,nDCG@3_std,nDCG@3_stderr,nDCG@3_ci90_low,nDCG@3_ci90_high,nDCG@3_ci95_low,nDCG@3_ci95_high,nDCG@5,nDCG@5_std,nDCG@5_stderr,nDCG@5_ci90_low,nDCG@5_ci90_high,nDCG@5_ci95_low,nDCG@5_ci95_high,nDCG@10,nDCG@10_std,nDCG@10_stderr,nDCG@10_ci90_low,nDCG@10_ci90_high,nDCG@10_ci95_low,nDCG@10_ci95_high,nDCG@100,nDCG@100_std,nDCG@100_stderr,nDCG@100_ci90_low,nDCG@100_ci90_high,nDCG@100_ci95_low,nDCG@100_ci95_high,RR@1,RR@3,RR@5,RR@10,RR@100,P@1,P@3,P@5,P@10,P@100,R@1,R@3,R@5,R@10,R@100,AP
0.1664420485175202,0.37260253085394857,0.009672279770356259,0.15052261962713828,0.18236147740790212,0.14746924389960125,0.18541485313543915,0.23934200676321932,0.38474029696896,0.009987360479503557,0.22290399227946217,0.25578002124697646,0.2197511508817453,0.25893286264469334,0.2721287962198444,0.38085684801334296,0.009886551167536353,0.255856701944296,0.28840089049539286,0.2527356843475421,0.29152190809214673,0.3063983184551956,0.36929132562145006,0.009586325165291197,0.2906203606818225,0.3221762762285687,0.28759411937460905,0.32520251753578217,0.36925928591993024,0.32976619807356045,0.00856030397663734,0.3551700377104451,0.3833485341294154,0.3524676940021178,0.38605087783774267,0.1664420485175202,0.22484276729559735,0.24290206648697174,0.25734661789243973,0.26908871717969757,0.1664420485175202,0.10107816711590292,0.07695417789757483,0.0494609164420486,0.008160377358490425,0.16071428571428573,0.29290206648697215,0.37191150044923627,0.4765835579514825,0.7759995507637016,0.26440105232418903
