{
  "nDCG@1": 0.15363881401617252,
  "nDCG@1_std": 0.36072373344533837,
  "nDCG@1_stderr": 0.009363921553872492,
  "nDCG@1_ci90_low": 0.13822690629108228,
  "nDCG@1_ci90_high": 0.16905072174126276,
  "nDCG@1_ci95_low": 0.13527087405607777,
  "nDCG@1_ci95_high": 0.17200675397626727,
  "nDCG@3": 0.22753176674153117,
  "nDCG@3_std": 0.377648484484298,
  "nDCG@3_stderr": 0.009803266200075694,
  "nDCG@3_ci90_low": 0.21139674967514194,
  "nDCG@3_ci90_high": 0.2436667838079204,
  "nDCG@3_ci95_low": 0.20830202373910828,
  "nDCG@3_ci95_high": 0.24676150974395406,
  "nDCG@5": 0.2574994235454517,
  "nDCG@5_std": 0.37479468524832754,
  "nDCG@5_stderr": 0.009729185263063607,
  "nDCG@5_ci90_low": 0.24148633494235106,
  "nDCG@5_ci90_high": 0.2735125121485523,
  "nDCG@5_ci95_low": 0.23841499510973005,
  "nDCG@5_ci95_high": 0.2765838519811733,
  "nDCG@10": 0.28694536694920925,
  "nDCG@10_std": 0.3663139207008454,
  "nDCG@10_stderr": 0.009509035584579757,
  "nDCG@10_ci90_low": 0.27129461868727667,
  "nDCG@10_ci90_high": 0.3025961152111418,
  "nDCG@10_ci95_low": 0.26829277639822013,
  "nDCG@10_ci95_high": 0.30559795750019836,
  "nDCG@100": 0.35204557611304704,
  "nDCG@100_std": 0.3278900385013979,
  "nDCG@100_stderr": 0.008511601300801516,
  "nDCG@100_ci90_low": 0.3380364867495783,
  "nDCG@100_ci90_high": 0.3660546654765158,
  "nDCG@100_ci95_low": 0.3353495176552814,
  "nDCG@100_ci95_high": 0.36874163457081266,
  "RR@1": 0.15363881401617252,
  "RR@3": 0.21147798742138368,
  "RR@5": 0.2284591194968551,
  "RR@10": 0.24091874171052058,
  "RR@100": 0.25287826286706033,
  "P@1": 0.15363881401617252,
  "P@3": 0.09613656783468083,
  "P@5": 0.07277628032345079,
  "P@10": 0.04602425876010809,
  "P@100": 0.007964959568733018,
  "R@1": 0.15083108715184185,
  "R@3": 0.2816711590296496,
  "R@5": 0.3536612758310871,
  "R@10": 0.44277852650494154,
  "R@100": 0.7557277628032345,
  "AP": 0.2496038382375716
}