{
  "nDCG@1": 0.534366576819407,
  "nDCG@1_std": 0.4989856903818044,
  "nDCG@1_stderr": 0.012953023125516518,
  "nDCG@1_ci90_low": 0.5130474322683869,
  "nDCG@1_ci90_high": 0.5556857213704272,
  "nDCG@1_ci95_low": 0.5089583811502738,
  "nDCG@1_ci95_high": 0.5597747724885402,
  "nDCG@3": 0.6190194641047035,
  "nDCG@3_std": 0.44110123336086193,
  "nDCG@3_stderr": 0.011450417490019169,
  "nDCG@3_ci90_low": 0.6001734307676394,
  "nDCG@3_ci90_high": 0.6378654974417677,
  "nDCG@3_ci95_low": 0.5965587269269437,
  "nDCG@3_ci95_high": 0.6414802012824634,
  "nDCG@5": 0.6433457082348049,
  "nDCG@5_std": 0.4191230090388955,
  "nDCG@5_stderr": 0.010879891213639597,
  "nDCG@5_ci90_low": 0.6254386936919194,
  "nDCG@5_ci90_high": 0.6612527227776903,
  "nDCG@5_ci95_low": 0.6220040953822442,
  "nDCG@5_ci95_high": 0.6646873210873655,
  "nDCG@10": 0.6705048169875313,
  "nDCG@10_std": 0.3878280537383638,
  "nDCG@10_stderr": 0.01006751465147882,
  "nDCG@10_ci90_low": 0.6539348782138111,
  "nDCG@10_ci90_high": 0.6870747557612514,
  "nDCG@10_ci95_low": 0.650756733494749,
  "nDCG@10_ci95_high": 0.6902529004803135,
  "nDCG@100": 0.7011773807769203,
  "nDCG@100_std": 0.3409514085152048,
  "nDCG@100_stderr": 0.008850657572556153,
  "nDCG@100_ci90_low": 0.6866102448787991,
  "nDCG@100_ci90_high": 0.7157445166750415,
  "nDCG@100_ci95_low": 0.6838162414332403,
  "nDCG@100_ci95_high": 0.7185385201206003,
  "RR@1": 0.534366576819407,
  "RR@3": 0.603773584905661,
  "RR@5": 0.6163409703504052,
  "RR@10": 0.6269311812775432,
  "RR@100": 0.633038644302301,
  "P@1": 0.534366576819407,
  "P@3": 0.23697214734950417,
  "P@5": 0.15539083557951194,
  "P@10": 0.08672506738544286,
  "P@100": 0.010202156334231624,
  "R@1": 0.518980233602875,
  "R@3": 0.6813230008984728,
  "R@5": 0.7388814016172507,
  "R@10": 0.8205300988319856,
  "R@100": 0.9597933513027852,
  "AP": 0.6271555596595261
}