nDCG@1,nDCG@1_std,nDCG@1_stderr,nDCG@1_ci90_low,nDCG@1_ci90_high,nDCG@1_ci95_low,nDCG@1_ci95_high,nDCG@3,nDCG@3_std,nDCG@3_stderr,nDCG@3_ci90_low,nDCG@3_ci90_high,nDCG@3_ci95_low,nDCG@3_ci95_high,nDCG@5,nDCG@5_std,nDCG@5_stderr,nDCG@5_ci90_low,nDCG@5_ci90_high,nDCG@5_ci95_low,nDCG@5_ci95_high,nDCG@10,nDCG@10_std,nDCG@10_stderr,nDCG@10_ci90_low,nDCG@10_ci90_high,nDCG@10_ci95_low,nDCG@10_ci95_high,nDCG@100,nDCG@100_std,nDCG@100_stderr,nDCG@100_ci90_low,nDCG@100_ci90_high,nDCG@100_ci95_low,nDCG@100_ci95_high,RR@1,RR@3,RR@5,RR@10,RR@100,P@1,P@3,P@5,P@10,P@100,R@1,R@3,R@5,R@10,R@100,AP
0.6415094339622641,0.47971882840645647,0.012452880308731812,0.621013465352788,0.6620054025717402,0.617082300893594,0.6659365670309343,0.7176832086126665,0.40768883162783776,0.010583074757213033,0.70026471886267,0.735101698362663,0.6969238205063776,0.7384425967189555,0.7403469357310263,0.37902293650340524,0.009838945196751504,0.7241531952546504,0.7565406762074022,0.7210472060606238,0.7596466654014288,0.7609656727767806,0.3479467208968489,0.00903224683412459,0.7460996624245049,0.7758316831290564,0.7432483343091868,0.7786830112443744,0.7810074545466685,0.30872504381557514,0.008014102827095955,0.767817188848692,0.7941977202446451,0.7652872716387663,0.7967276374545708,0.6408355795148248,0.7038409703504049,0.7155997304582216,0.723618330980191,0.7275252276968236,0.6415094339622641,0.27044025157232376,0.1743935309973008,0.09413746630727546,0.010404312668463424,0.6229784366576819,0.7725741239892183,0.8264263252470798,0.8872416891284817,0.9789982030548068,0.7225842834942693
