nDCG@1,nDCG@1_std,nDCG@1_stderr,nDCG@1_ci90_low,nDCG@1_ci90_high,nDCG@1_ci95_low,nDCG@1_ci95_high,nDCG@3,nDCG@3_std,nDCG@3_stderr,nDCG@3_ci90_low,nDCG@3_ci90_high,nDCG@3_ci95_low,nDCG@3_ci95_high,nDCG@5,nDCG@5_std,nDCG@5_stderr,nDCG@5_ci90_low,nDCG@5_ci90_high,nDCG@5_ci95_low,nDCG@5_ci95_high,nDCG@10,nDCG@10_std,nDCG@10_stderr,nDCG@10_ci90_low,nDCG@10_ci90_high,nDCG@10_ci95_low,nDCG@10_ci95_high,nDCG@100,nDCG@100_std,nDCG@100_stderr,nDCG@100_ci90_low,nDCG@100_ci90_high,nDCG@100_ci95_low,nDCG@100_ci95_high,RR@1,RR@3,RR@5,RR@10,RR@100,P@1,P@3,P@5,P@10,P@100,R@1,R@3,R@5,R@10,R@100,AP
0.6044474393530997,0.4891338808602828,0.012697282892840086,0.5835492129873642,0.6253456657188353,0.5795408947510068,0.6293539839551927,0.6829613700412303,0.4209963658035638,0.010928521132218073,0.6649743164021714,0.7009484236802891,0.661524366446706,0.7043983736357545,0.7081574522700758,0.3933902386401467,0.010211901777302137,0.691349869359006,0.7249650351811455,0.6881261440575139,0.7281887604826376,0.7319147681556922,0.36040097867161974,0.00935554325740341,0.7165166501159739,0.7473128861954106,0.7135632627679748,0.7502662735434097,0.7541676395932608,0.31984535337406045,0.008302771680031892,0.7405022590944008,0.7678330200921208,0.7378812139922121,0.7704540651943096,0.6044474393530997,0.6688005390835587,0.6816037735849068,0.6909016279467769,0.695294033642854,0.6044474393530997,0.259433962264148,0.16913746630727405,0.09258760107816501,0.010363881401617064,0.5863656783468104,0.7419137466307277,0.8021114106019768,0.8730907457322552,0.9752920035938903,0.6893798693088864
