nDCG@1,nDCG@1_std,nDCG@1_stderr,nDCG@1_ci90_low,nDCG@1_ci90_high,nDCG@1_ci95_low,nDCG@1_ci95_high,nDCG@3,nDCG@3_std,nDCG@3_stderr,nDCG@3_ci90_low,nDCG@3_ci90_high,nDCG@3_ci95_low,nDCG@3_ci95_high,nDCG@5,nDCG@5_std,nDCG@5_stderr,nDCG@5_ci90_low,nDCG@5_ci90_high,nDCG@5_ci95_low,nDCG@5_ci95_high,nDCG@10,nDCG@10_std,nDCG@10_stderr,nDCG@10_ci90_low,nDCG@10_ci90_high,nDCG@10_ci95_low,nDCG@10_ci95_high,nDCG@100,nDCG@100_std,nDCG@100_stderr,nDCG@100_ci90_low,nDCG@100_ci90_high,nDCG@100_ci95_low,nDCG@100_ci95_high,RR@1,RR@3,RR@5,RR@10,RR@100,P@1,P@3,P@5,P@10,P@100,R@1,R@3,R@5,R@10,R@100,AP
0.5,0.5001685487996635,0.012983728600114434,0.4786303178682841,0.521369682131716,0.47453157354928494,0.525468426450715,0.5820217133178615,0.44985773007366714,0.011677724818878016,0.5628015589934039,0.601241867642319,0.5591150980595401,0.6049283285761828,0.6070108567929425,0.43024726593066,0.011168662534241914,0.5886285587995101,0.6253931547863749,0.5851028002502565,0.6289189133356285,0.6330598451535895,0.403586141529772,0.010476574228758178,0.6158166426812337,0.6503030476259453,0.6125093647470418,0.6536103255601372,0.6683827273955996,0.354764823343475,0.009209235954986378,0.6532254138768702,0.683540040914329,0.650318213278693,0.6864472415125061,0.5,0.567385444743936,0.5804919137466316,0.5906524087622477,0.5980402452481592,0.5,0.22349505840071787,0.14757412398921585,0.08247978436657516,0.009973045822102247,0.4856244384546271,0.6431940700808625,0.7021563342318059,0.7802672955974842,0.9382300089847259,0.5915631708592608
