{
  "nDCG@1": 0.6415094339622641,
  "nDCG@1_std": 0.47971882840645647,
  "nDCG@1_stderr": 0.012452880308731812,
  "nDCG@1_ci90_low": 0.621013465352788,
  "nDCG@1_ci90_high": 0.6620054025717402,
  "nDCG@1_ci95_low": 0.617082300893594,
  "nDCG@1_ci95_high": 0.6659365670309343,
  "nDCG@3": 0.7176832086126665,
  "nDCG@3_std": 0.40768883162783776,
  "nDCG@3_stderr": 0.010583074757213033,
  "nDCG@3_ci90_low": 0.70026471886267,
  "nDCG@3_ci90_high": 0.735101698362663,
  "nDCG@3_ci95_low": 0.6969238205063776,
  "nDCG@3_ci95_high": 0.7384425967189555,
  "nDCG@5": 0.7403469357310263,
  "nDCG@5_std": 0.37902293650340524,
  "nDCG@5_stderr": 0.009838945196751504,
  "nDCG@5_ci90_low": 0.7241531952546504,
  "nDCG@5_ci90_high": 0.7565406762074022,
  "nDCG@5_ci95_low": 0.7210472060606238,
  "nDCG@5_ci95_high": 0.7596466654014288,
  "nDCG@10": 0.7609656727767806,
  "nDCG@10_std": 0.3479467208968489,
  "nDCG@10_stderr": 0.00903224683412459,
  "nDCG@10_ci90_low": 0.7460996624245049,
  "nDCG@10_ci90_high": 0.7758316831290564,
  "nDCG@10_ci95_low": 0.7432483343091868,
  "nDCG@10_ci95_high": 0.7786830112443744,
  "nDCG@100": 0.7810074545466685,
  "nDCG@100_std": 0.30872504381557514,
  "nDCG@100_stderr": 0.008014102827095955,
  "nDCG@100_ci90_low": 0.767817188848692,
  "nDCG@100_ci90_high": 0.7941977202446451,
  "nDCG@100_ci95_low": 0.7652872716387663,
  "nDCG@100_ci95_high": 0.7967276374545708,
  "RR@1": 0.6408355795148248,
  "RR@3": 0.7038409703504049,
  "RR@5": 0.7155997304582216,
  "RR@10": 0.723618330980191,
  "RR@100": 0.7275252276968236,
  "P@1": 0.6415094339622641,
  "P@3": 0.27044025157232376,
  "P@5": 0.1743935309973008,
  "P@10": 0.09413746630727546,
  "P@100": 0.010404312668463424,
  "R@1": 0.6229784366576819,
  "R@3": 0.7725741239892183,
  "R@5": 0.8264263252470798,
  "R@10": 0.8872416891284817,
  "R@100": 0.9789982030548068,
  "AP": 0.7225842834942693
}