{
  "nDCG@1": 0.6320754716981132,
  "nDCG@1_std": 0.48240323836790533,
  "nDCG@1_stderr": 0.01252256411926836,
  "nDCG@1_ci90_low": 0.6114648117756285,
  "nDCG@1_ci90_high": 0.6526861316205979,
  "nDCG@1_ci95_low": 0.6075116493117504,
  "nDCG@1_ci95_high": 0.656639294084476,
  "nDCG@3": 0.7130764324516825,
  "nDCG@3_std": 0.4087544705460188,
  "nDCG@3_stderr": 0.010610737365213051,
  "nDCG@3_ci90_low": 0.695612413319634,
  "nDCG@3_ci90_high": 0.730540451583731,
  "nDCG@3_ci95_low": 0.6922627823441625,
  "nDCG@3_ci95_high": 0.7338900825592025,
  "nDCG@5": 0.7377840095724165,
  "nDCG@5_std": 0.3780415085572001,
  "nDCG@5_stderr": 0.009813468596664042,
  "nDCG@5_ci90_low": 0.7216322005675334,
  "nDCG@5_ci90_high": 0.7539358185772996,
  "nDCG@5_ci95_low": 0.7185342539068262,
  "nDCG@5_ci95_high": 0.7570337652380068,
  "nDCG@10": 0.7572822818834236,
  "nDCG@10_std": 0.3483684025625931,
  "nDCG@10_stderr": 0.009043193144756888,
  "nDCG@10_ci90_low": 0.742398255198095,
  "nDCG@10_ci90_high": 0.7721663085687522,
  "nDCG@10_ci95_low": 0.7395434715169761,
  "nDCG@10_ci95_high": 0.7750210922498711,
  "nDCG@100": 0.7784042342472681,
  "nDCG@100_std": 0.3066873928315263,
  "nDCG@100_stderr": 0.00796120804308337,
  "nDCG@100_ci90_low": 0.7653010271097088,
  "nDCG@100_ci90_high": 0.7915074413848274,
  "nDCG@100_ci95_low": 0.7627878078917201,
  "nDCG@100_ci95_high": 0.7940206606028162,
  "RR@1": 0.6320754716981132,
  "RR@3": 0.6977762803234511,
  "RR@5": 0.7107142857142866,
  "RR@10": 0.7183539768108507,
  "RR@100": 0.7225537940457241,
  "P@1": 0.6320754716981132,
  "P@3": 0.26999101527403085,
  "P@5": 0.17520215633422798,
  "P@10": 0.09413746630727546,
  "P@100": 0.010458221024258571,
  "R@1": 0.6139937106918238,
  "R@3": 0.7702156334231806,
  "R@5": 0.8291217430368373,
  "R@10": 0.8872416891284817,
  "R@100": 0.9843890386343216,
  "AP": 0.7181200696059639
}