{
  "nDCG@1": 0.6340970350404312,
  "nDCG@1_std": 0.48184482665096606,
  "nDCG@1_stderr": 0.012508068473356072,
  "nDCG@1_ci90_low": 0.6135102332372111,
  "nDCG@1_ci90_high": 0.6546838368436514,
  "nDCG@1_ci95_low": 0.6095616468044688,
  "nDCG@1_ci95_high": 0.6586324232763937,
  "nDCG@3": 0.7117203520347543,
  "nDCG@3_std": 0.4100011398449184,
  "nDCG@3_stderr": 0.01064309928774867,
  "nDCG@3_ci90_low": 0.6942030690045562,
  "nDCG@3_ci90_high": 0.7292376350649523,
  "nDCG@3_ci95_low": 0.6908432219154991,
  "nDCG@3_ci95_high": 0.7325974821540094,
  "nDCG@5": 0.7338589969705194,
  "nDCG@5_std": 0.3827497489773116,
  "nDCG@5_stderr": 0.009935688428249857,
  "nDCG@5_ci90_low": 0.7175060285736294,
  "nDCG@5_ci90_high": 0.7502119653674093,
  "nDCG@5_ci95_low": 0.7143694991717229,
  "nDCG@5_ci95_high": 0.7533484947693159,
  "nDCG@10": 0.7548547211396517,
  "nDCG@10_std": 0.3515272458012274,
  "nDCG@10_stderr": 0.009125192629528893,
  "nDCG@10_ci90_low": 0.739835732997679,
  "nDCG@10_ci90_high": 0.7698737092816244,
  "nDCG@10_ci95_low": 0.736955063461062,
  "nDCG@10_ci95_high": 0.7727543788182414,
  "nDCG@100": 0.7759668213984431,
  "nDCG@100_std": 0.31104876242118323,
  "nDCG@100_stderr": 0.008074423556559367,
  "nDCG@100_ci90_low": 0.7626772749118512,
  "nDCG@100_ci90_high": 0.789256367885035,
  "nDCG@100_ci95_low": 0.7601283154641508,
  "nDCG@100_ci95_high": 0.7918053273327353,
  "RR@1": 0.6340970350404312,
  "RR@3": 0.6974393530997314,
  "RR@5": 0.7094002695417797,
  "RR@10": 0.7176549865229114,
  "RR@100": 0.7216503025029817,
  "P@1": 0.6340970350404312,
  "P@3": 0.2686433063791523,
  "P@5": 0.17304582210242214,
  "P@10": 0.09353099730458007,
  "P@100": 0.010404312668463424,
  "R@1": 0.6162398921832885,
  "R@3": 0.7676886792452831,
  "R@5": 0.820024707996406,
  "R@10": 0.8818508535489669,
  "R@100": 0.9793351302785265,
  "AP": 0.7163290260398033
}