{
  "nDCG@1": 0.5,
  "nDCG@1_std": 0.5001685487996635,
  "nDCG@1_stderr": 0.012983728600114434,
  "nDCG@1_ci90_low": 0.4786303178682841,
  "nDCG@1_ci90_high": 0.521369682131716,
  "nDCG@1_ci95_low": 0.47453157354928494,
  "nDCG@1_ci95_high": 0.525468426450715,
  "nDCG@3": 0.5820217133178615,
  "nDCG@3_std": 0.44985773007366714,
  "nDCG@3_stderr": 0.011677724818878016,
  "nDCG@3_ci90_low": 0.5628015589934039,
  "nDCG@3_ci90_high": 0.601241867642319,
  "nDCG@3_ci95_low": 0.5591150980595401,
  "nDCG@3_ci95_high": 0.6049283285761828,
  "nDCG@5": 0.6070108567929425,
  "nDCG@5_std": 0.43024726593066,
  "nDCG@5_stderr": 0.011168662534241914,
  "nDCG@5_ci90_low": 0.5886285587995101,
  "nDCG@5_ci90_high": 0.6253931547863749,
  "nDCG@5_ci95_low": 0.5851028002502565,
  "nDCG@5_ci95_high": 0.6289189133356285,
  "nDCG@10": 0.6330598451535895,
  "nDCG@10_std": 0.403586141529772,
  "nDCG@10_stderr": 0.010476574228758178,
  "nDCG@10_ci90_low": 0.6158166426812337,
  "nDCG@10_ci90_high": 0.6503030476259453,
  "nDCG@10_ci95_low": 0.6125093647470418,
  "nDCG@10_ci95_high": 0.6536103255601372,
  "nDCG@100": 0.6683827273955996,
  "nDCG@100_std": 0.354764823343475,
  "nDCG@100_stderr": 0.009209235954986378,
  "nDCG@100_ci90_low": 0.6532254138768702,
  "nDCG@100_ci90_high": 0.683540040914329,
  "nDCG@100_ci95_low": 0.650318213278693,
  "nDCG@100_ci95_high": 0.6864472415125061,
  "RR@1": 0.5,
  "RR@3": 0.567385444743936,
  "RR@5": 0.5804919137466316,
  "RR@10": 0.5906524087622477,
  "RR@100": 0.5980402452481592,
  "P@1": 0.5,
  "P@3": 0.22349505840071787,
  "P@5": 0.14757412398921585,
  "P@10": 0.08247978436657516,
  "P@100": 0.009973045822102247,
  "R@1": 0.4856244384546271,
  "R@3": 0.6431940700808625,
  "R@5": 0.7021563342318059,
  "R@10": 0.7802672955974842,
  "R@100": 0.9382300089847259,
  "AP": 0.5915631708592608
}