{
  "nDCG@1": 0.6442048517520216,
  "nDCG@1_std": 0.4789149357254043,
  "nDCG@1_stderr": 0.012432012294500513,
  "nDCG@1_ci90_low": 0.6237432294266197,
  "nDCG@1_ci90_high": 0.6646664740774234,
  "nDCG@1_ci95_low": 0.6198186526478535,
  "nDCG@1_ci95_high": 0.6685910508561896,
  "nDCG@3": 0.7216780565791938,
  "nDCG@3_std": 0.4053105664772635,
  "nDCG@3_stderr": 0.010521338069993754,
  "nDCG@3_ci90_low": 0.7043611781168616,
  "nDCG@3_ci90_high": 0.738994935041526,
  "nDCG@3_ci95_low": 0.7010397689923459,
  "nDCG@3_ci95_high": 0.7423163441660418,
  "nDCG@5": 0.7454664234635148,
  "nDCG@5_std": 0.3751610542098408,
  "nDCG@5_stderr": 0.009738695727436486,
  "nDCG@5_ci90_low": 0.7294376817605356,
  "nDCG@5_ci90_high": 0.761495165166494,
  "nDCG@5_ci95_low": 0.7263633396345811,
  "nDCG@5_ci95_high": 0.7645695072924484,
  "nDCG@10": 0.7646648510545031,
  "nDCG@10_std": 0.34547796735448344,
  "nDCG@10_stderr": 0.008968161185293673,
  "nDCG@10_ci90_low": 0.7499043181029725,
  "nDCG@10_ci90_high": 0.7794253840060337,
  "nDCG@10_ci95_low": 0.7470732207470276,
  "nDCG@10_ci95_high": 0.7822564813619786,
  "nDCG@100": 0.7848570207334993,
  "nDCG@100_std": 0.30520861158584783,
  "nDCG@100_stderr": 0.007922820794627012,
  "nDCG@100_ci90_low": 0.7718169944681447,
  "nDCG@100_ci90_high": 0.7978970469988539,
  "nDCG@100_ci95_low": 0.7693158934575968,
  "nDCG@100_ci95_high": 0.8003981480094018,
  "RR@1": 0.6442048517520216,
  "RR@3": 0.7077717879604678,
  "RR@5": 0.7202044025157242,
  "RR@10": 0.727728575707013,
  "RR@100": 0.7316570558364421,
  "P@1": 0.6442048517520216,
  "P@3": 0.2720125786163488,
  "P@5": 0.17587601078166734,
  "P@10": 0.09447439353099511,
  "P@100": 0.010438005390835392,
  "R@1": 0.6256738544474394,
  "R@3": 0.7766172506738545,
  "R@5": 0.8331648697214734,
  "R@10": 0.889937106918239,
  "R@100": 0.9823674752920035,
  "AP": 0.7265968649925468
}