{
  "nDCG@1": 0.6044474393530997,
  "nDCG@1_std": 0.4891338808602828,
  "nDCG@1_stderr": 0.012697282892840086,
  "nDCG@1_ci90_low": 0.5835492129873642,
  "nDCG@1_ci90_high": 0.6253456657188353,
  "nDCG@1_ci95_low": 0.5795408947510068,
  "nDCG@1_ci95_high": 0.6293539839551927,
  "nDCG@3": 0.6829613700412303,
  "nDCG@3_std": 0.4209963658035638,
  "nDCG@3_stderr": 0.010928521132218073,
  "nDCG@3_ci90_low": 0.6649743164021714,
  "nDCG@3_ci90_high": 0.7009484236802891,
  "nDCG@3_ci95_low": 0.661524366446706,
  "nDCG@3_ci95_high": 0.7043983736357545,
  "nDCG@5": 0.7081574522700758,
  "nDCG@5_std": 0.3933902386401467,
  "nDCG@5_stderr": 0.010211901777302137,
  "nDCG@5_ci90_low": 0.691349869359006,
  "nDCG@5_ci90_high": 0.7249650351811455,
  "nDCG@5_ci95_low": 0.6881261440575139,
  "nDCG@5_ci95_high": 0.7281887604826376,
  "nDCG@10": 0.7319147681556922,
  "nDCG@10_std": 0.36040097867161974,
  "nDCG@10_stderr": 0.00935554325740341,
  "nDCG@10_ci90_low": 0.7165166501159739,
  "nDCG@10_ci90_high": 0.7473128861954106,
  "nDCG@10_ci95_low": 0.7135632627679748,
  "nDCG@10_ci95_high": 0.7502662735434097,
  "nDCG@100": 0.7541676395932608,
  "nDCG@100_std": 0.31984535337406045,
  "nDCG@100_stderr": 0.008302771680031892,
  "nDCG@100_ci90_low": 0.7405022590944008,
  "nDCG@100_ci90_high": 0.7678330200921208,
  "nDCG@100_ci95_low": 0.7378812139922121,
  "nDCG@100_ci95_high": 0.7704540651943096,
  "RR@1": 0.6044474393530997,
  "RR@3": 0.6688005390835587,
  "RR@5": 0.6816037735849068,
  "RR@10": 0.6909016279467769,
  "RR@100": 0.695294033642854,
  "P@1": 0.6044474393530997,
  "P@3": 0.259433962264148,
  "P@5": 0.16913746630727405,
  "P@10": 0.09258760107816501,
  "P@100": 0.010363881401617064,
  "R@1": 0.5863656783468104,
  "R@3": 0.7419137466307277,
  "R@5": 0.8021114106019768,
  "R@10": 0.8730907457322552,
  "R@100": 0.9752920035938903,
  "AP": 0.6893798693088864
}