nDCG@1,nDCG@1_std,nDCG@1_stderr,nDCG@1_ci90_low,nDCG@1_ci90_high,nDCG@1_ci95_low,nDCG@1_ci95_high,nDCG@3,nDCG@3_std,nDCG@3_stderr,nDCG@3_ci90_low,nDCG@3_ci90_high,nDCG@3_ci95_low,nDCG@3_ci95_high,nDCG@5,nDCG@5_std,nDCG@5_stderr,nDCG@5_ci90_low,nDCG@5_ci90_high,nDCG@5_ci95_low,nDCG@5_ci95_high,nDCG@10,nDCG@10_std,nDCG@10_stderr,nDCG@10_ci90_low,nDCG@10_ci90_high,nDCG@10_ci95_low,nDCG@10_ci95_high,nDCG@100,nDCG@100_std,nDCG@100_stderr,nDCG@100_ci90_low,nDCG@100_ci90_high,nDCG@100_ci95_low,nDCG@100_ci95_high,RR@1,RR@3,RR@5,RR@10,RR@100,P@1,P@3,P@5,P@10,P@100,R@1,R@3,R@5,R@10,R@100,AP
0.6340970350404312,0.48184482665096606,0.012508068473356072,0.6135102332372111,0.6546838368436514,0.6095616468044688,0.6586324232763937,0.7117203520347543,0.4100011398449184,0.01064309928774867,0.6942030690045562,0.7292376350649523,0.6908432219154991,0.7325974821540094,0.7338589969705194,0.3827497489773116,0.009935688428249857,0.7175060285736294,0.7502119653674093,0.7143694991717229,0.7533484947693159,0.7548547211396517,0.3515272458012274,0.009125192629528893,0.739835732997679,0.7698737092816244,0.736955063461062,0.7727543788182414,0.7759668213984431,0.31104876242118323,0.008074423556559367,0.7626772749118512,0.789256367885035,0.7601283154641508,0.7918053273327353,0.6340970350404312,0.6974393530997314,0.7094002695417797,0.7176549865229114,0.7216503025029817,0.6340970350404312,0.2686433063791523,0.17304582210242214,0.09353099730458007,0.010404312668463424,0.6162398921832885,0.7676886792452831,0.820024707996406,0.8818508535489669,0.9793351302785265,0.7163290260398033
