nDCG@1,nDCG@1_std,nDCG@1_stderr,nDCG@1_ci90_low,nDCG@1_ci90_high,nDCG@1_ci95_low,nDCG@1_ci95_high,nDCG@3,nDCG@3_std,nDCG@3_stderr,nDCG@3_ci90_low,nDCG@3_ci90_high,nDCG@3_ci95_low,nDCG@3_ci95_high,nDCG@5,nDCG@5_std,nDCG@5_stderr,nDCG@5_ci90_low,nDCG@5_ci90_high,nDCG@5_ci95_low,nDCG@5_ci95_high,nDCG@10,nDCG@10_std,nDCG@10_stderr,nDCG@10_ci90_low,nDCG@10_ci90_high,nDCG@10_ci95_low,nDCG@10_ci95_high,nDCG@100,nDCG@100_std,nDCG@100_stderr,nDCG@100_ci90_low,nDCG@100_ci90_high,nDCG@100_ci95_low,nDCG@100_ci95_high,RR@1,RR@3,RR@5,RR@10,RR@100,P@1,P@3,P@5,P@10,P@100,R@1,R@3,R@5,R@10,R@100,AP
0.17318059299191374,0.37853088230835946,0.009826172106279592,0.1570078755122155,0.18935331047161197,0.15390591856760055,0.19245526741622693,0.26547953196950597,0.3912867189524634,0.010157297126938932,0.24876182185669882,0.2821972420823131,0.24555533432313623,0.2854037296158757,0.30032158320203994,0.3847884200006068,0.009988609691161941,0.2838815126635949,0.316761653740485,0.280728276910809,0.3199148894932709,0.33560183145376205,0.3705349123241574,0.009618607067616749,0.31977074148604395,0.35143292142148014,0.31673430932627655,0.35446935358124754,0.39839986641786124,0.3260332572564542,0.008463401661276026,0.3844701079621191,0.41232962487360336,0.38179835468176654,0.41500137815395594,0.17318059299191374,0.24629380053908317,0.2655997304582204,0.28021889573439396,0.29208514982085304,0.17318059299191374,0.11455525606469033,0.0859838274932623,0.05444743935309953,0.008659029649595536,0.16840745732255166,0.33249101527403413,0.41694743935309975,0.5240902964959568,0.8219339622641509,0.286724866593512
