nDCG@1,nDCG@1_std,nDCG@1_stderr,nDCG@1_ci90_low,nDCG@1_ci90_high,nDCG@1_ci95_low,nDCG@1_ci95_high,nDCG@3,nDCG@3_std,nDCG@3_stderr,nDCG@3_ci90_low,nDCG@3_ci90_high,nDCG@3_ci95_low,nDCG@3_ci95_high,nDCG@5,nDCG@5_std,nDCG@5_stderr,nDCG@5_ci90_low,nDCG@5_ci90_high,nDCG@5_ci95_low,nDCG@5_ci95_high,nDCG@10,nDCG@10_std,nDCG@10_stderr,nDCG@10_ci90_low,nDCG@10_ci90_high,nDCG@10_ci95_low,nDCG@10_ci95_high,nDCG@100,nDCG@100_std,nDCG@100_stderr,nDCG@100_ci90_low,nDCG@100_ci90_high,nDCG@100_ci95_low,nDCG@100_ci95_high,RR@1,RR@3,RR@5,RR@10,RR@100,P@1,P@3,P@5,P@10,P@100,R@1,R@3,R@5,R@10,R@100,AP
0.1664420485175202,0.37260253085394857,0.009672279770356259,0.15052261962713828,0.18236147740790212,0.14746924389960125,0.18541485313543915,0.2558549488281782,0.3877428271782064,0.010065302280210653,0.23928865135598357,0.2724212463003729,0.23611120504524824,0.2755986926111082,0.29179947948441975,0.38171414553318467,0.009908805502307879,0.2754907572051008,0.3081082017637387,0.2723627142898866,0.3112362446789529,0.3269537074099453,0.3681171280313259,0.009555844514579217,0.31122591718373405,0.3426814976361565,0.3082092981042945,0.3456981167155961,0.38891683613296224,0.32522069595234254,0.008442308620802249,0.3750217943278833,0.4028118779380412,0.3723566997649512,0.40547697250097325,0.16711590296495957,0.23775831087151816,0.25750224618149087,0.27186310058614593,0.2834711957799439,0.1664420485175202,0.11028751123090764,0.08423180592991997,0.05330188679245269,0.008551212938005242,0.1623427672955975,0.32002470799640614,0.4075134770889488,0.5146563342318059,0.8108153638814016,0.27816781186646494
