nDCG@1,nDCG@3,nDCG@5,nDCG@10,nDCG@100,RR@1,RR@3,RR@5,RR@10,RR@100,P@1,P@3,P@5,P@10,P@100,R@1,R@3,R@5,R@10,R@100,AP
0.15566037735849056,0.23772472571282102,0.2710953817285103,0.3052360848461192,0.36910508553740556,0.15566037735849056,0.22023809523809512,0.23860062893081713,0.252878588542335,0.2648799120029511,0.15566037735849056,0.10242587601078164,0.0781671159029657,0.04993261455525612,0.008301886792452686,0.15189802336028752,0.2971136567834681,0.37752695417789756,0.4819743935309973,0.7875673854447439,0.26052595383676735
