{
  "nDCG@1": 0.1725067385444744,
  "nDCG@3": 0.26416049940696096,
  "nDCG@5": 0.2977408516322452,
  "nDCG@10": 0.33548389665732886,
  "nDCG@100": 0.3971414588821739,
  "RR@1": 0.17318059299191374,
  "RR@3": 0.24606918238993677,
  "RR@5": 0.26446540880503083,
  "RR@10": 0.2803587472724937,
  "RR@100": 0.2917387499976123,
  "P@1": 0.1725067385444744,
  "P@3": 0.1136567834681045,
  "P@5": 0.08490566037735932,
  "P@10": 0.05444743935309953,
  "P@100": 0.008638814016172357,
  "R@1": 0.16773360287511233,
  "R@3": 0.3297955974842767,
  "R@5": 0.41121967654986524,
  "R@10": 0.5254380053908356,
  "R@100": 0.8199123989218329,
  "AP": 0.28579387727041733
}