nDCG@1,nDCG@3,nDCG@5,nDCG@10,nDCG@100,RR@1,RR@3,RR@5,RR@10,RR@100,P@1,P@3,P@5,P@10,P@100,R@1,R@3,R@5,R@10,R@100,AP
0.1664420485175202,0.2558549488281782,0.29179947948441975,0.3269537074099453,0.38891683613296224,0.16711590296495957,0.23775831087151816,0.25750224618149087,0.27186310058614593,0.2834711957799439,0.1664420485175202,0.11028751123090764,0.08423180592991997,0.05330188679245269,0.008551212938005242,0.1623427672955975,0.32002470799640614,0.4075134770889488,0.5146563342318059,0.8108153638814016,0.27816781186646494
