nDCG@1,nDCG@1_std,nDCG@1_stderr,nDCG@1_ci90_low,nDCG@1_ci90_high,nDCG@1_ci95_low,nDCG@1_ci95_high,nDCG@3,nDCG@3_std,nDCG@3_stderr,nDCG@3_ci90_low,nDCG@3_ci90_high,nDCG@3_ci95_low,nDCG@3_ci95_high,nDCG@5,nDCG@5_std,nDCG@5_stderr,nDCG@5_ci90_low,nDCG@5_ci90_high,nDCG@5_ci95_low,nDCG@5_ci95_high,nDCG@10,nDCG@10_std,nDCG@10_stderr,nDCG@10_ci90_low,nDCG@10_ci90_high,nDCG@10_ci95_low,nDCG@10_ci95_high,nDCG@100,nDCG@100_std,nDCG@100_stderr,nDCG@100_ci90_low,nDCG@100_ci90_high,nDCG@100_ci95_low,nDCG@100_ci95_high,RR@1,RR@3,RR@5,RR@10,RR@100,P@1,P@3,P@5,P@10,P@100,R@1,R@3,R@5,R@10,R@100,AP
0.12735849056603774,0.33348650195753826,0.008656878253559474,0.11311029251529447,0.141606688616781,0.11037746193519969,0.14433951919687577,0.1993919851460935,0.3574629019569717,0.009279274586050816,0.18411939632171925,0.21466457397046773,0.18119008570799666,0.21759388458419032,0.22666426656789165,0.35709061093493555,0.009269610392646458,0.21140758386320546,0.24192094927257785,0.20848132407248093,0.24484720906330237,0.2534926152637395,0.3515253572993635,0.009125143606463128,0.23847370780793684,0.26851152271954215,0.23559305374707545,0.27139217678040356,0.31678658954500677,0.31896960162146104,0.008280038297247003,0.30315862550630657,0.33041455358370697,0.30054475694996313,0.3330284221400504,0.1280323450134771,0.18429919137466316,0.19962938005390823,0.21080359816882702,0.22271707853630285,0.12735849056603774,0.08602875112309027,0.06536388140161781,0.04130727762803275,0.007398921832883973,0.12393306379155437,0.2505053908355795,0.3160938903863432,0.39819182389937113,0.7022686433063792,0.218618067133696
