{
  "nDCG@1": 0.12735849056603774,
  "nDCG@3": 0.1993919851460935,
  "nDCG@5": 0.22666426656789165,
  "nDCG@10": 0.2534926152637395,
  "nDCG@100": 0.31678658954500677,
  "RR@1": 0.1280323450134771,
  "RR@3": 0.18429919137466316,
  "RR@5": 0.19962938005390823,
  "RR@10": 0.21080359816882702,
  "RR@100": 0.22271707853630285,
  "P@1": 0.12735849056603774,
  "P@3": 0.08602875112309027,
  "P@5": 0.06536388140161781,
  "P@10": 0.04130727762803275,
  "P@100": 0.007398921832883973,
  "R@1": 0.12393306379155437,
  "R@3": 0.2505053908355795,
  "R@5": 0.3160938903863432,
  "R@10": 0.39819182389937113,
  "R@100": 0.7022686433063792,
  "AP": 0.218618067133696
}