{
  "nDCG@1": 0.1664420485175202,
  "nDCG@3": 0.2558549488281782,
  "nDCG@5": 0.29179947948441975,
  "nDCG@10": 0.3269537074099453,
  "nDCG@100": 0.38891683613296224,
  "RR@1": 0.16711590296495957,
  "RR@3": 0.23775831087151816,
  "RR@5": 0.25750224618149087,
  "RR@10": 0.27186310058614593,
  "RR@100": 0.2834711957799439,
  "P@1": 0.1664420485175202,
  "P@3": 0.11028751123090764,
  "P@5": 0.08423180592991997,
  "P@10": 0.05330188679245269,
  "P@100": 0.008551212938005242,
  "R@1": 0.1623427672955975,
  "R@3": 0.32002470799640614,
  "R@5": 0.4075134770889488,
  "R@10": 0.5146563342318059,
  "R@100": 0.8108153638814016,
  "AP": 0.27816781186646494
}