nDCG@1,nDCG@1_std,nDCG@1_stderr,nDCG@1_ci90_low,nDCG@1_ci90_high,nDCG@1_ci95_low,nDCG@1_ci95_high,nDCG@3,nDCG@3_std,nDCG@3_stderr,nDCG@3_ci90_low,nDCG@3_ci90_high,nDCG@3_ci95_low,nDCG@3_ci95_high,nDCG@5,nDCG@5_std,nDCG@5_stderr,nDCG@5_ci90_low,nDCG@5_ci90_high,nDCG@5_ci95_low,nDCG@5_ci95_high,nDCG@10,nDCG@10_std,nDCG@10_stderr,nDCG@10_ci90_low,nDCG@10_ci90_high,nDCG@10_ci95_low,nDCG@10_ci95_high,nDCG@100,nDCG@100_std,nDCG@100_stderr,nDCG@100_ci90_low,nDCG@100_ci90_high,nDCG@100_ci95_low,nDCG@100_ci95_high,RR@1,RR@3,RR@5,RR@10,RR@100,P@1,P@3,P@5,P@10,P@100,R@1,R@3,R@5,R@10,R@100,AP
0.14016172506738545,0.34727176847151325,0.009014725942158115,0.1253245520316864,0.15499889810308448,0.12247875496670241,0.15784469516806848,0.2134507186990466,0.36753691996514654,0.009540783063632433,0.19774771784028813,0.22915371955780509,0.1947358534070989,0.23216558399099432,0.24080016852480776,0.36645747773265,0.009512762139446235,0.22514328679417792,0.25645705025543764,0.2221402680945494,0.2594600689550661,0.27230029888944207,0.35846229546678204,0.009305217548932496,0.2569850110155566,0.28761558676332755,0.25404751064563963,0.2905530871332445,0.3374439085201392,0.32175662087963275,0.008352385712409822,0.32369686919014967,0.3511909478501288,0.32106016177402824,0.3538276552662502,0.13814016172506738,0.19755166217430373,0.21271338724168892,0.22573696145124697,0.23802270365665512,0.14016172506738545,0.09119496855345874,0.06846361185983887,0.04427223719676585,0.007803234501347576,0.13606244384546273,0.26566711590296493,0.33125561545372867,0.427504492362983,0.7405098831985625,0.2345969683692295
