{
  "nDCG@1": 0.1725067385444744,
  "nDCG@1_std": 0.3779476419412676,
  "nDCG@1_stderr": 0.009811031940723152,
  "nDCG@1_ci90_low": 0.15635893998716954,
  "nDCG@1_ci90_high": 0.18865453710177926,
  "nDCG@1_ci95_low": 0.1532617625376807,
  "nDCG@1_ci95_high": 0.1917517145512681,
  "nDCG@3": 0.26416049940696096,
  "nDCG@3_std": 0.3912023444133203,
  "nDCG@3_stderr": 0.010155106873034277,
  "nDCG@3_ci90_low": 0.24744639419311404,
  "nDCG@3_ci90_high": 0.2808746046208079,
  "nDCG@3_ci95_low": 0.24424059808579926,
  "nDCG@3_ci95_high": 0.28408040072812263,
  "nDCG@5": 0.2977408516322452,
  "nDCG@5_std": 0.3850320084989604,
  "nDCG@5_stderr": 0.009994932933517588,
  "nDCG@5_ci90_low": 0.28129037378451754,
  "nDCG@5_ci90_high": 0.3141913294799728,
  "nDCG@5_ci95_low": 0.27813514189067845,
  "nDCG@5_ci95_high": 0.3173465613738119,
  "nDCG@10": 0.33548389665732886,
  "nDCG@10_std": 0.37005479322795126,
  "nDCG@10_stderr": 0.00960614379687365,
  "nDCG@10_ci90_low": 0.3196733197596467,
  "nDCG@10_ci90_high": 0.35129447355501103,
  "nDCG@10_ci95_low": 0.31664082204442356,
  "nDCG@10_ci95_high": 0.35432697127023416,
  "nDCG@100": 0.3971414588821739,
  "nDCG@100_std": 0.32632082207903346,
  "nDCG@100_stderr": 0.008470866472128826,
  "nDCG@100_ci90_low": 0.3831994142303774,
  "nDCG@100_ci90_high": 0.4110835035339704,
  "nDCG@100_ci95_low": 0.38052530443503463,
  "nDCG@100_ci95_high": 0.41375761332931316,
  "RR@1": 0.17318059299191374,
  "RR@3": 0.24606918238993677,
  "RR@5": 0.26446540880503083,
  "RR@10": 0.2803587472724937,
  "RR@100": 0.2917387499976123,
  "P@1": 0.1725067385444744,
  "P@3": 0.1136567834681045,
  "P@5": 0.08490566037735932,
  "P@10": 0.05444743935309953,
  "P@100": 0.008638814016172357,
  "R@1": 0.16773360287511233,
  "R@3": 0.3297955974842767,
  "R@5": 0.41121967654986524,
  "R@10": 0.5254380053908356,
  "R@100": 0.8199123989218329,
  "AP": 0.28579387727041733
}