nDCG@1,nDCG@3,nDCG@5,nDCG@10,nDCG@100,RR@1,RR@3,RR@5,RR@10,RR@100,P@1,P@3,P@5,P@10,P@100,R@1,R@3,R@5,R@10,R@100,AP
0.17318059299191374,0.26547953196950597,0.30032158320203994,0.33560183145376205,0.39839986641786124,0.17318059299191374,0.24629380053908317,0.2655997304582204,0.28021889573439396,0.29208514982085304,0.17318059299191374,0.11455525606469033,0.0859838274932623,0.05444743935309953,0.008659029649595536,0.16840745732255166,0.33249101527403413,0.41694743935309975,0.5240902964959568,0.8219339622641509,0.286724866593512
