{
  "nDCG@1": 0.15566037735849056,
  "nDCG@3": 0.23772472571282102,
  "nDCG@5": 0.2710953817285103,
  "nDCG@10": 0.3052360848461192,
  "nDCG@100": 0.36910508553740556,
  "RR@1": 0.15566037735849056,
  "RR@3": 0.22023809523809512,
  "RR@5": 0.23860062893081713,
  "RR@10": 0.252878588542335,
  "RR@100": 0.2648799120029511,
  "P@1": 0.15566037735849056,
  "P@3": 0.10242587601078164,
  "P@5": 0.0781671159029657,
  "P@10": 0.04993261455525612,
  "P@100": 0.008301886792452686,
  "R@1": 0.15189802336028752,
  "R@3": 0.2971136567834681,
  "R@5": 0.37752695417789756,
  "R@10": 0.4819743935309973,
  "R@100": 0.7875673854447439,
  "AP": 0.26052595383676735
}