nDCG@1,nDCG@1_std,nDCG@1_stderr,nDCG@1_ci90_low,nDCG@1_ci90_high,nDCG@1_ci95_low,nDCG@1_ci95_high,nDCG@3,nDCG@3_std,nDCG@3_stderr,nDCG@3_ci90_low,nDCG@3_ci90_high,nDCG@3_ci95_low,nDCG@3_ci95_high,nDCG@5,nDCG@5_std,nDCG@5_stderr,nDCG@5_ci90_low,nDCG@5_ci90_high,nDCG@5_ci95_low,nDCG@5_ci95_high,nDCG@10,nDCG@10_std,nDCG@10_stderr,nDCG@10_ci90_low,nDCG@10_ci90_high,nDCG@10_ci95_low,nDCG@10_ci95_high,nDCG@100,nDCG@100_std,nDCG@100_stderr,nDCG@100_ci90_low,nDCG@100_ci90_high,nDCG@100_ci95_low,nDCG@100_ci95_high,RR@1,RR@3,RR@5,RR@10,RR@100,P@1,P@3,P@5,P@10,P@100,R@1,R@3,R@5,R@10,R@100,AP
0.10175202156334232,0.3024238392044751,0.007850531705479745,0.08883097459155169,0.11467306853513294,0.08635269402824156,0.11715134909844307,0.1627082613532195,0.3297277259850145,0.008559305290979159,0.1486206568622471,0.1767958658441919,0.14591862842215242,0.17949789428428659,0.1862553847737993,0.33182402828094054,0.008613722587187447,0.17207821584735122,0.20043255370024737,0.16935900878387658,0.20315176076372202,0.21338957474693168,0.328784759641251,0.008534827104344174,0.19934225845695772,0.22743689103690565,0.19664795736788057,0.2301311921259828,0.2693792621228184,0.305892917385082,0.007940584488082075,0.2563099989183447,0.28244852532729203,0.25380329020912445,0.2849552340365123,0.10242587601078167,0.1501572327044027,0.16346585804132982,0.17485533521584734,0.18534133387786583,0.10175202156334232,0.07142857142857116,0.054582210242588004,0.03598382749326178,0.006455525606468896,0.09883198562443844,0.20788409703504043,0.26454402515723274,0.34731581311769993,0.6168014375561545,0.18078113685724612
