nDCG@1,nDCG@3,nDCG@5,nDCG@10,nDCG@100,RR@1,RR@3,RR@5,RR@10,RR@100,P@1,P@3,P@5,P@10,P@100,R@1,R@3,R@5,R@10,R@100,AP
0.13814016172506738,0.21252797802653592,0.24263849990573053,0.27801453349881017,0.3430016366594112,0.13679245283018868,0.19654088050314475,0.21308400718778056,0.2277841954391817,0.23950957608953433,0.13814016172506738,0.09186882300089813,0.07021563342318121,0.04649595687331561,0.008025606469002558,0.1343216531895777,0.26723944294699015,0.33990341419586706,0.4490678346810422,0.7639263252470798,0.23523245748087346
