{
  "nDCG@1": 0.10175202156334232,
  "nDCG@3": 0.1627082613532195,
  "nDCG@5": 0.1862553847737993,
  "nDCG@10": 0.21338957474693168,
  "nDCG@100": 0.2693792621228184,
  "RR@1": 0.10242587601078167,
  "RR@3": 0.1501572327044027,
  "RR@5": 0.16346585804132982,
  "RR@10": 0.17485533521584734,
  "RR@100": 0.18534133387786583,
  "P@1": 0.10175202156334232,
  "P@3": 0.07142857142857116,
  "P@5": 0.054582210242588004,
  "P@10": 0.03598382749326178,
  "P@100": 0.006455525606468896,
  "R@1": 0.09883198562443844,
  "R@3": 0.20788409703504043,
  "R@5": 0.26454402515723274,
  "R@10": 0.34731581311769993,
  "R@100": 0.6168014375561545,
  "AP": 0.18078113685724612
}