{
  "nDCG@1": 0.13140161725067384,
  "nDCG@3": 0.2017746021167703,
  "nDCG@5": 0.2335875686442832,
  "nDCG@10": 0.2673982585417812,
  "nDCG@100": 0.33226062307281495,
  "RR@1": 0.13140161725067384,
  "RR@3": 0.186657681940701,
  "RR@5": 0.20421159029649588,
  "RR@10": 0.2181686668378043,
  "RR@100": 0.22995049077397278,
  "P@1": 0.13140161725067384,
  "P@3": 0.08760107816711546,
  "P@5": 0.06846361185983887,
  "P@10": 0.04508086253369304,
  "P@100": 0.007863881401617116,
  "R@1": 0.12825696316262353,
  "R@3": 0.25409928122192277,
  "R@5": 0.33125561545372867,
  "R@10": 0.43536612758310866,
  "R@100": 0.7489330637915542,
  "AP": 0.22581105540555932
}