nDCG@1,nDCG@3,nDCG@5,nDCG@10,nDCG@100,RR@1,RR@3,RR@5,RR@10,RR@100,P@1,P@3,P@5,P@10,P@100,R@1,R@3,R@5,R@10,R@100,AP
0.1293800539083558,0.1972164700203124,0.22640798742801999,0.2595415010490347,0.3228316588497647,0.12870619946091644,0.18283917340521136,0.19887690925426765,0.21292570487314413,0.22479722151955223,0.1293800539083558,0.08513027852650447,0.06563342318059355,0.04353099730458262,0.0075808625336925934,0.12556154537286612,0.2478099730458221,0.3183400718778077,0.41975516621743036,0.7238319856244384,0.22008153585586945
