nDCG@1,nDCG@1_std,nDCG@1_stderr,nDCG@1_ci90_low,nDCG@1_ci90_high,nDCG@1_ci95_low,nDCG@1_ci95_high,nDCG@3,nDCG@3_std,nDCG@3_stderr,nDCG@3_ci90_low,nDCG@3_ci90_high,nDCG@3_ci95_low,nDCG@3_ci95_high,nDCG@5,nDCG@5_std,nDCG@5_stderr,nDCG@5_ci90_low,nDCG@5_ci90_high,nDCG@5_ci95_low,nDCG@5_ci95_high,nDCG@10,nDCG@10_std,nDCG@10_stderr,nDCG@10_ci90_low,nDCG@10_ci90_high,nDCG@10_ci95_low,nDCG@10_ci95_high,nDCG@100,nDCG@100_std,nDCG@100_stderr,nDCG@100_ci90_low,nDCG@100_ci90_high,nDCG@100_ci95_low,nDCG@100_ci95_high,RR@1,RR@3,RR@5,RR@10,RR@100,P@1,P@3,P@5,P@10,P@100,R@1,R@3,R@5,R@10,R@100,AP
0.1293800539083558,0.3357332427433082,0.00871520073838434,0.11503586394340784,0.14372424387330376,0.11228462193769656,0.14647548587901504,0.1972164700203124,0.35618378652268734,0.009246070403807006,0.18199853135398195,0.21243440868664284,0.1790797027410413,0.2153532372995835,0.22640798742801999,0.35614195889504585,0.009244984612694017,0.21119183584548193,0.24162413901055804,0.20827334999849803,0.24454262485754194,0.2595415010490347,0.3485956015759132,0.00904909093727951,0.2446477672945452,0.2744352348035241,0.24179112177971568,0.27729188031835367,0.3228316588497647,0.31471731370802475,0.008169654402997552,0.3093853736496495,0.33627794404987993,0.306806351428546,0.33885696627098344,0.12870619946091644,0.18283917340521136,0.19887690925426765,0.21292570487314413,0.22479722151955223,0.1293800539083558,0.08513027852650447,0.06563342318059355,0.04353099730458262,0.0075808625336925934,0.12556154537286612,0.2478099730458221,0.3183400718778077,0.41975516621743036,0.7238319856244384,0.22008153585586945
