nDCG@1,nDCG@3,nDCG@5,nDCG@10,nDCG@100,RR@1,RR@3,RR@5,RR@10,RR@100,P@1,P@3,P@5,P@10,P@100,R@1,R@3,R@5,R@10,R@100,AP
0.12668463611859837,0.19678748343331284,0.22781203427411265,0.2607931603787651,0.3260851014148129,0.12735849056603774,0.18227762803234518,0.19942722371967656,0.2130586039447225,0.22515672059082112,0.12668463611859837,0.08557951482479736,0.06684636118598442,0.04400269541779013,0.007762803234501216,0.12342767295597484,0.24915768194070081,0.3238432165318958,0.4249213836477987,0.7393306379155434,0.22049255777505392
