nDCG@1,nDCG@1_std,nDCG@1_stderr,nDCG@1_ci90_low,nDCG@1_ci90_high,nDCG@1_ci95_low,nDCG@1_ci95_high,nDCG@3,nDCG@3_std,nDCG@3_stderr,nDCG@3_ci90_low,nDCG@3_ci90_high,nDCG@3_ci95_low,nDCG@3_ci95_high,nDCG@5,nDCG@5_std,nDCG@5_stderr,nDCG@5_ci90_low,nDCG@5_ci90_high,nDCG@5_ci95_low,nDCG@5_ci95_high,nDCG@10,nDCG@10_std,nDCG@10_stderr,nDCG@10_ci90_low,nDCG@10_ci90_high,nDCG@10_ci95_low,nDCG@10_ci95_high,nDCG@100,nDCG@100_std,nDCG@100_stderr,nDCG@100_ci90_low,nDCG@100_ci90_high,nDCG@100_ci95_low,nDCG@100_ci95_high,RR@1,RR@3,RR@5,RR@10,RR@100,P@1,P@3,P@5,P@10,P@100,R@1,R@3,R@5,R@10,R@100,AP
0.11185983827493262,0.31530018325493275,0.008184784942541646,0.09838864999570224,0.125331026554163,0.09580485131824248,0.12791482523162276,0.17315371559991183,0.3390369622691144,0.008800961024185813,0.15866837434448738,0.18763905685533627,0.15589005926176944,0.19041737193805422,0.1988397899547054,0.34037206584779794,0.008835618586242183,0.1842974064499075,0.21338217345950328,0.18150815055889297,0.2161714293505178,0.22889137315053767,0.33604106449390075,0.008723191392887703,0.21453403151306016,0.24324871478801519,0.21178026699237962,0.24600247930869573,0.28877065844651056,0.3087204693730627,0.008013984080484995,0.2755805881914155,0.3019607287016056,0.2730507084677938,0.30449060842522735,0.11118598382749326,0.15914195867026074,0.17430368373764604,0.18678416335087486,0.1977739863903594,0.11185983827493262,0.07524707996406077,0.057951482479784815,0.038611859838275295,0.006940700808625222,0.1082659478885894,0.21933962264150944,0.28105345911949686,0.3725853548966756,0.6628481581311769,0.19381666672725004
