{
  "nDCG@1": 0.10175202156334232,
  "nDCG@1_std": 0.3024238392044751,
  "nDCG@1_stderr": 0.007850531705479745,
  "nDCG@1_ci90_low": 0.08883097459155169,
  "nDCG@1_ci90_high": 0.11467306853513294,
  "nDCG@1_ci95_low": 0.08635269402824156,
  "nDCG@1_ci95_high": 0.11715134909844307,
  "nDCG@3": 0.1627082613532195,
  "nDCG@3_std": 0.3297277259850145,
  "nDCG@3_stderr": 0.008559305290979159,
  "nDCG@3_ci90_low": 0.1486206568622471,
  "nDCG@3_ci90_high": 0.1767958658441919,
  "nDCG@3_ci95_low": 0.14591862842215242,
  "nDCG@3_ci95_high": 0.17949789428428659,
  "nDCG@5": 0.1862553847737993,
  "nDCG@5_std": 0.33182402828094054,
  "nDCG@5_stderr": 0.008613722587187447,
  "nDCG@5_ci90_low": 0.17207821584735122,
  "nDCG@5_ci90_high": 0.20043255370024737,
  "nDCG@5_ci95_low": 0.16935900878387658,
  "nDCG@5_ci95_high": 0.20315176076372202,
  "nDCG@10": 0.21338957474693168,
  "nDCG@10_std": 0.328784759641251,
  "nDCG@10_stderr": 0.008534827104344174,
  "nDCG@10_ci90_low": 0.19934225845695772,
  "nDCG@10_ci90_high": 0.22743689103690565,
  "nDCG@10_ci95_low": 0.19664795736788057,
  "nDCG@10_ci95_high": 0.2301311921259828,
  "nDCG@100": 0.2693792621228184,
  "nDCG@100_std": 0.305892917385082,
  "nDCG@100_stderr": 0.007940584488082075,
  "nDCG@100_ci90_low": 0.2563099989183447,
  "nDCG@100_ci90_high": 0.28244852532729203,
  "nDCG@100_ci95_low": 0.25380329020912445,
  "nDCG@100_ci95_high": 0.2849552340365123,
  "RR@1": 0.10242587601078167,
  "RR@3": 0.1501572327044027,
  "RR@5": 0.16346585804132982,
  "RR@10": 0.17485533521584734,
  "RR@100": 0.18534133387786583,
  "P@1": 0.10175202156334232,
  "P@3": 0.07142857142857116,
  "P@5": 0.054582210242588004,
  "P@10": 0.03598382749326178,
  "P@100": 0.006455525606468896,
  "R@1": 0.09883198562443844,
  "R@3": 0.20788409703504043,
  "R@5": 0.26454402515723274,
  "R@10": 0.34731581311769993,
  "R@100": 0.6168014375561545,
  "AP": 0.18078113685724612
}