{
  "nDCG@1": 0.13544474393530997,
  "nDCG@3": 0.21195198266848464,
  "nDCG@5": 0.2435443360716759,
  "nDCG@10": 0.2758139259687569,
  "nDCG@100": 0.34250988125631926,
  "RR@1": 0.1347708894878706,
  "RR@3": 0.19530548068283923,
  "RR@5": 0.21255615453728635,
  "RR@10": 0.22599901595858435,
  "RR@100": 0.2382116694522511,
  "P@1": 0.13544474393530997,
  "P@3": 0.09231805929919105,
  "P@5": 0.07142857142857208,
  "P@10": 0.046024258760108086,
  "P@100": 0.008039083557951344,
  "R@1": 0.13230008984725963,
  "R@3": 0.2683625336927224,
  "R@5": 0.3457434860736748,
  "R@10": 0.4446877807726864,
  "R@100": 0.765779424977538,
  "AP": 0.23411673907447442
}