nDCG@1,nDCG@1_std,nDCG@1_stderr,nDCG@1_ci90_low,nDCG@1_ci90_high,nDCG@1_ci95_low,nDCG@1_ci95_high,nDCG@3,nDCG@3_std,nDCG@3_stderr,nDCG@3_ci90_low,nDCG@3_ci90_high,nDCG@3_ci95_low,nDCG@3_ci95_high,nDCG@5,nDCG@5_std,nDCG@5_stderr,nDCG@5_ci90_low,nDCG@5_ci90_high,nDCG@5_ci95_low,nDCG@5_ci95_high,nDCG@10,nDCG@10_std,nDCG@10_stderr,nDCG@10_ci90_low,nDCG@10_ci90_high,nDCG@10_ci95_low,nDCG@10_ci95_high,nDCG@100,nDCG@100_std,nDCG@100_stderr,nDCG@100_ci90_low,nDCG@100_ci90_high,nDCG@100_ci95_low,nDCG@100_ci95_high,RR@1,RR@3,RR@5,RR@10,RR@100,P@1,P@3,P@5,P@10,P@100,R@1,R@3,R@5,R@10,R@100,AP
0.13140161725067384,0.33795294736084847,0.00877282139925102,0.11696259049077551,0.14584064401057217,0.11419315861344428,0.1486100758879034,0.2017746021167703,0.35876237328022914,0.009313007180843704,0.1864464934297739,0.21710271080376672,0.18350653400433237,0.22004267022920826,0.2335875686442832,0.35789298725864793,0.0092904390442025,0.21829660444183213,0.24887853284673428,0.215363769396813,0.2518113678917534,0.2673982585417812,0.3495854063105368,0.009074784987959631,0.2524622354178339,0.28233428166572844,0.24959747872419735,0.285199038359365,0.33226062307281495,0.3131454398388996,0.008128850590444141,0.3188814961236833,0.34563975002194663,0.3163153549785825,0.3482058911670474,0.13140161725067384,0.186657681940701,0.20421159029649588,0.2181686668378043,0.22995049077397278,0.13140161725067384,0.08760107816711546,0.06846361185983887,0.04508086253369304,0.007863881401617116,0.12825696316262353,0.25409928122192277,0.33125561545372867,0.43536612758310866,0.7489330637915542,0.22581105540555932
