{
  "nDCG@1": 0.11185983827493262,
  "nDCG@3": 0.17315371559991183,
  "nDCG@5": 0.1988397899547054,
  "nDCG@10": 0.22889137315053767,
  "nDCG@100": 0.28877065844651056,
  "RR@1": 0.11118598382749326,
  "RR@3": 0.15914195867026074,
  "RR@5": 0.17430368373764604,
  "RR@10": 0.18678416335087486,
  "RR@100": 0.1977739863903594,
  "P@1": 0.11185983827493262,
  "P@3": 0.07524707996406077,
  "P@5": 0.057951482479784815,
  "P@10": 0.038611859838275295,
  "P@100": 0.006940700808625222,
  "R@1": 0.1082659478885894,
  "R@3": 0.21933962264150944,
  "R@5": 0.28105345911949686,
  "R@10": 0.3725853548966756,
  "R@100": 0.6628481581311769,
  "AP": 0.19381666672725004
}