{
  "nDCG@1": 0.13814016172506738,
  "nDCG@1_std": 0.3451633510946396,
  "nDCG@1_stderr": 0.008959994154118285,
  "nDCG@1_ci90_low": 0.12339307074121447,
  "nDCG@1_ci90_high": 0.15288725270892028,
  "nDCG@1_ci95_low": 0.12056455157938187,
  "nDCG@1_ci95_high": 0.1557157718707529,
  "nDCG@3": 0.21252797802653592,
  "nDCG@3_std": 0.36495883473127144,
  "nDCG@3_stderr": 0.009473859305501445,
  "nDCG@3_ci90_low": 0.19693512576086392,
  "nDCG@3_ci90_high": 0.22812083029220792,
  "nDCG@3_ci95_low": 0.1939443880303264,
  "nDCG@3_ci95_high": 0.23111156802274543,
  "nDCG@5": 0.24263849990573053,
  "nDCG@5_std": 0.3637118003173459,
  "nDCG@5_stderr": 0.009441487905051999,
  "nDCG@5_ci90_low": 0.22709892713773355,
  "nDCG@5_ci90_high": 0.2581780726737275,
  "nDCG@5_ci95_low": 0.22411840851279943,
  "nDCG@5_ci95_high": 0.2611585912986616,
  "nDCG@10": 0.27801453349881017,
  "nDCG@10_std": 0.35383975981684224,
  "nDCG@10_stderr": 0.009185222502328293,
  "nDCG@10_ci90_low": 0.2628967432839015,
  "nDCG@10_ci90_high": 0.29313232371371883,
  "nDCG@10_ci95_low": 0.25999712332805697,
  "nDCG@10_ci95_high": 0.29603194366956337,
  "nDCG@100": 0.3430016366594112,
  "nDCG@100_std": 0.31590834389184386,
  "nDCG@100_stderr": 0.008200572006070283,
  "nDCG@100_ci90_low": 0.32950446474021183,
  "nDCG@100_ci90_high": 0.35649880857861055,
  "nDCG@100_ci95_low": 0.3269156823528376,
  "nDCG@100_ci95_high": 0.3590875909659848,
  "RR@1": 0.13679245283018868,
  "RR@3": 0.19654088050314475,
  "RR@5": 0.21308400718778056,
  "RR@10": 0.2277841954391817,
  "RR@100": 0.23950957608953433,
  "P@1": 0.13814016172506738,
  "P@3": 0.09186882300089813,
  "P@5": 0.07021563342318121,
  "P@10": 0.04649595687331561,
  "P@100": 0.008025606469002558,
  "R@1": 0.1343216531895777,
  "R@3": 0.26723944294699015,
  "R@5": 0.33990341419586706,
  "R@10": 0.4490678346810422,
  "R@100": 0.7639263252470798,
  "AP": 0.23523245748087346
}