{
  "nDCG@1": 0.13140161725067384,
  "nDCG@1_std": 0.33795294736084847,
  "nDCG@1_stderr": 0.00877282139925102,
  "nDCG@1_ci90_low": 0.11696259049077551,
  "nDCG@1_ci90_high": 0.14584064401057217,
  "nDCG@1_ci95_low": 0.11419315861344428,
  "nDCG@1_ci95_high": 0.1486100758879034,
  "nDCG@3": 0.2017746021167703,
  "nDCG@3_std": 0.35876237328022914,
  "nDCG@3_stderr": 0.009313007180843704,
  "nDCG@3_ci90_low": 0.1864464934297739,
  "nDCG@3_ci90_high": 0.21710271080376672,
  "nDCG@3_ci95_low": 0.18350653400433237,
  "nDCG@3_ci95_high": 0.22004267022920826,
  "nDCG@5": 0.2335875686442832,
  "nDCG@5_std": 0.35789298725864793,
  "nDCG@5_stderr": 0.0092904390442025,
  "nDCG@5_ci90_low": 0.21829660444183213,
  "nDCG@5_ci90_high": 0.24887853284673428,
  "nDCG@5_ci95_low": 0.215363769396813,
  "nDCG@5_ci95_high": 0.2518113678917534,
  "nDCG@10": 0.2673982585417812,
  "nDCG@10_std": 0.3495854063105368,
  "nDCG@10_stderr": 0.009074784987959631,
  "nDCG@10_ci90_low": 0.2524622354178339,
  "nDCG@10_ci90_high": 0.28233428166572844,
  "nDCG@10_ci95_low": 0.24959747872419735,
  "nDCG@10_ci95_high": 0.285199038359365,
  "nDCG@100": 0.33226062307281495,
  "nDCG@100_std": 0.3131454398388996,
  "nDCG@100_stderr": 0.008128850590444141,
  "nDCG@100_ci90_low": 0.3188814961236833,
  "nDCG@100_ci90_high": 0.34563975002194663,
  "nDCG@100_ci95_low": 0.3163153549785825,
  "nDCG@100_ci95_high": 0.3482058911670474,
  "RR@1": 0.13140161725067384,
  "RR@3": 0.186657681940701,
  "RR@5": 0.20421159029649588,
  "RR@10": 0.2181686668378043,
  "RR@100": 0.22995049077397278,
  "P@1": 0.13140161725067384,
  "P@3": 0.08760107816711546,
  "P@5": 0.06846361185983887,
  "P@10": 0.04508086253369304,
  "P@100": 0.007863881401617116,
  "R@1": 0.12825696316262353,
  "R@3": 0.25409928122192277,
  "R@5": 0.33125561545372867,
  "R@10": 0.43536612758310866,
  "R@100": 0.7489330637915542,
  "AP": 0.22581105540555932
}