nDCG@1,nDCG@1_std,nDCG@1_stderr,nDCG@1_ci90_low,nDCG@1_ci90_high,nDCG@1_ci95_low,nDCG@1_ci95_high,nDCG@3,nDCG@3_std,nDCG@3_stderr,nDCG@3_ci90_low,nDCG@3_ci90_high,nDCG@3_ci95_low,nDCG@3_ci95_high,nDCG@5,nDCG@5_std,nDCG@5_stderr,nDCG@5_ci90_low,nDCG@5_ci90_high,nDCG@5_ci95_low,nDCG@5_ci95_high,nDCG@10,nDCG@10_std,nDCG@10_stderr,nDCG@10_ci90_low,nDCG@10_ci90_high,nDCG@10_ci95_low,nDCG@10_ci95_high,nDCG@100,nDCG@100_std,nDCG@100_stderr,nDCG@100_ci90_low,nDCG@100_ci90_high,nDCG@100_ci95_low,nDCG@100_ci95_high,RR@1,RR@3,RR@5,RR@10,RR@100,P@1,P@3,P@5,P@10,P@100,R@1,R@3,R@5,R@10,R@100,AP
0.6886792452830188,0.4631897174045883,0.012023805966163783,0.6688894823093777,0.7084690082566599,0.6650937693894291,0.7122647211766086,0.7689809754231917,0.3735801827380874,0.009697658348756504,0.7530197763934244,0.7849421744529589,0.7499583890763628,0.7880035617700205,0.7910586698175335,0.3401518123942065,0.008829901091466608,0.7765256966331225,0.8055916430019444,0.7737382456588582,0.8083790939762088,0.8087195905817566,0.3072147945877339,0.007974898710523887,0.7955938502243199,0.8218453309391932,0.7930763090933335,0.8243628720701797,0.8224642281868397,0.2763688957663542,0.0071741790737444135,0.810656377677659,0.8342720786960205,0.8083916102423836,0.8365368461312959,0.6873315363881402,0.7544923629829295,0.766150044923631,0.772716916955462,0.7754116072752828,0.6886792452830188,0.28840970350403894,0.18504043126684216,0.098517520215631,0.0105323450134769,0.6685197663971248,0.8246293800539084,0.8775831087151842,0.9309299191374663,0.9906783468104222,0.770306090764331
