nDCG@1,nDCG@1_std,nDCG@1_stderr,nDCG@1_ci90_low,nDCG@1_ci90_high,nDCG@1_ci95_low,nDCG@1_ci95_high,nDCG@3,nDCG@3_std,nDCG@3_stderr,nDCG@3_ci90_low,nDCG@3_ci90_high,nDCG@3_ci95_low,nDCG@3_ci95_high,nDCG@5,nDCG@5_std,nDCG@5_stderr,nDCG@5_ci90_low,nDCG@5_ci90_high,nDCG@5_ci95_low,nDCG@5_ci95_high,nDCG@10,nDCG@10_std,nDCG@10_stderr,nDCG@10_ci90_low,nDCG@10_ci90_high,nDCG@10_ci95_low,nDCG@10_ci95_high,nDCG@100,nDCG@100_std,nDCG@100_stderr,nDCG@100_ci90_low,nDCG@100_ci90_high,nDCG@100_ci95_low,nDCG@100_ci95_high,RR@1,RR@3,RR@5,RR@10,RR@100,P@1,P@3,P@5,P@10,P@100,R@1,R@3,R@5,R@10,R@100,AP
0.7183288409703504,0.44996550068220237,0.011680522404483206,0.699104082150762,0.7375535997899388,0.6954167380662672,0.7412409438744336,0.7972445182725644,0.3535488171374594,0.00917767000668185,0.7821391585725129,0.8123498779726158,0.7792419228122703,0.8152471137328584,0.8130320243163074,0.32704853754981633,0.008489757024510465,0.799058888048834,0.8270051605837808,0.7963788148244454,0.8296852338081694,0.8282300681589615,0.2966416015610638,0.007700432295103808,0.8155560670694965,0.8409040692484265,0.8131251703605868,0.8433349659573361,0.8409300150515563,0.26646208641191427,0.006917011116543164,0.8295454325934194,0.8523145975096932,0.8273618487484725,0.8544981813546401,0.7210242587601078,0.7834681042228215,0.7915880503144662,0.7976083515167077,0.8002159140445143,0.7183288409703504,0.2987421383647752,0.1878706199460872,0.09912398921832641,0.010539083557951294,0.698506289308176,0.8531558849955075,0.8908917340521113,0.9362646001796944,0.9913522012578615,0.7943342043141804
