nDCG@1,nDCG@1_std,nDCG@1_stderr,nDCG@1_ci90_low,nDCG@1_ci90_high,nDCG@1_ci95_low,nDCG@1_ci95_high,nDCG@3,nDCG@3_std,nDCG@3_stderr,nDCG@3_ci90_low,nDCG@3_ci90_high,nDCG@3_ci95_low,nDCG@3_ci95_high,nDCG@5,nDCG@5_std,nDCG@5_stderr,nDCG@5_ci90_low,nDCG@5_ci90_high,nDCG@5_ci95_low,nDCG@5_ci95_high,nDCG@10,nDCG@10_std,nDCG@10_stderr,nDCG@10_ci90_low,nDCG@10_ci90_high,nDCG@10_ci95_low,nDCG@10_ci95_high,nDCG@100,nDCG@100_std,nDCG@100_stderr,nDCG@100_ci90_low,nDCG@100_ci90_high,nDCG@100_ci95_low,nDCG@100_ci95_high,RR@1,RR@3,RR@5,RR@10,RR@100,P@1,P@3,P@5,P@10,P@100,R@1,R@3,R@5,R@10,R@100,AP
0.5539083557951483,0.4972529605418405,0.012908043700014053,0.5326632420603181,0.5751534695299785,0.5285883901888488,0.5792283214014478,0.6434762779825939,0.43155874261912214,0.011202706772787568,0.6250379471977697,0.661914608767418,0.6215014414561162,0.6654511145090716,0.6685653342955019,0.40688860942913846,0.010562302023956149,0.6511810340083615,0.6859496345826424,0.6478466932538989,0.689283975337105,0.6938260116247297,0.3752160896516832,0.009740124376322915,0.6777949185346012,0.7098571047148582,0.6747201254082686,0.7129318978411907,0.7219182518402537,0.32920095408237393,0.008545630973722577,0.7078531536586892,0.7359833500218183,0.7051554419701146,0.7386810617103928,0.5532345013477089,0.6269092542677454,0.6402178796046731,0.650192529842126,0.6558859417078419,0.5539083557951483,0.24685534591194758,0.161455525606466,0.08921832884096843,0.010303234501347524,0.5376235399820305,0.7084456424079066,0.7683625336927223,0.8440026954177897,0.9695642407906558,0.6494316314106527
