{
  "nDCG@1": 0.7183288409703504,
  "nDCG@1_std": 0.44996550068220237,
  "nDCG@1_stderr": 0.011680522404483206,
  "nDCG@1_ci90_low": 0.699104082150762,
  "nDCG@1_ci90_high": 0.7375535997899388,
  "nDCG@1_ci95_low": 0.6954167380662672,
  "nDCG@1_ci95_high": 0.7412409438744336,
  "nDCG@3": 0.7935252547316884,
  "nDCG@3_std": 0.3587119136466122,
  "nDCG@3_stderr": 0.009311697314020378,
  "nDCG@3_ci90_low": 0.7781993019306098,
  "nDCG@3_ci90_high": 0.8088512075327671,
  "nDCG@3_ci95_low": 0.7752597560080507,
  "nDCG@3_ci95_high": 0.8117907534553261,
  "nDCG@5": 0.8100313025561195,
  "nDCG@5_std": 0.3315459874970404,
  "nDCG@5_stderr": 0.008606505008060197,
  "nDCG@5_ci90_low": 0.7958660129115372,
  "nDCG@5_ci90_high": 0.8241965922007018,
  "nDCG@5_ci95_low": 0.7931490843161634,
  "nDCG@5_ci95_high": 0.8269135207960757,
  "nDCG@10": 0.8257268636084462,
  "nDCG@10_std": 0.30064610640903494,
  "nDCG@10_stderr": 0.007804384061460723,
  "nDCG@10_ci90_low": 0.8128817702023983,
  "nDCG@10_ci90_high": 0.838571957014494,
  "nDCG@10_ci95_low": 0.810418057672631,
  "nDCG@10_ci95_high": 0.8410356695442613,
  "nDCG@100": 0.8385179351228146,
  "nDCG@100_std": 0.2704851061695911,
  "nDCG@100_stderr": 0.0070214435060085316,
  "nDCG@100_ci90_low": 0.8269614692992852,
  "nDCG@100_ci90_high": 0.850074400946344,
  "nDCG@100_ci95_low": 0.8247449179088647,
  "nDCG@100_ci95_high": 0.8522909523367644,
  "RR@1": 0.7190026954177897,
  "RR@3": 0.7796495956873318,
  "RR@5": 0.7884770889487879,
  "RR@10": 0.7946129080563047,
  "RR@100": 0.797154611328059,
  "P@1": 0.7183288409703504,
  "P@3": 0.2962713387241644,
  "P@5": 0.18692722371967221,
  "P@10": 0.09878706199460675,
  "P@100": 0.010505390835579326,
  "R@1": 0.6981693620844566,
  "R@3": 0.8473719676549866,
  "R@5": 0.8866801437556154,
  "R@10": 0.9330637915543575,
  "R@100": 0.9884321653189578,
  "AP": 0.7920739313595593
}