{
  "nDCG@1": 0.5539083557951483,
  "nDCG@1_std": 0.4972529605418405,
  "nDCG@1_stderr": 0.012908043700014053,
  "nDCG@1_ci90_low": 0.5326632420603181,
  "nDCG@1_ci90_high": 0.5751534695299785,
  "nDCG@1_ci95_low": 0.5285883901888488,
  "nDCG@1_ci95_high": 0.5792283214014478,
  "nDCG@3": 0.6434762779825939,
  "nDCG@3_std": 0.43155874261912214,
  "nDCG@3_stderr": 0.011202706772787568,
  "nDCG@3_ci90_low": 0.6250379471977697,
  "nDCG@3_ci90_high": 0.661914608767418,
  "nDCG@3_ci95_low": 0.6215014414561162,
  "nDCG@3_ci95_high": 0.6654511145090716,
  "nDCG@5": 0.6685653342955019,
  "nDCG@5_std": 0.40688860942913846,
  "nDCG@5_stderr": 0.010562302023956149,
  "nDCG@5_ci90_low": 0.6511810340083615,
  "nDCG@5_ci90_high": 0.6859496345826424,
  "nDCG@5_ci95_low": 0.6478466932538989,
  "nDCG@5_ci95_high": 0.689283975337105,
  "nDCG@10": 0.6938260116247297,
  "nDCG@10_std": 0.3752160896516832,
  "nDCG@10_stderr": 0.009740124376322915,
  "nDCG@10_ci90_low": 0.6777949185346012,
  "nDCG@10_ci90_high": 0.7098571047148582,
  "nDCG@10_ci95_low": 0.6747201254082686,
  "nDCG@10_ci95_high": 0.7129318978411907,
  "nDCG@100": 0.7219182518402537,
  "nDCG@100_std": 0.32920095408237393,
  "nDCG@100_stderr": 0.008545630973722577,
  "nDCG@100_ci90_low": 0.7078531536586892,
  "nDCG@100_ci90_high": 0.7359833500218183,
  "nDCG@100_ci95_low": 0.7051554419701146,
  "nDCG@100_ci95_high": 0.7386810617103928,
  "RR@1": 0.5532345013477089,
  "RR@3": 0.6269092542677454,
  "RR@5": 0.6402178796046731,
  "RR@10": 0.650192529842126,
  "RR@100": 0.6558859417078419,
  "P@1": 0.5539083557951483,
  "P@3": 0.24685534591194758,
  "P@5": 0.161455525606466,
  "P@10": 0.08921832884096843,
  "P@100": 0.010303234501347524,
  "R@1": 0.5376235399820305,
  "R@3": 0.7084456424079066,
  "R@5": 0.7683625336927223,
  "R@10": 0.8440026954177897,
  "R@100": 0.9695642407906558,
  "AP": 0.6494316314106527
}