nDCG@1,nDCG@1_std,nDCG@1_stderr,nDCG@1_ci90_low,nDCG@1_ci90_high,nDCG@1_ci95_low,nDCG@1_ci95_high,nDCG@3,nDCG@3_std,nDCG@3_stderr,nDCG@3_ci90_low,nDCG@3_ci90_high,nDCG@3_ci95_low,nDCG@3_ci95_high,nDCG@5,nDCG@5_std,nDCG@5_stderr,nDCG@5_ci90_low,nDCG@5_ci90_high,nDCG@5_ci95_low,nDCG@5_ci95_high,nDCG@10,nDCG@10_std,nDCG@10_stderr,nDCG@10_ci90_low,nDCG@10_ci90_high,nDCG@10_ci95_low,nDCG@10_ci95_high,nDCG@100,nDCG@100_std,nDCG@100_stderr,nDCG@100_ci90_low,nDCG@100_ci90_high,nDCG@100_ci95_low,nDCG@100_ci95_high,RR@1,RR@3,RR@5,RR@10,RR@100,P@1,P@3,P@5,P@10,P@100,R@1,R@3,R@5,R@10,R@100,AP
0.7149595687331537,0.4515858753489182,0.011722585235010291,0.6956655794678583,0.734253557998449,0.6919649568566033,0.7379541806097041,0.7868725864889972,0.3666730053770875,0.009518356958328618,0.7712064963479959,0.8025386766299984,0.7682017114583294,0.8055434615196649,0.8039556889045182,0.33848341540550186,0.0087865916635736,0.7894939979176858,0.8184173798913505,0.7867202189999626,0.8211911588090738,0.8199443487011117,0.3084612522569929,0.008007255139427762,0.8067653534873938,0.8331233439148296,0.8042375979770686,0.8356510994251547,0.8336086889026214,0.2770967022120991,0.0071930719877184,0.8217697428908619,0.8454476349143809,0.8194990112810259,0.847718366524217,0.7142857142857143,0.7736972147349509,0.782524707996407,0.7888407564283579,0.7914941597094294,0.7149595687331537,0.2931266846361142,0.18504043126684208,0.09791105121293561,0.010478436657681754,0.6951931716082659,0.8372641509433962,0.8784254267744834,0.9256513926325246,0.9861859838274932,0.7869115086352853
