nDCG@1,nDCG@1_std,nDCG@1_stderr,nDCG@1_ci90_low,nDCG@1_ci90_high,nDCG@1_ci95_low,nDCG@1_ci95_high,nDCG@3,nDCG@3_std,nDCG@3_stderr,nDCG@3_ci90_low,nDCG@3_ci90_high,nDCG@3_ci95_low,nDCG@3_ci95_high,nDCG@5,nDCG@5_std,nDCG@5_stderr,nDCG@5_ci90_low,nDCG@5_ci90_high,nDCG@5_ci95_low,nDCG@5_ci95_high,nDCG@10,nDCG@10_std,nDCG@10_stderr,nDCG@10_ci90_low,nDCG@10_ci90_high,nDCG@10_ci95_low,nDCG@10_ci95_high,nDCG@100,nDCG@100_std,nDCG@100_stderr,nDCG@100_ci90_low,nDCG@100_ci90_high,nDCG@100_ci95_low,nDCG@100_ci95_high,RR@1,RR@3,RR@5,RR@10,RR@100,P@1,P@3,P@5,P@10,P@100,R@1,R@3,R@5,R@10,R@100,AP
0.7183288409703504,0.44996550068220237,0.011680522404483206,0.699104082150762,0.7375535997899388,0.6954167380662672,0.7412409438744336,0.7935252547316884,0.3587119136466122,0.009311697314020378,0.7781993019306098,0.8088512075327671,0.7752597560080507,0.8117907534553261,0.8100313025561195,0.3315459874970404,0.008606505008060197,0.7958660129115372,0.8241965922007018,0.7931490843161634,0.8269135207960757,0.8257268636084462,0.30064610640903494,0.007804384061460723,0.8128817702023983,0.838571957014494,0.810418057672631,0.8410356695442613,0.8385179351228146,0.2704851061695911,0.0070214435060085316,0.8269614692992852,0.850074400946344,0.8247449179088647,0.8522909523367644,0.7190026954177897,0.7796495956873318,0.7884770889487879,0.7946129080563047,0.797154611328059,0.7183288409703504,0.2962713387241644,0.18692722371967221,0.09878706199460675,0.010505390835579326,0.6981693620844566,0.8473719676549866,0.8866801437556154,0.9330637915543575,0.9884321653189578,0.7920739313595593
