nDCG@1,nDCG@1_std,nDCG@1_stderr,nDCG@1_ci90_low,nDCG@1_ci90_high,nDCG@1_ci95_low,nDCG@1_ci95_high,nDCG@3,nDCG@3_std,nDCG@3_stderr,nDCG@3_ci90_low,nDCG@3_ci90_high,nDCG@3_ci95_low,nDCG@3_ci95_high,nDCG@5,nDCG@5_std,nDCG@5_stderr,nDCG@5_ci90_low,nDCG@5_ci90_high,nDCG@5_ci95_low,nDCG@5_ci95_high,nDCG@10,nDCG@10_std,nDCG@10_stderr,nDCG@10_ci90_low,nDCG@10_ci90_high,nDCG@10_ci95_low,nDCG@10_ci95_high,nDCG@100,nDCG@100_std,nDCG@100_stderr,nDCG@100_ci90_low,nDCG@100_ci90_high,nDCG@100_ci95_low,nDCG@100_ci95_high,RR@1,RR@3,RR@5,RR@10,RR@100,P@1,P@3,P@5,P@10,P@100,R@1,R@3,R@5,R@10,R@100,AP
0.6469002695417789,0.47809448505694907,0.01241071445633262,0.6264737009398303,0.6673268381437275,0.6225558475296654,0.6712446915538924,0.7275020295312808,0.3997736838165485,0.010377607757622198,0.7104217141690157,0.744582344893546,0.7071456782819917,0.74785838078057,0.7485230103694744,0.3724753374478822,0.009668977994048944,0.7326090158125056,0.7644370049264433,0.7295566824001076,0.7674893383388413,0.7710675362752648,0.33659549580895604,0.008737583712715404,0.7566865065810412,0.7854485659694884,0.7539281986475285,0.7882068739030011,0.7897425356164647,0.29904911374783755,0.007762928197554201,0.7769656736608316,0.8025193975720978,0.774515048048691,0.8049700231842384,0.6469002695417789,0.7127133872416893,0.7240004492362989,0.7328950605399394,0.7366123146495887,0.6469002695417789,0.2744833782569596,0.17587601078166745,0.0954851752021541,0.010458221024258571,0.6294362084456424,0.785377358490566,0.835411051212938,0.9022911051212938,0.9842767295597483,0.731021834174813
