nDCG@1,nDCG@1_std,nDCG@1_stderr,nDCG@1_ci90_low,nDCG@1_ci90_high,nDCG@1_ci95_low,nDCG@1_ci95_high,nDCG@3,nDCG@3_std,nDCG@3_stderr,nDCG@3_ci90_low,nDCG@3_ci90_high,nDCG@3_ci95_low,nDCG@3_ci95_high,nDCG@5,nDCG@5_std,nDCG@5_stderr,nDCG@5_ci90_low,nDCG@5_ci90_high,nDCG@5_ci95_low,nDCG@5_ci95_high,nDCG@10,nDCG@10_std,nDCG@10_stderr,nDCG@10_ci90_low,nDCG@10_ci90_high,nDCG@10_ci95_low,nDCG@10_ci95_high,nDCG@100,nDCG@100_std,nDCG@100_stderr,nDCG@100_ci90_low,nDCG@100_ci90_high,nDCG@100_ci95_low,nDCG@100_ci95_high,RR@1,RR@3,RR@5,RR@10,RR@100,P@1,P@3,P@5,P@10,P@100,R@1,R@3,R@5,R@10,R@100,AP
0.5997304582210242,0.49011805325343977,0.012722830735220701,0.5787901831274047,0.6206707333146437,0.5747737998677366,0.6246871165743119,0.6829927968807297,0.4205799449912736,0.01091771138653696,0.6650235348049609,0.7009620589564984,0.6615769973040426,0.7044085964574167,0.70951011072393,0.390510951140459,0.010137159197930916,0.692825545261242,0.726194676186618,0.6896254149325055,0.7293948065153545,0.732259492481222,0.35821784860019273,0.009298872024447678,0.7169546485903692,0.7475643363720749,0.7140191513955981,0.7504998335668459,0.7566432751151977,0.3147017550465821,0.008169250520270345,0.743197654658298,0.7700888955720974,0.7406187599361653,0.77266779029423,0.5997304582210242,0.6686882300089853,0.6827044025157244,0.6917746973003043,0.6967791274642818,0.5997304582210242,0.2587601078167088,0.16913746630727425,0.09211590296495749,0.01039757412398903,0.5820979335130279,0.7416891284815812,0.8047506738544474,0.872079964061096,0.9783243486073676,0.6906538662038754
