{
  "nDCG@1": 0.6421832884097035,
  "nDCG@1_std": 0.4795194029640339,
  "nDCG@1_stderr": 0.012447703482186868,
  "nDCG@1_ci90_low": 0.6216958402446331,
  "nDCG@1_ci90_high": 0.6626707365747739,
  "nDCG@1_ci95_low": 0.6177663100223402,
  "nDCG@1_ci95_high": 0.6666002667970669,
  "nDCG@3": 0.7172745708409287,
  "nDCG@3_std": 0.4071767603651136,
  "nDCG@3_stderr": 0.010569782049554617,
  "nDCG@3_ci90_low": 0.6998779593160614,
  "nDCG@3_ci90_high": 0.734671182365796,
  "nDCG@3_ci95_low": 0.6965412572435699,
  "nDCG@3_ci95_high": 0.7380078844382876,
  "nDCG@5": 0.7425086256382544,
  "nDCG@5_std": 0.37616192604403,
  "nDCG@5_stderr": 0.009764677065706951,
  "nDCG@5_ci90_low": 0.7264371217244114,
  "nDCG@5_ci90_high": 0.7585801295520973,
  "nDCG@5_ci95_low": 0.723354577727799,
  "nDCG@5_ci95_high": 0.7616626735487098,
  "nDCG@10": 0.7634776480361113,
  "nDCG@10_std": 0.3438399226575667,
  "nDCG@10_stderr": 0.008925639663637295,
  "nDCG@10_ci90_low": 0.7487871004816528,
  "nDCG@10_ci90_high": 0.7781681955905698,
  "nDCG@10_ci95_low": 0.7459694264535277,
  "nDCG@10_ci95_high": 0.7809858696186949,
  "nDCG@100": 0.78206678283215,
  "nDCG@100_std": 0.30769084248375594,
  "nDCG@100_stderr": 0.00798725629817597,
  "nDCG@100_ci90_low": 0.7689207033465497,
  "nDCG@100_ci90_high": 0.7952128623177503,
  "nDCG@100_ci95_low": 0.76639926113339,
  "nDCG@100_ci95_high": 0.7977343045309101,
  "RR@1": 0.6421832884097035,
  "RR@3": 0.7050763701707105,
  "RR@5": 0.7178459119496866,
  "RR@10": 0.7261220211354988,
  "RR@100": 0.7298307025582406,
  "P@1": 0.6421832884097035,
  "P@3": 0.2688679245282986,
  "P@5": 0.17493261455525225,
  "P@10": 0.09440700808625115,
  "P@100": 0.010370619946091458,
  "R@1": 0.6243823000898473,
  "R@3": 0.7712264150943396,
  "R@5": 0.8309748427672955,
  "R@10": 0.8931940700808625,
  "R@100": 0.9764150943396226,
  "AP": 0.7236592546006871
}