nDCG@1,nDCG@1_std,nDCG@1_stderr,nDCG@1_ci90_low,nDCG@1_ci90_high,nDCG@1_ci95_low,nDCG@1_ci95_high,nDCG@3,nDCG@3_std,nDCG@3_stderr,nDCG@3_ci90_low,nDCG@3_ci90_high,nDCG@3_ci95_low,nDCG@3_ci95_high,nDCG@5,nDCG@5_std,nDCG@5_stderr,nDCG@5_ci90_low,nDCG@5_ci90_high,nDCG@5_ci95_low,nDCG@5_ci95_high,nDCG@10,nDCG@10_std,nDCG@10_stderr,nDCG@10_ci90_low,nDCG@10_ci90_high,nDCG@10_ci95_low,nDCG@10_ci95_high,nDCG@100,nDCG@100_std,nDCG@100_stderr,nDCG@100_ci90_low,nDCG@100_ci90_high,nDCG@100_ci95_low,nDCG@100_ci95_high,RR@1,RR@3,RR@5,RR@10,RR@100,P@1,P@3,P@5,P@10,P@100,R@1,R@3,R@5,R@10,R@100,AP
0.6421832884097035,0.4795194029640339,0.012447703482186868,0.6216958402446331,0.6626707365747739,0.6177663100223402,0.6666002667970669,0.7172745708409287,0.4071767603651136,0.010569782049554617,0.6998779593160614,0.734671182365796,0.6965412572435699,0.7380078844382876,0.7425086256382544,0.37616192604403,0.009764677065706951,0.7264371217244114,0.7585801295520973,0.723354577727799,0.7616626735487098,0.7634776480361113,0.3438399226575667,0.008925639663637295,0.7487871004816528,0.7781681955905698,0.7459694264535277,0.7809858696186949,0.78206678283215,0.30769084248375594,0.00798725629817597,0.7689207033465497,0.7952128623177503,0.76639926113339,0.7977343045309101,0.6421832884097035,0.7050763701707105,0.7178459119496866,0.7261220211354988,0.7298307025582406,0.6421832884097035,0.2688679245282986,0.17493261455525225,0.09440700808625115,0.010370619946091458,0.6243823000898473,0.7712264150943396,0.8309748427672955,0.8931940700808625,0.9764150943396226,0.7236592546006871
