nDCG@1,nDCG@1_std,nDCG@1_stderr,nDCG@1_ci90_low,nDCG@1_ci90_high,nDCG@1_ci95_low,nDCG@1_ci95_high,nDCG@3,nDCG@3_std,nDCG@3_stderr,nDCG@3_ci90_low,nDCG@3_ci90_high,nDCG@3_ci95_low,nDCG@3_ci95_high,nDCG@5,nDCG@5_std,nDCG@5_stderr,nDCG@5_ci90_low,nDCG@5_ci90_high,nDCG@5_ci95_low,nDCG@5_ci95_high,nDCG@10,nDCG@10_std,nDCG@10_stderr,nDCG@10_ci90_low,nDCG@10_ci90_high,nDCG@10_ci95_low,nDCG@10_ci95_high,nDCG@100,nDCG@100_std,nDCG@100_stderr,nDCG@100_ci90_low,nDCG@100_ci90_high,nDCG@100_ci95_low,nDCG@100_ci95_high,RR@1,RR@3,RR@5,RR@10,RR@100,P@1,P@3,P@5,P@10,P@100,R@1,R@3,R@5,R@10,R@100,AP
0.6792452830188679,0.4669240205236787,0.012120743645122582,0.6592959720871836,0.6991945939505522,0.6554696575755684,0.7030209084621674,0.7530905214652108,0.3862721018437865,0.010027124152790912,0.7365870606767202,0.7695939822537015,0.7334216665574386,0.7727593763729831,0.7783605068723299,0.3502582296516943,0.009092250611654636,0.7633957373968461,0.7933252763478138,0.7605254671001374,0.7961955466445225,0.7987257041986345,0.3147065323798309,0.008169374533662397,0.7852798796303544,0.8121715287669147,0.7827009457592836,0.8147504626379855,0.8114767134004663,0.28682793837077253,0.007445682291846985,0.7992220006957419,0.8237314261051908,0.7968715242698475,0.8260819025310852,0.6792452830188679,0.7411275831087157,0.7539308176100641,0.7616563449279089,0.764135853443823,0.6792452830188679,0.28144654088049925,0.18247978436657264,0.09811320754716737,0.010471698113207358,0.660096585804133,0.8066037735849056,0.8670260557053009,0.9278975741239892,0.9848382749326146,0.7578073416933394
