{
  "nDCG@1": 0.7338274932614556,
  "nDCG@1_std": 0.44210452674447187,
  "nDCG@1_stderr": 0.011476461688580521,
  "nDCG@1_ci90_low": 0.7149385942529212,
  "nDCG@1_ci90_high": 0.75271639226999,
  "nDCG@1_ci95_low": 0.711315668697633,
  "nDCG@1_ci95_high": 0.7563393178252782,
  "nDCG@3": 0.805344024642293,
  "nDCG@3_std": 0.35052259483817094,
  "nDCG@3_stderr": 0.009099113189961027,
  "nDCG@3_ci90_low": 0.7903679601743206,
  "nDCG@3_ci90_high": 0.8203200891102654,
  "nDCG@3_ci95_low": 0.7874955234772879,
  "nDCG@3_ci95_high": 0.8231925258072982,
  "nDCG@5": 0.8285556784434487,
  "nDCG@5_std": 0.3102158186926267,
  "nDCG@5_stderr": 0.008052801414709985,
  "nDCG@5_ci90_low": 0.8153017194458254,
  "nDCG@5_ci90_high": 0.841809637441072,
  "nDCG@5_ci95_low": 0.8127595857439334,
  "nDCG@5_ci95_high": 0.844351771142964,
  "nDCG@10": 0.8433098272362975,
  "nDCG@10_std": 0.27845962487385156,
  "nDCG@10_stderr": 0.007228451697189551,
  "nDCG@10_ci90_low": 0.8314126504059037,
  "nDCG@10_ci90_high": 0.8552070040666914,
  "nDCG@10_ci95_low": 0.8291307500180017,
  "nDCG@10_ci95_high": 0.8574889044545934,
  "nDCG@100": 0.85239670561541,
  "nDCG@100_std": 0.25506878745267864,
  "nDCG@100_stderr": 0.006621255811853,
  "nDCG@100_ci90_low": 0.8414989014198704,
  "nDCG@100_ci90_high": 0.8632945098109497,
  "nDCG@100_ci95_low": 0.8394086825405853,
  "nDCG@100_ci95_high": 0.8653847286902348,
  "RR@1": 0.7338274932614556,
  "RR@3": 0.7935759209344119,
  "RR@5": 0.8054357592093447,
  "RR@10": 0.810833814657939,
  "RR@100": 0.8126594515060426,
  "P@1": 0.7338274932614556,
  "P@3": 0.29896675651392135,
  "P@5": 0.19191374663072316,
  "P@10": 0.10107816711590038,
  "P@100": 0.01057277628032326,
  "R@1": 0.7129941599281223,
  "R@3": 0.8544474393530995,
  "R@5": 0.9097035040431267,
  "R@10": 0.9541778975741242,
  "R@100": 0.9939353099730458,
  "AP": 0.8075670986062613
}