nDCG@1,nDCG@1_std,nDCG@1_stderr,nDCG@1_ci90_low,nDCG@1_ci90_high,nDCG@1_ci95_low,nDCG@1_ci95_high,nDCG@3,nDCG@3_std,nDCG@3_stderr,nDCG@3_ci90_low,nDCG@3_ci90_high,nDCG@3_ci95_low,nDCG@3_ci95_high,nDCG@5,nDCG@5_std,nDCG@5_stderr,nDCG@5_ci90_low,nDCG@5_ci90_high,nDCG@5_ci95_low,nDCG@5_ci95_high,nDCG@10,nDCG@10_std,nDCG@10_stderr,nDCG@10_ci90_low,nDCG@10_ci90_high,nDCG@10_ci95_low,nDCG@10_ci95_high,nDCG@100,nDCG@100_std,nDCG@100_stderr,nDCG@100_ci90_low,nDCG@100_ci90_high,nDCG@100_ci95_low,nDCG@100_ci95_high,RR@1,RR@3,RR@5,RR@10,RR@100,P@1,P@3,P@5,P@10,P@100,R@1,R@3,R@5,R@10,R@100,AP
0.7338274932614556,0.44210452674447187,0.011476461688580521,0.7149385942529212,0.75271639226999,0.711315668697633,0.7563393178252782,0.805344024642293,0.35052259483817094,0.009099113189961027,0.7903679601743206,0.8203200891102654,0.7874955234772879,0.8231925258072982,0.8285556784434487,0.3102158186926267,0.008052801414709985,0.8153017194458254,0.841809637441072,0.8127595857439334,0.844351771142964,0.8433098272362975,0.27845962487385156,0.007228451697189551,0.8314126504059037,0.8552070040666914,0.8291307500180017,0.8574889044545934,0.85239670561541,0.25506878745267864,0.006621255811853,0.8414989014198704,0.8632945098109497,0.8394086825405853,0.8653847286902348,0.7338274932614556,0.7935759209344119,0.8054357592093447,0.810833814657939,0.8126594515060426,0.7338274932614556,0.29896675651392135,0.19191374663072316,0.10107816711590038,0.01057277628032326,0.7129941599281223,0.8544474393530995,0.9097035040431267,0.9541778975741242,0.9939353099730458,0.8075670986062613
