nDCG@1,nDCG@1_std,nDCG@1_stderr,nDCG@1_ci90_low,nDCG@1_ci90_high,nDCG@1_ci95_low,nDCG@1_ci95_high,nDCG@3,nDCG@3_std,nDCG@3_stderr,nDCG@3_ci90_low,nDCG@3_ci90_high,nDCG@3_ci95_low,nDCG@3_ci95_high,nDCG@5,nDCG@5_std,nDCG@5_stderr,nDCG@5_ci90_low,nDCG@5_ci90_high,nDCG@5_ci95_low,nDCG@5_ci95_high,nDCG@10,nDCG@10_std,nDCG@10_stderr,nDCG@10_ci90_low,nDCG@10_ci90_high,nDCG@10_ci95_low,nDCG@10_ci95_high,nDCG@100,nDCG@100_std,nDCG@100_stderr,nDCG@100_ci90_low,nDCG@100_ci90_high,nDCG@100_ci95_low,nDCG@100_ci95_high,RR@1,RR@3,RR@5,RR@10,RR@100,P@1,P@3,P@5,P@10,P@100,R@1,R@3,R@5,R@10,R@100,AP
0.6300539083557951,0.48295253685768136,0.012536823197590698,0.6094197796763282,0.650688037035262,0.6054621158617158,0.6546457008498744,0.7117113039970265,0.4079322670790238,0.010589394026662166,0.694282413476682,0.7291401945173711,0.6909395202335158,0.7324830877605373,0.7343865867534188,0.3800420800390844,0.00986540084475971,0.7181493034084313,0.7506238700984064,0.7150349626121556,0.7537382108946821,0.7525292928425457,0.352764713807411,0.009157315698406717,0.7374574339273031,0.7676011517577882,0.7345666236791749,0.7704919620059164,0.7719817339999195,0.3164628938590911,0.00821496740595542,0.7584608689545637,0.7855025990452754,0.755867542182035,0.7880959258178041,0.6300539083557951,0.6977762803234508,0.7098045822102436,0.7166054314807696,0.7203473043425855,0.6300539083557951,0.2693171608265916,0.17358490566037368,0.09305929919137255,0.010276280323449951,0.6108490566037735,0.7690363881401617,0.8227201257861636,0.8775831087151842,0.9669811320754716,0.7140388773722812
