nDCG@1,nDCG@1_std,nDCG@1_stderr,nDCG@1_ci90_low,nDCG@1_ci90_high,nDCG@1_ci95_low,nDCG@1_ci95_high,nDCG@3,nDCG@3_std,nDCG@3_stderr,nDCG@3_ci90_low,nDCG@3_ci90_high,nDCG@3_ci95_low,nDCG@3_ci95_high,nDCG@5,nDCG@5_std,nDCG@5_stderr,nDCG@5_ci90_low,nDCG@5_ci90_high,nDCG@5_ci95_low,nDCG@5_ci95_high,nDCG@10,nDCG@10_std,nDCG@10_stderr,nDCG@10_ci90_low,nDCG@10_ci90_high,nDCG@10_ci95_low,nDCG@10_ci95_high,nDCG@100,nDCG@100_std,nDCG@100_stderr,nDCG@100_ci90_low,nDCG@100_ci90_high,nDCG@100_ci95_low,nDCG@100_ci95_high,RR@1,RR@3,RR@5,RR@10,RR@100,P@1,P@3,P@5,P@10,P@100,R@1,R@3,R@5,R@10,R@100,AP
0.6212938005390836,0.4852282664912816,0.01259589819541056,0.6005624413979963,0.6420251596801708,0.5965861286020961,0.646001472476071,0.7022054265277075,0.4120952371819623,0.010697459346076308,0.6845986732688177,0.7198121797865972,0.6812216656254149,0.72318918743,0.7226424352458681,0.38792538873214605,0.010070041342022627,0.7060683378382586,0.7392165326534776,0.7028893954855713,0.742395475006165,0.7419663236452099,0.36008152322977305,0.00934725060732231,0.7265818543270353,0.7573507929633845,0.7236310848289201,0.7603015624614996,0.7621659353675948,0.323712209832645,0.008403150272237158,0.7483353435743277,0.7759965271608619,0.7456826106421464,0.7786492600930432,0.6212938005390836,0.6875561545372876,0.6980008984725979,0.7055181191973655,0.7094545705567886,0.6212938005390836,0.2663971248876878,0.1707547169811286,0.09198113207546962,0.01021563342318041,0.6027628032345014,0.7612870619946092,0.810029200359389,0.8679245283018868,0.9612533692722371,0.7033236032796474
