{
  "nDCG@1": 0.6179245283018868,
  "nDCG@1_std": 0.4860586443665333,
  "nDCG@1_stderr": 0.012617453731026866,
  "nDCG@1_ci90_low": 0.5971576912978154,
  "nDCG@1_ci90_high": 0.6386913653059583,
  "nDCG@1_ci95_low": 0.5931745737825721,
  "nDCG@1_ci95_high": 0.6426744828212015,
  "nDCG@3": 0.7018585543567802,
  "nDCG@3_std": 0.41193180048206407,
  "nDCG@3_stderr": 0.010693216740738828,
  "nDCG@3_ci90_low": 0.6842587839246473,
  "nDCG@3_ci90_high": 0.7194583247889131,
  "nDCG@3_ci95_low": 0.6808831156002537,
  "nDCG@3_ci95_high": 0.7228339931133068,
  "nDCG@5": 0.7211839353341345,
  "nDCG@5_std": 0.38895527072214553,
  "nDCG@5_stderr": 0.010096775746415685,
  "nDCG@5_ci90_low": 0.704565836257863,
  "nDCG@5_ci90_high": 0.737802034410406,
  "nDCG@5_ci95_low": 0.7013784543042334,
  "nDCG@5_ci95_high": 0.7409894163640356,
  "nDCG@10": 0.7404514067548958,
  "nDCG@10_std": 0.36127146207684296,
  "nDCG@10_stderr": 0.009378139880704586,
  "nDCG@10_ci90_low": 0.725016097344958,
  "nDCG@10_ci90_high": 0.7558867161648337,
  "nDCG@10_ci95_low": 0.722055576623778,
  "nDCG@10_ci95_high": 0.7588472368860137,
  "nDCG@100": 0.7616743956786453,
  "nDCG@100_std": 0.3233317766000144,
  "nDCG@100_stderr": 0.008393274717577047,
  "nDCG@100_ci90_low": 0.7478600578807026,
  "nDCG@100_ci90_high": 0.7754887334765879,
  "nDCG@100_ci95_low": 0.745210442494706,
  "nDCG@100_ci95_high": 0.7781383488625845,
  "RR@1": 0.6185983827493261,
  "RR@3": 0.6871069182389945,
  "RR@5": 0.6974505840071892,
  "RR@10": 0.7047544174902675,
  "RR@100": 0.7088010575520919,
  "P@1": 0.6179245283018868,
  "P@3": 0.2666217430368343,
  "P@5": 0.17035040431266496,
  "P@10": 0.09171159029649394,
  "P@100": 0.010242587601077985,
  "R@1": 0.6005727762803235,
  "R@3": 0.7613993710691824,
  "R@5": 0.8072214734950585,
  "R@10": 0.8656783468104223,
  "R@100": 0.9627695417789758,
  "AP": 0.7023342549449884
}