{
  "nDCG@1": 0.6212938005390836,
  "nDCG@1_std": 0.4852282664912816,
  "nDCG@1_stderr": 0.01259589819541056,
  "nDCG@1_ci90_low": 0.6005624413979963,
  "nDCG@1_ci90_high": 0.6420251596801708,
  "nDCG@1_ci95_low": 0.5965861286020961,
  "nDCG@1_ci95_high": 0.646001472476071,
  "nDCG@3": 0.7022054265277075,
  "nDCG@3_std": 0.4120952371819623,
  "nDCG@3_stderr": 0.010697459346076308,
  "nDCG@3_ci90_low": 0.6845986732688177,
  "nDCG@3_ci90_high": 0.7198121797865972,
  "nDCG@3_ci95_low": 0.6812216656254149,
  "nDCG@3_ci95_high": 0.72318918743,
  "nDCG@5": 0.7226424352458681,
  "nDCG@5_std": 0.38792538873214605,
  "nDCG@5_stderr": 0.010070041342022627,
  "nDCG@5_ci90_low": 0.7060683378382586,
  "nDCG@5_ci90_high": 0.7392165326534776,
  "nDCG@5_ci95_low": 0.7028893954855713,
  "nDCG@5_ci95_high": 0.742395475006165,
  "nDCG@10": 0.7419663236452099,
  "nDCG@10_std": 0.36008152322977305,
  "nDCG@10_stderr": 0.00934725060732231,
  "nDCG@10_ci90_low": 0.7265818543270353,
  "nDCG@10_ci90_high": 0.7573507929633845,
  "nDCG@10_ci95_low": 0.7236310848289201,
  "nDCG@10_ci95_high": 0.7603015624614996,
  "nDCG@100": 0.7621659353675948,
  "nDCG@100_std": 0.323712209832645,
  "nDCG@100_stderr": 0.008403150272237158,
  "nDCG@100_ci90_low": 0.7483353435743277,
  "nDCG@100_ci90_high": 0.7759965271608619,
  "nDCG@100_ci95_low": 0.7456826106421464,
  "nDCG@100_ci95_high": 0.7786492600930432,
  "RR@1": 0.6212938005390836,
  "RR@3": 0.6875561545372876,
  "RR@5": 0.6980008984725979,
  "RR@10": 0.7055181191973655,
  "RR@100": 0.7094545705567886,
  "P@1": 0.6212938005390836,
  "P@3": 0.2663971248876878,
  "P@5": 0.1707547169811286,
  "P@10": 0.09198113207546962,
  "P@100": 0.01021563342318041,
  "R@1": 0.6027628032345014,
  "R@3": 0.7612870619946092,
  "R@5": 0.810029200359389,
  "R@10": 0.8679245283018868,
  "R@100": 0.9612533692722371,
  "AP": 0.7033236032796474
}