{
  "nDCG@1": 0.5613207547169812,
  "nDCG@1_std": 0.49639279476000914,
  "nDCG@1_stderr": 0.012885714908871136,
  "nDCG@1_ci90_low": 0.5401123915323054,
  "nDCG@1_ci90_high": 0.582529117901657,
  "nDCG@1_ci95_low": 0.5360445884839182,
  "nDCG@1_ci95_high": 0.5865969209500441,
  "nDCG@3": 0.6458973972632174,
  "nDCG@3_std": 0.4335080880612964,
  "nDCG@3_stderr": 0.011253309259149018,
  "nDCG@3_ci90_low": 0.6273757807688777,
  "nDCG@3_ci90_high": 0.6644190137575571,
  "nDCG@3_ci95_low": 0.6238233006750261,
  "nDCG@3_ci95_high": 0.6679714938514086,
  "nDCG@5": 0.6681144625576374,
  "nDCG@5_std": 0.41146345471710827,
  "nDCG@5_stderr": 0.010681059090447156,
  "nDCG@5_ci90_low": 0.6505347021804128,
  "nDCG@5_ci90_high": 0.685694222934862,
  "nDCG@5_ci95_low": 0.6471628718213371,
  "nDCG@5_ci95_high": 0.6890660532939377,
  "nDCG@10": 0.6873815659745938,
  "nDCG@10_std": 0.38816479516084335,
  "nDCG@10_stderr": 0.010076256023259159,
  "nDCG@10_ci90_low": 0.670797239936468,
  "nDCG@10_ci90_high": 0.7039658920127195,
  "nDCG@10_ci95_low": 0.6676163357136433,
  "nDCG@10_ci95_high": 0.7071467962355442,
  "nDCG@100": 0.7138992214379885,
  "nDCG@100_std": 0.34711369620724025,
  "nDCG@100_stderr": 0.009010622590631012,
  "nDCG@100_ci90_low": 0.6990688020337392,
  "nDCG@100_ci90_high": 0.7287296408422377,
  "nDCG@100_ci95_low": 0.6962243003276831,
  "nDCG@100_ci95_high": 0.7315741425482938,
  "RR@1": 0.5613207547169812,
  "RR@3": 0.6306154537286617,
  "RR@5": 0.6422731356693628,
  "RR@10": 0.6496612009583712,
  "RR@100": 0.6548691698422119,
  "P@1": 0.5613207547169812,
  "P@3": 0.2468553459119475,
  "P@5": 0.15983827493261157,
  "P@10": 0.0865902964959551,
  "P@100": 0.00997978436657664,
  "R@1": 0.5453167115902965,
  "R@3": 0.707378706199461,
  "R@5": 0.7603324348607367,
  "R@10": 0.8182839173405211,
  "R@100": 0.9392969451931716,
  "AP": 0.6484628182890193
}