{
  "nDCG@1": 0.6300539083557951,
  "nDCG@1_std": 0.48295253685768136,
  "nDCG@1_stderr": 0.012536823197590698,
  "nDCG@1_ci90_low": 0.6094197796763282,
  "nDCG@1_ci90_high": 0.650688037035262,
  "nDCG@1_ci95_low": 0.6054621158617158,
  "nDCG@1_ci95_high": 0.6546457008498744,
  "nDCG@3": 0.7117113039970265,
  "nDCG@3_std": 0.4079322670790238,
  "nDCG@3_stderr": 0.010589394026662166,
  "nDCG@3_ci90_low": 0.694282413476682,
  "nDCG@3_ci90_high": 0.7291401945173711,
  "nDCG@3_ci95_low": 0.6909395202335158,
  "nDCG@3_ci95_high": 0.7324830877605373,
  "nDCG@5": 0.7343865867534188,
  "nDCG@5_std": 0.3800420800390844,
  "nDCG@5_stderr": 0.00986540084475971,
  "nDCG@5_ci90_low": 0.7181493034084313,
  "nDCG@5_ci90_high": 0.7506238700984064,
  "nDCG@5_ci95_low": 0.7150349626121556,
  "nDCG@5_ci95_high": 0.7537382108946821,
  "nDCG@10": 0.7525292928425457,
  "nDCG@10_std": 0.352764713807411,
  "nDCG@10_stderr": 0.009157315698406717,
  "nDCG@10_ci90_low": 0.7374574339273031,
  "nDCG@10_ci90_high": 0.7676011517577882,
  "nDCG@10_ci95_low": 0.7345666236791749,
  "nDCG@10_ci95_high": 0.7704919620059164,
  "nDCG@100": 0.7719817339999195,
  "nDCG@100_std": 0.3164628938590911,
  "nDCG@100_stderr": 0.00821496740595542,
  "nDCG@100_ci90_low": 0.7584608689545637,
  "nDCG@100_ci90_high": 0.7855025990452754,
  "nDCG@100_ci95_low": 0.755867542182035,
  "nDCG@100_ci95_high": 0.7880959258178041,
  "RR@1": 0.6300539083557951,
  "RR@3": 0.6977762803234508,
  "RR@5": 0.7098045822102436,
  "RR@10": 0.7166054314807696,
  "RR@100": 0.7203473043425855,
  "P@1": 0.6300539083557951,
  "P@3": 0.2693171608265916,
  "P@5": 0.17358490566037368,
  "P@10": 0.09305929919137255,
  "P@100": 0.010276280323449951,
  "R@1": 0.6108490566037735,
  "R@3": 0.7690363881401617,
  "R@5": 0.8227201257861636,
  "R@10": 0.8775831087151842,
  "R@100": 0.9669811320754716,
  "AP": 0.7140388773722812
}