nDCG@1,nDCG@1_std,nDCG@1_stderr,nDCG@1_ci90_low,nDCG@1_ci90_high,nDCG@1_ci95_low,nDCG@1_ci95_high,nDCG@3,nDCG@3_std,nDCG@3_stderr,nDCG@3_ci90_low,nDCG@3_ci90_high,nDCG@3_ci95_low,nDCG@3_ci95_high,nDCG@5,nDCG@5_std,nDCG@5_stderr,nDCG@5_ci90_low,nDCG@5_ci90_high,nDCG@5_ci95_low,nDCG@5_ci95_high,nDCG@10,nDCG@10_std,nDCG@10_stderr,nDCG@10_ci90_low,nDCG@10_ci90_high,nDCG@10_ci95_low,nDCG@10_ci95_high,nDCG@100,nDCG@100_std,nDCG@100_stderr,nDCG@100_ci90_low,nDCG@100_ci90_high,nDCG@100_ci95_low,nDCG@100_ci95_high,RR@1,RR@3,RR@5,RR@10,RR@100,P@1,P@3,P@5,P@10,P@100,R@1,R@3,R@5,R@10,R@100,AP
0.6266846361185984,0.48384786679223407,0.012560064804656334,0.606012254501896,0.6473570177353007,0.6020472537035975,0.6513220185335993,0.7097389320560449,0.407936075755413,0.01058949289497502,0.692309878810147,0.7271679853019427,0.6889669543559207,0.7305109097561691,0.7271667369407072,0.38734391078447233,0.010054946926594737,0.7106174831561888,0.7437159907252257,0.7074433058560831,0.7468901680253314,0.7486661858514168,0.3555495472279653,0.009229606372052187,0.7334753450347136,0.7638570266681199,0.7305617138391483,0.7667706578636853,0.7677753312190195,0.3205468717841264,0.008320982190601057,0.7540799783729005,0.7814706840651385,0.7514531845194062,0.7840974779186328,0.6266846361185984,0.6950808625336936,0.7043126684636131,0.7126689984169775,0.7162667655323397,0.6266846361185984,0.2693171608265916,0.1710242587601043,0.092654986522909,0.010235849056603592,0.6084905660377359,0.7689240790655886,0.8099168912848158,0.8751123090745733,0.9624326145552561,0.7098500913605733
