nDCG@1,nDCG@1_std,nDCG@1_stderr,nDCG@1_ci90_low,nDCG@1_ci90_high,nDCG@1_ci95_low,nDCG@1_ci95_high,nDCG@3,nDCG@3_std,nDCG@3_stderr,nDCG@3_ci90_low,nDCG@3_ci90_high,nDCG@3_ci95_low,nDCG@3_ci95_high,nDCG@5,nDCG@5_std,nDCG@5_stderr,nDCG@5_ci90_low,nDCG@5_ci90_high,nDCG@5_ci95_low,nDCG@5_ci95_high,nDCG@10,nDCG@10_std,nDCG@10_stderr,nDCG@10_ci90_low,nDCG@10_ci90_high,nDCG@10_ci95_low,nDCG@10_ci95_high,nDCG@100,nDCG@100_std,nDCG@100_stderr,nDCG@100_ci90_low,nDCG@100_ci90_high,nDCG@100_ci95_low,nDCG@100_ci95_high,RR@1,RR@3,RR@5,RR@10,RR@100,P@1,P@3,P@5,P@10,P@100,R@1,R@3,R@5,R@10,R@100,AP
0.5815363881401617,0.493473314059809,0.012809928966001197,0.5604527596568235,0.6026200166235,0.5564088809534657,0.6066638953268577,0.6677206858086281,0.4251543062371066,0.011036455887920165,0.6495559843234568,0.6858853872937993,0.6460719611845183,0.6893694104327379,0.6885926142703495,0.4028236703332662,0.010456781462690433,0.6713819883507238,0.7058032401899751,0.6680809586592344,0.7091042698814645,0.7090578730646391,0.37663250661470354,0.009776892728664518,0.692966263613899,0.7251494825153791,0.6898798633383476,0.7282358827909305,0.7324500674615582,0.33789965324784377,0.008771437953008953,0.7180133176906012,0.7468868172325152,0.7152443225439349,0.7496558123791814,0.5815363881401617,0.6519541778975747,0.6628369272237206,0.6707731677576696,0.6753799229511822,0.5815363881401617,0.2553908355795122,0.16428571428571107,0.08908355795148058,0.010067385444743756,0.5648584905660378,0.7302897574123989,0.7797057502246181,0.8410826594788859,0.9477201257861636,0.6692648450837388
