nDCG@1,nDCG@1_std,nDCG@1_stderr,nDCG@1_ci90_low,nDCG@1_ci90_high,nDCG@1_ci95_low,nDCG@1_ci95_high,nDCG@3,nDCG@3_std,nDCG@3_stderr,nDCG@3_ci90_low,nDCG@3_ci90_high,nDCG@3_ci95_low,nDCG@3_ci95_high,nDCG@5,nDCG@5_std,nDCG@5_stderr,nDCG@5_ci90_low,nDCG@5_ci90_high,nDCG@5_ci95_low,nDCG@5_ci95_high,nDCG@10,nDCG@10_std,nDCG@10_stderr,nDCG@10_ci90_low,nDCG@10_ci90_high,nDCG@10_ci95_low,nDCG@10_ci95_high,nDCG@100,nDCG@100_std,nDCG@100_stderr,nDCG@100_ci90_low,nDCG@100_ci90_high,nDCG@100_ci95_low,nDCG@100_ci95_high,RR@1,RR@3,RR@5,RR@10,RR@100,P@1,P@3,P@5,P@10,P@100,R@1,R@3,R@5,R@10,R@100,AP
0.6300539083557951,0.48295253685768136,0.012536823197590698,0.6094197796763282,0.650688037035262,0.6054621158617158,0.6546457008498744,0.7123851584444659,0.4071677886530954,0.010569549155514793,0.6949889302356518,0.7297813866532801,0.6916523016838838,0.733118015205048,0.734480014572727,0.37997587656688836,0.009863682288250226,0.7182455597685589,0.7507144693768952,0.7151317614916123,0.7538282676538418,0.7526106799229403,0.35270320978572706,0.009155719133554176,0.7375414487646736,0.7676799110812069,0.7346511425251643,0.7705702173207163,0.7720594368796578,0.31639521021122513,0.00821321042600003,0.7585414636155703,0.7855774101437454,0.7559486914920052,0.7881701822673105,0.6307277628032345,0.6985624438454635,0.7102538185085367,0.7170426346639296,0.7207759657248226,0.6300539083557951,0.2697663971248844,0.17358490566037368,0.09305929919137255,0.010276280323449951,0.6108490566037735,0.7703840970350404,0.8227201257861636,0.8775831087151842,0.9669811320754716,0.7141364190960079
