{
  "nDCG@1": 0.6266846361185984,
  "nDCG@1_std": 0.48384786679223407,
  "nDCG@1_stderr": 0.012560064804656334,
  "nDCG@1_ci90_low": 0.606012254501896,
  "nDCG@1_ci90_high": 0.6473570177353007,
  "nDCG@1_ci95_low": 0.6020472537035975,
  "nDCG@1_ci95_high": 0.6513220185335993,
  "nDCG@3": 0.7097389320560449,
  "nDCG@3_std": 0.407936075755413,
  "nDCG@3_stderr": 0.01058949289497502,
  "nDCG@3_ci90_low": 0.692309878810147,
  "nDCG@3_ci90_high": 0.7271679853019427,
  "nDCG@3_ci95_low": 0.6889669543559207,
  "nDCG@3_ci95_high": 0.7305109097561691,
  "nDCG@5": 0.7271667369407072,
  "nDCG@5_std": 0.38734391078447233,
  "nDCG@5_stderr": 0.010054946926594737,
  "nDCG@5_ci90_low": 0.7106174831561888,
  "nDCG@5_ci90_high": 0.7437159907252257,
  "nDCG@5_ci95_low": 0.7074433058560831,
  "nDCG@5_ci95_high": 0.7468901680253314,
  "nDCG@10": 0.7486661858514168,
  "nDCG@10_std": 0.3555495472279653,
  "nDCG@10_stderr": 0.009229606372052187,
  "nDCG@10_ci90_low": 0.7334753450347136,
  "nDCG@10_ci90_high": 0.7638570266681199,
  "nDCG@10_ci95_low": 0.7305617138391483,
  "nDCG@10_ci95_high": 0.7667706578636853,
  "nDCG@100": 0.7677753312190195,
  "nDCG@100_std": 0.3205468717841264,
  "nDCG@100_stderr": 0.008320982190601057,
  "nDCG@100_ci90_low": 0.7540799783729005,
  "nDCG@100_ci90_high": 0.7814706840651385,
  "nDCG@100_ci95_low": 0.7514531845194062,
  "nDCG@100_ci95_high": 0.7840974779186328,
  "RR@1": 0.6266846361185984,
  "RR@3": 0.6950808625336936,
  "RR@5": 0.7043126684636131,
  "RR@10": 0.7126689984169775,
  "RR@100": 0.7162667655323397,
  "P@1": 0.6266846361185984,
  "P@3": 0.2693171608265916,
  "P@5": 0.1710242587601043,
  "P@10": 0.092654986522909,
  "P@100": 0.010235849056603592,
  "R@1": 0.6084905660377359,
  "R@3": 0.7689240790655886,
  "R@5": 0.8099168912848158,
  "R@10": 0.8751123090745733,
  "R@100": 0.9624326145552561,
  "AP": 0.7098500913605733
}