nDCG@1,nDCG@1_std,nDCG@1_stderr,nDCG@1_ci90_low,nDCG@1_ci90_high,nDCG@1_ci95_low,nDCG@1_ci95_high,nDCG@3,nDCG@3_std,nDCG@3_stderr,nDCG@3_ci90_low,nDCG@3_ci90_high,nDCG@3_ci95_low,nDCG@3_ci95_high,nDCG@5,nDCG@5_std,nDCG@5_stderr,nDCG@5_ci90_low,nDCG@5_ci90_high,nDCG@5_ci95_low,nDCG@5_ci95_high,nDCG@10,nDCG@10_std,nDCG@10_stderr,nDCG@10_ci90_low,nDCG@10_ci90_high,nDCG@10_ci95_low,nDCG@10_ci95_high,nDCG@100,nDCG@100_std,nDCG@100_stderr,nDCG@100_ci90_low,nDCG@100_ci90_high,nDCG@100_ci95_low,nDCG@100_ci95_high,RR@1,RR@3,RR@5,RR@10,RR@100,P@1,P@3,P@5,P@10,P@100,R@1,R@3,R@5,R@10,R@100,AP
0.6361185983827493,0.48127726998544446,0.012493335436406822,0.6155560454163723,0.6566811513491263,0.6116121099551157,0.6606250868103829,0.716022190922075,0.40647244756664985,0.010551499000276956,0.6986556711346043,0.7333887107095457,0.695324740712666,0.7367196411314839,0.736197792139468,0.3819555977105276,0.009915073288533244,0.7198787538251,0.752516830453836,0.7167487322753984,0.7556468520035377,0.7558953669712103,0.3519470475671618,0.009136090140393623,0.7408584428148324,0.7709322911275882,0.7379743331176787,0.7738164008247419,0.7747436481323972,0.3167077554665961,0.008221323696577977,0.7612123213842189,0.7882749748805754,0.758616988037856,0.7908703082269383,0.6361185983827493,0.7024932614555264,0.7128032345013487,0.7203931887220303,0.7240673757019614,0.6361185983827493,0.2704402515723238,0.17304582210242225,0.09319407008086043,0.010269541778975558,0.6175876010781671,0.7719564240790657,0.8196877807726864,0.8797169811320755,0.9658018867924528,0.7179469628310645
