nDCG@1,nDCG@1_std,nDCG@1_stderr,nDCG@1_ci90_low,nDCG@1_ci90_high,nDCG@1_ci95_low,nDCG@1_ci95_high,nDCG@3,nDCG@3_std,nDCG@3_stderr,nDCG@3_ci90_low,nDCG@3_ci90_high,nDCG@3_ci95_low,nDCG@3_ci95_high,nDCG@5,nDCG@5_std,nDCG@5_stderr,nDCG@5_ci90_low,nDCG@5_ci90_high,nDCG@5_ci95_low,nDCG@5_ci95_high,nDCG@10,nDCG@10_std,nDCG@10_stderr,nDCG@10_ci90_low,nDCG@10_ci90_high,nDCG@10_ci95_low,nDCG@10_ci95_high,nDCG@100,nDCG@100_std,nDCG@100_stderr,nDCG@100_ci90_low,nDCG@100_ci90_high,nDCG@100_ci95_low,nDCG@100_ci95_high,RR@1,RR@3,RR@5,RR@10,RR@100,P@1,P@3,P@5,P@10,P@100,R@1,R@3,R@5,R@10,R@100,AP
0.6179245283018868,0.4860586443665333,0.012617453731026866,0.5971576912978154,0.6386913653059583,0.5931745737825721,0.6426744828212015,0.7018585543567802,0.41193180048206407,0.010693216740738828,0.6842587839246473,0.7194583247889131,0.6808831156002537,0.7228339931133068,0.7211839353341345,0.38895527072214553,0.010096775746415685,0.704565836257863,0.737802034410406,0.7013784543042334,0.7409894163640356,0.7404514067548958,0.36127146207684296,0.009378139880704586,0.725016097344958,0.7558867161648337,0.722055576623778,0.7588472368860137,0.7616743956786453,0.3233317766000144,0.008393274717577047,0.7478600578807026,0.7754887334765879,0.745210442494706,0.7781383488625845,0.6185983827493261,0.6871069182389945,0.6974505840071892,0.7047544174902675,0.7088010575520919,0.6179245283018868,0.2666217430368343,0.17035040431266496,0.09171159029649394,0.010242587601077985,0.6005727762803235,0.7613993710691824,0.8072214734950585,0.8656783468104223,0.9627695417789758,0.7023342549449884
