{
  "nDCG@1": 0.1293800539083558,
  "nDCG@1_std": 0.3357332427433082,
  "nDCG@1_stderr": 0.00871520073838434,
  "nDCG@1_ci90_low": 0.11503586394340784,
  "nDCG@1_ci90_high": 0.14372424387330376,
  "nDCG@1_ci95_low": 0.11228462193769656,
  "nDCG@1_ci95_high": 0.14647548587901504,
  "nDCG@3": 0.20367399336696335,
  "nDCG@3_std": 0.3583104763777795,
  "nDCG@3_stderr": 0.009301276521747448,
  "nDCG@3_ci90_low": 0.18836519195785323,
  "nDCG@3_ci90_high": 0.21898279477607346,
  "nDCG@3_ci95_low": 0.1854289357038049,
  "nDCG@3_ci95_high": 0.2219190510301218,
  "nDCG@5": 0.23422526088722623,
  "nDCG@5_std": 0.35761787413980195,
  "nDCG@5_stderr": 0.009283297463473365,
  "nDCG@5_ci90_low": 0.2189460508822634,
  "nDCG@5_ci90_high": 0.24950447089218905,
  "nDCG@5_ci95_low": 0.2160154703139315,
  "nDCG@5_ci95_high": 0.252435051460521,
  "nDCG@10": 0.267652135469303,
  "nDCG@10_std": 0.34936238426175587,
  "nDCG@10_stderr": 0.009068995624033887,
  "nDCG@10_ci90_low": 0.2527256409538663,
  "nDCG@10_ci90_high": 0.2825786299847397,
  "nDCG@10_ci95_low": 0.24986271186485953,
  "nDCG@10_ci95_high": 0.28544155907374646,
  "nDCG@100": 0.3341367819538125,
  "nDCG@100_std": 0.3116358511565469,
  "nDCG@100_stderr": 0.008089663620778597,
  "nDCG@100_ci90_low": 0.32082215212344,
  "nDCG@100_ci90_high": 0.34745141178418504,
  "nDCG@100_ci95_low": 0.31826838164428906,
  "nDCG@100_ci95_high": 0.350005182263336,
  "RR@1": 0.1293800539083558,
  "RR@3": 0.188230008984726,
  "RR@5": 0.20490790655884966,
  "RR@10": 0.21866496598639426,
  "RR@100": 0.23079217062708696,
  "P@1": 0.1293800539083558,
  "P@3": 0.08894878706199419,
  "P@5": 0.06873315363881462,
  "P@10": 0.045080862533693034,
  "P@100": 0.007944743935309835,
  "R@1": 0.12646001796945192,
  "R@3": 0.2581424079065589,
  "R@5": 0.3322663971248877,
  "R@10": 0.43502920035938897,
  "R@100": 0.7563454627133871,
  "AP": 0.2271836735109451
}