{
  "nDCG@1": 0.1293800539083558,
  "nDCG@3": 0.20367399336696335,
  "nDCG@5": 0.23422526088722623,
  "nDCG@10": 0.267652135469303,
  "nDCG@100": 0.3341367819538125,
  "RR@1": 0.1293800539083558,
  "RR@3": 0.188230008984726,
  "RR@5": 0.20490790655884966,
  "RR@10": 0.21866496598639426,
  "RR@100": 0.23079217062708696,
  "P@1": 0.1293800539083558,
  "P@3": 0.08894878706199419,
  "P@5": 0.06873315363881462,
  "P@10": 0.045080862533693034,
  "P@100": 0.007944743935309835,
  "R@1": 0.12646001796945192,
  "R@3": 0.2581424079065589,
  "R@5": 0.3322663971248877,
  "R@10": 0.43502920035938897,
  "R@100": 0.7563454627133871,
  "AP": 0.2271836735109451
}