nDCG@1,nDCG@1_std,nDCG@1_stderr,nDCG@1_ci90_low,nDCG@1_ci90_high,nDCG@1_ci95_low,nDCG@1_ci95_high,nDCG@3,nDCG@3_std,nDCG@3_stderr,nDCG@3_ci90_low,nDCG@3_ci90_high,nDCG@3_ci95_low,nDCG@3_ci95_high,nDCG@5,nDCG@5_std,nDCG@5_stderr,nDCG@5_ci90_low,nDCG@5_ci90_high,nDCG@5_ci95_low,nDCG@5_ci95_high,nDCG@10,nDCG@10_std,nDCG@10_stderr,nDCG@10_ci90_low,nDCG@10_ci90_high,nDCG@10_ci95_low,nDCG@10_ci95_high,nDCG@100,nDCG@100_std,nDCG@100_stderr,nDCG@100_ci90_low,nDCG@100_ci90_high,nDCG@100_ci95_low,nDCG@100_ci95_high,RR@1,RR@3,RR@5,RR@10,RR@100,P@1,P@3,P@5,P@10,P@100,R@1,R@3,R@5,R@10,R@100,AP
0.13881401617250674,0.3458688987516963,0.008978309258727831,0.12403678069197115,0.15359125165304235,0.121202479760257,0.1564255525847565,0.20839640331425632,0.3659304745408495,0.009499081818222213,0.19276203777485482,0.22403076885365783,0.1897633377220978,0.22702946890641484,0.23812764040702272,0.3642326457302039,0.009455008378299252,0.2225658145386674,0.2536894662753781,0.2195810277281743,0.2566742530858711,0.272802115890183,0.35536870991387903,0.009224912069276645,0.2576190013408128,0.2879852304395532,0.25470685205752597,0.29089737972284,0.3375022581249639,0.3185513043594673,0.008269179841358621,0.32389216582079566,0.3511123504291322,0.32128172509599096,0.3537227911539369,0.13881401617250674,0.192722371967655,0.20923180592991883,0.22394322508877745,0.23610549086796187,0.13881401617250674,0.08872416891284775,0.06805929919137525,0.04528301886792484,0.00787061994609151,0.1355570530098832,0.26010781671159033,0.3325471698113208,0.43828616352201255,0.7485399820305482,0.23318964504641082
