nDCG@1,nDCG@3,nDCG@5,nDCG@10,nDCG@100,RR@1,RR@3,RR@5,RR@10,RR@100,P@1,P@3,P@5,P@10,P@100,R@1,R@3,R@5,R@10,R@100,AP
0.13881401617250674,0.20839640331425632,0.23812764040702272,0.272802115890183,0.3375022581249639,0.13881401617250674,0.192722371967655,0.20923180592991883,0.22394322508877745,0.23610549086796187,0.13881401617250674,0.08872416891284775,0.06805929919137525,0.04528301886792484,0.00787061994609151,0.1355570530098832,0.26010781671159033,0.3325471698113208,0.43828616352201255,0.7485399820305482,0.23318964504641082
