nDCG@1,nDCG@1_std,nDCG@1_stderr,nDCG@1_ci90_low,nDCG@1_ci90_high,nDCG@1_ci95_low,nDCG@1_ci95_high,nDCG@3,nDCG@3_std,nDCG@3_stderr,nDCG@3_ci90_low,nDCG@3_ci90_high,nDCG@3_ci95_low,nDCG@3_ci95_high,nDCG@5,nDCG@5_std,nDCG@5_stderr,nDCG@5_ci90_low,nDCG@5_ci90_high,nDCG@5_ci95_low,nDCG@5_ci95_high,nDCG@10,nDCG@10_std,nDCG@10_stderr,nDCG@10_ci90_low,nDCG@10_ci90_high,nDCG@10_ci95_low,nDCG@10_ci95_high,nDCG@100,nDCG@100_std,nDCG@100_stderr,nDCG@100_ci90_low,nDCG@100_ci90_high,nDCG@100_ci95_low,nDCG@100_ci95_high,RR@1,RR@3,RR@5,RR@10,RR@100,P@1,P@3,P@5,P@10,P@100,R@1,R@3,R@5,R@10,R@100,AP
0.12735849056603774,0.33348650195753826,0.008656878253559474,0.11311029251529447,0.141606688616781,0.11037746193519969,0.14433951919687577,0.1986485747454038,0.35547908873320416,0.009227777360660435,0.18346074426519643,0.21383640522561115,0.18054769045770525,0.21674945903310233,0.22989202397868802,0.355138789631154,0.009218943636120006,0.21471873276460998,0.24506531519276606,0.21180846761509148,0.24797558034228456,0.26290258889496854,0.34743415189402727,0.009018941205777028,0.24805847803374864,0.27774669975618843,0.2452113502810752,0.28059382750886186,0.3288380382269395,0.31110959210568845,0.008076002616490947,0.31554589279440204,0.342130183659477,0.3129964348640913,0.34467964158978776,0.12735849056603774,0.18351302785265056,0.20086477987421358,0.214654462413896,0.22684136476549402,0.12735849056603774,0.08647798742138316,0.06752021563342378,0.044339622641509785,0.007816711590296361,0.1241015274034142,0.2518530997304583,0.3268755615453729,0.4279537286612758,0.7447214734950584,0.2232134582566653
