nDCG@1,nDCG@1_std,nDCG@1_stderr,nDCG@1_ci90_low,nDCG@1_ci90_high,nDCG@1_ci95_low,nDCG@1_ci95_high,nDCG@3,nDCG@3_std,nDCG@3_stderr,nDCG@3_ci90_low,nDCG@3_ci90_high,nDCG@3_ci95_low,nDCG@3_ci95_high,nDCG@5,nDCG@5_std,nDCG@5_stderr,nDCG@5_ci90_low,nDCG@5_ci90_high,nDCG@5_ci95_low,nDCG@5_ci95_high,nDCG@10,nDCG@10_std,nDCG@10_stderr,nDCG@10_ci90_low,nDCG@10_ci90_high,nDCG@10_ci95_low,nDCG@10_ci95_high,nDCG@100,nDCG@100_std,nDCG@100_stderr,nDCG@100_ci90_low,nDCG@100_ci90_high,nDCG@100_ci95_low,nDCG@100_ci95_high,RR@1,RR@3,RR@5,RR@10,RR@100,P@1,P@3,P@5,P@10,P@100,R@1,R@3,R@5,R@10,R@100,AP
0.13274932614555257,0.3394179925516408,0.008810852077488985,0.11824770538586964,0.14725094690523552,0.11546626786430658,0.15003238442679856,0.21315664926509192,0.36236965148021083,0.009406647457198688,0.19767441975486646,0.22863887877531738,0.1947048996721931,0.23160839885799075,0.2399287439221149,0.3611830683581673,0.009375845294097745,0.2244972111304292,0.2553602767138006,0.22153741477157285,0.258320073072657,0.2735797140046383,0.3524515820340831,0.009149187202581222,0.2585212336324438,0.28863819437683286,0.2556329894134674,0.29152643859580923,0.3403717844764957,0.31358622951401277,0.008140292920285026,0.32697382480534115,0.3537697441476502,0.3244040715095342,0.35633949744345716,0.13274932614555257,0.19575471698113214,0.21051212938005381,0.22450931630513826,0.23682261763510717,0.13274932614555257,0.09389038634321627,0.06994609164420547,0.045619946091644485,0.008005390835579376,0.12949236298292902,0.27263027852650495,0.33732030548068287,0.44042003593890383,0.7622416891284814,0.23321249152402568
