nDCG@1,nDCG@1_std,nDCG@1_stderr,nDCG@1_ci90_low,nDCG@1_ci90_high,nDCG@1_ci95_low,nDCG@1_ci95_high,nDCG@3,nDCG@3_std,nDCG@3_stderr,nDCG@3_ci90_low,nDCG@3_ci90_high,nDCG@3_ci95_low,nDCG@3_ci95_high,nDCG@5,nDCG@5_std,nDCG@5_stderr,nDCG@5_ci90_low,nDCG@5_ci90_high,nDCG@5_ci95_low,nDCG@5_ci95_high,nDCG@10,nDCG@10_std,nDCG@10_stderr,nDCG@10_ci90_low,nDCG@10_ci90_high,nDCG@10_ci95_low,nDCG@10_ci95_high,nDCG@100,nDCG@100_std,nDCG@100_stderr,nDCG@100_ci90_low,nDCG@100_ci90_high,nDCG@100_ci95_low,nDCG@100_ci95_high,RR@1,RR@3,RR@5,RR@10,RR@100,P@1,P@3,P@5,P@10,P@100,R@1,R@3,R@5,R@10,R@100,AP
0.13611859838274934,0.34303005371587486,0.008904616513409591,0.12146265244787248,0.15077454431762619,0.11865161507399502,0.15358558169150366,0.20892648709298958,0.3625729560643014,0.009411924981243984,0.19343557140217887,0.2244174027838003,0.19046438529410054,0.22738858889187863,0.23696910617978786,0.36149296463953695,0.009383889800736844,0.22152433308132444,0.25241387927825126,0.21856199720728708,0.25537621515228864,0.27389815441613624,0.3516807724535178,0.009129177982848303,0.2588726068538121,0.2889237019784604,0.25599067920831264,0.29180562962395984,0.33899195702233004,0.31436968602047205,0.008160630437856397,0.3255605242018797,0.3524233898427804,0.3229843506945006,0.3549995633501595,0.13611859838274934,0.19350853548966762,0.2090071877807725,0.22443016514782,0.23643932215939667,0.13611859838274934,0.09074573225516587,0.06846361185983887,0.046024258760108086,0.007958221024258623,0.1320754716981132,0.26370170709793356,0.3314240790655885,0.4451370170709793,0.7571316262353998,0.23231635735458386
