{
  "nDCG@1": 0.12735849056603774,
  "nDCG@3": 0.1986485747454038,
  "nDCG@5": 0.22989202397868802,
  "nDCG@10": 0.26290258889496854,
  "nDCG@100": 0.3288380382269395,
  "RR@1": 0.12735849056603774,
  "RR@3": 0.18351302785265056,
  "RR@5": 0.20086477987421358,
  "RR@10": 0.214654462413896,
  "RR@100": 0.22684136476549402,
  "P@1": 0.12735849056603774,
  "P@3": 0.08647798742138316,
  "P@5": 0.06752021563342378,
  "P@10": 0.044339622641509785,
  "P@100": 0.007816711590296361,
  "R@1": 0.1241015274034142,
  "R@3": 0.2518530997304583,
  "R@5": 0.3268755615453729,
  "R@10": 0.4279537286612758,
  "R@100": 0.7447214734950584,
  "AP": 0.2232134582566653
}