{
  "nDCG@1": 0.13611859838274934,
  "nDCG@3": 0.2100581989447338,
  "nDCG@5": 0.24066589033360303,
  "nDCG@10": 0.27622797250119246,
  "nDCG@100": 0.3394899482485572,
  "RR@1": 0.13611859838274934,
  "RR@3": 0.19339622641509438,
  "RR@5": 0.2106469002695415,
  "RR@10": 0.22553721174004188,
  "RR@100": 0.23720575812558006,
  "P@1": 0.13611859838274934,
  "P@3": 0.09029649595687295,
  "P@5": 0.06954177897574186,
  "P@10": 0.04615902964959596,
  "P@100": 0.007904312668463476,
  "R@1": 0.13286163522012578,
  "R@3": 0.2644878706199461,
  "R@5": 0.3388364779874214,
  "R@10": 0.4478324348607367,
  "R@100": 0.7520777178796048,
  "AP": 0.23435804707634791
}