{
  "nDCG@1": 0.13611859838274934,
  "nDCG@1_std": 0.34303005371587486,
  "nDCG@1_stderr": 0.008904616513409591,
  "nDCG@1_ci90_low": 0.12146265244787248,
  "nDCG@1_ci90_high": 0.15077454431762619,
  "nDCG@1_ci95_low": 0.11865161507399502,
  "nDCG@1_ci95_high": 0.15358558169150366,
  "nDCG@3": 0.20892648709298958,
  "nDCG@3_std": 0.3625729560643014,
  "nDCG@3_stderr": 0.009411924981243984,
  "nDCG@3_ci90_low": 0.19343557140217887,
  "nDCG@3_ci90_high": 0.2244174027838003,
  "nDCG@3_ci95_low": 0.19046438529410054,
  "nDCG@3_ci95_high": 0.22738858889187863,
  "nDCG@5": 0.23696910617978786,
  "nDCG@5_std": 0.36149296463953695,
  "nDCG@5_stderr": 0.009383889800736844,
  "nDCG@5_ci90_low": 0.22152433308132444,
  "nDCG@5_ci90_high": 0.25241387927825126,
  "nDCG@5_ci95_low": 0.21856199720728708,
  "nDCG@5_ci95_high": 0.25537621515228864,
  "nDCG@10": 0.27389815441613624,
  "nDCG@10_std": 0.3516807724535178,
  "nDCG@10_stderr": 0.009129177982848303,
  "nDCG@10_ci90_low": 0.2588726068538121,
  "nDCG@10_ci90_high": 0.2889237019784604,
  "nDCG@10_ci95_low": 0.25599067920831264,
  "nDCG@10_ci95_high": 0.29180562962395984,
  "nDCG@100": 0.33899195702233004,
  "nDCG@100_std": 0.31436968602047205,
  "nDCG@100_stderr": 0.008160630437856397,
  "nDCG@100_ci90_low": 0.3255605242018797,
  "nDCG@100_ci90_high": 0.3524233898427804,
  "nDCG@100_ci95_low": 0.3229843506945006,
  "nDCG@100_ci95_high": 0.3549995633501595,
  "RR@1": 0.13611859838274934,
  "RR@3": 0.19350853548966762,
  "RR@5": 0.2090071877807725,
  "RR@10": 0.22443016514782,
  "RR@100": 0.23643932215939667,
  "P@1": 0.13611859838274934,
  "P@3": 0.09074573225516587,
  "P@5": 0.06846361185983887,
  "P@10": 0.046024258760108086,
  "P@100": 0.007958221024258623,
  "R@1": 0.1320754716981132,
  "R@3": 0.26370170709793356,
  "R@5": 0.3314240790655885,
  "R@10": 0.4451370170709793,
  "R@100": 0.7571316262353998,
  "AP": 0.23231635735458386
}