nDCG@1,nDCG@3,nDCG@5,nDCG@10,nDCG@100,RR@1,RR@3,RR@5,RR@10,RR@100,P@1,P@3,P@5,P@10,P@100,R@1,R@3,R@5,R@10,R@100,AP
0.13274932614555257,0.21315664926509192,0.2399287439221149,0.2735797140046383,0.3403717844764957,0.13274932614555257,0.19575471698113214,0.21051212938005381,0.22450931630513826,0.23682261763510717,0.13274932614555257,0.09389038634321627,0.06994609164420547,0.045619946091644485,0.008005390835579376,0.12949236298292902,0.27263027852650495,0.33732030548068287,0.44042003593890383,0.7622416891284814,0.23321249152402568
