{
  "nDCG@1": 0.13611859838274934,
  "nDCG@1_std": 0.34303005371587486,
  "nDCG@1_stderr": 0.008904616513409591,
  "nDCG@1_ci90_low": 0.12146265244787248,
  "nDCG@1_ci90_high": 0.15077454431762619,
  "nDCG@1_ci95_low": 0.11865161507399502,
  "nDCG@1_ci95_high": 0.15358558169150366,
  "nDCG@3": 0.2100581989447338,
  "nDCG@3_std": 0.364942633592078,
  "nDCG@3_stderr": 0.00947343874488282,
  "nDCG@3_ci90_low": 0.19446603887211464,
  "nDCG@3_ci90_high": 0.22565035901735295,
  "nDCG@3_ci95_low": 0.19147543390547722,
  "nDCG@3_ci95_high": 0.22864096398399036,
  "nDCG@5": 0.24066589033360303,
  "nDCG@5_std": 0.362958397837018,
  "nDCG@5_stderr": 0.009421930551126596,
  "nDCG@5_ci90_low": 0.22515850665778406,
  "nDCG@5_ci90_high": 0.25617327400942197,
  "nDCG@5_ci95_low": 0.22218416195990628,
  "nDCG@5_ci95_high": 0.25914761870729974,
  "nDCG@10": 0.27622797250119246,
  "nDCG@10_std": 0.35349350861124645,
  "nDCG@10_stderr": 0.009176234268878375,
  "nDCG@10_ci90_low": 0.2611249758558096,
  "nDCG@10_ci90_high": 0.2913309691465753,
  "nDCG@10_ci95_low": 0.25822819333379676,
  "nDCG@10_ci95_high": 0.29422775166858817,
  "nDCG@100": 0.3394899482485572,
  "nDCG@100_std": 0.3168808558252791,
  "nDCG@100_stderr": 0.008225817157998364,
  "nDCG@100_ci90_low": 0.3259512257941699,
  "nDCG@100_ci90_high": 0.3530286707029445,
  "nDCG@100_ci95_low": 0.32335447393775985,
  "nDCG@100_ci95_high": 0.3556254225593546,
  "RR@1": 0.13611859838274934,
  "RR@3": 0.19339622641509438,
  "RR@5": 0.2106469002695415,
  "RR@10": 0.22553721174004188,
  "RR@100": 0.23720575812558006,
  "P@1": 0.13611859838274934,
  "P@3": 0.09029649595687295,
  "P@5": 0.06954177897574186,
  "P@10": 0.04615902964959596,
  "P@100": 0.007904312668463476,
  "R@1": 0.13286163522012578,
  "R@3": 0.2644878706199461,
  "R@5": 0.3388364779874214,
  "R@10": 0.4478324348607367,
  "R@100": 0.7520777178796048,
  "AP": 0.23435804707634791
}