nDCG@1,nDCG@3,nDCG@5,nDCG@10,nDCG@100,RR@1,RR@3,RR@5,RR@10,RR@100,P@1,P@3,P@5,P@10,P@100,R@1,R@3,R@5,R@10,R@100,AP
0.1293800539083558,0.20367399336696335,0.23422526088722623,0.267652135469303,0.3341367819538125,0.1293800539083558,0.188230008984726,0.20490790655884966,0.21866496598639426,0.23079217062708696,0.1293800539083558,0.08894878706199419,0.06873315363881462,0.045080862533693034,0.007944743935309835,0.12646001796945192,0.2581424079065589,0.3322663971248877,0.43502920035938897,0.7563454627133871,0.2271836735109451
