nDCG@1,nDCG@3,nDCG@5,nDCG@10,nDCG@100,RR@1,RR@3,RR@5,RR@10,RR@100,P@1,P@3,P@5,P@10,P@100,R@1,R@3,R@5,R@10,R@100,AP
0.13611859838274934,0.20892648709298958,0.23696910617978786,0.27389815441613624,0.33899195702233004,0.13611859838274934,0.19350853548966762,0.2090071877807725,0.22443016514782,0.23643932215939667,0.13611859838274934,0.09074573225516587,0.06846361185983887,0.046024258760108086,0.007958221024258623,0.1320754716981132,0.26370170709793356,0.3314240790655885,0.4451370170709793,0.7571316262353998,0.23231635735458386
