nDCG@1,nDCG@1_std,nDCG@1_stderr,nDCG@1_ci90_low,nDCG@1_ci90_high,nDCG@1_ci95_low,nDCG@1_ci95_high,nDCG@3,nDCG@3_std,nDCG@3_stderr,nDCG@3_ci90_low,nDCG@3_ci90_high,nDCG@3_ci95_low,nDCG@3_ci95_high,nDCG@5,nDCG@5_std,nDCG@5_stderr,nDCG@5_ci90_low,nDCG@5_ci90_high,nDCG@5_ci95_low,nDCG@5_ci95_high,nDCG@10,nDCG@10_std,nDCG@10_stderr,nDCG@10_ci90_low,nDCG@10_ci90_high,nDCG@10_ci95_low,nDCG@10_ci95_high,nDCG@100,nDCG@100_std,nDCG@100_stderr,nDCG@100_ci90_low,nDCG@100_ci90_high,nDCG@100_ci95_low,nDCG@100_ci95_high,RR@1,RR@3,RR@5,RR@10,RR@100,P@1,P@3,P@5,P@10,P@100,R@1,R@3,R@5,R@10,R@100,AP
0.6940700808625337,0.46095551227468756,0.011965808890751443,0.6743757742176795,0.713764387507388,0.6705983699970794,0.717541791727988,0.7666638126759775,0.37906958989552536,0.009840156258468631,0.7504680789352063,0.7828595464167487,0.7473617074294042,0.7859659179225508,0.7891501109123361,0.34460038647637947,0.008945380320776509,0.7744270725702826,0.8038731492543896,0.7716031667493657,0.8066970550753065,0.8079469177544389,0.3100032125093596,0.008047282433180916,0.7947020423478703,0.8211917931610075,0.7921616508954419,0.823732184613436,0.8221286343111522,0.27813099952667225,0.007219921008226532,0.8102454979861571,0.8340117706361474,0.8079662905930026,0.8362909780293019,0.6940700808625337,0.7544923629829294,0.7664195867026066,0.7736974821375099,0.7765956107415614,0.6940700808625337,0.28706199460916054,0.18396226415093922,0.09831536388139922,0.0105323450134769,0.6718890386343216,0.8185646900269542,0.8730345911949686,0.9293014375561545,0.9908468104222821,0.7701232809803137
