nDCG@1,nDCG@1_std,nDCG@1_stderr,nDCG@1_ci90_low,nDCG@1_ci90_high,nDCG@1_ci95_low,nDCG@1_ci95_high,nDCG@3,nDCG@3_std,nDCG@3_stderr,nDCG@3_ci90_low,nDCG@3_ci90_high,nDCG@3_ci95_low,nDCG@3_ci95_high,nDCG@5,nDCG@5_std,nDCG@5_stderr,nDCG@5_ci90_low,nDCG@5_ci90_high,nDCG@5_ci95_low,nDCG@5_ci95_high,nDCG@10,nDCG@10_std,nDCG@10_stderr,nDCG@10_ci90_low,nDCG@10_ci90_high,nDCG@10_ci95_low,nDCG@10_ci95_high,nDCG@100,nDCG@100_std,nDCG@100_stderr,nDCG@100_ci90_low,nDCG@100_ci90_high,nDCG@100_ci95_low,nDCG@100_ci95_high,RR@1,RR@3,RR@5,RR@10,RR@100,P@1,P@3,P@5,P@10,P@100,R@1,R@3,R@5,R@10,R@100,AP
0.7203504043126685,0.44897832457007786,0.011654896589443254,0.7011678225547421,0.7395329860705949,0.6974885681082127,0.7432122405171243,0.7950715411099253,0.35509557063898545,0.00921782172698351,0.7799000964256358,0.8102429857942147,0.7769901854439255,0.8131528967759251,0.8161569774544041,0.3206554620032318,0.00832380105223655,0.8024569850953239,0.8298569698134842,0.7998293013747144,0.8324846535340937,0.8321923491849189,0.28874774629539374,0.007495518022457097,0.8198556127599874,0.8445290856098504,0.8174894040337645,0.8468952943360734,0.8430323149407024,0.2613122597566401,0.006783328277447864,0.8318677586295928,0.854196871251812,0.829726376204143,0.8563382536772618,0.7203504043126685,0.7826819407008092,0.7935309973045831,0.7993905895691616,0.8017144860510677,0.7203504043126685,0.2973944294698967,0.1897574123989174,0.10047169811320507,0.010552560646900081,0.6985062893081762,0.8490004492362981,0.8986972147349505,0.9460916442048517,0.9928683737646001,0.7955750054411497
