nDCG@1,nDCG@1_std,nDCG@1_stderr,nDCG@1_ci90_low,nDCG@1_ci90_high,nDCG@1_ci95_low,nDCG@1_ci95_high,nDCG@3,nDCG@3_std,nDCG@3_stderr,nDCG@3_ci90_low,nDCG@3_ci90_high,nDCG@3_ci95_low,nDCG@3_ci95_high,nDCG@5,nDCG@5_std,nDCG@5_stderr,nDCG@5_ci90_low,nDCG@5_ci90_high,nDCG@5_ci95_low,nDCG@5_ci95_high,nDCG@10,nDCG@10_std,nDCG@10_stderr,nDCG@10_ci90_low,nDCG@10_ci90_high,nDCG@10_ci95_low,nDCG@10_ci95_high,nDCG@100,nDCG@100_std,nDCG@100_stderr,nDCG@100_ci90_low,nDCG@100_ci90_high,nDCG@100_ci95_low,nDCG@100_ci95_high,RR@1,RR@3,RR@5,RR@10,RR@100,P@1,P@3,P@5,P@10,P@100,R@1,R@3,R@5,R@10,R@100,AP
0.7587601078167115,0.4279797124324916,0.011109799778322707,0.7404746909598257,0.7770455246735974,0.7369675143906684,0.7805527012427547,0.8274446734103598,0.3307870261695623,0.008586803353652684,0.8133118103594875,0.841577536461232,0.8106011012444005,0.844288245576319,0.8466110162104634,0.29424017777712347,0.007638094439716124,0.8340396158603882,0.8591824165605386,0.8316283981619152,0.8615936342590116,0.8589745231833785,0.2657558501613526,0.006898678136936868,0.8476201146420556,0.8703289317247015,0.8454423182098254,0.8725067281569316,0.8674459984491196,0.24210273545837196,0.006284673872598599,0.8571021683294922,0.8777898285687471,0.8551182026963959,0.8797737942018433,0.7587601078167115,0.8154761904761902,0.8255503144654089,0.8303536666238821,0.8320619012160001,0.7587601078167115,0.30840071877807235,0.19501347708894415,0.10168463611859582,0.010579514824797654,0.7350628930817611,0.8770215633423181,0.9226190476190476,0.9587264150943396,0.9955637915543575,0.8264023114946806
