{
  "nDCG@1": 0.7203504043126685,
  "nDCG@1_std": 0.44897832457007786,
  "nDCG@1_stderr": 0.011654896589443254,
  "nDCG@1_ci90_low": 0.7011678225547421,
  "nDCG@1_ci90_high": 0.7395329860705949,
  "nDCG@1_ci95_low": 0.6974885681082127,
  "nDCG@1_ci95_high": 0.7432122405171243,
  "nDCG@3": 0.791035297696071,
  "nDCG@3_std": 0.36270066432761194,
  "nDCG@3_stderr": 0.009415240122579431,
  "nDCG@3_ci90_low": 0.7755389256745912,
  "nDCG@3_ci90_high": 0.8065316697175507,
  "nDCG@3_ci95_low": 0.7725666930322594,
  "nDCG@3_ci95_high": 0.8095039023598825,
  "nDCG@5": 0.8103293720810015,
  "nDCG@5_std": 0.3312801883728423,
  "nDCG@5_stderr": 0.008599605206585238,
  "nDCG@5_ci90_low": 0.7961754386938421,
  "nDCG@5_ci90_high": 0.824483305468161,
  "nDCG@5_ci95_low": 0.7934606882495194,
  "nDCG@5_ci95_high": 0.8271980559124836,
  "nDCG@10": 0.8268221159904714,
  "nDCG@10_std": 0.29827812677329224,
  "nDCG@10_stderr": 0.007742914372903005,
  "nDCG@10_ci90_low": 0.8140781944238596,
  "nDCG@10_ci90_high": 0.8395660375570831,
  "nDCG@10_ci95_low": 0.8116338868388911,
  "nDCG@10_ci95_high": 0.8420103451420516,
  "nDCG@100": 0.8397661647300715,
  "nDCG@100_std": 0.2672742018939728,
  "nDCG@100_stderr": 0.006938092584053074,
  "nDCG@100_ci90_low": 0.8283468846690016,
  "nDCG@100_ci90_high": 0.8511854447911413,
  "nDCG@100_ci95_low": 0.8261566457600239,
  "nDCG@100_ci95_high": 0.8533756837001191,
  "RR@1": 0.7203504043126685,
  "RR@3": 0.7785265049415996,
  "RR@5": 0.7883984725965866,
  "RR@10": 0.7948725559406156,
  "RR@100": 0.7974285173955183,
  "P@1": 0.7203504043126685,
  "P@3": 0.29559748427672505,
  "P@5": 0.18773584905659949,
  "P@10": 0.09925876010781427,
  "P@100": 0.010566037735848867,
  "R@1": 0.699966307277628,
  "R@3": 0.8410826594788858,
  "R@5": 0.8878032345013477,
  "R@10": 0.9372192273135669,
  "R@100": 0.9941599281221923,
  "AP": 0.7922695975042829
}