{
  "nDCG@1": 0.7634770889487871,
  "nDCG@1_std": 0.4250900965316269,
  "nDCG@1_stderr": 0.011034789087015865,
  "nDCG@1_ci90_low": 0.7453151308208285,
  "nDCG@1_ci90_high": 0.7816390470767457,
  "nDCG@1_ci95_low": 0.7418316338628467,
  "nDCG@1_ci95_high": 0.7851225440347275,
  "nDCG@3": 0.8331980508695016,
  "nDCG@3_std": 0.3249026714552478,
  "nDCG@3_stderr": 0.008434053116196102,
  "nDCG@3_ci90_low": 0.8193165966489065,
  "nDCG@3_ci90_high": 0.8470795050900967,
  "nDCG@3_ci95_low": 0.816654108209658,
  "nDCG@3_ci95_high": 0.8497419935293452,
  "nDCG@5": 0.8501529287651934,
  "nDCG@5_std": 0.2921107773330252,
  "nDCG@5_stderr": 0.007582817958391008,
  "nDCG@5_ci90_low": 0.8376725069677096,
  "nDCG@5_ci90_high": 0.8626333505626773,
  "nDCG@5_ci95_low": 0.8352787391228791,
  "nDCG@5_ci95_high": 0.8650271184075078,
  "nDCG@10": 0.8628438322276248,
  "nDCG@10_std": 0.26223737635555316,
  "nDCG@10_stderr": 0.006807343107793703,
  "nDCG@10_ci90_low": 0.8516397503451835,
  "nDCG@10_ci90_high": 0.8740479141100662,
  "nDCG@10_ci95_low": 0.8494907868424881,
  "nDCG@10_ci95_high": 0.8761968776127615,
  "nDCG@100": 0.8704096725115845,
  "nDCG@100_std": 0.24062131645941337,
  "nDCG@100_stderr": 0.006246218151478806,
  "nDCG@100_ci90_low": 0.8601291359620697,
  "nDCG@100_ci90_high": 0.8806902090610993,
  "nDCG@100_ci95_low": 0.8581573101520804,
  "nDCG@100_ci95_high": 0.8826620348710886,
  "RR@1": 0.7634770889487871,
  "RR@3": 0.820867026055705,
  "RR@5": 0.829593441150045,
  "RR@10": 0.8344802229067725,
  "RR@100": 0.8359792977204626,
  "P@1": 0.7634770889487871,
  "P@3": 0.3104222821203903,
  "P@5": 0.19528301886791985,
  "P@10": 0.10195417789757155,
  "P@100": 0.010566037735848867,
  "R@1": 0.7401168014375562,
  "R@3": 0.8832547169811321,
  "R@5": 0.9236298292902065,
  "R@10": 0.9610849056603774,
  "R@100": 0.9942160826594788,
  "AP": 0.830626845467196
}