{
  "nDCG@1": 0.7311320754716981,
  "nDCG@1_std": 0.44352059472534183,
  "nDCG@1_stderr": 0.011513220981796881,
  "nDCG@1_ci90_low": 0.7121826750128012,
  "nDCG@1_ci90_high": 0.750081475930595,
  "nDCG@1_ci95_low": 0.7085481451681073,
  "nDCG@1_ci95_high": 0.753716005775289,
  "nDCG@3": 0.8005680497918896,
  "nDCG@3_std": 0.3563167807623655,
  "nDCG@3_stderr": 0.009249522762251982,
  "nDCG@3_ci90_low": 0.7853444289517517,
  "nDCG@3_ci90_high": 0.8157916706320274,
  "nDCG@3_ci95_low": 0.7824245104874287,
  "nDCG@3_ci95_high": 0.8187115890963504,
  "nDCG@5": 0.8218695909724494,
  "nDCG@5_std": 0.3193616516183647,
  "nDCG@5_stderr": 0.008290215408082318,
  "nDCG@5_ci90_low": 0.8082248766126151,
  "nDCG@5_ci90_high": 0.8355143053322837,
  "nDCG@5_ci95_low": 0.8056077953138843,
  "nDCG@5_ci95_high": 0.8381313866310145,
  "nDCG@10": 0.8385139954540606,
  "nDCG@10_std": 0.2846895032007575,
  "nDCG@10_stderr": 0.007390171280722741,
  "nDCG@10_ci90_low": 0.826350647310247,
  "nDCG@10_ci90_high": 0.8506773435978742,
  "nDCG@10_ci95_low": 0.8240176947751003,
  "nDCG@10_ci95_high": 0.8530102961330208,
  "nDCG@100": 0.8489111464321748,
  "nDCG@100_std": 0.2585076459499985,
  "nDCG@100_stderr": 0.006710524130563863,
  "nDCG@100_ci90_low": 0.8378664171387655,
  "nDCG@100_ci90_high": 0.8599558757255841,
  "nDCG@100_ci95_low": 0.8357480177556013,
  "nDCG@100_ci95_high": 0.8620742751087483,
  "RR@1": 0.7311320754716981,
  "RR@3": 0.7885220125786165,
  "RR@5": 0.7999438454627139,
  "RR@10": 0.8061855559833998,
  "RR@100": 0.8082320410816799,
  "P@1": 0.7311320754716981,
  "P@3": 0.298068283917336,
  "P@5": 0.19029649595686893,
  "P@10": 0.10067385444743683,
  "P@100": 0.010579514824797654,
  "R@1": 0.710411051212938,
  "R@3": 0.8488319856244384,
  "R@5": 0.8999326145552561,
  "R@10": 0.9495732255166216,
  "R@100": 0.9950584007187779,
  "AP": 0.803177322056508
}