{
  "nDCG@1": 0.7493261455525606,
  "nDCG@1_std": 0.4335471519188975,
  "nDCG@1_stderr": 0.011254323306366465,
  "nDCG@1_ci90_low": 0.7308028600563978,
  "nDCG@1_ci90_high": 0.7678494310487234,
  "nDCG@1_ci95_low": 0.7272500598449283,
  "nDCG@1_ci95_high": 0.7714022312601929,
  "nDCG@3": 0.8154396538390483,
  "nDCG@3_std": 0.3451618702485343,
  "nDCG@3_stderr": 0.008959955713268743,
  "nDCG@3_ci90_low": 0.8006926261242886,
  "nDCG@3_ci90_high": 0.8301866815538079,
  "nDCG@3_ci95_low": 0.7978641190975844,
  "nDCG@3_ci95_high": 0.8330151885805122,
  "nDCG@5": 0.835549325476821,
  "nDCG@5_std": 0.30915059045369603,
  "nDCG@5_stderr": 0.008025149467412129,
  "nDCG@5_ci90_low": 0.8223408783149946,
  "nDCG@5_ci90_high": 0.8487577726386475,
  "nDCG@5_ci95_low": 0.8198074738668776,
  "nDCG@5_ci95_high": 0.8512911770867645,
  "nDCG@10": 0.8513077028741838,
  "nDCG@10_std": 0.27492336374325915,
  "nDCG@10_stderr": 0.0071366549321011975,
  "nDCG@10_ci90_low": 0.8395616126654435,
  "nDCG@10_ci90_high": 0.8630537930829241,
  "nDCG@10_ci95_low": 0.8373086909693331,
  "nDCG@10_ci95_high": 0.8653067147790344,
  "nDCG@100": 0.8600944196167691,
  "nDCG@100_std": 0.2508357209887621,
  "nDCG@100_stderr": 0.0065113708815717234,
  "nDCG@100_ci90_low": 0.8493774730241184,
  "nDCG@100_ci90_high": 0.8708113662094199,
  "nDCG@100_ci95_low": 0.847321942965557,
  "nDCG@100_ci95_high": 0.8728668962679813,
  "RR@1": 0.7493261455525606,
  "RR@3": 0.8044699011680144,
  "RR@5": 0.8150157232704406,
  "RR@10": 0.8208729089119924,
  "RR@100": 0.8226017129903883,
  "P@1": 0.7493261455525606,
  "P@3": 0.30278526504941133,
  "P@5": 0.19231805929918688,
  "P@10": 0.10148247978436403,
  "P@100": 0.010586253369272047,
  "R@1": 0.7278189577717881,
  "R@3": 0.8614106019766398,
  "R@5": 0.909366576819407,
  "R@10": 0.9559748427672955,
  "R@100": 0.9957322551662173,
  "AP": 0.8174038950331907
}