nDCG@1,nDCG@1_std,nDCG@1_stderr,nDCG@1_ci90_low,nDCG@1_ci90_high,nDCG@1_ci95_low,nDCG@1_ci95_high,nDCG@3,nDCG@3_std,nDCG@3_stderr,nDCG@3_ci90_low,nDCG@3_ci90_high,nDCG@3_ci95_low,nDCG@3_ci95_high,nDCG@5,nDCG@5_std,nDCG@5_stderr,nDCG@5_ci90_low,nDCG@5_ci90_high,nDCG@5_ci95_low,nDCG@5_ci95_high,nDCG@10,nDCG@10_std,nDCG@10_stderr,nDCG@10_ci90_low,nDCG@10_ci90_high,nDCG@10_ci95_low,nDCG@10_ci95_high,nDCG@100,nDCG@100_std,nDCG@100_stderr,nDCG@100_ci90_low,nDCG@100_ci90_high,nDCG@100_ci95_low,nDCG@100_ci95_high,RR@1,RR@3,RR@5,RR@10,RR@100,P@1,P@3,P@5,P@10,P@100,R@1,R@3,R@5,R@10,R@100,AP
0.7304582210242587,0.4438713466308464,0.011522326047595146,0.7114938347036044,0.7494226073449131,0.7078564305430753,0.7530600115054421,0.8033821889903079,0.35099739585726014,0.009111438410300663,0.7883858386669411,0.8183785393136747,0.7855095111055501,0.8212548668750657,0.8236032117330085,0.31660596126549123,0.008218681250779689,0.8100762341381821,0.837130189327835,0.8074817349674276,0.8397246884985895,0.8399222313427455,0.2824448929864794,0.007331904102778083,0.827854784084551,0.8519896786009399,0.8255402255155708,0.8543042371699201,0.8498601113875485,0.25698280877044766,0.006670941329633728,0.8388805307043584,0.8608396920707385,0.8367746269444036,0.8629455958306933,0.7304582210242587,0.7916666666666666,0.8019429469901174,0.8079843729944811,0.809960918550687,0.7304582210242587,0.2994159928122146,0.19056603773584463,0.1008086253369247,0.010566037735848867,0.7099618149146452,0.8537174303683737,0.9019541778975741,0.9505840071877807,0.9942160826594788,0.8042388967596961
