nDCG@1,nDCG@1_std,nDCG@1_stderr,nDCG@1_ci90_low,nDCG@1_ci90_high,nDCG@1_ci95_low,nDCG@1_ci95_high,nDCG@3,nDCG@3_std,nDCG@3_stderr,nDCG@3_ci90_low,nDCG@3_ci90_high,nDCG@3_ci95_low,nDCG@3_ci95_high,nDCG@5,nDCG@5_std,nDCG@5_stderr,nDCG@5_ci90_low,nDCG@5_ci90_high,nDCG@5_ci95_low,nDCG@5_ci95_high,nDCG@10,nDCG@10_std,nDCG@10_stderr,nDCG@10_ci90_low,nDCG@10_ci90_high,nDCG@10_ci95_low,nDCG@10_ci95_high,nDCG@100,nDCG@100_std,nDCG@100_stderr,nDCG@100_ci90_low,nDCG@100_ci90_high,nDCG@100_ci95_low,nDCG@100_ci95_high,RR@1,RR@3,RR@5,RR@10,RR@100,P@1,P@3,P@5,P@10,P@100,R@1,R@3,R@5,R@10,R@100,AP
0.7048517520215634,0.4562631258869491,0.01184400060934015,0.6853579274057886,0.7243455766373381,0.6816189760069334,0.7280845280361933,0.778240063805882,0.3710188610998267,0.009631169751885335,0.7623882971452193,0.7940918304665446,0.7593478991577329,0.797132228454031,0.7971732269292982,0.34091367239666714,0.00884967799172747,0.7826077033053993,0.811738750553197,0.7798140090970003,0.814532444761596,0.8151461971479592,0.3070632884792405,0.007970965807908044,0.8020269298832176,0.8282654644127009,0.7995106303033102,0.8307817639926083,0.8290114295829086,0.27503114939342366,0.007139452908167628,0.8172607342363845,0.8407621249294328,0.8150069292663811,0.8430159298994362,0.7048517520215634,0.7651617250673858,0.7749326145552571,0.7818695717280629,0.7846713216665391,0.7048517520215634,0.29177897574123557,0.18517520215633007,0.09858490566037495,0.0105323450134769,0.684467654986523,0.8303009883198561,0.8770215633423181,0.930817610062893,0.991576819407008,0.7791482913932346
