nDCG@1,nDCG@1_std,nDCG@1_stderr,nDCG@1_ci90_low,nDCG@1_ci90_high,nDCG@1_ci95_low,nDCG@1_ci95_high,nDCG@3,nDCG@3_std,nDCG@3_stderr,nDCG@3_ci90_low,nDCG@3_ci90_high,nDCG@3_ci95_low,nDCG@3_ci95_high,nDCG@5,nDCG@5_std,nDCG@5_stderr,nDCG@5_ci90_low,nDCG@5_ci90_high,nDCG@5_ci95_low,nDCG@5_ci95_high,nDCG@10,nDCG@10_std,nDCG@10_stderr,nDCG@10_ci90_low,nDCG@10_ci90_high,nDCG@10_ci95_low,nDCG@10_ci95_high,nDCG@100,nDCG@100_std,nDCG@100_stderr,nDCG@100_ci90_low,nDCG@100_ci90_high,nDCG@100_ci95_low,nDCG@100_ci95_high,RR@1,RR@3,RR@5,RR@10,RR@100,P@1,P@3,P@5,P@10,P@100,R@1,R@3,R@5,R@10,R@100,AP
0.7311320754716981,0.44352059472534183,0.011513220981796881,0.7121826750128012,0.750081475930595,0.7085481451681073,0.753716005775289,0.8005680497918896,0.3563167807623655,0.009249522762251982,0.7853444289517517,0.8157916706320274,0.7824245104874287,0.8187115890963504,0.8218695909724494,0.3193616516183647,0.008290215408082318,0.8082248766126151,0.8355143053322837,0.8056077953138843,0.8381313866310145,0.8385139954540606,0.2846895032007575,0.007390171280722741,0.826350647310247,0.8506773435978742,0.8240176947751003,0.8530102961330208,0.8489111464321748,0.2585076459499985,0.006710524130563863,0.8378664171387655,0.8599558757255841,0.8357480177556013,0.8620742751087483,0.7311320754716981,0.7885220125786165,0.7999438454627139,0.8061855559833998,0.8082320410816799,0.7311320754716981,0.298068283917336,0.19029649595686893,0.10067385444743683,0.010579514824797654,0.710411051212938,0.8488319856244384,0.8999326145552561,0.9495732255166216,0.9950584007187779,0.803177322056508
