{
  "nDCG@1": 0.7048517520215634,
  "nDCG@1_std": 0.4562631258869491,
  "nDCG@1_stderr": 0.01184400060934015,
  "nDCG@1_ci90_low": 0.6853579274057886,
  "nDCG@1_ci90_high": 0.7243455766373381,
  "nDCG@1_ci95_low": 0.6816189760069334,
  "nDCG@1_ci95_high": 0.7280845280361933,
  "nDCG@3": 0.7803994012834256,
  "nDCG@3_std": 0.36761864222970153,
  "nDCG@3_stderr": 0.00954290446791928,
  "nDCG@3_ci90_low": 0.7646929088440373,
  "nDCG@3_ci90_high": 0.7961058937228138,
  "nDCG@3_ci95_low": 0.7616803747192643,
  "nDCG@3_ci95_high": 0.7991184278475868,
  "nDCG@5": 0.8020195518847678,
  "nDCG@5_std": 0.3334298867111764,
  "nDCG@5_stderr": 0.008655408594991067,
  "nDCG@5_ci90_low": 0.7877737727182617,
  "nDCG@5_ci90_high": 0.816265331051274,
  "nDCG@5_ci95_low": 0.7850414060846104,
  "nDCG@5_ci95_high": 0.8189976976849253,
  "nDCG@10": 0.8185510991307812,
  "nDCG@10_std": 0.30115118114419837,
  "nDCG@10_stderr": 0.007817495148313093,
  "nDCG@10_ci90_low": 0.8056844264259766,
  "nDCG@10_ci90_high": 0.8314177718355857,
  "nDCG@10_ci95_low": 0.8032165749470364,
  "nDCG@10_ci95_high": 0.833885623314526,
  "nDCG@100": 0.8317326005005146,
  "nDCG@100_std": 0.2702911432654716,
  "nDCG@100_stderr": 0.007016408479892593,
  "nDCG@100_ci90_low": 0.8201844217346507,
  "nDCG@100_ci90_high": 0.8432807792663785,
  "nDCG@100_ci95_low": 0.8179694598171254,
  "nDCG@100_ci95_high": 0.8454957411839037,
  "RR@1": 0.7048517520215634,
  "RR@3": 0.7674079065588502,
  "RR@5": 0.778425426774484,
  "RR@10": 0.7850455119154583,
  "RR@100": 0.7877366247734485,
  "P@1": 0.7048517520215634,
  "P@3": 0.2924528301886751,
  "P@5": 0.18692722371967227,
  "P@10": 0.09898921832883854,
  "P@100": 0.010545822102425688,
  "R@1": 0.6833445642407906,
  "R@3": 0.8344002695417789,
  "R@5": 0.8863993710691823,
  "R@10": 0.9358153638814016,
  "R@100": 0.9921945193171607,
  "AP": 0.7817815599005968
}