nDCG@1,nDCG@1_std,nDCG@1_stderr,nDCG@1_ci90_low,nDCG@1_ci90_high,nDCG@1_ci95_low,nDCG@1_ci95_high,nDCG@3,nDCG@3_std,nDCG@3_stderr,nDCG@3_ci90_low,nDCG@3_ci90_high,nDCG@3_ci95_low,nDCG@3_ci95_high,nDCG@5,nDCG@5_std,nDCG@5_stderr,nDCG@5_ci90_low,nDCG@5_ci90_high,nDCG@5_ci95_low,nDCG@5_ci95_high,nDCG@10,nDCG@10_std,nDCG@10_stderr,nDCG@10_ci90_low,nDCG@10_ci90_high,nDCG@10_ci95_low,nDCG@10_ci95_high,nDCG@100,nDCG@100_std,nDCG@100_stderr,nDCG@100_ci90_low,nDCG@100_ci90_high,nDCG@100_ci95_low,nDCG@100_ci95_high,RR@1,RR@3,RR@5,RR@10,RR@100,P@1,P@3,P@5,P@10,P@100,R@1,R@3,R@5,R@10,R@100,AP
0.7493261455525606,0.4335471519188975,0.011254323306366465,0.7308028600563978,0.7678494310487234,0.7272500598449283,0.7714022312601929,0.8154396538390483,0.3451618702485343,0.008959955713268743,0.8006926261242886,0.8301866815538079,0.7978641190975844,0.8330151885805122,0.835549325476821,0.30915059045369603,0.008025149467412129,0.8223408783149946,0.8487577726386475,0.8198074738668776,0.8512911770867645,0.8513077028741838,0.27492336374325915,0.0071366549321011975,0.8395616126654435,0.8630537930829241,0.8373086909693331,0.8653067147790344,0.8600944196167691,0.2508357209887621,0.0065113708815717234,0.8493774730241184,0.8708113662094199,0.847321942965557,0.8728668962679813,0.7493261455525606,0.8044699011680144,0.8150157232704406,0.8208729089119924,0.8226017129903883,0.7493261455525606,0.30278526504941133,0.19231805929918688,0.10148247978436403,0.010586253369272047,0.7278189577717881,0.8614106019766398,0.909366576819407,0.9559748427672955,0.9957322551662173,0.8174038950331907
