{
  "nDCG@1": 0.7223719676549866,
  "nDCG@1_std": 0.44797984454125683,
  "nDCG@1_stderr": 0.011628977339346546,
  "nDCG@1_ci90_low": 0.703232045918131,
  "nDCG@1_ci90_high": 0.7415118893918421,
  "nDCG@1_ci95_low": 0.6995609737420694,
  "nDCG@1_ci95_high": 0.7451829615679038,
  "nDCG@3": 0.7945694391258907,
  "nDCG@3_std": 0.35883095693184597,
  "nDCG@3_stderr": 0.009314787523732385,
  "nDCG@3_ci90_low": 0.7792384002050001,
  "nDCG@3_ci90_high": 0.8099004780467813,
  "nDCG@3_ci95_low": 0.7762978787553108,
  "nDCG@3_ci95_high": 0.8128409994964707,
  "nDCG@5": 0.8151897786034598,
  "nDCG@5_std": 0.324668337255685,
  "nDCG@5_stderr": 0.008427970103467393,
  "nDCG@5_ci90_low": 0.8013183363025851,
  "nDCG@5_ci90_high": 0.8290612209043344,
  "nDCG@5_ci95_low": 0.7986577681679449,
  "nDCG@5_ci95_high": 0.8317217890389746,
  "nDCG@10": 0.8327145478020672,
  "nDCG@10_std": 0.2891383398776137,
  "nDCG@10_stderr": 0.007505657326650976,
  "nDCG@10_ci90_low": 0.8203611232812633,
  "nDCG@10_ci90_high": 0.8450679723228711,
  "nDCG@10_ci95_low": 0.8179917137475726,
  "nDCG@10_ci95_high": 0.8474373818565618,
  "nDCG@100": 0.8436014827423367,
  "nDCG@100_std": 0.2621085187896384,
  "nDCG@100_stderr": 0.00680399813204918,
  "nDCG@100_ci90_low": 0.8324029062944742,
  "nDCG@100_ci90_high": 0.8548000591901992,
  "nDCG@100_ci95_low": 0.8302549987442523,
  "nDCG@100_ci95_high": 0.8569479667404211,
  "RR@1": 0.7223719676549866,
  "RR@3": 0.7825696316262355,
  "RR@5": 0.7930817610062898,
  "RR@10": 0.7997989132760028,
  "RR@100": 0.8019219599972118,
  "P@1": 0.7223719676549866,
  "P@3": 0.29672057502245724,
  "P@5": 0.18908355795147816,
  "P@10": 0.10033692722371719,
  "P@100": 0.01057277628032326,
  "R@1": 0.7023247978436657,
  "R@3": 0.8447888589398023,
  "R@5": 0.8942048517520216,
  "R@10": 0.9462039532794249,
  "R@100": 0.9943845462713387,
  "AP": 0.7964272435037036
}