nDCG@1,nDCG@1_std,nDCG@1_stderr,nDCG@1_ci90_low,nDCG@1_ci90_high,nDCG@1_ci95_low,nDCG@1_ci95_high,nDCG@3,nDCG@3_std,nDCG@3_stderr,nDCG@3_ci90_low,nDCG@3_ci90_high,nDCG@3_ci95_low,nDCG@3_ci95_high,nDCG@5,nDCG@5_std,nDCG@5_stderr,nDCG@5_ci90_low,nDCG@5_ci90_high,nDCG@5_ci95_low,nDCG@5_ci95_high,nDCG@10,nDCG@10_std,nDCG@10_stderr,nDCG@10_ci90_low,nDCG@10_ci90_high,nDCG@10_ci95_low,nDCG@10_ci95_high,nDCG@100,nDCG@100_std,nDCG@100_stderr,nDCG@100_ci90_low,nDCG@100_ci90_high,nDCG@100_ci95_low,nDCG@100_ci95_high,RR@1,RR@3,RR@5,RR@10,RR@100,P@1,P@3,P@5,P@10,P@100,R@1,R@3,R@5,R@10,R@100,AP
0.7560646900269542,0.4295989267785125,0.011151832488425332,0.7377100922990186,0.7744192877548898,0.7341896467116117,0.7779397333422967,0.823750117406638,0.33648295260308986,0.008734662236656464,0.8093738961165837,0.8381263386966922,0.8066165104438304,0.8408837243694455,0.8427290824531238,0.30148878662433837,0.007826258949912712,0.8298479855670832,0.8556101793391645,0.8273773675036643,0.8580807974025834,0.8570385761829327,0.26921397654165596,0.006988446624968567,0.845536419324176,0.8685407330416893,0.8433302844930408,0.8707468678728245,0.8656452073517656,0.2449097521304648,0.006357540394761806,0.8551814475521033,0.8761089671514279,0.8531744791858971,0.8781159355176342,0.7560646900269542,0.81266846361186,0.8224393530997309,0.8278406173790273,0.8296341842984791,0.7560646900269542,0.30615453728660796,0.1936657681940655,0.10168463611859582,0.010586253369272047,0.7333782569631627,0.8701707097933514,0.9156558849955075,0.9579964061096136,0.9962376460017969,0.8242327131905819
