nDCG@1,nDCG@1_std,nDCG@1_stderr,nDCG@1_ci90_low,nDCG@1_ci90_high,nDCG@1_ci95_low,nDCG@1_ci95_high,nDCG@3,nDCG@3_std,nDCG@3_stderr,nDCG@3_ci90_low,nDCG@3_ci90_high,nDCG@3_ci95_low,nDCG@3_ci95_high,nDCG@5,nDCG@5_std,nDCG@5_stderr,nDCG@5_ci90_low,nDCG@5_ci90_high,nDCG@5_ci95_low,nDCG@5_ci95_high,nDCG@10,nDCG@10_std,nDCG@10_stderr,nDCG@10_ci90_low,nDCG@10_ci90_high,nDCG@10_ci95_low,nDCG@10_ci95_high,nDCG@100,nDCG@100_std,nDCG@100_stderr,nDCG@100_ci90_low,nDCG@100_ci90_high,nDCG@100_ci95_low,nDCG@100_ci95_high,RR@1,RR@3,RR@5,RR@10,RR@100,P@1,P@3,P@5,P@10,P@100,R@1,R@3,R@5,R@10,R@100,AP
0.7142857142857143,0.45190623662514684,0.011730901399380326,0.6949780375971358,0.7335933909742928,0.6912747897129321,0.7372966388584965,0.7877702362188861,0.3633190738702065,0.009431293234443496,0.7722474426733337,0.8032930297644385,0.7692701423341115,0.8062703301036607,0.806140462485189,0.3339803703290513,0.008669698437705986,0.7918711639271478,0.8204097610432302,0.789134286230962,0.823146638739416,0.824208099556198,0.298397608162409,0.007746015955225164,0.8114590731518027,0.8369571259605934,0.8090137864495625,0.8394024126628336,0.8368279301089279,0.26823989945817345,0.00696316084376965,0.8253673906563351,0.8482884695615206,0.8231692381202118,0.8504866220976439,0.7142857142857143,0.7749326145552565,0.7841981132075483,0.7912027232276564,0.7936631124469138,0.7142857142857143,0.29492362982928566,0.18692722371967235,0.09939353099730214,0.01057277628032326,0.6942385444743935,0.839734950584007,0.8840970350404312,0.9382300089847259,0.9943845462713387,0.788281784400622
