nDCG@1,nDCG@3,nDCG@5,nDCG@10,nDCG@100,RR@1,RR@3,RR@5,RR@10,RR@100,P@1,P@3,P@5,P@10,P@100,R@1,R@3,R@5,R@10,R@100,AP
0.14285714285714285,0.21691836585204233,0.24797036643508583,0.28166212817090197,0.3404143502242503,0.1421832884097035,0.20080862533692725,0.21799191374663043,0.23193989860094943,0.2427745975011356,0.14285714285714285,0.09344115004492333,0.07156334231805994,0.04649595687331561,0.007695417789757281,0.13875786163522014,0.2707210242587601,0.34675426774483376,0.4501909254267744,0.7347259658580414,0.23854512766898703
