nDCG@1,nDCG@1_std,nDCG@1_stderr,nDCG@1_ci90_low,nDCG@1_ci90_high,nDCG@1_ci95_low,nDCG@1_ci95_high,nDCG@3,nDCG@3_std,nDCG@3_stderr,nDCG@3_ci90_low,nDCG@3_ci90_high,nDCG@3_ci95_low,nDCG@3_ci95_high,nDCG@5,nDCG@5_std,nDCG@5_stderr,nDCG@5_ci90_low,nDCG@5_ci90_high,nDCG@5_ci95_low,nDCG@5_ci95_high,nDCG@10,nDCG@10_std,nDCG@10_stderr,nDCG@10_ci90_low,nDCG@10_ci90_high,nDCG@10_ci95_low,nDCG@10_ci95_high,nDCG@100,nDCG@100_std,nDCG@100_stderr,nDCG@100_ci90_low,nDCG@100_ci90_high,nDCG@100_ci95_low,nDCG@100_ci95_high,RR@1,RR@3,RR@5,RR@10,RR@100,P@1,P@3,P@5,P@10,P@100,R@1,R@3,R@5,R@10,R@100,AP
0.09299191374663072,0.2905190043874812,0.007541497591551577,0.08057950038740985,0.1054043271058516,0.07819877668606531,0.10778505080719614,0.14159670210530284,0.31467705139581154,0.008168609245448474,0.12815213711093817,0.1550412670996675,0.12557344482846006,0.15761995938214562,0.16305678321429537,0.3186201421906047,0.008270966782418896,0.14944374981642264,0.1766698166121681,0.1468327449844385,0.17928082144415225,0.1873914327760077,0.3179222950512377,0.00825285157328859,0.17380821487049367,0.20097465068152173,0.17120292870475687,0.20357993684725853,0.24034146661644806,0.3000369586978157,0.007788571374759747,0.2275223990230812,0.25316053420981494,0.22506367829203217,0.25561925494086396,0.09299191374663072,0.13162623539982038,0.14358715184186882,0.1534748962478072,0.16356871779728538,0.09299191374663072,0.06087151841868809,0.04743935309973076,0.031603773584905924,0.00582884097035031,0.0902403414195867,0.17784141958670263,0.22961590296495957,0.30480682839173406,0.5585130278526506,0.16001083601891658
