{
  "nDCG@1": 0.17587601078167117,
  "nDCG@3": 0.26664751373574724,
  "nDCG@5": 0.30086603220124947,
  "nDCG@10": 0.3358700269977355,
  "nDCG@100": 0.3999352170516774,
  "RR@1": 0.1752021563342318,
  "RR@3": 0.24707996406109584,
  "RR@5": 0.26655435759209284,
  "RR@10": 0.28097002952124206,
  "RR@100": 0.2931492508551439,
  "P@1": 0.17587601078167117,
  "P@3": 0.11433063791554388,
  "P@5": 0.08557951482479868,
  "P@10": 0.054043126684635935,
  "P@100": 0.008692722371967504,
  "R@1": 0.1707659478885894,
  "R@3": 0.33249101527403413,
  "R@5": 0.4149258760107817,
  "R@10": 0.5207210242587601,
  "R@100": 0.8253032345013477,
  "AP": 0.2882724636929174
}