nDCG@1,nDCG@1_std,nDCG@1_stderr,nDCG@1_ci90_low,nDCG@1_ci90_high,nDCG@1_ci95_low,nDCG@1_ci95_high,nDCG@3,nDCG@3_std,nDCG@3_stderr,nDCG@3_ci90_low,nDCG@3_ci90_high,nDCG@3_ci95_low,nDCG@3_ci95_high,nDCG@5,nDCG@5_std,nDCG@5_stderr,nDCG@5_ci90_low,nDCG@5_ci90_high,nDCG@5_ci95_low,nDCG@5_ci95_high,nDCG@10,nDCG@10_std,nDCG@10_stderr,nDCG@10_ci90_low,nDCG@10_ci90_high,nDCG@10_ci95_low,nDCG@10_ci95_high,nDCG@100,nDCG@100_std,nDCG@100_stderr,nDCG@100_ci90_low,nDCG@100_ci90_high,nDCG@100_ci95_low,nDCG@100_ci95_high,RR@1,RR@3,RR@5,RR@10,RR@100,P@1,P@3,P@5,P@10,P@100,R@1,R@3,R@5,R@10,R@100,AP
0.1078167115902965,0.31025333453223336,0.008053775277382533,0.09456114972985988,0.12107227345073313,0.09201870859593352,0.12361471458465949,0.1643189860387495,0.3343841858441637,0.008680180966176274,0.1500324344782584,0.1786055375992406,0.1472922476244847,0.1813457244530143,0.19172804382132802,0.3364752568094299,0.008734462463806925,0.17735215133376375,0.2061039363088923,0.1745948287259326,0.20886125891672344,0.2189172258899598,0.3332764094281722,0.008651424523234473,0.20467800403450426,0.23315644774541533,0.20194689510516753,0.23588755667475206,0.27440570565456346,0.3095039762310737,0.008034322905117524,0.26118216009890444,0.2876292512102225,0.2586458597510934,0.29016555155803353,0.1078167115902965,0.15229110512129393,0.16768867924528305,0.1787749219184528,0.18894618229540433,0.1078167115902965,0.07053009883198536,0.0560646900269546,0.03679245283018902,0.0065498652291104045,0.10506513926325246,0.2054694519317161,0.27206873315363883,0.355851302785265,0.6267969451931716,0.18534603958228402
