{
  "nDCG@1": 0.14285714285714285,
  "nDCG@1_std": 0.3500450656992924,
  "nDCG@1_stderr": 0.009086717151160257,
  "nDCG@1_ci90_low": 0.12790148080337851,
  "nDCG@1_ci90_high": 0.15781280491090718,
  "nDCG@1_ci95_low": 0.12503295732689876,
  "nDCG@1_ci95_high": 0.16068132838738694,
  "nDCG@3": 0.21691836585204233,
  "nDCG@3_std": 0.36888541553995574,
  "nDCG@3_stderr": 0.009575788264586785,
  "nDCG@3_ci90_low": 0.20115775057138777,
  "nDCG@3_ci90_high": 0.2326789811326969,
  "nDCG@3_ci95_low": 0.1981348355861602,
  "nDCG@3_ci95_high": 0.23570189611792444,
  "nDCG@5": 0.24797036643508583,
  "nDCG@5_std": 0.3666458895563157,
  "nDCG@5_stderr": 0.009517653066693457,
  "nDCG@5_ci90_low": 0.23230543481649069,
  "nDCG@5_ci90_high": 0.26363529805368097,
  "nDCG@5_ci95_low": 0.2293008721335515,
  "nDCG@5_ci95_high": 0.26663986073662016,
  "nDCG@10": 0.28166212817090197,
  "nDCG@10_std": 0.3571991086693309,
  "nDCG@10_stderr": 0.0092724268534985,
  "nDCG@10_ci90_low": 0.26640080990466036,
  "nDCG@10_ci90_high": 0.2969234464371436,
  "nDCG@10_ci95_low": 0.2634736610047075,
  "nDCG@10_ci95_high": 0.29985059533709646,
  "nDCG@100": 0.3404143502242503,
  "nDCG@100_std": 0.32309910516381657,
  "nDCG@100_stderr": 0.008387234868034646,
  "nDCG@100_ci90_low": 0.32660995330452686,
  "nDCG@100_ci90_high": 0.3542187471439738,
  "nDCG@100_ci95_low": 0.32396224459724804,
  "nDCG@100_ci95_high": 0.3568664558512526,
  "RR@1": 0.1421832884097035,
  "RR@3": 0.20080862533692725,
  "RR@5": 0.21799191374663043,
  "RR@10": 0.23193989860094943,
  "RR@100": 0.2427745975011356,
  "P@1": 0.14285714285714285,
  "P@3": 0.09344115004492333,
  "P@5": 0.07156334231805994,
  "P@10": 0.04649595687331561,
  "P@100": 0.007695417789757281,
  "R@1": 0.13875786163522014,
  "R@3": 0.2707210242587601,
  "R@5": 0.34675426774483376,
  "R@10": 0.4501909254267744,
  "R@100": 0.7347259658580414,
  "AP": 0.23854512766898703
}