nDCG@1,nDCG@3,nDCG@5,nDCG@10,nDCG@100,RR@1,RR@3,RR@5,RR@10,RR@100,P@1,P@3,P@5,P@10,P@100,R@1,R@3,R@5,R@10,R@100,AP
0.1078167115902965,0.1643189860387495,0.19172804382132802,0.2189172258899598,0.27440570565456346,0.1078167115902965,0.15229110512129393,0.16768867924528305,0.1787749219184528,0.18894618229540433,0.1078167115902965,0.07053009883198536,0.0560646900269546,0.03679245283018902,0.0065498652291104045,0.10506513926325246,0.2054694519317161,0.27206873315363883,0.355851302785265,0.6267969451931716,0.18534603958228402
