{
  "nDCG@1": 0.17183288409703504,
  "nDCG@1_std": 0.377362296029653,
  "nDCG@1_stderr": 0.009795837117954249,
  "nDCG@1_ci90_low": 0.1557100944214328,
  "nDCG@1_ci90_high": 0.18795567377263728,
  "nDCG@1_ci95_low": 0.15261771372143096,
  "nDCG@1_ci95_high": 0.19104805447263912,
  "nDCG@3": 0.2609538820259896,
  "nDCG@3_std": 0.3904463115447877,
  "nDCG@3_stderr": 0.010135481237633269,
  "nDCG@3_ci90_low": 0.2442720782875562,
  "nDCG@3_ci90_high": 0.27763568576442305,
  "nDCG@3_ci95_low": 0.24107247766260897,
  "nDCG@3_ci95_high": 0.2808352863893703,
  "nDCG@5": 0.2985445978982429,
  "nDCG@5_std": 0.383305192839136,
  "nDCG@5_stderr": 0.00995010703248204,
  "nDCG@5_ci90_low": 0.2821678981835848,
  "nDCG@5_ci90_high": 0.314921297612901,
  "nDCG@5_ci95_low": 0.2790268170713025,
  "nDCG@5_ci95_high": 0.3180623787251833,
  "nDCG@10": 0.3328359810888365,
  "nDCG@10_std": 0.36987937776081076,
  "nDCG@10_stderr": 0.009601590238232108,
  "nDCG@10_ci90_low": 0.31703289881028374,
  "nDCG@10_ci90_high": 0.34863906336738926,
  "nDCG@10_ci95_low": 0.31400183857678776,
  "nDCG@10_ci95_high": 0.35167012360088523,
  "nDCG@100": 0.3939442784873562,
  "nDCG@100_std": 0.3270718908060443,
  "nDCG@100_stderr": 0.008490363244836636,
  "nDCG@100_ci90_low": 0.37997014445290295,
  "nDCG@100_ci90_high": 0.40791841252180944,
  "nDCG@100_ci95_low": 0.3772898798549733,
  "nDCG@100_ci95_high": 0.4105986771197391,
  "RR@1": 0.17183288409703504,
  "RR@3": 0.24281221922731328,
  "RR@5": 0.2636680143755609,
  "RR@10": 0.2779237795747225,
  "RR@100": 0.2892435524113042,
  "P@1": 0.17183288409703504,
  "P@3": 0.11185983827493284,
  "P@5": 0.0855795148247987,
  "P@10": 0.05390835579514808,
  "P@100": 0.008557951482479636,
  "R@1": 0.1667228212039533,
  "R@3": 0.32507861635220126,
  "R@5": 0.41638589398023357,
  "R@10": 0.5200471698113207,
  "R@100": 0.8124438454627133,
  "AP": 0.283687782499683
}