nDCG@1,nDCG@3,nDCG@5,nDCG@10,nDCG@100,RR@1,RR@3,RR@5,RR@10,RR@100,P@1,P@3,P@5,P@10,P@100,R@1,R@3,R@5,R@10,R@100,AP
0.09299191374663072,0.14159670210530284,0.16305678321429537,0.1873914327760077,0.24034146661644806,0.09299191374663072,0.13162623539982038,0.14358715184186882,0.1534748962478072,0.16356871779728538,0.09299191374663072,0.06087151841868809,0.04743935309973076,0.031603773584905924,0.00582884097035031,0.0902403414195867,0.17784141958670263,0.22961590296495957,0.30480682839173406,0.5585130278526506,0.16001083601891658
