{
  "nDCG@1": 0.09299191374663072,
  "nDCG@1_std": 0.2905190043874812,
  "nDCG@1_stderr": 0.007541497591551577,
  "nDCG@1_ci90_low": 0.08057950038740985,
  "nDCG@1_ci90_high": 0.1054043271058516,
  "nDCG@1_ci95_low": 0.07819877668606531,
  "nDCG@1_ci95_high": 0.10778505080719614,
  "nDCG@3": 0.14159670210530284,
  "nDCG@3_std": 0.31467705139581154,
  "nDCG@3_stderr": 0.008168609245448474,
  "nDCG@3_ci90_low": 0.12815213711093817,
  "nDCG@3_ci90_high": 0.1550412670996675,
  "nDCG@3_ci95_low": 0.12557344482846006,
  "nDCG@3_ci95_high": 0.15761995938214562,
  "nDCG@5": 0.16305678321429537,
  "nDCG@5_std": 0.3186201421906047,
  "nDCG@5_stderr": 0.008270966782418896,
  "nDCG@5_ci90_low": 0.14944374981642264,
  "nDCG@5_ci90_high": 0.1766698166121681,
  "nDCG@5_ci95_low": 0.1468327449844385,
  "nDCG@5_ci95_high": 0.17928082144415225,
  "nDCG@10": 0.1873914327760077,
  "nDCG@10_std": 0.3179222950512377,
  "nDCG@10_stderr": 0.00825285157328859,
  "nDCG@10_ci90_low": 0.17380821487049367,
  "nDCG@10_ci90_high": 0.20097465068152173,
  "nDCG@10_ci95_low": 0.17120292870475687,
  "nDCG@10_ci95_high": 0.20357993684725853,
  "nDCG@100": 0.24034146661644806,
  "nDCG@100_std": 0.3000369586978157,
  "nDCG@100_stderr": 0.007788571374759747,
  "nDCG@100_ci90_low": 0.2275223990230812,
  "nDCG@100_ci90_high": 0.25316053420981494,
  "nDCG@100_ci95_low": 0.22506367829203217,
  "nDCG@100_ci95_high": 0.25561925494086396,
  "RR@1": 0.09299191374663072,
  "RR@3": 0.13162623539982038,
  "RR@5": 0.14358715184186882,
  "RR@10": 0.1534748962478072,
  "RR@100": 0.16356871779728538,
  "P@1": 0.09299191374663072,
  "P@3": 0.06087151841868809,
  "P@5": 0.04743935309973076,
  "P@10": 0.031603773584905924,
  "P@100": 0.00582884097035031,
  "R@1": 0.0902403414195867,
  "R@3": 0.17784141958670263,
  "R@5": 0.22961590296495957,
  "R@10": 0.30480682839173406,
  "R@100": 0.5585130278526506,
  "AP": 0.16001083601891658
}