nDCG@1,nDCG@3,nDCG@5,nDCG@10,nDCG@100,RR@1,RR@3,RR@5,RR@10,RR@100,P@1,P@3,P@5,P@10,P@100,R@1,R@3,R@5,R@10,R@100,AP
0.17183288409703504,0.2609538820259896,0.2985445978982429,0.3328359810888365,0.3939442784873562,0.17183288409703504,0.24281221922731328,0.2636680143755609,0.2779237795747225,0.2892435524113042,0.17183288409703504,0.11185983827493284,0.0855795148247987,0.05390835579514808,0.008557951482479636,0.1667228212039533,0.32507861635220126,0.41638589398023357,0.5200471698113207,0.8124438454627133,0.283687782499683
