nDCG@1,nDCG@1_std,nDCG@1_stderr,nDCG@1_ci90_low,nDCG@1_ci90_high,nDCG@1_ci95_low,nDCG@1_ci95_high,nDCG@3,nDCG@3_std,nDCG@3_stderr,nDCG@3_ci90_low,nDCG@3_ci90_high,nDCG@3_ci95_low,nDCG@3_ci95_high,nDCG@5,nDCG@5_std,nDCG@5_stderr,nDCG@5_ci90_low,nDCG@5_ci90_high,nDCG@5_ci95_low,nDCG@5_ci95_high,nDCG@10,nDCG@10_std,nDCG@10_stderr,nDCG@10_ci90_low,nDCG@10_ci90_high,nDCG@10_ci95_low,nDCG@10_ci95_high,nDCG@100,nDCG@100_std,nDCG@100_stderr,nDCG@100_ci90_low,nDCG@100_ci90_high,nDCG@100_ci95_low,nDCG@100_ci95_high,RR@1,RR@3,RR@5,RR@10,RR@100,P@1,P@3,P@5,P@10,P@100,R@1,R@3,R@5,R@10,R@100,AP
0.1650943396226415,0.37139082401445983,0.00964082542804589,0.14922668086066698,0.18096199838461602,0.14618323473893297,0.18400544450635004,0.24579339098327058,0.3851645032581755,0.009998372326095777,0.22933725230201926,0.26224952966452186,0.22618093464990338,0.26540584731663774,0.28497292049339756,0.3790929386625813,0.009840762362261701,0.2687761891774462,0.3011696518093489,0.2656696263348907,0.3042762146519044,0.3192960249426357,0.36640289314011615,0.00951134519402472,0.3036414753366357,0.3349505745486357,0.3006389039427986,0.33795314594247283,0.3791697465446774,0.3261472943500331,0.008466361916727767,0.3652351158584704,0.39310437723088437,0.3625624280753576,0.3957770650139972,0.1650943396226415,0.22933513027852634,0.25079739442946936,0.2654852821631794,0.2763841280731694,0.1650943396226415,0.1046720575022462,0.08221024258760187,0.05215633423180586,0.00832884097035026,0.15964734950584009,0.3043014375561546,0.39965184186882297,0.5035377358490566,0.7928459119496857,0.27090207703001723
