nDCG@1,nDCG@3,nDCG@5,nDCG@10,nDCG@100,RR@1,RR@3,RR@5,RR@10,RR@100,P@1,P@3,P@5,P@10,P@100,R@1,R@3,R@5,R@10,R@100,AP
0.17587601078167117,0.26664751373574724,0.30086603220124947,0.3358700269977355,0.3999352170516774,0.1752021563342318,0.24707996406109584,0.26655435759209284,0.28097002952124206,0.2931492508551439,0.17587601078167117,0.11433063791554388,0.08557951482479868,0.054043126684635935,0.008692722371967504,0.1707659478885894,0.33249101527403413,0.4149258760107817,0.5207210242587601,0.8253032345013477,0.2882724636929174
