{
  "nDCG@1": 0.09299191374663072,
  "nDCG@3": 0.14159670210530284,
  "nDCG@5": 0.16305678321429537,
  "nDCG@10": 0.1873914327760077,
  "nDCG@100": 0.24034146661644806,
  "RR@1": 0.09299191374663072,
  "RR@3": 0.13162623539982038,
  "RR@5": 0.14358715184186882,
  "RR@10": 0.1534748962478072,
  "RR@100": 0.16356871779728538,
  "P@1": 0.09299191374663072,
  "P@3": 0.06087151841868809,
  "P@5": 0.04743935309973076,
  "P@10": 0.031603773584905924,
  "P@100": 0.00582884097035031,
  "R@1": 0.0902403414195867,
  "R@3": 0.17784141958670263,
  "R@5": 0.22961590296495957,
  "R@10": 0.30480682839173406,
  "R@100": 0.5585130278526506,
  "AP": 0.16001083601891658
}