{
  "nDCG@1": 0.17587601078167117,
  "nDCG@1_std": 0.38084298127934507,
  "nDCG@1_stderr": 0.009886191205057243,
  "nDCG@1_ci90_low": 0.1596045089618028,
  "nDCG@1_ci90_high": 0.19214751260153953,
  "nDCG@1_ci95_low": 0.15648360499913755,
  "nDCG@1_ci95_high": 0.1952684165642048,
  "nDCG@3": 0.26664751373574724,
  "nDCG@3_std": 0.3928551149151507,
  "nDCG@3_stderr": 0.0101980106575396,
  "nDCG@3_ci90_low": 0.2498627939653762,
  "nDCG@3_ci90_high": 0.2834322335061183,
  "nDCG@3_ci95_low": 0.24664345385630196,
  "nDCG@3_ci95_high": 0.28665157361519256,
  "nDCG@5": 0.30086603220124947,
  "nDCG@5_std": 0.3864428029168665,
  "nDCG@5_stderr": 0.010031555331860323,
  "nDCG@5_ci90_low": 0.2843552782159354,
  "nDCG@5_ci90_high": 0.3173767861865635,
  "nDCG@5_ci95_low": 0.28118848524809525,
  "nDCG@5_ci95_high": 0.3205435791544037,
  "nDCG@10": 0.3358700269977355,
  "nDCG@10_std": 0.37251366704086336,
  "nDCG@10_stderr": 0.009669972980706572,
  "nDCG@10_ci90_low": 0.3199543948103714,
  "nDCG@10_ci90_high": 0.3517856591850996,
  "nDCG@10_ci95_low": 0.3169017472974531,
  "nDCG@10_ci95_high": 0.3548383066980179,
  "nDCG@100": 0.3999352170516774,
  "nDCG@100_std": 0.32701657081126717,
  "nDCG@100_stderr": 0.008488927209324067,
  "nDCG@100_ci90_low": 0.38596344656188675,
  "nDCG@100_ci90_high": 0.41390698754146804,
  "nDCG@100_ci95_low": 0.38328363529616855,
  "nDCG@100_ci95_high": 0.41658679880718624,
  "RR@1": 0.1752021563342318,
  "RR@3": 0.24707996406109584,
  "RR@5": 0.26655435759209284,
  "RR@10": 0.28097002952124206,
  "RR@100": 0.2931492508551439,
  "P@1": 0.17587601078167117,
  "P@3": 0.11433063791554388,
  "P@5": 0.08557951482479868,
  "P@10": 0.054043126684635935,
  "P@100": 0.008692722371967504,
  "R@1": 0.1707659478885894,
  "R@3": 0.33249101527403413,
  "R@5": 0.4149258760107817,
  "R@10": 0.5207210242587601,
  "R@100": 0.8253032345013477,
  "AP": 0.2882724636929174
}