nDCG@1,nDCG@1_std,nDCG@1_stderr,nDCG@1_ci90_low,nDCG@1_ci90_high,nDCG@1_ci95_low,nDCG@1_ci95_high,nDCG@3,nDCG@3_std,nDCG@3_stderr,nDCG@3_ci90_low,nDCG@3_ci90_high,nDCG@3_ci95_low,nDCG@3_ci95_high,nDCG@5,nDCG@5_std,nDCG@5_stderr,nDCG@5_ci90_low,nDCG@5_ci90_high,nDCG@5_ci95_low,nDCG@5_ci95_high,nDCG@10,nDCG@10_std,nDCG@10_stderr,nDCG@10_ci90_low,nDCG@10_ci90_high,nDCG@10_ci95_low,nDCG@10_ci95_high,nDCG@100,nDCG@100_std,nDCG@100_stderr,nDCG@100_ci90_low,nDCG@100_ci90_high,nDCG@100_ci95_low,nDCG@100_ci95_high,RR@1,RR@3,RR@5,RR@10,RR@100,P@1,P@3,P@5,P@10,P@100,R@1,R@3,R@5,R@10,R@100,AP
0.72911051212938,0.44456895401339364,0.011540435032948517,0.710116320559968,0.7481047036987921,0.706473199697933,0.7517478245608271,0.8056455506297656,0.3484543273568337,0.009045423641278746,0.7907578528108871,0.8205332484486442,0.7879023649996042,0.823388736259927,0.8201647456814918,0.323118451324709,0.008387737069348752,0.8063595221977836,0.8339699691651999,0.803711654954013,0.8366178364089706,0.8353590168737076,0.2918780352816106,0.007576776275768914,0.8228885389714754,0.8478294947759398,0.8204966783840351,0.8502213553633802,0.8478775218547061,0.2613854351915108,0.0067852278170907245,0.8367098391259383,0.8590452045834739,0.8345678570478341,0.8611871866615781,0.72911051212938,0.7915543575920937,0.7991689128481586,0.8050555127711462,0.8075352614577912,0.72911051212938,0.3009883198562396,0.18854447439352656,0.09939353099730211,0.010552560646900081,0.7089510332434862,0.858883647798742,0.8935871518418688,0.9389600179694518,0.9923629829290206,0.8029941726164422
