{
  "nDCG@1": 0.72911051212938,
  "nDCG@1_std": 0.44456895401339364,
  "nDCG@1_stderr": 0.011540435032948517,
  "nDCG@1_ci90_low": 0.710116320559968,
  "nDCG@1_ci90_high": 0.7481047036987921,
  "nDCG@1_ci95_low": 0.706473199697933,
  "nDCG@1_ci95_high": 0.7517478245608271,
  "nDCG@3": 0.8056455506297656,
  "nDCG@3_std": 0.3484543273568337,
  "nDCG@3_stderr": 0.009045423641278746,
  "nDCG@3_ci90_low": 0.7907578528108871,
  "nDCG@3_ci90_high": 0.8205332484486442,
  "nDCG@3_ci95_low": 0.7879023649996042,
  "nDCG@3_ci95_high": 0.823388736259927,
  "nDCG@5": 0.8201647456814918,
  "nDCG@5_std": 0.323118451324709,
  "nDCG@5_stderr": 0.008387737069348752,
  "nDCG@5_ci90_low": 0.8063595221977836,
  "nDCG@5_ci90_high": 0.8339699691651999,
  "nDCG@5_ci95_low": 0.803711654954013,
  "nDCG@5_ci95_high": 0.8366178364089706,
  "nDCG@10": 0.8353590168737076,
  "nDCG@10_std": 0.2918780352816106,
  "nDCG@10_stderr": 0.007576776275768914,
  "nDCG@10_ci90_low": 0.8228885389714754,
  "nDCG@10_ci90_high": 0.8478294947759398,
  "nDCG@10_ci95_low": 0.8204966783840351,
  "nDCG@10_ci95_high": 0.8502213553633802,
  "nDCG@100": 0.8478775218547061,
  "nDCG@100_std": 0.2613854351915108,
  "nDCG@100_stderr": 0.0067852278170907245,
  "nDCG@100_ci90_low": 0.8367098391259383,
  "nDCG@100_ci90_high": 0.8590452045834739,
  "nDCG@100_ci95_low": 0.8345678570478341,
  "nDCG@100_ci95_high": 0.8611871866615781,
  "RR@1": 0.72911051212938,
  "RR@3": 0.7915543575920937,
  "RR@5": 0.7991689128481586,
  "RR@10": 0.8050555127711462,
  "RR@100": 0.8075352614577912,
  "P@1": 0.72911051212938,
  "P@3": 0.3009883198562396,
  "P@5": 0.18854447439352656,
  "P@10": 0.09939353099730211,
  "P@100": 0.010552560646900081,
  "R@1": 0.7089510332434862,
  "R@3": 0.858883647798742,
  "R@5": 0.8935871518418688,
  "R@10": 0.9389600179694518,
  "R@100": 0.9923629829290206,
  "AP": 0.8029941726164422
}