nDCG@1,nDCG@1_std,nDCG@1_stderr,nDCG@1_ci90_low,nDCG@1_ci90_high,nDCG@1_ci95_low,nDCG@1_ci95_high,nDCG@3,nDCG@3_std,nDCG@3_stderr,nDCG@3_ci90_low,nDCG@3_ci90_high,nDCG@3_ci95_low,nDCG@3_ci95_high,nDCG@5,nDCG@5_std,nDCG@5_stderr,nDCG@5_ci90_low,nDCG@5_ci90_high,nDCG@5_ci95_low,nDCG@5_ci95_high,nDCG@10,nDCG@10_std,nDCG@10_stderr,nDCG@10_ci90_low,nDCG@10_ci90_high,nDCG@10_ci95_low,nDCG@10_ci95_high,nDCG@100,nDCG@100_std,nDCG@100_stderr,nDCG@100_ci90_low,nDCG@100_ci90_high,nDCG@100_ci95_low,nDCG@100_ci95_high,RR@1,RR@3,RR@5,RR@10,RR@100,P@1,P@3,P@5,P@10,P@100,R@1,R@3,R@5,R@10,R@100,AP
0.7216981132075472,0.44831393185289614,0.011637649813842346,0.7025439176030702,0.7408523088120241,0.6988701076729575,0.7445261187421368,0.8001568819067879,0.35139105903229606,0.009121657397153779,0.785143712339313,0.8151700514742628,0.7822641588159814,0.8180496049975944,0.8142178795335343,0.3276370404965437,0.008505033799827533,0.8002195995001538,0.8282161595669149,0.7975347036552397,0.8309010554118289,0.8302575397252672,0.2957118368301581,0.007676296805263417,0.8176232627983958,0.8428918166521385,0.8151999852569007,0.8453150941936336,0.8424025278428297,0.26657269306957715,0.006919882322315512,0.8310132197194714,0.8537918359661879,0.8288287294832473,0.855976326202412,0.7216981132075472,0.7854896675651392,0.7930031446540885,0.7991509968767384,0.8014872376130816,0.7216981132075472,0.29941599281221454,0.1873315363881358,0.09912398921832638,0.010518867924528113,0.7012017070979336,0.8556266846361186,0.8892070979335129,0.9366015274034141,0.9897798742138366,0.7967199580558127
