nDCG@1,nDCG@1_std,nDCG@1_stderr,nDCG@1_ci90_low,nDCG@1_ci90_high,nDCG@1_ci95_low,nDCG@1_ci95_high,nDCG@3,nDCG@3_std,nDCG@3_stderr,nDCG@3_ci90_low,nDCG@3_ci90_high,nDCG@3_ci95_low,nDCG@3_ci95_high,nDCG@5,nDCG@5_std,nDCG@5_stderr,nDCG@5_ci90_low,nDCG@5_ci90_high,nDCG@5_ci95_low,nDCG@5_ci95_high,nDCG@10,nDCG@10_std,nDCG@10_stderr,nDCG@10_ci90_low,nDCG@10_ci90_high,nDCG@10_ci95_low,nDCG@10_ci95_high,nDCG@100,nDCG@100_std,nDCG@100_stderr,nDCG@100_ci90_low,nDCG@100_ci90_high,nDCG@100_ci95_low,nDCG@100_ci95_high,RR@1,RR@3,RR@5,RR@10,RR@100,P@1,P@3,P@5,P@10,P@100,R@1,R@3,R@5,R@10,R@100,AP
0.715633423180593,0.45126427972595107,0.011714237028595453,0.696353174075998,0.734913672285188,0.6926551868528252,0.7386116595083607,0.7875464409364366,0.3661444483369554,0.009504636301211684,0.7719029333747742,0.8031899484980989,0.7689024798653408,0.8061904020075323,0.8043688608672981,0.3383481267670365,0.008783079745503724,0.7899129500823736,0.8188247716522226,0.7871402798180026,0.8215974419165936,0.8202179192680098,0.3086349568566856,0.008011764286163226,0.8070315025319088,0.8334043360041108,0.8045023235599468,0.8359335149760728,0.8340813299003523,0.27677673650544315,0.007184766091822837,0.8222560544111811,0.8459066053895236,0.8199879448327094,0.8481747149679952,0.715633423180593,0.7744833782569636,0.7837488769092551,0.7898215890129643,0.7924820081231503,0.715633423180593,0.2933513027852606,0.18504043126684208,0.09784366576819169,0.010478436657681754,0.6958670260557052,0.8379380053908356,0.8784254267744834,0.9249775381850852,0.9861859838274932,0.7875594193735248
