{
  "nDCG@1": 0.7008086253369272,
  "nDCG@1_std": 0.45805816475543853,
  "nDCG@1_stderr": 0.011890597496631553,
  "nDCG@1_ci90_low": 0.6812381077541002,
  "nDCG@1_ci90_high": 0.7203791429197542,
  "nDCG@1_ci95_low": 0.6774844465031715,
  "nDCG@1_ci95_high": 0.7241328041706829,
  "nDCG@3": 0.7726308538722619,
  "nDCG@3_std": 0.37592510696253806,
  "nDCG@3_stderr": 0.00975852954865735,
  "nDCG@3_ci90_low": 0.7565694680446248,
  "nDCG@3_ci90_high": 0.7886922396998991,
  "nDCG@3_ci95_low": 0.7534888647155479,
  "nDCG@3_ci95_high": 0.791772843028976,
  "nDCG@5": 0.7915743617442184,
  "nDCG@5_std": 0.34697850635497757,
  "nDCG@5_stderr": 0.009007113236923187,
  "nDCG@5_ci90_low": 0.7767497183212402,
  "nDCG@5_ci90_high": 0.8063990051671965,
  "nDCG@5_ci95_low": 0.7739063244590106,
  "nDCG@5_ci95_high": 0.8092423990294261,
  "nDCG@10": 0.8080791498697271,
  "nDCG@10_std": 0.31710940960325057,
  "nDCG@10_stderr": 0.008231750118459061,
  "nDCG@10_ci90_low": 0.7945306624639109,
  "nDCG@10_ci90_high": 0.8216276372755432,
  "nDCG@10_ci95_low": 0.7919320376718649,
  "nDCG@10_ci95_high": 0.8242262620675892,
  "nDCG@100": 0.8224940202398225,
  "nDCG@100_std": 0.2854744372234613,
  "nDCG@100_stderr": 0.007410547152704776,
  "nDCG@100_ci90_low": 0.810297135819888,
  "nDCG@100_ci90_high": 0.834690904659757,
  "nDCG@100_ci95_low": 0.8079577509653282,
  "nDCG@100_ci95_high": 0.8370302895143169,
  "RR@1": 0.7008086253369272,
  "RR@3": 0.7602201257861637,
  "RR@5": 0.7704964061096143,
  "RR@10": 0.7767049587130453,
  "RR@100": 0.7794409618255451,
  "P@1": 0.7008086253369272,
  "P@3": 0.287960467205746,
  "P@5": 0.1830188679245241,
  "P@10": 0.09710242587600844,
  "P@100": 0.010438005390835394,
  "R@1": 0.6809299191374663,
  "R@3": 0.8235624438454626,
  "R@5": 0.8686545372866129,
  "R@10": 0.9182389937106917,
  "R@100": 0.9821428571428571,
  "AP": 0.7736553777373734
}