{
  "nDCG@1": 0.7216981132075472,
  "nDCG@1_std": 0.44831393185289614,
  "nDCG@1_stderr": 0.011637649813842346,
  "nDCG@1_ci90_low": 0.7025439176030702,
  "nDCG@1_ci90_high": 0.7408523088120241,
  "nDCG@1_ci95_low": 0.6988701076729575,
  "nDCG@1_ci95_high": 0.7445261187421368,
  "nDCG@3": 0.8001568819067879,
  "nDCG@3_std": 0.35139105903229606,
  "nDCG@3_stderr": 0.009121657397153779,
  "nDCG@3_ci90_low": 0.785143712339313,
  "nDCG@3_ci90_high": 0.8151700514742628,
  "nDCG@3_ci95_low": 0.7822641588159814,
  "nDCG@3_ci95_high": 0.8180496049975944,
  "nDCG@5": 0.8142178795335343,
  "nDCG@5_std": 0.3276370404965437,
  "nDCG@5_stderr": 0.008505033799827533,
  "nDCG@5_ci90_low": 0.8002195995001538,
  "nDCG@5_ci90_high": 0.8282161595669149,
  "nDCG@5_ci95_low": 0.7975347036552397,
  "nDCG@5_ci95_high": 0.8309010554118289,
  "nDCG@10": 0.8302575397252672,
  "nDCG@10_std": 0.2957118368301581,
  "nDCG@10_stderr": 0.007676296805263417,
  "nDCG@10_ci90_low": 0.8176232627983958,
  "nDCG@10_ci90_high": 0.8428918166521385,
  "nDCG@10_ci95_low": 0.8151999852569007,
  "nDCG@10_ci95_high": 0.8453150941936336,
  "nDCG@100": 0.8424025278428297,
  "nDCG@100_std": 0.26657269306957715,
  "nDCG@100_stderr": 0.006919882322315512,
  "nDCG@100_ci90_low": 0.8310132197194714,
  "nDCG@100_ci90_high": 0.8537918359661879,
  "nDCG@100_ci95_low": 0.8288287294832473,
  "nDCG@100_ci95_high": 0.855976326202412,
  "RR@1": 0.7216981132075472,
  "RR@3": 0.7854896675651392,
  "RR@5": 0.7930031446540885,
  "RR@10": 0.7991509968767384,
  "RR@100": 0.8014872376130816,
  "P@1": 0.7216981132075472,
  "P@3": 0.29941599281221454,
  "P@5": 0.1873315363881358,
  "P@10": 0.09912398921832638,
  "P@100": 0.010518867924528113,
  "R@1": 0.7012017070979336,
  "R@3": 0.8556266846361186,
  "R@5": 0.8892070979335129,
  "R@10": 0.9366015274034141,
  "R@100": 0.9897798742138366,
  "AP": 0.7967199580558127
}