{
  "nDCG@1": 0.715633423180593,
  "nDCG@1_std": 0.45126427972595107,
  "nDCG@1_stderr": 0.011714237028595453,
  "nDCG@1_ci90_low": 0.696353174075998,
  "nDCG@1_ci90_high": 0.734913672285188,
  "nDCG@1_ci95_low": 0.6926551868528252,
  "nDCG@1_ci95_high": 0.7386116595083607,
  "nDCG@3": 0.7875464409364366,
  "nDCG@3_std": 0.3661444483369554,
  "nDCG@3_stderr": 0.009504636301211684,
  "nDCG@3_ci90_low": 0.7719029333747742,
  "nDCG@3_ci90_high": 0.8031899484980989,
  "nDCG@3_ci95_low": 0.7689024798653408,
  "nDCG@3_ci95_high": 0.8061904020075323,
  "nDCG@5": 0.8043688608672981,
  "nDCG@5_std": 0.3383481267670365,
  "nDCG@5_stderr": 0.008783079745503724,
  "nDCG@5_ci90_low": 0.7899129500823736,
  "nDCG@5_ci90_high": 0.8188247716522226,
  "nDCG@5_ci95_low": 0.7871402798180026,
  "nDCG@5_ci95_high": 0.8215974419165936,
  "nDCG@10": 0.8202179192680098,
  "nDCG@10_std": 0.3086349568566856,
  "nDCG@10_stderr": 0.008011764286163226,
  "nDCG@10_ci90_low": 0.8070315025319088,
  "nDCG@10_ci90_high": 0.8334043360041108,
  "nDCG@10_ci95_low": 0.8045023235599468,
  "nDCG@10_ci95_high": 0.8359335149760728,
  "nDCG@100": 0.8340813299003523,
  "nDCG@100_std": 0.27677673650544315,
  "nDCG@100_stderr": 0.007184766091822837,
  "nDCG@100_ci90_low": 0.8222560544111811,
  "nDCG@100_ci90_high": 0.8459066053895236,
  "nDCG@100_ci95_low": 0.8199879448327094,
  "nDCG@100_ci95_high": 0.8481747149679952,
  "RR@1": 0.715633423180593,
  "RR@3": 0.7744833782569636,
  "RR@5": 0.7837488769092551,
  "RR@10": 0.7898215890129643,
  "RR@100": 0.7924820081231503,
  "P@1": 0.715633423180593,
  "P@3": 0.2933513027852606,
  "P@5": 0.18504043126684208,
  "P@10": 0.09784366576819169,
  "P@100": 0.010478436657681754,
  "R@1": 0.6958670260557052,
  "R@3": 0.8379380053908356,
  "R@5": 0.8784254267744834,
  "R@10": 0.9249775381850852,
  "R@100": 0.9861859838274932,
  "AP": 0.7875594193735248
}