{
  "nDCG@1": 0.784366576819407,
  "nDCG@1_std": 0.4113996835813681,
  "nDCG@1_stderr": 0.010679403674246041,
  "nDCG@1_ci90_low": 0.7667895410615196,
  "nDCG@1_ci90_high": 0.8019436125772944,
  "nDCG@1_ci95_low": 0.7634182332894418,
  "nDCG@1_ci95_high": 0.8053149203493722,
  "nDCG@3": 0.8502023799182737,
  "nDCG@3_std": 0.31142116235750283,
  "nDCG@3_stderr": 0.00808409057723765,
  "nDCG@3_ci90_low": 0.8368969226586352,
  "nDCG@3_ci90_high": 0.8635078371779122,
  "nDCG@3_ci95_low": 0.834344911495414,
  "nDCG@3_ci95_high": 0.8660598483411335,
  "nDCG@5": 0.8654765701162558,
  "nDCG@5_std": 0.2789429690477592,
  "nDCG@5_stderr": 0.0072409986867784095,
  "nDCG@5_ci90_low": 0.8535587424245045,
  "nDCG@5_ci90_high": 0.8773943978080071,
  "nDCG@5_ci95_low": 0.8512728811634295,
  "nDCG@5_ci95_high": 0.8796802590690821,
  "nDCG@10": 0.8784544901699243,
  "nDCG@10_std": 0.24692602304174505,
  "nDCG@10_stderr": 0.006409880179738677,
  "nDCG@10_ci90_low": 0.8679045852726366,
  "nDCG@10_ci90_high": 0.889004395067212,
  "nDCG@10_ci95_low": 0.8658810941183361,
  "nDCG@10_ci95_high": 0.8910278862215124,
  "nDCG@100": 0.8853877576040908,
  "nDCG@100_std": 0.22634949652763117,
  "nDCG@100_stderr": 0.005875740165470565,
  "nDCG@100_ci90_low": 0.8757169840157123,
  "nDCG@100_ci90_high": 0.8950585311924694,
  "nDCG@100_ci95_low": 0.8738621118626603,
  "nDCG@100_ci95_high": 0.8969134033455214,
  "RR@1": 0.784366576819407,
  "RR@3": 0.8392857142857144,
  "RR@5": 0.8478773584905664,
  "RR@10": 0.8524943310657597,
  "RR@100": 0.8538688093560259,
  "P@1": 0.784366576819407,
  "P@3": 0.3133423180592932,
  "P@5": 0.19622641509433475,
  "P@10": 0.10262803234501085,
  "P@100": 0.01061320754716962,
  "R@1": 0.7626347708894878,
  "R@3": 0.893699460916442,
  "R@5": 0.9298629829290207,
  "R@10": 0.9677111410601976,
  "R@100": 0.9973045822102425,
  "AP": 0.849031231085982
}