{
  "nDCG@1": 0.7890835579514824,
  "nDCG@1_std": 0.40809670693468386,
  "nDCG@1_stderr": 0.010593662672625723,
  "nDCG@1_ci90_low": 0.7716476417445894,
  "nDCG@1_ci90_high": 0.8065194741583754,
  "nDCG@1_ci95_low": 0.7683034009618273,
  "nDCG@1_ci95_high": 0.8098637149411376,
  "nDCG@3": 0.853002532181327,
  "nDCG@3_std": 0.3084335904185582,
  "nDCG@3_stderr": 0.008006537073880302,
  "nDCG@3_ci90_low": 0.8398247188185991,
  "nDCG@3_ci90_high": 0.866180345544055,
  "nDCG@3_ci95_low": 0.8372971899894665,
  "nDCG@3_ci95_high": 0.8687078743731876,
  "nDCG@5": 0.8682497987315533,
  "nDCG@5_std": 0.27677578122006885,
  "nDCG@5_stderr": 0.007184741293850104,
  "nDCG@5_ci90_low": 0.8564245640569131,
  "nDCG@5_ci90_high": 0.8800750334061934,
  "nDCG@5_ci95_low": 0.8541564623067436,
  "nDCG@5_ci95_high": 0.882343135156363,
  "nDCG@10": 0.8813988361182983,
  "nDCG@10_std": 0.24331672956787773,
  "nDCG@10_stderr": 0.006316187589480213,
  "nDCG@10_ci90_low": 0.8710031381467394,
  "nDCG@10_ci90_high": 0.8917945340898572,
  "nDCG@10_ci95_low": 0.8690092241642885,
  "nDCG@10_ci95_high": 0.8937884480723081,
  "nDCG@100": 0.8875997835085175,
  "nDCG@100_std": 0.22467432650330538,
  "nDCG@100_stderr": 0.0058322549183331945,
  "nDCG@100_ci90_low": 0.8780005814954056,
  "nDCG@100_ci90_high": 0.8971989855216295,
  "nDCG@100_ci95_low": 0.8761594369020673,
  "nDCG@100_ci95_high": 0.8990401301149678,
  "RR@1": 0.7890835579514824,
  "RR@3": 0.8426549865229112,
  "RR@5": 0.8506401617250676,
  "RR@10": 0.8554953899798914,
  "RR@100": 0.8566555477123228,
  "P@1": 0.7890835579514824,
  "P@3": 0.3137915543575861,
  "P@5": 0.19676549865228624,
  "P@10": 0.10289757412398655,
  "P@100": 0.01061320754716962,
  "R@1": 0.7673517520215634,
  "R@3": 0.896170260557053,
  "R@5": 0.9318845462713388,
  "R@10": 0.9705188679245285,
  "R@100": 0.9973045822102425,
  "AP": 0.8518557137500661
}