nDCG@1,nDCG@1_std,nDCG@1_stderr,nDCG@1_ci90_low,nDCG@1_ci90_high,nDCG@1_ci95_low,nDCG@1_ci95_high,nDCG@3,nDCG@3_std,nDCG@3_stderr,nDCG@3_ci90_low,nDCG@3_ci90_high,nDCG@3_ci95_low,nDCG@3_ci95_high,nDCG@5,nDCG@5_std,nDCG@5_stderr,nDCG@5_ci90_low,nDCG@5_ci90_high,nDCG@5_ci95_low,nDCG@5_ci95_high,nDCG@10,nDCG@10_std,nDCG@10_stderr,nDCG@10_ci90_low,nDCG@10_ci90_high,nDCG@10_ci95_low,nDCG@10_ci95_high,nDCG@100,nDCG@100_std,nDCG@100_stderr,nDCG@100_ci90_low,nDCG@100_ci90_high,nDCG@100_ci95_low,nDCG@100_ci95_high,RR@1,RR@3,RR@5,RR@10,RR@100,P@1,P@3,P@5,P@10,P@100,R@1,R@3,R@5,R@10,R@100,AP
0.7978436657681941,0.4017435867078178,0.01042874388877279,0.7806791863801864,0.8150081451562018,0.7773870076782974,0.8183003238580908,0.8599076956994214,0.300955689274456,0.0078124204322271755,0.8470493753772802,0.8727660160215626,0.8445831259006897,0.875232265498153,0.8732243148021757,0.27223458664934314,0.007066857756454328,0.8615931024920116,0.8848555271123397,0.8593622145880403,0.887086415016311,0.8854690004728665,0.24093119126412382,0.006254262100611612,0.8751752245341634,0.8957627764115695,0.8732008593849884,0.8977371415607446,0.8915805206117438,0.22251452730226298,0.0057761893245960915,0.8820735959369519,0.9010874452865356,0.8802501503067465,0.902910890916741,0.7971698113207547,0.8492812219227316,0.8562556154537293,0.860807609207205,0.8619015324181999,0.7978436657681941,0.31626235399819697,0.19730458221023767,0.1028301886792426,0.010599730458220833,0.7764487870619946,0.9032457322551661,0.9345799640610962,0.9701819407008088,0.9959568733153639,0.8573228653941618
