nDCG@1,nDCG@1_std,nDCG@1_stderr,nDCG@1_ci90_low,nDCG@1_ci90_high,nDCG@1_ci95_low,nDCG@1_ci95_high,nDCG@3,nDCG@3_std,nDCG@3_stderr,nDCG@3_ci90_low,nDCG@3_ci90_high,nDCG@3_ci95_low,nDCG@3_ci95_high,nDCG@5,nDCG@5_std,nDCG@5_stderr,nDCG@5_ci90_low,nDCG@5_ci90_high,nDCG@5_ci95_low,nDCG@5_ci95_high,nDCG@10,nDCG@10_std,nDCG@10_stderr,nDCG@10_ci90_low,nDCG@10_ci90_high,nDCG@10_ci95_low,nDCG@10_ci95_high,nDCG@100,nDCG@100_std,nDCG@100_stderr,nDCG@100_ci90_low,nDCG@100_ci90_high,nDCG@100_ci95_low,nDCG@100_ci95_high,RR@1,RR@3,RR@5,RR@10,RR@100,P@1,P@3,P@5,P@10,P@100,R@1,R@3,R@5,R@10,R@100,AP
0.7890835579514824,0.40809670693468386,0.010593662672625723,0.7716476417445894,0.8065194741583754,0.7683034009618273,0.8098637149411376,0.853002532181327,0.3084335904185582,0.008006537073880302,0.8398247188185991,0.866180345544055,0.8372971899894665,0.8687078743731876,0.8682497987315533,0.27677578122006885,0.007184741293850104,0.8564245640569131,0.8800750334061934,0.8541564623067436,0.882343135156363,0.8813988361182983,0.24331672956787773,0.006316187589480213,0.8710031381467394,0.8917945340898572,0.8690092241642885,0.8937884480723081,0.8875997835085175,0.22467432650330538,0.0058322549183331945,0.8780005814954056,0.8971989855216295,0.8761594369020673,0.8990401301149678,0.7890835579514824,0.8426549865229112,0.8506401617250676,0.8554953899798914,0.8566555477123228,0.7890835579514824,0.3137915543575861,0.19676549865228624,0.10289757412398655,0.01061320754716962,0.7673517520215634,0.896170260557053,0.9318845462713388,0.9705188679245285,0.9973045822102425,0.8518557137500661
