nDCG@1,nDCG@1_std,nDCG@1_stderr,nDCG@1_ci90_low,nDCG@1_ci90_high,nDCG@1_ci95_low,nDCG@1_ci95_high,nDCG@3,nDCG@3_std,nDCG@3_stderr,nDCG@3_ci90_low,nDCG@3_ci90_high,nDCG@3_ci95_low,nDCG@3_ci95_high,nDCG@5,nDCG@5_std,nDCG@5_stderr,nDCG@5_ci90_low,nDCG@5_ci90_high,nDCG@5_ci95_low,nDCG@5_ci95_high,nDCG@10,nDCG@10_std,nDCG@10_stderr,nDCG@10_ci90_low,nDCG@10_ci90_high,nDCG@10_ci95_low,nDCG@10_ci95_high,nDCG@100,nDCG@100_std,nDCG@100_stderr,nDCG@100_ci90_low,nDCG@100_ci90_high,nDCG@100_ci95_low,nDCG@100_ci95_high,RR@1,RR@3,RR@5,RR@10,RR@100,P@1,P@3,P@5,P@10,P@100,R@1,R@3,R@5,R@10,R@100,AP
0.7021563342318059,0.4574645741863603,0.011875188653218677,0.6826111777833566,0.7217014906802552,0.6788623808446256,0.7254502876189862,0.7748586378495527,0.3741920561973056,0.009713541792350004,0.7588712965496253,0.7908459791494801,0.7558048950970869,0.7939123806020184,0.7939708336436403,0.3458625488496329,0.00897814442348334,0.7791938694624276,0.808747797824853,0.7763596205664224,0.8115820467208582,0.8090071346505731,0.3189067108367621,0.008278405733820257,0.7953818576182455,0.8226324116829006,0.7927685044346642,0.8252457648664819,0.8249695929009255,0.283430557685105,0.007357490683478491,0.8128600331561531,0.837079152645698,0.8105373973348274,0.8394017884670236,0.7021563342318059,0.7628032345013483,0.7726078167115913,0.7783288944508628,0.781727295599857,0.7021563342318059,0.28818508535489235,0.1834231805929877,0.09676549865228874,0.01045148247978418,0.68401841868823,0.8248539982030547,0.8698337825696316,0.9136904761904763,0.9829290206648696,0.7765934185341198
