{
  "nDCG@1": 0.7331536388140162,
  "nDCG@1_std": 0.44246050905178463,
  "nDCG@1_stderr": 0.011485702528844635,
  "nDCG@1_ci90_low": 0.7142495304750069,
  "nDCG@1_ci90_high": 0.7520577471530254,
  "nDCG@1_ci95_low": 0.7106236877421729,
  "nDCG@1_ci95_high": 0.7556835898858595,
  "nDCG@3": 0.8027763762989238,
  "nDCG@3_std": 0.35318479075113635,
  "nDCG@3_stderr": 0.009168220352530981,
  "nDCG@3_ci90_low": 0.7876865696123154,
  "nDCG@3_ci90_high": 0.8178661829855323,
  "nDCG@3_ci95_low": 0.7847923169486439,
  "nDCG@3_ci95_high": 0.8207604356492038,
  "nDCG@5": 0.8214407221697749,
  "nDCG@5_std": 0.32259948985280634,
  "nDCG@5_stderr": 0.008374265500771976,
  "nDCG@5_ci90_low": 0.8076576712951198,
  "nDCG@5_ci90_high": 0.8352237730444301,
  "nDCG@5_ci95_low": 0.8050140567985278,
  "nDCG@5_ci95_high": 0.8378673875410221,
  "nDCG@10": 0.8352604489871279,
  "nDCG@10_std": 0.29439571311196766,
  "nDCG@10_stderr": 0.007642131935836565,
  "nDCG@10_ci90_low": 0.8226824033958158,
  "nDCG@10_ci90_high": 0.8478384945784401,
  "nDCG@10_ci95_low": 0.820269911127857,
  "nDCG@10_ci95_high": 0.8502509868463989,
  "nDCG@100": 0.8477038743091516,
  "nDCG@100_std": 0.2640046562866497,
  "nDCG@100_stderr": 0.006853219408974282,
  "nDCG@100_ci90_low": 0.8364242854591971,
  "nDCG@100_ci90_high": 0.8589834631591061,
  "nDCG@100_ci95_low": 0.8342608395813204,
  "nDCG@100_ci95_high": 0.8611469090369829,
  "RR@1": 0.7331536388140162,
  "RR@3": 0.7915543575920938,
  "RR@5": 0.8008198562443852,
  "RR@10": 0.8060898258674545,
  "RR@100": 0.8086689998540851,
  "P@1": 0.7331536388140162,
  "P@3": 0.29739442946989625,
  "P@5": 0.18908355795147797,
  "P@10": 0.09919137466307028,
  "P@100": 0.010525606469002505,
  "R@1": 0.7140049415992813,
  "R@3": 0.8511343216531895,
  "R@5": 0.8948225516621744,
  "R@10": 0.9362646001796946,
  "R@100": 0.9896675651392631,
  "AP": 0.8032504577530645
}