{
  "nDCG@1": 0.12061994609164421,
  "nDCG@1_std": 0.3257948728215982,
  "nDCG@1_stderr": 0.00845721350967775,
  "nDCG@1_ci90_low": 0.10670037260177057,
  "nDCG@1_ci90_high": 0.13453951958151786,
  "nDCG@1_ci95_low": 0.1040305728165957,
  "nDCG@1_ci95_high": 0.13720931936669273,
  "nDCG@3": 0.18149375012400998,
  "nDCG@3_std": 0.3480150118330676,
  "nDCG@3_stderr": 0.00903401957850014,
  "nDCG@3_ci90_low": 0.16662482204409426,
  "nDCG@3_ci90_high": 0.1963626782039257,
  "nDCG@3_ci95_low": 0.16377293430325085,
  "nDCG@3_ci95_high": 0.1992145659447691,
  "nDCG@5": 0.20932906797848355,
  "nDCG@5_std": 0.3491171629606616,
  "nDCG@5_stderr": 0.009062629996230987,
  "nDCG@5_ci90_low": 0.19441305053376406,
  "nDCG@5_ci90_high": 0.22424508542320304,
  "nDCG@5_ci95_low": 0.19155213096618198,
  "nDCG@5_ci95_high": 0.22710600499078512,
  "nDCG@10": 0.23687301661607718,
  "nDCG@10_std": 0.34470639180556956,
  "nDCG@10_stderr": 0.008948132082013142,
  "nDCG@10_ci90_low": 0.22214544920038543,
  "nDCG@10_ci90_high": 0.25160058403176894,
  "nDCG@10_ci95_low": 0.2193206746948184,
  "nDCG@10_ci95_high": 0.254425358537336,
  "nDCG@100": 0.2984565319903347,
  "nDCG@100_std": 0.31571927664885274,
  "nDCG@100_stderr": 0.008195664064985102,
  "nDCG@100_ci90_low": 0.28496743796186624,
  "nDCG@100_ci90_high": 0.3119456260188031,
  "nDCG@100_ci95_low": 0.2823802049287846,
  "nDCG@100_ci95_high": 0.31453285905188477,
  "RR@1": 0.12061994609164421,
  "RR@3": 0.16868823000898486,
  "RR@5": 0.18425426774483375,
  "RR@10": 0.19538971248876894,
  "RR@100": 0.20688307775945913,
  "P@1": 0.12061994609164421,
  "P@3": 0.07794249775381813,
  "P@5": 0.060916442048518,
  "P@10": 0.03935309973045859,
  "P@100": 0.007068733153638695,
  "R@1": 0.11758760107816711,
  "R@3": 0.22529200359389037,
  "R@5": 0.2922282120395328,
  "R@10": 0.3769654088050315,
  "R@100": 0.6747529200359389,
  "AP": 0.2034032761465164
}