{
  "nDCG@1": 0.14555256064690028,
  "nDCG@1_std": 0.3527759551206797,
  "nDCG@1_stderr": 0.009157607508359462,
  "nDCG@1_ci90_low": 0.130480221446978,
  "nDCG@1_ci90_high": 0.16062489984682257,
  "nDCG@1_ci95_low": 0.12758931907936527,
  "nDCG@1_ci95_high": 0.1635158022144353,
  "nDCG@3": 0.21778915672917767,
  "nDCG@3_std": 0.3711188884586081,
  "nDCG@3_stderr": 0.00963376633274217,
  "nDCG@3_ci90_low": 0.20193311640343392,
  "nDCG@3_ci90_high": 0.23364519705492143,
  "nDCG@3_ci95_low": 0.19889189871912838,
  "nDCG@3_ci95_high": 0.23668641473922697,
  "nDCG@5": 0.2515402349514865,
  "nDCG@5_std": 0.3690303084061691,
  "nDCG@5_stderr": 0.009579549495986724,
  "nDCG@5_ci90_low": 0.23577342912866053,
  "nDCG@5_ci90_high": 0.2673070407743124,
  "nDCG@5_ci95_low": 0.2327493267860638,
  "nDCG@5_ci95_high": 0.27033114311690914,
  "nDCG@10": 0.2830335076353449,
  "nDCG@10_std": 0.35996877046101944,
  "nDCG@10_stderr": 0.009344323691281865,
  "nDCG@10_ci90_low": 0.26765385567490607,
  "nDCG@10_ci90_high": 0.29841315959578374,
  "nDCG@10_ci95_low": 0.26470401015486084,
  "nDCG@10_ci95_high": 0.301363005115829,
  "nDCG@100": 0.3486704371010226,
  "nDCG@100_std": 0.32097285952736915,
  "nDCG@100_stderr": 0.008332040281435662,
  "nDCG@100_ci90_low": 0.3349568839448542,
  "nDCG@100_ci90_high": 0.362383990257191,
  "nDCG@100_ci95_low": 0.3323265992384329,
  "nDCG@100_ci95_high": 0.3650142749636123,
  "RR@1": 0.14487870619946092,
  "RR@3": 0.20193171608265953,
  "RR@5": 0.2208670260557051,
  "RR@10": 0.2342887626748811,
  "RR@100": 0.2463055937203541,
  "P@1": 0.14555256064690028,
  "P@3": 0.09344115004492333,
  "P@5": 0.07291105121293866,
  "P@10": 0.04669811320754739,
  "P@100": 0.008018867924528161,
  "R@1": 0.14184636118598382,
  "R@3": 0.27032794249775377,
  "R@5": 0.35175202156334234,
  "R@10": 0.44727088948787064,
  "R@100": 0.7634770889487871,
  "AP": 0.24237775200944237
}