nDCG@1,nDCG@1_std,nDCG@1_stderr,nDCG@1_ci90_low,nDCG@1_ci90_high,nDCG@1_ci95_low,nDCG@1_ci95_high,nDCG@3,nDCG@3_std,nDCG@3_stderr,nDCG@3_ci90_low,nDCG@3_ci90_high,nDCG@3_ci95_low,nDCG@3_ci95_high,nDCG@5,nDCG@5_std,nDCG@5_stderr,nDCG@5_ci90_low,nDCG@5_ci90_high,nDCG@5_ci95_low,nDCG@5_ci95_high,nDCG@10,nDCG@10_std,nDCG@10_stderr,nDCG@10_ci90_low,nDCG@10_ci90_high,nDCG@10_ci95_low,nDCG@10_ci95_high,nDCG@100,nDCG@100_std,nDCG@100_stderr,nDCG@100_ci90_low,nDCG@100_ci90_high,nDCG@100_ci95_low,nDCG@100_ci95_high,RR@1,RR@3,RR@5,RR@10,RR@100,P@1,P@3,P@5,P@10,P@100,R@1,R@3,R@5,R@10,R@100,AP
0.1623989218328841,0.36894069337053376,0.00957722320557128,0.14663594480903072,0.17816189885673747,0.1436125768371158,0.18118526682865238,0.24115732908911264,0.384111667872407,0.009971042081236881,0.2247461727594804,0.2575684854187449,0.2215984828051008,0.26071617537312447,0.26962002570944665,0.38074771275374136,0.009883718157354544,0.25335259423369366,0.28588745718519964,0.2502324709705127,0.2890075804483806,0.3032776598371898,0.3698398891692879,0.009600565165471408,0.28747626470720067,0.3190790549671789,0.2844455280719009,0.3221097916024787,0.3694931630269539,0.32776095764090846,0.008508250528618646,0.35548958863831626,0.38349673741559154,0.3528036773263308,0.386182648727577,0.1623989218328841,0.22461814914645106,0.23991464510332414,0.25439208702348837,0.2668438468315291,0.1623989218328841,0.10265049415992811,0.0761455525606476,0.048989218328841067,0.008261455525606325,0.15869272237196766,0.2989667565139263,0.3674191374663073,0.46950808625336926,0.785658131176999,0.26238254290327073
