{
  "nDCG@1": 0.16576819407008087,
  "nDCG@1_std": 0.3719977815343258,
  "nDCG@1_stderr": 0.009656581260212169,
  "nDCG@1_ci90_low": 0.14987460307126715,
  "nDCG@1_ci90_high": 0.18166178506889458,
  "nDCG@1_ci95_low": 0.1468261830988334,
  "nDCG@1_ci95_high": 0.18471020504132832,
  "nDCG@3": 0.2385800932580796,
  "nDCG@3_std": 0.3842771641632474,
  "nDCG@3_stderr": 0.009975338150891308,
  "nDCG@3_ci90_low": 0.22216186610574623,
  "nDCG@3_ci90_high": 0.254998320410413,
  "nDCG@3_ci95_low": 0.21901281995457356,
  "nDCG@3_ci95_high": 0.25814736656158566,
  "nDCG@5": 0.2662744610248098,
  "nDCG@5_std": 0.3814492981987868,
  "nDCG@5_stderr": 0.009901930408065073,
  "nDCG@5_ci90_low": 0.24997705433773088,
  "nDCG@5_ci90_high": 0.2825718677118887,
  "nDCG@5_ci95_low": 0.24685118177391097,
  "nDCG@5_ci95_high": 0.2856977402757086,
  "nDCG@10": 0.30155746941486866,
  "nDCG@10_std": 0.37008670940243243,
  "nDCG@10_stderr": 0.009606972299482245,
  "nDCG@10_ci90_low": 0.28574552889985155,
  "nDCG@10_ci90_high": 0.31736940992988577,
  "nDCG@10_ci95_low": 0.2827127696403167,
  "nDCG@10_ci95_high": 0.3204021691894206,
  "nDCG@100": 0.3643584538782337,
  "nDCG@100_std": 0.3317002892878534,
  "nDCG@100_stderr": 0.008610510482973075,
  "nDCG@100_ci90_low": 0.35018657169553613,
  "nDCG@100_ci90_high": 0.3785303360609312,
  "nDCG@100_ci95_low": 0.347468378639232,
  "nDCG@100_ci95_high": 0.38124852911723534,
  "RR@1": 0.16576819407008087,
  "RR@3": 0.22383198562443843,
  "RR@5": 0.2389600179694517,
  "RR@10": 0.2539265391691267,
  "RR@100": 0.26585779338013016,
  "P@1": 0.16576819407008087,
  "P@3": 0.10040431266846353,
  "P@5": 0.07425876010781739,
  "P@10": 0.04845013477088961,
  "P@100": 0.008025606469002557,
  "R@1": 0.15992812219227315,
  "R@3": 0.2918912848158131,
  "R@5": 0.3587713387241689,
  "R@10": 0.4661388140161725,
  "R@100": 0.7636455525606469,
  "AP": 0.26074284672824655
}