{
  "nDCG@1": 0.1664420485175202,
  "nDCG@1_std": 0.37260253085394857,
  "nDCG@1_stderr": 0.009672279770356259,
  "nDCG@1_ci90_low": 0.15052261962713828,
  "nDCG@1_ci90_high": 0.18236147740790212,
  "nDCG@1_ci95_low": 0.14746924389960125,
  "nDCG@1_ci95_high": 0.18541485313543915,
  "nDCG@3": 0.2439665812446501,
  "nDCG@3_std": 0.38666178371515336,
  "nDCG@3_stderr": 0.010037239790150266,
  "nDCG@3_ci90_low": 0.2274464713130984,
  "nDCG@3_ci90_high": 0.26048669117620177,
  "nDCG@3_ci95_low": 0.2242778838575698,
  "nDCG@3_ci95_high": 0.2636552786317304,
  "nDCG@5": 0.27471616554868605,
  "nDCG@5_std": 0.3829143881971124,
  "nDCG@5_stderr": 0.009939962249448646,
  "nDCG@5_ci90_low": 0.25835616294742236,
  "nDCG@5_ci90_high": 0.29107616814994974,
  "nDCG@5_ci95_low": 0.2552182843721852,
  "nDCG@5_ci95_high": 0.2942140467251869,
  "nDCG@10": 0.3070840581056451,
  "nDCG@10_std": 0.3717627487946203,
  "nDCG@10_stderr": 0.009650480114284859,
  "nDCG@10_ci90_low": 0.29120050887165266,
  "nDCG@10_ci90_high": 0.32296760733963753,
  "nDCG@10_ci95_low": 0.2881540149281725,
  "nDCG@10_ci95_high": 0.3260141012831177,
  "nDCG@100": 0.3728943873809885,
  "nDCG@100_std": 0.32994523840849294,
  "nDCG@100_stderr": 0.008564951632158297,
  "nDCG@100_ci90_low": 0.358797489680036,
  "nDCG@100_ci90_high": 0.386991285081941,
  "nDCG@100_ci95_low": 0.35609367878518244,
  "nDCG@100_ci95_high": 0.3896950959767946,
  "RR@1": 0.1664420485175202,
  "RR@3": 0.22832434860736747,
  "RR@5": 0.24517070979335098,
  "RR@10": 0.25877428015231213,
  "RR@100": 0.2713101211860265,
  "P@1": 0.1664420485175202,
  "P@3": 0.10287511230907456,
  "P@5": 0.07735849056603844,
  "P@10": 0.049123989218328924,
  "P@100": 0.008254716981131931,
  "R@1": 0.16194968553459121,
  "R@3": 0.2996406109613656,
  "R@5": 0.3735961365678346,
  "R@10": 0.47254043126684636,
  "R@100": 0.7846473495058399,
  "AP": 0.26650468415959117
}