nDCG@1,nDCG@1_std,nDCG@1_stderr,nDCG@1_ci90_low,nDCG@1_ci90_high,nDCG@1_ci95_low,nDCG@1_ci95_high,nDCG@3,nDCG@3_std,nDCG@3_stderr,nDCG@3_ci90_low,nDCG@3_ci90_high,nDCG@3_ci95_low,nDCG@3_ci95_high,nDCG@5,nDCG@5_std,nDCG@5_stderr,nDCG@5_ci90_low,nDCG@5_ci90_high,nDCG@5_ci95_low,nDCG@5_ci95_high,nDCG@10,nDCG@10_std,nDCG@10_stderr,nDCG@10_ci90_low,nDCG@10_ci90_high,nDCG@10_ci95_low,nDCG@10_ci95_high,nDCG@100,nDCG@100_std,nDCG@100_stderr,nDCG@100_ci90_low,nDCG@100_ci90_high,nDCG@100_ci95_low,nDCG@100_ci95_high,RR@1,RR@3,RR@5,RR@10,RR@100,P@1,P@3,P@5,P@10,P@100,R@1,R@3,R@5,R@10,R@100,AP
0.1280323450134771,0.3342384530913649,0.0086763979324069,0.11375201987927963,0.14231267014767457,0.11101302726551573,0.14505166276143847,0.19369320984445318,0.3557809831779782,0.009235614149971228,0.17849248093563083,0.20889393875327553,0.17557695318581876,0.2118094665030876,0.222191976213403,0.35594997738389894,0.009240001020976878,0.20698402703359142,0.23739992539321458,0.2040671144225298,0.2403168380042762,0.2532236436060746,0.3494395940692857,0.00907099989077285,0.23829385030456202,0.26815343690758714,0.2354302885023214,0.27101699870982776,0.3158376591634453,0.3172340916111591,0.008234986702118483,0.3022838447236065,0.32939147360328414,0.2996841981966416,0.331991120130249,0.1280323450134771,0.18003144654088066,0.19579964061096133,0.20858228511530388,0.22006144695976013,0.1280323450134771,0.0833333333333329,0.0644204851752027,0.04218328840970391,0.007432614555255938,0.125,0.24146451033243485,0.3094115004492363,0.4052672955974843,0.7079964061096137,0.21622711628681554
