{
  "nDCG@1": 0.13409703504043127,
  "nDCG@1_std": 0.34087140921120973,
  "nDCG@1_stderr": 0.008848580894096937,
  "nDCG@1_ci90_low": 0.11953331710951583,
  "nDCG@1_ci90_high": 0.14866075297134673,
  "nDCG@1_ci95_low": 0.11673996923635062,
  "nDCG@1_ci95_high": 0.1514541008445119,
  "nDCG@3": 0.20644494558439852,
  "nDCG@3_std": 0.3620951277026773,
  "nDCG@3_stderr": 0.00939952117500776,
  "nDCG@3_ci90_low": 0.19097444509207628,
  "nDCG@3_ci90_high": 0.22191544607672076,
  "nDCG@3_ci95_low": 0.1880071746565994,
  "nDCG@3_ci95_high": 0.22488271651219763,
  "nDCG@5": 0.2399964519823195,
  "nDCG@5_std": 0.3605569782066418,
  "nDCG@5_stderr": 0.009359592803560064,
  "nDCG@5_ci90_low": 0.22459166886842943,
  "nDCG@5_ci90_high": 0.2554012350962096,
  "nDCG@5_ci95_low": 0.22163700314695103,
  "nDCG@5_ci95_high": 0.258355900817688,
  "nDCG@10": 0.27222363146045775,
  "nDCG@10_std": 0.35276470216925826,
  "nDCG@10_stderr": 0.009157315396295326,
  "nDCG@10_ci90_low": 0.2571517730424549,
  "nDCG@10_ci90_high": 0.2872954898784606,
  "nDCG@10_ci95_low": 0.2542609628896981,
  "nDCG@10_ci95_high": 0.29018630003121737,
  "nDCG@100": 0.33298153668244157,
  "nDCG@100_std": 0.31826159767057266,
  "nDCG@100_stderr": 0.0082616594304266,
  "nDCG@100_ci90_low": 0.31938382208548416,
  "nDCG@100_ci90_high": 0.346579251279399,
  "nDCG@100_ci95_low": 0.31677575542767766,
  "nDCG@100_ci95_high": 0.3491873179372055,
  "RR@1": 0.1347708894878706,
  "RR@3": 0.19137466307277629,
  "RR@5": 0.21027628032344972,
  "RR@10": 0.22327311427715704,
  "RR@100": 0.23501717997488025,
  "P@1": 0.13409703504043127,
  "P@3": 0.08894878706199419,
  "P@5": 0.07021563342318121,
  "P@10": 0.04548517520215662,
  "P@100": 0.007648247978436527,
  "R@1": 0.13095238095238093,
  "R@3": 0.25920934411500446,
  "R@5": 0.3404088050314465,
  "R@10": 0.4390161725067385,
  "R@100": 0.7287174303683737,
  "AP": 0.23035010907195144
}