{
  "nDCG@1": 0.15431266846361186,
  "nDCG@1_std": 0.3613699853325957,
  "nDCG@1_stderr": 0.00938069741699223,
  "nDCG@1_ci90_low": 0.1388731496513374,
  "nDCG@1_ci90_high": 0.1697521872758863,
  "nDCG@1_ci95_low": 0.1359118215590506,
  "nDCG@1_ci95_high": 0.17271351536817312,
  "nDCG@3": 0.23259347333664013,
  "nDCG@3_std": 0.3782851796644113,
  "nDCG@3_stderr": 0.009819793983438784,
  "nDCG@3_ci90_low": 0.21643125349301418,
  "nDCG@3_ci90_high": 0.24875569318026608,
  "nDCG@3_ci95_low": 0.21333131001429678,
  "nDCG@3_ci95_high": 0.2518556366589835,
  "nDCG@5": 0.26415853277397217,
  "nDCG@5_std": 0.3746089015371184,
  "nDCG@5_stderr": 0.009724362558216511,
  "nDCG@5_ci90_low": 0.24815338177283253,
  "nDCG@5_ci90_high": 0.2801636837751118,
  "nDCG@5_ci95_low": 0.2450835643868602,
  "nDCG@5_ci95_high": 0.28323350116108414,
  "nDCG@10": 0.30328878506303053,
  "nDCG@10_std": 0.36226833601046476,
  "nDCG@10_stderr": 0.009404017438647275,
  "nDCG@10_ci90_low": 0.28781088425237783,
  "nDCG@10_ci90_high": 0.31876668587368323,
  "nDCG@10_ci95_low": 0.2848421944222404,
  "nDCG@10_ci95_high": 0.32173537570382066,
  "nDCG@100": 0.36497080209204424,
  "nDCG@100_std": 0.3232873088172328,
  "nDCG@100_stderr": 0.008392120391451442,
  "nDCG@100_ci90_low": 0.3511583641784215,
  "nDCG@100_ci90_high": 0.378783240005667,
  "nDCG@100_ci95_low": 0.3485091131937301,
  "nDCG@100_ci95_high": 0.38143249099035836,
  "RR@1": 0.15363881401617252,
  "RR@3": 0.2152964959568732,
  "RR@5": 0.23349056603773538,
  "RR@10": 0.2496443545971844,
  "RR@100": 0.2613710421966387,
  "P@1": 0.15431266846361186,
  "P@3": 0.09928122192273123,
  "P@5": 0.07547169811320825,
  "P@10": 0.0503369272237197,
  "P@100": 0.008180592991913604,
  "R@1": 0.15116801437556154,
  "R@3": 0.29015049415992816,
  "R@5": 0.36652066486972146,
  "R@10": 0.485062893081761,
  "R@100": 0.778133423180593,
  "AP": 0.2569929846513998
}