nDCG@1,nDCG@1_std,nDCG@1_stderr,nDCG@1_ci90_low,nDCG@1_ci90_high,nDCG@1_ci95_low,nDCG@1_ci95_high,nDCG@3,nDCG@3_std,nDCG@3_stderr,nDCG@3_ci90_low,nDCG@3_ci90_high,nDCG@3_ci95_low,nDCG@3_ci95_high,nDCG@5,nDCG@5_std,nDCG@5_stderr,nDCG@5_ci90_low,nDCG@5_ci90_high,nDCG@5_ci95_low,nDCG@5_ci95_high,nDCG@10,nDCG@10_std,nDCG@10_stderr,nDCG@10_ci90_low,nDCG@10_ci90_high,nDCG@10_ci95_low,nDCG@10_ci95_high,nDCG@100,nDCG@100_std,nDCG@100_stderr,nDCG@100_ci90_low,nDCG@100_ci90_high,nDCG@100_ci95_low,nDCG@100_ci95_high,RR@1,RR@3,RR@5,RR@10,RR@100,P@1,P@3,P@5,P@10,P@100,R@1,R@3,R@5,R@10,R@100,AP
0.13409703504043127,0.34087140921120973,0.008848580894096937,0.11953331710951583,0.14866075297134673,0.11673996923635062,0.1514541008445119,0.20644494558439852,0.3620951277026773,0.00939952117500776,0.19097444509207628,0.22191544607672076,0.1880071746565994,0.22488271651219763,0.2399964519823195,0.3605569782066418,0.009359592803560064,0.22459166886842943,0.2554012350962096,0.22163700314695103,0.258355900817688,0.27222363146045775,0.35276470216925826,0.009157315396295326,0.2571517730424549,0.2872954898784606,0.2542609628896981,0.29018630003121737,0.33298153668244157,0.31826159767057266,0.0082616594304266,0.31938382208548416,0.346579251279399,0.31677575542767766,0.3491873179372055,0.1347708894878706,0.19137466307277629,0.21027628032344972,0.22327311427715704,0.23501717997488025,0.13409703504043127,0.08894878706199419,0.07021563342318121,0.04548517520215662,0.007648247978436527,0.13095238095238093,0.25920934411500446,0.3404088050314465,0.4390161725067385,0.7287174303683737,0.23035010907195144
