{
  "nDCG@1": 0.15363881401617252,
  "nDCG@1_std": 0.36072373344533837,
  "nDCG@1_stderr": 0.009363921553872492,
  "nDCG@1_ci90_low": 0.13822690629108228,
  "nDCG@1_ci90_high": 0.16905072174126276,
  "nDCG@1_ci95_low": 0.13527087405607777,
  "nDCG@1_ci95_high": 0.17200675397626727,
  "nDCG@3": 0.228161487691961,
  "nDCG@3_std": 0.3770644637807301,
  "nDCG@3_stderr": 0.009788105777993635,
  "nDCG@3_ci90_low": 0.21205142288781126,
  "nDCG@3_ci90_high": 0.24427155249611077,
  "nDCG@3_ci95_low": 0.2089614828415475,
  "nDCG@3_ci95_high": 0.24736149254237452,
  "nDCG@5": 0.26148633870458676,
  "nDCG@5_std": 0.37330986996200277,
  "nDCG@5_stderr": 0.009690641378716605,
  "nDCG@5_ci90_low": 0.24553668877784676,
  "nDCG@5_ci90_high": 0.2774359886313268,
  "nDCG@5_ci95_low": 0.24247751659997774,
  "nDCG@5_ci95_high": 0.2804951608091958,
  "nDCG@10": 0.29947232952211694,
  "nDCG@10_std": 0.36171998594530674,
  "nDCG@10_stderr": 0.009389782980201312,
  "nDCG@10_ci90_low": 0.28401785694704096,
  "nDCG@10_ci90_high": 0.3149268020971929,
  "nDCG@10_ci95_low": 0.2810536606955577,
  "nDCG@10_ci95_high": 0.3178909983486762,
  "nDCG@100": 0.36005096746939685,
  "nDCG@100_std": 0.32388550025827745,
  "nDCG@100_stderr": 0.008407648667549719,
  "nDCG@100_ci90_low": 0.3462129718493175,
  "nDCG@100_ci90_high": 0.3738889630894762,
  "nDCG@100_ci95_low": 0.34355881884954237,
  "nDCG@100_ci95_high": 0.37654311608925134,
  "RR@1": 0.15296495956873316,
  "RR@3": 0.21181491464510327,
  "RR@5": 0.23064914645103277,
  "RR@10": 0.2461956638001108,
  "RR@100": 0.25757746006405224,
  "P@1": 0.15363881401617252,
  "P@3": 0.09703504043126665,
  "P@5": 0.0752021563342325,
  "P@10": 0.049797843665768254,
  "P@100": 0.008099730458220884,
  "R@1": 0.15049415992812218,
  "R@3": 0.2834119496855346,
  "R@5": 0.3648360287511231,
  "R@10": 0.4801212938005391,
  "R@100": 0.7707210242587601,
  "AP": 0.25321716968385244
}