{
  "nDCG@1": 0.1495956873315364,
  "nDCG@1_std": 0.35679490059031793,
  "nDCG@1_stderr": 0.009261934134577102,
  "nDCG@1_ci90_low": 0.13435163884002235,
  "nDCG@1_ci90_high": 0.16483973582305042,
  "nDCG@1_ci95_low": 0.13142780231461104,
  "nDCG@1_ci95_high": 0.16776357234846173,
  "nDCG@3": 0.22216597253518777,
  "nDCG@3_std": 0.373923890949222,
  "nDCG@3_stderr": 0.009706580569359363,
  "nDCG@3_ci90_low": 0.20619008858523585,
  "nDCG@3_ci90_high": 0.2381418564851397,
  "nDCG@3_ci95_low": 0.20312588467348602,
  "nDCG@3_ci95_high": 0.24120606039688952,
  "nDCG@5": 0.2541025623060718,
  "nDCG@5_std": 0.3710723163639834,
  "nDCG@5_stderr": 0.009632557381402873,
  "nDCG@5_ci90_low": 0.23824851177129097,
  "nDCG@5_ci90_high": 0.26995661284085265,
  "nDCG@5_ci95_low": 0.23520767573255016,
  "nDCG@5_ci95_high": 0.2729974488795935,
  "nDCG@10": 0.29219974768412316,
  "nDCG@10_std": 0.3598043092556494,
  "nDCG@10_stderr": 0.00934005449110745,
  "nDCG@10_ci90_low": 0.27682712232239826,
  "nDCG@10_ci90_high": 0.30757237304584806,
  "nDCG@10_ci95_low": 0.27387862451690415,
  "nDCG@10_ci95_high": 0.31052087085134217,
  "nDCG@100": 0.35086191457829324,
  "nDCG@100_std": 0.32469643149926875,
  "nDCG@100_stderr": 0.00842869939369324,
  "nDCG@100_ci90_low": 0.33698927195193523,
  "nDCG@100_ci90_high": 0.36473455720465126,
  "nDCG@100_ci95_low": 0.3343284735926606,
  "nDCG@100_ci95_high": 0.3673953555639259,
  "RR@1": 0.1495956873315364,
  "RR@3": 0.20664869721473486,
  "RR@5": 0.22450584007187735,
  "RR@10": 0.24028152141359663,
  "RR@100": 0.25123958403182206,
  "P@1": 0.1495956873315364,
  "P@3": 0.09456424079065565,
  "P@5": 0.07277628032345079,
  "P@10": 0.04865229110512142,
  "P@100": 0.007877358490565901,
  "R@1": 0.14611410601976638,
  "R@3": 0.2755503144654088,
  "R@5": 0.3530435759209344,
  "R@10": 0.4693396226415094,
  "R@100": 0.7496069182389936,
  "AP": 0.24681501570192713
}