nDCG@1,nDCG@1_std,nDCG@1_stderr,nDCG@1_ci90_low,nDCG@1_ci90_high,nDCG@1_ci95_low,nDCG@1_ci95_high,nDCG@3,nDCG@3_std,nDCG@3_stderr,nDCG@3_ci90_low,nDCG@3_ci90_high,nDCG@3_ci95_low,nDCG@3_ci95_high,nDCG@5,nDCG@5_std,nDCG@5_stderr,nDCG@5_ci90_low,nDCG@5_ci90_high,nDCG@5_ci95_low,nDCG@5_ci95_high,nDCG@10,nDCG@10_std,nDCG@10_stderr,nDCG@10_ci90_low,nDCG@10_ci90_high,nDCG@10_ci95_low,nDCG@10_ci95_high,nDCG@100,nDCG@100_std,nDCG@100_stderr,nDCG@100_ci90_low,nDCG@100_ci90_high,nDCG@100_ci95_low,nDCG@100_ci95_high,RR@1,RR@3,RR@5,RR@10,RR@100,P@1,P@3,P@5,P@10,P@100,R@1,R@3,R@5,R@10,R@100,AP
0.1495956873315364,0.35679490059031793,0.009261934134577102,0.13435163884002235,0.16483973582305042,0.13142780231461104,0.16776357234846173,0.22216597253518777,0.373923890949222,0.009706580569359363,0.20619008858523585,0.2381418564851397,0.20312588467348602,0.24120606039688952,0.2541025623060718,0.3710723163639834,0.009632557381402873,0.23824851177129097,0.26995661284085265,0.23520767573255016,0.2729974488795935,0.29219974768412316,0.3598043092556494,0.00934005449110745,0.27682712232239826,0.30757237304584806,0.27387862451690415,0.31052087085134217,0.35086191457829324,0.32469643149926875,0.00842869939369324,0.33698927195193523,0.36473455720465126,0.3343284735926606,0.3673953555639259,0.1495956873315364,0.20664869721473486,0.22450584007187735,0.24028152141359663,0.25123958403182206,0.1495956873315364,0.09456424079065565,0.07277628032345079,0.04865229110512142,0.007877358490565901,0.14611410601976638,0.2755503144654088,0.3530435759209344,0.4693396226415094,0.7496069182389936,0.24681501570192713
