nDCG@1,nDCG@1_std,nDCG@1_stderr,nDCG@1_ci90_low,nDCG@1_ci90_high,nDCG@1_ci95_low,nDCG@1_ci95_high,nDCG@3,nDCG@3_std,nDCG@3_stderr,nDCG@3_ci90_low,nDCG@3_ci90_high,nDCG@3_ci95_low,nDCG@3_ci95_high,nDCG@5,nDCG@5_std,nDCG@5_stderr,nDCG@5_ci90_low,nDCG@5_ci90_high,nDCG@5_ci95_low,nDCG@5_ci95_high,nDCG@10,nDCG@10_std,nDCG@10_stderr,nDCG@10_ci90_low,nDCG@10_ci90_high,nDCG@10_ci95_low,nDCG@10_ci95_high,nDCG@100,nDCG@100_std,nDCG@100_stderr,nDCG@100_ci90_low,nDCG@100_ci90_high,nDCG@100_ci95_low,nDCG@100_ci95_high,RR@1,RR@3,RR@5,RR@10,RR@100,P@1,P@3,P@5,P@10,P@100,R@1,R@3,R@5,R@10,R@100,AP
0.15431266846361186,0.3613699853325957,0.00938069741699223,0.1388731496513374,0.1697521872758863,0.1359118215590506,0.17271351536817312,0.23259347333664013,0.3782851796644113,0.009819793983438784,0.21643125349301418,0.24875569318026608,0.21333131001429678,0.2518556366589835,0.26415853277397217,0.3746089015371184,0.009724362558216511,0.24815338177283253,0.2801636837751118,0.2450835643868602,0.28323350116108414,0.30328878506303053,0.36226833601046476,0.009404017438647275,0.28781088425237783,0.31876668587368323,0.2848421944222404,0.32173537570382066,0.36497080209204424,0.3232873088172328,0.008392120391451442,0.3511583641784215,0.378783240005667,0.3485091131937301,0.38143249099035836,0.15363881401617252,0.2152964959568732,0.23349056603773538,0.2496443545971844,0.2613710421966387,0.15431266846361186,0.09928122192273123,0.07547169811320825,0.0503369272237197,0.008180592991913604,0.15116801437556154,0.29015049415992816,0.36652066486972146,0.485062893081761,0.778133423180593,0.2569929846513998
