{
  "nDCG@1": 0.14555256064690028,
  "nDCG@1_std": 0.3527759551206797,
  "nDCG@1_stderr": 0.009157607508359462,
  "nDCG@1_ci90_low": 0.130480221446978,
  "nDCG@1_ci90_high": 0.16062489984682257,
  "nDCG@1_ci95_low": 0.12758931907936527,
  "nDCG@1_ci95_high": 0.1635158022144353,
  "nDCG@3": 0.2238253829678218,
  "nDCG@3_std": 0.372015104112558,
  "nDCG@3_stderr": 0.009657030931937751,
  "nDCG@3_ci90_low": 0.20793105186251518,
  "nDCG@3_ci90_high": 0.23971971407312845,
  "nDCG@3_ci95_low": 0.2048824899362955,
  "nDCG@3_ci95_high": 0.24276827599934814,
  "nDCG@5": 0.25733669295446576,
  "nDCG@5_std": 0.3688010051495161,
  "nDCG@5_stderr": 0.009573597080028843,
  "nDCG@5_ci90_low": 0.2415796841045167,
  "nDCG@5_ci90_high": 0.27309370180441483,
  "nDCG@5_ci95_low": 0.23855746083932852,
  "nDCG@5_ci95_high": 0.27611592506960303,
  "nDCG@10": 0.2931111863810792,
  "nDCG@10_std": 0.3583126774450098,
  "nDCG@10_stderr": 0.009301333658605845,
  "nDCG@10_ci90_low": 0.27780229093145575,
  "nDCG@10_ci90_high": 0.30842008183070263,
  "nDCG@10_ci95_low": 0.2748660166402641,
  "nDCG@10_ci95_high": 0.3113563561218943,
  "nDCG@100": 0.3570353844714809,
  "nDCG@100_std": 0.31879811048935863,
  "nDCG@100_stderr": 0.008275586609267246,
  "nDCG@100_ci90_low": 0.3434147473848456,
  "nDCG@100_ci90_high": 0.3706560215581162,
  "nDCG@100_ci95_low": 0.34080228415137814,
  "nDCG@100_ci95_high": 0.3732684847915837,
  "RR@1": 0.14487870619946092,
  "RR@3": 0.20698562443845453,
  "RR@5": 0.22501123090745676,
  "RR@10": 0.24030425063106955,
  "RR@100": 0.25252805172063236,
  "P@1": 0.14555256064690028,
  "P@3": 0.09636118598382729,
  "P@5": 0.07479784366576889,
  "P@10": 0.0488544474393532,
  "P@100": 0.00813342318059285,
  "R@1": 0.14240790655884994,
  "R@3": 0.28110961365678344,
  "R@5": 0.36264600179694517,
  "R@10": 0.47068733153638814,
  "R@100": 0.7740902964959568,
  "AP": 0.24838776506922497
}