nDCG@1,nDCG@1_std,nDCG@1_stderr,nDCG@1_ci90_low,nDCG@1_ci90_high,nDCG@1_ci95_low,nDCG@1_ci95_high,nDCG@3,nDCG@3_std,nDCG@3_stderr,nDCG@3_ci90_low,nDCG@3_ci90_high,nDCG@3_ci95_low,nDCG@3_ci95_high,nDCG@5,nDCG@5_std,nDCG@5_stderr,nDCG@5_ci90_low,nDCG@5_ci90_high,nDCG@5_ci95_low,nDCG@5_ci95_high,nDCG@10,nDCG@10_std,nDCG@10_stderr,nDCG@10_ci90_low,nDCG@10_ci90_high,nDCG@10_ci95_low,nDCG@10_ci95_high,nDCG@100,nDCG@100_std,nDCG@100_stderr,nDCG@100_ci90_low,nDCG@100_ci90_high,nDCG@100_ci95_low,nDCG@100_ci95_high,RR@1,RR@3,RR@5,RR@10,RR@100,P@1,P@3,P@5,P@10,P@100,R@1,R@3,R@5,R@10,R@100,AP
0.14555256064690028,0.3527759551206797,0.009157607508359462,0.130480221446978,0.16062489984682257,0.12758931907936527,0.1635158022144353,0.2238253829678218,0.372015104112558,0.009657030931937751,0.20793105186251518,0.23971971407312845,0.2048824899362955,0.24276827599934814,0.25733669295446576,0.3688010051495161,0.009573597080028843,0.2415796841045167,0.27309370180441483,0.23855746083932852,0.27611592506960303,0.2931111863810792,0.3583126774450098,0.009301333658605845,0.27780229093145575,0.30842008183070263,0.2748660166402641,0.3113563561218943,0.3570353844714809,0.31879811048935863,0.008275586609267246,0.3434147473848456,0.3706560215581162,0.34080228415137814,0.3732684847915837,0.14487870619946092,0.20698562443845453,0.22501123090745676,0.24030425063106955,0.25252805172063236,0.14555256064690028,0.09636118598382729,0.07479784366576889,0.0488544474393532,0.00813342318059285,0.14240790655884994,0.28110961365678344,0.36264600179694517,0.47068733153638814,0.7740902964959568,0.24838776506922497
