nDCG@1,nDCG@1_std,nDCG@1_stderr,nDCG@1_ci90_low,nDCG@1_ci90_high,nDCG@1_ci95_low,nDCG@1_ci95_high,nDCG@3,nDCG@3_std,nDCG@3_stderr,nDCG@3_ci90_low,nDCG@3_ci90_high,nDCG@3_ci95_low,nDCG@3_ci95_high,nDCG@5,nDCG@5_std,nDCG@5_stderr,nDCG@5_ci90_low,nDCG@5_ci90_high,nDCG@5_ci95_low,nDCG@5_ci95_high,nDCG@10,nDCG@10_std,nDCG@10_stderr,nDCG@10_ci90_low,nDCG@10_ci90_high,nDCG@10_ci95_low,nDCG@10_ci95_high,nDCG@100,nDCG@100_std,nDCG@100_stderr,nDCG@100_ci90_low,nDCG@100_ci90_high,nDCG@100_ci95_low,nDCG@100_ci95_high,RR@1,RR@3,RR@5,RR@10,RR@100,P@1,P@3,P@5,P@10,P@100,R@1,R@3,R@5,R@10,R@100,AP
0.13274932614555257,0.3394179925516408,0.008810852077488985,0.11824770538586964,0.14725094690523552,0.11546626786430658,0.15003238442679856,0.21188373065370952,0.36270029003381277,0.009415230406396522,0.19638737462391798,0.22738008668350107,0.19341514504882154,0.2303523162585975,0.2449149841413325,0.360709219765986,0.009363544797528751,0.2295036965126379,0.2603262717700271,0.22654778321326208,0.26328218506940293,0.2797065497763173,0.351547742206797,0.009125724689707073,0.2646866859262001,0.29472641362643454,0.26180584842715093,0.2976072511254837,0.3404560269910187,0.31562995989047155,0.00819334551746138,0.3269707490176385,0.35394130496439885,0.3243842479109383,0.3565278060710991,0.1334231805929919,0.1954177897574124,0.2138814016172503,0.22817059213622518,0.23973033916565756,0.13274932614555257,0.09231805929919105,0.07196765498652356,0.04716981132075491,0.007830188679245148,0.12960467205750223,0.26931716082659474,0.34883198562443846,0.455188679245283,0.745788409703504,0.2349735351461045
