{
  "nDCG@1": 0.6044474393530997,
  "nDCG@1_std": 0.4891338808602828,
  "nDCG@1_stderr": 0.012697282892840086,
  "nDCG@1_ci90_low": 0.5835492129873642,
  "nDCG@1_ci90_high": 0.6253456657188353,
  "nDCG@1_ci95_low": 0.5795408947510068,
  "nDCG@1_ci95_high": 0.6293539839551927,
  "nDCG@3": 0.6854952503151394,
  "nDCG@3_std": 0.42206146949866746,
  "nDCG@3_stderr": 0.010956169846519268,
  "nDCG@3_ci90_low": 0.667462690161414,
  "nDCG@3_ci90_high": 0.7035278104688647,
  "nDCG@3_ci95_low": 0.6640040119727761,
  "nDCG@3_ci95_high": 0.7069864886575026,
  "nDCG@5": 0.708657886817364,
  "nDCG@5_std": 0.39684271019004785,
  "nDCG@5_stderr": 0.01030152347325065,
  "nDCG@5_ci90_low": 0.6917027971912734,
  "nDCG@5_ci90_high": 0.7256129764434546,
  "nDCG@5_ci95_low": 0.6884507798306632,
  "nDCG@5_ci95_high": 0.7288649938040648,
  "nDCG@10": 0.7267103938669272,
  "nDCG@10_std": 0.3718860423979811,
  "nDCG@10_stderr": 0.009653680656758009,
  "nDCG@10_ci90_low": 0.7108215769184433,
  "nDCG@10_ci90_high": 0.742599210815411,
  "nDCG@10_ci95_low": 0.7077740726176395,
  "nDCG@10_ci95_high": 0.7456467151162148,
  "nDCG@100": 0.7515475981678814,
  "nDCG@100_std": 0.3283417188020575,
  "nDCG@100_stderr": 0.00852332633719546,
  "nDCG@100_ci90_low": 0.7375192107808296,
  "nDCG@100_ci90_high": 0.7655759855549332,
  "nDCG@100_ci95_low": 0.7348285402901319,
  "nDCG@100_ci95_high": 0.7682666560456309,
  "RR@1": 0.6037735849056604,
  "RR@3": 0.6705974842767305,
  "RR@5": 0.6820530098831998,
  "RR@10": 0.6893728875197886,
  "RR@100": 0.6943256096735484,
  "P@1": 0.6044474393530997,
  "P@3": 0.25943396226414817,
  "P@5": 0.16819407008085924,
  "P@10": 0.08995956873315172,
  "P@100": 0.010222371967654803,
  "R@1": 0.5889487870619946,
  "R@3": 0.7418014375561547,
  "R@5": 0.7963836477987423,
  "R@10": 0.8501235399820306,
  "R@100": 0.9640610961365679,
  "AP": 0.6902391670111978
}