nDCG@1,nDCG@1_std,nDCG@1_stderr,nDCG@1_ci90_low,nDCG@1_ci90_high,nDCG@1_ci95_low,nDCG@1_ci95_high,nDCG@3,nDCG@3_std,nDCG@3_stderr,nDCG@3_ci90_low,nDCG@3_ci90_high,nDCG@3_ci95_low,nDCG@3_ci95_high,nDCG@5,nDCG@5_std,nDCG@5_stderr,nDCG@5_ci90_low,nDCG@5_ci90_high,nDCG@5_ci95_low,nDCG@5_ci95_high,nDCG@10,nDCG@10_std,nDCG@10_stderr,nDCG@10_ci90_low,nDCG@10_ci90_high,nDCG@10_ci95_low,nDCG@10_ci95_high,nDCG@100,nDCG@100_std,nDCG@100_stderr,nDCG@100_ci90_low,nDCG@100_ci90_high,nDCG@100_ci95_low,nDCG@100_ci95_high,RR@1,RR@3,RR@5,RR@10,RR@100,P@1,P@3,P@5,P@10,P@100,R@1,R@3,R@5,R@10,R@100,AP
0.6367924528301887,0.48108604664037447,0.012488371525700414,0.6162380698739216,0.6573468357864558,0.6122957014356238,0.6612892042247536,0.7163282589874626,0.40858856514613423,0.010606430675616984,0.6988713281572835,0.7337851898176416,0.6955230567311417,0.7371334612437834,0.7365358173844007,0.38442182821733906,0.009979093442624517,0.720111409465885,0.7529602253029163,0.7169611778323959,0.7561104569364054,0.7570095652784283,0.3529680328053937,0.009162593596618009,0.7419290195667676,0.7720901109900891,0.7390365431751166,0.7749825873817401,0.7770962033781152,0.31483316768694214,0.00817266182244269,0.7636449683211786,0.7905474384350519,0.7610649967084369,0.7931274100477936,0.637466307277628,0.702380952380953,0.7123876909254275,0.7205509562315495,0.7245654147036056,0.6367924528301887,0.269991015274031,0.17304582210242236,0.09305929919137261,0.010296495956873132,0.6209568733153639,0.7705525606469003,0.8177785265049416,0.8801100628930819,0.970125786163522,0.7201925491480985
