nDCG@1,nDCG@1_std,nDCG@1_stderr,nDCG@1_ci90_low,nDCG@1_ci90_high,nDCG@1_ci95_low,nDCG@1_ci95_high,nDCG@3,nDCG@3_std,nDCG@3_stderr,nDCG@3_ci90_low,nDCG@3_ci90_high,nDCG@3_ci95_low,nDCG@3_ci95_high,nDCG@5,nDCG@5_std,nDCG@5_stderr,nDCG@5_ci90_low,nDCG@5_ci90_high,nDCG@5_ci95_low,nDCG@5_ci95_high,nDCG@10,nDCG@10_std,nDCG@10_stderr,nDCG@10_ci90_low,nDCG@10_ci90_high,nDCG@10_ci95_low,nDCG@10_ci95_high,nDCG@100,nDCG@100_std,nDCG@100_stderr,nDCG@100_ci90_low,nDCG@100_ci90_high,nDCG@100_ci95_low,nDCG@100_ci95_high,RR@1,RR@3,RR@5,RR@10,RR@100,P@1,P@3,P@5,P@10,P@100,R@1,R@3,R@5,R@10,R@100,AP
0.6044474393530997,0.4891338808602828,0.012697282892840086,0.5835492129873642,0.6253456657188353,0.5795408947510068,0.6293539839551927,0.6854952503151394,0.42206146949866746,0.010956169846519268,0.667462690161414,0.7035278104688647,0.6640040119727761,0.7069864886575026,0.708657886817364,0.39684271019004785,0.01030152347325065,0.6917027971912734,0.7256129764434546,0.6884507798306632,0.7288649938040648,0.7267103938669272,0.3718860423979811,0.009653680656758009,0.7108215769184433,0.742599210815411,0.7077740726176395,0.7456467151162148,0.7515475981678814,0.3283417188020575,0.00852332633719546,0.7375192107808296,0.7655759855549332,0.7348285402901319,0.7682666560456309,0.6037735849056604,0.6705974842767305,0.6820530098831998,0.6893728875197886,0.6943256096735484,0.6044474393530997,0.25943396226414817,0.16819407008085924,0.08995956873315172,0.010222371967654803,0.5889487870619946,0.7418014375561547,0.7963836477987423,0.8501235399820306,0.9640610961365679,0.6902391670111978
