{
  "nDCG@1": 0.616576819407008,
  "nDCG@1_std": 0.4863838591317173,
  "nDCG@1_stderr": 0.012625895885692594,
  "nDCG@1_ci90_low": 0.5957960876145234,
  "nDCG@1_ci90_high": 0.6373575511994927,
  "nDCG@1_ci95_low": 0.5918103050533182,
  "nDCG@1_ci95_high": 0.6413433337606979,
  "nDCG@3": 0.6900876482484153,
  "nDCG@3_std": 0.4227804815607542,
  "nDCG@3_stderr": 0.010974834469668297,
  "nDCG@3_ci90_low": 0.6720243683318169,
  "nDCG@3_ci90_high": 0.7081509281650137,
  "nDCG@3_ci95_low": 0.6685597980361846,
  "nDCG@3_ci95_high": 0.711615498460646,
  "nDCG@5": 0.7119202065597452,
  "nDCG@5_std": 0.39805142494509954,
  "nDCG@5_stderr": 0.010332900144919046,
  "nDCG@5_ci90_low": 0.6949134746419404,
  "nDCG@5_ci90_high": 0.72892693847755,
  "nDCG@5_ci95_low": 0.69165155219484,
  "nDCG@5_ci95_high": 0.7321888609246504,
  "nDCG@10": 0.7344232836135618,
  "nDCG@10_std": 0.36668472868302643,
  "nDCG@10_stderr": 0.009518661280187664,
  "nDCG@10_ci90_low": 0.7187566925947624,
  "nDCG@10_ci90_high": 0.7500898746323612,
  "nDCG@10_ci95_low": 0.7157518116358133,
  "nDCG@10_ci95_high": 0.7530947555913103,
  "nDCG@100": 0.755777502766733,
  "nDCG@100_std": 0.32912076444456406,
  "nDCG@100_stderr": 0.008543549354443708,
  "nDCG@100_ci90_low": 0.7417158306843791,
  "nDCG@100_ci90_high": 0.7698391748490868,
  "nDCG@100_ci95_low": 0.7390187761279317,
  "nDCG@100_ci95_high": 0.7725362294055342,
  "RR@1": 0.616576819407008,
  "RR@3": 0.6768867924528309,
  "RR@5": 0.6882412398921846,
  "RR@10": 0.69722810507851,
  "RR@100": 0.7014300754429083,
  "P@1": 0.616576819407008,
  "P@3": 0.2605570530098805,
  "P@5": 0.16792452830188348,
  "P@10": 0.09137466307277427,
  "P@100": 0.010188679245282838,
  "R@1": 0.5998989218328841,
  "R@3": 0.7428122192273136,
  "R@5": 0.7946990116801439,
  "R@10": 0.8621406109613657,
  "R@100": 0.9588387241689127,
  "AP": 0.6962968653802716
}