nDCG@1,nDCG@1_std,nDCG@1_stderr,nDCG@1_ci90_low,nDCG@1_ci90_high,nDCG@1_ci95_low,nDCG@1_ci95_high,nDCG@3,nDCG@3_std,nDCG@3_stderr,nDCG@3_ci90_low,nDCG@3_ci90_high,nDCG@3_ci95_low,nDCG@3_ci95_high,nDCG@5,nDCG@5_std,nDCG@5_stderr,nDCG@5_ci90_low,nDCG@5_ci90_high,nDCG@5_ci95_low,nDCG@5_ci95_high,nDCG@10,nDCG@10_std,nDCG@10_stderr,nDCG@10_ci90_low,nDCG@10_ci90_high,nDCG@10_ci95_low,nDCG@10_ci95_high,nDCG@100,nDCG@100_std,nDCG@100_stderr,nDCG@100_ci90_low,nDCG@100_ci90_high,nDCG@100_ci95_low,nDCG@100_ci95_high,RR@1,RR@3,RR@5,RR@10,RR@100,P@1,P@3,P@5,P@10,P@100,R@1,R@3,R@5,R@10,R@100,AP
0.7351752021563343,0.44138861250273925,0.01145787748084111,0.7163168905564166,0.7540335137562519,0.7126998317223332,0.7576505725903353,0.809513694635525,0.34397603074791605,0.008929172853618187,0.7948173318681081,0.824210057402942,0.791998542471447,0.8270288467996031,0.8260821180380988,0.31610741978802337,0.008205739758846866,0.8125764406088436,0.8395877954673541,0.8099860268490041,0.8421782092271936,0.8407905146710996,0.28621651823521843,0.007429810615949468,0.828561924868299,0.8530191044739001,0.8262164588630181,0.855364570479181,0.852249207697642,0.25669141079844837,0.006663377015179846,0.8412820769816688,0.8632163384136152,0.8391785611483144,0.8653198542469697,0.7351752021563343,0.7968328840970352,0.8053571428571435,0.8108025285585935,0.8132348435072909,0.7351752021563343,0.30166217430367886,0.190161725067381,0.10006738544474146,0.010559299191374475,0.7140049415992813,0.8618598382749326,0.9005503144654087,0.9436769991015272,0.9925876010781671,0.8078623299624176
