nDCG@1,nDCG@1_std,nDCG@1_stderr,nDCG@1_ci90_low,nDCG@1_ci90_high,nDCG@1_ci95_low,nDCG@1_ci95_high,nDCG@3,nDCG@3_std,nDCG@3_stderr,nDCG@3_ci90_low,nDCG@3_ci90_high,nDCG@3_ci95_low,nDCG@3_ci95_high,nDCG@5,nDCG@5_std,nDCG@5_stderr,nDCG@5_ci90_low,nDCG@5_ci90_high,nDCG@5_ci95_low,nDCG@5_ci95_high,nDCG@10,nDCG@10_std,nDCG@10_stderr,nDCG@10_ci90_low,nDCG@10_ci90_high,nDCG@10_ci95_low,nDCG@10_ci95_high,nDCG@100,nDCG@100_std,nDCG@100_stderr,nDCG@100_ci90_low,nDCG@100_ci90_high,nDCG@100_ci95_low,nDCG@100_ci95_high,RR@1,RR@3,RR@5,RR@10,RR@100,P@1,P@3,P@5,P@10,P@100,R@1,R@3,R@5,R@10,R@100,AP
0.772911051212938,0.41909177099334205,0.010879080314380863,0.755005371314355,0.7908167311115211,0.7515710289919106,0.7942510734339654,0.8372820210569498,0.3263732617518198,0.008472227738207971,0.8233377359221377,0.851226306191762,0.8206631963980336,0.853900845715866,0.8524397187299154,0.29744787202871154,0.0077213620335996585,0.8397312697655347,0.8651481676942961,0.8372937658908871,0.8675856715689437,0.8660152396958691,0.26569972906159595,0.0068972213057751945,0.8546632289263884,0.8773672504653499,0.8524858923912056,0.8795445870005326,0.8751077060133268,0.24006154295489973,0.0062316871553224455,0.8648510857653986,0.8853643262612549,0.8628838471460214,0.8873315648806321,0.772911051212938,0.826145552560647,0.8340970350404315,0.8393699460916445,0.8415045842665128,0.772911051212938,0.3092991913746579,0.19380053908355332,0.1014150943396201,0.010566037735848867,0.7517407906558851,0.8810085354896675,0.9165543575920934,0.9571540880503143,0.9932614555256065,0.8371631495682573
