nDCG@1,nDCG@1_std,nDCG@1_stderr,nDCG@1_ci90_low,nDCG@1_ci90_high,nDCG@1_ci95_low,nDCG@1_ci95_high,nDCG@3,nDCG@3_std,nDCG@3_stderr,nDCG@3_ci90_low,nDCG@3_ci90_high,nDCG@3_ci95_low,nDCG@3_ci95_high,nDCG@5,nDCG@5_std,nDCG@5_stderr,nDCG@5_ci90_low,nDCG@5_ci90_high,nDCG@5_ci95_low,nDCG@5_ci95_high,nDCG@10,nDCG@10_std,nDCG@10_stderr,nDCG@10_ci90_low,nDCG@10_ci90_high,nDCG@10_ci95_low,nDCG@10_ci95_high,nDCG@100,nDCG@100_std,nDCG@100_stderr,nDCG@100_ci90_low,nDCG@100_ci90_high,nDCG@100_ci95_low,nDCG@100_ci95_high,RR@1,RR@3,RR@5,RR@10,RR@100,P@1,P@3,P@5,P@10,P@100,R@1,R@3,R@5,R@10,R@100,AP
0.6583557951482479,0.4744208153178485,0.012315350741494086,0.6380861839454998,0.6786254063509961,0.6341984352530529,0.682513155043443,0.7342311708308035,0.396414413217911,0.010290405437820753,0.7172943801764785,0.7511679614851284,0.7140458725922939,0.754416469069313,0.7586228499105572,0.3640292316615929,0.009449728012177413,0.743069714900509,0.7741759849206054,0.7400865950126166,0.7771591048084977,0.7790390059230063,0.33050845498472914,0.008579572006003245,0.7649180448153595,0.7931599670306532,0.7622096185148637,0.795868393331149,0.796614754386062,0.2953526748533547,0.007666973424891965,0.7839958226409229,0.8092336861312011,0.7815754883334948,0.8116540204386292,0.6583557951482479,0.7228212039532798,0.7356581311770001,0.7436387605356611,0.7470257942878318,0.6583557951482479,0.2753818508535454,0.178301886792449,0.09588948787061771,0.010458221024258573,0.6389824797843666,0.7879043126684636,0.8452380952380952,0.9054919137466307,0.9832659478885893,0.7395371222817462
