{
  "nDCG@1": 0.7351752021563343,
  "nDCG@1_std": 0.44138861250273925,
  "nDCG@1_stderr": 0.01145787748084111,
  "nDCG@1_ci90_low": 0.7163168905564166,
  "nDCG@1_ci90_high": 0.7540335137562519,
  "nDCG@1_ci95_low": 0.7126998317223332,
  "nDCG@1_ci95_high": 0.7576505725903353,
  "nDCG@3": 0.809513694635525,
  "nDCG@3_std": 0.34397603074791605,
  "nDCG@3_stderr": 0.008929172853618187,
  "nDCG@3_ci90_low": 0.7948173318681081,
  "nDCG@3_ci90_high": 0.824210057402942,
  "nDCG@3_ci95_low": 0.791998542471447,
  "nDCG@3_ci95_high": 0.8270288467996031,
  "nDCG@5": 0.8260821180380988,
  "nDCG@5_std": 0.31610741978802337,
  "nDCG@5_stderr": 0.008205739758846866,
  "nDCG@5_ci90_low": 0.8125764406088436,
  "nDCG@5_ci90_high": 0.8395877954673541,
  "nDCG@5_ci95_low": 0.8099860268490041,
  "nDCG@5_ci95_high": 0.8421782092271936,
  "nDCG@10": 0.8407905146710996,
  "nDCG@10_std": 0.28621651823521843,
  "nDCG@10_stderr": 0.007429810615949468,
  "nDCG@10_ci90_low": 0.828561924868299,
  "nDCG@10_ci90_high": 0.8530191044739001,
  "nDCG@10_ci95_low": 0.8262164588630181,
  "nDCG@10_ci95_high": 0.855364570479181,
  "nDCG@100": 0.852249207697642,
  "nDCG@100_std": 0.25669141079844837,
  "nDCG@100_stderr": 0.006663377015179846,
  "nDCG@100_ci90_low": 0.8412820769816688,
  "nDCG@100_ci90_high": 0.8632163384136152,
  "nDCG@100_ci95_low": 0.8391785611483144,
  "nDCG@100_ci95_high": 0.8653198542469697,
  "RR@1": 0.7351752021563343,
  "RR@3": 0.7968328840970352,
  "RR@5": 0.8053571428571435,
  "RR@10": 0.8108025285585935,
  "RR@100": 0.8132348435072909,
  "P@1": 0.7351752021563343,
  "P@3": 0.30166217430367886,
  "P@5": 0.190161725067381,
  "P@10": 0.10006738544474146,
  "P@100": 0.010559299191374475,
  "R@1": 0.7140049415992813,
  "R@3": 0.8618598382749326,
  "R@5": 0.9005503144654087,
  "R@10": 0.9436769991015272,
  "R@100": 0.9925876010781671,
  "AP": 0.8078623299624176
}