nDCG@1,nDCG@1_std,nDCG@1_stderr,nDCG@1_ci90_low,nDCG@1_ci90_high,nDCG@1_ci95_low,nDCG@1_ci95_high,nDCG@3,nDCG@3_std,nDCG@3_stderr,nDCG@3_ci90_low,nDCG@3_ci90_high,nDCG@3_ci95_low,nDCG@3_ci95_high,nDCG@5,nDCG@5_std,nDCG@5_stderr,nDCG@5_ci90_low,nDCG@5_ci90_high,nDCG@5_ci95_low,nDCG@5_ci95_high,nDCG@10,nDCG@10_std,nDCG@10_stderr,nDCG@10_ci90_low,nDCG@10_ci90_high,nDCG@10_ci95_low,nDCG@10_ci95_high,nDCG@100,nDCG@100_std,nDCG@100_stderr,nDCG@100_ci90_low,nDCG@100_ci90_high,nDCG@100_ci95_low,nDCG@100_ci95_high,RR@1,RR@3,RR@5,RR@10,RR@100,P@1,P@3,P@5,P@10,P@100,R@1,R@3,R@5,R@10,R@100,AP
0.7688679245283019,0.42169879132983157,0.010946755190350557,0.750850859785479,0.7868849892711247,0.747395153645139,0.7903406954114648,0.8346929607350979,0.3265361451398072,0.00847645598028391,0.8207417164137591,0.8486442050564367,0.8180658421048855,0.8513200793653103,0.8488325908980595,0.3006730884955544,0.007805084481527667,0.8359863446833963,0.8616788371127228,0.8335224110428172,0.8641427707533018,0.8619233691763344,0.27032988627357757,0.007017414198272141,0.8503735351169299,0.8734732032357388,0.8481582557110604,0.8756884826416084,0.8716304479730606,0.24360654582206454,0.006323710844585505,0.8612223676131179,0.8820385283330032,0.8592260786658112,0.8840348172803099,0.7675202156334232,0.8225516621743039,0.8293238993710695,0.8344155114876142,0.8366082731570075,0.7688679245283019,0.3092991913746579,0.19339622641508974,0.10107816711590044,0.010566037735848867,0.7476976639712489,0.8816262353998204,0.914869721473495,0.9541217430368373,0.9932614555256065,0.8328563048644624
