{
  "nDCG@1": 0.772911051212938,
  "nDCG@1_std": 0.41909177099334205,
  "nDCG@1_stderr": 0.010879080314380863,
  "nDCG@1_ci90_low": 0.755005371314355,
  "nDCG@1_ci90_high": 0.7908167311115211,
  "nDCG@1_ci95_low": 0.7515710289919106,
  "nDCG@1_ci95_high": 0.7942510734339654,
  "nDCG@3": 0.8372820210569498,
  "nDCG@3_std": 0.3263732617518198,
  "nDCG@3_stderr": 0.008472227738207971,
  "nDCG@3_ci90_low": 0.8233377359221377,
  "nDCG@3_ci90_high": 0.851226306191762,
  "nDCG@3_ci95_low": 0.8206631963980336,
  "nDCG@3_ci95_high": 0.853900845715866,
  "nDCG@5": 0.8524397187299154,
  "nDCG@5_std": 0.29744787202871154,
  "nDCG@5_stderr": 0.0077213620335996585,
  "nDCG@5_ci90_low": 0.8397312697655347,
  "nDCG@5_ci90_high": 0.8651481676942961,
  "nDCG@5_ci95_low": 0.8372937658908871,
  "nDCG@5_ci95_high": 0.8675856715689437,
  "nDCG@10": 0.8660152396958691,
  "nDCG@10_std": 0.26569972906159595,
  "nDCG@10_stderr": 0.0068972213057751945,
  "nDCG@10_ci90_low": 0.8546632289263884,
  "nDCG@10_ci90_high": 0.8773672504653499,
  "nDCG@10_ci95_low": 0.8524858923912056,
  "nDCG@10_ci95_high": 0.8795445870005326,
  "nDCG@100": 0.8751077060133268,
  "nDCG@100_std": 0.24006154295489973,
  "nDCG@100_stderr": 0.0062316871553224455,
  "nDCG@100_ci90_low": 0.8648510857653986,
  "nDCG@100_ci90_high": 0.8853643262612549,
  "nDCG@100_ci95_low": 0.8628838471460214,
  "nDCG@100_ci95_high": 0.8873315648806321,
  "RR@1": 0.772911051212938,
  "RR@3": 0.826145552560647,
  "RR@5": 0.8340970350404315,
  "RR@10": 0.8393699460916445,
  "RR@100": 0.8415045842665128,
  "P@1": 0.772911051212938,
  "P@3": 0.3092991913746579,
  "P@5": 0.19380053908355332,
  "P@10": 0.1014150943396201,
  "P@100": 0.010566037735848867,
  "R@1": 0.7517407906558851,
  "R@3": 0.8810085354896675,
  "R@5": 0.9165543575920934,
  "R@10": 0.9571540880503143,
  "R@100": 0.9932614555256065,
  "AP": 0.8371631495682573
}