{
  "nDCG@1": 0.6583557951482479,
  "nDCG@1_std": 0.4744208153178485,
  "nDCG@1_stderr": 0.012315350741494086,
  "nDCG@1_ci90_low": 0.6380861839454998,
  "nDCG@1_ci90_high": 0.6786254063509961,
  "nDCG@1_ci95_low": 0.6341984352530529,
  "nDCG@1_ci95_high": 0.682513155043443,
  "nDCG@3": 0.7342311708308035,
  "nDCG@3_std": 0.396414413217911,
  "nDCG@3_stderr": 0.010290405437820753,
  "nDCG@3_ci90_low": 0.7172943801764785,
  "nDCG@3_ci90_high": 0.7511679614851284,
  "nDCG@3_ci95_low": 0.7140458725922939,
  "nDCG@3_ci95_high": 0.754416469069313,
  "nDCG@5": 0.7586228499105572,
  "nDCG@5_std": 0.3640292316615929,
  "nDCG@5_stderr": 0.009449728012177413,
  "nDCG@5_ci90_low": 0.743069714900509,
  "nDCG@5_ci90_high": 0.7741759849206054,
  "nDCG@5_ci95_low": 0.7400865950126166,
  "nDCG@5_ci95_high": 0.7771591048084977,
  "nDCG@10": 0.7790390059230063,
  "nDCG@10_std": 0.33050845498472914,
  "nDCG@10_stderr": 0.008579572006003245,
  "nDCG@10_ci90_low": 0.7649180448153595,
  "nDCG@10_ci90_high": 0.7931599670306532,
  "nDCG@10_ci95_low": 0.7622096185148637,
  "nDCG@10_ci95_high": 0.795868393331149,
  "nDCG@100": 0.796614754386062,
  "nDCG@100_std": 0.2953526748533547,
  "nDCG@100_stderr": 0.007666973424891965,
  "nDCG@100_ci90_low": 0.7839958226409229,
  "nDCG@100_ci90_high": 0.8092336861312011,
  "nDCG@100_ci95_low": 0.7815754883334948,
  "nDCG@100_ci95_high": 0.8116540204386292,
  "RR@1": 0.6583557951482479,
  "RR@3": 0.7228212039532798,
  "RR@5": 0.7356581311770001,
  "RR@10": 0.7436387605356611,
  "RR@100": 0.7470257942878318,
  "P@1": 0.6583557951482479,
  "P@3": 0.2753818508535454,
  "P@5": 0.178301886792449,
  "P@10": 0.09588948787061771,
  "P@100": 0.010458221024258573,
  "R@1": 0.6389824797843666,
  "R@3": 0.7879043126684636,
  "R@5": 0.8452380952380952,
  "R@10": 0.9054919137466307,
  "R@100": 0.9832659478885893,
  "AP": 0.7395371222817462
}