{
  "nDCG@1": 0.4474393530997305,
  "nDCG@1_std": 0.49739731879618787,
  "nDCG@1_stderr": 0.012911791053581426,
  "nDCG@1_ci90_low": 0.42618807166400047,
  "nDCG@1_ci90_high": 0.4686906345354605,
  "nDCG@1_ci95_low": 0.42211203681615994,
  "nDCG@1_ci95_high": 0.47276666938330103,
  "nDCG@3": 0.5275791104638289,
  "nDCG@3_std": 0.46203248858757245,
  "nDCG@3_stderr": 0.011993765802853986,
  "nDCG@3_ci90_low": 0.5078387900471671,
  "nDCG@3_ci90_high": 0.5473194308804906,
  "nDCG@3_ci95_low": 0.5040525603005426,
  "nDCG@3_ci95_high": 0.5511056606271152,
  "nDCG@5": 0.5504009664712559,
  "nDCG@5_std": 0.44620680208536323,
  "nDCG@5_stderr": 0.011582951450475585,
  "nDCG@5_ci90_low": 0.5313367979055652,
  "nDCG@5_ci90_high": 0.5694651350369466,
  "nDCG@5_ci95_low": 0.527680255326998,
  "nDCG@5_ci95_high": 0.5731216776155138,
  "nDCG@10": 0.5731820522745527,
  "nDCG@10_std": 0.4260611236040879,
  "nDCG@10_stderr": 0.0110599956938736,
  "nDCG@10_ci90_low": 0.5549786070520345,
  "nDCG@10_ci90_high": 0.5913854974970708,
  "nDCG@10_ci95_low": 0.551487152793046,
  "nDCG@10_ci95_high": 0.5948769517560593,
  "nDCG@100": 0.6111086194644961,
  "nDCG@100_std": 0.382191386731279,
  "nDCG@100_stderr": 0.009921194066538318,
  "nDCG@100_ci90_low": 0.5947795070732281,
  "nDCG@100_ci90_high": 0.6274377318557641,
  "nDCG@100_ci95_low": 0.5916475532970568,
  "nDCG@100_ci95_high": 0.6305696856319355,
  "RR@1": 0.4474393530997305,
  "RR@3": 0.5115678346810426,
  "RR@5": 0.5240004492362986,
  "RR@10": 0.5332501711376376,
  "RR@100": 0.5406380257646758,
  "P@1": 0.4474393530997305,
  "P@3": 0.2035040431266847,
  "P@5": 0.13396226415094173,
  "P@10": 0.07452830188679126,
  "P@100": 0.009373315363881236,
  "R@1": 0.4378369272237197,
  "R@3": 0.5831648697214735,
  "R@5": 0.6377470799640611,
  "R@10": 0.7064802336028752,
  "R@100": 0.8816262353998202,
  "AP": 0.5367700216255263
}