nDCG@1,nDCG@1_std,nDCG@1_stderr,nDCG@1_ci90_low,nDCG@1_ci90_high,nDCG@1_ci95_low,nDCG@1_ci95_high,nDCG@3,nDCG@3_std,nDCG@3_stderr,nDCG@3_ci90_low,nDCG@3_ci90_high,nDCG@3_ci95_low,nDCG@3_ci95_high,nDCG@5,nDCG@5_std,nDCG@5_stderr,nDCG@5_ci90_low,nDCG@5_ci90_high,nDCG@5_ci95_low,nDCG@5_ci95_high,nDCG@10,nDCG@10_std,nDCG@10_stderr,nDCG@10_ci90_low,nDCG@10_ci90_high,nDCG@10_ci95_low,nDCG@10_ci95_high,nDCG@100,nDCG@100_std,nDCG@100_stderr,nDCG@100_ci90_low,nDCG@100_ci90_high,nDCG@100_ci95_low,nDCG@100_ci95_high,RR@1,RR@3,RR@5,RR@10,RR@100,P@1,P@3,P@5,P@10,P@100,R@1,R@3,R@5,R@10,R@100,AP
0.6583557951482479,0.4744208153178485,0.012315350741494086,0.6380861839454998,0.6786254063509961,0.6341984352530529,0.682513155043443,0.7338942436070838,0.3968258998179429,0.010301087097733636,0.7169398722034989,0.7508486150106687,0.7136879925992857,0.7541004946148818,0.758546605171497,0.3640952790666551,0.009451442517385963,0.7429906482885917,0.7741025620544022,0.7400069871602977,0.7770862231826963,0.7789450338057786,0.33060887625408664,0.008582178812269145,0.7648197822032364,0.7930702854083208,0.7621105329779321,0.7957795346336252,0.7965213301270893,0.29546908978691233,0.007669995405994016,0.7838974245583631,0.8091452356958154,0.7814761362624271,0.8115665239917514,0.6583557951482479,0.7225965858041336,0.7356019766397133,0.7435564005476409,0.7469398184270236,0.6583557951482479,0.27515723270439896,0.178301886792449,0.09588948787061771,0.010458221024258573,0.6389824797843666,0.7872304582210242,0.8452380952380952,0.9054919137466307,0.9832659478885893,0.7394282817852779
