nDCG@1,nDCG@1_std,nDCG@1_stderr,nDCG@1_ci90_low,nDCG@1_ci90_high,nDCG@1_ci95_low,nDCG@1_ci95_high,nDCG@3,nDCG@3_std,nDCG@3_stderr,nDCG@3_ci90_low,nDCG@3_ci90_high,nDCG@3_ci95_low,nDCG@3_ci95_high,nDCG@5,nDCG@5_std,nDCG@5_stderr,nDCG@5_ci90_low,nDCG@5_ci90_high,nDCG@5_ci95_low,nDCG@5_ci95_high,nDCG@10,nDCG@10_std,nDCG@10_stderr,nDCG@10_ci90_low,nDCG@10_ci90_high,nDCG@10_ci95_low,nDCG@10_ci95_high,nDCG@100,nDCG@100_std,nDCG@100_stderr,nDCG@100_ci90_low,nDCG@100_ci90_high,nDCG@100_ci95_low,nDCG@100_ci95_high,RR@1,RR@3,RR@5,RR@10,RR@100,P@1,P@3,P@5,P@10,P@100,R@1,R@3,R@5,R@10,R@100,AP
0.7688679245283019,0.42169879132983157,0.010946755190350557,0.750850859785479,0.7868849892711247,0.747395153645139,0.7903406954114648,0.8343981471569617,0.32679517910930767,0.008483180167093088,0.820435835619176,0.8483604586947474,0.8177578385978418,0.8510384557160816,0.8489468724539989,0.30024744404213954,0.007794035302052978,0.8361188118823403,0.8617749330256576,0.8336583662815221,0.8642353786264757,0.8617878919261891,0.2704787355063999,0.007021278131832015,0.8502316982890011,0.8733440855633771,0.8480151991044212,0.875560584747957,0.8715014452580282,0.24377221046815215,0.006328011284524396,0.8610862868824128,0.8819166036336435,0.8590886403586879,0.8839142501573685,0.7681940700808625,0.8225516621743039,0.8295934411500453,0.8345794292559794,0.8367725124363699,0.7688679245283019,0.3090745732255114,0.1935309973045776,0.10107816711590044,0.010566037735848867,0.7476976639712489,0.8812893081761007,0.9155435759209343,0.9541217430368373,0.9932614555256065,0.8326777441912924
