nDCG@1,nDCG@1_std,nDCG@1_stderr,nDCG@1_ci90_low,nDCG@1_ci90_high,nDCG@1_ci95_low,nDCG@1_ci95_high,nDCG@3,nDCG@3_std,nDCG@3_stderr,nDCG@3_ci90_low,nDCG@3_ci90_high,nDCG@3_ci95_low,nDCG@3_ci95_high,nDCG@5,nDCG@5_std,nDCG@5_stderr,nDCG@5_ci90_low,nDCG@5_ci90_high,nDCG@5_ci95_low,nDCG@5_ci95_high,nDCG@10,nDCG@10_std,nDCG@10_stderr,nDCG@10_ci90_low,nDCG@10_ci90_high,nDCG@10_ci95_low,nDCG@10_ci95_high,nDCG@100,nDCG@100_std,nDCG@100_stderr,nDCG@100_ci90_low,nDCG@100_ci90_high,nDCG@100_ci95_low,nDCG@100_ci95_high,RR@1,RR@3,RR@5,RR@10,RR@100,P@1,P@3,P@5,P@10,P@100,R@1,R@3,R@5,R@10,R@100,AP
0.16037735849056603,0.3670793666436996,0.009528905571215118,0.14469390657997933,0.17606081040115273,0.14168579167098833,0.17906892531014373,0.24770401866166272,0.38396185886922063,0.009967153233279739,0.23129926291596611,0.26410877440735936,0.22815280060535229,0.2672552367179732,0.2794134413768928,0.3791427087753299,0.009842054330015122,0.2632145836347764,0.29561229911900916,0.26010761293977325,0.2987192698140123,0.3124566670602873,0.3676200468846981,0.009542940930946186,0.29675011460706796,0.32816321951350663,0.29373756897153186,0.33117576514904273,0.37485456336807266,0.3261986849528467,0.008467695950307306,0.36091773702032454,0.3887913897158208,0.3582446281052916,0.3914644986308537,0.16037735849056603,0.22821203953279412,0.24606918238993655,0.2595946712018136,0.27097448145675057,0.16037735849056603,0.10714285714285723,0.08032345013477166,0.05080862533692724,0.008335579514824654,0.15695193171608268,0.31160152740341424,0.3887578616352202,0.49017295597484284,0.7923966756513927,0.26678969706312816
