{
  "nDCG@1": 0.1752021563342318,
  "nDCG@1_std": 0.3802680668497028,
  "nDCG@1_stderr": 0.00987126717006808,
  "nDCG@1_ci90_low": 0.15895521771139748,
  "nDCG@1_ci90_high": 0.19144909495706613,
  "nDCG@1_ci95_low": 0.15583902501508046,
  "nDCG@1_ci95_high": 0.19456528765338316,
  "nDCG@3": 0.269250011370849,
  "nDCG@3_std": 0.39250092695686806,
  "nDCG@3_stderr": 0.010188816396255466,
  "nDCG@3_ci90_low": 0.252480424267459,
  "nDCG@3_ci90_high": 0.28601959847423897,
  "nDCG@3_ci95_low": 0.2492639866317317,
  "nDCG@3_ci95_high": 0.2892360361099663,
  "nDCG@5": 0.3027008868703803,
  "nDCG@5_std": 0.385743249171607,
  "nDCG@5_stderr": 0.010013395821448402,
  "nDCG@5_ci90_low": 0.2862200212920965,
  "nDCG@5_ci90_high": 0.31918175244866415,
  "nDCG@5_ci95_low": 0.28305896097567174,
  "nDCG@5_ci95_high": 0.3223428127650889,
  "nDCG@10": 0.3364381067025544,
  "nDCG@10_std": 0.37217186706844674,
  "nDCG@10_stderr": 0.009661100295512683,
  "nDCG@10_ci90_low": 0.3205370779059487,
  "nDCG@10_ci90_high": 0.3523391354991601,
  "nDCG@10_ci95_low": 0.3174872313502248,
  "nDCG@10_ci95_high": 0.35538898205488406,
  "nDCG@100": 0.4006109812925612,
  "nDCG@100_std": 0.3265490060368009,
  "nDCG@100_stderr": 0.008476789832535359,
  "nDCG@100_ci90_low": 0.3866591874898899,
  "nDCG@100_ci90_high": 0.4145627750952324,
  "nDCG@100_ci95_low": 0.38398320778948647,
  "nDCG@100_ci95_high": 0.4172387547956359,
  "RR@1": 0.17587601078167117,
  "RR@3": 0.2499999999999997,
  "RR@5": 0.26842991913746567,
  "RR@10": 0.28266964018311697,
  "RR@100": 0.29474780926301747,
  "P@1": 0.1752021563342318,
  "P@3": 0.116352201257862,
  "P@5": 0.0863881401617259,
  "P@10": 0.05411051212937987,
  "P@100": 0.008699460916441897,
  "R@1": 0.1697551662174304,
  "R@3": 0.3375449236298293,
  "R@5": 0.4189690026954178,
  "R@10": 0.5210579514824798,
  "R@100": 0.8259770889487871,
  "AP": 0.2888159786420345
}