{
  "nDCG@1": 0.13814016172506738,
  "nDCG@1_std": 0.3451633510946396,
  "nDCG@1_stderr": 0.008959994154118285,
  "nDCG@1_ci90_low": 0.12339307074121447,
  "nDCG@1_ci90_high": 0.15288725270892028,
  "nDCG@1_ci95_low": 0.12056455157938187,
  "nDCG@1_ci95_high": 0.1557157718707529,
  "nDCG@3": 0.2227142301529637,
  "nDCG@3_std": 0.3686930608285303,
  "nDCG@3_stderr": 0.009570794985073119,
  "nDCG@3_ci90_low": 0.20696183322000328,
  "nDCG@3_ci90_high": 0.23846662708592414,
  "nDCG@3_ci95_low": 0.2039404945289721,
  "nDCG@3_ci95_high": 0.24148796577695533,
  "nDCG@5": 0.25127821703329545,
  "nDCG@5_std": 0.36635375213327176,
  "nDCG@5_stderr": 0.009510069557046875,
  "nDCG@5_ci90_low": 0.23562576697493479,
  "nDCG@5_ci90_high": 0.26693066709165614,
  "nDCG@5_ci95_low": 0.2326235982781947,
  "nDCG@5_ci95_high": 0.26993283578839616,
  "nDCG@10": 0.2799254796687818,
  "nDCG@10_std": 0.3587306550063895,
  "nDCG@10_stderr": 0.009312183815479796,
  "nDCG@10_ci90_low": 0.26459872614382296,
  "nDCG@10_ci90_high": 0.2952522331937406,
  "nDCG@10_ci95_low": 0.2616590266409516,
  "nDCG@10_ci95_high": 0.298191932696612,
  "nDCG@100": 0.3443427341792828,
  "nDCG@100_std": 0.32116137260805455,
  "nDCG@100_stderr": 0.008336933837184148,
  "nDCG@100_ci90_low": 0.33062112680894684,
  "nDCG@100_ci90_high": 0.35806434154961875,
  "nDCG@100_ci95_low": 0.32798929728944126,
  "nDCG@100_ci95_high": 0.3606961710691243,
  "RR@1": 0.13814016172506738,
  "RR@3": 0.20462713387241688,
  "RR@5": 0.22049640610961338,
  "RR@10": 0.23245785735677899,
  "RR@100": 0.24455924969970166,
  "P@1": 0.13814016172506738,
  "P@3": 0.09725965858041312,
  "P@5": 0.07277628032345079,
  "P@10": 0.045485175202156634,
  "P@100": 0.007877358490565901,
  "R@1": 0.13471473495058403,
  "R@3": 0.28273809523809523,
  "R@5": 0.3523697214734951,
  "R@10": 0.43929694519317164,
  "R@100": 0.7487084456424079,
  "AP": 0.24044502867033857
}