nDCG@1,nDCG@1_std,nDCG@1_stderr,nDCG@1_ci90_low,nDCG@1_ci90_high,nDCG@1_ci95_low,nDCG@1_ci95_high,nDCG@3,nDCG@3_std,nDCG@3_stderr,nDCG@3_ci90_low,nDCG@3_ci90_high,nDCG@3_ci95_low,nDCG@3_ci95_high,nDCG@5,nDCG@5_std,nDCG@5_stderr,nDCG@5_ci90_low,nDCG@5_ci90_high,nDCG@5_ci95_low,nDCG@5_ci95_high,nDCG@10,nDCG@10_std,nDCG@10_stderr,nDCG@10_ci90_low,nDCG@10_ci90_high,nDCG@10_ci95_low,nDCG@10_ci95_high,nDCG@100,nDCG@100_std,nDCG@100_stderr,nDCG@100_ci90_low,nDCG@100_ci90_high,nDCG@100_ci95_low,nDCG@100_ci95_high,RR@1,RR@3,RR@5,RR@10,RR@100,P@1,P@3,P@5,P@10,P@100,R@1,R@3,R@5,R@10,R@100,AP
0.17722371967654987,0.38198664573772795,0.009915879255161304,0.1609033548364064,0.19354408451669336,0.1577730788566223,0.19667436049647744,0.2667960029082884,0.39312465999918117,0.010205007699286717,0.2499997668345038,0.28359223898207303,0.24677821787726323,0.2868137879393136,0.3017809668644925,0.38658463353699696,0.010035237071312712,0.285264153171354,0.318297780557631,0.28209619794041285,0.3214657357885722,0.3364785973547526,0.37275963155750463,0.009676357901423783,0.32055245634281543,0.3524047383666898,0.3174977932180245,0.3554594014914807,0.4003792171488702,0.3272216585876231,0.00849425102273416,0.3863986842916729,0.4143597500060675,0.38371719238777735,0.41704124190996306,0.17722371967654987,0.24831536388140132,0.26778975741239835,0.28205087066273016,0.2941193898447066,0.17722371967654987,0.11433063791554388,0.08584905660377443,0.05424528301886773,0.00870619946091629,0.17177672955974843,0.3321540880503145,0.41661051212938005,0.5220687331536388,0.8263140161725068,0.28861888952665005
