{
  "nDCG@1": 0.13005390835579514,
  "nDCG@1_std": 0.33647612174407304,
  "nDCG@1_stderr": 0.00873448491639154,
  "nDCG@1_ci90_low": 0.1156779789139313,
  "nDCG@1_ci90_high": 0.14442983779765897,
  "nDCG@1_ci95_low": 0.11292064921819754,
  "nDCG@1_ci95_high": 0.14718716749339272,
  "nDCG@3": 0.2099750709348922,
  "nDCG@3_std": 0.36145185946537406,
  "nDCG@3_stderr": 0.009382822763581725,
  "nDCG@3_ci90_low": 0.19453205405342391,
  "nDCG@3_ci90_high": 0.2254180878163605,
  "nDCG@3_ci95_low": 0.19157005502503485,
  "nDCG@3_ci95_high": 0.22838008684474956,
  "nDCG@5": 0.23788969989864714,
  "nDCG@5_std": 0.3600290997825615,
  "nDCG@5_stderr": 0.0093458897624381,
  "nDCG@5_ci90_low": 0.22250747037025112,
  "nDCG@5_ci90_high": 0.2532719294270432,
  "nDCG@5_ci95_low": 0.2195571304679331,
  "nDCG@5_ci95_high": 0.25622226932936115,
  "nDCG@10": 0.2661360392878671,
  "nDCG@10_std": 0.3536147493227981,
  "nDCG@10_stderr": 0.009179381520935405,
  "nDCG@10_ci90_low": 0.25102786263771687,
  "nDCG@10_ci90_high": 0.28124421593801735,
  "nDCG@10_ci95_low": 0.24813008658126667,
  "nDCG@10_ci95_high": 0.28414199199446755,
  "nDCG@100": 0.32716023330849847,
  "nDCG@100_std": 0.3203259247942537,
  "nDCG@100_stderr": 0.008315246692520652,
  "nDCG@100_ci90_low": 0.3134743204140775,
  "nDCG@100_ci90_high": 0.3408461462029194,
  "nDCG@100_ci95_low": 0.3108493371606733,
  "nDCG@100_ci95_high": 0.34347112945632363,
  "RR@1": 0.13005390835579514,
  "RR@3": 0.1927223719676551,
  "RR@5": 0.208153638814016,
  "RR@10": 0.21985517477431213,
  "RR@100": 0.2311984705656276,
  "P@1": 0.13005390835579514,
  "P@3": 0.09209344115004457,
  "P@5": 0.0692722371967661,
  "P@10": 0.04359838274932654,
  "P@100": 0.007526954177897446,
  "R@1": 0.1271338724168913,
  "R@3": 0.2672394429469901,
  "R@5": 0.33529874213836475,
  "R@10": 0.4214398023360288,
  "R@100": 0.7146787960467206,
  "AP": 0.227442630347669
}