nDCG@1,nDCG@1_std,nDCG@1_stderr,nDCG@1_ci90_low,nDCG@1_ci90_high,nDCG@1_ci95_low,nDCG@1_ci95_high,nDCG@3,nDCG@3_std,nDCG@3_stderr,nDCG@3_ci90_low,nDCG@3_ci90_high,nDCG@3_ci95_low,nDCG@3_ci95_high,nDCG@5,nDCG@5_std,nDCG@5_stderr,nDCG@5_ci90_low,nDCG@5_ci90_high,nDCG@5_ci95_low,nDCG@5_ci95_high,nDCG@10,nDCG@10_std,nDCG@10_stderr,nDCG@10_ci90_low,nDCG@10_ci90_high,nDCG@10_ci95_low,nDCG@10_ci95_high,nDCG@100,nDCG@100_std,nDCG@100_stderr,nDCG@100_ci90_low,nDCG@100_ci90_high,nDCG@100_ci95_low,nDCG@100_ci95_high,RR@1,RR@3,RR@5,RR@10,RR@100,P@1,P@3,P@5,P@10,P@100,R@1,R@3,R@5,R@10,R@100,AP
0.13005390835579514,0.33647612174407304,0.00873448491639154,0.1156779789139313,0.14442983779765897,0.11292064921819754,0.14718716749339272,0.2099750709348922,0.36145185946537406,0.009382822763581725,0.19453205405342391,0.2254180878163605,0.19157005502503485,0.22838008684474956,0.23788969989864714,0.3600290997825615,0.0093458897624381,0.22250747037025112,0.2532719294270432,0.2195571304679331,0.25622226932936115,0.2661360392878671,0.3536147493227981,0.009179381520935405,0.25102786263771687,0.28124421593801735,0.24813008658126667,0.28414199199446755,0.32716023330849847,0.3203259247942537,0.008315246692520652,0.3134743204140775,0.3408461462029194,0.3108493371606733,0.34347112945632363,0.13005390835579514,0.1927223719676551,0.208153638814016,0.21985517477431213,0.2311984705656276,0.13005390835579514,0.09209344115004457,0.0692722371967661,0.04359838274932654,0.007526954177897446,0.1271338724168913,0.2672394429469901,0.33529874213836475,0.4214398023360288,0.7146787960467206,0.227442630347669
