{
  "nDCG@1": 0.17048517520215634,
  "nDCG@1_std": 0.3761852482226634,
  "nDCG@1_stderr": 0.009765282479298962,
  "nDCG@1_ci90_low": 0.15441267484912258,
  "nDCG@1_ci90_high": 0.1865576755551901,
  "nDCG@1_ci95_low": 0.15132993973364156,
  "nDCG@1_ci95_high": 0.1896404106706711,
  "nDCG@3": 0.26700953190209004,
  "nDCG@3_std": 0.39065583671490484,
  "nDCG@3_stderr": 0.010140920240046002,
  "nDCG@3_ci90_low": 0.25031877620877113,
  "nDCG@3_ci90_high": 0.28370028759540894,
  "nDCG@3_ci95_low": 0.24711745858241954,
  "nDCG@3_ci95_high": 0.28690160522176056,
  "nDCG@5": 0.3009572658454027,
  "nDCG@5_std": 0.38392195881418173,
  "nDCG@5_stderr": 0.009966117479458357,
  "nDCG@5_ci90_low": 0.2845542148280327,
  "nDCG@5_ci90_high": 0.3173603168627727,
  "nDCG@5_ci95_low": 0.2814080794874459,
  "nDCG@5_ci95_high": 0.32050645220335955,
  "nDCG@10": 0.3339435147375062,
  "nDCG@10_std": 0.37067867084278616,
  "nDCG@10_stderr": 0.009622338852820576,
  "nDCG@10_ci90_low": 0.31810628269257396,
  "nDCG@10_ci90_high": 0.3497807467824385,
  "nDCG@10_ci95_low": 0.31506867247110526,
  "nDCG@10_ci95_high": 0.3528183570039072,
  "nDCG@100": 0.397662131631485,
  "nDCG@100_std": 0.3257268516617917,
  "nDCG@100_stderr": 0.008455447768348928,
  "nDCG@100_ci90_low": 0.3837454643430644,
  "nDCG@100_ci90_high": 0.4115787989199056,
  "nDCG@100_ci95_low": 0.38107622197267105,
  "nDCG@100_ci95_high": 0.41424804129029896,
  "RR@1": 0.17183288409703504,
  "RR@3": 0.24752920035938875,
  "RR@5": 0.26663297394429414,
  "RR@10": 0.2804130299918708,
  "RR@100": 0.2924229832283822,
  "P@1": 0.17048517520215634,
  "P@3": 0.11567834681042262,
  "P@5": 0.08625336927223803,
  "P@10": 0.05377358490566021,
  "P@100": 0.00864555256064675,
  "R@1": 0.1653751123090746,
  "R@3": 0.3358602875112309,
  "R@5": 0.4179582210242588,
  "R@10": 0.5176886792452831,
  "R@100": 0.820923180592992,
  "AP": 0.28634138650954705
}