nDCG@1,nDCG@1_std,nDCG@1_stderr,nDCG@1_ci90_low,nDCG@1_ci90_high,nDCG@1_ci95_low,nDCG@1_ci95_high,nDCG@3,nDCG@3_std,nDCG@3_stderr,nDCG@3_ci90_low,nDCG@3_ci90_high,nDCG@3_ci95_low,nDCG@3_ci95_high,nDCG@5,nDCG@5_std,nDCG@5_stderr,nDCG@5_ci90_low,nDCG@5_ci90_high,nDCG@5_ci95_low,nDCG@5_ci95_high,nDCG@10,nDCG@10_std,nDCG@10_stderr,nDCG@10_ci90_low,nDCG@10_ci90_high,nDCG@10_ci95_low,nDCG@10_ci95_high,nDCG@100,nDCG@100_std,nDCG@100_stderr,nDCG@100_ci90_low,nDCG@100_ci90_high,nDCG@100_ci95_low,nDCG@100_ci95_high,RR@1,RR@3,RR@5,RR@10,RR@100,P@1,P@3,P@5,P@10,P@100,R@1,R@3,R@5,R@10,R@100,AP
0.17048517520215634,0.3761852482226634,0.009765282479298962,0.15441267484912258,0.1865576755551901,0.15132993973364156,0.1896404106706711,0.26700953190209004,0.39065583671490484,0.010140920240046002,0.25031877620877113,0.28370028759540894,0.24711745858241954,0.28690160522176056,0.3009572658454027,0.38392195881418173,0.009966117479458357,0.2845542148280327,0.3173603168627727,0.2814080794874459,0.32050645220335955,0.3339435147375062,0.37067867084278616,0.009622338852820576,0.31810628269257396,0.3497807467824385,0.31506867247110526,0.3528183570039072,0.397662131631485,0.3257268516617917,0.008455447768348928,0.3837454643430644,0.4115787989199056,0.38107622197267105,0.41424804129029896,0.17183288409703504,0.24752920035938875,0.26663297394429414,0.2804130299918708,0.2924229832283822,0.17048517520215634,0.11567834681042262,0.08625336927223803,0.05377358490566021,0.00864555256064675,0.1653751123090746,0.3358602875112309,0.4179582210242588,0.5176886792452831,0.820923180592992,0.28634138650954705
