nDCG@1,nDCG@1_std,nDCG@1_stderr,nDCG@1_ci90_low,nDCG@1_ci90_high,nDCG@1_ci95_low,nDCG@1_ci95_high,nDCG@3,nDCG@3_std,nDCG@3_stderr,nDCG@3_ci90_low,nDCG@3_ci90_high,nDCG@3_ci95_low,nDCG@3_ci95_high,nDCG@5,nDCG@5_std,nDCG@5_stderr,nDCG@5_ci90_low,nDCG@5_ci90_high,nDCG@5_ci95_low,nDCG@5_ci95_high,nDCG@10,nDCG@10_std,nDCG@10_stderr,nDCG@10_ci90_low,nDCG@10_ci90_high,nDCG@10_ci95_low,nDCG@10_ci95_high,nDCG@100,nDCG@100_std,nDCG@100_stderr,nDCG@100_ci90_low,nDCG@100_ci90_high,nDCG@100_ci95_low,nDCG@100_ci95_high,RR@1,RR@3,RR@5,RR@10,RR@100,P@1,P@3,P@5,P@10,P@100,R@1,R@3,R@5,R@10,R@100,AP
0.1752021563342318,0.3802680668497028,0.00987126717006808,0.15895521771139748,0.19144909495706613,0.15583902501508046,0.19456528765338316,0.269250011370849,0.39250092695686806,0.010188816396255466,0.252480424267459,0.28601959847423897,0.2492639866317317,0.2892360361099663,0.3027008868703803,0.385743249171607,0.010013395821448402,0.2862200212920965,0.31918175244866415,0.28305896097567174,0.3223428127650889,0.3364381067025544,0.37217186706844674,0.009661100295512683,0.3205370779059487,0.3523391354991601,0.3174872313502248,0.35538898205488406,0.4006109812925612,0.3265490060368009,0.008476789832535359,0.3866591874898899,0.4145627750952324,0.38398320778948647,0.4172387547956359,0.17587601078167117,0.2499999999999997,0.26842991913746567,0.28266964018311697,0.29474780926301747,0.1752021563342318,0.116352201257862,0.0863881401617259,0.05411051212937987,0.008699460916441897,0.1697551662174304,0.3375449236298293,0.4189690026954178,0.5210579514824798,0.8259770889487871,0.2888159786420345
