nDCG@1,nDCG@1_std,nDCG@1_stderr,nDCG@1_ci90_low,nDCG@1_ci90_high,nDCG@1_ci95_low,nDCG@1_ci95_high,nDCG@3,nDCG@3_std,nDCG@3_stderr,nDCG@3_ci90_low,nDCG@3_ci90_high,nDCG@3_ci95_low,nDCG@3_ci95_high,nDCG@5,nDCG@5_std,nDCG@5_stderr,nDCG@5_ci90_low,nDCG@5_ci90_high,nDCG@5_ci95_low,nDCG@5_ci95_high,nDCG@10,nDCG@10_std,nDCG@10_stderr,nDCG@10_ci90_low,nDCG@10_ci90_high,nDCG@10_ci95_low,nDCG@10_ci95_high,nDCG@100,nDCG@100_std,nDCG@100_stderr,nDCG@100_ci90_low,nDCG@100_ci90_high,nDCG@100_ci95_low,nDCG@100_ci95_high,RR@1,RR@3,RR@5,RR@10,RR@100,P@1,P@3,P@5,P@10,P@100,R@1,R@3,R@5,R@10,R@100,AP
0.13814016172506738,0.3451633510946396,0.008959994154118285,0.12339307074121447,0.15288725270892028,0.12056455157938187,0.1557157718707529,0.2227142301529637,0.3686930608285303,0.009570794985073119,0.20696183322000328,0.23846662708592414,0.2039404945289721,0.24148796577695533,0.25127821703329545,0.36635375213327176,0.009510069557046875,0.23562576697493479,0.26693066709165614,0.2326235982781947,0.26993283578839616,0.2799254796687818,0.3587306550063895,0.009312183815479796,0.26459872614382296,0.2952522331937406,0.2616590266409516,0.298191932696612,0.3443427341792828,0.32116137260805455,0.008336933837184148,0.33062112680894684,0.35806434154961875,0.32798929728944126,0.3606961710691243,0.13814016172506738,0.20462713387241688,0.22049640610961338,0.23245785735677899,0.24455924969970166,0.13814016172506738,0.09725965858041312,0.07277628032345079,0.045485175202156634,0.007877358490565901,0.13471473495058403,0.28273809523809523,0.3523697214734951,0.43929694519317164,0.7487084456424079,0.24044502867033857
