nDCG@1,nDCG@1_std,nDCG@1_stderr,nDCG@1_ci90_low,nDCG@1_ci90_high,nDCG@1_ci95_low,nDCG@1_ci95_high,nDCG@3,nDCG@3_std,nDCG@3_stderr,nDCG@3_ci90_low,nDCG@3_ci90_high,nDCG@3_ci95_low,nDCG@3_ci95_high,nDCG@5,nDCG@5_std,nDCG@5_stderr,nDCG@5_ci90_low,nDCG@5_ci90_high,nDCG@5_ci95_low,nDCG@5_ci95_high,nDCG@10,nDCG@10_std,nDCG@10_stderr,nDCG@10_ci90_low,nDCG@10_ci90_high,nDCG@10_ci95_low,nDCG@10_ci95_high,nDCG@100,nDCG@100_std,nDCG@100_stderr,nDCG@100_ci90_low,nDCG@100_ci90_high,nDCG@100_ci95_low,nDCG@100_ci95_high,RR@1,RR@3,RR@5,RR@10,RR@100,P@1,P@3,P@5,P@10,P@100,R@1,R@3,R@5,R@10,R@100,AP
0.17048517520215634,0.3761852482226634,0.009765282479298962,0.15441267484912258,0.1865576755551901,0.15132993973364156,0.1896404106706711,0.26332035514413393,0.39030035828955545,0.010131692479905927,0.2466447872529522,0.2799959230353157,0.24344638267497185,0.28319432761329605,0.29623833936631094,0.3838573999065603,0.009964441613718122,0.2798380466258017,0.3126386321068202,0.2766924403277876,0.31578423840483427,0.3299212406300933,0.37060446177701256,0.009620412481456394,0.31408717916466006,0.3457553020955266,0.3110501770661681,0.3487923041940185,0.39275139725012276,0.32669626801193935,0.008480612562938744,0.37879331168519187,0.40670948281505365,0.37611612521322024,0.4093866692870253,0.17048517520215634,0.2434860736747526,0.26178122192273073,0.27597120609249937,0.28730315026239556,0.17048517520215634,0.11388140161725098,0.08477088948787145,0.05330188679245269,0.008618598382749176,0.16571203953279426,0.33114330637915546,0.4109950584007188,0.5133086253369272,0.8173854447439353,0.2820885901950604
