nDCG@1,nDCG@1_std,nDCG@1_stderr,nDCG@1_ci90_low,nDCG@1_ci90_high,nDCG@1_ci95_low,nDCG@1_ci95_high,nDCG@3,nDCG@3_std,nDCG@3_stderr,nDCG@3_ci90_low,nDCG@3_ci90_high,nDCG@3_ci95_low,nDCG@3_ci95_high,nDCG@5,nDCG@5_std,nDCG@5_stderr,nDCG@5_ci90_low,nDCG@5_ci90_high,nDCG@5_ci95_low,nDCG@5_ci95_high,nDCG@10,nDCG@10_std,nDCG@10_stderr,nDCG@10_ci90_low,nDCG@10_ci90_high,nDCG@10_ci95_low,nDCG@10_ci95_high,nDCG@100,nDCG@100_std,nDCG@100_stderr,nDCG@100_ci90_low,nDCG@100_ci90_high,nDCG@100_ci95_low,nDCG@100_ci95_high,RR@1,RR@3,RR@5,RR@10,RR@100,P@1,P@3,P@5,P@10,P@100,R@1,R@3,R@5,R@10,R@100,AP
0.6273584905660378,0.4836708123041909,0.012555468699152096,0.6066936735955702,0.6480233075365053,0.6027301237103264,0.6519868574217491,0.7062894611015859,0.40960105540745717,0.010632713613228364,0.6887892716636876,0.7237896505394841,0.6854327031570585,0.7271462190461132,0.7247722510769943,0.3872615454037288,0.010052808827843455,0.7082265163502203,0.7413179858037683,0.7050530140118593,0.7444914881421293,0.7458366973070645,0.35698908068244706,0.009266974798612857,0.7305843524785355,0.7610890421355935,0.7276589247004327,0.7640144699136963,0.7681270729175704,0.31661558243992644,0.008218931004023832,0.7545996842584339,0.7816544615767069,0.7520051062447891,0.7842490395903517,0.6266846361185984,0.6931716082659484,0.7031446540880513,0.7110485389124208,0.7152196280868368,0.6273584905660378,0.26707097933512725,0.17008086253368923,0.09211590296495752,0.010343665768193885,0.6086590296495957,0.7639263252470798,0.8077830188679245,0.8711814914645104,0.9725965858041329,0.7074421591986106
