nDCG@1,nDCG@1_std,nDCG@1_stderr,nDCG@1_ci90_low,nDCG@1_ci90_high,nDCG@1_ci95_low,nDCG@1_ci95_high,nDCG@3,nDCG@3_std,nDCG@3_stderr,nDCG@3_ci90_low,nDCG@3_ci90_high,nDCG@3_ci95_low,nDCG@3_ci95_high,nDCG@5,nDCG@5_std,nDCG@5_stderr,nDCG@5_ci90_low,nDCG@5_ci90_high,nDCG@5_ci95_low,nDCG@5_ci95_high,nDCG@10,nDCG@10_std,nDCG@10_stderr,nDCG@10_ci90_low,nDCG@10_ci90_high,nDCG@10_ci95_low,nDCG@10_ci95_high,nDCG@100,nDCG@100_std,nDCG@100_stderr,nDCG@100_ci90_low,nDCG@100_ci90_high,nDCG@100_ci95_low,nDCG@100_ci95_high,RR@1,RR@3,RR@5,RR@10,RR@100,P@1,P@3,P@5,P@10,P@100,R@1,R@3,R@5,R@10,R@100,AP
0.5774932614555256,0.49412480435026107,0.01282684081129243,0.5563817980744269,0.5986047248366243,0.5523325805865068,0.6026539423245444,0.6611844181631841,0.4261893101059831,0.011063323249664143,0.6429754961772716,0.6793933401490966,0.6394829914649955,0.6828858448613726,0.6795139833896872,0.40765657685643697,0.010582237465066353,0.662096871723566,0.6969310950558083,0.6587562376862943,0.70027172909308,0.7045712971679491,0.37622071370276433,0.009766203117290711,0.6884972815536334,0.7206453127822647,0.6854142558082529,0.7237283385276453,0.7284681115650853,0.3381590505985007,0.008778171572722948,0.7140202790522352,0.7429159440779354,0.7112491582152993,0.7456870649148712,0.5774932614555256,0.6490341419586708,0.6584344115004502,0.6679820198519665,0.6723878182308964,0.5774932614555256,0.25157232704402266,0.16078167115902656,0.0887466307277609,0.010087601078166936,0.5611522911051213,0.7204627133872415,0.7639824797843666,0.839341868823001,0.9483378256963162,0.6631521446036667
