{
  "nDCG@1": 0.1711590296495957,
  "nDCG@1_std": 0.3767748347601861,
  "nDCG@1_stderr": 0.009780587383231539,
  "nDCG@1_ci90_low": 0.15506133923427948,
  "nDCG@1_ci90_high": 0.18725672006491192,
  "nDCG@1_ci95_low": 0.1519737726185431,
  "nDCG@1_ci95_high": 0.1903442866806483,
  "nDCG@3": 0.25802973001905144,
  "nDCG@3_std": 0.3899277359438446,
  "nDCG@3_stderr": 0.010122019685767513,
  "nDCG@3_ci90_low": 0.2413700824033491,
  "nDCG@3_ci90_high": 0.2746893776347538,
  "nDCG@3_ci95_low": 0.23817473136347359,
  "nDCG@3_ci95_high": 0.27788472867462927,
  "nDCG@5": 0.29603877475592183,
  "nDCG@5_std": 0.38303066771159,
  "nDCG@5_stderr": 0.009942980715246533,
  "nDCG@5_ci90_low": 0.27967380411684617,
  "nDCG@5_ci90_high": 0.3124037453949975,
  "nDCG@5_ci95_low": 0.27653497266282334,
  "nDCG@5_ci95_high": 0.3155425768490203,
  "nDCG@10": 0.3302429740234096,
  "nDCG@10_std": 0.36983543649834144,
  "nDCG@10_stderr": 0.0096004495798928,
  "nDCG@10_ci90_low": 0.3144417691336165,
  "nDCG@10_ci90_high": 0.34604417891320266,
  "nDCG@10_ci95_low": 0.311411068986736,
  "nDCG@10_ci95_high": 0.34907487906008317,
  "nDCG@100": 0.393977404841662,
  "nDCG@100_std": 0.3250343375364116,
  "nDCG@100_stderr": 0.008437470997363907,
  "nDCG@100_ci90_low": 0.38009032519278135,
  "nDCG@100_ci90_high": 0.40786448449054263,
  "nDCG@100_ci95_low": 0.3774267577860458,
  "nDCG@100_ci95_high": 0.4105280518972782,
  "RR@1": 0.1711590296495957,
  "RR@3": 0.24045372866127562,
  "RR@5": 0.26184860736747473,
  "RR@10": 0.27577867625037406,
  "RR@100": 0.28753212673845063,
  "P@1": 0.1711590296495957,
  "P@3": 0.11006289308176119,
  "P@5": 0.08490566037735932,
  "P@10": 0.05357142857142843,
  "P@100": 0.00866576819406993,
  "R@1": 0.16571203953279426,
  "R@3": 0.32002470799640614,
  "R@5": 0.4118935309973046,
  "R@10": 0.5163409703504043,
  "R@100": 0.8221585804132975,
  "AP": 0.28196292815658974
}