nDCG@1,nDCG@3,nDCG@5,nDCG@10,nDCG@100,RR@1,RR@3,RR@5,RR@10,RR@100,P@1,P@3,P@5,P@10,P@100,R@1,R@3,R@5,R@10,R@100,AP
0.09703504043126684,0.15083682344898347,0.1743435275205526,0.19915355031194923,0.2576565321729614,0.09703504043126684,0.13847708894878719,0.15212264150943403,0.16242272066059127,0.17328348004615837,0.09703504043126684,0.06581311769990997,0.0512129380053912,0.033625336927224005,0.006347708894878602,0.0937780772686433,0.1918800539083558,0.24882075471698112,0.3240678346810422,0.6065813117699911,0.16991777943993108
