{
  "nDCG@1": 0.13409703504043127,
  "nDCG@1_std": 0.34087140921120973,
  "nDCG@1_stderr": 0.008848580894096937,
  "nDCG@1_ci90_low": 0.11953331710951583,
  "nDCG@1_ci90_high": 0.14866075297134673,
  "nDCG@1_ci95_low": 0.11673996923635062,
  "nDCG@1_ci95_high": 0.1514541008445119,
  "nDCG@3": 0.20801901138548837,
  "nDCG@3_std": 0.3616160599498382,
  "nDCG@3_stderr": 0.009387085195778643,
  "nDCG@3_ci90_low": 0.19256897904459686,
  "nDCG@3_ci90_high": 0.22346904372637988,
  "nDCG@3_ci95_low": 0.18960563443819317,
  "nDCG@3_ci95_high": 0.22643238833278356,
  "nDCG@5": 0.24386732995017843,
  "nDCG@5_std": 0.3597543831210252,
  "nDCG@5_stderr": 0.00933875847322794,
  "nDCG@5_ci90_low": 0.22849683768064724,
  "nDCG@5_ci90_high": 0.2592378222197096,
  "nDCG@5_ci95_low": 0.22554874900615735,
  "nDCG@5_ci95_high": 0.2621859108941995,
  "nDCG@10": 0.2757185416746735,
  "nDCG@10_std": 0.3512662393633635,
  "nDCG@10_stderr": 0.009118417239992226,
  "nDCG@10_ci90_low": 0.2607107050227833,
  "nDCG@10_ci90_high": 0.29072637832656373,
  "nDCG@10_ci95_low": 0.25783217436246497,
  "nDCG@10_ci95_high": 0.2936049089868821,
  "nDCG@100": 0.3401037062965404,
  "nDCG@100_std": 0.3138169661793015,
  "nDCG@100_stderr": 0.008146282545677093,
  "nDCG@100_ci90_low": 0.3266958884101799,
  "nDCG@100_ci90_high": 0.35351152418290094,
  "nDCG@100_ci95_low": 0.324124244290573,
  "nDCG@100_ci95_high": 0.3560831683025078,
  "RR@1": 0.13409703504043127,
  "RR@3": 0.19204851752021568,
  "RR@5": 0.2119946091644201,
  "RR@10": 0.22554897745261565,
  "RR@100": 0.23744694137999275,
  "P@1": 0.13409703504043127,
  "P@3": 0.09052111410601942,
  "P@5": 0.0722371967654993,
  "P@10": 0.04642857142857167,
  "P@100": 0.007951482479784229,
  "R@1": 0.13033468104222823,
  "R@3": 0.26387017070979335,
  "R@5": 0.35057277628032346,
  "R@10": 0.44693396226415094,
  "R@100": 0.7564577717879606,
  "AP": 0.23270077862951072
}