nDCG@1,nDCG@1_std,nDCG@1_stderr,nDCG@1_ci90_low,nDCG@1_ci90_high,nDCG@1_ci95_low,nDCG@1_ci95_high,nDCG@3,nDCG@3_std,nDCG@3_stderr,nDCG@3_ci90_low,nDCG@3_ci90_high,nDCG@3_ci95_low,nDCG@3_ci95_high,nDCG@5,nDCG@5_std,nDCG@5_stderr,nDCG@5_ci90_low,nDCG@5_ci90_high,nDCG@5_ci95_low,nDCG@5_ci95_high,nDCG@10,nDCG@10_std,nDCG@10_stderr,nDCG@10_ci90_low,nDCG@10_ci90_high,nDCG@10_ci95_low,nDCG@10_ci95_high,nDCG@100,nDCG@100_std,nDCG@100_stderr,nDCG@100_ci90_low,nDCG@100_ci90_high,nDCG@100_ci95_low,nDCG@100_ci95_high,RR@1,RR@3,RR@5,RR@10,RR@100,P@1,P@3,P@5,P@10,P@100,R@1,R@3,R@5,R@10,R@100,AP
0.09703504043126684,0.296105257954326,0.007686509508789071,0.08438395460190141,0.10968612626063227,0.08195745308200642,0.11211262778052727,0.15083682344898347,0.3210620940271602,0.008334356693632779,0.13711945775222192,0.16455418914574502,0.13448844179350583,0.1671852051044611,0.1743435275205526,0.3240115913643904,0.008410921829575974,0.16050014466278362,0.18818691037832158,0.15784495838091567,0.19084209666018953,0.19915355031194923,0.32256767842673373,0.008373439717296585,0.18537185857925725,0.2129352420446412,0.1827285047685924,0.21557859585530606,0.2576565321729614,0.30051973070646676,0.007801103511678591,0.24481683816397581,0.270496226181947,0.24235416124849138,0.2729589030974314,0.09703504043126684,0.13847708894878719,0.15212264150943403,0.16242272066059127,0.17328348004615837,0.09703504043126684,0.06581311769990997,0.0512129380053912,0.033625336927224005,0.006347708894878602,0.0937780772686433,0.1918800539083558,0.24882075471698112,0.3240678346810422,0.6065813117699911,0.16991777943993108
