nDCG@1,nDCG@3,nDCG@5,nDCG@10,nDCG@100,RR@1,RR@3,RR@5,RR@10,RR@100,P@1,P@3,P@5,P@10,P@100,R@1,R@3,R@5,R@10,R@100,AP
0.1738544474393531,0.264633951004588,0.299825560090508,0.33440242500515105,0.39937828728525365,0.1738544474393531,0.24584456424079035,0.2656558849955071,0.2798784922774139,0.2922357187373808,0.1738544474393531,0.11343216531895804,0.08544474393531082,0.05390835579514808,0.00872641509433947,0.16840745732255166,0.3297955974842767,0.41425202156334234,0.5193733153638814,0.8284478885893979,0.2869475411309494
