{
  "nDCG@1": 0.1738544474393531,
  "nDCG@1_std": 0.37911202684867806,
  "nDCG@1_stderr": 0.009841257866883779,
  "nDCG@1_ci90_low": 0.15765690058138032,
  "nDCG@1_ci90_high": 0.1900519942973259,
  "nDCG@1_ci95_low": 0.1545501813163658,
  "nDCG@1_ci95_high": 0.1931587135623404,
  "nDCG@3": 0.264633951004588,
  "nDCG@3_std": 0.3917397952383608,
  "nDCG@3_stderr": 0.010169058401304058,
  "nDCG@3_ci90_low": 0.24789688322478182,
  "nDCG@3_ci90_high": 0.28137101878439413,
  "nDCG@3_ci95_low": 0.2446866828551016,
  "nDCG@3_ci95_high": 0.28458121915407436,
  "nDCG@5": 0.299825560090508,
  "nDCG@5_std": 0.38533612439903886,
  "nDCG@5_stderr": 0.010002827388934816,
  "nDCG@5_ci90_low": 0.2833620889025724,
  "nDCG@5_ci90_high": 0.31628903127844354,
  "nDCG@5_ci95_low": 0.28020436486219436,
  "nDCG@5_ci95_high": 0.3194467553188216,
  "nDCG@10": 0.33440242500515105,
  "nDCG@10_std": 0.37158046165624903,
  "nDCG@10_stderr": 0.009645748175946106,
  "nDCG@10_ci90_low": 0.31852666398217877,
  "nDCG@10_ci90_high": 0.35027818602812333,
  "nDCG@10_ci95_low": 0.31548166383189014,
  "nDCG@10_ci95_high": 0.35332318617841196,
  "nDCG@100": 0.39937828728525365,
  "nDCG@100_std": 0.32547085351789196,
  "nDCG@100_stderr": 0.008448802387645754,
  "nDCG@100_ci90_low": 0.3854725575077473,
  "nDCG@100_ci90_high": 0.41328401706276,
  "nDCG@100_ci95_low": 0.38280541297205484,
  "nDCG@100_ci95_high": 0.41595116159845247,
  "RR@1": 0.1738544474393531,
  "RR@3": 0.24584456424079035,
  "RR@5": 0.2656558849955071,
  "RR@10": 0.2798784922774139,
  "RR@100": 0.2922357187373808,
  "P@1": 0.1738544474393531,
  "P@3": 0.11343216531895804,
  "P@5": 0.08544474393531082,
  "P@10": 0.05390835579514808,
  "P@100": 0.00872641509433947,
  "R@1": 0.16840745732255166,
  "R@3": 0.3297955974842767,
  "R@5": 0.41425202156334234,
  "R@10": 0.5193733153638814,
  "R@100": 0.8284478885893979,
  "AP": 0.2869475411309494
}