{
  "nDCG@1": 0.1091644204851752,
  "nDCG@3": 0.16801794709174084,
  "nDCG@5": 0.19569505616750757,
  "nDCG@10": 0.22382637425874846,
  "nDCG@100": 0.2856188639383829,
  "RR@1": 0.1091644204851752,
  "RR@3": 0.15476190476190496,
  "RR@5": 0.17032794249775388,
  "RR@10": 0.18211371026397966,
  "RR@100": 0.19377667055582115,
  "P@1": 0.1091644204851752,
  "P@3": 0.07277628032344984,
  "P@5": 0.05754716981132121,
  "P@10": 0.03780323450134806,
  "P@100": 0.006933962264150828,
  "R@1": 0.10590745732255166,
  "R@3": 0.21276954177897575,
  "R@5": 0.2797057502246182,
  "R@10": 0.3647237196765499,
  "R@100": 0.6615566037735849,
  "AP": 0.19036396157120683
}