nDCG@1,nDCG@1_std,nDCG@1_stderr,nDCG@1_ci90_low,nDCG@1_ci90_high,nDCG@1_ci95_low,nDCG@1_ci95_high,nDCG@3,nDCG@3_std,nDCG@3_stderr,nDCG@3_ci90_low,nDCG@3_ci90_high,nDCG@3_ci95_low,nDCG@3_ci95_high,nDCG@5,nDCG@5_std,nDCG@5_stderr,nDCG@5_ci90_low,nDCG@5_ci90_high,nDCG@5_ci95_low,nDCG@5_ci95_high,nDCG@10,nDCG@10_std,nDCG@10_stderr,nDCG@10_ci90_low,nDCG@10_ci90_high,nDCG@10_ci95_low,nDCG@10_ci95_high,nDCG@100,nDCG@100_std,nDCG@100_stderr,nDCG@100_ci90_low,nDCG@100_ci90_high,nDCG@100_ci95_low,nDCG@100_ci95_high,RR@1,RR@3,RR@5,RR@10,RR@100,P@1,P@3,P@5,P@10,P@100,R@1,R@3,R@5,R@10,R@100,AP
0.1091644204851752,0.31195051637585447,0.008097831922878338,0.09583634659533381,0.1224924943750166,0.09327999752086112,0.1250488434494893,0.16801794709174084,0.33527736323396995,0.008703366695964429,0.15369323456140627,0.1823426596220754,0.15094572836346126,0.1850901658200204,0.19569505616750757,0.33747896000723404,0.008760517300614699,0.18127628049917727,0.21011383183583787,0.17851073281843852,0.21287937951657662,0.22382637425874846,0.3340682530242542,0.008671979758804443,0.20955332091591347,0.23809942760158345,0.2068157230451014,0.24083702547239552,0.2856188639383829,0.30657873928824414,0.007958387537634153,0.2725202990193078,0.29871742885745806,0.27000797018735856,0.3012297576894073,0.1091644204851752,0.15476190476190496,0.17032794249775388,0.18211371026397966,0.19377667055582115,0.1091644204851752,0.07277628032344984,0.05754716981132121,0.03780323450134806,0.006933962264150828,0.10590745732255166,0.21276954177897575,0.2797057502246182,0.3647237196765499,0.6615566037735849,0.19036396157120683
