{
  "nDCG@1": 0.15700808625336926,
  "nDCG@3": 0.23807910861442214,
  "nDCG@5": 0.2772694452346721,
  "nDCG@10": 0.31146185595547415,
  "nDCG@100": 0.37606502315938184,
  "RR@1": 0.15700808625336926,
  "RR@3": 0.22147349505840067,
  "RR@5": 0.24371069182389896,
  "RR@10": 0.2578110961365676,
  "RR@100": 0.2698426690549769,
  "P@1": 0.15700808625336926,
  "P@3": 0.10197663971248874,
  "P@5": 0.08072776280323528,
  "P@10": 0.05134770889487869,
  "P@100": 0.008477088948786914,
  "R@1": 0.1522349505840072,
  "R@3": 0.29677672955974843,
  "R@5": 0.39111635220125784,
  "R@10": 0.4951145552560647,
  "R@100": 0.8046383647798743,
  "AP": 0.2644150939997504
}