nDCG@1,nDCG@1_std,nDCG@1_stderr,nDCG@1_ci90_low,nDCG@1_ci90_high,nDCG@1_ci95_low,nDCG@1_ci95_high,nDCG@3,nDCG@3_std,nDCG@3_stderr,nDCG@3_ci90_low,nDCG@3_ci90_high,nDCG@3_ci95_low,nDCG@3_ci95_high,nDCG@5,nDCG@5_std,nDCG@5_stderr,nDCG@5_ci90_low,nDCG@5_ci90_high,nDCG@5_ci95_low,nDCG@5_ci95_high,nDCG@10,nDCG@10_std,nDCG@10_stderr,nDCG@10_ci90_low,nDCG@10_ci90_high,nDCG@10_ci95_low,nDCG@10_ci95_high,nDCG@100,nDCG@100_std,nDCG@100_stderr,nDCG@100_ci90_low,nDCG@100_ci90_high,nDCG@100_ci95_low,nDCG@100_ci95_high,RR@1,RR@3,RR@5,RR@10,RR@100,P@1,P@3,P@5,P@10,P@100,R@1,R@3,R@5,R@10,R@100,AP
0.1711590296495957,0.3767748347601861,0.009780587383231539,0.15506133923427948,0.18725672006491192,0.1519737726185431,0.1903442866806483,0.25802973001905144,0.3899277359438446,0.010122019685767513,0.2413700824033491,0.2746893776347538,0.23817473136347359,0.27788472867462927,0.29603877475592183,0.38303066771159,0.009942980715246533,0.27967380411684617,0.3124037453949975,0.27653497266282334,0.3155425768490203,0.3302429740234096,0.36983543649834144,0.0096004495798928,0.3144417691336165,0.34604417891320266,0.311411068986736,0.34907487906008317,0.393977404841662,0.3250343375364116,0.008437470997363907,0.38009032519278135,0.40786448449054263,0.3774267577860458,0.4105280518972782,0.1711590296495957,0.24045372866127562,0.26184860736747473,0.27577867625037406,0.28753212673845063,0.1711590296495957,0.11006289308176119,0.08490566037735932,0.05357142857142843,0.00866576819406993,0.16571203953279426,0.32002470799640614,0.4118935309973046,0.5163409703504043,0.8221585804132975,0.28196292815658974
