{
  "nDCG@1": 0.13409703504043127,
  "nDCG@3": 0.20801901138548837,
  "nDCG@5": 0.24386732995017843,
  "nDCG@10": 0.2757185416746735,
  "nDCG@100": 0.3401037062965404,
  "RR@1": 0.13409703504043127,
  "RR@3": 0.19204851752021568,
  "RR@5": 0.2119946091644201,
  "RR@10": 0.22554897745261565,
  "RR@100": 0.23744694137999275,
  "P@1": 0.13409703504043127,
  "P@3": 0.09052111410601942,
  "P@5": 0.0722371967654993,
  "P@10": 0.04642857142857167,
  "P@100": 0.007951482479784229,
  "R@1": 0.13033468104222823,
  "R@3": 0.26387017070979335,
  "R@5": 0.35057277628032346,
  "R@10": 0.44693396226415094,
  "R@100": 0.7564577717879606,
  "AP": 0.23270077862951072
}