{
  "nDCG@1": 0.1091644204851752,
  "nDCG@1_std": 0.31195051637585447,
  "nDCG@1_stderr": 0.008097831922878338,
  "nDCG@1_ci90_low": 0.09583634659533381,
  "nDCG@1_ci90_high": 0.1224924943750166,
  "nDCG@1_ci95_low": 0.09327999752086112,
  "nDCG@1_ci95_high": 0.1250488434494893,
  "nDCG@3": 0.16801794709174084,
  "nDCG@3_std": 0.33527736323396995,
  "nDCG@3_stderr": 0.008703366695964429,
  "nDCG@3_ci90_low": 0.15369323456140627,
  "nDCG@3_ci90_high": 0.1823426596220754,
  "nDCG@3_ci95_low": 0.15094572836346126,
  "nDCG@3_ci95_high": 0.1850901658200204,
  "nDCG@5": 0.19569505616750757,
  "nDCG@5_std": 0.33747896000723404,
  "nDCG@5_stderr": 0.008760517300614699,
  "nDCG@5_ci90_low": 0.18127628049917727,
  "nDCG@5_ci90_high": 0.21011383183583787,
  "nDCG@5_ci95_low": 0.17851073281843852,
  "nDCG@5_ci95_high": 0.21287937951657662,
  "nDCG@10": 0.22382637425874846,
  "nDCG@10_std": 0.3340682530242542,
  "nDCG@10_stderr": 0.008671979758804443,
  "nDCG@10_ci90_low": 0.20955332091591347,
  "nDCG@10_ci90_high": 0.23809942760158345,
  "nDCG@10_ci95_low": 0.2068157230451014,
  "nDCG@10_ci95_high": 0.24083702547239552,
  "nDCG@100": 0.2856188639383829,
  "nDCG@100_std": 0.30657873928824414,
  "nDCG@100_stderr": 0.007958387537634153,
  "nDCG@100_ci90_low": 0.2725202990193078,
  "nDCG@100_ci90_high": 0.29871742885745806,
  "nDCG@100_ci95_low": 0.27000797018735856,
  "nDCG@100_ci95_high": 0.3012297576894073,
  "RR@1": 0.1091644204851752,
  "RR@3": 0.15476190476190496,
  "RR@5": 0.17032794249775388,
  "RR@10": 0.18211371026397966,
  "RR@100": 0.19377667055582115,
  "P@1": 0.1091644204851752,
  "P@3": 0.07277628032344984,
  "P@5": 0.05754716981132121,
  "P@10": 0.03780323450134806,
  "P@100": 0.006933962264150828,
  "R@1": 0.10590745732255166,
  "R@3": 0.21276954177897575,
  "R@5": 0.2797057502246182,
  "R@10": 0.3647237196765499,
  "R@100": 0.6615566037735849,
  "AP": 0.19036396157120683
}