nDCG@1,nDCG@3,nDCG@5,nDCG@10,nDCG@100,RR@1,RR@3,RR@5,RR@10,RR@100,P@1,P@3,P@5,P@10,P@100,R@1,R@3,R@5,R@10,R@100,AP
0.15700808625336926,0.23807910861442214,0.2772694452346721,0.31146185595547415,0.37606502315938184,0.15700808625336926,0.22147349505840067,0.24371069182389896,0.2578110961365676,0.2698426690549769,0.15700808625336926,0.10197663971248874,0.08072776280323528,0.05134770889487869,0.008477088948786914,0.1522349505840072,0.29677672955974843,0.39111635220125784,0.4951145552560647,0.8046383647798743,0.2644150939997504
