nDCG@1,nDCG@3,nDCG@5,nDCG@10,nDCG@100,RR@1,RR@3,RR@5,RR@10,RR@100,P@1,P@3,P@5,P@10,P@100,R@1,R@3,R@5,R@10,R@100,AP
0.1711590296495957,0.25802973001905144,0.29603877475592183,0.3302429740234096,0.393977404841662,0.1711590296495957,0.24045372866127562,0.26184860736747473,0.27577867625037406,0.28753212673845063,0.1711590296495957,0.11006289308176119,0.08490566037735932,0.05357142857142843,0.00866576819406993,0.16571203953279426,0.32002470799640614,0.4118935309973046,0.5163409703504043,0.8221585804132975,0.28196292815658974
