nDCG@1,nDCG@3,nDCG@5,nDCG@10,nDCG@100,RR@1,RR@3,RR@5,RR@10,RR@100,P@1,P@3,P@5,P@10,P@100,R@1,R@3,R@5,R@10,R@100,AP
0.13409703504043127,0.20801901138548837,0.24386732995017843,0.2757185416746735,0.3401037062965404,0.13409703504043127,0.19204851752021568,0.2119946091644201,0.22554897745261565,0.23744694137999275,0.13409703504043127,0.09052111410601942,0.0722371967654993,0.04642857142857167,0.007951482479784229,0.13033468104222823,0.26387017070979335,0.35057277628032346,0.44693396226415094,0.7564577717879606,0.23270077862951072
