nDCG@1,nDCG@1_std,nDCG@1_stderr,nDCG@1_ci90_low,nDCG@1_ci90_high,nDCG@1_ci95_low,nDCG@1_ci95_high,nDCG@3,nDCG@3_std,nDCG@3_stderr,nDCG@3_ci90_low,nDCG@3_ci90_high,nDCG@3_ci95_low,nDCG@3_ci95_high,nDCG@5,nDCG@5_std,nDCG@5_stderr,nDCG@5_ci90_low,nDCG@5_ci90_high,nDCG@5_ci95_low,nDCG@5_ci95_high,nDCG@10,nDCG@10_std,nDCG@10_stderr,nDCG@10_ci90_low,nDCG@10_ci90_high,nDCG@10_ci95_low,nDCG@10_ci95_high,nDCG@100,nDCG@100_std,nDCG@100_stderr,nDCG@100_ci90_low,nDCG@100_ci90_high,nDCG@100_ci95_low,nDCG@100_ci95_high,RR@1,RR@3,RR@5,RR@10,RR@100,P@1,P@3,P@5,P@10,P@100,R@1,R@3,R@5,R@10,R@100,AP
0.6482479784366577,0.47767802388250347,0.012399903662902159,0.6278392031224708,0.6686567537508447,0.6239247624976098,0.6725711943757057,0.7338659325840721,0.39446356153738327,0.010239763851459843,0.7170124919932388,0.7507193731749053,0.7137799711044631,0.753951894063681,0.7565986475713852,0.3627431388318409,0.009416342705771949,0.7411004608283355,0.7720968343144349,0.7381278801190706,0.7750694150236997,0.7747709107291557,0.33336474840800895,0.008653717688891857,0.7605279145941628,0.7890139068641486,0.7577960817510723,0.7917457397072392,0.793774763665329,0.2948261624316701,0.0076533058434253825,0.7811783271432837,0.8063712001873742,0.7787623074610003,0.8087872198696576,0.6462264150943396,0.7173180592991918,0.7296832884097045,0.7367397745261635,0.7406524000192176,0.6482479784366577,0.27762803234500966,0.17870619946091237,0.09548517520215409,0.010471698113207358,0.628032345013477,0.7934074573225516,0.8482142857142859,0.9024034141958671,0.9853998203054808,0.7356868653471025
