{
  "nDCG@1": 0.5741239892183289,
  "nDCG@1_std": 0.4946417961832021,
  "nDCG@1_stderr": 0.012840261250589324,
  "nDCG@1_ci90_low": 0.5529904373809265,
  "nDCG@1_ci90_high": 0.5952575410557313,
  "nDCG@1_ci95_low": 0.5489369832864798,
  "nDCG@1_ci95_high": 0.5993109951501779,
  "nDCG@3": 0.6640448477386849,
  "nDCG@3_std": 0.4247802630670102,
  "nDCG@3_stderr": 0.011026746211018424,
  "nDCG@3_ci90_low": 0.6458961272336606,
  "nDCG@3_ci90_high": 0.6821935682437091,
  "nDCG@3_ci95_low": 0.6424151692760938,
  "nDCG@3_ci95_high": 0.685674526201276,
  "nDCG@5": 0.691750004041359,
  "nDCG@5_std": 0.3943424797933786,
  "nDCG@5_stderr": 0.010236620725994721,
  "nDCG@5_ci90_low": 0.6749017366634107,
  "nDCG@5_ci90_high": 0.7085982714193073,
  "nDCG@5_ci95_low": 0.6716702080063769,
  "nDCG@5_ci95_high": 0.7118298000763411,
  "nDCG@10": 0.7127454773581137,
  "nDCG@10_std": 0.3658124534618478,
  "nDCG@10_stderr": 0.009496018143661852,
  "nDCG@10_ci90_low": 0.6971161542648019,
  "nDCG@10_ci90_high": 0.7283748004514254,
  "nDCG@10_ci95_low": 0.6941184213624749,
  "nDCG@10_ci95_high": 0.7313725333537524,
  "nDCG@100": 0.7385525587390226,
  "nDCG@100_std": 0.32231707255711567,
  "nDCG@100_stderr": 0.008366934313059304,
  "nDCG@100_ci90_low": 0.7247815741325323,
  "nDCG@100_ci90_high": 0.7523235433455129,
  "nDCG@100_ci95_low": 0.7221402739683569,
  "nDCG@100_ci95_high": 0.7549648435096883,
  "RR@1": 0.5727762803234502,
  "RR@3": 0.6471248876909259,
  "RR@5": 0.6615790655885007,
  "RR@10": 0.6703159093826216,
  "RR@100": 0.6752593849650362,
  "P@1": 0.5741239892183289,
  "P@3": 0.25426774483377995,
  "P@5": 0.16711590296495607,
  "P@10": 0.09063342318059092,
  "P@100": 0.01033692722371949,
  "R@1": 0.5567722371967655,
  "R@3": 0.7282681940700808,
  "R@5": 0.7949236298292901,
  "R@10": 0.8574236298292902,
  "R@100": 0.9729335130278528,
  "AP": 0.6695247335565042
}