{
  "nDCG@1": 0.5316711590296496,
  "nDCG@1_std": 0.4991641398581243,
  "nDCG@1_stderr": 0.012957655443112118,
  "nDCG@1_ci90_low": 0.5103443902315737,
  "nDCG@1_ci90_high": 0.5529979278277254,
  "nDCG@1_ci95_low": 0.5062538767688589,
  "nDCG@1_ci95_high": 0.5570884412904402,
  "nDCG@3": 0.6193302608461054,
  "nDCG@3_std": 0.4412971451469679,
  "nDCG@3_stderr": 0.01145550310659076,
  "nDCG@3_ci90_low": 0.6004758571854674,
  "nDCG@3_ci90_high": 0.6381846645067435,
  "nDCG@3_ci95_low": 0.5968595479013221,
  "nDCG@3_ci95_high": 0.6418009737908887,
  "nDCG@5": 0.6491584792764313,
  "nDCG@5_std": 0.4125220113934931,
  "nDCG@5_stderr": 0.010708537852610438,
  "nDCG@5_ci90_low": 0.6315334921056647,
  "nDCG@5_ci90_high": 0.666783466447198,
  "nDCG@5_ci95_low": 0.6281529871644426,
  "nDCG@5_ci95_high": 0.6701639713884201,
  "nDCG@10": 0.6736069814080458,
  "nDCG@10_std": 0.382706855448278,
  "nDCG@10_stderr": 0.009934574967715382,
  "nDCG@10_ci90_low": 0.6572558456355444,
  "nDCG@10_ci90_high": 0.6899581171805471,
  "nDCG@10_ci95_low": 0.6541196677343647,
  "nDCG@10_ci95_high": 0.6930942950817268,
  "nDCG@100": 0.7026694235730597,
  "nDCG@100_std": 0.33875154599250523,
  "nDCG@100_stderr": 0.00879355198680743,
  "nDCG@100_ci90_low": 0.6881962767171452,
  "nDCG@100_ci90_high": 0.7171425704289742,
  "nDCG@100_ci95_low": 0.6854203005426716,
  "nDCG@100_ci95_high": 0.7199185466034479,
  "RR@1": 0.5309973045822103,
  "RR@3": 0.602762803234502,
  "RR@5": 0.6184973045822112,
  "RR@10": 0.6287949771103416,
  "RR@100": 0.6344896084630187,
  "P@1": 0.5316711590296496,
  "P@3": 0.23809523809523628,
  "P@5": 0.1582210242587571,
  "P@10": 0.0871967654986504,
  "P@100": 0.010168463611859656,
  "R@1": 0.5170148247978437,
  "R@3": 0.6826145552560647,
  "R@5": 0.7536500449236297,
  "R@10": 0.8265947888589397,
  "R@100": 0.9560871518418689,
  "AP": 0.6288205466504024
}