{
  "nDCG@1": 0.6482479784366577,
  "nDCG@1_std": 0.47767802388250347,
  "nDCG@1_stderr": 0.012399903662902159,
  "nDCG@1_ci90_low": 0.6278392031224708,
  "nDCG@1_ci90_high": 0.6686567537508447,
  "nDCG@1_ci95_low": 0.6239247624976098,
  "nDCG@1_ci95_high": 0.6725711943757057,
  "nDCG@3": 0.7338659325840721,
  "nDCG@3_std": 0.39446356153738327,
  "nDCG@3_stderr": 0.010239763851459843,
  "nDCG@3_ci90_low": 0.7170124919932388,
  "nDCG@3_ci90_high": 0.7507193731749053,
  "nDCG@3_ci95_low": 0.7137799711044631,
  "nDCG@3_ci95_high": 0.753951894063681,
  "nDCG@5": 0.7565986475713852,
  "nDCG@5_std": 0.3627431388318409,
  "nDCG@5_stderr": 0.009416342705771949,
  "nDCG@5_ci90_low": 0.7411004608283355,
  "nDCG@5_ci90_high": 0.7720968343144349,
  "nDCG@5_ci95_low": 0.7381278801190706,
  "nDCG@5_ci95_high": 0.7750694150236997,
  "nDCG@10": 0.7747709107291557,
  "nDCG@10_std": 0.33336474840800895,
  "nDCG@10_stderr": 0.008653717688891857,
  "nDCG@10_ci90_low": 0.7605279145941628,
  "nDCG@10_ci90_high": 0.7890139068641486,
  "nDCG@10_ci95_low": 0.7577960817510723,
  "nDCG@10_ci95_high": 0.7917457397072392,
  "nDCG@100": 0.793774763665329,
  "nDCG@100_std": 0.2948261624316701,
  "nDCG@100_stderr": 0.0076533058434253825,
  "nDCG@100_ci90_low": 0.7811783271432837,
  "nDCG@100_ci90_high": 0.8063712001873742,
  "nDCG@100_ci95_low": 0.7787623074610003,
  "nDCG@100_ci95_high": 0.8087872198696576,
  "RR@1": 0.6462264150943396,
  "RR@3": 0.7173180592991918,
  "RR@5": 0.7296832884097045,
  "RR@10": 0.7367397745261635,
  "RR@100": 0.7406524000192176,
  "P@1": 0.6482479784366577,
  "P@3": 0.27762803234500966,
  "P@5": 0.17870619946091237,
  "P@10": 0.09548517520215409,
  "P@100": 0.010471698113207358,
  "R@1": 0.628032345013477,
  "R@3": 0.7934074573225516,
  "R@5": 0.8482142857142859,
  "R@10": 0.9024034141958671,
  "R@100": 0.9853998203054808,
  "AP": 0.7356868653471025
}