nDCG@1,nDCG@1_std,nDCG@1_stderr,nDCG@1_ci90_low,nDCG@1_ci90_high,nDCG@1_ci95_low,nDCG@1_ci95_high,nDCG@3,nDCG@3_std,nDCG@3_stderr,nDCG@3_ci90_low,nDCG@3_ci90_high,nDCG@3_ci95_low,nDCG@3_ci95_high,nDCG@5,nDCG@5_std,nDCG@5_stderr,nDCG@5_ci90_low,nDCG@5_ci90_high,nDCG@5_ci95_low,nDCG@5_ci95_high,nDCG@10,nDCG@10_std,nDCG@10_stderr,nDCG@10_ci90_low,nDCG@10_ci90_high,nDCG@10_ci95_low,nDCG@10_ci95_high,nDCG@100,nDCG@100_std,nDCG@100_stderr,nDCG@100_ci90_low,nDCG@100_ci90_high,nDCG@100_ci95_low,nDCG@100_ci95_high,RR@1,RR@3,RR@5,RR@10,RR@100,P@1,P@3,P@5,P@10,P@100,R@1,R@3,R@5,R@10,R@100,AP
0.7068733153638814,0.4553494817109852,0.01182028358825544,0.6874185261606066,0.7263281045671562,0.6836870618256317,0.7300595689021312,0.7795197049987777,0.3708313022689152,0.009626300967226737,0.7636759517819974,0.7953634582155579,0.7606370907877797,0.7984023192097756,0.7979359944190334,0.34193902554530753,0.008876294833256528,0.7833266626210464,0.8125453262170204,0.7805245659243202,0.8153474229137466,0.8143699819561073,0.3114941020756102,0.008085983997978214,0.8010614083498003,0.8276785555624143,0.798508799465559,0.8302311644466557,0.8282144298155825,0.2802177757711175,0.007274091020459539,0.816242136055297,0.8401867235758679,0.8139458281021464,0.8424830315290185,0.706199460916442,0.7662848158131179,0.7761567834681051,0.7824236298292907,0.7849085850238815,0.7068733153638814,0.29065588499550316,0.18436657681940274,0.09770889487870382,0.010485175202156145,0.6869946091644205,0.8309748427672955,0.8750561545372866,0.9239667565139263,0.9865229110512129,0.7799875805371159
