nDCG@1,nDCG@1_std,nDCG@1_stderr,nDCG@1_ci90_low,nDCG@1_ci90_high,nDCG@1_ci95_low,nDCG@1_ci95_high,nDCG@3,nDCG@3_std,nDCG@3_stderr,nDCG@3_ci90_low,nDCG@3_ci90_high,nDCG@3_ci95_low,nDCG@3_ci95_high,nDCG@5,nDCG@5_std,nDCG@5_stderr,nDCG@5_ci90_low,nDCG@5_ci90_high,nDCG@5_ci95_low,nDCG@5_ci95_high,nDCG@10,nDCG@10_std,nDCG@10_stderr,nDCG@10_ci90_low,nDCG@10_ci90_high,nDCG@10_ci95_low,nDCG@10_ci95_high,nDCG@100,nDCG@100_std,nDCG@100_stderr,nDCG@100_ci90_low,nDCG@100_ci90_high,nDCG@100_ci95_low,nDCG@100_ci95_high,RR@1,RR@3,RR@5,RR@10,RR@100,P@1,P@3,P@5,P@10,P@100,R@1,R@3,R@5,R@10,R@100,AP
0.5316711590296496,0.4991641398581243,0.012957655443112118,0.5103443902315737,0.5529979278277254,0.5062538767688589,0.5570884412904402,0.6193302608461054,0.4412971451469679,0.01145550310659076,0.6004758571854674,0.6381846645067435,0.5968595479013221,0.6418009737908887,0.6491584792764313,0.4125220113934931,0.010708537852610438,0.6315334921056647,0.666783466447198,0.6281529871644426,0.6701639713884201,0.6736069814080458,0.382706855448278,0.009934574967715382,0.6572558456355444,0.6899581171805471,0.6541196677343647,0.6930942950817268,0.7026694235730597,0.33875154599250523,0.00879355198680743,0.6881962767171452,0.7171425704289742,0.6854203005426716,0.7199185466034479,0.5309973045822103,0.602762803234502,0.6184973045822112,0.6287949771103416,0.6344896084630187,0.5316711590296496,0.23809523809523628,0.1582210242587571,0.0871967654986504,0.010168463611859656,0.5170148247978437,0.6826145552560647,0.7536500449236297,0.8265947888589397,0.9560871518418689,0.6288205466504024
