{
  "nDCG@1": 0.6893530997304582,
  "nDCG@1_std": 0.4629144670020279,
  "nDCG@1_stderr": 0.012016660821726985,
  "nDCG@1_ci90_low": 0.6695750968197468,
  "nDCG@1_ci90_high": 0.7091311026411696,
  "nDCG@1_ci95_low": 0.6657816395014878,
  "nDCG@1_ci95_high": 0.7129245599594286,
  "nDCG@3": 0.7695073802377841,
  "nDCG@3_std": 0.37360293860421606,
  "nDCG@3_stderr": 0.009698249061608369,
  "nDCG@3_ci90_low": 0.7535452089645062,
  "nDCG@3_ci90_high": 0.785469551511062,
  "nDCG@3_ci95_low": 0.7504836351693519,
  "nDCG@3_ci95_high": 0.7885311253062163,
  "nDCG@5": 0.7890951136074534,
  "nDCG@5_std": 0.343285480978107,
  "nDCG@5_stderr": 0.008911247074763061,
  "nDCG@5_ci90_low": 0.7744282545525598,
  "nDCG@5_ci90_high": 0.8037619726623471,
  "nDCG@5_ci95_low": 0.7716151240222003,
  "nDCG@5_ci95_high": 0.8065751031927065,
  "nDCG@10": 0.8054810085463787,
  "nDCG@10_std": 0.31369611157726746,
  "nDCG@10_stderr": 0.00814314531652374,
  "nDCG@10_ci90_low": 0.7920783541682712,
  "nDCG@10_ci90_high": 0.8188836629244862,
  "nDCG@10_ci95_low": 0.7895077004190398,
  "nDCG@10_ci95_high": 0.8214543166737176,
  "nDCG@100": 0.82059106793441,
  "nDCG@100_std": 0.2801062337852412,
  "nDCG@100_stderr": 0.00727119553477654,
  "nDCG@100_ci90_low": 0.808623539801208,
  "nDCG@100_ci90_high": 0.8325585960676118,
  "nDCG@100_ci95_low": 0.8063281459040933,
  "nDCG@100_ci95_high": 0.8348539899647266,
  "RR@1": 0.6893530997304582,
  "RR@3": 0.7547169811320757,
  "RR@5": 0.7649595687331543,
  "RR@10": 0.7710619625208579,
  "RR@100": 0.7742322630785626,
  "P@1": 0.6893530997304582,
  "P@3": 0.2899820305480639,
  "P@5": 0.18436657681940274,
  "P@10": 0.09770889487870382,
  "P@100": 0.01051212938005372,
  "R@1": 0.668800539083558,
  "R@3": 0.8273247978436657,
  "R@5": 0.8744946091644205,
  "R@10": 0.9232929020664871,
  "R@100": 0.9887690925426775,
  "AP": 0.7689685303764162
}