{
  "nDCG@1": 0.7001347708894878,
  "nDCG@1_std": 0.4583531847526618,
  "nDCG@1_stderr": 0.01189825583417546,
  "nDCG@1_ci90_low": 0.6805516485885548,
  "nDCG@1_ci90_high": 0.7197178931904209,
  "nDCG@1_ci95_low": 0.6767955697295207,
  "nDCG@1_ci95_high": 0.723473972049455,
  "nDCG@3": 0.771868771828076,
  "nDCG@3_std": 0.3764616312886144,
  "nDCG@3_stderr": 0.00977245702621237,
  "nDCG@3_ci90_low": 0.7557844630191125,
  "nDCG@3_ci90_high": 0.7879530806370395,
  "nDCG@3_ci95_low": 0.7526994630200754,
  "nDCG@3_ci95_high": 0.7910380806360766,
  "nDCG@5": 0.790349976389526,
  "nDCG@5_std": 0.3484316422026004,
  "nDCG@5_stderr": 0.009044834764016225,
  "nDCG@5_ci90_low": 0.775463247792995,
  "nDCG@5_ci90_high": 0.8052367049860569,
  "nDCG@5_ci95_low": 0.7726079458803402,
  "nDCG@5_ci95_high": 0.8080920068987117,
  "nDCG@10": 0.8077647121330896,
  "nDCG@10_std": 0.31693439878295204,
  "nDCG@10_stderr": 0.008227207063926158,
  "nDCG@10_ci90_low": 0.7942237020578821,
  "nDCG@10_ci90_high": 0.8213057222082972,
  "nDCG@10_ci95_low": 0.7916265114315931,
  "nDCG@10_ci95_high": 0.8239029128345862,
  "nDCG@100": 0.8221055668846778,
  "nDCG@100_std": 0.28546238695279014,
  "nDCG@100_stderr": 0.0074102343432641835,
  "nDCG@100_ci90_low": 0.8099091973120972,
  "nDCG@100_ci90_high": 0.8343019364572585,
  "nDCG@100_ci95_low": 0.8075699112062064,
  "nDCG@100_ci95_high": 0.8366412225631493,
  "RR@1": 0.7001347708894878,
  "RR@3": 0.759321653189578,
  "RR@5": 0.7694294699011688,
  "RR@10": 0.776045276601207,
  "RR@100": 0.7787997857814308,
  "P@1": 0.7001347708894878,
  "P@3": 0.2877358490565994,
  "P@5": 0.1826145552560605,
  "P@10": 0.09716981132075238,
  "P@100": 0.010444743935309786,
  "R@1": 0.680256064690027,
  "R@3": 0.8228885893980232,
  "R@5": 0.8666329739442946,
  "R@10": 0.9189128481581312,
  "R@100": 0.9828167115902965,
  "AP": 0.772946876895211
}