{
  "nDCG@1": 0.706199460916442,
  "nDCG@1_std": 0.4556552305377001,
  "nDCG@1_stderr": 0.011828220432336091,
  "nDCG@1_ci90_low": 0.6867316086062311,
  "nDCG@1_ci90_high": 0.725667313226653,
  "nDCG@1_ci95_low": 0.6829976387433305,
  "nDCG@1_ci95_high": 0.7294012830895535,
  "nDCG@3": 0.7832226404114235,
  "nDCG@3_std": 0.3644166696789693,
  "nDCG@3_stderr": 0.009459785401989416,
  "nDCG@3_ci90_low": 0.7676529521268903,
  "nDCG@3_ci90_high": 0.7987923286959567,
  "nDCG@3_ci95_low": 0.7646666572905201,
  "nDCG@3_ci95_high": 0.801778623532327,
  "nDCG@5": 0.8017679191421392,
  "nDCG@5_std": 0.33498659913170514,
  "nDCG@5_stderr": 0.008695818835948997,
  "nDCG@5_ci90_low": 0.7874556294969612,
  "nDCG@5_ci90_high": 0.8160802087873171,
  "nDCG@5_ci95_low": 0.7847105060312276,
  "nDCG@5_ci95_high": 0.8188253322530508,
  "nDCG@10": 0.8165276956891155,
  "nDCG@10_std": 0.3072102959036377,
  "nDCG@10_stderr": 0.007974781930503428,
  "nDCG@10_ci90_low": 0.8034021475377849,
  "nDCG@10_ci90_high": 0.8296532438404461,
  "nDCG@10_ci95_low": 0.800884643272283,
  "nDCG@10_ci95_high": 0.832170748105948,
  "nDCG@100": 0.8313561846540899,
  "nDCG@100_std": 0.27282376648963924,
  "nDCG@100_stderr": 0.007082152103052933,
  "nDCG@100_ci90_low": 0.8196997996577668,
  "nDCG@100_ci90_high": 0.8430125696504129,
  "nDCG@100_ci95_low": 0.8174640835863126,
  "nDCG@100_ci95_high": 0.8452482857218672,
  "RR@1": 0.7048517520215634,
  "RR@3": 0.7680817610062899,
  "RR@5": 0.777650494159929,
  "RR@10": 0.7835579514824806,
  "RR@100": 0.7866988699664438,
  "P@1": 0.706199460916442,
  "P@3": 0.29380053908355347,
  "P@5": 0.1862533692722329,
  "P@10": 0.09818059299191134,
  "P@100": 0.0105323450134769,
  "R@1": 0.6858715184186882,
  "R@3": 0.8395664869721472,
  "R@5": 0.8838162623539983,
  "R@10": 0.9275606469002695,
  "R@100": 0.9906783468104222,
  "AP": 0.7820242199422118
}