{
  "nDCG@1": 0.6933962264150944,
  "nDCG@1_std": 0.4612388277780607,
  "nDCG@1_stderr": 0.011973163394773795,
  "nDCG@1_ci90_low": 0.6736898151261863,
  "nDCG@1_ci90_high": 0.7131026377040024,
  "nDCG@1_ci95_low": 0.6699100892126036,
  "nDCG@1_ci95_high": 0.7168823636175851,
  "nDCG@3": 0.775200488234258,
  "nDCG@3_std": 0.3689672451836054,
  "nDCG@3_stderr": 0.009577912456296042,
  "nDCG@3_ci90_low": 0.7594363767852059,
  "nDCG@3_ci90_high": 0.7909645996833101,
  "nDCG@3_ci95_low": 0.7564127912284524,
  "nDCG@3_ci95_high": 0.7939881852400636,
  "nDCG@5": 0.7908631498838411,
  "nDCG@5_std": 0.3457032648105202,
  "nDCG@5_stderr": 0.00897400961584873,
  "nDCG@5_ci90_low": 0.7760929911071119,
  "nDCG@5_ci90_high": 0.8056333086605703,
  "nDCG@5_ci95_low": 0.7732600475001977,
  "nDCG@5_ci95_high": 0.8084662522674845,
  "nDCG@10": 0.8078724080009477,
  "nDCG@10_std": 0.3152853693432816,
  "nDCG@10_stderr": 0.008184400392555753,
  "nDCG@10_ci90_low": 0.7944018526455264,
  "nDCG@10_ci90_high": 0.821342963356369,
  "nDCG@10_ci95_low": 0.7918181753640169,
  "nDCG@10_ci95_high": 0.8239266406378786,
  "nDCG@100": 0.8232609079534866,
  "nDCG@100_std": 0.27993839312567353,
  "nDCG@100_stderr": 0.007266838608342201,
  "nDCG@100_ci90_low": 0.8113005508060501,
  "nDCG@100_ci90_high": 0.8352212651009231,
  "nDCG@100_ci95_low": 0.8090065323171883,
  "nDCG@100_ci95_high": 0.8375152835897849,
  "RR@1": 0.6933962264150944,
  "RR@3": 0.7605570530098839,
  "RR@5": 0.7684411500449246,
  "RR@10": 0.7750401103837767,
  "RR@100": 0.7782205919429211,
  "P@1": 0.6933962264150944,
  "P@3": 0.2913297394429426,
  "P@5": 0.18328840970349985,
  "P@10": 0.09757412398921599,
  "P@100": 0.010498652291104934,
  "R@1": 0.6737421383647798,
  "R@3": 0.8323225516621742,
  "R@5": 0.8692160826594788,
  "R@10": 0.9193059299191375,
  "R@100": 0.9873090745732254,
  "AP": 0.7730763543514679
}