{
  "nDCG@1": 0.6866576819407008,
  "nDCG@1_std": 0.4640086134178743,
  "nDCG@1_stderr": 0.0120450634474943,
  "nDCG@1_ci90_low": 0.6668329316661891,
  "nDCG@1_ci90_high": 0.7064824322152125,
  "nDCG@1_ci95_low": 0.6630305081176127,
  "nDCG@1_ci95_high": 0.7102848557637889,
  "nDCG@3": 0.7696976538275969,
  "nDCG@3_std": 0.37179340119926313,
  "nDCG@3_stderr": 0.009651275811063032,
  "nDCG@3_ci90_low": 0.7538127949707877,
  "nDCG@3_ci90_high": 0.7855825126844062,
  "nDCG@3_ci95_low": 0.7507660498392436,
  "nDCG@3_ci95_high": 0.7886292578159503,
  "nDCG@5": 0.7840101262054909,
  "nDCG@5_std": 0.3507990129510015,
  "nDCG@5_stderr": 0.0091062886466461,
  "nDCG@5_ci90_low": 0.7690222517842121,
  "nDCG@5_ci90_high": 0.7989980006267697,
  "nDCG@5_ci95_low": 0.7661475499164238,
  "nDCG@5_ci95_high": 0.8018727024945581,
  "nDCG@10": 0.8015520090474051,
  "nDCG@10_std": 0.32099717939875294,
  "nDCG@10_stderr": 0.008332671593841039,
  "nDCG@10_ci90_low": 0.7878374168256613,
  "nDCG@10_ci90_high": 0.8152666012691488,
  "nDCG@10_ci95_low": 0.7852069328245523,
  "nDCG@10_ci95_high": 0.8178970852702578,
  "nDCG@100": 0.8177547767926979,
  "nDCG@100_std": 0.28460591295841126,
  "nDCG@100_stderr": 0.007388001386148511,
  "nDCG@100_ci90_low": 0.8055950000387939,
  "nDCG@100_ci90_high": 0.8299145535466019,
  "nDCG@100_ci95_low": 0.8032627325027976,
  "nDCG@100_ci95_high": 0.8322468210825983,
  "RR@1": 0.6866576819407008,
  "RR@3": 0.7550539083557959,
  "RR@5": 0.7622978436657692,
  "RR@10": 0.7689433320498018,
  "RR@100": 0.7722553034576775,
  "P@1": 0.6866576819407008,
  "P@3": 0.2895327942497711,
  "P@5": 0.18153638814015757,
  "P@10": 0.09690026954177669,
  "P@100": 0.010478436657681754,
  "R@1": 0.667340521114106,
  "R@3": 0.827717879604672,
  "R@5": 0.8618036837376459,
  "R@10": 0.9129043126684636,
  "R@100": 0.9852875112309074,
  "AP": 0.7666968791992708
}