{
  "nDCG@1": 0.7068733153638814,
  "nDCG@1_std": 0.4553494817109852,
  "nDCG@1_stderr": 0.01182028358825544,
  "nDCG@1_ci90_low": 0.6874185261606066,
  "nDCG@1_ci90_high": 0.7263281045671562,
  "nDCG@1_ci95_low": 0.6836870618256317,
  "nDCG@1_ci95_high": 0.7300595689021312,
  "nDCG@3": 0.7901069855781278,
  "nDCG@3_std": 0.3565226622817275,
  "nDCG@3_stderr": 0.009254867180203873,
  "nDCG@3_ci90_low": 0.7748745684579437,
  "nDCG@3_ci90_high": 0.8053394026983118,
  "nDCG@3_ci95_low": 0.7719529628509366,
  "nDCG@3_ci95_high": 0.8082610083053189,
  "nDCG@5": 0.8066512870213995,
  "nDCG@5_std": 0.33017200012931514,
  "nDCG@5_stderr": 0.008570838073133276,
  "nDCG@5_ci90_low": 0.7925447009345914,
  "nDCG@5_ci90_high": 0.8207578731082077,
  "nDCG@5_ci95_low": 0.7898390317895196,
  "nDCG@5_ci95_high": 0.8234635422532794,
  "nDCG@10": 0.820122595444969,
  "nDCG@10_std": 0.3041326435923634,
  "nDCG@10_stderr": 0.007894890057191926,
  "nDCG@10_ci90_low": 0.807128539871014,
  "nDCG@10_ci90_high": 0.8331166510189241,
  "nDCG@10_ci95_low": 0.8046362561235894,
  "nDCG@10_ci95_high": 0.8356089347663487,
  "nDCG@100": 0.8341132267359854,
  "nDCG@100_std": 0.2704497615119438,
  "nDCG@100_stderr": 0.0070205260044114036,
  "nDCG@100_ci90_low": 0.8225582710116032,
  "nDCG@100_ci90_high": 0.8456681824603677,
  "nDCG@100_ci95_low": 0.8203420092609753,
  "nDCG@100_ci95_high": 0.8478844442109955,
  "RR@1": 0.7068733153638814,
  "RR@3": 0.7744833782569637,
  "RR@5": 0.7825022461814924,
  "RR@10": 0.7878444144953586,
  "RR@100": 0.7907280160505941,
  "P@1": 0.7068733153638814,
  "P@3": 0.2973944294698966,
  "P@5": 0.18760107816711155,
  "P@10": 0.09851752021563102,
  "P@100": 0.010525606469002507,
  "R@1": 0.6868823000898473,
  "R@3": 0.849168912848158,
  "R@5": 0.88875786163522,
  "R@10": 0.9289083557951483,
  "R@100": 0.9900044923629828,
  "AP": 0.7858314195607432
}