nDCG@1,nDCG@1_std,nDCG@1_stderr,nDCG@1_ci90_low,nDCG@1_ci90_high,nDCG@1_ci95_low,nDCG@1_ci95_high,nDCG@3,nDCG@3_std,nDCG@3_stderr,nDCG@3_ci90_low,nDCG@3_ci90_high,nDCG@3_ci95_low,nDCG@3_ci95_high,nDCG@5,nDCG@5_std,nDCG@5_stderr,nDCG@5_ci90_low,nDCG@5_ci90_high,nDCG@5_ci95_low,nDCG@5_ci95_high,nDCG@10,nDCG@10_std,nDCG@10_stderr,nDCG@10_ci90_low,nDCG@10_ci90_high,nDCG@10_ci95_low,nDCG@10_ci95_high,nDCG@100,nDCG@100_std,nDCG@100_stderr,nDCG@100_ci90_low,nDCG@100_ci90_high,nDCG@100_ci95_low,nDCG@100_ci95_high,RR@1,RR@3,RR@5,RR@10,RR@100,P@1,P@3,P@5,P@10,P@100,R@1,R@3,R@5,R@10,R@100,AP
0.6866576819407008,0.4640086134178743,0.0120450634474943,0.6668329316661891,0.7064824322152125,0.6630305081176127,0.7102848557637889,0.7696976538275969,0.37179340119926313,0.009651275811063032,0.7538127949707877,0.7855825126844062,0.7507660498392436,0.7886292578159503,0.7840101262054909,0.3507990129510015,0.0091062886466461,0.7690222517842121,0.7989980006267697,0.7661475499164238,0.8018727024945581,0.8015520090474051,0.32099717939875294,0.008332671593841039,0.7878374168256613,0.8152666012691488,0.7852069328245523,0.8178970852702578,0.8177547767926979,0.28460591295841126,0.007388001386148511,0.8055950000387939,0.8299145535466019,0.8032627325027976,0.8322468210825983,0.6866576819407008,0.7550539083557959,0.7622978436657692,0.7689433320498018,0.7722553034576775,0.6866576819407008,0.2895327942497711,0.18153638814015757,0.09690026954177669,0.010478436657681754,0.667340521114106,0.827717879604672,0.8618036837376459,0.9129043126684636,0.9852875112309074,0.7666968791992708
