nDCG@1,nDCG@1_std,nDCG@1_stderr,nDCG@1_ci90_low,nDCG@1_ci90_high,nDCG@1_ci95_low,nDCG@1_ci95_high,nDCG@3,nDCG@3_std,nDCG@3_stderr,nDCG@3_ci90_low,nDCG@3_ci90_high,nDCG@3_ci95_low,nDCG@3_ci95_high,nDCG@5,nDCG@5_std,nDCG@5_stderr,nDCG@5_ci90_low,nDCG@5_ci90_high,nDCG@5_ci95_low,nDCG@5_ci95_high,nDCG@10,nDCG@10_std,nDCG@10_stderr,nDCG@10_ci90_low,nDCG@10_ci90_high,nDCG@10_ci95_low,nDCG@10_ci95_high,nDCG@100,nDCG@100_std,nDCG@100_stderr,nDCG@100_ci90_low,nDCG@100_ci90_high,nDCG@100_ci95_low,nDCG@100_ci95_high,RR@1,RR@3,RR@5,RR@10,RR@100,P@1,P@3,P@5,P@10,P@100,R@1,R@3,R@5,R@10,R@100,AP
0.7068733153638814,0.4553494817109852,0.01182028358825544,0.6874185261606066,0.7263281045671562,0.6836870618256317,0.7300595689021312,0.7901069855781278,0.3565226622817275,0.009254867180203873,0.7748745684579437,0.8053394026983118,0.7719529628509366,0.8082610083053189,0.8066512870213995,0.33017200012931514,0.008570838073133276,0.7925447009345914,0.8207578731082077,0.7898390317895196,0.8234635422532794,0.820122595444969,0.3041326435923634,0.007894890057191926,0.807128539871014,0.8331166510189241,0.8046362561235894,0.8356089347663487,0.8341132267359854,0.2704497615119438,0.0070205260044114036,0.8225582710116032,0.8456681824603677,0.8203420092609753,0.8478844442109955,0.7068733153638814,0.7744833782569637,0.7825022461814924,0.7878444144953586,0.7907280160505941,0.7068733153638814,0.2973944294698966,0.18760107816711155,0.09851752021563102,0.010525606469002507,0.6868823000898473,0.849168912848158,0.88875786163522,0.9289083557951483,0.9900044923629828,0.7858314195607432
