{
  "nDCG@1": 0.7183288409703504,
  "nDCG@1_std": 0.44996550068220237,
  "nDCG@1_stderr": 0.011680522404483206,
  "nDCG@1_ci90_low": 0.699104082150762,
  "nDCG@1_ci90_high": 0.7375535997899388,
  "nDCG@1_ci95_low": 0.6954167380662672,
  "nDCG@1_ci95_high": 0.7412409438744336,
  "nDCG@3": 0.798036731104648,
  "nDCG@3_std": 0.35221840204036636,
  "nDCG@3_stderr": 0.009143134151543407,
  "nDCG@3_ci90_low": 0.7829882133387732,
  "nDCG@3_ci90_high": 0.8130852488705228,
  "nDCG@3_ci95_low": 0.7801018799660042,
  "nDCG@3_ci95_high": 0.8159715822432918,
  "nDCG@5": 0.8133770023006321,
  "nDCG@5_std": 0.32670492073105045,
  "nDCG@5_stderr": 0.00848083717633529,
  "nDCG@5_ci90_low": 0.7994185470486079,
  "nDCG@5_ci90_high": 0.8273354575526564,
  "nDCG@5_ci95_low": 0.7967412896699722,
  "nDCG@5_ci95_high": 0.8300127149312921,
  "nDCG@10": 0.8266344456480959,
  "nDCG@10_std": 0.30114554713620817,
  "nDCG@10_stderr": 0.007817348896752794,
  "nDCG@10_ci90_low": 0.8137680136560673,
  "nDCG@10_ci90_high": 0.8395008776401244,
  "nDCG@10_ci95_low": 0.8113002083462801,
  "nDCG@10_ci95_high": 0.8419686829499116,
  "nDCG@100": 0.8407282551330701,
  "nDCG@100_std": 0.26675432090665036,
  "nDCG@100_stderr": 0.00692459714604532,
  "nDCG@100_ci90_low": 0.8293311869673144,
  "nDCG@100_ci90_high": 0.8521253232988258,
  "nDCG@100_ci95_low": 0.8271452083406925,
  "nDCG@100_ci95_high": 0.8543113019254478,
  "RR@1": 0.7183288409703504,
  "RR@3": 0.7827942497753823,
  "RR@5": 0.790610961365679,
  "RR@10": 0.7958242416463447,
  "RR@100": 0.7988029542449359,
  "P@1": 0.7183288409703504,
  "P@3": 0.29941599281221454,
  "P@5": 0.1878706199460872,
  "P@10": 0.09865229110511889,
  "P@100": 0.0105323450134769,
  "R@1": 0.6983378256963164,
  "R@3": 0.8548966756513925,
  "R@5": 0.8917902066486971,
  "R@10": 0.9305929919137467,
  "R@100": 0.9906783468104222,
  "AP": 0.79414036457782
}