nDCG@1,nDCG@1_std,nDCG@1_stderr,nDCG@1_ci90_low,nDCG@1_ci90_high,nDCG@1_ci95_low,nDCG@1_ci95_high,nDCG@3,nDCG@3_std,nDCG@3_stderr,nDCG@3_ci90_low,nDCG@3_ci90_high,nDCG@3_ci95_low,nDCG@3_ci95_high,nDCG@5,nDCG@5_std,nDCG@5_stderr,nDCG@5_ci90_low,nDCG@5_ci90_high,nDCG@5_ci95_low,nDCG@5_ci95_high,nDCG@10,nDCG@10_std,nDCG@10_stderr,nDCG@10_ci90_low,nDCG@10_ci90_high,nDCG@10_ci95_low,nDCG@10_ci95_high,nDCG@100,nDCG@100_std,nDCG@100_stderr,nDCG@100_ci90_low,nDCG@100_ci90_high,nDCG@100_ci95_low,nDCG@100_ci95_high,RR@1,RR@3,RR@5,RR@10,RR@100,P@1,P@3,P@5,P@10,P@100,R@1,R@3,R@5,R@10,R@100,AP
0.6704851752021563,0.4701954735287672,0.012205666333780302,0.65039609156586,0.6905742588384527,0.6465429683925413,0.6944273820117713,0.7516916407148426,0.38421530337715504,0.00997373232489617,0.7352760565622308,0.7681072248674544,0.7321275173432636,0.7712557640864216,0.7720254833478732,0.35556986120134776,0.00923013369652675,0.7568337746174336,0.7872171920783129,0.7539199769544181,0.7901309897413283,0.7881665670677411,0.3280407229602905,0.008515512874456461,0.7741510397165251,0.8021820944189572,0.7714628358043427,0.8048702983311395,0.8066006013652408,0.28909694441638034,0.007504582754018969,0.7942489454639361,0.8189522572665455,0.7918798751547167,0.8213213275757649,0.6711590296495957,0.7373090745732264,0.7479222821203966,0.7542519680828316,0.758087698036911,0.6704851752021563,0.2834681042228172,0.1809973045822062,0.09595687331536162,0.01049191374663054,0.6515049415992812,0.8102538185085354,0.859220575022462,0.9076257861635221,0.9873090745732254,0.751555403206269
