nDCG@1,nDCG@1_std,nDCG@1_stderr,nDCG@1_ci90_low,nDCG@1_ci90_high,nDCG@1_ci95_low,nDCG@1_ci95_high,nDCG@3,nDCG@3_std,nDCG@3_stderr,nDCG@3_ci90_low,nDCG@3_ci90_high,nDCG@3_ci95_low,nDCG@3_ci95_high,nDCG@5,nDCG@5_std,nDCG@5_stderr,nDCG@5_ci90_low,nDCG@5_ci90_high,nDCG@5_ci95_low,nDCG@5_ci95_high,nDCG@10,nDCG@10_std,nDCG@10_stderr,nDCG@10_ci90_low,nDCG@10_ci90_high,nDCG@10_ci95_low,nDCG@10_ci95_high,nDCG@100,nDCG@100_std,nDCG@100_stderr,nDCG@100_ci90_low,nDCG@100_ci90_high,nDCG@100_ci95_low,nDCG@100_ci95_high,RR@1,RR@3,RR@5,RR@10,RR@100,P@1,P@3,P@5,P@10,P@100,R@1,R@3,R@5,R@10,R@100,AP
0.7183288409703504,0.44996550068220237,0.011680522404483206,0.699104082150762,0.7375535997899388,0.6954167380662672,0.7412409438744336,0.798036731104648,0.35221840204036636,0.009143134151543407,0.7829882133387732,0.8130852488705228,0.7801018799660042,0.8159715822432918,0.8133770023006321,0.32670492073105045,0.00848083717633529,0.7994185470486079,0.8273354575526564,0.7967412896699722,0.8300127149312921,0.8266344456480959,0.30114554713620817,0.007817348896752794,0.8137680136560673,0.8395008776401244,0.8113002083462801,0.8419686829499116,0.8407282551330701,0.26675432090665036,0.00692459714604532,0.8293311869673144,0.8521253232988258,0.8271452083406925,0.8543113019254478,0.7183288409703504,0.7827942497753823,0.790610961365679,0.7958242416463447,0.7988029542449359,0.7183288409703504,0.29941599281221454,0.1878706199460872,0.09865229110511889,0.0105323450134769,0.6983378256963164,0.8548966756513925,0.8917902066486971,0.9305929919137467,0.9906783468104222,0.79414036457782
