{
  "nDCG@1": 0.15431266846361186,
  "nDCG@1_std": 0.3613699853325957,
  "nDCG@1_stderr": 0.00938069741699223,
  "nDCG@1_ci90_low": 0.1388731496513374,
  "nDCG@1_ci90_high": 0.1697521872758863,
  "nDCG@1_ci95_low": 0.1359118215590506,
  "nDCG@1_ci95_high": 0.17271351536817312,
  "nDCG@3": 0.2231248224700233,
  "nDCG@3_std": 0.3762602314785574,
  "nDCG@3_stderr": 0.009767228947637319,
  "nDCG@3_ci90_low": 0.20704911846024723,
  "nDCG@3_ci90_high": 0.23920052647979936,
  "nDCG@3_ci95_low": 0.2039657688775134,
  "nDCG@3_ci95_high": 0.2422838760625332,
  "nDCG@5": 0.25784073527227375,
  "nDCG@5_std": 0.3732036636191115,
  "nDCG@5_stderr": 0.009687884399424284,
  "nDCG@5_ci90_low": 0.24189562300747472,
  "nDCG@5_ci90_high": 0.2737858475370728,
  "nDCG@5_ci95_low": 0.23883732116150802,
  "nDCG@5_ci95_high": 0.2768441493830395,
  "nDCG@10": 0.29196889515542346,
  "nDCG@10_std": 0.363035428314643,
  "nDCG@10_stderr": 0.009423930162693177,
  "nDCG@10_ci90_low": 0.27645822035539197,
  "nDCG@10_ci90_high": 0.30747956995545495,
  "nDCG@10_ci95_low": 0.2734832444138398,
  "nDCG@10_ci95_high": 0.3104545458970071,
  "nDCG@100": 0.35438051961779515,
  "nDCG@100_std": 0.324866296143264,
  "nDCG@100_stderr": 0.008433108860145465,
  "nDCG@100_ci90_low": 0.3405006195310144,
  "nDCG@100_ci90_high": 0.3682604197045759,
  "nDCG@100_ci95_low": 0.3378384291774886,
  "nDCG@100_ci95_high": 0.37092261005810173,
  "RR@1": 0.15498652291105122,
  "RR@3": 0.2090071877807727,
  "RR@5": 0.2281446540880499,
  "RR@10": 0.24251834381551332,
  "RR@100": 0.25417218616028076,
  "P@1": 0.15431266846361186,
  "P@3": 0.09411500449236272,
  "P@5": 0.0737196765498659,
  "P@10": 0.047911051212938156,
  "P@100": 0.00799191374663059,
  "R@1": 0.1504941599281222,
  "R@3": 0.2745956873315364,
  "R@5": 0.35860287511230915,
  "R@10": 0.46254492362982935,
  "R@100": 0.7621293800539084,
  "AP": 0.24909807227395683
}