nDCG@1,nDCG@3,nDCG@5,nDCG@10,nDCG@100,RR@1,RR@3,RR@5,RR@10,RR@100,P@1,P@3,P@5,P@10,P@100,R@1,R@3,R@5,R@10,R@100,AP
0.14016172506738545,0.19395405301837956,0.22652293950266808,0.2576375319894542,0.32199065336831156,0.14016172506738545,0.18250224618149163,0.2007637017070978,0.21383219954648497,0.22623062170800753,0.14016172506738545,0.08041329739442907,0.06455525606469056,0.04231805929919179,0.007452830188679119,0.13746630727762804,0.2336028751123091,0.31221922731356694,0.4082434860736747,0.7149595687331537,0.22213084439415992
