{
  "nDCG@1": 0.15161725067385445,
  "nDCG@1_std": 0.3587703944768248,
  "nDCG@1_stderr": 0.009313215400732572,
  "nDCG@1_ci90_low": 0.13628879928154006,
  "nDCG@1_ci90_high": 0.16694570206616885,
  "nDCG@1_ci95_low": 0.1333487741245885,
  "nDCG@1_ci95_high": 0.1698857272231204,
  "nDCG@3": 0.22553669922794828,
  "nDCG@3_std": 0.37514435185862643,
  "nDCG@3_stderr": 0.009738262156002075,
  "nDCG@3_ci90_low": 0.20950867113228638,
  "nDCG@3_ci90_high": 0.24156472732361017,
  "nDCG@3_ci95_low": 0.2064344658775273,
  "nDCG@3_ci95_high": 0.24463893257836924,
  "nDCG@5": 0.2549367289645111,
  "nDCG@5_std": 0.3723152919275137,
  "nDCG@5_stderr": 0.009664823419345847,
  "nDCG@5_ci90_low": 0.23902957234628322,
  "nDCG@5_ci90_high": 0.2708438855827389,
  "nDCG@5_ci95_low": 0.23597855046310676,
  "nDCG@5_ci95_high": 0.27389490746591544,
  "nDCG@10": 0.28757719511552793,
  "nDCG@10_std": 0.3631321307502057,
  "nDCG@10_stderr": 0.009426440432843767,
  "nDCG@10_ci90_low": 0.27206238870763283,
  "nDCG@10_ci90_high": 0.303092001523423,
  "nDCG@10_ci95_low": 0.26908662031609687,
  "nDCG@10_ci95_high": 0.306067769914959,
  "nDCG@100": 0.3522833841164881,
  "nDCG@100_std": 0.323971679431986,
  "nDCG@100_stderr": 0.008409885767433546,
  "nDCG@100_ci90_low": 0.33844170649450567,
  "nDCG@100_ci90_high": 0.3661250617384705,
  "nDCG@100_ci95_low": 0.3357868472799965,
  "nDCG@100_ci95_high": 0.3687799209529796,
  "RR@1": 0.1522911051212938,
  "RR@3": 0.20889487870619947,
  "RR@5": 0.22510107816711553,
  "RR@10": 0.23907500106960985,
  "RR@100": 0.25113000496102666,
  "P@1": 0.15161725067385445,
  "P@3": 0.0963611859838273,
  "P@5": 0.07264150943396293,
  "P@10": 0.04676549865229132,
  "P@100": 0.00801212938005377,
  "R@1": 0.14813566936208447,
  "R@3": 0.2816711590296496,
  "R@5": 0.3536612758310871,
  "R@10": 0.4527740341419587,
  "R@100": 0.7639824797843666,
  "AP": 0.24677474581968836
}