{
  "nDCG@1": 0.13746630727762804,
  "nDCG@1_std": 0.3444550391299843,
  "nDCG@1_stderr": 0.008941607291658884,
  "nDCG@1_ci90_low": 0.12274947889539432,
  "nDCG@1_ci90_high": 0.15218313565986175,
  "nDCG@1_ci95_low": 0.11992676415618722,
  "nDCG@1_ci95_high": 0.15500585039906886,
  "nDCG@3": 0.20750962927385552,
  "nDCG@3_std": 0.3650440916649332,
  "nDCG@3_stderr": 0.009476072465226498,
  "nDCG@3_ci90_low": 0.19191313440895122,
  "nDCG@3_ci90_high": 0.22310612413875983,
  "nDCG@3_ci95_low": 0.1889216980211844,
  "nDCG@3_ci95_high": 0.22609756052652666,
  "nDCG@5": 0.23742226076973186,
  "nDCG@5_std": 0.3633932354886121,
  "nDCG@5_stderr": 0.009433218374135374,
  "nDCG@5_ci90_low": 0.22189629867186744,
  "nDCG@5_ci90_high": 0.2529482228675963,
  "nDCG@5_ci95_low": 0.21891839059848667,
  "nDCG@5_ci95_high": 0.25592613094097705,
  "nDCG@10": 0.27204627451595736,
  "nDCG@10_std": 0.3547985553273287,
  "nDCG@10_stderr": 0.009210111593657684,
  "nDCG@10_ci90_low": 0.25688751979950697,
  "nDCG@10_ci90_high": 0.28720502923240776,
  "nDCG@10_ci95_low": 0.2539800427769574,
  "nDCG@10_ci95_high": 0.2901125062549573,
  "nDCG@100": 0.33581651616523855,
  "nDCG@100_std": 0.31827384097281597,
  "nDCG@100_stderr": 0.008261977250717135,
  "nDCG@100_ci90_low": 0.3222182784736607,
  "nDCG@100_ci90_high": 0.3494147538568164,
  "nDCG@100_ci95_low": 0.3196101114853444,
  "nDCG@100_ci95_high": 0.3520229208451327,
  "RR@1": 0.13746630727762804,
  "RR@3": 0.19137466307277629,
  "RR@5": 0.2080862533692719,
  "RR@10": 0.22267600436400956,
  "RR@100": 0.23444983217670282,
  "P@1": 0.13746630727762804,
  "P@3": 0.08849955076370129,
  "P@5": 0.06805929919137527,
  "P@10": 0.04528301886792483,
  "P@100": 0.007843665768193935,
  "R@1": 0.1343216531895777,
  "R@3": 0.25943396226415094,
  "R@5": 0.33209793351302785,
  "R@10": 0.43794923629829297,
  "R@100": 0.7462938005390836,
  "AP": 0.2311900056595575
}