{
  "nDCG@1": 0.14016172506738545,
  "nDCG@1_std": 0.34727176847151325,
  "nDCG@1_stderr": 0.009014725942158115,
  "nDCG@1_ci90_low": 0.1253245520316864,
  "nDCG@1_ci90_high": 0.15499889810308448,
  "nDCG@1_ci95_low": 0.12247875496670241,
  "nDCG@1_ci95_high": 0.15784469516806848,
  "nDCG@3": 0.19395405301837956,
  "nDCG@3_std": 0.362461333224669,
  "nDCG@3_stderr": 0.009409027396702055,
  "nDCG@3_ci90_low": 0.17846790640912608,
  "nDCG@3_ci90_high": 0.20944019962763305,
  "nDCG@3_ci95_low": 0.1754976350196579,
  "nDCG@3_ci95_high": 0.21241047101710123,
  "nDCG@5": 0.22652293950266808,
  "nDCG@5_std": 0.3624596875221493,
  "nDCG@5_stderr": 0.009408984676393223,
  "nDCG@5_ci90_low": 0.21103686320599185,
  "nDCG@5_ci90_high": 0.2420090157993443,
  "nDCG@5_ci95_low": 0.20806660530260526,
  "nDCG@5_ci95_high": 0.2449792737027309,
  "nDCG@10": 0.2576375319894542,
  "nDCG@10_std": 0.3553022412355256,
  "nDCG@10_stderr": 0.009223186628358339,
  "nDCG@10_ci90_low": 0.2424572573118263,
  "nDCG@10_ci90_high": 0.2728178066670821,
  "nDCG@10_ci95_low": 0.23954565272116046,
  "nDCG@10_ci95_high": 0.27572941125774797,
  "nDCG@100": 0.32199065336831156,
  "nDCG@100_std": 0.3215047841008831,
  "nDCG@100_stderr": 0.008345848355363564,
  "nDCG@100_ci90_low": 0.3082543737550692,
  "nDCG@100_ci90_high": 0.3357269329815539,
  "nDCG@100_ci95_low": 0.3056197300724007,
  "nDCG@100_ci95_high": 0.33836157666422245,
  "RR@1": 0.14016172506738545,
  "RR@3": 0.18250224618149163,
  "RR@5": 0.2007637017070978,
  "RR@10": 0.21383219954648497,
  "RR@100": 0.22623062170800753,
  "P@1": 0.14016172506738545,
  "P@3": 0.08041329739442907,
  "P@5": 0.06455525606469056,
  "P@10": 0.04231805929919179,
  "P@100": 0.007452830188679119,
  "R@1": 0.13746630727762804,
  "R@3": 0.2336028751123091,
  "R@5": 0.31221922731356694,
  "R@10": 0.4082434860736747,
  "R@100": 0.7149595687331537,
  "AP": 0.22213084439415992
}