nDCG@1,nDCG@1_std,nDCG@1_stderr,nDCG@1_ci90_low,nDCG@1_ci90_high,nDCG@1_ci95_low,nDCG@1_ci95_high,nDCG@3,nDCG@3_std,nDCG@3_stderr,nDCG@3_ci90_low,nDCG@3_ci90_high,nDCG@3_ci95_low,nDCG@3_ci95_high,nDCG@5,nDCG@5_std,nDCG@5_stderr,nDCG@5_ci90_low,nDCG@5_ci90_high,nDCG@5_ci95_low,nDCG@5_ci95_high,nDCG@10,nDCG@10_std,nDCG@10_stderr,nDCG@10_ci90_low,nDCG@10_ci90_high,nDCG@10_ci95_low,nDCG@10_ci95_high,nDCG@100,nDCG@100_std,nDCG@100_stderr,nDCG@100_ci90_low,nDCG@100_ci90_high,nDCG@100_ci95_low,nDCG@100_ci95_high,RR@1,RR@3,RR@5,RR@10,RR@100,P@1,P@3,P@5,P@10,P@100,R@1,R@3,R@5,R@10,R@100,AP
0.15431266846361186,0.3613699853325957,0.00938069741699223,0.1388731496513374,0.1697521872758863,0.1359118215590506,0.17271351536817312,0.2231248224700233,0.3762602314785574,0.009767228947637319,0.20704911846024723,0.23920052647979936,0.2039657688775134,0.2422838760625332,0.25784073527227375,0.3732036636191115,0.009687884399424284,0.24189562300747472,0.2737858475370728,0.23883732116150802,0.2768441493830395,0.29196889515542346,0.363035428314643,0.009423930162693177,0.27645822035539197,0.30747956995545495,0.2734832444138398,0.3104545458970071,0.35438051961779515,0.324866296143264,0.008433108860145465,0.3405006195310144,0.3682604197045759,0.3378384291774886,0.37092261005810173,0.15498652291105122,0.2090071877807727,0.2281446540880499,0.24251834381551332,0.25417218616028076,0.15431266846361186,0.09411500449236272,0.0737196765498659,0.047911051212938156,0.00799191374663059,0.1504941599281222,0.2745956873315364,0.35860287511230915,0.46254492362982935,0.7621293800539084,0.24909807227395683
