{
  "nDCG@1": 0.14016172506738545,
  "nDCG@3": 0.21468461917407086,
  "nDCG@5": 0.24340686658427851,
  "nDCG@10": 0.27866166996425673,
  "nDCG@100": 0.3423387558742568,
  "RR@1": 0.14016172506738545,
  "RR@3": 0.19755166217430378,
  "RR@5": 0.21358939802336,
  "RR@10": 0.22845377144568468,
  "RR@100": 0.2401864098711539,
  "P@1": 0.14016172506738545,
  "P@3": 0.09186882300089816,
  "P@5": 0.06954177897574186,
  "P@10": 0.04615902964959594,
  "P@100": 0.007938005390835444,
  "R@1": 0.1370170709793351,
  "R@3": 0.2692048517520216,
  "R@5": 0.3391734052111411,
  "R@10": 0.44670934411500457,
  "R@100": 0.7547169811320755,
  "AP": 0.23696029980465655
}