{
  "nDCG@1": 0.14016172506738545,
  "nDCG@3": 0.19395405301837956,
  "nDCG@5": 0.22652293950266808,
  "nDCG@10": 0.2576375319894542,
  "nDCG@100": 0.32199065336831156,
  "RR@1": 0.14016172506738545,
  "RR@3": 0.18250224618149163,
  "RR@5": 0.2007637017070978,
  "RR@10": 0.21383219954648497,
  "RR@100": 0.22623062170800753,
  "P@1": 0.14016172506738545,
  "P@3": 0.08041329739442907,
  "P@5": 0.06455525606469056,
  "P@10": 0.04231805929919179,
  "P@100": 0.007452830188679119,
  "R@1": 0.13746630727762804,
  "R@3": 0.2336028751123091,
  "R@5": 0.31221922731356694,
  "R@10": 0.4082434860736747,
  "R@100": 0.7149595687331537,
  "AP": 0.22213084439415992
}