nDCG@1,nDCG@1_std,nDCG@1_stderr,nDCG@1_ci90_low,nDCG@1_ci90_high,nDCG@1_ci95_low,nDCG@1_ci95_high,nDCG@3,nDCG@3_std,nDCG@3_stderr,nDCG@3_ci90_low,nDCG@3_ci90_high,nDCG@3_ci95_low,nDCG@3_ci95_high,nDCG@5,nDCG@5_std,nDCG@5_stderr,nDCG@5_ci90_low,nDCG@5_ci90_high,nDCG@5_ci95_low,nDCG@5_ci95_high,nDCG@10,nDCG@10_std,nDCG@10_stderr,nDCG@10_ci90_low,nDCG@10_ci90_high,nDCG@10_ci95_low,nDCG@10_ci95_high,nDCG@100,nDCG@100_std,nDCG@100_stderr,nDCG@100_ci90_low,nDCG@100_ci90_high,nDCG@100_ci95_low,nDCG@100_ci95_high,RR@1,RR@3,RR@5,RR@10,RR@100,P@1,P@3,P@5,P@10,P@100,R@1,R@3,R@5,R@10,R@100,AP
0.1293800539083558,0.3357332427433082,0.00871520073838434,0.11503586394340784,0.14372424387330376,0.11228462193769656,0.14647548587901504,0.1842634085751486,0.35395260420103747,0.009188151796587106,0.16914079708823795,0.19938602006205927,0.16624025240356,0.20228656474673723,0.21187739393139118,0.3548264500344076,0.009210835704173952,0.19671744741464695,0.22703734044813542,0.19380974180261,0.22994504606017235,0.24268484048219577,0.34902308326951786,0.00906018780913321,0.2277728425886848,0.25759683837570674,0.22491269397841407,0.26045698698597747,0.3069801011246733,0.3175833941738687,0.008244054144852396,0.2934113627461925,0.32054883950315405,0.2908088537803599,0.32315134846898663,0.12870619946091644,0.17228212039532811,0.18778077268643295,0.20070326872887498,0.2132394256569813,0.1293800539083558,0.07704402515723234,0.06024258760107864,0.04009433962264189,0.007223719676549743,0.12702156334231807,0.2248427672955975,0.2914420485175202,0.38566936208445635,0.691711590296496,0.20957884549777203
