nDCG@1,nDCG@1_std,nDCG@1_stderr,nDCG@1_ci90_low,nDCG@1_ci90_high,nDCG@1_ci95_low,nDCG@1_ci95_high,nDCG@3,nDCG@3_std,nDCG@3_stderr,nDCG@3_ci90_low,nDCG@3_ci90_high,nDCG@3_ci95_low,nDCG@3_ci95_high,nDCG@5,nDCG@5_std,nDCG@5_stderr,nDCG@5_ci90_low,nDCG@5_ci90_high,nDCG@5_ci95_low,nDCG@5_ci95_high,nDCG@10,nDCG@10_std,nDCG@10_stderr,nDCG@10_ci90_low,nDCG@10_ci90_high,nDCG@10_ci95_low,nDCG@10_ci95_high,nDCG@100,nDCG@100_std,nDCG@100_stderr,nDCG@100_ci90_low,nDCG@100_ci90_high,nDCG@100_ci95_low,nDCG@100_ci95_high,RR@1,RR@3,RR@5,RR@10,RR@100,P@1,P@3,P@5,P@10,P@100,R@1,R@3,R@5,R@10,R@100,AP
0.14016172506738545,0.34727176847151325,0.009014725942158115,0.1253245520316864,0.15499889810308448,0.12247875496670241,0.15784469516806848,0.19395405301837956,0.362461333224669,0.009409027396702055,0.17846790640912608,0.20944019962763305,0.1754976350196579,0.21241047101710123,0.22652293950266808,0.3624596875221493,0.009408984676393223,0.21103686320599185,0.2420090157993443,0.20806660530260526,0.2449792737027309,0.2576375319894542,0.3553022412355256,0.009223186628358339,0.2424572573118263,0.2728178066670821,0.23954565272116046,0.27572941125774797,0.32199065336831156,0.3215047841008831,0.008345848355363564,0.3082543737550692,0.3357269329815539,0.3056197300724007,0.33836157666422245,0.14016172506738545,0.18250224618149163,0.2007637017070978,0.21383219954648497,0.22623062170800753,0.14016172506738545,0.08041329739442907,0.06455525606469056,0.04231805929919179,0.007452830188679119,0.13746630727762804,0.2336028751123091,0.31221922731356694,0.4082434860736747,0.7149595687331537,0.22213084439415992
