{
  "nDCG@1": 0.15161725067385445,
  "nDCG@3": 0.22553669922794828,
  "nDCG@5": 0.2549367289645111,
  "nDCG@10": 0.28757719511552793,
  "nDCG@100": 0.3522833841164881,
  "RR@1": 0.1522911051212938,
  "RR@3": 0.20889487870619947,
  "RR@5": 0.22510107816711553,
  "RR@10": 0.23907500106960985,
  "RR@100": 0.25113000496102666,
  "P@1": 0.15161725067385445,
  "P@3": 0.0963611859838273,
  "P@5": 0.07264150943396293,
  "P@10": 0.04676549865229132,
  "P@100": 0.00801212938005377,
  "R@1": 0.14813566936208447,
  "R@3": 0.2816711590296496,
  "R@5": 0.3536612758310871,
  "R@10": 0.4527740341419587,
  "R@100": 0.7639824797843666,
  "AP": 0.24677474581968836
}