nDCG@1,nDCG@3,nDCG@5,nDCG@10,nDCG@100,RR@1,RR@3,RR@5,RR@10,RR@100,P@1,P@3,P@5,P@10,P@100,R@1,R@3,R@5,R@10,R@100,AP
0.15161725067385445,0.22553669922794828,0.2549367289645111,0.28757719511552793,0.3522833841164881,0.1522911051212938,0.20889487870619947,0.22510107816711553,0.23907500106960985,0.25113000496102666,0.15161725067385445,0.0963611859838273,0.07264150943396293,0.04676549865229132,0.00801212938005377,0.14813566936208447,0.2816711590296496,0.3536612758310871,0.4527740341419587,0.7639824797843666,0.24677474581968836
