nDCG@1,nDCG@3,nDCG@5,nDCG@10,nDCG@100,RR@1,RR@3,RR@5,RR@10,RR@100,P@1,P@3,P@5,P@10,P@100,R@1,R@3,R@5,R@10,R@100,AP
0.13746630727762804,0.20750962927385552,0.23742226076973186,0.27204627451595736,0.33581651616523855,0.13746630727762804,0.19137466307277629,0.2080862533692719,0.22267600436400956,0.23444983217670282,0.13746630727762804,0.08849955076370129,0.06805929919137527,0.04528301886792483,0.007843665768193935,0.1343216531895777,0.25943396226415094,0.33209793351302785,0.43794923629829297,0.7462938005390836,0.2311900056595575
