nDCG@1,nDCG@1_std,nDCG@1_stderr,nDCG@1_ci90_low,nDCG@1_ci90_high,nDCG@1_ci95_low,nDCG@1_ci95_high,nDCG@3,nDCG@3_std,nDCG@3_stderr,nDCG@3_ci90_low,nDCG@3_ci90_high,nDCG@3_ci95_low,nDCG@3_ci95_high,nDCG@5,nDCG@5_std,nDCG@5_stderr,nDCG@5_ci90_low,nDCG@5_ci90_high,nDCG@5_ci95_low,nDCG@5_ci95_high,nDCG@10,nDCG@10_std,nDCG@10_stderr,nDCG@10_ci90_low,nDCG@10_ci90_high,nDCG@10_ci95_low,nDCG@10_ci95_high,nDCG@100,nDCG@100_std,nDCG@100_stderr,nDCG@100_ci90_low,nDCG@100_ci90_high,nDCG@100_ci95_low,nDCG@100_ci95_high,RR@1,RR@3,RR@5,RR@10,RR@100,P@1,P@3,P@5,P@10,P@100,R@1,R@3,R@5,R@10,R@100,AP
0.6004043126684636,0.48998036030136066,0.012719256404279193,0.5794699205009592,0.621338704835968,0.5754546655973353,0.625353959739592,0.690132953262959,0.413281666181736,0.010728257508362472,0.6724755098703976,0.7077903966555203,0.6690887797661675,0.7111771267597504,0.7087595542740819,0.3922239356167038,0.010181626059330233,0.6920018016151142,0.7255173069330496,0.6887876338475836,0.7287314747005802,0.7308341916825922,0.3615418709832916,0.009385159346164398,0.715387329062461,0.7462810543027234,0.7124245924143264,0.749243790950858,0.7526999150456639,0.32311554519730135,0.008387661630040084,0.7388948157261381,0.7665050143651897,0.736246972297286,0.7691528577940419,0.5990566037735849,0.6744159928122199,0.6839847259658589,0.6922306186625597,0.696577114708927,0.6004043126684636,0.26257861635219826,0.16792452830188329,0.09144204851751814,0.010229110512129196,0.5840633423180593,0.7534254267744834,0.7972259658580414,0.864274483378257,0.9631626235399822,0.6900097795171845
