{
  "nDCG@1": 0.5626684636118598,
  "nDCG@1_std": 0.49622433700828317,
  "nDCG@1_stderr": 0.012881341963522523,
  "nDCG@1_ci90_low": 0.5414672977781884,
  "nDCG@1_ci90_high": 0.5838696294455313,
  "nDCG@1_ci95_low": 0.5374008751949554,
  "nDCG@1_ci95_high": 0.5879360520287643,
  "nDCG@3": 0.6419995137619035,
  "nDCG@3_std": 0.43604278997618956,
  "nDCG@3_stderr": 0.011319106842431977,
  "nDCG@3_ci90_low": 0.6233696022251227,
  "nDCG@3_ci90_high": 0.6606294252986842,
  "nDCG@3_ci95_low": 0.6197963509430409,
  "nDCG@3_ci95_high": 0.664202676580766,
  "nDCG@5": 0.6603782899425448,
  "nDCG@5_std": 0.41810810042271745,
  "nDCG@5_stderr": 0.010853545498664121,
  "nDCG@5_ci90_low": 0.642514637331497,
  "nDCG@5_ci90_high": 0.6782419425535925,
  "nDCG@5_ci95_low": 0.6390883559200653,
  "nDCG@5_ci95_high": 0.6816682239650242,
  "nDCG@10": 0.6856041385370419,
  "nDCG@10_std": 0.38851312990916836,
  "nDCG@10_stderr": 0.010085298342783437,
  "nDCG@10_ci90_low": 0.6690049299101068,
  "nDCG@10_ci90_high": 0.702203347163977,
  "nDCG@10_ci95_low": 0.6658211711793882,
  "nDCG@10_ci95_high": 0.7053871058946957,
  "nDCG@100": 0.7116183133671679,
  "nDCG@100_std": 0.34946003338390413,
  "nDCG@100_stderr": 0.009071530468943777,
  "nDCG@100_ci90_low": 0.6966876467967194,
  "nDCG@100_ci90_high": 0.7265489799376164,
  "nDCG@100_ci95_low": 0.6938239174998915,
  "nDCG@100_ci95_high": 0.7294127092344442,
  "RR@1": 0.5626684636118598,
  "RR@3": 0.6305031446540885,
  "RR@5": 0.6405098831985632,
  "RR@10": 0.6501631155606898,
  "RR@100": 0.6547829231546697,
  "P@1": 0.5626684636118598,
  "P@3": 0.2432614555256044,
  "P@5": 0.15579514824797558,
  "P@10": 0.0862533692722354,
  "P@100": 0.009959568733153462,
  "R@1": 0.548012129380054,
  "R@3": 0.6975516621743038,
  "R@5": 0.7405098831985624,
  "R@10": 0.8167677448337827,
  "R@100": 0.9365453728661277,
  "AP": 0.6459474761013404
}