{
  "nDCG@1": 0.6132075471698113,
  "nDCG@1_std": 0.48717962453772073,
  "nDCG@1_stderr": 0.012646552926375587,
  "nDCG@1_ci90_low": 0.5923928163307681,
  "nDCG@1_ci90_high": 0.6340222780088545,
  "nDCG@1_ci95_low": 0.5884005126899291,
  "nDCG@1_ci95_high": 0.6380145816496935,
  "nDCG@3": 0.6915746658571664,
  "nDCG@3_std": 0.416375342113258,
  "nDCG@3_stderr": 0.010808565334130374,
  "nDCG@3_ci90_low": 0.6737850452786668,
  "nDCG@3_ci90_high": 0.7093642864356661,
  "nDCG@3_ci95_low": 0.6703729633471786,
  "nDCG@3_ci95_high": 0.7127763683671543,
  "nDCG@5": 0.710556670125151,
  "nDCG@5_std": 0.39539757377802115,
  "nDCG@5_stderr": 0.010264009601159078,
  "nDCG@5_ci90_low": 0.6936633238970331,
  "nDCG@5_ci90_high": 0.7274500163532689,
  "nDCG@5_ci95_low": 0.6904231490336635,
  "nDCG@5_ci95_high": 0.7306901912166385,
  "nDCG@10": 0.732439408664629,
  "nDCG@10_std": 0.3650623895750304,
  "nDCG@10_stderr": 0.009476547455305786,
  "nDCG@10_ci90_low": 0.716842132022215,
  "nDCG@10_ci90_high": 0.7480366853070429,
  "nDCG@10_ci95_low": 0.7138505456880847,
  "nDCG@10_ci95_high": 0.7510282716411733,
  "nDCG@100": 0.7561400274940926,
  "nDCG@100_std": 0.32438122439695377,
  "nDCG@100_stderr": 0.008420517025011509,
  "nDCG@100_ci90_low": 0.7422808520791342,
  "nDCG@100_ci90_high": 0.769999202909051,
  "nDCG@100_ci95_low": 0.7396226367557642,
  "nDCG@100_ci95_high": 0.772657418232421,
  "RR@1": 0.6132075471698113,
  "RR@3": 0.6807053009883204,
  "RR@5": 0.6903751123090753,
  "RR@10": 0.6986857164249355,
  "RR@100": 0.7030954369319634,
  "P@1": 0.6132075471698113,
  "P@3": 0.26055705300988025,
  "P@5": 0.16671159029649255,
  "P@10": 0.09063342318059094,
  "P@100": 0.010262803234501164,
  "R@1": 0.5958557951482479,
  "R@3": 0.7466307277628033,
  "R@5": 0.79161051212938,
  "R@10": 0.8577044025157232,
  "R@100": 0.9658580413297395,
  "AP": 0.694229069796726
}