nDCG@1,nDCG@1_std,nDCG@1_stderr,nDCG@1_ci90_low,nDCG@1_ci90_high,nDCG@1_ci95_low,nDCG@1_ci95_high,nDCG@3,nDCG@3_std,nDCG@3_stderr,nDCG@3_ci90_low,nDCG@3_ci90_high,nDCG@3_ci95_low,nDCG@3_ci95_high,nDCG@5,nDCG@5_std,nDCG@5_stderr,nDCG@5_ci90_low,nDCG@5_ci90_high,nDCG@5_ci95_low,nDCG@5_ci95_high,nDCG@10,nDCG@10_std,nDCG@10_stderr,nDCG@10_ci90_low,nDCG@10_ci90_high,nDCG@10_ci95_low,nDCG@10_ci95_high,nDCG@100,nDCG@100_std,nDCG@100_stderr,nDCG@100_ci90_low,nDCG@100_ci90_high,nDCG@100_ci95_low,nDCG@100_ci95_high,RR@1,RR@3,RR@5,RR@10,RR@100,P@1,P@3,P@5,P@10,P@100,R@1,R@3,R@5,R@10,R@100,AP
0.6132075471698113,0.48717962453772073,0.012646552926375587,0.5923928163307681,0.6340222780088545,0.5884005126899291,0.6380145816496935,0.6915746658571664,0.416375342113258,0.010808565334130374,0.6737850452786668,0.7093642864356661,0.6703729633471786,0.7127763683671543,0.710556670125151,0.39539757377802115,0.010264009601159078,0.6936633238970331,0.7274500163532689,0.6904231490336635,0.7306901912166385,0.732439408664629,0.3650623895750304,0.009476547455305786,0.716842132022215,0.7480366853070429,0.7138505456880847,0.7510282716411733,0.7561400274940926,0.32438122439695377,0.008420517025011509,0.7422808520791342,0.769999202909051,0.7396226367557642,0.772657418232421,0.6132075471698113,0.6807053009883204,0.6903751123090753,0.6986857164249355,0.7030954369319634,0.6132075471698113,0.26055705300988025,0.16671159029649255,0.09063342318059094,0.010262803234501164,0.5958557951482479,0.7466307277628033,0.79161051212938,0.8577044025157232,0.9658580413297395,0.694229069796726
