nDCG@1,nDCG@1_std,nDCG@1_stderr,nDCG@1_ci90_low,nDCG@1_ci90_high,nDCG@1_ci95_low,nDCG@1_ci95_high,nDCG@3,nDCG@3_std,nDCG@3_stderr,nDCG@3_ci90_low,nDCG@3_ci90_high,nDCG@3_ci95_low,nDCG@3_ci95_high,nDCG@5,nDCG@5_std,nDCG@5_stderr,nDCG@5_ci90_low,nDCG@5_ci90_high,nDCG@5_ci95_low,nDCG@5_ci95_high,nDCG@10,nDCG@10_std,nDCG@10_stderr,nDCG@10_ci90_low,nDCG@10_ci90_high,nDCG@10_ci95_low,nDCG@10_ci95_high,nDCG@100,nDCG@100_std,nDCG@100_stderr,nDCG@100_ci90_low,nDCG@100_ci90_high,nDCG@100_ci95_low,nDCG@100_ci95_high,RR@1,RR@3,RR@5,RR@10,RR@100,P@1,P@3,P@5,P@10,P@100,R@1,R@3,R@5,R@10,R@100,AP
0.511455525606469,0.5000372582643436,0.012980320467630996,0.4900914528578569,0.5328195983550811,0.4859937844288494,0.5369172667840886,0.5938201784181821,0.4488940731677452,0.011652709532010933,0.5746411962982004,0.6129991605381638,0.5709626322688464,0.6166777245675179,0.6188284894912629,0.4272607003468505,0.011091135154562237,0.6005737923982564,0.6370831865842694,0.5970725079362865,0.6405844710462393,0.6419726103825876,0.40273850568255576,0.010454570698511433,0.6247656231194086,0.6591795976457665,0.6214652913289151,0.66247992943626,0.675510045785312,0.3563749763414377,0.00925103344421352,0.6602839385412825,0.6907361530293415,0.657363543180122,0.6936565483905021,0.511455525606469,0.5798517520215638,0.5930592991913756,0.6020215633423187,0.6087761041180955,0.511455525606469,0.22753818508535364,0.1497304582210217,0.08254716981131908,0.0099191374663071,0.49713611859838275,0.6521787960467206,0.712151841868823,0.782064240790656,0.9335130278526506,0.6020349787913726
