{
  "nDCG@1": 0.6159029649595688,
  "nDCG@1_std": 0.4865449841443832,
  "nDCG@1_stderr": 0.0126300784826195,
  "nDCG@1_ci90_low": 0.5951153491070759,
  "nDCG@1_ci90_high": 0.6366905808120616,
  "nDCG@1_ci95_low": 0.5911282461705055,
  "nDCG@1_ci95_high": 0.640677683748632,
  "nDCG@3": 0.700815124278939,
  "nDCG@3_std": 0.4098885134036423,
  "nDCG@3_stderr": 0.010640175651006145,
  "nDCG@3_ci90_low": 0.6833026532091401,
  "nDCG@3_ci90_high": 0.7183275953487379,
  "nDCG@3_ci95_low": 0.6799437290629338,
  "nDCG@3_ci95_high": 0.7216865194949442,
  "nDCG@5": 0.7225312217692424,
  "nDCG@5_std": 0.3843824378339332,
  "nDCG@5_stderr": 0.00997807091921951,
  "nDCG@5_ci90_low": 0.7061084968033524,
  "nDCG@5_ci90_high": 0.7389539467351325,
  "nDCG@5_ci95_low": 0.7029585879632708,
  "nDCG@5_ci95_high": 0.7421038555752141,
  "nDCG@10": 0.7432487038191532,
  "nDCG@10_std": 0.3545953134473035,
  "nDCG@10_stderr": 0.009204835697328823,
  "nDCG@10_ci90_low": 0.7280986326042592,
  "nDCG@10_ci90_high": 0.7583987750340472,
  "nDCG@10_ci95_low": 0.725192821093272,
  "nDCG@10_ci95_high": 0.7613045865450344,
  "nDCG@100": 0.7646502402122869,
  "nDCG@100_std": 0.3159901467704426,
  "nDCG@100_stderr": 0.008202695502993436,
  "nDCG@100_ci90_low": 0.7511495732682258,
  "nDCG@100_ci90_high": 0.7781509071563479,
  "nDCG@100_ci95_low": 0.7485601205286578,
  "nDCG@100_ci95_high": 0.780740359895916,
  "RR@1": 0.6159029649595688,
  "RR@3": 0.6880053908355801,
  "RR@5": 0.6990902964959576,
  "RR@10": 0.706935620160014,
  "RR@100": 0.7109503014982689,
  "P@1": 0.6159029649595688,
  "P@3": 0.26527403414195544,
  "P@5": 0.17088948787061634,
  "P@10": 0.09231805929918925,
  "P@100": 0.010309973045821917,
  "R@1": 0.5992250673854448,
  "R@3": 0.7594901168014376,
  "R@5": 0.8106469002695418,
  "R@10": 0.8732030548068284,
  "R@100": 0.970575022461815,
  "AP": 0.7029766174631654
}