{
  "nDCG@1": 0.5431266846361186,
  "nDCG@1_std": 0.4983045375333143,
  "nDCG@1_stderr": 0.01293534127858469,
  "nDCG@1_ci90_low": 0.5218366423145175,
  "nDCG@1_ci90_high": 0.5644167269577196,
  "nDCG@1_ci95_low": 0.5177531730575087,
  "nDCG@1_ci95_high": 0.5685001962147285,
  "nDCG@3": 0.633091500227565,
  "nDCG@3_std": 0.43484764563978623,
  "nDCG@3_stderr": 0.011288082441279476,
  "nDCG@3_ci90_low": 0.6145126511868804,
  "nDCG@3_ci90_high": 0.6516703492682496,
  "nDCG@3_ci95_low": 0.6109491937854232,
  "nDCG@3_ci95_high": 0.6552338066697068,
  "nDCG@5": 0.6589757434650383,
  "nDCG@5_std": 0.4095013347328365,
  "nDCG@5_stderr": 0.010630124993495672,
  "nDCG@5_ci90_low": 0.6414798145891522,
  "nDCG@5_ci90_high": 0.6764716723409244,
  "nDCG@5_ci95_low": 0.6381240632661495,
  "nDCG@5_ci95_high": 0.6798274236639271,
  "nDCG@10": 0.6789928567171947,
  "nDCG@10_std": 0.38577348607587475,
  "nDCG@10_stderr": 0.010014180732374253,
  "nDCG@10_ci90_low": 0.6625106992683316,
  "nDCG@10_ci90_high": 0.6954750141660577,
  "nDCG@10_ci95_low": 0.6593493911687548,
  "nDCG@10_ci95_high": 0.6986363222656345,
  "nDCG@100": 0.7075191704397925,
  "nDCG@100_std": 0.3419910209987584,
  "nDCG@100_stderr": 0.008877644567976286,
  "nDCG@100_ci90_low": 0.692907617138044,
  "nDCG@100_ci90_high": 0.722130723741541,
  "nDCG@100_ci95_low": 0.6901050943528123,
  "nDCG@100_ci95_high": 0.7249332465267727,
  "RR@1": 0.5424528301886793,
  "RR@3": 0.6175876010781677,
  "RR@5": 0.6308288409703516,
  "RR@10": 0.6384187951910334,
  "RR@100": 0.6441903475869062,
  "P@1": 0.5431266846361186,
  "P@3": 0.2428122192273116,
  "P@5": 0.15929919137466003,
  "P@10": 0.08659029649595501,
  "P@100": 0.010080862533692543,
  "R@1": 0.5274595687331537,
  "R@3": 0.6963162623539981,
  "R@5": 0.7586477987421385,
  "R@10": 0.8194631626235401,
  "R@100": 0.9480008984725967,
  "AP": 0.6374031663264295
}