{
  "nDCG@1": 0.6004043126684636,
  "nDCG@1_std": 0.48998036030136066,
  "nDCG@1_stderr": 0.012719256404279193,
  "nDCG@1_ci90_low": 0.5794699205009592,
  "nDCG@1_ci90_high": 0.621338704835968,
  "nDCG@1_ci95_low": 0.5754546655973353,
  "nDCG@1_ci95_high": 0.625353959739592,
  "nDCG@3": 0.690132953262959,
  "nDCG@3_std": 0.413281666181736,
  "nDCG@3_stderr": 0.010728257508362472,
  "nDCG@3_ci90_low": 0.6724755098703976,
  "nDCG@3_ci90_high": 0.7077903966555203,
  "nDCG@3_ci95_low": 0.6690887797661675,
  "nDCG@3_ci95_high": 0.7111771267597504,
  "nDCG@5": 0.7087595542740819,
  "nDCG@5_std": 0.3922239356167038,
  "nDCG@5_stderr": 0.010181626059330233,
  "nDCG@5_ci90_low": 0.6920018016151142,
  "nDCG@5_ci90_high": 0.7255173069330496,
  "nDCG@5_ci95_low": 0.6887876338475836,
  "nDCG@5_ci95_high": 0.7287314747005802,
  "nDCG@10": 0.7308341916825922,
  "nDCG@10_std": 0.3615418709832916,
  "nDCG@10_stderr": 0.009385159346164398,
  "nDCG@10_ci90_low": 0.715387329062461,
  "nDCG@10_ci90_high": 0.7462810543027234,
  "nDCG@10_ci95_low": 0.7124245924143264,
  "nDCG@10_ci95_high": 0.749243790950858,
  "nDCG@100": 0.7526999150456639,
  "nDCG@100_std": 0.32311554519730135,
  "nDCG@100_stderr": 0.008387661630040084,
  "nDCG@100_ci90_low": 0.7388948157261381,
  "nDCG@100_ci90_high": 0.7665050143651897,
  "nDCG@100_ci95_low": 0.736246972297286,
  "nDCG@100_ci95_high": 0.7691528577940419,
  "RR@1": 0.5990566037735849,
  "RR@3": 0.6744159928122199,
  "RR@5": 0.6839847259658589,
  "RR@10": 0.6922306186625597,
  "RR@100": 0.696577114708927,
  "P@1": 0.6004043126684636,
  "P@3": 0.26257861635219826,
  "P@5": 0.16792452830188329,
  "P@10": 0.09144204851751814,
  "P@100": 0.010229110512129196,
  "R@1": 0.5840633423180593,
  "R@3": 0.7534254267744834,
  "R@5": 0.7972259658580414,
  "R@10": 0.864274483378257,
  "R@100": 0.9631626235399822,
  "AP": 0.6900097795171845
}