nDCG@1,nDCG@1_std,nDCG@1_stderr,nDCG@1_ci90_low,nDCG@1_ci90_high,nDCG@1_ci95_low,nDCG@1_ci95_high,nDCG@3,nDCG@3_std,nDCG@3_stderr,nDCG@3_ci90_low,nDCG@3_ci90_high,nDCG@3_ci95_low,nDCG@3_ci95_high,nDCG@5,nDCG@5_std,nDCG@5_stderr,nDCG@5_ci90_low,nDCG@5_ci90_high,nDCG@5_ci95_low,nDCG@5_ci95_high,nDCG@10,nDCG@10_std,nDCG@10_stderr,nDCG@10_ci90_low,nDCG@10_ci90_high,nDCG@10_ci95_low,nDCG@10_ci95_high,nDCG@100,nDCG@100_std,nDCG@100_stderr,nDCG@100_ci90_low,nDCG@100_ci90_high,nDCG@100_ci95_low,nDCG@100_ci95_high,RR@1,RR@3,RR@5,RR@10,RR@100,P@1,P@3,P@5,P@10,P@100,R@1,R@3,R@5,R@10,R@100,AP
0.6462264150943396,0.4783011546658006,0.01241607933206833,0.6257910165412515,0.6666618136474278,0.621871469530225,0.6705813606584543,0.7269164026805878,0.4001210526344316,0.010386625002841555,0.7098212459988545,0.744011559362321,0.7065423635194722,0.7472904418417033,0.7482571276622533,0.37243909828267646,0.009668037272192573,0.7323446814222327,0.7641695739022738,0.729292644979872,0.7672216103446345,0.7707527076070599,0.33662318273362357,0.008738302429469023,0.7563704949900381,0.7851349202240818,0.753611960169758,0.7878934550443619,0.7894447432001261,0.2990685910384173,0.007763433802825385,0.7766670490779974,0.8022224373222548,0.774216263854793,0.8046732225454593,0.6462264150943396,0.7121518418688231,0.7236073674752928,0.7324851324177472,0.736213919937433,0.6462264150943396,0.2742587601078132,0.17587601078166745,0.0954851752021541,0.010458221024258571,0.628762353998203,0.7847035040431267,0.835411051212938,0.9022911051212938,0.9842767295597483,0.7306183703222208
