nDCG@1,nDCG@1_std,nDCG@1_stderr,nDCG@1_ci90_low,nDCG@1_ci90_high,nDCG@1_ci95_low,nDCG@1_ci95_high,nDCG@3,nDCG@3_std,nDCG@3_stderr,nDCG@3_ci90_low,nDCG@3_ci90_high,nDCG@3_ci95_low,nDCG@3_ci95_high,nDCG@5,nDCG@5_std,nDCG@5_stderr,nDCG@5_ci90_low,nDCG@5_ci90_high,nDCG@5_ci95_low,nDCG@5_ci95_high,nDCG@10,nDCG@10_std,nDCG@10_stderr,nDCG@10_ci90_low,nDCG@10_ci90_high,nDCG@10_ci95_low,nDCG@10_ci95_high,nDCG@100,nDCG@100_std,nDCG@100_stderr,nDCG@100_ci90_low,nDCG@100_ci90_high,nDCG@100_ci95_low,nDCG@100_ci95_high,RR@1,RR@3,RR@5,RR@10,RR@100,P@1,P@3,P@5,P@10,P@100,R@1,R@3,R@5,R@10,R@100,AP
0.7149595687331537,0.4515858753489182,0.011722585235010291,0.6956655794678583,0.734253557998449,0.6919649568566033,0.7379541806097041,0.7872095137127169,0.3661788652397346,0.009505529719492409,0.7715645356901987,0.802854491735235,0.7685638001436698,0.805855227281764,0.8040319336435784,0.3384021316324828,0.008784481641959874,0.7895737155028417,0.8184901517843151,0.7868006026833841,0.8212632646037726,0.8200305354846728,0.30835774339446337,0.008004568183236664,0.8068559626831505,0.833205108286195,0.8043290553996146,0.8357320155697309,0.8336827102022067,0.27700362561202035,0.007190655839567254,0.8218477408846284,0.8455176795197851,0.819577772012047,0.8477876483923665,0.7136118598382749,0.7735849056603776,0.7823787061994618,0.7886190797073552,0.791263081038522,0.7149595687331537,0.2933513027852606,0.18504043126684208,0.09791105121293561,0.010478436657681754,0.6951931716082659,0.8379380053908356,0.8784254267744834,0.9256513926325246,0.9861859838274932,0.787007519527035
