{
  "nDCG@1": 0.6226415094339622,
  "nDCG@1_std": 0.48488915757472434,
  "nDCG@1_stderr": 0.012587095366546121,
  "nDCG@1_ci90_low": 0.6019246387083746,
  "nDCG@1_ci90_high": 0.6433583801595498,
  "nDCG@1_ci95_low": 0.5979511048172029,
  "nDCG@1_ci95_high": 0.6473319140507215,
  "nDCG@3": 0.6999963558764902,
  "nDCG@3_std": 0.41580072409735325,
  "nDCG@3_stderr": 0.01079364899365845,
  "nDCG@3_ci90_low": 0.682231285830759,
  "nDCG@3_ci90_high": 0.7177614259222215,
  "nDCG@3_ci95_low": 0.6788239127365896,
  "nDCG@3_ci95_high": 0.7211687990163909,
  "nDCG@5": 0.7263188910698334,
  "nDCG@5_std": 0.3835895231443083,
  "nDCG@5_stderr": 0.009957487879446536,
  "nDCG@5_ci90_low": 0.7099300433537535,
  "nDCG@5_ci90_high": 0.7427077387859132,
  "nDCG@5_ci95_low": 0.7067866322324655,
  "nDCG@5_ci95_high": 0.7458511499072012,
  "nDCG@10": 0.748925771096189,
  "nDCG@10_std": 0.3503097780142429,
  "nDCG@10_stderr": 0.009093588740472846,
  "nDCG@10_ci90_low": 0.7339587992188853,
  "nDCG@10_ci90_high": 0.7638927429734926,
  "nDCG@10_ci95_low": 0.7310881064974587,
  "nDCG@10_ci95_high": 0.7667634356949192,
  "nDCG@100": 0.7701276962184793,
  "nDCG@100_std": 0.3105965612558303,
  "nDCG@100_stderr": 0.008062684999191678,
  "nDCG@100_ci90_low": 0.7568574700093946,
  "nDCG@100_ci90_high": 0.783397922427564,
  "nDCG@100_ci95_low": 0.7543122162264386,
  "nDCG@100_ci95_high": 0.78594317621052,
  "RR@1": 0.6212938005390836,
  "RR@3": 0.6864330637915548,
  "RR@5": 0.7001123090745741,
  "RR@10": 0.708835247935653,
  "RR@100": 0.7130129809440673,
  "P@1": 0.6226415094339622,
  "P@3": 0.263477088948784,
  "P@5": 0.17169811320754366,
  "P@10": 0.093598382749324,
  "P@100": 0.010424528301886605,
  "R@1": 0.6055143755615453,
  "R@3": 0.7550539083557951,
  "R@5": 0.8182277628032345,
  "R@10": 0.8862870619946092,
  "R@100": 0.9809074573225516,
  "AP": 0.7074743918572839
}