nDCG@1,nDCG@1_std,nDCG@1_stderr,nDCG@1_ci90_low,nDCG@1_ci90_high,nDCG@1_ci95_low,nDCG@1_ci95_high,nDCG@3,nDCG@3_std,nDCG@3_stderr,nDCG@3_ci90_low,nDCG@3_ci90_high,nDCG@3_ci95_low,nDCG@3_ci95_high,nDCG@5,nDCG@5_std,nDCG@5_stderr,nDCG@5_ci90_low,nDCG@5_ci90_high,nDCG@5_ci95_low,nDCG@5_ci95_high,nDCG@10,nDCG@10_std,nDCG@10_stderr,nDCG@10_ci90_low,nDCG@10_ci90_high,nDCG@10_ci95_low,nDCG@10_ci95_high,nDCG@100,nDCG@100_std,nDCG@100_stderr,nDCG@100_ci90_low,nDCG@100_ci90_high,nDCG@100_ci95_low,nDCG@100_ci95_high,RR@1,RR@3,RR@5,RR@10,RR@100,P@1,P@3,P@5,P@10,P@100,R@1,R@3,R@5,R@10,R@100,AP
0.7001347708894878,0.4583531847526618,0.01189825583417546,0.6805516485885548,0.7197178931904209,0.6767955697295207,0.723473972049455,0.7720452270215687,0.37636476652115325,0.00976994254213566,0.7559650567560929,0.7881253972870446,0.7528808505373051,0.7912096035058324,0.7909887348935253,0.3474867449574168,0.009020306453677835,0.7761423769956821,0.8058350927913684,0.7732948182572533,0.8086826515297972,0.8076892763540149,0.31728913708800216,0.008236415611500549,0.7941331100982817,0.8212454426097481,0.7915330124887048,0.823845540219325,0.8220928194147986,0.28572361202477675,0.007417015408259892,0.809885289011001,0.8343003498185962,0.8075438622371646,0.8366417765924327,0.7014824797843666,0.7599955076370173,0.7703054806828399,0.7767349077995981,0.7793981356562045,0.7001347708894878,0.28773584905659955,0.18288409703503625,0.09710242587600844,0.010438005390835394,0.680256064690027,0.8228885893980232,0.8679806828391735,0.9182389937106917,0.9821428571428571,0.7730821261339953
