{
  "nDCG@1": 0.7210242587601078,
  "nDCG@1_std": 0.4486467575939729,
  "nDCG@1_stderr": 0.011646289539598079,
  "nDCG@1_ci90_low": 0.7018558431885634,
  "nDCG@1_ci90_high": 0.7401926743316521,
  "nDCG@1_ci95_low": 0.6981793058426252,
  "nDCG@1_ci95_high": 0.7438692116775903,
  "nDCG@3": 0.7993065722658561,
  "nDCG@3_std": 0.352083272570188,
  "nDCG@3_stderr": 0.00913962636527639,
  "nDCG@3_ci90_low": 0.7842638279014302,
  "nDCG@3_ci90_high": 0.814349316630282,
  "nDCG@3_ci95_low": 0.7813786018776729,
  "nDCG@3_ci95_high": 0.8172345426540393,
  "nDCG@5": 0.8133675698926025,
  "nDCG@5_std": 0.3284157628513891,
  "nDCG@5_stderr": 0.008525248424946244,
  "nDCG@5_ci90_low": 0.7993360189763729,
  "nDCG@5_ci90_high": 0.8273991208088322,
  "nDCG@5_ci95_low": 0.796644741714963,
  "nDCG@5_ci95_high": 0.830090398070242,
  "nDCG@10": 0.8296195300456568,
  "nDCG@10_std": 0.2961430484294606,
  "nDCG@10_stderr": 0.007687490500644705,
  "nDCG@10_ci90_low": 0.8169668296196856,
  "nDCG@10_ci90_high": 0.842272230471628,
  "nDCG@10_ci95_low": 0.8145400184171933,
  "nDCG@10_ci95_high": 0.8446990416741204,
  "nDCG@100": 0.841735518337661,
  "nDCG@100_std": 0.26715294968307973,
  "nDCG@100_stderr": 0.006934945033488015,
  "nDCG@100_ci90_low": 0.8303214187726674,
  "nDCG@100_ci90_high": 0.8531496179026546,
  "nDCG@100_ci95_low": 0.828132173492361,
  "nDCG@100_ci95_high": 0.855338863182961,
  "RR@1": 0.7210242587601078,
  "RR@3": 0.7847035040431267,
  "RR@5": 0.7920485175202161,
  "RR@10": 0.7982581397338814,
  "RR@100": 0.8007012226463865,
  "P@1": 0.7210242587601078,
  "P@3": 0.2991913746630681,
  "P@5": 0.18719676549864794,
  "P@10": 0.09912398921832638,
  "P@100": 0.010518867924528113,
  "R@1": 0.7005278526504942,
  "R@3": 0.8549528301886793,
  "R@5": 0.8885332434860737,
  "R@10": 0.9366015274034141,
  "R@100": 0.9897798742138366,
  "AP": 0.795857481650608
}