nDCG@1,nDCG@1_std,nDCG@1_stderr,nDCG@1_ci90_low,nDCG@1_ci90_high,nDCG@1_ci95_low,nDCG@1_ci95_high,nDCG@3,nDCG@3_std,nDCG@3_stderr,nDCG@3_ci90_low,nDCG@3_ci90_high,nDCG@3_ci95_low,nDCG@3_ci95_high,nDCG@5,nDCG@5_std,nDCG@5_stderr,nDCG@5_ci90_low,nDCG@5_ci90_high,nDCG@5_ci95_low,nDCG@5_ci95_high,nDCG@10,nDCG@10_std,nDCG@10_stderr,nDCG@10_ci90_low,nDCG@10_ci90_high,nDCG@10_ci95_low,nDCG@10_ci95_high,nDCG@100,nDCG@100_std,nDCG@100_stderr,nDCG@100_ci90_low,nDCG@100_ci90_high,nDCG@100_ci95_low,nDCG@100_ci95_high,RR@1,RR@3,RR@5,RR@10,RR@100,P@1,P@3,P@5,P@10,P@100,R@1,R@3,R@5,R@10,R@100,AP
0.6226415094339622,0.48488915757472434,0.012587095366546121,0.6019246387083746,0.6433583801595498,0.5979511048172029,0.6473319140507215,0.6999963558764902,0.41580072409735325,0.01079364899365845,0.682231285830759,0.7177614259222215,0.6788239127365896,0.7211687990163909,0.7263188910698334,0.3835895231443083,0.009957487879446536,0.7099300433537535,0.7427077387859132,0.7067866322324655,0.7458511499072012,0.748925771096189,0.3503097780142429,0.009093588740472846,0.7339587992188853,0.7638927429734926,0.7310881064974587,0.7667634356949192,0.7701276962184793,0.3105965612558303,0.008062684999191678,0.7568574700093946,0.783397922427564,0.7543122162264386,0.78594317621052,0.6212938005390836,0.6864330637915548,0.7001123090745741,0.708835247935653,0.7130129809440673,0.6226415094339622,0.263477088948784,0.17169811320754366,0.093598382749324,0.010424528301886605,0.6055143755615453,0.7550539083557951,0.8182277628032345,0.8862870619946092,0.9809074573225516,0.7074743918572839
