nDCG@1,nDCG@1_std,nDCG@1_stderr,nDCG@1_ci90_low,nDCG@1_ci90_high,nDCG@1_ci95_low,nDCG@1_ci95_high,nDCG@3,nDCG@3_std,nDCG@3_stderr,nDCG@3_ci90_low,nDCG@3_ci90_high,nDCG@3_ci95_low,nDCG@3_ci95_high,nDCG@5,nDCG@5_std,nDCG@5_stderr,nDCG@5_ci90_low,nDCG@5_ci90_high,nDCG@5_ci95_low,nDCG@5_ci95_high,nDCG@10,nDCG@10_std,nDCG@10_stderr,nDCG@10_ci90_low,nDCG@10_ci90_high,nDCG@10_ci95_low,nDCG@10_ci95_high,nDCG@100,nDCG@100_std,nDCG@100_stderr,nDCG@100_ci90_low,nDCG@100_ci90_high,nDCG@100_ci95_low,nDCG@100_ci95_high,RR@1,RR@3,RR@5,RR@10,RR@100,P@1,P@3,P@5,P@10,P@100,R@1,R@3,R@5,R@10,R@100,AP
0.7210242587601078,0.4486467575939729,0.011646289539598079,0.7018558431885634,0.7401926743316521,0.6981793058426252,0.7438692116775903,0.7993065722658561,0.352083272570188,0.00913962636527639,0.7842638279014302,0.814349316630282,0.7813786018776729,0.8172345426540393,0.8133675698926025,0.3284157628513891,0.008525248424946244,0.7993360189763729,0.8273991208088322,0.796644741714963,0.830090398070242,0.8296195300456568,0.2961430484294606,0.007687490500644705,0.8169668296196856,0.842272230471628,0.8145400184171933,0.8446990416741204,0.841735518337661,0.26715294968307973,0.006934945033488015,0.8303214187726674,0.8531496179026546,0.828132173492361,0.855338863182961,0.7210242587601078,0.7847035040431267,0.7920485175202161,0.7982581397338814,0.8007012226463865,0.7210242587601078,0.2991913746630681,0.18719676549864794,0.09912398921832638,0.010518867924528113,0.7005278526504942,0.8549528301886793,0.8885332434860737,0.9366015274034141,0.9897798742138366,0.795857481650608
