{
  "nDCG@1": 0.717654986522911,
  "nDCG@1_std": 0.4502920602789963,
  "nDCG@1_stderr": 0.011688999469238098,
  "nDCG@1_ci90_low": 0.6984162754570302,
  "nDCG@1_ci90_high": 0.7368936975887919,
  "nDCG@1_ci95_low": 0.6947262553060467,
  "nDCG@1_ci95_high": 0.7405837177397754,
  "nDCG@3": 0.7966588914218714,
  "nDCG@3_std": 0.3540570092768987,
  "nDCG@3_stderr": 0.009190862017317118,
  "nDCG@3_ci90_low": 0.7815318192320848,
  "nDCG@3_ci90_high": 0.811785963611658,
  "nDCG@3_ci95_low": 0.7786304189763946,
  "nDCG@3_ci95_high": 0.8146873638673482,
  "nDCG@5": 0.8124759282950209,
  "nDCG@5_std": 0.32758966744178203,
  "nDCG@5_stderr": 0.008503804056599056,
  "nDCG@5_ci90_low": 0.7984796722735945,
  "nDCG@5_ci90_high": 0.8264721843164473,
  "nDCG@5_ci95_low": 0.7957951646378942,
  "nDCG@5_ci95_high": 0.8291566919521476,
  "nDCG@10": 0.828107127327466,
  "nDCG@10_std": 0.2962943942498918,
  "nDCG@10_stderr": 0.0076914192423897755,
  "nDCG@10_ci90_low": 0.8154479606571011,
  "nDCG@10_ci90_high": 0.840766293997831,
  "nDCG@10_ci95_low": 0.8130199092170465,
  "nDCG@10_ci95_high": 0.8431943454378856,
  "nDCG@100": 0.8406289157218736,
  "nDCG@100_std": 0.26655617239366397,
  "nDCG@100_stderr": 0.006919453466936937,
  "nDCG@100_ci90_low": 0.8292403134437623,
  "nDCG@100_ci90_high": 0.8520175179999849,
  "nDCG@100_ci95_low": 0.8270559585899542,
  "nDCG@100_ci95_high": 0.854201872853793,
  "RR@1": 0.7190026954177897,
  "RR@3": 0.782681940700809,
  "RR@5": 0.7906334231805937,
  "RR@10": 0.7966376802293248,
  "RR@100": 0.7992468922649757,
  "P@1": 0.717654986522911,
  "P@3": 0.2985175202156288,
  "P@5": 0.18773584905659937,
  "P@10": 0.09919137466307032,
  "P@100": 0.010539083557951294,
  "R@1": 0.6978324348607367,
  "R@3": 0.8524820305480683,
  "R@5": 0.890217879604672,
  "R@10": 0.9369384546271338,
  "R@100": 0.9913522012578615,
  "AP": 0.7939305570869656
}