{
  "nDCG@1": 0.13274932614555257,
  "nDCG@1_std": 0.3394179925516408,
  "nDCG@1_stderr": 0.008810852077488985,
  "nDCG@1_ci90_low": 0.11824770538586964,
  "nDCG@1_ci90_high": 0.14725094690523552,
  "nDCG@1_ci95_low": 0.11546626786430658,
  "nDCG@1_ci95_high": 0.15003238442679856,
  "nDCG@3": 0.19047606406135964,
  "nDCG@3_std": 0.3565927794003477,
  "nDCG@3_stderr": 0.009256687329912548,
  "nDCG@3_ci90_low": 0.1752406511899623,
  "nDCG@3_ci90_high": 0.205711476932757,
  "nDCG@3_ci95_low": 0.17231847099236514,
  "nDCG@3_ci95_high": 0.20863365713035414,
  "nDCG@5": 0.2129998583554891,
  "nDCG@5_std": 0.35659910388180316,
  "nDCG@5_stderr": 0.009256851505270936,
  "nDCG@5_ci90_low": 0.19776417527086326,
  "nDCG@5_ci90_high": 0.22823554144011493,
  "nDCG@5_ci95_low": 0.19484194324587215,
  "nDCG@5_ci95_high": 0.23115777346510605,
  "nDCG@10": 0.2431789467284235,
  "nDCG@10_std": 0.35140818008613295,
  "nDCG@10_stderr": 0.009122101837566714,
  "nDCG@10_ci90_low": 0.22816504566457776,
  "nDCG@10_ci90_high": 0.25819284779226925,
  "nDCG@10_ci95_low": 0.22528535183889747,
  "nDCG@10_ci95_high": 0.2610725416179495,
  "nDCG@100": 0.3083507054099526,
  "nDCG@100_std": 0.3195227586723519,
  "nDCG@100_stderr": 0.008294397538825153,
  "nDCG@100_ci90_low": 0.29469910775739394,
  "nDCG@100_ci90_high": 0.3220023030625112,
  "nDCG@100_ci95_low": 0.2920807062304643,
  "nDCG@100_ci95_high": 0.32462070458944087,
  "RR@1": 0.1320754716981132,
  "RR@3": 0.17879604672057517,
  "RR@5": 0.1917677448337825,
  "RR@10": 0.20421319471184685,
  "RR@100": 0.2163686244458993,
  "P@1": 0.13274932614555257,
  "P@3": 0.08018867924528261,
  "P@5": 0.059433962264151416,
  "P@10": 0.03921832884097072,
  "P@100": 0.0072708894878704975,
  "R@1": 0.12915543575920935,
  "R@3": 0.2328728661275831,
  "R@5": 0.2874550763701707,
  "R@10": 0.37932389937106925,
  "R@100": 0.6937893081761007,
  "AP": 0.21143880875353344
}