nDCG@1,nDCG@1_std,nDCG@1_stderr,nDCG@1_ci90_low,nDCG@1_ci90_high,nDCG@1_ci95_low,nDCG@1_ci95_high,nDCG@3,nDCG@3_std,nDCG@3_stderr,nDCG@3_ci90_low,nDCG@3_ci90_high,nDCG@3_ci95_low,nDCG@3_ci95_high,nDCG@5,nDCG@5_std,nDCG@5_stderr,nDCG@5_ci90_low,nDCG@5_ci90_high,nDCG@5_ci95_low,nDCG@5_ci95_high,nDCG@10,nDCG@10_std,nDCG@10_stderr,nDCG@10_ci90_low,nDCG@10_ci90_high,nDCG@10_ci95_low,nDCG@10_ci95_high,nDCG@100,nDCG@100_std,nDCG@100_stderr,nDCG@100_ci90_low,nDCG@100_ci90_high,nDCG@100_ci95_low,nDCG@100_ci95_high,RR@1,RR@3,RR@5,RR@10,RR@100,P@1,P@3,P@5,P@10,P@100,R@1,R@3,R@5,R@10,R@100,AP
0.1522911051212938,0.3594239512019637,0.00933018088799551,0.13693473054287586,0.16764747969971172,0.13398934966749554,0.17059286057509204,0.22305130000689816,0.3757395489841386,0.009753712703542026,0.20699784213679637,0.23910475787699995,0.20391875940454948,0.24218384060924683,0.2525704823560958,0.3730064776009137,0.009682765705435706,0.23663379485638808,0.26850716985580353,0.23357710889585406,0.2715638558163376,0.2829294341220341,0.36472020378230136,0.009467664754715612,0.26734677735453666,0.2985120908895315,0.26435799513929253,0.30150087310477564,0.34802702728068585,0.3268718102169157,0.008485169411530581,0.33406144168175633,0.36199261287961537,0.3313828166894756,0.3646712378718961,0.1522911051212938,0.20777178796046722,0.22471922731356672,0.23737539040773542,0.24932925894336314,0.1522911051212938,0.09411500449236272,0.07115902964959632,0.045619946091644506,0.00793126684636105,0.14858490566037735,0.2751572327044025,0.34675426774483376,0.4387353998203054,0.7516846361185984,0.24485290712431454
