{
  "nDCG@1": 0.14892183288409702,
  "nDCG@1_std": 0.3561314157086241,
  "nDCG@1_stderr": 0.00924471092521125,
  "nDCG@1_ci90_low": 0.13370613175879587,
  "nDCG@1_ci90_high": 0.16413753400939818,
  "nDCG@1_ci95_low": 0.13078773231033816,
  "nDCG@1_ci95_high": 0.16705593345785588,
  "nDCG@3": 0.21935926622966576,
  "nDCG@3_std": 0.3720424923063788,
  "nDCG@3_stderr": 0.009657741894024973,
  "nDCG@3_ci90_low": 0.20346376496482488,
  "nDCG@3_ci90_high": 0.23525476749450663,
  "nDCG@3_ci95_low": 0.20041497859985527,
  "nDCG@3_ci95_high": 0.23830355385947624,
  "nDCG@5": 0.2485721567467774,
  "nDCG@5_std": 0.36997885167223976,
  "nDCG@5_stderr": 0.009604172452311512,
  "nDCG@5_ci90_low": 0.23276482444916063,
  "nDCG@5_ci90_high": 0.2643794890443942,
  "nDCG@5_ci95_low": 0.2297329490541949,
  "nDCG@5_ci95_high": 0.2674113644393599,
  "nDCG@10": 0.2813062498890562,
  "nDCG@10_std": 0.3612506226058337,
  "nDCG@10_stderr": 0.009377598914991321,
  "nDCG@10_ci90_low": 0.2658718308447208,
  "nDCG@10_ci90_high": 0.2967406689333916,
  "nDCG@10_ci95_low": 0.26291148089730015,
  "nDCG@10_ci95_high": 0.2997010188808123,
  "nDCG@100": 0.34747364033926204,
  "nDCG@100_std": 0.3225645308198564,
  "nDCG@100_stderr": 0.00837335800949322,
  "nDCG@100_ci90_low": 0.3336920830879536,
  "nDCG@100_ci90_high": 0.36125519759057045,
  "nDCG@100_ci95_low": 0.33104875507106535,
  "nDCG@100_ci95_high": 0.3638985256074587,
  "RR@1": 0.14892183288409702,
  "RR@3": 0.20507637017070993,
  "RR@5": 0.22124887690925402,
  "RR@10": 0.23497331322466072,
  "RR@100": 0.24708262958188565,
  "P@1": 0.14892183288409702,
  "P@3": 0.09321653189577687,
  "P@5": 0.07035040431266909,
  "P@10": 0.04588948787062023,
  "P@100": 0.00801212938005377,
  "R@1": 0.1446540880503145,
  "R@3": 0.27094564240790653,
  "R@5": 0.3420372866127583,
  "R@10": 0.44193620844564235,
  "R@100": 0.7605570530098833,
  "AP": 0.24183045194481037
}