nDCG@1,nDCG@1_std,nDCG@1_stderr,nDCG@1_ci90_low,nDCG@1_ci90_high,nDCG@1_ci95_low,nDCG@1_ci95_high,nDCG@3,nDCG@3_std,nDCG@3_stderr,nDCG@3_ci90_low,nDCG@3_ci90_high,nDCG@3_ci95_low,nDCG@3_ci95_high,nDCG@5,nDCG@5_std,nDCG@5_stderr,nDCG@5_ci90_low,nDCG@5_ci90_high,nDCG@5_ci95_low,nDCG@5_ci95_high,nDCG@10,nDCG@10_std,nDCG@10_stderr,nDCG@10_ci90_low,nDCG@10_ci90_high,nDCG@10_ci95_low,nDCG@10_ci95_high,nDCG@100,nDCG@100_std,nDCG@100_stderr,nDCG@100_ci90_low,nDCG@100_ci90_high,nDCG@100_ci95_low,nDCG@100_ci95_high,RR@1,RR@3,RR@5,RR@10,RR@100,P@1,P@3,P@5,P@10,P@100,R@1,R@3,R@5,R@10,R@100,AP
0.14757412398921832,0.3547968817130988,0.00921006814879696,0.13241544077787196,0.16273280720056468,0.1295079774701328,0.16564027050830385,0.22142640963768384,0.3730246890331995,0.00968323845066286,0.20548894405522775,0.23736387522013994,0.20243210885699212,0.24042071041837557,0.24853863929721542,0.3708311145848418,0.009626296095190945,0.23269489409923003,0.2643823844952008,0.22965603464303194,0.2674212439513989,0.27813841867977457,0.362948028325402,0.009421661372017151,0.2626314780409431,0.293645359318606,0.259657218318374,0.2966196190411751,0.34310569446881484,0.3262533046883809,0.008469113807995655,0.32916653449495353,0.35704485444267614,0.32649297798614196,0.3597184109514877,0.14824797843665768,0.20563791554357597,0.22100179694519295,0.2336210584862876,0.2457616972870024,0.14757412398921832,0.09433962264150919,0.06994609164420547,0.044676549865229453,0.007809973045821969,0.1443171608265948,0.27583108715184185,0.3411949685534591,0.4303122192273135,0.7402291105121294,0.2412827144206038
