nDCG@1,nDCG@3,nDCG@5,nDCG@10,nDCG@100,RR@1,RR@3,RR@5,RR@10,RR@100,P@1,P@3,P@5,P@10,P@100,R@1,R@3,R@5,R@10,R@100,AP
0.14824797843665768,0.2117162794929664,0.23695470542525007,0.270469629440978,0.3352063374103848,0.14824797843665768,0.19878706199460924,0.2129716981132074,0.22689401232190967,0.23874594054091053,0.14824797843665768,0.08894878706199419,0.06603773584905717,0.043867924528302266,0.007722371967654854,0.1446540880503145,0.2588162623539982,0.320473944294699,0.423292902066487,0.73624213836478,0.23345420288899227
