nDCG@1,nDCG@3,nDCG@5,nDCG@10,nDCG@100,RR@1,RR@3,RR@5,RR@10,RR@100,P@1,P@3,P@5,P@10,P@100,R@1,R@3,R@5,R@10,R@100,AP
0.11859838274932614,0.17692673067909168,0.20166891250053648,0.22828308105088568,0.29159201951051766,0.11859838274932614,0.16498203054806845,0.17920035938903864,0.1899924592478499,0.20169370683154508,0.11859838274932614,0.0754716981132072,0.05781671159029694,0.03726415094339657,0.007014824797843548,0.1153414195867026,0.21939577717879605,0.2792565139263253,0.36045597484276737,0.6691936208445642,0.19701216050977075
