{
  "nDCG@1": 0.11859838274932614,
  "nDCG@3": 0.17692673067909168,
  "nDCG@5": 0.20166891250053648,
  "nDCG@10": 0.22828308105088568,
  "nDCG@100": 0.29159201951051766,
  "RR@1": 0.11859838274932614,
  "RR@3": 0.16498203054806845,
  "RR@5": 0.17920035938903864,
  "RR@10": 0.1899924592478499,
  "RR@100": 0.20169370683154508,
  "P@1": 0.11859838274932614,
  "P@3": 0.0754716981132072,
  "P@5": 0.05781671159029694,
  "P@10": 0.03726415094339657,
  "P@100": 0.007014824797843548,
  "R@1": 0.1153414195867026,
  "R@3": 0.21939577717879605,
  "R@5": 0.2792565139263253,
  "R@10": 0.36045597484276737,
  "R@100": 0.6691936208445642,
  "AP": 0.19701216050977075
}