{
  "nDCG@1": 0.14824797843665768,
  "nDCG@1_std": 0.3554654141403775,
  "nDCG@1_stderr": 0.009227422385917613,
  "nDCG@1_ci90_low": 0.1330607322029062,
  "nDCG@1_ci90_high": 0.16343522467040916,
  "nDCG@1_ci95_low": 0.13014779045495933,
  "nDCG@1_ci95_high": 0.16634816641835604,
  "nDCG@3": 0.2117162794929664,
  "nDCG@3_std": 0.37035229736474173,
  "nDCG@3_stderr": 0.009613866619467691,
  "nDCG@3_ci90_low": 0.19589299174241004,
  "nDCG@3_ci90_high": 0.22753956724352276,
  "nDCG@3_ci95_low": 0.19285805606223794,
  "nDCG@3_ci95_high": 0.23057450292369486,
  "nDCG@5": 0.23695470542525007,
  "nDCG@5_std": 0.36879095875509815,
  "nDCG@5_stderr": 0.009573336288623934,
  "nDCG@5_ci90_low": 0.22119812580711853,
  "nDCG@5_ci90_high": 0.2527112850433816,
  "nDCG@5_ci95_low": 0.21817598486938208,
  "nDCG@5_ci95_high": 0.25573342598111803,
  "nDCG@10": 0.270469629440978,
  "nDCG@10_std": 0.36073090087111725,
  "nDCG@10_stderr": 0.00936410761097524,
  "nDCG@10_ci90_low": 0.2550574154878953,
  "nDCG@10_ci90_high": 0.28588184339406075,
  "nDCG@10_ci95_low": 0.2521013245177989,
  "nDCG@10_ci95_high": 0.28883793436415717,
  "nDCG@100": 0.3352063374103848,
  "nDCG@100_std": 0.3250647650260297,
  "nDCG@100_stderr": 0.008438260855638948,
  "nDCG@100_ci90_low": 0.3213179577481731,
  "nDCG@100_ci90_high": 0.3490947170725965,
  "nDCG@100_ci95_low": 0.3186541409964907,
  "nDCG@100_ci95_high": 0.3517585338242789,
  "RR@1": 0.14824797843665768,
  "RR@3": 0.19878706199460924,
  "RR@5": 0.2129716981132074,
  "RR@10": 0.22689401232190967,
  "RR@100": 0.23874594054091053,
  "P@1": 0.14824797843665768,
  "P@3": 0.08894878706199419,
  "P@5": 0.06603773584905717,
  "P@10": 0.043867924528302266,
  "P@100": 0.007722371967654854,
  "R@1": 0.1446540880503145,
  "R@3": 0.2588162623539982,
  "R@5": 0.320473944294699,
  "R@10": 0.423292902066487,
  "R@100": 0.73624213836478,
  "AP": 0.23345420288899227
}