{
  "nDCG@1": 0.11859838274932614,
  "nDCG@1_std": 0.3234243246159493,
  "nDCG@1_stderr": 0.0083956771443675,
  "nDCG@1_ci90_low": 0.10478009084093978,
  "nDCG@1_ci90_high": 0.1324166746577125,
  "nDCG@1_ci95_low": 0.10212971704929076,
  "nDCG@1_ci95_high": 0.13506704844936152,
  "nDCG@3": 0.17692673067909168,
  "nDCG@3_std": 0.34462639226348635,
  "nDCG@3_stderr": 0.008946055397373465,
  "nDCG@3_ci90_low": 0.16220258124077797,
  "nDCG@3_ci90_high": 0.1916508801174054,
  "nDCG@3_ci95_low": 0.15937846230955566,
  "nDCG@3_ci95_high": 0.1944749990486277,
  "nDCG@5": 0.20166891250053648,
  "nDCG@5_std": 0.3456534086655696,
  "nDCG@5_stderr": 0.008972715414810619,
  "nDCG@5_ci90_low": 0.18690088382569492,
  "nDCG@5_ci90_high": 0.21643694117537804,
  "nDCG@5_ci95_low": 0.18406834877623873,
  "nDCG@5_ci95_high": 0.21926947622483423,
  "nDCG@10": 0.22828308105088568,
  "nDCG@10_std": 0.34185745154381914,
  "nDCG@10_stderr": 0.008874177277687125,
  "nDCG@10_ci90_low": 0.21367723449899467,
  "nDCG@10_ci90_high": 0.2428889276027767,
  "nDCG@10_ci95_low": 0.21087580627887687,
  "nDCG@10_ci95_high": 0.2456903558228945,
  "nDCG@100": 0.29159201951051766,
  "nDCG@100_std": 0.31284664941823304,
  "nDCG@100_stderr": 0.00812109437758438,
  "nDCG@100_ci90_low": 0.27822565837068963,
  "nDCG@100_ci90_high": 0.3049583806503457,
  "nDCG@100_ci95_low": 0.275661965731282,
  "nDCG@100_ci95_high": 0.30752207328975334,
  "RR@1": 0.11859838274932614,
  "RR@3": 0.16498203054806845,
  "RR@5": 0.17920035938903864,
  "RR@10": 0.1899924592478499,
  "RR@100": 0.20169370683154508,
  "P@1": 0.11859838274932614,
  "P@3": 0.0754716981132072,
  "P@5": 0.05781671159029694,
  "P@10": 0.03726415094339657,
  "P@100": 0.007014824797843548,
  "R@1": 0.1153414195867026,
  "R@3": 0.21939577717879605,
  "R@5": 0.2792565139263253,
  "R@10": 0.36045597484276737,
  "R@100": 0.6691936208445642,
  "AP": 0.19701216050977075
}