nDCG@1,nDCG@1_std,nDCG@1_stderr,nDCG@1_ci90_low,nDCG@1_ci90_high,nDCG@1_ci95_low,nDCG@1_ci95_high,nDCG@3,nDCG@3_std,nDCG@3_stderr,nDCG@3_ci90_low,nDCG@3_ci90_high,nDCG@3_ci95_low,nDCG@3_ci95_high,nDCG@5,nDCG@5_std,nDCG@5_stderr,nDCG@5_ci90_low,nDCG@5_ci90_high,nDCG@5_ci95_low,nDCG@5_ci95_high,nDCG@10,nDCG@10_std,nDCG@10_stderr,nDCG@10_ci90_low,nDCG@10_ci90_high,nDCG@10_ci95_low,nDCG@10_ci95_high,nDCG@100,nDCG@100_std,nDCG@100_stderr,nDCG@100_ci90_low,nDCG@100_ci90_high,nDCG@100_ci95_low,nDCG@100_ci95_high,RR@1,RR@3,RR@5,RR@10,RR@100,P@1,P@3,P@5,P@10,P@100,R@1,R@3,R@5,R@10,R@100,AP
0.11859838274932614,0.3234243246159493,0.0083956771443675,0.10478009084093978,0.1324166746577125,0.10212971704929076,0.13506704844936152,0.17692673067909168,0.34462639226348635,0.008946055397373465,0.16220258124077797,0.1916508801174054,0.15937846230955566,0.1944749990486277,0.20166891250053648,0.3456534086655696,0.008972715414810619,0.18690088382569492,0.21643694117537804,0.18406834877623873,0.21926947622483423,0.22828308105088568,0.34185745154381914,0.008874177277687125,0.21367723449899467,0.2428889276027767,0.21087580627887687,0.2456903558228945,0.29159201951051766,0.31284664941823304,0.00812109437758438,0.27822565837068963,0.3049583806503457,0.275661965731282,0.30752207328975334,0.11859838274932614,0.16498203054806845,0.17920035938903864,0.1899924592478499,0.20169370683154508,0.11859838274932614,0.0754716981132072,0.05781671159029694,0.03726415094339657,0.007014824797843548,0.1153414195867026,0.21939577717879605,0.2792565139263253,0.36045597484276737,0.6691936208445642,0.19701216050977075
