nDCG@1,nDCG@3,nDCG@5,nDCG@10,nDCG@100,RR@1,RR@3,RR@5,RR@10,RR@100,P@1,P@3,P@5,P@10,P@100,R@1,R@3,R@5,R@10,R@100,AP
0.15566037735849056,0.22167962539664735,0.252986929512559,0.2855190771159431,0.35164344439490014,0.15566037735849056,0.2083333333333334,0.2262915543575919,0.23971141915885846,0.25182889559271926,0.15566037735849056,0.09254267744833752,0.07115902964959632,0.04615902964959596,0.008052560646900131,0.1509433962264151,0.27010332434860734,0.345406558849955,0.44463162623539976,0.7634770889487871,0.2465146717524555
