nDCG@1,nDCG@3,nDCG@5,nDCG@10,nDCG@100,RR@1,RR@3,RR@5,RR@10,RR@100,P@1,P@3,P@5,P@10,P@100,R@1,R@3,R@5,R@10,R@100,AP
0.14892183288409702,0.21935926622966576,0.2485721567467774,0.2813062498890562,0.34747364033926204,0.14892183288409702,0.20507637017070993,0.22124887690925402,0.23497331322466072,0.24708262958188565,0.14892183288409702,0.09321653189577687,0.07035040431266909,0.04588948787062023,0.00801212938005377,0.1446540880503145,0.27094564240790653,0.3420372866127583,0.44193620844564235,0.7605570530098833,0.24183045194481037
