nDCG@1,nDCG@3,nDCG@5,nDCG@10,nDCG@100,RR@1,RR@3,RR@5,RR@10,RR@100,P@1,P@3,P@5,P@10,P@100,R@1,R@3,R@5,R@10,R@100,AP
0.14757412398921832,0.22142640963768384,0.24853863929721542,0.27813841867977457,0.34310569446881484,0.14824797843665768,0.20563791554357597,0.22100179694519295,0.2336210584862876,0.2457616972870024,0.14757412398921832,0.09433962264150919,0.06994609164420547,0.044676549865229453,0.007809973045821969,0.1443171608265948,0.27583108715184185,0.3411949685534591,0.4303122192273135,0.7402291105121294,0.2412827144206038
