{
  "nDCG@1": 0.1522911051212938,
  "nDCG@1_std": 0.3594239512019637,
  "nDCG@1_stderr": 0.00933018088799551,
  "nDCG@1_ci90_low": 0.13693473054287586,
  "nDCG@1_ci90_high": 0.16764747969971172,
  "nDCG@1_ci95_low": 0.13398934966749554,
  "nDCG@1_ci95_high": 0.17059286057509204,
  "nDCG@3": 0.22305130000689816,
  "nDCG@3_std": 0.3757395489841386,
  "nDCG@3_stderr": 0.009753712703542026,
  "nDCG@3_ci90_low": 0.20699784213679637,
  "nDCG@3_ci90_high": 0.23910475787699995,
  "nDCG@3_ci95_low": 0.20391875940454948,
  "nDCG@3_ci95_high": 0.24218384060924683,
  "nDCG@5": 0.2525704823560958,
  "nDCG@5_std": 0.3730064776009137,
  "nDCG@5_stderr": 0.009682765705435706,
  "nDCG@5_ci90_low": 0.23663379485638808,
  "nDCG@5_ci90_high": 0.26850716985580353,
  "nDCG@5_ci95_low": 0.23357710889585406,
  "nDCG@5_ci95_high": 0.2715638558163376,
  "nDCG@10": 0.2829294341220341,
  "nDCG@10_std": 0.36472020378230136,
  "nDCG@10_stderr": 0.009467664754715612,
  "nDCG@10_ci90_low": 0.26734677735453666,
  "nDCG@10_ci90_high": 0.2985120908895315,
  "nDCG@10_ci95_low": 0.26435799513929253,
  "nDCG@10_ci95_high": 0.30150087310477564,
  "nDCG@100": 0.34802702728068585,
  "nDCG@100_std": 0.3268718102169157,
  "nDCG@100_stderr": 0.008485169411530581,
  "nDCG@100_ci90_low": 0.33406144168175633,
  "nDCG@100_ci90_high": 0.36199261287961537,
  "nDCG@100_ci95_low": 0.3313828166894756,
  "nDCG@100_ci95_high": 0.3646712378718961,
  "RR@1": 0.1522911051212938,
  "RR@3": 0.20777178796046722,
  "RR@5": 0.22471922731356672,
  "RR@10": 0.23737539040773542,
  "RR@100": 0.24932925894336314,
  "P@1": 0.1522911051212938,
  "P@3": 0.09411500449236272,
  "P@5": 0.07115902964959632,
  "P@10": 0.045619946091644506,
  "P@100": 0.00793126684636105,
  "R@1": 0.14858490566037735,
  "R@3": 0.2751572327044025,
  "R@5": 0.34675426774483376,
  "R@10": 0.4387353998203054,
  "R@100": 0.7516846361185984,
  "AP": 0.24485290712431454
}