{
  "nDCG@1": 0.15566037735849056,
  "nDCG@3": 0.22167962539664735,
  "nDCG@5": 0.252986929512559,
  "nDCG@10": 0.2855190771159431,
  "nDCG@100": 0.35164344439490014,
  "RR@1": 0.15566037735849056,
  "RR@3": 0.2083333333333334,
  "RR@5": 0.2262915543575919,
  "RR@10": 0.23971141915885846,
  "RR@100": 0.25182889559271926,
  "P@1": 0.15566037735849056,
  "P@3": 0.09254267744833752,
  "P@5": 0.07115902964959632,
  "P@10": 0.04615902964959596,
  "P@100": 0.008052560646900131,
  "R@1": 0.1509433962264151,
  "R@3": 0.27010332434860734,
  "R@5": 0.345406558849955,
  "R@10": 0.44463162623539976,
  "R@100": 0.7634770889487871,
  "AP": 0.2465146717524555
}