{
  "nDCG@1": 0.07884097035040431,
  "nDCG@1_std": 0.26958123724031313,
  "nDCG@1_stderr": 0.006997980237684314,
  "nDCG@1_ci90_low": 0.06732312229233373,
  "nDCG@1_ci90_high": 0.0903588184084749,
  "nDCG@1_ci95_low": 0.06511397786032334,
  "nDCG@1_ci95_high": 0.09256796284048528,
  "nDCG@3": 0.12010232211340084,
  "nDCG@3_std": 0.29444764222841546,
  "nDCG@3_stderr": 0.007643479948533525,
  "nDCG@3_ci90_low": 0.10752205785257316,
  "nDCG@3_ci90_high": 0.13268258637422853,
  "nDCG@3_ci95_low": 0.10510914003972244,
  "nDCG@3_ci95_high": 0.13509550418707925,
  "nDCG@5": 0.13787300054163099,
  "nDCG@5_std": 0.2993539468717929,
  "nDCG@5_stderr": 0.0077708412711756025,
  "nDCG@5_ci90_low": 0.1250831146024272,
  "nDCG@5_ci90_high": 0.15066288648083478,
  "nDCG@5_ci95_low": 0.12262999096629432,
  "nDCG@5_ci95_high": 0.15311601011696765,
  "nDCG@10": 0.16191028781790232,
  "nDCG@10_std": 0.3003280077468231,
  "nDCG@10_stderr": 0.0077961266316240625,
  "nDCG@10_ci90_low": 0.14907878516504008,
  "nDCG@10_ci90_high": 0.17474179047076455,
  "nDCG@10_ci95_low": 0.14661767936671918,
  "nDCG@10_ci95_high": 0.17720289626908545,
  "nDCG@100": 0.21469310347141274,
  "nDCG@100_std": 0.2862112399889564,
  "nDCG@100_stderr": 0.007429673599503482,
  "nDCG@100_ci90_low": 0.20246473918148206,
  "nDCG@100_ci90_high": 0.22692146776134342,
  "nDCG@100_ci95_low": 0.20011931642998412,
  "nDCG@100_ci95_high": 0.22926689051284135,
  "RR@1": 0.07884097035040431,
  "RR@3": 0.11141060197663973,
  "RR@5": 0.12118149146451034,
  "RR@10": 0.13121309844692589,
  "RR@100": 0.14106759153712836,
  "P@1": 0.07884097035040431,
  "P@3": 0.05188679245283018,
  "P@5": 0.039892183288409905,
  "P@10": 0.027560646900269745,
  "P@100": 0.005471698113207464,
  "R@1": 0.0765947888589398,
  "R@3": 0.15071877807726863,
  "R@5": 0.19350853548966754,
  "R@10": 0.2679694519317161,
  "R@100": 0.5232479784366577,
  "AP": 0.1381924454690285
}