nDCG@1,nDCG@1_std,nDCG@1_stderr,nDCG@1_ci90_low,nDCG@1_ci90_high,nDCG@1_ci95_low,nDCG@1_ci95_high,nDCG@3,nDCG@3_std,nDCG@3_stderr,nDCG@3_ci90_low,nDCG@3_ci90_high,nDCG@3_ci95_low,nDCG@3_ci95_high,nDCG@5,nDCG@5_std,nDCG@5_stderr,nDCG@5_ci90_low,nDCG@5_ci90_high,nDCG@5_ci95_low,nDCG@5_ci95_high,nDCG@10,nDCG@10_std,nDCG@10_stderr,nDCG@10_ci90_low,nDCG@10_ci90_high,nDCG@10_ci95_low,nDCG@10_ci95_high,nDCG@100,nDCG@100_std,nDCG@100_stderr,nDCG@100_ci90_low,nDCG@100_ci90_high,nDCG@100_ci95_low,nDCG@100_ci95_high,RR@1,RR@3,RR@5,RR@10,RR@100,P@1,P@3,P@5,P@10,P@100,R@1,R@3,R@5,R@10,R@100,AP
0.13544474393530997,0.34231334545915004,0.008886011694067974,0.12081941933331009,0.15007006853730986,0.11801425518737285,0.1528752326832471,0.20085204015548416,0.36135054600784816,0.009380192797264946,0.1854133518876166,0.21629072842335173,0.18245218309527392,0.2192518972156944,0.22564249262636274,0.36091163706305684,0.009368799288750647,0.2102225567263869,0.24106242852633858,0.20726498467268029,0.2440200005800452,0.2597325734425817,0.3532693804631079,0.009170416192043954,0.2446391526637622,0.2748259942214012,0.24174420681056052,0.2777209400746029,0.318622019978576,0.32260755976750294,0.008374474985319732,0.30483862431712383,0.3324054156400281,0.3021949436897903,0.3350490962673617,0.1347708894878706,0.18744384546271348,0.20125786163522005,0.21532136439481428,0.22624418448152614,0.13544474393530997,0.08513027852650445,0.0634770889487876,0.04258760107816754,0.007291105121293677,0.13151392632524708,0.24809074573225517,0.3080637915543576,0.4132412398921833,0.6976078167115903,0.22162024939504424
