nDCG@1,nDCG@1_std,nDCG@1_stderr,nDCG@1_ci90_low,nDCG@1_ci90_high,nDCG@1_ci95_low,nDCG@1_ci95_high,nDCG@3,nDCG@3_std,nDCG@3_stderr,nDCG@3_ci90_low,nDCG@3_ci90_high,nDCG@3_ci95_low,nDCG@3_ci95_high,nDCG@5,nDCG@5_std,nDCG@5_stderr,nDCG@5_ci90_low,nDCG@5_ci90_high,nDCG@5_ci95_low,nDCG@5_ci95_high,nDCG@10,nDCG@10_std,nDCG@10_stderr,nDCG@10_ci90_low,nDCG@10_ci90_high,nDCG@10_ci95_low,nDCG@10_ci95_high,nDCG@100,nDCG@100_std,nDCG@100_stderr,nDCG@100_ci90_low,nDCG@100_ci90_high,nDCG@100_ci95_low,nDCG@100_ci95_high,RR@1,RR@3,RR@5,RR@10,RR@100,P@1,P@3,P@5,P@10,P@100,R@1,R@3,R@5,R@10,R@100,AP
0.07884097035040431,0.26958123724031313,0.006997980237684314,0.06732312229233373,0.0903588184084749,0.06511397786032334,0.09256796284048528,0.12010232211340084,0.29444764222841546,0.007643479948533525,0.10752205785257316,0.13268258637422853,0.10510914003972244,0.13509550418707925,0.13787300054163099,0.2993539468717929,0.0077708412711756025,0.1250831146024272,0.15066288648083478,0.12262999096629432,0.15311601011696765,0.16191028781790232,0.3003280077468231,0.0077961266316240625,0.14907878516504008,0.17474179047076455,0.14661767936671918,0.17720289626908545,0.21469310347141274,0.2862112399889564,0.007429673599503482,0.20246473918148206,0.22692146776134342,0.20011931642998412,0.22926689051284135,0.07884097035040431,0.11141060197663973,0.12118149146451034,0.13121309844692589,0.14106759153712836,0.07884097035040431,0.05188679245283018,0.039892183288409905,0.027560646900269745,0.005471698113207464,0.0765947888589398,0.15071877807726863,0.19350853548966754,0.2679694519317161,0.5232479784366577,0.1381924454690285
