{
  "nDCG@1": 0.11657681940700809,
  "nDCG@1_std": 0.3210235340307778,
  "nDCG@1_stderr": 0.008333355726000864,
  "nDCG@1_ci90_low": 0.10286110118461828,
  "nDCG@1_ci90_high": 0.1302925376293979,
  "nDCG@1_ci95_low": 0.10023040121451542,
  "nDCG@1_ci95_high": 0.13292323759950075,
  "nDCG@3": 0.17542017274859537,
  "nDCG@3_std": 0.34321218132149844,
  "nDCG@3_stderr": 0.008909344310484558,
  "nDCG@3_ci90_low": 0.1607564454187289,
  "nDCG@3_ci90_high": 0.19008390007846182,
  "nDCG@3_ci95_low": 0.1579439155589871,
  "nDCG@3_ci95_high": 0.19289642993820363,
  "nDCG@5": 0.2016860569630839,
  "nDCG@5_std": 0.3446763701402188,
  "nDCG@5_stderr": 0.008947352758411182,
  "nDCG@5_ci90_low": 0.18695977222189689,
  "nDCG@5_ci90_high": 0.2164123417042709,
  "nDCG@5_ci95_low": 0.1841352437356579,
  "nDCG@5_ci95_high": 0.21923687019050989,
  "nDCG@10": 0.23078810586249224,
  "nDCG@10_std": 0.34012704829459484,
  "nDCG@10_stderr": 0.008829258247471007,
  "nDCG@10_ci90_low": 0.21625619072329072,
  "nDCG@10_ci90_high": 0.24532002100169376,
  "nDCG@10_ci95_low": 0.21346894268404265,
  "nDCG@10_ci95_high": 0.24810726904094182,
  "nDCG@100": 0.29039844202585174,
  "nDCG@100_std": 0.3125934487638889,
  "nDCG@100_stderr": 0.008114521616091748,
  "nDCG@100_ci90_low": 0.27704289887430356,
  "nDCG@100_ci90_high": 0.30375398517739993,
  "nDCG@100_ci95_low": 0.27448128114493586,
  "nDCG@100_ci95_high": 0.3063156029067676,
  "RR@1": 0.11725067385444744,
  "RR@3": 0.16296046720575036,
  "RR@5": 0.17778526504941597,
  "RR@10": 0.18968227227998105,
  "RR@100": 0.20076386539053578,
  "P@1": 0.11657681940700809,
  "P@3": 0.07479784366576786,
  "P@5": 0.058221024258760565,
  "P@10": 0.03834231805929955,
  "P@100": 0.006907008086253255,
  "R@1": 0.11331985624438454,
  "R@3": 0.21877807726864332,
  "R@5": 0.28279424977538187,
  "R@10": 0.37331536388140163,
  "R@100": 0.6615566037735849,
  "AP": 0.19653377975659944
}