nDCG@1,nDCG@1_std,nDCG@1_stderr,nDCG@1_ci90_low,nDCG@1_ci90_high,nDCG@1_ci95_low,nDCG@1_ci95_high,nDCG@3,nDCG@3_std,nDCG@3_stderr,nDCG@3_ci90_low,nDCG@3_ci90_high,nDCG@3_ci95_low,nDCG@3_ci95_high,nDCG@5,nDCG@5_std,nDCG@5_stderr,nDCG@5_ci90_low,nDCG@5_ci90_high,nDCG@5_ci95_low,nDCG@5_ci95_high,nDCG@10,nDCG@10_std,nDCG@10_stderr,nDCG@10_ci90_low,nDCG@10_ci90_high,nDCG@10_ci95_low,nDCG@10_ci95_high,nDCG@100,nDCG@100_std,nDCG@100_stderr,nDCG@100_ci90_low,nDCG@100_ci90_high,nDCG@100_ci95_low,nDCG@100_ci95_high,RR@1,RR@3,RR@5,RR@10,RR@100,P@1,P@3,P@5,P@10,P@100,R@1,R@3,R@5,R@10,R@100,AP
0.1320754716981132,0.3386869329260304,0.00879187471517341,0.11760508543299439,0.14654585796323202,0.1148296387449104,0.14932130465131602,0.1990911412387732,0.3588897023742977,0.009316312479436052,0.18375759242109904,0.21442469005644735,0.18081658956859237,0.21736569290895402,0.22718800988489493,0.35844605314435224,0.009304795919250321,0.21187341596361453,0.24250260380617533,0.20893604869508298,0.2454399710747069,0.2594020068968849,0.35100782850464796,0.009111709228333082,0.24440521083905725,0.2743988029547126,0.24152879778497716,0.2772752160087927,0.31969961926425505,0.3190826274896904,0.008282972302596609,0.3060668261996544,0.3333324123288557,0.30345203142726557,0.33594720710124454,0.13140161725067384,0.18429919137466322,0.19983153638814008,0.21350677063278123,0.22451282765902333,0.1320754716981132,0.08513027852650445,0.06522911051212994,0.04285714285714328,0.007412398921832758,0.12881850853548965,0.24876460017969454,0.3164869721473495,0.415599730458221,0.709681042228212,0.2203169898747686
