{
  "nDCG@1": 0.1320754716981132,
  "nDCG@1_std": 0.3386869329260304,
  "nDCG@1_stderr": 0.00879187471517341,
  "nDCG@1_ci90_low": 0.11760508543299439,
  "nDCG@1_ci90_high": 0.14654585796323202,
  "nDCG@1_ci95_low": 0.1148296387449104,
  "nDCG@1_ci95_high": 0.14932130465131602,
  "nDCG@3": 0.1990911412387732,
  "nDCG@3_std": 0.3588897023742977,
  "nDCG@3_stderr": 0.009316312479436052,
  "nDCG@3_ci90_low": 0.18375759242109904,
  "nDCG@3_ci90_high": 0.21442469005644735,
  "nDCG@3_ci95_low": 0.18081658956859237,
  "nDCG@3_ci95_high": 0.21736569290895402,
  "nDCG@5": 0.22718800988489493,
  "nDCG@5_std": 0.35844605314435224,
  "nDCG@5_stderr": 0.009304795919250321,
  "nDCG@5_ci90_low": 0.21187341596361453,
  "nDCG@5_ci90_high": 0.24250260380617533,
  "nDCG@5_ci95_low": 0.20893604869508298,
  "nDCG@5_ci95_high": 0.2454399710747069,
  "nDCG@10": 0.2594020068968849,
  "nDCG@10_std": 0.35100782850464796,
  "nDCG@10_stderr": 0.009111709228333082,
  "nDCG@10_ci90_low": 0.24440521083905725,
  "nDCG@10_ci90_high": 0.2743988029547126,
  "nDCG@10_ci95_low": 0.24152879778497716,
  "nDCG@10_ci95_high": 0.2772752160087927,
  "nDCG@100": 0.31969961926425505,
  "nDCG@100_std": 0.3190826274896904,
  "nDCG@100_stderr": 0.008282972302596609,
  "nDCG@100_ci90_low": 0.3060668261996544,
  "nDCG@100_ci90_high": 0.3333324123288557,
  "nDCG@100_ci95_low": 0.30345203142726557,
  "nDCG@100_ci95_high": 0.33594720710124454,
  "RR@1": 0.13140161725067384,
  "RR@3": 0.18429919137466322,
  "RR@5": 0.19983153638814008,
  "RR@10": 0.21350677063278123,
  "RR@100": 0.22451282765902333,
  "P@1": 0.1320754716981132,
  "P@3": 0.08513027852650445,
  "P@5": 0.06522911051212994,
  "P@10": 0.04285714285714328,
  "P@100": 0.007412398921832758,
  "R@1": 0.12881850853548965,
  "R@3": 0.24876460017969454,
  "R@5": 0.3164869721473495,
  "R@10": 0.415599730458221,
  "R@100": 0.709681042228212,
  "AP": 0.2203169898747686
}