{
  "nDCG@1": 0.12668463611859837,
  "nDCG@1_std": 0.33273148585432827,
  "nDCG@1_stderr": 0.008637279012071139,
  "nDCG@1_ci90_low": 0.11246869610200907,
  "nDCG@1_ci90_high": 0.14090057613518767,
  "nDCG@1_ci95_low": 0.10974205267216838,
  "nDCG@1_ci95_high": 0.14362721956502836,
  "nDCG@3": 0.19297853784012714,
  "nDCG@3_std": 0.35331881234855955,
  "nDCG@3_stderr": 0.009171699379854216,
  "nDCG@3_ci90_low": 0.17788300508589094,
  "nDCG@3_ci90_high": 0.20807407059436334,
  "nDCG@3_ci95_low": 0.17498765415192166,
  "nDCG@3_ci95_high": 0.21096942152833262,
  "nDCG@5": 0.22118761946293333,
  "nDCG@5_std": 0.35348923041015756,
  "nDCG@5_stderr": 0.009176123212311607,
  "nDCG@5_ci90_low": 0.20608480560352851,
  "nDCG@5_ci90_high": 0.23629043332233815,
  "nDCG@5_ci95_low": 0.20318805814020224,
  "nDCG@5_ci95_high": 0.23918718078566442,
  "nDCG@10": 0.24991983805750162,
  "nDCG@10_std": 0.34726342956042267,
  "nDCG@10_stderr": 0.009014509474811897,
  "nDCG@10_ci90_low": 0.23508302130146022,
  "nDCG@10_ci90_high": 0.264756654813543,
  "nDCG@10_ci95_low": 0.23223729257156955,
  "nDCG@10_ci95_high": 0.2676023835434337,
  "nDCG@100": 0.31076662448335035,
  "nDCG@100_std": 0.3166882491595947,
  "nDCG@100_stderr": 0.008220817338078019,
  "nDCG@100_ci90_low": 0.29723613114139324,
  "nDCG@100_ci90_high": 0.32429711782530746,
  "nDCG@100_ci95_low": 0.29464095764387577,
  "nDCG@100_ci95_high": 0.32689229132282493,
  "RR@1": 0.12668463611859837,
  "RR@3": 0.17913297394429484,
  "RR@5": 0.19463162623539976,
  "RR@10": 0.2068380182261583,
  "RR@100": 0.21804695640552807,
  "P@1": 0.12668463611859837,
  "P@3": 0.08310871518418643,
  "P@5": 0.06415094339622696,
  "P@10": 0.041172506738544876,
  "P@100": 0.0072371967654985304,
  "R@1": 0.12241689128481581,
  "R@3": 0.24236298292902067,
  "R@5": 0.31081536388140163,
  "R@10": 0.39942722371967654,
  "R@100": 0.6940139263252472,
  "AP": 0.2129839857473307
}