{
  "nDCG@1": 0.12331536388140162,
  "nDCG@1_std": 0.3289096890537091,
  "nDCG@1_stderr": 0.008538070110305706,
  "nDCG@1_ci90_low": 0.10926270998705499,
  "nDCG@1_ci90_high": 0.13736801777574822,
  "nDCG@1_ci95_low": 0.10656738513564651,
  "nDCG@1_ci95_high": 0.14006334262715672,
  "nDCG@3": 0.18059337023131378,
  "nDCG@3_std": 0.3493314769051725,
  "nDCG@3_stderr": 0.009068193309033096,
  "nDCG@3_ci90_low": 0.16566819623150586,
  "nDCG@3_ci90_high": 0.1955185442311217,
  "nDCG@3_ci95_low": 0.16280552041982432,
  "nDCG@3_ci95_high": 0.19838122004280323,
  "nDCG@5": 0.20858728726643075,
  "nDCG@5_std": 0.35054444685349373,
  "nDCG@5_stderr": 0.009099680440015029,
  "nDCG@5_ci90_low": 0.19361028917193884,
  "nDCG@5_ci90_high": 0.22356428536092265,
  "nDCG@5_ci95_low": 0.19073767340362324,
  "nDCG@5_ci95_high": 0.22643690112923825,
  "nDCG@10": 0.234974640546835,
  "nDCG@10_std": 0.3460758286437133,
  "nDCG@10_stderr": 0.008983680891077862,
  "nDCG@10_ci90_low": 0.22018856399457154,
  "nDCG@10_ci90_high": 0.24976071709909847,
  "nDCG@10_ci95_low": 0.21735256732904654,
  "nDCG@10_ci95_high": 0.25259671376462345,
  "nDCG@100": 0.29546496133736316,
  "nDCG@100_std": 0.3180502170776857,
  "nDCG@100_stderr": 0.0082561722636386,
  "nDCG@100_ci90_low": 0.2818762779681582,
  "nDCG@100_ci90_high": 0.30905364470656815,
  "nDCG@100_ci95_low": 0.2792699435164377,
  "nDCG@100_ci95_high": 0.31165997915828864,
  "RR@1": 0.12264150943396226,
  "RR@3": 0.1690251572327045,
  "RR@5": 0.18438903863432157,
  "RR@10": 0.19537206391990736,
  "RR@100": 0.2064689734820231,
  "P@1": 0.12331536388140162,
  "P@3": 0.0759209344115001,
  "P@5": 0.05970350404312715,
  "P@10": 0.03820754716981167,
  "P@100": 0.006954177897574008,
  "R@1": 0.12005840071877807,
  "R@3": 0.22136118598382748,
  "R@5": 0.2886904761904762,
  "R@10": 0.3698899371069183,
  "R@100": 0.663578167115903,
  "AP": 0.20273111809178757
}