{
  "nDCG@1": 0.15566037735849056,
  "nDCG@1_std": 0.36265527548943227,
  "nDCG@1_stderr": 0.009414061887047001,
  "nDCG@1_ci90_low": 0.14016594457338727,
  "nDCG@1_ci90_high": 0.17115481014359385,
  "nDCG@1_ci95_low": 0.13719408388015775,
  "nDCG@1_ci95_high": 0.17412667083682337,
  "nDCG@3": 0.2327819294468708,
  "nDCG@3_std": 0.3801226581223401,
  "nDCG@3_stderr": 0.00986749254757993,
  "nDCG@3_ci90_low": 0.21654120340635571,
  "nDCG@3_ci90_high": 0.24902265548738586,
  "nDCG@3_ci95_low": 0.21342620229474876,
  "nDCG@3_ci95_high": 0.2521376565989928,
  "nDCG@5": 0.26296357014401034,
  "nDCG@5_std": 0.3768852853105774,
  "nDCG@5_stderr": 0.00978345453666103,
  "nDCG@5_ci90_low": 0.2468611607331499,
  "nDCG@5_ci90_high": 0.2790659795548708,
  "nDCG@5_ci95_low": 0.24377268900539276,
  "nDCG@5_ci95_high": 0.28215445128262795,
  "nDCG@10": 0.29313288749125754,
  "nDCG@10_std": 0.36775596489050266,
  "nDCG@10_stderr": 0.009546469186578152,
  "nDCG@10_ci90_low": 0.2774205279464348,
  "nDCG@10_ci90_high": 0.3088452470360803,
  "nDCG@10_ci95_low": 0.2744068685000534,
  "nDCG@10_ci95_high": 0.3118589064824617,
  "nDCG@100": 0.3593417734512488,
  "nDCG@100_std": 0.3275467834814244,
  "nDCG@100_stderr": 0.008502690844455034,
  "nDCG@100_ci90_low": 0.34534734964538966,
  "nDCG@100_ci90_high": 0.3733361972571079,
  "nDCG@100_ci95_low": 0.3426631934320036,
  "nDCG@100_ci95_high": 0.376020353470494,
  "RR@1": 0.15498652291105122,
  "RR@3": 0.2164195867026056,
  "RR@5": 0.23309748427672938,
  "RR@10": 0.2459742544816667,
  "RR@100": 0.2584708782957617,
  "P@1": 0.15566037735849056,
  "P@3": 0.09883198562443836,
  "P@5": 0.07425876010781739,
  "P@10": 0.04669811320754739,
  "P@100": 0.008052560646900131,
  "R@1": 0.15206648697214734,
  "R@3": 0.28751123090745734,
  "R@5": 0.3602875112309075,
  "R@10": 0.4517632524707996,
  "R@100": 0.7671271338724168,
  "AP": 0.25448383206389075
}