nDCG@1,nDCG@1_std,nDCG@1_stderr,nDCG@1_ci90_low,nDCG@1_ci90_high,nDCG@1_ci95_low,nDCG@1_ci95_high,nDCG@3,nDCG@3_std,nDCG@3_stderr,nDCG@3_ci90_low,nDCG@3_ci90_high,nDCG@3_ci95_low,nDCG@3_ci95_high,nDCG@5,nDCG@5_std,nDCG@5_stderr,nDCG@5_ci90_low,nDCG@5_ci90_high,nDCG@5_ci95_low,nDCG@5_ci95_high,nDCG@10,nDCG@10_std,nDCG@10_stderr,nDCG@10_ci90_low,nDCG@10_ci90_high,nDCG@10_ci95_low,nDCG@10_ci95_high,nDCG@100,nDCG@100_std,nDCG@100_stderr,nDCG@100_ci90_low,nDCG@100_ci90_high,nDCG@100_ci95_low,nDCG@100_ci95_high,RR@1,RR@3,RR@5,RR@10,RR@100,P@1,P@3,P@5,P@10,P@100,R@1,R@3,R@5,R@10,R@100,AP
0.13274932614555257,0.3394179925516408,0.008810852077488985,0.11824770538586964,0.14725094690523552,0.11546626786430658,0.15003238442679856,0.19317567664166813,0.3584190560317385,0.009304095109125405,0.17786223617099237,0.20848911711234389,0.17492509013640728,0.21142626314692897,0.22108104031704207,0.3585196004600406,0.00930670511243821,0.20576330408950977,0.23639877654457436,0.20282533412086223,0.2393367465132219,0.2512409153303425,0.3523027668809166,0.009145324153685134,0.23618879307987947,0.26629303758080547,0.23330176836034,0.26918006230034497,0.3130416173000774,0.32096089530638316,0.008331729705733598,0.2993285753147934,0.3267546592853614,0.2966983886518874,0.3293848459482674,0.13274932614555257,0.18081761006289315,0.19621518418688214,0.2089047726008641,0.21995971118076693,0.13274932614555257,0.08131176999101486,0.06280323450134823,0.040902964959569126,0.007324797843665644,0.12949236298292902,0.2367475292003594,0.30385220125786166,0.39650718778077276,0.6978324348607369,0.21596003848166068
