{
  "nDCG@1": 0.13274932614555257,
  "nDCG@1_std": 0.3394179925516408,
  "nDCG@1_stderr": 0.008810852077488985,
  "nDCG@1_ci90_low": 0.11824770538586964,
  "nDCG@1_ci90_high": 0.14725094690523552,
  "nDCG@1_ci95_low": 0.11546626786430658,
  "nDCG@1_ci95_high": 0.15003238442679856,
  "nDCG@3": 0.19317567664166813,
  "nDCG@3_std": 0.3584190560317385,
  "nDCG@3_stderr": 0.009304095109125405,
  "nDCG@3_ci90_low": 0.17786223617099237,
  "nDCG@3_ci90_high": 0.20848911711234389,
  "nDCG@3_ci95_low": 0.17492509013640728,
  "nDCG@3_ci95_high": 0.21142626314692897,
  "nDCG@5": 0.22108104031704207,
  "nDCG@5_std": 0.3585196004600406,
  "nDCG@5_stderr": 0.00930670511243821,
  "nDCG@5_ci90_low": 0.20576330408950977,
  "nDCG@5_ci90_high": 0.23639877654457436,
  "nDCG@5_ci95_low": 0.20282533412086223,
  "nDCG@5_ci95_high": 0.2393367465132219,
  "nDCG@10": 0.2512409153303425,
  "nDCG@10_std": 0.3523027668809166,
  "nDCG@10_stderr": 0.009145324153685134,
  "nDCG@10_ci90_low": 0.23618879307987947,
  "nDCG@10_ci90_high": 0.26629303758080547,
  "nDCG@10_ci95_low": 0.23330176836034,
  "nDCG@10_ci95_high": 0.26918006230034497,
  "nDCG@100": 0.3130416173000774,
  "nDCG@100_std": 0.32096089530638316,
  "nDCG@100_stderr": 0.008331729705733598,
  "nDCG@100_ci90_low": 0.2993285753147934,
  "nDCG@100_ci90_high": 0.3267546592853614,
  "nDCG@100_ci95_low": 0.2966983886518874,
  "nDCG@100_ci95_high": 0.3293848459482674,
  "RR@1": 0.13274932614555257,
  "RR@3": 0.18081761006289315,
  "RR@5": 0.19621518418688214,
  "RR@10": 0.2089047726008641,
  "RR@100": 0.21995971118076693,
  "P@1": 0.13274932614555257,
  "P@3": 0.08131176999101486,
  "P@5": 0.06280323450134823,
  "P@10": 0.040902964959569126,
  "P@100": 0.007324797843665644,
  "R@1": 0.12949236298292902,
  "R@3": 0.2367475292003594,
  "R@5": 0.30385220125786166,
  "R@10": 0.39650718778077276,
  "R@100": 0.6978324348607369,
  "AP": 0.21596003848166068
}