{
  "nDCG@1": 0.15768194070080863,
  "nDCG@1_std": 0.3645653670629918,
  "nDCG@1_stderr": 0.00946364539375085,
  "nDCG@1_ci90_low": 0.14210589932622608,
  "nDCG@1_ci90_high": 0.17325798207539117,
  "nDCG@1_ci95_low": 0.13911838595550477,
  "nDCG@1_ci95_high": 0.17624549544611248,
  "nDCG@3": 0.23178274166345483,
  "nDCG@3_std": 0.380548490221221,
  "nDCG@3_stderr": 0.009878546598088213,
  "nDCG@3_ci90_low": 0.21552382196278977,
  "nDCG@3_ci90_high": 0.2480416613641199,
  "nDCG@3_ci95_low": 0.21240533127371874,
  "nDCG@3_ci95_high": 0.2511601520531909,
  "nDCG@5": 0.2618325348003958,
  "nDCG@5_std": 0.3772136242742253,
  "nDCG@5_stderr": 0.009791977791477986,
  "nDCG@5_ci90_low": 0.2457160971198622,
  "nDCG@5_ci90_high": 0.2779489724809294,
  "nDCG@5_ci95_low": 0.24262493474419206,
  "nDCG@5_ci95_high": 0.28104013485659957,
  "nDCG@10": 0.2925842374157094,
  "nDCG@10_std": 0.3680069066037219,
  "nDCG@10_stderr": 0.009552983308880934,
  "nDCG@10_ci90_low": 0.27686115639578,
  "nDCG@10_ci90_high": 0.30830731843563874,
  "nDCG@10_ci95_low": 0.2738454405507627,
  "nDCG@10_ci95_high": 0.31132303428065605,
  "nDCG@100": 0.3583858921964985,
  "nDCG@100_std": 0.32849942689551287,
  "nDCG@100_stderr": 0.008527420235319163,
  "nDCG@100_ci90_low": 0.3443507667371812,
  "nDCG@100_ci90_high": 0.37242101765581587,
  "nDCG@100_ci95_low": 0.34165880387183567,
  "nDCG@100_ci95_high": 0.3751129805211614,
  "RR@1": 0.15633423180592992,
  "RR@3": 0.21484725965858037,
  "RR@5": 0.23172731356693596,
  "RR@10": 0.244766129722329,
  "RR@100": 0.2572373552508889,
  "P@1": 0.15768194070080863,
  "P@3": 0.09770889487870604,
  "P@5": 0.07398921832884164,
  "P@10": 0.046630727762803456,
  "P@100": 0.008025606469002557,
  "R@1": 0.15375112309074573,
  "R@3": 0.28605121293800534,
  "R@5": 0.35860287511230915,
  "R@10": 0.4519317160826595,
  "R@100": 0.7643194070080862,
  "AP": 0.2539657657599988
}