{
  "nDCG@1": 0.15633423180592992,
  "nDCG@1_std": 0.363294339279894,
  "nDCG@1_stderr": 0.009430651156471135,
  "nDCG@1_ci90_low": 0.1408124950448033,
  "nDCG@1_ci90_high": 0.17185596856705654,
  "nDCG@1_ci95_low": 0.13783539739877673,
  "nDCG@1_ci95_high": 0.17483306621308312,
  "nDCG@3": 0.2338656839219453,
  "nDCG@3_std": 0.3803587140586963,
  "nDCG@3_stderr": 0.009873620254368871,
  "nDCG@3_ci90_low": 0.21761487240057112,
  "nDCG@3_ci90_high": 0.2501164954433195,
  "nDCG@3_ci95_low": 0.2144979368751942,
  "nDCG@3_ci95_high": 0.2532334309686964,
  "nDCG@5": 0.2647162730593071,
  "nDCG@5_std": 0.3768977099106761,
  "nDCG@5_stderr": 0.009783777063209398,
  "nDCG@5_ci90_low": 0.24861333280788234,
  "nDCG@5_ci90_high": 0.2808192133107319,
  "nDCG@5_ci95_low": 0.24552475926392903,
  "nDCG@5_ci95_high": 0.2839077868546852,
  "nDCG@10": 0.2935490266139761,
  "nDCG@10_std": 0.36813587822176075,
  "nDCG@10_stderr": 0.009556331245271082,
  "nDCG@10_ci90_low": 0.2778204352865951,
  "nDCG@10_ci90_high": 0.30927761794135705,
  "nDCG@10_ci95_low": 0.27480366255447847,
  "nDCG@10_ci95_high": 0.3122943906734737,
  "nDCG@100": 0.3609885301542364,
  "nDCG@100_std": 0.32728070233866424,
  "nDCG@100_stderr": 0.00849578372214297,
  "nDCG@100_ci90_low": 0.34700547465503245,
  "nDCG@100_ci90_high": 0.3749715856534403,
  "nDCG@100_ci95_low": 0.34432349890376235,
  "nDCG@100_ci95_high": 0.3776535614047104,
  "RR@1": 0.15566037735849056,
  "RR@3": 0.21743036837376462,
  "RR@5": 0.23454627133872394,
  "RR@10": 0.24673528216317966,
  "RR@100": 0.25967873601541575,
  "P@1": 0.15633423180592992,
  "P@3": 0.09928122192273127,
  "P@5": 0.07493261455525675,
  "P@10": 0.04649595687331559,
  "P@100": 0.008066037735848916,
  "R@1": 0.15206648697214734,
  "R@3": 0.2891958670260557,
  "R@5": 0.3633198562443846,
  "R@10": 0.45058400718778074,
  "R@100": 0.7679132973944296,
  "AP": 0.2558752358723425
}