nDCG@1,nDCG@1_std,nDCG@1_stderr,nDCG@1_ci90_low,nDCG@1_ci90_high,nDCG@1_ci95_low,nDCG@1_ci95_high,nDCG@3,nDCG@3_std,nDCG@3_stderr,nDCG@3_ci90_low,nDCG@3_ci90_high,nDCG@3_ci95_low,nDCG@3_ci95_high,nDCG@5,nDCG@5_std,nDCG@5_stderr,nDCG@5_ci90_low,nDCG@5_ci90_high,nDCG@5_ci95_low,nDCG@5_ci95_high,nDCG@10,nDCG@10_std,nDCG@10_stderr,nDCG@10_ci90_low,nDCG@10_ci90_high,nDCG@10_ci95_low,nDCG@10_ci95_high,nDCG@100,nDCG@100_std,nDCG@100_stderr,nDCG@100_ci90_low,nDCG@100_ci90_high,nDCG@100_ci95_low,nDCG@100_ci95_high,RR@1,RR@3,RR@5,RR@10,RR@100,P@1,P@3,P@5,P@10,P@100,R@1,R@3,R@5,R@10,R@100,AP
0.15768194070080863,0.3645653670629918,0.00946364539375085,0.14210589932622608,0.17325798207539117,0.13911838595550477,0.17624549544611248,0.23178274166345483,0.380548490221221,0.009878546598088213,0.21552382196278977,0.2480416613641199,0.21240533127371874,0.2511601520531909,0.2618325348003958,0.3772136242742253,0.009791977791477986,0.2457160971198622,0.2779489724809294,0.24262493474419206,0.28104013485659957,0.2925842374157094,0.3680069066037219,0.009552983308880934,0.27686115639578,0.30830731843563874,0.2738454405507627,0.31132303428065605,0.3583858921964985,0.32849942689551287,0.008527420235319163,0.3443507667371812,0.37242101765581587,0.34165880387183567,0.3751129805211614,0.15633423180592992,0.21484725965858037,0.23172731356693596,0.244766129722329,0.2572373552508889,0.15768194070080863,0.09770889487870604,0.07398921832884164,0.046630727762803456,0.008025606469002557,0.15375112309074573,0.28605121293800534,0.35860287511230915,0.4519317160826595,0.7643194070080862,0.2539657657599988
