nDCG@1,nDCG@1_std,nDCG@1_stderr,nDCG@1_ci90_low,nDCG@1_ci90_high,nDCG@1_ci95_low,nDCG@1_ci95_high,nDCG@3,nDCG@3_std,nDCG@3_stderr,nDCG@3_ci90_low,nDCG@3_ci90_high,nDCG@3_ci95_low,nDCG@3_ci95_high,nDCG@5,nDCG@5_std,nDCG@5_stderr,nDCG@5_ci90_low,nDCG@5_ci90_high,nDCG@5_ci95_low,nDCG@5_ci95_high,nDCG@10,nDCG@10_std,nDCG@10_stderr,nDCG@10_ci90_low,nDCG@10_ci90_high,nDCG@10_ci95_low,nDCG@10_ci95_high,nDCG@100,nDCG@100_std,nDCG@100_stderr,nDCG@100_ci90_low,nDCG@100_ci90_high,nDCG@100_ci95_low,nDCG@100_ci95_high,RR@1,RR@3,RR@5,RR@10,RR@100,P@1,P@3,P@5,P@10,P@100,R@1,R@3,R@5,R@10,R@100,AP
0.15633423180592992,0.363294339279894,0.009430651156471135,0.1408124950448033,0.17185596856705654,0.13783539739877673,0.17483306621308312,0.2338656839219453,0.3803587140586963,0.009873620254368871,0.21761487240057112,0.2501164954433195,0.2144979368751942,0.2532334309686964,0.2647162730593071,0.3768977099106761,0.009783777063209398,0.24861333280788234,0.2808192133107319,0.24552475926392903,0.2839077868546852,0.2935490266139761,0.36813587822176075,0.009556331245271082,0.2778204352865951,0.30927761794135705,0.27480366255447847,0.3122943906734737,0.3609885301542364,0.32728070233866424,0.00849578372214297,0.34700547465503245,0.3749715856534403,0.34432349890376235,0.3776535614047104,0.15566037735849056,0.21743036837376462,0.23454627133872394,0.24673528216317966,0.25967873601541575,0.15633423180592992,0.09928122192273127,0.07493261455525675,0.04649595687331559,0.008066037735848916,0.15206648697214734,0.2891958670260557,0.3633198562443846,0.45058400718778074,0.7679132973944296,0.2558752358723425
