{
  "nDCG@1": 0.7836927223719676,
  "nDCG@1_std": 0.41186496215897694,
  "nDCG@1_stderr": 0.01069148170432134,
  "nDCG@1_ci90_low": 0.7660958076046341,
  "nDCG@1_ci90_high": 0.8012896371393011,
  "nDCG@1_ci95_low": 0.762720687001999,
  "nDCG@1_ci95_high": 0.8046647577419362,
  "nDCG@3": 0.8536292016275095,
  "nDCG@3_std": 0.3047947671021357,
  "nDCG@3_stderr": 0.007912077927103519,
  "nDCG@3_ci90_low": 0.840606856851905,
  "nDCG@3_ci90_high": 0.8666515464031141,
  "nDCG@3_ci95_low": 0.8381091471835969,
  "nDCG@3_ci95_high": 0.8691492560714222,
  "nDCG@5": 0.8676445564205529,
  "nDCG@5_std": 0.2738424822784839,
  "nDCG@5_stderr": 0.007108596647306571,
  "nDCG@5_ci90_low": 0.8559446468310854,
  "nDCG@5_ci90_high": 0.8793444660100205,
  "nDCG@5_ci95_low": 0.8537005826626501,
  "nDCG@5_ci95_high": 0.8815885301784557,
  "nDCG@10": 0.8800932527131394,
  "nDCG@10_std": 0.241901927282648,
  "nDCG@10_stderr": 0.006279461152085602,
  "nDCG@10_ci90_low": 0.8697580021151452,
  "nDCG@10_ci90_high": 0.8904285033111337,
  "nDCG@10_ci95_low": 0.8677756820500708,
  "nDCG@10_ci95_high": 0.892410823376208,
  "nDCG@100": 0.8863994459017028,
  "nDCG@100_std": 0.22296588060978723,
  "nDCG@100_stderr": 0.00578790587267118,
  "nDCG@100_ci90_low": 0.876873237174097,
  "nDCG@100_ci90_high": 0.8959256546293086,
  "nDCG@100_ci95_low": 0.87504609282711,
  "nDCG@100_ci95_high": 0.8977527989762957,
  "RR@1": 0.7830188679245284,
  "RR@3": 0.8409703504043127,
  "RR@5": 0.8485512129380055,
  "RR@10": 0.8532740769263679,
  "RR@100": 0.8545272344680861,
  "P@1": 0.7836927223719676,
  "P@3": 0.316936208445637,
  "P@5": 0.19757412398921353,
  "P@10": 0.10309973045821834,
  "P@100": 0.010619946091644015,
  "R@1": 0.7605008984725967,
  "R@3": 0.9015049415992812,
  "R@5": 0.9352538185085354,
  "R@10": 0.9717542677448338,
  "R@100": 0.9979784366576819,
  "AP": 0.8497692128936973
}