{
  "nDCG@1": 0.8140161725067385,
  "nDCG@1_std": 0.3892247803135805,
  "nDCG@1_stderr": 0.01010377186682093,
  "nDCG@1_ci90_low": 0.7973865586434732,
  "nDCG@1_ci90_high": 0.8306457863700039,
  "nDCG@1_ci95_low": 0.7941969681325294,
  "nDCG@1_ci95_high": 0.8338353768809477,
  "nDCG@3": 0.8742340130668677,
  "nDCG@3_std": 0.28473106646335317,
  "nDCG@3_stderr": 0.007391250209261077,
  "nDCG@3_ci90_low": 0.8620688891342482,
  "nDCG@3_ci90_high": 0.8863991369994871,
  "nDCG@3_ci95_low": 0.859735595999544,
  "nDCG@3_ci95_high": 0.8887324301341913,
  "nDCG@5": 0.8876491150454594,
  "nDCG@5_std": 0.25393156932682737,
  "nDCG@5_stderr": 0.00659173510020366,
  "nDCG@5_ci90_low": 0.8767998984508838,
  "nDCG@5_ci90_high": 0.898498331640035,
  "nDCG@5_ci95_low": 0.8747189987627874,
  "nDCG@5_ci95_high": 0.9005792313281314,
  "nDCG@10": 0.8976970364068434,
  "nDCG@10_std": 0.2254111155963522,
  "nDCG@10_stderr": 0.005851381010212826,
  "nDCG@10_ci90_low": 0.8880663551078901,
  "nDCG@10_ci90_high": 0.9073277177057967,
  "nDCG@10_ci95_low": 0.8862191727296558,
  "nDCG@10_ci95_high": 0.909174900084031,
  "nDCG@100": 0.9029263685277478,
  "nDCG@100_std": 0.20833946673361475,
  "nDCG@100_stderr": 0.005408223086504561,
  "nDCG@100_ci90_low": 0.8940250727740001,
  "nDCG@100_ci90_high": 0.9118276642814954,
  "nDCG@100_ci95_low": 0.8923177878842424,
  "nDCG@100_ci95_high": 0.9135349491712531,
  "RR@1": 0.8140161725067385,
  "RR@3": 0.8644429469901169,
  "RR@5": 0.8707434860736754,
  "RR@10": 0.8745381957814576,
  "RR@100": 0.875677545951391,
  "P@1": 0.8140161725067385,
  "P@3": 0.3218778077268588,
  "P@5": 0.20067385444743438,
  "P@10": 0.10377358490565769,
  "P@100": 0.010626684636118407,
  "R@1": 0.7904874213836479,
  "R@3": 0.9162735849056604,
  "R@5": 0.9482816711590296,
  "R@10": 0.9776504941599281,
  "R@100": 0.9986522911051213,
  "AP": 0.8711898866155914
}