nDCG@1,nDCG@1_std,nDCG@1_stderr,nDCG@1_ci90_low,nDCG@1_ci90_high,nDCG@1_ci95_low,nDCG@1_ci95_high,nDCG@3,nDCG@3_std,nDCG@3_stderr,nDCG@3_ci90_low,nDCG@3_ci90_high,nDCG@3_ci95_low,nDCG@3_ci95_high,nDCG@5,nDCG@5_std,nDCG@5_stderr,nDCG@5_ci90_low,nDCG@5_ci90_high,nDCG@5_ci95_low,nDCG@5_ci95_high,nDCG@10,nDCG@10_std,nDCG@10_stderr,nDCG@10_ci90_low,nDCG@10_ci90_high,nDCG@10_ci95_low,nDCG@10_ci95_high,nDCG@100,nDCG@100_std,nDCG@100_stderr,nDCG@100_ci90_low,nDCG@100_ci90_high,nDCG@100_ci95_low,nDCG@100_ci95_high,RR@1,RR@3,RR@5,RR@10,RR@100,P@1,P@3,P@5,P@10,P@100,R@1,R@3,R@5,R@10,R@100,AP
0.8140161725067385,0.3892247803135805,0.01010377186682093,0.7973865586434732,0.8306457863700039,0.7941969681325294,0.8338353768809477,0.8742340130668677,0.28473106646335317,0.007391250209261077,0.8620688891342482,0.8863991369994871,0.859735595999544,0.8887324301341913,0.8876491150454594,0.25393156932682737,0.00659173510020366,0.8767998984508838,0.898498331640035,0.8747189987627874,0.9005792313281314,0.8976970364068434,0.2254111155963522,0.005851381010212826,0.8880663551078901,0.9073277177057967,0.8862191727296558,0.909174900084031,0.9029263685277478,0.20833946673361475,0.005408223086504561,0.8940250727740001,0.9118276642814954,0.8923177878842424,0.9135349491712531,0.8140161725067385,0.8644429469901169,0.8707434860736754,0.8745381957814576,0.875677545951391,0.8140161725067385,0.3218778077268588,0.20067385444743438,0.10377358490565769,0.010626684636118407,0.7904874213836479,0.9162735849056604,0.9482816711590296,0.9776504941599281,0.9986522911051213,0.8711898866155914
