{
  "nDCG@1": 0.7425876010781671,
  "nDCG@1_std": 0.437355862866216,
  "nDCG@1_stderr": 0.011353192516305686,
  "nDCG@1_ci90_low": 0.7239015885523438,
  "nDCG@1_ci90_high": 0.7612736136039905,
  "nDCG@1_ci95_low": 0.7203175769974273,
  "nDCG@1_ci95_high": 0.764857625158907,
  "nDCG@3": 0.8197950780109323,
  "nDCG@3_std": 0.3340706355317645,
  "nDCG@3_stderr": 0.008672041605617834,
  "nDCG@3_ci90_low": 0.805521922875555,
  "nDCG@3_ci90_high": 0.8340682331463096,
  "nDCG@3_ci95_low": 0.8027843054807462,
  "nDCG@3_ci95_high": 0.8368058505411184,
  "nDCG@5": 0.8356959159111131,
  "nDCG@5_std": 0.3042728938942493,
  "nDCG@5_stderr": 0.007898530773626697,
  "nDCG@5_ci90_low": 0.8226958681483703,
  "nDCG@5_ci90_high": 0.848695963673856,
  "nDCG@5_ci95_low": 0.82020243508812,
  "nDCG@5_ci95_high": 0.8511893967341063,
  "nDCG@10": 0.8507696363707242,
  "nDCG@10_std": 0.271145165037873,
  "nDCG@10_stderr": 0.007038577780497477,
  "nDCG@10_ci90_low": 0.8391849695572741,
  "nDCG@10_ci90_high": 0.8623543031841744,
  "nDCG@10_ci95_low": 0.8369630091651419,
  "nDCG@10_ci95_high": 0.8645762635763066,
  "nDCG@100": 0.8597081299346839,
  "nDCG@100_std": 0.24735765976459498,
  "nDCG@100_stderr": 0.006421084910777396,
  "nDCG@100_ci90_low": 0.849139783374909,
  "nDCG@100_ci90_high": 0.8702764764944588,
  "nDCG@100_ci95_low": 0.8471127550758403,
  "nDCG@100_ci95_high": 0.8723035047935276,
  "RR@1": 0.7425876010781671,
  "RR@3": 0.806266846361186,
  "RR@5": 0.8147911051212938,
  "RR@10": 0.8204244748213751,
  "RR@100": 0.8221388845007266,
  "P@1": 0.7425876010781671,
  "P@3": 0.306828391734047,
  "P@5": 0.19231805929918683,
  "P@10": 0.10141509433962008,
  "P@100": 0.010592991913746441,
  "R@1": 0.7201819407008087,
  "R@3": 0.8735399820305481,
  "R@5": 0.9114442946990117,
  "R@10": 0.9562556154537286,
  "R@100": 0.9952830188679245,
  "AP": 0.8162844158488829
}