nDCG@1,nDCG@1_std,nDCG@1_stderr,nDCG@1_ci90_low,nDCG@1_ci90_high,nDCG@1_ci95_low,nDCG@1_ci95_high,nDCG@3,nDCG@3_std,nDCG@3_stderr,nDCG@3_ci90_low,nDCG@3_ci90_high,nDCG@3_ci95_low,nDCG@3_ci95_high,nDCG@5,nDCG@5_std,nDCG@5_stderr,nDCG@5_ci90_low,nDCG@5_ci90_high,nDCG@5_ci95_low,nDCG@5_ci95_high,nDCG@10,nDCG@10_std,nDCG@10_stderr,nDCG@10_ci90_low,nDCG@10_ci90_high,nDCG@10_ci95_low,nDCG@10_ci95_high,nDCG@100,nDCG@100_std,nDCG@100_stderr,nDCG@100_ci90_low,nDCG@100_ci90_high,nDCG@100_ci95_low,nDCG@100_ci95_high,RR@1,RR@3,RR@5,RR@10,RR@100,P@1,P@3,P@5,P@10,P@100,R@1,R@3,R@5,R@10,R@100,AP
0.7425876010781671,0.437355862866216,0.011353192516305686,0.7239015885523438,0.7612736136039905,0.7203175769974273,0.764857625158907,0.8197950780109323,0.3340706355317645,0.008672041605617834,0.805521922875555,0.8340682331463096,0.8027843054807462,0.8368058505411184,0.8356959159111131,0.3042728938942493,0.007898530773626697,0.8226958681483703,0.848695963673856,0.82020243508812,0.8511893967341063,0.8507696363707242,0.271145165037873,0.007038577780497477,0.8391849695572741,0.8623543031841744,0.8369630091651419,0.8645762635763066,0.8597081299346839,0.24735765976459498,0.006421084910777396,0.849139783374909,0.8702764764944588,0.8471127550758403,0.8723035047935276,0.7425876010781671,0.806266846361186,0.8147911051212938,0.8204244748213751,0.8221388845007266,0.7425876010781671,0.306828391734047,0.19231805929918683,0.10141509433962008,0.010592991913746441,0.7201819407008087,0.8735399820305481,0.9114442946990117,0.9562556154537286,0.9952830188679245,0.8162844158488829
