nDCG@1,nDCG@1_std,nDCG@1_stderr,nDCG@1_ci90_low,nDCG@1_ci90_high,nDCG@1_ci95_low,nDCG@1_ci95_high,nDCG@3,nDCG@3_std,nDCG@3_stderr,nDCG@3_ci90_low,nDCG@3_ci90_high,nDCG@3_ci95_low,nDCG@3_ci95_high,nDCG@5,nDCG@5_std,nDCG@5_stderr,nDCG@5_ci90_low,nDCG@5_ci90_high,nDCG@5_ci95_low,nDCG@5_ci95_high,nDCG@10,nDCG@10_std,nDCG@10_stderr,nDCG@10_ci90_low,nDCG@10_ci90_high,nDCG@10_ci95_low,nDCG@10_ci95_high,nDCG@100,nDCG@100_std,nDCG@100_stderr,nDCG@100_ci90_low,nDCG@100_ci90_high,nDCG@100_ci95_low,nDCG@100_ci95_high,RR@1,RR@3,RR@5,RR@10,RR@100,P@1,P@3,P@5,P@10,P@100,R@1,R@3,R@5,R@10,R@100,AP
0.7601078167115903,0.42716142124962087,0.011088557997607471,0.7418573613142186,0.778358272108962,0.7383568904172695,0.7818587430059112,0.8362340669602448,0.3195519972201748,0.008295156533708986,0.822581220091848,0.8498869138286417,0.8199625789630239,0.8525055549574657,0.8509841145132172,0.2897914279385401,0.007522610647997136,0.8386027868299704,0.863365442196464,0.8362280254184257,0.8657402036080087,0.8643175590047906,0.2584833729281312,0.0067098940343113395,0.8532738667753129,0.8753612512342682,0.8511556663029173,0.8774794517066639,0.8722121105213511,0.23588703017336607,0.006123322202901474,0.8621338461724698,0.8822903748702323,0.8602008165424202,0.8842234045002819,0.7601078167115903,0.8222147349505841,0.8303683737646005,0.835282965387413,0.836825321656143,0.7601078167115903,0.3122192273135618,0.19514824797843197,0.10222371967654725,0.010619946091644015,0.7373652291105122,0.8887017070979335,0.9237982929020664,0.9633310871518418,0.9979784366576819,0.8318602800262485
