{
  "nDCG@1": 0.7601078167115903,
  "nDCG@1_std": 0.42716142124962087,
  "nDCG@1_stderr": 0.011088557997607471,
  "nDCG@1_ci90_low": 0.7418573613142186,
  "nDCG@1_ci90_high": 0.778358272108962,
  "nDCG@1_ci95_low": 0.7383568904172695,
  "nDCG@1_ci95_high": 0.7818587430059112,
  "nDCG@3": 0.8362340669602448,
  "nDCG@3_std": 0.3195519972201748,
  "nDCG@3_stderr": 0.008295156533708986,
  "nDCG@3_ci90_low": 0.822581220091848,
  "nDCG@3_ci90_high": 0.8498869138286417,
  "nDCG@3_ci95_low": 0.8199625789630239,
  "nDCG@3_ci95_high": 0.8525055549574657,
  "nDCG@5": 0.8509841145132172,
  "nDCG@5_std": 0.2897914279385401,
  "nDCG@5_stderr": 0.007522610647997136,
  "nDCG@5_ci90_low": 0.8386027868299704,
  "nDCG@5_ci90_high": 0.863365442196464,
  "nDCG@5_ci95_low": 0.8362280254184257,
  "nDCG@5_ci95_high": 0.8657402036080087,
  "nDCG@10": 0.8643175590047906,
  "nDCG@10_std": 0.2584833729281312,
  "nDCG@10_stderr": 0.0067098940343113395,
  "nDCG@10_ci90_low": 0.8532738667753129,
  "nDCG@10_ci90_high": 0.8753612512342682,
  "nDCG@10_ci95_low": 0.8511556663029173,
  "nDCG@10_ci95_high": 0.8774794517066639,
  "nDCG@100": 0.8722121105213511,
  "nDCG@100_std": 0.23588703017336607,
  "nDCG@100_stderr": 0.006123322202901474,
  "nDCG@100_ci90_low": 0.8621338461724698,
  "nDCG@100_ci90_high": 0.8822903748702323,
  "nDCG@100_ci95_low": 0.8602008165424202,
  "nDCG@100_ci95_high": 0.8842234045002819,
  "RR@1": 0.7601078167115903,
  "RR@3": 0.8222147349505841,
  "RR@5": 0.8303683737646005,
  "RR@10": 0.835282965387413,
  "RR@100": 0.836825321656143,
  "P@1": 0.7601078167115903,
  "P@3": 0.3122192273135618,
  "P@5": 0.19514824797843197,
  "P@10": 0.10222371967654725,
  "P@100": 0.010619946091644015,
  "R@1": 0.7373652291105122,
  "R@3": 0.8887017070979335,
  "R@5": 0.9237982929020664,
  "R@10": 0.9633310871518418,
  "R@100": 0.9979784366576819,
  "AP": 0.8318602800262485
}