nDCG@1,nDCG@1_std,nDCG@1_stderr,nDCG@1_ci90_low,nDCG@1_ci90_high,nDCG@1_ci95_low,nDCG@1_ci95_high,nDCG@3,nDCG@3_std,nDCG@3_stderr,nDCG@3_ci90_low,nDCG@3_ci90_high,nDCG@3_ci95_low,nDCG@3_ci95_high,nDCG@5,nDCG@5_std,nDCG@5_stderr,nDCG@5_ci90_low,nDCG@5_ci90_high,nDCG@5_ci95_low,nDCG@5_ci95_high,nDCG@10,nDCG@10_std,nDCG@10_stderr,nDCG@10_ci90_low,nDCG@10_ci90_high,nDCG@10_ci95_low,nDCG@10_ci95_high,nDCG@100,nDCG@100_std,nDCG@100_stderr,nDCG@100_ci90_low,nDCG@100_ci90_high,nDCG@100_ci95_low,nDCG@100_ci95_high,RR@1,RR@3,RR@5,RR@10,RR@100,P@1,P@3,P@5,P@10,P@100,R@1,R@3,R@5,R@10,R@100,AP
0.8146900269541779,0.38867980069231334,0.010089624900738984,0.7980836973244029,0.831296356583953,0.7948985727722483,0.8344814811361075,0.8734367108200586,0.28589498797763613,0.007421464106335474,0.8612218583852248,0.8856515632548924,0.8588790272323747,0.8879943944077424,0.8870682770853882,0.25482469065840996,0.006614919374792836,0.8761809019160546,0.8979556522547217,0.8740926833431687,0.9000438708276076,0.897754545274186,0.22417833864789816,0.005819379715126166,0.8881765343232404,0.9073325562251315,0.8863394542145833,0.9091696363337887,0.9027712504330174,0.20814780210672038,0.0054032477206927545,0.8938781435431287,0.9116643573229062,0.8921724292925136,0.9133700715735212,0.8146900269541779,0.8643306379155434,0.8709007187780777,0.8750200551918882,0.8760502790503254,0.8146900269541779,0.3212039532794194,0.20040431266845865,0.10384097035040162,0.010626684636118407,0.7904874213836479,0.914588948787062,0.9469339622641509,0.9784928122192272,0.9986522911051213,0.8707519770298792
