{
  "nDCG@1": 0.1597035040431267,
  "nDCG@1_std": 0.36645434358882595,
  "nDCG@1_stderr": 0.009512680781126319,
  "nDCG@1_ci90_low": 0.14404675621867194,
  "nDCG@1_ci90_high": 0.17536025186758145,
  "nDCG@1_ci95_low": 0.14104376320249398,
  "nDCG@1_ci95_high": 0.1783632448837594,
  "nDCG@3": 0.24266029374302467,
  "nDCG@3_std": 0.3825510172872507,
  "nDCG@3_stderr": 0.00993052961061891,
  "nDCG@3_ci90_low": 0.2263158161499973,
  "nDCG@3_ci90_high": 0.25900477133605204,
  "nDCG@3_ci95_low": 0.2231809152998811,
  "nDCG@3_ci95_high": 0.26213967218616824,
  "nDCG@5": 0.28109226025632106,
  "nDCG@5_std": 0.377172622941233,
  "nDCG@5_stderr": 0.009790913449905346,
  "nDCG@5_ci90_low": 0.26497757435617253,
  "nDCG@5_ci90_high": 0.2972069461564696,
  "nDCG@5_ci95_low": 0.26188674797520073,
  "nDCG@5_ci95_high": 0.3002977725374414,
  "nDCG@10": 0.3165843375729775,
  "nDCG@10_std": 0.3645819386077839,
  "nDCG@10_stderr": 0.009464075569619727,
  "nDCG@10_ci90_low": 0.301007588179777,
  "nDCG@10_ci90_high": 0.33216108696617797,
  "nDCG@10_ci95_low": 0.2980199390097832,
  "nDCG@10_ci95_high": 0.3351487361361718,
  "nDCG@100": 0.3761790465205957,
  "nDCG@100_std": 0.3242670628437067,
  "nDCG@100_stderr": 0.00841755353874776,
  "nDCG@100_ci90_low": 0.3623247486536367,
  "nDCG@100_ci90_high": 0.3900333443875547,
  "nDCG@100_ci95_low": 0.3596674688529399,
  "nDCG@100_ci95_high": 0.3926906241882515,
  "RR@1": 0.15902964959568733,
  "RR@3": 0.22517969451931713,
  "RR@5": 0.24660826594788815,
  "RR@10": 0.2613541800367942,
  "RR@100": 0.27199125570385096,
  "P@1": 0.1597035040431267,
  "P@3": 0.1037735849056604,
  "P@5": 0.08140161725067464,
  "P@10": 0.052156334231805865,
  "P@100": 0.008335579514824654,
  "R@1": 0.15526729559748428,
  "R@3": 0.30250449236298294,
  "R@5": 0.395159478885894,
  "R@10": 0.5032008086253369,
  "R@100": 0.7928459119496857,
  "AP": 0.2674157382819819
}