{
  "nDCG@1": 0.17318059299191374,
  "nDCG@3": 0.26434311967297897,
  "nDCG@5": 0.30020502112798714,
  "nDCG@10": 0.33400554317460146,
  "nDCG@100": 0.3979888074939284,
  "RR@1": 0.17318059299191374,
  "RR@3": 0.2453953279424974,
  "RR@5": 0.26530772686433,
  "RR@10": 0.2791383219954645,
  "RR@100": 0.2912852221197524,
  "P@1": 0.17318059299191374,
  "P@3": 0.1136567834681045,
  "P@5": 0.08598382749326232,
  "P@10": 0.05397574123989201,
  "P@100": 0.00868598382749311,
  "R@1": 0.168070530098832,
  "R@3": 0.3304694519317161,
  "R@5": 0.4173966756513926,
  "R@10": 0.5200471698113207,
  "R@100": 0.8242924528301887,
  "AP": 0.28602602981668035
}