{
  "nDCG@1": 0.17857142857142858,
  "nDCG@3": 0.2672211577287544,
  "nDCG@5": 0.30311847504320244,
  "nDCG@10": 0.336275928690428,
  "nDCG@100": 0.40090986094999825,
  "RR@1": 0.1778975741239892,
  "RR@3": 0.2484276729559746,
  "RR@5": 0.2682053009883193,
  "RR@10": 0.2821391135070377,
  "RR@100": 0.2943644266347894,
  "P@1": 0.17857142857142858,
  "P@3": 0.11410601976639742,
  "P@5": 0.08625336927223803,
  "P@10": 0.05390835579514808,
  "P@100": 0.008699460916441897,
  "R@1": 0.17312443845462713,
  "R@3": 0.33148023360287515,
  "R@5": 0.4182951482479784,
  "R@10": 0.5190363881401617,
  "R@100": 0.8256401617250674,
  "AP": 0.2894851414293935
}