nDCG@1,nDCG@3,nDCG@5,nDCG@10,nDCG@100,RR@1,RR@3,RR@5,RR@10,RR@100,P@1,P@3,P@5,P@10,P@100,R@1,R@3,R@5,R@10,R@100,AP
0.1597035040431267,0.24266029374302467,0.28109226025632106,0.3165843375729775,0.3761790465205957,0.15902964959568733,0.22517969451931713,0.24660826594788815,0.2613541800367942,0.27199125570385096,0.1597035040431267,0.1037735849056604,0.08140161725067464,0.052156334231805865,0.008335579514824654,0.15526729559748428,0.30250449236298294,0.395159478885894,0.5032008086253369,0.7928459119496857,0.2674157382819819
