{
  "nDCG@1": 0.14555256064690028,
  "nDCG@3": 0.21502727849539513,
  "nDCG@5": 0.24571803372329948,
  "nDCG@10": 0.27958972109782454,
  "nDCG@100": 0.3416050953267051,
  "RR@1": 0.14622641509433962,
  "RR@3": 0.19991015274034146,
  "RR@5": 0.21732929020664837,
  "RR@10": 0.23147408334402914,
  "RR@100": 0.24280266959811705,
  "P@1": 0.14555256064690028,
  "P@3": 0.09254267744833752,
  "P@5": 0.07088948787062059,
  "P@10": 0.046159029649595944,
  "P@100": 0.00785040431266833,
  "R@1": 0.14145327942497754,
  "R@3": 0.2685871518418688,
  "R@5": 0.3429357592093441,
  "R@10": 0.4456985624438454,
  "R@100": 0.74668688230009,
  "AP": 0.23775237919215042
}