nDCG@1,nDCG@3,nDCG@5,nDCG@10,nDCG@100,RR@1,RR@3,RR@5,RR@10,RR@100,P@1,P@3,P@5,P@10,P@100,R@1,R@3,R@5,R@10,R@100,AP
0.14555256064690028,0.21502727849539513,0.24571803372329948,0.27958972109782454,0.3416050953267051,0.14622641509433962,0.19991015274034146,0.21732929020664837,0.23147408334402914,0.24280266959811705,0.14555256064690028,0.09254267744833752,0.07088948787062059,0.046159029649595944,0.00785040431266833,0.14145327942497754,0.2685871518418688,0.3429357592093441,0.4456985624438454,0.74668688230009,0.23775237919215042
