{
  "nDCG@1": 0.1597035040431267,
  "nDCG@3": 0.24266029374302467,
  "nDCG@5": 0.28109226025632106,
  "nDCG@10": 0.3165843375729775,
  "nDCG@100": 0.3761790465205957,
  "RR@1": 0.15902964959568733,
  "RR@3": 0.22517969451931713,
  "RR@5": 0.24660826594788815,
  "RR@10": 0.2613541800367942,
  "RR@100": 0.27199125570385096,
  "P@1": 0.1597035040431267,
  "P@3": 0.1037735849056604,
  "P@5": 0.08140161725067464,
  "P@10": 0.052156334231805865,
  "P@100": 0.008335579514824654,
  "R@1": 0.15526729559748428,
  "R@3": 0.30250449236298294,
  "R@5": 0.395159478885894,
  "R@10": 0.5032008086253369,
  "R@100": 0.7928459119496857,
  "AP": 0.2674157382819819
}