nDCG@1,nDCG@1_std,nDCG@1_stderr,nDCG@1_ci90_low,nDCG@1_ci90_high,nDCG@1_ci95_low,nDCG@1_ci95_high,nDCG@3,nDCG@3_std,nDCG@3_stderr,nDCG@3_ci90_low,nDCG@3_ci90_high,nDCG@3_ci95_low,nDCG@3_ci95_high,nDCG@5,nDCG@5_std,nDCG@5_stderr,nDCG@5_ci90_low,nDCG@5_ci90_high,nDCG@5_ci95_low,nDCG@5_ci95_high,nDCG@10,nDCG@10_std,nDCG@10_stderr,nDCG@10_ci90_low,nDCG@10_ci90_high,nDCG@10_ci95_low,nDCG@10_ci95_high,nDCG@100,nDCG@100_std,nDCG@100_stderr,nDCG@100_ci90_low,nDCG@100_ci90_high,nDCG@100_ci95_low,nDCG@100_ci95_high,RR@1,RR@3,RR@5,RR@10,RR@100,P@1,P@3,P@5,P@10,P@100,R@1,R@3,R@5,R@10,R@100,AP
0.14555256064690028,0.3527759551206797,0.009157607508359462,0.130480221446978,0.16062489984682257,0.12758931907936527,0.1635158022144353,0.21502727849539513,0.36894088951977416,0.009577228297351857,0.19926429309107296,0.2307902638997173,0.19624092351176872,0.23381363347902154,0.24571803372329948,0.3668871239365144,0.009523915199186661,0.23004279537503,0.2613932720715689,0.22703625584239132,0.26439981160420767,0.27958972109782454,0.3578541032605646,0.009289429665905497,0.26430041821270545,0.29487902398294363,0.2613679018114048,0.2978115403842443,0.3416050953267051,0.32180856050153206,0.008353733997814715,0.3278558368783549,0.35535435377505525,0.32521870383125234,0.3579914868221578,0.14622641509433962,0.19991015274034146,0.21732929020664837,0.23147408334402914,0.24280266959811705,0.14555256064690028,0.09254267744833752,0.07088948787062059,0.046159029649595944,0.00785040431266833,0.14145327942497754,0.2685871518418688,0.3429357592093441,0.4456985624438454,0.74668688230009,0.23775237919215042
