nDCG@1,nDCG@1_std,nDCG@1_stderr,nDCG@1_ci90_low,nDCG@1_ci90_high,nDCG@1_ci95_low,nDCG@1_ci95_high,nDCG@3,nDCG@3_std,nDCG@3_stderr,nDCG@3_ci90_low,nDCG@3_ci90_high,nDCG@3_ci95_low,nDCG@3_ci95_high,nDCG@5,nDCG@5_std,nDCG@5_stderr,nDCG@5_ci90_low,nDCG@5_ci90_high,nDCG@5_ci95_low,nDCG@5_ci95_high,nDCG@10,nDCG@10_std,nDCG@10_stderr,nDCG@10_ci90_low,nDCG@10_ci90_high,nDCG@10_ci95_low,nDCG@10_ci95_high,nDCG@100,nDCG@100_std,nDCG@100_stderr,nDCG@100_ci90_low,nDCG@100_ci90_high,nDCG@100_ci95_low,nDCG@100_ci95_high,RR@1,RR@3,RR@5,RR@10,RR@100,P@1,P@3,P@5,P@10,P@100,R@1,R@3,R@5,R@10,R@100,AP
0.11522911051212938,0.3194058692433464,0.008291363240434996,0.10158250695595766,0.1288757140683011,0.09896506330589619,0.13149315771836256,0.17828986290584706,0.34402033428890477,0.008930322916239282,0.16359160727133465,0.19298811854035947,0.16077245481928473,0.19580727099240938,0.20199653112486066,0.3451482772590907,0.008959602856844197,0.18725008417005548,0.21674297807966583,0.18442168853417823,0.21957137371554308,0.2299958255157104,0.3406791077713166,0.008843588997443348,0.2154403236564649,0.2445513273749559,0.21264855164095045,0.24734309939047036,0.2892728261806596,0.3137891381965809,0.008145560167238865,0.27586619724379724,0.3026794551175219,0.2732947811668899,0.3052508711944293,0.11455525606469003,0.16397124887690942,0.17707771787960472,0.18907366405681764,0.19995185511978503,0.11522911051212938,0.07704402515723235,0.058355795148248436,0.03814016172506774,0.006886792452830074,0.11281446540880505,0.22444968553459121,0.2820642407906559,0.36680143755615446,0.6553796046720576,0.19690086095937248
