nDCG@1,nDCG@3,nDCG@5,nDCG@10,nDCG@100,RR@1,RR@3,RR@5,RR@10,RR@100,P@1,P@3,P@5,P@10,P@100,R@1,R@3,R@5,R@10,R@100,AP
0.10983827493261455,0.1674221289170172,0.18549545740302437,0.21209462528945758,0.2658274282939414,0.10983827493261455,0.1538634321653191,0.16477987421383658,0.17597815855902108,0.18569862175168358,0.10983827493261455,0.07187780772686406,0.05229110512129418,0.03477088948787093,0.006287061994609062,0.1074236298292902,0.20996181491464513,0.25342542677448343,0.3347933513027853,0.598326594788859,0.1823567520519565
