nDCG@1,nDCG@1_std,nDCG@1_stderr,nDCG@1_ci90_low,nDCG@1_ci90_high,nDCG@1_ci95_low,nDCG@1_ci95_high,nDCG@3,nDCG@3_std,nDCG@3_stderr,nDCG@3_ci90_low,nDCG@3_ci90_high,nDCG@3_ci95_low,nDCG@3_ci95_high,nDCG@5,nDCG@5_std,nDCG@5_stderr,nDCG@5_ci90_low,nDCG@5_ci90_high,nDCG@5_ci95_low,nDCG@5_ci95_high,nDCG@10,nDCG@10_std,nDCG@10_stderr,nDCG@10_ci90_low,nDCG@10_ci90_high,nDCG@10_ci95_low,nDCG@10_ci95_high,nDCG@100,nDCG@100_std,nDCG@100_stderr,nDCG@100_ci90_low,nDCG@100_ci90_high,nDCG@100_ci95_low,nDCG@100_ci95_high,RR@1,RR@3,RR@5,RR@10,RR@100,P@1,P@3,P@5,P@10,P@100,R@1,R@3,R@5,R@10,R@100,AP
0.1725067385444744,0.3779476419412676,0.009811031940723152,0.15635893998716954,0.18865453710177926,0.1532617625376807,0.1917517145512681,0.25884460691333594,0.39016288839973823,0.010128123939372225,0.24217491241794273,0.2755143014087291,0.2389776343680723,0.2787115794585996,0.29537462763005345,0.3838967540200456,0.009965463195602903,0.27897265348654965,0.31177660177355726,0.2758267246923501,0.3149225305677568,0.332019707888318,0.36964032285844994,0.009595384682164601,0.3162268392213323,0.34781257655530373,0.31319773797731165,0.3508416777993244,0.3935015270891604,0.32577862954483205,0.008456791855222237,0.3795826475926658,0.40742040658565504,0.3769129809166969,0.41009007326162394,0.1725067385444744,0.24146451033243466,0.26171383647798696,0.2765760706798441,0.2877388959202123,0.1725067385444744,0.11073674752920055,0.08463611859838359,0.05411051212937988,0.00864555256064675,0.16694743935309972,0.32204627133872415,0.4099842767295597,0.5220687331536388,0.8213162623539983,0.28197768019585334
