{
  "nDCG@1": 0.14555256064690028,
  "nDCG@1_std": 0.3527759551206797,
  "nDCG@1_stderr": 0.009157607508359462,
  "nDCG@1_ci90_low": 0.130480221446978,
  "nDCG@1_ci90_high": 0.16062489984682257,
  "nDCG@1_ci95_low": 0.12758931907936527,
  "nDCG@1_ci95_high": 0.1635158022144353,
  "nDCG@3": 0.21502727849539513,
  "nDCG@3_std": 0.36894088951977416,
  "nDCG@3_stderr": 0.009577228297351857,
  "nDCG@3_ci90_low": 0.19926429309107296,
  "nDCG@3_ci90_high": 0.2307902638997173,
  "nDCG@3_ci95_low": 0.19624092351176872,
  "nDCG@3_ci95_high": 0.23381363347902154,
  "nDCG@5": 0.24571803372329948,
  "nDCG@5_std": 0.3668871239365144,
  "nDCG@5_stderr": 0.009523915199186661,
  "nDCG@5_ci90_low": 0.23004279537503,
  "nDCG@5_ci90_high": 0.2613932720715689,
  "nDCG@5_ci95_low": 0.22703625584239132,
  "nDCG@5_ci95_high": 0.26439981160420767,
  "nDCG@10": 0.27958972109782454,
  "nDCG@10_std": 0.3578541032605646,
  "nDCG@10_stderr": 0.009289429665905497,
  "nDCG@10_ci90_low": 0.26430041821270545,
  "nDCG@10_ci90_high": 0.29487902398294363,
  "nDCG@10_ci95_low": 0.2613679018114048,
  "nDCG@10_ci95_high": 0.2978115403842443,
  "nDCG@100": 0.3416050953267051,
  "nDCG@100_std": 0.32180856050153206,
  "nDCG@100_stderr": 0.008353733997814715,
  "nDCG@100_ci90_low": 0.3278558368783549,
  "nDCG@100_ci90_high": 0.35535435377505525,
  "nDCG@100_ci95_low": 0.32521870383125234,
  "nDCG@100_ci95_high": 0.3579914868221578,
  "RR@1": 0.14622641509433962,
  "RR@3": 0.19991015274034146,
  "RR@5": 0.21732929020664837,
  "RR@10": 0.23147408334402914,
  "RR@100": 0.24280266959811705,
  "P@1": 0.14555256064690028,
  "P@3": 0.09254267744833752,
  "P@5": 0.07088948787062059,
  "P@10": 0.046159029649595944,
  "P@100": 0.00785040431266833,
  "R@1": 0.14145327942497754,
  "R@3": 0.2685871518418688,
  "R@5": 0.3429357592093441,
  "R@10": 0.4456985624438454,
  "R@100": 0.74668688230009,
  "AP": 0.23775237919215042
}