{
  "nDCG@1": 0.6367924528301887,
  "nDCG@1_std": 0.48108604664037447,
  "nDCG@1_stderr": 0.012488371525700414,
  "nDCG@1_ci90_low": 0.6162380698739216,
  "nDCG@1_ci90_high": 0.6573468357864558,
  "nDCG@1_ci95_low": 0.6122957014356238,
  "nDCG@1_ci95_high": 0.6612892042247536,
  "nDCG@3": 0.719495673919283,
  "nDCG@3_std": 0.403525920490008,
  "nDCG@3_stderr": 0.010475010968456848,
  "nDCG@3_ci90_low": 0.7022550443885497,
  "nDCG@3_ci90_high": 0.7367363034500164,
  "nDCG@3_ci95_low": 0.698948259949291,
  "nDCG@3_ci95_high": 0.7400430878892751,
  "nDCG@5": 0.7411164504282115,
  "nDCG@5_std": 0.37611862280877534,
  "nDCG@5_stderr": 0.0097635529697289,
  "nDCG@5_ci90_low": 0.7250467966434397,
  "nDCG@5_ci90_high": 0.7571861042129833,
  "nDCG@5_ci95_low": 0.7219646075049846,
  "nDCG@5_ci95_high": 0.7602682933514384,
  "nDCG@10": 0.7609278121294959,
  "nDCG@10_std": 0.3457156341476023,
  "nDCG@10_stderr": 0.008974330707840664,
  "nDCG@10_ci90_low": 0.7461571248733126,
  "nDCG@10_ci90_high": 0.7756984993856791,
  "nDCG@10_ci95_low": 0.7433240799030676,
  "nDCG@10_ci95_high": 0.7785315443559242,
  "nDCG@100": 0.7820233211738299,
  "nDCG@100_std": 0.30492153409762796,
  "nDCG@100_stderr": 0.007915368634343854,
  "nDCG@100_ci90_low": 0.7689955602831877,
  "nDCG@100_ci90_high": 0.7950510820644721,
  "nDCG@100_ci95_low": 0.7664968117940585,
  "nDCG@100_ci95_high": 0.7975498305536013,
  "RR@1": 0.6367924528301887,
  "RR@3": 0.7050763701707105,
  "RR@5": 0.716262353998204,
  "RR@10": 0.7239255765199164,
  "RR@100": 0.7281403208712331,
  "P@1": 0.6367924528301887,
  "P@3": 0.27156334231805584,
  "P@5": 0.17452830188678875,
  "P@10": 0.09380053908355578,
  "P@100": 0.010444743935309786,
  "R@1": 0.6194407008086253,
  "R@3": 0.7770103324348607,
  "R@5": 0.8285040431266847,
  "R@10": 0.8880278526504941,
  "R@100": 0.9819182389937106,
  "AP": 0.7225616329890373
}