{
  "nDCG@1": 0.6522911051212938,
  "nDCG@1_std": 0.4764035658423021,
  "nDCG@1_stderr": 0.01236682038058479,
  "nDCG@1_ci90_low": 0.6319367809781664,
  "nDCG@1_ci90_high": 0.6726454292644213,
  "nDCG@1_ci95_low": 0.628032784188018,
  "nDCG@1_ci95_high": 0.6765494260545697,
  "nDCG@3": 0.7366511829061335,
  "nDCG@3_std": 0.3935590928753817,
  "nDCG@3_stderr": 0.010216285014849825,
  "nDCG@3_ci90_low": 0.7198363857043166,
  "nDCG@3_ci90_high": 0.7534659801079504,
  "nDCG@3_ci95_low": 0.7166112766885966,
  "nDCG@3_ci95_high": 0.7566910891236704,
  "nDCG@5": 0.7569770738310945,
  "nDCG@5_std": 0.36644391862286907,
  "nDCG@5_stderr": 0.009512410162493911,
  "nDCG@5_ci90_low": 0.7413207714129117,
  "nDCG@5_ci90_high": 0.7726333762492772,
  "nDCG@5_ci95_low": 0.7383178638264757,
  "nDCG@5_ci95_high": 0.7756362838357133,
  "nDCG@10": 0.7775215037467679,
  "nDCG@10_std": 0.3322742704473804,
  "nDCG@10_stderr": 0.008625410291477153,
  "nDCG@10_ci90_low": 0.7633250982409663,
  "nDCG@10_ci90_high": 0.7917179092525695,
  "nDCG@10_ci95_low": 0.7606022015662071,
  "nDCG@10_ci95_high": 0.7944408059273287,
  "nDCG@100": 0.7965008832915561,
  "nDCG@100_std": 0.2935789266399297,
  "nDCG@100_stderr": 0.007620929215468328,
  "nDCG@100_ci90_low": 0.7839577348710454,
  "nDCG@100_ci90_high": 0.8090440317120668,
  "nDCG@100_ci95_low": 0.7815519359446014,
  "nDCG@100_ci95_high": 0.8114498306385108,
  "RR@1": 0.6529649595687331,
  "RR@3": 0.7215858041329744,
  "RR@5": 0.7322327044025165,
  "RR@10": 0.7405406344927911,
  "RR@100": 0.744495328674585,
  "P@1": 0.6522911051212938,
  "P@3": 0.27785265049415625,
  "P@5": 0.17776280323449747,
  "P@10": 0.09555256064689803,
  "P@100": 0.01049191374663054,
  "R@1": 0.6334793351302784,
  "R@3": 0.7958782569631626,
  "R@5": 0.8438903863432164,
  "R@10": 0.9048742138364779,
  "R@100": 0.9866352201257861,
  "AP": 0.7389941104924529
}