nDCG@1,nDCG@1_std,nDCG@1_stderr,nDCG@1_ci90_low,nDCG@1_ci90_high,nDCG@1_ci95_low,nDCG@1_ci95_high,nDCG@3,nDCG@3_std,nDCG@3_stderr,nDCG@3_ci90_low,nDCG@3_ci90_high,nDCG@3_ci95_low,nDCG@3_ci95_high,nDCG@5,nDCG@5_std,nDCG@5_stderr,nDCG@5_ci90_low,nDCG@5_ci90_high,nDCG@5_ci95_low,nDCG@5_ci95_high,nDCG@10,nDCG@10_std,nDCG@10_stderr,nDCG@10_ci90_low,nDCG@10_ci90_high,nDCG@10_ci95_low,nDCG@10_ci95_high,nDCG@100,nDCG@100_std,nDCG@100_stderr,nDCG@100_ci90_low,nDCG@100_ci90_high,nDCG@100_ci95_low,nDCG@100_ci95_high,RR@1,RR@3,RR@5,RR@10,RR@100,P@1,P@3,P@5,P@10,P@100,R@1,R@3,R@5,R@10,R@100,AP
0.5700808625336927,0.49523119667839705,0.012855561325103704,0.5489221285826591,0.5912395964847263,0.5448638445125231,0.5952978805548623,0.650871060574373,0.43311947401803697,0.011243221341226184,0.6323660476001792,0.6693760735485669,0.6288167520920157,0.6729253690567304,0.6797269525823719,0.40345519019864945,0.010473174901576973,0.6624893450006336,0.6969645601641102,0.6591831401767477,0.7002707649879961,0.7027331383691434,0.3735536025213527,0.009696968360709386,0.6867730749781203,0.7186932017601665,0.6837119054786576,0.7217543712596293,0.7298815579964752,0.3290973963225996,0.008542942748222248,0.7158208843162392,0.7439422316767113,0.7131240212551535,0.746639094737797,0.5700808625336927,0.6369047619047625,0.6521338724168925,0.6614084627561723,0.6667073317101411,0.5700808625336927,0.24730458221024026,0.16361185983827176,0.0894204851752002,0.010289757412398737,0.5534591194968553,0.7096810422282119,0.7781895777178796,0.8473158131176998,0.9694519317160826,0.6600251216614108
