nDCG@1,nDCG@1_std,nDCG@1_stderr,nDCG@1_ci90_low,nDCG@1_ci90_high,nDCG@1_ci95_low,nDCG@1_ci95_high,nDCG@3,nDCG@3_std,nDCG@3_stderr,nDCG@3_ci90_low,nDCG@3_ci90_high,nDCG@3_ci95_low,nDCG@3_ci95_high,nDCG@5,nDCG@5_std,nDCG@5_stderr,nDCG@5_ci90_low,nDCG@5_ci90_high,nDCG@5_ci95_low,nDCG@5_ci95_high,nDCG@10,nDCG@10_std,nDCG@10_stderr,nDCG@10_ci90_low,nDCG@10_ci90_high,nDCG@10_ci95_low,nDCG@10_ci95_high,nDCG@100,nDCG@100_std,nDCG@100_stderr,nDCG@100_ci90_low,nDCG@100_ci90_high,nDCG@100_ci95_low,nDCG@100_ci95_high,RR@1,RR@3,RR@5,RR@10,RR@100,P@1,P@3,P@5,P@10,P@100,R@1,R@3,R@5,R@10,R@100,AP
0.6529649595687331,0.4761874848065385,0.012361211196379347,0.6326198674796004,0.6733100516578658,0.6287176414143805,0.6772122777230858,0.7343063060792651,0.39647040059199584,0.010291858797636949,0.717367123366522,0.7512454887920081,0.7141181569811353,0.7544944551773948,0.7558856790994761,0.36754146320176456,0.009540901000178736,0.7401824841311068,0.7715888740678455,0.7371705824673374,0.7746007757316149,0.7757387433549523,0.33547235142848736,0.008708428337292969,0.7614056999614591,0.7900717867484455,0.7586565958886449,0.7928208908212597,0.7950514899748842,0.29644883468550814,0.0076954283163424226,0.78238572484281,0.8077172551069584,0.779956407805669,0.8101465721440994,0.6536388140161725,0.720462713387242,0.7316823899371078,0.7394656762075903,0.7433878200006847,0.6529649595687331,0.27628032345013115,0.17722371967654596,0.09521563342317836,0.010478436657681754,0.6352762803234502,0.7904874213836477,0.8418688230008984,0.9011680143755615,0.9852875112309074,0.7378569260193005
