{
  "nDCG@1": 0.5977088948787062,
  "nDCG@1_std": 0.49052534228573397,
  "nDCG@1_stderr": 0.01273340343170432,
  "nDCG@1_ci90_low": 0.5767512183767478,
  "nDCG@1_ci90_high": 0.6186665713806645,
  "nDCG@1_ci95_low": 0.5727314974949695,
  "nDCG@1_ci95_high": 0.6226862922624428,
  "nDCG@3": 0.6830350948391058,
  "nDCG@3_std": 0.41839134055466837,
  "nDCG@3_stderr": 0.01086089804614184,
  "nDCG@3_ci90_low": 0.6651593408042457,
  "nDCG@3_ci90_high": 0.700910848873966,
  "nDCG@3_ci95_low": 0.6617307383174792,
  "nDCG@3_ci95_high": 0.7043394513607325,
  "nDCG@5": 0.7057551302195075,
  "nDCG@5_std": 0.39317458482057954,
  "nDCG@5_stderr": 0.010206303683076585,
  "nDCG@5_ci90_low": 0.6889567611096368,
  "nDCG@5_ci90_high": 0.7225534993293783,
  "nDCG@5_ci95_low": 0.6857348030321534,
  "nDCG@5_ci95_high": 0.7257754574068617,
  "nDCG@10": 0.7295338298675118,
  "nDCG@10_std": 0.35965071028949486,
  "nDCG@10_stderr": 0.00933606726061366,
  "nDCG@10_ci90_low": 0.7141677670157456,
  "nDCG@10_ci90_high": 0.744899892719278,
  "nDCG@10_ci95_low": 0.711220527911726,
  "nDCG@10_ci95_high": 0.7478471318232977,
  "nDCG@100": 0.7541777441126548,
  "nDCG@100_std": 0.31596167645298323,
  "nDCG@100_stderr": 0.008201956450376196,
  "nDCG@100_ci90_low": 0.7406782935618191,
  "nDCG@100_ci90_high": 0.7676771946634905,
  "nDCG@100_ci95_low": 0.738089074128708,
  "nDCG@100_ci95_high": 0.7702664140966017,
  "RR@1": 0.5970350404312669,
  "RR@3": 0.6676774483378266,
  "RR@5": 0.6797057502246193,
  "RR@10": 0.6892183288409711,
  "RR@100": 0.6939652253344638,
  "P@1": 0.5977088948787062,
  "P@3": 0.25988319856244085,
  "P@5": 0.1679245283018834,
  "P@10": 0.09177897574123783,
  "P@100": 0.010417789757412213,
  "R@1": 0.5804132973944294,
  "R@3": 0.7445530098831985,
  "R@5": 0.7980682839173404,
  "R@10": 0.8696653189577718,
  "R@100": 0.9805705300988319,
  "AP": 0.687672636849065
}