nDCG@1,nDCG@1_std,nDCG@1_stderr,nDCG@1_ci90_low,nDCG@1_ci90_high,nDCG@1_ci95_low,nDCG@1_ci95_high,nDCG@3,nDCG@3_std,nDCG@3_stderr,nDCG@3_ci90_low,nDCG@3_ci90_high,nDCG@3_ci95_low,nDCG@3_ci95_high,nDCG@5,nDCG@5_std,nDCG@5_stderr,nDCG@5_ci90_low,nDCG@5_ci90_high,nDCG@5_ci95_low,nDCG@5_ci95_high,nDCG@10,nDCG@10_std,nDCG@10_stderr,nDCG@10_ci90_low,nDCG@10_ci90_high,nDCG@10_ci95_low,nDCG@10_ci95_high,nDCG@100,nDCG@100_std,nDCG@100_stderr,nDCG@100_ci90_low,nDCG@100_ci90_high,nDCG@100_ci95_low,nDCG@100_ci95_high,RR@1,RR@3,RR@5,RR@10,RR@100,P@1,P@3,P@5,P@10,P@100,R@1,R@3,R@5,R@10,R@100,AP
0.5977088948787062,0.49052534228573397,0.01273340343170432,0.5767512183767478,0.6186665713806645,0.5727314974949695,0.6226862922624428,0.6830350948391058,0.41839134055466837,0.01086089804614184,0.6651593408042457,0.700910848873966,0.6617307383174792,0.7043394513607325,0.7057551302195075,0.39317458482057954,0.010206303683076585,0.6889567611096368,0.7225534993293783,0.6857348030321534,0.7257754574068617,0.7295338298675118,0.35965071028949486,0.00933606726061366,0.7141677670157456,0.744899892719278,0.711220527911726,0.7478471318232977,0.7541777441126548,0.31596167645298323,0.008201956450376196,0.7406782935618191,0.7676771946634905,0.738089074128708,0.7702664140966017,0.5970350404312669,0.6676774483378266,0.6797057502246193,0.6892183288409711,0.6939652253344638,0.5977088948787062,0.25988319856244085,0.1679245283018834,0.09177897574123783,0.010417789757412213,0.5804132973944294,0.7445530098831985,0.7980682839173404,0.8696653189577718,0.9805705300988319,0.687672636849065
