nDCG@1,nDCG@1_std,nDCG@1_stderr,nDCG@1_ci90_low,nDCG@1_ci90_high,nDCG@1_ci95_low,nDCG@1_ci95_high,nDCG@3,nDCG@3_std,nDCG@3_stderr,nDCG@3_ci90_low,nDCG@3_ci90_high,nDCG@3_ci95_low,nDCG@3_ci95_high,nDCG@5,nDCG@5_std,nDCG@5_stderr,nDCG@5_ci90_low,nDCG@5_ci90_high,nDCG@5_ci95_low,nDCG@5_ci95_high,nDCG@10,nDCG@10_std,nDCG@10_stderr,nDCG@10_ci90_low,nDCG@10_ci90_high,nDCG@10_ci95_low,nDCG@10_ci95_high,nDCG@100,nDCG@100_std,nDCG@100_stderr,nDCG@100_ci90_low,nDCG@100_ci90_high,nDCG@100_ci95_low,nDCG@100_ci95_high,RR@1,RR@3,RR@5,RR@10,RR@100,P@1,P@3,P@5,P@10,P@100,R@1,R@3,R@5,R@10,R@100,AP
0.6293800539083558,0.48313361658005194,0.012541523792971769,0.6087381886046713,0.6500219192120403,0.6047790408913108,0.6539810669254008,0.710419146060981,0.4086130925948709,0.010607067376461958,0.692961167296492,0.72787712482547,0.6896126948746231,0.7312255972473389,0.7317135273131946,0.3826376592564733,0.009932778724075695,0.7153653479453436,0.7480617066810457,0.7122297370880109,0.7511973175383784,0.751403506527009,0.35314454087590813,0.009167175517829947,0.7363154195147815,0.7664915935392366,0.7334214966878178,0.7693855163662003,0.7738781738442614,0.3112470164167107,0.008079569973858084,0.7605801569632876,0.7871761907252351,0.7580295728783727,0.7897267748101501,0.6293800539083558,0.6962039532794257,0.707019317160828,0.7148280066743684,0.7193625644067417,0.6293800539083558,0.2684186882300057,0.17250673854447077,0.09272237196765286,0.010397574123989032,0.6113544474393531,0.7676886792452831,0.818733153638814,0.8782569631626235,0.9782120395327941,0.7135100191027814
