nDCG@1,nDCG@1_std,nDCG@1_stderr,nDCG@1_ci90_low,nDCG@1_ci90_high,nDCG@1_ci95_low,nDCG@1_ci95_high,nDCG@3,nDCG@3_std,nDCG@3_stderr,nDCG@3_ci90_low,nDCG@3_ci90_high,nDCG@3_ci95_low,nDCG@3_ci95_high,nDCG@5,nDCG@5_std,nDCG@5_stderr,nDCG@5_ci90_low,nDCG@5_ci90_high,nDCG@5_ci95_low,nDCG@5_ci95_high,nDCG@10,nDCG@10_std,nDCG@10_stderr,nDCG@10_ci90_low,nDCG@10_ci90_high,nDCG@10_ci95_low,nDCG@10_ci95_high,nDCG@100,nDCG@100_std,nDCG@100_stderr,nDCG@100_ci90_low,nDCG@100_ci90_high,nDCG@100_ci95_low,nDCG@100_ci95_high,RR@1,RR@3,RR@5,RR@10,RR@100,P@1,P@3,P@5,P@10,P@100,R@1,R@3,R@5,R@10,R@100,AP
0.6367924528301887,0.48108604664037447,0.012488371525700414,0.6162380698739216,0.6573468357864558,0.6122957014356238,0.6612892042247536,0.719495673919283,0.403525920490008,0.010475010968456848,0.7022550443885497,0.7367363034500164,0.698948259949291,0.7400430878892751,0.7411164504282115,0.37611862280877534,0.0097635529697289,0.7250467966434397,0.7571861042129833,0.7219646075049846,0.7602682933514384,0.7609278121294959,0.3457156341476023,0.008974330707840664,0.7461571248733126,0.7756984993856791,0.7433240799030676,0.7785315443559242,0.7820233211738299,0.30492153409762796,0.007915368634343854,0.7689955602831877,0.7950510820644721,0.7664968117940585,0.7975498305536013,0.6367924528301887,0.7050763701707105,0.716262353998204,0.7239255765199164,0.7281403208712331,0.6367924528301887,0.27156334231805584,0.17452830188678875,0.09380053908355578,0.010444743935309786,0.6194407008086253,0.7770103324348607,0.8285040431266847,0.8880278526504941,0.9819182389937106,0.7225616329890373
