nDCG@1,nDCG@1_std,nDCG@1_stderr,nDCG@1_ci90_low,nDCG@1_ci90_high,nDCG@1_ci95_low,nDCG@1_ci95_high,nDCG@3,nDCG@3_std,nDCG@3_stderr,nDCG@3_ci90_low,nDCG@3_ci90_high,nDCG@3_ci95_low,nDCG@3_ci95_high,nDCG@5,nDCG@5_std,nDCG@5_stderr,nDCG@5_ci90_low,nDCG@5_ci90_high,nDCG@5_ci95_low,nDCG@5_ci95_high,nDCG@10,nDCG@10_std,nDCG@10_stderr,nDCG@10_ci90_low,nDCG@10_ci90_high,nDCG@10_ci95_low,nDCG@10_ci95_high,nDCG@100,nDCG@100_std,nDCG@100_stderr,nDCG@100_ci90_low,nDCG@100_ci90_high,nDCG@100_ci95_low,nDCG@100_ci95_high,RR@1,RR@3,RR@5,RR@10,RR@100,P@1,P@3,P@5,P@10,P@100,R@1,R@3,R@5,R@10,R@100,AP
0.6320754716981132,0.48240323836790533,0.01252256411926836,0.6114648117756285,0.6526861316205979,0.6075116493117504,0.656639294084476,0.7233892223222314,0.39621447512107444,0.010285215303430297,0.7064609740154523,0.7403174706290104,0.7032141048692314,0.7435643397752313,0.7420659640531397,0.3725011825947951,0.00966964890063424,0.7261508652632568,0.7579810628430227,0.723098320056956,0.7610336080493235,0.7624521147633184,0.340140611463937,0.00882961032980429,0.7479196201382251,0.7769846093884117,0.7451322609525177,0.7797719685741191,0.7839916315749436,0.29801524495454856,0.007736090300904349,0.7712589416239907,0.7967243215258965,0.7688167882835537,0.7991664748663334,0.6314016172506739,0.7057502246181497,0.7157569631626244,0.7239199610661876,0.7283418951203096,0.6320754716981132,0.27583108715183824,0.17547169811320382,0.09440700808625116,0.010505390835579326,0.6136006289308176,0.7893643306379154,0.8334456424079065,0.8942610062893082,0.9879829290206648,0.7226062361078704
