nDCG@1,nDCG@1_std,nDCG@1_stderr,nDCG@1_ci90_low,nDCG@1_ci90_high,nDCG@1_ci95_low,nDCG@1_ci95_high,nDCG@3,nDCG@3_std,nDCG@3_stderr,nDCG@3_ci90_low,nDCG@3_ci90_high,nDCG@3_ci95_low,nDCG@3_ci95_high,nDCG@5,nDCG@5_std,nDCG@5_stderr,nDCG@5_ci90_low,nDCG@5_ci90_high,nDCG@5_ci95_low,nDCG@5_ci95_high,nDCG@10,nDCG@10_std,nDCG@10_stderr,nDCG@10_ci90_low,nDCG@10_ci90_high,nDCG@10_ci95_low,nDCG@10_ci95_high,nDCG@100,nDCG@100_std,nDCG@100_stderr,nDCG@100_ci90_low,nDCG@100_ci90_high,nDCG@100_ci95_low,nDCG@100_ci95_high,RR@1,RR@3,RR@5,RR@10,RR@100,P@1,P@3,P@5,P@10,P@100,R@1,R@3,R@5,R@10,R@100,AP
0.15026954177897575,0.35745588279935764,0.009279092377797855,0.1349972528478423,0.1655418307101092,0.13206799975419464,0.16847108380375686,0.22492112818745583,0.3748623028288226,0.009730940527995502,0.20890515062581277,0.24093710574909888,0.2058332566856323,0.24400899968927936,0.2603468190357665,0.3713122465181474,0.009638785657875125,0.24448251749431882,0.2762111205772142,0.2414397152936538,0.27925392277787925,0.2945514393895391,0.3607783929313998,0.009365340443433115,0.2791371963399959,0.3099656824390823,0.276180716185468,0.31292216259361016,0.3559548677480189,0.3236000363824019,0.008400238394555946,0.3421290685611263,0.36978066693491146,0.33947725485965835,0.3724324806363794,0.15026954177897575,0.20945642407906553,0.2294362084456419,0.2434836670517261,0.2549953250915969,0.15026954177897575,0.09591194968553439,0.07547169811320825,0.04871967654986535,0.008025606469002558,0.14645103324348607,0.279144204851752,0.3647237196765499,0.4697327044025157,0.7616801437556154,0.2509327644578443
