{
  "nDCG@1": 0.1752021563342318,
  "nDCG@1_std": 0.3802680668497028,
  "nDCG@1_stderr": 0.00987126717006808,
  "nDCG@1_ci90_low": 0.15895521771139748,
  "nDCG@1_ci90_high": 0.19144909495706613,
  "nDCG@1_ci95_low": 0.15583902501508046,
  "nDCG@1_ci95_high": 0.19456528765338316,
  "nDCG@3": 0.2664169620389853,
  "nDCG@3_std": 0.3918722361084508,
  "nDCG@3_stderr": 0.010172496394990262,
  "nDCG@3_ci90_low": 0.24967423572806624,
  "nDCG@3_ci90_high": 0.28315968834990435,
  "nDCG@3_ci95_low": 0.24646295004171587,
  "nDCG@3_ci95_high": 0.2863709740362547,
  "nDCG@5": 0.3020003886923434,
  "nDCG@5_std": 0.3852593468209485,
  "nDCG@5_stderr": 0.010000834342313048,
  "nDCG@5_ci90_low": 0.28554019782349743,
  "nDCG@5_ci90_high": 0.3184605795611894,
  "nDCG@5_ci95_low": 0.2823831029543513,
  "nDCG@5_ci95_high": 0.3216176744303355,
  "nDCG@10": 0.3374346330356755,
  "nDCG@10_std": 0.3707001614407362,
  "nDCG@10_stderr": 0.009622896720947044,
  "nDCG@10_ci90_low": 0.3215964828057672,
  "nDCG@10_ci90_high": 0.3532727832655838,
  "nDCG@10_ci95_low": 0.31855869647473206,
  "nDCG@10_ci95_high": 0.35631056959661894,
  "nDCG@100": 0.4004505097175578,
  "nDCG@100_std": 0.325562098182778,
  "nDCG@100_stderr": 0.008451170981128754,
  "nDCG@100_ci90_low": 0.3865408815152314,
  "nDCG@100_ci90_high": 0.4143601379198842,
  "nDCG@100_ci95_low": 0.3838729892544916,
  "nDCG@100_ci95_high": 0.417028030180624,
  "RR@1": 0.1752021563342318,
  "RR@3": 0.24775381850853515,
  "RR@5": 0.26736298292902005,
  "RR@10": 0.28206076455739487,
  "RR@100": 0.29362310286803944,
  "P@1": 0.1752021563342318,
  "P@3": 0.11477987421383679,
  "P@5": 0.08652291105121376,
  "P@10": 0.054784366576819184,
  "P@100": 0.008739892183288257,
  "R@1": 0.1697551662174304,
  "R@3": 0.3331648697214735,
  "R@5": 0.4189690026954178,
  "R@10": 0.527122641509434,
  "R@100": 0.8296832884097035,
  "AP": 0.2885309459742418
}