{
  "nDCG@1": 0.1509433962264151,
  "nDCG@1_std": 0.3581143761935126,
  "nDCG@1_stderr": 0.009296186014603277,
  "nDCG@1_ci90_low": 0.1356429731901831,
  "nDCG@1_ci90_high": 0.16624381926264709,
  "nDCG@1_ci95_low": 0.13270832392345563,
  "nDCG@1_ci95_high": 0.16917846852937454,
  "nDCG@3": 0.22127118999675485,
  "nDCG@3_std": 0.37452964194368354,
  "nDCG@3_stderr": 0.009722305081686682,
  "nDCG@3_ci90_low": 0.20526942535871553,
  "nDCG@3_ci90_high": 0.23727295463479417,
  "nDCG@3_ci95_low": 0.20220025748341133,
  "nDCG@3_ci95_high": 0.24034212251009837,
  "nDCG@5": 0.25459345557489543,
  "nDCG@5_std": 0.3718719811409806,
  "nDCG@5_stderr": 0.00965331564471335,
  "nDCG@5_ci90_low": 0.23870523939307947,
  "nDCG@5_ci90_high": 0.2704816717567114,
  "nDCG@5_ci95_low": 0.23565785032042702,
  "nDCG@5_ci95_high": 0.27352906082936385,
  "nDCG@10": 0.2891399484715023,
  "nDCG@10_std": 0.36190741996961423,
  "nDCG@10_stderr": 0.009394648525041897,
  "nDCG@10_ci90_low": 0.27367746778490126,
  "nDCG@10_ci90_high": 0.30460242915810337,
  "nDCG@10_ci95_low": 0.2707117355629054,
  "nDCG@10_ci95_high": 0.30756816138009924,
  "nDCG@100": 0.35123986305371174,
  "nDCG@100_std": 0.32490736735721854,
  "nDCG@100_stderr": 0.0084341750157375,
  "nDCG@100_ci90_low": 0.33735820820088447,
  "nDCG@100_ci90_high": 0.365121517906539,
  "nDCG@100_ci95_low": 0.33469568128000493,
  "nDCG@100_ci95_high": 0.36778404482741855,
  "RR@1": 0.1509433962264151,
  "RR@3": 0.20687331536388137,
  "RR@5": 0.22560646900269513,
  "RR@10": 0.2398464574509047,
  "RR@100": 0.2513953018772175,
  "P@1": 0.1509433962264151,
  "P@3": 0.09366576819406981,
  "P@5": 0.07277628032345079,
  "P@10": 0.047574123989218516,
  "P@100": 0.007958221024258624,
  "R@1": 0.1471248876909254,
  "R@3": 0.27240566037735847,
  "R@5": 0.35259433962264153,
  "R@10": 0.4582771787960467,
  "R@100": 0.7552785265049415,
  "AP": 0.24742955580257792
}