nDCG@1,nDCG@1_std,nDCG@1_stderr,nDCG@1_ci90_low,nDCG@1_ci90_high,nDCG@1_ci95_low,nDCG@1_ci95_high,nDCG@3,nDCG@3_std,nDCG@3_stderr,nDCG@3_ci90_low,nDCG@3_ci90_high,nDCG@3_ci95_low,nDCG@3_ci95_high,nDCG@5,nDCG@5_std,nDCG@5_stderr,nDCG@5_ci90_low,nDCG@5_ci90_high,nDCG@5_ci95_low,nDCG@5_ci95_high,nDCG@10,nDCG@10_std,nDCG@10_stderr,nDCG@10_ci90_low,nDCG@10_ci90_high,nDCG@10_ci95_low,nDCG@10_ci95_high,nDCG@100,nDCG@100_std,nDCG@100_stderr,nDCG@100_ci90_low,nDCG@100_ci90_high,nDCG@100_ci95_low,nDCG@100_ci95_high,RR@1,RR@3,RR@5,RR@10,RR@100,P@1,P@3,P@5,P@10,P@100,R@1,R@3,R@5,R@10,R@100,AP
0.1509433962264151,0.3581143761935126,0.009296186014603277,0.1356429731901831,0.16624381926264709,0.13270832392345563,0.16917846852937454,0.22127118999675485,0.37452964194368354,0.009722305081686682,0.20526942535871553,0.23727295463479417,0.20220025748341133,0.24034212251009837,0.25459345557489543,0.3718719811409806,0.00965331564471335,0.23870523939307947,0.2704816717567114,0.23565785032042702,0.27352906082936385,0.2891399484715023,0.36190741996961423,0.009394648525041897,0.27367746778490126,0.30460242915810337,0.2707117355629054,0.30756816138009924,0.35123986305371174,0.32490736735721854,0.0084341750157375,0.33735820820088447,0.365121517906539,0.33469568128000493,0.36778404482741855,0.1509433962264151,0.20687331536388137,0.22560646900269513,0.2398464574509047,0.2513953018772175,0.1509433962264151,0.09366576819406981,0.07277628032345079,0.047574123989218516,0.007958221024258624,0.1471248876909254,0.27240566037735847,0.35259433962264153,0.4582771787960467,0.7552785265049415,0.24742955580257792
