nDCG@1,nDCG@1_std,nDCG@1_stderr,nDCG@1_ci90_low,nDCG@1_ci90_high,nDCG@1_ci95_low,nDCG@1_ci95_high,nDCG@3,nDCG@3_std,nDCG@3_stderr,nDCG@3_ci90_low,nDCG@3_ci90_high,nDCG@3_ci95_low,nDCG@3_ci95_high,nDCG@5,nDCG@5_std,nDCG@5_stderr,nDCG@5_ci90_low,nDCG@5_ci90_high,nDCG@5_ci95_low,nDCG@5_ci95_high,nDCG@10,nDCG@10_std,nDCG@10_stderr,nDCG@10_ci90_low,nDCG@10_ci90_high,nDCG@10_ci95_low,nDCG@10_ci95_high,nDCG@100,nDCG@100_std,nDCG@100_stderr,nDCG@100_ci90_low,nDCG@100_ci90_high,nDCG@100_ci95_low,nDCG@100_ci95_high,RR@1,RR@3,RR@5,RR@10,RR@100,P@1,P@3,P@5,P@10,P@100,R@1,R@3,R@5,R@10,R@100,AP
0.16981132075471697,0.37559352640869026,0.009749922146351534,0.15376410169357044,0.1858585398158635,0.15068621557635062,0.18893642593308332,0.257723669840537,0.38912339534515256,0.010101140044173628,0.241098387646173,0.27434895203490106,0.23790962795728776,0.2775377117237863,0.2918923223878558,0.3832987031522454,0.009949938568604233,0.27551589994482206,0.3082687448308895,0.27237487201374705,0.3114097727619645,0.3272469372301318,0.36972485185763143,0.009597578945652071,0.31145045706488667,0.34304341739537697,0.3084206631288604,0.34607321133140323,0.39002578416289385,0.3265810187015408,0.008477620839906266,0.3760726226203451,0.4039789457054426,0.37339638058491864,0.40665518774086906,0.16981132075471697,0.24011680143755595,0.25884995507636965,0.2735998802036535,0.2853381440808273,0.16981132075471697,0.11028751123090766,0.08342318059299272,0.053167115902964836,0.008530997304582061,0.16486972147349507,0.3208108715184187,0.40380727762803237,0.5116239892183289,0.8102538185085354,0.2803456752363653
