{
  "nDCG@1": 0.1752021563342318,
  "nDCG@1_std": 0.3802680668497028,
  "nDCG@1_stderr": 0.00987126717006808,
  "nDCG@1_ci90_low": 0.15895521771139748,
  "nDCG@1_ci90_high": 0.19144909495706613,
  "nDCG@1_ci95_low": 0.15583902501508046,
  "nDCG@1_ci95_high": 0.19456528765338316,
  "nDCG@3": 0.26122089812222027,
  "nDCG@3_std": 0.3918352189783465,
  "nDCG@3_stderr": 0.010171535478171357,
  "nDCG@3_ci90_low": 0.2444797533667702,
  "nDCG@3_ci90_high": 0.27796204287767035,
  "nDCG@3_ci95_low": 0.2412687710256663,
  "nDCG@3_ci95_high": 0.28117302521877424,
  "nDCG@5": 0.3005597496156664,
  "nDCG@5_std": 0.3845803956609552,
  "nDCG@5_stderr": 0.009983209648366895,
  "nDCG@5_ci90_low": 0.28412856690918253,
  "nDCG@5_ci90_high": 0.31699093232215025,
  "nDCG@5_ci95_low": 0.28097703585890627,
  "nDCG@5_ci95_high": 0.3201424633724265,
  "nDCG@10": 0.3340392797194455,
  "nDCG@10_std": 0.3713648912090937,
  "nDCG@10_stderr": 0.009640152245960529,
  "nDCG@10_ci90_low": 0.3181727289355892,
  "nDCG@10_ci90_high": 0.3499058305033019,
  "nDCG@10_ci95_low": 0.31512949532609513,
  "nDCG@10_ci95_high": 0.3529490641127959,
  "nDCG@100": 0.3978920763081649,
  "nDCG@100_std": 0.32618166788471636,
  "nDCG@100_stderr": 0.008467254209228815,
  "nDCG@100_ci90_low": 0.3839559770140023,
  "nDCG@100_ci90_high": 0.41182817560232754,
  "nDCG@100_ci95_low": 0.3812830075491837,
  "nDCG@100_ci95_high": 0.41450114506714614,
  "RR@1": 0.1752021563342318,
  "RR@3": 0.24460916442048491,
  "RR@5": 0.2665094339622636,
  "RR@10": 0.2805437898429808,
  "RR@100": 0.2922962130896641,
  "P@1": 0.1752021563342318,
  "P@3": 0.11118598382749349,
  "P@5": 0.08625336927223803,
  "P@10": 0.053908355795148084,
  "P@100": 0.00868598382749311,
  "R@1": 0.16930592991913745,
  "R@3": 0.32272012578616355,
  "R@5": 0.4176212938005391,
  "R@10": 0.5190363881401617,
  "R@100": 0.8250786163522011,
  "AP": 0.2865802409620433
}