nDCG@1,nDCG@1_std,nDCG@1_stderr,nDCG@1_ci90_low,nDCG@1_ci90_high,nDCG@1_ci95_low,nDCG@1_ci95_high,nDCG@3,nDCG@3_std,nDCG@3_stderr,nDCG@3_ci90_low,nDCG@3_ci90_high,nDCG@3_ci95_low,nDCG@3_ci95_high,nDCG@5,nDCG@5_std,nDCG@5_stderr,nDCG@5_ci90_low,nDCG@5_ci90_high,nDCG@5_ci95_low,nDCG@5_ci95_high,nDCG@10,nDCG@10_std,nDCG@10_stderr,nDCG@10_ci90_low,nDCG@10_ci90_high,nDCG@10_ci95_low,nDCG@10_ci95_high,nDCG@100,nDCG@100_std,nDCG@100_stderr,nDCG@100_ci90_low,nDCG@100_ci90_high,nDCG@100_ci95_low,nDCG@100_ci95_high,RR@1,RR@3,RR@5,RR@10,RR@100,P@1,P@3,P@5,P@10,P@100,R@1,R@3,R@5,R@10,R@100,AP
0.1752021563342318,0.3802680668497028,0.00987126717006808,0.15895521771139748,0.19144909495706613,0.15583902501508046,0.19456528765338316,0.26122089812222027,0.3918352189783465,0.010171535478171357,0.2444797533667702,0.27796204287767035,0.2412687710256663,0.28117302521877424,0.3005597496156664,0.3845803956609552,0.009983209648366895,0.28412856690918253,0.31699093232215025,0.28097703585890627,0.3201424633724265,0.3340392797194455,0.3713648912090937,0.009640152245960529,0.3181727289355892,0.3499058305033019,0.31512949532609513,0.3529490641127959,0.3978920763081649,0.32618166788471636,0.008467254209228815,0.3839559770140023,0.41182817560232754,0.3812830075491837,0.41450114506714614,0.1752021563342318,0.24460916442048491,0.2665094339622636,0.2805437898429808,0.2922962130896641,0.1752021563342318,0.11118598382749349,0.08625336927223803,0.053908355795148084,0.00868598382749311,0.16930592991913745,0.32272012578616355,0.4176212938005391,0.5190363881401617,0.8250786163522011,0.2865802409620433
