nDCG@1,nDCG@1_std,nDCG@1_stderr,nDCG@1_ci90_low,nDCG@1_ci90_high,nDCG@1_ci95_low,nDCG@1_ci95_high,nDCG@3,nDCG@3_std,nDCG@3_stderr,nDCG@3_ci90_low,nDCG@3_ci90_high,nDCG@3_ci95_low,nDCG@3_ci95_high,nDCG@5,nDCG@5_std,nDCG@5_stderr,nDCG@5_ci90_low,nDCG@5_ci90_high,nDCG@5_ci95_low,nDCG@5_ci95_high,nDCG@10,nDCG@10_std,nDCG@10_stderr,nDCG@10_ci90_low,nDCG@10_ci90_high,nDCG@10_ci95_low,nDCG@10_ci95_high,nDCG@100,nDCG@100_std,nDCG@100_stderr,nDCG@100_ci90_low,nDCG@100_ci90_high,nDCG@100_ci95_low,nDCG@100_ci95_high,RR@1,RR@3,RR@5,RR@10,RR@100,P@1,P@3,P@5,P@10,P@100,R@1,R@3,R@5,R@10,R@100,AP
0.1650943396226415,0.37139082401445983,0.00964082542804589,0.14922668086066698,0.18096199838461602,0.14618323473893297,0.18400544450635004,0.2466338644744102,0.38537590865517024,0.010003860136766334,0.23016869350565194,0.2630990354431685,0.2270106434441872,0.26625708550463323,0.27840607621098745,0.3804684742982272,0.009876469488221285,0.26215057518757423,0.2946615772344007,0.259032740207085,0.2977794122148899,0.31304888929506813,0.3685985781236717,0.009568342336260569,0.2973005291320618,0.3287972494580745,0.29427996470092904,0.3318178138892072,0.3756817129790508,0.32752586472886397,0.008502147820695244,0.36168818292609534,0.38967524303200624,0.35900419813615925,0.3923592278219423,0.1650943396226415,0.22922282120395307,0.24684411500449172,0.26110255422923817,0.2727479764431616,0.1650943396226415,0.10557053009883205,0.07951482479784443,0.05107816711590296,0.00830862533692708,0.16127583108715182,0.3072214734950584,0.38482704402515716,0.4908468104222821,0.7898135669362084,0.26848485362928054
