nDCG@1,nDCG@1_std,nDCG@1_stderr,nDCG@1_ci90_low,nDCG@1_ci90_high,nDCG@1_ci95_low,nDCG@1_ci95_high,nDCG@3,nDCG@3_std,nDCG@3_stderr,nDCG@3_ci90_low,nDCG@3_ci90_high,nDCG@3_ci95_low,nDCG@3_ci95_high,nDCG@5,nDCG@5_std,nDCG@5_stderr,nDCG@5_ci90_low,nDCG@5_ci90_high,nDCG@5_ci95_low,nDCG@5_ci95_high,nDCG@10,nDCG@10_std,nDCG@10_stderr,nDCG@10_ci90_low,nDCG@10_ci90_high,nDCG@10_ci95_low,nDCG@10_ci95_high,nDCG@100,nDCG@100_std,nDCG@100_stderr,nDCG@100_ci90_low,nDCG@100_ci90_high,nDCG@100_ci95_low,nDCG@100_ci95_high,RR@1,RR@3,RR@5,RR@10,RR@100,P@1,P@3,P@5,P@10,P@100,R@1,R@3,R@5,R@10,R@100,AP
0.1752021563342318,0.3802680668497028,0.00987126717006808,0.15895521771139748,0.19144909495706613,0.15583902501508046,0.19456528765338316,0.2664169620389853,0.3918722361084508,0.010172496394990262,0.24967423572806624,0.28315968834990435,0.24646295004171587,0.2863709740362547,0.3020003886923434,0.3852593468209485,0.010000834342313048,0.28554019782349743,0.3184605795611894,0.2823831029543513,0.3216176744303355,0.3374346330356755,0.3707001614407362,0.009622896720947044,0.3215964828057672,0.3532727832655838,0.31855869647473206,0.35631056959661894,0.4004505097175578,0.325562098182778,0.008451170981128754,0.3865408815152314,0.4143601379198842,0.3838729892544916,0.417028030180624,0.1752021563342318,0.24775381850853515,0.26736298292902005,0.28206076455739487,0.29362310286803944,0.1752021563342318,0.11477987421383679,0.08652291105121376,0.054784366576819184,0.008739892183288257,0.1697551662174304,0.3331648697214735,0.4189690026954178,0.527122641509434,0.8296832884097035,0.2885309459742418
