nDCG@1,nDCG@1_std,nDCG@1_stderr,nDCG@1_ci90_low,nDCG@1_ci90_high,nDCG@1_ci95_low,nDCG@1_ci95_high,nDCG@3,nDCG@3_std,nDCG@3_stderr,nDCG@3_ci90_low,nDCG@3_ci90_high,nDCG@3_ci95_low,nDCG@3_ci95_high,nDCG@5,nDCG@5_std,nDCG@5_stderr,nDCG@5_ci90_low,nDCG@5_ci90_high,nDCG@5_ci95_low,nDCG@5_ci95_high,nDCG@10,nDCG@10_std,nDCG@10_stderr,nDCG@10_ci90_low,nDCG@10_ci90_high,nDCG@10_ci95_low,nDCG@10_ci95_high,nDCG@100,nDCG@100_std,nDCG@100_stderr,nDCG@100_ci90_low,nDCG@100_ci90_high,nDCG@100_ci95_low,nDCG@100_ci95_high,RR@1,RR@3,RR@5,RR@10,RR@100,P@1,P@3,P@5,P@10,P@100,R@1,R@3,R@5,R@10,R@100,AP
0.1752021563342318,0.3802680668497028,0.00987126717006808,0.15895521771139748,0.19144909495706613,0.15583902501508046,0.19456528765338316,0.2652370154741103,0.39189305659240686,0.010173036867824186,0.24849339960880998,0.28198063133941065,0.24528194330429393,0.28519208764392673,0.30293467433176474,0.3850796691417447,0.009996170142159162,0.2864821601848957,0.3193871884786338,0.2833265377251377,0.32254281093839177,0.3373935355957412,0.370814353503498,0.009625860999198335,0.3215505065143156,0.3532365646771668,0.31851178441059025,0.35627528678089215,0.4008948588991293,0.32550562498920277,0.008449705010066954,0.38698764351184006,0.4148020742864185,0.3843202140334601,0.41746950376479847,0.1752021563342318,0.24741689128481545,0.2681716082659472,0.2827257947204036,0.2943928916927002,0.1752021563342318,0.11388140161725097,0.08692722371967736,0.054582210242587394,0.008739892183288257,0.1694182389937107,0.3301325247079964,0.4209905660377358,0.5254380053908356,0.8293463611859838,0.28899506345637627
