{
  "nDCG@1": 0.1752021563342318,
  "nDCG@1_std": 0.3802680668497028,
  "nDCG@1_stderr": 0.00987126717006808,
  "nDCG@1_ci90_low": 0.15895521771139748,
  "nDCG@1_ci90_high": 0.19144909495706613,
  "nDCG@1_ci95_low": 0.15583902501508046,
  "nDCG@1_ci95_high": 0.19456528765338316,
  "nDCG@3": 0.2652370154741103,
  "nDCG@3_std": 0.39189305659240686,
  "nDCG@3_stderr": 0.010173036867824186,
  "nDCG@3_ci90_low": 0.24849339960880998,
  "nDCG@3_ci90_high": 0.28198063133941065,
  "nDCG@3_ci95_low": 0.24528194330429393,
  "nDCG@3_ci95_high": 0.28519208764392673,
  "nDCG@5": 0.30293467433176474,
  "nDCG@5_std": 0.3850796691417447,
  "nDCG@5_stderr": 0.009996170142159162,
  "nDCG@5_ci90_low": 0.2864821601848957,
  "nDCG@5_ci90_high": 0.3193871884786338,
  "nDCG@5_ci95_low": 0.2833265377251377,
  "nDCG@5_ci95_high": 0.32254281093839177,
  "nDCG@10": 0.3373935355957412,
  "nDCG@10_std": 0.370814353503498,
  "nDCG@10_stderr": 0.009625860999198335,
  "nDCG@10_ci90_low": 0.3215505065143156,
  "nDCG@10_ci90_high": 0.3532365646771668,
  "nDCG@10_ci95_low": 0.31851178441059025,
  "nDCG@10_ci95_high": 0.35627528678089215,
  "nDCG@100": 0.4008948588991293,
  "nDCG@100_std": 0.32550562498920277,
  "nDCG@100_stderr": 0.008449705010066954,
  "nDCG@100_ci90_low": 0.38698764351184006,
  "nDCG@100_ci90_high": 0.4148020742864185,
  "nDCG@100_ci95_low": 0.3843202140334601,
  "nDCG@100_ci95_high": 0.41746950376479847,
  "RR@1": 0.1752021563342318,
  "RR@3": 0.24741689128481545,
  "RR@5": 0.2681716082659472,
  "RR@10": 0.2827257947204036,
  "RR@100": 0.2943928916927002,
  "P@1": 0.1752021563342318,
  "P@3": 0.11388140161725097,
  "P@5": 0.08692722371967736,
  "P@10": 0.054582210242587394,
  "P@100": 0.008739892183288257,
  "R@1": 0.1694182389937107,
  "R@3": 0.3301325247079964,
  "R@5": 0.4209905660377358,
  "R@10": 0.5254380053908356,
  "R@100": 0.8293463611859838,
  "AP": 0.28899506345637627
}