nDCG@1,nDCG@1_std,nDCG@1_stderr,nDCG@1_ci90_low,nDCG@1_ci90_high,nDCG@1_ci95_low,nDCG@1_ci95_high,nDCG@3,nDCG@3_std,nDCG@3_stderr,nDCG@3_ci90_low,nDCG@3_ci90_high,nDCG@3_ci95_low,nDCG@3_ci95_high,nDCG@5,nDCG@5_std,nDCG@5_stderr,nDCG@5_ci90_low,nDCG@5_ci90_high,nDCG@5_ci95_low,nDCG@5_ci95_high,nDCG@10,nDCG@10_std,nDCG@10_stderr,nDCG@10_ci90_low,nDCG@10_ci90_high,nDCG@10_ci95_low,nDCG@10_ci95_high,nDCG@100,nDCG@100_std,nDCG@100_stderr,nDCG@100_ci90_low,nDCG@100_ci90_high,nDCG@100_ci95_low,nDCG@100_ci95_high,RR@1,RR@3,RR@5,RR@10,RR@100,P@1,P@3,P@5,P@10,P@100,R@1,R@3,R@5,R@10,R@100,AP
0.6731805929919138,0.4692087337997418,0.012180051846681179,0.6531336677728282,0.6932275182109994,0.6492886306614349,0.6970725553223927,0.7481777110716388,0.387745206968644,0.010065364056492351,0.7316113119229887,0.7647441102202889,0.7284338461105222,0.7679215760327553,0.7689670893103371,0.3596363746939745,0.009335695127095861,0.7536016389463415,0.7843325396743327,0.7506545173186024,0.7872796613020717,0.7854269421264112,0.3326929544174272,0.008636278785806419,0.7712126483639908,0.7996412358888315,0.7684863206887262,0.8023675635640961,0.804415807393375,0.2934106876641053,0.007616561949259152,0.7918798469766766,0.8169517678100735,0.7894754267225782,0.8193561880641719,0.6731805929919138,0.7370844564240793,0.7475965858041338,0.7539129016386432,0.7575809913146461,0.6731805929919138,0.2796495956873278,0.17897574123988821,0.09514824797843442,0.010464959568732966,0.653133423180593,0.8019429469901169,0.8507973944294699,0.8992587601078167,0.9842767295597483,0.7499598532334836
