{
  "nDCG@1": 0.6644204851752021,
  "nDCG@1_std": 0.47235183066588454,
  "nDCG@1_stderr": 0.012261642575989938,
  "nDCG@1_ci90_low": 0.6442392712626355,
  "nDCG@1_ci90_high": 0.6846016990877688,
  "nDCG@1_ci95_low": 0.6403684773329554,
  "nDCG@1_ci95_high": 0.6884724930174488,
  "nDCG@3": 0.7366068887569527,
  "nDCG@3_std": 0.39648998871473706,
  "nDCG@3_stderr": 0.010292367279967692,
  "nDCG@3_ci90_low": 0.7196668691424142,
  "nDCG@3_ci90_high": 0.7535469083714912,
  "nDCG@3_ci95_low": 0.7164177422377246,
  "nDCG@3_ci95_high": 0.7567960352761808,
  "nDCG@5": 0.7573474791951845,
  "nDCG@5_std": 0.36950014117086943,
  "nDCG@5_stderr": 0.009591745746868451,
  "nDCG@5_ci90_low": 0.7415605997854431,
  "nDCG@5_ci90_high": 0.773134358604926,
  "nDCG@5_ci95_low": 0.7385326472919727,
  "nDCG@5_ci95_high": 0.7761623110983964,
  "nDCG@10": 0.7782286235016229,
  "nDCG@10_std": 0.3358836666496768,
  "nDCG@10_stderr": 0.008719105548432766,
  "nDCG@10_ci90_low": 0.7638780066810243,
  "nDCG@10_ci90_high": 0.7925792403222215,
  "nDCG@10_ci95_low": 0.7611255319925841,
  "nDCG@10_ci95_high": 0.7953317150106617,
  "nDCG@100": 0.7966003169127419,
  "nDCG@100_std": 0.29930874977580246,
  "nDCG@100_stderr": 0.007769668013022404,
  "nDCG@100_ci90_low": 0.783812362017737,
  "nDCG@100_ci90_high": 0.8093882718077469,
  "nDCG@100_ci95_low": 0.7813596087594314,
  "nDCG@100_ci95_high": 0.8118410250660524,
  "RR@1": 0.6644204851752021,
  "RR@3": 0.7265274034141962,
  "RR@5": 0.7371406109613663,
  "RR@10": 0.745533842467805,
  "RR@100": 0.7491059512946332,
  "P@1": 0.6644204851752021,
  "P@3": 0.27538185085354555,
  "P@5": 0.176280323450131,
  "P@10": 0.09501347708894654,
  "P@100": 0.010417789757412213,
  "R@1": 0.6427448337825696,
  "R@3": 0.7877358490566038,
  "R@5": 0.8368149146451033,
  "R@10": 0.8985849056603774,
  "R@100": 0.9795597484276729,
  "AP": 0.7410152554569205
}