nDCG@1,nDCG@1_std,nDCG@1_stderr,nDCG@1_ci90_low,nDCG@1_ci90_high,nDCG@1_ci95_low,nDCG@1_ci95_high,nDCG@3,nDCG@3_std,nDCG@3_stderr,nDCG@3_ci90_low,nDCG@3_ci90_high,nDCG@3_ci95_low,nDCG@3_ci95_high,nDCG@5,nDCG@5_std,nDCG@5_stderr,nDCG@5_ci90_low,nDCG@5_ci90_high,nDCG@5_ci95_low,nDCG@5_ci95_high,nDCG@10,nDCG@10_std,nDCG@10_stderr,nDCG@10_ci90_low,nDCG@10_ci90_high,nDCG@10_ci95_low,nDCG@10_ci95_high,nDCG@100,nDCG@100_std,nDCG@100_stderr,nDCG@100_ci90_low,nDCG@100_ci90_high,nDCG@100_ci95_low,nDCG@100_ci95_high,RR@1,RR@3,RR@5,RR@10,RR@100,P@1,P@3,P@5,P@10,P@100,R@1,R@3,R@5,R@10,R@100,AP
0.7203504043126685,0.44897832457007786,0.011654896589443254,0.7011678225547421,0.7395329860705949,0.6974885681082127,0.7432122405171243,0.7956239754962948,0.3563039991277682,0.009249190967549826,0.7804009007510067,0.810847050241583,0.7774810870286797,0.81376686396391,0.8144938227471346,0.3252876117289359,0.00844404566781258,0.8005959219680581,0.828391723526211,0.7979302790486573,0.8310573664456118,0.8281984117107469,0.2979306582495301,0.007733894539447989,0.8154693357235332,0.8409274876979607,0.8130278755479854,0.8433689478735085,0.8398485249713312,0.26969267698921656,0.007000873069427732,0.8283259156542478,0.8513711342884146,0.8261158580040057,0.8535811919386568,0.7203504043126685,0.78167115902965,0.7915094339622651,0.7969716660249012,0.7993441732784261,0.7203504043126685,0.29784366576818955,0.18881401617250237,0.0990566037735825,0.01047169811320736,0.6987870619946092,0.8499550763701706,0.8945417789757413,0.9348607367475291,0.9850628930817611,0.794312515562975
