{
  "nDCG@1": 0.7203504043126685,
  "nDCG@1_std": 0.44897832457007786,
  "nDCG@1_stderr": 0.011654896589443254,
  "nDCG@1_ci90_low": 0.7011678225547421,
  "nDCG@1_ci90_high": 0.7395329860705949,
  "nDCG@1_ci95_low": 0.6974885681082127,
  "nDCG@1_ci95_high": 0.7432122405171243,
  "nDCG@3": 0.7956239754962948,
  "nDCG@3_std": 0.3563039991277682,
  "nDCG@3_stderr": 0.009249190967549826,
  "nDCG@3_ci90_low": 0.7804009007510067,
  "nDCG@3_ci90_high": 0.810847050241583,
  "nDCG@3_ci95_low": 0.7774810870286797,
  "nDCG@3_ci95_high": 0.81376686396391,
  "nDCG@5": 0.8144938227471346,
  "nDCG@5_std": 0.3252876117289359,
  "nDCG@5_stderr": 0.00844404566781258,
  "nDCG@5_ci90_low": 0.8005959219680581,
  "nDCG@5_ci90_high": 0.828391723526211,
  "nDCG@5_ci95_low": 0.7979302790486573,
  "nDCG@5_ci95_high": 0.8310573664456118,
  "nDCG@10": 0.8281984117107469,
  "nDCG@10_std": 0.2979306582495301,
  "nDCG@10_stderr": 0.007733894539447989,
  "nDCG@10_ci90_low": 0.8154693357235332,
  "nDCG@10_ci90_high": 0.8409274876979607,
  "nDCG@10_ci95_low": 0.8130278755479854,
  "nDCG@10_ci95_high": 0.8433689478735085,
  "nDCG@100": 0.8398485249713312,
  "nDCG@100_std": 0.26969267698921656,
  "nDCG@100_stderr": 0.007000873069427732,
  "nDCG@100_ci90_low": 0.8283259156542478,
  "nDCG@100_ci90_high": 0.8513711342884146,
  "nDCG@100_ci95_low": 0.8261158580040057,
  "nDCG@100_ci95_high": 0.8535811919386568,
  "RR@1": 0.7203504043126685,
  "RR@3": 0.78167115902965,
  "RR@5": 0.7915094339622651,
  "RR@10": 0.7969716660249012,
  "RR@100": 0.7993441732784261,
  "P@1": 0.7203504043126685,
  "P@3": 0.29784366576818955,
  "P@5": 0.18881401617250237,
  "P@10": 0.0990566037735825,
  "P@100": 0.01047169811320736,
  "R@1": 0.6987870619946092,
  "R@3": 0.8499550763701706,
  "R@5": 0.8945417789757413,
  "R@10": 0.9348607367475291,
  "R@100": 0.9850628930817611,
  "AP": 0.794312515562975
}