{
  "nDCG@1": 0.6677897574123989,
  "nDCG@1_std": 0.4711647168748129,
  "nDCG@1_stderr": 0.0122308266374074,
  "nDCG@1_ci90_low": 0.6476592628911859,
  "nDCG@1_ci90_high": 0.6879202519336118,
  "nDCG@1_ci95_low": 0.6437981970340102,
  "nDCG@1_ci95_high": 0.6917813177907876,
  "nDCG@3": 0.7429676342735829,
  "nDCG@3_std": 0.39130877361961647,
  "nDCG@3_stderr": 0.010157869637572333,
  "nDCG@3_ci90_low": 0.7262489818759645,
  "nDCG@3_ci90_high": 0.7596862866712013,
  "nDCG@3_ci95_low": 0.7230423136104429,
  "nDCG@3_ci95_high": 0.7628929549367229,
  "nDCG@5": 0.7625601917669308,
  "nDCG@5_std": 0.3646064969093085,
  "nDCG@5_stderr": 0.009464713071363172,
  "nDCG@5_ci90_low": 0.7469823931212363,
  "nDCG@5_ci90_high": 0.7781379904126253,
  "nDCG@5_ci95_low": 0.7439945427026852,
  "nDCG@5_ci95_high": 0.7811258408311764,
  "nDCG@10": 0.7798811210549523,
  "nDCG@10_std": 0.3368659126887369,
  "nDCG@10_stderr": 0.008744603385152608,
  "nDCG@10_ci90_low": 0.765488537809875,
  "nDCG@10_ci90_high": 0.7942737043000296,
  "nDCG@10_ci95_low": 0.7627280138840684,
  "nDCG@10_ci95_high": 0.7970342282258362,
  "nDCG@100": 0.7991331288427304,
  "nDCG@100_std": 0.29777632498783846,
  "nDCG@100_stderr": 0.007729888247591807,
  "nDCG@100_ci90_low": 0.7864106467382239,
  "nDCG@100_ci90_high": 0.8118556109472368,
  "nDCG@100_ci95_low": 0.7839704512815017,
  "nDCG@100_ci95_high": 0.814295806403959,
  "RR@1": 0.6677897574123989,
  "RR@3": 0.7303459119496865,
  "RR@5": 0.7405211141060206,
  "RR@10": 0.74712943353442,
  "RR@100": 0.7509301186649556,
  "P@1": 0.6677897574123989,
  "P@3": 0.27897574123988844,
  "P@5": 0.17762803234500954,
  "P@10": 0.0948787061994587,
  "P@100": 0.010438005390835394,
  "R@1": 0.6484164420485176,
  "R@3": 0.7986298292902065,
  "R@5": 0.8452942497753817,
  "R@10": 0.8962264150943396,
  "R@100": 0.9820867026055704,
  "AP": 0.7440595065746611
}