nDCG@1,nDCG@1_std,nDCG@1_stderr,nDCG@1_ci90_low,nDCG@1_ci90_high,nDCG@1_ci95_low,nDCG@1_ci95_high,nDCG@3,nDCG@3_std,nDCG@3_stderr,nDCG@3_ci90_low,nDCG@3_ci90_high,nDCG@3_ci95_low,nDCG@3_ci95_high,nDCG@5,nDCG@5_std,nDCG@5_stderr,nDCG@5_ci90_low,nDCG@5_ci90_high,nDCG@5_ci95_low,nDCG@5_ci95_high,nDCG@10,nDCG@10_std,nDCG@10_stderr,nDCG@10_ci90_low,nDCG@10_ci90_high,nDCG@10_ci95_low,nDCG@10_ci95_high,nDCG@100,nDCG@100_std,nDCG@100_stderr,nDCG@100_ci90_low,nDCG@100_ci90_high,nDCG@100_ci95_low,nDCG@100_ci95_high,RR@1,RR@3,RR@5,RR@10,RR@100,P@1,P@3,P@5,P@10,P@100,R@1,R@3,R@5,R@10,R@100,AP
0.6630727762803235,0.4728191146004984,0.012273772662539323,0.6428715976795093,0.6832739548811376,0.6389969744859202,0.6871485780747267,0.7315749160929246,0.4019593545715811,0.010434344943438168,0.714401218031184,0.7487486141546652,0.7111072711707254,0.7520425610151238,0.7528605879759755,0.37416938854701337,0.009712953369467151,0.7368742151505405,0.7688469608014106,0.7338079994531903,0.7719131764987608,0.7739217665417553,0.340992524208046,0.008851724882762558,0.7593528739772288,0.7884906591062817,0.756558533599824,0.7912849994836866,0.7931303216461951,0.3032773414398237,0.007872687519574718,0.780172808824019,0.8060878344683713,0.7776875340435658,0.8085731092488244,0.6630727762803235,0.7213611859838278,0.7326145552560654,0.7410524429897745,0.7449396050266749,0.6630727762803235,0.27336028751122765,0.1752021563342281,0.09447439353099511,0.010397574123989032,0.6417340521114105,0.780884995507637,0.8314240790655885,0.8938679245283019,0.9779874213836479,0.7374017235469954
