nDCG@1,nDCG@1_std,nDCG@1_stderr,nDCG@1_ci90_low,nDCG@1_ci90_high,nDCG@1_ci95_low,nDCG@1_ci95_high,nDCG@3,nDCG@3_std,nDCG@3_stderr,nDCG@3_ci90_low,nDCG@3_ci90_high,nDCG@3_ci95_low,nDCG@3_ci95_high,nDCG@5,nDCG@5_std,nDCG@5_stderr,nDCG@5_ci90_low,nDCG@5_ci90_high,nDCG@5_ci95_low,nDCG@5_ci95_high,nDCG@10,nDCG@10_std,nDCG@10_stderr,nDCG@10_ci90_low,nDCG@10_ci90_high,nDCG@10_ci95_low,nDCG@10_ci95_high,nDCG@100,nDCG@100_std,nDCG@100_stderr,nDCG@100_ci90_low,nDCG@100_ci90_high,nDCG@100_ci95_low,nDCG@100_ci95_high,RR@1,RR@3,RR@5,RR@10,RR@100,P@1,P@3,P@5,P@10,P@100,R@1,R@3,R@5,R@10,R@100,AP
0.6677897574123989,0.4711647168748129,0.0122308266374074,0.6476592628911859,0.6879202519336118,0.6437981970340102,0.6917813177907876,0.7429676342735829,0.39130877361961647,0.010157869637572333,0.7262489818759645,0.7596862866712013,0.7230423136104429,0.7628929549367229,0.7625601917669308,0.3646064969093085,0.009464713071363172,0.7469823931212363,0.7781379904126253,0.7439945427026852,0.7811258408311764,0.7798811210549523,0.3368659126887369,0.008744603385152608,0.765488537809875,0.7942737043000296,0.7627280138840684,0.7970342282258362,0.7991331288427304,0.29777632498783846,0.007729888247591807,0.7864106467382239,0.8118556109472368,0.7839704512815017,0.814295806403959,0.6677897574123989,0.7303459119496865,0.7405211141060206,0.74712943353442,0.7509301186649556,0.6677897574123989,0.27897574123988844,0.17762803234500954,0.0948787061994587,0.010438005390835394,0.6484164420485176,0.7986298292902065,0.8452942497753817,0.8962264150943396,0.9820867026055704,0.7440595065746611
