nDCG@1,nDCG@1_std,nDCG@1_stderr,nDCG@1_ci90_low,nDCG@1_ci90_high,nDCG@1_ci95_low,nDCG@1_ci95_high,nDCG@3,nDCG@3_std,nDCG@3_stderr,nDCG@3_ci90_low,nDCG@3_ci90_high,nDCG@3_ci95_low,nDCG@3_ci95_high,nDCG@5,nDCG@5_std,nDCG@5_stderr,nDCG@5_ci90_low,nDCG@5_ci90_high,nDCG@5_ci95_low,nDCG@5_ci95_high,nDCG@10,nDCG@10_std,nDCG@10_stderr,nDCG@10_ci90_low,nDCG@10_ci90_high,nDCG@10_ci95_low,nDCG@10_ci95_high,nDCG@100,nDCG@100_std,nDCG@100_stderr,nDCG@100_ci90_low,nDCG@100_ci90_high,nDCG@100_ci95_low,nDCG@100_ci95_high,RR@1,RR@3,RR@5,RR@10,RR@100,P@1,P@3,P@5,P@10,P@100,R@1,R@3,R@5,R@10,R@100,AP
0.6657681940700808,0.47188023231236836,0.012249400492706192,0.6456071291791443,0.6859292589610173,0.6417401998688549,0.6897961882713067,0.73783205236351,0.3970920473400735,0.010307995943168297,0.7208663098172139,0.7547977949098061,0.7176122492069239,0.7580518555200961,0.7593037716003214,0.3684076241913613,0.009563385419160937,0.743563569936775,0.7750439732638678,0.7405445703208373,0.7780629728798054,0.7759242608440261,0.34191286839310997,0.008875615827417596,0.7613160466093671,0.7905324750786851,0.7585141642633416,0.7933343574247106,0.7961805846942848,0.3016074266497815,0.007829338691522138,0.7832944189176912,0.8090667504708783,0.7808228286317457,0.8115383407568239,0.6657681940700808,0.7263027852650501,0.7375561545372875,0.7441096564411932,0.7481834593012471,0.6657681940700808,0.2756064690026919,0.17681940700808238,0.09413746630727546,0.010404312668463426,0.6467318059299192,0.7895327942497753,0.8402403414195866,0.8891509433962265,0.9787174303683737,0.7414691580814136
