{
  "nDCG@1": 0.6630727762803235,
  "nDCG@1_std": 0.4728191146004984,
  "nDCG@1_stderr": 0.012273772662539323,
  "nDCG@1_ci90_low": 0.6428715976795093,
  "nDCG@1_ci90_high": 0.6832739548811376,
  "nDCG@1_ci95_low": 0.6389969744859202,
  "nDCG@1_ci95_high": 0.6871485780747267,
  "nDCG@3": 0.7315749160929246,
  "nDCG@3_std": 0.4019593545715811,
  "nDCG@3_stderr": 0.010434344943438168,
  "nDCG@3_ci90_low": 0.714401218031184,
  "nDCG@3_ci90_high": 0.7487486141546652,
  "nDCG@3_ci95_low": 0.7111072711707254,
  "nDCG@3_ci95_high": 0.7520425610151238,
  "nDCG@5": 0.7528605879759755,
  "nDCG@5_std": 0.37416938854701337,
  "nDCG@5_stderr": 0.009712953369467151,
  "nDCG@5_ci90_low": 0.7368742151505405,
  "nDCG@5_ci90_high": 0.7688469608014106,
  "nDCG@5_ci95_low": 0.7338079994531903,
  "nDCG@5_ci95_high": 0.7719131764987608,
  "nDCG@10": 0.7739217665417553,
  "nDCG@10_std": 0.340992524208046,
  "nDCG@10_stderr": 0.008851724882762558,
  "nDCG@10_ci90_low": 0.7593528739772288,
  "nDCG@10_ci90_high": 0.7884906591062817,
  "nDCG@10_ci95_low": 0.756558533599824,
  "nDCG@10_ci95_high": 0.7912849994836866,
  "nDCG@100": 0.7931303216461951,
  "nDCG@100_std": 0.3032773414398237,
  "nDCG@100_stderr": 0.007872687519574718,
  "nDCG@100_ci90_low": 0.780172808824019,
  "nDCG@100_ci90_high": 0.8060878344683713,
  "nDCG@100_ci95_low": 0.7776875340435658,
  "nDCG@100_ci95_high": 0.8085731092488244,
  "RR@1": 0.6630727762803235,
  "RR@3": 0.7213611859838278,
  "RR@5": 0.7326145552560654,
  "RR@10": 0.7410524429897745,
  "RR@100": 0.7449396050266749,
  "P@1": 0.6630727762803235,
  "P@3": 0.27336028751122765,
  "P@5": 0.1752021563342281,
  "P@10": 0.09447439353099511,
  "P@100": 0.010397574123989032,
  "R@1": 0.6417340521114105,
  "R@3": 0.780884995507637,
  "R@5": 0.8314240790655885,
  "R@10": 0.8938679245283019,
  "R@100": 0.9779874213836479,
  "AP": 0.7374017235469954
}