{
  "nDCG@1": 0.6691374663072777,
  "nDCG@1_std": 0.47068227544847874,
  "nDCG@1_stderr": 0.01221830308197792,
  "nDCG@1_ci90_low": 0.6490275840775666,
  "nDCG@1_ci90_high": 0.6892473485369888,
  "nDCG@1_ci95_low": 0.6451704716957947,
  "nDCG@1_ci95_high": 0.6931044609187607,
  "nDCG@3": 0.7445027337930717,
  "nDCG@3_std": 0.38980733196417927,
  "nDCG@3_stderr": 0.01011889415418801,
  "nDCG@3_ci90_low": 0.7278482304327989,
  "nDCG@3_ci90_high": 0.7611572371533446,
  "nDCG@3_ci95_low": 0.724653866070572,
  "nDCG@3_ci95_high": 0.7643516015155715,
  "nDCG@5": 0.7668230526501884,
  "nDCG@5_std": 0.35998394398760847,
  "nDCG@5_stderr": 0.009344717576406413,
  "nDCG@5_ci90_low": 0.7514427524014059,
  "nDCG@5_ci90_high": 0.7822033528989708,
  "nDCG@5_ci95_low": 0.7484927825384645,
  "nDCG@5_ci95_high": 0.7851533227619122,
  "nDCG@10": 0.7843520902079175,
  "nDCG@10_std": 0.33091807496800657,
  "nDCG@10_stderr": 0.008590205210959496,
  "nDCG@10_ci90_low": 0.7702136281021402,
  "nDCG@10_ci90_high": 0.7984905523136948,
  "nDCG@10_ci95_low": 0.7675018450780291,
  "nDCG@10_ci95_high": 0.8012023353378059,
  "nDCG@100": 0.8023119270228918,
  "nDCG@100_std": 0.294258473272312,
  "nDCG@100_stderr": 0.007638569367107507,
  "nDCG@100_ci90_low": 0.7897397449984839,
  "nDCG@100_ci90_high": 0.8148841090472997,
  "nDCG@100_ci95_low": 0.7873283773734369,
  "nDCG@100_ci95_high": 0.8172954766723467,
  "RR@1": 0.6691374663072777,
  "RR@3": 0.733939802336029,
  "RR@5": 0.7450920934411507,
  "RR@10": 0.7520983078766097,
  "RR@100": 0.7555444036528735,
  "P@1": 0.6691374663072777,
  "P@3": 0.2783018867924492,
  "P@5": 0.17897574123988821,
  "P@10": 0.09541778975741014,
  "P@100": 0.010438005390835394,
  "R@1": 0.647461814914645,
  "R@3": 0.7972821203953279,
  "R@5": 0.85062893081761,
  "R@10": 0.9022911051212938,
  "R@100": 0.9815813117699909,
  "AP": 0.7475569894990187
}