{
  "nDCG@1": 0.6644204851752021,
  "nDCG@1_std": 0.47235183066588454,
  "nDCG@1_stderr": 0.012261642575989938,
  "nDCG@1_ci90_low": 0.6442392712626355,
  "nDCG@1_ci90_high": 0.6846016990877688,
  "nDCG@1_ci95_low": 0.6403684773329554,
  "nDCG@1_ci95_high": 0.6884724930174488,
  "nDCG@3": 0.7345135866353855,
  "nDCG@3_std": 0.4002616446423279,
  "nDCG@3_stderr": 0.010390274589522387,
  "nDCG@3_ci90_low": 0.7174124231654881,
  "nDCG@3_ci90_high": 0.7516147501052828,
  "nDCG@3_ci95_low": 0.7141323885730929,
  "nDCG@3_ci95_high": 0.754894784697678,
  "nDCG@5": 0.7562959893610314,
  "nDCG@5_std": 0.37171306361117995,
  "nDCG@5_stderr": 0.00964919035118643,
  "nDCG@5_ci90_low": 0.7404145629246025,
  "nDCG@5_ci90_high": 0.7721774157974602,
  "nDCG@5_ci95_low": 0.7373684761375976,
  "nDCG@5_ci95_high": 0.7752235025844652,
  "nDCG@10": 0.774327889542047,
  "nDCG@10_std": 0.34295872022526164,
  "nDCG@10_stderr": 0.008902764788257252,
  "nDCG@10_ci90_low": 0.7596749913278303,
  "nDCG@10_ci90_high": 0.7889807877562637,
  "nDCG@10_ci95_low": 0.7568645385123784,
  "nDCG@10_ci95_high": 0.7917912405717156,
  "nDCG@100": 0.7936830309455727,
  "nDCG@100_std": 0.3049794141177686,
  "nDCG@100_stderr": 0.007916871124803677,
  "nDCG@100_ci90_low": 0.7806527971332822,
  "nDCG@100_ci90_high": 0.8067132647578632,
  "nDCG@100_ci95_low": 0.7781535743332344,
  "nDCG@100_ci95_high": 0.809212487557911,
  "RR@1": 0.6644204851752021,
  "RR@3": 0.7231581311769999,
  "RR@5": 0.7345125786163532,
  "RR@10": 0.741767744833783,
  "RR@100": 0.745495588903524,
  "P@1": 0.6644204851752021,
  "P@3": 0.2738095238095204,
  "P@5": 0.17601078167115522,
  "P@10": 0.09413746630727546,
  "P@100": 0.010384097035040245,
  "R@1": 0.6453840970350404,
  "R@3": 0.7851527403414195,
  "R@5": 0.8365341419586702,
  "R@10": 0.8899932614555256,
  "R@100": 0.9759097035040432,
  "AP": 0.7391531215936384
}