nDCG@1,nDCG@1_std,nDCG@1_stderr,nDCG@1_ci90_low,nDCG@1_ci90_high,nDCG@1_ci95_low,nDCG@1_ci95_high,nDCG@3,nDCG@3_std,nDCG@3_stderr,nDCG@3_ci90_low,nDCG@3_ci90_high,nDCG@3_ci95_low,nDCG@3_ci95_high,nDCG@5,nDCG@5_std,nDCG@5_stderr,nDCG@5_ci90_low,nDCG@5_ci90_high,nDCG@5_ci95_low,nDCG@5_ci95_high,nDCG@10,nDCG@10_std,nDCG@10_stderr,nDCG@10_ci90_low,nDCG@10_ci90_high,nDCG@10_ci95_low,nDCG@10_ci95_high,nDCG@100,nDCG@100_std,nDCG@100_stderr,nDCG@100_ci90_low,nDCG@100_ci90_high,nDCG@100_ci95_low,nDCG@100_ci95_high,RR@1,RR@3,RR@5,RR@10,RR@100,P@1,P@3,P@5,P@10,P@100,R@1,R@3,R@5,R@10,R@100,AP
0.6644204851752021,0.47235183066588454,0.012261642575989938,0.6442392712626355,0.6846016990877688,0.6403684773329554,0.6884724930174488,0.7345135866353855,0.4002616446423279,0.010390274589522387,0.7174124231654881,0.7516147501052828,0.7141323885730929,0.754894784697678,0.7562959893610314,0.37171306361117995,0.00964919035118643,0.7404145629246025,0.7721774157974602,0.7373684761375976,0.7752235025844652,0.774327889542047,0.34295872022526164,0.008902764788257252,0.7596749913278303,0.7889807877562637,0.7568645385123784,0.7917912405717156,0.7936830309455727,0.3049794141177686,0.007916871124803677,0.7806527971332822,0.8067132647578632,0.7781535743332344,0.809212487557911,0.6644204851752021,0.7231581311769999,0.7345125786163532,0.741767744833783,0.745495588903524,0.6644204851752021,0.2738095238095204,0.17601078167115522,0.09413746630727546,0.010384097035040245,0.6453840970350404,0.7851527403414195,0.8365341419586702,0.8899932614555256,0.9759097035040432,0.7391531215936384
