nDCG@1,nDCG@1_std,nDCG@1_stderr,nDCG@1_ci90_low,nDCG@1_ci90_high,nDCG@1_ci95_low,nDCG@1_ci95_high,nDCG@3,nDCG@3_std,nDCG@3_stderr,nDCG@3_ci90_low,nDCG@3_ci90_high,nDCG@3_ci95_low,nDCG@3_ci95_high,nDCG@5,nDCG@5_std,nDCG@5_stderr,nDCG@5_ci90_low,nDCG@5_ci90_high,nDCG@5_ci95_low,nDCG@5_ci95_high,nDCG@10,nDCG@10_std,nDCG@10_stderr,nDCG@10_ci90_low,nDCG@10_ci90_high,nDCG@10_ci95_low,nDCG@10_ci95_high,nDCG@100,nDCG@100_std,nDCG@100_stderr,nDCG@100_ci90_low,nDCG@100_ci90_high,nDCG@100_ci95_low,nDCG@100_ci95_high,RR@1,RR@3,RR@5,RR@10,RR@100,P@1,P@3,P@5,P@10,P@100,R@1,R@3,R@5,R@10,R@100,AP
0.6644204851752021,0.47235183066588454,0.012261642575989938,0.6442392712626355,0.6846016990877688,0.6403684773329554,0.6884724930174488,0.7366068887569527,0.39648998871473706,0.010292367279967692,0.7196668691424142,0.7535469083714912,0.7164177422377246,0.7567960352761808,0.7573474791951845,0.36950014117086943,0.009591745746868451,0.7415605997854431,0.773134358604926,0.7385326472919727,0.7761623110983964,0.7782286235016229,0.3358836666496768,0.008719105548432766,0.7638780066810243,0.7925792403222215,0.7611255319925841,0.7953317150106617,0.7966003169127419,0.29930874977580246,0.007769668013022404,0.783812362017737,0.8093882718077469,0.7813596087594314,0.8118410250660524,0.6644204851752021,0.7265274034141962,0.7371406109613663,0.745533842467805,0.7491059512946332,0.6644204851752021,0.27538185085354555,0.176280323450131,0.09501347708894654,0.010417789757412213,0.6427448337825696,0.7877358490566038,0.8368149146451033,0.8985849056603774,0.9795597484276729,0.7410152554569205
