{
  "nDCG@1": 0.6731805929919138,
  "nDCG@1_std": 0.4692087337997418,
  "nDCG@1_stderr": 0.012180051846681179,
  "nDCG@1_ci90_low": 0.6531336677728282,
  "nDCG@1_ci90_high": 0.6932275182109994,
  "nDCG@1_ci95_low": 0.6492886306614349,
  "nDCG@1_ci95_high": 0.6970725553223927,
  "nDCG@3": 0.7481777110716388,
  "nDCG@3_std": 0.387745206968644,
  "nDCG@3_stderr": 0.010065364056492351,
  "nDCG@3_ci90_low": 0.7316113119229887,
  "nDCG@3_ci90_high": 0.7647441102202889,
  "nDCG@3_ci95_low": 0.7284338461105222,
  "nDCG@3_ci95_high": 0.7679215760327553,
  "nDCG@5": 0.7689670893103371,
  "nDCG@5_std": 0.3596363746939745,
  "nDCG@5_stderr": 0.009335695127095861,
  "nDCG@5_ci90_low": 0.7536016389463415,
  "nDCG@5_ci90_high": 0.7843325396743327,
  "nDCG@5_ci95_low": 0.7506545173186024,
  "nDCG@5_ci95_high": 0.7872796613020717,
  "nDCG@10": 0.7854269421264112,
  "nDCG@10_std": 0.3326929544174272,
  "nDCG@10_stderr": 0.008636278785806419,
  "nDCG@10_ci90_low": 0.7712126483639908,
  "nDCG@10_ci90_high": 0.7996412358888315,
  "nDCG@10_ci95_low": 0.7684863206887262,
  "nDCG@10_ci95_high": 0.8023675635640961,
  "nDCG@100": 0.804415807393375,
  "nDCG@100_std": 0.2934106876641053,
  "nDCG@100_stderr": 0.007616561949259152,
  "nDCG@100_ci90_low": 0.7918798469766766,
  "nDCG@100_ci90_high": 0.8169517678100735,
  "nDCG@100_ci95_low": 0.7894754267225782,
  "nDCG@100_ci95_high": 0.8193561880641719,
  "RR@1": 0.6731805929919138,
  "RR@3": 0.7370844564240793,
  "RR@5": 0.7475965858041338,
  "RR@10": 0.7539129016386432,
  "RR@100": 0.7575809913146461,
  "P@1": 0.6731805929919138,
  "P@3": 0.2796495956873278,
  "P@5": 0.17897574123988821,
  "P@10": 0.09514824797843442,
  "P@100": 0.010464959568732966,
  "R@1": 0.653133423180593,
  "R@3": 0.8019429469901169,
  "R@5": 0.8507973944294699,
  "R@10": 0.8992587601078167,
  "R@100": 0.9842767295597483,
  "AP": 0.7499598532334836
}