nDCG@1,nDCG@1_std,nDCG@1_stderr,nDCG@1_ci90_low,nDCG@1_ci90_high,nDCG@1_ci95_low,nDCG@1_ci95_high,nDCG@3,nDCG@3_std,nDCG@3_stderr,nDCG@3_ci90_low,nDCG@3_ci90_high,nDCG@3_ci95_low,nDCG@3_ci95_high,nDCG@5,nDCG@5_std,nDCG@5_stderr,nDCG@5_ci90_low,nDCG@5_ci90_high,nDCG@5_ci95_low,nDCG@5_ci95_high,nDCG@10,nDCG@10_std,nDCG@10_stderr,nDCG@10_ci90_low,nDCG@10_ci90_high,nDCG@10_ci95_low,nDCG@10_ci95_high,nDCG@100,nDCG@100_std,nDCG@100_stderr,nDCG@100_ci90_low,nDCG@100_ci90_high,nDCG@100_ci95_low,nDCG@100_ci95_high,RR@1,RR@3,RR@5,RR@10,RR@100,P@1,P@3,P@5,P@10,P@100,R@1,R@3,R@5,R@10,R@100,AP
0.6691374663072777,0.47068227544847874,0.01221830308197792,0.6490275840775666,0.6892473485369888,0.6451704716957947,0.6931044609187607,0.7445027337930717,0.38980733196417927,0.01011889415418801,0.7278482304327989,0.7611572371533446,0.724653866070572,0.7643516015155715,0.7668230526501884,0.35998394398760847,0.009344717576406413,0.7514427524014059,0.7822033528989708,0.7484927825384645,0.7851533227619122,0.7843520902079175,0.33091807496800657,0.008590205210959496,0.7702136281021402,0.7984905523136948,0.7675018450780291,0.8012023353378059,0.8023119270228918,0.294258473272312,0.007638569367107507,0.7897397449984839,0.8148841090472997,0.7873283773734369,0.8172954766723467,0.6691374663072777,0.733939802336029,0.7450920934411507,0.7520983078766097,0.7555444036528735,0.6691374663072777,0.2783018867924492,0.17897574123988821,0.09541778975741014,0.010438005390835394,0.647461814914645,0.7972821203953279,0.85062893081761,0.9022911051212938,0.9815813117699909,0.7475569894990187
