nDCG@1,nDCG@1_std,nDCG@1_stderr,nDCG@1_ci90_low,nDCG@1_ci90_high,nDCG@1_ci95_low,nDCG@1_ci95_high,nDCG@3,nDCG@3_std,nDCG@3_stderr,nDCG@3_ci90_low,nDCG@3_ci90_high,nDCG@3_ci95_low,nDCG@3_ci95_high,nDCG@5,nDCG@5_std,nDCG@5_stderr,nDCG@5_ci90_low,nDCG@5_ci90_high,nDCG@5_ci95_low,nDCG@5_ci95_high,nDCG@10,nDCG@10_std,nDCG@10_stderr,nDCG@10_ci90_low,nDCG@10_ci90_high,nDCG@10_ci95_low,nDCG@10_ci95_high,nDCG@100,nDCG@100_std,nDCG@100_stderr,nDCG@100_ci90_low,nDCG@100_ci90_high,nDCG@100_ci95_low,nDCG@100_ci95_high,RR@1,RR@3,RR@5,RR@10,RR@100,P@1,P@3,P@5,P@10,P@100,R@1,R@3,R@5,R@10,R@100,AP
0.16307277628032346,0.3695565932534578,0.009593211169916337,0.147283484957511,0.17886206760313592,0.14425506985467937,0.18189048270596755,0.24385331459713208,0.38345885543898983,0.009954095914824358,0.227470049653768,0.26023657954049617,0.22432770931855034,0.2633789198757138,0.27851842178104624,0.3787873636662923,0.009832830030594068,0.2623347461451327,0.2947020974169598,0.2592306874060101,0.2978061561560824,0.31178208893219217,0.3675695396244721,0.00954162982779769,0.2960776943997357,0.32748648346464865,0.29306556265736905,0.3304986152070153,0.3743282425092405,0.3266523973928702,0.008479473738410733,0.3603720313148327,0.38828445370364834,0.3576952043505732,0.3909612806679078,0.16307277628032346,0.22630278526504938,0.24560871518418656,0.25935828734009314,0.27103946726240075,0.16307277628032346,0.10444743935309975,0.07991913746630804,0.05067385444743935,0.008281671159029506,0.15914195867026054,0.3045822102425876,0.3880278526504941,0.4894991015274034,0.7885220125786162,0.2671659727409533
