{
  "nDCG@1": 0.17048517520215634,
  "nDCG@1_std": 0.3761852482226634,
  "nDCG@1_stderr": 0.009765282479298962,
  "nDCG@1_ci90_low": 0.15441267484912258,
  "nDCG@1_ci90_high": 0.1865576755551901,
  "nDCG@1_ci95_low": 0.15132993973364156,
  "nDCG@1_ci95_high": 0.1896404106706711,
  "nDCG@3": 0.24822538595338137,
  "nDCG@3_std": 0.3887992879249694,
  "nDCG@3_stderr": 0.010092726634751862,
  "nDCG@3_ci90_low": 0.23161395123615774,
  "nDCG@3_ci90_high": 0.264836820670605,
  "nDCG@3_ci95_low": 0.22842784751884532,
  "nDCG@3_ci95_high": 0.2680229243879174,
  "nDCG@5": 0.2819895247348315,
  "nDCG@5_std": 0.38438841137805285,
  "nDCG@5_stderr": 0.00997822598469857,
  "nDCG@5_ci90_low": 0.2655665445494973,
  "nDCG@5_ci90_high": 0.29841250492016574,
  "nDCG@5_ci95_low": 0.26241658675785706,
  "nDCG@5_ci95_high": 0.301562462711806,
  "nDCG@10": 0.3156251888416584,
  "nDCG@10_std": 0.3725255596275871,
  "nDCG@10_stderr": 0.009670281696875841,
  "nDCG@10_ci90_low": 0.29970904854398106,
  "nDCG@10_ci90_high": 0.33154132913933576,
  "nDCG@10_ci95_low": 0.2966563035745705,
  "nDCG@10_ci95_high": 0.3345940741087463,
  "nDCG@100": 0.37792325711499963,
  "nDCG@100_std": 0.3310964573394915,
  "nDCG@100_stderr": 0.008594835786600375,
  "nDCG@100_ci90_low": 0.36377717362921824,
  "nDCG@100_ci90_high": 0.392069340600781,
  "nDCG@100_ci95_low": 0.36106392881041105,
  "nDCG@100_ci95_high": 0.3947825854195882,
  "RR@1": 0.17048517520215634,
  "RR@3": 0.2314690026954177,
  "RR@5": 0.2501010781671156,
  "RR@10": 0.2640172421169725,
  "RR@100": 0.2757276340379615,
  "P@1": 0.17048517520215634,
  "P@3": 0.10489667565139268,
  "P@5": 0.07978436657682016,
  "P@10": 0.05060646900269542,
  "P@100": 0.00827493261455511,
  "R@1": 0.16655435759209344,
  "R@3": 0.3055929919137466,
  "R@5": 0.386904761904762,
  "R@10": 0.48966756513926324,
  "R@100": 0.7882973944294699,
  "AP": 0.272232576096427
}