nDCG@1,nDCG@1_std,nDCG@1_stderr,nDCG@1_ci90_low,nDCG@1_ci90_high,nDCG@1_ci95_low,nDCG@1_ci95_high,nDCG@3,nDCG@3_std,nDCG@3_stderr,nDCG@3_ci90_low,nDCG@3_ci90_high,nDCG@3_ci95_low,nDCG@3_ci95_high,nDCG@5,nDCG@5_std,nDCG@5_stderr,nDCG@5_ci90_low,nDCG@5_ci90_high,nDCG@5_ci95_low,nDCG@5_ci95_high,nDCG@10,nDCG@10_std,nDCG@10_stderr,nDCG@10_ci90_low,nDCG@10_ci90_high,nDCG@10_ci95_low,nDCG@10_ci95_high,nDCG@100,nDCG@100_std,nDCG@100_stderr,nDCG@100_ci90_low,nDCG@100_ci90_high,nDCG@100_ci95_low,nDCG@100_ci95_high,RR@1,RR@3,RR@5,RR@10,RR@100,P@1,P@3,P@5,P@10,P@100,R@1,R@3,R@5,R@10,R@100,AP
0.16037735849056603,0.3670793666436996,0.009528905571215118,0.14469390657997933,0.17606081040115273,0.14168579167098833,0.17906892531014373,0.23657073320434455,0.3832754840220066,0.009949335830015263,0.22019530279776287,0.25294616361092626,0.21705446514110313,0.256087001267586,0.26756802025928555,0.3794653812742557,0.009850430490736998,0.2513553763469847,0.2837806641715864,0.24824576143919555,0.2868902790793756,0.30085214922230885,0.36874573641620717,0.009572162375197686,0.2850975017268781,0.3166067967177396,0.2820757313738277,0.31962856707079,0.364275044191041,0.32934881378999586,0.008549469220488116,0.35020362870911925,0.37834645967296276,0.3475047053507225,0.38104538303135954,0.1597035040431267,0.2201257861635221,0.23741015274034127,0.25136375304838915,0.26321150704703056,0.16037735849056603,0.09950584007187771,0.07547169811320824,0.048382749326145676,0.008079514824797704,0.15644654088050314,0.2909928122192273,0.366015274034142,0.46776729559748426,0.7700471698113207,0.2601879275941124
