nDCG@1,nDCG@1_std,nDCG@1_stderr,nDCG@1_ci90_low,nDCG@1_ci90_high,nDCG@1_ci95_low,nDCG@1_ci95_high,nDCG@3,nDCG@3_std,nDCG@3_stderr,nDCG@3_ci90_low,nDCG@3_ci90_high,nDCG@3_ci95_low,nDCG@3_ci95_high,nDCG@5,nDCG@5_std,nDCG@5_stderr,nDCG@5_ci90_low,nDCG@5_ci90_high,nDCG@5_ci95_low,nDCG@5_ci95_high,nDCG@10,nDCG@10_std,nDCG@10_stderr,nDCG@10_ci90_low,nDCG@10_ci90_high,nDCG@10_ci95_low,nDCG@10_ci95_high,nDCG@100,nDCG@100_std,nDCG@100_stderr,nDCG@100_ci90_low,nDCG@100_ci90_high,nDCG@100_ci95_low,nDCG@100_ci95_high,RR@1,RR@3,RR@5,RR@10,RR@100,P@1,P@3,P@5,P@10,P@100,R@1,R@3,R@5,R@10,R@100,AP
0.1664420485175202,0.37260253085394857,0.009672279770356259,0.15052261962713828,0.18236147740790212,0.14746924389960125,0.18541485313543915,0.23744766092277433,0.3842882473263195,0.009975625855469503,0.22102896024272228,0.2538663616028264,0.21787982326806266,0.257015498577486,0.27445664943878084,0.3795465423743988,0.00985253732792153,0.2582405379215782,0.2906727609559835,0.2551302579207941,0.2937830409567676,0.30477449757893216,0.369905633183402,0.009602271795043355,0.28897029353845266,0.32057870161941165,0.2859390181489569,0.3236099770089074,0.3697509290694883,0.328787506804753,0.008534898417155457,0.3557034954070587,0.3837983627319179,0.35300917180572877,0.38649268633324785,0.1664420485175202,0.2223719676549865,0.24339622641509398,0.2557967526633292,0.2678614014223144,0.1664420485175202,0.09973045822102414,0.07857142857142932,0.04905660377358499,0.008234501347708752,0.162848158131177,0.29110512129380056,0.38016621743036827,0.4732142857142857,0.7853212039532793,0.263420275426708
