nDCG@1,nDCG@1_std,nDCG@1_stderr,nDCG@1_ci90_low,nDCG@1_ci90_high,nDCG@1_ci95_low,nDCG@1_ci95_high,nDCG@3,nDCG@3_std,nDCG@3_stderr,nDCG@3_ci90_low,nDCG@3_ci90_high,nDCG@3_ci95_low,nDCG@3_ci95_high,nDCG@5,nDCG@5_std,nDCG@5_stderr,nDCG@5_ci90_low,nDCG@5_ci90_high,nDCG@5_ci95_low,nDCG@5_ci95_high,nDCG@10,nDCG@10_std,nDCG@10_stderr,nDCG@10_ci90_low,nDCG@10_ci90_high,nDCG@10_ci95_low,nDCG@10_ci95_high,nDCG@100,nDCG@100_std,nDCG@100_stderr,nDCG@100_ci90_low,nDCG@100_ci90_high,nDCG@100_ci95_low,nDCG@100_ci95_high,RR@1,RR@3,RR@5,RR@10,RR@100,P@1,P@3,P@5,P@10,P@100,R@1,R@3,R@5,R@10,R@100,AP
0.1664420485175202,0.37260253085394857,0.009672279770356259,0.15052261962713828,0.18236147740790212,0.14746924389960125,0.18541485313543915,0.23657320914055108,0.3833723932585298,0.009951851468451307,0.22019363829054267,0.2529527799905595,0.21705200648922188,0.25609441179188025,0.2699353479753935,0.37914876864926805,0.00984221163650461,0.2537362313253947,0.28613446462539227,0.2506292109713837,0.2892414849794033,0.299855294541641,0.37001752015443495,0.00960517623609481,0.2840463101346003,0.3156642789486817,0.2810141178620098,0.3186964712212722,0.36622648021956,0.3291234820130386,0.008543619899006356,0.3521646920291969,0.3802882684099231,0.3494676152030199,0.3829853452361001,0.1664420485175202,0.22181042228212036,0.24067834681042194,0.25309518461472613,0.26541009748938177,0.1664420485175202,0.09973045822102414,0.07654986522911124,0.047911051212938156,0.008180592991913604,0.16217430368373764,0.29031895777178796,0.3711814914645103,0.4620956873315364,0.7807726864330636,0.260601634215328
