{
  "nDCG@1": 0.1664420485175202,
  "nDCG@1_std": 0.37260253085394857,
  "nDCG@1_stderr": 0.009672279770356259,
  "nDCG@1_ci90_low": 0.15052261962713828,
  "nDCG@1_ci90_high": 0.18236147740790212,
  "nDCG@1_ci95_low": 0.14746924389960125,
  "nDCG@1_ci95_high": 0.18541485313543915,
  "nDCG@3": 0.23657320914055108,
  "nDCG@3_std": 0.3833723932585298,
  "nDCG@3_stderr": 0.009951851468451307,
  "nDCG@3_ci90_low": 0.22019363829054267,
  "nDCG@3_ci90_high": 0.2529527799905595,
  "nDCG@3_ci95_low": 0.21705200648922188,
  "nDCG@3_ci95_high": 0.25609441179188025,
  "nDCG@5": 0.2699353479753935,
  "nDCG@5_std": 0.37914876864926805,
  "nDCG@5_stderr": 0.00984221163650461,
  "nDCG@5_ci90_low": 0.2537362313253947,
  "nDCG@5_ci90_high": 0.28613446462539227,
  "nDCG@5_ci95_low": 0.2506292109713837,
  "nDCG@5_ci95_high": 0.2892414849794033,
  "nDCG@10": 0.299855294541641,
  "nDCG@10_std": 0.37001752015443495,
  "nDCG@10_stderr": 0.00960517623609481,
  "nDCG@10_ci90_low": 0.2840463101346003,
  "nDCG@10_ci90_high": 0.3156642789486817,
  "nDCG@10_ci95_low": 0.2810141178620098,
  "nDCG@10_ci95_high": 0.3186964712212722,
  "nDCG@100": 0.36622648021956,
  "nDCG@100_std": 0.3291234820130386,
  "nDCG@100_stderr": 0.008543619899006356,
  "nDCG@100_ci90_low": 0.3521646920291969,
  "nDCG@100_ci90_high": 0.3802882684099231,
  "nDCG@100_ci95_low": 0.3494676152030199,
  "nDCG@100_ci95_high": 0.3829853452361001,
  "RR@1": 0.1664420485175202,
  "RR@3": 0.22181042228212036,
  "RR@5": 0.24067834681042194,
  "RR@10": 0.25309518461472613,
  "RR@100": 0.26541009748938177,
  "P@1": 0.1664420485175202,
  "P@3": 0.09973045822102414,
  "P@5": 0.07654986522911124,
  "P@10": 0.047911051212938156,
  "P@100": 0.008180592991913604,
  "R@1": 0.16217430368373764,
  "R@3": 0.29031895777178796,
  "R@5": 0.3711814914645103,
  "R@10": 0.4620956873315364,
  "R@100": 0.7807726864330636,
  "AP": 0.260601634215328
}