{
  "nDCG@1": 0.1522911051212938,
  "nDCG@1_std": 0.3594239512019637,
  "nDCG@1_stderr": 0.00933018088799551,
  "nDCG@1_ci90_low": 0.13693473054287586,
  "nDCG@1_ci90_high": 0.16764747969971172,
  "nDCG@1_ci95_low": 0.13398934966749554,
  "nDCG@1_ci95_high": 0.17059286057509204,
  "nDCG@3": 0.23064836727740606,
  "nDCG@3_std": 0.37779114065580777,
  "nDCG@3_stderr": 0.009806969369774106,
  "nDCG@3_ci90_low": 0.2145072552315412,
  "nDCG@3_ci90_high": 0.24678947932327092,
  "nDCG@3_ci95_low": 0.21141136026723906,
  "nDCG@3_ci95_high": 0.24988537428757307,
  "nDCG@5": 0.2607628318035093,
  "nDCG@5_std": 0.374676193394851,
  "nDCG@5_stderr": 0.009726109367806785,
  "nDCG@5_ci90_low": 0.24475480576031983,
  "nDCG@5_ci90_high": 0.27677085784669875,
  "nDCG@5_ci95_low": 0.24168443693599684,
  "nDCG@5_ci95_high": 0.27984122667102174,
  "nDCG@10": 0.2933641377288701,
  "nDCG@10_std": 0.3647234016783794,
  "nDCG@10_stderr": 0.009467747767961584,
  "nDCG@10_ci90_low": 0.27778134433138496,
  "nDCG@10_ci90_high": 0.30894693112635524,
  "nDCG@10_ci95_low": 0.274792535910258,
  "nDCG@10_ci95_high": 0.3119357395474822,
  "nDCG@100": 0.3574116465621936,
  "nDCG@100_std": 0.3258329780218628,
  "nDCG@100_stderr": 0.008458202671390688,
  "nDCG@100_ci90_low": 0.343490445029095,
  "nDCG@100_ci90_high": 0.3713328480952922,
  "nDCG@100_ci95_low": 0.3408203329822366,
  "nDCG@100_ci95_high": 0.3740029601421506,
  "RR@1": 0.15161725067385445,
  "RR@3": 0.21361185983827496,
  "RR@5": 0.2304245283018866,
  "RR@10": 0.24396418944936446,
  "RR@100": 0.25616915168894405,
  "P@1": 0.1522911051212938,
  "P@3": 0.09815813117699897,
  "P@5": 0.07412398921832951,
  "P@10": 0.04743935309973064,
  "P@100": 0.00801212938005377,
  "R@1": 0.1483602875112309,
  "R@3": 0.28694968553459116,
  "R@5": 0.3596136567834682,
  "R@10": 0.459681042228212,
  "R@100": 0.7636455525606469,
  "AP": 0.2531697698348435
}