nDCG@1,nDCG@1_std,nDCG@1_stderr,nDCG@1_ci90_low,nDCG@1_ci90_high,nDCG@1_ci95_low,nDCG@1_ci95_high,nDCG@3,nDCG@3_std,nDCG@3_stderr,nDCG@3_ci90_low,nDCG@3_ci90_high,nDCG@3_ci95_low,nDCG@3_ci95_high,nDCG@5,nDCG@5_std,nDCG@5_stderr,nDCG@5_ci90_low,nDCG@5_ci90_high,nDCG@5_ci95_low,nDCG@5_ci95_high,nDCG@10,nDCG@10_std,nDCG@10_stderr,nDCG@10_ci90_low,nDCG@10_ci90_high,nDCG@10_ci95_low,nDCG@10_ci95_high,nDCG@100,nDCG@100_std,nDCG@100_stderr,nDCG@100_ci90_low,nDCG@100_ci90_high,nDCG@100_ci95_low,nDCG@100_ci95_high,RR@1,RR@3,RR@5,RR@10,RR@100,P@1,P@3,P@5,P@10,P@100,R@1,R@3,R@5,R@10,R@100,AP
0.6118598382749326,0.48749104239664387,0.012654636931199942,0.5910318021197689,0.6326878744300963,0.5870369464948374,0.6366827300550278,0.6870360842546325,0.4211640430155366,0.010932873815764256,0.6690418666131005,0.7050303018961644,0.6655905425887904,0.7084816259204746,0.7099805528232137,0.3959607581227286,0.01027862913831523,0.6930631445654923,0.7268979610809351,0.689818354560609,0.7301427510858184,0.7320613942765575,0.36495551927453085,0.009473773240532729,0.716468683663648,0.7476541048894669,0.7134779731023708,0.7506448154507441,0.7554592003933135,0.3237293374068042,0.008403594881909228,0.741627876825095,0.769290523961532,0.7389750035371327,0.7719433972494942,0.6118598382749326,0.674977538185086,0.6866689128481592,0.6953450562614989,0.6999750929537604,0.6118598382749326,0.258760107816709,0.16778975741239552,0.09117250673854245,0.010283018867924343,0.5936657681940701,0.7420260557053009,0.7957659478885895,0.8626460017969453,0.967935759209344,0.6928836818338394
