nDCG@1,nDCG@1_std,nDCG@1_stderr,nDCG@1_ci90_low,nDCG@1_ci90_high,nDCG@1_ci95_low,nDCG@1_ci95_high,nDCG@3,nDCG@3_std,nDCG@3_stderr,nDCG@3_ci90_low,nDCG@3_ci90_high,nDCG@3_ci95_low,nDCG@3_ci95_high,nDCG@5,nDCG@5_std,nDCG@5_stderr,nDCG@5_ci90_low,nDCG@5_ci90_high,nDCG@5_ci95_low,nDCG@5_ci95_high,nDCG@10,nDCG@10_std,nDCG@10_stderr,nDCG@10_ci90_low,nDCG@10_ci90_high,nDCG@10_ci95_low,nDCG@10_ci95_high,nDCG@100,nDCG@100_std,nDCG@100_stderr,nDCG@100_ci90_low,nDCG@100_ci90_high,nDCG@100_ci95_low,nDCG@100_ci95_high,RR@1,RR@3,RR@5,RR@10,RR@100,P@1,P@3,P@5,P@10,P@100,R@1,R@3,R@5,R@10,R@100,AP
0.5983827493261455,0.4903905434413313,0.012729904228054804,0.5774308320996625,0.6193346665526286,0.5734122158575083,0.6233532827947827,0.6702915824636162,0.43029015090757694,0.0111697757727745,0.6519074522111841,0.6886757127160483,0.6483813422312859,0.6922018226959465,0.6967257477693682,0.4018558021216358,0.010431656855774133,0.679556473982094,0.7138950215566425,0.6762633757056116,0.7171881198331249,0.7189782035950247,0.3719760755282101,0.009656017800368332,0.7030855399844927,0.7348708672055567,0.7000372978868363,0.7379191093032131,0.7433510022364664,0.33103643793814563,0.008593277760571576,0.7292074830773136,0.7574945213956192,0.7264947301010681,0.7602072743718647,0.5983827493261455,0.6594788858939807,0.6734613656783477,0.6823297715312547,0.6869505418317915,0.5983827493261455,0.2517969451931693,0.16482479784366244,0.08989218328840773,0.010215633423180409,0.5806940700808625,0.7214734950584006,0.7841419586702606,0.851527403414196,0.9615341419586703,0.6794509783441105
