nDCG@1,nDCG@1_std,nDCG@1_stderr,nDCG@1_ci90_low,nDCG@1_ci90_high,nDCG@1_ci95_low,nDCG@1_ci95_high,nDCG@3,nDCG@3_std,nDCG@3_stderr,nDCG@3_ci90_low,nDCG@3_ci90_high,nDCG@3_ci95_low,nDCG@3_ci95_high,nDCG@5,nDCG@5_std,nDCG@5_stderr,nDCG@5_ci90_low,nDCG@5_ci90_high,nDCG@5_ci95_low,nDCG@5_ci95_high,nDCG@10,nDCG@10_std,nDCG@10_stderr,nDCG@10_ci90_low,nDCG@10_ci90_high,nDCG@10_ci95_low,nDCG@10_ci95_high,nDCG@100,nDCG@100_std,nDCG@100_stderr,nDCG@100_ci90_low,nDCG@100_ci90_high,nDCG@100_ci95_low,nDCG@100_ci95_high,RR@1,RR@3,RR@5,RR@10,RR@100,P@1,P@3,P@5,P@10,P@100,R@1,R@3,R@5,R@10,R@100,AP
0.6381401617250674,0.4807005359793878,0.012478364167567412,0.6176022496970572,0.6586780737530775,0.6136630404130794,0.6626172830370554,0.7166868130560884,0.40474142698916443,0.010506563945017642,0.6993942510566336,0.7339793750555432,0.6960775058744012,0.7372961202377756,0.7388957808082767,0.3767621579396323,0.009780258309366383,0.7227986320096341,0.7549929296069192,0.7197111692769714,0.7580803923395819,0.7613423638910087,0.3420421968678173,0.008878973027345293,0.7467286241022106,0.7759561036798068,0.7439256819447431,0.7787590458372744,0.7802509217500113,0.3061641807979461,0.007947626135423198,0.7671700688265903,0.7933317746734323,0.7646611371879694,0.7958407063120533,0.6381401617250674,0.7039532794249785,0.7157120395327954,0.724477227998118,0.728089511343176,0.6381401617250674,0.2697663971248844,0.17358490566037366,0.09440700808625115,0.010397574123989032,0.620058400718778,0.7730795148247979,0.8261455525606469,0.8938117699910153,0.9777066486972147,0.7204328186282352
