{
  "nDCG@1": 0.5835579514824798,
  "nDCG@1_std": 0.4931348071009514,
  "nDCG@1_stderr": 0.012801141763180061,
  "nDCG@1_ci90_low": 0.5624887856960215,
  "nDCG@1_ci90_high": 0.6046271172689381,
  "nDCG@1_ci95_low": 0.5584476809645136,
  "nDCG@1_ci95_high": 0.608668222000446,
  "nDCG@3": 0.666597526512558,
  "nDCG@3_std": 0.42482846777357397,
  "nDCG@3_stderr": 0.01102799754285201,
  "nDCG@3_ci90_low": 0.6484467464632881,
  "nDCG@3_ci90_high": 0.6847483065618278,
  "nDCG@3_ci95_low": 0.6449653934813486,
  "nDCG@3_ci95_high": 0.6882296595437674,
  "nDCG@5": 0.691074794425774,
  "nDCG@5_std": 0.3985132322060359,
  "nDCG@5_stderr": 0.01034488806410339,
  "nDCG@5_ci90_low": 0.6740483318103954,
  "nDCG@5_ci90_high": 0.7081012570411527,
  "nDCG@5_ci95_low": 0.6707826249792272,
  "nDCG@5_ci95_high": 0.7113669638723208,
  "nDCG@10": 0.7154173395141155,
  "nDCG@10_std": 0.36541349433182346,
  "nDCG@10_stderr": 0.009485661680667118,
  "nDCG@10_ci90_low": 0.6998050619343863,
  "nDCG@10_ci90_high": 0.7310296170938446,
  "nDCG@10_ci95_low": 0.696810598392901,
  "nDCG@10_ci95_high": 0.7340240806353299,
  "nDCG@100": 0.740032545827376,
  "nDCG@100_std": 0.32404253997141325,
  "nDCG@100_stderr": 0.00841172521538482,
  "nDCG@100_ci90_low": 0.7261878406915547,
  "nDCG@100_ci90_high": 0.7538772509631972,
  "nDCG@100_ci95_low": 0.7235324007943256,
  "nDCG@100_ci95_high": 0.7565326908604264,
  "RR@1": 0.5835579514824798,
  "RR@3": 0.6535265049416004,
  "RR@5": 0.6659591194968568,
  "RR@10": 0.6756677041885945,
  "RR@100": 0.6804232684013898,
  "P@1": 0.5835579514824798,
  "P@3": 0.2538185085354872,
  "P@5": 0.16509433962263823,
  "P@10": 0.09063342318059096,
  "P@100": 0.01029649595687313,
  "R@1": 0.5650831087151842,
  "R@3": 0.7274820305480683,
  "R@5": 0.7857704402515724,
  "R@10": 0.8594451931716083,
  "R@100": 0.9692834681042227,
  "AP": 0.6719784565914498
}