nDCG@1,nDCG@1_std,nDCG@1_stderr,nDCG@1_ci90_low,nDCG@1_ci90_high,nDCG@1_ci95_low,nDCG@1_ci95_high,nDCG@3,nDCG@3_std,nDCG@3_stderr,nDCG@3_ci90_low,nDCG@3_ci90_high,nDCG@3_ci95_low,nDCG@3_ci95_high,nDCG@5,nDCG@5_std,nDCG@5_stderr,nDCG@5_ci90_low,nDCG@5_ci90_high,nDCG@5_ci95_low,nDCG@5_ci95_high,nDCG@10,nDCG@10_std,nDCG@10_stderr,nDCG@10_ci90_low,nDCG@10_ci90_high,nDCG@10_ci95_low,nDCG@10_ci95_high,nDCG@100,nDCG@100_std,nDCG@100_stderr,nDCG@100_ci90_low,nDCG@100_ci90_high,nDCG@100_ci95_low,nDCG@100_ci95_high,RR@1,RR@3,RR@5,RR@10,RR@100,P@1,P@3,P@5,P@10,P@100,R@1,R@3,R@5,R@10,R@100,AP
0.6792452830188679,0.4669240205236787,0.012120743645122582,0.6592959720871836,0.6991945939505522,0.6554696575755684,0.7030209084621674,0.7619465440352615,0.37627517001416655,0.00976761673269997,0.7458702017771225,0.7780228862934006,0.7427867297771793,0.7811063582933437,0.7825175936052698,0.34657438363069176,0.008996622733700107,0.7677102163102418,0.7973249709002979,0.7648701341230951,0.8001650530874446,0.800730087055462,0.31380708555299147,0.00814602605739786,0.787322691318483,0.814137482792441,0.7847511281679035,0.8167090459430205,0.8155020100253813,0.2812465638171325,0.007300797027481686,0.8034857613351487,0.8275182587156138,0.8011810227456273,0.8298229973051352,0.6785714285714286,0.7470799640610967,0.7577942497753829,0.764812497325975,0.7677430858105028,0.6792452830188679,0.28661275831086735,0.18315363881401203,0.09770889487870382,0.010498652291104933,0.6606581311769991,0.8212039532794249,0.8697214734950585,0.9239667565139263,0.9881513926325246,0.7620442170374794
