nDCG@1,nDCG@1_std,nDCG@1_stderr,nDCG@1_ci90_low,nDCG@1_ci90_high,nDCG@1_ci95_low,nDCG@1_ci95_high,nDCG@3,nDCG@3_std,nDCG@3_stderr,nDCG@3_ci90_low,nDCG@3_ci90_high,nDCG@3_ci95_low,nDCG@3_ci95_high,nDCG@5,nDCG@5_std,nDCG@5_stderr,nDCG@5_ci90_low,nDCG@5_ci90_high,nDCG@5_ci95_low,nDCG@5_ci95_high,nDCG@10,nDCG@10_std,nDCG@10_stderr,nDCG@10_ci90_low,nDCG@10_ci90_high,nDCG@10_ci95_low,nDCG@10_ci95_high,nDCG@100,nDCG@100_std,nDCG@100_stderr,nDCG@100_ci90_low,nDCG@100_ci90_high,nDCG@100_ci95_low,nDCG@100_ci95_high,RR@1,RR@3,RR@5,RR@10,RR@100,P@1,P@3,P@5,P@10,P@100,R@1,R@3,R@5,R@10,R@100,AP
0.6206199460916442,0.4853963279408067,0.012600260853266623,0.5998814065315491,0.6413584856517393,0.5959037165180826,0.6453361756652057,0.699867258831006,0.41216511290516394,0.010699273229472143,0.682257520134513,0.7174769975274989,0.6788799398786894,0.7208545777833225,0.7241978678353661,0.38393030243992293,0.009966334069190808,0.7077944603369052,0.740601275333827,0.7046482566225898,0.7437474790481424,0.745358285857379,0.35237499827283764,0.009147199187194062,0.7303030775234567,0.7604134941913012,0.7274154608874362,0.7633011108273217,0.7681635160564688,0.31048175155409613,0.00805970468783153,0.7548981950875029,0.7814288370254348,0.7523538821386194,0.7839731499743182,0.6206199460916442,0.6869946091644216,0.6993598382749341,0.7079105698883337,0.7124809015096095,0.6206199460916442,0.2646001796945162,0.17210242587600721,0.09292452830188465,0.010411051212937818,0.6014712488769092,0.7584793351302784,0.8160938903863433,0.879660826594789,0.9797282120395326,0.7048118545444882
