{
  "nDCG@1": 0.6758760107816711,
  "nDCG@1_std": 0.4682043870669823,
  "nDCG@1_stderr": 0.012153980304538325,
  "nDCG@1_ci90_low": 0.655871996238358,
  "nDCG@1_ci90_high": 0.6958800253249843,
  "nDCG@1_ci95_low": 0.6520351894734651,
  "nDCG@1_ci95_high": 0.6997168320898772,
  "nDCG@3": 0.7583587029589893,
  "nDCG@3_std": 0.3788908358105927,
  "nDCG@3_stderr": 0.00983551603362743,
  "nDCG@3_ci90_low": 0.7421706064796652,
  "nDCG@3_ci90_high": 0.7745467994383135,
  "nDCG@3_ci95_low": 0.7390656998146491,
  "nDCG@3_ci95_high": 0.7776517061033296,
  "nDCG@5": 0.7802506788896065,
  "nDCG@5_std": 0.3469239401013007,
  "nDCG@5_stderr": 0.009005696767554678,
  "nDCG@5_ci90_low": 0.7654283668077313,
  "nDCG@5_ci90_high": 0.7950729909714818,
  "nDCG@5_ci95_low": 0.7625854201010112,
  "nDCG@5_ci95_high": 0.7979159376782019,
  "nDCG@10": 0.796776739378328,
  "nDCG@10_std": 0.31755187682265645,
  "nDCG@10_stderr": 0.008243235995180018,
  "nDCG@10_ci90_low": 0.7832093475774733,
  "nDCG@10_ci90_high": 0.8103441311791828,
  "nDCG@10_ci95_low": 0.7806070968877049,
  "nDCG@10_ci95_high": 0.8129463818689512,
  "nDCG@100": 0.8122886629637923,
  "nDCG@100_std": 0.28397176273753766,
  "nDCG@100_stderr": 0.007371539666635589,
  "nDCG@100_ci90_low": 0.8001559802538388,
  "nDCG@100_ci90_high": 0.8244213456737458,
  "nDCG@100_ci95_low": 0.797828909405282,
  "nDCG@100_ci95_high": 0.8267484165223027,
  "RR@1": 0.6752021563342318,
  "RR@3": 0.7431491464510338,
  "RR@5": 0.7547394429469915,
  "RR@10": 0.7610188572284271,
  "RR@100": 0.7641591292149771,
  "P@1": 0.6758760107816711,
  "P@3": 0.2854896675651353,
  "P@5": 0.1831536388140121,
  "P@10": 0.09716981132075238,
  "P@100": 0.010485175202156145,
  "R@1": 0.6572888589398023,
  "R@3": 0.8174977538185084,
  "R@5": 0.8698337825696317,
  "R@10": 0.9194182389937108,
  "R@100": 0.9864667565139262,
  "AP": 0.7583751403915555
}