nDCG@1,nDCG@1_std,nDCG@1_stderr,nDCG@1_ci90_low,nDCG@1_ci90_high,nDCG@1_ci95_low,nDCG@1_ci95_high,nDCG@3,nDCG@3_std,nDCG@3_stderr,nDCG@3_ci90_low,nDCG@3_ci90_high,nDCG@3_ci95_low,nDCG@3_ci95_high,nDCG@5,nDCG@5_std,nDCG@5_stderr,nDCG@5_ci90_low,nDCG@5_ci90_high,nDCG@5_ci95_low,nDCG@5_ci95_high,nDCG@10,nDCG@10_std,nDCG@10_stderr,nDCG@10_ci90_low,nDCG@10_ci90_high,nDCG@10_ci95_low,nDCG@10_ci95_high,nDCG@100,nDCG@100_std,nDCG@100_stderr,nDCG@100_ci90_low,nDCG@100_ci90_high,nDCG@100_ci95_low,nDCG@100_ci95_high,RR@1,RR@3,RR@5,RR@10,RR@100,P@1,P@3,P@5,P@10,P@100,R@1,R@3,R@5,R@10,R@100,AP
0.6408355795148248,0.47991722417968097,0.012458030406396167,0.6203311344535201,0.6613400245761296,0.6163983441952822,0.6652728148343675,0.7178540664518956,0.4053723859268017,0.01052294282294541,0.7005345467559446,0.7351735861478467,0.6972126310379652,0.7384955018658261,0.7409747632274026,0.3770573034941481,0.009787919906215206,0.7248650043462235,0.7570845221085818,0.7217751229765479,0.7601744034782574,0.7597111442770471,0.3476642556697992,0.009024914402175831,0.7448572022408017,0.7745650863132926,0.7420081888506846,0.7774140997034096,0.7794832459189409,0.3103364968378737,0.008055934063273379,0.7662241309521741,0.7927423608857077,0.7636810083259217,0.7952854835119602,0.6401617250673854,0.7046271338724177,0.7166217430368388,0.724001251443975,0.7279447433866504,0.6408355795148248,0.26976639712488437,0.17452830188678875,0.09353099730458006,0.01033692722371949,0.6228099730458221,0.7738656783468103,0.828616352201258,0.8852201257861636,0.9723158131177,0.72131989555012
