nDCG@1,nDCG@1_std,nDCG@1_stderr,nDCG@1_ci90_low,nDCG@1_ci90_high,nDCG@1_ci95_low,nDCG@1_ci95_high,nDCG@3,nDCG@3_std,nDCG@3_stderr,nDCG@3_ci90_low,nDCG@3_ci90_high,nDCG@3_ci95_low,nDCG@3_ci95_high,nDCG@5,nDCG@5_std,nDCG@5_stderr,nDCG@5_ci90_low,nDCG@5_ci90_high,nDCG@5_ci95_low,nDCG@5_ci95_high,nDCG@10,nDCG@10_std,nDCG@10_stderr,nDCG@10_ci90_low,nDCG@10_ci90_high,nDCG@10_ci95_low,nDCG@10_ci95_high,nDCG@100,nDCG@100_std,nDCG@100_stderr,nDCG@100_ci90_low,nDCG@100_ci90_high,nDCG@100_ci95_low,nDCG@100_ci95_high,RR@1,RR@3,RR@5,RR@10,RR@100,P@1,P@3,P@5,P@10,P@100,R@1,R@3,R@5,R@10,R@100,AP
0.5599730458221024,0.4965575350872686,0.012889991354688778,0.5387576441132406,0.5811884475309642,0.5346884910629749,0.5852576005812299,0.6389152110661773,0.4365638005490718,0.011332631603019836,0.6202630393725825,0.6575673827597721,0.6166855185515004,0.6611449035808542,0.6636202503864866,0.41215033983307353,0.010698889739628426,0.6460111428689341,0.6812293579040392,0.6426336836743918,0.6846068170985815,0.6902360942417516,0.3791569767267889,0.00984242470758058,0.6740366269019544,0.7064355615815487,0.6709295392849954,0.7095426491985077,0.7184469052885507,0.3344432459922616,0.008681714091231469,0.7041578303854893,0.7327359801916121,0.7014171595499717,0.7354766510271297,0.5599730458221024,0.6258984725965867,0.6390386343216544,0.6497499786077957,0.6553734754863311,0.5599730458221024,0.24326145552560452,0.15876010781670866,0.08834231805929728,0.01023584905660359,0.5422843665768194,0.6978324348607369,0.7569070080862533,0.8365902964959568,0.9632187780772685,0.6469211834806953
