{
  "nDCG@1": 0.6118598382749326,
  "nDCG@1_std": 0.48749104239664387,
  "nDCG@1_stderr": 0.012654636931199942,
  "nDCG@1_ci90_low": 0.5910318021197689,
  "nDCG@1_ci90_high": 0.6326878744300963,
  "nDCG@1_ci95_low": 0.5870369464948374,
  "nDCG@1_ci95_high": 0.6366827300550278,
  "nDCG@3": 0.6870360842546325,
  "nDCG@3_std": 0.4211640430155366,
  "nDCG@3_stderr": 0.010932873815764256,
  "nDCG@3_ci90_low": 0.6690418666131005,
  "nDCG@3_ci90_high": 0.7050303018961644,
  "nDCG@3_ci95_low": 0.6655905425887904,
  "nDCG@3_ci95_high": 0.7084816259204746,
  "nDCG@5": 0.7099805528232137,
  "nDCG@5_std": 0.3959607581227286,
  "nDCG@5_stderr": 0.01027862913831523,
  "nDCG@5_ci90_low": 0.6930631445654923,
  "nDCG@5_ci90_high": 0.7268979610809351,
  "nDCG@5_ci95_low": 0.689818354560609,
  "nDCG@5_ci95_high": 0.7301427510858184,
  "nDCG@10": 0.7320613942765575,
  "nDCG@10_std": 0.36495551927453085,
  "nDCG@10_stderr": 0.009473773240532729,
  "nDCG@10_ci90_low": 0.716468683663648,
  "nDCG@10_ci90_high": 0.7476541048894669,
  "nDCG@10_ci95_low": 0.7134779731023708,
  "nDCG@10_ci95_high": 0.7506448154507441,
  "nDCG@100": 0.7554592003933135,
  "nDCG@100_std": 0.3237293374068042,
  "nDCG@100_stderr": 0.008403594881909228,
  "nDCG@100_ci90_low": 0.741627876825095,
  "nDCG@100_ci90_high": 0.769290523961532,
  "nDCG@100_ci95_low": 0.7389750035371327,
  "nDCG@100_ci95_high": 0.7719433972494942,
  "RR@1": 0.6118598382749326,
  "RR@3": 0.674977538185086,
  "RR@5": 0.6866689128481592,
  "RR@10": 0.6953450562614989,
  "RR@100": 0.6999750929537604,
  "P@1": 0.6118598382749326,
  "P@3": 0.258760107816709,
  "P@5": 0.16778975741239552,
  "P@10": 0.09117250673854245,
  "P@100": 0.010283018867924343,
  "R@1": 0.5936657681940701,
  "R@3": 0.7420260557053009,
  "R@5": 0.7957659478885895,
  "R@10": 0.8626460017969453,
  "R@100": 0.967935759209344,
  "AP": 0.6928836818338394
}