{
  "nDCG@1": 0.6657681940700808,
  "nDCG@1_std": 0.47188023231236836,
  "nDCG@1_stderr": 0.012249400492706192,
  "nDCG@1_ci90_low": 0.6456071291791443,
  "nDCG@1_ci90_high": 0.6859292589610173,
  "nDCG@1_ci95_low": 0.6417401998688549,
  "nDCG@1_ci95_high": 0.6897961882713067,
  "nDCG@3": 0.7464092005137117,
  "nDCG@3_std": 0.3885294541723494,
  "nDCG@3_stderr": 0.010085722099541531,
  "nDCG@3_ci90_low": 0.7298092944332562,
  "nDCG@3_ci90_high": 0.7630091065941673,
  "nDCG@3_ci95_low": 0.7266254019296701,
  "nDCG@3_ci95_high": 0.7661929990977534,
  "nDCG@5": 0.7681175447296723,
  "nDCG@5_std": 0.3576953190210181,
  "nDCG@5_stderr": 0.009285307832421175,
  "nDCG@5_ci90_low": 0.7528350258951193,
  "nDCG@5_ci90_high": 0.7834000635642253,
  "nDCG@5_ci95_low": 0.7499038106871891,
  "nDCG@5_ci95_high": 0.7863312787721555,
  "nDCG@10": 0.7874799789282566,
  "nDCG@10_std": 0.32561598267536257,
  "nDCG@10_stderr": 0.008452569752861107,
  "nDCG@10_ci90_low": 0.773568048513044,
  "nDCG@10_ci90_high": 0.8013919093434693,
  "nDCG@10_ci95_low": 0.7708997146836402,
  "nDCG@10_ci95_high": 0.8040602431728731,
  "nDCG@100": 0.8038107023164609,
  "nDCG@100_std": 0.2906576426270201,
  "nDCG@100_stderr": 0.00754509646093289,
  "nDCG@100_ci90_low": 0.7913923656437543,
  "nDCG@100_ci90_high": 0.8162290389891675,
  "nDCG@100_ci95_low": 0.7890105058399938,
  "nDCG@100_ci95_high": 0.818610898792928,
  "RR@1": 0.6657681940700808,
  "RR@3": 0.7318059299191381,
  "RR@5": 0.7432277628032358,
  "RR@10": 0.7505655564112446,
  "RR@100": 0.75391858291574,
  "P@1": 0.6657681940700808,
  "P@3": 0.2818957771787922,
  "P@5": 0.18045822102425474,
  "P@10": 0.09683288409703278,
  "P@100": 0.010478436657681754,
  "R@1": 0.6463948787061995,
  "R@3": 0.8038522012578615,
  "R@5": 0.8559074573225516,
  "R@10": 0.913690476190476,
  "R@100": 0.9853998203054807,
  "AP": 0.7485000717385509
}