{
  "nDCG@1": 0.7250673854447439,
  "nDCG@1_std": 0.4466308228081702,
  "nDCG@1_stderr": 0.011593958480003854,
  "nDCG@1_ci90_low": 0.7059851006098767,
  "nDCG@1_ci90_high": 0.7441496702796111,
  "nDCG@1_ci95_low": 0.7023250832975765,
  "nDCG@1_ci95_high": 0.7478096875919114,
  "nDCG@3": 0.7966634154407354,
  "nDCG@3_std": 0.3586521514916631,
  "nDCG@3_stderr": 0.009310145965775313,
  "nDCG@3_ci90_low": 0.7813400159754429,
  "nDCG@3_ci90_high": 0.8119868149060279,
  "nDCG@3_ci95_low": 0.7784009597873817,
  "nDCG@3_ci95_high": 0.8149258710940891,
  "nDCG@5": 0.8159614467186989,
  "nDCG@5_std": 0.325648927793761,
  "nDCG@5_stderr": 0.008453424965522939,
  "nDCG@5_ci90_low": 0.8020481087245618,
  "nDCG@5_ci90_high": 0.8298747847128359,
  "nDCG@5_ci95_low": 0.7993795049189325,
  "nDCG@5_ci95_high": 0.8325433885184652,
  "nDCG@10": 0.8334888657925292,
  "nDCG@10_std": 0.29020614440672027,
  "nDCG@10_stderr": 0.007533376151109579,
  "nDCG@10_ci90_low": 0.8210898193640292,
  "nDCG@10_ci90_high": 0.8458879122210292,
  "nDCG@10_ci95_low": 0.8187116594645708,
  "nDCG@10_ci95_high": 0.8482660721204877,
  "nDCG@100": 0.8442882376631601,
  "nDCG@100_std": 0.26321227974348765,
  "nDCG@100_stderr": 0.0068326503387874365,
  "nDCG@100_ci90_low": 0.8330425030707286,
  "nDCG@100_ci90_high": 0.8555339722555916,
  "nDCG@100_ci95_low": 0.8308855505016827,
  "nDCG@100_ci95_high": 0.8576909248246375,
  "RR@1": 0.7250673854447439,
  "RR@3": 0.7826819407008088,
  "RR@5": 0.7937331536388146,
  "RR@10": 0.8003056411243742,
  "RR@100": 0.8026387165305752,
  "P@1": 0.7250673854447439,
  "P@3": 0.29829290206648257,
  "P@5": 0.1888140161725024,
  "P@10": 0.10040431266846112,
  "P@100": 0.010552560646900081,
  "R@1": 0.7022124887690926,
  "R@3": 0.8473158131176998,
  "R@5": 0.8933063791554356,
  "R@10": 0.9458108715184186,
  "R@100": 0.9923629829290206,
  "AP": 0.7982122486598396
}