{
  "nDCG@1": 0.5963611859838275,
  "nDCG@1_std": 0.4907920514476602,
  "nDCG@1_stderr": 0.012740326856581644,
  "nDCG@1_ci90_low": 0.5753921143431191,
  "nDCG@1_ci90_high": 0.6173302576245359,
  "nDCG@1_ci95_low": 0.5713702078527797,
  "nDCG@1_ci95_high": 0.6213521641148753,
  "nDCG@3": 0.6772432984722673,
  "nDCG@3_std": 0.4249674834889073,
  "nDCG@3_stderr": 0.011031606211016712,
  "nDCG@3_ci90_low": 0.6590865789818727,
  "nDCG@3_ci90_high": 0.6954000179626618,
  "nDCG@3_ci95_low": 0.6556040868042066,
  "nDCG@3_ci95_high": 0.698882510140328,
  "nDCG@5": 0.7032705625656211,
  "nDCG@5_std": 0.3953765978728466,
  "nDCG@5_stderr": 0.010263465093791349,
  "nDCG@5_ci90_low": 0.6863781125322501,
  "nDCG@5_ci90_high": 0.7201630125989922,
  "nDCG@5_ci95_low": 0.6831381095606807,
  "nDCG@5_ci95_high": 0.7234030155705616,
  "nDCG@10": 0.7252609408917047,
  "nDCG@10_std": 0.36530358863549967,
  "nDCG@10_stderr": 0.009482808670944497,
  "nDCG@10_ci90_low": 0.7096533590286506,
  "nDCG@10_ci90_high": 0.7408685227547588,
  "nDCG@10_ci95_low": 0.7066597961342562,
  "nDCG@10_ci95_high": 0.7438620856491531,
  "nDCG@100": 0.7504419931083403,
  "nDCG@100_std": 0.32130945151156687,
  "nDCG@100_stderr": 0.008340777773991491,
  "nDCG@100_ci90_low": 0.7367140590725111,
  "nDCG@100_ci90_high": 0.7641699271441694,
  "nDCG@100_ci95_low": 0.734081016086933,
  "nDCG@100_ci95_high": 0.7668029701297475,
  "RR@1": 0.5956873315363881,
  "RR@3": 0.6630727762803242,
  "RR@5": 0.6768530997304594,
  "RR@10": 0.6855567856073252,
  "RR@100": 0.6906615476318884,
  "P@1": 0.5963611859838275,
  "P@3": 0.25628930817609796,
  "P@5": 0.1672506738544441,
  "P@10": 0.09110512129379848,
  "P@100": 0.010350404312668277,
  "R@1": 0.5793463611859838,
  "R@3": 0.733322102425876,
  "R@5": 0.7959344115004491,
  "R@10": 0.8614667565139262,
  "R@100": 0.9732704402515723,
  "AP": 0.6850372343713945
}