nDCG@1,nDCG@1_std,nDCG@1_stderr,nDCG@1_ci90_low,nDCG@1_ci90_high,nDCG@1_ci95_low,nDCG@1_ci95_high,nDCG@3,nDCG@3_std,nDCG@3_stderr,nDCG@3_ci90_low,nDCG@3_ci90_high,nDCG@3_ci95_low,nDCG@3_ci95_high,nDCG@5,nDCG@5_std,nDCG@5_stderr,nDCG@5_ci90_low,nDCG@5_ci90_high,nDCG@5_ci95_low,nDCG@5_ci95_high,nDCG@10,nDCG@10_std,nDCG@10_stderr,nDCG@10_ci90_low,nDCG@10_ci90_high,nDCG@10_ci95_low,nDCG@10_ci95_high,nDCG@100,nDCG@100_std,nDCG@100_stderr,nDCG@100_ci90_low,nDCG@100_ci90_high,nDCG@100_ci95_low,nDCG@100_ci95_high,RR@1,RR@3,RR@5,RR@10,RR@100,P@1,P@3,P@5,P@10,P@100,R@1,R@3,R@5,R@10,R@100,AP
0.6657681940700808,0.47188023231236836,0.012249400492706192,0.6456071291791443,0.6859292589610173,0.6417401998688549,0.6897961882713067,0.7464092005137117,0.3885294541723494,0.010085722099541531,0.7298092944332562,0.7630091065941673,0.7266254019296701,0.7661929990977534,0.7681175447296723,0.3576953190210181,0.009285307832421175,0.7528350258951193,0.7834000635642253,0.7499038106871891,0.7863312787721555,0.7874799789282566,0.32561598267536257,0.008452569752861107,0.773568048513044,0.8013919093434693,0.7708997146836402,0.8040602431728731,0.8038107023164609,0.2906576426270201,0.00754509646093289,0.7913923656437543,0.8162290389891675,0.7890105058399938,0.818610898792928,0.6657681940700808,0.7318059299191381,0.7432277628032358,0.7505655564112446,0.75391858291574,0.6657681940700808,0.2818957771787922,0.18045822102425474,0.09683288409703278,0.010478436657681754,0.6463948787061995,0.8038522012578615,0.8559074573225516,0.913690476190476,0.9853998203054807,0.7485000717385509
