{
  "nDCG@1": 0.704177897574124,
  "nDCG@1_std": 0.4565652772057831,
  "nDCG@1_stderr": 0.011851844066769293,
  "nDCG@1_ci90_low": 0.6846711635547998,
  "nDCG@1_ci90_high": 0.7236846315934481,
  "nDCG@1_ci95_low": 0.6809297361086112,
  "nDCG@1_ci95_high": 0.7274260590396368,
  "nDCG@3": 0.7791370347347862,
  "nDCG@3_std": 0.3693778191147742,
  "nDCG@3_stderr": 0.009588570424505699,
  "nDCG@3_ci90_low": 0.7633553815302165,
  "nDCG@3_ci90_high": 0.7949186879393559,
  "nDCG@3_ci95_low": 0.7603284314325058,
  "nDCG@3_ci95_high": 0.7979456380370666,
  "nDCG@5": 0.7994490236243663,
  "nDCG@5_std": 0.33681796533450337,
  "nDCG@5_stderr": 0.008743358733852648,
  "nDCG@5_ci90_low": 0.7850584889281661,
  "nDCG@5_ci90_high": 0.8138395583205665,
  "nDCG@5_ci95_low": 0.7822983579178003,
  "nDCG@5_ci95_high": 0.8165996893309323,
  "nDCG@10": 0.8163938681399732,
  "nDCG@10_std": 0.3059951418624791,
  "nDCG@10_stderr": 0.007943238103296382,
  "nDCG@10_ci90_low": 0.8033202373986096,
  "nDCG@10_ci90_high": 0.8294674988813368,
  "nDCG@10_ci95_low": 0.8008126909877845,
  "nDCG@10_ci95_high": 0.8319750452921618,
  "nDCG@100": 0.8300721159523324,
  "nDCG@100_std": 0.2736051004904394,
  "nDCG@100_stderr": 0.007102434523122681,
  "nDCG@100_ci90_low": 0.8183823484906867,
  "nDCG@100_ci90_high": 0.8417618834139782,
  "nDCG@100_ci95_low": 0.8161402296010131,
  "nDCG@100_ci95_high": 0.8440040023036518,
  "RR@1": 0.7035040431266847,
  "RR@3": 0.7652740341419592,
  "RR@5": 0.7760220125786174,
  "RR@10": 0.7823206798442656,
  "RR@100": 0.7854216009284716,
  "P@1": 0.704177897574124,
  "P@3": 0.29267744833782144,
  "P@5": 0.1861185983827451,
  "P@10": 0.09885444743935069,
  "P@100": 0.0105323450134769,
  "R@1": 0.6819968553459119,
  "R@3": 0.832491015274034,
  "R@5": 0.8815139263252469,
  "R@10": 0.9317160826594788,
  "R@100": 0.9903414195867025,
  "AP": 0.7805991501543307
}