{
  "nDCG@1": 0.717654986522911,
  "nDCG@1_std": 0.4502920602789963,
  "nDCG@1_stderr": 0.011688999469238098,
  "nDCG@1_ci90_low": 0.6984162754570302,
  "nDCG@1_ci90_high": 0.7368936975887919,
  "nDCG@1_ci95_low": 0.6947262553060467,
  "nDCG@1_ci95_high": 0.7405837177397754,
  "nDCG@3": 0.79179576231012,
  "nDCG@3_std": 0.36147940794994493,
  "nDCG@3_stderr": 0.009383537886609495,
  "nDCG@3_ci90_low": 0.7763515684207013,
  "nDCG@3_ci90_high": 0.8072399561995388,
  "nDCG@3_ci95_low": 0.7733893436400235,
  "nDCG@3_ci95_high": 0.8102021809802166,
  "nDCG@5": 0.8110110545822466,
  "nDCG@5_std": 0.3297279127540916,
  "nDCG@5_stderr": 0.00855931013926283,
  "nDCG@5_ci90_low": 0.7969234421115725,
  "nDCG@5_ci90_high": 0.8250986670529208,
  "nDCG@5_ci95_low": 0.7942214121409564,
  "nDCG@5_ci95_high": 0.8278006970235369,
  "nDCG@10": 0.8281933330304257,
  "nDCG@10_std": 0.2953976835407594,
  "nDCG@10_stderr": 0.00766814179220197,
  "nDCG@10_ci90_low": 0.8155724782908375,
  "nDCG@10_ci90_high": 0.840814187770014,
  "nDCG@10_ci95_low": 0.8131517751495387,
  "nDCG@10_ci95_high": 0.8432348909113128,
  "nDCG@100": 0.840088308301764,
  "nDCG@100_std": 0.2662294432482617,
  "nDCG@100_stderr": 0.006910972000919469,
  "nDCG@100_ci90_low": 0.8287136655139028,
  "nDCG@100_ci90_high": 0.8514629510896251,
  "nDCG@100_ci95_low": 0.8265319881159879,
  "nDCG@100_ci95_high": 0.85364462848754,
  "RR@1": 0.7169811320754716,
  "RR@3": 0.7772911051212938,
  "RR@5": 0.7876347708894883,
  "RR@10": 0.7943746523766738,
  "RR@100": 0.7970020810339277,
  "P@1": 0.717654986522911,
  "P@3": 0.29716981132075027,
  "P@5": 0.1881401617250631,
  "P@10": 0.09986522911050968,
  "P@100": 0.010545822102425688,
  "R@1": 0.6951370170709793,
  "R@3": 0.843946540880503,
  "R@5": 0.8896001796945192,
  "R@10": 0.9408692722371967,
  "R@100": 0.9916891284815812,
  "AP": 0.7931542605199533
}