{
  "nDCG@1": 0.7398921832884097,
  "nDCG@1_std": 0.43884110143157945,
  "nDCG@1_stderr": 0.011391747388429053,
  "nDCG@1_ci90_low": 0.721142714001645,
  "nDCG@1_ci90_high": 0.7586416525751744,
  "nDCG@1_ci95_low": 0.7175465313233206,
  "nDCG@1_ci95_high": 0.7622378352534988,
  "nDCG@3": 0.8138198630567387,
  "nDCG@3_std": 0.3427520721671317,
  "nDCG@3_stderr": 0.008897400471950402,
  "nDCG@3_ci90_low": 0.7991757938729078,
  "nDCG@3_ci90_high": 0.8284639322405696,
  "nDCG@3_ci95_low": 0.7963670344817153,
  "nDCG@3_ci95_high": 0.8312726916317621,
  "nDCG@5": 0.8307007769500144,
  "nDCG@5_std": 0.31314973676729574,
  "nDCG@5_stderr": 0.008128962133147583,
  "nDCG@5_ci90_low": 0.8173214664147812,
  "nDCG@5_ci90_high": 0.8440800874852477,
  "nDCG@5_ci95_low": 0.8147552900575287,
  "nDCG@5_ci95_high": 0.8466462638425002,
  "nDCG@10": 0.8434538584252548,
  "nDCG@10_std": 0.28595451781473935,
  "nDCG@10_stderr": 0.0074230094239097445,
  "nDCG@10_ci90_low": 0.831236462580406,
  "nDCG@10_ci90_high": 0.8556712542701036,
  "nDCG@10_ci95_low": 0.8288931435968392,
  "nDCG@10_ci95_high": 0.8580145732536704,
  "nDCG@100": 0.8546593804684606,
  "nDCG@100_std": 0.25698114731400173,
  "nDCG@100_stderr": 0.006670898200373348,
  "nDCG@100_ci90_low": 0.8436798707709336,
  "nDCG@100_ci90_high": 0.8656388901659875,
  "nDCG@100_ci95_low": 0.8415739806261596,
  "nDCG@100_ci95_high": 0.8677447803107615,
  "RR@1": 0.7398921832884097,
  "RR@3": 0.8004267744833782,
  "RR@5": 0.8091194968553462,
  "RR@10": 0.8141365036580671,
  "RR@100": 0.8165179957611759,
  "P@1": 0.7398921832884097,
  "P@3": 0.30323450134770413,
  "P@5": 0.19110512129379603,
  "P@10": 0.09993261455525362,
  "P@100": 0.010525606469002507,
  "R@1": 0.7190026954177897,
  "R@3": 0.8654537286612758,
  "R@5": 0.9049865229110512,
  "R@10": 0.9426100628930817,
  "R@100": 0.9901168014375562,
  "AP": 0.8121011961074484
}