nDCG@1,nDCG@1_std,nDCG@1_stderr,nDCG@1_ci90_low,nDCG@1_ci90_high,nDCG@1_ci95_low,nDCG@1_ci95_high,nDCG@3,nDCG@3_std,nDCG@3_stderr,nDCG@3_ci90_low,nDCG@3_ci90_high,nDCG@3_ci95_low,nDCG@3_ci95_high,nDCG@5,nDCG@5_std,nDCG@5_stderr,nDCG@5_ci90_low,nDCG@5_ci90_high,nDCG@5_ci95_low,nDCG@5_ci95_high,nDCG@10,nDCG@10_std,nDCG@10_stderr,nDCG@10_ci90_low,nDCG@10_ci90_high,nDCG@10_ci95_low,nDCG@10_ci95_high,nDCG@100,nDCG@100_std,nDCG@100_stderr,nDCG@100_ci90_low,nDCG@100_ci90_high,nDCG@100_ci95_low,nDCG@100_ci95_high,RR@1,RR@3,RR@5,RR@10,RR@100,P@1,P@3,P@5,P@10,P@100,R@1,R@3,R@5,R@10,R@100,AP
0.7311320754716981,0.44352059472534183,0.011513220981796881,0.7121826750128012,0.750081475930595,0.7085481451681073,0.753716005775289,0.8032531077185705,0.35145829802578654,0.009123402834456704,0.7882370653676685,0.8182691500694725,0.7853569608391943,0.8211492545979467,0.8204298055277857,0.322825696250587,0.008380137526279063,0.8066370899934306,0.8342225210621407,0.8039916217973406,0.8368679892582307,0.8337150930376918,0.2958134876878919,0.007678935530053193,0.8210764730818086,0.8463537129935749,0.8186523625393649,0.8487778235360186,0.8454538175467908,0.26682659453502106,0.006926473275957852,0.8340536614930252,0.8568539736005565,0.8318670906038061,0.8590405444897755,0.7311320754716981,0.7898697214734952,0.7986635220125793,0.8040556946048861,0.8064288808336539,0.7311320754716981,0.29986522911050756,0.18921832884096598,0.09912398921832642,0.010485175202156147,0.7095687331536388,0.8560197663971248,0.8965633423180593,0.9355345911949685,0.9864106019766398,0.8014366396656611
