nDCG@1,nDCG@1_std,nDCG@1_stderr,nDCG@1_ci90_low,nDCG@1_ci90_high,nDCG@1_ci95_low,nDCG@1_ci95_high,nDCG@3,nDCG@3_std,nDCG@3_stderr,nDCG@3_ci90_low,nDCG@3_ci90_high,nDCG@3_ci95_low,nDCG@3_ci95_high,nDCG@5,nDCG@5_std,nDCG@5_stderr,nDCG@5_ci90_low,nDCG@5_ci90_high,nDCG@5_ci95_low,nDCG@5_ci95_high,nDCG@10,nDCG@10_std,nDCG@10_stderr,nDCG@10_ci90_low,nDCG@10_ci90_high,nDCG@10_ci95_low,nDCG@10_ci95_high,nDCG@100,nDCG@100_std,nDCG@100_stderr,nDCG@100_ci90_low,nDCG@100_ci90_high,nDCG@100_ci95_low,nDCG@100_ci95_high,RR@1,RR@3,RR@5,RR@10,RR@100,P@1,P@3,P@5,P@10,P@100,R@1,R@3,R@5,R@10,R@100,AP
0.7722371967654986,0.41953010713593036,0.010890458953690844,0.7543127889719761,0.7901616045590212,0.7508748546048529,0.7935995389261443,0.8368713768851331,0.3246107160570706,0.008426474331679625,0.8230023964477671,0.8507403573224992,0.8203423005030738,0.8534004532671925,0.8576753233667821,0.2838357827023519,0.007368009800801115,0.8455484503986349,0.8698021963349293,0.8432224938692372,0.872128152864327,0.8689618680547019,0.2560501619103596,0.006646731023447558,0.8580221346729646,0.8799016014364391,0.855923873698684,0.8819998624107198,0.8762145062777374,0.23554355511757305,0.006114406034709715,0.8661509168874878,0.8862780956679871,0.8642207019414823,0.8882083106139926,0.7722371967654986,0.8260332434860738,0.8366801437556162,0.8411085975270615,0.8425428189472465,0.7722371967654986,0.3090745732255115,0.19690026954177417,0.10215633423180333,0.010586253369272047,0.7492138364779876,0.8821316262353998,0.9312106918238993,0.9652964959568733,0.9953953279424976,0.8377378209374756
