{
  "nDCG@1": 0.7722371967654986,
  "nDCG@1_std": 0.41953010713593036,
  "nDCG@1_stderr": 0.010890458953690844,
  "nDCG@1_ci90_low": 0.7543127889719761,
  "nDCG@1_ci90_high": 0.7901616045590212,
  "nDCG@1_ci95_low": 0.7508748546048529,
  "nDCG@1_ci95_high": 0.7935995389261443,
  "nDCG@3": 0.8368713768851331,
  "nDCG@3_std": 0.3246107160570706,
  "nDCG@3_stderr": 0.008426474331679625,
  "nDCG@3_ci90_low": 0.8230023964477671,
  "nDCG@3_ci90_high": 0.8507403573224992,
  "nDCG@3_ci95_low": 0.8203423005030738,
  "nDCG@3_ci95_high": 0.8534004532671925,
  "nDCG@5": 0.8576753233667821,
  "nDCG@5_std": 0.2838357827023519,
  "nDCG@5_stderr": 0.007368009800801115,
  "nDCG@5_ci90_low": 0.8455484503986349,
  "nDCG@5_ci90_high": 0.8698021963349293,
  "nDCG@5_ci95_low": 0.8432224938692372,
  "nDCG@5_ci95_high": 0.872128152864327,
  "nDCG@10": 0.8689618680547019,
  "nDCG@10_std": 0.2560501619103596,
  "nDCG@10_stderr": 0.006646731023447558,
  "nDCG@10_ci90_low": 0.8580221346729646,
  "nDCG@10_ci90_high": 0.8799016014364391,
  "nDCG@10_ci95_low": 0.855923873698684,
  "nDCG@10_ci95_high": 0.8819998624107198,
  "nDCG@100": 0.8762145062777374,
  "nDCG@100_std": 0.23554355511757305,
  "nDCG@100_stderr": 0.006114406034709715,
  "nDCG@100_ci90_low": 0.8661509168874878,
  "nDCG@100_ci90_high": 0.8862780956679871,
  "nDCG@100_ci95_low": 0.8642207019414823,
  "nDCG@100_ci95_high": 0.8882083106139926,
  "RR@1": 0.7722371967654986,
  "RR@3": 0.8260332434860738,
  "RR@5": 0.8366801437556162,
  "RR@10": 0.8411085975270615,
  "RR@100": 0.8425428189472465,
  "P@1": 0.7722371967654986,
  "P@3": 0.3090745732255115,
  "P@5": 0.19690026954177417,
  "P@10": 0.10215633423180333,
  "P@100": 0.010586253369272047,
  "R@1": 0.7492138364779876,
  "R@3": 0.8821316262353998,
  "R@5": 0.9312106918238993,
  "R@10": 0.9652964959568733,
  "R@100": 0.9953953279424976,
  "AP": 0.8377378209374756
}