nDCG@1,nDCG@1_std,nDCG@1_stderr,nDCG@1_ci90_low,nDCG@1_ci90_high,nDCG@1_ci95_low,nDCG@1_ci95_high,nDCG@3,nDCG@3_std,nDCG@3_stderr,nDCG@3_ci90_low,nDCG@3_ci90_high,nDCG@3_ci95_low,nDCG@3_ci95_high,nDCG@5,nDCG@5_std,nDCG@5_stderr,nDCG@5_ci90_low,nDCG@5_ci90_high,nDCG@5_ci95_low,nDCG@5_ci95_high,nDCG@10,nDCG@10_std,nDCG@10_stderr,nDCG@10_ci90_low,nDCG@10_ci90_high,nDCG@10_ci95_low,nDCG@10_ci95_high,nDCG@100,nDCG@100_std,nDCG@100_stderr,nDCG@100_ci90_low,nDCG@100_ci90_high,nDCG@100_ci95_low,nDCG@100_ci95_high,RR@1,RR@3,RR@5,RR@10,RR@100,P@1,P@3,P@5,P@10,P@100,R@1,R@3,R@5,R@10,R@100,AP
0.772911051212938,0.41909177099334205,0.010879080314380863,0.755005371314355,0.7908167311115211,0.7515710289919106,0.7942510734339654,0.8394141185986719,0.3212270313486489,0.008338638253165817,0.8256897059611534,0.8531385312361903,0.823057338386245,0.8557708988110988,0.8574731199737803,0.2855314183940104,0.007412026310191792,0.8452738010355119,0.8696724389120487,0.8429339492358598,0.8720122907117007,0.8678084095655659,0.260271062089671,0.006756300132716569,0.8566883383849845,0.8789284807461474,0.8545554882893517,0.8810613308417802,0.8761700617523681,0.23646924289076574,0.006138435692001086,0.8660669223873874,0.8862732011173489,0.8641291216835195,0.8882110018212167,0.772911051212938,0.8271563342318059,0.8363544474393535,0.8405590852693278,0.8423429014217297,0.772911051212938,0.31132075471697596,0.1964959568733106,0.10168463611859582,0.010579514824797654,0.7506738544474394,0.8871855345911949,0.9300314465408804,0.9605795148247979,0.9950584007187779,0.8380211314963625
