nDCG@1,nDCG@1_std,nDCG@1_stderr,nDCG@1_ci90_low,nDCG@1_ci90_high,nDCG@1_ci95_low,nDCG@1_ci95_high,nDCG@3,nDCG@3_std,nDCG@3_stderr,nDCG@3_ci90_low,nDCG@3_ci90_high,nDCG@3_ci95_low,nDCG@3_ci95_high,nDCG@5,nDCG@5_std,nDCG@5_stderr,nDCG@5_ci90_low,nDCG@5_ci90_high,nDCG@5_ci95_low,nDCG@5_ci95_high,nDCG@10,nDCG@10_std,nDCG@10_stderr,nDCG@10_ci90_low,nDCG@10_ci90_high,nDCG@10_ci95_low,nDCG@10_ci95_high,nDCG@100,nDCG@100_std,nDCG@100_stderr,nDCG@100_ci90_low,nDCG@100_ci90_high,nDCG@100_ci95_low,nDCG@100_ci95_high,RR@1,RR@3,RR@5,RR@10,RR@100,P@1,P@3,P@5,P@10,P@100,R@1,R@3,R@5,R@10,R@100,AP
0.7526954177897575,0.43159071475563254,0.01120353672809806,0.7342557209966228,0.7711351145828921,0.730718953252064,0.7746718823274509,0.8218881212981927,0.33729731185481604,0.008755801949524815,0.8074771065402321,0.8362991360561532,0.80471304741637,0.8390631951800154,0.8410867416102092,0.3015244048677454,0.007827183553442302,0.8282041229360803,0.8539693602843382,0.8257332129909084,0.8564402702295101,0.8545574935793957,0.2709827692312284,0.0070343621954025515,0.8429797651205778,0.8661352220382136,0.8407591355176197,0.8683558516411717,0.862973710980184,0.2483063766228899,0.0064457123733318,0.8523648305288971,0.873582591431471,0.8503300277549187,0.8756173942054494,0.7526954177897575,0.8091868823000898,0.8194294699011683,0.8246400761562487,0.8263379934401377,0.7526954177897575,0.3054806828391685,0.19353099730457757,0.10134770889487614,0.010545822102425688,0.7311320754716981,0.8713499550763701,0.9167789757412399,0.9567610062893082,0.9921383647798743,0.8216752903774366
