nDCG@1,nDCG@1_std,nDCG@1_stderr,nDCG@1_ci90_low,nDCG@1_ci90_high,nDCG@1_ci95_low,nDCG@1_ci95_high,nDCG@3,nDCG@3_std,nDCG@3_stderr,nDCG@3_ci90_low,nDCG@3_ci90_high,nDCG@3_ci95_low,nDCG@3_ci95_high,nDCG@5,nDCG@5_std,nDCG@5_stderr,nDCG@5_ci90_low,nDCG@5_ci90_high,nDCG@5_ci95_low,nDCG@5_ci95_high,nDCG@10,nDCG@10_std,nDCG@10_stderr,nDCG@10_ci90_low,nDCG@10_ci90_high,nDCG@10_ci95_low,nDCG@10_ci95_high,nDCG@100,nDCG@100_std,nDCG@100_stderr,nDCG@100_ci90_low,nDCG@100_ci90_high,nDCG@100_ci95_low,nDCG@100_ci95_high,RR@1,RR@3,RR@5,RR@10,RR@100,P@1,P@3,P@5,P@10,P@100,R@1,R@3,R@5,R@10,R@100,AP
0.7702156334231806,0.42083589794462256,0.010924355594151886,0.7522354357672622,0.788195831079099,0.748786800801967,0.7916444660443941,0.8369556222353525,0.3236697342639409,0.008402047661412242,0.8231268452091349,0.85078439926157,0.82047446035261,0.853436784118095,0.8563550983383367,0.2852966257583377,0.0074059313970546185,0.8441658109064539,0.8685443857702194,0.8418278831681687,0.8708823135085046,0.8677968047420431,0.2572089223070642,0.006676810944585101,0.8568075633666429,0.8787860461174434,0.8546998066681619,0.8808938028159243,0.8754773438542014,0.23572432485912015,0.0061190985833895414,0.8654060310836529,0.8855486566247499,0.8634743347791074,0.8874803529292954,0.7702156334231806,0.8254716981132079,0.8354784366576826,0.8401210798784924,0.841654417023523,0.7702156334231806,0.3097484276729509,0.1964959568733106,0.10195417789757152,0.010586253369272047,0.7468553459119498,0.8834793351302784,0.9295260557053009,0.9637241689128481,0.9953953279424976,0.8367453027560685
