{
  "nDCG@1": 0.7311320754716981,
  "nDCG@1_std": 0.44352059472534183,
  "nDCG@1_stderr": 0.011513220981796881,
  "nDCG@1_ci90_low": 0.7121826750128012,
  "nDCG@1_ci90_high": 0.750081475930595,
  "nDCG@1_ci95_low": 0.7085481451681073,
  "nDCG@1_ci95_high": 0.753716005775289,
  "nDCG@3": 0.8032531077185705,
  "nDCG@3_std": 0.35145829802578654,
  "nDCG@3_stderr": 0.009123402834456704,
  "nDCG@3_ci90_low": 0.7882370653676685,
  "nDCG@3_ci90_high": 0.8182691500694725,
  "nDCG@3_ci95_low": 0.7853569608391943,
  "nDCG@3_ci95_high": 0.8211492545979467,
  "nDCG@5": 0.8204298055277857,
  "nDCG@5_std": 0.322825696250587,
  "nDCG@5_stderr": 0.008380137526279063,
  "nDCG@5_ci90_low": 0.8066370899934306,
  "nDCG@5_ci90_high": 0.8342225210621407,
  "nDCG@5_ci95_low": 0.8039916217973406,
  "nDCG@5_ci95_high": 0.8368679892582307,
  "nDCG@10": 0.8337150930376918,
  "nDCG@10_std": 0.2958134876878919,
  "nDCG@10_stderr": 0.007678935530053193,
  "nDCG@10_ci90_low": 0.8210764730818086,
  "nDCG@10_ci90_high": 0.8463537129935749,
  "nDCG@10_ci95_low": 0.8186523625393649,
  "nDCG@10_ci95_high": 0.8487778235360186,
  "nDCG@100": 0.8454538175467908,
  "nDCG@100_std": 0.26682659453502106,
  "nDCG@100_stderr": 0.006926473275957852,
  "nDCG@100_ci90_low": 0.8340536614930252,
  "nDCG@100_ci90_high": 0.8568539736005565,
  "nDCG@100_ci95_low": 0.8318670906038061,
  "nDCG@100_ci95_high": 0.8590405444897755,
  "RR@1": 0.7311320754716981,
  "RR@3": 0.7898697214734952,
  "RR@5": 0.7986635220125793,
  "RR@10": 0.8040556946048861,
  "RR@100": 0.8064288808336539,
  "P@1": 0.7311320754716981,
  "P@3": 0.29986522911050756,
  "P@5": 0.18921832884096598,
  "P@10": 0.09912398921832642,
  "P@100": 0.010485175202156147,
  "R@1": 0.7095687331536388,
  "R@3": 0.8560197663971248,
  "R@5": 0.8965633423180593,
  "R@10": 0.9355345911949685,
  "R@100": 0.9864106019766398,
  "AP": 0.8014366396656611
}