nDCG@1,nDCG@1_std,nDCG@1_stderr,nDCG@1_ci90_low,nDCG@1_ci90_high,nDCG@1_ci95_low,nDCG@1_ci95_high,nDCG@3,nDCG@3_std,nDCG@3_stderr,nDCG@3_ci90_low,nDCG@3_ci90_high,nDCG@3_ci95_low,nDCG@3_ci95_high,nDCG@5,nDCG@5_std,nDCG@5_stderr,nDCG@5_ci90_low,nDCG@5_ci90_high,nDCG@5_ci95_low,nDCG@5_ci95_high,nDCG@10,nDCG@10_std,nDCG@10_stderr,nDCG@10_ci90_low,nDCG@10_ci90_high,nDCG@10_ci95_low,nDCG@10_ci95_high,nDCG@100,nDCG@100_std,nDCG@100_stderr,nDCG@100_ci90_low,nDCG@100_ci90_high,nDCG@100_ci95_low,nDCG@100_ci95_high,RR@1,RR@3,RR@5,RR@10,RR@100,P@1,P@3,P@5,P@10,P@100,R@1,R@3,R@5,R@10,R@100,AP
0.7250673854447439,0.4466308228081702,0.011593958480003854,0.7059851006098767,0.7441496702796111,0.7023250832975765,0.7478096875919114,0.7963264882170157,0.3591655219297233,0.009323472398345077,0.7809811550193774,0.811671821414654,0.7780378919011292,0.8146150845329022,0.8159147328090448,0.3256992508995088,0.00845473128825937,0.8019992447621379,0.8298302208559517,0.7993302285724347,0.8324992370456549,0.8335729390402314,0.28985043503128277,0.007524142395803932,0.8211890902812023,0.8459567877992605,0.8188138453226879,0.848332032757775,0.8442498513388296,0.26326012135404064,0.0068338922451182185,0.8330020727154157,0.8554976299622434,0.8308447280974696,0.8576549745801896,0.7250673854447439,0.7829065588499552,0.7937893081761009,0.8003858618919265,0.8027212002925547,0.7250673854447439,0.2980682839173361,0.1888140161725024,0.10040431266846114,0.010552560646900081,0.7022124887690926,0.8466419586702605,0.8933063791554356,0.9463162623539981,0.9923629829290206,0.7981634035061475
