{
  "nDCG@1": 0.7358490566037735,
  "nDCG@1_std": 0.4410286741569579,
  "nDCG@1_stderr": 0.01144853394693516,
  "nDCG@1_ci90_low": 0.7170061233559231,
  "nDCG@1_ci90_high": 0.754691989851624,
  "nDCG@1_ci95_low": 0.7133920141180378,
  "nDCG@1_ci95_high": 0.7583060990895093,
  "nDCG@3": 0.8054280472763108,
  "nDCG@3_std": 0.3522200651360977,
  "nDCG@3_stderr": 0.009143177323357515,
  "nDCG@3_ci90_low": 0.7903794584547345,
  "nDCG@3_ci90_high": 0.8204766360978871,
  "nDCG@3_ci95_low": 0.7874931114533512,
  "nDCG@3_ci95_high": 0.8233629830992704,
  "nDCG@5": 0.8236457750886979,
  "nDCG@5_std": 0.32039935663774916,
  "nDCG@5_stderr": 0.008317152888199767,
  "nDCG@5_ci90_low": 0.80995672482157,
  "nDCG@5_ci90_high": 0.8373348253558257,
  "nDCG@5_ci95_low": 0.8073311398143129,
  "nDCG@5_ci95_high": 0.8399604103630828,
  "nDCG@10": 0.8398860444374475,
  "nDCG@10_std": 0.2862184642342966,
  "nDCG@10_stderr": 0.007429861131568548,
  "nDCG@10_ci90_low": 0.8276573714919108,
  "nDCG@10_ci90_high": 0.8521147173829843,
  "nDCG@10_ci95_low": 0.8253118895397001,
  "nDCG@10_ci95_high": 0.8544601993351949,
  "nDCG@100": 0.8499205867025775,
  "nDCG@100_std": 0.26092404310957035,
  "nDCG@100_stderr": 0.006773250675416116,
  "nDCG@100_ci90_low": 0.838772616932877,
  "nDCG@100_ci90_high": 0.8610685564722781,
  "nDCG@100_ci95_low": 0.8366344158365622,
  "nDCG@100_ci95_high": 0.8632067575685929,
  "RR@1": 0.7358490566037735,
  "RR@3": 0.7926774483378258,
  "RR@5": 0.8023472596585809,
  "RR@10": 0.8085691823899371,
  "RR@100": 0.8106257518718475,
  "P@1": 0.7358490566037735,
  "P@3": 0.30098831985623975,
  "P@5": 0.1900269541778932,
  "P@10": 0.10053908355794898,
  "P@100": 0.010539083557951294,
  "R@1": 0.7138364779874214,
  "R@3": 0.8550651392632523,
  "R@5": 0.8990341419586702,
  "R@10": 0.9477762803234502,
  "R@100": 0.9910152740341418,
  "AP": 0.8058183741010907
}