nDCG@1,nDCG@1_std,nDCG@1_stderr,nDCG@1_ci90_low,nDCG@1_ci90_high,nDCG@1_ci95_low,nDCG@1_ci95_high,nDCG@3,nDCG@3_std,nDCG@3_stderr,nDCG@3_ci90_low,nDCG@3_ci90_high,nDCG@3_ci95_low,nDCG@3_ci95_high,nDCG@5,nDCG@5_std,nDCG@5_stderr,nDCG@5_ci90_low,nDCG@5_ci90_high,nDCG@5_ci95_low,nDCG@5_ci95_high,nDCG@10,nDCG@10_std,nDCG@10_stderr,nDCG@10_ci90_low,nDCG@10_ci90_high,nDCG@10_ci95_low,nDCG@10_ci95_high,nDCG@100,nDCG@100_std,nDCG@100_stderr,nDCG@100_ci90_low,nDCG@100_ci90_high,nDCG@100_ci95_low,nDCG@100_ci95_high,RR@1,RR@3,RR@5,RR@10,RR@100,P@1,P@3,P@5,P@10,P@100,R@1,R@3,R@5,R@10,R@100,AP
0.5977088948787062,0.49052534228573397,0.01273340343170432,0.5767512183767478,0.6186665713806645,0.5727314974949695,0.6226862922624428,0.6779973799052943,0.4249807741197097,0.011031951218602008,0.6598400925732067,0.6961546672373818,0.6563574914824598,0.6996372683281288,0.703473748199923,0.39594469724608167,0.010278212218730893,0.6865570261425425,0.7203904702573035,0.6833123677521462,0.7236351286476999,0.7258468343725507,0.3652964885652732,0.009482624362304772,0.7102395558597256,0.7414541128853758,0.7072460511484628,0.7444476175966386,0.7509275355236843,0.32140853257681196,0.008343349790292076,0.7371953682531293,0.7646597027942393,0.7345615133253484,0.7672935577220202,0.5977088948787062,0.6639712488769101,0.6774820305480695,0.6864047191203532,0.6914493586677545,0.5977088948787062,0.2565139263252444,0.1671159029649562,0.09117250673854241,0.01035714285714267,0.5810309973045822,0.7339959568733153,0.7952605570530098,0.8621406109613656,0.9739442946990117,0.6856359831479535
