{
  "nDCG@1": 0.5977088948787062,
  "nDCG@1_std": 0.49052534228573397,
  "nDCG@1_stderr": 0.01273340343170432,
  "nDCG@1_ci90_low": 0.5767512183767478,
  "nDCG@1_ci90_high": 0.6186665713806645,
  "nDCG@1_ci95_low": 0.5727314974949695,
  "nDCG@1_ci95_high": 0.6226862922624428,
  "nDCG@3": 0.6779973799052943,
  "nDCG@3_std": 0.4249807741197097,
  "nDCG@3_stderr": 0.011031951218602008,
  "nDCG@3_ci90_low": 0.6598400925732067,
  "nDCG@3_ci90_high": 0.6961546672373818,
  "nDCG@3_ci95_low": 0.6563574914824598,
  "nDCG@3_ci95_high": 0.6996372683281288,
  "nDCG@5": 0.703473748199923,
  "nDCG@5_std": 0.39594469724608167,
  "nDCG@5_stderr": 0.010278212218730893,
  "nDCG@5_ci90_low": 0.6865570261425425,
  "nDCG@5_ci90_high": 0.7203904702573035,
  "nDCG@5_ci95_low": 0.6833123677521462,
  "nDCG@5_ci95_high": 0.7236351286476999,
  "nDCG@10": 0.7258468343725507,
  "nDCG@10_std": 0.3652964885652732,
  "nDCG@10_stderr": 0.009482624362304772,
  "nDCG@10_ci90_low": 0.7102395558597256,
  "nDCG@10_ci90_high": 0.7414541128853758,
  "nDCG@10_ci95_low": 0.7072460511484628,
  "nDCG@10_ci95_high": 0.7444476175966386,
  "nDCG@100": 0.7509275355236843,
  "nDCG@100_std": 0.32140853257681196,
  "nDCG@100_stderr": 0.008343349790292076,
  "nDCG@100_ci90_low": 0.7371953682531293,
  "nDCG@100_ci90_high": 0.7646597027942393,
  "nDCG@100_ci95_low": 0.7345615133253484,
  "nDCG@100_ci95_high": 0.7672935577220202,
  "RR@1": 0.5977088948787062,
  "RR@3": 0.6639712488769101,
  "RR@5": 0.6774820305480695,
  "RR@10": 0.6864047191203532,
  "RR@100": 0.6914493586677545,
  "P@1": 0.5977088948787062,
  "P@3": 0.2565139263252444,
  "P@5": 0.1671159029649562,
  "P@10": 0.09117250673854241,
  "P@100": 0.01035714285714267,
  "R@1": 0.5810309973045822,
  "R@3": 0.7339959568733153,
  "R@5": 0.7952605570530098,
  "R@10": 0.8621406109613656,
  "R@100": 0.9739442946990117,
  "AP": 0.6856359831479535
}