nDCG@1,nDCG@1_std,nDCG@1_stderr,nDCG@1_ci90_low,nDCG@1_ci90_high,nDCG@1_ci95_low,nDCG@1_ci95_high,nDCG@3,nDCG@3_std,nDCG@3_stderr,nDCG@3_ci90_low,nDCG@3_ci90_high,nDCG@3_ci95_low,nDCG@3_ci95_high,nDCG@5,nDCG@5_std,nDCG@5_stderr,nDCG@5_ci90_low,nDCG@5_ci90_high,nDCG@5_ci95_low,nDCG@5_ci95_high,nDCG@10,nDCG@10_std,nDCG@10_stderr,nDCG@10_ci90_low,nDCG@10_ci90_high,nDCG@10_ci95_low,nDCG@10_ci95_high,nDCG@100,nDCG@100_std,nDCG@100_stderr,nDCG@100_ci90_low,nDCG@100_ci90_high,nDCG@100_ci95_low,nDCG@100_ci95_high,RR@1,RR@3,RR@5,RR@10,RR@100,P@1,P@3,P@5,P@10,P@100,R@1,R@3,R@5,R@10,R@100,AP
0.5471698113207547,0.49793783324544916,0.012925822109573434,0.5258954364258377,0.5684441862156717,0.52181497221007,0.5725246504314394,0.6369993625088859,0.43501727776394494,0.011292485871817488,0.6184132659421796,0.6555854590755922,0.6148484184519077,0.659150306565864,0.6603876246161127,0.41156291255377775,0.010683640887246595,0.6428036149066174,0.6779716343256079,0.6394309695178003,0.681344279714425,0.6848542681581851,0.38163507903903593,0.00990675303838576,0.6685489239918068,0.7011596123245634,0.665421529004865,0.7042870073115052,0.7126611588204248,0.33751579388740804,0.008761473460502434,0.6982408094259718,0.7270815082148778,0.6954749599016695,0.7298473577391801,0.5471698113207547,0.6197214734950591,0.6321203953279437,0.641786997817996,0.6470914651271876,0.5471698113207547,0.2455076370170689,0.15929919137466014,0.08787061994608975,0.01019541778975723,0.5318396226415094,0.7013140161725068,0.7578616352201257,0.8321540880503143,0.9604672057502246,0.6414393582547816
