nDCG@1,nDCG@1_std,nDCG@1_stderr,nDCG@1_ci90_low,nDCG@1_ci90_high,nDCG@1_ci95_low,nDCG@1_ci95_high,nDCG@3,nDCG@3_std,nDCG@3_stderr,nDCG@3_ci90_low,nDCG@3_ci90_high,nDCG@3_ci95_low,nDCG@3_ci95_high,nDCG@5,nDCG@5_std,nDCG@5_stderr,nDCG@5_ci90_low,nDCG@5_ci90_high,nDCG@5_ci95_low,nDCG@5_ci95_high,nDCG@10,nDCG@10_std,nDCG@10_stderr,nDCG@10_ci90_low,nDCG@10_ci90_high,nDCG@10_ci95_low,nDCG@10_ci95_high,nDCG@100,nDCG@100_std,nDCG@100_stderr,nDCG@100_ci90_low,nDCG@100_ci90_high,nDCG@100_ci95_low,nDCG@100_ci95_high,RR@1,RR@3,RR@5,RR@10,RR@100,P@1,P@3,P@5,P@10,P@100,R@1,R@3,R@5,R@10,R@100,AP
0.5963611859838275,0.4907920514476602,0.012740326856581644,0.5753921143431191,0.6173302576245359,0.5713702078527797,0.6213521641148753,0.6764207603673152,0.42585070069643965,0.011054533387355712,0.6582263054554842,0.6946152152791463,0.6547365755546135,0.698104945180017,0.7020272614903055,0.39648274714424625,0.010292179298164124,0.6850875512715894,0.7189669717090216,0.6818384837095873,0.7222160392710236,0.7251285049041413,0.3650773360557484,0.009476935446613186,0.7095305896739099,0.7407264201343726,0.7065388808574622,0.7437181289508203,0.7497381937398855,0.32194918612646956,0.008357384457150457,0.7359829270670843,0.7634934604126866,0.7333446416314866,0.7661317458482844,0.5963611859838275,0.6623989218328847,0.6760107816711602,0.6851875026740263,0.6900485633619691,0.5963611859838275,0.25606469002695154,0.16671159029649263,0.0913072776280303,0.01035714285714267,0.5793463611859838,0.7318620844564242,0.7939128481581311,0.8631513926325246,0.9742812219227313,0.684198680286284
