nDCG@1,nDCG@1_std,nDCG@1_stderr,nDCG@1_ci90_low,nDCG@1_ci90_high,nDCG@1_ci95_low,nDCG@1_ci95_high,nDCG@3,nDCG@3_std,nDCG@3_stderr,nDCG@3_ci90_low,nDCG@3_ci90_high,nDCG@3_ci95_low,nDCG@3_ci95_high,nDCG@5,nDCG@5_std,nDCG@5_stderr,nDCG@5_ci90_low,nDCG@5_ci90_high,nDCG@5_ci95_low,nDCG@5_ci95_high,nDCG@10,nDCG@10_std,nDCG@10_stderr,nDCG@10_ci90_low,nDCG@10_ci90_high,nDCG@10_ci95_low,nDCG@10_ci95_high,nDCG@100,nDCG@100_std,nDCG@100_stderr,nDCG@100_ci90_low,nDCG@100_ci90_high,nDCG@100_ci95_low,nDCG@100_ci95_high,RR@1,RR@3,RR@5,RR@10,RR@100,P@1,P@3,P@5,P@10,P@100,R@1,R@3,R@5,R@10,R@100,AP
0.7358490566037735,0.4410286741569579,0.01144853394693516,0.7170061233559231,0.754691989851624,0.7133920141180378,0.7583060990895093,0.8054280472763108,0.3522200651360977,0.009143177323357515,0.7903794584547345,0.8204766360978871,0.7874931114533512,0.8233629830992704,0.8236457750886979,0.32039935663774916,0.008317152888199767,0.80995672482157,0.8373348253558257,0.8073311398143129,0.8399604103630828,0.8398860444374475,0.2862184642342966,0.007429861131568548,0.8276573714919108,0.8521147173829843,0.8253118895397001,0.8544601993351949,0.8499205867025775,0.26092404310957035,0.006773250675416116,0.838772616932877,0.8610685564722781,0.8366344158365622,0.8632067575685929,0.7358490566037735,0.7926774483378258,0.8023472596585809,0.8085691823899371,0.8106257518718475,0.7358490566037735,0.30098831985623975,0.1900269541778932,0.10053908355794898,0.010539083557951294,0.7138364779874214,0.8550651392632523,0.8990341419586702,0.9477762803234502,0.9910152740341418,0.8058183741010907
