nDCG@1,nDCG@1_std,nDCG@1_stderr,nDCG@1_ci90_low,nDCG@1_ci90_high,nDCG@1_ci95_low,nDCG@1_ci95_high,nDCG@3,nDCG@3_std,nDCG@3_stderr,nDCG@3_ci90_low,nDCG@3_ci90_high,nDCG@3_ci95_low,nDCG@3_ci95_high,nDCG@5,nDCG@5_std,nDCG@5_stderr,nDCG@5_ci90_low,nDCG@5_ci90_high,nDCG@5_ci95_low,nDCG@5_ci95_high,nDCG@10,nDCG@10_std,nDCG@10_stderr,nDCG@10_ci90_low,nDCG@10_ci90_high,nDCG@10_ci95_low,nDCG@10_ci95_high,nDCG@100,nDCG@100_std,nDCG@100_stderr,nDCG@100_ci90_low,nDCG@100_ci90_high,nDCG@100_ci95_low,nDCG@100_ci95_high,RR@1,RR@3,RR@5,RR@10,RR@100,P@1,P@3,P@5,P@10,P@100,R@1,R@3,R@5,R@10,R@100,AP
0.7284366576819407,0.44491581559985566,0.011549439111096245,0.7094276464645035,0.7474456688993778,0.705781683166733,0.7510916321971484,0.7983536827463961,0.35790785164191247,0.009290824904366194,0.7830620834637381,0.8136452820290541,0.7801291266091678,0.8165782388836244,0.8165293480869308,0.32749235172829255,0.00850127786654671,0.8025372498756439,0.8305214462982177,0.7998535397155722,0.8332051564582894,0.8342831417586988,0.2912400273969467,0.007560214416293566,0.821839922718955,0.8467263607984425,0.8194532904314529,0.8491129930859447,0.8451440379657368,0.2644308738377936,0.006864283465324764,0.8338462389871991,0.8564418369442744,0.8316793003731825,0.8586087755582911,0.7277628032345014,0.7856019766397129,0.7948674752920044,0.8018290335001929,0.8041146217453573,0.7284366576819407,0.2982929020664824,0.18840970350403882,0.1001347708894854,0.010539083557951294,0.7064240790655886,0.8476527403414195,0.8912848158131176,0.9445193171608265,0.9910152740341418,0.799797892558718
