{
  "nDCG@1": 0.706199460916442,
  "nDCG@1_std": 0.4556552305377001,
  "nDCG@1_stderr": 0.011828220432336091,
  "nDCG@1_ci90_low": 0.6867316086062311,
  "nDCG@1_ci90_high": 0.725667313226653,
  "nDCG@1_ci95_low": 0.6829976387433305,
  "nDCG@1_ci95_high": 0.7294012830895535,
  "nDCG@3": 0.7814710256999889,
  "nDCG@3_std": 0.3674717759502758,
  "nDCG@3_stderr": 0.009539092009264795,
  "nDCG@3_ci90_low": 0.7657708081167761,
  "nDCG@3_ci90_high": 0.7971712432832018,
  "nDCG@3_ci95_low": 0.7627594775209533,
  "nDCG@3_ci95_high": 0.8001825738790246,
  "nDCG@5": 0.7996409790863938,
  "nDCG@5_std": 0.33982900547612943,
  "nDCG@5_stderr": 0.008821521441397424,
  "nDCG@5_ci90_low": 0.7851217978152204,
  "nDCG@5_ci90_high": 0.8141601603575671,
  "nDCG@5_ci95_low": 0.7823369921552702,
  "nDCG@5_ci95_high": 0.8169449660175173,
  "nDCG@10": 0.817781784798452,
  "nDCG@10_std": 0.3053804623793691,
  "nDCG@10_stderr": 0.007927281818952012,
  "nDCG@10_ci90_low": 0.804734416214512,
  "nDCG@10_ci90_high": 0.8308291533823919,
  "nDCG@10_ci95_low": 0.8022319069337613,
  "nDCG@10_ci95_high": 0.8333316626631426,
  "nDCG@100": 0.8313691923703938,
  "nDCG@100_std": 0.2733098024227581,
  "nDCG@100_stderr": 0.007094768967229346,
  "nDCG@100_ci90_low": 0.8196920415074038,
  "nDCG@100_ci90_high": 0.8430463432333837,
  "nDCG@100_ci95_low": 0.8174523425045468,
  "nDCG@100_ci95_high": 0.8452860422362407,
  "RR@1": 0.7055256064690026,
  "RR@3": 0.7677448337825702,
  "RR@5": 0.7767070979335139,
  "RR@10": 0.7837480747015791,
  "RR@100": 0.7866919468584763,
  "P@1": 0.706199460916442,
  "P@3": 0.2931266846361143,
  "P@5": 0.18557951482479365,
  "P@10": 0.09885444743935069,
  "P@100": 0.010539083557951294,
  "R@1": 0.6855345911949685,
  "R@3": 0.8348495058400718,
  "R@5": 0.8781446540880502,
  "R@10": 0.9323899371069181,
  "R@100": 0.9910152740341418,
  "AP": 0.7823137683128549
}