nDCG@1,nDCG@1_std,nDCG@1_stderr,nDCG@1_ci90_low,nDCG@1_ci90_high,nDCG@1_ci95_low,nDCG@1_ci95_high,nDCG@3,nDCG@3_std,nDCG@3_stderr,nDCG@3_ci90_low,nDCG@3_ci90_high,nDCG@3_ci95_low,nDCG@3_ci95_high,nDCG@5,nDCG@5_std,nDCG@5_stderr,nDCG@5_ci90_low,nDCG@5_ci90_high,nDCG@5_ci95_low,nDCG@5_ci95_high,nDCG@10,nDCG@10_std,nDCG@10_stderr,nDCG@10_ci90_low,nDCG@10_ci90_high,nDCG@10_ci95_low,nDCG@10_ci95_high,nDCG@100,nDCG@100_std,nDCG@100_stderr,nDCG@100_ci90_low,nDCG@100_ci90_high,nDCG@100_ci95_low,nDCG@100_ci95_high,RR@1,RR@3,RR@5,RR@10,RR@100,P@1,P@3,P@5,P@10,P@100,R@1,R@3,R@5,R@10,R@100,AP
0.706199460916442,0.4556552305377001,0.011828220432336091,0.6867316086062311,0.725667313226653,0.6829976387433305,0.7294012830895535,0.7814710256999889,0.3674717759502758,0.009539092009264795,0.7657708081167761,0.7971712432832018,0.7627594775209533,0.8001825738790246,0.7996409790863938,0.33982900547612943,0.008821521441397424,0.7851217978152204,0.8141601603575671,0.7823369921552702,0.8169449660175173,0.817781784798452,0.3053804623793691,0.007927281818952012,0.804734416214512,0.8308291533823919,0.8022319069337613,0.8333316626631426,0.8313691923703938,0.2733098024227581,0.007094768967229346,0.8196920415074038,0.8430463432333837,0.8174523425045468,0.8452860422362407,0.7055256064690026,0.7677448337825702,0.7767070979335139,0.7837480747015791,0.7866919468584763,0.706199460916442,0.2931266846361143,0.18557951482479365,0.09885444743935069,0.010539083557951294,0.6855345911949685,0.8348495058400718,0.8781446540880502,0.9323899371069181,0.9910152740341418,0.7823137683128549
