nDCG@1,nDCG@1_std,nDCG@1_stderr,nDCG@1_ci90_low,nDCG@1_ci90_high,nDCG@1_ci95_low,nDCG@1_ci95_high,nDCG@3,nDCG@3_std,nDCG@3_stderr,nDCG@3_ci90_low,nDCG@3_ci90_high,nDCG@3_ci95_low,nDCG@3_ci95_high,nDCG@5,nDCG@5_std,nDCG@5_stderr,nDCG@5_ci90_low,nDCG@5_ci90_high,nDCG@5_ci95_low,nDCG@5_ci95_high,nDCG@10,nDCG@10_std,nDCG@10_stderr,nDCG@10_ci90_low,nDCG@10_ci90_high,nDCG@10_ci95_low,nDCG@10_ci95_high,nDCG@100,nDCG@100_std,nDCG@100_stderr,nDCG@100_ci90_low,nDCG@100_ci90_high,nDCG@100_ci95_low,nDCG@100_ci95_high,RR@1,RR@3,RR@5,RR@10,RR@100,P@1,P@3,P@5,P@10,P@100,R@1,R@3,R@5,R@10,R@100,AP
0.7028301886792453,0.45716599900439064,0.011867438027677094,0.6832977888440345,0.7223625885144561,0.6795514386471745,0.7261089387113161,0.7790066934924564,0.3689406417246573,0.009577221864911126,0.7632437186751712,0.7947696683097417,0.76022035112648,0.7977930358584329,0.7986193739338951,0.33731270751885734,0.008756201601050308,0.7842077013967768,0.8130310464710135,0.7814435161096629,0.8157952317581274,0.815803860235251,0.3060893902601849,0.007945684669798303,0.8027262027346974,0.8288815177358045,0.8002178839840569,0.831389836486445,0.8294648588806857,0.2737778202965136,0.007106918105889557,0.8177677119719265,0.8411620057894448,0.8155241776907302,0.8434055400706412,0.7021563342318059,0.7647124887690929,0.7751909254267755,0.7815711504727684,0.7846036728616134,0.7028301886792453,0.2931266846361143,0.18598382749325723,0.09885444743935069,0.0105323450134769,0.6806491464510331,0.8335017969451931,0.8808400718778077,0.9317160826594788,0.9903414195867025,0.7798160670983159
