{
  "nDCG@1": 0.7250673854447439,
  "nDCG@1_std": 0.4466308228081702,
  "nDCG@1_stderr": 0.011593958480003854,
  "nDCG@1_ci90_low": 0.7059851006098767,
  "nDCG@1_ci90_high": 0.7441496702796111,
  "nDCG@1_ci95_low": 0.7023250832975765,
  "nDCG@1_ci95_high": 0.7478096875919114,
  "nDCG@3": 0.7963264882170157,
  "nDCG@3_std": 0.3591655219297233,
  "nDCG@3_stderr": 0.009323472398345077,
  "nDCG@3_ci90_low": 0.7809811550193774,
  "nDCG@3_ci90_high": 0.811671821414654,
  "nDCG@3_ci95_low": 0.7780378919011292,
  "nDCG@3_ci95_high": 0.8146150845329022,
  "nDCG@5": 0.8159147328090448,
  "nDCG@5_std": 0.3256992508995088,
  "nDCG@5_stderr": 0.00845473128825937,
  "nDCG@5_ci90_low": 0.8019992447621379,
  "nDCG@5_ci90_high": 0.8298302208559517,
  "nDCG@5_ci95_low": 0.7993302285724347,
  "nDCG@5_ci95_high": 0.8324992370456549,
  "nDCG@10": 0.8335729390402314,
  "nDCG@10_std": 0.28985043503128277,
  "nDCG@10_stderr": 0.007524142395803932,
  "nDCG@10_ci90_low": 0.8211890902812023,
  "nDCG@10_ci90_high": 0.8459567877992605,
  "nDCG@10_ci95_low": 0.8188138453226879,
  "nDCG@10_ci95_high": 0.848332032757775,
  "nDCG@100": 0.8442498513388296,
  "nDCG@100_std": 0.26326012135404064,
  "nDCG@100_stderr": 0.0068338922451182185,
  "nDCG@100_ci90_low": 0.8330020727154157,
  "nDCG@100_ci90_high": 0.8554976299622434,
  "nDCG@100_ci95_low": 0.8308447280974696,
  "nDCG@100_ci95_high": 0.8576549745801896,
  "RR@1": 0.7250673854447439,
  "RR@3": 0.7829065588499552,
  "RR@5": 0.7937893081761009,
  "RR@10": 0.8003858618919265,
  "RR@100": 0.8027212002925547,
  "P@1": 0.7250673854447439,
  "P@3": 0.2980682839173361,
  "P@5": 0.1888140161725024,
  "P@10": 0.10040431266846114,
  "P@100": 0.010552560646900081,
  "R@1": 0.7022124887690926,
  "R@3": 0.8466419586702605,
  "R@5": 0.8933063791554356,
  "R@10": 0.9463162623539981,
  "R@100": 0.9923629829290206,
  "AP": 0.7981634035061475
}