{
  "nDCG@1": 0.7028301886792453,
  "nDCG@1_std": 0.45716599900439064,
  "nDCG@1_stderr": 0.011867438027677094,
  "nDCG@1_ci90_low": 0.6832977888440345,
  "nDCG@1_ci90_high": 0.7223625885144561,
  "nDCG@1_ci95_low": 0.6795514386471745,
  "nDCG@1_ci95_high": 0.7261089387113161,
  "nDCG@3": 0.7790066934924564,
  "nDCG@3_std": 0.3689406417246573,
  "nDCG@3_stderr": 0.009577221864911126,
  "nDCG@3_ci90_low": 0.7632437186751712,
  "nDCG@3_ci90_high": 0.7947696683097417,
  "nDCG@3_ci95_low": 0.76022035112648,
  "nDCG@3_ci95_high": 0.7977930358584329,
  "nDCG@5": 0.7986193739338951,
  "nDCG@5_std": 0.33731270751885734,
  "nDCG@5_stderr": 0.008756201601050308,
  "nDCG@5_ci90_low": 0.7842077013967768,
  "nDCG@5_ci90_high": 0.8130310464710135,
  "nDCG@5_ci95_low": 0.7814435161096629,
  "nDCG@5_ci95_high": 0.8157952317581274,
  "nDCG@10": 0.815803860235251,
  "nDCG@10_std": 0.3060893902601849,
  "nDCG@10_stderr": 0.007945684669798303,
  "nDCG@10_ci90_low": 0.8027262027346974,
  "nDCG@10_ci90_high": 0.8288815177358045,
  "nDCG@10_ci95_low": 0.8002178839840569,
  "nDCG@10_ci95_high": 0.831389836486445,
  "nDCG@100": 0.8294648588806857,
  "nDCG@100_std": 0.2737778202965136,
  "nDCG@100_stderr": 0.007106918105889557,
  "nDCG@100_ci90_low": 0.8177677119719265,
  "nDCG@100_ci90_high": 0.8411620057894448,
  "nDCG@100_ci95_low": 0.8155241776907302,
  "nDCG@100_ci95_high": 0.8434055400706412,
  "RR@1": 0.7021563342318059,
  "RR@3": 0.7647124887690929,
  "RR@5": 0.7751909254267755,
  "RR@10": 0.7815711504727684,
  "RR@100": 0.7846036728616134,
  "P@1": 0.7028301886792453,
  "P@3": 0.2931266846361143,
  "P@5": 0.18598382749325723,
  "P@10": 0.09885444743935069,
  "P@100": 0.0105323450134769,
  "R@1": 0.6806491464510331,
  "R@3": 0.8335017969451931,
  "R@5": 0.8808400718778077,
  "R@10": 0.9317160826594788,
  "R@100": 0.9903414195867025,
  "AP": 0.7798160670983159
}