{
  "nDCG@1": 0.5471698113207547,
  "nDCG@1_std": 0.49793783324544916,
  "nDCG@1_stderr": 0.012925822109573434,
  "nDCG@1_ci90_low": 0.5258954364258377,
  "nDCG@1_ci90_high": 0.5684441862156717,
  "nDCG@1_ci95_low": 0.52181497221007,
  "nDCG@1_ci95_high": 0.5725246504314394,
  "nDCG@3": 0.6369993625088859,
  "nDCG@3_std": 0.43501727776394494,
  "nDCG@3_stderr": 0.011292485871817488,
  "nDCG@3_ci90_low": 0.6184132659421796,
  "nDCG@3_ci90_high": 0.6555854590755922,
  "nDCG@3_ci95_low": 0.6148484184519077,
  "nDCG@3_ci95_high": 0.659150306565864,
  "nDCG@5": 0.6603876246161127,
  "nDCG@5_std": 0.41156291255377775,
  "nDCG@5_stderr": 0.010683640887246595,
  "nDCG@5_ci90_low": 0.6428036149066174,
  "nDCG@5_ci90_high": 0.6779716343256079,
  "nDCG@5_ci95_low": 0.6394309695178003,
  "nDCG@5_ci95_high": 0.681344279714425,
  "nDCG@10": 0.6848542681581851,
  "nDCG@10_std": 0.38163507903903593,
  "nDCG@10_stderr": 0.00990675303838576,
  "nDCG@10_ci90_low": 0.6685489239918068,
  "nDCG@10_ci90_high": 0.7011596123245634,
  "nDCG@10_ci95_low": 0.665421529004865,
  "nDCG@10_ci95_high": 0.7042870073115052,
  "nDCG@100": 0.7126611588204248,
  "nDCG@100_std": 0.33751579388740804,
  "nDCG@100_stderr": 0.008761473460502434,
  "nDCG@100_ci90_low": 0.6982408094259718,
  "nDCG@100_ci90_high": 0.7270815082148778,
  "nDCG@100_ci95_low": 0.6954749599016695,
  "nDCG@100_ci95_high": 0.7298473577391801,
  "RR@1": 0.5471698113207547,
  "RR@3": 0.6197214734950591,
  "RR@5": 0.6321203953279437,
  "RR@10": 0.641786997817996,
  "RR@100": 0.6470914651271876,
  "P@1": 0.5471698113207547,
  "P@3": 0.2455076370170689,
  "P@5": 0.15929919137466014,
  "P@10": 0.08787061994608975,
  "P@100": 0.01019541778975723,
  "R@1": 0.5318396226415094,
  "R@3": 0.7013140161725068,
  "R@5": 0.7578616352201257,
  "R@10": 0.8321540880503143,
  "R@100": 0.9604672057502246,
  "AP": 0.6414393582547816
}