{
  "nDCG@1": 0.6664420485175202,
  "nDCG@1_std": 0.47164281118876045,
  "nDCG@1_stderr": 0.012243237347421953,
  "nDCG@1_ci90_low": 0.6462911274350159,
  "nDCG@1_ci90_high": 0.6865929696000245,
  "nDCG@1_ci95_low": 0.6424261437258323,
  "nDCG@1_ci95_high": 0.6904579533092081,
  "nDCG@3": 0.7475964373783633,
  "nDCG@3_std": 0.38758583717273093,
  "nDCG@3_stderr": 0.01006122702272212,
  "nDCG@3_ci90_low": 0.7310368472981527,
  "nDCG@3_ci90_high": 0.764156027458574,
  "nDCG@3_ci95_low": 0.7278606874775309,
  "nDCG@3_ci95_high": 0.7673321872791958,
  "nDCG@5": 0.76854641148737,
  "nDCG@5_std": 0.3578154359727547,
  "nDCG@5_stderr": 0.009288425913126898,
  "nDCG@5_ci90_low": 0.7532587606606448,
  "nDCG@5_ci90_high": 0.7838340623140952,
  "nDCG@5_ci95_low": 0.7503265611271812,
  "nDCG@5_ci95_high": 0.7867662618475588,
  "nDCG@10": 0.7880365664909239,
  "nDCG@10_std": 0.3254440685527972,
  "nDCG@10_stderr": 0.008448107084596035,
  "nDCG@10_ci90_low": 0.7741319811000276,
  "nDCG@10_ci90_high": 0.8019411518818202,
  "nDCG@10_ci95_low": 0.7714650560597907,
  "nDCG@10_ci95_high": 0.8046080769220572,
  "nDCG@100": 0.8043747491098809,
  "nDCG@100_std": 0.2904098676584622,
  "nDCG@100_stderr": 0.0075386645432255935,
  "nDCG@100_ci90_low": 0.7919669986132364,
  "nDCG@100_ci90_high": 0.8167824996065255,
  "nDCG@100_ci95_low": 0.7895871692575062,
  "nDCG@100_ci95_high": 0.8191623289622557,
  "RR@1": 0.6664420485175202,
  "RR@3": 0.7325920934411505,
  "RR@5": 0.7436769991015287,
  "RR@10": 0.7511177426945629,
  "RR@100": 0.7544817387798476,
  "P@1": 0.6664420485175202,
  "P@3": 0.28234501347708507,
  "P@5": 0.1803234501347669,
  "P@10": 0.09683288409703278,
  "P@100": 0.010478436657681754,
  "R@1": 0.6470687331536388,
  "R@3": 0.8051999101527403,
  "R@5": 0.8555705300988319,
  "R@10": 0.913690476190476,
  "R@100": 0.9853998203054807,
  "AP": 0.7492461825301362
}