nDCG@1,nDCG@1_std,nDCG@1_stderr,nDCG@1_ci90_low,nDCG@1_ci90_high,nDCG@1_ci95_low,nDCG@1_ci95_high,nDCG@3,nDCG@3_std,nDCG@3_stderr,nDCG@3_ci90_low,nDCG@3_ci90_high,nDCG@3_ci95_low,nDCG@3_ci95_high,nDCG@5,nDCG@5_std,nDCG@5_stderr,nDCG@5_ci90_low,nDCG@5_ci90_high,nDCG@5_ci95_low,nDCG@5_ci95_high,nDCG@10,nDCG@10_std,nDCG@10_stderr,nDCG@10_ci90_low,nDCG@10_ci90_high,nDCG@10_ci95_low,nDCG@10_ci95_high,nDCG@100,nDCG@100_std,nDCG@100_stderr,nDCG@100_ci90_low,nDCG@100_ci90_high,nDCG@100_ci95_low,nDCG@100_ci95_high,RR@1,RR@3,RR@5,RR@10,RR@100,P@1,P@3,P@5,P@10,P@100,R@1,R@3,R@5,R@10,R@100,AP
0.717654986522911,0.4502920602789963,0.011688999469238098,0.6984162754570302,0.7368936975887919,0.6947262553060467,0.7405837177397754,0.79179576231012,0.36147940794994493,0.009383537886609495,0.7763515684207013,0.8072399561995388,0.7733893436400235,0.8102021809802166,0.8110110545822466,0.3297279127540916,0.00855931013926283,0.7969234421115725,0.8250986670529208,0.7942214121409564,0.8278006970235369,0.8282030600392678,0.2953805502893483,0.007667697035155784,0.8155829373171912,0.8408231827613444,0.813162374578197,0.8432437455003386,0.840081477357583,0.2662465944217794,0.006911417223200361,0.8287061017864888,0.8514568529286771,0.8265242838394027,0.8536386708757633,0.717654986522911,0.7775157232704404,0.7878593890386346,0.7946086296153682,0.7972295536610154,0.717654986522911,0.29716981132075027,0.1881401617250631,0.09986522911050968,0.010545822102425688,0.6951370170709793,0.843946540880503,0.8896001796945192,0.9408692722371967,0.9916891284815812,0.7931497324167425
