nDCG@1,nDCG@1_std,nDCG@1_stderr,nDCG@1_ci90_low,nDCG@1_ci90_high,nDCG@1_ci95_low,nDCG@1_ci95_high,nDCG@3,nDCG@3_std,nDCG@3_stderr,nDCG@3_ci90_low,nDCG@3_ci90_high,nDCG@3_ci95_low,nDCG@3_ci95_high,nDCG@5,nDCG@5_std,nDCG@5_stderr,nDCG@5_ci90_low,nDCG@5_ci90_high,nDCG@5_ci95_low,nDCG@5_ci95_high,nDCG@10,nDCG@10_std,nDCG@10_stderr,nDCG@10_ci90_low,nDCG@10_ci90_high,nDCG@10_ci95_low,nDCG@10_ci95_high,nDCG@100,nDCG@100_std,nDCG@100_stderr,nDCG@100_ci90_low,nDCG@100_ci90_high,nDCG@100_ci95_low,nDCG@100_ci95_high,RR@1,RR@3,RR@5,RR@10,RR@100,P@1,P@3,P@5,P@10,P@100,R@1,R@3,R@5,R@10,R@100,AP
0.6664420485175202,0.47164281118876045,0.012243237347421953,0.6462911274350159,0.6865929696000245,0.6424261437258323,0.6904579533092081,0.7475964373783633,0.38758583717273093,0.01006122702272212,0.7310368472981527,0.764156027458574,0.7278606874775309,0.7673321872791958,0.76854641148737,0.3578154359727547,0.009288425913126898,0.7532587606606448,0.7838340623140952,0.7503265611271812,0.7867662618475588,0.7880365664909239,0.3254440685527972,0.008448107084596035,0.7741319811000276,0.8019411518818202,0.7714650560597907,0.8046080769220572,0.8043747491098809,0.2904098676584622,0.0075386645432255935,0.7919669986132364,0.8167824996065255,0.7895871692575062,0.8191623289622557,0.6664420485175202,0.7325920934411505,0.7436769991015287,0.7511177426945629,0.7544817387798476,0.6664420485175202,0.28234501347708507,0.1803234501347669,0.09683288409703278,0.010478436657681754,0.6470687331536388,0.8051999101527403,0.8555705300988319,0.913690476190476,0.9853998203054807,0.7492461825301362
