nDCG@1,nDCG@1_std,nDCG@1_stderr,nDCG@1_ci90_low,nDCG@1_ci90_high,nDCG@1_ci95_low,nDCG@1_ci95_high,nDCG@3,nDCG@3_std,nDCG@3_stderr,nDCG@3_ci90_low,nDCG@3_ci90_high,nDCG@3_ci95_low,nDCG@3_ci95_high,nDCG@5,nDCG@5_std,nDCG@5_stderr,nDCG@5_ci90_low,nDCG@5_ci90_high,nDCG@5_ci95_low,nDCG@5_ci95_high,nDCG@10,nDCG@10_std,nDCG@10_stderr,nDCG@10_ci90_low,nDCG@10_ci90_high,nDCG@10_ci95_low,nDCG@10_ci95_high,nDCG@100,nDCG@100_std,nDCG@100_stderr,nDCG@100_ci90_low,nDCG@100_ci90_high,nDCG@100_ci95_low,nDCG@100_ci95_high,RR@1,RR@3,RR@5,RR@10,RR@100,P@1,P@3,P@5,P@10,P@100,R@1,R@3,R@5,R@10,R@100,AP
0.17048517520215634,0.3761852482226634,0.009765282479298962,0.15441267484912258,0.1865576755551901,0.15132993973364156,0.1896404106706711,0.2591501512654395,0.3898071757129186,0.010118890098107382,0.2424956545809958,0.2758046479498832,0.23930129149920523,0.2789990110316738,0.2910837087054063,0.38425463222616646,0.009974753250947887,0.27466644422922354,0.30750097318158903,0.2715175827211064,0.3106498346897062,0.32513275652973783,0.37123161096084983,0.009636692463103115,0.30927190013939393,0.34099361292008173,0.30622975872504415,0.3440357543344315,0.39034633707255645,0.3266268563959196,0.008478810727165066,0.37639121711626716,0.40430145702884573,0.373714599453485,0.4069780746916279,0.17048517520215634,0.24101527403414175,0.2588387241689124,0.273234073503615,0.28512031075357547,0.17048517520215634,0.11141060197663995,0.0826145552560655,0.05229110512129372,0.008611859838274782,0.16492587601078168,0.3226078167115903,0.39942722371967654,0.5028638814016172,0.8173854447439353,0.27953975616450377
