nDCG@1,nDCG@1_std,nDCG@1_stderr,nDCG@1_ci90_low,nDCG@1_ci90_high,nDCG@1_ci95_low,nDCG@1_ci95_high,nDCG@3,nDCG@3_std,nDCG@3_stderr,nDCG@3_ci90_low,nDCG@3_ci90_high,nDCG@3_ci95_low,nDCG@3_ci95_high,nDCG@5,nDCG@5_std,nDCG@5_stderr,nDCG@5_ci90_low,nDCG@5_ci90_high,nDCG@5_ci95_low,nDCG@5_ci95_high,nDCG@10,nDCG@10_std,nDCG@10_stderr,nDCG@10_ci90_low,nDCG@10_ci90_high,nDCG@10_ci95_low,nDCG@10_ci95_high,nDCG@100,nDCG@100_std,nDCG@100_stderr,nDCG@100_ci90_low,nDCG@100_ci90_high,nDCG@100_ci95_low,nDCG@100_ci95_high,RR@1,RR@3,RR@5,RR@10,RR@100,P@1,P@3,P@5,P@10,P@100,R@1,R@3,R@5,R@10,R@100,AP
0.158355795148248,0.3651973557656661,0.009480051003047064,0.1427527520804974,0.17395883821599858,0.1397600597353864,0.17695153056110957,0.2423358990362011,0.3808745857350297,0.009887011615849062,0.2260630469171715,0.2586087511552307,0.2229418839646447,0.2617299141077575,0.2720134236072221,0.3768360256607318,0.009782175819864328,0.25591311881301865,0.2881137284014255,0.2528250507546055,0.2912017964598387,0.3025333451026472,0.36681987546707345,0.009522169515900318,0.2868609799426644,0.31820571026262995,0.28385499149282123,0.3212116987124731,0.36903069584854725,0.3248846640610129,0.008433585667532842,0.3551500109931827,0.3829113807039118,0.35248767011959975,0.38557372157749475,0.158355795148248,0.22405660377358483,0.24110512129380002,0.2537957793180162,0.2659342819381452,0.158355795148248,0.10512129380053914,0.07789757412398995,0.04878706199460928,0.00832884097035026,0.15324573225516622,0.30475067385444743,0.3761792452830189,0.4688342318059299,0.789588948787062,0.26086610078143874
