{
  "nDCG@1": 0.14150943396226415,
  "nDCG@1_std": 0.34866378094505684,
  "nDCG@1_stderr": 0.009050860785518094,
  "nDCG@1_ci90_low": 0.12661278724683375,
  "nDCG@1_ci90_high": 0.15640608067769454,
  "nDCG@1_ci95_low": 0.12375558302074055,
  "nDCG@1_ci95_high": 0.15926328490378774,
  "nDCG@3": 0.2160953119206796,
  "nDCG@3_std": 0.3692883250623239,
  "nDCG@3_stderr": 0.009586247274657258,
  "nDCG@3_ci90_low": 0.2003174823460805,
  "nDCG@3_ci90_high": 0.2318731414952787,
  "nDCG@3_ci95_low": 0.19729126562762753,
  "nDCG@3_ci95_high": 0.23489935821373167,
  "nDCG@5": 0.24374068093765183,
  "nDCG@5_std": 0.3669977825198122,
  "nDCG@5_stderr": 0.00952678775288133,
  "nDCG@5_ci90_low": 0.22806071470564018,
  "nDCG@5_ci90_high": 0.2594206471696635,
  "nDCG@5_ci95_low": 0.22505326835620798,
  "nDCG@5_ci95_high": 0.2624280935190957,
  "nDCG@10": 0.27595130010717406,
  "nDCG@10_std": 0.3589409377900553,
  "nDCG@10_stderr": 0.00931764248456034,
  "nDCG@10_ci90_low": 0.26061556225831983,
  "nDCG@10_ci90_high": 0.2912870379560283,
  "nDCG@10_ci95_low": 0.25767413954560847,
  "nDCG@10_ci95_high": 0.29422846066873964,
  "nDCG@100": 0.3376243377804499,
  "nDCG@100_std": 0.32384106368020515,
  "nDCG@100_stderr": 0.008406495151458008,
  "nDCG@100_ci90_low": 0.3237882407114704,
  "nDCG@100_ci90_high": 0.35146043484942946,
  "nDCG@100_ci95_low": 0.3211344518572865,
  "nDCG@100_ci95_high": 0.35411422370361334,
  "RR@1": 0.14150943396226415,
  "RR@3": 0.19979784366576828,
  "RR@5": 0.2158692722371965,
  "RR@10": 0.22907601719933238,
  "RR@100": 0.2401694625049782,
  "P@1": 0.14150943396226415,
  "P@3": 0.09254267744833752,
  "P@5": 0.06967654986522973,
  "P@10": 0.0452156334231809,
  "P@100": 0.007729110512129249,
  "R@1": 0.13791554357592095,
  "R@3": 0.26999101527403413,
  "R@5": 0.3367587601078167,
  "R@10": 0.4344676549865229,
  "R@100": 0.7352875112309074,
  "AP": 0.23614112215129052
}