nDCG@1,nDCG@1_std,nDCG@1_stderr,nDCG@1_ci90_low,nDCG@1_ci90_high,nDCG@1_ci95_low,nDCG@1_ci95_high,nDCG@3,nDCG@3_std,nDCG@3_stderr,nDCG@3_ci90_low,nDCG@3_ci90_high,nDCG@3_ci95_low,nDCG@3_ci95_high,nDCG@5,nDCG@5_std,nDCG@5_stderr,nDCG@5_ci90_low,nDCG@5_ci90_high,nDCG@5_ci95_low,nDCG@5_ci95_high,nDCG@10,nDCG@10_std,nDCG@10_stderr,nDCG@10_ci90_low,nDCG@10_ci90_high,nDCG@10_ci95_low,nDCG@10_ci95_high,nDCG@100,nDCG@100_std,nDCG@100_stderr,nDCG@100_ci90_low,nDCG@100_ci90_high,nDCG@100_ci95_low,nDCG@100_ci95_high,RR@1,RR@3,RR@5,RR@10,RR@100,P@1,P@3,P@5,P@10,P@100,R@1,R@3,R@5,R@10,R@100,AP
0.1293800539083558,0.3357332427433082,0.00871520073838434,0.11503586394340784,0.14372424387330376,0.11228462193769656,0.14647548587901504,0.20049461363650875,0.3582234616919627,0.009299017733049954,0.18518952992652457,0.21579969734649293,0.18225398673400323,0.21873524053901428,0.22489986052471625,0.35750591939945814,0.009280391263218253,0.20962543378175585,0.24017428726767664,0.20669577065186961,0.24310395039756288,0.25608004361750414,0.35094348396463954,0.009110038927298813,0.24108599667768915,0.2710740905573191,0.23821011090949792,0.2739499763255104,0.3177349186277464,0.31874791294923505,0.008274283546052011,0.3041164262290944,0.33135341102639837,0.3015043743507249,0.33396546290476786,0.1293800539083558,0.18486073674752934,0.19884321653189568,0.21166062336884423,0.22295845223491453,0.1293800539083558,0.0869272237196761,0.0644204851752027,0.04225067385444785,0.007419137466307152,0.12578616352201258,0.2531446540880503,0.31176999101527403,0.40695193171608274,0.7069856244384545,0.21890802999641185
