{
  "nDCG@1": 0.1293800539083558,
  "nDCG@1_std": 0.3357332427433082,
  "nDCG@1_stderr": 0.00871520073838434,
  "nDCG@1_ci90_low": 0.11503586394340784,
  "nDCG@1_ci90_high": 0.14372424387330376,
  "nDCG@1_ci95_low": 0.11228462193769656,
  "nDCG@1_ci95_high": 0.14647548587901504,
  "nDCG@3": 0.20049461363650875,
  "nDCG@3_std": 0.3582234616919627,
  "nDCG@3_stderr": 0.009299017733049954,
  "nDCG@3_ci90_low": 0.18518952992652457,
  "nDCG@3_ci90_high": 0.21579969734649293,
  "nDCG@3_ci95_low": 0.18225398673400323,
  "nDCG@3_ci95_high": 0.21873524053901428,
  "nDCG@5": 0.22489986052471625,
  "nDCG@5_std": 0.35750591939945814,
  "nDCG@5_stderr": 0.009280391263218253,
  "nDCG@5_ci90_low": 0.20962543378175585,
  "nDCG@5_ci90_high": 0.24017428726767664,
  "nDCG@5_ci95_low": 0.20669577065186961,
  "nDCG@5_ci95_high": 0.24310395039756288,
  "nDCG@10": 0.25608004361750414,
  "nDCG@10_std": 0.35094348396463954,
  "nDCG@10_stderr": 0.009110038927298813,
  "nDCG@10_ci90_low": 0.24108599667768915,
  "nDCG@10_ci90_high": 0.2710740905573191,
  "nDCG@10_ci95_low": 0.23821011090949792,
  "nDCG@10_ci95_high": 0.2739499763255104,
  "nDCG@100": 0.3177349186277464,
  "nDCG@100_std": 0.31874791294923505,
  "nDCG@100_stderr": 0.008274283546052011,
  "nDCG@100_ci90_low": 0.3041164262290944,
  "nDCG@100_ci90_high": 0.33135341102639837,
  "nDCG@100_ci95_low": 0.3015043743507249,
  "nDCG@100_ci95_high": 0.33396546290476786,
  "RR@1": 0.1293800539083558,
  "RR@3": 0.18486073674752934,
  "RR@5": 0.19884321653189568,
  "RR@10": 0.21166062336884423,
  "RR@100": 0.22295845223491453,
  "P@1": 0.1293800539083558,
  "P@3": 0.0869272237196761,
  "P@5": 0.0644204851752027,
  "P@10": 0.04225067385444785,
  "P@100": 0.007419137466307152,
  "R@1": 0.12578616352201258,
  "R@3": 0.2531446540880503,
  "R@5": 0.31176999101527403,
  "R@10": 0.40695193171608274,
  "R@100": 0.7069856244384545,
  "AP": 0.21890802999641185
}