nDCG@1,nDCG@1_std,nDCG@1_stderr,nDCG@1_ci90_low,nDCG@1_ci90_high,nDCG@1_ci95_low,nDCG@1_ci95_high,nDCG@3,nDCG@3_std,nDCG@3_stderr,nDCG@3_ci90_low,nDCG@3_ci90_high,nDCG@3_ci95_low,nDCG@3_ci95_high,nDCG@5,nDCG@5_std,nDCG@5_stderr,nDCG@5_ci90_low,nDCG@5_ci90_high,nDCG@5_ci95_low,nDCG@5_ci95_high,nDCG@10,nDCG@10_std,nDCG@10_stderr,nDCG@10_ci90_low,nDCG@10_ci90_high,nDCG@10_ci95_low,nDCG@10_ci95_high,nDCG@100,nDCG@100_std,nDCG@100_stderr,nDCG@100_ci90_low,nDCG@100_ci90_high,nDCG@100_ci95_low,nDCG@100_ci95_high,RR@1,RR@3,RR@5,RR@10,RR@100,P@1,P@3,P@5,P@10,P@100,R@1,R@3,R@5,R@10,R@100,AP
0.14150943396226415,0.34866378094505684,0.009050860785518094,0.12661278724683375,0.15640608067769454,0.12375558302074055,0.15926328490378774,0.2160953119206796,0.3692883250623239,0.009586247274657258,0.2003174823460805,0.2318731414952787,0.19729126562762753,0.23489935821373167,0.24374068093765183,0.3669977825198122,0.00952678775288133,0.22806071470564018,0.2594206471696635,0.22505326835620798,0.2624280935190957,0.27595130010717406,0.3589409377900553,0.00931764248456034,0.26061556225831983,0.2912870379560283,0.25767413954560847,0.29422846066873964,0.3376243377804499,0.32384106368020515,0.008406495151458008,0.3237882407114704,0.35146043484942946,0.3211344518572865,0.35411422370361334,0.14150943396226415,0.19979784366576828,0.2158692722371965,0.22907601719933238,0.2401694625049782,0.14150943396226415,0.09254267744833752,0.06967654986522973,0.0452156334231809,0.007729110512129249,0.13791554357592095,0.26999101527403413,0.3367587601078167,0.4344676549865229,0.7352875112309074,0.23614112215129052
