{
  "nDCG@1": 0.7998652291105122,
  "nDCG@1_std": 0.40023591580207357,
  "nDCG@1_stderr": 0.010389606702107517,
  "nDCG@1_ci90_low": 0.7827651649043313,
  "nDCG@1_ci90_high": 0.816965293316693,
  "nDCG@1_ci95_low": 0.7794853411527379,
  "nDCG@1_ci95_high": 0.8202451170682864,
  "nDCG@3": 0.8631083369283652,
  "nDCG@3_std": 0.29630547800514495,
  "nDCG@3_stderr": 0.007691706962340225,
  "nDCG@3_ci90_low": 0.8504486967049807,
  "nDCG@3_ci90_high": 0.8757679771517497,
  "nDCG@3_ci95_low": 0.8480205544365863,
  "nDCG@3_ci95_high": 0.8781961194201441,
  "nDCG@5": 0.8743367279841727,
  "nDCG@5_std": 0.2713153258846021,
  "nDCG@5_stderr": 0.007042994935989558,
  "nDCG@5_ci90_low": 0.8627447910550493,
  "nDCG@5_ci90_high": 0.8859286649132961,
  "nDCG@5_ci95_low": 0.8605214362413657,
  "nDCG@5_ci95_high": 0.8881520197269798,
  "nDCG@10": 0.8880606219056678,
  "nDCG@10_std": 0.2360720797253885,
  "nDCG@10_stderr": 0.006128125849925658,
  "nDCG@10_ci90_low": 0.8779744513217488,
  "nDCG@10_ci90_high": 0.8981467924895868,
  "nDCG@10_ci95_low": 0.8760399052612841,
  "nDCG@10_ci95_high": 0.9000813385500516,
  "nDCG@100": 0.8937275633541928,
  "nDCG@100_std": 0.2184485349862118,
  "nDCG@100_stderr": 0.005670641423096783,
  "nDCG@100_ci90_low": 0.8843943580457075,
  "nDCG@100_ci90_high": 0.903060768662678,
  "nDCG@100_ci95_low": 0.8826042321093264,
  "nDCG@100_ci95_high": 0.9048508945990592,
  "RR@1": 0.7998652291105122,
  "RR@3": 0.8526504941599282,
  "RR@5": 0.8586141060197668,
  "RR@10": 0.863720960082146,
  "RR@100": 0.8647875415651404,
  "P@1": 0.7998652291105122,
  "P@3": 0.3180592991913685,
  "P@5": 0.19703504043126188,
  "P@10": 0.1032345013477062,
  "P@100": 0.01061320754716962,
  "R@1": 0.7774595687331537,
  "R@3": 0.9071765498652291,
  "R@5": 0.9340745732255167,
  "R@10": 0.9735512129380055,
  "R@100": 0.9973045822102425,
  "AP": 0.8595271002816688
}