nDCG@1,nDCG@1_std,nDCG@1_stderr,nDCG@1_ci90_low,nDCG@1_ci90_high,nDCG@1_ci95_low,nDCG@1_ci95_high,nDCG@3,nDCG@3_std,nDCG@3_stderr,nDCG@3_ci90_low,nDCG@3_ci90_high,nDCG@3_ci95_low,nDCG@3_ci95_high,nDCG@5,nDCG@5_std,nDCG@5_stderr,nDCG@5_ci90_low,nDCG@5_ci90_high,nDCG@5_ci95_low,nDCG@5_ci95_high,nDCG@10,nDCG@10_std,nDCG@10_stderr,nDCG@10_ci90_low,nDCG@10_ci90_high,nDCG@10_ci95_low,nDCG@10_ci95_high,nDCG@100,nDCG@100_std,nDCG@100_stderr,nDCG@100_ci90_low,nDCG@100_ci90_high,nDCG@100_ci95_low,nDCG@100_ci95_high,RR@1,RR@3,RR@5,RR@10,RR@100,P@1,P@3,P@5,P@10,P@100,R@1,R@3,R@5,R@10,R@100,AP
0.7917789757412399,0.4061726224907171,0.010543715929104726,0.7744252659686794,0.8091326855138004,0.7710967925311512,0.8124611589513286,0.8554191195562139,0.30655369525660253,0.007957737426965124,0.8423216246424334,0.8685166144699943,0.8398095010394668,0.8710287380729609,0.8703589925538717,0.27466739270615764,0.007130010255055446,0.8586238386979087,0.8820941464098347,0.8563730146143664,0.884344970493377,0.8832155649673282,0.2421032187215919,0.006284686417486728,0.8728717142002982,0.8935594157343583,0.8708877446069921,0.8955433853276643,0.8895324917153289,0.2228572445140299,0.005785085820137142,0.8800109244607625,0.8990540589698953,0.8781846703568372,0.9008803130738205,0.7917789757412399,0.8453504043126686,0.8532345013477094,0.8579437278055879,0.859179988290091,0.7917789757412399,0.3146900269541719,0.19703504043126194,0.1029649595687305,0.01061320754716962,0.7697102425876011,0.8975179694519316,0.9329514824797845,0.970406558849955,0.9973045822102425,0.8543849889446334
