{
  "nDCG@1": 0.7722371967654986,
  "nDCG@1_std": 0.41953010713593036,
  "nDCG@1_stderr": 0.010890458953690844,
  "nDCG@1_ci90_low": 0.7543127889719761,
  "nDCG@1_ci90_high": 0.7901616045590212,
  "nDCG@1_ci95_low": 0.7508748546048529,
  "nDCG@1_ci95_high": 0.7935995389261443,
  "nDCG@3": 0.8372453542856356,
  "nDCG@3_std": 0.32313197202277427,
  "nDCG@3_stderr": 0.008388088049182618,
  "nDCG@3_ci90_low": 0.8234395531306193,
  "nDCG@3_ci90_high": 0.8510511554406519,
  "nDCG@3_ci95_low": 0.8207915750884298,
  "nDCG@3_ci95_high": 0.8536991334828414,
  "nDCG@5": 0.8536697572796365,
  "nDCG@5_std": 0.29118611441018455,
  "nDCG@5_stderr": 0.007558814904889217,
  "nDCG@5_ci90_low": 0.8412288416701916,
  "nDCG@5_ci90_high": 0.8661106728890813,
  "nDCG@5_ci95_low": 0.8388426511848555,
  "nDCG@5_ci95_high": 0.8684968633744174,
  "nDCG@10": 0.8660479938496671,
  "nDCG@10_std": 0.26214901127076784,
  "nDCG@10_stderr": 0.006805049264485618,
  "nDCG@10_ci90_low": 0.8548476873620959,
  "nDCG@10_ci90_high": 0.8772483003372383,
  "nDCG@10_ci95_low": 0.8526994479870775,
  "nDCG@10_ci95_high": 0.8793965397122567,
  "nDCG@100": 0.8746233770532015,
  "nDCG@100_std": 0.23854929727193344,
  "nDCG@100_stderr": 0.006192431213357583,
  "nDCG@100_ci90_low": 0.8644313674442821,
  "nDCG@100_ci90_high": 0.8848153866621209,
  "nDCG@100_ci95_low": 0.8624765212642473,
  "nDCG@100_ci95_high": 0.8867702328421556,
  "RR@1": 0.7722371967654986,
  "RR@3": 0.8269317160826594,
  "RR@5": 0.8354559748427672,
  "RR@10": 0.8400226757369611,
  "RR@100": 0.8418386138059102,
  "P@1": 0.7722371967654986,
  "P@3": 0.309523809523804,
  "P@5": 0.19460916442048043,
  "P@10": 0.10161725067385183,
  "P@100": 0.01057277628032326,
  "R@1": 0.748989218328841,
  "R@3": 0.8829177897574124,
  "R@5": 0.9218890386343216,
  "R@10": 0.9587264150943394,
  "R@100": 0.9939353099730458,
  "AP": 0.8360864393970331
}