{
  "nDCG@1": 0.7998652291105122,
  "nDCG@1_std": 0.40023591580207357,
  "nDCG@1_stderr": 0.010389606702107517,
  "nDCG@1_ci90_low": 0.7827651649043313,
  "nDCG@1_ci90_high": 0.816965293316693,
  "nDCG@1_ci95_low": 0.7794853411527379,
  "nDCG@1_ci95_high": 0.8202451170682864,
  "nDCG@3": 0.8609841858206457,
  "nDCG@3_std": 0.30049197738530836,
  "nDCG@3_stderr": 0.007800383071357949,
  "nDCG@3_ci90_low": 0.8481456775712459,
  "nDCG@3_ci90_high": 0.8738226940700455,
  "nDCG@3_ci95_low": 0.84568322808663,
  "nDCG@3_ci95_high": 0.8762851435546615,
  "nDCG@5": 0.8738107614552533,
  "nDCG@5_std": 0.2722189081030124,
  "nDCG@5_stderr": 0.007066450761670487,
  "nDCG@5_ci90_low": 0.862180219010382,
  "nDCG@5_ci90_high": 0.8854413039001245,
  "nDCG@5_ci95_low": 0.8599494595878053,
  "nDCG@5_ci95_high": 0.8876720633227012,
  "nDCG@10": 0.8873149493095079,
  "nDCG@10_std": 0.23765137870794156,
  "nDCG@10_stderr": 0.006169122408819886,
  "nDCG@10_ci90_low": 0.8771613032369179,
  "nDCG@10_ci90_high": 0.897468595382098,
  "nDCG@10_ci95_low": 0.8752138152536788,
  "nDCG@10_ci95_high": 0.8994160833653371,
  "nDCG@100": 0.8928877387481534,
  "nDCG@100_std": 0.22017336827451442,
  "nDCG@100_stderr": 0.005715415864331659,
  "nDCG@100_ci90_low": 0.8834808400033461,
  "nDCG@100_ci90_high": 0.9022946374929607,
  "nDCG@100_ci95_low": 0.8816765795304,
  "nDCG@100_ci95_high": 0.9040988979659068,
  "RR@1": 0.7998652291105122,
  "RR@3": 0.8508535489667567,
  "RR@5": 0.8576594788858944,
  "RR@10": 0.8625631070038079,
  "RR@100": 0.8636975975207325,
  "P@1": 0.7998652291105122,
  "P@3": 0.31693620844563636,
  "P@5": 0.19703504043126188,
  "P@10": 0.10330188679245014,
  "P@100": 0.01061320754716962,
  "R@1": 0.7777964959568733,
  "R@3": 0.9039757412398922,
  "R@5": 0.9346922731356693,
  "R@10": 0.9737758310871518,
  "R@100": 0.9973045822102425,
  "AP": 0.8585758932214732
}