nDCG@1,nDCG@1_std,nDCG@1_stderr,nDCG@1_ci90_low,nDCG@1_ci90_high,nDCG@1_ci95_low,nDCG@1_ci95_high,nDCG@3,nDCG@3_std,nDCG@3_stderr,nDCG@3_ci90_low,nDCG@3_ci90_high,nDCG@3_ci95_low,nDCG@3_ci95_high,nDCG@5,nDCG@5_std,nDCG@5_stderr,nDCG@5_ci90_low,nDCG@5_ci90_high,nDCG@5_ci95_low,nDCG@5_ci95_high,nDCG@10,nDCG@10_std,nDCG@10_stderr,nDCG@10_ci90_low,nDCG@10_ci90_high,nDCG@10_ci95_low,nDCG@10_ci95_high,nDCG@100,nDCG@100_std,nDCG@100_stderr,nDCG@100_ci90_low,nDCG@100_ci90_high,nDCG@100_ci95_low,nDCG@100_ci95_high,RR@1,RR@3,RR@5,RR@10,RR@100,P@1,P@3,P@5,P@10,P@100,R@1,R@3,R@5,R@10,R@100,AP
0.7857142857142857,0.4104642232010972,0.010655120332714981,0.7681772174653934,0.803251353963178,0.7648135755350173,0.8066149958935541,0.8511830308015353,0.3104454880964916,0.008058763335375904,0.8379192591874096,0.8644468024156611,0.8353752434076328,0.8669908181954379,0.8664694742622862,0.27774397267293005,0.007209874291690668,0.8546028736448255,0.8783360748797469,0.8523268378307756,0.8806121106937967,0.8797874162706428,0.2446745701772909,0.006351435375445852,0.8693337046109415,0.8902411279303442,0.8673286634964523,0.8922461690448333,0.8862531138431355,0.2254542328906979,0.005852500279405381,0.8766205903594292,0.8958856373268419,0.8747730546467726,0.8977331730394985,0.7857142857142857,0.8408580413297395,0.8490790655885,0.8538725238523083,0.8551269924028236,0.7857142857142857,0.3135669362084397,0.1963611859838226,0.10283018867924264,0.01061320754716962,0.7636455525606469,0.8940363881401617,0.9305368373764601,0.9697327044025157,0.9973045822102425,0.8501163622590427
