{
  "nDCG@1": 0.7884097035040432,
  "nDCG@1_std": 0.40857353196014556,
  "nDCG@1_stderr": 0.010606040433552904,
  "nDCG@1_ci90_low": 0.7709534149661609,
  "nDCG@1_ci90_high": 0.8058659920419254,
  "nDCG@1_ci95_low": 0.7676052667328624,
  "nDCG@1_ci95_high": 0.8092141402752239,
  "nDCG@3": 0.8516028836632521,
  "nDCG@3_std": 0.31015565935608863,
  "nDCG@3_stderr": 0.008051239756144591,
  "nDCG@3_ci90_low": 0.8383514949709833,
  "nDCG@3_ci90_high": 0.8648542723555209,
  "nDCG@3_ci95_low": 0.8358098542583834,
  "nDCG@3_ci95_high": 0.8673959130681208,
  "nDCG@5": 0.8670555887596886,
  "nDCG@5_std": 0.2770948750335965,
  "nDCG@5_stderr": 0.007193024556527776,
  "nDCG@5_ci90_low": 0.8552167208140607,
  "nDCG@5_ci90_high": 0.8788944567053164,
  "nDCG@5_ci95_low": 0.8529460041774523,
  "nDCG@5_ci95_high": 0.8811651733419249,
  "nDCG@10": 0.8792187163359277,
  "nDCG@10_std": 0.24672140670228393,
  "nDCG@10_stderr": 0.006404568604220609,
  "nDCG@10_ci90_low": 0.8686775536639234,
  "nDCG@10_ci90_high": 0.8897598790079321,
  "nDCG@10_ci95_low": 0.866655739284504,
  "nDCG@10_ci95_high": 0.8917816933873515,
  "nDCG@100": 0.8860106859647623,
  "nDCG@100_std": 0.22683968496415358,
  "nDCG@100_stderr": 0.005888464823264413,
  "nDCG@100_ci90_low": 0.8763189690941676,
  "nDCG@100_ci90_high": 0.895702402835357,
  "nDCG@100_ci95_low": 0.8744600799810843,
  "nDCG@100_ci95_high": 0.8975612919484403,
  "RR@1": 0.7884097035040432,
  "RR@3": 0.8414195867026056,
  "RR@5": 0.8496069182389939,
  "RR@10": 0.8541450070594275,
  "RR@100": 0.8555330837150957,
  "P@1": 0.7884097035040432,
  "P@3": 0.3140161725067327,
  "P@5": 0.19676549865228624,
  "P@10": 0.1026280323450108,
  "P@100": 0.010599730458220833,
  "R@1": 0.7651617250673854,
  "R@3": 0.8950471698113207,
  "R@5": 0.9323337825696316,
  "R@10": 0.9680480682839173,
  "R@100": 0.9959568733153639,
  "AP": 0.850051932674609
}