nDCG@1,nDCG@1_std,nDCG@1_stderr,nDCG@1_ci90_low,nDCG@1_ci90_high,nDCG@1_ci95_low,nDCG@1_ci95_high,nDCG@3,nDCG@3_std,nDCG@3_stderr,nDCG@3_ci90_low,nDCG@3_ci90_high,nDCG@3_ci95_low,nDCG@3_ci95_high,nDCG@5,nDCG@5_std,nDCG@5_stderr,nDCG@5_ci90_low,nDCG@5_ci90_high,nDCG@5_ci95_low,nDCG@5_ci95_high,nDCG@10,nDCG@10_std,nDCG@10_stderr,nDCG@10_ci90_low,nDCG@10_ci90_high,nDCG@10_ci95_low,nDCG@10_ci95_high,nDCG@100,nDCG@100_std,nDCG@100_stderr,nDCG@100_ci90_low,nDCG@100_ci90_high,nDCG@100_ci95_low,nDCG@100_ci95_high,RR@1,RR@3,RR@5,RR@10,RR@100,P@1,P@3,P@5,P@10,P@100,R@1,R@3,R@5,R@10,R@100,AP
0.7722371967654986,0.41953010713593036,0.010890458953690844,0.7543127889719761,0.7901616045590212,0.7508748546048529,0.7935995389261443,0.8372453542856356,0.32313197202277427,0.008388088049182618,0.8234395531306193,0.8510511554406519,0.8207915750884298,0.8536991334828414,0.8536697572796365,0.29118611441018455,0.007558814904889217,0.8412288416701916,0.8661106728890813,0.8388426511848555,0.8684968633744174,0.8660479938496671,0.26214901127076784,0.006805049264485618,0.8548476873620959,0.8772483003372383,0.8526994479870775,0.8793965397122567,0.8746233770532015,0.23854929727193344,0.006192431213357583,0.8644313674442821,0.8848153866621209,0.8624765212642473,0.8867702328421556,0.7722371967654986,0.8269317160826594,0.8354559748427672,0.8400226757369611,0.8418386138059102,0.7722371967654986,0.309523809523804,0.19460916442048043,0.10161725067385183,0.01057277628032326,0.748989218328841,0.8829177897574124,0.9218890386343216,0.9587264150943394,0.9939353099730458,0.8360864393970331
