nDCG@1,nDCG@1_std,nDCG@1_stderr,nDCG@1_ci90_low,nDCG@1_ci90_high,nDCG@1_ci95_low,nDCG@1_ci95_high,nDCG@3,nDCG@3_std,nDCG@3_stderr,nDCG@3_ci90_low,nDCG@3_ci90_high,nDCG@3_ci95_low,nDCG@3_ci95_high,nDCG@5,nDCG@5_std,nDCG@5_stderr,nDCG@5_ci90_low,nDCG@5_ci90_high,nDCG@5_ci95_low,nDCG@5_ci95_high,nDCG@10,nDCG@10_std,nDCG@10_stderr,nDCG@10_ci90_low,nDCG@10_ci90_high,nDCG@10_ci95_low,nDCG@10_ci95_high,nDCG@100,nDCG@100_std,nDCG@100_stderr,nDCG@100_ci90_low,nDCG@100_ci90_high,nDCG@100_ci95_low,nDCG@100_ci95_high,RR@1,RR@3,RR@5,RR@10,RR@100,P@1,P@3,P@5,P@10,P@100,R@1,R@3,R@5,R@10,R@100,AP
0.7998652291105122,0.40023591580207357,0.010389606702107517,0.7827651649043313,0.816965293316693,0.7794853411527379,0.8202451170682864,0.8609841858206457,0.30049197738530836,0.007800383071357949,0.8481456775712459,0.8738226940700455,0.84568322808663,0.8762851435546615,0.8738107614552533,0.2722189081030124,0.007066450761670487,0.862180219010382,0.8854413039001245,0.8599494595878053,0.8876720633227012,0.8873149493095079,0.23765137870794156,0.006169122408819886,0.8771613032369179,0.897468595382098,0.8752138152536788,0.8994160833653371,0.8928877387481534,0.22017336827451442,0.005715415864331659,0.8834808400033461,0.9022946374929607,0.8816765795304,0.9040988979659068,0.7998652291105122,0.8508535489667567,0.8576594788858944,0.8625631070038079,0.8636975975207325,0.7998652291105122,0.31693620844563636,0.19703504043126188,0.10330188679245014,0.01061320754716962,0.7777964959568733,0.9039757412398922,0.9346922731356693,0.9737758310871518,0.9973045822102425,0.8585758932214732
