nDCG@1,nDCG@1_std,nDCG@1_stderr,nDCG@1_ci90_low,nDCG@1_ci90_high,nDCG@1_ci95_low,nDCG@1_ci95_high,nDCG@3,nDCG@3_std,nDCG@3_stderr,nDCG@3_ci90_low,nDCG@3_ci90_high,nDCG@3_ci95_low,nDCG@3_ci95_high,nDCG@5,nDCG@5_std,nDCG@5_stderr,nDCG@5_ci90_low,nDCG@5_ci90_high,nDCG@5_ci95_low,nDCG@5_ci95_high,nDCG@10,nDCG@10_std,nDCG@10_stderr,nDCG@10_ci90_low,nDCG@10_ci90_high,nDCG@10_ci95_low,nDCG@10_ci95_high,nDCG@100,nDCG@100_std,nDCG@100_stderr,nDCG@100_ci90_low,nDCG@100_ci90_high,nDCG@100_ci95_low,nDCG@100_ci95_high,RR@1,RR@3,RR@5,RR@10,RR@100,P@1,P@3,P@5,P@10,P@100,R@1,R@3,R@5,R@10,R@100,AP
0.7998652291105122,0.40023591580207357,0.010389606702107517,0.7827651649043313,0.816965293316693,0.7794853411527379,0.8202451170682864,0.8631083369283652,0.29630547800514495,0.007691706962340225,0.8504486967049807,0.8757679771517497,0.8480205544365863,0.8781961194201441,0.8743367279841727,0.2713153258846021,0.007042994935989558,0.8627447910550493,0.8859286649132961,0.8605214362413657,0.8881520197269798,0.8880606219056678,0.2360720797253885,0.006128125849925658,0.8779744513217488,0.8981467924895868,0.8760399052612841,0.9000813385500516,0.8937275633541928,0.2184485349862118,0.005670641423096783,0.8843943580457075,0.903060768662678,0.8826042321093264,0.9048508945990592,0.7998652291105122,0.8526504941599282,0.8586141060197668,0.863720960082146,0.8647875415651404,0.7998652291105122,0.3180592991913685,0.19703504043126188,0.1032345013477062,0.01061320754716962,0.7774595687331537,0.9071765498652291,0.9340745732255167,0.9735512129380055,0.9973045822102425,0.8595271002816688
