nDCG@1,nDCG@1_std,nDCG@1_stderr,nDCG@1_ci90_low,nDCG@1_ci90_high,nDCG@1_ci95_low,nDCG@1_ci95_high,nDCG@3,nDCG@3_std,nDCG@3_stderr,nDCG@3_ci90_low,nDCG@3_ci90_high,nDCG@3_ci95_low,nDCG@3_ci95_high,nDCG@5,nDCG@5_std,nDCG@5_stderr,nDCG@5_ci90_low,nDCG@5_ci90_high,nDCG@5_ci95_low,nDCG@5_ci95_high,nDCG@10,nDCG@10_std,nDCG@10_stderr,nDCG@10_ci90_low,nDCG@10_ci90_high,nDCG@10_ci95_low,nDCG@10_ci95_high,nDCG@100,nDCG@100_std,nDCG@100_stderr,nDCG@100_ci90_low,nDCG@100_ci90_high,nDCG@100_ci95_low,nDCG@100_ci95_high,RR@1,RR@3,RR@5,RR@10,RR@100,P@1,P@3,P@5,P@10,P@100,R@1,R@3,R@5,R@10,R@100,AP
0.7884097035040432,0.40857353196014556,0.010606040433552904,0.7709534149661609,0.8058659920419254,0.7676052667328624,0.8092141402752239,0.8516028836632521,0.31015565935608863,0.008051239756144591,0.8383514949709833,0.8648542723555209,0.8358098542583834,0.8673959130681208,0.8670555887596886,0.2770948750335965,0.007193024556527776,0.8552167208140607,0.8788944567053164,0.8529460041774523,0.8811651733419249,0.8792187163359277,0.24672140670228393,0.006404568604220609,0.8686775536639234,0.8897598790079321,0.866655739284504,0.8917816933873515,0.8860106859647623,0.22683968496415358,0.005888464823264413,0.8763189690941676,0.895702402835357,0.8744600799810843,0.8975612919484403,0.7884097035040432,0.8414195867026056,0.8496069182389939,0.8541450070594275,0.8555330837150957,0.7884097035040432,0.3140161725067327,0.19676549865228624,0.1026280323450108,0.010599730458220833,0.7651617250673854,0.8950471698113207,0.9323337825696316,0.9680480682839173,0.9959568733153639,0.850051932674609
