nDCG@1,nDCG@1_std,nDCG@1_stderr,nDCG@1_ci90_low,nDCG@1_ci90_high,nDCG@1_ci95_low,nDCG@1_ci95_high,nDCG@3,nDCG@3_std,nDCG@3_stderr,nDCG@3_ci90_low,nDCG@3_ci90_high,nDCG@3_ci95_low,nDCG@3_ci95_high,nDCG@5,nDCG@5_std,nDCG@5_stderr,nDCG@5_ci90_low,nDCG@5_ci90_high,nDCG@5_ci95_low,nDCG@5_ci95_high,nDCG@10,nDCG@10_std,nDCG@10_stderr,nDCG@10_ci90_low,nDCG@10_ci90_high,nDCG@10_ci95_low,nDCG@10_ci95_high,nDCG@100,nDCG@100_std,nDCG@100_stderr,nDCG@100_ci90_low,nDCG@100_ci90_high,nDCG@100_ci95_low,nDCG@100_ci95_high,RR@1,RR@3,RR@5,RR@10,RR@100,P@1,P@3,P@5,P@10,P@100,R@1,R@3,R@5,R@10,R@100,AP
0.11994609164420485,0.3250080093284901,0.00843678755113963,0.10606013686700141,0.13383204642140828,0.10339678521272151,0.13649539807568817,0.18352803258132205,0.34815294932009433,0.009037600257252601,0.1686532111275449,0.19840285403509922,0.16580019302676047,0.20125587213588364,0.21111686667702395,0.3489417520228649,0.009058076555165353,0.19620834365791787,0.22602538969613004,0.1933488615349462,0.2288848718191017,0.24355112740604437,0.3430672372918611,0.008905581750948308,0.2288935928043046,0.25820866200778414,0.22608225072120225,0.2610200040908865,0.3079048032828887,0.31128510650840596,0.008080558743372103,0.29460515900420303,0.3212044475615744,0.2920542627814151,0.3237553437843623,0.11994609164420485,0.17026055705301,0.185691823899371,0.1989122063919905,0.21131415692876446,0.11994609164420485,0.07884097035040392,0.06105121293800588,0.04090296495956913,0.007365229110512005,0.11736298292902066,0.23006513926325248,0.29677672955974843,0.39594564240790653,0.701875561545373,0.20746292495975657
