{
  "nDCG@1": 0.09501347708894879,
  "nDCG@3": 0.14992806182496426,
  "nDCG@5": 0.1702397501039534,
  "nDCG@10": 0.1970968856687328,
  "nDCG@100": 0.25361393336534,
  "RR@1": 0.09433962264150944,
  "RR@3": 0.13724168912848164,
  "RR@5": 0.1487646001796945,
  "RR@10": 0.15971446754802543,
  "RR@100": 0.17028452476926229,
  "P@1": 0.09501347708894879,
  "P@3": 0.06446540880503125,
  "P@5": 0.048921832884097356,
  "P@10": 0.033018867924528586,
  "P@100": 0.006192722371967554,
  "R@1": 0.09276729559748428,
  "R@3": 0.19013926325247082,
  "R@5": 0.23966756513926327,
  "R@10": 0.322214734950584,
  "R@100": 0.5949573225516622,
  "AP": 0.16804665569146587
}