{
  "nDCG@1": 0.09501347708894879,
  "nDCG@1_std": 0.29333240073899597,
  "nDCG@1_stderr": 0.007614529721940989,
  "nDCG@1_ci90_low": 0.08248086147813358,
  "nDCG@1_ci90_high": 0.107546092699764,
  "nDCG@1_ci95_low": 0.08007708276395277,
  "nDCG@1_ci95_high": 0.10994987141394481,
  "nDCG@3": 0.14992806182496426,
  "nDCG@3_std": 0.3209476095608821,
  "nDCG@3_stderr": 0.008331384824964405,
  "nDCG@3_ci90_low": 0.13621558747264903,
  "nDCG@3_ci90_high": 0.1636405361772795,
  "nDCG@3_ci95_low": 0.13358550968279,
  "nDCG@3_ci95_high": 0.16627061396713852,
  "nDCG@5": 0.1702397501039534,
  "nDCG@5_std": 0.32383936507351746,
  "nDCG@5_stderr": 0.008406451057825401,
  "nDCG@5_ci90_low": 0.1564037256078797,
  "nDCG@5_ci90_high": 0.18407577460002708,
  "nDCG@5_ci95_low": 0.15374995067331257,
  "nDCG@5_ci95_high": 0.18672954953459422,
  "nDCG@10": 0.1970968856687328,
  "nDCG@10_std": 0.32219428700780084,
  "nDCG@10_stderr": 0.008363746959012062,
  "nDCG@10_ci90_low": 0.18333114707014422,
  "nDCG@10_ci90_high": 0.21086262426732136,
  "nDCG@10_ci95_low": 0.18069085309992872,
  "nDCG@10_ci95_high": 0.21350291823753687,
  "nDCG@100": 0.25361393336534,
  "nDCG@100_std": 0.3013661741397957,
  "nDCG@100_stderr": 0.007823076088403111,
  "nDCG@100_ci90_low": 0.2407380750930153,
  "nDCG@100_ci90_high": 0.2664897916376647,
  "nDCG@100_ci95_low": 0.23826846180533787,
  "nDCG@100_ci95_high": 0.2689594049253421,
  "RR@1": 0.09433962264150944,
  "RR@3": 0.13724168912848164,
  "RR@5": 0.1487646001796945,
  "RR@10": 0.15971446754802543,
  "RR@100": 0.17028452476926229,
  "P@1": 0.09501347708894879,
  "P@3": 0.06446540880503125,
  "P@5": 0.048921832884097356,
  "P@10": 0.033018867924528586,
  "P@100": 0.006192722371967554,
  "R@1": 0.09276729559748428,
  "R@3": 0.19013926325247082,
  "R@5": 0.23966756513926327,
  "R@10": 0.322214734950584,
  "R@100": 0.5949573225516622,
  "AP": 0.16804665569146587
}