nDCG@1,nDCG@1_std,nDCG@1_stderr,nDCG@1_ci90_low,nDCG@1_ci90_high,nDCG@1_ci95_low,nDCG@1_ci95_high,nDCG@3,nDCG@3_std,nDCG@3_stderr,nDCG@3_ci90_low,nDCG@3_ci90_high,nDCG@3_ci95_low,nDCG@3_ci95_high,nDCG@5,nDCG@5_std,nDCG@5_stderr,nDCG@5_ci90_low,nDCG@5_ci90_high,nDCG@5_ci95_low,nDCG@5_ci95_high,nDCG@10,nDCG@10_std,nDCG@10_stderr,nDCG@10_ci90_low,nDCG@10_ci90_high,nDCG@10_ci95_low,nDCG@10_ci95_high,nDCG@100,nDCG@100_std,nDCG@100_stderr,nDCG@100_ci90_low,nDCG@100_ci90_high,nDCG@100_ci95_low,nDCG@100_ci95_high,RR@1,RR@3,RR@5,RR@10,RR@100,P@1,P@3,P@5,P@10,P@100,R@1,R@3,R@5,R@10,R@100,AP
0.12601078167115903,0.33197338386950576,0.008617599665087477,0.11182723153289767,0.1401943318094204,0.109106800541266,0.1429147628010521,0.20038426374989726,0.3555613180143154,0.009229911926441296,0.1851929200267971,0.21557560747299742,0.18227919237286033,0.2184893351269342,0.23132342927473373,0.3553653456711856,0.009224824737887693,0.21614045846250401,0.24650640008696345,0.21322833674826497,0.2494185218012025,0.2645576338145312,0.34740564287793974,0.009018201148593455,0.24971474099993407,0.2794005266291283,0.24686784687084212,0.28224742075822024,0.3313613569699626,0.3099978077742584,0.008047142133248269,0.3181167124804946,0.3446060014594306,0.31557636531839056,0.34714634862153465,0.12668463611859837,0.18508535489667574,0.20172955974842757,0.21572353784280984,0.22830741845074692,0.12601078167115903,0.08805031446540836,0.06819407008086313,0.04467654986522945,0.007884097035040295,0.12320305480682837,0.2548854447439353,0.32990790655885,0.431547619047619,0.750280772686433,0.22385576848543143
