{
  "nDCG@1": 0.12466307277628032,
  "nDCG@3": 0.19337229172992465,
  "nDCG@5": 0.22688809516934016,
  "nDCG@10": 0.26118164189714366,
  "nDCG@100": 0.3260459790666416,
  "RR@1": 0.12533692722371967,
  "RR@3": 0.1796945193171609,
  "RR@5": 0.19812443845462704,
  "RR@10": 0.21256043297822252,
  "RR@100": 0.2248896307835837,
  "P@1": 0.12466307277628032,
  "P@3": 0.08378256963162578,
  "P@5": 0.06725067385444802,
  "P@10": 0.044407008086253724,
  "P@100": 0.007756064690026821,
  "R@1": 0.12140610961365678,
  "R@3": 0.24354222821203955,
  "R@5": 0.32451707097933513,
  "R@10": 0.42930143755615446,
  "R@100": 0.7378144654088049,
  "AP": 0.21998676619870575
}