nDCG@1,nDCG@1_std,nDCG@1_stderr,nDCG@1_ci90_low,nDCG@1_ci90_high,nDCG@1_ci95_low,nDCG@1_ci95_high,nDCG@3,nDCG@3_std,nDCG@3_stderr,nDCG@3_ci90_low,nDCG@3_ci90_high,nDCG@3_ci95_low,nDCG@3_ci95_high,nDCG@5,nDCG@5_std,nDCG@5_stderr,nDCG@5_ci90_low,nDCG@5_ci90_high,nDCG@5_ci95_low,nDCG@5_ci95_high,nDCG@10,nDCG@10_std,nDCG@10_stderr,nDCG@10_ci90_low,nDCG@10_ci90_high,nDCG@10_ci95_low,nDCG@10_ci95_high,nDCG@100,nDCG@100_std,nDCG@100_stderr,nDCG@100_ci90_low,nDCG@100_ci90_high,nDCG@100_ci95_low,nDCG@100_ci95_high,RR@1,RR@3,RR@5,RR@10,RR@100,P@1,P@3,P@5,P@10,P@100,R@1,R@3,R@5,R@10,R@100,AP
0.12466307277628032,0.33044783721430887,0.008577998447087216,0.11054470156055797,0.13878144399200268,0.10783677200609454,0.1414893735464661,0.19337229172992465,0.35297353678659815,0.009162736472851133,0.1782915108608773,0.208453072598972,0.17539898936560716,0.21134559409424214,0.22688809516934016,0.3531416803262911,0.009167101261661774,0.21180013037398565,0.24197605996469468,0.20890623098844283,0.2448699593502375,0.26118164189714366,0.345229479302892,0.00896171075687314,0.2464317255881205,0.2759315582061668,0.24360266452372614,0.27876061927056117,0.3260459790666416,0.30991253444688516,0.008044928547963667,0.3128049778768266,0.33928698025645665,0.3102653295062939,0.34182662862698937,0.12533692722371967,0.1796945193171609,0.19812443845462704,0.21256043297822252,0.2248896307835837,0.12466307277628032,0.08378256963162578,0.06725067385444802,0.044407008086253724,0.007756064690026821,0.12140610961365678,0.24354222821203955,0.32451707097933513,0.42930143755615446,0.7378144654088049,0.21998676619870575
