{
  "nDCG@1": 0.11994609164420485,
  "nDCG@1_std": 0.3250080093284901,
  "nDCG@1_stderr": 0.00843678755113963,
  "nDCG@1_ci90_low": 0.10606013686700141,
  "nDCG@1_ci90_high": 0.13383204642140828,
  "nDCG@1_ci95_low": 0.10339678521272151,
  "nDCG@1_ci95_high": 0.13649539807568817,
  "nDCG@3": 0.18352803258132205,
  "nDCG@3_std": 0.34815294932009433,
  "nDCG@3_stderr": 0.009037600257252601,
  "nDCG@3_ci90_low": 0.1686532111275449,
  "nDCG@3_ci90_high": 0.19840285403509922,
  "nDCG@3_ci95_low": 0.16580019302676047,
  "nDCG@3_ci95_high": 0.20125587213588364,
  "nDCG@5": 0.21111686667702395,
  "nDCG@5_std": 0.3489417520228649,
  "nDCG@5_stderr": 0.009058076555165353,
  "nDCG@5_ci90_low": 0.19620834365791787,
  "nDCG@5_ci90_high": 0.22602538969613004,
  "nDCG@5_ci95_low": 0.1933488615349462,
  "nDCG@5_ci95_high": 0.2288848718191017,
  "nDCG@10": 0.24355112740604437,
  "nDCG@10_std": 0.3430672372918611,
  "nDCG@10_stderr": 0.008905581750948308,
  "nDCG@10_ci90_low": 0.2288935928043046,
  "nDCG@10_ci90_high": 0.25820866200778414,
  "nDCG@10_ci95_low": 0.22608225072120225,
  "nDCG@10_ci95_high": 0.2610200040908865,
  "nDCG@100": 0.3079048032828887,
  "nDCG@100_std": 0.31128510650840596,
  "nDCG@100_stderr": 0.008080558743372103,
  "nDCG@100_ci90_low": 0.29460515900420303,
  "nDCG@100_ci90_high": 0.3212044475615744,
  "nDCG@100_ci95_low": 0.2920542627814151,
  "nDCG@100_ci95_high": 0.3237553437843623,
  "RR@1": 0.11994609164420485,
  "RR@3": 0.17026055705301,
  "RR@5": 0.185691823899371,
  "RR@10": 0.1989122063919905,
  "RR@100": 0.21131415692876446,
  "P@1": 0.11994609164420485,
  "P@3": 0.07884097035040392,
  "P@5": 0.06105121293800588,
  "P@10": 0.04090296495956913,
  "P@100": 0.007365229110512005,
  "R@1": 0.11736298292902066,
  "R@3": 0.23006513926325248,
  "R@5": 0.29677672955974843,
  "R@10": 0.39594564240790653,
  "R@100": 0.701875561545373,
  "AP": 0.20746292495975657
}