nDCG@1,nDCG@3,nDCG@5,nDCG@10,nDCG@100,RR@1,RR@3,RR@5,RR@10,RR@100,P@1,P@3,P@5,P@10,P@100,R@1,R@3,R@5,R@10,R@100,AP
0.12533692722371967,0.196901149260047,0.22864872502448838,0.2623289381394418,0.32809720108699747,0.12533692722371967,0.1818283917340522,0.19944968553459105,0.2131703782141785,0.22538614918939662,0.12533692722371967,0.08602875112309026,0.06738544474393589,0.04454177897574158,0.007843665768193935,0.12219227313566935,0.24971922731356697,0.32620170709793356,0.42997529200359386,0.7474168912848157,0.2210671432030633
