nDCG@1,nDCG@3,nDCG@5,nDCG@10,nDCG@100,RR@1,RR@3,RR@5,RR@10,RR@100,P@1,P@3,P@5,P@10,P@100,R@1,R@3,R@5,R@10,R@100,AP
0.12601078167115903,0.20038426374989726,0.23132342927473373,0.2645576338145312,0.3313613569699626,0.12668463611859837,0.18508535489667574,0.20172955974842757,0.21572353784280984,0.22830741845074692,0.12601078167115903,0.08805031446540836,0.06819407008086313,0.04467654986522945,0.007884097035040295,0.12320305480682837,0.2548854447439353,0.32990790655885,0.431547619047619,0.750280772686433,0.22385576848543143
