nDCG@1,nDCG@1_std,nDCG@1_stderr,nDCG@1_ci90_low,nDCG@1_ci90_high,nDCG@1_ci95_low,nDCG@1_ci95_high,nDCG@3,nDCG@3_std,nDCG@3_stderr,nDCG@3_ci90_low,nDCG@3_ci90_high,nDCG@3_ci95_low,nDCG@3_ci95_high,nDCG@5,nDCG@5_std,nDCG@5_stderr,nDCG@5_ci90_low,nDCG@5_ci90_high,nDCG@5_ci95_low,nDCG@5_ci95_high,nDCG@10,nDCG@10_std,nDCG@10_stderr,nDCG@10_ci90_low,nDCG@10_ci90_high,nDCG@10_ci95_low,nDCG@10_ci95_high,nDCG@100,nDCG@100_std,nDCG@100_stderr,nDCG@100_ci90_low,nDCG@100_ci90_high,nDCG@100_ci95_low,nDCG@100_ci95_high,RR@1,RR@3,RR@5,RR@10,RR@100,P@1,P@3,P@5,P@10,P@100,R@1,R@3,R@5,R@10,R@100,AP
0.10579514824797843,0.30767893359813553,0.007986947158908424,0.0926495775690611,0.11894071892689577,0.09012823294595851,0.12146206354999836,0.16494129771980856,0.33364759310068337,0.008661059971277425,0.1506862170561311,0.179196378383486,0.1479520663782225,0.18193052906139462,0.18560301947406105,0.3354408179861516,0.008707609769915838,0.17127132334568654,0.19993471560243556,0.16852247768079878,0.20268356126732331,0.21345614137705782,0.33247517008210703,0.008630625386147565,0.19925115244204064,0.227661130312075,0.196526609449778,0.23038567330433762,0.2738477052783461,0.30748425012495106,0.007981893427751555,0.2607104524433801,0.28698495811331215,0.2581907031980389,0.28950470735865336,0.10579514824797843,0.15161725067385456,0.16314016172506737,0.1747347366619603,0.18608472907986054,0.10579514824797843,0.0707547169811318,0.05296495956873353,0.035444743935310295,0.006630727762803126,0.10354896675651391,0.208670260557053,0.2592093441150045,0.3447888589398023,0.634433962264151,0.18321599592741084
