nDCG@1,nDCG@3,nDCG@5,nDCG@10,nDCG@100,RR@1,RR@3,RR@5,RR@10,RR@100,P@1,P@3,P@5,P@10,P@100,R@1,R@3,R@5,R@10,R@100,AP
0.09501347708894879,0.14992806182496426,0.1702397501039534,0.1970968856687328,0.25361393336534,0.09433962264150944,0.13724168912848164,0.1487646001796945,0.15971446754802543,0.17028452476926229,0.09501347708894879,0.06446540880503125,0.048921832884097356,0.033018867924528586,0.006192722371967554,0.09276729559748428,0.19013926325247082,0.23966756513926327,0.322214734950584,0.5949573225516622,0.16804665569146587
