{
  "nDCG@1": 0.12601078167115903,
  "nDCG@3": 0.20038426374989726,
  "nDCG@5": 0.23132342927473373,
  "nDCG@10": 0.2645576338145312,
  "nDCG@100": 0.3313613569699626,
  "RR@1": 0.12668463611859837,
  "RR@3": 0.18508535489667574,
  "RR@5": 0.20172955974842757,
  "RR@10": 0.21572353784280984,
  "RR@100": 0.22830741845074692,
  "P@1": 0.12601078167115903,
  "P@3": 0.08805031446540836,
  "P@5": 0.06819407008086313,
  "P@10": 0.04467654986522945,
  "P@100": 0.007884097035040295,
  "R@1": 0.12320305480682837,
  "R@3": 0.2548854447439353,
  "R@5": 0.32990790655885,
  "R@10": 0.431547619047619,
  "R@100": 0.750280772686433,
  "AP": 0.22385576848543143
}