{
  "nDCG@1": 0.12466307277628032,
  "nDCG@1_std": 0.33044783721430887,
  "nDCG@1_stderr": 0.008577998447087216,
  "nDCG@1_ci90_low": 0.11054470156055797,
  "nDCG@1_ci90_high": 0.13878144399200268,
  "nDCG@1_ci95_low": 0.10783677200609454,
  "nDCG@1_ci95_high": 0.1414893735464661,
  "nDCG@3": 0.19337229172992465,
  "nDCG@3_std": 0.35297353678659815,
  "nDCG@3_stderr": 0.009162736472851133,
  "nDCG@3_ci90_low": 0.1782915108608773,
  "nDCG@3_ci90_high": 0.208453072598972,
  "nDCG@3_ci95_low": 0.17539898936560716,
  "nDCG@3_ci95_high": 0.21134559409424214,
  "nDCG@5": 0.22688809516934016,
  "nDCG@5_std": 0.3531416803262911,
  "nDCG@5_stderr": 0.009167101261661774,
  "nDCG@5_ci90_low": 0.21180013037398565,
  "nDCG@5_ci90_high": 0.24197605996469468,
  "nDCG@5_ci95_low": 0.20890623098844283,
  "nDCG@5_ci95_high": 0.2448699593502375,
  "nDCG@10": 0.26118164189714366,
  "nDCG@10_std": 0.345229479302892,
  "nDCG@10_stderr": 0.00896171075687314,
  "nDCG@10_ci90_low": 0.2464317255881205,
  "nDCG@10_ci90_high": 0.2759315582061668,
  "nDCG@10_ci95_low": 0.24360266452372614,
  "nDCG@10_ci95_high": 0.27876061927056117,
  "nDCG@100": 0.3260459790666416,
  "nDCG@100_std": 0.30991253444688516,
  "nDCG@100_stderr": 0.008044928547963667,
  "nDCG@100_ci90_low": 0.3128049778768266,
  "nDCG@100_ci90_high": 0.33928698025645665,
  "nDCG@100_ci95_low": 0.3102653295062939,
  "nDCG@100_ci95_high": 0.34182662862698937,
  "RR@1": 0.12533692722371967,
  "RR@3": 0.1796945193171609,
  "RR@5": 0.19812443845462704,
  "RR@10": 0.21256043297822252,
  "RR@100": 0.2248896307835837,
  "P@1": 0.12466307277628032,
  "P@3": 0.08378256963162578,
  "P@5": 0.06725067385444802,
  "P@10": 0.044407008086253724,
  "P@100": 0.007756064690026821,
  "R@1": 0.12140610961365678,
  "R@3": 0.24354222821203955,
  "R@5": 0.32451707097933513,
  "R@10": 0.42930143755615446,
  "R@100": 0.7378144654088049,
  "AP": 0.21998676619870575
}