nDCG@1,nDCG@3,nDCG@5,nDCG@10,nDCG@100,RR@1,RR@3,RR@5,RR@10,RR@100,P@1,P@3,P@5,P@10,P@100,R@1,R@3,R@5,R@10,R@100,AP
0.12466307277628032,0.19337229172992465,0.22688809516934016,0.26118164189714366,0.3260459790666416,0.12533692722371967,0.1796945193171609,0.19812443845462704,0.21256043297822252,0.2248896307835837,0.12466307277628032,0.08378256963162578,0.06725067385444802,0.044407008086253724,0.007756064690026821,0.12140610961365678,0.24354222821203955,0.32451707097933513,0.42930143755615446,0.7378144654088049,0.21998676619870575
