{
  "nDCG@1": 0.11994609164420485,
  "nDCG@3": 0.18352803258132205,
  "nDCG@5": 0.21111686667702395,
  "nDCG@10": 0.24355112740604437,
  "nDCG@100": 0.3079048032828887,
  "RR@1": 0.11994609164420485,
  "RR@3": 0.17026055705301,
  "RR@5": 0.185691823899371,
  "RR@10": 0.1989122063919905,
  "RR@100": 0.21131415692876446,
  "P@1": 0.11994609164420485,
  "P@3": 0.07884097035040392,
  "P@5": 0.06105121293800588,
  "P@10": 0.04090296495956913,
  "P@100": 0.007365229110512005,
  "R@1": 0.11736298292902066,
  "R@3": 0.23006513926325248,
  "R@5": 0.29677672955974843,
  "R@10": 0.39594564240790653,
  "R@100": 0.701875561545373,
  "AP": 0.20746292495975657
}