nDCG@1,nDCG@1_std,nDCG@1_stderr,nDCG@1_ci90_low,nDCG@1_ci90_high,nDCG@1_ci95_low,nDCG@1_ci95_high,nDCG@3,nDCG@3_std,nDCG@3_stderr,nDCG@3_ci90_low,nDCG@3_ci90_high,nDCG@3_ci95_low,nDCG@3_ci95_high,nDCG@5,nDCG@5_std,nDCG@5_stderr,nDCG@5_ci90_low,nDCG@5_ci90_high,nDCG@5_ci95_low,nDCG@5_ci95_high,nDCG@10,nDCG@10_std,nDCG@10_stderr,nDCG@10_ci90_low,nDCG@10_ci90_high,nDCG@10_ci95_low,nDCG@10_ci95_high,nDCG@100,nDCG@100_std,nDCG@100_stderr,nDCG@100_ci90_low,nDCG@100_ci90_high,nDCG@100_ci95_low,nDCG@100_ci95_high,RR@1,RR@3,RR@5,RR@10,RR@100,P@1,P@3,P@5,P@10,P@100,R@1,R@3,R@5,R@10,R@100,AP
0.12668463611859837,0.33273148585432827,0.008637279012071139,0.11246869610200907,0.14090057613518767,0.10974205267216838,0.14362721956502836,0.19678748343331284,0.3545731066233359,0.009204259236901317,0.18163836100412423,0.21193660586250146,0.17873273147197952,0.21484223539464617,0.22781203427411262,0.3544153389203315,0.009200163791390822,0.2126696524640052,0.24295441608422003,0.20976531579499225,0.245858752753233,0.2607931603787652,0.3468916537277129,0.009004858655056099,0.24597222773096758,0.27561409302656287,0.24312954560223948,0.27845677515529094,0.32608510141481273,0.3113709624511715,0.008082787452598723,0.3127817889442537,0.3393884138853718,0.31023018915552086,0.3419400136741046,0.12735849056603774,0.1822776280323451,0.19942722371967636,0.21305860394472223,0.22515672059082092,0.12668463611859837,0.08557951482479736,0.06684636118598442,0.04400269541779013,0.007762803234501215,0.12342767295597484,0.24915768194070084,0.3238432165318958,0.4249213836477987,0.7393306379155434,0.22049255777505372
