nDCG@1,nDCG@1_std,nDCG@1_stderr,nDCG@1_ci90_low,nDCG@1_ci90_high,nDCG@1_ci95_low,nDCG@1_ci95_high,nDCG@3,nDCG@3_std,nDCG@3_stderr,nDCG@3_ci90_low,nDCG@3_ci90_high,nDCG@3_ci95_low,nDCG@3_ci95_high,nDCG@5,nDCG@5_std,nDCG@5_stderr,nDCG@5_ci90_low,nDCG@5_ci90_high,nDCG@5_ci95_low,nDCG@5_ci95_high,nDCG@10,nDCG@10_std,nDCG@10_stderr,nDCG@10_ci90_low,nDCG@10_ci90_high,nDCG@10_ci95_low,nDCG@10_ci95_high,nDCG@100,nDCG@100_std,nDCG@100_stderr,nDCG@100_ci90_low,nDCG@100_ci90_high,nDCG@100_ci95_low,nDCG@100_ci95_high,RR@1,RR@3,RR@5,RR@10,RR@100,P@1,P@3,P@5,P@10,P@100,R@1,R@3,R@5,R@10,R@100,AP
0.09501347708894879,0.29333240073899597,0.007614529721940989,0.08248086147813358,0.107546092699764,0.08007708276395277,0.10994987141394481,0.14992806182496426,0.3209476095608821,0.008331384824964405,0.13621558747264903,0.1636405361772795,0.13358550968279,0.16627061396713852,0.1702397501039534,0.32383936507351746,0.008406451057825401,0.1564037256078797,0.18407577460002708,0.15374995067331257,0.18672954953459422,0.1970968856687328,0.32219428700780084,0.008363746959012062,0.18333114707014422,0.21086262426732136,0.18069085309992872,0.21350291823753687,0.25361393336534,0.3013661741397957,0.007823076088403111,0.2407380750930153,0.2664897916376647,0.23826846180533787,0.2689594049253421,0.09433962264150944,0.13724168912848164,0.1487646001796945,0.15971446754802543,0.17028452476926229,0.09501347708894879,0.06446540880503125,0.048921832884097356,0.033018867924528586,0.006192722371967554,0.09276729559748428,0.19013926325247082,0.23966756513926327,0.322214734950584,0.5949573225516622,0.16804665569146587
