nDCG@1,nDCG@1_std,nDCG@1_stderr,nDCG@1_ci90_low,nDCG@1_ci90_high,nDCG@1_ci95_low,nDCG@1_ci95_high,nDCG@3,nDCG@3_std,nDCG@3_stderr,nDCG@3_ci90_low,nDCG@3_ci90_high,nDCG@3_ci95_low,nDCG@3_ci95_high,nDCG@5,nDCG@5_std,nDCG@5_stderr,nDCG@5_ci90_low,nDCG@5_ci90_high,nDCG@5_ci95_low,nDCG@5_ci95_high,nDCG@10,nDCG@10_std,nDCG@10_stderr,nDCG@10_ci90_low,nDCG@10_ci90_high,nDCG@10_ci95_low,nDCG@10_ci95_high,nDCG@100,nDCG@100_std,nDCG@100_stderr,nDCG@100_ci90_low,nDCG@100_ci90_high,nDCG@100_ci95_low,nDCG@100_ci95_high,RR@1,RR@3,RR@5,RR@10,RR@100,P@1,P@3,P@5,P@10,P@100,R@1,R@3,R@5,R@10,R@100,AP
0.12533692722371967,0.3312121748135154,0.008597839662555036,0.11118589971328315,0.1394879547341562,0.10847170662145802,0.1422021478259813,0.196901149260047,0.35388761336355407,0.00918646471850632,0.18178131450418397,0.21202098401591005,0.1788813024016257,0.21492099611846832,0.22864872502448838,0.3538715667780431,0.009186048169901389,0.213529575858378,0.24376787419059875,0.21062969525319472,0.24666775479578204,0.2623289381394418,0.345940313901303,0.008980163103642021,0.24754865144936863,0.27710922482951494,0.24471376529005584,0.27994411098882777,0.32809720108699747,0.30953017346287887,0.008035002951371231,0.3148725362556108,0.34132186591838415,0.3123360212286575,0.34385838094533744,0.12533692722371967,0.1818283917340522,0.19944968553459105,0.2131703782141785,0.22538614918939662,0.12533692722371967,0.08602875112309026,0.06738544474393589,0.04454177897574158,0.007843665768193935,0.12219227313566935,0.24971922731356697,0.32620170709793356,0.42997529200359386,0.7474168912848157,0.2210671432030633
