{
  "nDCG@1": 0.12533692722371967,
  "nDCG@1_std": 0.3312121748135154,
  "nDCG@1_stderr": 0.008597839662555036,
  "nDCG@1_ci90_low": 0.11118589971328315,
  "nDCG@1_ci90_high": 0.1394879547341562,
  "nDCG@1_ci95_low": 0.10847170662145802,
  "nDCG@1_ci95_high": 0.1422021478259813,
  "nDCG@3": 0.196901149260047,
  "nDCG@3_std": 0.35388761336355407,
  "nDCG@3_stderr": 0.00918646471850632,
  "nDCG@3_ci90_low": 0.18178131450418397,
  "nDCG@3_ci90_high": 0.21202098401591005,
  "nDCG@3_ci95_low": 0.1788813024016257,
  "nDCG@3_ci95_high": 0.21492099611846832,
  "nDCG@5": 0.22864872502448838,
  "nDCG@5_std": 0.3538715667780431,
  "nDCG@5_stderr": 0.009186048169901389,
  "nDCG@5_ci90_low": 0.213529575858378,
  "nDCG@5_ci90_high": 0.24376787419059875,
  "nDCG@5_ci95_low": 0.21062969525319472,
  "nDCG@5_ci95_high": 0.24666775479578204,
  "nDCG@10": 0.2623289381394418,
  "nDCG@10_std": 0.345940313901303,
  "nDCG@10_stderr": 0.008980163103642021,
  "nDCG@10_ci90_low": 0.24754865144936863,
  "nDCG@10_ci90_high": 0.27710922482951494,
  "nDCG@10_ci95_low": 0.24471376529005584,
  "nDCG@10_ci95_high": 0.27994411098882777,
  "nDCG@100": 0.32809720108699747,
  "nDCG@100_std": 0.30953017346287887,
  "nDCG@100_stderr": 0.008035002951371231,
  "nDCG@100_ci90_low": 0.3148725362556108,
  "nDCG@100_ci90_high": 0.34132186591838415,
  "nDCG@100_ci95_low": 0.3123360212286575,
  "nDCG@100_ci95_high": 0.34385838094533744,
  "RR@1": 0.12533692722371967,
  "RR@3": 0.1818283917340522,
  "RR@5": 0.19944968553459105,
  "RR@10": 0.2131703782141785,
  "RR@100": 0.22538614918939662,
  "P@1": 0.12533692722371967,
  "P@3": 0.08602875112309026,
  "P@5": 0.06738544474393589,
  "P@10": 0.04454177897574158,
  "P@100": 0.007843665768193935,
  "R@1": 0.12219227313566935,
  "R@3": 0.24971922731356697,
  "R@5": 0.32620170709793356,
  "R@10": 0.42997529200359386,
  "R@100": 0.7474168912848157,
  "AP": 0.2210671432030633
}