nDCG@1,nDCG@1_std,nDCG@1_stderr,nDCG@1_ci90_low,nDCG@1_ci90_high,nDCG@1_ci95_low,nDCG@1_ci95_high,nDCG@3,nDCG@3_std,nDCG@3_stderr,nDCG@3_ci90_low,nDCG@3_ci90_high,nDCG@3_ci95_low,nDCG@3_ci95_high,nDCG@5,nDCG@5_std,nDCG@5_stderr,nDCG@5_ci90_low,nDCG@5_ci90_high,nDCG@5_ci95_low,nDCG@5_ci95_high,nDCG@10,nDCG@10_std,nDCG@10_stderr,nDCG@10_ci90_low,nDCG@10_ci90_high,nDCG@10_ci95_low,nDCG@10_ci95_high,nDCG@100,nDCG@100_std,nDCG@100_stderr,nDCG@100_ci90_low,nDCG@100_ci90_high,nDCG@100_ci95_low,nDCG@100_ci95_high,RR@1,RR@3,RR@5,RR@10,RR@100,P@1,P@3,P@5,P@10,P@100,R@1,R@3,R@5,R@10,R@100,AP
0.5094339622641509,0.5000795112290783,0.012981417299944788,0.48806808425923537,0.5307998402690665,0.4839700695787501,0.5348978549495518,0.6013551485742618,0.44262203317699406,0.011489895486216952,0.5824441391231762,0.6202661580253473,0.5788169727443587,0.6238933244041648,0.6261628871876884,0.42039252567959384,0.010912846223617162,0.6082016325948483,0.6441241417805286,0.6047566309438767,0.6475691434315002,0.6508818967430516,0.39324916114652386,0.01020823958803978,0.6340803413625051,0.6676834521235981,0.6308577721524485,0.6709060213336547,0.6835481742338632,0.3456043765070999,0.008971442603395795,0.6687822404561182,0.6983141080116081,0.6659501072117765,0.7011462412559498,0.5074123989218329,0.5831087151841873,0.5965184186882306,0.6058887391434564,0.6124020090375657,0.5094339622641509,0.23270440251572172,0.15269541778975468,0.08463611859838098,0.010107816711590115,0.49359838274932616,0.6679582210242587,0.7273697214734951,0.8016621743036836,0.9517070979335132,0.6068891570726627
