{
  "nDCG@1": 0.45754716981132076,
  "nDCG@1_std": 0.4983624375382826,
  "nDCG@1_stderr": 0.012936844287824791,
  "nDCG@1_ci90_low": 0.4362546537142203,
  "nDCG@1_ci90_high": 0.47883968590842124,
  "nDCG@1_ci95_low": 0.4321707099825228,
  "nDCG@1_ci95_high": 0.4829236296401187,
  "nDCG@3": 0.5377580565538272,
  "nDCG@3_std": 0.4574351466779491,
  "nDCG@3_stderr": 0.011874424753162376,
  "nDCG@3_ci90_low": 0.5182141573945501,
  "nDCG@3_ci90_high": 0.5573019557131044,
  "nDCG@3_ci95_low": 0.5144656016061937,
  "nDCG@3_ci95_high": 0.5610505115014608,
  "nDCG@5": 0.5670716030807673,
  "nDCG@5_std": 0.43609686188633273,
  "nDCG@5_stderr": 0.011320510479281742,
  "nDCG@5_ci90_low": 0.5484393813236923,
  "nDCG@5_ci90_high": 0.5857038248378423,
  "nDCG@5_ci95_low": 0.5448656869371108,
  "nDCG@5_ci95_high": 0.5892775192244238,
  "nDCG@10": 0.5949128762920066,
  "nDCG@10_std": 0.41093187833656514,
  "nDCG@10_stderr": 0.010667260055158419,
  "nDCG@10_ci90_low": 0.5773558274953245,
  "nDCG@10_ci90_high": 0.6124699250886887,
  "nDCG@10_ci95_low": 0.5739883532591501,
  "nDCG@10_ci95_high": 0.6158373993248631,
  "nDCG@100": 0.6329218693475571,
  "nDCG@100_std": 0.3627535093502968,
  "nDCG@100_stderr": 0.009416611911017655,
  "nDCG@100_ci90_low": 0.6174232395245027,
  "nDCG@100_ci90_high": 0.6484204991706115,
  "nDCG@100_ci95_low": 0.6144505738316783,
  "nDCG@100_ci95_high": 0.6513931648634359,
  "RR@1": 0.4582210242587601,
  "RR@3": 0.523809523809524,
  "RR@5": 0.5401504941599284,
  "RR@10": 0.5507487271638215,
  "RR@100": 0.5581672153652874,
  "P@1": 0.45754716981132076,
  "P@3": 0.2073225516621742,
  "P@5": 0.13948787061994405,
  "P@10": 0.07924528301886644,
  "P@100": 0.009811320754716807,
  "R@1": 0.4450808625336927,
  "R@3": 0.5963050314465409,
  "R@5": 0.6661051212938005,
  "R@10": 0.7494384546271338,
  "R@100": 0.9250898472596587,
  "AP": 0.551120771828283
}