nDCG@1,nDCG@1_std,nDCG@1_stderr,nDCG@1_ci90_low,nDCG@1_ci90_high,nDCG@1_ci95_low,nDCG@1_ci95_high,nDCG@3,nDCG@3_std,nDCG@3_stderr,nDCG@3_ci90_low,nDCG@3_ci90_high,nDCG@3_ci95_low,nDCG@3_ci95_high,nDCG@5,nDCG@5_std,nDCG@5_stderr,nDCG@5_ci90_low,nDCG@5_ci90_high,nDCG@5_ci95_low,nDCG@5_ci95_high,nDCG@10,nDCG@10_std,nDCG@10_stderr,nDCG@10_ci90_low,nDCG@10_ci90_high,nDCG@10_ci95_low,nDCG@10_ci95_high,nDCG@100,nDCG@100_std,nDCG@100_stderr,nDCG@100_ci90_low,nDCG@100_ci90_high,nDCG@100_ci95_low,nDCG@100_ci95_high,RR@1,RR@3,RR@5,RR@10,RR@100,P@1,P@3,P@5,P@10,P@100,R@1,R@3,R@5,R@10,R@100,AP
0.704177897574124,0.4565652772057831,0.011851844066769293,0.6846711635547998,0.7236846315934481,0.6809297361086112,0.7274260590396368,0.7784437747089425,0.37040274332613465,0.009615176131377766,0.7626183316566136,0.7942692177612715,0.7595829825855992,0.7973045668322859,0.7965049041262864,0.34178181265061525,0.008872213789852217,0.7819022892432167,0.8111075190093561,0.7791014808631199,0.8139083273894528,0.8124446710511526,0.3123884840092089,0.008109200996165243,0.7990978850109146,0.8257914570913906,0.7965379469115954,0.8283513951907098,0.826758997602901,0.2805607554392296,0.007282994329027844,0.8147720500494037,0.8387459451563982,0.8124729314717755,0.8410450637340264,0.7021563342318059,0.7642632524707998,0.7738319856244391,0.7800306443332055,0.7826231307676933,0.704177897574124,0.2906558849955031,0.18423180592991484,0.0974393530997281,0.010478436657681752,0.6839622641509434,0.831199460916442,0.8747192273135669,0.9219451931716083,0.9858490566037735,0.7780534483536836
