nDCG@1,nDCG@1_std,nDCG@1_stderr,nDCG@1_ci90_low,nDCG@1_ci90_high,nDCG@1_ci95_low,nDCG@1_ci95_high,nDCG@3,nDCG@3_std,nDCG@3_stderr,nDCG@3_ci90_low,nDCG@3_ci90_high,nDCG@3_ci95_low,nDCG@3_ci95_high,nDCG@5,nDCG@5_std,nDCG@5_stderr,nDCG@5_ci90_low,nDCG@5_ci90_high,nDCG@5_ci95_low,nDCG@5_ci95_high,nDCG@10,nDCG@10_std,nDCG@10_stderr,nDCG@10_ci90_low,nDCG@10_ci90_high,nDCG@10_ci95_low,nDCG@10_ci95_high,nDCG@100,nDCG@100_std,nDCG@100_stderr,nDCG@100_ci90_low,nDCG@100_ci90_high,nDCG@100_ci95_low,nDCG@100_ci95_high,RR@1,RR@3,RR@5,RR@10,RR@100,P@1,P@3,P@5,P@10,P@100,R@1,R@3,R@5,R@10,R@100,AP
0.5990566037735849,0.4902547806975668,0.012726380002824578,0.5781104870051406,0.6200027205420293,0.5740929833015018,0.624020224245668,0.6899463326913616,0.4133648820824106,0.010730417685511088,0.6722853339026243,0.7076073314800989,0.6688979218668715,0.7109947435158518,0.7137648892459,0.3855782025586579,0.010009111424850411,0.6972910752778466,0.7302387032139533,0.6941313674732277,0.7333984110185723,0.7368969130561878,0.35214473506418476,0.009141221852123883,0.7218515427090548,0.7519422834033207,0.7189658130169868,0.7548280130953887,0.7592407491296789,0.31114465010213227,0.008076912676734004,0.7459471058455832,0.7725343924137745,0.7433973606245899,0.7750841376347678,0.5983827493261455,0.6732929020664875,0.6856244384546278,0.6945538120908745,0.6990736828374853,0.5990566037735849,0.26325247079963754,0.17075471698112843,0.09312668463611647,0.010417789757412211,0.5813679245283019,0.7551100628930819,0.8113207547169812,0.8813454627133873,0.9806828391734053,0.6932717523133659
