nDCG@1,nDCG@1_std,nDCG@1_stderr,nDCG@1_ci90_low,nDCG@1_ci90_high,nDCG@1_ci95_low,nDCG@1_ci95_high,nDCG@3,nDCG@3_std,nDCG@3_stderr,nDCG@3_ci90_low,nDCG@3_ci90_high,nDCG@3_ci95_low,nDCG@3_ci95_high,nDCG@5,nDCG@5_std,nDCG@5_stderr,nDCG@5_ci90_low,nDCG@5_ci90_high,nDCG@5_ci95_low,nDCG@5_ci95_high,nDCG@10,nDCG@10_std,nDCG@10_stderr,nDCG@10_ci90_low,nDCG@10_ci90_high,nDCG@10_ci95_low,nDCG@10_ci95_high,nDCG@100,nDCG@100_std,nDCG@100_stderr,nDCG@100_ci90_low,nDCG@100_ci90_high,nDCG@100_ci95_low,nDCG@100_ci95_high,RR@1,RR@3,RR@5,RR@10,RR@100,P@1,P@3,P@5,P@10,P@100,R@1,R@3,R@5,R@10,R@100,AP
0.45754716981132076,0.4983624375382826,0.012936844287824791,0.4362546537142203,0.47883968590842124,0.4321707099825228,0.4829236296401187,0.5377580565538272,0.4574351466779491,0.011874424753162376,0.5182141573945501,0.5573019557131044,0.5144656016061937,0.5610505115014608,0.5670716030807673,0.43609686188633273,0.011320510479281742,0.5484393813236923,0.5857038248378423,0.5448656869371108,0.5892775192244238,0.5949128762920066,0.41093187833656514,0.010667260055158419,0.5773558274953245,0.6124699250886887,0.5739883532591501,0.6158373993248631,0.6329218693475571,0.3627535093502968,0.009416611911017655,0.6174232395245027,0.6484204991706115,0.6144505738316783,0.6513931648634359,0.4582210242587601,0.523809523809524,0.5401504941599284,0.5507487271638215,0.5581672153652874,0.45754716981132076,0.2073225516621742,0.13948787061994405,0.07924528301886644,0.009811320754716807,0.4450808625336927,0.5963050314465409,0.6661051212938005,0.7494384546271338,0.9250898472596587,0.551120771828283
