nDCG@1,nDCG@1_std,nDCG@1_stderr,nDCG@1_ci90_low,nDCG@1_ci90_high,nDCG@1_ci95_low,nDCG@1_ci95_high,nDCG@3,nDCG@3_std,nDCG@3_stderr,nDCG@3_ci90_low,nDCG@3_ci90_high,nDCG@3_ci95_low,nDCG@3_ci95_high,nDCG@5,nDCG@5_std,nDCG@5_stderr,nDCG@5_ci90_low,nDCG@5_ci90_high,nDCG@5_ci95_low,nDCG@5_ci95_high,nDCG@10,nDCG@10_std,nDCG@10_stderr,nDCG@10_ci90_low,nDCG@10_ci90_high,nDCG@10_ci95_low,nDCG@10_ci95_high,nDCG@100,nDCG@100_std,nDCG@100_stderr,nDCG@100_ci90_low,nDCG@100_ci90_high,nDCG@100_ci95_low,nDCG@100_ci95_high,RR@1,RR@3,RR@5,RR@10,RR@100,P@1,P@3,P@5,P@10,P@100,R@1,R@3,R@5,R@10,R@100,AP
0.6758760107816711,0.4682043870669823,0.012153980304538325,0.655871996238358,0.6958800253249843,0.6520351894734651,0.6997168320898772,0.7570864844868102,0.38032888773019125,0.009872846001458773,0.7408369472941815,0.7733360216794388,0.7377202561874007,0.7764527127862196,0.7741241601497733,0.3563494871736866,0.009250371778386834,0.7588991419294617,0.7893491783700848,0.7559789554450524,0.7922693648544941,0.7930650907205482,0.32371433638132946,0.008403205474690492,0.7792344080705698,0.8068957733705266,0.7765816577119042,0.8095485237291922,0.8094427244333193,0.2886852448551628,0.007493895565909154,0.797108658380033,0.8217767904866057,0.7947429618360008,0.8241424870306379,0.6752021563342318,0.7414645103324355,0.7504941599281231,0.757530056047577,0.7610652793721652,0.6758760107816711,0.28504043126684214,0.18045822102425466,0.09669811320754483,0.010471698113207358,0.6565026954177897,0.8169923629829289,0.8573113207547169,0.914027403414196,0.985512129380054,0.7556757202383851
