{
  "nDCG@1": 0.6758760107816711,
  "nDCG@1_std": 0.4682043870669823,
  "nDCG@1_stderr": 0.012153980304538325,
  "nDCG@1_ci90_low": 0.655871996238358,
  "nDCG@1_ci90_high": 0.6958800253249843,
  "nDCG@1_ci95_low": 0.6520351894734651,
  "nDCG@1_ci95_high": 0.6997168320898772,
  "nDCG@3": 0.7570864844868102,
  "nDCG@3_std": 0.38032888773019125,
  "nDCG@3_stderr": 0.009872846001458773,
  "nDCG@3_ci90_low": 0.7408369472941815,
  "nDCG@3_ci90_high": 0.7733360216794388,
  "nDCG@3_ci95_low": 0.7377202561874007,
  "nDCG@3_ci95_high": 0.7764527127862196,
  "nDCG@5": 0.7741241601497733,
  "nDCG@5_std": 0.3563494871736866,
  "nDCG@5_stderr": 0.009250371778386834,
  "nDCG@5_ci90_low": 0.7588991419294617,
  "nDCG@5_ci90_high": 0.7893491783700848,
  "nDCG@5_ci95_low": 0.7559789554450524,
  "nDCG@5_ci95_high": 0.7922693648544941,
  "nDCG@10": 0.7930650907205482,
  "nDCG@10_std": 0.32371433638132946,
  "nDCG@10_stderr": 0.008403205474690492,
  "nDCG@10_ci90_low": 0.7792344080705698,
  "nDCG@10_ci90_high": 0.8068957733705266,
  "nDCG@10_ci95_low": 0.7765816577119042,
  "nDCG@10_ci95_high": 0.8095485237291922,
  "nDCG@100": 0.8094427244333193,
  "nDCG@100_std": 0.2886852448551628,
  "nDCG@100_stderr": 0.007493895565909154,
  "nDCG@100_ci90_low": 0.797108658380033,
  "nDCG@100_ci90_high": 0.8217767904866057,
  "nDCG@100_ci95_low": 0.7947429618360008,
  "nDCG@100_ci95_high": 0.8241424870306379,
  "RR@1": 0.6752021563342318,
  "RR@3": 0.7414645103324355,
  "RR@5": 0.7504941599281231,
  "RR@10": 0.757530056047577,
  "RR@100": 0.7610652793721652,
  "P@1": 0.6758760107816711,
  "P@3": 0.28504043126684214,
  "P@5": 0.18045822102425466,
  "P@10": 0.09669811320754483,
  "P@100": 0.010471698113207358,
  "R@1": 0.6565026954177897,
  "R@3": 0.8169923629829289,
  "R@5": 0.8573113207547169,
  "R@10": 0.914027403414196,
  "R@100": 0.985512129380054,
  "AP": 0.7556757202383851
}