{
  "nDCG@1": 0.6711590296495957,
  "nDCG@1_std": 0.46995043315408763,
  "nDCG@1_stderr": 0.012199305402593116,
  "nDCG@1_ci90_low": 0.6510804153539425,
  "nDCG@1_ci90_high": 0.691237643945249,
  "nDCG@1_ci95_low": 0.6472293002194061,
  "nDCG@1_ci95_high": 0.6950887590797854,
  "nDCG@3": 0.7490021935126387,
  "nDCG@3_std": 0.387729207682243,
  "nDCG@3_stderr": 0.010064948735711137,
  "nDCG@3_ci90_low": 0.7324364779328886,
  "nDCG@3_ci90_high": 0.7655679090923889,
  "nDCG@3_ci95_low": 0.7292591432301939,
  "nDCG@3_ci95_high": 0.7687452437950836,
  "nDCG@5": 0.7707955680893627,
  "nDCG@5_std": 0.35713689699042245,
  "nDCG@5_stderr": 0.009270811918779707,
  "nDCG@5_ci90_low": 0.7555369078147248,
  "nDCG@5_ci90_high": 0.7860542283640005,
  "nDCG@5_ci95_low": 0.752610268722448,
  "nDCG@5_ci95_high": 0.7889808674562774,
  "nDCG@10": 0.7872265267552333,
  "nDCG@10_std": 0.3293766801291742,
  "nDCG@10_stderr": 0.008550192594610378,
  "nDCG@10_ci90_low": 0.7731539206850352,
  "nDCG@10_ci90_high": 0.8012991328254314,
  "nDCG@10_ci95_low": 0.7704547689696182,
  "nDCG@10_ci95_high": 0.8039982845408484,
  "nDCG@100": 0.8039368102015819,
  "nDCG@100_std": 0.29424543478001736,
  "nDCG@100_stderr": 0.007638230904711751,
  "nDCG@100_ci90_low": 0.791365185246259,
  "nDCG@100_ci90_high": 0.8165084351569049,
  "nDCG@100_ci95_low": 0.7889539244680865,
  "nDCG@100_ci95_high": 0.8189196959350773,
  "RR@1": 0.6711590296495957,
  "RR@3": 0.734838274932615,
  "RR@5": 0.7459231805929927,
  "RR@10": 0.7522491229196084,
  "RR@100": 0.7557785080128943,
  "P@1": 0.6711590296495957,
  "P@3": 0.2827942497753777,
  "P@5": 0.18140161725066978,
  "P@10": 0.09622641509433733,
  "P@100": 0.010431266846360998,
  "R@1": 0.6512803234501348,
  "R@3": 0.8059299191374663,
  "R@5": 0.8584344115004493,
  "R@10": 0.9079627133872418,
  "R@100": 0.9813566936208445,
  "AP": 0.7500742711834119
}