{
  "nDCG@1": 0.6913746630727763,
  "nDCG@1_std": 0.462081832015697,
  "nDCG@1_stderr": 0.01199504669442645,
  "nDCG@1_ci90_low": 0.6716322344600337,
  "nDCG@1_ci90_high": 0.7111170916855188,
  "nDCG@1_ci95_low": 0.6678456003575252,
  "nDCG@1_ci95_high": 0.7149037257880274,
  "nDCG@3": 0.7707884860584231,
  "nDCG@3_std": 0.3731028539764675,
  "nDCG@3_stderr": 0.009685267511490197,
  "nDCG@3_ci90_low": 0.7548476808817532,
  "nDCG@3_ci90_high": 0.7867292912350929,
  "nDCG@3_ci95_low": 0.7517902051432079,
  "nDCG@3_ci95_high": 0.7897867669736383,
  "nDCG@5": 0.7862197838483727,
  "nDCG@5_std": 0.3499145951917487,
  "nDCG@5_stderr": 0.009083330305537252,
  "nDCG@5_ci90_low": 0.7712696961420568,
  "nDCG@5_ci90_high": 0.8011698715546886,
  "nDCG@5_ci95_low": 0.7684022418356655,
  "nDCG@5_ci95_high": 0.8040373258610798,
  "nDCG@10": 0.8044005464528617,
  "nDCG@10_std": 0.3184675286963306,
  "nDCG@10_stderr": 0.008267005133500496,
  "nDCG@10_ci90_low": 0.7907940334606992,
  "nDCG@10_ci90_high": 0.8180070594450243,
  "nDCG@10_ci95_low": 0.7881842792545174,
  "nDCG@10_ci95_high": 0.8206168136512061,
  "nDCG@100": 0.8195531200063082,
  "nDCG@100_std": 0.2842797701956643,
  "nDCG@100_stderr": 0.007379535141866338,
  "nDCG@100_ci90_low": 0.8074072776894778,
  "nDCG@100_ci90_high": 0.8316989623231386,
  "nDCG@100_ci95_low": 0.8050776828041294,
  "nDCG@100_ci95_high": 0.834028557208487,
  "RR@1": 0.6913746630727763,
  "RR@3": 0.7571877807726871,
  "RR@5": 0.7652403414195875,
  "RR@10": 0.7721543019723616,
  "RR@100": 0.7751629530082357,
  "P@1": 0.6913746630727763,
  "P@3": 0.28953279424977085,
  "P@5": 0.1819407008086212,
  "P@10": 0.09730458221024026,
  "P@100": 0.010464959568732965,
  "R@1": 0.6710467205750225,
  "R@3": 0.8259209344115004,
  "R@5": 0.8628144654088051,
  "R@10": 0.9159366576819409,
  "R@100": 0.9843890386343216,
  "AP": 0.7692602880918137
}