{
  "nDCG@1": 0.6954177897574124,
  "nDCG@1_std": 0.46038539732821854,
  "nDCG@1_stderr": 0.011951009444137722,
  "nDCG@1_ci90_low": 0.6757478412518569,
  "nDCG@1_ci90_high": 0.7150877382629679,
  "nDCG@1_ci95_low": 0.6719751089671547,
  "nDCG@1_ci95_high": 0.7188604705476701,
  "nDCG@3": 0.7719657182342368,
  "nDCG@3_std": 0.373722607481073,
  "nDCG@3_stderr": 0.009701355510869763,
  "nDCG@3_ci90_low": 0.7559984341127688,
  "nDCG@3_ci90_high": 0.7879330023557047,
  "nDCG@3_ci95_low": 0.752935879663932,
  "nDCG@3_ci95_high": 0.7909955568045415,
  "nDCG@5": 0.7887291300983766,
  "nDCG@5_std": 0.34850659269751066,
  "nDCG@5_stderr": 0.009046780381921816,
  "nDCG@5_ci90_low": 0.7738391992448151,
  "nDCG@5_ci90_high": 0.8036190609519381,
  "nDCG@5_ci95_low": 0.7709832831333748,
  "nDCG@5_ci95_high": 0.8064749770633785,
  "nDCG@10": 0.8054748466273611,
  "nDCG@10_std": 0.3191528094405058,
  "nDCG@10_stderr": 0.008284794135265216,
  "nDCG@10_ci90_low": 0.7918390550415942,
  "nDCG@10_ci90_high": 0.819110638213128,
  "nDCG@10_ci95_low": 0.7892236851473331,
  "nDCG@10_ci95_high": 0.8217260081073892,
  "nDCG@100": 0.8210363187624522,
  "nDCG@100_std": 0.28417476203222874,
  "nDCG@100_stderr": 0.007376809265762941,
  "nDCG@100_ci90_low": 0.8088949629153913,
  "nDCG@100_ci90_high": 0.8331776746095131,
  "nDCG@100_ci95_low": 0.8065662285431926,
  "nDCG@100_ci95_high": 0.8355064089817118,
  "RR@1": 0.6954177897574124,
  "RR@3": 0.758198562443846,
  "RR@5": 0.7669586702605579,
  "RR@10": 0.773223644803834,
  "RR@100": 0.7765594838117172,
  "P@1": 0.6954177897574124,
  "P@3": 0.2899820305480637,
  "P@5": 0.18288409703503627,
  "P@10": 0.09723719676549632,
  "P@100": 0.010464959568732965,
  "R@1": 0.6758760107816711,
  "R@3": 0.8265947888589397,
  "R@5": 0.8665206648697216,
  "R@10": 0.9163858939802336,
  "R@100": 0.9843890386343216,
  "AP": 0.7711202099687372
}