{
  "nDCG@1": 0.6199460916442049,
  "nDCG@1_std": 0.48556339543121607,
  "nDCG@1_stderr": 0.012604597709229642,
  "nDCG@1_ci90_low": 0.5992004141319671,
  "nDCG@1_ci90_high": 0.6406917691564427,
  "nDCG@1_ci95_low": 0.5952213550461573,
  "nDCG@1_ci95_high": 0.6446708282422525,
  "nDCG@3": 0.7021471972979171,
  "nDCG@3_std": 0.4110134737367178,
  "nDCG@3_stderr": 0.01066937816620947,
  "nDCG@3_ci90_low": 0.684586662340882,
  "nDCG@3_ci90_high": 0.7197077322549522,
  "nDCG@3_ci95_low": 0.6812185194527428,
  "nDCG@3_ci95_high": 0.7230758751430914,
  "nDCG@5": 0.7250444809495271,
  "nDCG@5_std": 0.3826144220061307,
  "nDCG@5_stderr": 0.009932175515112265,
  "nDCG@5_ci90_low": 0.7086972943923089,
  "nDCG@5_ci90_high": 0.7413916675067453,
  "nDCG@5_ci95_low": 0.7055618739578806,
  "nDCG@5_ci95_high": 0.7445270879411736,
  "nDCG@10": 0.7455445201585842,
  "nDCG@10_std": 0.35290236713217327,
  "nDCG@10_stderr": 0.009160889000674334,
  "nDCG@10_ci90_low": 0.7304667800103022,
  "nDCG@10_ci90_high": 0.7606222603068662,
  "nDCG@10_ci95_low": 0.7275748417308648,
  "nDCG@10_ci95_high": 0.7635141985863035,
  "nDCG@100": 0.7669696927592066,
  "nDCG@100_std": 0.31397445776749666,
  "nDCG@100_stderr": 0.008150370823604272,
  "nDCG@100_ci90_low": 0.7535551460507595,
  "nDCG@100_ci90_high": 0.7803842394676537,
  "nDCG@100_ci95_low": 0.7509822113307062,
  "nDCG@100_ci95_high": 0.7829571741877069,
  "RR@1": 0.6199460916442049,
  "RR@3": 0.6880053908355801,
  "RR@5": 0.7005053908355804,
  "RR@10": 0.7083857442348014,
  "RR@100": 0.712690255590929,
  "P@1": 0.6199460916442049,
  "P@3": 0.2670709793351269,
  "P@5": 0.17196765498651922,
  "P@10": 0.09292452830188465,
  "P@100": 0.010330188679245098,
  "R@1": 0.6007973944294699,
  "R@3": 0.761455525606469,
  "R@5": 0.8162061994609164,
  "R@10": 0.8779761904761906,
  "R@100": 0.9719227313566936,
  "AP": 0.7054112970308689
}