nDCG@1,nDCG@1_std,nDCG@1_stderr,nDCG@1_ci90_low,nDCG@1_ci90_high,nDCG@1_ci95_low,nDCG@1_ci95_high,nDCG@3,nDCG@3_std,nDCG@3_stderr,nDCG@3_ci90_low,nDCG@3_ci90_high,nDCG@3_ci95_low,nDCG@3_ci95_high,nDCG@5,nDCG@5_std,nDCG@5_stderr,nDCG@5_ci90_low,nDCG@5_ci90_high,nDCG@5_ci95_low,nDCG@5_ci95_high,nDCG@10,nDCG@10_std,nDCG@10_stderr,nDCG@10_ci90_low,nDCG@10_ci90_high,nDCG@10_ci95_low,nDCG@10_ci95_high,nDCG@100,nDCG@100_std,nDCG@100_stderr,nDCG@100_ci90_low,nDCG@100_ci90_high,nDCG@100_ci95_low,nDCG@100_ci95_high,RR@1,RR@3,RR@5,RR@10,RR@100,P@1,P@3,P@5,P@10,P@100,R@1,R@3,R@5,R@10,R@100,AP
0.6954177897574124,0.46038539732821854,0.011951009444137722,0.6757478412518569,0.7150877382629679,0.6719751089671547,0.7188604705476701,0.7719657182342368,0.373722607481073,0.009701355510869763,0.7559984341127688,0.7879330023557047,0.752935879663932,0.7909955568045415,0.7887291300983766,0.34850659269751066,0.009046780381921816,0.7738391992448151,0.8036190609519381,0.7709832831333748,0.8064749770633785,0.8054748466273611,0.3191528094405058,0.008284794135265216,0.7918390550415942,0.819110638213128,0.7892236851473331,0.8217260081073892,0.8210363187624522,0.28417476203222874,0.007376809265762941,0.8088949629153913,0.8331776746095131,0.8065662285431926,0.8355064089817118,0.6954177897574124,0.758198562443846,0.7669586702605579,0.773223644803834,0.7765594838117172,0.6954177897574124,0.2899820305480637,0.18288409703503627,0.09723719676549632,0.010464959568732965,0.6758760107816711,0.8265947888589397,0.8665206648697216,0.9163858939802336,0.9843890386343216,0.7711202099687372
