nDCG@1,nDCG@1_std,nDCG@1_stderr,nDCG@1_ci90_low,nDCG@1_ci90_high,nDCG@1_ci95_low,nDCG@1_ci95_high,nDCG@3,nDCG@3_std,nDCG@3_stderr,nDCG@3_ci90_low,nDCG@3_ci90_high,nDCG@3_ci95_low,nDCG@3_ci95_high,nDCG@5,nDCG@5_std,nDCG@5_stderr,nDCG@5_ci90_low,nDCG@5_ci90_high,nDCG@5_ci95_low,nDCG@5_ci95_high,nDCG@10,nDCG@10_std,nDCG@10_stderr,nDCG@10_ci90_low,nDCG@10_ci90_high,nDCG@10_ci95_low,nDCG@10_ci95_high,nDCG@100,nDCG@100_std,nDCG@100_stderr,nDCG@100_ci90_low,nDCG@100_ci90_high,nDCG@100_ci95_low,nDCG@100_ci95_high,RR@1,RR@3,RR@5,RR@10,RR@100,P@1,P@3,P@5,P@10,P@100,R@1,R@3,R@5,R@10,R@100,AP
0.5721024258760108,0.494940715461446,0.012848020808425129,0.5509561027238696,0.593248749028152,0.5469001990677773,0.5973046526842443,0.6509132126604608,0.4329240451737754,0.01123814826120023,0.6324165493761691,0.6694098759447524,0.6288688553538788,0.6729575699670427,0.6772924538588471,0.4052050040548877,0.010518597806045155,0.6599800855469764,0.6946048221707177,0.6566595414776107,0.6979253662400834,0.6996670586359497,0.376855505193534,0.009782681483340706,0.6835659215794518,0.7157681956924475,0.6804776938916005,0.7188564233802989,0.7252282649338251,0.3361337869337587,0.008725598347497594,0.7108669617336484,0.7395895681340018,0.7081124373779591,0.742344092489691,0.5721024258760108,0.6384770889487876,0.6527291105121303,0.661643242202542,0.6664267240280812,0.5721024258760108,0.248203054806826,0.16280323450134446,0.08861185983827297,0.010154986522910869,0.5537398921832885,0.7079964061096136,0.7717879604672059,0.8390610961365679,0.9554132973944294,0.6576073580456601
