nDCG@1,nDCG@1_std,nDCG@1_stderr,nDCG@1_ci90_low,nDCG@1_ci90_high,nDCG@1_ci95_low,nDCG@1_ci95_high,nDCG@3,nDCG@3_std,nDCG@3_stderr,nDCG@3_ci90_low,nDCG@3_ci90_high,nDCG@3_ci95_low,nDCG@3_ci95_high,nDCG@5,nDCG@5_std,nDCG@5_stderr,nDCG@5_ci90_low,nDCG@5_ci90_high,nDCG@5_ci95_low,nDCG@5_ci95_high,nDCG@10,nDCG@10_std,nDCG@10_stderr,nDCG@10_ci90_low,nDCG@10_ci90_high,nDCG@10_ci95_low,nDCG@10_ci95_high,nDCG@100,nDCG@100_std,nDCG@100_stderr,nDCG@100_ci90_low,nDCG@100_ci90_high,nDCG@100_ci95_low,nDCG@100_ci95_high,RR@1,RR@3,RR@5,RR@10,RR@100,P@1,P@3,P@5,P@10,P@100,R@1,R@3,R@5,R@10,R@100,AP
0.5444743935309974,0.498185981100066,0.012932263706920523,0.5231894165284757,0.565759370533519,0.5191069188089784,0.5698418682530163,0.6239089205061442,0.44083542159513683,0.01144351736038652,0.6050742439666117,0.6427435970456767,0.601461718380561,0.6463561226317275,0.649513330046699,0.4155596529468715,0.010787391098397575,0.6317585597566587,0.6672681003367392,0.6283531621745659,0.670673497918832,0.6740686703149501,0.3871480245054813,0.01004986197215486,0.6575277857642151,0.6906095548656851,0.654355213698535,0.6937821269313652,0.7009063040673688,0.34730843692160795,0.009015677807694961,0.6860675643735409,0.7157450437611966,0.6832214668206475,0.71859114131409,0.5444743935309974,0.6109613656783471,0.6250786163522023,0.6347318487143292,0.6397856027158734,0.5444743935309974,0.23944294699011487,0.15700808625336632,0.08652291105121108,0.010006738544474215,0.5264487870619946,0.6824460916442048,0.744777628032345,0.8188454627133873,0.941262353998203,0.6307074610419515
