nDCG@1,nDCG@1_std,nDCG@1_stderr,nDCG@1_ci90_low,nDCG@1_ci90_high,nDCG@1_ci95_low,nDCG@1_ci95_high,nDCG@3,nDCG@3_std,nDCG@3_stderr,nDCG@3_ci90_low,nDCG@3_ci90_high,nDCG@3_ci95_low,nDCG@3_ci95_high,nDCG@5,nDCG@5_std,nDCG@5_stderr,nDCG@5_ci90_low,nDCG@5_ci90_high,nDCG@5_ci95_low,nDCG@5_ci95_high,nDCG@10,nDCG@10_std,nDCG@10_stderr,nDCG@10_ci90_low,nDCG@10_ci90_high,nDCG@10_ci95_low,nDCG@10_ci95_high,nDCG@100,nDCG@100_std,nDCG@100_stderr,nDCG@100_ci90_low,nDCG@100_ci90_high,nDCG@100_ci95_low,nDCG@100_ci95_high,RR@1,RR@3,RR@5,RR@10,RR@100,P@1,P@3,P@5,P@10,P@100,R@1,R@3,R@5,R@10,R@100,AP
0.6199460916442049,0.48556339543121607,0.012604597709229642,0.5992004141319671,0.6406917691564427,0.5952213550461573,0.6446708282422525,0.7021471972979171,0.4110134737367178,0.01066937816620947,0.684586662340882,0.7197077322549522,0.6812185194527428,0.7230758751430914,0.7250444809495271,0.3826144220061307,0.009932175515112265,0.7086972943923089,0.7413916675067453,0.7055618739578806,0.7445270879411736,0.7455445201585842,0.35290236713217327,0.009160889000674334,0.7304667800103022,0.7606222603068662,0.7275748417308648,0.7635141985863035,0.7669696927592066,0.31397445776749666,0.008150370823604272,0.7535551460507595,0.7803842394676537,0.7509822113307062,0.7829571741877069,0.6199460916442049,0.6880053908355801,0.7005053908355804,0.7083857442348014,0.712690255590929,0.6199460916442049,0.2670709793351269,0.17196765498651922,0.09292452830188465,0.010330188679245098,0.6007973944294699,0.761455525606469,0.8162061994609164,0.8779761904761906,0.9719227313566936,0.7054112970308689
