{
  "nDCG@1": 0.6954177897574124,
  "nDCG@1_std": 0.46038539732821854,
  "nDCG@1_stderr": 0.011951009444137722,
  "nDCG@1_ci90_low": 0.6757478412518569,
  "nDCG@1_ci90_high": 0.7150877382629679,
  "nDCG@1_ci95_low": 0.6719751089671547,
  "nDCG@1_ci95_high": 0.7188604705476701,
  "nDCG@3": 0.7742354574902439,
  "nDCG@3_std": 0.370268372037287,
  "nDCG@3_stderr": 0.00961168802651745,
  "nDCG@3_ci90_low": 0.7584157554460955,
  "nDCG@3_ci90_high": 0.7900551595343923,
  "nDCG@3_ci95_low": 0.7553815075110045,
  "nDCG@3_ci95_high": 0.7930894074694833,
  "nDCG@5": 0.7887954080519707,
  "nDCG@5_std": 0.34853664873407925,
  "nDCG@5_stderr": 0.009047560597756136,
  "nDCG@5_ci90_low": 0.7739041930553955,
  "nDCG@5_ci90_high": 0.8036866230485459,
  "nDCG@5_ci95_low": 0.7710480306429645,
  "nDCG@5_ci95_high": 0.8065427854609769,
  "nDCG@10": 0.8066827891091168,
  "nDCG@10_std": 0.31727371504931623,
  "nDCG@10_stderr": 0.008236015275323395,
  "nDCG@10_ci90_low": 0.7931272817593971,
  "nDCG@10_ci90_high": 0.8202382964588366,
  "nDCG@10_ci95_low": 0.7905273105292049,
  "nDCG@10_ci95_high": 0.8228382676890288,
  "nDCG@100": 0.8216852552289697,
  "nDCG@100_std": 0.2832573380280186,
  "nDCG@100_stderr": 0.007352994125225854,
  "nDCG@100_ci90_low": 0.8095830962874261,
  "nDCG@100_ci90_high": 0.8337874141705134,
  "nDCG@100_ci95_low": 0.8072618799537654,
  "nDCG@100_ci95_high": 0.836108630504174,
  "RR@1": 0.6954177897574124,
  "RR@3": 0.7604447439353106,
  "RR@5": 0.7678571428571436,
  "RR@10": 0.7746125336927228,
  "RR@100": 0.7777401651670118,
  "P@1": 0.6954177897574124,
  "P@3": 0.2908805031446495,
  "P@5": 0.1823450134770848,
  "P@10": 0.09737196765498418,
  "P@100": 0.010458221024258571,
  "R@1": 0.6747529200359389,
  "R@3": 0.8303009883198561,
  "R@5": 0.8646675651392633,
  "R@10": 0.9173966756513927,
  "R@100": 0.9837151841868822,
  "AP": 0.7720566140417437
}