nDCG@1,nDCG@1_std,nDCG@1_stderr,nDCG@1_ci90_low,nDCG@1_ci90_high,nDCG@1_ci95_low,nDCG@1_ci95_high,nDCG@3,nDCG@3_std,nDCG@3_stderr,nDCG@3_ci90_low,nDCG@3_ci90_high,nDCG@3_ci95_low,nDCG@3_ci95_high,nDCG@5,nDCG@5_std,nDCG@5_stderr,nDCG@5_ci90_low,nDCG@5_ci90_high,nDCG@5_ci95_low,nDCG@5_ci95_high,nDCG@10,nDCG@10_std,nDCG@10_stderr,nDCG@10_ci90_low,nDCG@10_ci90_high,nDCG@10_ci95_low,nDCG@10_ci95_high,nDCG@100,nDCG@100_std,nDCG@100_stderr,nDCG@100_ci90_low,nDCG@100_ci90_high,nDCG@100_ci95_low,nDCG@100_ci95_high,RR@1,RR@3,RR@5,RR@10,RR@100,P@1,P@3,P@5,P@10,P@100,R@1,R@3,R@5,R@10,R@100,AP
0.6954177897574124,0.46038539732821854,0.011951009444137722,0.6757478412518569,0.7150877382629679,0.6719751089671547,0.7188604705476701,0.7742354574902439,0.370268372037287,0.00961168802651745,0.7584157554460955,0.7900551595343923,0.7553815075110045,0.7930894074694833,0.7887954080519707,0.34853664873407925,0.009047560597756136,0.7739041930553955,0.8036866230485459,0.7710480306429645,0.8065427854609769,0.8066827891091168,0.31727371504931623,0.008236015275323395,0.7931272817593971,0.8202382964588366,0.7905273105292049,0.8228382676890288,0.8216852552289697,0.2832573380280186,0.007352994125225854,0.8095830962874261,0.8337874141705134,0.8072618799537654,0.836108630504174,0.6954177897574124,0.7604447439353106,0.7678571428571436,0.7746125336927228,0.7777401651670118,0.6954177897574124,0.2908805031446495,0.1823450134770848,0.09737196765498418,0.010458221024258571,0.6747529200359389,0.8303009883198561,0.8646675651392633,0.9173966756513927,0.9837151841868822,0.7720566140417437
