nDCG@1,nDCG@1_std,nDCG@1_stderr,nDCG@1_ci90_low,nDCG@1_ci90_high,nDCG@1_ci95_low,nDCG@1_ci95_high,nDCG@3,nDCG@3_std,nDCG@3_stderr,nDCG@3_ci90_low,nDCG@3_ci90_high,nDCG@3_ci95_low,nDCG@3_ci95_high,nDCG@5,nDCG@5_std,nDCG@5_stderr,nDCG@5_ci90_low,nDCG@5_ci90_high,nDCG@5_ci95_low,nDCG@5_ci95_high,nDCG@10,nDCG@10_std,nDCG@10_stderr,nDCG@10_ci90_low,nDCG@10_ci90_high,nDCG@10_ci95_low,nDCG@10_ci95_high,nDCG@100,nDCG@100_std,nDCG@100_stderr,nDCG@100_ci90_low,nDCG@100_ci90_high,nDCG@100_ci95_low,nDCG@100_ci95_high,RR@1,RR@3,RR@5,RR@10,RR@100,P@1,P@3,P@5,P@10,P@100,R@1,R@3,R@5,R@10,R@100,AP
0.6516172506738545,0.4766185955626693,0.01237240227400233,0.6312537393941425,0.6719807619535664,0.6273479804943075,0.6758865208534014,0.723934866498583,0.40461957648846175,0.010503400863622963,0.7066475105571136,0.7412222224400523,0.7033317639063738,0.7445379690907922,0.7477345698892471,0.37496144985336877,0.009733514256514229,0.7317143562747697,0.7637547835037246,0.7286416498518679,0.7668274899266264,0.7668432140145629,0.34366685669242575,0.008921147095028776,0.7521600606968506,0.7815263673322752,0.7493438048969272,0.7843426231321986,0.7852127447108974,0.30793223907601946,0.007993522641484568,0.7720563515651184,0.7983691378566764,0.7695329311729757,0.8008925582488191,0.6522911051212938,0.7119272237196773,0.724191374663074,0.7318989860094984,0.7356623375241772,0.6516172506738545,0.2724618149146418,0.17628032345013103,0.09433962264150725,0.010330188679245098,0.6317946990116801,0.7776280323450134,0.834119496855346,0.8921271338724168,0.9727650494159927,0.7284924418428673
