nDCG@1,nDCG@1_std,nDCG@1_stderr,nDCG@1_ci90_low,nDCG@1_ci90_high,nDCG@1_ci95_low,nDCG@1_ci95_high,nDCG@3,nDCG@3_std,nDCG@3_stderr,nDCG@3_ci90_low,nDCG@3_ci90_high,nDCG@3_ci95_low,nDCG@3_ci95_high,nDCG@5,nDCG@5_std,nDCG@5_stderr,nDCG@5_ci90_low,nDCG@5_ci90_high,nDCG@5_ci95_low,nDCG@5_ci95_high,nDCG@10,nDCG@10_std,nDCG@10_stderr,nDCG@10_ci90_low,nDCG@10_ci90_high,nDCG@10_ci95_low,nDCG@10_ci95_high,nDCG@100,nDCG@100_std,nDCG@100_stderr,nDCG@100_ci90_low,nDCG@100_ci90_high,nDCG@100_ci95_low,nDCG@100_ci95_high,RR@1,RR@3,RR@5,RR@10,RR@100,P@1,P@3,P@5,P@10,P@100,R@1,R@3,R@5,R@10,R@100,AP
0.6199460916442049,0.48556339543121607,0.012604597709229642,0.5992004141319671,0.6406917691564427,0.5952213550461573,0.6446708282422525,0.690008911836496,0.4235820763700975,0.010995642834122141,0.6719113838123043,0.7081064398606878,0.6684402446666737,0.7115775790063184,0.7128685709208044,0.3971074773215401,0.010308396485529765,0.6959021691291397,0.729834972712469,0.6926479820743762,0.7330891597672325,0.7330874460619737,0.36896117226693453,0.009577754811234082,0.7173235940780543,0.7488512980458931,0.7143000582871902,0.7518748338367572,0.7558221718613346,0.32981229927235006,0.008561500704129825,0.7417309539798931,0.7699133897427761,0.7390282324848635,0.7726161112378057,0.6199460916442049,0.6787960467205756,0.6906895777178806,0.6989491079450654,0.7036477198152635,0.6199460916442049,0.25920934411500174,0.16778975741239552,0.09063342318059102,0.010175202156334051,0.6004604672057502,0.739836028751123,0.7947551662174303,0.8557389937106917,0.9565363881401617,0.6964486617616966
