{
  "nDCG@1": 0.6549865229110512,
  "nDCG@1_std": 0.47553291944054815,
  "nDCG@1_stderr": 0.012344219526104499,
  "nDCG@1_ci90_low": 0.6346693971021639,
  "nDCG@1_ci90_high": 0.6753036487199385,
  "nDCG@1_ci95_low": 0.6307725350209082,
  "nDCG@1_ci95_high": 0.6792005108011941,
  "nDCG@3": 0.727014627116393,
  "nDCG@3_std": 0.40420810047479705,
  "nDCG@3_stderr": 0.010492719478518481,
  "nDCG@3_ci90_low": 0.7097448514718815,
  "nDCG@3_ci90_high": 0.7442844027609045,
  "nDCG@3_ci95_low": 0.7064324767544178,
  "nDCG@3_ci95_high": 0.7475967774783682,
  "nDCG@5": 0.7486382764541377,
  "nDCG@5_std": 0.3757756864343618,
  "nDCG@5_stderr": 0.009754650785009013,
  "nDCG@5_ci90_low": 0.7325832746128562,
  "nDCG@5_ci90_high": 0.7646932782954192,
  "nDCG@5_ci95_low": 0.7295038957440987,
  "nDCG@5_ci95_high": 0.7677726571641768,
  "nDCG@10": 0.7691496883901714,
  "nDCG@10_std": 0.3433707682757476,
  "nDCG@10_stderr": 0.008913461022697732,
  "nDCG@10_ci90_low": 0.7544791854387456,
  "nDCG@10_ci90_high": 0.7838201913415972,
  "nDCG@10_ci95_low": 0.7516653560023324,
  "nDCG@10_ci95_high": 0.7866340207780104,
  "nDCG@100": 0.7873519989280396,
  "nDCG@100_std": 0.30825907159486965,
  "nDCG@100_stderr": 0.008002006790943038,
  "nDCG@100_ci90_low": 0.774181641875384,
  "nDCG@100_ci90_high": 0.8005223559806953,
  "nDCG@100_ci95_low": 0.7716555431802309,
  "nDCG@100_ci95_high": 0.8030484546758484,
  "RR@1": 0.6543126684636119,
  "RR@3": 0.7145103324348615,
  "RR@5": 0.7257973944294712,
  "RR@10": 0.7340879433534425,
  "RR@100": 0.7378817922230464,
  "P@1": 0.6549865229110512,
  "P@3": 0.2729110512129346,
  "P@5": 0.1753369272237159,
  "P@10": 0.09433962264150728,
  "P@100": 0.010323450134770705,
  "R@1": 0.6344901168014375,
  "R@3": 0.7785826594788858,
  "R@5": 0.8308063791554356,
  "R@10": 0.8917902066486971,
  "R@100": 0.9711927223719676,
  "AP": 0.7317842733661531
}