nDCG@1,nDCG@1_std,nDCG@1_stderr,nDCG@1_ci90_low,nDCG@1_ci90_high,nDCG@1_ci95_low,nDCG@1_ci95_high,nDCG@3,nDCG@3_std,nDCG@3_stderr,nDCG@3_ci90_low,nDCG@3_ci90_high,nDCG@3_ci95_low,nDCG@3_ci95_high,nDCG@5,nDCG@5_std,nDCG@5_stderr,nDCG@5_ci90_low,nDCG@5_ci90_high,nDCG@5_ci95_low,nDCG@5_ci95_high,nDCG@10,nDCG@10_std,nDCG@10_stderr,nDCG@10_ci90_low,nDCG@10_ci90_high,nDCG@10_ci95_low,nDCG@10_ci95_high,nDCG@100,nDCG@100_std,nDCG@100_stderr,nDCG@100_ci90_low,nDCG@100_ci90_high,nDCG@100_ci95_low,nDCG@100_ci95_high,RR@1,RR@3,RR@5,RR@10,RR@100,P@1,P@3,P@5,P@10,P@100,R@1,R@3,R@5,R@10,R@100,AP
0.671832884097035,0.4697042975580219,0.012192916040875322,0.6517647859353167,0.6919009822587533,0.647915687814602,0.6957500803794681,0.741314399085652,0.3964771816312438,0.010292034824645111,0.7243749266532663,0.7582538715180377,0.7211259046991195,0.7615028934721845,0.7635716857136706,0.36720626058544553,0.009532199573816005,0.7478828122642726,0.7792605591630687,0.7448736574941706,0.7822697139331707,0.7826736548755661,0.33456357198182685,0.00868483759828885,0.7683794390491991,0.796967870701933,0.7656377821751404,0.7997095275759917,0.7998281127476201,0.29954370247279555,0.007775767081144427,0.7870301195076157,0.8126261059876245,0.7845754408762847,0.8150807846189555,0.671832884097035,0.7298966756513932,0.7413522012578625,0.7491552753176746,0.7525542891704513,0.671832884097035,0.27740341419586334,0.17843665768193684,0.09541778975741018,0.010397574123989032,0.6513364779874213,0.7919474393530997,0.8444519317160826,0.9018980233602875,0.9782681940700808,0.7457771319217926
