nDCG@1,nDCG@1_std,nDCG@1_stderr,nDCG@1_ci90_low,nDCG@1_ci90_high,nDCG@1_ci95_low,nDCG@1_ci95_high,nDCG@3,nDCG@3_std,nDCG@3_stderr,nDCG@3_ci90_low,nDCG@3_ci90_high,nDCG@3_ci95_low,nDCG@3_ci95_high,nDCG@5,nDCG@5_std,nDCG@5_stderr,nDCG@5_ci90_low,nDCG@5_ci90_high,nDCG@5_ci95_low,nDCG@5_ci95_high,nDCG@10,nDCG@10_std,nDCG@10_stderr,nDCG@10_ci90_low,nDCG@10_ci90_high,nDCG@10_ci95_low,nDCG@10_ci95_high,nDCG@100,nDCG@100_std,nDCG@100_stderr,nDCG@100_ci90_low,nDCG@100_ci90_high,nDCG@100_ci95_low,nDCG@100_ci95_high,RR@1,RR@3,RR@5,RR@10,RR@100,P@1,P@3,P@5,P@10,P@100,R@1,R@3,R@5,R@10,R@100,AP
0.6320754716981132,0.48240323836790533,0.01252256411926836,0.6114648117756285,0.6526861316205979,0.6075116493117504,0.656639294084476,0.7032311360857845,0.4169577980718308,0.010823685137456228,0.6854166300987155,0.7210456420728535,0.6819997751001141,0.7244624970714548,0.7265001025085486,0.389054420156355,0.010099349537486155,0.7098777672764898,0.7431224377406074,0.7066895728203925,0.7463106321967047,0.7464291935394926,0.35983044738871256,0.009340733003234254,0.7310554514270315,0.7618029356519536,0.7281067394266931,0.764751647652292,0.7685058440809582,0.3201459981717044,0.008310576030119504,0.7548276185446091,0.7821840696173074,0.7522041097406156,0.7848075784213009,0.6320754716981132,0.6921608265947894,0.7045934411500461,0.712563909211484,0.7170812152219855,0.6320754716981132,0.2637017070979306,0.1708894878706164,0.09191374663072571,0.010276280323449951,0.6122529200359389,0.75331311769991,0.808569182389937,0.8685422282120394,0.9666442048517521,0.7097879448115364
