{
  "nDCG@1": 0.6320754716981132,
  "nDCG@1_std": 0.48240323836790533,
  "nDCG@1_stderr": 0.01252256411926836,
  "nDCG@1_ci90_low": 0.6114648117756285,
  "nDCG@1_ci90_high": 0.6526861316205979,
  "nDCG@1_ci95_low": 0.6075116493117504,
  "nDCG@1_ci95_high": 0.656639294084476,
  "nDCG@3": 0.7032311360857845,
  "nDCG@3_std": 0.4169577980718308,
  "nDCG@3_stderr": 0.010823685137456228,
  "nDCG@3_ci90_low": 0.6854166300987155,
  "nDCG@3_ci90_high": 0.7210456420728535,
  "nDCG@3_ci95_low": 0.6819997751001141,
  "nDCG@3_ci95_high": 0.7244624970714548,
  "nDCG@5": 0.7265001025085486,
  "nDCG@5_std": 0.389054420156355,
  "nDCG@5_stderr": 0.010099349537486155,
  "nDCG@5_ci90_low": 0.7098777672764898,
  "nDCG@5_ci90_high": 0.7431224377406074,
  "nDCG@5_ci95_low": 0.7066895728203925,
  "nDCG@5_ci95_high": 0.7463106321967047,
  "nDCG@10": 0.7464291935394926,
  "nDCG@10_std": 0.35983044738871256,
  "nDCG@10_stderr": 0.009340733003234254,
  "nDCG@10_ci90_low": 0.7310554514270315,
  "nDCG@10_ci90_high": 0.7618029356519536,
  "nDCG@10_ci95_low": 0.7281067394266931,
  "nDCG@10_ci95_high": 0.764751647652292,
  "nDCG@100": 0.7685058440809582,
  "nDCG@100_std": 0.3201459981717044,
  "nDCG@100_stderr": 0.008310576030119504,
  "nDCG@100_ci90_low": 0.7548276185446091,
  "nDCG@100_ci90_high": 0.7821840696173074,
  "nDCG@100_ci95_low": 0.7522041097406156,
  "nDCG@100_ci95_high": 0.7848075784213009,
  "RR@1": 0.6320754716981132,
  "RR@3": 0.6921608265947894,
  "RR@5": 0.7045934411500461,
  "RR@10": 0.712563909211484,
  "RR@100": 0.7170812152219855,
  "P@1": 0.6320754716981132,
  "P@3": 0.2637017070979306,
  "P@5": 0.1708894878706164,
  "P@10": 0.09191374663072571,
  "P@100": 0.010276280323449951,
  "R@1": 0.6122529200359389,
  "R@3": 0.75331311769991,
  "R@5": 0.808569182389937,
  "R@10": 0.8685422282120394,
  "R@100": 0.9666442048517521,
  "AP": 0.7097879448115364
}