nDCG@1,nDCG@1_std,nDCG@1_stderr,nDCG@1_ci90_low,nDCG@1_ci90_high,nDCG@1_ci95_low,nDCG@1_ci95_high,nDCG@3,nDCG@3_std,nDCG@3_stderr,nDCG@3_ci90_low,nDCG@3_ci90_high,nDCG@3_ci95_low,nDCG@3_ci95_high,nDCG@5,nDCG@5_std,nDCG@5_stderr,nDCG@5_ci90_low,nDCG@5_ci90_high,nDCG@5_ci95_low,nDCG@5_ci95_high,nDCG@10,nDCG@10_std,nDCG@10_stderr,nDCG@10_ci90_low,nDCG@10_ci90_high,nDCG@10_ci95_low,nDCG@10_ci95_high,nDCG@100,nDCG@100_std,nDCG@100_stderr,nDCG@100_ci90_low,nDCG@100_ci90_high,nDCG@100_ci95_low,nDCG@100_ci95_high,RR@1,RR@3,RR@5,RR@10,RR@100,P@1,P@3,P@5,P@10,P@100,R@1,R@3,R@5,R@10,R@100,AP
0.671832884097035,0.4697042975580219,0.012192916040875322,0.6517647859353167,0.6919009822587533,0.647915687814602,0.6957500803794681,0.7415157326777441,0.39646036467165635,0.01029159827812557,0.7245769787493139,0.7584544866061742,0.7213280946055468,0.7617033707499413,0.7631458283057083,0.36720864017428073,0.009532261344864365,0.7474568531884682,0.7788348034229484,0.7444476789182872,0.7818439776931294,0.7823897281630938,0.335411287744517,0.008706843203037933,0.7680592937131645,0.7967201626130231,0.7653106900405221,0.7994687662856655,0.7997144862950675,0.3003957290768201,0.007797884589758834,0.7868800902509694,0.8125488823391656,0.7844184294948902,0.8150105430952448,0.671832884097035,0.7300089847259665,0.7412286612758323,0.74891247379455,0.7525683936682546,0.671832884097035,0.2774034141958634,0.17803234501347318,0.09521563342317836,0.01037061994609146,0.6509995507637016,0.7918351302785265,0.8432726864330636,0.9003818508535488,0.9755727762803235,0.7462037872039428
