nDCG@1,nDCG@1_std,nDCG@1_stderr,nDCG@1_ci90_low,nDCG@1_ci90_high,nDCG@1_ci95_low,nDCG@1_ci95_high,nDCG@3,nDCG@3_std,nDCG@3_stderr,nDCG@3_ci90_low,nDCG@3_ci90_high,nDCG@3_ci95_low,nDCG@3_ci95_high,nDCG@5,nDCG@5_std,nDCG@5_stderr,nDCG@5_ci90_low,nDCG@5_ci90_high,nDCG@5_ci95_low,nDCG@5_ci95_high,nDCG@10,nDCG@10_std,nDCG@10_stderr,nDCG@10_ci90_low,nDCG@10_ci90_high,nDCG@10_ci95_low,nDCG@10_ci95_high,nDCG@100,nDCG@100_std,nDCG@100_stderr,nDCG@100_ci90_low,nDCG@100_ci90_high,nDCG@100_ci95_low,nDCG@100_ci95_high,RR@1,RR@3,RR@5,RR@10,RR@100,P@1,P@3,P@5,P@10,P@100,R@1,R@3,R@5,R@10,R@100,AP
0.6442048517520216,0.4789149357254043,0.012432012294500513,0.6237432294266197,0.6646664740774234,0.6198186526478535,0.6685910508561896,0.7144987214084337,0.411289230305466,0.010676536450065817,0.6969264047625379,0.7320710380543296,0.6935560021248157,0.7354414406920518,0.7375677149601446,0.3831640894717829,0.009946444171571108,0.7211970438814639,0.7539383860388253,0.7180571190726451,0.7570783108476441,0.7588223415865245,0.35015642321900087,0.00908960784834013,0.7438619217869866,0.7737827613860624,0.7409924857661208,0.7766521974069283,0.7781899899950534,0.31365664075586003,0.008142120705052252,0.764789022006282,0.7915909579838248,0.7622186917096256,0.7941612882804812,0.6442048517520216,0.7026055705300996,0.7148360287511243,0.7235514803405644,0.7273837163826784,0.6442048517520216,0.2684186882300058,0.17331536388139804,0.09346361185983612,0.010296495956873132,0.6250561545372866,0.7654986522911051,0.8203054806828393,0.8841531895777179,0.969395777178796,0.7207325855058704
