nDCG@1,nDCG@1_std,nDCG@1_stderr,nDCG@1_ci90_low,nDCG@1_ci90_high,nDCG@1_ci95_low,nDCG@1_ci95_high,nDCG@3,nDCG@3_std,nDCG@3_stderr,nDCG@3_ci90_low,nDCG@3_ci90_high,nDCG@3_ci95_low,nDCG@3_ci95_high,nDCG@5,nDCG@5_std,nDCG@5_stderr,nDCG@5_ci90_low,nDCG@5_ci90_high,nDCG@5_ci95_low,nDCG@5_ci95_high,nDCG@10,nDCG@10_std,nDCG@10_stderr,nDCG@10_ci90_low,nDCG@10_ci90_high,nDCG@10_ci95_low,nDCG@10_ci95_high,nDCG@100,nDCG@100_std,nDCG@100_stderr,nDCG@100_ci90_low,nDCG@100_ci90_high,nDCG@100_ci95_low,nDCG@100_ci95_high,RR@1,RR@3,RR@5,RR@10,RR@100,P@1,P@3,P@5,P@10,P@100,R@1,R@3,R@5,R@10,R@100,AP
0.6711590296495957,0.46995043315408763,0.012199305402593116,0.6510804153539425,0.691237643945249,0.6472293002194061,0.6950887590797854,0.7416921878712368,0.3959563904154355,0.01027851575828317,0.7247749662236426,0.758609409518831,0.7215302120109247,0.7618541637315489,0.7630025393557289,0.36711622233042007,0.009529862297172594,0.7473175127873356,0.7786875659241222,0.7443090958560825,0.7816959828553753,0.7822073032348144,0.33524827522982165,0.00870261160899967,0.7678838334883453,0.7965307729812834,0.7651365656586304,0.7992780408109983,0.7995954603697167,0.3002571851960881,0.007794288169810104,0.786766983607628,0.8124239371318055,0.7843064581807202,0.8148844625587133,0.6711590296495957,0.7300089847259664,0.7410265049416004,0.7487383947289613,0.752385487716638,0.6711590296495957,0.2776280323450098,0.17803234501347318,0.09514824797843445,0.01037061994609146,0.6503256963162624,0.7925089847259658,0.8432726864330636,0.900213387241689,0.9755727762803235,0.746029895292168
