{
  "nDCG@1": 0.6516172506738545,
  "nDCG@1_std": 0.4766185955626693,
  "nDCG@1_stderr": 0.01237240227400233,
  "nDCG@1_ci90_low": 0.6312537393941425,
  "nDCG@1_ci90_high": 0.6719807619535664,
  "nDCG@1_ci95_low": 0.6273479804943075,
  "nDCG@1_ci95_high": 0.6758865208534014,
  "nDCG@3": 0.723934866498583,
  "nDCG@3_std": 0.40461957648846175,
  "nDCG@3_stderr": 0.010503400863622963,
  "nDCG@3_ci90_low": 0.7066475105571136,
  "nDCG@3_ci90_high": 0.7412222224400523,
  "nDCG@3_ci95_low": 0.7033317639063738,
  "nDCG@3_ci95_high": 0.7445379690907922,
  "nDCG@5": 0.7477345698892471,
  "nDCG@5_std": 0.37496144985336877,
  "nDCG@5_stderr": 0.009733514256514229,
  "nDCG@5_ci90_low": 0.7317143562747697,
  "nDCG@5_ci90_high": 0.7637547835037246,
  "nDCG@5_ci95_low": 0.7286416498518679,
  "nDCG@5_ci95_high": 0.7668274899266264,
  "nDCG@10": 0.7668432140145629,
  "nDCG@10_std": 0.34366685669242575,
  "nDCG@10_stderr": 0.008921147095028776,
  "nDCG@10_ci90_low": 0.7521600606968506,
  "nDCG@10_ci90_high": 0.7815263673322752,
  "nDCG@10_ci95_low": 0.7493438048969272,
  "nDCG@10_ci95_high": 0.7843426231321986,
  "nDCG@100": 0.7852127447108974,
  "nDCG@100_std": 0.30793223907601946,
  "nDCG@100_stderr": 0.007993522641484568,
  "nDCG@100_ci90_low": 0.7720563515651184,
  "nDCG@100_ci90_high": 0.7983691378566764,
  "nDCG@100_ci95_low": 0.7695329311729757,
  "nDCG@100_ci95_high": 0.8008925582488191,
  "RR@1": 0.6522911051212938,
  "RR@3": 0.7119272237196773,
  "RR@5": 0.724191374663074,
  "RR@10": 0.7318989860094984,
  "RR@100": 0.7356623375241772,
  "P@1": 0.6516172506738545,
  "P@3": 0.2724618149146418,
  "P@5": 0.17628032345013103,
  "P@10": 0.09433962264150725,
  "P@100": 0.010330188679245098,
  "R@1": 0.6317946990116801,
  "R@3": 0.7776280323450134,
  "R@5": 0.834119496855346,
  "R@10": 0.8921271338724168,
  "R@100": 0.9727650494159927,
  "AP": 0.7284924418428673
}