nDCG@1,nDCG@1_std,nDCG@1_stderr,nDCG@1_ci90_low,nDCG@1_ci90_high,nDCG@1_ci95_low,nDCG@1_ci95_high,nDCG@3,nDCG@3_std,nDCG@3_stderr,nDCG@3_ci90_low,nDCG@3_ci90_high,nDCG@3_ci95_low,nDCG@3_ci95_high,nDCG@5,nDCG@5_std,nDCG@5_stderr,nDCG@5_ci90_low,nDCG@5_ci90_high,nDCG@5_ci95_low,nDCG@5_ci95_high,nDCG@10,nDCG@10_std,nDCG@10_stderr,nDCG@10_ci90_low,nDCG@10_ci90_high,nDCG@10_ci95_low,nDCG@10_ci95_high,nDCG@100,nDCG@100_std,nDCG@100_stderr,nDCG@100_ci90_low,nDCG@100_ci90_high,nDCG@100_ci95_low,nDCG@100_ci95_high,RR@1,RR@3,RR@5,RR@10,RR@100,P@1,P@3,P@5,P@10,P@100,R@1,R@3,R@5,R@10,R@100,AP
0.6509433962264151,0.47683257538992574,0.012377956913552668,0.6305707426667616,0.6713160497860685,0.6266632302608266,0.6752235621920035,0.7244529989300295,0.4062709959819661,0.010546269577699559,0.7070950861538151,0.7418109117062438,0.7037658065724591,0.7451401912875998,0.748415541660793,0.37647671990220094,0.009772848707105201,0.7323305881913907,0.7645004951301954,0.7292454645452963,0.7675856187762898,0.7671585165499354,0.346696569041725,0.008999794508933788,0.7523459188878907,0.7819711142119801,0.7495048354247531,0.7848121976751177,0.7863820288869356,0.30902243463110995,0.00802182270801677,0.7731790571777313,0.79958500059614,0.7706467029314932,0.8021173548423781,0.6509433962264151,0.7113656783468107,0.7235961365678353,0.7309349997860778,0.7349825010993556,0.6509433962264151,0.272012578616349,0.1761455525606432,0.09427223719676334,0.010350404312668279,0.633423180592992,0.7759995507637016,0.8320417789757413,0.8885893980233603,0.9733265947888589,0.7307450056949649
