nDCG@1,nDCG@1_std,nDCG@1_stderr,nDCG@1_ci90_low,nDCG@1_ci90_high,nDCG@1_ci95_low,nDCG@1_ci95_high,nDCG@3,nDCG@3_std,nDCG@3_stderr,nDCG@3_ci90_low,nDCG@3_ci90_high,nDCG@3_ci95_low,nDCG@3_ci95_high,nDCG@5,nDCG@5_std,nDCG@5_stderr,nDCG@5_ci90_low,nDCG@5_ci90_high,nDCG@5_ci95_low,nDCG@5_ci95_high,nDCG@10,nDCG@10_std,nDCG@10_stderr,nDCG@10_ci90_low,nDCG@10_ci90_high,nDCG@10_ci95_low,nDCG@10_ci95_high,nDCG@100,nDCG@100_std,nDCG@100_stderr,nDCG@100_ci90_low,nDCG@100_ci90_high,nDCG@100_ci95_low,nDCG@100_ci95_high,RR@1,RR@3,RR@5,RR@10,RR@100,P@1,P@3,P@5,P@10,P@100,R@1,R@3,R@5,R@10,R@100,AP
0.6549865229110512,0.47553291944054815,0.012344219526104499,0.6346693971021639,0.6753036487199385,0.6307725350209082,0.6792005108011941,0.7314872877248391,0.3997682483564237,0.010377466660107677,0.7144072045924,0.7485673708572781,0.7111312132474836,0.7518433622021945,0.7559919501095368,0.36877306787210895,0.009572871864441914,0.7402361348786972,0.7717477653403764,0.7372141405518486,0.7747697596672249,0.77301869253634,0.34145314060594434,0.008863681888682714,0.7584301201538175,0.7876072649188626,0.7556320051511415,0.7904053799215386,0.7919694317249848,0.30330703318917895,0.007873458278984153,0.7790106503239521,0.8049282131260175,0.7765251322277422,0.8074137312222274,0.6543126684636119,0.7178796046720576,0.7303122192273142,0.7368520836007362,0.7409244195553217,0.6549865229110512,0.2751572327043991,0.17843665768193687,0.09487870619945873,0.010384097035040245,0.6367924528301887,0.7852650494159927,0.8427111410601976,0.8936433063791555,0.9766958670260556,0.7365543962230953
