nDCG@1,nDCG@1_std,nDCG@1_stderr,nDCG@1_ci90_low,nDCG@1_ci90_high,nDCG@1_ci95_low,nDCG@1_ci95_high,nDCG@3,nDCG@3_std,nDCG@3_stderr,nDCG@3_ci90_low,nDCG@3_ci90_high,nDCG@3_ci95_low,nDCG@3_ci95_high,nDCG@5,nDCG@5_std,nDCG@5_stderr,nDCG@5_ci90_low,nDCG@5_ci90_high,nDCG@5_ci95_low,nDCG@5_ci95_high,nDCG@10,nDCG@10_std,nDCG@10_stderr,nDCG@10_ci90_low,nDCG@10_ci90_high,nDCG@10_ci95_low,nDCG@10_ci95_high,nDCG@100,nDCG@100_std,nDCG@100_stderr,nDCG@100_ci90_low,nDCG@100_ci90_high,nDCG@100_ci95_low,nDCG@100_ci95_high,RR@1,RR@3,RR@5,RR@10,RR@100,P@1,P@3,P@5,P@10,P@100,R@1,R@3,R@5,R@10,R@100,AP
0.6597035040431267,0.47396853230656943,0.012303610059512016,0.6394532166147499,0.6799537914715036,0.6355691742577523,0.6838378338285012,0.7398629179701564,0.3930913315088886,0.010204142534786373,0.7230681058548457,0.756657730085467,0.7198468300154582,0.7598790059248545,0.7622644255152534,0.3645933080324427,0.009464370705178459,0.7466871903638189,0.7778416606666879,0.7436994480245028,0.780829403006004,0.7793178977853772,0.336055665526375,0.008723570416805505,0.7649599323193452,0.7936758632514092,0.7622060481472012,0.7964297474235532,0.7982405103636103,0.296646209809223,0.007700551919265633,0.7855663123869189,0.8109147083403018,0.7831353779146772,0.8133456428125434,0.6597035040431267,0.7261904761904767,0.7369721473495068,0.7438077589526382,0.7478147219657998,0.6597035040431267,0.2789757412398886,0.1797843665768156,0.09548517520215415,0.01045148247978418,0.6403301886792453,0.795822102425876,0.8484950584007187,0.8995395327942498,0.9830974842767295,0.742740308810004
