{
  "nDCG@1": 0.6482479784366577,
  "nDCG@1_std": 0.47767802388250347,
  "nDCG@1_stderr": 0.012399903662902159,
  "nDCG@1_ci90_low": 0.6278392031224708,
  "nDCG@1_ci90_high": 0.6686567537508447,
  "nDCG@1_ci95_low": 0.6239247624976098,
  "nDCG@1_ci95_high": 0.6725711943757057,
  "nDCG@3": 0.7202619248451888,
  "nDCG@3_std": 0.4090119876182117,
  "nDCG@3_stderr": 0.010617422175330106,
  "nDCG@3_ci90_low": 0.7027869033060729,
  "nDCG@3_ci90_high": 0.7377369463843048,
  "nDCG@3_ci95_low": 0.6994351620486988,
  "nDCG@3_ci95_high": 0.7410886876416788,
  "nDCG@5": 0.7429152723464015,
  "nDCG@5_std": 0.3815145074239876,
  "nDCG@5_stderr": 0.009903623155208536,
  "nDCG@5_ci90_low": 0.7266150795976681,
  "nDCG@5_ci90_high": 0.7592154650951349,
  "nDCG@5_ci95_low": 0.723488672662101,
  "nDCG@5_ci95_high": 0.762341872030702,
  "nDCG@10": 0.7629571772153239,
  "nDCG@10_std": 0.350190771091985,
  "nDCG@10_stderr": 0.00909049947469666,
  "nDCG@10_ci90_low": 0.7479952899042254,
  "nDCG@10_ci90_high": 0.7779190645264223,
  "nDCG@10_ci95_low": 0.7451255724119444,
  "nDCG@10_ci95_high": 0.7807887820187033,
  "nDCG@100": 0.7827789413052415,
  "nDCG@100_std": 0.3121469201380994,
  "nDCG@100_stderr": 0.008102930310514166,
  "nDCG@100_ci90_low": 0.7694424760721644,
  "nDCG@100_ci90_high": 0.7961154065383186,
  "nDCG@100_ci95_low": 0.7668845175226325,
  "nDCG@100_ci95_high": 0.7986733650878505,
  "RR@1": 0.6475741239892183,
  "RR@3": 0.7072102425876016,
  "RR@5": 0.7187668463611865,
  "RR@10": 0.7268520301202239,
  "RR@100": 0.730909245610081,
  "P@1": 0.6482479784366577,
  "P@3": 0.2702156334231774,
  "P@5": 0.17425876010781313,
  "P@10": 0.09373315363881189,
  "P@100": 0.010330188679245098,
  "R@1": 0.6303908355795148,
  "R@3": 0.7710579514824798,
  "R@5": 0.8240678346810423,
  "R@10": 0.883984725965858,
  "R@100": 0.9716419586702605,
  "AP": 0.7268010740949583
}