nDCG@1,nDCG@1_std,nDCG@1_stderr,nDCG@1_ci90_low,nDCG@1_ci90_high,nDCG@1_ci95_low,nDCG@1_ci95_high,nDCG@3,nDCG@3_std,nDCG@3_stderr,nDCG@3_ci90_low,nDCG@3_ci90_high,nDCG@3_ci95_low,nDCG@3_ci95_high,nDCG@5,nDCG@5_std,nDCG@5_stderr,nDCG@5_ci90_low,nDCG@5_ci90_high,nDCG@5_ci95_low,nDCG@5_ci95_high,nDCG@10,nDCG@10_std,nDCG@10_stderr,nDCG@10_ci90_low,nDCG@10_ci90_high,nDCG@10_ci95_low,nDCG@10_ci95_high,nDCG@100,nDCG@100_std,nDCG@100_stderr,nDCG@100_ci90_low,nDCG@100_ci90_high,nDCG@100_ci95_low,nDCG@100_ci95_high,RR@1,RR@3,RR@5,RR@10,RR@100,P@1,P@3,P@5,P@10,P@100,R@1,R@3,R@5,R@10,R@100,AP
0.6024258760107817,0.489561480222151,0.012708382819209711,0.5815093804786525,0.6233423715429108,0.5774975581825947,0.6273541938389686,0.6796438271685113,0.4240435575599572,0.01100762228892308,0.6615265823781201,0.6977610719589026,0.6580516615204849,0.7012359928165378,0.7102739042300403,0.3894386002759316,0.010109322356485095,0.6936351549170555,0.7269126535430251,0.6904438122100608,0.7301039962500199,0.7301680582025604,0.3614158051224478,0.009381886839472676,0.7147265817415156,0.7456095346636051,0.7117648781685958,0.7485712382365249,0.752142363404923,0.3229357811656575,0.008382995188288545,0.7383449444967789,0.7659397823130671,0.7356985741849494,0.7685861526248966,0.601078167115903,0.6656558849955084,0.6814914645103336,0.6895595345056267,0.6940395867596851,0.6024258760107817,0.2578616352201232,0.1707547169811286,0.09184636118598179,0.010242587601077985,0.5836141060197664,0.7361859838274932,0.8084007187780772,0.8679806828391734,0.965071877807727,0.6888596445765643
