nDCG@1,nDCG@1_std,nDCG@1_stderr,nDCG@1_ci90_low,nDCG@1_ci90_high,nDCG@1_ci95_low,nDCG@1_ci95_high,nDCG@3,nDCG@3_std,nDCG@3_stderr,nDCG@3_ci90_low,nDCG@3_ci90_high,nDCG@3_ci95_low,nDCG@3_ci95_high,nDCG@5,nDCG@5_std,nDCG@5_stderr,nDCG@5_ci90_low,nDCG@5_ci90_high,nDCG@5_ci95_low,nDCG@5_ci95_high,nDCG@10,nDCG@10_std,nDCG@10_stderr,nDCG@10_ci90_low,nDCG@10_ci90_high,nDCG@10_ci95_low,nDCG@10_ci95_high,nDCG@100,nDCG@100_std,nDCG@100_stderr,nDCG@100_ci90_low,nDCG@100_ci90_high,nDCG@100_ci95_low,nDCG@100_ci95_high,RR@1,RR@3,RR@5,RR@10,RR@100,P@1,P@3,P@5,P@10,P@100,R@1,R@3,R@5,R@10,R@100,AP
0.6482479784366577,0.47767802388250347,0.012399903662902159,0.6278392031224708,0.6686567537508447,0.6239247624976098,0.6725711943757057,0.7202619248451888,0.4090119876182117,0.010617422175330106,0.7027869033060729,0.7377369463843048,0.6994351620486988,0.7410886876416788,0.7429152723464015,0.3815145074239876,0.009903623155208536,0.7266150795976681,0.7592154650951349,0.723488672662101,0.762341872030702,0.7629571772153239,0.350190771091985,0.00909049947469666,0.7479952899042254,0.7779190645264223,0.7451255724119444,0.7807887820187033,0.7827789413052415,0.3121469201380994,0.008102930310514166,0.7694424760721644,0.7961154065383186,0.7668845175226325,0.7986733650878505,0.6475741239892183,0.7072102425876016,0.7187668463611865,0.7268520301202239,0.730909245610081,0.6482479784366577,0.2702156334231774,0.17425876010781313,0.09373315363881189,0.010330188679245098,0.6303908355795148,0.7710579514824798,0.8240678346810423,0.883984725965858,0.9716419586702605,0.7268010740949583
