nDCG@1,nDCG@1_std,nDCG@1_stderr,nDCG@1_ci90_low,nDCG@1_ci90_high,nDCG@1_ci95_low,nDCG@1_ci95_high,nDCG@3,nDCG@3_std,nDCG@3_stderr,nDCG@3_ci90_low,nDCG@3_ci90_high,nDCG@3_ci95_low,nDCG@3_ci95_high,nDCG@5,nDCG@5_std,nDCG@5_stderr,nDCG@5_ci90_low,nDCG@5_ci90_high,nDCG@5_ci95_low,nDCG@5_ci95_high,nDCG@10,nDCG@10_std,nDCG@10_stderr,nDCG@10_ci90_low,nDCG@10_ci90_high,nDCG@10_ci95_low,nDCG@10_ci95_high,nDCG@100,nDCG@100_std,nDCG@100_stderr,nDCG@100_ci90_low,nDCG@100_ci90_high,nDCG@100_ci95_low,nDCG@100_ci95_high,RR@1,RR@3,RR@5,RR@10,RR@100,P@1,P@3,P@5,P@10,P@100,R@1,R@3,R@5,R@10,R@100,AP
0.6145552560646901,0.48686427433568363,0.012638366843010156,0.5937539985509768,0.6353565135784034,0.5897642791187053,0.6393462330106748,0.6937383407554766,0.4170373890045193,0.01082575121512452,0.6759204342488503,0.7115562472621029,0.6725029270243463,0.7149737544866068,0.7236158505305432,0.381753799757131,0.00990983487467206,0.7073054340260216,0.7399262670350648,0.704177066155299,0.7430546349057875,0.742042830832175,0.354856029832687,0.009211603557478258,0.7268816205196799,0.7572040411446702,0.7239736725092945,0.7601119891550556,0.7634594613972512,0.3154360514489938,0.008188311905125178,0.7499824681546222,0.7769364546398801,0.7473975560745107,0.7795213667199916,0.6138814016172507,0.6789083557951491,0.6945754716981147,0.7019006973858734,0.7062595506451212,0.6145552560646901,0.26347708894878413,0.17371967654986167,0.09285714285714078,0.010330188679245098,0.594845013477089,0.7520215633423181,0.8227201257861634,0.8775269541778976,0.9734950584007187,0.7011661450613889
