{
  "nDCG@1": 0.6549865229110512,
  "nDCG@1_std": 0.47553291944054815,
  "nDCG@1_stderr": 0.012344219526104499,
  "nDCG@1_ci90_low": 0.6346693971021639,
  "nDCG@1_ci90_high": 0.6753036487199385,
  "nDCG@1_ci95_low": 0.6307725350209082,
  "nDCG@1_ci95_high": 0.6792005108011941,
  "nDCG@3": 0.7314872877248391,
  "nDCG@3_std": 0.3997682483564237,
  "nDCG@3_stderr": 0.010377466660107677,
  "nDCG@3_ci90_low": 0.7144072045924,
  "nDCG@3_ci90_high": 0.7485673708572781,
  "nDCG@3_ci95_low": 0.7111312132474836,
  "nDCG@3_ci95_high": 0.7518433622021945,
  "nDCG@5": 0.7559919501095368,
  "nDCG@5_std": 0.36877306787210895,
  "nDCG@5_stderr": 0.009572871864441914,
  "nDCG@5_ci90_low": 0.7402361348786972,
  "nDCG@5_ci90_high": 0.7717477653403764,
  "nDCG@5_ci95_low": 0.7372141405518486,
  "nDCG@5_ci95_high": 0.7747697596672249,
  "nDCG@10": 0.77301869253634,
  "nDCG@10_std": 0.34145314060594434,
  "nDCG@10_stderr": 0.008863681888682714,
  "nDCG@10_ci90_low": 0.7584301201538175,
  "nDCG@10_ci90_high": 0.7876072649188626,
  "nDCG@10_ci95_low": 0.7556320051511415,
  "nDCG@10_ci95_high": 0.7904053799215386,
  "nDCG@100": 0.7919694317249848,
  "nDCG@100_std": 0.30330703318917895,
  "nDCG@100_stderr": 0.007873458278984153,
  "nDCG@100_ci90_low": 0.7790106503239521,
  "nDCG@100_ci90_high": 0.8049282131260175,
  "nDCG@100_ci95_low": 0.7765251322277422,
  "nDCG@100_ci95_high": 0.8074137312222274,
  "RR@1": 0.6543126684636119,
  "RR@3": 0.7178796046720576,
  "RR@5": 0.7303122192273142,
  "RR@10": 0.7368520836007362,
  "RR@100": 0.7409244195553217,
  "P@1": 0.6549865229110512,
  "P@3": 0.2751572327043991,
  "P@5": 0.17843665768193687,
  "P@10": 0.09487870619945873,
  "P@100": 0.010384097035040245,
  "R@1": 0.6367924528301887,
  "R@3": 0.7852650494159927,
  "R@5": 0.8427111410601976,
  "R@10": 0.8936433063791555,
  "R@100": 0.9766958670260556,
  "AP": 0.7365543962230953
}