nDCG@1,nDCG@1_std,nDCG@1_stderr,nDCG@1_ci90_low,nDCG@1_ci90_high,nDCG@1_ci95_low,nDCG@1_ci95_high,nDCG@3,nDCG@3_std,nDCG@3_stderr,nDCG@3_ci90_low,nDCG@3_ci90_high,nDCG@3_ci95_low,nDCG@3_ci95_high,nDCG@5,nDCG@5_std,nDCG@5_stderr,nDCG@5_ci90_low,nDCG@5_ci90_high,nDCG@5_ci95_low,nDCG@5_ci95_high,nDCG@10,nDCG@10_std,nDCG@10_stderr,nDCG@10_ci90_low,nDCG@10_ci90_high,nDCG@10_ci95_low,nDCG@10_ci95_high,nDCG@100,nDCG@100_std,nDCG@100_stderr,nDCG@100_ci90_low,nDCG@100_ci90_high,nDCG@100_ci95_low,nDCG@100_ci95_high,RR@1,RR@3,RR@5,RR@10,RR@100,P@1,P@3,P@5,P@10,P@100,R@1,R@3,R@5,R@10,R@100,AP
0.6516172506738545,0.4766185955626693,0.01237240227400233,0.6312537393941425,0.6719807619535664,0.6273479804943075,0.6758865208534014,0.7312705363653442,0.398059307301353,0.01033310476069221,0.7142634676741697,0.7482776050565187,0.7110014806333179,0.7515395920973705,0.7554069878535011,0.36728821436861964,0.009534326988026752,0.739714612931849,0.7710993627751532,0.7367047865729317,0.7741091891340706,0.7704445912958933,0.34356263378007434,0.008918441603027865,0.755765890898128,0.7851232916936586,0.7529504891764366,0.7879386934153499,0.7909468262775062,0.3024231807431983,0.007850514612676666,0.7780258074384485,0.803867845116564,0.7755475322710482,0.8063461202839642,0.6509433962264151,0.7170934411500453,0.7292565139263261,0.7348077910409453,0.739217183462238,0.6516172506738545,0.27583108715183835,0.17870619946091257,0.09440700808625124,0.01041105121293782,0.6337601078167115,0.7876235399820305,0.8440588499550763,0.8890947888589399,0.9793912848158131,0.7347073933791481
