{
  "nDCG@1": 0.6711590296495957,
  "nDCG@1_std": 0.46995043315408763,
  "nDCG@1_stderr": 0.012199305402593116,
  "nDCG@1_ci90_low": 0.6510804153539425,
  "nDCG@1_ci90_high": 0.691237643945249,
  "nDCG@1_ci95_low": 0.6472293002194061,
  "nDCG@1_ci95_high": 0.6950887590797854,
  "nDCG@3": 0.747175622263968,
  "nDCG@3_std": 0.3905730111120076,
  "nDCG@3_stderr": 0.010138770194522868,
  "nDCG@3_ci90_low": 0.7304884052913675,
  "nDCG@3_ci90_high": 0.7638628392365686,
  "nDCG@3_ci95_low": 0.7272877663981552,
  "nDCG@3_ci95_high": 0.7670634781297809,
  "nDCG@5": 0.7722103891922835,
  "nDCG@5_std": 0.35624828026549427,
  "nDCG@5_stderr": 0.009247744577952943,
  "nDCG@5_ci90_low": 0.7569896950332564,
  "nDCG@5_ci90_high": 0.7874310833513105,
  "nDCG@5_ci95_low": 0.7540703379117509,
  "nDCG@5_ci95_high": 0.790350440472816,
  "nDCG@10": 0.7885244414879596,
  "nDCG@10_std": 0.3280820390311308,
  "nDCG@10_stderr": 0.008516585386216548,
  "nDCG@10_ci90_low": 0.774507148909196,
  "nDCG@10_ci90_high": 0.8025417340667232,
  "nDCG@10_ci95_low": 0.7718186064231248,
  "nDCG@10_ci95_high": 0.8052302765527944,
  "nDCG@100": 0.8058156794823117,
  "nDCG@100_std": 0.29098276885968777,
  "nDCG@100_stderr": 0.007553536317409002,
  "nDCG@100_ci90_low": 0.7933834518037403,
  "nDCG@100_ci90_high": 0.8182479071608831,
  "nDCG@100_ci95_low": 0.7909989276795175,
  "nDCG@100_ci95_high": 0.8206324312851059,
  "RR@1": 0.6704851752021563,
  "RR@3": 0.7338274932614561,
  "RR@5": 0.7462264150943406,
  "RR@10": 0.7527863346596505,
  "RR@100": 0.7562371833427938,
  "P@1": 0.6711590296495957,
  "P@3": 0.28077268643305997,
  "P@5": 0.18194070080862132,
  "P@10": 0.09642857142856918,
  "P@100": 0.01049191374663054,
  "R@1": 0.6512803234501348,
  "R@3": 0.8008760107816711,
  "R@5": 0.8601190476190476,
  "R@10": 0.9090296495956873,
  "R@100": 0.9869721473495058,
  "AP": 0.7513382258691303
}