nDCG@1,nDCG@1_std,nDCG@1_stderr,nDCG@1_ci90_low,nDCG@1_ci90_high,nDCG@1_ci95_low,nDCG@1_ci95_high,nDCG@3,nDCG@3_std,nDCG@3_stderr,nDCG@3_ci90_low,nDCG@3_ci90_high,nDCG@3_ci95_low,nDCG@3_ci95_high,nDCG@5,nDCG@5_std,nDCG@5_stderr,nDCG@5_ci90_low,nDCG@5_ci90_high,nDCG@5_ci95_low,nDCG@5_ci95_high,nDCG@10,nDCG@10_std,nDCG@10_stderr,nDCG@10_ci90_low,nDCG@10_ci90_high,nDCG@10_ci95_low,nDCG@10_ci95_high,nDCG@100,nDCG@100_std,nDCG@100_stderr,nDCG@100_ci90_low,nDCG@100_ci90_high,nDCG@100_ci95_low,nDCG@100_ci95_high,RR@1,RR@3,RR@5,RR@10,RR@100,P@1,P@3,P@5,P@10,P@100,R@1,R@3,R@5,R@10,R@100,AP
0.6455525606469003,0.47850678542252056,0.012421417240546373,0.6251083765275901,0.6659967447662104,0.6211871444288108,0.6699179768649897,0.7210795420744607,0.40583367636779694,0.010534917326152545,0.7037403137620479,0.7384187703868734,0.7004146178951988,0.7417444662537226,0.7453275364389054,0.3750608369035455,0.009736094215787873,0.7293030765165075,0.7613519963613032,0.7262295556439402,0.7644255172338705,0.76450848868141,0.345735008963944,0.008974833653013168,0.749736973636939,0.7792800037258809,0.7469037698953785,0.7821132074674414,0.7847651431946095,0.30561223385832736,0.007933298306768494,0.7717078721830891,0.79782241420613,0.7692034635985238,0.8003268227906953,0.6455525606469003,0.7079964061096143,0.7205637915543587,0.7280588178667704,0.7319544759330426,0.6455525606469003,0.27133872416890953,0.17587601078166737,0.09433962264150729,0.010438005390835394,0.6270215633423181,0.7751010781671159,0.832491015274034,0.8892632524707995,0.9819182389937106,0.7264911600304306
