{
  "nDCG@1": 0.6590296495956873,
  "nDCG@1_std": 0.47419520684824956,
  "nDCG@1_stderr": 0.012309494237429226,
  "nDCG@1_ci90_low": 0.6387696775061804,
  "nDCG@1_ci90_high": 0.6792896216851942,
  "nDCG@1_ci95_low": 0.6348837776133738,
  "nDCG@1_ci95_high": 0.6831755215780009,
  "nDCG@3": 0.7315802078794946,
  "nDCG@3_std": 0.4025348002729506,
  "nDCG@3_stderr": 0.010449282769554213,
  "nDCG@3_ci90_low": 0.7143819239221557,
  "nDCG@3_ci90_high": 0.7487784918368335,
  "nDCG@3_ci95_low": 0.7110832614417225,
  "nDCG@3_ci95_high": 0.7520771543172667,
  "nDCG@5": 0.755863766867905,
  "nDCG@5_std": 0.371687318805965,
  "nDCG@5_stderr": 0.00964852204934183,
  "nDCG@5_ci90_low": 0.739983440377295,
  "nDCG@5_ci90_high": 0.771744093358515,
  "nDCG@5_ci95_low": 0.7369375645619204,
  "nDCG@5_ci95_high": 0.7747899691738896,
  "nDCG@10": 0.7743218726353717,
  "nDCG@10_std": 0.34192947298492404,
  "nDCG@10_stderr": 0.008876046861144422,
  "nDCG@10_ci90_low": 0.7597129489701621,
  "nDCG@10_ci90_high": 0.7889307963005813,
  "nDCG@10_ci95_low": 0.7569109305540527,
  "nDCG@10_ci95_high": 0.7917328147166907,
  "nDCG@100": 0.7926814539318312,
  "nDCG@100_std": 0.304899537853749,
  "nDCG@100_stderr": 0.007914797640303083,
  "nDCG@100_ci90_low": 0.7796546328298681,
  "nDCG@100_ci90_high": 0.8057082750337943,
  "nDCG@100_ci95_low": 0.7771560645939352,
  "nDCG@100_ci95_high": 0.8082068432697272,
  "RR@1": 0.6590296495956873,
  "RR@3": 0.7192273135669366,
  "RR@5": 0.7315588499550769,
  "RR@10": 0.7387616052710393,
  "RR@100": 0.7426145246223362,
  "P@1": 0.6590296495956873,
  "P@3": 0.27403414195866693,
  "P@5": 0.1776280323450097,
  "P@10": 0.09494609164420267,
  "P@100": 0.01037061994609146,
  "R@1": 0.6410040431266847,
  "R@3": 0.7820642407906558,
  "R@5": 0.8391172506738545,
  "R@10": 0.8943171608265948,
  "R@100": 0.975348158131177,
  "AP": 0.738071095315729
}