nDCG@1,nDCG@1_std,nDCG@1_stderr,nDCG@1_ci90_low,nDCG@1_ci90_high,nDCG@1_ci95_low,nDCG@1_ci95_high,nDCG@3,nDCG@3_std,nDCG@3_stderr,nDCG@3_ci90_low,nDCG@3_ci90_high,nDCG@3_ci95_low,nDCG@3_ci95_high,nDCG@5,nDCG@5_std,nDCG@5_stderr,nDCG@5_ci90_low,nDCG@5_ci90_high,nDCG@5_ci95_low,nDCG@5_ci95_high,nDCG@10,nDCG@10_std,nDCG@10_stderr,nDCG@10_ci90_low,nDCG@10_ci90_high,nDCG@10_ci95_low,nDCG@10_ci95_high,nDCG@100,nDCG@100_std,nDCG@100_stderr,nDCG@100_ci90_low,nDCG@100_ci90_high,nDCG@100_ci95_low,nDCG@100_ci95_high,RR@1,RR@3,RR@5,RR@10,RR@100,P@1,P@3,P@5,P@10,P@100,R@1,R@3,R@5,R@10,R@100,AP
0.6576819407008087,0.4746453592355427,0.012321179611168407,0.6374027358677588,0.6779611455338586,0.633513147099383,0.6818507343022343,0.7311332521106031,0.4015793959157173,0.010424481708177096,0.7139757877679128,0.7482907164532934,0.7106849545646121,0.7515815496565941,0.7555293141717533,0.3698222210515382,0.009600106523986877,0.7397286739114197,0.7713299544320869,0.7366980820615077,0.7743605462819989,0.7752441822754615,0.337674282244199,0.00876558761325312,0.7608170614720219,0.7896713030789012,0.7580499131790274,0.7924384513718957,0.7936249015418109,0.30040046171405654,0.007798007442900217,0.7807903032959677,0.8064594997876541,0.778328603757222,0.8089211993263997,0.6576819407008087,0.7181042228212048,0.7305031446540894,0.7384129123347463,0.742327517365652,0.6576819407008087,0.27583108715183846,0.17830188679244904,0.09561994609164201,0.010431266846361,0.6383086253369272,0.784366576819407,0.8420934411500448,0.9010557053009883,0.9814128481581311,0.7372913583211435
