{
  "nDCG@1": 0.6684636118598383,
  "nDCG@1_std": 0.4709240403828907,
  "nDCG@1_stderr": 0.012224578986972273,
  "nDCG@1_ci90_low": 0.6483434002325443,
  "nDCG@1_ci90_high": 0.6885838234871322,
  "nDCG@1_ci95_low": 0.6444843066533265,
  "nDCG@1_ci95_high": 0.6924429170663501,
  "nDCG@3": 0.741337102545127,
  "nDCG@3_std": 0.3950852335768929,
  "nDCG@3_stderr": 0.010255901653524054,
  "nDCG@3_ci90_low": 0.724457101040165,
  "nDCG@3_ci90_high": 0.7582171040500889,
  "nDCG@3_ci95_low": 0.7212194857192298,
  "nDCG@3_ci95_high": 0.7614547193710242,
  "nDCG@5": 0.7666042578226744,
  "nDCG@5_std": 0.36106064549563865,
  "nDCG@5_stderr": 0.009372667354930366,
  "nDCG@5_ci90_low": 0.7511779555431114,
  "nDCG@5_ci90_high": 0.7820305601022374,
  "nDCG@5_ci95_low": 0.748219162406096,
  "nDCG@5_ci95_high": 0.7849893532392528,
  "nDCG@10": 0.7833842346966541,
  "nDCG@10_std": 0.3330632383971871,
  "nDCG@10_stderr": 0.008645890878989228,
  "nDCG@10_ci90_low": 0.7691541205653503,
  "nDCG@10_ci90_high": 0.7976143488279579,
  "nDCG@10_ci95_low": 0.7664247585142495,
  "nDCG@10_ci95_high": 0.8003437108790586,
  "nDCG@100": 0.8011905122557421,
  "nDCG@100_std": 0.29607731190837816,
  "nDCG@100_stderr": 0.007685784065582168,
  "nDCG@100_ci90_low": 0.7885406204201217,
  "nDCG@100_ci90_high": 0.8138404040913625,
  "nDCG@100_ci95_low": 0.7861143479104221,
  "nDCG@100_ci95_high": 0.8162666766010621,
  "RR@1": 0.6684636118598383,
  "RR@3": 0.728773584905661,
  "RR@5": 0.7416442048517532,
  "RR@10": 0.748110800924144,
  "RR@100": 0.7518348548602388,
  "P@1": 0.6684636118598383,
  "P@3": 0.27920035938903504,
  "P@5": 0.1808625336927184,
  "P@10": 0.09595687331536168,
  "P@100": 0.010444743935309786,
  "R@1": 0.6484164420485176,
  "R@3": 0.794362084456424,
  "R@5": 0.8539982030548068,
  "R@10": 0.9044249775381852,
  "R@100": 0.9827605570530098,
  "AP": 0.7465268762969828
}