nDCG@1,nDCG@1_std,nDCG@1_stderr,nDCG@1_ci90_low,nDCG@1_ci90_high,nDCG@1_ci95_low,nDCG@1_ci95_high,nDCG@3,nDCG@3_std,nDCG@3_stderr,nDCG@3_ci90_low,nDCG@3_ci90_high,nDCG@3_ci95_low,nDCG@3_ci95_high,nDCG@5,nDCG@5_std,nDCG@5_stderr,nDCG@5_ci90_low,nDCG@5_ci90_high,nDCG@5_ci95_low,nDCG@5_ci95_high,nDCG@10,nDCG@10_std,nDCG@10_stderr,nDCG@10_ci90_low,nDCG@10_ci90_high,nDCG@10_ci95_low,nDCG@10_ci95_high,nDCG@100,nDCG@100_std,nDCG@100_stderr,nDCG@100_ci90_low,nDCG@100_ci90_high,nDCG@100_ci95_low,nDCG@100_ci95_high,RR@1,RR@3,RR@5,RR@10,RR@100,P@1,P@3,P@5,P@10,P@100,R@1,R@3,R@5,R@10,R@100,AP
0.6637466307277629,0.47258601113290716,0.012267721598020743,0.6435554114636927,0.683937849991833,0.6396826984892003,0.6878105629663254,0.7467995241014969,0.3878128205916265,0.010067119218692336,0.7302302361633889,0.7633688120396048,0.7270522162757938,0.7665468319272,0.7634209223870141,0.3669597455427185,0.009525800362153667,0.747742581283395,0.7790992634906332,0.7447354466365762,0.782106398137452,0.7808196205706663,0.3379272007907978,0.008772153051593566,0.7663816938319894,0.7952575473093433,0.7636124729407507,0.7980267682005819,0.7994954627092392,0.2992147214685832,0.007767227159784844,0.7867115251700665,0.8122794002484119,0.7842595424479952,0.8147313829704832,0.6637466307277629,0.7322551662174307,0.7399707996406116,0.7468938518803746,0.7508645107821282,0.6637466307277629,0.2821203953279388,0.17857142857142483,0.09521563342317842,0.010397574123989032,0.6438679245283019,0.8045822102425876,0.8433849955076371,0.8956648697214735,0.9777066486972147,0.7460147792421832
