nDCG@1,nDCG@1_std,nDCG@1_stderr,nDCG@1_ci90_low,nDCG@1_ci90_high,nDCG@1_ci95_low,nDCG@1_ci95_high,nDCG@3,nDCG@3_std,nDCG@3_stderr,nDCG@3_ci90_low,nDCG@3_ci90_high,nDCG@3_ci95_low,nDCG@3_ci95_high,nDCG@5,nDCG@5_std,nDCG@5_stderr,nDCG@5_ci90_low,nDCG@5_ci90_high,nDCG@5_ci95_low,nDCG@5_ci95_high,nDCG@10,nDCG@10_std,nDCG@10_stderr,nDCG@10_ci90_low,nDCG@10_ci90_high,nDCG@10_ci95_low,nDCG@10_ci95_high,nDCG@100,nDCG@100_std,nDCG@100_stderr,nDCG@100_ci90_low,nDCG@100_ci90_high,nDCG@100_ci95_low,nDCG@100_ci95_high,RR@1,RR@3,RR@5,RR@10,RR@100,P@1,P@3,P@5,P@10,P@100,R@1,R@3,R@5,R@10,R@100,AP
0.6650943396226415,0.4721165715967826,0.012255535554844234,0.644923177144811,0.6852655021004721,0.6410543110987919,0.6891343681464912,0.7461880779377466,0.3881916558737045,0.01007695329262292,0.7296026042766903,0.7627735515988028,0.7264214799376778,0.7659546759378153,0.7682651795140634,0.358943927393551,0.009317720090800284,0.752929313934514,0.7836010450936127,0.7499878667228206,0.7865424923053062,0.7836525402312966,0.33300680994087545,0.008644426069248928,0.7694248370036321,0.7978802434589611,0.7666959373682816,0.8006091430943116,0.8018207677907179,0.29462009933769256,0.007647956712031325,0.7892331353064874,0.8144084002749483,0.7868188042548423,0.8168227313265934,0.6650943396226415,0.7314690026954183,0.7420485175202166,0.7480359282077617,0.7519630172802659,0.6650943396226415,0.2823450134770851,0.18153638814015777,0.0958221024258738,0.010444743935309786,0.6460579514824798,0.8044699011680143,0.8566936208445642,0.9027403414195867,0.9827605570530098,0.7474040002954492
