{
  "nDCG@1": 0.6502695417789758,
  "nDCG@1_std": 0.4770455067368672,
  "nDCG@1_stderr": 0.01238348433591015,
  "nDCG@1_ci90_low": 0.6298877907356621,
  "nDCG@1_ci90_high": 0.6706512928222894,
  "nDCG@1_ci95_low": 0.6259785334156364,
  "nDCG@1_ci95_high": 0.6745605501423152,
  "nDCG@3": 0.7257070435260705,
  "nDCG@3_std": 0.40491248521954537,
  "nDCG@3_stderr": 0.010511004395428632,
  "nDCG@3_ci90_low": 0.7084071730702602,
  "nDCG@3_ci90_high": 0.7430069139818808,
  "nDCG@3_ci95_low": 0.705089026112663,
  "nDCG@3_ci95_high": 0.746325060939478,
  "nDCG@5": 0.7482202115326143,
  "nDCG@5_std": 0.3765551661293537,
  "nDCG@5_stderr": 0.009774885069698369,
  "nDCG@5_ci90_low": 0.732131906451155,
  "nDCG@5_ci90_high": 0.7643085166140736,
  "nDCG@5_ci95_low": 0.7290461399597064,
  "nDCG@5_ci95_high": 0.7673942831055223,
  "nDCG@10": 0.7683529712770605,
  "nDCG@10_std": 0.3446970259218507,
  "nDCG@10_stderr": 0.008947888955785797,
  "nDCG@10_ci90_low": 0.7536258040183926,
  "nDCG@10_ci90_high": 0.7830801385357283,
  "nDCG@10_ci95_low": 0.7508011062636785,
  "nDCG@10_ci95_high": 0.7859048362904425,
  "nDCG@100": 0.7868631776578756,
  "nDCG@100_std": 0.3082258262758088,
  "nDCG@100_stderr": 0.008001143785460293,
  "nDCG@100_ci90_low": 0.7736942410102062,
  "nDCG@100_ci90_high": 0.800032114305545,
  "nDCG@100_ci95_low": 0.7711684147513408,
  "nDCG@100_ci95_high": 0.8025579405644104,
  "RR@1": 0.6502695417789758,
  "RR@3": 0.7126010781671163,
  "RR@5": 0.7241576819407015,
  "RR@10": 0.7320741346853206,
  "RR@100": 0.7358679173634493,
  "P@1": 0.6502695417789758,
  "P@3": 0.2726864330637883,
  "P@5": 0.17574123989217963,
  "P@10": 0.09454177897573908,
  "P@100": 0.010343665768193885,
  "R@1": 0.632243935309973,
  "R@3": 0.7777964959568733,
  "R@5": 0.8308063791554358,
  "R@10": 0.8910601976639712,
  "R@100": 0.973326594788859,
  "AP": 0.7313227697793953
}