nDCG@1,nDCG@1_std,nDCG@1_stderr,nDCG@1_ci90_low,nDCG@1_ci90_high,nDCG@1_ci95_low,nDCG@1_ci95_high,nDCG@3,nDCG@3_std,nDCG@3_stderr,nDCG@3_ci90_low,nDCG@3_ci90_high,nDCG@3_ci95_low,nDCG@3_ci95_high,nDCG@5,nDCG@5_std,nDCG@5_stderr,nDCG@5_ci90_low,nDCG@5_ci90_high,nDCG@5_ci95_low,nDCG@5_ci95_high,nDCG@10,nDCG@10_std,nDCG@10_stderr,nDCG@10_ci90_low,nDCG@10_ci90_high,nDCG@10_ci95_low,nDCG@10_ci95_high,nDCG@100,nDCG@100_std,nDCG@100_stderr,nDCG@100_ci90_low,nDCG@100_ci90_high,nDCG@100_ci95_low,nDCG@100_ci95_high,RR@1,RR@3,RR@5,RR@10,RR@100,P@1,P@3,P@5,P@10,P@100,R@1,R@3,R@5,R@10,R@100,AP
0.6469002695417789,0.47809448505694907,0.01241071445633262,0.6264737009398303,0.6673268381437275,0.6225558475296654,0.6712446915538924,0.7235747334403252,0.4042290109802886,0.010493262288195028,0.7063040643952657,0.7408454024853847,0.7029915183219345,0.7441579485587159,0.7479829780881162,0.37339786671590847,0.00969292566063146,0.7320295685034287,0.7639363876728037,0.7289696752162536,0.7669962809599788,0.7675161857835451,0.34218887719854946,0.008882780659012202,0.7528961790832224,0.7821361924838678,0.7500920349206033,0.7849403366464869,0.7873277019912038,0.30291022987926425,0.007863157778291089,0.774385873996422,0.8002695299859857,0.7719036075946982,0.8027517963877094,0.6469002695417789,0.7103548966756519,0.7225853548966769,0.7304753347880036,0.7347347325825194,0.6469002695417789,0.2735849056603741,0.17708894878705828,0.09494609164420267,0.010424528301886607,0.6274146451033243,0.7779649595687331,0.8360287511230906,0.8947663971248876,0.9807389937106917,0.7293832632780954
