nDCG@1,nDCG@1_std,nDCG@1_stderr,nDCG@1_ci90_low,nDCG@1_ci90_high,nDCG@1_ci95_low,nDCG@1_ci95_high,nDCG@3,nDCG@3_std,nDCG@3_stderr,nDCG@3_ci90_low,nDCG@3_ci90_high,nDCG@3_ci95_low,nDCG@3_ci95_high,nDCG@5,nDCG@5_std,nDCG@5_stderr,nDCG@5_ci90_low,nDCG@5_ci90_high,nDCG@5_ci95_low,nDCG@5_ci95_high,nDCG@10,nDCG@10_std,nDCG@10_stderr,nDCG@10_ci90_low,nDCG@10_ci90_high,nDCG@10_ci95_low,nDCG@10_ci95_high,nDCG@100,nDCG@100_std,nDCG@100_stderr,nDCG@100_ci90_low,nDCG@100_ci90_high,nDCG@100_ci95_low,nDCG@100_ci95_high,RR@1,RR@3,RR@5,RR@10,RR@100,P@1,P@3,P@5,P@10,P@100,R@1,R@3,R@5,R@10,R@100,AP
0.6650943396226415,0.4721165715967826,0.012255535554844234,0.644923177144811,0.6852655021004721,0.6410543110987919,0.6891343681464912,0.7441832261291282,0.3916437338043688,0.010166564770725159,0.727450262570418,0.7609161896878385,0.7242408493978892,0.7641256028603672,0.7610428077865989,0.3702674629209989,0.009611664427034476,0.7452231445844092,0.7768624709887887,0.7421889040992773,0.7798967114739206,0.7785914843960812,0.3412561664808136,0.00885856869516409,0.7640113277255268,0.7931716410666355,0.7612148268718778,0.7959681419202845,0.7977669200960361,0.30227069677717694,0.007846556326144172,0.7848524161285989,0.8106814240634733,0.7823753905255525,0.8131584496665197,0.6650943396226415,0.7303459119496859,0.7383647798742144,0.7454199289778808,0.7493998611594231,0.6650943396226415,0.2805480682839137,0.1776280323450098,0.09474393530997088,0.010384097035040245,0.6452156334231806,0.7995283018867925,0.8390049415992813,0.8917340521114105,0.9763589398023359,0.7445132777644521
