{
  "nDCG@1": 0.6469002695417789,
  "nDCG@1_std": 0.47809448505694907,
  "nDCG@1_stderr": 0.01241071445633262,
  "nDCG@1_ci90_low": 0.6264737009398303,
  "nDCG@1_ci90_high": 0.6673268381437275,
  "nDCG@1_ci95_low": 0.6225558475296654,
  "nDCG@1_ci95_high": 0.6712446915538924,
  "nDCG@3": 0.7235747334403252,
  "nDCG@3_std": 0.4042290109802886,
  "nDCG@3_stderr": 0.010493262288195028,
  "nDCG@3_ci90_low": 0.7063040643952657,
  "nDCG@3_ci90_high": 0.7408454024853847,
  "nDCG@3_ci95_low": 0.7029915183219345,
  "nDCG@3_ci95_high": 0.7441579485587159,
  "nDCG@5": 0.7479829780881162,
  "nDCG@5_std": 0.37339786671590847,
  "nDCG@5_stderr": 0.00969292566063146,
  "nDCG@5_ci90_low": 0.7320295685034287,
  "nDCG@5_ci90_high": 0.7639363876728037,
  "nDCG@5_ci95_low": 0.7289696752162536,
  "nDCG@5_ci95_high": 0.7669962809599788,
  "nDCG@10": 0.7675161857835451,
  "nDCG@10_std": 0.34218887719854946,
  "nDCG@10_stderr": 0.008882780659012202,
  "nDCG@10_ci90_low": 0.7528961790832224,
  "nDCG@10_ci90_high": 0.7821361924838678,
  "nDCG@10_ci95_low": 0.7500920349206033,
  "nDCG@10_ci95_high": 0.7849403366464869,
  "nDCG@100": 0.7873277019912038,
  "nDCG@100_std": 0.30291022987926425,
  "nDCG@100_stderr": 0.007863157778291089,
  "nDCG@100_ci90_low": 0.774385873996422,
  "nDCG@100_ci90_high": 0.8002695299859857,
  "nDCG@100_ci95_low": 0.7719036075946982,
  "nDCG@100_ci95_high": 0.8027517963877094,
  "RR@1": 0.6469002695417789,
  "RR@3": 0.7103548966756519,
  "RR@5": 0.7225853548966769,
  "RR@10": 0.7304753347880036,
  "RR@100": 0.7347347325825194,
  "P@1": 0.6469002695417789,
  "P@3": 0.2735849056603741,
  "P@5": 0.17708894878705828,
  "P@10": 0.09494609164420267,
  "P@100": 0.010424528301886607,
  "R@1": 0.6274146451033243,
  "R@3": 0.7779649595687331,
  "R@5": 0.8360287511230906,
  "R@10": 0.8947663971248876,
  "R@100": 0.9807389937106917,
  "AP": 0.7293832632780954
}