{
  "nDCG@1": 0.16846361185983827,
  "nDCG@3": 0.2570570616878963,
  "nDCG@5": 0.29508716202601665,
  "nDCG@10": 0.32974281706248276,
  "nDCG@100": 0.3906982048664354,
  "RR@1": 0.16846361185983827,
  "RR@3": 0.2387690925426773,
  "RR@5": 0.2598944294699006,
  "RR@10": 0.27439246138707013,
  "RR@100": 0.28550940017137794,
  "P@1": 0.16846361185983827,
  "P@3": 0.11028751123090764,
  "P@5": 0.08504043126684721,
  "P@10": 0.05377358490566021,
  "P@100": 0.008537735849056455,
  "R@1": 0.1636904761904762,
  "R@3": 0.3210354896675652,
  "R@5": 0.41369047619047616,
  "R@10": 0.5190363881401617,
  "R@100": 0.8116015274034141,
  "AP": 0.2806892974875462
}