nDCG@1,nDCG@3,nDCG@5,nDCG@10,nDCG@100,RR@1,RR@3,RR@5,RR@10,RR@100,P@1,P@3,P@5,P@10,P@100,R@1,R@3,R@5,R@10,R@100,AP
0.13005390835579514,0.19535117603079705,0.2213404382749585,0.2490858023446099,0.31265128904834677,0.13005390835579514,0.18149146451033268,0.19608041329739445,0.20739528515808833,0.21907481258894715,0.13005390835579514,0.08378256963162578,0.06361185983827547,0.04063342318059339,0.007331536388140038,0.12578616352201258,0.2450584007187781,0.3081199460916442,0.39403638814016173,0.703167115902965,0.21484667450567121
