nDCG@1,nDCG@1_std,nDCG@1_stderr,nDCG@1_ci90_low,nDCG@1_ci90_high,nDCG@1_ci95_low,nDCG@1_ci95_high,nDCG@3,nDCG@3_std,nDCG@3_stderr,nDCG@3_ci90_low,nDCG@3_ci90_high,nDCG@3_ci95_low,nDCG@3_ci95_high,nDCG@5,nDCG@5_std,nDCG@5_stderr,nDCG@5_ci90_low,nDCG@5_ci90_high,nDCG@5_ci95_low,nDCG@5_ci95_high,nDCG@10,nDCG@10_std,nDCG@10_stderr,nDCG@10_ci90_low,nDCG@10_ci90_high,nDCG@10_ci95_low,nDCG@10_ci95_high,nDCG@100,nDCG@100_std,nDCG@100_stderr,nDCG@100_ci90_low,nDCG@100_ci90_high,nDCG@100_ci95_low,nDCG@100_ci95_high,RR@1,RR@3,RR@5,RR@10,RR@100,P@1,P@3,P@5,P@10,P@100,R@1,R@3,R@5,R@10,R@100,AP
0.16846361185983827,0.3744036364187915,0.009719034141238229,0.1524672308030342,0.18445999291664233,0.14939909550850813,0.1875281282111684,0.2570570616878963,0.3886227673306095,0.010088144388437097,0.24045316880632034,0.2736609545694723,0.2372685116269501,0.2768456117488426,0.29508716202601665,0.38159490096997123,0.009905710067679856,0.2787835344661036,0.3113907895859297,0.27565646872743765,0.31451785532459564,0.32974281706248276,0.3679674049749446,0.009551957897689973,0.3140214237481332,0.34546421037683234,0.3110060316081488,0.3484796025168167,0.3906982048664354,0.3253966812688985,0.008446876971997563,0.37679564409543254,0.4046007656374383,0.37412910738101335,0.4072673023518575,0.16846361185983827,0.2387690925426773,0.2598944294699006,0.27439246138707013,0.28550940017137794,0.16846361185983827,0.11028751123090764,0.08504043126684721,0.05377358490566021,0.008537735849056455,0.1636904761904762,0.3210354896675652,0.41369047619047616,0.5190363881401617,0.8116015274034141,0.2806892974875462
