nDCG@1,nDCG@3,nDCG@5,nDCG@10,nDCG@100,RR@1,RR@3,RR@5,RR@10,RR@100,P@1,P@3,P@5,P@10,P@100,R@1,R@3,R@5,R@10,R@100,AP
0.13140161725067384,0.19946438238196795,0.22679057079980863,0.2588846537832245,0.3208166331991186,0.13140161725067384,0.1849730458221027,0.20026954177897568,0.2134912612843878,0.22491092698571172,0.13140161725067384,0.0858041329739438,0.06536388140161781,0.04292452830188722,0.007473045822102299,0.12747079964061098,0.2507861635220126,0.3168800539083558,0.41582434860736744,0.7159703504043127,0.22081248399191533
