{
  "nDCG@1": 0.13005390835579514,
  "nDCG@1_std": 0.33647612174407304,
  "nDCG@1_stderr": 0.00873448491639154,
  "nDCG@1_ci90_low": 0.1156779789139313,
  "nDCG@1_ci90_high": 0.14442983779765897,
  "nDCG@1_ci95_low": 0.11292064921819754,
  "nDCG@1_ci95_high": 0.14718716749339272,
  "nDCG@3": 0.19535117603079705,
  "nDCG@3_std": 0.3556970211967604,
  "nDCG@3_stderr": 0.009233434605536705,
  "nDCG@3_ci90_low": 0.18015403439441333,
  "nDCG@3_ci90_high": 0.21054831766718077,
  "nDCG@3_ci95_low": 0.17723919469004984,
  "nDCG@3_ci95_high": 0.21346315737154425,
  "nDCG@5": 0.2213404382749585,
  "nDCG@5_std": 0.35546862616819164,
  "nDCG@5_stderr": 0.009227505766005175,
  "nDCG@5_ci90_low": 0.20615305480744142,
  "nDCG@5_ci90_high": 0.23652782174247558,
  "nDCG@5_ci95_low": 0.20324008673780602,
  "nDCG@5_ci95_high": 0.23944078981211098,
  "nDCG@10": 0.2490858023446099,
  "nDCG@10_std": 0.3498014324001008,
  "nDCG@10_stderr": 0.009080392745832801,
  "nDCG@10_ci90_low": 0.2341405495142422,
  "nDCG@10_ci90_high": 0.2640310551749776,
  "nDCG@10_ci95_low": 0.23127402254594628,
  "nDCG@10_ci95_high": 0.26689758214327347,
  "nDCG@100": 0.31265128904834677,
  "nDCG@100_std": 0.31772548198020845,
  "nDCG@100_stderr": 0.00824774256052613,
  "nDCG@100_ci90_low": 0.29907647997377057,
  "nDCG@100_ci90_high": 0.32622609812292297,
  "nDCG@100_ci95_low": 0.29647280663726644,
  "nDCG@100_ci95_high": 0.3288297714594271,
  "RR@1": 0.13005390835579514,
  "RR@3": 0.18149146451033268,
  "RR@5": 0.19608041329739445,
  "RR@10": 0.20739528515808833,
  "RR@100": 0.21907481258894715,
  "P@1": 0.13005390835579514,
  "P@3": 0.08378256963162578,
  "P@5": 0.06361185983827547,
  "P@10": 0.04063342318059339,
  "P@100": 0.007331536388140038,
  "R@1": 0.12578616352201258,
  "R@3": 0.2450584007187781,
  "R@5": 0.3081199460916442,
  "R@10": 0.39403638814016173,
  "R@100": 0.703167115902965,
  "AP": 0.21484667450567121
}