nDCG@1,nDCG@1_std,nDCG@1_stderr,nDCG@1_ci90_low,nDCG@1_ci90_high,nDCG@1_ci95_low,nDCG@1_ci95_high,nDCG@3,nDCG@3_std,nDCG@3_stderr,nDCG@3_ci90_low,nDCG@3_ci90_high,nDCG@3_ci95_low,nDCG@3_ci95_high,nDCG@5,nDCG@5_std,nDCG@5_stderr,nDCG@5_ci90_low,nDCG@5_ci90_high,nDCG@5_ci95_low,nDCG@5_ci95_high,nDCG@10,nDCG@10_std,nDCG@10_stderr,nDCG@10_ci90_low,nDCG@10_ci90_high,nDCG@10_ci95_low,nDCG@10_ci95_high,nDCG@100,nDCG@100_std,nDCG@100_stderr,nDCG@100_ci90_low,nDCG@100_ci90_high,nDCG@100_ci95_low,nDCG@100_ci95_high,RR@1,RR@3,RR@5,RR@10,RR@100,P@1,P@3,P@5,P@10,P@100,R@1,R@3,R@5,R@10,R@100,AP
0.13140161725067384,0.33795294736084847,0.00877282139925102,0.11696259049077551,0.14584064401057217,0.11419315861344428,0.1486100758879034,0.19946438238196795,0.3578705083051197,0.009289855519643578,0.18417437859194724,0.21475438617198866,0.18124172775579792,0.217687037008138,0.22679057079980863,0.3574040216038724,0.009277746128241234,0.21152049763627023,0.24206064396334703,0.2085916695309208,0.24498947206869648,0.2588846537832245,0.3501228939240497,0.009088737471210574,0.24392566652153191,0.2738436410449171,0.24105650526405842,0.2767128023023906,0.3208166331991186,0.31737023149365967,0.008238520717382498,0.30725700218800295,0.3343762642102342,0.30465624003197406,0.3369770263662631,0.13140161725067384,0.1849730458221027,0.20026954177897568,0.2134912612843878,0.22491092698571172,0.13140161725067384,0.0858041329739438,0.06536388140161781,0.04292452830188722,0.007473045822102299,0.12747079964061098,0.2507861635220126,0.3168800539083558,0.41582434860736744,0.7159703504043127,0.22081248399191533
