{
  "nDCG@1": 0.17991913746630728,
  "nDCG@3": 0.2673696469012955,
  "nDCG@5": 0.30297675090167797,
  "nDCG@10": 0.33665020600195883,
  "nDCG@100": 0.40108139941319504,
  "RR@1": 0.17991913746630728,
  "RR@3": 0.2495507637017068,
  "RR@5": 0.2693957771787954,
  "RR@10": 0.28323172036110006,
  "RR@100": 0.29532500812175394,
  "P@1": 0.17991913746630728,
  "P@3": 0.11388140161725097,
  "P@5": 0.0859838274932623,
  "P@10": 0.05397574123989201,
  "P@100": 0.00870619946091629,
  "R@1": 0.17447214734950586,
  "R@3": 0.33114330637915546,
  "R@5": 0.4172843665768194,
  "R@10": 0.5197102425876011,
  "R@100": 0.8266509433962265,
  "AP": 0.29035950845471153
}