nDCG@1,nDCG@1_std,nDCG@1_stderr,nDCG@1_ci90_low,nDCG@1_ci90_high,nDCG@1_ci95_low,nDCG@1_ci95_high,nDCG@3,nDCG@3_std,nDCG@3_stderr,nDCG@3_ci90_low,nDCG@3_ci90_high,nDCG@3_ci95_low,nDCG@3_ci95_high,nDCG@5,nDCG@5_std,nDCG@5_stderr,nDCG@5_ci90_low,nDCG@5_ci90_high,nDCG@5_ci95_low,nDCG@5_ci95_high,nDCG@10,nDCG@10_std,nDCG@10_stderr,nDCG@10_ci90_low,nDCG@10_ci90_high,nDCG@10_ci95_low,nDCG@10_ci95_high,nDCG@100,nDCG@100_std,nDCG@100_stderr,nDCG@100_ci90_low,nDCG@100_ci90_high,nDCG@100_ci95_low,nDCG@100_ci95_high,RR@1,RR@3,RR@5,RR@10,RR@100,P@1,P@3,P@5,P@10,P@100,R@1,R@3,R@5,R@10,R@100,AP
0.14555256064690028,0.3527759551206797,0.009157607508359462,0.130480221446978,0.16062489984682257,0.12758931907936527,0.1635158022144353,0.21823756695363314,0.371657836385979,0.00964775672385207,0.20235850009829032,0.23411663380897596,0.19931286588327557,0.2371622680239907,0.2513162654471979,0.36914795848005405,0.009582603539734119,0.23554443302946163,0.2670880978649341,0.23251936657672018,0.27011316431767557,0.28435916252452986,0.3597570267372558,0.009338827098085986,0.26898855730659627,0.29972976774246346,0.26604044696839513,0.3026778780806646,0.3459852830644468,0.3234376350951984,0.0083960226671928,0.33216642246634326,0.35980414366255037,0.32951593959896097,0.36245462652993266,0.14555256064690028,0.20305480682839172,0.22172057502246154,0.2355656098917553,0.24699252512243927,0.14555256064690028,0.09276729559748395,0.07237196765498718,0.04663072776280348,0.007823450134770754,0.14229559748427675,0.27066486972147347,0.350348158131177,0.45120170709793345,0.7488769092542679,0.2430775350042197
