{
  "nDCG@1": 0.13140161725067384,
  "nDCG@3": 0.19946438238196795,
  "nDCG@5": 0.22679057079980863,
  "nDCG@10": 0.2588846537832245,
  "nDCG@100": 0.3208166331991186,
  "RR@1": 0.13140161725067384,
  "RR@3": 0.1849730458221027,
  "RR@5": 0.20026954177897568,
  "RR@10": 0.2134912612843878,
  "RR@100": 0.22491092698571172,
  "P@1": 0.13140161725067384,
  "P@3": 0.0858041329739438,
  "P@5": 0.06536388140161781,
  "P@10": 0.04292452830188722,
  "P@100": 0.007473045822102299,
  "R@1": 0.12747079964061098,
  "R@3": 0.2507861635220126,
  "R@5": 0.3168800539083558,
  "R@10": 0.41582434860736744,
  "R@100": 0.7159703504043127,
  "AP": 0.22081248399191533
}