{
  "nDCG@1": 0.1765498652291105,
  "nDCG@3": 0.266547303281315,
  "nDCG@5": 0.300736290917411,
  "nDCG@10": 0.3362589271490263,
  "nDCG@100": 0.39978833810026976,
  "RR@1": 0.1765498652291105,
  "RR@3": 0.2478661275831084,
  "RR@5": 0.2670372866127577,
  "RR@10": 0.2818086039447222,
  "RR@100": 0.29367965955393827,
  "P@1": 0.1765498652291105,
  "P@3": 0.11410601976639742,
  "P@5": 0.08544474393531082,
  "P@10": 0.0541778975741238,
  "P@100": 0.008692722371967504,
  "R@1": 0.17143980233602876,
  "R@3": 0.3321540880503145,
  "R@5": 0.414588948787062,
  "R@10": 0.5220687331536388,
  "R@100": 0.8259770889487871,
  "AP": 0.28880142713261975
}