nDCG@1,nDCG@3,nDCG@5,nDCG@10,nDCG@100,RR@1,RR@3,RR@5,RR@10,RR@100,P@1,P@3,P@5,P@10,P@100,R@1,R@3,R@5,R@10,R@100,AP
0.17991913746630728,0.2673696469012955,0.30297675090167797,0.33665020600195883,0.40108139941319504,0.17991913746630728,0.2495507637017068,0.2693957771787954,0.28323172036110006,0.29532500812175394,0.17991913746630728,0.11388140161725097,0.0859838274932623,0.05397574123989201,0.00870619946091629,0.17447214734950586,0.33114330637915546,0.4172843665768194,0.5197102425876011,0.8266509433962265,0.29035950845471153
