nDCG@1,nDCG@1_std,nDCG@1_stderr,nDCG@1_ci90_low,nDCG@1_ci90_high,nDCG@1_ci95_low,nDCG@1_ci95_high,nDCG@3,nDCG@3_std,nDCG@3_stderr,nDCG@3_ci90_low,nDCG@3_ci90_high,nDCG@3_ci95_low,nDCG@3_ci95_high,nDCG@5,nDCG@5_std,nDCG@5_stderr,nDCG@5_ci90_low,nDCG@5_ci90_high,nDCG@5_ci95_low,nDCG@5_ci95_high,nDCG@10,nDCG@10_std,nDCG@10_stderr,nDCG@10_ci90_low,nDCG@10_ci90_high,nDCG@10_ci95_low,nDCG@10_ci95_high,nDCG@100,nDCG@100_std,nDCG@100_stderr,nDCG@100_ci90_low,nDCG@100_ci90_high,nDCG@100_ci95_low,nDCG@100_ci95_high,RR@1,RR@3,RR@5,RR@10,RR@100,P@1,P@3,P@5,P@10,P@100,R@1,R@3,R@5,R@10,R@100,AP
0.13005390835579514,0.33647612174407304,0.00873448491639154,0.1156779789139313,0.14442983779765897,0.11292064921819754,0.14718716749339272,0.19535117603079705,0.3556970211967604,0.009233434605536705,0.18015403439441333,0.21054831766718077,0.17723919469004984,0.21346315737154425,0.2213404382749585,0.35546862616819164,0.009227505766005175,0.20615305480744142,0.23652782174247558,0.20324008673780602,0.23944078981211098,0.2490858023446099,0.3498014324001008,0.009080392745832801,0.2341405495142422,0.2640310551749776,0.23127402254594628,0.26689758214327347,0.31265128904834677,0.31772548198020845,0.00824774256052613,0.29907647997377057,0.32622609812292297,0.29647280663726644,0.3288297714594271,0.13005390835579514,0.18149146451033268,0.19608041329739445,0.20739528515808833,0.21907481258894715,0.13005390835579514,0.08378256963162578,0.06361185983827547,0.04063342318059339,0.007331536388140038,0.12578616352201258,0.2450584007187781,0.3081199460916442,0.39403638814016173,0.703167115902965,0.21484667450567121
