nDCG@1,nDCG@3,nDCG@5,nDCG@10,nDCG@100,RR@1,RR@3,RR@5,RR@10,RR@100,P@1,P@3,P@5,P@10,P@100,R@1,R@3,R@5,R@10,R@100,AP
0.1650943396226415,0.2395716356045753,0.2755507858172388,0.30871728300076556,0.3726235848808801,0.1650943396226415,0.223607367475292,0.24345238095238056,0.25747416891284797,0.2694719721901887,0.1650943396226415,0.1015274034141958,0.07884097035040506,0.050134770889487916,0.0082884097035039,0.16048966756513927,0.29582210242587603,0.3834793351302785,0.4844451931716082,0.7904874213836479,0.2650828171210153
