{
  "nDCG@1": 0.16711590296495957,
  "nDCG@3": 0.24528453258492183,
  "nDCG@5": 0.2822208979603784,
  "nDCG@10": 0.31717387993082446,
  "nDCG@100": 0.3814388196462376,
  "RR@1": 0.16711590296495957,
  "RR@3": 0.22911051212937994,
  "RR@5": 0.24949460916441998,
  "RR@10": 0.26450124074787096,
  "RR@100": 0.2767285153949612,
  "P@1": 0.16711590296495957,
  "P@3": 0.10399820305480685,
  "P@5": 0.08099730458221104,
  "P@10": 0.05154986522911047,
  "P@100": 0.008443396226414948,
  "R@1": 0.16217430368373767,
  "R@3": 0.30329065588499554,
  "R@5": 0.39325022461814907,
  "R@10": 0.4978099730458221,
  "R@100": 0.802336028751123,
  "AP": 0.2719905720257252
}