nDCG@1,nDCG@1_std,nDCG@1_stderr,nDCG@1_ci90_low,nDCG@1_ci90_high,nDCG@1_ci95_low,nDCG@1_ci95_high,nDCG@3,nDCG@3_std,nDCG@3_stderr,nDCG@3_ci90_low,nDCG@3_ci90_high,nDCG@3_ci95_low,nDCG@3_ci95_high,nDCG@5,nDCG@5_std,nDCG@5_stderr,nDCG@5_ci90_low,nDCG@5_ci90_high,nDCG@5_ci95_low,nDCG@5_ci95_high,nDCG@10,nDCG@10_std,nDCG@10_stderr,nDCG@10_ci90_low,nDCG@10_ci90_high,nDCG@10_ci95_low,nDCG@10_ci95_high,nDCG@100,nDCG@100_std,nDCG@100_stderr,nDCG@100_ci90_low,nDCG@100_ci90_high,nDCG@100_ci95_low,nDCG@100_ci95_high,RR@1,RR@3,RR@5,RR@10,RR@100,P@1,P@3,P@5,P@10,P@100,R@1,R@3,R@5,R@10,R@100,AP
0.1765498652291105,0.381415837822522,0.00990106181997547,0.1602538881353287,0.1928458423228923,0.15712828977013138,0.19597144068808964,0.26569699364038313,0.39267018618069516,0.010193210146783186,0.248920174943124,0.2824738123376423,0.24570235027439796,0.2856916370063683,0.3019550100119651,0.38585303818971334,0.010016245802355411,0.2854694537020787,0.3184405663218515,0.2823074936947091,0.32160252632922115,0.33522593029019354,0.3725645761214302,0.009671294514591394,0.3193081230143079,0.3511437375660792,0.31625505831541245,0.35419680226497463,0.3992400599099227,0.32742004043918593,0.008499400759010184,0.38525105119569925,0.4132290686241461,0.38256793360684405,0.4159121862130013,0.1765498652291105,0.24752920035938883,0.2676437556154531,0.2814834424335769,0.29365895951617704,0.1765498652291105,0.11388140161725097,0.08625336927223803,0.05390835579514808,0.008659029649595536,0.1711028751123091,0.33080637915543576,0.4182951482479784,0.5190363881401617,0.8222708894878706,0.28864740658064814
