nDCG@1,nDCG@1_std,nDCG@1_stderr,nDCG@1_ci90_low,nDCG@1_ci90_high,nDCG@1_ci95_low,nDCG@1_ci95_high,nDCG@3,nDCG@3_std,nDCG@3_stderr,nDCG@3_ci90_low,nDCG@3_ci90_high,nDCG@3_ci95_low,nDCG@3_ci95_high,nDCG@5,nDCG@5_std,nDCG@5_stderr,nDCG@5_ci90_low,nDCG@5_ci90_high,nDCG@5_ci95_low,nDCG@5_ci95_high,nDCG@10,nDCG@10_std,nDCG@10_stderr,nDCG@10_ci90_low,nDCG@10_ci90_high,nDCG@10_ci95_low,nDCG@10_ci95_high,nDCG@100,nDCG@100_std,nDCG@100_stderr,nDCG@100_ci90_low,nDCG@100_ci90_high,nDCG@100_ci95_low,nDCG@100_ci95_high,RR@1,RR@3,RR@5,RR@10,RR@100,P@1,P@3,P@5,P@10,P@100,R@1,R@3,R@5,R@10,R@100,AP
0.1765498652291105,0.381415837822522,0.00990106181997547,0.1602538881353287,0.1928458423228923,0.15712828977013138,0.19597144068808964,0.2663127512789736,0.39238126432913795,0.010185710109213321,0.24954827675678004,0.2830772258011671,0.2463328197235252,0.286292682834422,0.30252069597025255,0.38549304008743607,0.010006900717248118,0.2860505205655273,0.3189908713749778,0.28289151064404394,0.32214988129646116,0.33634866478976294,0.37202840419396693,0.009657376184848571,0.3204537654389864,0.3522435641405395,0.3174050945222409,0.35529223505728497,0.39909578440625215,0.3273965857566438,0.008498791905788087,0.38510777779244393,0.4130837910200604,0.3824248524082906,0.4157667164042137,0.1765498652291105,0.24786612758310844,0.2679132973944288,0.28184871432849845,0.29377010624704675,0.1765498652291105,0.11455525606469033,0.08665768194070163,0.054312668463611664,0.008638814016172357,0.1711028751123091,0.33249101527403413,0.41997978436657685,0.5227425876010782,0.8205862533692723,0.2886931959090966
