{
  "nDCG@1": 0.1765498652291105,
  "nDCG@3": 0.2663127512789736,
  "nDCG@5": 0.30252069597025255,
  "nDCG@10": 0.33634866478976294,
  "nDCG@100": 0.39909578440625215,
  "RR@1": 0.1765498652291105,
  "RR@3": 0.24786612758310844,
  "RR@5": 0.2679132973944288,
  "RR@10": 0.28184871432849845,
  "RR@100": 0.29377010624704675,
  "P@1": 0.1765498652291105,
  "P@3": 0.11455525606469033,
  "P@5": 0.08665768194070163,
  "P@10": 0.054312668463611664,
  "P@100": 0.008638814016172357,
  "R@1": 0.1711028751123091,
  "R@3": 0.33249101527403413,
  "R@5": 0.41997978436657685,
  "R@10": 0.5227425876010782,
  "R@100": 0.8205862533692723,
  "AP": 0.2886931959090966
}