{
  "nDCG@1": 0.1765498652291105,
  "nDCG@1_std": 0.381415837822522,
  "nDCG@1_stderr": 0.00990106181997547,
  "nDCG@1_ci90_low": 0.1602538881353287,
  "nDCG@1_ci90_high": 0.1928458423228923,
  "nDCG@1_ci95_low": 0.15712828977013138,
  "nDCG@1_ci95_high": 0.19597144068808964,
  "nDCG@3": 0.2663127512789736,
  "nDCG@3_std": 0.39238126432913795,
  "nDCG@3_stderr": 0.010185710109213321,
  "nDCG@3_ci90_low": 0.24954827675678004,
  "nDCG@3_ci90_high": 0.2830772258011671,
  "nDCG@3_ci95_low": 0.2463328197235252,
  "nDCG@3_ci95_high": 0.286292682834422,
  "nDCG@5": 0.30252069597025255,
  "nDCG@5_std": 0.38549304008743607,
  "nDCG@5_stderr": 0.010006900717248118,
  "nDCG@5_ci90_low": 0.2860505205655273,
  "nDCG@5_ci90_high": 0.3189908713749778,
  "nDCG@5_ci95_low": 0.28289151064404394,
  "nDCG@5_ci95_high": 0.32214988129646116,
  "nDCG@10": 0.33634866478976294,
  "nDCG@10_std": 0.37202840419396693,
  "nDCG@10_stderr": 0.009657376184848571,
  "nDCG@10_ci90_low": 0.3204537654389864,
  "nDCG@10_ci90_high": 0.3522435641405395,
  "nDCG@10_ci95_low": 0.3174050945222409,
  "nDCG@10_ci95_high": 0.35529223505728497,
  "nDCG@100": 0.39909578440625215,
  "nDCG@100_std": 0.3273965857566438,
  "nDCG@100_stderr": 0.008498791905788087,
  "nDCG@100_ci90_low": 0.38510777779244393,
  "nDCG@100_ci90_high": 0.4130837910200604,
  "nDCG@100_ci95_low": 0.3824248524082906,
  "nDCG@100_ci95_high": 0.4157667164042137,
  "RR@1": 0.1765498652291105,
  "RR@3": 0.24786612758310844,
  "RR@5": 0.2679132973944288,
  "RR@10": 0.28184871432849845,
  "RR@100": 0.29377010624704675,
  "P@1": 0.1765498652291105,
  "P@3": 0.11455525606469033,
  "P@5": 0.08665768194070163,
  "P@10": 0.054312668463611664,
  "P@100": 0.008638814016172357,
  "R@1": 0.1711028751123091,
  "R@3": 0.33249101527403413,
  "R@5": 0.41997978436657685,
  "R@10": 0.5227425876010782,
  "R@100": 0.8205862533692723,
  "AP": 0.2886931959090966
}