{
  "nDCG@1": 0.15498652291105122,
  "nDCG@1_std": 0.3620138284041158,
  "nDCG@1_stderr": 0.009397410750371033,
  "nDCG@1_ci90_low": 0.13951949592815288,
  "nDCG@1_ci90_high": 0.17045354989394956,
  "nDCG@1_ci95_low": 0.13655289171816923,
  "nDCG@1_ci95_high": 0.17342015410393322,
  "nDCG@3": 0.2337493037061496,
  "nDCG@3_std": 0.3774480125168762,
  "nDCG@3_stderr": 0.009798062207095363,
  "nDCG@3_ci90_low": 0.2176228517969067,
  "nDCG@3_ci90_high": 0.2498757556153925,
  "nDCG@3_ci95_low": 0.21452976867375995,
  "nDCG@3_ci95_high": 0.25296883873853926,
  "nDCG@5": 0.26708755298958753,
  "nDCG@5_std": 0.3735212373821504,
  "nDCG@5_stderr": 0.009696128203557329,
  "nDCG@5_ci90_low": 0.2511288723978999,
  "nDCG@5_ci90_high": 0.2830462335812752,
  "nDCG@5_ci95_low": 0.24806796812189189,
  "nDCG@5_ci95_high": 0.28610713785728314,
  "nDCG@10": 0.3020224683475286,
  "nDCG@10_std": 0.36243369016943194,
  "nDCG@10_stderr": 0.00940830981874211,
  "nDCG@10_ci90_low": 0.28653750278675366,
  "nDCG@10_ci90_high": 0.31750743390830355,
  "nDCG@10_ci95_low": 0.2835674579245549,
  "nDCG@10_ci95_high": 0.3204774787705023,
  "nDCG@100": 0.3654518082281241,
  "nDCG@100_std": 0.3217506564947435,
  "nDCG@100_stderr": 0.008352230884692537,
  "nDCG@100_ci90_low": 0.351705023726251,
  "nDCG@100_ci90_high": 0.37919859272999723,
  "nDCG@100_ci95_low": 0.3490683651866308,
  "nDCG@100_ci95_high": 0.3818352512696174,
  "RR@1": 0.15498652291105122,
  "RR@3": 0.21653189577717885,
  "RR@5": 0.23499550763701663,
  "RR@10": 0.24953792837889843,
  "RR@100": 0.26125831671333966,
  "P@1": 0.15498652291105122,
  "P@3": 0.10062893081761,
  "P@5": 0.07695417789757486,
  "P@10": 0.049663072776280376,
  "P@100": 0.008274932614555114,
  "R@1": 0.150381850853549,
  "R@3": 0.29368823000898475,
  "R@5": 0.37488769092542673,
  "R@10": 0.48141284815813123,
  "R@100": 0.7863319856244384,
  "AP": 0.25707422532061686
}