nDCG@1,nDCG@3,nDCG@5,nDCG@10,nDCG@100,RR@1,RR@3,RR@5,RR@10,RR@100,P@1,P@3,P@5,P@10,P@100,R@1,R@3,R@5,R@10,R@100,AP
0.1765498652291105,0.2663127512789736,0.30252069597025255,0.33634866478976294,0.39909578440625215,0.1765498652291105,0.24786612758310844,0.2679132973944288,0.28184871432849845,0.29377010624704675,0.1765498652291105,0.11455525606469033,0.08665768194070163,0.054312668463611664,0.008638814016172357,0.1711028751123091,0.33249101527403413,0.41997978436657685,0.5227425876010782,0.8205862533692723,0.2886931959090966
