nDCG@1,nDCG@3,nDCG@5,nDCG@10,nDCG@100,RR@1,RR@3,RR@5,RR@10,RR@100,P@1,P@3,P@5,P@10,P@100,R@1,R@3,R@5,R@10,R@100,AP
0.14555256064690028,0.2179275245285916,0.2496075158139807,0.2853288784516437,0.3506506114185432,0.14555256064690028,0.2023809523809524,0.22006963162623508,0.23495004920207044,0.24712888166727662,0.14555256064690028,0.09231805929919107,0.07115902964959633,0.047102425876010975,0.00810646900269528,0.14195867026055706,0.2704402515723271,0.3472596585804133,0.4561433063791555,0.7701033243486075,0.24382763447808548
