nDCG@1,nDCG@3,nDCG@5,nDCG@10,nDCG@100,RR@1,RR@3,RR@5,RR@10,RR@100,P@1,P@3,P@5,P@10,P@100,R@1,R@3,R@5,R@10,R@100,AP
0.17318059299191374,0.26168399774364437,0.2939881049454193,0.33214142242010725,0.3942929418092929,0.17318059299191374,0.2437106918238992,0.26153414195866986,0.27753497625465257,0.2891651364730227,0.17318059299191374,0.11253369272237222,0.08342318059299272,0.05397574123989201,0.008598382749325995,0.16739667565139266,0.3267632524707997,0.4048180592991914,0.5200471698113207,0.8166554357592093,0.2838777829900901
