nDCG@1,nDCG@3,nDCG@5,nDCG@10,nDCG@100,RR@1,RR@3,RR@5,RR@10,RR@100,P@1,P@3,P@5,P@10,P@100,R@1,R@3,R@5,R@10,R@100,AP
0.1408355795148248,0.2128440090981833,0.24321473447789355,0.27689737120391794,0.34240005506550314,0.1408355795148248,0.1966531895777179,0.2137017070979332,0.227794891541522,0.24007581444065462,0.1408355795148248,0.09097035040431233,0.06967654986522974,0.04575471698113235,0.007958221024258624,0.13769092542677447,0.26639712488769096,0.3401841868823001,0.4430031446540881,0.7573000898472597,0.23705182892418222
