{
  "nDCG@1": 0.1408355795148248,
  "nDCG@3": 0.2128440090981833,
  "nDCG@5": 0.24321473447789355,
  "nDCG@10": 0.27689737120391794,
  "nDCG@100": 0.34240005506550314,
  "RR@1": 0.1408355795148248,
  "RR@3": 0.1966531895777179,
  "RR@5": 0.2137017070979332,
  "RR@10": 0.227794891541522,
  "RR@100": 0.24007581444065462,
  "P@1": 0.1408355795148248,
  "P@3": 0.09097035040431233,
  "P@5": 0.06967654986522974,
  "P@10": 0.04575471698113235,
  "P@100": 0.007958221024258624,
  "R@1": 0.13769092542677447,
  "R@3": 0.26639712488769096,
  "R@5": 0.3401841868823001,
  "R@10": 0.4430031446540881,
  "R@100": 0.7573000898472597,
  "AP": 0.23705182892418222
}