nDCG@1,nDCG@3,nDCG@5,nDCG@10,nDCG@100,RR@1,RR@3,RR@5,RR@10,RR@100,P@1,P@3,P@5,P@10,P@100,R@1,R@3,R@5,R@10,R@100,AP
0.15498652291105122,0.2337493037061496,0.26708755298958753,0.3020224683475286,0.3654518082281241,0.15498652291105122,0.21653189577717885,0.23499550763701663,0.24953792837889843,0.26125831671333966,0.15498652291105122,0.10062893081761,0.07695417789757486,0.049663072776280376,0.008274932614555114,0.150381850853549,0.29368823000898475,0.37488769092542673,0.48141284815813123,0.7863319856244384,0.25707422532061686
