{
  "nDCG@1": 0.1408355795148248,
  "nDCG@1_std": 0.34796912369651967,
  "nDCG@1_stderr": 0.009032828381827871,
  "nDCG@1_ci90_low": 0.1259686120037893,
  "nDCG@1_ci90_high": 0.1557025470258603,
  "nDCG@1_ci95_low": 0.12311710030366146,
  "nDCG@1_ci95_high": 0.15855405872598816,
  "nDCG@3": 0.2128440090981833,
  "nDCG@3_std": 0.3679139551066893,
  "nDCG@3_stderr": 0.009550570408243055,
  "nDCG@3_ci90_low": 0.19712489942741215,
  "nDCG@3_ci90_high": 0.22856311876895444,
  "nDCG@3_ci95_low": 0.19410994529446438,
  "nDCG@3_ci95_high": 0.23157807290190222,
  "nDCG@5": 0.24321473447789355,
  "nDCG@5_std": 0.36584687756761525,
  "nDCG@5_stderr": 0.009496911748922835,
  "nDCG@5_ci90_low": 0.2275839406159785,
  "nDCG@5_ci90_high": 0.25884552833980856,
  "nDCG@5_ci95_low": 0.22458592561752957,
  "nDCG@5_ci95_high": 0.2618435433382575,
  "nDCG@10": 0.27689737120391794,
  "nDCG@10_std": 0.35690370004383487,
  "nDCG@10_stderr": 0.009264758427667292,
  "nDCG@10_ci90_low": 0.26164867425991056,
  "nDCG@10_ci90_high": 0.2921460681479253,
  "nDCG@10_ci95_low": 0.2587239461527653,
  "nDCG@10_ci95_high": 0.2950707962550706,
  "nDCG@100": 0.34240005506550314,
  "nDCG@100_std": 0.3188305657526145,
  "nDCG@100_stderr": 0.008276429105923164,
  "nDCG@100_ci90_low": 0.32877803132898564,
  "nDCG@100_ci90_high": 0.35602207880202064,
  "nDCG@100_ci95_low": 0.3261653021335215,
  "nDCG@100_ci95_high": 0.35863480799748476,
  "RR@1": 0.1408355795148248,
  "RR@3": 0.1966531895777179,
  "RR@5": 0.2137017070979332,
  "RR@10": 0.227794891541522,
  "RR@100": 0.24007581444065462,
  "P@1": 0.1408355795148248,
  "P@3": 0.09097035040431233,
  "P@5": 0.06967654986522974,
  "P@10": 0.04575471698113235,
  "P@100": 0.007958221024258624,
  "R@1": 0.13769092542677447,
  "R@3": 0.26639712488769096,
  "R@5": 0.3401841868823001,
  "R@10": 0.4430031446540881,
  "R@100": 0.7573000898472597,
  "AP": 0.23705182892418222
}