{
  "nDCG@1": 0.14555256064690028,
  "nDCG@1_std": 0.3527759551206797,
  "nDCG@1_stderr": 0.009157607508359462,
  "nDCG@1_ci90_low": 0.130480221446978,
  "nDCG@1_ci90_high": 0.16062489984682257,
  "nDCG@1_ci95_low": 0.12758931907936527,
  "nDCG@1_ci95_high": 0.1635158022144353,
  "nDCG@3": 0.2179275245285916,
  "nDCG@3_std": 0.3716321286072087,
  "nDCG@3_stderr": 0.009647089383166082,
  "nDCG@3_ci90_low": 0.20204955603711422,
  "nDCG@3_ci90_high": 0.23380549302006898,
  "nDCG@3_ci95_low": 0.1990041324903081,
  "nDCG@3_ci95_high": 0.2368509165668751,
  "nDCG@5": 0.2496075158139807,
  "nDCG@5_std": 0.3692883554433887,
  "nDCG@5_stderr": 0.009586248063310406,
  "nDCG@5_ci90_low": 0.23382968494135176,
  "nDCG@5_ci90_high": 0.2653853466866096,
  "nDCG@5_ci95_low": 0.23080346797393428,
  "nDCG@5_ci95_high": 0.2684115636540271,
  "nDCG@10": 0.2853288784516437,
  "nDCG@10_std": 0.3594588471661247,
  "nDCG@10_stderr": 0.009331086742090081,
  "nDCG@10_ci90_low": 0.26997101294449066,
  "nDCG@10_ci90_high": 0.3006867439587967,
  "nDCG@10_ci95_low": 0.26702534610623796,
  "nDCG@10_ci95_high": 0.3036324107970494,
  "nDCG@100": 0.3506506114185432,
  "nDCG@100_std": 0.31986280053372107,
  "nDCG@100_stderr": 0.008303224585730221,
  "nDCG@100_ci90_low": 0.3369844854904535,
  "nDCG@100_ci90_high": 0.3643167373466329,
  "nDCG@100_ci95_low": 0.33436329741356813,
  "nDCG@100_ci95_high": 0.3669379254235183,
  "RR@1": 0.14555256064690028,
  "RR@3": 0.2023809523809524,
  "RR@5": 0.22006963162623508,
  "RR@10": 0.23495004920207044,
  "RR@100": 0.24712888166727662,
  "P@1": 0.14555256064690028,
  "P@3": 0.09231805929919107,
  "P@5": 0.07115902964959633,
  "P@10": 0.047102425876010975,
  "P@100": 0.00810646900269528,
  "R@1": 0.14195867026055706,
  "R@3": 0.2704402515723271,
  "R@5": 0.3472596585804133,
  "R@10": 0.4561433063791555,
  "R@100": 0.7701033243486075,
  "AP": 0.24382763447808548
}