{
  "nDCG@1": 0.17318059299191374,
  "nDCG@1_std": 0.37853088230835946,
  "nDCG@1_stderr": 0.009826172106279592,
  "nDCG@1_ci90_low": 0.1570078755122155,
  "nDCG@1_ci90_high": 0.18935331047161197,
  "nDCG@1_ci95_low": 0.15390591856760055,
  "nDCG@1_ci95_high": 0.19245526741622693,
  "nDCG@3": 0.26168399774364437,
  "nDCG@3_std": 0.3901951607979375,
  "nDCG@3_stderr": 0.010128961689087794,
  "nDCG@3_ci90_low": 0.2450129244112715,
  "nDCG@3_ci90_high": 0.27835507107601726,
  "nDCG@3_ci95_low": 0.2418153818979335,
  "nDCG@3_ci95_high": 0.28155261358935524,
  "nDCG@5": 0.2939881049454193,
  "nDCG@5_std": 0.38478338633153253,
  "nDCG@5_stderr": 0.009988479023623407,
  "nDCG@5_ci90_low": 0.2775482494702931,
  "nDCG@5_ci90_high": 0.31042796042054555,
  "nDCG@5_ci95_low": 0.27439505496704714,
  "nDCG@5_ci95_high": 0.3135811549237915,
  "nDCG@10": 0.33214142242010725,
  "nDCG@10_std": 0.3702537916842173,
  "nDCG@10_stderr": 0.009611309539410242,
  "nDCG@10_ci90_low": 0.3163223433209865,
  "nDCG@10_ci90_high": 0.34796050151922797,
  "nDCG@10_ci95_low": 0.313288214867897,
  "nDCG@10_ci95_high": 0.3509946299723175,
  "nDCG@100": 0.3942929418092929,
  "nDCG@100_std": 0.32636264631355677,
  "nDCG@100_stderr": 0.008471952175160856,
  "nDCG@100_ci90_low": 0.38034911021867485,
  "nDCG@100_ci90_high": 0.408236773399911,
  "nDCG@100_ci95_low": 0.377674657685181,
  "nDCG@100_ci95_high": 0.41091122593340484,
  "RR@1": 0.17318059299191374,
  "RR@3": 0.2437106918238992,
  "RR@5": 0.26153414195866986,
  "RR@10": 0.27753497625465257,
  "RR@100": 0.2891651364730227,
  "P@1": 0.17318059299191374,
  "P@3": 0.11253369272237222,
  "P@5": 0.08342318059299272,
  "P@10": 0.05397574123989201,
  "P@100": 0.008598382749325995,
  "R@1": 0.16739667565139266,
  "R@3": 0.3267632524707997,
  "R@5": 0.4048180592991914,
  "R@10": 0.5200471698113207,
  "R@100": 0.8166554357592093,
  "AP": 0.2838777829900901
}