{
  "nDCG@1": 0.14555256064690028,
  "nDCG@3": 0.2179275245285916,
  "nDCG@5": 0.2496075158139807,
  "nDCG@10": 0.2853288784516437,
  "nDCG@100": 0.3506506114185432,
  "RR@1": 0.14555256064690028,
  "RR@3": 0.2023809523809524,
  "RR@5": 0.22006963162623508,
  "RR@10": 0.23495004920207044,
  "RR@100": 0.24712888166727662,
  "P@1": 0.14555256064690028,
  "P@3": 0.09231805929919107,
  "P@5": 0.07115902964959633,
  "P@10": 0.047102425876010975,
  "P@100": 0.00810646900269528,
  "R@1": 0.14195867026055706,
  "R@3": 0.2704402515723271,
  "R@5": 0.3472596585804133,
  "R@10": 0.4561433063791555,
  "R@100": 0.7701033243486075,
  "AP": 0.24382763447808548
}