nDCG@1,nDCG@1_std,nDCG@1_stderr,nDCG@1_ci90_low,nDCG@1_ci90_high,nDCG@1_ci95_low,nDCG@1_ci95_high,nDCG@3,nDCG@3_std,nDCG@3_stderr,nDCG@3_ci90_low,nDCG@3_ci90_high,nDCG@3_ci95_low,nDCG@3_ci95_high,nDCG@5,nDCG@5_std,nDCG@5_stderr,nDCG@5_ci90_low,nDCG@5_ci90_high,nDCG@5_ci95_low,nDCG@5_ci95_high,nDCG@10,nDCG@10_std,nDCG@10_stderr,nDCG@10_ci90_low,nDCG@10_ci90_high,nDCG@10_ci95_low,nDCG@10_ci95_high,nDCG@100,nDCG@100_std,nDCG@100_stderr,nDCG@100_ci90_low,nDCG@100_ci90_high,nDCG@100_ci95_low,nDCG@100_ci95_high,RR@1,RR@3,RR@5,RR@10,RR@100,P@1,P@3,P@5,P@10,P@100,R@1,R@3,R@5,R@10,R@100,AP
0.16711590296495957,0.37320508270797,0.009687921237135577,0.1511707300696433,0.18306107586027584,0.14811241659463192,0.1861193893352872,0.24528453258492183,0.38582042203718114,0.010015399129221976,0.22880036979890583,0.26176869537093783,0.2256386770719764,0.2649303880978673,0.2822208979603784,0.3804397103639994,0.009875722813692504,0.26596662587495573,0.2984751700458011,0.2628490266070324,0.3015927693137244,0.31717387993082446,0.3682825893182352,0.00956013967557687,0.30143902037745374,0.3329087394841952,0.2984210453880687,0.33592671447358025,0.3814388196462376,0.32526141092823585,0.008443365528914979,0.3675420382953697,0.3953356009971055,0.3648766100843573,0.3980010292081179,0.16711590296495957,0.22911051212937994,0.24949460916441998,0.26450124074787096,0.2767285153949612,0.16711590296495957,0.10399820305480685,0.08099730458221104,0.05154986522911047,0.008443396226414948,0.16217430368373767,0.30329065588499554,0.39325022461814907,0.4978099730458221,0.802336028751123,0.2719905720257252
