nDCG@1,nDCG@1_std,nDCG@1_stderr,nDCG@1_ci90_low,nDCG@1_ci90_high,nDCG@1_ci95_low,nDCG@1_ci95_high,nDCG@3,nDCG@3_std,nDCG@3_stderr,nDCG@3_ci90_low,nDCG@3_ci90_high,nDCG@3_ci95_low,nDCG@3_ci95_high,nDCG@5,nDCG@5_std,nDCG@5_stderr,nDCG@5_ci90_low,nDCG@5_ci90_high,nDCG@5_ci95_low,nDCG@5_ci95_high,nDCG@10,nDCG@10_std,nDCG@10_stderr,nDCG@10_ci90_low,nDCG@10_ci90_high,nDCG@10_ci95_low,nDCG@10_ci95_high,nDCG@100,nDCG@100_std,nDCG@100_stderr,nDCG@100_ci90_low,nDCG@100_ci90_high,nDCG@100_ci95_low,nDCG@100_ci95_high,RR@1,RR@3,RR@5,RR@10,RR@100,P@1,P@3,P@5,P@10,P@100,R@1,R@3,R@5,R@10,R@100,AP
0.15498652291105122,0.3620138284041158,0.009397410750371033,0.13951949592815288,0.17045354989394956,0.13655289171816923,0.17342015410393322,0.2337493037061496,0.3774480125168762,0.009798062207095363,0.2176228517969067,0.2498757556153925,0.21452976867375995,0.25296883873853926,0.26708755298958753,0.3735212373821504,0.009696128203557329,0.2511288723978999,0.2830462335812752,0.24806796812189189,0.28610713785728314,0.3020224683475286,0.36243369016943194,0.00940830981874211,0.28653750278675366,0.31750743390830355,0.2835674579245549,0.3204774787705023,0.3654518082281241,0.3217506564947435,0.008352230884692537,0.351705023726251,0.37919859272999723,0.3490683651866308,0.3818352512696174,0.15498652291105122,0.21653189577717885,0.23499550763701663,0.24953792837889843,0.26125831671333966,0.15498652291105122,0.10062893081761,0.07695417789757486,0.049663072776280376,0.008274932614555114,0.150381850853549,0.29368823000898475,0.37488769092542673,0.48141284815813123,0.7863319856244384,0.25707422532061686
