nDCG@1,nDCG@1_std,nDCG@1_stderr,nDCG@1_ci90_low,nDCG@1_ci90_high,nDCG@1_ci95_low,nDCG@1_ci95_high,nDCG@3,nDCG@3_std,nDCG@3_stderr,nDCG@3_ci90_low,nDCG@3_ci90_high,nDCG@3_ci95_low,nDCG@3_ci95_high,nDCG@5,nDCG@5_std,nDCG@5_stderr,nDCG@5_ci90_low,nDCG@5_ci90_high,nDCG@5_ci95_low,nDCG@5_ci95_high,nDCG@10,nDCG@10_std,nDCG@10_stderr,nDCG@10_ci90_low,nDCG@10_ci90_high,nDCG@10_ci95_low,nDCG@10_ci95_high,nDCG@100,nDCG@100_std,nDCG@100_stderr,nDCG@100_ci90_low,nDCG@100_ci90_high,nDCG@100_ci95_low,nDCG@100_ci95_high,RR@1,RR@3,RR@5,RR@10,RR@100,P@1,P@3,P@5,P@10,P@100,R@1,R@3,R@5,R@10,R@100,AP
0.1408355795148248,0.34796912369651967,0.009032828381827871,0.1259686120037893,0.1557025470258603,0.12311710030366146,0.15855405872598816,0.2128440090981833,0.3679139551066893,0.009550570408243055,0.19712489942741215,0.22856311876895444,0.19410994529446438,0.23157807290190222,0.24321473447789355,0.36584687756761525,0.009496911748922835,0.2275839406159785,0.25884552833980856,0.22458592561752957,0.2618435433382575,0.27689737120391794,0.35690370004383487,0.009264758427667292,0.26164867425991056,0.2921460681479253,0.2587239461527653,0.2950707962550706,0.34240005506550314,0.3188305657526145,0.008276429105923164,0.32877803132898564,0.35602207880202064,0.3261653021335215,0.35863480799748476,0.1408355795148248,0.1966531895777179,0.2137017070979332,0.227794891541522,0.24007581444065462,0.1408355795148248,0.09097035040431233,0.06967654986522974,0.04575471698113235,0.007958221024258624,0.13769092542677447,0.26639712488769096,0.3401841868823001,0.4430031446540881,0.7573000898472597,0.23705182892418222
