nDCG@1,nDCG@1_std,nDCG@1_stderr,nDCG@1_ci90_low,nDCG@1_ci90_high,nDCG@1_ci95_low,nDCG@1_ci95_high,nDCG@3,nDCG@3_std,nDCG@3_stderr,nDCG@3_ci90_low,nDCG@3_ci90_high,nDCG@3_ci95_low,nDCG@3_ci95_high,nDCG@5,nDCG@5_std,nDCG@5_stderr,nDCG@5_ci90_low,nDCG@5_ci90_high,nDCG@5_ci95_low,nDCG@5_ci95_high,nDCG@10,nDCG@10_std,nDCG@10_stderr,nDCG@10_ci90_low,nDCG@10_ci90_high,nDCG@10_ci95_low,nDCG@10_ci95_high,nDCG@100,nDCG@100_std,nDCG@100_stderr,nDCG@100_ci90_low,nDCG@100_ci90_high,nDCG@100_ci95_low,nDCG@100_ci95_high,RR@1,RR@3,RR@5,RR@10,RR@100,P@1,P@3,P@5,P@10,P@100,R@1,R@3,R@5,R@10,R@100,AP
0.17318059299191374,0.37853088230835946,0.009826172106279592,0.1570078755122155,0.18935331047161197,0.15390591856760055,0.19245526741622693,0.26168399774364437,0.3901951607979375,0.010128961689087794,0.2450129244112715,0.27835507107601726,0.2418153818979335,0.28155261358935524,0.2939881049454193,0.38478338633153253,0.009988479023623407,0.2775482494702931,0.31042796042054555,0.27439505496704714,0.3135811549237915,0.33214142242010725,0.3702537916842173,0.009611309539410242,0.3163223433209865,0.34796050151922797,0.313288214867897,0.3509946299723175,0.3942929418092929,0.32636264631355677,0.008471952175160856,0.38034911021867485,0.408236773399911,0.377674657685181,0.41091122593340484,0.17318059299191374,0.2437106918238992,0.26153414195866986,0.27753497625465257,0.2891651364730227,0.17318059299191374,0.11253369272237222,0.08342318059299272,0.05397574123989201,0.008598382749325995,0.16739667565139266,0.3267632524707997,0.4048180592991914,0.5200471698113207,0.8166554357592093,0.2838777829900901
