nDCG@1,nDCG@3,nDCG@5,nDCG@10,nDCG@100,RR@1,RR@3,RR@5,RR@10,RR@100,P@1,P@3,P@5,P@10,P@100,R@1,R@3,R@5,R@10,R@100,AP
0.16711590296495957,0.24528453258492183,0.2822208979603784,0.31717387993082446,0.3814388196462376,0.16711590296495957,0.22911051212937994,0.24949460916441998,0.26450124074787096,0.2767285153949612,0.16711590296495957,0.10399820305480685,0.08099730458221104,0.05154986522911047,0.008443396226414948,0.16217430368373767,0.30329065588499554,0.39325022461814907,0.4978099730458221,0.802336028751123,0.2719905720257252
