nDCG@1,nDCG@3,nDCG@5,nDCG@10,nDCG@100,RR@1,RR@3,RR@5,RR@10,RR@100,P@1,P@3,P@5,P@10,P@100,R@1,R@3,R@5,R@10,R@100,AP
0.16778975741239893,0.24160517391770575,0.2700374024881448,0.3027864630137361,0.3678045536061337,0.16778975741239893,0.22641509433962254,0.24221698113207507,0.256049982886236,0.26840524636713875,0.16778975741239893,0.10197663971248876,0.0756064690026961,0.048247978436657825,0.008119946091644065,0.1623989218328841,0.29638364779874216,0.36517295597484273,0.46434186882300094,0.7715071877807725,0.2639991424468818
