{
  "nDCG@1": 0.1610512129380054,
  "nDCG@1_std": 0.3677020915414396,
  "nDCG@1_stderr": 0.009545070704117205,
  "nDCG@1_ci90_low": 0.14534115512996243,
  "nDCG@1_ci90_high": 0.17676127074604836,
  "nDCG@1_ci95_low": 0.1423279371609269,
  "nDCG@1_ci95_high": 0.1797744887150839,
  "nDCG@3": 0.2445237443070331,
  "nDCG@3_std": 0.3832579324053922,
  "nDCG@3_stderr": 0.00994888021274952,
  "nDCG@3_ci90_low": 0.22814906379260047,
  "nDCG@3_ci90_high": 0.26089842482146575,
  "nDCG@3_ci95_low": 0.22500836996663354,
  "nDCG@3_ci95_high": 0.2640391186474327,
  "nDCG@5": 0.27122296958785214,
  "nDCG@5_std": 0.3799780836893706,
  "nDCG@5_stderr": 0.009863739582295134,
  "nDCG@5_ci90_low": 0.25498842048446024,
  "nDCG@5_ci90_high": 0.28745751869124403,
  "nDCG@5_ci95_low": 0.25187460412074925,
  "nDCG@5_ci95_high": 0.290571335054955,
  "nDCG@10": 0.3058846341063372,
  "nDCG@10_std": 0.36831480957982027,
  "nDCG@10_stderr": 0.009560976071893369,
  "nDCG@10_ci90_low": 0.29014839794352165,
  "nDCG@10_ci90_high": 0.32162087026915276,
  "nDCG@10_ci95_low": 0.2871301589179143,
  "nDCG@10_ci95_high": 0.3246391092947601,
  "nDCG@100": 0.36948757961880735,
  "nDCG@100_std": 0.3281642268387719,
  "nDCG@100_stderr": 0.008518718875399766,
  "nDCG@100_ci90_low": 0.3554667755691034,
  "nDCG@100_ci90_high": 0.3835083836685113,
  "nDCG@100_ci95_low": 0.3527775595764503,
  "nDCG@100_ci95_high": 0.3861975996611644,
  "RR@1": 0.1610512129380054,
  "RR@3": 0.22720125786163517,
  "RR@5": 0.2418912848158127,
  "RR@10": 0.25613394728960764,
  "RR@100": 0.2680226126401721,
  "P@1": 0.1610512129380054,
  "P@3": 0.1048966756513927,
  "P@5": 0.07668463611859909,
  "P@10": 0.04952830188679253,
  "P@100": 0.008214285714285573,
  "R@1": 0.15594115004492365,
  "R@3": 0.30497529200359386,
  "R@5": 0.3695530098831986,
  "R@10": 0.47669586702605576,
  "R@100": 0.7797619047619047,
  "AP": 0.26374689714008626
}