{
  "nDCG@1": 0.1597035040431267,
  "nDCG@1_std": 0.36645434358882595,
  "nDCG@1_stderr": 0.009512680781126319,
  "nDCG@1_ci90_low": 0.14404675621867194,
  "nDCG@1_ci90_high": 0.17536025186758145,
  "nDCG@1_ci95_low": 0.14104376320249398,
  "nDCG@1_ci95_high": 0.1783632448837594,
  "nDCG@3": 0.23550471174361293,
  "nDCG@3_std": 0.3810315581481101,
  "nDCG@3_stderr": 0.009891086416661773,
  "nDCG@3_ci90_low": 0.21922515298423373,
  "nDCG@3_ci90_high": 0.2517842705029921,
  "nDCG@3_ci95_low": 0.21610270368575837,
  "nDCG@3_ci95_high": 0.2549067198014675,
  "nDCG@5": 0.26585225768540094,
  "nDCG@5_std": 0.37796502149314065,
  "nDCG@5_stderr": 0.00981148309141076,
  "nDCG@5_ci90_low": 0.24970371658740653,
  "nDCG@5_ci90_high": 0.28200079878339535,
  "nDCG@5_ci95_low": 0.24660639671724832,
  "nDCG@5_ci95_high": 0.28509811865355356,
  "nDCG@10": 0.29676621663854397,
  "nDCG@10_std": 0.3682844283280161,
  "nDCG@10_stderr": 0.009560187413892174,
  "nDCG@10_ci90_low": 0.28103127851355064,
  "nDCG@10_ci90_high": 0.3125011547635373,
  "nDCG@10_ci95_low": 0.27801328845398393,
  "nDCG@10_ci95_high": 0.315519144823104,
  "nDCG@100": 0.3593239561255874,
  "nDCG@100_std": 0.33052755093906655,
  "nDCG@100_stderr": 0.008580067712278804,
  "nDCG@100_ci90_low": 0.3452021791440213,
  "nDCG@100_ci90_high": 0.37344573310715345,
  "nDCG@100_ci95_low": 0.3424935963574079,
  "nDCG@100_ci95_high": 0.37615431589376686,
  "RR@1": 0.1597035040431267,
  "RR@3": 0.2188903863432164,
  "RR@5": 0.23597259658580375,
  "RR@10": 0.24904804689171237,
  "RR@100": 0.26055084416600394,
  "P@1": 0.1597035040431267,
  "P@3": 0.10040431266846353,
  "P@5": 0.07560646900269612,
  "P@10": 0.04764150943396245,
  "P@100": 0.007978436657681803,
  "R@1": 0.1557165318957772,
  "R@3": 0.2922843665768194,
  "R@5": 0.36494833782569636,
  "R@10": 0.45838948787061995,
  "R@100": 0.7587039532794249,
  "AP": 0.25701732747783934
}