nDCG@1,nDCG@3,nDCG@5,nDCG@10,nDCG@100,RR@1,RR@3,RR@5,RR@10,RR@100,P@1,P@3,P@5,P@10,P@100,R@1,R@3,R@5,R@10,R@100,AP
0.1610512129380054,0.23847172939009498,0.26936902752393527,0.30173139993713216,0.36636274879856373,0.1610512129380054,0.22248427672955967,0.23990341419586672,0.25331365250502685,0.2653319524305817,0.1610512129380054,0.10107816711590292,0.07628032345013547,0.04845013477088963,0.008167115902964818,0.15661500449236299,0.2935197663971249,0.36764375561545376,0.46647574123989216,0.7762241689128481,0.2614776346837877
