nDCG@1,nDCG@3,nDCG@5,nDCG@10,nDCG@100,RR@1,RR@3,RR@5,RR@10,RR@100,P@1,P@3,P@5,P@10,P@100,R@1,R@3,R@5,R@10,R@100,AP
0.15566037735849056,0.23025620026411378,0.2618292317228508,0.2920000417476963,0.3549061425812406,0.15566037735849056,0.21439802336028746,0.2318845462713384,0.24460274675908059,0.2560962357247829,0.15566037735849056,0.09815813117699897,0.07479784366576889,0.047035040431267064,0.007951482479784229,0.15167340521114106,0.28554582210242585,0.3612421383647799,0.45232479784366575,0.7560085354896675,0.25251083954804004
