nDCG@1,nDCG@1_std,nDCG@1_stderr,nDCG@1_ci90_low,nDCG@1_ci90_high,nDCG@1_ci95_low,nDCG@1_ci95_high,nDCG@3,nDCG@3_std,nDCG@3_stderr,nDCG@3_ci90_low,nDCG@3_ci90_high,nDCG@3_ci95_low,nDCG@3_ci95_high,nDCG@5,nDCG@5_std,nDCG@5_stderr,nDCG@5_ci90_low,nDCG@5_ci90_high,nDCG@5_ci95_low,nDCG@5_ci95_high,nDCG@10,nDCG@10_std,nDCG@10_stderr,nDCG@10_ci90_low,nDCG@10_ci90_high,nDCG@10_ci95_low,nDCG@10_ci95_high,nDCG@100,nDCG@100_std,nDCG@100_stderr,nDCG@100_ci90_low,nDCG@100_ci90_high,nDCG@100_ci95_low,nDCG@100_ci95_high,RR@1,RR@3,RR@5,RR@10,RR@100,P@1,P@3,P@5,P@10,P@100,R@1,R@3,R@5,R@10,R@100,AP
0.1711590296495957,0.3767748347601861,0.009780587383231539,0.15506133923427948,0.18725672006491192,0.1519737726185431,0.1903442866806483,0.24682355460930747,0.38802085893524685,0.010072519625012299,0.23024537824091926,0.2634017309776957,0.2270656535360558,0.26658145568255914,0.274463672816714,0.3842435730790597,0.009974466169793089,0.25804688084216876,0.2908804647912593,0.2548981099607343,0.29402923567269373,0.30751672014138254,0.37313964306420083,0.009686222508624106,0.29157434315234526,0.3234590971304198,0.28851656593729824,0.32651687434546683,0.3721424772741016,0.33282513080082365,0.008639709913760152,0.35792253628075227,0.38636241826745094,0.35519512545621357,0.38908982909198964,0.1711590296495957,0.2310197663971247,0.24641734052111372,0.2603939374491931,0.2726755932631999,0.1711590296495957,0.10444743935309979,0.07654986522911121,0.0488544474393532,0.008167115902964818,0.1654312668463612,0.3034591194968554,0.3703391734052111,0.4707434860736748,0.7762241689128481,0.2681088607618695
