nDCG@1,nDCG@1_std,nDCG@1_stderr,nDCG@1_ci90_low,nDCG@1_ci90_high,nDCG@1_ci95_low,nDCG@1_ci95_high,nDCG@3,nDCG@3_std,nDCG@3_stderr,nDCG@3_ci90_low,nDCG@3_ci90_high,nDCG@3_ci95_low,nDCG@3_ci95_high,nDCG@5,nDCG@5_std,nDCG@5_stderr,nDCG@5_ci90_low,nDCG@5_ci90_high,nDCG@5_ci95_low,nDCG@5_ci95_high,nDCG@10,nDCG@10_std,nDCG@10_stderr,nDCG@10_ci90_low,nDCG@10_ci90_high,nDCG@10_ci95_low,nDCG@10_ci95_high,nDCG@100,nDCG@100_std,nDCG@100_stderr,nDCG@100_ci90_low,nDCG@100_ci90_high,nDCG@100_ci95_low,nDCG@100_ci95_high,RR@1,RR@3,RR@5,RR@10,RR@100,P@1,P@3,P@5,P@10,P@100,R@1,R@3,R@5,R@10,R@100,AP
0.16711590296495957,0.37320508270797,0.009687921237135577,0.1511707300696433,0.18306107586027584,0.14811241659463192,0.1861193893352872,0.2490894880447069,0.3865896427289659,0.01003536710345725,0.23257246033403295,0.26560651575538086,0.22940446405413506,0.26877451203527875,0.27741741993987123,0.3826696688539584,0.009933609651824635,0.261067872963191,0.29376696691655146,0.2579319997959706,0.2969028400837719,0.31045111217836424,0.3713121041210265,0.009638781961430044,0.2945868167208281,0.3263154076359004,0.2915440156870685,0.32935820866966,0.3742580844714712,0.3304097579198859,0.008577009957856421,0.3601413401921477,0.38837482875079465,0.35743372268707657,0.3910824462558658,0.16711590296495957,0.2318059299191372,0.24740566037735798,0.26117261369956746,0.2729317894923714,0.16711590296495957,0.10624438454627144,0.07816711590296568,0.049797843665768254,0.008254716981131933,0.16172506738544473,0.30952380952380953,0.3780884995507636,0.4791666666666667,0.7839734950584006,0.26875957206885553
