nDCG@1,nDCG@1_std,nDCG@1_stderr,nDCG@1_ci90_low,nDCG@1_ci90_high,nDCG@1_ci95_low,nDCG@1_ci95_high,nDCG@3,nDCG@3_std,nDCG@3_stderr,nDCG@3_ci90_low,nDCG@3_ci90_high,nDCG@3_ci95_low,nDCG@3_ci95_high,nDCG@5,nDCG@5_std,nDCG@5_stderr,nDCG@5_ci90_low,nDCG@5_ci90_high,nDCG@5_ci95_low,nDCG@5_ci95_high,nDCG@10,nDCG@10_std,nDCG@10_stderr,nDCG@10_ci90_low,nDCG@10_ci90_high,nDCG@10_ci95_low,nDCG@10_ci95_high,nDCG@100,nDCG@100_std,nDCG@100_stderr,nDCG@100_ci90_low,nDCG@100_ci90_high,nDCG@100_ci95_low,nDCG@100_ci95_high,RR@1,RR@3,RR@5,RR@10,RR@100,P@1,P@3,P@5,P@10,P@100,R@1,R@3,R@5,R@10,R@100,AP
0.1610512129380054,0.3677020915414396,0.009545070704117205,0.14534115512996243,0.17676127074604836,0.1423279371609269,0.1797744887150839,0.2445237443070331,0.3832579324053922,0.00994888021274952,0.22814906379260047,0.26089842482146575,0.22500836996663354,0.2640391186474327,0.27122296958785214,0.3799780836893706,0.009863739582295134,0.25498842048446024,0.28745751869124403,0.25187460412074925,0.290571335054955,0.3058846341063372,0.36831480957982027,0.009560976071893369,0.29014839794352165,0.32162087026915276,0.2871301589179143,0.3246391092947601,0.36948757961880735,0.3281642268387719,0.008518718875399766,0.3554667755691034,0.3835083836685113,0.3527775595764503,0.3861975996611644,0.1610512129380054,0.22720125786163517,0.2418912848158127,0.25613394728960764,0.2680226126401721,0.1610512129380054,0.1048966756513927,0.07668463611859909,0.04952830188679253,0.008214285714285573,0.15594115004492365,0.30497529200359386,0.3695530098831986,0.47669586702605576,0.7797619047619047,0.26374689714008626
