{
  "nDCG@1": 0.15566037735849056,
  "nDCG@3": 0.23025620026411378,
  "nDCG@5": 0.2618292317228508,
  "nDCG@10": 0.2920000417476963,
  "nDCG@100": 0.3549061425812406,
  "RR@1": 0.15566037735849056,
  "RR@3": 0.21439802336028746,
  "RR@5": 0.2318845462713384,
  "RR@10": 0.24460274675908059,
  "RR@100": 0.2560962357247829,
  "P@1": 0.15566037735849056,
  "P@3": 0.09815813117699897,
  "P@5": 0.07479784366576889,
  "P@10": 0.047035040431267064,
  "P@100": 0.007951482479784229,
  "R@1": 0.15167340521114106,
  "R@3": 0.28554582210242585,
  "R@5": 0.3612421383647799,
  "R@10": 0.45232479784366575,
  "R@100": 0.7560085354896675,
  "AP": 0.25251083954804004
}