{
  "nDCG@1": 0.1711590296495957,
  "nDCG@1_std": 0.3767748347601861,
  "nDCG@1_stderr": 0.009780587383231539,
  "nDCG@1_ci90_low": 0.15506133923427948,
  "nDCG@1_ci90_high": 0.18725672006491192,
  "nDCG@1_ci95_low": 0.1519737726185431,
  "nDCG@1_ci95_high": 0.1903442866806483,
  "nDCG@3": 0.24682355460930747,
  "nDCG@3_std": 0.38802085893524685,
  "nDCG@3_stderr": 0.010072519625012299,
  "nDCG@3_ci90_low": 0.23024537824091926,
  "nDCG@3_ci90_high": 0.2634017309776957,
  "nDCG@3_ci95_low": 0.2270656535360558,
  "nDCG@3_ci95_high": 0.26658145568255914,
  "nDCG@5": 0.274463672816714,
  "nDCG@5_std": 0.3842435730790597,
  "nDCG@5_stderr": 0.009974466169793089,
  "nDCG@5_ci90_low": 0.25804688084216876,
  "nDCG@5_ci90_high": 0.2908804647912593,
  "nDCG@5_ci95_low": 0.2548981099607343,
  "nDCG@5_ci95_high": 0.29402923567269373,
  "nDCG@10": 0.30751672014138254,
  "nDCG@10_std": 0.37313964306420083,
  "nDCG@10_stderr": 0.009686222508624106,
  "nDCG@10_ci90_low": 0.29157434315234526,
  "nDCG@10_ci90_high": 0.3234590971304198,
  "nDCG@10_ci95_low": 0.28851656593729824,
  "nDCG@10_ci95_high": 0.32651687434546683,
  "nDCG@100": 0.3721424772741016,
  "nDCG@100_std": 0.33282513080082365,
  "nDCG@100_stderr": 0.008639709913760152,
  "nDCG@100_ci90_low": 0.35792253628075227,
  "nDCG@100_ci90_high": 0.38636241826745094,
  "nDCG@100_ci95_low": 0.35519512545621357,
  "nDCG@100_ci95_high": 0.38908982909198964,
  "RR@1": 0.1711590296495957,
  "RR@3": 0.2310197663971247,
  "RR@5": 0.24641734052111372,
  "RR@10": 0.2603939374491931,
  "RR@100": 0.2726755932631999,
  "P@1": 0.1711590296495957,
  "P@3": 0.10444743935309979,
  "P@5": 0.07654986522911121,
  "P@10": 0.0488544474393532,
  "P@100": 0.008167115902964818,
  "R@1": 0.1654312668463612,
  "R@3": 0.3034591194968554,
  "R@5": 0.3703391734052111,
  "R@10": 0.4707434860736748,
  "R@100": 0.7762241689128481,
  "AP": 0.2681088607618695
}