{
  "nDCG@1": 0.1597035040431267,
  "nDCG@3": 0.23550471174361293,
  "nDCG@5": 0.26585225768540094,
  "nDCG@10": 0.29676621663854397,
  "nDCG@100": 0.3593239561255874,
  "RR@1": 0.1597035040431267,
  "RR@3": 0.2188903863432164,
  "RR@5": 0.23597259658580375,
  "RR@10": 0.24904804689171237,
  "RR@100": 0.26055084416600394,
  "P@1": 0.1597035040431267,
  "P@3": 0.10040431266846353,
  "P@5": 0.07560646900269612,
  "P@10": 0.04764150943396245,
  "P@100": 0.007978436657681803,
  "R@1": 0.1557165318957772,
  "R@3": 0.2922843665768194,
  "R@5": 0.36494833782569636,
  "R@10": 0.45838948787061995,
  "R@100": 0.7587039532794249,
  "AP": 0.25701732747783934
}