{
  "nDCG@1": 0.1711590296495957,
  "nDCG@3": 0.24682355460930747,
  "nDCG@5": 0.274463672816714,
  "nDCG@10": 0.30751672014138254,
  "nDCG@100": 0.3721424772741016,
  "RR@1": 0.1711590296495957,
  "RR@3": 0.2310197663971247,
  "RR@5": 0.24641734052111372,
  "RR@10": 0.2603939374491931,
  "RR@100": 0.2726755932631999,
  "P@1": 0.1711590296495957,
  "P@3": 0.10444743935309979,
  "P@5": 0.07654986522911121,
  "P@10": 0.0488544474393532,
  "P@100": 0.008167115902964818,
  "R@1": 0.1654312668463612,
  "R@3": 0.3034591194968554,
  "R@5": 0.3703391734052111,
  "R@10": 0.4707434860736748,
  "R@100": 0.7762241689128481,
  "AP": 0.2681088607618695
}