{
  "nDCG@1": 0.16711590296495957,
  "nDCG@1_std": 0.37320508270797,
  "nDCG@1_stderr": 0.009687921237135577,
  "nDCG@1_ci90_low": 0.1511707300696433,
  "nDCG@1_ci90_high": 0.18306107586027584,
  "nDCG@1_ci95_low": 0.14811241659463192,
  "nDCG@1_ci95_high": 0.1861193893352872,
  "nDCG@3": 0.2490894880447069,
  "nDCG@3_std": 0.3865896427289659,
  "nDCG@3_stderr": 0.01003536710345725,
  "nDCG@3_ci90_low": 0.23257246033403295,
  "nDCG@3_ci90_high": 0.26560651575538086,
  "nDCG@3_ci95_low": 0.22940446405413506,
  "nDCG@3_ci95_high": 0.26877451203527875,
  "nDCG@5": 0.27741741993987123,
  "nDCG@5_std": 0.3826696688539584,
  "nDCG@5_stderr": 0.009933609651824635,
  "nDCG@5_ci90_low": 0.261067872963191,
  "nDCG@5_ci90_high": 0.29376696691655146,
  "nDCG@5_ci95_low": 0.2579319997959706,
  "nDCG@5_ci95_high": 0.2969028400837719,
  "nDCG@10": 0.31045111217836424,
  "nDCG@10_std": 0.3713121041210265,
  "nDCG@10_stderr": 0.009638781961430044,
  "nDCG@10_ci90_low": 0.2945868167208281,
  "nDCG@10_ci90_high": 0.3263154076359004,
  "nDCG@10_ci95_low": 0.2915440156870685,
  "nDCG@10_ci95_high": 0.32935820866966,
  "nDCG@100": 0.3742580844714712,
  "nDCG@100_std": 0.3304097579198859,
  "nDCG@100_stderr": 0.008577009957856421,
  "nDCG@100_ci90_low": 0.3601413401921477,
  "nDCG@100_ci90_high": 0.38837482875079465,
  "nDCG@100_ci95_low": 0.35743372268707657,
  "nDCG@100_ci95_high": 0.3910824462558658,
  "RR@1": 0.16711590296495957,
  "RR@3": 0.2318059299191372,
  "RR@5": 0.24740566037735798,
  "RR@10": 0.26117261369956746,
  "RR@100": 0.2729317894923714,
  "P@1": 0.16711590296495957,
  "P@3": 0.10624438454627144,
  "P@5": 0.07816711590296568,
  "P@10": 0.049797843665768254,
  "P@100": 0.008254716981131933,
  "R@1": 0.16172506738544473,
  "R@3": 0.30952380952380953,
  "R@5": 0.3780884995507636,
  "R@10": 0.4791666666666667,
  "R@100": 0.7839734950584006,
  "AP": 0.26875957206885553
}