nDCG@1,nDCG@3,nDCG@5,nDCG@10,nDCG@100,RR@1,RR@3,RR@5,RR@10,RR@100,P@1,P@3,P@5,P@10,P@100,R@1,R@3,R@5,R@10,R@100,AP
0.16711590296495957,0.2490894880447069,0.27741741993987123,0.31045111217836424,0.3742580844714712,0.16711590296495957,0.2318059299191372,0.24740566037735798,0.26117261369956746,0.2729317894923714,0.16711590296495957,0.10624438454627144,0.07816711590296568,0.049797843665768254,0.008254716981131933,0.16172506738544473,0.30952380952380953,0.3780884995507636,0.4791666666666667,0.7839734950584006,0.26875957206885553
