{
  "nDCG@1": 0.1610512129380054,
  "nDCG@3": 0.23847172939009498,
  "nDCG@5": 0.26936902752393527,
  "nDCG@10": 0.30173139993713216,
  "nDCG@100": 0.36636274879856373,
  "RR@1": 0.1610512129380054,
  "RR@3": 0.22248427672955967,
  "RR@5": 0.23990341419586672,
  "RR@10": 0.25331365250502685,
  "RR@100": 0.2653319524305817,
  "P@1": 0.1610512129380054,
  "P@3": 0.10107816711590292,
  "P@5": 0.07628032345013547,
  "P@10": 0.04845013477088963,
  "P@100": 0.008167115902964818,
  "R@1": 0.15661500449236299,
  "R@3": 0.2935197663971249,
  "R@5": 0.36764375561545376,
  "R@10": 0.46647574123989216,
  "R@100": 0.7762241689128481,
  "AP": 0.2614776346837877
}