{
  "nDCG@1": 0.15566037735849056,
  "nDCG@1_std": 0.36265527548943227,
  "nDCG@1_stderr": 0.009414061887047001,
  "nDCG@1_ci90_low": 0.14016594457338727,
  "nDCG@1_ci90_high": 0.17115481014359385,
  "nDCG@1_ci95_low": 0.13719408388015775,
  "nDCG@1_ci95_high": 0.17412667083682337,
  "nDCG@3": 0.23025620026411378,
  "nDCG@3_std": 0.37821749044867603,
  "nDCG@3_stderr": 0.009818036858948708,
  "nDCG@3_ci90_low": 0.21409687243964312,
  "nDCG@3_ci90_high": 0.24641552808858444,
  "nDCG@3_ci95_low": 0.2109974836555164,
  "nDCG@3_ci95_high": 0.24951491687271116,
  "nDCG@5": 0.2618292317228508,
  "nDCG@5_std": 0.3754595417327169,
  "nDCG@5_stderr": 0.009746444077461383,
  "nDCG@5_ci90_low": 0.2457877371518645,
  "nDCG@5_ci90_high": 0.2778707262938371,
  "nDCG@5_ci95_low": 0.24271094900238135,
  "nDCG@5_ci95_high": 0.2809475144433202,
  "nDCG@10": 0.2920000417476963,
  "nDCG@10_std": 0.3664688821180595,
  "nDCG@10_stderr": 0.009513058182540834,
  "nDCG@10_ci90_low": 0.2763426727651357,
  "nDCG@10_ci90_high": 0.3076574107302569,
  "nDCG@10_ci95_low": 0.27333956060969106,
  "nDCG@10_ci95_high": 0.3106605228857015,
  "nDCG@100": 0.3549061425812406,
  "nDCG@100_std": 0.3288288083096036,
  "nDCG@100_stderr": 0.008535970550801292,
  "nDCG@100_ci90_low": 0.3408569443135947,
  "nDCG@100_ci90_high": 0.3689553408488865,
  "nDCG@100_ci95_low": 0.33816228225774025,
  "nDCG@100_ci95_high": 0.37165000290474093,
  "RR@1": 0.15566037735849056,
  "RR@3": 0.21439802336028746,
  "RR@5": 0.2318845462713384,
  "RR@10": 0.24460274675908059,
  "RR@100": 0.2560962357247829,
  "P@1": 0.15566037735849056,
  "P@3": 0.09815813117699897,
  "P@5": 0.07479784366576889,
  "P@10": 0.047035040431267064,
  "P@100": 0.007951482479784229,
  "R@1": 0.15167340521114106,
  "R@3": 0.28554582210242585,
  "R@5": 0.3612421383647799,
  "R@10": 0.45232479784366575,
  "R@100": 0.7560085354896675,
  "AP": 0.25251083954804004
}