nDCG@1,nDCG@1_std,nDCG@1_stderr,nDCG@1_ci90_low,nDCG@1_ci90_high,nDCG@1_ci95_low,nDCG@1_ci95_high,nDCG@3,nDCG@3_std,nDCG@3_stderr,nDCG@3_ci90_low,nDCG@3_ci90_high,nDCG@3_ci95_low,nDCG@3_ci95_high,nDCG@5,nDCG@5_std,nDCG@5_stderr,nDCG@5_ci90_low,nDCG@5_ci90_high,nDCG@5_ci95_low,nDCG@5_ci95_high,nDCG@10,nDCG@10_std,nDCG@10_stderr,nDCG@10_ci90_low,nDCG@10_ci90_high,nDCG@10_ci95_low,nDCG@10_ci95_high,nDCG@100,nDCG@100_std,nDCG@100_stderr,nDCG@100_ci90_low,nDCG@100_ci90_high,nDCG@100_ci95_low,nDCG@100_ci95_high,RR@1,RR@3,RR@5,RR@10,RR@100,P@1,P@3,P@5,P@10,P@100,R@1,R@3,R@5,R@10,R@100,AP
0.7075471698113207,0.4550425288921337,0.011812315490096184,0.6881054951555,0.7269888444671414,0.6843765462148367,0.7307177934078047,0.7791905658421933,0.3707806920516729,0.009624987191447266,0.7633489749450104,0.7950321567393761,0.7603105286876668,0.7980706029967197,0.7997571576661664,0.3394407464063904,0.008811442738128051,0.7852545647489089,0.8142597505834239,0.7824729407657358,0.817041374566597,0.8157890493270583,0.3090455806405547,0.008022423548484503,0.802585088705485,0.8289930099486317,0.8000525447840365,0.8315255538700801,0.8273358252960482,0.28289189631326034,0.007343507730979417,0.8152492798378009,0.8394223707542955,0.8129310581989404,0.841740592393156,0.7068733153638814,0.7661725067385446,0.7763814016172516,0.7827752641937281,0.7850966815876298,0.7075471698113207,0.2913297394429427,0.1858490566037694,0.0983827493261432,0.010417789757412213,0.6867138364779874,0.8308063791554356,0.8801662174303683,0.9284029649595688,0.9787735849056604,0.7801923339157626
