nDCG@1,nDCG@1_std,nDCG@1_stderr,nDCG@1_ci90_low,nDCG@1_ci90_high,nDCG@1_ci95_low,nDCG@1_ci95_high,nDCG@3,nDCG@3_std,nDCG@3_stderr,nDCG@3_ci90_low,nDCG@3_ci90_high,nDCG@3_ci95_low,nDCG@3_ci95_high,nDCG@5,nDCG@5_std,nDCG@5_stderr,nDCG@5_ci90_low,nDCG@5_ci90_high,nDCG@5_ci95_low,nDCG@5_ci95_high,nDCG@10,nDCG@10_std,nDCG@10_stderr,nDCG@10_ci90_low,nDCG@10_ci90_high,nDCG@10_ci95_low,nDCG@10_ci95_high,nDCG@100,nDCG@100_std,nDCG@100_stderr,nDCG@100_ci90_low,nDCG@100_ci90_high,nDCG@100_ci95_low,nDCG@100_ci95_high,RR@1,RR@3,RR@5,RR@10,RR@100,P@1,P@3,P@5,P@10,P@100,R@1,R@3,R@5,R@10,R@100,AP
0.8328840970350404,0.37320508270797,0.009687921237135577,0.8169389241397241,0.8488292699303567,0.8138806106647127,0.8518875834053681,0.884242293517304,0.27733535752935207,0.007199267171073337,0.8723931509662359,0.896091436068372,0.8701204636414152,0.8983641233931928,0.8984055923347224,0.2431062771621732,0.006310724517230936,0.888018885934154,0.9087922987352908,0.8860266965515493,0.9107844881178955,0.9073427110841557,0.21648316558142086,0.005619622975391477,0.8980934761083764,0.9165919460599349,0.8963194558361798,0.9183659663321315,0.9118768863157396,0.20111119465006144,0.005220586492388704,0.9032844182105072,0.920469354420972,0.9016363670314851,0.9221174055999941,0.8328840970350404,0.8766846361185983,0.8833894878706203,0.8866924442733068,0.8876901002482646,0.8328840970350404,0.3232255166217375,0.20188679245282512,0.10404312668463342,0.010619946091644015,0.80918688230009,0.9204851752021563,0.954177897574124,0.9806828391734052,0.9979784366576819,0.8830185878332035
