{
  "nDCG@1": 0.793800539083558,
  "nDCG@1_std": 0.404711767734017,
  "nDCG@1_stderr": 0.010505794029115813,
  "nDCG@1_ci90_low": 0.7765092442746457,
  "nDCG@1_ci90_high": 0.8110918338924702,
  "nDCG@1_ci95_low": 0.773192742141889,
  "nDCG@1_ci95_high": 0.8144083360252269,
  "nDCG@3": 0.8559420579506921,
  "nDCG@3_std": 0.30575398458781633,
  "nDCG@3_stderr": 0.007936977972363162,
  "nDCG@3_ci90_low": 0.8428787306446718,
  "nDCG@3_ci90_high": 0.8690053852567124,
  "nDCG@3_ci95_low": 0.8403731604516875,
  "nDCG@3_ci95_high": 0.8715109554496967,
  "nDCG@5": 0.8684878200809505,
  "nDCG@5_std": 0.2798566178082249,
  "nDCG@5_stderr": 0.007264715826870856,
  "nDCG@5_ci90_low": 0.8565309567808267,
  "nDCG@5_ci90_high": 0.8804446833810743,
  "nDCG@5_ci95_low": 0.8542376084183025,
  "nDCG@5_ci95_high": 0.8827380317435984,
  "nDCG@10": 0.8822568578786323,
  "nDCG@10_std": 0.24458954230066743,
  "nDCG@10_stderr": 0.006349228161745245,
  "nDCG@10_ci90_low": 0.8718067790317101,
  "nDCG@10_ci90_high": 0.8927069367255545,
  "nDCG@10_ci95_low": 0.8698024346973905,
  "nDCG@10_ci95_high": 0.8947112810598741,
  "nDCG@100": 0.8882153466721008,
  "nDCG@100_std": 0.22646035694461325,
  "nDCG@100_stderr": 0.005878617958506623,
  "nDCG@100_ci90_low": 0.8785398365766436,
  "nDCG@100_ci90_high": 0.897890856767558,
  "nDCG@100_ci95_low": 0.8766840559528263,
  "nDCG@100_ci95_high": 0.8997466373913753,
  "RR@1": 0.793800539083558,
  "RR@3": 0.8452380952380953,
  "RR@5": 0.851370170709794,
  "RR@10": 0.8566674153938304,
  "RR@100": 0.8579214170578654,
  "P@1": 0.793800539083558,
  "P@3": 0.3162623539981978,
  "P@5": 0.19690026954177417,
  "P@10": 0.10303234501347446,
  "P@100": 0.010599730458220834,
  "R@1": 0.7702717879604674,
  "R@3": 0.900213387241689,
  "R@5": 0.930256064690027,
  "R@10": 0.9711927223719676,
  "R@100": 0.9959568733153639,
  "AP": 0.8532168817949374
}