{
  "nDCG@1": 0.8126684636118598,
  "nDCG@1_std": 0.39030896426035866,
  "nDCG@1_stderr": 0.010131915879776864,
  "nDCG@1_ci90_low": 0.7959925280309045,
  "nDCG@1_ci90_high": 0.8293443991928152,
  "nDCG@1_ci95_low": 0.7927940529293496,
  "nDCG@1_ci95_high": 0.8325428742943701,
  "nDCG@3": 0.8723870355466101,
  "nDCG@3_std": 0.286469591495363,
  "nDCG@3_stderr": 0.007436380070453452,
  "nDCG@3_ci90_low": 0.860147633198442,
  "nDCG@3_ci90_high": 0.8846264378947782,
  "nDCG@3_ci95_low": 0.8578000933270817,
  "nDCG@3_ci95_high": 0.8869739777661385,
  "nDCG@5": 0.8835791954708048,
  "nDCG@5_std": 0.26135474662371677,
  "nDCG@5_stderr": 0.00678443118156392,
  "nDCG@5_ci90_low": 0.8724128239099231,
  "nDCG@5_ci90_high": 0.8947455670316864,
  "nDCG@5_ci95_low": 0.8702710933162299,
  "nDCG@5_ci95_high": 0.8968872976253797,
  "nDCG@10": 0.89600844376868,
  "nDCG@10_std": 0.22726121772102223,
  "nDCG@10_stderr": 0.005899407268414904,
  "nDCG@10_ci90_low": 0.8862987169271586,
  "nDCG@10_ci90_high": 0.9057181706102015,
  "nDCG@10_ci95_low": 0.8844363734685419,
  "nDCG@10_ci95_high": 0.9075805140688182,
  "nDCG@100": 0.9009654139268647,
  "nDCG@100_std": 0.21111657304591278,
  "nDCG@100_stderr": 0.005480313174414076,
  "nDCG@100_ci90_low": 0.8919454664120613,
  "nDCG@100_ci90_high": 0.9099853614416681,
  "nDCG@100_ci95_low": 0.8902154238964031,
  "nDCG@100_ci95_high": 0.9117154039573263,
  "RR@1": 0.8126684636118598,
  "RR@3": 0.8624213836477989,
  "RR@5": 0.8680480682839177,
  "RR@10": 0.8728867175801137,
  "RR@100": 0.8738894767156137,
  "P@1": 0.8126684636118598,
  "P@3": 0.32142857142856596,
  "P@5": 0.1991913746630678,
  "P@10": 0.10370619946091376,
  "P@100": 0.010619946091644015,
  "R@1": 0.78829739442947,
  "R@3": 0.9153751123090744,
  "R@5": 0.941711590296496,
  "R@10": 0.9777628032345014,
  "R@100": 0.9979784366576819,
  "AP": 0.8687871454330314
}