nDCG@1,nDCG@1_std,nDCG@1_stderr,nDCG@1_ci90_low,nDCG@1_ci90_high,nDCG@1_ci95_low,nDCG@1_ci95_high,nDCG@3,nDCG@3_std,nDCG@3_stderr,nDCG@3_ci90_low,nDCG@3_ci90_high,nDCG@3_ci95_low,nDCG@3_ci95_high,nDCG@5,nDCG@5_std,nDCG@5_stderr,nDCG@5_ci90_low,nDCG@5_ci90_high,nDCG@5_ci95_low,nDCG@5_ci95_high,nDCG@10,nDCG@10_std,nDCG@10_stderr,nDCG@10_ci90_low,nDCG@10_ci90_high,nDCG@10_ci95_low,nDCG@10_ci95_high,nDCG@100,nDCG@100_std,nDCG@100_stderr,nDCG@100_ci90_low,nDCG@100_ci90_high,nDCG@100_ci95_low,nDCG@100_ci95_high,RR@1,RR@3,RR@5,RR@10,RR@100,P@1,P@3,P@5,P@10,P@100,R@1,R@3,R@5,R@10,R@100,AP
0.7405660377358491,0.4384718178892955,0.011382161265309138,0.7218323460743149,0.7592997293973832,0.7182391895735154,0.7628928858981827,0.814020428881123,0.34044334695987666,0.008837468951715513,0.7994749998935359,0.8285658578687102,0.7966851598733234,0.8313556978889226,0.8287108223520733,0.31492625736464497,0.008175078310072043,0.8152556100422145,0.8421660346619321,0.8126748755850506,0.844746769119096,0.8436139697120223,0.2833877230781629,0.007356378752485302,0.8315062400741944,0.8557216993498502,0.8291839552707451,0.8580439841532995,0.8535798537223002,0.25805754918289,0.006698840200652735,0.8425543547960636,0.8646053526485368,0.8404396438326762,0.8667200636119241,0.7405660377358491,0.8012129380053908,0.8085242587601082,0.8142843772729217,0.8161274621120154,0.7405660377358491,0.3043575920934364,0.19056603773584463,0.10033692722371719,0.010545822102425688,0.7180480682839174,0.866857592093441,0.9020664869721472,0.9465970350404312,0.9909029649595688,0.8103356891553347
