nDCG@1,nDCG@1_std,nDCG@1_stderr,nDCG@1_ci90_low,nDCG@1_ci90_high,nDCG@1_ci95_low,nDCG@1_ci95_high,nDCG@3,nDCG@3_std,nDCG@3_stderr,nDCG@3_ci90_low,nDCG@3_ci90_high,nDCG@3_ci95_low,nDCG@3_ci95_high,nDCG@5,nDCG@5_std,nDCG@5_stderr,nDCG@5_ci90_low,nDCG@5_ci90_high,nDCG@5_ci95_low,nDCG@5_ci95_high,nDCG@10,nDCG@10_std,nDCG@10_stderr,nDCG@10_ci90_low,nDCG@10_ci90_high,nDCG@10_ci95_low,nDCG@10_ci95_high,nDCG@100,nDCG@100_std,nDCG@100_stderr,nDCG@100_ci90_low,nDCG@100_ci90_high,nDCG@100_ci95_low,nDCG@100_ci95_high,RR@1,RR@3,RR@5,RR@10,RR@100,P@1,P@3,P@5,P@10,P@100,R@1,R@3,R@5,R@10,R@100,AP
0.8126684636118598,0.39030896426035866,0.010131915879776864,0.7959925280309045,0.8293443991928152,0.7927940529293496,0.8325428742943701,0.8723870355466101,0.286469591495363,0.007436380070453452,0.860147633198442,0.8846264378947782,0.8578000933270817,0.8869739777661385,0.8835791954708048,0.26135474662371677,0.00678443118156392,0.8724128239099231,0.8947455670316864,0.8702710933162299,0.8968872976253797,0.89600844376868,0.22726121772102223,0.005899407268414904,0.8862987169271586,0.9057181706102015,0.8844363734685419,0.9075805140688182,0.9009654139268647,0.21111657304591278,0.005480313174414076,0.8919454664120613,0.9099853614416681,0.8902154238964031,0.9117154039573263,0.8126684636118598,0.8624213836477989,0.8680480682839177,0.8728867175801137,0.8738894767156137,0.8126684636118598,0.32142857142856596,0.1991913746630678,0.10370619946091376,0.010619946091644015,0.78829739442947,0.9153751123090744,0.941711590296496,0.9777628032345014,0.9979784366576819,0.8687871454330314
