nDCG@1,nDCG@1_std,nDCG@1_stderr,nDCG@1_ci90_low,nDCG@1_ci90_high,nDCG@1_ci95_low,nDCG@1_ci95_high,nDCG@3,nDCG@3_std,nDCG@3_stderr,nDCG@3_ci90_low,nDCG@3_ci90_high,nDCG@3_ci95_low,nDCG@3_ci95_high,nDCG@5,nDCG@5_std,nDCG@5_stderr,nDCG@5_ci90_low,nDCG@5_ci90_high,nDCG@5_ci95_low,nDCG@5_ci95_high,nDCG@10,nDCG@10_std,nDCG@10_stderr,nDCG@10_ci90_low,nDCG@10_ci90_high,nDCG@10_ci95_low,nDCG@10_ci95_high,nDCG@100,nDCG@100_std,nDCG@100_stderr,nDCG@100_ci90_low,nDCG@100_ci90_high,nDCG@100_ci95_low,nDCG@100_ci95_high,RR@1,RR@3,RR@5,RR@10,RR@100,P@1,P@3,P@5,P@10,P@100,R@1,R@3,R@5,R@10,R@100,AP
0.8214285714285714,0.38312215227800445,0.009945355536262919,0.805059692114892,0.8377974507422508,0.8019201109698946,0.8409370318872482,0.8794761130970189,0.2785960005754518,0.007231991834012383,0.8675731096199862,0.8913791165740516,0.8652900916705473,0.8936621345234905,0.8922036347306248,0.2486333462162274,0.006454200081066667,0.8815807845159589,0.9028264849452907,0.8795433023156822,0.9048639671455674,0.9020818518534743,0.22024510123190058,0.0057172779591247455,0.8926718883208044,0.9114918153861443,0.8908670400159118,0.9132966636910369,0.9067337314514079,0.2047787934844192,0.005315792614392329,0.8979845653261481,0.9154828975766677,0.8963064591788104,0.9171610037240054,0.8221024258760108,0.8707322551662174,0.8766958670260563,0.8803009883198565,0.881281882489877,0.8214285714285714,0.32322551662173743,0.2010781671158979,0.10390835579514555,0.010619946091644015,0.7977313566936209,0.9203167115902965,0.9508086253369272,0.9797843665768194,0.9979784366576819,0.8761589675731835
