{
  "nDCG@1": 0.8214285714285714,
  "nDCG@1_std": 0.38312215227800445,
  "nDCG@1_stderr": 0.009945355536262919,
  "nDCG@1_ci90_low": 0.805059692114892,
  "nDCG@1_ci90_high": 0.8377974507422508,
  "nDCG@1_ci95_low": 0.8019201109698946,
  "nDCG@1_ci95_high": 0.8409370318872482,
  "nDCG@3": 0.8794761130970189,
  "nDCG@3_std": 0.2785960005754518,
  "nDCG@3_stderr": 0.007231991834012383,
  "nDCG@3_ci90_low": 0.8675731096199862,
  "nDCG@3_ci90_high": 0.8913791165740516,
  "nDCG@3_ci95_low": 0.8652900916705473,
  "nDCG@3_ci95_high": 0.8936621345234905,
  "nDCG@5": 0.8922036347306248,
  "nDCG@5_std": 0.2486333462162274,
  "nDCG@5_stderr": 0.006454200081066667,
  "nDCG@5_ci90_low": 0.8815807845159589,
  "nDCG@5_ci90_high": 0.9028264849452907,
  "nDCG@5_ci95_low": 0.8795433023156822,
  "nDCG@5_ci95_high": 0.9048639671455674,
  "nDCG@10": 0.9020818518534743,
  "nDCG@10_std": 0.22024510123190058,
  "nDCG@10_stderr": 0.0057172779591247455,
  "nDCG@10_ci90_low": 0.8926718883208044,
  "nDCG@10_ci90_high": 0.9114918153861443,
  "nDCG@10_ci95_low": 0.8908670400159118,
  "nDCG@10_ci95_high": 0.9132966636910369,
  "nDCG@100": 0.9067337314514079,
  "nDCG@100_std": 0.2047787934844192,
  "nDCG@100_stderr": 0.005315792614392329,
  "nDCG@100_ci90_low": 0.8979845653261481,
  "nDCG@100_ci90_high": 0.9154828975766677,
  "nDCG@100_ci95_low": 0.8963064591788104,
  "nDCG@100_ci95_high": 0.9171610037240054,
  "RR@1": 0.8221024258760108,
  "RR@3": 0.8707322551662174,
  "RR@5": 0.8766958670260563,
  "RR@10": 0.8803009883198565,
  "RR@100": 0.881281882489877,
  "P@1": 0.8214285714285714,
  "P@3": 0.32322551662173743,
  "P@5": 0.2010781671158979,
  "P@10": 0.10390835579514555,
  "P@100": 0.010619946091644015,
  "R@1": 0.7977313566936209,
  "R@3": 0.9203167115902965,
  "R@5": 0.9508086253369272,
  "R@10": 0.9797843665768194,
  "R@100": 0.9979784366576819,
  "AP": 0.8761589675731835
}