nDCG@1,nDCG@1_std,nDCG@1_stderr,nDCG@1_ci90_low,nDCG@1_ci90_high,nDCG@1_ci95_low,nDCG@1_ci95_high,nDCG@3,nDCG@3_std,nDCG@3_stderr,nDCG@3_ci90_low,nDCG@3_ci90_high,nDCG@3_ci95_low,nDCG@3_ci95_high,nDCG@5,nDCG@5_std,nDCG@5_stderr,nDCG@5_ci90_low,nDCG@5_ci90_high,nDCG@5_ci95_low,nDCG@5_ci95_high,nDCG@10,nDCG@10_std,nDCG@10_stderr,nDCG@10_ci90_low,nDCG@10_ci90_high,nDCG@10_ci95_low,nDCG@10_ci95_high,nDCG@100,nDCG@100_std,nDCG@100_stderr,nDCG@100_ci90_low,nDCG@100_ci90_high,nDCG@100_ci95_low,nDCG@100_ci95_high,RR@1,RR@3,RR@5,RR@10,RR@100,P@1,P@3,P@5,P@10,P@100,R@1,R@3,R@5,R@10,R@100,AP
0.601078167115903,0.48984170102712576,0.01271565698886438,0.5801496991605909,0.6220066350712151,0.5761355805317565,0.6260207537000495,0.6823752454231781,0.420998358582425,0.010928572862179815,0.6643881066427185,0.7003623842036376,0.660938140356976,0.7038123504893802,0.7110010490252305,0.38835774825842,0.010081264836103348,0.6944084790733852,0.7275936189770759,0.6912259936527534,0.7307761043977077,0.7315205438076706,0.35939994408025877,0.00932955769416728,0.71616519493261,0.7468758926827312,0.7132200107890193,0.7498210768263219,0.7522340663079402,0.3227387046416674,0.008377879336627973,0.7384450674867515,0.7660230651291289,0.7358003121630796,0.7686678204528008,0.601078167115903,0.668463611859839,0.6832884097035055,0.6913936486544313,0.6954833102153085,0.601078167115903,0.2598831985624411,0.1708894878706165,0.09211590296495754,0.010242587601077985,0.5830525606469003,0.7406783468104222,0.8089622641509434,0.8700022461814916,0.9633872416891285,0.689070654667005
