nDCG@1,nDCG@1_std,nDCG@1_stderr,nDCG@1_ci90_low,nDCG@1_ci90_high,nDCG@1_ci95_low,nDCG@1_ci95_high,nDCG@3,nDCG@3_std,nDCG@3_stderr,nDCG@3_ci90_low,nDCG@3_ci90_high,nDCG@3_ci95_low,nDCG@3_ci95_high,nDCG@5,nDCG@5_std,nDCG@5_stderr,nDCG@5_ci90_low,nDCG@5_ci90_high,nDCG@5_ci95_low,nDCG@5_ci95_high,nDCG@10,nDCG@10_std,nDCG@10_stderr,nDCG@10_ci90_low,nDCG@10_ci90_high,nDCG@10_ci95_low,nDCG@10_ci95_high,nDCG@100,nDCG@100_std,nDCG@100_stderr,nDCG@100_ci90_low,nDCG@100_ci90_high,nDCG@100_ci95_low,nDCG@100_ci95_high,RR@1,RR@3,RR@5,RR@10,RR@100,P@1,P@3,P@5,P@10,P@100,R@1,R@3,R@5,R@10,R@100,AP
0.5929919137466307,0.49144201092615764,0.012757198963974512,0.5719950726120442,0.6139887548812173,0.5679678398817273,0.6180159876115342,0.6744718068048953,0.4244782683707383,0.011018906819308413,0.6563359890117274,0.6926076245980631,0.652857505818015,0.6960861077917755,0.6993716260843729,0.3964844578699636,0.010292223706391063,0.6824318427749659,0.7163114093937798,0.679182761194035,0.7195604909747108,0.7205706255292098,0.368143440696803,0.009556527557341743,0.7048417110953716,0.736299539963048,0.7018248763908426,0.739316374667577,0.7433135697390789,0.3293220023594751,0.00854877323043017,0.7292432997745015,0.7573838397036563,0.7265445961284372,0.7600825433497206,0.5929919137466307,0.6601527403414204,0.6737309074573239,0.6817706327814155,0.686224519506906,0.5929919137466307,0.2569631626235373,0.1671159029649562,0.09063342318059102,0.01019541778975723,0.574966307277628,0.7327044025157232,0.7923966756513925,0.8558513027852651,0.9598495058400719,0.6795247590414487
