nDCG@1,nDCG@1_std,nDCG@1_stderr,nDCG@1_ci90_low,nDCG@1_ci90_high,nDCG@1_ci95_low,nDCG@1_ci95_high,nDCG@3,nDCG@3_std,nDCG@3_stderr,nDCG@3_ci90_low,nDCG@3_ci90_high,nDCG@3_ci95_low,nDCG@3_ci95_high,nDCG@5,nDCG@5_std,nDCG@5_stderr,nDCG@5_ci90_low,nDCG@5_ci90_high,nDCG@5_ci95_low,nDCG@5_ci95_high,nDCG@10,nDCG@10_std,nDCG@10_stderr,nDCG@10_ci90_low,nDCG@10_ci90_high,nDCG@10_ci95_low,nDCG@10_ci95_high,nDCG@100,nDCG@100_std,nDCG@100_stderr,nDCG@100_ci90_low,nDCG@100_ci90_high,nDCG@100_ci95_low,nDCG@100_ci95_high,RR@1,RR@3,RR@5,RR@10,RR@100,P@1,P@3,P@5,P@10,P@100,R@1,R@3,R@5,R@10,R@100,AP
0.5660377358490566,0.49578690382384205,0.012869986763838142,0.5448552593314723,0.5872202123666409,0.5407924213934233,0.5912830503046899,0.6407073456536793,0.4398905755889542,0.011418990380146323,0.6219130376236501,0.6595016536837084,0.6183082547919359,0.6631064365154227,0.6669570493686697,0.41312352553640413,0.010724152381751525,0.6493063625291362,0.6846077362082033,0.6459209283441982,0.6879931703931412,0.6889469455699945,0.38627426916803087,0.01002718041372504,0.6724433921826584,0.7054504989573306,0.6692779803027479,0.7086159108372411,0.7145249184369399,0.3471064793004025,0.009010435249063977,0.6996948073747594,0.7293550294991203,0.6968503648092791,0.7321994720646007,0.5653638814016172,0.6274707996406115,0.6417902066486983,0.6504262396782619,0.6551874322873859,0.5660377358490566,0.24326145552560455,0.15983827493261157,0.08712938005390652,0.010006738544474217,0.5490229110512129,0.695473944294699,0.7587039532794249,0.8247416891284814,0.9416554357592094,0.6485536517430093
