{
  "nDCG@1": 0.5929919137466307,
  "nDCG@1_std": 0.49144201092615764,
  "nDCG@1_stderr": 0.012757198963974512,
  "nDCG@1_ci90_low": 0.5719950726120442,
  "nDCG@1_ci90_high": 0.6139887548812173,
  "nDCG@1_ci95_low": 0.5679678398817273,
  "nDCG@1_ci95_high": 0.6180159876115342,
  "nDCG@3": 0.6744718068048953,
  "nDCG@3_std": 0.4244782683707383,
  "nDCG@3_stderr": 0.011018906819308413,
  "nDCG@3_ci90_low": 0.6563359890117274,
  "nDCG@3_ci90_high": 0.6926076245980631,
  "nDCG@3_ci95_low": 0.652857505818015,
  "nDCG@3_ci95_high": 0.6960861077917755,
  "nDCG@5": 0.6993716260843729,
  "nDCG@5_std": 0.3964844578699636,
  "nDCG@5_stderr": 0.010292223706391063,
  "nDCG@5_ci90_low": 0.6824318427749659,
  "nDCG@5_ci90_high": 0.7163114093937798,
  "nDCG@5_ci95_low": 0.679182761194035,
  "nDCG@5_ci95_high": 0.7195604909747108,
  "nDCG@10": 0.7205706255292098,
  "nDCG@10_std": 0.368143440696803,
  "nDCG@10_stderr": 0.009556527557341743,
  "nDCG@10_ci90_low": 0.7048417110953716,
  "nDCG@10_ci90_high": 0.736299539963048,
  "nDCG@10_ci95_low": 0.7018248763908426,
  "nDCG@10_ci95_high": 0.739316374667577,
  "nDCG@100": 0.7433135697390789,
  "nDCG@100_std": 0.3293220023594751,
  "nDCG@100_stderr": 0.00854877323043017,
  "nDCG@100_ci90_low": 0.7292432997745015,
  "nDCG@100_ci90_high": 0.7573838397036563,
  "nDCG@100_ci95_low": 0.7265445961284372,
  "nDCG@100_ci95_high": 0.7600825433497206,
  "RR@1": 0.5929919137466307,
  "RR@3": 0.6601527403414204,
  "RR@5": 0.6737309074573239,
  "RR@10": 0.6817706327814155,
  "RR@100": 0.686224519506906,
  "P@1": 0.5929919137466307,
  "P@3": 0.2569631626235373,
  "P@5": 0.1671159029649562,
  "P@10": 0.09063342318059102,
  "P@100": 0.01019541778975723,
  "R@1": 0.574966307277628,
  "R@3": 0.7327044025157232,
  "R@5": 0.7923966756513925,
  "R@10": 0.8558513027852651,
  "R@100": 0.9598495058400719,
  "AP": 0.6795247590414487
}