{
  "nDCG@1": 0.5660377358490566,
  "nDCG@1_std": 0.49578690382384205,
  "nDCG@1_stderr": 0.012869986763838142,
  "nDCG@1_ci90_low": 0.5448552593314723,
  "nDCG@1_ci90_high": 0.5872202123666409,
  "nDCG@1_ci95_low": 0.5407924213934233,
  "nDCG@1_ci95_high": 0.5912830503046899,
  "nDCG@3": 0.6407073456536793,
  "nDCG@3_std": 0.4398905755889542,
  "nDCG@3_stderr": 0.011418990380146323,
  "nDCG@3_ci90_low": 0.6219130376236501,
  "nDCG@3_ci90_high": 0.6595016536837084,
  "nDCG@3_ci95_low": 0.6183082547919359,
  "nDCG@3_ci95_high": 0.6631064365154227,
  "nDCG@5": 0.6669570493686697,
  "nDCG@5_std": 0.41312352553640413,
  "nDCG@5_stderr": 0.010724152381751525,
  "nDCG@5_ci90_low": 0.6493063625291362,
  "nDCG@5_ci90_high": 0.6846077362082033,
  "nDCG@5_ci95_low": 0.6459209283441982,
  "nDCG@5_ci95_high": 0.6879931703931412,
  "nDCG@10": 0.6889469455699945,
  "nDCG@10_std": 0.38627426916803087,
  "nDCG@10_stderr": 0.01002718041372504,
  "nDCG@10_ci90_low": 0.6724433921826584,
  "nDCG@10_ci90_high": 0.7054504989573306,
  "nDCG@10_ci95_low": 0.6692779803027479,
  "nDCG@10_ci95_high": 0.7086159108372411,
  "nDCG@100": 0.7145249184369399,
  "nDCG@100_std": 0.3471064793004025,
  "nDCG@100_stderr": 0.009010435249063977,
  "nDCG@100_ci90_low": 0.6996948073747594,
  "nDCG@100_ci90_high": 0.7293550294991203,
  "nDCG@100_ci95_low": 0.6968503648092791,
  "nDCG@100_ci95_high": 0.7321994720646007,
  "RR@1": 0.5653638814016172,
  "RR@3": 0.6274707996406115,
  "RR@5": 0.6417902066486983,
  "RR@10": 0.6504262396782619,
  "RR@100": 0.6551874322873859,
  "P@1": 0.5660377358490566,
  "P@3": 0.24326145552560455,
  "P@5": 0.15983827493261157,
  "P@10": 0.08712938005390652,
  "P@100": 0.010006738544474217,
  "R@1": 0.5490229110512129,
  "R@3": 0.695473944294699,
  "R@5": 0.7587039532794249,
  "R@10": 0.8247416891284814,
  "R@100": 0.9416554357592094,
  "AP": 0.6485536517430093
}