nDCG@1,nDCG@1_std,nDCG@1_stderr,nDCG@1_ci90_low,nDCG@1_ci90_high,nDCG@1_ci95_low,nDCG@1_ci95_high,nDCG@3,nDCG@3_std,nDCG@3_stderr,nDCG@3_ci90_low,nDCG@3_ci90_high,nDCG@3_ci95_low,nDCG@3_ci95_high,nDCG@5,nDCG@5_std,nDCG@5_stderr,nDCG@5_ci90_low,nDCG@5_ci90_high,nDCG@5_ci95_low,nDCG@5_ci95_high,nDCG@10,nDCG@10_std,nDCG@10_stderr,nDCG@10_ci90_low,nDCG@10_ci90_high,nDCG@10_ci95_low,nDCG@10_ci95_high,nDCG@100,nDCG@100_std,nDCG@100_stderr,nDCG@100_ci90_low,nDCG@100_ci90_high,nDCG@100_ci95_low,nDCG@100_ci95_high,RR@1,RR@3,RR@5,RR@10,RR@100,P@1,P@3,P@5,P@10,P@100,R@1,R@3,R@5,R@10,R@100,AP
0.5983827493261455,0.4903905434413313,0.012729904228054804,0.5774308320996625,0.6193346665526286,0.5734122158575083,0.6233532827947827,0.6656264913852863,0.43382801801748233,0.011261614227008618,0.6470912058957958,0.6841617768747768,0.6435361040635452,0.6877168787070274,0.687386354741374,0.4108893952090251,0.010666157248115898,0.6698311210346924,0.7049415884480555,0.666463994936117,0.708308714546631,0.706687852561392,0.38678639457708547,0.010040474526952161,0.6901624186355267,0.7232132864872572,0.6869928100281011,0.7263828950946829,0.7330991484664477,0.34402035901470146,0.008930323558088983,0.7184008917755266,0.7477974051573689,0.7155817391208555,0.75061655781204,0.5983827493261455,0.655548068283918,0.6670035938903875,0.6743994138535927,0.6793499625507576,0.5983827493261455,0.250673854447437,0.16199460916441744,0.08746630727762622,0.01007412398921815,0.5788409703504043,0.7147911051212938,0.7667902066486971,0.8255278526504942,0.9488432165318957,0.6713612439447815
