{
  "nDCG@1": 0.6030997304582211,
  "nDCG@1_std": 0.4894199170297039,
  "nDCG@1_stderr": 0.012704708021834087,
  "nDCG@1_ci90_low": 0.5821892832080788,
  "nDCG@1_ci90_high": 0.6240101777083633,
  "nDCG@1_ci95_low": 0.5781786209836254,
  "nDCG@1_ci95_high": 0.6280208399328168,
  "nDCG@3": 0.6855602743997473,
  "nDCG@3_std": 0.4198480002086869,
  "nDCG@3_stderr": 0.010898711046691158,
  "nDCG@3_ci90_low": 0.6676222846368407,
  "nDCG@3_ci90_high": 0.7034982641626539,
  "nDCG@3_ci95_low": 0.6641817452230204,
  "nDCG@3_ci95_high": 0.7069388035764742,
  "nDCG@5": 0.712713755713725,
  "nDCG@5_std": 0.3877618926260118,
  "nDCG@5_stderr": 0.010065797194576098,
  "nDCG@5_ci90_low": 0.6961466436710015,
  "nDCG@5_ci90_high": 0.7292808677564484,
  "nDCG@5_ci95_low": 0.6929690411241413,
  "nDCG@5_ci95_high": 0.7324584703033087,
  "nDCG@10": 0.7321657411933427,
  "nDCG@10_std": 0.36101096978560343,
  "nDCG@10_stderr": 0.009371377837749282,
  "nDCG@10_ci90_low": 0.7167415613065924,
  "nDCG@10_ci90_high": 0.7475899210800929,
  "nDCG@10_ci95_low": 0.7137831752484203,
  "nDCG@10_ci95_high": 0.750548307138265,
  "nDCG@100": 0.7531513611468921,
  "nDCG@100_std": 0.3236852829898226,
  "nDCG@100_stderr": 0.008402451286225137,
  "nDCG@100_ci90_low": 0.7393219198019554,
  "nDCG@100_ci90_high": 0.7669808024918288,
  "nDCG@100_ci95_low": 0.7366694075278789,
  "nDCG@100_ci95_high": 0.7696333147659052,
  "RR@1": 0.6030997304582211,
  "RR@3": 0.6713836477987429,
  "RR@5": 0.6856693620844578,
  "RR@10": 0.6931125123005187,
  "RR@100": 0.6972228722171555,
  "P@1": 0.6030997304582211,
  "P@3": 0.26078167115902684,
  "P@5": 0.1708894878706165,
  "P@10": 0.0919811320754697,
  "P@100": 0.010235849056603592,
  "R@1": 0.585411051212938,
  "R@3": 0.7441599281221922,
  "R@5": 0.80901841868823,
  "R@10": 0.8670822102425876,
  "R@100": 0.9623764600179695,
  "AP": 0.6907912404634857
}