{
  "nDCG@1": 0.644878706199461,
  "nDCG@1_std": 0.4787113786658277,
  "nDCG@1_stderr": 0.012426728216518156,
  "nDCG@1_ci90_low": 0.6244257808416498,
  "nDCG@1_ci90_high": 0.6653316315572722,
  "nDCG@1_ci95_low": 0.6205028721572561,
  "nDCG@1_ci95_high": 0.6692545402416659,
  "nDCG@3": 0.7128228040992499,
  "nDCG@3_std": 0.4128069034642798,
  "nDCG@3_stderr": 0.010715933282283688,
  "nDCG@3_ci90_low": 0.695185644925647,
  "nDCG@3_ci90_high": 0.7304599632728528,
  "nDCG@3_ci95_low": 0.6918028053719039,
  "nDCG@3_ci95_high": 0.733842802826596,
  "nDCG@5": 0.7362620291938082,
  "nDCG@5_std": 0.3841493588253482,
  "nDCG@5_stderr": 0.009972020489625097,
  "nDCG@5_ci90_low": 0.7198492625196521,
  "nDCG@5_ci90_high": 0.7526747958679644,
  "nDCG@5_ci95_low": 0.7167012636982324,
  "nDCG@5_ci95_high": 0.7558227946893841,
  "nDCG@10": 0.75481481574437,
  "nDCG@10_std": 0.3567212140530863,
  "nDCG@10_stderr": 0.009260021327378022,
  "nDCG@10_ci90_low": 0.739573915507343,
  "nDCG@10_ci90_high": 0.7700557159813971,
  "nDCG@10_ci95_low": 0.7366506828229301,
  "nDCG@10_ci95_high": 0.77297894866581,
  "nDCG@100": 0.7749570804210824,
  "nDCG@100_std": 0.31900811955885433,
  "nDCG@100_stderr": 0.008281038173081961,
  "nDCG@100_ci90_low": 0.7613274707049791,
  "nDCG@100_ci90_high": 0.7885866901371856,
  "nDCG@100_ci95_low": 0.7587132865046844,
  "nDCG@100_ci95_high": 0.7912008743374803,
  "RR@1": 0.644878706199461,
  "RR@3": 0.70226864330638,
  "RR@5": 0.714296945193173,
  "RR@10": 0.7216074637402139,
  "RR@100": 0.7254950818753475,
  "P@1": 0.644878706199461,
  "P@3": 0.26752021563342,
  "P@5": 0.17291105121293446,
  "P@10": 0.09265498652290899,
  "P@100": 0.010262803234501164,
  "R@1": 0.6246630727762803,
  "R@3": 0.7620170709793351,
  "R@5": 0.818452380952381,
  "R@10": 0.8741576819407008,
  "R@100": 0.966924977538185,
  "AP": 0.7183240059601179
}