{
  "nDCG@1": 0.6462264150943396,
  "nDCG@1_std": 0.4783011546658006,
  "nDCG@1_stderr": 0.01241607933206833,
  "nDCG@1_ci90_low": 0.6257910165412515,
  "nDCG@1_ci90_high": 0.6666618136474278,
  "nDCG@1_ci95_low": 0.621871469530225,
  "nDCG@1_ci95_high": 0.6705813606584543,
  "nDCG@3": 0.7350310290998069,
  "nDCG@3_std": 0.3922105495437146,
  "nDCG@3_stderr": 0.010181278574189212,
  "nDCG@3_ci90_low": 0.7182738483602961,
  "nDCG@3_ci90_high": 0.7517882098393177,
  "nDCG@3_ci95_low": 0.7150597902879687,
  "nDCG@3_ci95_high": 0.755002267911645,
  "nDCG@5": 0.7550569080544713,
  "nDCG@5_std": 0.365002777206673,
  "nDCG@5_stderr": 0.009474999995326906,
  "nDCG@5_ci90_low": 0.7394621783482173,
  "nDCG@5_ci90_high": 0.7706516377607254,
  "nDCG@5_ci95_low": 0.7364710805211245,
  "nDCG@5_ci95_high": 0.7736427355878182,
  "nDCG@10": 0.7728079109158198,
  "nDCG@10_std": 0.3366114618151667,
  "nDCG@10_stderr": 0.008737998169585924,
  "nDCG@10_ci90_low": 0.758426199074591,
  "nDCG@10_ci90_high": 0.7871896227570486,
  "nDCG@10_ci95_low": 0.7556677603040286,
  "nDCG@10_ci95_high": 0.789948061527611,
  "nDCG@100": 0.7896754693251411,
  "nDCG@100_std": 0.303047232585501,
  "nDCG@100_stderr": 0.007866714191343306,
  "nDCG@100_ci90_low": 0.7767277878949714,
  "nDCG@100_ci90_high": 0.8026231507553108,
  "nDCG@100_ci95_low": 0.7742443987935792,
  "nDCG@100_ci95_high": 0.805106539856703,
  "RR@1": 0.6462264150943396,
  "RR@3": 0.7183288409703509,
  "RR@5": 0.7294811320754729,
  "RR@10": 0.7363485645830666,
  "RR@100": 0.7395774155139985,
  "P@1": 0.6462264150943396,
  "P@3": 0.2794249775381813,
  "P@5": 0.17830188679244902,
  "P@10": 0.09508086253369054,
  "P@100": 0.010343665768193885,
  "R@1": 0.6270777178796046,
  "R@3": 0.7967205750224617,
  "R@5": 0.8447327044025157,
  "R@10": 0.8969002695417789,
  "R@100": 0.9719788858939802,
  "AP": 0.7341017404393807
}