{
  "nDCG@1": 0.5646900269541779,
  "nDCG@1_std": 0.4959646719008333,
  "nDCG@1_stderr": 0.012874601393188505,
  "nDCG@1_ci90_low": 0.5434999553022981,
  "nDCG@1_ci90_high": 0.5858800986060577,
  "nDCG@1_ci95_low": 0.5394356606035284,
  "nDCG@1_ci95_high": 0.5899443933048274,
  "nDCG@3": 0.6330966748161809,
  "nDCG@3_std": 0.44431449861290817,
  "nDCG@3_stderr": 0.011533829699868967,
  "nDCG@3_ci90_low": 0.6141133548440296,
  "nDCG@3_ci90_high": 0.6520799947883322,
  "nDCG@3_ci95_low": 0.6104723191743358,
  "nDCG@3_ci95_high": 0.6557210304580261,
  "nDCG@5": 0.6567879618522087,
  "nDCG@5_std": 0.42218162226917827,
  "nDCG@5_stderr": 0.010959288857034039,
  "nDCG@5_ci90_low": 0.6387502681759554,
  "nDCG@5_ci90_high": 0.674825655528462,
  "nDCG@5_ci95_low": 0.635290605368259,
  "nDCG@5_ci95_high": 0.6782853183361583,
  "nDCG@10": 0.675613772412877,
  "nDCG@10_std": 0.400302263518454,
  "nDCG@10_stderr": 0.010391329003009458,
  "nDCG@10_ci90_low": 0.6585108735030496,
  "nDCG@10_ci90_high": 0.6927166713227044,
  "nDCG@10_ci95_low": 0.6552305060500854,
  "nDCG@10_ci95_high": 0.6959970387756687,
  "nDCG@100": 0.7029863094068992,
  "nDCG@100_std": 0.36010457245282634,
  "nDCG@100_stderr": 0.009347848935340507,
  "nDCG@100_ci90_low": 0.6876008553115506,
  "nDCG@100_ci90_high": 0.7183717635022479,
  "nDCG@100_ci95_low": 0.684649896931363,
  "nDCG@100_ci95_high": 0.7213227218824354,
  "RR@1": 0.5653638814016172,
  "RR@3": 0.6229784366576826,
  "RR@5": 0.6352088948787075,
  "RR@10": 0.6426942946990125,
  "RR@100": 0.6477104384012452,
  "P@1": 0.5646900269541779,
  "P@3": 0.2392183288409687,
  "P@5": 0.15619946091643927,
  "P@10": 0.08436657681940533,
  "P@100": 0.0098180592991912,
  "R@1": 0.5461590296495957,
  "R@3": 0.6827830188679245,
  "R@5": 0.7393306379155434,
  "R@10": 0.7964959568733153,
  "R@100": 0.925033692722372,
  "AP": 0.639800188808374
}