nDCG@1,nDCG@1_std,nDCG@1_stderr,nDCG@1_ci90_low,nDCG@1_ci90_high,nDCG@1_ci95_low,nDCG@1_ci95_high,nDCG@3,nDCG@3_std,nDCG@3_stderr,nDCG@3_ci90_low,nDCG@3_ci90_high,nDCG@3_ci95_low,nDCG@3_ci95_high,nDCG@5,nDCG@5_std,nDCG@5_stderr,nDCG@5_ci90_low,nDCG@5_ci90_high,nDCG@5_ci95_low,nDCG@5_ci95_high,nDCG@10,nDCG@10_std,nDCG@10_stderr,nDCG@10_ci90_low,nDCG@10_ci90_high,nDCG@10_ci95_low,nDCG@10_ci95_high,nDCG@100,nDCG@100_std,nDCG@100_stderr,nDCG@100_ci90_low,nDCG@100_ci90_high,nDCG@100_ci95_low,nDCG@100_ci95_high,RR@1,RR@3,RR@5,RR@10,RR@100,P@1,P@3,P@5,P@10,P@100,R@1,R@3,R@5,R@10,R@100,AP
0.5067385444743935,0.5001231234483414,0.012982549416748052,0.4853708031390767,0.5281062858097103,0.4812724310683949,0.5322046578803921,0.5825485511073758,0.4529786986186123,0.01175874112558964,0.5631950535211145,0.6019020486936371,0.5594830171044979,0.6056140851102537,0.609456781435556,0.4310165665959443,0.011188632584485795,0.5910416151006009,0.6278719477705111,0.5875095523430179,0.6314040105280941,0.6319371517669697,0.40734928709049206,0.010574260620196367,0.6145331690443544,0.6493411344895851,0.6111950531625835,0.652679250371356,0.663416518741151,0.3659057357642336,0.00949843963157883,0.6477832101650349,0.6790498273172672,0.6447847128397792,0.6820483246425229,0.5067385444743935,0.5705300988319861,0.5851190476190485,0.5940585825525183,0.5999835837514904,0.5067385444743935,0.2228212039532786,0.14797843665767957,0.08126684636118443,0.009710242587600906,0.4898921832884097,0.6372978436657682,0.7014263252470798,0.7693171608265947,0.915038185085355,0.5919052191238434
