{
  "nDCG@1": 0.5983827493261455,
  "nDCG@1_std": 0.4903905434413313,
  "nDCG@1_stderr": 0.012729904228054804,
  "nDCG@1_ci90_low": 0.5774308320996625,
  "nDCG@1_ci90_high": 0.6193346665526286,
  "nDCG@1_ci95_low": 0.5734122158575083,
  "nDCG@1_ci95_high": 0.6233532827947827,
  "nDCG@3": 0.6819143545736781,
  "nDCG@3_std": 0.4204338758546511,
  "nDCG@3_stderr": 0.010913919620678609,
  "nDCG@3_ci90_low": 0.6639513332961889,
  "nDCG@3_ci90_high": 0.6998773758511673,
  "nDCG@3_ci95_low": 0.6605059927918538,
  "nDCG@3_ci95_high": 0.7033227163555024,
  "nDCG@5": 0.7103928451088664,
  "nDCG@5_std": 0.38751186064159615,
  "nDCG@5_stderr": 0.010059306687656398,
  "nDCG@5_ci90_low": 0.6938364156731212,
  "nDCG@5_ci90_high": 0.7269492745446116,
  "nDCG@5_ci95_low": 0.6906608620699183,
  "nDCG@5_ci95_high": 0.7301248281478144,
  "nDCG@10": 0.7282272432205836,
  "nDCG@10_std": 0.3633128975325877,
  "nDCG@10_stderr": 0.009431132904707496,
  "nDCG@10_ci90_low": 0.7127047135588199,
  "nDCG@10_ci90_high": 0.7437497728823473,
  "nDCG@10_ci95_low": 0.7097274638329935,
  "nDCG@10_ci95_high": 0.7467270226081738,
  "nDCG@100": 0.7495517040884468,
  "nDCG@100_std": 0.32559042603011623,
  "nDCG@100_stderr": 0.008451906335405924,
  "nDCG@100_ci90_low": 0.7356408655799256,
  "nDCG@100_ci90_high": 0.7634625425969681,
  "nDCG@100_ci95_low": 0.7329727411802326,
  "nDCG@100_ci95_high": 0.7661306669966611,
  "RR@1": 0.5990566037735849,
  "RR@3": 0.6679020664869729,
  "RR@5": 0.6828953279424991,
  "RR@10": 0.6896073995636,
  "RR@100": 0.6937500566140286,
  "P@1": 0.5983827493261455,
  "P@3": 0.2598831985624411,
  "P@5": 0.1708894878706165,
  "P@10": 0.0915768194070061,
  "P@100": 0.01021563342318041,
  "R@1": 0.5803571428571429,
  "R@3": 0.7414645103324348,
  "R@5": 0.8093553459119497,
  "R@10": 0.8627021563342318,
  "R@100": 0.9603548966756514,
  "AP": 0.6868295198919105
}