{
  "nDCG@1": 0.601078167115903,
  "nDCG@1_std": 0.48984170102712576,
  "nDCG@1_stderr": 0.01271565698886438,
  "nDCG@1_ci90_low": 0.5801496991605909,
  "nDCG@1_ci90_high": 0.6220066350712151,
  "nDCG@1_ci95_low": 0.5761355805317565,
  "nDCG@1_ci95_high": 0.6260207537000495,
  "nDCG@3": 0.6823752454231781,
  "nDCG@3_std": 0.420998358582425,
  "nDCG@3_stderr": 0.010928572862179815,
  "nDCG@3_ci90_low": 0.6643881066427185,
  "nDCG@3_ci90_high": 0.7003623842036376,
  "nDCG@3_ci95_low": 0.660938140356976,
  "nDCG@3_ci95_high": 0.7038123504893802,
  "nDCG@5": 0.7110010490252305,
  "nDCG@5_std": 0.38835774825842,
  "nDCG@5_stderr": 0.010081264836103348,
  "nDCG@5_ci90_low": 0.6944084790733852,
  "nDCG@5_ci90_high": 0.7275936189770759,
  "nDCG@5_ci95_low": 0.6912259936527534,
  "nDCG@5_ci95_high": 0.7307761043977077,
  "nDCG@10": 0.7315205438076706,
  "nDCG@10_std": 0.35939994408025877,
  "nDCG@10_stderr": 0.00932955769416728,
  "nDCG@10_ci90_low": 0.71616519493261,
  "nDCG@10_ci90_high": 0.7468758926827312,
  "nDCG@10_ci95_low": 0.7132200107890193,
  "nDCG@10_ci95_high": 0.7498210768263219,
  "nDCG@100": 0.7522340663079402,
  "nDCG@100_std": 0.3227387046416674,
  "nDCG@100_stderr": 0.008377879336627973,
  "nDCG@100_ci90_low": 0.7384450674867515,
  "nDCG@100_ci90_high": 0.7660230651291289,
  "nDCG@100_ci95_low": 0.7358003121630796,
  "nDCG@100_ci95_high": 0.7686678204528008,
  "RR@1": 0.601078167115903,
  "RR@3": 0.668463611859839,
  "RR@5": 0.6832884097035055,
  "RR@10": 0.6913936486544313,
  "RR@100": 0.6954833102153085,
  "P@1": 0.601078167115903,
  "P@3": 0.2598831985624411,
  "P@5": 0.1708894878706165,
  "P@10": 0.09211590296495754,
  "P@100": 0.010242587601077985,
  "R@1": 0.5830525606469003,
  "R@3": 0.7406783468104222,
  "R@5": 0.8089622641509434,
  "R@10": 0.8700022461814916,
  "R@100": 0.9633872416891285,
  "AP": 0.689070654667005
}