nDCG@1,nDCG@1_std,nDCG@1_stderr,nDCG@1_ci90_low,nDCG@1_ci90_high,nDCG@1_ci95_low,nDCG@1_ci95_high,nDCG@3,nDCG@3_std,nDCG@3_stderr,nDCG@3_ci90_low,nDCG@3_ci90_high,nDCG@3_ci95_low,nDCG@3_ci95_high,nDCG@5,nDCG@5_std,nDCG@5_stderr,nDCG@5_ci90_low,nDCG@5_ci90_high,nDCG@5_ci95_low,nDCG@5_ci95_high,nDCG@10,nDCG@10_std,nDCG@10_stderr,nDCG@10_ci90_low,nDCG@10_ci90_high,nDCG@10_ci95_low,nDCG@10_ci95_high,nDCG@100,nDCG@100_std,nDCG@100_stderr,nDCG@100_ci90_low,nDCG@100_ci90_high,nDCG@100_ci95_low,nDCG@100_ci95_high,RR@1,RR@3,RR@5,RR@10,RR@100,P@1,P@3,P@5,P@10,P@100,R@1,R@3,R@5,R@10,R@100,AP
0.4784366576819407,0.4997031978463252,0.01297164869125881,0.4570868576519211,0.49978645771196034,0.4529919267565787,0.5038813886073027,0.5520961961267871,0.45902311009101765,0.011915646229466061,0.5324844512913763,0.5717079409621978,0.5287228825776097,0.5754695096759644,0.5797526244160148,0.4377058914900717,0.011362278806647853,0.5610516569306149,0.5984535919014148,0.5574647769869582,0.6020404718450715,0.5991111936144414,0.41937174099020474,0.010886347973381342,0.5811935520084425,0.6170288352204404,0.5777569154085254,0.6204654718203575,0.6338412003297335,0.3774147487073716,0.009797198721624614,0.6177161696154804,0.6499662310439865,0.6146233590801453,0.6530590415793216,0.4784366576819407,0.5393081761006296,0.5544025157232715,0.5619579750139057,0.5687747468729843,0.4784366576819407,0.21248876909254236,0.14177897574123785,0.07735849056603639,0.00946091644204835,0.4627695417789757,0.6061882300089847,0.6729559748427674,0.7320867026055704,0.8917902066486972,0.5614541882532595
