{
  "nDCG@1": 0.13814016172506738,
  "nDCG@1_std": 0.3451633510946396,
  "nDCG@1_stderr": 0.008959994154118285,
  "nDCG@1_ci90_low": 0.12339307074121447,
  "nDCG@1_ci90_high": 0.15288725270892028,
  "nDCG@1_ci95_low": 0.12056455157938187,
  "nDCG@1_ci95_high": 0.1557157718707529,
  "nDCG@3": 0.20728123445716637,
  "nDCG@3_std": 0.3643230691497799,
  "nDCG@3_stderr": 0.009457355653316216,
  "nDCG@3_ci90_low": 0.1917155452516655,
  "nDCG@3_ci90_high": 0.22284692366266723,
  "nDCG@3_ci95_low": 0.18873001744600554,
  "nDCG@3_ci95_high": 0.2258324514683272,
  "nDCG@5": 0.2344166291027991,
  "nDCG@5_std": 0.3631490462258145,
  "nDCG@5_stderr": 0.0094268795367118,
  "nDCG@5_ci90_low": 0.2189010999818551,
  "nDCG@5_ci90_high": 0.24993215822374307,
  "nDCG@5_ci95_low": 0.21592519297262774,
  "nDCG@5_ci95_high": 0.25290806523297044,
  "nDCG@10": 0.26220447421980186,
  "nDCG@10_std": 0.35680168487831054,
  "nDCG@10_stderr": 0.009262110245918474,
  "nDCG@10_ci90_low": 0.2469601358698426,
  "nDCG@10_ci90_high": 0.2774488125697611,
  "nDCG@10_ci95_low": 0.24403624374904867,
  "nDCG@10_ci95_high": 0.2803727046905551,
  "nDCG@100": 0.3241171220562997,
  "nDCG@100_std": 0.32416459688283833,
  "nDCG@100_stderr": 0.008414893654934877,
  "nDCG@100_ci90_low": 0.3102672020436027,
  "nDCG@100_ci90_high": 0.33796704206899675,
  "nDCG@100_ci95_low": 0.30761076192340164,
  "nDCG@100_ci95_high": 0.3406234821891978,
  "RR@1": 0.13611859838274934,
  "RR@3": 0.1909254267744835,
  "RR@5": 0.2059186882300088,
  "RR@10": 0.21772932443417617,
  "RR@100": 0.22944432719213093,
  "P@1": 0.13814016172506738,
  "P@3": 0.08872416891284775,
  "P@5": 0.06698113207547228,
  "P@10": 0.042183288409703916,
  "P@100": 0.0074056603773583665,
  "R@1": 0.13443396226415094,
  "R@3": 0.25943396226415094,
  "R@5": 0.32485399820305483,
  "R@10": 0.40942273135669355,
  "R@100": 0.7059748427672955,
  "AP": 0.226608316080998
}