{
  "nDCG@1": 0.1623989218328841,
  "nDCG@1_std": 0.36894069337053376,
  "nDCG@1_stderr": 0.00957722320557128,
  "nDCG@1_ci90_low": 0.14663594480903072,
  "nDCG@1_ci90_high": 0.17816189885673747,
  "nDCG@1_ci95_low": 0.1436125768371158,
  "nDCG@1_ci95_high": 0.18118526682865238,
  "nDCG@3": 0.23770530996223857,
  "nDCG@3_std": 0.383391732196634,
  "nDCG@3_stderr": 0.009952353482271173,
  "nDCG@3_ci90_low": 0.22132491285683878,
  "nDCG@3_ci90_high": 0.2540857070676384,
  "nDCG@3_ci95_low": 0.21818312257821493,
  "nDCG@3_ci95_high": 0.2572274973462622,
  "nDCG@5": 0.26597915138041783,
  "nDCG@5_std": 0.3802837067632778,
  "nDCG@5_stderr": 0.00987167316199555,
  "nDCG@5_ci90_low": 0.24973154454287375,
  "nDCG@5_ci90_high": 0.28222675821796195,
  "nDCG@5_ci95_low": 0.24661522368174693,
  "nDCG@5_ci95_high": 0.28534307907908874,
  "nDCG@10": 0.297492927782256,
  "nDCG@10_std": 0.3705891593390637,
  "nDCG@10_stderr": 0.009620015249959682,
  "nDCG@10_ci90_low": 0.2816595201128993,
  "nDCG@10_ci90_high": 0.3133263354516127,
  "nDCG@10_ci95_low": 0.27862264341369675,
  "nDCG@10_ci95_high": 0.31636321215081525,
  "nDCG@100": 0.3618635646108961,
  "nDCG@100_std": 0.3310160743004389,
  "nDCG@100_stderr": 0.008592749146875394,
  "nDCG@100_ci90_low": 0.34772091548738604,
  "nDCG@100_ci90_high": 0.3760062137344061,
  "nDCG@100_ci95_low": 0.34500832938557635,
  "nDCG@100_ci95_high": 0.3787187998362158,
  "RR@1": 0.1610512129380054,
  "RR@3": 0.22102425876010773,
  "RR@5": 0.23648921832884065,
  "RR@10": 0.2496301822615836,
  "RR@100": 0.2617314194666743,
  "P@1": 0.1623989218328841,
  "P@3": 0.10017969451931706,
  "P@5": 0.07412398921832952,
  "P@10": 0.046967654986523125,
  "P@100": 0.008059299191374525,
  "R@1": 0.1588050314465409,
  "R@3": 0.2930143755615454,
  "R@5": 0.36141060197663966,
  "R@10": 0.4574348607367475,
  "R@100": 0.766958670260557,
  "AP": 0.25821418197645757
}