nDCG@1,nDCG@1_std,nDCG@1_stderr,nDCG@1_ci90_low,nDCG@1_ci90_high,nDCG@1_ci95_low,nDCG@1_ci95_high,nDCG@3,nDCG@3_std,nDCG@3_stderr,nDCG@3_ci90_low,nDCG@3_ci90_high,nDCG@3_ci95_low,nDCG@3_ci95_high,nDCG@5,nDCG@5_std,nDCG@5_stderr,nDCG@5_ci90_low,nDCG@5_ci90_high,nDCG@5_ci95_low,nDCG@5_ci95_high,nDCG@10,nDCG@10_std,nDCG@10_stderr,nDCG@10_ci90_low,nDCG@10_ci90_high,nDCG@10_ci95_low,nDCG@10_ci95_high,nDCG@100,nDCG@100_std,nDCG@100_stderr,nDCG@100_ci90_low,nDCG@100_ci90_high,nDCG@100_ci95_low,nDCG@100_ci95_high,RR@1,RR@3,RR@5,RR@10,RR@100,P@1,P@3,P@5,P@10,P@100,R@1,R@3,R@5,R@10,R@100,AP
0.1623989218328841,0.36894069337053376,0.00957722320557128,0.14663594480903072,0.17816189885673747,0.1436125768371158,0.18118526682865238,0.23770530996223857,0.383391732196634,0.009952353482271173,0.22132491285683878,0.2540857070676384,0.21818312257821493,0.2572274973462622,0.26597915138041783,0.3802837067632778,0.00987167316199555,0.24973154454287375,0.28222675821796195,0.24661522368174693,0.28534307907908874,0.297492927782256,0.3705891593390637,0.009620015249959682,0.2816595201128993,0.3133263354516127,0.27862264341369675,0.31636321215081525,0.3618635646108961,0.3310160743004389,0.008592749146875394,0.34772091548738604,0.3760062137344061,0.34500832938557635,0.3787187998362158,0.1610512129380054,0.22102425876010773,0.23648921832884065,0.2496301822615836,0.2617314194666743,0.1623989218328841,0.10017969451931706,0.07412398921832952,0.046967654986523125,0.008059299191374525,0.1588050314465409,0.2930143755615454,0.36141060197663966,0.4574348607367475,0.766958670260557,0.25821418197645757
