{
  "nDCG@1": 0.16846361185983827,
  "nDCG@1_std": 0.3744036364187915,
  "nDCG@1_stderr": 0.009719034141238229,
  "nDCG@1_ci90_low": 0.1524672308030342,
  "nDCG@1_ci90_high": 0.18445999291664233,
  "nDCG@1_ci95_low": 0.14939909550850813,
  "nDCG@1_ci95_high": 0.1875281282111684,
  "nDCG@3": 0.23696823317311985,
  "nDCG@3_std": 0.38497195866676587,
  "nDCG@3_stderr": 0.009993374117543318,
  "nDCG@3_ci90_low": 0.22052032095217775,
  "nDCG@3_ci90_high": 0.253416145394062,
  "nDCG@3_ci95_low": 0.2173655811502727,
  "nDCG@3_ci95_high": 0.256570885195967,
  "nDCG@5": 0.2711124194619403,
  "nDCG@5_std": 0.3805725320138749,
  "nDCG@5_stderr": 0.009879170691929435,
  "nDCG@5_ci90_low": 0.254852472576603,
  "nDCG@5_ci90_high": 0.28737236634727764,
  "nDCG@5_ci95_low": 0.2517337848716234,
  "nDCG@5_ci95_high": 0.2904910540522572,
  "nDCG@10": 0.30072611857789233,
  "nDCG@10_std": 0.3715909554437504,
  "nDCG@10_stderr": 0.009646020581096794,
  "nDCG@10_ci90_low": 0.28484990920825015,
  "nDCG@10_ci90_high": 0.3166023279475345,
  "nDCG@10_ci95_low": 0.281804823064246,
  "nDCG@10_ci95_high": 0.3196474140915387,
  "nDCG@100": 0.3664087825166956,
  "nDCG@100_std": 0.3309543711255562,
  "nDCG@100_stderr": 0.008591147412263403,
  "nDCG@100_ci90_low": 0.35226876965897425,
  "nDCG@100_ci90_high": 0.380548795374417,
  "nDCG@100_ci95_low": 0.3495566891977893,
  "nDCG@100_ci95_high": 0.3832608758356019,
  "RR@1": 0.16778975741239893,
  "RR@3": 0.22270889487870613,
  "RR@5": 0.24184636118598338,
  "RR@10": 0.2538634321653186,
  "RR@100": 0.26614618282308355,
  "P@1": 0.16846361185983827,
  "P@3": 0.09905660377358477,
  "P@5": 0.07654986522911124,
  "P@10": 0.0477762803234503,
  "P@100": 0.00814690026954164,
  "R@1": 0.1641958670260557,
  "R@3": 0.2886343216531896,
  "R@5": 0.37151841868822993,
  "R@10": 0.4615341419586702,
  "R@100": 0.778414195867026,
  "AP": 0.2610212863979106
}