nDCG@1,nDCG@1_std,nDCG@1_stderr,nDCG@1_ci90_low,nDCG@1_ci90_high,nDCG@1_ci95_low,nDCG@1_ci95_high,nDCG@3,nDCG@3_std,nDCG@3_stderr,nDCG@3_ci90_low,nDCG@3_ci90_high,nDCG@3_ci95_low,nDCG@3_ci95_high,nDCG@5,nDCG@5_std,nDCG@5_stderr,nDCG@5_ci90_low,nDCG@5_ci90_high,nDCG@5_ci95_low,nDCG@5_ci95_high,nDCG@10,nDCG@10_std,nDCG@10_stderr,nDCG@10_ci90_low,nDCG@10_ci90_high,nDCG@10_ci95_low,nDCG@10_ci95_high,nDCG@100,nDCG@100_std,nDCG@100_stderr,nDCG@100_ci90_low,nDCG@100_ci90_high,nDCG@100_ci95_low,nDCG@100_ci95_high,RR@1,RR@3,RR@5,RR@10,RR@100,P@1,P@3,P@5,P@10,P@100,R@1,R@3,R@5,R@10,R@100,AP
0.1637466307277628,0.3701702408858123,0.009609140668749709,0.14793112133331077,0.17956214012221483,0.14489767755613922,0.18259558389938638,0.24595803974499653,0.38537505567396413,0.010003837994477485,0.22949290521982768,0.26242317427016537,0.2263348621483104,0.26558121734168266,0.27522104936874714,0.3811808671826185,0.0098949622860787,0.25893511138657493,0.29150698735091934,0.2558114385414403,0.294630660196054,0.3072095013670784,0.37052154896791534,0.009618260172173102,0.29137898234824505,0.3230400203859118,0.2883426596975234,0.32607634303663346,0.37095838505043355,0.3296436547159642,0.008557122909573858,0.35687437250121823,0.38504239759964887,0.354173033002156,0.38774373709871107,0.16307277628032346,0.22731356693620836,0.24378930817610026,0.2569158323706838,0.26876399326701494,0.1637466307277628,0.10444743935309975,0.07735849056603847,0.048989218328841067,0.008214285714285573,0.16004043126684636,0.30548068283917346,0.3769092542677448,0.4755166217430368,0.7824573225516621,0.2650715177465452
