nDCG@1,nDCG@1_std,nDCG@1_stderr,nDCG@1_ci90_low,nDCG@1_ci90_high,nDCG@1_ci95_low,nDCG@1_ci95_high,nDCG@3,nDCG@3_std,nDCG@3_stderr,nDCG@3_ci90_low,nDCG@3_ci90_high,nDCG@3_ci95_low,nDCG@3_ci95_high,nDCG@5,nDCG@5_std,nDCG@5_stderr,nDCG@5_ci90_low,nDCG@5_ci90_high,nDCG@5_ci95_low,nDCG@5_ci95_high,nDCG@10,nDCG@10_std,nDCG@10_stderr,nDCG@10_ci90_low,nDCG@10_ci90_high,nDCG@10_ci95_low,nDCG@10_ci95_high,nDCG@100,nDCG@100_std,nDCG@100_stderr,nDCG@100_ci90_low,nDCG@100_ci90_high,nDCG@100_ci95_low,nDCG@100_ci95_high,RR@1,RR@3,RR@5,RR@10,RR@100,P@1,P@3,P@5,P@10,P@100,R@1,R@3,R@5,R@10,R@100,AP
0.1664420485175202,0.37260253085394857,0.009672279770356259,0.15052261962713828,0.18236147740790212,0.14746924389960125,0.18541485313543915,0.24294998967520406,0.3853955264187455,0.010004369388534792,0.22648398053824678,0.2594159988121613,0.2233257697145806,0.2625742096358275,0.2756539871799472,0.38117094927026174,0.00989470482990192,0.25936847294020143,0.291939501419693,0.2562448813696432,0.29506309299025124,0.3061329642799578,0.37106036430312034,0.009632247121361872,0.29027942439652055,0.321986504163395,0.2872386863016462,0.3250272422582694,0.37104110739414004,0.3299973154361868,0.008566303484439894,0.35694198470416966,0.3851402300841104,0.354237747052332,0.38784446773594805,0.1664420485175202,0.2274258760107816,0.24518194070080826,0.2579143135241517,0.2702016662646485,0.1664420485175202,0.10242587601078164,0.07789757412398997,0.048719676549865344,0.008194070080862393,0.1623989218328841,0.29975292003593895,0.37825696316262347,0.47164195867026054,0.7817834681042227,0.2650831303941569
