{
  "nDCG@1": 0.14285714285714285,
  "nDCG@1_std": 0.3500450656992924,
  "nDCG@1_stderr": 0.009086717151160257,
  "nDCG@1_ci90_low": 0.12790148080337851,
  "nDCG@1_ci90_high": 0.15781280491090718,
  "nDCG@1_ci95_low": 0.12503295732689876,
  "nDCG@1_ci95_high": 0.16068132838738694,
  "nDCG@3": 0.21697300412764836,
  "nDCG@3_std": 0.369427606189793,
  "nDCG@3_stderr": 0.009589862832577716,
  "nDCG@3_ci90_low": 0.20118922377220128,
  "nDCG@3_ci90_high": 0.23275678448309545,
  "nDCG@3_ci95_low": 0.19816186568304173,
  "nDCG@3_ci95_high": 0.235784142572255,
  "nDCG@5": 0.24604716073297722,
  "nDCG@5_std": 0.3675694792013048,
  "nDCG@5_stderr": 0.009541628259290419,
  "nDCG@5_ci90_low": 0.23034276878209825,
  "nDCG@5_ci90_high": 0.2617515526838562,
  "nDCG@5_ci95_low": 0.22733063753488292,
  "nDCG@5_ci95_high": 0.2647636839310715,
  "nDCG@10": 0.27549365713965235,
  "nDCG@10_std": 0.35991051968609,
  "nDCG@10_stderr": 0.009342811576507265,
  "nDCG@10_ci90_low": 0.2601164939413461,
  "nDCG@10_ci90_high": 0.2908708203379586,
  "nDCG@10_ci95_low": 0.25716712577045325,
  "nDCG@10_ci95_high": 0.29382018850885144,
  "nDCG@100": 0.33707406527377887,
  "nDCG@100_std": 0.32543929098031465,
  "nDCG@100_stderr": 0.008447983064993784,
  "nDCG@100_ci90_low": 0.3231696840044842,
  "nDCG@100_ci90_high": 0.35097844654307353,
  "nDCG@100_ci95_low": 0.32050279811514587,
  "nDCG@100_ci95_high": 0.35364533243241186,
  "RR@1": 0.14150943396226415,
  "RR@3": 0.20013477088948786,
  "RR@5": 0.21667789757412376,
  "RR@10": 0.22895033799683367,
  "RR@100": 0.24050024757920374,
  "P@1": 0.14285714285714285,
  "P@3": 0.0932165318957769,
  "P@5": 0.07035040431266909,
  "P@10": 0.044407008086253724,
  "P@100": 0.007621293800538953,
  "R@1": 0.13960017969451932,
  "R@3": 0.27178796046720577,
  "R@5": 0.34170035938903864,
  "R@10": 0.43132300089847253,
  "R@100": 0.726190476190476,
  "AP": 0.23709824953076702
}