nDCG@1,nDCG@1_std,nDCG@1_stderr,nDCG@1_ci90_low,nDCG@1_ci90_high,nDCG@1_ci95_low,nDCG@1_ci95_high,nDCG@3,nDCG@3_std,nDCG@3_stderr,nDCG@3_ci90_low,nDCG@3_ci90_high,nDCG@3_ci95_low,nDCG@3_ci95_high,nDCG@5,nDCG@5_std,nDCG@5_stderr,nDCG@5_ci90_low,nDCG@5_ci90_high,nDCG@5_ci95_low,nDCG@5_ci95_high,nDCG@10,nDCG@10_std,nDCG@10_stderr,nDCG@10_ci90_low,nDCG@10_ci90_high,nDCG@10_ci95_low,nDCG@10_ci95_high,nDCG@100,nDCG@100_std,nDCG@100_stderr,nDCG@100_ci90_low,nDCG@100_ci90_high,nDCG@100_ci95_low,nDCG@100_ci95_high,RR@1,RR@3,RR@5,RR@10,RR@100,P@1,P@3,P@5,P@10,P@100,R@1,R@3,R@5,R@10,R@100,AP
0.14285714285714285,0.3500450656992924,0.009086717151160257,0.12790148080337851,0.15781280491090718,0.12503295732689876,0.16068132838738694,0.21697300412764836,0.369427606189793,0.009589862832577716,0.20118922377220128,0.23275678448309545,0.19816186568304173,0.235784142572255,0.24604716073297722,0.3675694792013048,0.009541628259290419,0.23034276878209825,0.2617515526838562,0.22733063753488292,0.2647636839310715,0.27549365713965235,0.35991051968609,0.009342811576507265,0.2601164939413461,0.2908708203379586,0.25716712577045325,0.29382018850885144,0.33707406527377887,0.32543929098031465,0.008447983064993784,0.3231696840044842,0.35097844654307353,0.32050279811514587,0.35364533243241186,0.14150943396226415,0.20013477088948786,0.21667789757412376,0.22895033799683367,0.24050024757920374,0.14285714285714285,0.0932165318957769,0.07035040431266909,0.044407008086253724,0.007621293800538953,0.13960017969451932,0.27178796046720577,0.34170035938903864,0.43132300089847253,0.726190476190476,0.23709824953076702
