{
  "nDCG@1": 0.7115902964959568,
  "nDCG@1_std": 0.45317539046686334,
  "nDCG@1_stderr": 0.01176384699156557,
  "nDCG@1_ci90_low": 0.6922283952579963,
  "nDCG@1_ci90_high": 0.7309521977339174,
  "nDCG@1_ci95_low": 0.6885147470055345,
  "nDCG@1_ci95_high": 0.7346658459863792,
  "nDCG@3": 0.7828348807327046,
  "nDCG@3_std": 0.3690858410701736,
  "nDCG@3_stderr": 0.009580991052117363,
  "nDCG@3_ci90_low": 0.7670657022789314,
  "nDCG@3_ci90_high": 0.7986040591864777,
  "nDCG@3_ci95_low": 0.7640411448613572,
  "nDCG@3_ci95_high": 0.8016286166040519,
  "nDCG@5": 0.8002466807532208,
  "nDCG@5_std": 0.341548392052721,
  "nDCG@5_stderr": 0.008866154493041154,
  "nDCG@5_ci90_low": 0.7856540387562752,
  "nDCG@5_ci90_high": 0.8148393227501665,
  "nDCG@5_ci95_low": 0.7828551431940712,
  "nDCG@5_ci95_high": 0.8176382183123704,
  "nDCG@10": 0.8167241417370953,
  "nDCG@10_std": 0.31067822045119564,
  "nDCG@10_stderr": 0.008064804766283936,
  "nDCG@10_ci90_low": 0.8034504266420096,
  "nDCG@10_ci90_high": 0.829997856832181,
  "nDCG@10_ci95_low": 0.8009045036843044,
  "nDCG@10_ci95_high": 0.8325437797898861,
  "nDCG@100": 0.8306811925049941,
  "nDCG@100_std": 0.2790468988496454,
  "nDCG@100_stderr": 0.0072436965700107565,
  "nDCG@100_ci90_low": 0.8187589244164293,
  "nDCG@100_ci90_high": 0.8426034605935588,
  "nDCG@100_ci95_low": 0.8164722114790821,
  "nDCG@100_ci95_high": 0.844890173530906,
  "RR@1": 0.7109164420485176,
  "RR@3": 0.7699910152740344,
  "RR@5": 0.779290206648698,
  "RR@10": 0.7856621422153773,
  "RR@100": 0.7882205400227652,
  "P@1": 0.7115902964959568,
  "P@3": 0.29132973944294244,
  "P@5": 0.18436657681940274,
  "P@10": 0.09770889487870382,
  "P@100": 0.010485175202156145,
  "R@1": 0.6913746630727763,
  "R@3": 0.8333333333333333,
  "R@5": 0.8748876909254267,
  "R@10": 0.9239667565139263,
  "R@100": 0.9865229110512129,
  "AP": 0.7831400778256988
}