{
  "nDCG@1": 0.6967654986522911,
  "nDCG@1_std": 0.4598106227151051,
  "nDCG@1_stderr": 0.011936089038604807,
  "nDCG@1_ci90_low": 0.6771201073701139,
  "nDCG@1_ci90_high": 0.7164108899344683,
  "nDCG@1_ci95_low": 0.6733520852060016,
  "nDCG@1_ci95_high": 0.7201789120985805,
  "nDCG@3": 0.7798151279777541,
  "nDCG@3_std": 0.36600162113840684,
  "nDCG@3_stderr": 0.009500928691872553,
  "nDCG@3_ci90_low": 0.7641777227026911,
  "nDCG@3_ci90_high": 0.7954525332528171,
  "nDCG@3_ci95_low": 0.7611784396230459,
  "nDCG@3_ci95_high": 0.7984518163324623,
  "nDCG@5": 0.7964916382784453,
  "nDCG@5_std": 0.34027410104603356,
  "nDCG@5_stderr": 0.008833075546697763,
  "nDCG@5_ci90_low": 0.7819534403160587,
  "nDCG@5_ci90_high": 0.8110298362408318,
  "nDCG@5_ci95_low": 0.7791649872197733,
  "nDCG@5_ci95_high": 0.8138182893371172,
  "nDCG@10": 0.8143510523578998,
  "nDCG@10_std": 0.3063828418892995,
  "nDCG@10_stderr": 0.007953302294534661,
  "nDCG@10_ci90_low": 0.8012608571477077,
  "nDCG@10_ci90_high": 0.827441247568092,
  "nDCG@10_ci95_low": 0.7987501336413091,
  "nDCG@10_ci95_high": 0.8299519710744906,
  "nDCG@100": 0.8276114129436263,
  "nDCG@100_std": 0.2755959047387727,
  "nDCG@100_stderr": 0.007154113226468475,
  "nDCG@100_ci90_low": 0.8158365884465563,
  "nDCG@100_ci90_high": 0.8393862374406963,
  "nDCG@100_ci95_low": 0.813578155461119,
  "nDCG@100_ci95_high": 0.8416446704261336,
  "RR@1": 0.7001347708894878,
  "RR@3": 0.7658355795148253,
  "RR@5": 0.773888140161726,
  "RR@10": 0.7809665532879825,
  "RR@100": 0.7837030263516892,
  "P@1": 0.6967654986522911,
  "P@3": 0.2926774483378211,
  "P@5": 0.18477088948786635,
  "P@10": 0.09845013477088707,
  "P@100": 0.010505390835579326,
  "R@1": 0.6781783468104222,
  "R@3": 0.8375449236298294,
  "R@5": 0.8772461814914646,
  "R@10": 0.9303683737646002,
  "R@100": 0.9883198562443845,
  "AP": 0.7780530865584162
}