nDCG@1,nDCG@1_std,nDCG@1_stderr,nDCG@1_ci90_low,nDCG@1_ci90_high,nDCG@1_ci95_low,nDCG@1_ci95_high,nDCG@3,nDCG@3_std,nDCG@3_stderr,nDCG@3_ci90_low,nDCG@3_ci90_high,nDCG@3_ci95_low,nDCG@3_ci95_high,nDCG@5,nDCG@5_std,nDCG@5_stderr,nDCG@5_ci90_low,nDCG@5_ci90_high,nDCG@5_ci95_low,nDCG@5_ci95_high,nDCG@10,nDCG@10_std,nDCG@10_stderr,nDCG@10_ci90_low,nDCG@10_ci90_high,nDCG@10_ci95_low,nDCG@10_ci95_high,nDCG@100,nDCG@100_std,nDCG@100_stderr,nDCG@100_ci90_low,nDCG@100_ci90_high,nDCG@100_ci95_low,nDCG@100_ci95_high,RR@1,RR@3,RR@5,RR@10,RR@100,P@1,P@3,P@5,P@10,P@100,R@1,R@3,R@5,R@10,R@100,AP
0.6994609164420486,0.45864702427322274,0.01190588352807206,0.6798652398588296,0.7190565930252675,0.6761067530653734,0.7228150798187237,0.7716200722011026,0.3764327279169914,0.009771706732069164,0.755536998287587,0.7877031461146182,0.7524522351437671,0.7907879092584381,0.789579911793234,0.3493055469397642,0.009067520200669366,0.7746558456502071,0.8045039779362608,0.7717933823274928,0.807366441258975,0.8074893818126285,0.3169647773171105,0.008227995651380786,0.7939470738157101,0.821031689809547,0.7913496342456509,0.8236291293796062,0.8218311997957767,0.2855075838650221,0.007411407596647252,0.8096328991868483,0.834029500404705,0.8072932427046359,0.8363691568869175,0.7001347708894878,0.759321653189578,0.769227313566937,0.775971473495059,0.7787192520313385,0.6994609164420486,0.2877358490565994,0.18234501347708476,0.09716981132075238,0.010444743935309786,0.6795822102425876,0.8228885893980232,0.8652852650494159,0.9189128481581312,0.9828167115902965,0.7725820443657944
