nDCG@1,nDCG@1_std,nDCG@1_stderr,nDCG@1_ci90_low,nDCG@1_ci90_high,nDCG@1_ci95_low,nDCG@1_ci95_high,nDCG@3,nDCG@3_std,nDCG@3_stderr,nDCG@3_ci90_low,nDCG@3_ci90_high,nDCG@3_ci95_low,nDCG@3_ci95_high,nDCG@5,nDCG@5_std,nDCG@5_stderr,nDCG@5_ci90_low,nDCG@5_ci90_high,nDCG@5_ci95_low,nDCG@5_ci95_high,nDCG@10,nDCG@10_std,nDCG@10_stderr,nDCG@10_ci90_low,nDCG@10_ci90_high,nDCG@10_ci95_low,nDCG@10_ci95_high,nDCG@100,nDCG@100_std,nDCG@100_stderr,nDCG@100_ci90_low,nDCG@100_ci90_high,nDCG@100_ci95_low,nDCG@100_ci95_high,RR@1,RR@3,RR@5,RR@10,RR@100,P@1,P@3,P@5,P@10,P@100,R@1,R@3,R@5,R@10,R@100,AP
0.6967654986522911,0.4598106227151051,0.011936089038604807,0.6771201073701139,0.7164108899344683,0.6733520852060016,0.7201789120985805,0.7798151279777541,0.36600162113840684,0.009500928691872553,0.7641777227026911,0.7954525332528171,0.7611784396230459,0.7984518163324623,0.7964916382784453,0.34027410104603356,0.008833075546697763,0.7819534403160587,0.8110298362408318,0.7791649872197733,0.8138182893371172,0.8143510523578998,0.3063828418892995,0.007953302294534661,0.8012608571477077,0.827441247568092,0.7987501336413091,0.8299519710744906,0.8276118611312261,0.2755940931789273,0.007154066200717991,0.8158371140329812,0.839386608229471,0.8135786958927809,0.8416450263696713,0.7001347708894878,0.7657232704402521,0.7739442946990124,0.7810227078252688,0.7837532477744507,0.6967654986522911,0.2926774483378211,0.18477088948786635,0.09845013477088707,0.010505390835579326,0.6781783468104222,0.8375449236298294,0.8772461814914646,0.9303683737646002,0.9883198562443845,0.7780527028938757
