nDCG@1,nDCG@1_std,nDCG@1_stderr,nDCG@1_ci90_low,nDCG@1_ci90_high,nDCG@1_ci95_low,nDCG@1_ci95_high,nDCG@3,nDCG@3_std,nDCG@3_stderr,nDCG@3_ci90_low,nDCG@3_ci90_high,nDCG@3_ci95_low,nDCG@3_ci95_high,nDCG@5,nDCG@5_std,nDCG@5_stderr,nDCG@5_ci90_low,nDCG@5_ci90_high,nDCG@5_ci95_low,nDCG@5_ci95_high,nDCG@10,nDCG@10_std,nDCG@10_stderr,nDCG@10_ci90_low,nDCG@10_ci90_high,nDCG@10_ci95_low,nDCG@10_ci95_high,nDCG@100,nDCG@100_std,nDCG@100_stderr,nDCG@100_ci90_low,nDCG@100_ci90_high,nDCG@100_ci95_low,nDCG@100_ci95_high,RR@1,RR@3,RR@5,RR@10,RR@100,P@1,P@3,P@5,P@10,P@100,R@1,R@3,R@5,R@10,R@100,AP
0.7115902964959568,0.45317539046686334,0.01176384699156557,0.6922283952579963,0.7309521977339174,0.6885147470055345,0.7346658459863792,0.7828348807327046,0.3690858410701736,0.009580991052117363,0.7670657022789314,0.7986040591864777,0.7640411448613572,0.8016286166040519,0.8002466807532208,0.341548392052721,0.008866154493041154,0.7856540387562752,0.8148393227501665,0.7828551431940712,0.8176382183123704,0.8167433195809979,0.31065563789489387,0.008064218552331014,0.8034705693247671,0.8300160698372286,0.8009248314249281,0.8325618077370677,0.8307084547553124,0.27900355037258223,0.0072425712996138725,0.8187880387287734,0.8426288707818514,0.8165016810203277,0.8449152284902971,0.7109164420485176,0.7702156334231809,0.7793463611859848,0.7857182967526639,0.7882752360006418,0.7115902964959568,0.29132973944294244,0.18436657681940274,0.09770889487870382,0.010485175202156145,0.6913746630727763,0.8333333333333333,0.8748876909254267,0.9239667565139263,0.9865229110512129,0.7831713386155159
