nDCG@1,nDCG@1_std,nDCG@1_stderr,nDCG@1_ci90_low,nDCG@1_ci90_high,nDCG@1_ci95_low,nDCG@1_ci95_high,nDCG@3,nDCG@3_std,nDCG@3_stderr,nDCG@3_ci90_low,nDCG@3_ci90_high,nDCG@3_ci95_low,nDCG@3_ci95_high,nDCG@5,nDCG@5_std,nDCG@5_stderr,nDCG@5_ci90_low,nDCG@5_ci90_high,nDCG@5_ci95_low,nDCG@5_ci95_high,nDCG@10,nDCG@10_std,nDCG@10_stderr,nDCG@10_ci90_low,nDCG@10_ci90_high,nDCG@10_ci95_low,nDCG@10_ci95_high,nDCG@100,nDCG@100_std,nDCG@100_stderr,nDCG@100_ci90_low,nDCG@100_ci90_high,nDCG@100_ci95_low,nDCG@100_ci95_high,RR@1,RR@3,RR@5,RR@10,RR@100,P@1,P@3,P@5,P@10,P@100,R@1,R@3,R@5,R@10,R@100,AP
0.5889487870619946,0.49219036503517316,0.012776625268710297,0.5679199725267013,0.6099776015972879,0.5638866072393489,0.6140109668846403,0.6805221806310771,0.4183437045989366,0.01085966147834422,0.6626484618406049,0.6983958994215492,0.6592202497174537,0.7018241115447004,0.7036156594474432,0.3924129245088471,0.010186531966528743,0.6868498322452816,0.7203814866496048,0.6836341157655221,0.7235972031293643,0.7249977126569425,0.3628263830275903,0.009418503617424108,0.7094959693088109,0.740499456005074,0.7065227064361528,0.7434727188777321,0.7506568356346192,0.3174600183076848,0.00824085146694276,0.7370933684853058,0.7642203027839325,0.7344918705509182,0.7668218007183201,0.589622641509434,0.6644204851752028,0.6767857142857153,0.685248470457366,0.690411256948264,0.5889487870619946,0.2598831985624409,0.16805929919137116,0.09117250673854241,0.010390835579514639,0.5708108715184187,0.7439353099730458,0.7986298292902065,0.862084456424079,0.9772012578616351,0.6839667310973838
