{
  "nDCG@1": 0.6994609164420486,
  "nDCG@1_std": 0.45864702427322274,
  "nDCG@1_stderr": 0.01190588352807206,
  "nDCG@1_ci90_low": 0.6798652398588296,
  "nDCG@1_ci90_high": 0.7190565930252675,
  "nDCG@1_ci95_low": 0.6761067530653734,
  "nDCG@1_ci95_high": 0.7228150798187237,
  "nDCG@3": 0.7716200722011026,
  "nDCG@3_std": 0.3764327279169914,
  "nDCG@3_stderr": 0.009771706732069164,
  "nDCG@3_ci90_low": 0.755536998287587,
  "nDCG@3_ci90_high": 0.7877031461146182,
  "nDCG@3_ci95_low": 0.7524522351437671,
  "nDCG@3_ci95_high": 0.7907879092584381,
  "nDCG@5": 0.789579911793234,
  "nDCG@5_std": 0.3493055469397642,
  "nDCG@5_stderr": 0.009067520200669366,
  "nDCG@5_ci90_low": 0.7746558456502071,
  "nDCG@5_ci90_high": 0.8045039779362608,
  "nDCG@5_ci95_low": 0.7717933823274928,
  "nDCG@5_ci95_high": 0.807366441258975,
  "nDCG@10": 0.8074893818126285,
  "nDCG@10_std": 0.3169647773171105,
  "nDCG@10_stderr": 0.008227995651380786,
  "nDCG@10_ci90_low": 0.7939470738157101,
  "nDCG@10_ci90_high": 0.821031689809547,
  "nDCG@10_ci95_low": 0.7913496342456509,
  "nDCG@10_ci95_high": 0.8236291293796062,
  "nDCG@100": 0.8218311997957767,
  "nDCG@100_std": 0.2855075838650221,
  "nDCG@100_stderr": 0.007411407596647252,
  "nDCG@100_ci90_low": 0.8096328991868483,
  "nDCG@100_ci90_high": 0.834029500404705,
  "nDCG@100_ci95_low": 0.8072932427046359,
  "nDCG@100_ci95_high": 0.8363691568869175,
  "RR@1": 0.7001347708894878,
  "RR@3": 0.759321653189578,
  "RR@5": 0.769227313566937,
  "RR@10": 0.775971473495059,
  "RR@100": 0.7787192520313385,
  "P@1": 0.6994609164420486,
  "P@3": 0.2877358490565994,
  "P@5": 0.18234501347708476,
  "P@10": 0.09716981132075238,
  "P@100": 0.010444743935309786,
  "R@1": 0.6795822102425876,
  "R@3": 0.8228885893980232,
  "R@5": 0.8652852650494159,
  "R@10": 0.9189128481581312,
  "R@100": 0.9828167115902965,
  "AP": 0.7725820443657944
}