{
  "nDCG@1": 0.5404312668463612,
  "nDCG@1_std": 0.49853062853293906,
  "nDCG@1_stderr": 0.012941210308504907,
  "nDCG@1_ci90_low": 0.5191315647954421,
  "nDCG@1_ci90_high": 0.5617309688972804,
  "nDCG@1_ci95_low": 0.5150462427845915,
  "nDCG@1_ci95_high": 0.5658162909081309,
  "nDCG@3": 0.634721472124632,
  "nDCG@3_std": 0.43340162287491496,
  "nDCG@3_stderr": 0.011250545560614483,
  "nDCG@3_ci90_low": 0.6162044043513115,
  "nDCG@3_ci90_high": 0.6532385398979526,
  "nDCG@3_ci95_low": 0.6126527967105139,
  "nDCG@3_ci95_high": 0.6567901475387502,
  "nDCG@5": 0.6586354769901998,
  "nDCG@5_std": 0.40991878386612496,
  "nDCG@5_stderr": 0.010640961433059851,
  "nDCG@5_ci90_low": 0.6411217126160481,
  "nDCG@5_ci90_high": 0.6761492413643514,
  "nDCG@5_ci95_low": 0.6377625404116893,
  "nDCG@5_ci95_high": 0.6795084135687102,
  "nDCG@10": 0.6826461627191042,
  "nDCG@10_std": 0.3806579350424902,
  "nDCG@10_stderr": 0.00988138764409052,
  "nDCG@10_ci90_low": 0.6663825669926332,
  "nDCG@10_ci90_high": 0.6989097584455751,
  "nDCG@10_ci95_low": 0.6632631794332162,
  "nDCG@10_ci95_high": 0.7020291460049921,
  "nDCG@100": 0.7121451492233545,
  "nDCG@100_std": 0.33393249710981443,
  "nDCG@100_stderr": 0.008668455710854653,
  "nDCG@100_ci90_low": 0.6978778960467755,
  "nDCG@100_ci90_high": 0.7264124023999334,
  "nDCG@100_ci95_low": 0.6951414106585144,
  "nDCG@100_ci95_high": 0.7291488877881945,
  "RR@1": 0.5424528301886793,
  "RR@3": 0.6188230008984732,
  "RR@5": 0.6313230008984737,
  "RR@10": 0.6407919928977889,
  "RR@100": 0.646346507753276,
  "P@1": 0.5404312668463612,
  "P@3": 0.244609164420483,
  "P@5": 0.15943396226414788,
  "P@10": 0.08773584905660185,
  "P@100": 0.010269541778975556,
  "R@1": 0.5249887690925427,
  "R@3": 0.70142632524708,
  "R@5": 0.7587039532794249,
  "R@10": 0.8305256064690026,
  "R@100": 0.9667565139263251,
  "AP": 0.6388549522787382
}