{
  "nDCG@1": 0.6698113207547169,
  "nDCG@1_std": 0.47043942039348274,
  "nDCG@1_stderr": 0.012211998878863189,
  "nDCG@1_ci90_low": 0.6497118144979489,
  "nDCG@1_ci90_high": 0.689910827011485,
  "nDCG@1_ci95_low": 0.6458566922468628,
  "nDCG@1_ci95_high": 0.6937659492625711,
  "nDCG@3": 0.7444079521538557,
  "nDCG@3_std": 0.3934183366567715,
  "nDCG@3_stderr": 0.010212631165471253,
  "nDCG@3_ci90_low": 0.7275991687560994,
  "nDCG@3_ci90_high": 0.761216735551612,
  "nDCG@3_ci95_low": 0.7243752131990541,
  "nDCG@3_ci95_high": 0.7644406911086573,
  "nDCG@5": 0.7675468385183071,
  "nDCG@5_std": 0.3618201797722698,
  "nDCG@5_stderr": 0.00939238388235683,
  "nDCG@5_ci90_low": 0.7520880851658034,
  "nDCG@5_ci90_high": 0.7830055918708108,
  "nDCG@5_ci95_low": 0.7491230678533397,
  "nDCG@5_ci95_high": 0.7859706091832744,
  "nDCG@10": 0.7887785589806297,
  "nDCG@10_std": 0.32546493478816513,
  "nDCG@10_stderr": 0.008448648745077433,
  "nDCG@10_ci90_low": 0.7748730820806247,
  "nDCG@10_ci90_high": 0.8026840358806346,
  "nDCG@10_ci95_low": 0.7722059860473018,
  "nDCG@10_ci95_high": 0.8053511319139575,
  "nDCG@100": 0.805042740011459,
  "nDCG@100_std": 0.2913944693912986,
  "nDCG@100_stderr": 0.007564223530708972,
  "nDCG@100_ci90_low": 0.7925929224434092,
  "nDCG@100_ci90_high": 0.8174925575795089,
  "nDCG@100_ci95_low": 0.7902050245460471,
  "nDCG@100_ci95_high": 0.8198804554768709,
  "RR@1": 0.6704851752021563,
  "RR@3": 0.7322551662174309,
  "RR@5": 0.7441823899371077,
  "RR@10": 0.752622149488727,
  "RR@100": 0.7560156054979014,
  "P@1": 0.6698113207547169,
  "P@3": 0.2785265049415954,
  "P@5": 0.17924528301886392,
  "P@10": 0.09676549865228877,
  "P@100": 0.010471698113207358,
  "R@1": 0.6499887690925427,
  "R@3": 0.7958782569631624,
  "R@5": 0.8511904761904764,
  "R@10": 0.9146451033243486,
  "R@100": 0.9849505840071877,
  "AP": 0.7501667310251069
}