nDCG@1,nDCG@1_std,nDCG@1_stderr,nDCG@1_ci90_low,nDCG@1_ci90_high,nDCG@1_ci95_low,nDCG@1_ci95_high,nDCG@3,nDCG@3_std,nDCG@3_stderr,nDCG@3_ci90_low,nDCG@3_ci90_high,nDCG@3_ci95_low,nDCG@3_ci95_high,nDCG@5,nDCG@5_std,nDCG@5_stderr,nDCG@5_ci90_low,nDCG@5_ci90_high,nDCG@5_ci95_low,nDCG@5_ci95_high,nDCG@10,nDCG@10_std,nDCG@10_stderr,nDCG@10_ci90_low,nDCG@10_ci90_high,nDCG@10_ci95_low,nDCG@10_ci95_high,nDCG@100,nDCG@100_std,nDCG@100_stderr,nDCG@100_ci90_low,nDCG@100_ci90_high,nDCG@100_ci95_low,nDCG@100_ci95_high,RR@1,RR@3,RR@5,RR@10,RR@100,P@1,P@3,P@5,P@10,P@100,R@1,R@3,R@5,R@10,R@100,AP
0.7088948787061995,0.45442500150924925,0.01179628527795719,0.6894795878842115,0.7283101695281875,0.6857556994113814,0.7320340580010176,0.7866843429227898,0.36268308693274687,0.009414783836143642,0.7711887218948338,0.8021799639507458,0.7682166332944407,0.8051520525511389,0.8030907567168288,0.33676021132064776,0.008741859514353006,0.7887026895586634,0.8174788238749943,0.785943031826629,0.8202384816070287,0.8191968670180302,0.3058079441978637,0.00793837869404769,0.8061312342897329,0.8322624997463275,0.8036252219125175,0.8347685121235429,0.8328542096558387,0.27403657715915186,0.0071136350993630075,0.8211460073700126,0.8445624119416647,0.8189003526471705,0.8468080666645068,0.7088948787061995,0.7715633423180596,0.7800202156334237,0.7866501946690629,0.7893114934915799,0.7088948787061995,0.29447439353099264,0.18584905660376927,0.0983153638813992,0.01051212938005372,0.6899707996406109,0.8423180592991916,0.8816262353998204,0.9290206648697216,0.9886567834681042,0.7849424131537494
