{
  "nDCG@1": 0.7088948787061995,
  "nDCG@1_std": 0.45442500150924925,
  "nDCG@1_stderr": 0.01179628527795719,
  "nDCG@1_ci90_low": 0.6894795878842115,
  "nDCG@1_ci90_high": 0.7283101695281875,
  "nDCG@1_ci95_low": 0.6857556994113814,
  "nDCG@1_ci95_high": 0.7320340580010176,
  "nDCG@3": 0.7866843429227898,
  "nDCG@3_std": 0.36268308693274687,
  "nDCG@3_stderr": 0.009414783836143642,
  "nDCG@3_ci90_low": 0.7711887218948338,
  "nDCG@3_ci90_high": 0.8021799639507458,
  "nDCG@3_ci95_low": 0.7682166332944407,
  "nDCG@3_ci95_high": 0.8051520525511389,
  "nDCG@5": 0.8033514392014881,
  "nDCG@5_std": 0.33628752572253684,
  "nDCG@5_stderr": 0.008729589207605843,
  "nDCG@5_ci90_low": 0.7889835675174365,
  "nDCG@5_ci90_high": 0.8177193108855397,
  "nDCG@5_ci95_low": 0.7862277833144646,
  "nDCG@5_ci95_high": 0.8204750950885116,
  "nDCG@10": 0.8192295584443604,
  "nDCG@10_std": 0.30575819276738586,
  "nDCG@10_stderr": 0.007937087211261854,
  "nDCG@10_ci90_low": 0.8061660513440287,
  "nDCG@10_ci90_high": 0.8322930655446921,
  "nDCG@10_ci95_low": 0.8036604466661651,
  "nDCG@10_ci95_high": 0.8347986702225557,
  "nDCG@100": 0.8328864815819517,
  "nDCG@100_std": 0.2739807687288515,
  "nDCG@100_stderr": 0.007112186384696007,
  "nDCG@100_ci90_low": 0.8211806637091773,
  "nDCG@100_ci90_high": 0.844592299454726,
  "nDCG@100_ci95_low": 0.818935466321142,
  "nDCG@100_ci95_high": 0.8468374968427613,
  "RR@1": 0.7088948787061995,
  "RR@3": 0.7719002695417795,
  "RR@5": 0.7801886792452838,
  "RR@10": 0.7867932550378645,
  "RR@100": 0.7894544182759858,
  "P@1": 0.7088948787061995,
  "P@3": 0.29447439353099264,
  "P@5": 0.18598382749325712,
  "P@10": 0.0983153638813992,
  "P@100": 0.01051212938005372,
  "R@1": 0.6899707996406109,
  "R@3": 0.8423180592991916,
  "R@5": 0.8823000898472597,
  "R@10": 0.9290206648697216,
  "R@100": 0.9886567834681042,
  "AP": 0.7849767890881344
}