{
  "nDCG@1": 0.6698113207547169,
  "nDCG@1_std": 0.47043942039348274,
  "nDCG@1_stderr": 0.012211998878863189,
  "nDCG@1_ci90_low": 0.6497118144979489,
  "nDCG@1_ci90_high": 0.689910827011485,
  "nDCG@1_ci95_low": 0.6458566922468628,
  "nDCG@1_ci95_high": 0.6937659492625711,
  "nDCG@3": 0.7444079521538557,
  "nDCG@3_std": 0.3934183366567715,
  "nDCG@3_stderr": 0.010212631165471253,
  "nDCG@3_ci90_low": 0.7275991687560994,
  "nDCG@3_ci90_high": 0.761216735551612,
  "nDCG@3_ci95_low": 0.7243752131990541,
  "nDCG@3_ci95_high": 0.7644406911086573,
  "nDCG@5": 0.7675468385183071,
  "nDCG@5_std": 0.3618201797722698,
  "nDCG@5_stderr": 0.00939238388235683,
  "nDCG@5_ci90_low": 0.7520880851658034,
  "nDCG@5_ci90_high": 0.7830055918708108,
  "nDCG@5_ci95_low": 0.7491230678533397,
  "nDCG@5_ci95_high": 0.7859706091832744,
  "nDCG@10": 0.7888060133676392,
  "nDCG@10_std": 0.3254266979415515,
  "nDCG@10_stderr": 0.008447656165995548,
  "nDCG@10_ci90_low": 0.7749021701354445,
  "nDCG@10_ci90_high": 0.802709856599834,
  "nDCG@10_ci95_low": 0.772235387442611,
  "nDCG@10_ci95_high": 0.8053766392926675,
  "nDCG@100": 0.8050733298032368,
  "nDCG@100_std": 0.29134515892944435,
  "nDCG@100_stderr": 0.0075629434948982464,
  "nDCG@100_ci90_low": 0.7926256190227849,
  "nDCG@100_ci90_high": 0.8175210405836886,
  "nDCG@100_ci95_low": 0.7902381252111574,
  "nDCG@100_ci95_high": 0.8199085343953161,
  "RR@1": 0.6704851752021563,
  "RR@3": 0.7322551662174309,
  "RR@5": 0.7441823899371077,
  "RR@10": 0.7526146622170888,
  "RR@100": 0.7560049615314487,
  "P@1": 0.6698113207547169,
  "P@3": 0.2785265049415954,
  "P@5": 0.17924528301886392,
  "P@10": 0.09676549865228877,
  "P@100": 0.010471698113207358,
  "R@1": 0.6499887690925427,
  "R@3": 0.7958782569631624,
  "R@5": 0.8511904761904764,
  "R@10": 0.9146451033243486,
  "R@100": 0.9849505840071877,
  "AP": 0.7501991278735415
}