nDCG@1,nDCG@1_std,nDCG@1_stderr,nDCG@1_ci90_low,nDCG@1_ci90_high,nDCG@1_ci95_low,nDCG@1_ci95_high,nDCG@3,nDCG@3_std,nDCG@3_stderr,nDCG@3_ci90_low,nDCG@3_ci90_high,nDCG@3_ci95_low,nDCG@3_ci95_high,nDCG@5,nDCG@5_std,nDCG@5_stderr,nDCG@5_ci90_low,nDCG@5_ci90_high,nDCG@5_ci95_low,nDCG@5_ci95_high,nDCG@10,nDCG@10_std,nDCG@10_stderr,nDCG@10_ci90_low,nDCG@10_ci90_high,nDCG@10_ci95_low,nDCG@10_ci95_high,nDCG@100,nDCG@100_std,nDCG@100_stderr,nDCG@100_ci90_low,nDCG@100_ci90_high,nDCG@100_ci95_low,nDCG@100_ci95_high,RR@1,RR@3,RR@5,RR@10,RR@100,P@1,P@3,P@5,P@10,P@100,R@1,R@3,R@5,R@10,R@100,AP
0.6293800539083558,0.48313361658005194,0.012541523792971769,0.6087381886046713,0.6500219192120403,0.6047790408913108,0.6539810669254008,0.7053859597537389,0.4118531214789553,0.01069117433558292,0.6877895508790068,0.7229823686284709,0.6844145273075025,0.7263573921999752,0.7322487032152961,0.3799393455282539,0.009862733989737159,0.7160158091983574,0.7484815972322348,0.7129023102832709,0.7515950961473213,0.7541879918146733,0.34624325668890144,0.008988027106576592,0.7393947619055781,0.7689812217237686,0.736557393213062,0.7718185904162846,0.7755240182622894,0.3055516700669167,0.007931726149077736,0.7624693348364424,0.7885787016881365,0.7599654225555662,0.7910826139690127,0.6287061994609164,0.6931716082659487,0.706850853548968,0.7155644333204986,0.7197992116491427,0.6293800539083558,0.26639712488768774,0.17398921832883732,0.09427223719676332,0.01047169811320736,0.6097259658580413,0.7597708894878706,0.8237870619946092,0.890217879604672,0.9849505840071877,0.7127997737966846
