{
  "nDCG@1": 0.6442048517520216,
  "nDCG@1_std": 0.4789149357254043,
  "nDCG@1_stderr": 0.012432012294500513,
  "nDCG@1_ci90_low": 0.6237432294266197,
  "nDCG@1_ci90_high": 0.6646664740774234,
  "nDCG@1_ci95_low": 0.6198186526478535,
  "nDCG@1_ci95_high": 0.6685910508561896,
  "nDCG@3": 0.7177211714726768,
  "nDCG@3_std": 0.4077812149879931,
  "nDCG@3_stderr": 0.010585472909752416,
  "nDCG@3_ci90_low": 0.7002987346471484,
  "nDCG@3_ci90_high": 0.7351436082982051,
  "nDCG@3_ci95_low": 0.6969570792345127,
  "nDCG@3_ci95_high": 0.7384852637108409,
  "nDCG@5": 0.7427583130724378,
  "nDCG@5_std": 0.37673790919527117,
  "nDCG@5_stderr": 0.009779628843326518,
  "nDCG@5_ci90_low": 0.7266622003004714,
  "nDCG@5_ci90_high": 0.7588544258444042,
  "nDCG@5_ci95_low": 0.7235749362796298,
  "nDCG@5_ci95_high": 0.7619416898652458,
  "nDCG@10": 0.7658738590668028,
  "nDCG@10_std": 0.3401688024341553,
  "nDCG@10_stderr": 0.008830342130928464,
  "nDCG@10_ci90_low": 0.7513401599835844,
  "nDCG@10_ci90_high": 0.7804075581500213,
  "nDCG@10_ci95_low": 0.7485525697805943,
  "nDCG@10_ci95_high": 0.7831951483530114,
  "nDCG@100": 0.7851713170662772,
  "nDCG@100_std": 0.30223149869499627,
  "nDCG@100_stderr": 0.007845538794630244,
  "nDCG@100_ci90_low": 0.7722584878354031,
  "nDCG@100_ci90_high": 0.7980841462971513,
  "nDCG@100_ci95_low": 0.7697817834499082,
  "nDCG@100_ci95_high": 0.8005608506826462,
  "RR@1": 0.6435309973045822,
  "RR@3": 0.7055256064690032,
  "RR@5": 0.718564690026955,
  "RR@10": 0.7277371325888847,
  "RR@100": 0.731568718302398,
  "P@1": 0.6442048517520216,
  "P@3": 0.27021563342317734,
  "P@5": 0.1752021563342281,
  "P@10": 0.09521563342317838,
  "P@100": 0.01047169811320736,
  "R@1": 0.6252246181491464,
  "R@3": 0.7699348607367474,
  "R@5": 0.8298517520215634,
  "R@10": 0.8993149146451033,
  "R@100": 0.9849505840071877,
  "AP": 0.725172756828975
}