{
  "nDCG@1": 0.6293800539083558,
  "nDCG@1_std": 0.48313361658005194,
  "nDCG@1_stderr": 0.012541523792971769,
  "nDCG@1_ci90_low": 0.6087381886046713,
  "nDCG@1_ci90_high": 0.6500219192120403,
  "nDCG@1_ci95_low": 0.6047790408913108,
  "nDCG@1_ci95_high": 0.6539810669254008,
  "nDCG@3": 0.7053859597537389,
  "nDCG@3_std": 0.4118531214789553,
  "nDCG@3_stderr": 0.01069117433558292,
  "nDCG@3_ci90_low": 0.6877895508790068,
  "nDCG@3_ci90_high": 0.7229823686284709,
  "nDCG@3_ci95_low": 0.6844145273075025,
  "nDCG@3_ci95_high": 0.7263573921999752,
  "nDCG@5": 0.7322487032152961,
  "nDCG@5_std": 0.3799393455282539,
  "nDCG@5_stderr": 0.009862733989737159,
  "nDCG@5_ci90_low": 0.7160158091983574,
  "nDCG@5_ci90_high": 0.7484815972322348,
  "nDCG@5_ci95_low": 0.7129023102832709,
  "nDCG@5_ci95_high": 0.7515950961473213,
  "nDCG@10": 0.7541879918146733,
  "nDCG@10_std": 0.34624325668890144,
  "nDCG@10_stderr": 0.008988027106576592,
  "nDCG@10_ci90_low": 0.7393947619055781,
  "nDCG@10_ci90_high": 0.7689812217237686,
  "nDCG@10_ci95_low": 0.736557393213062,
  "nDCG@10_ci95_high": 0.7718185904162846,
  "nDCG@100": 0.7755240182622894,
  "nDCG@100_std": 0.3055516700669167,
  "nDCG@100_stderr": 0.007931726149077736,
  "nDCG@100_ci90_low": 0.7624693348364424,
  "nDCG@100_ci90_high": 0.7885787016881365,
  "nDCG@100_ci95_low": 0.7599654225555662,
  "nDCG@100_ci95_high": 0.7910826139690127,
  "RR@1": 0.6287061994609164,
  "RR@3": 0.6931716082659487,
  "RR@5": 0.706850853548968,
  "RR@10": 0.7155644333204986,
  "RR@100": 0.7197992116491427,
  "P@1": 0.6293800539083558,
  "P@3": 0.26639712488768774,
  "P@5": 0.17398921832883732,
  "P@10": 0.09427223719676332,
  "P@100": 0.01047169811320736,
  "R@1": 0.6097259658580413,
  "R@3": 0.7597708894878706,
  "R@5": 0.8237870619946092,
  "R@10": 0.890217879604672,
  "R@100": 0.9849505840071877,
  "AP": 0.7127997737966846
}