nDCG@1,nDCG@1_std,nDCG@1_stderr,nDCG@1_ci90_low,nDCG@1_ci90_high,nDCG@1_ci95_low,nDCG@1_ci95_high,nDCG@3,nDCG@3_std,nDCG@3_stderr,nDCG@3_ci90_low,nDCG@3_ci90_high,nDCG@3_ci95_low,nDCG@3_ci95_high,nDCG@5,nDCG@5_std,nDCG@5_stderr,nDCG@5_ci90_low,nDCG@5_ci90_high,nDCG@5_ci95_low,nDCG@5_ci95_high,nDCG@10,nDCG@10_std,nDCG@10_stderr,nDCG@10_ci90_low,nDCG@10_ci90_high,nDCG@10_ci95_low,nDCG@10_ci95_high,nDCG@100,nDCG@100_std,nDCG@100_stderr,nDCG@100_ci90_low,nDCG@100_ci90_high,nDCG@100_ci95_low,nDCG@100_ci95_high,RR@1,RR@3,RR@5,RR@10,RR@100,P@1,P@3,P@5,P@10,P@100,R@1,R@3,R@5,R@10,R@100,AP
0.6212938005390836,0.4852282664912816,0.01259589819541056,0.6005624413979963,0.6420251596801708,0.5965861286020961,0.646001472476071,0.6966287325798287,0.4182891387522782,0.010858245019541385,0.6787573451130696,0.7145001200465878,0.6753295801420925,0.7179278850175649,0.7198340851337955,0.39089956143255955,0.010147247018478517,0.7031329163112296,0.7365352539563614,0.6999296014275449,0.7397385688400462,0.7388298173613774,0.3643902134555576,0.009459098632648589,0.7232612594179784,0.7543983753047765,0.7202751813831156,0.7573844533396392,0.7620563968647643,0.32300513419458005,0.008384795503216956,0.74825601485111,0.7758567788784186,0.7456090762101963,0.7785037175193323,0.6212938005390836,0.6841868823000905,0.696417340521115,0.7036088649296199,0.708391672937508,0.6212938005390836,0.26212938005390546,0.16967654986522562,0.0913072776280303,0.010269541778975558,0.6039982030548068,0.7493823000898472,0.8050314465408804,0.8627021563342318,0.9657457322551662,0.701890777240635
