nDCG@1,nDCG@1_std,nDCG@1_stderr,nDCG@1_ci90_low,nDCG@1_ci90_high,nDCG@1_ci95_low,nDCG@1_ci95_high,nDCG@3,nDCG@3_std,nDCG@3_stderr,nDCG@3_ci90_low,nDCG@3_ci90_high,nDCG@3_ci95_low,nDCG@3_ci95_high,nDCG@5,nDCG@5_std,nDCG@5_stderr,nDCG@5_ci90_low,nDCG@5_ci90_high,nDCG@5_ci95_low,nDCG@5_ci95_high,nDCG@10,nDCG@10_std,nDCG@10_stderr,nDCG@10_ci90_low,nDCG@10_ci90_high,nDCG@10_ci95_low,nDCG@10_ci95_high,nDCG@100,nDCG@100_std,nDCG@100_stderr,nDCG@100_ci90_low,nDCG@100_ci90_high,nDCG@100_ci95_low,nDCG@100_ci95_high,RR@1,RR@3,RR@5,RR@10,RR@100,P@1,P@3,P@5,P@10,P@100,R@1,R@3,R@5,R@10,R@100,AP
0.7634770889487871,0.4250900965316269,0.011034789087015865,0.7453151308208285,0.7816390470767457,0.7418316338628467,0.7851225440347275,0.8309914640042698,0.32824645157137566,0.008520853323107258,0.8169671469060079,0.8450157811025317,0.814277257104183,0.8477056709043567,0.8460591796750058,0.3001613311045978,0.007791799921574369,0.8332347982753124,0.8588835610746991,0.830775058346441,0.8613433010035705,0.8592662857155285,0.27021632917751676,0.007014466402935131,0.8477213033787132,0.8708112680523439,0.8455069545421559,0.8730256168889012,0.8685692902328398,0.24519489596882713,0.006364942359995678,0.8580933476735813,0.8790452327920983,0.8560840426316876,0.881054537833992,0.7641509433962265,0.820193171608266,0.8275718778077275,0.8327060069310744,0.8347280436711542,0.7634770889487871,0.30840071877807224,0.1936657681940655,0.10107816711590044,0.010552560646900081,0.741464510332435,0.8789869721473494,0.9144204851752021,0.953167115902965,0.9919137466307277,0.8289595520016629
