nDCG@1,nDCG@1_std,nDCG@1_stderr,nDCG@1_ci90_low,nDCG@1_ci90_high,nDCG@1_ci95_low,nDCG@1_ci95_high,nDCG@3,nDCG@3_std,nDCG@3_stderr,nDCG@3_ci90_low,nDCG@3_ci90_high,nDCG@3_ci95_low,nDCG@3_ci95_high,nDCG@5,nDCG@5_std,nDCG@5_stderr,nDCG@5_ci90_low,nDCG@5_ci90_high,nDCG@5_ci95_low,nDCG@5_ci95_high,nDCG@10,nDCG@10_std,nDCG@10_stderr,nDCG@10_ci90_low,nDCG@10_ci90_high,nDCG@10_ci95_low,nDCG@10_ci95_high,nDCG@100,nDCG@100_std,nDCG@100_stderr,nDCG@100_ci90_low,nDCG@100_ci90_high,nDCG@100_ci95_low,nDCG@100_ci95_high,RR@1,RR@3,RR@5,RR@10,RR@100,P@1,P@3,P@5,P@10,P@100,R@1,R@3,R@5,R@10,R@100,AP
0.7486522911051213,0.43393423948300197,0.01126437159886481,0.7301124673075762,0.7671921149026665,0.7265564950194974,0.7707480871907453,0.8166591964307217,0.34098291732690494,0.008851475500553842,0.8020907143198249,0.8312276785416185,0.7992964526681807,0.8340219401932627,0.8345629214932607,0.30919161646293564,0.008026214449548232,0.8213527214967574,0.847773121489764,0.818818980851727,0.8503068621347945,0.847187779650816,0.2817303882265412,0.007313356483363006,0.8351508595811826,0.8592246997204495,0.8328421561830898,0.8615334031185423,0.858633776326371,0.25252253732038255,0.0065551584517829255,0.8478447605704195,0.8694227920823224,0.8457754075138447,0.8714921451388972,0.7486522911051213,0.8054806828391734,0.8146114106019773,0.8195161083301249,0.8218909468080521,0.7486522911051213,0.30368373764599693,0.19191374663072328,0.10020215633422931,0.01057277628032326,0.7257412398921833,0.8652852650494159,0.9077942497753817,0.9450808625336927,0.9935983827493261,0.8158825275863655
