{
  "nDCG@1": 0.7621293800539084,
  "nDCG@1_std": 0.42592303569917106,
  "nDCG@1_stderr": 0.011056411110467264,
  "nDCG@1_ci90_low": 0.7439318346318503,
  "nDCG@1_ci90_high": 0.7803269254759665,
  "nDCG@1_ci95_low": 0.7404415119654363,
  "nDCG@1_ci95_high": 0.7838172481423805,
  "nDCG@3": 0.8284015350041687,
  "nDCG@3_std": 0.33139089804128197,
  "nDCG@3_stderr": 0.008602479086384117,
  "nDCG@3_ci90_low": 0.8142428715506564,
  "nDCG@3_ci90_high": 0.8425601984576809,
  "nDCG@3_ci95_low": 0.8115272138709114,
  "nDCG@3_ci95_high": 0.845275856137426,
  "nDCG@5": 0.8457667393902961,
  "nDCG@5_std": 0.2987075988719564,
  "nDCG@5_stderr": 0.007754062913097624,
  "nDCG@5_ci90_low": 0.8330044686446828,
  "nDCG@5_ci90_high": 0.8585290101359094,
  "nDCG@5_ci95_low": 0.8305566416534486,
  "nDCG@5_ci95_high": 0.8609768371271437,
  "nDCG@10": 0.8582385792642784,
  "nDCG@10_std": 0.27031460653068917,
  "nDCG@10_stderr": 0.007017017555909845,
  "nDCG@10_ci90_low": 0.8466893980313048,
  "nDCG@10_ci90_high": 0.8697877604972519,
  "nDCG@10_ci95_low": 0.844474243838745,
  "nDCG@10_ci95_high": 0.8720029146898117,
  "nDCG@100": 0.8682304848491758,
  "nDCG@100_std": 0.2433108186046625,
  "nDCG@100_stderr": 0.006316034148520488,
  "nDCG@100_ci90_low": 0.8578350394232943,
  "nDCG@100_ci90_high": 0.8786259302750572,
  "nDCG@100_ci95_low": 0.8558411738795687,
  "nDCG@100_ci95_high": 0.8806197958187828,
  "RR@1": 0.7628032345013477,
  "RR@3": 0.8176100628930816,
  "RR@5": 0.8267070979335135,
  "RR@10": 0.8313344992084886,
  "RR@100": 0.8334075471285846,
  "P@1": 0.7621293800539084,
  "P@3": 0.30750224618148647,
  "P@5": 0.19407008086252905,
  "P@10": 0.10114555256064436,
  "P@100": 0.010599730458220834,
  "R@1": 0.7392183288409704,
  "R@3": 0.8757300089847259,
  "R@5": 0.9169474393530997,
  "R@10": 0.9538409703504043,
  "R@100": 0.9962938005390836,
  "AP": 0.8274818626079392
}