{
  "nDCG@1": 0.7681940700808625,
  "nDCG@1_std": 0.42212796194532504,
  "nDCG@1_stderr": 0.010957895904432007,
  "nDCG@1_ci90_low": 0.7501586690398949,
  "nDCG@1_ci90_high": 0.7862294711218301,
  "nDCG@1_ci95_low": 0.7466994459638613,
  "nDCG@1_ci95_high": 0.7896886941978637,
  "nDCG@3": 0.8347415945903509,
  "nDCG@3_std": 0.3251731478065345,
  "nDCG@3_stderr": 0.008441074332436673,
  "nDCG@3_ci90_low": 0.8208485842779843,
  "nDCG@3_ci90_high": 0.8486346049027175,
  "nDCG@3_ci95_low": 0.8181838793590893,
  "nDCG@3_ci95_high": 0.8512993098216125,
  "nDCG@5": 0.8511127226843839,
  "nDCG@5_std": 0.2936655095564129,
  "nDCG@5_stderr": 0.0076231767959923785,
  "nDCG@5_ci90_low": 0.8385658750120755,
  "nDCG@5_ci90_high": 0.8636595703566923,
  "nDCG@5_ci95_low": 0.836159366562336,
  "nDCG@5_ci95_high": 0.8660660788064317,
  "nDCG@10": 0.8641017093008522,
  "nDCG@10_std": 0.26349483235079185,
  "nDCG@10_stderr": 0.006839985039014583,
  "nDCG@10_ci90_low": 0.8528439026590724,
  "nDCG@10_ci90_high": 0.875359515942632,
  "nDCG@10_ci95_low": 0.8506846346487681,
  "nDCG@10_ci95_high": 0.8775187839529363,
  "nDCG@100": 0.8725336616425352,
  "nDCG@100_std": 0.2404178221617578,
  "nDCG@100_stderr": 0.006240935702714741,
  "nDCG@100_ci90_low": 0.8622618193791105,
  "nDCG@100_ci90_high": 0.8828055039059599,
  "nDCG@100_ci95_low": 0.8602916611491769,
  "nDCG@100_ci95_high": 0.8847756621358935,
  "RR@1": 0.7681940700808625,
  "RR@3": 0.8237870619946093,
  "RR@5": 0.832041778975742,
  "RR@10": 0.8369408612501613,
  "RR@100": 0.8386345110859609,
  "P@1": 0.7681940700808625,
  "P@3": 0.3090745732255116,
  "P@5": 0.19474393530996836,
  "P@10": 0.10161725067385188,
  "P@100": 0.010579514824797654,
  "R@1": 0.7461814914645104,
  "R@3": 0.8813454627133871,
  "R@5": 0.9201482479784366,
  "R@10": 0.9585579514824798,
  "R@100": 0.9942722371967655,
  "AP": 0.8334318537575176
}