{
  "nDCG@1": 0.8113207547169812,
  "nDCG@1_std": 0.3913855010929531,
  "nDCG@1_stderr": 0.010159861383539501,
  "nDCG@1_ci90_low": 0.7945988241409969,
  "nDCG@1_ci90_high": 0.8280426852929654,
  "nDCG@1_ci95_low": 0.7913915271148381,
  "nDCG@1_ci95_high": 0.8312499823191243,
  "nDCG@3": 0.868492449926366,
  "nDCG@3_std": 0.2931510578232687,
  "nDCG@3_stderr": 0.0076098222944008,
  "nDCG@3_ci90_low": 0.8559675821846945,
  "nDCG@3_ci90_high": 0.8810173176680375,
  "nDCG@3_ci95_low": 0.8535652895260593,
  "nDCG@3_ci95_high": 0.8834196103266727,
  "nDCG@5": 0.8816749247628399,
  "nDCG@5_std": 0.26422867844067904,
  "nDCG@5_stderr": 0.006859034734338723,
  "nDCG@5_ci90_low": 0.8703857645749163,
  "nDCG@5_ci90_high": 0.8929640849507635,
  "nDCG@5_ci95_low": 0.8682204828968211,
  "nDCG@5_ci95_high": 0.8951293666288588,
  "nDCG@10": 0.8945587255649138,
  "nDCG@10_std": 0.22880436157210732,
  "nDCG@10_stderr": 0.0059394652868599,
  "nDCG@10_ci90_low": 0.8847830679613315,
  "nDCG@10_ci90_high": 0.904334383168496,
  "nDCG@10_ci95_low": 0.8829080788613441,
  "nDCG@10_ci95_high": 0.9062093722684834,
  "nDCG@100": 0.89973340222201,
  "nDCG@100_std": 0.21252470956784794,
  "nDCG@100_stderr": 0.005516866577215175,
  "nDCG@100_ci90_low": 0.890653292128124,
  "nDCG@100_ci90_high": 0.908813512315896,
  "nDCG@100_ci95_low": 0.8889117103191945,
  "nDCG@100_ci95_high": 0.9105550941248256,
  "RR@1": 0.8113207547169812,
  "RR@3": 0.8596136567834681,
  "RR@5": 0.8660152740341424,
  "RR@10": 0.8711322893937453,
  "RR@100": 0.8721236740185839,
  "P@1": 0.8113207547169812,
  "P@3": 0.31918238993710146,
  "P@5": 0.19892183288409215,
  "P@10": 0.10370619946091375,
  "P@100": 0.010626684636118407,
  "R@1": 0.7874550763701708,
  "R@3": 0.9088611859838275,
  "R@5": 0.9398023360287511,
  "R@10": 0.9774820305480683,
  "R@100": 0.9986522911051213,
  "AP": 0.8670049806713247
}