{
  "nDCG@1": 0.8045822102425876,
  "nDCG@1_std": 0.39665564229436906,
  "nDCG@1_stderr": 0.01029666743263571,
  "nDCG@1_ci90_low": 0.7876351130851903,
  "nDCG@1_ci90_high": 0.8215293073999849,
  "nDCG@1_ci95_low": 0.784384628694769,
  "nDCG@1_ci95_high": 0.8247797917904062,
  "nDCG@3": 0.8618938443541455,
  "nDCG@3_std": 0.3020575525336123,
  "nDCG@3_stderr": 0.007841023377265716,
  "nDCG@3_ci90_low": 0.8489884469663685,
  "nDCG@3_ci90_high": 0.8747992417419225,
  "nDCG@3_ci95_low": 0.8465131680220425,
  "nDCG@3_ci95_high": 0.8772745206862486,
  "nDCG@5": 0.8760363416710718,
  "nDCG@5_std": 0.2712768318846104,
  "nDCG@5_stderr": 0.007041995681538583,
  "nDCG@5_ci90_low": 0.8644460493966268,
  "nDCG@5_ci90_high": 0.8876266339455168,
  "nDCG@5_ci95_low": 0.8622230100307341,
  "nDCG@5_ci95_high": 0.8898496733114095,
  "nDCG@10": 0.8888992509379261,
  "nDCG@10_std": 0.23754267780056312,
  "nDCG@10_stderr": 0.006166300673859992,
  "nDCG@10_ci90_low": 0.8787502491074495,
  "nDCG@10_ci90_high": 0.8990482527684027,
  "nDCG@10_ci95_low": 0.8768036518983857,
  "nDCG@10_ci95_high": 0.9009948499774665,
  "nDCG@100": 0.8948597485359512,
  "nDCG@100_std": 0.21928678259591183,
  "nDCG@100_stderr": 0.0056924012468405165,
  "nDCG@100_ci90_low": 0.8854907291303782,
  "nDCG@100_ci90_high": 0.9042287679415242,
  "nDCG@100_ci95_low": 0.8836937339843347,
  "nDCG@100_ci95_high": 0.9060257630875677,
  "RR@1": 0.8045822102425876,
  "RR@3": 0.852987421383648,
  "RR@5": 0.8602987421383654,
  "RR@10": 0.8652603966114749,
  "RR@100": 0.8664163456386443,
  "P@1": 0.8045822102425876,
  "P@3": 0.31648697214734417,
  "P@5": 0.19784366576818926,
  "P@10": 0.10316711590296229,
  "P@100": 0.010613207547169622,
  "R@1": 0.7817273135669364,
  "R@3": 0.9015610961365678,
  "R@5": 0.9350853548966755,
  "R@10": 0.972877358490566,
  "R@100": 0.9973045822102425,
  "AP": 0.8612668832259945
}