{
  "nDCG@1": 0.7749326145552561,
  "nDCG@1_std": 0.4177674772463883,
  "nDCG@1_stderr": 0.010844703361574573,
  "nDCG@1_ci90_low": 0.7570835150563989,
  "nDCG@1_ci90_high": 0.7927817140541132,
  "nDCG@1_ci95_low": 0.7536600249586397,
  "nDCG@1_ci95_high": 0.7962052041518725,
  "nDCG@3": 0.840352302984512,
  "nDCG@3_std": 0.32010697095581975,
  "nDCG@3_stderr": 0.00830956293407362,
  "nDCG@3_ci90_low": 0.82667574488447,
  "nDCG@3_ci90_high": 0.854028861084554,
  "nDCG@3_ci95_low": 0.8240525558978257,
  "nDCG@3_ci95_high": 0.8566520500711984,
  "nDCG@5": 0.8580009351934713,
  "nDCG@5_std": 0.2848967071067695,
  "nDCG@5_stderr": 0.007395550026121667,
  "nDCG@5_ci90_low": 0.8458287342706924,
  "nDCG@5_ci90_high": 0.8701731361162502,
  "nDCG@5_ci95_low": 0.8434940837562652,
  "nDCG@5_ci95_high": 0.8725077866306774,
  "nDCG@10": 0.8707078477914189,
  "nDCG@10_std": 0.2539748833185139,
  "nDCG@10_stderr": 0.006592859475404771,
  "nDCG@10_ci90_low": 0.8598567806082039,
  "nDCG@10_ci90_high": 0.8815589149746338,
  "nDCG@10_ci95_low": 0.8577755259738042,
  "nDCG@10_ci95_high": 0.8836401696090335,
  "nDCG@100": 0.87730819678111,
  "nDCG@100_std": 0.23547596434107318,
  "nDCG@100_stderr": 0.006112651465574868,
  "nDCG@100_ci90_low": 0.8672474952042032,
  "nDCG@100_ci90_high": 0.8873688983580169,
  "nDCG@100_ci95_low": 0.8653178341461057,
  "nDCG@100_ci95_high": 0.8892985594161144,
  "RR@1": 0.7749326145552561,
  "RR@3": 0.8294025157232705,
  "RR@5": 0.8384995507637023,
  "RR@10": 0.843338467462457,
  "RR@100": 0.844510562802971,
  "P@1": 0.7749326145552561,
  "P@3": 0.3110961365678295,
  "P@5": 0.19636118598382277,
  "P@10": 0.10242587601077904,
  "P@100": 0.010586253369272047,
  "R@1": 0.7524146451033245,
  "R@3": 0.8863993710691823,
  "R@5": 0.9281221922731356,
  "R@10": 0.9661388140161725,
  "R@100": 0.9946091644204852,
  "AP": 0.8392048753743759
}