nDCG@1,nDCG@1_std,nDCG@1_stderr,nDCG@1_ci90_low,nDCG@1_ci90_high,nDCG@1_ci95_low,nDCG@1_ci95_high,nDCG@3,nDCG@3_std,nDCG@3_stderr,nDCG@3_ci90_low,nDCG@3_ci90_high,nDCG@3_ci95_low,nDCG@3_ci95_high,nDCG@5,nDCG@5_std,nDCG@5_stderr,nDCG@5_ci90_low,nDCG@5_ci90_high,nDCG@5_ci95_low,nDCG@5_ci95_high,nDCG@10,nDCG@10_std,nDCG@10_stderr,nDCG@10_ci90_low,nDCG@10_ci90_high,nDCG@10_ci95_low,nDCG@10_ci95_high,nDCG@100,nDCG@100_std,nDCG@100_stderr,nDCG@100_ci90_low,nDCG@100_ci90_high,nDCG@100_ci95_low,nDCG@100_ci95_high,RR@1,RR@3,RR@5,RR@10,RR@100,P@1,P@3,P@5,P@10,P@100,R@1,R@3,R@5,R@10,R@100,AP
0.7749326145552561,0.4177674772463883,0.010844703361574573,0.7570835150563989,0.7927817140541132,0.7536600249586397,0.7962052041518725,0.840352302984512,0.32010697095581975,0.00830956293407362,0.82667574488447,0.854028861084554,0.8240525558978257,0.8566520500711984,0.8580009351934713,0.2848967071067695,0.007395550026121667,0.8458287342706924,0.8701731361162502,0.8434940837562652,0.8725077866306774,0.8707078477914189,0.2539748833185139,0.006592859475404771,0.8598567806082039,0.8815589149746338,0.8577755259738042,0.8836401696090335,0.87730819678111,0.23547596434107318,0.006112651465574868,0.8672474952042032,0.8873688983580169,0.8653178341461057,0.8892985594161144,0.7749326145552561,0.8294025157232705,0.8384995507637023,0.843338467462457,0.844510562802971,0.7749326145552561,0.3110961365678295,0.19636118598382277,0.10242587601077904,0.010586253369272047,0.7524146451033245,0.8863993710691823,0.9281221922731356,0.9661388140161725,0.9946091644204852,0.8392048753743759
