{
  "nDCG@1": 0.6967654986522911,
  "nDCG@1_std": 0.4598106227151051,
  "nDCG@1_stderr": 0.011936089038604807,
  "nDCG@1_ci90_low": 0.6771201073701139,
  "nDCG@1_ci90_high": 0.7164108899344683,
  "nDCG@1_ci95_low": 0.6733520852060016,
  "nDCG@1_ci95_high": 0.7201789120985805,
  "nDCG@3": 0.7759068327215122,
  "nDCG@3_std": 0.37039485730127164,
  "nDCG@3_stderr": 0.009614971420372244,
  "nDCG@3_ci90_low": 0.7600817265992942,
  "nDCG@3_ci90_high": 0.7917319388437302,
  "nDCG@3_ci95_low": 0.7570464421520945,
  "nDCG@3_ci95_high": 0.7947672232909299,
  "nDCG@5": 0.7962799982941494,
  "nDCG@5_std": 0.3388374164180397,
  "nDCG@5_stderr": 0.008795781071987998,
  "nDCG@5_ci90_low": 0.7818031826275857,
  "nDCG@5_ci90_high": 0.8107568139607131,
  "nDCG@5_ci95_low": 0.7790265027684848,
  "nDCG@5_ci95_high": 0.813533493819814,
  "nDCG@10": 0.8135431304544348,
  "nDCG@10_std": 0.306368925046494,
  "nDCG@10_stderr": 0.00795294103129572,
  "nDCG@10_ci90_low": 0.8004535298408196,
  "nDCG@10_ci90_high": 0.82663273106805,
  "nDCG@10_ci95_low": 0.7979429203791377,
  "nDCG@10_ci95_high": 0.8291433405297319,
  "nDCG@100": 0.8261168143067007,
  "nDCG@100_std": 0.2775941748323582,
  "nDCG@100_stderr": 0.007205985733500563,
  "nDCG@100_ci90_low": 0.8142566137962534,
  "nDCG@100_ci90_high": 0.837977014817148,
  "nDCG@100_ci95_low": 0.8119818055344946,
  "nDCG@100_ci95_high": 0.8402518230789068,
  "RR@1": 0.6974393530997305,
  "RR@3": 0.7621293800539088,
  "RR@5": 0.7728436657681951,
  "RR@10": 0.779596382578189,
  "RR@100": 0.7819383074154141,
  "P@1": 0.6967654986522911,
  "P@3": 0.29088050314464975,
  "P@5": 0.18544474393530583,
  "P@10": 0.09858490566037498,
  "P@100": 0.010498652291104934,
  "R@1": 0.6772798742138364,
  "R@3": 0.8309748427672955,
  "R@5": 0.8793800539083558,
  "R@10": 0.9304245283018868,
  "R@100": 0.9868598382749326,
  "AP": 0.7764968876072484
}