{
  "nDCG@1": 0.8153638814016172,
  "nDCG@1_std": 0.3881328851698411,
  "nDCG@1_stderr": 0.01007542768116568,
  "nDCG@1_ci90_low": 0.7987809187166375,
  "nDCG@1_ci90_high": 0.8319468440865969,
  "nDCG@1_ci95_low": 0.7956002759874525,
  "nDCG@1_ci95_high": 0.8351274868157819,
  "nDCG@3": 0.8743825022394087,
  "nDCG@3_std": 0.2850666939532808,
  "nDCG@3_stderr": 0.007399962664793149,
  "nDCG@3_ci90_low": 0.8622030386351093,
  "nDCG@3_ci90_high": 0.8865619658437082,
  "nDCG@3_ci95_low": 0.8598669951250147,
  "nDCG@3_ci95_high": 0.8888980093538027,
  "nDCG@5": 0.8878969353536477,
  "nDCG@5_std": 0.25386789779841684,
  "nDCG@5_stderr": 0.006590082269679988,
  "nDCG@5_ci90_low": 0.87705043912269,
  "nDCG@5_ci90_high": 0.8987434315846053,
  "nDCG@5_ci95_low": 0.8749700612053366,
  "nDCG@5_ci95_high": 0.9008238095019587,
  "nDCG@10": 0.8977157429232804,
  "nDCG@10_std": 0.22583496943727294,
  "nDCG@10_stderr": 0.005862383707703178,
  "nDCG@10_ci90_low": 0.8880669524851729,
  "nDCG@10_ci90_high": 0.9073645333613879,
  "nDCG@10_ci95_low": 0.8862162967407567,
  "nDCG@10_ci95_high": 0.909215189105804,
  "nDCG@100": 0.9031429179316766,
  "nDCG@100_std": 0.20846303490368892,
  "nDCG@100_stderr": 0.00541143075637446,
  "nDCG@100_ci90_low": 0.8942363427325851,
  "nDCG@100_ci90_high": 0.912049493130768,
  "nDCG@100_ci95_low": 0.8925280452355047,
  "nDCG@100_ci95_high": 0.9137577906278485,
  "RR@1": 0.8146900269541779,
  "RR@3": 0.8641060197663972,
  "RR@5": 0.8706087151841875,
  "RR@10": 0.8743780216489118,
  "RR@100": 0.8754942352894503,
  "P@1": 0.8153638814016172,
  "P@3": 0.32165318957771233,
  "P@5": 0.20067385444743435,
  "P@10": 0.10363881401616984,
  "P@100": 0.010626684636118407,
  "R@1": 0.7918351302785266,
  "R@3": 0.9159366576819407,
  "R@5": 0.9481132075471698,
  "R@10": 0.9769766397124887,
  "R@100": 0.9986522911051213,
  "AP": 0.8714634706966455
}