{
  "nDCG@1": 0.6522911051212938,
  "nDCG@1_std": 0.4764035658423021,
  "nDCG@1_stderr": 0.01236682038058479,
  "nDCG@1_ci90_low": 0.6319367809781664,
  "nDCG@1_ci90_high": 0.6726454292644213,
  "nDCG@1_ci95_low": 0.628032784188018,
  "nDCG@1_ci95_high": 0.6765494260545697,
  "nDCG@3": 0.7329271906892443,
  "nDCG@3_std": 0.39789172775149817,
  "nDCG@3_stderr": 0.010328754612328291,
  "nDCG@3_ci90_low": 0.7159272818279326,
  "nDCG@3_ci90_high": 0.7499270995505559,
  "nDCG@3_ci95_low": 0.7126666680556113,
  "nDCG@3_ci95_high": 0.7531877133228773,
  "nDCG@5": 0.7543658078001523,
  "nDCG@5_std": 0.37003307933779733,
  "nDCG@5_stderr": 0.00960558013237038,
  "nDCG@5_ci90_low": 0.738556158627597,
  "nDCG@5_ci90_high": 0.7701754569727075,
  "nDCG@5_ci95_low": 0.7355238388517588,
  "nDCG@5_ci95_high": 0.7732077767485458,
  "nDCG@10": 0.7751829872945073,
  "nDCG@10_std": 0.33597978191978783,
  "nDCG@10_stderr": 0.008721600576527681,
  "nDCG@10_ci90_low": 0.7608282639526667,
  "nDCG@10_ci90_high": 0.7895377106363479,
  "nDCG@10_ci95_low": 0.7580750016259027,
  "nDCG@10_ci95_high": 0.7922909729631119,
  "nDCG@100": 0.7906515567487528,
  "nDCG@100_std": 0.3051566058190597,
  "nDCG@100_stderr": 0.007921470792186358,
  "nDCG@100_ci90_low": 0.7776137524277966,
  "nDCG@100_ci90_high": 0.8036893610697089,
  "nDCG@100_ci95_low": 0.7751130775902692,
  "nDCG@100_ci95_high": 0.8061900359072364,
  "RR@1": 0.6522911051212938,
  "RR@3": 0.7181042228212045,
  "RR@5": 0.7290880503144666,
  "RR@10": 0.7373085397681088,
  "RR@100": 0.7403258101373849,
  "P@1": 0.6522911051212938,
  "P@3": 0.27605570530098467,
  "P@5": 0.17708894878705825,
  "P@10": 0.09548517520215412,
  "P@100": 0.010336927223719492,
  "R@1": 0.6344901168014375,
  "R@3": 0.7898135669362085,
  "R@5": 0.8402403414195866,
  "R@10": 0.9027964959568733,
  "R@100": 0.9713611859838275,
  "AP": 0.7358051178304393
}