nDCG@1,nDCG@1_std,nDCG@1_stderr,nDCG@1_ci90_low,nDCG@1_ci90_high,nDCG@1_ci95_low,nDCG@1_ci95_high,nDCG@3,nDCG@3_std,nDCG@3_stderr,nDCG@3_ci90_low,nDCG@3_ci90_high,nDCG@3_ci95_low,nDCG@3_ci95_high,nDCG@5,nDCG@5_std,nDCG@5_stderr,nDCG@5_ci90_low,nDCG@5_ci90_high,nDCG@5_ci95_low,nDCG@5_ci95_high,nDCG@10,nDCG@10_std,nDCG@10_stderr,nDCG@10_ci90_low,nDCG@10_ci90_high,nDCG@10_ci95_low,nDCG@10_ci95_high,nDCG@100,nDCG@100_std,nDCG@100_stderr,nDCG@100_ci90_low,nDCG@100_ci90_high,nDCG@100_ci95_low,nDCG@100_ci95_high,RR@1,RR@3,RR@5,RR@10,RR@100,P@1,P@3,P@5,P@10,P@100,R@1,R@3,R@5,R@10,R@100,AP
0.1610512129380054,0.3677020915414396,0.009545070704117205,0.14534115512996243,0.17676127074604836,0.1423279371609269,0.1797744887150839,0.23825914919762514,0.3816651017383881,0.00990753238882906,0.22195252231256446,0.2545657760826858,0.21882488129782124,0.25769341709742905,0.2675291066326954,0.37822881328959385,0.009818330785253775,0.2513692950402793,0.28368891822511155,0.24826981346857127,0.2867883997968196,0.30310967585084536,0.3666418060172329,0.009517547063300588,0.28744491870130146,0.31877443300038927,0.284440389481847,0.3217789622198437,0.36580989776692563,0.32764037204231666,0.00850512028244672,0.3518114753933792,0.37980832014047206,0.3491265522473597,0.38249324328649154,0.1610512129380054,0.22282120395327928,0.23896001796945152,0.25388509177255775,0.2656723445037857,0.1610512129380054,0.1017520215633423,0.07574123989218398,0.049258760107816796,0.008113207547169671,0.15521114106019765,0.2949236298292902,0.3658468104222821,0.47422506738544473,0.7720687331536388,0.26077523141858944
