nDCG@1,nDCG@1_std,nDCG@1_stderr,nDCG@1_ci90_low,nDCG@1_ci90_high,nDCG@1_ci95_low,nDCG@1_ci95_high,nDCG@3,nDCG@3_std,nDCG@3_stderr,nDCG@3_ci90_low,nDCG@3_ci90_high,nDCG@3_ci95_low,nDCG@3_ci95_high,nDCG@5,nDCG@5_std,nDCG@5_stderr,nDCG@5_ci90_low,nDCG@5_ci90_high,nDCG@5_ci95_low,nDCG@5_ci95_high,nDCG@10,nDCG@10_std,nDCG@10_stderr,nDCG@10_ci90_low,nDCG@10_ci90_high,nDCG@10_ci95_low,nDCG@10_ci95_high,nDCG@100,nDCG@100_std,nDCG@100_stderr,nDCG@100_ci90_low,nDCG@100_ci90_high,nDCG@100_ci95_low,nDCG@100_ci95_high,RR@1,RR@3,RR@5,RR@10,RR@100,P@1,P@3,P@5,P@10,P@100,R@1,R@3,R@5,R@10,R@100,AP
0.1509433962264151,0.3581143761935126,0.009296186014603277,0.1356429731901831,0.16624381926264709,0.13270832392345563,0.16917846852937454,0.22166766848488706,0.37423575685988775,0.009714676205027436,0.20567846007582102,0.2376568768939531,0.20261170050831737,0.24072363646145675,0.255416853061746,0.37124899838977277,0.009637143818268752,0.23955525379416587,0.2712784523293261,0.2365129698945965,0.2743207362288955,0.2878899986668459,0.36193773499537807,0.009395435463900745,0.2724262227719277,0.3033537745617641,0.2694602421265954,0.30631975520709637,0.3503765140401937,0.3248238068921973,0.008432005894144112,0.3364984293050409,0.3642545987753465,0.33383658713929465,0.36691644094109277,0.1509433962264151,0.20709793351302783,0.22589847259658544,0.23934694947161214,0.2511542585765506,0.1509433962264151,0.09411500449236272,0.07331536388140228,0.04716981132075493,0.00791105121293787,0.1471248876909254,0.2737533692722372,0.3556266846361186,0.45502021563342315,0.75331311769991,0.2468636559762441
