nDCG@1,nDCG@1_std,nDCG@1_stderr,nDCG@1_ci90_low,nDCG@1_ci90_high,nDCG@1_ci95_low,nDCG@1_ci95_high,nDCG@3,nDCG@3_std,nDCG@3_stderr,nDCG@3_ci90_low,nDCG@3_ci90_high,nDCG@3_ci95_low,nDCG@3_ci95_high,nDCG@5,nDCG@5_std,nDCG@5_stderr,nDCG@5_ci90_low,nDCG@5_ci90_high,nDCG@5_ci95_low,nDCG@5_ci95_high,nDCG@10,nDCG@10_std,nDCG@10_stderr,nDCG@10_ci90_low,nDCG@10_ci90_high,nDCG@10_ci95_low,nDCG@10_ci95_high,nDCG@100,nDCG@100_std,nDCG@100_stderr,nDCG@100_ci90_low,nDCG@100_ci90_high,nDCG@100_ci95_low,nDCG@100_ci95_high,RR@1,RR@3,RR@5,RR@10,RR@100,P@1,P@3,P@5,P@10,P@100,R@1,R@3,R@5,R@10,R@100,AP
0.158355795148248,0.3651973557656661,0.009480051003047064,0.1427527520804974,0.17395883821599858,0.1397600597353864,0.17695153056110957,0.24553944685387236,0.38209078690887033,0.009918582625266154,0.22921463258617192,0.2618642611215728,0.2260835031980026,0.26499539050974213,0.27449116447826327,0.37783044939515537,0.00980798977380496,0.2583483729680121,0.29063395598851444,0.2552521558793531,0.2937301730771734,0.30692851866163906,0.36705458587596257,0.009528262294536542,0.29124612550840684,0.3226109118148713,0.28823821367102287,0.32561882365225525,0.3703286543319729,0.3265938937432707,0.00847795505933677,0.35637494270375825,0.3842823659601875,0.35369859516088986,0.3869587135030559,0.158355795148248,0.2270889487870618,0.24322776280323388,0.25680673212681254,0.26876750511773934,0.158355795148248,0.10624438454627143,0.07843665768194145,0.04966307277628038,0.008207547169811178,0.15476190476190477,0.3093553459119497,0.37977313566936205,0.4780435759209344,0.7795934411500448,0.2643119149836716
