{
  "nDCG@1": 0.158355795148248,
  "nDCG@1_std": 0.3651973557656661,
  "nDCG@1_stderr": 0.009480051003047064,
  "nDCG@1_ci90_low": 0.1427527520804974,
  "nDCG@1_ci90_high": 0.17395883821599858,
  "nDCG@1_ci95_low": 0.1397600597353864,
  "nDCG@1_ci95_high": 0.17695153056110957,
  "nDCG@3": 0.24553944685387236,
  "nDCG@3_std": 0.38209078690887033,
  "nDCG@3_stderr": 0.009918582625266154,
  "nDCG@3_ci90_low": 0.22921463258617192,
  "nDCG@3_ci90_high": 0.2618642611215728,
  "nDCG@3_ci95_low": 0.2260835031980026,
  "nDCG@3_ci95_high": 0.26499539050974213,
  "nDCG@5": 0.27449116447826327,
  "nDCG@5_std": 0.37783044939515537,
  "nDCG@5_stderr": 0.00980798977380496,
  "nDCG@5_ci90_low": 0.2583483729680121,
  "nDCG@5_ci90_high": 0.29063395598851444,
  "nDCG@5_ci95_low": 0.2552521558793531,
  "nDCG@5_ci95_high": 0.2937301730771734,
  "nDCG@10": 0.30692851866163906,
  "nDCG@10_std": 0.36705458587596257,
  "nDCG@10_stderr": 0.009528262294536542,
  "nDCG@10_ci90_low": 0.29124612550840684,
  "nDCG@10_ci90_high": 0.3226109118148713,
  "nDCG@10_ci95_low": 0.28823821367102287,
  "nDCG@10_ci95_high": 0.32561882365225525,
  "nDCG@100": 0.3703286543319729,
  "nDCG@100_std": 0.3265938937432707,
  "nDCG@100_stderr": 0.00847795505933677,
  "nDCG@100_ci90_low": 0.35637494270375825,
  "nDCG@100_ci90_high": 0.3842823659601875,
  "nDCG@100_ci95_low": 0.35369859516088986,
  "nDCG@100_ci95_high": 0.3869587135030559,
  "RR@1": 0.158355795148248,
  "RR@3": 0.2270889487870618,
  "RR@5": 0.24322776280323388,
  "RR@10": 0.25680673212681254,
  "RR@100": 0.26876750511773934,
  "P@1": 0.158355795148248,
  "P@3": 0.10624438454627143,
  "P@5": 0.07843665768194145,
  "P@10": 0.04966307277628038,
  "P@100": 0.008207547169811178,
  "R@1": 0.15476190476190477,
  "R@3": 0.3093553459119497,
  "R@5": 0.37977313566936205,
  "R@10": 0.4780435759209344,
  "R@100": 0.7795934411500448,
  "AP": 0.2643119149836716
}