{
  "nDCG@1": 0.15363881401617252,
  "nDCG@1_std": 0.36072373344533837,
  "nDCG@1_stderr": 0.009363921553872492,
  "nDCG@1_ci90_low": 0.13822690629108228,
  "nDCG@1_ci90_high": 0.16905072174126276,
  "nDCG@1_ci95_low": 0.13527087405607777,
  "nDCG@1_ci95_high": 0.17200675397626727,
  "nDCG@3": 0.23699987815821114,
  "nDCG@3_std": 0.3787109717556258,
  "nDCG@3_stderr": 0.009830846995399795,
  "nDCG@3_ci90_low": 0.22081946636376124,
  "nDCG@3_ci90_high": 0.25318028995266106,
  "nDCG@3_ci95_low": 0.2177160336354316,
  "nDCG@3_ci95_high": 0.25628372268099064,
  "nDCG@5": 0.2670028009493958,
  "nDCG@5_std": 0.3747721116367817,
  "nDCG@5_stderr": 0.00972859928130498,
  "nDCG@5_ci90_low": 0.25099067680298576,
  "nDCG@5_ci90_high": 0.2830149250958059,
  "nDCG@5_ci95_low": 0.24791952195493105,
  "nDCG@5_ci95_high": 0.2860860799438606,
  "nDCG@10": 0.3010436638075365,
  "nDCG@10_std": 0.3641732881923206,
  "nDCG@10_stderr": 0.009453467533389876,
  "nDCG@10_ci90_low": 0.28548437398771864,
  "nDCG@10_ci90_high": 0.31660295362735436,
  "nDCG@10_ci95_low": 0.2825000735959974,
  "nDCG@10_ci95_high": 0.3195872540190756,
  "nDCG@100": 0.36303217537186594,
  "nDCG@100_std": 0.32487130424360455,
  "nDCG@100_stderr": 0.008433238863952742,
  "nDCG@100_ci90_low": 0.3491520613141896,
  "nDCG@100_ci90_high": 0.3769122894295423,
  "nDCG@100_ci95_low": 0.3464898299206526,
  "nDCG@100_ci95_high": 0.3795745208230793,
  "RR@1": 0.15363881401617252,
  "RR@3": 0.21866576819407,
  "RR@5": 0.23578167115902926,
  "RR@10": 0.24950156163094128,
  "RR@100": 0.26102254464264757,
  "P@1": 0.15363881401617252,
  "P@3": 0.10242587601078165,
  "P@5": 0.0766846361185991,
  "P@10": 0.0494609164420486,
  "P@100": 0.00813342318059285,
  "R@1": 0.15083108715184185,
  "R@3": 0.2987982929020665,
  "R@5": 0.3711253369272237,
  "R@10": 0.47568508535489673,
  "R@100": 0.7738656783468103,
  "AP": 0.25724955784456804
}