{
  "nDCG@1": 0.1650943396226415,
  "nDCG@1_std": 0.37139082401445983,
  "nDCG@1_stderr": 0.00964082542804589,
  "nDCG@1_ci90_low": 0.14922668086066698,
  "nDCG@1_ci90_high": 0.18096199838461602,
  "nDCG@1_ci95_low": 0.14618323473893297,
  "nDCG@1_ci95_high": 0.18400544450635004,
  "nDCG@3": 0.24656814813747213,
  "nDCG@3_std": 0.38444091253398527,
  "nDCG@3_stderr": 0.009979588846800664,
  "nDCG@3_ci90_low": 0.2301429248422572,
  "nDCG@3_ci90_high": 0.26299337143268703,
  "nDCG@3_ci95_low": 0.22699253681801812,
  "nDCG@3_ci95_high": 0.26614375945692614,
  "nDCG@5": 0.2745936115171779,
  "nDCG@5_std": 0.380739422488775,
  "nDCG@5_stderr": 0.00988350295279879,
  "nDCG@5_ci90_low": 0.2583265342426788,
  "nDCG@5_ci90_high": 0.29086068879167704,
  "nDCG@5_ci95_low": 0.25520647891594944,
  "nDCG@5_ci95_high": 0.2939807441184064,
  "nDCG@10": 0.3104851130230886,
  "nDCG@10_std": 0.36899833623369444,
  "nDCG@10_stderr": 0.009578719539742646,
  "nDCG@10_ci90_low": 0.2947196732101097,
  "nDCG@10_ci90_high": 0.3262505528360675,
  "nDCG@10_ci95_low": 0.29169583287071293,
  "nDCG@10_ci95_high": 0.3292743931754643,
  "nDCG@100": 0.3737582642920631,
  "nDCG@100_std": 0.32791949377070806,
  "nDCG@100_stderr": 0.008512365921494848,
  "nDCG@100_ci90_low": 0.3597479164533388,
  "nDCG@100_ci90_high": 0.3877686121307874,
  "nDCG@100_ci95_low": 0.35706070598117434,
  "nDCG@100_ci95_high": 0.39045582260295186,
  "RR@1": 0.1650943396226415,
  "RR@3": 0.2302336028751121,
  "RR@5": 0.24559748427672898,
  "RR@10": 0.2607434325931626,
  "RR@100": 0.2725120757647368,
  "P@1": 0.1650943396226415,
  "P@3": 0.10557053009883205,
  "P@5": 0.07749326145552633,
  "P@10": 0.050202156334231834,
  "P@100": 0.008261455525606325,
  "R@1": 0.15959119496855345,
  "R@3": 0.30682839173405213,
  "R@5": 0.37460691823899367,
  "R@10": 0.48298517520215634,
  "R@100": 0.7859950584007187,
  "AP": 0.2672739847581522
}