nDCG@1,nDCG@1_std,nDCG@1_stderr,nDCG@1_ci90_low,nDCG@1_ci90_high,nDCG@1_ci95_low,nDCG@1_ci95_high,nDCG@3,nDCG@3_std,nDCG@3_stderr,nDCG@3_ci90_low,nDCG@3_ci90_high,nDCG@3_ci95_low,nDCG@3_ci95_high,nDCG@5,nDCG@5_std,nDCG@5_stderr,nDCG@5_ci90_low,nDCG@5_ci90_high,nDCG@5_ci95_low,nDCG@5_ci95_high,nDCG@10,nDCG@10_std,nDCG@10_stderr,nDCG@10_ci90_low,nDCG@10_ci90_high,nDCG@10_ci95_low,nDCG@10_ci95_high,nDCG@100,nDCG@100_std,nDCG@100_stderr,nDCG@100_ci90_low,nDCG@100_ci90_high,nDCG@100_ci95_low,nDCG@100_ci95_high,RR@1,RR@3,RR@5,RR@10,RR@100,P@1,P@3,P@5,P@10,P@100,R@1,R@3,R@5,R@10,R@100,AP
0.16172506738544473,0.36832252993856635,0.009561176482420771,0.14598850137059682,0.17746163340029264,0.14297019907876327,0.1804799356921262,0.2407697638953663,0.3827308679764984,0.009935198301889762,0.22441760218851448,0.25712192560221814,0.22128122751124024,0.26025830027949237,0.2687123486796073,0.37931952045245343,0.009846644132461942,0.2525059366653433,0.2849187606938713,0.24939751704705443,0.2880271803121602,0.30671102278953627,0.366806474102674,0.009521821633814065,0.2910392302023353,0.32238281537673724,0.28803335157300425,0.3253886940060683,0.36879060946279707,0.3273298350808689,0.008497059144581457,0.3548054547690602,0.3827757641565339,0.35212307638841955,0.3854581425371746,0.16172506738544473,0.22495507637017054,0.24028526504941553,0.25632433791126474,0.267747943254558,0.16172506738544473,0.10287511230907459,0.07574123989218398,0.05000000000000004,0.008180592991913604,0.15622192273135668,0.298292902066487,0.36618373764600176,0.4816374663072776,0.7789195867026054,0.2629077631285112
