{
  "nDCG@1": 0.15633423180592992,
  "nDCG@1_std": 0.363294339279894,
  "nDCG@1_stderr": 0.009430651156471135,
  "nDCG@1_ci90_low": 0.1408124950448033,
  "nDCG@1_ci90_high": 0.17185596856705654,
  "nDCG@1_ci95_low": 0.13783539739877673,
  "nDCG@1_ci95_high": 0.17483306621308312,
  "nDCG@3": 0.22841257251677766,
  "nDCG@3_std": 0.3784359544281365,
  "nDCG@3_stderr": 0.00982370790129038,
  "nDCG@3_ci90_low": 0.21224391082713395,
  "nDCG@3_ci90_high": 0.24458123420642136,
  "nDCG@3_ci95_low": 0.2091427317905076,
  "nDCG@3_ci95_high": 0.2476824132430477,
  "nDCG@5": 0.2608050266893051,
  "nDCG@5_std": 0.37490770192215,
  "nDCG@5_stderr": 0.009732119029738301,
  "nDCG@5_ci90_low": 0.24478710945313475,
  "nDCG@5_ci90_high": 0.27682294392547546,
  "nDCG@5_ci95_low": 0.24171484347981398,
  "nDCG@5_ci95_high": 0.27989520989879624,
  "nDCG@10": 0.29393153182325327,
  "nDCG@10_std": 0.36512509830603646,
  "nDCG@10_stderr": 0.009478175292854137,
  "nDCG@10_ci90_low": 0.2783315759527038,
  "nDCG@10_ci90_high": 0.30953148769380273,
  "nDCG@10_ci95_low": 0.27533947573769146,
  "nDCG@10_ci95_high": 0.31252358790881507,
  "nDCG@100": 0.3557297603950536,
  "nDCG@100_std": 0.3278613620769623,
  "nDCG@100_stderr": 0.008510856897913756,
  "nDCG@100_ci90_low": 0.3417218962307229,
  "nDCG@100_ci90_high": 0.3697376245593843,
  "nDCG@100_ci95_low": 0.3390351621318731,
  "nDCG@100_ci95_high": 0.3724243586582341,
  "RR@1": 0.15633423180592992,
  "RR@3": 0.21316262353998197,
  "RR@5": 0.23142407906558804,
  "RR@10": 0.245047437213879,
  "RR@100": 0.25686977418880197,
  "P@1": 0.15633423180592992,
  "P@3": 0.09658580413297375,
  "P@5": 0.07439353099730527,
  "P@10": 0.04791105121293818,
  "P@100": 0.00793126684636105,
  "R@1": 0.15251572327044025,
  "R@3": 0.2819519317160827,
  "R@5": 0.36034366576819404,
  "R@10": 0.4616464510332434,
  "R@100": 0.7549977538185084,
  "AP": 0.25281460148730966
}