{
  "nDCG@1": 0.1509433962264151,
  "nDCG@1_std": 0.3581143761935126,
  "nDCG@1_stderr": 0.009296186014603277,
  "nDCG@1_ci90_low": 0.1356429731901831,
  "nDCG@1_ci90_high": 0.16624381926264709,
  "nDCG@1_ci95_low": 0.13270832392345563,
  "nDCG@1_ci95_high": 0.16917846852937454,
  "nDCG@3": 0.22166766848488706,
  "nDCG@3_std": 0.37423575685988775,
  "nDCG@3_stderr": 0.009714676205027436,
  "nDCG@3_ci90_low": 0.20567846007582102,
  "nDCG@3_ci90_high": 0.2376568768939531,
  "nDCG@3_ci95_low": 0.20261170050831737,
  "nDCG@3_ci95_high": 0.24072363646145675,
  "nDCG@5": 0.255416853061746,
  "nDCG@5_std": 0.37124899838977277,
  "nDCG@5_stderr": 0.009637143818268752,
  "nDCG@5_ci90_low": 0.23955525379416587,
  "nDCG@5_ci90_high": 0.2712784523293261,
  "nDCG@5_ci95_low": 0.2365129698945965,
  "nDCG@5_ci95_high": 0.2743207362288955,
  "nDCG@10": 0.2878899986668459,
  "nDCG@10_std": 0.36193773499537807,
  "nDCG@10_stderr": 0.009395435463900745,
  "nDCG@10_ci90_low": 0.2724262227719277,
  "nDCG@10_ci90_high": 0.3033537745617641,
  "nDCG@10_ci95_low": 0.2694602421265954,
  "nDCG@10_ci95_high": 0.30631975520709637,
  "nDCG@100": 0.3503765140401937,
  "nDCG@100_std": 0.3248238068921973,
  "nDCG@100_stderr": 0.008432005894144112,
  "nDCG@100_ci90_low": 0.3364984293050409,
  "nDCG@100_ci90_high": 0.3642545987753465,
  "nDCG@100_ci95_low": 0.33383658713929465,
  "nDCG@100_ci95_high": 0.36691644094109277,
  "RR@1": 0.1509433962264151,
  "RR@3": 0.20709793351302783,
  "RR@5": 0.22589847259658544,
  "RR@10": 0.23934694947161214,
  "RR@100": 0.2511542585765506,
  "P@1": 0.1509433962264151,
  "P@3": 0.09411500449236272,
  "P@5": 0.07331536388140228,
  "P@10": 0.04716981132075493,
  "P@100": 0.00791105121293787,
  "R@1": 0.1471248876909254,
  "R@3": 0.2737533692722372,
  "R@5": 0.3556266846361186,
  "R@10": 0.45502021563342315,
  "R@100": 0.75331311769991,
  "AP": 0.2468636559762441
}