nDCG@1,nDCG@1_std,nDCG@1_stderr,nDCG@1_ci90_low,nDCG@1_ci90_high,nDCG@1_ci95_low,nDCG@1_ci95_high,nDCG@3,nDCG@3_std,nDCG@3_stderr,nDCG@3_ci90_low,nDCG@3_ci90_high,nDCG@3_ci95_low,nDCG@3_ci95_high,nDCG@5,nDCG@5_std,nDCG@5_stderr,nDCG@5_ci90_low,nDCG@5_ci90_high,nDCG@5_ci95_low,nDCG@5_ci95_high,nDCG@10,nDCG@10_std,nDCG@10_stderr,nDCG@10_ci90_low,nDCG@10_ci90_high,nDCG@10_ci95_low,nDCG@10_ci95_high,nDCG@100,nDCG@100_std,nDCG@100_stderr,nDCG@100_ci90_low,nDCG@100_ci90_high,nDCG@100_ci95_low,nDCG@100_ci95_high,RR@1,RR@3,RR@5,RR@10,RR@100,P@1,P@3,P@5,P@10,P@100,R@1,R@3,R@5,R@10,R@100,AP
0.6671159029649596,0.47140430659136545,0.012237046076559586,0.6469751719822636,0.6872566339476556,0.6431121427529568,0.6911196631769624,0.738233241468604,0.3971669074930581,0.010309939215914351,0.7212643005251327,0.7552021824120754,0.7180096264563846,0.7584568564808235,0.7599475364449244,0.3680887770526908,0.0095551085598435,0.7442209575131918,0.775674115376657,0.7412045707622601,0.7786905021275887,0.7765047779582499,0.3416177723908797,0.008867955516882015,0.7619091716890081,0.7911003842274917,0.7591097075739281,0.7938998483425717,0.7963695375207582,0.30213731275442596,0.007843093849434778,0.7834607323805953,0.8092783426609211,0.7809847998230968,0.8117542752184197,0.6657681940700808,0.7259658580413304,0.7373539982030557,0.7438540195952598,0.7479101360574616,0.6671159029649596,0.2756064690026919,0.17695417789757023,0.09420485175201938,0.010390835579514639,0.6477425876010782,0.7895327942497753,0.840914195867026,0.8898247978436657,0.977369721473495,0.7418603262862977
