nDCG@1,nDCG@1_std,nDCG@1_stderr,nDCG@1_ci90_low,nDCG@1_ci90_high,nDCG@1_ci95_low,nDCG@1_ci95_high,nDCG@3,nDCG@3_std,nDCG@3_stderr,nDCG@3_ci90_low,nDCG@3_ci90_high,nDCG@3_ci95_low,nDCG@3_ci95_high,nDCG@5,nDCG@5_std,nDCG@5_stderr,nDCG@5_ci90_low,nDCG@5_ci90_high,nDCG@5_ci95_low,nDCG@5_ci95_high,nDCG@10,nDCG@10_std,nDCG@10_stderr,nDCG@10_ci90_low,nDCG@10_ci90_high,nDCG@10_ci95_low,nDCG@10_ci95_high,nDCG@100,nDCG@100_std,nDCG@100_stderr,nDCG@100_ci90_low,nDCG@100_ci90_high,nDCG@100_ci95_low,nDCG@100_ci95_high,RR@1,RR@3,RR@5,RR@10,RR@100,P@1,P@3,P@5,P@10,P@100,R@1,R@3,R@5,R@10,R@100,AP
0.6543126684636119,0.4757521630519113,0.012349910806681977,0.6339861754798082,0.6746391614474156,0.6300875167571831,0.6785378201700407,0.7271133233736319,0.4006235194382239,0.010399668391168675,0.7099966988169102,0.7442299479303536,0.7067136987596384,0.7475129479876254,0.7468978246481514,0.3754914621203124,0.009747272689436976,0.730854966279825,0.7629406830164777,0.7277779165515048,0.7660177327447979,0.7639989649101742,0.3501576127309597,0.009089638726532045,0.7490384942887832,0.7789594355315651,0.7461690485201926,0.7818288813001557,0.7851236590816661,0.30918558299762394,0.008026057828592531,0.7719137168647378,0.7983336012985945,0.7693800256623037,0.8008672925010286,0.6529649595687331,0.7140610961365685,0.7241689128481591,0.7306256150258852,0.7347616368543278,0.6543126684636119,0.273135669362081,0.17439353099730084,0.09312668463611648,0.010363881401617066,0.6347708894878706,0.7838050314465408,0.8305817610062894,0.880222371967655,0.9755166217430368,0.7283606920997412
