{
  "nDCG@1": 0.6078167115902965,
  "nDCG@1_std": 0.4884017766607902,
  "nDCG@1_stderr": 0.0126782784147376,
  "nDCG@1_ci90_low": 0.5869497643485042,
  "nDCG@1_ci90_high": 0.6286836588320888,
  "nDCG@1_ci95_low": 0.5829474455056228,
  "nDCG@1_ci95_high": 0.6326859776749701,
  "nDCG@3": 0.6828524250036365,
  "nDCG@3_std": 0.4219927393392451,
  "nDCG@3_stderr": 0.010954385700477449,
  "nDCG@3_ci90_low": 0.6648228013433457,
  "nDCG@3_ci90_high": 0.7008820486639273,
  "nDCG@3_ci95_low": 0.661364686379547,
  "nDCG@3_ci95_high": 0.704340163627726,
  "nDCG@5": 0.710404575532361,
  "nDCG@5_std": 0.39213303903189767,
  "nDCG@5_stderr": 0.010179266501555893,
  "nDCG@5_ci90_low": 0.6936507064265053,
  "nDCG@5_ci90_high": 0.7271584446382168,
  "nDCG@5_ci95_low": 0.690437283531601,
  "nDCG@5_ci95_high": 0.730371867533121,
  "nDCG@10": 0.7251151047250934,
  "nDCG@10_std": 0.37239505655809435,
  "nDCG@10_stderr": 0.009666894005986755,
  "nDCG@10_ci90_low": 0.7092045401660725,
  "nDCG@10_ci90_high": 0.7410256692841144,
  "nDCG@10_ci95_low": 0.7061528646335867,
  "nDCG@10_ci95_high": 0.7440773448166002,
  "nDCG@100": 0.7499778964365337,
  "nDCG@100_std": 0.32951932000307194,
  "nDCG@100_stderr": 0.008553895341243862,
  "nDCG@100_ci90_low": 0.7358991960831748,
  "nDCG@100_ci90_high": 0.7640565967898926,
  "nDCG@100_ci95_low": 0.7331988754730437,
  "nDCG@100_ci95_high": 0.7667569174000236,
  "RR@1": 0.6071428571428571,
  "RR@3": 0.670485175202157,
  "RR@5": 0.6847371967655,
  "RR@10": 0.6902694882984651,
  "RR@100": 0.6952315835492042,
  "P@1": 0.6078167115902965,
  "P@3": 0.25696316262353736,
  "P@5": 0.16873315363881058,
  "P@10": 0.08948787061994415,
  "P@100": 0.010181940700808443,
  "R@1": 0.5895103324348607,
  "R@3": 0.7380952380952382,
  "R@5": 0.8031221922731357,
  "R@10": 0.8466419586702605,
  "R@100": 0.959681042228212,
  "AP": 0.688478639969993
}