{
  "nDCG@1": 0.7398921832884097,
  "nDCG@1_std": 0.43884110143157945,
  "nDCG@1_stderr": 0.011391747388429053,
  "nDCG@1_ci90_low": 0.721142714001645,
  "nDCG@1_ci90_high": 0.7586416525751744,
  "nDCG@1_ci95_low": 0.7175465313233206,
  "nDCG@1_ci95_high": 0.7622378352534988,
  "nDCG@3": 0.7997440155487953,
  "nDCG@3_std": 0.3607734135022666,
  "nDCG@3_stderr": 0.009365211183893298,
  "nDCG@3_ci90_low": 0.7843299852451715,
  "nDCG@3_ci90_high": 0.815158045852419,
  "nDCG@3_ci95_low": 0.7813735458957021,
  "nDCG@3_ci95_high": 0.8181144852018885,
  "nDCG@5": 0.8213105279370825,
  "nDCG@5_std": 0.32463492501346175,
  "nDCG@5_stderr": 0.008427102764875254,
  "nDCG@5_ci90_low": 0.8074405131729798,
  "nDCG@5_ci90_high": 0.8351805427011851,
  "nDCG@5_ci95_low": 0.8047802188425169,
  "nDCG@5_ci95_high": 0.837840837031648,
  "nDCG@10": 0.8359653611797647,
  "nDCG@10_std": 0.2951170860333912,
  "nDCG@10_stderr": 0.007660857843840401,
  "nDCG@10_ci90_low": 0.8233564949579547,
  "nDCG@10_ci90_high": 0.8485742274015747,
  "nDCG@10_ci95_low": 0.8209380912364055,
  "nDCG@10_ci95_high": 0.850992631123124,
  "nDCG@100": 0.8477612409820035,
  "nDCG@100_std": 0.2660830146150107,
  "nDCG@100_stderr": 0.0069071709029936215,
  "nDCG@100_ci90_low": 0.8363928543519017,
  "nDCG@100_ci90_high": 0.8591296276121052,
  "nDCG@100_ci95_low": 0.8342123768965464,
  "nDCG@100_ci95_high": 0.8613101050674605,
  "RR@1": 0.7405660377358491,
  "RR@3": 0.7906558849955074,
  "RR@5": 0.8018418688230013,
  "RR@10": 0.8076503871989049,
  "RR@100": 0.8101177607509553,
  "P@1": 0.7398921832884097,
  "P@3": 0.2951482479784322,
  "P@5": 0.18854447439352665,
  "P@10": 0.09925876010781429,
  "P@100": 0.010505390835579326,
  "R@1": 0.7186657681940701,
  "R@3": 0.8431603773584906,
  "R@5": 0.8943171608265947,
  "R@10": 0.9372192273135669,
  "R@100": 0.9879829290206648,
  "AP": 0.8038538970824877
}