{
  "nDCG@1": 0.6859838274932615,
  "nDCG@1_std": 0.46427930040816834,
  "nDCG@1_stderr": 0.012052090131651058,
  "nDCG@1_ci90_low": 0.6661475121274347,
  "nDCG@1_ci90_high": 0.7058201428590882,
  "nDCG@1_ci95_low": 0.6623428703730827,
  "nDCG@1_ci95_high": 0.7096247846134403,
  "nDCG@3": 0.7673021390307009,
  "nDCG@3_std": 0.3772918235457823,
  "nDCG@3_stderr": 0.009794007743423304,
  "nDCG@3_ci90_low": 0.7511823602892787,
  "nDCG@3_ci90_high": 0.7834219177721231,
  "nDCG@3_ci95_low": 0.7480905570919879,
  "nDCG@3_ci95_high": 0.7865137209694139,
  "nDCG@5": 0.7874340636388455,
  "nDCG@5_std": 0.3473821387971195,
  "nDCG@5_stderr": 0.009017591013055949,
  "nDCG@5_ci90_low": 0.7725921750352032,
  "nDCG@5_ci90_high": 0.8022759522424878,
  "nDCG@5_ci95_low": 0.7697454735156185,
  "nDCG@5_ci95_high": 0.8051226537620725,
  "nDCG@10": 0.8026774294320214,
  "nDCG@10_std": 0.3194998209040591,
  "nDCG@10_stderr": 0.00829380210402838,
  "nDCG@10_ci90_low": 0.7890268117947364,
  "nDCG@10_ci90_high": 0.8163280470693063,
  "nDCG@10_ci95_low": 0.7864085982365379,
  "nDCG@10_ci95_high": 0.8189462606275049,
  "nDCG@100": 0.8179466728467751,
  "nDCG@100_std": 0.2856985673789958,
  "nDCG@100_stderr": 0.0074163652816486,
  "nDCG@100_ci90_low": 0.8057402124745113,
  "nDCG@100_ci90_high": 0.8301531332190389,
  "nDCG@100_ci95_low": 0.8033989909346902,
  "nDCG@100_ci95_high": 0.83249435475886,
  "RR@1": 0.6846361185983828,
  "RR@3": 0.751347708894879,
  "RR@5": 0.7619272237196771,
  "RR@10": 0.7682242865699741,
  "RR@100": 0.7714020437786495,
  "P@1": 0.6859838274932615,
  "P@3": 0.2879604672057462,
  "P@5": 0.1836927223719636,
  "P@10": 0.09676549865228883,
  "P@100": 0.010417789757412213,
  "R@1": 0.6673966756513926,
  "R@3": 0.8226078167115903,
  "R@5": 0.8700584007187779,
  "R@10": 0.9152628032345014,
  "R@100": 0.9809074573225516,
  "AP": 0.7680984755420887
}