nDCG@1,nDCG@1_std,nDCG@1_stderr,nDCG@1_ci90_low,nDCG@1_ci90_high,nDCG@1_ci95_low,nDCG@1_ci95_high,nDCG@3,nDCG@3_std,nDCG@3_stderr,nDCG@3_ci90_low,nDCG@3_ci90_high,nDCG@3_ci95_low,nDCG@3_ci95_high,nDCG@5,nDCG@5_std,nDCG@5_stderr,nDCG@5_ci90_low,nDCG@5_ci90_high,nDCG@5_ci95_low,nDCG@5_ci95_high,nDCG@10,nDCG@10_std,nDCG@10_stderr,nDCG@10_ci90_low,nDCG@10_ci90_high,nDCG@10_ci95_low,nDCG@10_ci95_high,nDCG@100,nDCG@100_std,nDCG@100_stderr,nDCG@100_ci90_low,nDCG@100_ci90_high,nDCG@100_ci95_low,nDCG@100_ci95_high,RR@1,RR@3,RR@5,RR@10,RR@100,P@1,P@3,P@5,P@10,P@100,R@1,R@3,R@5,R@10,R@100,AP
0.6650943396226415,0.4721165715967826,0.012255535554844234,0.644923177144811,0.6852655021004721,0.6410543110987919,0.6891343681464912,0.7344173764865327,0.4005429653942584,0.010397577312377336,0.7173041935982608,0.7515305593748046,0.7140218536593248,0.7548128993137406,0.7559547693669232,0.372383166587949,0.009666585357740478,0.7400447128064223,0.7718648259274241,0.7369931347089866,0.7749164040248597,0.7744530905904996,0.34288376609683985,0.0089008190760304,0.7598033947885551,0.7891027863924441,0.7569935562016643,0.7919126249793349,0.7938099878327968,0.30488646897135335,0.007914458389019613,0.7807837250983346,0.8068362505672589,0.7782852639583148,0.8093347117072788,0.6650943396226415,0.7231581311769998,0.7343778077268653,0.7418081226201175,0.7455295493669942,0.6650943396226415,0.27358490566037397,0.1757412398921795,0.09413746630727546,0.010384097035040245,0.6457210242587601,0.7844788858939802,0.8351864330637915,0.8899932614555256,0.9759097035040432,0.7391788144752801
