nDCG@1,nDCG@1_std,nDCG@1_stderr,nDCG@1_ci90_low,nDCG@1_ci90_high,nDCG@1_ci95_low,nDCG@1_ci95_high,nDCG@3,nDCG@3_std,nDCG@3_stderr,nDCG@3_ci90_low,nDCG@3_ci90_high,nDCG@3_ci95_low,nDCG@3_ci95_high,nDCG@5,nDCG@5_std,nDCG@5_stderr,nDCG@5_ci90_low,nDCG@5_ci90_high,nDCG@5_ci95_low,nDCG@5_ci95_high,nDCG@10,nDCG@10_std,nDCG@10_stderr,nDCG@10_ci90_low,nDCG@10_ci90_high,nDCG@10_ci95_low,nDCG@10_ci95_high,nDCG@100,nDCG@100_std,nDCG@100_stderr,nDCG@100_ci90_low,nDCG@100_ci90_high,nDCG@100_ci95_low,nDCG@100_ci95_high,RR@1,RR@3,RR@5,RR@10,RR@100,P@1,P@3,P@5,P@10,P@100,R@1,R@3,R@5,R@10,R@100,AP
0.6293800539083558,0.48313361658005194,0.012541523792971769,0.6087381886046713,0.6500219192120403,0.6047790408913108,0.6539810669254008,0.7020149765119768,0.4138446323338779,0.010742871381521836,0.6843334804120809,0.7196964726118726,0.6809421369543655,0.723087816069588,0.7280274679821542,0.3838487622130801,0.009964217390367519,0.7116275442867688,0.7444273916775397,0.708482008772288,0.7475729271920205,0.7418729270503551,0.3644013298249231,0.009459387199219212,0.7263038941604998,0.7574419599402105,0.7233177250300336,0.7604281290706767,0.7657688032731422,0.32122346070374586,0.008338545563842469,0.7520445431912908,0.7794930633549937,0.7494122048768398,0.7821254016694447,0.6300539083557951,0.6910377358490574,0.7041105121293815,0.7090876759508846,0.7137268956014797,0.6293800539083558,0.26325247079963765,0.17183288409703143,0.09083557951482278,0.010283018867924345,0.6108490566037735,0.7566262353998204,0.8182839173405212,0.8598944294699012,0.9686096136567833,0.7061882793622404
