nDCG@1,nDCG@1_std,nDCG@1_stderr,nDCG@1_ci90_low,nDCG@1_ci90_high,nDCG@1_ci95_low,nDCG@1_ci95_high,nDCG@3,nDCG@3_std,nDCG@3_stderr,nDCG@3_ci90_low,nDCG@3_ci90_high,nDCG@3_ci95_low,nDCG@3_ci95_high,nDCG@5,nDCG@5_std,nDCG@5_stderr,nDCG@5_ci90_low,nDCG@5_ci90_high,nDCG@5_ci95_low,nDCG@5_ci95_high,nDCG@10,nDCG@10_std,nDCG@10_stderr,nDCG@10_ci90_low,nDCG@10_ci90_high,nDCG@10_ci95_low,nDCG@10_ci95_high,nDCG@100,nDCG@100_std,nDCG@100_stderr,nDCG@100_ci90_low,nDCG@100_ci90_high,nDCG@100_ci95_low,nDCG@100_ci95_high,RR@1,RR@3,RR@5,RR@10,RR@100,P@1,P@3,P@5,P@10,P@100,R@1,R@3,R@5,R@10,R@100,AP
0.6078167115902965,0.4884017766607902,0.0126782784147376,0.5869497643485042,0.6286836588320888,0.5829474455056228,0.6326859776749701,0.6828524250036365,0.4219927393392451,0.010954385700477449,0.6648228013433457,0.7008820486639273,0.661364686379547,0.704340163627726,0.710404575532361,0.39213303903189767,0.010179266501555893,0.6936507064265053,0.7271584446382168,0.690437283531601,0.730371867533121,0.7251151047250934,0.37239505655809435,0.009666894005986755,0.7092045401660725,0.7410256692841144,0.7061528646335867,0.7440773448166002,0.7499778964365337,0.32951932000307194,0.008553895341243862,0.7358991960831748,0.7640565967898926,0.7331988754730437,0.7667569174000236,0.6071428571428571,0.670485175202157,0.6847371967655,0.6902694882984651,0.6952315835492042,0.6078167115902965,0.25696316262353736,0.16873315363881058,0.08948787061994415,0.010181940700808443,0.5895103324348607,0.7380952380952382,0.8031221922731357,0.8466419586702605,0.959681042228212,0.688478639969993
