{
  "nDCG@1": 0.6650943396226415,
  "nDCG@1_std": 0.4721165715967826,
  "nDCG@1_stderr": 0.012255535554844234,
  "nDCG@1_ci90_low": 0.644923177144811,
  "nDCG@1_ci90_high": 0.6852655021004721,
  "nDCG@1_ci95_low": 0.6410543110987919,
  "nDCG@1_ci95_high": 0.6891343681464912,
  "nDCG@3": 0.7344173764865327,
  "nDCG@3_std": 0.4005429653942584,
  "nDCG@3_stderr": 0.010397577312377336,
  "nDCG@3_ci90_low": 0.7173041935982608,
  "nDCG@3_ci90_high": 0.7515305593748046,
  "nDCG@3_ci95_low": 0.7140218536593248,
  "nDCG@3_ci95_high": 0.7548128993137406,
  "nDCG@5": 0.7559547693669232,
  "nDCG@5_std": 0.372383166587949,
  "nDCG@5_stderr": 0.009666585357740478,
  "nDCG@5_ci90_low": 0.7400447128064223,
  "nDCG@5_ci90_high": 0.7718648259274241,
  "nDCG@5_ci95_low": 0.7369931347089866,
  "nDCG@5_ci95_high": 0.7749164040248597,
  "nDCG@10": 0.7744530905904996,
  "nDCG@10_std": 0.34288376609683985,
  "nDCG@10_stderr": 0.0089008190760304,
  "nDCG@10_ci90_low": 0.7598033947885551,
  "nDCG@10_ci90_high": 0.7891027863924441,
  "nDCG@10_ci95_low": 0.7569935562016643,
  "nDCG@10_ci95_high": 0.7919126249793349,
  "nDCG@100": 0.7938099878327968,
  "nDCG@100_std": 0.30488646897135335,
  "nDCG@100_stderr": 0.007914458389019613,
  "nDCG@100_ci90_low": 0.7807837250983346,
  "nDCG@100_ci90_high": 0.8068362505672589,
  "nDCG@100_ci95_low": 0.7782852639583148,
  "nDCG@100_ci95_high": 0.8093347117072788,
  "RR@1": 0.6650943396226415,
  "RR@3": 0.7231581311769998,
  "RR@5": 0.7343778077268653,
  "RR@10": 0.7418081226201175,
  "RR@100": 0.7455295493669942,
  "P@1": 0.6650943396226415,
  "P@3": 0.27358490566037397,
  "P@5": 0.1757412398921795,
  "P@10": 0.09413746630727546,
  "P@100": 0.010384097035040245,
  "R@1": 0.6457210242587601,
  "R@3": 0.7844788858939802,
  "R@5": 0.8351864330637915,
  "R@10": 0.8899932614555256,
  "R@100": 0.9759097035040432,
  "AP": 0.7391788144752801
}