nDCG@1,nDCG@1_std,nDCG@1_stderr,nDCG@1_ci90_low,nDCG@1_ci90_high,nDCG@1_ci95_low,nDCG@1_ci95_high,nDCG@3,nDCG@3_std,nDCG@3_stderr,nDCG@3_ci90_low,nDCG@3_ci90_high,nDCG@3_ci95_low,nDCG@3_ci95_high,nDCG@5,nDCG@5_std,nDCG@5_stderr,nDCG@5_ci90_low,nDCG@5_ci90_high,nDCG@5_ci95_low,nDCG@5_ci95_high,nDCG@10,nDCG@10_std,nDCG@10_stderr,nDCG@10_ci90_low,nDCG@10_ci90_high,nDCG@10_ci95_low,nDCG@10_ci95_high,nDCG@100,nDCG@100_std,nDCG@100_stderr,nDCG@100_ci90_low,nDCG@100_ci90_high,nDCG@100_ci95_low,nDCG@100_ci95_high,RR@1,RR@3,RR@5,RR@10,RR@100,P@1,P@3,P@5,P@10,P@100,R@1,R@3,R@5,R@10,R@100,AP
0.7398921832884097,0.43884110143157945,0.011391747388429053,0.721142714001645,0.7586416525751744,0.7175465313233206,0.7622378352534988,0.7997440155487953,0.3607734135022666,0.009365211183893298,0.7843299852451715,0.815158045852419,0.7813735458957021,0.8181144852018885,0.8213105279370825,0.32463492501346175,0.008427102764875254,0.8074405131729798,0.8351805427011851,0.8047802188425169,0.837840837031648,0.8359653611797647,0.2951170860333912,0.007660857843840401,0.8233564949579547,0.8485742274015747,0.8209380912364055,0.850992631123124,0.8477612409820035,0.2660830146150107,0.0069071709029936215,0.8363928543519017,0.8591296276121052,0.8342123768965464,0.8613101050674605,0.7405660377358491,0.7906558849955074,0.8018418688230013,0.8076503871989049,0.8101177607509553,0.7398921832884097,0.2951482479784322,0.18854447439352665,0.09925876010781429,0.010505390835579326,0.7186657681940701,0.8431603773584906,0.8943171608265947,0.9372192273135669,0.9879829290206648,0.8038538970824877
