nDCG@1,nDCG@1_std,nDCG@1_stderr,nDCG@1_ci90_low,nDCG@1_ci90_high,nDCG@1_ci95_low,nDCG@1_ci95_high,nDCG@3,nDCG@3_std,nDCG@3_stderr,nDCG@3_ci90_low,nDCG@3_ci90_high,nDCG@3_ci95_low,nDCG@3_ci95_high,nDCG@5,nDCG@5_std,nDCG@5_stderr,nDCG@5_ci90_low,nDCG@5_ci90_high,nDCG@5_ci95_low,nDCG@5_ci95_high,nDCG@10,nDCG@10_std,nDCG@10_stderr,nDCG@10_ci90_low,nDCG@10_ci90_high,nDCG@10_ci95_low,nDCG@10_ci95_high,nDCG@100,nDCG@100_std,nDCG@100_stderr,nDCG@100_ci90_low,nDCG@100_ci90_high,nDCG@100_ci95_low,nDCG@100_ci95_high,RR@1,RR@3,RR@5,RR@10,RR@100,P@1,P@3,P@5,P@10,P@100,R@1,R@3,R@5,R@10,R@100,AP
0.6684636118598383,0.4709240403828907,0.012224578986972273,0.6483434002325443,0.6885838234871322,0.6444843066533265,0.6924429170663501,0.7526065933202183,0.38473681786705993,0.009987270166518163,0.7361687274809569,0.7690444591594797,0.7330159145935276,0.772197272046909,0.7717184808124151,0.3581029260489853,0.009295888783661164,0.7564185469831705,0.7870184146416598,0.7534839915472425,0.7899529700775877,0.7893368602535266,0.3277804969112922,0.008508757742805375,0.7753324510503086,0.8033412694567446,0.7726463796193518,0.8060273408877013,0.8053005039175727,0.2936865878465466,0.007623723961141221,0.7927527556761239,0.8178482521590215,0.7903460744955677,0.8202549333395777,0.6684636118598383,0.7360736747529204,0.7457771787960473,0.7533318358790057,0.7565441937007789,0.6684636118598383,0.2839173405211102,0.18045822102425482,0.09615902964959346,0.010390835579514639,0.6495395327942497,0.8108153638814016,0.8558513027852651,0.9084119496855345,0.9785489667565138,0.7527225988601854
