nDCG@1,nDCG@1_std,nDCG@1_stderr,nDCG@1_ci90_low,nDCG@1_ci90_high,nDCG@1_ci95_low,nDCG@1_ci95_high,nDCG@3,nDCG@3_std,nDCG@3_stderr,nDCG@3_ci90_low,nDCG@3_ci90_high,nDCG@3_ci95_low,nDCG@3_ci95_high,nDCG@5,nDCG@5_std,nDCG@5_stderr,nDCG@5_ci90_low,nDCG@5_ci90_high,nDCG@5_ci95_low,nDCG@5_ci95_high,nDCG@10,nDCG@10_std,nDCG@10_stderr,nDCG@10_ci90_low,nDCG@10_ci90_high,nDCG@10_ci95_low,nDCG@10_ci95_high,nDCG@100,nDCG@100_std,nDCG@100_stderr,nDCG@100_ci90_low,nDCG@100_ci90_high,nDCG@100_ci95_low,nDCG@100_ci95_high,RR@1,RR@3,RR@5,RR@10,RR@100,P@1,P@3,P@5,P@10,P@100,R@1,R@3,R@5,R@10,R@100,AP
0.6664420485175202,0.47164281118876045,0.012243237347421953,0.6462911274350159,0.6865929696000245,0.6424261437258323,0.6904579533092081,0.741112902518989,0.39267345232787554,0.010193294931739497,0.7243359442757163,0.7578898607622616,0.7211180928418084,0.7611077121961696,0.7608158057828539,0.3661250826402833,0.009504133592774005,0.7451731256198417,0.7764584859458661,0.7421728308069906,0.7794587807587172,0.7782115214610309,0.3384995800122846,0.008787011275858094,0.7637491398419916,0.7926739030800702,0.7609752284597413,0.7954478144623205,0.7973922535879554,0.29990235678171595,0.0077850772831142626,0.7845789368563096,0.8102055703196012,0.782121319151111,0.8126631880247998,0.6644204851752021,0.7277628032345022,0.7375000000000009,0.7443305309545203,0.7481979485823941,0.6664420485175202,0.27807726864330273,0.17722371967654596,0.0946765498652269,0.01041105121293782,0.6474056603773585,0.7964398023360286,0.8432726864330636,0.8942048517520216,0.9793912848158131,0.7424391192788511
