{
  "nDCG@1": 0.6671159029649596,
  "nDCG@1_std": 0.47140430659136545,
  "nDCG@1_stderr": 0.012237046076559586,
  "nDCG@1_ci90_low": 0.6469751719822636,
  "nDCG@1_ci90_high": 0.6872566339476556,
  "nDCG@1_ci95_low": 0.6431121427529568,
  "nDCG@1_ci95_high": 0.6911196631769624,
  "nDCG@3": 0.738233241468604,
  "nDCG@3_std": 0.3971669074930581,
  "nDCG@3_stderr": 0.010309939215914351,
  "nDCG@3_ci90_low": 0.7212643005251327,
  "nDCG@3_ci90_high": 0.7552021824120754,
  "nDCG@3_ci95_low": 0.7180096264563846,
  "nDCG@3_ci95_high": 0.7584568564808235,
  "nDCG@5": 0.7599475364449244,
  "nDCG@5_std": 0.3680887770526908,
  "nDCG@5_stderr": 0.0095551085598435,
  "nDCG@5_ci90_low": 0.7442209575131918,
  "nDCG@5_ci90_high": 0.775674115376657,
  "nDCG@5_ci95_low": 0.7412045707622601,
  "nDCG@5_ci95_high": 0.7786905021275887,
  "nDCG@10": 0.7765047779582499,
  "nDCG@10_std": 0.3416177723908797,
  "nDCG@10_stderr": 0.008867955516882015,
  "nDCG@10_ci90_low": 0.7619091716890081,
  "nDCG@10_ci90_high": 0.7911003842274917,
  "nDCG@10_ci95_low": 0.7591097075739281,
  "nDCG@10_ci95_high": 0.7938998483425717,
  "nDCG@100": 0.7963695375207582,
  "nDCG@100_std": 0.30213731275442596,
  "nDCG@100_stderr": 0.007843093849434778,
  "nDCG@100_ci90_low": 0.7834607323805953,
  "nDCG@100_ci90_high": 0.8092783426609211,
  "nDCG@100_ci95_low": 0.7809847998230968,
  "nDCG@100_ci95_high": 0.8117542752184197,
  "RR@1": 0.6657681940700808,
  "RR@3": 0.7259658580413304,
  "RR@5": 0.7373539982030557,
  "RR@10": 0.7438540195952598,
  "RR@100": 0.7479101360574616,
  "P@1": 0.6671159029649596,
  "P@3": 0.2756064690026919,
  "P@5": 0.17695417789757023,
  "P@10": 0.09420485175201938,
  "P@100": 0.010390835579514639,
  "R@1": 0.6477425876010782,
  "R@3": 0.7895327942497753,
  "R@5": 0.840914195867026,
  "R@10": 0.8898247978436657,
  "R@100": 0.977369721473495,
  "AP": 0.7418603262862977
}