{
  "nDCG@1": 0.6293800539083558,
  "nDCG@1_std": 0.48313361658005194,
  "nDCG@1_stderr": 0.012541523792971769,
  "nDCG@1_ci90_low": 0.6087381886046713,
  "nDCG@1_ci90_high": 0.6500219192120403,
  "nDCG@1_ci95_low": 0.6047790408913108,
  "nDCG@1_ci95_high": 0.6539810669254008,
  "nDCG@3": 0.7020149765119768,
  "nDCG@3_std": 0.4138446323338779,
  "nDCG@3_stderr": 0.010742871381521836,
  "nDCG@3_ci90_low": 0.6843334804120809,
  "nDCG@3_ci90_high": 0.7196964726118726,
  "nDCG@3_ci95_low": 0.6809421369543655,
  "nDCG@3_ci95_high": 0.723087816069588,
  "nDCG@5": 0.7280274679821542,
  "nDCG@5_std": 0.3838487622130801,
  "nDCG@5_stderr": 0.009964217390367519,
  "nDCG@5_ci90_low": 0.7116275442867688,
  "nDCG@5_ci90_high": 0.7444273916775397,
  "nDCG@5_ci95_low": 0.708482008772288,
  "nDCG@5_ci95_high": 0.7475729271920205,
  "nDCG@10": 0.7418729270503551,
  "nDCG@10_std": 0.3644013298249231,
  "nDCG@10_stderr": 0.009459387199219212,
  "nDCG@10_ci90_low": 0.7263038941604998,
  "nDCG@10_ci90_high": 0.7574419599402105,
  "nDCG@10_ci95_low": 0.7233177250300336,
  "nDCG@10_ci95_high": 0.7604281290706767,
  "nDCG@100": 0.7657688032731422,
  "nDCG@100_std": 0.32122346070374586,
  "nDCG@100_stderr": 0.008338545563842469,
  "nDCG@100_ci90_low": 0.7520445431912908,
  "nDCG@100_ci90_high": 0.7794930633549937,
  "nDCG@100_ci95_low": 0.7494122048768398,
  "nDCG@100_ci95_high": 0.7821254016694447,
  "RR@1": 0.6300539083557951,
  "RR@3": 0.6910377358490574,
  "RR@5": 0.7041105121293815,
  "RR@10": 0.7090876759508846,
  "RR@100": 0.7137268956014797,
  "P@1": 0.6293800539083558,
  "P@3": 0.26325247079963765,
  "P@5": 0.17183288409703143,
  "P@10": 0.09083557951482278,
  "P@100": 0.010283018867924345,
  "R@1": 0.6108490566037735,
  "R@3": 0.7566262353998204,
  "R@5": 0.8182839173405212,
  "R@10": 0.8598944294699012,
  "R@100": 0.9686096136567833,
  "AP": 0.7061882793622404
}