{
  "nDCG@1": 0.7311320754716981,
  "nDCG@1_std": 0.44352059472534183,
  "nDCG@1_stderr": 0.011513220981796881,
  "nDCG@1_ci90_low": 0.7121826750128012,
  "nDCG@1_ci90_high": 0.750081475930595,
  "nDCG@1_ci95_low": 0.7085481451681073,
  "nDCG@1_ci95_high": 0.753716005775289,
  "nDCG@3": 0.7900773447078098,
  "nDCG@3_std": 0.3684933734592532,
  "nDCG@3_stderr": 0.009565611359245812,
  "nDCG@3_ci90_low": 0.7743334794100699,
  "nDCG@3_ci90_high": 0.8058212100055496,
  "nDCG@3_ci95_low": 0.7713137771023587,
  "nDCG@3_ci95_high": 0.8088409123132608,
  "nDCG@5": 0.8131114698306837,
  "nDCG@5_std": 0.33152334166764386,
  "nDCG@5_stderr": 0.008605917151619574,
  "nDCG@5_ci90_low": 0.7989471477282969,
  "nDCG@5_ci90_high": 0.8272757919330705,
  "nDCG@5_ci95_low": 0.796230404709295,
  "nDCG@5_ci95_high": 0.8299925349520725,
  "nDCG@10": 0.829253615975812,
  "nDCG@10_std": 0.29965160394854234,
  "nDCG@10_stderr": 0.007778568063893164,
  "nDCG@10_ci90_low": 0.8164510126493801,
  "nDCG@10_ci90_high": 0.842056219302244,
  "nDCG@10_ci95_low": 0.8139954497949973,
  "nDCG@10_ci95_high": 0.8445117821566268,
  "nDCG@100": 0.8407691871814325,
  "nDCG@100_std": 0.2721276607192127,
  "nDCG@100_stderr": 0.007064082097608004,
  "nDCG@100_ci90_low": 0.8291425432775467,
  "nDCG@100_ci90_high": 0.8523958310853182,
  "nDCG@100_ci95_low": 0.826912531602298,
  "nDCG@100_ci95_high": 0.8546258427605669,
  "RR@1": 0.7311320754716981,
  "RR@3": 0.7815588499550765,
  "RR@5": 0.7933849955076379,
  "RR@10": 0.799549426688915,
  "RR@100": 0.8018917476927548,
  "P@1": 0.7311320754716981,
  "P@3": 0.2913297394429427,
  "P@5": 0.18733153638813582,
  "P@10": 0.09912398921832642,
  "P@100": 0.010485175202156147,
  "R@1": 0.7097371967654986,
  "R@3": 0.8331648697214734,
  "R@5": 0.8881401617250674,
  "R@10": 0.9362084456424079,
  "R@100": 0.9859613656783467,
  "AP": 0.7953977841970911
}