{
  "nDCG@1": 0.6623989218328841,
  "nDCG@1_std": 0.4730511426607842,
  "nDCG@1_stderr": 0.0122797958108752,
  "nDCG@1_ci90_low": 0.642187829842062,
  "nDCG@1_ci90_high": 0.6826100138237061,
  "nDCG@1_ci95_low": 0.6383113052420446,
  "nDCG@1_ci95_high": 0.6864865384237235,
  "nDCG@3": 0.7367838574915497,
  "nDCG@3_std": 0.3958701752882582,
  "nDCG@3_stderr": 0.010276277725093796,
  "nDCG@3_ci90_low": 0.7198703193819691,
  "nDCG@3_ci90_high": 0.7536973956011304,
  "nDCG@3_ci95_low": 0.7166262716786141,
  "nDCG@3_ci95_high": 0.7569414433044853,
  "nDCG@5": 0.757196497023568,
  "nDCG@5_std": 0.368851300080831,
  "nDCG@5_stderr": 0.009574902671393435,
  "nDCG@5_ci90_low": 0.7414373393246007,
  "nDCG@5_ci90_high": 0.7729556547225352,
  "nDCG@5_ci95_low": 0.7384147039062203,
  "nDCG@5_ci95_high": 0.7759782901409156,
  "nDCG@10": 0.774469272732875,
  "nDCG@10_std": 0.3413539568385041,
  "nDCG@10_stderr": 0.008861107206365982,
  "nDCG@10_ci90_low": 0.7598849379730257,
  "nDCG@10_ci90_high": 0.7890536074927244,
  "nDCG@10_ci95_low": 0.7570876357541689,
  "nDCG@10_ci95_high": 0.7918509097115811,
  "nDCG@100": 0.792612074106582,
  "nDCG@100_std": 0.30524079846219593,
  "nDCG@100_stderr": 0.007923656324305941,
  "nDCG@100_ci90_low": 0.7795706726581655,
  "nDCG@100_ci90_high": 0.8056534755549984,
  "nDCG@100_ci95_low": 0.7770693078849782,
  "nDCG@100_ci95_high": 0.8081548403281857,
  "RR@1": 0.6617250673854448,
  "RR@3": 0.7232704402515727,
  "RR@5": 0.733951033243487,
  "RR@10": 0.740616309416849,
  "RR@100": 0.7441299310225349,
  "P@1": 0.6623989218328841,
  "P@3": 0.27785265049415625,
  "P@5": 0.1776280323450097,
  "P@10": 0.09460916442048302,
  "P@100": 0.010363881401617066,
  "R@1": 0.6418463611859838,
  "R@3": 0.7920035938903863,
  "R@5": 0.8410265049415993,
  "R@10": 0.8930256064690026,
  "R@100": 0.9751796945193171,
  "AP": 0.737860414879609
}