nDCG@1,nDCG@1_std,nDCG@1_stderr,nDCG@1_ci90_low,nDCG@1_ci90_high,nDCG@1_ci95_low,nDCG@1_ci95_high,nDCG@3,nDCG@3_std,nDCG@3_stderr,nDCG@3_ci90_low,nDCG@3_ci90_high,nDCG@3_ci95_low,nDCG@3_ci95_high,nDCG@5,nDCG@5_std,nDCG@5_stderr,nDCG@5_ci90_low,nDCG@5_ci90_high,nDCG@5_ci95_low,nDCG@5_ci95_high,nDCG@10,nDCG@10_std,nDCG@10_stderr,nDCG@10_ci90_low,nDCG@10_ci90_high,nDCG@10_ci95_low,nDCG@10_ci95_high,nDCG@100,nDCG@100_std,nDCG@100_stderr,nDCG@100_ci90_low,nDCG@100_ci90_high,nDCG@100_ci95_low,nDCG@100_ci95_high,RR@1,RR@3,RR@5,RR@10,RR@100,P@1,P@3,P@5,P@10,P@100,R@1,R@3,R@5,R@10,R@100,AP
0.5646900269541779,0.4959646719008333,0.012874601393188505,0.5434999553022981,0.5858800986060577,0.5394356606035284,0.5899443933048274,0.6330966748161809,0.44431449861290817,0.011533829699868967,0.6141133548440296,0.6520799947883322,0.6104723191743358,0.6557210304580261,0.6567879618522087,0.42218162226917827,0.010959288857034039,0.6387502681759554,0.674825655528462,0.635290605368259,0.6782853183361583,0.675613772412877,0.400302263518454,0.010391329003009458,0.6585108735030496,0.6927166713227044,0.6552305060500854,0.6959970387756687,0.7029863094068992,0.36010457245282634,0.009347848935340507,0.6876008553115506,0.7183717635022479,0.684649896931363,0.7213227218824354,0.5653638814016172,0.6229784366576826,0.6352088948787075,0.6426942946990125,0.6477104384012452,0.5646900269541779,0.2392183288409687,0.15619946091643927,0.08436657681940533,0.0098180592991912,0.5461590296495957,0.6827830188679245,0.7393306379155434,0.7964959568733153,0.925033692722372,0.639800188808374
