nDCG@1,nDCG@1_std,nDCG@1_stderr,nDCG@1_ci90_low,nDCG@1_ci90_high,nDCG@1_ci95_low,nDCG@1_ci95_high,nDCG@3,nDCG@3_std,nDCG@3_stderr,nDCG@3_ci90_low,nDCG@3_ci90_high,nDCG@3_ci95_low,nDCG@3_ci95_high,nDCG@5,nDCG@5_std,nDCG@5_stderr,nDCG@5_ci90_low,nDCG@5_ci90_high,nDCG@5_ci95_low,nDCG@5_ci95_high,nDCG@10,nDCG@10_std,nDCG@10_stderr,nDCG@10_ci90_low,nDCG@10_ci90_high,nDCG@10_ci95_low,nDCG@10_ci95_high,nDCG@100,nDCG@100_std,nDCG@100_stderr,nDCG@100_ci90_low,nDCG@100_ci90_high,nDCG@100_ci95_low,nDCG@100_ci95_high,RR@1,RR@3,RR@5,RR@10,RR@100,P@1,P@3,P@5,P@10,P@100,R@1,R@3,R@5,R@10,R@100,AP
0.644878706199461,0.4787113786658277,0.012426728216518156,0.6244257808416498,0.6653316315572722,0.6205028721572561,0.6692545402416659,0.7128228040992499,0.4128069034642798,0.010715933282283688,0.695185644925647,0.7304599632728528,0.6918028053719039,0.733842802826596,0.7362620291938082,0.3841493588253482,0.009972020489625097,0.7198492625196521,0.7526747958679644,0.7167012636982324,0.7558227946893841,0.75481481574437,0.3567212140530863,0.009260021327378022,0.739573915507343,0.7700557159813971,0.7366506828229301,0.77297894866581,0.7749570804210824,0.31900811955885433,0.008281038173081961,0.7613274707049791,0.7885866901371856,0.7587132865046844,0.7912008743374803,0.644878706199461,0.70226864330638,0.714296945193173,0.7216074637402139,0.7254950818753475,0.644878706199461,0.26752021563342,0.17291105121293446,0.09265498652290899,0.010262803234501164,0.6246630727762803,0.7620170709793351,0.818452380952381,0.8741576819407008,0.966924977538185,0.7183240059601179
