nDCG@1,nDCG@1_std,nDCG@1_stderr,nDCG@1_ci90_low,nDCG@1_ci90_high,nDCG@1_ci95_low,nDCG@1_ci95_high,nDCG@3,nDCG@3_std,nDCG@3_stderr,nDCG@3_ci90_low,nDCG@3_ci90_high,nDCG@3_ci95_low,nDCG@3_ci95_high,nDCG@5,nDCG@5_std,nDCG@5_stderr,nDCG@5_ci90_low,nDCG@5_ci90_high,nDCG@5_ci95_low,nDCG@5_ci95_high,nDCG@10,nDCG@10_std,nDCG@10_stderr,nDCG@10_ci90_low,nDCG@10_ci90_high,nDCG@10_ci95_low,nDCG@10_ci95_high,nDCG@100,nDCG@100_std,nDCG@100_stderr,nDCG@100_ci90_low,nDCG@100_ci90_high,nDCG@100_ci95_low,nDCG@100_ci95_high,RR@1,RR@3,RR@5,RR@10,RR@100,P@1,P@3,P@5,P@10,P@100,R@1,R@3,R@5,R@10,R@100,AP
0.4474393530997305,0.49739731879618787,0.012911791053581426,0.42618807166400047,0.4686906345354605,0.42211203681615994,0.47276666938330103,0.5301182454494359,0.4555677169166233,0.011825948691924583,0.5106541321553407,0.549582358743531,0.5069208794426051,0.5533156114562666,0.5570460606590617,0.43665021227985107,0.011334874739784426,0.5383901970275718,0.5757019242905516,0.5348119680860143,0.5792801532321091,0.5850214673260374,0.4110767767874347,0.01067102143152881,0.5674582277485798,0.6025847069034951,0.5640895661092714,0.6059533685428035,0.6246004869741993,0.36255585761195497,0.009411481127536507,0.6091103018141116,0.640090672134287,0.606139255823169,0.6430617181252297,0.4474393530997305,0.5159478885893982,0.5300988319856251,0.5410714285714292,0.5487243844642701,0.4474393530997305,0.20619946091644212,0.13827493261455334,0.07836927223719536,0.0098180592991912,0.4331199460916442,0.591363432165319,0.6554919137466307,0.7412960467205749,0.9239106019766397,0.5407781842049618
