nDCG@1,nDCG@1_std,nDCG@1_stderr,nDCG@1_ci90_low,nDCG@1_ci90_high,nDCG@1_ci95_low,nDCG@1_ci95_high,nDCG@3,nDCG@3_std,nDCG@3_stderr,nDCG@3_ci90_low,nDCG@3_ci90_high,nDCG@3_ci95_low,nDCG@3_ci95_high,nDCG@5,nDCG@5_std,nDCG@5_stderr,nDCG@5_ci90_low,nDCG@5_ci90_high,nDCG@5_ci95_low,nDCG@5_ci95_high,nDCG@10,nDCG@10_std,nDCG@10_stderr,nDCG@10_ci90_low,nDCG@10_ci90_high,nDCG@10_ci95_low,nDCG@10_ci95_high,nDCG@100,nDCG@100_std,nDCG@100_stderr,nDCG@100_ci90_low,nDCG@100_ci90_high,nDCG@100_ci95_low,nDCG@100_ci95_high,RR@1,RR@3,RR@5,RR@10,RR@100,P@1,P@3,P@5,P@10,P@100,R@1,R@3,R@5,R@10,R@100,AP
0.5026954177897575,0.5001612810206919,0.012983539937972601,0.48132604617362035,0.5240647894058946,0.4772273614120801,0.5281634741674348,0.5889028203822202,0.4482785717929464,0.011636731912421368,0.5697501355349531,0.6080555052294873,0.5660766153708507,0.6117290253935896,0.6164364551844294,0.4252037196224673,0.011037738595491994,0.5982696425142571,0.6346032678546016,0.5947852144461542,0.6380876959227045,0.640439813958836,0.3991886455469935,0.010362420920843253,0.6233844943342782,0.6574951335833937,0.6201132526756987,0.6607663752419732,0.6741166278476043,0.3517658814563263,0.009131387302479742,0.6590874440063879,0.6891458116888207,0.656204818915912,0.6920284367792966,0.5013477088948787,0.5718778077268647,0.586668912848159,0.596251016129723,0.6031505845574785,0.5026954177897575,0.22753818508535387,0.15107816711590044,0.08355795148247817,0.009986522911051034,0.4873090745732255,0.6508310871518418,0.7168688230008984,0.789139712488769,0.9409254267744833,0.597994903221378
