{
  "nDCG@1": 0.5053908355795148,
  "nDCG@1_std": 0.5001394770501065,
  "nDCG@1_stderr": 0.012982973935097841,
  "nDCG@1_ci90_low": 0.4840223955371876,
  "nDCG@1_ci90_high": 0.526759275621842,
  "nDCG@1_ci95_low": 0.47992388945321673,
  "nDCG@1_ci95_high": 0.5308577817058129,
  "nDCG@3": 0.5919589389114029,
  "nDCG@3_std": 0.4449923049542125,
  "nDCG@3_stderr": 0.011551424675802684,
  "nDCG@3_ci90_low": 0.5729466596892242,
  "nDCG@3_ci90_high": 0.6109712181335817,
  "nDCG@3_ci95_low": 0.5693000695821363,
  "nDCG@3_ci95_high": 0.6146178082406696,
  "nDCG@5": 0.6181360170022213,
  "nDCG@5_std": 0.42323785076665094,
  "nDCG@5_stderr": 0.010986707182684068,
  "nDCG@5_ci90_low": 0.600053196003781,
  "nDCG@5_ci90_high": 0.6362188380006616,
  "nDCG@5_ci95_low": 0.596584877692727,
  "nDCG@5_ci95_high": 0.6396871563117157,
  "nDCG@10": 0.6459605438255243,
  "nDCG@10_std": 0.39268036516820876,
  "nDCG@10_stderr": 0.010193474380133358,
  "nDCG@10_ci90_low": 0.6291832902314126,
  "nDCG@10_ci90_high": 0.6627377974196359,
  "nDCG@10_ci95_low": 0.6259653821486708,
  "nDCG@10_ci95_high": 0.6659557055023777,
  "nDCG@100": 0.6798223705123416,
  "nDCG@100_std": 0.3444481728090835,
  "nDCG@100_stderr": 0.008941429050849319,
  "nDCG@100_ci90_low": 0.665105835493406,
  "nDCG@100_ci90_high": 0.6945389055312773,
  "nDCG@100_ci95_low": 0.6622831770218187,
  "nDCG@100_ci95_high": 0.6973615640028645,
  "RR@1": 0.5040431266846361,
  "RR@3": 0.5778301886792456,
  "RR@5": 0.5913409703504052,
  "RR@10": 0.602602094296839,
  "RR@100": 0.6093191552179584,
  "P@1": 0.5053908355795148,
  "P@3": 0.22843665768193955,
  "P@5": 0.15121293800538826,
  "P@10": 0.08463611859838105,
  "P@100": 0.010141509433962083,
  "R@1": 0.487084456424079,
  "R@3": 0.6540318957771788,
  "R@5": 0.7167003593890385,
  "R@10": 0.800595238095238,
  "R@100": 0.9533917340521113,
  "AP": 0.6009181939785989
}