{
  "nDCG@1": 0.4474393530997305,
  "nDCG@1_std": 0.49739731879618787,
  "nDCG@1_stderr": 0.012911791053581426,
  "nDCG@1_ci90_low": 0.42618807166400047,
  "nDCG@1_ci90_high": 0.4686906345354605,
  "nDCG@1_ci95_low": 0.42211203681615994,
  "nDCG@1_ci95_high": 0.47276666938330103,
  "nDCG@3": 0.5301182454494359,
  "nDCG@3_std": 0.4555677169166233,
  "nDCG@3_stderr": 0.011825948691924583,
  "nDCG@3_ci90_low": 0.5106541321553407,
  "nDCG@3_ci90_high": 0.549582358743531,
  "nDCG@3_ci95_low": 0.5069208794426051,
  "nDCG@3_ci95_high": 0.5533156114562666,
  "nDCG@5": 0.5570460606590617,
  "nDCG@5_std": 0.43665021227985107,
  "nDCG@5_stderr": 0.011334874739784426,
  "nDCG@5_ci90_low": 0.5383901970275718,
  "nDCG@5_ci90_high": 0.5757019242905516,
  "nDCG@5_ci95_low": 0.5348119680860143,
  "nDCG@5_ci95_high": 0.5792801532321091,
  "nDCG@10": 0.5850214673260374,
  "nDCG@10_std": 0.4110767767874347,
  "nDCG@10_stderr": 0.01067102143152881,
  "nDCG@10_ci90_low": 0.5674582277485798,
  "nDCG@10_ci90_high": 0.6025847069034951,
  "nDCG@10_ci95_low": 0.5640895661092714,
  "nDCG@10_ci95_high": 0.6059533685428035,
  "nDCG@100": 0.6246004869741993,
  "nDCG@100_std": 0.36255585761195497,
  "nDCG@100_stderr": 0.009411481127536507,
  "nDCG@100_ci90_low": 0.6091103018141116,
  "nDCG@100_ci90_high": 0.640090672134287,
  "nDCG@100_ci95_low": 0.606139255823169,
  "nDCG@100_ci95_high": 0.6430617181252297,
  "RR@1": 0.4474393530997305,
  "RR@3": 0.5159478885893982,
  "RR@5": 0.5300988319856251,
  "RR@10": 0.5410714285714292,
  "RR@100": 0.5487243844642701,
  "P@1": 0.4474393530997305,
  "P@3": 0.20619946091644212,
  "P@5": 0.13827493261455334,
  "P@10": 0.07836927223719536,
  "P@100": 0.0098180592991912,
  "R@1": 0.4331199460916442,
  "R@3": 0.591363432165319,
  "R@5": 0.6554919137466307,
  "R@10": 0.7412960467205749,
  "R@100": 0.9239106019766397,
  "AP": 0.5407781842049618
}