{
  "nDCG@1": 0.6819407008086253,
  "nDCG@1_std": 0.46587963825901435,
  "nDCG@1_stderr": 0.012093632832354132,
  "nDCG@1_ci90_low": 0.662036011069284,
  "nDCG@1_ci90_high": 0.7018453905479667,
  "nDCG@1_ci95_low": 0.658218254984392,
  "nDCG@1_ci95_high": 0.7056631466328587,
  "nDCG@3": 0.763094176986241,
  "nDCG@3_std": 0.37737238557373776,
  "nDCG@3_stderr": 0.009796099029468696,
  "nDCG@3_ci90_low": 0.7469709562352533,
  "nDCG@3_ci90_high": 0.7792173977372288,
  "nDCG@3_ci95_low": 0.7438784928542002,
  "nDCG@3_ci95_high": 0.7823098611182819,
  "nDCG@5": 0.7819199364288117,
  "nDCG@5_std": 0.3498000415201282,
  "nDCG@5_stderr": 0.009080356640387702,
  "nDCG@5_ci90_low": 0.7669747430237377,
  "nDCG@5_ci90_high": 0.7968651298338858,
  "nDCG@5_ci95_low": 0.7641082274533224,
  "nDCG@5_ci95_high": 0.7997316454043011,
  "nDCG@10": 0.8017035622778999,
  "nDCG@10_std": 0.31355705005817763,
  "nDCG@10_stderr": 0.008139535459352762,
  "nDCG@10_ci90_low": 0.7883068492978808,
  "nDCG@10_ci90_high": 0.815100275257919,
  "nDCG@10_ci95_low": 0.7857373351197254,
  "nDCG@10_ci95_high": 0.8176697894360743,
  "nDCG@100": 0.8167674815097059,
  "nDCG@100_std": 0.28040613233670963,
  "nDCG@100_stderr": 0.007278980513278644,
  "nDCG@100_ci90_low": 0.8047871402223543,
  "nDCG@100_ci90_high": 0.8287478227970575,
  "nDCG@100_ci95_low": 0.8024892887387178,
  "nDCG@100_ci95_high": 0.831045674280694,
  "RR@1": 0.6826145552560647,
  "RR@3": 0.7482030548068285,
  "RR@5": 0.7575696316262361,
  "RR@10": 0.7656649766824971,
  "RR@100": 0.7687513096978402,
  "P@1": 0.6819407008086253,
  "P@3": 0.2875112309074533,
  "P@5": 0.18274932614554848,
  "P@10": 0.09791105121293568,
  "P@100": 0.010525606469002507,
  "R@1": 0.6617250673854448,
  "R@3": 0.8213162623539981,
  "R@5": 0.8660152740341418,
  "R@10": 0.9261567834681042,
  "R@100": 0.9901168014375562,
  "AP": 0.763416827799763
}