{
  "nDCG@1": 0.5768194070080862,
  "nDCG@1_std": 0.49423008474762176,
  "nDCG@1_stderr": 0.01282957375423641,
  "nDCG@1_ci90_low": 0.5557034455260339,
  "nDCG@1_ci90_high": 0.5979353684901385,
  "nDCG@1_ci95_low": 0.5516533652940816,
  "nDCG@1_ci95_high": 0.6019854487220908,
  "nDCG@3": 0.6584987902329362,
  "nDCG@3_std": 0.43200772500118245,
  "nDCG@3_stderr": 0.01121436177470421,
  "nDCG@3_ci90_low": 0.640041276692998,
  "nDCG@3_ci90_high": 0.6769563037728744,
  "nDCG@3_ci95_low": 0.636501091663648,
  "nDCG@3_ci95_high": 0.6804964888022245,
  "nDCG@5": 0.6841016436402448,
  "nDCG@5_std": 0.4044254523466058,
  "nDCG@5_stderr": 0.010498361651983935,
  "nDCG@5_ci90_low": 0.6668225816453172,
  "nDCG@5_ci90_high": 0.7013807056351725,
  "nDCG@5_ci95_low": 0.6635084257887716,
  "nDCG@5_ci95_high": 0.7046948614917181,
  "nDCG@10": 0.7061019032156872,
  "nDCG@10_std": 0.3760647826851356,
  "nDCG@10_stderr": 0.009762155349756968,
  "nDCG@10_ci90_low": 0.6900345497481403,
  "nDCG@10_ci90_high": 0.7221692566832342,
  "nDCG@10_ci95_low": 0.6869528018147577,
  "nDCG@10_ci95_high": 0.7252510046166167,
  "nDCG@100": 0.7348594457298758,
  "nDCG@100_std": 0.32777620738175217,
  "nDCG@100_stderr": 0.008508646392166669,
  "nDCG@100_ci90_low": 0.7208552197966435,
  "nDCG@100_ci90_high": 0.7488636716631082,
  "nDCG@100_ci95_low": 0.7181691835172069,
  "nDCG@100_ci95_high": 0.7515497079425447,
  "RR@1": 0.5747978436657682,
  "RR@3": 0.6418463611859845,
  "RR@5": 0.6551886792452843,
  "RR@10": 0.6641605698883334,
  "RR@100": 0.670242985102877,
  "P@1": 0.5768194070080862,
  "P@3": 0.25134770889487623,
  "P@5": 0.16401617250673542,
  "P@10": 0.08942048517520026,
  "P@100": 0.010316711590296311,
  "R@1": 0.5596361185983828,
  "R@3": 0.7169811320754716,
  "R@5": 0.778863432165319,
  "R@10": 0.8446203953279424,
  "R@100": 0.9719227313566937,
  "AP": 0.6662817360283657
}