nDCG@1,nDCG@1_std,nDCG@1_stderr,nDCG@1_ci90_low,nDCG@1_ci90_high,nDCG@1_ci95_low,nDCG@1_ci95_high,nDCG@3,nDCG@3_std,nDCG@3_stderr,nDCG@3_ci90_low,nDCG@3_ci90_high,nDCG@3_ci95_low,nDCG@3_ci95_high,nDCG@5,nDCG@5_std,nDCG@5_stderr,nDCG@5_ci90_low,nDCG@5_ci90_high,nDCG@5_ci95_low,nDCG@5_ci95_high,nDCG@10,nDCG@10_std,nDCG@10_stderr,nDCG@10_ci90_low,nDCG@10_ci90_high,nDCG@10_ci95_low,nDCG@10_ci95_high,nDCG@100,nDCG@100_std,nDCG@100_stderr,nDCG@100_ci90_low,nDCG@100_ci90_high,nDCG@100_ci95_low,nDCG@100_ci95_high,RR@1,RR@3,RR@5,RR@10,RR@100,P@1,P@3,P@5,P@10,P@100,R@1,R@3,R@5,R@10,R@100,AP
0.7681940700808625,0.42212796194532504,0.010957895904432007,0.7501586690398949,0.7862294711218301,0.7466994459638613,0.7896886941978637,0.8365304674148863,0.3235090227652436,0.008397875798773116,0.8227085567813084,0.8503523780484643,0.820057488911515,0.8530034459182577,0.8551191944129991,0.28663273230937075,0.007440614994975919,0.8428728218797875,0.8673655669462107,0.840523945114122,0.8697144437118762,0.8674042498043902,0.2566417110883618,0.006662086874988471,0.856439242506631,0.8783692571021495,0.8543361339487937,0.8804723656599868,0.8744535160329667,0.23665852175089527,0.00614334912639347,0.8643422897359209,0.8845647423300126,0.8624029379436159,0.8865040941223176,0.7681940700808625,0.8240116801437557,0.8334793351302792,0.8384492790827025,0.8398161316161642,0.7681940700808625,0.3101976639712437,0.19636118598382274,0.10229110512129118,0.010586253369272047,0.7451707097933514,0.8844901168014375,0.9288522012578615,0.9658580413297395,0.9953953279424976,0.8354911756833613
