nDCG@1,nDCG@1_std,nDCG@1_stderr,nDCG@1_ci90_low,nDCG@1_ci90_high,nDCG@1_ci95_low,nDCG@1_ci95_high,nDCG@3,nDCG@3_std,nDCG@3_stderr,nDCG@3_ci90_low,nDCG@3_ci90_high,nDCG@3_ci95_low,nDCG@3_ci95_high,nDCG@5,nDCG@5_std,nDCG@5_stderr,nDCG@5_ci90_low,nDCG@5_ci90_high,nDCG@5_ci95_low,nDCG@5_ci95_high,nDCG@10,nDCG@10_std,nDCG@10_stderr,nDCG@10_ci90_low,nDCG@10_ci90_high,nDCG@10_ci95_low,nDCG@10_ci95_high,nDCG@100,nDCG@100_std,nDCG@100_stderr,nDCG@100_ci90_low,nDCG@100_ci90_high,nDCG@100_ci95_low,nDCG@100_ci95_high,RR@1,RR@3,RR@5,RR@10,RR@100,P@1,P@3,P@5,P@10,P@100,R@1,R@3,R@5,R@10,R@100,AP
0.5053908355795148,0.5001394770501065,0.012982973935097841,0.4840223955371876,0.526759275621842,0.47992388945321673,0.5308577817058129,0.5919589389114029,0.4449923049542125,0.011551424675802684,0.5729466596892242,0.6109712181335817,0.5693000695821363,0.6146178082406696,0.6181360170022213,0.42323785076665094,0.010986707182684068,0.600053196003781,0.6362188380006616,0.596584877692727,0.6396871563117157,0.6459605438255243,0.39268036516820876,0.010193474380133358,0.6291832902314126,0.6627377974196359,0.6259653821486708,0.6659557055023777,0.6798223705123416,0.3444481728090835,0.008941429050849319,0.665105835493406,0.6945389055312773,0.6622831770218187,0.6973615640028645,0.5040431266846361,0.5778301886792456,0.5913409703504052,0.602602094296839,0.6093191552179584,0.5053908355795148,0.22843665768193955,0.15121293800538826,0.08463611859838105,0.010141509433962083,0.487084456424079,0.6540318957771788,0.7167003593890385,0.800595238095238,0.9533917340521113,0.6009181939785989
