nDCG@1,nDCG@1_std,nDCG@1_stderr,nDCG@1_ci90_low,nDCG@1_ci90_high,nDCG@1_ci95_low,nDCG@1_ci95_high,nDCG@3,nDCG@3_std,nDCG@3_stderr,nDCG@3_ci90_low,nDCG@3_ci90_high,nDCG@3_ci95_low,nDCG@3_ci95_high,nDCG@5,nDCG@5_std,nDCG@5_stderr,nDCG@5_ci90_low,nDCG@5_ci90_high,nDCG@5_ci95_low,nDCG@5_ci95_high,nDCG@10,nDCG@10_std,nDCG@10_stderr,nDCG@10_ci90_low,nDCG@10_ci90_high,nDCG@10_ci95_low,nDCG@10_ci95_high,nDCG@100,nDCG@100_std,nDCG@100_stderr,nDCG@100_ci90_low,nDCG@100_ci90_high,nDCG@100_ci95_low,nDCG@100_ci95_high,RR@1,RR@3,RR@5,RR@10,RR@100,P@1,P@3,P@5,P@10,P@100,R@1,R@3,R@5,R@10,R@100,AP
0.6819407008086253,0.46587963825901435,0.012093632832354132,0.662036011069284,0.7018453905479667,0.658218254984392,0.7056631466328587,0.763094176986241,0.37737238557373776,0.009796099029468696,0.7469709562352533,0.7792173977372288,0.7438784928542002,0.7823098611182819,0.7819199364288117,0.3498000415201282,0.009080356640387702,0.7669747430237377,0.7968651298338858,0.7641082274533224,0.7997316454043011,0.8017035622778999,0.31355705005817763,0.008139535459352762,0.7883068492978808,0.815100275257919,0.7857373351197254,0.8176697894360743,0.8167674815097059,0.28040613233670963,0.007278980513278644,0.8047871402223543,0.8287478227970575,0.8024892887387178,0.831045674280694,0.6826145552560647,0.7482030548068285,0.7575696316262361,0.7656649766824971,0.7687513096978402,0.6819407008086253,0.2875112309074533,0.18274932614554848,0.09791105121293568,0.010525606469002507,0.6617250673854448,0.8213162623539981,0.8660152740341418,0.9261567834681042,0.9901168014375562,0.763416827799763
