nDCG@1,nDCG@1_std,nDCG@1_stderr,nDCG@1_ci90_low,nDCG@1_ci90_high,nDCG@1_ci95_low,nDCG@1_ci95_high,nDCG@3,nDCG@3_std,nDCG@3_stderr,nDCG@3_ci90_low,nDCG@3_ci90_high,nDCG@3_ci95_low,nDCG@3_ci95_high,nDCG@5,nDCG@5_std,nDCG@5_stderr,nDCG@5_ci90_low,nDCG@5_ci90_high,nDCG@5_ci95_low,nDCG@5_ci95_high,nDCG@10,nDCG@10_std,nDCG@10_stderr,nDCG@10_ci90_low,nDCG@10_ci90_high,nDCG@10_ci95_low,nDCG@10_ci95_high,nDCG@100,nDCG@100_std,nDCG@100_stderr,nDCG@100_ci90_low,nDCG@100_ci90_high,nDCG@100_ci95_low,nDCG@100_ci95_high,RR@1,RR@3,RR@5,RR@10,RR@100,P@1,P@3,P@5,P@10,P@100,R@1,R@3,R@5,R@10,R@100,AP
0.7432614555256065,0.4369811648948535,0.011343465841610006,0.7245914519562893,0.7619314590949238,0.7210105109486614,0.7655124001025516,0.8111372731793908,0.34516744380955544,0.008960100395703911,0.7963900073344495,0.825884539024332,0.7935614546339387,0.8287130917248429,0.8283742550283477,0.3156727404669762,0.008194456045894296,0.8148871492564714,0.841861360800224,0.8123002975746594,0.844448212482036,0.8409593297883684,0.28946539839688556,0.00751414734278808,0.8285919317048284,0.8533267278719084,0.8262198420161158,0.855698817560621,0.8534882437726226,0.25826741966699956,0.006704288166970076,0.8424537781379733,0.8645227094072718,0.840337347343428,0.8666391402018171,0.7432614555256065,0.799752920035939,0.808142407906559,0.8130235742095581,0.815645702817736,0.7432614555256065,0.30188679245282546,0.19029649595686884,0.09939353099730211,0.010552560646900081,0.721585804132974,0.8614667565139262,0.902234950584007,0.9398023360287511,0.9920260557053009,0.8099148374310753
