{
  "nDCG@1": 0.7432614555256065,
  "nDCG@1_std": 0.4369811648948535,
  "nDCG@1_stderr": 0.011343465841610006,
  "nDCG@1_ci90_low": 0.7245914519562893,
  "nDCG@1_ci90_high": 0.7619314590949238,
  "nDCG@1_ci95_low": 0.7210105109486614,
  "nDCG@1_ci95_high": 0.7655124001025516,
  "nDCG@3": 0.8111372731793908,
  "nDCG@3_std": 0.34516744380955544,
  "nDCG@3_stderr": 0.008960100395703911,
  "nDCG@3_ci90_low": 0.7963900073344495,
  "nDCG@3_ci90_high": 0.825884539024332,
  "nDCG@3_ci95_low": 0.7935614546339387,
  "nDCG@3_ci95_high": 0.8287130917248429,
  "nDCG@5": 0.8283742550283477,
  "nDCG@5_std": 0.3156727404669762,
  "nDCG@5_stderr": 0.008194456045894296,
  "nDCG@5_ci90_low": 0.8148871492564714,
  "nDCG@5_ci90_high": 0.841861360800224,
  "nDCG@5_ci95_low": 0.8123002975746594,
  "nDCG@5_ci95_high": 0.844448212482036,
  "nDCG@10": 0.8409593297883684,
  "nDCG@10_std": 0.28946539839688556,
  "nDCG@10_stderr": 0.00751414734278808,
  "nDCG@10_ci90_low": 0.8285919317048284,
  "nDCG@10_ci90_high": 0.8533267278719084,
  "nDCG@10_ci95_low": 0.8262198420161158,
  "nDCG@10_ci95_high": 0.855698817560621,
  "nDCG@100": 0.8534882437726226,
  "nDCG@100_std": 0.25826741966699956,
  "nDCG@100_stderr": 0.006704288166970076,
  "nDCG@100_ci90_low": 0.8424537781379733,
  "nDCG@100_ci90_high": 0.8645227094072718,
  "nDCG@100_ci95_low": 0.840337347343428,
  "nDCG@100_ci95_high": 0.8666391402018171,
  "RR@1": 0.7432614555256065,
  "RR@3": 0.799752920035939,
  "RR@5": 0.808142407906559,
  "RR@10": 0.8130235742095581,
  "RR@100": 0.815645702817736,
  "P@1": 0.7432614555256065,
  "P@3": 0.30188679245282546,
  "P@5": 0.19029649595686884,
  "P@10": 0.09939353099730211,
  "P@100": 0.010552560646900081,
  "R@1": 0.721585804132974,
  "R@3": 0.8614667565139262,
  "R@5": 0.902234950584007,
  "R@10": 0.9398023360287511,
  "R@100": 0.9920260557053009,
  "AP": 0.8099148374310753
}