{
  "nDCG@1": 0.7452830188679245,
  "nDCG@1_std": 0.43584888311090025,
  "nDCG@1_stderr": 0.011314073271011587,
  "nDCG@1_ci90_low": 0.7266613919945524,
  "nDCG@1_ci90_high": 0.7639046457412966,
  "nDCG@1_ci95_low": 0.7230897297261428,
  "nDCG@1_ci95_high": 0.7674763080097061,
  "nDCG@3": 0.8130786095361212,
  "nDCG@3_std": 0.34372325450795344,
  "nDCG@3_stderr": 0.008922611109373955,
  "nDCG@3_ci90_low": 0.798393046623896,
  "nDCG@3_ci90_high": 0.8277641724483464,
  "nDCG@3_ci95_low": 0.795576328659315,
  "nDCG@3_ci95_high": 0.8305808904129274,
  "nDCG@5": 0.8295162663644625,
  "nDCG@5_std": 0.3153647241475219,
  "nDCG@5_stderr": 0.008186460340634943,
  "nDCG@5_ci90_low": 0.8160423205780629,
  "nDCG@5_ci90_high": 0.8429902121508621,
  "nDCG@5_ci95_low": 0.8134579930056587,
  "nDCG@5_ci95_high": 0.8455745397232663,
  "nDCG@10": 0.8429780429091798,
  "nDCG@10_std": 0.28732930728430545,
  "nDCG@10_stderr": 0.007458697180363002,
  "nDCG@10_ci90_low": 0.8307019092367863,
  "nDCG@10_ci90_high": 0.8552541765815732,
  "nDCG@10_ci95_low": 0.8283473242299125,
  "nDCG@10_ci95_high": 0.857608761588447,
  "nDCG@100": 0.8551302710798508,
  "nDCG@100_std": 0.2565927627969597,
  "nDCG@100_stderr": 0.006660816240654246,
  "nDCG@100_ci90_low": 0.844167355095971,
  "nDCG@100_ci90_high": 0.8660931870637307,
  "nDCG@100_ci95_low": 0.8420646476559804,
  "nDCG@100_ci95_high": 0.8681958945037213,
  "RR@1": 0.7452830188679245,
  "RR@3": 0.8017744833782571,
  "RR@5": 0.8100628930817615,
  "RR@10": 0.8150464745646689,
  "RR@100": 0.8175749985061574,
  "P@1": 0.7452830188679245,
  "P@3": 0.30233602875111837,
  "P@5": 0.19016172506738097,
  "P@10": 0.09966307277627784,
  "P@100": 0.010566037735848867,
  "R@1": 0.7232704402515724,
  "R@3": 0.8628144654088049,
  "R@5": 0.9018980233602875,
  "R@10": 0.9419923629829289,
  "R@100": 0.9933737646001796,
  "AP": 0.8117646055616068
}