{
  "nDCG@1": 0.7648247978436657,
  "nDCG@1_std": 0.42425123796081904,
  "nDCG@1_stderr": 0.011013013403512,
  "nDCG@1_ci90_low": 0.7466986799160849,
  "nDCG@1_ci90_high": 0.7829509157712466,
  "nDCG@1_ci95_low": 0.7432220571744244,
  "nDCG@1_ci95_high": 0.7864275385129071,
  "nDCG@3": 0.8310655518632573,
  "nDCG@3_std": 0.33032506460326005,
  "nDCG@3_stderr": 0.008574811428900627,
  "nDCG@3_ci90_low": 0.8169524261026497,
  "nDCG@3_ci90_high": 0.8451786776238648,
  "nDCG@3_ci95_low": 0.8142455026361206,
  "nDCG@3_ci95_high": 0.8478856010903939,
  "nDCG@5": 0.8485925226871758,
  "nDCG@5_std": 0.2969476105176,
  "nDCG@5_stderr": 0.007708375891818166,
  "nDCG@5_ci90_low": 0.835905447376738,
  "nDCG@5_ci90_high": 0.8612795979976136,
  "nDCG@5_ci95_low": 0.8334720430082101,
  "nDCG@5_ci95_high": 0.8637130023661415,
  "nDCG@10": 0.8618603016398858,
  "nDCG@10_std": 0.2655842403754773,
  "nDCG@10_stderr": 0.006894223368858635,
  "nDCG@10_ci90_low": 0.8505132251201056,
  "nDCG@10_ci90_high": 0.873207378159666,
  "nDCG@10_ci95_low": 0.8483368349830867,
  "nDCG@10_ci95_high": 0.875383768296685,
  "nDCG@100": 0.8706365061660126,
  "nDCG@100_std": 0.24155676850797195,
  "nDCG@100_stderr": 0.006270501276729391,
  "nDCG@100_ci90_low": 0.860316002463475,
  "nDCG@100_ci90_high": 0.8809570098685503,
  "nDCG@100_ci95_low": 0.8583365108800599,
  "nDCG@100_ci95_high": 0.8829365014519653,
  "RR@1": 0.7654986522911051,
  "RR@3": 0.819743935309973,
  "RR@5": 0.8286725067385451,
  "RR@10": 0.8338379219612375,
  "RR@100": 0.8358101626895698,
  "P@1": 0.7648247978436657,
  "P@3": 0.3079514824797793,
  "P@5": 0.1943396226415048,
  "P@10": 0.10154986522910794,
  "P@100": 0.01057277628032326,
  "R@1": 0.7421383647798743,
  "R@3": 0.8780884995507636,
  "R@5": 0.9199236298292901,
  "R@10": 0.9592318059299192,
  "R@100": 0.994496855345912,
  "AP": 0.8309389728190857
}