nDCG@1,nDCG@1_std,nDCG@1_stderr,nDCG@1_ci90_low,nDCG@1_ci90_high,nDCG@1_ci95_low,nDCG@1_ci95_high,nDCG@3,nDCG@3_std,nDCG@3_stderr,nDCG@3_ci90_low,nDCG@3_ci90_high,nDCG@3_ci95_low,nDCG@3_ci95_high,nDCG@5,nDCG@5_std,nDCG@5_stderr,nDCG@5_ci90_low,nDCG@5_ci90_high,nDCG@5_ci95_low,nDCG@5_ci95_high,nDCG@10,nDCG@10_std,nDCG@10_stderr,nDCG@10_ci90_low,nDCG@10_ci90_high,nDCG@10_ci95_low,nDCG@10_ci95_high,nDCG@100,nDCG@100_std,nDCG@100_stderr,nDCG@100_ci90_low,nDCG@100_ci90_high,nDCG@100_ci95_low,nDCG@100_ci95_high,RR@1,RR@3,RR@5,RR@10,RR@100,P@1,P@3,P@5,P@10,P@100,R@1,R@3,R@5,R@10,R@100,AP
0.5768194070080862,0.49423008474762176,0.01282957375423641,0.5557034455260339,0.5979353684901385,0.5516533652940816,0.6019854487220908,0.6584987902329362,0.43200772500118245,0.01121436177470421,0.640041276692998,0.6769563037728744,0.636501091663648,0.6804964888022245,0.6841016436402448,0.4044254523466058,0.010498361651983935,0.6668225816453172,0.7013807056351725,0.6635084257887716,0.7046948614917181,0.7061019032156872,0.3760647826851356,0.009762155349756968,0.6900345497481403,0.7221692566832342,0.6869528018147577,0.7252510046166167,0.7348594457298758,0.32777620738175217,0.008508646392166669,0.7208552197966435,0.7488636716631082,0.7181691835172069,0.7515497079425447,0.5747978436657682,0.6418463611859845,0.6551886792452843,0.6641605698883334,0.670242985102877,0.5768194070080862,0.25134770889487623,0.16401617250673542,0.08942048517520026,0.010316711590296311,0.5596361185983828,0.7169811320754716,0.778863432165319,0.8446203953279424,0.9719227313566937,0.6662817360283657
