nDCG@1,nDCG@1_std,nDCG@1_stderr,nDCG@1_ci90_low,nDCG@1_ci90_high,nDCG@1_ci95_low,nDCG@1_ci95_high,nDCG@3,nDCG@3_std,nDCG@3_stderr,nDCG@3_ci90_low,nDCG@3_ci90_high,nDCG@3_ci95_low,nDCG@3_ci95_high,nDCG@5,nDCG@5_std,nDCG@5_stderr,nDCG@5_ci90_low,nDCG@5_ci90_high,nDCG@5_ci95_low,nDCG@5_ci95_high,nDCG@10,nDCG@10_std,nDCG@10_stderr,nDCG@10_ci90_low,nDCG@10_ci90_high,nDCG@10_ci95_low,nDCG@10_ci95_high,nDCG@100,nDCG@100_std,nDCG@100_stderr,nDCG@100_ci90_low,nDCG@100_ci90_high,nDCG@100_ci95_low,nDCG@100_ci95_high,RR@1,RR@3,RR@5,RR@10,RR@100,P@1,P@3,P@5,P@10,P@100,R@1,R@3,R@5,R@10,R@100,AP
0.633423180592992,0.4820319784151529,0.012512926691089006,0.6128283827377996,0.6540179784481843,0.608878262647589,0.6579680985383949,0.711501827200656,0.40986127847055726,0.010639468667369395,0.6939905197423323,0.7290131346589798,0.6906318187789461,0.732371835622366,0.7327829281247599,0.38314710862978096,0.009946003370876056,0.7164129825519047,0.7491528736976151,0.7132731968964371,0.7522926593530826,0.7521704243898183,0.3542787929522043,0.009196619234669178,0.7370338765009805,0.7673069722786561,0.7341306587887921,0.7702101899908445,0.7721691153391059,0.31733372621949896,0.008237573087681846,0.7586110440144337,0.7857271866637782,0.7560105810091319,0.78832764966908,0.633423180592992,0.6975516621743043,0.7091756513926338,0.7168487678090111,0.7207718087521077,0.633423180592992,0.2688679245282987,0.1726415094339587,0.09278975741239684,0.010269541778975558,0.614274483378257,0.7674640610961365,0.8180592991913747,0.876010781671159,0.9659703504043127,0.7144711214390705
