nDCG@1,nDCG@1_std,nDCG@1_stderr,nDCG@1_ci90_low,nDCG@1_ci90_high,nDCG@1_ci95_low,nDCG@1_ci95_high,nDCG@3,nDCG@3_std,nDCG@3_stderr,nDCG@3_ci90_low,nDCG@3_ci90_high,nDCG@3_ci95_low,nDCG@3_ci95_high,nDCG@5,nDCG@5_std,nDCG@5_stderr,nDCG@5_ci90_low,nDCG@5_ci90_high,nDCG@5_ci95_low,nDCG@5_ci95_high,nDCG@10,nDCG@10_std,nDCG@10_stderr,nDCG@10_ci90_low,nDCG@10_ci90_high,nDCG@10_ci95_low,nDCG@10_ci95_high,nDCG@100,nDCG@100_std,nDCG@100_stderr,nDCG@100_ci90_low,nDCG@100_ci90_high,nDCG@100_ci95_low,nDCG@100_ci95_high,RR@1,RR@3,RR@5,RR@10,RR@100,P@1,P@3,P@5,P@10,P@100,R@1,R@3,R@5,R@10,R@100,AP
0.6293800539083558,0.48313361658005194,0.012541523792971769,0.6087381886046713,0.6500219192120403,0.6047790408913108,0.6539810669254008,0.7021310196496806,0.4172115473218662,0.010830272139783442,0.6843056722356018,0.7199563670637594,0.6808867378313691,0.7233753014679921,0.7240836790996544,0.3903176432610167,0.010132141175408376,0.7074073727087277,0.7407599854905812,0.7042088264851385,0.7439585317141704,0.7451561367010906,0.3601801693616716,0.009349811333315769,0.7297674527307008,0.7605448206714804,0.7268158748545425,0.7634963985476387,0.7660943187582421,0.32218253844514405,0.008363441981521287,0.752329082116544,0.7798595553999401,0.7496888844225829,0.7824997530939013,0.6293800539083558,0.6896900269541785,0.7017183288409714,0.7101241282676599,0.7142835341186023,0.6293800539083558,0.2643755615453699,0.1699460916442014,0.09204851752021362,0.010242587601077985,0.6102313566936208,0.7539869721473494,0.8063791554357591,0.8689353099730458,0.9636118598382749,0.7076954692619786
