nDCG@1,nDCG@1_std,nDCG@1_stderr,nDCG@1_ci90_low,nDCG@1_ci90_high,nDCG@1_ci95_low,nDCG@1_ci95_high,nDCG@3,nDCG@3_std,nDCG@3_stderr,nDCG@3_ci90_low,nDCG@3_ci90_high,nDCG@3_ci95_low,nDCG@3_ci95_high,nDCG@5,nDCG@5_std,nDCG@5_stderr,nDCG@5_ci90_low,nDCG@5_ci90_high,nDCG@5_ci95_low,nDCG@5_ci95_high,nDCG@10,nDCG@10_std,nDCG@10_stderr,nDCG@10_ci90_low,nDCG@10_ci90_high,nDCG@10_ci95_low,nDCG@10_ci95_high,nDCG@100,nDCG@100_std,nDCG@100_stderr,nDCG@100_ci90_low,nDCG@100_ci90_high,nDCG@100_ci95_low,nDCG@100_ci95_high,RR@1,RR@3,RR@5,RR@10,RR@100,P@1,P@3,P@5,P@10,P@100,R@1,R@3,R@5,R@10,R@100,AP
0.6293800539083558,0.48313361658005194,0.012541523792971769,0.6087381886046713,0.6500219192120403,0.6047790408913108,0.6539810669254008,0.712661461068373,0.406583231113196,0.010554374797855924,0.6952902080581101,0.7300327140786359,0.6919583697953388,0.7333645523414073,0.72945334935449,0.38601901086911095,0.010020554238440615,0.7129607018682196,0.7459459968407605,0.709797381760183,0.749109316948797,0.7480876874570234,0.35890469107859135,0.009316701566812864,0.7327534982475311,0.7634218766665156,0.7298123725666964,0.7663630023473503,0.7703350107774832,0.3181460354642702,0.008258659585021162,0.7567422335713735,0.783927787983593,0.7541351139142085,0.786534907640758,0.6293800539083558,0.6977762803234508,0.7068059299191386,0.7137725687759386,0.7182484804812568,0.6293800539083558,0.2704402515723238,0.17129380053908,0.09191374663072575,0.010289757412398738,0.6111859838274932,0.7718441150044925,0.8116015274034143,0.8676999101527404,0.9678234501347709,0.7121152480668673
