{
  "nDCG@1": 0.6340970350404312,
  "nDCG@1_std": 0.48184482665096606,
  "nDCG@1_stderr": 0.012508068473356072,
  "nDCG@1_ci90_low": 0.6135102332372111,
  "nDCG@1_ci90_high": 0.6546838368436514,
  "nDCG@1_ci95_low": 0.6095616468044688,
  "nDCG@1_ci95_high": 0.6586324232763937,
  "nDCG@3": 0.711477861485284,
  "nDCG@3_std": 0.4098454496784208,
  "nDCG@3_stderr": 0.010639057772398769,
  "nDCG@3_ci90_low": 0.6939672303114993,
  "nDCG@3_ci90_high": 0.7289884926590687,
  "nDCG@3_ci95_low": 0.690608659060731,
  "nDCG@3_ci95_high": 0.7323470639098371,
  "nDCG@5": 0.7324868558404728,
  "nDCG@5_std": 0.38350063171754195,
  "nDCG@5_stderr": 0.009955180372981404,
  "nDCG@5_ci90_low": 0.7161018060072042,
  "nDCG@5_ci90_high": 0.7488719056737414,
  "nDCG@5_ci95_low": 0.7129591233268215,
  "nDCG@5_ci95_high": 0.752014588354124,
  "nDCG@10": 0.7520989702546778,
  "nDCG@10_std": 0.35431522298648105,
  "nDCG@10_stderr": 0.009197564911239759,
  "nDCG@10_ci90_low": 0.7369608658940178,
  "nDCG@10_ci90_high": 0.7672370746153377,
  "nDCG@10_ci95_low": 0.7340573496476726,
  "nDCG@10_ci95_high": 0.770140590861683,
  "nDCG@100": 0.7719824845638552,
  "nDCG@100_std": 0.3176789155758716,
  "nDCG@100_stderr": 0.008246533756899344,
  "nDCG@100_ci90_low": 0.7584096650371246,
  "nDCG@100_ci90_high": 0.7855553040905858,
  "nDCG@100_ci95_low": 0.7558063732995548,
  "nDCG@100_ci95_high": 0.7881585958281556,
  "RR@1": 0.6340970350404312,
  "RR@3": 0.6976639712488776,
  "RR@5": 0.7091531895777192,
  "RR@10": 0.7169225709151591,
  "RR@100": 0.7208288731643983,
  "P@1": 0.6340970350404312,
  "P@3": 0.2688679245282987,
  "P@5": 0.17250673854447082,
  "P@10": 0.09278975741239684,
  "P@100": 0.010262803234501164,
  "R@1": 0.6146114106019765,
  "R@3": 0.7674640610961365,
  "R@5": 0.8173854447439353,
  "R@10": 0.876010781671159,
  "R@100": 0.9652964959568733,
  "AP": 0.7143480806638798
}