{
  "nDCG@1": 0.6495956873315364,
  "nDCG@1_std": 0.4772573910068516,
  "nDCG@1_stderr": 0.012388984577504135,
  "nDCG@1_ci90_low": 0.6292048835408857,
  "nDCG@1_ci90_high": 0.6699864911221871,
  "nDCG@1_ci95_low": 0.6252938898872779,
  "nDCG@1_ci95_high": 0.6738974847757949,
  "nDCG@3": 0.7316388487459852,
  "nDCG@3_std": 0.39661228048812497,
  "nDCG@3_stderr": 0.01029554181623053,
  "nDCG@3_ci90_low": 0.7146936042201024,
  "nDCG@3_ci90_high": 0.7485840932718679,
  "nDCG@3_ci95_low": 0.7114434751678116,
  "nDCG@3_ci95_high": 0.7518342223241588,
  "nDCG@5": 0.7490644230200814,
  "nDCG@5_std": 0.37422855165903474,
  "nDCG@5_stderr": 0.009714489167332625,
  "nDCG@5_ci90_low": 0.7330755224529464,
  "nDCG@5_ci90_high": 0.7650533235872163,
  "nDCG@5_ci95_low": 0.7300088219300911,
  "nDCG@5_ci95_high": 0.7681200241100716,
  "nDCG@10": 0.7674860059852107,
  "nDCG@10_std": 0.34500396757817176,
  "nDCG@10_stderr": 0.0089558567641802,
  "nDCG@10_ci90_low": 0.7527457246560074,
  "nDCG@10_ci90_high": 0.7822262873144139,
  "nDCG@10_ci95_low": 0.7499185115984556,
  "nDCG@10_ci95_high": 0.7850535003719658,
  "nDCG@100": 0.7862291408180717,
  "nDCG@100_std": 0.30865696278258103,
  "nDCG@100_stderr": 0.008012335531536623,
  "nDCG@100_ci90_low": 0.7730417838796279,
  "nDCG@100_ci90_high": 0.7994164977565156,
  "nDCG@100_ci95_low": 0.770512424575128,
  "nDCG@100_ci95_high": 0.8019458570610154,
  "RR@1": 0.6495956873315364,
  "RR@3": 0.7169811320754724,
  "RR@5": 0.7261455525606477,
  "RR@10": 0.7332622042527706,
  "RR@100": 0.7371187987413342,
  "P@1": 0.6495956873315364,
  "P@3": 0.27672955974842406,
  "P@5": 0.17560646900269167,
  "P@10": 0.09386792452829974,
  "P@100": 0.01030997304582192,
  "R@1": 0.6300539083557951,
  "R@3": 0.7901504941599281,
  "R@5": 0.8313117699910153,
  "R@10": 0.8867924528301887,
  "R@100": 0.969845013477089,
  "AP": 0.7310201924112409
}