{
  "nDCG@1": 0.633423180592992,
  "nDCG@1_std": 0.4820319784151529,
  "nDCG@1_stderr": 0.012512926691089006,
  "nDCG@1_ci90_low": 0.6128283827377996,
  "nDCG@1_ci90_high": 0.6540179784481843,
  "nDCG@1_ci95_low": 0.608878262647589,
  "nDCG@1_ci95_high": 0.6579680985383949,
  "nDCG@3": 0.711501827200656,
  "nDCG@3_std": 0.40986127847055726,
  "nDCG@3_stderr": 0.010639468667369395,
  "nDCG@3_ci90_low": 0.6939905197423323,
  "nDCG@3_ci90_high": 0.7290131346589798,
  "nDCG@3_ci95_low": 0.6906318187789461,
  "nDCG@3_ci95_high": 0.732371835622366,
  "nDCG@5": 0.7327829281247599,
  "nDCG@5_std": 0.38314710862978096,
  "nDCG@5_stderr": 0.009946003370876056,
  "nDCG@5_ci90_low": 0.7164129825519047,
  "nDCG@5_ci90_high": 0.7491528736976151,
  "nDCG@5_ci95_low": 0.7132731968964371,
  "nDCG@5_ci95_high": 0.7522926593530826,
  "nDCG@10": 0.7521704243898183,
  "nDCG@10_std": 0.3542787929522043,
  "nDCG@10_stderr": 0.009196619234669178,
  "nDCG@10_ci90_low": 0.7370338765009805,
  "nDCG@10_ci90_high": 0.7673069722786561,
  "nDCG@10_ci95_low": 0.7341306587887921,
  "nDCG@10_ci95_high": 0.7702101899908445,
  "nDCG@100": 0.7721691153391059,
  "nDCG@100_std": 0.31733372621949896,
  "nDCG@100_stderr": 0.008237573087681846,
  "nDCG@100_ci90_low": 0.7586110440144337,
  "nDCG@100_ci90_high": 0.7857271866637782,
  "nDCG@100_ci95_low": 0.7560105810091319,
  "nDCG@100_ci95_high": 0.78832764966908,
  "RR@1": 0.633423180592992,
  "RR@3": 0.6975516621743043,
  "RR@5": 0.7091756513926338,
  "RR@10": 0.7168487678090111,
  "RR@100": 0.7207718087521077,
  "P@1": 0.633423180592992,
  "P@3": 0.2688679245282987,
  "P@5": 0.1726415094339587,
  "P@10": 0.09278975741239684,
  "P@100": 0.010269541778975558,
  "R@1": 0.614274483378257,
  "R@3": 0.7674640610961365,
  "R@5": 0.8180592991913747,
  "R@10": 0.876010781671159,
  "R@100": 0.9659703504043127,
  "AP": 0.7144711214390705
}