{
  "nDCG@1": 0.6556603773584906,
  "nDCG@1_std": 0.4753126187286811,
  "nDCG@1_stderr": 0.012338500804565214,
  "nDCG@1_ci90_low": 0.6353526638890982,
  "nDCG@1_ci90_high": 0.675968090827883,
  "nDCG@1_ci95_low": 0.6314576071118614,
  "nDCG@1_ci95_high": 0.6798631476051198,
  "nDCG@3": 0.727913215475434,
  "nDCG@3_std": 0.4034425010216028,
  "nDCG@3_stderr": 0.010472845506953243,
  "nDCG@3_ci90_low": 0.7106761500383,
  "nDCG@3_ci90_high": 0.745150280912568,
  "nDCG@3_ci95_low": 0.707370049198746,
  "nDCG@3_ci95_high": 0.7484563817521219,
  "nDCG@5": 0.7504149898169982,
  "nDCG@5_std": 0.3739945469986074,
  "nDCG@5_stderr": 0.009708414709013641,
  "nDCG@5_ci90_low": 0.7344360870900366,
  "nDCG@5_ci90_high": 0.7663938925439597,
  "nDCG@5_ci95_low": 0.7313713041713066,
  "nDCG@5_ci95_high": 0.7694586754626898,
  "nDCG@10": 0.7676585835907779,
  "nDCG@10_std": 0.34675936318827133,
  "nDCG@10_stderr": 0.009001424563759085,
  "nDCG@10_ci90_low": 0.7528433030512219,
  "nDCG@10_ci90_high": 0.7824738641303338,
  "nDCG@10_ci95_low": 0.7500017050072455,
  "nDCG@10_ci95_high": 0.7853154621743103,
  "nDCG@100": 0.7865926743333821,
  "nDCG@100_std": 0.31016046215893395,
  "nDCG@100_stderr": 0.008051364430694428,
  "nDCG@100_ci90_low": 0.7733410804415453,
  "nDCG@100_ci90_high": 0.7998442682252189,
  "nDCG@100_ci95_low": 0.770799400371291,
  "nDCG@100_ci95_high": 0.8023859482954732,
  "RR@1": 0.6556603773584906,
  "RR@3": 0.7155211141060205,
  "RR@5": 0.7275494159928135,
  "RR@10": 0.7343457194198442,
  "RR@100": 0.7380408883276915,
  "P@1": 0.6556603773584906,
  "P@3": 0.2733602875112276,
  "P@5": 0.17601078167115528,
  "P@10": 0.0938005390835558,
  "P@100": 0.010316711590296313,
  "R@1": 0.6355008984725965,
  "R@3": 0.7802672955974842,
  "R@5": 0.8338948787061995,
  "R@10": 0.8857816711590296,
  "R@100": 0.9710242587601078,
  "AP": 0.7315637110998886
}