{
  "nDCG@1": 0.639487870619946,
  "nDCG@1_std": 0.4803109318156582,
  "nDCG@1_stderr": 0.012468250547397813,
  "nDCG@1_ci90_low": 0.6189666044149411,
  "nDCG@1_ci90_high": 0.660009136824951,
  "nDCG@1_ci95_low": 0.6150305878304174,
  "nDCG@1_ci95_high": 0.6639451534094747,
  "nDCG@3": 0.7205752595497322,
  "nDCG@3_std": 0.40392523136441516,
  "nDCG@3_stderr": 0.010485376562280808,
  "nDCG@3_ci90_low": 0.7033175694771509,
  "nDCG@3_ci90_high": 0.7378329496223136,
  "nDCG@3_ci95_low": 0.7000075127946016,
  "nDCG@3_ci95_high": 0.7411430063048629,
  "nDCG@5": 0.7374385334335584,
  "nDCG@5_std": 0.38263153301983205,
  "nDCG@5_stderr": 0.00993261969489627,
  "nDCG@5_ci90_low": 0.7210906158089336,
  "nDCG@5_ci90_high": 0.7537864510581831,
  "nDCG@5_ci95_low": 0.7179550551544329,
  "nDCG@5_ci95_high": 0.7569220117126838,
  "nDCG@10": 0.7580075375744056,
  "nDCG@10_std": 0.35134641881015855,
  "nDCG@10_stderr": 0.00912049859472553,
  "nDCG@10_ci90_low": 0.7429962752587155,
  "nDCG@10_ci90_high": 0.7730187998900958,
  "nDCG@10_ci95_low": 0.7401170875497826,
  "nDCG@10_ci95_high": 0.7758979875990287,
  "nDCG@100": 0.7773847462482728,
  "nDCG@100_std": 0.31508046884329083,
  "nDCG@100_stderr": 0.008179081440597874,
  "nDCG@100_ci90_low": 0.7639229452588826,
  "nDCG@100_ci90_high": 0.790846547237663,
  "nDCG@100_ci95_low": 0.7613409470808719,
  "nDCG@100_ci95_high": 0.7934285454156738,
  "RR@1": 0.639487870619946,
  "RR@3": 0.706311769991016,
  "RR@5": 0.7153414195867035,
  "RR@10": 0.7231519809181536,
  "RR@100": 0.7269360191310849,
  "P@1": 0.639487870619946,
  "P@3": 0.27268643306378826,
  "P@5": 0.17250673854447077,
  "P@10": 0.09312668463611651,
  "P@100": 0.010283018867924345,
  "R@1": 0.6206199460916442,
  "R@3": 0.777571877807727,
  "R@5": 0.8176662174303684,
  "R@10": 0.8801662174303684,
  "R@100": 0.9671495956873315,
  "AP": 0.7209350513218336
}