nDCG@1,nDCG@1_std,nDCG@1_stderr,nDCG@1_ci90_low,nDCG@1_ci90_high,nDCG@1_ci95_low,nDCG@1_ci95_high,nDCG@3,nDCG@3_std,nDCG@3_stderr,nDCG@3_ci90_low,nDCG@3_ci90_high,nDCG@3_ci95_low,nDCG@3_ci95_high,nDCG@5,nDCG@5_std,nDCG@5_stderr,nDCG@5_ci90_low,nDCG@5_ci90_high,nDCG@5_ci95_low,nDCG@5_ci95_high,nDCG@10,nDCG@10_std,nDCG@10_stderr,nDCG@10_ci90_low,nDCG@10_ci90_high,nDCG@10_ci95_low,nDCG@10_ci95_high,nDCG@100,nDCG@100_std,nDCG@100_stderr,nDCG@100_ci90_low,nDCG@100_ci90_high,nDCG@100_ci95_low,nDCG@100_ci95_high,RR@1,RR@3,RR@5,RR@10,RR@100,P@1,P@3,P@5,P@10,P@100,R@1,R@3,R@5,R@10,R@100,AP
0.6556603773584906,0.4753126187286811,0.012338500804565214,0.6353526638890982,0.675968090827883,0.6314576071118614,0.6798631476051198,0.7280014430721803,0.4034069405193825,0.010471922402310178,0.7107658969561447,0.7452369891882159,0.7074600875251704,0.7485427986191902,0.7507934307278101,0.373534922414598,0.009696483449299211,0.7348341654436342,0.766752696011986,0.731773149022532,0.7698137124330883,0.7677875418692865,0.34665827350177675,0.00899880040624885,0.7529765803827225,0.7825985033558506,0.7501358107410501,0.785439272997523,0.786819664579677,0.3098151834136951,0.008042401441057579,0.7735828227090344,0.8000565064503196,0.7710439721035655,0.8025953570557885,0.6556603773584906,0.7156334231805939,0.7278301886792464,0.7344467975869601,0.7382090576276847,0.6556603773584906,0.2733602875112276,0.17614555256064313,0.0938005390835558,0.010323450134770705,0.6355008984725965,0.7802672955974842,0.8345687331536388,0.8857816711590296,0.9716981132075472,0.7317164299196148
