{
  "nDCG@1": 0.6495956873315364,
  "nDCG@1_std": 0.4772573910068516,
  "nDCG@1_stderr": 0.012388984577504135,
  "nDCG@1_ci90_low": 0.6292048835408857,
  "nDCG@1_ci90_high": 0.6699864911221871,
  "nDCG@1_ci95_low": 0.6252938898872779,
  "nDCG@1_ci95_high": 0.6738974847757949,
  "nDCG@3": 0.731125466328773,
  "nDCG@3_std": 0.3970950700906179,
  "nDCG@3_stderr": 0.010308074409862752,
  "nDCG@3_ci90_low": 0.7141595946355753,
  "nDCG@3_ci90_high": 0.7480913380219706,
  "nDCG@3_ci95_low": 0.7109055092546722,
  "nDCG@3_ci95_high": 0.7513454234028737,
  "nDCG@5": 0.7488412539169347,
  "nDCG@5_std": 0.37435053453471295,
  "nDCG@5_stderr": 0.009717655685010453,
  "nDCG@5_ci90_low": 0.7328471416360984,
  "nDCG@5_ci90_high": 0.7648353661977709,
  "nDCG@5_ci95_low": 0.7297794414969738,
  "nDCG@5_ci95_high": 0.7679030663368955,
  "nDCG@10": 0.7672628368820642,
  "nDCG@10_std": 0.3451481990028696,
  "nDCG@10_stderr": 0.008959600825413916,
  "nDCG@10_ci90_low": 0.752516393270753,
  "nDCG@10_ci90_high": 0.7820092804933754,
  "nDCG@10_ci95_low": 0.7496879982761642,
  "nDCG@10_ci95_high": 0.7848376754879642,
  "nDCG@100": 0.7860104669613132,
  "nDCG@100_std": 0.3088250220822123,
  "nDCG@100_stderr": 0.008016698133584221,
  "nDCG@100_ci90_low": 0.7728159296957156,
  "nDCG@100_ci90_high": 0.7992050042269108,
  "nDCG@100_ci95_low": 0.7702851931912673,
  "nDCG@100_ci95_high": 0.801735740731359,
  "RR@1": 0.6495956873315364,
  "RR@3": 0.7165318957771797,
  "RR@5": 0.7258647798742148,
  "RR@10": 0.7329814315663373,
  "RR@100": 0.7368391142756899,
  "P@1": 0.6495956873315364,
  "P@3": 0.27650494159927763,
  "P@5": 0.17560646900269167,
  "P@10": 0.09386792452829974,
  "P@100": 0.01030997304582192,
  "R@1": 0.6300539083557951,
  "R@3": 0.7894766397124887,
  "R@5": 0.8313117699910153,
  "R@10": 0.8867924528301887,
  "R@100": 0.969845013477089,
  "AP": 0.7307431624600464
}