{
  "nDCG@1": 0.14892183288409702,
  "nDCG@1_std": 0.3561314157086241,
  "nDCG@1_stderr": 0.00924471092521125,
  "nDCG@1_ci90_low": 0.13370613175879587,
  "nDCG@1_ci90_high": 0.16413753400939818,
  "nDCG@1_ci95_low": 0.13078773231033816,
  "nDCG@1_ci95_high": 0.16705593345785588,
  "nDCG@3": 0.22174899475179993,
  "nDCG@3_std": 0.3742447201323294,
  "nDCG@3_stderr": 0.009714908879986769,
  "nDCG@3_ci90_low": 0.2057594033872614,
  "nDCG@3_ci90_high": 0.23773858611633847,
  "nDCG@3_ci95_low": 0.20269257036819407,
  "nDCG@3_ci95_high": 0.2408054191354058,
  "nDCG@5": 0.24747925368543242,
  "nDCG@5_std": 0.3721717815652065,
  "nDCG@5_stderr": 0.009661098075959157,
  "nDCG@5_ci90_low": 0.23157822854194937,
  "nDCG@5_ci90_high": 0.26338027882891546,
  "nDCG@5_ci95_low": 0.2285283826869011,
  "nDCG@5_ci95_high": 0.26643012468396376,
  "nDCG@10": 0.28270847104246594,
  "nDCG@10_std": 0.3622778467195111,
  "nDCG@10_stderr": 0.0094042643243528,
  "nDCG@10_ci90_low": 0.2672301638871327,
  "nDCG@10_ci90_high": 0.29818677819779915,
  "nDCG@10_ci95_low": 0.2642613961193386,
  "nDCG@10_ci95_high": 0.3011555459655933,
  "nDCG@100": 0.34525874186362215,
  "nDCG@100_std": 0.3258133732781878,
  "nDCG@100_stderr": 0.008457693757602002,
  "nDCG@100_ci90_low": 0.3313383779424478,
  "nDCG@100_ci90_high": 0.3591791057847965,
  "nDCG@100_ci95_low": 0.3286684265510963,
  "nDCG@100_ci95_high": 0.361849057176148,
  "RR@1": 0.14892183288409702,
  "RR@3": 0.20597484276729564,
  "RR@5": 0.22049640610961344,
  "RR@10": 0.23530489239721025,
  "RR@100": 0.24697486528304285,
  "P@1": 0.14892183288409702,
  "P@3": 0.0936657681940698,
  "P@5": 0.06913746630727824,
  "P@10": 0.046091644204852004,
  "P@100": 0.007803234501347576,
  "R@1": 0.1460579514824798,
  "R@3": 0.27498876909254266,
  "R@5": 0.3372079964061096,
  "R@10": 0.44519317160826594,
  "R@100": 0.7451145552560647,
  "AP": 0.2433793694479202
}