nDCG@1,nDCG@1_std,nDCG@1_stderr,nDCG@1_ci90_low,nDCG@1_ci90_high,nDCG@1_ci95_low,nDCG@1_ci95_high,nDCG@3,nDCG@3_std,nDCG@3_stderr,nDCG@3_ci90_low,nDCG@3_ci90_high,nDCG@3_ci95_low,nDCG@3_ci95_high,nDCG@5,nDCG@5_std,nDCG@5_stderr,nDCG@5_ci90_low,nDCG@5_ci90_high,nDCG@5_ci95_low,nDCG@5_ci95_high,nDCG@10,nDCG@10_std,nDCG@10_stderr,nDCG@10_ci90_low,nDCG@10_ci90_high,nDCG@10_ci95_low,nDCG@10_ci95_high,nDCG@100,nDCG@100_std,nDCG@100_stderr,nDCG@100_ci90_low,nDCG@100_ci90_high,nDCG@100_ci95_low,nDCG@100_ci95_high,RR@1,RR@3,RR@5,RR@10,RR@100,P@1,P@3,P@5,P@10,P@100,R@1,R@3,R@5,R@10,R@100,AP
0.12466307277628032,0.33044783721430887,0.008577998447087216,0.11054470156055797,0.13878144399200268,0.10783677200609454,0.1414893735464661,0.1907042745652563,0.35176266624644825,0.009131303839789917,0.17567522809375904,0.20573332103675354,0.17279262935104783,0.20861591977946475,0.2186896456960892,0.35182290330188154,0.009132867515837306,0.20365802559870075,0.23372126579347766,0.2007749332298122,0.2366043581623662,0.2462665825888329,0.3462571918194284,0.00898838884454113,0.2314727573018185,0.26106040787584733,0.22863527441472292,0.2638978907629429,0.3081257649010678,0.315570174926307,0.008191793577118585,0.2946430412379967,0.32160848856413893,0.29205703005270955,0.32419449974942605,0.12466307277628032,0.17688679245283037,0.19248652291105123,0.20378989646172943,0.21526937911671012,0.12466307277628032,0.08221024258760064,0.06361185983827547,0.04049865229110552,0.007210242587600957,0.12073225516621743,0.24000449236298294,0.3081199460916442,0.39369946091644203,0.6926662174303684,0.21118568576756985
