nDCG@1,nDCG@3,nDCG@5,nDCG@10,nDCG@100,RR@1,RR@3,RR@5,RR@10,RR@100,P@1,P@3,P@5,P@10,P@100,R@1,R@3,R@5,R@10,R@100,AP
0.1421832884097035,0.21346813825882352,0.24103206723544635,0.2728977314732224,0.33736036479321735,0.1421832884097035,0.19822551662174312,0.21382524707996395,0.22722371967654967,0.2393203482151517,0.1421832884097035,0.09029649595687293,0.06819407008086313,0.04440700808625372,0.007715633423180461,0.13931940700808626,0.2648809523809524,0.33176100628930816,0.42890835579514824,0.7371406109613656,0.23587226272661652
