nDCG@1,nDCG@1_std,nDCG@1_stderr,nDCG@1_ci90_low,nDCG@1_ci90_high,nDCG@1_ci95_low,nDCG@1_ci95_high,nDCG@3,nDCG@3_std,nDCG@3_stderr,nDCG@3_ci90_low,nDCG@3_ci90_high,nDCG@3_ci95_low,nDCG@3_ci95_high,nDCG@5,nDCG@5_std,nDCG@5_stderr,nDCG@5_ci90_low,nDCG@5_ci90_high,nDCG@5_ci95_low,nDCG@5_ci95_high,nDCG@10,nDCG@10_std,nDCG@10_stderr,nDCG@10_ci90_low,nDCG@10_ci90_high,nDCG@10_ci95_low,nDCG@10_ci95_high,nDCG@100,nDCG@100_std,nDCG@100_stderr,nDCG@100_ci90_low,nDCG@100_ci90_high,nDCG@100_ci95_low,nDCG@100_ci95_high,RR@1,RR@3,RR@5,RR@10,RR@100,P@1,P@3,P@5,P@10,P@100,R@1,R@3,R@5,R@10,R@100,AP
0.1421832884097035,0.3493557563110541,0.009068823571006376,0.12725707707320721,0.1571094997461998,0.12439420229844182,0.1599723745209652,0.21346813825882352,0.36916568595540683,0.00958306372206525,0.19769554843538034,0.2292407280822667,0.1946703367108319,0.23226593980681515,0.24103206723544635,0.36725785862449645,0.009533538992171964,0.2253409892618018,0.2567231452090909,0.22233141165989653,0.2597327228109962,0.2728977314732224,0.3591796874691588,0.009323840117426867,0.2575517930534531,0.28824366989299166,0.2546084138524875,0.29118704909395726,0.33736036479321735,0.322911066136985,0.008382353618111056,0.3235640018337287,0.351156727752706,0.3209178340547926,0.3538028955316421,0.1421832884097035,0.19822551662174312,0.21382524707996395,0.22722371967654967,0.2393203482151517,0.1421832884097035,0.09029649595687293,0.06819407008086313,0.04440700808625372,0.007715633423180461,0.13931940700808626,0.2648809523809524,0.33176100628930816,0.42890835579514824,0.7371406109613656,0.23587226272661652
