nDCG@1,nDCG@3,nDCG@5,nDCG@10,nDCG@100,RR@1,RR@3,RR@5,RR@10,RR@100,P@1,P@3,P@5,P@10,P@100,R@1,R@3,R@5,R@10,R@100,AP
0.14555256064690028,0.2115790809257813,0.24118467017232195,0.27077329696812225,0.335921829166559,0.14555256064690028,0.1975516621743038,0.21449910152740334,0.22691513712403188,0.23922362371182423,0.14555256064690028,0.08827493261455481,0.06805929919137525,0.04359838274932654,0.007661725067385314,0.14268867924528303,0.2591531895777179,0.3306379155435759,0.42059748427672955,0.7317497753818507,0.23575189795230644
