nDCG@1,nDCG@3,nDCG@5,nDCG@10,nDCG@100,RR@1,RR@3,RR@5,RR@10,RR@100,P@1,P@3,P@5,P@10,P@100,R@1,R@3,R@5,R@10,R@100,AP
0.12466307277628032,0.1907042745652563,0.2186896456960892,0.2462665825888329,0.3081257649010678,0.12466307277628032,0.17688679245283037,0.19248652291105123,0.20378989646172943,0.21526937911671012,0.12466307277628032,0.08221024258760064,0.06361185983827547,0.04049865229110552,0.007210242587600957,0.12073225516621743,0.24000449236298294,0.3081199460916442,0.39369946091644203,0.6926662174303684,0.21118568576756985
