nDCG@1,nDCG@1_std,nDCG@1_stderr,nDCG@1_ci90_low,nDCG@1_ci90_high,nDCG@1_ci95_low,nDCG@1_ci95_high,nDCG@3,nDCG@3_std,nDCG@3_stderr,nDCG@3_ci90_low,nDCG@3_ci90_high,nDCG@3_ci95_low,nDCG@3_ci95_high,nDCG@5,nDCG@5_std,nDCG@5_stderr,nDCG@5_ci90_low,nDCG@5_ci90_high,nDCG@5_ci95_low,nDCG@5_ci95_high,nDCG@10,nDCG@10_std,nDCG@10_stderr,nDCG@10_ci90_low,nDCG@10_ci90_high,nDCG@10_ci95_low,nDCG@10_ci95_high,nDCG@100,nDCG@100_std,nDCG@100_stderr,nDCG@100_ci90_low,nDCG@100_ci90_high,nDCG@100_ci95_low,nDCG@100_ci95_high,RR@1,RR@3,RR@5,RR@10,RR@100,P@1,P@3,P@5,P@10,P@100,R@1,R@3,R@5,R@10,R@100,AP
0.14892183288409702,0.3561314157086241,0.00924471092521125,0.13370613175879587,0.16413753400939818,0.13078773231033816,0.16705593345785588,0.22174899475179993,0.3742447201323294,0.009714908879986769,0.2057594033872614,0.23773858611633847,0.20269257036819407,0.2408054191354058,0.24747925368543242,0.3721717815652065,0.009661098075959157,0.23157822854194937,0.26338027882891546,0.2285283826869011,0.26643012468396376,0.28270847104246594,0.3622778467195111,0.0094042643243528,0.2672301638871327,0.29818677819779915,0.2642613961193386,0.3011555459655933,0.34525874186362215,0.3258133732781878,0.008457693757602002,0.3313383779424478,0.3591791057847965,0.3286684265510963,0.361849057176148,0.14892183288409702,0.20597484276729564,0.22049640610961344,0.23530489239721025,0.24697486528304285,0.14892183288409702,0.0936657681940698,0.06913746630727824,0.046091644204852004,0.007803234501347576,0.1460579514824798,0.27498876909254266,0.3372079964061096,0.44519317160826594,0.7451145552560647,0.2433793694479202
