{
  "nDCG@1": 0.12466307277628032,
  "nDCG@1_std": 0.33044783721430887,
  "nDCG@1_stderr": 0.008577998447087216,
  "nDCG@1_ci90_low": 0.11054470156055797,
  "nDCG@1_ci90_high": 0.13878144399200268,
  "nDCG@1_ci95_low": 0.10783677200609454,
  "nDCG@1_ci95_high": 0.1414893735464661,
  "nDCG@3": 0.1907042745652563,
  "nDCG@3_std": 0.35176266624644825,
  "nDCG@3_stderr": 0.009131303839789917,
  "nDCG@3_ci90_low": 0.17567522809375904,
  "nDCG@3_ci90_high": 0.20573332103675354,
  "nDCG@3_ci95_low": 0.17279262935104783,
  "nDCG@3_ci95_high": 0.20861591977946475,
  "nDCG@5": 0.2186896456960892,
  "nDCG@5_std": 0.35182290330188154,
  "nDCG@5_stderr": 0.009132867515837306,
  "nDCG@5_ci90_low": 0.20365802559870075,
  "nDCG@5_ci90_high": 0.23372126579347766,
  "nDCG@5_ci95_low": 0.2007749332298122,
  "nDCG@5_ci95_high": 0.2366043581623662,
  "nDCG@10": 0.2462665825888329,
  "nDCG@10_std": 0.3462571918194284,
  "nDCG@10_stderr": 0.00898838884454113,
  "nDCG@10_ci90_low": 0.2314727573018185,
  "nDCG@10_ci90_high": 0.26106040787584733,
  "nDCG@10_ci95_low": 0.22863527441472292,
  "nDCG@10_ci95_high": 0.2638978907629429,
  "nDCG@100": 0.3081257649010678,
  "nDCG@100_std": 0.315570174926307,
  "nDCG@100_stderr": 0.008191793577118585,
  "nDCG@100_ci90_low": 0.2946430412379967,
  "nDCG@100_ci90_high": 0.32160848856413893,
  "nDCG@100_ci95_low": 0.29205703005270955,
  "nDCG@100_ci95_high": 0.32419449974942605,
  "RR@1": 0.12466307277628032,
  "RR@3": 0.17688679245283037,
  "RR@5": 0.19248652291105123,
  "RR@10": 0.20378989646172943,
  "RR@100": 0.21526937911671012,
  "P@1": 0.12466307277628032,
  "P@3": 0.08221024258760064,
  "P@5": 0.06361185983827547,
  "P@10": 0.04049865229110552,
  "P@100": 0.007210242587600957,
  "R@1": 0.12073225516621743,
  "R@3": 0.24000449236298294,
  "R@5": 0.3081199460916442,
  "R@10": 0.39369946091644203,
  "R@100": 0.6926662174303684,
  "AP": 0.21118568576756985
}