nDCG@1,nDCG@3,nDCG@5,nDCG@10,nDCG@100,RR@1,RR@3,RR@5,RR@10,RR@100,P@1,P@3,P@5,P@10,P@100,R@1,R@3,R@5,R@10,R@100,AP
0.1408355795148248,0.21404813392245425,0.24715061392544754,0.2764267000720002,0.33999303363437827,0.1408355795148248,0.19867475292003603,0.21727313566936185,0.22976030034655356,0.2415964372197594,0.1408355795148248,0.09119496855345877,0.07142857142857208,0.044946091644205176,0.007749326145552428,0.1372416891284816,0.2672955974842767,0.34731581311769993,0.4366015274034142,0.7429245283018868,0.23737288798705386
