nDCG@1,nDCG@3,nDCG@5,nDCG@10,nDCG@100,RR@1,RR@3,RR@5,RR@10,RR@100,P@1,P@3,P@5,P@10,P@100,R@1,R@3,R@5,R@10,R@100,AP
0.13679245283018868,0.2007016973852574,0.23585941860986218,0.2678737858080871,0.3265365825601765,0.13679245283018868,0.18733153638814032,0.20690700808625317,0.22033810379497687,0.2310303543175415,0.13679245283018868,0.08513027852650445,0.06859838274932675,0.04454177897574159,0.007466307277627905,0.13353548966756512,0.24842767295597484,0.33350179694519316,0.43177223719676544,0.7170934411500448,0.2270892566088162
