{
  "nDCG@1": 0.14555256064690028,
  "nDCG@1_std": 0.3527759551206797,
  "nDCG@1_stderr": 0.009157607508359462,
  "nDCG@1_ci90_low": 0.130480221446978,
  "nDCG@1_ci90_high": 0.16062489984682257,
  "nDCG@1_ci95_low": 0.12758931907936527,
  "nDCG@1_ci95_high": 0.1635158022144353,
  "nDCG@3": 0.2115790809257813,
  "nDCG@3_std": 0.3707654041498232,
  "nDCG@3_stderr": 0.009624590337288885,
  "nDCG@3_ci90_low": 0.1957381432036207,
  "nDCG@3_ci90_high": 0.22742001864794187,
  "nDCG@3_ci95_low": 0.1926998222264471,
  "nDCG@3_ci95_high": 0.23045833962511547,
  "nDCG@5": 0.24118467017232195,
  "nDCG@5_std": 0.3687725350694908,
  "nDCG@5_stderr": 0.009572858033575084,
  "nDCG@5_ci90_low": 0.22542887770545386,
  "nDCG@5_ci90_high": 0.25694046263919,
  "nDCG@5_ci95_low": 0.22240688774477685,
  "nDCG@5_ci95_high": 0.25996245259986706,
  "nDCG@10": 0.27077329696812225,
  "nDCG@10_std": 0.3614911597625057,
  "nDCG@10_stderr": 0.009383842948463571,
  "nDCG@10_ci90_low": 0.255328600982961,
  "nDCG@10_ci90_high": 0.2862179929532835,
  "nDCG@10_ci95_low": 0.25236627989939675,
  "nDCG@10_ci95_high": 0.28918031403684774,
  "nDCG@100": 0.335921829166559,
  "nDCG@100_std": 0.32542390747285277,
  "nDCG@100_stderr": 0.00844758372903737,
  "nDCG@100_ci90_low": 0.3220181051570327,
  "nDCG@100_ci90_high": 0.34982555317608527,
  "nDCG@100_ci95_low": 0.31935134533132625,
  "nDCG@100_ci95_high": 0.35249231300179173,
  "RR@1": 0.14555256064690028,
  "RR@3": 0.1975516621743038,
  "RR@5": 0.21449910152740334,
  "RR@10": 0.22691513712403188,
  "RR@100": 0.23922362371182423,
  "P@1": 0.14555256064690028,
  "P@3": 0.08827493261455481,
  "P@5": 0.06805929919137525,
  "P@10": 0.04359838274932654,
  "P@100": 0.007661725067385314,
  "R@1": 0.14268867924528303,
  "R@3": 0.2591531895777179,
  "R@5": 0.3306379155435759,
  "R@10": 0.42059748427672955,
  "R@100": 0.7317497753818507,
  "AP": 0.23575189795230644
}