nDCG@1,nDCG@1_std,nDCG@1_stderr,nDCG@1_ci90_low,nDCG@1_ci90_high,nDCG@1_ci95_low,nDCG@1_ci95_high,nDCG@3,nDCG@3_std,nDCG@3_stderr,nDCG@3_ci90_low,nDCG@3_ci90_high,nDCG@3_ci95_low,nDCG@3_ci95_high,nDCG@5,nDCG@5_std,nDCG@5_stderr,nDCG@5_ci90_low,nDCG@5_ci90_high,nDCG@5_ci95_low,nDCG@5_ci95_high,nDCG@10,nDCG@10_std,nDCG@10_stderr,nDCG@10_ci90_low,nDCG@10_ci90_high,nDCG@10_ci95_low,nDCG@10_ci95_high,nDCG@100,nDCG@100_std,nDCG@100_stderr,nDCG@100_ci90_low,nDCG@100_ci90_high,nDCG@100_ci95_low,nDCG@100_ci95_high,RR@1,RR@3,RR@5,RR@10,RR@100,P@1,P@3,P@5,P@10,P@100,R@1,R@3,R@5,R@10,R@100,AP
0.14555256064690028,0.3527759551206797,0.009157607508359462,0.130480221446978,0.16062489984682257,0.12758931907936527,0.1635158022144353,0.2115790809257813,0.3707654041498232,0.009624590337288885,0.1957381432036207,0.22742001864794187,0.1926998222264471,0.23045833962511547,0.24118467017232195,0.3687725350694908,0.009572858033575084,0.22542887770545386,0.25694046263919,0.22240688774477685,0.25996245259986706,0.27077329696812225,0.3614911597625057,0.009383842948463571,0.255328600982961,0.2862179929532835,0.25236627989939675,0.28918031403684774,0.335921829166559,0.32542390747285277,0.00844758372903737,0.3220181051570327,0.34982555317608527,0.31935134533132625,0.35249231300179173,0.14555256064690028,0.1975516621743038,0.21449910152740334,0.22691513712403188,0.23922362371182423,0.14555256064690028,0.08827493261455481,0.06805929919137525,0.04359838274932654,0.007661725067385314,0.14268867924528303,0.2591531895777179,0.3306379155435759,0.42059748427672955,0.7317497753818507,0.23575189795230644
