nDCG@1,nDCG@1_std,nDCG@1_stderr,nDCG@1_ci90_low,nDCG@1_ci90_high,nDCG@1_ci95_low,nDCG@1_ci95_high,nDCG@3,nDCG@3_std,nDCG@3_stderr,nDCG@3_ci90_low,nDCG@3_ci90_high,nDCG@3_ci95_low,nDCG@3_ci95_high,nDCG@5,nDCG@5_std,nDCG@5_stderr,nDCG@5_ci90_low,nDCG@5_ci90_high,nDCG@5_ci95_low,nDCG@5_ci95_high,nDCG@10,nDCG@10_std,nDCG@10_stderr,nDCG@10_ci90_low,nDCG@10_ci90_high,nDCG@10_ci95_low,nDCG@10_ci95_high,nDCG@100,nDCG@100_std,nDCG@100_stderr,nDCG@100_ci90_low,nDCG@100_ci90_high,nDCG@100_ci95_low,nDCG@100_ci95_high,RR@1,RR@3,RR@5,RR@10,RR@100,P@1,P@3,P@5,P@10,P@100,R@1,R@3,R@5,R@10,R@100,AP
0.1408355795148248,0.34796912369651967,0.009032828381827871,0.1259686120037893,0.1557025470258603,0.12311710030366146,0.15855405872598816,0.21404813392245425,0.3677719230748772,0.00954688344040392,0.19833509256481402,0.2297611752800945,0.19532130234548079,0.23277496549942772,0.24715061392544754,0.36548055110329125,0.009487402387722024,0.23153547134772026,0.26276575650317485,0.22854045829435193,0.26576076955654315,0.2764267000720002,0.357322716176857,0.009275635544517772,0.2611601006797237,0.29169329946427675,0.25823193885008844,0.294621461293912,0.33999303363437827,0.32090536777622763,0.008330288282871036,0.326282364060698,0.35370370320805855,0.323652632430699,0.3563334348380575,0.1408355795148248,0.19867475292003603,0.21727313566936185,0.22976030034655356,0.2415964372197594,0.1408355795148248,0.09119496855345877,0.07142857142857208,0.044946091644205176,0.007749326145552428,0.1372416891284816,0.2672955974842767,0.34731581311769993,0.4366015274034142,0.7429245283018868,0.23737288798705386
