{
  "nDCG@1": 0.1408355795148248,
  "nDCG@3": 0.21404813392245425,
  "nDCG@5": 0.24715061392544754,
  "nDCG@10": 0.2764267000720002,
  "nDCG@100": 0.33999303363437827,
  "RR@1": 0.1408355795148248,
  "RR@3": 0.19867475292003603,
  "RR@5": 0.21727313566936185,
  "RR@10": 0.22976030034655356,
  "RR@100": 0.2415964372197594,
  "P@1": 0.1408355795148248,
  "P@3": 0.09119496855345877,
  "P@5": 0.07142857142857208,
  "P@10": 0.044946091644205176,
  "P@100": 0.007749326145552428,
  "R@1": 0.1372416891284816,
  "R@3": 0.2672955974842767,
  "R@5": 0.34731581311769993,
  "R@10": 0.4366015274034142,
  "R@100": 0.7429245283018868,
  "AP": 0.23737288798705386
}