nDCG@1,nDCG@1_std,nDCG@1_stderr,nDCG@1_ci90_low,nDCG@1_ci90_high,nDCG@1_ci95_low,nDCG@1_ci95_high,nDCG@3,nDCG@3_std,nDCG@3_stderr,nDCG@3_ci90_low,nDCG@3_ci90_high,nDCG@3_ci95_low,nDCG@3_ci95_high,nDCG@5,nDCG@5_std,nDCG@5_stderr,nDCG@5_ci90_low,nDCG@5_ci90_high,nDCG@5_ci95_low,nDCG@5_ci95_high,nDCG@10,nDCG@10_std,nDCG@10_stderr,nDCG@10_ci90_low,nDCG@10_ci90_high,nDCG@10_ci95_low,nDCG@10_ci95_high,nDCG@100,nDCG@100_std,nDCG@100_stderr,nDCG@100_ci90_low,nDCG@100_ci90_high,nDCG@100_ci95_low,nDCG@100_ci95_high,RR@1,RR@3,RR@5,RR@10,RR@100,P@1,P@3,P@5,P@10,P@100,R@1,R@3,R@5,R@10,R@100,AP
0.13679245283018868,0.34374394576949846,0.008923148227761225,0.12210600588460471,0.15147889977577264,0.11928911836080042,0.15429578729957694,0.2007016973852574,0.36179205447897567,0.009391653786120658,0.18524414568483477,0.21615924908568002,0.18227935885144936,0.21912403591906543,0.23585941860986218,0.3606938655313004,0.009363146221455747,0.22044878699025772,0.25127005022946663,0.21749299951463136,0.254225837705093,0.2678737858080871,0.3527164503257068,0.009156062840846505,0.25280398894825584,0.2829435826679183,0.2499135742061464,0.28583399741002774,0.3265365825601765,0.3203045603653341,0.008314692099579024,0.3128515824601646,0.34022158266018837,0.31022677428240614,0.3428463908379468,0.13679245283018868,0.18733153638814032,0.20690700808625317,0.22033810379497687,0.2310303543175415,0.13679245283018868,0.08513027852650445,0.06859838274932675,0.04454177897574159,0.007466307277627905,0.13353548966756512,0.24842767295597484,0.33350179694519316,0.43177223719676544,0.7170934411500448,0.2270892566088162
