nDCG@1,nDCG@3,nDCG@5,nDCG@10,nDCG@100,RR@1,RR@3,RR@5,RR@10,RR@100,P@1,P@3,P@5,P@10,P@100,R@1,R@3,R@5,R@10,R@100,AP
0.1307277628032345,0.19679909538010798,0.22406065153726243,0.25573323004895926,0.3165130001690783,0.1307277628032345,0.18295148247978443,0.19818059299191368,0.2113228939374491,0.22241962562909462,0.1307277628032345,0.08445642407906513,0.06455525606469058,0.042250673854447855,0.007358490566037611,0.12646001796945192,0.24674303683737647,0.31250000000000006,0.41054582210242585,0.7058625336927223,0.21806370731470762
