{
  "nDCG@1": 0.12466307277628032,
  "nDCG@3": 0.1907042745652563,
  "nDCG@5": 0.2186896456960892,
  "nDCG@10": 0.2462665825888329,
  "nDCG@100": 0.3081257649010678,
  "RR@1": 0.12466307277628032,
  "RR@3": 0.17688679245283037,
  "RR@5": 0.19248652291105123,
  "RR@10": 0.20378989646172943,
  "RR@100": 0.21526937911671012,
  "P@1": 0.12466307277628032,
  "P@3": 0.08221024258760064,
  "P@5": 0.06361185983827547,
  "P@10": 0.04049865229110552,
  "P@100": 0.007210242587600957,
  "R@1": 0.12073225516621743,
  "R@3": 0.24000449236298294,
  "R@5": 0.3081199460916442,
  "R@10": 0.39369946091644203,
  "R@100": 0.6926662174303684,
  "AP": 0.21118568576756985
}