nDCG@1,nDCG@1_std,nDCG@1_stderr,nDCG@1_ci90_low,nDCG@1_ci90_high,nDCG@1_ci95_low,nDCG@1_ci95_high,nDCG@3,nDCG@3_std,nDCG@3_stderr,nDCG@3_ci90_low,nDCG@3_ci90_high,nDCG@3_ci95_low,nDCG@3_ci95_high,nDCG@5,nDCG@5_std,nDCG@5_stderr,nDCG@5_ci90_low,nDCG@5_ci90_high,nDCG@5_ci95_low,nDCG@5_ci95_high,nDCG@10,nDCG@10_std,nDCG@10_stderr,nDCG@10_ci90_low,nDCG@10_ci90_high,nDCG@10_ci95_low,nDCG@10_ci95_high,nDCG@100,nDCG@100_std,nDCG@100_stderr,nDCG@100_ci90_low,nDCG@100_ci90_high,nDCG@100_ci95_low,nDCG@100_ci95_high,RR@1,RR@3,RR@5,RR@10,RR@100,P@1,P@3,P@5,P@10,P@100,R@1,R@3,R@5,R@10,R@100,AP
0.1711590296495957,0.3767748347601861,0.009780587383231539,0.15506133923427948,0.18725672006491192,0.1519737726185431,0.1903442866806483,0.24993489258370555,0.38889079294188333,0.010095101986636764,0.23331954831813145,0.26655023684927964,0.2301326947422581,0.26973709042515304,0.2785651868933001,0.3847362120117551,0.009987254439298075,0.26212734693918344,0.2950030268474168,0.2589745390165724,0.2981558347700278,0.3143945392494912,0.3726349589060364,0.00967312156064545,0.29847372487182317,0.3303153536271592,0.2954200834052776,0.33336899509370477,0.3782716049038166,0.3309256869386745,0.008590402807872582,0.3641328175768835,0.39241039223074975,0.36142097217475677,0.39512223763287646,0.17183288409703504,0.23450134770889464,0.24949460916441996,0.264824530441107,0.2767087574143378,0.1711590296495957,0.10579514824797852,0.07803234501347782,0.05047169811320757,0.00830862533692708,0.16610512129380053,0.3077268643306379,0.3773023360287511,0.4855682839173405,0.7905997304582211,0.27138137097550324
