nDCG@1,nDCG@1_std,nDCG@1_stderr,nDCG@1_ci90_low,nDCG@1_ci90_high,nDCG@1_ci95_low,nDCG@1_ci95_high,nDCG@3,nDCG@3_std,nDCG@3_stderr,nDCG@3_ci90_low,nDCG@3_ci90_high,nDCG@3_ci95_low,nDCG@3_ci95_high,nDCG@5,nDCG@5_std,nDCG@5_stderr,nDCG@5_ci90_low,nDCG@5_ci90_high,nDCG@5_ci95_low,nDCG@5_ci95_high,nDCG@10,nDCG@10_std,nDCG@10_stderr,nDCG@10_ci90_low,nDCG@10_ci90_high,nDCG@10_ci95_low,nDCG@10_ci95_high,nDCG@100,nDCG@100_std,nDCG@100_stderr,nDCG@100_ci90_low,nDCG@100_ci90_high,nDCG@100_ci95_low,nDCG@100_ci95_high,RR@1,RR@3,RR@5,RR@10,RR@100,P@1,P@3,P@5,P@10,P@100,R@1,R@3,R@5,R@10,R@100,AP
0.1610512129380054,0.3677020915414396,0.009545070704117205,0.14534115512996243,0.17676127074604836,0.1423279371609269,0.1797744887150839,0.24083259726710257,0.38298079653499045,0.009941686124006258,0.2244697573721411,0.25719543716206406,0.2213313345987566,0.26033385993544855,0.27115366779444583,0.3794738728985494,0.009850650922320446,0.25494066107782154,0.2873666745110701,0.2518309765834962,0.2904763590053955,0.3043837730526662,0.36869257585100074,0.00957078239568373,0.28863139684035216,0.3201361492649802,0.28561006212357903,0.3231574839817533,0.37093474758844736,0.3263685542553692,0.008472105537688871,0.35699066358124115,0.38487883159565356,0.35431616263378163,0.3875533325431131,0.1610512129380054,0.22506738544474375,0.24161051212937956,0.25573284345184594,0.26810949264561357,0.1610512129380054,0.1026504941599281,0.07708894878706271,0.04912398921832893,0.008301886792452686,0.15599730458221026,0.2977313566936209,0.3706199460916442,0.47119272237196763,0.7892520215633423,0.2629539499748632
