{
  "nDCG@1": 0.16913746630727763,
  "nDCG@1_std": 0.3749996592103404,
  "nDCG@1_stderr": 0.009734506122000565,
  "nDCG@1_ci90_low": 0.15311562019948383,
  "nDCG@1_ci90_high": 0.18515931241507144,
  "nDCG@1_ci95_low": 0.15004260066136282,
  "nDCG@1_ci95_high": 0.18823233195319244,
  "nDCG@3": 0.24423561162783308,
  "nDCG@3_std": 0.3868062453810164,
  "nDCG@3_stderr": 0.01004098982814683,
  "nDCG@3_ci90_low": 0.22770932957712853,
  "nDCG@3_ci90_high": 0.26076189367853764,
  "nDCG@3_ci95_low": 0.22453955829779956,
  "nDCG@3_ci95_high": 0.26393166495786663,
  "nDCG@5": 0.2741032025815444,
  "nDCG@5_std": 0.38320170898692346,
  "nDCG@5_stderr": 0.00994742072552642,
  "nDCG@5_ci90_low": 0.2577309242105171,
  "nDCG@5_ci90_high": 0.29047548095257175,
  "nDCG@5_ci95_low": 0.2545906911200714,
  "nDCG@5_ci95_high": 0.29361571404301745,
  "nDCG@10": 0.3088741098508937,
  "nDCG@10_std": 0.3713215556945352,
  "nDCG@10_stderr": 0.0096390273120535,
  "nDCG@10_ci90_low": 0.2930094105752406,
  "nDCG@10_ci90_high": 0.3247388091265468,
  "nDCG@10_ci95_low": 0.2899665320884238,
  "nDCG@10_ci95_high": 0.32778168761336357,
  "nDCG@100": 0.37114779149297045,
  "nDCG@100_std": 0.33201898498185806,
  "nDCG@100_stderr": 0.008618783410982867,
  "nDCG@100_ci90_low": 0.3569622930489266,
  "nDCG@100_ci90_high": 0.38533328993701427,
  "nDCG@100_ci95_low": 0.3542414883686641,
  "nDCG@100_ci95_high": 0.3880540946172768,
  "RR@1": 0.16981132075471697,
  "RR@3": 0.2294474393530996,
  "RR@5": 0.24602425876010736,
  "RR@10": 0.2605581226201168,
  "RR@100": 0.27214193002817677,
  "P@1": 0.16913746630727763,
  "P@3": 0.10287511230907456,
  "P@5": 0.07681940700808697,
  "P@10": 0.049595687331536464,
  "P@100": 0.008146900269541638,
  "R@1": 0.1632973944294699,
  "R@3": 0.299303683737646,
  "R@5": 0.37123764600179693,
  "R@10": 0.47759433962264153,
  "R@100": 0.7749887690925427,
  "AP": 0.26638867268205557
}