{
  "nDCG@1": 0.16576819407008087,
  "nDCG@1_std": 0.3719977815343258,
  "nDCG@1_stderr": 0.009656581260212169,
  "nDCG@1_ci90_low": 0.14987460307126715,
  "nDCG@1_ci90_high": 0.18166178506889458,
  "nDCG@1_ci95_low": 0.1468261830988334,
  "nDCG@1_ci95_high": 0.18471020504132832,
  "nDCG@3": 0.23858009325807944,
  "nDCG@3_std": 0.3842771641632474,
  "nDCG@3_stderr": 0.009975338150891308,
  "nDCG@3_ci90_low": 0.22216186610574606,
  "nDCG@3_ci90_high": 0.2549983204104128,
  "nDCG@3_ci95_low": 0.2190128199545734,
  "nDCG@3_ci95_high": 0.2581473665615855,
  "nDCG@5": 0.26627446102480967,
  "nDCG@5_std": 0.3814492981987868,
  "nDCG@5_stderr": 0.009901930408065073,
  "nDCG@5_ci90_low": 0.24997705433773076,
  "nDCG@5_ci90_high": 0.2825718677118886,
  "nDCG@5_ci95_low": 0.24685118177391085,
  "nDCG@5_ci95_high": 0.2856977402757085,
  "nDCG@10": 0.3015396796234478,
  "nDCG@10_std": 0.3700866749483124,
  "nDCG@10_stderr": 0.009606971405097852,
  "nDCG@10_ci90_low": 0.28572774058048167,
  "nDCG@10_ci90_high": 0.3173516186664139,
  "nDCG@10_ci95_low": 0.2826949816032889,
  "nDCG@10_ci95_high": 0.3203843776436067,
  "nDCG@100": 0.36434211312327897,
  "nDCG@100_std": 0.3317048543611837,
  "nDCG@100_stderr": 0.008610628986372184,
  "nDCG@100_ci90_low": 0.35017003589799783,
  "nDCG@100_ci90_high": 0.3785141903485601,
  "nDCG@100_ci95_low": 0.34745180543216764,
  "nDCG@100_ci95_high": 0.3812324208143903,
  "RR@1": 0.1664420485175202,
  "RR@3": 0.22416891284815804,
  "RR@5": 0.2392969451931713,
  "RR@10": 0.2543335258631752,
  "RR@100": 0.2662049383861027,
  "P@1": 0.16576819407008087,
  "P@3": 0.10040431266846353,
  "P@5": 0.07425876010781739,
  "P@10": 0.04845013477088963,
  "P@100": 0.008025606469002557,
  "R@1": 0.15992812219227312,
  "R@3": 0.2918912848158131,
  "R@5": 0.3587713387241689,
  "R@10": 0.4661388140161725,
  "R@100": 0.7636455525606469,
  "AP": 0.2607262975956155
}