{
  "nDCG@1": 0.1522911051212938,
  "nDCG@1_std": 0.3594239512019637,
  "nDCG@1_stderr": 0.00933018088799551,
  "nDCG@1_ci90_low": 0.13693473054287586,
  "nDCG@1_ci90_high": 0.16764747969971172,
  "nDCG@1_ci95_low": 0.13398934966749554,
  "nDCG@1_ci95_high": 0.17059286057509204,
  "nDCG@3": 0.23233605490025228,
  "nDCG@3_std": 0.3766703833644787,
  "nDCG@3_stderr": 0.009777875960098234,
  "nDCG@3_ci90_low": 0.21624282716682566,
  "nDCG@3_ci90_high": 0.2484292826336789,
  "nDCG@3_ci95_low": 0.21315611650167995,
  "nDCG@3_ci95_high": 0.2515159932988246,
  "nDCG@5": 0.2596997351090497,
  "nDCG@5_std": 0.37411807087683047,
  "nDCG@5_stderr": 0.009711621229124372,
  "nDCG@5_ci90_low": 0.243715554829112,
  "nDCG@5_ci90_high": 0.2756839153889874,
  "nDCG@5_ci95_low": 0.24064975966601887,
  "nDCG@5_ci95_high": 0.27874971055208053,
  "nDCG@10": 0.29078243004353554,
  "nDCG@10_std": 0.3654230500069829,
  "nDCG@10_stderr": 0.009485909733634779,
  "nDCG@10_ci90_low": 0.2751697441979504,
  "nDCG@10_ci90_high": 0.30639511588912066,
  "nDCG@10_ci95_low": 0.27217520235032344,
  "nDCG@10_ci95_high": 0.30938965773674765,
  "nDCG@100": 0.353631833469532,
  "nDCG@100_std": 0.32782172351154004,
  "nDCG@100_stderr": 0.008509827932024604,
  "nDCG@100_ci90_low": 0.339625662861394,
  "nDCG@100_ci90_high": 0.36763800407766994,
  "nDCG@100_ci95_low": 0.3369392535897354,
  "nDCG@100_ci95_high": 0.37032441334932853,
  "RR@1": 0.15161725067385445,
  "RR@3": 0.21484725965858037,
  "RR@5": 0.23014375561545336,
  "RR@10": 0.24317775852479348,
  "RR@100": 0.25516300751558535,
  "P@1": 0.1522911051212938,
  "P@3": 0.10017969451931703,
  "P@5": 0.07412398921832951,
  "P@10": 0.04703504043126706,
  "P@100": 0.007877358490565901,
  "R@1": 0.14836028751123093,
  "R@3": 0.2914420485175202,
  "R@5": 0.35680592991913745,
  "R@10": 0.4511455525606469,
  "R@100": 0.7494946091644205,
  "AP": 0.2509739819450128
}