{
  "nDCG@1": 0.1650943396226415,
  "nDCG@1_std": 0.37139082401445983,
  "nDCG@1_stderr": 0.00964082542804589,
  "nDCG@1_ci90_low": 0.14922668086066698,
  "nDCG@1_ci90_high": 0.18096199838461602,
  "nDCG@1_ci95_low": 0.14618323473893297,
  "nDCG@1_ci95_high": 0.18400544450635004,
  "nDCG@3": 0.2475949129718965,
  "nDCG@3_std": 0.3854147315436211,
  "nDCG@3_stderr": 0.010004867928736318,
  "nDCG@3_ci90_low": 0.23112808329671292,
  "nDCG@3_ci90_high": 0.2640617426470801,
  "nDCG@3_ci95_low": 0.22796971509230646,
  "nDCG@3_ci95_high": 0.26722011085148656,
  "nDCG@5": 0.27757810106296554,
  "nDCG@5_std": 0.3812520227755687,
  "nDCG@5_stderr": 0.009896809393237803,
  "nDCG@5_ci90_low": 0.26128912296080403,
  "nDCG@5_ci90_high": 0.29386707916512705,
  "nDCG@5_ci95_low": 0.25816486701506647,
  "nDCG@5_ci95_high": 0.2969913351108646,
  "nDCG@10": 0.3141704626706217,
  "nDCG@10_std": 0.368928365949597,
  "nDCG@10_stderr": 0.009576903201668263,
  "nDCG@10_ci90_low": 0.29840801233535674,
  "nDCG@10_ci90_high": 0.3299329130058867,
  "nDCG@10_ci95_low": 0.2953847453832813,
  "nDCG@10_ci95_high": 0.3329561799579621,
  "nDCG@100": 0.3780345681460859,
  "nDCG@100_std": 0.32661488749345224,
  "nDCG@100_stderr": 0.0084785000299378,
  "nDCG@100_ci90_low": 0.3640799595606971,
  "nDCG@100_ci90_high": 0.39198917673147465,
  "nDCG@100_ci95_low": 0.36140343997979374,
  "nDCG@100_ci95_high": 0.394665696312378,
  "RR@1": 0.16576819407008087,
  "RR@3": 0.23079514824797825,
  "RR@5": 0.247405660377358,
  "RR@10": 0.2627882599580711,
  "RR@100": 0.2746556107849765,
  "P@1": 0.1650943396226415,
  "P@3": 0.10579514824797852,
  "P@5": 0.07884097035040505,
  "P@10": 0.05121293800539082,
  "P@100": 0.008382749326145408,
  "R@1": 0.16004043126684636,
  "R@3": 0.3080637915543576,
  "R@5": 0.38005390835579517,
  "R@10": 0.4909591194968554,
  "R@100": 0.7970013477088949,
  "AP": 0.26915671244915
}