nDCG@1,nDCG@1_std,nDCG@1_stderr,nDCG@1_ci90_low,nDCG@1_ci90_high,nDCG@1_ci95_low,nDCG@1_ci95_high,nDCG@3,nDCG@3_std,nDCG@3_stderr,nDCG@3_ci90_low,nDCG@3_ci90_high,nDCG@3_ci95_low,nDCG@3_ci95_high,nDCG@5,nDCG@5_std,nDCG@5_stderr,nDCG@5_ci90_low,nDCG@5_ci90_high,nDCG@5_ci95_low,nDCG@5_ci95_high,nDCG@10,nDCG@10_std,nDCG@10_stderr,nDCG@10_ci90_low,nDCG@10_ci90_high,nDCG@10_ci95_low,nDCG@10_ci95_high,nDCG@100,nDCG@100_std,nDCG@100_stderr,nDCG@100_ci90_low,nDCG@100_ci90_high,nDCG@100_ci95_low,nDCG@100_ci95_high,RR@1,RR@3,RR@5,RR@10,RR@100,P@1,P@3,P@5,P@10,P@100,R@1,R@3,R@5,R@10,R@100,AP
0.1522911051212938,0.3594239512019637,0.00933018088799551,0.13693473054287586,0.16764747969971172,0.13398934966749554,0.17059286057509204,0.23233605490025228,0.3766703833644787,0.009777875960098234,0.21624282716682566,0.2484292826336789,0.21315611650167995,0.2515159932988246,0.2596997351090497,0.37411807087683047,0.009711621229124372,0.243715554829112,0.2756839153889874,0.24064975966601887,0.27874971055208053,0.29078243004353554,0.3654230500069829,0.009485909733634779,0.2751697441979504,0.30639511588912066,0.27217520235032344,0.30938965773674765,0.353631833469532,0.32782172351154004,0.008509827932024604,0.339625662861394,0.36763800407766994,0.3369392535897354,0.37032441334932853,0.15161725067385445,0.21484725965858037,0.23014375561545336,0.24317775852479348,0.25516300751558535,0.1522911051212938,0.10017969451931703,0.07412398921832951,0.04703504043126706,0.007877358490565901,0.14836028751123093,0.2914420485175202,0.35680592991913745,0.4511455525606469,0.7494946091644205,0.2509739819450128
