{
  "nDCG@1": 0.1711590296495957,
  "nDCG@1_std": 0.3767748347601861,
  "nDCG@1_stderr": 0.009780587383231539,
  "nDCG@1_ci90_low": 0.15506133923427948,
  "nDCG@1_ci90_high": 0.18725672006491192,
  "nDCG@1_ci95_low": 0.1519737726185431,
  "nDCG@1_ci95_high": 0.1903442866806483,
  "nDCG@3": 0.24993489258370555,
  "nDCG@3_std": 0.38889079294188333,
  "nDCG@3_stderr": 0.010095101986636764,
  "nDCG@3_ci90_low": 0.23331954831813145,
  "nDCG@3_ci90_high": 0.26655023684927964,
  "nDCG@3_ci95_low": 0.2301326947422581,
  "nDCG@3_ci95_high": 0.26973709042515304,
  "nDCG@5": 0.2785651868933001,
  "nDCG@5_std": 0.3847362120117551,
  "nDCG@5_stderr": 0.009987254439298075,
  "nDCG@5_ci90_low": 0.26212734693918344,
  "nDCG@5_ci90_high": 0.2950030268474168,
  "nDCG@5_ci95_low": 0.2589745390165724,
  "nDCG@5_ci95_high": 0.2981558347700278,
  "nDCG@10": 0.3143945392494912,
  "nDCG@10_std": 0.3726349589060364,
  "nDCG@10_stderr": 0.00967312156064545,
  "nDCG@10_ci90_low": 0.29847372487182317,
  "nDCG@10_ci90_high": 0.3303153536271592,
  "nDCG@10_ci95_low": 0.2954200834052776,
  "nDCG@10_ci95_high": 0.33336899509370477,
  "nDCG@100": 0.3782716049038166,
  "nDCG@100_std": 0.3309256869386745,
  "nDCG@100_stderr": 0.008590402807872582,
  "nDCG@100_ci90_low": 0.3641328175768835,
  "nDCG@100_ci90_high": 0.39241039223074975,
  "nDCG@100_ci95_low": 0.36142097217475677,
  "nDCG@100_ci95_high": 0.39512223763287646,
  "RR@1": 0.17183288409703504,
  "RR@3": 0.23450134770889464,
  "RR@5": 0.24949460916441996,
  "RR@10": 0.264824530441107,
  "RR@100": 0.2767087574143378,
  "P@1": 0.1711590296495957,
  "P@3": 0.10579514824797852,
  "P@5": 0.07803234501347782,
  "P@10": 0.05047169811320757,
  "P@100": 0.00830862533692708,
  "R@1": 0.16610512129380053,
  "R@3": 0.3077268643306379,
  "R@5": 0.3773023360287511,
  "R@10": 0.4855682839173405,
  "R@100": 0.7905997304582211,
  "AP": 0.27138137097550324
}