nDCG@1,nDCG@1_std,nDCG@1_stderr,nDCG@1_ci90_low,nDCG@1_ci90_high,nDCG@1_ci95_low,nDCG@1_ci95_high,nDCG@3,nDCG@3_std,nDCG@3_stderr,nDCG@3_ci90_low,nDCG@3_ci90_high,nDCG@3_ci95_low,nDCG@3_ci95_high,nDCG@5,nDCG@5_std,nDCG@5_stderr,nDCG@5_ci90_low,nDCG@5_ci90_high,nDCG@5_ci95_low,nDCG@5_ci95_high,nDCG@10,nDCG@10_std,nDCG@10_stderr,nDCG@10_ci90_low,nDCG@10_ci90_high,nDCG@10_ci95_low,nDCG@10_ci95_high,nDCG@100,nDCG@100_std,nDCG@100_stderr,nDCG@100_ci90_low,nDCG@100_ci90_high,nDCG@100_ci95_low,nDCG@100_ci95_high,RR@1,RR@3,RR@5,RR@10,RR@100,P@1,P@3,P@5,P@10,P@100,R@1,R@3,R@5,R@10,R@100,AP
0.16576819407008087,0.3719977815343258,0.009656581260212169,0.14987460307126715,0.18166178506889458,0.1468261830988334,0.18471020504132832,0.23858009325807944,0.3842771641632474,0.009975338150891308,0.22216186610574606,0.2549983204104128,0.2190128199545734,0.2581473665615855,0.26627446102480967,0.3814492981987868,0.009901930408065073,0.24997705433773076,0.2825718677118886,0.24685118177391085,0.2856977402757085,0.3015396796234478,0.3700866749483124,0.009606971405097852,0.28572774058048167,0.3173516186664139,0.2826949816032889,0.3203843776436067,0.36434211312327897,0.3317048543611837,0.008610628986372184,0.35017003589799783,0.3785141903485601,0.34745180543216764,0.3812324208143903,0.1664420485175202,0.22416891284815804,0.2392969451931713,0.2543335258631752,0.2662049383861027,0.16576819407008087,0.10040431266846353,0.07425876010781739,0.04845013477088963,0.008025606469002557,0.15992812219227312,0.2918912848158131,0.3587713387241689,0.4661388140161725,0.7636455525606469,0.2607262975956155
