nDCG@1,nDCG@1_std,nDCG@1_stderr,nDCG@1_ci90_low,nDCG@1_ci90_high,nDCG@1_ci95_low,nDCG@1_ci95_high,nDCG@3,nDCG@3_std,nDCG@3_stderr,nDCG@3_ci90_low,nDCG@3_ci90_high,nDCG@3_ci95_low,nDCG@3_ci95_high,nDCG@5,nDCG@5_std,nDCG@5_stderr,nDCG@5_ci90_low,nDCG@5_ci90_high,nDCG@5_ci95_low,nDCG@5_ci95_high,nDCG@10,nDCG@10_std,nDCG@10_stderr,nDCG@10_ci90_low,nDCG@10_ci90_high,nDCG@10_ci95_low,nDCG@10_ci95_high,nDCG@100,nDCG@100_std,nDCG@100_stderr,nDCG@100_ci90_low,nDCG@100_ci90_high,nDCG@100_ci95_low,nDCG@100_ci95_high,RR@1,RR@3,RR@5,RR@10,RR@100,P@1,P@3,P@5,P@10,P@100,R@1,R@3,R@5,R@10,R@100,AP
0.1650943396226415,0.37139082401445983,0.00964082542804589,0.14922668086066698,0.18096199838461602,0.14618323473893297,0.18400544450635004,0.2475949129718965,0.3854147315436211,0.010004867928736318,0.23112808329671292,0.2640617426470801,0.22796971509230646,0.26722011085148656,0.27757810106296554,0.3812520227755687,0.009896809393237803,0.26128912296080403,0.29386707916512705,0.25816486701506647,0.2969913351108646,0.3141704626706217,0.368928365949597,0.009576903201668263,0.29840801233535674,0.3299329130058867,0.2953847453832813,0.3329561799579621,0.3780345681460859,0.32661488749345224,0.0084785000299378,0.3640799595606971,0.39198917673147465,0.36140343997979374,0.394665696312378,0.16576819407008087,0.23079514824797825,0.247405660377358,0.2627882599580711,0.2746556107849765,0.1650943396226415,0.10579514824797852,0.07884097035040505,0.05121293800539082,0.008382749326145408,0.16004043126684636,0.3080637915543576,0.38005390835579517,0.4909591194968554,0.7970013477088949,0.26915671244915
