nDCG@1,nDCG@1_std,nDCG@1_stderr,nDCG@1_ci90_low,nDCG@1_ci90_high,nDCG@1_ci95_low,nDCG@1_ci95_high,nDCG@3,nDCG@3_std,nDCG@3_stderr,nDCG@3_ci90_low,nDCG@3_ci90_high,nDCG@3_ci95_low,nDCG@3_ci95_high,nDCG@5,nDCG@5_std,nDCG@5_stderr,nDCG@5_ci90_low,nDCG@5_ci90_high,nDCG@5_ci95_low,nDCG@5_ci95_high,nDCG@10,nDCG@10_std,nDCG@10_stderr,nDCG@10_ci90_low,nDCG@10_ci90_high,nDCG@10_ci95_low,nDCG@10_ci95_high,nDCG@100,nDCG@100_std,nDCG@100_stderr,nDCG@100_ci90_low,nDCG@100_ci90_high,nDCG@100_ci95_low,nDCG@100_ci95_high,RR@1,RR@3,RR@5,RR@10,RR@100,P@1,P@3,P@5,P@10,P@100,R@1,R@3,R@5,R@10,R@100,AP
0.16913746630727763,0.3749996592103404,0.009734506122000565,0.15311562019948383,0.18515931241507144,0.15004260066136282,0.18823233195319244,0.24423561162783308,0.3868062453810164,0.01004098982814683,0.22770932957712853,0.26076189367853764,0.22453955829779956,0.26393166495786663,0.2741032025815444,0.38320170898692346,0.00994742072552642,0.2577309242105171,0.29047548095257175,0.2545906911200714,0.29361571404301745,0.3088741098508937,0.3713215556945352,0.0096390273120535,0.2930094105752406,0.3247388091265468,0.2899665320884238,0.32778168761336357,0.37114779149297045,0.33201898498185806,0.008618783410982867,0.3569622930489266,0.38533328993701427,0.3542414883686641,0.3880540946172768,0.16981132075471697,0.2294474393530996,0.24602425876010736,0.2605581226201168,0.27214193002817677,0.16913746630727763,0.10287511230907456,0.07681940700808697,0.049595687331536464,0.008146900269541638,0.1632973944294699,0.299303683737646,0.37123764600179693,0.47759433962264153,0.7749887690925427,0.26638867268205557
