nDCG@1,nDCG@3,nDCG@5,nDCG@10,nDCG@100,RR@1,RR@3,RR@5,RR@10,RR@100,P@1,P@3,P@5,P@10,P@100,R@1,R@3,R@5,R@10,R@100,AP
0.11590296495956873,0.18888985471331693,0.21782679108933645,0.24778757255717168,0.31048849065950856,0.11590296495956873,0.17228212039532814,0.18889263252470787,0.20142472083172877,0.21322442263752686,0.11590296495956873,0.08265947888589355,0.06401617250673909,0.0417789757412403,0.00737870619946079,0.11320754716981132,0.24180143755615457,0.3118823000898473,0.4039195867026055,0.7053009883198563,0.20956471968553853
