{
  "nDCG@1": 0.11590296495956873,
  "nDCG@1_std": 0.32021643265198024,
  "nDCG@1_stderr": 0.00831240441812628,
  "nDCG@1_ci90_low": 0.10222173011274174,
  "nDCG@1_ci90_high": 0.1295841998063957,
  "nDCG@1_ci95_low": 0.09959764411746624,
  "nDCG@1_ci95_high": 0.1322082858016712,
  "nDCG@3": 0.18888985471331693,
  "nDCG@3_std": 0.34802059384581885,
  "nDCG@3_stderr": 0.00903416448033129,
  "nDCG@3_ci90_low": 0.17402068814211974,
  "nDCG@3_ci90_high": 0.20375902128451412,
  "nDCG@3_ci95_low": 0.17116875465821013,
  "nDCG@3_ci95_high": 0.20661095476842373,
  "nDCG@5": 0.21782679108933645,
  "nDCG@5_std": 0.34829779450957643,
  "nDCG@5_stderr": 0.009041360251026262,
  "nDCG@5_ci90_low": 0.20294578113037445,
  "nDCG@5_ci90_high": 0.23270780104829844,
  "nDCG@5_ci95_low": 0.20009157606291858,
  "nDCG@5_ci95_high": 0.2355620061157543,
  "nDCG@10": 0.24778757255717168,
  "nDCG@10_std": 0.34206631648927494,
  "nDCG@10_stderr": 0.008879599141521595,
  "nDCG@10_ci90_low": 0.2331728022584686,
  "nDCG@10_ci90_high": 0.26240234285587477,
  "nDCG@10_ci95_low": 0.23036966244730678,
  "nDCG@10_ci95_high": 0.2652054826670366,
  "nDCG@100": 0.31048849065950856,
  "nDCG@100_std": 0.309848433060057,
  "nDCG@100_stderr": 0.008043264558871461,
  "nDCG@100_ci90_low": 0.29725022819899594,
  "nDCG@100_ci90_high": 0.3237267531200212,
  "nDCG@100_ci95_low": 0.2947111051217783,
  "nDCG@100_ci95_high": 0.32626587619723885,
  "RR@1": 0.11590296495956873,
  "RR@3": 0.17228212039532814,
  "RR@5": 0.18889263252470787,
  "RR@10": 0.20142472083172877,
  "RR@100": 0.21322442263752686,
  "P@1": 0.11590296495956873,
  "P@3": 0.08265947888589355,
  "P@5": 0.06401617250673909,
  "P@10": 0.0417789757412403,
  "P@100": 0.00737870619946079,
  "R@1": 0.11320754716981132,
  "R@3": 0.24180143755615457,
  "R@5": 0.3118823000898473,
  "R@10": 0.4039195867026055,
  "R@100": 0.7053009883198563,
  "AP": 0.20956471968553853
}