nDCG@1,nDCG@1_std,nDCG@1_stderr,nDCG@1_ci90_low,nDCG@1_ci90_high,nDCG@1_ci95_low,nDCG@1_ci95_high,nDCG@3,nDCG@3_std,nDCG@3_stderr,nDCG@3_ci90_low,nDCG@3_ci90_high,nDCG@3_ci95_low,nDCG@3_ci95_high,nDCG@5,nDCG@5_std,nDCG@5_stderr,nDCG@5_ci90_low,nDCG@5_ci90_high,nDCG@5_ci95_low,nDCG@5_ci95_high,nDCG@10,nDCG@10_std,nDCG@10_stderr,nDCG@10_ci90_low,nDCG@10_ci90_high,nDCG@10_ci95_low,nDCG@10_ci95_high,nDCG@100,nDCG@100_std,nDCG@100_stderr,nDCG@100_ci90_low,nDCG@100_ci90_high,nDCG@100_ci95_low,nDCG@100_ci95_high,RR@1,RR@3,RR@5,RR@10,RR@100,P@1,P@3,P@5,P@10,P@100,R@1,R@3,R@5,R@10,R@100,AP
0.13881401617250674,0.3458688987516963,0.008978309258727831,0.12403678069197115,0.15359125165304235,0.121202479760257,0.1564255525847565,0.21680000746739858,0.3670881380034441,0.009529133264369055,0.201116180800802,0.23248383413399515,0.19810799401291937,0.2354920209218778,0.2464713537228397,0.3651218801669768,0.009478091754126545,0.23087153534715854,0.2620711720985209,0.22787946150391478,0.26506324594176467,0.2764938400092542,0.35692087555342655,0.009265204281681188,0.26124440924225595,0.29174327077625245,0.25831954038651195,0.29466813963199645,0.34035136787196774,0.320438941081184,0.008318180449152127,0.326660626361007,0.35404210938292846,0.3240347169700735,0.35666801877386195,0.13881401617250674,0.1991239892183288,0.2158692722371965,0.22878909425405347,0.24111697500232301,0.13881401617250674,0.09389038634321625,0.07115902964959633,0.0452156334231809,0.007762803234501215,0.13578167115902964,0.2744833782569632,0.3465858041329739,0.4372753818508535,0.7399483378256965,0.23690017450976478
