nDCG@1,nDCG@1_std,nDCG@1_stderr,nDCG@1_ci90_low,nDCG@1_ci90_high,nDCG@1_ci95_low,nDCG@1_ci95_high,nDCG@3,nDCG@3_std,nDCG@3_stderr,nDCG@3_ci90_low,nDCG@3_ci90_high,nDCG@3_ci95_low,nDCG@3_ci95_high,nDCG@5,nDCG@5_std,nDCG@5_stderr,nDCG@5_ci90_low,nDCG@5_ci90_high,nDCG@5_ci95_low,nDCG@5_ci95_high,nDCG@10,nDCG@10_std,nDCG@10_stderr,nDCG@10_ci90_low,nDCG@10_ci90_high,nDCG@10_ci95_low,nDCG@10_ci95_high,nDCG@100,nDCG@100_std,nDCG@100_stderr,nDCG@100_ci90_low,nDCG@100_ci90_high,nDCG@100_ci95_low,nDCG@100_ci95_high,RR@1,RR@3,RR@5,RR@10,RR@100,P@1,P@3,P@5,P@10,P@100,R@1,R@3,R@5,R@10,R@100,AP
0.09973045822102426,0.2997412822194275,0.007780895995813902,0.08692402339389618,0.11253689304815234,0.0844677256506359,0.11499319079141263,0.15839826116547281,0.3278981338940891,0.008511811446725057,0.14438882592666072,0.1724076964042849,0.14170179049283715,0.17509473183810847,0.18482893556537758,0.3304887627231698,0.00857906082036348,0.17070881580885325,0.1989490553219019,0.16800055088104948,0.20165732024970567,0.20752023675332823,0.3280739403819048,0.008516375155757575,0.1935032901890433,0.22153718331761316,0.19081481406918516,0.2242256594374713,0.2678688067546507,0.3038569346860323,0.00788773301059028,0.25488653083318147,0.2808510826761199,0.25239650644475936,0.283341107064542,0.09973045822102426,0.14544025157232715,0.16033243486073676,0.16997737774355012,0.1814867906895598,0.09973045822102426,0.06895777178796023,0.05444743935310014,0.034568733153639127,0.006522911051212833,0.09703504043126684,0.200696316262354,0.26504941599281223,0.3344564240790656,0.6236522911051213,0.17815078316648467
