nDCG@1,nDCG@3,nDCG@5,nDCG@10,nDCG@100,RR@1,RR@3,RR@5,RR@10,RR@100,P@1,P@3,P@5,P@10,P@100,R@1,R@3,R@5,R@10,R@100,AP
0.14824797843665768,0.22843033932682508,0.25797355275567924,0.28790292596426637,0.35190765309639543,0.14622641509433962,0.2094564240790655,0.22657232704402477,0.23917768365207673,0.2510964092339479,0.14824797843665768,0.0983827493261454,0.07412398921832954,0.04669811320754739,0.007917789757412263,0.14510332434860737,0.2879604672057502,0.3585467205750224,0.4501909254267745,0.7546608265947887,0.24770420134701454
