{
  "nDCG@1": 0.09029649595687332,
  "nDCG@1_std": 0.286702683195389,
  "nDCG@1_stderr": 0.007442430829501257,
  "nDCG@1_ci90_low": 0.07804713477473008,
  "nDCG@1_ci90_high": 0.10254585713901657,
  "nDCG@1_ci95_low": 0.075697684780705,
  "nDCG@1_ci95_high": 0.10489530713304164,
  "nDCG@3": 0.1432339902480718,
  "nDCG@3_std": 0.3156085344378388,
  "nDCG@3_stderr": 0.008192789340423088,
  "nDCG@3_ci90_low": 0.12974962767633652,
  "nDCG@3_ci90_high": 0.15671835281980706,
  "nDCG@3_ci95_low": 0.12716330214535462,
  "nDCG@3_ci95_high": 0.15930467835078896,
  "nDCG@5": 0.16590442770839972,
  "nDCG@5_std": 0.31900759578131194,
  "nDCG@5_stderr": 0.008281024576494423,
  "nDCG@5_ci90_low": 0.15227484037067196,
  "nDCG@5_ci90_high": 0.17953401504612748,
  "nDCG@5_ci95_low": 0.14966066046259074,
  "nDCG@5_ci95_high": 0.1821481949542087,
  "nDCG@10": 0.187763241928919,
  "nDCG@10_std": 0.31787862854075827,
  "nDCG@10_stderr": 0.008251718047155571,
  "nDCG@10_ci90_low": 0.17418188967339635,
  "nDCG@10_ci90_high": 0.20134459418444164,
  "nDCG@10_ci95_low": 0.17157696134275768,
  "nDCG@10_ci95_high": 0.2039495225150803,
  "nDCG@100": 0.24606170027578533,
  "nDCG@100_std": 0.2973310210411198,
  "nDCG@100_stderr": 0.007718328733098882,
  "nDCG@100_ci90_low": 0.2333582437653836,
  "nDCG@100_ci90_high": 0.25876515678618706,
  "nDCG@100_ci95_low": 0.2309216974525873,
  "nDCG@100_ci95_high": 0.2612017030989834,
  "RR@1": 0.09029649595687332,
  "RR@3": 0.13151392632524714,
  "RR@5": 0.144047619047619,
  "RR@10": 0.15359576220425267,
  "RR@100": 0.16449771117394008,
  "P@1": 0.09029649595687332,
  "P@3": 0.06221922731356679,
  "P@5": 0.04865229110512161,
  "P@10": 0.03140161725067411,
  "P@100": 0.006118598382749229,
  "R@1": 0.08793800539083559,
  "R@3": 0.18149146451033243,
  "R@5": 0.2367475292003594,
  "R@10": 0.3031221922731357,
  "R@100": 0.5858041329739443,
  "AP": 0.16152048426920923
}