{
  "nDCG@1": 0.1408355795148248,
  "nDCG@3": 0.2267666253062245,
  "nDCG@5": 0.2526267156608092,
  "nDCG@10": 0.284040426505728,
  "nDCG@100": 0.34948532563750523,
  "RR@1": 0.14150943396226415,
  "RR@3": 0.2087825696316262,
  "RR@5": 0.2232367475292001,
  "RR@10": 0.23637824626705997,
  "RR@100": 0.248418240337227,
  "P@1": 0.1408355795148248,
  "P@3": 0.0999550763701706,
  "P@5": 0.07291105121293867,
  "P@10": 0.04642857142857166,
  "P@100": 0.008005390835579376,
  "R@1": 0.13757861635220126,
  "R@3": 0.2898135669362084,
  "R@5": 0.35214510332434856,
  "R@10": 0.4471585804132974,
  "R@100": 0.7622416891284814,
  "AP": 0.24317252320319546
}