{
  "nDCG@1": 0.14824797843665768,
  "nDCG@3": 0.22843033932682508,
  "nDCG@5": 0.25797355275567924,
  "nDCG@10": 0.28790292596426637,
  "nDCG@100": 0.35190765309639543,
  "RR@1": 0.14622641509433962,
  "RR@3": 0.2094564240790655,
  "RR@5": 0.22657232704402477,
  "RR@10": 0.23917768365207673,
  "RR@100": 0.2510964092339479,
  "P@1": 0.14824797843665768,
  "P@3": 0.0983827493261454,
  "P@5": 0.07412398921832954,
  "P@10": 0.04669811320754739,
  "P@100": 0.007917789757412263,
  "R@1": 0.14510332434860737,
  "R@3": 0.2879604672057502,
  "R@5": 0.3585467205750224,
  "R@10": 0.4501909254267745,
  "R@100": 0.7546608265947887,
  "AP": 0.24770420134701454
}