{
  "nDCG@1": 0.09029649595687332,
  "nDCG@3": 0.1432339902480718,
  "nDCG@5": 0.16590442770839972,
  "nDCG@10": 0.187763241928919,
  "nDCG@100": 0.24606170027578533,
  "RR@1": 0.09029649595687332,
  "RR@3": 0.13151392632524714,
  "RR@5": 0.144047619047619,
  "RR@10": 0.15359576220425267,
  "RR@100": 0.16449771117394008,
  "P@1": 0.09029649595687332,
  "P@3": 0.06221922731356679,
  "P@5": 0.04865229110512161,
  "P@10": 0.03140161725067411,
  "P@100": 0.006118598382749229,
  "R@1": 0.08793800539083559,
  "R@3": 0.18149146451033243,
  "R@5": 0.2367475292003594,
  "R@10": 0.3031221922731357,
  "R@100": 0.5858041329739443,
  "AP": 0.16152048426920923
}