nDCG@1,nDCG@3,nDCG@5,nDCG@10,nDCG@100,RR@1,RR@3,RR@5,RR@10,RR@100,P@1,P@3,P@5,P@10,P@100,R@1,R@3,R@5,R@10,R@100,AP
0.09973045822102426,0.15839826116547281,0.18482893556537758,0.20752023675332823,0.2678688067546507,0.09973045822102426,0.14544025157232715,0.16033243486073676,0.16997737774355012,0.1814867906895598,0.09973045822102426,0.06895777178796023,0.05444743935310014,0.034568733153639127,0.006522911051212833,0.09703504043126684,0.200696316262354,0.26504941599281223,0.3344564240790656,0.6236522911051213,0.17815078316648467
