nDCG@1,nDCG@1_std,nDCG@1_stderr,nDCG@1_ci90_low,nDCG@1_ci90_high,nDCG@1_ci95_low,nDCG@1_ci95_high,nDCG@3,nDCG@3_std,nDCG@3_stderr,nDCG@3_ci90_low,nDCG@3_ci90_high,nDCG@3_ci95_low,nDCG@3_ci95_high,nDCG@5,nDCG@5_std,nDCG@5_stderr,nDCG@5_ci90_low,nDCG@5_ci90_high,nDCG@5_ci95_low,nDCG@5_ci95_high,nDCG@10,nDCG@10_std,nDCG@10_stderr,nDCG@10_ci90_low,nDCG@10_ci90_high,nDCG@10_ci95_low,nDCG@10_ci95_high,nDCG@100,nDCG@100_std,nDCG@100_stderr,nDCG@100_ci90_low,nDCG@100_ci90_high,nDCG@100_ci95_low,nDCG@100_ci95_high,RR@1,RR@3,RR@5,RR@10,RR@100,P@1,P@3,P@5,P@10,P@100,R@1,R@3,R@5,R@10,R@100,AP
0.09029649595687332,0.286702683195389,0.007442430829501257,0.07804713477473008,0.10254585713901657,0.075697684780705,0.10489530713304164,0.1432339902480718,0.3156085344378388,0.008192789340423088,0.12974962767633652,0.15671835281980706,0.12716330214535462,0.15930467835078896,0.16590442770839972,0.31900759578131194,0.008281024576494423,0.15227484037067196,0.17953401504612748,0.14966066046259074,0.1821481949542087,0.187763241928919,0.31787862854075827,0.008251718047155571,0.17418188967339635,0.20134459418444164,0.17157696134275768,0.2039495225150803,0.24606170027578533,0.2973310210411198,0.007718328733098882,0.2333582437653836,0.25876515678618706,0.2309216974525873,0.2612017030989834,0.09029649595687332,0.13151392632524714,0.144047619047619,0.15359576220425267,0.16449771117394008,0.09029649595687332,0.06221922731356679,0.04865229110512161,0.03140161725067411,0.006118598382749229,0.08793800539083559,0.18149146451033243,0.2367475292003594,0.3031221922731357,0.5858041329739443,0.16152048426920923
