nDCG@1,nDCG@3,nDCG@5,nDCG@10,nDCG@100,RR@1,RR@3,RR@5,RR@10,RR@100,P@1,P@3,P@5,P@10,P@100,R@1,R@3,R@5,R@10,R@100,AP
0.09029649595687332,0.1432339902480718,0.16590442770839972,0.187763241928919,0.24606170027578533,0.09029649595687332,0.13151392632524714,0.144047619047619,0.15359576220425267,0.16449771117394008,0.09029649595687332,0.06221922731356679,0.04865229110512161,0.03140161725067411,0.006118598382749229,0.08793800539083559,0.18149146451033243,0.2367475292003594,0.3031221922731357,0.5858041329739443,0.16152048426920923
