nDCG@1,nDCG@1_std,nDCG@1_stderr,nDCG@1_ci90_low,nDCG@1_ci90_high,nDCG@1_ci95_low,nDCG@1_ci95_high,nDCG@3,nDCG@3_std,nDCG@3_stderr,nDCG@3_ci90_low,nDCG@3_ci90_high,nDCG@3_ci95_low,nDCG@3_ci95_high,nDCG@5,nDCG@5_std,nDCG@5_stderr,nDCG@5_ci90_low,nDCG@5_ci90_high,nDCG@5_ci95_low,nDCG@5_ci95_high,nDCG@10,nDCG@10_std,nDCG@10_stderr,nDCG@10_ci90_low,nDCG@10_ci90_high,nDCG@10_ci95_low,nDCG@10_ci95_high,nDCG@100,nDCG@100_std,nDCG@100_stderr,nDCG@100_ci90_low,nDCG@100_ci90_high,nDCG@100_ci95_low,nDCG@100_ci95_high,RR@1,RR@3,RR@5,RR@10,RR@100,P@1,P@3,P@5,P@10,P@100,R@1,R@3,R@5,R@10,R@100,AP
0.1421832884097035,0.3493557563110541,0.009068823571006376,0.12725707707320721,0.1571094997461998,0.12439420229844182,0.1599723745209652,0.22825503530650934,0.37080261431575023,0.009625556265068074,0.21241250778143164,0.24409756283158704,0.20937388187713582,0.24713618873588286,0.2546822041402436,0.3680823852146863,0.009554942635996218,0.23895589829954547,0.27040850998094174,0.23593956392797621,0.273424844352511,0.28721182699924513,0.35876654188876067,0.009313115392529431,0.27188354020860855,0.3025401137898817,0.26894354662256137,0.3054801073759289,0.35189269385461214,0.31949618078262915,0.008293707611184255,0.33824223174137613,0.36554315596784814,0.3356240480129762,0.3681613396962481,0.1421832884097035,0.20979335130278517,0.2248876909254265,0.23835702520001673,0.2502770855133687,0.1421832884097035,0.0999550763701706,0.07331536388140228,0.04696765498652311,0.00803234501347695,0.13892632524707996,0.291329739442947,0.35484052111410597,0.45356019766397127,0.7649371069182389,0.24539058594373553
