nDCG@1,nDCG@1_std,nDCG@1_stderr,nDCG@1_ci90_low,nDCG@1_ci90_high,nDCG@1_ci95_low,nDCG@1_ci95_high,nDCG@3,nDCG@3_std,nDCG@3_stderr,nDCG@3_ci90_low,nDCG@3_ci90_high,nDCG@3_ci95_low,nDCG@3_ci95_high,nDCG@5,nDCG@5_std,nDCG@5_stderr,nDCG@5_ci90_low,nDCG@5_ci90_high,nDCG@5_ci95_low,nDCG@5_ci95_high,nDCG@10,nDCG@10_std,nDCG@10_stderr,nDCG@10_ci90_low,nDCG@10_ci90_high,nDCG@10_ci95_low,nDCG@10_ci95_high,nDCG@100,nDCG@100_std,nDCG@100_stderr,nDCG@100_ci90_low,nDCG@100_ci90_high,nDCG@100_ci95_low,nDCG@100_ci95_high,RR@1,RR@3,RR@5,RR@10,RR@100,P@1,P@3,P@5,P@10,P@100,R@1,R@3,R@5,R@10,R@100,AP
0.11590296495956873,0.32021643265198024,0.00831240441812628,0.10222173011274174,0.1295841998063957,0.09959764411746624,0.1322082858016712,0.18888985471331693,0.34802059384581885,0.00903416448033129,0.17402068814211974,0.20375902128451412,0.17116875465821013,0.20661095476842373,0.21782679108933645,0.34829779450957643,0.009041360251026262,0.20294578113037445,0.23270780104829844,0.20009157606291858,0.2355620061157543,0.24778757255717168,0.34206631648927494,0.008879599141521595,0.2331728022584686,0.26240234285587477,0.23036966244730678,0.2652054826670366,0.31048849065950856,0.309848433060057,0.008043264558871461,0.29725022819899594,0.3237267531200212,0.2947111051217783,0.32626587619723885,0.11590296495956873,0.17228212039532814,0.18889263252470787,0.20142472083172877,0.21322442263752686,0.11590296495956873,0.08265947888589355,0.06401617250673909,0.0417789757412403,0.00737870619946079,0.11320754716981132,0.24180143755615457,0.3118823000898473,0.4039195867026055,0.7053009883198563,0.20956471968553853
