nDCG@1,nDCG@3,nDCG@5,nDCG@10,nDCG@100,RR@1,RR@3,RR@5,RR@10,RR@100,P@1,P@3,P@5,P@10,P@100,R@1,R@3,R@5,R@10,R@100,AP
0.1421832884097035,0.22825503530650934,0.2546822041402436,0.28721182699924513,0.35189269385461214,0.1421832884097035,0.20979335130278517,0.2248876909254265,0.23835702520001673,0.2502770855133687,0.1421832884097035,0.0999550763701706,0.07331536388140228,0.04696765498652311,0.00803234501347695,0.13892632524707996,0.291329739442947,0.35484052111410597,0.45356019766397127,0.7649371069182389,0.24539058594373553
