nDCG@1,nDCG@1_std,nDCG@1_stderr,nDCG@1_ci90_low,nDCG@1_ci90_high,nDCG@1_ci95_low,nDCG@1_ci95_high,nDCG@3,nDCG@3_std,nDCG@3_stderr,nDCG@3_ci90_low,nDCG@3_ci90_high,nDCG@3_ci95_low,nDCG@3_ci95_high,nDCG@5,nDCG@5_std,nDCG@5_stderr,nDCG@5_ci90_low,nDCG@5_ci90_high,nDCG@5_ci95_low,nDCG@5_ci95_high,nDCG@10,nDCG@10_std,nDCG@10_stderr,nDCG@10_ci90_low,nDCG@10_ci90_high,nDCG@10_ci95_low,nDCG@10_ci95_high,nDCG@100,nDCG@100_std,nDCG@100_stderr,nDCG@100_ci90_low,nDCG@100_ci90_high,nDCG@100_ci95_low,nDCG@100_ci95_high,RR@1,RR@3,RR@5,RR@10,RR@100,P@1,P@3,P@5,P@10,P@100,R@1,R@3,R@5,R@10,R@100,AP
0.7735849056603774,0.41865189055248975,0.010867661587085372,0.7556980196368182,0.7914717916839367,0.7522672820141542,0.7949025293066007,0.8369574082045337,0.3233556940852779,0.008393895584559196,0.8231420485329473,0.8507727678761201,0.8204922371497071,0.8534225792593603,0.854052254690665,0.29094523022289004,0.007552561862950861,0.8416216308489161,0.866482878532414,0.8392374143435444,0.8688670950377857,0.8682093120481865,0.2565678203345923,0.006660168766592204,0.8572474617300581,0.879171162366315,0.8551449586867178,0.8812736654096552,0.8753340628905623,0.23697887784783833,0.006151665156315949,0.865209149391518,0.8854589763896065,0.8632671723687072,0.8874009534124173,0.7742587601078167,0.8280548068283918,0.8363769092542684,0.8419624138963766,0.8431400724061492,0.7735849056603774,0.308849955076365,0.1948787061994562,0.1021563342318033,0.010592991913746441,0.7508984725965859,0.8811208445642408,0.921832884097035,0.9641172506738545,0.9956199460916442,0.8363706392861817
