{
  "nDCG@1": 0.7735849056603774,
  "nDCG@1_std": 0.41865189055248975,
  "nDCG@1_stderr": 0.010867661587085372,
  "nDCG@1_ci90_low": 0.7556980196368182,
  "nDCG@1_ci90_high": 0.7914717916839367,
  "nDCG@1_ci95_low": 0.7522672820141542,
  "nDCG@1_ci95_high": 0.7949025293066007,
  "nDCG@3": 0.8369574082045337,
  "nDCG@3_std": 0.3233556940852779,
  "nDCG@3_stderr": 0.008393895584559196,
  "nDCG@3_ci90_low": 0.8231420485329473,
  "nDCG@3_ci90_high": 0.8507727678761201,
  "nDCG@3_ci95_low": 0.8204922371497071,
  "nDCG@3_ci95_high": 0.8534225792593603,
  "nDCG@5": 0.854052254690665,
  "nDCG@5_std": 0.29094523022289004,
  "nDCG@5_stderr": 0.007552561862950861,
  "nDCG@5_ci90_low": 0.8416216308489161,
  "nDCG@5_ci90_high": 0.866482878532414,
  "nDCG@5_ci95_low": 0.8392374143435444,
  "nDCG@5_ci95_high": 0.8688670950377857,
  "nDCG@10": 0.8682093120481865,
  "nDCG@10_std": 0.2565678203345923,
  "nDCG@10_stderr": 0.006660168766592204,
  "nDCG@10_ci90_low": 0.8572474617300581,
  "nDCG@10_ci90_high": 0.879171162366315,
  "nDCG@10_ci95_low": 0.8551449586867178,
  "nDCG@10_ci95_high": 0.8812736654096552,
  "nDCG@100": 0.8753340628905623,
  "nDCG@100_std": 0.23697887784783833,
  "nDCG@100_stderr": 0.006151665156315949,
  "nDCG@100_ci90_low": 0.865209149391518,
  "nDCG@100_ci90_high": 0.8854589763896065,
  "nDCG@100_ci95_low": 0.8632671723687072,
  "nDCG@100_ci95_high": 0.8874009534124173,
  "RR@1": 0.7742587601078167,
  "RR@3": 0.8280548068283918,
  "RR@5": 0.8363769092542684,
  "RR@10": 0.8419624138963766,
  "RR@100": 0.8431400724061492,
  "P@1": 0.7735849056603774,
  "P@3": 0.308849955076365,
  "P@5": 0.1948787061994562,
  "P@10": 0.1021563342318033,
  "P@100": 0.010592991913746441,
  "R@1": 0.7508984725965859,
  "R@3": 0.8811208445642408,
  "R@5": 0.921832884097035,
  "R@10": 0.9641172506738545,
  "R@100": 0.9956199460916442,
  "AP": 0.8363706392861817
}