{
  "nDCG@1": 0.7628032345013477,
  "nDCG@1_std": 0.42550730386238844,
  "nDCG@1_stderr": 0.011045619249699197,
  "nDCG@1_ci90_low": 0.7446234512061274,
  "nDCG@1_ci90_high": 0.780983017796568,
  "nDCG@1_ci95_low": 0.7411365353482949,
  "nDCG@1_ci95_high": 0.7844699336544004,
  "nDCG@3": 0.8284899570858857,
  "nDCG@3_std": 0.33178392873718393,
  "nDCG@3_stderr": 0.008612681654896974,
  "nDCG@3_ci90_low": 0.8143145014109121,
  "nDCG@3_ci90_high": 0.8426654127608593,
  "nDCG@3_ci95_low": 0.8115956229522199,
  "nDCG@3_ci95_high": 0.8453842912195515,
  "nDCG@5": 0.8445592096717647,
  "nDCG@5_std": 0.3019587488638503,
  "nDCG@5_stderr": 0.007838458561793086,
  "nDCG@5_ci90_low": 0.8316580336670021,
  "nDCG@5_ci90_high": 0.8574603856765273,
  "nDCG@5_ci95_low": 0.8291835643916988,
  "nDCG@5_ci95_high": 0.8599348549518305,
  "nDCG@10": 0.8596263633080012,
  "nDCG@10_std": 0.2672581288316184,
  "nDCG@10_stderr": 0.006937675348143534,
  "nDCG@10_ci90_low": 0.8482077699679061,
  "nDCG@10_ci90_high": 0.8710449566480963,
  "nDCG@10_ci95_low": 0.8460176627732738,
  "nDCG@10_ci95_high": 0.8732350638427286,
  "nDCG@100": 0.8677862150098911,
  "nDCG@100_std": 0.24546607995490052,
  "nDCG@100_stderr": 0.006371981945520046,
  "nDCG@100_ci90_low": 0.8572986861251918,
  "nDCG@100_ci90_high": 0.8782737438945903,
  "nDCG@100_ci95_low": 0.8552871588047782,
  "nDCG@100_ci95_high": 0.8802852712150039,
  "RR@1": 0.7621293800539084,
  "RR@3": 0.8177223719676548,
  "RR@5": 0.8260444743935312,
  "RR@10": 0.8318711761434132,
  "RR@100": 0.8333602865120829,
  "P@1": 0.7628032345013477,
  "P@3": 0.30660377358490076,
  "P@5": 0.19272237196765044,
  "P@10": 0.10148247978436399,
  "P@100": 0.01057277628032326,
  "R@1": 0.7401168014375562,
  "R@3": 0.8742699910152739,
  "R@5": 0.9126235399820306,
  "R@10": 0.9577156334231806,
  "R@100": 0.9935983827493261,
  "AP": 0.8275743266978204
}