{
  "nDCG@1": 0.7371967654986523,
  "nDCG@1_std": 0.44030481881953965,
  "nDCG@1_stderr": 0.011429743598622902,
  "nDCG@1_ci90_low": 0.7183847589424283,
  "nDCG@1_ci90_high": 0.7560087720548764,
  "nDCG@1_ci95_low": 0.7147765815008528,
  "nDCG@1_ci95_high": 0.7596169494964519,
  "nDCG@3": 0.8075242244762055,
  "nDCG@3_std": 0.3472150020751899,
  "nDCG@3_stderr": 0.009013252359932208,
  "nDCG@3_ci90_low": 0.7926894767826199,
  "nDCG@3_ci90_high": 0.8223589721697911,
  "nDCG@3_ci95_low": 0.7898441449027119,
  "nDCG@3_ci95_high": 0.8252043040496991,
  "nDCG@5": 0.8227408416412583,
  "nDCG@5_std": 0.321759437167492,
  "nDCG@5_stderr": 0.008352458819600013,
  "nDCG@5_ci90_low": 0.8089936819854775,
  "nDCG@5_ci90_high": 0.836488001297039,
  "nDCG@5_ci95_low": 0.8063569514906482,
  "nDCG@5_ci95_high": 0.8391247317918683,
  "nDCG@10": 0.8388643325453862,
  "nDCG@10_std": 0.2887592957313542,
  "nDCG@10_stderr": 0.0074958178308763895,
  "nDCG@10_ci90_low": 0.8265271026712447,
  "nDCG@10_ci90_high": 0.8512015624195276,
  "nDCG@10_ci95_low": 0.8241607993005561,
  "nDCG@10_ci95_high": 0.8535678657902163,
  "nDCG@100": 0.8490474275551414,
  "nDCG@100_std": 0.2637471558525842,
  "nDCG@100_stderr": 0.006846535030761494,
  "nDCG@100_ci90_low": 0.8377788404013911,
  "nDCG@100_ci90_high": 0.8603160147088917,
  "nDCG@100_ci95_low": 0.8356175046690718,
  "nDCG@100_ci95_high": 0.862477350441211,
  "RR@1": 0.7371967654986523,
  "RR@3": 0.7958221024258761,
  "RR@5": 0.803504043126685,
  "RR@10": 0.8096075065246225,
  "RR@100": 0.8117404648993921,
  "P@1": 0.7371967654986523,
  "P@3": 0.3005390835579468,
  "P@5": 0.18881401617250237,
  "P@10": 0.09993261455525358,
  "P@100": 0.01049191374663054,
  "R@1": 0.7148472596585805,
  "R@3": 0.8584344115004491,
  "R@5": 0.8945417789757413,
  "R@10": 0.9428908355795148,
  "R@100": 0.9866352201257861,
  "AP": 0.8054154637722103
}