{
  "nDCG@1": 0.7816711590296496,
  "nDCG@1_std": 0.41325105762990655,
  "nDCG@1_stderr": 0.010727462949946615,
  "nDCG@1_ci90_low": 0.7640150233862952,
  "nDCG@1_ci90_high": 0.7993272946730039,
  "nDCG@1_ci95_low": 0.7606285441107673,
  "nDCG@1_ci95_high": 0.8027137739485318,
  "nDCG@3": 0.8441877105736328,
  "nDCG@3_std": 0.316720364020409,
  "nDCG@3_stderr": 0.008221650998326837,
  "nDCG@3_ci90_low": 0.8306558451254749,
  "nDCG@3_ci90_high": 0.8577195760217908,
  "nDCG@3_ci95_low": 0.8280604084554656,
  "nDCG@3_ci95_high": 0.8603150126918001,
  "nDCG@5": 0.8599881661626285,
  "nDCG@5_std": 0.28510312020739464,
  "nDCG@5_stderr": 0.007400908243235592,
  "nDCG@5_ci90_low": 0.8478071462480142,
  "nDCG@5_ci90_high": 0.8721691860772428,
  "nDCG@5_ci95_low": 0.8454708042347402,
  "nDCG@5_ci95_high": 0.8745055280905168,
  "nDCG@10": 0.872949675246119,
  "nDCG@10_std": 0.2531046188864489,
  "nDCG@10_stderr": 0.006570268536363558,
  "nDCG@10_ci90_low": 0.8621357900775037,
  "nDCG@10_ci90_high": 0.8837635604147343,
  "nDCG@10_ci95_low": 0.8600616670218599,
  "nDCG@10_ci95_high": 0.8858376834703781,
  "nDCG@100": 0.8800341649643917,
  "nDCG@100_std": 0.233189075039121,
  "nDCG@100_stderr": 0.0060532867771987,
  "nDCG@100_ci90_low": 0.870071170645509,
  "nDCG@100_ci90_high": 0.8899971592832744,
  "nDCG@100_ci95_low": 0.8681602500191261,
  "nDCG@100_ci95_high": 0.8919080799096573,
  "RR@1": 0.7816711590296496,
  "RR@3": 0.8343441150044922,
  "RR@5": 0.8421945193171613,
  "RR@10": 0.8472281050785093,
  "RR@100": 0.8483661120058246,
  "P@1": 0.7816711590296496,
  "P@3": 0.3117699910152688,
  "P@5": 0.1959568733153591,
  "P@10": 0.10229110512129116,
  "P@100": 0.010613207547169622,
  "R@1": 0.7586477987421385,
  "R@3": 0.8889824797843666,
  "R@5": 0.9265498652291105,
  "R@10": 0.9654649595687331,
  "R@100": 0.9973045822102425,
  "AP": 0.8422550369040721
}