nDCG@1,nDCG@1_std,nDCG@1_stderr,nDCG@1_ci90_low,nDCG@1_ci90_high,nDCG@1_ci95_low,nDCG@1_ci95_high,nDCG@3,nDCG@3_std,nDCG@3_stderr,nDCG@3_ci90_low,nDCG@3_ci90_high,nDCG@3_ci95_low,nDCG@3_ci95_high,nDCG@5,nDCG@5_std,nDCG@5_stderr,nDCG@5_ci90_low,nDCG@5_ci90_high,nDCG@5_ci95_low,nDCG@5_ci95_high,nDCG@10,nDCG@10_std,nDCG@10_stderr,nDCG@10_ci90_low,nDCG@10_ci90_high,nDCG@10_ci95_low,nDCG@10_ci95_high,nDCG@100,nDCG@100_std,nDCG@100_stderr,nDCG@100_ci90_low,nDCG@100_ci90_high,nDCG@100_ci95_low,nDCG@100_ci95_high,RR@1,RR@3,RR@5,RR@10,RR@100,P@1,P@3,P@5,P@10,P@100,R@1,R@3,R@5,R@10,R@100,AP
0.7816711590296496,0.41325105762990655,0.010727462949946615,0.7640150233862952,0.7993272946730039,0.7606285441107673,0.8027137739485318,0.8412276099936364,0.32210177951359187,0.008361345584113203,0.8274658237742024,0.8549893962130705,0.8248262878775748,0.857628932109698,0.8581017266543536,0.2886828663262356,0.007493833822374635,0.8457677622236248,0.8704356910850823,0.8434020851709859,0.8728013681377212,0.871611900426915,0.2557513779110743,0.006638974977278546,0.8606849325801281,0.882538868273702,0.8585891200589192,0.8846346807949109,0.8788496982042489,0.2355292213736616,0.006114033949257289,0.86878672122266,0.8889126751858377,0.8668566237377615,0.8908427726707362,0.7830188679245284,0.8329964061096136,0.8416891284815817,0.8468842253882686,0.8480873980954725,0.7816711590296496,0.30997304582209734,0.19514824797843192,0.1021563342318033,0.010606469002695228,0.7586477987421385,0.8835916442048517,0.92374213836478,0.9641172506738545,0.9966307277628033,0.8410173962302762
