nDCG@1,nDCG@1_std,nDCG@1_stderr,nDCG@1_ci90_low,nDCG@1_ci90_high,nDCG@1_ci95_low,nDCG@1_ci95_high,nDCG@3,nDCG@3_std,nDCG@3_stderr,nDCG@3_ci90_low,nDCG@3_ci90_high,nDCG@3_ci95_low,nDCG@3_ci95_high,nDCG@5,nDCG@5_std,nDCG@5_stderr,nDCG@5_ci90_low,nDCG@5_ci90_high,nDCG@5_ci95_low,nDCG@5_ci95_high,nDCG@10,nDCG@10_std,nDCG@10_stderr,nDCG@10_ci90_low,nDCG@10_ci90_high,nDCG@10_ci95_low,nDCG@10_ci95_high,nDCG@100,nDCG@100_std,nDCG@100_stderr,nDCG@100_ci90_low,nDCG@100_ci90_high,nDCG@100_ci95_low,nDCG@100_ci95_high,RR@1,RR@3,RR@5,RR@10,RR@100,P@1,P@3,P@5,P@10,P@100,R@1,R@3,R@5,R@10,R@100,AP
0.7648247978436657,0.42425123796081904,0.011013013403512,0.7466986799160849,0.7829509157712466,0.7432220571744244,0.7864275385129071,0.8289433992687422,0.329572354334702,0.008555272043897449,0.8148624330255912,0.8430243655118931,0.8121616778136326,0.8457251207238518,0.8459319000781399,0.29917405340332365,0.007766171469411491,0.8331497000805012,0.8587141000757786,0.8306980506220903,0.8611657495341895,0.8610533572045277,0.2636472375596372,0.006843941281112653,0.8497890390560248,0.8723176753530306,0.8476285221267601,0.8744781922822953,0.8691239878343837,0.2423956456941951,0.00629227744346536,0.8587676431361253,0.8794803325326421,0.8567812771838408,0.8814666984849266,0.7648247978436657,0.8199685534591195,0.8279874213836482,0.834058796474565,0.8354467950067322,0.7648247978436657,0.3063791554357541,0.19326145552560184,0.10168463611859578,0.010586253369272047,0.7418014375561547,0.8750561545372866,0.9150943396226415,0.9600741239892183,0.9949460916442049,0.8284099016621522
