{
  "nDCG@1": 0.717654986522911,
  "nDCG@1_std": 0.4502920602789963,
  "nDCG@1_stderr": 0.011688999469238098,
  "nDCG@1_ci90_low": 0.6984162754570302,
  "nDCG@1_ci90_high": 0.7368936975887919,
  "nDCG@1_ci95_low": 0.6947262553060467,
  "nDCG@1_ci95_high": 0.7405837177397754,
  "nDCG@3": 0.7907076648498064,
  "nDCG@3_std": 0.36070449139610417,
  "nDCG@3_stderr": 0.009363422055162374,
  "nDCG@3_ci90_low": 0.7752965792405343,
  "nDCG@3_ci90_high": 0.8061187504590784,
  "nDCG@3_ci95_low": 0.7723407046888551,
  "nDCG@3_ci95_high": 0.8090746250107577,
  "nDCG@5": 0.8093780694566257,
  "nDCG@5_std": 0.33073681572689145,
  "nDCG@5_stderr": 0.008585499955504013,
  "nDCG@5_ci90_low": 0.7952473516449976,
  "nDCG@5_ci90_high": 0.8235087872682538,
  "nDCG@5_ci95_low": 0.7925370539907415,
  "nDCG@5_ci95_high": 0.82621908492251,
  "nDCG@10": 0.8244273980568675,
  "nDCG@10_std": 0.30207166796418883,
  "nDCG@10_stderr": 0.007841389795586339,
  "nDCG@10_ci90_low": 0.8115213975878586,
  "nDCG@10_ci90_high": 0.8373333985258764,
  "nDCG@10_ci95_low": 0.8090460029714436,
  "nDCG@10_ci95_high": 0.8398087931422914,
  "nDCG@100": 0.8362879839769566,
  "nDCG@100_std": 0.27412935811903355,
  "nDCG@100_stderr": 0.007116043573077024,
  "nDCG@100_ci90_low": 0.8245758176281656,
  "nDCG@100_ci90_high": 0.8480001503257476,
  "nDCG@100_ci95_low": 0.8223294025907593,
  "nDCG@100_ci95_high": 0.8502465653631539,
  "RR@1": 0.717654986522911,
  "RR@3": 0.7788634321653194,
  "RR@5": 0.7886343216531903,
  "RR@10": 0.7939746181491469,
  "RR@100": 0.7964218187123243,
  "P@1": 0.717654986522911,
  "P@3": 0.2944743935309928,
  "P@5": 0.18692722371967224,
  "P@10": 0.09871967654986284,
  "P@100": 0.010464959568732966,
  "R@1": 0.6959793351302787,
  "R@3": 0.8415880503144653,
  "R@5": 0.8861185983827493,
  "R@10": 0.931547619047619,
  "R@100": 0.9839398023360286,
  "AP": 0.7901505439662158
}