nDCG@1,nDCG@1_std,nDCG@1_stderr,nDCG@1_ci90_low,nDCG@1_ci90_high,nDCG@1_ci95_low,nDCG@1_ci95_high,nDCG@3,nDCG@3_std,nDCG@3_stderr,nDCG@3_ci90_low,nDCG@3_ci90_high,nDCG@3_ci95_low,nDCG@3_ci95_high,nDCG@5,nDCG@5_std,nDCG@5_stderr,nDCG@5_ci90_low,nDCG@5_ci90_high,nDCG@5_ci95_low,nDCG@5_ci95_high,nDCG@10,nDCG@10_std,nDCG@10_stderr,nDCG@10_ci90_low,nDCG@10_ci90_high,nDCG@10_ci95_low,nDCG@10_ci95_high,nDCG@100,nDCG@100_std,nDCG@100_stderr,nDCG@100_ci90_low,nDCG@100_ci90_high,nDCG@100_ci95_low,nDCG@100_ci95_high,RR@1,RR@3,RR@5,RR@10,RR@100,P@1,P@3,P@5,P@10,P@100,R@1,R@3,R@5,R@10,R@100,AP
0.7816711590296496,0.41325105762990655,0.010727462949946615,0.7640150233862952,0.7993272946730039,0.7606285441107673,0.8027137739485318,0.8441877105736328,0.316720364020409,0.008221650998326837,0.8306558451254749,0.8577195760217908,0.8280604084554656,0.8603150126918001,0.8599881661626285,0.28510312020739464,0.007400908243235592,0.8478071462480142,0.8721691860772428,0.8454708042347402,0.8745055280905168,0.872949675246119,0.2531046188864489,0.006570268536363558,0.8621357900775037,0.8837635604147343,0.8600616670218599,0.8858376834703781,0.8800341649643917,0.233189075039121,0.0060532867771987,0.870071170645509,0.8899971592832744,0.8681602500191261,0.8919080799096573,0.7816711590296496,0.8343441150044922,0.8421945193171613,0.8472281050785093,0.8483661120058246,0.7816711590296496,0.3117699910152688,0.1959568733153591,0.10229110512129116,0.010613207547169622,0.7586477987421385,0.8889824797843666,0.9265498652291105,0.9654649595687331,0.9973045822102425,0.8422550369040721
