{
  "nDCG@1": 0.7648247978436657,
  "nDCG@1_std": 0.42425123796081904,
  "nDCG@1_stderr": 0.011013013403512,
  "nDCG@1_ci90_low": 0.7466986799160849,
  "nDCG@1_ci90_high": 0.7829509157712466,
  "nDCG@1_ci95_low": 0.7432220571744244,
  "nDCG@1_ci95_high": 0.7864275385129071,
  "nDCG@3": 0.8289433992687422,
  "nDCG@3_std": 0.329572354334702,
  "nDCG@3_stderr": 0.008555272043897449,
  "nDCG@3_ci90_low": 0.8148624330255912,
  "nDCG@3_ci90_high": 0.8430243655118931,
  "nDCG@3_ci95_low": 0.8121616778136326,
  "nDCG@3_ci95_high": 0.8457251207238518,
  "nDCG@5": 0.8459319000781399,
  "nDCG@5_std": 0.29917405340332365,
  "nDCG@5_stderr": 0.007766171469411491,
  "nDCG@5_ci90_low": 0.8331497000805012,
  "nDCG@5_ci90_high": 0.8587141000757786,
  "nDCG@5_ci95_low": 0.8306980506220903,
  "nDCG@5_ci95_high": 0.8611657495341895,
  "nDCG@10": 0.8610533572045277,
  "nDCG@10_std": 0.2636472375596372,
  "nDCG@10_stderr": 0.006843941281112653,
  "nDCG@10_ci90_low": 0.8497890390560248,
  "nDCG@10_ci90_high": 0.8723176753530306,
  "nDCG@10_ci95_low": 0.8476285221267601,
  "nDCG@10_ci95_high": 0.8744781922822953,
  "nDCG@100": 0.8691239878343837,
  "nDCG@100_std": 0.2423956456941951,
  "nDCG@100_stderr": 0.00629227744346536,
  "nDCG@100_ci90_low": 0.8587676431361253,
  "nDCG@100_ci90_high": 0.8794803325326421,
  "nDCG@100_ci95_low": 0.8567812771838408,
  "nDCG@100_ci95_high": 0.8814666984849266,
  "RR@1": 0.7648247978436657,
  "RR@3": 0.8199685534591195,
  "RR@5": 0.8279874213836482,
  "RR@10": 0.834058796474565,
  "RR@100": 0.8354467950067322,
  "P@1": 0.7648247978436657,
  "P@3": 0.3063791554357541,
  "P@5": 0.19326145552560184,
  "P@10": 0.10168463611859578,
  "P@100": 0.010586253369272047,
  "R@1": 0.7418014375561547,
  "R@3": 0.8750561545372866,
  "R@5": 0.9150943396226415,
  "R@10": 0.9600741239892183,
  "R@100": 0.9949460916442049,
  "AP": 0.8284099016621522
}