nDCG@1,nDCG@1_std,nDCG@1_stderr,nDCG@1_ci90_low,nDCG@1_ci90_high,nDCG@1_ci95_low,nDCG@1_ci95_high,nDCG@3,nDCG@3_std,nDCG@3_stderr,nDCG@3_ci90_low,nDCG@3_ci90_high,nDCG@3_ci95_low,nDCG@3_ci95_high,nDCG@5,nDCG@5_std,nDCG@5_stderr,nDCG@5_ci90_low,nDCG@5_ci90_high,nDCG@5_ci95_low,nDCG@5_ci95_high,nDCG@10,nDCG@10_std,nDCG@10_stderr,nDCG@10_ci90_low,nDCG@10_ci90_high,nDCG@10_ci95_low,nDCG@10_ci95_high,nDCG@100,nDCG@100_std,nDCG@100_stderr,nDCG@100_ci90_low,nDCG@100_ci90_high,nDCG@100_ci95_low,nDCG@100_ci95_high,RR@1,RR@3,RR@5,RR@10,RR@100,P@1,P@3,P@5,P@10,P@100,R@1,R@3,R@5,R@10,R@100,AP
0.7628032345013477,0.42550730386238844,0.011045619249699197,0.7446234512061274,0.780983017796568,0.7411365353482949,0.7844699336544004,0.8284899570858857,0.33178392873718393,0.008612681654896974,0.8143145014109121,0.8426654127608593,0.8115956229522199,0.8453842912195515,0.8445592096717647,0.3019587488638503,0.007838458561793086,0.8316580336670021,0.8574603856765273,0.8291835643916988,0.8599348549518305,0.8596263633080012,0.2672581288316184,0.006937675348143534,0.8482077699679061,0.8710449566480963,0.8460176627732738,0.8732350638427286,0.8677862150098911,0.24546607995490052,0.006371981945520046,0.8572986861251918,0.8782737438945903,0.8552871588047782,0.8802852712150039,0.7621293800539084,0.8177223719676548,0.8260444743935312,0.8318711761434132,0.8333602865120829,0.7628032345013477,0.30660377358490076,0.19272237196765044,0.10148247978436399,0.01057277628032326,0.7401168014375562,0.8742699910152739,0.9126235399820306,0.9577156334231806,0.9935983827493261,0.8275743266978204
