{
  "nDCG@1": 0.14824797843665768,
  "nDCG@1_std": 0.3554654141403775,
  "nDCG@1_stderr": 0.009227422385917613,
  "nDCG@1_ci90_low": 0.1330607322029062,
  "nDCG@1_ci90_high": 0.16343522467040916,
  "nDCG@1_ci95_low": 0.13014779045495933,
  "nDCG@1_ci95_high": 0.16634816641835604,
  "nDCG@3": 0.22076688941297448,
  "nDCG@3_std": 0.37345427521320396,
  "nDCG@3_stderr": 0.009694389952261517,
  "nDCG@3_ci90_low": 0.20481106977739588,
  "nDCG@3_ci90_high": 0.23672270904855308,
  "nDCG@3_ci95_low": 0.20175071423802918,
  "nDCG@3_ci95_high": 0.2397830645879198,
  "nDCG@5": 0.25358693364900986,
  "nDCG@5_std": 0.37113639075410626,
  "nDCG@5_stderr": 0.009634220669695529,
  "nDCG@5_ci90_low": 0.23773014553835986,
  "nDCG@5_ci90_high": 0.26944372175965986,
  "nDCG@5_ci95_low": 0.23468878442753455,
  "nDCG@5_ci95_high": 0.2724850828704852,
  "nDCG@10": 0.28357440786198546,
  "nDCG@10_std": 0.3624906835655027,
  "nDCG@10_stderr": 0.009409789293587854,
  "nDCG@10_ci90_low": 0.2680870072605416,
  "nDCG@10_ci90_high": 0.29906180846342933,
  "nDCG@10_ci95_low": 0.265116495353066,
  "nDCG@10_ci95_high": 0.30203232037090494,
  "nDCG@100": 0.3446290285897481,
  "nDCG@100_std": 0.3273612488040085,
  "nDCG@100_stderr": 0.008497874604203105,
  "nDCG@100_ci90_low": 0.3306425317458907,
  "nDCG@100_ci90_high": 0.3586155254336055,
  "nDCG@100_ci95_low": 0.3279598959383895,
  "nDCG@100_ci95_high": 0.3612981612411067,
  "RR@1": 0.14824797843665768,
  "RR@3": 0.2053009883198563,
  "RR@5": 0.2236298292902065,
  "RR@10": 0.23661917597227544,
  "RR@100": 0.24775374997996438,
  "P@1": 0.14824797843665768,
  "P@3": 0.09344115004492333,
  "P@5": 0.07250673854447505,
  "P@10": 0.046024258760108086,
  "P@100": 0.007742587601078036,
  "R@1": 0.14510332434860737,
  "R@3": 0.27263027852650495,
  "R@5": 0.35180817610062887,
  "R@10": 0.4432277628032345,
  "R@100": 0.7359052111410601,
  "AP": 0.24351324584010028
}