{
  "nDCG@1": 0.15902964959568733,
  "nDCG@1_std": 0.36582701059747114,
  "nDCG@1_stderr": 0.00949639602807418,
  "nDCG@1_ci90_low": 0.14339970454931242,
  "nDCG@1_ci90_high": 0.17465959464206224,
  "nDCG@1_ci95_low": 0.14040185235524455,
  "nDCG@1_ci95_high": 0.1776574468361301,
  "nDCG@3": 0.23656528633007498,
  "nDCG@3_std": 0.38169303495837326,
  "nDCG@3_stderr": 0.00990825749909056,
  "nDCG@3_ci90_low": 0.22025746599925802,
  "nDCG@3_ci90_high": 0.25287310666089197,
  "nDCG@3_ci95_low": 0.21712959607942467,
  "nDCG@3_ci95_high": 0.2560009765807253,
  "nDCG@5": 0.267180988868825,
  "nDCG@5_std": 0.37855455317706377,
  "nDCG@5_stderr": 0.009826786571414843,
  "nDCG@5_ci90_low": 0.25100726005216606,
  "nDCG@5_ci90_high": 0.283354717685484,
  "nDCG@5_ci95_low": 0.2479051091312628,
  "nDCG@5_ci95_high": 0.28645686860638725,
  "nDCG@10": 0.29790991944821843,
  "nDCG@10_std": 0.36850218982990024,
  "nDCG@10_stderr": 0.00956584022082456,
  "nDCG@10_ci90_low": 0.2821656774713796,
  "nDCG@10_ci90_high": 0.31365416142505725,
  "nDCG@10_ci95_low": 0.2791459029159247,
  "nDCG@10_ci95_high": 0.31667393598051213,
  "nDCG@100": 0.35999658706830195,
  "nDCG@100_std": 0.33108856101925965,
  "nDCG@100_stderr": 0.008594630808340394,
  "nDCG@100_ci90_low": 0.3458508409525007,
  "nDCG@100_ci90_high": 0.3741423331841032,
  "nDCG@100_ci95_low": 0.3431376608418759,
  "nDCG@100_ci95_high": 0.376855513294728,
  "RR@1": 0.15902964959568733,
  "RR@3": 0.2205750224618148,
  "RR@5": 0.2374887690925423,
  "RR@10": 0.2506104800410728,
  "RR@100": 0.26185463712381624,
  "P@1": 0.15902964959568733,
  "P@3": 0.10017969451931708,
  "P@5": 0.07533692722372037,
  "P@10": 0.04777628032345031,
  "P@100": 0.007978436657681803,
  "R@1": 0.15521114106019768,
  "R@3": 0.29205974842767296,
  "R@5": 0.3655098831985625,
  "R@10": 0.4589510332434861,
  "R@100": 0.7571316262353998,
  "AP": 0.2573213361231083
}