nDCG@1,nDCG@1_std,nDCG@1_stderr,nDCG@1_ci90_low,nDCG@1_ci90_high,nDCG@1_ci95_low,nDCG@1_ci95_high,nDCG@3,nDCG@3_std,nDCG@3_stderr,nDCG@3_ci90_low,nDCG@3_ci90_high,nDCG@3_ci95_low,nDCG@3_ci95_high,nDCG@5,nDCG@5_std,nDCG@5_stderr,nDCG@5_ci90_low,nDCG@5_ci90_high,nDCG@5_ci95_low,nDCG@5_ci95_high,nDCG@10,nDCG@10_std,nDCG@10_stderr,nDCG@10_ci90_low,nDCG@10_ci90_high,nDCG@10_ci95_low,nDCG@10_ci95_high,nDCG@100,nDCG@100_std,nDCG@100_stderr,nDCG@100_ci90_low,nDCG@100_ci90_high,nDCG@100_ci95_low,nDCG@100_ci95_high,RR@1,RR@3,RR@5,RR@10,RR@100,P@1,P@3,P@5,P@10,P@100,R@1,R@3,R@5,R@10,R@100,AP
0.15768194070080863,0.3645653670629918,0.00946364539375085,0.14210589932622608,0.17325798207539117,0.13911838595550477,0.17624549544611248,0.2336078663434357,0.37966626309855517,0.009855645123071756,0.21738663976286904,0.24982909292400235,0.2142753786835281,0.25294035400334325,0.2634798143290559,0.37691733481513695,0.009784286500346007,0.24737603560433802,0.2795835930537737,0.24428730123966566,0.2826723274184461,0.2944755957159078,0.36718442635598075,0.009531632785459872,0.27878765513312914,0.3101635362986865,0.2757786792885597,0.3131725121432559,0.35639840274526946,0.3302537568578243,0.008572960372059795,0.34228832360536043,0.3705084818851785,0.3395819844862822,0.37321482100425674,0.15768194070080863,0.2165318957771787,0.23358041329739407,0.2468425105891411,0.2580598958690437,0.15768194070080863,0.09973045822102417,0.07479784366576889,0.04730458221024279,0.007924528301886656,0.15369496855345913,0.2907120395327943,0.36202830188679247,0.4558063791554358,0.75331311769991,0.25395805425457113
