nDCG@1,nDCG@1_std,nDCG@1_stderr,nDCG@1_ci90_low,nDCG@1_ci90_high,nDCG@1_ci95_low,nDCG@1_ci95_high,nDCG@3,nDCG@3_std,nDCG@3_stderr,nDCG@3_ci90_low,nDCG@3_ci90_high,nDCG@3_ci95_low,nDCG@3_ci95_high,nDCG@5,nDCG@5_std,nDCG@5_stderr,nDCG@5_ci90_low,nDCG@5_ci90_high,nDCG@5_ci95_low,nDCG@5_ci95_high,nDCG@10,nDCG@10_std,nDCG@10_stderr,nDCG@10_ci90_low,nDCG@10_ci90_high,nDCG@10_ci95_low,nDCG@10_ci95_high,nDCG@100,nDCG@100_std,nDCG@100_stderr,nDCG@100_ci90_low,nDCG@100_ci90_high,nDCG@100_ci95_low,nDCG@100_ci95_high,RR@1,RR@3,RR@5,RR@10,RR@100,P@1,P@3,P@5,P@10,P@100,R@1,R@3,R@5,R@10,R@100,AP
0.14824797843665768,0.3554654141403775,0.009227422385917613,0.1330607322029062,0.16343522467040916,0.13014779045495933,0.16634816641835604,0.22076688941297448,0.37345427521320396,0.009694389952261517,0.20481106977739588,0.23672270904855308,0.20175071423802918,0.2397830645879198,0.25358693364900986,0.37113639075410626,0.009634220669695529,0.23773014553835986,0.26944372175965986,0.23468878442753455,0.2724850828704852,0.28357440786198546,0.3624906835655027,0.009409789293587854,0.2680870072605416,0.29906180846342933,0.265116495353066,0.30203232037090494,0.3446290285897481,0.3273612488040085,0.008497874604203105,0.3306425317458907,0.3586155254336055,0.3279598959383895,0.3612981612411067,0.14824797843665768,0.2053009883198563,0.2236298292902065,0.23661917597227544,0.24775374997996438,0.14824797843665768,0.09344115004492333,0.07250673854447505,0.046024258760108086,0.007742587601078036,0.14510332434860737,0.27263027852650495,0.35180817610062887,0.4432277628032345,0.7359052111410601,0.24351324584010028
