nDCG@1,nDCG@1_std,nDCG@1_stderr,nDCG@1_ci90_low,nDCG@1_ci90_high,nDCG@1_ci95_low,nDCG@1_ci95_high,nDCG@3,nDCG@3_std,nDCG@3_stderr,nDCG@3_ci90_low,nDCG@3_ci90_high,nDCG@3_ci95_low,nDCG@3_ci95_high,nDCG@5,nDCG@5_std,nDCG@5_stderr,nDCG@5_ci90_low,nDCG@5_ci90_high,nDCG@5_ci95_low,nDCG@5_ci95_high,nDCG@10,nDCG@10_std,nDCG@10_stderr,nDCG@10_ci90_low,nDCG@10_ci90_high,nDCG@10_ci95_low,nDCG@10_ci95_high,nDCG@100,nDCG@100_std,nDCG@100_stderr,nDCG@100_ci90_low,nDCG@100_ci90_high,nDCG@100_ci95_low,nDCG@100_ci95_high,RR@1,RR@3,RR@5,RR@10,RR@100,P@1,P@3,P@5,P@10,P@100,R@1,R@3,R@5,R@10,R@100,AP
0.15902964959568733,0.36582701059747114,0.00949639602807418,0.14339970454931242,0.17465959464206224,0.14040185235524455,0.1776574468361301,0.23656528633007498,0.38169303495837326,0.00990825749909056,0.22025746599925802,0.25287310666089197,0.21712959607942467,0.2560009765807253,0.267180988868825,0.37855455317706377,0.009826786571414843,0.25100726005216606,0.283354717685484,0.2479051091312628,0.28645686860638725,0.29790991944821843,0.36850218982990024,0.00956584022082456,0.2821656774713796,0.31365416142505725,0.2791459029159247,0.31667393598051213,0.35999658706830195,0.33108856101925965,0.008594630808340394,0.3458508409525007,0.3741423331841032,0.3431376608418759,0.376855513294728,0.15902964959568733,0.2205750224618148,0.2374887690925423,0.2506104800410728,0.26185463712381624,0.15902964959568733,0.10017969451931708,0.07533692722372037,0.04777628032345031,0.007978436657681803,0.15521114106019768,0.29205974842767296,0.3655098831985625,0.4589510332434861,0.7571316262353998,0.2573213361231083
