nDCG@1,nDCG@1_std,nDCG@1_stderr,nDCG@1_ci90_low,nDCG@1_ci90_high,nDCG@1_ci95_low,nDCG@1_ci95_high,nDCG@3,nDCG@3_std,nDCG@3_stderr,nDCG@3_ci90_low,nDCG@3_ci90_high,nDCG@3_ci95_low,nDCG@3_ci95_high,nDCG@5,nDCG@5_std,nDCG@5_stderr,nDCG@5_ci90_low,nDCG@5_ci90_high,nDCG@5_ci95_low,nDCG@5_ci95_high,nDCG@10,nDCG@10_std,nDCG@10_stderr,nDCG@10_ci90_low,nDCG@10_ci90_high,nDCG@10_ci95_low,nDCG@10_ci95_high,nDCG@100,nDCG@100_std,nDCG@100_stderr,nDCG@100_ci90_low,nDCG@100_ci90_high,nDCG@100_ci95_low,nDCG@100_ci95_high,RR@1,RR@3,RR@5,RR@10,RR@100,P@1,P@3,P@5,P@10,P@100,R@1,R@3,R@5,R@10,R@100,AP
0.12870619946091644,0.3349873598957566,0.008695838584399786,0.1143938773121235,0.14301852160970938,0.11164874761213672,0.14576365130969615,0.19847742151066086,0.35877959419895544,0.009313454213620002,0.18314857706057003,0.2138062659607517,0.18020847651441435,0.21674636650690737,0.23009504872450215,0.3586079206791273,0.009308997791090788,0.21477353901898485,0.24541655843001944,0.21183484529032262,0.24835525215868168,0.260168521631305,0.351503185528004,0.009124568055955991,0.2451505614635863,0.2751864817990237,0.2422700890943209,0.2780669541682891,0.3204058270158085,0.319696509076164,0.008298907874576312,0.30674680588388753,0.33406484814772947,0.3041269805199688,0.3366846735116482,0.1293800539083558,0.18452380952380967,0.20147124887690906,0.21437422453258018,0.22551063119367012,0.12870619946091644,0.08468104222821157,0.06671159029649654,0.04319407008086296,0.0074056603773583665,0.12702156334231807,0.24719227313566938,0.3238993710691824,0.41548742138364775,0.7047394429469901,0.22170782017753327
