nDCG@1,nDCG@1_std,nDCG@1_stderr,nDCG@1_ci90_low,nDCG@1_ci90_high,nDCG@1_ci95_low,nDCG@1_ci95_high,nDCG@3,nDCG@3_std,nDCG@3_stderr,nDCG@3_ci90_low,nDCG@3_ci90_high,nDCG@3_ci95_low,nDCG@3_ci95_high,nDCG@5,nDCG@5_std,nDCG@5_stderr,nDCG@5_ci90_low,nDCG@5_ci90_high,nDCG@5_ci95_low,nDCG@5_ci95_high,nDCG@10,nDCG@10_std,nDCG@10_stderr,nDCG@10_ci90_low,nDCG@10_ci90_high,nDCG@10_ci95_low,nDCG@10_ci95_high,nDCG@100,nDCG@100_std,nDCG@100_stderr,nDCG@100_ci90_low,nDCG@100_ci90_high,nDCG@100_ci95_low,nDCG@100_ci95_high,RR@1,RR@3,RR@5,RR@10,RR@100,P@1,P@3,P@5,P@10,P@100,R@1,R@3,R@5,R@10,R@100,AP
0.1637466307277628,0.3701702408858123,0.009609140668749709,0.14793112133331077,0.17956214012221483,0.14489767755613922,0.18259558389938638,0.23947433402417587,0.38357010066152786,0.009956983696914933,0.22308631613293048,0.2558623519154213,0.21994306417357135,0.2590056038747804,0.266984075651189,0.38046203436863785,0.009876302315978662,0.25072884977352133,0.2832393015288566,0.24761106756649193,0.28635708373588603,0.3039209911073284,0.3684749543958655,0.009565133224183803,0.28817791276336785,0.31966406945128895,0.2851583613948382,0.3226836208198186,0.3661886463450307,0.32965507049281234,0.008557419248375471,0.3521041460571858,0.38027314663287554,0.3494027130089578,0.38297457968110354,0.16442048517520216,0.22484276729559735,0.23946540880503106,0.2552295918367343,0.26664704233149433,0.1637466307277628,0.10130278526504936,0.074663072776281,0.049191374663072863,0.008106469002695278,0.15824348607367475,0.2945867026055705,0.36112982929020665,0.4738881401617251,0.7718441150044922,0.26110729087438056
