nDCG@1,nDCG@1_std,nDCG@1_stderr,nDCG@1_ci90_low,nDCG@1_ci90_high,nDCG@1_ci95_low,nDCG@1_ci95_high,nDCG@3,nDCG@3_std,nDCG@3_stderr,nDCG@3_ci90_low,nDCG@3_ci90_high,nDCG@3_ci95_low,nDCG@3_ci95_high,nDCG@5,nDCG@5_std,nDCG@5_stderr,nDCG@5_ci90_low,nDCG@5_ci90_high,nDCG@5_ci95_low,nDCG@5_ci95_high,nDCG@10,nDCG@10_std,nDCG@10_stderr,nDCG@10_ci90_low,nDCG@10_ci90_high,nDCG@10_ci95_low,nDCG@10_ci95_high,nDCG@100,nDCG@100_std,nDCG@100_stderr,nDCG@100_ci90_low,nDCG@100_ci90_high,nDCG@100_ci95_low,nDCG@100_ci95_high,RR@1,RR@3,RR@5,RR@10,RR@100,P@1,P@3,P@5,P@10,P@100,R@1,R@3,R@5,R@10,R@100,AP
0.16172506738544473,0.36832252993856635,0.009561176482420771,0.14598850137059682,0.17746163340029264,0.14297019907876327,0.1804799356921262,0.243250639097553,0.38287970322617465,0.009939061872465248,0.22689211841034704,0.25960915978475896,0.2237545240689505,0.2627467541261555,0.2678255734241069,0.3799936297678284,0.00986414313838433,0.25159036011510705,0.28406078673310675,0.24847641635553935,0.28717473049267445,0.29930482154298016,0.3700405564777254,0.009605774229251848,0.2834948529099073,0.31511479017605304,0.2804624718609544,0.3181471712250059,0.3665499819388609,0.3286519962488908,0.008531380738396991,0.3525083379597515,0.3805916259179703,0.3498151248303262,0.38328483904739563,0.1623989218328841,0.2267520215633422,0.2403301886792449,0.25375673854447417,0.2663849668782231,0.16172506738544473,0.10399820305480685,0.07479784366576887,0.04770889487870637,0.008180592991913604,0.1566711590296496,0.302785265049416,0.3623090745732255,0.45805256064690025,0.7775718778077267,0.26065293062359157
