{
  "nDCG@1": 0.1637466307277628,
  "nDCG@1_std": 0.3701702408858123,
  "nDCG@1_stderr": 0.009609140668749709,
  "nDCG@1_ci90_low": 0.14793112133331077,
  "nDCG@1_ci90_high": 0.17956214012221483,
  "nDCG@1_ci95_low": 0.14489767755613922,
  "nDCG@1_ci95_high": 0.18259558389938638,
  "nDCG@3": 0.23947433402417587,
  "nDCG@3_std": 0.38357010066152786,
  "nDCG@3_stderr": 0.009956983696914933,
  "nDCG@3_ci90_low": 0.22308631613293048,
  "nDCG@3_ci90_high": 0.2558623519154213,
  "nDCG@3_ci95_low": 0.21994306417357135,
  "nDCG@3_ci95_high": 0.2590056038747804,
  "nDCG@5": 0.266984075651189,
  "nDCG@5_std": 0.38046203436863785,
  "nDCG@5_stderr": 0.009876302315978662,
  "nDCG@5_ci90_low": 0.25072884977352133,
  "nDCG@5_ci90_high": 0.2832393015288566,
  "nDCG@5_ci95_low": 0.24761106756649193,
  "nDCG@5_ci95_high": 0.28635708373588603,
  "nDCG@10": 0.3039209911073284,
  "nDCG@10_std": 0.3684749543958655,
  "nDCG@10_stderr": 0.009565133224183803,
  "nDCG@10_ci90_low": 0.28817791276336785,
  "nDCG@10_ci90_high": 0.31966406945128895,
  "nDCG@10_ci95_low": 0.2851583613948382,
  "nDCG@10_ci95_high": 0.3226836208198186,
  "nDCG@100": 0.3661886463450307,
  "nDCG@100_std": 0.32965507049281234,
  "nDCG@100_stderr": 0.008557419248375471,
  "nDCG@100_ci90_low": 0.3521041460571858,
  "nDCG@100_ci90_high": 0.38027314663287554,
  "nDCG@100_ci95_low": 0.3494027130089578,
  "nDCG@100_ci95_high": 0.38297457968110354,
  "RR@1": 0.16442048517520216,
  "RR@3": 0.22484276729559735,
  "RR@5": 0.23946540880503106,
  "RR@10": 0.2552295918367343,
  "RR@100": 0.26664704233149433,
  "P@1": 0.1637466307277628,
  "P@3": 0.10130278526504936,
  "P@5": 0.074663072776281,
  "P@10": 0.049191374663072863,
  "P@100": 0.008106469002695278,
  "R@1": 0.15824348607367475,
  "R@3": 0.2945867026055705,
  "R@5": 0.36112982929020665,
  "R@10": 0.4738881401617251,
  "R@100": 0.7718441150044922,
  "AP": 0.26110729087438056
}