{
  "nDCG@1": 0.1293800539083558,
  "nDCG@1_std": 0.3357332427433082,
  "nDCG@1_stderr": 0.00871520073838434,
  "nDCG@1_ci90_low": 0.11503586394340784,
  "nDCG@1_ci90_high": 0.14372424387330376,
  "nDCG@1_ci95_low": 0.11228462193769656,
  "nDCG@1_ci95_high": 0.14647548587901504,
  "nDCG@3": 0.19440284432590474,
  "nDCG@3_std": 0.3566459790985215,
  "nDCG@3_stderr": 0.009258068325267722,
  "nDCG@3_ci90_low": 0.17916515849943612,
  "nDCG@3_ci90_high": 0.20964053015237336,
  "nDCG@3_ci95_low": 0.1762425423448777,
  "nDCG@3_ci95_high": 0.21256314630693177,
  "nDCG@5": 0.22007421185241463,
  "nDCG@5_std": 0.35728876750843364,
  "nDCG@5_stderr": 0.0092747542809953,
  "nDCG@5_ci90_low": 0.204809062915699,
  "nDCG@5_ci90_high": 0.23533936078913026,
  "nDCG@5_ci95_low": 0.20188117928610688,
  "nDCG@5_ci95_high": 0.23826724441872238,
  "nDCG@10": 0.24928633656674962,
  "nDCG@10_std": 0.3511128329594979,
  "nDCG@10_stderr": 0.009114435008166394,
  "nDCG@10_ci90_low": 0.2342850541976016,
  "nDCG@10_ci90_high": 0.26428761893589764,
  "nDCG@10_ci95_low": 0.23140778066076262,
  "nDCG@10_ci95_high": 0.2671648924727366,
  "nDCG@100": 0.31047563377870685,
  "nDCG@100_std": 0.320628410153574,
  "nDCG@100_stderr": 0.008323098821208769,
  "nDCG@100_ci90_low": 0.29677679720886946,
  "nDCG@100_ci90_high": 0.32417447034854424,
  "nDCG@100_ci95_low": 0.2941493351707615,
  "nDCG@100_ci95_high": 0.3268019323866522,
  "RR@1": 0.1293800539083558,
  "RR@3": 0.18070530098832,
  "RR@5": 0.19478885893980225,
  "RR@10": 0.20694070080862523,
  "RR@100": 0.21834083760727346,
  "P@1": 0.1293800539083558,
  "P@3": 0.08288409703503999,
  "P@5": 0.06280323450134821,
  "P@10": 0.04097035040431306,
  "P@100": 0.007230458221024137,
  "R@1": 0.12657232704402516,
  "R@3": 0.24180143755615457,
  "R@5": 0.3030098831985625,
  "R@10": 0.39319407008086255,
  "R@100": 0.6887915543575921,
  "AP": 0.21456380695416122
}