nDCG@1,nDCG@1_std,nDCG@1_stderr,nDCG@1_ci90_low,nDCG@1_ci90_high,nDCG@1_ci95_low,nDCG@1_ci95_high,nDCG@3,nDCG@3_std,nDCG@3_stderr,nDCG@3_ci90_low,nDCG@3_ci90_high,nDCG@3_ci95_low,nDCG@3_ci95_high,nDCG@5,nDCG@5_std,nDCG@5_stderr,nDCG@5_ci90_low,nDCG@5_ci90_high,nDCG@5_ci95_low,nDCG@5_ci95_high,nDCG@10,nDCG@10_std,nDCG@10_stderr,nDCG@10_ci90_low,nDCG@10_ci90_high,nDCG@10_ci95_low,nDCG@10_ci95_high,nDCG@100,nDCG@100_std,nDCG@100_stderr,nDCG@100_ci90_low,nDCG@100_ci90_high,nDCG@100_ci95_low,nDCG@100_ci95_high,RR@1,RR@3,RR@5,RR@10,RR@100,P@1,P@3,P@5,P@10,P@100,R@1,R@3,R@5,R@10,R@100,AP
0.16442048517520216,0.3707816474500946,0.009625011992354564,0.14857885345865826,0.18026211689174607,0.1455403993720861,0.18330057097831823,0.24547878842126092,0.38470379658114584,0.00998641297664614,0.22904233341517813,0.2619152434273437,0.22588979112814614,0.26506778571437567,0.2712694597838692,0.3816122312052974,0.009906159938173694,0.2549650917903142,0.2875738277774242,0.2518378840351145,0.2907010355326239,0.30531919374873223,0.37038966798104517,0.009614836712331121,0.28949430934002257,0.3211440781574419,0.28645906741788135,0.3241793200795831,0.37027415924660745,0.32954935325223805,0.008554674965546686,0.3561941757238258,0.3843541427693891,0.3534936089994405,0.3870547094937744,0.1650943396226415,0.22933513027852634,0.2433513027852646,0.2579854426047145,0.2699271423582183,0.16442048517520216,0.10467205750224623,0.0756064690026961,0.0488544474393532,0.008200808625336784,0.159366576819407,0.3044699011680144,0.3666891284815813,0.46984501347708896,0.7809411500449235,0.26435632725289343
