{
  "nDCG@1": 0.16576819407008087,
  "nDCG@1_std": 0.3719977815343258,
  "nDCG@1_stderr": 0.009656581260212169,
  "nDCG@1_ci90_low": 0.14987460307126715,
  "nDCG@1_ci90_high": 0.18166178506889458,
  "nDCG@1_ci95_low": 0.1468261830988334,
  "nDCG@1_ci95_high": 0.18471020504132832,
  "nDCG@3": 0.23858009325807944,
  "nDCG@3_std": 0.3842771641632474,
  "nDCG@3_stderr": 0.009975338150891308,
  "nDCG@3_ci90_low": 0.22216186610574606,
  "nDCG@3_ci90_high": 0.2549983204104128,
  "nDCG@3_ci95_low": 0.2190128199545734,
  "nDCG@3_ci95_high": 0.2581473665615855,
  "nDCG@5": 0.26627446102480967,
  "nDCG@5_std": 0.3814492981987868,
  "nDCG@5_stderr": 0.009901930408065073,
  "nDCG@5_ci90_low": 0.24997705433773076,
  "nDCG@5_ci90_high": 0.2825718677118886,
  "nDCG@5_ci95_low": 0.24685118177391085,
  "nDCG@5_ci95_high": 0.2856977402757085,
  "nDCG@10": 0.3015574694148682,
  "nDCG@10_std": 0.37008670940243243,
  "nDCG@10_stderr": 0.009606972299482245,
  "nDCG@10_ci90_low": 0.2857455288998511,
  "nDCG@10_ci90_high": 0.3173694099298853,
  "nDCG@10_ci95_low": 0.2827127696403163,
  "nDCG@10_ci95_high": 0.32040216918942016,
  "nDCG@100": 0.36435845387823346,
  "nDCG@100_std": 0.3317002892878534,
  "nDCG@100_stderr": 0.008610510482973075,
  "nDCG@100_ci90_low": 0.3501865716955359,
  "nDCG@100_ci90_high": 0.378530336060931,
  "nDCG@100_ci95_low": 0.3474683786392318,
  "nDCG@100_ci95_high": 0.3812485291172351,
  "RR@1": 0.16576819407008087,
  "RR@3": 0.22383198562443835,
  "RR@5": 0.23896001796945163,
  "RR@10": 0.2539265391691265,
  "RR@100": 0.2658577933801302,
  "P@1": 0.16576819407008087,
  "P@3": 0.10040431266846353,
  "P@5": 0.07425876010781739,
  "P@10": 0.04845013477088963,
  "P@100": 0.008025606469002557,
  "R@1": 0.15992812219227312,
  "R@3": 0.2918912848158131,
  "R@5": 0.3587713387241689,
  "R@10": 0.4661388140161725,
  "R@100": 0.7636455525606469,
  "AP": 0.26074284672824644
}