{
  "nDCG@1": 0.13746630727762804,
  "nDCG@1_std": 0.3444550391299843,
  "nDCG@1_stderr": 0.008941607291658884,
  "nDCG@1_ci90_low": 0.12274947889539432,
  "nDCG@1_ci90_high": 0.15218313565986175,
  "nDCG@1_ci95_low": 0.11992676415618722,
  "nDCG@1_ci95_high": 0.15500585039906886,
  "nDCG@3": 0.2033083717518577,
  "nDCG@3_std": 0.36294934660608974,
  "nDCG@3_stderr": 0.009421695592878717,
  "nDCG@3_ci90_low": 0.1878013747895342,
  "nDCG@3_ci90_high": 0.2188153687141812,
  "nDCG@3_ci95_low": 0.18482710426401583,
  "nDCG@3_ci95_high": 0.22178963923969958,
  "nDCG@5": 0.23082743551562285,
  "nDCG@5_std": 0.36276463461537545,
  "nDCG@5_stderr": 0.009416900708509484,
  "nDCG@5_ci90_low": 0.2153283303660432,
  "nDCG@5_ci90_high": 0.2463265406652025,
  "nDCG@5_ci95_low": 0.21235557350471743,
  "nDCG@5_ci95_high": 0.24929929752652827,
  "nDCG@10": 0.26093444631315665,
  "nDCG@10_std": 0.3556426065099495,
  "nDCG@10_stderr": 0.009232022070647999,
  "nDCG@10_ci90_low": 0.24573962954218728,
  "nDCG@10_ci90_high": 0.27612926308412605,
  "nDCG@10_ci95_low": 0.24282523575128429,
  "nDCG@10_ci95_high": 0.279043656875029,
  "nDCG@100": 0.3235519467765691,
  "nDCG@100_std": 0.32284885682287506,
  "nDCG@100_stderr": 0.008380738744779372,
  "nDCG@100_ci90_low": 0.30975824170764826,
  "nDCG@100_ci90_high": 0.33734565184549,
  "nDCG@100_ci95_low": 0.30711258371700934,
  "nDCG@100_ci95_high": 0.3399913098361289,
  "RR@1": 0.13679245283018868,
  "RR@3": 0.1891284815813119,
  "RR@5": 0.20442497753818495,
  "RR@10": 0.21727741411029797,
  "RR@100": 0.2288731836398035,
  "P@1": 0.13746630727762804,
  "P@3": 0.08647798742138316,
  "P@5": 0.06576819407008141,
  "P@10": 0.0427223719676554,
  "P@100": 0.0074595687331535125,
  "R@1": 0.13398472596585803,
  "R@3": 0.2517969451931716,
  "R@5": 0.31772237196765496,
  "R@10": 0.4094788858939802,
  "R@100": 0.7103548966756513,
  "AP": 0.22492108657790416
}