nDCG@1,nDCG@1_std,nDCG@1_stderr,nDCG@1_ci90_low,nDCG@1_ci90_high,nDCG@1_ci95_low,nDCG@1_ci95_high,nDCG@3,nDCG@3_std,nDCG@3_stderr,nDCG@3_ci90_low,nDCG@3_ci90_high,nDCG@3_ci95_low,nDCG@3_ci95_high,nDCG@5,nDCG@5_std,nDCG@5_stderr,nDCG@5_ci90_low,nDCG@5_ci90_high,nDCG@5_ci95_low,nDCG@5_ci95_high,nDCG@10,nDCG@10_std,nDCG@10_stderr,nDCG@10_ci90_low,nDCG@10_ci90_high,nDCG@10_ci95_low,nDCG@10_ci95_high,nDCG@100,nDCG@100_std,nDCG@100_stderr,nDCG@100_ci90_low,nDCG@100_ci90_high,nDCG@100_ci95_low,nDCG@100_ci95_high,RR@1,RR@3,RR@5,RR@10,RR@100,P@1,P@3,P@5,P@10,P@100,R@1,R@3,R@5,R@10,R@100,AP
0.15296495956873316,0.36007505977253396,0.009347082824332333,0.1375807664015221,0.16834915273594422,0.13463004986966937,0.17129986926779694,0.22532409865402642,0.3758804002498833,0.009757369020221274,0.20926462291897882,0.241383574389074,0.20618438594917207,0.24446381135888076,0.2528863076851679,0.37375161134353324,0.009702108413625128,0.23691778437478475,0.2688548309955511,0.23385499224723605,0.27191762312309975,0.28279665510061724,0.36547205239176933,0.009487181772163296,0.26718187563001494,0.29841143457121955,0.2641869322212607,0.30140637797997377,0.3504933062978705,0.3262045382091017,0.008467847893268984,0.33655622986997263,0.3644303827257684,0.3338830729891072,0.36710353960663383,0.15161725067385445,0.20956873315363886,0.2248989218328838,0.2372991806785605,0.25025083098116696,0.15296495956873316,0.09591194968553439,0.0712938005390842,0.04541778975741269,0.007964959568733016,0.14937106918238996,0.27897574123989216,0.34535040431266845,0.43609613656783464,0.7580300988319856,0.24623136102488968
