{
  "nDCG@1": 0.16172506738544473,
  "nDCG@1_std": 0.36832252993856635,
  "nDCG@1_stderr": 0.009561176482420771,
  "nDCG@1_ci90_low": 0.14598850137059682,
  "nDCG@1_ci90_high": 0.17746163340029264,
  "nDCG@1_ci95_low": 0.14297019907876327,
  "nDCG@1_ci95_high": 0.1804799356921262,
  "nDCG@3": 0.243250639097553,
  "nDCG@3_std": 0.38287970322617465,
  "nDCG@3_stderr": 0.009939061872465248,
  "nDCG@3_ci90_low": 0.22689211841034704,
  "nDCG@3_ci90_high": 0.25960915978475896,
  "nDCG@3_ci95_low": 0.2237545240689505,
  "nDCG@3_ci95_high": 0.2627467541261555,
  "nDCG@5": 0.2678255734241069,
  "nDCG@5_std": 0.3799936297678284,
  "nDCG@5_stderr": 0.00986414313838433,
  "nDCG@5_ci90_low": 0.25159036011510705,
  "nDCG@5_ci90_high": 0.28406078673310675,
  "nDCG@5_ci95_low": 0.24847641635553935,
  "nDCG@5_ci95_high": 0.28717473049267445,
  "nDCG@10": 0.29930482154298016,
  "nDCG@10_std": 0.3700405564777254,
  "nDCG@10_stderr": 0.009605774229251848,
  "nDCG@10_ci90_low": 0.2834948529099073,
  "nDCG@10_ci90_high": 0.31511479017605304,
  "nDCG@10_ci95_low": 0.2804624718609544,
  "nDCG@10_ci95_high": 0.3181471712250059,
  "nDCG@100": 0.3665499819388609,
  "nDCG@100_std": 0.3286519962488908,
  "nDCG@100_stderr": 0.008531380738396991,
  "nDCG@100_ci90_low": 0.3525083379597515,
  "nDCG@100_ci90_high": 0.3805916259179703,
  "nDCG@100_ci95_low": 0.3498151248303262,
  "nDCG@100_ci95_high": 0.38328483904739563,
  "RR@1": 0.1623989218328841,
  "RR@3": 0.2267520215633422,
  "RR@5": 0.2403301886792449,
  "RR@10": 0.25375673854447417,
  "RR@100": 0.2663849668782231,
  "P@1": 0.16172506738544473,
  "P@3": 0.10399820305480685,
  "P@5": 0.07479784366576887,
  "P@10": 0.04770889487870637,
  "P@100": 0.008180592991913604,
  "R@1": 0.1566711590296496,
  "R@3": 0.302785265049416,
  "R@5": 0.3623090745732255,
  "R@10": 0.45805256064690025,
  "R@100": 0.7775718778077267,
  "AP": 0.26065293062359157
}