nDCG@1,nDCG@1_std,nDCG@1_stderr,nDCG@1_ci90_low,nDCG@1_ci90_high,nDCG@1_ci95_low,nDCG@1_ci95_high,nDCG@3,nDCG@3_std,nDCG@3_stderr,nDCG@3_ci90_low,nDCG@3_ci90_high,nDCG@3_ci95_low,nDCG@3_ci95_high,nDCG@5,nDCG@5_std,nDCG@5_stderr,nDCG@5_ci90_low,nDCG@5_ci90_high,nDCG@5_ci95_low,nDCG@5_ci95_high,nDCG@10,nDCG@10_std,nDCG@10_stderr,nDCG@10_ci90_low,nDCG@10_ci90_high,nDCG@10_ci95_low,nDCG@10_ci95_high,nDCG@100,nDCG@100_std,nDCG@100_stderr,nDCG@100_ci90_low,nDCG@100_ci90_high,nDCG@100_ci95_low,nDCG@100_ci95_high,RR@1,RR@3,RR@5,RR@10,RR@100,P@1,P@3,P@5,P@10,P@100,R@1,R@3,R@5,R@10,R@100,AP
0.5397574123989218,0.49858485689018345,0.012942618006519068,0.5184553934435119,0.5610594313543318,0.5143696270461207,0.565145197751723,0.6258636737946727,0.4384068285861634,0.011380474227058127,0.607132758798631,0.6445945887907143,0.6035401348673777,0.6481872127219677,0.6532347997340788,0.41187065776517795,0.010691629554891521,0.635637641622188,0.6708319578459696,0.6322624743456194,0.6742071251225382,0.6793292529108618,0.3804728786954483,0.00987658382067642,0.6630735637097456,0.695584942111978,0.659955692636427,0.6987028131852966,0.7070266022788292,0.33739534463189885,0.008758346753620583,0.6926113990742144,0.7214418054834439,0.689846536598584,0.7242066679590744,0.5404312668463612,0.611185983827494,0.6260107816711603,0.6361806357763238,0.641592233481973,0.5397574123989218,0.24056603773584753,0.15862533692722078,0.08780323450134583,0.01019541778975723,0.5245956873315364,0.6886230907457324,0.7540431266846361,0.8320417789757413,0.9585017969451932,0.6337321443756978
