nDCG@1,nDCG@1_std,nDCG@1_stderr,nDCG@1_ci90_low,nDCG@1_ci90_high,nDCG@1_ci95_low,nDCG@1_ci95_high,nDCG@3,nDCG@3_std,nDCG@3_stderr,nDCG@3_ci90_low,nDCG@3_ci90_high,nDCG@3_ci95_low,nDCG@3_ci95_high,nDCG@5,nDCG@5_std,nDCG@5_stderr,nDCG@5_ci90_low,nDCG@5_ci90_high,nDCG@5_ci95_low,nDCG@5_ci95_high,nDCG@10,nDCG@10_std,nDCG@10_stderr,nDCG@10_ci90_low,nDCG@10_ci90_high,nDCG@10_ci95_low,nDCG@10_ci95_high,nDCG@100,nDCG@100_std,nDCG@100_stderr,nDCG@100_ci90_low,nDCG@100_ci90_high,nDCG@100_ci95_low,nDCG@100_ci95_high,RR@1,RR@3,RR@5,RR@10,RR@100,P@1,P@3,P@5,P@10,P@100,R@1,R@3,R@5,R@10,R@100,AP
0.6111859838274932,0.4876452790554557,0.012658640715370312,0.5903513579169766,0.6320206097380099,0.5863552383648536,0.6360167292901329,0.6935991482827906,0.41390660380911504,0.010744480080864004,0.6759150044539837,0.7112832921115975,0.6725231531569955,0.7146751434085856,0.7132687616149765,0.3913609533366709,0.010159224155536911,0.6965478798409412,0.7299896433890118,0.6933407839769243,0.7331967392530288,0.7333160152925597,0.3635832963272717,0.009438152107678975,0.7177819328526275,0.748850097732492,0.7148024672827096,0.7518295633024099,0.7566320252298558,0.3228317121655882,0.008380293691651405,0.7428390526657623,0.7704249977939494,0.7401935351708959,0.7730705152888158,0.6111859838274932,0.6803683737646008,0.6907794249775392,0.698376866469859,0.702722349361527,0.6111859838274932,0.2630278526504913,0.16846361185983488,0.09097035040431066,0.010276280323449951,0.5934973045822103,0.7528077268643305,0.7996967654986523,0.8597259658580414,0.9665318957771788,0.694512490308381
