nDCG@1,nDCG@1_std,nDCG@1_stderr,nDCG@1_ci90_low,nDCG@1_ci90_high,nDCG@1_ci95_low,nDCG@1_ci95_high,nDCG@3,nDCG@3_std,nDCG@3_stderr,nDCG@3_ci90_low,nDCG@3_ci90_high,nDCG@3_ci95_low,nDCG@3_ci95_high,nDCG@5,nDCG@5_std,nDCG@5_stderr,nDCG@5_ci90_low,nDCG@5_ci90_high,nDCG@5_ci95_low,nDCG@5_ci95_high,nDCG@10,nDCG@10_std,nDCG@10_stderr,nDCG@10_ci90_low,nDCG@10_ci90_high,nDCG@10_ci95_low,nDCG@10_ci95_high,nDCG@100,nDCG@100_std,nDCG@100_stderr,nDCG@100_ci90_low,nDCG@100_ci90_high,nDCG@100_ci95_low,nDCG@100_ci95_high,RR@1,RR@3,RR@5,RR@10,RR@100,P@1,P@3,P@5,P@10,P@100,R@1,R@3,R@5,R@10,R@100,AP
0.5808625336927223,0.4935842569579229,0.012812808900140756,0.5597741651783023,0.6019509022071424,0.5557293773282689,0.6059956900571758,0.6718059882028775,0.4198934286362024,0.01089989030991154,0.6538660575121414,0.6897459188936136,0.6504251458247954,0.6931868305809596,0.6954996433820783,0.3939665900812099,0.01022686311524913,0.6786674358777164,0.7123318508864401,0.675438987533961,0.7155602992301955,0.716721677711721,0.364414519948638,0.009459729597770514,0.701152081274334,0.732291274149108,0.6981658040544153,0.7352775513690267,0.7415710636643101,0.3224284552783776,0.00836982566443891,0.7277953202353108,0.7553468070933095,0.7251531073202295,0.7579890200083907,0.5801886792452831,0.6549865229110521,0.6673517520215649,0.6759762867411127,0.68073204430857,0.5808625336927223,0.25741239892183043,0.1672506738544441,0.0904986522911031,0.010316711590296311,0.5633984725965857,0.7377583108715186,0.7946990116801439,0.8579290206648698,0.9697888589398024,0.6739672074426154
