nDCG@1,nDCG@1_std,nDCG@1_stderr,nDCG@1_ci90_low,nDCG@1_ci90_high,nDCG@1_ci95_low,nDCG@1_ci95_high,nDCG@3,nDCG@3_std,nDCG@3_stderr,nDCG@3_ci90_low,nDCG@3_ci90_high,nDCG@3_ci95_low,nDCG@3_ci95_high,nDCG@5,nDCG@5_std,nDCG@5_stderr,nDCG@5_ci90_low,nDCG@5_ci90_high,nDCG@5_ci95_low,nDCG@5_ci95_high,nDCG@10,nDCG@10_std,nDCG@10_stderr,nDCG@10_ci90_low,nDCG@10_ci90_high,nDCG@10_ci95_low,nDCG@10_ci95_high,nDCG@100,nDCG@100_std,nDCG@100_stderr,nDCG@100_ci90_low,nDCG@100_ci90_high,nDCG@100_ci95_low,nDCG@100_ci95_high,RR@1,RR@3,RR@5,RR@10,RR@100,P@1,P@3,P@5,P@10,P@100,R@1,R@3,R@5,R@10,R@100,AP
0.5512129380053908,0.49753798210347416,0.012915442491102203,0.529955646735233,0.5724702292755487,0.5258784591901007,0.576547416820681,0.640817570969128,0.43288743900649507,0.011237198012444686,0.6223224716819342,0.6593126702563217,0.6187750776371627,0.6628600643010932,0.6668206585837864,0.40641860565406235,0.010550101333866253,0.6494564391899732,0.6841848779775995,0.6461259499877675,0.6875153671798052,0.689875571396996,0.37700647682029426,0.009786600511502068,0.6737679840835147,0.7059831587104772,0.6706785192245157,0.7090726235694762,0.7166929209216032,0.3347777587768962,0.008690397610455914,0.7023895539726029,0.7309962878706034,0.6996461418963996,0.7337396999468068,0.5498652291105122,0.6242138364779881,0.6379941599281236,0.64721740897617,0.652328693066397,0.5512129380053908,0.24595687331536192,0.16145552560646598,0.08827493261455337,0.010202156334231624,0.5344227313566936,0.70490790655885,0.76740790655885,0.8372079964061097,0.9590071877807728,0.6458698177481935
