{
  "nDCG@1": 0.6111859838274932,
  "nDCG@1_std": 0.4876452790554557,
  "nDCG@1_stderr": 0.012658640715370312,
  "nDCG@1_ci90_low": 0.5903513579169766,
  "nDCG@1_ci90_high": 0.6320206097380099,
  "nDCG@1_ci95_low": 0.5863552383648536,
  "nDCG@1_ci95_high": 0.6360167292901329,
  "nDCG@3": 0.6935991482827906,
  "nDCG@3_std": 0.41390660380911504,
  "nDCG@3_stderr": 0.010744480080864004,
  "nDCG@3_ci90_low": 0.6759150044539837,
  "nDCG@3_ci90_high": 0.7112832921115975,
  "nDCG@3_ci95_low": 0.6725231531569955,
  "nDCG@3_ci95_high": 0.7146751434085856,
  "nDCG@5": 0.7132687616149765,
  "nDCG@5_std": 0.3913609533366709,
  "nDCG@5_stderr": 0.010159224155536911,
  "nDCG@5_ci90_low": 0.6965478798409412,
  "nDCG@5_ci90_high": 0.7299896433890118,
  "nDCG@5_ci95_low": 0.6933407839769243,
  "nDCG@5_ci95_high": 0.7331967392530288,
  "nDCG@10": 0.7333160152925597,
  "nDCG@10_std": 0.3635832963272717,
  "nDCG@10_stderr": 0.009438152107678975,
  "nDCG@10_ci90_low": 0.7177819328526275,
  "nDCG@10_ci90_high": 0.748850097732492,
  "nDCG@10_ci95_low": 0.7148024672827096,
  "nDCG@10_ci95_high": 0.7518295633024099,
  "nDCG@100": 0.7566320252298558,
  "nDCG@100_std": 0.3228317121655882,
  "nDCG@100_stderr": 0.008380293691651405,
  "nDCG@100_ci90_low": 0.7428390526657623,
  "nDCG@100_ci90_high": 0.7704249977939494,
  "nDCG@100_ci95_low": 0.7401935351708959,
  "nDCG@100_ci95_high": 0.7730705152888158,
  "RR@1": 0.6111859838274932,
  "RR@3": 0.6803683737646008,
  "RR@5": 0.6907794249775392,
  "RR@10": 0.698376866469859,
  "RR@100": 0.702722349361527,
  "P@1": 0.6111859838274932,
  "P@3": 0.2630278526504913,
  "P@5": 0.16846361185983488,
  "P@10": 0.09097035040431066,
  "P@100": 0.010276280323449951,
  "R@1": 0.5934973045822103,
  "R@3": 0.7528077268643305,
  "R@5": 0.7996967654986523,
  "R@10": 0.8597259658580414,
  "R@100": 0.9665318957771788,
  "AP": 0.694512490308381
}