nDCG@1,nDCG@1_std,nDCG@1_stderr,nDCG@1_ci90_low,nDCG@1_ci90_high,nDCG@1_ci95_low,nDCG@1_ci95_high,nDCG@3,nDCG@3_std,nDCG@3_stderr,nDCG@3_ci90_low,nDCG@3_ci90_high,nDCG@3_ci95_low,nDCG@3_ci95_high,nDCG@5,nDCG@5_std,nDCG@5_stderr,nDCG@5_ci90_low,nDCG@5_ci90_high,nDCG@5_ci95_low,nDCG@5_ci95_high,nDCG@10,nDCG@10_std,nDCG@10_stderr,nDCG@10_ci90_low,nDCG@10_ci90_high,nDCG@10_ci95_low,nDCG@10_ci95_high,nDCG@100,nDCG@100_std,nDCG@100_stderr,nDCG@100_ci90_low,nDCG@100_ci90_high,nDCG@100_ci95_low,nDCG@100_ci95_high,RR@1,RR@3,RR@5,RR@10,RR@100,P@1,P@3,P@5,P@10,P@100,R@1,R@3,R@5,R@10,R@100,AP
0.5626684636118598,0.49622433700828317,0.012881341963522523,0.5414672977781884,0.5838696294455313,0.5374008751949554,0.5879360520287643,0.6416625865381835,0.43634565407318293,0.01132696880266022,0.6230197351444338,0.6603054379319333,0.6194440019739965,0.6638811711023705,0.6605922585175502,0.41783843260041464,0.010846545270790205,0.6427401274539041,0.6784443895811963,0.6393160558964451,0.6818684611386553,0.6856975087964652,0.38842049307011695,0.010082893610259765,0.6691022580749381,0.7022927595179923,0.665919258477753,0.7054757591151773,0.7115837066223445,0.349483205866681,0.009072131996624972,0.696652050008455,0.726515363236234,0.693788130819475,0.729379282425214,0.5626684636118598,0.6302785265049421,0.6407232704402522,0.6501304924485517,0.654750450066244,0.5626684636118598,0.243036837376458,0.15592991913746346,0.08632075471697932,0.009959568733153462,0.548012129380054,0.6968778077268643,0.7411837376460017,0.8171046720575024,0.9365453728661275,0.6459094858794125
