nDCG@1,nDCG@1_std,nDCG@1_stderr,nDCG@1_ci90_low,nDCG@1_ci90_high,nDCG@1_ci95_low,nDCG@1_ci95_high,nDCG@3,nDCG@3_std,nDCG@3_stderr,nDCG@3_ci90_low,nDCG@3_ci90_high,nDCG@3_ci95_low,nDCG@3_ci95_high,nDCG@5,nDCG@5_std,nDCG@5_stderr,nDCG@5_ci90_low,nDCG@5_ci90_high,nDCG@5_ci95_low,nDCG@5_ci95_high,nDCG@10,nDCG@10_std,nDCG@10_stderr,nDCG@10_ci90_low,nDCG@10_ci90_high,nDCG@10_ci95_low,nDCG@10_ci95_high,nDCG@100,nDCG@100_std,nDCG@100_stderr,nDCG@100_ci90_low,nDCG@100_ci90_high,nDCG@100_ci95_low,nDCG@100_ci95_high,RR@1,RR@3,RR@5,RR@10,RR@100,P@1,P@3,P@5,P@10,P@100,R@1,R@3,R@5,R@10,R@100,AP
0.621967654986523,0.48505921004949115,0.01259150970884223,0.6012435187754501,0.6426917911975958,0.5972685913508053,0.6466667186222406,0.7040620637718381,0.41019614418416694,0.010648161348173547,0.6865364491886985,0.7215876783549777,0.6831750040924703,0.7249491234512059,0.7293496557480659,0.3795343190875405,0.009852220027204501,0.7131340664703271,0.7455652450258047,0.7100238866360322,0.7486754248600995,0.7482434805424093,0.3514605067981748,0.00912346017133104,0.7332273438217914,0.7632596172630272,0.7303472211930322,0.7661397398917864,0.7693195125201431,0.312798704453248,0.00811984978830622,0.7559551998271117,0.7826838252131745,0.7533919000835655,0.7852471249567207,0.621967654986523,0.69148697214735,0.704627133872418,0.7120093163051389,0.7160526158386799,0.621967654986523,0.26617250673854154,0.17291105121293437,0.09278975741239681,0.010343665768193884,0.6036051212938005,0.7606132075471698,0.8214285714285714,0.8780884995507638,0.9729335130278526,0.70818035623539
