{
  "nDCG@1": 0.5815363881401617,
  "nDCG@1_std": 0.493473314059809,
  "nDCG@1_stderr": 0.012809928966001197,
  "nDCG@1_ci90_low": 0.5604527596568235,
  "nDCG@1_ci90_high": 0.6026200166235,
  "nDCG@1_ci95_low": 0.5564088809534657,
  "nDCG@1_ci95_high": 0.6066638953268577,
  "nDCG@3": 0.6599350841841045,
  "nDCG@3_std": 0.4295749845563836,
  "nDCG@3_stderr": 0.011151210979306153,
  "nDCG@3_ci90_low": 0.6415815093866944,
  "nDCG@3_ci90_high": 0.6782886589815146,
  "nDCG@3_ci95_low": 0.6380612599992427,
  "nDCG@3_ci95_high": 0.6818089083689663,
  "nDCG@5": 0.6800139024549696,
  "nDCG@5_std": 0.40874406325063734,
  "nDCG@5_stderr": 0.010610467205285926,
  "nDCG@5_ci90_low": 0.6625503279742185,
  "nDCG@5_ci90_high": 0.6974774769357207,
  "nDCG@5_ci95_low": 0.6592007822836833,
  "nDCG@5_ci95_high": 0.700827022626256,
  "nDCG@10": 0.7043537675629151,
  "nDCG@10_std": 0.3782465737346618,
  "nDCG@10_stderr": 0.00981879182343607,
  "nDCG@10_ci90_low": 0.6881931971561622,
  "nDCG@10_ci90_high": 0.720514337969668,
  "nDCG@10_ci95_low": 0.6850935700424694,
  "nDCG@10_ci95_high": 0.7236139650833608,
  "nDCG@100": 0.7282560656478054,
  "nDCG@100_std": 0.3405936617675479,
  "nDCG@100_stderr": 0.008841370929702864,
  "nDCG@100_ci90_low": 0.7137042144658053,
  "nDCG@100_ci90_high": 0.7428079168298055,
  "nDCG@100_ci95_low": 0.710913142656898,
  "nDCG@100_ci95_high": 0.7455989886387129,
  "RR@1": 0.5808625336927223,
  "RR@3": 0.6485849056603779,
  "RR@5": 0.6593328840970359,
  "RR@10": 0.6685114769178118,
  "RR@100": 0.6728448499457976,
  "P@1": 0.5815363881401617,
  "P@3": 0.24977538185085116,
  "P@5": 0.16051212938005083,
  "P@10": 0.0884097035040412,
  "P@100": 0.010067385444743757,
  "R@1": 0.5651954177897575,
  "R@3": 0.7154088050314464,
  "R@5": 0.7630840071877807,
  "R@10": 0.8366464510332436,
  "R@100": 0.9463162623539981,
  "AP": 0.6637731576836758
}