{
  "nDCG@1": 0.5808625336927223,
  "nDCG@1_std": 0.4935842569579229,
  "nDCG@1_stderr": 0.012812808900140756,
  "nDCG@1_ci90_low": 0.5597741651783023,
  "nDCG@1_ci90_high": 0.6019509022071424,
  "nDCG@1_ci95_low": 0.5557293773282689,
  "nDCG@1_ci95_high": 0.6059956900571758,
  "nDCG@3": 0.6718059882028775,
  "nDCG@3_std": 0.4198934286362024,
  "nDCG@3_stderr": 0.01089989030991154,
  "nDCG@3_ci90_low": 0.6538660575121414,
  "nDCG@3_ci90_high": 0.6897459188936136,
  "nDCG@3_ci95_low": 0.6504251458247954,
  "nDCG@3_ci95_high": 0.6931868305809596,
  "nDCG@5": 0.6954996433820783,
  "nDCG@5_std": 0.3939665900812099,
  "nDCG@5_stderr": 0.01022686311524913,
  "nDCG@5_ci90_low": 0.6786674358777164,
  "nDCG@5_ci90_high": 0.7123318508864401,
  "nDCG@5_ci95_low": 0.675438987533961,
  "nDCG@5_ci95_high": 0.7155602992301955,
  "nDCG@10": 0.716721677711721,
  "nDCG@10_std": 0.364414519948638,
  "nDCG@10_stderr": 0.009459729597770514,
  "nDCG@10_ci90_low": 0.701152081274334,
  "nDCG@10_ci90_high": 0.732291274149108,
  "nDCG@10_ci95_low": 0.6981658040544153,
  "nDCG@10_ci95_high": 0.7352775513690267,
  "nDCG@100": 0.7415710636643101,
  "nDCG@100_std": 0.3224284552783776,
  "nDCG@100_stderr": 0.00836982566443891,
  "nDCG@100_ci90_low": 0.7277953202353108,
  "nDCG@100_ci90_high": 0.7553468070933095,
  "nDCG@100_ci95_low": 0.7251531073202295,
  "nDCG@100_ci95_high": 0.7579890200083907,
  "RR@1": 0.5801886792452831,
  "RR@3": 0.6549865229110521,
  "RR@5": 0.6673517520215649,
  "RR@10": 0.6759762867411127,
  "RR@100": 0.68073204430857,
  "P@1": 0.5808625336927223,
  "P@3": 0.25741239892183043,
  "P@5": 0.1672506738544441,
  "P@10": 0.0904986522911031,
  "P@100": 0.010316711590296311,
  "R@1": 0.5633984725965857,
  "R@3": 0.7377583108715186,
  "R@5": 0.7946990116801439,
  "R@10": 0.8579290206648698,
  "R@100": 0.9697888589398024,
  "AP": 0.6739672074426154
}