{
  "nDCG@1": 0.5626684636118598,
  "nDCG@1_std": 0.49622433700828317,
  "nDCG@1_stderr": 0.012881341963522523,
  "nDCG@1_ci90_low": 0.5414672977781884,
  "nDCG@1_ci90_high": 0.5838696294455313,
  "nDCG@1_ci95_low": 0.5374008751949554,
  "nDCG@1_ci95_high": 0.5879360520287643,
  "nDCG@3": 0.6416625865381835,
  "nDCG@3_std": 0.43634565407318293,
  "nDCG@3_stderr": 0.01132696880266022,
  "nDCG@3_ci90_low": 0.6230197351444338,
  "nDCG@3_ci90_high": 0.6603054379319333,
  "nDCG@3_ci95_low": 0.6194440019739965,
  "nDCG@3_ci95_high": 0.6638811711023705,
  "nDCG@5": 0.6605922585175502,
  "nDCG@5_std": 0.41783843260041464,
  "nDCG@5_stderr": 0.010846545270790205,
  "nDCG@5_ci90_low": 0.6427401274539041,
  "nDCG@5_ci90_high": 0.6784443895811963,
  "nDCG@5_ci95_low": 0.6393160558964451,
  "nDCG@5_ci95_high": 0.6818684611386553,
  "nDCG@10": 0.6856975087964652,
  "nDCG@10_std": 0.38842049307011695,
  "nDCG@10_stderr": 0.010082893610259765,
  "nDCG@10_ci90_low": 0.6691022580749381,
  "nDCG@10_ci90_high": 0.7022927595179923,
  "nDCG@10_ci95_low": 0.665919258477753,
  "nDCG@10_ci95_high": 0.7054757591151773,
  "nDCG@100": 0.7115837066223445,
  "nDCG@100_std": 0.349483205866681,
  "nDCG@100_stderr": 0.009072131996624972,
  "nDCG@100_ci90_low": 0.696652050008455,
  "nDCG@100_ci90_high": 0.726515363236234,
  "nDCG@100_ci95_low": 0.693788130819475,
  "nDCG@100_ci95_high": 0.729379282425214,
  "RR@1": 0.5626684636118598,
  "RR@3": 0.6302785265049421,
  "RR@5": 0.6407232704402522,
  "RR@10": 0.6501304924485517,
  "RR@100": 0.654750450066244,
  "P@1": 0.5626684636118598,
  "P@3": 0.243036837376458,
  "P@5": 0.15592991913746346,
  "P@10": 0.08632075471697932,
  "P@100": 0.009959568733153462,
  "R@1": 0.548012129380054,
  "R@3": 0.6968778077268643,
  "R@5": 0.7411837376460017,
  "R@10": 0.8171046720575024,
  "R@100": 0.9365453728661275,
  "AP": 0.6459094858794125
}