nDCG@1,nDCG@1_std,nDCG@1_stderr,nDCG@1_ci90_low,nDCG@1_ci90_high,nDCG@1_ci95_low,nDCG@1_ci95_high,nDCG@3,nDCG@3_std,nDCG@3_stderr,nDCG@3_ci90_low,nDCG@3_ci90_high,nDCG@3_ci95_low,nDCG@3_ci95_high,nDCG@5,nDCG@5_std,nDCG@5_stderr,nDCG@5_ci90_low,nDCG@5_ci90_high,nDCG@5_ci95_low,nDCG@5_ci95_high,nDCG@10,nDCG@10_std,nDCG@10_stderr,nDCG@10_ci90_low,nDCG@10_ci90_high,nDCG@10_ci95_low,nDCG@10_ci95_high,nDCG@100,nDCG@100_std,nDCG@100_stderr,nDCG@100_ci90_low,nDCG@100_ci90_high,nDCG@100_ci95_low,nDCG@100_ci95_high,RR@1,RR@3,RR@5,RR@10,RR@100,P@1,P@3,P@5,P@10,P@100,R@1,R@3,R@5,R@10,R@100,AP
0.7452830188679245,0.43584888311090025,0.011314073271011587,0.7266613919945524,0.7639046457412966,0.7230897297261428,0.7674763080097061,0.813503764356587,0.3431065195229909,0.008906601466860115,0.7988445514230236,0.8281629772901504,0.7960328874327919,0.8309746412803821,0.8299118903555222,0.3147097425584413,0.008169457865747022,0.8164659286324836,0.8433578520785607,0.813886968454878,0.8459368122561663,0.8431189333719612,0.28717133053440413,0.007454596308265448,0.8308495492501696,0.8553883174937528,0.8284962588195097,0.8577416079244127,0.8552767584078323,0.2563972557688913,0.006655741131077789,0.8443221954542547,0.86623132136141,0.8422210901408324,0.8683324266748323,0.7452830188679245,0.8017744833782571,0.8100628930817615,0.8150780280665729,0.8176047912482596,0.7452830188679245,0.3025606469002648,0.19029649595686882,0.09966307277627784,0.010566037735848867,0.7232704402515724,0.8634883198562443,0.9025718778077267,0.9419923629829289,0.9933737646001796,0.8119703020393263
