{
  "nDCG@1": 0.7452830188679245,
  "nDCG@1_std": 0.43584888311090025,
  "nDCG@1_stderr": 0.011314073271011587,
  "nDCG@1_ci90_low": 0.7266613919945524,
  "nDCG@1_ci90_high": 0.7639046457412966,
  "nDCG@1_ci95_low": 0.7230897297261428,
  "nDCG@1_ci95_high": 0.7674763080097061,
  "nDCG@3": 0.813503764356587,
  "nDCG@3_std": 0.3431065195229909,
  "nDCG@3_stderr": 0.008906601466860115,
  "nDCG@3_ci90_low": 0.7988445514230236,
  "nDCG@3_ci90_high": 0.8281629772901504,
  "nDCG@3_ci95_low": 0.7960328874327919,
  "nDCG@3_ci95_high": 0.8309746412803821,
  "nDCG@5": 0.8299118903555222,
  "nDCG@5_std": 0.3147097425584413,
  "nDCG@5_stderr": 0.008169457865747022,
  "nDCG@5_ci90_low": 0.8164659286324836,
  "nDCG@5_ci90_high": 0.8433578520785607,
  "nDCG@5_ci95_low": 0.813886968454878,
  "nDCG@5_ci95_high": 0.8459368122561663,
  "nDCG@10": 0.8431189333719612,
  "nDCG@10_std": 0.28717133053440413,
  "nDCG@10_stderr": 0.007454596308265448,
  "nDCG@10_ci90_low": 0.8308495492501696,
  "nDCG@10_ci90_high": 0.8553883174937528,
  "nDCG@10_ci95_low": 0.8284962588195097,
  "nDCG@10_ci95_high": 0.8577416079244127,
  "nDCG@100": 0.8552767584078323,
  "nDCG@100_std": 0.2563972557688913,
  "nDCG@100_stderr": 0.006655741131077789,
  "nDCG@100_ci90_low": 0.8443221954542547,
  "nDCG@100_ci90_high": 0.86623132136141,
  "nDCG@100_ci95_low": 0.8422210901408324,
  "nDCG@100_ci95_high": 0.8683324266748323,
  "RR@1": 0.7452830188679245,
  "RR@3": 0.8017744833782571,
  "RR@5": 0.8100628930817615,
  "RR@10": 0.8150780280665729,
  "RR@100": 0.8176047912482596,
  "P@1": 0.7452830188679245,
  "P@3": 0.3025606469002648,
  "P@5": 0.19029649595686882,
  "P@10": 0.09966307277627784,
  "P@100": 0.010566037735848867,
  "R@1": 0.7232704402515724,
  "R@3": 0.8634883198562443,
  "R@5": 0.9025718778077267,
  "R@10": 0.9419923629829289,
  "R@100": 0.9933737646001796,
  "AP": 0.8119703020393263
}