nDCG@1,nDCG@1_std,nDCG@1_stderr,nDCG@1_ci90_low,nDCG@1_ci90_high,nDCG@1_ci95_low,nDCG@1_ci95_high,nDCG@3,nDCG@3_std,nDCG@3_stderr,nDCG@3_ci90_low,nDCG@3_ci90_high,nDCG@3_ci95_low,nDCG@3_ci95_high,nDCG@5,nDCG@5_std,nDCG@5_stderr,nDCG@5_ci90_low,nDCG@5_ci90_high,nDCG@5_ci95_low,nDCG@5_ci95_high,nDCG@10,nDCG@10_std,nDCG@10_stderr,nDCG@10_ci90_low,nDCG@10_ci90_high,nDCG@10_ci95_low,nDCG@10_ci95_high,nDCG@100,nDCG@100_std,nDCG@100_stderr,nDCG@100_ci90_low,nDCG@100_ci90_high,nDCG@100_ci95_low,nDCG@100_ci95_high,RR@1,RR@3,RR@5,RR@10,RR@100,P@1,P@3,P@5,P@10,P@100,R@1,R@3,R@5,R@10,R@100,AP
0.5983827493261455,0.4903905434413313,0.012729904228054804,0.5774308320996625,0.6193346665526286,0.5734122158575083,0.6233532827947827,0.6723492967508374,0.4271308015797088,0.011087763150580568,0.6541001495776925,0.6905984439239824,0.6505999296005551,0.6940986639011197,0.6933491401065536,0.4045943682576272,0.010502746490555263,0.6760628611857833,0.7106354190273239,0.6727473211095935,0.7139509591035137,0.7160509674762424,0.37479446726869503,0.009729179604594287,0.7000378881863132,0.7320640467661716,0.6969665501399757,0.7351353848125092,0.7413353776088542,0.3331199522213618,0.008647363096510154,0.72710284038158,0.7555679148361283,0.7243730135762175,0.7582977416414908,0.5983827493261455,0.6617250673854452,0.6727088948787072,0.6816933534420063,0.6865397217672149,0.5983827493261455,0.2529200359389014,0.16307277628032024,0.08908355795148054,0.010188679245282837,0.5801886792452831,0.7251796945193171,0.7754941599281221,0.8434973045822103,0.957659478885894,0.6778764221086685
