nDCG@1,nDCG@1_std,nDCG@1_stderr,nDCG@1_ci90_low,nDCG@1_ci90_high,nDCG@1_ci95_low,nDCG@1_ci95_high,nDCG@3,nDCG@3_std,nDCG@3_stderr,nDCG@3_ci90_low,nDCG@3_ci90_high,nDCG@3_ci95_low,nDCG@3_ci95_high,nDCG@5,nDCG@5_std,nDCG@5_stderr,nDCG@5_ci90_low,nDCG@5_ci90_high,nDCG@5_ci95_low,nDCG@5_ci95_high,nDCG@10,nDCG@10_std,nDCG@10_stderr,nDCG@10_ci90_low,nDCG@10_ci90_high,nDCG@10_ci95_low,nDCG@10_ci95_high,nDCG@100,nDCG@100_std,nDCG@100_stderr,nDCG@100_ci90_low,nDCG@100_ci90_high,nDCG@100_ci95_low,nDCG@100_ci95_high,RR@1,RR@3,RR@5,RR@10,RR@100,P@1,P@3,P@5,P@10,P@100,R@1,R@3,R@5,R@10,R@100,AP
0.6671159029649596,0.47140430659136545,0.012237046076559586,0.6469751719822636,0.6872566339476556,0.6431121427529568,0.6911196631769624,0.7392200314784648,0.39536990811699974,0.01026329143638221,0.7223278672646567,0.756112195692273,0.7190879191138048,0.7593521438431249,0.7607884399517885,0.366123189576774,0.009504084451293825,0.7451458406698424,0.7764310392337346,0.7421455613701283,0.7794313185334486,0.7814754961730196,0.332264506107209,0.00862515682183567,0.7672795078482787,0.7956714844977605,0.7645566911896138,0.7983943011564254,0.7993535443504327,0.29609924133325766,0.0076863533250881395,0.7867027155809725,0.8120043731198929,0.7842762633656398,0.8144308253352256,0.6671159029649596,0.7277628032345018,0.7389824797843676,0.7467858212467382,0.7502727651038331,0.6671159029649596,0.2769541778975706,0.1776280323450096,0.09582210242587375,0.01047169811320736,0.6477987421383647,0.79161051212938,0.8432165318957772,0.9058288409703504,0.9849505840071877,0.7432890573608506
