nDCG@1,nDCG@1_std,nDCG@1_stderr,nDCG@1_ci90_low,nDCG@1_ci90_high,nDCG@1_ci95_low,nDCG@1_ci95_high,nDCG@3,nDCG@3_std,nDCG@3_stderr,nDCG@3_ci90_low,nDCG@3_ci90_high,nDCG@3_ci95_low,nDCG@3_ci95_high,nDCG@5,nDCG@5_std,nDCG@5_stderr,nDCG@5_ci90_low,nDCG@5_ci90_high,nDCG@5_ci95_low,nDCG@5_ci95_high,nDCG@10,nDCG@10_std,nDCG@10_stderr,nDCG@10_ci90_low,nDCG@10_ci90_high,nDCG@10_ci95_low,nDCG@10_ci95_high,nDCG@100,nDCG@100_std,nDCG@100_stderr,nDCG@100_ci90_low,nDCG@100_ci90_high,nDCG@100_ci95_low,nDCG@100_ci95_high,RR@1,RR@3,RR@5,RR@10,RR@100,P@1,P@3,P@5,P@10,P@100,R@1,R@3,R@5,R@10,R@100,AP
0.7432614555256065,0.4369811648948535,0.011343465841610006,0.7245914519562893,0.7619314590949238,0.7210105109486614,0.7655124001025516,0.8118111276268302,0.34406881613981705,0.008931581442381693,0.7971108006070904,0.8265114546465699,0.7942912508595459,0.8293310043941144,0.8283963679260747,0.315691006213164,0.008194930201040097,0.8149084817508907,0.8418842541012588,0.8123214803862895,0.84447125546586,0.8411017540476938,0.2892585829159472,0.00750877868040167,0.8287431921476727,0.853460315947715,0.8263727972552034,0.8558307108401843,0.8536039858138027,0.25809332505578036,0.006699768896039832,0.8425769583647642,0.8646310132628412,0.8404619542278934,0.866746017399712,0.7432614555256065,0.799752920035939,0.8081761006289311,0.8130666260214776,0.8156843718655654,0.7432614555256065,0.30233602875111837,0.19029649595686884,0.09939353099730211,0.010552560646900081,0.721585804132974,0.8628144654088049,0.9018980233602875,0.9398023360287511,0.9920260557053009,0.8100948675141147
