{
  "nDCG@1": 0.6084905660377359,
  "nDCG@1_std": 0.48825243218787273,
  "nDCG@1_stderr": 0.012674401625385407,
  "nDCG@1_ci90_low": 0.5876299995328412,
  "nDCG@1_ci90_high": 0.6293511325426305,
  "nDCG@1_ci95_low": 0.5836289045270273,
  "nDCG@1_ci95_high": 0.6333522275484444,
  "nDCG@3": 0.682747918848111,
  "nDCG@3_std": 0.4223574202777465,
  "nDCG@3_stderr": 0.010963852345956258,
  "nDCG@3_ci90_low": 0.6647027142086603,
  "nDCG@3_ci90_high": 0.7007931234875617,
  "nDCG@3_ci95_low": 0.6612416107844147,
  "nDCG@3_ci95_high": 0.7042542269118074,
  "nDCG@5": 0.7069113754600042,
  "nDCG@5_std": 0.39515821489175934,
  "nDCG@5_stderr": 0.01025779615406268,
  "nDCG@5_ci90_low": 0.6900282558311538,
  "nDCG@5_ci90_high": 0.7237944950888545,
  "nDCG@5_ci95_low": 0.6867900424483244,
  "nDCG@5_ci95_high": 0.7270327084716839,
  "nDCG@10": 0.7297277106067099,
  "nDCG@10_std": 0.3636174819547422,
  "nDCG@10_stderr": 0.009439039522351821,
  "nDCG@10_ci90_low": 0.7141921675871505,
  "nDCG@10_ci90_high": 0.7452632536262693,
  "nDCG@10_ci95_low": 0.711212421875375,
  "nDCG@10_ci95_high": 0.7482429993380448,
  "nDCG@100": 0.7527860519831379,
  "nDCG@100_std": 0.3239132909134848,
  "nDCG@100_stderr": 0.008408370077013984,
  "nDCG@100_ci90_low": 0.7389468690083769,
  "nDCG@100_ci90_high": 0.7666252349578988,
  "nDCG@100_ci95_low": 0.736292488271791,
  "nDCG@100_ci95_high": 0.7692796156944848,
  "RR@1": 0.6084905660377359,
  "RR@3": 0.6721698113207554,
  "RR@5": 0.6849056603773594,
  "RR@10": 0.693860437256664,
  "RR@100": 0.6981916186535291,
  "P@1": 0.6084905660377359,
  "P@3": 0.2567385444743909,
  "P@5": 0.16684636118598042,
  "P@10": 0.09103773584905456,
  "P@100": 0.010283018867924343,
  "R@1": 0.589173405211141,
  "R@3": 0.7358490566037735,
  "R@5": 0.7936882300089847,
  "R@10": 0.8623652291105122,
  "R@100": 0.9667565139263253,
  "AP": 0.6894869503241976
}