{
  "nDCG@1": 0.6327493261455526,
  "nDCG@1_std": 0.4822181152625237,
  "nDCG@1_stderr": 0.012517758562894108,
  "nDCG@1_ci90_low": 0.6121465756006702,
  "nDCG@1_ci90_high": 0.6533520766904349,
  "nDCG@1_ci95_low": 0.6081949301699568,
  "nDCG@1_ci95_high": 0.6573037221211483,
  "nDCG@3": 0.7068508814245578,
  "nDCG@3_std": 0.4117824991766555,
  "nDCG@3_stderr": 0.010689341071959334,
  "nDCG@3_ci90_low": 0.6892574898849924,
  "nDCG@3_ci90_high": 0.7244442729641232,
  "nDCG@3_ci95_low": 0.6858830450439202,
  "nDCG@3_ci95_high": 0.7278187178051954,
  "nDCG@5": 0.7313083026073444,
  "nDCG@5_std": 0.38085573686778973,
  "nDCG@5_stderr": 0.009886522323634966,
  "nDCG@5_ci90_low": 0.7150362558054472,
  "nDCG@5_ci90_high": 0.7475803494092416,
  "nDCG@5_ci95_low": 0.711915247314227,
  "nDCG@5_ci95_high": 0.7507013579004618,
  "nDCG@10": 0.7515897840366308,
  "nDCG@10_std": 0.3515052524135834,
  "nDCG@10_stderr": 0.009124621709632286,
  "nDCG@10_ci90_low": 0.7365717355613047,
  "nDCG@10_ci90_high": 0.7666078325119569,
  "nDCG@10_ci95_low": 0.7336912462544779,
  "nDCG@10_ci95_high": 0.7694883218187837,
  "nDCG@100": 0.773177579549186,
  "nDCG@100_std": 0.3116046162523911,
  "nDCG@100_stderr": 0.008088852803066482,
  "nDCG@100_ci90_low": 0.7598642842288997,
  "nDCG@100_ci90_high": 0.7864908748694722,
  "nDCG@100_ci95_low": 0.7573107697112367,
  "nDCG@100_ci95_high": 0.7890443893871353,
  "RR@1": 0.6327493261455526,
  "RR@3": 0.6954177897574133,
  "RR@5": 0.7088611859838289,
  "RR@10": 0.7163874983955858,
  "RR@100": 0.720493989115664,
  "P@1": 0.6327493261455526,
  "P@3": 0.2654986522911021,
  "P@5": 0.17223719676549493,
  "P@10": 0.0929919137466286,
  "P@100": 0.010404312668463424,
  "R@1": 0.6137690925426774,
  "R@3": 0.7607816711590296,
  "R@5": 0.8194631626235399,
  "R@10": 0.880222371967655,
  "R@100": 0.9778751123090744,
  "AP": 0.7122250395021635
}