{
  "nDCG@1": 0.6711590296495957,
  "nDCG@1_std": 0.46995043315408763,
  "nDCG@1_stderr": 0.012199305402593116,
  "nDCG@1_ci90_low": 0.6510804153539425,
  "nDCG@1_ci90_high": 0.691237643945249,
  "nDCG@1_ci95_low": 0.6472293002194061,
  "nDCG@1_ci95_high": 0.6950887590797854,
  "nDCG@3": 0.7346522577171865,
  "nDCG@3_std": 0.40226239218444676,
  "nDCG@3_stderr": 0.010442211407914027,
  "nDCG@3_ci90_low": 0.7174656123850178,
  "nDCG@3_ci90_high": 0.7518389030493551,
  "nDCG@3_ci95_low": 0.7141691822142888,
  "nDCG@3_ci95_high": 0.7551353332200841,
  "nDCG@5": 0.7567713273454401,
  "nDCG@5_std": 0.37311217299417004,
  "nDCG@5_stderr": 0.009685509421136374,
  "nDCG@5_ci90_low": 0.740830124014095,
  "nDCG@5_ci90_high": 0.7727125306767851,
  "nDCG@5_ci95_low": 0.737772571908751,
  "nDCG@5_ci95_high": 0.7757700827821291,
  "nDCG@10": 0.7775337224762425,
  "nDCG@10_std": 0.34050847681357754,
  "nDCG@10_stderr": 0.0088391596384775,
  "nDCG@10_ci90_low": 0.7629855108181451,
  "nDCG@10_ci90_high": 0.7920819341343399,
  "nDCG@10_ci95_low": 0.7601951370766132,
  "nDCG@10_ci95_high": 0.7948723078758718,
  "nDCG@100": 0.7958395051921759,
  "nDCG@100_std": 0.3039749153920738,
  "nDCG@100_stderr": 0.007890795637120812,
  "nDCG@100_ci90_low": 0.7828521885495502,
  "nDCG@100_ci90_high": 0.8088268218348017,
  "nDCG@100_ci95_low": 0.7803611973415433,
  "nDCG@100_ci95_high": 0.8113178130428086,
  "RR@1": 0.6711590296495957,
  "RR@3": 0.7256289308176106,
  "RR@5": 0.7371855345911957,
  "RR@10": 0.7450233709836138,
  "RR@100": 0.7486239509191019,
  "P@1": 0.6711590296495957,
  "P@3": 0.27291105121293463,
  "P@5": 0.17547169811320373,
  "P@10": 0.09474393530997081,
  "P@100": 0.010397574123989032,
  "R@1": 0.6511680143755615,
  "R@3": 0.7811096136567833,
  "R@5": 0.8339510332434861,
  "R@10": 0.8965633423180593,
  "R@100": 0.9779874213836479,
  "AP": 0.7411866340827787
}