nDCG@1,nDCG@1_std,nDCG@1_stderr,nDCG@1_ci90_low,nDCG@1_ci90_high,nDCG@1_ci95_low,nDCG@1_ci95_high,nDCG@3,nDCG@3_std,nDCG@3_stderr,nDCG@3_ci90_low,nDCG@3_ci90_high,nDCG@3_ci95_low,nDCG@3_ci95_high,nDCG@5,nDCG@5_std,nDCG@5_stderr,nDCG@5_ci90_low,nDCG@5_ci90_high,nDCG@5_ci95_low,nDCG@5_ci95_high,nDCG@10,nDCG@10_std,nDCG@10_stderr,nDCG@10_ci90_low,nDCG@10_ci90_high,nDCG@10_ci95_low,nDCG@10_ci95_high,nDCG@100,nDCG@100_std,nDCG@100_stderr,nDCG@100_ci90_low,nDCG@100_ci90_high,nDCG@100_ci95_low,nDCG@100_ci95_high,RR@1,RR@3,RR@5,RR@10,RR@100,P@1,P@3,P@5,P@10,P@100,R@1,R@3,R@5,R@10,R@100,AP
0.694743935309973,0.4606710361752158,0.011958424259155505,0.6750617828955964,0.7144260877243497,0.6712867098787464,0.7182011607411997,0.771299348571546,0.3735668594389339,0.009697312493143066,0.755338718779226,0.7872599783638661,0.7522774406429532,0.7903212565001388,0.7907848707964693,0.3448683448333974,0.00895233617314268,0.7760503839438533,0.8055193576490853,0.7732242822775633,0.8083454593153753,0.8082896081222807,0.3132571477539096,0.008131750383432836,0.7949057084567496,0.8216735077878118,0.7923386518958692,0.8242405643486922,0.8231449195867483,0.2795481955357163,0.00725670958359528,0.8112012336164299,0.8350886055570667,0.8089104126899878,0.8373794264835088,0.6940700808625337,0.7578616352201264,0.7682726864330647,0.7749791426004368,0.7781000986876453,0.694743935309973,0.28863432165318537,0.18369272237196355,0.09784366576819173,0.010505390835579326,0.6740229110512129,0.8255278526504941,0.8710691823899371,0.9226752021563343,0.9871967654986523,0.7723655809395125
