nDCG@1,nDCG@1_std,nDCG@1_stderr,nDCG@1_ci90_low,nDCG@1_ci90_high,nDCG@1_ci95_low,nDCG@1_ci95_high,nDCG@3,nDCG@3_std,nDCG@3_stderr,nDCG@3_ci90_low,nDCG@3_ci90_high,nDCG@3_ci95_low,nDCG@3_ci95_high,nDCG@5,nDCG@5_std,nDCG@5_stderr,nDCG@5_ci90_low,nDCG@5_ci90_high,nDCG@5_ci95_low,nDCG@5_ci95_high,nDCG@10,nDCG@10_std,nDCG@10_stderr,nDCG@10_ci90_low,nDCG@10_ci90_high,nDCG@10_ci95_low,nDCG@10_ci95_high,nDCG@100,nDCG@100_std,nDCG@100_stderr,nDCG@100_ci90_low,nDCG@100_ci90_high,nDCG@100_ci95_low,nDCG@100_ci95_high,RR@1,RR@3,RR@5,RR@10,RR@100,P@1,P@3,P@5,P@10,P@100,R@1,R@3,R@5,R@10,R@100,AP
0.6509433962264151,0.47683257538992574,0.012377956913552668,0.6305707426667616,0.6713160497860685,0.6266632302608266,0.6752235621920035,0.7344595577606191,0.3946516202931123,0.010244645613520093,0.7175980823666346,0.7513210331546036,0.7143640203878434,0.7545550951333948,0.7551395219963689,0.36803567071113547,0.009553729987905393,0.7394152120310497,0.7708638319616882,0.7363992604720473,0.7738797835206905,0.7754017475031757,0.33461577541476417,0.008686192731887072,0.7611053012871317,0.7896981937192197,0.7583632166202325,0.7924402783861189,0.7925430942329111,0.29982270339015227,0.007783009584094356,0.7797331806893757,0.8053530077764466,0.7772762157219131,0.8078099727439092,0.6509433962264151,0.7196765498652299,0.7305929919137479,0.7384663928464473,0.7418229490523076,0.6509433962264151,0.27717879604671686,0.17762803234500965,0.09555256064689806,0.010417789757412213,0.6329177897574124,0.7928459119496855,0.8410265049415994,0.9022911051212938,0.97911051212938,0.7360756698893904
