{
  "nDCG@1": 0.7520215633423181,
  "nDCG@1_std": 0.43198481475862693,
  "nDCG@1_stderr": 0.011213767054439975,
  "nDCG@1_ci90_low": 0.7335650286416174,
  "nDCG@1_ci90_high": 0.7704780980430187,
  "nDCG@1_ci95_low": 0.7300250313554326,
  "nDCG@1_ci95_high": 0.7740180953292035,
  "nDCG@3": 0.8212088301486624,
  "nDCG@3_std": 0.33712498857897377,
  "nDCG@3_stderr": 0.008751328660169881,
  "nDCG@3_ci90_low": 0.8068051778960762,
  "nDCG@3_ci90_high": 0.8356124824012486,
  "nDCG@3_ci95_low": 0.8040425309142801,
  "nDCG@3_ci95_high": 0.8383751293830447,
  "nDCG@5": 0.8391985917871514,
  "nDCG@5_std": 0.3057442257987406,
  "nDCG@5_stderr": 0.007936724646820943,
  "nDCG@5_ci90_low": 0.8261356814250214,
  "nDCG@5_ci90_high": 0.8522615021492814,
  "nDCG@5_ci95_low": 0.8236301912026417,
  "nDCG@5_ci95_high": 0.8547669923716611,
  "nDCG@10": 0.8547435278882846,
  "nDCG@10_std": 0.270993004928741,
  "nDCG@10_stderr": 0.00703462790087095,
  "nDCG@10_ci90_low": 0.8431653621096817,
  "nDCG@10_ci90_high": 0.8663216936668874,
  "nDCG@10_ci95_low": 0.8409446486279848,
  "nDCG@10_ci95_high": 0.8685424071485843,
  "nDCG@100": 0.8626485911839472,
  "nDCG@100_std": 0.24932677894622132,
  "nDCG@100_stderr": 0.006472200697839321,
  "nDCG@100_ci90_low": 0.8519961140823943,
  "nDCG@100_ci90_high": 0.8733010682855001,
  "nDCG@100_ci95_low": 0.8499529493907466,
  "nDCG@100_ci95_high": 0.8753442329771478,
  "RR@1": 0.7520215633423181,
  "RR@3": 0.8100853548966759,
  "RR@5": 0.8187106918238999,
  "RR@10": 0.8246130684978398,
  "RR@100": 0.826222551808988,
  "P@1": 0.7520215633423181,
  "P@3": 0.304806828391729,
  "P@5": 0.1929919137466262,
  "P@10": 0.10168463611859582,
  "P@100": 0.010559299191374475,
  "R@1": 0.7298405211141061,
  "R@3": 0.8692722371967655,
  "R@5": 0.9115566037735849,
  "R@10": 0.9580525606469003,
  "R@100": 0.9925876010781671,
  "AP": 0.8212986632910888
}