{
  "nDCG@1": 0.6509433962264151,
  "nDCG@1_std": 0.47683257538992574,
  "nDCG@1_stderr": 0.012377956913552668,
  "nDCG@1_ci90_low": 0.6305707426667616,
  "nDCG@1_ci90_high": 0.6713160497860685,
  "nDCG@1_ci95_low": 0.6266632302608266,
  "nDCG@1_ci95_high": 0.6752235621920035,
  "nDCG@3": 0.7344595577606191,
  "nDCG@3_std": 0.3946516202931123,
  "nDCG@3_stderr": 0.010244645613520093,
  "nDCG@3_ci90_low": 0.7175980823666346,
  "nDCG@3_ci90_high": 0.7513210331546036,
  "nDCG@3_ci95_low": 0.7143640203878434,
  "nDCG@3_ci95_high": 0.7545550951333948,
  "nDCG@5": 0.7551395219963689,
  "nDCG@5_std": 0.36803567071113547,
  "nDCG@5_stderr": 0.009553729987905393,
  "nDCG@5_ci90_low": 0.7394152120310497,
  "nDCG@5_ci90_high": 0.7708638319616882,
  "nDCG@5_ci95_low": 0.7363992604720473,
  "nDCG@5_ci95_high": 0.7738797835206905,
  "nDCG@10": 0.7754017475031757,
  "nDCG@10_std": 0.33461577541476417,
  "nDCG@10_stderr": 0.008686192731887072,
  "nDCG@10_ci90_low": 0.7611053012871317,
  "nDCG@10_ci90_high": 0.7896981937192197,
  "nDCG@10_ci95_low": 0.7583632166202325,
  "nDCG@10_ci95_high": 0.7924402783861189,
  "nDCG@100": 0.7925430942329111,
  "nDCG@100_std": 0.29982270339015227,
  "nDCG@100_stderr": 0.007783009584094356,
  "nDCG@100_ci90_low": 0.7797331806893757,
  "nDCG@100_ci90_high": 0.8053530077764466,
  "nDCG@100_ci95_low": 0.7772762157219131,
  "nDCG@100_ci95_high": 0.8078099727439092,
  "RR@1": 0.6509433962264151,
  "RR@3": 0.7196765498652299,
  "RR@5": 0.7305929919137479,
  "RR@10": 0.7384663928464473,
  "RR@100": 0.7418229490523076,
  "P@1": 0.6509433962264151,
  "P@3": 0.27717879604671686,
  "P@5": 0.17762803234500965,
  "P@10": 0.09555256064689806,
  "P@100": 0.010417789757412213,
  "R@1": 0.6329177897574124,
  "R@3": 0.7928459119496855,
  "R@5": 0.8410265049415994,
  "R@10": 0.9022911051212938,
  "R@100": 0.97911051212938,
  "AP": 0.7360756698893904
}