{
  "nDCG@1": 0.694743935309973,
  "nDCG@1_std": 0.4606710361752158,
  "nDCG@1_stderr": 0.011958424259155505,
  "nDCG@1_ci90_low": 0.6750617828955964,
  "nDCG@1_ci90_high": 0.7144260877243497,
  "nDCG@1_ci95_low": 0.6712867098787464,
  "nDCG@1_ci95_high": 0.7182011607411997,
  "nDCG@3": 0.771299348571546,
  "nDCG@3_std": 0.3735668594389339,
  "nDCG@3_stderr": 0.009697312493143066,
  "nDCG@3_ci90_low": 0.755338718779226,
  "nDCG@3_ci90_high": 0.7872599783638661,
  "nDCG@3_ci95_low": 0.7522774406429532,
  "nDCG@3_ci95_high": 0.7903212565001388,
  "nDCG@5": 0.7907848707964693,
  "nDCG@5_std": 0.3448683448333974,
  "nDCG@5_stderr": 0.00895233617314268,
  "nDCG@5_ci90_low": 0.7760503839438533,
  "nDCG@5_ci90_high": 0.8055193576490853,
  "nDCG@5_ci95_low": 0.7732242822775633,
  "nDCG@5_ci95_high": 0.8083454593153753,
  "nDCG@10": 0.8082896081222807,
  "nDCG@10_std": 0.3132571477539096,
  "nDCG@10_stderr": 0.008131750383432836,
  "nDCG@10_ci90_low": 0.7949057084567496,
  "nDCG@10_ci90_high": 0.8216735077878118,
  "nDCG@10_ci95_low": 0.7923386518958692,
  "nDCG@10_ci95_high": 0.8242405643486922,
  "nDCG@100": 0.8231449195867483,
  "nDCG@100_std": 0.2795481955357163,
  "nDCG@100_stderr": 0.00725670958359528,
  "nDCG@100_ci90_low": 0.8112012336164299,
  "nDCG@100_ci90_high": 0.8350886055570667,
  "nDCG@100_ci95_low": 0.8089104126899878,
  "nDCG@100_ci95_high": 0.8373794264835088,
  "RR@1": 0.6940700808625337,
  "RR@3": 0.7578616352201264,
  "RR@5": 0.7682726864330647,
  "RR@10": 0.7749791426004368,
  "RR@100": 0.7781000986876453,
  "P@1": 0.694743935309973,
  "P@3": 0.28863432165318537,
  "P@5": 0.18369272237196355,
  "P@10": 0.09784366576819173,
  "P@100": 0.010505390835579326,
  "R@1": 0.6740229110512129,
  "R@3": 0.8255278526504941,
  "R@5": 0.8710691823899371,
  "R@10": 0.9226752021563343,
  "R@100": 0.9871967654986523,
  "AP": 0.7723655809395125
}