nDCG@1,nDCG@1_std,nDCG@1_stderr,nDCG@1_ci90_low,nDCG@1_ci90_high,nDCG@1_ci95_low,nDCG@1_ci95_high,nDCG@3,nDCG@3_std,nDCG@3_stderr,nDCG@3_ci90_low,nDCG@3_ci90_high,nDCG@3_ci95_low,nDCG@3_ci95_high,nDCG@5,nDCG@5_std,nDCG@5_stderr,nDCG@5_ci90_low,nDCG@5_ci90_high,nDCG@5_ci95_low,nDCG@5_ci95_high,nDCG@10,nDCG@10_std,nDCG@10_stderr,nDCG@10_ci90_low,nDCG@10_ci90_high,nDCG@10_ci95_low,nDCG@10_ci95_high,nDCG@100,nDCG@100_std,nDCG@100_stderr,nDCG@100_ci90_low,nDCG@100_ci90_high,nDCG@100_ci95_low,nDCG@100_ci95_high,RR@1,RR@3,RR@5,RR@10,RR@100,P@1,P@3,P@5,P@10,P@100,R@1,R@3,R@5,R@10,R@100,AP
0.6886792452830188,0.4631897174045883,0.012023805966163783,0.6688894823093777,0.7084690082566599,0.6650937693894291,0.7122647211766086,0.7657416373993288,0.3776373000190036,0.009802975865822834,0.7496070981887918,0.7818761766098657,0.746512463906389,0.7849708108922685,0.7824231689196733,0.35431091472030407,0.009197453074222192,0.7672852486295212,0.7975610892098255,0.7643817676882377,0.800464570151109,0.802802225418965,0.3179443710836079,0.008253424638535395,0.7892180643158117,0.8163863865221183,0.7866125972430337,0.8189918535948962,0.8176210962862157,0.28504414264499855,0.0073993772619983965,0.8054425961857008,0.8297995963867306,0.8031067374774034,0.8321354550950281,0.6893530997304582,0.752695417789758,0.7610175202156346,0.7691208873486508,0.772230537876175,0.6886792452830188,0.2875112309074531,0.1816711590296456,0.09757412398921601,0.01047169811320736,0.668800539083558,0.8205862533692723,0.8599505840071878,0.9205974842767296,0.9846698113207547,0.7662593334741132
