nDCG@1,nDCG@1_std,nDCG@1_stderr,nDCG@1_ci90_low,nDCG@1_ci90_high,nDCG@1_ci95_low,nDCG@1_ci95_high,nDCG@3,nDCG@3_std,nDCG@3_stderr,nDCG@3_ci90_low,nDCG@3_ci90_high,nDCG@3_ci95_low,nDCG@3_ci95_high,nDCG@5,nDCG@5_std,nDCG@5_stderr,nDCG@5_ci90_low,nDCG@5_ci90_high,nDCG@5_ci95_low,nDCG@5_ci95_high,nDCG@10,nDCG@10_std,nDCG@10_stderr,nDCG@10_ci90_low,nDCG@10_ci90_high,nDCG@10_ci95_low,nDCG@10_ci95_high,nDCG@100,nDCG@100_std,nDCG@100_stderr,nDCG@100_ci90_low,nDCG@100_ci90_high,nDCG@100_ci95_low,nDCG@100_ci95_high,RR@1,RR@3,RR@5,RR@10,RR@100,P@1,P@3,P@5,P@10,P@100,R@1,R@3,R@5,R@10,R@100,AP
0.6805929919137467,0.46640407018721314,0.01210724640690077,0.660665895840316,0.7005200879871774,0.6568438421793539,0.7043421416481395,0.7593042920064943,0.3807048313305304,0.009882605011071568,0.7430386926379091,0.7755698913750795,0.7399189207762511,0.7786896632367375,0.7797814330454836,0.3518359756857687,0.009133206858014968,0.7647492544309932,0.7948136116599741,0.7618660549374977,0.7976968111534696,0.7980929497203003,0.31929871053444003,0.00828858153895273,0.7844509245158712,0.8117349749247295,0.7818343590020908,0.8143515404385099,0.8129650411911725,0.28680180458608767,0.007445003892598459,0.8007114450513999,0.8252186373309451,0.798361182784716,0.827568899597629,0.6805929919137467,0.7462938005390841,0.7564016172506748,0.7636025007487276,0.7665998345051984,0.6805929919137467,0.28526504941598874,0.18221024258759705,0.09730458221024026,0.010464959568732966,0.6612196765498652,0.8154200359389038,0.8637690925426775,0.9182951482479784,0.9838274932614556,0.7603490985934821
