nDCG@1,nDCG@1_std,nDCG@1_stderr,nDCG@1_ci90_low,nDCG@1_ci90_high,nDCG@1_ci95_low,nDCG@1_ci95_high,nDCG@3,nDCG@3_std,nDCG@3_stderr,nDCG@3_ci90_low,nDCG@3_ci90_high,nDCG@3_ci95_low,nDCG@3_ci95_high,nDCG@5,nDCG@5_std,nDCG@5_stderr,nDCG@5_ci90_low,nDCG@5_ci90_high,nDCG@5_ci95_low,nDCG@5_ci95_high,nDCG@10,nDCG@10_std,nDCG@10_stderr,nDCG@10_ci90_low,nDCG@10_ci90_high,nDCG@10_ci95_low,nDCG@10_ci95_high,nDCG@100,nDCG@100_std,nDCG@100_stderr,nDCG@100_ci90_low,nDCG@100_ci90_high,nDCG@100_ci95_low,nDCG@100_ci95_high,RR@1,RR@3,RR@5,RR@10,RR@100,P@1,P@3,P@5,P@10,P@100,R@1,R@3,R@5,R@10,R@100,AP
0.7520215633423181,0.43198481475862693,0.011213767054439975,0.7335650286416174,0.7704780980430187,0.7300250313554326,0.7740180953292035,0.8212088301486624,0.33712498857897377,0.008751328660169881,0.8068051778960762,0.8356124824012486,0.8040425309142801,0.8383751293830447,0.8391985917871514,0.3057442257987406,0.007936724646820943,0.8261356814250214,0.8522615021492814,0.8236301912026417,0.8547669923716611,0.8547435278882846,0.270993004928741,0.00703462790087095,0.8431653621096817,0.8663216936668874,0.8409446486279848,0.8685424071485843,0.8626485911839472,0.24932677894622132,0.006472200697839321,0.8519961140823943,0.8733010682855001,0.8499529493907466,0.8753442329771478,0.7520215633423181,0.8100853548966759,0.8187106918238999,0.8246130684978398,0.826222551808988,0.7520215633423181,0.304806828391729,0.1929919137466262,0.10168463611859582,0.010559299191374475,0.7298405211141061,0.8692722371967655,0.9115566037735849,0.9580525606469003,0.9925876010781671,0.8212986632910888
