{
  "nDCG@1": 0.637466307277628,
  "nDCG@1_std": 0.48089380237997864,
  "nDCG@1_stderr": 0.012483381113352617,
  "nDCG@1_ci90_low": 0.616920137950039,
  "nDCG@1_ci90_high": 0.658012476605217,
  "nDCG@1_ci95_low": 0.6129793449008216,
  "nDCG@1_ci95_high": 0.6619532696544344,
  "nDCG@3": 0.7231804873476423,
  "nDCG@3_std": 0.3996744535093793,
  "nDCG@3_stderr": 0.010375031867194295,
  "nDCG@3_ci90_low": 0.7061044115964585,
  "nDCG@3_ci90_high": 0.740256563098826,
  "nDCG@3_ci95_low": 0.702829188874634,
  "nDCG@3_ci95_high": 0.7435317858206506,
  "nDCG@5": 0.7442696173935959,
  "nDCG@5_std": 0.37315996162058007,
  "nDCG@5_stderr": 0.009686749952067336,
  "nDCG@5_ci90_low": 0.7283263722950138,
  "nDCG@5_ci90_high": 0.7602128624921779,
  "nDCG@5_ci95_low": 0.7252684285749602,
  "nDCG@5_ci95_high": 0.7632708062122315,
  "nDCG@10": 0.7620546031676111,
  "nDCG@10_std": 0.3454258861126971,
  "nDCG@10_stderr": 0.008966809223619686,
  "nDCG@10_ci90_low": 0.7472962953851454,
  "nDCG@10_ci90_high": 0.7768129109500768,
  "nDCG@10_ci95_low": 0.7444656248207179,
  "nDCG@10_ci95_high": 0.7796435815145043,
  "nDCG@100": 0.781557595963827,
  "nDCG@100_std": 0.3079419011450602,
  "nDCG@100_stderr": 0.007993773456299777,
  "nDCG@100_ci90_low": 0.7684007900065176,
  "nDCG@100_ci90_high": 0.7947144019211364,
  "nDCG@100_ci95_low": 0.7658772904363644,
  "nDCG@100_ci95_high": 0.7972379014912896,
  "RR@1": 0.6381401617250674,
  "RR@3": 0.7084456424079073,
  "RR@5": 0.7197663971248887,
  "RR@10": 0.7265100222478933,
  "RR@100": 0.7303539299227464,
  "P@1": 0.637466307277628,
  "P@3": 0.2738095238095202,
  "P@5": 0.17574123989217955,
  "P@10": 0.09380053908355582,
  "P@100": 0.010350404312668279,
  "R@1": 0.619777628032345,
  "R@3": 0.7834119496855345,
  "R@5": 0.8326033243486075,
  "R@10": 0.8858939802336028,
  "R@100": 0.9727088948787062,
  "AP": 0.723997993280508
}