nDCG@1,nDCG@1_std,nDCG@1_stderr,nDCG@1_ci90_low,nDCG@1_ci90_high,nDCG@1_ci95_low,nDCG@1_ci95_high,nDCG@3,nDCG@3_std,nDCG@3_stderr,nDCG@3_ci90_low,nDCG@3_ci90_high,nDCG@3_ci95_low,nDCG@3_ci95_high,nDCG@5,nDCG@5_std,nDCG@5_stderr,nDCG@5_ci90_low,nDCG@5_ci90_high,nDCG@5_ci95_low,nDCG@5_ci95_high,nDCG@10,nDCG@10_std,nDCG@10_stderr,nDCG@10_ci90_low,nDCG@10_ci90_high,nDCG@10_ci95_low,nDCG@10_ci95_high,nDCG@100,nDCG@100_std,nDCG@100_stderr,nDCG@100_ci90_low,nDCG@100_ci90_high,nDCG@100_ci95_low,nDCG@100_ci95_high,RR@1,RR@3,RR@5,RR@10,RR@100,P@1,P@3,P@5,P@10,P@100,R@1,R@3,R@5,R@10,R@100,AP
0.6974393530997305,0.4595214825750034,0.011928583334546668,0.6778063153189885,0.7170723908804725,0.6740406625791624,0.7208380436202986,0.7700697595713615,0.3765527471890006,0.009774822277135503,0.7539815578390363,0.7861579613036866,0.7508958111701416,0.7892437079725814,0.788935270656198,0.34951176840202164,0.009072873443099134,0.7740023937090776,0.8038681476033183,0.7711382404579404,0.8067323008544555,0.8077347568852576,0.315417862843561,0.008187839752453602,0.7942585407501007,0.8212109730204146,0.791673777720631,0.8237957360498843,0.8221271266060234,0.2829244587045084,0.007344353008539452,0.8100391899208546,0.8342150632911922,0.8077207014421127,0.836533551769934,0.6967654986522911,0.7574123989218337,0.766846361185985,0.7742502032259452,0.7772522683158809,0.6974393530997305,0.28796046720574603,0.18315363881401212,0.09784366576819173,0.010485175202156147,0.6772237196765499,0.8222708894878706,0.8666891284815814,0.9228436657681941,0.985512129380054,0.7718474698494534
