nDCG@1,nDCG@1_std,nDCG@1_stderr,nDCG@1_ci90_low,nDCG@1_ci90_high,nDCG@1_ci95_low,nDCG@1_ci95_high,nDCG@3,nDCG@3_std,nDCG@3_stderr,nDCG@3_ci90_low,nDCG@3_ci90_high,nDCG@3_ci95_low,nDCG@3_ci95_high,nDCG@5,nDCG@5_std,nDCG@5_stderr,nDCG@5_ci90_low,nDCG@5_ci90_high,nDCG@5_ci95_low,nDCG@5_ci95_high,nDCG@10,nDCG@10_std,nDCG@10_stderr,nDCG@10_ci90_low,nDCG@10_ci90_high,nDCG@10_ci95_low,nDCG@10_ci95_high,nDCG@100,nDCG@100_std,nDCG@100_stderr,nDCG@100_ci90_low,nDCG@100_ci90_high,nDCG@100_ci95_low,nDCG@100_ci95_high,RR@1,RR@3,RR@5,RR@10,RR@100,P@1,P@3,P@5,P@10,P@100,R@1,R@3,R@5,R@10,R@100,AP
0.7432614555256065,0.4369811648948535,0.011343465841610006,0.7245914519562893,0.7619314590949238,0.7210105109486614,0.7655124001025516,0.815055912524962,0.341713438756889,0.008870438892007068,0.8004562189138886,0.8296556061360354,0.7976559708391312,0.8324558542107928,0.8343561209528795,0.30878404212296723,0.008015634346846413,0.8211633345544744,0.8475489073512845,0.8186329338695725,0.8500793080361865,0.8478904282207943,0.2785033376611803,0.007229586424609724,0.8359913837632325,0.8597894726783561,0.8337091251610063,0.8620717312805823,0.8567496638909831,0.2549275255344576,0.00661758883516661,0.8458578951055006,0.8676414326764655,0.8437688338289601,0.8697304939530061,0.7432614555256065,0.8024483378256967,0.811848607367476,0.8171503978950074,0.8190201239717262,0.7432614555256065,0.30345911949685045,0.19299191374662628,0.1010107816711565,0.0105323450134769,0.7217542677448339,0.8656221922731356,0.9108827493261455,0.951987870619946,0.9902291105121294,0.8143873891429548
