nDCG@1,nDCG@1_std,nDCG@1_stderr,nDCG@1_ci90_low,nDCG@1_ci90_high,nDCG@1_ci95_low,nDCG@1_ci95_high,nDCG@3,nDCG@3_std,nDCG@3_stderr,nDCG@3_ci90_low,nDCG@3_ci90_high,nDCG@3_ci95_low,nDCG@3_ci95_high,nDCG@5,nDCG@5_std,nDCG@5_stderr,nDCG@5_ci90_low,nDCG@5_ci90_high,nDCG@5_ci95_low,nDCG@5_ci95_high,nDCG@10,nDCG@10_std,nDCG@10_stderr,nDCG@10_ci90_low,nDCG@10_ci90_high,nDCG@10_ci95_low,nDCG@10_ci95_high,nDCG@100,nDCG@100_std,nDCG@100_stderr,nDCG@100_ci90_low,nDCG@100_ci90_high,nDCG@100_ci95_low,nDCG@100_ci95_high,RR@1,RR@3,RR@5,RR@10,RR@100,P@1,P@3,P@5,P@10,P@100,R@1,R@3,R@5,R@10,R@100,AP
0.7008086253369272,0.45805816475543853,0.011890597496631553,0.6812381077541002,0.7203791429197542,0.6774844465031715,0.7241328041706829,0.7747384619853283,0.3728161882583423,0.009677826040226106,0.7588099045905093,0.7906670193801472,0.7557547779990393,0.7937221459716172,0.7947951863343463,0.3430026908643705,0.008903906209176127,0.7801404094762542,0.8094499631924384,0.7773295963334533,0.8122607763352393,0.8112656370337676,0.3127179558638817,0.008117753659367906,0.7979047743211307,0.8246264997464046,0.7953421362901667,0.8271891377773686,0.8259077257074805,0.2792017892888099,0.007247717325473471,0.8139788399308221,0.8378366114841389,0.8116908577087326,0.8401245937062284,0.7001347708894878,0.761567834681043,0.7721136567834693,0.7784096500235321,0.7815339206707309,0.7008086253369272,0.28975741239891756,0.18477088948786646,0.0979784366576796,0.010505390835579326,0.6802560646900271,0.8273247978436657,0.8747753818508536,0.9236859838274932,0.9871967654986523,0.7761634240803634
