{
  "nDCG@1": 0.7473045822102425,
  "nDCG@1_std": 0.4347042447424003,
  "nDCG@1_stderr": 0.01128435993946056,
  "nDCG@1_ci90_low": 0.7287318599674181,
  "nDCG@1_ci90_high": 0.765877304453067,
  "nDCG@1_ci95_low": 0.7251695776970541,
  "nDCG@1_ci95_high": 0.7694395867234309,
  "nDCG@3": 0.8176128120353114,
  "nDCG@3_std": 0.34029668147680514,
  "nDCG@3_stderr": 0.00883366170547467,
  "nDCG@3_ci90_low": 0.8030736493248831,
  "nDCG@3_ci90_high": 0.8321519747457398,
  "nDCG@3_ci95_low": 0.8002850111881498,
  "nDCG@3_ci95_high": 0.8349406128824731,
  "nDCG@5": 0.8368402102297382,
  "nDCG@5_std": 0.3065875087172208,
  "nDCG@5_stderr": 0.007958615180667854,
  "nDCG@5_ci90_low": 0.8237412706371452,
  "nDCG@5_ci90_high": 0.8499391498223312,
  "nDCG@5_ci95_low": 0.8212288699421264,
  "nDCG@5_ci95_high": 0.85245155051735,
  "nDCG@10": 0.8507947478657468,
  "nDCG@10_std": 0.27504971382852145,
  "nDCG@10_stderr": 0.007139934816891203,
  "nDCG@10_ci90_low": 0.8390432593544427,
  "nDCG@10_ci90_high": 0.862546236377051,
  "nDCG@10_ci95_low": 0.8367893022539762,
  "nDCG@10_ci95_high": 0.8648001934775175,
  "nDCG@100": 0.8590725522357878,
  "nDCG@100_std": 0.25271700920954543,
  "nDCG@100_stderr": 0.0065602066904922604,
  "nDCG@100_ci90_low": 0.8482752276758043,
  "nDCG@100_ci90_high": 0.8698698767957713,
  "nDCG@100_ci95_low": 0.8462042809753413,
  "nDCG@100_ci95_high": 0.8719408234962344,
  "RR@1": 0.7473045822102425,
  "RR@3": 0.805143755615454,
  "RR@5": 0.8145103324348614,
  "RR@10": 0.8201461087579692,
  "RR@100": 0.8217911602602705,
  "P@1": 0.7473045822102425,
  "P@3": 0.30435759209343616,
  "P@5": 0.19339622641508986,
  "P@10": 0.10134770889487617,
  "P@100": 0.010545822102425688,
  "R@1": 0.7254604672057503,
  "R@3": 0.8674752920035939,
  "R@5": 0.9129043126684636,
  "R@10": 0.9550202156334232,
  "R@100": 0.991576819407008,
  "AP": 0.8170362356579338
}