nDCG@1,nDCG@1_std,nDCG@1_stderr,nDCG@1_ci90_low,nDCG@1_ci90_high,nDCG@1_ci95_low,nDCG@1_ci95_high,nDCG@3,nDCG@3_std,nDCG@3_stderr,nDCG@3_ci90_low,nDCG@3_ci90_high,nDCG@3_ci95_low,nDCG@3_ci95_high,nDCG@5,nDCG@5_std,nDCG@5_stderr,nDCG@5_ci90_low,nDCG@5_ci90_high,nDCG@5_ci95_low,nDCG@5_ci95_high,nDCG@10,nDCG@10_std,nDCG@10_stderr,nDCG@10_ci90_low,nDCG@10_ci90_high,nDCG@10_ci95_low,nDCG@10_ci95_high,nDCG@100,nDCG@100_std,nDCG@100_stderr,nDCG@100_ci90_low,nDCG@100_ci90_high,nDCG@100_ci95_low,nDCG@100_ci95_high,RR@1,RR@3,RR@5,RR@10,RR@100,P@1,P@3,P@5,P@10,P@100,R@1,R@3,R@5,R@10,R@100,AP
0.704177897574124,0.4565652772057831,0.011851844066769293,0.6846711635547998,0.7236846315934481,0.6809297361086112,0.7274260590396368,0.7796108776247562,0.36791933882682964,0.009550710162654501,0.7638915379347478,0.7953302173147646,0.7608765396836875,0.7983452155658249,0.7986582450545215,0.33916652881969245,0.008804324404255182,0.7841673680731756,0.8131491220358675,0.7813879912280489,0.8159284988809942,0.8155019762141191,0.3076693475903626,0.007986698318545347,0.8023568150970175,0.8286471373312208,0.7998355490286241,0.8311684033996142,0.8288060829745894,0.2767434751827929,0.007183902670907612,0.8169822285741571,0.8406299373750216,0.8147143915631181,0.8428977743860606,0.704177897574124,0.7665094339622648,0.7762803234501355,0.7828878406708599,0.7855955354780332,0.704177897574124,0.29222821203952837,0.18571428571428156,0.09845013477088713,0.010498652291104934,0.6831199460916443,0.8338948787061995,0.87831311769991,0.9278975741239892,0.9865229110512129,0.7798937876184652
