nDCG@1,nDCG@1_std,nDCG@1_stderr,nDCG@1_ci90_low,nDCG@1_ci90_high,nDCG@1_ci95_low,nDCG@1_ci95_high,nDCG@3,nDCG@3_std,nDCG@3_stderr,nDCG@3_ci90_low,nDCG@3_ci90_high,nDCG@3_ci95_low,nDCG@3_ci95_high,nDCG@5,nDCG@5_std,nDCG@5_stderr,nDCG@5_ci90_low,nDCG@5_ci90_high,nDCG@5_ci95_low,nDCG@5_ci95_high,nDCG@10,nDCG@10_std,nDCG@10_stderr,nDCG@10_ci90_low,nDCG@10_ci90_high,nDCG@10_ci95_low,nDCG@10_ci95_high,nDCG@100,nDCG@100_std,nDCG@100_stderr,nDCG@100_ci90_low,nDCG@100_ci90_high,nDCG@100_ci95_low,nDCG@100_ci95_high,RR@1,RR@3,RR@5,RR@10,RR@100,P@1,P@3,P@5,P@10,P@100,R@1,R@3,R@5,R@10,R@100,AP
0.7473045822102425,0.4347042447424003,0.01128435993946056,0.7287318599674181,0.765877304453067,0.7251695776970541,0.7694395867234309,0.8176128120353114,0.34029668147680514,0.00883366170547467,0.8030736493248831,0.8321519747457398,0.8002850111881498,0.8349406128824731,0.8368402102297382,0.3065875087172208,0.007958615180667854,0.8237412706371452,0.8499391498223312,0.8212288699421264,0.85245155051735,0.8507947478657468,0.27504971382852145,0.007139934816891203,0.8390432593544427,0.862546236377051,0.8367893022539762,0.8648001934775175,0.8590725522357878,0.25271700920954543,0.0065602066904922604,0.8482752276758043,0.8698698767957713,0.8462042809753413,0.8719408234962344,0.7473045822102425,0.805143755615454,0.8145103324348614,0.8201461087579692,0.8217911602602705,0.7473045822102425,0.30435759209343616,0.19339622641508986,0.10134770889487617,0.010545822102425688,0.7254604672057503,0.8674752920035939,0.9129043126684636,0.9550202156334232,0.991576819407008,0.8170362356579338
