nDCG@1,nDCG@1_std,nDCG@1_stderr,nDCG@1_ci90_low,nDCG@1_ci90_high,nDCG@1_ci95_low,nDCG@1_ci95_high,nDCG@3,nDCG@3_std,nDCG@3_stderr,nDCG@3_ci90_low,nDCG@3_ci90_high,nDCG@3_ci95_low,nDCG@3_ci95_high,nDCG@5,nDCG@5_std,nDCG@5_stderr,nDCG@5_ci90_low,nDCG@5_ci90_high,nDCG@5_ci95_low,nDCG@5_ci95_high,nDCG@10,nDCG@10_std,nDCG@10_stderr,nDCG@10_ci90_low,nDCG@10_ci90_high,nDCG@10_ci95_low,nDCG@10_ci95_high,nDCG@100,nDCG@100_std,nDCG@100_stderr,nDCG@100_ci90_low,nDCG@100_ci90_high,nDCG@100_ci95_low,nDCG@100_ci95_high,RR@1,RR@3,RR@5,RR@10,RR@100,P@1,P@3,P@5,P@10,P@100,R@1,R@3,R@5,R@10,R@100,AP
0.6442048517520216,0.4789149357254043,0.012432012294500513,0.6237432294266197,0.6646664740774234,0.6198186526478535,0.6685910508561896,0.725956673895324,0.3990935812592702,0.010359953174891762,0.708905415888826,0.743007931901822,0.7056349532560573,0.7462783945345908,0.7476863008628605,0.3708237788524687,0.009626105669066704,0.7318428690837604,0.7635297326419606,0.7288040697418806,0.7665685319838403,0.7670204194129865,0.3403958392928218,0.008836235714126013,0.7524770201886586,0.7815638186373144,0.7496875694807709,0.7843532693452021,0.7867384452464994,0.30164171018998615,0.00783022864788292,0.7738508147069609,0.7996260757860378,0.7713789434767897,0.8020979470162091,0.6442048517520216,0.7119272237196774,0.7231132075471712,0.7305707975013912,0.7344566796416683,0.6442048517520216,0.2747079964061061,0.17641509433961883,0.09460916442048298,0.010444743935309786,0.6249438454627133,0.7844227313566937,0.8365902964959568,0.894991015274034,0.9829290206648696,0.7280458194173579
