{
  "nDCG@1": 0.6799191374663073,
  "nDCG@1_std": 0.46666460461513914,
  "nDCG@1_stderr": 0.012114009543669955,
  "nDCG@1_ci90_low": 0.6599809100694007,
  "nDCG@1_ci90_high": 0.6998573648632138,
  "nDCG@1_ci95_low": 0.656156721400132,
  "nDCG@1_ci95_high": 0.7036815535324825,
  "nDCG@3": 0.7592817524783603,
  "nDCG@3_std": 0.38165570629591333,
  "nDCG@3_stderr": 0.009907288495294644,
  "nDCG@3_ci90_low": 0.7429755270132202,
  "nDCG@3_ci90_high": 0.7755879779435003,
  "nDCG@3_ci95_low": 0.7398479629915558,
  "nDCG@3_ci95_high": 0.7787155419651648,
  "nDCG@5": 0.782373656285807,
  "nDCG@5_std": 0.34764336441526944,
  "nDCG@5_stderr": 0.009024372092229352,
  "nDCG@5_ci90_low": 0.7675206068276129,
  "nDCG@5_ci90_high": 0.7972267057440011,
  "nDCG@5_ci95_low": 0.764671764635607,
  "nDCG@5_ci95_high": 0.800075547936007,
  "nDCG@10": 0.8004487831779674,
  "nDCG@10_std": 0.31571354420480036,
  "nDCG@10_stderr": 0.008195515258151946,
  "nDCG@10_ci90_low": 0.7869599340679521,
  "nDCG@10_ci90_high": 0.8139376322879828,
  "nDCG@10_ci95_low": 0.7843727480106799,
  "nDCG@10_ci95_high": 0.8165248183452549,
  "nDCG@100": 0.815921670877601,
  "nDCG@100_std": 0.281260906443594,
  "nDCG@100_stderr": 0.007301169343513624,
  "nDCG@100_ci90_low": 0.8039048093992011,
  "nDCG@100_ci90_high": 0.827938532356001,
  "nDCG@100_ci95_low": 0.8015999532757826,
  "nDCG@100_ci95_high": 0.8302433884794195,
  "RR@1": 0.6799191374663073,
  "RR@3": 0.7450584007187786,
  "RR@5": 0.757288858939803,
  "RR@10": 0.7642167244256196,
  "RR@100": 0.7673198446895687,
  "P@1": 0.6799191374663073,
  "P@3": 0.2852650494159888,
  "P@5": 0.18328840970349985,
  "P@10": 0.09770889487870386,
  "P@100": 0.010539083557951294,
  "R@1": 0.6612196765498652,
  "R@3": 0.8145215633423181,
  "R@5": 0.869047619047619,
  "R@10": 0.9232929020664868,
  "R@100": 0.9910152740341418,
  "AP": 0.7625717301960818
}