nDCG@1,nDCG@1_std,nDCG@1_stderr,nDCG@1_ci90_low,nDCG@1_ci90_high,nDCG@1_ci95_low,nDCG@1_ci95_high,nDCG@3,nDCG@3_std,nDCG@3_stderr,nDCG@3_ci90_low,nDCG@3_ci90_high,nDCG@3_ci95_low,nDCG@3_ci95_high,nDCG@5,nDCG@5_std,nDCG@5_stderr,nDCG@5_ci90_low,nDCG@5_ci90_high,nDCG@5_ci95_low,nDCG@5_ci95_high,nDCG@10,nDCG@10_std,nDCG@10_stderr,nDCG@10_ci90_low,nDCG@10_ci90_high,nDCG@10_ci95_low,nDCG@10_ci95_high,nDCG@100,nDCG@100_std,nDCG@100_stderr,nDCG@100_ci90_low,nDCG@100_ci90_high,nDCG@100_ci95_low,nDCG@100_ci95_high,RR@1,RR@3,RR@5,RR@10,RR@100,P@1,P@3,P@5,P@10,P@100,R@1,R@3,R@5,R@10,R@100,AP
0.6799191374663073,0.46666460461513914,0.012114009543669955,0.6599809100694007,0.6998573648632138,0.656156721400132,0.7036815535324825,0.7592817524783603,0.38165570629591333,0.009907288495294644,0.7429755270132202,0.7755879779435003,0.7398479629915558,0.7787155419651648,0.782373656285807,0.34764336441526944,0.009024372092229352,0.7675206068276129,0.7972267057440011,0.764671764635607,0.800075547936007,0.8004487831779674,0.31571354420480036,0.008195515258151946,0.7869599340679521,0.8139376322879828,0.7843727480106799,0.8165248183452549,0.815921670877601,0.281260906443594,0.007301169343513624,0.8039048093992011,0.827938532356001,0.8015999532757826,0.8302433884794195,0.6799191374663073,0.7450584007187786,0.757288858939803,0.7642167244256196,0.7673198446895687,0.6799191374663073,0.2852650494159888,0.18328840970349985,0.09770889487870386,0.010539083557951294,0.6612196765498652,0.8145215633423181,0.869047619047619,0.9232929020664868,0.9910152740341418,0.7625717301960818
