nDCG@1,nDCG@1_std,nDCG@1_stderr,nDCG@1_ci90_low,nDCG@1_ci90_high,nDCG@1_ci95_low,nDCG@1_ci95_high,nDCG@3,nDCG@3_std,nDCG@3_stderr,nDCG@3_ci90_low,nDCG@3_ci90_high,nDCG@3_ci95_low,nDCG@3_ci95_high,nDCG@5,nDCG@5_std,nDCG@5_stderr,nDCG@5_ci90_low,nDCG@5_ci90_high,nDCG@5_ci95_low,nDCG@5_ci95_high,nDCG@10,nDCG@10_std,nDCG@10_stderr,nDCG@10_ci90_low,nDCG@10_ci90_high,nDCG@10_ci95_low,nDCG@10_ci95_high,nDCG@100,nDCG@100_std,nDCG@100_stderr,nDCG@100_ci90_low,nDCG@100_ci90_high,nDCG@100_ci95_low,nDCG@100_ci95_high,RR@1,RR@3,RR@5,RR@10,RR@100,P@1,P@3,P@5,P@10,P@100,R@1,R@3,R@5,R@10,R@100,AP
0.6549865229110512,0.47553291944054815,0.012344219526104499,0.6346693971021639,0.6753036487199385,0.6307725350209082,0.6792005108011941,0.7383262292517628,0.39148472634773973,0.010162437142814087,0.72160005928056,0.7550523992229656,0.7183919491306046,0.7582605093729211,0.7597241416935664,0.36279635911567854,0.009417724235504332,0.7442236811159237,0.775224602271209,0.7412506642810037,0.7781976191061291,0.7791269260392442,0.33097268471697877,0.008591622809409612,0.7649861307340292,0.7932677213444591,0.7622739001979765,0.7959799518805118,0.7970734053397732,0.2938882227369107,0.007628958142096989,0.7845170422553398,0.8096297684242066,0.7821087087320616,0.8120381019474848,0.6549865229110512,0.7239442946990124,0.734995507637018,0.7425175416078383,0.7460541363664122,0.6549865229110512,0.27897574123988844,0.1788409703504004,0.0958894878706177,0.010485175202156147,0.6360624438454627,0.797113656783468,0.8475965858041329,0.9061096136567833,0.9859613656783467,0.7400021914575645
