{
  "nDCG@1": 0.7028301886792453,
  "nDCG@1_std": 0.45716599900439064,
  "nDCG@1_stderr": 0.011867438027677094,
  "nDCG@1_ci90_low": 0.6832977888440345,
  "nDCG@1_ci90_high": 0.7223625885144561,
  "nDCG@1_ci95_low": 0.6795514386471745,
  "nDCG@1_ci95_high": 0.7261089387113161,
  "nDCG@3": 0.7815679642192761,
  "nDCG@3_std": 0.36599894945414463,
  "nDCG@3_stderr": 0.00950085933840471,
  "nDCG@3_ci90_low": 0.7659306730918211,
  "nDCG@3_ci90_high": 0.7972052553467311,
  "nDCG@3_ci95_low": 0.762931411905897,
  "nDCG@3_ci95_high": 0.8002045165326552,
  "nDCG@5": 0.7993592486548223,
  "nDCG@5_std": 0.33719337753430034,
  "nDCG@5_stderr": 0.008753103948994692,
  "nDCG@5_ci90_low": 0.7849526744867336,
  "nDCG@5_ci90_high": 0.8137658228229111,
  "nDCG@5_ci95_low": 0.7821894670761724,
  "nDCG@5_ci95_high": 0.8165290302334722,
  "nDCG@10": 0.8162425588421462,
  "nDCG@10_std": 0.3060964860358276,
  "nDCG@10_stderr": 0.007945868866956187,
  "nDCG@10_ci90_low": 0.8031645981748495,
  "nDCG@10_ci90_high": 0.829320519509443,
  "nDCG@10_ci95_low": 0.8006562212762705,
  "nDCG@10_ci95_high": 0.831828896408022,
  "nDCG@100": 0.8305097540403229,
  "nDCG@100_std": 0.2725472879519266,
  "nDCG@100_stderr": 0.007074975077816076,
  "nDCG@100_ci90_low": 0.8188651815789569,
  "nDCG@100_ci90_high": 0.8421543265016889,
  "nDCG@100_ci95_low": 0.8166317311734237,
  "nDCG@100_ci95_high": 0.8443877769072221,
  "RR@1": 0.7028301886792453,
  "RR@3": 0.7665094339622648,
  "RR@5": 0.7759433962264161,
  "RR@10": 0.782480586574253,
  "RR@100": 0.7856758292901623,
  "P@1": 0.7028301886792453,
  "P@3": 0.29424977538184643,
  "P@5": 0.18584905660376938,
  "P@10": 0.09858490566037499,
  "P@100": 0.0105323450134769,
  "R@1": 0.6818283917340521,
  "R@3": 0.8375449236298292,
  "R@5": 0.8808400718778077,
  "R@10": 0.9305368373764599,
  "R@100": 0.9903414195867025,
  "AP": 0.7810902559331823
}