nDCG@1,nDCG@1_std,nDCG@1_stderr,nDCG@1_ci90_low,nDCG@1_ci90_high,nDCG@1_ci95_low,nDCG@1_ci95_high,nDCG@3,nDCG@3_std,nDCG@3_stderr,nDCG@3_ci90_low,nDCG@3_ci90_high,nDCG@3_ci95_low,nDCG@3_ci95_high,nDCG@5,nDCG@5_std,nDCG@5_stderr,nDCG@5_ci90_low,nDCG@5_ci90_high,nDCG@5_ci95_low,nDCG@5_ci95_high,nDCG@10,nDCG@10_std,nDCG@10_stderr,nDCG@10_ci90_low,nDCG@10_ci90_high,nDCG@10_ci95_low,nDCG@10_ci95_high,nDCG@100,nDCG@100_std,nDCG@100_stderr,nDCG@100_ci90_low,nDCG@100_ci90_high,nDCG@100_ci95_low,nDCG@100_ci95_high,RR@1,RR@3,RR@5,RR@10,RR@100,P@1,P@3,P@5,P@10,P@100,R@1,R@3,R@5,R@10,R@100,AP
0.11657681940700809,0.3210235340307778,0.008333355726000864,0.10286110118461828,0.1302925376293979,0.10023040121451542,0.13292323759950075,0.18871689188586654,0.3487829347482091,0.00905395386413232,0.17381515432875036,0.20361862944298273,0.1709569736698628,0.2064768101018703,0.21454931579299757,0.34913501610672026,0.0090630934408111,0.19963253557329505,0.2294660960127001,0.19677146970406892,0.23232716188192623,0.24309011644571346,0.3440598527872468,0.008931348765342326,0.22839017238486972,0.2577900605065572,0.22557069608954544,0.2606095368018815,0.30067817314589795,0.3160767482928,0.008204943566501916,0.28717380615510396,0.31418254013669195,0.28458364373977035,0.31677270255202555,0.11590296495956873,0.1730682839173407,0.18752246181491464,0.19911008428528637,0.20973101289793064,0.11657681940700809,0.08221024258760065,0.06212938005390887,0.04016172506738582,0.0069946091644203685,0.11410601976639713,0.2398921832884097,0.3022237196765499,0.38988095238095233,0.6690813117699911,0.2067658888564675
