nDCG@1,nDCG@1_std,nDCG@1_stderr,nDCG@1_ci90_low,nDCG@1_ci90_high,nDCG@1_ci95_low,nDCG@1_ci95_high,nDCG@3,nDCG@3_std,nDCG@3_stderr,nDCG@3_ci90_low,nDCG@3_ci90_high,nDCG@3_ci95_low,nDCG@3_ci95_high,nDCG@5,nDCG@5_std,nDCG@5_stderr,nDCG@5_ci90_low,nDCG@5_ci90_high,nDCG@5_ci95_low,nDCG@5_ci95_high,nDCG@10,nDCG@10_std,nDCG@10_stderr,nDCG@10_ci90_low,nDCG@10_ci90_high,nDCG@10_ci95_low,nDCG@10_ci95_high,nDCG@100,nDCG@100_std,nDCG@100_stderr,nDCG@100_ci90_low,nDCG@100_ci90_high,nDCG@100_ci95_low,nDCG@100_ci95_high,RR@1,RR@3,RR@5,RR@10,RR@100,P@1,P@3,P@5,P@10,P@100,R@1,R@3,R@5,R@10,R@100,AP
0.15296495956873316,0.36007505977253396,0.009347082824332333,0.1375807664015221,0.16834915273594422,0.13463004986966937,0.17129986926779694,0.23902162809862723,0.3786956701164727,0.009830449784638788,0.22284187006612532,0.25520138613112914,0.2197385627305392,0.25830469346671525,0.2725530494260667,0.37489640594365403,0.009731825800746961,0.2565356148101458,0.28857048404198754,0.2534634414042762,0.29164265744785717,0.3057027146949346,0.363849190281742,0.009445054370825146,0.29015727194595964,0.32124815744390955,0.28717562744788255,0.32422980194198664,0.36744341500934047,0.32393547048371896,0.00840894582996982,0.3536032844132889,0.381283545605392,0.35094872192119736,0.3839381080974836,0.15296495956873316,0.22035040431266847,0.23817385444743908,0.252489250417148,0.2640102000522671,0.15296495956873316,0.10354896675651394,0.07870619946091718,0.0499326145552561,0.008180592991913604,0.1497079964061096,0.3018867924528302,0.3826370170709793,0.4832097933513027,0.7790880503144653,0.260262806554753
