nDCG@1,nDCG@1_std,nDCG@1_stderr,nDCG@1_ci90_low,nDCG@1_ci90_high,nDCG@1_ci95_low,nDCG@1_ci95_high,nDCG@3,nDCG@3_std,nDCG@3_stderr,nDCG@3_ci90_low,nDCG@3_ci90_high,nDCG@3_ci95_low,nDCG@3_ci95_high,nDCG@5,nDCG@5_std,nDCG@5_stderr,nDCG@5_ci90_low,nDCG@5_ci90_high,nDCG@5_ci95_low,nDCG@5_ci95_high,nDCG@10,nDCG@10_std,nDCG@10_stderr,nDCG@10_ci90_low,nDCG@10_ci90_high,nDCG@10_ci95_low,nDCG@10_ci95_high,nDCG@100,nDCG@100_std,nDCG@100_stderr,nDCG@100_ci90_low,nDCG@100_ci90_high,nDCG@100_ci95_low,nDCG@100_ci95_high,RR@1,RR@3,RR@5,RR@10,RR@100,P@1,P@3,P@5,P@10,P@100,R@1,R@3,R@5,R@10,R@100,AP
0.1664420485175202,0.37260253085394857,0.009672279770356259,0.15052261962713828,0.18236147740790212,0.14746924389960125,0.18541485313543915,0.2388273361441838,0.3849101655143237,0.00999177004723026,0.22238206403331812,0.2552726082550495,0.21922783060937936,0.2584268416789882,0.27422678253139166,0.38027677241078933,0.009871493155173963,0.2579794719637926,0.2904740930989907,0.25486320792778594,0.29359035713499737,0.3040061614337858,0.3709624015389882,0.00962970413471175,0.28815680700570206,0.3198555158618695,0.28511687168885913,0.32289545117871243,0.369045819454634,0.3300649913975808,0.008568060264864412,0.35494380531179953,0.38314783359746846,0.3522390130739869,0.38585262583528107,0.1664420485175202,0.22371967654986524,0.2438005390835576,0.25603768236854463,0.26814217834875614,0.1664420485175202,0.10017969451931706,0.07789757412398997,0.04851752021563354,0.008180592991913604,0.162848158131177,0.29245283018867924,0.37792003593890383,0.46860961365678344,0.7809411500449235,0.2630609538430755
