nDCG@1,nDCG@1_std,nDCG@1_stderr,nDCG@1_ci90_low,nDCG@1_ci90_high,nDCG@1_ci95_low,nDCG@1_ci95_high,nDCG@3,nDCG@3_std,nDCG@3_stderr,nDCG@3_ci90_low,nDCG@3_ci90_high,nDCG@3_ci95_low,nDCG@3_ci95_high,nDCG@5,nDCG@5_std,nDCG@5_stderr,nDCG@5_ci90_low,nDCG@5_ci90_high,nDCG@5_ci95_low,nDCG@5_ci95_high,nDCG@10,nDCG@10_std,nDCG@10_stderr,nDCG@10_ci90_low,nDCG@10_ci90_high,nDCG@10_ci95_low,nDCG@10_ci95_high,nDCG@100,nDCG@100_std,nDCG@100_stderr,nDCG@100_ci90_low,nDCG@100_ci90_high,nDCG@100_ci95_low,nDCG@100_ci95_high,RR@1,RR@3,RR@5,RR@10,RR@100,P@1,P@3,P@5,P@10,P@100,R@1,R@3,R@5,R@10,R@100,AP
0.15026954177897575,0.35745588279935764,0.009279092377797855,0.1349972528478423,0.1655418307101092,0.13206799975419464,0.16847108380375686,0.2243413010628711,0.375749685035553,0.009753975822326599,0.20828741013036,0.24039519199538217,0.20520824433594687,0.24347435778979531,0.25790385814695005,0.3733835877922297,0.009692554998241369,0.241951058628731,0.2738566576651691,0.23889128235342605,0.27691643394047405,0.2910999588131773,0.363402444348547,0.009433457424228386,0.2755736032671241,0.3066263143592305,0.2725956197296574,0.3096042978966972,0.35243228012050126,0.32651795528896865,0.00847598379528321,0.3384818129598444,0.3663827472811581,0.33580608771181825,0.3690584725291843,0.1495956873315364,0.20833333333333343,0.22672955974842743,0.24044062593590895,0.2520885827034098,0.15026954177897575,0.09523809523809501,0.07371967654986589,0.047371967654986705,0.007877358490565901,0.14734950584007186,0.2772911051212938,0.3577044025157233,0.4592879604672057,0.7523023360287511,0.24915040115194675
