nDCG@1,nDCG@1_std,nDCG@1_stderr,nDCG@1_ci90_low,nDCG@1_ci90_high,nDCG@1_ci95_low,nDCG@1_ci95_high,nDCG@3,nDCG@3_std,nDCG@3_stderr,nDCG@3_ci90_low,nDCG@3_ci90_high,nDCG@3_ci95_low,nDCG@3_ci95_high,nDCG@5,nDCG@5_std,nDCG@5_stderr,nDCG@5_ci90_low,nDCG@5_ci90_high,nDCG@5_ci95_low,nDCG@5_ci95_high,nDCG@10,nDCG@10_std,nDCG@10_stderr,nDCG@10_ci90_low,nDCG@10_ci90_high,nDCG@10_ci95_low,nDCG@10_ci95_high,nDCG@100,nDCG@100_std,nDCG@100_stderr,nDCG@100_ci90_low,nDCG@100_ci90_high,nDCG@100_ci95_low,nDCG@100_ci95_high,RR@1,RR@3,RR@5,RR@10,RR@100,P@1,P@3,P@5,P@10,P@100,R@1,R@3,R@5,R@10,R@100,AP
0.16172506738544473,0.36832252993856635,0.009561176482420771,0.14598850137059682,0.17746163340029264,0.14297019907876327,0.1804799356921262,0.24318709541443437,0.38328369223169184,0.00994954890452205,0.22681131431240759,0.25956287651646115,0.22367040939171676,0.262703781437152,0.2761648578451186,0.378974072617245,0.009837676753468185,0.25997320507641136,0.2923565106138259,0.25686761630855376,0.2954620993816835,0.3072341610926425,0.36884896369164305,0.009574842021752043,0.29147510321581394,0.3229932189694711,0.2884524869435034,0.3260158352417816,0.37187851553203705,0.3274793235841953,0.008500939672776774,0.3578869739477088,0.3858700571163653,0.355203370549711,0.3885536605143631,0.16172506738544473,0.22596585804132968,0.24402515723270402,0.2569037992555511,0.2692167382613978,0.16172506738544473,0.10354896675651391,0.0787061994609172,0.049326145552560714,0.008234501347708752,0.1581311769991015,0.3028975741239892,0.38274932614555257,0.47714510332434856,0.7841419586702605,0.264873784936715
