{
  "nDCG@1": 0.16846361185983827,
  "nDCG@1_std": 0.3744036364187915,
  "nDCG@1_stderr": 0.009719034141238229,
  "nDCG@1_ci90_low": 0.1524672308030342,
  "nDCG@1_ci90_high": 0.18445999291664233,
  "nDCG@1_ci95_low": 0.14939909550850813,
  "nDCG@1_ci95_high": 0.1875281282111684,
  "nDCG@3": 0.2369682331731196,
  "nDCG@3_std": 0.38497195866676587,
  "nDCG@3_stderr": 0.009993374117543318,
  "nDCG@3_ci90_low": 0.2205203209521775,
  "nDCG@3_ci90_high": 0.2534161453940617,
  "nDCG@3_ci95_low": 0.21736558115027246,
  "nDCG@3_ci95_high": 0.2565708851959667,
  "nDCG@5": 0.2711124194619402,
  "nDCG@5_std": 0.3805725320138749,
  "nDCG@5_stderr": 0.009879170691929435,
  "nDCG@5_ci90_low": 0.2548524725766029,
  "nDCG@5_ci90_high": 0.28737236634727753,
  "nDCG@5_ci95_low": 0.2517337848716233,
  "nDCG@5_ci95_high": 0.2904910540522571,
  "nDCG@10": 0.3007261185778925,
  "nDCG@10_std": 0.3715909554437504,
  "nDCG@10_stderr": 0.009646020581096794,
  "nDCG@10_ci90_low": 0.2848499092082503,
  "nDCG@10_ci90_high": 0.3166023279475347,
  "nDCG@10_ci95_low": 0.28180482306424615,
  "nDCG@10_ci95_high": 0.31964741409153885,
  "nDCG@100": 0.3664087825166956,
  "nDCG@100_std": 0.3309543711255562,
  "nDCG@100_stderr": 0.008591147412263403,
  "nDCG@100_ci90_low": 0.35226876965897425,
  "nDCG@100_ci90_high": 0.380548795374417,
  "nDCG@100_ci95_low": 0.3495566891977893,
  "nDCG@100_ci95_high": 0.3832608758356019,
  "RR@1": 0.16778975741239893,
  "RR@3": 0.22270889487870613,
  "RR@5": 0.24184636118598343,
  "RR@10": 0.25386343216531865,
  "RR@100": 0.26614618282308306,
  "P@1": 0.16846361185983827,
  "P@3": 0.09905660377358477,
  "P@5": 0.07654986522911124,
  "P@10": 0.04777628032345029,
  "P@100": 0.008146900269541638,
  "R@1": 0.1641958670260557,
  "R@3": 0.2886343216531896,
  "R@5": 0.37151841868822993,
  "R@10": 0.4615341419586702,
  "R@100": 0.778414195867026,
  "AP": 0.26102128639791017
}