nDCG@1,nDCG@1_std,nDCG@1_stderr,nDCG@1_ci90_low,nDCG@1_ci90_high,nDCG@1_ci95_low,nDCG@1_ci95_high,nDCG@3,nDCG@3_std,nDCG@3_stderr,nDCG@3_ci90_low,nDCG@3_ci90_high,nDCG@3_ci95_low,nDCG@3_ci95_high,nDCG@5,nDCG@5_std,nDCG@5_stderr,nDCG@5_ci90_low,nDCG@5_ci90_high,nDCG@5_ci95_low,nDCG@5_ci95_high,nDCG@10,nDCG@10_std,nDCG@10_stderr,nDCG@10_ci90_low,nDCG@10_ci90_high,nDCG@10_ci95_low,nDCG@10_ci95_high,nDCG@100,nDCG@100_std,nDCG@100_stderr,nDCG@100_ci90_low,nDCG@100_ci90_high,nDCG@100_ci95_low,nDCG@100_ci95_high,RR@1,RR@3,RR@5,RR@10,RR@100,P@1,P@3,P@5,P@10,P@100,R@1,R@3,R@5,R@10,R@100,AP
0.12601078167115903,0.33197338386950576,0.008617599665087477,0.11182723153289767,0.1401943318094204,0.109106800541266,0.1429147628010521,0.19941433575372935,0.35700788436515357,0.009267462917894907,0.1841611875385754,0.2146674839688833,0.181235605669441,0.2175930658380177,0.2282448557768877,0.35683696266492987,0.009263026011630208,0.2129990101848434,0.24349070136893197,0.2100748289722466,0.24641488258152877,0.25970743134511204,0.3497173454698328,0.009078209957882546,0.24476577112562636,0.2746490915645977,0.2418999332267023,0.2775149294635218,0.31788238811937664,0.31868447408946265,0.008272636755305249,0.30426660614358386,0.3314981700951694,0.30165507412930165,0.3341097021094516,0.12533692722371967,0.18317610062893092,0.1990453728661275,0.2118552924314378,0.22227883229307577,0.12601078167115903,0.08602875112309026,0.06603773584905717,0.04312668463611902,0.007351752021563218,0.12353998203054807,0.25168463611859837,0.32109164420485176,0.41818283917340515,0.7029986522911051,0.21965988646544127
