{
  "nDCG@1": 0.15296495956873316,
  "nDCG@1_std": 0.36007505977253396,
  "nDCG@1_stderr": 0.009347082824332333,
  "nDCG@1_ci90_low": 0.1375807664015221,
  "nDCG@1_ci90_high": 0.16834915273594422,
  "nDCG@1_ci95_low": 0.13463004986966937,
  "nDCG@1_ci95_high": 0.17129986926779694,
  "nDCG@3": 0.23902162809862723,
  "nDCG@3_std": 0.3786956701164727,
  "nDCG@3_stderr": 0.009830449784638788,
  "nDCG@3_ci90_low": 0.22284187006612532,
  "nDCG@3_ci90_high": 0.25520138613112914,
  "nDCG@3_ci95_low": 0.2197385627305392,
  "nDCG@3_ci95_high": 0.25830469346671525,
  "nDCG@5": 0.2725530494260667,
  "nDCG@5_std": 0.37489640594365403,
  "nDCG@5_stderr": 0.009731825800746961,
  "nDCG@5_ci90_low": 0.2565356148101458,
  "nDCG@5_ci90_high": 0.28857048404198754,
  "nDCG@5_ci95_low": 0.2534634414042762,
  "nDCG@5_ci95_high": 0.29164265744785717,
  "nDCG@10": 0.3057027146949346,
  "nDCG@10_std": 0.363849190281742,
  "nDCG@10_stderr": 0.009445054370825146,
  "nDCG@10_ci90_low": 0.29015727194595964,
  "nDCG@10_ci90_high": 0.32124815744390955,
  "nDCG@10_ci95_low": 0.28717562744788255,
  "nDCG@10_ci95_high": 0.32422980194198664,
  "nDCG@100": 0.36744341500934047,
  "nDCG@100_std": 0.32393547048371896,
  "nDCG@100_stderr": 0.00840894582996982,
  "nDCG@100_ci90_low": 0.3536032844132889,
  "nDCG@100_ci90_high": 0.381283545605392,
  "nDCG@100_ci95_low": 0.35094872192119736,
  "nDCG@100_ci95_high": 0.3839381080974836,
  "RR@1": 0.15296495956873316,
  "RR@3": 0.22035040431266847,
  "RR@5": 0.23817385444743908,
  "RR@10": 0.252489250417148,
  "RR@100": 0.2640102000522671,
  "P@1": 0.15296495956873316,
  "P@3": 0.10354896675651394,
  "P@5": 0.07870619946091718,
  "P@10": 0.0499326145552561,
  "P@100": 0.008180592991913604,
  "R@1": 0.1497079964061096,
  "R@3": 0.3018867924528302,
  "R@5": 0.3826370170709793,
  "R@10": 0.4832097933513027,
  "R@100": 0.7790880503144653,
  "AP": 0.260262806554753
}