{
  "nDCG@1": 0.12601078167115903,
  "nDCG@1_std": 0.33197338386950576,
  "nDCG@1_stderr": 0.008617599665087477,
  "nDCG@1_ci90_low": 0.11182723153289767,
  "nDCG@1_ci90_high": 0.1401943318094204,
  "nDCG@1_ci95_low": 0.109106800541266,
  "nDCG@1_ci95_high": 0.1429147628010521,
  "nDCG@3": 0.19941433575372935,
  "nDCG@3_std": 0.35700788436515357,
  "nDCG@3_stderr": 0.009267462917894907,
  "nDCG@3_ci90_low": 0.1841611875385754,
  "nDCG@3_ci90_high": 0.2146674839688833,
  "nDCG@3_ci95_low": 0.181235605669441,
  "nDCG@3_ci95_high": 0.2175930658380177,
  "nDCG@5": 0.2282448557768877,
  "nDCG@5_std": 0.35683696266492987,
  "nDCG@5_stderr": 0.009263026011630208,
  "nDCG@5_ci90_low": 0.2129990101848434,
  "nDCG@5_ci90_high": 0.24349070136893197,
  "nDCG@5_ci95_low": 0.2100748289722466,
  "nDCG@5_ci95_high": 0.24641488258152877,
  "nDCG@10": 0.25970743134511204,
  "nDCG@10_std": 0.3497173454698328,
  "nDCG@10_stderr": 0.009078209957882546,
  "nDCG@10_ci90_low": 0.24476577112562636,
  "nDCG@10_ci90_high": 0.2746490915645977,
  "nDCG@10_ci95_low": 0.2418999332267023,
  "nDCG@10_ci95_high": 0.2775149294635218,
  "nDCG@100": 0.31788238811937664,
  "nDCG@100_std": 0.31868447408946265,
  "nDCG@100_stderr": 0.008272636755305249,
  "nDCG@100_ci90_low": 0.30426660614358386,
  "nDCG@100_ci90_high": 0.3314981700951694,
  "nDCG@100_ci95_low": 0.30165507412930165,
  "nDCG@100_ci95_high": 0.3341097021094516,
  "RR@1": 0.12533692722371967,
  "RR@3": 0.18317610062893092,
  "RR@5": 0.1990453728661275,
  "RR@10": 0.2118552924314378,
  "RR@100": 0.22227883229307577,
  "P@1": 0.12601078167115903,
  "P@3": 0.08602875112309026,
  "P@5": 0.06603773584905717,
  "P@10": 0.04312668463611902,
  "P@100": 0.007351752021563218,
  "R@1": 0.12353998203054807,
  "R@3": 0.25168463611859837,
  "R@5": 0.32109164420485176,
  "R@10": 0.41818283917340515,
  "R@100": 0.7029986522911051,
  "AP": 0.21965988646544127
}