{
  "nDCG@1": 0.15026954177897575,
  "nDCG@1_std": 0.35745588279935764,
  "nDCG@1_stderr": 0.009279092377797855,
  "nDCG@1_ci90_low": 0.1349972528478423,
  "nDCG@1_ci90_high": 0.1655418307101092,
  "nDCG@1_ci95_low": 0.13206799975419464,
  "nDCG@1_ci95_high": 0.16847108380375686,
  "nDCG@3": 0.2243413010628711,
  "nDCG@3_std": 0.375749685035553,
  "nDCG@3_stderr": 0.009753975822326599,
  "nDCG@3_ci90_low": 0.20828741013036,
  "nDCG@3_ci90_high": 0.24039519199538217,
  "nDCG@3_ci95_low": 0.20520824433594687,
  "nDCG@3_ci95_high": 0.24347435778979531,
  "nDCG@5": 0.25790385814695005,
  "nDCG@5_std": 0.3733835877922297,
  "nDCG@5_stderr": 0.009692554998241369,
  "nDCG@5_ci90_low": 0.241951058628731,
  "nDCG@5_ci90_high": 0.2738566576651691,
  "nDCG@5_ci95_low": 0.23889128235342605,
  "nDCG@5_ci95_high": 0.27691643394047405,
  "nDCG@10": 0.2910999588131773,
  "nDCG@10_std": 0.363402444348547,
  "nDCG@10_stderr": 0.009433457424228386,
  "nDCG@10_ci90_low": 0.2755736032671241,
  "nDCG@10_ci90_high": 0.3066263143592305,
  "nDCG@10_ci95_low": 0.2725956197296574,
  "nDCG@10_ci95_high": 0.3096042978966972,
  "nDCG@100": 0.35243228012050126,
  "nDCG@100_std": 0.32651795528896865,
  "nDCG@100_stderr": 0.00847598379528321,
  "nDCG@100_ci90_low": 0.3384818129598444,
  "nDCG@100_ci90_high": 0.3663827472811581,
  "nDCG@100_ci95_low": 0.33580608771181825,
  "nDCG@100_ci95_high": 0.3690584725291843,
  "RR@1": 0.1495956873315364,
  "RR@3": 0.20833333333333343,
  "RR@5": 0.22672955974842743,
  "RR@10": 0.24044062593590895,
  "RR@100": 0.2520885827034098,
  "P@1": 0.15026954177897575,
  "P@3": 0.09523809523809501,
  "P@5": 0.07371967654986589,
  "P@10": 0.047371967654986705,
  "P@100": 0.007877358490565901,
  "R@1": 0.14734950584007186,
  "R@3": 0.2772911051212938,
  "R@5": 0.3577044025157233,
  "R@10": 0.4592879604672057,
  "R@100": 0.7523023360287511,
  "AP": 0.24915040115194675
}