{
  "nDCG@1": 0.11657681940700809,
  "nDCG@1_std": 0.3210235340307778,
  "nDCG@1_stderr": 0.008333355726000864,
  "nDCG@1_ci90_low": 0.10286110118461828,
  "nDCG@1_ci90_high": 0.1302925376293979,
  "nDCG@1_ci95_low": 0.10023040121451542,
  "nDCG@1_ci95_high": 0.13292323759950075,
  "nDCG@3": 0.18871689188586654,
  "nDCG@3_std": 0.3487829347482091,
  "nDCG@3_stderr": 0.00905395386413232,
  "nDCG@3_ci90_low": 0.17381515432875036,
  "nDCG@3_ci90_high": 0.20361862944298273,
  "nDCG@3_ci95_low": 0.1709569736698628,
  "nDCG@3_ci95_high": 0.2064768101018703,
  "nDCG@5": 0.21454931579299757,
  "nDCG@5_std": 0.34913501610672026,
  "nDCG@5_stderr": 0.0090630934408111,
  "nDCG@5_ci90_low": 0.19963253557329505,
  "nDCG@5_ci90_high": 0.2294660960127001,
  "nDCG@5_ci95_low": 0.19677146970406892,
  "nDCG@5_ci95_high": 0.23232716188192623,
  "nDCG@10": 0.24309011644571346,
  "nDCG@10_std": 0.3440598527872468,
  "nDCG@10_stderr": 0.008931348765342326,
  "nDCG@10_ci90_low": 0.22839017238486972,
  "nDCG@10_ci90_high": 0.2577900605065572,
  "nDCG@10_ci95_low": 0.22557069608954544,
  "nDCG@10_ci95_high": 0.2606095368018815,
  "nDCG@100": 0.30067817314589795,
  "nDCG@100_std": 0.3160767482928,
  "nDCG@100_stderr": 0.008204943566501916,
  "nDCG@100_ci90_low": 0.28717380615510396,
  "nDCG@100_ci90_high": 0.31418254013669195,
  "nDCG@100_ci95_low": 0.28458364373977035,
  "nDCG@100_ci95_high": 0.31677270255202555,
  "RR@1": 0.11590296495956873,
  "RR@3": 0.1730682839173407,
  "RR@5": 0.18752246181491464,
  "RR@10": 0.19911008428528637,
  "RR@100": 0.20973101289793064,
  "P@1": 0.11657681940700809,
  "P@3": 0.08221024258760065,
  "P@5": 0.06212938005390887,
  "P@10": 0.04016172506738582,
  "P@100": 0.0069946091644203685,
  "R@1": 0.11410601976639713,
  "R@3": 0.2398921832884097,
  "R@5": 0.3022237196765499,
  "R@10": 0.38988095238095233,
  "R@100": 0.6690813117699911,
  "AP": 0.2067658888564675
}