{
  "nDCG@1": 0.706199460916442,
  "nDCG@1_std": 0.4556552305377001,
  "nDCG@1_stderr": 0.011828220432336091,
  "nDCG@1_ci90_low": 0.6867316086062311,
  "nDCG@1_ci90_high": 0.725667313226653,
  "nDCG@1_ci95_low": 0.6829976387433305,
  "nDCG@1_ci95_high": 0.7294012830895535,
  "nDCG@3": 0.7852834682669221,
  "nDCG@3_std": 0.3600447096029891,
  "nDCG@3_stderr": 0.009346294973186387,
  "nDCG@3_ci90_low": 0.7699005718095449,
  "nDCG@3_ci90_high": 0.8006663647242993,
  "nDCG@3_ci95_low": 0.7669501039890222,
  "nDCG@3_ci95_high": 0.803616832544822,
  "nDCG@5": 0.8048994132477085,
  "nDCG@5_std": 0.3284003449566273,
  "nDCG@5_stderr": 0.008524848196340001,
  "nDCG@5_ci90_low": 0.7908685210604433,
  "nDCG@5_ci90_high": 0.8189303054349738,
  "nDCG@5_ci95_low": 0.7881773701444599,
  "nDCG@5_ci95_high": 0.8216214563509572,
  "nDCG@10": 0.8204279053630902,
  "nDCG@10_std": 0.2981989281032559,
  "nDCG@10_stderr": 0.007740858477865802,
  "nDCG@10_ci90_low": 0.8076873675566288,
  "nDCG@10_ci90_high": 0.8331684431695515,
  "nDCG@10_ci95_low": 0.805243708983078,
  "nDCG@10_ci95_high": 0.8356121017431024,
  "nDCG@100": 0.8328050915665268,
  "nDCG@100_std": 0.2696777323080348,
  "nDCG@100_stderr": 0.007000485124833965,
  "nDCG@100_ci90_low": 0.8212831207603757,
  "nDCG@100_ci90_high": 0.844327062372678,
  "nDCG@100_ci95_low": 0.8190731855777043,
  "nDCG@100_ci95_high": 0.8465369975553494,
  "RR@1": 0.706199460916442,
  "RR@3": 0.771787960467206,
  "RR@5": 0.7821653189577725,
  "RR@10": 0.7880979121208233,
  "RR@100": 0.790479416376726,
  "P@1": 0.706199460916442,
  "P@3": 0.29514824797843225,
  "P@5": 0.18760107816711152,
  "P@10": 0.09898921832883852,
  "P@100": 0.010525606469002507,
  "R@1": 0.684467654986523,
  "R@3": 0.8425988319856244,
  "R@5": 0.8892632524707995,
  "R@10": 0.9354222821203952,
  "R@100": 0.9892183288409704,
  "AP": 0.7835377061048577
}