nDCG@1,nDCG@1_std,nDCG@1_stderr,nDCG@1_ci90_low,nDCG@1_ci90_high,nDCG@1_ci95_low,nDCG@1_ci95_high,nDCG@3,nDCG@3_std,nDCG@3_stderr,nDCG@3_ci90_low,nDCG@3_ci90_high,nDCG@3_ci95_low,nDCG@3_ci95_high,nDCG@5,nDCG@5_std,nDCG@5_stderr,nDCG@5_ci90_low,nDCG@5_ci90_high,nDCG@5_ci95_low,nDCG@5_ci95_high,nDCG@10,nDCG@10_std,nDCG@10_stderr,nDCG@10_ci90_low,nDCG@10_ci90_high,nDCG@10_ci95_low,nDCG@10_ci95_high,nDCG@100,nDCG@100_std,nDCG@100_stderr,nDCG@100_ci90_low,nDCG@100_ci90_high,nDCG@100_ci95_low,nDCG@100_ci95_high,RR@1,RR@3,RR@5,RR@10,RR@100,P@1,P@3,P@5,P@10,P@100,R@1,R@3,R@5,R@10,R@100,AP
0.6772237196765498,0.46769557570507125,0.012140772219688603,0.6572414440792282,0.6972059952738714,0.6534088068841415,0.7010386324689581,0.7592391433878182,0.3781069219925361,0.009815166644838485,0.7430845395964103,0.775393747179226,0.7399860568905098,0.7784922298851266,0.7794677565724092,0.34768657374876666,0.009025493750639234,0.7646128609970928,0.7943226521477256,0.761763664716429,0.7971718484283894,0.7972317111579325,0.31701482035856826,0.008229294704010487,0.7836872650739803,0.8107761572418846,0.7810894154148974,0.8133740069009675,0.8126037586549648,0.28424937706737896,0.0073787461755670525,0.8004592148833788,0.8247483024265508,0.7981298690613955,0.8270776482485341,0.6772237196765498,0.7452830188679253,0.7559973045822115,0.7627361164591628,0.7658839639213979,0.6772237196765498,0.2870619946091605,0.18261455525606055,0.09723719676549632,0.010485175202156147,0.6568396226415094,0.8177785265049415,0.8668014375561545,0.9195867026055704,0.9852875112309074,0.7589073322688882
