nDCG@1,nDCG@1_std,nDCG@1_stderr,nDCG@1_ci90_low,nDCG@1_ci90_high,nDCG@1_ci95_low,nDCG@1_ci95_high,nDCG@3,nDCG@3_std,nDCG@3_stderr,nDCG@3_ci90_low,nDCG@3_ci90_high,nDCG@3_ci95_low,nDCG@3_ci95_high,nDCG@5,nDCG@5_std,nDCG@5_stderr,nDCG@5_ci90_low,nDCG@5_ci90_high,nDCG@5_ci95_low,nDCG@5_ci95_high,nDCG@10,nDCG@10_std,nDCG@10_stderr,nDCG@10_ci90_low,nDCG@10_ci90_high,nDCG@10_ci95_low,nDCG@10_ci95_high,nDCG@100,nDCG@100_std,nDCG@100_stderr,nDCG@100_ci90_low,nDCG@100_ci90_high,nDCG@100_ci95_low,nDCG@100_ci95_high,RR@1,RR@3,RR@5,RR@10,RR@100,P@1,P@3,P@5,P@10,P@100,R@1,R@3,R@5,R@10,R@100,AP
0.6913746630727763,0.462081832015697,0.01199504669442645,0.6716322344600337,0.7111170916855188,0.6678456003575252,0.7149037257880274,0.7633729499447872,0.381227495603511,0.009896172699575058,0.7470850197651144,0.77966088012446,0.7439609648128367,0.7827849350767377,0.786569222211158,0.34614839238264355,0.008985564551885285,0.771780045375922,0.8013583990463939,0.7689434540704233,0.8041949903518927,0.8053539870760886,0.3114521746903181,0.008084895617285643,0.7920472048157159,0.8186607693364614,0.7894949395149179,0.8212130346372594,0.8193213400346444,0.2807112259673539,0.0072869003493167455,0.8073279636335837,0.8313147164357051,0.8050276119911741,0.8336150680781147,0.6913746630727763,0.7512353998203058,0.7636006289308186,0.7708314615154241,0.7736423934984715,0.6913746630727763,0.2861635220125747,0.18369272237196355,0.09811320754716743,0.01051212938005372,0.6698674752920035,0.815532345013477,0.8713499550763703,0.9282906558849955,0.988825247079964,0.7669626583201284
