nDCG@1,nDCG@1_std,nDCG@1_stderr,nDCG@1_ci90_low,nDCG@1_ci90_high,nDCG@1_ci95_low,nDCG@1_ci95_high,nDCG@3,nDCG@3_std,nDCG@3_stderr,nDCG@3_ci90_low,nDCG@3_ci90_high,nDCG@3_ci95_low,nDCG@3_ci95_high,nDCG@5,nDCG@5_std,nDCG@5_stderr,nDCG@5_ci90_low,nDCG@5_ci90_high,nDCG@5_ci95_low,nDCG@5_ci95_high,nDCG@10,nDCG@10_std,nDCG@10_stderr,nDCG@10_ci90_low,nDCG@10_ci90_high,nDCG@10_ci95_low,nDCG@10_ci95_high,nDCG@100,nDCG@100_std,nDCG@100_stderr,nDCG@100_ci90_low,nDCG@100_ci90_high,nDCG@100_ci95_low,nDCG@100_ci95_high,RR@1,RR@3,RR@5,RR@10,RR@100,P@1,P@3,P@5,P@10,P@100,R@1,R@3,R@5,R@10,R@100,AP
0.5916442048517521,0.4916952853492025,0.0127637736404072,0.5706365425771207,0.6126518671263834,0.5666072343322496,0.6166811753712546,0.6747450240917559,0.42192713926232145,0.010952682807328796,0.6567182031922445,0.6927718449912672,0.6532606258031158,0.6962294223803959,0.6932833541255611,0.4018898305290047,0.010432540189216494,0.6761126264758824,0.7104540817752397,0.6728192493459181,0.7137474589052041,0.7162244969276984,0.37247733213495565,0.00966902977354541,0.7003104171478005,0.7321385767075963,0.6972580673894881,0.7351909264659087,0.7386388647796054,0.3356181812865642,0.008712213891789762,0.7242995908109994,0.7529781387482114,0.721549291702424,0.7557284378567868,0.5916442048517521,0.6622866127583115,0.6720238095238107,0.6805619732169604,0.6847334733360231,0.5916442048517521,0.2560646900269515,0.16361185983827167,0.08955525606468806,0.010087601078166936,0.5753032345013477,0.7332659478885893,0.777234950584007,0.8467542677448339,0.9483378256963162,0.6762585016619103
