nDCG@1,nDCG@1_std,nDCG@1_stderr,nDCG@1_ci90_low,nDCG@1_ci90_high,nDCG@1_ci95_low,nDCG@1_ci95_high,nDCG@3,nDCG@3_std,nDCG@3_stderr,nDCG@3_ci90_low,nDCG@3_ci90_high,nDCG@3_ci95_low,nDCG@3_ci95_high,nDCG@5,nDCG@5_std,nDCG@5_stderr,nDCG@5_ci90_low,nDCG@5_ci90_high,nDCG@5_ci95_low,nDCG@5_ci95_high,nDCG@10,nDCG@10_std,nDCG@10_stderr,nDCG@10_ci90_low,nDCG@10_ci90_high,nDCG@10_ci95_low,nDCG@10_ci95_high,nDCG@100,nDCG@100_std,nDCG@100_stderr,nDCG@100_ci90_low,nDCG@100_ci90_high,nDCG@100_ci95_low,nDCG@100_ci95_high,RR@1,RR@3,RR@5,RR@10,RR@100,P@1,P@3,P@5,P@10,P@100,R@1,R@3,R@5,R@10,R@100,AP
0.5902964959568733,0.49194473478031125,0.012770249024996539,0.5692781759648314,0.6113148159489151,0.5652468235501678,0.6153461683635788,0.6770312702243126,0.41870409769234845,0.010869016816910479,0.6591421536526981,0.6949203867959272,0.6557109882068165,0.6983515522418088,0.6932638808131568,0.4017224580693555,0.01042819541664646,0.67610030414542,0.7104274574808936,0.6728082985869385,0.7137194630393752,0.717543460355912,0.3704428927538315,0.009616218358590806,0.7017163019208192,0.7333706187910047,0.6986806238362371,0.7364062968755869,0.7403127479044034,0.33243766450825046,0.008629651789960613,0.7261093613935958,0.7545161344152109,0.7233851257492425,0.7572403700595642,0.5902964959568733,0.6637466307277635,0.672001347708896,0.68118020793223,0.685481301088462,0.5902964959568733,0.25786163522012295,0.16361185983827167,0.08989218328840773,0.01013477088948769,0.573955525606469,0.7386567834681042,0.7767857142857143,0.849786612758311,0.9530548068283917,0.6770325317138106
