{
  "nDCG@1": 0.7661725067385444,
  "nDCG@1_std": 0.423406424803942,
  "nDCG@1_stderr": 0.010991083146655544,
  "nDCG@1_ci90_low": 0.7480824834208035,
  "nDCG@1_ci90_high": 0.7842625300562853,
  "nDCG@1_ci95_low": 0.7446127836916668,
  "nDCG@1_ci95_high": 0.787732229785422,
  "nDCG@3": 0.831967033359679,
  "nDCG@3_std": 0.3263996835976858,
  "nDCG@3_stderr": 0.008472913615152176,
  "nDCG@3_ci90_low": 0.818021619352512,
  "nDCG@3_ci90_high": 0.845912447366846,
  "nDCG@3_ci95_low": 0.815346863308615,
  "nDCG@3_ci95_high": 0.848587203410743,
  "nDCG@5": 0.8489915694985488,
  "nDCG@5_std": 0.29462864447794906,
  "nDCG@5_stderr": 0.007648178532819951,
  "nDCG@5_ci90_low": 0.8364035719235274,
  "nDCG@5_ci90_high": 0.8615795670735702,
  "nDCG@5_ci95_low": 0.8339891708467975,
  "nDCG@5_ci95_high": 0.8639939681503002,
  "nDCG@10": 0.8609957487685096,
  "nDCG@10_std": 0.2673492527596588,
  "nDCG@10_stderr": 0.006940040807454185,
  "nDCG@10_ci90_low": 0.8495732621620716,
  "nDCG@10_ci90_high": 0.8724182353749476,
  "nDCG@10_ci95_low": 0.8473824082317973,
  "nDCG@10_ci95_high": 0.8746090893052219,
  "nDCG@100": 0.8697088231634224,
  "nDCG@100_std": 0.24306428121574833,
  "nDCG@100_stderr": 0.006309634356780036,
  "nDCG@100_ci90_low": 0.8593239110380599,
  "nDCG@100_ci90_high": 0.8800937352887848,
  "nDCG@100_ci95_low": 0.8573320658007384,
  "nDCG@100_ci95_high": 0.8820855805261063,
  "RR@1": 0.7661725067385444,
  "RR@3": 0.8213162623539978,
  "RR@5": 0.8297057502246182,
  "RR@10": 0.8343138985153807,
  "RR@100": 0.8361382213721469,
  "P@1": 0.7661725067385444,
  "P@3": 0.3088499550763651,
  "P@5": 0.19460916442048054,
  "P@10": 0.10134770889487618,
  "P@100": 0.010566037735848867,
  "R@1": 0.7423068283917341,
  "R@3": 0.880222371967655,
  "R@5": 0.9209344115004491,
  "R@10": 0.9560309973045822,
  "R@100": 0.9932614555256065,
  "AP": 0.8299342169171849
}