nDCG@1,nDCG@1_std,nDCG@1_stderr,nDCG@1_ci90_low,nDCG@1_ci90_high,nDCG@1_ci95_low,nDCG@1_ci95_high,nDCG@3,nDCG@3_std,nDCG@3_stderr,nDCG@3_ci90_low,nDCG@3_ci90_high,nDCG@3_ci95_low,nDCG@3_ci95_high,nDCG@5,nDCG@5_std,nDCG@5_stderr,nDCG@5_ci90_low,nDCG@5_ci90_high,nDCG@5_ci95_low,nDCG@5_ci95_high,nDCG@10,nDCG@10_std,nDCG@10_stderr,nDCG@10_ci90_low,nDCG@10_ci90_high,nDCG@10_ci95_low,nDCG@10_ci95_high,nDCG@100,nDCG@100_std,nDCG@100_stderr,nDCG@100_ci90_low,nDCG@100_ci90_high,nDCG@100_ci95_low,nDCG@100_ci95_high,RR@1,RR@3,RR@5,RR@10,RR@100,P@1,P@3,P@5,P@10,P@100,R@1,R@3,R@5,R@10,R@100,AP
0.692722371967655,0.4615209848227128,0.011980487826706122,0.6730039055297978,0.7124408384055121,0.6692218674164845,0.7162228765188254,0.7699530162944537,0.3739966278211208,0.009708468724474716,0.7539740246644298,0.7859320079244776,0.750909224693929,0.7889968078949784,0.7922413883812847,0.3400236697923619,0.008826574675264598,0.7777138900846401,0.8067688866779292,0.7749274892039144,0.8095552875586549,0.8101442512566026,0.3058727668844483,0.007940061407148634,0.7970758489814984,0.8232126535317068,0.794569305400114,0.8257191971130913,0.8233105634474436,0.2760813585193446,0.007166714978717736,0.811514997956152,0.8351061289387351,0.8092525868098926,0.8373685400849945,0.692722371967655,0.7561769991015279,0.7678346810422292,0.7748192358704495,0.7774807051551267,0.692722371967655,0.28953279424977135,0.18544474393530574,0.09871967654986281,0.010525606469002507,0.6722259658580413,0.8257524707996405,0.8789869721473494,0.9333445642407906,0.9901729559748427,0.7714880963190007
