{
  "nDCG@1": 0.5916442048517521,
  "nDCG@1_std": 0.4916952853492025,
  "nDCG@1_stderr": 0.0127637736404072,
  "nDCG@1_ci90_low": 0.5706365425771207,
  "nDCG@1_ci90_high": 0.6126518671263834,
  "nDCG@1_ci95_low": 0.5666072343322496,
  "nDCG@1_ci95_high": 0.6166811753712546,
  "nDCG@3": 0.6747450240917559,
  "nDCG@3_std": 0.42192713926232145,
  "nDCG@3_stderr": 0.010952682807328796,
  "nDCG@3_ci90_low": 0.6567182031922445,
  "nDCG@3_ci90_high": 0.6927718449912672,
  "nDCG@3_ci95_low": 0.6532606258031158,
  "nDCG@3_ci95_high": 0.6962294223803959,
  "nDCG@5": 0.6932833541255611,
  "nDCG@5_std": 0.4018898305290047,
  "nDCG@5_stderr": 0.010432540189216494,
  "nDCG@5_ci90_low": 0.6761126264758824,
  "nDCG@5_ci90_high": 0.7104540817752397,
  "nDCG@5_ci95_low": 0.6728192493459181,
  "nDCG@5_ci95_high": 0.7137474589052041,
  "nDCG@10": 0.7162244969276984,
  "nDCG@10_std": 0.37247733213495565,
  "nDCG@10_stderr": 0.00966902977354541,
  "nDCG@10_ci90_low": 0.7003104171478005,
  "nDCG@10_ci90_high": 0.7321385767075963,
  "nDCG@10_ci95_low": 0.6972580673894881,
  "nDCG@10_ci95_high": 0.7351909264659087,
  "nDCG@100": 0.7386388647796054,
  "nDCG@100_std": 0.3356181812865642,
  "nDCG@100_stderr": 0.008712213891789762,
  "nDCG@100_ci90_low": 0.7242995908109994,
  "nDCG@100_ci90_high": 0.7529781387482114,
  "nDCG@100_ci95_low": 0.721549291702424,
  "nDCG@100_ci95_high": 0.7557284378567868,
  "RR@1": 0.5916442048517521,
  "RR@3": 0.6622866127583115,
  "RR@5": 0.6720238095238107,
  "RR@10": 0.6805619732169604,
  "RR@100": 0.6847334733360231,
  "P@1": 0.5916442048517521,
  "P@3": 0.2560646900269515,
  "P@5": 0.16361185983827167,
  "P@10": 0.08955525606468806,
  "P@100": 0.010087601078166936,
  "R@1": 0.5753032345013477,
  "R@3": 0.7332659478885893,
  "R@5": 0.777234950584007,
  "R@10": 0.8467542677448339,
  "R@100": 0.9483378256963162,
  "AP": 0.6762585016619103
}