nDCG@1,nDCG@1_std,nDCG@1_stderr,nDCG@1_ci90_low,nDCG@1_ci90_high,nDCG@1_ci95_low,nDCG@1_ci95_high,nDCG@3,nDCG@3_std,nDCG@3_stderr,nDCG@3_ci90_low,nDCG@3_ci90_high,nDCG@3_ci95_low,nDCG@3_ci95_high,nDCG@5,nDCG@5_std,nDCG@5_stderr,nDCG@5_ci90_low,nDCG@5_ci90_high,nDCG@5_ci95_low,nDCG@5_ci95_high,nDCG@10,nDCG@10_std,nDCG@10_stderr,nDCG@10_ci90_low,nDCG@10_ci90_high,nDCG@10_ci95_low,nDCG@10_ci95_high,nDCG@100,nDCG@100_std,nDCG@100_stderr,nDCG@100_ci90_low,nDCG@100_ci90_high,nDCG@100_ci95_low,nDCG@100_ci95_high,RR@1,RR@3,RR@5,RR@10,RR@100,P@1,P@3,P@5,P@10,P@100,R@1,R@3,R@5,R@10,R@100,AP
0.6388140161725068,0.48050624620524407,0.012473320656328425,0.6182844051676715,0.6593436271773421,0.6143467880351992,0.6632812443098144,0.7225258824341396,0.39948915497461,0.010370221756900042,0.705457723555772,0.7395940413125073,0.7021840193047081,0.7428677455635712,0.7419348132816664,0.3750322584751374,0.009735352356750236,0.7259115743715301,0.7579580521918028,0.7228382876913593,0.7610313388719736,0.7596358057435518,0.348304076659863,0.009041523327522259,0.744754527379959,0.7745170841071447,0.7419002708320014,0.7773713406551023,0.7813118943222827,0.3068363930656418,0.007965075896441506,0.7682023211554154,0.7944214674891499,0.765687880921302,0.7969359077232633,0.6388140161725068,0.7085579514824804,0.7184973045822115,0.7252088413981951,0.7294869208201116,0.6388140161725068,0.27380952380952034,0.17479784366576454,0.0933288409703483,0.010417789757412213,0.6204514824797843,0.7824573225516621,0.8286725067385444,0.8816262353998204,0.9792228212039532,0.7222780013119581
