{
  "nDCG@1": 0.6583557951482479,
  "nDCG@1_std": 0.4744208153178485,
  "nDCG@1_stderr": 0.012315350741494086,
  "nDCG@1_ci90_low": 0.6380861839454998,
  "nDCG@1_ci90_high": 0.6786254063509961,
  "nDCG@1_ci95_low": 0.6341984352530529,
  "nDCG@1_ci95_high": 0.682513155043443,
  "nDCG@3": 0.7379566378847091,
  "nDCG@3_std": 0.3923837376318847,
  "nDCG@3_stderr": 0.010185774312953616,
  "nDCG@3_ci90_low": 0.7211920576907502,
  "nDCG@3_ci90_high": 0.754721218078668,
  "nDCG@3_ci95_low": 0.7179765803894566,
  "nDCG@3_ci95_high": 0.7579366953799617,
  "nDCG@5": 0.754917117044336,
  "nDCG@5_std": 0.36986238289606277,
  "nDCG@5_stderr": 0.009601149073524705,
  "nDCG@5_ci90_low": 0.73911476087073,
  "nDCG@5_ci90_high": 0.7707194732179419,
  "nDCG@5_ci95_low": 0.7360838399054977,
  "nDCG@5_ci95_high": 0.7737503941831742,
  "nDCG@10": 0.7742054463029978,
  "nDCG@10_std": 0.3391374485884895,
  "nDCG@10_stderr": 0.008803569519066032,
  "nDCG@10_ci90_low": 0.7597158117734185,
  "nDCG@10_ci90_high": 0.7886950808325771,
  "nDCG@10_ci95_low": 0.7569366732328249,
  "nDCG@10_ci95_high": 0.7914742193731708,
  "nDCG@100": 0.7941953129951345,
  "nDCG@100_std": 0.2993406713931019,
  "nDCG@100_stderr": 0.00777049665691952,
  "nDCG@100_ci90_low": 0.7814059942502504,
  "nDCG@100_ci90_high": 0.8069846317400186,
  "nDCG@100_ci95_low": 0.7789529794030308,
  "nDCG@100_ci95_high": 0.8094376465872382,
  "RR@1": 0.6583557951482479,
  "RR@3": 0.724842767295598,
  "RR@5": 0.7339061096136574,
  "RR@10": 0.7411444294699012,
  "RR@100": 0.7450135354095364,
  "P@1": 0.6583557951482479,
  "P@3": 0.27852650494159564,
  "P@5": 0.17614555256064313,
  "P@10": 0.09454177897573905,
  "P@100": 0.010464959568732966,
  "R@1": 0.6383086253369272,
  "R@3": 0.7955974842767295,
  "R@5": 0.8357479784366577,
  "R@10": 0.8940925426774484,
  "R@100": 0.9836028751123089,
  "AP": 0.7372889837227813
}