{
  "nDCG@1": 0.6913746630727763,
  "nDCG@1_std": 0.462081832015697,
  "nDCG@1_stderr": 0.01199504669442645,
  "nDCG@1_ci90_low": 0.6716322344600337,
  "nDCG@1_ci90_high": 0.7111170916855188,
  "nDCG@1_ci95_low": 0.6678456003575252,
  "nDCG@1_ci95_high": 0.7149037257880274,
  "nDCG@3": 0.7633729499447872,
  "nDCG@3_std": 0.381227495603511,
  "nDCG@3_stderr": 0.009896172699575058,
  "nDCG@3_ci90_low": 0.7470850197651144,
  "nDCG@3_ci90_high": 0.77966088012446,
  "nDCG@3_ci95_low": 0.7439609648128367,
  "nDCG@3_ci95_high": 0.7827849350767377,
  "nDCG@5": 0.786569222211158,
  "nDCG@5_std": 0.34614839238264355,
  "nDCG@5_stderr": 0.008985564551885285,
  "nDCG@5_ci90_low": 0.771780045375922,
  "nDCG@5_ci90_high": 0.8013583990463939,
  "nDCG@5_ci95_low": 0.7689434540704233,
  "nDCG@5_ci95_high": 0.8041949903518927,
  "nDCG@10": 0.8053539870760886,
  "nDCG@10_std": 0.3114521746903181,
  "nDCG@10_stderr": 0.008084895617285643,
  "nDCG@10_ci90_low": 0.7920472048157159,
  "nDCG@10_ci90_high": 0.8186607693364614,
  "nDCG@10_ci95_low": 0.7894949395149179,
  "nDCG@10_ci95_high": 0.8212130346372594,
  "nDCG@100": 0.8193213400346444,
  "nDCG@100_std": 0.2807112259673539,
  "nDCG@100_stderr": 0.0072869003493167455,
  "nDCG@100_ci90_low": 0.8073279636335837,
  "nDCG@100_ci90_high": 0.8313147164357051,
  "nDCG@100_ci95_low": 0.8050276119911741,
  "nDCG@100_ci95_high": 0.8336150680781147,
  "RR@1": 0.6913746630727763,
  "RR@3": 0.7512353998203058,
  "RR@5": 0.7636006289308186,
  "RR@10": 0.7708314615154241,
  "RR@100": 0.7736423934984715,
  "P@1": 0.6913746630727763,
  "P@3": 0.2861635220125747,
  "P@5": 0.18369272237196355,
  "P@10": 0.09811320754716743,
  "P@100": 0.01051212938005372,
  "R@1": 0.6698674752920035,
  "R@3": 0.815532345013477,
  "R@5": 0.8713499550763703,
  "R@10": 0.9282906558849955,
  "R@100": 0.988825247079964,
  "AP": 0.7669626583201284
}