nDCG@1,nDCG@1_std,nDCG@1_stderr,nDCG@1_ci90_low,nDCG@1_ci90_high,nDCG@1_ci95_low,nDCG@1_ci95_high,nDCG@3,nDCG@3_std,nDCG@3_stderr,nDCG@3_ci90_low,nDCG@3_ci90_high,nDCG@3_ci95_low,nDCG@3_ci95_high,nDCG@5,nDCG@5_std,nDCG@5_stderr,nDCG@5_ci90_low,nDCG@5_ci90_high,nDCG@5_ci95_low,nDCG@5_ci95_high,nDCG@10,nDCG@10_std,nDCG@10_stderr,nDCG@10_ci90_low,nDCG@10_ci90_high,nDCG@10_ci95_low,nDCG@10_ci95_high,nDCG@100,nDCG@100_std,nDCG@100_stderr,nDCG@100_ci90_low,nDCG@100_ci90_high,nDCG@100_ci95_low,nDCG@100_ci95_high,RR@1,RR@3,RR@5,RR@10,RR@100,P@1,P@3,P@5,P@10,P@100,R@1,R@3,R@5,R@10,R@100,AP
0.7028301886792453,0.45716599900439064,0.011867438027677094,0.6832977888440345,0.7223625885144561,0.6795514386471745,0.7261089387113161,0.7740508072006208,0.37502429802112314,0.009735145713660217,0.758027908400578,0.7900737060006636,0.7549546869541484,0.7931469274470933,0.7922710474379258,0.3472896296639661,0.009015189595612214,0.7774331112834618,0.8071089835923897,0.7745871678508958,0.8099549270249558,0.810130028347647,0.31458237262606664,0.008166151507045069,0.7966895085001012,0.8235705481951928,0.7941115920842196,0.8261484646110745,0.8256311087983387,0.2796371169938203,0.007259017869635095,0.8136836236621213,0.837578593934556,0.8113920740486753,0.839870143548002,0.7028301886792453,0.7620170709793356,0.771147798742139,0.7780957194198435,0.7811887640852571,0.7028301886792453,0.289083557951478,0.1832884097034999,0.09770889487870382,0.010525606469002505,0.6827830188679245,0.8240116801437556,0.868598382749326,0.922282120395328,0.9904537286612759,0.7755650888953355
