{
  "nDCG@1": 0.706199460916442,
  "nDCG@1_std": 0.4556552305377001,
  "nDCG@1_stderr": 0.011828220432336091,
  "nDCG@1_ci90_low": 0.6867316086062311,
  "nDCG@1_ci90_high": 0.725667313226653,
  "nDCG@1_ci95_low": 0.6829976387433305,
  "nDCG@1_ci95_high": 0.7294012830895535,
  "nDCG@3": 0.7782062855642425,
  "nDCG@3_std": 0.37164509676930085,
  "nDCG@3_stderr": 0.009647426019880749,
  "nDCG@3_ci90_low": 0.7623277630085354,
  "nDCG@3_ci90_high": 0.7940848081199496,
  "nDCG@3_ci95_low": 0.7592822331911914,
  "nDCG@3_ci95_high": 0.7971303379372937,
  "nDCG@5": 0.7971390754655583,
  "nDCG@5_std": 0.3428578315110991,
  "nDCG@5_stderr": 0.008900145847728816,
  "nDCG@5_ci90_low": 0.7824904877177984,
  "nDCG@5_ci90_high": 0.8117876632133182,
  "nDCG@5_ci95_low": 0.7796808616577373,
  "nDCG@5_ci95_high": 0.8145972892733793,
  "nDCG@10": 0.8152945723015694,
  "nDCG@10_std": 0.3093088496336753,
  "nDCG@10_stderr": 0.008029257671029206,
  "nDCG@10_ci90_low": 0.8020793635223268,
  "nDCG@10_ci90_high": 0.8285097810808121,
  "nDCG@10_ci95_low": 0.7995446621835588,
  "nDCG@10_ci95_high": 0.8310444824195801,
  "nDCG@100": 0.8292626164894057,
  "nDCG@100_std": 0.2768371963766051,
  "nDCG@100_stderr": 0.00718633555187835,
  "nDCG@100_ci90_low": 0.8174347578545498,
  "nDCG@100_ci90_high": 0.8410904751242616,
  "nDCG@100_ci95_low": 0.8151661528239869,
  "nDCG@100_ci95_high": 0.8433590801548245,
  "RR@1": 0.706199460916442,
  "RR@3": 0.7657232704402521,
  "RR@5": 0.7753256963162632,
  "RR@10": 0.7822629208916274,
  "RR@100": 0.785046697945629,
  "P@1": 0.706199460916442,
  "P@3": 0.2904312668463566,
  "P@5": 0.18463611859837858,
  "P@10": 0.09845013477088708,
  "P@100": 0.010532345013476899,
  "R@1": 0.6875,
  "R@3": 0.8288409703504043,
  "R@5": 0.8741015274034141,
  "R@10": 0.9278414195867026,
  "R@100": 0.9904537286612759,
  "AP": 0.7801356858767555
}