{
  "nDCG@1": 0.7028301886792453,
  "nDCG@1_std": 0.45716599900439064,
  "nDCG@1_stderr": 0.011867438027677094,
  "nDCG@1_ci90_low": 0.6832977888440345,
  "nDCG@1_ci90_high": 0.7223625885144561,
  "nDCG@1_ci95_low": 0.6795514386471745,
  "nDCG@1_ci95_high": 0.7261089387113161,
  "nDCG@3": 0.7740508072006208,
  "nDCG@3_std": 0.37502429802112314,
  "nDCG@3_stderr": 0.009735145713660217,
  "nDCG@3_ci90_low": 0.758027908400578,
  "nDCG@3_ci90_high": 0.7900737060006636,
  "nDCG@3_ci95_low": 0.7549546869541484,
  "nDCG@3_ci95_high": 0.7931469274470933,
  "nDCG@5": 0.7922710474379258,
  "nDCG@5_std": 0.3472896296639661,
  "nDCG@5_stderr": 0.009015189595612214,
  "nDCG@5_ci90_low": 0.7774331112834618,
  "nDCG@5_ci90_high": 0.8071089835923897,
  "nDCG@5_ci95_low": 0.7745871678508958,
  "nDCG@5_ci95_high": 0.8099549270249558,
  "nDCG@10": 0.810130028347647,
  "nDCG@10_std": 0.31458237262606664,
  "nDCG@10_stderr": 0.008166151507045069,
  "nDCG@10_ci90_low": 0.7966895085001012,
  "nDCG@10_ci90_high": 0.8235705481951928,
  "nDCG@10_ci95_low": 0.7941115920842196,
  "nDCG@10_ci95_high": 0.8261484646110745,
  "nDCG@100": 0.8256311087983387,
  "nDCG@100_std": 0.2796371169938203,
  "nDCG@100_stderr": 0.007259017869635095,
  "nDCG@100_ci90_low": 0.8136836236621213,
  "nDCG@100_ci90_high": 0.837578593934556,
  "nDCG@100_ci95_low": 0.8113920740486753,
  "nDCG@100_ci95_high": 0.839870143548002,
  "RR@1": 0.7028301886792453,
  "RR@3": 0.7620170709793356,
  "RR@5": 0.771147798742139,
  "RR@10": 0.7780957194198435,
  "RR@100": 0.7811887640852571,
  "P@1": 0.7028301886792453,
  "P@3": 0.289083557951478,
  "P@5": 0.1832884097034999,
  "P@10": 0.09770889487870382,
  "P@100": 0.010525606469002505,
  "R@1": 0.6827830188679245,
  "R@3": 0.8240116801437556,
  "R@5": 0.868598382749326,
  "R@10": 0.922282120395328,
  "R@100": 0.9904537286612759,
  "AP": 0.7755650888953355
}