{
  "nDCG@1": 0.5902964959568733,
  "nDCG@1_std": 0.49194473478031125,
  "nDCG@1_stderr": 0.012770249024996539,
  "nDCG@1_ci90_low": 0.5692781759648314,
  "nDCG@1_ci90_high": 0.6113148159489151,
  "nDCG@1_ci95_low": 0.5652468235501678,
  "nDCG@1_ci95_high": 0.6153461683635788,
  "nDCG@3": 0.6707167553431342,
  "nDCG@3_std": 0.42453810802707637,
  "nDCG@3_stderr": 0.011020460179389293,
  "nDCG@3_ci90_low": 0.6525783809029363,
  "nDCG@3_ci90_high": 0.6888551297833322,
  "nDCG@3_ci95_low": 0.6490994073396235,
  "nDCG@3_ci95_high": 0.692334103346645,
  "nDCG@5": 0.6880320800775128,
  "nDCG@5_std": 0.40613551891937744,
  "nDCG@5_stderr": 0.010542752768383153,
  "nDCG@5_ci90_low": 0.6706799555536198,
  "nDCG@5_ci90_high": 0.7053842046014058,
  "nDCG@5_ci95_low": 0.6673517861697003,
  "nDCG@5_ci95_high": 0.7087123739853254,
  "nDCG@10": 0.7132084262240566,
  "nDCG@10_std": 0.3744277931133715,
  "nDCG@10_stderr": 0.009719661217784835,
  "nDCG@10_ci90_low": 0.6972110130733998,
  "nDCG@10_ci90_high": 0.7292058393747133,
  "nDCG@10_ci95_low": 0.6941426798213753,
  "nDCG@10_ci95_high": 0.7322741726267378,
  "nDCG@100": 0.7369142141364227,
  "nDCG@100_std": 0.3356834981032939,
  "nDCG@100_stderr": 0.008713909431870155,
  "nDCG@100_ci90_low": 0.7225721495093181,
  "nDCG@100_ci90_high": 0.7512562787635272,
  "nDCG@100_ci95_low": 0.7198213151473125,
  "nDCG@100_ci95_high": 0.7540071131255328,
  "RR@1": 0.5902964959568733,
  "RR@3": 0.6589173405211146,
  "RR@5": 0.6681154537286621,
  "RR@10": 0.677534976254653,
  "RR@100": 0.6820293774373007,
  "P@1": 0.5902964959568733,
  "P@3": 0.25426774483378,
  "P@5": 0.16172506738544154,
  "P@10": 0.08935309973045627,
  "P@100": 0.010128032345013296,
  "R@1": 0.573955525606469,
  "R@3": 0.7278751123090744,
  "R@5": 0.7690363881401617,
  "R@10": 0.8438903863432167,
  "R@100": 0.9517070979335132,
  "AP": 0.673353491584148
}