nDCG@1,nDCG@1_std,nDCG@1_stderr,nDCG@1_ci90_low,nDCG@1_ci90_high,nDCG@1_ci95_low,nDCG@1_ci95_high,nDCG@3,nDCG@3_std,nDCG@3_stderr,nDCG@3_ci90_low,nDCG@3_ci90_high,nDCG@3_ci95_low,nDCG@3_ci95_high,nDCG@5,nDCG@5_std,nDCG@5_stderr,nDCG@5_ci90_low,nDCG@5_ci90_high,nDCG@5_ci95_low,nDCG@5_ci95_high,nDCG@10,nDCG@10_std,nDCG@10_stderr,nDCG@10_ci90_low,nDCG@10_ci90_high,nDCG@10_ci95_low,nDCG@10_ci95_high,nDCG@100,nDCG@100_std,nDCG@100_stderr,nDCG@100_ci90_low,nDCG@100_ci90_high,nDCG@100_ci95_low,nDCG@100_ci95_high,RR@1,RR@3,RR@5,RR@10,RR@100,P@1,P@3,P@5,P@10,P@100,R@1,R@3,R@5,R@10,R@100,AP
0.5747978436657682,0.4945402786669027,0.012837625987170719,0.5536686291603699,0.5959270581711666,0.5496160069741753,0.5999796803573612,0.6522478370939282,0.432973316836384,0.01123942728983272,0.6337490686797346,0.6707466055081218,0.6302009708896592,0.6742947032981972,0.6707521070793463,0.4147256057443813,0.010765740311792128,0.6530329714241563,0.6884712427345363,0.6496344086305387,0.6918698055281539,0.6958122860241243,0.38440721364405855,0.009978714067204898,0.6793885025126936,0.712236069535555,0.6762383906416312,0.7153861814066174,0.7201708492917825,0.3471093756352701,0.009010510434170971,0.7053406144838056,0.7350010840997595,0.7024961481836539,0.7378455503999112,0.5747978436657682,0.6412848158131181,0.6511230907457329,0.6606009070294785,0.6648807091052997,0.5747978436657682,0.24618149146450813,0.1578167115902935,0.08726415094339438,0.009986522911051034,0.559467654986523,0.7069856244384547,0.750280772686433,0.8262017070979336,0.9385669362084458,0.656368000332364
