nDCG@1,nDCG@1_std,nDCG@1_stderr,nDCG@1_ci90_low,nDCG@1_ci90_high,nDCG@1_ci95_low,nDCG@1_ci95_high,nDCG@3,nDCG@3_std,nDCG@3_stderr,nDCG@3_ci90_low,nDCG@3_ci90_high,nDCG@3_ci95_low,nDCG@3_ci95_high,nDCG@5,nDCG@5_std,nDCG@5_stderr,nDCG@5_ci90_low,nDCG@5_ci90_high,nDCG@5_ci95_low,nDCG@5_ci95_high,nDCG@10,nDCG@10_std,nDCG@10_stderr,nDCG@10_ci90_low,nDCG@10_ci90_high,nDCG@10_ci95_low,nDCG@10_ci95_high,nDCG@100,nDCG@100_std,nDCG@100_stderr,nDCG@100_ci90_low,nDCG@100_ci90_high,nDCG@100_ci95_low,nDCG@100_ci95_high,RR@1,RR@3,RR@5,RR@10,RR@100,P@1,P@3,P@5,P@10,P@100,R@1,R@3,R@5,R@10,R@100,AP
0.706199460916442,0.4556552305377001,0.011828220432336091,0.6867316086062311,0.725667313226653,0.6829976387433305,0.7294012830895535,0.7782062855642425,0.37164509676930085,0.009647426019880749,0.7623277630085354,0.7940848081199496,0.7592822331911914,0.7971303379372937,0.7971390754655583,0.3428578315110991,0.008900145847728816,0.7824904877177984,0.8117876632133182,0.7796808616577373,0.8145972892733793,0.8152945723015694,0.3093088496336753,0.008029257671029206,0.8020793635223268,0.8285097810808121,0.7995446621835588,0.8310444824195801,0.8292626164894057,0.2768371963766051,0.00718633555187835,0.8174347578545498,0.8410904751242616,0.8151661528239869,0.8433590801548245,0.706199460916442,0.7657232704402521,0.7753256963162632,0.7822629208916274,0.785046697945629,0.706199460916442,0.2904312668463566,0.18463611859837858,0.09845013477088708,0.010532345013476899,0.6875,0.8288409703504043,0.8741015274034141,0.9278414195867026,0.9904537286612759,0.7801356858767555
