nDCG@1,nDCG@1_std,nDCG@1_stderr,nDCG@1_ci90_low,nDCG@1_ci90_high,nDCG@1_ci95_low,nDCG@1_ci95_high,nDCG@3,nDCG@3_std,nDCG@3_stderr,nDCG@3_ci90_low,nDCG@3_ci90_high,nDCG@3_ci95_low,nDCG@3_ci95_high,nDCG@5,nDCG@5_std,nDCG@5_stderr,nDCG@5_ci90_low,nDCG@5_ci90_high,nDCG@5_ci95_low,nDCG@5_ci95_high,nDCG@10,nDCG@10_std,nDCG@10_stderr,nDCG@10_ci90_low,nDCG@10_ci90_high,nDCG@10_ci95_low,nDCG@10_ci95_high,nDCG@100,nDCG@100_std,nDCG@100_stderr,nDCG@100_ci90_low,nDCG@100_ci90_high,nDCG@100_ci95_low,nDCG@100_ci95_high,RR@1,RR@3,RR@5,RR@10,RR@100,P@1,P@3,P@5,P@10,P@100,R@1,R@3,R@5,R@10,R@100,AP
0.6388140161725068,0.48050624620524407,0.012473320656328425,0.6182844051676715,0.6593436271773421,0.6143467880351992,0.6632812443098144,0.714647083724507,0.4070092129414286,0.010565432735144516,0.6972576306569133,0.7320365367921008,0.6939223015896868,0.7353718658593272,0.7367720190455158,0.3803956278848423,0.009874578489550635,0.7205196303823304,0.7530244077087013,0.7174023923582546,0.756141645732777,0.7569715778698539,0.35009697247315597,0.009088064583872629,0.74201369810116,0.7719294576385478,0.7391447492628798,0.7747984064768281,0.777639135260436,0.3113908168154651,0.008083302846215805,0.7643349745129213,0.7909432960079508,0.761783212023109,0.7934950584977631,0.6388140161725068,0.7030548068283923,0.7144092542677456,0.7220748834124848,0.7261389419211146,0.6388140161725068,0.2686433063791521,0.17331536388139793,0.0933962264150922,0.01035714285714267,0.6204514824797843,0.7687556154537286,0.8212601078167115,0.8817946990116801,0.9742812219227315,0.7188993706685631
