nDCG@1,nDCG@1_std,nDCG@1_stderr,nDCG@1_ci90_low,nDCG@1_ci90_high,nDCG@1_ci95_low,nDCG@1_ci95_high,nDCG@3,nDCG@3_std,nDCG@3_stderr,nDCG@3_ci90_low,nDCG@3_ci90_high,nDCG@3_ci95_low,nDCG@3_ci95_high,nDCG@5,nDCG@5_std,nDCG@5_stderr,nDCG@5_ci90_low,nDCG@5_ci90_high,nDCG@5_ci95_low,nDCG@5_ci95_high,nDCG@10,nDCG@10_std,nDCG@10_stderr,nDCG@10_ci90_low,nDCG@10_ci90_high,nDCG@10_ci95_low,nDCG@10_ci95_high,nDCG@100,nDCG@100_std,nDCG@100_stderr,nDCG@100_ci90_low,nDCG@100_ci90_high,nDCG@100_ci95_low,nDCG@100_ci95_high,RR@1,RR@3,RR@5,RR@10,RR@100,P@1,P@3,P@5,P@10,P@100,R@1,R@3,R@5,R@10,R@100,AP
0.6765498652291105,0.46795053604781744,0.012147390660416141,0.6565566964608893,0.6965430339973318,0.652721969935598,0.7003777605226231,0.7552235678082644,0.38232956626807,0.00992478102858959,0.738888551701568,0.7715585839149608,0.7357554655819241,0.7746916700346047,0.7761450426057794,0.3526011786463533,0.009153070537144889,0.761080170724043,0.7912099144875159,0.7581907006017863,0.7940993846097726,0.792989474773196,0.3238737803913691,0.008407344434963458,0.7791519798839824,0.8068269696624096,0.776497922925308,0.8094810266210841,0.8093760646526446,0.28877644163328525,0.00749626291631371,0.7970381022204984,0.8217140270847907,0.7946716583438377,0.8240804709614514,0.6765498652291105,0.7421383647798745,0.7528526504941605,0.7591216360758144,0.7623780297741077,0.6765498652291105,0.2843665768194028,0.18194070080862124,0.09669811320754486,0.010471698113207358,0.6568396226415094,0.8118261455525606,0.8616352201257861,0.9118373764600181,0.9850628930817611,0.7557257708790763
