nDCG@1,nDCG@1_std,nDCG@1_stderr,nDCG@1_ci90_low,nDCG@1_ci90_high,nDCG@1_ci95_low,nDCG@1_ci95_high,nDCG@3,nDCG@3_std,nDCG@3_stderr,nDCG@3_ci90_low,nDCG@3_ci90_high,nDCG@3_ci95_low,nDCG@3_ci95_high,nDCG@5,nDCG@5_std,nDCG@5_stderr,nDCG@5_ci90_low,nDCG@5_ci90_high,nDCG@5_ci95_low,nDCG@5_ci95_high,nDCG@10,nDCG@10_std,nDCG@10_stderr,nDCG@10_ci90_low,nDCG@10_ci90_high,nDCG@10_ci95_low,nDCG@10_ci95_high,nDCG@100,nDCG@100_std,nDCG@100_stderr,nDCG@100_ci90_low,nDCG@100_ci90_high,nDCG@100_ci95_low,nDCG@100_ci95_high,RR@1,RR@3,RR@5,RR@10,RR@100,P@1,P@3,P@5,P@10,P@100,R@1,R@3,R@5,R@10,R@100,AP
0.5902964959568733,0.49194473478031125,0.012770249024996539,0.5692781759648314,0.6113148159489151,0.5652468235501678,0.6153461683635788,0.6707167553431342,0.42453810802707637,0.011020460179389293,0.6525783809029363,0.6888551297833322,0.6490994073396235,0.692334103346645,0.6880320800775128,0.40613551891937744,0.010542752768383153,0.6706799555536198,0.7053842046014058,0.6673517861697003,0.7087123739853254,0.7132084262240566,0.3744277931133715,0.009719661217784835,0.6972110130733998,0.7292058393747133,0.6941426798213753,0.7322741726267378,0.7369142141364227,0.3356834981032939,0.008713909431870155,0.7225721495093181,0.7512562787635272,0.7198213151473125,0.7540071131255328,0.5902964959568733,0.6589173405211146,0.6681154537286621,0.677534976254653,0.6820293774373007,0.5902964959568733,0.25426774483378,0.16172506738544154,0.08935309973045627,0.010128032345013296,0.573955525606469,0.7278751123090744,0.7690363881401617,0.8438903863432167,0.9517070979335132,0.673353491584148
