nDCG@1,nDCG@1_std,nDCG@1_stderr,nDCG@1_ci90_low,nDCG@1_ci90_high,nDCG@1_ci95_low,nDCG@1_ci95_high,nDCG@3,nDCG@3_std,nDCG@3_stderr,nDCG@3_ci90_low,nDCG@3_ci90_high,nDCG@3_ci95_low,nDCG@3_ci95_high,nDCG@5,nDCG@5_std,nDCG@5_stderr,nDCG@5_ci90_low,nDCG@5_ci90_high,nDCG@5_ci95_low,nDCG@5_ci95_high,nDCG@10,nDCG@10_std,nDCG@10_stderr,nDCG@10_ci90_low,nDCG@10_ci90_high,nDCG@10_ci95_low,nDCG@10_ci95_high,nDCG@100,nDCG@100_std,nDCG@100_stderr,nDCG@100_ci90_low,nDCG@100_ci90_high,nDCG@100_ci95_low,nDCG@100_ci95_high,RR@1,RR@3,RR@5,RR@10,RR@100,P@1,P@3,P@5,P@10,P@100,R@1,R@3,R@5,R@10,R@100,AP
0.7075471698113207,0.4550425288921337,0.011812315490096184,0.6881054951555,0.7269888444671414,0.6843765462148367,0.7307177934078047,0.7788599981759701,0.371713733912407,0.009649207751339305,0.7629785431009469,0.7947414532509932,0.759932450821007,0.7977875455309331,0.7961737385374129,0.3446804279303804,0.00894745809339536,0.7814472804272963,0.8109001966475295,0.7786227186885779,0.8137247583862479,0.8154532778373496,0.30884727989584976,0.008017275917637606,0.8022577896075149,0.8286487660671842,0.7997268707063777,0.8311796849683214,0.8293374130980846,0.276953962980774,0.007189366661894612,0.8175045656145282,0.841170260581641,0.815235003713613,0.8434398224825562,0.7075471698113207,0.7663971248876912,0.7754267744833789,0.7828036088649294,0.785458654559448,0.7075471698113207,0.2908805031446495,0.1838274932614513,0.09838274932614315,0.010525606469002505,0.6878369272237197,0.8290655884995507,0.8709568733153638,0.9286837376460019,0.9904537286612759,0.7802360637330594
