{
  "nDCG@1": 0.1765498652291105,
  "nDCG@1_std": 0.381415837822522,
  "nDCG@1_stderr": 0.00990106181997547,
  "nDCG@1_ci90_low": 0.1602538881353287,
  "nDCG@1_ci90_high": 0.1928458423228923,
  "nDCG@1_ci95_low": 0.15712828977013138,
  "nDCG@1_ci95_high": 0.19597144068808964,
  "nDCG@3": 0.27048552695360956,
  "nDCG@3_std": 0.3928365759003254,
  "nDCG@3_stderr": 0.01019752940869342,
  "nDCG@3_ci90_low": 0.2537015992619384,
  "nDCG@3_ci90_high": 0.2872694546452807,
  "nDCG@3_ci95_low": 0.25048241107501495,
  "nDCG@3_ci95_high": 0.29048864283220416,
  "nDCG@5": 0.3032314527269978,
  "nDCG@5_std": 0.3864745722681169,
  "nDCG@5_stderr": 0.01003238002312775,
  "nDCG@5_ci90_low": 0.28671934139736577,
  "nDCG@5_ci90_high": 0.31974356405662985,
  "nDCG@5_ci95_low": 0.28355228808839006,
  "nDCG@5_ci95_high": 0.32291061736560556,
  "nDCG@10": 0.33781599412592317,
  "nDCG@10_std": 0.3723976765797856,
  "nDCG@10_stderr": 0.00966696201836108,
  "nDCG@10_ci90_low": 0.32190531762657565,
  "nDCG@10_ci90_high": 0.3537266706252707,
  "nDCG@10_ci95_low": 0.3188536206237294,
  "nDCG@10_ci95_high": 0.35677836762811693,
  "nDCG@100": 0.40065701425609135,
  "nDCG@100_std": 0.327499580436632,
  "nDCG@100_stderr": 0.008501465514465465,
  "nDCG@100_ci90_low": 0.3866646071985169,
  "nDCG@100_ci90_high": 0.4146494213136658,
  "nDCG@100_ci95_low": 0.3839808378011595,
  "nDCG@100_ci95_high": 0.4173331907110232,
  "RR@1": 0.1765498652291105,
  "RR@3": 0.2508984725965855,
  "RR@5": 0.26878930817610003,
  "RR@10": 0.28330124502631193,
  "RR@100": 0.29512190297647906,
  "P@1": 0.1765498652291105,
  "P@3": 0.11680143755615491,
  "P@5": 0.0863881401617259,
  "P@10": 0.0543800539083556,
  "P@100": 0.00866576819406993,
  "R@1": 0.1711028751123091,
  "R@3": 0.33956648697214736,
  "R@5": 0.4189690026954178,
  "R@10": 0.5237533692722371,
  "R@100": 0.8226078167115903,
  "AP": 0.2902205528654108
}