nDCG@1,nDCG@1_std,nDCG@1_stderr,nDCG@1_ci90_low,nDCG@1_ci90_high,nDCG@1_ci95_low,nDCG@1_ci95_high,nDCG@3,nDCG@3_std,nDCG@3_stderr,nDCG@3_ci90_low,nDCG@3_ci90_high,nDCG@3_ci95_low,nDCG@3_ci95_high,nDCG@5,nDCG@5_std,nDCG@5_stderr,nDCG@5_ci90_low,nDCG@5_ci90_high,nDCG@5_ci95_low,nDCG@5_ci95_high,nDCG@10,nDCG@10_std,nDCG@10_stderr,nDCG@10_ci90_low,nDCG@10_ci90_high,nDCG@10_ci95_low,nDCG@10_ci95_high,nDCG@100,nDCG@100_std,nDCG@100_stderr,nDCG@100_ci90_low,nDCG@100_ci90_high,nDCG@100_ci95_low,nDCG@100_ci95_high,RR@1,RR@3,RR@5,RR@10,RR@100,P@1,P@3,P@5,P@10,P@100,R@1,R@3,R@5,R@10,R@100,AP
0.1778975741239892,0.38255541419518796,0.009930643748661924,0.16155290867323827,0.19424223957474016,0.15841797179166534,0.19737717645631309,0.2668181511440793,0.3935764885667623,0.010216736584498174,0.2500026107120131,0.28363369157614554,0.24677735914336482,0.2868589431447938,0.30204562016366465,0.3869201314629777,0.010043946163532304,0.28551447233446087,0.31857676799286844,0.28234376778987047,0.32174747253745883,0.3366041622636527,0.37309397389177823,0.009685036995977319,0.3206637364882618,0.3525445880390436,0.31760633351957923,0.35560199100772616,0.40044341069236417,0.3275384189230008,0.008502473711337222,0.386449344261944,0.41443747712278434,0.3837652565938241,0.41712156479090423,0.1778975741239892,0.24853998203054775,0.26794699011680084,0.28223698284345144,0.2942718570363854,0.1778975741239892,0.11410601976639742,0.0859838274932623,0.05424528301886773,0.00870619946091629,0.1724505840071878,0.3318171608265948,0.41694743935309975,0.5220687331536388,0.8263140161725068,0.28943820298636547
