{
  "nDCG@1": 0.1495956873315364,
  "nDCG@1_std": 0.35679490059031793,
  "nDCG@1_stderr": 0.009261934134577102,
  "nDCG@1_ci90_low": 0.13435163884002235,
  "nDCG@1_ci90_high": 0.16483973582305042,
  "nDCG@1_ci95_low": 0.13142780231461104,
  "nDCG@1_ci95_high": 0.16776357234846173,
  "nDCG@3": 0.2339461053925043,
  "nDCG@3_std": 0.3766362778314236,
  "nDCG@3_stderr": 0.009776990624572815,
  "nDCG@3_ci90_low": 0.217854334816674,
  "nDCG@3_ci90_high": 0.2500378759683346,
  "nDCG@3_ci95_low": 0.2147679036370341,
  "nDCG@3_ci95_high": 0.2531243071479745,
  "nDCG@5": 0.2615250599935948,
  "nDCG@5_std": 0.3735661814538901,
  "nDCG@5_stderr": 0.009697294893528247,
  "nDCG@5_ci90_low": 0.2455644591681598,
  "nDCG@5_ci90_high": 0.2774856608190298,
  "nDCG@5_ci95_low": 0.24250318658778888,
  "nDCG@5_ci95_high": 0.28054693339940073,
  "nDCG@10": 0.29451281000201723,
  "nDCG@10_std": 0.36349802443478296,
  "nDCG@10_stderr": 0.00943593855964212,
  "nDCG@10_ci90_low": 0.27898237080043253,
  "nDCG@10_ci90_high": 0.31004324920360193,
  "nDCG@10_ci95_low": 0.27600360401032753,
  "nDCG@10_ci95_high": 0.31302201599370694,
  "nDCG@100": 0.3584099566722869,
  "nDCG@100_std": 0.32464776938564255,
  "nDCG@100_stderr": 0.008427436188163932,
  "nDCG@100_ci90_low": 0.3445393931328738,
  "nDCG@100_ci90_high": 0.37228052021170005,
  "nDCG@100_ci95_low": 0.34187899354629736,
  "nDCG@100_ci95_high": 0.3749409197982765,
  "RR@1": 0.14892183288409702,
  "RR@3": 0.21484725965858048,
  "RR@5": 0.2304132973944292,
  "RR@10": 0.24422116330809035,
  "RR@100": 0.2567074375759723,
  "P@1": 0.1495956873315364,
  "P@3": 0.1010781671159029,
  "P@5": 0.07452830188679314,
  "P@10": 0.04770889487870637,
  "P@100": 0.008005390835579378,
  "R@1": 0.1460017969451932,
  "R@3": 0.29570979335130276,
  "R@5": 0.3619721473495059,
  "R@10": 0.4620395327942498,
  "R@100": 0.7617924528301887,
  "AP": 0.25403521241328486
}