{
  "nDCG@1": 0.16778975741239893,
  "nDCG@1_std": 0.3738054477229365,
  "nDCG@1_stderr": 0.009703505936401525,
  "nDCG@1_ci90_low": 0.15181893394476334,
  "nDCG@1_ci90_high": 0.18376058088003452,
  "nDCG@1_ci95_low": 0.14875570064282498,
  "nDCG@1_ci95_high": 0.18682381418197289,
  "nDCG@3": 0.25462995608306616,
  "nDCG@3_std": 0.38860269753624893,
  "nDCG@3_stderr": 0.010087623402534118,
  "nDCG@3_ci90_low": 0.2380269206826872,
  "nDCG@3_ci90_high": 0.2712329914834451,
  "nDCG@3_ci95_low": 0.2348424279697869,
  "nDCG@3_ci95_high": 0.2744174841963454,
  "nDCG@5": 0.2870757597842802,
  "nDCG@5_std": 0.38343672077565955,
  "nDCG@5_stderr": 0.009953521327593664,
  "nDCG@5_ci90_low": 0.2706934405435609,
  "nDCG@5_ci90_high": 0.30345807902499944,
  "nDCG@5_ci95_low": 0.2675512815958491,
  "nDCG@5_ci95_high": 0.30660023797271124,
  "nDCG@10": 0.3194959518915589,
  "nDCG@10_std": 0.37143487579481055,
  "nDCG@10_stderr": 0.009641968955286455,
  "nDCG@10_ci90_low": 0.3036264110189525,
  "nDCG@10_ci90_high": 0.3353654927641653,
  "nDCG@10_ci95_low": 0.3005826039049392,
  "nDCG@10_ci95_high": 0.3384092998781786,
  "nDCG@100": 0.3819561734390442,
  "nDCG@100_std": 0.3295203719039539,
  "nDCG@100_stderr": 0.00855392264723021,
  "nDCG@100_ci90_low": 0.3678774281432603,
  "nDCG@100_ci90_high": 0.3960349187348281,
  "nDCG@100_ci95_low": 0.3651770989130896,
  "nDCG@100_ci95_high": 0.3987352479649988,
  "RR@1": 0.16778975741239893,
  "RR@3": 0.2365229110512128,
  "RR@5": 0.25424528301886745,
  "RR@10": 0.2677207675523037,
  "RR@100": 0.2794356864363038,
  "P@1": 0.16778975741239893,
  "P@3": 0.10871518418688245,
  "P@5": 0.08140161725067464,
  "P@10": 0.05121293800539082,
  "P@100": 0.00834905660377344,
  "R@1": 0.16318508535489668,
  "R@3": 0.31676774483378256,
  "R@5": 0.39549640610961373,
  "R@10": 0.4948899371069183,
  "R@100": 0.7932389937106918,
  "AP": 0.27548147165299924
}