nDCG@1,nDCG@1_std,nDCG@1_stderr,nDCG@1_ci90_low,nDCG@1_ci90_high,nDCG@1_ci95_low,nDCG@1_ci95_high,nDCG@3,nDCG@3_std,nDCG@3_stderr,nDCG@3_ci90_low,nDCG@3_ci90_high,nDCG@3_ci95_low,nDCG@3_ci95_high,nDCG@5,nDCG@5_std,nDCG@5_stderr,nDCG@5_ci90_low,nDCG@5_ci90_high,nDCG@5_ci95_low,nDCG@5_ci95_high,nDCG@10,nDCG@10_std,nDCG@10_stderr,nDCG@10_ci90_low,nDCG@10_ci90_high,nDCG@10_ci95_low,nDCG@10_ci95_high,nDCG@100,nDCG@100_std,nDCG@100_stderr,nDCG@100_ci90_low,nDCG@100_ci90_high,nDCG@100_ci95_low,nDCG@100_ci95_high,RR@1,RR@3,RR@5,RR@10,RR@100,P@1,P@3,P@5,P@10,P@100,R@1,R@3,R@5,R@10,R@100,AP
0.16778975741239893,0.3738054477229365,0.009703505936401525,0.15181893394476334,0.18376058088003452,0.14875570064282498,0.18682381418197289,0.25462995608306616,0.38860269753624893,0.010087623402534118,0.2380269206826872,0.2712329914834451,0.2348424279697869,0.2744174841963454,0.2870757597842802,0.38343672077565955,0.009953521327593664,0.2706934405435609,0.30345807902499944,0.2675512815958491,0.30660023797271124,0.3194959518915589,0.37143487579481055,0.009641968955286455,0.3036264110189525,0.3353654927641653,0.3005826039049392,0.3384092998781786,0.3819561734390442,0.3295203719039539,0.00855392264723021,0.3678774281432603,0.3960349187348281,0.3651770989130896,0.3987352479649988,0.16778975741239893,0.2365229110512128,0.25424528301886745,0.2677207675523037,0.2794356864363038,0.16778975741239893,0.10871518418688245,0.08140161725067464,0.05121293800539082,0.00834905660377344,0.16318508535489668,0.31676774483378256,0.39549640610961373,0.4948899371069183,0.7932389937106918,0.27548147165299924
