nDCG@1,nDCG@1_std,nDCG@1_stderr,nDCG@1_ci90_low,nDCG@1_ci90_high,nDCG@1_ci95_low,nDCG@1_ci95_high,nDCG@3,nDCG@3_std,nDCG@3_stderr,nDCG@3_ci90_low,nDCG@3_ci90_high,nDCG@3_ci95_low,nDCG@3_ci95_high,nDCG@5,nDCG@5_std,nDCG@5_stderr,nDCG@5_ci90_low,nDCG@5_ci90_high,nDCG@5_ci95_low,nDCG@5_ci95_high,nDCG@10,nDCG@10_std,nDCG@10_stderr,nDCG@10_ci90_low,nDCG@10_ci90_high,nDCG@10_ci95_low,nDCG@10_ci95_high,nDCG@100,nDCG@100_std,nDCG@100_stderr,nDCG@100_ci90_low,nDCG@100_ci90_high,nDCG@100_ci95_low,nDCG@100_ci95_high,RR@1,RR@3,RR@5,RR@10,RR@100,P@1,P@3,P@5,P@10,P@100,R@1,R@3,R@5,R@10,R@100,AP
0.1495956873315364,0.35679490059031793,0.009261934134577102,0.13435163884002235,0.16483973582305042,0.13142780231461104,0.16776357234846173,0.2339461053925043,0.3766362778314236,0.009776990624572815,0.217854334816674,0.2500378759683346,0.2147679036370341,0.2531243071479745,0.2615250599935948,0.3735661814538901,0.009697294893528247,0.2455644591681598,0.2774856608190298,0.24250318658778888,0.28054693339940073,0.29451281000201723,0.36349802443478296,0.00943593855964212,0.27898237080043253,0.31004324920360193,0.27600360401032753,0.31302201599370694,0.3584099566722869,0.32464776938564255,0.008427436188163932,0.3445393931328738,0.37228052021170005,0.34187899354629736,0.3749409197982765,0.14892183288409702,0.21484725965858048,0.2304132973944292,0.24422116330809035,0.2567074375759723,0.1495956873315364,0.1010781671159029,0.07452830188679314,0.04770889487870637,0.008005390835579378,0.1460017969451932,0.29570979335130276,0.3619721473495059,0.4620395327942498,0.7617924528301887,0.25403521241328486
