{
  "nDCG@1": 0.16846361185983827,
  "nDCG@1_std": 0.3744036364187915,
  "nDCG@1_stderr": 0.009719034141238229,
  "nDCG@1_ci90_low": 0.1524672308030342,
  "nDCG@1_ci90_high": 0.18445999291664233,
  "nDCG@1_ci95_low": 0.14939909550850813,
  "nDCG@1_ci95_high": 0.1875281282111684,
  "nDCG@3": 0.2630803664397016,
  "nDCG@3_std": 0.3887787644191135,
  "nDCG@3_stderr": 0.010092193871085306,
  "nDCG@3_ci90_low": 0.2464698085884813,
  "nDCG@3_ci90_high": 0.27969092429092196,
  "nDCG@3_ci95_low": 0.24328387305568033,
  "nDCG@3_ci95_high": 0.2828768598237229,
  "nDCG@5": 0.295358033196422,
  "nDCG@5_std": 0.38277635268778726,
  "nDCG@5_stderr": 0.0099363790261641,
  "nDCG@5_ci90_low": 0.27900392815701874,
  "nDCG@5_ci90_high": 0.3117121382358253,
  "nDCG@5_ci95_low": 0.2758671807449885,
  "nDCG@5_ci95_high": 0.3148488856478555,
  "nDCG@10": 0.3281688113381042,
  "nDCG@10_std": 0.37011735062185536,
  "nDCG@10_stderr": 0.009607767705906576,
  "nDCG@10_ci90_low": 0.31235556167815837,
  "nDCG@10_ci90_high": 0.34398206099805007,
  "nDCG@10_ci95_low": 0.3093225513222194,
  "nDCG@10_ci95_high": 0.347015071353989,
  "nDCG@100": 0.3918370841423209,
  "nDCG@100_std": 0.32554697290852097,
  "nDCG@100_stderr": 0.008450778348572335,
  "nDCG@100_ci90_low": 0.3779281021667591,
  "nDCG@100_ci90_high": 0.40574606611788266,
  "nDCG@100_ci95_low": 0.3752603338535007,
  "nDCG@100_ci95_high": 0.40841383443114104,
  "RR@1": 0.16846361185983827,
  "RR@3": 0.24303683737645976,
  "RR@5": 0.26089398023360233,
  "RR@10": 0.27463606511787064,
  "RR@100": 0.2864370632424344,
  "P@1": 0.16846361185983827,
  "P@3": 0.11410601976639742,
  "P@5": 0.08463611859838358,
  "P@10": 0.052830188679245174,
  "P@100": 0.008591644204851602,
  "R@1": 0.16335354896675652,
  "R@3": 0.3321540880503145,
  "R@5": 0.4103212039532795,
  "R@10": 0.509714734950584,
  "R@100": 0.8163185085354897,
  "AP": 0.28168428422164415
}