{
  "nDCG@1": 0.17048517520215634,
  "nDCG@1_std": 0.3761852482226634,
  "nDCG@1_stderr": 0.009765282479298962,
  "nDCG@1_ci90_low": 0.15441267484912258,
  "nDCG@1_ci90_high": 0.1865576755551901,
  "nDCG@1_ci95_low": 0.15132993973364156,
  "nDCG@1_ci95_high": 0.1896404106706711,
  "nDCG@3": 0.2692097152048467,
  "nDCG@3_std": 0.39018361643731764,
  "nDCG@3_stderr": 0.01012866201241778,
  "nDCG@3_ci90_low": 0.2525391351048401,
  "nDCG@3_ci90_high": 0.2858802953048533,
  "nDCG@3_ci95_low": 0.24934168719437674,
  "nDCG@3_ci95_high": 0.2890777432153167,
  "nDCG@5": 0.3021507913475671,
  "nDCG@5_std": 0.38376013047327817,
  "nDCG@5_stderr": 0.009961916625040099,
  "nDCG@5_ci90_low": 0.28575465443987735,
  "nDCG@5_ci90_high": 0.3185469282552569,
  "nDCG@5_ci95_low": 0.2826098452382382,
  "nDCG@5_ci95_high": 0.32169173745689605,
  "nDCG@10": 0.33406961320308504,
  "nDCG@10_std": 0.3709076018108081,
  "nDCG@10_stderr": 0.00962828160464712,
  "nDCG@10_ci90_low": 0.31822260009129344,
  "nDCG@10_ci90_high": 0.34991662631487663,
  "nDCG@10_ci95_low": 0.3151831138432196,
  "nDCG@10_ci95_high": 0.35295611256295045,
  "nDCG@100": 0.39826228157158716,
  "nDCG@100_std": 0.3251704290222073,
  "nDCG@100_stderr": 0.008441003756312062,
  "nDCG@100_ci90_low": 0.3843693874191771,
  "nDCG@100_ci90_high": 0.41215517572399724,
  "nDCG@100_ci95_low": 0.3817047047799752,
  "nDCG@100_ci95_high": 0.4148198583631991,
  "RR@1": 0.17048517520215634,
  "RR@3": 0.24831536388140124,
  "RR@5": 0.2665768194070075,
  "RR@10": 0.27997021135498196,
  "RR@100": 0.2919466210636508,
  "P@1": 0.17048517520215634,
  "P@3": 0.11725067385444782,
  "P@5": 0.08692722371967736,
  "P@10": 0.05370619946091628,
  "P@100": 0.008672506738544323,
  "R@1": 0.16571203953279426,
  "R@3": 0.34125112309074573,
  "R@5": 0.4206536388140162,
  "R@10": 0.5170148247978437,
  "R@100": 0.823955525606469,
  "AP": 0.28722677825875126
}