nDCG@1,nDCG@1_std,nDCG@1_stderr,nDCG@1_ci90_low,nDCG@1_ci90_high,nDCG@1_ci95_low,nDCG@1_ci95_high,nDCG@3,nDCG@3_std,nDCG@3_stderr,nDCG@3_ci90_low,nDCG@3_ci90_high,nDCG@3_ci95_low,nDCG@3_ci95_high,nDCG@5,nDCG@5_std,nDCG@5_stderr,nDCG@5_ci90_low,nDCG@5_ci90_high,nDCG@5_ci95_low,nDCG@5_ci95_high,nDCG@10,nDCG@10_std,nDCG@10_stderr,nDCG@10_ci90_low,nDCG@10_ci90_high,nDCG@10_ci95_low,nDCG@10_ci95_high,nDCG@100,nDCG@100_std,nDCG@100_stderr,nDCG@100_ci90_low,nDCG@100_ci90_high,nDCG@100_ci95_low,nDCG@100_ci95_high,RR@1,RR@3,RR@5,RR@10,RR@100,P@1,P@3,P@5,P@10,P@100,R@1,R@3,R@5,R@10,R@100,AP
0.5970350404312669,0.4906591780252113,0.012736877634395674,0.5760716458024544,0.6179984350600793,0.5720508281734333,0.6220192526891004,0.6688385635274007,0.4299572178580374,0.011161133261429868,0.6504686578267859,0.6872084692280155,0.6469452761420766,0.6907318509127247,0.6926887328107635,0.4048226211839635,0.010508671641296638,0.6753927017924389,0.709984763829088,0.67207529124601,0.713302174375517,0.7140979066769577,0.37619732319415583,0.009765595929940927,0.6980248904212284,0.730170922932687,0.694942056354662,0.7332537569992534,0.738324042752769,0.3362938927210496,0.008729754486652048,0.7239558990389493,0.7526921864665886,0.7212000626601677,0.7554480228453703,0.5970350404312669,0.656558849955077,0.6690251572327057,0.6776454135113172,0.6824016427003277,0.5970350404312669,0.2524707996406084,0.16455525606468677,0.08921832884096843,0.010128032345013296,0.5786725067385444,0.722877358490566,0.7796495956873315,0.8440588499550765,0.9539532794249775,0.6753805824112917
