{
  "nDCG@1": 0.5761455525606469,
  "nDCG@1_std": 0.4943344235364216,
  "nDCG@1_stderr": 0.012832282254240044,
  "nDCG@1_ci90_low": 0.5550251332078309,
  "nDCG@1_ci90_high": 0.597265971913463,
  "nDCG@1_ci95_low": 0.5509741979480707,
  "nDCG@1_ci95_high": 0.6013169071732232,
  "nDCG@3": 0.6466594455116986,
  "nDCG@3_std": 0.4391585317025649,
  "nDCG@3_stderr": 0.011399987467693988,
  "nDCG@3_ci90_low": 0.6278964140287379,
  "nDCG@3_ci90_high": 0.6654224769946594,
  "nDCG@3_ci95_low": 0.6242976300962502,
  "nDCG@3_ci95_high": 0.6690212609271471,
  "nDCG@5": 0.6713489946987021,
  "nDCG@5_std": 0.41437646177857873,
  "nDCG@5_stderr": 0.01075667698602879,
  "nDCG@5_ci90_low": 0.6536447762061072,
  "nDCG@5_ci90_high": 0.6890532131912971,
  "nDCG@5_ci95_low": 0.6502490745516991,
  "nDCG@5_ci95_high": 0.6924489148457051,
  "nDCG@10": 0.6928049780411103,
  "nDCG@10_std": 0.38795779031072747,
  "nDCG@10_stderr": 0.010070882445093835,
  "nDCG@10_ci90_low": 0.6762294962772942,
  "nDCG@10_ci90_high": 0.7093804598049264,
  "nDCG@10_ci95_low": 0.6730502884025416,
  "nDCG@10_ci95_high": 0.712559667679679,
  "nDCG@100": 0.7200404754373219,
  "nDCG@100_std": 0.34525976791128554,
  "nDCG@100_stderr": 0.008962497009971222,
  "nDCG@100_ci90_low": 0.7052892650486626,
  "nDCG@100_ci90_high": 0.7347916858259811,
  "nDCG@100_ci95_low": 0.702459955777415,
  "nDCG@100_ci95_high": 0.7376209950972287,
  "RR@1": 0.5768194070080862,
  "RR@3": 0.6347708894878712,
  "RR@5": 0.6479110512129391,
  "RR@10": 0.656538259958072,
  "RR@100": 0.6618452794353159,
  "P@1": 0.5761455525606469,
  "P@3": 0.24460916442048306,
  "P@5": 0.15983827493261152,
  "P@10": 0.08699460916441866,
  "P@100": 0.010053908355794968,
  "R@1": 0.5584568733153639,
  "R@3": 0.6996293800539084,
  "R@5": 0.758423180592992,
  "R@10": 0.8231693620844566,
  "R@100": 0.9468778077268644,
  "AP": 0.6547418304349194
}