nDCG@1,nDCG@1_std,nDCG@1_stderr,nDCG@1_ci90_low,nDCG@1_ci90_high,nDCG@1_ci95_low,nDCG@1_ci95_high,nDCG@3,nDCG@3_std,nDCG@3_stderr,nDCG@3_ci90_low,nDCG@3_ci90_high,nDCG@3_ci95_low,nDCG@3_ci95_high,nDCG@5,nDCG@5_std,nDCG@5_stderr,nDCG@5_ci90_low,nDCG@5_ci90_high,nDCG@5_ci95_low,nDCG@5_ci95_high,nDCG@10,nDCG@10_std,nDCG@10_stderr,nDCG@10_ci90_low,nDCG@10_ci90_high,nDCG@10_ci95_low,nDCG@10_ci95_high,nDCG@100,nDCG@100_std,nDCG@100_stderr,nDCG@100_ci90_low,nDCG@100_ci90_high,nDCG@100_ci95_low,nDCG@100_ci95_high,RR@1,RR@3,RR@5,RR@10,RR@100,P@1,P@3,P@5,P@10,P@100,R@1,R@3,R@5,R@10,R@100,AP
0.639487870619946,0.4803109318156582,0.012468250547397813,0.6189666044149411,0.660009136824951,0.6150305878304174,0.6639451534094747,0.710542385924032,0.41231783148112044,0.010703237606175104,0.692926122332218,0.728158649515846,0.6895472905894764,0.7315374812585875,0.7321437646669192,0.386086432936256,0.010022304428098823,0.7156482365754068,0.7486392927584317,0.7124843639619891,0.7518031653718493,0.7528255978494347,0.3555407693039626,0.009229378508498599,0.7376351320691991,0.7680160636296703,0.7347215728063177,0.7709296228925517,0.7721999560559993,0.3199374141604629,0.008305161458973873,0.7585306422635587,0.78586926984844,0.7559088427484303,0.7884910693635684,0.6381401617250674,0.6985624438454634,0.7099168912848172,0.7181646557994276,0.7221192242811366,0.639487870619946,0.2666217430368343,0.17156334231805573,0.09265498652290896,0.010202156334231624,0.6188230008984725,0.7613993710691823,0.8131176999101526,0.8748315363881402,0.9602425876010782,0.7155217278390086
