{
  "nDCG@1": 0.6246630727762803,
  "nDCG@1_std": 0.4843730134312996,
  "nDCG@1_stderr": 0.012573696932172654,
  "nDCG@1_ci90_low": 0.6039682542894942,
  "nDCG@1_ci90_high": 0.6453578912630664,
  "nDCG@1_ci95_low": 0.5999989500582655,
  "nDCG@1_ci95_high": 0.6493271954942951,
  "nDCG@3": 0.697469242189073,
  "nDCG@3_std": 0.4189313970976603,
  "nDCG@3_stderr": 0.010874917215479358,
  "nDCG@3_ci90_low": 0.6795704142590537,
  "nDCG@3_ci90_high": 0.7153680701190923,
  "nDCG@3_ci95_low": 0.6761373861567765,
  "nDCG@3_ci95_high": 0.7188010982213695,
  "nDCG@5": 0.719280369068721,
  "nDCG@5_std": 0.39327327268355666,
  "nDCG@5_stderr": 0.010208865492354868,
  "nDCG@5_ci90_low": 0.7024777835236762,
  "nDCG@5_ci90_high": 0.7360829546137657,
  "nDCG@5_ci95_low": 0.699255016726175,
  "nDCG@5_ci95_high": 0.7393057214112669,
  "nDCG@10": 0.7406721048514038,
  "nDCG@10_std": 0.36228422118455555,
  "nDCG@10_stderr": 0.00940442979722051,
  "nDCG@10_ci90_low": 0.7251935253472952,
  "nDCG@10_ci90_high": 0.7561506843555124,
  "nDCG@10_ci95_low": 0.7222247053425052,
  "nDCG@10_ci95_high": 0.7591195043603024,
  "nDCG@100": 0.7621224138188376,
  "nDCG@100_std": 0.3245427386108864,
  "nDCG@100_stderr": 0.008424709725099898,
  "nDCG@100_ci90_low": 0.7482563377152618,
  "nDCG@100_ci90_high": 0.7759884899224134,
  "nDCG@100_ci95_low": 0.7455967988271287,
  "nDCG@100_ci95_high": 0.7786480288105465,
  "RR@1": 0.6246630727762803,
  "RR@3": 0.6856469002695423,
  "RR@5": 0.697136118598384,
  "RR@10": 0.7056806999529377,
  "RR@100": 0.7098872526330295,
  "P@1": 0.6246630727762803,
  "P@3": 0.26235399820305194,
  "P@5": 0.16927223719676207,
  "P@10": 0.09164420485174997,
  "P@100": 0.010235849056603592,
  "R@1": 0.6051774483378256,
  "R@3": 0.7489330637915542,
  "R@5": 0.801325247079964,
  "R@10": 0.8661837376460017,
  "R@100": 0.9626010781671159,
  "AP": 0.702852836582045
}