{
  "nDCG@1": 0.5977088948787062,
  "nDCG@1_std": 0.49052534228573397,
  "nDCG@1_stderr": 0.01273340343170432,
  "nDCG@1_ci90_low": 0.5767512183767478,
  "nDCG@1_ci90_high": 0.6186665713806645,
  "nDCG@1_ci95_low": 0.5727314974949695,
  "nDCG@1_ci95_high": 0.6226862922624428,
  "nDCG@3": 0.6689108079608815,
  "nDCG@3_std": 0.4300845163575749,
  "nDCG@3_stderr": 0.01116443776582776,
  "nDCG@3_ci90_low": 0.6505354634367391,
  "nDCG@3_ci90_high": 0.687286152485024,
  "nDCG@3_ci95_low": 0.6470110385756787,
  "nDCG@3_ci95_high": 0.6908105773460844,
  "nDCG@5": 0.6927609772442443,
  "nDCG@5_std": 0.4049535630623573,
  "nDCG@5_stderr": 0.010512070723097231,
  "nDCG@5_ci90_low": 0.6754593517391698,
  "nDCG@5_ci90_high": 0.7100626027493189,
  "nDCG@5_ci95_low": 0.6721408681598973,
  "nDCG@5_ci95_high": 0.7133810863285914,
  "nDCG@10": 0.7141824456484602,
  "nDCG@10_std": 0.37632900793989743,
  "nDCG@10_stderr": 0.009769014295617032,
  "nDCG@10_ci90_low": 0.6981038031670019,
  "nDCG@10_ci90_high": 0.7302610881299185,
  "nDCG@10_ci95_low": 0.6950198899799974,
  "nDCG@10_ci95_high": 0.733345001316923,
  "nDCG@100": 0.7385156852371163,
  "nDCG@100_std": 0.33622841896207056,
  "nDCG@100_stderr": 0.008728054872553855,
  "nDCG@100_ci90_low": 0.7241503388871466,
  "nDCG@100_ci90_high": 0.752881031587086,
  "nDCG@100_ci95_low": 0.7213950390478943,
  "nDCG@100_ci95_high": 0.7556363314263383,
  "RR@1": 0.5977088948787062,
  "RR@3": 0.6566711590296502,
  "RR@5": 0.669137466307279,
  "RR@10": 0.6777737667394009,
  "RR@100": 0.6825348777827819,
  "P@1": 0.5977088948787062,
  "P@3": 0.2524707996406084,
  "P@5": 0.16455525606468677,
  "P@10": 0.08921832884096843,
  "P@100": 0.01013477088948769,
  "R@1": 0.5793463611859838,
  "R@3": 0.722877358490566,
  "R@5": 0.7796495956873315,
  "R@10": 0.8440588499550765,
  "R@100": 0.9546271338724169,
  "AP": 0.675522407624366
}