{
  "nDCG@1": 0.6199460916442049,
  "nDCG@1_std": 0.48556339543121607,
  "nDCG@1_stderr": 0.012604597709229642,
  "nDCG@1_ci90_low": 0.5992004141319671,
  "nDCG@1_ci90_high": 0.6406917691564427,
  "nDCG@1_ci95_low": 0.5952213550461573,
  "nDCG@1_ci95_high": 0.6446708282422525,
  "nDCG@3": 0.690008911836496,
  "nDCG@3_std": 0.4235820763700975,
  "nDCG@3_stderr": 0.010995642834122141,
  "nDCG@3_ci90_low": 0.6719113838123043,
  "nDCG@3_ci90_high": 0.7081064398606878,
  "nDCG@3_ci95_low": 0.6684402446666737,
  "nDCG@3_ci95_high": 0.7115775790063184,
  "nDCG@5": 0.7128685709208044,
  "nDCG@5_std": 0.3971074773215401,
  "nDCG@5_stderr": 0.010308396485529765,
  "nDCG@5_ci90_low": 0.6959021691291397,
  "nDCG@5_ci90_high": 0.729834972712469,
  "nDCG@5_ci95_low": 0.6926479820743762,
  "nDCG@5_ci95_high": 0.7330891597672325,
  "nDCG@10": 0.7330874460619737,
  "nDCG@10_std": 0.36896117226693453,
  "nDCG@10_stderr": 0.009577754811234082,
  "nDCG@10_ci90_low": 0.7173235940780543,
  "nDCG@10_ci90_high": 0.7488512980458931,
  "nDCG@10_ci95_low": 0.7143000582871902,
  "nDCG@10_ci95_high": 0.7518748338367572,
  "nDCG@100": 0.7558221718613346,
  "nDCG@100_std": 0.32981229927235006,
  "nDCG@100_stderr": 0.008561500704129825,
  "nDCG@100_ci90_low": 0.7417309539798931,
  "nDCG@100_ci90_high": 0.7699133897427761,
  "nDCG@100_ci95_low": 0.7390282324848635,
  "nDCG@100_ci95_high": 0.7726161112378057,
  "RR@1": 0.6199460916442049,
  "RR@3": 0.6787960467205756,
  "RR@5": 0.6906895777178806,
  "RR@10": 0.6989491079450654,
  "RR@100": 0.7036477198152635,
  "P@1": 0.6199460916442049,
  "P@3": 0.25920934411500174,
  "P@5": 0.16778975741239552,
  "P@10": 0.09063342318059102,
  "P@100": 0.010175202156334051,
  "R@1": 0.6004604672057502,
  "R@3": 0.739836028751123,
  "R@5": 0.7947551662174303,
  "R@10": 0.8557389937106917,
  "R@100": 0.9565363881401617,
  "AP": 0.6964486617616966
}