nDCG@1,nDCG@1_std,nDCG@1_stderr,nDCG@1_ci90_low,nDCG@1_ci90_high,nDCG@1_ci95_low,nDCG@1_ci95_high,nDCG@3,nDCG@3_std,nDCG@3_stderr,nDCG@3_ci90_low,nDCG@3_ci90_high,nDCG@3_ci95_low,nDCG@3_ci95_high,nDCG@5,nDCG@5_std,nDCG@5_stderr,nDCG@5_ci90_low,nDCG@5_ci90_high,nDCG@5_ci95_low,nDCG@5_ci95_high,nDCG@10,nDCG@10_std,nDCG@10_stderr,nDCG@10_ci90_low,nDCG@10_ci90_high,nDCG@10_ci95_low,nDCG@10_ci95_high,nDCG@100,nDCG@100_std,nDCG@100_stderr,nDCG@100_ci90_low,nDCG@100_ci90_high,nDCG@100_ci95_low,nDCG@100_ci95_high,RR@1,RR@3,RR@5,RR@10,RR@100,P@1,P@3,P@5,P@10,P@100,R@1,R@3,R@5,R@10,R@100,AP
0.6206199460916442,0.4853963279408067,0.012600260853266623,0.5998814065315491,0.6413584856517393,0.5959037165180826,0.6453361756652057,0.6982669018954257,0.4152955798672014,0.010780536102806066,0.6805234141176218,0.7160103896732296,0.6771201805421179,0.7194136232487336,0.7208604297856877,0.3888821641450853,0.010094877994232523,0.704245454185127,0.7374754053862483,0.701058671319881,0.7406621882514943,0.7399634898443669,0.36171705151827177,0.009389706806270923,0.7245091426425738,0.75541783704616,0.7215449704379168,0.758382009250817,0.7617206242697044,0.32264036459042084,0.008375326556092352,0.7479358270234469,0.775505421515962,0.7452918775695709,0.7781493709698379,0.6206199460916442,0.6848607367475301,0.6970238095238112,0.7045319385615892,0.7089009045838122,0.6206199460916442,0.263926325247077,0.17048517520215284,0.0915094339622621,0.01021563342318041,0.6015835579514824,0.7544362084456425,0.808176100628931,0.8640498652291105,0.9615902964959568,0.7021900524715963
