nDCG@1,nDCG@1_std,nDCG@1_stderr,nDCG@1_ci90_low,nDCG@1_ci90_high,nDCG@1_ci95_low,nDCG@1_ci95_high,nDCG@3,nDCG@3_std,nDCG@3_stderr,nDCG@3_ci90_low,nDCG@3_ci90_high,nDCG@3_ci95_low,nDCG@3_ci95_high,nDCG@5,nDCG@5_std,nDCG@5_stderr,nDCG@5_ci90_low,nDCG@5_ci90_high,nDCG@5_ci95_low,nDCG@5_ci95_high,nDCG@10,nDCG@10_std,nDCG@10_stderr,nDCG@10_ci90_low,nDCG@10_ci90_high,nDCG@10_ci95_low,nDCG@10_ci95_high,nDCG@100,nDCG@100_std,nDCG@100_stderr,nDCG@100_ci90_low,nDCG@100_ci90_high,nDCG@100_ci95_low,nDCG@100_ci95_high,RR@1,RR@3,RR@5,RR@10,RR@100,P@1,P@3,P@5,P@10,P@100,R@1,R@3,R@5,R@10,R@100,AP
0.623989218328841,0.4845460603254005,0.01257818900572164,0.6032870064201181,0.6446914302375639,0.5993162841169698,0.6486621525407122,0.697102184177456,0.41910181831343735,0.010879341129815158,0.6791960750075058,0.7150082933474061,0.6757616503500241,0.7184427180048878,0.7196602570798019,0.39249427453344,0.010188643707947634,0.7028909542009486,0.7364295599586551,0.69967457108001,0.7396459430795937,0.7399892306378255,0.36310806546908914,0.009425815729272436,0.7244754524181464,0.7555030088575047,0.7214998812350005,0.7584785800406505,0.7620210327490827,0.3243998505760194,0.008421000536528627,0.7481610615313357,0.7758810039668298,0.7455026935715278,0.7785393719266377,0.623989218328841,0.6851976639712495,0.6971585804132986,0.7054250631070044,0.709701054042009,0.623989218328841,0.26212938005390546,0.1695417789757378,0.09144204851751818,0.010235849056603592,0.6045035938903863,0.7485961365678345,0.8026729559748427,0.8641621743036836,0.9626010781671159,0.7027071650671782
