{
  "nDCG@1": 0.8221024258760108,
  "nDCG@1_std": 0.38255541419518796,
  "nDCG@1_stderr": 0.009930643748661924,
  "nDCG@1_ci90_low": 0.8057577604252598,
  "nDCG@1_ci90_high": 0.8384470913267618,
  "nDCG@1_ci95_low": 0.802622823543687,
  "nDCG@1_ci95_high": 0.8415820282083346,
  "nDCG@3": 0.8788576252956198,
  "nDCG@3_std": 0.28021184601888843,
  "nDCG@3_stderr": 0.007273937091761318,
  "nDCG@3_ci90_low": 0.8668855848837718,
  "nDCG@3_ci90_high": 0.8908296657074679,
  "nDCG@3_ci95_low": 0.8645893255233172,
  "nDCG@3_ci95_high": 0.8931259250679224,
  "nDCG@5": 0.892029107123906,
  "nDCG@5_std": 0.24935421560077276,
  "nDCG@5_stderr": 0.006472912917904429,
  "nDCG@5_ci90_low": 0.8813754577923361,
  "nDCG@5_ci90_high": 0.902682756455476,
  "nDCG@5_ci95_low": 0.8793320682648159,
  "nDCG@5_ci95_high": 0.9047261459829962,
  "nDCG@10": 0.9028334886319198,
  "nDCG@10_std": 0.21792886915659293,
  "nDCG@10_stderr": 0.0056571515703047245,
  "nDCG@10_ci90_low": 0.8935224860261441,
  "nDCG@10_ci90_high": 0.9121444912376955,
  "nDCG@10_ci95_low": 0.8917366186089603,
  "nDCG@10_ci95_high": 0.9139303586548794,
  "nDCG@100": 0.9068346644829133,
  "nDCG@100_std": 0.20440297148139872,
  "nDCG@100_stderr": 0.005306036761288651,
  "nDCG@100_ci90_low": 0.8981015553383692,
  "nDCG@100_ci90_high": 0.9155677736274573,
  "nDCG@100_ci95_low": 0.8964265289494519,
  "nDCG@100_ci95_high": 0.9172428000163747,
  "RR@1": 0.8221024258760108,
  "RR@3": 0.8699460916442047,
  "RR@5": 0.876347708894879,
  "RR@10": 0.8803983228511529,
  "RR@100": 0.8812480604849706,
  "P@1": 0.8221024258760108,
  "P@3": 0.3227762803234446,
  "P@5": 0.20107816711589793,
  "P@10": 0.10424528301886522,
  "P@100": 0.010619946091644015,
  "R@1": 0.7973944294699012,
  "R@3": 0.9190813117699909,
  "R@5": 0.9501347708894878,
  "R@10": 0.981862084456424,
  "R@100": 0.9979784366576819,
  "AP": 0.8761931503639686
}