nDCG@1,nDCG@1_std,nDCG@1_stderr,nDCG@1_ci90_low,nDCG@1_ci90_high,nDCG@1_ci95_low,nDCG@1_ci95_high,nDCG@3,nDCG@3_std,nDCG@3_stderr,nDCG@3_ci90_low,nDCG@3_ci90_high,nDCG@3_ci95_low,nDCG@3_ci95_high,nDCG@5,nDCG@5_std,nDCG@5_stderr,nDCG@5_ci90_low,nDCG@5_ci90_high,nDCG@5_ci95_low,nDCG@5_ci95_high,nDCG@10,nDCG@10_std,nDCG@10_stderr,nDCG@10_ci90_low,nDCG@10_ci90_high,nDCG@10_ci95_low,nDCG@10_ci95_high,nDCG@100,nDCG@100_std,nDCG@100_stderr,nDCG@100_ci90_low,nDCG@100_ci90_high,nDCG@100_ci95_low,nDCG@100_ci95_high,RR@1,RR@3,RR@5,RR@10,RR@100,P@1,P@3,P@5,P@10,P@100,R@1,R@3,R@5,R@10,R@100,AP
0.7897574123989218,0.4076182093963243,0.010581241495426972,0.7723419399810677,0.807172884816776,0.7690016203546272,0.8105132044432165,0.8547766220344656,0.30475101550258277,0.007910942192168207,0.8417561465442798,0.8677970975246514,0.8392587954083515,0.8702944486605797,0.8711648861668838,0.2696008991469211,0.0069984906353488035,0.8596461980546048,0.8826835742791628,0.857436892498653,0.8848928798351147,0.88142459408523,0.24396347939668978,0.006332976378518665,0.871001263751953,0.891847924418507,0.8690020498317251,0.8938471383387349,0.8882339685641053,0.22292924728113672,0.0057869549188415996,0.8787093249940661,0.8977586121341445,0.8768824808471777,0.8995854562810329,0.7884097035040432,0.8433288409703504,0.851583557951483,0.8552680978051601,0.8567488647127166,0.7897574123989218,0.31603773584905126,0.19865229110511637,0.10289757412398656,0.010619946091644015,0.7665094339622641,0.9005503144654087,0.9396900269541779,0.969395777178796,0.9979784366576819,0.8523713324049718
