nDCG@1,nDCG@1_std,nDCG@1_stderr,nDCG@1_ci90_low,nDCG@1_ci90_high,nDCG@1_ci95_low,nDCG@1_ci95_high,nDCG@3,nDCG@3_std,nDCG@3_stderr,nDCG@3_ci90_low,nDCG@3_ci90_high,nDCG@3_ci95_low,nDCG@3_ci95_high,nDCG@5,nDCG@5_std,nDCG@5_stderr,nDCG@5_ci90_low,nDCG@5_ci90_high,nDCG@5_ci95_low,nDCG@5_ci95_high,nDCG@10,nDCG@10_std,nDCG@10_stderr,nDCG@10_ci90_low,nDCG@10_ci90_high,nDCG@10_ci95_low,nDCG@10_ci95_high,nDCG@100,nDCG@100_std,nDCG@100_stderr,nDCG@100_ci90_low,nDCG@100_ci90_high,nDCG@100_ci95_low,nDCG@100_ci95_high,RR@1,RR@3,RR@5,RR@10,RR@100,P@1,P@3,P@5,P@10,P@100,R@1,R@3,R@5,R@10,R@100,AP
0.8308625336927223,0.3749996592103404,0.009734506122000565,0.8148406875849286,0.8468843798005161,0.8117676680468076,0.8499573993386371,0.8853572859484745,0.27343263077828145,0.007097957432470394,0.8736748872486891,0.8970396846482599,0.8714341817010871,0.8992803901958619,0.8980753716779466,0.24294365824139813,0.006306503140381763,0.8876956131645533,0.9084551301913399,0.8857047563994818,0.9104459869564114,0.907190211933359,0.21546991269763366,0.005593320241087314,0.8979842681483144,0.9163961557184036,0.8962185512060875,0.9181618726606305,0.9116703045033848,0.20030447558613382,0.00519964510891365,0.9031123034393271,0.9202283055674425,0.9014708631021666,0.921869745904603,0.8308625336927223,0.8771338724168913,0.8828279424977542,0.8861937385016903,0.8872378737758723,0.8308625336927223,0.3243486073674697,0.20188679245282515,0.10411051212937736,0.010619946091644015,0.8071653189577719,0.9238544474393531,0.9538409703504043,0.9810197663971248,0.9979784366576819,0.8826810710192311
