nDCG@1,nDCG@1_std,nDCG@1_stderr,nDCG@1_ci90_low,nDCG@1_ci90_high,nDCG@1_ci95_low,nDCG@1_ci95_high,nDCG@3,nDCG@3_std,nDCG@3_stderr,nDCG@3_ci90_low,nDCG@3_ci90_high,nDCG@3_ci95_low,nDCG@3_ci95_high,nDCG@5,nDCG@5_std,nDCG@5_stderr,nDCG@5_ci90_low,nDCG@5_ci90_high,nDCG@5_ci95_low,nDCG@5_ci95_high,nDCG@10,nDCG@10_std,nDCG@10_stderr,nDCG@10_ci90_low,nDCG@10_ci90_high,nDCG@10_ci95_low,nDCG@10_ci95_high,nDCG@100,nDCG@100_std,nDCG@100_stderr,nDCG@100_ci90_low,nDCG@100_ci90_high,nDCG@100_ci95_low,nDCG@100_ci95_high,RR@1,RR@3,RR@5,RR@10,RR@100,P@1,P@3,P@5,P@10,P@100,R@1,R@3,R@5,R@10,R@100,AP
0.8221024258760108,0.38255541419518796,0.009930643748661924,0.8057577604252598,0.8384470913267618,0.802622823543687,0.8415820282083346,0.8788576252956198,0.28021184601888843,0.007273937091761318,0.8668855848837718,0.8908296657074679,0.8645893255233172,0.8931259250679224,0.892029107123906,0.24935421560077276,0.006472912917904429,0.8813754577923361,0.902682756455476,0.8793320682648159,0.9047261459829962,0.9028334886319198,0.21792886915659293,0.0056571515703047245,0.8935224860261441,0.9121444912376955,0.8917366186089603,0.9139303586548794,0.9068346644829133,0.20440297148139872,0.005306036761288651,0.8981015553383692,0.9155677736274573,0.8964265289494519,0.9172428000163747,0.8221024258760108,0.8699460916442047,0.876347708894879,0.8803983228511529,0.8812480604849706,0.8221024258760108,0.3227762803234446,0.20107816711589793,0.10424528301886522,0.010619946091644015,0.7973944294699012,0.9190813117699909,0.9501347708894878,0.981862084456424,0.9979784366576819,0.8761931503639686
