nDCG@1,nDCG@1_std,nDCG@1_stderr,nDCG@1_ci90_low,nDCG@1_ci90_high,nDCG@1_ci95_low,nDCG@1_ci95_high,nDCG@3,nDCG@3_std,nDCG@3_stderr,nDCG@3_ci90_low,nDCG@3_ci90_high,nDCG@3_ci95_low,nDCG@3_ci95_high,nDCG@5,nDCG@5_std,nDCG@5_stderr,nDCG@5_ci90_low,nDCG@5_ci90_high,nDCG@5_ci95_low,nDCG@5_ci95_high,nDCG@10,nDCG@10_std,nDCG@10_stderr,nDCG@10_ci90_low,nDCG@10_ci90_high,nDCG@10_ci95_low,nDCG@10_ci95_high,nDCG@100,nDCG@100_std,nDCG@100_stderr,nDCG@100_ci90_low,nDCG@100_ci90_high,nDCG@100_ci95_low,nDCG@100_ci95_high,RR@1,RR@3,RR@5,RR@10,RR@100,P@1,P@3,P@5,P@10,P@100,R@1,R@3,R@5,R@10,R@100,AP
0.8113207547169812,0.3913855010929531,0.010159861383539501,0.7945988241409969,0.8280426852929654,0.7913915271148381,0.8312499823191243,0.8719284780031014,0.28638545100215207,0.007434195892078478,0.85969267055429,0.8841642854519127,0.8573458201912352,0.8865111358149675,0.8851294906607943,0.2566075936180784,0.006661201229588044,0.8741659410306489,0.8960930402909396,0.8720631120561398,0.8981958692654487,0.8960279489472929,0.2263798652546738,0.0058765284983451505,0.8863558778562121,0.9057000200383737,0.8845007568397564,0.9075551410548294,0.9008100740015528,0.2106104082100798,0.005467173789958279,0.8918117523600154,0.9098083956430901,0.8900858577266068,0.9115342902764988,0.8106469002695418,0.8618598382749326,0.8682614555256067,0.8722909446797589,0.8732595792146415,0.8113207547169812,0.3212039532794194,0.2001347708894829,0.10384097035040163,0.010619946091644015,0.787286612758311,0.9150381850853548,0.9460916442048517,0.9781558849955075,0.9979784366576819,0.8684468520602506
