{
  "nDCG@1": 0.7776280323450134,
  "nDCG@1_std": 0.4159799020913561,
  "nDCG@1_stderr": 0.010798300222630822,
  "nDCG@1_ci90_low": 0.7598553069263364,
  "nDCG@1_ci90_high": 0.7954007577636905,
  "nDCG@1_ci95_low": 0.7564464655175622,
  "nDCG@1_ci95_high": 0.7988095991724646,
  "nDCG@3": 0.844808964655945,
  "nDCG@3_std": 0.3153513743751397,
  "nDCG@3_stderr": 0.00818611379781073,
  "nDCG@3_ci90_low": 0.8313355892380603,
  "nDCG@3_ci90_high": 0.8582823400738298,
  "nDCG@3_ci95_low": 0.8287513710633857,
  "nDCG@3_ci95_high": 0.8608665582485043,
  "nDCG@5": 0.8595264346470376,
  "nDCG@5_std": 0.28569524408129865,
  "nDCG@5_stderr": 0.0074162790131387935,
  "nDCG@5_ci90_low": 0.8473201162625409,
  "nDCG@5_ci90_high": 0.8717327530315343,
  "nDCG@5_ci95_low": 0.8449789219562346,
  "nDCG@5_ci95_high": 0.8740739473378406,
  "nDCG@10": 0.873234965273278,
  "nDCG@10_std": 0.2525937836443176,
  "nDCG@10_stderr": 0.006557007914201042,
  "nDCG@10_ci90_low": 0.8624429055208593,
  "nDCG@10_ci90_high": 0.8840270250256967,
  "nDCG@10_ci95_low": 0.8603729686201661,
  "nDCG@10_ci95_high": 0.88609696192639,
  "nDCG@100": 0.8804563652303167,
  "nDCG@100_std": 0.23160995430240816,
  "nDCG@100_stderr": 0.006012294845335938,
  "nDCG@100_ci90_low": 0.8705608387845581,
  "nDCG@100_ci90_high": 0.8903518916760752,
  "nDCG@100_ci95_low": 0.8686628586202738,
  "nDCG@100_ci95_high": 0.8922498718403595,
  "RR@1": 0.7776280323450134,
  "RR@3": 0.833670260557053,
  "RR@5": 0.8411500449236301,
  "RR@10": 0.846485260770975,
  "RR@100": 0.8479536558651144,
  "P@1": 0.7776280323450134,
  "P@3": 0.3126684636118546,
  "P@5": 0.19582210242587123,
  "P@10": 0.10242587601077903,
  "P@100": 0.010599730458220834,
  "R@1": 0.7550539083557951,
  "R@3": 0.890779424977538,
  "R@5": 0.9258760107816711,
  "R@10": 0.9656895777178796,
  "R@100": 0.9959568733153639,
  "AP": 0.8429616298716948
}