nDCG@1,nDCG@1_std,nDCG@1_stderr,nDCG@1_ci90_low,nDCG@1_ci90_high,nDCG@1_ci95_low,nDCG@1_ci95_high,nDCG@3,nDCG@3_std,nDCG@3_stderr,nDCG@3_ci90_low,nDCG@3_ci90_high,nDCG@3_ci95_low,nDCG@3_ci95_high,nDCG@5,nDCG@5_std,nDCG@5_stderr,nDCG@5_ci90_low,nDCG@5_ci90_high,nDCG@5_ci95_low,nDCG@5_ci95_high,nDCG@10,nDCG@10_std,nDCG@10_stderr,nDCG@10_ci90_low,nDCG@10_ci90_high,nDCG@10_ci95_low,nDCG@10_ci95_high,nDCG@100,nDCG@100_std,nDCG@100_stderr,nDCG@100_ci90_low,nDCG@100_ci90_high,nDCG@100_ci95_low,nDCG@100_ci95_high,RR@1,RR@3,RR@5,RR@10,RR@100,P@1,P@3,P@5,P@10,P@100,R@1,R@3,R@5,R@10,R@100,AP
0.828167115902965,0.377362296029653,0.009795837117954249,0.8120443262273628,0.8442899055785672,0.8089519455273609,0.847382286278569,0.8831409430565333,0.2757493731264188,0.007158097067313078,0.8713595616284665,0.8949223244846002,0.8690998710116097,0.897182015101457,0.8967382754538231,0.2428544982148973,0.0063041886614149355,0.8863623262991545,0.9071142246084918,0.8843722001760895,0.9091043507315567,0.9062404200676764,0.21470689876889235,0.005573513386392713,0.8970670760235759,0.9154137641117768,0.8953076117715936,0.9171732283637591,0.9102264367553153,0.20122622615127897,0.005223572561376561,0.9016290539335898,0.9188238195770408,0.8999800601029091,0.9204728134077216,0.828167115902965,0.8746630727762802,0.8811657681940703,0.8846652654772601,0.8855016816393882,0.828167115902965,0.32389937106917677,0.20188679245282512,0.10424528301886522,0.010619946091644015,0.8037960467205751,0.9220013477088949,0.954177897574124,0.9823674752920035,0.9979784366576819,0.8806871641151333
