{
  "nDCG@1": 0.8308625336927223,
  "nDCG@1_std": 0.3749996592103404,
  "nDCG@1_stderr": 0.009734506122000565,
  "nDCG@1_ci90_low": 0.8148406875849286,
  "nDCG@1_ci90_high": 0.8468843798005161,
  "nDCG@1_ci95_low": 0.8117676680468076,
  "nDCG@1_ci95_high": 0.8499573993386371,
  "nDCG@3": 0.8853572859484745,
  "nDCG@3_std": 0.27343263077828145,
  "nDCG@3_stderr": 0.007097957432470394,
  "nDCG@3_ci90_low": 0.8736748872486891,
  "nDCG@3_ci90_high": 0.8970396846482599,
  "nDCG@3_ci95_low": 0.8714341817010871,
  "nDCG@3_ci95_high": 0.8992803901958619,
  "nDCG@5": 0.8980753716779466,
  "nDCG@5_std": 0.24294365824139813,
  "nDCG@5_stderr": 0.006306503140381763,
  "nDCG@5_ci90_low": 0.8876956131645533,
  "nDCG@5_ci90_high": 0.9084551301913399,
  "nDCG@5_ci95_low": 0.8857047563994818,
  "nDCG@5_ci95_high": 0.9104459869564114,
  "nDCG@10": 0.907190211933359,
  "nDCG@10_std": 0.21546991269763366,
  "nDCG@10_stderr": 0.005593320241087314,
  "nDCG@10_ci90_low": 0.8979842681483144,
  "nDCG@10_ci90_high": 0.9163961557184036,
  "nDCG@10_ci95_low": 0.8962185512060875,
  "nDCG@10_ci95_high": 0.9181618726606305,
  "nDCG@100": 0.9116703045033848,
  "nDCG@100_std": 0.20030447558613382,
  "nDCG@100_stderr": 0.00519964510891365,
  "nDCG@100_ci90_low": 0.9031123034393271,
  "nDCG@100_ci90_high": 0.9202283055674425,
  "nDCG@100_ci95_low": 0.9014708631021666,
  "nDCG@100_ci95_high": 0.921869745904603,
  "RR@1": 0.8308625336927223,
  "RR@3": 0.8771338724168913,
  "RR@5": 0.8828279424977542,
  "RR@10": 0.8861937385016903,
  "RR@100": 0.8872378737758723,
  "P@1": 0.8308625336927223,
  "P@3": 0.3243486073674697,
  "P@5": 0.20188679245282515,
  "P@10": 0.10411051212937736,
  "P@100": 0.010619946091644015,
  "R@1": 0.8071653189577719,
  "R@3": 0.9238544474393531,
  "R@5": 0.9538409703504043,
  "R@10": 0.9810197663971248,
  "R@100": 0.9979784366576819,
  "AP": 0.8826810710192311
}