nDCG@1,nDCG@1_std,nDCG@1_stderr,nDCG@1_ci90_low,nDCG@1_ci90_high,nDCG@1_ci95_low,nDCG@1_ci95_high,nDCG@3,nDCG@3_std,nDCG@3_stderr,nDCG@3_ci90_low,nDCG@3_ci90_high,nDCG@3_ci95_low,nDCG@3_ci95_high,nDCG@5,nDCG@5_std,nDCG@5_stderr,nDCG@5_ci90_low,nDCG@5_ci90_high,nDCG@5_ci95_low,nDCG@5_ci95_high,nDCG@10,nDCG@10_std,nDCG@10_stderr,nDCG@10_ci90_low,nDCG@10_ci90_high,nDCG@10_ci95_low,nDCG@10_ci95_high,nDCG@100,nDCG@100_std,nDCG@100_stderr,nDCG@100_ci90_low,nDCG@100_ci90_high,nDCG@100_ci95_low,nDCG@100_ci95_high,RR@1,RR@3,RR@5,RR@10,RR@100,P@1,P@3,P@5,P@10,P@100,R@1,R@3,R@5,R@10,R@100,AP
0.6442048517520216,0.4789149357254043,0.012432012294500513,0.6237432294266197,0.6646664740774234,0.6198186526478535,0.6685910508561896,0.7279749653024973,0.397882871782759,0.010328524722834286,0.7109754348121116,0.744974495792883,0.7077148936120293,0.7482350369929652,0.74936557919433,0.3699408290714103,0.009603185434773075,0.7335598714108805,0.7651712869777795,0.7305283076007185,0.7682028507879415,0.7701823258909276,0.33672312485817196,0.008740896797755412,0.755795843250454,0.7845688085314012,0.7530364894318259,0.7873281623500293,0.7885875120686704,0.29969811178969924,0.007779775347295544,0.7757829216965025,0.8013921024408382,0.7733269777230944,0.8038480464142463,0.6442048517520216,0.7128256963162628,0.7241127583108724,0.7323059727035472,0.7361064473881214,0.6442048517520216,0.2760557053009848,0.17695417789757031,0.09541778975741019,0.010444743935309786,0.6253930817610063,0.7876796945193171,0.8387241689128481,0.9010557053009882,0.9822551662174303,0.7300047531490609
