{
  "nDCG@1": 0.7749326145552561,
  "nDCG@1_std": 0.4177674772463883,
  "nDCG@1_stderr": 0.010844703361574573,
  "nDCG@1_ci90_low": 0.7570835150563989,
  "nDCG@1_ci90_high": 0.7927817140541132,
  "nDCG@1_ci95_low": 0.7536600249586397,
  "nDCG@1_ci95_high": 0.7962052041518725,
  "nDCG@3": 0.8402426634092824,
  "nDCG@3_std": 0.32200747893282755,
  "nDCG@3_stderr": 0.008358897663006577,
  "nDCG@3_ci90_low": 0.8264849061785575,
  "nDCG@3_ci90_high": 0.8540004206400074,
  "nDCG@3_ci95_low": 0.8238461430493713,
  "nDCG@3_ci95_high": 0.8566391837691936,
  "nDCG@5": 0.8539945295283823,
  "nDCG@5_std": 0.2956954923607894,
  "nDCG@5_stderr": 0.007675872523978827,
  "nDCG@5_ci90_low": 0.8413609509183401,
  "nDCG@5_ci90_high": 0.8666281081384245,
  "nDCG@5_ci95_low": 0.8389378073152965,
  "nDCG@5_ci95_high": 0.869051251741468,
  "nDCG@10": 0.8683362888075026,
  "nDCG@10_std": 0.2615471948085873,
  "nDCG@10_stderr": 0.00678942688752732,
  "nDCG@10_ci90_low": 0.8571616949052775,
  "nDCG@10_ci90_high": 0.8795108827097277,
  "nDCG@10_ci95_low": 0.8550183872513986,
  "nDCG@10_ci95_high": 0.8816541903636066,
  "nDCG@100": 0.8764441705424693,
  "nDCG@100_std": 0.2384269771854338,
  "nDCG@100_stderr": 0.006189255942122986,
  "nDCG@100_ci90_low": 0.8662573870545707,
  "nDCG@100_ci90_high": 0.8866309540303678,
  "nDCG@100_ci95_low": 0.8643035432541554,
  "nDCG@100_ci95_high": 0.8885847978307831,
  "RR@1": 0.7756064690026954,
  "RR@3": 0.8291778975741242,
  "RR@5": 0.8360849056603776,
  "RR@10": 0.8417022312069484,
  "RR@100": 0.84350691624196,
  "P@1": 0.7749326145552561,
  "P@3": 0.31087151841868305,
  "P@5": 0.19407008086252905,
  "P@10": 0.10181940700808369,
  "P@100": 0.01057277628032326,
  "R@1": 0.7534254267744834,
  "R@3": 0.8855008984725967,
  "R@5": 0.917902066486972,
  "R@10": 0.9611972147349505,
  "R@100": 0.9939353099730458,
  "AP": 0.8386938331949887
}