{
  "nDCG@1": 0.7513477088948787,
  "nDCG@1_std": 0.4323775046516642,
  "nDCG@1_stderr": 0.011223960776151266,
  "nDCG@1_ci90_low": 0.7328743965335062,
  "nDCG@1_ci90_high": 0.7698210212562512,
  "nDCG@1_ci95_low": 0.7293311812611603,
  "nDCG@1_ci95_high": 0.7733642365285971,
  "nDCG@3": 0.8219718068170234,
  "nDCG@3_std": 0.33785043263061787,
  "nDCG@3_stderr": 0.008770160249448572,
  "nDCG@3_ci90_low": 0.8075371599950563,
  "nDCG@3_ci90_high": 0.8364064536389906,
  "nDCG@3_ci95_low": 0.8047685681978722,
  "nDCG@3_ci95_high": 0.8391750454361746,
  "nDCG@5": 0.8405823408607558,
  "nDCG@5_std": 0.3038533306737878,
  "nDCG@5_stderr": 0.007887639455093904,
  "nDCG@5_ci90_low": 0.827600218920572,
  "nDCG@5_ci90_high": 0.8535644628009396,
  "nDCG@5_ci95_low": 0.8251102240660435,
  "nDCG@5_ci95_high": 0.8560544576554681,
  "nDCG@10": 0.8520063568574374,
  "nDCG@10_std": 0.2777127606968486,
  "nDCG@10_stderr": 0.007209064069161707,
  "nDCG@10_ci90_low": 0.8401410897704619,
  "nDCG@10_ci90_high": 0.863871623944413,
  "nDCG@10_ci95_low": 0.8378653097300106,
  "nDCG@10_ci95_high": 0.8661474039848642,
  "nDCG@100": 0.8621205521993902,
  "nDCG@100_std": 0.25104322971697973,
  "nDCG@100_stderr": 0.006516757539760844,
  "nDCG@100_ci90_low": 0.8513947398042571,
  "nDCG@100_ci90_high": 0.8728463645945234,
  "nDCG@100_ci95_low": 0.8493375092684806,
  "nDCG@100_ci95_high": 0.8749035951302998,
  "RR@1": 0.7506738544474394,
  "RR@3": 0.8087376460017969,
  "RR@5": 0.8183400718778079,
  "RR@10": 0.822827889017242,
  "RR@100": 0.8249467106477515,
  "P@1": 0.7513477088948787,
  "P@3": 0.3059299191374613,
  "P@5": 0.1935309973045776,
  "P@10": 0.10053908355794897,
  "P@100": 0.010545822102425688,
  "R@1": 0.7311882300089848,
  "R@3": 0.8705637915543575,
  "R@5": 0.9143643306379154,
  "R@10": 0.9494047619047618,
  "R@100": 0.9912398921832885,
  "AP": 0.8211630591749436
}