nDCG@1,nDCG@1_std,nDCG@1_stderr,nDCG@1_ci90_low,nDCG@1_ci90_high,nDCG@1_ci95_low,nDCG@1_ci95_high,nDCG@3,nDCG@3_std,nDCG@3_stderr,nDCG@3_ci90_low,nDCG@3_ci90_high,nDCG@3_ci95_low,nDCG@3_ci95_high,nDCG@5,nDCG@5_std,nDCG@5_stderr,nDCG@5_ci90_low,nDCG@5_ci90_high,nDCG@5_ci95_low,nDCG@5_ci95_high,nDCG@10,nDCG@10_std,nDCG@10_stderr,nDCG@10_ci90_low,nDCG@10_ci90_high,nDCG@10_ci95_low,nDCG@10_ci95_high,nDCG@100,nDCG@100_std,nDCG@100_stderr,nDCG@100_ci90_low,nDCG@100_ci90_high,nDCG@100_ci95_low,nDCG@100_ci95_high,RR@1,RR@3,RR@5,RR@10,RR@100,P@1,P@3,P@5,P@10,P@100,R@1,R@3,R@5,R@10,R@100,AP
0.772911051212938,0.41909177099334205,0.010879080314380863,0.755005371314355,0.7908167311115211,0.7515710289919106,0.7942510734339654,0.8369973367388143,0.3262053974386808,0.008467870197757514,0.8230602236003655,0.8509344498772631,0.8203870596783489,0.8536076137992796,0.8528418773927726,0.2958293352768079,0.007679346912963904,0.8402025803492588,0.8654811744362865,0.8377783399401627,0.8679054148453825,0.8651645802408068,0.2663626455261185,0.006914429759766482,0.853784246390715,0.8765449140908985,0.8516014774366019,0.8787276830450117,0.8737647999742459,0.24255070243597623,0.006296302515928904,0.863401830482621,0.8841277694658709,0.8614141938827897,0.8861154060657022,0.7735849056603774,0.825696316262354,0.8336141060197668,0.8383808240277244,0.840179182149388,0.772911051212938,0.3101976639712437,0.1946091644204805,0.10141509433962008,0.010566037735848867,0.7520777178796048,0.8826931716082659,0.9202605570530098,0.9578279424977537,0.9932614555256065,0.8357896334593343
