nDCG@1,nDCG@1_std,nDCG@1_stderr,nDCG@1_ci90_low,nDCG@1_ci90_high,nDCG@1_ci95_low,nDCG@1_ci95_high,nDCG@3,nDCG@3_std,nDCG@3_stderr,nDCG@3_ci90_low,nDCG@3_ci90_high,nDCG@3_ci95_low,nDCG@3_ci95_high,nDCG@5,nDCG@5_std,nDCG@5_stderr,nDCG@5_ci90_low,nDCG@5_ci90_high,nDCG@5_ci95_low,nDCG@5_ci95_high,nDCG@10,nDCG@10_std,nDCG@10_stderr,nDCG@10_ci90_low,nDCG@10_ci90_high,nDCG@10_ci95_low,nDCG@10_ci95_high,nDCG@100,nDCG@100_std,nDCG@100_stderr,nDCG@100_ci90_low,nDCG@100_ci90_high,nDCG@100_ci95_low,nDCG@100_ci95_high,RR@1,RR@3,RR@5,RR@10,RR@100,P@1,P@3,P@5,P@10,P@100,R@1,R@3,R@5,R@10,R@100,AP
0.7203504043126685,0.44897832457007786,0.011654896589443254,0.7011678225547421,0.7395329860705949,0.6974885681082127,0.7432122405171243,0.7937202287662838,0.3596213042499965,0.009335303917862567,0.7783554222864312,0.8090850352461364,0.7754084241568545,0.8120320333757131,0.8115316638113494,0.3313371042691165,0.008601082669636504,0.797375298694697,0.8256880289280019,0.794660081840187,0.8284032457825119,0.8280106355427723,0.2984611768744332,0.007747666116768431,0.8152588931675853,0.8407623779179594,0.8128130855371541,0.8432081855483905,0.8406996930666429,0.26767683299245254,0.006948544366599523,0.8292632106072785,0.8521361755260074,0.8270696722466829,0.854329713886603,0.7203504043126685,0.7811096136567833,0.790240341419587,0.7967221794378126,0.7993510459362878,0.7203504043126685,0.2962713387241644,0.1874663072776238,0.09912398921832642,0.010539083557951294,0.6998539982030549,0.8443957771787961,0.8862309074573225,0.9359276729559748,0.9905660377358491,0.7941486876227535
