{
  "nDCG@1": 0.6442048517520216,
  "nDCG@1_std": 0.4789149357254043,
  "nDCG@1_stderr": 0.012432012294500513,
  "nDCG@1_ci90_low": 0.6237432294266197,
  "nDCG@1_ci90_high": 0.6646664740774234,
  "nDCG@1_ci95_low": 0.6198186526478535,
  "nDCG@1_ci95_high": 0.6685910508561896,
  "nDCG@3": 0.7279749653024973,
  "nDCG@3_std": 0.397882871782759,
  "nDCG@3_stderr": 0.010328524722834286,
  "nDCG@3_ci90_low": 0.7109754348121116,
  "nDCG@3_ci90_high": 0.744974495792883,
  "nDCG@3_ci95_low": 0.7077148936120293,
  "nDCG@3_ci95_high": 0.7482350369929652,
  "nDCG@5": 0.74936557919433,
  "nDCG@5_std": 0.3699408290714103,
  "nDCG@5_stderr": 0.009603185434773075,
  "nDCG@5_ci90_low": 0.7335598714108805,
  "nDCG@5_ci90_high": 0.7651712869777795,
  "nDCG@5_ci95_low": 0.7305283076007185,
  "nDCG@5_ci95_high": 0.7682028507879415,
  "nDCG@10": 0.7701823258909276,
  "nDCG@10_std": 0.33672312485817196,
  "nDCG@10_stderr": 0.008740896797755412,
  "nDCG@10_ci90_low": 0.755795843250454,
  "nDCG@10_ci90_high": 0.7845688085314012,
  "nDCG@10_ci95_low": 0.7530364894318259,
  "nDCG@10_ci95_high": 0.7873281623500293,
  "nDCG@100": 0.7885875120686704,
  "nDCG@100_std": 0.29969811178969924,
  "nDCG@100_stderr": 0.007779775347295544,
  "nDCG@100_ci90_low": 0.7757829216965025,
  "nDCG@100_ci90_high": 0.8013921024408382,
  "nDCG@100_ci95_low": 0.7733269777230944,
  "nDCG@100_ci95_high": 0.8038480464142463,
  "RR@1": 0.6442048517520216,
  "RR@3": 0.7128256963162628,
  "RR@5": 0.7241127583108724,
  "RR@10": 0.7323059727035472,
  "RR@100": 0.7361064473881214,
  "P@1": 0.6442048517520216,
  "P@3": 0.2760557053009848,
  "P@5": 0.17695417789757031,
  "P@10": 0.09541778975741019,
  "P@100": 0.010444743935309786,
  "R@1": 0.6253930817610063,
  "R@3": 0.7876796945193171,
  "R@5": 0.8387241689128481,
  "R@10": 0.9010557053009882,
  "R@100": 0.9822551662174303,
  "AP": 0.7300047531490609
}