nDCG@1,nDCG@1_std,nDCG@1_stderr,nDCG@1_ci90_low,nDCG@1_ci90_high,nDCG@1_ci95_low,nDCG@1_ci95_high,nDCG@3,nDCG@3_std,nDCG@3_stderr,nDCG@3_ci90_low,nDCG@3_ci90_high,nDCG@3_ci95_low,nDCG@3_ci95_high,nDCG@5,nDCG@5_std,nDCG@5_stderr,nDCG@5_ci90_low,nDCG@5_ci90_high,nDCG@5_ci95_low,nDCG@5_ci95_high,nDCG@10,nDCG@10_std,nDCG@10_stderr,nDCG@10_ci90_low,nDCG@10_ci90_high,nDCG@10_ci95_low,nDCG@10_ci95_high,nDCG@100,nDCG@100_std,nDCG@100_stderr,nDCG@100_ci90_low,nDCG@100_ci90_high,nDCG@100_ci95_low,nDCG@100_ci95_high,RR@1,RR@3,RR@5,RR@10,RR@100,P@1,P@3,P@5,P@10,P@100,R@1,R@3,R@5,R@10,R@100,AP
0.7735849056603774,0.41865189055248975,0.010867661587085372,0.7556980196368182,0.7914717916839367,0.7522672820141542,0.7949025293066007,0.8369973367388143,0.3267217711369271,0.00848127459107724,0.823038161553843,0.8509565119237855,0.8203607660907444,0.8536339073868842,0.8531501974519887,0.29575999944284775,0.007677547044394477,0.8405138627793309,0.8657865321246465,0.838090190558411,0.8682102043455664,0.8650404570272919,0.26740888833020926,0.006941588869731987,0.8536154224933814,0.8764654915612025,0.8514240798659337,0.8786568341886501,0.8740221281352825,0.24255374685367626,0.006296381545074693,0.8636590285710276,0.8843852276995373,0.8616713670230268,0.8863728892475381,0.7742587601078167,0.8259209344115005,0.8340071877807732,0.8386110576305996,0.8405342759471895,0.7735849056603774,0.3099730458220973,0.1946091644204805,0.10128032345013221,0.010566037735848867,0.7527515723270441,0.8820193171608265,0.9202605570530098,0.956480233602875,0.9932614555256065,0.8361639229810479
