{
  "nDCG@1": 0.772911051212938,
  "nDCG@1_std": 0.41909177099334205,
  "nDCG@1_stderr": 0.010879080314380863,
  "nDCG@1_ci90_low": 0.755005371314355,
  "nDCG@1_ci90_high": 0.7908167311115211,
  "nDCG@1_ci95_low": 0.7515710289919106,
  "nDCG@1_ci95_high": 0.7942510734339654,
  "nDCG@3": 0.8369973367388143,
  "nDCG@3_std": 0.3262053974386808,
  "nDCG@3_stderr": 0.008467870197757514,
  "nDCG@3_ci90_low": 0.8230602236003655,
  "nDCG@3_ci90_high": 0.8509344498772631,
  "nDCG@3_ci95_low": 0.8203870596783489,
  "nDCG@3_ci95_high": 0.8536076137992796,
  "nDCG@5": 0.8528418773927726,
  "nDCG@5_std": 0.2958293352768079,
  "nDCG@5_stderr": 0.007679346912963904,
  "nDCG@5_ci90_low": 0.8402025803492588,
  "nDCG@5_ci90_high": 0.8654811744362865,
  "nDCG@5_ci95_low": 0.8377783399401627,
  "nDCG@5_ci95_high": 0.8679054148453825,
  "nDCG@10": 0.8651645802408068,
  "nDCG@10_std": 0.2663626455261185,
  "nDCG@10_stderr": 0.006914429759766482,
  "nDCG@10_ci90_low": 0.853784246390715,
  "nDCG@10_ci90_high": 0.8765449140908985,
  "nDCG@10_ci95_low": 0.8516014774366019,
  "nDCG@10_ci95_high": 0.8787276830450117,
  "nDCG@100": 0.8737647999742459,
  "nDCG@100_std": 0.24255070243597623,
  "nDCG@100_stderr": 0.006296302515928904,
  "nDCG@100_ci90_low": 0.863401830482621,
  "nDCG@100_ci90_high": 0.8841277694658709,
  "nDCG@100_ci95_low": 0.8614141938827897,
  "nDCG@100_ci95_high": 0.8861154060657022,
  "RR@1": 0.7735849056603774,
  "RR@3": 0.825696316262354,
  "RR@5": 0.8336141060197668,
  "RR@10": 0.8383808240277244,
  "RR@100": 0.840179182149388,
  "P@1": 0.772911051212938,
  "P@3": 0.3101976639712437,
  "P@5": 0.1946091644204805,
  "P@10": 0.10141509433962008,
  "P@100": 0.010566037735848867,
  "R@1": 0.7520777178796048,
  "R@3": 0.8826931716082659,
  "R@5": 0.9202605570530098,
  "R@10": 0.9578279424977537,
  "R@100": 0.9932614555256065,
  "AP": 0.8357896334593343
}