nDCG@1,nDCG@1_std,nDCG@1_stderr,nDCG@1_ci90_low,nDCG@1_ci90_high,nDCG@1_ci95_low,nDCG@1_ci95_high,nDCG@3,nDCG@3_std,nDCG@3_stderr,nDCG@3_ci90_low,nDCG@3_ci90_high,nDCG@3_ci95_low,nDCG@3_ci95_high,nDCG@5,nDCG@5_std,nDCG@5_stderr,nDCG@5_ci90_low,nDCG@5_ci90_high,nDCG@5_ci95_low,nDCG@5_ci95_high,nDCG@10,nDCG@10_std,nDCG@10_stderr,nDCG@10_ci90_low,nDCG@10_ci90_high,nDCG@10_ci95_low,nDCG@10_ci95_high,nDCG@100,nDCG@100_std,nDCG@100_stderr,nDCG@100_ci90_low,nDCG@100_ci90_high,nDCG@100_ci95_low,nDCG@100_ci95_high,RR@1,RR@3,RR@5,RR@10,RR@100,P@1,P@3,P@5,P@10,P@100,R@1,R@3,R@5,R@10,R@100,AP
0.7756064690026954,0.41732293452147023,0.010833163607415016,0.7577763625747705,0.7934365754306202,0.7543565153829331,0.7968564226224576,0.8408282902599756,0.3213691564131899,0.008342327636014266,0.8270978053345065,0.8545587751854448,0.8244642730836058,0.8571923074363454,0.8541971411501185,0.29567874917454734,0.0076754378925199115,0.8415642778920686,0.8668300044081684,0.8391412714948523,0.8692530108053846,0.8684744820046089,0.26188533966966576,0.006798204690758456,0.8572854408761176,0.8796635231331001,0.8551393622176809,0.8818096017915368,0.8767537241900696,0.23824088267936655,0.00618442516944336,0.8665748915828304,0.8869325567973088,0.8646225727759426,0.8888848756041966,0.7756064690026954,0.8294025157232705,0.8363095238095241,0.8418332584606171,0.8436338231401117,0.7756064690026954,0.3110961365678295,0.1939353099730412,0.10175202156333975,0.01057277628032326,0.7540992812219228,0.886174752920036,0.9176774483378258,0.9605233602875112,0.9939353099730458,0.8391008666302628
