nDCG@1,nDCG@1_std,nDCG@1_stderr,nDCG@1_ci90_low,nDCG@1_ci90_high,nDCG@1_ci95_low,nDCG@1_ci95_high,nDCG@3,nDCG@3_std,nDCG@3_stderr,nDCG@3_ci90_low,nDCG@3_ci90_high,nDCG@3_ci95_low,nDCG@3_ci95_high,nDCG@5,nDCG@5_std,nDCG@5_stderr,nDCG@5_ci90_low,nDCG@5_ci90_high,nDCG@5_ci95_low,nDCG@5_ci95_high,nDCG@10,nDCG@10_std,nDCG@10_stderr,nDCG@10_ci90_low,nDCG@10_ci90_high,nDCG@10_ci95_low,nDCG@10_ci95_high,nDCG@100,nDCG@100_std,nDCG@100_stderr,nDCG@100_ci90_low,nDCG@100_ci90_high,nDCG@100_ci95_low,nDCG@100_ci95_high,RR@1,RR@3,RR@5,RR@10,RR@100,P@1,P@3,P@5,P@10,P@100,R@1,R@3,R@5,R@10,R@100,AP
0.6442048517520216,0.4789149357254043,0.012432012294500513,0.6237432294266197,0.6646664740774234,0.6198186526478535,0.6685910508561896,0.7279749653024973,0.397882871782759,0.010328524722834286,0.7109754348121116,0.744974495792883,0.7077148936120293,0.7482350369929652,0.7493951100237364,0.36991361981243565,0.009602479117603023,0.7335905647548366,0.7651996552926361,0.7305592239171026,0.7682309961303702,0.7702118567203339,0.33669140414081605,0.008740073368960983,0.755826729346297,0.7845969840943707,0.7530676354702629,0.7873560779704049,0.788623059246271,0.29964990932017693,0.007778524073532659,0.7758205283227713,0.8014255901697707,0.7733649793554038,0.8038811391371381,0.644878706199461,0.7131626235399824,0.7244833782569642,0.7326092072048948,0.7364714159415184,0.6442048517520216,0.2760557053009848,0.17695417789757031,0.09541778975741019,0.010444743935309786,0.6253930817610063,0.7876796945193171,0.8387241689128481,0.9010557053009882,0.9822551662174303,0.7300422921355286
