{
  "nDCG@1": 0.7513477088948787,
  "nDCG@1_std": 0.4323775046516642,
  "nDCG@1_stderr": 0.011223960776151266,
  "nDCG@1_ci90_low": 0.7328743965335062,
  "nDCG@1_ci90_high": 0.7698210212562512,
  "nDCG@1_ci95_low": 0.7293311812611603,
  "nDCG@1_ci95_high": 0.7733642365285971,
  "nDCG@3": 0.8220259033202927,
  "nDCG@3_std": 0.33787252113911004,
  "nDCG@3_stderr": 0.008770733638559368,
  "nDCG@3_ci90_low": 0.8075903127676444,
  "nDCG@3_ci90_high": 0.836461493872941,
  "nDCG@3_ci95_low": 0.8048215399611808,
  "nDCG@3_ci95_high": 0.8392302666794046,
  "nDCG@5": 0.8406364373640254,
  "nDCG@5_std": 0.3038745750904222,
  "nDCG@5_stderr": 0.007888190932671834,
  "nDCG@5_ci90_low": 0.8276534077569528,
  "nDCG@5_ci90_high": 0.8536194669710979,
  "nDCG@5_ci95_low": 0.8251632388102463,
  "nDCG@5_ci95_high": 0.8561096359178044,
  "nDCG@10": 0.8522642560713014,
  "nDCG@10_std": 0.27722180581088074,
  "nDCG@10_stderr": 0.007196319515331595,
  "nDCG@10_ci90_low": 0.8404199650130653,
  "nDCG@10_ci90_high": 0.8641085471295376,
  "nDCG@10_ci95_low": 0.8381482082134886,
  "nDCG@10_ci95_high": 0.8663803039291142,
  "nDCG@100": 0.8621929706137149,
  "nDCG@100_std": 0.25102067954752694,
  "nDCG@100_stderr": 0.006516172166528633,
  "nDCG@100_ci90_low": 0.8514681216737098,
  "nDCG@100_ci90_high": 0.87291781955372,
  "nDCG@100_ci95_low": 0.8494110759303981,
  "nDCG@100_ci95_high": 0.8749748652970317,
  "RR@1": 0.7506738544474394,
  "RR@3": 0.8087376460017969,
  "RR@5": 0.8183400718778079,
  "RR@10": 0.8229057031617678,
  "RR@100": 0.8249671424090216,
  "P@1": 0.7513477088948787,
  "P@3": 0.3059299191374613,
  "P@5": 0.1935309973045776,
  "P@10": 0.10060646900269289,
  "P@100": 0.010545822102425688,
  "R@1": 0.7311882300089848,
  "R@3": 0.8705637915543575,
  "R@5": 0.9143643306379154,
  "R@10": 0.9500786163522011,
  "R@100": 0.9912398921832885,
  "AP": 0.8212924232722347
}