{
  "nDCG@1": 0.7203504043126685,
  "nDCG@1_std": 0.44897832457007786,
  "nDCG@1_stderr": 0.011654896589443254,
  "nDCG@1_ci90_low": 0.7011678225547421,
  "nDCG@1_ci90_high": 0.7395329860705949,
  "nDCG@1_ci95_low": 0.6974885681082127,
  "nDCG@1_ci95_high": 0.7432122405171243,
  "nDCG@3": 0.7936320011695376,
  "nDCG@3_std": 0.3596773257830424,
  "nDCG@3_stderr": 0.00933675816440121,
  "nDCG@3_ci90_low": 0.7782648011718267,
  "nDCG@3_ci90_high": 0.8089992011672484,
  "nDCG@3_ci95_low": 0.7753173439611245,
  "nDCG@3_ci95_high": 0.8119466583779507,
  "nDCG@5": 0.8116032729482753,
  "nDCG@5_std": 0.33106805791879274,
  "nDCG@5_stderr": 0.00859409857437134,
  "nDCG@5_ci90_low": 0.7974584028266578,
  "nDCG@5_ci90_high": 0.8257481430698927,
  "nDCG@5_ci95_low": 0.794745390733328,
  "nDCG@5_ci95_high": 0.8284611551632226,
  "nDCG@10": 0.8277876263862043,
  "nDCG@10_std": 0.29888342267632645,
  "nDCG@10_stderr": 0.007758627071645495,
  "nDCG@10_ci90_low": 0.815017843575269,
  "nDCG@10_ci90_high": 0.8405574091971396,
  "nDCG@10_ci95_low": 0.8125685757560958,
  "nDCG@10_ci95_high": 0.8430066770163128,
  "nDCG@100": 0.8406697959078873,
  "nDCG@100_std": 0.26765780346278106,
  "nDCG@100_stderr": 0.006948050384622377,
  "nDCG@100_ci90_low": 0.8292341264844507,
  "nDCG@100_ci90_high": 0.8521054653313238,
  "nDCG@100_ci95_low": 0.8270407440656409,
  "nDCG@100_ci95_high": 0.8542988477501336,
  "RR@1": 0.7203504043126685,
  "RR@3": 0.7812219227313568,
  "RR@5": 0.7901841868823005,
  "RR@10": 0.7966753839900739,
  "RR@100": 0.799306930178239,
  "P@1": 0.7203504043126685,
  "P@3": 0.2962713387241644,
  "P@5": 0.18760107816711166,
  "P@10": 0.0990566037735825,
  "P@100": 0.010539083557951294,
  "R@1": 0.6998539982030549,
  "R@3": 0.8443957771787961,
  "R@5": 0.8865678346810422,
  "R@10": 0.9352538185085354,
  "R@100": 0.9905660377358491,
  "AP": 0.7940974981370091
}