nDCG@1,nDCG@1_std,nDCG@1_stderr,nDCG@1_ci90_low,nDCG@1_ci90_high,nDCG@1_ci95_low,nDCG@1_ci95_high,nDCG@3,nDCG@3_std,nDCG@3_stderr,nDCG@3_ci90_low,nDCG@3_ci90_high,nDCG@3_ci95_low,nDCG@3_ci95_high,nDCG@5,nDCG@5_std,nDCG@5_stderr,nDCG@5_ci90_low,nDCG@5_ci90_high,nDCG@5_ci95_low,nDCG@5_ci95_high,nDCG@10,nDCG@10_std,nDCG@10_stderr,nDCG@10_ci90_low,nDCG@10_ci90_high,nDCG@10_ci95_low,nDCG@10_ci95_high,nDCG@100,nDCG@100_std,nDCG@100_stderr,nDCG@100_ci90_low,nDCG@100_ci90_high,nDCG@100_ci95_low,nDCG@100_ci95_high,RR@1,RR@3,RR@5,RR@10,RR@100,P@1,P@3,P@5,P@10,P@100,R@1,R@3,R@5,R@10,R@100,AP
0.7203504043126685,0.44897832457007786,0.011654896589443254,0.7011678225547421,0.7395329860705949,0.6974885681082127,0.7432122405171243,0.7936320011695376,0.3596773257830424,0.00933675816440121,0.7782648011718267,0.8089992011672484,0.7753173439611245,0.8119466583779507,0.8116032729482753,0.33106805791879274,0.00859409857437134,0.7974584028266578,0.8257481430698927,0.794745390733328,0.8284611551632226,0.8277876263862043,0.29888342267632645,0.007758627071645495,0.815017843575269,0.8405574091971396,0.8125685757560958,0.8430066770163128,0.8406697959078873,0.26765780346278106,0.006948050384622377,0.8292341264844507,0.8521054653313238,0.8270407440656409,0.8542988477501336,0.7203504043126685,0.7812219227313568,0.7901841868823005,0.7966753839900739,0.799306930178239,0.7203504043126685,0.2962713387241644,0.18760107816711166,0.0990566037735825,0.010539083557951294,0.6998539982030549,0.8443957771787961,0.8865678346810422,0.9352538185085354,0.9905660377358491,0.7940974981370091
