{
  "nDCG@1": 0.7769541778975741,
  "nDCG@1_std": 0.4164291519900746,
  "nDCG@1_stderr": 0.0108099621689339,
  "nDCG@1_ci90_low": 0.7591622582941441,
  "nDCG@1_ci90_high": 0.7947460975010042,
  "nDCG@1_ci95_low": 0.7557497354054477,
  "nDCG@1_ci95_high": 0.7981586203897006,
  "nDCG@3": 0.8392859601823408,
  "nDCG@3_std": 0.3254474814386918,
  "nDCG@3_stderr": 0.008448195678699573,
  "nDCG@3_ci90_low": 0.8253812289760251,
  "nDCG@3_ci90_high": 0.8531906913886566,
  "nDCG@3_ci95_low": 0.8227142759681226,
  "nDCG@3_ci95_high": 0.855857644396559,
  "nDCG@5": 0.8549232702801022,
  "nDCG@5_std": 0.29557581833480084,
  "nDCG@5_stderr": 0.007672765941052636,
  "nDCG@5_ci90_low": 0.8422948047382465,
  "nDCG@5_ci90_high": 0.8675517358219579,
  "nDCG@5_ci95_low": 0.8398726418310811,
  "nDCG@5_ci95_high": 0.8699738987291232,
  "nDCG@10": 0.8682014972783447,
  "nDCG@10_std": 0.2638710617987199,
  "nDCG@10_stderr": 0.006849751468861065,
  "nDCG@10_ci90_low": 0.8569276162477812,
  "nDCG@10_ci90_high": 0.8794753783089082,
  "nDCG@10_ci95_low": 0.8547652651401569,
  "nDCG@10_ci95_high": 0.8816377294165325,
  "nDCG@100": 0.8769828243491021,
  "nDCG@100_std": 0.23888130715619735,
  "nDCG@100_stderr": 0.006201049760525699,
  "nDCG@100_ci90_low": 0.8667766296305666,
  "nDCG@100_ci90_high": 0.8871890190676377,
  "nDCG@100_ci95_low": 0.8648190627204294,
  "nDCG@100_ci95_high": 0.8891465859777749,
  "RR@1": 0.7769541778975741,
  "RR@3": 0.8285040431266847,
  "RR@5": 0.8363881401617254,
  "RR@10": 0.8417367261369959,
  "RR@100": 0.8437277477617366,
  "P@1": 0.7769541778975741,
  "P@3": 0.3097484276729508,
  "P@5": 0.19433962264150478,
  "P@10": 0.10154986522910796,
  "P@100": 0.01057277628032326,
  "R@1": 0.7561208445642409,
  "R@3": 0.8821316262353999,
  "R@5": 0.9189128481581311,
  "R@10": 0.9585017969451931,
  "R@100": 0.9939353099730458,
  "AP": 0.8395586597733952
}