nDCG@1,nDCG@1_std,nDCG@1_stderr,nDCG@1_ci90_low,nDCG@1_ci90_high,nDCG@1_ci95_low,nDCG@1_ci95_high,nDCG@3,nDCG@3_std,nDCG@3_stderr,nDCG@3_ci90_low,nDCG@3_ci90_high,nDCG@3_ci95_low,nDCG@3_ci95_high,nDCG@5,nDCG@5_std,nDCG@5_stderr,nDCG@5_ci90_low,nDCG@5_ci90_high,nDCG@5_ci95_low,nDCG@5_ci95_high,nDCG@10,nDCG@10_std,nDCG@10_stderr,nDCG@10_ci90_low,nDCG@10_ci90_high,nDCG@10_ci95_low,nDCG@10_ci95_high,nDCG@100,nDCG@100_std,nDCG@100_stderr,nDCG@100_ci90_low,nDCG@100_ci90_high,nDCG@100_ci95_low,nDCG@100_ci95_high,RR@1,RR@3,RR@5,RR@10,RR@100,P@1,P@3,P@5,P@10,P@100,R@1,R@3,R@5,R@10,R@100,AP
0.6556603773584906,0.4753126187286811,0.012338500804565214,0.6353526638890982,0.675968090827883,0.6314576071118614,0.6798631476051198,0.7385246201370221,0.3926999391821021,0.010193982496216659,0.721746530243915,0.7553027100301293,0.7185284617574884,0.7585207785165559,0.7577681946564236,0.36667256734856946,0.009518345587674844,0.7421021232301741,0.7734342660826732,0.7390973419300313,0.776439047382816,0.777629204749105,0.3342584667436233,0.008676917460933522,0.7633480245323797,0.7919103849658303,0.7606088679122149,0.7946495415859951,0.795514469916864,0.29743666572797556,0.007721071132526977,0.7828064997412539,0.8082224400924741,0.7803690876991728,0.8106598521345553,0.6556603773584906,0.7225965858041336,0.732940251572328,0.7404890257989998,0.7443213287635762,0.6556603773584906,0.28099730458220645,0.1787061994609126,0.09595687331536167,0.010438005390835394,0.6351639712488769,0.7984052111410601,0.8443396226415094,0.9042003593890385,0.9821990116801439,0.7391732669828454
