nDCG@1,nDCG@1_std,nDCG@1_stderr,nDCG@1_ci90_low,nDCG@1_ci90_high,nDCG@1_ci95_low,nDCG@1_ci95_high,nDCG@3,nDCG@3_std,nDCG@3_stderr,nDCG@3_ci90_low,nDCG@3_ci90_high,nDCG@3_ci95_low,nDCG@3_ci95_high,nDCG@5,nDCG@5_std,nDCG@5_stderr,nDCG@5_ci90_low,nDCG@5_ci90_high,nDCG@5_ci95_low,nDCG@5_ci95_high,nDCG@10,nDCG@10_std,nDCG@10_stderr,nDCG@10_ci90_low,nDCG@10_ci90_high,nDCG@10_ci95_low,nDCG@10_ci95_high,nDCG@100,nDCG@100_std,nDCG@100_stderr,nDCG@100_ci90_low,nDCG@100_ci90_high,nDCG@100_ci95_low,nDCG@100_ci95_high,RR@1,RR@3,RR@5,RR@10,RR@100,P@1,P@3,P@5,P@10,P@100,R@1,R@3,R@5,R@10,R@100,AP
0.6664420485175202,0.47164281118876045,0.012243237347421953,0.6462911274350159,0.6865929696000245,0.6424261437258323,0.6904579533092081,0.7375967719907337,0.39867518759365717,0.010349092216490113,0.7205633898376086,0.7546301541438588,0.7172963558263799,0.7578971881550876,0.7619914728766822,0.3664050709028353,0.009511401725928154,0.7463368302258533,0.7776461155275112,0.7433342409858469,0.7806487047675176,0.7809160426110011,0.3347206055877282,0.008688913987588044,0.7666151175298237,0.7952169676921785,0.763872173808358,0.7979599114136442,0.7982036005027675,0.29947453631317655,0.007773971617101436,0.7854085623842894,0.8109986386212457,0.7829544505506999,0.8134527504548351,0.6664420485175202,0.7250673854447446,0.7374326145552572,0.7451765926496395,0.7487978367097053,0.6664420485175202,0.27762803234500993,0.1795148247978398,0.09582210242587381,0.01041105121293782,0.6457210242587601,0.7893081761006289,0.8469227313566936,0.903863432165319,0.9793912848158131,0.7436041494566673
