nDCG@1,nDCG@1_std,nDCG@1_stderr,nDCG@1_ci90_low,nDCG@1_ci90_high,nDCG@1_ci95_low,nDCG@1_ci95_high,nDCG@3,nDCG@3_std,nDCG@3_stderr,nDCG@3_ci90_low,nDCG@3_ci90_high,nDCG@3_ci95_low,nDCG@3_ci95_high,nDCG@5,nDCG@5_std,nDCG@5_stderr,nDCG@5_ci90_low,nDCG@5_ci90_high,nDCG@5_ci95_low,nDCG@5_ci95_high,nDCG@10,nDCG@10_std,nDCG@10_stderr,nDCG@10_ci90_low,nDCG@10_ci90_high,nDCG@10_ci95_low,nDCG@10_ci95_high,nDCG@100,nDCG@100_std,nDCG@100_stderr,nDCG@100_ci90_low,nDCG@100_ci90_high,nDCG@100_ci95_low,nDCG@100_ci95_high,RR@1,RR@3,RR@5,RR@10,RR@100,P@1,P@3,P@5,P@10,P@100,R@1,R@3,R@5,R@10,R@100,AP
0.6064690026954178,0.4886975393282276,0.012685956031039681,0.5855894190049629,0.6273485863858728,0.5815846764679972,0.6313533289228385,0.6846563761950829,0.421531685292374,0.010942417333756022,0.6666464510513238,0.702666301338842,0.6631921142992098,0.706120638090956,0.7085234682273944,0.3962026623805966,0.010284908659966297,0.6915957246195008,0.725451211835288,0.688348952275454,0.7286979841793348,0.7261773838232941,0.37133097986327224,0.00963927195128453,0.710312281900392,0.7420424857461962,0.7072693261850925,0.7450854414614957,0.750349466925444,0.32949361326241716,0.008553228027506011,0.7362718648915971,0.7644270689592909,0.7335717549411677,0.7671271789097204,0.6064690026954178,0.6714959568733159,0.683288409703505,0.6904780622941005,0.6954993870114548,0.6064690026954178,0.25965858041329465,0.1687331536388107,0.0901617250673835,0.010168463611859658,0.5873203054806828,0.7409591194968553,0.7971698113207547,0.8507412398921833,0.9577717879604671,0.6892151894257965
