{
  "nDCG@1": 0.648921832884097,
  "nDCG@1_std": 0.47746822959385116,
  "nDCG@1_stderr": 0.012394457674520338,
  "nDCG@1_ci90_low": 0.6285220210228746,
  "nDCG@1_ci90_high": 0.6693216447453194,
  "nDCG@1_ci95_low": 0.6246092996047707,
  "nDCG@1_ci95_high": 0.6732343661634232,
  "nDCG@3": 0.7307616983113528,
  "nDCG@3_std": 0.39681695893428287,
  "nDCG@3_stderr": 0.010300855003958116,
  "nDCG@3_ci90_low": 0.7138077089066805,
  "nDCG@3_ci90_high": 0.7477156877160251,
  "nDCG@3_ci95_low": 0.7105559025705612,
  "nDCG@3_ci95_high": 0.7509674940521445,
  "nDCG@5": 0.7517647210816961,
  "nDCG@5_std": 0.3699498286033153,
  "nDCG@5_stderr": 0.009603419050981178,
  "nDCG@5_ci90_low": 0.7359586287935899,
  "nDCG@5_ci90_high": 0.7675708133698024,
  "nDCG@5_ci95_low": 0.7329269912347279,
  "nDCG@5_ci95_high": 0.7706024509286643,
  "nDCG@10": 0.7709031086664563,
  "nDCG@10_std": 0.3392085529151137,
  "nDCG@10_stderr": 0.008805415295417621,
  "nDCG@10_ci90_low": 0.7564104362072395,
  "nDCG@10_ci90_high": 0.7853957811256731,
  "nDCG@10_ci95_low": 0.7536307149861564,
  "nDCG@10_ci95_high": 0.7881755023467562,
  "nDCG@100": 0.7898573889863552,
  "nDCG@100_std": 0.3012109937500896,
  "nDCG@100_stderr": 0.007819047806199362,
  "nDCG@100_ci90_low": 0.7769881607902499,
  "nDCG@100_ci90_high": 0.8027266171824604,
  "nDCG@100_ci95_low": 0.7745198191633801,
  "nDCG@100_ci95_high": 0.8051949588093302,
  "RR@1": 0.648921832884097,
  "RR@3": 0.7166442048517525,
  "RR@5": 0.7273584905660385,
  "RR@10": 0.7348462970093703,
  "RR@100": 0.7386771149855725,
  "P@1": 0.648921832884097,
  "P@3": 0.27740341419586356,
  "P@5": 0.17749326145552183,
  "P@10": 0.09508086253369058,
  "P@100": 0.010424528301886607,
  "R@1": 0.6269092542677448,
  "R@3": 0.7889150943396226,
  "R@5": 0.8388364779874214,
  "R@10": 0.8962264150943396,
  "R@100": 0.980402066486972,
  "AP": 0.7325571158165779
}