{
  "nDCG@1": 0.6664420485175202,
  "nDCG@1_std": 0.47164281118876045,
  "nDCG@1_stderr": 0.012243237347421953,
  "nDCG@1_ci90_low": 0.6462911274350159,
  "nDCG@1_ci90_high": 0.6865929696000245,
  "nDCG@1_ci95_low": 0.6424261437258323,
  "nDCG@1_ci95_high": 0.6904579533092081,
  "nDCG@3": 0.7375967719907337,
  "nDCG@3_std": 0.39867518759365717,
  "nDCG@3_stderr": 0.010349092216490113,
  "nDCG@3_ci90_low": 0.7205633898376086,
  "nDCG@3_ci90_high": 0.7546301541438588,
  "nDCG@3_ci95_low": 0.7172963558263799,
  "nDCG@3_ci95_high": 0.7578971881550876,
  "nDCG@5": 0.7619914728766822,
  "nDCG@5_std": 0.3664050709028353,
  "nDCG@5_stderr": 0.009511401725928154,
  "nDCG@5_ci90_low": 0.7463368302258533,
  "nDCG@5_ci90_high": 0.7776461155275112,
  "nDCG@5_ci95_low": 0.7433342409858469,
  "nDCG@5_ci95_high": 0.7806487047675176,
  "nDCG@10": 0.7809160426110011,
  "nDCG@10_std": 0.3347206055877282,
  "nDCG@10_stderr": 0.008688913987588044,
  "nDCG@10_ci90_low": 0.7666151175298237,
  "nDCG@10_ci90_high": 0.7952169676921785,
  "nDCG@10_ci95_low": 0.763872173808358,
  "nDCG@10_ci95_high": 0.7979599114136442,
  "nDCG@100": 0.7982036005027675,
  "nDCG@100_std": 0.29947453631317655,
  "nDCG@100_stderr": 0.007773971617101436,
  "nDCG@100_ci90_low": 0.7854085623842894,
  "nDCG@100_ci90_high": 0.8109986386212457,
  "nDCG@100_ci95_low": 0.7829544505506999,
  "nDCG@100_ci95_high": 0.8134527504548351,
  "RR@1": 0.6664420485175202,
  "RR@3": 0.7250673854447446,
  "RR@5": 0.7374326145552572,
  "RR@10": 0.7451765926496395,
  "RR@100": 0.7487978367097053,
  "P@1": 0.6664420485175202,
  "P@3": 0.27762803234500993,
  "P@5": 0.1795148247978398,
  "P@10": 0.09582210242587381,
  "P@100": 0.01041105121293782,
  "R@1": 0.6457210242587601,
  "R@3": 0.7893081761006289,
  "R@5": 0.8469227313566936,
  "R@10": 0.903863432165319,
  "R@100": 0.9793912848158131,
  "AP": 0.7436041494566673
}