{
  "nDCG@1": 0.6064690026954178,
  "nDCG@1_std": 0.4886975393282276,
  "nDCG@1_stderr": 0.012685956031039681,
  "nDCG@1_ci90_low": 0.5855894190049629,
  "nDCG@1_ci90_high": 0.6273485863858728,
  "nDCG@1_ci95_low": 0.5815846764679972,
  "nDCG@1_ci95_high": 0.6313533289228385,
  "nDCG@3": 0.6846563761950829,
  "nDCG@3_std": 0.421531685292374,
  "nDCG@3_stderr": 0.010942417333756022,
  "nDCG@3_ci90_low": 0.6666464510513238,
  "nDCG@3_ci90_high": 0.702666301338842,
  "nDCG@3_ci95_low": 0.6631921142992098,
  "nDCG@3_ci95_high": 0.706120638090956,
  "nDCG@5": 0.7085234682273944,
  "nDCG@5_std": 0.3962026623805966,
  "nDCG@5_stderr": 0.010284908659966297,
  "nDCG@5_ci90_low": 0.6915957246195008,
  "nDCG@5_ci90_high": 0.725451211835288,
  "nDCG@5_ci95_low": 0.688348952275454,
  "nDCG@5_ci95_high": 0.7286979841793348,
  "nDCG@10": 0.7261773838232941,
  "nDCG@10_std": 0.37133097986327224,
  "nDCG@10_stderr": 0.00963927195128453,
  "nDCG@10_ci90_low": 0.710312281900392,
  "nDCG@10_ci90_high": 0.7420424857461962,
  "nDCG@10_ci95_low": 0.7072693261850925,
  "nDCG@10_ci95_high": 0.7450854414614957,
  "nDCG@100": 0.750349466925444,
  "nDCG@100_std": 0.32949361326241716,
  "nDCG@100_stderr": 0.008553228027506011,
  "nDCG@100_ci90_low": 0.7362718648915971,
  "nDCG@100_ci90_high": 0.7644270689592909,
  "nDCG@100_ci95_low": 0.7335717549411677,
  "nDCG@100_ci95_high": 0.7671271789097204,
  "RR@1": 0.6064690026954178,
  "RR@3": 0.6714959568733159,
  "RR@5": 0.683288409703505,
  "RR@10": 0.6904780622941005,
  "RR@100": 0.6954993870114548,
  "P@1": 0.6064690026954178,
  "P@3": 0.25965858041329465,
  "P@5": 0.1687331536388107,
  "P@10": 0.0901617250673835,
  "P@100": 0.010168463611859658,
  "R@1": 0.5873203054806828,
  "R@3": 0.7409591194968553,
  "R@5": 0.7971698113207547,
  "R@10": 0.8507412398921833,
  "R@100": 0.9577717879604671,
  "AP": 0.6892151894257965
}