nDCG@1,nDCG@1_std,nDCG@1_stderr,nDCG@1_ci90_low,nDCG@1_ci90_high,nDCG@1_ci95_low,nDCG@1_ci95_high,nDCG@3,nDCG@3_std,nDCG@3_stderr,nDCG@3_ci90_low,nDCG@3_ci90_high,nDCG@3_ci95_low,nDCG@3_ci95_high,nDCG@5,nDCG@5_std,nDCG@5_stderr,nDCG@5_ci90_low,nDCG@5_ci90_high,nDCG@5_ci95_low,nDCG@5_ci95_high,nDCG@10,nDCG@10_std,nDCG@10_stderr,nDCG@10_ci90_low,nDCG@10_ci90_high,nDCG@10_ci95_low,nDCG@10_ci95_high,nDCG@100,nDCG@100_std,nDCG@100_stderr,nDCG@100_ci90_low,nDCG@100_ci90_high,nDCG@100_ci95_low,nDCG@100_ci95_high,RR@1,RR@3,RR@5,RR@10,RR@100,P@1,P@3,P@5,P@10,P@100,R@1,R@3,R@5,R@10,R@100,AP
0.6617250673854448,0.47328209689543,0.01228579108408637,0.6415041078837742,0.6819460268871154,0.6376256906770356,0.685824444093854,0.7377654571761433,0.3965372758208499,0.010293594792080413,0.7208234172218033,0.7547074971304832,0.7175739028122256,0.757957011540061,0.7613020151346956,0.36536919389612643,0.00948451169865538,0.7456916302893886,0.7769123999800027,0.7426975297778451,0.7799065004915462,0.7791812904945268,0.3354288295266814,0.008707298565014074,0.764850106572625,0.7935124744164286,0.7621013591498803,0.7962612218391732,0.7971222270476923,0.29874301038251055,0.007754982150109745,0.784358443346644,0.8098860107487407,0.7819103261677758,0.8123341279276088,0.6617250673854448,0.7247304582210249,0.736657681940702,0.7438141766140428,0.7474896429647581,0.6617250673854448,0.2783018867924493,0.1796495956873277,0.0955525606468981,0.010424528301886607,0.6410040431266847,0.7917789757412399,0.8472596585804133,0.9011680143755615,0.9807389937106917,0.7419323985545394
