nDCG@1,nDCG@1_std,nDCG@1_stderr,nDCG@1_ci90_low,nDCG@1_ci90_high,nDCG@1_ci95_low,nDCG@1_ci95_high,nDCG@3,nDCG@3_std,nDCG@3_stderr,nDCG@3_ci90_low,nDCG@3_ci90_high,nDCG@3_ci95_low,nDCG@3_ci95_high,nDCG@5,nDCG@5_std,nDCG@5_stderr,nDCG@5_ci90_low,nDCG@5_ci90_high,nDCG@5_ci95_low,nDCG@5_ci95_high,nDCG@10,nDCG@10_std,nDCG@10_stderr,nDCG@10_ci90_low,nDCG@10_ci90_high,nDCG@10_ci95_low,nDCG@10_ci95_high,nDCG@100,nDCG@100_std,nDCG@100_stderr,nDCG@100_ci90_low,nDCG@100_ci90_high,nDCG@100_ci95_low,nDCG@100_ci95_high,RR@1,RR@3,RR@5,RR@10,RR@100,P@1,P@3,P@5,P@10,P@100,R@1,R@3,R@5,R@10,R@100,AP
0.6583557951482479,0.4744208153178485,0.012315350741494086,0.6380861839454998,0.6786254063509961,0.6341984352530529,0.682513155043443,0.7308901757838183,0.402074487343624,0.010437333641285665,0.7137115586787924,0.7480687928888442,0.7104166683367884,0.7513636832308482,0.7581509912781669,0.36683095397561793,0.009522457099652996,0.7424781527893299,0.7738238297670038,0.7394720735541424,0.7768299090021914,0.7757635294999159,0.33743995104832686,0.008759504678496337,0.761346420487864,0.7901806385119677,0.7585811924748634,0.7929458665249683,0.7935164756280992,0.30155778155090013,0.007828049968967014,0.7806324309364581,0.8064005203197404,0.7781612474785058,0.8088717037776927,0.6597035040431267,0.7188903863432169,0.7326033243486085,0.7396566016343651,0.7433525109371298,0.6583557951482479,0.27538185085354555,0.17978436657681554,0.09561994609164201,0.01041105121293782,0.6386455525606469,0.7832434860736747,0.8479335130278526,0.9015049415992812,0.9793912848158131,0.7376994188289113
