{
  "nDCG@1": 0.6469002695417789,
  "nDCG@1_std": 0.47809448505694907,
  "nDCG@1_stderr": 0.01241071445633262,
  "nDCG@1_ci90_low": 0.6264737009398303,
  "nDCG@1_ci90_high": 0.6673268381437275,
  "nDCG@1_ci95_low": 0.6225558475296654,
  "nDCG@1_ci95_high": 0.6712446915538924,
  "nDCG@3": 0.7224352515804982,
  "nDCG@3_std": 0.40519134909744786,
  "nDCG@3_stderr": 0.010518243341011578,
  "nDCG@3_ci90_low": 0.7051234666761622,
  "nDCG@3_ci90_high": 0.7397470364848341,
  "nDCG@3_ci95_low": 0.7018030345054342,
  "nDCG@3_ci95_high": 0.7430674686555621,
  "nDCG@5": 0.7499466866504516,
  "nDCG@5_std": 0.37077960097799323,
  "nDCG@5_stderr": 0.009624958868585755,
  "nDCG@5_ci90_low": 0.73410514236935,
  "nDCG@5_ci90_high": 0.7657882309315532,
  "nDCG@5_ci95_low": 0.7310667050530565,
  "nDCG@5_ci95_high": 0.7688266682478467,
  "nDCG@10": 0.7688732257031582,
  "nDCG@10_std": 0.3397027166324095,
  "nDCG@10_stderr": 0.008818243146358647,
  "nDCG@10_ci90_low": 0.7543594401180062,
  "nDCG@10_ci90_high": 0.7833870112883102,
  "nDCG@10_ci95_low": 0.7515756693605543,
  "nDCG@10_ci95_high": 0.7861707820457621,
  "nDCG@100": 0.7869720161923764,
  "nDCG@100_std": 0.3037267892332825,
  "nDCG@100_stderr": 0.007884354602969292,
  "nDCG@100_ci90_low": 0.773995300730402,
  "nDCG@100_ci90_high": 0.7999487316543509,
  "nDCG@100_ci95_low": 0.7715063428483333,
  "nDCG@100_ci95_high": 0.8024376895364196,
  "RR@1": 0.6469002695417789,
  "RR@3": 0.7099056603773591,
  "RR@5": 0.7236185983827504,
  "RR@10": 0.7312644397381601,
  "RR@100": 0.7349783980155884,
  "P@1": 0.6469002695417789,
  "P@3": 0.2726864330637883,
  "P@5": 0.1781671159029612,
  "P@10": 0.09535040431266628,
  "P@100": 0.010397574123989032,
  "R@1": 0.626740790655885,
  "R@3": 0.7754941599281221,
  "R@5": 0.8409703504043127,
  "R@10": 0.8988095238095237,
  "R@100": 0.9784928122192275,
  "AP": 0.7293596845900457
}