nDCG@1,nDCG@1_std,nDCG@1_stderr,nDCG@1_ci90_low,nDCG@1_ci90_high,nDCG@1_ci95_low,nDCG@1_ci95_high,nDCG@3,nDCG@3_std,nDCG@3_stderr,nDCG@3_ci90_low,nDCG@3_ci90_high,nDCG@3_ci95_low,nDCG@3_ci95_high,nDCG@5,nDCG@5_std,nDCG@5_stderr,nDCG@5_ci90_low,nDCG@5_ci90_high,nDCG@5_ci95_low,nDCG@5_ci95_high,nDCG@10,nDCG@10_std,nDCG@10_stderr,nDCG@10_ci90_low,nDCG@10_ci90_high,nDCG@10_ci95_low,nDCG@10_ci95_high,nDCG@100,nDCG@100_std,nDCG@100_stderr,nDCG@100_ci90_low,nDCG@100_ci90_high,nDCG@100_ci95_low,nDCG@100_ci95_high,RR@1,RR@3,RR@5,RR@10,RR@100,P@1,P@3,P@5,P@10,P@100,R@1,R@3,R@5,R@10,R@100,AP
0.6273584905660378,0.4836708123041909,0.012555468699152096,0.6066936735955702,0.6480233075365053,0.6027301237103264,0.6519868574217491,0.7023530289629466,0.414724864640513,0.010765721073694265,0.684633924971391,0.7200721329545022,0.6812353682509167,0.7234706896749765,0.7256056537785087,0.3886378632274955,0.01008853625839496,0.7090011159253152,0.7422101916317022,0.705816335039203,0.7453949725178144,0.7447371149387598,0.36036864311538896,0.009354703868187032,0.7293403784344457,0.760133851443074,0.7263872560674768,0.7630869738100429,0.7668087299645224,0.32030357818473626,0.008314666603441075,0.753123771828139,0.7804936881009058,0.7504989716990816,0.7831184882299632,0.6266846361185984,0.6896900269541785,0.7014824797843675,0.7092023916484839,0.7138712196037658,0.6273584905660378,0.26527403414195566,0.17169811320754372,0.09204851752021362,0.010256064690026772,0.6075359389038634,0.7561208445642408,0.8104784366576819,0.8682614555256065,0.965071877807727,0.7078007280459818
