{
  "nDCG@1": 0.6273584905660378,
  "nDCG@1_std": 0.4836708123041909,
  "nDCG@1_stderr": 0.012555468699152096,
  "nDCG@1_ci90_low": 0.6066936735955702,
  "nDCG@1_ci90_high": 0.6480233075365053,
  "nDCG@1_ci95_low": 0.6027301237103264,
  "nDCG@1_ci95_high": 0.6519868574217491,
  "nDCG@3": 0.7023530289629466,
  "nDCG@3_std": 0.414724864640513,
  "nDCG@3_stderr": 0.010765721073694265,
  "nDCG@3_ci90_low": 0.684633924971391,
  "nDCG@3_ci90_high": 0.7200721329545022,
  "nDCG@3_ci95_low": 0.6812353682509167,
  "nDCG@3_ci95_high": 0.7234706896749765,
  "nDCG@5": 0.7256056537785087,
  "nDCG@5_std": 0.3886378632274955,
  "nDCG@5_stderr": 0.01008853625839496,
  "nDCG@5_ci90_low": 0.7090011159253152,
  "nDCG@5_ci90_high": 0.7422101916317022,
  "nDCG@5_ci95_low": 0.705816335039203,
  "nDCG@5_ci95_high": 0.7453949725178144,
  "nDCG@10": 0.7447371149387598,
  "nDCG@10_std": 0.36036864311538896,
  "nDCG@10_stderr": 0.009354703868187032,
  "nDCG@10_ci90_low": 0.7293403784344457,
  "nDCG@10_ci90_high": 0.760133851443074,
  "nDCG@10_ci95_low": 0.7263872560674768,
  "nDCG@10_ci95_high": 0.7630869738100429,
  "nDCG@100": 0.7668087299645224,
  "nDCG@100_std": 0.32030357818473626,
  "nDCG@100_stderr": 0.008314666603441075,
  "nDCG@100_ci90_low": 0.753123771828139,
  "nDCG@100_ci90_high": 0.7804936881009058,
  "nDCG@100_ci95_low": 0.7504989716990816,
  "nDCG@100_ci95_high": 0.7831184882299632,
  "RR@1": 0.6266846361185984,
  "RR@3": 0.6896900269541785,
  "RR@5": 0.7014824797843675,
  "RR@10": 0.7092023916484839,
  "RR@100": 0.7138712196037658,
  "P@1": 0.6273584905660378,
  "P@3": 0.26527403414195566,
  "P@5": 0.17169811320754372,
  "P@10": 0.09204851752021362,
  "P@100": 0.010256064690026772,
  "R@1": 0.6075359389038634,
  "R@3": 0.7561208445642408,
  "R@5": 0.8104784366576819,
  "R@10": 0.8682614555256065,
  "R@100": 0.965071877807727,
  "AP": 0.7078007280459818
}