{
  "nDCG@1": 0.6583557951482479,
  "nDCG@1_std": 0.4744208153178485,
  "nDCG@1_stderr": 0.012315350741494086,
  "nDCG@1_ci90_low": 0.6380861839454998,
  "nDCG@1_ci90_high": 0.6786254063509961,
  "nDCG@1_ci95_low": 0.6341984352530529,
  "nDCG@1_ci95_high": 0.682513155043443,
  "nDCG@3": 0.7308901757838183,
  "nDCG@3_std": 0.402074487343624,
  "nDCG@3_stderr": 0.010437333641285665,
  "nDCG@3_ci90_low": 0.7137115586787924,
  "nDCG@3_ci90_high": 0.7480687928888442,
  "nDCG@3_ci95_low": 0.7104166683367884,
  "nDCG@3_ci95_high": 0.7513636832308482,
  "nDCG@5": 0.7581509912781669,
  "nDCG@5_std": 0.36683095397561793,
  "nDCG@5_stderr": 0.009522457099652996,
  "nDCG@5_ci90_low": 0.7424781527893299,
  "nDCG@5_ci90_high": 0.7738238297670038,
  "nDCG@5_ci95_low": 0.7394720735541424,
  "nDCG@5_ci95_high": 0.7768299090021914,
  "nDCG@10": 0.7757635294999159,
  "nDCG@10_std": 0.33743995104832686,
  "nDCG@10_stderr": 0.008759504678496337,
  "nDCG@10_ci90_low": 0.761346420487864,
  "nDCG@10_ci90_high": 0.7901806385119677,
  "nDCG@10_ci95_low": 0.7585811924748634,
  "nDCG@10_ci95_high": 0.7929458665249683,
  "nDCG@100": 0.7935164756280992,
  "nDCG@100_std": 0.30155778155090013,
  "nDCG@100_stderr": 0.007828049968967014,
  "nDCG@100_ci90_low": 0.7806324309364581,
  "nDCG@100_ci90_high": 0.8064005203197404,
  "nDCG@100_ci95_low": 0.7781612474785058,
  "nDCG@100_ci95_high": 0.8088717037776927,
  "RR@1": 0.6597035040431267,
  "RR@3": 0.7188903863432169,
  "RR@5": 0.7326033243486085,
  "RR@10": 0.7396566016343651,
  "RR@100": 0.7433525109371298,
  "P@1": 0.6583557951482479,
  "P@3": 0.27538185085354555,
  "P@5": 0.17978436657681554,
  "P@10": 0.09561994609164201,
  "P@100": 0.01041105121293782,
  "R@1": 0.6386455525606469,
  "R@3": 0.7832434860736747,
  "R@5": 0.8479335130278526,
  "R@10": 0.9015049415992812,
  "R@100": 0.9793912848158131,
  "AP": 0.7376994188289113
}