nDCG@1,nDCG@3,nDCG@5,nDCG@10,nDCG@100,RR@1,RR@3,RR@5,RR@10,RR@100,P@1,P@3,P@5,P@10,P@100,R@1,R@3,R@5,R@10,R@100,AP
0.17857142857142858,0.2672211577287544,0.30311847504320244,0.336275928690428,0.40090986094999825,0.1778975741239892,0.2484276729559746,0.2682053009883193,0.2821391135070377,0.2943644266347894,0.17857142857142858,0.11410601976639742,0.08625336927223803,0.05390835579514808,0.008699460916441897,0.17312443845462713,0.33148023360287515,0.4182951482479784,0.5190363881401617,0.8256401617250674,0.2894851414293935
