{
  "nDCG@1": 0.13814016172506738,
  "nDCG@1_std": 0.3451633510946396,
  "nDCG@1_stderr": 0.008959994154118285,
  "nDCG@1_ci90_low": 0.12339307074121447,
  "nDCG@1_ci90_high": 0.15288725270892028,
  "nDCG@1_ci95_low": 0.12056455157938187,
  "nDCG@1_ci95_high": 0.1557157718707529,
  "nDCG@3": 0.20701294033129108,
  "nDCG@3_std": 0.3636965833239213,
  "nDCG@3_stderr": 0.00944109289158462,
  "nDCG@3_ci90_low": 0.1914740177087566,
  "nDCG@3_ci90_high": 0.22255186295382556,
  "nDCG@3_ci95_low": 0.18849362378291742,
  "nDCG@3_ci95_high": 0.22553225687966474,
  "nDCG@5": 0.23780356795519983,
  "nDCG@5_std": 0.3627223713654635,
  "nDCG@5_stderr": 0.009415803609205796,
  "nDCG@5_ci90_low": 0.22230626850135743,
  "nDCG@5_ci90_high": 0.25330086740904223,
  "nDCG@5_ci95_low": 0.21933385797579363,
  "nDCG@5_ci95_high": 0.256273277934606,
  "nDCG@10": 0.2658087778339703,
  "nDCG@10_std": 0.35607651589993117,
  "nDCG@10_stderr": 0.009243285797185951,
  "nDCG@10_ci90_low": 0.2505954223008973,
  "nDCG@10_ci90_high": 0.28102213336704324,
  "nDCG@10_ci95_low": 0.24767747274134114,
  "nDCG@10_ci95_high": 0.2839400829265994,
  "nDCG@100": 0.3271701706763574,
  "nDCG@100_std": 0.3225229478738813,
  "nDCG@100_stderr": 0.008372278569999813,
  "nDCG@100_ci90_low": 0.3133903900548265,
  "nDCG@100_ci90_high": 0.3409499512978883,
  "nDCG@100_ci95_low": 0.31074740279879576,
  "nDCG@100_ci95_high": 0.34359293855391904,
  "RR@1": 0.13814016172506738,
  "RR@3": 0.19283468104222826,
  "RR@5": 0.2099842767295595,
  "RR@10": 0.22148606297865034,
  "RR@100": 0.23231891334298665,
  "P@1": 0.13814016172506738,
  "P@3": 0.08827493261455481,
  "P@5": 0.06846361185983887,
  "P@10": 0.043396226415094746,
  "P@100": 0.007574123989218201,
  "R@1": 0.13387241689128482,
  "R@3": 0.2581985624438455,
  "R@5": 0.3319856244384546,
  "R@10": 0.4172843665768194,
  "R@100": 0.7189465408805032,
  "AP": 0.227732352557963
}