nDCG@1,nDCG@3,nDCG@5,nDCG@10,nDCG@100,RR@1,RR@3,RR@5,RR@10,RR@100,P@1,P@3,P@5,P@10,P@100,R@1,R@3,R@5,R@10,R@100,AP
0.15902964959568733,0.24319908844429922,0.27736799232447396,0.3114770149934203,0.3736776151220164,0.15902964959568733,0.22585354896675633,0.24485624438454578,0.25875609677833383,0.2701726521766386,0.15902964959568733,0.10422282120395329,0.07978436657682017,0.05094339622641509,0.00832884097035026,0.15431266846361186,0.3037398921832884,0.3858378256963162,0.4905098831985624,0.7915543575920935,0.2652642551864436
