nDCG@1,nDCG@1_std,nDCG@1_stderr,nDCG@1_ci90_low,nDCG@1_ci90_high,nDCG@1_ci95_low,nDCG@1_ci95_high,nDCG@3,nDCG@3_std,nDCG@3_stderr,nDCG@3_ci90_low,nDCG@3_ci90_high,nDCG@3_ci95_low,nDCG@3_ci95_high,nDCG@5,nDCG@5_std,nDCG@5_stderr,nDCG@5_ci90_low,nDCG@5_ci90_high,nDCG@5_ci95_low,nDCG@5_ci95_high,nDCG@10,nDCG@10_std,nDCG@10_stderr,nDCG@10_ci90_low,nDCG@10_ci90_high,nDCG@10_ci95_low,nDCG@10_ci95_high,nDCG@100,nDCG@100_std,nDCG@100_stderr,nDCG@100_ci90_low,nDCG@100_ci90_high,nDCG@100_ci95_low,nDCG@100_ci95_high,RR@1,RR@3,RR@5,RR@10,RR@100,P@1,P@3,P@5,P@10,P@100,R@1,R@3,R@5,R@10,R@100,AP
0.1637466307277628,0.3701702408858123,0.009609140668749709,0.14793112133331077,0.17956214012221483,0.14489767755613922,0.18259558389938638,0.25742504255491944,0.3860379017563548,0.010021044621439662,0.2409315879562135,0.2739184971536254,0.23776811304252804,0.27708197206731083,0.29124571512926356,0.38018808765520323,0.009869191013625357,0.27500219361445755,0.3074892366440696,0.2718866563257424,0.31060477393278474,0.3242023684355845,0.3678376039144754,0.009548588430047147,0.3084865208665826,0.3399182160045863,0.3054721924107513,0.34293254446041765,0.38855670844692114,0.3230410376670729,0.008385727510924692,0.3747547924587768,0.4023586244350655,0.3721075595987358,0.40500585729510646,0.16307277628032346,0.23753369272237185,0.25616576819406967,0.27027874042698813,0.28211247062707817,0.1637466307277628,0.11163522012578639,0.08409703504043209,0.052628032345013384,0.008578167115902816,0.15869272237196766,0.3251909254267745,0.4069519317160826,0.5069070080862533,0.8156446540880503,0.2770194075232391
