nDCG@1,nDCG@3,nDCG@5,nDCG@10,nDCG@100,RR@1,RR@3,RR@5,RR@10,RR@100,P@1,P@3,P@5,P@10,P@100,R@1,R@3,R@5,R@10,R@100,AP
0.1421832884097035,0.21518127428383632,0.24920384210092764,0.2793089719177186,0.34228130237824506,0.1421832884097035,0.2002470799640611,0.2195193171608263,0.23191663457835934,0.2433557293729365,0.1421832884097035,0.09186882300089816,0.0722371967654993,0.04582210242587629,0.007863881401617116,0.13791554357592095,0.26796945193171606,0.3490566037735849,0.4403077268643306,0.7465745732255167,0.238720359837895
