nDCG@1,nDCG@1_std,nDCG@1_stderr,nDCG@1_ci90_low,nDCG@1_ci90_high,nDCG@1_ci95_low,nDCG@1_ci95_high,nDCG@3,nDCG@3_std,nDCG@3_stderr,nDCG@3_ci90_low,nDCG@3_ci90_high,nDCG@3_ci95_low,nDCG@3_ci95_high,nDCG@5,nDCG@5_std,nDCG@5_stderr,nDCG@5_ci90_low,nDCG@5_ci90_high,nDCG@5_ci95_low,nDCG@5_ci95_high,nDCG@10,nDCG@10_std,nDCG@10_stderr,nDCG@10_ci90_low,nDCG@10_ci90_high,nDCG@10_ci95_low,nDCG@10_ci95_high,nDCG@100,nDCG@100_std,nDCG@100_stderr,nDCG@100_ci90_low,nDCG@100_ci90_high,nDCG@100_ci95_low,nDCG@100_ci95_high,RR@1,RR@3,RR@5,RR@10,RR@100,P@1,P@3,P@5,P@10,P@100,R@1,R@3,R@5,R@10,R@100,AP
0.17587601078167117,0.38084298127934507,0.009886191205057243,0.1596045089618028,0.19214751260153953,0.15648360499913755,0.1952684165642048,0.2667117756171216,0.39244927687797837,0.010187475627012603,0.24994439526137818,0.28347915597286505,0.2467283808839064,0.2866951703503368,0.3015785847080489,0.38571312693488596,0.010012613887143751,0.2850990061011778,0.31805816331492,0.28193819262823594,0.3212189767878618,0.33536903942979546,0.3723069034752013,0.009664605665973587,0.31946224120787203,0.3512758376517189,0.3164112880657657,0.35432679079382523,0.4001593787050009,0.3262683913457866,0.008469505438108562,0.38621957415427854,0.41409918325572326,0.38354589401444,0.4167728633955618,0.17452830188679244,0.2468553459119495,0.2664982030548063,0.2804624994651945,0.2928353025626029,0.17587601078167117,0.11455525606469033,0.08598382749326232,0.05397574123989201,0.008712938005390683,0.17042902066486973,0.3331648697214735,0.4173966756513926,0.5197102425876011,0.8276617250673854,0.28802823388082716
