nDCG@1,nDCG@3,nDCG@5,nDCG@10,nDCG@100,RR@1,RR@3,RR@5,RR@10,RR@100,P@1,P@3,P@5,P@10,P@100,R@1,R@3,R@5,R@10,R@100,AP
0.16711590296495957,0.2623537092552898,0.29935347444579335,0.33227798077363707,0.3966198666606403,0.16711590296495957,0.2430368373764598,0.2634883198562438,0.27729057031617643,0.2891689428731514,0.16711590296495957,0.11320754716981159,0.08652291105121379,0.053908355795148084,0.008719676549865076,0.1615566037735849,0.3297955974842767,0.41941823899371067,0.5197102425876011,0.8287848158131178,0.28347859483548254
