nDCG@1,nDCG@1_std,nDCG@1_stderr,nDCG@1_ci90_low,nDCG@1_ci90_high,nDCG@1_ci95_low,nDCG@1_ci95_high,nDCG@3,nDCG@3_std,nDCG@3_stderr,nDCG@3_ci90_low,nDCG@3_ci90_high,nDCG@3_ci95_low,nDCG@3_ci95_high,nDCG@5,nDCG@5_std,nDCG@5_stderr,nDCG@5_ci90_low,nDCG@5_ci90_high,nDCG@5_ci95_low,nDCG@5_ci95_high,nDCG@10,nDCG@10_std,nDCG@10_stderr,nDCG@10_ci90_low,nDCG@10_ci90_high,nDCG@10_ci95_low,nDCG@10_ci95_high,nDCG@100,nDCG@100_std,nDCG@100_stderr,nDCG@100_ci90_low,nDCG@100_ci90_high,nDCG@100_ci95_low,nDCG@100_ci95_high,RR@1,RR@3,RR@5,RR@10,RR@100,P@1,P@3,P@5,P@10,P@100,R@1,R@3,R@5,R@10,R@100,AP
0.16711590296495957,0.37320508270797,0.009687921237135577,0.1511707300696433,0.18306107586027584,0.14811241659463192,0.1861193893352872,0.2623537092552898,0.38843338358000606,0.010083228231223677,0.24575790778722034,0.2789495107233592,0.24257480255583594,0.2821326159547436,0.29935347444579335,0.3814276501795044,0.009901368453484426,0.2830569926695109,0.3156499562220758,0.2799312975052822,0.31877565138630454,0.33227798077363707,0.3683704548438126,0.009562420550974055,0.31653936716904413,0.34801659437823,0.3135206721457332,0.35103528940154094,0.3966198666606403,0.32218392182370664,0.008363477892239487,0.38285457091414604,0.4103851624071346,0.38021436188377633,0.4130253714375043,0.16711590296495957,0.2430368373764598,0.2634883198562438,0.27729057031617643,0.2891689428731514,0.16711590296495957,0.11320754716981159,0.08652291105121379,0.053908355795148084,0.008719676549865076,0.1615566037735849,0.3297955974842767,0.41941823899371067,0.5197102425876011,0.8287848158131178,0.28347859483548254
