nDCG@1,nDCG@1_std,nDCG@1_stderr,nDCG@1_ci90_low,nDCG@1_ci90_high,nDCG@1_ci95_low,nDCG@1_ci95_high,nDCG@3,nDCG@3_std,nDCG@3_stderr,nDCG@3_ci90_low,nDCG@3_ci90_high,nDCG@3_ci95_low,nDCG@3_ci95_high,nDCG@5,nDCG@5_std,nDCG@5_stderr,nDCG@5_ci90_low,nDCG@5_ci90_high,nDCG@5_ci95_low,nDCG@5_ci95_high,nDCG@10,nDCG@10_std,nDCG@10_stderr,nDCG@10_ci90_low,nDCG@10_ci90_high,nDCG@10_ci95_low,nDCG@10_ci95_high,nDCG@100,nDCG@100_std,nDCG@100_stderr,nDCG@100_ci90_low,nDCG@100_ci90_high,nDCG@100_ci95_low,nDCG@100_ci95_high,RR@1,RR@3,RR@5,RR@10,RR@100,P@1,P@3,P@5,P@10,P@100,R@1,R@3,R@5,R@10,R@100,AP
0.1421832884097035,0.3493557563110541,0.009068823571006376,0.12725707707320721,0.1571094997461998,0.12439420229844182,0.1599723745209652,0.21518127428383632,0.368372403840797,0.009562471144414903,0.19944257740842172,0.23091997115925092,0.1964238664136141,0.23393868215405855,0.24920384210092764,0.366770504128614,0.00952088789981166,0.23353358632949367,0.2648740978723616,0.230528002464252,0.26787968173760324,0.2793089719177186,0.35867405961073034,0.009310714672209956,0.26398463642887626,0.2946333074065609,0.2610454007097774,0.2975725431256598,0.34228130237824506,0.3218185430529383,0.008353993131937614,0.3285316174257676,0.3560309873307225,0.3258944025743893,0.3586682021821008,0.1421832884097035,0.2002470799640611,0.2195193171608263,0.23191663457835934,0.2433557293729365,0.1421832884097035,0.09186882300089816,0.0722371967654993,0.04582210242587629,0.007863881401617116,0.13791554357592095,0.26796945193171606,0.3490566037735849,0.4403077268643306,0.7465745732255167,0.238720359837895
