nDCG@1,nDCG@3,nDCG@5,nDCG@10,nDCG@100,RR@1,RR@3,RR@5,RR@10,RR@100,P@1,P@3,P@5,P@10,P@100,R@1,R@3,R@5,R@10,R@100,AP
0.1637466307277628,0.25742504255491944,0.29124571512926356,0.3242023684355845,0.38855670844692114,0.16307277628032346,0.23753369272237185,0.25616576819406967,0.27027874042698813,0.28211247062707817,0.1637466307277628,0.11163522012578639,0.08409703504043209,0.052628032345013384,0.008578167115902816,0.15869272237196766,0.3251909254267745,0.4069519317160826,0.5069070080862533,0.8156446540880503,0.2770194075232391
