nDCG@1,nDCG@3,nDCG@5,nDCG@10,nDCG@100,RR@1,RR@3,RR@5,RR@10,RR@100,P@1,P@3,P@5,P@10,P@100,R@1,R@3,R@5,R@10,R@100,AP
0.13814016172506738,0.20701294033129108,0.23780356795519983,0.2658087778339703,0.3271701706763574,0.13814016172506738,0.19283468104222826,0.2099842767295595,0.22148606297865034,0.23231891334298665,0.13814016172506738,0.08827493261455481,0.06846361185983887,0.043396226415094746,0.007574123989218201,0.13387241689128482,0.2581985624438455,0.3319856244384546,0.4172843665768194,0.7189465408805032,0.227732352557963
