{
  "nDCG@1": 0.17587601078167117,
  "nDCG@3": 0.2667117756171216,
  "nDCG@5": 0.3015785847080489,
  "nDCG@10": 0.33536903942979546,
  "nDCG@100": 0.4001593787050009,
  "RR@1": 0.17452830188679244,
  "RR@3": 0.2468553459119495,
  "RR@5": 0.2664982030548063,
  "RR@10": 0.2804624994651945,
  "RR@100": 0.2928353025626029,
  "P@1": 0.17587601078167117,
  "P@3": 0.11455525606469033,
  "P@5": 0.08598382749326232,
  "P@10": 0.05397574123989201,
  "P@100": 0.008712938005390683,
  "R@1": 0.17042902066486973,
  "R@3": 0.3331648697214735,
  "R@5": 0.4173966756513926,
  "R@10": 0.5197102425876011,
  "R@100": 0.8276617250673854,
  "AP": 0.28802823388082716
}