nDCG@1,nDCG@3,nDCG@5,nDCG@10,nDCG@100,RR@1,RR@3,RR@5,RR@10,RR@100,P@1,P@3,P@5,P@10,P@100,R@1,R@3,R@5,R@10,R@100,AP
0.17587601078167117,0.2667117756171216,0.3015785847080489,0.33536903942979546,0.4001593787050009,0.17452830188679244,0.2468553459119495,0.2664982030548063,0.2804624994651945,0.2928353025626029,0.17587601078167117,0.11455525606469033,0.08598382749326232,0.05397574123989201,0.008712938005390683,0.17042902066486973,0.3331648697214735,0.4173966756513926,0.5197102425876011,0.8276617250673854,0.28802823388082716
