{
  "nDCG@1": 0.15902964959568733,
  "nDCG@3": 0.24319908844429922,
  "nDCG@5": 0.27736799232447396,
  "nDCG@10": 0.3114770149934203,
  "nDCG@100": 0.3736776151220164,
  "RR@1": 0.15902964959568733,
  "RR@3": 0.22585354896675633,
  "RR@5": 0.24485624438454578,
  "RR@10": 0.25875609677833383,
  "RR@100": 0.2701726521766386,
  "P@1": 0.15902964959568733,
  "P@3": 0.10422282120395329,
  "P@5": 0.07978436657682017,
  "P@10": 0.05094339622641509,
  "P@100": 0.00832884097035026,
  "R@1": 0.15431266846361186,
  "R@3": 0.3037398921832884,
  "R@5": 0.3858378256963162,
  "R@10": 0.4905098831985624,
  "R@100": 0.7915543575920935,
  "AP": 0.2652642551864436
}