nDCG@1,nDCG@1_std,nDCG@1_stderr,nDCG@1_ci90_low,nDCG@1_ci90_high,nDCG@1_ci95_low,nDCG@1_ci95_high,nDCG@3,nDCG@3_std,nDCG@3_stderr,nDCG@3_ci90_low,nDCG@3_ci90_high,nDCG@3_ci95_low,nDCG@3_ci95_high,nDCG@5,nDCG@5_std,nDCG@5_stderr,nDCG@5_ci90_low,nDCG@5_ci90_high,nDCG@5_ci95_low,nDCG@5_ci95_high,nDCG@10,nDCG@10_std,nDCG@10_stderr,nDCG@10_ci90_low,nDCG@10_ci90_high,nDCG@10_ci95_low,nDCG@10_ci95_high,nDCG@100,nDCG@100_std,nDCG@100_stderr,nDCG@100_ci90_low,nDCG@100_ci90_high,nDCG@100_ci95_low,nDCG@100_ci95_high,RR@1,RR@3,RR@5,RR@10,RR@100,P@1,P@3,P@5,P@10,P@100,R@1,R@3,R@5,R@10,R@100,AP
0.15902964959568733,0.36582701059747114,0.00949639602807418,0.14339970454931242,0.17465959464206224,0.14040185235524455,0.1776574468361301,0.24319908844429922,0.38234467648067294,0.009925173270164948,0.22686342675434684,0.2595347501342516,0.22373021681064761,0.2626679600779508,0.27736799232447396,0.3778343177106151,0.009808090190270949,0.2612250355405926,0.2935109491083553,0.25812878675214757,0.29660719789680035,0.3114770149934203,0.3658958707279692,0.009498183547997016,0.29584412790060155,0.327109902086239,0.29284571141661714,0.33010831857022344,0.3736776151220164,0.32459768863225325,0.008426136156581266,0.3598091912808778,0.38754603896315504,0.3571492020923641,0.3902060281516687,0.15902964959568733,0.22585354896675633,0.24485624438454578,0.25875609677833383,0.2701726521766386,0.15902964959568733,0.10422282120395329,0.07978436657682017,0.05094339622641509,0.00832884097035026,0.15431266846361186,0.3037398921832884,0.3858378256963162,0.4905098831985624,0.7915543575920935,0.2652642551864436
