nDCG@1,nDCG@1_std,nDCG@1_stderr,nDCG@1_ci90_low,nDCG@1_ci90_high,nDCG@1_ci95_low,nDCG@1_ci95_high,nDCG@3,nDCG@3_std,nDCG@3_stderr,nDCG@3_ci90_low,nDCG@3_ci90_high,nDCG@3_ci95_low,nDCG@3_ci95_high,nDCG@5,nDCG@5_std,nDCG@5_stderr,nDCG@5_ci90_low,nDCG@5_ci90_high,nDCG@5_ci95_low,nDCG@5_ci95_high,nDCG@10,nDCG@10_std,nDCG@10_stderr,nDCG@10_ci90_low,nDCG@10_ci90_high,nDCG@10_ci95_low,nDCG@10_ci95_high,nDCG@100,nDCG@100_std,nDCG@100_stderr,nDCG@100_ci90_low,nDCG@100_ci90_high,nDCG@100_ci95_low,nDCG@100_ci95_high,RR@1,RR@3,RR@5,RR@10,RR@100,P@1,P@3,P@5,P@10,P@100,R@1,R@3,R@5,R@10,R@100,AP
0.7115902964959568,0.45317539046686334,0.01176384699156557,0.6922283952579963,0.7309521977339174,0.6885147470055345,0.7346658459863792,0.7847166737118971,0.3656767424646936,0.0094924952617067,0.7690931488657521,0.8003401985580422,0.7660965280778912,0.8033368193459031,0.8054228575284067,0.3328731775209718,0.008640957144470732,0.7912008637407754,0.819644851316038,0.7884730591865194,0.822372655870294,0.823952457048319,0.29724441602151586,0.007716080578806407,0.81125270073407,0.836652213362568,0.8088168641256982,0.8390880499709398,0.8356299359581085,0.2687402677192869,0.006976149756643119,0.8241480182906831,0.847111853625534,0.821945765373653,0.849314106542564,0.7115902964959568,0.7731356693620844,0.7836814914645108,0.7905925105891414,0.7929491271665107,0.7115902964959568,0.2931266846361143,0.18706199460916015,0.0997304582210218,0.010539083557951294,0.6912061994609164,0.8357479784366577,0.8852762803234502,0.9401392632524707,0.9921945193171607,0.7867580059639843
