{
  "nDCG@1": 0.7021563342318059,
  "nDCG@1_std": 0.4574645741863603,
  "nDCG@1_stderr": 0.011875188653218677,
  "nDCG@1_ci90_low": 0.6826111777833566,
  "nDCG@1_ci90_high": 0.7217014906802552,
  "nDCG@1_ci95_low": 0.6788623808446256,
  "nDCG@1_ci95_high": 0.7254502876189862,
  "nDCG@3": 0.7744253319379352,
  "nDCG@3_std": 0.373502763134172,
  "nDCG@3_stderr": 0.009695648635974725,
  "nDCG@3_ci90_low": 0.7584674406577864,
  "nDCG@3_ci90_high": 0.790383223218084,
  "nDCG@3_ci95_low": 0.7554066877731825,
  "nDCG@3_ci95_high": 0.7934439761026878,
  "nDCG@5": 0.7972985471765606,
  "nDCG@5_std": 0.3385857192301968,
  "nDCG@5_stderr": 0.00878924733854113,
  "nDCG@5_ci90_low": 0.782832485262728,
  "nDCG@5_ci90_high": 0.8117646090903932,
  "nDCG@5_ci95_low": 0.7800578679931707,
  "nDCG@5_ci95_high": 0.8145392263599505,
  "nDCG@10": 0.8134505723374188,
  "nDCG@10_std": 0.30800349395994225,
  "nDCG@10_stderr": 0.007995372326108894,
  "nDCG@10_ci90_low": 0.8002911348294475,
  "nDCG@10_ci90_high": 0.8266100098453901,
  "nDCG@10_ci95_low": 0.7977671305230395,
  "nDCG@10_ci95_high": 0.8291340141517981,
  "nDCG@100": 0.8282662438959129,
  "nDCG@100_std": 0.27409520724198666,
  "nDCG@100_stderr": 0.007115157060480227,
  "nDCG@100_ci90_low": 0.8165555366420384,
  "nDCG@100_ci90_high": 0.8399769511497873,
  "nDCG@100_ci95_low": 0.8143094014617196,
  "nDCG@100_ci95_high": 0.8422230863301061,
  "RR@1": 0.7021563342318059,
  "RR@3": 0.7626909254267747,
  "RR@5": 0.7747529200359395,
  "RR@10": 0.780968157703333,
  "RR@100": 0.7839689353018986,
  "P@1": 0.7021563342318059,
  "P@3": 0.28953279424977124,
  "P@5": 0.18584905660376938,
  "P@10": 0.09838274932614316,
  "P@100": 0.010545822102425688,
  "R@1": 0.681266846361186,
  "R@3": 0.8253032345013477,
  "R@5": 0.8801662174303684,
  "R@10": 0.9283468104222822,
  "R@100": 0.9928683737646001,
  "AP": 0.7774545110356997
}