{
  "nDCG@1": 0.7115902964959568,
  "nDCG@1_std": 0.45317539046686334,
  "nDCG@1_stderr": 0.01176384699156557,
  "nDCG@1_ci90_low": 0.6922283952579963,
  "nDCG@1_ci90_high": 0.7309521977339174,
  "nDCG@1_ci95_low": 0.6885147470055345,
  "nDCG@1_ci95_high": 0.7346658459863792,
  "nDCG@3": 0.7847166737118971,
  "nDCG@3_std": 0.3656767424646936,
  "nDCG@3_stderr": 0.0094924952617067,
  "nDCG@3_ci90_low": 0.7690931488657521,
  "nDCG@3_ci90_high": 0.8003401985580422,
  "nDCG@3_ci95_low": 0.7660965280778912,
  "nDCG@3_ci95_high": 0.8033368193459031,
  "nDCG@5": 0.8054228575284067,
  "nDCG@5_std": 0.3328731775209718,
  "nDCG@5_stderr": 0.008640957144470732,
  "nDCG@5_ci90_low": 0.7912008637407754,
  "nDCG@5_ci90_high": 0.819644851316038,
  "nDCG@5_ci95_low": 0.7884730591865194,
  "nDCG@5_ci95_high": 0.822372655870294,
  "nDCG@10": 0.823952457048319,
  "nDCG@10_std": 0.29724441602151586,
  "nDCG@10_stderr": 0.007716080578806407,
  "nDCG@10_ci90_low": 0.81125270073407,
  "nDCG@10_ci90_high": 0.836652213362568,
  "nDCG@10_ci95_low": 0.8088168641256982,
  "nDCG@10_ci95_high": 0.8390880499709398,
  "nDCG@100": 0.8356299359581085,
  "nDCG@100_std": 0.2687402677192869,
  "nDCG@100_stderr": 0.006976149756643119,
  "nDCG@100_ci90_low": 0.8241480182906831,
  "nDCG@100_ci90_high": 0.847111853625534,
  "nDCG@100_ci95_low": 0.821945765373653,
  "nDCG@100_ci95_high": 0.849314106542564,
  "RR@1": 0.7115902964959568,
  "RR@3": 0.7731356693620844,
  "RR@5": 0.7836814914645108,
  "RR@10": 0.7905925105891414,
  "RR@100": 0.7929491271665107,
  "P@1": 0.7115902964959568,
  "P@3": 0.2931266846361143,
  "P@5": 0.18706199460916015,
  "P@10": 0.0997304582210218,
  "P@100": 0.010539083557951294,
  "R@1": 0.6912061994609164,
  "R@3": 0.8357479784366577,
  "R@5": 0.8852762803234502,
  "R@10": 0.9401392632524707,
  "R@100": 0.9921945193171607,
  "AP": 0.7867580059639843
}