nDCG@1,nDCG@1_std,nDCG@1_stderr,nDCG@1_ci90_low,nDCG@1_ci90_high,nDCG@1_ci95_low,nDCG@1_ci95_high,nDCG@3,nDCG@3_std,nDCG@3_stderr,nDCG@3_ci90_low,nDCG@3_ci90_high,nDCG@3_ci95_low,nDCG@3_ci95_high,nDCG@5,nDCG@5_std,nDCG@5_stderr,nDCG@5_ci90_low,nDCG@5_ci90_high,nDCG@5_ci95_low,nDCG@5_ci95_high,nDCG@10,nDCG@10_std,nDCG@10_stderr,nDCG@10_ci90_low,nDCG@10_ci90_high,nDCG@10_ci95_low,nDCG@10_ci95_high,nDCG@100,nDCG@100_std,nDCG@100_stderr,nDCG@100_ci90_low,nDCG@100_ci90_high,nDCG@100_ci95_low,nDCG@100_ci95_high,RR@1,RR@3,RR@5,RR@10,RR@100,P@1,P@3,P@5,P@10,P@100,R@1,R@3,R@5,R@10,R@100,AP
0.7203504043126685,0.44897832457007786,0.011654896589443254,0.7011678225547421,0.7395329860705949,0.6974885681082127,0.7432122405171243,0.795111515934489,0.3566797178410958,0.009258944139386674,0.7798723886215334,0.8103506432474447,0.7769494959872167,0.8132735358817613,0.8148975255445481,0.3242136061435278,0.008416165871952942,0.8010455116130611,0.828749539476035,0.7983886698753867,0.8314063812137095,0.8306114932773128,0.29276649915794123,0.007599839648843783,0.8181030557899202,0.8431199307647054,0.8157039144842609,0.8455190720703646,0.8424706978010393,0.262987207716026,0.006826807760066618,0.8312345794023792,0.8537068161996995,0.8290794712369771,0.8558619243651016,0.7203504043126685,0.782794249775382,0.7928683737646008,0.798769948230865,0.8012597662057461,0.7203504043126685,0.29739442946989675,0.18894878706199023,0.0999326145552536,0.010552560646900081,0.6981132075471698,0.8472596585804134,0.8947663971248878,0.9413746630727763,0.9935422282120394,0.7952363419276776
