nDCG@1,nDCG@1_std,nDCG@1_stderr,nDCG@1_ci90_low,nDCG@1_ci90_high,nDCG@1_ci95_low,nDCG@1_ci95_high,nDCG@3,nDCG@3_std,nDCG@3_stderr,nDCG@3_ci90_low,nDCG@3_ci90_high,nDCG@3_ci95_low,nDCG@3_ci95_high,nDCG@5,nDCG@5_std,nDCG@5_stderr,nDCG@5_ci90_low,nDCG@5_ci90_high,nDCG@5_ci95_low,nDCG@5_ci95_high,nDCG@10,nDCG@10_std,nDCG@10_stderr,nDCG@10_ci90_low,nDCG@10_ci90_high,nDCG@10_ci95_low,nDCG@10_ci95_high,nDCG@100,nDCG@100_std,nDCG@100_stderr,nDCG@100_ci90_low,nDCG@100_ci90_high,nDCG@100_ci95_low,nDCG@100_ci95_high,RR@1,RR@3,RR@5,RR@10,RR@100,P@1,P@3,P@5,P@10,P@100,R@1,R@3,R@5,R@10,R@100,AP
0.7216981132075472,0.44831393185289614,0.011637649813842346,0.7025439176030702,0.7408523088120241,0.6988701076729575,0.7445261187421368,0.7951211293680784,0.3578803324743449,0.009290110542369912,0.779830705840803,0.8104115528953538,0.7768979744982766,0.8133442842378803,0.817586177098327,0.32076693240748283,0.008326694679753142,0.8038814221704855,0.8312909320261685,0.801252824980432,0.833919529216222,0.8325839055709864,0.29043880331812716,0.007539415675524608,0.8201749187993885,0.8449928923425842,0.8177948523238495,0.8473729588181232,0.843767835864481,0.26204101776659733,0.006802245892798034,0.8325721433952482,0.8549635283337138,0.8304247889974294,0.8571108827315326,0.7216981132075472,0.7825696316262354,0.7941262353998207,0.7997002417319133,0.8020278114252136,0.7216981132075472,0.29716981132075027,0.1902964959568689,0.10020215633422935,0.010559299191374475,0.7009770889487871,0.8462488769092543,0.8998203054806829,0.9441823899371068,0.9937106918238993,0.7968861895085543
