{
  "nDCG@1": 0.6138814016172507,
  "nDCG@1_std": 0.4870224414547748,
  "nDCG@1_stderr": 0.012642472656845653,
  "nDCG@1_ci90_low": 0.5930733864194191,
  "nDCG@1_ci90_high": 0.6346894168150823,
  "nDCG@1_ci95_low": 0.5890823708509104,
  "nDCG@1_ci95_high": 0.638680432383591,
  "nDCG@3": 0.7002263917468416,
  "nDCG@3_std": 0.4104491415106264,
  "nDCG@3_stderr": 0.01065472883153728,
  "nDCG@3_ci90_low": 0.6826899678625983,
  "nDCG@3_ci90_high": 0.717762815631085,
  "nDCG@3_ci95_low": 0.6793264495225465,
  "nDCG@3_ci95_high": 0.7211263339711368,
  "nDCG@5": 0.7254487328784239,
  "nDCG@5_std": 0.3797531053295345,
  "nDCG@5_stderr": 0.009857899435064724,
  "nDCG@5_ci90_low": 0.7092237959668577,
  "nDCG@5_ci90_high": 0.7416736697899902,
  "nDCG@5_ci95_low": 0.70611182323921,
  "nDCG@5_ci95_high": 0.7447856425176379,
  "nDCG@10": 0.748320586664566,
  "nDCG@10_std": 0.34614185305157186,
  "nDCG@10_stderr": 0.008985394799308748,
  "nDCG@10_ci90_low": 0.7335316892220002,
  "nDCG@10_ci90_high": 0.7631094841071319,
  "nDCG@10_ci95_low": 0.7306951515045292,
  "nDCG@10_ci95_high": 0.7659460218246028,
  "nDCG@100": 0.7690853366841642,
  "nDCG@100_std": 0.30665983887190645,
  "nDCG@100_stderr": 0.00796049277793041,
  "nDCG@100_ci90_low": 0.7559833067884767,
  "nDCG@100_ci90_high": 0.7821873665798518,
  "nDCG@100_ci95_low": 0.7534703133676431,
  "nDCG@100_ci95_high": 0.7847003600006853,
  "RR@1": 0.6138814016172507,
  "RR@3": 0.6855345911949691,
  "RR@5": 0.6989779874213845,
  "RR@10": 0.7076776622598727,
  "RR@100": 0.7118943996469292,
  "P@1": 0.6138814016172507,
  "P@3": 0.2663971248876879,
  "P@5": 0.17291105121293446,
  "P@10": 0.09413746630727543,
  "P@100": 0.010431266846361,
  "R@1": 0.5965296495956873,
  "R@3": 0.7619609164420486,
  "R@5": 0.8221585804132975,
  "R@10": 0.889937106918239,
  "R@100": 0.9820867026055704,
  "AP": 0.7049835372366557
}