nDCG@1,nDCG@1_std,nDCG@1_stderr,nDCG@1_ci90_low,nDCG@1_ci90_high,nDCG@1_ci95_low,nDCG@1_ci95_high,nDCG@3,nDCG@3_std,nDCG@3_stderr,nDCG@3_ci90_low,nDCG@3_ci90_high,nDCG@3_ci95_low,nDCG@3_ci95_high,nDCG@5,nDCG@5_std,nDCG@5_stderr,nDCG@5_ci90_low,nDCG@5_ci90_high,nDCG@5_ci95_low,nDCG@5_ci95_high,nDCG@10,nDCG@10_std,nDCG@10_stderr,nDCG@10_ci90_low,nDCG@10_ci90_high,nDCG@10_ci95_low,nDCG@10_ci95_high,nDCG@100,nDCG@100_std,nDCG@100_stderr,nDCG@100_ci90_low,nDCG@100_ci90_high,nDCG@100_ci95_low,nDCG@100_ci95_high,RR@1,RR@3,RR@5,RR@10,RR@100,P@1,P@3,P@5,P@10,P@100,R@1,R@3,R@5,R@10,R@100,AP
0.6954177897574124,0.46038539732821854,0.011951009444137722,0.6757478412518569,0.7150877382629679,0.6719751089671547,0.7188604705476701,0.7692505035737335,0.3771790572844351,0.00979108047713258,0.7531355427665175,0.7853654643809495,0.7500446636578648,0.7884563434896021,0.787684103149301,0.349832373167244,0.009081195928128512,0.7727375283758396,0.8026306779227624,0.7698707478564282,0.8054974584421739,0.8063986730192277,0.3157521467203309,0.008196517329525952,0.7929081746182116,0.8198891714202439,0.7903206722238936,0.8224766738145619,0.8217608541077127,0.28143435469887196,0.007305671835879641,0.8097365820592349,0.8337851261561905,0.807430304574852,0.8360914036405734,0.6954177897574124,0.7568508535489669,0.7660489667565147,0.773218029350105,0.7764767420272322,0.6954177897574124,0.2879604672057461,0.18274932614554848,0.0976415094339599,0.010505390835579326,0.6753706199460916,0.8207547169811321,0.8655660377358491,0.9220575022461814,0.9891060197663972,0.7707256460288294
