nDCG@1,nDCG@1_std,nDCG@1_stderr,nDCG@1_ci90_low,nDCG@1_ci90_high,nDCG@1_ci95_low,nDCG@1_ci95_high,nDCG@3,nDCG@3_std,nDCG@3_stderr,nDCG@3_ci90_low,nDCG@3_ci90_high,nDCG@3_ci95_low,nDCG@3_ci95_high,nDCG@5,nDCG@5_std,nDCG@5_stderr,nDCG@5_ci90_low,nDCG@5_ci90_high,nDCG@5_ci95_low,nDCG@5_ci95_high,nDCG@10,nDCG@10_std,nDCG@10_stderr,nDCG@10_ci90_low,nDCG@10_ci90_high,nDCG@10_ci95_low,nDCG@10_ci95_high,nDCG@100,nDCG@100_std,nDCG@100_stderr,nDCG@100_ci90_low,nDCG@100_ci90_high,nDCG@100_ci95_low,nDCG@100_ci95_high,RR@1,RR@3,RR@5,RR@10,RR@100,P@1,P@3,P@5,P@10,P@100,R@1,R@3,R@5,R@10,R@100,AP
0.7021563342318059,0.4574645741863603,0.011875188653218677,0.6826111777833566,0.7217014906802552,0.6788623808446256,0.7254502876189862,0.7744253319379352,0.373502763134172,0.009695648635974725,0.7584674406577864,0.790383223218084,0.7554066877731825,0.7934439761026878,0.7972985471765606,0.3385857192301968,0.00878924733854113,0.782832485262728,0.8117646090903932,0.7800578679931707,0.8145392263599505,0.8134505723374188,0.30800349395994225,0.007995372326108894,0.8002911348294475,0.8266100098453901,0.7977671305230395,0.8291340141517981,0.8282662438959129,0.27409520724198666,0.007115157060480227,0.8165555366420384,0.8399769511497873,0.8143094014617196,0.8422230863301061,0.7021563342318059,0.7626909254267747,0.7747529200359395,0.780968157703333,0.7839689353018986,0.7021563342318059,0.28953279424977124,0.18584905660376938,0.09838274932614316,0.010545822102425688,0.681266846361186,0.8253032345013477,0.8801662174303684,0.9283468104222822,0.9928683737646001,0.7774545110356997
