nDCG@1,nDCG@1_std,nDCG@1_stderr,nDCG@1_ci90_low,nDCG@1_ci90_high,nDCG@1_ci95_low,nDCG@1_ci95_high,nDCG@3,nDCG@3_std,nDCG@3_stderr,nDCG@3_ci90_low,nDCG@3_ci90_high,nDCG@3_ci95_low,nDCG@3_ci95_high,nDCG@5,nDCG@5_std,nDCG@5_stderr,nDCG@5_ci90_low,nDCG@5_ci90_high,nDCG@5_ci95_low,nDCG@5_ci95_high,nDCG@10,nDCG@10_std,nDCG@10_stderr,nDCG@10_ci90_low,nDCG@10_ci90_high,nDCG@10_ci95_low,nDCG@10_ci95_high,nDCG@100,nDCG@100_std,nDCG@100_stderr,nDCG@100_ci90_low,nDCG@100_ci90_high,nDCG@100_ci95_low,nDCG@100_ci95_high,RR@1,RR@3,RR@5,RR@10,RR@100,P@1,P@3,P@5,P@10,P@100,R@1,R@3,R@5,R@10,R@100,AP
0.7190026954177897,0.44963769335549947,0.011672012950273711,0.6997919421537063,0.7382134486818731,0.6961072843605053,0.7418981064750741,0.78744365079919,0.366981568900048,0.00952636686828323,0.7717643772934631,0.8031229243049168,0.7687570638102058,0.8061302377881742,0.809290756427803,0.3317747016282858,0.008612442131084483,0.7951156949807044,0.8234658178749016,0.7923968921356435,0.8261846207199626,0.826710500537077,0.29709666365336246,0.007712245118434634,0.8140170569371104,0.8394039441370436,0.8115824311189432,0.8418385699552107,0.8387168925155026,0.26836176524300187,0.0069663243219204645,0.8272511463519107,0.8501826386790946,0.8250519951590456,0.8523817898719597,0.7190026954177897,0.7756064690026956,0.7869946091644212,0.7937181790955379,0.796102859278747,0.7190026954177897,0.2931266846361143,0.18773584905659949,0.09959568733153393,0.010545822102425688,0.6986185983827493,0.8354672057502246,0.8878032345013477,0.9399146451033243,0.9923629829290206,0.7911602742264883
