{
  "nDCG@1": 0.7082210242587601,
  "nDCG@1_std": 0.454734369643005,
  "nDCG@1_stderr": 0.011804316074567351,
  "nDCG@1_ci90_low": 0.6887925156950809,
  "nDCG@1_ci90_high": 0.7276495328224393,
  "nDCG@1_ci95_low": 0.685066092035095,
  "nDCG@1_ci95_high": 0.7313759564824251,
  "nDCG@3": 0.7799519296881239,
  "nDCG@3_std": 0.3707217684560025,
  "nDCG@3_stderr": 0.009623457611116468,
  "nDCG@3_ci90_low": 0.764112856299314,
  "nDCG@3_ci90_high": 0.7957910030769337,
  "nDCG@3_ci95_low": 0.7610748929047045,
  "nDCG@3_ci95_high": 0.7988289664715432,
  "nDCG@5": 0.798929954605902,
  "nDCG@5_std": 0.3420751932629501,
  "nDCG@5_stderr": 0.00887982957108483,
  "nDCG@5_ci90_low": 0.7843148050473829,
  "nDCG@5_ci90_high": 0.813545104164421,
  "nDCG@5_ci95_low": 0.7815115924934911,
  "nDCG@5_ci95_high": 0.8163483167183129,
  "nDCG@10": 0.8166042685558517,
  "nDCG@10_std": 0.3081359938700309,
  "nDCG@10_stderr": 0.007998811852397099,
  "nDCG@10_ci90_low": 0.8034391699942858,
  "nDCG@10_ci90_high": 0.8297693671174176,
  "nDCG@10_ci95_low": 0.800914079887391,
  "nDCG@10_ci95_high": 0.8322944572243123,
  "nDCG@100": 0.8310347960630742,
  "nDCG@100_std": 0.2748575478966124,
  "nDCG@100_stderr": 0.007134946437849611,
  "nDCG@100_ci90_low": 0.8192915178338664,
  "nDCG@100_ci90_high": 0.8427780742922819,
  "nDCG@100_ci95_low": 0.8170391354806,
  "nDCG@100_ci95_high": 0.8450304566455483,
  "RR@1": 0.7082210242587601,
  "RR@3": 0.7681940700808627,
  "RR@5": 0.7773921832884104,
  "RR@10": 0.7843986651264282,
  "RR@100": 0.7873185828592698,
  "P@1": 0.7082210242587601,
  "P@3": 0.2911051212937963,
  "P@5": 0.1850404312668422,
  "P@10": 0.09831536388139922,
  "P@100": 0.0105323450134769,
  "R@1": 0.6881738544474394,
  "R@3": 0.8295148247978437,
  "R@5": 0.875,
  "R@10": 0.9284591194968553,
  "R@100": 0.991464510332435,
  "AP": 0.7819758548002553
}