{
  "nDCG@1": 0.6954177897574124,
  "nDCG@1_std": 0.46038539732821854,
  "nDCG@1_stderr": 0.011951009444137722,
  "nDCG@1_ci90_low": 0.6757478412518569,
  "nDCG@1_ci90_high": 0.7150877382629679,
  "nDCG@1_ci95_low": 0.6719751089671547,
  "nDCG@1_ci95_high": 0.7188604705476701,
  "nDCG@3": 0.7692505035737335,
  "nDCG@3_std": 0.3771790572844351,
  "nDCG@3_stderr": 0.00979108047713258,
  "nDCG@3_ci90_low": 0.7531355427665175,
  "nDCG@3_ci90_high": 0.7853654643809495,
  "nDCG@3_ci95_low": 0.7500446636578648,
  "nDCG@3_ci95_high": 0.7884563434896021,
  "nDCG@5": 0.787684103149301,
  "nDCG@5_std": 0.349832373167244,
  "nDCG@5_stderr": 0.009081195928128512,
  "nDCG@5_ci90_low": 0.7727375283758396,
  "nDCG@5_ci90_high": 0.8026306779227624,
  "nDCG@5_ci95_low": 0.7698707478564282,
  "nDCG@5_ci95_high": 0.8054974584421739,
  "nDCG@10": 0.8063986730192277,
  "nDCG@10_std": 0.3157521467203309,
  "nDCG@10_stderr": 0.008196517329525952,
  "nDCG@10_ci90_low": 0.7929081746182116,
  "nDCG@10_ci90_high": 0.8198891714202439,
  "nDCG@10_ci95_low": 0.7903206722238936,
  "nDCG@10_ci95_high": 0.8224766738145619,
  "nDCG@100": 0.8217608541077127,
  "nDCG@100_std": 0.28143435469887196,
  "nDCG@100_stderr": 0.007305671835879641,
  "nDCG@100_ci90_low": 0.8097365820592349,
  "nDCG@100_ci90_high": 0.8337851261561905,
  "nDCG@100_ci95_low": 0.807430304574852,
  "nDCG@100_ci95_high": 0.8360914036405734,
  "RR@1": 0.6954177897574124,
  "RR@3": 0.7568508535489669,
  "RR@5": 0.7660489667565147,
  "RR@10": 0.773218029350105,
  "RR@100": 0.7764767420272322,
  "P@1": 0.6954177897574124,
  "P@3": 0.2879604672057461,
  "P@5": 0.18274932614554848,
  "P@10": 0.0976415094339599,
  "P@100": 0.010505390835579326,
  "R@1": 0.6753706199460916,
  "R@3": 0.8207547169811321,
  "R@5": 0.8655660377358491,
  "R@10": 0.9220575022461814,
  "R@100": 0.9891060197663972,
  "AP": 0.7707256460288294
}