nDCG@1,nDCG@1_std,nDCG@1_stderr,nDCG@1_ci90_low,nDCG@1_ci90_high,nDCG@1_ci95_low,nDCG@1_ci95_high,nDCG@3,nDCG@3_std,nDCG@3_stderr,nDCG@3_ci90_low,nDCG@3_ci90_high,nDCG@3_ci95_low,nDCG@3_ci95_high,nDCG@5,nDCG@5_std,nDCG@5_stderr,nDCG@5_ci90_low,nDCG@5_ci90_high,nDCG@5_ci95_low,nDCG@5_ci95_high,nDCG@10,nDCG@10_std,nDCG@10_stderr,nDCG@10_ci90_low,nDCG@10_ci90_high,nDCG@10_ci95_low,nDCG@10_ci95_high,nDCG@100,nDCG@100_std,nDCG@100_stderr,nDCG@100_ci90_low,nDCG@100_ci90_high,nDCG@100_ci95_low,nDCG@100_ci95_high,RR@1,RR@3,RR@5,RR@10,RR@100,P@1,P@3,P@5,P@10,P@100,R@1,R@3,R@5,R@10,R@100,AP
0.6502695417789758,0.4770455067368672,0.01238348433591015,0.6298877907356621,0.6706512928222894,0.6259785334156364,0.6745605501423152,0.7318376364880619,0.39646994714723793,0.010291847026797528,0.7148984731487288,0.748776799827395,0.7116495104791978,0.752025762496926,0.7565159375577177,0.3632876954455684,0.009430478691125293,0.7409944846541587,0.7720373904612767,0.7380174414525354,0.7750144336629,0.7782878032967551,0.32772947552882675,0.008507433293708518,0.764285573980153,0.7922900326133572,0.7615999206554567,0.7949756859380535,0.7950703320482004,0.2928348514549641,0.007601613986066443,0.7825589742115299,0.807581689884871,0.7801592727775104,0.8099813913188905,0.6495956873315364,0.7174303683737651,0.7307726864330649,0.7390348906858343,0.7423048547736913,0.6502695417789758,0.27628032345013137,0.17884097035040047,0.09669811320754489,0.010498652291104934,0.632243935309973,0.7899258760107817,0.8483265947888589,0.9131850853548967,0.9881513926325246,0.7362413920837206
