nDCG@1,nDCG@1_std,nDCG@1_stderr,nDCG@1_ci90_low,nDCG@1_ci90_high,nDCG@1_ci95_low,nDCG@1_ci95_high,nDCG@3,nDCG@3_std,nDCG@3_stderr,nDCG@3_ci90_low,nDCG@3_ci90_high,nDCG@3_ci95_low,nDCG@3_ci95_high,nDCG@5,nDCG@5_std,nDCG@5_stderr,nDCG@5_ci90_low,nDCG@5_ci90_high,nDCG@5_ci95_low,nDCG@5_ci95_high,nDCG@10,nDCG@10_std,nDCG@10_stderr,nDCG@10_ci90_low,nDCG@10_ci90_high,nDCG@10_ci95_low,nDCG@10_ci95_high,nDCG@100,nDCG@100_std,nDCG@100_stderr,nDCG@100_ci90_low,nDCG@100_ci90_high,nDCG@100_ci95_low,nDCG@100_ci95_high,RR@1,RR@3,RR@5,RR@10,RR@100,P@1,P@3,P@5,P@10,P@100,R@1,R@3,R@5,R@10,R@100,AP
0.7681940700808625,0.42212796194532504,0.010957895904432007,0.7501586690398949,0.7862294711218301,0.7466994459638613,0.7896886941978637,0.837713892894456,0.319821435840298,0.008302150811790775,0.8240495342713119,0.8513782515176,0.8214286851667641,0.8539991006221478,0.8557268012846511,0.28419332133725905,0.007377291041316599,0.8435846524919921,0.86786895007731,0.8412557660313699,0.8701978365379323,0.8681282521734995,0.25434256076053374,0.0066024039062391885,0.8572614759856264,0.8789950283613727,0.8551772083352538,0.8810792960117453,0.8757348173491805,0.23257145178368807,0.0060372540763323525,0.8657982109602814,0.8856714237380795,0.8638923515873811,0.8875772831109798,0.7681940700808625,0.8254716981132078,0.8348045822102431,0.8396865507209172,0.8412994226785588,0.7681940700808625,0.3106469002695363,0.19622641509433483,0.10229110512129115,0.010606469002695226,0.7461253369272237,0.8876347708894878,0.9300314465408805,0.9659703504043128,0.996967654986523,0.8360208285915226
