{
  "nDCG@1": 0.7681940700808625,
  "nDCG@1_std": 0.42212796194532504,
  "nDCG@1_stderr": 0.010957895904432007,
  "nDCG@1_ci90_low": 0.7501586690398949,
  "nDCG@1_ci90_high": 0.7862294711218301,
  "nDCG@1_ci95_low": 0.7466994459638613,
  "nDCG@1_ci95_high": 0.7896886941978637,
  "nDCG@3": 0.8336736727985475,
  "nDCG@3_std": 0.3283270052284615,
  "nDCG@3_stderr": 0.0085229443918557,
  "nDCG@3_ci90_low": 0.8196459140483653,
  "nDCG@3_ci90_high": 0.8477014315487298,
  "nDCG@3_ci95_low": 0.8169553641313748,
  "nDCG@3_ci95_high": 0.8503919814657203,
  "nDCG@5": 0.8529992687552117,
  "nDCG@5_std": 0.2905802107600866,
  "nDCG@5_stderr": 0.007543086429819024,
  "nDCG@5_ci90_low": 0.8405842403560605,
  "nDCG@5_ci90_high": 0.8654142971543629,
  "nDCG@5_ci95_low": 0.8382030150852497,
  "nDCG@5_ci95_high": 0.8677955224251737,
  "nDCG@10": 0.8672668158538693,
  "nDCG@10_std": 0.2564338747814575,
  "nDCG@10_stderr": 0.0066566917132803395,
  "nDCG@10_ci90_low": 0.8563106883543794,
  "nDCG@10_ci90_high": 0.8782229433533593,
  "nDCG@10_ci95_low": 0.8542092829581748,
  "nDCG@10_ci95_high": 0.8803243487495639,
  "nDCG@100": 0.8746656808120803,
  "nDCG@100_std": 0.23589180528755357,
  "nDCG@100_stderr": 0.006123446158689566,
  "nDCG@100_ci90_low": 0.8645872124466278,
  "nDCG@100_ci90_high": 0.8847441491775327,
  "nDCG@100_ci95_low": 0.8626541436858248,
  "nDCG@100_ci95_high": 0.8866772179383358,
  "RR@1": 0.7681940700808625,
  "RR@3": 0.8226639712488771,
  "RR@5": 0.83280548068284,
  "RR@10": 0.8382711889787363,
  "RR@100": 0.8398318865140029,
  "P@1": 0.7681940700808625,
  "P@3": 0.3077268643306325,
  "P@5": 0.195013477088944,
  "P@10": 0.10222371967654721,
  "P@100": 0.010599730458220833,
  "R@1": 0.7467991913746631,
  "R@3": 0.8785377358490566,
  "R@5": 0.924303683737646,
  "R@10": 0.966812668463612,
  "R@100": 0.9962938005390836,
  "AP": 0.8352690725325481
}