nDCG@1,nDCG@1_std,nDCG@1_stderr,nDCG@1_ci90_low,nDCG@1_ci90_high,nDCG@1_ci95_low,nDCG@1_ci95_high,nDCG@3,nDCG@3_std,nDCG@3_stderr,nDCG@3_ci90_low,nDCG@3_ci90_high,nDCG@3_ci95_low,nDCG@3_ci95_high,nDCG@5,nDCG@5_std,nDCG@5_stderr,nDCG@5_ci90_low,nDCG@5_ci90_high,nDCG@5_ci95_low,nDCG@5_ci95_high,nDCG@10,nDCG@10_std,nDCG@10_stderr,nDCG@10_ci90_low,nDCG@10_ci90_high,nDCG@10_ci95_low,nDCG@10_ci95_high,nDCG@100,nDCG@100_std,nDCG@100_stderr,nDCG@100_ci90_low,nDCG@100_ci90_high,nDCG@100_ci95_low,nDCG@100_ci95_high,RR@1,RR@3,RR@5,RR@10,RR@100,P@1,P@3,P@5,P@10,P@100,R@1,R@3,R@5,R@10,R@100,AP
0.7243935309973046,0.4469699848407593,0.01160276268769178,0.7052967554775574,0.7434903065170518,0.7016339588252574,0.7471531031693519,0.7962135947656929,0.3566481895863283,0.009258125706672104,0.7809758144962172,0.8114513750351685,0.7780531802273164,0.8143740093040693,0.8174660744365332,0.32187929814693944,0.008355570255596186,0.8037137937249865,0.8312183551480798,0.8010760810022467,0.8338560678708197,0.8344973117117728,0.28696236215421117,0.007449171759398986,0.8222368557560384,0.8467577676675071,0.8198852777640419,0.8491093456595037,0.8454841172820978,0.2595990014578009,0.006738854307968165,0.8343927598663279,0.8565754746978678,0.8322654171235734,0.8587028174406223,0.7243935309973046,0.7849281221922736,0.7959456424079072,0.8025066315834508,0.8046541583833003,0.7243935309973046,0.2958221024258713,0.1889487870619902,0.10013477088948536,0.010579514824797654,0.702886343216532,0.8467542677448338,0.8970125786163523,0.9472708894878707,0.9949460916442049,0.798339998767586
