{
  "nDCG@1": 0.7681940700808625,
  "nDCG@1_std": 0.42212796194532504,
  "nDCG@1_stderr": 0.010957895904432007,
  "nDCG@1_ci90_low": 0.7501586690398949,
  "nDCG@1_ci90_high": 0.7862294711218301,
  "nDCG@1_ci95_low": 0.7466994459638613,
  "nDCG@1_ci95_high": 0.7896886941978637,
  "nDCG@3": 0.837713892894456,
  "nDCG@3_std": 0.319821435840298,
  "nDCG@3_stderr": 0.008302150811790775,
  "nDCG@3_ci90_low": 0.8240495342713119,
  "nDCG@3_ci90_high": 0.8513782515176,
  "nDCG@3_ci95_low": 0.8214286851667641,
  "nDCG@3_ci95_high": 0.8539991006221478,
  "nDCG@5": 0.8557268012846511,
  "nDCG@5_std": 0.28419332133725905,
  "nDCG@5_stderr": 0.007377291041316599,
  "nDCG@5_ci90_low": 0.8435846524919921,
  "nDCG@5_ci90_high": 0.86786895007731,
  "nDCG@5_ci95_low": 0.8412557660313699,
  "nDCG@5_ci95_high": 0.8701978365379323,
  "nDCG@10": 0.8681282521734995,
  "nDCG@10_std": 0.25434256076053374,
  "nDCG@10_stderr": 0.0066024039062391885,
  "nDCG@10_ci90_low": 0.8572614759856264,
  "nDCG@10_ci90_high": 0.8789950283613727,
  "nDCG@10_ci95_low": 0.8551772083352538,
  "nDCG@10_ci95_high": 0.8810792960117453,
  "nDCG@100": 0.8757348173491805,
  "nDCG@100_std": 0.23257145178368807,
  "nDCG@100_stderr": 0.0060372540763323525,
  "nDCG@100_ci90_low": 0.8657982109602814,
  "nDCG@100_ci90_high": 0.8856714237380795,
  "nDCG@100_ci95_low": 0.8638923515873811,
  "nDCG@100_ci95_high": 0.8875772831109798,
  "RR@1": 0.7681940700808625,
  "RR@3": 0.8254716981132078,
  "RR@5": 0.8348045822102431,
  "RR@10": 0.8396865507209172,
  "RR@100": 0.8412994226785588,
  "P@1": 0.7681940700808625,
  "P@3": 0.3106469002695363,
  "P@5": 0.19622641509433483,
  "P@10": 0.10229110512129115,
  "P@100": 0.010606469002695226,
  "R@1": 0.7461253369272237,
  "R@3": 0.8876347708894878,
  "R@5": 0.9300314465408805,
  "R@10": 0.9659703504043128,
  "R@100": 0.996967654986523,
  "AP": 0.8360208285915226
}