{
  "nDCG@1": 0.704177897574124,
  "nDCG@1_std": 0.4565652772057831,
  "nDCG@1_stderr": 0.011851844066769293,
  "nDCG@1_ci90_low": 0.6846711635547998,
  "nDCG@1_ci90_high": 0.7236846315934481,
  "nDCG@1_ci95_low": 0.6809297361086112,
  "nDCG@1_ci95_high": 0.7274260590396368,
  "nDCG@3": 0.7764993428429866,
  "nDCG@3_std": 0.3718832013448004,
  "nDCG@3_stderr": 0.009653606906692105,
  "nDCG@3_ci90_low": 0.7606106472783912,
  "nDCG@3_ci90_high": 0.792388038407582,
  "nDCG@3_ci95_low": 0.7575631662592404,
  "nDCG@3_ci95_high": 0.7954355194267329,
  "nDCG@5": 0.7975329241213428,
  "nDCG@5_std": 0.34012210913863505,
  "nDCG@5_stderr": 0.00882913003337068,
  "nDCG@5_ci90_low": 0.7830012200073909,
  "nDCG@5_ci90_high": 0.8120646282352947,
  "nDCG@5_ci95_low": 0.7802140124431737,
  "nDCG@5_ci95_high": 0.8148518357995119,
  "nDCG@10": 0.8178060110876779,
  "nDCG@10_std": 0.30135824193436395,
  "nDCG@10_stderr": 0.007822870178609755,
  "nDCG@10_ci90_low": 0.8049304917185272,
  "nDCG@10_ci90_high": 0.8306815304568287,
  "nDCG@10_ci95_low": 0.8024609434331015,
  "nDCG@10_ci95_high": 0.8331510787422544,
  "nDCG@100": 0.8299621841195219,
  "nDCG@100_std": 0.2731845563598165,
  "nDCG@100_stderr": 0.007091517741430823,
  "nDCG@100_ci90_low": 0.8182903843897844,
  "nDCG@100_ci90_high": 0.8416339838492595,
  "nDCG@100_ci95_low": 0.8160517117441228,
  "nDCG@100_ci95_high": 0.843872656494921,
  "RR@1": 0.7048517520215634,
  "RR@3": 0.7649371069182395,
  "RR@5": 0.7757861635220131,
  "RR@10": 0.7838860544217686,
  "RR@100": 0.786268363604514,
  "P@1": 0.704177897574124,
  "P@3": 0.2893081761006245,
  "P@5": 0.18490566037735426,
  "P@10": 0.09912398921832638,
  "P@100": 0.010532345013476899,
  "R@1": 0.68401841868823,
  "R@3": 0.8278863432165319,
  "R@5": 0.8778077268643307,
  "R@10": 0.9378369272237198,
  "R@100": 0.9905660377358491,
  "AP": 0.7798571386462257
}