nDCG@1,nDCG@1_std,nDCG@1_stderr,nDCG@1_ci90_low,nDCG@1_ci90_high,nDCG@1_ci95_low,nDCG@1_ci95_high,nDCG@3,nDCG@3_std,nDCG@3_stderr,nDCG@3_ci90_low,nDCG@3_ci90_high,nDCG@3_ci95_low,nDCG@3_ci95_high,nDCG@5,nDCG@5_std,nDCG@5_stderr,nDCG@5_ci90_low,nDCG@5_ci90_high,nDCG@5_ci95_low,nDCG@5_ci95_high,nDCG@10,nDCG@10_std,nDCG@10_stderr,nDCG@10_ci90_low,nDCG@10_ci90_high,nDCG@10_ci95_low,nDCG@10_ci95_high,nDCG@100,nDCG@100_std,nDCG@100_stderr,nDCG@100_ci90_low,nDCG@100_ci90_high,nDCG@100_ci95_low,nDCG@100_ci95_high,RR@1,RR@3,RR@5,RR@10,RR@100,P@1,P@3,P@5,P@10,P@100,R@1,R@3,R@5,R@10,R@100,AP
0.704177897574124,0.4565652772057831,0.011851844066769293,0.6846711635547998,0.7236846315934481,0.6809297361086112,0.7274260590396368,0.7764993428429866,0.3718832013448004,0.009653606906692105,0.7606106472783912,0.792388038407582,0.7575631662592404,0.7954355194267329,0.7975329241213428,0.34012210913863505,0.00882913003337068,0.7830012200073909,0.8120646282352947,0.7802140124431737,0.8148518357995119,0.8178060110876779,0.30135824193436395,0.007822870178609755,0.8049304917185272,0.8306815304568287,0.8024609434331015,0.8331510787422544,0.8299621841195219,0.2731845563598165,0.007091517741430823,0.8182903843897844,0.8416339838492595,0.8160517117441228,0.843872656494921,0.7048517520215634,0.7649371069182395,0.7757861635220131,0.7838860544217686,0.786268363604514,0.704177897574124,0.2893081761006245,0.18490566037735426,0.09912398921832638,0.010532345013476899,0.68401841868823,0.8278863432165319,0.8778077268643307,0.9378369272237198,0.9905660377358491,0.7798571386462257
