nDCG@1,nDCG@1_std,nDCG@1_stderr,nDCG@1_ci90_low,nDCG@1_ci90_high,nDCG@1_ci95_low,nDCG@1_ci95_high,nDCG@3,nDCG@3_std,nDCG@3_stderr,nDCG@3_ci90_low,nDCG@3_ci90_high,nDCG@3_ci95_low,nDCG@3_ci95_high,nDCG@5,nDCG@5_std,nDCG@5_stderr,nDCG@5_ci90_low,nDCG@5_ci90_high,nDCG@5_ci95_low,nDCG@5_ci95_high,nDCG@10,nDCG@10_std,nDCG@10_stderr,nDCG@10_ci90_low,nDCG@10_ci90_high,nDCG@10_ci95_low,nDCG@10_ci95_high,nDCG@100,nDCG@100_std,nDCG@100_stderr,nDCG@100_ci90_low,nDCG@100_ci90_high,nDCG@100_ci95_low,nDCG@100_ci95_high,RR@1,RR@3,RR@5,RR@10,RR@100,P@1,P@3,P@5,P@10,P@100,R@1,R@3,R@5,R@10,R@100,AP
0.7675202156334232,0.42255562134608265,0.010968997389333547,0.7494665428609029,0.7855738884059436,0.7460038152331665,0.7890366160336799,0.8374032906380259,0.32058094918031627,0.008321866795729847,0.823706481836457,0.8511000994395947,0.8210794087280309,0.8537271725480209,0.8536028065913853,0.28855524190466925,0.007490520857462425,0.8412742949091903,0.8659313182735804,0.8389096637037446,0.868295949479026,0.8676387862794063,0.2551816292261925,0.006624185038341901,0.8567361609234059,0.8785414116354067,0.8546450173366812,0.8806325552221314,0.8749061485951038,0.23442633086639783,0.0060854043381865395,0.8648902925682869,0.8849220046219208,0.8629692329691411,0.8868430642210666,0.7675202156334232,0.8251347708894882,0.833861185983828,0.8390811513284556,0.8406044143240103,0.7675202156334232,0.3104222821203898,0.19528301886791974,0.10235849056603508,0.010599730458220833,0.7461253369272237,0.8870732255166219,0.9249775381850854,0.9661388140161726,0.9962938005390836,0.8352929993064168
