{
  "nDCG@1": 0.7021563342318059,
  "nDCG@1_std": 0.4574645741863603,
  "nDCG@1_stderr": 0.011875188653218677,
  "nDCG@1_ci90_low": 0.6826111777833566,
  "nDCG@1_ci90_high": 0.7217014906802552,
  "nDCG@1_ci95_low": 0.6788623808446256,
  "nDCG@1_ci95_high": 0.7254502876189862,
  "nDCG@3": 0.7756334209496801,
  "nDCG@3_std": 0.37376580221443967,
  "nDCG@3_stderr": 0.00970247679027914,
  "nDCG@3_ci90_low": 0.7596642913348799,
  "nDCG@3_ci90_high": 0.7916025505644804,
  "nDCG@3_ci95_low": 0.7566013829170293,
  "nDCG@3_ci95_high": 0.794665458982331,
  "nDCG@5": 0.7948845731554719,
  "nDCG@5_std": 0.34388514512690727,
  "nDCG@5_stderr": 0.008926813580449847,
  "nDCG@5_ci90_low": 0.7801920934727391,
  "nDCG@5_ci90_high": 0.8095770528382047,
  "nDCG@5_ci95_low": 0.7773740488588591,
  "nDCG@5_ci95_high": 0.8123950974520847,
  "nDCG@10": 0.8144754331621992,
  "nDCG@10_std": 0.3072224838812687,
  "nDCG@10_stderr": 0.007975098314638586,
  "nDCG@10_ci90_low": 0.8013493642799902,
  "nDCG@10_ci90_high": 0.8276015020444082,
  "nDCG@10_ci95_low": 0.7988317601373484,
  "nDCG@10_ci95_high": 0.83011910618705,
  "nDCG@100": 0.8276700378371702,
  "nDCG@100_std": 0.2766806246518593,
  "nDCG@100_stderr": 0.007182271152416548,
  "nDCG@100_ci90_low": 0.81584886872327,
  "nDCG@100_ci90_high": 0.8394912069510704,
  "nDCG@100_ci95_low": 0.8135815467551245,
  "nDCG@100_ci95_high": 0.8417585289192159,
  "RR@1": 0.7021563342318059,
  "RR@3": 0.7620170709793356,
  "RR@5": 0.7724281221922739,
  "RR@10": 0.7800638022504602,
  "RR@100": 0.7828966469676975,
  "P@1": 0.7021563342318059,
  "P@3": 0.29110512129379645,
  "P@5": 0.1846361185983787,
  "P@10": 0.09878706199460678,
  "P@100": 0.01051212938005372,
  "R@1": 0.6806491464510331,
  "R@3": 0.8274371069182389,
  "R@5": 0.8737646001796944,
  "R@10": 0.9319407008086253,
  "R@100": 0.9886567834681042,
  "AP": 0.7781510680647009
}