{
  "nDCG@1": 0.7264150943396226,
  "nDCG@1_std": 0.4459486681601078,
  "nDCG@1_stderr": 0.011576250627650875,
  "nDCG@1_ci90_low": 0.7073619545360229,
  "nDCG@1_ci90_high": 0.7454682341432223,
  "nDCG@1_ci95_low": 0.7037075272943001,
  "nDCG@1_ci95_high": 0.7491226613849451,
  "nDCG@3": 0.7980231071933,
  "nDCG@3_std": 0.35819872936176583,
  "nDCG@3_stderr": 0.009298375713747272,
  "nDCG@3_ci90_low": 0.7827190801711783,
  "nDCG@3_ci90_high": 0.8133271342154218,
  "nDCG@3_ci95_low": 0.7797837396533316,
  "nDCG@3_ci95_high": 0.8162624747332685,
  "nDCG@5": 0.817185222836648,
  "nDCG@5_std": 0.32527454952031215,
  "nDCG@5_stderr": 0.008443706589771597,
  "nDCG@5_ci90_low": 0.8032878801399357,
  "nDCG@5_ci90_high": 0.8310825655333602,
  "nDCG@5_ci95_low": 0.8006223442617584,
  "nDCG@5_ci95_high": 0.8337481014115375,
  "nDCG@10": 0.8350455019299559,
  "nDCG@10_std": 0.2886772070113646,
  "nDCG@10_stderr": 0.007493686913880441,
  "nDCG@10_ci90_low": 0.8227117792932386,
  "nDCG@10_ci90_high": 0.8473792245666731,
  "nDCG@10_ci95_low": 0.8203461486171357,
  "nDCG@10_ci95_high": 0.849744855242776,
  "nDCG@100": 0.8456215310659695,
  "nDCG@100_std": 0.2622545237662087,
  "nDCG@100_stderr": 0.0068077882323955615,
  "nDCG@100_ci90_low": 0.8344167165610632,
  "nDCG@100_ci90_high": 0.8568263455708758,
  "nDCG@100_ci95_low": 0.8322676125400322,
  "nDCG@100_ci95_high": 0.8589754495919067,
  "RR@1": 0.7264150943396226,
  "RR@3": 0.7844788858939806,
  "RR@5": 0.7952268643306385,
  "RR@10": 0.8019584563385102,
  "RR@100": 0.8042280363570026,
  "P@1": 0.7264150943396226,
  "P@3": 0.298517520215629,
  "P@5": 0.18894878706199025,
  "P@10": 0.10047169811320507,
  "P@100": 0.010552560646900081,
  "R@1": 0.7042340521114107,
  "R@3": 0.8479896675651392,
  "R@5": 0.8935309973045822,
  "R@10": 0.9469901168014375,
  "R@100": 0.9923629829290206,
  "AP": 0.7999301424977224
}