nDCG@1,nDCG@1_std,nDCG@1_stderr,nDCG@1_ci90_low,nDCG@1_ci90_high,nDCG@1_ci95_low,nDCG@1_ci95_high,nDCG@3,nDCG@3_std,nDCG@3_stderr,nDCG@3_ci90_low,nDCG@3_ci90_high,nDCG@3_ci95_low,nDCG@3_ci95_high,nDCG@5,nDCG@5_std,nDCG@5_stderr,nDCG@5_ci90_low,nDCG@5_ci90_high,nDCG@5_ci95_low,nDCG@5_ci95_high,nDCG@10,nDCG@10_std,nDCG@10_stderr,nDCG@10_ci90_low,nDCG@10_ci90_high,nDCG@10_ci95_low,nDCG@10_ci95_high,nDCG@100,nDCG@100_std,nDCG@100_stderr,nDCG@100_ci90_low,nDCG@100_ci90_high,nDCG@100_ci95_low,nDCG@100_ci95_high,RR@1,RR@3,RR@5,RR@10,RR@100,P@1,P@3,P@5,P@10,P@100,R@1,R@3,R@5,R@10,R@100,AP
0.6576819407008087,0.4746453592355427,0.012321179611168407,0.6374027358677588,0.6779611455338586,0.633513147099383,0.6818507343022343,0.7433959183989789,0.3883273465329427,0.010080475646632078,0.7268046473596926,0.7599871894382652,0.7236224110728776,0.7631694257250802,0.7642343342559098,0.35920140533844336,0.009324403885223223,0.7488874679410054,0.7795812005708143,0.745943910768047,0.7825247577437726,0.7812678463162694,0.3310579318856267,0.008593835715647539,0.767123408829032,0.7954122838035069,0.7644104797157716,0.7981252129167673,0.7976590186605673,0.29745389421439783,0.007721518361750874,0.7849503123985333,0.8103677249226013,0.7825127591737228,0.8128052781474119,0.6583557951482479,0.7280997304582216,0.7390835579514835,0.7457346617892446,0.7489986467678093,0.6576819407008087,0.2818957771787921,0.18018867924527915,0.0958221024258738,0.010390835579514639,0.638196316262354,0.8036837376460017,0.8533243486073674,0.9039757412398922,0.9766958670260556,0.7430097310143055
