{
  "nDCG@1": 0.6576819407008087,
  "nDCG@1_std": 0.4746453592355427,
  "nDCG@1_stderr": 0.012321179611168407,
  "nDCG@1_ci90_low": 0.6374027358677588,
  "nDCG@1_ci90_high": 0.6779611455338586,
  "nDCG@1_ci95_low": 0.633513147099383,
  "nDCG@1_ci95_high": 0.6818507343022343,
  "nDCG@3": 0.7433959183989789,
  "nDCG@3_std": 0.3883273465329427,
  "nDCG@3_stderr": 0.010080475646632078,
  "nDCG@3_ci90_low": 0.7268046473596926,
  "nDCG@3_ci90_high": 0.7599871894382652,
  "nDCG@3_ci95_low": 0.7236224110728776,
  "nDCG@3_ci95_high": 0.7631694257250802,
  "nDCG@5": 0.7642343342559098,
  "nDCG@5_std": 0.35920140533844336,
  "nDCG@5_stderr": 0.009324403885223223,
  "nDCG@5_ci90_low": 0.7488874679410054,
  "nDCG@5_ci90_high": 0.7795812005708143,
  "nDCG@5_ci95_low": 0.745943910768047,
  "nDCG@5_ci95_high": 0.7825247577437726,
  "nDCG@10": 0.7812678463162694,
  "nDCG@10_std": 0.3310579318856267,
  "nDCG@10_stderr": 0.008593835715647539,
  "nDCG@10_ci90_low": 0.767123408829032,
  "nDCG@10_ci90_high": 0.7954122838035069,
  "nDCG@10_ci95_low": 0.7644104797157716,
  "nDCG@10_ci95_high": 0.7981252129167673,
  "nDCG@100": 0.7976590186605673,
  "nDCG@100_std": 0.29745389421439783,
  "nDCG@100_stderr": 0.007721518361750874,
  "nDCG@100_ci90_low": 0.7849503123985333,
  "nDCG@100_ci90_high": 0.8103677249226013,
  "nDCG@100_ci95_low": 0.7825127591737228,
  "nDCG@100_ci95_high": 0.8128052781474119,
  "RR@1": 0.6583557951482479,
  "RR@3": 0.7280997304582216,
  "RR@5": 0.7390835579514835,
  "RR@10": 0.7457346617892446,
  "RR@100": 0.7489986467678093,
  "P@1": 0.6576819407008087,
  "P@3": 0.2818957771787921,
  "P@5": 0.18018867924527915,
  "P@10": 0.0958221024258738,
  "P@100": 0.010390835579514639,
  "R@1": 0.638196316262354,
  "R@3": 0.8036837376460017,
  "R@5": 0.8533243486073674,
  "R@10": 0.9039757412398922,
  "R@100": 0.9766958670260556,
  "AP": 0.7430097310143055
}