nDCG@1,nDCG@1_std,nDCG@1_stderr,nDCG@1_ci90_low,nDCG@1_ci90_high,nDCG@1_ci95_low,nDCG@1_ci95_high,nDCG@3,nDCG@3_std,nDCG@3_stderr,nDCG@3_ci90_low,nDCG@3_ci90_high,nDCG@3_ci95_low,nDCG@3_ci95_high,nDCG@5,nDCG@5_std,nDCG@5_stderr,nDCG@5_ci90_low,nDCG@5_ci90_high,nDCG@5_ci95_low,nDCG@5_ci95_high,nDCG@10,nDCG@10_std,nDCG@10_stderr,nDCG@10_ci90_low,nDCG@10_ci90_high,nDCG@10_ci95_low,nDCG@10_ci95_high,nDCG@100,nDCG@100_std,nDCG@100_stderr,nDCG@100_ci90_low,nDCG@100_ci90_high,nDCG@100_ci95_low,nDCG@100_ci95_high,RR@1,RR@3,RR@5,RR@10,RR@100,P@1,P@3,P@5,P@10,P@100,R@1,R@3,R@5,R@10,R@100,AP
0.6920485175202157,0.46180198553206886,0.011987782241669786,0.6723180453377908,0.7117789897026405,0.6685337045005979,0.7155633305398335,0.7638785341226857,0.37934794074737416,0.009847381886558778,0.7476709078524074,0.780086160392964,0.7445622553375827,0.7831948129077887,0.7829905463875743,0.35276749391853623,0.009157387866495684,0.7679185686921902,0.7980625240829583,0.7650277356618125,0.800953357113336,0.8013907174818864,0.3203486069347041,0.008315835491549269,0.7877038354938816,0.8150775994698912,0.7850786663665464,0.8177027685972263,0.8174744658858525,0.28459398562267885,0.007387691767939921,0.8053151987269118,0.8296337330447932,0.8029830289321662,0.8319659028395388,0.6920485175202157,0.7523584905660382,0.7618598382749334,0.7689700723056522,0.7721699730494164,0.6920485175202157,0.2861635220125746,0.18221024258759716,0.09723719676549634,0.01051212938005372,0.6707097933513028,0.8164869721473494,0.8618036837376459,0.9167789757412399,0.9889937106918238,0.7654226346011227
