nDCG@1,nDCG@1_std,nDCG@1_stderr,nDCG@1_ci90_low,nDCG@1_ci90_high,nDCG@1_ci95_low,nDCG@1_ci95_high,nDCG@3,nDCG@3_std,nDCG@3_stderr,nDCG@3_ci90_low,nDCG@3_ci90_high,nDCG@3_ci95_low,nDCG@3_ci95_high,nDCG@5,nDCG@5_std,nDCG@5_stderr,nDCG@5_ci90_low,nDCG@5_ci90_high,nDCG@5_ci95_low,nDCG@5_ci95_high,nDCG@10,nDCG@10_std,nDCG@10_stderr,nDCG@10_ci90_low,nDCG@10_ci90_high,nDCG@10_ci95_low,nDCG@10_ci95_high,nDCG@100,nDCG@100_std,nDCG@100_stderr,nDCG@100_ci90_low,nDCG@100_ci90_high,nDCG@100_ci95_low,nDCG@100_ci95_high,RR@1,RR@3,RR@5,RR@10,RR@100,P@1,P@3,P@5,P@10,P@100,R@1,R@3,R@5,R@10,R@100,AP
0.7008086253369272,0.45805816475543853,0.011890597496631553,0.6812381077541002,0.7203791429197542,0.6774844465031715,0.7241328041706829,0.7762998346173497,0.3702942874063697,0.009612360755979446,0.7604790253400477,0.7921206438946518,0.7574445650356023,0.7951551041990972,0.7981211615355293,0.33706271788310826,0.008749712193447216,0.7837201697960441,0.8125221532750144,0.7809580331055518,0.8152842899655067,0.812723094616721,0.3095844024839825,0.008036410666618319,0.7994961128524802,0.8259500763809617,0.7969591534335461,0.8284870357998959,0.8270878983186547,0.27630920904546225,0.007172629683669904,0.8152825979223429,0.8388931987149665,0.813018319603404,0.8411574770339054,0.7008086253369272,0.7628032345013483,0.7736859838274941,0.7795872908911997,0.7825177305981194,0.7008086253369272,0.29155435759208925,0.18665768194069668,0.0981805929919114,0.010525606469002507,0.680256064690027,0.8308625336927223,0.8826931716082659,0.9262129380053908,0.9898921832884097,0.7771740252505875
