nDCG@1,nDCG@1_std,nDCG@1_stderr,nDCG@1_ci90_low,nDCG@1_ci90_high,nDCG@1_ci95_low,nDCG@1_ci95_high,nDCG@3,nDCG@3_std,nDCG@3_stderr,nDCG@3_ci90_low,nDCG@3_ci90_high,nDCG@3_ci95_low,nDCG@3_ci95_high,nDCG@5,nDCG@5_std,nDCG@5_stderr,nDCG@5_ci90_low,nDCG@5_ci90_high,nDCG@5_ci95_low,nDCG@5_ci95_high,nDCG@10,nDCG@10_std,nDCG@10_stderr,nDCG@10_ci90_low,nDCG@10_ci90_high,nDCG@10_ci95_low,nDCG@10_ci95_high,nDCG@100,nDCG@100_std,nDCG@100_stderr,nDCG@100_ci90_low,nDCG@100_ci90_high,nDCG@100_ci95_low,nDCG@100_ci95_high,RR@1,RR@3,RR@5,RR@10,RR@100,P@1,P@3,P@5,P@10,P@100,R@1,R@3,R@5,R@10,R@100,AP
0.6206199460916442,0.4853963279408067,0.012600260853266623,0.5998814065315491,0.6413584856517393,0.5959037165180826,0.6453361756652057,0.6984854707345018,0.4151746300607128,0.010777396402268212,0.6807471505325576,0.7162237909364461,0.6773449081076036,0.7196260333614001,0.7212274112741799,0.388494106347964,0.010084804515739978,0.7046290154281701,0.7378258071201896,0.7014454125903273,0.7410094099580324,0.740099889095547,0.3616360343616618,0.009387603705674331,0.7246490033486738,0.7555507748424203,0.7216854950574338,0.7585142831336602,0.7618813550599749,0.3225054263934071,0.008371823735029293,0.7481023230430276,0.7756603870769222,0.7454594793707322,0.7783032307492176,0.6206199460916442,0.6851976639712497,0.697192273135671,0.7047004021734491,0.7090808319024183,0.6206199460916442,0.263926325247077,0.1706199460916407,0.0915094339622621,0.01021563342318041,0.6015835579514824,0.7547731356693622,0.8088499550763703,0.8640498652291105,0.9615902964959568,0.7023787919203138
