{
  "nDCG@1": 0.623989218328841,
  "nDCG@1_std": 0.4845460603254005,
  "nDCG@1_stderr": 0.01257818900572164,
  "nDCG@1_ci90_low": 0.6032870064201181,
  "nDCG@1_ci90_high": 0.6446914302375639,
  "nDCG@1_ci95_low": 0.5993162841169698,
  "nDCG@1_ci95_high": 0.6486621525407122,
  "nDCG@3": 0.697102184177456,
  "nDCG@3_std": 0.41910181831343735,
  "nDCG@3_stderr": 0.010879341129815158,
  "nDCG@3_ci90_low": 0.6791960750075058,
  "nDCG@3_ci90_high": 0.7150082933474061,
  "nDCG@3_ci95_low": 0.6757616503500241,
  "nDCG@3_ci95_high": 0.7184427180048878,
  "nDCG@5": 0.7196602570798019,
  "nDCG@5_std": 0.39249427453344,
  "nDCG@5_stderr": 0.010188643707947634,
  "nDCG@5_ci90_low": 0.7028909542009486,
  "nDCG@5_ci90_high": 0.7364295599586551,
  "nDCG@5_ci95_low": 0.69967457108001,
  "nDCG@5_ci95_high": 0.7396459430795937,
  "nDCG@10": 0.7399892306378255,
  "nDCG@10_std": 0.36310806546908914,
  "nDCG@10_stderr": 0.009425815729272436,
  "nDCG@10_ci90_low": 0.7244754524181464,
  "nDCG@10_ci90_high": 0.7555030088575047,
  "nDCG@10_ci95_low": 0.7214998812350005,
  "nDCG@10_ci95_high": 0.7584785800406505,
  "nDCG@100": 0.7620210327490827,
  "nDCG@100_std": 0.3243998505760194,
  "nDCG@100_stderr": 0.008421000536528627,
  "nDCG@100_ci90_low": 0.7481610615313357,
  "nDCG@100_ci90_high": 0.7758810039668298,
  "nDCG@100_ci95_low": 0.7455026935715278,
  "nDCG@100_ci95_high": 0.7785393719266377,
  "RR@1": 0.623989218328841,
  "RR@3": 0.6851976639712495,
  "RR@5": 0.6971585804132986,
  "RR@10": 0.7054250631070044,
  "RR@100": 0.709701054042009,
  "P@1": 0.623989218328841,
  "P@3": 0.26212938005390546,
  "P@5": 0.1695417789757378,
  "P@10": 0.09144204851751818,
  "P@100": 0.010235849056603592,
  "R@1": 0.6045035938903863,
  "R@3": 0.7485961365678345,
  "R@5": 0.8026729559748427,
  "R@10": 0.8641621743036836,
  "R@100": 0.9626010781671159,
  "AP": 0.7027071650671782
}