{
  "nDCG@1": 0.6381401617250674,
  "nDCG@1_std": 0.4807005359793878,
  "nDCG@1_stderr": 0.012478364167567412,
  "nDCG@1_ci90_low": 0.6176022496970572,
  "nDCG@1_ci90_high": 0.6586780737530775,
  "nDCG@1_ci95_low": 0.6136630404130794,
  "nDCG@1_ci95_high": 0.6626172830370554,
  "nDCG@3": 0.7083935847354831,
  "nDCG@3_std": 0.4142344201549711,
  "nDCG@3_stderr": 0.010752989769199047,
  "nDCG@3_ci90_low": 0.6906954349658282,
  "nDCG@3_ci90_high": 0.726091734505138,
  "nDCG@3_ci95_low": 0.6873008973036367,
  "nDCG@3_ci95_high": 0.7294862721673294,
  "nDCG@5": 0.7288478788110234,
  "nDCG@5_std": 0.38916137698449976,
  "nDCG@5_stderr": 0.010102125998404966,
  "nDCG@5_ci90_low": 0.7122209738525699,
  "nDCG@5_ci90_high": 0.745474783769477,
  "nDCG@5_ci95_low": 0.709031902914549,
  "nDCG@5_ci95_high": 0.7486638547074979,
  "nDCG@10": 0.7520017361588466,
  "nDCG@10_std": 0.35504228338918453,
  "nDCG@10_stderr": 0.009216438458901336,
  "nDCG@10_ci90_low": 0.7368325681702683,
  "nDCG@10_ci90_high": 0.7671709041474248,
  "nDCG@10_ci95_low": 0.7339230938629808,
  "nDCG@10_ci95_high": 0.7700803784547123,
  "nDCG@100": 0.770742068789279,
  "nDCG@100_std": 0.3207721081216433,
  "nDCG@100_stderr": 0.00832682903459839,
  "nDCG@100_ci90_low": 0.7570370927292478,
  "nDCG@100_ci90_high": 0.7844470448493102,
  "nDCG@100_ci95_low": 0.7544084531256338,
  "nDCG@100_ci95_high": 0.7870756844529242,
  "RR@1": 0.637466307277628,
  "RR@3": 0.6963162623539989,
  "RR@5": 0.7073674752920053,
  "RR@10": 0.7165107709750579,
  "RR@100": 0.7202020004330363,
  "P@1": 0.6381401617250674,
  "P@3": 0.2661725067385414,
  "P@5": 0.17075471698112857,
  "P@10": 0.09299191374662864,
  "P@100": 0.010229110512129198,
  "R@1": 0.6176437556154537,
  "R@3": 0.7593778077268643,
  "R@5": 0.8087376460017969,
  "R@10": 0.8782008086253369,
  "R@100": 0.9622641509433962,
  "AP": 0.7134138781404652
}