nDCG@1,nDCG@1_std,nDCG@1_stderr,nDCG@1_ci90_low,nDCG@1_ci90_high,nDCG@1_ci95_low,nDCG@1_ci95_high,nDCG@3,nDCG@3_std,nDCG@3_stderr,nDCG@3_ci90_low,nDCG@3_ci90_high,nDCG@3_ci95_low,nDCG@3_ci95_high,nDCG@5,nDCG@5_std,nDCG@5_stderr,nDCG@5_ci90_low,nDCG@5_ci90_high,nDCG@5_ci95_low,nDCG@5_ci95_high,nDCG@10,nDCG@10_std,nDCG@10_stderr,nDCG@10_ci90_low,nDCG@10_ci90_high,nDCG@10_ci95_low,nDCG@10_ci95_high,nDCG@100,nDCG@100_std,nDCG@100_stderr,nDCG@100_ci90_low,nDCG@100_ci90_high,nDCG@100_ci95_low,nDCG@100_ci95_high,RR@1,RR@3,RR@5,RR@10,RR@100,P@1,P@3,P@5,P@10,P@100,R@1,R@3,R@5,R@10,R@100,AP
0.6381401617250674,0.4807005359793878,0.012478364167567412,0.6176022496970572,0.6586780737530775,0.6136630404130794,0.6626172830370554,0.7083935847354831,0.4142344201549711,0.010752989769199047,0.6906954349658282,0.726091734505138,0.6873008973036367,0.7294862721673294,0.7288478788110234,0.38916137698449976,0.010102125998404966,0.7122209738525699,0.745474783769477,0.709031902914549,0.7486638547074979,0.7520017361588466,0.35504228338918453,0.009216438458901336,0.7368325681702683,0.7671709041474248,0.7339230938629808,0.7700803784547123,0.770742068789279,0.3207721081216433,0.00832682903459839,0.7570370927292478,0.7844470448493102,0.7544084531256338,0.7870756844529242,0.637466307277628,0.6963162623539989,0.7073674752920053,0.7165107709750579,0.7202020004330363,0.6381401617250674,0.2661725067385414,0.17075471698112857,0.09299191374662864,0.010229110512129198,0.6176437556154537,0.7593778077268643,0.8087376460017969,0.8782008086253369,0.9622641509433962,0.7134138781404652
