nDCG@1,nDCG@1_std,nDCG@1_stderr,nDCG@1_ci90_low,nDCG@1_ci90_high,nDCG@1_ci95_low,nDCG@1_ci95_high,nDCG@3,nDCG@3_std,nDCG@3_stderr,nDCG@3_ci90_low,nDCG@3_ci90_high,nDCG@3_ci95_low,nDCG@3_ci95_high,nDCG@5,nDCG@5_std,nDCG@5_stderr,nDCG@5_ci90_low,nDCG@5_ci90_high,nDCG@5_ci95_low,nDCG@5_ci95_high,nDCG@10,nDCG@10_std,nDCG@10_stderr,nDCG@10_ci90_low,nDCG@10_ci90_high,nDCG@10_ci95_low,nDCG@10_ci95_high,nDCG@100,nDCG@100_std,nDCG@100_stderr,nDCG@100_ci90_low,nDCG@100_ci90_high,nDCG@100_ci95_low,nDCG@100_ci95_high,RR@1,RR@3,RR@5,RR@10,RR@100,P@1,P@3,P@5,P@10,P@100,R@1,R@3,R@5,R@10,R@100,AP
0.15026954177897575,0.35745588279935764,0.009279092377797855,0.1349972528478423,0.1655418307101092,0.13206799975419464,0.16847108380375686,0.2230972634780674,0.3737118539194582,0.009701076362319087,0.2071304388021084,0.2390640881540264,0.20406797247576502,0.2421265544803698,0.25792961815687293,0.3713701161342875,0.00964028787826055,0.24206284413828735,0.2737963921754585,0.23901956771196187,0.276839668601784,0.2956272323011812,0.35978132077031855,0.00933945773976197,0.28025558912161347,0.31099887548074895,0.27730727970046276,0.31394718490189966,0.35572624312894785,0.32245016035858876,0.008370389100247462,0.34194957235122597,0.3695029139066697,0.33930718156895495,0.37214530468894075,0.14892183288409702,0.20833333333333331,0.22683063791554323,0.24262904847473585,0.2536692331945293,0.15026954177897575,0.09501347708894854,0.07439353099730527,0.04912398921832894,0.008032345013476952,0.1460017969451932,0.2764487870619946,0.3602313566936208,0.47484276729559755,0.7655548068283918,0.24936687848123962
