{
  "nDCG@1": 0.10849056603773585,
  "nDCG@1_std": 0.31110381308137713,
  "nDCG@1_stderr": 0.008075852600494517,
  "nDCG@1_ci90_low": 0.09519866751379118,
  "nDCG@1_ci90_high": 0.12178246456168053,
  "nDCG@1_ci95_low": 0.09264925694100246,
  "nDCG@1_ci95_high": 0.12433187513446925,
  "nDCG@3": 0.1670120524634628,
  "nDCG@3_std": 0.33604217203361464,
  "nDCG@3_stderr": 0.008723220143186165,
  "nDCG@3_ci90_low": 0.15265466350639334,
  "nDCG@3_ci90_high": 0.18136944142053224,
  "nDCG@3_ci95_low": 0.14990088990972805,
  "nDCG@3_ci95_high": 0.18412321501719753,
  "nDCG@5": 0.19667433692570305,
  "nDCG@5_std": 0.338234305702281,
  "nDCG@5_stderr": 0.008780125097880821,
  "nDCG@5_ci90_low": 0.18222328914142014,
  "nDCG@5_ci90_high": 0.21112538470998596,
  "nDCG@5_ci95_low": 0.17945155160951243,
  "nDCG@5_ci95_high": 0.21389712224189367,
  "nDCG@10": 0.22440122598535855,
  "nDCG@10_std": 0.33428596474825756,
  "nDCG@10_stderr": 0.008677631273567429,
  "nDCG@10_ci90_low": 0.21011887091743617,
  "nDCG@10_ci90_high": 0.23868358105328094,
  "nDCG@10_ci95_low": 0.207379488958652,
  "nDCG@10_ci95_high": 0.24142296301206512,
  "nDCG@100": 0.2818550024899095,
  "nDCG@100_std": 0.30907620633127897,
  "nDCG@100_stderr": 0.008023218551803903,
  "nDCG@100_ci90_low": 0.2686497333868705,
  "nDCG@100_ci90_high": 0.29506027159294856,
  "nDCG@100_ci95_low": 0.26611693849627144,
  "nDCG@100_ci95_high": 0.2975930664835476,
  "RR@1": 0.1078167115902965,
  "RR@3": 0.15363881401617263,
  "RR@5": 0.1704851752021563,
  "RR@10": 0.18216157532195246,
  "RR@100": 0.1924837337237352,
  "P@1": 0.10849056603773585,
  "P@3": 0.0721024258760105,
  "P@5": 0.05822102425876055,
  "P@10": 0.03800539083557987,
  "P@100": 0.0067722371967653865,
  "R@1": 0.10669362084456423,
  "R@3": 0.21007412398921832,
  "R@5": 0.2813903863432165,
  "R@10": 0.36567834681042233,
  "R@100": 0.6463387241689129,
  "AP": 0.18959625230086594
}