{
  "nDCG@1": 0.10849056603773585,
  "nDCG@3": 0.1670120524634628,
  "nDCG@5": 0.19667433692570305,
  "nDCG@10": 0.22440122598535855,
  "nDCG@100": 0.2818550024899095,
  "RR@1": 0.1078167115902965,
  "RR@3": 0.15363881401617263,
  "RR@5": 0.1704851752021563,
  "RR@10": 0.18216157532195246,
  "RR@100": 0.1924837337237352,
  "P@1": 0.10849056603773585,
  "P@3": 0.0721024258760105,
  "P@5": 0.05822102425876055,
  "P@10": 0.03800539083557987,
  "P@100": 0.0067722371967653865,
  "R@1": 0.10669362084456423,
  "R@3": 0.21007412398921832,
  "R@5": 0.2813903863432165,
  "R@10": 0.36567834681042233,
  "R@100": 0.6463387241689129,
  "AP": 0.18959625230086594
}