nDCG@1,nDCG@1_std,nDCG@1_stderr,nDCG@1_ci90_low,nDCG@1_ci90_high,nDCG@1_ci95_low,nDCG@1_ci95_high,nDCG@3,nDCG@3_std,nDCG@3_stderr,nDCG@3_ci90_low,nDCG@3_ci90_high,nDCG@3_ci95_low,nDCG@3_ci95_high,nDCG@5,nDCG@5_std,nDCG@5_stderr,nDCG@5_ci90_low,nDCG@5_ci90_high,nDCG@5_ci95_low,nDCG@5_ci95_high,nDCG@10,nDCG@10_std,nDCG@10_stderr,nDCG@10_ci90_low,nDCG@10_ci90_high,nDCG@10_ci95_low,nDCG@10_ci95_high,nDCG@100,nDCG@100_std,nDCG@100_stderr,nDCG@100_ci90_low,nDCG@100_ci90_high,nDCG@100_ci95_low,nDCG@100_ci95_high,RR@1,RR@3,RR@5,RR@10,RR@100,P@1,P@3,P@5,P@10,P@100,R@1,R@3,R@5,R@10,R@100,AP
0.10849056603773585,0.31110381308137713,0.008075852600494517,0.09519866751379118,0.12178246456168053,0.09264925694100246,0.12433187513446925,0.1670120524634628,0.33604217203361464,0.008723220143186165,0.15265466350639334,0.18136944142053224,0.14990088990972805,0.18412321501719753,0.19667433692570305,0.338234305702281,0.008780125097880821,0.18222328914142014,0.21112538470998596,0.17945155160951243,0.21389712224189367,0.22440122598535855,0.33428596474825756,0.008677631273567429,0.21011887091743617,0.23868358105328094,0.207379488958652,0.24142296301206512,0.2818550024899095,0.30907620633127897,0.008023218551803903,0.2686497333868705,0.29506027159294856,0.26611693849627144,0.2975930664835476,0.1078167115902965,0.15363881401617263,0.1704851752021563,0.18216157532195246,0.1924837337237352,0.10849056603773585,0.0721024258760105,0.05822102425876055,0.03800539083557987,0.0067722371967653865,0.10669362084456423,0.21007412398921832,0.2813903863432165,0.36567834681042233,0.6463387241689129,0.18959625230086594
