{
  "nDCG@1": 0.1738544474393531,
  "nDCG@3": 0.2665411382087895,
  "nDCG@5": 0.30058964722696174,
  "nDCG@10": 0.33663515634495106,
  "nDCG@100": 0.3993290954769484,
  "RR@1": 0.17318059299191374,
  "RR@3": 0.24663072776280293,
  "RR@5": 0.2656334231805924,
  "RR@10": 0.2803052667607921,
  "RR@100": 0.292092852748031,
  "P@1": 0.1738544474393531,
  "P@3": 0.11477987421383679,
  "P@5": 0.08584905660377443,
  "P@10": 0.054582210242587394,
  "P@100": 0.008692722371967504,
  "R@1": 0.16908131176999103,
  "R@3": 0.33350179694519316,
  "R@5": 0.4159366576819407,
  "R@10": 0.5254380053908356,
  "R@100": 0.8253032345013477,
  "AP": 0.2875017908041559
}