{
  "nDCG@1": 0.15026954177897575,
  "nDCG@3": 0.2230972634780674,
  "nDCG@5": 0.25792961815687293,
  "nDCG@10": 0.2956272323011812,
  "nDCG@100": 0.35572624312894785,
  "RR@1": 0.14892183288409702,
  "RR@3": 0.20833333333333331,
  "RR@5": 0.22683063791554323,
  "RR@10": 0.24262904847473585,
  "RR@100": 0.2536692331945293,
  "P@1": 0.15026954177897575,
  "P@3": 0.09501347708894854,
  "P@5": 0.07439353099730527,
  "P@10": 0.04912398921832894,
  "P@100": 0.008032345013476952,
  "R@1": 0.1460017969451932,
  "R@3": 0.2764487870619946,
  "R@5": 0.3602313566936208,
  "R@10": 0.47484276729559755,
  "R@100": 0.7655548068283918,
  "AP": 0.24936687848123962
}