nDCG@1,nDCG@1_std,nDCG@1_stderr,nDCG@1_ci90_low,nDCG@1_ci90_high,nDCG@1_ci95_low,nDCG@1_ci95_high,nDCG@3,nDCG@3_std,nDCG@3_stderr,nDCG@3_ci90_low,nDCG@3_ci90_high,nDCG@3_ci95_low,nDCG@3_ci95_high,nDCG@5,nDCG@5_std,nDCG@5_stderr,nDCG@5_ci90_low,nDCG@5_ci90_high,nDCG@5_ci95_low,nDCG@5_ci95_high,nDCG@10,nDCG@10_std,nDCG@10_stderr,nDCG@10_ci90_low,nDCG@10_ci90_high,nDCG@10_ci95_low,nDCG@10_ci95_high,nDCG@100,nDCG@100_std,nDCG@100_stderr,nDCG@100_ci90_low,nDCG@100_ci90_high,nDCG@100_ci95_low,nDCG@100_ci95_high,RR@1,RR@3,RR@5,RR@10,RR@100,P@1,P@3,P@5,P@10,P@100,R@1,R@3,R@5,R@10,R@100,AP
0.12129380053908356,0.32657844909608164,0.008477554136272119,0.10734074878282981,0.1352468522953373,0.10466452780461663,0.1379230732735505,0.19145712197361656,0.3512670487462328,0.009118438250524644,0.1764492507408742,0.20646499320635892,0.17357071344788483,0.20934353049934828,0.21952585137462213,0.3516324077218014,0.009127922496968732,0.20450237019361212,0.23454933255563215,0.2016208388838476,0.23743086386539666,0.2488052832660457,0.3459038070580916,0.008979215433210841,0.23402655632945352,0.2635840102026379,0.23119196933372582,0.2664185971983656,0.3101987390529349,0.3147948179496131,0.008171666312863849,0.2967491424870599,0.32364833561880985,0.29416948513991603,0.32622799296595373,0.12129380053908356,0.17621293800539095,0.19161051212937996,0.20428592820776093,0.2155058671833931,0.12129380053908356,0.08310871518418644,0.0638814016172512,0.04130727762803275,0.007277628032344891,0.11848607367475293,0.24241913746630728,0.3096922731356693,0.3980233602875113,0.6955300988319857,0.21199362039483544
