nDCG@1,nDCG@3,nDCG@5,nDCG@10,nDCG@100,RR@1,RR@3,RR@5,RR@10,RR@100,P@1,P@3,P@5,P@10,P@100,R@1,R@3,R@5,R@10,R@100,AP
0.15902964959568733,0.2501705698132981,0.28291136738041456,0.32146110099455577,0.38143810275085777,0.15902964959568733,0.23000898472596565,0.2483378256963157,0.26499593548111056,0.2759897234483034,0.15902964959568733,0.1089398023360289,0.08153638814016251,0.052964959568733046,0.008423180592991767,0.15476190476190477,0.31665543575920935,0.39583333333333337,0.5120732255166218,0.7995844564240792,0.2713830633700767
