nDCG@1,nDCG@1_std,nDCG@1_stderr,nDCG@1_ci90_low,nDCG@1_ci90_high,nDCG@1_ci95_low,nDCG@1_ci95_high,nDCG@3,nDCG@3_std,nDCG@3_stderr,nDCG@3_ci90_low,nDCG@3_ci90_high,nDCG@3_ci95_low,nDCG@3_ci95_high,nDCG@5,nDCG@5_std,nDCG@5_stderr,nDCG@5_ci90_low,nDCG@5_ci90_high,nDCG@5_ci95_low,nDCG@5_ci95_high,nDCG@10,nDCG@10_std,nDCG@10_stderr,nDCG@10_ci90_low,nDCG@10_ci90_high,nDCG@10_ci95_low,nDCG@10_ci95_high,nDCG@100,nDCG@100_std,nDCG@100_stderr,nDCG@100_ci90_low,nDCG@100_ci90_high,nDCG@100_ci95_low,nDCG@100_ci95_high,RR@1,RR@3,RR@5,RR@10,RR@100,P@1,P@3,P@5,P@10,P@100,R@1,R@3,R@5,R@10,R@100,AP
0.15902964959568733,0.36582701059747114,0.00949639602807418,0.14339970454931242,0.17465959464206224,0.14040185235524455,0.1776574468361301,0.2501705698132981,0.38295583618401824,0.009941038185579173,0.23380879634837798,0.26653234327821823,0.2306705781182359,0.2696705615083603,0.28291136738041456,0.3782944868540147,0.009820035586042806,0.2667487498874685,0.2990739848733606,0.26364873013888046,0.30217400462194866,0.32146110099455577,0.36404069642120124,0.009450025622508126,0.30590747615309155,0.33701472583602,0.302924262314633,0.33999793967447856,0.38143810275085777,0.3231607312535499,0.008388834601615863,0.36763107285880575,0.3952451326429098,0.3649828591425938,0.3978933463591217,0.15902964959568733,0.23000898472596565,0.2483378256963157,0.26499593548111056,0.2759897234483034,0.15902964959568733,0.1089398023360289,0.08153638814016251,0.052964959568733046,0.008423180592991767,0.15476190476190477,0.31665543575920935,0.39583333333333337,0.5120732255166218,0.7995844564240792,0.2713830633700767
