nDCG@1,nDCG@3,nDCG@5,nDCG@10,nDCG@100,RR@1,RR@3,RR@5,RR@10,RR@100,P@1,P@3,P@5,P@10,P@100,R@1,R@3,R@5,R@10,R@100,AP
0.10849056603773585,0.1670120524634628,0.19667433692570305,0.22440122598535855,0.2818550024899095,0.1078167115902965,0.15363881401617263,0.1704851752021563,0.18216157532195246,0.1924837337237352,0.10849056603773585,0.0721024258760105,0.05822102425876055,0.03800539083557987,0.0067722371967653865,0.10669362084456423,0.21007412398921832,0.2813903863432165,0.36567834681042233,0.6463387241689129,0.18959625230086594
