nDCG@1,nDCG@1_std,nDCG@1_stderr,nDCG@1_ci90_low,nDCG@1_ci90_high,nDCG@1_ci95_low,nDCG@1_ci95_high,nDCG@3,nDCG@3_std,nDCG@3_stderr,nDCG@3_ci90_low,nDCG@3_ci90_high,nDCG@3_ci95_low,nDCG@3_ci95_high,nDCG@5,nDCG@5_std,nDCG@5_stderr,nDCG@5_ci90_low,nDCG@5_ci90_high,nDCG@5_ci95_low,nDCG@5_ci95_high,nDCG@10,nDCG@10_std,nDCG@10_stderr,nDCG@10_ci90_low,nDCG@10_ci90_high,nDCG@10_ci95_low,nDCG@10_ci95_high,nDCG@100,nDCG@100_std,nDCG@100_stderr,nDCG@100_ci90_low,nDCG@100_ci90_high,nDCG@100_ci95_low,nDCG@100_ci95_high,RR@1,RR@3,RR@5,RR@10,RR@100,P@1,P@3,P@5,P@10,P@100,R@1,R@3,R@5,R@10,R@100,AP
0.6886792452830188,0.4631897174045883,0.012023805966163783,0.6688894823093777,0.7084690082566599,0.6650937693894291,0.7122647211766086,0.7736438600519966,0.3685812793277972,0.009567893281894231,0.7578962389793829,0.7893914811246103,0.7548758163071462,0.792411903796847,0.7884924701839726,0.346519671007472,0.008995202464767583,0.7736874304836806,0.8032975098842646,0.7708477966515018,0.8061371437164434,0.8045274056882621,0.3183719099659856,0.008264522994935672,0.7909249780026991,0.818129833373825,0.7883160073658335,0.8207388040106907,0.8207300669486046,0.2814809635440673,0.007306881741216219,0.8087038035389972,0.8327563303582121,0.8063971441078887,0.8350629897893206,0.6886792452830188,0.7578616352201262,0.765610961365679,0.7716205664655802,0.7750335657689292,0.6886792452830188,0.29155435759208886,0.183153638814012,0.09710242587600848,0.010491913746630539,0.6694743935309974,0.8329964061096137,0.8680929919137468,0.9152628032345015,0.9866352201257861,0.7700454582953523
