{
  "nDCG@1": 0.5107816711590296,
  "nDCG@1_std": 0.5000522516604959,
  "nDCG@1_stderr": 0.01298070967680239,
  "nDCG@1_ci90_low": 0.48941695781813993,
  "nDCG@1_ci90_high": 0.5321463844999194,
  "nDCG@1_ci95_low": 0.4853191665223559,
  "nDCG@1_ci95_high": 0.5362441757957033,
  "nDCG@3": 0.5935046631729457,
  "nDCG@3_std": 0.4493744588877434,
  "nDCG@3_stderr": 0.011665179723962816,
  "nDCG@3_ci90_low": 0.5743051565914368,
  "nDCG@3_ci90_high": 0.6127041697544546,
  "nDCG@3_ci95_low": 0.5706226559326295,
  "nDCG@3_ci95_high": 0.6163866704132619,
  "nDCG@5": 0.623294793272473,
  "nDCG@5_std": 0.42332802924336826,
  "nDCG@5_stderr": 0.010989048099301235,
  "nDCG@5_ci90_low": 0.6052081194020614,
  "nDCG@5_ci90_high": 0.6413814671428845,
  "nDCG@5_ci95_low": 0.6017390621030801,
  "nDCG@5_ci95_high": 0.6448505244418657,
  "nDCG@10": 0.6460230169073669,
  "nDCG@10_std": 0.3985965974445887,
  "nDCG@10_stderr": 0.010347052117870166,
  "nDCG@10_ci90_low": 0.6289929925153571,
  "nDCG@10_ci90_high": 0.6630530412993766,
  "nDCG@10_ci95_low": 0.6257266025288832,
  "nDCG@10_ci95_high": 0.6663194312858505,
  "nDCG@100": 0.6782362226832312,
  "nDCG@100_std": 0.35324504899582776,
  "nDCG@100_stderr": 0.009169784578624105,
  "nDCG@100_ci90_low": 0.6631438414654214,
  "nDCG@100_ci90_high": 0.6933286039010411,
  "nDCG@100_ci95_low": 0.6602490950019324,
  "nDCG@100_ci95_high": 0.6962233503645301,
  "RR@1": 0.5107816711590296,
  "RR@3": 0.5786163522012585,
  "RR@5": 0.5945530098831997,
  "RR@10": 0.603845248791341,
  "RR@100": 0.6102638693068815,
  "P@1": 0.5107816711590296,
  "P@3": 0.228212039532793,
  "P@5": 0.15215633423180328,
  "P@10": 0.08362533692722203,
  "P@100": 0.00997978436657664,
  "R@1": 0.4958445642407907,
  "R@3": 0.6522349505840072,
  "R@5": 0.7239442946990118,
  "R@10": 0.7915543575920934,
  "R@100": 0.9376684636118598,
  "AP": 0.6039792649896525
}