{
  "nDCG@1": 0.7014824797843666,
  "nDCG@1_std": 0.4577619619991602,
  "nDCG@1_stderr": 0.011882908456192378,
  "nDCG@1_ci90_low": 0.6819246174529812,
  "nDCG@1_ci90_high": 0.7210403421157521,
  "nDCG@1_ci95_low": 0.6781733835025444,
  "nDCG@1_ci95_high": 0.7247915760661888,
  "nDCG@3": 0.78285086389597,
  "nDCG@3_std": 0.3630842737355685,
  "nDCG@3_stderr": 0.009425198126642883,
  "nDCG@3_ci90_low": 0.7673381021771963,
  "nDCG@3_ci90_high": 0.7983636256147437,
  "nDCG@3_ci95_low": 0.7643627259607928,
  "nDCG@3_ci95_high": 0.8013390018311473,
  "nDCG@5": 0.8000454117663246,
  "nDCG@5_std": 0.33550673061719555,
  "nDCG@5_stderr": 0.008709320776565192,
  "nDCG@5_ci90_low": 0.7857108995233079,
  "nDCG@5_ci90_high": 0.8143799240093413,
  "nDCG@5_ci95_low": 0.7829615137224545,
  "nDCG@5_ci95_high": 0.8171293098101947,
  "nDCG@10": 0.8121581727343246,
  "nDCG@10_std": 0.3137083117306022,
  "nDCG@10_stderr": 0.00814346201672442,
  "nDCG@10_ci90_low": 0.7987549971051321,
  "nDCG@10_ci90_high": 0.825561348363517,
  "nDCG@10_ci95_low": 0.7961842433789844,
  "nDCG@10_ci95_high": 0.8281321020896647,
  "nDCG@100": 0.8279882115958441,
  "nDCG@100_std": 0.2771835426733989,
  "nDCG@100_stderr": 0.0071953262537727755,
  "nDCG@100_ci90_low": 0.8161455553286945,
  "nDCG@100_ci90_high": 0.8398308678629938,
  "nDCG@100_ci95_low": 0.8138741120850537,
  "nDCG@100_ci95_high": 0.8421023111066346,
  "RR@1": 0.7008086253369272,
  "RR@3": 0.7671832884097036,
  "RR@5": 0.7760444743935316,
  "RR@10": 0.7803798720746165,
  "RR@100": 0.7836826412952802,
  "P@1": 0.7014824797843666,
  "P@3": 0.29492362982928555,
  "P@5": 0.18611859838274503,
  "P@10": 0.09737196765498421,
  "P@100": 0.010505390835579326,
  "R@1": 0.6819407008086253,
  "R@3": 0.8415318957771788,
  "R@5": 0.8829177897574125,
  "R@10": 0.9188566936208445,
  "R@100": 0.9879829290206648,
  "AP": 0.7789347571949714
}