{
  "nDCG@1": 0.6886792452830188,
  "nDCG@1_std": 0.4631897174045883,
  "nDCG@1_stderr": 0.012023805966163783,
  "nDCG@1_ci90_low": 0.6688894823093777,
  "nDCG@1_ci90_high": 0.7084690082566599,
  "nDCG@1_ci95_low": 0.6650937693894291,
  "nDCG@1_ci95_high": 0.7122647211766086,
  "nDCG@3": 0.7736438600519966,
  "nDCG@3_std": 0.3685812793277972,
  "nDCG@3_stderr": 0.009567893281894231,
  "nDCG@3_ci90_low": 0.7578962389793829,
  "nDCG@3_ci90_high": 0.7893914811246103,
  "nDCG@3_ci95_low": 0.7548758163071462,
  "nDCG@3_ci95_high": 0.792411903796847,
  "nDCG@5": 0.7884924701839726,
  "nDCG@5_std": 0.346519671007472,
  "nDCG@5_stderr": 0.008995202464767583,
  "nDCG@5_ci90_low": 0.7736874304836806,
  "nDCG@5_ci90_high": 0.8032975098842646,
  "nDCG@5_ci95_low": 0.7708477966515018,
  "nDCG@5_ci95_high": 0.8061371437164434,
  "nDCG@10": 0.8045274056882621,
  "nDCG@10_std": 0.3183719099659856,
  "nDCG@10_stderr": 0.008264522994935672,
  "nDCG@10_ci90_low": 0.7909249780026991,
  "nDCG@10_ci90_high": 0.818129833373825,
  "nDCG@10_ci95_low": 0.7883160073658335,
  "nDCG@10_ci95_high": 0.8207388040106907,
  "nDCG@100": 0.8207300669486046,
  "nDCG@100_std": 0.2814809635440673,
  "nDCG@100_stderr": 0.007306881741216219,
  "nDCG@100_ci90_low": 0.8087038035389972,
  "nDCG@100_ci90_high": 0.8327563303582121,
  "nDCG@100_ci95_low": 0.8063971441078887,
  "nDCG@100_ci95_high": 0.8350629897893206,
  "RR@1": 0.6886792452830188,
  "RR@3": 0.7578616352201262,
  "RR@5": 0.765610961365679,
  "RR@10": 0.7716205664655802,
  "RR@100": 0.7750335657689292,
  "P@1": 0.6886792452830188,
  "P@3": 0.29155435759208886,
  "P@5": 0.183153638814012,
  "P@10": 0.09710242587600848,
  "P@100": 0.010491913746630539,
  "R@1": 0.6694743935309974,
  "R@3": 0.8329964061096137,
  "R@5": 0.8680929919137468,
  "R@10": 0.9152628032345015,
  "R@100": 0.9866352201257861,
  "AP": 0.7700454582953523
}