nDCG@1,nDCG@1_std,nDCG@1_stderr,nDCG@1_ci90_low,nDCG@1_ci90_high,nDCG@1_ci95_low,nDCG@1_ci95_high,nDCG@3,nDCG@3_std,nDCG@3_stderr,nDCG@3_ci90_low,nDCG@3_ci90_high,nDCG@3_ci95_low,nDCG@3_ci95_high,nDCG@5,nDCG@5_std,nDCG@5_stderr,nDCG@5_ci90_low,nDCG@5_ci90_high,nDCG@5_ci95_low,nDCG@5_ci95_high,nDCG@10,nDCG@10_std,nDCG@10_stderr,nDCG@10_ci90_low,nDCG@10_ci90_high,nDCG@10_ci95_low,nDCG@10_ci95_high,nDCG@100,nDCG@100_std,nDCG@100_stderr,nDCG@100_ci90_low,nDCG@100_ci90_high,nDCG@100_ci95_low,nDCG@100_ci95_high,RR@1,RR@3,RR@5,RR@10,RR@100,P@1,P@3,P@5,P@10,P@100,R@1,R@3,R@5,R@10,R@100,AP
0.727088948787062,0.4456056696805936,0.011567346830762902,0.7080504635803906,0.7461274339937334,0.7043988471172997,0.7497790504568242,0.7949522858158006,0.3596654692271299,0.009336450383545199,0.779585592388988,0.8103189792426132,0.7766382323395152,0.8132663392920859,0.8173185016144061,0.32357918670381447,0.008399697163867154,0.8034935932292343,0.8311434099995779,0.8008419503851741,0.8337950528436381,0.8321420652815781,0.29344955675336876,0.007617570940542474,0.8196044441845263,0.8446796863786299,0.8171997054088832,0.847084425154273,0.8438181998036253,0.26530121931156153,0.006886876508103762,0.8324832153479842,0.8551531842592663,0.8303091444910973,0.8573272551161533,0.727088948787062,0.7848158131177001,0.7959681042228218,0.8017940037650284,0.8040632209041114,0.727088948787062,0.29469901168013907,0.1889487870619902,0.09946091644204602,0.010525606469002505,0.707378706199461,0.8426549865229109,0.8955525606469005,0.9391846361185985,0.9902291105121294,0.7977755995080553
