nDCG@1,nDCG@1_std,nDCG@1_stderr,nDCG@1_ci90_low,nDCG@1_ci90_high,nDCG@1_ci95_low,nDCG@1_ci95_high,nDCG@3,nDCG@3_std,nDCG@3_stderr,nDCG@3_ci90_low,nDCG@3_ci90_high,nDCG@3_ci95_low,nDCG@3_ci95_high,nDCG@5,nDCG@5_std,nDCG@5_stderr,nDCG@5_ci90_low,nDCG@5_ci90_high,nDCG@5_ci95_low,nDCG@5_ci95_high,nDCG@10,nDCG@10_std,nDCG@10_stderr,nDCG@10_ci90_low,nDCG@10_ci90_high,nDCG@10_ci95_low,nDCG@10_ci95_high,nDCG@100,nDCG@100_std,nDCG@100_stderr,nDCG@100_ci90_low,nDCG@100_ci90_high,nDCG@100_ci95_low,nDCG@100_ci95_high,RR@1,RR@3,RR@5,RR@10,RR@100,P@1,P@3,P@5,P@10,P@100,R@1,R@3,R@5,R@10,R@100,AP
0.7398921832884097,0.43884110143157945,0.011391747388429053,0.721142714001645,0.7586416525751744,0.7175465313233206,0.7622378352534988,0.8085695160386053,0.34976543410126654,0.009079458276555891,0.7936258012341795,0.8235132308430311,0.7907595692620867,0.8263794628151239,0.8295076882739264,0.3136354005830175,0.008141569337637669,0.8161076277707279,0.8429077487771249,0.8135374715314727,0.8454779050163801,0.8436782277865836,0.2839767589180157,0.007371669361018652,0.8315453316150101,0.8558111239581572,0.8292182198241221,0.8581382357490451,0.8537480523532871,0.2578295108913678,0.006692920621553523,0.8427322963543404,0.8647638083522338,0.8406194541023188,0.8668766506042554,0.7398921832884097,0.7969451931716085,0.8076931716082664,0.8132973944294699,0.8151898060749334,0.7398921832884097,0.2996406109613607,0.191105121293796,0.10033692722371713,0.010545822102425686,0.7205188679245284,0.8557951482479784,0.905323450134771,0.9465970350404315,0.9919137466307277,0.8104170639449266
