{
  "nDCG@1": 0.727088948787062,
  "nDCG@1_std": 0.4456056696805936,
  "nDCG@1_stderr": 0.011567346830762902,
  "nDCG@1_ci90_low": 0.7080504635803906,
  "nDCG@1_ci90_high": 0.7461274339937334,
  "nDCG@1_ci95_low": 0.7043988471172997,
  "nDCG@1_ci95_high": 0.7497790504568242,
  "nDCG@3": 0.7949522858158006,
  "nDCG@3_std": 0.3596654692271299,
  "nDCG@3_stderr": 0.009336450383545199,
  "nDCG@3_ci90_low": 0.779585592388988,
  "nDCG@3_ci90_high": 0.8103189792426132,
  "nDCG@3_ci95_low": 0.7766382323395152,
  "nDCG@3_ci95_high": 0.8132663392920859,
  "nDCG@5": 0.8173185016144061,
  "nDCG@5_std": 0.32357918670381447,
  "nDCG@5_stderr": 0.008399697163867154,
  "nDCG@5_ci90_low": 0.8034935932292343,
  "nDCG@5_ci90_high": 0.8311434099995779,
  "nDCG@5_ci95_low": 0.8008419503851741,
  "nDCG@5_ci95_high": 0.8337950528436381,
  "nDCG@10": 0.8321420652815781,
  "nDCG@10_std": 0.29344955675336876,
  "nDCG@10_stderr": 0.007617570940542474,
  "nDCG@10_ci90_low": 0.8196044441845263,
  "nDCG@10_ci90_high": 0.8446796863786299,
  "nDCG@10_ci95_low": 0.8171997054088832,
  "nDCG@10_ci95_high": 0.847084425154273,
  "nDCG@100": 0.8438181998036253,
  "nDCG@100_std": 0.26530121931156153,
  "nDCG@100_stderr": 0.006886876508103762,
  "nDCG@100_ci90_low": 0.8324832153479842,
  "nDCG@100_ci90_high": 0.8551531842592663,
  "nDCG@100_ci95_low": 0.8303091444910973,
  "nDCG@100_ci95_high": 0.8573272551161533,
  "RR@1": 0.727088948787062,
  "RR@3": 0.7848158131177001,
  "RR@5": 0.7959681042228218,
  "RR@10": 0.8017940037650284,
  "RR@100": 0.8040632209041114,
  "P@1": 0.727088948787062,
  "P@3": 0.29469901168013907,
  "P@5": 0.1889487870619902,
  "P@10": 0.09946091644204602,
  "P@100": 0.010525606469002505,
  "R@1": 0.707378706199461,
  "R@3": 0.8426549865229109,
  "R@5": 0.8955525606469005,
  "R@10": 0.9391846361185985,
  "R@100": 0.9902291105121294,
  "AP": 0.7977755995080553
}