{
  "nDCG@1": 0.7183288409703504,
  "nDCG@1_std": 0.44996550068220237,
  "nDCG@1_stderr": 0.011680522404483206,
  "nDCG@1_ci90_low": 0.699104082150762,
  "nDCG@1_ci90_high": 0.7375535997899388,
  "nDCG@1_ci95_low": 0.6954167380662672,
  "nDCG@1_ci95_high": 0.7412409438744336,
  "nDCG@3": 0.7987855860943014,
  "nDCG@3_std": 0.3514856362416159,
  "nDCG@3_stderr": 0.00912411249917991,
  "nDCG@3_ci90_low": 0.7837683757191729,
  "nDCG@3_ci90_high": 0.8138027964694299,
  "nDCG@3_ci95_low": 0.7808880471615047,
  "nDCG@3_ci95_high": 0.8166831250270981,
  "nDCG@5": 0.8136011147222386,
  "nDCG@5_std": 0.3268799101816365,
  "nDCG@5_stderr": 0.008485379676138096,
  "nDCG@5_ci90_low": 0.7996351830526259,
  "nDCG@5_ci90_high": 0.8275670463918513,
  "nDCG@5_ci95_low": 0.796956491683352,
  "nDCG@5_ci95_high": 0.8302457377611252,
  "nDCG@10": 0.8296958445942715,
  "nDCG@10_std": 0.29563758203334795,
  "nDCG@10_stderr": 0.0076743692467806735,
  "nDCG@10_ci90_low": 0.8170647402007559,
  "nDCG@10_ci90_high": 0.842326948987787,
  "nDCG@10_ci95_low": 0.8146420711569909,
  "nDCG@10_ci95_high": 0.844749618031552,
  "nDCG@100": 0.8415772371789834,
  "nDCG@100_std": 0.2664344204657545,
  "nDCG@100_stderr": 0.006916292944364474,
  "nDCG@100_ci90_low": 0.8301938367473388,
  "nDCG@100_ci90_high": 0.8529606376106279,
  "nDCG@100_ci95_low": 0.8280104796172462,
  "nDCG@100_ci95_high": 0.8551439947407206,
  "RR@1": 0.7183288409703504,
  "RR@3": 0.7836927223719679,
  "RR@5": 0.7914757412398926,
  "RR@10": 0.797732961108972,
  "RR@100": 0.80017126264603,
  "P@1": 0.7183288409703504,
  "P@3": 0.29986522911050717,
  "P@5": 0.18800539083557516,
  "P@10": 0.09939353099730211,
  "P@100": 0.01051212938005372,
  "R@1": 0.6992924528301887,
  "R@3": 0.855121293800539,
  "R@5": 0.8903863432165319,
  "R@10": 0.9371630727762805,
  "R@100": 0.9889937106918238,
  "AP": 0.7955007347124778
}