{
  "nDCG@1": 0.7075471698113207,
  "nDCG@1_std": 0.4550425288921337,
  "nDCG@1_stderr": 0.011812315490096184,
  "nDCG@1_ci90_low": 0.6881054951555,
  "nDCG@1_ci90_high": 0.7269888444671414,
  "nDCG@1_ci95_low": 0.6843765462148367,
  "nDCG@1_ci95_high": 0.7307177934078047,
  "nDCG@3": 0.783092864564955,
  "nDCG@3_std": 0.36579750934982996,
  "nDCG@3_stderr": 0.009495630213842844,
  "nDCG@3_ci90_low": 0.767464179958258,
  "nDCG@3_ci90_high": 0.798721549171652,
  "nDCG@3_ci95_low": 0.7644665695188376,
  "nDCG@3_ci95_high": 0.8017191596110723,
  "nDCG@5": 0.8038099047130094,
  "nDCG@5_std": 0.333288077660665,
  "nDCG@5_stderr": 0.00865172741545809,
  "nDCG@5_ci90_low": 0.7895701843327665,
  "nDCG@5_ci90_high": 0.8180496250932523,
  "nDCG@5_ci95_low": 0.7868389797854591,
  "nDCG@5_ci95_high": 0.8207808296405597,
  "nDCG@10": 0.8205433080841065,
  "nDCG@10_std": 0.3012436259695975,
  "nDCG@10_stderr": 0.007819894896410705,
  "nDCG@10_ci90_low": 0.8076726856776699,
  "nDCG@10_ci90_high": 0.833413930490543,
  "nDCG@10_ci95_low": 0.8052040766386954,
  "nDCG@10_ci95_high": 0.8358825395295175,
  "nDCG@100": 0.8330874979816401,
  "nDCG@100_std": 0.2718402962705016,
  "nDCG@100_stderr": 0.007056622488201655,
  "nDCG@100_ci90_low": 0.8214731317128428,
  "nDCG@100_ci90_high": 0.8447018642504374,
  "nDCG@100_ci95_low": 0.8192454749105754,
  "nDCG@100_ci95_high": 0.8469295210527047,
  "RR@1": 0.7075471698113207,
  "RR@3": 0.7705525606469007,
  "RR@5": 0.7810309973045831,
  "RR@10": 0.7874130941684856,
  "RR@100": 0.789892216058079,
  "P@1": 0.7075471698113207,
  "P@3": 0.2920035938903818,
  "P@5": 0.18652291105120866,
  "P@10": 0.0989892183288385,
  "P@100": 0.010525606469002505,
  "R@1": 0.6891846361185984,
  "R@3": 0.8350741239892183,
  "R@5": 0.8847708894878707,
  "R@10": 0.9344676549865231,
  "R@100": 0.9902291105121294,
  "AP": 0.7842704772760575
}