{
  "nDCG@1": 0.7035040431266847,
  "nDCG@1_std": 0.456866234125312,
  "nDCG@1_stderr": 0.011859656519137335,
  "nDCG@1_ci90_low": 0.6839844507344759,
  "nDCG@1_ci90_high": 0.7230236355188935,
  "nDCG@1_ci95_low": 0.680240557028729,
  "nDCG@1_ci95_high": 0.7267675292246404,
  "nDCG@3": 0.7760175952386873,
  "nDCG@3_std": 0.3739849141048804,
  "nDCG@3_stderr": 0.00970816465155184,
  "nDCG@3_ci90_low": 0.7600391040767421,
  "nDCG@3_ci90_high": 0.7919960864006325,
  "nDCG@3_ci95_low": 0.7569744000969388,
  "nDCG@3_ci95_high": 0.7950607903804358,
  "nDCG@5": 0.7955926067042045,
  "nDCG@5_std": 0.34412465076789456,
  "nDCG@5_stderr": 0.008933030837109104,
  "nDCG@5_ci90_low": 0.7808898941521141,
  "nDCG@5_ci90_high": 0.8102953192562949,
  "nDCG@5_ci95_low": 0.778069886855079,
  "nDCG@5_ci95_high": 0.81311532655333,
  "nDCG@10": 0.813158014232768,
  "nDCG@10_std": 0.31273281198328107,
  "nDCG@10_stderr": 0.00811813930501235,
  "nDCG@10_ci90_low": 0.7997965167929976,
  "nDCG@10_ci90_high": 0.8265195116725385,
  "nDCG@10_ci95_low": 0.7972337570202025,
  "nDCG@10_ci95_high": 0.8290822714453335,
  "nDCG@100": 0.8270769506293026,
  "nDCG@100_std": 0.2810405295156321,
  "nDCG@100_stderr": 0.007295448643503094,
  "nDCG@100_ci90_low": 0.8150695047467273,
  "nDCG@100_ci90_high": 0.8390843965118779,
  "nDCG@100_ci95_low": 0.8127664545518978,
  "nDCG@100_ci95_high": 0.8413874467067075,
  "RR@1": 0.7035040431266847,
  "RR@3": 0.7639263252470804,
  "RR@5": 0.7744721473495065,
  "RR@10": 0.7810320669148163,
  "RR@100": 0.7837873154772371,
  "P@1": 0.7035040431266847,
  "P@3": 0.2888589398023316,
  "P@5": 0.18369272237196346,
  "P@10": 0.09784366576819169,
  "P@100": 0.010464959568732965,
  "R@1": 0.6848045822102425,
  "R@3": 0.8247416891284814,
  "R@5": 0.8713499550763701,
  "R@10": 0.9226752021563344,
  "R@100": 0.984613656783468,
  "AP": 0.7787661293855876
}