nDCG@1,nDCG@1_std,nDCG@1_stderr,nDCG@1_ci90_low,nDCG@1_ci90_high,nDCG@1_ci95_low,nDCG@1_ci95_high,nDCG@3,nDCG@3_std,nDCG@3_stderr,nDCG@3_ci90_low,nDCG@3_ci90_high,nDCG@3_ci95_low,nDCG@3_ci95_high,nDCG@5,nDCG@5_std,nDCG@5_stderr,nDCG@5_ci90_low,nDCG@5_ci90_high,nDCG@5_ci95_low,nDCG@5_ci95_high,nDCG@10,nDCG@10_std,nDCG@10_stderr,nDCG@10_ci90_low,nDCG@10_ci90_high,nDCG@10_ci95_low,nDCG@10_ci95_high,nDCG@100,nDCG@100_std,nDCG@100_stderr,nDCG@100_ci90_low,nDCG@100_ci90_high,nDCG@100_ci95_low,nDCG@100_ci95_high,RR@1,RR@3,RR@5,RR@10,RR@100,P@1,P@3,P@5,P@10,P@100,R@1,R@3,R@5,R@10,R@100,AP
0.15498652291105122,0.3620138284041158,0.009397410750371033,0.13951949592815288,0.17045354989394956,0.13655289171816923,0.17342015410393322,0.2273972487677028,0.3780166425561335,0.009812823107438471,0.21124650216176488,0.2435479953736407,0.2081487592711285,0.24664573826427708,0.25710608156048653,0.3752311949170166,0.009740516489473557,0.24107434309847395,0.27313782002249914,0.23799942618862763,0.27621273693234544,0.2871630287390548,0.3668383765113002,0.00952264977907887,0.27148987312266454,0.30283618435544507,0.2684837330618292,0.3058423244162804,0.3546276721454532,0.32688376267679764,0.008485479681929595,0.340661575878132,0.3685937684127744,0.337982852938715,0.3712724913521914,0.15498652291105122,0.2119272237196766,0.2288072776280322,0.24147253240919,0.2538702342353755,0.15498652291105122,0.09613656783468084,0.07250673854447505,0.04595687331536416,0.008072776280323312,0.15150494159928124,0.2805480682839173,0.35180817610062887,0.4424415992812219,0.7659478885893979,0.2504945447628638
