{
  "nDCG@1": 0.1509433962264151,
  "nDCG@1_std": 0.3581143761935126,
  "nDCG@1_stderr": 0.009296186014603277,
  "nDCG@1_ci90_low": 0.1356429731901831,
  "nDCG@1_ci90_high": 0.16624381926264709,
  "nDCG@1_ci95_low": 0.13270832392345563,
  "nDCG@1_ci95_high": 0.16917846852937454,
  "nDCG@3": 0.22691725329978601,
  "nDCG@3_std": 0.37555926945498963,
  "nDCG@3_stderr": 0.009749032880142007,
  "nDCG@3_ci90_low": 0.21087149786567708,
  "nDCG@3_ci90_high": 0.24296300873389495,
  "nDCG@3_ci95_low": 0.20779389247481383,
  "nDCG@3_ci95_high": 0.2460406141247582,
  "nDCG@5": 0.2566588953811404,
  "nDCG@5_std": 0.3732904299856232,
  "nDCG@5_stderr": 0.009690136742073795,
  "nDCG@5_ci90_low": 0.24071007602664823,
  "nDCG@5_ci90_high": 0.27260771473563256,
  "nDCG@5_ci95_low": 0.23765106315406329,
  "nDCG@5_ci95_high": 0.27566672760821753,
  "nDCG@10": 0.28954622376819805,
  "nDCG@10_std": 0.3637031860170526,
  "nDCG@10_stderr": 0.00944126428895827,
  "nDCG@10_ci90_low": 0.2740070190458519,
  "nDCG@10_ci90_high": 0.3050854284905442,
  "nDCG@10_ci95_low": 0.27102657101275024,
  "nDCG@10_ci95_high": 0.30806587652364587,
  "nDCG@100": 0.352139165625349,
  "nDCG@100_std": 0.3262918798216627,
  "nDCG@100_stderr": 0.0084701151685619,
  "nDCG@100_ci90_low": 0.33819835753039257,
  "nDCG@100_ci90_high": 0.3660799737203055,
  "nDCG@100_ci95_low": 0.335524484908925,
  "nDCG@100_ci95_high": 0.36875384634177305,
  "RR@1": 0.1509433962264151,
  "RR@3": 0.21046720575022457,
  "RR@5": 0.22721248876909228,
  "RR@10": 0.24100618234715238,
  "RR@100": 0.25233808453362205,
  "P@1": 0.1509433962264151,
  "P@3": 0.09703504043126668,
  "P@5": 0.07304582210242655,
  "P@10": 0.047102425876010996,
  "P@100": 0.007958221024258623,
  "R@1": 0.14729335130278526,
  "R@3": 0.2829627133872417,
  "R@5": 0.3539420485175202,
  "R@10": 0.45378481581311775,
  "R@100": 0.7566823899371068,
  "AP": 0.24903514685435568
}