nDCG@1,nDCG@1_std,nDCG@1_stderr,nDCG@1_ci90_low,nDCG@1_ci90_high,nDCG@1_ci95_low,nDCG@1_ci95_high,nDCG@3,nDCG@3_std,nDCG@3_stderr,nDCG@3_ci90_low,nDCG@3_ci90_high,nDCG@3_ci95_low,nDCG@3_ci95_high,nDCG@5,nDCG@5_std,nDCG@5_stderr,nDCG@5_ci90_low,nDCG@5_ci90_high,nDCG@5_ci95_low,nDCG@5_ci95_high,nDCG@10,nDCG@10_std,nDCG@10_stderr,nDCG@10_ci90_low,nDCG@10_ci90_high,nDCG@10_ci95_low,nDCG@10_ci95_high,nDCG@100,nDCG@100_std,nDCG@100_stderr,nDCG@100_ci90_low,nDCG@100_ci90_high,nDCG@100_ci95_low,nDCG@100_ci95_high,RR@1,RR@3,RR@5,RR@10,RR@100,P@1,P@3,P@5,P@10,P@100,R@1,R@3,R@5,R@10,R@100,AP
0.16576819407008087,0.3719977815343258,0.009656581260212169,0.14987460307126715,0.18166178506889458,0.1468261830988334,0.18471020504132832,0.24027797220495603,0.3839692293765747,0.009967344562117508,0.2238729015546144,0.25668304285529764,0.22072637884471075,0.2598295655652013,0.2710673828301333,0.38046471389244463,0.009876371872950944,0.2548120424699134,0.28732272319035324,0.25169423830492005,0.2904405273553466,0.3053066677460257,0.36960799951142365,0.00959454560988338,0.28951518009280636,0.3210981553992451,0.28648634372976495,0.3241269917622865,0.36734596128171937,0.33065716958043995,0.008583432444557846,0.35321864634865446,0.3814732762147843,0.35050900137276253,0.3841829211906762,0.16576819407008087,0.2246181491464509,0.24163297394429423,0.2559071899199927,0.2672280982222111,0.16576819407008087,0.10197663971248871,0.0766846361185991,0.04925876010781681,0.00814690026954164,0.16043351302785266,0.2966644204851752,0.37090071877807734,0.4748989218328841,0.773191823899371,0.262997595177751
