{
  "nDCG@1": 0.16576819407008087,
  "nDCG@1_std": 0.3719977815343258,
  "nDCG@1_stderr": 0.009656581260212169,
  "nDCG@1_ci90_low": 0.14987460307126715,
  "nDCG@1_ci90_high": 0.18166178506889458,
  "nDCG@1_ci95_low": 0.1468261830988334,
  "nDCG@1_ci95_high": 0.18471020504132832,
  "nDCG@3": 0.23306251759969254,
  "nDCG@3_std": 0.38352165915368064,
  "nDCG@3_stderr": 0.00995572621802631,
  "nDCG@3_ci90_low": 0.21667656937001856,
  "nDCG@3_ci90_high": 0.24944846582936653,
  "nDCG@3_ci95_low": 0.21353371437555368,
  "nDCG@3_ci95_high": 0.2525913208238314,
  "nDCG@5": 0.2689250246612284,
  "nDCG@5_std": 0.37972626834898865,
  "nDCG@5_stderr": 0.009857202781761172,
  "nDCG@5_ci90_low": 0.2527012343586303,
  "nDCG@5_ci90_high": 0.28514881496382655,
  "nDCG@5_ci95_low": 0.2495894815526906,
  "nDCG@5_ci95_high": 0.2882605677697663,
  "nDCG@10": 0.30024598492789106,
  "nDCG@10_std": 0.36971470439364423,
  "nDCG@10_stderr": 0.00959731553061187,
  "nDCG@10_ci90_low": 0.2844499383126569,
  "nDCG@10_ci90_high": 0.3160420315431252,
  "nDCG@10_ci95_low": 0.2814202275323199,
  "nDCG@10_ci95_high": 0.31907174232346225,
  "nDCG@100": 0.36547288833924946,
  "nDCG@100_std": 0.3296040442950244,
  "nDCG@100_stderr": 0.00855609467427907,
  "nDCG@100_ci90_low": 0.3513905681437549,
  "nDCG@100_ci90_high": 0.379555208534744,
  "nDCG@100_ci95_low": 0.3486895532412476,
  "nDCG@100_ci95_high": 0.3822562234372513,
  "RR@1": 0.16576819407008087,
  "RR@3": 0.21889038634321656,
  "RR@5": 0.23880278526504903,
  "RR@10": 0.2517450690968208,
  "RR@100": 0.2640363856091308,
  "P@1": 0.16576819407008087,
  "P@3": 0.09748427672955957,
  "P@5": 0.07668463611859909,
  "P@10": 0.04824797843665783,
  "P@100": 0.008180592991913605,
  "R@1": 0.16093890386343218,
  "R@3": 0.2838611859838275,
  "R@5": 0.37022686433063795,
  "R@10": 0.4661388140161725,
  "R@100": 0.7762241689128481,
  "AP": 0.2602037649400841
}