nDCG@1,nDCG@1_std,nDCG@1_stderr,nDCG@1_ci90_low,nDCG@1_ci90_high,nDCG@1_ci95_low,nDCG@1_ci95_high,nDCG@3,nDCG@3_std,nDCG@3_stderr,nDCG@3_ci90_low,nDCG@3_ci90_high,nDCG@3_ci95_low,nDCG@3_ci95_high,nDCG@5,nDCG@5_std,nDCG@5_stderr,nDCG@5_ci90_low,nDCG@5_ci90_high,nDCG@5_ci95_low,nDCG@5_ci95_high,nDCG@10,nDCG@10_std,nDCG@10_stderr,nDCG@10_ci90_low,nDCG@10_ci90_high,nDCG@10_ci95_low,nDCG@10_ci95_high,nDCG@100,nDCG@100_std,nDCG@100_stderr,nDCG@100_ci90_low,nDCG@100_ci90_high,nDCG@100_ci95_low,nDCG@100_ci95_high,RR@1,RR@3,RR@5,RR@10,RR@100,P@1,P@3,P@5,P@10,P@100,R@1,R@3,R@5,R@10,R@100,AP
0.1495956873315364,0.35679490059031793,0.009261934134577102,0.13435163884002235,0.16483973582305042,0.13142780231461104,0.16776357234846173,0.22346231508960546,0.3749094342397055,0.009732163998461434,0.20744432384023373,0.23948030633897718,0.2043720436710449,0.24255258650816602,0.2531217616389134,0.3723926382225268,0.009666831229123339,0.2372113004031872,0.2690322228746396,0.2341596446882993,0.27208387858952754,0.28247257964310807,0.364179130189511,0.009453619184080797,0.26691304022418355,0.2980321190620326,0.26392869195889473,0.3010164673273214,0.34861204205005875,0.3258951454143614,0.00845981645649156,0.3346881844174916,0.3625358996826259,0.3320175629258721,0.3652065211742454,0.1495956873315364,0.2073225516621744,0.22410152740341396,0.23650365806700033,0.2486625960083431,0.1495956873315364,0.09501347708894856,0.07169811320754782,0.04548517520215664,0.007951482479784229,0.14678796046720574,0.2775157232704402,0.348607367475292,0.43738769092542673,0.7544923629829289,0.24579403626053833
