{
  "nDCG@1": 0.15633423180592992,
  "nDCG@1_std": 0.363294339279894,
  "nDCG@1_stderr": 0.009430651156471135,
  "nDCG@1_ci90_low": 0.1408124950448033,
  "nDCG@1_ci90_high": 0.17185596856705654,
  "nDCG@1_ci95_low": 0.13783539739877673,
  "nDCG@1_ci95_high": 0.17483306621308312,
  "nDCG@3": 0.2339141210069214,
  "nDCG@3_std": 0.37927001810485295,
  "nDCG@3_stderr": 0.009845359115545432,
  "nDCG@3_ci90_low": 0.21770982397856675,
  "nDCG@3_ci90_high": 0.25011841803527607,
  "nDCG@3_ci95_low": 0.21460181001846346,
  "nDCG@3_ci95_high": 0.25322643199537936,
  "nDCG@5": 0.26328249634021345,
  "nDCG@5_std": 0.37644204827649974,
  "nDCG@5_stderr": 0.009771948676546884,
  "nDCG@5_ci90_low": 0.24719902421469409,
  "nDCG@5_ci90_high": 0.2793659684657328,
  "nDCG@5_ci95_low": 0.24411418469307974,
  "nDCG@5_ci95_high": 0.2824508079873472,
  "nDCG@10": 0.295944840851497,
  "nDCG@10_std": 0.36632144494212,
  "nDCG@10_stderr": 0.00950923090415126,
  "nDCG@10_ci90_low": 0.2802937711166436,
  "nDCG@10_ci90_high": 0.31159591058635044,
  "nDCG@10_ci95_low": 0.2772918671684898,
  "nDCG@10_ci95_high": 0.31459781453450425,
  "nDCG@100": 0.35900292424413444,
  "nDCG@100_std": 0.32815367879648566,
  "nDCG@100_stderr": 0.008518445061865039,
  "nDCG@100_ci90_low": 0.34498257085913403,
  "nDCG@100_ci90_high": 0.37302327762913484,
  "nDCG@100_ci95_low": 0.34229344130479955,
  "nDCG@100_ci95_high": 0.3757124071834693,
  "RR@1": 0.15633423180592992,
  "RR@3": 0.21698113207547162,
  "RR@5": 0.23362533692722334,
  "RR@10": 0.24738400077011904,
  "RR@100": 0.2588347163566125,
  "P@1": 0.15633423180592992,
  "P@3": 0.09995507637017062,
  "P@5": 0.07466307277628101,
  "P@10": 0.04777628032345031,
  "P@100": 0.008039083557951344,
  "R@1": 0.15234725965858043,
  "R@3": 0.29127358490566035,
  "R@5": 0.3616913746630728,
  "R@10": 0.46074797843665766,
  "R@100": 0.7644317160826594,
  "AP": 0.255359389731565
}