nDCG@1,nDCG@1_std,nDCG@1_stderr,nDCG@1_ci90_low,nDCG@1_ci90_high,nDCG@1_ci95_low,nDCG@1_ci95_high,nDCG@3,nDCG@3_std,nDCG@3_stderr,nDCG@3_ci90_low,nDCG@3_ci90_high,nDCG@3_ci95_low,nDCG@3_ci95_high,nDCG@5,nDCG@5_std,nDCG@5_stderr,nDCG@5_ci90_low,nDCG@5_ci90_high,nDCG@5_ci95_low,nDCG@5_ci95_high,nDCG@10,nDCG@10_std,nDCG@10_stderr,nDCG@10_ci90_low,nDCG@10_ci90_high,nDCG@10_ci95_low,nDCG@10_ci95_high,nDCG@100,nDCG@100_std,nDCG@100_stderr,nDCG@100_ci90_low,nDCG@100_ci90_high,nDCG@100_ci95_low,nDCG@100_ci95_high,RR@1,RR@3,RR@5,RR@10,RR@100,P@1,P@3,P@5,P@10,P@100,R@1,R@3,R@5,R@10,R@100,AP
0.16307277628032346,0.3695565932534578,0.009593211169916337,0.147283484957511,0.17886206760313592,0.14425506985467937,0.18189048270596755,0.23130748047312014,0.38275986225572983,0.009935950955876903,0.21495407998679628,0.247660880959444,0.2118174677093419,0.2507974932368984,0.262366559990697,0.37965288473283476,0.009855297838001466,0.24614590500029448,0.27858721498109956,0.24303475355299783,0.2816983664283962,0.29631487230582054,0.36956018718468736,0.009593304463722602,0.28052542743243364,0.31210431717920745,0.2774969828783196,0.3151327617333215,0.362061999625773,0.32919331446444206,0.00854543265912228,0.3479972278465926,0.37612677140495343,0.3452995787625954,0.3788244204889506,0.16307277628032346,0.21720575022461813,0.2345238095238093,0.24863357292602556,0.2606009376050262,0.16307277628032346,0.09636118598382726,0.07358490566037802,0.04770889487870638,0.008180592991913605,0.15891734052111411,0.28144654088050314,0.3561882300089847,0.4597371967654987,0.7767295597484276,0.25695747150511294
