nDCG@1,nDCG@1_std,nDCG@1_stderr,nDCG@1_ci90_low,nDCG@1_ci90_high,nDCG@1_ci95_low,nDCG@1_ci95_high,nDCG@3,nDCG@3_std,nDCG@3_stderr,nDCG@3_ci90_low,nDCG@3_ci90_high,nDCG@3_ci95_low,nDCG@3_ci95_high,nDCG@5,nDCG@5_std,nDCG@5_stderr,nDCG@5_ci90_low,nDCG@5_ci90_high,nDCG@5_ci95_low,nDCG@5_ci95_high,nDCG@10,nDCG@10_std,nDCG@10_stderr,nDCG@10_ci90_low,nDCG@10_ci90_high,nDCG@10_ci95_low,nDCG@10_ci95_high,nDCG@100,nDCG@100_std,nDCG@100_stderr,nDCG@100_ci90_low,nDCG@100_ci90_high,nDCG@100_ci95_low,nDCG@100_ci95_high,RR@1,RR@3,RR@5,RR@10,RR@100,P@1,P@3,P@5,P@10,P@100,R@1,R@3,R@5,R@10,R@100,AP
0.15633423180592992,0.363294339279894,0.009430651156471135,0.1408124950448033,0.17185596856705654,0.13783539739877673,0.17483306621308312,0.2339141210069214,0.37927001810485295,0.009845359115545432,0.21770982397856675,0.25011841803527607,0.21460181001846346,0.25322643199537936,0.26328249634021345,0.37644204827649974,0.009771948676546884,0.24719902421469409,0.2793659684657328,0.24411418469307974,0.2824508079873472,0.295944840851497,0.36632144494212,0.00950923090415126,0.2802937711166436,0.31159591058635044,0.2772918671684898,0.31459781453450425,0.35900292424413444,0.32815367879648566,0.008518445061865039,0.34498257085913403,0.37302327762913484,0.34229344130479955,0.3757124071834693,0.15633423180592992,0.21698113207547162,0.23362533692722334,0.24738400077011904,0.2588347163566125,0.15633423180592992,0.09995507637017062,0.07466307277628101,0.04777628032345031,0.008039083557951344,0.15234725965858043,0.29127358490566035,0.3616913746630728,0.46074797843665766,0.7644317160826594,0.255359389731565
