nDCG@1,nDCG@1_std,nDCG@1_stderr,nDCG@1_ci90_low,nDCG@1_ci90_high,nDCG@1_ci95_low,nDCG@1_ci95_high,nDCG@3,nDCG@3_std,nDCG@3_stderr,nDCG@3_ci90_low,nDCG@3_ci90_high,nDCG@3_ci95_low,nDCG@3_ci95_high,nDCG@5,nDCG@5_std,nDCG@5_stderr,nDCG@5_ci90_low,nDCG@5_ci90_high,nDCG@5_ci95_low,nDCG@5_ci95_high,nDCG@10,nDCG@10_std,nDCG@10_stderr,nDCG@10_ci90_low,nDCG@10_ci90_high,nDCG@10_ci95_low,nDCG@10_ci95_high,nDCG@100,nDCG@100_std,nDCG@100_stderr,nDCG@100_ci90_low,nDCG@100_ci90_high,nDCG@100_ci95_low,nDCG@100_ci95_high,RR@1,RR@3,RR@5,RR@10,RR@100,P@1,P@3,P@5,P@10,P@100,R@1,R@3,R@5,R@10,R@100,AP
0.7297843665768194,0.44422079870513526,0.011531397371456278,0.7108050499296467,0.7487636832239922,0.7071647821050434,0.7524039510485955,0.7975699863518828,0.36016699299399185,0.009349469291853348,0.7821818653412985,0.8129581073624671,0.7792303954418659,0.8159095772618997,0.8179583851430405,0.32519876999944897,0.008441739451424542,0.804064280123461,0.8318524901626201,0.8013993652377099,0.8345174050483711,0.8351709854916549,0.2901791962337372,0.007532676611394177,0.8227730904228158,0.8475688805604941,0.820395151356257,0.8499468196270529,0.8463181882405219,0.26225830349623536,0.006807886349298284,0.8351132122467946,0.8575231642342491,0.8329640772519109,0.8596722992291328,0.7297843665768194,0.7850404312668465,0.7963948787061998,0.8028908890600265,0.8052503541845263,0.7297843665768194,0.29761904761904323,0.18894878706199025,0.1003369272237172,0.010566037735848867,0.7069294699011681,0.8452942497753817,0.893980233602875,0.9456424079065588,0.9937106918238993,0.8006427792528124
