nDCG@1,nDCG@1_std,nDCG@1_stderr,nDCG@1_ci90_low,nDCG@1_ci90_high,nDCG@1_ci95_low,nDCG@1_ci95_high,nDCG@3,nDCG@3_std,nDCG@3_stderr,nDCG@3_ci90_low,nDCG@3_ci90_high,nDCG@3_ci95_low,nDCG@3_ci95_high,nDCG@5,nDCG@5_std,nDCG@5_stderr,nDCG@5_ci90_low,nDCG@5_ci90_high,nDCG@5_ci95_low,nDCG@5_ci95_high,nDCG@10,nDCG@10_std,nDCG@10_stderr,nDCG@10_ci90_low,nDCG@10_ci90_high,nDCG@10_ci95_low,nDCG@10_ci95_high,nDCG@100,nDCG@100_std,nDCG@100_stderr,nDCG@100_ci90_low,nDCG@100_ci90_high,nDCG@100_ci95_low,nDCG@100_ci95_high,RR@1,RR@3,RR@5,RR@10,RR@100,P@1,P@3,P@5,P@10,P@100,R@1,R@3,R@5,R@10,R@100,AP
0.7257412398921833,0.4462903848886338,0.011585121151941033,0.7066735002544172,0.7448089795299494,0.703016272737661,0.7484662070467056,0.8007530269874247,0.3540078185544681,0.009189585089786957,0.785628056469374,0.8158779975054754,0.7827270593181864,0.8187789946566629,0.8173161610689937,0.3259751171396537,0.008461892419043325,0.8033888866475198,0.8312434354904676,0.8007176098095067,0.8339147123284808,0.8347536965829049,0.2903616974130585,0.007537414105959149,0.8223480041581541,0.8471593890076556,0.8199685695443968,0.849538823621413,0.8457019285231763,0.26305365215536797,0.006828532571771539,0.8344629712883846,0.8569408857579679,0.8323073186289935,0.859096538417359,0.7257412398921833,0.7866127583108717,0.7952380952380956,0.8020081932143929,0.8043372998244214,0.7257412398921833,0.299640610961361,0.18854447439352667,0.10006738544474149,0.010539083557951294,0.70490790655885,0.8527066486972147,0.8922955974842767,0.9446877807726863,0.9910152740341418,0.8005636147215485
