nDCG@1,nDCG@1_std,nDCG@1_stderr,nDCG@1_ci90_low,nDCG@1_ci90_high,nDCG@1_ci95_low,nDCG@1_ci95_high,nDCG@3,nDCG@3_std,nDCG@3_stderr,nDCG@3_ci90_low,nDCG@3_ci90_high,nDCG@3_ci95_low,nDCG@3_ci95_high,nDCG@5,nDCG@5_std,nDCG@5_stderr,nDCG@5_ci90_low,nDCG@5_ci90_high,nDCG@5_ci95_low,nDCG@5_ci95_high,nDCG@10,nDCG@10_std,nDCG@10_stderr,nDCG@10_ci90_low,nDCG@10_ci90_high,nDCG@10_ci95_low,nDCG@10_ci95_high,nDCG@100,nDCG@100_std,nDCG@100_stderr,nDCG@100_ci90_low,nDCG@100_ci90_high,nDCG@100_ci95_low,nDCG@100_ci95_high,RR@1,RR@3,RR@5,RR@10,RR@100,P@1,P@3,P@5,P@10,P@100,R@1,R@3,R@5,R@10,R@100,AP
0.7014824797843666,0.4577619619991602,0.011882908456192378,0.6819246174529812,0.7210403421157521,0.6781733835025444,0.7247915760661888,0.7811889233499728,0.3659962362810424,0.00950078890794024,0.7655517481427349,0.7968260985572108,0.7625525091905215,0.7998253375094241,0.7985415818220372,0.3377066453735153,0.008766427718231136,0.7841130783051343,0.81297008533894,0.7813456648051557,0.8157374988389187,0.815479894246323,0.30662124453873935,0.007959490918959975,0.8023795132920449,0.828580275200601,0.7998668361412051,0.8310929523514408,0.8299293452138888,0.2727138801267449,0.007079299595201135,0.8182776551082207,0.841581035319557,0.8160428395254252,0.8438158509023524,0.7014824797843666,0.7657232704402521,0.7750224618149155,0.781621689556326,0.7848745044772583,0.7014824797843666,0.2944743935309929,0.18571428571428153,0.09851752021563107,0.0105323450134769,0.6804806828391734,0.8378818508535488,0.8801662174303683,0.9298629829290206,0.9903414195867025,0.7803365428732358
