{
  "nDCG@1": 0.6428571428571429,
  "nDCG@1_std": 0.4793189465672008,
  "nDCG@1_stderr": 0.012442499893398882,
  "nDCG@1_ci90_low": 0.622378259183966,
  "nDCG@1_ci90_high": 0.6633360265303198,
  "nDCG@1_ci95_low": 0.6184503716469633,
  "nDCG@1_ci95_high": 0.6672639140673225,
  "nDCG@3": 0.7257199571260368,
  "nDCG@3_std": 0.39883410401935127,
  "nDCG@3_stderr": 0.010353217481355856,
  "nDCG@3_ci90_low": 0.7086797852746974,
  "nDCG@3_ci90_high": 0.7427601289773761,
  "nDCG@3_ci95_low": 0.705411448986869,
  "nDCG@3_ci95_high": 0.7460284652652045,
  "nDCG@5": 0.7470585957046478,
  "nDCG@5_std": 0.3710064587014619,
  "nDCG@5_stderr": 0.009630847801665265,
  "nDCG@5_ci90_low": 0.7312073589359812,
  "nDCG@5_ci90_high": 0.7629098324733145,
  "nDCG@5_ci95_low": 0.728167062582754,
  "nDCG@5_ci95_high": 0.7659501288265417,
  "nDCG@10": 0.7665101934602816,
  "nDCG@10_std": 0.3402790372777366,
  "nDCG@10_stderr": 0.008833203684888165,
  "nDCG@10_ci90_low": 0.7519717845975842,
  "nDCG@10_ci90_high": 0.781048602322979,
  "nDCG@10_ci95_low": 0.7491832910502315,
  "nDCG@10_ci95_high": 0.7838370958703317,
  "nDCG@100": 0.7863272336331008,
  "nDCG@100_std": 0.30154633801431474,
  "nDCG@100_stderr": 0.007827752909558528,
  "nDCG@100_ci90_low": 0.7734436778661229,
  "nDCG@100_ci90_high": 0.7992107894000786,
  "nDCG@100_ci95_low": 0.7709725881848198,
  "nDCG@100_ci95_high": 0.8016818790813817,
  "RR@1": 0.6428571428571429,
  "RR@3": 0.7113656783468112,
  "RR@5": 0.7224842767295612,
  "RR@10": 0.7300466884867161,
  "RR@100": 0.7339225367910699,
  "P@1": 0.6428571428571429,
  "P@3": 0.2749326145552526,
  "P@5": 0.17628032345013095,
  "P@10": 0.09454177897573905,
  "P@100": 0.010444743935309786,
  "R@1": 0.6235961365678346,
  "R@3": 0.7847596585804134,
  "R@5": 0.8359164420485176,
  "R@10": 0.8946540880503143,
  "R@100": 0.9829290206648696,
  "AP": 0.7274912759307316
}