{
  "nDCG@1": 0.6853099730458221,
  "nDCG@1_std": 0.46454885155062575,
  "nDCG@1_stderr": 0.012059087330667104,
  "nDCG@1_ci90_low": 0.6654621411177357,
  "nDCG@1_ci90_high": 0.7051578049739085,
  "nDCG@1_ci95_low": 0.6616552904655703,
  "nDCG@1_ci95_high": 0.7089646556260739,
  "nDCG@3": 0.7636306022634193,
  "nDCG@3_std": 0.3786517514138642,
  "nDCG@3_stderr": 0.009829309711924286,
  "nDCG@3_ci90_low": 0.7474527206558078,
  "nDCG@3_ci90_high": 0.7798084838710307,
  "nDCG@3_ci95_low": 0.7443497732219653,
  "nDCG@3_ci95_high": 0.7829114313048733,
  "nDCG@5": 0.7851937971040359,
  "nDCG@5_std": 0.34704932581494036,
  "nDCG@5_stderr": 0.009008951618504695,
  "nDCG@5_ci90_low": 0.7703661279223375,
  "nDCG@5_ci90_high": 0.8000214662857343,
  "nDCG@5_ci95_low": 0.7675221537140228,
  "nDCG@5_ci95_high": 0.8028654404940491,
  "nDCG@10": 0.8018131544154202,
  "nDCG@10_std": 0.31684181085911295,
  "nDCG@10_stderr": 0.00822480360117813,
  "nDCG@10_ci90_low": 0.7882761001557201,
  "nDCG@10_ci90_high": 0.8153502086751203,
  "nDCG@10_ci95_low": 0.7856796682621179,
  "nDCG@10_ci95_high": 0.8179466405687226,
  "nDCG@100": 0.8180875845013952,
  "nDCG@100_std": 0.28107179493054313,
  "nDCG@100_stderr": 0.007296260253234953,
  "nDCG@100_ci90_low": 0.8060788028051628,
  "nDCG@100_ci90_high": 0.8300963661976276,
  "nDCG@100_ci95_low": 0.803775496398818,
  "nDCG@100_ci95_high": 0.8323996726039724,
  "RR@1": 0.6853099730458221,
  "RR@3": 0.7494384546271344,
  "RR@5": 0.7606244384546279,
  "RR@10": 0.7673391841013139,
  "RR@100": 0.7705371075983325,
  "P@1": 0.6853099730458221,
  "P@3": 0.2868373764600139,
  "P@5": 0.18342318059298773,
  "P@10": 0.09723719676549632,
  "P@100": 0.0105323450134769,
  "R@1": 0.6662735849056604,
  "R@3": 0.8191823899371068,
  "R@5": 0.8700584007187779,
  "R@10": 0.9197551662174303,
  "R@100": 0.9903414195867025,
  "AP": 0.7655934155952114
}