{
  "nDCG@1": 0.7257412398921833,
  "nDCG@1_std": 0.4462903848886338,
  "nDCG@1_stderr": 0.011585121151941033,
  "nDCG@1_ci90_low": 0.7066735002544172,
  "nDCG@1_ci90_high": 0.7448089795299494,
  "nDCG@1_ci95_low": 0.703016272737661,
  "nDCG@1_ci95_high": 0.7484662070467056,
  "nDCG@3": 0.8007530269874247,
  "nDCG@3_std": 0.3540078185544681,
  "nDCG@3_stderr": 0.009189585089786957,
  "nDCG@3_ci90_low": 0.785628056469374,
  "nDCG@3_ci90_high": 0.8158779975054754,
  "nDCG@3_ci95_low": 0.7827270593181864,
  "nDCG@3_ci95_high": 0.8187789946566629,
  "nDCG@5": 0.8173161610689937,
  "nDCG@5_std": 0.3259751171396537,
  "nDCG@5_stderr": 0.008461892419043325,
  "nDCG@5_ci90_low": 0.8033888866475198,
  "nDCG@5_ci90_high": 0.8312434354904676,
  "nDCG@5_ci95_low": 0.8007176098095067,
  "nDCG@5_ci95_high": 0.8339147123284808,
  "nDCG@10": 0.8347536965829049,
  "nDCG@10_std": 0.2903616974130585,
  "nDCG@10_stderr": 0.007537414105959149,
  "nDCG@10_ci90_low": 0.8223480041581541,
  "nDCG@10_ci90_high": 0.8471593890076556,
  "nDCG@10_ci95_low": 0.8199685695443968,
  "nDCG@10_ci95_high": 0.849538823621413,
  "nDCG@100": 0.8457019285231763,
  "nDCG@100_std": 0.26305365215536797,
  "nDCG@100_stderr": 0.006828532571771539,
  "nDCG@100_ci90_low": 0.8344629712883846,
  "nDCG@100_ci90_high": 0.8569408857579679,
  "nDCG@100_ci95_low": 0.8323073186289935,
  "nDCG@100_ci95_high": 0.859096538417359,
  "RR@1": 0.7257412398921833,
  "RR@3": 0.7866127583108717,
  "RR@5": 0.7952380952380956,
  "RR@10": 0.8020081932143929,
  "RR@100": 0.8043372998244214,
  "P@1": 0.7257412398921833,
  "P@3": 0.299640610961361,
  "P@5": 0.18854447439352667,
  "P@10": 0.10006738544474149,
  "P@100": 0.010539083557951294,
  "R@1": 0.70490790655885,
  "R@3": 0.8527066486972147,
  "R@5": 0.8922955974842767,
  "R@10": 0.9446877807726863,
  "R@100": 0.9910152740341418,
  "AP": 0.8005636147215485
}