nDCG@1,nDCG@1_std,nDCG@1_stderr,nDCG@1_ci90_low,nDCG@1_ci90_high,nDCG@1_ci95_low,nDCG@1_ci95_high,nDCG@3,nDCG@3_std,nDCG@3_stderr,nDCG@3_ci90_low,nDCG@3_ci90_high,nDCG@3_ci95_low,nDCG@3_ci95_high,nDCG@5,nDCG@5_std,nDCG@5_stderr,nDCG@5_ci90_low,nDCG@5_ci90_high,nDCG@5_ci95_low,nDCG@5_ci95_high,nDCG@10,nDCG@10_std,nDCG@10_stderr,nDCG@10_ci90_low,nDCG@10_ci90_high,nDCG@10_ci95_low,nDCG@10_ci95_high,nDCG@100,nDCG@100_std,nDCG@100_stderr,nDCG@100_ci90_low,nDCG@100_ci90_high,nDCG@100_ci95_low,nDCG@100_ci95_high,RR@1,RR@3,RR@5,RR@10,RR@100,P@1,P@3,P@5,P@10,P@100,R@1,R@3,R@5,R@10,R@100,AP
0.6853099730458221,0.46454885155062575,0.012059087330667104,0.6654621411177357,0.7051578049739085,0.6616552904655703,0.7089646556260739,0.7636306022634193,0.3786517514138642,0.009829309711924286,0.7474527206558078,0.7798084838710307,0.7443497732219653,0.7829114313048733,0.7851937971040359,0.34704932581494036,0.009008951618504695,0.7703661279223375,0.8000214662857343,0.7675221537140228,0.8028654404940491,0.8018131544154202,0.31684181085911295,0.00822480360117813,0.7882761001557201,0.8153502086751203,0.7856796682621179,0.8179466405687226,0.8180875845013952,0.28107179493054313,0.007296260253234953,0.8060788028051628,0.8300963661976276,0.803775496398818,0.8323996726039724,0.6853099730458221,0.7494384546271344,0.7606244384546279,0.7673391841013139,0.7705371075983325,0.6853099730458221,0.2868373764600139,0.18342318059298773,0.09723719676549632,0.0105323450134769,0.6662735849056604,0.8191823899371068,0.8700584007187779,0.9197551662174303,0.9903414195867025,0.7655934155952114
