{
  "nDCG@1": 0.7183288409703504,
  "nDCG@1_std": 0.44996550068220237,
  "nDCG@1_stderr": 0.011680522404483206,
  "nDCG@1_ci90_low": 0.699104082150762,
  "nDCG@1_ci90_high": 0.7375535997899388,
  "nDCG@1_ci95_low": 0.6954167380662672,
  "nDCG@1_ci95_high": 0.7412409438744336,
  "nDCG@3": 0.7927103338324265,
  "nDCG@3_std": 0.3600651187657468,
  "nDCG@3_stderr": 0.00934682476865401,
  "nDCG@3_ci90_low": 0.7773265653943505,
  "nDCG@3_ci90_high": 0.8080941022705025,
  "nDCG@3_ci95_low": 0.7743759303263267,
  "nDCG@3_ci95_high": 0.8110447373385263,
  "nDCG@5": 0.8119141313441698,
  "nDCG@5_std": 0.3282819223458939,
  "nDCG@5_stderr": 0.008521774098535231,
  "nDCG@5_ci90_low": 0.7978882987584222,
  "nDCG@5_ci90_high": 0.8259399639299174,
  "nDCG@5_ci95_low": 0.7951981182833114,
  "nDCG@5_ci95_high": 0.8286301444050281,
  "nDCG@10": 0.8295615233067632,
  "nDCG@10_std": 0.292393738784886,
  "nDCG@10_stderr": 0.0075901632716940375,
  "nDCG@10_ci90_low": 0.817069011992063,
  "nDCG@10_ci90_high": 0.8420540346214634,
  "nDCG@10_ci95_low": 0.814672925355605,
  "nDCG@10_ci95_high": 0.8444501212579215,
  "nDCG@100": 0.840872485620547,
  "nDCG@100_std": 0.26460806300634676,
  "nDCG@100_stderr": 0.0068688830669608415,
  "nDCG@100_ci90_low": 0.8295671162415548,
  "nDCG@100_ci90_high": 0.8521778549995391,
  "nDCG@100_ci95_low": 0.8273987256108135,
  "nDCG@100_ci95_high": 0.8543462456302804,
  "RR@1": 0.7183288409703504,
  "RR@3": 0.7786388140161725,
  "RR@5": 0.7889487870619948,
  "RR@10": 0.7958357399563597,
  "RR@100": 0.7982182316142562,
  "P@1": 0.7183288409703504,
  "P@3": 0.2973944294698967,
  "P@5": 0.18840970350403885,
  "P@10": 0.10013477088948541,
  "P@100": 0.010559299191374475,
  "R@1": 0.6958108715184186,
  "R@3": 0.8452942497753817,
  "R@5": 0.8909478885893979,
  "R@10": 0.9445754716981132,
  "R@100": 0.9930368373764599,
  "AP": 0.7936682269403941
}