{
  "nDCG@1": 0.7358490566037735,
  "nDCG@1_std": 0.4410286741569579,
  "nDCG@1_stderr": 0.01144853394693516,
  "nDCG@1_ci90_low": 0.7170061233559231,
  "nDCG@1_ci90_high": 0.754691989851624,
  "nDCG@1_ci95_low": 0.7133920141180378,
  "nDCG@1_ci95_high": 0.7583060990895093,
  "nDCG@3": 0.8051811651289185,
  "nDCG@3_std": 0.35258696544567014,
  "nDCG@3_stderr": 0.009152701580838756,
  "nDCG@3_ci90_low": 0.790116900505638,
  "nDCG@3_ci90_high": 0.8202454297521989,
  "nDCG@3_ci95_low": 0.7872275468566695,
  "nDCG@3_ci95_high": 0.8231347834011674,
  "nDCG@5": 0.8230203700195291,
  "nDCG@5_std": 0.32188831848209615,
  "nDCG@5_stderr": 0.008355804411829796,
  "nDCG@5_ci90_low": 0.8092677039145075,
  "nDCG@5_ci90_high": 0.8367730361245507,
  "nDCG@5_ci95_low": 0.8066299172725908,
  "nDCG@5_ci95_high": 0.8394108227664674,
  "nDCG@10": 0.839391009854568,
  "nDCG@10_std": 0.28809194377444386,
  "nDCG@10_stderr": 0.007478494237239657,
  "nDCG@10_ci90_low": 0.8270822925672803,
  "nDCG@10_ci90_high": 0.8516997271418558,
  "nDCG@10_ci95_low": 0.824721457963168,
  "nDCG@10_ci95_high": 0.8540605617459681,
  "nDCG@100": 0.8504368578803997,
  "nDCG@100_std": 0.2602303255298702,
  "nDCG@100_stderr": 0.006755242664313517,
  "nDCG@100_ci90_low": 0.8393185271677789,
  "nDCG@100_ci90_high": 0.8615551885930205,
  "nDCG@100_ci95_low": 0.8371860108971005,
  "nDCG@100_ci95_high": 0.8636877048636988,
  "RR@1": 0.7358490566037735,
  "RR@3": 0.7927897574123991,
  "RR@5": 0.8021226415094342,
  "RR@10": 0.8085723912206388,
  "RR@100": 0.8108932264384683,
  "P@1": 0.7358490566037735,
  "P@3": 0.30031446540880036,
  "P@5": 0.1894878706199417,
  "P@10": 0.10020215633422935,
  "P@100": 0.010545822102425688,
  "R@1": 0.7141734052111411,
  "R@3": 0.8537174303683737,
  "R@5": 0.8963387241689127,
  "R@10": 0.9448000898472596,
  "R@100": 0.9916891284815812,
  "AP": 0.8063880133785861
}