nDCG@1,nDCG@1_std,nDCG@1_stderr,nDCG@1_ci90_low,nDCG@1_ci90_high,nDCG@1_ci95_low,nDCG@1_ci95_high,nDCG@3,nDCG@3_std,nDCG@3_stderr,nDCG@3_ci90_low,nDCG@3_ci90_high,nDCG@3_ci95_low,nDCG@3_ci95_high,nDCG@5,nDCG@5_std,nDCG@5_stderr,nDCG@5_ci90_low,nDCG@5_ci90_high,nDCG@5_ci95_low,nDCG@5_ci95_high,nDCG@10,nDCG@10_std,nDCG@10_stderr,nDCG@10_ci90_low,nDCG@10_ci90_high,nDCG@10_ci95_low,nDCG@10_ci95_high,nDCG@100,nDCG@100_std,nDCG@100_stderr,nDCG@100_ci90_low,nDCG@100_ci90_high,nDCG@100_ci95_low,nDCG@100_ci95_high,RR@1,RR@3,RR@5,RR@10,RR@100,P@1,P@3,P@5,P@10,P@100,R@1,R@3,R@5,R@10,R@100,AP
0.6428571428571429,0.4793189465672008,0.012442499893398882,0.622378259183966,0.6633360265303198,0.6184503716469633,0.6672639140673225,0.7257199571260368,0.39883410401935127,0.010353217481355856,0.7086797852746974,0.7427601289773761,0.705411448986869,0.7460284652652045,0.7470585957046478,0.3710064587014619,0.009630847801665265,0.7312073589359812,0.7629098324733145,0.728167062582754,0.7659501288265417,0.7665101934602816,0.3402790372777366,0.008833203684888165,0.7519717845975842,0.781048602322979,0.7491832910502315,0.7838370958703317,0.7863272336331008,0.30154633801431474,0.007827752909558528,0.7734436778661229,0.7992107894000786,0.7709725881848198,0.8016818790813817,0.6428571428571429,0.7113656783468112,0.7224842767295612,0.7300466884867161,0.7339225367910699,0.6428571428571429,0.2749326145552526,0.17628032345013095,0.09454177897573905,0.010444743935309786,0.6235961365678346,0.7847596585804134,0.8359164420485176,0.8946540880503143,0.9829290206648696,0.7274912759307316
