nDCG@1,nDCG@1_std,nDCG@1_stderr,nDCG@1_ci90_low,nDCG@1_ci90_high,nDCG@1_ci95_low,nDCG@1_ci95_high,nDCG@3,nDCG@3_std,nDCG@3_stderr,nDCG@3_ci90_low,nDCG@3_ci90_high,nDCG@3_ci95_low,nDCG@3_ci95_high,nDCG@5,nDCG@5_std,nDCG@5_stderr,nDCG@5_ci90_low,nDCG@5_ci90_high,nDCG@5_ci95_low,nDCG@5_ci95_high,nDCG@10,nDCG@10_std,nDCG@10_stderr,nDCG@10_ci90_low,nDCG@10_ci90_high,nDCG@10_ci95_low,nDCG@10_ci95_high,nDCG@100,nDCG@100_std,nDCG@100_stderr,nDCG@100_ci90_low,nDCG@100_ci90_high,nDCG@100_ci95_low,nDCG@100_ci95_high,RR@1,RR@3,RR@5,RR@10,RR@100,P@1,P@3,P@5,P@10,P@100,R@1,R@3,R@5,R@10,R@100,AP
0.7297843665768194,0.44422079870513526,0.011531397371456278,0.7108050499296467,0.7487636832239922,0.7071647821050434,0.7524039510485955,0.7985927508807276,0.359288860826067,0.00932667411656548,0.7832421480334568,0.8139433537279983,0.7802978741867214,0.8168876275747338,0.8187566415490514,0.3244807249717695,0.008423099931237946,0.8048932149758368,0.832620068122266,0.8022341842724978,0.8352790988256049,0.8361057683771301,0.288835651178502,0.007497799919524879,0.8237652762194275,0.8484462605348327,0.8213983471367544,0.8508131896175058,0.8469110476665205,0.2617046480134054,0.006793514169071677,0.8357297265821372,0.8580923687509038,0.833585128642353,0.8602369666906879,0.7297843665768194,0.785714285714286,0.7970013477088955,0.8034861271552647,0.8057585530609904,0.7297843665768194,0.2980682839173361,0.18921832884096598,0.10047169811320507,0.010566037735848867,0.7076033243486075,0.8466419586702605,0.894878706199461,0.9469901168014375,0.9937106918238993,0.8014184153263422
