{
  "nDCG@1": 0.7331536388140162,
  "nDCG@1_std": 0.44246050905178463,
  "nDCG@1_stderr": 0.011485702528844635,
  "nDCG@1_ci90_low": 0.7142495304750069,
  "nDCG@1_ci90_high": 0.7520577471530254,
  "nDCG@1_ci95_low": 0.7106236877421729,
  "nDCG@1_ci95_high": 0.7556835898858595,
  "nDCG@3": 0.8046979315586559,
  "nDCG@3_std": 0.3514453297052122,
  "nDCG@3_stderr": 0.009123066193628047,
  "nDCG@3_ci90_low": 0.7896824432787548,
  "nDCG@3_ci90_high": 0.819713419838557,
  "nDCG@3_ci95_low": 0.7868024450221172,
  "nDCG@3_ci95_high": 0.8225934180951946,
  "nDCG@5": 0.8219282203746221,
  "nDCG@5_std": 0.3218615317066502,
  "nDCG@5_stderr": 0.008355109061785701,
  "nDCG@5_ci90_low": 0.8081766987335578,
  "nDCG@5_ci90_high": 0.8356797420156864,
  "nDCG@5_ci95_low": 0.8055391316019319,
  "nDCG@5_ci95_high": 0.8383173091473123,
  "nDCG@10": 0.839146606299355,
  "nDCG@10_std": 0.2861285780126386,
  "nDCG@10_stderr": 0.007427527801514713,
  "nDCG@10_ci90_low": 0.8269217737392033,
  "nDCG@10_ci90_high": 0.8513714388595067,
  "nDCG@10_ci95_low": 0.8245770283799697,
  "nDCG@10_ci95_high": 0.8537161842187403,
  "nDCG@100": 0.8491981370189398,
  "nDCG@100_std": 0.26077242871866796,
  "nDCG@100_stderr": 0.006769314961928988,
  "nDCG@100_ci90_low": 0.838056644968296,
  "nDCG@100_ci90_high": 0.8603396290695835,
  "nDCG@100_ci95_low": 0.8359196863104049,
  "nDCG@100_ci95_high": 0.8624765877274746,
  "RR@1": 0.7331536388140162,
  "RR@3": 0.7916666666666667,
  "RR@5": 0.8006963162623543,
  "RR@10": 0.8074722970949388,
  "RR@100": 0.8095224298238145,
  "P@1": 0.7331536388140162,
  "P@3": 0.3005390835579468,
  "P@5": 0.1894878706199417,
  "P@10": 0.10047169811320505,
  "P@100": 0.0105323450134769,
  "R@1": 0.7114779874213838,
  "R@3": 0.855402066486972,
  "R@5": 0.8963387241689127,
  "R@10": 0.9474955076370171,
  "R@100": 0.9903414195867025,
  "AP": 0.804917718728013
}