{
  "nDCG@1": 0.7014824797843666,
  "nDCG@1_std": 0.4577619619991602,
  "nDCG@1_stderr": 0.011882908456192378,
  "nDCG@1_ci90_low": 0.6819246174529812,
  "nDCG@1_ci90_high": 0.7210403421157521,
  "nDCG@1_ci95_low": 0.6781733835025444,
  "nDCG@1_ci95_high": 0.7247915760661888,
  "nDCG@3": 0.7811889233499728,
  "nDCG@3_std": 0.3659962362810424,
  "nDCG@3_stderr": 0.00950078890794024,
  "nDCG@3_ci90_low": 0.7655517481427349,
  "nDCG@3_ci90_high": 0.7968260985572108,
  "nDCG@3_ci95_low": 0.7625525091905215,
  "nDCG@3_ci95_high": 0.7998253375094241,
  "nDCG@5": 0.7985415818220372,
  "nDCG@5_std": 0.3377066453735153,
  "nDCG@5_stderr": 0.008766427718231136,
  "nDCG@5_ci90_low": 0.7841130783051343,
  "nDCG@5_ci90_high": 0.81297008533894,
  "nDCG@5_ci95_low": 0.7813456648051557,
  "nDCG@5_ci95_high": 0.8157374988389187,
  "nDCG@10": 0.815479894246323,
  "nDCG@10_std": 0.30662124453873935,
  "nDCG@10_stderr": 0.007959490918959975,
  "nDCG@10_ci90_low": 0.8023795132920449,
  "nDCG@10_ci90_high": 0.828580275200601,
  "nDCG@10_ci95_low": 0.7998668361412051,
  "nDCG@10_ci95_high": 0.8310929523514408,
  "nDCG@100": 0.8299293452138888,
  "nDCG@100_std": 0.2727138801267449,
  "nDCG@100_stderr": 0.007079299595201135,
  "nDCG@100_ci90_low": 0.8182776551082207,
  "nDCG@100_ci90_high": 0.841581035319557,
  "nDCG@100_ci95_low": 0.8160428395254252,
  "nDCG@100_ci95_high": 0.8438158509023524,
  "RR@1": 0.7014824797843666,
  "RR@3": 0.7657232704402521,
  "RR@5": 0.7750224618149155,
  "RR@10": 0.781621689556326,
  "RR@100": 0.7848745044772583,
  "P@1": 0.7014824797843666,
  "P@3": 0.2944743935309929,
  "P@5": 0.18571428571428153,
  "P@10": 0.09851752021563107,
  "P@100": 0.0105323450134769,
  "R@1": 0.6804806828391734,
  "R@3": 0.8378818508535488,
  "R@5": 0.8801662174303683,
  "R@10": 0.9298629829290206,
  "R@100": 0.9903414195867025,
  "AP": 0.7803365428732358
}