{
  "nDCG@1": 0.6583557951482479,
  "nDCG@1_std": 0.4744208153178485,
  "nDCG@1_stderr": 0.012315350741494086,
  "nDCG@1_ci90_low": 0.6380861839454998,
  "nDCG@1_ci90_high": 0.6786254063509961,
  "nDCG@1_ci95_low": 0.6341984352530529,
  "nDCG@1_ci95_high": 0.682513155043443,
  "nDCG@3": 0.7381806151575502,
  "nDCG@3_std": 0.3929395760316394,
  "nDCG@3_stderr": 0.010200203158880166,
  "nDCG@3_ci90_low": 0.7213922867892052,
  "nDCG@3_ci90_high": 0.7549689435258952,
  "nDCG@3_ci95_low": 0.7181722545444055,
  "nDCG@3_ci95_high": 0.7581889757706949,
  "nDCG@5": 0.7612016450376465,
  "nDCG@5_std": 0.3618377418393454,
  "nDCG@5_stderr": 0.009392839770903029,
  "nDCG@5_ci90_low": 0.7457421413464982,
  "nDCG@5_ci90_high": 0.7766611487287949,
  "nDCG@5_ci95_low": 0.7427769801177031,
  "nDCG@5_ci95_high": 0.77962630995759,
  "nDCG@10": 0.7791709836975146,
  "nDCG@10_std": 0.33248370930187005,
  "nDCG@10_stderr": 0.008630847053247837,
  "nDCG@10_ci90_low": 0.7649656299246594,
  "nDCG@10_ci90_high": 0.7933763374703697,
  "nDCG@10_ci95_low": 0.7622410169558287,
  "nDCG@10_ci95_high": 0.7961009504392005,
  "nDCG@100": 0.797774623413202,
  "nDCG@100_std": 0.2943820056172173,
  "nDCG@100_stderr": 0.007641776107002358,
  "nDCG@100_ci90_low": 0.7851971634740793,
  "nDCG@100_ci90_high": 0.8103520833523248,
  "nDCG@100_ci95_low": 0.782784783535287,
  "nDCG@100_ci95_high": 0.8127644632911171,
  "RR@1": 0.6583557951482479,
  "RR@3": 0.724730458221025,
  "RR@5": 0.7366576819407018,
  "RR@10": 0.7436780687117618,
  "RR@100": 0.7473946378769777,
  "P@1": 0.6583557951482479,
  "P@3": 0.27807726864330273,
  "P@5": 0.17924528301886394,
  "P@10": 0.09555256064689803,
  "P@100": 0.010478436657681754,
  "R@1": 0.6386455525606469,
  "R@3": 0.7952044025157233,
  "R@5": 0.8499550763701706,
  "R@10": 0.9035826594788858,
  "R@100": 0.9852875112309074,
  "AP": 0.7410275751816016
}