{
  "nDCG@1": 0.7075471698113207,
  "nDCG@1_std": 0.4550425288921337,
  "nDCG@1_stderr": 0.011812315490096184,
  "nDCG@1_ci90_low": 0.6881054951555,
  "nDCG@1_ci90_high": 0.7269888444671414,
  "nDCG@1_ci95_low": 0.6843765462148367,
  "nDCG@1_ci95_high": 0.7307177934078047,
  "nDCG@3": 0.7867600380026409,
  "nDCG@3_std": 0.3611850427645303,
  "nDCG@3_stderr": 0.009375896547133195,
  "nDCG@3_ci90_low": 0.7713284208545188,
  "nDCG@3_ci90_high": 0.8021916551507631,
  "nDCG@3_ci95_low": 0.7683686083159429,
  "nDCG@3_ci95_high": 0.805151467689339,
  "nDCG@5": 0.8026077290590672,
  "nDCG@5_std": 0.33652906668894805,
  "nDCG@5_stderr": 0.00873585929868058,
  "nDCG@5_ci90_low": 0.7882295375464571,
  "nDCG@5_ci90_high": 0.8169859205716773,
  "nDCG@5_ci95_low": 0.7854717739813956,
  "nDCG@5_ci95_high": 0.8197436841367388,
  "nDCG@10": 0.8186290925707319,
  "nDCG@10_std": 0.306659446651613,
  "nDCG@10_stderr": 0.007960482596398897,
  "nDCG@10_ci90_low": 0.8055270794326413,
  "nDCG@10_ci90_high": 0.8317311057088225,
  "nDCG@10_ci95_low": 0.8030140892259457,
  "nDCG@10_ci95_high": 0.8342440959155181,
  "nDCG@100": 0.8327612049348487,
  "nDCG@100_std": 0.2730525874653138,
  "nDCG@100_stderr": 0.007088091999620403,
  "nDCG@100_ci90_low": 0.8210950435710852,
  "nDCG@100_ci90_high": 0.8444273662986123,
  "nDCG@100_ci95_low": 0.8188574523743829,
  "nDCG@100_ci95_high": 0.8466649574953146,
  "RR@1": 0.7075471698113207,
  "RR@3": 0.7729110512129385,
  "RR@5": 0.7808288409703512,
  "RR@10": 0.7869577076113465,
  "RR@100": 0.7898953794161178,
  "P@1": 0.7075471698113207,
  "P@3": 0.29492362982928566,
  "P@5": 0.18557951482479362,
  "P@10": 0.09831536388139925,
  "P@100": 0.01051212938005372,
  "R@1": 0.6877246181491464,
  "R@3": 0.8420934411500448,
  "R@5": 0.8796608265947887,
  "R@10": 0.9269991015274033,
  "R@100": 0.9886567834681042,
  "AP": 0.7846098029299619
}