{
  "nDCG@1": 0.7425876010781671,
  "nDCG@1_std": 0.437355862866216,
  "nDCG@1_stderr": 0.011353192516305686,
  "nDCG@1_ci90_low": 0.7239015885523438,
  "nDCG@1_ci90_high": 0.7612736136039905,
  "nDCG@1_ci95_low": 0.7203175769974273,
  "nDCG@1_ci95_high": 0.764857625158907,
  "nDCG@3": 0.8186250717855608,
  "nDCG@3_std": 0.33740610049163366,
  "nDCG@3_stderr": 0.008758625961827481,
  "nDCG@3_ci90_low": 0.8042094090372499,
  "nDCG@3_ci90_high": 0.8330407345338716,
  "nDCG@3_ci95_low": 0.8014444584202937,
  "nDCG@3_ci95_high": 0.8358056851508279,
  "nDCG@5": 0.8359156831764424,
  "nDCG@5_std": 0.3059792630629486,
  "nDCG@5_stderr": 0.007942825910198487,
  "nDCG@5_ci90_low": 0.8228427308561819,
  "nDCG@5_ci90_high": 0.8489886354967029,
  "nDCG@5_ci95_low": 0.8203353145677716,
  "nDCG@5_ci95_high": 0.8514960517851131,
  "nDCG@10": 0.8474461097986276,
  "nDCG@10_std": 0.2811689559753146,
  "nDCG@10_stderr": 0.00729878242828743,
  "nDCG@10_ci90_low": 0.8354331769004706,
  "nDCG@10_ci90_high": 0.8594590426967845,
  "nDCG@10_ci95_low": 0.833129074285965,
  "nDCG@10_ci95_high": 0.8617631453112901,
  "nDCG@100": 0.8584429550265577,
  "nDCG@100_std": 0.251898576324933,
  "nDCG@100_stderr": 0.00653896123138309,
  "nDCG@100_ci90_low": 0.8476805979802898,
  "nDCG@100_ci90_high": 0.8692053120728255,
  "nDCG@100_ci95_low": 0.8456163581132419,
  "nDCG@100_ci95_high": 0.8712695519398734,
  "RR@1": 0.7425876010781671,
  "RR@3": 0.8044699011680148,
  "RR@5": 0.8133984725965865,
  "RR@10": 0.8178266589654734,
  "RR@100": 0.8202456106250231,
  "P@1": 0.7425876010781671,
  "P@3": 0.30592991913746137,
  "P@5": 0.19258760107816253,
  "P@10": 0.10033692722371719,
  "P@100": 0.010552560646900081,
  "R@1": 0.7220911949685536,
  "R@3": 0.871069182389937,
  "R@5": 0.9123427672955974,
  "R@10": 0.9462039532794249,
  "R@100": 0.9923629829290206,
  "AP": 0.8161121975855831
}