nDCG@1,nDCG@1_std,nDCG@1_stderr,nDCG@1_ci90_low,nDCG@1_ci90_high,nDCG@1_ci95_low,nDCG@1_ci95_high,nDCG@3,nDCG@3_std,nDCG@3_stderr,nDCG@3_ci90_low,nDCG@3_ci90_high,nDCG@3_ci95_low,nDCG@3_ci95_high,nDCG@5,nDCG@5_std,nDCG@5_stderr,nDCG@5_ci90_low,nDCG@5_ci90_high,nDCG@5_ci95_low,nDCG@5_ci95_high,nDCG@10,nDCG@10_std,nDCG@10_stderr,nDCG@10_ci90_low,nDCG@10_ci90_high,nDCG@10_ci95_low,nDCG@10_ci95_high,nDCG@100,nDCG@100_std,nDCG@100_stderr,nDCG@100_ci90_low,nDCG@100_ci90_high,nDCG@100_ci95_low,nDCG@100_ci95_high,RR@1,RR@3,RR@5,RR@10,RR@100,P@1,P@3,P@5,P@10,P@100,R@1,R@3,R@5,R@10,R@100,AP
0.7425876010781671,0.437355862866216,0.011353192516305686,0.7239015885523438,0.7612736136039905,0.7203175769974273,0.764857625158907,0.8186250717855608,0.33740610049163366,0.008758625961827481,0.8042094090372499,0.8330407345338716,0.8014444584202937,0.8358056851508279,0.8359156831764424,0.3059792630629486,0.007942825910198487,0.8228427308561819,0.8489886354967029,0.8203353145677716,0.8514960517851131,0.8474461097986276,0.2811689559753146,0.00729878242828743,0.8354331769004706,0.8594590426967845,0.833129074285965,0.8617631453112901,0.8584429550265577,0.251898576324933,0.00653896123138309,0.8476805979802898,0.8692053120728255,0.8456163581132419,0.8712695519398734,0.7425876010781671,0.8044699011680148,0.8133984725965865,0.8178266589654734,0.8202456106250231,0.7425876010781671,0.30592991913746137,0.19258760107816253,0.10033692722371719,0.010552560646900081,0.7220911949685536,0.871069182389937,0.9123427672955974,0.9462039532794249,0.9923629829290206,0.8161121975855831
