nDCG@1,nDCG@1_std,nDCG@1_stderr,nDCG@1_ci90_low,nDCG@1_ci90_high,nDCG@1_ci95_low,nDCG@1_ci95_high,nDCG@3,nDCG@3_std,nDCG@3_stderr,nDCG@3_ci90_low,nDCG@3_ci90_high,nDCG@3_ci95_low,nDCG@3_ci95_high,nDCG@5,nDCG@5_std,nDCG@5_stderr,nDCG@5_ci90_low,nDCG@5_ci90_high,nDCG@5_ci95_low,nDCG@5_ci95_high,nDCG@10,nDCG@10_std,nDCG@10_stderr,nDCG@10_ci90_low,nDCG@10_ci90_high,nDCG@10_ci95_low,nDCG@10_ci95_high,nDCG@100,nDCG@100_std,nDCG@100_stderr,nDCG@100_ci90_low,nDCG@100_ci90_high,nDCG@100_ci95_low,nDCG@100_ci95_high,RR@1,RR@3,RR@5,RR@10,RR@100,P@1,P@3,P@5,P@10,P@100,R@1,R@3,R@5,R@10,R@100,AP
0.7264150943396226,0.4459486681601078,0.011576250627650875,0.7073619545360229,0.7454682341432223,0.7037075272943001,0.7491226613849451,0.8053164554781593,0.346661657816056,0.008998888258670209,0.7905053493968971,0.8201275615594216,0.7876645520216957,0.822968358934623,0.822277291540163,0.31842185564050296,0.008265819520045537,0.8086727299275652,0.8358818531527609,0.8060633499995713,0.8384912330807548,0.834738194746201,0.2928345604555825,0.0076016064320988804,0.8222268493424679,0.8472495401499341,0.8198271502931087,0.8496492391992934,0.8474017766161318,0.260524643009001,0.006762882765396393,0.8362708712004635,0.8585326820318001,0.8341359430786233,0.8606676101536404,0.7264150943396226,0.7908805031446546,0.7992362982929028,0.8040201300646048,0.8067498933371605,0.7264150943396226,0.301662174303679,0.19029649595686884,0.09946091644204608,0.010545822102425688,0.7065925426774484,0.8602875112309074,0.9005503144654087,0.9374438454627133,0.9920260557053009,0.8022813613959681
