{
  "nDCG@1": 0.7722371967654986,
  "nDCG@1_std": 0.41953010713593036,
  "nDCG@1_stderr": 0.010890458953690844,
  "nDCG@1_ci90_low": 0.7543127889719761,
  "nDCG@1_ci90_high": 0.7901616045590212,
  "nDCG@1_ci95_low": 0.7508748546048529,
  "nDCG@1_ci95_high": 0.7935995389261443,
  "nDCG@3": 0.8354532252997026,
  "nDCG@3_std": 0.32861100206947963,
  "nDCG@3_stderr": 0.008530316582522063,
  "nDCG@3_ci90_low": 0.8214133327953418,
  "nDCG@3_ci90_high": 0.8494931178040633,
  "nDCG@3_ci95_low": 0.8187204556019931,
  "nDCG@3_ci95_high": 0.852185994997412,
  "nDCG@5": 0.8507078196372923,
  "nDCG@5_std": 0.2986191059859262,
  "nDCG@5_stderr": 0.007751765752234523,
  "nDCG@5_ci90_low": 0.8379493297468525,
  "nDCG@5_ci90_high": 0.863466309527732,
  "nDCG@5_ci95_low": 0.8355022279305913,
  "nDCG@5_ci95_high": 0.8659134113439932,
  "nDCG@10": 0.8626653623490128,
  "nDCG@10_std": 0.2711312940484796,
  "nDCG@10_stderr": 0.007038217707553803,
  "nDCG@10_ci90_low": 0.8510812881730543,
  "nDCG@10_ci90_high": 0.8742494365249713,
  "nDCG@10_ci95_low": 0.8488594414498826,
  "nDCG@10_ci95_high": 0.876471283248143,
  "nDCG@100": 0.8727540148324688,
  "nDCG@100_std": 0.2435988164943815,
  "nDCG@100_stderr": 0.0063235102012361,
  "nDCG@100_ci90_low": 0.862346264707756,
  "nDCG@100_ci90_high": 0.8831617649571817,
  "nDCG@100_ci95_low": 0.8603500391001735,
  "nDCG@100_ci95_high": 0.8851579905647642,
  "RR@1": 0.7722371967654986,
  "RR@3": 0.8238993710691823,
  "RR@5": 0.8319519317160832,
  "RR@10": 0.8367170453086896,
  "RR@100": 0.8389691219196014,
  "P@1": 0.7722371967654986,
  "P@3": 0.3095238095238044,
  "P@5": 0.19366576819406542,
  "P@10": 0.1008086253369247,
  "P@100": 0.010559299191374475,
  "R@1": 0.7503930817610064,
  "R@3": 0.8799415992812218,
  "R@5": 0.9167228212039532,
  "R@10": 0.9521001796945192,
  "R@100": 0.9925876010781671,
  "AP": 0.8345910478263983
}