{
  "nDCG@1": 0.7264150943396226,
  "nDCG@1_std": 0.4459486681601078,
  "nDCG@1_stderr": 0.011576250627650875,
  "nDCG@1_ci90_low": 0.7073619545360229,
  "nDCG@1_ci90_high": 0.7454682341432223,
  "nDCG@1_ci95_low": 0.7037075272943001,
  "nDCG@1_ci95_high": 0.7491226613849451,
  "nDCG@3": 0.8053164554781593,
  "nDCG@3_std": 0.346661657816056,
  "nDCG@3_stderr": 0.008998888258670209,
  "nDCG@3_ci90_low": 0.7905053493968971,
  "nDCG@3_ci90_high": 0.8201275615594216,
  "nDCG@3_ci95_low": 0.7876645520216957,
  "nDCG@3_ci95_high": 0.822968358934623,
  "nDCG@5": 0.822277291540163,
  "nDCG@5_std": 0.31842185564050296,
  "nDCG@5_stderr": 0.008265819520045537,
  "nDCG@5_ci90_low": 0.8086727299275652,
  "nDCG@5_ci90_high": 0.8358818531527609,
  "nDCG@5_ci95_low": 0.8060633499995713,
  "nDCG@5_ci95_high": 0.8384912330807548,
  "nDCG@10": 0.834738194746201,
  "nDCG@10_std": 0.2928345604555825,
  "nDCG@10_stderr": 0.0076016064320988804,
  "nDCG@10_ci90_low": 0.8222268493424679,
  "nDCG@10_ci90_high": 0.8472495401499341,
  "nDCG@10_ci95_low": 0.8198271502931087,
  "nDCG@10_ci95_high": 0.8496492391992934,
  "nDCG@100": 0.8474017766161318,
  "nDCG@100_std": 0.260524643009001,
  "nDCG@100_stderr": 0.006762882765396393,
  "nDCG@100_ci90_low": 0.8362708712004635,
  "nDCG@100_ci90_high": 0.8585326820318001,
  "nDCG@100_ci95_low": 0.8341359430786233,
  "nDCG@100_ci95_high": 0.8606676101536404,
  "RR@1": 0.7264150943396226,
  "RR@3": 0.7908805031446546,
  "RR@5": 0.7992362982929028,
  "RR@10": 0.8040201300646048,
  "RR@100": 0.8067498933371605,
  "P@1": 0.7264150943396226,
  "P@3": 0.301662174303679,
  "P@5": 0.19029649595686884,
  "P@10": 0.09946091644204608,
  "P@100": 0.010545822102425688,
  "R@1": 0.7065925426774484,
  "R@3": 0.8602875112309074,
  "R@5": 0.9005503144654087,
  "R@10": 0.9374438454627133,
  "R@100": 0.9920260557053009,
  "AP": 0.8022813613959681
}