nDCG@1,nDCG@1_std,nDCG@1_stderr,nDCG@1_ci90_low,nDCG@1_ci90_high,nDCG@1_ci95_low,nDCG@1_ci95_high,nDCG@3,nDCG@3_std,nDCG@3_stderr,nDCG@3_ci90_low,nDCG@3_ci90_high,nDCG@3_ci95_low,nDCG@3_ci95_high,nDCG@5,nDCG@5_std,nDCG@5_stderr,nDCG@5_ci90_low,nDCG@5_ci90_high,nDCG@5_ci95_low,nDCG@5_ci95_high,nDCG@10,nDCG@10_std,nDCG@10_stderr,nDCG@10_ci90_low,nDCG@10_ci90_high,nDCG@10_ci95_low,nDCG@10_ci95_high,nDCG@100,nDCG@100_std,nDCG@100_stderr,nDCG@100_ci90_low,nDCG@100_ci90_high,nDCG@100_ci95_low,nDCG@100_ci95_high,RR@1,RR@3,RR@5,RR@10,RR@100,P@1,P@3,P@5,P@10,P@100,R@1,R@3,R@5,R@10,R@100,AP
0.7722371967654986,0.41953010713593036,0.010890458953690844,0.7543127889719761,0.7901616045590212,0.7508748546048529,0.7935995389261443,0.8354532252997026,0.32861100206947963,0.008530316582522063,0.8214133327953418,0.8494931178040633,0.8187204556019931,0.852185994997412,0.8507078196372923,0.2986191059859262,0.007751765752234523,0.8379493297468525,0.863466309527732,0.8355022279305913,0.8659134113439932,0.8626653623490128,0.2711312940484796,0.007038217707553803,0.8510812881730543,0.8742494365249713,0.8488594414498826,0.876471283248143,0.8727540148324688,0.2435988164943815,0.0063235102012361,0.862346264707756,0.8831617649571817,0.8603500391001735,0.8851579905647642,0.7722371967654986,0.8238993710691823,0.8319519317160832,0.8367170453086896,0.8389691219196014,0.7722371967654986,0.3095238095238044,0.19366576819406542,0.1008086253369247,0.010559299191374475,0.7503930817610064,0.8799415992812218,0.9167228212039532,0.9521001796945192,0.9925876010781671,0.8345910478263983
