nDCG@1,nDCG@1_std,nDCG@1_stderr,nDCG@1_ci90_low,nDCG@1_ci90_high,nDCG@1_ci95_low,nDCG@1_ci95_high,nDCG@3,nDCG@3_std,nDCG@3_stderr,nDCG@3_ci90_low,nDCG@3_ci90_high,nDCG@3_ci95_low,nDCG@3_ci95_high,nDCG@5,nDCG@5_std,nDCG@5_stderr,nDCG@5_ci90_low,nDCG@5_ci90_high,nDCG@5_ci95_low,nDCG@5_ci95_high,nDCG@10,nDCG@10_std,nDCG@10_stderr,nDCG@10_ci90_low,nDCG@10_ci90_high,nDCG@10_ci95_low,nDCG@10_ci95_high,nDCG@100,nDCG@100_std,nDCG@100_stderr,nDCG@100_ci90_low,nDCG@100_ci90_high,nDCG@100_ci95_low,nDCG@100_ci95_high,RR@1,RR@3,RR@5,RR@10,RR@100,P@1,P@3,P@5,P@10,P@100,R@1,R@3,R@5,R@10,R@100,AP
0.6954177897574124,0.46038539732821854,0.011951009444137722,0.6757478412518569,0.7150877382629679,0.6719751089671547,0.7188604705476701,0.7775208733471657,0.36618057760849504,0.009505574170370623,0.7618758221637576,0.7931659245305738,0.7588750725848356,0.7961666741094958,0.791746268562988,0.3443988744969494,0.008940149330429612,0.7770318398125542,0.8064606973134218,0.7742095853271378,0.8092829517988382,0.8087349228295466,0.3148696036403265,0.00817360765266565,0.7952821310478941,0.8221877146111991,0.7927018608524901,0.8247679848066032,0.8242240785720192,0.2792507142111964,0.007248987353178277,0.8122931024799216,0.8361550546641168,0.8100047193314881,0.8384434378125503,0.6954177897574124,0.7631401617250678,0.7704177897574132,0.7767191310486464,0.7799191137421438,0.6954177897574124,0.29222821203952837,0.18315363881401198,0.09750673854447207,0.010498652291104934,0.6759321653189577,0.8351302785265049,0.8692160826594788,0.9189128481581311,0.9873090745732254,0.7741778037230027
