nDCG@1,nDCG@3,nDCG@5,nDCG@10,nDCG@100,RR@1,RR@3,RR@5,RR@10,RR@100,P@1,P@3,P@5,P@10,P@100,R@1,R@3,R@5,R@10,R@100,AP
0.08355795148247978,0.12727474021767493,0.14681113437970836,0.172778512955023,0.2280736919371992,0.08288409703504043,0.11725067385444751,0.12772911051212946,0.13898141017413246,0.14902464784621716,0.08355795148247978,0.054806828391734,0.04258760107816736,0.029514824797843897,0.005815363881401524,0.08176100628930817,0.16026504941599282,0.20777178796046722,0.2865004492362983,0.5578953279424977,0.1466693769781299
