{
  "nDCG@1": 0.1408355795148248,
  "nDCG@3": 0.21137231851847213,
  "nDCG@5": 0.24397451386677926,
  "nDCG@10": 0.2771916083582853,
  "nDCG@100": 0.3408109065698802,
  "RR@1": 0.1408355795148248,
  "RR@3": 0.19575471698113212,
  "RR@5": 0.21381401617250645,
  "RR@10": 0.22777269712916576,
  "RR@100": 0.23933345249064505,
  "P@1": 0.1408355795148248,
  "P@3": 0.09007187780772649,
  "P@5": 0.07035040431266909,
  "P@10": 0.045822102425876296,
  "P@100": 0.00789757412398908,
  "R@1": 0.1373539982030548,
  "R@3": 0.2634770889487871,
  "R@5": 0.3432165318957772,
  "R@10": 0.44401392632524705,
  "R@100": 0.753032345013477,
  "AP": 0.23557217560657942
}