{
  "nDCG@1": 0.10107816711590296,
  "nDCG@1_std": 0.3015338121565214,
  "nDCG@1_stderr": 0.007827427754491375,
  "nDCG@1_ci90_low": 0.08819514651572057,
  "nDCG@1_ci90_high": 0.11396118771608536,
  "nDCG@1_ci95_low": 0.08572415948039276,
  "nDCG@1_ci95_high": 0.11643217475141317,
  "nDCG@3": 0.14934930018600032,
  "nDCG@3_std": 0.32464550730432945,
  "nDCG@3_stderr": 0.00842737746745886,
  "nDCG@3_ci90_low": 0.13547883329392482,
  "nDCG@3_ci90_high": 0.1632197670780758,
  "nDCG@3_ci95_low": 0.13281845224448546,
  "nDCG@3_ci95_high": 0.16588014812751517,
  "nDCG@5": 0.17268290328029642,
  "nDCG@5_std": 0.3276425378048376,
  "nDCG@5_stderr": 0.008505176502840528,
  "nDCG@5_ci90_low": 0.15868438837462906,
  "nDCG@5_ci90_high": 0.1866814181859638,
  "nDCG@5_ci95_low": 0.15599944748077865,
  "nDCG@5_ci95_high": 0.1893663590798142,
  "nDCG@10": 0.20216813096686945,
  "nDCG@10_std": 0.3256677538192,
  "nDCG@10_stderr": 0.008453913664793426,
  "nDCG@10_ci90_low": 0.18825398863151496,
  "nDCG@10_ci90_high": 0.21608227330222393,
  "nDCG@10_ci95_low": 0.18558523055176152,
  "nDCG@10_ci95_high": 0.21875103138197738,
  "nDCG@100": 0.25831478043376327,
  "nDCG@100_std": 0.30334343510803863,
  "nDCG@100_stderr": 0.007874403225714874,
  "nDCG@100_ci90_low": 0.24535444376213858,
  "nDCG@100_ci90_high": 0.271275117105388,
  "nDCG@100_ci95_low": 0.24286862736216988,
  "nDCG@100_ci95_high": 0.2737609335053567,
  "RR@1": 0.10175202156334232,
  "RR@3": 0.1383647798742139,
  "RR@5": 0.15126909254267745,
  "RR@10": 0.16406965301843987,
  "RR@100": 0.17396981852856178,
  "P@1": 0.10107816711590296,
  "P@3": 0.06311769991015258,
  "P@5": 0.04946091644204885,
  "P@10": 0.034231805929919444,
  "P@100": 0.006367924528301783,
  "R@1": 0.09928122192273134,
  "R@3": 0.1851976639712489,
  "R@5": 0.2421383647798742,
  "R@10": 0.3318733153638814,
  "R@100": 0.6094451931716083,
  "AP": 0.17102899875857655
}