nDCG@1,nDCG@3,nDCG@5,nDCG@10,nDCG@100,RR@1,RR@3,RR@5,RR@10,RR@100,P@1,P@3,P@5,P@10,P@100,R@1,R@3,R@5,R@10,R@100,AP
0.13409703504043127,0.20958459686711314,0.23942005995902638,0.27250934552430567,0.33744707765324344,0.13409703504043127,0.19261006289308177,0.20928796046720546,0.22307684079921256,0.2350232338833618,0.13409703504043127,0.09052111410601942,0.0692722371967661,0.04535040431266877,0.007904312668463476,0.13095238095238096,0.26549865229110514,0.33816262353998205,0.43862309074573225,0.7525269541778976,0.23148261112971982
