{
  "nDCG@1": 0.13746630727762804,
  "nDCG@1_std": 0.3444550391299843,
  "nDCG@1_stderr": 0.008941607291658884,
  "nDCG@1_ci90_low": 0.12274947889539432,
  "nDCG@1_ci90_high": 0.15218313565986175,
  "nDCG@1_ci95_low": 0.11992676415618722,
  "nDCG@1_ci95_high": 0.15500585039906886,
  "nDCG@3": 0.20750962927385572,
  "nDCG@3_std": 0.3650440916649332,
  "nDCG@3_stderr": 0.009476072465226498,
  "nDCG@3_ci90_low": 0.1919131344089514,
  "nDCG@3_ci90_high": 0.22310612413876002,
  "nDCG@3_ci95_low": 0.18892169802118458,
  "nDCG@3_ci95_high": 0.22609756052652685,
  "nDCG@5": 0.23742226076973194,
  "nDCG@5_std": 0.3633932354886121,
  "nDCG@5_stderr": 0.009433218374135374,
  "nDCG@5_ci90_low": 0.2218962986718675,
  "nDCG@5_ci90_high": 0.2529482228675964,
  "nDCG@5_ci95_low": 0.21891839059848675,
  "nDCG@5_ci95_high": 0.2559261309409771,
  "nDCG@10": 0.27204627451595736,
  "nDCG@10_std": 0.3547985553273287,
  "nDCG@10_stderr": 0.009210111593657684,
  "nDCG@10_ci90_low": 0.25688751979950697,
  "nDCG@10_ci90_high": 0.28720502923240776,
  "nDCG@10_ci95_low": 0.2539800427769574,
  "nDCG@10_ci95_high": 0.2901125062549573,
  "nDCG@100": 0.3358165161652388,
  "nDCG@100_std": 0.31827384097281597,
  "nDCG@100_stderr": 0.008261977250717135,
  "nDCG@100_ci90_low": 0.3222182784736609,
  "nDCG@100_ci90_high": 0.34941475385681664,
  "nDCG@100_ci95_low": 0.31961011148534463,
  "nDCG@100_ci95_high": 0.3520229208451329,
  "RR@1": 0.13746630727762804,
  "RR@3": 0.1913746630727763,
  "RR@5": 0.2080862533692719,
  "RR@10": 0.2226760043640094,
  "RR@100": 0.23444983217670282,
  "P@1": 0.13746630727762804,
  "P@3": 0.08849955076370129,
  "P@5": 0.06805929919137525,
  "P@10": 0.04528301886792484,
  "P@100": 0.007843665768193935,
  "R@1": 0.13432165318957773,
  "R@3": 0.259433962264151,
  "R@5": 0.33209793351302785,
  "R@10": 0.43794923629829285,
  "R@100": 0.7462938005390836,
  "AP": 0.23119000565955727
}