{
  "nDCG@1": 0.1347708894878706,
  "nDCG@3": 0.20395429629645015,
  "nDCG@5": 0.23732067610561705,
  "nDCG@10": 0.2679655546902561,
  "nDCG@100": 0.3313617954480337,
  "RR@1": 0.1347708894878706,
  "RR@3": 0.1878930817610063,
  "RR@5": 0.20686208445642373,
  "RR@10": 0.21985196594360973,
  "RR@100": 0.23160707599386562,
  "P@1": 0.1347708894878706,
  "P@3": 0.0869272237196761,
  "P@5": 0.06900269541779036,
  "P@10": 0.044407008086253724,
  "P@100": 0.007722371967654854,
  "R@1": 0.13162623539982032,
  "R@3": 0.2548292902066487,
  "R@5": 0.336141060197664,
  "R@10": 0.42986298292902064,
  "R@100": 0.7346698113207547,
  "AP": 0.22801488376659051
}