{
  "nDCG@1": 0.13409703504043127,
  "nDCG@1_std": 0.34087140921120973,
  "nDCG@1_stderr": 0.008848580894096937,
  "nDCG@1_ci90_low": 0.11953331710951583,
  "nDCG@1_ci90_high": 0.14866075297134673,
  "nDCG@1_ci95_low": 0.11673996923635062,
  "nDCG@1_ci95_high": 0.1514541008445119,
  "nDCG@3": 0.20958459686711314,
  "nDCG@3_std": 0.3632412614825057,
  "nDCG@3_stderr": 0.009429273325502682,
  "nDCG@3_ci90_low": 0.19406512785285138,
  "nDCG@3_ci90_high": 0.2251040658813749,
  "nDCG@3_ci95_low": 0.1910884651648425,
  "nDCG@3_ci95_high": 0.22808072856938377,
  "nDCG@5": 0.23942005995902638,
  "nDCG@5_std": 0.36138211381641727,
  "nDCG@5_stderr": 0.009381012256745046,
  "nDCG@5_ci90_low": 0.2239800229577442,
  "nDCG@5_ci90_high": 0.2548600969603086,
  "nDCG@5_ci95_low": 0.22101859547585304,
  "nDCG@5_ci95_high": 0.2578215244421997,
  "nDCG@10": 0.27250934552430567,
  "nDCG@10_std": 0.3533797479848287,
  "nDCG@10_stderr": 0.009173281190156549,
  "nDCG@10_ci90_low": 0.25741120929733874,
  "nDCG@10_ci90_high": 0.2876074817512726,
  "nDCG@10_ci95_low": 0.2545153590125135,
  "nDCG@10_ci95_high": 0.29050333203609785,
  "nDCG@100": 0.33744707765324344,
  "nDCG@100_std": 0.3157733122831981,
  "nDCG@100_stderr": 0.008197066760162077,
  "nDCG@100_ci90_low": 0.3239556749543628,
  "nDCG@100_ci90_high": 0.3509384803521241,
  "nDCG@100_ci95_low": 0.3213679991140518,
  "nDCG@100_ci95_high": 0.3535261561924351,
  "RR@1": 0.13409703504043127,
  "RR@3": 0.19261006289308177,
  "RR@5": 0.20928796046720546,
  "RR@10": 0.22307684079921256,
  "RR@100": 0.2350232338833618,
  "P@1": 0.13409703504043127,
  "P@3": 0.09052111410601942,
  "P@5": 0.0692722371967661,
  "P@10": 0.04535040431266877,
  "P@100": 0.007904312668463476,
  "R@1": 0.13095238095238096,
  "R@3": 0.26549865229110514,
  "R@5": 0.33816262353998205,
  "R@10": 0.43862309074573225,
  "R@100": 0.7525269541778976,
  "AP": 0.23148261112971982
}