nDCG@1,nDCG@3,nDCG@5,nDCG@10,nDCG@100,RR@1,RR@3,RR@5,RR@10,RR@100,P@1,P@3,P@5,P@10,P@100,R@1,R@3,R@5,R@10,R@100,AP
0.1408355795148248,0.21137231851847213,0.24397451386677926,0.2771916083582853,0.3408109065698802,0.1408355795148248,0.19575471698113212,0.21381401617250645,0.22777269712916576,0.23933345249064505,0.1408355795148248,0.09007187780772649,0.07035040431266909,0.045822102425876296,0.00789757412398908,0.1373539982030548,0.2634770889487871,0.3432165318957772,0.44401392632524705,0.753032345013477,0.23557217560657942
