nDCG@1,nDCG@1_std,nDCG@1_stderr,nDCG@1_ci90_low,nDCG@1_ci90_high,nDCG@1_ci95_low,nDCG@1_ci95_high,nDCG@3,nDCG@3_std,nDCG@3_stderr,nDCG@3_ci90_low,nDCG@3_ci90_high,nDCG@3_ci95_low,nDCG@3_ci95_high,nDCG@5,nDCG@5_std,nDCG@5_stderr,nDCG@5_ci90_low,nDCG@5_ci90_high,nDCG@5_ci95_low,nDCG@5_ci95_high,nDCG@10,nDCG@10_std,nDCG@10_stderr,nDCG@10_ci90_low,nDCG@10_ci90_high,nDCG@10_ci95_low,nDCG@10_ci95_high,nDCG@100,nDCG@100_std,nDCG@100_stderr,nDCG@100_ci90_low,nDCG@100_ci90_high,nDCG@100_ci95_low,nDCG@100_ci95_high,RR@1,RR@3,RR@5,RR@10,RR@100,P@1,P@3,P@5,P@10,P@100,R@1,R@3,R@5,R@10,R@100,AP
0.10107816711590296,0.3015338121565214,0.007827427754491375,0.08819514651572057,0.11396118771608536,0.08572415948039276,0.11643217475141317,0.14934930018600032,0.32464550730432945,0.00842737746745886,0.13547883329392482,0.1632197670780758,0.13281845224448546,0.16588014812751517,0.17268290328029642,0.3276425378048376,0.008505176502840528,0.15868438837462906,0.1866814181859638,0.15599944748077865,0.1893663590798142,0.20216813096686945,0.3256677538192,0.008453913664793426,0.18825398863151496,0.21608227330222393,0.18558523055176152,0.21875103138197738,0.25831478043376327,0.30334343510803863,0.007874403225714874,0.24535444376213858,0.271275117105388,0.24286862736216988,0.2737609335053567,0.10175202156334232,0.1383647798742139,0.15126909254267745,0.16406965301843987,0.17396981852856178,0.10107816711590296,0.06311769991015258,0.04946091644204885,0.034231805929919444,0.006367924528301783,0.09928122192273134,0.1851976639712489,0.2421383647798742,0.3318733153638814,0.6094451931716083,0.17102899875857655
