{
  "nDCG@1": 0.08355795148247978,
  "nDCG@3": 0.12727474021767493,
  "nDCG@5": 0.14681113437970836,
  "nDCG@10": 0.172778512955023,
  "nDCG@100": 0.2280736919371992,
  "RR@1": 0.08288409703504043,
  "RR@3": 0.11725067385444751,
  "RR@5": 0.12772911051212946,
  "RR@10": 0.13898141017413246,
  "RR@100": 0.14902464784621716,
  "P@1": 0.08355795148247978,
  "P@3": 0.054806828391734,
  "P@5": 0.04258760107816736,
  "P@10": 0.029514824797843897,
  "P@100": 0.005815363881401524,
  "R@1": 0.08176100628930817,
  "R@3": 0.16026504941599282,
  "R@5": 0.20777178796046722,
  "R@10": 0.2865004492362983,
  "R@100": 0.5578953279424977,
  "AP": 0.1466693769781299
}