nDCG@1,nDCG@3,nDCG@5,nDCG@10,nDCG@100,RR@1,RR@3,RR@5,RR@10,RR@100,P@1,P@3,P@5,P@10,P@100,R@1,R@3,R@5,R@10,R@100,AP
0.12129380053908356,0.18328334114680156,0.21084569153019853,0.24277684054705675,0.3050280296171238,0.12061994609164421,0.1689128481581313,0.18451257861635212,0.19824583921618938,0.20951359477330955,0.12129380053908356,0.07794249775381813,0.06024258760107865,0.04036388140161764,0.007284366576819283,0.11915992812219228,0.22854896675651393,0.2949236298292902,0.39173405211141055,0.696484725965858,0.20657043190193403
