{
  "nDCG@1": 0.13409703504043127,
  "nDCG@3": 0.20958459686711314,
  "nDCG@5": 0.23942005995902638,
  "nDCG@10": 0.27250934552430567,
  "nDCG@100": 0.33744707765324344,
  "RR@1": 0.13409703504043127,
  "RR@3": 0.19261006289308177,
  "RR@5": 0.20928796046720546,
  "RR@10": 0.22307684079921256,
  "RR@100": 0.2350232338833618,
  "P@1": 0.13409703504043127,
  "P@3": 0.09052111410601942,
  "P@5": 0.0692722371967661,
  "P@10": 0.04535040431266877,
  "P@100": 0.007904312668463476,
  "R@1": 0.13095238095238096,
  "R@3": 0.26549865229110514,
  "R@5": 0.33816262353998205,
  "R@10": 0.43862309074573225,
  "R@100": 0.7525269541778976,
  "AP": 0.23148261112971982
}