{
  "nDCG@1": 0.12129380053908356,
  "nDCG@3": 0.18328334114680156,
  "nDCG@5": 0.21084569153019853,
  "nDCG@10": 0.24277684054705675,
  "nDCG@100": 0.3050280296171238,
  "RR@1": 0.12061994609164421,
  "RR@3": 0.1689128481581313,
  "RR@5": 0.18451257861635212,
  "RR@10": 0.19824583921618938,
  "RR@100": 0.20951359477330955,
  "P@1": 0.12129380053908356,
  "P@3": 0.07794249775381813,
  "P@5": 0.06024258760107865,
  "P@10": 0.04036388140161764,
  "P@100": 0.007284366576819283,
  "R@1": 0.11915992812219228,
  "R@3": 0.22854896675651393,
  "R@5": 0.2949236298292902,
  "R@10": 0.39173405211141055,
  "R@100": 0.696484725965858,
  "AP": 0.20657043190193403
}