{
  "nDCG@1": 0.1347708894878706,
  "nDCG@1_std": 0.3415938032730425,
  "nDCG@1_stderr": 0.008867333309585036,
  "nDCG@1_ci90_low": 0.12017630729827226,
  "nDCG@1_ci90_high": 0.14936547167746897,
  "nDCG@1_ci95_low": 0.11737703960355066,
  "nDCG@1_ci95_high": 0.15216473937219055,
  "nDCG@3": 0.20395429629645015,
  "nDCG@3_std": 0.36246916145868746,
  "nDCG@3_stderr": 0.009409230607532,
  "nDCG@3_ci90_low": 0.1884678152261974,
  "nDCG@3_ci90_high": 0.2194407773667029,
  "nDCG@3_ci95_low": 0.18549747968649472,
  "nDCG@3_ci95_high": 0.22241111290640558,
  "nDCG@5": 0.23732067610561705,
  "nDCG@5_std": 0.3606471059254171,
  "nDCG@5_stderr": 0.009361932402566707,
  "nDCG@5_ci90_low": 0.22191204228838685,
  "nDCG@5_ci90_high": 0.25272930992284726,
  "nDCG@5_ci95_low": 0.21895663799492868,
  "nDCG@5_ci95_high": 0.25568471421630545,
  "nDCG@10": 0.2679655546902561,
  "nDCG@10_std": 0.3532628855925401,
  "nDCG@10_stderr": 0.009170247593604592,
  "nDCG@10_ci90_low": 0.2528724114045334,
  "nDCG@10_ci90_high": 0.2830586979759788,
  "nDCG@10_ci95_low": 0.24997751877501784,
  "nDCG@10_ci95_high": 0.2859535906054944,
  "nDCG@100": 0.3313617954480337,
  "nDCG@100_std": 0.3177199468100781,
  "nDCG@100_stderr": 0.00824759887466883,
  "nDCG@100_ci90_low": 0.31778722286338973,
  "nDCG@100_ci90_high": 0.34493636803267763,
  "nDCG@100_ci95_low": 0.3151835948860894,
  "nDCG@100_ci95_high": 0.347539996009978,
  "RR@1": 0.1347708894878706,
  "RR@3": 0.1878930817610063,
  "RR@5": 0.20686208445642373,
  "RR@10": 0.21985196594360973,
  "RR@100": 0.23160707599386562,
  "P@1": 0.1347708894878706,
  "P@3": 0.0869272237196761,
  "P@5": 0.06900269541779036,
  "P@10": 0.044407008086253724,
  "P@100": 0.007722371967654854,
  "R@1": 0.13162623539982032,
  "R@3": 0.2548292902066487,
  "R@5": 0.336141060197664,
  "R@10": 0.42986298292902064,
  "R@100": 0.7346698113207547,
  "AP": 0.22801488376659051
}