{
  "nDCG@1": 0.1408355795148248,
  "nDCG@1_std": 0.34796912369651967,
  "nDCG@1_stderr": 0.009032828381827871,
  "nDCG@1_ci90_low": 0.1259686120037893,
  "nDCG@1_ci90_high": 0.1557025470258603,
  "nDCG@1_ci95_low": 0.12311710030366146,
  "nDCG@1_ci95_high": 0.15855405872598816,
  "nDCG@3": 0.21137231851847213,
  "nDCG@3_std": 0.36715362039993676,
  "nDCG@3_stderr": 0.009530833102685932,
  "nDCG@3_ci90_low": 0.19568569411898806,
  "nDCG@3_ci90_high": 0.2270589429179562,
  "nDCG@3_ci95_low": 0.19267697072079423,
  "nDCG@3_ci95_high": 0.23006766631615003,
  "nDCG@5": 0.24397451386677926,
  "nDCG@5_std": 0.36486299825943025,
  "nDCG@5_stderr": 0.009471371514649012,
  "nDCG@5_ci90_low": 0.22838575621070392,
  "nDCG@5_ci90_high": 0.2595632715228546,
  "nDCG@5_ci95_low": 0.22539580383381463,
  "nDCG@5_ci95_high": 0.2625532238997439,
  "nDCG@10": 0.2771916083582853,
  "nDCG@10_std": 0.3564914702234151,
  "nDCG@10_stderr": 0.009254057474714434,
  "nDCG@10_ci90_low": 0.2619605239176005,
  "nDCG@10_ci90_high": 0.29242269279897015,
  "nDCG@10_ci95_low": 0.2590391739209714,
  "nDCG@10_ci95_high": 0.2953440427955992,
  "nDCG@100": 0.3408109065698802,
  "nDCG@100_std": 0.3190965451714754,
  "nDCG@100_stderr": 0.008283333587614374,
  "nDCG@100_ci90_low": 0.3271775188728573,
  "nDCG@100_ci90_high": 0.35444429426690316,
  "nDCG@100_ci95_low": 0.32456261004887665,
  "nDCG@100_ci95_high": 0.3570592030908838,
  "RR@1": 0.1408355795148248,
  "RR@3": 0.19575471698113212,
  "RR@5": 0.21381401617250645,
  "RR@10": 0.22777269712916576,
  "RR@100": 0.23933345249064505,
  "P@1": 0.1408355795148248,
  "P@3": 0.09007187780772649,
  "P@5": 0.07035040431266909,
  "P@10": 0.045822102425876296,
  "P@100": 0.00789757412398908,
  "R@1": 0.1373539982030548,
  "R@3": 0.2634770889487871,
  "R@5": 0.3432165318957772,
  "R@10": 0.44401392632524705,
  "R@100": 0.753032345013477,
  "AP": 0.23557217560657942
}