nDCG@1,nDCG@1_std,nDCG@1_stderr,nDCG@1_ci90_low,nDCG@1_ci90_high,nDCG@1_ci95_low,nDCG@1_ci95_high,nDCG@3,nDCG@3_std,nDCG@3_stderr,nDCG@3_ci90_low,nDCG@3_ci90_high,nDCG@3_ci95_low,nDCG@3_ci95_high,nDCG@5,nDCG@5_std,nDCG@5_stderr,nDCG@5_ci90_low,nDCG@5_ci90_high,nDCG@5_ci95_low,nDCG@5_ci95_high,nDCG@10,nDCG@10_std,nDCG@10_stderr,nDCG@10_ci90_low,nDCG@10_ci90_high,nDCG@10_ci95_low,nDCG@10_ci95_high,nDCG@100,nDCG@100_std,nDCG@100_stderr,nDCG@100_ci90_low,nDCG@100_ci90_high,nDCG@100_ci95_low,nDCG@100_ci95_high,RR@1,RR@3,RR@5,RR@10,RR@100,P@1,P@3,P@5,P@10,P@100,R@1,R@3,R@5,R@10,R@100,AP
0.13409703504043127,0.34087140921120973,0.008848580894096937,0.11953331710951583,0.14866075297134673,0.11673996923635062,0.1514541008445119,0.20958459686711314,0.3632412614825057,0.009429273325502682,0.19406512785285138,0.2251040658813749,0.1910884651648425,0.22808072856938377,0.23942005995902638,0.36138211381641727,0.009381012256745046,0.2239800229577442,0.2548600969603086,0.22101859547585304,0.2578215244421997,0.27250934552430567,0.3533797479848287,0.009173281190156549,0.25741120929733874,0.2876074817512726,0.2545153590125135,0.29050333203609785,0.33744707765324344,0.3157733122831981,0.008197066760162077,0.3239556749543628,0.3509384803521241,0.3213679991140518,0.3535261561924351,0.13409703504043127,0.19261006289308177,0.20928796046720546,0.22307684079921256,0.2350232338833618,0.13409703504043127,0.09052111410601942,0.0692722371967661,0.04535040431266877,0.007904312668463476,0.13095238095238096,0.26549865229110514,0.33816262353998205,0.43862309074573225,0.7525269541778976,0.23148261112971982
