{
  "nDCG@1": 0.7715633423180593,
  "nDCG@1_std": 0.41996690381579094,
  "nDCG@1_stderr": 0.01090179763053958,
  "nDCG@1_ci90_low": 0.7536202724030835,
  "nDCG@1_ci90_high": 0.7895064122330352,
  "nDCG@1_ci95_low": 0.7501787586067571,
  "nDCG@1_ci95_high": 0.7929479260293616,
  "nDCG@3": 0.8389860493026053,
  "nDCG@3_std": 0.3193143883494192,
  "nDCG@3_stderr": 0.00828898851475163,
  "nDCG@3_ci90_low": 0.8253433542641304,
  "nDCG@3_ci90_high": 0.8526287443410803,
  "nDCG@3_ci95_low": 0.8227266602749486,
  "nDCG@3_ci95_high": 0.8552454383302621,
  "nDCG@5": 0.8537618379062406,
  "nDCG@5_std": 0.2908383732534033,
  "nDCG@5_stderr": 0.007549787994233653,
  "nDCG@5_ci90_low": 0.8413357795244291,
  "nDCG@5_ci90_high": 0.8661878962880522,
  "nDCG@5_ci95_low": 0.8389524386826666,
  "nDCG@5_ci95_high": 0.8685712371298147,
  "nDCG@10": 0.8666578329753919,
  "nDCG@10_std": 0.2602981182757232,
  "nDCG@10_stderr": 0.006757002476311541,
  "nDCG@10_ci90_low": 0.8555366058202954,
  "nDCG@10_ci90_high": 0.8777790601304883,
  "nDCG@10_ci95_low": 0.8534035340066255,
  "nDCG@10_ci95_high": 0.8799121319441583,
  "nDCG@100": 0.8743618958086944,
  "nDCG@100_std": 0.2381836499356122,
  "nDCG@100_stderr": 0.006182939481441326,
  "nDCG@100_ci90_low": 0.8641855084682448,
  "nDCG@100_ci90_high": 0.884538283149144,
  "nDCG@100_ci95_low": 0.8622336586680226,
  "nDCG@100_ci95_high": 0.8864901329493662,
  "RR@1": 0.77088948787062,
  "RR@3": 0.8274932614555253,
  "RR@5": 0.8346024258760109,
  "RR@10": 0.8395707654130833,
  "RR@100": 0.8411527131815266,
  "P@1": 0.7715633423180593,
  "P@3": 0.3117699910152688,
  "P@5": 0.195148247978432,
  "P@10": 0.10188679245282764,
  "P@100": 0.01057277628032326,
  "R@1": 0.7480345911949686,
  "R@3": 0.8881963162623541,
  "R@5": 0.9232929020664868,
  "R@10": 0.9610849056603774,
  "R@100": 0.9939353099730458,
  "AP": 0.8356864613404432
}