nDCG@1,nDCG@1_std,nDCG@1_stderr,nDCG@1_ci90_low,nDCG@1_ci90_high,nDCG@1_ci95_low,nDCG@1_ci95_high,nDCG@3,nDCG@3_std,nDCG@3_stderr,nDCG@3_ci90_low,nDCG@3_ci90_high,nDCG@3_ci95_low,nDCG@3_ci95_high,nDCG@5,nDCG@5_std,nDCG@5_stderr,nDCG@5_ci90_low,nDCG@5_ci90_high,nDCG@5_ci95_low,nDCG@5_ci95_high,nDCG@10,nDCG@10_std,nDCG@10_stderr,nDCG@10_ci90_low,nDCG@10_ci90_high,nDCG@10_ci95_low,nDCG@10_ci95_high,nDCG@100,nDCG@100_std,nDCG@100_stderr,nDCG@100_ci90_low,nDCG@100_ci90_high,nDCG@100_ci95_low,nDCG@100_ci95_high,RR@1,RR@3,RR@5,RR@10,RR@100,P@1,P@3,P@5,P@10,P@100,R@1,R@3,R@5,R@10,R@100,AP
0.75,0.4331586694345053,0.011244238803541666,0.7314933124031356,0.7685066875968644,0.7279436956992652,0.7720563043007348,0.822648748886815,0.33273346140524157,0.008637330294817636,0.8084327244648885,0.8368647733087416,0.805706064845949,0.8395914329276811,0.8385632602734877,0.3041109757865308,0.00789432758897803,0.8255701304557088,0.8515563900912666,0.8230780242700206,0.8540484962769548,0.853477516664395,0.2709476860617816,0.007033451481700897,0.8419012871326509,0.8650537461961391,0.8396809450266611,0.8672740883021288,0.8618153373226092,0.24845366683564965,0.006449535836747313,0.8512001639026113,0.872430510742607,0.8491641541256651,0.8744665205195532,0.75,0.8105345911949684,0.8184523809523809,0.8241964553116842,0.8258678948262661,0.75,0.30660377358490076,0.1925876010781626,0.10128032345013223,0.010545822102425688,0.7279874213836479,0.8744946091644205,0.9121743036837375,0.9560309973045822,0.9917452830188679,0.8199548426667075
