{
  "nDCG@1": 0.7230458221024259,
  "nDCG@1_std": 0.4476444928344382,
  "nDCG@1_stderr": 0.01162027204278728,
  "nDCG@1_ci90_low": 0.7039202282544275,
  "nDCG@1_ci90_high": 0.7421714159504242,
  "nDCG@1_ci95_low": 0.700251904193789,
  "nDCG@1_ci95_high": 0.7458397400110627,
  "nDCG@3": 0.7970422979431709,
  "nDCG@3_std": 0.3546232153561016,
  "nDCG@3_stderr": 0.009205559994792407,
  "nDCG@3_ci90_low": 0.78189103462029,
  "nDCG@3_ci90_high": 0.8121935612660519,
  "nDCG@3_ci95_low": 0.7789849944607993,
  "nDCG@3_ci95_high": 0.8150996014255426,
  "nDCG@5": 0.8161014492965089,
  "nDCG@5_std": 0.32266561602097904,
  "nDCG@5_stderr": 0.008375982050569001,
  "nDCG@5_ci90_low": 0.8023155731838458,
  "nDCG@5_ci90_high": 0.8298873254091719,
  "nDCG@5_ci95_low": 0.7996714168014099,
  "nDCG@5_ci95_high": 0.8325314817916079,
  "nDCG@10": 0.8319554745788723,
  "nDCG@10_std": 0.29099971274724956,
  "nDCG@10_stderr": 0.007553976158814587,
  "nDCG@10_ci90_low": 0.8195225229733524,
  "nDCG@10_ci90_high": 0.8443884261843922,
  "nDCG@10_ci95_low": 0.81713785999861,
  "nDCG@10_ci95_high": 0.8467730891591346,
  "nDCG@100": 0.8429402660315659,
  "nDCG@100_std": 0.26404939792303045,
  "nDCG@100_stderr": 0.006854380843985113,
  "nDCG@100_ci90_low": 0.831658765596907,
  "nDCG@100_ci90_high": 0.8542217664662248,
  "nDCG@100_ci95_low": 0.8294949530735697,
  "nDCG@100_ci95_high": 0.8563855789895621,
  "RR@1": 0.7230458221024259,
  "RR@3": 0.7853773584905659,
  "RR@5": 0.7952156334231808,
  "RR@10": 0.8010629251700677,
  "RR@100": 0.8032780466142119,
  "P@1": 0.7230458221024259,
  "P@3": 0.29784366576818955,
  "P@5": 0.1885444743935266,
  "P@10": 0.0996630727762779,
  "P@100": 0.010518867924528113,
  "R@1": 0.7013701707097935,
  "R@3": 0.8492250673854448,
  "R@5": 0.8947663971248878,
  "R@10": 0.942160826594789,
  "R@100": 0.9897237196765498,
  "AP": 0.7965011099186118
}