nDCG@1,nDCG@1_std,nDCG@1_stderr,nDCG@1_ci90_low,nDCG@1_ci90_high,nDCG@1_ci95_low,nDCG@1_ci95_high,nDCG@3,nDCG@3_std,nDCG@3_stderr,nDCG@3_ci90_low,nDCG@3_ci90_high,nDCG@3_ci95_low,nDCG@3_ci95_high,nDCG@5,nDCG@5_std,nDCG@5_stderr,nDCG@5_ci90_low,nDCG@5_ci90_high,nDCG@5_ci95_low,nDCG@5_ci95_high,nDCG@10,nDCG@10_std,nDCG@10_stderr,nDCG@10_ci90_low,nDCG@10_ci90_high,nDCG@10_ci95_low,nDCG@10_ci95_high,nDCG@100,nDCG@100_std,nDCG@100_stderr,nDCG@100_ci90_low,nDCG@100_ci90_high,nDCG@100_ci95_low,nDCG@100_ci95_high,RR@1,RR@3,RR@5,RR@10,RR@100,P@1,P@3,P@5,P@10,P@100,R@1,R@3,R@5,R@10,R@100,AP
0.7654986522911051,0.4238295779252295,0.01100206765437054,0.7473905497724296,0.7836067548097807,0.7439173824193167,0.7870799221628936,0.8340704828002986,0.3239426683411305,0.008409132677038389,0.8202300446760642,0.847910920924533,0.8175754231995018,0.8505655424010954,0.8502382763154498,0.29355259792236493,0.0076202457560143695,0.8376962527883908,0.8627802998425088,0.8352906696185789,0.8651858830123207,0.8623684751240869,0.2654640729333682,0.006891103977488149,0.8510265327536782,0.8737104174944955,0.8488511273559473,0.8758858228922265,0.8710595950905438,0.2408464680107546,0.0062520627945366804,0.8607694389496029,0.8813497512314846,0.8587957680842934,0.8833234220967942,0.7675202156334232,0.8237870619946087,0.8315363881401617,0.8364710349548622,0.8383671339494418,0.7654986522911051,0.3099730458220974,0.19474393530996842,0.1014150943396201,0.010559299191374475,0.7426437556154538,0.883142407906559,0.9216082659478885,0.9567048517520216,0.9930929919137467,0.8315352231540651
