nDCG@1,nDCG@1_std,nDCG@1_stderr,nDCG@1_ci90_low,nDCG@1_ci90_high,nDCG@1_ci95_low,nDCG@1_ci95_high,nDCG@3,nDCG@3_std,nDCG@3_stderr,nDCG@3_ci90_low,nDCG@3_ci90_high,nDCG@3_ci95_low,nDCG@3_ci95_high,nDCG@5,nDCG@5_std,nDCG@5_stderr,nDCG@5_ci90_low,nDCG@5_ci90_high,nDCG@5_ci95_low,nDCG@5_ci95_high,nDCG@10,nDCG@10_std,nDCG@10_stderr,nDCG@10_ci90_low,nDCG@10_ci90_high,nDCG@10_ci95_low,nDCG@10_ci95_high,nDCG@100,nDCG@100_std,nDCG@100_stderr,nDCG@100_ci90_low,nDCG@100_ci90_high,nDCG@100_ci95_low,nDCG@100_ci95_high,RR@1,RR@3,RR@5,RR@10,RR@100,P@1,P@3,P@5,P@10,P@100,R@1,R@3,R@5,R@10,R@100,AP
0.6246630727762803,0.4843730134312996,0.012573696932172654,0.6039682542894942,0.6453578912630664,0.5999989500582655,0.6493271954942951,0.7060396598708873,0.41128798974971814,0.010676504246843159,0.6884673962276884,0.7236119235140863,0.6850970037559809,0.7269823159857938,0.7266953434372397,0.38641343145455714,0.010030792886688334,0.7101858443465303,0.7432048425279492,0.7070192920697823,0.7463713948046972,0.745558877577754,0.3584630130629247,0.009305236176800208,0.7302435590446007,0.7608741961109072,0.7273060527941798,0.7638117023613281,0.7665971105328115,0.320422074961165,0.008317742626491367,0.752907089626184,0.7802871314394391,0.7502813184484864,0.7829129026171366,0.6233153638814016,0.6905884995507644,0.7015386343216541,0.709214692166175,0.7132228480028058,0.6246630727762803,0.26752021563342,0.17129380053908005,0.09184636118598179,0.010256064690026772,0.6065251572327044,0.764487870619946,0.8135669362084458,0.8698899371069183,0.9651280323450134,0.7078101628662198
