nDCG@1,nDCG@1_std,nDCG@1_stderr,nDCG@1_ci90_low,nDCG@1_ci90_high,nDCG@1_ci95_low,nDCG@1_ci95_high,nDCG@3,nDCG@3_std,nDCG@3_stderr,nDCG@3_ci90_low,nDCG@3_ci90_high,nDCG@3_ci95_low,nDCG@3_ci95_high,nDCG@5,nDCG@5_std,nDCG@5_stderr,nDCG@5_ci90_low,nDCG@5_ci90_high,nDCG@5_ci95_low,nDCG@5_ci95_high,nDCG@10,nDCG@10_std,nDCG@10_stderr,nDCG@10_ci90_low,nDCG@10_ci90_high,nDCG@10_ci95_low,nDCG@10_ci95_high,nDCG@100,nDCG@100_std,nDCG@100_stderr,nDCG@100_ci90_low,nDCG@100_ci90_high,nDCG@100_ci95_low,nDCG@100_ci95_high,RR@1,RR@3,RR@5,RR@10,RR@100,P@1,P@3,P@5,P@10,P@100,R@1,R@3,R@5,R@10,R@100,AP
0.6617250673854448,0.47328209689543,0.01228579108408637,0.6415041078837742,0.6819460268871154,0.6376256906770356,0.685824444093854,0.7430618741404607,0.3893333101723678,0.010106589161580637,0.7264276233431265,0.7596961249377948,0.7232371434597037,0.7628866048212176,0.7599983676714149,0.36700491884052094,0.009526973002536687,0.7443180965403737,0.7756786388024561,0.7413105917107471,0.7786861436320828,0.7785991212050734,0.3364717694996867,0.00873437193775654,0.7642233777126846,0.7929748646974621,0.761466083682402,0.7957321587277447,0.7966084430213539,0.3000608262501835,0.0077891909455485055,0.7837883556877243,0.8094285303549835,0.7813294393686182,0.8118874466740896,0.6610512129380054,0.728436657681941,0.737061994609165,0.74421046720575,0.7479266843335998,0.6617250673854448,0.28054806828391354,0.17776280323449753,0.0950134770889466,0.010384097035040245,0.6424079065588499,0.8022237196765498,0.842374213836478,0.898360287511231,0.9769204851752021,0.7417787385146362
