nDCG@1,nDCG@1_std,nDCG@1_stderr,nDCG@1_ci90_low,nDCG@1_ci90_high,nDCG@1_ci95_low,nDCG@1_ci95_high,nDCG@3,nDCG@3_std,nDCG@3_stderr,nDCG@3_ci90_low,nDCG@3_ci90_high,nDCG@3_ci95_low,nDCG@3_ci95_high,nDCG@5,nDCG@5_std,nDCG@5_stderr,nDCG@5_ci90_low,nDCG@5_ci90_high,nDCG@5_ci95_low,nDCG@5_ci95_high,nDCG@10,nDCG@10_std,nDCG@10_stderr,nDCG@10_ci90_low,nDCG@10_ci90_high,nDCG@10_ci95_low,nDCG@10_ci95_high,nDCG@100,nDCG@100_std,nDCG@100_stderr,nDCG@100_ci90_low,nDCG@100_ci90_high,nDCG@100_ci95_low,nDCG@100_ci95_high,RR@1,RR@3,RR@5,RR@10,RR@100,P@1,P@3,P@5,P@10,P@100,R@1,R@3,R@5,R@10,R@100,AP
0.7230458221024259,0.4476444928344382,0.01162027204278728,0.7039202282544275,0.7421714159504242,0.700251904193789,0.7458397400110627,0.7970422979431709,0.3546232153561016,0.009205559994792407,0.78189103462029,0.8121935612660519,0.7789849944607993,0.8150996014255426,0.8161014492965089,0.32266561602097904,0.008375982050569001,0.8023155731838458,0.8298873254091719,0.7996714168014099,0.8325314817916079,0.8319554745788723,0.29099971274724956,0.007553976158814587,0.8195225229733524,0.8443884261843922,0.81713785999861,0.8467730891591346,0.8429402660315659,0.26404939792303045,0.006854380843985113,0.831658765596907,0.8542217664662248,0.8294949530735697,0.8563855789895621,0.7230458221024259,0.7853773584905659,0.7952156334231808,0.8010629251700677,0.8032780466142119,0.7230458221024259,0.29784366576818955,0.1885444743935266,0.0996630727762779,0.010518867924528113,0.7013701707097935,0.8492250673854448,0.8947663971248878,0.942160826594789,0.9897237196765498,0.7965011099186118
