{
  "nDCG@1": 0.6246630727762803,
  "nDCG@1_std": 0.4843730134312996,
  "nDCG@1_stderr": 0.012573696932172654,
  "nDCG@1_ci90_low": 0.6039682542894942,
  "nDCG@1_ci90_high": 0.6453578912630664,
  "nDCG@1_ci95_low": 0.5999989500582655,
  "nDCG@1_ci95_high": 0.6493271954942951,
  "nDCG@3": 0.7060396598708873,
  "nDCG@3_std": 0.41128798974971814,
  "nDCG@3_stderr": 0.010676504246843159,
  "nDCG@3_ci90_low": 0.6884673962276884,
  "nDCG@3_ci90_high": 0.7236119235140863,
  "nDCG@3_ci95_low": 0.6850970037559809,
  "nDCG@3_ci95_high": 0.7269823159857938,
  "nDCG@5": 0.7266953434372397,
  "nDCG@5_std": 0.38641343145455714,
  "nDCG@5_stderr": 0.010030792886688334,
  "nDCG@5_ci90_low": 0.7101858443465303,
  "nDCG@5_ci90_high": 0.7432048425279492,
  "nDCG@5_ci95_low": 0.7070192920697823,
  "nDCG@5_ci95_high": 0.7463713948046972,
  "nDCG@10": 0.745558877577754,
  "nDCG@10_std": 0.3584630130629247,
  "nDCG@10_stderr": 0.009305236176800208,
  "nDCG@10_ci90_low": 0.7302435590446007,
  "nDCG@10_ci90_high": 0.7608741961109072,
  "nDCG@10_ci95_low": 0.7273060527941798,
  "nDCG@10_ci95_high": 0.7638117023613281,
  "nDCG@100": 0.7665971105328115,
  "nDCG@100_std": 0.320422074961165,
  "nDCG@100_stderr": 0.008317742626491367,
  "nDCG@100_ci90_low": 0.752907089626184,
  "nDCG@100_ci90_high": 0.7802871314394391,
  "nDCG@100_ci95_low": 0.7502813184484864,
  "nDCG@100_ci95_high": 0.7829129026171366,
  "RR@1": 0.6233153638814016,
  "RR@3": 0.6905884995507644,
  "RR@5": 0.7015386343216541,
  "RR@10": 0.709214692166175,
  "RR@100": 0.7132228480028058,
  "P@1": 0.6246630727762803,
  "P@3": 0.26752021563342,
  "P@5": 0.17129380053908005,
  "P@10": 0.09184636118598179,
  "P@100": 0.010256064690026772,
  "R@1": 0.6065251572327044,
  "R@3": 0.764487870619946,
  "R@5": 0.8135669362084458,
  "R@10": 0.8698899371069183,
  "R@100": 0.9651280323450134,
  "AP": 0.7078101628662198
}