{
  "nDCG@1": 0.7654986522911051,
  "nDCG@1_std": 0.4238295779252295,
  "nDCG@1_stderr": 0.01100206765437054,
  "nDCG@1_ci90_low": 0.7473905497724296,
  "nDCG@1_ci90_high": 0.7836067548097807,
  "nDCG@1_ci95_low": 0.7439173824193167,
  "nDCG@1_ci95_high": 0.7870799221628936,
  "nDCG@3": 0.8340704828002986,
  "nDCG@3_std": 0.3239426683411305,
  "nDCG@3_stderr": 0.008409132677038389,
  "nDCG@3_ci90_low": 0.8202300446760642,
  "nDCG@3_ci90_high": 0.847910920924533,
  "nDCG@3_ci95_low": 0.8175754231995018,
  "nDCG@3_ci95_high": 0.8505655424010954,
  "nDCG@5": 0.8502382763154498,
  "nDCG@5_std": 0.29355259792236493,
  "nDCG@5_stderr": 0.0076202457560143695,
  "nDCG@5_ci90_low": 0.8376962527883908,
  "nDCG@5_ci90_high": 0.8627802998425088,
  "nDCG@5_ci95_low": 0.8352906696185789,
  "nDCG@5_ci95_high": 0.8651858830123207,
  "nDCG@10": 0.8623684751240869,
  "nDCG@10_std": 0.2654640729333682,
  "nDCG@10_stderr": 0.006891103977488149,
  "nDCG@10_ci90_low": 0.8510265327536782,
  "nDCG@10_ci90_high": 0.8737104174944955,
  "nDCG@10_ci95_low": 0.8488511273559473,
  "nDCG@10_ci95_high": 0.8758858228922265,
  "nDCG@100": 0.8710595950905438,
  "nDCG@100_std": 0.2408464680107546,
  "nDCG@100_stderr": 0.0062520627945366804,
  "nDCG@100_ci90_low": 0.8607694389496029,
  "nDCG@100_ci90_high": 0.8813497512314846,
  "nDCG@100_ci95_low": 0.8587957680842934,
  "nDCG@100_ci95_high": 0.8833234220967942,
  "RR@1": 0.7675202156334232,
  "RR@3": 0.8237870619946087,
  "RR@5": 0.8315363881401617,
  "RR@10": 0.8364710349548622,
  "RR@100": 0.8383671339494418,
  "P@1": 0.7654986522911051,
  "P@3": 0.3099730458220974,
  "P@5": 0.19474393530996842,
  "P@10": 0.1014150943396201,
  "P@100": 0.010559299191374475,
  "R@1": 0.7426437556154538,
  "R@3": 0.883142407906559,
  "R@5": 0.9216082659478885,
  "R@10": 0.9567048517520216,
  "R@100": 0.9930929919137467,
  "AP": 0.8315352231540651
}