nDCG@1,nDCG@3,nDCG@5,nDCG@10,nDCG@100,RR@1,RR@3,RR@5,RR@10,RR@100,P@1,P@3,P@5,P@10,P@100,R@1,R@3,R@5,R@10,R@100,AP
0.14353099730458221,0.2153622534961925,0.23926816870639633,0.27078402451343736,0.3315892357481496,0.14285714285714285,0.19991015274034132,0.21325247079964021,0.22638541265562795,0.23752296718082713,0.14353099730458221,0.09231805929919108,0.06752021563342377,0.0439353099730462,0.007506738544474267,0.13926325247079965,0.2679694519317161,0.3261455525606469,0.4225067385444744,0.7160265049415993,0.23320705546670598
