nDCG@1,nDCG@3,nDCG@5,nDCG@10,nDCG@100,RR@1,RR@3,RR@5,RR@10,RR@100,P@1,P@3,P@5,P@10,P@100,R@1,R@3,R@5,R@10,R@100,AP
0.16778975741239893,0.24496756288412133,0.27224691135826634,0.3062094640094129,0.37029742976766916,0.16778975741239893,0.22911051212937977,0.244204851752021,0.25836488683523684,0.27030518877121523,0.16778975741239893,0.10354896675651395,0.07601078167115972,0.04892183288409715,0.008160377358490425,0.16228661275831086,0.30132524707996405,0.3675314465408805,0.47119272237196763,0.7767857142857143,0.26531467150370935
