nDCG@1,nDCG@3,nDCG@5,nDCG@10,nDCG@100,RR@1,RR@3,RR@5,RR@10,RR@100,P@1,P@3,P@5,P@10,P@100,R@1,R@3,R@5,R@10,R@100,AP
0.13274932614555257,0.20225239898494166,0.22837655321090872,0.2573899424156029,0.3170357691926964,0.13274932614555257,0.1875561545372867,0.20194294699011653,0.21422340948958177,0.225187984399748,0.13274932614555257,0.0869272237196761,0.0653638814016178,0.042048517520216044,0.007257412398921712,0.12915543575920935,0.25292003593890383,0.3165992812219227,0.4049865229110512,0.6921046720575021,0.22097537768532274
