{
  "nDCG@1": 0.1664420485175202,
  "nDCG@1_std": 0.37260253085394857,
  "nDCG@1_stderr": 0.009672279770356259,
  "nDCG@1_ci90_low": 0.15052261962713828,
  "nDCG@1_ci90_high": 0.18236147740790212,
  "nDCG@1_ci95_low": 0.14746924389960125,
  "nDCG@1_ci95_high": 0.18541485313543915,
  "nDCG@3": 0.2425509755092347,
  "nDCG@3_std": 0.3850301014158945,
  "nDCG@3_stderr": 0.00999488342810785,
  "nDCG@3_ci90_low": 0.2261005791415582,
  "nDCG@3_ci90_high": 0.2590013718769112,
  "nDCG@3_ci95_low": 0.22294536287574268,
  "nDCG@3_ci95_high": 0.26215658814272674,
  "nDCG@5": 0.27009603077190786,
  "nDCG@5_std": 0.3818993383854568,
  "nDCG@5_stderr": 0.009913612869221199,
  "nDCG@5_ci90_low": 0.2537793961350534,
  "nDCG@5_ci90_high": 0.2864126654087623,
  "nDCG@5_ci95_low": 0.2506498356151178,
  "nDCG@5_ci95_high": 0.28954222592869794,
  "nDCG@10": 0.304063391770155,
  "nDCG@10_std": 0.3706665417609806,
  "nDCG@10_stderr": 0.009622023997544868,
  "nDCG@10_ci90_low": 0.28822667793977935,
  "nDCG@10_ci90_high": 0.31990010560053067,
  "nDCG@10_ci95_low": 0.2851891671128153,
  "nDCG@10_ci95_high": 0.32293761642749474,
  "nDCG@100": 0.3682540718428276,
  "nDCG@100_std": 0.3308893851892518,
  "nDCG@100_stderr": 0.008589460461410884,
  "nDCG@100_ci90_low": 0.35411683550675116,
  "nDCG@100_ci90_high": 0.38239130817890404,
  "nDCG@100_ci95_low": 0.3514052875875221,
  "nDCG@100_ci95_high": 0.3851028560981331,
  "RR@1": 0.1664420485175202,
  "RR@3": 0.22731356693620827,
  "RR@5": 0.24207097933512994,
  "RR@10": 0.2567471013562654,
  "RR@100": 0.2688214381211817,
  "P@1": 0.1664420485175202,
  "P@3": 0.10265049415992811,
  "P@5": 0.0756064690026961,
  "P@10": 0.04858490566037748,
  "P@100": 0.00813342318059285,
  "R@1": 0.16060197663971248,
  "R@3": 0.29862982929020665,
  "R@5": 0.3648360287511231,
  "R@10": 0.46849730458221023,
  "R@100": 0.7736410601976639,
  "AP": 0.2633482778380457
}