{
  "nDCG@1": 0.15566037735849056,
  "nDCG@1_std": 0.36265527548943227,
  "nDCG@1_stderr": 0.009414061887047001,
  "nDCG@1_ci90_low": 0.14016594457338727,
  "nDCG@1_ci90_high": 0.17115481014359385,
  "nDCG@1_ci95_low": 0.13719408388015775,
  "nDCG@1_ci95_high": 0.17412667083682337,
  "nDCG@3": 0.2292861037289001,
  "nDCG@3_std": 0.37819647263291,
  "nDCG@3_stderr": 0.009817491263636232,
  "nDCG@3_ci90_low": 0.21312767388980478,
  "nDCG@3_ci90_high": 0.24544453356799542,
  "nDCG@3_ci95_low": 0.2100284573409239,
  "nDCG@3_ci95_high": 0.2485437501168763,
  "nDCG@5": 0.25514738511649326,
  "nDCG@5_std": 0.3757654663832338,
  "nDCG@5_stderr": 0.009754385485700522,
  "nDCG@5_ci90_low": 0.23909281992650566,
  "nDCG@5_ci90_high": 0.27120195030648087,
  "nDCG@5_ci95_low": 0.23601352480826898,
  "nDCG@5_ci95_high": 0.27428124542471755,
  "nDCG@10": 0.28906600232845997,
  "nDCG@10_std": 0.36585811451921135,
  "nDCG@10_stderr": 0.009497203445652202,
  "nDCG@10_ci90_low": 0.2734347283682175,
  "nDCG@10_ci90_high": 0.30469727628870247,
  "nDCG@10_ci95_low": 0.2704366212860267,
  "nDCG@10_ci95_high": 0.30769538337089325,
  "nDCG@100": 0.35284708953860994,
  "nDCG@100_std": 0.32847016784510324,
  "nDCG@100_stderr": 0.008526660708214695,
  "nDCG@100_ci90_low": 0.3388132141711031,
  "nDCG@100_ci90_high": 0.36688096490611677,
  "nDCG@100_ci95_low": 0.336121491075665,
  "nDCG@100_ci95_high": 0.36957268800155485,
  "RR@1": 0.15633423180592992,
  "RR@3": 0.21451033243486062,
  "RR@5": 0.22889712488769054,
  "RR@10": 0.24302400205365135,
  "RR@100": 0.2549545813985582,
  "P@1": 0.15566037735849056,
  "P@3": 0.09725965858041313,
  "P@5": 0.07156334231805994,
  "P@10": 0.04676549865229134,
  "P@100": 0.00793126684636105,
  "R@1": 0.1509433962264151,
  "R@3": 0.28313117699910156,
  "R@5": 0.34568733153638814,
  "R@10": 0.44951707097933513,
  "R@100": 0.7540992812219227,
  "AP": 0.2496321807240192
}