nDCG@1,nDCG@1_std,nDCG@1_stderr,nDCG@1_ci90_low,nDCG@1_ci90_high,nDCG@1_ci95_low,nDCG@1_ci95_high,nDCG@3,nDCG@3_std,nDCG@3_stderr,nDCG@3_ci90_low,nDCG@3_ci90_high,nDCG@3_ci95_low,nDCG@3_ci95_high,nDCG@5,nDCG@5_std,nDCG@5_stderr,nDCG@5_ci90_low,nDCG@5_ci90_high,nDCG@5_ci95_low,nDCG@5_ci95_high,nDCG@10,nDCG@10_std,nDCG@10_stderr,nDCG@10_ci90_low,nDCG@10_ci90_high,nDCG@10_ci95_low,nDCG@10_ci95_high,nDCG@100,nDCG@100_std,nDCG@100_stderr,nDCG@100_ci90_low,nDCG@100_ci90_high,nDCG@100_ci95_low,nDCG@100_ci95_high,RR@1,RR@3,RR@5,RR@10,RR@100,P@1,P@3,P@5,P@10,P@100,R@1,R@3,R@5,R@10,R@100,AP
0.14353099730458221,0.3507317248284827,0.009104541934017142,0.1285459977657664,0.15851599684339804,0.12567184730571956,0.16139014730344486,0.2153622534961925,0.3691893831243522,0.009583678869920741,0.19958865121211183,0.23113585578027318,0.19656324529575175,0.23416126169663326,0.23926816870639633,0.3676317192176964,0.009543243929613622,0.22356111755319574,0.2549752198595969,0.22054847626608645,0.2579878611467062,0.27078402451343736,0.3596018242409467,0.009334798242023419,0.25542005031622694,0.2861479987106478,0.25247321181999105,0.28909483720688367,0.3315892357481496,0.3267259997280558,0.008481384359833607,0.31762987989678393,0.34554859159951523,0.3149524497815388,0.34822602171476036,0.14285714285714285,0.19991015274034132,0.21325247079964021,0.22638541265562795,0.23752296718082713,0.14353099730458221,0.09231805929919108,0.06752021563342377,0.0439353099730462,0.007506738544474267,0.13926325247079965,0.2679694519317161,0.3261455525606469,0.4225067385444744,0.7160265049415993,0.23320705546670598
