nDCG@1,nDCG@1_std,nDCG@1_stderr,nDCG@1_ci90_low,nDCG@1_ci90_high,nDCG@1_ci95_low,nDCG@1_ci95_high,nDCG@3,nDCG@3_std,nDCG@3_stderr,nDCG@3_ci90_low,nDCG@3_ci90_high,nDCG@3_ci95_low,nDCG@3_ci95_high,nDCG@5,nDCG@5_std,nDCG@5_stderr,nDCG@5_ci90_low,nDCG@5_ci90_high,nDCG@5_ci95_low,nDCG@5_ci95_high,nDCG@10,nDCG@10_std,nDCG@10_stderr,nDCG@10_ci90_low,nDCG@10_ci90_high,nDCG@10_ci95_low,nDCG@10_ci95_high,nDCG@100,nDCG@100_std,nDCG@100_stderr,nDCG@100_ci90_low,nDCG@100_ci90_high,nDCG@100_ci95_low,nDCG@100_ci95_high,RR@1,RR@3,RR@5,RR@10,RR@100,P@1,P@3,P@5,P@10,P@100,R@1,R@3,R@5,R@10,R@100,AP
0.1664420485175202,0.37260253085394857,0.009672279770356259,0.15052261962713828,0.18236147740790212,0.14746924389960125,0.18541485313543915,0.2425509755092347,0.3850301014158945,0.00999488342810785,0.2261005791415582,0.2590013718769112,0.22294536287574268,0.26215658814272674,0.27009603077190786,0.3818993383854568,0.009913612869221199,0.2537793961350534,0.2864126654087623,0.2506498356151178,0.28954222592869794,0.304063391770155,0.3706665417609806,0.009622023997544868,0.28822667793977935,0.31990010560053067,0.2851891671128153,0.32293761642749474,0.3682540718428276,0.3308893851892518,0.008589460461410884,0.35411683550675116,0.38239130817890404,0.3514052875875221,0.3851028560981331,0.1664420485175202,0.22731356693620827,0.24207097933512994,0.2567471013562654,0.2688214381211817,0.1664420485175202,0.10265049415992811,0.0756064690026961,0.04858490566037748,0.00813342318059285,0.16060197663971248,0.29862982929020665,0.3648360287511231,0.46849730458221023,0.7736410601976639,0.2633482778380457
