nDCG@1,nDCG@1_std,nDCG@1_stderr,nDCG@1_ci90_low,nDCG@1_ci90_high,nDCG@1_ci95_low,nDCG@1_ci95_high,nDCG@3,nDCG@3_std,nDCG@3_stderr,nDCG@3_ci90_low,nDCG@3_ci90_high,nDCG@3_ci95_low,nDCG@3_ci95_high,nDCG@5,nDCG@5_std,nDCG@5_stderr,nDCG@5_ci90_low,nDCG@5_ci90_high,nDCG@5_ci95_low,nDCG@5_ci95_high,nDCG@10,nDCG@10_std,nDCG@10_stderr,nDCG@10_ci90_low,nDCG@10_ci90_high,nDCG@10_ci95_low,nDCG@10_ci95_high,nDCG@100,nDCG@100_std,nDCG@100_stderr,nDCG@100_ci90_low,nDCG@100_ci90_high,nDCG@100_ci95_low,nDCG@100_ci95_high,RR@1,RR@3,RR@5,RR@10,RR@100,P@1,P@3,P@5,P@10,P@100,R@1,R@3,R@5,R@10,R@100,AP
0.16778975741239893,0.3738054477229365,0.009703505936401525,0.15181893394476334,0.18376058088003452,0.14875570064282498,0.18682381418197289,0.24496756288412133,0.3866912354788657,0.010038004319842813,0.22844619462709062,0.261488931141152,0.22527736582242186,0.2646577599458208,0.27224691135826634,0.3830936565741931,0.009944615824648815,0.2558792495224433,0.2886145731940894,0.25273990189193685,0.29175392082459584,0.3062094640094129,0.3719956535068744,0.00965652601937196,0.29031596393049075,0.32210296408833505,0.2872675613966593,0.3251513666221665,0.37029742976766916,0.3316029296843993,0.008607983153594017,0.35612970727030824,0.3844651522650301,0.35341231204929885,0.3871825474860395,0.16778975741239893,0.22911051212937977,0.244204851752021,0.25836488683523684,0.27030518877121523,0.16778975741239893,0.10354896675651395,0.07601078167115972,0.04892183288409715,0.008160377358490425,0.16228661275831086,0.30132524707996405,0.3675314465408805,0.47119272237196763,0.7767857142857143,0.26531467150370935
