{
  "nDCG@1": 0.13274932614555257,
  "nDCG@1_std": 0.3394179925516408,
  "nDCG@1_stderr": 0.008810852077488985,
  "nDCG@1_ci90_low": 0.11824770538586964,
  "nDCG@1_ci90_high": 0.14725094690523552,
  "nDCG@1_ci95_low": 0.11546626786430658,
  "nDCG@1_ci95_high": 0.15003238442679856,
  "nDCG@3": 0.20225239898494166,
  "nDCG@3_std": 0.3604680220264123,
  "nDCG@3_stderr": 0.00935728361617878,
  "nDCG@3_ci90_low": 0.1868514165204521,
  "nDCG@3_ci90_high": 0.21765338144943122,
  "nDCG@3_ci95_low": 0.18389747977051585,
  "nDCG@3_ci95_high": 0.22060731819936746,
  "nDCG@5": 0.22837655321090872,
  "nDCG@5_std": 0.35980296775842285,
  "nDCG@5_stderr": 0.009340019667574565,
  "nDCG@5_ci90_low": 0.21300398516460156,
  "nDCG@5_ci90_high": 0.24374912125721587,
  "nDCG@5_ci95_low": 0.2100554983523099,
  "nDCG@5_ci95_high": 0.24669760806950752,
  "nDCG@10": 0.2573899424156029,
  "nDCG@10_std": 0.3530588594394295,
  "nDCG@10_stderr": 0.009164951338560826,
  "nDCG@10_ci90_low": 0.24230551613947426,
  "nDCG@10_ci90_high": 0.2724743686917316,
  "nDCG@10_ci95_low": 0.2394122954484242,
  "nDCG@10_ci95_high": 0.27536758938278166,
  "nDCG@100": 0.3170357691926964,
  "nDCG@100_std": 0.3229386537624013,
  "nDCG@100_stderr": 0.008383069757184546,
  "nDCG@100_ci90_low": 0.3032382275529662,
  "nDCG@100_ci90_high": 0.33083331083242656,
  "nDCG@100_ci95_low": 0.30059183370099285,
  "nDCG@100_ci95_high": 0.3334797046843999,
  "RR@1": 0.13274932614555257,
  "RR@3": 0.1875561545372867,
  "RR@5": 0.20194294699011653,
  "RR@10": 0.21422340948958177,
  "RR@100": 0.225187984399748,
  "P@1": 0.13274932614555257,
  "P@3": 0.0869272237196761,
  "P@5": 0.0653638814016178,
  "P@10": 0.042048517520216044,
  "P@100": 0.007257412398921712,
  "R@1": 0.12915543575920935,
  "R@3": 0.25292003593890383,
  "R@5": 0.3165992812219227,
  "R@10": 0.4049865229110512,
  "R@100": 0.6921046720575021,
  "AP": 0.22097537768532274
}