{
  "nDCG@1": 0.16576819407008087,
  "nDCG@1_std": 0.3719977815343258,
  "nDCG@1_stderr": 0.009656581260212169,
  "nDCG@1_ci90_low": 0.14987460307126715,
  "nDCG@1_ci90_high": 0.18166178506889458,
  "nDCG@1_ci95_low": 0.1468261830988334,
  "nDCG@1_ci95_high": 0.18471020504132832,
  "nDCG@3": 0.237978483244121,
  "nDCG@3_std": 0.38404129717786906,
  "nDCG@3_stderr": 0.009969215349025359,
  "nDCG@3_ci90_low": 0.22157033349972338,
  "nDCG@3_ci90_high": 0.2543866329885186,
  "nDCG@3_ci95_low": 0.21842322021391916,
  "nDCG@3_ci95_high": 0.2575337462743228,
  "nDCG@5": 0.2664131850487823,
  "nDCG@5_std": 0.38108381184386503,
  "nDCG@5_stderr": 0.009892442855017728,
  "nDCG@5_ci90_low": 0.250131393752249,
  "nDCG@5_ci90_high": 0.2826949763453156,
  "nDCG@5_ci95_low": 0.24700851624904324,
  "nDCG@5_ci95_high": 0.2858178538485214,
  "nDCG@10": 0.30096631615061337,
  "nDCG@10_std": 0.3700679991379281,
  "nDCG@10_stderr": 0.009606486605215894,
  "nDCG@10_ci90_low": 0.28515517503093213,
  "nDCG@10_ci90_high": 0.3167774572702946,
  "nDCG@10_ci95_low": 0.2821225690968923,
  "nDCG@10_ci95_high": 0.3198100632043344,
  "nDCG@100": 0.36425188085971055,
  "nDCG@100_std": 0.33144540789960647,
  "nDCG@100_stderr": 0.00860389409180222,
  "nDCG@100_ci90_low": 0.35009088847458464,
  "nDCG@100_ci90_high": 0.37841287324483647,
  "nDCG@100_ci95_low": 0.3473747841014746,
  "nDCG@100_ci95_high": 0.3811289776179465,
  "RR@1": 0.1650943396226415,
  "RR@3": 0.22349505840071868,
  "RR@5": 0.23899371069182357,
  "RR@10": 0.25369710777392696,
  "RR@100": 0.2657156245918818,
  "P@1": 0.16576819407008087,
  "P@3": 0.10017969451931708,
  "P@5": 0.07439353099730525,
  "P@10": 0.048315363881401764,
  "P@100": 0.00803234501347695,
  "R@1": 0.15992812219227312,
  "R@3": 0.2912174303683738,
  "R@5": 0.3597821203953279,
  "R@10": 0.4647911051212938,
  "R@100": 0.7643194070080862,
  "AP": 0.26046391578203
}