nDCG@1,nDCG@1_std,nDCG@1_stderr,nDCG@1_ci90_low,nDCG@1_ci90_high,nDCG@1_ci95_low,nDCG@1_ci95_high,nDCG@3,nDCG@3_std,nDCG@3_stderr,nDCG@3_ci90_low,nDCG@3_ci90_high,nDCG@3_ci95_low,nDCG@3_ci95_high,nDCG@5,nDCG@5_std,nDCG@5_stderr,nDCG@5_ci90_low,nDCG@5_ci90_high,nDCG@5_ci95_low,nDCG@5_ci95_high,nDCG@10,nDCG@10_std,nDCG@10_stderr,nDCG@10_ci90_low,nDCG@10_ci90_high,nDCG@10_ci95_low,nDCG@10_ci95_high,nDCG@100,nDCG@100_std,nDCG@100_stderr,nDCG@100_ci90_low,nDCG@100_ci90_high,nDCG@100_ci95_low,nDCG@100_ci95_high,RR@1,RR@3,RR@5,RR@10,RR@100,P@1,P@3,P@5,P@10,P@100,R@1,R@3,R@5,R@10,R@100,AP
0.16576819407008087,0.3719977815343258,0.009656581260212169,0.14987460307126715,0.18166178506889458,0.1468261830988334,0.18471020504132832,0.237978483244121,0.38404129717786906,0.009969215349025359,0.22157033349972338,0.2543866329885186,0.21842322021391916,0.2575337462743228,0.2664131850487823,0.38108381184386503,0.009892442855017728,0.250131393752249,0.2826949763453156,0.24700851624904324,0.2858178538485214,0.30096631615061337,0.3700679991379281,0.009606486605215894,0.28515517503093213,0.3167774572702946,0.2821225690968923,0.3198100632043344,0.36425188085971055,0.33144540789960647,0.00860389409180222,0.35009088847458464,0.37841287324483647,0.3473747841014746,0.3811289776179465,0.1650943396226415,0.22349505840071868,0.23899371069182357,0.25369710777392696,0.2657156245918818,0.16576819407008087,0.10017969451931708,0.07439353099730525,0.048315363881401764,0.00803234501347695,0.15992812219227312,0.2912174303683738,0.3597821203953279,0.4647911051212938,0.7643194070080862,0.26046391578203
