{
  "nDCG@1": 0.16778975741239893,
  "nDCG@1_std": 0.3738054477229365,
  "nDCG@1_stderr": 0.009703505936401525,
  "nDCG@1_ci90_low": 0.15181893394476334,
  "nDCG@1_ci90_high": 0.18376058088003452,
  "nDCG@1_ci95_low": 0.14875570064282498,
  "nDCG@1_ci95_high": 0.18682381418197289,
  "nDCG@3": 0.24496756288412133,
  "nDCG@3_std": 0.3866912354788657,
  "nDCG@3_stderr": 0.010038004319842813,
  "nDCG@3_ci90_low": 0.22844619462709062,
  "nDCG@3_ci90_high": 0.261488931141152,
  "nDCG@3_ci95_low": 0.22527736582242186,
  "nDCG@3_ci95_high": 0.2646577599458208,
  "nDCG@5": 0.27224691135826634,
  "nDCG@5_std": 0.3830936565741931,
  "nDCG@5_stderr": 0.009944615824648815,
  "nDCG@5_ci90_low": 0.2558792495224433,
  "nDCG@5_ci90_high": 0.2886145731940894,
  "nDCG@5_ci95_low": 0.25273990189193685,
  "nDCG@5_ci95_high": 0.29175392082459584,
  "nDCG@10": 0.3062094640094129,
  "nDCG@10_std": 0.3719956535068744,
  "nDCG@10_stderr": 0.00965652601937196,
  "nDCG@10_ci90_low": 0.29031596393049075,
  "nDCG@10_ci90_high": 0.32210296408833505,
  "nDCG@10_ci95_low": 0.2872675613966593,
  "nDCG@10_ci95_high": 0.3251513666221665,
  "nDCG@100": 0.37029742976766916,
  "nDCG@100_std": 0.3316029296843993,
  "nDCG@100_stderr": 0.008607983153594017,
  "nDCG@100_ci90_low": 0.35612970727030824,
  "nDCG@100_ci90_high": 0.3844651522650301,
  "nDCG@100_ci95_low": 0.35341231204929885,
  "nDCG@100_ci95_high": 0.3871825474860395,
  "RR@1": 0.16778975741239893,
  "RR@3": 0.22911051212937977,
  "RR@5": 0.244204851752021,
  "RR@10": 0.25836488683523684,
  "RR@100": 0.27030518877121523,
  "P@1": 0.16778975741239893,
  "P@3": 0.10354896675651395,
  "P@5": 0.07601078167115972,
  "P@10": 0.04892183288409715,
  "P@100": 0.008160377358490425,
  "R@1": 0.16228661275831086,
  "R@3": 0.30132524707996405,
  "R@5": 0.3675314465408805,
  "R@10": 0.47119272237196763,
  "R@100": 0.7767857142857143,
  "AP": 0.26531467150370935
}