nDCG@1,nDCG@1_std,nDCG@1_stderr,nDCG@1_ci90_low,nDCG@1_ci90_high,nDCG@1_ci95_low,nDCG@1_ci95_high,nDCG@3,nDCG@3_std,nDCG@3_stderr,nDCG@3_ci90_low,nDCG@3_ci90_high,nDCG@3_ci95_low,nDCG@3_ci95_high,nDCG@5,nDCG@5_std,nDCG@5_stderr,nDCG@5_ci90_low,nDCG@5_ci90_high,nDCG@5_ci95_low,nDCG@5_ci95_high,nDCG@10,nDCG@10_std,nDCG@10_stderr,nDCG@10_ci90_low,nDCG@10_ci90_high,nDCG@10_ci95_low,nDCG@10_ci95_high,nDCG@100,nDCG@100_std,nDCG@100_stderr,nDCG@100_ci90_low,nDCG@100_ci90_high,nDCG@100_ci95_low,nDCG@100_ci95_high,RR@1,RR@3,RR@5,RR@10,RR@100,P@1,P@3,P@5,P@10,P@100,R@1,R@3,R@5,R@10,R@100,AP
0.15566037735849056,0.36265527548943227,0.009414061887047001,0.14016594457338727,0.17115481014359385,0.13719408388015775,0.17412667083682337,0.2292861037289001,0.37819647263291,0.009817491263636232,0.21312767388980478,0.24544453356799542,0.2100284573409239,0.2485437501168763,0.25514738511649326,0.3757654663832338,0.009754385485700522,0.23909281992650566,0.27120195030648087,0.23601352480826898,0.27428124542471755,0.28906600232845997,0.36585811451921135,0.009497203445652202,0.2734347283682175,0.30469727628870247,0.2704366212860267,0.30769538337089325,0.35284708953860994,0.32847016784510324,0.008526660708214695,0.3388132141711031,0.36688096490611677,0.336121491075665,0.36957268800155485,0.15633423180592992,0.21451033243486062,0.22889712488769054,0.24302400205365135,0.2549545813985582,0.15566037735849056,0.09725965858041313,0.07156334231805994,0.04676549865229134,0.00793126684636105,0.1509433962264151,0.28313117699910156,0.34568733153638814,0.44951707097933513,0.7540992812219227,0.2496321807240192
