{
  "nDCG@1": 0.1650943396226415,
  "nDCG@3": 0.2391570272452837,
  "nDCG@5": 0.2667705800709031,
  "nDCG@10": 0.30116125773669344,
  "nDCG@100": 0.3662709804935467,
  "RR@1": 0.1650943396226415,
  "RR@3": 0.22439353099730439,
  "RR@5": 0.23979110512129342,
  "RR@10": 0.2541399264108159,
  "RR@100": 0.26621972168024194,
  "P@1": 0.1650943396226415,
  "P@3": 0.10085354896675645,
  "P@5": 0.07439353099730525,
  "P@10": 0.048315363881401764,
  "P@100": 0.00814690026954164,
  "R@1": 0.1597035040431267,
  "R@3": 0.293070530098832,
  "R@5": 0.3597821203953279,
  "R@10": 0.46434186882300094,
  "R@100": 0.7749887690925427,
  "AP": 0.2609991417332901
}