nDCG@1,nDCG@1_std,nDCG@1_stderr,nDCG@1_ci90_low,nDCG@1_ci90_high,nDCG@1_ci95_low,nDCG@1_ci95_high,nDCG@3,nDCG@3_std,nDCG@3_stderr,nDCG@3_ci90_low,nDCG@3_ci90_high,nDCG@3_ci95_low,nDCG@3_ci95_high,nDCG@5,nDCG@5_std,nDCG@5_stderr,nDCG@5_ci90_low,nDCG@5_ci90_high,nDCG@5_ci95_low,nDCG@5_ci95_high,nDCG@10,nDCG@10_std,nDCG@10_stderr,nDCG@10_ci90_low,nDCG@10_ci90_high,nDCG@10_ci95_low,nDCG@10_ci95_high,nDCG@100,nDCG@100_std,nDCG@100_stderr,nDCG@100_ci90_low,nDCG@100_ci90_high,nDCG@100_ci95_low,nDCG@100_ci95_high,RR@1,RR@3,RR@5,RR@10,RR@100,P@1,P@3,P@5,P@10,P@100,R@1,R@3,R@5,R@10,R@100,AP
0.13274932614555257,0.3394179925516408,0.008810852077488985,0.11824770538586964,0.14725094690523552,0.11546626786430658,0.15003238442679856,0.20225239898494166,0.3604680220264123,0.00935728361617878,0.1868514165204521,0.21765338144943122,0.18389747977051585,0.22060731819936746,0.22837655321090872,0.35980296775842285,0.009340019667574565,0.21300398516460156,0.24374912125721587,0.2100554983523099,0.24669760806950752,0.2573899424156029,0.3530588594394295,0.009164951338560826,0.24230551613947426,0.2724743686917316,0.2394122954484242,0.27536758938278166,0.3170357691926964,0.3229386537624013,0.008383069757184546,0.3032382275529662,0.33083331083242656,0.30059183370099285,0.3334797046843999,0.13274932614555257,0.1875561545372867,0.20194294699011653,0.21422340948958177,0.225187984399748,0.13274932614555257,0.0869272237196761,0.0653638814016178,0.042048517520216044,0.007257412398921712,0.12915543575920935,0.25292003593890383,0.3165992812219227,0.4049865229110512,0.6921046720575021,0.22097537768532274
