{
  "nDCG@1": 0.16576819407008087,
  "nDCG@3": 0.237978483244121,
  "nDCG@5": 0.2664131850487823,
  "nDCG@10": 0.30096631615061337,
  "nDCG@100": 0.36425188085971055,
  "RR@1": 0.1650943396226415,
  "RR@3": 0.22349505840071868,
  "RR@5": 0.23899371069182357,
  "RR@10": 0.25369710777392696,
  "RR@100": 0.2657156245918818,
  "P@1": 0.16576819407008087,
  "P@3": 0.10017969451931708,
  "P@5": 0.07439353099730525,
  "P@10": 0.048315363881401764,
  "P@100": 0.00803234501347695,
  "R@1": 0.15992812219227312,
  "R@3": 0.2912174303683738,
  "R@5": 0.3597821203953279,
  "R@10": 0.4647911051212938,
  "R@100": 0.7643194070080862,
  "AP": 0.26046391578203
}