nDCG@1,nDCG@3,nDCG@5,nDCG@10,nDCG@100,RR@1,RR@3,RR@5,RR@10,RR@100,P@1,P@3,P@5,P@10,P@100,R@1,R@3,R@5,R@10,R@100,AP
0.16576819407008087,0.237978483244121,0.2664131850487823,0.30096631615061337,0.36425188085971055,0.1650943396226415,0.22349505840071868,0.23899371069182357,0.25369710777392696,0.2657156245918818,0.16576819407008087,0.10017969451931708,0.07439353099730525,0.048315363881401764,0.00803234501347695,0.15992812219227312,0.2912174303683738,0.3597821203953279,0.4647911051212938,0.7643194070080862,0.26046391578203
