{
  "nDCG@1": 0.1637466307277628,
  "nDCG@1_std": 0.3701702408858123,
  "nDCG@1_stderr": 0.009609140668749709,
  "nDCG@1_ci90_low": 0.14793112133331077,
  "nDCG@1_ci90_high": 0.17956214012221483,
  "nDCG@1_ci95_low": 0.14489767755613922,
  "nDCG@1_ci95_high": 0.18259558389938638,
  "nDCG@3": 0.23711800822508441,
  "nDCG@3_std": 0.3832503605239968,
  "nDCG@3_stderr": 0.009948683656502099,
  "nDCG@3_ci90_low": 0.220743651218995,
  "nDCG@3_ci90_high": 0.2534923652311738,
  "nDCG@3_ci95_low": 0.21760301944252303,
  "nDCG@3_ci95_high": 0.2566329970076458,
  "nDCG@5": 0.26732977917167683,
  "nDCG@5_std": 0.3798643636196307,
  "nDCG@5_stderr": 0.009860787556372208,
  "nDCG@5_ci90_low": 0.25110008875391837,
  "nDCG@5_ci90_high": 0.2835594695894353,
  "nDCG@5_ci95_low": 0.24798720429504406,
  "nDCG@5_ci95_high": 0.2866723540483096,
  "nDCG@10": 0.3012150300000998,
  "nDCG@10_std": 0.3690589059165735,
  "nDCG@10_stderr": 0.009580291850368301,
  "nDCG@10_ci90_low": 0.2854470023497348,
  "nDCG@10_ci90_high": 0.3169830576504648,
  "nDCG@10_ci95_low": 0.2824226656583699,
  "nDCG@10_ci95_high": 0.32000739434182973,
  "nDCG@100": 0.3656173315305124,
  "nDCG@100_std": 0.32950462200517533,
  "nDCG@100_stderr": 0.008553513800229113,
  "nDCG@100_ci90_low": 0.3515392591485519,
  "nDCG@100_ci90_high": 0.3796954039124729,
  "nDCG@100_ci95_low": 0.3488390589844896,
  "nDCG@100_ci95_high": 0.3823956040765352,
  "RR@1": 0.1637466307277628,
  "RR@3": 0.22248427672955975,
  "RR@5": 0.23896001796945168,
  "RR@10": 0.2532623112137935,
  "RR@100": 0.2656008830124736,
  "P@1": 0.1637466307277628,
  "P@3": 0.10017969451931708,
  "P@5": 0.07547169811320824,
  "P@10": 0.04845013477088961,
  "P@100": 0.008113207547169671,
  "R@1": 0.15858041329739445,
  "R@3": 0.2908805031446541,
  "R@5": 0.3641621743036837,
  "R@10": 0.46714959568733155,
  "R@100": 0.771170260557053,
  "AP": 0.26116686923153937
}