nDCG@1,nDCG@1_std,nDCG@1_stderr,nDCG@1_ci90_low,nDCG@1_ci90_high,nDCG@1_ci95_low,nDCG@1_ci95_high,nDCG@3,nDCG@3_std,nDCG@3_stderr,nDCG@3_ci90_low,nDCG@3_ci90_high,nDCG@3_ci95_low,nDCG@3_ci95_high,nDCG@5,nDCG@5_std,nDCG@5_stderr,nDCG@5_ci90_low,nDCG@5_ci90_high,nDCG@5_ci95_low,nDCG@5_ci95_high,nDCG@10,nDCG@10_std,nDCG@10_stderr,nDCG@10_ci90_low,nDCG@10_ci90_high,nDCG@10_ci95_low,nDCG@10_ci95_high,nDCG@100,nDCG@100_std,nDCG@100_stderr,nDCG@100_ci90_low,nDCG@100_ci90_high,nDCG@100_ci95_low,nDCG@100_ci95_high,RR@1,RR@3,RR@5,RR@10,RR@100,P@1,P@3,P@5,P@10,P@100,R@1,R@3,R@5,R@10,R@100,AP
0.1509433962264151,0.3581143761935126,0.009296186014603277,0.1356429731901831,0.16624381926264709,0.13270832392345563,0.16917846852937454,0.2302622486523502,0.37730756386329484,0.009794416341707128,0.21414179740646383,0.24638269989823658,0.21104986522158048,0.24947463208311993,0.2586471011303475,0.3743099908822625,0.009716603224232706,0.24265472107551264,0.2746394811851824,0.2395873531805197,0.2777068490801753,0.2891259369098162,0.3655611933903075,0.009489495757188824,0.2735073488934582,0.3047445249261742,0.2705116749986264,0.307740198821006,0.3555210365975777,0.3260506639778783,0.008463853517250037,0.341590534440328,0.36945153875482745,0.3389186385166591,0.37212343467849635,0.15026954177897575,0.2132749326145553,0.22934636118598364,0.2421220532238051,0.25496412913114547,0.1509433962264151,0.0979335130278525,0.07331536388140228,0.04615902964959594,0.00797169811320741,0.1470125786163522,0.28638814016172504,0.354559748427673,0.447214734950584,0.7599393530997305,0.251838187248416
