{
  "nDCG@1": 0.15768194070080863,
  "nDCG@1_std": 0.3645653670629918,
  "nDCG@1_stderr": 0.00946364539375085,
  "nDCG@1_ci90_low": 0.14210589932622608,
  "nDCG@1_ci90_high": 0.17325798207539117,
  "nDCG@1_ci95_low": 0.13911838595550477,
  "nDCG@1_ci95_high": 0.17624549544611248,
  "nDCG@3": 0.23611797538694473,
  "nDCG@3_std": 0.3819182328470804,
  "nDCG@3_stderr": 0.00991410334500652,
  "nDCG@3_ci90_low": 0.2198005334849395,
  "nDCG@3_ci90_high": 0.25243541728894997,
  "nDCG@3_ci95_low": 0.21667081813006392,
  "nDCG@3_ci95_high": 0.2555651326438256,
  "nDCG@5": 0.26424190162825056,
  "nDCG@5_std": 0.37865905394995636,
  "nDCG@5_stderr": 0.009829499276316012,
  "nDCG@5_ci90_low": 0.24806370802006367,
  "nDCG@5_ci90_high": 0.28042009523643746,
  "nDCG@5_ci95_low": 0.2449607007439372,
  "nDCG@5_ci95_high": 0.2835231025125639,
  "nDCG@10": 0.29603511973482804,
  "nDCG@10_std": 0.3687196397805784,
  "nDCG@10_stderr": 0.009571484940290607,
  "nDCG@10_ci90_low": 0.2802815872171571,
  "nDCG@10_ci90_high": 0.31178865225249897,
  "nDCG@10_ci95_low": 0.2772600307188909,
  "nDCG@10_ci95_high": 0.3148102087507652,
  "nDCG@100": 0.36161234731260816,
  "nDCG@100_std": 0.3287097811952215,
  "nDCG@100_stderr": 0.008532880760863677,
  "nDCG@100_ci90_low": 0.34756823447387525,
  "nDCG@100_ci90_high": 0.3756564601513411,
  "nDCG@100_ci95_low": 0.3448745478126354,
  "nDCG@100_ci95_high": 0.37835014681258095,
  "RR@1": 0.15700808625336926,
  "RR@3": 0.21933962264150947,
  "RR@5": 0.23500673854447415,
  "RR@10": 0.24828568219740707,
  "RR@100": 0.26057374357604,
  "P@1": 0.15768194070080863,
  "P@3": 0.09995507637017062,
  "P@5": 0.07425876010781739,
  "P@10": 0.04730458221024277,
  "P@100": 0.00807277628032331,
  "R@1": 0.1540880503144654,
  "R@3": 0.29166666666666663,
  "R@5": 0.3596136567834682,
  "R@10": 0.4569856244384546,
  "R@100": 0.7690363881401617,
  "AP": 0.2575503915768457
}