nDCG@1,nDCG@1_std,nDCG@1_stderr,nDCG@1_ci90_low,nDCG@1_ci90_high,nDCG@1_ci95_low,nDCG@1_ci95_high,nDCG@3,nDCG@3_std,nDCG@3_stderr,nDCG@3_ci90_low,nDCG@3_ci90_high,nDCG@3_ci95_low,nDCG@3_ci95_high,nDCG@5,nDCG@5_std,nDCG@5_stderr,nDCG@5_ci90_low,nDCG@5_ci90_high,nDCG@5_ci95_low,nDCG@5_ci95_high,nDCG@10,nDCG@10_std,nDCG@10_stderr,nDCG@10_ci90_low,nDCG@10_ci90_high,nDCG@10_ci95_low,nDCG@10_ci95_high,nDCG@100,nDCG@100_std,nDCG@100_stderr,nDCG@100_ci90_low,nDCG@100_ci90_high,nDCG@100_ci95_low,nDCG@100_ci95_high,RR@1,RR@3,RR@5,RR@10,RR@100,P@1,P@3,P@5,P@10,P@100,R@1,R@3,R@5,R@10,R@100,AP
0.16307277628032346,0.3695565932534578,0.009593211169916337,0.147283484957511,0.17886206760313592,0.14425506985467937,0.18189048270596755,0.24096019817444525,0.38377787198985047,0.00996237717186313,0.224563303261138,0.2573570930877525,0.22141834867262786,0.26050204767626267,0.27153845098442564,0.3800786571101671,0.009866350338215594,0.255299604885474,0.2877772970833773,0.252184964350115,0.2908919376187363,0.3061278831257932,0.3685401762158077,0.009566826298270464,0.29038201818206827,0.32187374806951813,0.2873619323385809,0.32489383391300547,0.3694890072233628,0.3283861842946934,0.008524480603871844,0.35545872004983753,0.3835192943968881,0.3527676851766016,0.386210329270124,0.16307277628032346,0.22473045822102425,0.24150943396226393,0.255912003166046,0.2678096390277247,0.16307277628032346,0.10265049415992811,0.07722371967655058,0.049595687331536444,0.008200808625336786,0.15869272237196766,0.29829290206648695,0.3719115004492362,0.47793126684636117,0.7795934411500448,0.26384059492091033
