{
  "nDCG@1": 0.16307277628032346,
  "nDCG@1_std": 0.3695565932534578,
  "nDCG@1_stderr": 0.009593211169916337,
  "nDCG@1_ci90_low": 0.147283484957511,
  "nDCG@1_ci90_high": 0.17886206760313592,
  "nDCG@1_ci95_low": 0.14425506985467937,
  "nDCG@1_ci95_high": 0.18189048270596755,
  "nDCG@3": 0.24096019817444525,
  "nDCG@3_std": 0.38377787198985047,
  "nDCG@3_stderr": 0.00996237717186313,
  "nDCG@3_ci90_low": 0.224563303261138,
  "nDCG@3_ci90_high": 0.2573570930877525,
  "nDCG@3_ci95_low": 0.22141834867262786,
  "nDCG@3_ci95_high": 0.26050204767626267,
  "nDCG@5": 0.27153845098442564,
  "nDCG@5_std": 0.3800786571101671,
  "nDCG@5_stderr": 0.009866350338215594,
  "nDCG@5_ci90_low": 0.255299604885474,
  "nDCG@5_ci90_high": 0.2877772970833773,
  "nDCG@5_ci95_low": 0.252184964350115,
  "nDCG@5_ci95_high": 0.2908919376187363,
  "nDCG@10": 0.3061278831257932,
  "nDCG@10_std": 0.3685401762158077,
  "nDCG@10_stderr": 0.009566826298270464,
  "nDCG@10_ci90_low": 0.29038201818206827,
  "nDCG@10_ci90_high": 0.32187374806951813,
  "nDCG@10_ci95_low": 0.2873619323385809,
  "nDCG@10_ci95_high": 0.32489383391300547,
  "nDCG@100": 0.3694890072233628,
  "nDCG@100_std": 0.3283861842946934,
  "nDCG@100_stderr": 0.008524480603871844,
  "nDCG@100_ci90_low": 0.35545872004983753,
  "nDCG@100_ci90_high": 0.3835192943968881,
  "nDCG@100_ci95_low": 0.3527676851766016,
  "nDCG@100_ci95_high": 0.386210329270124,
  "RR@1": 0.16307277628032346,
  "RR@3": 0.22473045822102425,
  "RR@5": 0.24150943396226393,
  "RR@10": 0.255912003166046,
  "RR@100": 0.2678096390277247,
  "P@1": 0.16307277628032346,
  "P@3": 0.10265049415992811,
  "P@5": 0.07722371967655058,
  "P@10": 0.049595687331536444,
  "P@100": 0.008200808625336786,
  "R@1": 0.15869272237196766,
  "R@3": 0.29829290206648695,
  "R@5": 0.3719115004492362,
  "R@10": 0.47793126684636117,
  "R@100": 0.7795934411500448,
  "AP": 0.26384059492091033
}