nDCG@1,nDCG@1_std,nDCG@1_stderr,nDCG@1_ci90_low,nDCG@1_ci90_high,nDCG@1_ci95_low,nDCG@1_ci95_high,nDCG@3,nDCG@3_std,nDCG@3_stderr,nDCG@3_ci90_low,nDCG@3_ci90_high,nDCG@3_ci95_low,nDCG@3_ci95_high,nDCG@5,nDCG@5_std,nDCG@5_stderr,nDCG@5_ci90_low,nDCG@5_ci90_high,nDCG@5_ci95_low,nDCG@5_ci95_high,nDCG@10,nDCG@10_std,nDCG@10_stderr,nDCG@10_ci90_low,nDCG@10_ci90_high,nDCG@10_ci95_low,nDCG@10_ci95_high,nDCG@100,nDCG@100_std,nDCG@100_stderr,nDCG@100_ci90_low,nDCG@100_ci90_high,nDCG@100_ci95_low,nDCG@100_ci95_high,RR@1,RR@3,RR@5,RR@10,RR@100,P@1,P@3,P@5,P@10,P@100,R@1,R@3,R@5,R@10,R@100,AP
0.16711590296495957,0.37320508270797,0.009687921237135577,0.1511707300696433,0.18306107586027584,0.14811241659463192,0.1861193893352872,0.24418388226335494,0.38648962496144956,0.01003277077157725,0.22767112780797558,0.26069663671873433,0.22450395114629917,0.2638638133804107,0.2739398892694559,0.3823739587692824,0.009925933400503028,0.2576029764948418,0.29027680204406997,0.25446952659080446,0.2934102519481073,0.30724814659357247,0.37100563116683394,0.00963082631993667,0.2913969451812912,0.3230993480058537,0.28835665560948365,0.3261396375776613,0.3750322029330577,0.3276042653785809,0.008504183000157128,0.3610353232153395,0.38902908265077596,0.35835069595354385,0.3917137099125716,0.16711590296495957,0.22720125786163523,0.24381176999101498,0.2578669832712957,0.2706624518225267,0.16711590296495957,0.10332434860736749,0.07722371967655058,0.04939353099730465,0.008396226415094193,0.162848158131177,0.30177448337825696,0.37393306379155433,0.4759097035040431,0.7977875112309074,0.26683688099604813
