{
  "nDCG@1": 0.1509433962264151,
  "nDCG@1_std": 0.3581143761935126,
  "nDCG@1_stderr": 0.009296186014603277,
  "nDCG@1_ci90_low": 0.1356429731901831,
  "nDCG@1_ci90_high": 0.16624381926264709,
  "nDCG@1_ci95_low": 0.13270832392345563,
  "nDCG@1_ci95_high": 0.16917846852937454,
  "nDCG@3": 0.2302622486523502,
  "nDCG@3_std": 0.37730756386329484,
  "nDCG@3_stderr": 0.009794416341707128,
  "nDCG@3_ci90_low": 0.21414179740646383,
  "nDCG@3_ci90_high": 0.24638269989823658,
  "nDCG@3_ci95_low": 0.21104986522158048,
  "nDCG@3_ci95_high": 0.24947463208311993,
  "nDCG@5": 0.2586471011303475,
  "nDCG@5_std": 0.3743099908822625,
  "nDCG@5_stderr": 0.009716603224232706,
  "nDCG@5_ci90_low": 0.24265472107551264,
  "nDCG@5_ci90_high": 0.2746394811851824,
  "nDCG@5_ci95_low": 0.2395873531805197,
  "nDCG@5_ci95_high": 0.2777068490801753,
  "nDCG@10": 0.2891259369098162,
  "nDCG@10_std": 0.3655611933903075,
  "nDCG@10_stderr": 0.009489495757188824,
  "nDCG@10_ci90_low": 0.2735073488934582,
  "nDCG@10_ci90_high": 0.3047445249261742,
  "nDCG@10_ci95_low": 0.2705116749986264,
  "nDCG@10_ci95_high": 0.307740198821006,
  "nDCG@100": 0.3555210365975777,
  "nDCG@100_std": 0.3260506639778783,
  "nDCG@100_stderr": 0.008463853517250037,
  "nDCG@100_ci90_low": 0.341590534440328,
  "nDCG@100_ci90_high": 0.36945153875482745,
  "nDCG@100_ci95_low": 0.3389186385166591,
  "nDCG@100_ci95_high": 0.37212343467849635,
  "RR@1": 0.15026954177897575,
  "RR@3": 0.2132749326145553,
  "RR@5": 0.22934636118598364,
  "RR@10": 0.2421220532238051,
  "RR@100": 0.25496412913114547,
  "P@1": 0.1509433962264151,
  "P@3": 0.0979335130278525,
  "P@5": 0.07331536388140228,
  "P@10": 0.04615902964959594,
  "P@100": 0.00797169811320741,
  "R@1": 0.1470125786163522,
  "R@3": 0.28638814016172504,
  "R@5": 0.354559748427673,
  "R@10": 0.447214734950584,
  "R@100": 0.7599393530997305,
  "AP": 0.251838187248416
}