{
  "nDCG@1": 0.1650943396226415,
  "nDCG@1_std": 0.37139082401445983,
  "nDCG@1_stderr": 0.00964082542804589,
  "nDCG@1_ci90_low": 0.14922668086066698,
  "nDCG@1_ci90_high": 0.18096199838461602,
  "nDCG@1_ci95_low": 0.14618323473893297,
  "nDCG@1_ci95_high": 0.18400544450635004,
  "nDCG@3": 0.24491293249538904,
  "nDCG@3_std": 0.38602768446948477,
  "nDCG@3_stderr": 0.010020779393887734,
  "nDCG@3_ci90_low": 0.22841991442987414,
  "nDCG@3_ci90_high": 0.26140595056090393,
  "nDCG@3_ci95_low": 0.22525652324405723,
  "nDCG@3_ci95_high": 0.2645693417467208,
  "nDCG@5": 0.27698953589361863,
  "nDCG@5_std": 0.38172341332021764,
  "nDCG@5_stderr": 0.009909046082072137,
  "nDCG@5_ci90_low": 0.2606804176484529,
  "nDCG@5_ci90_high": 0.29329865413878436,
  "nDCG@5_ci95_low": 0.25755229878626135,
  "nDCG@5_ci95_high": 0.2964267730009759,
  "nDCG@10": 0.3086846961141263,
  "nDCG@10_std": 0.3708712034479442,
  "nDCG@10_stderr": 0.00962733675022545,
  "nDCG@10_ci90_low": 0.292839238120997,
  "nDCG@10_ci90_high": 0.3245301541072556,
  "nDCG@10_ci95_low": 0.2898000501475415,
  "nDCG@10_ci95_high": 0.3275693420807111,
  "nDCG@100": 0.37528522058298225,
  "nDCG@100_std": 0.32789403645843757,
  "nDCG@100_stderr": 0.008511705082595238,
  "nDCG@100_ci90_low": 0.36127596040695176,
  "nDCG@100_ci90_high": 0.38929448075901274,
  "nDCG@100_ci95_low": 0.35858895855049155,
  "nDCG@100_ci95_high": 0.39198148261547294,
  "RR@1": 0.1650943396226415,
  "RR@3": 0.2280997304582211,
  "RR@5": 0.2456199460916439,
  "RR@10": 0.2589502310358103,
  "RR@100": 0.2717162957869195,
  "P@1": 0.1650943396226415,
  "P@3": 0.10399820305480685,
  "P@5": 0.07884097035040503,
  "P@10": 0.049595687331536444,
  "P@100": 0.008342318059299048,
  "R@1": 0.1610512129380054,
  "R@3": 0.3030098831985624,
  "R@5": 0.38067160826594787,
  "R@10": 0.47692048517520214,
  "R@100": 0.7921720575022462,
  "AP": 0.26803306438069674
}