nDCG@1,nDCG@1_std,nDCG@1_stderr,nDCG@1_ci90_low,nDCG@1_ci90_high,nDCG@1_ci95_low,nDCG@1_ci95_high,nDCG@3,nDCG@3_std,nDCG@3_stderr,nDCG@3_ci90_low,nDCG@3_ci90_high,nDCG@3_ci95_low,nDCG@3_ci95_high,nDCG@5,nDCG@5_std,nDCG@5_stderr,nDCG@5_ci90_low,nDCG@5_ci90_high,nDCG@5_ci95_low,nDCG@5_ci95_high,nDCG@10,nDCG@10_std,nDCG@10_stderr,nDCG@10_ci90_low,nDCG@10_ci90_high,nDCG@10_ci95_low,nDCG@10_ci95_high,nDCG@100,nDCG@100_std,nDCG@100_stderr,nDCG@100_ci90_low,nDCG@100_ci90_high,nDCG@100_ci95_low,nDCG@100_ci95_high,RR@1,RR@3,RR@5,RR@10,RR@100,P@1,P@3,P@5,P@10,P@100,R@1,R@3,R@5,R@10,R@100,AP
0.1650943396226415,0.37139082401445983,0.00964082542804589,0.14922668086066698,0.18096199838461602,0.14618323473893297,0.18400544450635004,0.24491293249538904,0.38602768446948477,0.010020779393887734,0.22841991442987414,0.26140595056090393,0.22525652324405723,0.2645693417467208,0.27698953589361863,0.38172341332021764,0.009909046082072137,0.2606804176484529,0.29329865413878436,0.25755229878626135,0.2964267730009759,0.3086846961141263,0.3708712034479442,0.00962733675022545,0.292839238120997,0.3245301541072556,0.2898000501475415,0.3275693420807111,0.37528522058298225,0.32789403645843757,0.008511705082595238,0.36127596040695176,0.38929448075901274,0.35858895855049155,0.39198148261547294,0.1650943396226415,0.2280997304582211,0.2456199460916439,0.2589502310358103,0.2717162957869195,0.1650943396226415,0.10399820305480685,0.07884097035040503,0.049595687331536444,0.008342318059299048,0.1610512129380054,0.3030098831985624,0.38067160826594787,0.47692048517520214,0.7921720575022462,0.26803306438069674
