{
  "nDCG@1": 0.16711590296495957,
  "nDCG@1_std": 0.37320508270797,
  "nDCG@1_stderr": 0.009687921237135577,
  "nDCG@1_ci90_low": 0.1511707300696433,
  "nDCG@1_ci90_high": 0.18306107586027584,
  "nDCG@1_ci95_low": 0.14811241659463192,
  "nDCG@1_ci95_high": 0.1861193893352872,
  "nDCG@3": 0.24418388226335494,
  "nDCG@3_std": 0.38648962496144956,
  "nDCG@3_stderr": 0.01003277077157725,
  "nDCG@3_ci90_low": 0.22767112780797558,
  "nDCG@3_ci90_high": 0.26069663671873433,
  "nDCG@3_ci95_low": 0.22450395114629917,
  "nDCG@3_ci95_high": 0.2638638133804107,
  "nDCG@5": 0.2739398892694559,
  "nDCG@5_std": 0.3823739587692824,
  "nDCG@5_stderr": 0.009925933400503028,
  "nDCG@5_ci90_low": 0.2576029764948418,
  "nDCG@5_ci90_high": 0.29027680204406997,
  "nDCG@5_ci95_low": 0.25446952659080446,
  "nDCG@5_ci95_high": 0.2934102519481073,
  "nDCG@10": 0.30724814659357247,
  "nDCG@10_std": 0.37100563116683394,
  "nDCG@10_stderr": 0.00963082631993667,
  "nDCG@10_ci90_low": 0.2913969451812912,
  "nDCG@10_ci90_high": 0.3230993480058537,
  "nDCG@10_ci95_low": 0.28835665560948365,
  "nDCG@10_ci95_high": 0.3261396375776613,
  "nDCG@100": 0.3750322029330577,
  "nDCG@100_std": 0.3276042653785809,
  "nDCG@100_stderr": 0.008504183000157128,
  "nDCG@100_ci90_low": 0.3610353232153395,
  "nDCG@100_ci90_high": 0.38902908265077596,
  "nDCG@100_ci95_low": 0.35835069595354385,
  "nDCG@100_ci95_high": 0.3917137099125716,
  "RR@1": 0.16711590296495957,
  "RR@3": 0.22720125786163523,
  "RR@5": 0.24381176999101498,
  "RR@10": 0.2578669832712957,
  "RR@100": 0.2706624518225267,
  "P@1": 0.16711590296495957,
  "P@3": 0.10332434860736749,
  "P@5": 0.07722371967655058,
  "P@10": 0.04939353099730465,
  "P@100": 0.008396226415094193,
  "R@1": 0.162848158131177,
  "R@3": 0.30177448337825696,
  "R@5": 0.37393306379155433,
  "R@10": 0.4759097035040431,
  "R@100": 0.7977875112309074,
  "AP": 0.26683688099604813
}