{
  "nDCG@1": 0.1610512129380054,
  "nDCG@1_std": 0.3677020915414396,
  "nDCG@1_stderr": 0.009545070704117205,
  "nDCG@1_ci90_low": 0.14534115512996243,
  "nDCG@1_ci90_high": 0.17676127074604836,
  "nDCG@1_ci95_low": 0.1423279371609269,
  "nDCG@1_ci95_high": 0.1797744887150839,
  "nDCG@3": 0.23973504245476104,
  "nDCG@3_std": 0.38367058970477813,
  "nDCG@3_stderr": 0.00995959226250343,
  "nDCG@3_ci90_low": 0.22334273117298334,
  "nDCG@3_ci90_high": 0.2561273537365388,
  "nDCG@3_ci95_low": 0.22019865573342712,
  "nDCG@3_ci95_high": 0.25927142917609497,
  "nDCG@5": 0.26722112446483237,
  "nDCG@5_std": 0.38031554024709413,
  "nDCG@5_stderr": 0.009872499518061439,
  "nDCG@5_ci90_low": 0.25097215754290886,
  "nDCG@5_ci90_high": 0.2834700913867559,
  "nDCG@5_ci95_low": 0.2478555758150977,
  "nDCG@5_ci95_high": 0.28658667311456704,
  "nDCG@10": 0.299981461359593,
  "nDCG@10_std": 0.36985684715037886,
  "nDCG@10_stderr": 0.009601005372726781,
  "nDCG@10_ci90_low": 0.2841793417005099,
  "nDCG@10_ci90_high": 0.31578358101867615,
  "nDCG@10_ci95_low": 0.28114846609919786,
  "nDCG@10_ci95_high": 0.3188144566199882,
  "nDCG@100": 0.3680313579016023,
  "nDCG@100_std": 0.3272924623685277,
  "nDCG@100_stderr": 0.008496088997307598,
  "nDCG@100_ci90_low": 0.3540477999555719,
  "nDCG@100_ci90_high": 0.3820149158476327,
  "nDCG@100_ci95_low": 0.3513657278340768,
  "nDCG@100_ci95_high": 0.38469698796912777,
  "RR@1": 0.1610512129380054,
  "RR@3": 0.22282120395327937,
  "RR@5": 0.2382187780772684,
  "RR@10": 0.25211354982244466,
  "RR@100": 0.2649369244054731,
  "P@1": 0.1610512129380054,
  "P@3": 0.1017520215633423,
  "P@5": 0.07493261455525675,
  "P@10": 0.04777628032345029,
  "P@100": 0.008261455525606325,
  "R@1": 0.1571203953279425,
  "R@3": 0.2966082659478886,
  "R@5": 0.3626460017969452,
  "R@10": 0.46237646001796945,
  "R@100": 0.7854335130278528,
  "AP": 0.26143730663774434
}