nDCG@1,nDCG@1_std,nDCG@1_stderr,nDCG@1_ci90_low,nDCG@1_ci90_high,nDCG@1_ci95_low,nDCG@1_ci95_high,nDCG@3,nDCG@3_std,nDCG@3_stderr,nDCG@3_ci90_low,nDCG@3_ci90_high,nDCG@3_ci95_low,nDCG@3_ci95_high,nDCG@5,nDCG@5_std,nDCG@5_stderr,nDCG@5_ci90_low,nDCG@5_ci90_high,nDCG@5_ci95_low,nDCG@5_ci95_high,nDCG@10,nDCG@10_std,nDCG@10_stderr,nDCG@10_ci90_low,nDCG@10_ci90_high,nDCG@10_ci95_low,nDCG@10_ci95_high,nDCG@100,nDCG@100_std,nDCG@100_stderr,nDCG@100_ci90_low,nDCG@100_ci90_high,nDCG@100_ci95_low,nDCG@100_ci95_high,RR@1,RR@3,RR@5,RR@10,RR@100,P@1,P@3,P@5,P@10,P@100,R@1,R@3,R@5,R@10,R@100,AP
0.1610512129380054,0.3677020915414396,0.009545070704117205,0.14534115512996243,0.17676127074604836,0.1423279371609269,0.1797744887150839,0.23973504245476104,0.38367058970477813,0.00995959226250343,0.22334273117298334,0.2561273537365388,0.22019865573342712,0.25927142917609497,0.26722112446483237,0.38031554024709413,0.009872499518061439,0.25097215754290886,0.2834700913867559,0.2478555758150977,0.28658667311456704,0.299981461359593,0.36985684715037886,0.009601005372726781,0.2841793417005099,0.31578358101867615,0.28114846609919786,0.3188144566199882,0.3680313579016023,0.3272924623685277,0.008496088997307598,0.3540477999555719,0.3820149158476327,0.3513657278340768,0.38469698796912777,0.1610512129380054,0.22282120395327937,0.2382187780772684,0.25211354982244466,0.2649369244054731,0.1610512129380054,0.1017520215633423,0.07493261455525675,0.04777628032345029,0.008261455525606325,0.1571203953279425,0.2966082659478886,0.3626460017969452,0.46237646001796945,0.7854335130278528,0.26143730663774434
