nDCG@1,nDCG@1_std,nDCG@1_stderr,nDCG@1_ci90_low,nDCG@1_ci90_high,nDCG@1_ci95_low,nDCG@1_ci95_high,nDCG@3,nDCG@3_std,nDCG@3_stderr,nDCG@3_ci90_low,nDCG@3_ci90_high,nDCG@3_ci95_low,nDCG@3_ci95_high,nDCG@5,nDCG@5_std,nDCG@5_stderr,nDCG@5_ci90_low,nDCG@5_ci90_high,nDCG@5_ci95_low,nDCG@5_ci95_high,nDCG@10,nDCG@10_std,nDCG@10_stderr,nDCG@10_ci90_low,nDCG@10_ci90_high,nDCG@10_ci95_low,nDCG@10_ci95_high,nDCG@100,nDCG@100_std,nDCG@100_stderr,nDCG@100_ci90_low,nDCG@100_ci90_high,nDCG@100_ci95_low,nDCG@100_ci95_high,RR@1,RR@3,RR@5,RR@10,RR@100,P@1,P@3,P@5,P@10,P@100,R@1,R@3,R@5,R@10,R@100,AP
0.15161725067385445,0.3587703944768248,0.009313215400732572,0.13628879928154006,0.16694570206616885,0.1333487741245885,0.1698857272231204,0.23635888694678314,0.37691090943866556,0.009784119705883504,0.22025538274602946,0.2524623911475368,0.2171667010355581,0.25555107285800815,0.27038167075503566,0.3727089943752915,0.009675043425668545,0.2544576932147733,0.28630564829529803,0.2514034450478269,0.2893598964622444,0.2968335143437307,0.3640274326469912,0.00944968131208523,0.28128045619651265,0.3123865724909487,0.27829735105105236,0.315369677636409,0.35920914015520916,0.32636745862772004,0.008472077096612204,0.34526510295865237,0.37315317735176595,0.3425906109895615,0.3758276693208568,0.15161725067385445,0.21945193171608263,0.2376796945193168,0.2490416292303082,0.2609250754752369,0.15161725067385445,0.10197663971248871,0.07803234501347783,0.047506738544474576,0.007944743935309835,0.14768643306379156,0.2971136567834681,0.3795485175202156,0.46029874213836475,0.7556154537286612,0.2554956954619993
