{
  "nDCG@1": 0.15161725067385445,
  "nDCG@1_std": 0.3587703944768248,
  "nDCG@1_stderr": 0.009313215400732572,
  "nDCG@1_ci90_low": 0.13628879928154006,
  "nDCG@1_ci90_high": 0.16694570206616885,
  "nDCG@1_ci95_low": 0.1333487741245885,
  "nDCG@1_ci95_high": 0.1698857272231204,
  "nDCG@3": 0.23635888694678314,
  "nDCG@3_std": 0.37691090943866556,
  "nDCG@3_stderr": 0.009784119705883504,
  "nDCG@3_ci90_low": 0.22025538274602946,
  "nDCG@3_ci90_high": 0.2524623911475368,
  "nDCG@3_ci95_low": 0.2171667010355581,
  "nDCG@3_ci95_high": 0.25555107285800815,
  "nDCG@5": 0.27038167075503566,
  "nDCG@5_std": 0.3727089943752915,
  "nDCG@5_stderr": 0.009675043425668545,
  "nDCG@5_ci90_low": 0.2544576932147733,
  "nDCG@5_ci90_high": 0.28630564829529803,
  "nDCG@5_ci95_low": 0.2514034450478269,
  "nDCG@5_ci95_high": 0.2893598964622444,
  "nDCG@10": 0.2968335143437307,
  "nDCG@10_std": 0.3640274326469912,
  "nDCG@10_stderr": 0.00944968131208523,
  "nDCG@10_ci90_low": 0.28128045619651265,
  "nDCG@10_ci90_high": 0.3123865724909487,
  "nDCG@10_ci95_low": 0.27829735105105236,
  "nDCG@10_ci95_high": 0.315369677636409,
  "nDCG@100": 0.35920914015520916,
  "nDCG@100_std": 0.32636745862772004,
  "nDCG@100_stderr": 0.008472077096612204,
  "nDCG@100_ci90_low": 0.34526510295865237,
  "nDCG@100_ci90_high": 0.37315317735176595,
  "nDCG@100_ci95_low": 0.3425906109895615,
  "nDCG@100_ci95_high": 0.3758276693208568,
  "RR@1": 0.15161725067385445,
  "RR@3": 0.21945193171608263,
  "RR@5": 0.2376796945193168,
  "RR@10": 0.2490416292303082,
  "RR@100": 0.2609250754752369,
  "P@1": 0.15161725067385445,
  "P@3": 0.10197663971248871,
  "P@5": 0.07803234501347783,
  "P@10": 0.047506738544474576,
  "P@100": 0.007944743935309835,
  "R@1": 0.14768643306379156,
  "R@3": 0.2971136567834681,
  "R@5": 0.3795485175202156,
  "R@10": 0.46029874213836475,
  "R@100": 0.7556154537286612,
  "AP": 0.2554956954619993
}