nDCG@1,nDCG@3,nDCG@5,nDCG@10,nDCG@100,RR@1,RR@3,RR@5,RR@10,RR@100,P@1,P@3,P@5,P@10,P@100,R@1,R@3,R@5,R@10,R@100,AP
0.14016172506738545,0.21538928877486446,0.24629801081696417,0.27333642813502934,0.3318956637173189,0.13948787061994608,0.19912398921832883,0.21627358490566015,0.2276590510418002,0.2386914488019627,0.14016172506738545,0.09299191374663042,0.07088948787062059,0.04407008086253407,0.0074258760107815455,0.13673629829290207,0.271170260557053,0.34596810422282126,0.4280098831985624,0.7070979335130279,0.23434072732659247
