{
  "nDCG@1": 0.14487870619946092,
  "nDCG@3": 0.22349734309256275,
  "nDCG@5": 0.25389688275198447,
  "nDCG@10": 0.2809431229498236,
  "nDCG@100": 0.3413116632676178,
  "RR@1": 0.14420485175202155,
  "RR@3": 0.20687331536388137,
  "RR@5": 0.22318059299191348,
  "RR@10": 0.2350134236084369,
  "RR@100": 0.2466084075062676,
  "P@1": 0.14487870619946092,
  "P@3": 0.09613656783468083,
  "P@5": 0.07264150943396293,
  "P@10": 0.044946091644205176,
  "P@100": 0.0075741239892182,
  "R@1": 0.1417902066486972,
  "R@3": 0.28060422282120395,
  "R@5": 0.3543912848158131,
  "R@10": 0.43615229110512127,
  "R@100": 0.7209119496855345,
  "AP": 0.24231439941364616
}