{
  "nDCG@1": 0.17048517520215634,
  "nDCG@1_std": 0.3761852482226634,
  "nDCG@1_stderr": 0.009765282479298962,
  "nDCG@1_ci90_low": 0.15441267484912258,
  "nDCG@1_ci90_high": 0.1865576755551901,
  "nDCG@1_ci95_low": 0.15132993973364156,
  "nDCG@1_ci95_high": 0.1896404106706711,
  "nDCG@3": 0.24396128717277393,
  "nDCG@3_std": 0.38668545533772347,
  "nDCG@3_stderr": 0.010037854274854896,
  "nDCG@3_ci90_low": 0.22744016587205262,
  "nDCG@3_ci90_high": 0.26048240847349524,
  "nDCG@3_ci95_low": 0.224271384434058,
  "nDCG@3_ci95_high": 0.26365118991148984,
  "nDCG@5": 0.278061357487453,
  "nDCG@5_std": 0.3820159595608534,
  "nDCG@5_stderr": 0.009916640204094631,
  "nDCG@5_ci90_low": 0.26173974021533675,
  "nDCG@5_ci90_high": 0.2943829747595692,
  "nDCG@5_ci95_low": 0.25860922401679787,
  "nDCG@5_ci95_high": 0.2975134909581081,
  "nDCG@10": 0.30770054834484367,
  "nDCG@10_std": 0.3720899961061826,
  "nDCG@10_stderr": 0.009658975031225635,
  "nDCG@10_ci90_low": 0.2918030174819717,
  "nDCG@10_ci90_high": 0.32359807920771566,
  "nDCG@10_ci95_low": 0.28875384183636854,
  "nDCG@10_ci95_high": 0.3266472548533188,
  "nDCG@100": 0.3723816731803409,
  "nDCG@100_std": 0.33136827098491173,
  "nDCG@100_stderr": 0.008601891717266974,
  "nDCG@100_ci90_low": 0.3582239764669472,
  "nDCG@100_ci90_high": 0.38653936989373455,
  "nDCG@100_ci95_low": 0.35550850420973423,
  "nDCG@100_ci95_high": 0.3892548421509475,
  "RR@1": 0.17048517520215634,
  "RR@3": 0.2291105121293799,
  "RR@5": 0.24794474393530935,
  "RR@10": 0.2603145188893164,
  "RR@100": 0.27242288542476145,
  "P@1": 0.17048517520215634,
  "P@3": 0.1026504941599281,
  "P@5": 0.07857142857142932,
  "P@10": 0.048787061994609277,
  "P@100": 0.008194070080862393,
  "R@1": 0.16565588499550762,
  "R@3": 0.29907906558849956,
  "R@5": 0.38185085354896675,
  "R@10": 0.4719788858939802,
  "R@100": 0.7809411500449235,
  "AP": 0.2667478497006208
}