nDCG@1,nDCG@1_std,nDCG@1_stderr,nDCG@1_ci90_low,nDCG@1_ci90_high,nDCG@1_ci95_low,nDCG@1_ci95_high,nDCG@3,nDCG@3_std,nDCG@3_stderr,nDCG@3_ci90_low,nDCG@3_ci90_high,nDCG@3_ci95_low,nDCG@3_ci95_high,nDCG@5,nDCG@5_std,nDCG@5_stderr,nDCG@5_ci90_low,nDCG@5_ci90_high,nDCG@5_ci95_low,nDCG@5_ci95_high,nDCG@10,nDCG@10_std,nDCG@10_stderr,nDCG@10_ci90_low,nDCG@10_ci90_high,nDCG@10_ci95_low,nDCG@10_ci95_high,nDCG@100,nDCG@100_std,nDCG@100_stderr,nDCG@100_ci90_low,nDCG@100_ci90_high,nDCG@100_ci95_low,nDCG@100_ci95_high,RR@1,RR@3,RR@5,RR@10,RR@100,P@1,P@3,P@5,P@10,P@100,R@1,R@3,R@5,R@10,R@100,AP
0.1637466307277628,0.3701702408858123,0.009609140668749709,0.14793112133331077,0.17956214012221483,0.14489767755613922,0.18259558389938638,0.24792150627846574,0.38437672780938315,0.009977922694367635,0.2314990252731564,0.26434398728377506,0.22834916322516263,0.26749384933176884,0.27790034341461,0.3799600415418578,0.009863271231481731,0.26166656516128106,0.29413412166793895,0.2585528966480293,0.29724779018119074,0.3074969409423451,0.37008556423430844,0.009606942572398927,0.29168504935459233,0.32330883253009784,0.2886522994793967,0.3263415824052935,0.3708627700770881,0.3302498509155989,0.008572858978851638,0.3567528578184114,0.38497268233576487,0.35404655070746033,0.3876789894467159,0.1637466307277628,0.23057053009883186,0.2471810422282115,0.2595938689941381,0.27146959632460244,0.1637466307277628,0.10624438454627141,0.0787061994609172,0.0488544474393532,0.008133423180592852,0.1597035040431267,0.30986073674752923,0.3823000898472596,0.4719788858939802,0.7733602875112308,0.266019680598397
