nDCG@1,nDCG@1_std,nDCG@1_stderr,nDCG@1_ci90_low,nDCG@1_ci90_high,nDCG@1_ci95_low,nDCG@1_ci95_high,nDCG@3,nDCG@3_std,nDCG@3_stderr,nDCG@3_ci90_low,nDCG@3_ci90_high,nDCG@3_ci95_low,nDCG@3_ci95_high,nDCG@5,nDCG@5_std,nDCG@5_stderr,nDCG@5_ci90_low,nDCG@5_ci90_high,nDCG@5_ci95_low,nDCG@5_ci95_high,nDCG@10,nDCG@10_std,nDCG@10_stderr,nDCG@10_ci90_low,nDCG@10_ci90_high,nDCG@10_ci95_low,nDCG@10_ci95_high,nDCG@100,nDCG@100_std,nDCG@100_stderr,nDCG@100_ci90_low,nDCG@100_ci90_high,nDCG@100_ci95_low,nDCG@100_ci95_high,RR@1,RR@3,RR@5,RR@10,RR@100,P@1,P@3,P@5,P@10,P@100,R@1,R@3,R@5,R@10,R@100,AP
0.14487870619946092,0.35209715427223415,0.009139986716306673,0.12983536873984564,0.1599220436590762,0.12695002895934074,0.1628073834395811,0.22349734309256275,0.37160265114390223,0.009646324186345312,0.20762063402457856,0.23937405216054694,0.20457545203751376,0.24241923414761174,0.25389688275198447,0.36895105476331863,0.009577492173926368,0.23813346303802035,0.2696603024659486,0.23511001015732835,0.2726837553466406,0.2809431229498236,0.36137514255953684,0.009380831291933175,0.2655033837952252,0.296382862104422,0.2625420134408756,0.2993442324587716,0.3413116632676178,0.32765665730258103,0.008505543026739544,0.327312545106949,0.3553107814282866,0.32462748850768025,0.35799583802755536,0.14420485175202155,0.20687331536388137,0.22318059299191348,0.2350134236084369,0.2466084075062676,0.14487870619946092,0.09613656783468083,0.07264150943396293,0.044946091644205176,0.0075741239892182,0.1417902066486972,0.28060422282120395,0.3543912848158131,0.43615229110512127,0.7209119496855345,0.24231439941364616
