nDCG@1,nDCG@3,nDCG@5,nDCG@10,nDCG@100,RR@1,RR@3,RR@5,RR@10,RR@100,P@1,P@3,P@5,P@10,P@100,R@1,R@3,R@5,R@10,R@100,AP
0.14487870619946092,0.22349734309256275,0.25389688275198447,0.2809431229498236,0.3413116632676178,0.14420485175202155,0.20687331536388137,0.22318059299191348,0.2350134236084369,0.2466084075062676,0.14487870619946092,0.09613656783468083,0.07264150943396293,0.044946091644205176,0.0075741239892182,0.1417902066486972,0.28060422282120395,0.3543912848158131,0.43615229110512127,0.7209119496855345,0.24231439941364616
