{
  "nDCG@1": 0.14487870619946092,
  "nDCG@1_std": 0.35209715427223415,
  "nDCG@1_stderr": 0.009139986716306673,
  "nDCG@1_ci90_low": 0.12983536873984564,
  "nDCG@1_ci90_high": 0.1599220436590762,
  "nDCG@1_ci95_low": 0.12695002895934074,
  "nDCG@1_ci95_high": 0.1628073834395811,
  "nDCG@3": 0.22349734309256275,
  "nDCG@3_std": 0.37160265114390223,
  "nDCG@3_stderr": 0.009646324186345312,
  "nDCG@3_ci90_low": 0.20762063402457856,
  "nDCG@3_ci90_high": 0.23937405216054694,
  "nDCG@3_ci95_low": 0.20457545203751376,
  "nDCG@3_ci95_high": 0.24241923414761174,
  "nDCG@5": 0.25389688275198447,
  "nDCG@5_std": 0.36895105476331863,
  "nDCG@5_stderr": 0.009577492173926368,
  "nDCG@5_ci90_low": 0.23813346303802035,
  "nDCG@5_ci90_high": 0.2696603024659486,
  "nDCG@5_ci95_low": 0.23511001015732835,
  "nDCG@5_ci95_high": 0.2726837553466406,
  "nDCG@10": 0.2809431229498236,
  "nDCG@10_std": 0.36137514255953684,
  "nDCG@10_stderr": 0.009380831291933175,
  "nDCG@10_ci90_low": 0.2655033837952252,
  "nDCG@10_ci90_high": 0.296382862104422,
  "nDCG@10_ci95_low": 0.2625420134408756,
  "nDCG@10_ci95_high": 0.2993442324587716,
  "nDCG@100": 0.3413116632676178,
  "nDCG@100_std": 0.32765665730258103,
  "nDCG@100_stderr": 0.008505543026739544,
  "nDCG@100_ci90_low": 0.327312545106949,
  "nDCG@100_ci90_high": 0.3553107814282866,
  "nDCG@100_ci95_low": 0.32462748850768025,
  "nDCG@100_ci95_high": 0.35799583802755536,
  "RR@1": 0.14420485175202155,
  "RR@3": 0.20687331536388137,
  "RR@5": 0.22318059299191348,
  "RR@10": 0.2350134236084369,
  "RR@100": 0.2466084075062676,
  "P@1": 0.14487870619946092,
  "P@3": 0.09613656783468083,
  "P@5": 0.07264150943396293,
  "P@10": 0.044946091644205176,
  "P@100": 0.0075741239892182,
  "R@1": 0.1417902066486972,
  "R@3": 0.28060422282120395,
  "R@5": 0.3543912848158131,
  "R@10": 0.43615229110512127,
  "R@100": 0.7209119496855345,
  "AP": 0.24231439941364616
}