{
  "nDCG@1": 0.15161725067385445,
  "nDCG@3": 0.23635888694678314,
  "nDCG@5": 0.27038167075503566,
  "nDCG@10": 0.2968335143437307,
  "nDCG@100": 0.35920914015520916,
  "RR@1": 0.15161725067385445,
  "RR@3": 0.21945193171608263,
  "RR@5": 0.2376796945193168,
  "RR@10": 0.2490416292303082,
  "RR@100": 0.2609250754752369,
  "P@1": 0.15161725067385445,
  "P@3": 0.10197663971248871,
  "P@5": 0.07803234501347783,
  "P@10": 0.047506738544474576,
  "P@100": 0.007944743935309835,
  "R@1": 0.14768643306379156,
  "R@3": 0.2971136567834681,
  "R@5": 0.3795485175202156,
  "R@10": 0.46029874213836475,
  "R@100": 0.7556154537286612,
  "AP": 0.2554956954619993
}