{
  "nDCG@1": 0.16778975741239893,
  "nDCG@3": 0.23756984318707836,
  "nDCG@5": 0.2716663919013422,
  "nDCG@10": 0.3007360784439105,
  "nDCG@100": 0.3662126224338015,
  "RR@1": 0.16778975741239893,
  "RR@3": 0.22338274932614544,
  "RR@5": 0.24218328840970302,
  "RR@10": 0.25424795704445263,
  "RR@100": 0.26650782117364186,
  "P@1": 0.16778975741239893,
  "P@3": 0.09950584007187768,
  "P@5": 0.07681940700808698,
  "P@10": 0.0477762803234503,
  "P@100": 0.008126684636118459,
  "R@1": 0.16352201257861637,
  "R@3": 0.2899820305480683,
  "R@5": 0.37286612758310866,
  "R@10": 0.46119721473495057,
  "R@100": 0.7763926325247079,
  "AP": 0.261094023787271
}