nDCG@1,nDCG@3,nDCG@5,nDCG@10,nDCG@100,RR@1,RR@3,RR@5,RR@10,RR@100,P@1,P@3,P@5,P@10,P@100,R@1,R@3,R@5,R@10,R@100,AP
0.17048517520215634,0.24396128717277393,0.278061357487453,0.30770054834484367,0.3723816731803409,0.17048517520215634,0.2291105121293799,0.24794474393530935,0.2603145188893164,0.27242288542476145,0.17048517520215634,0.1026504941599281,0.07857142857142932,0.048787061994609277,0.008194070080862393,0.16565588499550762,0.29907906558849956,0.38185085354896675,0.4719788858939802,0.7809411500449235,0.2667478497006208
