{
  "nDCG@1": 0.1664420485175202,
  "nDCG@1_std": 0.37260253085394857,
  "nDCG@1_stderr": 0.009672279770356259,
  "nDCG@1_ci90_low": 0.15052261962713828,
  "nDCG@1_ci90_high": 0.18236147740790212,
  "nDCG@1_ci95_low": 0.14746924389960125,
  "nDCG@1_ci95_high": 0.18541485313543915,
  "nDCG@3": 0.2377234398333977,
  "nDCG@3_std": 0.384457306355466,
  "nDCG@3_stderr": 0.009980014409202249,
  "nDCG@3_ci90_low": 0.22129751611278656,
  "nDCG@3_ci90_high": 0.2541493635540088,
  "nDCG@3_ci95_low": 0.21814699374566882,
  "nDCG@3_ci95_high": 0.25729988592112657,
  "nDCG@5": 0.27302772087609567,
  "nDCG@5_std": 0.3799905236614276,
  "nDCG@5_stderr": 0.009864062507879657,
  "nDCG@5_ci90_low": 0.2567926402753731,
  "nDCG@5_ci90_high": 0.28926280147681827,
  "nDCG@5_ci95_low": 0.2536787219694969,
  "nDCG@5_ci95_high": 0.2923767197826944,
  "nDCG@10": 0.3032438827630067,
  "nDCG@10_std": 0.37056764060359404,
  "nDCG@10_stderr": 0.009619456651419596,
  "nDCG@10_ci90_low": 0.2874113944808005,
  "nDCG@10_ci90_high": 0.31907637104521286,
  "nDCG@10_ci95_low": 0.2843746941217436,
  "nDCG@10_ci95_high": 0.32211307140426976,
  "nDCG@100": 0.36835286169230735,
  "nDCG@100_std": 0.3296838205993407,
  "nDCG@100_stderr": 0.00855816556395506,
  "nDCG@100_ci90_low": 0.3542671330572599,
  "nDCG@100_ci90_high": 0.38243859032735483,
  "nDCG@100_ci95_low": 0.35156546440978015,
  "nDCG@100_ci95_high": 0.38514025897483456,
  "RR@1": 0.1664420485175202,
  "RR@3": 0.22327044025157225,
  "RR@5": 0.24294699011680104,
  "RR@10": 0.25565957515081483,
  "RR@100": 0.2675418223674693,
  "P@1": 0.1664420485175202,
  "P@3": 0.09973045822102414,
  "P@5": 0.07735849056603847,
  "P@10": 0.04838274932614568,
  "P@100": 0.008194070080862393,
  "R@1": 0.16251123090745734,
  "R@3": 0.29065588499550765,
  "R@5": 0.37589847259658576,
  "R@10": 0.4675988319856244,
  "R@100": 0.7816150044923629,
  "AP": 0.2622292341369323
}