nDCG@1,nDCG@3,nDCG@5,nDCG@10,nDCG@100,RR@1,RR@3,RR@5,RR@10,RR@100,P@1,P@3,P@5,P@10,P@100,R@1,R@3,R@5,R@10,R@100,AP
0.1664420485175202,0.2377234398333977,0.27302772087609567,0.3032438827630067,0.36835286169230735,0.1664420485175202,0.22327044025157225,0.24294699011680104,0.25565957515081483,0.2675418223674693,0.1664420485175202,0.09973045822102414,0.07735849056603847,0.04838274932614568,0.008194070080862393,0.16251123090745734,0.29065588499550765,0.37589847259658576,0.4675988319856244,0.7816150044923629,0.2622292341369323
