nDCG@1,nDCG@1_std,nDCG@1_stderr,nDCG@1_ci90_low,nDCG@1_ci90_high,nDCG@1_ci95_low,nDCG@1_ci95_high,nDCG@3,nDCG@3_std,nDCG@3_stderr,nDCG@3_ci90_low,nDCG@3_ci90_high,nDCG@3_ci95_low,nDCG@3_ci95_high,nDCG@5,nDCG@5_std,nDCG@5_stderr,nDCG@5_ci90_low,nDCG@5_ci90_high,nDCG@5_ci95_low,nDCG@5_ci95_high,nDCG@10,nDCG@10_std,nDCG@10_stderr,nDCG@10_ci90_low,nDCG@10_ci90_high,nDCG@10_ci95_low,nDCG@10_ci95_high,nDCG@100,nDCG@100_std,nDCG@100_stderr,nDCG@100_ci90_low,nDCG@100_ci90_high,nDCG@100_ci95_low,nDCG@100_ci95_high,RR@1,RR@3,RR@5,RR@10,RR@100,P@1,P@3,P@5,P@10,P@100,R@1,R@3,R@5,R@10,R@100,AP
0.13746630727762804,0.3444550391299843,0.008941607291658884,0.12274947889539432,0.15218313565986175,0.11992676415618722,0.15500585039906886,0.20750962927385572,0.3650440916649332,0.009476072465226498,0.1919131344089514,0.22310612413876002,0.18892169802118458,0.22609756052652685,0.23742226076973194,0.3633932354886121,0.009433218374135374,0.2218962986718675,0.2529482228675964,0.21891839059848675,0.2559261309409771,0.27204627451595736,0.3547985553273287,0.009210111593657684,0.25688751979950697,0.28720502923240776,0.2539800427769574,0.2901125062549573,0.3358165161652388,0.31827384097281597,0.008261977250717135,0.3222182784736609,0.34941475385681664,0.31961011148534463,0.3520229208451329,0.13746630727762804,0.1913746630727763,0.2080862533692719,0.2226760043640094,0.23444983217670282,0.13746630727762804,0.08849955076370129,0.06805929919137525,0.04528301886792484,0.007843665768193935,0.13432165318957773,0.259433962264151,0.33209793351302785,0.43794923629829285,0.7462938005390836,0.23119000565955727
