{
  "nDCG@1": 0.14353099730458221,
  "nDCG@1_std": 0.3507317248284827,
  "nDCG@1_stderr": 0.009104541934017142,
  "nDCG@1_ci90_low": 0.1285459977657664,
  "nDCG@1_ci90_high": 0.15851599684339804,
  "nDCG@1_ci95_low": 0.12567184730571956,
  "nDCG@1_ci95_high": 0.16139014730344486,
  "nDCG@3": 0.2165286020956456,
  "nDCG@3_std": 0.36940143176655804,
  "nDCG@3_stderr": 0.009589183378404992,
  "nDCG@3_ci90_low": 0.20074594004143087,
  "nDCG@3_ci90_high": 0.2323112641498603,
  "nDCG@3_ci95_low": 0.19771879644450358,
  "nDCG@3_ci95_high": 0.2353384077467876,
  "nDCG@5": 0.24775607009907458,
  "nDCG@5_std": 0.36685741700329494,
  "nDCG@5_stderr": 0.009523144045623749,
  "nDCG@5_ci90_low": 0.23208210097839155,
  "nDCG@5_ci90_high": 0.2634300392197576,
  "nDCG@5_ci95_low": 0.2290758048859373,
  "nDCG@5_ci95_high": 0.2664363353122119,
  "nDCG@10": 0.2786325858887959,
  "nDCG@10_std": 0.35872046470337726,
  "nDCG@10_stderr": 0.009311919288393913,
  "nDCG@10_ci90_low": 0.2633062677441438,
  "nDCG@10_ci90_high": 0.29395890403344804,
  "nDCG@10_ci95_low": 0.26036665174801565,
  "nDCG@10_ci95_high": 0.2968985200295762,
  "nDCG@100": 0.34337390926435385,
  "nDCG@100_std": 0.32066101165970506,
  "nDCG@100_stderr": 0.008323945114140573,
  "nDCG@100_ci90_low": 0.32967367979641304,
  "nDCG@100_ci90_high": 0.35707413873229465,
  "nDCG@100_ci95_low": 0.3270459505978881,
  "nDCG@100_ci95_high": 0.3597018679308196,
  "RR@1": 0.14353099730458221,
  "RR@3": 0.19979784366576817,
  "RR@5": 0.21718328840970322,
  "RR@10": 0.23005390835579487,
  "RR@100": 0.24204172543492355,
  "P@1": 0.14353099730458221,
  "P@3": 0.09299191374663045,
  "P@5": 0.07142857142857208,
  "P@10": 0.045687331536388424,
  "P@100": 0.007924528301886656,
  "R@1": 0.14004941599281223,
  "R@3": 0.27190026954177904,
  "R@5": 0.3479335130278527,
  "R@10": 0.4418800539083558,
  "R@100": 0.755222371967655,
  "AP": 0.23830237249271155
}