{
  "nDCG@1": 0.08692722371967655,
  "nDCG@1_std": 0.2818233524436487,
  "nDCG@1_stderr": 0.0073157697141975776,
  "nDCG@1_ci90_low": 0.07488633175742014,
  "nDCG@1_ci90_high": 0.09896811568193296,
  "nDCG@1_ci95_low": 0.07257686654302027,
  "nDCG@1_ci95_high": 0.10127758089633283,
  "nDCG@3": 0.14646585137405957,
  "nDCG@3_std": 0.3141866545505437,
  "nDCG@3_stderr": 0.008155879177633153,
  "nDCG@3_ci90_low": 0.1330422385661667,
  "nDCG@3_ci90_high": 0.15988946418195243,
  "nDCG@3_ci95_low": 0.13046756495157247,
  "nDCG@3_ci95_high": 0.16246413779654667,
  "nDCG@5": 0.17096386104868203,
  "nDCG@5_std": 0.3180271919048042,
  "nDCG@5_stderr": 0.008255574559931757,
  "nDCG@5_ci90_low": 0.15737616142910837,
  "nDCG@5_ci90_high": 0.18455156066825568,
  "nDCG@5_ci95_low": 0.15477001566237575,
  "nDCG@5_ci95_high": 0.1871577064349883,
  "nDCG@10": 0.19817888577431855,
  "nDCG@10_std": 0.3159795439995976,
  "nDCG@10_stderr": 0.00820242026877611,
  "nDCG@10_ci90_low": 0.1846786718332366,
  "nDCG@10_ci90_high": 0.2116790997154005,
  "nDCG@10_ci95_low": 0.1820893059804728,
  "nDCG@10_ci95_high": 0.2142684655681643,
  "nDCG@100": 0.2565242741884046,
  "nDCG@100_std": 0.2934501475195795,
  "nDCG@100_stderr": 0.007617586276069198,
  "nDCG@100_ci90_low": 0.2439866278508891,
  "nDCG@100_ci90_high": 0.26906192052592015,
  "nDCG@100_ci95_low": 0.24158188423407867,
  "nDCG@100_ci95_high": 0.2714666641427306,
  "RR@1": 0.08692722371967655,
  "RR@3": 0.13252470799640617,
  "RR@5": 0.14630503144654092,
  "RR@10": 0.15783944080776957,
  "RR@100": 0.16865477117110472,
  "P@1": 0.08692722371967655,
  "P@3": 0.0646900269541777,
  "P@5": 0.051347708894879066,
  "P@10": 0.03443396226415125,
  "P@100": 0.006421832884096929,
  "R@1": 0.08557951482479785,
  "R@3": 0.19103773584905662,
  "R@5": 0.2501123090745732,
  "R@10": 0.33344564240790653,
  "R@100": 0.6152291105121294,
  "AP": 0.1660874858164074
}