nDCG@1,nDCG@1_std,nDCG@1_stderr,nDCG@1_ci90_low,nDCG@1_ci90_high,nDCG@1_ci95_low,nDCG@1_ci95_high,nDCG@3,nDCG@3_std,nDCG@3_stderr,nDCG@3_ci90_low,nDCG@3_ci90_high,nDCG@3_ci95_low,nDCG@3_ci95_high,nDCG@5,nDCG@5_std,nDCG@5_stderr,nDCG@5_ci90_low,nDCG@5_ci90_high,nDCG@5_ci95_low,nDCG@5_ci95_high,nDCG@10,nDCG@10_std,nDCG@10_stderr,nDCG@10_ci90_low,nDCG@10_ci90_high,nDCG@10_ci95_low,nDCG@10_ci95_high,nDCG@100,nDCG@100_std,nDCG@100_stderr,nDCG@100_ci90_low,nDCG@100_ci90_high,nDCG@100_ci95_low,nDCG@100_ci95_high,RR@1,RR@3,RR@5,RR@10,RR@100,P@1,P@3,P@5,P@10,P@100,R@1,R@3,R@5,R@10,R@100,AP
0.14016172506738545,0.34727176847151325,0.009014725942158115,0.1253245520316864,0.15499889810308448,0.12247875496670241,0.15784469516806848,0.20605372737243793,0.36612179331988864,0.009504048206271024,0.1904111877455139,0.22169626699936196,0.18741091988774278,0.2246965348571331,0.2388727578104545,0.36461019198071715,0.009464808990637669,0.22329480129297527,0.2544507143279337,0.22030692059432558,0.2574385950265834,0.273142961542312,0.35614816290058815,0.009245145660653525,0.25792654489387423,0.28835937819074975,0.2550080082067635,0.2912779148778605,0.3353357307822687,0.3206498994400793,0.008323656655291828,0.32163597608348665,0.34903548548105073,0.3190083379465592,0.3516631236179782,0.14016172506738545,0.19193620844564246,0.21043351302785243,0.22500133701279226,0.23648158718683396,0.14016172506738545,0.0869272237196761,0.068328840970351,0.04501347708894912,0.007742587601078034,0.13668014375561546,0.25404312668463613,0.33243486073674755,0.43643306379155433,0.737533692722372,0.23239560069907042
