{
  "nDCG@1": 0.14016172506738545,
  "nDCG@1_std": 0.34727176847151325,
  "nDCG@1_stderr": 0.009014725942158115,
  "nDCG@1_ci90_low": 0.1253245520316864,
  "nDCG@1_ci90_high": 0.15499889810308448,
  "nDCG@1_ci95_low": 0.12247875496670241,
  "nDCG@1_ci95_high": 0.15784469516806848,
  "nDCG@3": 0.20605372737243793,
  "nDCG@3_std": 0.36612179331988864,
  "nDCG@3_stderr": 0.009504048206271024,
  "nDCG@3_ci90_low": 0.1904111877455139,
  "nDCG@3_ci90_high": 0.22169626699936196,
  "nDCG@3_ci95_low": 0.18741091988774278,
  "nDCG@3_ci95_high": 0.2246965348571331,
  "nDCG@5": 0.2388727578104545,
  "nDCG@5_std": 0.36461019198071715,
  "nDCG@5_stderr": 0.009464808990637669,
  "nDCG@5_ci90_low": 0.22329480129297527,
  "nDCG@5_ci90_high": 0.2544507143279337,
  "nDCG@5_ci95_low": 0.22030692059432558,
  "nDCG@5_ci95_high": 0.2574385950265834,
  "nDCG@10": 0.273142961542312,
  "nDCG@10_std": 0.35614816290058815,
  "nDCG@10_stderr": 0.009245145660653525,
  "nDCG@10_ci90_low": 0.25792654489387423,
  "nDCG@10_ci90_high": 0.28835937819074975,
  "nDCG@10_ci95_low": 0.2550080082067635,
  "nDCG@10_ci95_high": 0.2912779148778605,
  "nDCG@100": 0.3353357307822687,
  "nDCG@100_std": 0.3206498994400793,
  "nDCG@100_stderr": 0.008323656655291828,
  "nDCG@100_ci90_low": 0.32163597608348665,
  "nDCG@100_ci90_high": 0.34903548548105073,
  "nDCG@100_ci95_low": 0.3190083379465592,
  "nDCG@100_ci95_high": 0.3516631236179782,
  "RR@1": 0.14016172506738545,
  "RR@3": 0.19193620844564246,
  "RR@5": 0.21043351302785243,
  "RR@10": 0.22500133701279226,
  "RR@100": 0.23648158718683396,
  "P@1": 0.14016172506738545,
  "P@3": 0.0869272237196761,
  "P@5": 0.068328840970351,
  "P@10": 0.04501347708894912,
  "P@100": 0.007742587601078034,
  "R@1": 0.13668014375561546,
  "R@3": 0.25404312668463613,
  "R@5": 0.33243486073674755,
  "R@10": 0.43643306379155433,
  "R@100": 0.737533692722372,
  "AP": 0.23239560069907042
}