nDCG@1,nDCG@1_std,nDCG@1_stderr,nDCG@1_ci90_low,nDCG@1_ci90_high,nDCG@1_ci95_low,nDCG@1_ci95_high,nDCG@3,nDCG@3_std,nDCG@3_stderr,nDCG@3_ci90_low,nDCG@3_ci90_high,nDCG@3_ci95_low,nDCG@3_ci95_high,nDCG@5,nDCG@5_std,nDCG@5_stderr,nDCG@5_ci90_low,nDCG@5_ci90_high,nDCG@5_ci95_low,nDCG@5_ci95_high,nDCG@10,nDCG@10_std,nDCG@10_stderr,nDCG@10_ci90_low,nDCG@10_ci90_high,nDCG@10_ci95_low,nDCG@10_ci95_high,nDCG@100,nDCG@100_std,nDCG@100_stderr,nDCG@100_ci90_low,nDCG@100_ci90_high,nDCG@100_ci95_low,nDCG@100_ci95_high,RR@1,RR@3,RR@5,RR@10,RR@100,P@1,P@3,P@5,P@10,P@100,R@1,R@3,R@5,R@10,R@100,AP
0.07277628032345014,0.25985649045943754,0.006745538389409886,0.061673921699926096,0.08387863894697418,0.059544468905299706,0.08600809174160057,0.12362920936154857,0.29312318473737814,0.007609098745142616,0.11110553249640653,0.1361528862266906,0.10870346825007889,0.13855495047301827,0.1448342073111932,0.2983693150562273,0.007745281502783485,0.13208638972867817,0.15758202489370823,0.1296413348806969,0.1600270797416895,0.1739401249759308,0.298831216558289,0.007757271868345546,0.16117257266939342,0.1867076772824682,0.15872373266506426,0.18915651728679736,0.22941557019183362,0.28119907364864555,0.007299564244132377,0.21740135051723464,0.2414297898664326,0.21509700109664195,0.24373413928702528,0.07210242587601078,0.11152291105121293,0.1232816711590296,0.13572364480383328,0.14624506110829877,0.07277628032345014,0.05458221024258755,0.04339622641509458,0.031064690026954434,0.005909703504043032,0.07142857142857142,0.16172506738544473,0.21282569631626239,0.30110062893081757,0.5673854447439353,0.14438351870283583
