{
  "nDCG@1": 0.07277628032345014,
  "nDCG@1_std": 0.25985649045943754,
  "nDCG@1_stderr": 0.006745538389409886,
  "nDCG@1_ci90_low": 0.061673921699926096,
  "nDCG@1_ci90_high": 0.08387863894697418,
  "nDCG@1_ci95_low": 0.059544468905299706,
  "nDCG@1_ci95_high": 0.08600809174160057,
  "nDCG@3": 0.12362920936154857,
  "nDCG@3_std": 0.29312318473737814,
  "nDCG@3_stderr": 0.007609098745142616,
  "nDCG@3_ci90_low": 0.11110553249640653,
  "nDCG@3_ci90_high": 0.1361528862266906,
  "nDCG@3_ci95_low": 0.10870346825007889,
  "nDCG@3_ci95_high": 0.13855495047301827,
  "nDCG@5": 0.1448342073111932,
  "nDCG@5_std": 0.2983693150562273,
  "nDCG@5_stderr": 0.007745281502783485,
  "nDCG@5_ci90_low": 0.13208638972867817,
  "nDCG@5_ci90_high": 0.15758202489370823,
  "nDCG@5_ci95_low": 0.1296413348806969,
  "nDCG@5_ci95_high": 0.1600270797416895,
  "nDCG@10": 0.1739401249759308,
  "nDCG@10_std": 0.298831216558289,
  "nDCG@10_stderr": 0.007757271868345546,
  "nDCG@10_ci90_low": 0.16117257266939342,
  "nDCG@10_ci90_high": 0.1867076772824682,
  "nDCG@10_ci95_low": 0.15872373266506426,
  "nDCG@10_ci95_high": 0.18915651728679736,
  "nDCG@100": 0.22941557019183362,
  "nDCG@100_std": 0.28119907364864555,
  "nDCG@100_stderr": 0.007299564244132377,
  "nDCG@100_ci90_low": 0.21740135051723464,
  "nDCG@100_ci90_high": 0.2414297898664326,
  "nDCG@100_ci95_low": 0.21509700109664195,
  "nDCG@100_ci95_high": 0.24373413928702528,
  "RR@1": 0.07210242587601078,
  "RR@3": 0.11152291105121293,
  "RR@5": 0.1232816711590296,
  "RR@10": 0.13572364480383328,
  "RR@100": 0.14624506110829877,
  "P@1": 0.07277628032345014,
  "P@3": 0.05458221024258755,
  "P@5": 0.04339622641509458,
  "P@10": 0.031064690026954434,
  "P@100": 0.005909703504043032,
  "R@1": 0.07142857142857142,
  "R@3": 0.16172506738544473,
  "R@5": 0.21282569631626239,
  "R@10": 0.30110062893081757,
  "R@100": 0.5673854447439353,
  "AP": 0.14438351870283583
}