nDCG@1,nDCG@1_std,nDCG@1_stderr,nDCG@1_ci90_low,nDCG@1_ci90_high,nDCG@1_ci95_low,nDCG@1_ci95_high,nDCG@3,nDCG@3_std,nDCG@3_stderr,nDCG@3_ci90_low,nDCG@3_ci90_high,nDCG@3_ci95_low,nDCG@3_ci95_high,nDCG@5,nDCG@5_std,nDCG@5_stderr,nDCG@5_ci90_low,nDCG@5_ci90_high,nDCG@5_ci95_low,nDCG@5_ci95_high,nDCG@10,nDCG@10_std,nDCG@10_stderr,nDCG@10_ci90_low,nDCG@10_ci90_high,nDCG@10_ci95_low,nDCG@10_ci95_high,nDCG@100,nDCG@100_std,nDCG@100_stderr,nDCG@100_ci90_low,nDCG@100_ci90_high,nDCG@100_ci95_low,nDCG@100_ci95_high,RR@1,RR@3,RR@5,RR@10,RR@100,P@1,P@3,P@5,P@10,P@100,R@1,R@3,R@5,R@10,R@100,AP
0.13679245283018868,0.34374394576949846,0.008923148227761225,0.12210600588460471,0.15147889977577264,0.11928911836080042,0.15429578729957694,0.21065418565850322,0.3657045556971448,0.009493217257247012,0.19502947249306468,0.22627889882394175,0.19203262378337874,0.2292757475336277,0.24076175531933167,0.36374953440354346,0.009442467433123762,0.22522057036394405,0.2563029402747193,0.22223974251850456,0.2592837681201588,0.2746980999250739,0.35513479837100637,0.00921884002816894,0.2595249792374331,0.28987122061271464,0.25661474679519874,0.292781453054949,0.3385040288210725,0.31808499077172286,0.008257074943758902,0.3249138597471187,0.3520941978950263,0.32230724033449615,0.35470081730764885,0.13611859838274934,0.19384546271338726,0.2105907457322548,0.22482832755743765,0.23659383425410022,0.13679245283018868,0.09029649595687295,0.0692722371967661,0.04561994609164449,0.007877358490565901,0.13364779874213836,0.2644878706199461,0.33782569631626236,0.44120619946091644,0.7493261455525606,0.23348345935031375
