nDCG@1,nDCG@1_std,nDCG@1_stderr,nDCG@1_ci90_low,nDCG@1_ci90_high,nDCG@1_ci95_low,nDCG@1_ci95_high,nDCG@3,nDCG@3_std,nDCG@3_stderr,nDCG@3_ci90_low,nDCG@3_ci90_high,nDCG@3_ci95_low,nDCG@3_ci95_high,nDCG@5,nDCG@5_std,nDCG@5_stderr,nDCG@5_ci90_low,nDCG@5_ci90_high,nDCG@5_ci95_low,nDCG@5_ci95_high,nDCG@10,nDCG@10_std,nDCG@10_stderr,nDCG@10_ci90_low,nDCG@10_ci90_high,nDCG@10_ci95_low,nDCG@10_ci95_high,nDCG@100,nDCG@100_std,nDCG@100_stderr,nDCG@100_ci90_low,nDCG@100_ci90_high,nDCG@100_ci95_low,nDCG@100_ci95_high,RR@1,RR@3,RR@5,RR@10,RR@100,P@1,P@3,P@5,P@10,P@100,R@1,R@3,R@5,R@10,R@100,AP
0.12129380053908356,0.32657844909608164,0.008477554136272119,0.10734074878282981,0.1352468522953373,0.10466452780461663,0.1379230732735505,0.18387586144045465,0.34820231233050536,0.009038881657155893,0.16899893095394428,0.19875279192696502,0.16614550833680436,0.20160621454410493,0.2147043144651976,0.3493737593647306,0.009069290906994354,0.19977733394892105,0.22963129498147417,0.19691431164405973,0.2324943172863355,0.24546689136995345,0.34335602829344575,0.008913078391822126,0.23079701818370818,0.2601367645561987,0.22798330953741433,0.2629504732024926,0.30677652518649556,0.312279303864209,0.00810636682081655,0.29343440386378006,0.32011864650921107,0.2908753604658572,0.3226776899071339,0.12129380053908356,0.17037286612758326,0.18792677448337822,0.2005302592735208,0.21208289944110298,0.12129380053908356,0.07884097035040392,0.06266846361186036,0.041239892183288815,0.007277628032344891,0.11781221922731357,0.230570530098832,0.3044699011680144,0.3990341419586703,0.6946316262353999,0.20775515221988541
