{
  "nDCG@1": 0.12129380053908356,
  "nDCG@1_std": 0.32657844909608164,
  "nDCG@1_stderr": 0.008477554136272119,
  "nDCG@1_ci90_low": 0.10734074878282981,
  "nDCG@1_ci90_high": 0.1352468522953373,
  "nDCG@1_ci95_low": 0.10466452780461663,
  "nDCG@1_ci95_high": 0.1379230732735505,
  "nDCG@3": 0.18387586144045465,
  "nDCG@3_std": 0.34820231233050536,
  "nDCG@3_stderr": 0.009038881657155893,
  "nDCG@3_ci90_low": 0.16899893095394428,
  "nDCG@3_ci90_high": 0.19875279192696502,
  "nDCG@3_ci95_low": 0.16614550833680436,
  "nDCG@3_ci95_high": 0.20160621454410493,
  "nDCG@5": 0.2147043144651976,
  "nDCG@5_std": 0.3493737593647306,
  "nDCG@5_stderr": 0.009069290906994354,
  "nDCG@5_ci90_low": 0.19977733394892105,
  "nDCG@5_ci90_high": 0.22963129498147417,
  "nDCG@5_ci95_low": 0.19691431164405973,
  "nDCG@5_ci95_high": 0.2324943172863355,
  "nDCG@10": 0.24546689136995345,
  "nDCG@10_std": 0.34335602829344575,
  "nDCG@10_stderr": 0.008913078391822126,
  "nDCG@10_ci90_low": 0.23079701818370818,
  "nDCG@10_ci90_high": 0.2601367645561987,
  "nDCG@10_ci95_low": 0.22798330953741433,
  "nDCG@10_ci95_high": 0.2629504732024926,
  "nDCG@100": 0.30677652518649556,
  "nDCG@100_std": 0.312279303864209,
  "nDCG@100_stderr": 0.00810636682081655,
  "nDCG@100_ci90_low": 0.29343440386378006,
  "nDCG@100_ci90_high": 0.32011864650921107,
  "nDCG@100_ci95_low": 0.2908753604658572,
  "nDCG@100_ci95_high": 0.3226776899071339,
  "RR@1": 0.12129380053908356,
  "RR@3": 0.17037286612758326,
  "RR@5": 0.18792677448337822,
  "RR@10": 0.2005302592735208,
  "RR@100": 0.21208289944110298,
  "P@1": 0.12129380053908356,
  "P@3": 0.07884097035040392,
  "P@5": 0.06266846361186036,
  "P@10": 0.041239892183288815,
  "P@100": 0.007277628032344891,
  "R@1": 0.11781221922731357,
  "R@3": 0.230570530098832,
  "R@5": 0.3044699011680144,
  "R@10": 0.3990341419586703,
  "R@100": 0.6946316262353999,
  "AP": 0.20775515221988541
}