nDCG@1,nDCG@1_std,nDCG@1_stderr,nDCG@1_ci90_low,nDCG@1_ci90_high,nDCG@1_ci95_low,nDCG@1_ci95_high,nDCG@3,nDCG@3_std,nDCG@3_stderr,nDCG@3_ci90_low,nDCG@3_ci90_high,nDCG@3_ci95_low,nDCG@3_ci95_high,nDCG@5,nDCG@5_std,nDCG@5_stderr,nDCG@5_ci90_low,nDCG@5_ci90_high,nDCG@5_ci95_low,nDCG@5_ci95_high,nDCG@10,nDCG@10_std,nDCG@10_stderr,nDCG@10_ci90_low,nDCG@10_ci90_high,nDCG@10_ci95_low,nDCG@10_ci95_high,nDCG@100,nDCG@100_std,nDCG@100_stderr,nDCG@100_ci90_low,nDCG@100_ci90_high,nDCG@100_ci95_low,nDCG@100_ci95_high,RR@1,RR@3,RR@5,RR@10,RR@100,P@1,P@3,P@5,P@10,P@100,R@1,R@3,R@5,R@10,R@100,AP
0.08692722371967655,0.2818233524436487,0.0073157697141975776,0.07488633175742014,0.09896811568193296,0.07257686654302027,0.10127758089633283,0.14646585137405957,0.3141866545505437,0.008155879177633153,0.1330422385661667,0.15988946418195243,0.13046756495157247,0.16246413779654667,0.17096386104868203,0.3180271919048042,0.008255574559931757,0.15737616142910837,0.18455156066825568,0.15477001566237575,0.1871577064349883,0.19817888577431855,0.3159795439995976,0.00820242026877611,0.1846786718332366,0.2116790997154005,0.1820893059804728,0.2142684655681643,0.2565242741884046,0.2934501475195795,0.007617586276069198,0.2439866278508891,0.26906192052592015,0.24158188423407867,0.2714666641427306,0.08692722371967655,0.13252470799640617,0.14630503144654092,0.15783944080776957,0.16865477117110472,0.08692722371967655,0.0646900269541777,0.051347708894879066,0.03443396226415125,0.006421832884096929,0.08557951482479785,0.19103773584905662,0.2501123090745732,0.33344564240790653,0.6152291105121294,0.1660874858164074
