nDCG@1,nDCG@1_std,nDCG@1_stderr,nDCG@1_ci90_low,nDCG@1_ci90_high,nDCG@1_ci95_low,nDCG@1_ci95_high,nDCG@3,nDCG@3_std,nDCG@3_stderr,nDCG@3_ci90_low,nDCG@3_ci90_high,nDCG@3_ci95_low,nDCG@3_ci95_high,nDCG@5,nDCG@5_std,nDCG@5_stderr,nDCG@5_ci90_low,nDCG@5_ci90_high,nDCG@5_ci95_low,nDCG@5_ci95_high,nDCG@10,nDCG@10_std,nDCG@10_stderr,nDCG@10_ci90_low,nDCG@10_ci90_high,nDCG@10_ci95_low,nDCG@10_ci95_high,nDCG@100,nDCG@100_std,nDCG@100_stderr,nDCG@100_ci90_low,nDCG@100_ci90_high,nDCG@100_ci95_low,nDCG@100_ci95_high,RR@1,RR@3,RR@5,RR@10,RR@100,P@1,P@3,P@5,P@10,P@100,R@1,R@3,R@5,R@10,R@100,AP
0.6725067385444744,0.4694570650179015,0.012186498203908677,0.6524492033835838,0.692564273705365,0.648602131265847,0.6964113458231018,0.7508779978452239,0.3868341665255215,0.010041714624944489,0.7343505228646875,0.7674054728257603,0.7311805227792236,0.7705754729112242,0.771344800419695,0.35823153160969384,0.009299227217676483,0.7560393719227841,0.7866502289166059,0.7531037625994964,0.7895858382398936,0.787826232408395,0.3302369426905552,0.008572523898025227,0.77371687165314,0.80193559316365,0.771010670321559,0.804641794495231,0.8062395048755602,0.29139213414372417,0.0075641629107023895,0.7937897870808737,0.8186892226702467,0.791401908320226,0.8210771014308943,0.6725067385444744,0.7369721473495063,0.7474168912848166,0.7537701086723999,0.757653093410269,0.6725067385444744,0.2827942497753778,0.18072776280323047,0.09595687331536162,0.010485175202156145,0.653133423180593,0.806996855345912,0.8560197663971248,0.905604222821204,0.9864106019766398,0.7517941199781858
