nDCG@1,nDCG@1_std,nDCG@1_stderr,nDCG@1_ci90_low,nDCG@1_ci90_high,nDCG@1_ci95_low,nDCG@1_ci95_high,nDCG@3,nDCG@3_std,nDCG@3_stderr,nDCG@3_ci90_low,nDCG@3_ci90_high,nDCG@3_ci95_low,nDCG@3_ci95_high,nDCG@5,nDCG@5_std,nDCG@5_stderr,nDCG@5_ci90_low,nDCG@5_ci90_high,nDCG@5_ci95_low,nDCG@5_ci95_high,nDCG@10,nDCG@10_std,nDCG@10_stderr,nDCG@10_ci90_low,nDCG@10_ci90_high,nDCG@10_ci95_low,nDCG@10_ci95_high,nDCG@100,nDCG@100_std,nDCG@100_stderr,nDCG@100_ci90_low,nDCG@100_ci90_high,nDCG@100_ci95_low,nDCG@100_ci95_high,RR@1,RR@3,RR@5,RR@10,RR@100,P@1,P@3,P@5,P@10,P@100,R@1,R@3,R@5,R@10,R@100,AP
0.6994609164420486,0.45864702427322274,0.01190588352807206,0.6798652398588296,0.7190565930252675,0.6761067530653734,0.7228150798187237,0.7737833998120472,0.3737377443482814,0.009701748444364205,0.7578154689685063,0.7897513306555882,0.754752790477187,0.7928140091469075,0.7913310866504222,0.34793582923312405,0.009031964100621761,0.7764655416440628,0.8061966316567816,0.773614302782947,0.8090478705178974,0.8100036001470876,0.31379083693240634,0.008145604264223718,0.796596898631802,0.8234103016623732,0.7940254686342197,0.8259817316599555,0.8251855786959233,0.279238059662378,0.007248658857458566,0.8132551432689404,0.8371160141229063,0.8109668638210699,0.8394042935707768,0.7001347708894878,0.7611185983827496,0.7700471698113217,0.7772504599324009,0.7803847215423951,0.6994609164420486,0.2893081761006245,0.1832884097034999,0.0978436657681917,0.010518867924528113,0.6804245283018868,0.8256963162623541,0.8673629829290206,0.9230682839173404,0.9901168014375562,0.7749823447102174
