nDCG@1,nDCG@1_std,nDCG@1_stderr,nDCG@1_ci90_low,nDCG@1_ci90_high,nDCG@1_ci95_low,nDCG@1_ci95_high,nDCG@3,nDCG@3_std,nDCG@3_stderr,nDCG@3_ci90_low,nDCG@3_ci90_high,nDCG@3_ci95_low,nDCG@3_ci95_high,nDCG@5,nDCG@5_std,nDCG@5_stderr,nDCG@5_ci90_low,nDCG@5_ci90_high,nDCG@5_ci95_low,nDCG@5_ci95_high,nDCG@10,nDCG@10_std,nDCG@10_stderr,nDCG@10_ci90_low,nDCG@10_ci90_high,nDCG@10_ci95_low,nDCG@10_ci95_high,nDCG@100,nDCG@100_std,nDCG@100_stderr,nDCG@100_ci90_low,nDCG@100_ci90_high,nDCG@100_ci95_low,nDCG@100_ci95_high,RR@1,RR@3,RR@5,RR@10,RR@100,P@1,P@3,P@5,P@10,P@100,R@1,R@3,R@5,R@10,R@100,AP
0.694743935309973,0.4606710361752158,0.011958424259155505,0.6750617828955964,0.7144260877243497,0.6712867098787464,0.7182011607411997,0.7690018039467588,0.3771484811923188,0.009790286761328893,0.75288814950191,0.7851154583916076,0.7497975209559609,0.7882060869375567,0.7874354035223261,0.3498125211721878,0.009080680596013769,0.7724896769245948,0.8023811301200574,0.7696230590868476,0.8052477479578046,0.8061499733922527,0.31574490289074364,0.008196329289079162,0.7926597844835789,0.8196401623009265,0.790072341450461,0.8222276053340444,0.821513143485867,0.28143760087515146,0.0073057561024171954,0.8094887327446317,0.8335375542271023,0.8071824286587229,0.8358438583130111,0.6954177897574124,0.7568508535489671,0.7660489667565147,0.7732273884396528,0.7764863199006916,0.694743935309973,0.2879604672057458,0.18274932614554842,0.09764150943395987,0.010505390835579326,0.6746967654986523,0.8207547169811321,0.865566037735849,0.9220575022461814,0.9891060197663972,0.7703892536102269
