nDCG@1,nDCG@1_std,nDCG@1_stderr,nDCG@1_ci90_low,nDCG@1_ci90_high,nDCG@1_ci95_low,nDCG@1_ci95_high,nDCG@3,nDCG@3_std,nDCG@3_stderr,nDCG@3_ci90_low,nDCG@3_ci90_high,nDCG@3_ci95_low,nDCG@3_ci95_high,nDCG@5,nDCG@5_std,nDCG@5_stderr,nDCG@5_ci90_low,nDCG@5_ci90_high,nDCG@5_ci95_low,nDCG@5_ci95_high,nDCG@10,nDCG@10_std,nDCG@10_stderr,nDCG@10_ci90_low,nDCG@10_ci90_high,nDCG@10_ci95_low,nDCG@10_ci95_high,nDCG@100,nDCG@100_std,nDCG@100_stderr,nDCG@100_ci90_low,nDCG@100_ci90_high,nDCG@100_ci95_low,nDCG@100_ci95_high,RR@1,RR@3,RR@5,RR@10,RR@100,P@1,P@3,P@5,P@10,P@100,R@1,R@3,R@5,R@10,R@100,AP
0.601078167115903,0.48984170102712576,0.01271565698886438,0.5801496991605909,0.6220066350712151,0.5761355805317565,0.6260207537000495,0.6826829207094285,0.4207670287084617,0.01092256783785782,0.6647056654889929,0.7006601759298641,0.6612575948882329,0.7041082465306241,0.7090493713326594,0.39158144041235116,0.010164947714839742,0.6923190692567425,0.7257796734085764,0.6891101665615063,0.7289885761038126,0.7282188153421973,0.3648026285939648,0.009469804396216705,0.7126326369777718,0.7438049937066229,0.7096431793137626,0.746794451370632,0.7523911035094724,0.32182596638852257,0.00835418583212791,0.7386411013952657,0.766141105623679,0.7360038257116848,0.76877838130726,0.5997304582210242,0.6683513027852657,0.6819968553459133,0.6892723441577897,0.6937903882835956,0.601078167115903,0.25920934411500174,0.16954177897573774,0.09123989218328639,0.010363881401617064,0.5830525606469003,0.7410152740341418,0.804076819407008,0.861803683737646,0.9745058400718777,0.6877192008497123
