{
  "nDCG@1": 0.694743935309973,
  "nDCG@1_std": 0.4606710361752158,
  "nDCG@1_stderr": 0.011958424259155505,
  "nDCG@1_ci90_low": 0.6750617828955964,
  "nDCG@1_ci90_high": 0.7144260877243497,
  "nDCG@1_ci95_low": 0.6712867098787464,
  "nDCG@1_ci95_high": 0.7182011607411997,
  "nDCG@3": 0.7690018039467588,
  "nDCG@3_std": 0.3771484811923188,
  "nDCG@3_stderr": 0.009790286761328893,
  "nDCG@3_ci90_low": 0.75288814950191,
  "nDCG@3_ci90_high": 0.7851154583916076,
  "nDCG@3_ci95_low": 0.7497975209559609,
  "nDCG@3_ci95_high": 0.7882060869375567,
  "nDCG@5": 0.7874354035223261,
  "nDCG@5_std": 0.3498125211721878,
  "nDCG@5_stderr": 0.009080680596013769,
  "nDCG@5_ci90_low": 0.7724896769245948,
  "nDCG@5_ci90_high": 0.8023811301200574,
  "nDCG@5_ci95_low": 0.7696230590868476,
  "nDCG@5_ci95_high": 0.8052477479578046,
  "nDCG@10": 0.8061499733922527,
  "nDCG@10_std": 0.31574490289074364,
  "nDCG@10_stderr": 0.008196329289079162,
  "nDCG@10_ci90_low": 0.7926597844835789,
  "nDCG@10_ci90_high": 0.8196401623009265,
  "nDCG@10_ci95_low": 0.790072341450461,
  "nDCG@10_ci95_high": 0.8222276053340444,
  "nDCG@100": 0.821513143485867,
  "nDCG@100_std": 0.28143760087515146,
  "nDCG@100_stderr": 0.0073057561024171954,
  "nDCG@100_ci90_low": 0.8094887327446317,
  "nDCG@100_ci90_high": 0.8335375542271023,
  "nDCG@100_ci95_low": 0.8071824286587229,
  "nDCG@100_ci95_high": 0.8358438583130111,
  "RR@1": 0.6954177897574124,
  "RR@3": 0.7568508535489671,
  "RR@5": 0.7660489667565147,
  "RR@10": 0.7732273884396528,
  "RR@100": 0.7764863199006916,
  "P@1": 0.694743935309973,
  "P@3": 0.2879604672057458,
  "P@5": 0.18274932614554842,
  "P@10": 0.09764150943395987,
  "P@100": 0.010505390835579326,
  "R@1": 0.6746967654986523,
  "R@3": 0.8207547169811321,
  "R@5": 0.865566037735849,
  "R@10": 0.9220575022461814,
  "R@100": 0.9891060197663972,
  "AP": 0.7703892536102269
}