{
  "nDCG@1": 0.6994609164420486,
  "nDCG@1_std": 0.45864702427322274,
  "nDCG@1_stderr": 0.01190588352807206,
  "nDCG@1_ci90_low": 0.6798652398588296,
  "nDCG@1_ci90_high": 0.7190565930252675,
  "nDCG@1_ci95_low": 0.6761067530653734,
  "nDCG@1_ci95_high": 0.7228150798187237,
  "nDCG@3": 0.7737833998120472,
  "nDCG@3_std": 0.3737377443482814,
  "nDCG@3_stderr": 0.009701748444364205,
  "nDCG@3_ci90_low": 0.7578154689685063,
  "nDCG@3_ci90_high": 0.7897513306555882,
  "nDCG@3_ci95_low": 0.754752790477187,
  "nDCG@3_ci95_high": 0.7928140091469075,
  "nDCG@5": 0.7913310866504222,
  "nDCG@5_std": 0.34793582923312405,
  "nDCG@5_stderr": 0.009031964100621761,
  "nDCG@5_ci90_low": 0.7764655416440628,
  "nDCG@5_ci90_high": 0.8061966316567816,
  "nDCG@5_ci95_low": 0.773614302782947,
  "nDCG@5_ci95_high": 0.8090478705178974,
  "nDCG@10": 0.8100036001470876,
  "nDCG@10_std": 0.31379083693240634,
  "nDCG@10_stderr": 0.008145604264223718,
  "nDCG@10_ci90_low": 0.796596898631802,
  "nDCG@10_ci90_high": 0.8234103016623732,
  "nDCG@10_ci95_low": 0.7940254686342197,
  "nDCG@10_ci95_high": 0.8259817316599555,
  "nDCG@100": 0.8251855786959233,
  "nDCG@100_std": 0.279238059662378,
  "nDCG@100_stderr": 0.007248658857458566,
  "nDCG@100_ci90_low": 0.8132551432689404,
  "nDCG@100_ci90_high": 0.8371160141229063,
  "nDCG@100_ci95_low": 0.8109668638210699,
  "nDCG@100_ci95_high": 0.8394042935707768,
  "RR@1": 0.7001347708894878,
  "RR@3": 0.7611185983827496,
  "RR@5": 0.7700471698113217,
  "RR@10": 0.7772504599324009,
  "RR@100": 0.7803847215423951,
  "P@1": 0.6994609164420486,
  "P@3": 0.2893081761006245,
  "P@5": 0.1832884097034999,
  "P@10": 0.0978436657681917,
  "P@100": 0.010518867924528113,
  "R@1": 0.6804245283018868,
  "R@3": 0.8256963162623541,
  "R@5": 0.8673629829290206,
  "R@10": 0.9230682839173404,
  "R@100": 0.9901168014375562,
  "AP": 0.7749823447102174
}