nDCG@1,nDCG@1_std,nDCG@1_stderr,nDCG@1_ci90_low,nDCG@1_ci90_high,nDCG@1_ci95_low,nDCG@1_ci95_high,nDCG@3,nDCG@3_std,nDCG@3_stderr,nDCG@3_ci90_low,nDCG@3_ci90_high,nDCG@3_ci95_low,nDCG@3_ci95_high,nDCG@5,nDCG@5_std,nDCG@5_stderr,nDCG@5_ci90_low,nDCG@5_ci90_high,nDCG@5_ci95_low,nDCG@5_ci95_high,nDCG@10,nDCG@10_std,nDCG@10_stderr,nDCG@10_ci90_low,nDCG@10_ci90_high,nDCG@10_ci95_low,nDCG@10_ci95_high,nDCG@100,nDCG@100_std,nDCG@100_stderr,nDCG@100_ci90_low,nDCG@100_ci90_high,nDCG@100_ci95_low,nDCG@100_ci95_high,RR@1,RR@3,RR@5,RR@10,RR@100,P@1,P@3,P@5,P@10,P@100,R@1,R@3,R@5,R@10,R@100,AP
0.40161725067385445,0.4903905434413313,0.012729904228054804,0.3806653334473714,0.4225691679003375,0.3766467172052172,0.4265877841424917,0.4743583858298612,0.4628282277114387,0.012014422161286693,0.4545840674895443,0.49413270417017807,0.45079131687866064,0.4979254547810617,0.5047341008857941,0.44523103850278994,0.01155762188994162,0.48571162178187643,0.5237565799897117,0.48206307531871945,0.5274051264528687,0.5291059330646052,0.4263242774730419,0.011066826827943842,0.5108912446030933,0.547320621526117,0.5073976338701963,0.550814232259014,0.5688819642374355,0.38492823028084355,0.009992238985203832,0.5524359203101107,0.5853280081647604,0.5492815388503561,0.5884823896245149,0.4009433962264151,0.46159029649595673,0.47752695417789753,0.48741977923244745,0.4950869908379868,0.40161725067385445,0.18306379155435878,0.1252021563342306,0.07082210242587497,0.009103773584905502,0.39066711590296493,0.5270103324348607,0.5998427672955975,0.6734613656783468,0.8577605570530098,0.4893142615366302
