{
  "nDCG@1": 0.6994609164420486,
  "nDCG@1_std": 0.45864702427322274,
  "nDCG@1_stderr": 0.01190588352807206,
  "nDCG@1_ci90_low": 0.6798652398588296,
  "nDCG@1_ci90_high": 0.7190565930252675,
  "nDCG@1_ci95_low": 0.6761067530653734,
  "nDCG@1_ci95_high": 0.7228150798187237,
  "nDCG@3": 0.774565094414187,
  "nDCG@3_std": 0.3728621030451597,
  "nDCG@3_stderr": 0.0096790179287049,
  "nDCG@3_ci90_low": 0.7586345753118561,
  "nDCG@3_ci90_high": 0.7904956135165179,
  "nDCG@3_ci95_low": 0.7555790724612789,
  "nDCG@3_ci95_high": 0.7935511163670951,
  "nDCG@5": 0.7910436106928729,
  "nDCG@5_std": 0.34804021263472334,
  "nDCG@5_stderr": 0.009034673758715965,
  "nDCG@5_ci90_low": 0.7761736059096696,
  "nDCG@5_ci90_high": 0.8059136154760762,
  "nDCG@5_ci95_low": 0.7733215116551562,
  "nDCG@5_ci95_high": 0.8087657097305896,
  "nDCG@10": 0.8106916808836716,
  "nDCG@10_std": 0.31178593261072146,
  "nDCG@10_stderr": 0.008093559541210998,
  "nDCG@10_ci90_low": 0.7973706388289054,
  "nDCG@10_ci90_high": 0.8240127229384379,
  "nDCG@10_ci95_low": 0.7948156384733275,
  "nDCG@10_ci95_high": 0.8265677232940157,
  "nDCG@100": 0.8253332957918884,
  "nDCG@100_std": 0.27862226685676295,
  "nDCG@100_stderr": 0.007232673672701953,
  "nDCG@100_ci90_low": 0.8134291700889906,
  "nDCG@100_ci90_high": 0.8372374214947862,
  "nDCG@100_ci95_low": 0.8111459368945676,
  "nDCG@100_ci95_high": 0.8395206546892092,
  "RR@1": 0.6994609164420486,
  "RR@3": 0.7612309074573228,
  "RR@5": 0.769553009883199,
  "RR@10": 0.7772405660377355,
  "RR@100": 0.7801735534705172,
  "P@1": 0.6994609164420486,
  "P@3": 0.29020664869721025,
  "P@5": 0.18301886792452415,
  "P@10": 0.09804582210242348,
  "P@100": 0.010518867924528113,
  "R@1": 0.6794137466307277,
  "R@3": 0.8271563342318059,
  "R@5": 0.8669137466307276,
  "R@10": 0.9257637017070979,
  "R@100": 0.9901168014375562,
  "AP": 0.7750084227009614
}