nDCG@1,nDCG@1_std,nDCG@1_stderr,nDCG@1_ci90_low,nDCG@1_ci90_high,nDCG@1_ci95_low,nDCG@1_ci95_high,nDCG@3,nDCG@3_std,nDCG@3_stderr,nDCG@3_ci90_low,nDCG@3_ci90_high,nDCG@3_ci95_low,nDCG@3_ci95_high,nDCG@5,nDCG@5_std,nDCG@5_stderr,nDCG@5_ci90_low,nDCG@5_ci90_high,nDCG@5_ci95_low,nDCG@5_ci95_high,nDCG@10,nDCG@10_std,nDCG@10_stderr,nDCG@10_ci90_low,nDCG@10_ci90_high,nDCG@10_ci95_low,nDCG@10_ci95_high,nDCG@100,nDCG@100_std,nDCG@100_stderr,nDCG@100_ci90_low,nDCG@100_ci90_high,nDCG@100_ci95_low,nDCG@100_ci95_high,RR@1,RR@3,RR@5,RR@10,RR@100,P@1,P@3,P@5,P@10,P@100,R@1,R@3,R@5,R@10,R@100,AP
0.6994609164420486,0.45864702427322274,0.01190588352807206,0.6798652398588296,0.7190565930252675,0.6761067530653734,0.7228150798187237,0.774565094414187,0.3728621030451597,0.0096790179287049,0.7586345753118561,0.7904956135165179,0.7555790724612789,0.7935511163670951,0.7910436106928729,0.34804021263472334,0.009034673758715965,0.7761736059096696,0.8059136154760762,0.7733215116551562,0.8087657097305896,0.8106916808836716,0.31178593261072146,0.008093559541210998,0.7973706388289054,0.8240127229384379,0.7948156384733275,0.8265677232940157,0.8253332957918884,0.27862226685676295,0.007232673672701953,0.8134291700889906,0.8372374214947862,0.8111459368945676,0.8395206546892092,0.6994609164420486,0.7612309074573228,0.769553009883199,0.7772405660377355,0.7801735534705172,0.6994609164420486,0.29020664869721025,0.18301886792452415,0.09804582210242348,0.010518867924528113,0.6794137466307277,0.8271563342318059,0.8669137466307276,0.9257637017070979,0.9901168014375562,0.7750084227009614
