nDCG@1,nDCG@1_std,nDCG@1_stderr,nDCG@1_ci90_low,nDCG@1_ci90_high,nDCG@1_ci95_low,nDCG@1_ci95_high,nDCG@3,nDCG@3_std,nDCG@3_stderr,nDCG@3_ci90_low,nDCG@3_ci90_high,nDCG@3_ci95_low,nDCG@3_ci95_high,nDCG@5,nDCG@5_std,nDCG@5_stderr,nDCG@5_ci90_low,nDCG@5_ci90_high,nDCG@5_ci95_low,nDCG@5_ci95_high,nDCG@10,nDCG@10_std,nDCG@10_stderr,nDCG@10_ci90_low,nDCG@10_ci90_high,nDCG@10_ci95_low,nDCG@10_ci95_high,nDCG@100,nDCG@100_std,nDCG@100_stderr,nDCG@100_ci90_low,nDCG@100_ci90_high,nDCG@100_ci95_low,nDCG@100_ci95_high,RR@1,RR@3,RR@5,RR@10,RR@100,P@1,P@3,P@5,P@10,P@100,R@1,R@3,R@5,R@10,R@100,AP
0.6435309973045822,0.4791174579219442,0.012437269508776948,0.6230607222260732,0.6640012723830911,0.619134485833354,0.6679275087758104,0.7136182809796043,0.41192155250849083,0.010692950716599774,0.6960189483917507,0.731217613567458,0.6926433640466948,0.7345931979125139,0.7368947488395441,0.38358981474332066,0.009957495448979737,0.7205058886649075,0.7532836090141807,0.7173624751540455,0.7564270225250427,0.7582220740313639,0.3505737136711262,0.009100440168746554,0.7432438255132071,0.7732003225495206,0.7403709699113339,0.7760731781513939,0.7777766254668201,0.3137677467249206,0.008145004872302665,0.7643709104797669,0.7911823404538734,0.7617996697001131,0.7937535812335271,0.6442048517520216,0.7018194070080872,0.7142857142857154,0.7231265776750956,0.7270748919951877,0.6435309973045822,0.26796945193171295,0.1731805929919102,0.09339622641509221,0.010296495956873132,0.6243823000898472,0.764487870619946,0.8196316262353999,0.8834793351302787,0.969395777178796,0.7202029050916438
