nDCG@1,nDCG@1_std,nDCG@1_stderr,nDCG@1_ci90_low,nDCG@1_ci90_high,nDCG@1_ci95_low,nDCG@1_ci95_high,nDCG@3,nDCG@3_std,nDCG@3_stderr,nDCG@3_ci90_low,nDCG@3_ci90_high,nDCG@3_ci95_low,nDCG@3_ci95_high,nDCG@5,nDCG@5_std,nDCG@5_stderr,nDCG@5_ci90_low,nDCG@5_ci90_high,nDCG@5_ci95_low,nDCG@5_ci95_high,nDCG@10,nDCG@10_std,nDCG@10_stderr,nDCG@10_ci90_low,nDCG@10_ci90_high,nDCG@10_ci95_low,nDCG@10_ci95_high,nDCG@100,nDCG@100_std,nDCG@100_stderr,nDCG@100_ci90_low,nDCG@100_ci90_high,nDCG@100_ci95_low,nDCG@100_ci95_high,RR@1,RR@3,RR@5,RR@10,RR@100,P@1,P@3,P@5,P@10,P@100,R@1,R@3,R@5,R@10,R@100,AP
0.6549865229110512,0.47553291944054815,0.012344219526104499,0.6346693971021639,0.6753036487199385,0.6307725350209082,0.6792005108011941,0.7275581403215027,0.4035158356371994,0.01047474917872186,0.7103179416657202,0.7447983389772852,0.7070112398690691,0.7481050407739362,0.7487136328663592,0.3757050915899579,0.00975281823415689,0.7326616471871068,0.7647656185456115,0.7295828468237714,0.767844418908947,0.7691701360283736,0.34335835975688417,0.008913138913597433,0.754500163230442,0.7838401088263052,0.7516864354784436,0.7866538365783036,0.7873625148422465,0.30826318531218877,0.008002113577723888,0.7741919820311756,0.8005330476533175,0.7716658496252353,0.8030591800592577,0.6543126684636119,0.7147349505840078,0.7258535489667578,0.734103987506953,0.7378901542628271,0.6549865229110512,0.2733602875112275,0.1753369272237159,0.09433962264150728,0.010323450134770705,0.6344901168014375,0.7795934411500448,0.8308063791554356,0.8917902066486971,0.9711927223719676,0.7318049458280429
