nDCG@1,nDCG@1_std,nDCG@1_stderr,nDCG@1_ci90_low,nDCG@1_ci90_high,nDCG@1_ci95_low,nDCG@1_ci95_high,nDCG@3,nDCG@3_std,nDCG@3_stderr,nDCG@3_ci90_low,nDCG@3_ci90_high,nDCG@3_ci95_low,nDCG@3_ci95_high,nDCG@5,nDCG@5_std,nDCG@5_stderr,nDCG@5_ci90_low,nDCG@5_ci90_high,nDCG@5_ci95_low,nDCG@5_ci95_high,nDCG@10,nDCG@10_std,nDCG@10_stderr,nDCG@10_ci90_low,nDCG@10_ci90_high,nDCG@10_ci95_low,nDCG@10_ci95_high,nDCG@100,nDCG@100_std,nDCG@100_stderr,nDCG@100_ci90_low,nDCG@100_ci90_high,nDCG@100_ci95_low,nDCG@100_ci95_high,RR@1,RR@3,RR@5,RR@10,RR@100,P@1,P@3,P@5,P@10,P@100,R@1,R@3,R@5,R@10,R@100,AP
0.6199460916442049,0.48556339543121607,0.012604597709229642,0.5992004141319671,0.6406917691564427,0.5952213550461573,0.6446708282422525,0.6898905534518524,0.42381797768149815,0.011001766527047232,0.6717829465531469,0.7079981603505578,0.6683098742608554,0.7114712326428493,0.7129281560149833,0.397105560139523,0.010308346717964316,0.6959618361348471,0.7298944758951195,0.6927076647908652,0.7331486472391013,0.7331349904172391,0.3689554209174334,0.009577605513639929,0.7173713841595073,0.7488985966749708,0.7143478954993777,0.7519220853351004,0.7559766548866488,0.32958759518315883,0.008555667676610609,0.74189503747883,0.7700582722944675,0.7391941573722909,0.7727591524010067,0.6192722371967655,0.6783468104222826,0.6901055705300998,0.6985736747529205,0.7032840158515453,0.6199460916442049,0.2589847259658553,0.16778975741239552,0.09063342318059102,0.010181940700808445,0.6004604672057502,0.7394991015274033,0.7947551662174303,0.8557389937106917,0.9572102425876011,0.6965324522498645
