{
  "nDCG@1": 0.671832884097035,
  "nDCG@1_std": 0.4697042975580219,
  "nDCG@1_stderr": 0.012192916040875322,
  "nDCG@1_ci90_low": 0.6517647859353167,
  "nDCG@1_ci90_high": 0.6919009822587533,
  "nDCG@1_ci95_low": 0.647915687814602,
  "nDCG@1_ci95_high": 0.6957500803794681,
  "nDCG@3": 0.7415157326777441,
  "nDCG@3_std": 0.39646036467165635,
  "nDCG@3_stderr": 0.01029159827812557,
  "nDCG@3_ci90_low": 0.7245769787493139,
  "nDCG@3_ci90_high": 0.7584544866061742,
  "nDCG@3_ci95_low": 0.7213280946055468,
  "nDCG@3_ci95_high": 0.7617033707499413,
  "nDCG@5": 0.7631458283057083,
  "nDCG@5_std": 0.36720864017428073,
  "nDCG@5_stderr": 0.009532261344864365,
  "nDCG@5_ci90_low": 0.7474568531884682,
  "nDCG@5_ci90_high": 0.7788348034229484,
  "nDCG@5_ci95_low": 0.7444476789182872,
  "nDCG@5_ci95_high": 0.7818439776931294,
  "nDCG@10": 0.7823897281630938,
  "nDCG@10_std": 0.335411287744517,
  "nDCG@10_stderr": 0.008706843203037933,
  "nDCG@10_ci90_low": 0.7680592937131645,
  "nDCG@10_ci90_high": 0.7967201626130231,
  "nDCG@10_ci95_low": 0.7653106900405221,
  "nDCG@10_ci95_high": 0.7994687662856655,
  "nDCG@100": 0.7997144862950675,
  "nDCG@100_std": 0.3003957290768201,
  "nDCG@100_stderr": 0.007797884589758834,
  "nDCG@100_ci90_low": 0.7868800902509694,
  "nDCG@100_ci90_high": 0.8125488823391656,
  "nDCG@100_ci95_low": 0.7844184294948902,
  "nDCG@100_ci95_high": 0.8150105430952448,
  "RR@1": 0.671832884097035,
  "RR@3": 0.7300089847259665,
  "RR@5": 0.7412286612758323,
  "RR@10": 0.74891247379455,
  "RR@100": 0.7525683936682546,
  "P@1": 0.671832884097035,
  "P@3": 0.2774034141958634,
  "P@5": 0.17803234501347318,
  "P@10": 0.09521563342317836,
  "P@100": 0.01037061994609146,
  "R@1": 0.6509995507637016,
  "R@3": 0.7918351302785265,
  "R@5": 0.8432726864330636,
  "R@10": 0.9003818508535488,
  "R@100": 0.9755727762803235,
  "AP": 0.7462037872039428
}