{
  "nDCG@1": 0.158355795148248,
  "nDCG@1_std": 0.3651973557656661,
  "nDCG@1_stderr": 0.009480051003047064,
  "nDCG@1_ci90_low": 0.1427527520804974,
  "nDCG@1_ci90_high": 0.17395883821599858,
  "nDCG@1_ci95_low": 0.1397600597353864,
  "nDCG@1_ci95_high": 0.17695153056110957,
  "nDCG@3": 0.2389188458482539,
  "nDCG@3_std": 0.37962747359948273,
  "nDCG@3_stderr": 0.00985463819784685,
  "nDCG@3_ci90_low": 0.22269927654755264,
  "nDCG@3_ci90_high": 0.2551384151489552,
  "nDCG@3_ci95_low": 0.21958833333753663,
  "nDCG@3_ci95_high": 0.25824935835897117,
  "nDCG@5": 0.27134460042119224,
  "nDCG@5_std": 0.37570138854488927,
  "nDCG@5_stderr": 0.009752722107896492,
  "nDCG@5_ci90_low": 0.25529277295439895,
  "nDCG@5_ci90_high": 0.28739642788798553,
  "nDCG@5_ci95_low": 0.252214002936504,
  "nDCG@5_ci95_high": 0.2904751979058805,
  "nDCG@10": 0.30300023391450676,
  "nDCG@10_std": 0.36568476617027423,
  "nDCG@10_stderr": 0.009492703546725573,
  "nDCG@10_ci90_low": 0.28737636625584745,
  "nDCG@10_ci90_high": 0.31862410157316606,
  "nDCG@10_ci95_low": 0.2843796797159161,
  "nDCG@10_ci95_high": 0.3216207881130974,
  "nDCG@100": 0.36872775486670334,
  "nDCG@100_std": 0.32384437062585886,
  "nDCG@100_stderr": 0.008406580995489916,
  "nDCG@100_ci90_low": 0.3548915165085972,
  "nDCG@100_ci90_high": 0.3825639932248095,
  "nDCG@100_ci95_low": 0.35223770055489906,
  "nDCG@100_ci95_high": 0.3852178091785076,
  "RR@1": 0.15768194070080863,
  "RR@3": 0.22192273135669358,
  "RR@5": 0.23967879604672018,
  "RR@10": 0.25275451375518726,
  "RR@100": 0.26522718671622686,
  "P@1": 0.158355795148248,
  "P@3": 0.1026504941599281,
  "P@5": 0.07789757412398997,
  "P@10": 0.04912398921832894,
  "P@100": 0.008274932614555114,
  "R@1": 0.1539757412398922,
  "R@3": 0.29941599281221926,
  "R@5": 0.37825696316262347,
  "R@10": 0.47517969451931713,
  "R@100": 0.7885220125786162,
  "AP": 0.26001110603542765
}