{
  "nDCG@1": 0.158355795148248,
  "nDCG@3": 0.2389188458482539,
  "nDCG@5": 0.27134460042119224,
  "nDCG@10": 0.30300023391450676,
  "nDCG@100": 0.36872775486670334,
  "RR@1": 0.15768194070080863,
  "RR@3": 0.22192273135669358,
  "RR@5": 0.23967879604672018,
  "RR@10": 0.25275451375518726,
  "RR@100": 0.26522718671622686,
  "P@1": 0.158355795148248,
  "P@3": 0.1026504941599281,
  "P@5": 0.07789757412398997,
  "P@10": 0.04912398921832894,
  "P@100": 0.008274932614555114,
  "R@1": 0.1539757412398922,
  "R@3": 0.29941599281221926,
  "R@5": 0.37825696316262347,
  "R@10": 0.47517969451931713,
  "R@100": 0.7885220125786162,
  "AP": 0.26001110603542765
}