nDCG@1,nDCG@1_std,nDCG@1_stderr,nDCG@1_ci90_low,nDCG@1_ci90_high,nDCG@1_ci95_low,nDCG@1_ci95_high,nDCG@3,nDCG@3_std,nDCG@3_stderr,nDCG@3_ci90_low,nDCG@3_ci90_high,nDCG@3_ci95_low,nDCG@3_ci95_high,nDCG@5,nDCG@5_std,nDCG@5_stderr,nDCG@5_ci90_low,nDCG@5_ci90_high,nDCG@5_ci95_low,nDCG@5_ci95_high,nDCG@10,nDCG@10_std,nDCG@10_stderr,nDCG@10_ci90_low,nDCG@10_ci90_high,nDCG@10_ci95_low,nDCG@10_ci95_high,nDCG@100,nDCG@100_std,nDCG@100_stderr,nDCG@100_ci90_low,nDCG@100_ci90_high,nDCG@100_ci95_low,nDCG@100_ci95_high,RR@1,RR@3,RR@5,RR@10,RR@100,P@1,P@3,P@5,P@10,P@100,R@1,R@3,R@5,R@10,R@100,AP
0.14892183288409702,0.3561314157086241,0.00924471092521125,0.13370613175879587,0.16413753400939818,0.13078773231033816,0.16705593345785588,0.23316114674209346,0.3753211582853928,0.009742851822156413,0.21712556459860527,0.24919672888558164,0.2140499104635857,0.25227238302060123,0.2635468178064744,0.3720785491191261,0.009658677882247382,0.2476497760156869,0.27944385959726187,0.24460069417500865,0.2824929414379401,0.29854230280005734,0.3613647765868716,0.009380562204690315,0.28310300653124487,0.3139815990688698,0.2801417211232032,0.3169428844769115,0.3625494346097415,0.3209643570241386,0.008331819567449083,0.3488362447226987,0.37626262449678427,0.34620602969196346,0.3788928395275195,0.14892183288409702,0.21529649595687325,0.23197439353099703,0.24623978522226483,0.2585759905190073,0.14892183288409702,0.10152740341419579,0.07587601078167187,0.04912398921832894,0.008194070080862393,0.1456648697214735,0.2946990116801438,0.3683737646001797,0.4755166217430368,0.7799303683737645,0.2541302521332891
