{
  "nDCG@1": 0.14285714285714285,
  "nDCG@1_std": 0.3500450656992924,
  "nDCG@1_stderr": 0.009086717151160257,
  "nDCG@1_ci90_low": 0.12790148080337851,
  "nDCG@1_ci90_high": 0.15781280491090718,
  "nDCG@1_ci95_low": 0.12503295732689876,
  "nDCG@1_ci95_high": 0.16068132838738694,
  "nDCG@3": 0.22002150873031012,
  "nDCG@3_std": 0.37006001387693593,
  "nDCG@3_stderr": 0.009606279318168815,
  "nDCG@3_ci90_low": 0.2042107087805996,
  "nDCG@3_ci90_high": 0.23583230868002064,
  "nDCG@3_ci95_low": 0.20117816828358737,
  "nDCG@3_ci95_high": 0.23886484917703288,
  "nDCG@5": 0.24641085499445253,
  "nDCG@5_std": 0.36844005209051606,
  "nDCG@5_stderr": 0.009564227205480183,
  "nDCG@5_ci90_low": 0.2306692678501541,
  "nDCG@5_ci90_high": 0.26215244213875094,
  "nDCG@5_ci95_low": 0.22765000249646108,
  "nDCG@5_ci95_high": 0.265171707492444,
  "nDCG@10": 0.28284948860845993,
  "nDCG@10_std": 0.35861015951613856,
  "nDCG@10_stderr": 0.00930905590840385,
  "nDCG@10_ci90_low": 0.2675278832487169,
  "nDCG@10_ci90_high": 0.29817109396820296,
  "nDCG@10_ci95_low": 0.2645891711733983,
  "nDCG@10_ci95_high": 0.30110980604352156,
  "nDCG@100": 0.34571133832542006,
  "nDCG@100_std": 0.3215024349266865,
  "nDCG@100_stderr": 0.008345787373839883,
  "nDCG@100_ci90_low": 0.33197515908055547,
  "nDCG@100_ci90_high": 0.35944751757028465,
  "nDCG@100_ci95_low": 0.3293405346487263,
  "nDCG@100_ci95_high": 0.3620821420021138,
  "RR@1": 0.14285714285714285,
  "RR@3": 0.20260557053009876,
  "RR@5": 0.21753144654088027,
  "RR@10": 0.23280066743678582,
  "RR@100": 0.24482808562030842,
  "P@1": 0.14285714285714285,
  "P@3": 0.09478885893980206,
  "P@5": 0.07021563342318121,
  "P@10": 0.04663072776280348,
  "P@100": 0.007877358490565901,
  "R@1": 0.13960017969451932,
  "R@3": 0.2776280323450135,
  "R@5": 0.3405211141060198,
  "R@10": 0.4511455525606469,
  "R@100": 0.7507861635220124,
  "AP": 0.24116396279460534
}