{
  "nDCG@1": 0.16576819407008087,
  "nDCG@3": 0.23983794138942374,
  "nDCG@5": 0.2732771779521012,
  "nDCG@10": 0.303278547869728,
  "nDCG@100": 0.3697020127749795,
  "RR@1": 0.16576819407008087,
  "RR@3": 0.2248427672955974,
  "RR@5": 0.24313791554357547,
  "RR@10": 0.25570663800111215,
  "RR@100": 0.2678438584701211,
  "P@1": 0.16576819407008087,
  "P@3": 0.10130278526504935,
  "P@5": 0.07762803234501421,
  "P@10": 0.04851752021563355,
  "P@100": 0.00826819407008072,
  "R@1": 0.16116352201257864,
  "R@3": 0.2957097933513028,
  "R@5": 0.3765723270440251,
  "R@10": 0.46827268643306375,
  "R@100": 0.7895327942497753,
  "AP": 0.2622088700003039
}