nDCG@1,nDCG@3,nDCG@5,nDCG@10,nDCG@100,RR@1,RR@3,RR@5,RR@10,RR@100,P@1,P@3,P@5,P@10,P@100,R@1,R@3,R@5,R@10,R@100,AP
0.14892183288409702,0.23316114674209346,0.2635468178064744,0.29854230280005734,0.3625494346097415,0.14892183288409702,0.21529649595687325,0.23197439353099703,0.24623978522226483,0.2585759905190073,0.14892183288409702,0.10152740341419579,0.07587601078167187,0.04912398921832894,0.008194070080862393,0.1456648697214735,0.2946990116801438,0.3683737646001797,0.4755166217430368,0.7799303683737645,0.2541302521332891
