nDCG@1,nDCG@3,nDCG@5,nDCG@10,nDCG@100,RR@1,RR@3,RR@5,RR@10,RR@100,P@1,P@3,P@5,P@10,P@100,R@1,R@3,R@5,R@10,R@100,AP
0.1192722371967655,0.1847207242071168,0.2109680967307054,0.23863723029487027,0.2957048614759506,0.11859838274932614,0.17026055705301016,0.18474842767295613,0.1961643777007658,0.206844247807377,0.1192722371967655,0.08018867924528263,0.06118598382749376,0.03935309973045859,0.006866576819406894,0.11601527403414197,0.23382749326145552,0.29683288409703507,0.38117699910152747,0.6557165318957772,0.20357802491287905
