nDCG@1,nDCG@1_std,nDCG@1_stderr,nDCG@1_ci90_low,nDCG@1_ci90_high,nDCG@1_ci95_low,nDCG@1_ci95_high,nDCG@3,nDCG@3_std,nDCG@3_stderr,nDCG@3_ci90_low,nDCG@3_ci90_high,nDCG@3_ci95_low,nDCG@3_ci95_high,nDCG@5,nDCG@5_std,nDCG@5_stderr,nDCG@5_ci90_low,nDCG@5_ci90_high,nDCG@5_ci95_low,nDCG@5_ci95_high,nDCG@10,nDCG@10_std,nDCG@10_stderr,nDCG@10_ci90_low,nDCG@10_ci90_high,nDCG@10_ci95_low,nDCG@10_ci95_high,nDCG@100,nDCG@100_std,nDCG@100_stderr,nDCG@100_ci90_low,nDCG@100_ci90_high,nDCG@100_ci95_low,nDCG@100_ci95_high,RR@1,RR@3,RR@5,RR@10,RR@100,P@1,P@3,P@5,P@10,P@100,R@1,R@3,R@5,R@10,R@100,AP
0.12466307277628032,0.33044783721430887,0.008577998447087216,0.11054470156055797,0.13878144399200268,0.10783677200609454,0.1414893735464661,0.19441904003319382,0.355104723485279,0.009218059323034839,0.17924720429389635,0.2095908757724913,0.1763372183071165,0.21250086175927116,0.22425560088281166,0.3548324710045037,0.00921099200077002,0.2090953971203502,0.23941580464527312,0.20618764216811175,0.24232355959751156,0.2538724117061143,0.3488996294637209,0.009056983108012026,0.2389656883717378,0.26877913504049084,0.2361065514316058,0.2716382719806228,0.3143674164093578,0.3174571318414377,0.008240776538012392,0.30080407258420455,0.327930760234511,0.29820259830361756,0.330532234515098,0.12466307277628032,0.1794699011680145,0.1965184186882299,0.20854030291361828,0.21967399560256293,0.12466307277628032,0.08355795148247934,0.06495956873315419,0.041981132075472105,0.0073382749326144315,0.12140610961365679,0.2442722371967655,0.31536388140161725,0.4061096136567835,0.6998539982030549,0.21625923687585136
