{
  "nDCG@1": 0.14892183288409702,
  "nDCG@3": 0.23316114674209346,
  "nDCG@5": 0.2635468178064744,
  "nDCG@10": 0.29854230280005734,
  "nDCG@100": 0.3625494346097415,
  "RR@1": 0.14892183288409702,
  "RR@3": 0.21529649595687325,
  "RR@5": 0.23197439353099703,
  "RR@10": 0.24623978522226483,
  "RR@100": 0.2585759905190073,
  "P@1": 0.14892183288409702,
  "P@3": 0.10152740341419579,
  "P@5": 0.07587601078167187,
  "P@10": 0.04912398921832894,
  "P@100": 0.008194070080862393,
  "R@1": 0.1456648697214735,
  "R@3": 0.2946990116801438,
  "R@5": 0.3683737646001797,
  "R@10": 0.4755166217430368,
  "R@100": 0.7799303683737645,
  "AP": 0.2541302521332891
}