{
  "nDCG@1": 0.14892183288409702,
  "nDCG@1_std": 0.3561314157086241,
  "nDCG@1_stderr": 0.00924471092521125,
  "nDCG@1_ci90_low": 0.13370613175879587,
  "nDCG@1_ci90_high": 0.16413753400939818,
  "nDCG@1_ci95_low": 0.13078773231033816,
  "nDCG@1_ci95_high": 0.16705593345785588,
  "nDCG@3": 0.23316114674209346,
  "nDCG@3_std": 0.3753211582853928,
  "nDCG@3_stderr": 0.009742851822156413,
  "nDCG@3_ci90_low": 0.21712556459860527,
  "nDCG@3_ci90_high": 0.24919672888558164,
  "nDCG@3_ci95_low": 0.2140499104635857,
  "nDCG@3_ci95_high": 0.25227238302060123,
  "nDCG@5": 0.2635468178064744,
  "nDCG@5_std": 0.3720785491191261,
  "nDCG@5_stderr": 0.009658677882247382,
  "nDCG@5_ci90_low": 0.2476497760156869,
  "nDCG@5_ci90_high": 0.27944385959726187,
  "nDCG@5_ci95_low": 0.24460069417500865,
  "nDCG@5_ci95_high": 0.2824929414379401,
  "nDCG@10": 0.29854230280005734,
  "nDCG@10_std": 0.3613647765868716,
  "nDCG@10_stderr": 0.009380562204690315,
  "nDCG@10_ci90_low": 0.28310300653124487,
  "nDCG@10_ci90_high": 0.3139815990688698,
  "nDCG@10_ci95_low": 0.2801417211232032,
  "nDCG@10_ci95_high": 0.3169428844769115,
  "nDCG@100": 0.3625494346097415,
  "nDCG@100_std": 0.3209643570241386,
  "nDCG@100_stderr": 0.008331819567449083,
  "nDCG@100_ci90_low": 0.3488362447226987,
  "nDCG@100_ci90_high": 0.37626262449678427,
  "nDCG@100_ci95_low": 0.34620602969196346,
  "nDCG@100_ci95_high": 0.3788928395275195,
  "RR@1": 0.14892183288409702,
  "RR@3": 0.21529649595687325,
  "RR@5": 0.23197439353099703,
  "RR@10": 0.24623978522226483,
  "RR@100": 0.2585759905190073,
  "P@1": 0.14892183288409702,
  "P@3": 0.10152740341419579,
  "P@5": 0.07587601078167187,
  "P@10": 0.04912398921832894,
  "P@100": 0.008194070080862393,
  "R@1": 0.1456648697214735,
  "R@3": 0.2946990116801438,
  "R@5": 0.3683737646001797,
  "R@10": 0.4755166217430368,
  "R@100": 0.7799303683737645,
  "AP": 0.2541302521332891
}