{
  "nDCG@1": 0.1192722371967655,
  "nDCG@3": 0.1847207242071168,
  "nDCG@5": 0.2109680967307054,
  "nDCG@10": 0.23863723029487027,
  "nDCG@100": 0.2957048614759506,
  "RR@1": 0.11859838274932614,
  "RR@3": 0.17026055705301016,
  "RR@5": 0.18474842767295613,
  "RR@10": 0.1961643777007658,
  "RR@100": 0.206844247807377,
  "P@1": 0.1192722371967655,
  "P@3": 0.08018867924528263,
  "P@5": 0.06118598382749376,
  "P@10": 0.03935309973045859,
  "P@100": 0.006866576819406894,
  "R@1": 0.11601527403414197,
  "R@3": 0.23382749326145552,
  "R@5": 0.29683288409703507,
  "R@10": 0.38117699910152747,
  "R@100": 0.6557165318957772,
  "AP": 0.20357802491287905
}