{
  "nDCG@1": 0.16576819407008087,
  "nDCG@1_std": 0.3719977815343258,
  "nDCG@1_stderr": 0.009656581260212169,
  "nDCG@1_ci90_low": 0.14987460307126715,
  "nDCG@1_ci90_high": 0.18166178506889458,
  "nDCG@1_ci95_low": 0.1468261830988334,
  "nDCG@1_ci95_high": 0.18471020504132832,
  "nDCG@3": 0.23983794138942374,
  "nDCG@3_std": 0.3836962230836778,
  "nDCG@3_stderr": 0.009960257671865005,
  "nDCG@3_ci90_low": 0.2234445349225122,
  "nDCG@3_ci90_high": 0.2562313478563353,
  "nDCG@3_ci95_low": 0.22030024942443394,
  "nDCG@3_ci95_high": 0.25937563335441355,
  "nDCG@5": 0.2732771779521012,
  "nDCG@5_std": 0.3792938945191355,
  "nDCG@5_stderr": 0.009845978916378036,
  "nDCG@5_ci90_low": 0.25707186080485883,
  "nDCG@5_ci90_high": 0.2894824950993436,
  "nDCG@5_ci95_low": 0.2539636511840775,
  "nDCG@5_ci95_high": 0.29259070472012494,
  "nDCG@10": 0.303278547869728,
  "nDCG@10_std": 0.36992129243896793,
  "nDCG@10_stderr": 0.009602678289063893,
  "nDCG@10_ci90_low": 0.28747367478815294,
  "nDCG@10_ci90_high": 0.3190834209513031,
  "nDCG@10_ci95_low": 0.28444227107534503,
  "nDCG@10_ci95_high": 0.322114824664111,
  "nDCG@100": 0.3697020127749795,
  "nDCG@100_std": 0.32789684117250223,
  "nDCG@100_stderr": 0.00851177788934469,
  "nDCG@100_ci90_low": 0.3556926327676478,
  "nDCG@100_ci90_high": 0.3837113927823112,
  "nDCG@100_ci95_low": 0.3530056079273237,
  "nDCG@100_ci95_high": 0.38639841762263527,
  "RR@1": 0.16576819407008087,
  "RR@3": 0.2248427672955974,
  "RR@5": 0.24313791554357547,
  "RR@10": 0.25570663800111215,
  "RR@100": 0.2678438584701211,
  "P@1": 0.16576819407008087,
  "P@3": 0.10130278526504935,
  "P@5": 0.07762803234501421,
  "P@10": 0.04851752021563355,
  "P@100": 0.00826819407008072,
  "R@1": 0.16116352201257864,
  "R@3": 0.2957097933513028,
  "R@5": 0.3765723270440251,
  "R@10": 0.46827268643306375,
  "R@100": 0.7895327942497753,
  "AP": 0.2622088700003039
}