nDCG@1,nDCG@1_std,nDCG@1_stderr,nDCG@1_ci90_low,nDCG@1_ci90_high,nDCG@1_ci95_low,nDCG@1_ci95_high,nDCG@3,nDCG@3_std,nDCG@3_stderr,nDCG@3_ci90_low,nDCG@3_ci90_high,nDCG@3_ci95_low,nDCG@3_ci95_high,nDCG@5,nDCG@5_std,nDCG@5_stderr,nDCG@5_ci90_low,nDCG@5_ci90_high,nDCG@5_ci95_low,nDCG@5_ci95_high,nDCG@10,nDCG@10_std,nDCG@10_stderr,nDCG@10_ci90_low,nDCG@10_ci90_high,nDCG@10_ci95_low,nDCG@10_ci95_high,nDCG@100,nDCG@100_std,nDCG@100_stderr,nDCG@100_ci90_low,nDCG@100_ci90_high,nDCG@100_ci95_low,nDCG@100_ci95_high,RR@1,RR@3,RR@5,RR@10,RR@100,P@1,P@3,P@5,P@10,P@100,R@1,R@3,R@5,R@10,R@100,AP
0.16576819407008087,0.3719977815343258,0.009656581260212169,0.14987460307126715,0.18166178506889458,0.1468261830988334,0.18471020504132832,0.23983794138942374,0.3836962230836778,0.009960257671865005,0.2234445349225122,0.2562313478563353,0.22030024942443394,0.25937563335441355,0.2732771779521012,0.3792938945191355,0.009845978916378036,0.25707186080485883,0.2894824950993436,0.2539636511840775,0.29259070472012494,0.303278547869728,0.36992129243896793,0.009602678289063893,0.28747367478815294,0.3190834209513031,0.28444227107534503,0.322114824664111,0.3697020127749795,0.32789684117250223,0.00851177788934469,0.3556926327676478,0.3837113927823112,0.3530056079273237,0.38639841762263527,0.16576819407008087,0.2248427672955974,0.24313791554357547,0.25570663800111215,0.2678438584701211,0.16576819407008087,0.10130278526504935,0.07762803234501421,0.04851752021563355,0.00826819407008072,0.16116352201257864,0.2957097933513028,0.3765723270440251,0.46827268643306375,0.7895327942497753,0.2622088700003039
