nDCG@1,nDCG@1_std,nDCG@1_stderr,nDCG@1_ci90_low,nDCG@1_ci90_high,nDCG@1_ci95_low,nDCG@1_ci95_high,nDCG@3,nDCG@3_std,nDCG@3_stderr,nDCG@3_ci90_low,nDCG@3_ci90_high,nDCG@3_ci95_low,nDCG@3_ci95_high,nDCG@5,nDCG@5_std,nDCG@5_stderr,nDCG@5_ci90_low,nDCG@5_ci90_high,nDCG@5_ci95_low,nDCG@5_ci95_high,nDCG@10,nDCG@10_std,nDCG@10_stderr,nDCG@10_ci90_low,nDCG@10_ci90_high,nDCG@10_ci95_low,nDCG@10_ci95_high,nDCG@100,nDCG@100_std,nDCG@100_stderr,nDCG@100_ci90_low,nDCG@100_ci90_high,nDCG@100_ci95_low,nDCG@100_ci95_high,RR@1,RR@3,RR@5,RR@10,RR@100,P@1,P@3,P@5,P@10,P@100,R@1,R@3,R@5,R@10,R@100,AP
0.14285714285714285,0.3500450656992924,0.009086717151160257,0.12790148080337851,0.15781280491090718,0.12503295732689876,0.16068132838738694,0.22002150873031012,0.37006001387693593,0.009606279318168815,0.2042107087805996,0.23583230868002064,0.20117816828358737,0.23886484917703288,0.24641085499445253,0.36844005209051606,0.009564227205480183,0.2306692678501541,0.26215244213875094,0.22765000249646108,0.265171707492444,0.28284948860845993,0.35861015951613856,0.00930905590840385,0.2675278832487169,0.29817109396820296,0.2645891711733983,0.30110980604352156,0.34571133832542006,0.3215024349266865,0.008345787373839883,0.33197515908055547,0.35944751757028465,0.3293405346487263,0.3620821420021138,0.14285714285714285,0.20260557053009876,0.21753144654088027,0.23280066743678582,0.24482808562030842,0.14285714285714285,0.09478885893980206,0.07021563342318121,0.04663072776280348,0.007877358490565901,0.13960017969451932,0.2776280323450135,0.3405211141060198,0.4511455525606469,0.7507861635220124,0.24116396279460534
