nDCG@1,nDCG@3,nDCG@5,nDCG@10,nDCG@100,RR@1,RR@3,RR@5,RR@10,RR@100,P@1,P@3,P@5,P@10,P@100,R@1,R@3,R@5,R@10,R@100,AP
0.14285714285714285,0.22002150873031012,0.24641085499445253,0.28284948860845993,0.34571133832542006,0.14285714285714285,0.20260557053009876,0.21753144654088027,0.23280066743678582,0.24482808562030842,0.14285714285714285,0.09478885893980206,0.07021563342318121,0.04663072776280348,0.007877358490565901,0.13960017969451932,0.2776280323450135,0.3405211141060198,0.4511455525606469,0.7507861635220124,0.24116396279460534
