nDCG@1,nDCG@3,nDCG@5,nDCG@10,nDCG@100,RR@1,RR@3,RR@5,RR@10,RR@100,P@1,P@3,P@5,P@10,P@100,R@1,R@3,R@5,R@10,R@100,AP
0.16576819407008087,0.23983794138942374,0.2732771779521012,0.303278547869728,0.3697020127749795,0.16576819407008087,0.2248427672955974,0.24313791554357547,0.25570663800111215,0.2678438584701211,0.16576819407008087,0.10130278526504935,0.07762803234501421,0.04851752021563355,0.00826819407008072,0.16116352201257864,0.2957097933513028,0.3765723270440251,0.46827268643306375,0.7895327942497753,0.2622088700003039
