nDCG@1,nDCG@1_std,nDCG@1_stderr,nDCG@1_ci90_low,nDCG@1_ci90_high,nDCG@1_ci95_low,nDCG@1_ci95_high,nDCG@3,nDCG@3_std,nDCG@3_stderr,nDCG@3_ci90_low,nDCG@3_ci90_high,nDCG@3_ci95_low,nDCG@3_ci95_high,nDCG@5,nDCG@5_std,nDCG@5_stderr,nDCG@5_ci90_low,nDCG@5_ci90_high,nDCG@5_ci95_low,nDCG@5_ci95_high,nDCG@10,nDCG@10_std,nDCG@10_stderr,nDCG@10_ci90_low,nDCG@10_ci90_high,nDCG@10_ci95_low,nDCG@10_ci95_high,nDCG@100,nDCG@100_std,nDCG@100_stderr,nDCG@100_ci90_low,nDCG@100_ci90_high,nDCG@100_ci95_low,nDCG@100_ci95_high,RR@1,RR@3,RR@5,RR@10,RR@100,P@1,P@3,P@5,P@10,P@100,R@1,R@3,R@5,R@10,R@100,AP
0.7109164420485176,0.4534896190110474,0.01177200395814391,0.6915411154080162,0.7302917686890189,0.6878248921386656,0.7340079919583695,0.7827608007605908,0.36652596940992416,0.009514540094799942,0.7671009927256671,0.7984206087955146,0.7640974127554953,0.8014241887656864,0.8023929576982927,0.3350490476407309,0.008697439918471314,0.7880779999429534,0.816707915453632,0.7853323647287856,0.8194535506677997,0.8204656055234406,0.301705615370912,0.007831887543723682,0.8075752446374894,0.8333559664093918,0.8051028497218568,0.8358283613250245,0.8327993523089405,0.27264987142156405,0.007077638012004615,0.8211503969727549,0.8444483076451261,0.8189161059237738,0.8466825986941072,0.7109164420485176,0.7707771787960468,0.7812556154537295,0.7879446904547984,0.7903744010951806,0.7109164420485176,0.2929020664869677,0.18611859838274503,0.09912398921832642,0.010518867924528113,0.6894092542677449,0.835130278526505,0.8820193171608266,0.9354784366576819,0.9893306379155434,0.783971234535285
