{
  "nDCG@1": 0.7574123989218329,
  "nDCG@1_std": 0.42879220330545825,
  "nDCG@1_stderr": 0.011130890990495055,
  "nDCG@1_ci90_low": 0.7390922684234518,
  "nDCG@1_ci90_high": 0.775732529420214,
  "nDCG@1_ci95_low": 0.735578433714038,
  "nDCG@1_ci95_high": 0.7792463641296278,
  "nDCG@3": 0.8240358310922897,
  "nDCG@3_std": 0.3350806712565142,
  "nDCG@3_stderr": 0.008698260826634512,
  "nDCG@3_ci90_low": 0.8097195222191746,
  "nDCG@3_ci90_high": 0.8383521399654048,
  "nDCG@3_ci95_low": 0.8069736278581336,
  "nDCG@3_ci95_high": 0.8410980343264458,
  "nDCG@5": 0.8391928911895482,
  "nDCG@5_std": 0.3078317133617324,
  "nDCG@5_stderr": 0.007990913123963387,
  "nDCG@5_ci90_low": 0.8260407930010703,
  "nDCG@5_ci90_high": 0.8523449893780262,
  "nDCG@5_ci95_low": 0.8235181963896336,
  "nDCG@5_ci95_high": 0.8548675859894628,
  "nDCG@10": 0.8532860174076796,
  "nDCG@10_std": 0.27747990250926724,
  "nDCG@10_stderr": 0.007203019371794937,
  "nDCG@10_ci90_low": 0.8414306991778691,
  "nDCG@10_ci90_high": 0.8651413356374902,
  "nDCG@10_ci95_low": 0.839156827346512,
  "nDCG@10_ci95_high": 0.8674152074688473,
  "nDCG@100": 0.8633854619418551,
  "nDCG@100_std": 0.2505018929693804,
  "nDCG@100_stderr": 0.006502705137967558,
  "nDCG@100_ci90_low": 0.852682778138574,
  "nDCG@100_ci90_high": 0.8740881457451362,
  "nDCG@100_ci95_low": 0.8506299837092345,
  "nDCG@100_ci95_high": 0.8761409401744756,
  "RR@1": 0.7574123989218329,
  "RR@3": 0.8125561545372862,
  "RR@5": 0.8201033243486076,
  "RR@10": 0.8254749069439091,
  "RR@100": 0.8277282723410762,
  "P@1": 0.7574123989218329,
  "P@3": 0.30615453728660774,
  "P@5": 0.19204851752021107,
  "P@10": 0.10074123989218078,
  "P@100": 0.010552560646900081,
  "R@1": 0.7352313566936209,
  "R@3": 0.8725292003593892,
  "R@5": 0.9086365678346809,
  "R@10": 0.9504155435759208,
  "R@100": 0.9919137466307277,
  "AP": 0.8224565056994361
}