{
  "nDCG@1": 0.7109164420485176,
  "nDCG@1_std": 0.4534896190110474,
  "nDCG@1_stderr": 0.01177200395814391,
  "nDCG@1_ci90_low": 0.6915411154080162,
  "nDCG@1_ci90_high": 0.7302917686890189,
  "nDCG@1_ci95_low": 0.6878248921386656,
  "nDCG@1_ci95_high": 0.7340079919583695,
  "nDCG@3": 0.7827608007605908,
  "nDCG@3_std": 0.36652596940992416,
  "nDCG@3_stderr": 0.009514540094799942,
  "nDCG@3_ci90_low": 0.7671009927256671,
  "nDCG@3_ci90_high": 0.7984206087955146,
  "nDCG@3_ci95_low": 0.7640974127554953,
  "nDCG@3_ci95_high": 0.8014241887656864,
  "nDCG@5": 0.8023929576982927,
  "nDCG@5_std": 0.3350490476407309,
  "nDCG@5_stderr": 0.008697439918471314,
  "nDCG@5_ci90_low": 0.7880779999429534,
  "nDCG@5_ci90_high": 0.816707915453632,
  "nDCG@5_ci95_low": 0.7853323647287856,
  "nDCG@5_ci95_high": 0.8194535506677997,
  "nDCG@10": 0.8204656055234406,
  "nDCG@10_std": 0.301705615370912,
  "nDCG@10_stderr": 0.007831887543723682,
  "nDCG@10_ci90_low": 0.8075752446374894,
  "nDCG@10_ci90_high": 0.8333559664093918,
  "nDCG@10_ci95_low": 0.8051028497218568,
  "nDCG@10_ci95_high": 0.8358283613250245,
  "nDCG@100": 0.8327993523089405,
  "nDCG@100_std": 0.27264987142156405,
  "nDCG@100_stderr": 0.007077638012004615,
  "nDCG@100_ci90_low": 0.8211503969727549,
  "nDCG@100_ci90_high": 0.8444483076451261,
  "nDCG@100_ci95_low": 0.8189161059237738,
  "nDCG@100_ci95_high": 0.8466825986941072,
  "RR@1": 0.7109164420485176,
  "RR@3": 0.7707771787960468,
  "RR@5": 0.7812556154537295,
  "RR@10": 0.7879446904547984,
  "RR@100": 0.7903744010951806,
  "P@1": 0.7109164420485176,
  "P@3": 0.2929020664869677,
  "P@5": 0.18611859838274503,
  "P@10": 0.09912398921832642,
  "P@100": 0.010518867924528113,
  "R@1": 0.6894092542677449,
  "R@3": 0.835130278526505,
  "R@5": 0.8820193171608266,
  "R@10": 0.9354784366576819,
  "R@100": 0.9893306379155434,
  "AP": 0.783971234535285
}