{
  "nDCG@1": 0.7688679245283019,
  "nDCG@1_std": 0.42169879132983157,
  "nDCG@1_stderr": 0.010946755190350557,
  "nDCG@1_ci90_low": 0.750850859785479,
  "nDCG@1_ci90_high": 0.7868849892711247,
  "nDCG@1_ci95_low": 0.747395153645139,
  "nDCG@1_ci95_high": 0.7903406954114648,
  "nDCG@3": 0.8336003290837418,
  "nDCG@3_std": 0.32907681683210815,
  "nDCG@3_stderr": 0.00854240853126696,
  "nDCG@3_ci90_low": 0.8195405346614505,
  "nDCG@3_ci90_high": 0.8476601235060331,
  "nDCG@3_ci95_low": 0.816843840243655,
  "nDCG@3_ci95_high": 0.8503568179238287,
  "nDCG@5": 0.8486515535452873,
  "nDCG@5_std": 0.3013654629260255,
  "nDCG@5_stderr": 0.007823057626213532,
  "nDCG@5_ci90_low": 0.8357757256595438,
  "nDCG@5_ci90_high": 0.8615273814310308,
  "nDCG@5_ci95_low": 0.8333061182000685,
  "nDCG@5_ci95_high": 0.8639969888905061,
  "nDCG@10": 0.8627691811896674,
  "nDCG@10_std": 0.2687642756616124,
  "nDCG@10_stderr": 0.006976772971773597,
  "nDCG@10_ci90_low": 0.8512862377838236,
  "nDCG@10_ci90_high": 0.8742521245955112,
  "nDCG@10_ci95_low": 0.8490837881282792,
  "nDCG@10_ci95_high": 0.8764545742510556,
  "nDCG@100": 0.8717702633635044,
  "nDCG@100_std": 0.2436770907948197,
  "nDCG@100_stderr": 0.00632554210083413,
  "nDCG@100_ci90_low": 0.8613591689722969,
  "nDCG@100_ci90_high": 0.8821813577547118,
  "nDCG@100_ci95_low": 0.8593623019282526,
  "nDCG@100_ci95_high": 0.8841782247987562,
  "RR@1": 0.7688679245283019,
  "RR@3": 0.8225516621743039,
  "RR@5": 0.8300314465408808,
  "RR@10": 0.8355701557352502,
  "RR@100": 0.8376263524335156,
  "P@1": 0.7688679245283019,
  "P@3": 0.3084007187780721,
  "P@5": 0.19339622641508974,
  "P@10": 0.10134770889487617,
  "P@100": 0.010559299191374475,
  "R@1": 0.7473607367475293,
  "R@3": 0.8784254267744834,
  "R@5": 0.913690476190476,
  "R@10": 0.9561433063791553,
  "R@100": 0.9925876010781671,
  "AP": 0.8331701626660554
}