nDCG@1,nDCG@1_std,nDCG@1_stderr,nDCG@1_ci90_low,nDCG@1_ci90_high,nDCG@1_ci95_low,nDCG@1_ci95_high,nDCG@3,nDCG@3_std,nDCG@3_stderr,nDCG@3_ci90_low,nDCG@3_ci90_high,nDCG@3_ci95_low,nDCG@3_ci95_high,nDCG@5,nDCG@5_std,nDCG@5_stderr,nDCG@5_ci90_low,nDCG@5_ci90_high,nDCG@5_ci95_low,nDCG@5_ci95_high,nDCG@10,nDCG@10_std,nDCG@10_stderr,nDCG@10_ci90_low,nDCG@10_ci90_high,nDCG@10_ci95_low,nDCG@10_ci95_high,nDCG@100,nDCG@100_std,nDCG@100_stderr,nDCG@100_ci90_low,nDCG@100_ci90_high,nDCG@100_ci95_low,nDCG@100_ci95_high,RR@1,RR@3,RR@5,RR@10,RR@100,P@1,P@3,P@5,P@10,P@100,R@1,R@3,R@5,R@10,R@100,AP
0.6361185983827493,0.48127726998544446,0.012493335436406822,0.6155560454163723,0.6566811513491263,0.6116121099551157,0.6606250868103829,0.7134474930912789,0.406618631260187,0.010555293739884642,0.6960747276110887,0.730820258571469,0.6927425992538048,0.734152386928753,0.7409269019492332,0.37208169871365415,0.00965875964164759,0.7250297255921399,0.7568240783063265,0.7219806179413968,0.7598731859570695,0.7618083986172566,0.3390384452885502,0.008800999521452203,0.7473229939998834,0.7762938032346297,0.7445446667642273,0.7790721304702859,0.7793813446748112,0.3057998363884557,0.00793816822580224,0.7663160583523609,0.7924466309972615,0.7638101124164239,0.7949525769331985,0.6361185983827493,0.7004716981132083,0.7153301886792464,0.7232132161040523,0.7267410405595628,0.6361185983827493,0.26999101527403085,0.17641509433961888,0.09521563342317838,0.010377358490565853,0.6164083557951483,0.7708333333333333,0.8354672057502246,0.8994272237196765,0.9758535489667564,0.719368956624539
