{
  "nDCG@1": 0.7102425876010782,
  "nDCG@1_std": 0.4538026286886878,
  "nDCG@1_stderr": 0.011780129284523278,
  "nDCG@1_ci90_low": 0.6908538876340624,
  "nDCG@1_ci90_high": 0.7296312875680939,
  "nDCG@1_ci95_low": 0.6871350993361007,
  "nDCG@1_ci95_high": 0.7333500758660556,
  "nDCG@3": 0.7824238735368712,
  "nDCG@3_std": 0.36655594873460545,
  "nDCG@3_stderr": 0.009515318319292887,
  "nDCG@3_ci90_low": 0.7667627846364462,
  "nDCG@3_ci90_high": 0.7980849624372961,
  "nDCG@3_ci95_low": 0.7637589589939164,
  "nDCG@3_ci95_high": 0.8010887880798259,
  "nDCG@5": 0.802056030474573,
  "nDCG@5_std": 0.3351015961803905,
  "nDCG@5_stderr": 0.00869880401059368,
  "nDCG@5_ci90_low": 0.787738827584885,
  "nDCG@5_ci90_high": 0.8163732333642609,
  "nDCG@5_ci95_low": 0.7849927617498218,
  "nDCG@5_ci95_high": 0.8191192991993241,
  "nDCG@10": 0.8201353530298169,
  "nDCG@10_std": 0.301767728210522,
  "nDCG@10_stderr": 0.007833499912702126,
  "nDCG@10_ci90_low": 0.8072423383751672,
  "nDCG@10_ci90_high": 0.8330283676844665,
  "nDCG@10_ci95_low": 0.8047694344618195,
  "nDCG@10_ci95_high": 0.8355012715978143,
  "nDCG@100": 0.8324891596855417,
  "nDCG@100_std": 0.27268849346441987,
  "nDCG@100_stderr": 0.007078640590282729,
  "nDCG@100_ci90_low": 0.8208385542240512,
  "nDCG@100_ci90_high": 0.8441397651470323,
  "nDCG@100_ci95_low": 0.818603946678003,
  "nDCG@100_ci95_high": 0.8463743726930805,
  "RR@1": 0.7102425876010782,
  "RR@3": 0.770327942497754,
  "RR@5": 0.7808063791554365,
  "RR@10": 0.787510428699782,
  "RR@100": 0.789955323957098,
  "P@1": 0.7102425876010782,
  "P@3": 0.2929020664869677,
  "P@5": 0.18611859838274503,
  "P@10": 0.09912398921832642,
  "P@100": 0.010518867924528113,
  "R@1": 0.6887353998203055,
  "R@3": 0.835130278526505,
  "R@5": 0.8820193171608266,
  "R@10": 0.9354784366576819,
  "R@100": 0.9893306379155434,
  "AP": 0.7835355569310188
}