nDCG@1,nDCG@1_std,nDCG@1_stderr,nDCG@1_ci90_low,nDCG@1_ci90_high,nDCG@1_ci95_low,nDCG@1_ci95_high,nDCG@3,nDCG@3_std,nDCG@3_stderr,nDCG@3_ci90_low,nDCG@3_ci90_high,nDCG@3_ci95_low,nDCG@3_ci95_high,nDCG@5,nDCG@5_std,nDCG@5_stderr,nDCG@5_ci90_low,nDCG@5_ci90_high,nDCG@5_ci95_low,nDCG@5_ci95_high,nDCG@10,nDCG@10_std,nDCG@10_stderr,nDCG@10_ci90_low,nDCG@10_ci90_high,nDCG@10_ci95_low,nDCG@10_ci95_high,nDCG@100,nDCG@100_std,nDCG@100_stderr,nDCG@100_ci90_low,nDCG@100_ci90_high,nDCG@100_ci95_low,nDCG@100_ci95_high,RR@1,RR@3,RR@5,RR@10,RR@100,P@1,P@3,P@5,P@10,P@100,R@1,R@3,R@5,R@10,R@100,AP
0.7688679245283019,0.42169879132983157,0.010946755190350557,0.750850859785479,0.7868849892711247,0.747395153645139,0.7903406954114648,0.8336003290837418,0.32907681683210815,0.00854240853126696,0.8195405346614505,0.8476601235060331,0.816843840243655,0.8503568179238287,0.8486515535452873,0.3013654629260255,0.007823057626213532,0.8357757256595438,0.8615273814310308,0.8333061182000685,0.8639969888905061,0.8627691811896674,0.2687642756616124,0.006976772971773597,0.8512862377838236,0.8742521245955112,0.8490837881282792,0.8764545742510556,0.8717702633635044,0.2436770907948197,0.00632554210083413,0.8613591689722969,0.8821813577547118,0.8593623019282526,0.8841782247987562,0.7688679245283019,0.8225516621743039,0.8300314465408808,0.8355701557352502,0.8376263524335156,0.7688679245283019,0.3084007187780721,0.19339622641508974,0.10134770889487617,0.010559299191374475,0.7473607367475293,0.8784254267744834,0.913690476190476,0.9561433063791553,0.9925876010781671,0.8331701626660554
