{
  "nDCG@1": 0.7567385444743935,
  "nDCG@1_std": 0.42919628392893383,
  "nDCG@1_stderr": 0.011141380400835555,
  "nDCG@1_ci90_low": 0.7384011496468177,
  "nDCG@1_ci90_high": 0.7750759393019693,
  "nDCG@1_ci95_low": 0.7348840036073256,
  "nDCG@1_ci95_high": 0.7785930853414613,
  "nDCG@3": 0.8242122862857822,
  "nDCG@3_std": 0.3344406625512694,
  "nDCG@3_stderr": 0.00868164702844478,
  "nDCG@3_ci90_low": 0.8099233217601385,
  "nDCG@3_ci90_high": 0.838501250811426,
  "nDCG@3_ci95_low": 0.8071826720952126,
  "nDCG@3_ci95_high": 0.841241900476352,
  "nDCG@5": 0.838847981413722,
  "nDCG@5_std": 0.3082210859032955,
  "nDCG@5_stderr": 0.00800102073152113,
  "nDCG@5_ci90_low": 0.825679247298287,
  "nDCG@5_ci90_high": 0.8520167155291569,
  "nDCG@5_ci95_low": 0.8231534598854765,
  "nDCG@5_ci95_high": 0.8545425029419674,
  "nDCG@10": 0.8531777665199136,
  "nDCG@10_std": 0.2773506780798442,
  "nDCG@10_stderr": 0.007199664872748246,
  "nDCG@10_ci90_low": 0.8413279693989113,
  "nDCG@10_ci90_high": 0.8650275636409159,
  "nDCG@10_ci95_low": 0.8390551565263737,
  "nDCG@10_ci95_high": 0.8673003765134535,
  "nDCG@100": 0.8632764350467795,
  "nDCG@100_std": 0.25035700872840694,
  "nDCG@100_stderr": 0.00649894413046769,
  "nDCG@100_ci90_low": 0.8525799414171568,
  "nDCG@100_ci90_high": 0.8739729286764023,
  "nDCG@100_ci95_low": 0.8505283342745049,
  "nDCG@100_ci95_high": 0.8760245358190542,
  "RR@1": 0.7567385444743935,
  "RR@3": 0.8125561545372862,
  "RR@5": 0.8198337825696317,
  "RR@10": 0.8253136632011289,
  "RR@100": 0.8275701213830946,
  "P@1": 0.7567385444743935,
  "P@3": 0.30637915543575417,
  "P@5": 0.19191374663072322,
  "P@10": 0.10074123989218078,
  "P@100": 0.010552560646900081,
  "R@1": 0.7345575022461815,
  "R@3": 0.8732030548068285,
  "R@5": 0.9079627133872415,
  "R@10": 0.9504155435759208,
  "R@100": 0.9919137466307277,
  "AP": 0.8222911645250887
}