{
  "nDCG@1": 0.7702156334231806,
  "nDCG@1_std": 0.42083589794462256,
  "nDCG@1_stderr": 0.010924355594151886,
  "nDCG@1_ci90_low": 0.7522354357672622,
  "nDCG@1_ci90_high": 0.788195831079099,
  "nDCG@1_ci95_low": 0.748786800801967,
  "nDCG@1_ci95_high": 0.7916444660443941,
  "nDCG@3": 0.8366588226385889,
  "nDCG@3_std": 0.3249368544861324,
  "nDCG@3_stderr": 0.008434940463464937,
  "nDCG@3_ci90_low": 0.8227759079493058,
  "nDCG@3_ci90_high": 0.8505417373278721,
  "nDCG@3_ci95_low": 0.8201131393894779,
  "nDCG@3_ci95_high": 0.8532045058876999,
  "nDCG@5": 0.850733542745281,
  "nDCG@5_std": 0.29826706690851856,
  "nDCG@5_stderr": 0.007742627273118503,
  "nDCG@5_ci90_low": 0.837990093710969,
  "nDCG@5_ci90_high": 0.863476991779593,
  "nDCG@5_ci95_low": 0.8355458767585643,
  "nDCG@5_ci95_high": 0.8659212087319977,
  "nDCG@10": 0.8646212853341412,
  "nDCG@10_std": 0.2660366289990791,
  "nDCG@10_stderr": 0.006905966792400002,
  "nDCG@10_ci90_low": 0.8532548805277073,
  "nDCG@10_ci90_high": 0.8759876901405751,
  "nDCG@10_ci95_low": 0.8510747831897749,
  "nDCG@10_ci95_high": 0.8781677874785074,
  "nDCG@100": 0.8733568839799236,
  "nDCG@100_std": 0.24146865687402214,
  "nDCG@100_stderr": 0.006268214012677178,
  "nDCG@100_ci90_low": 0.8630401448435789,
  "nDCG@100_ci90_high": 0.8836736231162683,
  "nDCG@100_ci95_low": 0.8610613753108805,
  "nDCG@100_ci95_high": 0.8856523926489668,
  "RR@1": 0.7702156334231806,
  "RR@3": 0.8250224618149148,
  "RR@5": 0.832165318957772,
  "RR@10": 0.8376005433619991,
  "RR@100": 0.839622790648707,
  "P@1": 0.7702156334231806,
  "P@3": 0.3101976639712437,
  "P@5": 0.19380053908355332,
  "P@10": 0.10148247978436403,
  "P@100": 0.010559299191374475,
  "R@1": 0.7483715184186883,
  "R@3": 0.8828054806828393,
  "R@5": 0.9161612758310873,
  "R@10": 0.957491015274034,
  "R@100": 0.9925876010781671,
  "AP": 0.8350560580628097
}