nDCG@1,nDCG@1_std,nDCG@1_stderr,nDCG@1_ci90_low,nDCG@1_ci90_high,nDCG@1_ci95_low,nDCG@1_ci95_high,nDCG@3,nDCG@3_std,nDCG@3_stderr,nDCG@3_ci90_low,nDCG@3_ci90_high,nDCG@3_ci95_low,nDCG@3_ci95_high,nDCG@5,nDCG@5_std,nDCG@5_stderr,nDCG@5_ci90_low,nDCG@5_ci90_high,nDCG@5_ci95_low,nDCG@5_ci95_high,nDCG@10,nDCG@10_std,nDCG@10_stderr,nDCG@10_ci90_low,nDCG@10_ci90_high,nDCG@10_ci95_low,nDCG@10_ci95_high,nDCG@100,nDCG@100_std,nDCG@100_stderr,nDCG@100_ci90_low,nDCG@100_ci90_high,nDCG@100_ci95_low,nDCG@100_ci95_high,RR@1,RR@3,RR@5,RR@10,RR@100,P@1,P@3,P@5,P@10,P@100,R@1,R@3,R@5,R@10,R@100,AP
0.7695417789757413,0.4212681048809121,0.010935575127193972,0.7515431152949882,0.7875404426564944,0.7480909385121819,0.7909926194393007,0.8367470502353352,0.32434381657275374,0.008419545966279208,0.8228894730682361,0.8506046274024344,0.8202315642917438,0.8532625361789267,0.8505610878573677,0.29819224662003146,0.007740685035203244,0.8378208355170218,0.8633013401977137,0.8353772316963967,0.8657449440183388,0.8644536378879997,0.2659436376654068,0.006903552857654482,0.8530912061327429,0.8758160696432564,0.8509118708333304,0.8779954049426689,0.8731644912150568,0.24142269345242462,0.006267020861702398,0.8628497158641432,0.8834792665659704,0.8608713229891007,0.8854576594410128,0.7695417789757413,0.8249101527403415,0.831918238993711,0.8373654965130708,0.8393691036320811,0.7695417789757413,0.3104222821203902,0.19380053908355332,0.10148247978436403,0.010559299191374475,0.7476976639712489,0.8834793351302787,0.9161612758310873,0.957491015274034,0.9925876010781671,0.834785448864523
