nDCG@1,nDCG@1_std,nDCG@1_stderr,nDCG@1_ci90_low,nDCG@1_ci90_high,nDCG@1_ci95_low,nDCG@1_ci95_high,nDCG@3,nDCG@3_std,nDCG@3_stderr,nDCG@3_ci90_low,nDCG@3_ci90_high,nDCG@3_ci95_low,nDCG@3_ci95_high,nDCG@5,nDCG@5_std,nDCG@5_stderr,nDCG@5_ci90_low,nDCG@5_ci90_high,nDCG@5_ci95_low,nDCG@5_ci95_high,nDCG@10,nDCG@10_std,nDCG@10_stderr,nDCG@10_ci90_low,nDCG@10_ci90_high,nDCG@10_ci95_low,nDCG@10_ci95_high,nDCG@100,nDCG@100_std,nDCG@100_stderr,nDCG@100_ci90_low,nDCG@100_ci90_high,nDCG@100_ci95_low,nDCG@100_ci95_high,RR@1,RR@3,RR@5,RR@10,RR@100,P@1,P@3,P@5,P@10,P@100,R@1,R@3,R@5,R@10,R@100,AP
0.6361185983827493,0.48127726998544446,0.012493335436406822,0.6155560454163723,0.6566811513491263,0.6116121099551157,0.6606250868103829,0.7136056058695884,0.40638657496014097,0.010549269858481113,0.6962427549859489,0.730968456753228,0.6929125282665104,0.7342986834726665,0.7409488237932431,0.37205088887567517,0.009657959858103637,0.7250529637852999,0.7568446838011863,0.7220041086127438,0.7598935389737425,0.7620251080800792,0.33865823991277827,0.008791129881661428,0.7475559477228549,0.7764942684373034,0.7447807361661588,0.7792694799939995,0.779414386052734,0.30575874289719773,0.007937101491920222,0.7663508554481273,0.7924779166573408,0.7638452462621004,0.7949835258433677,0.6361185983827493,0.7006963162623545,0.7153863432165329,0.7233367560860829,0.7268050992855589,0.6361185983827493,0.27021563342317734,0.17641509433961888,0.09528301886792231,0.010377358490565853,0.6164083557951483,0.7710579514824798,0.8354672057502246,0.9001010781671159,0.9758535489667564,0.7193979547179551
