nDCG@1,nDCG@1_std,nDCG@1_stderr,nDCG@1_ci90_low,nDCG@1_ci90_high,nDCG@1_ci95_low,nDCG@1_ci95_high,nDCG@3,nDCG@3_std,nDCG@3_stderr,nDCG@3_ci90_low,nDCG@3_ci90_high,nDCG@3_ci95_low,nDCG@3_ci95_high,nDCG@5,nDCG@5_std,nDCG@5_stderr,nDCG@5_ci90_low,nDCG@5_ci90_high,nDCG@5_ci95_low,nDCG@5_ci95_high,nDCG@10,nDCG@10_std,nDCG@10_stderr,nDCG@10_ci90_low,nDCG@10_ci90_high,nDCG@10_ci95_low,nDCG@10_ci95_high,nDCG@100,nDCG@100_std,nDCG@100_stderr,nDCG@100_ci90_low,nDCG@100_ci90_high,nDCG@100_ci95_low,nDCG@100_ci95_high,RR@1,RR@3,RR@5,RR@10,RR@100,P@1,P@3,P@5,P@10,P@100,R@1,R@3,R@5,R@10,R@100,AP
0.7102425876010782,0.4538026286886878,0.011780129284523278,0.6908538876340624,0.7296312875680939,0.6871350993361007,0.7333500758660556,0.7824238735368712,0.36655594873460545,0.009515318319292887,0.7667627846364462,0.7980849624372961,0.7637589589939164,0.8010887880798259,0.802056030474573,0.3351015961803905,0.00869880401059368,0.787738827584885,0.8163732333642609,0.7849927617498218,0.8191192991993241,0.8201353530298169,0.301767728210522,0.007833499912702126,0.8072423383751672,0.8330283676844665,0.8047694344618195,0.8355012715978143,0.8324891596855417,0.27268849346441987,0.007078640590282729,0.8208385542240512,0.8441397651470323,0.818603946678003,0.8463743726930805,0.7102425876010782,0.770327942497754,0.7808063791554365,0.787510428699782,0.789955323957098,0.7102425876010782,0.2929020664869677,0.18611859838274503,0.09912398921832642,0.010518867924528113,0.6887353998203055,0.835130278526505,0.8820193171608266,0.9354784366576819,0.9893306379155434,0.7835355569310188
