{
  "nDCG@1": 0.6435309973045822,
  "nDCG@1_std": 0.4791174579219442,
  "nDCG@1_stderr": 0.012437269508776948,
  "nDCG@1_ci90_low": 0.6230607222260732,
  "nDCG@1_ci90_high": 0.6640012723830911,
  "nDCG@1_ci95_low": 0.619134485833354,
  "nDCG@1_ci95_high": 0.6679275087758104,
  "nDCG@3": 0.7251860596398219,
  "nDCG@3_std": 0.4012915637226923,
  "nDCG@3_stderr": 0.010417009956733347,
  "nDCG@3_ci90_low": 0.708040892916578,
  "nDCG@3_ci90_high": 0.7423312263630657,
  "nDCG@3_ci95_low": 0.7047524184192951,
  "nDCG@3_ci95_high": 0.7456197008603486,
  "nDCG@5": 0.7457444103956865,
  "nDCG@5_std": 0.37516213352308225,
  "nDCG@5_stderr": 0.009738723745012232,
  "nDCG@5_ci90_low": 0.7297156225790903,
  "nDCG@5_ci90_high": 0.7617731982122827,
  "nDCG@5_ci95_low": 0.7266412716084594,
  "nDCG@5_ci95_high": 0.7648475491829136,
  "nDCG@10": 0.7655439061031866,
  "nDCG@10_std": 0.3440632469828699,
  "nDCG@10_stderr": 0.00893143687427059,
  "nDCG@10_ci90_low": 0.7508438170254645,
  "nDCG@10_ci90_high": 0.7802439951809086,
  "nDCG@10_ci95_low": 0.7480243129156364,
  "nDCG@10_ci95_high": 0.7830634992907367,
  "nDCG@100": 0.7869213118531705,
  "nDCG@100_std": 0.3021021631603398,
  "nDCG@100_stderr": 0.007842181411435398,
  "nDCG@100_ci90_low": 0.7740140084780716,
  "nDCG@100_ci90_high": 0.7998286152282694,
  "nDCG@100_ci95_low": 0.7715383639618731,
  "nDCG@100_ci95_high": 0.8023042597444678,
  "RR@1": 0.6442048517520216,
  "RR@3": 0.7118149146451042,
  "RR@5": 0.7223607367475304,
  "RR@10": 0.7301758439224758,
  "RR@100": 0.7344859453059995,
  "P@1": 0.6435309973045822,
  "P@3": 0.27291105121293463,
  "P@5": 0.17466307277627663,
  "P@10": 0.09400269541778758,
  "P@100": 0.010458221024258571,
  "R@1": 0.6262353998203054,
  "R@3": 0.7811657681940701,
  "R@5": 0.8305817610062894,
  "R@10": 0.8897686433063792,
  "R@100": 0.9839398023360286,
  "AP": 0.7281118666721815
}