nDCG@1,nDCG@1_std,nDCG@1_stderr,nDCG@1_ci90_low,nDCG@1_ci90_high,nDCG@1_ci95_low,nDCG@1_ci95_high,nDCG@3,nDCG@3_std,nDCG@3_stderr,nDCG@3_ci90_low,nDCG@3_ci90_high,nDCG@3_ci95_low,nDCG@3_ci95_high,nDCG@5,nDCG@5_std,nDCG@5_stderr,nDCG@5_ci90_low,nDCG@5_ci90_high,nDCG@5_ci95_low,nDCG@5_ci95_high,nDCG@10,nDCG@10_std,nDCG@10_stderr,nDCG@10_ci90_low,nDCG@10_ci90_high,nDCG@10_ci95_low,nDCG@10_ci95_high,nDCG@100,nDCG@100_std,nDCG@100_stderr,nDCG@100_ci90_low,nDCG@100_ci90_high,nDCG@100_ci95_low,nDCG@100_ci95_high,RR@1,RR@3,RR@5,RR@10,RR@100,P@1,P@3,P@5,P@10,P@100,R@1,R@3,R@5,R@10,R@100,AP
0.6704851752021563,0.4701954735287672,0.012205666333780302,0.65039609156586,0.6905742588384527,0.6465429683925413,0.6944273820117713,0.7513547134911229,0.3846551453675065,0.009985150054066392,0.7349203371062835,0.7677890898759624,0.7317681935026273,0.7709412334796185,0.7719787694382192,0.3556101748387454,0.00923118018641123,0.7567853383091625,0.7871722005672759,0.7538712102869257,0.7900863285895127,0.7881160694657506,0.32809421626762914,0.008516901491525794,0.7740982566150231,0.8021338823164782,0.7714096143398327,0.8048225245916686,0.8065666778016459,0.28913375588413487,0.007505538332109282,0.7942134491317883,0.8189199064715036,0.791844077162669,0.8212892784406228,0.6704851752021563,0.7366352201257869,0.7474168912848169,0.7537390899756138,0.7575730969709301,0.6704851752021563,0.2832434860736708,0.1809973045822062,0.09595687331536162,0.01049191374663054,0.6515049415992812,0.809579964061096,0.859220575022462,0.9076257861635221,0.9873090745732254,0.7515116621404135
