nDCG@1,nDCG@1_std,nDCG@1_stderr,nDCG@1_ci90_low,nDCG@1_ci90_high,nDCG@1_ci95_low,nDCG@1_ci95_high,nDCG@3,nDCG@3_std,nDCG@3_stderr,nDCG@3_ci90_low,nDCG@3_ci90_high,nDCG@3_ci95_low,nDCG@3_ci95_high,nDCG@5,nDCG@5_std,nDCG@5_stderr,nDCG@5_ci90_low,nDCG@5_ci90_high,nDCG@5_ci95_low,nDCG@5_ci95_high,nDCG@10,nDCG@10_std,nDCG@10_stderr,nDCG@10_ci90_low,nDCG@10_ci90_high,nDCG@10_ci95_low,nDCG@10_ci95_high,nDCG@100,nDCG@100_std,nDCG@100_stderr,nDCG@100_ci90_low,nDCG@100_ci90_high,nDCG@100_ci95_low,nDCG@100_ci95_high,RR@1,RR@3,RR@5,RR@10,RR@100,P@1,P@3,P@5,P@10,P@100,R@1,R@3,R@5,R@10,R@100,AP
0.644878706199461,0.4787113786658277,0.012426728216518156,0.6244257808416498,0.6653316315572722,0.6205028721572561,0.6692545402416659,0.7263573133412081,0.400602760638752,0.010399129519584178,0.7092415757034005,0.7434730509790157,0.7059587457588069,0.7467558809236093,0.7463352374689415,0.37518428925612596,0.009739298879185435,0.7303055030494978,0.7623649718883851,0.7272309705187004,0.7654395044191825,0.7661387735460293,0.3440463649404426,0.008930998638284705,0.7514394057529248,0.7808381413391339,0.7486200399868124,0.7836575071052463,0.7875074679321269,0.3020538295020489,0.007840926732181765,0.7746022296107312,0.8004127062535226,0.7721269811756295,0.8028879546886243,0.6442048517520216,0.7121518418688239,0.7225292003593903,0.7303469815599207,0.7346409844827316,0.644878706199461,0.2733602875112275,0.17466307277627663,0.09400269541778758,0.010458221024258571,0.6275831087151842,0.7825134770889488,0.8305817610062894,0.8897686433063792,0.9839398023360286,0.7288936558786049
