{
  "nDCG@1": 0.6933962264150944,
  "nDCG@1_std": 0.4612388277780607,
  "nDCG@1_stderr": 0.011973163394773795,
  "nDCG@1_ci90_low": 0.6736898151261863,
  "nDCG@1_ci90_high": 0.7131026377040024,
  "nDCG@1_ci95_low": 0.6699100892126036,
  "nDCG@1_ci95_high": 0.7168823636175851,
  "nDCG@3": 0.7753849259798571,
  "nDCG@3_std": 0.3689311947730608,
  "nDCG@3_stderr": 0.009576976634266533,
  "nDCG@3_ci90_low": 0.7596223547832177,
  "nDCG@3_ci90_high": 0.7911474971764965,
  "nDCG@3_ci95_low": 0.7565990646497085,
  "nDCG@3_ci95_high": 0.7941707873100057,
  "nDCG@5": 0.7919780477328348,
  "nDCG@5_std": 0.34419151808836795,
  "nDCG@5_stderr": 0.008934766626261234,
  "nDCG@5_ci90_low": 0.7772724782770327,
  "nDCG@5_ci90_high": 0.8066836171886368,
  "nDCG@5_ci95_low": 0.7744519230206136,
  "nDCG@5_ci95_high": 0.8095041724450559,
  "nDCG@10": 0.8077987547688324,
  "nDCG@10_std": 0.3158703099774157,
  "nDCG@10_stderr": 0.008199584694845457,
  "nDCG@10_ci90_low": 0.7943032078471735,
  "nDCG@10_ci90_high": 0.8212943016904914,
  "nDCG@10_ci95_low": 0.7917147371373148,
  "nDCG@10_ci95_high": 0.8238827724003501,
  "nDCG@100": 0.8235474660575894,
  "nDCG@100_std": 0.2797276479208846,
  "nDCG@100_stderr": 0.007261367935407404,
  "nDCG@100_ci90_low": 0.8115961129909732,
  "nDCG@100_ci90_high": 0.8354988191242056,
  "nDCG@100_ci95_low": 0.8093038215013659,
  "nDCG@100_ci95_high": 0.837791110613813,
  "RR@1": 0.6933962264150944,
  "RR@3": 0.7606693620844571,
  "RR@5": 0.7689577717879614,
  "RR@10": 0.7751460017969458,
  "RR@100": 0.778426898059155,
  "P@1": 0.6933962264150944,
  "P@3": 0.2913297394429426,
  "P@5": 0.18382749326145137,
  "P@10": 0.09743935309972812,
  "P@100": 0.010498652291104934,
  "R@1": 0.6740790655884995,
  "R@3": 0.8323225516621742,
  "R@5": 0.8715745732255166,
  "R@10": 0.9179582210242587,
  "R@100": 0.9873090745732254,
  "AP": 0.7734918248991184
}