nDCG@1,nDCG@1_std,nDCG@1_stderr,nDCG@1_ci90_low,nDCG@1_ci90_high,nDCG@1_ci95_low,nDCG@1_ci95_high,nDCG@3,nDCG@3_std,nDCG@3_stderr,nDCG@3_ci90_low,nDCG@3_ci90_high,nDCG@3_ci95_low,nDCG@3_ci95_high,nDCG@5,nDCG@5_std,nDCG@5_stderr,nDCG@5_ci90_low,nDCG@5_ci90_high,nDCG@5_ci95_low,nDCG@5_ci95_high,nDCG@10,nDCG@10_std,nDCG@10_stderr,nDCG@10_ci90_low,nDCG@10_ci90_high,nDCG@10_ci95_low,nDCG@10_ci95_high,nDCG@100,nDCG@100_std,nDCG@100_stderr,nDCG@100_ci90_low,nDCG@100_ci90_high,nDCG@100_ci95_low,nDCG@100_ci95_high,RR@1,RR@3,RR@5,RR@10,RR@100,P@1,P@3,P@5,P@10,P@100,R@1,R@3,R@5,R@10,R@100,AP
0.706199460916442,0.4556552305377001,0.011828220432336091,0.6867316086062311,0.725667313226653,0.6829976387433305,0.7294012830895535,0.7831264302625708,0.36440441565819837,0.009459467303459767,0.7675572655306067,0.7986955949945349,0.7645710711125817,0.8016817894125599,0.8019028606485396,0.3345392320708782,0.008684205765682289,0.7876096847439378,0.8161960365531413,0.7848682273287854,0.8189374939682937,0.816627120025928,0.30677270276055224,0.007963422578499533,0.8035202680249115,0.8297339720269444,0.8010063497154108,0.8322478903364451,0.8312757996385277,0.27278646155773817,0.0070811837152716306,0.8196210084939943,0.8429305907830611,0.8173855981262436,0.8451660011508119,0.706199460916442,0.7685309973045826,0.7785377358490575,0.784313363710265,0.787397299403475,0.706199460916442,0.29380053908355347,0.18638814016172076,0.09824797843665528,0.0105323450134769,0.6855345911949686,0.8395664869721472,0.8844901168014376,0.9282345013477089,0.9906783468104222,0.781866949765297
