{
  "nDCG@1": 0.7075471698113207,
  "nDCG@1_std": 0.4550425288921337,
  "nDCG@1_stderr": 0.011812315490096184,
  "nDCG@1_ci90_low": 0.6881054951555,
  "nDCG@1_ci90_high": 0.7269888444671414,
  "nDCG@1_ci95_low": 0.6843765462148367,
  "nDCG@1_ci95_high": 0.7307177934078047,
  "nDCG@3": 0.7832789197406912,
  "nDCG@3_std": 0.3648765065242693,
  "nDCG@3_stderr": 0.009471722171732408,
  "nDCG@3_ci90_low": 0.7676895849445169,
  "nDCG@3_ci90_high": 0.7988682545368655,
  "nDCG@3_ci95_low": 0.7646995218710956,
  "nDCG@3_ci95_high": 0.8018583176102868,
  "nDCG@5": 0.8023160326113196,
  "nDCG@5_std": 0.3345705524935111,
  "nDCG@5_stderr": 0.008685018803343457,
  "nDCG@5_ci90_low": 0.7880215185428577,
  "nDCG@5_ci90_high": 0.8166105466797814,
  "nDCG@5_ci95_low": 0.785279804465417,
  "nDCG@5_ci95_high": 0.8193522607572221,
  "nDCG@10": 0.8171654121096223,
  "nDCG@10_std": 0.30649548112000125,
  "nDCG@10_stderr": 0.007956226263274134,
  "nDCG@10_ci90_low": 0.8040704043926034,
  "nDCG@10_ci90_high": 0.8302604198266413,
  "nDCG@10_ci95_low": 0.8015587578385481,
  "nDCG@10_ci95_high": 0.8327720663806966,
  "nDCG@100": 0.8316872724480472,
  "nDCG@100_std": 0.27279132421956687,
  "nDCG@100_stderr": 0.007081309943683252,
  "nDCG@100_ci90_low": 0.820032273546473,
  "nDCG@100_ci90_high": 0.8433422713496214,
  "nDCG@100_ci95_low": 0.8177968233305398,
  "nDCG@100_ci95_high": 0.8455777215655546,
  "RR@1": 0.7075471698113207,
  "RR@3": 0.7688679245283023,
  "RR@5": 0.7790094339622652,
  "RR@10": 0.7847083172891808,
  "RR@100": 0.7878403778201799,
  "P@1": 0.7075471698113207,
  "P@3": 0.29357592093440704,
  "P@5": 0.18638814016172076,
  "P@10": 0.0983153638813992,
  "P@100": 0.0105323450134769,
  "R@1": 0.6865453728661276,
  "R@3": 0.8388926325247079,
  "R@5": 0.8844901168014376,
  "R@10": 0.9285714285714286,
  "R@100": 0.9906783468104222,
  "AP": 0.7823968369676213
}