nDCG@1,nDCG@1_std,nDCG@1_stderr,nDCG@1_ci90_low,nDCG@1_ci90_high,nDCG@1_ci95_low,nDCG@1_ci95_high,nDCG@3,nDCG@3_std,nDCG@3_stderr,nDCG@3_ci90_low,nDCG@3_ci90_high,nDCG@3_ci95_low,nDCG@3_ci95_high,nDCG@5,nDCG@5_std,nDCG@5_stderr,nDCG@5_ci90_low,nDCG@5_ci90_high,nDCG@5_ci95_low,nDCG@5_ci95_high,nDCG@10,nDCG@10_std,nDCG@10_stderr,nDCG@10_ci90_low,nDCG@10_ci90_high,nDCG@10_ci95_low,nDCG@10_ci95_high,nDCG@100,nDCG@100_std,nDCG@100_stderr,nDCG@100_ci90_low,nDCG@100_ci90_high,nDCG@100_ci95_low,nDCG@100_ci95_high,RR@1,RR@3,RR@5,RR@10,RR@100,P@1,P@3,P@5,P@10,P@100,R@1,R@3,R@5,R@10,R@100,AP
0.6866576819407008,0.4640086134178743,0.0120450634474943,0.6668329316661891,0.7064824322152125,0.6630305081176127,0.7102848557637889,0.7696976538275966,0.37179340119926313,0.009651275811063032,0.7538127949707873,0.7855825126844058,0.7507660498392432,0.78862925781595,0.784282232774406,0.35035540101018914,0.009094773054438033,0.7693133116563442,0.7992511538924678,0.7664422450669567,0.8021222204818553,0.8017940312868779,0.3205345215042084,0.008320661593308454,0.7880992061059964,0.8154888564677594,0.7854725134596646,0.8181155491140911,0.8177982528158503,0.28453408497715865,0.007386136824658757,0.8056415449097001,0.8299549607220005,0.8033098659843447,0.8322866396473558,0.6859838274932615,0.7546046720575029,0.7617138364779884,0.7684817952338172,0.7717842751056778,0.6866576819407008,0.2895327942497711,0.18167115902964542,0.09696765498652062,0.010478436657681754,0.667340521114106,0.827717879604672,0.8624775381850852,0.913578167115903,0.9852875112309074,0.766746630096121
