{
  "nDCG@1": 0.644878706199461,
  "nDCG@1_std": 0.4787113786658277,
  "nDCG@1_stderr": 0.012426728216518156,
  "nDCG@1_ci90_low": 0.6244257808416498,
  "nDCG@1_ci90_high": 0.6653316315572722,
  "nDCG@1_ci95_low": 0.6205028721572561,
  "nDCG@1_ci95_high": 0.6692545402416659,
  "nDCG@3": 0.7263573133412081,
  "nDCG@3_std": 0.400602760638752,
  "nDCG@3_stderr": 0.010399129519584178,
  "nDCG@3_ci90_low": 0.7092415757034005,
  "nDCG@3_ci90_high": 0.7434730509790157,
  "nDCG@3_ci95_low": 0.7059587457588069,
  "nDCG@3_ci95_high": 0.7467558809236093,
  "nDCG@5": 0.7463352374689415,
  "nDCG@5_std": 0.37518428925612596,
  "nDCG@5_stderr": 0.009739298879185435,
  "nDCG@5_ci90_low": 0.7303055030494978,
  "nDCG@5_ci90_high": 0.7623649718883851,
  "nDCG@5_ci95_low": 0.7272309705187004,
  "nDCG@5_ci95_high": 0.7654395044191825,
  "nDCG@10": 0.7661387735460293,
  "nDCG@10_std": 0.3440463649404426,
  "nDCG@10_stderr": 0.008930998638284705,
  "nDCG@10_ci90_low": 0.7514394057529248,
  "nDCG@10_ci90_high": 0.7808381413391339,
  "nDCG@10_ci95_low": 0.7486200399868124,
  "nDCG@10_ci95_high": 0.7836575071052463,
  "nDCG@100": 0.7875074679321269,
  "nDCG@100_std": 0.3020538295020489,
  "nDCG@100_stderr": 0.007840926732181765,
  "nDCG@100_ci90_low": 0.7746022296107312,
  "nDCG@100_ci90_high": 0.8004127062535226,
  "nDCG@100_ci95_low": 0.7721269811756295,
  "nDCG@100_ci95_high": 0.8028879546886243,
  "RR@1": 0.6442048517520216,
  "RR@3": 0.7121518418688239,
  "RR@5": 0.7225292003593903,
  "RR@10": 0.7303469815599207,
  "RR@100": 0.7346409844827316,
  "P@1": 0.644878706199461,
  "P@3": 0.2733602875112275,
  "P@5": 0.17466307277627663,
  "P@10": 0.09400269541778758,
  "P@100": 0.010458221024258571,
  "R@1": 0.6275831087151842,
  "R@3": 0.7825134770889488,
  "R@5": 0.8305817610062894,
  "R@10": 0.8897686433063792,
  "R@100": 0.9839398023360286,
  "AP": 0.7288936558786049
}