nDCG@1,nDCG@1_std,nDCG@1_stderr,nDCG@1_ci90_low,nDCG@1_ci90_high,nDCG@1_ci95_low,nDCG@1_ci95_high,nDCG@3,nDCG@3_std,nDCG@3_stderr,nDCG@3_ci90_low,nDCG@3_ci90_high,nDCG@3_ci95_low,nDCG@3_ci95_high,nDCG@5,nDCG@5_std,nDCG@5_stderr,nDCG@5_ci90_low,nDCG@5_ci90_high,nDCG@5_ci95_low,nDCG@5_ci95_high,nDCG@10,nDCG@10_std,nDCG@10_stderr,nDCG@10_ci90_low,nDCG@10_ci90_high,nDCG@10_ci95_low,nDCG@10_ci95_high,nDCG@100,nDCG@100_std,nDCG@100_stderr,nDCG@100_ci90_low,nDCG@100_ci90_high,nDCG@100_ci95_low,nDCG@100_ci95_high,RR@1,RR@3,RR@5,RR@10,RR@100,P@1,P@3,P@5,P@10,P@100,R@1,R@3,R@5,R@10,R@100,AP
0.6435309973045822,0.4791174579219442,0.012437269508776948,0.6230607222260732,0.6640012723830911,0.619134485833354,0.6679275087758104,0.7251860596398219,0.4012915637226923,0.010417009956733347,0.708040892916578,0.7423312263630657,0.7047524184192951,0.7456197008603486,0.7457444103956865,0.37516213352308225,0.009738723745012232,0.7297156225790903,0.7617731982122827,0.7266412716084594,0.7648475491829136,0.7655439061031866,0.3440632469828699,0.00893143687427059,0.7508438170254645,0.7802439951809086,0.7480243129156364,0.7830634992907367,0.7869213118531705,0.3021021631603398,0.007842181411435398,0.7740140084780716,0.7998286152282694,0.7715383639618731,0.8023042597444678,0.6442048517520216,0.7118149146451042,0.7223607367475304,0.7301758439224758,0.7344859453059995,0.6435309973045822,0.27291105121293463,0.17466307277627663,0.09400269541778758,0.010458221024258571,0.6262353998203054,0.7811657681940701,0.8305817610062894,0.8897686433063792,0.9839398023360286,0.7281118666721815
