{
  "nDCG@1": 0.6704851752021563,
  "nDCG@1_std": 0.4701954735287672,
  "nDCG@1_stderr": 0.012205666333780302,
  "nDCG@1_ci90_low": 0.65039609156586,
  "nDCG@1_ci90_high": 0.6905742588384527,
  "nDCG@1_ci95_low": 0.6465429683925413,
  "nDCG@1_ci95_high": 0.6944273820117713,
  "nDCG@3": 0.7513547134911229,
  "nDCG@3_std": 0.3846551453675065,
  "nDCG@3_stderr": 0.009985150054066392,
  "nDCG@3_ci90_low": 0.7349203371062835,
  "nDCG@3_ci90_high": 0.7677890898759624,
  "nDCG@3_ci95_low": 0.7317681935026273,
  "nDCG@3_ci95_high": 0.7709412334796185,
  "nDCG@5": 0.7719787694382192,
  "nDCG@5_std": 0.3556101748387454,
  "nDCG@5_stderr": 0.00923118018641123,
  "nDCG@5_ci90_low": 0.7567853383091625,
  "nDCG@5_ci90_high": 0.7871722005672759,
  "nDCG@5_ci95_low": 0.7538712102869257,
  "nDCG@5_ci95_high": 0.7900863285895127,
  "nDCG@10": 0.7881160694657506,
  "nDCG@10_std": 0.32809421626762914,
  "nDCG@10_stderr": 0.008516901491525794,
  "nDCG@10_ci90_low": 0.7740982566150231,
  "nDCG@10_ci90_high": 0.8021338823164782,
  "nDCG@10_ci95_low": 0.7714096143398327,
  "nDCG@10_ci95_high": 0.8048225245916686,
  "nDCG@100": 0.8065666778016459,
  "nDCG@100_std": 0.28913375588413487,
  "nDCG@100_stderr": 0.007505538332109282,
  "nDCG@100_ci90_low": 0.7942134491317883,
  "nDCG@100_ci90_high": 0.8189199064715036,
  "nDCG@100_ci95_low": 0.791844077162669,
  "nDCG@100_ci95_high": 0.8212892784406228,
  "RR@1": 0.6704851752021563,
  "RR@3": 0.7366352201257869,
  "RR@5": 0.7474168912848169,
  "RR@10": 0.7537390899756138,
  "RR@100": 0.7575730969709301,
  "P@1": 0.6704851752021563,
  "P@3": 0.2832434860736708,
  "P@5": 0.1809973045822062,
  "P@10": 0.09595687331536162,
  "P@100": 0.01049191374663054,
  "R@1": 0.6515049415992812,
  "R@3": 0.809579964061096,
  "R@5": 0.859220575022462,
  "R@10": 0.9076257861635221,
  "R@100": 0.9873090745732254,
  "AP": 0.7515116621404135
}