nDCG@1,nDCG@1_std,nDCG@1_stderr,nDCG@1_ci90_low,nDCG@1_ci90_high,nDCG@1_ci95_low,nDCG@1_ci95_high,nDCG@3,nDCG@3_std,nDCG@3_stderr,nDCG@3_ci90_low,nDCG@3_ci90_high,nDCG@3_ci95_low,nDCG@3_ci95_high,nDCG@5,nDCG@5_std,nDCG@5_stderr,nDCG@5_ci90_low,nDCG@5_ci90_high,nDCG@5_ci95_low,nDCG@5_ci95_high,nDCG@10,nDCG@10_std,nDCG@10_stderr,nDCG@10_ci90_low,nDCG@10_ci90_high,nDCG@10_ci95_low,nDCG@10_ci95_high,nDCG@100,nDCG@100_std,nDCG@100_stderr,nDCG@100_ci90_low,nDCG@100_ci90_high,nDCG@100_ci95_low,nDCG@100_ci95_high,RR@1,RR@3,RR@5,RR@10,RR@100,P@1,P@3,P@5,P@10,P@100,R@1,R@3,R@5,R@10,R@100,AP
0.7183288409703504,0.44996550068220237,0.011680522404483206,0.699104082150762,0.7375535997899388,0.6954167380662672,0.7412409438744336,0.7982211688502471,0.3523014807320061,0.009145290766922946,0.7831691015504472,0.813273236150047,0.7802820873705458,0.8161602503299483,0.8137212767799034,0.32632199950236884,0.008470897036515712,0.7997791818227399,0.8276633717370668,0.7971050623787352,0.8303374911810715,0.8268493350961337,0.301043764610021,0.00781470675402027,0.8139872517586466,0.8397114184336207,0.8115202805287949,0.8421783896634725,0.8409759201201049,0.26655873580810585,0.006919520009860283,0.8295872083202096,0.8523646319200002,0.827402832459922,0.8545490077802879,0.7183288409703504,0.7830188679245286,0.7909703504043134,0.7960207825268478,0.7990809481500294,0.7183288409703504,0.29941599281221454,0.18800539083557508,0.09865229110511889,0.0105323450134769,0.698674752920036,0.8548966756513925,0.8921271338724168,0.9305929919137467,0.9906783468104222,0.7944753023549674
