nDCG@1,nDCG@1_std,nDCG@1_stderr,nDCG@1_ci90_low,nDCG@1_ci90_high,nDCG@1_ci95_low,nDCG@1_ci95_high,nDCG@3,nDCG@3_std,nDCG@3_stderr,nDCG@3_ci90_low,nDCG@3_ci90_high,nDCG@3_ci95_low,nDCG@3_ci95_high,nDCG@5,nDCG@5_std,nDCG@5_stderr,nDCG@5_ci90_low,nDCG@5_ci90_high,nDCG@5_ci95_low,nDCG@5_ci95_high,nDCG@10,nDCG@10_std,nDCG@10_stderr,nDCG@10_ci90_low,nDCG@10_ci90_high,nDCG@10_ci95_low,nDCG@10_ci95_high,nDCG@100,nDCG@100_std,nDCG@100_stderr,nDCG@100_ci90_low,nDCG@100_ci90_high,nDCG@100_ci95_low,nDCG@100_ci95_high,RR@1,RR@3,RR@5,RR@10,RR@100,P@1,P@3,P@5,P@10,P@100,R@1,R@3,R@5,R@10,R@100,AP
0.7095687331536388,0.454114422020187,0.011788223036130063,0.690166711828451,0.7289707544788265,0.686445368469502,0.7326920978377756,0.7918638661302071,0.3555105373910651,0.009228593727142262,0.7766746920072946,0.8070530402531196,0.7737613804866623,0.8099663517737519,0.8081065301751571,0.3295522901427576,0.008554751203425949,0.7940264211738403,0.8221866391764739,0.7913258303824412,0.824887229967873,0.8213251610154181,0.3039281071282055,0.007889580555133417,0.8083398442540771,0.834310477776759,0.8058492366269773,0.8368010854038589,0.8354259718983066,0.26985285967379163,0.007005031204736223,0.8238965187821466,0.8469554250144665,0.8216851484786599,0.8491667953179532,0.7095687331536388,0.7760557053009887,0.7840408805031456,0.7891458627476154,0.7920419385066839,0.7095687331536388,0.2978436657681895,0.18773584905659943,0.09851752021563102,0.0105323450134769,0.6895777178796046,0.8505166217430368,0.8894317160826594,0.9289083557951483,0.9906783468104222,0.7874665109862884
