nDCG@1,nDCG@1_std,nDCG@1_stderr,nDCG@1_ci90_low,nDCG@1_ci90_high,nDCG@1_ci95_low,nDCG@1_ci95_high,nDCG@3,nDCG@3_std,nDCG@3_stderr,nDCG@3_ci90_low,nDCG@3_ci90_high,nDCG@3_ci95_low,nDCG@3_ci95_high,nDCG@5,nDCG@5_std,nDCG@5_stderr,nDCG@5_ci90_low,nDCG@5_ci90_high,nDCG@5_ci95_low,nDCG@5_ci95_high,nDCG@10,nDCG@10_std,nDCG@10_stderr,nDCG@10_ci90_low,nDCG@10_ci90_high,nDCG@10_ci95_low,nDCG@10_ci95_high,nDCG@100,nDCG@100_std,nDCG@100_stderr,nDCG@100_ci90_low,nDCG@100_ci90_high,nDCG@100_ci95_low,nDCG@100_ci95_high,RR@1,RR@3,RR@5,RR@10,RR@100,P@1,P@3,P@5,P@10,P@100,R@1,R@3,R@5,R@10,R@100,AP
0.6933962264150944,0.4612388277780607,0.011973163394773795,0.6736898151261863,0.7131026377040024,0.6699100892126036,0.7168823636175851,0.7753849259798571,0.3689311947730608,0.009576976634266533,0.7596223547832177,0.7911474971764965,0.7565990646497085,0.7941707873100057,0.7919780477328348,0.34419151808836795,0.008934766626261234,0.7772724782770327,0.8066836171886368,0.7744519230206136,0.8095041724450559,0.8077987547688324,0.3158703099774157,0.008199584694845457,0.7943032078471735,0.8212943016904914,0.7917147371373148,0.8238827724003501,0.8235468268135215,0.2797291228186462,0.007261406221845636,0.8115954107319548,0.8354982428950882,0.8093031071559641,0.837790546471079,0.6933962264150944,0.7606693620844571,0.7689577717879614,0.7751460017969458,0.7784260729050358,0.6933962264150944,0.2913297394429426,0.18382749326145137,0.09743935309972812,0.010498652291104934,0.6740790655884995,0.8323225516621742,0.8715745732255166,0.9179582210242587,0.9873090745732254,0.7734915262047711
