{
  "nDCG@1": 0.7095687331536388,
  "nDCG@1_std": 0.454114422020187,
  "nDCG@1_stderr": 0.011788223036130063,
  "nDCG@1_ci90_low": 0.690166711828451,
  "nDCG@1_ci90_high": 0.7289707544788265,
  "nDCG@1_ci95_low": 0.686445368469502,
  "nDCG@1_ci95_high": 0.7326920978377756,
  "nDCG@3": 0.7918638661302071,
  "nDCG@3_std": 0.3555105373910651,
  "nDCG@3_stderr": 0.009228593727142262,
  "nDCG@3_ci90_low": 0.7766746920072946,
  "nDCG@3_ci90_high": 0.8070530402531196,
  "nDCG@3_ci95_low": 0.7737613804866623,
  "nDCG@3_ci95_high": 0.8099663517737519,
  "nDCG@5": 0.8081065301751571,
  "nDCG@5_std": 0.3295522901427576,
  "nDCG@5_stderr": 0.008554751203425949,
  "nDCG@5_ci90_low": 0.7940264211738403,
  "nDCG@5_ci90_high": 0.8221866391764739,
  "nDCG@5_ci95_low": 0.7913258303824412,
  "nDCG@5_ci95_high": 0.824887229967873,
  "nDCG@10": 0.8213251610154181,
  "nDCG@10_std": 0.3039281071282055,
  "nDCG@10_stderr": 0.007889580555133417,
  "nDCG@10_ci90_low": 0.8083398442540771,
  "nDCG@10_ci90_high": 0.834310477776759,
  "nDCG@10_ci95_low": 0.8058492366269773,
  "nDCG@10_ci95_high": 0.8368010854038589,
  "nDCG@100": 0.8354259718983066,
  "nDCG@100_std": 0.26985285967379163,
  "nDCG@100_stderr": 0.007005031204736223,
  "nDCG@100_ci90_low": 0.8238965187821466,
  "nDCG@100_ci90_high": 0.8469554250144665,
  "nDCG@100_ci95_low": 0.8216851484786599,
  "nDCG@100_ci95_high": 0.8491667953179532,
  "RR@1": 0.7095687331536388,
  "RR@3": 0.7760557053009887,
  "RR@5": 0.7840408805031456,
  "RR@10": 0.7891458627476154,
  "RR@100": 0.7920419385066839,
  "P@1": 0.7095687331536388,
  "P@3": 0.2978436657681895,
  "P@5": 0.18773584905659943,
  "P@10": 0.09851752021563102,
  "P@100": 0.0105323450134769,
  "R@1": 0.6895777178796046,
  "R@3": 0.8505166217430368,
  "R@5": 0.8894317160826594,
  "R@10": 0.9289083557951483,
  "R@100": 0.9906783468104222,
  "AP": 0.7874665109862884
}